Num_Acc,senc,catv,occutc,obs,obsm,choc,manv,num_veh
200700000758,0,07,000,13,2,3,01,B02
200700000758,0,07,000,00,2,2,19,A01
200700000759,0,07,000,00,1,2,01,A01
200700000760,0,07,000,00,2,3,01,A01
200700000760,0,07,000,00,2,1,13,B02
200700000761,0,07,000,00,0,3,01,A01
200700000761,0,02,000,00,2,1,01,B02
200700000762,0,07,000,00,9,8,15,A01
200700000762,0,07,000,00,9,3,19,C03
200700000763,0,07,000,00,2,3,13,A01
200700000763,0,07,000,00,2,3,01,B02
200700000764,0,10,000,00,1,3,13,A01
200700000765,0,07,000,02,0,1,00,A01
200700000766,0,33,000,15,0,1,01,A01
200700000766,0,07,000,00,2,8,01,B02
200700000767,0,07,000,00,0,1,13,A01
200700000767,0,14,000,00,0,3,00,B02
200700000768,0,07,000,00,0,1,00,A01
200700000768,0,07,000,00,0,3,01,B02
200700000769,0,30,000,00,2,1,01,A01
200700000769,0,07,000,00,2,4,23,B02
200700000770,0,07,000,00,0,1,01,A01
200700000771,0,07,000,00,2,3,13,A01
200700000771,0,07,000,00,2,8,01,B02
200700000771,0,07,000,00,2,3,01,C03
200700000772,0,07,000,00,0,1,05,A01
200700000772,0,07,000,00,0,1,00,B02
200700000773,0,07,000,00,1,3,00,A01
200700000774,0,07,000,00,0,0,00,A01
200700000774,0,07,000,00,0,0,00,B02
200700000775,0,07,000,00,9,3,20,A01
200700000775,0,02,000,00,2,1,01,B02
200700000775,0,07,000,00,2,4,00,C03
200700000776,0,07,000,00,2,3,01,A01
200700000776,0,30,000,00,0,4,15,B02
200700000776,0,07,000,00,2,1,01,C03
200700000777,0,07,000,00,2,2,15,A01
200700000777,0,01,000,00,2,1,01,B02
200700000778,0,07,000,00,2,1,13,A01
200700000778,0,07,000,00,2,1,01,B02
200700000779,0,07,000,00,2,0,01,A01
200700000779,0,07,000,00,2,3,01,B02
200700000780,0,07,000,00,2,3,00,A01
200700000780,0,07,000,00,2,8,23,B02
200700000780,0,07,000,00,0,8,00,C03
200700000781,0,07,000,03,0,2,01,A01
200700000782,0,07,000,00,1,2,02,A01
200700000783,0,07,000,03,0,9,01,A01
200700000784,0,07,000,00,1,5,01,A01
200700000785,0,07,000,00,2,2,13,A01
200700000785,0,07,000,00,2,3,01,B02
200700000786,0,07,000,00,2,0,17,A01
200700000786,0,07,000,00,2,1,19,B02
200700000786,0,07,000,00,2,1,01,C03
200700000787,0,07,000,00,0,0,00,A01
200700000788,0,07,000,13,1,1,01,A01
200700000789,0,07,000,01,0,3,01,A01
200700000789,0,10,000,01,0,5,24,B02
200700000790,0,02,000,00,2,1,13,A01
200700000790,0,02,000,00,2,7,14,B02
200700000791,0,07,000,05,0,7,21,A01
200700000792,0,01,000,00,5,5,00,A01
200700000793,0,33,000,06,0,1,14,A01
200700000794,0,07,000,01,0,8,00,A01
200700000795,0,07,000,00,2,3,16,A01
200700000795,0,31,000,00,2,1,01,B02
200700000796,0,10,000,00,2,1,15,A01
200700000796,0,07,000,00,2,7,01,B02
200700000797,0,07,000,00,2,6,01,A01
200700000797,0,07,000,00,2,1,13,B02
200700000798,0,07,000,00,0,3,13,A01
200700000798,0,38,000,00,0,3,01,B02
200700000799,0,07,000,03,0,1,01,A01
200700000800,0,07,000,06,2,1,05,A01
200700000800,0,10,000,00,2,2,01,B02
200700000801,0,07,000,00,2,2,00,A01
200700000801,0,31,000,00,0,6,10,B02
200700000801,0,07,000,14,0,1,01,C03
200700000802,0,07,000,00,2,3,13,A01
200700000802,0,07,000,00,2,3,01,B02
200700000803,0,14,000,00,2,3,01,A01
200700000803,0,07,000,00,0,3,13,B02
200700000804,0,07,000,00,2,7,13,A01
200700000804,0,07,000,00,2,1,01,B02
200700000805,0,07,000,13,0,9,00,A01
200700000806,0,02,000,00,0,1,01,A01
200700000807,0,07,000,00,0,3,13,A01
200700000807,0,07,000,00,0,3,00,B02
200700000808,0,07,000,13,0,3,01,A01
200700000809,0,07,000,13,0,1,01,A01
200700000810,0,30,000,00,2,1,23,A01
200700000810,0,07,000,00,2,1,00,B02
200700000811,0,07,000,13,0,2,00,A01
200700000812,0,07,000,00,2,5,13,A01
200700000812,0,07,000,00,2,1,01,B02
200700000813,0,99,000,13,0,2,00,A01
200700000814,0,10,000,00,2,1,01,A01
200700000814,0,07,000,00,2,1,01,B02
200700000815,0,17,000,00,2,3,15,A01
200700000815,0,07,000,00,2,8,01,B02
200700000816,0,07,000,06,0,7,16,A01
200700000817,0,07,000,02,0,3,21,A01
200700000818,0,07,000,13,0,3,01,A01
200700000819,0,07,000,01,0,6,02,A01
200700000819,0,07,000,01,2,2,02,B02
200700000819,0,07,000,00,9,5,00,C03
200700000820,0,07,000,00,0,1,01,A01
200700000821,0,07,000,00,0,6,01,A01
200700000822,0,07,000,02,0,9,14,A01
200700000823,0,07,000,06,0,1,01,A01
200700000824,0,07,000,00,0,1,01,A01
200700000825,0,07,000,02,0,1,01,A01
200700000826,0,10,000,06,0,1,01,A01
200700000827,0,30,000,00,2,1,13,A01
200700000827,0,07,000,00,9,3,01,B02
200700000828,0,07,000,00,2,3,17,A01
200700000828,0,33,000,00,2,1,01,B02
200700000828,0,07,000,00,2,8,01,C03
200700000828,0,07,000,00,2,3,01,D04
200700000829,0,15,000,00,2,3,01,A01
200700000829,0,07,000,00,2,1,11,B02
200700000830,0,14,000,00,2,3,01,A01
200700000830,0,07,000,00,2,4,15,B02
200700000830,0,07,000,00,2,1,01,C03
200700000831,0,07,000,00,0,1,01,A01
200700000831,0,07,000,00,0,3,00,B02
200700000832,0,07,000,00,2,3,15,A01
200700000832,0,02,000,00,2,1,01,B02
200700000833,0,10,000,00,2,2,19,A01
200700000833,0,31,000,00,2,8,01,B02
200700000834,0,07,000,00,2,1,13,A01
200700000834,0,14,000,00,2,3,21,B02
200700000835,0,07,000,00,1,2,01,A01
200700000836,0,07,000,00,2,9,01,A01
200700000836,0,07,000,00,0,0,09,B02
200700000837,0,01,000,00,2,8,13,A01
200700000837,0,01,000,00,2,7,01,B02
200700000838,0,07,000,00,2,1,13,A01
200700000838,0,17,000,00,2,1,01,B02
200700000839,0,07,000,00,2,7,13,A01
200700000839,0,10,000,00,2,1,01,B02
200700000840,0,02,000,00,0,8,01,A01
200700000841,0,07,000,03,2,1,00,A01
200700000841,0,07,000,03,2,7,13,B02
200700000842,0,02,000,00,0,8,01,A01
200700000843,0,07,000,00,1,2,01,A01
200700000844,0,07,000,00,2,1,01,A01
200700000844,0,07,000,00,2,1,01,B02
200700000844,0,07,000,01,0,8,00,C03
200700000845,0,07,000,04,0,1,01,A01
200700000846,0,07,000,00,2,1,00,A01
200700000846,0,07,000,00,2,1,00,B02
200700000847,0,99,000,00,1,3,01,A01
200700000848,0,07,000,00,1,3,01,A01
200700000849,0,07,000,00,2,8,19,A01
200700000849,0,07,000,00,2,1,01,B02
200700000850,0,07,000,00,1,2,02,A01
200700000851,0,07,000,00,2,5,00,A01
200700000851,0,07,000,00,2,1,00,B02
200700000852,0,07,000,00,1,1,01,A01
200700000853,0,07,000,00,1,2,15,A01
200700000854,0,07,000,13,0,1,01,A01
200700000855,0,07,000,02,2,3,01,A01
200700000855,0,15,000,00,0,0,00,C03
200700000856,0,07,000,00,2,2,01,A01
200700000856,0,21,000,00,2,1,15,B02
200700000857,0,07,000,13,0,2,01,A01
200700000858,0,10,000,00,2,1,01,A01
200700000858,0,07,000,00,2,1,00,B02
200700000859,0,21,000,00,0,0,15,A01
200700000859,0,02,000,00,2,1,01,C03
200700000860,0,07,000,06,0,3,01,A01
200700000861,0,07,000,00,1,7,01,A01
200700000862,0,07,000,00,1,2,01,A01
200700000863,0,07,000,00,1,2,01,A01
200700000864,0,07,000,00,2,5,09,A01
200700000864,0,07,000,00,2,1,01,B02
200700000865,0,07,000,00,2,2,19,A01
200700000865,0,07,000,00,2,1,01,B02
200700000866,0,07,000,00,0,0,14,A01
200700000867,0,07,000,00,2,8,15,A01
200700000867,0,02,000,00,2,2,17,B02
200700000868,0,07,000,00,0,0,00,A01
200700000868,0,07,000,00,2,1,01,B02
200700000869,0,07,000,02,0,8,01,A01
200700000870,0,07,000,05,0,1,17,A01
200700000871,0,07,000,13,0,2,01,A01
200700000872,0,07,000,00,0,1,01,A01
200700000873,0,17,000,00,1,8,01,A01
200700000874,0,30,000,16,0,1,01,A01
200700000875,0,07,000,00,2,2,15,A01
200700000875,0,07,000,00,2,1,01,B02
200700000876,0,07,000,08,0,1,01,A01
200700000877,0,07,000,00,2,3,15,A01
200700000877,0,07,000,00,2,3,15,B02
200700000878,0,07,000,00,2,3,13,A01
200700000878,0,07,000,00,2,3,01,B02
200700000879,0,07,000,00,2,1,11,A01
200700000879,0,02,000,00,2,1,00,B02
200700000880,0,07,000,02,0,3,01,A01
200700000881,0,02,000,00,0,6,02,A01
200700000881,1,07,000,00,0,2,02,B02
200700000882,0,02,000,00,0,7,01,A01
200700000883,0,07,000,00,1,2,01,A01
200700000884,0,07,000,02,0,8,01,A01
200700000884,0,07,000,00,0,0,00,B02
200700000885,0,07,000,00,2,1,02,A01
200700000885,0,07,000,00,0,4,00,B02
200700000886,0,07,000,00,2,3,13,A01
200700000886,0,07,000,00,2,3,14,B02
200700000886,0,07,000,00,2,1,01,C03
200700000887,0,07,000,00,2,1,17,A01
200700000887,0,17,000,06,2,3,01,B02
200700000888,0,07,000,02,0,0,01,A01
200700000889,0,07,000,00,2,1,13,A01
200700000889,0,07,000,00,2,1,01,B02
200700000890,0,10,000,00,2,3,19,A01
200700000890,0,10,000,00,2,2,01,B02
200700000891,0,07,000,00,2,1,00,A01
200700000891,0,14,000,00,2,1,00,B02
200700000892,0,07,000,00,2,2,15,A01
200700000892,0,02,000,00,2,1,01,B02
200700000893,0,07,000,00,2,3,15,A01
200700000893,0,07,000,00,2,1,01,B02
200700000894,0,07,000,00,6,9,01,A01
200700000895,0,07,000,02,0,1,01,A01
200700000896,0,07,000,01,0,2,01,A01
200700000897,0,07,000,00,0,3,01,A01
200700000898,0,07,000,00,2,1,05,A01
200700000898,0,07,000,00,2,1,01,B02
200700000899,0,07,000,00,1,4,04,A01
200700000900,0,07,000,00,1,2,01,A01
200700000901,0,07,000,02,0,3,01,A01
200700000902,0,07,000,00,2,2,01,A01
200700000902,0,07,000,00,2,1,01,B02
200700000903,0,07,000,00,0,3,01,A01
200700000904,0,07,000,02,0,2,14,A01
200700000905,0,07,000,00,9,1,01,A01
200700000905,0,01,000,00,2,7,19,B02
200700000906,0,10,000,00,1,1,01,A01
200700000907,0,10,000,00,0,7,01,A01
200700000908,0,07,000,00,6,2,14,A01
200700000909,0,07,000,02,0,1,00,A01
200700000910,0,07,000,00,2,2,13,A01
200700000910,0,07,000,00,2,2,01,B02
200700000911,0,07,000,00,2,7,15,A01
200700000911,0,07,000,00,2,2,01,B02
200700000911,0,07,000,00,2,3,01,C03
200700000912,0,02,000,00,1,1,14,A01
200700000913,0,07,000,00,2,3,09,A01
200700000913,0,07,000,00,2,2,01,B02
200700000914,0,07,000,02,0,8,01,A01
200700000915,0,07,000,13,0,3,13,A01
200700000916,0,33,000,00,2,3,01,A01
200700000916,0,07,000,00,2,3,00,B02
200700000917,0,07,000,00,2,3,01,A01
200700000917,0,02,000,01,2,1,01,B02
200700000918,0,02,000,00,5,1,01,A01
200700000919,0,31,000,00,2,2,00,A01
200700000919,0,37,000,00,2,8,14,B02
200700000920,0,07,000,00,2,3,01,A01
200700000920,0,14,000,00,2,2,15,B02
200700000921,0,07,000,02,0,1,14,A01
200700000922,0,07,000,15,0,2,01,A01
200700000923,0,07,000,02,0,1,01,A01
200700000924,0,07,000,00,2,1,13,A01
200700000924,0,07,000,00,2,1,01,B02
200700000925,0,02,000,00,2,4,15,A01
200700000925,0,07,000,01,0,3,01,B02
200700000926,0,07,000,00,2,1,01,A01
200700000926,0,07,000,00,2,1,19,B02
200700000927,0,07,000,00,2,3,15,A01
200700000927,0,07,000,00,2,1,01,B02
200700000928,0,07,000,00,0,0,01,A01
200700000929,0,07,000,00,2,1,02,A01
200700000929,0,07,000,00,2,4,02,B02
200700000930,0,07,000,00,0,0,00,A01
200700000930,0,07,000,00,2,2,01,B02
200700000931,0,10,000,00,2,1,06,A01
200700000931,0,02,000,00,2,1,01,B02
200700000932,0,03,000,00,2,1,05,A01
200700000932,0,10,000,00,2,1,01,B02
200700000933,0,30,000,00,2,1,01,A01
200700000933,0,07,000,00,2,1,15,B02
200700000934,0,07,000,00,2,3,19,A01
200700000934,0,07,000,00,2,2,01,B02
200700000935,0,07,000,00,0,2,15,A01
200700000935,0,02,000,00,2,1,01,B02
200700000936,0,07,000,00,2,3,15,A01
200700000936,0,30,000,00,2,1,01,B02
200700000937,0,07,000,02,0,1,01,A01
200700000938,0,07,000,00,2,1,13,A01
200700000938,0,07,000,00,2,3,01,B02
200700000939,0,07,000,00,0,2,15,A01
200700000939,0,07,000,00,2,1,01,B02
200700000940,0,01,000,00,0,8,15,A01
200700000940,0,07,000,00,0,2,01,B02
200700000941,0,07,000,00,0,0,01,A01
200700000942,0,02,000,00,2,9,16,B02
200700000942,0,07,000,00,9,0,16,A01
200700000943,0,33,000,00,0,0,01,A01
200700000944,0,07,000,06,0,8,01,A01
200700000945,0,10,000,00,2,3,19,A01
200700000945,0,07,000,00,2,6,01,B02
200700000946,0,07,000,08,0,3,01,A01
200700000947,0,30,000,00,2,1,01,A01
200700000947,0,07,000,00,2,2,01,B02
200700000948,0,07,000,00,1,1,02,A01
200700000949,0,07,000,00,2,8,14,A01
200700000949,0,07,000,00,2,2,13,B02
200700000950,0,07,000,00,1,1,02,A01
200700000951,0,07,000,00,1,2,01,A01
200700000952,0,07,000,13,0,3,13,A01
200700000953,0,33,000,00,0,8,01,A01
200700000954,0,07,000,00,2,1,01,A01
200700000954,0,07,000,00,2,4,02,B02
200700000955,0,07,000,00,0,4,02,A01
200700000955,0,07,000,00,2,1,02,B02
200700000956,0,07,000,00,0,6,02,A01
200700000956,0,07,000,00,2,2,01,B02
200700000956,0,07,000,00,2,3,01,C03
200700000957,0,07,000,00,0,0,01,A01
200700000958,0,07,000,00,2,1,01,A01
200700000958,0,07,000,00,2,8,13,B02
200700000959,0,07,000,00,2,1,01,A01
200700000959,0,07,000,00,0,7,01,B02
200700000960,0,07,000,00,2,1,01,A01
200700000960,0,07,000,00,2,5,15,B02
200700000961,0,15,000,00,0,2,01,B02
200700000961,0,07,000,00,0,3,15,A01
200700000962,0,07,000,00,1,3,01,A01
200700000963,0,07,000,00,2,1,01,A01
200700000963,0,07,000,00,2,8,01,B02
200700000964,0,07,000,00,2,1,01,A01
200700000964,0,07,000,00,2,1,01,B02
200700000965,0,02,000,00,2,1,05,A01
200700000965,0,07,000,00,2,1,01,B02
200700000966,0,30,000,14,0,1,01,A01
200700000967,0,07,000,08,0,1,13,A01
200700000968,0,07,000,00,2,7,13,A01
200700000968,0,07,000,00,2,1,01,B02
200700000969,0,07,000,00,2,1,17,A01
200700000969,0,07,000,00,2,8,01,B02
200700000969,0,07,000,00,2,1,01,C03
200700000969,0,07,000,00,2,2,01,D04
200700000970,0,07,000,02,0,3,13,A01
200700000971,0,33,000,00,2,1,01,B02
200700000971,0,07,000,00,2,3,15,A01
200700000972,0,07,000,13,0,1,01,A01
200700000973,0,07,000,00,5,5,01,A01
200700000973,0,02,000,00,2,3,02,B02
200700000974,0,07,000,13,0,2,02,A01
200700000975,0,14,000,00,0,4,02,A01
200700000975,0,38,000,00,2,1,02,B02
200700000976,0,30,000,04,0,7,01,A01
200700000977,0,07,000,00,2,3,13,A01
200700000977,0,07,000,00,2,3,01,B02
200700000978,0,02,000,06,0,1,01,A01
200700000979,0,07,000,14,0,2,02,A01
200700000979,0,07,000,00,0,9,02,B02
200700000980,0,07,000,00,2,1,13,A01
200700000980,0,07,000,00,2,1,01,B02
200700000981,0,07,000,02,0,1,01,A01
200700000982,0,07,000,00,1,2,00,A01
200700000983,0,07,000,00,2,3,01,A01
200700000983,0,02,000,00,0,7,01,B02
200700000984,0,07,000,00,2,1,13,A01
200700000984,0,07,000,00,2,1,01,B02
200700000985,0,07,000,00,2,5,13,A01
200700000985,0,07,000,00,2,1,01,B02
200700000986,0,33,000,00,2,1,01,A01
200700000986,0,07,000,00,2,3,15,B02
200700000987,0,07,000,00,2,1,01,B02
200700000987,0,10,000,00,2,2,19,A01
200700000988,0,07,000,02,0,3,01,A01
200700000989,0,07,000,00,2,2,13,A01
200700000989,0,10,000,00,2,2,01,B02
200700000990,0,07,000,00,2,8,19,A01
200700000990,0,07,000,00,2,1,01,B02
200700000991,0,02,000,00,2,8,13,A01
200700000991,0,07,000,00,2,1,01,B02
200700000992,0,10,000,00,1,2,01,A01
200700000993,0,07,000,00,2,3,13,A01
200700000993,0,07,000,00,2,3,01,B02
200700000994,0,07,000,00,2,1,13,A01
200700000994,0,07,000,00,2,3,01,B02
200700000994,0,07,000,00,2,8,01,C03
200700000995,0,33,000,00,0,0,01,A01
200700000996,0,07,000,00,0,1,13,A01
200700000996,0,07,000,00,0,1,01,B02
200700000997,0,07,000,00,2,3,01,A01
200700000997,0,07,000,00,2,1,01,B02
200700000998,0,07,000,00,0,2,01,A01
200700000999,0,31,000,00,2,1,01,A01
200700000999,0,07,000,00,2,3,15,B02
200700001000,0,07,000,00,2,7,15,A01
200700001000,0,07,000,00,2,1,01,B02
200700001001,0,10,000,00,2,1,09,A01
200700001001,0,07,000,00,2,2,01,B02
200700001002,0,14,000,00,2,1,01,B02
200700001002,0,07,000,00,2,3,15,A01
200700001003,0,07,000,00,1,3,01,A01
200700001004,0,07,000,00,2,3,13,A01
200700001004,0,07,000,00,2,8,01,B02
200700001004,0,17,000,00,2,3,01,C03
200700001005,0,07,000,00,0,7,01,A01
200700001006,0,03,000,00,0,3,01,A01
200700001007,0,07,000,00,0,0,00,A01
200700001007,0,30,000,00,2,8,01,B02
200700001008,0,07,000,00,1,6,01,A01
200700001008,0,02,000,00,0,0,01,B02
200700001009,0,10,000,00,5,1,01,A01
200700001010,0,07,000,00,0,2,13,A01
200700001010,0,07,000,00,0,1,01,B02
200700001011,0,07,000,02,0,1,01,A01
200700001012,0,07,000,00,2,6,16,A01
200700001012,0,07,000,00,2,2,02,B02
200700001013,0,10,000,00,0,1,00,A01
200700001014,0,07,000,00,0,3,13,A01
200700001014,0,32,000,00,0,1,01,B02
200700001015,0,07,000,02,0,9,01,A01
200700001016,0,07,000,13,0,1,19,A01
200700001017,0,07,000,00,2,7,11,A01
200700001017,0,32,000,00,2,1,01,B02
200700001018,0,07,000,08,0,3,01,A01
200700001019,0,07,000,00,2,1,06,A01
200700001019,0,07,000,00,2,1,01,B02
200700001020,0,30,000,00,0,0,01,A01
200700001021,0,07,000,00,6,2,05,A01
200700001021,0,07,000,00,2,3,01,B02
200700001021,0,07,000,00,2,8,14,C03
200700001022,0,07,000,00,2,3,13,A01
200700001022,0,07,000,00,0,0,00,B02
200700001023,0,07,000,00,2,1,13,A01
200700001023,0,07,000,13,2,3,01,B02
200700001024,0,07,000,08,0,3,01,A01
200700001025,0,07,000,00,2,1,13,A01
200700001025,0,07,000,00,2,3,01,B02
200700001026,0,07,000,03,1,1,00,A01
200700001026,0,07,000,01,0,1,00,B02
200700001026,0,07,000,01,0,3,00,C03
200700001026,0,07,000,11,0,1,01,D04
200700001027,0,07,000,16,0,1,14,A01
200700001028,0,36,000,12,0,2,14,A01
200700001029,0,07,000,00,0,0,01,A01
200700001030,0,07,000,00,2,3,13,A01
200700001030,0,07,000,00,2,3,01,B02
200700001031,0,07,000,00,1,2,01,A01
200700001032,0,07,000,02,0,8,14,A01
200700001033,0,14,000,00,2,1,13,A01
200700001033,0,10,000,00,2,1,01,B02
200700001033,0,10,000,00,9,1,01,C03
200700001033,0,07,000,00,9,1,01,D04
200700001034,0,07,000,00,1,1,01,A01
200700001035,0,07,000,13,0,3,01,A01
200700001036,0,07,000,00,2,1,01,A01
200700001036,0,14,000,00,2,1,01,B02
200700001037,0,07,000,00,2,2,01,A01
200700001037,0,03,000,00,2,2,15,B02
200700001038,0,14,000,00,2,1,13,A01
200700001038,0,07,000,00,2,1,01,B02
200700001039,0,17,000,00,2,2,01,A01
200700001039,0,07,000,00,2,6,14,B02
200700001040,0,07,000,00,1,2,01,A01
200700001041,0,07,000,02,0,3,01,A01
200700001042,0,07,000,00,2,5,13,A01
200700001042,0,07,000,00,2,2,01,B02
200700001043,0,02,000,01,0,1,01,A01
200700001043,0,07,000,00,2,8,24,B02
200700001044,0,07,000,08,0,1,01,A01
200700001045,0,10,000,00,1,3,01,A01
200700001046,0,30,000,00,2,8,19,A01
200700001046,0,07,000,00,2,2,01,B02
200700001047,0,07,000,00,2,1,01,A01
200700001047,0,07,000,00,2,1,01,B02
200700001048,0,07,000,02,0,9,13,A01
200700001049,0,07,000,00,2,2,15,A01
200700001049,0,07,000,00,2,1,01,B02
200700001050,0,07,000,00,0,4,01,A01
200700001050,0,17,000,00,2,1,01,B02
200700001051,0,07,000,00,2,1,17,A01
200700001051,0,07,000,00,2,1,01,B02
200700001052,0,10,000,08,0,1,01,A01
200700001053,0,07,000,00,2,1,13,A01
200700001053,0,17,000,00,2,3,01,B02
200700001054,0,07,000,00,1,2,01,A01
200700001055,0,07,000,00,1,1,01,A01
200700001056,0,07,000,00,2,1,14,A01
200700001056,0,07,000,00,0,5,23,B02
200700001056,0,07,000,00,2,8,23,C03
200700001057,0,07,000,03,2,1,21,A01
200700001057,0,07,000,00,0,6,01,B02
200700001058,0,07,000,00,2,8,02,A01
200700001058,0,07,000,03,2,7,14,B02
200700001059,0,07,000,00,9,9,00,A01
200700001059,0,07,000,00,2,7,02,B02
200700001060,0,07,000,00,2,1,02,A01
200700001060,0,17,000,00,0,4,02,B02
200700001061,0,07,000,03,0,2,02,A01
200700001061,0,14,000,00,2,3,01,B02
200700001062,0,07,000,00,2,1,19,A01
200700001062,0,07,000,00,2,3,01,B02
200700001063,0,07,000,00,2,5,17,A01
200700001063,0,13,000,00,2,5,01,B02
200700001064,0,07,000,00,1,1,01,A01
200700001065,0,07,000,08,0,9,01,A01
200700001066,0,07,000,00,2,7,20,A01
200700001066,0,10,000,00,2,1,14,B02
200700001067,0,07,000,00,2,1,21,A01
200700001067,0,07,000,00,2,3,15,B02
200700001068,0,07,000,00,1,0,01,A01
200700001069,0,07,000,08,0,1,01,A01
200700001070,0,07,000,00,2,4,09,A01
200700001070,0,15,000,00,2,3,01,B02
200700001070,0,10,000,00,2,1,01,C03
200700001071,0,33,000,08,2,1,17,A01
200700001071,0,07,000,00,2,3,15,B02
200700001072,0,07,000,00,0,3,19,A01
200700001072,0,32,000,00,0,1,01,B02
200700001073,0,07,000,00,2,3,13,A01
200700001073,0,07,000,00,2,8,01,B02
200700001073,0,07,000,00,2,1,01,C03
200700001073,0,07,000,00,2,1,02,D04
200700001074,0,10,000,00,2,1,13,A01
200700001074,0,07,000,00,2,1,01,B02
200700001075,0,33,000,00,2,1,17,A01
200700001075,0,07,000,00,2,8,15,B02
200700001076,0,99,000,00,2,3,13,A01
200700001076,0,16,000,00,2,3,01,B02
200700001076,0,17,000,00,2,3,01,C03
200700001077,0,07,000,08,0,1,00,A01
200700001078,0,07,000,00,2,3,13,A01
200700001078,0,10,000,00,2,8,01,B02
200700001079,0,07,000,08,0,1,21,A01
200700001080,0,07,000,00,2,1,01,B02
200700001080,0,07,000,00,0,6,15,A01
200700001081,0,01,000,00,2,1,01,B02
200700001081,0,07,000,00,0,3,19,A01
200700001082,0,07,000,00,0,2,00,A01
200700001082,0,10,000,00,0,3,01,B02
200700001083,0,10,000,00,2,1,01,A01
200700001083,0,07,000,00,9,1,01,B02
200700001083,0,07,000,13,2,1,14,C03
200700001084,0,07,000,13,0,2,01,A01
200700001085,0,07,000,02,0,2,13,A01
200700001086,0,07,000,00,2,1,13,A01
200700001086,0,07,000,08,2,3,01,B02
200700001087,0,07,000,00,2,3,13,A01
200700001087,0,38,000,00,2,3,00,B02
200700001088,0,03,000,10,0,2,01,A01
200700001089,0,10,000,00,2,2,15,A01
200700001089,0,07,000,00,2,7,01,B02
200700001090,0,07,000,13,0,2,01,A01
200700001091,0,07,000,00,2,3,01,A01
200700001091,0,31,000,00,2,1,13,B02
200700001092,0,33,000,16,0,7,21,A01
200700001092,0,07,000,00,0,0,12,B02
200700001093,0,07,000,15,0,8,01,A01
200700001094,0,07,000,13,0,0,01,A01
200700001095,0,07,000,00,2,1,01,A01
200700001095,0,20,000,00,2,6,01,B02
200700001095,0,07,000,00,0,0,00,C03
200700001096,0,07,000,00,2,1,00,A01
200700001096,0,07,000,00,2,1,01,B02
200700001096,0,07,000,00,2,1,01,C03
200700001097,0,07,000,00,2,1,02,A01
200700001097,0,10,000,00,2,4,01,B02
200700001098,0,07,000,00,2,3,01,A01
200700001098,0,07,000,00,2,3,00,B02
200700001099,0,07,000,00,1,3,19,A01
200700001100,0,07,000,00,2,7,01,A01
200700001100,0,07,000,00,2,1,01,B02
200700001101,0,07,000,06,0,2,01,A01
200700001102,0,10,000,13,0,1,01,A01
200700001102,0,07,000,00,2,1,01,B02
200700001103,0,07,000,00,2,3,13,A01
200700001103,0,07,000,00,2,8,01,B02
200700001103,0,07,000,00,2,1,01,C03
200700001104,0,33,000,00,2,1,01,B02
200700001104,0,07,000,00,2,6,15,A01
200700001105,0,10,000,00,2,2,15,A01
200700001105,0,30,000,00,2,1,02,B02
200700001106,0,10,000,00,2,3,09,A01
200700001106,0,33,000,00,2,1,01,B02
200700001107,0,07,000,00,2,8,01,A01
200700001107,0,07,000,00,2,8,01,B02
200700001108,0,07,000,00,0,6,09,A01
200700001108,0,05,000,00,2,2,02,B02
200700001109,0,07,000,00,1,3,01,A01
200700001110,0,07,000,00,2,1,02,A01
200700001110,0,33,000,00,0,4,02,B02
200700001111,0,07,000,00,2,1,01,A01
200700001111,0,07,000,00,2,4,01,B02
200700001112,0,30,000,00,9,1,09,A01
200700001112,0,01,000,00,0,4,01,B02
200700001113,0,07,000,00,2,2,15,A01
200700001113,0,33,000,00,2,7,01,B02
200700001114,0,07,000,00,1,3,00,A01
200700001115,0,33,000,00,2,1,03,A01
200700001116,0,14,000,13,0,8,01,A01
200700001117,0,07,000,00,1,1,19,A01
200700001118,0,10,000,00,2,1,19,A01
200700001118,0,07,000,00,2,7,01,B02
200700001118,0,07,000,00,2,3,17,C03
200700001118,0,07,000,00,0,8,01,D04
200700001119,0,14,000,00,2,8,00,A01
200700001119,0,07,000,00,2,1,00,B02
200700001120,0,01,000,00,2,1,01,A01
200700001120,0,07,000,00,2,3,15,B02
200700001121,0,07,000,13,0,4,17,A01
200700001122,0,07,000,00,2,1,01,A01
200700001122,0,07,000,00,2,1,01,B02
200700001122,0,07,000,00,2,8,06,C03
200700001123,0,07,000,15,0,1,01,A01
200700001124,0,07,000,00,2,7,15,A01
200700001124,0,30,000,00,2,1,01,B02
200700001125,0,07,000,00,2,8,15,A01
200700001125,0,07,000,00,2,3,01,B02
200700001126,0,31,000,00,2,1,01,A01
200700001126,0,07,000,00,2,5,15,B02
200700001127,0,07,000,00,0,0,01,A01
200700001128,0,07,000,02,0,1,01,A01
200700001129,0,01,000,00,2,4,19,B02
200700001129,0,07,000,00,2,8,01,A01
200700001130,0,07,000,00,2,3,19,A01
200700001130,0,07,000,00,2,2,01,B02
200700001131,0,07,000,00,2,1,13,A01
200700001131,0,07,000,00,2,3,01,B02
200700001131,0,07,000,00,2,3,01,C03
200700001132,0,10,000,00,0,9,01,A01
200700001133,0,07,000,13,0,3,13,A01
200700001134,0,07,000,00,2,1,19,A01