Num_Acc,senc,catv,occutc,obs,obsm,choc,manv,num_veh
200700001134,0,31,000,00,2,1,01,B02
200700001134,0,07,000,00,0,8,23,C03
200700001135,0,07,000,00,2,8,01,A01
200700001135,0,02,000,00,2,1,15,B02
200700001136,0,33,000,02,0,8,01,A01
200700001137,0,15,000,02,0,2,01,A01
200700001138,0,07,000,00,2,2,15,A01
200700001138,0,07,000,00,2,1,01,B02
200700001139,0,07,000,00,2,3,01,A01
200700001139,0,07,000,00,2,1,13,B02
200700001140,0,07,000,00,2,3,19,A01
200700001140,0,14,000,00,2,6,14,B02
200700001140,0,14,000,00,2,3,01,C03
200700001141,0,07,000,06,2,2,19,A01
200700001141,0,01,000,00,2,1,01,B02
200700001142,0,07,000,00,2,3,01,A01
200700001142,0,07,000,00,2,0,01,B02
200700001143,0,02,000,09,0,7,05,A01
200700001144,0,07,000,00,2,1,15,A01
200700001144,0,07,000,00,0,3,01,B02
200700001145,0,07,000,00,0,3,01,A01
200700001145,0,10,000,00,0,3,01,B02
200700001146,0,07,000,00,2,1,01,A01
200700001146,0,07,000,00,2,1,01,B02
200700001147,0,32,000,00,1,1,01,A01
200700001147,0,10,000,00,0,0,23,B02
200700001148,0,07,000,00,2,2,15,A01
200700001148,0,02,000,00,2,1,01,B02
200700001149,0,30,000,00,2,1,01,B02
200700001149,0,33,000,00,2,3,15,A01
200700001150,0,10,000,00,1,1,01,A01
200700001150,0,14,000,00,1,4,23,B02
200700001151,0,07,000,02,0,1,01,A01
200700001152,0,38,000,00,2,6,01,A01
200700001152,0,38,000,00,2,2,01,B02
200700001152,0,07,000,00,2,1,19,C03
200700001153,0,07,000,00,2,3,01,B02
200700001153,0,07,000,00,2,2,19,A01
200700001154,0,07,000,00,2,3,01,A01
200700001154,0,07,000,00,2,3,13,B02
200700001155,0,07,000,00,2,1,00,A01
200700001155,0,01,000,00,0,7,01,B02
200700001156,0,07,000,08,0,1,01,A01
200700001157,0,07,000,06,0,1,01,A01
200700001158,0,33,000,00,2,2,01,A01
200700001158,0,07,000,00,2,3,16,B02
200700001159,0,07,000,13,0,1,01,A01
200700001160,0,30,000,00,2,1,16,A01
200700001160,0,07,000,00,2,1,01,B02
200700001161,0,07,000,00,2,3,01,A01
200700001161,0,07,000,00,2,3,01,B02
200700001162,0,07,000,00,0,0,00,A01
200700001163,0,07,000,00,2,2,01,A01
200700001163,0,02,000,00,2,8,15,B02
200700001164,0,07,000,00,1,1,02,A01
200700001165,0,07,000,06,0,3,01,A01
200700001166,0,07,000,00,1,8,01,A01
200700001167,0,07,000,00,0,8,15,A01
200700001167,0,33,000,00,2,1,17,B02
200700001168,0,07,000,00,2,1,01,A01
200700001168,0,07,000,00,2,8,01,B02
200700001169,0,30,000,00,2,7,01,A01
200700001169,0,99,000,00,9,7,01,B02
200700001170,1,07,000,00,2,1,02,A01
200700001170,0,01,000,00,2,4,02,B02
200700001171,0,07,000,13,0,3,01,B02
200700001172,0,07,000,00,2,6,01,A01
200700001172,0,33,000,00,2,1,01,B02
200700001173,0,07,000,00,2,9,13,A01
200700001173,0,07,000,00,2,1,01,B02
200700001173,0,07,000,00,0,9,21,C03
200700001174,0,07,000,08,0,8,01,A01
200700001175,0,14,000,00,1,2,01,A01
200700001176,0,07,000,08,0,3,13,A01
200700001177,0,07,000,00,1,6,04,A01
200700001178,0,07,000,00,2,3,19,B02
200700001178,0,07,000,00,2,1,01,A01
200700001179,0,07,000,00,2,3,19,A01
200700001179,0,33,000,00,0,8,01,B02
200700001180,0,07,000,00,1,1,17,A01
200700001181,0,07,000,00,2,1,05,A01
200700001181,0,07,000,00,2,1,01,B02
200700001182,0,07,000,00,2,8,10,A01
200700001182,0,31,000,00,2,1,01,B02
200700001183,0,07,000,13,0,1,01,A01
200700001184,0,10,000,00,9,1,14,A01
200700001185,0,33,000,00,2,3,01,A01
200700001185,0,07,000,00,0,2,15,B02
200700001186,0,07,000,00,0,9,01,A01
200700001187,0,30,000,00,2,8,02,A01
200700001187,0,17,000,00,2,7,01,B02
200700001188,0,07,000,00,1,1,00,A01
200700001189,0,07,000,00,2,3,01,A01
200700001189,0,07,000,00,2,3,13,B02
200700001190,0,07,000,00,2,8,09,A01
200700001190,0,33,000,00,2,1,01,B02
200700001191,0,07,000,00,1,2,01,A01
200700001192,0,07,000,00,2,1,15,A01
200700001192,0,02,000,00,2,1,01,B02
200700001193,0,02,000,14,0,1,01,A01
200700001194,0,33,000,00,2,8,17,A01
200700001195,0,33,000,00,2,1,01,A01
200700001195,0,07,000,00,2,5,15,B02
200700001196,0,07,000,00,2,8,11,A01
200700001196,0,07,000,00,0,1,01,B02
200700001197,0,07,000,00,9,1,01,A01
200700001198,0,07,000,00,2,1,01,A01
200700001198,0,10,000,00,2,8,19,B02
200700001199,0,07,000,00,2,8,19,A01
200700001199,0,10,000,00,2,1,01,B02
200700001200,0,07,000,13,0,3,01,A01
200700001201,0,17,000,13,0,1,01,A01
200700001202,0,07,000,00,1,1,01,A01
200700001203,0,07,000,13,0,3,01,A01
200700001204,0,07,000,00,0,1,01,A01
200700001205,0,17,000,00,1,2,01,A01
200700001206,0,07,000,00,2,3,01,A01
200700001206,0,07,000,00,2,3,01,B02
200700001207,0,07,000,00,0,3,01,A01
200700001207,0,07,000,00,0,3,01,B02
200700001208,0,33,000,10,0,1,01,A01
200700001209,0,07,000,00,1,1,01,A01
200700001210,0,07,000,00,2,3,15,A01
200700001210,0,01,000,00,2,3,01,B02
200700001211,0,07,000,00,2,1,21,A01
200700001211,0,10,000,00,2,1,01,B02
200700001212,0,07,000,16,0,1,13,A01
200700001213,0,07,000,00,0,2,12,A01
200700001213,0,01,000,00,0,6,01,B02
200700001214,0,07,000,00,0,1,01,A01
200700001214,2,07,000,14,0,1,01,B02
200700001215,0,07,000,00,6,0,21,A01
200700001216,0,07,000,00,2,1,01,A01
200700001216,0,07,000,00,2,4,23,B02
200700001216,0,07,000,00,2,4,15,C03
200700001217,0,07,000,00,2,1,01,A01
200700001217,0,07,000,00,2,7,15,B02
200700001218,0,07,000,13,0,1,14,A01
200700001219,0,07,000,00,2,4,01,A01
200700001219,0,07,000,00,2,1,02,B02
200700001220,0,33,000,00,2,1,02,A01
200700001220,0,07,000,00,0,5,02,B02
200700001221,0,03,000,00,2,2,15,A01
200700001221,0,02,000,00,2,7,21,B02
200700001222,0,07,000,00,1,2,00,A01
200700001223,0,10,000,00,2,8,15,A01
200700001223,0,33,000,00,2,7,21,B02
200700001224,0,07,000,02,0,1,17,A01
200700001225,0,07,000,00,2,8,01,A01
200700001225,0,10,000,00,2,8,01,B02
200700001226,0,15,000,03,2,8,13,A01
200700001226,0,07,000,00,2,8,01,B02
200700001227,0,17,000,00,2,8,13,A01
200700001227,0,07,000,00,2,3,01,B02
200700001228,0,07,000,00,2,1,15,A01
200700001228,0,30,000,00,2,1,16,B02
200700001229,0,07,000,06,0,2,01,A01
200700001230,0,07,000,00,1,2,01,A01
200700001231,0,31,000,00,2,1,02,A01
200700001231,0,07,000,00,2,3,11,B02
200700001232,0,07,000,02,0,1,01,A01
200700001233,0,07,000,02,0,1,01,A01
200700001233,0,07,000,13,2,3,21,B02
200700001234,0,10,000,00,2,2,10,A01
200700001234,0,33,000,00,2,1,17,B02
200700001235,0,07,000,00,2,6,06,A01
200700001235,0,02,000,00,2,1,01,B02
200700001236,0,02,000,00,2,6,15,A01
200700001236,0,07,000,00,2,2,17,B02
200700001237,0,14,000,00,2,3,05,A01
200700001237,0,33,000,13,2,1,01,B02
200700001238,0,07,000,02,0,9,01,A01
200700001239,0,10,000,00,9,1,17,A01
200700001239,0,30,000,00,2,1,01,B02
200700001240,0,07,000,13,0,1,01,A01
200700001241,0,33,000,06,0,1,01,A01
200700001242,0,07,000,00,2,2,15,A01
200700001242,0,02,000,00,2,1,01,B02
200700001243,0,07,000,00,2,1,01,A01
200700001243,0,02,000,00,2,1,00,B02
200700001244,0,07,000,00,1,3,01,A01
200700001245,0,30,000,00,0,0,00,A01
200700001245,0,07,000,00,2,7,17,B02
200700001246,0,10,000,00,1,7,01,A01
200700001247,0,07,000,00,2,2,01,A01
200700001247,0,02,000,00,2,4,01,B02
200700001248,0,10,000,00,2,1,13,A01
200700001248,0,07,000,00,2,3,01,B02
200700001249,0,21,000,03,0,1,14,A01
200700001250,0,07,000,00,1,2,02,A01
200700001251,0,07,000,00,2,3,01,A01
200700001251,0,07,000,00,2,3,01,B02
200700001252,0,07,000,08,5,2,01,A01
200700001253,0,07,000,00,2,3,19,A01
200700001253,0,07,000,00,2,1,01,B02
200700001254,0,07,000,02,1,3,13,A01
200700001255,0,07,000,00,2,3,15,A01
200700001255,0,07,000,00,2,2,01,B02
200700001256,0,33,000,16,0,7,15,A01
200700001257,0,07,000,16,0,1,01,A01
200700001258,0,07,000,00,0,0,20,A01
200700001259,0,07,000,00,2,1,01,A01
200700001259,0,07,000,00,2,1,17,B02
200700001260,0,07,000,00,0,0,00,A01
200700001261,0,07,000,00,2,2,15,A01
200700001261,0,14,000,00,2,1,01,B02
200700001262,0,10,000,06,2,3,01,A01
200700001262,0,36,000,00,2,1,19,B02
200700001263,0,07,000,00,2,3,13,A01
200700001263,0,07,000,00,2,3,01,B02
200700001264,2,07,000,00,2,3,13,A01
200700001264,0,33,000,00,2,1,17,B02
200700001265,0,07,000,00,2,7,19,B02
200700001265,0,07,000,00,2,1,23,C03
200700001265,0,07,000,00,2,1,01,A01
200700001266,0,33,000,00,0,7,01,A01
200700001267,0,07,000,00,0,3,15,A01
200700001267,0,33,000,00,2,1,17,B02
200700001268,0,07,000,02,0,1,00,A01
200700001268,0,07,000,02,0,8,11,B02
200700001269,0,07,000,06,0,1,00,A01
200700001270,0,07,000,00,0,4,23,A01
200700001270,0,07,000,01,0,1,02,B02
200700001271,0,07,000,00,2,9,01,A01
200700001271,1,07,000,00,2,1,15,B02
200700001272,0,07,000,13,0,1,01,A01
200700001273,0,07,000,00,2,7,19,A01
200700001273,0,07,000,00,2,1,01,B02
200700001274,0,07,000,00,2,1,02,A01
200700001274,0,10,000,00,0,4,02,B02
200700001275,0,07,000,00,0,6,13,A01
200700001275,0,07,000,00,2,1,01,B02
200700001276,0,07,000,00,0,8,16,A01
200700001277,0,07,000,00,1,2,01,A01
200700001278,0,07,000,00,2,3,15,A01
200700001278,0,02,000,00,0,0,01,B02
200700001279,0,07,000,00,1,3,01,A01
200700001280,0,07,000,06,2,7,17,A01
200700001281,1,07,000,00,0,5,02,A01
200700001281,0,01,000,00,2,4,02,B02
200700001282,0,07,000,00,2,3,15,A01
200700001282,0,33,000,00,2,8,01,B02
200700001283,0,07,000,15,0,1,01,A01
200700001284,0,07,000,06,0,3,01,A01
200700001285,0,07,000,02,0,1,00,A01
200700001286,0,07,000,02,0,6,01,A01
200700001287,0,99,000,00,2,3,01,A01
200700001287,0,07,000,00,9,3,11,B02
200700001288,0,32,000,00,0,8,01,A01
200700001289,0,07,000,00,2,3,15,A01
200700001289,0,33,000,00,2,1,17,B02
200700001290,0,07,000,00,2,2,01,B02
200700001290,0,07,000,00,2,3,01,A01
200700001291,0,07,000,00,0,3,00,A01
200700001291,0,10,000,00,0,0,00,B02
200700001292,0,07,000,00,9,2,01,A01
200700001292,0,02,000,00,0,4,16,B02
200700001293,0,07,000,00,0,9,13,A01
200700001294,0,30,000,00,2,4,02,A01
200700001294,0,07,000,00,0,4,02,B02
200700001295,0,07,000,00,0,8,15,A01
200700001295,0,10,000,00,2,1,01,B02
200700001296,0,07,000,00,0,3,13,A01
200700001296,0,07,000,00,2,3,01,B02
200700001297,0,07,000,00,1,1,00,A01
200700001298,0,07,000,00,2,3,17,A01
200700001298,0,07,000,00,2,3,01,B02
200700001299,0,07,000,02,0,1,00,A01
200700001300,0,07,000,00,0,1,13,A01
200700001300,0,07,000,00,0,1,01,B02
200700001301,0,07,000,00,2,7,13,A01
200700001301,0,10,000,00,2,1,01,B02
200700001302,0,07,000,00,2,1,01,A01
200700001302,0,02,000,00,2,7,15,B02
200700001303,0,07,000,00,2,3,17,A01
200700001303,0,07,000,00,2,3,01,B02
200700001304,0,07,000,00,2,3,01,A01
200700001304,0,07,000,00,2,3,01,B02
200700001305,0,14,000,00,0,3,01,A01
200700001305,0,07,000,00,2,3,01,B02
200700001306,0,07,000,00,2,1,01,A01
200700001306,0,07,000,00,0,3,01,B02
200700001307,0,07,000,06,0,1,01,A01
200700001308,0,07,000,13,0,2,17,A01
200700001309,0,07,000,00,2,1,01,A01
200700001309,0,07,000,00,2,3,01,B02
200700001310,0,07,000,00,2,1,13,A01
200700001310,0,17,000,00,2,1,01,B02
200700001311,0,07,000,00,2,3,00,A01
200700001311,0,10,000,00,2,3,01,B02
200700001312,0,38,000,00,0,3,01,A01
200700001312,0,07,000,00,0,1,13,B02
200700001313,0,07,000,00,5,3,13,A01
200700001313,0,07,000,00,5,3,01,B02
200700001314,0,30,000,00,2,1,01,B02
200700001314,0,07,000,00,2,8,15,A01
200700001315,0,07,000,00,1,2,01,A01
200700001316,0,07,000,00,2,5,04,A01
200700001316,0,33,000,00,2,1,01,B02
200700001317,0,07,000,00,2,1,13,A01
200700001317,0,07,000,00,2,5,01,B02
200700001318,0,07,000,00,2,2,15,A01
200700001318,0,33,000,00,2,1,01,B02
200700001319,0,07,000,00,2,0,17,A01
200700001319,0,07,000,00,2,0,01,B02
200700001319,0,07,000,00,2,0,02,C03
200700001320,0,30,000,06,0,1,15,A01
200700001321,0,07,000,02,0,4,14,A01
200700001322,0,02,000,13,0,0,00,A01
200700001323,0,14,000,00,9,6,01,A01
200700001323,0,01,000,00,2,8,01,B02
200700001324,0,07,000,00,0,3,15,A01
200700001324,0,02,000,00,2,1,01,B02
200700001325,0,07,000,00,2,3,13,A01
200700001325,0,07,000,00,2,1,01,B02
200700001326,0,07,000,08,6,1,01,A01
200700001327,0,07,000,00,2,1,13,A01
200700001327,0,10,000,00,2,1,01,B02
200700001328,0,07,000,16,0,1,01,A01
200700001329,0,07,000,00,2,7,01,A01
200700001329,0,07,000,00,2,1,01,B02
200700001330,0,07,000,00,2,1,01,A01
200700001330,0,07,000,03,2,1,01,B02
200700001330,0,07,000,03,2,1,01,C03
200700001331,0,07,000,13,0,1,13,A01
200700001332,0,07,000,02,0,1,13,A01
200700001333,0,10,000,02,0,1,14,A01
200700001334,0,07,000,00,0,3,17,A01
200700001334,0,07,000,00,0,3,01,B02
200700001335,0,33,000,12,0,1,01,A01
200700001336,0,02,000,00,2,8,01,A01
200700001336,0,07,000,00,2,8,01,B02
200700001337,0,07,000,00,0,3,01,A01
200700001337,0,07,000,00,2,1,19,B02
200700001338,0,07,000,13,0,1,13,A01
200700001339,0,07,000,13,0,1,14,A01
200700001340,0,07,000,06,0,3,01,A01
200700001341,0,07,000,16,0,9,14,A01
200700001342,0,07,000,00,2,3,05,A01
200700001342,0,02,000,00,2,1,05,B02
200700001343,0,07,000,00,0,1,01,A01
200700001344,0,07,000,06,0,3,01,A01
200700001345,0,07,000,08,0,1,11,A01
200700001346,0,37,000,01,0,4,04,A01
200700001346,0,30,000,00,2,1,23,B02
200700001347,0,02,000,00,0,2,01,A01
200700001348,0,07,000,00,2,1,01,A01
200700001348,0,07,000,00,2,1,01,B02
200700001349,0,07,000,00,2,3,13,A01
200700001349,0,07,000,00,2,3,01,B02
200700001350,0,14,000,00,0,8,01,A01
200700001351,0,07,000,00,0,0,00,A01
200700001351,0,07,000,00,2,1,01,B02
200700001351,0,07,000,00,2,3,23,C03
200700001352,0,02,000,00,2,1,01,B02
200700001352,0,07,000,00,2,2,19,A01
200700001353,0,14,000,00,2,2,01,B02
200700001353,0,07,000,00,2,3,19,A01
200700001354,0,07,000,00,1,2,01,A01
200700001354,0,01,000,00,0,1,01,B02
200700001355,0,07,000,00,2,4,23,A01
200700001355,0,02,000,00,2,1,01,B02
200700001356,0,07,000,00,2,2,01,A01
200700001356,0,07,000,00,2,8,01,B02
200700001357,0,07,000,13,0,3,01,A01
200700001358,0,07,000,00,2,3,00,A01
200700001358,0,02,000,00,0,1,00,B02
200700001359,0,02,000,00,0,0,16,A01
200700001360,0,02,000,00,2,1,02,A01
200700001360,0,07,000,00,0,4,16,B02
200700001361,0,07,000,00,2,2,17,A01
200700001361,0,02,000,00,0,8,15,B02
200700001362,0,07,000,00,2,6,19,A01
200700001362,0,07,000,00,2,1,01,B02
200700001363,0,07,000,00,1,3,01,A01
200700001364,0,07,000,00,2,1,02,A01
200700001364,0,07,000,00,2,4,02,B02
200700001364,0,07,000,00,0,4,02,C03
200700001365,0,07,000,08,0,2,14,A01
200700001366,0,07,000,00,2,2,01,A01
200700001366,0,01,000,00,2,7,19,B02
200700001367,0,07,000,00,1,1,13,A01
200700001368,0,07,000,00,2,2,02,A01
200700001368,0,02,000,00,0,4,02,B02
200700001369,0,33,000,00,2,1,01,A01
200700001369,0,10,000,00,0,4,15,B02
200700001370,0,02,000,00,2,3,02,A01
200700001371,0,07,000,00,1,2,01,A01
200700001372,0,07,000,00,2,2,01,A01
200700001372,0,07,000,00,2,8,15,B02
200700001373,0,07,000,06,0,1,01,A01
200700001374,0,07,000,00,2,7,13,A01
200700001374,0,07,000,00,2,1,01,B02
200700001375,0,17,000,02,0,1,01,A01
200700001376,0,07,000,00,2,3,11,A01
200700001376,0,30,000,00,2,1,01,B02
200700001377,0,07,000,00,1,2,01,A01
200700001378,0,07,000,00,2,1,01,A01
200700001378,0,07,000,00,2,8,15,B02
200700001379,0,07,000,02,0,0,01,A01
200700001380,0,07,000,00,2,3,23,A01
200700001380,0,02,000,00,2,7,21,B02
200700001381,0,07,000,00,2,2,15,A01
200700001381,0,02,000,00,2,1,01,B02
200700001382,0,10,000,02,0,7,01,A01
200700001383,0,07,000,00,2,3,01,A01
200700001383,0,07,000,00,2,1,01,B02
200700001384,0,07,000,00,2,5,13,A01
200700001384,0,07,000,00,2,2,01,B02
200700001385,0,07,000,14,0,2,01,A01
200700001385,0,07,000,00,2,2,01,B02
200700001386,0,07,000,00,2,2,19,A01
200700001386,0,02,000,00,2,1,01,B02
200700001387,0,07,000,00,2,1,01,A01
200700001387,0,07,000,00,2,1,01,B02
200700001388,0,07,000,00,2,3,16,A01
200700001388,0,07,000,00,2,3,01,B02
200700001389,0,07,000,06,0,2,01,A01
200700001390,0,31,000,00,2,1,13,A01
200700001390,0,33,000,00,2,1,01,B02
200700001391,0,10,000,00,0,2,15,A01
200700001391,0,33,000,00,2,1,01,B02
200700001392,0,07,000,13,0,1,01,A01
200700001393,0,07,000,00,2,2,11,A01
200700001394,0,07,000,04,2,1,11,A01
200700001394,0,17,000,00,2,8,01,B02
200700001394,0,07,000,14,0,1,11,C03
200700001395,0,16,000,04,0,2,13,A01
200700001395,0,07,000,00,9,3,02,B02
200700001396,0,07,000,03,0,9,01,A01
200700001396,0,07,000,00,2,7,17,B02
200700001396,0,07,000,00,2,1,01,C03
200700001397,0,07,000,00,2,1,15,A01
200700001397,0,07,000,00,2,2,01,B02
200700001398,0,13,000,00,1,3,01,A01
200700001399,0,07,000,00,2,1,01,A01
200700001399,0,07,000,11,2,9,06,B02
200700001399,0,07,000,00,2,8,01,C03
200700001399,0,07,000,00,2,3,01,D04
200700001400,0,07,000,00,2,7,15,A01
200700001400,0,02,000,00,2,1,01,B02
200700001401,0,07,000,00,2,2,02,A01
200700001401,0,02,000,00,2,4,02,B02
200700001402,0,07,000,00,2,2,17,A01
200700001402,0,10,000,00,2,3,01,B02
200700001402,0,07,000,00,2,1,17,C03
200700001402,0,07,000,01,0,6,17,D04
200700001403,0,07,000,03,0,1,02,A01
200700001404,0,07,000,00,2,1,02,A01
200700001404,0,17,000,00,2,4,02,B02
200700001405,0,07,000,00,2,1,14,A01
200700001405,0,17,000,00,2,4,02,B02
200700001406,0,07,000,04,0,1,16,A01
200700001407,0,14,000,00,0,6,13,A01
200700001407,0,07,000,01,0,1,01,B02
200700001408,0,07,000,04,9,9,02,A01
200700001409,0,07,000,00,2,1,02,B02
200700001410,0,17,000,00,1,4,01,A01
200700001410,0,17,000,00,2,0,01,B02
200700001411,0,10,000,04,2,1,17,A01
200700001411,0,15,000,04,2,8,01,B02
200700001412,0,17,000,00,0,0,01,A01
200700001413,0,07,000,04,0,3,01,A01
200700001414,0,15,000,00,0,0,01,A01
200700001415,0,07,000,00,2,2,17,A01
200700001415,0,17,000,00,2,8,01,B02
200700001416,0,07,000,00,0,0,00,A01
200700001417,0,07,000,00,2,4,15,A01
200700001417,0,33,000,00,2,1,17,B02
200700001418,0,07,000,00,0,6,01,A01
200700001418,0,07,210,00,2,7,21,B02
200700001418,0,07,000,00,2,1,01,C03
200700001419,0,07,000,00,2,7,15,A01
200700001419,0,07,000,00,2,1,01,B02
200700001419,0,07,000,00,2,6,24,C03
200700001420,0,07,000,00,2,1,21,A01
200700001420,0,15,000,00,0,4,01,B02
200700001421,0,07,000,00,2,2,17,A01
200700001421,0,07,000,00,0,6,01,B02
200700001421,0,07,000,01,0,1,02,C03
200700001422,0,10,000,00,0,4,02,A01
200700001422,0,17,000,00,2,1,02,B02
200700001422,0,07,000,00,0,6,21,C03
200700001422,0,07,000,00,2,2,01,D04
200700001423,0,07,000,01,0,1,02,A01
200700001423,0,17,000,00,0,4,00,B02
200700001424,0,10,000,05,0,1,01,A01
200700001425,0,14,000,00,0,4,02,A01
200700001425,0,07,000,00,2,1,02,B02
200700001426,0,07,000,16,0,1,00,A01
200700001427,1,99,000,00,9,9,09,A01
200700001428,0,02,000,12,0,8,12,A01
200700001429,0,32,000,00,1,1,01,A01
200700001430,0,07,000,00,2,2,15,A01
200700001430,0,02,000,00,2,1,01,B02
200700001431,0,15,000,00,1,2,01,A01
200700001432,0,17,000,00,2,1,02,A01
200700001432,0,17,000,00,2,4,00,B02
200700001433,0,07,000,03,0,2,01,A01
200700001434,0,07,000,00,0,0,00,A01
200700001434,0,07,000,00,2,6,01,B02
200700001435,0,07,000,03,2,1,13,A01
200700001435,0,07,000,00,2,8,01,B02
200700001435,0,07,000,14,0,1,21,C03
200700001436,1,99,000,00,1,0,00,A01
200700001437,0,01,000,00,2,7,01,B02
200700001437,0,07,000,00,2,1,15,A01
200700001438,0,07,000,13,0,2,01,A01
200700001439,0,07,000,00,2,1,02,A01
200700001439,0,17,000,00,2,6,02,B02
200700001440,0,07,000,03,0,1,12,A01
200700001441,0,33,000,00,2,1,13,A01
200700001441,0,07,000,00,2,3,01,B02
200700001442,0,15,000,00,2,6,00,A01
200700001442,0,07,000,00,2,1,01,B02
200700001442,0,07,000,00,2,1,01,C03
200700001443,0,07,000,11,0,3,13,A01
200700001444,0,33,000,03,0,1,17,A01
200700001445,0,07,000,00,2,1,02,A01
200700001446,0,07,000,13,0,1,01,A01
200700001447,0,07,000,04,0,3,01,A01
200700001448,0,07,000,03,0,1,21,A01
200700001449,0,07,000,00,2,1,02,A01
200700001449,0,07,000,00,0,4,02,B02
200700001450,0,17,000,03,0,2,01,A01
200700001451,0,07,000,00,1,8,01,A01
200700001452,0,07,000,00,2,1,15,A01
200700001452,0,33,000,00,2,1,17,B02
200700001453,0,07,000,00,2,3,13,A01
200700001453,0,14,000,00,2,7,21,B02
200700001454,0,07,000,03,0,1,17,A01
200700001455,0,17,000,00,2,1,02,A01
200700001455,0,17,000,00,0,4,01,B02
200700001456,0,07,000,13,0,2,14,A01
200700001457,2,10,000,07,0,0,14,A01
200700001458,0,07,000,15,0,0,01,A01
200700001459,0,37,000,00,1,8,15,A01
200700001460,0,02,000,00,2,7,01,A01
200700001460,0,07,000,00,2,3,15,B02
200700001461,0,07,000,00,1,2,01,A01
200700001462,0,38,000,13,0,1,01,A01
200700001463,0,07,000,00,1,1,01,A01
200700001464,0,17,000,13,0,7,01,A01
200700001465,0,07,000,16,0,1,14,A01
200700001466,0,07,000,01,0,1,14,A01
200700001466,0,07,000,00,0,4,24,B02
200700001467,0,07,000,00,0,1,00,A01
200700001467,0,07,000,00,0,4,00,B02
200700001467,0,07,000,00,0,1,00,C03
200700001467,0,07,000,00,0,1,00,D04
200700001468,0,07,000,00,0,3,01,A01
200700001468,0,07,000,00,2,2,14,B02
200700001469,0,07,000,04,0,1,00,A01
200700001470,0,34,000,00,0,7,01,A01
200700001471,0,07,000,00,0,4,01,A01
200700001471,0,14,000,00,2,0,02,B02
200700001471,0,07,000,00,2,1,01,C03
200700001472,0,07,000,00,2,1,02,A01
200700001472,0,07,000,01,2,1,02,B02
200700001472,0,07,000,00,2,4,02,C03
200700001472,0,07,000,00,2,4,02,D04
200700001472,0,07,000,00,2,4,02,E05
200700001473,0,07,000,00,0,4,02,A01
200700001473,0,07,000,00,2,4,01,B02
200700001473,0,07,000,00,2,4,02,C03
200700001473,0,07,000,00,2,1,02,D04
200700001474,0,10,000,00,2,2,02,A01
200700001474,0,17,000,00,0,6,02,B02
200700001475,0,14,000,00,2,1,02,A01
200700001475,0,07,000,00,2,4,02,B02
200700001475,0,07,000,00,2,4,02,C03
200700001476,0,07,000,00,2,8,22,A01
200700001476,0,14,000,01,0,2,02,B02
200700001477,0,10,000,00,2,1,01,A01
200700001477,0,17,000,00,0,4,01,B02
200700001478,0,07,000,00,2,1,02,A01
200700001478,0,99,000,00,2,6,02,B02
200700001479,0,07,000,03,0,2,01,A01
200700001480,0,07,000,00,2,4,02,A01
200700001480,0,07,000,00,2,4,02,B02
200700001480,0,07,000,00,2,1,02,C03
200700001481,0,07,000,00,2,1,02,A01
200700001481,0,07,000,00,2,4,02,B02
200700001481,0,07,000,00,2,4,02,C03
200700001481,0,07,000,00,2,4,02,D04
200700001481,0,07,000,00,2,4,02,E05
200700001482,0,33,000,04,0,7,01,A01
200700001483,0,07,000,03,0,1,00,A01
200700001484,0,07,000,14,2,1,13,A01
200700001484,0,07,000,00,2,0,01,B02
200700001485,0,17,000,03,0,9,01,A01
200700001486,0,07,000,00,0,3,13,A01
200700001486,0,07,000,00,0,2,01,B02
200700001487,0,07,000,00,2,1,01,A01
200700001487,0,07,000,00,2,1,01,B02
200700001488,0,07,000,03,0,1,13,A01
200700001489,0,07,000,03,0,3,01,A01
200700001490,0,15,000,10,0,7,15,A01
200700001491,0,07,000,01,0,0,24,A01
200700001491,0,07,000,00,0,4,01,B02
200700001491,0,07,000,00,2,1,02,C03
200700001491,0,07,000,00,2,1,02,D04
200700001491,0,07,000,14,0,1,13,E05
200700001491,0,07,000,14,0,1,02,F06
200700001492,0,07,000,00,2,1,00,A01
200700001492,0,07,000,00,2,1,00,B02
200700001493,0,33,000,00,2,1,17,A01
200700001493,0,07,000,00,1,1,19,B02
200700001494,0,07,000,00,2,1,01,B02
200700001494,0,02,000,00,2,8,16,A01
200700001495,0,07,000,06,0,1,00,A01
200700001496,0,07,000,00,0,1,01,A01
200700001496,0,10,000,00,0,4,00,B02
200700001497,0,07,000,13,0,7,01,A01
200700001498,0,34,000,00,0,0,01,A01
200700001499,0,17,000,00,0,4,01,A01
200700001499,0,10,000,00,2,1,02,B02
200700001500,0,07,000,00,1,5,01,A01
200700001501,0,33,000,00,2,1,01,A01
200700001501,0,07,000,00,2,6,01,B02
200700001502,0,07,000,15,2,9,01,A01
200700001502,0,07,000,00,2,3,15,B02
200700001503,0,15,000,00,0,6,01,A01
200700001503,0,07,000,00,2,1,02,B02
200700001504,0,07,000,00,2,3,19,A01
200700001504,0,31,000,00,2,1,17,B02
200700001504,0,31,000,00,2,7,17,C03
200700001505,0,07,000,00,2,1,00,A01
200700001505,0,07,000,00,2,7,01,B02
200700001506,0,07,000,00,0,9,01,A01
200700001507,0,07,000,13,0,0,13,A01
200700001508,0,15,000,03,0,1,01,A01
200700001509,0,10,000,03,0,2,01,A01