Num_Acc,senc,catv,occutc,obs,obsm,choc,manv,num_veh
200700001510,0,07,000,00,2,1,01,A01
200700001510,0,07,000,00,2,7,15,B02
200700001511,0,07,000,00,2,3,19,A01
200700001511,0,31,000,00,2,7,13,B02
200700001512,0,07,000,00,2,3,13,A01
200700001512,0,07,000,00,0,0,01,B02
200700001513,0,37,000,00,2,3,01,A01
200700001513,0,10,000,00,2,3,13,B02
200700001514,0,07,000,00,2,3,01,A01
200700001514,0,07,000,00,2,3,13,B02
200700001515,0,17,000,00,2,3,01,A01
200700001515,0,07,000,00,2,3,13,B02
200700001515,0,07,000,00,2,1,01,C03
200700001516,0,02,000,08,0,3,21,A01
200700001517,0,07,000,00,0,8,15,A01
200700001517,0,33,000,00,0,7,17,B02
200700001518,0,07,000,03,0,1,01,A01
200700001519,0,07,000,04,0,1,00,A01
200700001520,0,07,000,13,0,2,14,A01
200700001521,0,07,000,00,2,6,19,A01
200700001521,0,33,000,00,2,1,01,B02
200700001522,0,07,000,00,0,4,01,A01
200700001522,0,07,000,00,2,1,18,B02
200700001523,0,17,000,13,0,1,01,A01
200700001524,0,07,000,00,2,1,15,A01
200700001524,0,02,000,00,2,1,01,B02
200700001525,0,07,000,03,0,1,01,A01
200700001525,0,17,000,03,0,1,13,B02
200700001525,0,17,000,00,2,1,01,C03
200700001526,0,33,000,05,0,1,09,A01
200700001527,0,07,000,13,0,1,01,A01
200700001528,0,07,000,00,2,2,11,A01
200700001528,0,17,000,00,2,6,01,B02
200700001529,0,07,000,03,0,5,01,A01
200700001529,0,07,000,00,2,2,21,B02
200700001530,0,10,000,00,2,7,02,A01
200700001530,0,01,000,00,2,8,02,B02
200700001531,0,07,000,02,0,7,01,A01
200700001532,0,07,000,02,0,8,01,A01
200700001533,0,07,000,00,2,1,01,B02
200700001533,0,10,000,00,0,6,09,A01
200700001534,0,07,000,13,0,9,12,A01
200700001535,0,33,000,00,0,8,01,A01
200700001536,0,10,000,00,2,3,01,A01
200700001536,0,37,000,00,2,3,01,B02
200700001537,0,07,000,04,0,3,01,A01
200700001538,0,17,000,08,0,3,01,A01
200700001539,0,07,000,03,0,8,01,A01
200700001540,0,07,000,00,2,1,02,A01
200700001540,0,14,000,00,0,4,02,B02
200700001541,0,07,000,00,2,1,02,A01
200700001541,0,07,000,00,0,0,00,B02
200700001542,0,07,000,14,2,5,17,A01
200700001542,0,17,000,00,2,3,01,B02
200700001543,0,01,000,00,2,1,01,A01
200700001543,0,07,000,00,2,7,01,B02
200700001544,0,33,000,00,2,8,01,A01
200700001544,0,07,000,00,0,0,09,B02
200700001545,0,07,000,03,0,3,13,A01
200700001546,0,07,000,00,0,1,01,A01
200700001547,0,07,000,00,2,3,02,A01
200700001547,0,17,000,00,2,6,02,B02
200700001548,0,17,000,00,2,1,02,A01
200700001548,0,07,000,00,2,9,00,B02
200700001548,0,07,000,00,0,4,00,C03
200700001549,0,07,000,07,0,1,14,A01
200700001550,0,07,000,13,0,1,01,A01
200700001551,0,07,000,03,0,1,01,A01
200700001552,0,07,000,00,2,1,01,A01
200700001552,0,07,000,00,2,5,16,B02
200700001553,0,07,000,00,2,1,01,A01
200700001553,0,07,000,00,2,4,01,B02
200700001553,0,10,000,00,2,3,01,C03
200700001554,0,07,000,06,0,1,00,A01
200700001555,0,07,000,00,2,7,14,A01
200700001555,0,07,000,00,2,8,01,B02
200700001556,0,07,000,04,0,1,11,A01
200700001557,0,07,000,04,0,3,21,A01
200700001558,0,07,000,03,0,1,01,A01
200700001559,0,07,000,15,0,1,13,A01
200700001560,0,07,000,00,0,1,02,A01
200700001561,0,07,000,04,0,1,01,A01
200700001561,0,07,000,04,0,1,01,B02
200700001562,0,10,000,03,0,1,17,A01
200700001563,0,07,000,01,0,1,01,A01
200700001563,0,13,000,00,6,2,01,B02
200700001564,0,07,000,00,6,1,24,A01
200700001564,0,07,000,01,0,1,18,B02
200700001565,0,10,000,13,0,9,02,A01
200700001566,0,07,000,00,2,1,15,A01
200700001566,0,07,000,00,2,2,01,B02
200700001566,0,07,000,00,2,1,15,C03
200700001566,0,07,000,00,2,2,01,D04
200700001567,0,07,000,06,0,3,00,A01
200700001568,0,07,000,03,0,3,02,A01
200700001568,0,07,000,14,0,1,02,B02
200700001568,0,07,000,14,2,1,02,C03
200700001568,0,07,000,14,2,1,02,D04
200700001569,0,07,000,13,0,1,01,A01
200700001570,0,01,000,00,9,1,02,A01
200700001571,0,17,000,00,2,3,01,A01
200700001571,0,07,000,00,2,8,01,B02
200700001572,0,07,000,03,0,3,17,A01
200700001572,0,07,000,00,2,1,17,B02
200700001572,0,07,000,00,2,1,21,C03
200700001573,0,17,000,00,2,1,02,A01
200700001573,0,17,000,00,0,4,01,B02
200700001574,0,07,000,00,2,0,02,A01
200700001574,0,07,000,00,2,2,00,B02
200700001575,0,07,000,02,0,8,00,A01
200700001576,0,33,000,00,0,8,01,A01
200700001577,0,32,000,08,0,1,01,A01
200700001578,0,07,000,00,0,3,01,A01
200700001579,0,14,000,00,2,2,21,A01
200700001579,0,07,000,00,2,3,05,B02
200700001580,0,07,000,00,2,1,01,A01
200700001580,0,07,000,00,2,8,19,B02
200700001581,0,07,000,00,2,1,01,A01
200700001581,0,07,000,00,0,4,23,B02
200700001582,0,07,000,00,2,1,13,A01
200700001582,0,07,000,00,0,6,01,B02
200700001582,0,07,000,00,0,6,01,C03
200700001583,0,07,000,00,0,8,01,A01
200700001583,0,07,000,06,2,1,13,B02
200700001584,0,07,000,02,0,4,04,A01
200700001585,0,07,000,06,0,1,01,A01
200700001586,0,07,000,08,0,7,13,A01
200700001587,0,07,000,00,2,1,01,A01
200700001587,0,07,000,00,2,1,01,B02
200700001588,0,07,000,00,2,5,01,A01
200700001588,0,07,000,00,2,1,01,B02
200700001588,0,07,000,00,2,2,01,C03
200700001588,0,17,000,00,2,1,01,D04
200700001588,0,07,000,00,2,1,01,E05
200700001588,0,10,000,04,0,3,01,F06
200700001588,0,10,000,00,2,1,01,G07
200700001588,0,07,000,00,2,1,01,H08
200700001588,0,07,000,00,2,2,01,I09
200700001588,0,07,000,00,2,1,01,J10
200700001588,0,17,000,00,2,5,01,K11
200700001589,0,17,000,04,0,3,01,A01
200700001590,0,02,000,00,2,1,06,A01
200700001590,0,07,000,00,2,8,01,B02
200700001591,0,07,000,00,2,1,19,A01
200700001591,0,07,000,06,2,2,21,B02
200700001592,0,07,000,13,2,7,13,A01
200700001592,0,07,000,00,2,1,01,B02
200700001593,0,10,000,08,0,8,01,A01
200700001594,0,07,000,00,2,1,01,A01
200700001594,0,07,000,00,2,8,01,B02
200700001595,0,07,000,00,2,1,05,A01
200700001595,0,07,000,00,2,1,01,B02
200700001595,0,10,000,00,2,8,01,C03
200700001595,0,15,000,00,2,3,01,D04
200700001596,0,07,000,16,0,1,01,A01
200700001596,0,14,000,00,0,4,23,B02
200700001596,0,07,000,01,0,1,01,C03
200700001597,0,07,000,00,1,3,01,A01
200700001598,0,07,000,00,2,3,01,A01
200700001598,0,07,000,00,2,1,01,B01
200700001599,0,07,000,00,9,8,22,A01
200700001599,0,01,000,00,2,1,01,B01
200700001600,0,07,000,00,2,3,20,A01
200700001600,0,02,000,00,2,1,01,B01
200700001601,0,07,000,00,2,3,13,A01
200700001601,0,07,000,00,1,2,01,B01
200700001602,0,07,000,00,2,1,01,A01
200700001602,0,07,000,00,2,3,13,B01
200700001603,0,17,000,00,2,6,01,A01
200700001603,0,07,000,00,2,1,01,B01
200700001603,0,07,000,00,2,2,05,C01
200700001604,0,07,000,00,2,1,00,A01
200700001604,0,07,000,00,2,1,00,B01
200700001605,0,07,000,00,1,2,02,A01
200700001606,0,07,000,15,0,1,01,A01
200700001606,0,07,000,00,0,4,23,B01
200700001607,0,07,000,00,1,2,01,A01
200700001608,0,30,000,00,2,1,17,A01
200700001608,0,07,000,00,2,3,15,B01
200700001609,0,02,000,00,2,1,17,A01
200700001609,0,07,000,00,2,1,01,B01
200700001610,0,03,000,06,0,5,14,A01
200700001611,0,07,000,00,1,2,01,A01
200700001612,0,07,000,00,1,1,01,A01
200700001613,0,07,000,00,1,1,01,A01
200700001614,0,07,000,00,1,2,01,A01
200700001615,0,33,000,00,2,0,11,A01
200700001616,0,07,000,00,1,2,14,A01
200700001617,0,31,000,00,2,1,01,B01
200700001617,0,07,000,00,2,1,15,A01
200700001618,0,07,000,13,0,0,13,A01
200700001619,0,07,000,00,9,2,15,A01
200700001619,0,01,000,00,2,1,01,B01
200700001620,0,07,000,00,9,1,15,A01
200700001620,0,30,000,00,2,1,01,B01
200700001621,0,07,000,02,0,1,13,A01
200700001622,0,07,000,13,0,7,14,A01
200700001623,0,07,000,04,0,3,01,A01
200700001624,0,14,000,00,2,1,02,A01
200700001624,0,07,000,00,0,4,01,B01
200700001625,0,07,000,00,2,1,01,B01
200700001625,0,14,000,00,2,8,19,A01
200700001626,0,07,000,00,2,4,23,C01
200700001626,0,07,000,00,2,4,23,B01
200700001626,0,07,000,00,2,1,01,A01
200700001627,0,07,000,00,2,1,01,B01
200700001627,0,07,000,00,2,1,13,A01
200700001628,0,02,000,00,2,1,01,B01
200700001628,0,07,000,00,2,3,09,A01
200700001629,0,07,000,00,1,1,01,A01
200700001630,0,07,000,00,2,2,00,B01
200700001630,0,07,000,00,2,2,09,A01
200700001631,0,07,000,00,2,1,01,C01
200700001631,0,10,000,00,2,3,01,B01
200700001631,0,10,000,04,2,1,13,A01
200700001632,0,30,000,00,2,2,17,A01
200700001632,1,07,000,00,2,3,13,B01
200700001633,0,07,000,00,2,6,16,B01
200700001633,0,14,000,00,2,2,15,A01
200700001634,0,31,000,00,2,1,01,B01
200700001634,0,07,000,00,2,6,09,A01
200700001635,0,07,000,00,2,7,15,A01
200700001635,0,30,000,00,2,1,01,B01
200700001636,0,07,000,00,0,1,14,A01
200700001637,0,07,000,00,2,3,01,B01
200700001637,0,07,000,00,2,1,13,A01
200700001638,0,07,000,14,2,5,09,A01
200700001638,0,07,000,01,2,1,01,B01
200700001638,0,07,000,00,2,1,23,C01
200700001639,0,07,000,08,0,7,14,A01
200700001640,0,07,000,00,1,3,01,A01
200700001641,0,07,000,00,1,2,01,A01
200700001642,0,07,000,00,2,6,02,B01
200700001642,0,07,000,00,2,2,02,A01
200700001643,0,07,000,07,0,1,01,A01
200700001644,0,07,000,00,0,4,12,B01
200700001644,0,07,000,00,2,1,21,A01
200700001645,0,07,000,00,2,1,19,A01
200700001645,0,07,000,14,0,0,01,B01
200700001645,0,10,000,00,2,3,23,C01
200700001646,0,07,000,00,1,0,16,A01
200700001647,1,07,000,00,2,6,01,A01
200700001647,0,33,000,00,2,7,15,B01
200700001648,1,07,000,00,2,0,13,A01
200700001648,0,07,000,00,2,3,01,B01
200700001649,0,07,000,00,1,1,01,A01
200700001650,0,07,000,00,1,3,01,A01
200700001651,0,07,000,00,2,1,02,A01
200700001651,0,07,000,00,2,4,02,B01
200700001652,0,07,000,00,1,1,01,A01
200700001653,0,07,000,00,2,8,20,A01
200700001653,0,31,000,00,2,0,01,B01
200700001654,0,07,000,00,9,8,06,B01
200700001654,0,99,000,00,2,1,01,A01
200700001655,0,32,000,00,2,1,01,B01
200700001655,0,07,000,00,2,2,15,A01
200700001656,0,07,000,00,2,1,01,A01
200700001656,0,07,000,00,2,4,01,B01
200700001656,0,07,000,00,2,4,01,C01
200700001657,0,07,000,00,2,1,01,B01
200700001657,0,07,000,00,2,2,01,A01
200700001658,0,02,000,00,2,8,00,B01
200700001658,1,07,000,00,0,0,00,A01
200700001659,0,31,000,00,2,8,01,A01
200700001659,1,07,000,00,2,0,15,B01
200700001660,0,07,000,15,1,2,01,A01
200700001661,0,30,000,00,1,1,01,A01
200700001662,0,07,000,08,0,1,01,A01
200700001662,0,07,000,00,2,1,01,B01
200700001663,0,02,000,03,2,1,17,B01
200700001663,0,07,000,03,2,3,15,A01
200700001664,0,33,000,00,2,1,02,A01
200700001664,0,07,000,00,0,6,15,B01
200700001665,0,07,000,00,2,2,15,A01
200700001665,0,33,000,00,2,0,13,B01
200700001666,0,07,000,00,1,1,01,A01
200700001667,0,07,000,00,1,4,04,A01
200700001668,0,30,000,00,2,1,17,B01
200700001668,0,07,000,00,2,3,19,A01
200700001669,0,07,000,00,2,8,15,A01
200700001669,0,33,000,00,2,1,17,B01
200700001670,0,02,000,00,2,1,17,A01
200700001670,0,07,000,00,2,3,15,B01
200700001671,0,07,000,00,2,1,02,A01
200700001671,0,07,000,00,2,4,02,B01
200700001672,0,07,000,06,0,1,01,A01
200700001673,0,07,000,00,2,4,04,A01
200700001673,0,32,000,00,2,1,01,B01
200700001674,0,07,000,00,2,1,13,A01
200700001674,0,07,000,00,2,3,01,B01
200700001675,0,07,000,00,2,3,09,A01
200700001675,0,02,000,00,2,1,01,B01
200700001676,0,07,000,00,2,1,02,A01
200700001676,0,07,000,00,2,4,02,B01
200700001677,0,07,000,00,2,1,02,A01
200700001677,0,07,000,00,2,4,15,B01
200700001678,0,07,000,00,2,1,13,A01
200700001678,0,07,000,00,2,1,01,B01
200700001679,0,07,000,00,2,1,01,A01
200700001680,0,07,000,00,1,1,15,A01
200700001681,0,10,000,00,2,0,19,A01
200700001681,0,07,000,00,2,2,01,B01
200700001682,0,30,000,00,2,1,01,A01
200700001682,0,07,000,00,2,2,14,B01
200700001683,0,10,000,00,2,2,15,A01
200700001683,0,32,000,00,2,1,01,B01
200700001684,0,07,000,00,2,8,15,A01
200700001684,0,32,000,00,2,2,17,B01
200700001685,0,30,000,00,1,1,01,A01
200700001686,0,33,000,00,2,2,01,B01
200700001686,0,07,000,00,2,6,16,A01
200700001687,0,07,000,00,2,3,09,A01
200700001687,0,30,000,00,2,1,01,B01
200700001688,1,07,000,00,2,0,13,A01
200700001688,0,30,000,00,2,7,17,B01
200700001689,0,07,000,00,2,2,14,A01
200700001689,0,30,000,00,2,8,01,B01
200700001689,0,07,000,00,2,8,01,C01
200700001690,0,07,000,00,1,1,01,A01
200700001691,0,07,000,00,2,2,15,A01
200700001691,0,33,000,00,2,7,01,B01
200700001692,0,33,000,00,2,1,01,A01
200700001692,0,07,000,00,2,5,00,B01
200700001693,0,07,000,00,2,8,15,A01
200700001693,0,02,000,00,2,1,01,B01
200700001694,0,14,000,00,2,1,01,A01
200700001694,0,33,000,00,2,4,00,B01
200700001695,0,13,000,00,1,1,01,A01
200700001696,0,07,000,00,2,3,15,A01
200700001696,0,30,000,00,2,0,01,B01
200700001697,0,32,000,00,2,1,02,A01
200700001698,0,33,000,00,2,1,01,B01
200700001698,0,07,000,00,2,2,09,A01
200700001699,0,30,000,00,1,1,07,A01
200700001700,0,07,000,00,2,1,17,A01
200700001700,0,07,000,00,2,8,10,B01
200700001701,0,07,000,00,2,3,03,A01
200700001701,0,34,000,00,2,1,00,B01
200700001702,0,30,000,09,0,1,00,A01
200700001703,0,07,000,00,1,1,09,A01
200700001704,0,07,000,03,2,1,00,A01
200700001705,0,07,000,00,2,1,15,A01
200700001705,0,07,000,00,9,2,15,B01
200700001706,0,33,000,00,2,1,01,A01
200700001706,0,07,000,00,2,7,01,B01
200700001707,0,07,000,00,1,1,01,A01
200700001708,0,10,000,00,2,1,02,A01
200700001708,0,07,000,00,2,4,24,B01
200700001709,0,07,000,00,2,1,15,A01
200700001709,0,07,000,00,2,1,01,B01
200700001710,0,07,000,00,2,1,15,A01
200700001710,0,07,000,00,2,1,01,B01
200700001711,0,30,000,00,1,1,17,A01
200700001712,0,02,000,00,2,4,01,A01
200700001712,0,07,000,00,2,2,15,B01
200700001713,0,07,000,00,1,8,01,A01
200700001714,0,07,000,00,2,1,16,A01
200700001714,0,02,000,00,2,2,15,B01
200700001715,0,07,000,00,2,3,09,A01
200700001715,0,33,000,00,2,1,01,B01
200700001716,0,07,000,00,2,1,00,A01
200700001717,0,07,000,00,2,3,15,A01
200700001717,0,07,000,00,2,3,01,B01
200700001718,0,33,000,00,0,0,01,A01
200700001719,0,30,000,00,2,2,15,A01
200700001720,0,07,000,00,2,8,01,A01
200700001720,0,07,000,00,2,1,01,B01
200700001721,0,07,000,00,1,1,01,A01
200700001722,0,07,000,00,2,2,09,A01
200700001722,0,30,000,00,2,1,09,B01
200700001723,0,10,000,00,2,4,04,A01
200700001723,0,07,000,00,2,1,01,B01
200700001724,0,02,000,00,0,0,01,A01
200700001725,0,07,000,06,0,3,16,A01
200700001726,0,07,000,06,0,1,01,A01
200700001727,0,10,000,00,2,8,15,A01
200700001727,0,33,000,00,2,1,01,B01
200700001728,0,07,000,00,2,1,01,A01
200700001728,0,07,000,00,2,4,02,B01
200700001728,0,07,000,00,0,4,02,C01
200700001729,0,07,000,00,2,1,02,A01
200700001729,0,07,000,00,0,4,16,B01
200700001730,1,34,000,00,2,8,18,A01
200700001730,0,10,000,00,2,7,16,B01
200700001731,0,33,000,00,0,0,00,A01
200700001732,0,07,000,06,0,1,01,A01
200700001733,0,07,000,00,1,0,00,A01
200700001734,0,07,000,06,0,3,00,A01
200700001735,0,30,000,05,0,1,01,A01
200700001736,0,02,000,00,2,1,11,A01
200700001736,0,07,000,00,2,1,01,B01
200700001737,1,07,000,00,1,2,02,A01
200700001738,0,33,000,00,1,1,01,A01
200700001739,1,07,000,00,0,0,00,B01
200700001739,0,33,000,06,0,7,21,A01
200700001740,0,30,000,12,0,0,13,A01
200700001741,0,33,000,10,0,8,01,A01
200700001742,0,01,000,00,2,1,01,A01
200700001742,0,07,000,00,2,3,01,B01
200700001743,0,07,000,00,1,1,15,A01
200700001744,0,07,000,00,2,8,15,A01
200700001744,0,02,000,01,2,1,02,B01
200700001745,0,30,000,00,2,1,01,A01
200700001745,0,07,000,00,2,3,01,B01
200700001746,0,02,000,00,0,1,01,A01
200700001747,0,10,000,00,2,3,09,A01
200700001747,0,02,000,00,2,1,01,B01
200700001748,0,07,000,00,1,8,15,A01
200700001749,0,34,000,00,1,1,01,A01
200700001750,0,02,000,00,2,0,06,A01
200700001750,0,07,000,00,2,3,02,B01
200700001751,0,02,000,00,0,3,01,A01
200700001752,0,32,000,00,2,7,17,A01
200700001752,0,07,000,00,2,3,15,B01
200700001753,0,07,000,00,1,1,09,A01
200700001754,0,07,000,00,2,3,15,A01
200700001754,0,33,000,00,2,2,02,B01
200700001755,0,07,000,01,0,2,14,A01
200700001756,0,07,000,00,2,1,15,A01
200700001756,0,31,000,00,2,1,01,B01
200700001757,0,02,000,00,0,8,01,A01
200700001758,0,07,000,00,2,3,14,A01
200700001758,0,31,000,00,2,7,02,B01
200700001759,0,07,000,00,2,3,15,A01
200700001759,0,02,000,00,2,8,01,B01
200700001760,0,07,000,00,2,2,15,A01
200700001760,0,02,000,00,2,1,01,B01
200700001761,0,30,000,00,2,7,16,A01
200700001761,0,37,003,00,2,1,01,B01
200700001762,0,07,000,00,1,1,01,A01
200700001763,0,07,000,00,2,5,16,A01
200700001763,0,07,000,01,2,2,00,B01
200700001764,0,07,000,00,2,3,15,A01
200700001764,0,30,000,00,2,2,02,B01
200700001765,0,07,000,00,2,3,15,A01
200700001765,0,02,000,00,2,1,01,B01
200700001766,0,07,000,00,2,3,15,A01
200700001766,0,33,000,00,2,1,01,B01
200700001767,0,07,000,00,1,1,15,A01
200700001768,0,07,000,00,2,2,09,A01
200700001768,0,32,000,00,2,3,01,B01
200700001769,0,10,000,00,2,2,22,A01
200700001769,0,33,000,01,2,6,01,B01
200700001769,0,37,001,00,2,6,01,C01
200700001770,0,07,000,00,2,3,01,A01
200700001770,0,07,000,00,2,3,01,B01
200700001771,0,07,000,00,2,8,11,A01
200700001771,0,31,000,00,2,7,01,B01
200700001772,0,07,000,00,2,3,15,A01
200700001772,0,32,000,00,2,3,01,B01
200700001773,0,07,000,00,2,4,04,A01
200700001773,0,33,000,00,0,0,09,B01
200700001774,0,07,000,00,2,6,11,A01
200700001774,0,02,000,00,2,2,11,B01
200700001775,0,07,000,01,0,2,14,A01
200700001776,0,32,000,00,2,1,02,A01
200700001776,0,10,000,00,2,4,02,B01
200700001777,0,07,000,01,2,9,01,A01
200700001777,0,07,000,00,2,4,02,B01
200700001777,0,07,000,01,2,8,20,C01
200700001778,0,07,000,00,1,1,01,A01
200700001779,0,07,000,00,2,7,01,A01
200700001779,0,01,000,00,2,1,01,B01
200700001780,0,30,000,00,2,7,01,A01
200700001780,0,07,000,00,2,8,15,B01
200700001781,0,07,000,00,2,2,01,A01
200700001781,0,07,000,00,2,1,01,B01
200700001781,0,07,000,00,2,3,01,C01
200700001782,0,33,000,00,2,2,02,B01
200700001782,0,10,000,00,2,1,02,A01
200700001783,0,07,000,00,2,2,12,A01
200700001783,0,02,000,01,2,3,01,B01
200700001784,0,02,000,00,1,1,01,A01
200700001785,0,07,000,00,2,1,13,A01
200700001785,0,07,000,00,2,5,01,B01
200700001785,0,07,000,00,2,1,01,C01
200700001786,0,31,000,00,2,1,02,A01
200700001786,0,07,000,00,2,4,02,B01
200700001787,0,07,000,07,0,1,01,A01
200700001788,0,02,000,00,2,1,01,A01
200700001788,0,07,000,00,2,4,01,B01
200700001789,0,07,000,00,1,2,01,A01
200700001790,0,32,000,00,0,0,01,A01
200700001791,0,32,000,00,2,5,01,A01
200700001791,0,07,000,00,2,3,15,B01
200700001792,0,07,000,00,2,3,00,A01
200700001792,0,07,000,00,2,1,01,B01
200700001793,0,07,000,00,1,1,01,A01
200700001794,0,07,000,00,0,0,12,A01
200700001794,0,31,000,00,0,0,02,B01
200700001795,0,07,000,00,1,2,01,A01
200700001796,0,07,000,02,2,1,01,A01
200700001796,0,32,000,00,9,3,02,B01
200700001797,0,99,000,00,2,8,05,A01
200700001797,0,07,000,00,2,3,01,B01
200700001798,0,33,000,00,2,3,01,A01
200700001798,0,07,000,00,2,5,10,B01
200700001799,0,07,000,00,1,3,01,A01
200700001800,0,34,000,14,0,1,13,A01
200700001801,0,07,000,00,2,5,01,A01
200700001801,0,30,000,00,2,1,01,B01
200700001802,0,02,000,00,2,1,01,A01
200700001802,0,07,000,00,2,3,01,B01
200700001803,0,07,000,00,2,8,01,B01
200700001803,0,07,000,00,2,1,01,A01
200700001804,0,07,000,00,2,1,01,A01
200700001804,0,07,000,00,2,4,01,B01
200700001805,0,10,000,00,2,8,23,A01
200700001805,0,32,000,00,2,1,17,B01
200700001806,0,07,000,00,2,4,01,A01
200700001806,0,10,000,00,2,1,02,B01
200700001806,0,07,000,00,0,4,02,C01
200700001807,0,07,000,00,1,1,15,A01
200700001807,0,07,000,00,0,0,24,B01
200700001808,0,30,000,00,2,1,17,B01
200700001808,0,07,000,00,2,3,09,A01
200700001809,0,07,000,00,2,4,20,A01
200700001810,0,07,000,00,1,3,01,A01
200700001811,1,15,000,00,2,0,00,A01
200700001811,0,30,000,00,2,2,01,B01
200700001812,0,32,000,00,2,1,13,A01
200700001812,0,07,000,00,2,1,01,B01
200700001813,0,02,000,00,2,1,01,A01
200700001813,0,07,000,00,2,5,02,B01
200700001814,0,07,000,00,2,3,13,A01
200700001814,0,31,000,01,2,1,17,B01
200700001815,0,07,000,00,2,5,01,A01
200700001815,0,07,000,00,2,3,01,B01
200700001816,0,30,000,00,0,8,01,A01
200700001816,0,99,000,00,0,0,01,B01
200700001817,0,07,000,00,1,8,01,A01
200700001818,0,33,000,00,2,1,01,A01
200700001818,0,01,000,00,2,4,11,B01
200700001818,0,07,000,00,0,0,00,C01
200700001819,0,07,000,00,2,6,09,A01
200700001819,0,07,000,00,2,2,01,B01
200700001820,0,31,000,00,2,0,00,A01
200700001821,0,07,000,00,1,4,04,A01
200700001822,0,07,000,00,2,6,15,A01
200700001822,0,32,000,00,2,7,01,B01
200700001823,0,07,000,00,2,2,15,A01
200700001823,0,02,000,00,2,1,01,B01
200700001824,0,07,000,00,1,3,01,A01
200700001825,0,07,000,00,2,1,09,A01
200700001825,0,02,000,00,2,7,01,B01
200700001826,0,07,000,00,1,1,01,A01
200700001827,0,07,000,00,1,6,20,A01
200700001828,0,07,000,00,2,3,00,A01
200700001828,0,30,000,00,2,1,01,B01
200700001829,0,07,000,00,2,3,13,A01
200700001829,0,07,000,01,2,3,01,B01
200700001830,0,07,000,00,2,5,15,A01
200700001830,0,01,000,00,2,1,01,B01
200700001831,0,20,000,14,2,1,01,A01
200700001831,0,07,000,00,2,4,02,B01
200700001832,0,07,000,01,2,3,15,A01
200700001832,0,02,000,01,2,2,01,B01
200700001833,0,30,000,00,2,1,02,A01
200700001833,0,07,000,00,2,4,02,B01
200700001834,0,07,000,00,2,2,16,A01
200700001834,0,31,000,00,2,8,00,B01
200700001835,0,07,000,00,2,8,22,A01
200700001835,0,02,000,00,2,1,01,B01
200700001836,0,30,000,00,2,1,17,A01
200700001836,0,07,000,00,2,3,15,B01
200700001837,0,33,000,00,2,1,01,A01
200700001837,0,07,000,00,2,8,15,B01
200700001838,0,02,000,00,2,1,01,A01
200700001838,0,07,000,00,2,0,11,B01
200700001839,0,32,000,00,2,1,01,A01
200700001839,0,07,000,00,2,3,09,B01
200700001840,0,07,000,00,1,1,01,A01
200700001841,0,07,000,00,2,3,15,A01
200700001841,0,32,000,00,1,7,01,B01
200700001842,0,30,000,00,2,0,18,A01
200700001842,0,31,000,00,2,7,16,B01
200700001843,0,07,000,00,2,3,04,A01
200700001843,0,30,000,00,2,1,01,B01
200700001844,0,99,000,00,2,1,09,A01
200700001844,0,07,000,00,9,2,01,B01
200700001845,0,07,000,00,2,1,01,A01
200700001845,0,31,000,00,2,4,01,B01
200700001846,0,07,000,00,0,0,21,A01
200700001846,0,31,000,00,0,0,02,B01
200700001847,0,02,000,00,2,1,01,A01
200700001847,0,07,000,00,2,4,01,B01
200700001848,0,07,000,00,2,8,22,A01
200700001848,0,34,000,01,0,7,01,B01
200700001849,0,07,000,00,2,1,01,A01
200700001849,0,10,000,00,2,8,01,B01
200700001850,0,31,000,00,2,8,17,A01
200700001850,0,07,000,00,2,8,20,B01
200700001851,0,07,000,00,1,4,04,A01
200700001852,0,07,000,14,0,1,02,A01
200700001852,0,07,000,14,0,4,02,B01
200700001852,0,07,000,00,0,4,02,C01
200700001853,0,02,000,01,0,0,01,A01
200700001854,0,07,000,00,2,1,15,A01
200700001854,0,07,000,00,2,3,01,B01
200700001855,0,01,000,00,2,1,01,A01
200700001855,0,07,000,00,2,4,01,B01
200700001856,0,31,000,00,2,1,06,A01
200700001856,0,37,004,00,2,0,02,B01
200700001857,0,02,000,00,2,2,17,A01
200700001857,0,07,000,00,2,6,23,B01
200700001858,0,10,000,00,2,3,09,A01
200700001858,0,31,000,00,2,2,01,B01
200700001859,0,33,000,00,2,0,02,A01
200700001859,0,07,000,00,2,4,09,B01
200700001860,0,07,000,00,2,2,09,A01
200700001860,0,31,000,00,2,1,01,B01
200700001861,0,07,000,00,2,2,15,A01
200700001861,0,33,000,09,2,1,01,B01
200700001862,0,31,000,00,2,0,02,A01
200700001862,0,07,000,00,2,2,10,B01
200700001863,0,14,000,03,0,9,14,A01
200700001864,0,10,000,00,2,1,01,A01
200700001865,0,30,000,00,0,0,01,A01
200700001865,0,07,000,00,0,0,15,B01
200700001866,0,02,000,00,2,1,01,A01
200700001866,0,10,000,00,2,4,01,B01
200700001867,0,10,000,00,2,1,02,A01
200700001867,0,07,000,00,2,4,02,B01
200700001867,0,07,000,00,2,4,02,C01
200700001867,0,31,000,00,2,1,02,D01
200700001868,0,07,000,01,0,1,01,A01
200700001868,0,07,000,00,2,4,24,B01
200700001869,0,07,000,04,0,9,01,A01
200700001870,0,02,000,00,2,1,01,B01
200700001870,0,07,000,00,2,7,15,A01
200700001871,0,07,000,00,2,3,01,A01
200700001871,0,02,000,00,2,1,17,B01