Num_Acc,senc,catv,occutc,obs,obsm,choc,manv,num_veh
200700001872,0,07,000,00,2,1,01,A01
200700001872,0,07,000,00,2,9,01,B01
200700001872,0,07,000,00,0,4,01,C01
200700001873,0,33,000,00,1,3,01,A01
200700001874,0,07,000,00,2,5,15,A01
200700001874,0,32,000,00,2,1,01,B01
200700001875,0,07,000,00,1,3,01,A01
200700001876,0,07,000,00,1,2,01,A01
200700001877,0,10,000,00,2,3,01,B01
200700001877,0,07,000,00,2,3,05,A01
200700001878,0,33,000,00,2,1,01,B01
200700001878,1,10,000,00,2,2,01,A01
200700001879,0,07,000,12,0,1,14,A01
200700001880,0,02,000,08,2,1,01,B01
200700001880,0,07,000,00,2,1,01,A01
200700001881,0,07,000,00,1,8,01,A01
200700001882,0,07,000,00,2,1,01,B01
200700001882,0,02,000,00,2,3,01,A01
200700001883,0,30,000,00,2,1,01,B01
200700001883,0,10,000,00,2,3,15,A01
200700001884,0,01,000,00,2,8,01,B01
200700001884,0,07,000,00,2,1,09,A01
200700001885,0,01,000,00,2,8,01,A01
200700001885,0,07,000,00,2,3,01,B01
200700001886,0,02,000,00,2,1,01,B01
200700001886,0,07,000,00,2,8,15,A01
200700001887,0,07,000,00,2,1,16,A01
200700001887,0,33,000,00,2,2,01,B01
200700001888,0,07,000,00,1,7,01,A01
200700001889,0,07,000,00,2,1,01,A01
200700001889,0,01,000,00,0,4,15,B01
200700001890,0,07,000,01,1,1,02,A01
200700001890,0,07,000,00,2,1,23,B01
200700001891,0,07,000,00,1,0,00,A01
200700001892,0,07,000,13,0,0,00,A01
200700001893,0,07,000,00,9,3,01,A01
200700001893,0,02,000,00,2,1,01,B01
200700001894,0,07,000,08,0,1,13,A01
200700001894,0,07,000,00,2,1,01,B01
200700001895,0,30,000,11,0,1,01,A01
200700001896,2,07,000,06,2,4,04,A01
200700001896,0,07,000,00,2,1,01,B01
200700001897,0,07,000,00,1,1,01,A01
200700001898,0,07,000,00,1,1,01,A01
200700001899,0,07,000,00,2,2,16,A01
200700001899,0,07,000,00,2,1,01,B01
200700001900,0,07,000,00,2,3,01,A01
200700001900,0,30,000,00,2,1,01,B01
200700001901,0,07,000,00,1,1,01,A01
200700001902,0,07,000,06,0,1,01,A01
200700001903,0,07,000,00,9,2,15,A01
200700001903,0,01,000,00,2,1,01,B01
200700001904,0,01,000,00,1,2,01,A01
200700001905,0,07,000,00,1,2,16,A01
200700001906,1,07,000,00,1,0,00,A01
200700001907,0,07,000,02,0,1,14,A01
200700001908,0,07,000,00,1,2,01,A01
200700001909,0,07,000,00,2,4,23,C01
200700001909,0,07,000,00,2,1,02,A01
200700001909,0,07,000,00,2,4,23,B01
200700001910,0,07,000,00,2,4,02,B01
200700001910,2,07,000,00,2,1,02,A01
200700001911,1,07,000,00,0,0,00,A01
200700001912,0,07,000,00,2,2,01,A01
200700001912,0,07,000,00,2,1,15,B01
200700001913,0,10,000,00,2,4,01,A01
200700001913,0,17,000,00,2,4,01,B01
200700001913,0,17,000,00,2,1,01,C01
200700001913,0,07,000,00,2,1,01,D01
200700001914,0,07,000,00,2,1,05,A01
200700001914,0,07,000,00,2,1,01,F01
200700001914,0,07,000,00,2,1,01,B01
200700001914,0,07,000,00,0,0,21,C01
200700001914,0,07,000,00,2,1,21,D01
200700001914,0,07,000,00,0,4,01,E01
200700001915,0,07,000,00,0,2,15,A01
200700001916,0,07,000,00,6,1,21,A01
200700001917,0,07,000,00,2,7,15,A01
200700001917,0,31,000,00,2,1,01,B01
200700001918,0,30,000,00,2,1,01,A01
200700001918,0,07,000,00,2,3,01,B01
200700001919,0,07,000,00,2,1,01,B01
200700001919,0,02,000,01,2,1,17,A01
200700001920,0,07,000,00,1,2,01,A01
200700001921,0,07,000,00,2,1,01,A01
200700001921,0,07,000,00,2,4,01,B01
200700001921,0,07,000,00,0,4,01,C01
200700001922,0,07,000,00,0,6,02,B01
200700001922,0,07,000,14,2,1,02,A01
200700001923,0,07,000,00,2,1,01,B01
200700001923,0,07,000,00,0,3,09,A01
200700001924,0,07,000,00,0,1,05,A01
200700001924,0,07,000,00,2,1,01,B01
200700001925,0,34,000,00,2,0,02,A01
200700001925,0,07,000,00,0,4,01,B01
200700001926,0,10,000,00,2,1,02,A01
200700001926,0,07,000,00,2,9,02,B01
200700001926,0,07,000,00,2,4,02,C01
200700001927,0,07,000,00,2,7,01,A01
200700001927,0,01,000,00,2,1,01,B01
200700001928,0,07,000,00,2,1,17,A01
200700001928,0,07,000,00,2,3,13,B01
200700001929,0,07,000,00,2,1,00,A01
200700001929,0,07,000,00,0,4,02,B01
200700001930,0,07,000,06,0,3,00,A01
200700001931,0,07,000,00,0,1,02,A01
200700001931,0,07,000,00,2,9,02,B01
200700001931,0,07,000,00,2,9,02,C01
200700001932,0,07,000,08,0,1,01,A01
200700001933,0,07,000,00,0,1,15,A01
200700001933,0,33,000,00,0,1,01,B01
200700001934,0,07,000,00,2,1,01,A01
200700001934,0,07,000,00,2,7,01,B01
200700001935,0,07,000,06,0,1,01,A01
200700001936,0,07,000,00,2,7,15,A01
200700001936,0,02,000,00,2,0,00,B01
200700001937,0,07,000,00,2,1,02,A01
200700001937,0,07,000,00,1,4,23,B01
200700001938,2,07,000,00,0,2,02,A01
200700001938,0,07,000,00,0,6,15,B01
200700001939,0,07,000,00,2,3,00,A01
200700001939,0,07,000,00,2,8,00,B01
200700001940,0,07,000,00,2,1,00,B01
200700001940,0,07,000,00,2,8,09,A01
200700001941,1,07,000,00,0,0,00,A01
200700001941,0,02,000,00,2,1,00,B01
200700001942,0,07,000,00,2,6,10,A01
200700001942,0,34,000,00,2,1,01,B01
200700001943,1,99,000,00,2,7,02,A01
200700001943,0,33,000,00,2,6,02,B01
200700001944,0,07,000,00,0,1,00,C01
200700001944,0,07,000,00,0,5,00,B01
200700001944,0,07,000,00,0,1,00,A01
200700001945,0,33,000,00,2,1,01,A01
200700001945,1,07,000,00,0,0,00,B01
200700001946,0,07,000,00,0,2,02,A01
200700001946,0,07,000,00,2,2,01,B01
200700001947,1,99,000,00,1,3,12,A01
200700001948,0,07,000,00,0,1,15,A01
200700001948,0,32,000,00,0,8,01,B01
200700001949,0,07,000,00,2,1,01,B01
200700001949,0,07,000,00,2,3,09,A01
200700001950,0,32,000,00,2,7,17,A01
200700001950,0,07,000,00,2,3,15,B01
200700001951,1,32,000,00,1,0,01,A01
200700001952,1,15,000,00,1,8,01,A01
200700001953,0,07,000,01,2,7,15,A01
200700001953,0,07,000,00,2,1,01,B01
200700001954,1,07,000,00,1,0,00,A01
200700001955,0,32,000,00,2,3,02,A01
200700001955,0,07,000,00,2,2,02,B01
200700001956,0,07,000,00,0,1,01,A01
200700001956,0,33,000,00,0,1,01,B01
200700001957,0,07,000,00,2,2,15,A01
200700001957,1,07,000,00,2,0,00,B01
200700001958,1,99,000,00,1,0,16,A01
200700001959,0,07,000,00,1,1,01,A01
200700001960,0,07,000,00,2,2,02,B01
200700001960,0,07,000,00,2,1,09,A01
200700001961,0,07,000,00,2,2,01,A01
200700001961,0,07,000,00,2,8,01,B01
200700001962,0,34,000,00,0,7,07,A01
200700001963,0,30,000,00,2,1,02,A01
200700001963,0,07,000,00,2,3,11,B01
200700001964,0,07,000,00,2,1,15,A01
200700001964,0,34,000,00,2,3,01,B01
200700001965,0,07,000,00,1,1,15,A01
200700001966,0,07,000,01,0,9,01,A01
200700001967,0,07,000,00,2,1,15,A01
200700001967,0,30,000,00,2,0,01,B01
200700001968,0,07,000,00,1,3,15,A01
200700001969,0,02,000,00,1,0,00,A01
200700001969,0,07,000,00,2,3,01,B01
200700001970,0,07,000,00,0,0,00,A01
200700001970,0,33,000,00,2,1,01,B01
200700001971,0,33,000,00,1,1,01,A01
200700001972,0,07,000,00,2,1,01,A01
200700001972,0,07,000,00,2,4,01,B01
200700001973,0,02,000,00,1,8,02,A01
200700001974,0,07,000,00,2,0,15,A01
200700001974,0,33,000,00,0,0,01,B01
200700001975,0,02,000,00,0,0,00,A01
200700001976,0,07,000,00,2,7,01,B01
200700001976,0,07,000,00,2,1,01,A01
200700001977,1,07,000,00,2,0,15,A01
200700001977,0,31,000,00,2,1,01,B01
200700001978,1,99,000,00,1,0,00,A01
200700001979,0,07,000,00,2,8,01,A01
200700001979,0,07,000,00,2,1,01,B01
200700001980,2,07,000,00,2,1,01,A01
200700001980,0,07,000,00,2,3,01,B01
200700001981,0,07,000,12,0,9,02,A01
200700001982,0,07,000,00,2,2,01,A01
200700001982,1,07,000,00,2,0,16,B01
200700001983,1,99,000,00,0,0,00,B01
200700001984,0,07,000,06,0,1,00,A01
200700001985,0,07,000,00,1,3,19,A01
200700001986,0,33,000,00,0,0,00,A01
200700001987,0,07,000,00,2,1,16,A01
200700001987,0,07,000,00,2,1,01,B01
200700001988,0,07,000,00,1,1,00,A01
200700001989,0,30,000,13,0,0,16,A01
200700001990,0,07,000,00,2,1,17,A01
200700001990,0,30,000,00,2,1,01,B01
200700001991,0,33,000,00,2,1,01,A01
200700001991,0,07,000,00,2,2,15,B01
200700001992,0,07,000,00,2,5,19,B01
200700001992,0,33,000,00,2,1,01,A01
200700001993,0,01,000,00,2,2,02,B01
200700001993,0,07,000,00,9,3,15,A01
200700001994,0,07,000,00,0,0,00,A01
200700001995,0,07,000,00,0,4,23,B01
200700001995,0,07,000,00,2,1,02,A01
200700001996,0,07,000,00,2,4,00,B01
200700001996,0,07,000,00,2,1,00,A01
200700001997,0,02,000,00,2,5,15,A01
200700001997,0,07,000,00,2,2,15,B01
200700001998,0,14,000,00,0,6,23,B01
200700001998,0,07,000,01,0,2,02,A01
200700001999,1,99,000,00,0,0,00,A01
200700002000,0,01,000,00,0,0,00,B01
200700002000,0,07,000,00,9,0,15,A01
200700002001,0,07,000,00,0,4,23,B01
200700002001,0,07,000,00,2,1,02,A01
200700002002,0,30,000,00,0,8,01,A01
200700002003,0,07,000,00,2,1,01,B01
200700002003,0,07,000,00,2,1,09,A01
200700002004,0,30,000,00,0,7,02,A01
200700002005,0,07,000,12,0,8,12,A01
200700002005,0,16,000,00,0,0,00,B01
200700002006,0,37,000,00,2,3,01,B01
200700002006,0,07,000,00,2,1,01,A01
200700002007,0,07,000,00,2,4,01,B01
200700002007,0,34,000,00,2,2,01,A01
200700002008,0,07,000,00,0,3,15,A01
200700002008,0,30,000,00,2,2,17,B01
200700002009,0,33,000,00,0,1,00,B01
200700002009,0,07,000,00,0,3,09,A01
200700002010,0,07,000,00,2,8,15,A01
200700002010,0,33,000,00,2,3,21,B01
200700002011,0,31,000,00,2,1,17,B01
200700002011,0,07,000,00,2,3,15,A01
200700002012,0,33,000,00,1,6,02,A01
200700002013,0,07,000,00,1,1,01,A01
200700002014,1,07,000,00,1,1,00,A01
200700002015,0,07,000,00,1,2,01,A01
200700002016,0,07,000,00,1,0,24,A01
200700002017,0,30,000,00,2,8,18,A01
200700002017,0,07,000,00,2,2,16,B01
200700002018,0,07,000,00,2,1,15,A01
200700002018,0,07,000,00,2,3,01,B01
200700002019,0,33,000,00,2,1,01,A01
200700002019,0,07,000,00,2,3,19,B01
200700002020,0,07,000,08,0,8,01,A01
200700002021,0,10,000,00,1,1,15,A01
200700002022,0,07,000,00,2,3,09,A01
200700002022,0,31,000,00,2,1,01,B01
200700002023,0,07,000,00,2,2,01,A01
200700002023,0,33,000,00,2,4,02,B01
200700002024,0,07,000,00,2,7,15,A01
200700002024,0,33,000,00,2,3,01,B01
200700002025,0,30,000,00,2,8,09,A01
200700002025,0,37,001,00,2,1,01,B01
200700002026,0,07,000,00,2,6,15,A01
200700002026,0,32,000,00,2,6,17,B01
200700002027,0,33,000,00,0,0,01,A01
200700002028,0,07,000,00,2,1,02,A01
200700002028,0,07,000,00,0,4,02,B01
200700002029,0,07,000,00,2,3,15,A01
200700002029,0,31,000,00,2,1,02,B01
200700002030,0,07,000,00,2,2,16,A01
200700002030,0,34,000,00,2,8,02,B01
200700002031,0,07,000,00,1,4,04,A01
200700002032,0,07,000,00,2,2,15,B01
200700002032,0,07,000,00,2,6,04,A01
200700002033,0,07,000,00,2,2,02,A01
200700002033,0,31,000,00,2,3,00,B01
200700002034,0,33,000,00,0,0,00,B01
200700002034,0,07,000,00,0,0,00,A01
200700002035,0,07,000,00,9,1,02,A01
200700002035,0,34,000,00,2,4,02,B01
200700002036,0,30,000,00,2,1,08,A01
200700002036,0,07,000,00,2,7,16,B01
200700002037,0,07,000,00,1,6,04,A01
200700002038,0,07,000,01,2,1,01,A01
200700002038,0,07,000,01,2,8,01,B01
200700002039,0,13,000,00,2,5,04,A01
200700002039,0,07,000,08,2,3,24,B01
200700002040,0,07,000,02,0,2,01,A01
200700002041,0,07,000,00,2,1,15,A01
200700002041,0,32,000,00,2,1,01,B01
200700002042,0,07,000,00,2,1,01,A01
200700002042,0,07,000,00,2,4,01,B01
200700002042,0,07,000,00,2,4,23,C01
200700002043,0,07,000,00,2,3,15,A01
200700002043,0,33,000,00,2,7,01,B01
200700002044,0,07,000,00,2,1,02,A01
200700002044,0,07,000,00,2,4,02,B01
200700002045,0,07,000,01,2,2,01,B01
200700002045,0,07,000,01,2,8,09,A01
200700002046,0,20,000,00,0,8,01,A01
200700002047,0,07,000,00,2,2,15,A01
200700002047,0,07,000,00,2,3,01,B01
200700002048,0,07,000,00,0,0,00,A01
200700002048,0,33,000,00,0,0,00,B01
200700002048,0,33,000,00,0,0,00,C01
200700002049,0,07,000,00,0,1,00,A01
200700002049,0,37,002,00,0,2,00,B01
200700002050,0,07,000,00,0,2,01,A01
200700002051,0,07,000,00,9,6,04,A01
200700002051,0,30,000,00,2,5,01,B01
200700002052,0,07,000,00,2,2,01,A01
200700002052,0,07,000,00,2,1,02,B01
200700002052,0,07,000,00,2,1,02,C01
200700002052,1,99,000,00,0,0,00,D01
200700002052,1,99,000,00,0,0,00,E01
200700002053,0,07,000,01,0,6,00,A01
200700002054,0,07,000,00,2,1,01,A01
200700002054,0,07,000,00,0,4,01,B01
200700002055,0,07,000,00,2,1,02,A01
200700002055,0,07,000,00,2,4,02,B01
200700002056,0,30,000,00,1,1,02,A01
200700002057,0,07,000,00,0,1,02,A01
200700002057,0,33,000,00,0,4,02,B01
200700002058,0,33,000,00,2,1,01,A01
200700002058,0,07,000,00,2,1,16,B01
200700002059,0,07,000,00,0,8,09,A01
200700002059,0,32,000,00,0,2,02,B01
200700002060,0,07,000,00,2,3,01,A01
200700002060,0,30,000,00,2,1,05,B01
200700002061,0,07,000,00,2,1,02,A01
200700002061,0,07,000,00,2,4,02,B01
200700002062,0,07,000,00,1,2,16,A01
200700002063,0,07,000,00,1,5,20,A01
200700002064,0,32,000,00,2,5,02,A01
200700002064,2,07,000,00,2,0,11,B01
200700002065,0,07,000,00,2,1,02,B01
200700002065,0,07,000,00,2,3,09,A01
200700002066,0,07,000,00,1,1,15,A01
200700002067,0,30,000,00,2,1,01,A01
200700002067,0,30,000,00,2,1,00,B01
200700002068,0,07,000,00,2,1,02,A01
200700002068,0,07,000,00,2,4,02,B01
200700002068,0,07,000,00,2,4,02,C01
200700002069,0,33,000,00,2,7,02,A01
200700002069,0,17,000,00,2,5,02,B01
200700002070,0,07,000,00,2,1,01,B01
200700002070,0,07,000,08,2,8,01,A01
200700002071,0,01,000,00,2,1,01,B01
200700002071,0,07,000,00,1,3,15,A01
200700002072,0,07,000,06,0,2,01,A01
200700002073,0,07,000,00,0,1,09,A01
200700002073,0,34,000,00,0,8,01,B01
200700002074,0,07,000,00,1,4,04,A01
200700002075,0,32,000,00,1,1,00,A01
200700002076,0,07,000,01,2,1,15,A01
200700002076,0,02,000,00,2,1,02,B01
200700002077,1,30,000,00,2,1,01,B01
200700002077,0,07,000,00,2,3,15,A01
200700002078,0,07,000,00,1,1,01,A01
200700002079,0,07,000,00,2,1,01,A01
200700002079,0,07,000,00,2,4,15,B01
200700002080,0,33,000,00,0,8,01,A01
200700002081,0,02,000,01,0,1,07,A01
200700002081,0,07,000,00,0,0,00,B01
200700002082,0,07,000,00,2,8,09,A01
200700002082,0,02,000,00,2,1,01,B01
200700002083,0,07,000,00,2,1,02,A01
200700002083,0,07,000,00,2,4,02,B01
200700002083,0,07,000,00,2,4,02,C01
200700002084,0,01,000,00,2,1,01,A01
200700002084,0,07,000,00,9,3,01,B01
200700002085,0,31,000,00,1,1,17,A01
200700002086,0,07,000,00,0,0,10,A01
200700002086,0,31,000,00,0,0,01,B01
200700002087,0,31,000,00,2,1,01,A01
200700002087,0,07,000,00,0,6,01,B01
200700002088,0,07,000,00,1,7,01,A01
200700002089,0,07,000,00,2,6,10,A01
200700002089,0,31,000,00,2,1,01,B01
200700002090,0,07,000,00,2,1,02,A01
200700002090,0,31,000,00,2,4,02,B01
200700002091,0,07,000,00,9,3,09,A01
200700002091,0,32,000,00,2,2,01,B01
200700002091,0,07,000,00,9,3,24,C01
200700002092,0,02,000,00,2,1,13,A01
200700002092,0,07,000,00,2,1,00,B01
200700002093,0,07,000,00,1,0,01,A01
200700002094,0,30,000,00,2,1,18,A01
200700002094,0,07,000,00,0,2,23,B01
200700002094,0,07,000,00,0,8,23,C01
200700002095,0,37,050,00,2,1,01,A01
200700002095,1,31,000,00,2,0,01,B01
200700002096,0,33,000,11,2,2,02,A01
200700002096,0,99,000,00,2,6,02,B01
200700002097,0,30,000,00,2,8,00,B01
200700002097,1,99,000,00,2,0,00,A01
200700002098,0,07,000,00,0,2,21,A01
200700002098,0,07,000,00,0,4,23,B01
200700002098,0,07,000,00,0,4,23,C01
200700002099,0,07,000,00,2,3,16,A01
200700002099,0,30,000,00,2,1,01,B01
200700002100,0,07,000,00,2,1,15,A01
200700002100,0,34,000,00,2,1,01,B01
200700002101,0,33,000,00,2,3,01,A01
200700002101,0,07,000,00,2,3,01,B01
200700002102,0,32,000,00,1,1,07,A01
200700002103,0,30,000,00,2,1,01,A01
200700002103,0,07,000,00,2,3,19,B01
200700002104,0,07,000,00,2,3,01,A01
200700002104,0,03,000,00,2,1,01,B01
200700002105,0,33,000,00,1,1,21,A01
200700002106,0,07,000,00,2,3,10,A01
200700002106,0,33,000,00,2,1,00,B01
200700002107,0,31,000,14,0,1,01,A01
200700002107,0,07,000,00,0,4,23,B01
200700002108,0,07,000,00,2,1,02,A01
200700002108,0,07,000,00,2,1,02,B01
200700002108,0,07,000,00,0,4,02,C01
200700002109,0,32,000,00,0,1,11,A01
200700002109,0,33,000,00,0,8,09,B01
200700002110,0,30,000,14,1,1,01,A01
200700002111,0,34,000,00,2,4,23,A01
200700002111,0,07,000,00,2,4,23,B01
200700002111,0,07,000,00,2,4,23,C01
200700002111,0,07,000,00,2,1,00,D01
200700002112,0,07,000,00,0,6,11,A01
200700002112,0,34,000,00,0,0,00,B01
200700002112,0,33,000,00,0,0,00,C01
200700002113,0,07,000,00,2,1,02,A01
200700002113,0,07,000,00,2,4,02,B01
200700002113,0,31,000,00,0,4,02,C01
200700002114,0,07,000,00,1,2,02,A01
200700002115,0,07,000,00,2,1,09,A01
200700002115,0,31,000,01,2,6,02,B01
200700002116,0,30,000,00,2,5,14,A01
200700002116,0,33,000,00,2,6,01,B01
200700002117,0,07,000,00,1,7,02,A01
200700002118,0,30,000,06,2,1,17,A01
200700002118,0,07,000,00,2,8,15,B01
200700002119,0,33,000,00,2,2,02,A01
200700002119,0,07,000,00,0,6,02,B01
200700002120,0,07,000,00,2,3,15,A01
200700002120,0,32,000,00,2,1,18,B01
200700002121,0,07,000,00,1,1,02,A01
200700002122,0,33,000,00,0,0,00,A01
200700002123,0,07,000,00,2,3,15,A01
200700002123,0,32,000,00,2,1,01,B01
200700002124,0,14,000,00,2,2,15,A01
200700002124,0,07,000,00,0,6,01,B01
200700002125,0,33,000,00,2,1,21,A01
200700002125,0,07,000,00,2,4,01,B01
200700002126,0,07,000,00,1,2,17,A01
200700002127,0,10,000,00,1,0,01,A01
200700002128,0,07,000,00,2,2,01,A01
200700002128,0,07,000,00,2,6,02,B01
200700002128,0,07,000,00,2,1,02,C01
200700002129,0,07,000,00,1,6,02,A01
200700002130,0,32,000,01,0,3,13,A01
200700002130,0,10,000,00,2,5,24,B01
200700002131,0,31,000,00,0,7,01,A01
200700002132,0,13,000,00,1,4,20,A01
200700002133,0,07,000,00,2,1,02,A01
200700002133,0,07,000,00,0,4,02,B01
200700002134,0,33,000,00,1,1,01,A01
200700002135,0,30,000,00,2,7,17,A01
200700002135,0,07,000,00,2,3,15,B01
200700002136,0,02,000,00,0,0,01,A01
200700002137,0,30,000,00,2,3,03,A01
200700002137,0,07,000,00,2,3,01,B01
200700002138,0,07,000,00,2,3,15,A01
200700002138,0,30,000,01,2,1,01,B01
200700002139,0,33,000,00,2,1,02,A01
200700002139,0,07,000,00,2,4,02,B01
200700002140,0,07,000,00,2,1,01,A01
200700002140,0,07,000,00,2,3,09,B01
200700002141,0,07,000,00,1,4,04,A01
200700002142,0,30,000,00,5,1,00,A01
200700002143,0,07,000,00,2,8,10,A01
200700002143,0,33,000,00,2,1,02,B01
200700002144,0,05,000,00,2,8,18,A01
200700002144,0,07,000,00,2,2,16,B01
200700002145,0,34,000,00,2,1,18,A01
200700002145,0,07,000,00,2,5,00,B01
200700002146,1,07,000,00,2,8,11,A01
200700002146,0,02,000,00,0,0,02,B01
200700002147,0,31,000,00,2,2,09,A01
200700002147,0,07,000,00,2,0,01,B01
200700002148,0,33,000,00,2,1,01,A01
200700002148,0,07,000,00,2,8,01,B01
200700002149,0,07,000,00,2,1,01,A01
200700002149,0,34,000,00,2,4,23,B01
200700002150,0,07,000,00,1,0,09,A01
200700002151,0,07,000,00,2,8,19,A01
200700002151,0,07,000,00,2,1,01,B01
200700002152,0,07,000,00,1,3,01,A01
200700002153,0,20,000,00,1,1,16,A01
200700002154,0,07,000,00,2,3,13,A01
200700002154,0,33,000,00,2,1,01,B01
200700002155,0,30,000,00,0,1,17,A01
200700002155,0,31,000,00,2,1,23,B01
200700002156,0,07,000,00,1,4,02,A01
200700002157,0,07,000,00,0,3,15,A01
200700002157,0,05,000,00,0,1,17,B01
200700002158,0,07,000,00,2,1,01,A01
200700002158,0,32,000,00,2,3,15,B01
200700002159,0,30,000,00,2,1,01,B01
200700002159,0,07,000,00,2,3,15,A01
200700002160,0,30,000,00,2,1,02,A01
200700002160,0,07,000,00,0,4,02,B01
200700002161,0,07,000,08,2,2,02,A01
200700002161,0,07,000,00,2,5,02,B01
200700002162,0,07,000,00,2,5,15,A01
200700002162,0,02,000,00,2,1,02,B01
200700002163,0,07,000,00,2,1,02,A01
200700002163,0,10,000,00,0,4,02,B01
200700002164,0,07,000,00,2,8,10,A01
200700002164,0,05,000,00,2,1,02,B01
200700002165,0,07,000,00,9,7,16,A01
200700002165,0,32,000,00,2,8,02,B01
200700002166,0,33,000,00,2,1,01,A01
200700002166,0,07,000,00,2,1,15,B01
200700002167,0,33,000,00,2,1,21,A01
200700002167,0,07,000,00,2,3,09,B01
200700002168,0,30,000,00,2,1,02,B01
200700002168,1,07,000,00,2,4,02,A01
200700002169,0,33,000,00,2,2,17,A01
200700002169,0,07,000,00,2,6,15,B01
200700002170,0,07,000,00,1,2,01,A01
200700002171,0,33,000,00,1,1,01,A01
200700002172,0,30,000,00,1,0,01,A01
200700002173,0,30,000,00,0,1,09,A01
200700002173,0,07,000,00,0,7,00,B01
200700002174,0,07,000,00,0,8,00,A01
200700002174,0,07,000,00,2,7,00,B01
200700002175,0,07,000,15,0,2,01,A01
200700002176,0,07,000,00,2,1,02,A01
200700002176,0,07,000,00,2,4,01,B01
200700002177,0,14,000,00,0,0,01,A01
200700002177,0,07,000,11,0,1,01,B01
200700002178,0,07,000,00,2,1,11,A01
200700002178,0,32,000,00,2,1,02,B01
200700002179,0,07,000,00,2,7,15,A01
200700002179,0,33,000,00,2,1,01,B01
200700002180,0,32,000,00,2,7,15,A01
200700002180,0,07,000,00,2,6,15,B01
200700002181,0,07,000,00,2,2,15,A01
200700002181,0,33,000,00,2,1,01,B01
200700002182,0,10,000,00,2,1,02,A01
200700002182,0,10,000,00,0,4,23,B01
200700002183,0,34,000,00,2,1,01,A01
200700002183,0,10,000,01,2,7,00,B01
200700002184,0,32,000,00,2,1,02,A01
200700002184,0,07,000,00,0,2,15,B01
200700002185,0,07,000,00,2,1,09,A01
200700002185,0,07,000,00,2,8,09,B01
200700002186,0,07,000,00,0,6,02,A01
200700002186,0,07,000,00,2,1,00,B01
200700002187,1,99,000,00,1,4,04,A01
200700002188,0,07,000,00,1,4,04,A01
200700002189,0,07,000,00,2,1,02,A01
200700002189,0,07,000,00,2,4,01,B01
200700002189,0,07,000,00,2,4,01,C01
200700002190,0,07,000,00,0,4,04,A01
200700002190,0,30,000,00,2,3,00,B01
200700002191,0,07,000,00,2,3,11,A01
200700002191,0,32,000,00,2,1,02,B01
200700002192,0,07,000,00,2,6,19,B01
200700002192,0,07,000,00,2,2,19,A01
200700002193,1,07,000,00,0,0,00,A01
200700002193,0,30,000,00,2,8,01,B01
200700002194,0,07,000,00,2,7,15,A01
200700002194,0,33,000,00,2,1,01,B01
200700002195,0,07,000,00,0,2,15,A01
200700002195,0,07,000,00,0,1,01,B01
200700002196,0,07,000,00,1,4,04,A01
200700002197,0,07,000,08,1,1,16,A01
200700002198,0,30,000,01,2,1,03,A01
200700002198,0,07,000,00,2,7,22,B01
200700002198,0,07,000,00,2,6,01,C01
200700002199,0,34,000,00,2,6,01,B01
200700002199,0,07,000,00,2,3,01,A01
200700002200,0,30,000,00,2,2,02,B01
200700002200,0,07,000,00,2,3,09,A01
200700002201,0,07,000,00,0,1,00,A01
200700002201,0,02,000,00,0,0,00,B01
200700002202,0,32,000,00,2,1,01,B01
200700002202,0,07,000,00,2,2,15,A01
200700002203,0,07,000,00,2,1,00,A01
200700002203,0,07,000,00,0,5,11,B01
200700002204,0,07,000,00,2,4,10,A01
200700002204,0,33,000,00,2,1,01,B01
200700002205,0,30,000,00,2,3,18,A01
200700002205,0,07,000,00,2,5,16,B01
200700002206,0,07,000,00,2,2,05,A01
200700002206,0,07,000,00,2,2,05,B01
200700002207,0,07,000,15,1,0,01,A01
200700002208,0,30,000,00,9,0,00,A01
200700002208,0,15,000,00,0,0,00,B01
200700002209,0,07,000,00,2,3,09,A01
200700002209,0,07,000,00,2,2,01,B01
200700002210,0,07,000,00,1,1,02,A01
200700002211,0,07,000,00,2,6,10,A01
200700002211,0,33,000,00,2,1,02,B01
200700002212,0,07,000,00,2,8,10,A01
200700002212,0,32,000,00,2,1,01,B01
200700002213,0,07,000,00,2,4,04,A01
200700002213,0,07,000,00,2,1,00,B01
200700002214,0,05,000,00,1,1,01,A01
200700002215,0,07,000,00,2,1,17,A01
200700002215,0,05,000,00,2,1,01,B01
200700002216,0,07,000,00,1,1,15,A01
200700002217,0,07,000,00,2,1,01,A01
200700002217,0,07,000,00,2,7,01,B01
200700002218,0,38,001,00,2,3,01,B01
200700002218,0,07,000,00,2,1,19,A01
200700002219,0,33,000,01,0,1,13,A01
200700002220,0,07,000,08,0,1,01,A01
200700002221,0,07,000,00,2,1,01,A01
200700002221,0,07,000,00,0,4,01,B01
200700002222,0,07,000,00,2,2,01,A01
200700002222,0,07,000,00,2,1,01,B01
200700002223,0,07,000,00,2,3,15,A01
200700002223,0,31,000,00,2,1,01,B01
200700002224,0,07,000,00,1,2,01,A01
200700002225,0,07,000,00,0,6,09,A01
200700002225,0,05,000,00,2,1,02,B01
200700002226,0,02,000,00,2,4,11,A01
200700002226,0,05,000,00,2,1,11,B01
200700002227,0,07,000,01,0,9,14,A01
200700002228,0,07,000,00,2,1,05,A01
200700002228,0,07,000,00,0,0,01,B01