Num_Acc,senc,catv,occutc,obs,obsm,choc,manv,num_veh
200700002228,0,07,000,00,2,1,01,C01
200700002229,0,07,000,00,2,8,06,A01
200700002229,0,33,000,00,2,1,01,B01
200700002230,0,10,000,00,2,1,03,A01
200700002230,0,07,000,00,2,3,01,B01
200700002231,0,30,000,00,2,8,10,A01
200700002231,0,07,000,00,2,1,01,B01
200700002232,0,07,000,00,1,1,01,A01
200700002233,0,07,000,00,2,1,01,A01
200700002233,0,07,000,00,0,4,01,B01
200700002234,0,07,000,00,0,8,01,B01
200700002234,0,07,000,00,2,2,15,A01
200700002235,0,33,000,00,2,7,00,A01
200700002235,0,07,000,00,2,3,15,B01
200700002236,0,02,000,00,2,7,01,A01
200700002236,1,07,000,00,2,7,15,B01
200700002237,0,33,000,00,2,2,19,A01
200700002237,0,02,000,00,2,1,01,B01
200700002238,0,07,000,00,2,1,01,A01
200700002238,0,07,000,00,2,5,04,B01
200700002239,0,10,000,00,2,1,01,A01
200700002239,0,15,000,00,2,6,16,B01
200700002240,0,07,000,00,2,2,02,A01
200700002240,0,07,000,00,2,6,02,B01
200700002240,0,07,000,00,0,5,02,C01
200700002241,0,07,000,00,2,5,16,A01
200700002241,0,01,000,00,2,1,00,B01
200700002242,0,07,000,00,2,1,02,A01
200700002242,0,33,000,00,2,4,02,B01
200700002242,0,07,000,00,2,4,02,C01
200700002243,0,07,000,00,2,3,15,A01
200700002243,0,07,000,00,2,1,01,B01
200700002244,0,02,000,00,2,7,17,A01
200700002244,0,07,000,00,2,8,00,B01
200700002245,0,07,000,00,2,3,16,A01
200700002245,0,38,001,00,2,3,01,B01
200700002246,0,07,000,00,1,1,01,A01
200700002247,0,02,000,00,1,1,01,A01
200700002248,0,07,000,00,1,2,15,A01
200700002249,0,07,000,00,1,1,01,A01
200700002250,0,03,000,04,0,1,13,A01
200700002251,0,10,000,00,2,1,02,A01
200700002251,0,07,000,00,0,4,02,B01
200700002252,0,07,000,00,2,2,15,A01
200700002252,0,02,000,01,2,1,01,B01
200700002253,0,17,000,04,2,1,01,A01
200700002253,0,17,000,04,0,4,01,B01
200700002253,0,17,000,00,2,1,01,C01
200700002253,0,07,000,00,2,4,01,D01
200700002254,0,30,000,00,0,0,02,A01
200700002255,0,07,000,00,1,4,04,A01
200700002256,0,07,000,00,2,3,13,A01
200700002256,0,07,000,00,2,3,01,B01
200700002257,0,07,000,13,0,9,01,A01
200700002258,0,07,000,00,2,3,01,B01
200700002258,0,07,000,00,2,1,15,A01
200700002259,0,07,000,00,1,1,01,A01
200700002260,0,07,000,00,2,3,15,A01
200700002260,0,33,000,00,2,3,01,B01
200700002261,0,07,000,00,1,0,01,A01
200700002262,0,07,000,00,1,2,02,A01
200700002263,0,07,000,00,1,1,01,A01
200700002264,0,07,000,00,1,2,02,A01
200700002265,0,07,000,00,2,5,04,A01
200700002265,0,02,000,00,2,1,00,B01
200700002266,0,07,000,00,1,2,01,A01
200700002267,0,07,000,00,2,1,01,A01
200700002267,0,07,000,00,2,4,01,B01
200700002268,0,07,000,00,2,1,13,A01
200700002268,0,02,000,00,2,7,01,B01
200700002269,0,13,000,00,2,4,01,A01
200700002269,0,13,000,00,2,1,01,B01
200700002269,0,13,000,00,2,1,01,C01
200700002270,0,33,000,00,2,4,01,A01
200700002270,0,07,000,00,2,4,01,B01
200700002271,0,07,000,00,2,3,19,A01
200700002271,0,02,000,00,2,1,01,B01
200700002272,0,33,000,00,2,2,01,B01
200700002272,0,07,000,00,0,3,16,A01
200700002273,0,07,000,06,0,1,14,A01
200700002274,0,01,000,14,0,4,01,B01
200700002274,0,17,000,12,9,3,02,A01
200700002275,0,07,000,00,2,1,01,A01
200700002275,0,07,000,00,2,5,01,B01
200700002276,0,10,000,00,2,2,02,A01
200700002276,0,07,000,00,2,4,02,B01
200700002277,0,07,000,00,2,1,01,A01
200700002277,0,07,000,00,2,4,01,B01
200700002278,0,01,000,00,0,0,01,A01
200700002279,0,07,000,00,2,7,01,B01
200700002279,0,07,000,00,2,1,09,A01
200700002280,0,07,000,00,2,1,01,A01
200700002280,0,07,000,00,2,4,23,B01
200700002281,0,01,000,00,2,1,01,A01
200700002281,0,02,000,00,2,4,13,B01
200700002282,0,07,000,06,0,1,13,A01
200700002283,0,02,000,00,2,2,01,B01
200700002283,0,07,000,00,2,3,01,A01
200700002284,0,07,000,00,2,1,02,A01
200700002284,0,07,000,00,2,4,02,B01
200700002284,0,07,000,00,2,4,02,C01
200700002285,0,01,000,00,2,6,13,A01
200700002285,0,07,000,00,2,7,17,B01
200700002286,0,07,000,00,2,1,02,A01
200700002286,0,07,000,00,2,4,23,B01
200700002286,0,07,000,00,2,4,23,C01
200700002287,0,07,000,00,1,3,16,A01
200700002288,0,33,000,00,2,7,01,A01
200700002288,0,01,000,00,2,8,15,B01
200700002289,0,30,000,00,0,7,00,A01
200700002290,0,07,000,00,0,7,01,A01
200700002291,0,07,000,00,2,3,01,B01
200700002291,0,07,000,00,2,2,01,A01
200700002292,0,07,000,00,2,1,02,A01
200700002292,0,07,000,00,2,1,23,B01
200700002292,0,07,000,00,2,4,23,C01
200700002293,0,07,000,00,2,1,15,A01
200700002293,0,07,000,00,2,1,01,B01
200700002294,0,07,000,00,2,7,17,A01
200700002294,0,34,000,00,2,8,13,B01
200700002295,0,07,000,00,2,3,11,A01
200700002295,0,31,000,00,2,5,01,B01
200700002296,0,07,000,00,2,7,16,A01
200700002296,0,32,000,00,2,3,18,B01
200700002297,0,07,000,00,2,3,16,A01
200700002297,0,02,000,00,2,1,01,B01
200700002298,0,07,000,00,2,8,10,A01
200700002298,0,02,000,00,2,1,01,B01
200700002299,0,02,000,00,1,1,01,A01
200700002300,0,07,000,03,2,8,17,A01
200700002300,0,07,000,00,2,3,02,B01
200700002301,0,07,000,00,1,7,01,A01
200700002302,0,10,000,00,0,0,22,A01
200700002302,0,01,000,00,0,0,13,B01
200700002302,0,07,000,00,0,0,01,C01
200700002303,0,07,000,00,0,0,01,A01
200700002303,0,30,000,00,0,0,01,B01
200700002304,0,03,000,00,1,1,01,A01
200700002305,0,07,000,00,2,7,17,A01
200700002305,0,07,000,00,2,3,15,B01
200700002306,0,10,000,00,2,8,19,A01
200700002306,0,07,000,00,2,1,01,B01
200700002307,0,02,000,00,2,1,18,A01
200700002307,0,07,000,00,2,2,16,B01
200700002308,0,02,000,00,2,1,01,B01
200700002308,0,07,000,00,2,3,19,A01
200700002309,0,07,000,00,2,1,20,A01
200700002309,0,30,000,00,2,1,01,B01
200700002310,0,07,000,00,2,1,02,A01
200700002310,0,07,000,00,0,4,01,B01
200700002311,0,07,000,00,1,8,01,A01
200700002312,0,07,000,00,2,2,15,A01
200700002312,0,07,000,00,2,1,01,B01
200700002313,0,02,000,00,2,1,01,B01
200700002313,0,07,000,00,2,6,01,A01
200700002314,0,33,000,00,2,1,17,B01
200700002314,0,07,000,00,0,7,01,A01
200700002315,0,07,000,00,1,1,01,A01
200700002316,0,07,000,00,2,2,10,A01
200700002316,0,33,000,00,2,1,01,B01
200700002317,0,07,000,00,9,1,13,A01
200700002317,0,01,000,00,2,8,13,B01
200700002318,0,15,000,00,2,1,02,A01
200700002318,0,07,000,00,2,4,02,B01
200700002318,0,07,000,00,0,4,02,C01
200700002319,0,07,000,00,2,1,01,A01
200700002319,0,30,000,00,0,4,13,B01
200700002320,0,02,000,12,0,7,01,A01
200700002321,0,07,000,00,1,4,04,A01
200700002322,0,10,000,00,1,3,01,A01
200700002323,0,07,000,00,2,3,15,A01
200700002323,0,07,000,00,2,3,01,B01
200700002324,0,07,000,00,1,4,04,A01
200700002325,0,02,000,00,2,7,17,A01
200700002325,0,07,000,00,2,3,01,B01
200700002326,0,07,000,00,2,1,20,A01
200700002326,0,02,000,00,2,3,01,B01
200700002327,0,07,000,00,1,3,01,A01
200700002328,0,07,000,00,2,2,15,A01
200700002328,0,02,000,00,2,1,01,B01
200700002329,0,02,000,00,2,1,01,B01
200700002329,0,02,000,00,2,1,01,A01
200700002330,0,07,000,00,1,1,01,A01
200700002331,0,02,000,01,0,2,01,A01
200700002332,0,07,000,00,2,5,09,A01
200700002332,0,33,000,00,2,7,01,B01
200700002333,0,07,000,00,2,8,01,B01
200700002333,0,07,000,00,2,1,15,A01
200700002334,0,07,000,00,2,1,02,A01
200700002334,0,07,000,00,2,4,23,B01
200700002335,0,31,000,00,2,7,17,A01
200700002335,0,07,000,00,2,8,15,B01
200700002336,0,07,000,00,1,8,01,A01
200700002337,0,07,000,00,1,2,01,A01
200700002338,0,07,000,00,1,3,01,A01
200700002339,0,07,000,00,1,1,01,A01
200700002340,0,07,000,00,2,6,19,A01
200700002340,0,02,000,00,2,1,01,B01
200700002341,0,30,000,00,2,1,01,A01
200700002341,0,07,000,00,2,1,05,B01
200700002342,0,07,000,00,1,1,01,A01
200700002343,0,02,000,00,2,1,15,A01
200700002343,0,07,000,00,2,7,01,B01
200700002344,0,31,000,07,2,1,17,A01
200700002344,0,07,000,00,2,3,15,B01
200700002345,0,07,000,00,2,1,01,A01
200700002345,0,02,000,00,2,8,01,B01
200700002346,0,07,000,00,1,3,15,A01
200700002347,0,07,000,06,0,1,01,A01
200700002348,0,07,000,00,2,1,15,A01
200700002348,0,01,000,00,2,8,01,B01
200700002349,0,07,000,00,2,1,02,A01
200700002349,0,07,000,00,2,4,02,B01
200700002350,0,02,000,00,2,1,01,A01
200700002350,0,10,000,00,2,6,15,B01
200700002351,0,02,000,00,2,1,01,A01
200700002351,0,07,000,00,2,3,15,B01
200700002352,0,31,000,00,0,0,01,B01
200700002352,0,07,000,00,0,0,15,A01
200700002353,0,07,000,00,2,1,02,A01
200700002353,0,07,000,00,2,4,02,B01
200700002353,0,07,000,00,2,4,02,C01
200700002353,0,07,000,00,2,4,02,D01
200700002354,0,02,000,01,0,0,01,A01
200700002355,0,07,000,00,2,1,02,A01
200700002355,0,07,000,00,2,4,02,B01
200700002355,0,07,000,00,2,4,02,C01
200700002356,0,07,000,00,2,3,20,A01
200700002356,0,02,000,00,2,2,01,B01
200700002357,0,37,010,00,2,2,01,A01
200700002357,0,07,000,00,2,3,16,B01
200700002358,0,17,000,00,2,1,02,A01
200700002358,0,07,000,00,2,6,01,B01
200700002359,0,02,000,00,2,1,01,A01
200700002359,0,07,000,00,2,1,15,B01
200700002360,0,33,000,00,2,1,02,A01
200700002360,0,07,000,00,2,6,23,B01
200700002361,0,07,000,00,1,1,01,A01
200700002362,0,01,000,00,2,1,19,A01
200700002362,0,07,000,00,2,7,01,B01
200700002363,0,07,000,00,2,2,01,A01
200700002363,0,07,000,00,2,3,01,B01
200700002364,0,07,000,00,2,1,01,A01
200700002364,0,10,000,00,2,3,15,B01
200700002365,0,07,000,00,1,1,15,A01
200700002366,0,02,000,00,2,1,01,B01
200700002366,0,07,000,00,2,3,01,A01
200700002367,0,07,000,00,2,1,02,A01
200700002367,0,07,000,00,2,4,02,B01
200700002368,0,37,002,00,2,2,01,B01
200700002368,0,07,000,00,2,1,15,A01
200700002369,0,07,000,00,2,2,15,A01
200700002369,0,07,000,00,2,1,01,B01
200700002370,0,07,000,00,2,3,16,A01
200700002370,0,07,000,00,2,1,01,B01
200700002371,0,07,000,00,1,1,15,A01
200700002372,0,07,000,00,2,3,01,A01
200700002372,0,07,000,00,2,1,01,B01
200700002373,0,07,000,00,2,5,12,A01
200700002373,0,02,000,00,2,2,01,B01
200700002374,0,07,000,00,1,2,01,A01
200700002375,0,07,000,00,2,1,02,A01
200700002375,0,07,000,00,2,4,23,B01
200700002375,0,07,000,00,2,4,23,C01
200700002376,1,07,000,00,9,0,14,A01
200700002376,0,01,000,00,2,1,01,B01
200700002377,0,02,000,00,0,0,01,A01
200700002378,0,07,000,00,1,1,01,A01
200700002379,1,07,000,00,0,0,00,A01
200700002379,0,10,000,00,0,0,01,B01
200700002380,0,02,000,00,2,5,02,A01
200700002380,0,07,000,00,0,4,23,B01
200700002381,0,07,000,00,1,2,01,A01
200700002382,0,07,000,00,2,7,15,A01
200700002382,0,33,000,00,2,1,01,B01
200700002383,0,07,000,00,1,8,01,A01
200700002384,0,02,000,00,2,4,02,A01
200700002384,0,07,000,00,2,4,01,B01
200700002385,0,02,000,00,0,0,01,A01
200700002386,0,07,000,00,1,4,04,A01
200700002387,0,02,000,00,2,1,17,A01
200700002387,0,07,000,00,2,8,15,B01
200700002388,0,07,000,00,2,6,11,A01
200700002388,0,33,000,00,2,1,01,B01
200700002389,0,07,000,00,2,5,15,A01
200700002389,0,30,000,00,2,5,01,B01
200700002390,0,07,000,00,1,2,01,A01
200700002391,0,10,000,00,0,4,23,C01
200700002391,0,10,000,14,0,4,23,B01
200700002391,0,10,000,14,0,1,01,A01
200700002392,0,10,000,00,1,4,04,A01
200700002393,0,07,000,00,1,2,02,A01
200700002394,0,07,000,00,1,0,01,A01
200700002395,0,07,000,00,1,1,01,A01
200700002396,0,07,000,13,0,9,14,A01
200700002397,0,17,000,00,2,1,15,A01
200700002397,0,02,000,00,2,1,01,B01
200700002398,0,07,000,00,2,1,17,A01
200700002398,0,07,000,00,2,1,01,B01
200700002399,1,07,000,00,2,7,15,A01
200700002399,0,07,000,00,2,1,01,B01
200700002400,0,07,000,00,9,7,15,A01
200700002400,0,05,000,00,2,1,01,B01
200700002400,0,07,000,00,9,1,01,C01
200700002401,0,07,000,00,2,3,09,A01
200700002401,0,07,000,00,2,1,01,B01
200700002402,0,07,000,06,2,5,01,A01
200700002402,0,07,000,00,2,1,00,B01
200700002403,0,05,000,00,2,1,17,A01
200700002403,0,07,000,00,2,0,01,B01
200700002404,0,07,000,00,2,1,01,A01
200700002404,0,07,000,00,2,4,01,B01
200700002405,0,07,000,00,2,1,15,A01
200700002405,0,02,000,00,2,1,01,B01
200700002406,0,07,000,00,9,3,01,A01
200700002407,0,02,000,00,2,1,13,A01
200700002407,0,07,000,00,2,1,01,B01
200700002408,0,33,000,00,2,1,17,B01
200700002408,0,07,000,00,2,6,17,A01
200700002409,0,07,000,00,1,1,01,A01
200700002410,0,07,000,00,2,8,09,A01
200700002410,0,07,000,00,2,1,01,B01
200700002410,0,07,000,00,0,8,23,C01
200700002411,0,33,000,00,1,1,01,A01
200700002412,0,33,000,00,2,3,01,B01
200700002412,0,07,000,00,2,2,15,A01
200700002413,0,99,000,00,2,2,17,A01
200700002413,0,07,000,00,2,8,15,B01
200700002414,0,07,000,00,2,3,09,A01
200700002414,0,01,000,00,2,8,19,B01
200700002415,0,02,000,00,2,8,16,A01
200700002415,0,07,000,00,2,1,01,B01
200700002416,0,07,000,00,0,0,09,A01
200700002416,0,07,000,00,0,0,02,B01
200700002417,0,07,000,00,2,1,01,A01
200700002417,0,17,000,00,2,2,15,B01
200700002418,0,07,000,00,0,1,02,A01
200700002418,0,30,000,00,0,4,00,B01
200700002419,0,07,000,00,1,1,01,A01
200700002420,0,07,000,00,2,1,01,A01
200700002420,0,07,000,00,2,4,01,B01
200700002421,0,07,000,09,2,2,21,A01
200700002421,1,10,000,00,0,0,13,B01
200700002422,0,33,000,00,0,0,01,A01
200700002423,0,07,000,13,0,1,17,A01
200700002424,0,07,000,00,2,1,13,A01
200700002424,0,37,004,00,2,3,01,B01
200700002425,0,07,000,00,2,8,01,B01
200700002425,0,07,000,00,2,1,09,A01
200700002426,0,07,000,00,1,3,01,A01
200700002427,0,07,000,00,1,1,01,A01
200700002428,0,30,000,00,2,7,01,A01
200700002429,0,07,000,00,1,2,15,A01
200700002430,0,07,000,00,2,2,02,A01
200700002430,0,07,000,00,0,4,02,B01
200700002431,0,07,000,00,2,1,02,A01
200700002431,0,07,000,00,2,4,02,B01
200700002432,0,07,000,00,1,2,01,A01
200700002433,0,07,000,00,1,1,01,A01
200700002434,0,07,000,01,0,2,01,A01
200700002435,0,07,000,00,0,0,23,B01
200700002435,0,07,000,00,1,7,01,A01
200700002436,0,07,000,00,1,3,14,A01
200700002437,0,07,000,00,2,5,01,A01
200700002437,0,05,000,00,2,1,01,B01
200700002438,0,07,000,00,2,1,13,A01
200700002438,0,07,000,00,2,3,01,B01
200700002439,0,07,000,00,1,4,04,A01
200700002440,0,07,000,00,2,2,17,A01
200700002440,0,07,000,00,2,6,02,B01
200700002440,0,07,000,00,2,1,02,C01
200700002440,0,07,000,00,9,3,02,D01
200700002441,0,07,000,00,1,1,02,A01
200700002442,0,07,000,00,2,3,15,A01
200700002442,0,30,000,00,2,1,02,B01
200700002443,0,07,000,00,2,1,02,A01
200700002443,0,07,000,00,2,4,15,B01
200700002444,0,07,000,00,2,7,02,B01
200700002444,0,01,000,00,2,1,16,A01
200700002445,0,33,000,00,0,1,02,A01
200700002446,0,07,000,00,2,3,16,A01
200700002446,0,30,000,00,2,7,02,B01
200700002447,0,07,000,00,2,1,02,A01
200700002447,0,14,000,00,2,5,23,B01
200700002448,0,07,000,00,2,3,13,A01
200700002448,0,07,000,00,2,3,02,B01
200700002449,0,07,000,00,1,8,02,A01
200700002450,0,30,000,00,2,1,17,B01
200700002450,0,07,000,00,2,8,15,A01
200700002451,0,02,000,00,2,7,17,A01
200700002451,0,07,000,00,2,8,15,B01
200700002452,0,99,000,00,1,3,02,A01
200700002453,0,07,000,00,2,2,15,A01
200700002453,0,07,000,00,2,1,01,B01
200700002454,0,07,000,00,2,2,15,A01
200700002454,0,07,000,00,2,1,01,B01
200700002455,0,33,000,00,2,1,01,A01
200700002456,0,07,000,02,0,1,01,A01
200700002457,0,02,000,00,2,1,01,A01
200700002457,0,07,000,00,2,4,15,B01
200700002458,0,07,000,01,1,1,00,A01
200700002458,0,07,000,00,0,6,24,B01
200700002459,0,07,000,02,0,1,01,A01
200700002460,0,07,000,00,2,8,01,B01
200700002460,0,07,000,00,2,1,01,A01
200700002461,0,07,000,00,1,2,01,A01
200700002462,0,07,000,13,0,2,02,A01
200700002463,0,07,000,00,1,1,01,A01
200700002464,0,07,000,01,0,2,01,A01
200700002465,0,07,000,00,1,3,01,A01
200700002466,0,07,000,00,1,4,20,A01
200700002467,0,07,000,00,2,4,01,B01
200700002467,0,07,000,00,2,1,01,A01
200700002468,0,07,000,00,2,4,01,B01
200700002468,0,07,000,00,2,1,01,A01
200700002469,0,07,000,00,2,1,02,A01
200700002469,0,07,000,00,2,4,02,B01
200700002469,0,07,000,00,2,4,02,C01
200700002470,0,07,000,00,2,7,19,B01
200700002470,0,07,000,00,2,1,19,A01
200700002471,0,07,000,00,2,4,20,B01
200700002471,0,02,000,00,2,1,01,A01
200700002472,0,07,000,00,2,1,05,A01
200700002472,0,15,000,00,2,3,01,B01
200700002473,0,10,000,00,1,6,04,A01
200700002474,0,10,000,00,2,1,15,A01
200700002474,0,07,000,00,2,1,01,B01
200700002475,0,07,000,00,2,1,15,A01
200700002475,0,01,000,00,2,8,01,B01
200700002476,0,07,000,00,2,1,00,A01
200700002476,0,07,000,00,2,1,01,B01
200700002476,0,07,000,00,2,8,01,C01
200700002477,0,07,000,00,2,1,01,A01
200700002477,0,07,000,00,0,4,00,B01
200700002478,0,07,000,00,2,7,07,A01
200700002478,0,37,006,00,2,3,07,B01
200700002479,0,07,000,00,2,3,22,A01
200700002479,0,01,000,00,2,2,01,B01
200700002480,0,07,000,00,2,3,15,A01
200700002480,0,07,000,00,2,1,01,B01
200700002481,0,07,000,00,2,2,15,A01
200700002481,0,07,000,00,2,1,01,B01
200700002482,0,07,000,00,1,1,00,A01
200700002483,0,07,000,00,1,1,00,A01
200700002484,0,07,000,14,0,1,01,A01
200700002485,0,07,000,00,2,1,01,A01
200700002485,0,07,000,00,2,4,00,B01
200700002486,0,07,000,00,1,1,01,A01
200700002487,0,07,000,00,2,1,01,A01
200700002487,0,07,000,00,2,1,01,B01
200700002487,0,07,000,00,2,4,01,C01
200700002488,0,02,000,00,2,1,01,A01
200700002488,0,15,000,00,2,4,02,B01
200700002489,0,02,000,00,0,1,01,A01
200700002490,0,07,000,08,0,1,01,A01
200700002491,0,07,000,00,2,3,13,A01
200700002491,0,07,000,00,2,3,01,B01
200700002492,0,07,000,00,2,1,01,A01
200700002492,0,07,000,00,2,4,01,B01
200700002493,0,10,000,00,2,1,09,A01
200700002493,0,30,000,00,2,1,09,B01
200700002494,0,07,000,00,0,1,01,A01
200700002495,0,30,000,00,2,1,01,A01
200700002495,0,07,000,00,2,1,01,B01
200700002496,0,02,000,12,0,1,01,A01
200700002497,1,07,000,00,2,1,01,A01
200700002497,0,07,000,00,2,5,23,B01
200700002497,0,07,000,00,2,4,23,C01
200700002498,0,07,000,00,1,1,15,A01
200700002499,0,07,000,00,2,3,15,A01
200700002499,0,30,000,00,2,0,01,B01
200700002500,0,07,000,00,2,3,01,A01
200700002500,0,30,000,00,2,1,01,B01
200700002501,0,07,000,00,0,0,13,A01
200700002501,0,02,000,01,0,8,17,B01
200700002502,0,10,000,00,9,3,01,A01
200700002502,0,01,000,00,2,1,01,B01
200700002503,0,07,000,00,2,1,01,A01
200700002503,0,07,000,00,2,1,01,B01
200700002504,0,07,000,00,1,1,01,A01
200700002505,0,10,000,00,2,1,01,A01
200700002505,0,07,000,00,2,1,01,B01
200700002506,0,14,000,00,2,1,01,A01
200700002506,0,07,000,00,0,4,01,B01
200700002507,0,31,000,05,0,1,01,A01
200700002508,0,07,000,00,2,1,15,A01
200700002508,0,02,000,00,2,3,01,B01
200700002509,0,07,000,00,2,1,01,A01
200700002509,0,07,000,00,2,7,15,B01
200700002510,0,10,000,00,2,4,15,B01
200700002510,0,02,000,00,2,1,01,A01
200700002511,0,02,000,01,0,1,01,A01
200700002512,0,07,000,00,2,1,10,A01
200700002512,0,33,000,00,2,1,01,B01
200700002513,0,07,000,09,0,1,01,A01
200700002514,0,07,000,00,2,2,15,A01
200700002514,0,07,000,00,2,1,01,B01
200700002515,0,07,000,00,2,0,15,A01
200700002515,0,02,000,00,2,1,01,B01
200700002516,0,07,000,00,2,3,16,B01
200700002516,0,07,000,00,2,2,01,A01
200700002517,0,07,000,02,2,2,13,A01
200700002517,0,07,000,00,2,1,01,B01
200700002518,0,07,000,00,2,3,10,A01
200700002518,0,30,000,00,2,1,01,B01
200700002519,0,07,000,00,2,3,01,A01
200700002519,0,20,000,00,2,3,15,B01
200700002520,0,07,000,00,2,2,15,A01
200700002520,0,01,000,00,2,1,01,B01
200700002521,0,02,000,00,2,3,01,A01
200700002521,0,07,000,00,2,2,16,B01
200700002522,0,07,000,00,1,1,01,A01
200700002523,0,07,000,01,0,1,01,A01
200700002523,0,07,000,00,2,4,24,B01
200700002524,0,07,000,00,2,3,11,A01
200700002524,0,02,000,01,2,2,01,B01
200700002525,0,07,000,00,1,1,01,A01
200700002526,0,07,000,00,9,3,01,A01
200700002526,0,01,000,00,2,1,01,B01
200700002527,0,07,000,06,0,2,14,A01
200700002528,0,07,000,00,2,3,15,B01
200700002529,0,07,000,06,0,1,14,A01
200700002530,0,07,000,00,0,9,01,A01
200700002531,0,07,000,00,1,7,01,A01
200700002532,0,07,000,00,0,4,23,B01
200700002532,0,07,000,00,2,1,02,A01
200700002533,0,07,000,00,0,0,01,A01
200700002534,0,07,000,00,2,1,15,A01
200700002534,0,30,000,00,2,1,01,B01
200700002535,0,30,000,02,0,1,13,A01
200700002536,0,07,000,13,0,7,00,A01
200700002537,0,07,000,00,2,1,01,A01
200700002537,0,07,000,00,2,3,01,B01
200700002538,0,07,000,00,1,1,01,A01
200700002539,0,07,000,00,9,2,01,A01
200700002539,0,30,000,00,0,1,01,B01
200700002540,0,01,000,00,2,1,01,A01
200700002540,0,07,000,00,2,3,01,B01
200700002541,0,07,000,00,2,2,15,A01
200700002541,0,02,000,00,2,1,01,B01
200700002542,0,07,000,00,2,1,01,A01
200700002542,0,07,000,00,2,7,01,B01
200700002543,0,07,000,00,1,1,01,A01
200700002544,0,10,000,00,2,2,15,A01
200700002544,0,30,000,00,2,1,01,B01
200700002545,0,07,000,00,1,3,01,A01
200700002546,0,07,000,00,2,2,09,A01
200700002546,0,34,000,00,2,1,01,B01
200700002547,0,07,000,00,2,3,01,A01
200700002547,0,07,000,00,2,2,01,B01
200700002548,0,07,000,00,2,6,11,A01
200700002548,0,34,000,00,2,7,01,B01
200700002549,0,07,000,00,2,1,02,A01
200700002549,0,07,000,00,2,4,01,B01
200700002550,0,07,000,00,1,8,01,A01
200700002551,0,07,000,00,2,7,22,A01
200700002551,0,02,000,00,2,8,18,B01
200700002552,0,30,000,00,0,1,01,A01
200700002553,0,07,000,00,2,4,15,A01
200700002553,0,07,000,00,2,1,02,B01
200700002554,0,07,000,13,0,8,01,A01
200700002555,0,07,000,11,0,8,01,A01
200700002556,1,99,000,00,1,0,00,A01
200700002557,0,07,000,00,2,3,15,A01
200700002557,0,30,000,00,2,1,01,B01
200700002557,0,07,000,00,2,8,23,C01
200700002558,0,07,000,02,0,1,00,A01
200700002559,0,07,000,00,2,3,15,A01
200700002559,0,02,000,00,2,1,01,B01
200700002560,0,30,000,00,2,1,01,B01
200700002560,0,07,000,00,2,3,16,A01
200700002561,0,07,000,00,2,1,05,A01
200700002561,0,07,000,00,2,1,01,B01
200700002562,0,07,000,13,0,9,00,A01
200700002563,0,02,000,00,2,1,01,A01
200700002563,0,07,000,00,2,1,01,B01
200700002564,0,07,000,00,2,1,01,A01
200700002564,0,07,000,00,2,4,23,B01
200700002565,0,07,000,00,0,0,15,A01
200700002565,0,33,000,16,0,1,01,B01
200700002566,0,07,000,00,2,2,01,A01
200700002566,0,07,000,00,2,3,01,B01
200700002567,0,07,000,00,2,3,15,A01
200700002567,0,31,000,00,2,8,01,B01
200700002568,0,07,000,13,0,1,14,A01
200700002569,0,07,000,01,2,2,01,A01
200700002569,0,07,000,00,0,6,23,B01
200700002569,0,07,000,00,2,7,01,C01
200700002570,0,07,000,00,2,3,01,A01
200700002570,0,07,000,00,0,5,01,B01
200700002571,0,07,000,00,1,1,01,A01
200700002572,0,07,000,00,2,1,01,B01
200700002572,0,07,000,01,2,2,01,A01
200700002573,0,33,000,00,2,1,13,A01
200700002573,0,07,000,00,2,3,15,B01
200700002574,0,07,000,00,1,1,01,A01
200700002575,0,07,000,00,2,8,00,B01
200700002575,0,32,000,00,2,7,00,A01
200700002576,0,33,000,00,2,1,01,B01
200700002576,0,07,000,00,2,8,15,A01
200700002577,0,07,000,00,1,1,01,A01
200700002578,0,30,000,14,0,1,01,A01
200700002579,0,02,000,00,2,1,01,B01
200700002579,0,07,000,00,2,3,09,A01
200700002580,0,07,000,04,0,1,01,A01
200700002581,0,07,000,04,0,6,13,A01
200700002582,0,07,000,00,2,8,15,A01
200700002582,0,07,000,00,2,1,01,B01
200700002583,0,07,000,00,2,3,15,A01
200700002583,0,02,000,00,2,1,01,B01
200700002584,0,02,000,00,2,2,17,A01
200700002584,0,07,000,00,2,3,15,B01
200700002585,0,07,000,00,2,2,00,A01
200700002585,0,30,000,00,2,7,00,B01
200700002586,0,02,000,00,5,8,01,A01
200700002587,0,07,000,09,0,7,01,A01
200700002588,1,07,000,00,1,0,00,A01
200700002589,0,07,000,00,2,1,01,A01
200700002589,0,07,000,00,2,4,01,B01
200700002590,0,07,000,08,0,2,01,A01
200700002591,0,30,000,03,2,9,01,A01
200700002591,0,07,000,00,2,1,01,B01
200700002592,0,07,000,00,2,1,01,A01
200700002592,0,07,000,00,0,4,15,B01
200700002593,0,07,000,00,2,3,01,A01
200700002593,0,07,000,00,0,4,23,B01
200700002594,0,07,000,00,2,1,15,A01
200700002594,0,33,000,00,2,1,01,B01
200700002595,0,07,000,00,1,2,01,A01
200700002596,0,07,000,00,2,2,12,A01
200700002596,0,33,000,00,2,8,01,B01
200700002597,0,01,000,00,2,0,01,B01