Num_Acc,senc,catv,occutc,obs,obsm,choc,manv,num_veh
200700002597,0,07,000,00,9,3,15,A01
200700002598,0,30,000,00,2,1,01,A01
200700002598,0,07,000,00,2,3,19,B01
200700002599,0,07,000,00,2,2,02,A01
200700002599,0,10,000,00,0,4,02,B01
200700002600,0,07,000,00,2,1,02,A01
200700002600,0,01,000,00,2,4,00,B01
200700002601,0,07,000,03,0,9,01,A01
200700002602,0,07,000,00,2,1,02,A01
200700002602,0,07,000,00,2,4,02,B01
200700002602,0,07,000,00,2,4,02,C01
200700002603,1,07,000,00,2,3,00,A01
200700002603,0,01,000,00,1,0,17,B01
200700002604,0,07,000,00,1,3,01,A01
200700002605,0,07,000,00,1,1,16,A01
200700002606,0,07,000,09,0,1,01,A01
200700002607,0,07,000,00,2,3,09,A01
200700002607,0,30,000,00,2,1,09,B01
200700002608,0,07,000,00,2,8,15,A01
200700002608,0,17,000,00,2,1,01,B01
200700002609,0,07,000,00,2,1,01,A01
200700002609,0,07,000,00,2,3,01,B01
200700002610,0,07,000,00,9,8,22,A01
200700002610,0,01,000,00,2,1,17,B01
200700002611,0,07,000,00,2,2,15,A01
200700002611,0,01,000,00,0,4,01,B01
200700002612,0,07,000,00,2,1,02,A01
200700002612,0,17,000,00,2,4,02,B01
200700002613,0,07,000,00,2,1,02,A01
200700002613,0,07,000,00,2,4,02,B01
200700002613,0,07,000,00,2,4,02,C01
200700002614,0,02,000,00,2,1,01,A01
200700002614,0,07,000,00,2,3,17,B01
200700002615,0,07,000,01,0,2,14,A01
200700002616,0,37,001,00,1,2,16,A01
200700002617,0,33,000,00,2,9,12,A01
200700002617,0,10,000,00,2,3,01,B01
200700002618,0,02,000,00,2,1,14,A01
200700002618,0,32,000,00,0,5,16,B01
200700002619,0,30,000,12,0,1,01,A01
200700002620,0,07,000,00,0,0,11,A01
200700002620,0,07,000,00,2,1,12,B01
200700002620,0,07,000,00,2,5,01,C01
200700002621,0,07,000,00,2,4,04,A01
200700002621,0,07,000,00,2,1,01,B01
200700002622,0,07,000,00,2,6,23,A01
200700002622,0,07,000,00,2,9,02,B01
200700002623,0,07,000,00,2,1,02,A01
200700002623,0,07,000,00,2,4,02,B01
200700002624,0,07,000,00,2,3,15,A01
200700002624,0,07,000,00,2,2,01,B01
200700002625,0,07,000,00,2,2,15,A01
200700002625,0,30,000,00,2,1,01,B01
200700002626,0,01,000,00,9,1,01,A01
200700002626,0,01,000,00,9,1,01,B01
200700002627,0,07,000,00,2,1,07,A01
200700002627,0,07,000,00,2,7,15,B01
200700002628,0,30,000,00,1,1,01,A01
200700002629,0,07,000,00,2,1,02,A01
200700002629,0,07,000,00,2,4,02,B01
200700002630,0,07,000,00,9,1,02,A01
200700002630,0,01,000,00,2,0,02,B01
200700002631,0,10,000,00,2,7,01,A01
200700002631,0,10,000,00,2,1,00,B01
200700002632,0,07,000,00,2,8,13,A01
200700002632,0,33,000,00,2,7,01,B01
200700002633,0,07,000,00,2,2,16,A01
200700002633,0,30,000,00,2,7,01,B01
200700002634,0,07,000,00,2,7,16,A01
200700002634,0,01,000,00,2,9,01,B01
200700002635,0,07,000,00,2,2,17,A01
200700002635,0,07,000,04,0,6,00,B01
200700002636,0,07,000,00,1,2,18,A01
200700002637,0,07,000,00,2,3,15,A01
200700002637,0,31,000,00,2,0,23,B01
200700002638,0,34,000,00,1,1,07,A01
200700002639,0,07,000,00,2,3,15,A01
200700002639,0,30,000,00,2,1,01,B01
200700002640,0,07,000,00,2,2,01,A01
200700002640,0,01,000,00,2,4,01,B01
200700002641,0,30,000,00,2,1,12,A01
200700002641,0,07,000,00,2,6,01,B01
200700002642,0,07,000,00,2,1,19,A01
200700002642,0,07,000,00,2,7,01,B01
200700002643,0,07,000,00,2,3,13,A01
200700002643,0,07,000,00,2,7,01,B01
200700002643,0,07,000,00,2,7,01,C01
200700002644,0,07,000,00,0,3,13,A01
200700002645,0,07,000,03,0,1,01,A01
200700002646,0,07,000,08,0,1,01,A01
200700002647,0,10,000,00,2,3,09,A01
200700002647,0,31,000,00,2,5,01,B01
200700002648,0,30,000,00,2,1,00,A01
200700002648,0,07,000,00,2,6,00,B01
200700002649,0,30,000,00,1,1,01,A01
200700002650,0,01,000,00,2,0,01,B01
200700002650,0,07,000,00,9,1,15,A01
200700002651,0,33,000,01,1,1,01,A01
200700002652,0,01,000,00,2,0,01,B01
200700002652,1,07,000,00,9,0,00,A01
200700002653,0,07,000,00,2,1,01,A01
200700002653,0,07,000,00,2,1,01,F01
200700002653,0,07,000,00,2,8,01,B01
200700002653,0,07,000,00,2,1,01,G01
200700002653,0,07,000,00,2,8,01,C01
200700002653,0,07,000,00,2,9,01,H01
200700002653,0,07,000,00,2,1,01,D01
200700002653,0,07,000,00,2,1,01,I02
200700002653,0,07,000,00,2,4,01,E01
200700002654,0,07,000,00,1,1,00,A01
200700002655,0,07,000,00,2,1,02,A01
200700002655,0,10,000,00,2,4,02,B01
200700002655,0,07,000,00,2,4,02,C01
200700002656,0,07,000,00,2,0,11,A01
200700002656,0,30,000,00,2,7,01,B01
200700002657,0,07,000,00,2,2,17,A01
200700002657,0,07,000,00,0,6,01,B01
200700002658,0,07,000,00,1,3,15,A01
200700002659,0,07,000,00,0,9,01,A01
200700002660,0,07,000,08,0,1,01,A01
200700002661,0,07,000,00,1,2,16,A01
200700002662,0,07,000,00,2,2,15,A01
200700002662,0,07,000,00,2,3,01,B01
200700002663,0,07,000,00,2,3,15,A01
200700002663,0,07,000,00,2,1,01,B01
200700002664,0,07,000,00,0,1,01,A01
200700002665,0,07,000,00,2,8,01,A01
200700002665,0,01,000,00,2,8,01,B01
200700002666,0,07,000,00,2,1,01,A01
200700002666,0,07,000,00,2,4,01,B01
200700002667,0,30,000,00,2,1,17,A01
200700002667,0,07,000,00,2,6,01,B01
200700002668,0,31,000,00,2,8,15,A01
200700002668,0,07,000,00,2,5,01,B01
200700002669,0,07,000,00,2,4,01,A01
200700002669,0,07,000,00,2,1,01,B01
200700002669,0,07,000,00,2,1,01,C01
200700002670,0,07,000,00,2,3,15,A01
200700002670,0,07,000,00,2,1,01,B01
200700002671,0,01,000,01,0,7,01,A01
200700002672,0,07,000,00,1,2,16,A01
200700002673,0,33,000,00,2,1,01,B01
200700002673,0,07,000,00,2,2,15,A01
200700002674,0,07,000,00,1,1,15,A01
200700002675,0,14,000,00,2,4,23,B01
200700002675,0,07,000,00,2,1,01,A01
200700002676,0,07,000,00,2,1,01,B01
200700002676,0,07,000,00,2,8,01,A01
200700002677,0,07,000,00,2,1,01,A01
200700002677,0,07,000,00,2,1,01,B01
200700002678,0,07,000,00,2,8,10,A01
200700002678,0,07,000,00,2,1,01,B01
200700002679,0,07,000,00,2,3,01,A01
200700002679,0,07,000,00,2,3,01,B01
200700002680,0,02,000,00,2,1,01,A01
200700002680,0,07,000,00,2,1,23,B01
200700002681,0,02,000,01,0,3,13,A01
200700002682,0,33,000,01,1,0,01,A01
200700002683,0,07,000,00,2,1,15,A01
200700002683,0,33,000,00,2,3,01,B01
200700002684,0,33,000,00,2,2,01,A01
200700002684,0,07,000,00,2,3,02,B01
200700002685,0,07,000,00,2,2,15,A01
200700002685,0,33,000,00,2,9,01,B01
200700002686,0,02,000,00,1,1,05,A01
200700002686,0,07,000,00,2,3,15,B01
200700002687,0,10,000,00,0,5,01,A01
200700002687,0,07,000,00,1,2,01,B01
200700002688,0,07,000,00,2,8,15,A01
200700002688,0,07,000,00,2,1,01,B01
200700002689,0,37,001,00,2,1,01,A01
200700002689,0,10,000,00,2,4,23,B01
200700002690,0,02,000,00,1,1,01,A01
200700002691,0,07,000,00,2,5,01,A01
200700002691,0,02,000,00,2,2,01,B01
200700002692,0,07,000,00,2,2,01,A01
200700002693,0,07,000,00,2,1,15,A01
200700002693,0,02,000,00,2,8,01,B01
200700002694,0,33,000,00,2,1,02,A01
200700002694,0,10,000,01,0,6,02,B01
200700002695,0,02,000,00,2,4,15,A01
200700002695,0,07,000,00,2,3,01,B01
200700002696,0,01,000,00,1,1,16,A01
200700002697,0,07,000,00,2,2,15,A01
200700002698,0,07,000,00,2,0,15,A01
200700002698,0,07,000,00,2,8,01,B01
200700002698,0,33,000,00,2,9,01,C01
200700002698,0,07,000,00,2,1,01,D01
200700002699,0,33,000,00,2,1,02,A01
200700002699,0,07,000,00,0,5,02,B01
200700002700,0,07,000,00,2,1,01,A01
200700002700,0,07,000,00,2,8,01,B01
200700002701,0,07,000,00,2,2,01,A01
200700002701,0,07,000,00,2,6,02,B01
200700002702,1,07,000,00,2,0,00,A01
200700002702,0,32,000,00,2,0,01,B01
200700002703,0,07,000,00,2,1,01,A01
200700002703,0,01,000,00,2,3,01,B01
200700002704,0,07,000,00,1,0,01,A01
200700002705,0,07,000,00,2,3,15,A01
200700002705,0,30,000,00,2,1,01,B01
200700002706,0,07,000,00,2,2,15,A01
200700002706,0,10,000,00,2,1,01,B01
200700002707,0,02,000,00,2,8,09,A01
200700002707,0,10,000,00,2,7,09,B01
200700002708,0,07,000,01,0,1,14,A01
200700002709,0,07,000,00,2,2,01,A01
200700002709,0,01,000,00,2,8,15,B01
200700002710,0,07,000,00,2,1,01,A01
200700002710,0,07,000,00,2,1,01,B01
200700002711,0,07,000,00,1,8,15,A01
200700002711,0,07,000,00,2,2,01,B01
200700002712,0,07,000,00,2,3,01,A01
200700002712,0,07,000,00,2,1,01,B01
200700002713,0,07,000,00,1,1,01,A01
200700002714,0,14,000,00,2,1,01,A01
200700002714,0,07,000,00,2,2,02,B01
200700002714,0,07,000,00,2,0,02,C01
200700002715,0,07,000,00,1,2,20,A01
200700002716,0,07,000,00,1,1,01,A01
200700002716,0,07,000,01,1,4,02,B01
200700002717,0,07,000,00,2,8,20,A01
200700002717,0,33,000,01,2,9,01,B01
200700002718,0,07,000,01,2,1,15,A01
200700002718,0,07,000,00,0,3,01,B01
200700002719,0,07,000,01,1,1,01,A01
200700002719,0,02,000,00,2,9,02,B01
200700002720,0,10,000,00,2,2,02,A01
200700002720,0,07,000,00,2,4,23,B01
200700002720,0,07,000,00,2,9,23,C01
200700002721,0,07,000,00,2,3,01,A01
200700002721,0,07,000,00,2,3,01,B01
200700002722,0,07,000,00,2,1,15,A01
200700002722,0,33,000,00,2,1,01,B01
200700002723,0,07,000,00,2,1,15,A01
200700002723,0,33,000,00,2,1,01,B01
200700002724,0,07,000,00,2,8,10,A01
200700002724,0,07,000,00,2,2,01,B01
200700002725,0,07,000,00,2,8,22,A01
200700002725,0,01,000,01,0,1,13,B01
200700002726,0,07,000,00,2,1,01,A01
200700002726,0,07,000,00,2,4,02,B01
200700002727,0,02,000,01,2,8,01,A01
200700002727,0,07,000,00,2,2,16,B01
200700002728,0,07,000,00,2,2,15,A01
200700002728,0,07,000,00,2,1,01,B01
200700002729,0,07,000,01,0,5,15,A01
200700002729,0,33,000,00,2,1,01,B01
200700002729,0,07,000,00,2,1,01,C01
200700002730,0,07,000,00,1,2,01,A01
200700002731,0,07,000,00,2,2,15,A01
200700002731,0,31,000,00,2,2,01,B01
200700002732,0,07,000,00,2,5,15,A01
200700002732,0,33,000,01,2,2,01,B01
200700002733,0,30,000,00,0,0,01,A01
200700002734,0,07,000,00,2,1,15,A01
200700002734,0,07,000,00,2,3,01,B01
200700002735,0,07,000,01,0,2,01,A01
200700002736,0,07,000,00,1,1,01,A01
200700002737,0,01,000,00,2,1,01,A01
200700002737,0,07,000,00,2,1,15,B01
200700002738,0,07,000,00,2,1,15,A01
200700002738,0,31,000,00,2,8,01,B01
200700002739,0,07,000,05,0,9,01,A01
200700002739,0,07,000,00,2,1,01,B01
200700002740,0,07,000,00,2,3,15,A01
200700002740,0,30,000,00,2,8,01,B01
200700002741,0,07,000,00,2,0,15,A01
200700002741,0,02,000,00,2,7,01,B01
200700002742,0,02,000,00,2,3,18,A01
200700002742,0,07,000,00,2,2,16,B01
200700002743,0,02,000,00,2,7,01,B01
200700002743,0,07,000,00,1,7,15,C01
200700002743,0,01,000,00,2,7,01,A01
200700002744,0,02,000,08,0,1,01,A01
200700002745,0,10,000,00,2,5,04,A01
200700002745,0,33,000,00,2,1,01,B01
200700002746,0,07,000,00,2,1,15,A01
200700002746,0,07,000,00,2,3,01,B01
200700002747,0,07,000,00,2,8,22,A01
200700002747,0,02,000,00,0,1,01,B01
200700002747,0,07,000,00,2,5,23,C01
200700002748,0,07,000,00,2,1,01,A01
200700002748,0,07,000,14,0,4,23,B01
200700002748,0,07,000,00,0,4,23,C01
200700002749,0,10,000,00,1,5,01,A01
200700002750,0,07,000,00,1,1,01,A01
200700002751,0,07,000,00,1,1,01,A01
200700002752,0,07,000,00,2,1,20,A01
200700002752,0,02,000,00,2,1,01,B01
200700002753,0,02,000,00,2,1,01,A01
200700002753,0,07,000,00,2,7,15,B01
200700002754,0,07,000,00,2,3,01,A01
200700002754,0,07,000,00,2,2,01,B01
200700002755,0,07,000,00,1,2,16,A01
200700002756,0,07,000,00,2,2,01,A01
200700002756,0,07,000,00,2,6,02,B01
200700002757,0,07,000,00,2,1,02,A01
200700002757,0,07,000,00,2,4,02,B01
200700002758,0,07,000,00,2,3,09,A01
200700002758,0,01,000,00,2,7,01,B01
200700002759,0,07,000,00,1,2,01,A01
200700002760,0,07,000,00,2,3,15,A01
200700002760,0,01,000,00,2,1,01,B01
200700002761,0,07,000,00,1,7,15,A01
200700002761,0,02,000,00,2,1,01,B01
200700002762,0,07,000,01,1,1,01,A01
200700002763,0,07,000,00,2,2,16,A01
200700002763,0,02,000,02,2,8,01,B01
200700002764,0,07,000,00,2,0,01,A01
200700002764,0,07,000,00,2,5,01,B01
200700002765,1,07,000,00,2,0,01,A01
200700002765,0,31,000,01,2,2,01,B01
200700002766,1,07,000,00,2,1,01,A01
200700002767,0,07,000,00,1,1,15,A01
200700002768,0,07,000,00,2,1,01,A01
200700002768,0,32,000,00,2,7,02,B01
200700002769,0,07,000,12,2,3,01,A01
200700002770,0,07,000,00,2,2,15,A01
200700002770,0,31,000,00,2,1,01,B01
200700002771,0,07,000,00,2,1,01,A01
200700002771,0,07,000,00,2,8,01,B01
200700002772,0,07,000,02,0,1,01,A01
200700002773,0,10,000,00,0,3,15,A01
200700002773,0,31,000,00,2,4,01,B01
200700002774,0,07,000,00,2,1,01,A01
200700002774,0,01,000,00,2,7,01,B01
200700002775,0,03,000,00,2,1,01,A01
200700002775,0,07,000,00,2,4,15,B01
200700002776,0,07,000,00,2,2,01,A01
200700002776,0,01,000,00,2,4,01,B01
200700002777,0,33,000,11,0,1,09,A01
200700002778,0,07,000,00,2,8,15,A01
200700002778,0,02,000,00,2,2,00,B01
200700002779,0,07,000,00,2,3,09,A01
200700002779,0,07,000,00,2,1,01,B01
200700002780,0,30,000,16,0,7,16,A01
200700002781,0,02,000,00,2,1,01,A01
200700002781,0,07,000,00,2,6,19,B01
200700002782,0,07,000,00,1,2,00,A01
200700002783,0,07,000,00,2,7,01,B01
200700002783,0,07,000,00,2,1,01,A01
200700002784,0,10,000,00,2,4,01,A01
200700002784,0,07,000,00,2,4,23,B01
200700002784,0,07,000,00,2,4,23,C01
200700002784,0,07,000,00,2,4,23,D01
200700002785,0,07,000,00,2,7,00,B01
200700002785,0,07,000,00,2,3,01,A01
200700002786,0,07,000,00,2,2,15,A01
200700002786,0,30,000,00,2,1,01,B01
200700002787,0,07,000,00,2,1,01,B01
200700002787,2,07,000,00,2,1,10,A01
200700002788,0,07,000,13,0,2,01,A01
200700002789,0,07,000,00,2,8,15,B01
200700002789,0,01,000,00,2,1,01,A01
200700002790,0,10,000,00,2,8,10,A01
200700002790,0,07,000,00,2,2,01,B01
200700002791,0,07,000,02,0,1,00,A01
200700002792,0,07,000,14,9,1,01,A01
200700002793,0,07,000,08,0,1,01,A01
200700002794,0,07,000,00,2,2,11,A01
200700002794,0,33,000,00,2,1,01,B01
200700002795,0,07,000,00,2,2,02,A01
200700002795,0,17,000,00,2,6,02,B01
200700002796,1,07,000,00,2,3,11,C01
200700002796,0,30,000,00,2,1,01,A01
200700002796,0,07,000,00,2,8,01,B01
200700002797,1,07,000,00,1,0,01,A01
200700002798,0,07,000,00,1,1,16,A01
200700002799,0,07,000,06,2,8,01,A01
200700002799,0,07,000,00,2,1,01,B01
200700002800,0,30,000,01,2,1,01,B01
200700002800,0,07,000,00,2,8,01,A01
200700002801,0,07,000,00,2,1,01,A01
200700002801,0,07,000,00,2,7,01,B01
200700002802,0,07,000,00,2,2,01,A01
200700002802,0,02,000,00,2,1,01,B01
200700002803,0,31,000,12,0,7,16,A01
200700002804,0,30,000,11,0,1,01,A01
200700002805,0,07,000,00,2,2,01,B01
200700002805,0,32,000,00,2,1,15,A01
200700002806,0,07,000,00,2,3,15,B01
200700002806,0,30,000,00,2,1,17,A01
200700002807,0,07,000,00,2,1,13,A01
200700002807,0,07,000,01,2,3,15,B01
200700002808,0,07,000,08,0,2,01,A01
200700002809,0,07,000,15,0,1,15,A01
200700002810,0,07,000,00,1,1,01,A01
200700002811,0,32,000,00,2,7,01,B01
200700002811,0,07,000,00,2,3,09,A01
200700002812,0,07,000,00,2,3,09,A01
200700002812,0,07,000,00,9,2,01,B01
200700002813,0,07,000,00,1,2,01,A01
200700002814,0,07,000,00,1,3,04,A01
200700002815,0,33,000,00,0,0,01,A01
200700002816,0,07,000,00,0,4,23,A01
200700002816,0,30,000,00,2,1,01,B01
200700002817,0,07,000,00,2,3,01,B01
200700002817,0,07,000,00,2,3,13,A01
200700002818,0,07,000,00,2,8,10,A01
200700002818,0,37,000,00,2,1,02,B01
200700002819,0,07,000,00,0,2,01,B01
200700002819,0,32,000,00,2,1,19,A01
200700002820,0,07,000,00,2,2,15,B01
200700002820,0,02,000,00,2,1,01,A01
200700002821,0,07,000,00,1,3,01,A01
200700002822,0,07,000,00,2,5,23,B01
200700002822,0,31,000,00,2,1,16,A01
200700002823,0,07,000,00,2,3,15,B01
200700002823,0,33,000,00,2,1,17,A01
200700002824,0,07,000,00,2,4,02,D01
200700002824,0,10,000,00,2,4,02,C01
200700002824,0,07,000,00,2,4,02,B01
200700002824,0,07,000,00,2,1,02,A01
200700002825,0,07,000,00,1,2,01,A01
200700002826,0,07,000,00,2,3,01,B01
200700002826,0,07,000,00,2,3,13,A01
200700002827,0,02,000,00,2,0,00,B01
200700002827,1,07,000,00,2,0,00,A01
200700002828,0,02,000,00,2,3,01,B01
200700002828,0,07,000,00,2,1,15,A01
200700002829,0,07,000,00,2,1,01,B01
200700002829,0,01,000,00,0,8,19,A01
200700002830,0,07,000,00,2,1,01,B01
200700002830,0,30,000,00,2,7,19,A01
200700002831,0,38,000,00,1,1,01,A01
200700002832,0,32,000,00,2,1,01,B01
200700002832,0,07,000,00,2,1,15,A01
200700002833,0,07,000,00,2,1,15,A01
200700002833,0,07,000,00,2,1,15,B01
200700002834,0,07,000,00,0,4,23,D01
200700002834,0,07,000,00,2,4,23,C01
200700002834,0,07,000,00,2,4,23,B01
200700002834,1,07,000,00,2,1,01,A01
200700002835,0,07,000,15,0,7,12,A01
200700002836,0,32,000,11,0,1,17,A01
200700002837,0,07,000,00,0,1,01,E01
200700002837,0,07,000,00,0,4,01,D01
200700002837,0,07,000,00,0,6,01,C01
200700002837,0,07,000,00,0,7,01,B01
200700002837,0,07,000,00,2,1,01,A01
200700002838,0,07,000,00,2,3,16,B01
200700002838,0,31,000,00,2,7,01,A01
200700002839,0,07,000,00,0,6,02,B01
200700002839,0,07,000,00,2,2,02,A01
200700002840,0,07,000,00,1,8,01,A01
200700002841,0,02,000,00,2,4,02,B01
200700002841,0,07,000,00,2,1,02,A01
200700002842,0,07,000,00,2,8,01,B01
200700002842,2,07,000,00,2,2,09,A01
200700002843,0,07,000,00,1,2,01,A01
200700002844,0,02,000,00,2,1,01,B01
200700002844,0,07,000,00,2,1,15,A01
200700002845,0,33,000,00,2,1,01,B01
200700002845,0,07,000,00,2,3,15,A01
200700002846,0,30,000,00,2,7,17,A01
200700002846,0,07,000,00,2,8,01,B01
200700002847,0,40,000,00,2,1,01,B01
200700002847,0,07,000,00,4,8,15,A01
200700002848,0,07,000,00,2,4,01,C01
200700002848,0,07,000,00,2,5,01,B01
200700002848,0,07,000,00,2,1,01,A01
200700002849,0,02,000,00,2,0,01,B01
200700002849,0,07,000,00,2,0,19,A01
200700002850,0,07,000,00,2,8,22,A01
200700002850,0,07,000,00,2,2,01,B01
200700002850,0,01,000,00,2,1,13,C01
200700002851,0,31,000,00,2,1,01,A01
200700002851,0,07,000,00,2,4,02,B01
200700002852,0,07,000,00,1,1,01,A01
200700002853,0,07,000,00,2,2,10,A01
200700002853,0,33,000,00,2,1,01,B01
200700002854,0,31,000,00,2,1,01,A01
200700002854,0,07,000,00,2,2,01,B01
200700002855,0,10,000,00,2,7,15,A01
200700002855,0,31,000,00,2,1,01,B01
200700002856,0,33,000,00,2,1,01,A01
200700002856,0,07,000,00,2,4,01,B01
200700002857,1,07,000,00,1,2,00,A01
200700002858,0,01,000,00,0,0,01,A01
200700002859,0,01,000,00,0,0,09,A01
200700002860,0,07,000,00,2,2,15,A01
200700002860,0,07,000,00,2,3,01,B01
200700002861,0,07,000,00,1,2,01,A01
200700002862,0,30,000,00,0,7,00,A01
200700002863,0,30,000,00,0,7,01,A01
200700002864,0,07,000,15,0,1,00,A01
200700002865,0,07,000,00,2,7,17,A01
200700002865,0,14,000,00,2,1,01,B01
200700002866,0,07,000,00,2,3,09,A01
200700002866,0,33,000,00,2,1,01,B01
200700002867,0,07,000,15,0,1,00,A01
200700002868,0,07,000,11,0,1,00,A01
200700002869,0,30,000,00,0,0,00,A01
200700002870,0,07,000,00,1,1,01,A01
200700002871,0,07,000,00,2,7,16,A01
200700002871,0,30,000,00,2,3,01,B01
200700002872,0,07,000,00,2,3,13,A01
200700002872,0,07,000,00,2,6,01,B01
200700002873,0,07,000,00,2,2,01,A01
200700002874,0,07,000,07,1,9,00,A01
200700002874,0,07,000,07,0,2,00,B01
200700002875,0,30,000,00,0,7,00,A01
200700002876,0,30,000,00,2,0,17,A01
200700002876,0,07,000,00,2,8,15,B01
200700002877,0,07,000,07,0,1,01,A01
200700002878,0,07,000,11,2,9,01,A01
200700002878,0,07,000,00,2,8,23,B01
200700002878,0,07,000,00,2,8,23,C01
200700002878,0,07,000,14,0,3,01,D01
200700002879,0,15,000,00,2,3,01,A01
200700002879,0,07,000,00,2,4,01,B01
200700002879,0,07,000,00,2,4,01,C01
200700002879,0,10,000,00,2,4,01,D01
200700002880,0,07,000,00,2,2,15,A01
200700002880,0,31,000,00,2,1,01,B01
200700002881,0,33,000,00,0,7,21,A01
200700002882,0,07,000,00,2,3,15,A01
200700002882,0,31,000,00,2,7,01,B01
200700002883,0,07,000,00,2,3,09,A01
200700002883,0,10,000,00,2,2,01,B01
200700002884,0,07,000,00,2,2,17,A01
200700002884,0,07,000,00,2,1,01,B01
200700002885,0,02,000,00,0,8,01,A01
200700002886,0,07,000,00,2,2,10,A01
200700002886,0,33,000,00,2,1,01,B01
200700002887,1,07,000,00,2,0,14,A01
200700002887,0,07,000,00,2,9,01,B01
200700002887,0,07,000,00,2,9,02,C01
200700002887,0,07,000,00,2,1,02,D01
200700002888,0,33,000,01,0,1,00,A01
200700002889,0,07,000,13,0,9,00,A01
200700002890,0,33,000,00,2,1,02,A01
200700002890,0,33,000,00,2,4,23,B01
200700002891,0,02,000,00,0,0,00,A01
200700002892,0,07,000,00,2,6,15,A01
200700002892,0,31,000,00,2,1,00,B01
200700002893,0,33,000,00,0,8,00,A01
200700002894,0,07,000,00,2,3,17,A01
200700002894,0,01,000,00,2,0,01,B01
200700002895,0,07,000,00,1,3,01,A01
200700002896,0,07,000,00,2,1,02,A01
200700002896,0,07,000,00,2,9,23,B01
200700002896,0,07,000,00,2,4,23,C01
200700002897,0,37,001,00,2,5,01,A01
200700002897,0,01,000,00,2,0,02,B01
200700002898,0,07,000,00,2,3,15,A01
200700002898,0,31,000,00,2,1,01,B01
200700002899,0,07,000,00,2,7,15,A01
200700002899,0,37,000,00,2,1,01,B01
200700002900,0,02,000,00,2,1,21,A01
200700002900,0,07,000,00,2,4,01,B01
200700002901,0,07,000,00,1,6,04,A01
200700002902,0,10,000,00,2,1,02,A01
200700002902,0,07,000,00,2,9,02,B01
200700002902,0,10,000,00,2,9,02,C01
200700002902,0,07,000,00,2,4,02,D01
200700002903,0,07,000,00,2,8,16,A01
200700002903,0,33,000,00,2,1,01,B01
200700002904,1,07,000,00,1,0,01,A01
200700002905,1,30,000,00,2,0,15,A01
200700002905,0,01,000,00,2,0,01,B01
200700002906,0,07,000,00,2,2,01,A01
200700002906,0,07,000,00,2,1,01,B01
200700002906,0,07,000,00,2,8,01,C01
200700002907,0,07,000,00,2,1,01,A01
200700002907,0,07,000,00,2,4,15,B01
200700002908,0,07,000,00,2,2,15,A01
200700002908,0,02,000,00,5,1,01,B01
200700002909,0,07,000,00,2,8,01,B01
200700002909,0,02,000,00,2,1,01,A01
200700002910,0,10,000,00,2,7,19,A01
200700002910,0,02,000,00,2,1,01,B01
200700002911,0,07,000,00,1,6,04,A01
200700002912,0,07,000,00,0,0,14,A01
200700002913,0,07,000,01,4,1,01,A01
200700002913,0,39,000,00,2,8,01,B01
200700002914,0,07,000,00,2,1,20,A01
200700002914,0,07,000,01,2,2,01,B01
200700002915,0,07,000,00,1,3,01,A01
200700002916,0,07,000,00,2,3,16,A01
200700002916,0,07,000,00,2,1,01,B01
200700002917,0,02,000,00,0,0,01,A01
200700002917,0,07,000,00,0,0,01,B01
200700002918,0,30,000,00,0,0,00,A01
200700002919,0,17,000,00,0,0,01,A01
200700002920,0,07,000,00,0,4,01,A01
200700002920,0,07,000,00,0,1,01,B01
200700002921,0,99,000,00,2,1,13,A01
200700002921,0,07,000,00,2,8,04,B01
200700002922,0,07,000,00,2,4,04,A01
200700002922,0,30,000,00,2,1,01,B01
200700002923,0,07,000,00,2,3,11,A01
200700002923,0,31,000,00,2,7,01,B01
200700002924,0,07,000,00,2,1,01,A01
200700002924,0,32,000,00,2,4,01,B01
200700002925,0,07,000,00,1,1,15,A01
200700002926,0,07,000,00,2,8,01,A01
200700002926,0,01,000,00,2,8,01,B01
200700002927,0,07,000,06,0,1,01,A01
200700002928,0,07,000,00,1,1,15,A01
200700002929,0,07,000,06,0,2,01,A01
200700002930,0,07,000,00,2,8,19,A01
200700002930,0,07,000,00,2,1,01,B01
200700002931,0,07,000,00,2,3,09,A01
200700002931,0,33,000,00,2,1,01,B01
200700002932,0,10,000,00,0,0,00,A01
200700002933,0,32,000,00,2,1,13,A01
200700002933,0,01,000,00,2,1,01,B01
200700002934,0,07,000,15,2,8,17,A01
200700002935,0,07,000,00,1,3,01,A01
200700002936,0,07,000,00,2,3,01,A01
200700002936,0,30,000,00,2,1,19,B01
200700002937,0,07,000,00,2,6,17,A01
200700002937,0,07,000,00,2,6,01,B01
200700002938,0,07,000,15,0,1,01,A01
200700002939,0,07,000,00,1,1,15,A01
200700002940,0,07,000,00,1,1,01,A01
200700002941,0,07,000,00,2,2,16,A01
200700002941,0,01,000,00,2,1,01,B01
200700002942,0,07,000,00,1,1,17,A01
200700002943,0,10,000,00,2,2,01,A01
200700002943,0,01,000,00,2,7,01,B01
200700002944,0,10,000,00,1,2,01,A01
200700002945,0,07,000,00,2,1,01,A01
200700002945,0,07,000,00,2,3,01,B01
200700002946,0,07,000,00,2,1,01,A01
200700002946,0,07,000,00,2,4,01,B01
200700002947,0,33,000,00,2,1,00,B01
200700002947,0,07,000,00,2,3,15,A01
200700002948,0,07,000,00,2,3,10,A01
200700002948,0,02,000,00,2,1,01,B01