Num_Acc,senc,catv,occutc,obs,obsm,choc,manv,num_veh
200700002949,0,07,000,03,2,9,18,A01
200700002949,0,07,000,03,2,7,01,B01
200700002950,0,33,000,11,2,0,01,A01
200700002950,1,07,000,00,0,0,00,B01
200700002951,0,07,000,00,2,3,16,B01
200700002951,0,07,000,03,2,2,01,A01
200700002952,0,07,000,00,2,2,15,A01
200700002952,0,30,000,00,2,1,01,B01
200700002953,0,07,000,00,2,1,01,A01
200700002953,0,07,000,00,2,2,15,B01
200700002954,0,10,000,00,1,4,04,A01
200700002955,0,07,000,00,2,2,10,A01
200700002955,0,01,000,00,2,1,15,B01
200700002956,0,07,000,00,0,0,01,B01
200700002956,0,07,000,00,0,0,01,A01
200700002957,1,07,000,00,2,0,01,B01
200700002957,0,01,000,00,2,1,01,A01
200700002958,0,07,000,12,2,7,15,A01
200700002958,0,07,000,07,2,1,01,B01
200700002959,0,07,000,00,2,3,09,A01
200700002959,0,07,000,00,2,2,01,B01
200700002960,0,02,000,01,0,1,01,A01
200700002961,0,07,000,00,1,2,01,A01
200700002962,0,07,000,00,2,4,23,A01
200700002962,1,07,000,00,2,1,02,C01
200700002962,0,07,000,00,2,6,23,B01
200700002963,0,07,000,06,2,1,01,B01
200700002963,0,07,000,00,2,8,15,A01
200700002964,1,07,000,00,2,1,15,A01
200700002964,0,30,000,00,2,1,01,B01
200700002965,0,07,000,00,2,1,00,A01
200700002965,0,02,000,00,2,1,18,B01
200700002966,0,07,000,00,9,2,01,A01
200700002967,0,07,000,00,2,6,02,B01
200700002967,0,05,000,00,2,0,17,A01
200700002968,0,07,000,00,2,8,15,A01
200700002968,0,05,000,00,2,1,01,B01
200700002969,0,07,000,01,1,1,21,A01
200700002970,0,07,000,00,1,1,15,A01
200700002971,0,03,000,00,0,7,15,A01
200700002971,0,07,000,00,2,1,01,B01
200700002972,0,03,000,00,1,3,01,A01
200700002973,0,02,000,00,2,1,01,B01
200700002973,0,07,000,00,2,2,15,A01
200700002974,0,30,000,00,2,2,19,A01
200700002974,0,07,000,00,2,1,01,B01
200700002975,0,07,000,00,2,1,13,A01
200700002975,0,07,000,00,2,2,01,B01
200700002976,0,07,000,00,1,3,15,A01
200700002977,0,07,000,00,1,1,01,A01
200700002978,0,07,000,00,2,1,00,A01
200700002978,0,02,000,00,2,1,01,B01
200700002979,0,07,000,00,2,3,02,A01
200700002980,0,07,000,00,2,8,10,A01
200700002980,0,17,000,13,2,8,01,B01
200700002981,0,07,000,00,2,8,15,A01
200700002981,0,07,000,00,2,1,01,B01
200700002982,0,07,000,00,1,3,15,A01
200700002983,0,07,000,00,1,1,01,A01
200700002984,0,07,000,00,1,1,01,A01
200700002985,0,07,000,00,2,1,01,B01
200700002985,0,07,000,00,2,4,01,A01
200700002986,0,07,000,00,2,1,01,A01
200700002986,0,07,000,00,2,1,01,B01
200700002986,0,07,000,00,2,3,01,C01
200700002987,0,07,000,15,0,1,01,A01
200700002988,0,01,000,00,2,1,01,A01
200700002988,0,07,000,00,2,6,15,B01
200700002989,0,07,000,07,0,8,16,A01
200700002990,0,07,000,00,1,1,01,A01
200700002991,0,07,000,00,2,1,01,A01
200700002991,0,01,000,00,2,8,01,B01
200700002992,0,07,000,01,0,1,00,A01
200700002993,0,02,000,00,2,7,01,B01
200700002993,0,07,000,00,2,1,15,A01
200700002994,2,10,000,00,2,2,17,A01
200700002994,0,07,000,00,2,3,15,B01
200700002995,0,30,000,04,0,9,01,A01
200700002995,0,07,000,14,2,2,01,B01
200700002996,0,07,000,12,2,8,01,A01
200700002996,0,07,000,00,2,1,01,B01
200700002997,0,07,000,00,0,9,01,A01
200700002998,0,07,000,00,1,1,01,A01
200700002999,0,14,000,00,0,0,01,A01
200700003000,0,02,000,00,2,1,01,B01
200700003000,0,10,000,00,2,1,20,A01
200700003001,0,02,000,00,2,8,00,A01
200700003001,0,07,000,00,2,3,01,B01
200700003002,0,07,000,00,2,3,13,B01
200700003002,0,10,000,00,2,6,15,A01
200700003003,0,07,000,08,0,1,01,A01
200700003004,0,07,000,07,0,1,01,A01
200700003005,0,07,000,13,0,2,01,A01
200700003006,0,07,000,00,2,1,02,A01
200700003006,0,07,000,00,0,4,02,B01
200700003007,0,07,000,06,0,1,14,A01
200700003008,0,07,000,00,2,6,00,B01
200700003008,0,31,000,00,2,1,00,A01
200700003009,0,07,000,00,1,3,01,A01
200700003010,0,07,000,00,2,3,01,A01
200700003010,0,07,000,00,2,7,01,B01
200700003010,0,03,000,00,2,3,01,C01
200700003011,0,07,000,00,2,8,22,A01
200700003011,0,01,000,01,0,1,01,B01
200700003012,0,07,000,01,1,8,20,A01
200700003013,0,07,000,00,2,1,01,A01
200700003013,0,07,000,00,2,4,01,B01
200700003014,0,07,000,00,2,7,15,A01
200700003014,0,01,000,00,2,1,01,B01
200700003015,0,02,000,00,2,1,01,B01
200700003015,0,07,000,00,2,8,15,A01
200700003016,0,07,000,00,1,1,16,A01
200700003017,0,07,000,00,2,8,01,A01
200700003017,0,07,000,00,2,8,15,B01
200700003018,0,07,000,00,9,1,01,A01
200700003018,0,01,000,00,2,4,00,B01
200700003019,0,07,000,00,1,2,16,A01
200700003020,0,07,000,00,2,1,01,A01
200700003020,0,07,000,00,2,7,01,B01
200700003021,0,07,000,00,2,3,15,A01
200700003021,0,01,000,00,9,8,15,B01
200700003022,0,07,000,00,2,2,15,A01
200700003022,0,30,000,00,2,1,01,B01
200700003023,0,07,000,00,2,3,11,A01
200700003023,0,02,000,00,2,7,01,B01
200700003024,0,07,000,00,1,4,15,A01
200700003025,0,10,000,00,2,1,02,A01
200700003025,0,10,000,00,2,4,01,B01
200700003026,0,07,000,00,1,7,01,A01
200700003027,0,07,000,00,2,1,13,A01
200700003027,0,07,000,00,2,1,01,B01
200700003028,0,17,000,00,2,7,12,A01
200700003028,0,07,000,00,2,6,01,B01
200700003029,0,07,000,00,2,1,02,A01
200700003030,0,07,000,00,2,2,15,A01
200700003030,0,07,000,00,2,3,01,B01
200700003031,0,07,000,00,2,2,01,A01
200700003031,0,07,000,00,2,3,01,B01
200700003032,1,07,000,00,1,4,04,X01
200700003033,0,01,000,00,1,1,01,A01
200700003034,0,07,000,00,1,1,01,A01
200700003035,0,02,000,00,2,1,02,A01
200700003035,0,07,000,00,2,4,01,B01
200700003036,0,02,000,00,1,1,05,A01
200700003037,0,07,000,00,1,1,01,A01
200700003038,0,07,000,00,2,3,09,A01
200700003038,0,30,000,00,2,1,01,B01
200700003039,0,07,000,00,1,2,01,A01
200700003040,0,07,000,00,2,3,00,A01
200700003040,0,07,000,00,2,3,01,B01
200700003041,0,07,000,00,1,1,01,A01
200700003042,0,07,000,00,2,2,01,A01
200700003042,0,07,000,00,2,3,01,B01
200700003043,0,07,000,00,2,2,15,A01
200700003043,0,31,000,00,2,7,01,B01
200700003044,0,07,000,00,2,1,01,A01
200700003044,0,07,000,00,2,4,23,B01
200700003045,0,30,000,00,2,7,01,B01
200700003045,0,07,000,00,2,2,15,A01
200700003046,0,07,000,00,1,1,01,A01
200700003047,0,07,000,00,1,3,01,A01
200700003048,0,07,000,00,1,2,01,A01
200700003049,0,07,000,00,2,4,23,B01
200700003049,0,07,000,00,2,1,02,A01
200700003049,0,07,000,00,2,4,23,C01
200700003050,0,07,000,00,1,5,04,A01
200700003051,0,07,000,00,2,3,01,A01
200700003051,0,07,000,00,2,1,23,B01
200700003052,1,30,000,00,1,0,05,A01
200700003053,0,07,000,06,0,1,00,A01
200700003054,0,07,000,03,0,1,00,A01
200700003055,0,07,000,00,1,1,01,A01
200700003056,0,07,000,00,2,3,09,A01
200700003056,0,07,000,00,2,5,01,B01
200700003057,0,07,000,00,2,1,10,A01
200700003057,0,07,000,00,2,4,02,B01
200700003058,0,07,000,00,9,3,09,A01
200700003058,0,02,000,00,2,1,01,B01
200700003059,2,07,000,00,2,1,01,A01
200700003059,0,07,000,00,2,8,01,B01
200700003060,2,07,000,06,0,1,14,A01
200700003061,0,07,000,08,0,1,01,A01
200700003062,0,10,000,00,2,8,15,A01
200700003062,0,02,000,00,2,1,01,B01
200700003063,0,07,000,00,2,0,16,A01
200700003063,0,02,000,00,2,3,01,B01
200700003064,0,01,000,00,2,0,00,A01
200700003064,0,07,000,00,2,0,00,B01
200700003065,0,07,000,00,2,2,15,A01
200700003065,0,07,000,00,2,1,01,B01
200700003066,0,07,000,00,2,1,01,A01
200700003066,0,32,000,00,2,0,01,B01
200700003067,0,07,000,00,2,8,22,A01
200700003067,0,01,000,01,0,1,11,B01
200700003068,0,07,000,00,1,0,01,A01
200700003069,0,31,000,00,9,0,13,A01
200700003069,0,01,000,00,2,0,01,B01
200700003070,0,07,000,00,2,1,15,A01
200700003070,0,33,000,00,2,1,01,B01
200700003071,0,02,000,00,1,1,18,A01
200700003072,0,07,000,00,1,1,01,A01
200700003073,0,07,000,00,1,1,01,A01
200700003074,0,07,000,00,2,1,02,A01
200700003074,0,07,000,00,2,1,02,B01
200700003074,0,07,000,00,2,1,02,C01
200700003074,0,07,000,00,2,4,02,D01
200700003075,0,07,000,00,2,7,16,A01
200700003075,0,01,000,00,2,1,01,B01
200700003076,0,07,000,00,2,8,01,A01
200700003076,0,01,000,00,2,1,01,B01
200700003077,0,07,000,04,0,3,02,A01
200700003078,0,33,000,00,1,1,01,A01
200700003079,0,07,000,00,2,3,10,A01
200700003079,0,33,000,00,2,5,01,B01
200700003080,0,02,000,00,2,1,06,B01
200700003080,1,99,000,00,2,1,06,A01
200700003081,0,33,000,00,2,1,01,A01
200700003081,0,07,000,00,2,4,01,B01
200700003082,0,07,000,00,2,7,01,A01
200700003082,0,07,000,00,2,1,01,B01
200700003083,0,07,000,00,2,6,11,A01
200700003083,0,33,000,00,2,1,01,B01
200700003084,0,07,000,00,2,1,01,A01
200700003084,0,07,000,00,2,3,01,B01
200700003085,0,02,000,00,2,1,01,A01
200700003085,0,07,000,00,2,2,16,B01
200700003086,2,10,000,01,2,2,13,A01
200700003086,0,07,000,00,2,1,01,C01
200700003087,0,07,000,00,2,3,09,A01
200700003087,0,07,000,00,2,6,01,B01
200700003088,0,07,000,01,0,1,14,A01
200700003089,0,07,000,00,2,1,01,A01
200700003089,0,07,000,00,0,4,23,B01
200700003090,0,07,000,00,1,2,01,A01
200700003091,0,07,000,00,2,1,01,B01
200700003091,0,07,000,00,2,8,15,A01
200700003092,0,40,000,00,1,2,02,A01
200700003093,0,10,000,00,2,1,01,A01
200700003093,0,01,000,00,2,1,01,B01
200700003094,0,07,000,00,2,3,01,A01
200700003094,0,33,000,14,2,7,01,B01
200700003094,0,07,000,00,2,1,23,C01
200700003095,0,07,000,00,1,1,04,A01
200700003096,0,07,000,00,2,3,15,A01
200700003096,0,33,000,00,2,1,01,B01
200700003097,0,10,000,00,2,6,15,A01
200700003097,0,02,000,00,2,1,01,B01
200700003098,0,07,000,08,0,1,01,A01
200700003099,0,07,000,00,1,3,01,A01
200700003100,1,07,000,05,0,2,14,A01
200700003101,0,07,000,00,2,7,01,B01
200700003101,0,07,000,00,2,3,01,A01
200700003101,0,10,000,00,2,1,23,C01
200700003102,0,07,000,00,2,1,01,A01
200700003102,0,02,000,00,2,5,15,B01
200700003103,0,07,000,00,1,2,16,A01
200700003104,0,07,000,00,1,2,01,A01
200700003105,0,07,000,00,2,1,01,A01
200700003105,0,07,000,00,2,4,01,B01
200700003105,0,07,000,00,2,4,01,C01
200700003106,0,07,000,00,1,1,01,A01
200700003107,0,07,000,00,1,1,01,A01
200700003108,0,17,000,00,2,2,01,A01
200700003108,0,07,000,00,2,1,01,B01
200700003108,0,07,000,00,2,4,01,C01
200700003108,0,07,000,00,2,1,01,D01
200700003108,0,07,000,00,0,4,01,E01
200700003109,0,02,000,00,2,1,01,B01
200700003109,1,07,000,00,2,7,16,A01
200700003110,0,07,000,00,2,7,16,A01
200700003110,0,02,000,00,2,1,14,B01
200700003111,0,07,000,08,0,1,13,A01
200700003112,0,02,000,00,2,1,18,A01
200700003112,0,10,000,00,2,5,16,B01
200700003113,0,07,000,06,0,1,13,A01
200700003114,0,02,000,00,2,1,01,B01
200700003114,0,07,000,00,2,6,09,A01
200700003115,0,07,000,00,2,1,01,B01
200700003115,0,07,000,00,2,3,01,A01
200700003116,0,07,000,00,1,8,04,A01
200700003117,0,07,000,00,2,1,17,A01
200700003117,0,07,000,00,2,1,01,B01
200700003118,0,07,000,00,2,7,01,A01
200700003118,0,37,004,00,2,3,01,B01
200700003119,0,07,000,00,2,3,09,A01
200700003119,0,02,000,00,2,1,01,B01
200700003120,0,07,000,00,1,2,01,A01
200700003121,0,07,000,01,2,8,15,A01
200700003121,0,07,000,00,2,1,01,B01
200700003122,0,07,000,00,2,1,15,A01
200700003122,0,07,000,00,2,1,01,B01
200700003123,0,07,000,00,2,1,01,A01
200700003123,0,01,000,00,2,1,13,B01
200700003124,0,10,000,00,1,1,01,A01
200700003125,0,07,000,00,2,3,15,A01
200700003125,0,02,000,00,2,1,01,B01
200700003126,0,99,000,00,2,1,00,A01
200700003126,0,07,000,00,2,1,00,B01
200700003127,0,07,000,00,2,1,00,A01
200700003127,0,07,000,00,2,0,00,B01
200700003127,0,07,000,00,2,0,00,C01
200700003128,0,07,000,00,1,2,01,A01
200700003129,0,15,000,00,2,2,02,A01
200700003129,0,30,000,00,2,9,02,B01
200700003130,1,07,000,00,2,0,00,A01
200700003130,0,30,000,00,2,0,00,B01
200700003131,0,07,000,08,0,1,00,A01
200700003132,0,07,000,00,2,1,15,A01
200700003132,0,07,000,00,2,0,01,B01
200700003133,0,07,000,00,1,1,00,A01
200700003134,0,07,000,00,2,1,15,A01
200700003134,0,07,000,00,2,1,01,B01
200700003135,0,07,000,00,1,1,00,A01
200700003136,0,07,000,00,2,7,00,A01
200700003137,0,33,000,00,0,0,00,A01
200700003137,0,07,000,00,0,0,00,B01
200700003138,0,07,000,00,2,8,15,A01
200700003138,0,33,000,00,2,1,01,B01
200700003139,0,07,000,00,2,3,00,A01
200700003139,0,07,000,00,2,1,00,B01
200700003140,0,33,000,00,4,0,00,A01
200700003140,0,40,000,00,2,3,00,B01
200700003141,0,07,000,00,2,4,23,C01
200700003141,0,07,000,00,2,9,23,B01
200700003141,1,07,000,00,2,1,02,A01
200700003142,0,07,000,00,1,1,01,A01
200700003143,0,20,000,00,1,7,01,A01
200700003144,0,07,000,06,0,2,17,A01
200700003145,0,07,000,00,1,4,04,A01
200700003146,0,07,000,00,1,1,01,A01
200700003147,1,07,000,00,1,1,05,A01
200700003148,1,99,000,00,2,0,02,A01
200700003148,0,30,000,00,2,0,03,B01
200700003149,0,07,000,00,2,4,10,A01
200700003149,0,07,000,00,2,1,01,B01
200700003150,0,07,000,00,1,1,01,A01
200700003151,0,07,000,00,2,2,01,A01
200700003151,0,07,000,00,2,1,15,B01
200700003152,0,02,000,00,2,1,17,A01
200700003152,0,10,000,00,2,3,19,B01
200700003153,0,07,000,00,9,1,02,A01
200700003153,0,01,000,00,2,7,19,B01
200700003154,0,07,000,00,2,1,02,A01
200700003154,0,07,000,00,2,9,23,B01
200700003154,0,07,000,00,2,4,23,C01
200700003155,0,07,000,09,0,1,13,A01
200700003156,0,07,000,06,0,3,13,A01
200700003157,0,02,000,00,2,1,01,A01
200700003157,0,07,000,00,2,7,15,B01
200700003158,0,07,000,00,2,2,16,A01
200700003158,0,02,000,00,2,3,01,B01
200700003159,0,07,000,00,2,3,01,B01
200700003159,0,07,000,00,2,2,01,A01
200700003160,0,07,000,00,2,4,23,A01
200700003160,0,30,000,00,2,7,01,B01
200700003161,0,10,000,00,2,1,01,A01
200700003161,0,02,000,00,2,1,19,B01
200700003162,0,07,000,00,1,3,09,A01
200700003163,0,07,000,00,2,1,02,A01
200700003163,0,07,000,00,2,4,23,B01
200700003164,0,07,000,00,2,1,13,A01
200700003164,0,07,000,00,2,1,02,B01
200700003165,0,33,000,01,0,1,01,A01
200700003165,0,07,000,00,9,3,01,B01
200700003166,0,07,000,00,2,3,01,A01
200700003166,0,30,000,00,2,1,15,B01
200700003167,0,07,000,00,0,0,01,A01
200700003168,0,07,000,00,2,7,16,A01
200700003168,0,02,000,00,2,3,16,B01
200700003169,0,07,000,00,1,0,15,A01
200700003170,0,33,000,00,1,1,01,A01
200700003171,0,07,000,16,2,1,01,A01
200700003171,0,30,000,00,2,8,01,B01
200700003172,0,30,000,00,2,1,01,A01
200700003172,0,07,000,00,2,6,17,B01
200700003173,0,32,000,00,2,2,01,B01
200700003173,0,07,000,00,2,3,11,A01
200700003174,0,33,000,00,2,3,01,A01
200700003174,0,07,000,00,2,1,01,B01
200700003175,0,07,000,00,2,1,01,A01
200700003175,0,30,000,00,2,3,15,B01
200700003176,0,07,000,00,2,3,15,A01
200700003176,0,07,000,00,2,1,01,B01
200700003177,0,02,000,00,2,1,01,B01
200700003177,0,07,000,00,2,3,15,A01
200700003178,0,07,000,02,0,1,02,A01
200700003179,0,07,000,00,2,5,13,A01
200700003179,0,07,000,00,2,1,13,B01
200700003180,0,07,000,00,1,1,01,A01
200700003181,0,10,000,00,1,0,04,A01
200700003182,0,07,000,00,2,1,01,B01
200700003182,0,07,000,00,2,1,01,A01
200700003183,0,07,000,00,2,2,19,B01
200700003183,0,02,000,00,2,1,01,A01
200700003184,0,02,000,00,2,1,01,A01
200700003184,0,07,000,00,2,3,15,B01
200700003185,0,02,000,00,2,5,01,A01
200700003185,0,07,000,00,2,8,01,B01
200700003186,0,07,000,00,2,1,15,A01
200700003186,0,07,000,00,2,2,01,B01
200700003187,0,33,000,04,0,8,01,A01
200700003188,0,07,000,00,2,8,24,A01
200700003188,0,01,000,00,2,0,00,B01
200700003189,0,03,000,00,2,4,01,A01
200700003189,1,10,000,00,2,1,01,B01
200700003190,0,07,000,00,1,3,15,A01
200700003191,0,30,000,00,2,8,09,A01
200700003191,0,07,000,00,2,1,01,B01
200700003192,0,99,000,00,2,1,02,A01
200700003192,0,37,002,00,2,6,23,B01
200700003193,0,07,000,00,2,1,09,A01
200700003193,0,02,000,00,2,7,01,B01
200700003194,0,07,000,00,2,2,15,A01
200700003194,0,07,000,00,2,1,01,B01
200700003195,0,07,000,00,2,1,15,A01
200700003195,0,31,000,00,2,1,01,B01
200700003196,0,30,000,00,0,8,01,A01
200700003197,0,07,000,00,2,1,13,A01
200700003197,0,07,000,00,2,1,01,B01
200700003197,0,07,000,00,2,1,02,C01
200700003198,0,02,000,00,1,1,01,B01
200700003199,0,07,000,00,2,3,15,A01
200700003199,0,02,000,00,2,1,01,B01
200700003200,0,07,000,00,2,0,09,A01
200700003200,0,02,000,00,2,1,21,B01
200700003201,0,30,000,00,0,7,01,A01
200700003202,0,15,000,00,2,6,16,A01
200700003202,0,37,002,00,2,6,01,B01
200700003203,0,07,000,00,2,1,01,A01
200700003203,0,15,000,00,2,3,01,B01
200700003203,0,07,000,00,2,1,01,C01
200700003204,0,07,000,00,2,1,02,A01
200700003204,0,07,000,00,2,4,01,B01
200700003205,1,07,000,00,2,0,15,A01
200700003205,0,30,000,00,2,7,01,B01
200700003206,0,07,000,00,1,2,01,B01
200700003207,0,02,000,00,2,1,02,A01
200700003207,0,07,000,00,2,5,02,B01
200700003208,0,07,000,00,2,2,15,A01
200700003208,0,02,000,00,2,1,01,B01
200700003209,0,01,000,08,0,0,00,A01
200700003210,0,14,000,00,2,3,01,B01
200700003210,0,33,000,00,2,8,01,A01
200700003211,0,07,000,00,2,2,15,A01
200700003211,0,07,000,00,2,1,01,B01
200700003212,0,10,000,00,2,8,05,A01
200700003212,0,07,000,00,2,2,01,B01
200700003213,0,30,000,00,0,3,01,A01
200700003214,0,07,000,10,0,8,01,A01
200700003215,0,02,000,00,0,0,01,A01
200700003216,0,02,000,00,0,7,15,A01
200700003217,0,31,000,00,0,0,01,A01
200700003218,0,02,000,00,2,3,15,A01
200700003218,0,07,000,00,2,0,01,B01
200700003219,0,07,000,00,2,1,01,A01
200700003219,0,07,000,00,2,1,01,B01
200700003220,0,07,000,00,2,1,12,A01
200700003220,0,07,000,00,2,6,01,B01
200700003221,0,10,000,00,2,1,02,A01
200700003221,0,07,000,00,2,4,02,B01
200700003221,0,07,000,00,2,4,02,C01
200700003222,0,07,000,15,0,1,15,A01
200700003223,0,07,000,00,2,3,15,A01
200700003223,0,07,000,00,2,1,16,B01
200700003224,0,33,000,00,0,8,01,A01
200700003225,0,03,000,00,2,2,14,A01
200700003225,0,10,000,00,2,8,23,B01
200700003226,0,01,000,00,0,0,00,A01
200700003227,0,30,000,00,2,3,17,A01
200700003227,0,07,000,00,2,8,15,B01
200700003228,0,07,000,02,0,8,01,A01
200700003229,0,30,000,00,2,2,02,A01
200700003229,0,07,000,00,2,6,02,B01
200700003230,0,02,000,00,2,1,01,A01
200700003230,0,07,000,00,2,4,01,B01
200700003231,0,07,000,00,1,1,01,A01
200700003232,0,07,000,00,2,2,15,A01
200700003232,0,30,000,00,2,0,01,B01
200700003233,0,07,000,00,1,1,01,A01
200700003234,0,07,000,02,0,8,01,A01
200700003235,0,02,000,09,0,1,01,A01
200700003236,0,07,000,00,0,5,15,A01
200700003236,0,02,000,00,2,1,01,B01
200700003237,0,07,000,00,1,8,02,A01
200700003238,0,33,000,00,2,1,17,A01
200700003238,0,07,000,00,2,3,01,B01
200700003239,0,07,000,00,1,1,01,A01
200700003240,0,07,000,03,0,2,14,A01
200700003241,0,02,000,00,2,1,01,A01
200700003241,0,07,000,00,2,3,15,B01
200700003242,0,07,000,00,1,1,01,A01
200700003243,0,07,000,00,2,1,01,A01
200700003243,0,07,000,00,2,4,01,B01
200700003244,0,02,000,01,0,1,01,A01
200700003245,0,07,000,13,0,7,14,A01
200700003246,0,07,000,00,1,1,09,A01
200700003247,0,07,000,00,2,3,16,A01
200700003247,0,30,000,00,2,1,01,B01
200700003248,0,07,000,08,0,1,14,A01
200700003249,0,01,000,00,2,1,01,A01
200700003249,0,15,000,00,2,3,23,B01
200700003250,0,07,000,00,2,1,02,A01
200700003250,0,07,000,00,2,4,01,B01
200700003251,0,07,000,00,2,1,01,A01
200700003251,0,07,000,00,2,3,01,B01
200700003252,0,07,000,03,0,7,14,A01
200700003253,0,30,000,00,2,1,01,A01
200700003253,0,07,000,00,2,4,23,B01
200700003254,0,02,000,00,2,8,11,A01
200700003254,0,07,000,00,2,7,01,B01
200700003255,0,07,000,00,2,2,01,A01
200700003255,0,07,000,00,2,8,01,B01
200700003256,0,01,000,00,2,1,01,A01
200700003256,1,07,000,00,2,3,09,B01
200700003257,0,07,000,00,2,2,15,A01
200700003257,0,02,000,00,2,1,01,B01
200700003258,0,07,000,00,1,2,01,A01
200700003259,0,33,000,11,0,1,09,A01
200700003260,0,07,000,00,1,2,01,A01
200700003261,0,07,000,00,1,2,01,A01
200700003262,0,14,000,00,2,2,15,A01
200700003262,0,33,000,00,2,3,01,B01
200700003263,0,07,000,00,2,1,09,A01
200700003263,0,02,000,00,2,1,01,B01
200700003264,0,07,000,00,1,1,01,A01
200700003265,0,07,000,00,1,2,01,A01
200700003265,0,07,000,00,2,3,01,B01
200700003266,0,10,000,00,2,2,09,A01
200700003266,0,02,000,00,2,8,01,B01
200700003267,0,07,000,00,1,1,01,A01
200700003268,0,07,000,00,2,3,09,B01
200700003268,0,02,000,00,2,1,17,A01
200700003269,0,07,000,00,2,1,01,A01
200700003269,0,01,000,00,2,4,23,B01
200700003270,0,31,000,00,2,4,01,A01
200700003270,1,07,000,00,2,1,00,B01
200700003271,0,07,000,00,1,3,09,A01
200700003272,0,07,000,00,9,1,09,A01
200700003272,0,01,000,00,2,5,01,B01
200700003273,0,10,000,00,2,1,01,A01
200700003273,0,07,000,00,2,3,15,B01
200700003274,0,07,000,00,1,1,01,A01
200700003275,0,10,000,00,2,5,01,A01
200700003275,0,02,000,00,2,1,16,B01
200700003276,0,07,000,00,2,1,02,A01
200700003276,0,07,000,00,2,4,02,B01
200700003277,0,07,000,00,2,1,15,A01
200700003277,0,30,000,00,9,2,01,B01
200700003278,0,07,000,00,1,1,02,A01
200700003279,0,30,000,00,2,1,17,A01
200700003279,0,07,000,00,2,1,16,B01
200700003280,0,07,000,00,2,3,17,A01
200700003280,0,30,000,00,2,1,01,B01
200700003281,0,07,000,00,2,3,15,A01
200700003281,0,33,000,00,2,1,01,B01
200700003282,0,07,000,00,1,1,01,A01
200700003283,0,07,000,00,2,1,15,A01
200700003283,0,07,000,00,2,1,02,B01
200700003284,0,07,000,00,1,8,02,A01
200700003285,0,07,000,00,2,1,02,A01
200700003285,0,07,000,00,2,4,02,B01
200700003286,1,07,000,00,9,2,02,A01
200700003286,0,01,000,00,0,8,01,B01
200700003287,0,07,000,00,1,2,16,A01
200700003288,0,10,000,00,1,2,01,A01
200700003289,1,10,000,00,1,2,01,A01
200700003290,0,33,000,00,2,0,01,B01
200700003290,1,07,000,00,2,5,15,A01
200700003291,0,07,000,00,2,1,01,A01
200700003291,0,07,000,00,2,1,01,B01
200700003292,0,07,000,03,2,1,01,A01
200700003292,0,07,000,03,2,1,01,B01
200700003293,0,37,005,06,0,1,02,A01
200700003294,0,07,000,01,0,1,01,A01
200700003295,0,03,000,12,0,1,02,A01
200700003296,0,37,025,00,1,2,21,A01
200700003297,0,07,000,00,1,1,01,A01
200700003298,0,07,000,00,2,7,15,A01
200700003298,0,07,000,00,2,0,01,B01
200700003298,0,07,000,00,2,1,01,C01
200700003299,0,07,000,00,2,3,15,A01
200700003299,0,01,000,00,2,1,01,B01
200700003300,0,07,000,00,2,1,01,A01
200700003300,0,07,000,00,2,1,15,B01
200700003301,0,07,000,00,2,1,01,A01
200700003301,0,07,000,00,2,4,01,B01
200700003302,0,07,000,08,0,1,01,A01
200700003303,0,07,000,00,2,4,23,B01
200700003303,1,07,000,00,2,1,01,A01
200700003304,0,07,000,06,1,1,15,A01
200700003305,0,07,000,11,0,1,01,A01
200700003306,1,07,000,00,2,0,00,A01
200700003306,0,02,000,00,2,7,16,B01
200700003307,0,16,000,00,2,7,12,A01
200700003307,0,07,000,00,2,8,01,B01
200700003308,1,07,000,00,1,3,01,A01
200700003309,0,07,000,00,2,3,10,A01
200700003309,0,31,000,00,2,1,01,B01
200700003310,0,07,000,00,1,2,15,A01
200700003311,0,07,000,00,9,8,15,A01
200700003311,0,02,000,00,2,1,01,B01
200700003312,0,07,000,00,2,1,02,A01
200700003312,0,07,000,00,2,4,23,B01
200700003313,0,30,000,00,2,1,17,A01
200700003313,0,07,000,00,2,8,15,B01
200700003314,0,07,000,01,2,7,01,A01
200700003314,0,07,000,00,2,1,01,B01
200700003315,0,10,000,00,2,1,10,A01
200700003315,0,07,000,00,2,1,01,B01
200700003315,0,07,000,00,2,1,01,C01
200700003316,0,07,000,00,2,8,11,A01
200700003316,0,02,000,00,2,0,01,B01
200700003317,0,10,000,00,2,1,02,A01
200700003317,0,07,000,00,2,4,23,B01
200700003318,0,07,000,00,2,2,01,A01
200700003318,0,07,000,00,2,1,15,B01
200700003319,0,01,000,00,2,1,15,A01
200700003319,0,07,000,00,2,4,15,B01
200700003320,0,07,000,00,2,2,16,A01
200700003320,0,02,000,00,2,1,01,B01
200700003321,0,07,000,00,2,1,02,A01
200700003321,0,07,000,00,2,4,23,B01
200700003322,0,40,000,00,1,2,15,A01
200700003323,0,07,000,00,1,2,01,A01
200700003324,0,37,001,00,2,5,02,A01
200700003324,0,02,000,00,2,1,01,B01
200700003325,1,07,000,00,2,1,01,A01
200700003325,0,02,000,00,2,4,01,B01
200700003326,0,07,000,00,2,4,04,A01
200700003326,0,07,000,00,2,2,02,B01
200700003326,0,07,000,00,0,0,00,C01
200700003327,0,07,000,00,1,2,16,A01