Num_Acc,senc,catv,occutc,obs,obsm,choc,manv,num_veh
200700003328,0,07,000,00,4,3,19,A01
200700003328,0,40,000,00,2,2,01,B01
200700003329,0,07,000,00,1,2,15,A01
200700003330,1,07,000,00,0,0,00,A01
200700003330,0,01,000,00,2,0,00,B01
200700003331,0,07,000,00,1,1,00,A01
200700003332,0,07,000,00,2,2,13,A01
200700003332,0,07,000,00,2,3,01,B01
200700003333,0,07,000,00,1,1,01,A01
200700003334,0,31,000,00,2,1,01,A01
200700003334,0,07,000,00,0,1,01,C01
200700003334,0,07,000,00,0,6,01,B01
200700003335,0,07,000,00,2,1,01,A01
200700003335,0,07,000,00,0,4,01,B01
200700003336,0,07,000,00,0,6,01,B01
200700003336,0,07,000,01,2,1,01,A01
200700003337,0,07,000,00,1,1,01,A01
200700003338,0,07,000,13,0,9,15,A01
200700003339,0,30,000,16,0,1,01,A01
200700003340,0,07,000,00,2,2,15,A01
200700003340,0,02,000,00,2,1,16,B01
200700003341,1,07,000,00,1,1,01,A01
200700003342,0,02,000,12,0,1,01,A01
200700003343,0,07,000,00,2,5,15,A01
200700003343,0,01,000,00,2,1,01,B01
200700003344,0,07,000,00,2,3,01,B01
200700003344,0,02,000,00,2,7,15,A01
200700003345,0,30,000,00,2,1,01,B01
200700003345,0,17,000,00,2,1,01,D01
200700003345,0,07,000,00,2,1,15,A01
200700003346,0,07,000,00,2,1,13,A01
200700003346,0,14,000,00,2,1,01,B01
200700003347,0,07,000,00,2,1,01,A01
200700003347,0,07,000,00,2,4,01,B01
200700003348,0,07,000,00,2,8,15,A01
200700003348,0,37,000,00,2,1,01,B01
200700003349,0,07,000,07,0,1,01,A01
200700003350,0,07,000,13,0,7,01,A01
200700003351,0,07,000,00,2,1,01,A01
200700003351,0,07,000,00,2,4,01,B01
200700003352,0,02,000,00,2,1,18,A01
200700003352,0,07,000,00,2,2,16,B01
200700003353,0,07,000,00,2,7,15,A01
200700003353,0,07,000,00,2,1,16,B01
200700003354,0,07,000,01,1,2,01,A01
200700003355,0,07,000,15,0,1,01,A01
200700003356,0,07,000,00,2,7,01,A01
200700003356,0,07,000,00,2,2,01,B01
200700003356,0,07,000,00,2,1,01,C01
200700003357,0,07,000,00,2,1,01,A01
200700003357,0,07,000,00,2,8,01,B01
200700003358,0,07,000,00,1,7,01,A01
200700003359,0,31,000,00,0,7,01,A01
200700003360,0,02,000,01,0,1,01,A01
200700003361,0,07,000,04,0,2,01,A01
200700003362,0,07,000,00,2,5,15,A01
200700003362,0,07,000,00,0,3,01,B01
200700003363,0,07,000,00,1,1,01,A01
200700003364,0,02,000,00,0,8,01,A01
200700003365,0,07,000,00,1,3,01,A01
200700003366,0,07,000,12,0,9,01,A01
200700003367,0,07,000,02,0,8,01,A01
200700003368,0,07,000,00,1,1,01,A01
200700003369,0,07,000,01,2,8,01,B01
200700003369,0,07,000,00,2,2,16,A01
200700003370,0,07,000,00,1,1,01,A01
200700003371,0,07,000,00,1,2,01,A01
200700003372,0,07,000,00,1,1,01,A01
200700003373,0,07,000,00,2,5,15,A01
200700003373,0,33,000,00,2,2,17,B01
200700003374,0,07,000,00,1,1,01,A01
200700003375,0,02,000,00,2,1,17,A01
200700003375,0,07,000,00,2,8,15,B01
200700003376,0,07,000,08,0,1,01,A01
200700003377,0,07,000,00,2,2,01,A01
200700003377,0,07,000,00,2,3,01,B01
200700003378,0,07,000,00,2,1,09,A01
200700003378,0,33,000,00,2,8,01,B01
200700003379,0,32,000,00,0,0,21,A01
200700003379,0,07,000,00,0,0,00,B01
200700003380,0,07,000,00,1,1,01,A01
200700003381,0,07,000,00,2,2,21,A01
200700003381,0,07,000,00,2,1,02,B01
200700003381,0,07,000,00,2,6,01,C01
200700003381,0,07,000,00,2,5,02,D01
200700003382,0,30,000,00,1,7,01,A01
200700003383,0,07,000,00,1,7,01,A01
200700003384,2,07,000,00,1,1,21,A01
200700003385,0,07,000,00,2,1,02,A01
200700003385,0,07,000,00,2,4,23,B01
200700003386,0,07,000,00,1,1,01,A01
200700003387,0,02,000,00,2,2,17,A01
200700003387,0,07,000,00,2,3,15,B01
200700003388,0,07,000,13,0,1,19,A01
200700003389,0,01,000,00,2,7,01,B01
200700003389,0,07,000,00,9,1,21,A01
200700003390,0,07,000,00,2,1,02,A01
200700003390,0,07,000,00,2,4,02,B01
200700003391,0,02,000,01,0,7,14,A01
200700003392,0,07,000,00,1,1,01,A01
200700003393,0,30,000,07,0,1,15,A01
200700003394,0,07,000,00,2,5,23,B01
200700003394,0,02,000,14,2,1,02,A01
200700003395,0,01,000,00,5,1,01,A01
200700003396,0,02,000,00,2,1,01,B01
200700003396,0,07,000,00,2,5,16,A01
200700003397,0,07,000,00,1,3,10,A01
200700003398,0,07,000,00,2,1,02,A01
200700003398,0,07,000,00,1,4,23,B01
200700003399,0,07,000,00,1,1,01,A01
200700003400,0,07,000,00,2,7,19,A01
200700003400,0,07,000,00,2,1,01,B01
200700003401,0,02,000,00,1,1,01,A01
200700003402,0,30,000,00,2,8,01,A01
200700003402,0,07,000,00,2,5,23,B01
200700003403,0,07,000,00,1,1,01,A01
200700003404,0,20,000,00,1,1,15,A01
200700003405,0,07,000,00,2,2,02,A01
200700003405,0,02,000,00,2,4,01,B01
200700003406,0,07,000,01,0,2,02,A01
200700003407,0,07,000,00,1,3,17,A01
200700003408,0,07,000,00,1,2,01,A01
200700003409,0,07,000,00,2,2,02,A01
200700003409,0,07,000,00,2,6,01,B01
200700003410,0,07,000,00,2,2,01,B01
200700003410,0,07,000,00,2,1,01,A01
200700003411,0,07,000,14,0,1,01,A01
200700003411,0,07,000,00,2,4,15,B01
200700003412,0,07,000,00,1,3,15,A01
200700003413,0,07,000,00,9,3,12,A01
200700003413,0,07,000,00,1,3,01,B01
200700003413,0,01,000,00,2,4,02,C01
200700003414,0,07,000,00,1,3,15,A01
200700003415,1,07,000,00,1,1,01,A01
200700003416,0,07,000,00,1,2,01,A01
200700003417,0,32,000,00,2,7,17,A01
200700003417,0,07,000,00,2,3,15,B01
200700003418,0,07,000,00,1,2,02,A01
200700003419,0,07,000,15,0,1,01,A01
200700003420,0,07,000,00,0,9,01,A01
200700003421,0,07,000,00,2,2,15,A01
200700003421,0,02,000,00,2,1,01,B01
200700003422,0,07,000,00,0,1,01,A01
200700003423,0,07,000,00,0,6,24,C01
200700003423,0,07,000,01,1,1,01,A01
200700003423,0,07,000,00,0,4,24,B01
200700003424,0,07,000,04,0,1,01,A01
200700003425,0,02,000,00,2,1,01,B01
200700003425,0,07,000,00,2,1,15,A01
200700003426,0,07,000,00,2,1,01,B01
200700003426,0,07,000,00,2,3,15,A01
200700003427,0,07,000,00,2,1,01,A01
200700003427,0,07,000,00,0,4,23,B01
200700003428,0,07,000,13,0,1,01,A01
200700003429,0,07,000,00,2,1,13,A01
200700003429,0,07,000,00,2,1,01,B01
200700003430,0,07,000,13,0,1,01,A01
200700003431,0,07,000,00,1,1,01,A01
200700003432,0,10,000,00,1,4,20,A01
200700003433,0,07,000,00,2,1,01,B01
200700003433,0,07,000,00,2,1,15,A01
200700003434,0,07,000,00,2,3,01,B01
200700003434,0,07,000,00,2,2,15,A01
200700003435,0,07,000,06,0,1,01,A01
200700003436,0,02,000,00,2,1,17,A01
200700003436,0,07,000,00,2,3,15,B01
200700003437,0,07,000,00,1,1,01,A01
200700003438,0,07,000,08,2,1,01,A01
200700003438,0,07,000,00,2,3,01,B01
200700003439,0,07,000,00,1,1,01,A01
200700003440,0,07,000,00,1,1,01,A01
200700003441,0,01,000,00,0,0,00,A01
200700003442,0,07,000,00,2,2,15,A01
200700003442,0,02,000,00,2,1,01,B01
200700003443,0,07,000,00,1,0,15,A01
200700003444,0,07,000,00,2,8,09,A01
200700003444,0,02,000,00,2,1,01,B01
200700003445,0,02,000,00,2,0,01,B01
200700003445,0,15,000,00,2,6,15,A01
200700003446,0,03,000,00,2,1,15,A01
200700003446,0,07,000,00,2,6,01,B01
200700003446,0,10,000,00,2,1,00,C01
200700003447,0,07,000,00,0,0,22,A01
200700003447,0,02,000,01,0,0,00,B01
200700003448,0,33,000,00,2,1,01,B01
200700003448,0,07,000,00,2,5,15,A01
200700003449,1,07,000,00,1,0,00,A01
200700003450,0,07,000,00,2,2,15,A01
200700003450,0,33,000,00,2,1,01,B01
200700003451,1,07,000,00,2,2,01,A01
200700003451,0,30,000,12,2,3,00,B01
200700003452,0,07,000,00,1,3,00,A01
200700003453,0,02,000,01,0,1,02,A01
200700003453,0,07,000,00,0,6,00,B01
200700003454,0,07,000,00,1,2,01,A01
200700003455,0,07,000,00,2,1,01,B01
200700003455,0,07,000,00,2,1,13,A01
200700003456,0,07,000,13,0,0,21,A01
200700003457,0,02,000,00,2,1,13,A01
200700003457,0,07,000,00,2,2,01,B01
200700003458,0,07,000,00,2,2,20,A01
200700003458,0,30,000,00,2,1,01,B01
200700003459,0,07,000,00,2,1,01,A01
200700003459,0,07,000,00,0,6,15,B01
200700003460,0,07,000,11,2,1,00,A01
200700003460,0,07,000,00,2,1,01,B01
200700003461,0,07,000,00,1,2,01,A01
200700003462,0,07,000,00,2,3,21,B01
200700003462,0,07,000,00,2,3,01,A01
200700003463,0,07,000,00,1,1,01,A01
200700003464,0,07,000,00,1,7,17,A01
200700003464,0,14,000,00,0,0,23,B01
200700003465,0,07,000,00,2,1,17,A01
200700003465,0,14,000,00,2,1,01,B01
200700003466,0,07,000,00,1,4,04,A01
200700003467,0,30,000,01,0,2,01,A01
200700003467,0,07,000,01,1,0,20,B01
200700003468,0,07,000,00,2,7,01,A01
200700003468,0,07,000,00,2,1,01,B01
200700003468,1,07,000,00,2,3,21,C01
200700003468,1,07,000,00,2,0,01,D01
200700003469,0,07,000,00,2,1,01,D01
200700003470,0,16,000,00,2,2,00,B01
200700003470,0,07,000,00,2,3,00,A01
200700003471,0,07,000,00,1,1,02,A01
200700003472,0,07,000,00,2,1,01,B01
200700003472,0,07,000,00,2,2,15,A01
200700003473,0,07,000,08,0,6,01,A01
200700003474,0,07,000,00,2,3,15,B01
200700003474,0,01,000,00,2,1,01,A01
200700003475,0,07,000,00,2,1,02,B01
200700003475,0,07,000,00,2,7,15,A01
200700003476,0,10,000,00,2,1,01,A01
200700003476,0,07,000,00,2,1,01,B01
200700003476,0,07,000,00,2,1,01,C01
200700003476,0,10,000,00,2,4,01,D01
200700003477,0,07,000,00,2,5,15,A01
200700003477,0,02,000,00,2,3,01,B01
200700003478,0,07,000,00,1,1,01,A01
200700003479,0,07,000,02,0,1,01,A01
200700003480,0,02,000,00,2,1,01,A01
200700003480,0,07,000,00,2,2,01,B01
200700003481,0,07,000,00,1,1,01,B01
200700003482,0,07,000,00,2,1,13,A01
200700003482,0,07,000,00,2,1,01,B01
200700003482,0,07,000,00,2,6,23,C01
200700003483,0,07,000,00,2,1,01,A01
200700003483,0,01,000,00,2,1,01,B01
200700003484,0,07,000,00,1,1,01,A01
200700003485,0,33,000,00,2,1,01,B01
200700003485,0,07,000,00,2,5,01,A01
200700003486,0,07,000,00,2,1,15,A01
200700003486,0,02,000,00,2,7,01,B01
200700003487,0,07,000,00,2,3,10,A01
200700003487,0,02,000,00,2,1,17,B01
200700003488,0,07,000,00,1,4,04,A01
200700003489,0,07,000,00,2,1,01,B01
200700003489,0,07,000,00,2,2,01,A01
200700003490,0,07,000,00,2,1,02,A01
200700003490,0,07,000,00,2,1,02,B01
200700003491,0,07,000,00,2,8,09,A01
200700003491,0,07,000,00,2,1,01,B01
200700003492,0,07,000,00,9,5,10,B01
200700003492,0,02,000,00,2,1,01,A01
200700003493,0,07,000,04,0,9,01,A01
200700003494,0,02,000,00,2,3,02,A01
200700003494,0,07,000,00,2,2,15,B01
200700003495,0,07,000,00,1,2,09,A01
200700003496,0,07,000,00,2,1,01,A01
200700003497,2,10,000,00,2,1,01,A01
200700003497,0,07,000,00,2,1,01,B01
200700003498,0,07,000,08,0,1,01,A01
200700003499,0,07,000,00,1,3,02,A01
200700003500,0,07,000,00,2,1,01,A01
200700003500,0,10,000,00,2,8,01,B01
200700003501,0,07,000,00,1,3,01,B01
200700003502,0,07,000,00,1,1,15,A01
200700003503,0,07,000,00,1,0,15,A01
200700003504,0,07,000,00,2,1,15,A01
200700003504,0,01,000,00,2,0,01,B01
200700003505,0,03,000,00,1,1,01,A01
200700003506,0,02,000,00,1,1,02,A01
200700003507,0,07,000,00,1,1,01,A01
200700003508,0,07,000,00,2,4,23,A01
200700003508,0,10,000,00,2,4,23,B01
200700003508,0,07,000,00,2,4,23,C01
200700003509,0,07,000,00,2,1,01,A01
200700003509,0,07,000,00,2,9,01,B01
200700003510,0,07,000,00,1,1,15,A01
200700003511,0,10,000,00,1,1,01,A01
200700003512,0,07,000,00,2,2,12,A01
200700003512,0,33,000,00,2,1,02,B01
200700003513,0,07,000,06,2,1,20,A01
200700003514,0,10,000,00,2,8,15,A01
200700003514,0,07,000,00,2,1,01,B01
200700003515,0,07,000,00,2,2,01,A01
200700003515,0,07,000,00,2,3,01,B01
200700003516,0,07,000,01,2,7,01,B01
200700003516,2,07,000,01,2,1,01,A01
200700003517,0,07,000,00,2,1,01,A01
200700003517,0,33,000,00,2,9,01,B01
200700003518,0,07,000,00,1,1,15,A01
200700003519,0,07,000,00,1,1,01,A01
200700003520,0,07,000,00,2,1,01,B01
200700003520,0,07,000,00,2,3,16,A01
200700003521,0,07,000,00,2,2,16,A01
200700003521,0,01,000,00,2,1,02,B01
200700003522,0,07,000,00,1,1,15,A01
200700003523,0,02,000,00,2,1,01,A01
200700003523,0,07,000,00,2,5,23,B01
200700003524,0,07,000,00,2,3,24,A01
200700003524,0,01,000,01,0,1,02,B01
200700003525,0,07,000,13,0,1,00,A01
200700003526,0,30,000,14,0,1,01,A01
200700003527,0,07,000,08,0,1,01,A01
200700003528,0,14,000,00,1,2,01,A01
200700003529,0,07,000,00,2,1,01,A01
200700003529,0,07,000,00,2,6,01,B01
200700003530,0,07,000,00,2,8,01,B01
200700003530,0,02,000,00,2,7,01,A01
200700003531,0,07,000,00,1,1,01,A01
200700003532,0,07,000,00,2,1,01,B01
200700003532,0,07,000,00,2,7,01,A01
200700003533,0,07,000,00,2,0,01,A01
200700003533,0,07,000,01,2,9,01,B01
200700003534,0,07,000,00,1,0,01,A01
200700003535,0,07,000,00,2,0,23,D01
200700003535,0,07,000,00,2,1,23,C01
200700003535,0,07,000,00,2,9,01,B01
200700003535,0,07,000,00,2,1,01,A01
200700003536,0,07,000,00,1,0,15,A01
200700003537,0,07,000,00,1,0,01,A01
200700003538,0,07,000,00,1,1,01,A01
200700003539,0,30,000,00,2,0,01,B01
200700003539,1,07,000,00,2,0,16,A01
200700003540,0,01,000,01,0,0,02,B01
200700003540,0,07,000,00,0,0,22,A01
200700003541,0,07,000,00,1,0,01,A01
200700003542,0,07,000,00,2,9,01,B01
200700003542,0,07,000,00,2,1,00,A01
200700003543,0,07,000,00,1,0,16,A01
200700003544,0,02,000,00,2,9,02,B01
200700003544,1,07,000,00,0,0,00,A01
200700003545,0,07,000,00,2,3,01,B01
200700003545,0,01,000,00,2,1,16,A01
200700003546,0,01,000,00,2,0,02,B01
200700003546,0,07,000,00,2,0,22,A01
200700003547,0,07,000,00,2,1,01,B01
200700003547,0,07,000,00,2,9,01,A01
200700003548,0,07,000,00,1,0,01,A01
200700003549,0,07,000,00,1,0,16,A01
200700003550,0,07,000,00,1,0,01,A01
200700003551,0,07,000,00,1,0,01,A01
200700003552,0,02,000,00,0,7,01,A01
200700003553,0,07,000,01,1,0,01,A01
200700003554,1,07,000,00,2,1,01,A01
200700003554,0,32,000,00,2,7,01,B01
200700003555,1,07,000,00,1,0,00,A01
200700003556,1,07,000,00,2,1,01,A01
200700003556,0,02,000,00,2,0,01,B01
200700003557,0,07,000,00,2,8,01,B01
200700003557,1,07,000,00,0,0,01,A01
200700003558,0,07,000,00,2,2,02,B01
200700003558,0,07,000,00,2,8,10,A01
200700003559,0,07,000,00,2,1,01,B01
200700003559,0,07,000,00,2,3,10,A01
200700003560,0,30,000,00,2,9,01,B01
200700003560,0,07,000,00,2,3,15,A01
200700003561,0,01,000,00,2,0,03,B01
200700003561,0,07,000,00,2,2,01,A01
200700003562,0,07,000,00,1,0,01,A01
200700003563,0,31,000,00,2,8,01,B01
200700003563,1,07,000,00,2,1,01,A01
200700003564,0,07,000,00,1,1,01,A01
200700003565,0,07,000,00,2,1,02,A01
200700003565,0,14,000,00,2,4,02,B01
200700003566,0,07,000,02,0,3,00,A01
200700003567,0,07,000,00,2,1,15,A01
200700003567,0,07,000,00,2,8,01,B01
200700003568,0,02,000,00,2,1,01,B01
200700003568,0,07,000,00,0,1,15,A01
200700003569,0,33,000,00,2,1,00,B01
200700003569,0,07,000,00,0,8,02,A01
200700003570,0,02,000,00,0,1,02,A01
200700003570,0,14,000,01,0,6,00,B01
200700003571,0,30,000,00,2,1,05,A01
200700003571,0,07,000,00,9,1,00,B01
200700003572,0,07,000,00,2,6,01,A01
200700003572,0,07,000,00,2,3,00,B01
200700003573,2,07,000,01,0,0,00,A01
200700003574,0,07,000,00,0,2,01,A01
200700003575,0,07,000,00,1,1,01,A01
200700003576,0,07,000,00,1,2,01,A01
200700003577,0,02,000,00,2,1,01,A01
200700003577,1,07,000,00,2,0,10,B01
200700003578,0,07,000,00,2,1,15,A01
200700003578,0,33,000,00,2,1,01,B01
200700003579,0,38,000,00,2,1,01,B01
200700003579,0,15,000,00,4,1,15,A01
200700003580,0,33,000,00,2,3,01,A01
200700003580,0,07,000,00,2,3,16,B01
200700003581,0,07,000,00,1,1,01,A01
200700003582,0,10,000,00,1,1,01,A01
200700003583,0,07,000,00,2,3,09,A01
200700003583,0,02,000,00,2,1,01,B01
200700003584,0,05,000,00,2,1,01,A01
200700003584,0,07,000,00,2,3,23,B01
200700003585,0,07,000,00,2,0,15,A01
200700003585,0,01,000,00,2,1,01,B01
200700003586,0,07,000,00,1,1,01,A01
200700003587,0,07,000,00,1,2,01,A01
200700003588,0,02,000,00,2,1,15,B01
200700003588,0,07,000,00,2,1,15,A01
200700003589,0,13,000,00,1,7,16,A01
200700003590,0,07,000,00,2,3,09,A01
200700003590,0,30,000,00,2,1,01,B01
200700003591,0,07,000,00,2,1,01,A01
200700003591,0,07,000,00,2,4,01,B01
200700003592,0,07,000,11,0,7,01,B01
200700003592,1,99,000,00,0,0,17,A01
200700003593,0,07,000,00,2,1,02,A01
200700003594,0,07,000,00,1,3,01,A01
200700003595,0,07,000,00,1,4,04,A01
200700003596,0,07,000,00,1,3,01,A01
200700003597,0,07,000,00,1,1,01,A01
200700003598,2,07,000,06,0,1,00,A01
200700003599,0,07,000,00,1,2,01,A01
200700003600,0,07,000,13,0,1,00,A01
200700003601,0,07,000,00,2,8,00,B01
200700003601,0,07,000,04,2,1,09,A01
200700003602,0,07,000,00,2,1,02,B01
200700003602,0,07,000,16,0,2,06,A01
200700003603,0,07,000,11,2,8,15,A01
200700003603,0,33,000,00,2,1,17,B01
200700003604,0,17,000,00,2,1,00,B01
200700003604,0,07,000,00,2,1,05,A01
200700003605,0,10,000,00,1,2,00,A01
200700003606,0,07,000,00,1,1,01,A01
200700003607,0,07,000,00,1,2,01,A01
200700003608,0,07,000,01,0,1,01,A01
200700003609,0,07,000,00,2,2,01,A01
200700003609,0,30,000,00,0,3,01,B01
200700003610,0,07,000,00,1,2,01,A01
200700003611,0,07,000,00,1,2,01,A01
200700003612,0,07,000,00,2,1,01,A01
200700003612,0,07,000,00,2,4,02,B01
200700003612,0,07,000,00,0,4,02,C01
200700003613,0,07,000,02,0,2,02,A01
200700003614,0,07,000,06,0,1,11,A01
200700003615,0,30,000,00,2,1,01,B01
200700003615,0,07,000,00,9,3,05,A01
200700003616,0,07,000,00,1,1,01,A01
200700003617,0,07,000,00,2,4,02,A01
200700003617,0,07,000,01,0,4,02,B01
200700003618,0,07,000,13,0,1,00,A01
200700003619,0,02,000,00,2,1,01,A01
200700003619,0,07,000,00,2,3,01,B01
200700003620,0,30,000,00,1,1,01,A01
200700003621,0,07,000,00,1,2,01,A01
200700003622,0,07,000,00,1,1,01,A01
200700003623,0,07,000,00,2,9,00,A01
200700003623,0,07,000,13,2,1,01,B01
200700003623,0,07,000,00,2,1,01,C01
200700003624,0,07,000,00,2,8,01,A01
200700003624,0,07,000,00,2,1,01,B01
200700003625,0,99,000,00,0,6,02,A01
200700003625,0,33,000,00,0,1,02,B01
200700003626,0,33,000,00,2,1,01,B01
200700003626,0,07,000,00,2,3,09,A01
200700003627,2,03,000,00,2,2,01,B01
200700003627,0,30,000,00,2,2,01,A01
200700003628,0,07,000,00,9,2,00,B01
200700003628,0,33,000,00,2,0,00,A01
200700003629,0,07,000,16,0,9,17,A01
200700003629,0,07,000,00,9,5,01,B01
200700003630,0,05,000,08,0,1,01,A01
200700003631,0,30,000,01,0,1,01,A01
200700003632,0,07,000,00,1,2,16,A01
200700003633,0,10,000,00,2,2,10,A01
200700003633,0,02,000,00,2,1,01,B01
200700003634,0,07,000,00,1,2,01,A01
200700003635,0,07,000,00,1,1,01,A01
200700003636,0,07,000,00,2,1,05,A01
200700003636,0,07,000,00,2,3,01,B01
200700003637,0,10,000,00,1,1,01,A01
200700003638,1,07,000,00,1,1,01,A01
200700003639,0,07,000,00,1,1,01,A01
200700003640,0,07,000,00,1,1,01,A01
200700003641,0,07,000,00,2,2,01,B01
200700003641,0,07,000,00,2,2,15,A01
200700003642,0,02,000,00,2,0,00,A01
200700003642,1,07,000,00,2,1,00,B01
200700003643,0,07,000,05,0,1,14,A01
200700003644,0,07,000,00,2,1,13,A01
200700003644,0,07,000,00,2,1,01,B01
200700003645,0,31,000,00,0,5,01,A01
200700003646,0,02,000,00,2,1,01,A01
200700003646,0,07,000,00,2,6,15,B01
200700003647,0,02,000,00,2,1,09,A01
200700003647,0,07,000,00,2,2,01,B01
200700003648,0,33,000,00,2,1,01,A01
200700003648,0,07,000,00,2,7,15,B01
200700003649,0,07,000,00,2,1,01,A01
200700003649,0,07,000,00,0,3,15,B01
200700003650,0,07,000,00,9,3,01,B01
200700003650,0,02,000,00,2,7,01,A01
200700003651,0,07,000,00,2,8,19,A01
200700003651,0,07,000,00,2,1,01,B01
200700003652,0,07,000,00,1,3,01,A01
200700003653,0,02,000,00,2,1,16,B01
200700003653,0,07,000,00,9,7,15,A01
200700003654,0,07,000,13,0,1,16,A01
200700003655,0,07,000,00,9,1,01,A01
200700003655,0,01,000,00,2,8,02,B01
200700003656,0,07,000,00,2,8,01,B01
200700003656,0,02,000,00,2,1,01,A01
200700003657,1,07,000,00,1,0,01,A01
200700003658,0,07,000,00,1,1,01,A01
200700003659,0,33,000,01,0,4,01,A01
200700003660,0,07,000,00,2,0,13,C01
200700003660,0,07,000,00,2,0,19,A01
200700003660,0,07,000,00,2,0,01,B01
200700003661,0,07,000,08,2,1,19,B01
200700003661,2,07,000,00,2,3,19,A01
200700003662,0,33,000,00,0,0,01,B01
200700003662,0,07,000,00,0,0,16,A01
200700003663,0,07,000,00,2,1,01,A01
200700003663,0,31,000,00,2,1,01,B01
200700003664,0,32,000,00,2,0,17,A01
200700003664,0,07,000,00,2,3,15,B01
200700003665,0,07,000,00,2,1,15,A01
200700003665,0,07,000,00,2,2,01,B01
200700003666,0,02,000,00,2,3,15,A01
200700003666,0,07,000,00,2,1,01,B01
200700003667,0,07,000,00,2,1,16,A01
200700003667,0,07,000,00,2,1,01,B01
200700003668,0,10,000,00,1,2,15,A01
200700003669,0,07,000,00,2,3,15,A01
200700003669,0,33,000,00,2,1,01,B01
200700003670,0,07,000,00,2,1,01,A01
200700003670,0,07,000,00,2,3,01,B01
200700003671,0,07,000,00,2,6,11,A01
200700003671,0,07,000,00,2,2,01,B01
200700003672,0,07,000,00,2,1,15,A01
200700003672,0,07,000,00,2,3,01,B01
200700003673,0,02,000,00,2,1,01,A01
200700003673,0,07,000,00,2,5,15,B01
200700003674,0,07,000,00,1,1,01,A01
200700003675,0,07,000,00,2,7,17,A01
200700003675,0,07,000,00,2,3,01,B01
200700003676,0,31,000,00,1,1,01,A01
200700003676,0,07,000,00,2,8,01,B01
200700003677,0,01,000,00,2,7,01,B01
200700003677,0,07,000,00,2,1,09,A01
200700003678,0,07,000,01,2,3,17,A01
200700003678,0,02,000,00,2,1,01,B01
200700003679,0,07,000,00,1,2,01,A01
200700003680,0,10,000,00,1,2,01,A01
200700003681,0,07,000,00,2,8,15,A01
200700003681,0,30,000,00,2,2,01,B01
200700003682,0,02,000,00,2,1,01,A01
200700003683,0,07,000,08,0,1,13,A01
200700003684,0,33,000,00,2,3,15,A01
200700003684,0,07,000,00,2,3,01,B01
200700003685,0,07,000,00,2,2,01,B01
200700003685,0,07,000,00,2,3,01,A01
200700003686,0,07,000,00,2,2,15,A01
200700003686,0,33,000,00,2,1,01,B01
200700003687,0,02,000,00,0,0,16,A01
200700003688,0,07,000,00,2,2,01,A01
200700003688,0,07,000,00,2,1,01,B01
200700003689,0,01,000,00,1,1,01,A01
200700003690,0,07,000,00,2,0,13,A01
200700003690,0,07,000,00,2,7,01,B01
200700003691,0,33,000,12,0,7,00,A01
200700003692,0,07,000,00,1,3,01,A01
200700003693,0,07,000,00,2,0,00,A01
200700003693,0,07,000,00,2,8,01,B01
200700003694,0,07,000,00,2,6,15,A01
200700003694,0,33,000,00,2,7,01,B01
200700003695,0,30,000,00,2,1,17,A01
200700003695,0,07,000,00,2,2,19,B01
200700003696,0,07,000,00,1,1,01,A01
200700003697,0,07,000,00,2,6,01,A01
200700003697,0,07,000,00,2,2,01,B01
200700003698,0,14,000,00,0,0,15,A01
200700003699,0,07,000,08,0,7,01,A01
200700003700,0,07,000,00,1,2,01,A01
200700003701,0,07,000,13,0,3,01,A01
200700003702,0,07,000,00,2,0,14,A01
200700003702,0,07,000,00,2,6,01,C01
200700003702,0,34,000,00,2,5,01,B01
200700003703,0,07,000,00,1,3,01,A01
200700003704,0,07,000,02,0,3,00,A01
200700003705,0,07,000,00,2,1,01,A01
200700003705,0,07,000,00,2,1,01,B01
200700003706,0,07,000,00,2,7,15,A01
200700003706,0,07,000,00,2,1,01,B01
200700003707,0,07,000,00,1,1,01,A01
200700003708,0,07,000,00,2,1,01,B01
200700003708,0,07,000,00,2,3,01,A01
200700003709,0,07,000,00,1,3,01,A01
200700003710,0,07,000,00,2,5,15,A01
200700003710,0,30,000,00,2,1,01,B01
200700003711,0,02,000,00,2,1,01,A01
200700003711,0,07,000,00,2,3,09,B01
200700003712,0,07,000,02,0,2,00,A01
200700003713,0,31,000,00,2,1,01,B01
200700003713,0,07,000,00,2,2,01,A01
200700003714,0,07,000,00,2,2,20,A01
200700003714,0,02,000,00,2,1,01,B01
200700003715,0,07,000,00,2,1,15,A01
200700003715,0,02,000,00,2,3,01,B01
200700003716,0,07,000,00,0,8,10,A01
200700003716,0,30,000,00,2,1,01,B01
200700003717,0,33,000,00,2,8,01,A01
200700003717,0,07,000,00,2,8,01,B01
200700003718,0,07,000,00,1,1,01,A01
200700003719,0,02,000,01,0,1,14,A01
200700003720,1,07,000,00,1,1,01,A01
200700003721,0,07,000,00,2,3,14,A01
200700003721,0,07,000,00,2,1,15,B01
200700003722,0,07,000,00,2,1,13,A01
200700003722,0,07,000,00,2,1,01,B01
200700003722,0,07,000,00,2,2,02,C01
200700003723,0,07,000,00,2,3,09,A01
200700003723,0,07,000,00,2,1,09,B01
200700003724,0,07,000,01,0,1,01,A01
200700003725,0,07,000,00,2,1,01,A01
200700003725,0,07,000,00,2,4,01,B01
200700003726,0,32,000,00,2,1,01,B01
200700003726,0,07,000,00,2,1,15,A01