Num_Acc,senc,catv,occutc,obs,obsm,choc,manv,num_veh
200700003727,0,07,000,00,2,4,01,C01
200700003727,0,07,000,00,2,4,01,B01
200700003727,0,14,000,00,2,1,01,A01
200700003728,0,07,000,00,2,4,01,B01
200700003728,0,07,000,00,2,1,02,A01
200700003729,0,01,000,00,2,1,01,B01
200700003729,0,07,000,00,2,1,15,A01
200700003730,0,07,000,00,2,1,02,A01
200700003730,0,07,000,00,2,4,02,B01
200700003731,0,07,000,08,0,1,01,A01
200700003732,0,07,000,00,1,1,01,A01
200700003733,0,07,000,00,1,1,01,A01
200700003734,0,07,000,00,2,3,16,A01
200700003734,0,07,000,00,2,2,01,B01
200700003735,0,02,000,00,2,1,01,C01
200700003735,0,01,000,00,2,1,01,B01
200700003735,0,07,000,00,2,2,15,A01
200700003736,1,07,000,00,2,3,18,A01
200700003736,0,01,000,00,2,1,01,B01
200700003737,0,07,000,00,2,4,01,B01
200700003737,0,30,000,00,2,1,02,A01
200700003738,0,02,000,01,2,7,01,B01
200700003738,0,07,000,00,2,1,01,A01
200700003739,0,30,000,00,2,1,17,B01
200700003739,0,07,000,00,2,2,15,A01
200700003740,0,02,000,00,2,1,01,B01
200700003740,0,10,000,00,2,8,09,A01
200700003741,0,07,000,08,0,1,13,A01
200700003742,0,37,001,00,2,1,01,A01
200700003742,0,07,000,00,2,4,02,B01
200700003742,0,07,000,00,2,4,02,C01
200700003742,0,07,000,00,2,4,02,D01
200700003743,0,01,000,00,2,1,01,A01
200700003743,1,07,000,00,2,0,00,B01
200700003744,0,07,000,00,2,1,15,B01
200700003744,0,01,000,00,2,2,01,A01
200700003745,0,02,000,01,2,1,02,A01
200700003745,0,07,000,00,2,7,20,B01
200700003746,0,07,000,00,2,6,02,A01
200700003746,0,02,000,00,2,1,02,B01
200700003747,0,02,000,00,2,1,02,A01
200700003747,0,07,000,00,2,4,01,B01
200700003748,0,02,000,02,0,1,01,A01
200700003749,0,07,000,00,2,1,01,B01
200700003749,0,07,000,00,2,1,01,A01
200700003750,0,07,000,00,1,1,01,A01
200700003751,0,07,000,00,2,3,01,B01
200700003751,0,07,000,00,2,1,01,A01
200700003752,0,02,000,00,2,1,01,B01
200700003752,0,07,000,00,2,2,15,A01
200700003753,0,07,000,00,2,1,15,B01
200700003753,0,30,000,00,2,1,01,A01
200700003754,0,33,000,00,2,1,01,B01
200700003754,0,07,000,00,2,3,09,A01
200700003755,0,07,000,00,2,4,01,B01
200700003755,0,02,000,00,2,1,02,A01
200700003756,0,02,000,00,2,1,01,B01
200700003756,0,07,000,00,2,1,15,A01
200700003757,0,07,000,00,2,2,01,B01
200700003757,0,02,000,00,2,1,15,A01
200700003758,0,30,000,00,1,1,03,A01
200700003759,0,07,000,00,2,4,01,B01
200700003759,0,07,000,00,2,1,02,A01
200700003760,0,30,000,01,0,1,13,A01
200700003761,0,07,000,00,1,3,01,A01
200700003762,0,01,000,00,2,2,01,B01
200700003762,1,07,000,00,2,3,09,A01
200700003763,0,02,000,00,2,3,01,B01
200700003763,0,07,000,00,2,5,10,A01
200700003764,1,07,000,00,1,3,01,A01
200700003765,0,07,000,08,0,1,01,A01
200700003766,0,10,000,00,2,3,01,B01
200700003766,0,01,000,00,2,1,09,A01
200700003767,0,07,000,01,2,1,01,B01
200700003767,0,07,000,00,2,4,04,A01
200700003768,0,07,000,00,1,1,01,A01
200700003769,0,07,000,00,1,1,01,A01
200700003770,0,07,000,00,1,3,15,A01
200700003771,0,07,000,00,2,1,01,B01
200700003771,0,07,000,00,0,3,15,A01
200700003772,0,07,000,00,2,1,01,A01
200700003772,0,07,000,00,0,8,15,B01
200700003773,0,02,000,00,2,7,01,B01
200700003773,0,07,000,00,2,3,16,A01
200700003774,0,07,000,06,0,1,00,A01
200700003775,0,33,000,00,0,8,01,B01
200700003775,0,07,000,00,2,3,15,A01
200700003776,0,07,000,00,2,2,00,B01
200700003776,0,30,000,00,0,1,01,A01
200700003777,0,07,000,00,0,3,01,A01
200700003777,0,01,000,00,2,1,15,B01
200700003778,0,07,000,00,1,1,01,A01
200700003779,0,07,000,00,2,1,01,B01
200700003779,0,01,000,00,0,4,12,A01
200700003780,0,33,000,01,0,1,00,A01
200700003781,0,07,000,00,0,3,00,B01
200700003781,0,07,000,00,2,1,01,A01
200700003782,0,10,000,00,2,1,01,B01
200700003782,0,07,000,00,0,8,15,A01
200700003783,0,07,000,00,0,4,01,B01
200700003783,0,13,000,00,2,1,02,A01
200700003784,0,07,000,00,2,8,14,A01
200700003785,0,01,000,00,0,4,15,B01
200700003785,0,07,000,00,2,3,02,A01
200700003786,0,07,000,06,0,1,14,A01
200700003787,0,02,000,00,0,8,13,A01
200700003788,0,07,000,00,2,5,16,B01
200700003788,0,30,000,00,2,3,01,A01
200700003789,0,07,000,00,2,1,01,A01
200700003789,0,07,000,00,2,7,01,B01
200700003790,0,07,000,00,2,2,01,A01
200700003790,0,02,000,00,2,4,01,B01
200700003791,0,02,000,01,2,7,15,A01
200700003791,0,07,000,00,2,2,01,B01
200700003792,1,02,000,00,1,1,01,A01
200700003792,0,07,000,00,2,8,23,B01
200700003793,0,07,000,00,2,1,15,A01
200700003793,0,07,000,00,2,3,01,B01
200700003794,0,07,000,00,2,2,15,A01
200700003794,0,33,000,00,2,1,01,B01
200700003795,1,07,000,00,2,3,20,A01
200700003795,0,31,000,00,2,2,01,B01
200700003796,0,07,000,00,2,5,01,A01
200700003796,0,07,000,00,2,3,15,B01
200700003797,0,07,000,00,2,2,15,A01
200700003797,0,02,000,00,2,1,01,B01
200700003798,0,07,000,00,2,0,15,A01
200700003798,0,02,000,00,2,1,01,B01
200700003799,0,10,000,00,1,5,04,A01
200700003800,0,07,000,00,9,1,01,B01
200700003800,0,01,000,00,2,7,19,A01
200700003801,0,07,000,00,2,3,15,A01
200700003801,0,33,000,00,2,1,01,B01
200700003802,0,07,000,00,2,7,15,A01
200700003802,0,31,000,00,2,1,01,B01
200700003803,0,07,000,00,2,1,01,A01
200700003803,0,07,000,00,2,4,23,B01
200700003803,0,07,000,00,2,4,23,C01
200700003804,0,07,000,00,1,1,01,A01
200700003805,0,07,000,02,0,7,01,A01
200700003806,0,07,000,00,0,7,14,A01
200700003807,0,14,000,00,1,7,01,A01
200700003808,0,31,000,00,2,1,17,A01
200700003808,0,07,000,00,2,3,15,B01
200700003809,0,01,000,00,2,1,01,A01
200700003809,0,01,000,00,2,1,00,B01
200700003810,0,07,000,00,2,2,16,A01
200700003810,0,01,000,00,2,1,02,B01
200700003811,0,07,000,00,2,2,17,A01
200700003811,0,01,000,00,2,4,01,B01
200700003812,0,07,000,00,2,1,02,A01
200700003812,0,07,000,00,2,4,02,B01
200700003812,0,07,000,00,2,4,02,C01
200700003813,0,07,000,00,1,1,01,A01
200700003814,0,07,000,00,1,1,16,A01
200700003815,0,02,000,00,0,1,01,A01
200700003816,0,07,000,00,1,4,04,A01
200700003817,0,32,000,00,2,1,15,A01
200700003817,0,07,000,00,2,8,01,B01
200700003818,0,07,000,00,2,4,01,A01
200700003818,0,01,000,00,2,1,01,B01
200700003819,0,07,000,00,2,3,15,A01
200700003819,0,07,000,00,2,2,01,B01
200700003820,0,07,000,00,2,1,01,A01
200700003820,0,10,000,00,2,1,01,B01
200700003820,0,07,000,00,2,1,01,C01
200700003821,0,07,000,00,2,2,15,A01
200700003821,0,30,000,00,2,1,01,B01
200700003822,0,10,000,00,1,1,01,A01
200700003823,1,02,000,00,1,1,00,A01
200700003824,0,40,000,00,1,7,00,A01
200700003825,0,33,000,00,2,1,01,A01
200700003825,0,07,000,00,2,6,15,B01
200700003826,0,01,000,00,2,1,16,A01
200700003826,0,07,000,00,2,3,01,B01
200700003827,0,20,000,00,0,0,16,A01
200700003828,0,37,008,02,0,6,01,A01
200700003829,0,07,000,00,2,1,15,A01
200700003829,0,02,000,00,2,4,15,B01
200700003830,0,01,000,00,2,1,01,B01
200700003830,0,07,000,00,2,3,01,A01
200700003831,0,07,000,00,2,1,01,A01
200700003831,0,07,000,00,2,4,01,B01
200700003831,0,07,000,00,2,1,01,C01
200700003831,0,07,000,00,2,1,01,D01
200700003832,0,07,000,00,2,1,01,A01
200700003832,0,07,000,00,2,1,13,B01
200700003833,0,07,000,06,0,1,01,A01
200700003834,0,37,001,00,1,7,01,A01
200700003835,0,07,000,00,2,1,01,A01
200700003835,0,07,000,00,2,4,01,B01
200700003835,0,07,000,00,2,4,01,C01
200700003836,0,30,000,00,2,1,01,A01
200700003836,0,07,000,00,2,0,15,B01
200700003837,0,07,000,00,1,1,01,A01
200700003838,0,07,000,00,1,1,01,A01
200700003839,0,07,000,00,2,3,15,A01
200700003839,0,30,000,00,2,1,01,B01
200700003840,0,07,000,00,1,1,01,A01
200700003841,0,07,000,06,2,2,01,A01
200700003841,0,07,000,06,2,3,01,B01
200700003842,0,07,000,00,2,2,12,A01
200700003842,0,01,000,00,2,3,11,B01
200700003843,0,07,000,00,2,3,01,A01
200700003843,0,02,000,00,2,1,01,B01
200700003844,0,07,000,15,0,1,14,A01
200700003845,0,07,000,00,2,1,01,B01
200700003845,0,07,000,00,2,6,16,A01
200700003846,0,07,000,00,2,3,15,A01
200700003846,0,30,000,00,2,1,17,B01
200700003847,0,07,000,00,2,1,01,A01
200700003847,0,07,000,00,2,4,01,B01
200700003848,1,07,000,00,1,3,01,A01
200700003849,0,02,000,00,2,2,01,B01
200700003849,0,07,000,00,2,3,15,A01
200700003850,0,07,000,00,2,1,01,B01
200700003850,0,07,000,00,2,3,00,A01
200700003851,0,07,000,00,9,6,15,A01
200700003851,0,30,000,00,2,1,01,B01
200700003852,0,07,000,00,2,4,01,B01
200700003852,0,07,000,00,2,1,01,A01
200700003853,0,07,000,00,1,2,01,A01
200700003854,0,07,000,00,1,1,01,A01
200700003855,0,07,000,00,2,3,15,A01
200700003855,0,01,000,00,2,1,01,B01
200700003856,0,07,000,00,2,3,01,B01
200700003856,0,07,000,00,2,2,01,A01
200700003857,0,40,000,00,0,0,01,A01
200700003857,1,07,000,00,0,0,00,B01
200700003858,0,07,000,00,1,1,15,A01
200700003859,0,07,000,00,1,1,02,A01
200700003860,0,07,000,00,2,2,01,A01
200700003860,0,07,000,00,2,3,01,B01
200700003861,0,10,000,00,1,1,01,A01
200700003862,0,31,000,00,2,1,09,B01
200700003862,0,10,000,00,2,7,02,A01
200700003863,0,07,000,00,1,1,01,A01
200700003864,0,07,000,00,0,4,23,B01
200700003864,0,07,000,00,2,1,02,A01
200700003865,0,07,000,00,2,7,15,A01
200700003865,0,07,000,00,2,1,01,B01
200700003866,0,07,000,06,0,1,01,A01
200700003867,0,07,000,00,2,7,01,B01
200700003867,0,07,000,00,2,1,01,A01
200700003868,0,30,000,00,2,1,10,A01
200700003868,0,07,000,00,2,2,01,B01
200700003869,0,07,000,00,2,2,15,A01
200700003869,0,32,000,00,2,8,01,B01
200700003870,1,10,000,00,1,6,01,A01
200700003871,0,07,000,01,0,1,01,A01
200700003871,0,07,000,00,2,4,23,B01
200700003872,0,07,000,00,2,3,24,A01
200700003872,0,01,000,01,2,7,01,B01
200700003873,0,07,000,00,1,1,00,A01
200700003874,0,07,000,00,1,2,00,A01
200700003875,0,30,000,00,2,8,18,A01
200700003875,0,07,000,00,2,1,15,B01
200700003876,1,13,000,00,1,1,01,A01
200700003877,0,01,000,00,2,3,01,A01
200700003877,1,17,000,00,2,0,16,B01
200700003878,0,07,000,00,2,4,01,B01
200700003878,0,02,000,00,2,1,01,A01
200700003879,0,07,000,00,2,1,01,A01
200700003879,0,07,000,00,2,7,01,B01
200700003880,1,07,000,00,2,0,09,A01
200700003880,0,07,000,04,2,3,01,B01
200700003881,0,07,000,08,0,1,01,A01
200700003882,0,07,000,00,9,0,16,A01
200700003882,0,01,000,00,2,1,02,B01
200700003883,0,07,000,00,2,1,01,A01
200700003883,0,07,000,00,0,4,01,B01
200700003884,0,07,000,00,2,4,23,C01
200700003884,0,07,000,00,2,6,23,B01
200700003884,0,07,000,00,2,1,02,A01
200700003885,0,07,000,00,2,3,13,A01
200700003885,0,07,000,00,2,3,01,B01
200700003886,0,07,000,00,1,2,00,A01
200700003887,0,07,000,00,1,3,01,A01
200700003888,0,07,000,00,1,1,01,A01
200700003889,0,10,000,00,1,7,01,A01
200700003890,0,07,000,00,2,2,09,A01
200700003890,0,01,000,00,2,1,01,B01
200700003891,0,07,000,00,2,3,01,A01
200700003891,0,07,000,00,2,4,23,B01
200700003892,0,07,000,00,4,3,01,A01
200700003892,0,40,000,00,2,2,01,B01
200700003893,0,07,000,06,0,1,00,A01
200700003894,0,07,000,00,1,1,01,A01
200700003895,0,07,000,01,0,1,01,A01
200700003895,0,17,000,00,0,5,23,B01
200700003896,0,07,000,00,1,0,01,A01
200700003897,0,07,000,00,2,1,01,A01
200700003897,0,07,000,00,2,4,01,B01
200700003897,0,07,000,00,2,4,01,C01
200700003897,0,07,000,00,0,4,01,D01
200700003898,0,07,000,00,2,3,15,A01
200700003898,0,07,000,00,2,3,01,B01
200700003899,0,07,000,00,2,1,15,A01
200700003899,0,07,000,00,2,1,01,B01
200700003900,0,07,000,03,2,8,15,A01
200700003900,0,10,000,03,2,1,17,B01
200700003901,0,07,000,00,9,4,09,A01
200700003901,0,01,000,00,2,4,01,B01
200700003902,0,07,000,00,9,1,01,B01
200700003902,0,02,000,00,2,1,13,A01
200700003903,0,07,000,00,0,8,10,A01
200700003903,0,30,000,00,2,1,02,B01
200700003904,0,37,003,00,2,2,01,A01
200700003904,0,07,000,00,2,3,01,C01
200700003904,0,07,000,00,2,3,01,B01
200700003905,0,33,000,00,2,1,01,B01
200700003905,0,10,000,00,2,6,09,A01
200700003906,0,07,000,00,2,1,01,A01
200700003906,0,07,000,00,2,4,01,B01
200700003907,0,07,000,00,1,2,01,A01
200700003908,0,07,000,00,2,1,09,A01
200700003908,0,17,000,00,2,5,01,B01
200700003909,0,07,000,07,0,1,01,A01
200700003910,0,07,000,00,1,1,01,A01
200700003911,0,07,000,00,2,1,01,A01
200700003911,0,07,000,00,2,4,01,B01
200700003911,0,07,000,00,2,4,01,C01
200700003912,0,07,000,00,1,1,01,A01
200700003913,0,07,000,08,0,1,01,A01
200700003914,0,07,000,00,2,1,11,A01
200700003914,0,07,000,00,2,1,01,B01
200700003915,0,02,000,00,2,1,02,B01
200700003915,0,07,000,00,2,3,01,A01
200700003916,0,07,000,02,0,1,01,A01
200700003917,0,07,000,00,2,7,17,A01
200700003917,0,07,000,01,2,2,01,B01
200700003918,0,30,000,00,0,1,15,A01
200700003919,0,07,000,00,2,1,01,A01
200700003919,0,07,000,00,0,8,15,B01
200700003920,0,07,000,00,2,8,15,A01
200700003920,0,07,000,00,2,1,01,B01
200700003921,0,07,000,00,2,1,15,A01
200700003921,0,02,000,00,2,1,01,B01
200700003922,0,07,000,00,2,7,15,A01
200700003922,0,02,000,00,2,1,01,B01
200700003923,0,07,000,00,2,3,15,A01
200700003923,0,07,000,00,0,8,16,B01
200700003924,0,02,000,00,0,1,01,B01
200700003924,0,07,000,00,2,3,15,A01
200700003925,0,33,000,16,0,8,01,A01
200700003926,0,07,000,00,2,3,15,A01
200700003926,0,02,000,00,2,1,01,B01
200700003926,0,07,000,00,0,8,16,C01
200700003927,0,33,000,00,2,3,01,A01
200700003927,0,07,000,00,0,2,15,B01
200700003928,0,02,000,00,2,8,01,A01
200700003928,0,07,000,00,0,5,01,B01
200700003929,0,07,000,00,2,5,13,A01
200700003929,0,33,000,00,0,1,01,B01
200700003930,0,07,000,00,2,1,15,A01
200700003930,0,01,000,00,0,1,01,B01
200700003931,0,02,000,00,2,1,01,A01
200700003931,0,07,000,00,0,4,01,B01
200700003932,0,07,000,00,2,1,01,A01
200700003932,0,37,001,00,0,4,01,B01
200700003933,0,02,000,01,0,1,01,A01
200700003934,0,07,000,00,2,8,15,A01
200700003934,0,07,000,00,0,3,01,B01
200700003935,0,02,000,16,0,1,01,A01
200700003936,0,07,000,00,2,2,00,A01
200700003936,0,07,000,00,0,7,01,B01
200700003937,0,07,000,00,1,1,09,A01
200700003938,0,07,000,00,0,0,15,A01
200700003938,0,31,000,00,0,7,01,B01
200700003939,0,07,000,00,2,2,01,A01
200700003939,0,07,000,00,0,3,15,B01
200700003940,0,07,000,00,1,1,01,A01
200700003941,0,02,000,16,0,8,01,A01
200700003942,0,07,000,00,0,7,01,B01
200700003942,0,07,000,00,2,1,16,A01
200700003943,0,07,000,00,2,1,01,A01
200700003943,0,02,000,00,0,4,01,B01
200700003944,0,02,000,00,2,1,01,A01
200700003944,0,07,000,00,0,6,16,B01
200700003945,0,07,000,00,2,1,01,A01
200700003945,0,07,000,00,0,1,01,B01
200700003946,0,07,000,00,0,5,01,B01
200700003946,0,07,000,00,2,1,16,A01
200700003947,0,33,000,00,2,1,01,A01
200700003947,0,07,000,00,0,4,01,B01
200700003948,0,07,000,00,0,3,01,B01
200700003948,0,02,000,00,2,1,01,A01
200700003949,0,07,000,00,2,1,01,A01
200700003949,0,07,000,00,0,4,23,B01
200700003950,0,07,000,00,2,1,15,A01
200700003950,0,07,000,00,0,3,01,B01
200700003951,0,02,000,16,0,1,01,A01
200700003952,0,07,000,00,0,3,15,A01
200700003952,0,31,000,00,2,1,01,B01
200700003953,1,07,000,00,1,0,00,A01
200700003953,1,07,000,00,1,0,01,B01
200700003954,0,07,000,16,0,1,01,A01
200700003955,0,07,000,09,0,1,01,A01
200700003956,0,33,000,00,1,1,01,A01
200700003957,0,07,000,00,2,3,01,A01
200700003957,0,31,000,00,0,8,01,B01
200700003958,0,07,000,00,2,1,01,A01
200700003958,0,02,000,00,0,1,01,B01
200700003959,0,07,000,00,2,2,01,A01
200700003959,0,02,000,00,0,8,01,B01
200700003960,0,07,000,00,1,1,01,A01
200700003961,0,02,000,00,0,0,01,B01
200700003961,0,02,000,00,2,8,00,A01
200700003962,0,38,001,00,1,1,01,A01
200700003963,0,07,000,00,2,1,01,A01
200700003963,0,07,000,00,0,3,01,B01
200700003964,0,07,000,00,2,3,09,A01
200700003964,0,01,000,00,2,1,01,B01
200700003965,0,07,000,00,1,2,01,A01
200700003966,0,32,000,00,2,1,05,A01
200700003966,0,37,001,00,9,3,05,B01
200700003967,0,33,000,00,2,1,01,A01
200700003967,0,01,000,00,0,1,13,B01
200700003968,0,07,000,00,1,1,01,A01
200700003969,0,10,000,00,1,1,01,A01
200700003970,0,07,000,13,0,1,20,A01
200700003971,0,07,000,00,2,1,09,A01
200700003971,0,01,000,00,0,1,01,B01
200700003972,0,07,000,00,2,1,02,A01
200700003972,0,07,000,00,0,4,02,B01
200700003973,0,32,000,00,1,1,01,A01
200700003974,1,07,000,00,2,1,02,A01
200700003974,0,02,000,00,0,4,02,B01
200700003975,0,07,000,00,2,1,15,A01
200700003975,0,01,000,00,0,1,01,B01
200700003976,0,07,000,00,1,1,01,A01
200700003977,0,07,000,00,2,1,01,A01
200700003977,0,07,000,00,0,4,01,B01
200700003978,0,07,000,00,2,6,15,A01
200700003978,0,02,000,00,2,2,17,B01
200700003979,0,07,000,00,2,8,09,A01
200700003979,0,07,000,00,2,1,01,B01
200700003980,0,07,000,00,1,5,04,A01
200700003981,0,07,000,02,0,1,06,A01
200700003982,0,07,000,16,0,0,00,A01
200700003983,0,07,000,00,2,3,13,A01
200700003983,0,02,000,00,2,1,01,B01
200700003984,0,02,000,13,0,1,00,A01
200700003985,0,07,000,12,2,5,16,A01
200700003985,0,07,000,00,2,1,01,B01
200700003986,0,07,000,02,0,1,01,A01
200700003987,0,07,000,00,2,1,01,A01
200700003987,0,05,000,00,2,4,01,B01
200700003988,0,10,000,00,2,5,16,A01
200700003988,0,01,000,00,2,3,01,B01
200700003989,0,05,000,04,0,1,01,A01
200700003990,0,05,000,00,2,1,18,A01
200700003990,0,07,000,00,2,5,01,B01
200700003991,0,05,000,00,0,0,01,A01
200700003992,0,05,000,00,2,1,21,A01
200700003992,0,07,000,00,2,4,01,B01
200700003993,0,18,000,00,1,1,01,A01
200700003994,0,07,000,00,2,1,01,A01
200700003994,0,04,000,12,2,4,23,B01
200700003995,0,10,000,00,1,1,15,A01
200700003996,0,02,000,00,0,0,01,A01
200700003997,1,02,000,00,1,1,00,A01
200700003998,0,10,000,00,2,4,04,A01
200700003999,0,07,000,00,1,1,01,A01
200700004000,0,05,000,00,1,1,01,A01
200700004001,0,07,000,00,2,7,09,A01
200700004001,0,05,000,00,2,3,01,B01
200700004002,0,01,000,00,1,1,07,A01
200700004003,0,07,000,00,2,2,09,A01
200700004003,0,05,000,00,2,3,01,B01
200700004004,0,05,000,00,2,1,14,A01
200700004004,0,18,000,00,2,4,01,B01
200700004005,0,07,000,00,1,1,15,A01
200700004006,0,04,000,00,2,2,05,A01
200700004006,0,07,000,00,2,8,15,B01
200700004007,0,02,000,00,0,0,21,A01
200700004008,0,07,000,01,0,1,15,A01
200700004009,0,04,000,00,2,3,18,A01
200700004009,0,07,000,00,2,2,16,B01
200700004010,1,02,000,00,1,1,00,A01
200700004011,1,07,000,00,1,1,00,A01
200700004012,0,07,000,00,2,2,15,A01
200700004012,0,07,000,00,2,1,01,B01
200700004013,0,07,000,00,1,1,01,A01
200700004014,0,07,000,00,2,2,15,A01
200700004014,0,02,000,00,2,1,01,B01
200700004015,0,07,000,04,0,3,01,A01
200700004016,0,07,000,00,2,2,16,A01
200700004016,0,01,000,00,2,3,01,B01
200700004017,0,05,000,00,2,1,01,A01
200700004017,0,07,000,00,2,4,15,B01
200700004018,0,02,000,00,9,1,01,A01
200700004019,0,07,000,00,2,8,15,A01
200700004019,0,04,000,00,2,2,01,B01
200700004020,0,07,000,00,1,1,17,A01
200700004021,0,04,000,00,0,0,01,A01
200700004022,0,04,000,00,0,0,21,A01
200700004023,0,07,000,00,2,8,09,A01
200700004023,0,02,000,00,2,2,01,B01
200700004024,0,07,000,00,2,2,15,A01
200700004024,0,02,000,00,2,1,01,B01
200700004025,0,02,000,00,2,1,01,A01
200700004025,0,07,000,00,2,4,01,B01
200700004026,0,02,000,00,1,1,15,A01
200700004027,0,05,000,00,2,1,01,A01
200700004027,0,07,000,00,2,4,01,B01
200700004028,0,10,000,00,2,1,01,A01
200700004028,0,07,000,00,2,4,01,B01
200700004028,0,07,000,00,2,4,01,C01
200700004028,0,14,000,00,2,4,01,D01
200700004029,0,02,000,00,2,2,01,A01
200700004029,0,07,000,00,2,8,15,B01
200700004030,0,07,000,00,1,1,15,A01
200700004031,0,05,000,00,2,1,01,A01
200700004031,0,07,000,00,2,4,01,B01
200700004032,0,07,000,00,1,1,01,A01
200700004033,0,05,000,00,0,0,21,A01
200700004034,0,07,000,00,1,1,01,A01
200700004035,0,07,000,00,2,1,02,A01
200700004035,0,10,000,00,2,4,23,B01
200700004036,0,05,000,00,0,0,01,A01
200700004037,0,04,000,00,0,0,01,A01
200700004038,0,07,000,00,1,1,01,A01
200700004039,0,02,000,00,1,1,01,A01
200700004040,0,02,000,00,1,1,01,A01
200700004041,0,05,000,00,0,0,21,A01
200700004042,1,10,000,00,1,1,00,A01
200700004043,0,01,000,00,2,4,15,A01
200700004043,0,05,000,00,2,1,01,B01
200700004044,0,07,000,11,0,1,21,A01
200700004045,0,10,000,00,2,8,09,A01
200700004045,0,05,000,00,2,1,01,B01
200700004046,0,07,000,00,2,2,15,A01
200700004046,0,04,000,00,2,1,01,B01
200700004047,0,07,000,00,1,1,01,A01
200700004048,0,07,000,00,2,7,22,A01
200700004048,0,01,000,00,2,3,18,B01
200700004049,0,07,000,00,1,4,20,A01
200700004050,0,07,000,11,0,1,12,A01
200700004051,0,02,000,00,0,0,21,A01
200700004052,0,07,000,00,2,1,02,A01
200700004052,0,07,000,00,2,4,02,B01
200700004053,1,07,000,00,2,5,00,A01
200700004053,0,02,000,00,2,3,01,B01
200700004054,0,04,000,00,2,1,01,A01
200700004055,0,07,000,00,2,4,01,A01
200700004055,0,05,000,00,2,1,02,B01
200700004056,0,02,000,00,2,2,05,A01
200700004056,0,07,000,00,2,3,15,B01
200700004057,0,10,000,00,1,4,04,A01
200700004058,0,07,000,00,2,1,02,A01
200700004058,0,07,000,01,2,4,01,B01
200700004059,0,07,000,00,2,7,22,A01
200700004059,0,01,000,00,2,1,01,B01
200700004060,0,07,000,00,2,1,02,A01
200700004060,0,05,000,00,2,4,23,B01
200700004061,1,02,000,00,1,1,00,A01
200700004062,0,07,000,01,0,3,01,A01
200700004063,0,07,000,00,2,8,13,A01
200700004063,0,02,000,00,2,2,17,B01
200700004064,0,07,000,00,2,8,22,A01
200700004064,0,02,000,00,2,2,01,B01
200700004065,0,04,000,00,2,2,01,A01
200700004065,0,07,000,00,2,8,10,B01
200700004066,0,07,000,00,2,8,09,A01
200700004066,0,02,000,00,2,2,01,B01
200700004067,0,07,000,00,1,1,01,A01
200700004068,0,04,000,00,0,0,01,A01
200700004069,0,07,000,11,0,1,01,A01
200700004070,0,07,000,00,2,1,02,A01
200700004070,0,04,000,00,2,4,01,B01
200700004071,0,10,000,00,2,7,16,A01
200700004071,0,18,000,00,2,3,01,B01
200700004072,0,10,000,00,1,4,04,A01
200700004073,0,05,000,00,1,3,01,A01
200700004074,0,07,000,00,2,3,01,B01
200700004074,0,02,000,00,2,1,01,A01
200700004075,0,07,000,00,1,1,01,A01
200700004076,0,07,000,00,1,1,07,A01
200700004077,0,02,000,00,1,1,01,A01
200700004078,0,07,000,00,1,1,01,A01
200700004079,0,18,000,00,1,1,01,A01
200700004080,0,04,000,00,1,1,01,A01
200700004081,0,02,000,00,2,3,21,A01
200700004081,0,07,000,00,2,5,01,B01
200700004082,0,07,000,00,2,3,09,A01
200700004082,0,04,000,00,2,1,01,B01
200700004083,0,07,000,00,2,3,10,A01
200700004083,0,05,000,00,2,2,05,B01
200700004084,0,07,000,00,2,1,02,A01
200700004084,0,07,000,00,2,4,02,B01
200700004085,0,14,000,00,2,3,22,A01
200700004085,0,04,000,00,2,2,01,B01
200700004086,0,10,000,00,2,1,15,A01
200700004086,0,05,000,00,2,4,23,B01
200700004087,0,07,000,00,2,3,15,A01
200700004087,0,02,000,00,2,2,17,B01
200700004088,0,07,000,00,2,7,12,A01
200700004088,0,05,000,00,2,3,23,B01
200700004089,0,07,000,00,2,8,15,A01
200700004089,0,05,000,00,2,2,17,B01
200700004090,0,02,000,00,2,1,01,A01
200700004090,0,07,000,00,2,4,23,B01
200700004091,0,07,000,00,1,1,07,A01
200700004092,0,07,000,00,2,1,01,A01
200700004092,0,02,000,00,2,4,01,B01
200700004093,1,04,000,00,2,6,00,A01
200700004093,0,04,000,00,2,2,01,B01
200700004094,1,02,000,00,2,3,00,A01
200700004094,0,02,000,00,2,5,01,B01
200700004095,0,07,000,00,2,8,22,A01
200700004095,0,04,000,00,2,2,01,B01
200700004095,0,07,000,00,2,7,01,C01
200700004096,0,07,000,00,2,7,22,A01
200700004096,0,01,000,00,2,6,01,B01
200700004097,0,07,000,00,2,1,09,A01
200700004097,0,02,000,00,2,5,01,B01
200700004098,0,07,000,00,2,2,16,A01
200700004098,0,01,000,00,2,3,01,B01
200700004099,0,02,000,00,0,0,01,A01
200700004100,1,07,000,00,2,1,00,A01
200700004100,0,02,000,00,2,4,23,B01
200700004101,0,10,000,00,1,1,01,A01
200700004102,0,01,000,00,2,3,15,A01
200700004102,0,05,000,00,2,2,01,B01
200700004103,0,04,000,11,0,1,17,A01
200700004104,0,07,000,00,2,1,01,A01
200700004104,0,10,000,00,2,4,23,B01
200700004105,0,07,000,00,2,2,16,A01
200700004105,0,05,000,00,2,3,01,B01
200700004106,0,07,000,00,2,1,15,B01
200700004106,0,04,000,00,2,2,01,A01
200700004107,0,02,000,00,2,2,17,A01