Num_Acc,senc,catv,occutc,obs,obsm,choc,manv,num_veh
200700004107,0,07,000,00,2,6,15,B01
200700004108,0,05,000,14,0,1,01,A01
200700004109,0,01,000,00,1,1,01,A01
200700004110,0,07,000,00,2,1,16,B01
200700004110,0,05,000,00,2,2,01,A01
200700004111,0,07,000,00,2,2,01,A01
200700004112,0,04,000,01,0,2,21,A01
200700004113,0,04,000,00,0,0,01,A01
200700004114,0,05,000,00,2,5,17,A01
200700004114,0,10,000,00,2,3,01,B01
200700004115,0,01,000,00,2,2,01,A01
200700004115,0,05,000,00,2,1,01,B01
200700004116,0,07,000,00,1,1,16,A01
200700004117,0,07,000,00,2,2,15,A01
200700004117,0,04,000,00,2,1,01,B01
200700004118,0,07,000,00,2,2,16,A01
200700004118,0,05,000,00,2,3,01,B01
200700004119,0,07,000,00,2,3,10,A01
200700004119,0,02,000,00,2,2,17,B01
200700004120,0,07,000,00,2,2,15,A01
200700004120,0,02,000,00,2,1,01,B01
200700004121,0,04,000,00,2,2,01,A01
200700004121,0,10,000,00,2,6,24,B01
200700004122,0,04,000,00,2,1,02,A01
200700004122,0,10,000,00,2,4,01,B01
200700004123,0,07,000,00,1,1,01,A01
200700004124,0,10,000,00,1,1,15,A01
200700004125,0,02,000,00,1,1,17,A01
200700004126,0,05,000,00,2,2,17,A01
200700004126,0,07,000,00,2,8,15,B01
200700004126,0,07,000,00,2,1,01,C01
200700004127,0,07,000,00,2,3,13,A01
200700004127,0,04,000,00,2,2,17,B01
200700004128,0,02,000,00,0,0,01,A01
200700004129,1,02,000,00,1,1,00,A01
200700004130,0,07,000,00,2,1,01,B01
200700004130,0,07,000,00,2,2,01,A01
200700004131,0,07,000,00,2,2,12,A01
200700004131,0,05,000,00,2,3,01,B01
200700004131,0,15,000,00,2,4,01,C01
200700004131,0,07,000,00,2,7,01,D01
200700004131,0,07,000,00,2,4,01,E01
200700004132,0,04,000,00,2,1,02,A01
200700004132,0,07,000,00,2,4,23,B01
200700004133,0,07,000,00,2,2,15,A01
200700004133,0,05,000,00,2,1,01,B01
200700004134,0,07,000,00,2,5,16,A01
200700004134,0,04,000,00,2,3,01,B01
200700004135,0,07,000,00,1,4,04,A01
200700004136,0,01,000,00,1,1,01,A01
200700004137,0,04,000,00,0,0,21,A01
200700004138,0,05,000,00,2,5,16,A01
200700004138,0,04,000,00,2,3,01,B01
200700004139,0,07,000,00,2,2,16,A01
200700004139,0,04,000,00,2,3,01,B01
200700004140,0,07,000,00,2,2,15,A01
200700004140,0,04,000,00,2,1,01,B01
200700004141,0,02,000,07,0,1,21,A01
200700004142,0,07,000,00,1,1,01,A01
200700004143,0,05,000,12,0,3,17,A01
200700004144,0,10,000,00,2,1,01,A01
200700004144,0,07,000,00,2,4,23,B01
200700004144,0,10,000,00,2,4,23,C01
200700004145,0,07,000,01,2,1,13,A01
200700004145,0,07,000,00,2,1,23,B01
200700004146,0,05,000,00,2,1,01,A01
200700004146,0,07,000,00,2,4,01,B01
200700004147,0,07,000,00,1,7,01,A01
200700004148,0,02,000,00,2,2,05,A01
200700004148,0,07,000,00,2,8,15,B01
200700004149,0,07,000,00,2,2,01,A01
200700004149,0,05,000,00,2,1,01,B01
200700004150,0,02,000,00,2,2,01,A01
200700004150,0,07,000,00,2,8,10,B01
200700004151,0,01,000,00,2,3,01,A01
200700004151,0,10,000,00,2,1,15,B01
200700004152,0,05,000,01,0,1,01,A01
200700004153,0,07,000,00,2,1,01,B01
200700004153,0,07,000,00,2,2,01,A01
200700004154,0,01,000,00,0,0,01,A01
200700004155,0,07,000,00,2,1,01,B01
200700004155,0,07,000,00,2,2,01,A01
200700004156,0,05,000,00,1,1,01,A01
200700004157,1,07,000,00,2,3,00,A01
200700004157,0,04,000,00,2,2,23,B01
200700004158,1,04,000,00,1,1,00,A01
200700004159,0,01,000,00,5,1,01,A01
200700004160,2,05,000,00,0,0,00,A01
200700004161,0,02,000,00,1,1,01,A01
200700004162,0,10,000,00,2,3,10,A01
200700004162,0,04,000,00,2,2,01,B01
200700004163,0,07,000,00,2,2,12,A01
200700004163,0,04,000,00,2,3,01,B01
200700004164,0,07,000,00,2,8,22,A01
200700004164,0,04,000,00,2,2,01,B01
200700004165,0,05,000,00,1,1,01,A01
200700004166,0,07,000,00,2,2,15,A01
200700004166,0,05,000,01,2,1,01,B01
200700004167,0,07,000,00,1,1,01,A01
200700004168,0,02,000,00,2,1,01,A01
200700004168,0,07,000,00,2,2,01,B01
200700004169,0,05,000,00,0,0,21,A01
200700004170,0,07,000,00,1,1,16,A01
200700004171,0,04,000,00,1,1,01,A01
200700004172,0,07,000,00,2,1,02,A01
200700004172,0,07,000,00,2,4,02,B01
200700004172,0,07,000,00,2,4,02,C01
200700004173,0,07,000,00,2,5,16,A01
200700004173,0,01,000,00,2,3,01,B01
200700004174,0,05,000,12,0,1,01,A01
200700004175,0,10,000,00,2,3,09,A01
200700004175,0,02,000,00,2,1,01,B01
200700004176,0,02,000,00,2,2,17,A01
200700004176,0,07,000,00,2,6,15,B01
200700004177,0,07,000,00,1,1,01,A01
200700004178,0,02,000,00,1,1,01,A01
200700004179,0,17,000,00,2,7,12,A01
200700004179,0,07,000,00,2,3,01,B01
200700004180,1,10,000,00,1,4,00,A01
200700004181,0,07,000,00,2,1,01,B01
200700004181,0,02,000,00,2,2,01,A01
200700004182,0,02,000,00,2,2,05,A01
200700004182,0,07,000,00,2,3,10,B01
200700004183,0,02,000,00,2,2,01,A01
200700004183,0,07,000,00,2,1,15,B01
200700004184,0,07,000,00,1,1,15,A01
200700004185,0,04,000,00,0,0,01,A01
200700004186,0,04,000,00,1,1,01,A01
200700004187,0,07,000,00,1,1,01,A01
200700004188,0,07,000,00,2,2,15,A01
200700004188,0,05,000,00,2,1,01,B01
200700004189,0,05,000,00,1,1,01,A01
200700004190,0,07,000,00,2,2,10,A01
200700004190,0,05,000,00,2,1,01,B01
200700004191,0,07,000,11,0,1,01,A01
200700004192,0,05,000,00,0,0,21,A01
200700004193,1,07,000,00,1,1,00,A01
200700004194,0,10,000,00,2,1,01,A01
200700004194,0,05,000,00,2,4,01,B01
200700004194,0,07,000,00,2,4,01,C01
200700004195,0,07,000,00,2,5,12,A01
200700004195,0,05,000,00,2,3,01,B01
200700004196,0,07,000,00,2,2,12,A01
200700004196,0,07,000,00,2,6,01,B01
200700004197,0,05,000,00,0,0,01,A01
200700004198,0,05,000,14,0,1,01,A01
200700004199,0,07,000,00,2,1,02,A01
200700004199,0,07,000,00,2,4,02,B01
200700004200,0,04,000,00,2,2,01,B01
200700004200,0,07,000,00,2,1,01,A01
200700004201,0,01,000,00,1,1,01,A01
200700004202,0,05,000,00,2,3,18,A01
200700004202,0,07,000,00,2,5,01,B01
200700004203,0,07,000,00,1,1,15,A01
200700004204,0,07,000,00,1,1,01,A01
200700004205,0,05,000,00,2,3,18,A01
200700004205,0,07,000,00,2,7,16,B01
200700004206,0,05,000,00,2,1,01,A01
200700004206,0,07,000,00,2,2,15,B01
200700004207,0,02,000,00,1,1,01,A01
200700004208,0,10,000,00,2,3,01,B01
200700004208,0,02,000,00,2,1,01,A01
200700004209,0,02,000,00,0,0,01,A01
200700004210,0,04,000,00,1,1,01,A01
200700004211,0,05,000,01,0,1,21,A01
200700004212,0,04,000,00,1,1,01,A01
200700004213,0,07,000,00,1,1,01,A01
200700004214,0,07,000,00,2,8,10,A01
200700004214,0,02,000,00,2,2,01,B01
200700004215,0,07,000,00,1,1,16,A01
200700004216,0,07,000,00,1,1,01,A01
200700004217,0,07,000,00,2,6,22,A01
200700004217,0,01,000,00,2,2,01,B01
200700004218,0,05,000,00,2,3,18,A01
200700004218,0,07,000,00,2,7,12,B01
200700004219,0,07,000,00,2,5,15,A01
200700004219,0,07,000,00,2,1,01,B01
200700004220,0,05,000,00,2,2,17,A01
200700004220,0,10,000,00,2,8,15,B01
200700004221,0,05,000,00,1,1,01,A01
200700004222,0,07,000,00,2,2,15,A01
200700004222,0,02,000,00,2,1,01,B01
200700004223,0,07,000,00,2,1,01,A01
200700004223,0,02,000,00,2,4,23,B01
200700004224,0,07,000,00,2,8,11,A01
200700004224,0,02,000,00,2,2,17,B01
200700004225,0,07,000,00,2,2,01,A01
200700004225,0,99,000,00,2,1,01,B01
200700004226,0,07,000,00,2,8,09,A01
200700004226,0,02,000,00,2,2,17,B01
200700004227,0,07,000,00,1,1,01,A01
200700004228,0,01,000,00,2,1,01,A01
200700004228,0,10,000,00,2,4,23,B01
200700004229,0,04,000,01,1,1,01,A01
200700004230,0,07,000,00,2,2,01,A01
200700004230,0,05,000,00,2,1,01,B01
200700004231,0,05,000,00,2,1,01,B01
200700004231,0,07,000,00,2,2,01,A01
200700004232,0,02,000,00,2,2,01,B01
200700004232,1,07,000,00,2,1,00,A01
200700004233,0,10,000,00,1,1,15,A01
200700004234,0,18,000,00,2,1,02,A01
200700004234,0,07,000,00,2,4,02,B01
200700004235,0,02,000,14,0,1,01,A01
200700004236,0,07,000,00,2,8,09,A01
200700004236,0,07,000,00,2,1,01,B01
200700004237,0,05,000,00,1,1,01,A01
200700004238,0,07,000,00,2,1,01,B01
200700004238,0,04,000,00,2,2,01,A01
200700004239,0,14,000,00,2,2,01,A01
200700004239,0,07,000,01,2,8,24,B01
200700004240,0,07,000,00,2,2,15,A01
200700004240,0,07,000,00,2,1,01,B01
200700004241,0,04,000,00,1,1,01,A01
200700004242,0,07,000,00,2,2,15,A01
200700004242,0,04,000,00,2,1,01,B01
200700004243,0,07,000,00,1,1,01,A01
200700004244,0,10,000,00,2,8,01,B01
200700004244,0,07,000,01,2,1,01,A01
200700004245,0,02,000,00,2,1,05,A01
200700004245,0,07,000,00,2,3,09,B01
200700004246,0,07,000,11,0,1,15,A01
200700004247,0,07,000,00,2,2,15,A01
200700004247,0,07,000,00,2,1,01,B01
200700004248,0,05,000,00,2,2,17,A01
200700004248,0,10,000,00,2,8,15,B01
200700004249,0,05,000,00,0,0,01,A01
200700004250,0,04,000,00,1,1,01,A01
200700004251,0,07,000,00,2,1,01,B01
200700004251,0,04,000,00,2,3,01,A01
200700004252,0,05,000,00,2,3,05,A01
200700004252,0,02,000,00,2,1,01,B01
200700004252,0,07,000,00,2,8,01,C01
200700004253,0,07,000,00,2,2,10,A01
200700004253,0,04,000,00,2,1,01,B01
200700004254,2,05,000,00,2,3,00,A01
200700004254,0,05,000,00,2,2,01,B01
200700004255,0,02,000,00,0,0,21,A01
200700004256,0,04,000,00,2,2,01,A01
200700004256,0,07,000,00,2,1,16,B01
200700004257,0,05,000,00,1,1,05,A01
200700004258,0,07,000,00,2,8,01,B01
200700004258,0,10,000,00,2,1,01,A01
200700004259,0,07,000,00,1,1,16,A01
200700004260,0,02,000,00,1,1,01,A01
200700004261,0,10,000,00,2,3,09,A01
200700004261,0,02,000,00,2,2,01,B01
200700004262,0,10,000,00,2,8,13,A01
200700004262,0,04,000,00,2,2,01,B01
200700004263,0,02,000,00,2,1,02,A01
200700004263,0,07,000,00,2,4,01,B01
200700004264,0,05,000,14,0,2,01,A01
200700004265,0,05,000,00,1,1,01,A01
200700004266,0,07,000,00,2,3,10,A01
200700004266,0,05,000,00,2,2,01,B01
200700004267,0,07,000,00,2,1,02,A01
200700004267,0,07,000,00,2,4,23,B01
200700004267,0,07,000,00,2,4,23,C01
200700004268,0,04,000,00,0,0,01,A01
200700004269,0,07,000,00,1,1,18,A01
200700004270,0,01,000,00,1,1,01,A01
200700004271,0,04,000,00,0,0,21,A01
200700004272,0,07,000,00,2,1,01,A01
200700004272,0,04,000,00,2,4,23,B01
200700004273,0,02,000,00,0,0,01,A01
200700004274,0,07,000,00,1,1,01,A01
200700004275,0,07,000,00,2,2,15,A01
200700004275,0,04,000,00,2,1,01,B01
200700004275,0,04,000,00,2,1,21,C01
200700004276,0,07,000,00,2,6,15,A01
200700004276,0,05,000,00,2,2,17,B01
200700004277,0,07,000,00,2,4,23,A01
200700004277,0,07,000,00,2,1,01,B01
200700004278,0,07,000,00,2,1,14,A01
200700004278,0,07,000,00,2,4,24,B01
200700004279,0,07,000,00,2,3,17,A01
200700004279,0,02,000,00,2,3,01,B01
200700004280,0,07,000,00,2,3,09,A01
200700004280,0,05,000,00,2,2,01,B01
200700004281,0,10,000,00,2,3,09,A01
200700004281,0,04,000,00,2,2,01,B01
200700004282,0,07,000,00,2,2,15,A01
200700004282,0,02,000,00,2,1,01,B01
200700004283,0,05,000,00,1,1,18,A01
200700004284,0,02,000,00,2,1,01,A01
200700004284,0,07,000,00,2,7,01,B01
200700004285,0,10,000,00,1,4,04,A01
200700004286,1,07,000,00,1,1,00,A01
200700004287,0,05,000,00,2,6,15,A01
200700004287,0,05,000,00,2,2,01,B01
200700004288,0,05,000,00,0,0,01,A01
200700004289,0,04,000,00,0,0,21,A01
200700004290,0,02,000,00,1,1,01,A01
200700004291,0,07,000,00,2,2,12,A01
200700004291,0,04,000,00,2,3,01,B01
200700004292,0,07,000,00,2,2,10,A01
200700004292,0,02,000,00,2,1,01,B01
200700004293,0,07,000,00,2,8,09,A01
200700004293,0,04,000,00,2,1,01,B01
200700004294,0,07,000,00,2,3,01,B01
200700004294,0,07,000,15,2,1,01,A01
200700004295,0,07,000,00,2,2,15,A01
200700004295,0,02,000,00,2,1,01,B01
200700004296,0,14,000,00,2,7,01,A01
200700004296,0,18,000,00,2,8,01,B01
200700004297,0,07,000,00,2,3,09,A01
200700004297,0,05,000,00,2,1,01,B01
200700004298,0,02,000,00,0,0,01,A01
200700004299,0,07,000,00,2,2,15,A01
200700004299,0,01,000,00,2,1,01,B01
200700004300,0,04,000,14,0,3,13,A01
200700004301,0,05,000,00,2,1,01,A01
200700004301,0,10,000,00,2,4,01,B01
200700004302,0,05,000,00,2,3,18,A01
200700004302,0,07,000,00,2,2,12,B01
200700004303,0,05,000,00,2,3,18,A01
200700004303,0,07,000,00,2,2,12,B01
200700004304,0,05,000,00,1,1,01,A01
200700004305,0,07,000,12,0,1,01,A01
200700004306,0,02,000,00,2,2,15,A01
200700004306,0,04,000,00,2,1,01,B01
200700004307,0,05,000,12,0,1,01,A01
200700004308,0,02,000,00,2,1,01,A01
200700004308,0,07,000,00,2,2,15,B01
200700004309,0,05,000,00,0,0,01,A01
200700004310,0,05,000,00,2,1,01,A01
200700004310,0,05,000,00,2,4,23,B01
200700004311,0,04,000,00,0,0,16,A01
200700004312,0,05,000,00,2,1,13,A01
200700004312,0,05,000,00,2,1,01,B01
200700004313,0,07,000,00,1,1,15,A01
200700004314,0,07,000,00,2,8,10,A01
200700004314,0,02,000,00,2,2,01,B01
200700004315,0,07,000,02,2,8,09,A01
200700004315,0,05,000,00,2,1,01,B01
200700004316,0,02,000,00,2,3,01,A01
200700004316,0,07,000,00,2,2,16,B01
200700004317,0,04,000,00,1,1,01,A01
200700004318,0,02,000,00,0,0,01,A01
200700004319,0,14,000,00,2,2,12,A01
200700004319,0,07,000,04,2,6,01,B01
200700004319,0,07,000,00,2,1,01,C01
200700004320,0,02,000,00,1,1,01,A01
200700004321,0,05,000,00,1,1,01,A01
200700004322,0,01,000,00,1,1,07,A01
200700004323,0,02,000,00,1,1,01,A01
200700004324,0,04,000,00,0,0,21,A01
200700004325,0,07,000,00,2,8,15,B01
200700004325,0,07,000,00,2,1,01,A01
200700004326,0,07,000,00,2,6,15,A01
200700004326,0,05,000,00,2,3,17,B01
200700004327,0,04,000,00,1,1,01,A01
200700004328,0,07,000,00,1,1,15,A01
200700004329,0,07,000,00,1,1,01,A01
200700004330,0,07,000,00,2,2,15,A01
200700004330,0,02,000,00,2,1,01,B01
200700004331,0,04,000,00,0,0,01,A01
200700004332,0,07,000,00,2,2,15,A01
200700004332,0,02,000,00,2,1,01,B01
200700004333,0,05,000,00,2,1,01,A01
200700004333,0,07,000,00,2,7,01,B01
200700004334,0,05,000,15,2,1,13,A01
200700004334,0,07,000,00,2,1,01,B01
200700004335,0,07,000,00,1,4,20,A01
200700004336,0,04,000,00,0,0,21,A01
200700004337,0,07,000,00,2,2,15,A01
200700004337,0,04,000,00,2,1,01,B01
200700004338,0,07,000,00,2,8,09,A01
200700004338,0,05,000,00,2,2,01,B01
200700004339,0,05,000,00,2,1,01,A01
200700004339,0,02,000,00,2,4,01,B01
200700004340,0,07,000,00,1,1,01,A01
200700004341,0,04,000,00,2,3,18,A01
200700004341,0,07,000,00,2,2,16,B01
200700004342,1,02,000,00,2,1,00,A01
200700004342,0,02,000,00,2,2,01,B01
200700004343,0,02,000,00,2,5,01,B01
200700004343,0,07,000,00,2,1,16,A01
200700004344,0,02,000,00,2,3,01,A01
200700004344,0,07,000,00,2,7,16,B01
200700004345,0,07,000,00,2,2,15,A01
200700004345,0,05,000,00,2,1,01,B01
200700004346,0,04,000,00,1,1,01,A01
200700004347,0,07,000,00,2,3,09,A01
200700004347,0,05,000,00,2,1,01,B01
200700004348,0,07,000,00,2,3,11,A01
200700004348,0,02,000,00,2,2,17,B01
200700004349,0,07,000,00,2,2,15,A01
200700004349,0,04,000,00,2,1,01,B01
200700004350,0,04,000,00,1,1,01,A01
200700004351,0,07,000,00,2,2,15,A01
200700004351,0,05,000,00,2,1,01,B01
200700004352,0,14,000,01,0,1,13,A01
200700004353,0,04,000,00,2,2,17,A01
200700004353,0,07,000,00,2,3,15,B01
200700004354,0,07,000,00,2,1,01,B01
200700004354,0,07,000,00,2,2,01,A01
200700004355,0,07,000,00,2,3,16,A01
200700004355,0,05,000,00,2,3,01,B01
200700004356,0,05,000,00,2,3,18,A01
200700004356,0,07,000,00,2,2,16,B01
200700004357,0,07,000,00,2,8,11,A01
200700004357,0,05,000,00,2,2,01,B01
200700004358,0,07,000,00,1,1,15,A01
200700004359,0,07,000,00,2,1,02,A01
200700004359,0,02,000,00,2,4,01,B01
200700004360,0,02,000,00,2,1,05,A01
200700004360,0,07,000,00,2,3,15,B01
200700004361,0,10,000,00,2,8,15,A01
200700004361,0,04,000,00,2,2,01,B01
200700004362,0,07,000,00,2,7,01,A01
200700004362,0,04,000,00,2,1,01,B01
200700004363,0,07,000,00,1,2,17,A01
200700004364,0,02,000,08,0,2,14,A01
200700004365,0,18,000,00,1,1,01,A01
200700004366,0,01,000,00,0,0,21,A01
200700004367,0,05,000,00,0,0,01,A01
200700004368,0,02,000,00,0,0,01,A01
200700004369,0,07,000,00,1,1,15,A01
200700004370,0,10,000,00,2,1,01,A01
200700004370,0,10,000,00,2,8,15,B01
200700004371,0,02,000,00,2,2,15,A01
200700004371,0,04,000,00,2,1,01,B01
200700004372,1,07,000,00,2,6,00,A01
200700004372,0,04,000,00,2,2,17,B01
200700004373,0,07,000,00,2,7,12,A01
200700004373,0,05,000,00,2,3,03,B01
200700004374,0,07,000,00,2,7,22,A01
200700004374,0,01,000,00,2,3,18,B01
200700004375,0,10,000,00,1,1,15,A01
200700004376,0,02,000,00,1,1,01,A01
200700004377,0,10,000,00,2,8,11,A01
200700004377,0,05,000,00,2,2,17,B01
200700004378,0,07,000,00,2,7,09,A01
200700004378,0,07,000,00,2,1,01,B01
200700004379,0,07,000,00,2,8,22,A01
200700004379,0,14,000,00,2,2,01,B01
200700004380,0,05,000,00,0,0,21,A01
200700004381,0,04,000,00,0,0,21,A01
200700004382,0,05,000,00,2,1,02,A01
200700004382,0,05,000,00,2,4,23,B01
200700004383,0,05,000,00,0,0,21,A01
200700004384,0,05,000,01,0,3,15,A01
200700004385,0,07,000,00,2,3,09,A01
200700004385,0,14,000,00,2,5,01,B01
200700004386,0,07,000,00,2,6,13,A01
200700004386,0,04,000,00,2,2,01,B01
200700004387,0,04,000,00,1,1,01,A01
200700004388,0,07,000,00,2,7,15,A01
200700004388,0,02,000,00,2,1,01,B01
200700004389,0,07,000,00,2,3,15,A01
200700004389,0,02,000,00,2,1,05,B01
200700004390,0,07,000,00,2,6,15,B01
200700004390,0,05,000,00,2,1,01,A01
200700004391,0,02,000,00,0,0,21,A01
200700004392,0,05,000,00,1,2,01,A01
200700004393,0,04,000,00,1,1,01,A01
200700004394,0,02,000,00,1,1,01,A01
200700004395,0,10,000,00,2,2,16,A01
200700004395,0,02,000,00,2,3,16,B01
200700004396,0,07,000,00,2,2,15,A01
200700004396,0,04,000,00,2,1,01,B01
200700004397,0,07,000,00,2,8,15,A01
200700004397,0,02,000,00,2,2,01,B01
200700004398,0,02,000,00,2,3,09,A01
200700004398,0,07,000,00,2,2,01,B01
200700004399,0,02,000,00,0,0,21,A01
200700004400,0,02,000,00,2,1,01,A01
200700004400,0,07,000,00,2,4,01,B01
200700004401,0,14,000,00,2,6,21,A01
200700004401,0,04,000,00,2,2,01,B01
200700004402,0,07,000,00,1,1,01,A01
200700004403,0,07,000,00,1,4,04,A01
200700004404,0,07,000,00,1,1,01,A01
200700004405,0,07,000,00,2,6,11,A01
200700004405,0,02,000,00,2,2,01,B01
200700004406,0,04,000,00,2,1,02,A01
200700004406,0,07,000,00,2,4,02,B01
200700004407,0,07,000,00,2,6,13,A01
200700004407,0,04,000,00,2,2,01,B01
200700004408,0,02,000,00,2,1,01,A01
200700004408,0,07,000,00,2,4,16,B01
200700004409,0,04,000,00,2,2,05,A01
200700004409,0,07,000,00,2,3,15,B01
200700004410,0,07,000,00,2,2,15,A01
200700004410,0,02,000,00,2,1,01,B01
200700004411,0,07,000,00,2,2,01,A01
200700004411,0,05,000,00,2,1,01,B01
200700004412,0,07,000,00,2,8,11,A01
200700004412,0,05,000,15,2,2,17,B01
200700004413,0,18,000,00,2,1,02,A01
200700004413,0,07,000,00,2,4,02,B01
200700004414,0,07,000,00,1,1,01,A01
200700004415,0,04,000,00,1,1,01,A01
200700004416,0,04,000,00,0,0,01,A01
200700004417,0,05,000,00,2,3,01,A01
200700004417,0,07,000,00,2,2,16,B01
200700004418,0,05,000,00,1,1,01,A01
200700004419,0,10,000,00,2,1,01,A01
200700004419,0,07,000,00,2,4,01,B01
200700004419,0,07,000,00,2,4,01,C01
200700004420,0,10,000,00,1,1,01,A01
200700004421,0,07,000,00,2,4,04,A01
200700004421,0,04,000,00,2,1,01,B01
200700004422,0,01,000,00,1,1,01,A01
200700004423,0,07,000,00,2,6,10,A01
200700004423,0,04,000,00,2,1,01,B01
200700004424,1,07,000,00,1,1,00,A01
200700004425,0,07,000,00,2,1,01,A01
200700004425,0,07,000,00,2,4,01,B01
200700004425,0,07,000,00,2,4,01,C01
200700004426,0,01,000,00,2,1,15,A01
200700004426,0,07,000,00,2,2,01,B01
200700004427,0,10,000,00,2,8,10,A01
200700004427,0,04,000,00,2,2,05,B01
200700004428,0,07,000,14,0,1,13,A01
200700004429,0,02,000,00,0,0,01,A01
200700004430,0,02,000,00,2,3,18,A01
200700004430,0,07,000,00,2,2,01,B01
200700004431,0,07,000,00,2,1,01,B01
200700004431,0,05,000,00,2,6,01,A01
200700004432,0,07,000,00,1,4,04,A01
200700004433,1,07,000,00,1,1,00,A01
200700004434,0,04,000,00,0,0,01,A01
200700004435,0,07,000,00,2,3,13,A01
200700004435,0,02,000,00,2,2,17,B01
200700004436,0,04,000,00,0,0,01,A01
200700004437,0,02,000,01,0,1,14,A01
200700004438,0,05,000,00,1,1,01,A01
200700004439,0,02,000,00,2,2,17,A01
200700004439,0,07,000,00,2,8,15,B01
200700004440,0,02,000,12,1,1,21,A01
200700004441,0,04,000,00,2,1,01,A01
200700004441,0,07,000,00,2,8,01,B01
200700004442,0,04,000,00,2,1,05,A01
200700004442,0,07,000,00,2,3,09,B01
200700004443,0,02,000,00,2,2,01,A01
200700004443,0,07,000,00,2,6,01,B01
200700004444,0,07,000,00,2,8,10,A01
200700004444,0,05,000,01,2,2,17,B01
200700004445,0,07,000,00,2,8,10,A01
200700004445,0,04,000,00,2,1,01,B01
200700004446,0,07,000,00,0,0,01,A01
200700004447,0,07,000,00,2,1,01,A01
200700004447,0,07,000,00,2,3,15,B01
200700004448,0,07,000,00,2,8,10,A01
200700004448,0,02,000,00,2,2,01,B01
200700004449,0,07,000,00,2,8,22,A01
200700004449,0,01,000,00,2,2,01,B01
200700004450,0,07,000,00,2,1,01,A01
200700004450,0,05,000,00,2,4,23,B01
200700004451,0,04,000,00,2,1,01,A01
200700004451,0,07,000,00,2,4,01,B01
200700004452,0,07,000,00,1,4,04,A01
200700004453,0,07,000,00,2,8,21,A01
200700004453,0,04,000,00,2,2,17,B01
200700004454,0,07,000,00,1,4,04,A01
200700004455,0,07,000,00,1,1,01,A01
200700004456,0,07,000,00,2,3,21,A01
200700004456,0,05,000,01,2,3,01,B01
200700004457,0,07,000,00,2,2,12,A01
200700004457,0,05,000,00,2,6,01,B01
200700004458,0,17,000,00,2,8,01,B01
200700004458,0,10,000,00,2,2,01,A01
200700004459,1,07,000,00,2,1,00,A01
200700004459,0,05,000,00,2,4,01,B01
200700004460,0,04,000,00,0,0,21,A01
200700004461,0,07,000,00,1,1,01,A01
200700004462,0,07,000,00,2,1,01,A01
200700004462,0,05,000,00,2,4,01,B01
200700004463,0,18,000,00,1,1,01,A01
200700004464,0,01,000,09,0,1,21,A01
200700004465,0,10,000,00,2,1,01,A01
200700004465,0,07,000,00,2,4,01,B01
200700004466,0,05,000,00,0,0,01,A01
200700004467,0,04,000,00,2,1,01,B01
200700004467,0,04,000,00,2,2,01,A01
200700004468,0,07,000,02,0,1,01,A01
200700004469,0,05,000,00,0,0,01,A01
200700004470,0,02,000,00,2,2,15,A01
200700004470,0,07,000,00,2,1,01,B01
200700004471,0,07,000,11,0,1,01,A01
200700004472,0,07,000,00,1,1,15,A01
200700004473,0,07,000,00,2,2,15,A01
200700004473,0,05,000,00,2,1,01,B01
200700004474,0,07,000,00,2,8,22,A01
200700004474,0,02,000,00,2,1,01,B01
200700004475,0,04,000,00,1,1,01,A01
200700004476,0,05,000,00,2,3,01,A01
200700004476,0,10,000,00,2,2,16,B01
200700004477,0,02,000,00,2,2,05,A01
200700004477,0,10,000,00,2,3,15,B01
200700004478,0,07,000,00,2,2,15,A01
200700004478,0,04,000,00,2,1,01,B01
200700004479,0,07,000,11,0,1,01,A01
200700004480,0,07,000,00,2,1,09,A01
200700004480,0,07,000,00,2,3,01,B01
200700004481,0,02,000,00,0,0,21,A01
200700004482,0,07,000,00,2,2,15,A01
200700004482,0,05,000,00,2,1,01,B01
200700004483,0,07,000,00,2,2,15,A01
200700004483,0,05,000,00,2,1,01,B01
200700004484,0,07,000,00,2,2,10,A01
200700004484,0,04,000,00,2,1,01,B01
200700004485,0,07,000,12,0,1,21,A01
200700004486,0,01,000,00,0,0,21,A01
200700004487,1,02,000,00,1,1,00,A01
200700004488,0,07,000,00,1,1,01,A01
200700004489,1,07,000,00,1,1,00,A01
200700004490,0,07,000,00,2,2,16,A01
200700004490,0,05,000,00,2,3,01,B01
200700004491,0,07,000,00,2,8,10,A01
200700004491,0,01,000,00,2,1,01,B01
200700004492,0,02,000,00,1,1,01,A01
200700004493,0,10,000,00,1,1,01,A01
200700004494,0,02,000,00,2,6,01,A01
200700004494,0,07,000,00,2,2,16,B01
200700004495,0,05,000,00,2,3,18,A01
200700004495,0,07,000,00,2,7,01,B01
200700004496,0,05,000,00,0,0,14,A01
200700004497,0,07,000,00,2,1,02,A01
200700004497,0,07,000,00,2,4,02,B01
200700004497,0,07,000,00,2,4,02,C01
200700004498,0,07,000,04,0,3,21,A01
200700004499,0,07,000,00,2,7,12,A01
200700004499,0,05,000,00,2,3,03,B01
200700004500,0,07,000,00,1,1,15,A01
200700004501,2,07,000,00,2,1,01,A01
200700004501,0,07,000,00,2,4,01,B01
200700004502,0,04,000,00,2,1,01,A01
200700004502,0,10,000,00,2,8,01,B01
200700004503,0,07,000,00,2,8,22,A01