Num_Acc,senc,catv,occutc,obs,obsm,choc,manv,num_veh
200700004503,0,01,000,00,2,2,01,B01
200700004504,0,07,000,00,1,1,01,A01
200700004505,0,05,000,09,0,1,01,A01
200700004506,0,07,000,06,0,1,01,A01
200700004507,0,07,000,00,2,2,15,A01
200700004507,0,04,000,00,2,1,01,B01
200700004508,0,10,000,00,1,4,04,A01
200700004509,0,10,000,00,2,8,09,A01
200700004509,0,04,000,01,2,1,01,B01
200700004510,1,07,000,00,1,1,00,A01
200700004511,0,07,000,00,2,3,15,B01
200700004511,0,04,000,00,2,1,01,A01
200700004512,0,04,000,00,2,2,15,A01
200700004512,0,02,000,00,2,1,01,B01
200700004513,0,05,000,04,0,3,13,A01
200700004514,1,07,000,00,2,3,00,A01
200700004514,0,07,000,04,2,7,01,B01
200700004515,0,05,000,00,2,3,18,A01
200700004515,0,07,000,00,2,2,12,B01
200700004516,0,07,000,03,0,2,14,A01
200700004517,0,05,000,00,2,3,11,A01
200700004517,0,10,000,00,2,5,01,B01
200700004518,0,05,000,00,2,1,01,B01
200700004518,0,10,000,00,2,6,10,A01
200700004519,0,02,000,00,0,0,01,A01
200700004520,0,05,000,00,2,1,02,A01
200700004520,0,07,000,00,2,4,02,B01
200700004521,0,07,000,00,2,3,18,A01
200700004521,0,17,000,00,2,5,01,B01
200700004522,0,05,000,00,2,1,01,A01
200700004522,0,07,000,00,2,4,01,B01
200700004523,0,07,000,00,2,8,11,A01
200700004523,0,05,000,00,2,2,01,B01
200700004524,0,04,000,04,0,1,21,A01
200700004525,0,02,000,00,0,0,21,A01
200700004526,0,05,000,00,2,2,12,A01
200700004526,0,10,000,00,2,8,01,B01
200700004526,0,07,000,00,2,4,01,C01
200700004527,0,05,000,05,0,1,01,A01
200700004528,0,05,000,15,0,1,21,A01
200700004529,0,04,000,00,2,1,01,A01
200700004529,0,07,000,00,2,4,01,B01
200700004530,0,05,000,00,2,3,18,A01
200700004530,0,07,000,00,2,2,12,B01
200700004531,0,07,000,00,9,1,01,A01
200700004532,0,07,000,00,2,8,11,A01
200700004532,0,05,000,00,2,2,03,B01
200700004533,0,05,000,00,2,1,02,A01
200700004533,0,07,000,00,2,4,02,B01
200700004534,0,07,000,00,2,1,13,A01
200700004534,0,07,000,00,2,4,01,B01
200700004535,0,05,000,00,1,1,21,A01
200700004536,0,10,000,07,2,1,13,A01
200700004536,0,07,000,00,2,1,01,B01
200700004536,0,07,000,00,2,4,01,C01
200700004537,0,02,000,00,2,1,01,A01
200700004537,0,07,000,00,2,3,16,B01
200700004538,0,17,000,00,2,2,12,A01
200700004538,0,07,000,03,2,8,01,B01
200700004538,0,05,000,00,2,1,01,C01
200700004539,0,07,000,00,2,1,02,A01
200700004539,0,07,000,00,2,4,02,B01
200700004539,0,07,000,00,2,4,23,C01
200700004540,0,10,000,00,2,1,02,A01
200700004540,0,05,000,00,2,1,02,B01
200700004540,0,07,000,00,2,4,02,C01
200700004540,0,04,000,00,2,1,02,D01
200700004540,0,04,000,00,2,1,02,E01
200700004540,0,04,000,00,2,1,02,F01
200700004540,0,07,000,00,2,4,02,G01
200700004540,0,07,000,00,2,4,02,H01
200700004541,0,04,000,00,2,2,05,A01
200700004541,0,07,000,00,2,3,15,B01
200700004542,0,05,000,00,1,1,01,A01
200700004543,0,07,000,00,2,2,15,A01
200700004543,0,04,000,00,2,1,01,B01
200700004544,0,07,000,00,2,2,15,A01
200700004544,0,05,000,00,2,1,01,B01
200700004545,0,14,000,00,1,3,01,A01
200700004546,0,07,000,00,2,2,01,A01
200700004546,0,07,000,00,2,1,01,B01
200700004547,0,05,000,00,2,2,14,A01
200700004547,0,07,000,00,2,3,01,B01
200700004548,0,02,000,00,2,1,01,A01
200700004548,0,07,000,00,2,3,16,B01
200700004549,0,07,000,00,1,4,04,A01
200700004550,0,14,000,00,2,2,05,A01
200700004550,0,07,000,00,2,3,15,B01
200700004551,0,07,000,00,1,1,01,A01
200700004552,0,04,000,00,2,6,18,A01
200700004552,0,07,000,00,2,7,01,B01
200700004553,0,07,000,00,2,8,10,A01
200700004553,0,05,000,00,2,2,01,B01
200700004554,0,10,000,00,2,2,10,A01
200700004554,0,05,000,00,2,1,01,B01
200700004555,0,07,000,00,1,1,01,A01
200700004556,0,04,000,00,2,1,02,A01
200700004556,0,07,000,00,1,4,02,B01
200700004557,0,07,000,01,2,1,17,A01
200700004557,0,14,000,00,2,3,23,B01
200700004558,0,05,000,00,2,1,01,A01
200700004558,0,07,000,00,2,4,01,B01
200700004559,0,02,000,01,0,1,01,A01
200700004560,0,10,000,00,2,2,15,A01
200700004560,0,07,000,12,2,1,01,B01
200700004561,0,07,000,00,1,1,18,A01
200700004562,0,02,000,00,2,3,05,A01
200700004562,0,07,000,00,2,3,01,B01
200700004563,0,07,000,00,2,3,09,A01
200700004563,0,05,000,00,2,2,01,B01
200700004563,0,07,000,00,2,1,01,C01
200700004564,0,02,000,12,0,2,01,A01
200700004565,0,07,000,00,2,1,02,A01
200700004565,0,05,000,00,2,4,01,B01
200700004566,1,07,000,00,1,1,00,A01
200700004567,0,04,000,00,1,1,01,A01
200700004568,0,07,000,06,0,2,14,A01
200700004569,0,33,000,00,2,2,17,A01
200700004569,0,02,000,00,2,3,15,B01
200700004570,1,07,000,00,1,0,01,A01
200700004570,0,07,000,00,0,0,00,B01
200700004571,0,02,000,00,2,1,01,B01
200700004571,0,07,000,00,2,3,09,A01
200700004572,0,33,000,00,2,1,02,A01
200700004572,0,01,000,00,2,4,02,B01
200700004573,0,33,000,00,2,1,01,B01
200700004573,1,07,000,00,2,6,16,A01
200700004574,0,07,000,08,0,2,01,A01
200700004575,0,07,000,00,2,1,15,A01
200700004575,0,33,000,00,2,1,01,B01
200700004576,0,07,000,00,1,4,20,A01
200700004577,0,14,000,00,2,2,16,A01
200700004577,0,01,000,00,2,3,01,B01
200700004578,0,33,000,00,2,1,15,B01
200700004578,0,07,000,00,2,1,01,A01
200700004579,0,31,000,00,2,1,01,B01
200700004579,0,07,000,00,9,3,00,A01
200700004580,0,07,000,00,2,3,19,A01
200700004580,0,15,000,00,2,2,21,B01
200700004581,0,07,000,00,2,7,20,A01
200700004581,0,30,000,00,2,0,01,B01
200700004582,0,02,000,00,0,2,01,A01
200700004583,0,07,000,00,0,8,15,A01
200700004583,0,31,000,00,0,2,02,B01
200700004584,0,05,000,00,2,1,01,A01
200700004584,0,07,000,00,2,1,01,B01
200700004585,0,02,000,00,2,1,02,A01
200700004585,0,07,000,00,0,4,02,B01
200700004586,0,07,000,08,2,3,15,A01
200700004586,0,05,000,08,2,1,01,B01
200700004587,0,05,000,11,0,3,06,A01
200700004588,0,18,015,00,2,2,05,A01
200700004588,0,07,000,00,9,1,01,B01
200700004589,0,07,000,00,1,6,04,A01
200700004590,0,07,000,00,2,2,15,A01
200700004590,0,02,000,00,2,1,01,B01
200700004591,0,07,000,00,0,2,00,A01
200700004591,0,07,000,06,0,6,24,C01
200700004591,0,07,000,00,2,1,01,B01
200700004592,0,07,000,00,1,1,01,B01
200700004593,0,07,000,00,1,1,16,A01
200700004594,0,07,000,09,0,3,06,A01
200700004595,0,07,000,01,2,2,02,A01
200700004595,0,30,000,01,9,8,01,B01
200700004596,0,07,000,00,2,3,02,A01
200700004596,0,07,000,00,2,4,02,B01
200700004597,0,07,000,00,2,1,01,A01
200700004597,0,15,000,00,2,4,01,B01
200700004598,0,02,000,00,2,1,01,A01
200700004598,0,07,000,00,2,2,16,B01
200700004599,0,07,000,11,2,3,02,A01
200700004599,0,05,000,00,0,4,01,B01
200700004600,0,02,000,00,2,1,01,A01
200700004600,0,07,000,00,2,5,23,B01
200700004601,0,07,000,00,2,8,10,A01
200700004601,0,07,000,08,2,1,01,B01
200700004602,0,33,000,02,0,1,00,A01
200700004603,0,07,000,00,2,3,01,A01
200700004603,0,07,000,01,2,2,01,B01
200700004603,0,07,000,00,0,3,23,C01
200700004604,0,07,000,00,2,5,04,A01
200700004604,0,05,000,00,2,1,02,B01
200700004605,0,07,000,00,0,6,15,A01
200700004605,0,02,000,00,2,1,02,B01
200700004606,0,07,000,00,1,1,01,A01
200700004607,0,04,000,00,2,3,03,A01
200700004607,0,07,000,00,9,5,12,B01
200700004608,0,07,000,00,2,2,01,A01
200700004608,0,07,000,11,2,3,01,B01
200700004609,0,02,000,13,0,0,13,A01
200700004610,0,07,000,00,2,3,15,B01
200700004610,0,02,000,00,2,1,01,A01
200700004611,0,07,000,00,1,7,01,A01
200700004612,0,07,000,00,1,1,01,A01
200700004613,0,02,000,01,0,1,02,A01
200700004613,0,14,000,00,0,6,23,B01
200700004614,0,07,000,00,2,1,01,A01
200700004614,0,07,000,00,2,4,01,B01
200700004615,0,07,000,00,2,7,15,A01
200700004615,0,05,000,00,2,1,01,B01
200700004616,0,07,000,00,2,1,01,A01
200700004616,0,07,000,00,2,4,01,B01
200700004617,0,30,000,00,2,2,17,A01
200700004617,0,07,000,00,9,3,15,B01
200700004618,0,37,001,00,2,2,01,A01
200700004618,0,07,000,00,2,1,15,B01
200700004619,0,02,000,00,2,1,01,A01
200700004619,0,07,000,00,2,7,01,B01
200700004620,0,37,001,00,1,1,01,A01
200700004621,0,07,000,00,2,1,02,A01
200700004621,0,07,000,00,2,8,09,B01
200700004622,0,07,000,01,0,0,01,A01
200700004623,0,07,000,00,2,1,02,A01
200700004623,0,07,000,00,0,4,02,B01
200700004624,0,07,000,13,0,1,01,A01
200700004625,0,07,000,13,0,3,00,A01
200700004626,0,02,000,00,2,7,01,B01
200700004626,0,07,000,00,2,1,15,A01
200700004627,0,07,000,02,0,2,01,A01
200700004628,0,07,000,08,0,1,21,A01
200700004629,0,07,000,00,2,7,02,A01
200700004629,0,30,000,00,2,6,02,B01
200700004630,0,07,000,00,2,2,13,A01
200700004630,0,07,000,00,2,2,01,B01
200700004630,0,10,000,00,2,1,02,C01
200700004631,0,07,000,00,0,6,02,A01
200700004631,0,02,000,00,2,1,02,B01
200700004632,0,07,000,00,1,1,01,A01
200700004633,0,07,000,00,1,2,01,A01
200700004634,0,07,000,02,0,1,00,A01
200700004635,0,99,000,00,2,3,15,A01
200700004635,0,07,000,00,2,3,01,B01
200700004636,0,02,000,08,2,1,17,A01
200700004636,0,07,000,00,2,8,15,B01
200700004637,0,07,000,00,2,1,02,A01
200700004637,0,07,000,00,0,4,23,B01
200700004638,0,07,000,00,2,2,02,A01
200700004638,0,07,000,12,0,6,01,B01
200700004639,0,07,000,00,2,1,02,A01
200700004639,0,07,000,00,0,4,23,B01
200700004640,0,07,000,00,2,1,02,A01
200700004640,0,02,000,00,0,4,01,B01
200700004641,0,07,000,00,1,7,01,A01
200700004642,0,02,000,00,9,1,01,A01
200700004643,0,07,000,00,2,8,11,A01
200700004643,0,33,000,00,2,1,01,B01
200700004644,0,30,000,00,0,1,17,A01
200700004644,0,07,000,00,0,8,15,B01
200700004645,0,33,000,07,9,1,01,A01
200700004646,0,07,000,00,1,2,01,A01
200700004647,0,07,000,00,1,1,01,A01
200700004648,0,07,000,00,0,1,09,A01
200700004648,0,07,000,00,2,3,01,B01
200700004649,0,37,000,00,0,7,00,A01
200700004650,0,07,000,00,2,3,15,A01
200700004650,0,02,000,00,2,7,17,B01
200700004651,0,07,000,00,0,3,10,A01
200700004651,0,07,000,00,2,1,05,B01
200700004651,0,07,000,00,2,1,01,C01
200700004651,0,07,000,00,2,1,01,D01
200700004652,0,07,000,00,2,2,10,A01
200700004652,0,99,000,06,2,3,01,B01
200700004653,0,07,000,00,2,6,10,A01
200700004653,0,33,000,00,2,1,02,B01
200700004654,0,30,000,00,1,0,00,A01
200700004655,0,30,000,00,1,1,01,A01
200700004656,0,07,000,00,2,1,01,A01
200700004656,0,07,000,00,2,4,23,B01
200700004656,0,07,000,00,2,4,23,C01
200700004657,0,07,000,00,0,0,00,A01
200700004658,0,07,000,00,0,6,02,A01
200700004659,0,07,000,00,1,7,02,A01
200700004660,0,07,000,00,1,2,01,A01
200700004661,0,07,000,00,2,1,02,B01
200700004661,0,07,000,00,0,9,21,C01
200700004661,0,10,000,00,2,8,19,A01
200700004662,0,33,000,00,2,9,21,B01
200700004662,0,07,000,00,0,8,19,A01
200700004663,0,17,000,00,1,2,16,A01
200700004664,0,30,000,00,0,1,00,B01
200700004664,0,07,000,00,2,7,01,A01
200700004665,0,07,000,06,2,1,02,B01
200700004665,0,07,000,00,2,2,19,A01
200700004666,0,07,000,00,1,2,01,A01
200700004667,0,07,000,00,2,1,13,A01
200700004667,0,07,000,00,2,1,01,B01
200700004668,0,17,000,00,2,1,01,A01
200700004668,0,01,000,00,2,8,19,B01
200700004669,0,02,000,00,2,1,02,B01
200700004669,0,07,000,00,0,7,02,A01
200700004670,0,33,000,00,2,1,21,B01
200700004670,0,07,000,00,2,6,15,A01
200700004671,0,07,000,00,2,1,01,A01
200700004671,0,30,000,00,2,1,01,B01
200700004672,0,10,000,00,2,8,15,A01
200700004672,0,17,000,00,2,7,01,B01
200700004673,0,07,000,00,2,1,02,A01
200700004673,0,07,000,00,2,9,02,B01
200700004673,0,07,000,00,0,4,02,C01
200700004674,0,07,000,00,0,1,15,A01
200700004674,0,01,000,00,0,8,01,B01
200700004675,0,07,000,00,1,3,02,A01
200700004676,0,33,000,00,0,1,02,A01
200700004676,0,01,000,00,2,4,01,B01
200700004677,0,07,000,00,1,1,15,A01
200700004678,0,30,000,00,0,8,15,A01
200700004679,0,07,000,00,0,4,02,A01
200700004679,2,07,000,00,2,1,02,B01
200700004680,0,07,000,00,0,0,00,A01
200700004681,0,07,000,00,2,1,01,A01
200700004681,0,07,000,00,2,3,23,C01
200700004681,0,07,000,01,0,8,19,B01
200700004682,0,07,000,00,1,1,02,A01
200700004683,0,07,000,00,2,7,01,A01
200700004683,0,37,001,00,2,3,01,B01
200700004684,0,01,000,00,2,7,19,A01
200700004684,0,10,000,00,2,1,01,B01
200700004685,0,07,000,00,2,1,01,A01
200700004685,0,07,000,00,2,1,01,B01
200700004686,0,07,000,00,2,8,15,A01
200700004686,0,34,000,01,2,7,17,B01
200700004687,0,07,000,00,2,1,13,A01
200700004687,0,07,000,00,2,7,01,B01
200700004688,0,07,000,01,1,4,20,A01
200700004689,0,07,000,00,2,1,01,A01
200700004689,0,07,000,00,2,8,01,B01
200700004690,1,07,000,00,2,1,01,A01
200700004690,0,30,000,00,2,7,01,B01
200700004691,0,07,000,00,2,3,18,A01
200700004691,0,01,000,00,2,2,16,B01
200700004692,0,07,000,00,1,3,01,A01
200700004693,0,07,000,00,2,1,02,A01
200700004693,0,07,000,00,2,4,01,B01
200700004694,0,37,030,00,1,5,01,A01
200700004695,0,07,000,00,2,1,02,B01
200700004695,0,17,000,00,0,6,02,A01
200700004696,0,07,000,00,2,2,01,A01
200700004696,0,07,000,00,2,1,15,B01
200700004697,0,37,000,00,2,0,02,B01
200700004697,0,07,000,00,2,1,00,A01
200700004698,0,07,000,00,1,2,01,A01
200700004699,0,07,000,00,2,5,15,B01
200700004699,0,07,000,00,2,1,01,A01
200700004700,0,07,000,01,1,8,00,A01
200700004701,0,07,000,00,1,1,02,A01
200700004702,0,30,000,00,0,0,01,B01
200700004702,1,10,000,00,2,0,09,A01
200700004703,0,07,000,00,2,1,02,A01
200700004703,0,07,000,00,0,4,23,B01
200700004704,0,07,000,00,2,3,09,B01
200700004704,0,99,000,00,2,1,05,A01
200700004705,0,07,000,00,2,1,01,A01
200700004705,0,07,000,00,2,8,15,B01
200700004706,0,30,000,00,2,2,21,B01
200700004706,0,07,000,00,9,3,15,A01
200700004707,0,07,000,00,1,6,04,A01
200700004708,0,07,000,00,1,2,01,A01
200700004709,0,07,000,00,2,1,09,A01
200700004709,0,33,000,00,2,5,01,B01
200700004710,0,07,000,00,2,3,01,B01
200700004710,0,07,000,00,2,3,16,A01
200700004711,1,07,000,00,2,1,05,A01
200700004711,0,07,000,00,2,1,02,B01
200700004712,0,07,000,01,0,2,14,A01
200700004713,0,02,000,00,2,1,02,A01
200700004713,0,07,000,00,0,6,02,B01
200700004714,0,02,000,00,2,1,13,B01
200700004714,0,07,000,00,2,3,16,A01
200700004715,0,07,000,00,0,4,02,A01
200700004715,0,07,000,00,2,3,02,B01
200700004715,0,30,000,00,2,1,02,C01
200700004716,0,07,000,00,2,1,02,A01
200700004716,0,07,000,00,2,4,02,B01
200700004717,0,07,000,00,2,6,15,A01
200700004717,0,33,000,00,2,1,01,B01
200700004718,0,07,000,00,2,1,02,A01
200700004718,0,10,000,00,2,4,02,B01
200700004718,0,07,000,00,2,4,02,C01
200700004719,0,07,000,00,1,0,04,A01
200700004720,0,07,000,00,1,1,01,A01
200700004721,0,33,000,00,1,3,17,A01
200700004722,0,07,000,00,2,1,09,A01
200700004722,0,07,000,00,2,3,01,B01
200700004723,0,07,000,00,2,5,01,A01
200700004723,0,07,000,00,2,3,01,B01
200700004724,0,07,000,00,1,1,01,A01
200700004725,0,07,000,00,2,1,01,B01
200700004725,0,07,000,00,2,6,15,A01
200700004726,0,07,000,00,1,3,15,A01
200700004727,0,10,000,00,2,1,17,A01
200700004727,0,07,000,00,2,3,15,B01
200700004728,0,07,000,00,2,3,15,A01
200700004728,0,07,000,00,2,1,01,B01
200700004729,1,10,000,00,2,1,01,A01
200700004729,0,07,000,00,2,4,01,B01
200700004730,0,07,000,00,2,1,01,A01
200700004730,0,07,000,00,2,3,15,B01
200700004731,0,07,000,00,2,2,05,A01
200700004731,0,07,000,00,0,2,02,B01
200700004732,0,30,000,00,0,0,00,A01
200700004733,0,07,000,00,2,2,02,A01
200700004733,0,07,000,00,0,6,02,B01
200700004734,0,07,000,00,2,1,02,A01
200700004734,0,07,000,00,0,8,15,B01
200700004735,0,07,000,00,2,1,01,B01
200700004735,0,10,000,00,2,8,01,A01
200700004736,0,07,000,00,2,1,13,A01
200700004736,0,07,000,00,2,1,01,B01
200700004737,0,10,000,00,2,1,01,B01
200700004737,0,07,000,00,0,7,01,A01
200700004738,0,07,000,00,2,3,15,B01
200700004738,0,30,000,00,2,1,01,A01
200700004739,0,07,000,00,2,1,02,A01
200700004739,0,07,000,00,0,4,23,B01
200700004740,0,07,000,00,2,5,16,A01
200700004740,0,02,000,00,2,1,01,B01
200700004741,0,30,000,00,2,1,01,B01
200700004741,0,07,000,00,2,3,17,A01
200700004742,0,02,000,00,2,1,01,A01
200700004742,0,07,000,00,2,1,01,C01
200700004742,0,07,000,00,2,1,15,B01
200700004743,0,10,000,00,1,4,04,A01
200700004744,0,07,000,00,0,8,15,B01
200700004744,0,15,000,00,2,1,01,A01
200700004745,0,07,000,00,2,1,02,A01
200700004745,0,07,000,00,0,4,23,B01
200700004746,0,13,000,00,2,6,13,A01
200700004746,0,07,000,00,0,2,01,B01
200700004747,0,07,000,00,2,1,11,A01
200700004747,0,07,000,00,2,1,01,B01
200700004748,0,07,000,00,2,4,02,B01
200700004748,0,07,000,00,2,1,02,A01
200700004748,0,07,000,00,2,1,02,C01
200700004748,0,07,000,00,2,4,02,D01
200700004749,0,01,000,00,0,4,01,B01
200700004749,0,07,000,00,9,4,12,A01
200700004750,0,07,000,00,1,1,01,A01
200700004751,0,07,000,00,1,1,01,A01
200700004752,0,07,000,00,2,8,10,A01
200700004752,0,05,000,00,2,1,01,B01
200700004753,0,07,000,00,1,8,01,A01
200700004754,0,07,000,00,2,0,15,A01
200700004754,0,05,000,00,2,1,01,B01
200700004755,0,07,000,00,2,6,13,A01
200700004755,0,32,000,00,2,1,02,B01
200700004756,0,07,000,00,1,1,01,A01
200700004757,0,07,000,00,1,1,02,A01
200700004758,0,07,000,00,2,5,15,A01
200700004758,0,33,000,00,2,1,01,B01
200700004759,0,07,000,01,0,1,14,A01
200700004760,0,07,000,00,9,8,15,A01
200700004760,0,30,000,00,2,1,01,B01
200700004761,0,10,000,00,9,7,15,A01
200700004761,0,33,000,00,1,1,01,B01
200700004762,0,07,000,00,1,1,16,A01
200700004763,0,07,000,13,0,9,01,A01
200700004764,0,07,000,11,0,1,02,A01
200700004765,0,07,000,00,2,1,05,A01
200700004765,0,03,000,00,2,1,05,B01
200700004766,0,07,000,00,1,1,01,A01
200700004767,0,07,000,00,2,1,01,A01
200700004767,0,07,000,00,2,4,01,B01
200700004768,0,07,000,00,2,2,13,A01
200700004768,0,07,000,00,2,3,15,B01
200700004769,0,33,000,16,0,2,01,A01
200700004770,0,07,000,00,2,8,09,A01
200700004770,0,07,000,00,2,1,01,B01
200700004771,0,07,000,00,2,3,01,A01
200700004771,0,07,000,00,2,6,01,B01
200700004772,0,07,000,00,2,1,15,A01
200700004772,0,07,000,00,2,3,01,B01
200700004773,0,07,000,00,1,2,01,A01
200700004774,0,07,000,00,1,1,01,A01
200700004774,0,07,000,00,2,1,01,B01
200700004775,0,02,000,00,1,1,01,A01
200700004776,0,33,000,00,2,8,17,A01
200700004776,0,07,000,00,2,7,09,B01
200700004777,0,07,000,00,1,1,01,A01
200700004778,0,33,000,00,2,1,01,A01
200700004778,0,10,000,00,2,4,01,B01
200700004779,0,07,000,00,2,1,15,A01
200700004779,0,07,000,00,2,1,01,B01
200700004780,0,07,000,00,2,3,15,A01
200700004780,0,02,000,00,2,1,01,B01
200700004781,0,02,000,00,2,1,17,A01
200700004781,0,07,000,00,2,1,01,B01
200700004782,0,07,000,00,2,8,09,A01
200700004782,0,02,000,00,2,1,01,B01
200700004783,0,07,000,00,2,7,01,A01
200700004783,0,10,000,00,2,3,01,B01
200700004784,0,07,000,01,2,1,09,A01
200700004784,0,07,000,00,2,1,01,B01
200700004785,0,07,000,00,2,1,09,A01
200700004785,0,01,000,00,2,2,01,B01
200700004786,0,33,000,00,2,2,02,B01
200700004786,0,07,000,00,2,6,02,A01
200700004787,0,07,000,00,2,3,01,A01
200700004787,0,14,000,00,2,3,01,B01
200700004788,0,07,000,00,2,1,13,A01
200700004788,0,07,000,00,2,3,13,B01
200700004789,0,30,000,00,2,2,17,A01
200700004789,0,07,000,00,2,6,01,B01
200700004790,0,07,000,00,2,2,01,A01
200700004790,0,07,000,00,0,3,01,B01
200700004791,0,07,000,00,2,1,01,A01
200700004791,0,07,000,00,2,4,23,B01
200700004791,0,07,000,00,2,0,01,C01
200700004792,0,07,000,00,2,7,19,A01
200700004792,0,07,000,00,2,1,01,B01
200700004793,0,07,000,02,0,1,01,A01
200700004794,0,07,000,13,0,0,01,A01
200700004795,0,02,000,00,2,1,01,A01
200700004795,0,07,000,00,2,4,23,B01
200700004796,0,07,000,00,2,1,01,A01
200700004796,0,01,000,00,2,1,19,B01
200700004797,0,07,000,13,0,9,01,A01
200700004798,0,07,000,15,1,1,01,A01
200700004799,0,07,000,00,2,8,15,A01
200700004799,0,02,000,00,2,1,01,B01
200700004800,0,07,000,00,0,6,04,A01
200700004800,0,05,000,00,2,1,01,B01
200700004801,0,07,000,00,2,7,17,A01
200700004801,0,01,000,00,0,8,01,B01
200700004802,0,07,000,08,0,8,01,A01
200700004803,0,07,000,00,2,1,02,A01
200700004803,0,07,000,00,2,4,02,B01
200700004803,0,07,000,00,2,4,02,C01
200700004804,0,07,000,00,1,1,15,A01
200700004805,0,30,000,00,2,8,01,B01
200700004805,0,07,000,00,2,3,15,A01
200700004806,0,07,000,13,0,1,01,A01
200700004807,0,10,000,00,2,2,19,A01
200700004807,0,07,000,00,2,8,23,C01
200700004807,0,30,000,00,2,1,01,B01
200700004808,0,02,000,00,2,1,01,B01
200700004808,0,07,000,00,2,1,15,A01
200700004809,0,30,000,00,2,1,01,A01
200700004809,0,10,000,00,2,5,16,B01
200700004810,0,01,000,00,1,1,00,A01
200700004811,0,07,000,13,0,1,01,A01
200700004812,0,02,000,00,2,1,19,A01
200700004812,0,07,000,00,2,3,01,B01
200700004813,0,07,000,00,2,1,05,A01
200700004813,0,07,000,00,2,7,11,B01
200700004814,0,33,000,00,1,2,01,A01
200700004815,0,07,000,00,1,7,01,A01
200700004816,0,07,000,00,1,1,01,A01
200700004817,0,31,000,00,2,7,01,B01
200700004817,0,07,000,00,2,1,09,A01
200700004818,0,33,000,00,2,2,17,A01
200700004818,0,07,000,00,2,1,15,B01
200700004819,0,07,000,00,2,3,01,A01
200700004819,0,01,000,00,2,1,01,B01
200700004820,0,07,000,00,1,1,01,A01
200700004821,0,07,000,00,2,1,13,A01
200700004821,0,07,000,00,2,1,23,B01
200700004822,1,07,000,00,1,1,02,A01
200700004823,0,07,000,00,2,1,13,A01
200700004823,0,34,000,00,2,1,01,B01
200700004824,0,07,000,00,2,0,05,B01
200700004824,0,02,000,00,2,0,05,A01
200700004825,0,32,000,00,2,0,21,B01
200700004825,0,07,000,00,2,0,00,A01
200700004826,0,07,000,00,0,6,02,A01
200700004826,0,02,000,00,2,1,02,B01
200700004827,0,07,000,00,1,1,01,A01
200700004828,0,32,000,00,2,7,17,A01
200700004828,0,07,000,00,2,6,15,B01
200700004829,0,07,000,00,2,2,01,A01
200700004829,0,07,000,00,2,9,09,B01
200700004830,0,07,000,00,2,6,01,A01
200700004830,0,33,000,00,2,8,01,B01
200700004831,0,07,000,00,1,0,01,A01
200700004832,0,07,000,00,2,7,15,B01
200700004832,0,33,000,00,2,1,01,A01
200700004833,0,10,000,00,2,4,01,B01
200700004833,0,10,000,00,2,1,01,A01
200700004833,0,07,000,00,0,5,23,C01
200700004834,0,02,000,00,2,0,00,B01
200700004834,0,07,000,00,2,0,00,A01
200700004835,0,07,000,00,2,1,02,A01
200700004835,0,07,000,00,2,4,23,B01
200700004836,0,07,000,00,0,5,01,B01
200700004836,0,33,000,00,2,1,01,A01
200700004837,0,33,000,00,2,1,01,B01
200700004837,0,07,000,00,2,1,05,A01
200700004838,0,07,000,00,2,2,15,A01
200700004838,0,33,000,00,2,0,01,B01
200700004839,2,07,000,12,0,3,01,A01
200700004840,0,07,000,04,0,3,01,A01
200700004841,0,10,000,00,1,1,15,A01
200700004842,0,07,000,00,2,1,13,A01
200700004842,0,07,000,00,2,3,01,B01
200700004843,0,02,000,00,2,1,17,A01
200700004843,0,07,000,00,2,1,15,B01
200700004844,0,07,000,00,1,3,01,A01
200700004845,0,07,000,00,1,3,00,A01
200700004846,0,07,000,00,1,2,15,A01
200700004847,0,07,000,05,2,3,01,A01
200700004847,0,07,000,00,2,2,09,B01
200700004848,0,10,000,00,9,2,22,A01
200700004848,0,32,000,00,2,8,15,B01
200700004849,0,33,000,14,2,8,02,B01
200700004849,0,07,000,00,2,1,02,A01
200700004850,0,30,000,00,2,6,02,A01
200700004850,0,07,000,00,2,8,15,B01
200700004851,0,07,000,00,1,1,01,A01
200700004851,0,38,001,00,1,8,23,B01
200700004852,1,07,000,00,2,0,15,A01
200700004852,0,30,000,00,2,8,01,B01
200700004853,0,37,015,00,1,2,01,A01
200700004854,0,07,000,00,2,2,19,A01
200700004854,0,30,000,00,2,7,01,B01
200700004855,0,07,000,00,1,3,01,A01
200700004856,0,07,000,00,9,5,15,A01
200700004856,0,30,000,00,2,1,01,B01
200700004857,1,99,000,00,9,8,11,A01
200700004857,0,30,000,00,2,5,01,B01
200700004858,0,30,000,00,2,1,01,A01
200700004858,0,07,000,00,2,3,15,B01
200700004859,1,02,000,00,2,1,00,A01
200700004859,0,02,000,00,0,0,13,B01
200700004860,0,07,000,00,1,4,04,A01
200700004861,0,07,000,00,2,1,15,A01
200700004861,0,02,000,00,2,1,01,B01
200700004862,0,07,000,00,2,4,02,B01
200700004862,1,07,000,00,1,1,01,A01
200700004863,0,02,000,00,2,1,01,B01
200700004863,0,07,000,00,2,8,15,A01
200700004864,0,07,000,00,2,3,15,A01
200700004864,0,30,000,00,2,1,01,B01
200700004865,0,33,000,14,0,3,11,A01