Num_Acc,senc,catv,occutc,obs,obsm,choc,manv,num_veh
200700004866,0,07,000,00,2,2,01,A01
200700004866,0,07,000,07,0,2,15,B01
200700004867,1,07,000,00,1,0,00,A01
200700004868,0,07,000,00,2,5,01,A01
200700004868,0,33,000,00,2,1,01,B01
200700004869,0,07,000,00,1,2,01,A01
200700004870,0,07,000,00,2,3,13,A01
200700004870,0,07,000,00,2,3,01,B01
200700004871,0,07,000,00,2,3,09,B01
200700004871,0,30,000,00,2,1,01,A01
200700004872,0,33,000,00,2,1,01,B01
200700004872,0,07,000,00,2,8,01,A01
200700004873,0,07,000,00,2,2,15,A01
200700004873,0,31,000,00,2,1,01,B01
200700004874,0,30,000,06,0,1,01,A01
200700004875,0,02,000,00,2,2,17,A01
200700004875,0,07,000,00,2,8,15,B01
200700004876,0,07,000,08,2,1,19,A01
200700004876,0,07,000,08,2,3,01,B01
200700004877,0,07,000,00,2,3,15,A01
200700004877,0,33,000,01,2,1,17,B01
200700004878,0,07,000,00,2,1,01,A01
200700004878,0,01,000,00,2,4,11,B01
200700004879,0,07,000,00,2,8,10,A01
200700004879,0,07,000,00,2,7,01,B01
200700004880,0,07,000,00,2,2,01,A01
200700004880,0,01,000,00,0,8,01,B01
200700004881,0,07,000,00,2,1,02,A01
200700004881,0,07,000,00,2,1,02,B01
200700004882,2,07,000,15,0,1,00,A01
200700004883,0,07,000,00,2,3,15,A01
200700004883,0,07,000,00,2,2,01,B01
200700004884,1,07,000,00,2,2,17,A01
200700004884,0,30,000,00,2,3,01,B01
200700004885,0,10,000,00,0,0,01,A01
200700004885,0,33,000,00,9,1,01,B01
200700004886,0,07,000,00,2,3,15,B01
200700004886,0,30,000,00,2,1,18,A01
200700004887,0,34,000,12,0,1,14,A01
200700004888,0,07,000,00,2,3,13,A01
200700004888,0,30,000,00,2,8,13,B01
200700004889,0,07,000,00,2,3,01,A01
200700004889,0,07,000,00,2,3,01,B01
200700004889,0,07,000,00,2,1,01,C01
200700004890,0,07,000,00,2,7,15,A01
200700004890,0,02,000,00,2,1,01,B01
200700004891,1,07,000,00,2,5,17,A01
200700004891,0,33,000,00,2,3,01,B01
200700004892,0,07,000,00,2,1,02,A01
200700004892,0,07,000,00,2,4,15,B01
200700004893,0,32,000,00,2,1,02,A01
200700004893,0,07,000,00,2,6,01,B01
200700004894,0,02,000,00,2,1,02,A01
200700004894,0,07,000,00,2,8,01,B01
200700004895,0,02,000,00,2,4,01,A01
200700004895,1,07,000,00,2,1,02,B01
200700004896,0,07,000,00,2,1,13,A01
200700004896,0,07,000,00,2,1,01,B01
200700004897,0,33,000,00,0,0,21,B01
200700004897,0,07,000,00,0,0,15,A01
200700004898,0,31,000,00,2,3,01,B01
200700004898,0,07,000,00,2,2,01,A01
200700004899,0,02,000,00,2,2,15,A01
200700004899,0,07,000,00,2,1,01,B01
200700004900,0,07,000,00,2,6,10,A01
200700004900,0,33,000,00,2,3,01,B01
200700004901,0,07,000,00,2,1,01,A01
200700004901,0,07,000,00,0,4,02,B01
200700004902,0,07,000,00,2,1,01,A01
200700004902,0,07,000,00,0,4,01,B01
200700004903,0,07,000,00,2,3,13,A01
200700004904,0,07,000,00,1,3,01,A01
200700004905,0,07,000,00,1,2,01,A01
200700004906,0,07,000,00,0,2,15,A01
200700004906,0,07,000,00,2,1,01,B01
200700004907,1,07,000,00,1,1,02,A01
200700004908,0,02,000,00,0,7,02,A01
200700004909,0,30,000,00,1,1,02,A01
200700004910,0,07,000,13,0,2,02,A01
200700004911,0,07,000,00,2,5,15,A01
200700004911,0,30,000,00,2,1,02,B01
200700004912,0,02,000,00,2,1,02,B01
200700004912,0,07,000,00,2,3,09,A01
200700004913,0,07,000,13,0,8,13,A01
200700004914,0,07,000,15,0,3,13,A01
200700004915,0,33,000,00,2,2,01,B01
200700004915,1,10,000,00,2,7,15,A01
200700004916,0,07,000,00,1,1,01,A01
200700004917,0,07,000,01,0,1,13,A01
200700004918,0,07,000,00,2,1,13,A01
200700004918,0,07,000,00,2,1,01,B01
200700004919,0,07,000,01,0,3,13,A01
200700004920,0,30,000,00,0,3,01,A01
200700004921,0,07,000,00,2,3,13,A01
200700004921,0,17,000,13,2,3,01,B01
200700004921,0,07,000,13,2,6,01,C01
200700004921,0,07,000,00,2,1,01,D01
200700004922,0,07,000,00,2,8,15,A01
200700004922,0,07,000,00,2,3,01,B01
200700004923,0,07,000,00,2,3,17,A01
200700004923,0,07,000,00,2,8,01,B01
200700004923,0,10,000,00,2,1,01,C01
200700004924,0,02,000,00,2,1,02,A01
200700004924,0,10,000,00,2,5,02,B01
200700004925,1,07,000,00,1,1,01,A01
200700004926,0,07,000,00,2,1,01,A01
200700004926,0,07,000,00,2,4,15,B01
200700004927,0,07,000,14,2,1,13,A01
200700004927,0,07,000,01,2,8,20,B01
200700004928,0,02,000,00,2,1,01,A01
200700004928,0,02,000,00,2,1,15,B01
200700004929,0,07,000,00,2,1,01,A01
200700004929,0,07,000,00,2,4,01,B01
200700004930,0,07,000,00,2,5,15,A01
200700004930,0,02,000,00,2,1,01,B01
200700004931,0,07,000,00,2,2,19,A01
200700004931,0,07,000,00,2,7,01,B01
200700004932,0,07,000,00,2,3,15,A01
200700004932,0,02,000,01,2,1,01,B01
200700004933,0,07,000,00,2,3,01,A01
200700004933,0,07,000,00,2,3,01,B01
200700004934,0,07,000,00,9,1,01,A01
200700004935,0,02,000,00,2,3,05,A01
200700004935,0,07,000,00,2,3,01,B01
200700004936,0,07,000,00,2,6,16,B01
200700004936,0,30,000,00,2,1,09,A01
200700004937,0,07,000,00,2,1,02,A01
200700004937,0,07,000,00,2,1,02,B01
200700004938,0,02,000,12,0,1,01,A01
200700004939,0,07,000,00,2,1,01,A01
200700004939,0,07,000,00,2,1,01,B01
200700004940,0,07,000,02,0,1,01,A01
200700004941,0,07,000,00,2,1,00,A01
200700004941,0,07,000,00,2,6,01,B01
200700004942,0,07,000,08,0,9,01,A01
200700004943,0,07,000,13,0,1,01,A01
200700004944,0,07,000,00,2,3,01,A01
200700004944,0,07,000,00,2,2,01,B01
200700004945,0,02,000,00,2,1,17,A01
200700004945,0,07,000,00,2,3,15,B01
200700004946,0,07,000,00,2,7,12,A01
200700004946,0,07,000,00,2,1,01,B01
200700004947,0,30,000,00,2,1,00,A01
200700004947,0,07,000,00,2,4,01,B01
200700004948,0,07,000,00,2,1,01,A01
200700004948,0,07,000,00,2,1,02,B01
200700004949,0,07,000,00,2,3,15,A01
200700004949,0,07,000,00,2,1,01,B01
200700004950,0,07,000,00,2,1,02,A01
200700004950,0,07,000,00,2,4,02,B01
200700004951,0,07,000,00,2,1,02,A01
200700004951,0,07,000,00,2,1,02,B01
200700004951,0,07,000,00,2,1,02,C01
200700004952,0,33,000,00,2,7,01,A01
200700004952,0,07,000,00,2,8,01,B01
200700004953,0,07,000,00,2,1,02,A01
200700004953,0,07,000,00,2,4,02,B01
200700004954,0,32,000,16,0,0,01,A01
200700004955,0,07,000,00,2,3,01,A01
200700004955,0,07,000,00,2,7,01,B01
200700004956,0,30,000,00,2,1,01,A01
200700004956,0,07,000,00,2,3,16,B01
200700004957,0,07,000,00,1,1,15,A01
200700004958,0,01,000,00,1,1,01,A01
200700004959,0,07,000,08,0,1,01,A01
200700004960,0,07,000,06,0,1,01,A01
200700004961,0,07,000,00,2,5,12,A01
200700004961,0,07,000,00,2,3,01,B01
200700004962,0,07,000,00,2,1,15,A01
200700004962,0,07,000,00,2,8,01,B01
200700004963,0,07,000,00,0,2,01,A01
200700004964,0,07,000,01,0,2,01,A01
200700004965,0,07,000,04,0,3,01,A01
200700004966,0,07,000,08,0,1,01,A01
200700004967,0,07,000,00,1,1,01,A01
200700004968,0,17,000,00,2,7,12,A01
200700004968,0,07,000,00,2,8,01,B01
200700004969,0,07,000,00,2,1,15,A01
200700004969,0,07,000,00,2,2,01,B01
200700004970,0,32,000,00,2,7,02,A01
200700004970,0,07,000,00,2,3,11,B01
200700004971,0,30,000,00,5,2,01,A01
200700004972,0,07,000,00,2,3,15,A01
200700004972,0,07,000,00,2,0,01,B01
200700004973,0,07,000,00,2,1,02,A01
200700004973,0,07,000,00,0,4,23,B01
200700004974,0,07,000,00,2,1,16,A01
200700004974,0,07,000,00,2,1,15,B01
200700004975,0,17,000,00,2,1,01,A01
200700004975,0,07,000,00,2,3,01,B01
200700004976,0,07,000,00,2,1,15,A01
200700004976,0,07,000,00,2,3,01,B01
200700004977,0,07,000,00,1,3,00,A01
200700004978,0,31,000,00,0,0,01,A01
200700004979,0,07,000,00,2,1,02,A01
200700004979,0,07,000,00,2,2,02,B01
200700004980,0,10,000,00,1,3,02,A01
200700004981,0,30,000,00,0,7,02,A01
200700004982,0,30,000,14,0,1,02,A01
200700004983,0,07,000,01,0,1,01,A01
200700004984,0,07,000,00,1,2,01,A01
200700004985,0,07,000,00,2,1,01,A01
200700004985,0,07,000,00,2,4,01,B01
200700004985,0,07,000,00,2,4,01,C01
200700004986,0,07,000,00,2,2,15,A01
200700004986,0,07,000,00,2,3,01,B01
200700004987,0,02,000,00,2,1,01,B01
200700004987,0,07,000,00,2,2,19,A01
200700004988,0,01,000,00,2,1,19,A01
200700004988,0,07,000,00,2,8,01,B01
200700004989,0,07,000,00,2,2,19,A01
200700004989,0,02,000,00,2,1,01,B01
200700004990,0,07,000,00,1,2,01,A01
200700004991,0,10,000,00,1,1,01,A01
200700004992,0,07,000,00,2,1,13,A01
200700004992,0,07,000,00,2,1,01,B01
200700004993,0,07,000,00,1,3,01,A01
200700004994,0,07,000,00,1,1,01,A01
200700004995,0,07,000,00,1,2,01,A01
200700004996,0,33,000,00,2,3,01,C01
200700004996,0,33,000,00,2,1,01,B01
200700004996,0,07,000,00,2,3,15,A01
200700004997,0,07,000,00,1,1,01,A01
200700004998,0,07,000,00,2,2,15,A01
200700004998,0,02,000,00,2,1,01,B01
200700004998,0,07,000,00,2,7,15,C01
200700004999,0,07,000,00,2,1,15,A01
200700004999,0,02,000,00,2,1,01,B01
200700005000,0,07,000,00,2,2,06,A01
200700005000,0,07,000,00,2,2,01,B01
200700005001,0,07,000,00,2,1,13,A01
200700005001,0,07,000,00,2,1,01,B01
200700005002,0,10,000,00,0,6,23,B01
200700005002,0,30,000,00,2,1,01,A01
200700005003,0,07,000,00,2,2,01,A01
200700005003,0,01,000,00,0,6,00,B01
200700005004,0,31,000,00,2,1,01,B01
200700005004,0,07,000,00,2,7,15,A01
200700005005,0,07,000,00,2,8,09,A01
200700005005,0,30,000,00,2,1,01,B01
200700005006,0,07,000,00,1,2,01,A01
200700005007,0,30,000,00,1,1,17,A01
200700005008,0,07,000,00,2,1,05,A01
200700005008,0,07,000,00,2,1,01,B01
200700005009,0,30,000,00,2,1,02,A01
200700005009,0,07,000,00,0,0,02,B01
200700005010,0,07,000,00,1,2,09,A01
200700005011,0,07,000,00,1,2,01,A01
200700005012,0,07,000,08,2,8,01,B01
200700005012,0,07,000,00,2,2,15,A01
200700005013,0,07,000,00,2,3,15,A01
200700005013,0,31,000,00,2,1,01,B01
200700005014,0,07,000,00,1,1,01,A01
200700005015,0,07,000,00,1,1,00,A01
200700005016,0,07,000,00,2,1,00,A01
200700005016,0,07,000,00,2,3,00,B01
200700005017,0,07,000,00,1,1,16,A01
200700005018,0,07,000,00,2,3,13,A01
200700005018,0,07,000,00,2,3,01,B01
200700005019,0,07,000,00,2,8,13,A01
200700005019,0,07,000,00,2,1,02,B01
200700005020,0,07,000,00,2,4,15,A01
200700005021,0,07,000,00,1,1,00,A01
200700005022,0,07,000,00,1,1,01,A01
200700005023,0,07,000,00,1,1,00,A01
200700005024,0,07,000,15,0,0,01,A01
200700005025,0,07,000,01,0,1,02,C01
200700005025,0,07,000,00,0,4,23,B01
200700005025,0,07,000,00,0,4,23,A01
200700005026,0,07,000,01,0,9,02,B01
200700005026,0,07,000,00,2,1,02,A01
200700005027,0,33,000,00,0,1,01,B01
200700005027,0,07,000,00,2,1,15,A01
200700005028,0,07,000,00,1,1,01,A01
200700005029,0,07,000,00,0,4,23,B01
200700005029,0,07,000,01,2,1,01,A01
200700005030,0,07,000,02,0,1,00,A01
200700005031,0,07,000,00,2,1,00,A01
200700005031,0,33,000,00,2,4,00,B01
200700005032,0,07,000,00,2,1,00,A01
200700005032,0,30,000,00,2,1,00,B01
200700005033,0,02,000,00,2,1,02,A01
200700005033,0,07,000,00,2,4,02,B01
200700005034,0,30,000,08,0,0,01,A01
200700005035,0,13,000,00,0,1,01,A01
200700005036,0,33,000,00,0,8,01,A01
200700005037,0,02,000,00,1,1,02,A01
200700005038,0,33,000,00,2,2,02,B01
200700005038,0,07,000,00,2,1,09,A01
200700005039,0,07,000,00,0,0,11,A01
200700005040,0,10,000,00,2,1,15,A01
200700005040,0,07,000,00,2,1,02,B01
200700005040,0,07,000,00,2,8,23,C01
200700005041,0,37,000,00,1,2,01,A01
200700005042,0,07,000,00,2,1,02,A01
200700005042,0,07,000,00,2,4,02,B01
200700005042,0,07,000,00,0,4,02,C01
200700005043,0,07,000,00,2,2,15,A01
200700005043,0,07,000,00,2,3,01,B01
200700005044,0,07,000,00,2,7,15,A01
200700005044,0,07,000,00,2,1,01,B01
200700005044,0,07,000,00,0,1,23,C01
200700005045,0,07,000,00,2,6,15,A01
200700005045,0,33,000,00,2,1,01,B01
200700005046,0,07,000,02,0,2,06,A01
200700005047,0,07,000,00,2,3,13,A01
200700005047,0,07,000,00,2,2,02,B01
200700005048,0,07,000,00,2,1,01,A01
200700005048,0,07,000,00,2,7,01,B01
200700005049,0,07,000,00,1,2,01,A01
200700005050,0,07,000,00,2,1,02,A01
200700005050,0,07,000,03,2,4,02,B01
200700005051,0,07,000,00,1,2,01,A01
200700005052,0,07,000,00,2,2,16,A01
200700005052,0,01,000,00,2,5,19,B01
200700005053,0,07,000,00,2,0,00,B01
200700005053,0,07,000,00,2,0,00,A01
200700005054,0,07,000,00,1,6,04,A01
200700005055,0,07,000,00,2,3,15,A01
200700005055,0,33,000,00,0,3,01,B01
200700005056,0,13,000,00,2,1,02,A01
200700005056,0,07,000,00,0,4,02,B01
200700005056,0,33,000,00,0,4,02,C01
200700005057,0,07,000,00,0,2,19,A01
200700005057,0,30,000,00,2,1,01,B01
200700005058,0,07,000,00,0,6,01,A01
200700005059,0,07,000,00,6,2,01,A01
200700005060,0,07,000,00,2,2,15,A01
200700005060,0,02,000,00,0,3,01,B01
200700005061,0,07,000,01,0,1,01,A01
200700005062,0,30,000,00,0,1,00,A01
200700005063,0,07,000,04,0,1,01,A01
200700005064,0,07,000,00,2,1,15,A01
200700005064,0,07,000,00,2,1,01,B01
200700005065,0,07,000,01,0,1,01,A01
200700005066,0,07,000,04,1,1,01,A01
200700005067,0,07,000,00,1,4,04,A01
200700005068,0,07,000,00,1,1,01,A01
200700005069,0,31,000,00,2,1,17,A01
200700005069,0,07,000,00,2,1,23,B01
200700005070,0,07,000,00,2,4,02,A01
200700005070,0,07,000,00,2,1,02,B01
200700005070,0,07,000,00,2,1,02,C01
200700005071,0,07,000,00,2,5,01,A01
200700005071,0,31,000,00,2,1,21,B01
200700005071,0,31,000,00,2,1,23,C01
200700005072,0,07,000,02,0,7,13,A01
200700005073,0,30,000,00,2,1,02,A01
200700005073,0,07,000,00,2,4,23,B01
200700005074,0,30,000,00,2,7,01,A01
200700005074,0,07,000,00,2,1,09,B01
200700005075,0,07,000,00,2,1,02,A01
200700005075,0,31,000,00,2,4,23,B01
200700005076,0,07,000,00,2,2,00,A01
200700005076,0,32,000,00,2,1,00,B01
200700005077,0,02,000,00,2,1,01,A01
200700005077,0,07,000,00,0,6,00,B01
200700005078,0,07,000,00,0,0,15,A01
200700005078,0,07,000,06,0,1,01,B01
200700005079,0,10,000,01,2,3,13,A01
200700005079,0,01,000,00,2,4,01,B01
200700005080,0,07,000,00,2,2,15,A01
200700005080,0,07,000,00,2,1,02,B01
200700005081,0,07,000,00,2,1,02,A01
200700005081,0,07,000,00,2,5,23,B01
200700005081,0,07,000,00,0,6,23,C01
200700005082,0,33,000,00,2,4,02,B01
200700005082,0,07,000,00,2,2,02,A01
200700005083,0,07,000,00,1,1,01,A01
200700005084,0,07,000,00,2,1,02,A01
200700005084,0,07,000,00,2,6,15,B01
200700005085,0,07,000,00,2,0,00,A01
200700005085,0,32,000,00,2,0,01,B01
200700005086,0,30,000,00,2,3,03,A01
200700005086,0,07,000,00,2,7,01,B01
200700005086,0,07,000,00,0,0,01,C01
200700005087,0,07,000,00,2,1,01,C01
200700005087,0,15,000,00,2,7,12,B01
200700005087,0,07,000,00,2,1,01,A01
200700005088,0,07,000,00,2,2,15,A01
200700005088,0,34,000,00,2,8,15,B01
200700005089,0,07,000,00,2,4,02,B01
200700005089,0,07,000,00,2,1,02,A01
200700005090,0,07,000,00,1,2,01,A01
200700005091,0,07,000,00,2,3,02,B01
200700005091,0,33,000,00,2,1,02,A01
200700005092,0,33,000,00,2,1,01,A01
200700005092,0,07,000,00,2,8,15,B01
200700005093,0,10,000,00,1,4,04,A01
200700005094,0,13,000,00,2,8,11,A01
200700005094,0,31,000,00,2,8,00,B01
200700005095,1,99,000,00,1,1,00,A01
200700005096,0,07,000,00,2,2,09,A01
200700005096,0,30,000,00,2,1,00,B01
200700005096,0,07,000,00,2,4,23,C01
200700005097,0,02,000,01,0,1,01,A01
200700005098,0,07,000,00,2,5,00,A01
200700005098,0,30,000,00,2,6,00,B01
200700005099,0,07,000,00,1,1,21,A01
200700005100,0,02,000,00,2,2,10,A01
200700005100,0,33,000,00,2,2,01,B01
200700005101,0,07,000,00,1,2,16,A01
200700005102,0,07,000,00,2,5,15,A01
200700005102,0,31,000,00,2,1,01,B01
200700005103,0,07,000,00,1,3,01,A01
200700005104,0,07,000,00,1,1,17,A01
200700005105,0,07,000,00,2,8,11,A01
200700005105,0,05,000,00,2,7,01,B01
200700005106,0,07,000,00,2,2,01,A01
200700005106,0,33,000,00,2,7,15,B01
200700005107,0,07,000,00,2,4,01,B01
200700005107,0,07,000,00,2,1,01,A01
200700005107,0,07,000,00,2,4,01,C01
200700005108,0,32,000,00,1,1,01,A01
200700005109,1,30,000,00,1,1,01,A01
200700005110,0,07,000,00,1,8,01,A01
200700005111,0,07,000,00,2,1,13,A01
200700005111,0,37,000,00,2,1,01,B01
200700005112,0,07,000,00,2,2,16,A01
200700005112,0,33,000,00,2,1,01,B01
200700005113,0,07,000,00,2,1,00,A01
200700005113,0,32,000,00,2,2,00,B01
200700005114,0,07,000,00,1,2,00,A01
200700005115,0,07,000,00,2,1,00,A01
200700005115,0,33,000,00,2,7,00,B01
200700005116,0,30,000,00,2,1,02,A01
200700005116,0,07,000,00,2,6,01,B01
200700005117,0,07,000,00,2,1,00,A01
200700005118,0,07,000,00,1,2,01,A01
200700005119,0,07,000,00,1,1,01,A01
200700005120,0,07,000,00,2,1,02,A01
200700005120,0,07,000,00,2,4,02,B01
200700005121,0,31,000,00,1,7,01,A01
200700005122,0,33,000,00,2,1,00,A01
200700005122,0,07,000,00,2,4,00,B01
200700005123,0,07,000,00,1,1,00,A01
200700005124,0,07,000,00,2,1,01,A01
200700005124,0,07,000,00,0,8,01,B01
200700005125,1,07,000,00,2,0,01,A01
200700005125,0,07,000,00,2,8,16,B01
200700005125,0,37,029,00,2,2,15,C01
200700005126,0,07,000,00,2,2,15,A01
200700005126,0,07,000,00,2,1,02,B01
200700005127,0,07,000,00,2,1,00,B01
200700005127,0,33,000,00,2,1,02,A01
200700005128,0,07,000,00,1,1,01,A01
200700005129,0,14,000,00,2,3,09,A01
200700005129,0,32,000,00,2,7,01,B01
200700005130,0,10,000,00,2,3,15,A01
200700005130,0,32,000,00,2,1,01,B01
200700005131,0,07,000,00,2,3,15,A01
200700005131,0,02,000,00,2,7,15,B01
200700005132,0,07,000,00,1,6,01,A01
200700005133,0,07,000,00,1,2,01,A01
200700005134,0,07,000,00,2,6,11,A01
200700005134,0,31,000,00,2,1,02,B01
200700005135,1,07,000,00,1,0,00,A01
200700005136,0,07,000,00,1,2,02,A01
200700005137,0,07,000,00,2,1,02,A01
200700005137,0,07,000,00,2,4,23,B01
200700005138,0,07,000,00,1,1,02,A01
200700005139,0,10,000,00,1,3,02,A01
200700005140,1,30,000,00,0,0,00,A01
200700005141,0,31,000,00,1,2,21,A01
200700005142,0,07,000,00,2,1,15,A01
200700005142,0,07,000,00,2,6,02,B01
200700005143,0,07,000,00,9,5,16,A01
200700005143,0,37,050,00,2,1,02,B01
200700005144,0,10,000,00,9,2,09,A01
200700005144,0,33,000,00,2,2,02,B01
200700005145,0,07,000,00,1,4,04,A01
200700005146,0,33,000,00,2,6,01,B01
200700005146,1,07,000,00,2,5,12,A01
200700005147,0,07,000,00,1,3,01,A01
200700005148,0,31,000,00,2,1,01,A01
200700005148,0,07,000,00,2,5,15,B01
200700005149,0,07,000,00,2,4,16,A01
200700005149,0,33,000,00,2,3,01,B01
200700005150,0,07,000,01,0,1,01,A01
200700005151,0,31,000,00,2,9,01,A01
200700005151,0,07,000,00,2,8,01,B01
200700005152,0,07,000,00,2,8,15,A01
200700005152,0,31,000,00,2,7,17,B01
200700005153,0,07,000,00,2,2,15,A01
200700005153,0,02,000,00,2,1,01,B01
200700005154,0,37,001,00,1,1,01,A01
200700005155,0,33,000,00,2,2,01,A01
200700005155,0,07,000,00,1,3,09,B01
200700005156,0,07,000,00,2,3,10,A01
200700005156,0,05,000,00,2,2,17,B01
200700005157,0,07,000,00,2,6,09,A01
200700005157,0,30,000,00,2,1,17,B01
200700005158,0,07,000,00,2,1,15,A01
200700005158,0,33,000,00,2,3,08,B01
200700005159,0,07,000,00,2,6,15,A01
200700005159,0,32,000,00,2,7,17,B01
200700005160,0,07,000,00,2,2,01,A01
200700005160,0,31,000,00,2,1,01,B01
200700005161,0,07,000,00,1,2,01,A01
200700005162,0,10,000,00,2,3,09,A01
200700005162,0,30,000,00,2,1,01,B01
200700005163,0,07,000,00,1,3,15,A01
200700005164,0,14,000,00,2,8,01,A01
200700005164,0,07,000,00,2,7,01,B01
200700005165,0,10,000,00,0,0,02,A01
200700005165,0,30,000,00,0,0,02,B01
200700005166,0,07,000,00,2,7,16,A01
200700005166,0,30,000,00,2,8,01,B01
200700005167,0,07,000,00,1,2,15,A01
200700005168,0,33,000,00,2,1,01,A01
200700005168,0,07,000,00,2,2,15,B01
200700005169,0,32,000,00,0,0,21,A01
200700005170,0,07,000,00,1,1,01,A01
200700005171,0,07,000,00,1,2,01,A01
200700005172,0,31,000,00,2,1,01,A01
200700005172,0,07,000,00,2,3,09,B01
200700005173,0,02,000,00,2,1,01,A01
200700005173,0,07,000,00,2,3,01,B01
200700005174,0,07,000,00,2,1,01,A01
200700005174,0,01,000,00,2,4,11,B01
200700005175,0,32,000,00,2,7,01,B01
200700005175,0,07,000,00,2,8,09,A01
200700005176,0,32,000,00,1,1,01,A01
200700005177,0,07,000,00,1,1,01,A01
200700005178,0,07,000,00,2,2,10,A01
200700005178,0,33,000,00,2,3,01,B01
200700005179,0,31,000,00,2,7,01,A01
200700005179,0,07,000,00,2,1,01,B01
200700005180,0,07,000,00,2,3,04,A01
200700005180,0,30,000,00,2,1,02,B01
200700005181,0,07,000,00,2,1,02,A01
200700005181,0,14,000,00,2,4,23,B01
200700005182,0,07,000,00,2,3,15,A01
200700005182,0,33,000,00,2,1,01,B01
200700005183,0,02,000,00,2,0,17,A01
200700005183,0,07,000,00,2,2,09,B01
200700005184,0,07,000,00,2,2,15,A01
200700005184,0,33,000,00,2,1,01,B01
200700005185,0,01,000,00,0,1,00,A01
200700005186,0,01,000,00,2,1,01,A01
200700005186,0,07,000,00,2,3,15,B01
200700005187,0,07,000,00,1,1,00,A01
200700005188,0,07,000,00,0,7,01,A01
200700005188,0,37,001,00,0,3,23,B01
200700005189,0,07,000,00,0,1,01,A01
200700005189,0,07,000,00,0,4,01,B01
200700005190,0,07,000,00,0,8,01,B01
200700005190,0,33,000,00,0,1,01,A01
200700005191,0,33,000,00,0,1,01,A01
200700005191,0,07,000,00,0,3,15,B01
200700005192,0,30,000,00,0,1,01,B01
200700005192,0,20,000,00,0,1,01,A01
200700005193,0,30,000,00,0,1,01,A01
200700005193,0,10,000,00,0,4,01,B01
200700005194,1,31,000,00,0,0,00,A01
200700005195,0,07,000,00,0,0,04,A01
200700005195,0,31,000,00,2,0,01,B01
200700005196,0,07,000,00,0,2,15,A01
200700005196,0,33,000,00,2,1,01,B01
200700005197,0,33,000,00,1,1,01,A01
200700005198,0,07,000,00,0,1,01,B01
200700005198,0,07,000,00,0,7,15,A01
200700005199,0,07,000,00,2,2,10,A01
200700005199,0,30,000,00,2,2,01,B01
200700005200,0,02,000,14,0,3,17,A01
200700005200,0,07,000,00,2,5,02,B01
200700005200,0,37,002,00,2,3,07,C01
200700005201,0,07,000,01,2,3,13,A01
200700005201,0,07,000,00,2,3,21,B01
200700005202,0,30,000,00,2,0,02,A01
200700005202,0,07,000,00,0,0,02,B01
200700005203,0,07,000,00,2,1,15,A01
200700005203,0,02,000,00,2,4,01,B01
200700005204,0,07,000,00,2,4,01,A01
200700005205,0,32,000,00,9,8,01,A01
200700005205,0,07,000,00,0,0,16,B01
200700005206,0,07,000,00,2,3,01,A01
200700005206,0,07,000,00,2,2,01,B01
200700005207,0,07,000,00,0,8,10,A01
200700005207,0,07,000,00,2,8,17,B01
200700005208,0,34,000,00,2,1,01,A01
200700005208,0,30,000,00,0,6,15,B01
200700005209,0,07,000,00,1,3,01,A01
200700005210,0,33,000,00,2,9,15,A01
200700005210,0,32,000,00,2,1,01,B01
200700005211,0,30,000,00,9,1,00,A01
200700005211,0,01,000,00,2,1,19,B01
200700005212,0,30,000,00,2,9,05,A01
200700005212,0,07,000,00,2,1,00,B01
200700005213,0,07,000,00,1,1,01,A01
200700005214,0,99,000,00,2,2,01,A01
200700005214,0,07,000,00,2,3,01,B01
200700005215,0,33,000,00,1,1,01,A01
200700005216,0,07,000,00,2,1,15,A01
200700005216,0,30,000,00,2,1,01,B01
200700005217,0,31,000,00,2,1,01,B01
200700005217,0,07,000,00,2,1,00,A01
200700005218,0,07,000,00,2,1,10,A01
200700005218,0,30,000,00,2,9,01,B01
200700005219,0,07,000,00,1,1,15,A01
200700005220,0,07,000,00,2,9,09,A01
200700005220,0,10,000,00,2,1,19,B01
200700005221,0,07,000,00,1,0,00,A01
200700005222,0,07,000,00,2,1,01,A01
200700005222,0,07,000,00,2,4,23,B01
200700005222,0,07,000,00,2,4,23,C01
200700005223,0,07,000,00,2,2,15,A01
200700005223,0,30,000,00,2,1,02,B01
200700005224,0,10,000,00,1,3,01,A01
200700005225,0,07,000,00,2,1,01,B01
200700005225,0,07,000,00,2,7,01,A01
200700005226,0,07,000,00,1,1,02,A01
200700005227,0,33,000,00,2,1,02,A01
200700005227,0,07,000,00,2,4,01,B01
200700005228,0,05,000,00,2,1,01,A01
200700005228,0,07,000,00,2,5,20,B01
200700005229,0,07,000,00,2,3,01,A01
200700005229,0,33,000,00,2,1,06,B01
200700005230,0,02,000,00,2,7,02,B01
200700005230,0,07,000,00,2,2,09,A01
200700005231,0,33,000,00,2,7,17,B01
200700005231,0,07,000,00,2,6,11,A01
200700005232,0,14,000,00,2,1,01,A01
200700005232,0,07,000,00,2,4,23,B01
200700005233,0,07,000,00,1,1,01,A01
200700005234,0,33,000,00,2,7,17,A01
200700005234,0,07,000,00,2,6,11,B01
200700005235,0,07,000,00,2,1,01,A01
200700005235,0,07,000,00,2,4,23,B01
200700005236,0,31,000,16,0,0,01,A01
200700005237,0,31,000,16,0,0,01,A01
200700005238,0,02,000,05,0,1,01,A01