Num_Acc,senc,catv,occutc,obs,obsm,choc,manv,num_veh
200700005238,0,07,000,00,0,0,15,B01
200700005239,0,33,000,16,0,1,01,A01
200700005240,0,32,000,16,0,7,01,A01
200700005241,0,33,000,01,2,1,01,A01
200700005241,0,37,000,00,2,6,01,B01
200700005242,0,07,000,00,2,8,10,A01
200700005242,0,31,000,00,2,8,01,B01
200700005243,0,33,000,00,2,2,17,A01
200700005243,0,10,000,00,2,6,15,B01
200700005244,0,33,000,00,0,0,01,A01
200700005245,0,07,000,00,2,3,15,A01
200700005245,0,02,000,00,2,1,01,B01
200700005246,0,07,000,00,1,2,01,A01
200700005247,0,07,000,00,2,1,01,A01
200700005247,0,07,000,00,2,4,23,B01
200700005247,0,07,000,00,2,4,23,C01
200700005248,0,07,000,06,0,1,01,A01
200700005249,0,34,000,00,0,0,01,A01
200700005250,0,02,000,01,0,1,01,A01
200700005251,0,32,000,00,2,2,17,A01
200700005251,0,07,000,00,2,3,15,B01
200700005252,0,07,000,00,2,1,01,A01
200700005252,0,07,000,00,0,4,01,B01
200700005253,0,07,000,00,2,1,01,B01
200700005253,0,02,000,00,2,8,15,A01
200700005254,0,07,000,00,2,3,01,B01
200700005254,0,30,000,00,2,5,01,A01
200700005255,0,07,000,00,1,3,01,A01
200700005256,0,07,000,00,1,4,04,A01
200700005257,0,07,000,00,2,3,01,A01
200700005257,0,32,000,00,2,4,15,B01
200700005258,0,07,000,00,1,1,15,A01
200700005259,0,07,000,00,2,3,09,A01
200700005259,0,33,000,00,2,1,01,B01
200700005260,0,07,000,00,2,1,01,B01
200700005260,0,07,000,02,2,3,01,A01
200700005261,0,33,000,00,2,1,01,A01
200700005261,0,07,000,00,2,6,01,B01
200700005262,0,07,000,00,2,8,01,A01
200700005262,0,07,000,00,2,1,01,B01
200700005263,0,30,000,00,0,7,02,A01
200700005264,0,07,000,00,2,2,02,B01
200700005264,0,07,000,00,2,9,02,A01
200700005265,0,07,000,00,2,3,00,A01
200700005265,0,07,000,00,2,2,00,B01
200700005266,0,07,000,00,0,3,17,A01
200700005266,0,07,000,00,0,5,02,B01
200700005266,0,07,000,00,2,1,02,C01
200700005267,0,07,000,00,0,3,00,B01
200700005267,0,30,000,00,2,8,00,A01
200700005268,1,32,000,00,1,0,02,A01
200700005269,0,07,000,00,2,1,02,A01
200700005269,0,07,000,00,0,4,02,B01
200700005270,0,07,000,00,2,4,04,A01
200700005270,0,32,000,00,2,7,00,B01
200700005271,0,07,000,00,1,3,01,A01
200700005272,0,07,000,00,0,0,00,A01
200700005272,0,33,000,00,0,0,01,B01
200700005273,0,33,000,00,2,1,01,A01
200700005273,0,07,000,00,0,7,15,B01
200700005274,0,02,000,00,2,1,02,B01
200700005274,0,07,000,00,2,8,10,A01
200700005275,0,07,000,00,2,3,01,A01
200700005275,0,07,000,00,0,8,01,B01
200700005276,0,03,000,00,2,3,09,B01
200700005276,0,07,000,00,2,1,01,A01
200700005277,0,30,000,00,2,4,23,B01
200700005277,1,07,000,07,2,1,02,A01
200700005278,0,07,000,00,1,2,01,A01
200700005279,0,07,000,00,2,3,02,A01
200700005279,0,07,000,00,2,9,12,B01
200700005280,1,07,000,00,1,1,00,A01
200700005281,0,07,000,02,2,3,01,A01
200700005281,1,07,000,00,2,0,01,B01
200700005282,0,07,000,01,0,1,02,A01
200700005283,0,07,000,00,0,1,05,A01
200700005283,0,07,000,00,0,1,02,B01
200700005284,0,07,000,00,0,2,01,A01
200700005284,0,07,000,00,0,1,01,B01
200700005285,0,07,000,00,1,1,01,A01
200700005285,0,07,000,00,2,1,01,B01
200700005286,0,02,000,00,2,2,01,A01
200700005286,0,07,000,00,0,3,15,B01
200700005287,0,07,000,01,1,4,04,A01
200700005287,0,07,000,00,2,3,24,B01
200700005288,0,07,000,00,2,1,01,A01
200700005288,0,07,000,00,0,4,23,B01
200700005289,0,07,000,00,0,1,01,A01
200700005289,0,33,000,00,0,1,01,B01
200700005290,0,33,000,00,2,8,01,A01
200700005290,0,07,000,00,2,0,11,B01
200700005291,0,07,000,00,0,4,04,A01
200700005291,0,37,000,00,2,1,02,B01
200700005292,0,37,000,00,1,5,01,A01
200700005293,0,07,000,00,2,2,09,A01
200700005293,0,37,002,00,2,3,02,B01
200700005294,0,07,000,00,1,0,01,A01
200700005295,0,07,000,00,2,2,15,A01
200700005295,0,07,000,00,2,3,01,B01
200700005295,0,07,000,00,2,5,01,C01
200700005296,0,33,000,00,2,1,00,B01
200700005296,0,07,000,00,2,5,12,A01
200700005297,0,07,000,00,2,1,02,A01
200700005297,0,07,000,00,2,4,02,B01
200700005298,0,07,000,00,2,2,02,A01
200700005298,0,32,000,01,2,8,10,B01
200700005299,0,07,000,00,0,2,06,A01
200700005299,0,30,000,00,0,1,01,B01
200700005300,0,07,000,00,1,1,01,A01
200700005301,0,07,000,00,0,0,02,A01
200700005301,0,31,000,00,0,0,02,B01
200700005302,0,15,000,00,2,1,02,A01
200700005302,0,31,000,00,0,4,02,B01
200700005303,0,07,000,00,2,1,05,A01
200700005303,0,07,000,00,2,3,01,B01
200700005303,0,07,000,00,2,2,01,C01
200700005304,0,07,000,00,0,0,17,A01
200700005304,0,05,000,00,0,2,16,B01
200700005305,0,07,000,00,0,0,20,A01
200700005305,0,05,000,00,0,1,21,B01
200700005306,0,07,000,00,2,3,15,A01
200700005306,0,05,000,00,2,7,17,B01
200700005307,0,07,000,00,1,4,04,A01
200700005308,0,07,000,00,1,4,00,A01
200700005309,0,07,000,00,2,1,15,A01
200700005309,0,01,000,00,2,1,01,B01
200700005310,0,07,000,15,2,5,17,A01
200700005310,0,07,000,00,2,3,15,B01
200700005311,0,07,000,00,2,3,15,A01
200700005311,0,31,000,00,0,8,00,B01
200700005312,0,07,000,00,2,2,00,A01
200700005312,0,07,000,00,2,0,00,B01
200700005313,0,07,000,00,1,1,00,A01
200700005314,0,07,000,00,0,1,15,A01
200700005314,0,33,000,00,2,1,01,B01
200700005315,0,30,000,00,1,1,01,A01
200700005316,0,32,000,00,2,7,01,A01
200700005316,0,03,000,00,2,8,23,B01
200700005317,0,07,000,01,0,9,00,A01
200700005318,0,30,000,01,0,2,00,A01
200700005319,0,32,000,00,2,2,01,B01
200700005319,0,07,000,00,9,1,01,A01
200700005320,0,07,000,00,2,3,01,B01
200700005320,0,07,000,00,2,2,11,A01
200700005321,2,33,000,01,1,1,01,A01
200700005322,1,07,000,00,1,1,01,A01
200700005323,0,02,000,00,2,1,05,A01
200700005323,0,07,000,00,2,3,15,B01
200700005324,0,07,000,00,2,3,15,A01
200700005324,0,33,000,00,2,1,01,B01
200700005325,0,07,000,01,0,1,00,A01
200700005326,0,07,000,00,1,3,00,A01
200700005327,0,07,000,00,1,1,02,A01
200700005328,0,07,000,00,2,6,01,B01
200700005328,0,07,000,00,2,1,01,A01
200700005329,0,07,000,00,0,1,10,A01
200700005329,0,30,000,00,0,1,01,B01
200700005330,0,07,000,00,1,1,00,A01
200700005331,0,07,000,00,2,3,15,A01
200700005331,0,33,000,00,2,7,13,B01
200700005332,2,07,000,01,0,2,00,A01
200700005333,0,07,000,00,1,4,04,A01
200700005334,0,01,000,00,2,4,10,A01
200700005334,0,07,000,00,9,3,01,B01
200700005335,0,30,000,00,2,1,01,A01
200700005335,0,07,000,00,2,3,01,B01
200700005336,0,30,000,00,2,1,01,B01
200700005336,0,07,000,00,2,8,09,A01
200700005337,0,07,000,00,0,1,01,B01
200700005337,0,07,000,00,0,7,01,A01
200700005338,0,02,000,00,2,1,01,B01
200700005338,0,07,000,00,2,3,15,A01
200700005339,0,07,000,15,0,1,00,A01
200700005340,0,30,000,00,2,5,00,A01
200700005340,1,07,000,00,2,3,15,B01
200700005341,0,07,000,00,2,1,01,A01
200700005341,0,30,000,00,2,4,23,B01
200700005342,0,07,000,00,1,2,11,A01
200700005343,0,07,000,00,1,2,00,A01
200700005344,0,33,000,00,2,1,01,A01
200700005344,0,10,000,00,2,6,19,B01
200700005345,1,07,000,00,1,1,01,A01
200700005346,0,07,000,00,1,8,00,A01
200700005347,1,07,000,00,1,0,00,A01
200700005348,0,07,000,00,2,1,02,A01
200700005348,0,07,000,00,0,4,23,B01
200700005349,0,07,000,00,1,2,01,A01
200700005350,0,07,000,00,2,1,01,B01
200700005350,0,07,000,00,2,1,05,A01
200700005351,0,07,000,00,2,1,00,A01
200700005351,0,07,000,00,2,8,00,B01
200700005352,0,02,000,00,2,2,17,A01
200700005352,0,07,000,00,2,3,15,B01
200700005353,0,07,000,00,0,2,00,A01
200700005354,0,07,000,00,1,2,00,A01
200700005355,0,07,000,00,0,4,02,B01
200700005355,0,07,000,00,2,1,02,A01
200700005356,0,02,000,00,2,1,01,B01
200700005356,0,07,000,00,2,6,04,A01
200700005357,0,07,000,00,2,9,02,A01
200700005357,0,07,000,00,2,1,15,B01
200700005358,0,02,000,00,2,1,03,A01
200700005358,0,07,000,00,2,2,16,B01
200700005359,0,02,000,00,2,1,17,A01
200700005359,0,07,000,00,2,8,15,B01
200700005360,0,07,000,00,9,1,11,A01
200700005360,0,01,000,00,0,1,00,B01
200700005361,0,07,000,00,2,3,01,B01
200700005361,0,07,000,00,2,1,13,A01
200700005362,0,34,000,15,2,3,05,A01
200700005362,1,07,000,00,2,3,01,B01
200700005363,1,02,000,00,1,0,05,A01
200700005364,0,07,000,00,2,1,02,B01
200700005364,0,07,000,00,2,1,09,A01
200700005365,0,15,000,00,2,7,01,A01
200700005365,0,07,000,00,2,1,01,B01
200700005366,0,07,000,00,2,4,02,B01
200700005366,0,34,000,00,2,1,11,A01
200700005367,2,07,000,12,2,3,02,A01
200700005367,0,07,000,00,2,3,02,B01
200700005368,0,14,000,00,1,3,15,A01
200700005369,0,30,000,01,0,1,02,A01
200700005369,0,07,000,00,0,5,23,B01
200700005369,0,07,000,00,0,6,23,C01
200700005370,0,07,000,00,1,6,04,A01
200700005371,0,07,000,00,2,3,15,A01
200700005371,0,30,000,00,2,1,01,B01
200700005372,0,07,000,00,1,1,01,A01
200700005373,0,07,000,00,0,1,02,A01
200700005374,0,01,000,01,0,1,02,A01
200700005375,0,07,000,00,0,1,01,A01
200700005375,0,07,000,00,0,3,15,B01
200700005376,0,07,000,00,0,1,15,A01
200700005376,0,07,000,00,0,3,01,B01
200700005377,0,07,000,00,0,4,01,A01
200700005377,0,07,000,00,0,1,01,B01
200700005378,0,07,000,00,1,1,01,A01
200700005378,0,01,000,00,0,1,01,B01
200700005379,0,07,000,00,2,1,01,A01
200700005379,0,07,000,00,2,4,23,B01
200700005379,0,10,000,00,2,4,23,C01
200700005380,0,07,000,00,2,7,16,A01
200700005380,0,07,000,00,2,3,01,B01
200700005381,0,07,000,00,1,1,01,A01
200700005382,0,07,000,00,2,1,01,A01
200700005382,0,07,000,00,2,3,15,B01
200700005383,0,07,000,00,2,3,15,A01
200700005383,0,33,000,00,2,0,01,B01
200700005383,0,07,000,00,2,4,23,C01
200700005384,0,32,000,08,0,1,15,A01
200700005385,0,07,000,06,0,1,01,A01
200700005386,0,07,000,00,0,1,02,A01
200700005386,0,07,000,00,0,4,02,B01
200700005387,0,07,000,01,0,6,00,B01
200700005387,0,33,000,01,0,1,00,A01
200700005388,0,07,000,02,0,1,01,A01
200700005389,0,07,000,12,2,1,02,A01
200700005389,0,07,000,12,2,8,15,B01
200700005390,0,30,000,00,0,1,11,A01
200700005390,0,07,000,00,0,3,01,B01
200700005391,0,07,000,00,0,1,00,A01
200700005392,0,07,000,00,1,3,01,A01
200700005393,0,07,000,11,0,1,12,A01
200700005394,0,10,000,00,0,2,00,A01
200700005395,0,07,000,00,1,6,04,A01
200700005396,0,30,000,11,0,1,01,A01
200700005397,0,30,000,00,1,1,01,A01
200700005398,0,07,000,14,2,1,06,A01
200700005398,0,07,000,00,2,1,01,B01
200700005398,0,07,000,00,2,7,02,C01
200700005398,0,07,000,00,2,1,02,D01
200700005399,0,07,000,08,0,1,01,A01
200700005400,0,07,000,01,0,2,00,A01
200700005400,0,07,000,00,2,8,00,B01
200700005401,0,07,000,00,1,2,02,A01
200700005402,0,07,000,00,2,1,02,A01
200700005402,0,07,000,00,2,0,14,B01
200700005403,0,07,000,00,0,2,02,B01
200700005403,2,07,000,09,2,1,02,A01
200700005404,0,07,000,06,0,1,00,A01
200700005405,0,07,000,00,2,1,00,A01
200700005405,0,07,000,00,0,4,00,B01
200700005406,0,07,000,00,1,1,00,A01
200700005407,1,07,000,00,0,0,00,A01
200700005408,1,07,000,00,0,0,00,A01
200700005409,0,07,000,00,1,2,01,A01
200700005410,0,07,000,00,2,1,01,A01
200700005410,0,07,000,00,2,8,01,B01
200700005411,0,07,000,00,2,1,01,A01
200700005411,0,07,000,00,2,2,15,B01
200700005412,0,07,000,00,0,8,02,B01
200700005412,0,07,000,00,0,3,24,C01
200700005412,0,07,000,00,0,1,02,A01
200700005413,0,07,000,00,2,8,01,A01
200700005413,0,07,000,00,2,1,01,B01
200700005414,0,07,000,00,1,0,00,A01
200700005415,0,07,000,00,1,2,16,A01
200700005416,0,07,000,00,1,1,01,A01
200700005417,0,07,000,00,2,2,01,B01
200700005417,0,07,000,00,2,3,01,A01
200700005418,0,07,000,01,2,3,17,A01
200700005418,0,30,000,01,2,1,02,C01
200700005419,0,07,000,00,0,8,00,B01
200700005419,0,07,000,00,0,1,00,A01
200700005420,0,07,000,00,9,1,01,A01
200700005420,0,01,000,00,2,6,01,B01
200700005421,0,10,000,00,2,1,01,A01
200700005421,0,07,000,00,2,8,15,B01
200700005422,0,02,000,00,2,1,01,B01
200700005422,0,07,000,00,2,7,01,A01
200700005423,0,07,000,00,2,2,01,A01
200700005423,0,07,000,00,2,1,01,B01
200700005424,0,07,000,00,1,2,01,A01
200700005425,0,07,000,00,2,6,09,A01
200700005425,0,32,000,00,2,2,09,B01
200700005426,0,31,000,00,1,3,01,A01
200700005427,0,07,000,00,1,2,01,A01
200700005428,0,07,000,00,2,3,15,A01
200700005428,0,34,000,00,2,1,01,B01
200700005429,0,33,000,00,2,1,17,A01
200700005429,0,07,000,00,0,5,23,B01
200700005430,0,07,000,00,2,2,00,B01
200700005430,0,30,000,00,2,8,00,A01
200700005431,0,33,000,15,0,1,00,A01
200700005432,0,10,000,00,2,7,15,A01
200700005432,0,07,000,00,2,1,01,B01
200700005433,0,07,000,00,2,2,09,B01
200700005433,0,01,000,00,2,1,00,A01
200700005434,0,07,000,00,1,3,02,A01
200700005435,0,07,000,00,0,4,23,A01
200700005435,0,10,000,01,0,0,00,B01
200700005436,0,07,000,00,1,1,00,A01
200700005437,0,07,000,00,1,2,02,A01
200700005438,0,07,000,06,2,3,01,A01
200700005438,0,07,000,06,2,1,01,B01
200700005439,0,02,000,00,0,1,02,A01
200700005439,0,07,000,00,0,6,02,B01
200700005440,0,07,000,00,2,2,14,A01
200700005440,0,31,000,00,2,1,01,B01
200700005441,0,10,000,00,1,2,01,A01
200700005442,0,07,000,00,1,3,17,A01
200700005443,0,07,000,00,1,1,01,A01
200700005444,0,07,000,00,2,2,10,A01
200700005444,0,33,000,00,2,7,17,B01
200700005444,0,07,000,00,2,1,02,C01
200700005445,0,02,000,00,2,1,17,A01
200700005445,0,07,000,00,2,6,15,B01
200700005446,0,32,000,12,0,1,01,A01
200700005447,0,32,000,00,1,1,01,A01
200700005448,0,07,000,00,2,1,00,A01
200700005448,0,37,001,00,0,1,00,B01
200700005449,0,07,000,00,1,1,01,A01
200700005450,0,30,000,00,1,1,18,A01
200700005451,0,07,000,00,1,1,01,A01
200700005452,0,07,000,00,1,1,01,A01
200700005453,0,07,000,00,1,2,01,A01
200700005454,0,07,000,00,2,1,02,A01
200700005454,0,07,000,00,2,4,02,B01
200700005454,0,37,002,00,2,4,02,C01
200700005455,0,14,000,00,1,1,01,A01
200700005456,0,07,000,00,2,2,00,A01
200700005456,0,07,000,00,2,3,00,B01
200700005457,0,34,000,00,2,0,01,B01
200700005457,0,07,000,00,2,2,01,A01
200700005458,0,07,000,00,1,2,01,A01
200700005459,0,32,000,00,0,3,01,B01
200700005459,0,07,000,00,2,1,01,A01
200700005460,0,33,000,00,0,0,00,A01
200700005460,0,33,000,00,0,0,00,B01
200700005461,0,07,000,00,2,1,00,A01
200700005461,0,13,000,00,2,1,00,B01
200700005462,0,07,000,00,2,1,02,A01
200700005462,0,07,000,00,2,4,23,B01
200700005463,0,07,000,00,2,7,01,A01
200700005463,0,07,000,00,2,8,15,B01
200700005464,0,07,000,00,1,1,01,A01
200700005465,0,14,000,00,0,0,00,A01
200700005465,0,37,045,00,0,0,00,B01
200700005466,0,07,000,00,1,1,00,A01
200700005467,1,07,000,00,2,6,00,A01
200700005467,0,30,000,00,2,1,00,B01
200700005468,0,07,000,00,2,1,02,A01
200700005468,0,07,000,00,0,4,02,B01
200700005469,0,07,000,00,1,1,01,A01
200700005470,0,07,000,00,2,3,15,A01
200700005470,0,07,000,00,2,2,02,B01
200700005471,0,07,000,00,1,1,00,A01
200700005472,0,07,000,12,0,1,00,A01
200700005473,0,07,000,00,1,1,01,A01
200700005474,0,07,000,00,2,9,02,A01
200700005474,0,07,000,00,0,4,02,B01
200700005475,1,15,000,00,0,0,12,A01
200700005475,0,07,000,12,0,1,01,B01
200700005476,0,07,000,00,2,1,02,A01
200700005476,0,07,000,00,2,1,23,B01
200700005476,0,07,000,00,0,4,23,C01
200700005477,0,32,000,00,2,7,00,A01
200700005477,0,07,000,00,2,8,00,B01
200700005478,0,07,000,00,2,2,15,A01
200700005478,0,07,000,00,0,1,01,B01
200700005479,0,30,000,00,1,1,01,A01
200700005480,0,07,000,00,2,1,02,A01
200700005480,0,07,000,00,0,4,02,B01
200700005481,0,07,000,00,1,2,01,A01
200700005482,0,07,000,00,9,1,16,A01
200700005483,0,07,000,00,1,1,01,A01
200700005484,2,07,000,00,2,1,01,A01
200700005484,0,07,000,00,2,8,15,B01
200700005485,0,07,000,00,1,1,00,A01
200700005485,0,07,000,00,2,4,00,B01
200700005486,0,01,000,00,1,7,00,A01
200700005487,0,07,000,00,2,0,00,A01
200700005487,0,07,000,00,2,1,00,B01
200700005487,0,07,000,00,2,4,00,C01
200700005488,0,07,000,00,2,8,11,A01
200700005488,0,30,000,00,2,7,01,B01
200700005489,0,07,000,00,2,1,00,A01
200700005489,0,07,000,00,2,4,00,B01
200700005490,0,07,000,00,2,8,01,A01
200700005490,0,07,000,00,2,7,01,B01
200700005491,0,07,000,01,2,0,01,A01
200700005491,0,33,000,00,2,1,01,B01
200700005492,0,07,000,00,1,1,01,A01
200700005493,0,07,000,01,2,7,15,A01
200700005493,0,07,000,00,2,3,01,B01
200700005493,0,07,000,00,2,3,24,C01
200700005494,0,07,000,00,2,4,23,A01
200700005494,0,07,000,00,2,1,01,B01
200700005495,0,99,000,00,2,3,01,A01
200700005495,0,07,000,00,2,5,01,B01
200700005495,0,07,000,00,2,3,01,C01
200700005496,0,02,000,15,0,0,01,A01
200700005497,0,07,000,00,2,1,01,A01
200700005497,0,07,000,00,2,3,01,B01
200700005498,0,07,000,00,2,1,15,A01
200700005498,0,07,000,00,2,1,01,B01
200700005499,0,07,000,00,0,1,01,A01
200700005499,0,07,000,00,0,4,00,B01
200700005500,0,31,000,00,9,7,00,A01
200700005501,0,07,000,00,0,2,11,A01
200700005502,0,07,000,04,0,0,09,A01
200700005503,0,07,000,00,1,7,01,A01
200700005504,0,14,000,00,2,1,01,A01
200700005504,0,07,000,00,2,4,01,B01
200700005505,0,34,000,12,0,1,01,A01
200700005506,0,07,000,00,2,1,15,A01
200700005506,0,07,000,00,2,2,01,B01
200700005507,0,02,000,00,0,1,21,A01
200700005508,0,32,000,00,2,3,01,B01
200700005508,0,07,000,00,2,7,12,A01
200700005509,0,10,000,00,1,4,20,A01
200700005510,0,07,000,00,1,2,01,A01
200700005511,0,31,000,00,1,1,01,A01
200700005512,0,07,000,00,2,1,02,A01
200700005512,0,07,000,00,2,4,02,B01
200700005513,0,14,000,00,1,1,01,A01
200700005514,0,30,000,00,2,1,01,B01
200700005514,0,14,000,00,2,3,01,A01
200700005515,1,07,000,00,2,7,15,A01
200700005515,0,32,000,00,2,3,21,B01
200700005516,0,07,000,00,2,2,15,A01
200700005516,0,07,000,00,2,3,01,B01
200700005517,0,13,000,00,1,2,01,A01
200700005518,0,07,000,00,1,4,21,A01
200700005519,0,07,000,00,1,7,01,A01
200700005520,0,32,000,00,1,1,03,A01
200700005521,0,07,000,00,1,1,15,A01
200700005522,0,30,000,00,2,2,05,A01
200700005522,0,07,000,00,2,2,01,B01
200700005523,0,07,000,00,2,1,04,A01
200700005523,0,07,000,01,2,1,01,B01
200700005524,0,07,000,01,1,1,01,A01
200700005525,0,07,000,00,1,4,04,A01
200700005526,0,07,000,00,1,4,04,A01
200700005527,0,07,000,00,2,8,01,A01
200700005527,0,37,028,00,2,3,01,B01
200700005528,0,07,000,12,1,4,01,A01
200700005529,0,32,000,00,1,1,01,A01
200700005530,0,33,000,00,2,2,01,A01
200700005530,0,07,000,00,0,3,15,B01
200700005531,0,02,000,00,2,1,01,A01
200700005531,0,07,000,00,2,8,15,B01
200700005532,0,07,000,00,2,7,00,B01
200700005532,0,07,000,00,2,1,01,A01
200700005533,0,07,000,00,2,2,01,A01
200700005533,0,07,000,00,1,6,01,B01
200700005534,0,07,000,00,2,3,15,A01
200700005534,0,02,000,00,2,1,17,B01
200700005535,0,02,000,00,2,1,01,A01
200700005535,0,07,000,00,2,1,01,B01
200700005536,0,33,000,00,0,1,01,A01
200700005536,0,07,000,00,0,8,15,B01
200700005537,0,07,000,00,1,1,01,A01
200700005538,0,07,000,00,2,2,15,A01
200700005538,0,33,000,00,0,8,01,B01
200700005539,0,34,000,00,0,7,00,A01
200700005540,0,33,000,00,2,1,01,A01
200700005540,0,07,000,00,0,3,15,B01
200700005541,0,07,000,00,2,1,02,A01
200700005541,0,07,000,00,2,4,02,B01
200700005541,0,07,000,00,2,1,00,C01
200700005541,0,07,000,00,2,4,02,D01
200700005542,0,07,000,00,1,2,01,A01
200700005543,0,07,000,00,1,1,01,A01
200700005544,0,07,000,00,2,1,01,A01
200700005544,0,07,000,00,2,4,01,B01
200700005544,0,07,000,00,2,4,01,C01
200700005545,0,30,000,01,1,1,17,A01
200700005546,0,02,000,00,1,1,01,A01
200700005547,0,07,000,00,1,1,00,A01
200700005548,0,07,000,00,1,1,01,A01
200700005549,0,02,000,00,2,1,13,A01
200700005549,0,07,000,00,0,3,15,B01
200700005550,0,07,000,11,0,1,01,A01
200700005551,0,02,000,00,2,1,02,A01
200700005551,0,07,000,00,2,6,02,B01
200700005552,0,07,000,00,2,2,01,A01
200700005552,0,33,000,00,2,8,01,B01
200700005553,0,37,002,00,1,3,02,A01
200700005553,0,07,000,00,0,0,02,B01
200700005554,0,07,000,00,1,1,01,A01
200700005555,0,02,000,00,2,2,05,A01
200700005555,0,07,000,00,2,2,09,B01
200700005556,0,31,000,00,2,0,01,B01
200700005556,0,07,000,00,2,7,04,A01
200700005557,0,07,000,00,1,1,01,A01
200700005558,0,07,000,00,1,2,00,A01
200700005559,0,99,000,00,1,1,01,A01
200700005560,0,10,000,00,1,1,01,A01
200700005561,0,07,000,00,1,3,01,A01
200700005562,0,07,000,00,2,3,01,B01
200700005562,0,34,000,15,0,1,01,A01
200700005563,0,14,000,00,0,1,01,A01
200700005564,1,07,000,00,1,1,02,A01
200700005565,0,10,000,00,2,3,02,B01
200700005565,0,01,000,00,2,1,19,A01
200700005566,0,07,000,00,1,1,02,A01
200700005567,0,07,000,00,0,3,15,B01
200700005567,0,33,000,00,2,7,00,A01
200700005568,0,31,000,00,2,1,02,A01
200700005568,0,10,000,00,2,3,15,B01
200700005569,0,07,000,08,0,1,13,A01
200700005570,0,10,000,00,2,1,01,A01
200700005570,0,07,000,00,2,4,02,B01
200700005571,0,33,000,16,0,8,01,A01
200700005572,1,07,000,00,2,6,16,A01
200700005572,0,01,000,00,2,7,15,B01
200700005573,0,07,000,00,2,1,01,B01
200700005573,0,30,000,00,2,3,15,A01
200700005574,0,02,000,00,2,1,01,A01
200700005574,0,07,000,00,2,2,15,B01
200700005575,0,30,000,16,0,1,01,A01
200700005576,0,31,000,00,0,0,01,A01
200700005577,0,07,000,00,1,3,16,A01
200700005578,0,02,000,00,2,1,01,A01
200700005578,0,10,000,00,2,4,16,B01
200700005579,0,07,000,00,2,3,09,A01
200700005579,0,03,000,00,2,2,01,B01
200700005580,0,32,000,00,2,1,17,A01
200700005580,0,13,000,00,2,8,15,B01
200700005581,0,07,000,00,2,8,15,B01
200700005581,0,33,000,00,2,1,01,A01
200700005582,1,30,000,00,1,1,01,A01
200700005583,0,33,000,00,1,2,01,A01
200700005584,0,07,000,00,2,3,10,A01
200700005584,0,33,000,00,2,2,15,B01
200700005585,0,02,000,00,2,1,01,A01
200700005585,0,07,000,00,2,3,15,B01
200700005586,0,30,000,00,2,1,01,A01
200700005586,0,07,000,00,2,8,01,B01
200700005587,1,07,000,00,0,1,00,A01
200700005587,0,07,000,00,2,2,02,B01
200700005588,0,07,000,00,1,1,11,A01
200700005589,0,07,000,00,2,3,02,A01
200700005590,0,07,000,00,2,2,15,A01
200700005590,1,99,000,00,2,0,16,B01
200700005591,0,07,000,00,1,6,04,A01
200700005592,0,07,000,00,2,3,15,A01
200700005592,0,37,000,00,2,3,15,B01
200700005593,0,07,000,00,1,1,01,A01
200700005594,0,07,000,00,1,3,02,A01
200700005595,0,07,000,00,2,1,01,A01
200700005595,0,07,000,00,2,4,01,B01
200700005595,0,07,000,00,2,1,01,C01
200700005596,0,07,000,00,2,2,01,A01
200700005596,0,07,000,00,2,3,15,B01
200700005597,0,07,000,00,2,8,01,A01
200700005597,0,07,000,00,2,1,01,B01
200700005598,0,07,000,00,2,3,01,B01
200700005598,0,07,000,06,2,1,01,A01
200700005599,0,07,000,00,1,1,01,A01
200700005600,0,07,000,00,2,3,01,A01
200700005600,0,30,000,00,2,1,01,B01
200700005601,0,07,000,00,2,1,01,A01
200700005601,0,07,000,00,2,3,01,B01
200700005602,0,01,000,00,0,0,01,A01
200700005603,0,02,000,00,0,8,01,A01
200700005604,0,07,000,00,2,2,01,A01
200700005604,0,01,000,00,2,1,01,B01
200700005605,0,07,000,00,2,3,10,A01
200700005605,0,33,000,00,2,1,17,B01
200700005606,0,33,000,00,0,7,23,A01
200700005607,0,33,000,00,2,1,18,A01
200700005607,0,07,000,00,2,8,04,B01
200700005608,0,33,000,00,0,7,01,A01
200700005609,0,07,000,06,2,1,19,A01
200700005609,0,07,000,06,2,1,01,B01
200700005610,0,07,000,00,1,1,01,A01
200700005611,0,07,000,00,1,1,01,A01
200700005612,0,07,000,00,2,5,01,A01
200700005612,0,02,000,00,2,8,13,B01
200700005613,0,07,000,00,2,1,01,A01
200700005613,0,07,000,00,2,8,10,B01
200700005614,0,07,000,00,1,1,01,A01
200700005615,0,07,000,00,2,3,15,A01
200700005615,0,36,000,00,2,6,01,B01
200700005616,0,10,000,00,1,1,01,A01
200700005617,0,07,000,00,2,2,15,A01
200700005617,0,30,000,00,2,1,01,B01
200700005618,0,07,000,07,0,1,01,A01
200700005619,0,07,000,00,2,1,01,A01
200700005619,0,07,000,00,0,4,00,B01
200700005620,0,07,000,00,2,1,01,A01
200700005620,0,07,000,00,0,4,01,B01
200700005621,0,07,000,00,2,1,00,A01
200700005621,0,07,000,00,0,4,01,B01
200700005622,1,34,000,00,1,0,00,A01
200700005623,0,33,000,15,0,1,01,A01
200700005624,0,07,000,04,0,7,15,A01
200700005625,0,07,000,00,2,6,10,A01
200700005625,0,31,000,00,2,2,00,B01
200700005626,0,07,000,00,1,7,16,A01