Num_Acc,senc,catv,occutc,obs,obsm,choc,manv,num_veh
200700005627,0,07,000,00,1,2,01,B01
200700005628,0,07,000,00,9,2,01,A01
200700005628,0,01,000,00,2,1,19,B01
200700005629,0,07,000,04,0,1,00,A01
200700005629,0,07,000,00,2,6,00,B01
200700005630,0,07,000,00,2,6,02,A01
200700005630,0,15,000,00,2,1,02,B01
200700005630,0,07,000,00,2,2,02,C01
200700005631,0,07,000,00,1,2,01,A01
200700005632,0,07,000,00,2,3,01,A01
200700005632,0,15,000,00,2,7,12,B01
200700005633,0,07,000,04,0,2,02,A01
200700005634,0,33,000,00,0,7,03,A01
200700005634,1,15,000,00,0,0,01,B01
200700005635,0,07,000,00,2,2,02,A01
200700005635,0,07,000,00,0,6,12,B01
200700005636,0,33,000,00,2,1,01,A01
200700005636,0,07,000,00,0,4,03,B01
200700005637,0,07,000,00,2,4,02,A01
200700005637,0,05,000,00,2,1,02,B01
200700005638,0,07,000,00,2,8,09,A01
200700005638,0,07,000,04,2,2,21,B01
200700005639,0,07,000,00,0,4,00,A01
200700005640,0,10,000,00,2,6,09,A01
200700005640,0,07,000,00,2,4,23,B01
200700005640,0,15,000,00,2,2,01,C01
200700005640,0,10,000,00,2,4,01,D01
200700005641,0,31,000,00,0,0,01,A01
200700005642,0,07,000,04,0,1,00,A01
200700005643,0,07,000,00,2,3,00,A01
200700005643,0,17,000,00,2,8,01,B01
200700005644,0,07,000,00,2,1,01,A01
200700005644,0,07,000,00,2,1,10,B01
200700005645,0,07,000,00,0,4,01,A01
200700005645,0,07,000,00,2,1,02,B01
200700005646,0,07,000,00,2,8,11,A01
200700005646,0,33,000,04,2,2,01,B01
200700005647,0,10,000,03,2,4,01,A01
200700005647,0,07,000,00,2,1,02,B01
200700005648,0,10,000,13,0,1,12,A01
200700005649,0,33,000,00,0,0,02,A01
200700005650,0,15,000,00,2,2,01,A01
200700005650,0,07,000,00,2,6,11,B01
200700005651,0,07,000,04,0,3,01,A01
200700005652,0,07,000,03,0,0,00,A01
200700005653,0,07,000,00,2,3,11,A01
200700005653,0,33,000,00,2,2,03,B01
200700005653,0,07,000,00,2,4,02,C01
200700005654,0,10,000,00,2,1,02,A01
200700005654,0,07,000,00,0,6,02,B01
200700005654,0,07,000,00,0,5,02,C01
200700005655,0,07,000,00,2,5,02,A01
200700005655,0,32,000,00,2,3,00,B01
200700005656,0,07,000,00,2,7,12,A01
200700005656,0,33,000,00,2,1,01,B01
200700005657,0,07,000,00,2,4,13,A01
200700005657,0,07,000,00,2,1,02,B01
200700005658,0,07,000,00,2,8,11,A01
200700005658,0,33,000,04,2,2,17,B01
200700005659,0,32,000,00,0,0,11,A01
200700005660,0,15,000,00,2,2,12,A01
200700005660,0,07,000,00,2,6,01,B01
200700005661,0,07,000,00,2,1,11,A01
200700005661,0,10,000,00,2,4,02,B01
200700005662,0,07,000,00,2,1,01,B01
200700005662,0,07,000,00,2,1,01,C01
200700005662,0,07,000,03,2,2,09,A01
200700005663,0,07,000,04,0,2,00,A01
200700005664,0,07,000,13,2,2,02,B01
200700005664,0,15,000,00,0,6,01,A01
200700005665,0,07,000,00,2,4,02,A01
200700005665,0,07,000,00,0,4,02,B01
200700005666,0,07,000,00,2,1,02,A01
200700005666,0,07,000,00,0,4,02,B01
200700005667,0,10,000,00,0,9,02,A01
200700005668,0,07,000,00,2,8,02,A01
200700005668,0,07,000,00,2,1,02,B01
200700005668,0,07,000,00,2,2,11,C01
200700005669,0,15,000,00,2,7,00,A01
200700005669,0,10,000,00,2,1,00,B01
200700005669,0,07,000,00,2,6,00,C01
200700005670,0,07,000,00,2,6,12,A01
200700005670,0,07,000,00,2,5,01,B01
200700005670,0,07,000,00,2,7,01,C01
200700005670,0,07,000,00,2,7,02,D01
200700005671,0,07,000,00,9,2,21,A01
200700005671,0,15,000,00,0,0,01,B01
200700005672,0,07,000,00,2,4,01,A01
200700005672,0,07,000,14,0,1,02,F01
200700005672,0,10,000,14,0,1,02,B01
200700005672,0,10,000,14,0,1,02,C01
200700005672,0,13,000,14,0,3,02,D01
200700005672,0,07,000,00,0,4,02,E01
200700005673,0,31,000,00,0,0,03,A01
200700005674,0,34,000,06,0,8,17,A01
200700005675,0,07,000,13,6,1,01,A01
200700005675,0,07,000,03,1,1,02,F01
200700005675,0,07,000,00,2,4,02,B01
200700005675,0,15,000,00,1,1,02,C01
200700005675,0,15,000,00,1,1,02,D01
200700005675,0,07,000,03,1,1,02,E01
200700005676,0,07,000,04,0,9,14,A01
200700005677,0,07,000,03,0,0,02,A01
200700005678,0,07,000,00,2,4,02,A01
200700005678,0,15,000,00,2,1,02,B01
200700005679,0,34,000,00,0,8,01,A01
200700005680,0,07,000,00,2,8,02,A01
200700005680,0,17,000,00,2,2,12,B01
200700005681,0,07,000,00,2,6,01,A01
200700005681,0,33,000,00,2,7,03,B01
200700005681,1,10,000,00,0,0,12,C01
200700005682,0,07,000,00,0,9,12,A01
200700005683,0,07,000,01,0,1,00,A01
200700005683,0,17,000,00,0,4,00,B01
200700005684,0,32,000,00,0,0,21,A01
200700005685,0,07,000,00,2,6,00,B01
200700005685,0,13,000,00,2,1,00,A01
200700005686,0,07,000,04,0,1,00,A01
200700005687,0,07,000,05,0,1,00,A01
200700005688,0,07,000,04,0,9,00,A01
200700005689,0,07,000,04,0,1,02,A01
200700005690,0,07,000,04,0,9,01,A01
200700005691,0,07,000,00,0,3,02,A01
200700005692,0,07,000,00,0,2,02,A01
200700005693,0,07,000,04,0,1,00,A01
200700005694,0,07,000,00,2,1,02,A01
200700005694,0,07,000,00,0,4,01,B01
200700005695,0,07,000,00,0,4,21,D01
200700005695,0,07,000,00,2,4,02,C01
200700005695,0,07,000,00,0,4,00,B01
200700005695,0,07,000,00,2,1,01,A01
200700005696,0,07,000,00,0,0,00,A01
200700005697,0,07,000,04,0,1,01,A01
200700005698,0,07,000,00,2,4,01,C01
200700005698,0,07,000,00,2,1,02,A01
200700005698,0,07,000,00,2,4,02,B01
200700005699,0,07,000,03,0,1,00,A01
200700005700,0,07,000,03,2,2,12,A01
200700005700,0,07,000,00,2,6,01,B01
200700005701,0,05,000,00,2,3,02,B01
200700005701,0,07,000,00,2,3,02,A01
200700005701,0,14,000,00,2,7,02,C01
200700005702,0,07,000,04,0,2,00,A01
200700005703,0,07,000,00,2,1,21,C01
200700005703,0,07,000,00,2,1,02,B01
200700005703,0,07,000,00,2,4,02,A01
200700005704,0,05,000,00,2,1,02,B01
200700005704,0,07,000,00,2,6,02,A01
200700005705,0,07,000,04,2,2,12,A01
200700005705,0,07,000,00,2,8,02,B01
200700005706,0,07,000,04,0,1,00,A01
200700005707,0,07,000,04,0,1,01,A01
200700005708,1,99,000,00,2,1,02,C01
200700005708,0,07,000,00,2,4,01,A01
200700005708,0,07,000,00,2,3,01,B01
200700005709,0,07,000,00,2,4,02,D01
200700005709,0,15,000,00,2,3,02,C01
200700005709,0,07,000,00,2,5,02,A01
200700005709,0,07,000,00,2,1,02,B01
200700005710,0,05,000,00,0,8,21,A01
200700005710,0,10,000,00,0,0,21,B01
200700005711,0,07,000,00,2,4,02,B01
200700005711,0,05,000,00,2,1,02,A01
200700005712,0,07,000,04,9,3,01,A01
200700005713,0,10,000,00,2,2,01,A01
200700005713,0,10,000,00,2,8,01,B01
200700005714,0,10,000,00,0,4,02,A01
200700005714,0,33,000,04,2,3,03,B01
200700005715,0,07,000,00,0,4,01,A01
200700005715,0,07,000,00,0,4,01,B01
200700005715,0,10,000,00,2,1,02,C01
200700005716,0,07,000,00,2,8,01,C01
200700005716,0,05,000,00,2,8,03,A01
200700005716,0,07,000,00,2,7,01,B01
200700005717,0,07,000,00,2,4,02,B01
200700005717,0,10,000,00,2,1,02,A01
200700005717,0,07,000,00,2,4,02,C01
200700005718,0,07,000,04,2,1,02,A01
200700005718,0,07,000,00,2,4,02,B01
200700005719,0,07,000,00,0,3,02,A01
200700005719,0,07,000,01,0,1,02,B01
200700005720,0,07,000,00,2,7,12,B01
200700005720,0,05,000,00,2,8,02,A01
200700005721,0,05,000,00,2,1,00,A01
200700005721,0,07,000,00,0,4,01,B01
200700005722,0,07,000,04,0,9,01,A01
200700005723,0,07,000,00,0,3,01,A01
200700005724,0,10,000,00,0,4,23,A01
200700005724,0,07,000,00,2,1,02,B01
200700005725,0,07,000,00,0,7,00,A01
200700005725,0,17,000,00,0,1,12,B01
200700005726,0,05,000,00,2,2,03,A01
200700005726,0,07,000,00,0,6,01,B01
200700005727,0,07,000,00,2,5,11,A01
200700005727,1,99,000,00,0,0,00,B01
200700005728,0,07,000,00,2,4,11,A01
200700005728,0,07,000,00,2,9,11,B01
200700005728,0,07,000,00,2,1,02,C01
200700005729,0,05,000,00,0,0,11,A01
200700005730,0,33,000,04,0,1,21,A01
200700005731,0,07,000,04,0,1,00,A01
200700005731,1,99,000,00,0,0,00,B01
200700005732,0,07,000,04,0,2,02,A01
200700005733,0,07,000,04,0,3,00,A01
200700005734,0,07,000,00,0,0,02,B01
200700005734,0,07,000,00,0,8,00,A01
200700005734,0,07,000,00,2,1,02,C01
200700005735,0,07,000,04,0,2,01,A01
200700005736,0,07,000,00,0,0,00,C01
200700005736,0,07,000,00,0,0,00,B01
200700005736,0,07,000,00,0,0,00,A01
200700005736,2,07,000,00,0,0,00,D01
200700005737,0,07,000,03,0,8,00,A01
200700005738,0,07,000,00,0,6,01,B01
200700005738,0,07,000,00,2,2,12,A01
200700005739,0,07,000,00,0,4,01,A01
200700005739,0,07,000,00,0,1,01,B01
200700005740,0,07,000,00,2,1,02,A01
200700005740,0,07,000,00,2,4,02,B01
200700005740,0,07,000,00,2,4,02,C01
200700005741,0,33,000,00,2,0,03,A01
200700005741,0,07,000,00,0,2,01,B01
200700005742,0,07,000,00,2,1,02,A01
200700005742,0,14,000,00,0,4,02,B01
200700005743,0,13,000,00,2,1,02,A01
200700005743,0,10,000,00,2,9,02,B01
200700005743,0,10,000,00,0,4,02,C01
200700005744,0,15,000,00,2,2,12,A01
200700005744,0,33,000,00,2,7,02,B01
200700005744,0,07,000,00,2,1,02,C01
200700005744,0,10,000,00,0,7,02,D01
200700005745,0,07,000,13,0,1,16,A01
200700005746,0,07,000,00,0,9,00,A01
200700005747,0,31,000,00,0,0,00,A01
200700005747,0,13,000,00,0,0,00,B01
200700005748,0,07,000,00,0,6,11,A01
200700005748,0,33,000,00,2,1,01,B01
200700005749,0,07,000,04,0,3,00,A01
200700005750,0,07,000,00,2,5,01,B01
200700005750,0,07,000,04,2,2,13,A01
200700005751,0,07,000,00,2,1,11,B01
200700005751,0,07,000,00,0,3,01,A01
200700005752,0,07,000,03,0,1,00,A01
200700005753,0,07,000,00,2,1,02,A01
200700005753,0,07,000,00,2,4,02,B01
200700005753,0,07,000,00,2,4,02,D01
200700005753,0,07,000,00,2,4,02,C01
200700005754,0,07,000,00,0,4,01,A01
200700005754,0,07,000,00,2,1,01,C01
200700005754,0,07,000,00,2,1,01,B01
200700005755,0,07,000,00,0,0,00,A01
200700005756,0,07,000,00,2,1,02,B01
200700005756,0,07,000,00,0,4,02,A01
200700005757,0,14,000,00,0,1,02,A01
200700005757,0,13,000,00,0,4,02,B01
200700005757,0,07,000,00,2,1,02,C01
200700005757,0,13,000,00,0,1,02,D01
200700005758,0,10,000,00,2,1,02,A01
200700005758,0,07,000,00,2,4,02,B01
200700005758,0,07,000,00,2,4,02,D01
200700005758,0,07,000,00,2,4,02,C01
200700005759,0,31,000,15,0,1,14,A01
200700005760,0,07,000,00,0,4,02,A01
200700005760,0,07,000,00,0,1,02,B01
200700005761,0,07,000,04,0,3,00,A01
200700005762,0,17,000,00,2,2,02,B01
200700005762,0,07,000,00,2,3,11,A01
200700005763,0,07,000,04,0,2,00,A01
200700005764,0,33,000,00,2,2,03,A01
200700005764,0,10,000,00,0,5,01,B01
200700005765,0,32,000,00,2,1,03,A01
200700005765,0,33,000,00,2,1,02,B01
200700005765,0,07,000,00,2,5,02,C01
200700005765,0,07,000,00,2,6,02,D01
200700005766,0,07,000,00,0,0,02,A01
200700005767,0,07,000,04,0,3,02,A01
200700005768,0,07,000,00,2,2,02,A01
200700005768,0,07,000,00,2,6,02,B01
200700005768,0,07,000,00,2,2,01,C01
200700005769,0,07,000,05,0,1,00,A01
200700005770,0,07,000,00,2,4,02,D01
200700005770,0,07,000,00,2,4,02,C01
200700005770,0,07,000,00,2,4,02,B01
200700005770,0,07,000,00,2,1,02,A01
200700005771,0,07,000,04,0,1,01,A01
200700005772,0,07,000,03,0,2,00,B01
200700005772,0,07,000,00,0,3,00,A01
200700005773,0,10,000,04,0,1,01,A01
200700005774,0,07,000,00,2,3,00,A01
200700005774,0,33,000,00,2,7,02,B01
200700005775,0,07,000,03,0,3,01,A01
200700005775,1,07,000,00,0,0,18,B01
200700005776,0,33,000,00,2,6,03,A01
200700005776,0,07,000,00,2,6,11,B01
200700005776,0,07,000,00,2,6,01,C01
200700005777,0,05,000,00,2,7,01,A01
200700005777,0,07,000,00,2,5,12,B01
200700005777,0,07,000,00,2,8,01,C01
200700005778,0,07,000,00,2,9,12,A01
200700005778,0,14,000,00,2,3,01,B01
200700005779,0,31,000,00,0,6,03,A01
200700005779,0,07,000,00,2,2,12,B01
200700005780,0,10,000,00,2,5,01,C01
200700005780,0,31,000,00,2,1,03,B01
200700005780,0,07,000,00,2,3,11,A01
200700005781,0,33,000,04,0,7,01,A01
200700005782,0,07,000,00,0,4,02,C01
200700005782,0,32,000,00,2,4,02,B01
200700005782,0,10,000,00,2,1,02,A01
200700005783,0,07,000,10,0,2,01,A01
200700005784,0,07,000,00,2,6,00,A01
200700005784,0,05,000,00,2,2,00,B01
200700005785,0,07,000,00,0,0,00,C01
200700005785,0,07,000,00,2,1,00,B01
200700005785,0,07,000,00,2,1,00,A01
200700005786,0,07,000,04,0,1,02,A01
200700005787,0,07,000,04,0,1,21,A01
200700005788,0,07,000,00,0,1,00,A01
200700005789,0,07,000,15,0,1,01,A01
200700005790,0,07,000,00,2,1,02,A01
200700005790,0,07,000,00,2,4,02,B01
200700005791,0,07,000,04,0,2,01,A01
200700005792,0,07,000,16,0,2,01,A01
200700005793,0,07,000,00,0,3,01,A01
200700005794,0,07,000,00,2,1,02,A01
200700005794,0,07,000,00,0,4,00,B01
200700005795,0,07,000,00,0,1,02,D01
200700005795,0,07,000,00,0,3,02,C01
200700005795,0,07,000,00,2,5,02,B01
200700005795,0,07,000,00,2,1,02,A01
200700005796,0,07,000,00,0,0,01,A01
200700005797,0,07,000,06,0,3,02,A01
200700005798,0,07,000,00,2,4,02,A01
200700005798,0,07,000,00,0,4,02,B01
200700005798,0,07,000,00,2,1,02,C01
200700005799,0,33,000,00,2,8,03,A01
200700005799,0,07,000,00,0,7,02,B01
200700005800,0,07,000,00,2,1,02,A01
200700005800,0,07,000,03,0,0,02,B01
200700005801,0,07,000,04,0,9,01,A01
200700005802,0,07,000,03,9,1,21,A01
200700005803,0,15,000,03,0,1,16,A01
200700005804,0,07,000,03,0,3,02,A01
200700005805,0,07,000,00,0,4,02,A01
200700005805,0,07,000,00,0,4,02,B01
200700005805,0,07,000,00,0,1,02,C01
200700005806,0,07,000,00,0,4,01,A01
200700005806,0,07,000,00,2,4,02,B01
200700005806,0,07,000,00,2,1,02,C01
200700005807,0,07,000,13,0,1,01,A01
200700005808,0,07,000,00,0,4,01,A01
200700005808,0,10,000,00,2,1,01,B01
200700005808,0,07,000,03,0,8,01,C01
200700005808,0,07,000,03,0,4,01,D01
200700005808,0,07,000,00,2,1,01,E01
200700005809,0,17,000,16,0,3,00,A01
200700005810,0,07,000,00,0,4,01,A01
200700005810,0,10,000,00,2,1,02,B01
200700005811,0,10,000,00,2,4,01,A01
200700005811,0,33,000,00,2,1,02,B01
200700005812,0,07,000,00,2,4,01,A01
200700005812,0,07,000,00,2,1,02,B01
200700005813,0,33,000,00,2,2,03,A01
200700005813,0,07,000,00,2,3,11,B01
200700005814,0,14,000,00,2,2,21,A01
200700005814,0,07,000,00,0,6,00,B01
200700005814,0,07,000,00,2,3,02,C01
200700005814,0,33,000,14,0,1,02,D01
200700005815,0,07,000,13,0,4,02,A01
200700005815,0,07,000,00,2,2,14,B01
200700005816,0,07,000,13,0,2,12,A01
200700005817,0,07,000,04,0,1,00,A01
200700005818,0,10,000,13,0,1,01,A01
200700005819,0,07,000,01,0,1,00,A01
200700005819,0,14,000,00,0,8,24,B01
200700005820,0,07,000,00,0,0,00,A01
200700005821,0,10,000,04,0,1,01,A01
200700005822,0,07,000,03,0,2,14,A01
200700005823,0,07,000,03,0,7,14,A01
200700005824,0,07,000,00,2,3,09,A01
200700005824,0,07,000,00,2,6,01,B01
200700005824,0,07,000,01,2,4,01,C01
200700005825,0,15,000,00,2,1,02,A01
200700005825,0,15,000,00,2,4,02,B01
200700005825,0,15,000,00,2,4,02,C01
200700005826,0,07,000,00,0,0,01,A01
200700005827,0,15,000,00,2,2,00,B01
200700005827,0,07,000,00,2,8,00,A01
200700005828,0,07,000,00,0,9,00,A01
200700005829,0,07,000,00,0,2,12,A01
200700005829,0,33,000,00,2,3,03,B01
200700005830,0,07,000,00,2,7,14,A01
200700005830,0,33,000,00,2,8,01,B01
200700005831,0,10,000,03,0,3,11,A01
200700005832,0,07,000,13,0,6,01,A01
200700005833,0,07,000,04,0,2,01,A01
200700005834,0,33,000,00,0,0,00,A01
200700005835,0,07,000,04,0,1,00,A01
200700005836,0,07,000,00,2,4,02,A01
200700005836,0,31,000,00,2,1,02,B01
200700005837,0,10,000,00,2,8,01,A01
200700005837,0,10,000,00,2,8,01,B01
200700005837,0,10,000,00,0,7,02,C01
200700005837,0,33,000,00,2,8,03,D01
200700005838,0,30,000,00,0,8,00,A01
200700005839,0,07,000,00,2,4,21,A01
200700005839,0,07,000,00,2,1,21,F01
200700005839,0,07,000,00,2,2,21,B01
200700005839,0,07,000,00,2,2,21,G01
200700005839,0,07,000,00,2,1,21,C01
200700005839,0,07,000,00,9,9,14,H02
200700005839,0,07,000,04,0,1,21,D01
200700005839,0,07,000,00,2,9,21,I02
200700005839,0,07,000,00,2,1,21,E01
200700005840,0,07,000,04,0,2,09,A01
200700005841,0,10,000,04,0,3,01,A01
200700005842,0,10,000,00,2,1,02,A01
200700005842,0,07,000,00,0,4,01,B01
200700005843,0,07,000,00,0,4,01,A01
200700005843,0,07,000,00,2,1,02,B01
200700005844,0,07,000,00,0,9,21,A01
200700005845,0,07,000,04,0,1,01,A01
200700005846,0,07,000,00,2,6,11,A01
200700005846,0,33,000,00,2,1,03,B01
200700005847,0,07,000,00,1,0,04,A01
200700005848,0,07,000,00,1,1,01,A01
200700005849,0,07,000,00,9,3,01,A01
200700005849,0,01,000,00,2,0,00,B01
200700005850,0,31,000,00,2,0,00,A01
200700005850,0,07,000,00,2,0,00,B01
200700005851,0,07,000,15,0,1,01,A01
200700005852,0,07,000,00,2,0,01,A01
200700005852,0,07,000,00,2,0,01,B01
200700005853,0,07,000,00,2,1,13,A01
200700005853,0,07,000,00,2,1,01,B01
200700005854,0,07,000,00,2,1,01,A01
200700005854,0,07,000,00,2,4,01,B01
200700005855,0,07,000,00,1,1,01,A01
200700005856,0,07,000,00,2,1,01,A01
200700005856,0,07,000,00,2,4,01,B01
200700005856,0,07,000,00,0,4,01,C01
200700005857,0,07,000,00,2,1,01,A01
200700005857,0,07,000,00,2,4,01,B01
200700005858,0,07,000,00,2,1,01,A01
200700005858,0,02,000,00,2,8,01,B01
200700005859,0,07,000,00,2,1,02,A01
200700005859,0,07,000,00,2,4,02,B01
200700005860,0,07,000,00,2,2,02,A01
200700005860,0,07,000,00,2,6,02,B01
200700005861,0,07,000,04,0,2,01,A01
200700005862,0,07,000,00,0,0,00,A01
200700005862,0,07,000,00,0,0,00,B01
200700005863,0,07,000,03,2,1,14,A01
200700005863,0,07,000,00,2,7,01,B01
200700005863,0,07,000,00,2,7,01,C01
200700005864,0,07,000,03,0,1,15,A01
200700005865,2,07,000,00,0,0,00,A01
200700005866,0,07,000,00,0,0,00,A01
200700005867,0,07,000,00,0,0,00,A01
200700005868,0,07,000,00,2,1,02,A01
200700005868,0,07,000,00,2,4,02,B01
200700005868,0,07,000,00,2,4,02,C01
200700005869,0,13,000,03,0,1,14,A01
200700005870,0,07,000,00,0,0,00,A01
200700005870,0,07,000,00,0,0,00,B01
200700005871,0,07,000,00,0,4,01,A01
200700005871,0,16,000,00,2,1,02,B01
200700005872,0,07,000,00,0,0,00,A01
200700005872,0,07,000,00,0,0,00,B01
200700005873,0,07,000,00,2,1,01,A01
200700005873,0,17,000,00,0,4,01,B01
200700005874,0,07,000,00,2,1,01,A01
200700005874,0,07,000,00,2,4,02,B01
200700005875,0,07,000,00,2,2,01,A01
200700005875,0,07,000,00,2,6,02,B01
200700005876,0,07,000,00,0,0,01,A01
200700005877,0,07,000,00,0,0,01,A01
200700005877,0,07,000,00,0,0,00,B01
200700005878,0,17,000,00,2,1,01,A01
200700005878,0,17,000,00,2,4,02,B01
200700005879,0,07,000,00,0,0,00,A01
200700005880,0,07,000,00,0,1,01,A01
200700005881,0,07,000,00,0,0,00,A01
200700005882,0,07,000,00,0,0,00,A01
200700005882,0,07,000,00,0,0,00,B01
200700005883,0,07,000,00,0,0,01,A01
200700005884,0,07,000,04,0,7,13,A01
200700005885,0,07,000,00,2,2,12,A01
200700005885,0,07,000,00,2,3,01,B01
200700005886,0,07,000,04,0,1,14,A01
200700005887,0,07,000,00,0,0,00,A01
200700005887,0,07,000,00,0,0,00,B01
200700005887,0,07,000,00,0,0,00,C01
200700005888,0,07,000,00,0,0,01,A01
200700005889,0,07,000,00,0,0,00,A01
200700005890,0,07,000,00,0,1,12,A01
200700005891,0,07,000,00,2,0,00,A01
200700005891,0,07,000,00,2,0,00,B01
200700005892,0,07,000,00,0,0,00,A01
200700005893,0,10,000,03,0,0,00,A01
200700005894,0,17,000,00,2,0,00,A01
200700005894,0,07,000,00,2,0,00,B01
200700005895,0,07,000,07,0,0,00,A01
200700005896,0,07,000,04,0,0,00,A01
200700005897,0,07,000,00,0,0,00,A01
200700005897,0,15,000,00,0,0,00,B01
200700005898,0,07,000,00,0,0,00,A01
200700005899,0,07,000,04,0,0,00,A01
200700005900,0,07,000,00,0,0,00,A01
200700005900,0,07,000,00,0,0,00,B01
200700005901,0,07,000,00,0,0,00,A01
200700005901,0,07,000,00,0,0,00,B01
200700005902,0,07,000,00,0,0,00,A01
200700005903,0,07,000,00,0,0,00,A01
200700005903,0,07,000,00,0,0,00,B01
200700005904,0,17,000,00,0,0,00,A01
200700005904,0,17,000,00,0,0,00,B01
200700005904,0,07,000,00,0,0,00,C01
200700005905,0,07,000,04,0,0,00,A01
200700005906,0,07,000,00,0,0,00,A01
200700005907,0,33,000,00,0,0,00,A01
200700005908,0,07,000,00,0,0,00,A01
200700005908,0,07,000,00,0,0,00,B01
200700005908,0,07,000,00,0,0,00,C01
200700005908,0,07,000,00,0,0,00,D01
200700005909,0,07,000,00,0,0,00,A01
200700005909,0,10,000,00,0,0,00,B01
200700005910,0,07,000,00,0,0,00,A01
200700005910,0,07,000,00,0,0,00,F01
200700005910,0,07,000,00,0,0,00,B01
200700005910,0,07,000,00,0,0,00,C01
200700005910,0,07,000,00,0,0,00,D01
200700005910,0,07,000,00,0,0,00,E01
200700005911,0,07,000,00,0,0,00,A01
200700005912,0,07,000,00,1,2,01,A01
200700005913,0,07,000,00,2,6,15,A01
200700005913,0,10,000,00,2,1,17,B01
200700005914,0,02,000,01,0,3,01,A01
200700005915,0,07,000,00,2,1,01,A01
200700005915,0,07,000,00,2,4,01,B01
200700005915,0,07,000,00,0,4,01,C01
200700005916,0,07,000,00,1,4,04,A01
200700005917,0,07,000,00,2,3,16,A01
200700005917,0,07,000,00,2,3,23,B01
200700005917,0,07,000,00,2,8,23,C01
200700005918,0,07,000,00,1,1,15,A01
200700005919,0,07,000,00,2,1,01,A01
200700005919,0,07,000,00,2,6,01,B01
200700005920,0,07,000,00,2,1,01,A01
200700005920,0,07,000,00,2,8,01,B01
200700005921,0,07,000,00,2,1,01,A01
200700005921,0,07,000,00,2,4,01,B01
200700005921,0,07,000,00,2,4,02,C01
200700005922,0,07,000,00,2,7,01,A01
200700005922,0,07,000,00,2,1,01,B01
200700005923,0,07,000,00,2,8,11,A01
200700005923,0,32,000,00,2,1,01,B01
200700005924,0,07,000,00,2,3,15,B01
200700005924,0,32,000,00,2,1,01,A01
200700005925,0,07,000,02,2,1,15,A01
200700005926,0,10,000,00,1,1,01,A01
200700005927,0,07,000,00,2,2,15,A01
200700005927,0,07,000,00,2,3,01,B01
200700005928,0,33,000,00,1,3,00,A01
200700005929,0,01,000,00,2,1,01,A01
200700005929,0,20,000,00,9,2,16,B01
200700005930,0,07,000,02,0,1,01,A01
200700005931,0,01,000,00,2,1,01,B01
200700005931,0,07,000,00,2,3,01,A01
200700005932,0,07,000,00,2,1,15,A01
200700005932,0,07,000,00,2,1,01,B01
200700005933,0,02,000,00,1,1,01,A01
200700005934,0,07,000,11,2,1,11,A01
200700005934,0,07,000,00,0,8,15,B01
200700005935,0,07,000,00,1,1,01,A01
200700005936,0,07,000,00,1,2,01,A01
200700005937,0,07,000,00,2,5,13,A01
200700005937,0,34,000,00,2,1,01,B01
200700005938,0,07,000,04,0,1,13,A01
200700005939,0,07,000,04,0,7,14,A01
200700005940,0,07,000,04,2,2,14,A01
200700005940,0,07,000,04,0,6,01,B01
200700005941,0,17,000,07,2,2,21,A01
200700005941,0,07,000,00,0,6,23,B01
200700005942,0,07,000,00,2,3,01,A01
200700005942,0,07,000,04,0,7,01,B01
200700005942,0,17,000,00,2,7,13,C01
200700005943,0,07,000,00,2,3,13,A01
200700005943,0,17,000,00,0,7,01,B01
200700005944,0,10,000,00,2,6,02,A01
200700005944,0,05,000,00,0,1,01,B01
200700005945,0,07,000,03,0,1,14,A01
200700005946,0,17,000,00,2,2,14,A01
200700005946,0,07,000,03,0,8,01,B01
200700005947,0,07,000,04,0,3,13,A01
200700005948,0,07,000,00,0,4,01,B01
200700005948,0,07,000,00,2,1,01,A01
200700005949,0,05,000,00,0,2,01,A01
200700005949,0,10,000,00,2,6,11,B01
200700005950,0,07,000,04,0,2,14,A01
200700005951,0,07,000,03,0,4,01,A01
200700005952,0,07,000,00,2,1,02,A01
200700005952,0,07,000,00,0,4,02,B01
200700005952,0,07,000,00,0,4,02,C01
200700005952,0,07,000,00,0,4,02,D01
200700005953,0,07,000,00,2,1,02,A01
200700005953,0,15,000,00,0,4,02,B01
200700005954,0,07,000,03,0,1,02,A01
200700005955,0,07,000,03,0,1,02,A01
200700005956,0,07,000,00,0,6,01,B01
200700005956,0,07,000,00,2,1,21,A01
200700005957,0,07,000,00,9,2,20,A01
200700005958,0,10,000,01,0,7,02,A01
200700005958,0,14,000,00,0,6,24,B01
200700005959,0,07,000,00,2,2,02,A01
200700005959,0,07,000,00,0,8,02,B01
200700005960,0,07,000,00,2,2,14,A01
200700005960,0,17,000,00,0,6,01,B01
200700005961,0,07,000,00,2,3,13,A01
200700005961,0,10,000,03,0,2,01,B01
200700005962,0,10,000,00,2,1,02,A01
200700005962,0,07,000,00,2,4,23,B01
200700005962,0,07,000,00,0,4,23,C01
200700005963,0,14,000,00,0,4,23,B01
200700005963,0,14,000,00,2,1,01,A01
200700005964,0,07,000,00,1,0,01,A01
200700005965,0,07,000,00,2,1,02,A01
200700005965,0,07,000,00,0,4,02,B01
200700005966,0,07,000,00,1,0,10,A01
200700005967,0,07,000,00,0,4,23,A01
200700005967,0,07,000,00,2,1,02,B01
200700005967,0,07,000,00,2,4,23,C01