Num_Acc,senc,catv,occutc,obs,obsm,choc,manv,num_veh
200700005967,0,07,000,00,2,1,02,D01
200700005968,0,17,000,03,0,7,06,A01
200700005968,0,07,000,00,0,0,01,B01
200700005968,0,10,000,00,2,3,01,C01
200700005969,0,17,000,03,2,2,01,A01
200700005969,0,17,000,00,0,6,23,B01
200700005970,0,07,000,14,0,3,01,A01
200700005971,0,07,000,14,0,4,23,B01
200700005971,0,07,000,14,0,1,02,A01
200700005971,0,10,000,00,2,1,21,C01
200700005971,0,07,000,00,0,4,23,D01
200700005972,0,07,000,00,2,1,01,B01
200700005972,0,07,000,03,2,1,09,A01
200700005973,0,07,000,04,2,1,02,A01
200700005973,0,07,000,00,2,4,02,B01
200700005973,0,07,000,00,2,4,02,C01
200700005973,0,07,000,00,2,4,02,D01
200700005973,0,10,000,04,0,3,01,E01
200700005974,0,07,000,00,0,6,01,B01
200700005974,0,15,000,00,2,2,12,A01
200700005975,0,07,000,00,2,5,15,A01
200700005975,0,33,000,00,2,1,01,B01
200700005976,0,07,000,00,2,1,01,B01
200700005976,0,01,000,00,2,8,19,A01
200700005977,0,07,000,08,2,2,15,A01
200700005977,0,07,000,00,2,1,01,B01
200700005978,0,33,000,00,1,2,01,A01
200700005979,0,07,000,00,2,2,16,A01
200700005979,0,32,000,00,2,1,01,B01
200700005980,0,07,000,00,2,1,15,A01
200700005980,0,02,000,00,2,1,01,B01
200700005981,0,07,000,00,2,1,01,A01
200700005981,0,07,000,00,2,4,01,B01
200700005982,0,10,000,00,2,2,16,A01
200700005982,0,33,000,00,2,1,01,B01
200700005983,0,07,000,00,2,7,01,A01
200700005983,0,07,000,00,2,3,01,B01
200700005984,0,07,000,00,2,1,01,A01
200700005984,0,07,000,00,2,1,01,B01
200700005985,0,07,000,00,2,2,20,A01
200700005985,0,01,000,00,2,8,19,B01
200700005986,1,07,000,00,1,0,01,A01
200700005987,0,07,000,00,1,1,01,A01
200700005988,0,07,000,00,2,7,15,A01
200700005988,0,33,000,00,2,1,01,B01
200700005989,0,07,000,01,0,1,12,A01
200700005990,0,07,000,08,0,1,02,A01
200700005991,0,33,000,00,0,7,00,A01
200700005992,0,07,000,00,1,3,15,A01
200700005993,0,07,000,00,1,3,01,A01
200700005994,0,07,000,01,2,1,13,A01
200700005994,0,07,000,00,2,1,01,B01
200700005995,0,07,000,00,1,3,01,A01
200700005996,0,07,000,00,2,0,09,A01
200700005996,0,33,000,00,2,0,01,B01
200700005997,0,07,000,03,0,2,02,A01
200700005997,0,10,000,00,0,6,02,B01
200700005998,0,07,000,13,0,2,14,A01
200700005999,0,07,000,04,0,1,02,A01
200700006000,0,07,000,04,0,3,11,A01
200700006000,0,07,000,00,2,6,02,B01
200700006001,0,33,000,00,2,1,02,A01
200700006001,0,07,000,00,0,4,02,B01
200700006002,0,07,000,13,0,1,01,A01
200700006002,0,07,000,03,0,7,01,B01
200700006002,0,07,000,00,2,1,00,C01
200700006002,0,07,000,00,2,3,02,D01
200700006002,0,07,000,00,2,3,02,E01
200700006003,0,07,000,04,0,3,16,A01
200700006004,0,07,000,04,0,3,00,A01
200700006005,0,07,000,03,0,6,01,B01
200700006005,0,07,000,03,2,1,13,A01
200700006006,0,10,000,04,0,3,09,A01
200700006007,0,07,000,04,2,3,01,A01
200700006007,0,07,000,04,2,3,01,B01
200700006008,0,07,000,00,2,1,02,A01
200700006008,0,07,000,00,2,4,02,B01
200700006008,0,07,000,00,2,4,02,C01
200700006008,0,07,000,00,2,4,02,D01
200700006009,0,07,000,15,0,9,01,A01
200700006009,0,07,000,08,0,1,01,B01
200700006009,0,07,000,08,0,0,01,C01
200700006009,0,07,000,08,0,1,01,D01
200700006009,0,07,000,08,0,3,01,E01
200700006010,0,17,000,00,2,7,01,A01
200700006010,0,10,000,00,2,4,01,B01
200700006011,0,07,000,00,2,1,01,A01
200700006011,0,07,000,00,0,4,11,B01
200700006012,0,07,000,00,0,2,12,A01
200700006012,0,32,000,00,2,8,01,B01
200700006013,0,07,000,04,0,2,02,A01
200700006014,0,07,000,04,0,2,01,A01
200700006015,0,07,000,04,0,3,01,A01
200700006016,0,07,000,00,2,1,00,A01
200700006016,0,07,000,00,0,6,02,B01
200700006017,0,07,000,04,0,3,02,A01
200700006017,1,07,000,00,2,0,14,B01
200700006018,0,14,000,00,2,2,01,A01
200700006018,0,07,000,00,0,6,01,B01
200700006019,0,07,000,00,2,2,02,A01
200700006019,0,07,000,00,0,4,02,B01
200700006020,0,17,000,00,0,6,23,A01
200700006020,0,07,000,00,2,2,00,B01
200700006021,0,33,000,00,2,8,03,A01
200700006021,0,07,000,00,2,3,11,B01
200700006022,0,07,000,04,0,1,01,A01
200700006023,0,07,000,00,0,1,00,A01
200700006024,0,17,000,00,2,1,02,A01
200700006024,0,07,000,00,0,4,01,B01
200700006024,0,07,000,00,2,8,01,C01
200700006025,0,07,000,00,2,4,01,A01
200700006025,0,14,000,00,2,2,00,B01
200700006026,0,07,000,00,1,1,01,A01
200700006027,0,02,000,00,2,2,01,A01
200700006027,0,07,000,00,0,5,02,B01
200700006028,0,07,000,00,0,0,02,B01
200700006028,0,07,000,00,2,1,02,A01
200700006029,0,07,000,00,2,4,00,A01
200700006029,0,07,000,00,2,1,01,B01
200700006030,0,07,000,00,2,1,00,A01
200700006030,0,37,000,00,2,1,01,B01
200700006031,0,01,000,00,1,1,19,A01
200700006032,0,07,000,00,0,4,01,B01
200700006032,0,07,000,00,2,1,01,A01
200700006033,0,07,000,00,2,6,11,B01
200700006033,0,07,000,03,2,2,01,A01
200700006034,0,07,000,00,2,1,02,C01
200700006034,0,07,000,00,2,1,02,B01
200700006034,0,07,000,00,0,6,01,A01
200700006035,0,07,000,00,2,2,09,B01
200700006035,0,07,000,00,0,6,01,A01
200700006036,0,07,000,09,0,1,00,A01
200700006037,0,07,000,00,0,1,02,D01
200700006037,0,07,000,03,0,4,02,C01
200700006037,0,07,000,00,2,9,00,B01
200700006037,0,07,000,03,2,1,00,A01
200700006038,0,07,000,00,2,1,02,C01
200700006038,0,07,000,00,2,4,01,B01
200700006038,0,07,000,00,0,4,01,A01
200700006039,0,07,000,00,2,1,02,B01
200700006039,0,07,000,00,2,6,02,A01
200700006040,0,07,000,00,2,3,02,C01
200700006040,0,07,000,00,2,1,12,B01
200700006040,0,07,000,00,0,6,01,A01
200700006041,0,07,000,04,0,3,01,A01
200700006042,0,07,000,00,2,1,01,C01
200700006042,0,07,000,00,2,4,23,B01
200700006042,0,07,000,00,9,4,01,A01
200700006043,0,07,000,00,2,3,02,B01
200700006043,0,07,000,00,2,4,00,A01
200700006044,0,07,000,02,0,1,14,A01
200700006045,0,07,000,00,2,1,01,B01
200700006045,0,07,000,00,0,4,01,A01
200700006046,0,07,000,00,0,8,01,A01
200700006047,0,07,000,00,2,1,01,C01
200700006047,0,07,000,00,2,4,01,B01
200700006047,0,07,000,00,0,4,01,A01
200700006048,0,07,000,00,2,1,01,E01
200700006048,0,07,000,00,0,4,01,D01
200700006048,0,07,000,00,2,1,01,C01
200700006048,0,07,000,00,0,4,01,B01
200700006048,0,07,000,00,0,4,01,A01
200700006049,0,07,000,00,2,2,02,B01
200700006049,0,07,000,00,2,8,12,A01
200700006050,0,07,000,04,0,1,01,A01
200700006051,0,07,000,00,0,6,11,A01
200700006052,0,07,000,00,2,1,02,C01
200700006052,0,07,000,00,2,4,02,B01
200700006052,0,07,000,00,0,4,02,A01
200700006053,0,33,000,03,0,9,01,A01
200700006054,0,07,000,00,2,6,01,B01
200700006054,0,07,000,00,2,2,01,A01
200700006055,0,07,000,13,2,9,21,A01
200700006056,0,07,000,04,0,3,11,A01
200700006057,0,07,000,03,0,2,01,A01
200700006058,0,07,000,00,2,8,18,B01
200700006058,0,07,000,00,2,7,12,A01
200700006059,0,07,000,00,0,6,12,B01
200700006059,0,07,000,00,0,8,02,A01
200700006060,0,07,000,00,2,1,01,D01
200700006060,0,07,000,00,0,4,02,C01
200700006060,0,07,000,00,2,1,01,B01
200700006060,0,07,000,00,2,1,01,A01
200700006061,0,07,000,00,2,1,02,B01
200700006061,0,07,000,00,0,6,02,A01
200700006062,0,07,000,04,2,7,00,B01
200700006062,0,07,000,00,2,3,02,A01
200700006063,0,07,000,00,2,1,02,D01
200700006063,0,07,000,00,0,4,02,C01
200700006063,0,33,000,00,2,1,03,B01
200700006063,0,07,000,00,9,6,11,A01
200700006064,0,10,000,04,0,1,01,A01
200700006065,0,07,000,00,0,1,02,D01
200700006065,0,07,000,00,0,1,02,C01
200700006065,0,07,000,00,0,1,02,B01
200700006065,0,07,000,00,0,6,02,A01
200700006066,0,33,000,00,2,8,01,B01
200700006066,0,07,000,00,2,7,12,A01
200700006067,0,07,000,00,0,1,01,B01
200700006067,0,07,000,03,0,1,02,A01
200700006068,0,14,000,00,0,0,12,B01
200700006068,0,34,000,00,0,1,01,A01
200700006069,0,07,000,00,2,1,01,C01
200700006069,0,10,000,00,2,4,01,B01
200700006069,0,07,000,00,0,4,01,A01
200700006070,0,07,000,00,0,4,01,A01
200700006071,0,07,000,04,0,3,01,A01
200700006072,0,07,000,03,2,7,12,B01
200700006072,0,07,000,00,0,8,02,A01
200700006073,0,33,000,00,2,1,01,C01
200700006073,0,33,000,00,0,8,12,A01
200700006074,1,07,000,00,2,1,02,A01
200700006074,0,07,000,04,2,5,02,B01
200700006075,0,07,000,00,2,1,02,D01
200700006075,0,07,000,00,2,4,02,C01
200700006075,0,07,000,00,2,4,02,B01
200700006075,0,07,000,00,2,4,02,A01
200700006076,0,07,000,04,2,4,02,B01
200700006076,0,07,000,04,2,1,02,A01
200700006077,0,07,000,00,1,3,16,A01
200700006078,0,07,000,00,2,2,02,B01
200700006078,0,07,000,00,2,2,13,A01
200700006079,0,07,000,00,2,6,09,B01
200700006079,1,07,000,00,2,1,00,A01
200700006080,0,07,000,00,2,1,01,B01
200700006080,0,07,000,00,2,4,02,A01
200700006081,0,07,000,00,2,2,02,A01
200700006081,0,07,000,00,0,3,23,C01
200700006081,0,07,000,00,2,4,16,B01
200700006082,0,15,000,01,0,4,20,B01
200700006082,0,15,000,01,0,1,13,A01
200700006083,0,07,000,00,2,3,23,B01
200700006083,1,07,000,00,2,3,13,A01
200700006084,0,32,000,15,0,7,01,A01
200700006085,0,10,000,00,2,3,01,B01
200700006085,0,10,000,00,2,3,09,A01
200700006086,0,07,000,00,0,4,01,B01
200700006086,0,07,000,00,2,1,01,A01
200700006087,0,14,000,00,2,1,01,C01
200700006087,0,07,000,00,2,8,01,B01
200700006087,0,07,000,00,2,1,02,A01
200700006088,2,07,000,13,0,1,00,A01
200700006089,0,07,000,00,2,1,15,A01
200700006089,0,33,000,00,2,1,01,B01
200700006090,0,07,000,00,1,1,01,A01
200700006091,0,07,000,00,1,2,01,A01
200700006092,0,33,000,00,2,3,01,A01
200700006092,0,07,000,00,0,5,10,B01
200700006093,0,31,000,00,2,1,18,A01
200700006093,0,07,000,00,0,3,10,B01
200700006094,0,02,000,00,0,1,02,A01
200700006095,0,10,000,00,1,2,01,A01
200700006096,0,07,000,00,1,1,01,A01
200700006097,0,07,000,00,2,2,09,A01
200700006097,0,32,000,00,2,1,01,B01
200700006098,0,33,000,00,2,8,00,A01
200700006098,0,17,000,00,2,7,00,B01
200700006099,0,07,000,00,1,2,03,A01
200700006100,0,07,000,08,0,1,00,A01
200700006101,0,07,000,00,9,3,15,A01
200700006101,0,01,000,00,2,8,15,B02
200700006102,0,07,000,00,1,3,15,A01
200700006103,0,07,000,00,2,2,01,A01
200700006103,0,07,000,00,2,3,01,B02
200700006104,0,07,000,08,0,1,01,A01
200700006105,0,07,000,00,2,1,15,A01
200700006105,0,30,000,00,2,1,01,B02
200700006106,0,07,000,13,0,3,01,A01
200700006107,0,07,000,00,2,3,01,B02
200700006107,0,07,000,00,2,1,01,A01
200700006108,0,07,000,00,2,3,01,A01
200700006108,0,07,000,00,2,3,13,B02
200700006108,0,07,000,00,2,8,01,C03
200700006109,0,07,000,05,0,8,01,A01
200700006110,0,10,000,02,0,1,01,A01
200700006110,0,07,000,00,0,0,00,B02
200700006111,0,07,000,00,2,7,02,A01
200700006111,0,01,000,00,2,0,01,B02
200700006112,0,38,000,02,0,2,01,A01
200700006113,0,07,000,00,9,2,01,A01
200700006113,0,02,000,00,2,8,19,B02
200700006114,0,07,000,13,2,3,01,A01
200700006114,0,07,000,00,2,3,01,B02
200700006115,0,07,000,00,2,3,01,A01
200700006115,0,07,000,00,2,3,15,B02
200700006116,0,14,000,00,1,8,01,A01
200700006117,0,30,000,00,0,1,01,A01
200700006118,0,02,000,00,2,1,01,A01
200700006118,0,07,000,00,2,3,01,B02
200700006119,0,07,000,00,9,1,15,A01
200700006119,0,33,000,00,2,7,01,B02
200700006120,0,07,000,13,2,2,13,A01
200700006120,0,07,000,00,2,1,01,B02
200700006121,0,07,000,00,1,2,01,A01
200700006122,0,07,000,02,0,7,16,A01
200700006123,0,07,000,00,1,1,01,A01
200700006124,0,07,000,00,0,1,00,A01
200700006124,0,07,000,00,2,1,01,B02
200700006125,0,07,000,00,2,3,13,A01
200700006125,0,33,000,00,2,1,01,B02
200700006126,0,07,000,00,9,7,17,A01
200700006126,0,01,000,00,2,8,01,B02
200700006127,0,07,000,06,0,8,01,A01
200700006128,0,07,000,06,0,1,01,A01
200700006129,0,07,000,13,0,2,14,A01
200700006130,0,07,000,08,0,1,13,A01
200700006131,0,07,000,00,2,7,13,A01
200700006131,0,07,000,00,2,1,01,B02
200700006132,0,07,000,00,2,5,13,A01
200700006132,0,07,000,00,2,1,01,B02
200700006133,0,07,000,15,0,2,01,A01
200700006134,0,07,000,16,0,9,06,A01
200700006135,0,07,000,00,2,7,01,A01
200700006135,0,07,000,00,2,1,01,B02
200700006136,0,07,000,00,1,3,01,A01
200700006137,0,07,000,00,2,3,17,A01
200700006137,0,07,000,00,2,3,01,B02
200700006137,0,07,000,00,9,3,01,C03
200700006138,0,07,000,00,2,8,09,A01
200700006138,0,33,000,00,2,1,01,B02
200700006139,0,07,000,00,0,9,01,A01
200700006140,0,07,000,00,2,3,13,A01
200700006140,0,07,000,00,2,3,01,B02
200700006141,0,07,000,00,0,9,00,A01
200700006142,0,07,000,00,2,8,16,A01
200700006142,0,07,000,00,2,1,01,B02
200700006143,0,15,000,00,2,3,05,A01
200700006143,0,07,000,00,2,3,01,B02
200700006143,0,10,000,00,2,5,01,C03
200700006144,0,07,000,00,2,3,02,A01
200700006144,0,33,000,00,2,1,02,B02
200700006144,0,07,000,00,2,3,01,C03
200700006145,0,07,000,08,0,8,01,A01
200700006146,0,17,000,00,2,8,21,B02
200700006146,0,38,000,00,2,7,15,A01
200700006147,0,07,000,02,0,7,01,A01
200700006148,0,02,000,03,0,1,14,A01
200700006149,0,07,000,00,2,1,01,A01
200700006149,0,07,000,00,2,1,03,B02
200700006150,0,07,000,00,9,3,19,A01
200700006150,0,02,000,00,2,1,17,B02
200700006151,0,07,000,00,2,4,15,A01
200700006151,0,07,000,00,2,1,02,B02
200700006152,0,03,000,00,1,1,01,A01
200700006153,0,07,000,14,0,2,01,A01
200700006153,0,17,000,00,2,6,23,B02
200700006154,0,07,000,00,2,1,13,A01
200700006154,0,07,000,00,2,3,02,B02
200700006155,0,30,000,00,0,0,01,A01
200700006156,0,33,000,03,0,7,01,A01
200700006157,0,07,000,00,0,0,00,A01
200700006158,0,07,000,00,2,1,01,A01
200700006158,0,07,000,00,2,1,17,B02
200700006158,0,07,000,00,2,3,01,C03
200700006159,0,07,000,00,2,8,01,A01
200700006160,0,38,000,13,0,7,01,A01
200700006161,0,07,000,00,2,3,13,A01
200700006161,0,10,000,00,2,3,01,B02
200700006162,0,33,000,13,0,2,13,A01
200700006163,0,07,000,06,2,9,02,A01
200700006163,0,07,000,00,0,4,02,B02
200700006164,0,07,000,00,2,2,02,A01
200700006164,0,01,000,00,2,4,02,B02
200700006165,0,07,000,00,2,1,17,A01
200700006165,0,02,000,00,0,0,15,B02
200700006166,0,33,000,00,2,3,13,A01
200700006166,0,07,000,00,2,3,01,B02
200700006167,0,07,000,00,0,9,02,A01
200700006168,0,07,000,00,0,0,09,A01
200700006168,0,33,000,00,2,4,01,B02
200700006169,0,13,000,00,2,2,15,A01
200700006169,0,10,000,00,2,0,01,B02
200700006170,0,07,000,15,0,1,13,A01
200700006171,0,33,000,00,2,1,13,A01
200700006171,0,07,000,00,2,3,01,B02
200700006172,0,07,000,00,2,7,15,A01
200700006172,0,02,000,00,2,1,01,B02
200700006173,0,02,000,00,9,1,17,A01
200700006173,0,17,000,00,2,4,01,B02
200700006174,0,33,000,16,0,0,17,A01
200700006174,0,21,000,00,0,0,01,B02
200700006175,0,30,000,00,1,1,01,A01
200700006175,0,30,000,00,2,1,02,B02
200700006176,0,33,000,01,0,1,00,A01
200700006176,0,07,000,00,2,1,00,B02
200700006177,0,07,000,00,2,3,00,A01
200700006177,0,30,000,00,2,1,01,B02
200700006178,0,07,000,00,2,7,01,A01
200700006178,0,07,000,00,2,1,01,B02
200700006179,0,07,000,10,0,1,01,A01
200700006180,0,07,000,00,9,2,13,A01
200700006180,0,01,000,00,2,1,01,B02
200700006181,0,07,000,08,0,3,01,A01
200700006182,0,07,000,02,0,9,01,A01
200700006183,0,07,000,00,0,7,01,A01
200700006184,0,07,000,08,0,2,01,A01
200700006185,0,17,000,01,2,3,06,A01
200700006185,0,07,000,09,2,3,01,B02
200700006186,0,02,000,00,2,1,02,A01
200700006186,0,07,000,00,2,5,15,B02
200700006186,0,07,000,01,2,4,24,C03
200700006187,0,02,000,00,1,1,01,A01
200700006188,0,01,000,00,2,1,01,A01
200700006188,0,02,000,00,2,1,01,B02
200700006189,0,07,000,00,2,1,13,A01
200700006189,0,07,000,00,2,1,01,B02
200700006190,0,10,000,00,2,1,01,B02
200700006190,0,07,000,00,2,8,19,A01
200700006191,0,07,000,00,2,1,13,A01
200700006191,0,17,000,00,2,1,01,B02
200700006192,0,07,000,00,2,3,05,A01
200700006192,0,07,000,00,2,3,00,B02
200700006192,0,07,000,00,2,8,01,C03
200700006193,0,07,000,00,0,0,01,A01
200700006194,0,07,000,00,2,1,00,A01
200700006194,0,07,000,00,2,3,01,B02
200700006195,0,07,000,00,2,3,19,A01
200700006195,0,31,000,00,2,1,01,B02
200700006196,0,07,000,03,0,2,01,A01
200700006197,0,07,000,00,2,1,13,A01
200700006197,0,07,000,00,2,1,01,B02
200700006198,0,07,000,06,0,3,13,A01
200700006199,0,07,000,00,1,3,13,A01
200700006200,0,07,000,00,1,2,01,A01
200700006201,0,07,000,00,2,3,01,A01
200700006201,0,07,000,00,2,3,01,B02
200700006202,0,07,000,00,2,1,01,A01
200700006203,0,07,000,00,2,1,01,A01
200700006203,0,32,000,00,0,4,02,B02
200700006204,0,07,000,00,2,7,19,A01
200700006204,0,02,000,00,2,1,01,B02
200700006205,0,07,000,02,0,8,01,A01
200700006206,0,07,000,02,0,7,14,A01
200700006207,0,07,000,00,2,3,01,A01
200700006207,0,02,000,00,2,1,01,B02
200700006208,0,07,000,00,0,1,13,A01
200700006208,0,07,000,00,0,1,01,B02
200700006209,0,07,000,13,0,9,01,A01
200700006210,1,07,000,00,2,3,17,A01
200700006210,0,33,000,00,0,0,15,B02
200700006211,0,33,000,00,0,7,01,A01
200700006212,0,07,000,00,2,1,01,A01
200700006212,0,07,000,00,2,8,15,B02
200700006213,0,07,000,11,0,1,13,A01
200700006213,0,07,000,00,2,1,01,B02
200700006214,0,10,000,02,0,7,01,A01
200700006215,0,07,000,06,0,1,14,A01
200700006216,0,10,000,00,2,2,15,A01
200700006216,0,02,000,00,2,3,01,B02
200700006217,0,33,000,00,2,1,01,A01
200700006217,0,07,000,00,2,3,15,B02
200700006218,0,07,000,00,2,1,13,A01
200700006218,0,02,000,00,2,1,01,B02
200700006219,0,07,000,02,6,1,14,A01
200700006220,2,07,000,00,2,6,10,A01
200700006220,0,07,000,00,2,3,01,B02
200700006221,0,07,000,00,0,8,01,A01
200700006222,0,07,000,00,2,2,01,A01
200700006222,0,07,000,00,2,1,19,B02
200700006223,0,07,000,00,0,1,01,A01
200700006224,0,07,000,00,2,2,15,A01
200700006224,0,01,000,00,2,7,01,B02
200700006225,0,07,000,00,2,2,13,A01
200700006225,0,01,000,00,2,1,01,B02
200700006226,0,07,000,13,0,1,00,A01
200700006227,0,07,000,00,2,1,01,A01
200700006227,0,07,000,00,2,8,19,B02
200700006228,0,33,000,00,2,8,00,A01
200700006228,0,07,000,00,2,8,00,B02
200700006229,0,07,000,00,2,1,01,A01
200700006229,0,07,000,00,2,8,16,B02
200700006230,0,07,000,00,2,1,01,A01
200700006230,0,07,000,00,2,1,17,B02
200700006231,0,07,000,00,2,1,15,A01
200700006231,0,02,000,00,2,1,01,B02
200700006232,0,07,000,00,2,1,17,A01
200700006232,0,07,000,00,2,8,15,B02
200700006233,0,07,000,13,0,1,01,A01
200700006234,0,07,000,00,2,7,15,A01
200700006234,0,02,000,00,2,1,01,B02
200700006235,0,07,000,00,2,5,19,A01
200700006235,0,02,000,00,2,1,01,B02
200700006236,0,07,000,00,2,8,15,A01
200700006236,0,02,000,00,2,1,01,B02
200700006237,0,30,000,00,2,3,01,A01
200700006237,0,10,000,00,2,5,01,B02
200700006238,0,02,000,00,2,1,01,A01
200700006238,0,07,000,00,2,6,01,B02
200700006239,0,07,000,00,1,2,01,A01
200700006240,0,07,000,08,0,9,01,A01
200700006241,0,07,000,00,2,1,02,A01
200700006241,0,07,000,00,0,4,23,B02
200700006241,0,07,000,00,0,0,23,C03
200700006242,0,10,000,00,2,1,00,A01
200700006242,0,07,000,00,2,1,17,B02
200700006242,0,17,000,00,0,0,01,C03
200700006243,0,07,000,02,0,1,01,A01
200700006244,0,07,000,00,2,2,09,A01
200700006244,0,07,000,00,2,3,01,B02
200700006245,0,07,000,00,2,3,00,A01
200700006245,0,07,000,00,2,1,00,B02
200700006246,0,07,000,00,2,3,10,A01
200700006246,0,30,000,01,2,1,01,B02
200700006247,0,10,000,00,2,3,01,A01
200700006247,0,10,000,00,2,8,19,B02
200700006248,0,07,000,00,2,1,13,A01
200700006248,0,07,000,00,2,1,01,B02
200700006248,0,07,000,00,2,1,01,C03
200700006249,0,07,000,00,2,8,13,A01
200700006249,0,07,000,00,2,1,01,B02
200700006250,0,07,000,00,1,1,01,A01
200700006251,0,07,000,16,0,7,14,A01
200700006252,0,07,000,00,0,3,17,A01
200700006252,0,07,000,15,0,3,01,B02
200700006253,0,07,000,00,9,1,15,A01
200700006253,0,02,000,00,2,1,01,B02
200700006254,0,07,000,13,0,1,01,A01
200700006255,0,33,000,00,2,1,13,A01
200700006255,0,14,000,00,2,1,01,B02
200700006256,0,07,000,00,2,2,01,A01
200700006256,0,30,000,00,0,4,01,B02
200700006257,0,33,000,00,2,1,17,A01
200700006257,0,07,000,00,2,8,15,B02
200700006258,0,01,000,00,2,8,19,A01
200700006258,0,07,000,00,0,0,00,B02
200700006259,0,10,000,00,2,3,01,A01
200700006259,0,17,000,00,2,8,01,B02
200700006259,0,10,000,00,0,0,00,C03
200700006260,0,31,000,00,2,8,02,A01
200700006260,0,07,000,00,0,7,16,B02
200700006261,0,10,000,00,2,7,15,A01
200700006261,0,07,000,00,2,1,01,B02
200700006262,0,15,000,00,2,2,01,A01
200700006262,0,03,000,00,2,7,19,B02
200700006263,0,07,000,00,2,8,19,A01
200700006263,0,07,000,00,2,1,01,B02
200700006264,0,14,000,00,1,0,16,A01
200700006265,0,07,000,00,2,6,15,A01
200700006266,0,07,000,00,0,1,01,A01
200700006266,0,07,000,00,0,7,15,B02
200700006267,0,07,000,00,9,3,01,A01
200700006267,0,02,000,00,0,4,16,B02
200700006268,0,07,000,00,2,1,01,A01
200700006268,0,01,000,00,2,8,15,B02
200700006269,0,07,000,00,2,2,01,B02
200700006269,0,07,000,00,0,3,15,A01
200700006270,0,07,000,00,2,7,13,A01
200700006270,0,07,000,00,2,1,01,B02
200700006271,0,07,000,08,0,7,01,A01
200700006272,0,07,000,00,2,7,01,A01
200700006272,0,30,000,00,2,1,19,B02
200700006273,0,01,000,00,2,0,00,A01
200700006273,1,99,000,00,0,0,00,B02
200700006274,0,07,000,00,2,3,17,A01
200700006274,0,10,000,00,2,3,01,B02
200700006274,0,07,000,00,2,2,01,C03
200700006275,0,30,000,00,2,8,01,A01
200700006275,0,07,000,00,2,1,15,B02
200700006276,0,01,000,00,1,1,01,A01
200700006277,1,07,000,00,1,2,01,A01
200700006278,0,15,000,00,0,4,02,A01
200700006278,0,07,000,00,2,1,02,B02
200700006279,0,07,000,00,2,1,01,A01
200700006279,0,07,000,00,2,1,01,B02
200700006280,0,07,000,00,2,1,19,A01
200700006280,0,07,000,00,2,8,01,B02
200700006281,0,07,000,14,0,2,01,A01
200700006281,0,02,000,00,2,6,23,B02
200700006282,0,02,000,00,1,1,01,A01
200700006283,0,07,000,00,2,2,15,A01
200700006283,0,07,000,00,2,1,01,B02
200700006284,0,07,000,00,1,1,01,A01
200700006285,0,07,000,03,0,1,05,A01
200700006286,0,07,000,00,2,3,13,A01
200700006286,0,07,000,00,2,3,01,B02
200700006286,0,07,000,00,2,3,01,C03
200700006287,0,07,000,00,1,2,17,A01
200700006288,0,33,000,00,2,1,17,A01
200700006288,0,07,000,00,2,3,15,B02
200700006289,0,07,000,00,2,3,01,A01
200700006289,0,07,000,00,0,3,13,B02
200700006290,0,30,000,00,2,9,13,A01
200700006290,0,07,000,00,2,1,01,B02
200700006291,0,07,000,13,0,3,01,A01
200700006292,0,07,000,00,2,1,13,A01
200700006292,0,07,000,00,2,1,01,B02
200700006293,0,07,000,02,0,7,01,A01
200700006294,0,07,000,00,9,1,02,A01
200700006294,0,01,000,00,2,4,02,B02
200700006295,0,07,000,13,0,3,13,A01
200700006296,0,07,000,00,2,1,13,A01
200700006296,0,07,000,00,2,3,01,B02
200700006297,0,07,000,06,0,1,14,A01
200700006298,0,30,000,00,0,5,19,A01
200700006298,0,07,000,00,0,2,01,B02
200700006299,0,07,000,01,0,9,01,A01
200700006300,1,07,000,00,2,2,11,A01
200700006300,0,07,000,00,0,6,01,B02
200700006301,0,07,000,00,2,3,13,A01
200700006301,0,07,000,00,2,3,01,B02
200700006302,0,07,000,06,0,1,01,A01
200700006303,0,07,000,00,0,3,15,A01
200700006303,0,33,000,00,0,2,01,B02
200700006303,0,07,000,00,0,4,00,C03
200700006304,0,07,000,02,0,1,01,A01
200700006305,0,02,000,00,0,8,00,A01
200700006306,0,30,000,08,0,1,01,A01
200700006307,0,07,000,13,0,1,11,A01
200700006308,0,07,000,00,0,0,00,A01
200700006309,0,07,000,00,2,2,10,A01
200700006309,0,07,000,00,2,1,01,B02
200700006310,0,07,000,00,2,3,01,A01
200700006310,0,07,000,00,2,3,01,B02
200700006311,0,07,000,00,2,2,01,A01
200700006311,0,03,000,00,2,3,01,B02
200700006312,0,07,000,13,0,3,01,A01
200700006313,0,07,000,00,2,2,01,A01
200700006313,0,07,000,00,2,1,01,B02
200700006314,0,07,000,00,2,1,15,A01
200700006314,0,31,000,00,2,3,01,B02
200700006315,0,33,000,00,2,1,17,A01
200700006315,0,07,000,00,2,6,15,B02
200700006316,0,07,000,08,0,8,14,A01
200700006317,0,07,000,00,1,1,01,A01
200700006318,0,07,000,08,0,1,13,A01
200700006319,0,07,000,00,2,1,11,A01
200700006319,0,07,000,00,2,8,01,B02
200700006320,0,07,000,00,2,1,16,A01
200700006320,0,07,000,00,2,2,01,B02
200700006321,0,10,000,00,1,2,01,A01
200700006322,0,02,000,01,0,2,01,A01
200700006322,0,07,000,00,2,6,23,B02
200700006323,0,07,000,00,2,1,01,A01