Num_Acc,senc,catv,occutc,obs,obsm,choc,manv,num_veh
200700006323,0,07,000,00,2,3,01,B02
200700006324,0,07,000,00,2,1,01,A01
200700006324,0,07,000,00,2,1,01,B02
200700006325,0,07,000,00,2,8,15,A01
200700006325,0,07,000,00,2,1,01,B02
200700006326,0,07,000,00,0,1,19,A01
200700006326,0,01,000,00,0,1,01,B02
200700006327,0,33,000,00,2,4,15,A01
200700006327,0,07,000,00,2,1,01,B02
200700006328,0,30,000,00,2,1,13,A01
200700006329,0,07,000,00,0,2,00,A01
200700006330,0,02,000,00,2,1,01,B02
200700006330,0,07,000,00,2,6,19,A01
200700006331,0,31,000,00,0,0,01,A01
200700006332,0,30,000,00,0,0,01,A01
200700006333,0,07,000,00,2,2,13,A01
200700006333,0,07,000,00,2,3,01,B02
200700006334,0,14,000,00,2,3,01,A01
200700006334,0,07,000,00,2,8,15,B02
200700006335,0,07,000,00,2,3,10,A01
200700006335,0,33,000,00,2,8,01,B02
200700006336,0,07,000,06,0,1,01,A01
200700006337,0,07,000,00,0,3,00,A01
200700006338,0,07,000,00,2,1,01,A01
200700006338,0,07,000,00,2,1,01,B02
200700006339,0,07,000,00,2,1,01,A01
200700006339,0,03,000,00,2,1,15,B02
200700006340,0,07,000,00,1,1,00,A01
200700006341,0,33,000,00,0,9,01,A01
200700006342,0,33,000,00,2,1,01,A01
200700006342,0,07,000,00,0,7,15,B02
200700006343,0,07,000,00,2,1,13,A01
200700006343,0,07,000,00,2,1,01,B02
200700006343,0,07,000,14,0,0,01,C03
200700006344,0,07,000,02,0,1,01,A01
200700006345,0,07,000,13,0,1,14,A01
200700006346,0,10,000,00,2,7,17,A01
200700006346,0,01,000,00,2,8,15,B02
200700006347,0,07,000,00,1,1,01,A01
200700006348,0,07,000,02,0,8,01,A01
200700006349,0,07,000,05,2,1,01,A01
200700006349,0,07,000,00,2,1,01,B02
200700006350,0,07,000,00,2,2,11,A01
200700006350,0,33,000,00,2,1,01,B02
200700006351,0,07,000,00,0,8,19,A01
200700006351,0,30,000,00,2,1,00,B02
200700006352,0,07,000,00,2,2,16,A01
200700006352,0,02,000,00,2,1,01,B02
200700006353,0,31,000,00,2,7,17,A01
200700006353,0,07,000,00,0,3,01,B02
200700006354,0,07,000,00,2,7,01,A01
200700006354,0,07,000,00,2,1,01,B02
200700006355,0,07,000,00,2,2,15,A01
200700006355,0,30,000,00,2,1,01,B02
200700006355,0,07,000,00,9,3,23,C03
200700006355,0,07,000,00,1,3,23,D04
200700006355,0,07,000,00,2,2,15,E05
200700006355,0,31,000,00,2,2,01,F06
200700006356,0,15,000,00,2,6,04,A01
200700006356,0,07,000,00,2,1,01,B02
200700006357,0,07,000,16,0,9,01,A01
200700006358,0,07,000,00,2,2,01,A01
200700006358,0,02,000,00,2,4,02,B02
200700006359,0,07,000,00,9,2,01,A01
200700006359,0,01,000,00,0,0,01,B02
200700006360,0,07,000,00,2,3,15,B02
200700006360,0,10,000,00,2,2,01,A01
200700006361,0,07,000,00,2,2,13,A01
200700006361,0,07,000,00,2,2,01,B02
200700006362,0,07,000,00,1,2,00,A01
200700006363,0,07,000,02,0,1,01,A01
200700006364,0,07,000,13,0,3,01,A01
200700006365,0,07,000,00,2,3,01,A01
200700006365,0,07,000,00,2,3,01,B02
200700006365,0,07,000,00,2,1,01,C03
200700006366,0,33,000,00,0,4,01,A01
200700006366,0,07,000,00,1,2,01,B02
200700006367,0,07,000,00,2,3,01,A01
200700006367,0,07,000,00,2,3,05,B02
200700006368,0,14,000,02,0,0,13,A01
200700006369,0,07,000,00,0,9,14,A01
200700006370,0,07,000,00,2,8,19,B02
200700006370,0,07,000,00,2,1,01,A01
200700006371,0,07,000,00,2,1,01,A01
200700006371,0,14,000,00,2,2,19,B02
200700006372,0,31,000,00,2,1,01,A01
200700006372,0,07,000,00,0,5,23,B02
200700006373,1,07,000,00,2,8,15,A01
200700006373,0,31,000,00,2,1,01,B02
200700006374,0,07,000,00,2,2,05,A01
200700006374,0,07,000,00,2,1,01,B02
200700006375,0,07,000,00,2,1,01,A01
200700006375,0,07,000,00,2,7,15,B02
200700006375,0,02,000,00,2,1,01,C03
200700006376,0,30,000,00,2,1,01,A01
200700006376,0,07,000,00,2,3,19,B02
200700006377,0,07,000,00,1,3,01,A01
200700006378,0,02,000,00,2,1,02,A01
200700006378,0,10,000,00,2,0,23,B02
200700006379,0,07,000,08,0,3,01,A01
200700006380,0,07,000,00,2,3,01,A01
200700006380,0,38,000,00,2,2,01,B02
200700006381,0,07,000,00,2,7,01,A01
200700006381,0,10,000,00,2,1,01,B02
200700006382,0,07,000,00,2,1,13,A01
200700006382,0,07,000,00,2,1,01,B02
200700006383,0,07,000,06,0,1,01,A01
200700006384,0,10,000,13,0,3,01,A01
200700006385,0,07,000,15,0,1,01,A01
200700006386,0,07,000,13,0,3,13,A01
200700006387,0,07,000,00,0,1,01,B02
200700006388,0,07,000,00,2,1,01,A01
200700006388,0,07,000,00,2,8,19,B02
200700006389,0,07,000,15,0,2,19,A01
200700006390,0,07,000,00,2,7,15,A01
200700006390,0,07,000,00,2,1,01,B02
200700006390,0,07,000,00,2,1,23,C03
200700006391,0,07,000,00,1,2,13,A01
200700006392,0,10,000,00,0,3,13,A01
200700006392,0,07,000,00,0,3,01,B02
200700006393,0,07,000,15,0,2,01,A01
200700006394,0,07,000,00,0,3,13,A01
200700006394,0,07,000,00,2,3,01,B02
200700006395,0,07,000,00,2,2,19,A01
200700006395,0,03,000,00,2,3,01,B02
200700006396,0,33,000,13,0,8,01,A01
200700006397,0,30,000,00,0,6,01,A01
200700006398,0,07,000,00,2,2,13,A01
200700006398,0,31,000,00,2,1,01,B02
200700006399,0,07,000,08,0,2,01,A01
200700006400,0,07,000,00,2,3,17,A01
200700006400,0,14,000,00,2,3,01,B02
200700006401,0,07,000,00,2,3,13,A01
200700006401,0,07,000,00,2,3,01,B02
200700006402,0,07,000,00,0,3,01,A01
200700006402,0,07,000,00,0,1,01,B02
200700006402,0,07,000,00,0,1,13,C03
200700006402,0,07,000,00,0,8,01,D04
200700006403,0,07,000,00,2,9,13,A01
200700006403,0,07,000,00,2,6,01,B02
200700006403,0,07,000,00,2,2,01,C03
200700006404,0,07,000,00,0,3,13,A01
200700006404,0,07,000,00,0,3,13,B02
200700006405,0,30,000,00,2,1,01,A01
200700006405,0,15,000,00,2,7,01,B02
200700006406,0,07,000,00,1,8,01,A01
200700006407,0,07,000,00,2,1,01,A01
200700006407,0,07,000,00,2,8,01,B02
200700006408,0,30,000,00,2,7,01,A01
200700006408,0,07,000,00,2,3,01,B02
200700006409,0,07,000,06,0,1,01,A01
200700006410,0,07,000,00,2,1,01,A01
200700006410,0,07,000,00,2,8,19,B02
200700006411,0,07,000,13,0,9,01,A01
200700006412,0,07,000,00,2,2,01,A01
200700006412,0,07,000,00,2,2,13,B02
200700006413,0,33,000,00,0,0,01,A01
200700006414,0,02,000,14,0,7,01,A01
200700006415,0,07,000,00,1,1,01,A01
200700006416,0,07,000,00,9,2,19,A01
200700006416,0,07,000,00,2,1,00,B02
200700006417,0,10,000,06,0,7,14,A01
200700006418,0,07,000,02,0,1,01,A01
200700006419,0,02,000,00,2,1,13,A01
200700006419,0,07,000,00,2,1,01,B02
200700006420,0,20,000,00,0,3,19,A01
200700006420,0,07,000,00,9,1,01,B02
200700006421,0,07,000,00,2,5,15,A01
200700006421,0,07,000,00,2,0,01,B02
200700006422,0,07,000,00,2,3,13,A01
200700006422,0,07,000,00,2,3,01,B02
200700006423,0,07,000,02,0,3,13,A01
200700006424,0,07,000,00,2,3,17,A01
200700006424,0,07,000,00,2,3,01,B02
200700006425,0,07,000,00,0,8,15,A01
200700006425,0,07,000,00,0,1,01,B02
200700006426,0,07,000,00,1,2,15,A01
200700006427,0,07,000,02,0,3,13,A01
200700006428,0,07,000,00,2,3,19,A01
200700006428,0,33,000,00,2,1,01,B02
200700006429,0,07,000,00,2,1,13,A01
200700006429,0,07,000,00,2,1,01,C03
200700006430,0,07,000,00,2,1,11,A01
200700006430,0,02,000,00,2,7,01,B02
200700006431,0,07,000,00,2,1,17,A01
200700006431,0,07,000,00,2,1,01,B02
200700006431,0,10,000,00,2,6,01,C03
200700006432,0,10,000,00,2,4,21,A01
200700006432,0,07,000,00,2,1,21,B02
200700006433,0,31,000,00,2,1,01,A01
200700006433,0,38,000,00,2,2,15,B02
200700006434,0,02,000,00,2,8,17,A01
200700006434,0,07,000,00,9,3,15,B02
200700006435,0,07,000,00,0,0,01,A01
200700006436,0,15,000,00,9,1,01,B02
200700006436,0,20,000,00,2,1,00,C03
200700006437,0,10,000,00,2,2,13,A01
200700006437,0,07,000,00,2,1,01,B02
200700006438,0,17,000,00,2,2,02,A01
200700006438,0,17,000,00,0,3,02,B02
200700006439,0,07,000,00,9,3,02,A01
200700006439,0,01,000,00,2,4,02,B02
200700006440,0,14,000,00,2,3,16,A01
200700006440,0,01,000,00,2,5,01,B02
200700006441,0,07,000,00,2,2,15,A01
200700006441,0,33,000,00,2,1,01,B02
200700006441,0,33,000,00,2,1,00,C03
200700006441,0,07,000,00,2,3,15,D04
200700006442,0,07,000,00,9,3,16,A01
200700006442,0,02,000,00,2,1,01,B02
200700006443,0,32,000,00,0,8,01,A01
200700006444,0,33,000,15,0,2,01,A01
200700006445,0,10,000,08,0,1,01,A01
200700006446,0,10,000,00,9,1,09,A01
200700006446,0,01,000,00,2,7,01,B02
200700006447,0,07,000,00,2,3,15,A01
200700006447,0,02,000,00,2,1,16,B02
200700006447,0,02,000,00,2,1,13,C03
200700006448,0,07,000,00,2,2,15,A01
200700006448,0,07,000,00,2,1,01,B02
200700006449,0,07,000,13,0,1,01,A01
200700006450,0,07,000,00,2,1,13,A01
200700006450,0,07,000,00,2,1,01,B02
200700006451,0,07,000,00,0,1,15,A01
200700006451,0,13,000,00,0,0,00,B02
200700006452,0,07,000,00,2,3,13,A01
200700006452,0,07,000,00,2,3,01,B02
200700006452,0,03,000,00,2,2,01,C03
200700006453,0,07,000,00,2,0,15,A01
200700006453,0,02,000,00,2,0,01,B02
200700006454,0,07,000,00,2,3,01,A01
200700006454,0,07,000,00,2,3,01,B02
200700006455,0,10,000,02,0,8,01,A01
200700006456,0,10,000,08,0,1,01,A01
200700006457,0,07,000,12,0,1,01,A01
200700006458,0,07,000,06,2,4,15,A01
200700006458,0,14,000,00,2,1,01,B02
200700006458,0,14,000,00,2,1,01,C03
200700006458,0,15,000,00,2,1,01,D04
200700006459,0,07,000,00,2,3,15,A01
200700006459,0,15,000,00,2,8,01,B02
200700006460,0,07,000,00,0,6,11,A01
200700006460,0,33,000,00,2,1,01,B02
200700006461,0,07,000,00,2,3,17,A01
200700006461,0,02,000,00,0,8,15,B02
200700006462,0,07,000,13,0,1,01,A01
200700006463,0,07,000,00,2,1,01,A01
200700006463,0,07,000,00,2,7,20,B02
200700006464,0,07,000,00,0,2,01,A01
200700006465,0,07,000,02,0,1,13,A01
200700006466,0,07,000,00,2,8,10,A01
200700006466,0,07,000,00,2,1,01,B02
200700006467,0,07,000,02,0,8,13,A01
200700006468,0,07,000,00,2,3,01,A01
200700006468,0,33,000,00,2,1,17,B02
200700006468,0,10,000,00,2,8,01,C03
200700006469,0,15,000,00,0,7,01,A01
200700006470,0,21,000,13,2,6,15,A01
200700006470,0,10,000,00,2,2,21,B02
200700006471,0,07,000,00,2,1,01,A01
200700006471,0,07,000,00,2,3,15,B02
200700006472,0,07,000,00,1,1,01,A01
200700006473,0,02,000,00,0,7,01,A01
200700006474,0,07,000,00,0,7,15,A01
200700006474,0,07,000,00,2,1,01,B02
200700006475,0,07,000,00,2,3,10,A01
200700006475,0,07,000,00,2,1,01,B02
200700006476,0,10,000,00,0,9,15,A01
200700006477,0,07,000,00,5,1,06,A01
200700006478,0,07,000,00,2,2,15,A01
200700006478,0,07,000,00,2,1,01,B02
200700006479,0,10,000,02,0,8,00,A01
200700006480,0,07,000,00,5,2,00,A01
200700006480,0,99,000,00,2,4,00,B02
200700006481,0,07,000,00,0,1,01,A01
200700006482,0,14,000,00,9,7,16,A01
200700006482,0,01,000,00,2,1,01,B02
200700006483,0,07,000,06,0,9,01,A01
200700006484,0,33,000,03,0,1,01,A01
200700006485,0,30,000,00,0,8,01,A01
200700006486,0,07,000,00,2,8,15,A01
200700006486,0,33,000,00,2,1,17,B02
200700006487,0,07,000,00,2,3,13,A01
200700006487,0,07,000,00,2,3,01,B02
200700006488,0,02,000,00,0,0,01,A01
200700006489,0,07,000,00,2,3,15,A01
200700006489,0,33,000,00,2,1,01,B02
200700006490,0,02,000,00,0,0,05,A01
200700006490,0,01,000,00,2,1,01,B02
200700006490,0,01,000,00,2,1,01,C03
200700006491,0,07,000,00,2,1,01,A01
200700006491,0,30,000,00,2,7,19,B02
200700006492,0,07,000,00,2,2,01,A01
200700006492,0,30,000,00,2,1,15,B02
200700006493,0,07,000,13,0,9,01,A01
200700006494,0,07,000,00,2,1,01,A01
200700006494,0,07,000,00,2,1,01,B02
200700006495,0,13,000,00,2,3,02,A01
200700006495,0,07,000,00,0,0,00,B02
200700006496,0,07,000,00,1,4,20,A01
200700006497,0,07,000,00,0,9,01,A01
200700006498,0,33,000,00,2,1,01,A01
200700006498,0,07,000,00,2,2,01,B02
200700006499,0,07,000,02,0,7,01,A01
200700006500,0,07,000,00,1,2,17,A01
200700006501,0,07,000,00,0,2,00,A01
200700006501,0,02,000,00,0,1,00,B02
200700006501,0,02,000,00,0,1,00,C03
200700006502,0,13,000,00,2,3,09,A01
200700006502,0,31,000,00,2,1,01,B02
200700006503,0,07,000,00,2,1,01,A01
200700006503,0,07,000,00,2,7,01,B02
200700006504,0,07,000,13,0,1,14,A01
200700006505,0,10,000,00,1,2,01,A01
200700006506,0,07,000,00,2,1,01,A01
200700006506,0,07,000,00,2,5,13,B02
200700006507,0,02,000,00,2,1,15,A01
200700006507,0,07,000,00,2,1,16,B02
200700006508,0,07,000,00,2,1,01,B02
200700006508,0,07,000,00,2,7,19,A01
200700006509,0,07,000,00,1,1,01,A01
200700006510,0,07,000,00,2,8,01,A01
200700006510,0,07,000,00,2,2,13,B02
200700006510,0,07,000,00,2,2,01,C03
200700006511,0,07,000,00,2,2,13,A01
200700006511,0,07,000,00,2,1,01,B02
200700006512,0,07,000,00,2,1,19,A01
200700006512,0,99,000,00,2,3,01,B02
200700006513,0,07,000,00,1,1,01,A01
200700006514,0,07,000,00,2,1,01,A01
200700006514,0,01,000,00,0,4,01,B02
200700006515,0,07,000,13,9,7,13,A01
200700006515,0,07,000,01,1,1,13,B02
200700006516,0,07,000,00,2,1,13,A01
200700006516,0,07,000,00,2,1,01,B02
200700006517,0,33,000,12,0,7,00,A01
200700006518,0,07,000,00,2,4,02,A01
200700006518,0,07,000,00,2,1,02,B02
200700006519,0,07,000,02,0,1,01,A01
200700006520,0,07,000,00,2,3,01,A01
200700006520,0,07,000,00,2,3,13,B02
200700006521,0,07,000,13,0,1,01,A01
200700006522,0,07,000,13,0,1,14,A01
200700006523,0,02,000,00,9,1,02,A01
200700006523,0,01,000,00,2,4,02,B02
200700006524,0,33,000,12,2,3,01,A01
200700006524,0,07,000,00,2,1,15,B02
200700006525,0,02,000,08,0,7,21,A01
200700006526,0,07,000,02,0,1,01,A01
200700006527,0,02,000,00,2,1,01,A01
200700006527,0,02,000,00,0,4,23,B02
200700006528,0,07,000,00,2,3,01,A01
200700006528,0,07,000,00,2,3,00,B02
200700006529,0,07,000,02,0,3,01,A01
200700006530,0,07,000,00,2,4,20,A01
200700006530,0,02,000,00,2,1,02,B02
200700006531,0,14,000,00,0,2,06,A01
200700006531,0,07,000,00,0,1,01,B02
200700006532,0,07,000,00,2,3,01,A01
200700006532,0,07,000,00,2,3,01,B02
200700006533,0,07,000,00,2,3,01,A01
200700006533,0,07,000,00,2,8,01,B02
200700006534,0,07,000,13,0,3,01,A01
200700006535,0,07,000,00,1,2,01,A01
200700006536,0,07,000,00,2,2,17,A01
200700006536,0,21,000,00,2,6,15,B02
200700006537,0,07,000,00,2,1,01,A01
200700006537,0,07,000,00,2,7,19,B02
200700006538,0,07,000,00,2,1,05,A01
200700006538,0,07,000,00,2,1,01,B02
200700006538,0,07,000,00,2,2,01,C03
200700006538,0,07,000,00,2,1,01,D04
200700006539,0,07,000,00,2,1,01,A01
200700006539,0,07,000,00,2,8,01,B02
200700006540,0,07,000,00,2,5,15,A01
200700006540,0,30,000,00,2,1,01,B02
200700006541,0,07,000,00,1,2,00,A01
200700006542,0,07,000,00,2,1,01,A01
200700006542,0,02,000,00,2,8,19,B02
200700006543,0,21,000,06,0,5,01,A01
200700006544,0,07,000,00,0,1,13,A01
200700006544,0,07,000,00,0,1,01,B02
200700006545,0,07,000,00,2,2,02,A01
200700006545,0,30,000,00,2,4,02,B02
200700006546,0,07,000,00,0,5,19,B02
200700006546,0,07,000,00,2,1,01,A01
200700006547,0,21,000,00,2,3,09,A01
200700006547,0,31,000,00,2,2,01,B02
200700006548,0,07,000,02,0,7,01,A01
200700006549,0,07,000,00,0,1,14,A01
200700006549,0,07,000,00,0,1,01,B02
200700006550,0,07,000,00,0,5,04,A01
200700006550,0,02,000,00,2,1,01,B02
200700006551,0,31,000,01,1,1,01,A01
200700006551,0,07,000,00,2,1,00,B02
200700006552,0,14,000,00,0,0,00,A01
200700006552,0,10,000,00,0,0,00,B02
200700006553,0,30,000,00,2,1,01,A01
200700006553,0,07,000,00,2,8,01,B02
200700006554,0,02,000,00,9,0,01,A01
200700006555,0,07,000,06,0,1,01,A01
200700006556,0,07,000,00,2,1,05,A01
200700006556,0,07,000,00,2,1,01,B02
200700006557,0,07,000,00,2,3,01,A01
200700006557,0,07,000,00,2,3,01,B02
200700006558,0,07,000,00,9,8,01,A01
200700006559,0,13,000,00,1,1,01,A01
200700006560,0,10,000,00,2,1,01,A01
200700006560,0,07,000,00,2,8,13,B02
200700006561,0,07,000,02,0,8,01,A01
200700006562,0,07,000,08,0,3,01,A01
200700006563,0,07,000,00,2,1,01,A01
200700006563,0,07,000,06,2,3,15,B02
200700006564,0,07,000,00,1,3,01,A01
200700006565,0,07,000,02,0,1,01,A01
200700006566,0,07,000,00,2,1,01,B02
200700006566,0,07,000,00,2,8,15,A01
200700006567,0,07,000,00,2,6,00,A01
200700006567,0,14,000,00,2,2,01,B02
200700006568,0,07,000,02,0,4,01,A01
200700006569,0,10,000,00,2,3,01,A01
200700006569,0,01,000,00,2,1,16,B02
200700006570,0,07,000,08,0,1,14,A01
200700006571,0,07,000,13,6,9,21,A01
200700006572,0,07,000,00,2,2,02,B02
200700006572,0,07,000,00,2,1,19,A01
200700006573,0,17,000,00,2,1,02,A01
200700006573,0,07,000,00,0,4,00,B02
200700006574,0,02,000,13,0,1,13,A01
200700006575,0,07,000,00,2,3,05,A01
200700006575,0,02,000,00,2,1,05,B02
200700006576,0,07,000,13,0,4,01,A01
200700006577,0,10,000,00,2,2,14,A01
200700006577,0,07,000,00,2,6,02,B02
200700006578,0,15,000,00,2,1,01,A01
200700006578,0,03,000,00,2,1,01,B02
200700006579,0,07,000,00,1,7,01,A01
200700006580,0,07,000,00,0,3,00,A01
200700006580,0,01,000,00,0,8,00,B02
200700006581,0,10,000,00,2,3,02,A01
200700006581,0,14,000,00,2,2,01,B02
200700006581,0,14,000,00,2,2,01,C03
200700006582,0,07,000,00,0,1,01,A01
200700006582,0,07,000,00,2,3,19,B02
200700006583,0,07,000,00,2,1,01,A01
200700006583,0,07,000,00,0,4,15,B02
200700006584,0,07,000,00,0,5,15,A01
200700006584,0,30,000,00,2,1,01,B02
200700006585,0,07,000,00,2,2,01,A01
200700006585,0,02,000,00,2,4,01,B02
200700006586,0,07,000,00,2,1,15,A01
200700006586,0,33,000,08,2,1,01,B02
200700006587,0,33,000,13,0,1,14,A01
200700006588,0,07,000,00,2,4,15,A01
200700006588,0,07,000,00,2,1,02,B02
200700006589,0,30,000,00,2,4,10,A01
200700006589,0,10,000,00,2,1,01,B02
200700006590,0,07,000,00,0,4,15,A01
200700006590,0,07,000,00,0,1,01,B02
200700006591,0,07,000,08,0,1,01,A01
200700006592,0,10,000,16,0,1,01,A01
200700006593,0,33,000,00,2,3,01,A01
200700006593,0,07,000,00,2,8,01,B02
200700006594,0,17,000,00,2,1,02,A01
200700006594,0,31,000,00,2,4,02,B02
200700006595,0,07,000,00,2,2,17,A01
200700006595,0,10,000,00,2,3,01,B02
200700006596,0,07,000,13,0,3,01,A01
200700006597,0,07,000,02,0,3,01,A01
200700006598,0,07,000,08,0,8,14,A01
200700006599,0,07,000,00,2,1,01,A01
200700006599,0,07,000,00,2,4,13,B02
200700006600,0,07,000,02,0,1,01,A01
200700006601,0,01,000,00,2,6,15,A01
200700006601,0,07,000,00,2,2,01,B02
200700006601,0,07,000,05,1,2,01,C03
200700006602,0,07,000,06,0,4,19,A01
200700006603,0,07,000,00,1,2,01,A01
200700006604,0,07,000,06,0,2,01,A01
200700006605,0,07,000,02,0,3,01,A01
200700006606,0,07,000,02,0,2,01,A01
200700006607,0,07,000,00,0,1,00,A01
200700006607,0,07,000,00,0,1,00,B02
200700006608,0,07,000,00,2,3,01,A01
200700006608,0,07,000,00,2,3,01,B02
200700006609,0,07,000,00,0,3,01,A01
200700006610,0,07,000,00,2,1,01,A01
200700006610,0,07,000,00,2,5,01,B02
200700006611,0,07,000,00,2,3,13,A01
200700006611,0,07,000,00,2,3,01,B02
200700006612,0,07,000,02,0,2,01,A01
200700006613,0,07,000,00,2,5,15,A01
200700006613,0,33,000,00,2,1,01,B02
200700006614,0,07,000,00,2,1,01,A01
200700006614,0,07,000,00,2,1,01,B02
200700006614,0,07,000,00,2,1,01,C03
200700006615,0,07,000,00,2,1,13,A01
200700006615,0,07,000,00,2,8,01,B02
200700006616,0,07,000,13,0,1,01,A01
200700006617,0,30,000,00,2,7,15,A01
200700006617,0,10,000,00,2,1,01,B02
200700006618,0,07,000,08,0,3,01,A01
200700006619,0,07,000,02,0,8,14,A01
200700006620,0,07,000,02,0,3,01,A01
200700006621,0,07,000,05,0,1,00,A01
200700006622,0,01,000,00,5,1,01,A01
200700006623,0,07,000,06,2,3,19,A01
200700006623,0,07,000,00,2,1,01,B02
200700006624,0,07,000,00,2,1,01,A01
200700006624,0,10,000,00,2,3,15,B02
200700006625,0,07,000,06,0,3,01,A01
200700006626,0,14,000,00,0,0,01,A01
200700006626,0,33,000,16,0,0,01,B02
200700006627,0,07,000,02,0,5,01,A01
200700006628,0,07,000,14,0,1,01,A01
200700006628,0,07,000,14,0,4,23,B02
200700006629,0,10,000,00,2,3,19,A01
200700006629,0,07,000,00,2,3,01,B02
200700006629,0,07,000,00,2,3,01,C03
200700006629,0,07,000,00,2,2,01,D04
200700006630,0,07,000,16,0,1,01,A01
200700006631,0,07,000,00,2,5,19,A01
200700006631,0,07,000,00,2,1,01,B02
200700006632,0,10,000,06,1,3,05,A01
200700006633,0,07,000,00,1,6,04,A01
200700006634,0,07,000,08,0,5,01,A01
200700006635,0,07,000,00,2,4,01,A01
200700006635,0,15,000,00,2,2,01,B02
200700006636,0,10,000,00,2,1,13,A01
200700006636,0,07,000,00,2,1,01,B02
200700006637,0,07,000,02,0,1,01,A01
200700006638,0,10,000,00,1,3,21,A01
200700006639,0,14,000,00,0,2,01,A01
200700006639,0,07,000,00,0,3,01,B02
200700006640,0,07,000,00,2,3,17,A01
200700006640,0,02,000,00,2,1,01,B02
200700006641,0,31,000,00,2,0,13,A01
200700006641,0,07,000,00,2,3,01,B02
200700006642,0,07,000,02,0,3,01,A01
200700006643,0,07,000,00,2,1,13,A01
200700006643,0,07,000,00,2,1,01,B02
200700006643,0,07,000,00,2,1,02,C03
200700006644,0,07,000,10,0,1,19,A01
200700006645,0,07,000,08,0,7,01,A01
200700006646,0,07,000,02,0,3,01,A01
200700006647,0,07,000,00,2,1,01,A01
200700006647,0,07,000,00,2,7,19,B02
200700006648,0,07,000,00,2,1,01,A01
200700006648,0,07,000,00,2,3,01,B02
200700006649,0,07,000,02,0,7,01,A01
200700006650,0,07,000,00,1,3,02,A01
200700006651,0,07,000,06,0,1,01,A01
200700006652,0,33,000,00,2,1,02,A01
200700006652,0,07,000,00,2,3,15,B02
200700006653,0,33,000,00,2,1,01,A01
200700006653,0,07,000,00,2,3,15,B02
200700006654,0,07,000,00,1,3,01,A01
200700006655,0,10,000,00,2,3,15,A01
200700006655,0,10,000,00,2,2,01,B02
200700006656,0,07,000,00,2,8,01,A01
200700006656,2,07,000,00,2,2,01,B02
200700006657,0,07,000,00,0,9,01,A01
200700006658,0,07,000,00,0,8,01,A01
200700006658,0,33,000,00,2,1,01,B02
200700006659,0,07,000,08,0,1,15,A01
200700006660,0,10,000,00,0,8,00,A01
200700006660,0,07,000,00,0,1,00,B02
200700006661,0,33,000,00,0,0,01,A01
200700006662,0,07,000,00,2,5,23,A01
200700006662,0,02,000,14,0,1,02,B02
200700006663,0,07,000,00,2,2,19,A01
200700006663,0,33,000,00,2,3,01,B02
200700006664,0,07,000,00,0,0,00,A01
200700006664,0,14,000,00,2,3,00,B02
200700006665,0,07,000,09,0,3,19,A01
200700006666,0,07,000,00,2,1,02,A01
200700006666,0,07,000,00,0,4,01,B02
200700006667,0,02,000,06,0,1,14,A01
200700006668,0,33,000,00,2,1,01,A01
200700006668,0,17,000,00,2,3,15,B02
200700006669,0,07,000,00,2,1,21,A01
200700006669,0,07,000,00,2,1,01,B02
200700006670,0,07,000,00,2,4,01,A01
200700006670,0,10,000,00,0,4,02,B02
200700006671,0,33,000,00,5,1,01,A01
200700006672,0,07,000,14,0,1,02,A01
200700006672,0,07,000,00,0,4,00,B02
200700006673,0,07,000,00,9,2,02,A01
200700006673,0,01,000,00,0,4,02,B02
200700006674,0,07,000,00,2,2,01,A01
200700006674,0,32,000,00,2,1,01,B02
200700006675,0,07,000,00,2,7,15,A01
200700006675,0,33,000,00,2,1,01,B02
200700006675,0,33,000,00,2,1,01,C03
200700006676,0,07,000,01,0,1,01,A01
200700006677,0,07,000,02,0,1,00,A01
200700006678,0,07,000,00,2,2,01,A01
200700006678,0,07,000,00,2,7,13,B02
200700006678,0,07,000,00,2,1,17,C03
200700006679,0,07,000,00,0,1,16,A01
200700006680,0,07,000,00,2,1,01,A01
200700006680,0,07,000,00,2,1,13,B02
200700006681,0,10,000,02,0,3,01,A01
200700006682,0,07,000,00,1,2,01,A01
200700006683,0,07,000,00,2,7,00,A01
200700006683,0,02,000,00,2,8,00,B02
200700006684,0,07,000,00,0,7,01,A01
200700006685,0,02,000,16,0,7,01,A01
200700006686,0,07,000,00,0,1,01,A01
200700006687,0,07,000,03,2,6,01,A01
200700006687,0,02,000,00,2,1,13,B02
200700006688,0,07,000,00,2,3,19,A01
200700006688,0,07,000,00,2,2,01,B02
200700006689,0,07,000,02,0,1,01,A01
200700006690,0,07,000,14,0,1,13,A01
200700006691,0,07,000,00,0,8,10,A01
200700006691,0,07,000,00,2,2,01,B02
200700006692,0,30,000,00,2,3,01,A01
200700006692,0,07,000,00,2,2,01,B02
200700006693,0,07,000,00,2,2,19,A01
200700006693,0,07,000,00,2,3,01,B02
200700006694,0,10,000,00,2,1,01,B02
200700006694,0,07,000,00,2,3,15,A01
200700006695,0,07,000,00,2,3,01,A01
200700006695,0,07,000,00,0,0,00,B02
200700006696,0,07,000,04,0,3,01,A01
200700006696,0,07,000,00,2,8,01,B02
200700006697,0,07,000,00,0,3,01,A01
200700006697,0,01,000,00,0,4,01,B02
200700006698,0,07,000,00,0,2,13,A01
200700006698,0,07,000,00,0,3,01,B02
200700006699,0,31,000,00,2,1,17,A01