Num_Acc,senc,catv,occutc,obs,obsm,choc,manv,num_veh
200700006699,0,07,000,00,2,3,15,B02
200700006700,0,31,000,00,0,1,01,A01
200700006701,0,07,000,00,2,3,01,A01
200700006701,0,07,000,00,2,3,01,B02
200700006702,0,15,000,06,0,1,01,A01
200700006703,0,07,000,06,0,1,01,A01
200700006704,0,33,000,00,0,0,01,A01
200700006705,0,07,000,00,2,8,15,A01
200700006705,0,02,000,00,2,1,17,B02
200700006706,0,07,000,00,1,2,01,A01
200700006707,0,07,000,09,0,3,01,A01
200700006708,0,07,000,00,6,2,01,A01
200700006708,0,07,000,00,0,1,01,B02
200700006709,0,30,000,00,2,1,01,A01
200700006709,0,07,000,00,2,1,01,B02
200700006710,0,07,000,00,2,1,11,A01
200700006710,0,10,000,00,2,2,01,B02
200700006711,0,13,000,00,2,1,01,A01
200700006711,0,07,000,00,2,7,01,B02
200700006712,0,07,000,00,2,2,15,A01
200700006712,0,02,000,00,2,1,01,B02
200700006713,0,17,000,00,0,1,13,A01
200700006713,0,10,000,00,0,3,00,C03
200700006714,0,07,000,00,2,3,15,A01
200700006714,0,33,000,00,2,1,17,B02
200700006715,0,33,000,12,0,1,14,A01
200700006716,0,14,000,00,2,3,11,A01
200700006716,0,07,000,00,2,2,01,B02
200700006717,0,07,000,00,2,2,15,A01
200700006717,0,01,000,00,0,3,15,B02
200700006718,0,07,000,00,9,6,01,A01
200700006718,0,30,000,00,2,5,00,B02
200700006719,0,07,000,00,0,3,01,A01
200700006720,0,03,000,00,2,1,01,A01
200700006720,0,07,000,00,2,8,19,B02
200700006721,0,07,000,00,2,1,13,A01
200700006721,0,17,000,00,0,3,01,B02
200700006722,0,07,000,00,2,3,01,A01
200700006722,0,07,000,00,2,2,01,B02
200700006722,0,07,000,14,0,3,01,C03
200700006723,0,07,000,00,2,3,01,A01
200700006723,0,07,000,00,2,3,13,B02
200700006724,0,07,000,00,0,0,00,A01
200700006725,0,07,000,00,0,3,13,A01
200700006725,0,07,000,00,2,3,01,B02
200700006726,0,07,000,00,2,3,19,A01
200700006726,0,07,000,00,2,2,01,B02
200700006727,0,07,000,00,1,1,13,A01
200700006728,0,07,000,13,0,1,01,A01
200700006729,0,07,000,00,1,2,01,A01
200700006730,0,07,000,00,0,8,19,A01
200700006730,0,30,000,00,2,1,01,B02
200700006731,0,07,000,00,2,3,02,A01
200700006731,0,07,000,00,2,1,00,B02
200700006732,0,07,000,00,1,5,01,A01
200700006733,0,07,000,00,0,0,01,A01
200700006734,0,07,000,00,2,4,01,A01
200700006734,0,07,000,00,2,4,02,B02
200700006735,0,02,000,00,2,7,01,A01
200700006735,0,07,000,00,2,1,15,B02
200700006736,0,07,000,00,2,1,13,A01
200700006736,0,07,000,00,2,1,01,B02
200700006736,0,07,000,00,2,1,01,C03
200700006737,0,07,000,16,0,9,14,A01
200700006738,0,07,000,00,2,1,01,A01
200700006738,0,02,000,00,2,8,01,B02
200700006739,0,07,000,00,0,3,13,A01
200700006739,0,37,000,00,0,3,01,B02
200700006740,0,02,000,00,2,1,02,A01
200700006740,0,02,000,00,2,4,02,B02
200700006741,0,07,000,02,0,1,01,A01
200700006742,0,07,000,13,0,3,01,A01
200700006743,0,07,000,00,0,6,13,A01
200700006743,0,33,000,00,2,1,17,B02
200700006744,0,33,000,00,2,3,15,A01
200700006744,0,07,000,00,2,1,15,B02
200700006745,0,07,000,00,2,8,09,A01
200700006745,0,02,000,00,2,2,17,B02
200700006746,0,07,000,08,0,9,01,A01
200700006747,0,07,000,00,0,1,00,A01
200700006748,0,07,000,00,2,2,15,A01
200700006748,0,33,000,00,2,1,01,B02
200700006749,0,07,000,00,2,2,19,A01
200700006749,0,07,000,00,2,3,01,B02
200700006750,0,17,000,00,2,3,01,A01
200700006750,0,07,000,00,2,3,01,B02
200700006751,0,07,000,00,1,1,01,A01
200700006752,0,07,000,13,0,9,06,A01
200700006753,0,07,000,00,2,8,01,A01
200700006753,0,07,000,00,2,8,01,B02
200700006754,0,07,000,00,2,2,01,A01
200700006754,0,01,000,00,0,4,01,B02
200700006755,0,07,000,02,2,3,01,A01
200700006755,0,17,000,00,2,3,01,B02
200700006756,0,07,000,02,0,1,01,A01
200700006757,0,10,000,00,0,3,00,A01
200700006757,0,15,000,00,2,3,00,B02
200700006758,0,07,000,00,2,1,02,A01
200700006758,0,07,000,00,2,4,02,B02
200700006758,0,07,000,00,2,1,01,C03
200700006758,0,07,000,00,2,8,24,D04
200700006759,0,07,000,00,0,9,01,A01
200700006760,0,07,000,00,2,3,01,A01
200700006760,0,07,000,00,2,2,15,B02
200700006760,0,13,000,00,2,1,01,C03
200700006761,0,07,000,00,1,7,01,A01
200700006762,0,07,000,00,2,1,01,A01
200700006762,0,01,000,00,2,8,15,B02
200700006763,0,07,000,00,2,1,15,A01
200700006763,0,02,000,00,2,7,01,B02
200700006764,0,07,000,00,1,1,01,A01
200700006765,0,30,000,00,2,6,01,A01
200700006766,0,07,000,00,2,3,13,A01
200700006766,0,37,000,00,2,3,01,B02
200700006767,0,30,000,00,0,8,00,A01
200700006767,0,07,000,00,0,1,00,B02
200700006768,0,07,000,00,2,1,13,A01
200700006768,0,07,000,00,2,1,01,B02
200700006769,0,07,000,00,2,8,01,A01
200700006769,0,07,000,00,2,3,01,B02
200700006770,0,07,000,00,2,3,13,A01
200700006770,0,07,000,00,2,3,01,B02
200700006771,0,07,000,00,2,3,01,A01
200700006771,0,10,000,00,2,7,19,B02
200700006772,0,07,000,00,2,1,01,A01
200700006772,0,07,000,00,2,8,06,B02
200700006773,0,07,000,00,0,4,02,A01
200700006773,0,10,000,00,2,1,02,B02
200700006773,0,07,000,00,0,4,02,C03
200700006774,0,02,000,00,2,1,01,A01
200700006774,0,07,000,00,2,1,09,B02
200700006775,0,02,000,00,2,1,02,A01
200700006775,0,02,000,00,2,4,11,B02
200700006776,0,07,000,13,0,9,15,A01
200700006777,0,07,000,00,2,3,09,A01
200700006777,0,30,000,00,0,7,01,B02
200700006778,0,07,000,00,2,1,13,A01
200700006778,0,07,000,16,0,9,21,B02
200700006778,0,07,000,00,2,1,01,C03
200700006779,0,07,000,08,0,8,01,A01
200700006780,0,07,000,00,2,7,13,A01
200700006780,0,07,000,00,2,1,01,B02
200700006781,0,07,000,00,2,1,02,A01
200700006781,0,07,000,00,0,4,16,B02
200700006782,0,07,000,02,0,1,13,A01
200700006783,0,01,000,00,0,0,00,B02
200700006783,0,07,000,00,2,1,01,A01
200700006784,0,07,000,00,2,1,13,A01
200700006784,0,38,000,00,2,1,01,B02
200700006785,0,10,000,00,2,1,15,A01
200700006785,0,30,000,00,2,1,01,B02
200700006786,0,07,000,00,2,8,15,A01
200700006786,0,10,000,00,2,1,01,B02
200700006787,0,07,000,00,2,1,05,A01
200700006787,0,07,000,00,2,1,01,B02
200700006788,0,07,000,02,0,1,01,A01
200700006789,0,07,000,14,0,1,01,A01
200700006789,0,07,000,06,0,9,01,B02
200700006790,0,07,000,00,2,8,13,A01
200700006790,0,07,000,00,2,6,01,B02
200700006790,0,07,000,00,2,1,02,C03
200700006791,0,07,000,00,2,8,19,A01
200700006791,0,07,000,00,2,1,01,B02
200700006792,0,07,000,06,0,7,01,A01
200700006793,0,07,000,00,2,3,00,A01
200700006793,0,07,000,00,2,3,01,B02
200700006794,0,07,000,00,2,3,01,A01
200700006794,0,01,000,00,2,1,19,B02
200700006795,0,07,000,00,0,8,09,A01
200700006795,0,07,000,00,2,1,01,B02
200700006796,0,07,000,01,0,2,01,A01
200700006796,0,13,000,00,2,3,01,B02
200700006797,0,07,000,00,2,3,01,A01
200700006797,0,07,000,00,2,3,01,B02
200700006798,0,07,000,02,0,3,01,A01
200700006799,0,07,000,00,1,1,01,A01
200700006800,0,07,000,00,2,1,09,A01
200700006800,0,07,000,00,2,1,01,B02
200700006801,0,07,000,00,1,2,01,A01
200700006802,0,07,000,00,1,7,01,A01
200700006803,0,07,000,00,2,1,01,A01
200700006803,0,07,000,00,2,3,01,B02
200700006804,0,07,000,01,0,1,01,A01
200700006805,0,02,000,00,1,3,01,A01
200700006806,0,32,000,00,2,1,00,A01
200700006806,0,01,000,00,2,4,00,B02
200700006807,0,07,000,00,2,1,01,A01
200700006807,0,07,000,00,2,3,01,B02
200700006808,0,07,000,00,2,1,17,A01
200700006808,0,14,000,00,2,1,01,B02
200700006809,0,30,000,00,2,1,01,A01
200700006809,0,07,000,00,2,2,15,B02
200700006810,0,07,000,00,2,2,15,A01
200700006810,0,02,000,00,2,1,01,B02
200700006811,0,07,000,00,9,3,15,A01
200700006811,0,02,000,00,2,7,01,B02
200700006812,0,07,000,00,1,2,21,A01
200700006813,0,10,000,00,2,3,21,A01
200700006813,0,33,000,00,2,1,13,B02
200700006814,0,07,000,02,0,2,01,A01
200700006815,0,02,000,11,2,3,01,A01
200700006815,0,07,000,00,0,0,01,B02
200700006816,0,07,000,00,2,3,15,A01
200700006816,0,33,000,00,2,1,13,B02
200700006817,0,07,000,13,0,2,01,A01
200700006818,0,07,000,00,2,3,01,A01
200700006818,0,07,000,00,2,8,01,B02
200700006819,0,14,000,00,2,1,01,A01
200700006819,0,07,000,00,0,4,01,B02
200700006820,0,07,000,13,0,1,01,A01
200700006821,0,07,000,00,2,3,13,A01
200700006821,0,07,000,00,0,3,13,B02
200700006822,0,02,000,00,2,1,21,A01
200700006822,0,31,000,00,2,4,16,B02
200700006823,0,07,000,06,0,1,01,A01
200700006824,0,07,000,00,2,2,02,A01
200700006824,0,01,000,00,2,8,02,B02
200700006825,0,07,000,00,2,1,01,A01
200700006825,0,07,000,00,2,1,01,B02
200700006826,0,17,000,00,2,3,19,A01
200700006826,0,07,000,00,2,1,01,B02
200700006827,0,07,000,16,0,9,01,A01
200700006828,0,07,000,13,0,1,01,A01
200700006829,0,07,000,02,0,8,13,A01
200700006830,0,07,000,00,2,1,13,A01
200700006830,0,07,000,00,2,1,01,B02
200700006831,0,10,000,02,0,3,15,A01
200700006832,0,07,000,00,2,1,02,A01
200700006832,0,07,000,00,2,1,02,B02
200700006832,0,07,000,00,2,4,02,C03
200700006833,0,07,000,13,0,2,01,A01
200700006834,0,02,000,00,2,4,01,A01
200700006834,0,33,000,00,2,1,01,B02
200700006835,0,17,000,13,0,8,01,A01
200700006836,0,07,000,00,2,8,13,A01
200700006836,0,07,000,00,2,1,01,B02
200700006837,0,07,000,00,2,3,13,A01
200700006837,0,07,000,00,2,3,21,B02
200700006838,0,07,000,00,2,8,09,A01
200700006838,0,02,000,00,2,1,09,B02
200700006838,0,02,000,00,2,1,09,C03
200700006839,0,03,000,16,0,1,01,A01
200700006840,0,07,000,02,0,3,02,A01
200700006841,0,07,000,13,0,2,01,A01
200700006842,0,07,000,00,2,1,17,A01
200700006842,0,15,000,00,2,6,02,B02
200700006842,0,07,000,00,2,3,05,C03
200700006843,1,07,000,00,1,2,01,A01
200700006844,0,07,000,13,0,1,01,A01
200700006845,0,07,000,00,2,1,01,A01
200700006845,0,07,000,00,2,1,01,B02
200700006846,0,07,000,08,0,1,01,A01
200700006847,0,07,000,00,2,3,15,A01
200700006847,0,30,000,00,2,1,01,B02
200700006848,0,07,000,13,0,1,06,A01
200700006849,0,10,000,00,1,1,01,A01
200700006850,0,07,000,13,0,2,14,A01
200700006851,0,07,000,04,0,1,11,A01
200700006852,0,02,000,02,0,1,14,A01
200700006853,0,33,000,00,5,1,01,A01
200700006854,0,32,000,00,2,1,01,A01
200700006854,0,07,000,00,2,3,09,B02
200700006855,0,07,000,00,2,3,15,A01
200700006855,0,07,000,00,2,7,01,B02
200700006856,0,07,000,00,2,5,01,A01
200700006856,0,10,000,00,2,1,10,B02
200700006857,0,07,000,00,2,1,01,A01
200700006857,0,07,000,00,2,1,01,B02
200700006858,1,07,000,00,0,2,01,A01
200700006858,0,30,000,00,0,1,00,B02
200700006859,0,07,000,00,2,4,15,A01
200700006859,0,30,000,00,2,1,01,B02
200700006860,0,07,000,00,1,8,15,A01
200700006861,0,07,000,00,0,8,19,A01
200700006861,0,30,000,00,2,1,00,B02
200700006862,0,07,000,00,1,1,01,A01
200700006863,0,10,000,00,1,2,02,A01
200700006864,1,07,000,00,1,2,01,A01
200700006865,0,07,000,00,2,1,15,A01
200700006865,0,07,000,00,2,1,01,B02
200700006866,0,07,000,09,0,7,14,A01
200700006866,0,14,000,00,0,0,00,B02
200700006867,0,07,000,00,2,1,05,A01
200700006867,0,07,000,00,2,1,00,B02
200700006868,0,07,000,00,2,3,01,A01
200700006868,0,07,000,00,2,2,19,B02
200700006869,0,07,000,06,0,9,14,A01
200700006870,0,07,000,06,0,2,01,A01
200700006871,0,07,000,00,2,1,01,A01
200700006871,0,07,000,00,2,7,13,B02
200700006872,0,33,000,13,0,1,16,A01
200700006873,0,07,000,00,2,8,19,A01
200700006873,0,07,000,00,2,1,01,B02
200700006874,0,16,000,00,9,2,01,A01
200700006874,0,01,000,00,2,4,01,B02
200700006875,0,07,000,00,1,2,01,A01
200700006876,0,07,000,02,0,8,01,A01
200700006877,0,07,000,00,2,8,01,A01
200700006877,0,07,000,00,2,1,15,B02
200700006878,0,07,000,00,0,2,01,A01
200700006879,0,07,000,02,0,2,01,A01
200700006880,0,07,000,02,0,3,14,A01
200700006881,0,07,000,00,2,2,09,A01
200700006881,0,02,000,00,2,7,00,B02
200700006882,0,07,000,14,2,2,06,A01
200700006882,0,07,000,00,2,3,01,B02
200700006883,0,07,000,00,2,2,17,A01
200700006883,0,07,000,00,2,3,02,B02
200700006884,0,07,000,02,0,6,01,A01
200700006884,0,07,000,00,2,2,17,B02
200700006885,0,07,000,00,9,2,17,A01
200700006885,0,01,000,00,2,3,13,B02
200700006886,0,07,000,00,2,7,17,A01
200700006886,0,10,000,00,2,8,01,B02
200700006887,0,07,000,00,0,9,19,A01
200700006888,0,07,000,08,0,7,01,A01
200700006889,0,07,000,13,0,2,01,A01
200700006890,0,33,000,00,2,1,11,A01
200700006890,0,17,000,00,0,6,02,B02
200700006891,0,07,000,02,0,2,01,A01
200700006892,0,07,000,00,2,6,13,A01
200700006892,0,33,000,00,2,2,17,B02
200700006893,0,02,000,00,2,1,16,A01
200700006893,0,07,000,00,9,1,01,B02
200700006894,0,33,000,00,0,9,01,A01
200700006895,0,21,000,00,2,6,01,A01
200700006895,0,07,000,00,2,1,01,B02
200700006896,0,07,000,01,0,1,01,A01
200700006897,0,07,000,08,0,3,01,A01
200700006898,0,07,000,00,2,3,11,A01
200700006898,0,07,000,00,2,2,01,B02
200700006899,0,07,000,13,0,3,13,A01
200700006900,0,07,000,06,0,9,01,A01
200700006901,0,33,000,00,2,1,01,B02
200700006901,0,07,000,00,0,3,15,A01
200700006902,0,07,000,00,2,1,01,A01
200700006902,0,07,000,00,2,1,01,B02
200700006903,0,07,000,01,0,3,13,A01
200700006904,0,07,000,00,9,2,01,A01
200700006904,0,01,000,00,2,1,13,B02
200700006905,0,07,000,13,0,0,01,A01
200700006906,0,07,000,00,2,2,17,A01
200700006906,0,07,000,00,0,6,01,B02
200700006907,0,10,000,00,1,2,19,A01
200700006908,0,30,000,00,1,1,17,A01
200700006909,0,07,000,00,0,0,14,A01
200700006910,0,07,000,16,0,9,01,A01
200700006911,0,36,000,02,0,1,01,A01
200700006912,0,17,000,08,0,2,14,A01
200700006913,0,07,000,00,2,2,13,A01
200700006913,0,07,000,01,0,3,17,B02
200700006913,0,14,000,00,2,3,01,C03
200700006914,0,07,000,00,0,2,00,A01
200700006915,0,07,000,03,0,1,01,A01
200700006915,0,07,000,14,0,1,01,B02
200700006915,0,07,000,14,0,1,01,C03
200700006916,0,07,000,00,2,1,15,A01
200700006916,0,33,000,00,2,1,01,B02
200700006917,0,07,000,06,2,2,01,A01
200700006917,0,14,000,00,2,3,01,B02
200700006918,0,10,000,00,2,2,15,A01
200700006918,0,07,000,00,2,3,01,B02
200700006919,0,07,000,00,2,3,19,A01
200700006919,0,30,000,00,2,1,01,B02
200700006920,0,10,000,00,1,1,16,A01
200700006921,0,07,000,00,1,1,01,A01
200700006922,0,02,000,00,2,4,01,A01
200700006922,0,02,000,00,2,1,02,B02
200700006923,0,07,000,00,2,5,01,A01
200700006923,0,07,000,00,2,1,01,B02
200700006924,0,07,000,13,0,2,01,A01
200700006925,0,07,000,00,1,1,01,A01
200700006926,0,07,000,00,2,3,13,A01
200700006926,0,07,000,00,2,3,01,B02
200700006926,0,07,000,00,2,2,02,C03
200700006927,0,07,000,00,2,3,05,A01
200700006927,0,07,000,00,2,5,01,B02
200700006928,0,33,000,00,2,1,01,A01
200700006928,0,07,000,00,2,7,15,B02
200700006929,0,14,000,00,0,5,00,A01
200700006929,0,33,000,00,2,1,00,B02
200700006930,0,07,000,02,0,3,01,A01
200700006931,0,14,000,00,2,1,01,A01
200700006931,0,07,000,00,0,3,19,B02
200700006932,0,07,000,00,2,2,15,A01
200700006932,0,07,000,00,2,3,01,B02
200700006933,0,07,000,02,0,8,01,A01
200700006934,0,07,000,00,0,5,13,A01
200700006934,0,07,000,00,2,1,02,B02
200700006935,0,10,000,06,0,2,01,A01
200700006936,0,07,000,00,2,3,13,A01
200700006936,0,07,000,00,2,3,01,B02
200700006937,0,07,000,00,0,1,13,A01
200700006937,0,07,000,00,0,1,01,B02
200700006938,0,07,000,06,0,1,01,A01
200700006939,0,01,000,00,0,4,02,A01
200700006939,0,07,000,00,9,2,02,B02
200700006940,0,07,000,00,2,8,15,A01
200700006940,0,02,000,00,2,1,01,B02
200700006941,0,07,000,03,0,3,00,A01
200700006942,0,02,000,00,2,8,13,A01
200700006942,0,02,000,00,2,7,17,B02
200700006943,0,07,000,02,0,1,14,A01
200700006944,0,02,000,00,0,8,01,A01
200700006945,0,38,000,00,1,3,14,A01
200700006946,0,07,000,02,0,8,01,A01
200700006947,0,07,000,02,0,3,01,A01
200700006948,0,07,000,00,2,3,15,A01
200700006948,0,07,000,00,2,3,01,B02
200700006949,0,02,000,00,2,1,19,A01
200700006949,0,07,000,00,9,3,01,B02
200700006950,0,07,000,06,0,1,14,A01
200700006951,0,07,000,00,9,2,15,B02
200700006951,0,01,000,00,2,6,15,A01
200700006952,0,07,000,00,2,2,15,A01
200700006952,0,07,000,00,2,1,01,B02
200700006952,0,33,000,00,2,0,23,C03
200700006953,0,07,000,00,0,0,15,A01
200700006953,0,30,000,00,2,0,01,B02
200700006954,0,07,000,00,0,0,00,A01
200700006954,0,07,000,00,2,8,14,B02
200700006954,0,15,000,00,0,8,14,C03
200700006955,0,07,000,13,0,1,13,A01
200700006956,0,02,000,00,2,1,11,A01
200700006956,0,07,000,00,2,4,02,B02
200700006957,0,02,000,00,0,0,00,A01
200700006958,0,30,000,00,2,1,02,A01
200700006958,0,21,000,00,0,4,02,B02
200700006959,0,07,000,00,2,1,19,B02
200700006959,0,07,000,00,2,6,01,A01
200700006960,0,31,000,01,0,1,01,A01
200700006961,0,07,000,08,0,8,17,A01
200700006962,0,07,000,00,2,3,01,A01
200700006962,0,02,000,00,0,4,01,B02
200700006963,0,07,000,00,1,2,01,A01
200700006964,0,07,000,00,2,8,09,A01
200700006964,0,17,000,00,2,3,01,B02
200700006965,0,07,000,00,2,8,01,A01
200700006965,0,07,000,00,2,3,01,B02
200700006965,0,07,000,00,2,1,01,C03
200700006966,0,07,000,00,2,7,01,A01
200700006966,0,14,000,00,2,1,01,B02
200700006967,0,31,000,13,0,1,01,A01
200700006968,0,17,000,00,1,1,01,A01
200700006969,0,07,000,00,2,3,13,A01
200700006969,0,07,000,03,2,3,01,B02
200700006970,0,10,000,02,0,7,01,A01
200700006971,0,07,000,00,2,7,17,A01
200700006971,0,10,000,00,2,1,01,B02
200700006972,0,33,000,03,0,4,01,A01
200700006973,0,33,000,13,0,1,15,A01
200700006974,0,07,000,00,9,1,01,A01
200700006974,0,01,000,00,2,1,01,B02
200700006975,0,07,000,00,2,8,19,B02
200700006975,0,07,000,00,2,1,01,A01
200700006976,0,07,000,00,2,3,17,A01
200700006976,0,15,000,00,2,3,01,B02
200700006977,0,02,000,13,0,7,01,A01
200700006978,0,07,000,00,2,1,01,A01
200700006978,0,01,000,00,2,7,19,B02
200700006979,0,07,000,13,0,9,14,A01
200700006980,0,02,000,00,0,8,01,A01
200700006981,0,07,000,00,1,3,01,A01
200700006982,0,07,000,00,1,7,01,A01
200700006983,0,07,000,00,2,1,01,A01
200700006983,0,07,000,00,2,1,06,B02
200700006984,0,02,000,00,2,1,05,A01
200700006984,0,07,000,00,2,1,16,C03
200700006985,0,07,000,02,6,7,01,A01
200700006986,0,02,000,00,2,1,01,A01
200700006986,0,07,000,00,2,2,15,B02
200700006987,0,33,000,00,0,7,01,A01
200700006988,0,07,000,02,0,2,01,A01
200700006989,0,07,000,00,2,7,15,A01
200700006989,0,33,000,00,2,1,01,B02
200700006990,0,07,000,00,2,1,09,A01
200700006990,0,01,000,00,2,4,15,B02
200700006991,0,07,000,02,0,8,13,A01
200700006992,0,07,000,00,2,3,01,A01
200700006992,0,07,000,00,2,1,01,B02
200700006993,0,07,000,08,0,1,01,A01
200700006994,0,07,000,00,2,8,01,A01
200700006994,0,07,000,00,2,1,01,B02
200700006995,0,07,000,00,0,1,15,A01
200700006995,0,07,000,00,0,1,01,B02
200700006996,0,17,000,00,2,3,01,A01
200700006996,0,07,000,00,2,3,17,B02
200700006997,0,02,000,00,2,1,09,A01
200700006997,0,07,000,00,0,5,00,B02
200700006998,0,07,000,00,2,3,13,A01
200700006998,0,07,000,00,2,3,01,B02
200700006999,0,30,000,00,0,5,15,A01
200700006999,0,30,000,00,0,0,01,B02
200700007000,0,07,000,02,0,7,01,A01
200700007001,0,02,000,00,2,8,00,A01
200700007001,0,07,000,00,2,1,01,B02
200700007002,0,07,000,00,2,1,15,A01
200700007002,0,07,000,00,2,1,01,B02
200700007003,0,02,000,00,2,1,02,A01
200700007003,0,07,000,00,0,4,23,B02
200700007004,0,02,000,00,1,1,17,A01
200700007005,0,33,000,00,2,1,17,A01
200700007005,0,07,000,00,0,5,15,B02
200700007005,0,07,000,00,2,2,01,C03
200700007006,0,07,000,13,0,1,06,A01
200700007007,0,33,000,00,2,1,01,A01
200700007007,0,07,000,00,2,3,15,B02
200700007008,0,07,000,00,2,1,11,A01
200700007008,0,99,000,00,2,1,01,B02
200700007009,0,07,000,02,0,2,13,A01
200700007010,0,01,000,00,0,0,01,A01
200700007011,0,33,000,00,2,3,13,A01
200700007011,0,07,000,00,2,3,01,B02
200700007012,0,02,000,00,2,0,15,A01
200700007012,0,07,000,00,1,3,02,B02
200700007013,0,33,000,00,0,8,01,A01
200700007014,0,07,000,00,2,3,01,A01
200700007015,0,02,000,00,2,7,17,A01
200700007015,0,07,000,00,2,1,19,B02
200700007015,0,07,000,00,2,1,19,C03
200700007016,0,07,000,00,2,7,17,A01
200700007016,0,02,000,00,2,8,15,B02
200700007017,0,07,000,00,2,2,01,A01
200700007017,0,07,000,00,2,2,01,B02
200700007018,0,01,000,00,2,1,19,A01
200700007018,0,07,000,00,2,3,01,B02
200700007019,0,01,000,00,2,1,01,A01
200700007019,0,07,000,00,9,3,01,B02
200700007020,0,07,000,00,2,2,01,A01
200700007020,0,02,000,00,2,6,19,B02
200700007021,0,07,000,02,0,1,14,A01
200700007022,0,07,000,02,0,1,01,A01
200700007023,0,07,000,13,0,1,01,A01
200700007024,0,07,000,00,2,3,01,A01
200700007024,0,07,000,00,2,3,01,B02
200700007025,0,02,000,00,2,1,00,A01
200700007025,0,02,000,00,2,1,17,B02
200700007026,0,33,000,00,6,8,02,A01
200700007027,0,07,000,00,2,3,15,A01
200700007027,0,30,000,00,2,1,05,B02
200700007028,0,07,000,13,2,2,17,A01
200700007028,0,07,000,00,2,3,01,B02
200700007028,0,10,000,00,2,8,01,C03
200700007029,0,07,000,00,2,1,01,A01
200700007029,0,17,000,03,2,0,01,B02
200700007030,1,07,000,00,1,2,01,A01
200700007031,0,07,000,00,0,0,13,A01
200700007031,0,07,000,03,2,7,21,B02
200700007031,0,07,000,00,2,1,01,C03
200700007032,0,07,000,00,2,3,13,A01
200700007032,0,07,000,00,2,3,01,B02
200700007033,0,07,000,02,0,3,01,A01
200700007034,0,07,000,00,2,3,13,A01
200700007034,0,07,000,00,2,3,00,B02
200700007034,0,31,000,00,2,8,00,C03
200700007035,0,07,000,00,2,7,01,A01
200700007035,0,02,000,00,0,0,00,B02
200700007036,0,07,000,00,2,7,01,A01
200700007036,0,07,000,00,2,1,01,B02
200700007037,0,07,000,13,0,1,14,A01
200700007038,0,07,000,00,0,1,01,A01
200700007039,0,07,000,06,0,4,01,A01
200700007040,0,07,000,06,0,1,01,A01
200700007041,0,07,000,15,0,1,20,A01
200700007042,0,07,000,13,0,3,00,A01
200700007043,0,07,000,00,2,3,15,A01
200700007043,0,30,000,00,2,7,01,B02
200700007044,0,10,000,13,0,3,01,A01
200700007045,0,07,000,02,0,5,01,A01
200700007046,0,07,000,00,2,1,13,A01
200700007046,0,33,000,00,2,1,00,B02
200700007047,0,07,000,00,2,3,15,A01
200700007047,0,31,000,00,2,1,01,B02
200700007048,0,07,000,00,2,1,13,A01
200700007048,0,07,000,00,2,3,00,B02
200700007049,0,07,000,00,2,2,17,A01
200700007049,0,07,000,08,2,3,01,B02
200700007050,0,07,000,00,2,3,01,A01
200700007050,0,07,000,00,2,3,13,B02
200700007051,0,07,000,13,0,1,13,A01
200700007052,0,07,000,15,0,0,01,A01
200700007053,0,07,000,00,6,1,01,A01
200700007054,0,10,000,00,2,2,01,A01
200700007054,0,07,000,00,2,8,01,B02
200700007055,0,07,000,00,2,1,00,A01
200700007055,0,07,000,00,2,2,19,B02
200700007056,0,07,000,00,0,6,01,A01
200700007056,0,07,000,00,0,2,01,B02
200700007057,0,07,000,06,0,1,01,A01
200700007058,0,07,000,13,0,9,14,A01
200700007059,0,10,000,00,1,2,02,A01
200700007060,0,07,000,00,0,1,00,A01
200700007061,0,02,000,06,0,1,15,A01
200700007062,1,31,000,00,1,0,01,A01
200700007063,0,21,000,00,9,1,10,A01
200700007063,0,01,000,00,2,7,15,B02
200700007064,0,14,000,00,2,1,02,A01
200700007064,0,17,000,00,0,4,01,B02
200700007065,0,07,000,00,2,1,02,A01
200700007065,0,07,000,00,0,4,02,B02
200700007066,0,07,000,04,0,1,01,A01
200700007067,0,17,000,00,2,8,13,A01
200700007067,0,07,000,00,2,7,02,B02
200700007068,0,07,000,04,0,3,17,A01
200700007069,0,17,000,00,0,0,01,B02
200700007069,0,33,000,00,2,1,01,C03
200700007069,0,33,000,00,0,4,01,D04
200700007070,0,07,000,00,2,7,00,A01
200700007070,0,07,000,00,2,1,01,B02
200700007071,0,07,000,00,0,7,16,A01
200700007071,0,10,000,00,0,3,18,B02
200700007072,0,07,000,00,2,2,19,A01
200700007072,0,02,000,00,2,3,01,B02
200700007073,0,30,000,00,2,1,01,A01
200700007073,0,07,000,00,2,2,15,B02
200700007074,0,07,000,13,0,1,01,A01
200700007075,0,07,000,13,2,8,10,A01
200700007075,0,07,000,00,2,2,17,B02
200700007076,0,07,000,13,0,2,01,A01
200700007077,0,07,000,02,0,5,01,A01
200700007078,0,30,000,13,0,2,15,A01
200700007079,0,07,000,00,2,1,01,A01
200700007079,0,07,000,00,0,4,01,B02
200700007079,0,14,000,00,0,0,00,C03
200700007080,0,07,000,00,2,3,13,A01
200700007080,0,07,000,00,9,1,01,B02
200700007080,0,07,000,00,2,8,01,C03
200700007081,0,07,000,00,2,3,01,A01
200700007081,0,07,000,00,2,1,01,B02
200700007082,0,31,000,00,2,1,17,A01
200700007082,0,07,000,00,0,8,15,B02
200700007083,0,07,000,00,1,2,01,A01