Num_Acc,senc,catv,occutc,obs,obsm,choc,manv,num_veh
200700007084,0,07,000,00,2,3,15,A01
200700007084,0,33,000,00,2,3,01,B02
200700007085,0,07,000,00,2,1,01,A01
200700007085,0,33,000,00,2,1,00,B02
200700007086,0,07,000,00,0,4,02,A01
200700007086,0,31,000,00,2,1,02,B02
200700007087,0,07,000,02,0,8,01,A01
200700007088,0,10,000,00,2,3,23,A01
200700007088,0,07,000,00,2,1,01,B02
200700007089,0,07,000,00,2,1,13,A01
200700007089,0,07,000,00,2,1,01,B02
200700007090,0,07,000,00,2,1,01,A01
200700007090,0,07,000,03,2,1,01,B02
200700007091,0,07,000,00,2,3,13,A01
200700007091,0,07,000,00,2,3,01,B02
200700007092,0,07,000,00,2,4,02,A01
200700007092,0,33,000,00,2,1,02,B02
200700007093,0,07,000,06,2,3,01,C03
200700007093,0,07,000,00,2,5,01,A01
200700007094,0,07,000,02,0,1,13,A01
200700007095,0,07,000,13,0,9,01,A01
200700007096,0,07,000,03,0,2,14,A01
200700007097,0,07,000,13,0,3,01,A01
200700007098,0,07,000,02,0,1,13,A01
200700007099,0,07,000,00,2,3,01,A01
200700007100,0,15,000,00,1,3,01,A01
200700007101,0,07,000,00,2,3,13,A01
200700007101,0,07,000,00,2,3,01,B02
200700007102,0,07,000,00,0,0,00,A01
200700007103,0,07,000,00,2,3,01,A01
200700007103,0,07,000,00,2,3,01,B02
200700007104,0,07,000,05,0,3,00,A01
200700007105,0,02,000,00,2,1,01,A01
200700007105,0,02,000,00,2,5,19,B02
200700007106,0,03,000,00,2,1,01,A01
200700007106,0,07,000,00,0,4,02,B02
200700007106,0,10,000,00,2,1,02,C03
200700007107,0,31,000,00,2,1,02,A01
200700007107,0,07,000,00,0,6,02,B02
200700007108,0,07,000,00,2,1,01,A01
200700007108,0,07,000,00,0,4,01,B02
200700007109,0,30,000,01,0,1,01,A01
200700007109,0,20,000,00,0,6,00,B02
200700007110,0,07,000,00,2,8,10,A01
200700007110,0,02,000,00,2,1,17,B02
200700007111,0,10,000,00,1,2,00,A01
200700007112,0,07,000,00,2,3,01,A01
200700007112,0,07,000,04,2,3,01,B02
200700007113,0,33,000,00,2,1,02,A01
200700007113,0,07,000,00,2,6,01,B02
200700007114,0,07,000,00,2,1,02,A01
200700007114,0,07,000,00,2,4,02,B02
200700007115,0,07,000,02,0,1,01,A01
200700007116,0,02,000,08,0,1,01,A01
200700007117,0,32,000,01,0,1,01,A01
200700007117,0,02,000,00,2,0,23,B02
200700007118,0,10,000,04,0,3,01,A01
200700007119,0,13,000,00,2,3,10,A01
200700007119,0,33,000,00,2,1,21,B02
200700007120,0,07,000,00,0,1,01,A01
200700007120,0,33,000,00,0,1,13,B02
200700007121,0,07,000,00,2,2,13,A01
200700007121,0,14,000,00,2,2,01,B02
200700007122,0,33,000,00,0,1,01,A01
200700007123,0,07,000,01,0,3,01,A01
200700007123,0,07,000,00,0,4,00,B02
200700007123,0,07,000,00,2,3,00,C03
200700007124,0,07,000,00,1,7,01,A01
200700007125,0,07,000,00,2,3,15,A01
200700007125,0,07,000,00,2,3,23,B02
200700007125,0,31,000,00,2,1,01,C03
200700007126,0,30,000,11,0,1,01,A01
200700007127,0,07,000,13,0,0,00,A01
200700007128,2,07,000,00,2,3,17,A01
200700007128,0,07,000,00,2,6,01,B02
200700007128,0,07,000,00,2,3,01,C03
200700007128,0,07,000,00,2,5,24,D04
200700007129,0,30,000,00,0,0,01,A01
200700007130,0,07,000,00,0,2,01,A01
200700007131,0,07,000,00,5,1,01,A01
200700007132,0,31,000,00,2,1,13,A01
200700007132,0,07,000,00,2,3,01,B02
200700007133,0,01,000,00,2,6,02,A01
200700007134,0,07,000,00,0,7,01,A01
200700007134,0,02,000,00,2,1,15,B02
200700007135,0,07,000,00,2,3,01,A01
200700007135,0,07,000,00,2,1,13,B02
200700007136,0,07,000,00,0,7,17,A01
200700007137,0,30,000,15,0,1,01,A01
200700007138,0,07,000,00,2,1,09,A01
200700007138,0,30,000,00,2,1,01,B02
200700007139,0,07,000,00,2,1,15,A01
200700007139,0,31,000,00,2,3,01,B02
200700007140,0,07,000,00,1,1,01,A01
200700007141,0,07,000,00,2,8,15,B02
200700007141,0,07,000,00,2,1,01,A01
200700007142,0,33,000,02,0,1,01,A01
200700007143,0,07,000,00,2,8,09,A01
200700007143,0,07,000,00,2,1,01,B02
200700007144,0,07,000,02,0,1,01,A01
200700007145,0,02,000,00,0,4,15,A01
200700007145,1,07,000,00,2,3,02,B02
200700007146,0,10,000,00,2,5,01,A01
200700007146,0,02,000,00,2,1,19,B02
200700007147,0,07,000,00,1,2,01,A01
200700007148,0,07,000,00,2,1,01,A01
200700007148,0,07,000,00,2,1,13,B02
200700007149,0,07,000,00,2,2,15,A01
200700007149,0,02,000,00,2,1,01,B02
200700007150,0,07,000,16,0,0,16,A01
200700007151,0,07,000,06,0,1,01,A01
200700007152,0,07,000,00,1,8,01,A01
200700007153,0,33,000,00,2,1,13,A01
200700007153,0,07,000,00,2,3,01,B02
200700007153,0,33,000,14,0,1,21,C03
200700007154,0,07,000,00,9,7,15,A01
200700007154,0,33,000,00,0,1,01,B02
200700007155,0,07,000,06,0,2,01,A01
200700007156,0,07,000,00,2,3,01,A01
200700007156,0,07,000,00,2,2,01,B02
200700007157,0,07,000,00,2,1,13,A01
200700007157,0,07,000,00,2,1,01,B02
200700007158,0,07,000,00,2,1,01,A01
200700007158,0,07,000,00,2,4,01,B02
200700007159,0,07,000,02,0,1,00,A01
200700007160,0,07,000,00,2,1,15,A01
200700007160,0,31,000,00,2,1,01,B02
200700007161,0,07,000,00,9,2,17,A01
200700007161,0,02,000,00,2,8,15,B02
200700007162,0,07,000,00,1,2,01,A01
200700007163,0,07,000,14,0,3,01,A01
200700007164,0,07,000,00,2,8,16,A01
200700007164,0,02,000,00,2,2,15,B02
200700007165,0,07,000,00,2,2,17,A01
200700007165,0,01,000,00,2,4,00,B02
200700007166,0,30,000,13,0,8,15,A01
200700007167,0,07,000,00,2,3,13,A01
200700007167,0,07,000,00,2,3,01,B02
200700007168,0,07,000,00,2,1,13,A01
200700007168,0,07,000,00,2,3,01,B02
200700007169,0,07,000,02,0,1,14,A01
200700007169,0,07,000,01,0,3,13,B02
200700007169,0,07,000,00,2,3,01,C03
200700007170,0,10,000,00,1,6,20,A01
200700007171,0,07,000,00,2,8,13,A01
200700007171,0,07,000,02,2,8,01,B02
200700007172,0,33,000,00,2,8,01,A01
200700007172,0,07,000,13,2,1,17,B02
200700007173,0,07,000,00,0,1,01,A01
200700007174,0,33,000,00,5,1,01,A01
200700007175,0,07,000,13,0,2,14,A01
200700007176,0,07,000,00,2,3,13,A01
200700007176,0,07,000,00,2,3,01,B02
200700007177,0,07,000,13,0,1,01,A01
200700007178,0,07,000,06,0,1,14,A01
200700007179,0,07,000,00,4,6,01,A01
200700007179,0,39,000,00,2,1,01,B02
200700007180,0,07,000,00,2,4,13,A01
200700007180,0,07,000,00,2,2,01,B02
200700007181,0,07,000,09,0,2,14,A01
200700007182,0,07,000,02,0,9,00,A01
200700007183,0,99,000,00,0,6,00,A01
200700007183,0,01,000,01,0,1,01,B02
200700007184,0,07,000,05,0,1,01,A01
200700007185,0,07,000,00,2,3,13,A01
200700007185,0,07,000,00,2,3,01,B02
200700007186,0,07,000,00,2,8,15,A01
200700007186,0,30,000,00,2,1,17,B02
200700007187,0,07,000,13,0,1,01,A01
200700007188,0,02,000,00,2,8,13,A01
200700007188,0,07,000,00,9,3,01,B02
200700007189,0,07,000,00,2,1,01,A01
200700007189,0,07,000,00,2,1,06,B02
200700007190,0,07,000,00,2,1,17,A01
200700007190,0,07,000,00,2,1,01,B02
200700007191,0,14,000,00,2,3,01,A01
200700007192,0,07,000,00,1,2,00,A01
200700007193,0,10,000,06,0,1,01,A01
200700007194,0,07,000,00,2,1,01,A01
200700007194,0,07,000,00,2,1,01,B02
200700007195,0,07,000,02,0,3,01,A01
200700007196,0,10,000,00,0,2,01,A01
200700007197,0,07,000,06,0,2,01,A01
200700007197,0,07,000,00,0,0,00,B02
200700007198,0,07,000,00,2,1,13,A01
200700007198,0,07,000,00,2,1,00,B02
200700007199,0,07,000,13,0,1,14,A01
200700007200,0,07,000,00,2,1,19,A01
200700007200,0,07,000,00,2,8,01,B02
200700007201,0,30,000,01,0,1,15,A01
200700007202,0,14,000,00,2,3,01,A01
200700007202,0,07,000,00,2,3,01,B02
200700007203,0,30,000,00,2,1,13,A01
200700007203,0,07,000,00,2,3,01,B02
200700007204,0,07,000,00,2,1,11,A01
200700007204,0,07,000,00,2,1,01,B02
200700007205,0,07,000,02,0,8,14,A01
200700007206,0,07,000,00,2,1,01,A01
200700007206,0,07,000,00,2,8,01,B02
200700007207,0,30,000,00,2,1,13,A01
200700007207,0,07,000,00,2,3,01,B02
200700007208,0,02,000,06,0,1,00,A01
200700007209,0,10,000,00,1,2,21,A01
200700007210,0,07,000,00,1,3,01,A01
200700007211,0,17,000,00,9,6,15,A01
200700007211,0,02,000,00,2,3,16,B02
200700007212,0,07,000,02,2,6,13,A01
200700007212,0,07,000,00,2,6,01,B02
200700007213,0,07,000,00,1,0,15,A01
200700007214,0,07,000,00,2,3,11,A01
200700007214,0,33,000,00,2,1,01,B02
200700007215,0,07,000,02,0,8,01,A01
200700007216,0,07,000,00,1,1,01,A01
200700007217,0,07,000,00,2,1,05,A01
200700007217,0,07,000,00,2,1,01,B02
200700007218,0,07,000,00,2,1,01,A01
200700007218,0,07,000,03,0,8,17,B02
200700007219,0,07,000,13,0,9,01,A01
200700007220,0,07,000,00,2,1,17,A01
200700007220,0,07,000,00,2,1,01,B02
200700007221,0,38,040,03,0,1,01,A01
200700007222,0,07,000,02,0,7,01,A01
200700007223,0,07,000,10,0,2,01,A01
200700007224,0,07,000,00,0,0,00,A01
200700007225,0,07,000,00,1,7,01,A01
200700007226,0,07,000,01,0,2,01,A01
200700007226,0,10,000,00,0,6,24,B02
200700007227,0,07,000,00,2,1,17,A01
200700007227,0,07,000,00,2,4,15,B02
200700007227,0,07,000,00,2,8,23,C03
200700007228,0,07,000,13,0,3,00,A01
200700007229,0,07,000,00,2,3,01,A01
200700007229,0,01,000,00,2,7,01,B02
200700007230,0,07,000,00,2,3,15,A01
200700007230,0,07,000,09,2,2,17,B02
200700007231,0,33,000,00,2,1,02,A01
200700007232,0,07,000,14,0,3,01,A01
200700007233,0,07,000,00,2,1,01,A01
200700007233,0,07,000,00,0,4,09,B02
200700007234,0,07,000,00,2,3,01,A01
200700007234,0,07,000,00,2,2,13,B02
200700007235,0,10,000,00,2,2,17,A01
200700007235,0,07,000,00,2,7,01,B02
200700007236,0,33,000,00,2,8,05,A01
200700007236,0,33,000,05,2,8,21,B02
200700007236,0,33,000,05,2,8,21,C03
200700007237,0,07,000,00,2,7,15,A01
200700007237,0,33,000,00,2,1,11,B02
200700007238,0,07,000,00,0,2,17,A01
200700007238,0,02,000,00,0,4,01,B02
200700007239,0,07,000,00,0,0,13,A01
200700007240,0,02,000,00,0,1,01,A01
200700007241,0,07,000,15,2,0,02,A01
200700007241,0,07,000,00,2,5,02,B02
200700007242,0,07,000,00,2,2,01,A01
200700007242,0,02,000,00,2,8,19,B02
200700007243,0,07,000,00,0,1,01,A01
200700007243,0,10,000,00,0,6,15,B02
200700007244,0,02,000,04,0,2,14,A01
200700007245,0,07,000,00,2,3,01,A01
200700007245,0,02,000,00,2,1,17,B02
200700007246,0,07,000,00,2,3,15,A01
200700007246,0,33,000,00,2,1,01,B02
200700007247,0,07,000,00,1,1,01,A01
200700007248,0,07,000,04,2,9,21,A01
200700007249,0,07,000,00,2,3,01,A01
200700007249,0,07,000,00,2,3,13,B02
200700007249,0,07,000,00,2,3,13,C03
200700007250,0,07,000,00,2,3,13,A01
200700007250,0,07,000,00,2,3,01,B02
200700007251,0,07,000,00,2,1,01,A01
200700007252,0,07,000,00,1,7,01,A01
200700007253,0,07,000,00,0,8,15,A01
200700007253,0,07,000,00,2,1,01,B02
200700007254,0,07,000,00,2,4,13,A01
200700007254,0,07,000,00,2,1,01,B02
200700007255,0,07,000,00,2,1,15,C03
200700007255,0,07,000,00,2,1,15,D04
200700007255,0,07,000,00,2,2,01,A01
200700007255,0,07,000,00,2,2,01,B02
200700007256,0,07,000,08,0,7,13,A01
200700007257,0,07,000,00,2,2,02,A01
200700007257,0,02,000,00,0,4,02,B02
200700007258,0,07,000,06,0,0,01,A01
200700007259,0,33,000,00,2,1,13,A01
200700007259,0,07,000,00,2,1,01,B02
200700007260,0,02,000,00,2,1,05,A01
200700007260,0,07,000,00,2,3,15,B02
200700007261,0,07,000,00,2,3,17,A01
200700007261,0,07,000,00,2,1,01,B02
200700007261,0,07,000,00,2,2,21,C03
200700007262,0,07,000,01,2,1,17,A01
200700007262,0,07,000,00,2,8,01,B02
200700007262,0,07,000,01,2,4,24,C03
200700007262,0,07,000,01,2,4,24,D04
200700007262,0,10,000,01,2,2,24,E05
200700007263,0,33,000,00,0,0,00,A01
200700007264,0,07,000,00,0,3,01,A01
200700007264,0,07,000,00,0,3,01,B02
200700007265,0,07,000,00,2,1,00,A01
200700007265,0,07,000,00,0,3,00,B02
200700007266,0,33,000,00,0,0,00,A01
200700007267,0,07,000,06,0,1,01,A01
200700007268,0,07,000,00,2,1,13,A01
200700007268,0,07,000,00,2,3,01,B02
200700007269,0,02,000,00,0,8,01,A01
200700007270,0,30,000,00,0,7,02,A01
200700007271,0,07,000,00,2,1,01,A01
200700007271,0,02,000,00,2,1,05,B02
200700007272,0,07,000,00,6,7,21,A01
200700007273,0,15,000,02,0,1,01,A01
200700007274,0,33,000,13,0,1,01,A01
200700007275,0,07,000,00,2,3,13,A01
200700007275,0,33,000,00,2,1,01,B02
200700007276,0,07,000,00,0,3,17,A01
200700007277,0,07,000,01,0,1,01,A01
200700007277,0,07,000,00,0,5,15,B02
200700007277,0,07,000,01,0,8,01,C03
200700007277,0,07,000,00,2,8,01,D04
200700007278,0,33,000,00,2,8,01,A01
200700007279,0,07,000,06,0,3,01,A01
200700007280,0,07,000,00,2,1,15,A01
200700007280,0,07,000,00,2,3,01,B02
200700007281,0,33,000,00,0,0,01,A01
200700007282,0,07,000,16,0,4,01,A01
200700007283,0,07,000,02,0,1,01,A01
200700007284,0,10,000,02,0,1,21,A01
200700007285,0,07,000,00,0,2,02,A01
200700007285,0,01,000,00,0,4,02,B02
200700007286,0,07,000,16,0,9,14,A01
200700007287,0,07,000,00,2,3,02,A01
200700007287,0,38,000,00,0,5,02,B02
200700007288,0,07,000,00,0,1,01,A01
200700007289,0,07,000,02,1,3,01,A01
200700007289,0,07,000,00,1,1,01,B02
200700007290,0,14,000,16,0,1,01,A01
200700007291,0,02,000,00,2,1,01,A01
200700007291,0,17,000,00,0,8,01,B02
200700007292,0,07,000,00,0,9,01,A01
200700007293,0,10,000,00,0,7,19,A01
200700007293,0,07,000,00,2,1,01,B02
200700007294,0,07,000,00,2,6,19,A01
200700007294,0,07,000,00,2,3,01,B02
200700007295,0,10,000,00,2,3,13,A01
200700007295,0,01,000,00,2,1,01,B02
200700007296,0,02,000,00,2,7,15,A01
200700007296,0,07,000,00,2,1,01,B02
200700007297,0,07,000,06,0,1,19,A01
200700007298,0,07,000,00,0,0,00,A01
200700007299,0,07,000,00,2,2,01,A01
200700007299,0,07,000,00,2,1,01,B02
200700007300,0,07,000,00,2,7,01,A01
200700007300,0,07,000,00,2,1,01,B02
200700007301,0,07,000,16,0,9,21,A01
200700007302,0,07,000,02,0,1,01,A01
200700007303,0,17,000,00,2,2,02,A01
200700007303,0,07,000,00,2,4,02,B02
200700007303,0,10,000,00,2,1,01,C03
200700007303,0,17,000,00,2,6,02,D04
200700007304,0,07,000,00,2,3,13,A01
200700007304,0,07,000,00,0,3,01,B02
200700007305,0,07,000,00,2,3,05,A01
200700007305,0,17,000,00,2,3,01,B02
200700007306,0,07,000,00,9,2,10,A01
200700007306,0,33,000,00,2,1,02,B02
200700007307,0,07,000,00,2,1,01,A01
200700007307,0,07,000,00,2,8,19,B02
200700007308,0,07,000,00,1,1,01,A01
200700007309,0,07,000,02,0,9,01,A01
200700007310,0,07,000,00,1,1,01,A01
200700007311,0,07,000,16,0,9,17,A01
200700007312,0,07,000,02,0,1,01,A01
200700007313,0,07,000,13,0,1,00,A01
200700007314,0,07,000,00,2,2,01,A01
200700007314,0,07,000,00,2,1,01,B02
200700007315,0,07,000,01,0,3,14,A01
200700007316,0,07,000,00,1,3,15,A01
200700007317,0,33,000,00,2,2,14,A01
200700007317,0,07,000,00,2,5,15,B02
200700007318,0,07,000,00,2,1,13,A01
200700007318,0,17,000,00,2,1,01,B02
200700007319,0,07,000,00,2,7,15,A01
200700007319,0,10,000,00,2,1,01,B02
200700007320,0,01,000,00,1,1,01,A01
200700007321,0,07,000,00,0,2,01,A01
200700007322,0,10,000,00,2,2,02,A01
200700007322,0,07,000,00,0,4,23,B02
200700007322,0,07,000,00,0,4,23,C03
200700007323,0,07,000,00,1,8,01,A01
200700007323,0,07,000,00,1,1,01,B02
200700007324,0,07,000,00,2,1,01,A01
200700007324,0,07,000,00,0,7,01,B02
200700007325,0,07,000,00,1,1,01,A01
200700007326,0,10,000,02,0,2,01,A01
200700007327,0,07,000,00,0,0,01,A01
200700007328,0,07,000,15,0,2,13,A01
200700007329,0,07,000,02,0,9,01,A01
200700007330,0,07,000,00,2,1,01,A01
200700007330,0,07,000,00,2,1,01,B02
200700007330,0,07,000,00,2,8,16,C03
200700007331,0,07,000,02,0,8,01,A01
200700007332,0,33,000,00,6,1,01,A01
200700007333,0,07,000,00,1,2,01,A01
200700007334,0,02,000,00,2,3,13,A01
200700007334,0,07,000,00,2,3,01,B02
200700007335,0,07,000,00,2,2,15,A01
200700007335,0,02,000,00,2,1,01,B02
200700007336,0,33,000,00,2,1,01,A01
200700007336,0,07,000,00,2,4,01,B02
200700007336,0,07,000,00,2,1,01,C03
200700007337,0,17,000,06,0,1,01,A01
200700007338,0,07,000,00,2,3,17,A01
200700007338,0,07,000,00,2,3,01,B02
200700007339,0,07,000,00,2,5,13,A01
200700007339,0,07,000,00,2,2,01,B02
200700007340,0,07,000,00,2,1,13,A01
200700007340,0,07,000,00,2,1,01,B02
200700007341,0,07,000,02,0,2,17,A01
200700007342,0,07,000,00,2,3,01,A01
200700007342,0,10,000,00,2,3,01,B02
200700007343,0,07,000,16,0,9,01,A01
200700007344,0,07,000,00,2,3,17,A01
200700007344,0,07,000,00,2,3,01,B02
200700007345,0,07,000,00,2,1,01,A01
200700007345,0,07,000,00,2,3,19,B02
200700007346,0,07,000,00,9,2,00,A01
200700007346,0,30,000,00,2,1,00,B02
200700007347,0,07,000,00,2,1,01,A01
200700007347,0,10,000,00,0,6,23,B02
200700007348,0,30,000,00,2,1,13,A01
200700007348,0,30,000,00,2,1,15,B02
200700007349,0,07,000,02,0,1,01,A01
200700007350,0,30,000,00,1,1,01,A01
200700007351,0,07,000,00,2,1,15,A01
200700007351,0,99,000,00,2,1,01,B02
200700007352,0,07,000,16,0,1,14,A01
200700007353,0,02,000,00,2,1,01,A01
200700007353,0,37,000,00,2,2,01,B02
200700007354,0,07,000,00,2,3,01,A01
200700007354,0,07,000,00,2,2,01,B02
200700007355,0,07,000,13,0,3,00,A01
200700007356,0,10,000,00,2,3,13,A01
200700007356,0,07,000,00,2,3,01,B02
200700007357,0,07,000,00,0,2,02,A01
200700007357,0,01,000,00,0,4,01,B02
200700007358,0,07,000,00,2,1,01,A01
200700007358,0,30,000,00,2,4,01,B02
200700007358,0,07,000,00,2,2,01,C03
200700007359,0,33,000,00,2,1,02,A01
200700007359,0,07,000,00,2,4,02,B02
200700007360,0,07,000,13,0,2,01,A01
200700007361,0,10,000,13,0,1,00,A01
200700007362,0,07,000,00,0,0,01,A01
200700007362,0,15,000,00,2,8,01,B02
200700007362,0,07,000,00,2,1,21,C03
200700007363,0,07,000,13,2,1,12,A01
200700007363,0,07,000,00,0,6,01,B02
200700007364,0,07,000,00,2,1,17,A01
200700007364,0,07,000,00,2,3,01,B02
200700007365,0,07,000,03,0,8,01,A01
200700007366,0,02,000,00,2,7,01,A01
200700007366,0,07,000,00,9,3,23,B02
200700007367,0,07,000,00,2,2,13,A01
200700007367,0,07,000,00,2,1,01,B02
200700007368,0,33,000,00,0,7,01,A01
200700007369,0,07,000,13,0,1,01,A01
200700007370,0,07,000,00,2,1,13,A01
200700007370,0,10,000,00,2,3,01,B02
200700007371,0,17,000,00,2,2,02,A01
200700007371,0,17,000,00,2,6,03,B02
200700007371,0,17,000,14,0,2,02,C03
200700007372,0,07,000,04,0,1,01,A01
200700007373,0,07,000,00,2,7,17,A01
200700007373,0,17,000,00,2,3,01,B02
200700007373,0,07,000,00,2,1,01,C03
200700007374,0,07,000,04,0,3,01,A01
200700007375,0,07,000,02,0,5,01,A01
200700007376,0,07,000,03,0,1,12,A01
200700007376,0,07,000,03,0,0,12,B02
200700007377,0,07,000,00,2,1,02,A01
200700007377,0,07,000,00,0,4,02,B02
200700007378,0,15,000,03,0,7,01,A01
200700007379,0,07,000,13,0,3,01,A01
200700007380,0,07,000,04,0,2,00,A01
200700007381,0,07,000,00,2,4,09,A01
200700007381,0,30,000,00,2,1,01,B02
200700007382,0,07,000,02,0,7,13,A01
200700007383,0,07,000,00,2,8,10,A01
200700007383,0,07,000,00,2,1,01,B02
200700007384,0,07,000,00,2,3,01,A01
200700007384,0,07,000,00,2,3,15,B02
200700007385,0,07,000,00,2,7,13,A01
200700007385,0,07,000,00,2,1,01,B02
200700007386,0,07,000,16,0,2,14,A01
200700007387,0,07,000,02,0,1,00,A01
200700007388,0,07,000,05,0,2,02,A01
200700007389,0,17,000,14,0,2,02,A01
200700007390,0,07,000,03,0,2,14,A01
200700007391,0,17,000,00,0,6,01,A01
200700007391,0,07,000,00,2,1,02,B02
200700007392,0,10,000,00,2,1,01,A01
200700007392,0,15,000,00,0,4,01,B02
200700007393,0,07,000,12,1,2,01,A01
200700007393,0,07,000,00,0,6,24,B02
200700007393,0,07,000,00,0,5,24,C03
200700007394,0,07,000,00,2,3,19,A01
200700007394,0,30,000,00,2,1,01,B02
200700007395,0,07,000,03,0,2,01,A01
200700007396,0,33,000,00,2,1,17,A01
200700007396,0,07,000,00,2,3,15,B02
200700007397,0,07,000,00,2,2,15,A01
200700007397,0,02,000,00,2,1,01,B02
200700007398,0,07,000,03,0,6,09,A01
200700007398,0,10,000,00,2,2,14,B02
200700007399,0,07,000,13,0,2,00,A01
200700007400,0,07,000,04,0,0,01,A01
200700007400,0,07,000,06,0,3,01,B02
200700007401,0,07,000,00,2,4,02,A01
200700007401,0,07,000,00,2,1,02,B02
200700007402,0,07,000,12,2,2,21,A01
200700007402,0,07,000,00,2,4,02,B02
200700007402,0,07,000,00,2,4,02,C03
200700007402,0,07,000,00,0,4,02,D04
200700007403,0,07,000,13,0,1,01,A01
200700007404,0,07,000,00,2,1,01,A01
200700007404,0,17,000,00,2,3,13,B02
200700007405,0,07,000,00,2,1,01,A01
200700007405,0,07,000,00,2,7,15,B02
200700007406,0,07,000,00,0,7,23,A01
200700007406,0,07,000,01,0,1,02,B02
200700007406,0,07,000,00,2,1,02,C03
200700007406,0,07,000,00,2,1,02,D04
200700007407,0,10,000,00,2,1,21,A01
200700007407,0,17,000,00,2,6,02,B02
200700007408,0,07,000,13,0,9,01,A01
200700007409,0,07,000,04,0,4,02,A01
200700007409,0,07,000,00,2,2,02,B02
200700007410,0,07,000,00,1,3,01,A01
200700007411,0,07,000,00,0,4,15,A01
200700007411,0,99,000,00,0,0,01,B02
200700007412,0,07,000,00,0,4,23,A01
200700007412,0,15,000,00,2,1,01,B02
200700007413,0,33,000,04,0,1,01,A01
200700007414,0,07,000,00,2,1,01,A01
200700007414,0,17,000,00,0,4,00,B02
200700007415,0,14,000,00,0,4,00,A01
200700007415,0,07,000,01,0,1,23,B02
200700007416,0,07,000,03,0,1,01,A01
200700007417,0,07,000,05,0,1,02,A01
200700007418,2,10,000,00,2,3,05,B02
200700007418,0,07,000,00,2,3,01,A01
200700007419,0,07,000,01,0,2,01,A01
200700007419,0,07,000,01,0,6,00,B02
200700007420,0,07,000,00,2,1,01,A01
200700007420,0,07,000,06,0,8,01,B02
200700007421,0,07,000,00,0,1,01,A01
200700007421,0,07,000,00,0,1,01,B02
200700007422,0,07,000,04,0,1,01,A01
200700007423,0,07,000,00,0,3,17,A01
200700007423,0,07,000,00,0,2,00,B02
200700007424,0,07,000,00,2,2,01,A01
200700007424,0,30,000,00,2,7,15,B02
200700007425,0,07,000,00,1,2,00,A01
200700007426,0,17,000,04,0,1,13,A01
200700007427,0,07,000,13,0,9,01,A01
200700007428,0,07,000,00,1,2,15,A01
200700007429,0,07,000,00,2,4,13,A01
200700007429,0,07,000,00,2,1,00,B02
200700007430,0,07,000,00,0,6,01,A01
200700007430,0,31,000,00,2,2,13,B02
200700007431,0,17,000,00,0,7,00,A01
200700007432,0,07,000,00,0,4,01,A01
200700007432,0,10,000,00,2,1,02,B02
200700007433,0,07,000,00,0,6,01,A01
200700007433,0,07,000,00,0,3,00,B02
200700007434,0,17,000,00,0,6,11,A01
200700007434,0,07,000,00,0,7,17,B02
200700007435,0,07,000,00,2,1,01,A01
200700007435,0,07,000,00,2,4,01,B02
200700007435,0,07,000,00,2,4,01,C03
200700007436,0,17,000,05,0,2,14,A01
200700007437,0,07,000,00,2,2,00,A01
200700007437,0,15,000,00,0,6,02,B02
200700007438,0,37,000,02,0,1,01,A01
200700007439,0,07,000,00,2,2,15,A01
200700007439,0,33,000,00,2,1,01,B02
200700007440,0,38,000,00,2,2,02,A01
200700007440,0,10,000,03,0,6,02,B02
200700007441,0,07,000,03,0,3,13,A01
200700007442,0,07,000,03,0,1,02,A01
200700007443,0,32,000,00,2,1,03,A01
200700007443,0,07,000,00,2,5,12,B02
200700007444,0,10,000,13,0,2,01,A01
200700007444,0,10,000,00,2,3,01,B02
200700007445,0,07,000,00,0,1,02,A01
200700007445,0,33,000,00,2,7,01,B02
200700007446,0,07,000,13,0,1,01,A01
200700007447,0,33,000,03,0,3,01,A01
200700007448,0,07,000,00,0,1,01,A01
200700007449,0,07,000,00,2,3,17,A01
200700007449,0,07,000,00,2,3,01,B02
200700007450,0,07,000,13,0,9,00,A01
200700007451,0,07,000,00,2,3,13,A01
200700007451,0,14,000,00,2,3,01,B02
200700007452,0,07,000,00,2,1,12,A01
200700007452,0,01,000,00,2,7,01,B02
200700007453,0,10,000,00,2,6,19,A01
200700007453,0,33,000,00,2,3,01,B02
200700007454,0,07,000,04,0,3,13,A01
200700007455,0,10,000,00,2,3,02,A01
200700007455,0,10,000,00,0,6,15,B02
200700007456,0,10,000,00,2,1,02,A01
200700007456,0,17,000,00,2,4,02,B02
200700007457,0,33,000,00,2,2,17,A01
200700007457,0,14,000,00,0,8,16,B02
200700007458,0,07,000,13,0,2,01,A01
200700007458,0,07,000,00,0,1,01,B02
200700007459,0,17,000,00,0,7,14,A01
200700007460,0,14,000,00,0,0,01,A01
200700007460,0,07,000,04,0,1,01,B02
200700007460,1,07,000,00,0,0,00,C03
200700007461,0,10,000,00,2,3,01,A01
200700007461,0,01,000,00,2,8,01,B02
200700007462,0,33,000,15,0,1,00,A01
200700007463,0,15,000,00,0,1,01,A01
200700007464,0,07,000,00,1,2,17,A01
200700007465,0,07,000,04,0,2,01,A01
200700007466,0,10,000,00,0,7,01,A01
200700007467,0,07,000,00,2,1,01,B02
200700007467,0,07,000,00,2,1,17,C03
200700007468,0,07,000,00,2,1,01,A01
200700007468,0,07,000,00,2,7,01,B02