Num_Acc,senc,catv,occutc,obs,obsm,choc,manv,num_veh
200700007468,0,07,000,00,2,3,01,C03
200700007469,0,07,000,00,1,3,01,A01
200700007470,0,10,000,00,0,4,23,A01
200700007470,0,07,000,00,2,1,02,B02
200700007471,0,07,000,00,2,3,09,A01
200700007471,0,33,000,00,2,2,01,B02
200700007472,0,07,000,13,0,8,13,A01
200700007473,0,07,000,00,2,3,13,A01
200700007473,0,07,000,00,2,3,01,B02
200700007474,0,30,000,00,2,1,01,A01
200700007474,0,07,000,00,2,8,15,B02
200700007475,0,07,000,00,2,1,01,A01
200700007475,0,07,000,00,2,1,01,B02
200700007476,0,07,000,13,0,1,01,A01
200700007477,0,07,000,00,2,3,02,A01
200700007477,0,01,000,00,0,4,06,B02
200700007478,0,10,000,09,0,2,13,A01
200700007479,0,07,000,03,2,1,02,A01
200700007479,0,07,000,03,2,2,02,B02
200700007479,0,07,000,03,2,2,02,C03
200700007480,0,07,000,08,0,2,12,A01
200700007481,0,07,000,00,2,1,01,A01
200700007481,0,07,000,00,0,4,00,B02
200700007482,0,30,000,00,2,1,21,A01
200700007482,0,07,000,00,9,3,01,B02
200700007482,0,07,000,00,0,0,01,C03
200700007482,0,07,000,00,2,8,01,D04
200700007483,0,10,000,03,0,7,01,A01
200700007484,0,17,000,00,2,7,01,A01
200700007484,0,33,000,00,2,1,09,B02
200700007485,0,07,000,00,1,2,01,A01
200700007486,0,17,000,04,0,8,13,A01
200700007487,0,02,000,09,0,1,00,A01
200700007488,0,07,000,00,2,2,02,A01
200700007488,0,07,000,00,0,6,02,B02
200700007488,0,07,000,00,0,8,02,C03
200700007489,0,07,000,08,0,1,01,A01
200700007490,0,07,000,00,2,1,13,A01
200700007491,0,07,000,00,2,1,02,A01
200700007491,0,07,000,00,2,4,15,B02
200700007492,0,07,000,00,2,1,01,A01
200700007492,0,07,000,03,0,6,01,B02
200700007493,0,07,000,03,0,5,16,A01
200700007494,0,33,000,00,0,8,00,A01
200700007495,0,07,000,13,0,1,01,A01
200700007496,0,15,000,00,2,8,15,B02
200700007496,0,10,000,00,2,2,01,A01
200700007497,0,07,000,04,0,9,13,A01
200700007498,0,07,000,00,2,1,01,A01
200700007498,0,07,000,00,2,4,23,B02
200700007498,0,07,000,00,2,4,23,C03
200700007498,0,07,000,00,2,0,01,D04
200700007498,0,07,000,00,2,2,01,E05
200700007499,0,07,000,00,0,0,00,A01
200700007499,0,07,000,00,2,8,10,B02
200700007500,0,07,000,00,0,4,16,A01
200700007500,0,07,000,00,2,1,01,B02
200700007501,0,10,000,00,2,3,02,A01
200700007501,0,07,000,00,2,5,15,B02
200700007502,0,07,000,03,0,1,01,A01
200700007503,0,07,000,00,2,3,15,A01
200700007503,0,31,000,00,2,1,01,B02
200700007504,0,07,000,00,0,5,02,A01
200700007504,0,07,000,00,2,7,02,B02
200700007505,0,07,000,03,2,1,17,A01
200700007505,0,17,000,00,2,4,01,B02
200700007506,0,07,000,03,2,1,09,A01
200700007506,0,14,000,00,2,4,01,B02
200700007507,0,07,000,01,0,9,14,A01
200700007507,0,07,000,00,0,3,24,B02
200700007507,0,07,000,13,0,4,24,C03
200700007508,0,07,000,03,2,2,14,A01
200700007508,0,07,000,00,2,4,01,B02
200700007508,0,07,000,03,2,3,12,C03
200700007508,0,07,000,00,2,3,01,D04
200700007508,0,07,000,01,0,1,01,E05
200700007508,0,07,000,00,2,4,01,F06
200700007509,0,07,000,00,2,2,01,A01
200700007509,0,30,000,00,2,1,01,B02
200700007510,0,07,000,00,2,6,15,A01
200700007510,0,31,000,00,2,1,01,B02
200700007511,0,07,000,02,0,1,14,A01
200700007512,0,07,000,00,0,3,01,A01
200700007512,0,02,000,00,0,1,15,B02
200700007513,0,17,000,00,0,7,01,A01
200700007514,0,07,000,13,0,1,01,A01
200700007515,0,07,000,08,0,1,13,A01
200700007515,0,07,000,06,0,1,00,D04
200700007516,0,07,000,13,2,1,01,A01
200700007516,0,07,000,13,2,3,01,B02
200700007516,0,07,000,00,9,2,01,C03
200700007517,0,14,000,00,0,2,02,A01
200700007517,0,07,000,00,2,6,02,B02
200700007518,0,31,000,00,2,1,16,A01
200700007519,0,07,000,00,0,1,00,A01
200700007520,0,07,000,00,2,3,01,A01
200700007520,0,07,000,00,2,3,13,B02
200700007521,0,07,000,00,2,8,13,A01
200700007521,0,07,000,00,2,1,01,B02
200700007522,0,10,000,00,2,1,01,A01
200700007522,0,07,000,00,0,4,23,B02
200700007523,0,07,000,00,2,5,23,A01
200700007523,0,07,000,00,2,1,02,B02
200700007523,0,07,000,00,2,8,01,C03
200700007524,0,07,000,13,0,9,01,A01
200700007525,0,07,000,00,1,2,01,A01
200700007526,0,10,000,00,2,3,13,A01
200700007526,0,14,000,00,2,3,01,B02
200700007527,0,07,000,00,2,2,01,A01
200700007527,0,15,000,00,0,6,01,B02
200700007528,0,07,000,00,1,2,01,A01
200700007529,1,07,000,00,1,0,00,A01
200700007530,0,07,000,00,2,8,01,B02
200700007530,0,07,000,00,2,3,01,C03
200700007531,0,14,000,00,0,0,00,A01
200700007531,0,07,000,04,0,1,00,B02
200700007531,0,07,000,04,0,0,00,C03
200700007532,0,02,000,00,2,1,01,A01
200700007532,0,07,000,00,2,3,01,B02
200700007533,0,07,000,00,2,1,01,A01
200700007533,0,07,000,00,2,1,13,B02
200700007533,0,07,000,00,2,2,02,C03
200700007534,0,07,000,06,0,2,14,A01
200700007535,0,07,000,16,0,9,01,A01
200700007536,0,07,000,00,2,3,23,A01
200700007536,0,07,000,00,2,4,01,B02
200700007536,0,07,000,00,2,0,01,C03
200700007537,0,07,000,13,0,1,01,A01
200700007538,0,07,000,13,0,2,01,A01
200700007539,0,07,000,00,2,3,19,A01
200700007539,0,31,000,00,2,1,17,B02
200700007540,0,33,000,00,2,1,01,B01
200700007540,0,07,000,00,2,3,15,A01
200700007541,0,07,000,00,1,3,15,A01
200700007541,0,07,000,00,2,3,01,B01
200700007542,0,07,000,12,2,1,01,A01
200700007542,0,07,000,00,2,4,01,B01
200700007543,0,02,000,14,0,1,01,A01
200700007544,0,07,000,00,2,1,01,A01
200700007544,0,01,000,00,2,4,01,B01
200700007545,0,07,000,00,1,2,01,A01
200700007546,0,07,000,00,1,1,01,A01
200700007547,0,07,000,00,2,3,15,A01
200700007547,0,02,000,00,2,1,01,B01
200700007548,0,02,000,00,2,1,01,B01
200700007548,0,10,000,00,2,1,01,A01
200700007549,0,07,000,00,2,4,01,A01
200700007549,0,33,000,00,2,1,01,B01
200700007550,0,07,000,00,2,8,15,A01
200700007550,0,07,000,00,2,3,01,B01
200700007551,0,33,000,00,2,1,01,B01
200700007551,0,07,000,00,2,2,13,A01
200700007552,0,07,000,00,1,2,01,A01
200700007553,0,01,000,00,2,1,01,A01
200700007554,0,07,000,00,0,1,00,A01
200700007554,0,35,000,00,0,1,00,B01
200700007555,0,02,000,00,2,1,01,B01
200700007555,0,07,000,00,2,1,15,A01
200700007556,0,07,000,01,0,3,13,A01
200700007557,0,07,000,00,1,5,04,A01
200700007558,0,07,000,00,1,2,01,A01
200700007559,0,07,000,00,0,8,19,A01
200700007559,0,07,000,00,2,1,19,B01
200700007560,0,02,000,00,2,1,01,B01
200700007560,0,07,000,00,2,2,01,A01
200700007561,0,10,000,14,0,1,02,B01
200700007561,0,10,000,00,0,4,23,A01
200700007562,0,07,000,03,2,1,01,B01
200700007562,0,07,000,00,6,8,13,A01
200700007563,0,10,000,00,2,3,01,B01
200700007563,0,10,000,00,2,3,13,A01
200700007564,0,01,000,14,2,1,01,B01
200700007564,0,07,000,00,2,7,22,A01
200700007565,0,07,000,00,2,8,09,A01
200700007565,0,07,000,00,2,1,01,B01
200700007566,0,07,000,06,0,1,13,A01
200700007567,0,07,000,00,2,1,23,B01
200700007567,0,01,000,14,2,1,13,A01
200700007568,0,10,000,02,0,2,13,A01
200700007569,0,07,000,00,2,1,13,A01
200700007569,0,14,000,00,2,3,21,B01
200700007570,0,07,000,00,1,7,01,A01
200700007571,0,07,000,00,2,1,01,A01
200700007571,0,07,000,00,2,4,01,B01
200700007572,0,07,000,00,1,6,20,A01
200700007573,0,33,000,00,1,1,01,A01
200700007574,0,33,000,00,2,1,01,A01
200700007574,0,07,000,00,2,3,01,B01
200700007575,0,07,000,00,2,1,01,A01
200700007575,0,07,000,00,2,4,01,B01
200700007575,0,07,000,00,2,4,01,C01
200700007576,0,07,000,00,2,1,02,A01
200700007576,0,07,000,00,2,4,02,B01
200700007577,0,02,000,00,2,2,17,A01
200700007577,0,07,000,00,2,2,20,B01
200700007578,0,30,000,00,2,1,01,B01
200700007578,0,10,000,00,2,2,01,A01
200700007579,0,07,000,00,2,2,09,A01
200700007579,0,07,000,00,0,8,09,B01
200700007580,0,07,000,00,2,2,02,A01
200700007580,0,02,000,00,2,1,01,B01
200700007581,0,07,000,00,2,3,15,A01
200700007581,0,07,000,01,2,3,01,B01
200700007581,0,07,000,00,0,4,24,C01
200700007582,0,30,000,09,0,2,01,A01
200700007583,0,07,000,00,2,2,09,A01
200700007583,0,01,000,00,2,1,01,B01
200700007584,0,30,000,00,0,0,00,A01
200700007585,0,30,000,07,0,1,14,A01
200700007586,0,07,000,00,2,1,15,A01
200700007586,0,32,000,00,2,1,21,B01
200700007587,0,02,000,10,0,1,01,A01
200700007588,0,33,000,00,1,1,01,A01
200700007589,0,14,000,00,2,3,15,B01
200700007589,0,33,000,00,2,2,17,A01
200700007590,0,07,000,00,2,6,06,A01
200700007590,0,32,000,00,2,7,06,B01
200700007591,0,07,000,00,1,1,01,A01
200700007592,0,07,000,00,2,3,15,A01
200700007592,0,31,000,00,2,7,17,B01
200700007593,0,33,000,00,2,8,13,A01
200700007593,0,07,000,00,2,3,01,B01
200700007594,0,07,000,00,2,7,19,A01
200700007594,0,32,000,00,2,1,01,B01
200700007595,0,02,000,00,2,0,11,A01
200700007595,0,33,000,00,2,3,01,B01
200700007596,0,07,000,00,2,3,15,A01
200700007596,0,02,000,00,2,1,01,B01
200700007597,0,07,000,00,2,3,02,A01
200700007597,0,07,000,00,2,4,02,B01
200700007598,0,10,000,00,2,2,15,A01
200700007598,0,33,000,00,2,1,01,B01
200700007599,0,10,000,00,2,1,19,A01
200700007599,0,07,000,00,2,3,01,B01
200700007600,0,14,000,00,2,1,15,A01
200700007600,0,34,000,00,2,8,01,B01
200700007601,1,07,000,00,2,0,00,A01
200700007601,0,07,000,00,9,2,00,B01
200700007602,0,07,000,00,2,8,01,B01
200700007602,0,07,000,00,2,8,09,A01
200700007603,0,07,000,00,2,3,15,A01
200700007603,0,33,000,00,2,1,17,B01
200700007604,0,33,000,00,2,0,17,A01
200700007604,0,07,000,00,2,3,15,B01
200700007605,0,07,000,00,2,3,15,A01
200700007605,0,30,000,00,2,1,17,B01
200700007606,0,07,000,00,2,1,05,A01
200700007606,0,02,000,00,2,1,01,B01
200700007607,0,30,000,00,0,0,01,A01
200700007607,0,07,000,00,0,0,00,B01
200700007608,0,07,000,00,2,2,15,A01
200700007608,0,32,000,00,2,1,01,B01
200700007609,0,07,000,00,2,3,05,A01
200700007609,0,07,000,00,2,1,02,B01
200700007609,0,07,000,00,2,4,02,C01
200700007610,0,14,000,00,2,1,02,A01
200700007610,0,07,000,00,2,4,15,B01
200700007611,0,07,000,00,2,8,15,A01
200700007611,0,02,000,00,2,1,17,B01
200700007612,0,07,000,00,2,3,15,A01
200700007612,0,33,000,00,2,0,01,B01
200700007613,0,07,000,00,2,3,15,A01
200700007613,0,02,000,00,2,7,02,B01
200700007614,0,07,000,00,2,3,19,B01
200700007614,0,02,000,00,2,1,05,A01
200700007615,0,02,000,00,2,1,01,B01
200700007615,0,31,000,00,2,1,01,C01
200700007615,0,07,000,00,2,3,19,A01
200700007616,0,07,000,00,2,7,01,A01
200700007616,0,07,000,00,2,1,01,B01
200700007617,0,07,000,00,1,0,02,A01
200700007617,0,01,000,00,2,4,02,B01
200700007618,0,01,000,00,1,1,01,A01
200700007619,0,33,000,00,2,1,01,A01
200700007620,0,07,000,00,2,1,01,B01
200700007620,0,07,000,00,2,3,15,A01
200700007621,0,07,000,00,2,4,01,B01
200700007621,0,07,000,00,2,1,01,A01
200700007621,0,07,000,00,2,1,01,C01
200700007622,0,37,012,10,0,2,14,A01
200700007623,0,32,000,00,1,1,01,A01
200700007624,0,07,000,00,2,6,00,B01
200700007624,0,02,000,00,2,1,17,A01
200700007625,0,01,000,00,5,1,01,A01
200700007626,0,30,000,00,2,1,01,A01
200700007626,0,02,000,00,2,3,15,B01
200700007627,0,30,000,00,2,1,02,A01
200700007627,0,30,000,00,2,4,01,B01
200700007628,0,07,000,00,2,8,15,A01
200700007628,0,33,000,00,2,7,01,B01
200700007629,0,30,000,00,2,1,00,A01
200700007629,0,07,000,00,2,1,01,B01
200700007630,0,07,000,00,2,5,10,A01
200700007630,0,33,000,00,2,1,01,B01
200700007631,0,02,000,00,2,1,15,A01
200700007631,0,10,000,00,2,8,01,B01
200700007632,0,07,000,00,2,1,00,A01
200700007632,0,30,000,00,4,1,01,B01
200700007633,0,30,000,00,2,1,00,A01
200700007633,0,07,000,00,2,6,00,B01
200700007634,0,07,000,00,1,1,01,A01
200700007635,0,07,000,00,2,2,15,A01
200700007635,0,31,000,00,2,1,01,B01
200700007636,0,07,000,00,2,1,01,A01
200700007636,0,07,000,00,2,2,01,B01
200700007637,0,07,000,00,2,8,22,A01
200700007637,0,30,000,00,2,7,17,B01
200700007638,0,33,000,00,2,5,01,B01
200700007638,0,10,000,00,2,1,02,A01
200700007639,0,33,000,00,2,1,17,A01
200700007639,0,07,000,00,2,3,15,B01
200700007640,0,07,000,00,2,4,01,B01
200700007640,0,07,000,00,2,1,09,A01
200700007641,0,07,000,00,2,8,10,A01
200700007641,0,33,000,00,2,1,01,B01
200700007642,0,07,000,00,2,4,04,A01
200700007642,0,02,000,00,2,1,01,B01
200700007643,0,32,000,00,2,1,01,B01
200700007643,0,07,000,00,2,3,09,A01
200700007644,0,02,000,00,2,1,01,A01
200700007644,0,07,000,00,0,4,15,B01
200700007645,0,30,000,00,0,0,01,A01
200700007646,0,33,000,11,0,0,01,A01
200700007647,0,10,000,00,1,2,01,A01
200700007648,0,33,000,00,2,1,01,A01
200700007648,0,07,000,00,0,4,16,B01
200700007649,0,07,000,00,0,8,22,A01
200700007649,0,30,000,00,9,7,17,B01
200700007650,0,07,000,00,1,1,01,A01
200700007651,0,33,000,00,0,4,01,B01
200700007651,0,07,000,00,2,1,02,A01
200700007652,0,07,000,00,1,3,01,A01
200700007653,0,10,000,00,1,4,04,A01
200700007654,0,02,000,00,0,0,00,A01
200700007655,0,07,000,00,2,1,01,A01
200700007655,0,07,000,00,2,4,01,B01
200700007655,0,07,000,00,0,4,02,C01
200700007656,0,07,000,00,0,0,15,A01
200700007656,0,34,000,00,0,0,01,B01
200700007657,0,07,000,08,0,0,00,A01
200700007658,0,07,000,00,2,3,10,A01
200700007658,0,30,000,00,2,1,17,B01
200700007659,0,07,000,00,2,8,10,A01
200700007659,0,30,000,00,2,1,01,B01
200700007660,0,01,000,00,2,1,01,A01
200700007660,0,02,000,00,0,4,15,B01
200700007661,0,30,000,00,2,1,17,A01
200700007661,0,07,000,00,2,8,15,B01
200700007662,0,07,000,00,2,1,13,A01
200700007662,0,07,000,00,2,3,01,B01
200700007663,0,07,000,00,6,4,23,C01
200700007663,0,07,000,00,2,1,01,A01
200700007663,0,30,000,00,2,1,01,B01
200700007664,0,07,000,00,0,0,04,A01
200700007664,0,33,000,00,2,0,01,B01
200700007665,0,07,000,00,2,1,01,A01
200700007665,0,07,000,00,0,4,01,B01
200700007666,0,30,000,00,2,1,01,A01
200700007666,0,07,000,00,0,3,01,B01
200700007667,0,32,000,00,2,1,01,B01
200700007667,0,07,000,00,2,3,15,A01
200700007668,0,33,000,00,9,1,01,A01
200700007669,0,07,000,00,1,2,01,A01
200700007670,0,07,000,00,2,1,09,A01
200700007670,0,02,000,00,0,2,01,B01
200700007671,0,07,000,00,2,7,15,A01
200700007671,0,02,000,00,2,1,01,B01
200700007671,0,32,000,00,0,4,01,C01
200700007672,0,07,000,00,2,1,01,A01
200700007672,0,02,000,00,2,7,01,B01
200700007673,0,07,000,00,2,2,15,A01
200700007673,0,30,000,00,0,1,01,B01
200700007674,0,07,000,00,2,1,02,A01
200700007674,0,31,000,00,2,4,02,B01
200700007675,0,07,000,00,1,1,01,A01
200700007676,0,01,000,00,2,8,11,A01
200700007676,0,32,000,00,2,1,01,B01
200700007677,1,33,000,00,2,1,01,A01
200700007677,0,02,000,00,2,4,01,B01
200700007678,0,07,000,00,2,7,24,A01
200700007678,0,31,000,00,2,8,02,B01
200700007678,0,07,000,00,2,8,02,C01
200700007679,0,31,000,10,0,6,13,A01
200700007680,0,31,000,00,2,3,12,A01
200700007680,0,32,000,00,2,1,02,B01
200700007681,0,07,000,00,2,3,16,A01
200700007682,0,10,000,00,2,1,15,A01
200700007682,0,30,000,00,2,1,01,B01
200700007683,0,07,000,00,2,8,15,A01
200700007683,0,37,001,00,2,2,07,B01
200700007684,0,07,000,00,2,1,01,A01
200700007684,0,07,000,00,2,4,23,B01
200700007684,0,07,000,00,2,4,01,C01
200700007685,0,32,000,01,0,1,12,A01
200700007686,0,30,000,00,2,0,02,A01
200700007686,0,07,000,00,2,2,02,B01
200700007687,0,02,000,00,2,1,01,A01
200700007687,0,07,000,00,2,2,09,B01
200700007688,0,02,000,00,2,2,17,A01
200700007688,0,07,000,00,2,8,17,B01
200700007689,0,07,000,01,0,2,01,A01
200700007690,0,30,000,00,2,1,01,A01
200700007690,0,07,000,00,2,7,16,B01
200700007691,0,07,000,00,2,1,01,A01
200700007691,0,33,000,00,2,4,02,B01
200700007692,0,02,000,00,1,2,02,A01
200700007693,0,02,000,00,2,1,01,A01
200700007693,0,07,000,00,2,5,15,B01
200700007694,0,07,000,00,2,5,01,A01
200700007694,0,02,000,00,2,1,01,B01
200700007695,0,07,000,00,2,3,19,A01
200700007695,0,33,000,00,1,1,01,B01
200700007696,0,07,000,00,2,7,15,A01
200700007696,0,33,000,00,2,3,01,B01
200700007697,0,07,000,00,2,1,02,B01
200700007697,0,07,000,00,2,5,15,A01
200700007698,0,13,000,00,2,0,15,A01
200700007698,0,34,000,00,2,0,01,B01
200700007699,0,02,000,00,2,7,02,A01
200700007699,0,07,000,00,0,3,23,B01
200700007700,0,07,000,00,2,8,15,A01
200700007700,0,33,000,00,2,7,17,B01
200700007701,0,14,000,00,2,7,12,A01
200700007701,0,07,000,00,2,8,02,B01
200700007702,0,34,000,00,0,0,00,A01
200700007703,0,07,000,00,2,3,01,B01
200700007703,0,07,000,00,2,1,01,A01
200700007704,1,07,000,01,0,1,01,A01
200700007704,0,07,000,00,2,4,24,B01
200700007705,0,07,000,00,1,4,04,A01
200700007706,0,34,000,00,2,1,01,A01
200700007706,0,07,000,00,2,3,01,B01
200700007707,0,07,000,00,2,8,01,A01
200700007707,0,33,000,00,2,1,01,B01
200700007708,0,07,000,08,2,1,15,A01
200700007708,0,07,000,00,2,1,01,B01
200700007709,0,10,000,00,1,2,00,A01
200700007710,0,07,000,00,2,5,15,A01
200700007710,0,02,000,00,2,0,16,B01
200700007711,0,33,000,00,2,7,01,B01
200700007711,0,07,000,00,2,1,01,A01
200700007712,0,07,000,00,2,3,05,A01
200700007712,0,30,000,01,2,1,01,B01
200700007712,0,07,000,00,2,8,23,C01
200700007713,0,07,000,00,2,2,14,A01
200700007713,0,02,000,00,2,3,01,B01
200700007714,0,32,000,00,1,1,01,A01
200700007715,0,07,000,00,2,1,01,A01
200700007715,0,33,000,00,2,1,00,B01
200700007716,0,07,000,00,2,2,10,A01
200700007716,0,07,000,08,2,2,21,B01
200700007717,0,31,000,00,0,0,21,A01
200700007717,0,07,000,00,0,0,01,B01
200700007718,0,07,000,15,2,8,04,A01
200700007719,0,07,000,00,1,1,01,A01
200700007720,0,33,000,00,2,9,17,A01
200700007720,0,07,000,00,2,3,01,B01
200700007721,0,33,000,00,2,1,01,A01
200700007721,0,07,000,00,2,7,16,B01
200700007722,0,07,000,00,1,4,04,A01
200700007723,0,07,000,00,2,1,01,A01
200700007723,0,07,000,00,2,4,01,B01
200700007724,0,07,000,00,2,3,13,A01
200700007724,0,07,000,00,2,3,01,B01
200700007725,0,32,000,00,2,8,01,A01
200700007725,0,34,000,00,2,1,01,B01
200700007726,0,07,000,00,1,4,04,A01
200700007727,0,07,000,00,2,3,01,A01
200700007727,0,33,000,00,2,1,01,B01
200700007728,0,32,000,00,0,9,01,A01
200700007729,0,07,000,00,2,5,15,A01
200700007729,0,02,000,00,2,1,01,B01
200700007730,0,32,000,00,2,1,01,A01
200700007730,0,02,000,00,2,4,02,B01
200700007731,0,07,000,00,2,1,01,A01
200700007731,0,10,000,00,2,2,01,B01
200700007732,0,33,000,00,2,8,01,B01
200700007732,0,07,000,00,1,2,16,A01
200700007733,0,07,000,00,2,1,01,A01
200700007733,0,10,000,00,2,4,01,B01
200700007734,0,07,000,00,2,3,01,A01
200700007734,0,31,000,00,2,1,01,B01
200700007735,0,07,000,00,1,1,15,A01
200700007736,0,07,000,00,1,1,01,A01
200700007737,0,02,000,00,2,1,17,A01
200700007737,0,33,000,00,2,3,02,B01
200700007737,0,07,000,00,0,0,01,C01
200700007738,0,32,000,00,0,0,00,A01
200700007739,0,32,000,00,0,0,23,A01
200700007739,0,07,000,00,0,0,01,B01
200700007740,0,32,000,00,1,1,01,A01
200700007741,0,07,000,00,1,1,00,A01
200700007742,0,01,000,00,2,1,01,A01
200700007742,0,01,000,00,2,4,01,B01
200700007743,0,07,000,00,2,3,15,A01
200700007743,0,33,000,00,2,1,17,B01
200700007744,0,07,000,00,2,4,04,A01
200700007744,0,07,000,00,2,1,00,B01
200700007745,0,07,000,00,1,1,15,A01
200700007746,0,10,000,00,2,8,15,A01
200700007746,0,33,000,00,2,7,17,B01
200700007747,0,10,000,00,1,1,01,A01
200700007748,0,07,000,00,2,1,02,A01
200700007748,0,33,000,00,2,1,02,B01
200700007749,0,30,000,00,2,3,02,A01
200700007749,0,07,000,00,2,7,02,B01
200700007750,0,30,000,00,1,1,02,A01
200700007751,1,07,000,00,2,2,01,A01
200700007752,0,02,000,00,1,1,01,A01
200700007752,0,07,000,00,2,4,23,B01
200700007753,0,01,000,00,2,0,19,A01
200700007753,0,07,000,00,2,7,01,B01
200700007754,0,07,000,08,0,3,00,A01
200700007755,0,07,000,00,0,0,00,A01
200700007756,0,07,000,00,0,0,00,A01
200700007756,0,07,000,01,2,4,23,B01
200700007756,0,07,000,00,0,0,00,C01
200700007757,0,10,000,00,0,0,00,A01
200700007757,0,07,000,00,0,0,00,B01
200700007758,0,07,000,10,0,1,01,A01
200700007759,0,32,000,00,0,0,00,A01
200700007760,0,02,000,00,2,1,01,B01
200700007760,0,07,000,00,2,2,15,A01
200700007761,0,07,000,00,2,3,09,A01
200700007761,0,30,000,00,2,1,17,B01
200700007762,0,30,000,00,2,1,02,A01
200700007762,0,20,000,00,2,4,02,B01
200700007763,0,33,000,00,2,1,01,A01
200700007763,0,07,000,00,2,3,17,B01
200700007764,0,07,000,08,2,1,02,A01
200700007764,0,33,000,01,2,1,02,B01
200700007765,0,07,000,00,2,1,01,A01
200700007765,0,07,000,06,2,8,01,B01
200700007766,0,10,000,00,1,1,02,A01
200700007767,0,07,000,00,2,1,16,A01
200700007767,0,02,000,00,2,4,16,B01
200700007768,0,07,000,01,2,4,02,B01
200700007768,0,07,000,14,2,0,00,A01
200700007769,0,07,000,00,1,4,04,A01
200700007770,0,07,000,00,2,1,16,A01
200700007770,0,07,000,00,2,1,23,B01
200700007771,0,07,000,00,2,2,15,A01
200700007771,0,02,000,00,2,0,01,B01
200700007772,0,33,000,01,1,1,02,A01
200700007773,0,32,000,00,2,1,01,A01
200700007773,0,07,000,00,2,4,01,B01
200700007774,0,07,000,00,1,2,01,A01
200700007775,0,07,000,00,2,3,10,A01
200700007775,0,33,000,00,2,1,02,B01
200700007776,2,07,000,06,2,3,13,A01
200700007776,0,07,000,00,2,3,01,B01
200700007777,0,07,000,00,2,6,23,A01
200700007777,0,02,000,00,2,2,02,B01
200700007778,0,07,000,00,2,8,15,A01
200700007778,0,37,001,00,2,1,01,B01
200700007779,0,07,000,00,2,3,15,A01
200700007779,0,32,000,00,0,8,01,B01
200700007780,0,07,000,00,2,3,01,B01
200700007780,2,07,000,01,2,1,01,A01
200700007781,0,07,000,00,1,2,00,B01
200700007782,0,07,000,00,2,3,01,A01
200700007782,0,07,000,00,2,5,01,B01
200700007783,0,02,000,00,0,0,00,A01
200700007784,0,02,000,00,0,0,00,A01
200700007784,0,07,000,00,0,0,00,B01
200700007785,0,07,000,00,2,3,02,A01
200700007785,0,07,000,01,2,5,15,B01
200700007786,0,10,000,00,2,2,15,A01
200700007786,0,37,020,00,2,2,11,B01
200700007787,0,31,000,00,2,0,00,A01
200700007787,0,10,000,00,2,3,01,B01
200700007788,0,07,000,00,2,8,02,B01
200700007788,0,10,000,00,2,1,02,A01
200700007789,0,07,000,08,0,1,01,A01
200700007790,0,07,000,00,2,1,00,A01
200700007790,0,07,000,00,2,4,01,B01
200700007790,0,07,000,00,2,4,01,C01
200700007791,0,07,000,01,0,2,01,A01
200700007792,0,13,000,00,2,8,10,A01
200700007792,0,31,000,00,2,7,15,B01
200700007793,0,07,000,00,1,4,04,A01
200700007794,0,07,000,01,0,2,14,A01
200700007795,0,30,000,00,2,5,00,A01
200700007795,0,07,000,00,2,7,01,B01
200700007796,0,33,000,00,0,0,00,A01
200700007796,0,07,000,00,0,0,09,B01
200700007797,1,32,000,00,1,0,17,A01
200700007798,0,07,000,00,2,1,01,A01
200700007798,0,07,000,00,2,4,23,B01
200700007798,0,07,000,00,2,4,23,C01
200700007799,0,07,000,00,0,0,00,A01
200700007799,0,02,000,00,2,0,01,B01
200700007800,0,07,000,00,2,3,05,A01
200700007800,0,07,000,00,2,3,02,B01
200700007801,0,02,000,00,2,1,01,A01
200700007801,0,07,000,00,2,3,23,B01
200700007802,0,02,000,01,0,1,14,A01
200700007803,0,07,000,00,2,7,01,A01
200700007803,0,07,000,00,2,1,01,B01
200700007803,0,07,000,00,2,1,01,C01
200700007804,0,07,000,00,2,0,09,A01
200700007804,0,01,000,00,2,2,01,B01
200700007805,0,14,000,00,0,9,01,A01
200700007806,0,07,000,13,0,2,01,A01
200700007807,0,07,000,00,2,3,09,A01
200700007807,0,02,000,00,2,1,01,B01
200700007808,0,07,000,00,2,2,10,A01
200700007808,0,30,000,00,2,0,21,B01
200700007809,0,07,000,00,2,3,15,A01
200700007809,0,33,000,00,2,1,01,B01
200700007809,0,33,000,00,2,7,01,C01
200700007810,0,07,000,00,1,7,01,A01
200700007811,0,02,000,00,2,1,17,A01
200700007811,0,07,000,00,2,3,01,B01
200700007812,0,07,000,00,0,9,14,A01
200700007813,0,07,000,00,1,1,01,A01
200700007814,0,02,000,00,2,2,12,B01
200700007814,0,07,000,00,2,3,15,A01
200700007815,0,07,000,00,0,4,23,B01
200700007815,0,02,000,00,2,1,01,A01
200700007816,0,07,000,00,2,1,01,B01
200700007816,0,07,000,00,2,1,15,A01
200700007817,0,37,012,00,0,0,23,B01
200700007817,0,07,000,00,1,8,01,A01
200700007818,0,07,000,00,2,1,16,A01
200700007818,0,01,000,00,2,1,01,B01
200700007819,0,07,000,00,1,2,01,A01
200700007820,0,37,015,00,1,2,01,A01
200700007821,2,10,000,00,2,0,00,B01
200700007821,0,07,000,00,2,0,00,A01
200700007822,0,02,000,00,2,8,13,A01
200700007822,0,07,000,00,2,3,16,B01