Num_Acc,senc,catv,occutc,obs,obsm,choc,manv,num_veh
200700008174,0,10,000,00,1,1,15,A01
200700008175,1,07,000,00,1,1,01,A01
200700008176,0,33,000,00,0,7,01,A01
200700008177,0,02,000,00,2,1,01,B01
200700008177,0,10,000,00,2,1,14,A01
200700008178,0,07,000,00,1,1,01,A01
200700008179,0,07,000,00,2,7,01,B01
200700008179,0,02,000,00,2,1,01,A01
200700008180,0,36,000,00,2,1,05,A01
200700008181,0,07,000,00,1,2,01,A01
200700008182,0,07,000,00,2,2,01,B01
200700008182,0,02,000,00,2,1,19,A01
200700008183,0,02,000,00,2,1,01,A01
200700008183,0,07,000,00,2,3,15,B01
200700008184,0,02,000,00,2,1,01,A01
200700008184,0,07,000,00,2,7,01,B01
200700008185,0,02,000,00,1,1,01,A01
200700008186,0,10,000,00,2,1,02,A01
200700008186,0,30,000,00,0,4,02,B01
200700008186,0,30,000,00,2,4,02,C01
200700008186,0,07,000,00,0,4,02,D01
200700008187,0,07,000,00,2,1,15,A01
200700008187,0,07,000,07,2,3,01,B01
200700008188,0,07,000,00,1,1,01,A01
200700008189,0,07,000,12,1,2,15,A01
200700008190,0,07,000,02,0,2,01,A01
200700008190,0,07,000,00,0,0,16,B01
200700008191,0,07,000,00,1,1,01,A01
200700008192,0,16,000,11,2,3,15,B01
200700008192,1,07,000,11,2,8,01,A01
200700008193,0,01,000,00,2,1,01,A01
200700008193,0,07,000,00,2,3,01,B01
200700008194,0,02,000,00,2,1,01,A01
200700008194,0,07,000,00,2,7,16,B01
200700008195,0,07,000,00,2,1,01,A01
200700008195,0,10,000,00,2,6,16,B01
200700008196,0,02,000,00,1,1,01,A01
200700008197,0,07,000,02,0,1,00,A01
200700008198,0,07,000,00,2,1,01,A01
200700008198,0,07,000,00,2,4,01,B01
200700008199,0,07,000,00,2,2,15,A01
200700008199,0,07,000,00,2,3,01,B01
200700008200,0,33,000,00,0,2,21,A01
200700008201,0,07,000,00,2,1,05,A01
200700008201,0,07,000,00,2,1,01,B01
200700008201,0,07,000,00,2,1,01,C01
200700008202,0,07,000,00,2,1,13,A01
200700008202,0,07,000,00,2,1,01,B01
200700008203,0,30,000,00,0,7,21,A01
200700008204,0,07,000,03,0,2,01,A01
200700008205,0,30,000,00,2,1,01,A01
200700008205,0,07,000,00,2,1,15,B01
200700008206,0,02,000,00,1,0,01,A01
200700008207,0,07,000,00,2,7,15,A01
200700008207,0,33,000,00,2,1,01,B01
200700008208,0,07,000,00,2,1,01,A01
200700008208,0,02,000,00,2,4,01,B01
200700008209,0,33,000,00,0,7,01,A01
200700008210,0,07,000,00,2,1,01,A01
200700008210,0,07,000,00,2,4,01,B01
200700008210,0,07,000,00,2,4,01,C01
200700008211,0,02,000,00,2,1,01,B01
200700008211,0,07,000,00,2,8,15,A01
200700008212,0,07,000,00,2,2,15,A01
200700008212,0,01,000,00,2,7,01,B01
200700008213,0,02,000,00,0,0,00,A01
200700008214,0,07,000,00,2,4,02,A01
200700008214,0,07,000,00,2,1,02,B01
200700008215,0,07,000,00,2,2,01,A01
200700008215,0,07,000,00,2,6,01,B01
200700008216,0,07,000,13,0,2,14,A01
200700008217,0,38,000,00,1,2,01,A01
200700008218,0,07,000,00,2,7,15,A01
200700008218,0,30,000,00,2,1,01,B01
200700008219,0,07,000,00,2,1,05,A01
200700008219,0,07,000,00,1,1,01,B01
200700008219,0,07,000,00,2,6,17,C01
200700008220,0,07,000,00,2,1,02,A01
200700008220,0,07,000,00,2,4,02,B01
200700008221,0,02,000,00,2,1,10,A01
200700008221,0,07,000,00,2,1,01,B01
200700008222,0,07,000,00,2,3,09,A01
200700008222,0,02,000,00,2,1,01,B01
200700008223,0,07,000,00,2,1,01,A01
200700008223,0,07,000,00,2,4,01,B01
200700008224,0,07,000,00,2,8,09,A01
200700008224,0,02,000,00,2,1,01,B01
200700008225,0,07,000,00,2,1,09,B01
200700008225,0,07,000,00,2,1,09,A01
200700008226,0,10,000,00,9,1,17,B01
200700008226,0,10,000,00,0,0,01,A01
200700008226,0,10,000,00,2,7,01,C01
200700008227,0,02,000,01,0,7,01,A01
200700008228,0,02,000,00,2,1,01,A01
200700008228,0,07,000,00,1,4,01,B01
200700008229,0,10,000,00,2,2,01,A01
200700008229,1,14,000,00,2,6,11,B01
200700008230,0,07,000,00,1,3,01,A01
200700008231,0,07,000,00,2,3,20,A01
200700008231,0,02,000,00,2,1,01,B01
200700008232,0,15,000,00,2,3,01,B01
200700008232,0,07,000,00,2,8,20,A01
200700008233,0,02,000,08,2,1,02,A01
200700008233,0,02,000,00,2,1,01,B01
200700008234,0,07,000,00,2,3,09,A01
200700008234,0,02,000,00,2,1,01,B01
200700008235,0,02,000,00,9,0,16,A01
200700008236,0,10,000,00,0,0,09,A01
200700008236,0,30,000,00,2,1,01,B01
200700008237,0,07,000,00,9,7,15,A01
200700008237,0,02,000,00,2,1,01,B01
200700008238,0,10,000,00,1,1,00,A01
200700008239,0,30,000,00,2,6,01,A01
200700008239,0,07,000,00,2,6,04,B01
200700008240,0,07,000,08,0,3,01,A01
200700008241,0,07,000,00,2,3,00,B01
200700008241,0,07,000,00,0,0,00,A01
200700008242,0,07,000,00,2,8,01,A01
200700008242,0,07,000,00,0,0,01,B01
200700008243,0,07,000,00,1,0,15,A01
200700008244,0,07,000,00,2,1,02,A01
200700008244,0,07,000,00,2,4,01,B01
200700008245,0,07,000,00,2,1,13,A01
200700008245,0,07,000,00,2,1,01,B01
200700008246,0,07,000,00,2,0,01,B01
200700008246,0,07,000,00,2,1,09,A01
200700008247,0,02,000,00,2,1,01,A01
200700008247,0,07,000,00,2,7,15,B01
200700008248,0,07,000,00,1,4,04,A01
200700008249,0,07,000,00,2,2,13,A01
200700008249,0,07,000,00,2,1,01,B01
200700008249,0,07,000,00,2,4,09,C01
200700008250,0,07,000,00,2,8,01,A01
200700008250,0,10,000,00,2,1,01,B01
200700008251,0,07,000,00,2,2,15,A01
200700008251,0,02,000,00,2,1,01,B01
200700008252,0,07,000,00,2,1,02,A01
200700008252,0,07,000,00,2,4,02,B01
200700008252,0,07,000,00,2,4,02,C01
200700008253,0,30,000,00,2,1,02,A01
200700008253,0,07,000,00,2,4,02,B01
200700008254,0,07,000,00,0,1,23,B01
200700008254,0,07,000,00,2,1,13,A01
200700008255,0,07,000,00,2,4,04,A01
200700008255,0,30,000,00,2,2,01,B01
200700008256,0,10,000,00,2,1,15,A01
200700008256,0,07,000,00,2,1,01,B01
200700008257,0,07,000,00,2,0,15,A01
200700008257,0,02,000,00,0,0,01,B01
200700008258,0,07,000,00,1,1,01,A01
200700008259,0,07,000,00,0,9,01,A01
200700008259,0,17,000,00,0,0,01,B01
200700008260,0,07,000,00,2,7,15,A01
200700008260,0,07,000,00,2,1,01,B01
200700008261,0,37,010,00,1,2,01,A01
200700008262,0,07,000,00,1,1,01,A01
200700008263,0,07,000,00,2,2,15,A01
200700008263,0,33,000,00,2,1,01,B01
200700008264,0,37,010,00,2,3,02,A01
200700008264,0,07,000,00,2,5,01,B01
200700008264,0,01,000,00,2,4,02,C01
200700008265,1,07,000,00,2,1,02,A01
200700008265,0,02,000,00,2,4,23,B01
200700008266,0,07,000,00,2,2,15,A01
200700008266,0,33,000,00,2,1,01,B01
200700008267,0,33,000,00,2,1,13,A01
200700008267,0,07,000,00,2,3,01,B01
200700008268,0,02,000,00,1,1,12,A01
200700008269,0,02,000,00,2,2,01,A01
200700008269,0,07,000,00,2,6,01,B01
200700008270,0,07,000,00,2,1,02,A01
200700008270,0,07,000,00,2,4,02,B01
200700008271,0,07,000,00,2,7,01,B01
200700008271,0,07,000,00,2,3,13,A01
200700008272,0,02,000,00,1,1,01,A01
200700008273,0,02,000,00,2,1,19,A01
200700008273,0,07,000,00,2,1,01,B01
200700008274,0,07,000,00,1,1,15,A01
200700008275,0,07,000,00,2,3,15,A01
200700008275,0,02,000,00,2,1,01,B01
200700008276,0,07,000,07,2,2,01,A01
200700008276,0,07,000,00,2,1,01,B01
200700008276,0,07,000,00,2,2,23,C01
200700008277,0,07,000,00,1,4,04,A01
200700008278,0,01,000,00,2,1,01,B01
200700008278,0,07,000,00,2,3,16,A01
200700008279,0,07,000,00,2,2,15,A01
200700008279,0,01,000,00,2,1,01,B01
200700008280,0,07,000,00,2,1,02,A01
200700008280,0,07,000,00,2,4,01,B01
200700008281,0,07,000,00,1,3,01,A01
200700008282,0,07,000,08,2,3,15,A01
200700008282,0,07,000,00,2,2,01,B01
200700008283,0,02,000,00,2,1,01,A01
200700008283,0,07,000,00,2,6,15,B01
200700008284,0,02,000,00,2,1,01,A01
200700008284,0,03,000,00,2,3,15,B01
200700008285,0,07,000,01,0,2,14,A01
200700008286,0,07,000,00,2,1,15,A01
200700008286,0,02,000,00,1,1,01,B01
200700008287,0,30,000,00,0,1,17,A01
200700008288,0,07,000,00,2,1,13,A01
200700008288,0,07,000,00,2,1,02,B01
200700008289,0,33,000,00,2,1,02,A01
200700008289,0,07,000,00,2,6,02,B01
200700008290,0,30,000,11,0,1,01,A01
200700008291,0,02,000,08,0,9,01,A01
200700008292,1,07,000,00,2,1,01,A01
200700008292,0,07,000,00,2,4,00,B01
200700008293,0,10,000,00,2,1,01,A01
200700008293,0,07,000,00,2,4,23,B01
200700008294,0,01,000,14,0,1,19,A01
200700008294,0,07,000,00,2,7,23,B01
200700008295,0,07,000,00,2,1,15,A01
200700008295,0,02,000,00,2,1,01,B01
200700008296,0,07,000,14,0,1,02,A01
200700008296,0,07,000,14,2,4,23,B01
200700008296,0,07,000,14,2,4,23,C01
200700008296,0,07,000,00,2,4,23,D01
200700008297,0,07,000,00,2,1,01,A01
200700008297,0,10,000,00,2,8,09,B01
200700008298,0,07,000,00,2,4,23,B01
200700008298,0,07,000,14,0,1,02,A01
200700008299,0,07,000,00,1,1,01,A01
200700008300,0,02,000,00,2,1,01,B01
200700008300,1,07,000,00,2,0,15,A01
200700008301,0,07,000,00,2,3,09,A01
200700008301,0,30,000,00,2,1,01,B01
200700008302,0,07,000,00,2,1,09,A01
200700008302,0,07,000,00,2,7,00,B01
200700008303,0,07,000,00,2,3,16,B01
200700008303,0,30,000,00,2,1,01,A01
200700008304,0,02,000,01,1,1,01,A01
200700008305,0,07,000,00,1,3,00,A01
200700008306,0,18,003,00,0,0,01,A01
200700008307,0,07,000,00,2,1,01,A01
200700008308,0,02,000,00,2,1,01,B01
200700008308,0,02,000,00,2,1,01,C01
200700008308,0,07,000,00,2,0,16,A01
200700008309,0,07,000,00,1,1,01,A01
200700008310,0,07,000,00,1,1,01,A01
200700008311,0,02,000,00,1,1,01,A01
200700008312,0,02,000,06,9,1,01,A01
200700008313,0,07,000,00,2,1,01,A01
200700008313,0,07,000,00,2,4,01,B01
200700008313,0,07,000,00,2,4,01,C01
200700008314,0,07,000,00,1,7,01,A01
200700008315,0,07,000,00,2,3,17,A01
200700008315,0,38,001,00,2,3,21,B01
200700008316,0,07,000,02,0,3,00,A01
200700008317,0,07,000,11,0,2,02,A01
200700008318,0,07,000,00,1,7,01,A01
200700008319,0,07,000,00,0,7,15,A01
200700008319,0,07,000,00,2,8,01,B01
200700008319,0,07,000,12,0,3,01,C01
200700008320,0,07,000,00,2,8,00,A01
200700008320,0,07,000,00,2,1,01,B01
200700008321,0,07,000,00,2,1,01,B01
200700008321,0,07,000,00,2,8,01,A01
200700008322,0,07,000,00,1,1,09,A01
200700008323,0,07,000,00,1,8,01,A01
200700008324,0,07,000,00,0,0,02,A01
200700008324,0,07,000,00,0,0,02,B01
200700008325,0,07,000,00,1,4,04,A01
200700008326,0,07,000,00,2,1,01,A01
200700008326,0,07,000,00,0,4,01,B01
200700008326,0,07,000,00,0,4,01,C01
200700008326,0,07,000,00,0,4,01,D01
200700008327,0,07,000,00,0,3,09,A01
200700008327,0,07,000,00,0,2,01,B01
200700008328,0,07,000,00,2,1,01,A01
200700008328,0,07,000,00,2,8,01,B01
200700008329,0,07,000,00,2,4,04,A01
200700008329,0,07,000,00,2,1,23,B01
200700008330,0,07,000,00,1,8,00,A01
200700008331,0,07,000,00,0,3,13,A01
200700008331,0,07,000,00,0,7,13,B01
200700008331,0,07,000,00,0,1,05,C01
200700008331,0,07,000,00,0,3,05,D01
200700008332,0,07,000,00,0,5,24,B01
200700008332,0,07,000,01,1,2,01,A01
200700008333,0,07,000,09,0,3,01,A01
200700008334,0,07,000,00,2,4,01,D01
200700008334,0,07,000,00,2,4,01,C01
200700008334,0,07,000,00,2,4,01,B01
200700008334,0,05,000,00,2,1,01,A01
200700008335,0,07,000,08,0,8,14,A01
200700008336,0,07,000,00,2,3,09,A01
200700008336,0,01,000,00,2,1,01,B01
200700008337,0,07,000,00,2,5,04,A01
200700008337,0,05,000,00,2,1,01,B01
200700008338,0,07,000,00,1,4,04,A01
200700008339,0,07,000,00,2,3,13,A01
200700008339,0,01,000,00,2,1,01,B01
200700008340,0,07,000,00,2,2,17,A01
200700008340,0,01,000,00,2,8,15,B01
200700008341,0,07,000,00,2,1,09,A01
200700008341,0,02,000,00,2,3,01,B01
200700008342,0,07,000,00,2,1,09,A01
200700008342,0,01,000,00,2,7,01,B01
200700008343,0,07,000,01,2,8,09,A01
200700008343,0,07,000,00,2,7,02,B01
200700008344,0,10,000,00,2,6,04,A01
200700008344,0,07,000,00,2,2,02,B01
200700008345,0,07,000,03,0,9,02,A01
200700008346,0,07,000,00,2,1,01,A01
200700008346,0,10,000,00,2,3,01,B01
200700008347,0,31,000,01,0,1,01,A01
200700008348,0,07,000,00,2,2,15,A01
200700008348,0,07,000,00,2,1,01,B01
200700008349,0,07,000,00,2,1,01,A01
200700008349,0,15,000,00,2,4,01,B01
200700008350,0,02,000,00,2,1,01,A01
200700008350,0,07,000,00,2,4,23,B01
200700008351,0,07,000,00,1,3,15,A01
200700008352,0,07,000,00,1,2,01,A01
200700008353,0,10,000,00,1,2,01,A01
200700008354,0,07,000,00,2,1,01,A01
200700008354,0,07,000,00,2,4,23,B01
200700008355,0,07,000,00,2,1,01,A01
200700008355,0,07,000,00,2,4,01,B01
200700008356,1,99,000,00,0,0,00,A01
200700008357,0,07,000,13,0,3,01,A01
200700008358,0,01,000,00,2,3,01,A01
200700008358,0,07,000,00,2,2,01,B01
200700008359,0,07,000,00,2,2,01,B01
200700008359,1,07,000,00,0,0,09,A01
200700008360,0,07,000,00,2,2,01,A01
200700008360,0,07,000,00,2,6,01,B01
200700008361,0,07,000,00,2,3,01,A01
200700008361,0,17,000,00,2,8,01,B01
200700008362,0,07,000,00,2,1,01,B01
200700008362,0,02,000,00,2,1,01,A01
200700008363,0,07,000,00,2,4,20,A01
200700008363,0,02,000,00,2,7,01,B01
200700008364,0,07,000,00,2,1,02,A01
200700008364,0,07,000,00,2,4,02,B01
200700008364,0,07,000,00,2,4,02,C01
200700008365,0,01,000,00,1,1,01,B01
200700008366,0,07,000,00,2,3,01,A01
200700008366,0,14,000,00,2,6,00,B01
200700008367,0,33,000,00,2,1,00,A01
200700008367,0,07,000,00,2,8,00,B01
200700008368,0,30,000,00,2,1,02,B01
200700008368,0,07,000,00,0,5,19,A01
200700008369,0,07,000,00,2,1,15,A01
200700008369,0,07,000,00,2,1,02,B01
200700008370,0,07,000,00,2,2,15,A01
200700008370,0,07,000,00,2,3,02,B01
200700008370,0,07,000,00,2,3,23,C01
200700008371,0,07,000,00,1,1,00,A01
200700008372,0,07,000,00,2,0,00,A01
200700008372,0,07,000,01,2,1,00,B01
200700008373,0,07,000,00,2,3,15,A01
200700008373,0,13,000,00,2,2,01,B01
200700008374,0,33,000,00,2,1,01,B01
200700008374,0,07,000,00,2,3,06,A01
200700008375,0,15,000,00,2,2,01,B01
200700008375,0,07,000,00,2,3,09,A01
200700008376,0,07,000,06,0,2,01,A01
200700008377,0,07,000,00,2,1,02,A01
200700008377,0,07,000,00,2,4,02,B01
200700008378,0,07,000,00,1,3,01,A01
200700008379,0,31,000,00,2,1,01,B01
200700008379,0,07,000,00,2,3,00,A01
200700008380,0,07,000,00,1,1,15,A01
200700008381,0,07,000,00,2,3,15,A01
200700008381,1,02,000,00,2,0,00,B01
200700008382,0,07,000,00,1,3,01,A01
200700008383,0,07,000,12,0,9,01,A01
200700008384,0,07,000,00,1,2,01,A01
200700008385,0,07,000,00,1,3,16,A01
200700008386,0,35,000,07,0,1,01,A01
200700008387,0,30,000,00,1,1,01,A01
200700008388,0,07,000,00,1,1,01,A01
200700008389,0,07,000,00,2,8,15,A01
200700008389,0,02,000,00,2,1,01,B01
200700008390,0,07,000,00,9,3,09,A01
200700008390,0,02,000,00,0,1,01,B01
200700008391,0,07,000,00,2,3,10,A01
200700008391,0,02,000,00,2,1,01,B01
200700008392,0,02,000,00,2,2,18,A01
200700008392,0,07,000,00,0,2,16,B01
200700008393,0,07,000,00,0,0,15,A01
200700008393,0,33,000,00,0,0,15,B01
200700008394,0,07,000,06,0,1,01,A01
200700008395,0,07,000,00,2,1,01,A01
200700008395,0,07,000,00,2,8,01,B01
200700008396,0,07,000,00,2,2,16,B01
200700008396,0,31,000,00,2,8,01,A01
200700008396,0,07,000,00,0,6,23,C01
200700008397,0,02,000,00,2,1,01,A01
200700008397,0,07,000,00,2,4,01,B01
200700008398,0,37,036,00,2,1,01,B01
200700008398,0,07,000,00,2,8,01,A01
200700008399,0,07,000,00,2,1,01,A01
200700008399,0,07,000,00,2,4,01,B01
200700008400,0,07,000,00,2,1,01,A01
200700008400,0,07,000,00,2,4,16,B01
200700008401,0,07,000,00,2,3,15,A01
200700008401,0,02,000,00,2,1,01,B01
200700008402,0,07,000,13,0,2,12,A01
200700008403,0,02,000,00,2,1,01,A01
200700008403,0,07,000,01,2,7,01,B01
200700008404,0,07,000,00,1,1,15,A01
200700008405,0,07,000,00,9,7,09,A01
200700008405,0,14,000,00,2,2,01,B01
200700008406,0,07,000,00,2,1,01,A01
200700008406,0,01,000,00,2,4,01,B01
200700008407,0,33,000,00,2,7,16,A01
200700008407,0,07,000,00,2,6,01,B01
200700008408,0,07,000,00,1,1,01,A01
200700008409,0,07,000,00,1,4,04,A01
200700008410,0,07,000,00,2,5,09,A01
200700008410,0,02,000,00,2,1,01,B01
200700008411,0,07,000,00,2,1,01,A01
200700008411,0,07,000,00,2,4,01,B01
200700008412,0,07,000,00,2,1,13,A01
200700008412,0,07,000,00,2,3,01,B01
200700008413,0,02,000,00,2,2,10,A01
200700008413,0,07,000,00,2,3,01,B01
200700008414,0,30,000,00,2,1,02,A01
200700008414,0,30,000,00,0,4,02,B01
200700008415,0,07,000,00,2,1,01,A01
200700008415,0,07,000,00,2,5,15,B01
200700008416,0,07,000,00,2,1,01,A01
200700008416,0,07,000,00,2,4,02,B01
200700008416,0,07,000,00,2,0,01,C01
200700008417,0,07,000,00,1,1,14,A01
200700008418,0,07,000,00,2,1,09,A01
200700008418,0,07,000,01,2,1,01,B01
200700008419,0,07,000,00,1,1,01,A01
200700008420,0,07,000,13,0,1,01,A01
200700008421,0,15,000,00,2,0,12,A01
200700008421,0,07,000,03,2,8,01,B01
200700008422,0,07,000,00,1,3,01,A01
200700008423,0,07,000,00,2,2,01,A01
200700008423,0,01,000,00,2,1,19,B01
200700008424,1,07,000,00,1,4,00,A01
200700008425,0,07,000,00,1,1,15,A01
200700008426,0,07,000,00,2,3,13,A01
200700008426,0,07,000,00,2,1,01,B01
200700008426,0,07,000,00,2,1,01,C01
200700008427,0,07,000,00,1,1,15,A01
200700008428,0,33,000,00,0,0,01,B01
200700008428,0,07,000,00,0,0,01,A01
200700008429,0,07,000,00,2,1,02,A01
200700008429,0,07,000,00,2,4,23,B01
200700008430,0,30,000,00,1,1,01,A01
200700008431,0,07,000,00,2,1,01,A01
200700008431,0,07,000,00,2,4,01,B01
200700008432,0,33,000,13,0,9,01,A01
200700008432,0,10,000,00,9,1,01,B01
200700008433,0,07,000,00,2,7,15,A01
200700008433,0,33,000,00,2,1,01,B01
200700008434,0,07,000,00,2,1,01,A01
200700008434,0,07,000,00,2,3,01,B01
200700008435,0,07,000,00,1,3,01,A01
200700008436,0,07,000,00,2,7,01,B01
200700008436,1,07,000,00,2,0,15,A01
200700008437,0,01,000,00,2,1,01,A01
200700008437,1,07,000,00,2,0,01,B01
200700008438,0,07,000,00,2,8,01,A01
200700008438,0,07,000,00,2,1,01,B01
200700008439,0,07,000,01,0,2,01,A01
200700008440,0,07,000,00,2,8,15,A01
200700008440,0,33,000,00,2,1,01,B01
200700008441,0,07,000,00,2,7,01,A01
200700008441,0,07,000,00,2,2,01,B01
200700008442,0,07,000,00,2,0,19,A01
200700008442,0,33,000,00,2,0,01,B01
200700008443,0,07,000,00,2,2,15,A01
200700008443,0,07,000,00,2,3,01,B01
200700008444,0,07,000,00,2,1,02,A01
200700008444,0,07,000,00,2,4,02,B01
200700008445,0,07,000,00,1,2,01,A01
200700008446,0,07,000,00,2,1,19,A01
200700008446,0,07,000,00,2,1,02,B01
200700008447,0,15,000,00,2,3,10,A01
200700008447,0,07,000,00,2,1,01,B01
200700008448,1,07,000,00,9,7,16,A01
200700008448,0,01,000,00,2,0,01,B01
200700008449,0,07,000,04,0,1,01,A01
200700008450,0,07,000,00,2,1,15,A01
200700008450,0,07,000,00,2,1,01,B01
200700008451,0,02,000,00,2,1,01,A01
200700008451,0,07,000,00,0,4,01,B01
200700008452,0,07,000,05,0,0,01,A01
200700008453,0,07,000,00,0,2,02,A01
200700008454,0,07,000,00,1,4,04,A01
200700008455,0,07,000,00,2,1,02,A01
200700008455,0,07,000,00,2,4,02,B01
200700008455,0,07,000,00,2,4,02,C01
200700008456,0,07,000,00,2,1,02,A01
200700008456,0,07,000,00,2,4,02,B01
200700008456,0,07,000,00,2,4,02,C01
200700008457,0,07,000,04,2,9,21,A01
200700008457,0,07,000,00,0,8,01,B01
200700008458,0,37,001,00,1,0,01,A01
200700008459,0,07,000,00,2,1,02,A01
200700008459,0,07,000,00,2,4,02,B01
200700008459,0,07,000,00,2,4,02,C01
200700008459,0,07,000,00,2,1,13,D01
200700008459,0,07,000,00,2,1,01,E01
200700008460,0,07,000,15,0,1,01,A01
200700008461,0,07,000,00,2,3,09,A01
200700008462,0,32,000,00,9,1,01,A01
200700008462,0,01,000,00,2,8,19,B01
200700008463,0,07,000,00,2,1,02,A01
200700008463,0,07,000,00,2,4,02,B01
200700008464,0,07,000,01,0,2,00,A01
200700008465,0,07,000,00,9,3,15,A01
200700008465,0,30,000,00,2,1,19,B01
200700008466,0,20,000,00,9,5,15,A01
200700008466,0,05,000,00,9,1,01,B01
200700008467,0,10,000,00,2,1,01,B01
200700008467,0,07,000,00,2,2,05,A01
200700008468,0,07,000,14,0,9,00,A01
200700008469,0,07,000,14,9,9,01,A01
200700008470,0,10,000,00,2,8,11,A01
200700008470,0,05,000,00,2,7,01,B01
200700008471,0,07,000,00,2,6,00,A01
200700008471,0,07,000,00,2,8,00,B01
200700008472,0,07,000,00,2,3,01,A01
200700008472,0,07,000,00,2,1,01,B01
200700008473,0,07,000,00,9,2,16,A01
200700008473,0,04,000,00,2,1,01,B01
200700008474,0,07,000,00,1,0,00,A01
200700008475,0,07,000,00,9,7,12,A01
200700008475,0,05,000,00,2,7,00,B01
200700008475,0,07,000,05,0,3,21,C01
200700008476,0,07,000,00,2,1,01,A01
200700008476,0,07,000,15,2,9,15,B01
200700008477,0,31,000,00,2,1,17,A01
200700008478,0,07,000,15,0,1,00,A01
200700008479,0,01,000,00,2,1,19,A01
200700008479,0,07,000,00,9,2,01,B01
200700008480,0,07,000,00,9,1,02,A01
200700008480,0,02,000,00,2,1,02,B01
200700008481,0,30,000,00,2,1,01,A01
200700008481,0,07,000,00,9,2,01,B01
200700008482,0,07,000,00,0,9,01,A01
200700008483,0,07,000,00,2,8,00,A01
200700008484,0,07,000,00,2,1,14,A01
200700008484,0,07,000,00,2,1,01,B01
200700008485,0,07,000,00,2,7,10,A01
200700008485,0,07,000,00,2,1,01,B01
200700008486,0,07,000,05,0,3,01,A01
200700008487,0,07,000,00,1,3,15,A01
200700008488,0,30,000,00,2,1,15,A01
200700008488,0,07,000,00,2,1,01,B01
200700008488,0,07,000,00,2,8,01,C01
200700008489,0,07,000,00,1,4,04,A01
200700008490,0,07,000,00,2,8,01,A01
200700008490,0,07,000,00,2,1,01,B01
200700008491,0,07,000,00,2,1,01,A01
200700008491,0,07,000,00,2,4,01,B01
200700008492,0,33,000,00,2,1,09,A01
200700008492,0,07,000,00,2,8,09,B01
200700008493,0,07,000,00,1,3,01,A01
200700008494,0,05,000,00,2,1,01,A01
200700008494,1,07,000,00,2,0,00,B01
200700008495,0,07,000,00,2,1,17,A01
200700008495,0,07,000,00,2,1,01,B01
200700008496,0,07,000,00,2,2,15,A01
200700008496,0,01,000,00,2,1,01,B01
200700008497,0,32,000,00,0,7,01,A01
200700008498,0,07,000,00,1,0,01,A01
200700008499,0,07,000,00,2,6,15,A01
200700008499,0,07,000,00,2,3,01,B01
200700008500,0,07,000,00,2,2,01,A01
200700008500,0,07,000,00,2,8,16,B01
200700008501,0,07,000,00,2,1,01,A01
200700008501,0,02,000,00,2,0,16,B01
200700008502,0,07,000,00,2,1,01,A01
200700008502,0,07,000,00,2,2,01,B01
200700008503,0,07,000,00,9,0,15,A01
200700008503,0,01,000,00,2,0,00,B01
200700008504,1,07,000,00,1,0,01,A01
200700008505,0,05,000,00,2,7,02,A01
200700008505,0,10,000,00,2,4,02,B01
200700008506,0,30,000,00,2,1,02,A01
200700008506,0,10,000,00,2,5,23,B01
200700008507,0,10,000,00,2,2,01,B01
200700008507,0,07,000,00,2,1,15,A01
200700008508,0,10,000,00,2,3,09,A01
200700008508,0,05,000,00,2,7,01,B01
200700008509,0,07,000,12,0,2,01,B01
200700008509,0,07,000,12,0,9,01,A01
200700008510,0,07,000,00,2,6,15,A01
200700008510,0,32,000,00,2,1,01,B01
200700008511,0,07,000,00,2,1,02,A01
200700008511,0,07,000,00,2,4,02,B01
200700008512,0,05,000,00,2,9,01,A01
200700008512,0,07,000,00,2,6,01,B01
200700008512,0,07,000,00,2,4,01,C01
200700008512,0,07,000,00,2,1,01,D01
200700008513,0,07,000,01,0,3,00,A01
200700008514,0,05,000,00,2,7,01,B01
200700008514,0,07,000,00,2,3,15,A01
200700008515,0,05,000,00,2,1,12,A01
200700008515,0,07,000,00,2,3,15,B01
200700008515,0,10,000,00,2,1,16,C01
200700008516,0,07,000,00,2,1,00,A01
200700008516,0,07,000,00,2,8,16,B01
200700008517,0,07,000,00,2,3,01,A01
200700008517,0,07,000,00,2,8,01,B01
200700008518,0,07,000,04,0,2,01,A01
200700008519,0,01,000,00,9,1,01,A01
200700008519,0,01,000,00,9,1,01,B01
200700008520,0,07,000,00,2,2,15,A01
200700008520,0,07,000,00,2,1,01,B01
200700008521,0,07,000,00,2,1,02,A01
200700008521,0,07,000,00,2,4,02,B01
200700008522,0,30,000,00,2,7,01,A01
200700008522,0,07,000,00,2,3,15,B01
200700008523,0,07,000,00,2,1,01,B01
200700008523,0,31,000,00,2,1,01,A01
200700008524,0,07,000,00,0,1,01,A01
200700008525,0,33,000,00,2,2,01,B01
200700008525,0,07,000,00,2,8,15,A01
200700008526,0,30,000,00,2,1,02,A01
200700008526,0,07,000,00,0,4,02,B01
200700008527,0,30,000,12,0,1,14,A01
200700008528,0,07,000,00,2,3,02,B01
200700008528,0,01,000,00,2,1,05,A01
200700008529,0,07,000,02,0,1,02,A01
200700008530,0,07,000,00,2,4,20,A01
200700008530,0,30,000,00,2,1,01,B01
200700008531,0,07,000,00,2,2,15,A01
200700008531,0,07,000,00,2,1,01,B01
200700008532,0,34,000,00,2,1,01,A01