Num_Acc,senc,catv,occutc,obs,obsm,choc,manv,num_veh
200700008532,0,07,000,00,2,1,01,B01
200700008533,0,40,000,00,2,2,01,B01
200700008533,0,30,000,00,2,3,09,A01
200700008534,0,07,000,00,2,2,00,A01
200700008534,0,07,000,00,2,3,01,B01
200700008535,1,07,000,00,1,0,01,A01
200700008536,0,07,000,00,2,2,13,A01
200700008536,0,10,000,00,2,1,01,B01
200700008537,0,40,000,00,1,2,01,A01
200700008538,0,07,000,00,2,1,13,A01
200700008538,0,07,000,01,2,1,01,B01
200700008539,0,02,000,00,1,1,01,A01
200700008540,0,07,000,12,0,1,14,A01
200700008541,0,07,000,00,2,1,01,A01
200700008541,0,07,000,00,2,8,01,B01
200700008542,0,07,000,00,1,2,01,A01
200700008543,0,02,000,14,0,1,01,B01
200700008543,0,07,000,00,2,8,23,A01
200700008544,0,07,000,00,2,1,00,A01
200700008545,0,07,000,00,1,3,01,A01
200700008546,0,07,000,00,1,1,01,A01
200700008547,0,07,000,14,0,2,01,A01
200700008547,0,07,000,14,0,4,23,B01
200700008547,0,07,000,00,0,4,23,C01
200700008548,0,10,000,00,2,7,01,A01
200700008548,0,07,000,07,2,1,01,B01
200700008549,0,40,000,00,1,2,01,A01
200700008550,0,07,000,00,2,8,20,A01
200700008550,0,02,000,14,2,1,01,B01
200700008550,0,07,000,00,2,1,23,C01
200700008551,0,33,000,00,2,1,01,A01
200700008551,0,07,000,00,2,3,16,B01
200700008552,1,07,000,00,2,0,01,B01
200700008552,0,07,000,01,2,8,01,A01
200700008553,0,10,000,07,0,1,01,A01
200700008554,0,07,000,00,2,3,01,A01
200700008554,0,07,000,00,2,1,01,B01
200700008555,0,02,000,01,2,7,01,A01
200700008555,0,07,000,00,2,2,16,B01
200700008556,0,02,000,00,2,1,01,A01
200700008556,0,07,000,00,0,4,01,B01
200700008557,0,33,000,06,0,8,01,A01
200700008558,0,07,000,02,0,1,01,A01
200700008559,0,07,000,01,0,1,01,A01
200700008560,0,07,000,00,2,5,15,A01
200700008560,0,31,000,00,2,1,01,B01
200700008561,0,07,000,00,2,1,20,A01
200700008561,0,33,000,00,2,1,01,B01
200700008562,0,07,000,00,2,3,01,A01
200700008562,0,02,000,00,2,2,01,B01
200700008563,0,02,000,00,2,3,01,A01
200700008563,1,07,000,00,2,2,14,B01
200700008564,0,10,000,00,2,1,15,A01
200700008564,0,31,000,00,2,1,01,B01
200700008565,0,07,000,01,0,1,20,A01
200700008566,0,01,000,00,2,1,01,A01
200700008566,0,07,000,00,2,1,15,B01
200700008567,0,02,000,00,2,7,01,A01
200700008567,1,07,000,00,2,0,16,B01
200700008568,0,10,000,00,2,1,01,A01
200700008568,0,37,001,00,2,2,01,B01
200700008569,0,31,000,00,1,1,01,A01
200700008570,0,07,000,00,1,2,01,A01
200700008571,0,02,000,00,2,7,01,A01
200700008571,1,07,000,00,2,0,01,B01
200700008572,0,40,000,00,1,1,01,A01
200700008573,0,01,000,00,0,6,15,A01
200700008573,0,07,000,00,2,1,01,B01
200700008574,0,10,000,00,2,1,15,A01
200700008574,0,02,000,00,2,1,01,B01
200700008575,0,07,000,00,0,3,01,A01
200700008575,0,37,047,00,2,1,01,B01
200700008576,0,07,000,00,2,8,15,A01
200700008576,0,02,000,00,2,1,01,B01
200700008577,0,07,000,00,2,1,01,A01
200700008577,0,10,000,00,0,6,11,B01
200700008577,0,07,000,00,2,1,01,C01
200700008578,0,02,000,00,2,1,01,A01
200700008578,0,07,000,00,2,4,01,B01
200700008579,0,17,000,00,2,2,12,A01
200700008579,0,07,000,00,2,6,01,B01
200700008579,0,17,000,00,2,0,01,C01
200700008580,1,07,000,00,1,0,01,A01
200700008581,0,07,000,00,2,3,22,A01
200700008581,0,02,000,01,0,2,01,B01
200700008582,0,07,000,11,0,3,01,A01
200700008583,0,02,000,00,2,6,01,A01
200700008583,1,07,000,00,2,0,15,B01
200700008584,0,07,000,00,2,1,01,A01
200700008584,0,07,000,00,0,4,01,B01
200700008585,0,07,000,00,2,3,01,A01
200700008585,0,07,000,00,2,1,01,B01
200700008586,0,10,000,00,2,1,15,A01
200700008586,0,10,000,00,2,7,01,B01
200700008586,0,07,000,00,2,1,01,C01
200700008587,0,31,000,00,2,1,01,A01
200700008587,0,07,000,00,2,1,15,B01
200700008588,0,07,000,00,1,1,01,A01
200700008589,1,07,000,00,2,0,00,A01
200700008589,0,02,000,00,2,5,00,B01
200700008590,0,07,000,00,2,1,01,A01
200700008590,0,07,000,00,2,3,01,B01
200700008591,0,02,000,00,2,7,01,A01
200700008591,0,07,000,00,2,1,01,B01
200700008592,0,07,000,12,2,1,01,A01
200700008592,0,07,000,12,2,3,01,B01
200700008593,1,07,000,00,1,0,04,A01
200700008594,0,07,000,00,2,8,22,A01
200700008594,0,01,000,01,0,1,01,B01
200700008595,0,07,000,00,0,0,05,B01
200700008595,1,07,000,00,0,0,05,C01
200700008595,0,01,000,00,2,1,01,A01
200700008596,0,07,000,00,1,2,01,A01
200700008597,2,07,000,00,2,0,01,A01
200700008597,0,02,000,00,2,1,01,B01
200700008598,0,07,000,00,1,1,01,A01
200700008599,0,07,000,00,2,1,01,A01
200700008599,0,01,000,00,2,2,01,B01
200700008600,0,07,000,00,2,7,15,A01
200700008600,0,07,000,00,2,1,01,B01
200700008600,0,07,000,00,2,1,01,C01
200700008601,0,07,000,00,2,3,15,B01
200700008601,0,02,000,00,2,2,17,A01
200700008602,0,07,000,06,2,1,10,A01
200700008602,0,07,000,01,2,1,01,B01
200700008603,0,07,000,00,2,2,15,A01
200700008603,0,02,000,00,2,1,01,B01
200700008604,0,07,000,00,2,1,01,A01
200700008604,0,07,000,00,2,3,15,B01
200700008605,0,33,000,00,2,8,01,B01
200700008605,0,07,000,00,2,1,10,A01
200700008606,0,07,000,00,1,1,16,A01
200700008607,0,07,000,00,2,3,16,A01
200700008607,0,14,000,00,2,2,01,B01
200700008608,0,07,000,00,2,8,15,A01
200700008608,0,13,000,00,2,1,01,B01
200700008609,0,33,000,00,2,8,01,A01
200700008609,1,07,000,00,0,0,15,B01
200700008610,0,07,000,00,2,3,15,A01
200700008610,0,31,000,00,2,1,01,B01
200700008611,1,33,000,00,1,1,01,A01
200700008612,0,10,000,00,2,3,01,A01
200700008612,0,07,000,00,2,1,21,B01
200700008613,0,33,000,01,2,7,02,A01
200700008613,0,07,000,00,2,1,15,B01
200700008614,0,07,000,01,2,1,01,A01
200700008614,0,07,000,00,0,3,01,B01
200700008615,0,07,000,01,2,3,15,A01
200700008615,0,02,000,00,2,2,01,B01
200700008616,0,07,000,00,4,3,13,A01
200700008616,0,40,000,00,2,1,01,B01
200700008617,0,07,000,00,2,0,22,A01
200700008617,0,02,000,00,2,0,21,B01
200700008618,0,10,000,00,1,1,15,A01
200700008619,0,07,000,00,2,8,15,A01
200700008619,0,33,000,00,2,7,01,B01
200700008620,0,07,000,00,2,2,10,A01
200700008620,0,02,000,00,2,1,01,B01
200700008621,0,07,000,00,2,3,22,A01
200700008621,0,01,000,01,0,1,01,B01
200700008622,0,02,000,00,0,1,17,A01
200700008622,0,07,000,00,0,8,15,B01
200700008623,0,33,000,00,2,1,18,A01
200700008623,0,07,000,00,2,7,16,B01
200700008624,0,07,000,08,2,1,19,A01
200700008624,0,07,000,00,2,1,15,B01
200700008625,0,07,000,00,1,2,01,A01
200700008626,0,07,000,00,2,1,17,A01
200700008626,0,33,000,00,2,1,01,B01
200700008627,0,07,000,00,2,3,13,A01
200700008627,0,02,000,00,2,7,17,B01
200700008628,0,02,000,15,0,1,02,A01
200700008629,0,07,000,00,2,7,01,B01
200700008629,0,07,000,00,2,1,09,A01
200700008630,0,07,000,02,0,7,13,A01
200700008631,0,31,000,00,2,1,01,B01
200700008631,0,07,000,00,2,7,09,A01
200700008632,0,07,000,00,2,1,01,B01
200700008632,0,07,000,00,2,2,01,A01
200700008633,0,30,000,00,2,7,17,A01
200700008633,0,10,000,00,2,8,02,B01
200700008634,0,37,000,00,2,8,01,B01
200700008634,0,07,000,00,2,2,01,A01
200700008635,0,07,000,00,2,5,16,A01
200700008635,0,30,000,00,2,1,01,B01
200700008636,0,30,000,00,2,1,13,A01
200700008636,0,37,000,00,2,1,01,B01
200700008637,0,30,000,00,2,1,01,B01
200700008637,0,07,000,00,2,3,15,A01
200700008638,0,07,000,00,0,0,01,A01
200700008639,0,07,000,00,2,4,01,B01
200700008639,0,33,000,00,2,1,02,A01
200700008640,0,01,000,00,4,8,19,A01
200700008640,0,38,000,00,2,6,01,B01
200700008641,0,33,000,00,2,1,01,B01
200700008641,0,32,000,00,2,7,16,A01
200700008642,0,07,000,01,0,2,11,A01
200700008642,0,14,000,00,2,6,23,B01
200700008643,0,07,000,00,2,1,15,A01
200700008643,0,01,000,00,2,1,01,B01
200700008644,0,32,000,00,2,2,01,B01
200700008644,0,07,000,00,2,3,10,A01
200700008645,0,07,000,00,2,1,01,B01
200700008645,0,02,000,00,2,1,15,A01
200700008646,0,33,000,00,2,1,16,A01
200700008646,0,07,000,00,2,3,01,B01
200700008647,0,07,000,00,2,4,23,B01
200700008647,0,07,000,00,1,1,01,A01
200700008648,0,01,000,00,2,1,01,B01
200700008648,0,07,000,00,2,6,15,A01
200700008649,0,33,000,00,0,4,02,B01
200700008649,0,02,000,00,2,1,01,A01
200700008650,0,33,000,00,2,1,01,B01
200700008650,0,07,000,00,2,7,15,A01
200700008651,0,33,000,04,0,1,01,A01
200700008652,0,07,000,00,0,6,23,B01
200700008652,0,30,000,00,2,1,13,A01
200700008653,0,34,000,00,0,2,01,A01
200700008653,0,07,000,00,2,1,01,B01
200700008654,0,07,000,00,2,1,12,B01
200700008654,0,07,000,00,2,3,15,A01
200700008655,0,33,000,00,2,8,01,B01
200700008655,0,07,000,00,2,3,11,A01
200700008656,0,16,000,00,0,1,01,A01
200700008656,0,07,000,00,2,3,00,B01
200700008657,0,34,000,00,2,1,08,A01
200700008657,0,07,000,00,0,8,15,B01
200700008658,0,07,000,00,2,2,21,B01
200700008658,0,10,000,00,2,8,10,A01
200700008659,1,07,000,00,1,2,01,A01
200700008660,0,30,000,00,0,0,01,A01
200700008661,1,07,000,00,1,1,16,A01
200700008661,0,07,000,00,2,3,10,B01
200700008662,0,07,000,00,2,1,01,A01
200700008662,0,07,000,00,2,2,01,B01
200700008663,0,01,000,00,2,7,15,A01
200700008663,0,07,000,00,2,1,01,B01
200700008664,0,02,000,00,2,8,01,B01
200700008664,0,07,000,02,2,1,15,A01
200700008665,0,07,000,03,0,9,00,A01
200700008666,0,31,000,00,2,1,01,B01
200700008666,0,07,000,00,0,8,20,A01
200700008667,0,32,000,00,2,5,01,B01
200700008667,0,07,000,00,2,3,09,A01
200700008668,0,33,000,01,2,1,14,B01
200700008668,0,07,000,00,2,7,04,A01
200700008669,0,34,000,00,2,1,01,B01
200700008669,0,07,000,00,2,6,10,A01
200700008670,0,31,000,00,1,1,01,A01
200700008671,0,07,000,00,2,1,02,B01
200700008671,0,07,000,00,2,3,02,A01
200700008672,0,07,000,00,1,2,01,A01
200700008673,0,01,000,00,2,1,01,B01
200700008673,0,07,000,00,2,2,09,A01
200700008674,0,07,000,00,2,1,02,B01
200700008674,0,07,000,00,2,1,13,A01
200700008675,0,07,000,00,2,2,01,C01
200700008675,0,07,000,12,2,2,01,B01
200700008675,0,07,000,00,2,2,01,A01
200700008676,0,33,000,00,2,1,01,B01
200700008676,0,07,000,00,2,2,15,A01
200700008677,0,07,000,00,1,2,01,A01
200700008678,0,07,000,00,2,4,23,C01
200700008678,0,07,000,00,2,4,23,B01
200700008678,0,07,000,00,2,2,02,A01
200700008679,1,10,000,00,1,4,04,A01
200700008680,0,07,000,00,1,8,01,A01
200700008681,0,33,000,00,0,0,01,A01
200700008682,0,01,000,00,0,0,01,A01
200700008683,0,07,000,03,0,1,01,A01
200700008684,0,07,000,00,2,1,13,A01
200700008684,0,07,000,00,2,1,01,B01
200700008685,0,07,000,00,1,2,01,A01
200700008686,0,30,000,00,2,1,00,B01
200700008686,0,07,000,00,2,3,00,A01
200700008687,0,01,000,00,0,0,00,A01
200700008688,0,01,000,00,2,5,01,B01
200700008688,0,07,000,00,2,3,09,A01
200700008689,0,02,000,00,0,0,00,A01
200700008689,0,33,000,09,0,0,21,B01
200700008690,0,07,000,00,1,5,01,A01
200700008691,0,01,000,01,0,1,01,A01
200700008692,0,07,000,00,2,5,16,A01
200700008692,0,01,000,00,2,1,01,B01
200700008693,0,07,000,00,1,3,01,A01
200700008694,0,07,000,11,0,3,01,A01
200700008695,0,07,000,00,2,1,02,A01
200700008695,0,07,000,00,2,9,02,B01
200700008695,0,07,000,00,2,4,02,C01
200700008696,0,30,000,00,2,1,02,A01
200700008696,0,07,000,00,2,5,15,B01
200700008697,0,07,000,00,0,1,01,A01
200700008698,0,30,000,00,2,0,15,A01
200700008698,0,07,000,00,2,1,01,B01
200700008699,0,07,000,00,2,1,01,A01
200700008699,0,07,000,00,2,3,01,B01
200700008700,0,07,000,02,2,7,15,A01
200700008700,0,07,000,00,2,1,01,B01
200700008701,0,07,000,14,0,1,01,A01
200700008701,0,30,000,00,2,4,01,B01
200700008702,0,07,000,13,0,7,09,A01
200700008703,0,07,000,00,2,1,00,A01
200700008703,0,07,000,00,2,1,15,B01
200700008704,0,10,000,00,2,2,02,A01
200700008704,0,30,000,00,2,4,02,B01
200700008705,0,07,000,00,1,3,01,A01
200700008706,0,07,000,00,2,2,01,A01
200700008706,0,07,000,00,2,8,01,B01
200700008706,0,07,000,14,2,0,21,C01
200700008706,0,99,000,00,0,0,21,D01
200700008707,0,07,000,00,2,4,01,A01
200700008707,0,07,000,00,2,4,02,B01
200700008708,1,07,000,00,2,1,02,A01
200700008708,0,32,000,00,2,4,02,B01
200700008709,0,31,000,00,2,1,02,A01
200700008709,0,07,000,00,2,5,02,B01
200700008710,0,07,000,00,1,1,02,A01
200700008711,0,07,000,00,9,3,15,A01
200700008711,0,01,000,00,2,1,02,B01
200700008712,0,07,000,00,2,1,02,A01
200700008712,0,07,000,00,2,4,02,B01
200700008713,0,14,000,00,2,1,02,A01
200700008713,0,07,000,00,2,4,02,B01
200700008714,0,07,000,00,2,2,16,A01
200700008714,0,01,000,00,2,1,18,B01
200700008715,0,07,000,00,2,1,15,A01
200700008715,0,07,000,00,2,1,01,B01
200700008716,0,07,000,00,2,1,02,A01
200700008716,0,07,000,00,2,4,02,B01
200700008716,0,07,000,00,2,4,02,C01
200700008717,0,30,000,00,0,7,00,A01
200700008718,0,01,000,00,2,2,19,A01
200700008718,0,07,000,00,2,1,01,B01
200700008719,0,30,000,00,0,1,00,A01
200700008720,0,07,000,00,2,3,01,B01
200700008720,0,07,000,00,2,2,01,A01
200700008721,0,07,000,00,1,0,15,A01
200700008722,0,07,000,00,9,3,02,A01
200700008722,0,01,000,00,2,1,13,B01
200700008723,0,07,000,00,1,2,01,A01
200700008724,0,07,000,00,1,3,01,A01
200700008725,0,07,000,00,2,7,01,B01
200700008725,0,02,000,00,2,1,09,A01
200700008726,0,07,000,00,2,1,01,B01
200700008726,0,07,000,00,2,3,01,A01
200700008727,0,07,000,00,2,3,01,A01
200700008727,0,07,000,00,2,3,01,B01
200700008728,0,30,000,14,0,1,01,A01
200700008728,0,07,000,00,2,4,23,B01
200700008729,0,10,000,11,0,3,01,A01
200700008730,0,07,000,00,2,3,15,A01
200700008730,0,01,000,00,2,1,01,B01
200700008731,0,02,000,01,2,5,01,B01
200700008731,0,02,000,00,2,1,01,C01
200700008731,0,07,000,00,2,1,09,A01
200700008732,0,07,000,00,1,2,01,A01
200700008733,0,07,000,04,0,1,01,A01
200700008734,0,07,000,00,2,1,01,A01
200700008734,0,02,000,00,2,4,01,B01
200700008735,0,07,000,01,2,2,01,B01
200700008735,0,02,000,00,2,3,15,A01
200700008736,0,07,000,00,2,2,20,A01
200700008736,0,30,000,00,2,1,01,B01
200700008737,0,07,000,00,0,9,01,A01
200700008738,0,33,000,00,2,3,01,B01
200700008738,0,07,000,00,2,1,09,A01
200700008739,0,10,000,16,0,0,01,A01
200700008740,0,07,000,00,2,1,15,A01
200700008740,0,07,000,00,2,3,01,B01
200700008741,0,07,000,00,0,7,01,A01
200700008742,0,30,000,01,0,1,21,A01
200700008743,0,02,000,00,1,1,01,A01
200700008744,0,33,000,00,2,1,01,B01
200700008744,0,10,000,00,2,8,09,A01
200700008745,0,10,000,00,2,2,01,A01
200700008745,0,07,000,00,2,8,23,B01
200700008745,0,07,000,00,2,4,15,C01
200700008745,0,07,000,00,2,3,01,D01
200700008745,0,07,000,00,2,3,01,E01
200700008746,1,10,000,00,2,0,01,A01
200700008746,0,30,000,00,9,0,05,B01
200700008747,0,07,000,00,2,4,01,B01
200700008747,0,07,000,00,2,1,02,A01
200700008747,0,07,000,00,2,4,01,C01
200700008747,0,07,000,00,2,4,23,D01
200700008748,0,07,000,00,2,7,15,A01
200700008748,0,30,000,00,2,1,01,B01
200700008749,0,99,000,00,2,1,17,A01
200700008749,0,07,000,00,2,3,15,B01
200700008750,0,17,000,00,2,2,01,A01
200700008750,0,07,000,08,2,4,16,B01
200700008751,2,07,000,00,2,8,13,A01
200700008751,0,07,000,00,2,7,01,B01
200700008752,0,02,000,00,2,1,13,A01
200700008752,0,07,000,00,2,1,01,C01
200700008752,0,07,000,00,2,3,01,B01
200700008753,0,07,000,00,2,5,16,A01
200700008753,0,07,000,00,2,1,01,B01
200700008754,0,07,000,00,2,3,10,A01
200700008754,0,30,000,00,2,2,01,B01
200700008755,0,07,000,00,2,1,01,A01
200700008755,0,07,000,00,2,3,15,B01
200700008756,0,07,000,00,2,1,01,A01
200700008756,0,32,000,00,2,4,01,B01
200700008757,0,07,000,03,0,3,01,A01
200700008758,0,07,000,00,2,3,10,A01
200700008758,0,33,000,00,2,2,01,B01
200700008759,0,07,000,00,2,2,00,A01
200700008759,0,33,000,00,2,1,01,B01
200700008760,0,07,000,00,2,1,15,A01
200700008760,0,31,000,00,2,1,01,B01
200700008761,0,02,000,00,2,1,02,A01
200700008761,0,07,000,00,0,0,00,B01
200700008762,0,07,000,00,2,3,05,A01
200700008762,0,07,000,00,2,1,01,B01
200700008763,0,30,000,00,2,1,01,A01
200700008763,0,07,000,00,2,6,10,B01
200700008764,0,07,000,00,1,4,04,A01
200700008765,0,32,000,00,2,1,01,A01
200700008765,0,07,000,00,0,4,23,B01
200700008766,0,07,000,00,2,7,01,B01
200700008766,0,07,000,00,2,3,01,A01
200700008767,0,07,000,00,1,3,01,A01
200700008768,0,07,000,00,2,2,10,A01
200700008768,0,31,000,00,2,1,01,B01
200700008769,0,07,000,00,2,1,02,A01
200700008769,0,07,000,00,2,4,02,B01
200700008770,0,07,000,00,1,2,00,A01
200700008771,0,02,000,00,1,0,00,A01
200700008772,0,07,000,00,2,1,15,A01
200700008772,0,07,000,00,2,1,01,B01
200700008773,0,07,000,00,2,7,15,A01
200700008773,0,10,000,00,2,1,01,B01
200700008774,0,07,000,00,1,1,01,A01
200700008775,0,07,000,00,1,2,01,A01
200700008776,0,07,000,00,1,3,01,A01
200700008777,0,07,000,00,1,2,01,A01
200700008778,0,07,000,00,2,1,11,A01
200700008778,0,07,000,00,2,7,01,B01
200700008778,0,07,000,00,2,5,01,C01
200700008779,0,07,000,00,2,8,11,A01
200700008779,0,07,000,00,2,7,17,B01
200700008779,0,15,000,00,2,6,01,C01
200700008780,0,07,000,00,1,1,01,A01
200700008781,0,07,000,00,2,7,16,A01
200700008781,0,02,000,00,2,1,01,B01
200700008782,0,07,000,00,2,3,17,A01
200700008782,0,07,000,00,2,3,01,B01
200700008783,0,07,000,08,0,1,00,A01
200700008784,0,07,000,00,2,2,15,A01
200700008784,0,31,000,00,2,1,15,B01
200700008785,0,30,000,00,2,0,01,A01
200700008785,1,07,000,00,2,0,15,B01
200700008786,0,07,000,00,2,5,15,A01
200700008786,0,30,000,00,2,1,01,B01
200700008787,0,07,000,00,1,1,01,A01
200700008788,0,07,000,00,4,8,15,A01
200700008788,0,40,000,00,2,2,01,B01
200700008789,0,07,000,00,1,4,04,A01
200700008790,0,07,000,00,2,7,01,A01
200700008790,0,02,000,00,2,1,01,B01
200700008791,0,07,000,00,2,1,15,A01
200700008791,0,07,000,00,2,2,01,B01
200700008792,0,07,000,00,1,1,16,A01
200700008793,0,30,000,00,2,1,01,A01
200700008793,0,07,000,00,2,2,16,B01
200700008794,0,07,000,00,0,2,02,A01
200700008794,0,30,000,00,0,4,02,B01
200700008795,0,07,000,00,2,3,15,A01
200700008795,0,30,000,00,2,1,01,B01
200700008795,0,30,000,00,2,1,01,C01
200700008796,0,07,000,00,1,1,16,A01
200700008797,0,02,000,00,2,1,09,A01
200700008797,0,07,000,00,2,1,01,B01
200700008797,0,07,000,00,2,6,01,C01
200700008798,0,07,000,00,0,8,01,B01
200700008798,0,07,000,00,2,1,00,A01
200700008799,0,02,000,00,2,1,15,A01
200700008799,0,07,000,00,2,1,01,B01
200700008800,0,07,000,06,0,1,13,A01
200700008801,0,07,000,00,2,1,02,A01
200700008801,0,07,000,00,2,4,02,B01
200700008802,0,07,000,00,2,1,01,B01
200700008802,0,07,000,14,2,2,19,A01
200700008802,0,07,000,00,2,1,23,C01
200700008803,0,01,000,00,2,1,01,A01
200700008803,0,07,000,00,2,1,15,B01
200700008804,0,07,000,00,2,8,15,A01
200700008804,0,33,000,00,2,1,01,B01
200700008805,0,07,000,00,2,1,01,A01
200700008805,0,07,000,00,2,1,01,B01
200700008806,0,33,000,10,0,1,01,A01
200700008807,0,07,000,00,2,1,02,A01
200700008807,0,07,000,00,2,4,02,B01
200700008808,0,07,000,00,2,1,01,B01
200700008808,0,07,000,00,2,1,01,A01
200700008809,0,10,000,00,2,1,02,A01
200700008809,0,07,000,00,2,4,02,B01
200700008809,0,07,000,00,2,4,02,C01
200700008810,0,07,000,00,1,1,16,A01
200700008811,0,07,000,00,2,8,20,A01
200700008811,0,02,000,00,2,1,01,B01
200700008812,0,07,000,00,2,1,01,A01
200700008812,0,07,000,01,0,1,01,B01
200700008813,0,30,000,00,2,1,01,B01
200700008813,0,07,000,00,2,2,15,A01
200700008814,0,10,000,00,1,1,01,A01
200700008815,0,33,000,00,2,2,01,B01
200700008815,0,10,000,00,2,1,15,A01
200700008816,0,07,000,13,0,1,14,A01
200700008817,0,07,000,00,2,5,19,A01
200700008817,0,33,000,00,2,8,01,B01
200700008818,0,38,001,00,2,6,23,B01
200700008818,0,07,000,00,2,2,12,A01
200700008819,0,30,000,00,2,1,02,B01
200700008819,0,07,000,00,1,3,02,A01
200700008820,0,07,000,00,2,3,01,A01
200700008820,0,07,000,00,2,2,01,B01
200700008821,0,07,000,00,2,3,15,A01
200700008821,0,01,000,00,2,1,01,B01
200700008822,0,07,000,00,0,2,01,A01
200700008822,0,30,000,00,2,4,23,B01
200700008822,0,07,000,00,0,4,23,C01
200700008823,0,02,000,00,2,3,01,B01
200700008823,0,01,000,00,2,7,12,A01
200700008824,0,07,000,00,2,1,01,B01
200700008824,0,07,000,07,2,7,01,A01
200700008825,0,07,000,00,2,8,15,A01
200700008825,0,30,000,00,2,1,17,B01
200700008826,0,07,000,00,1,5,04,A01
200700008827,0,07,000,00,0,0,01,A01
200700008828,0,30,000,00,2,1,13,A01
200700008828,0,07,000,00,2,3,01,B01
200700008829,0,07,000,00,2,2,15,A01
200700008829,0,07,000,00,2,1,01,B01
200700008830,0,07,000,09,0,1,14,A01
200700008831,0,33,000,00,2,1,01,B01
200700008831,0,10,000,00,2,5,15,A01
200700008832,0,20,000,00,2,1,01,A01
200700008832,0,07,000,00,2,2,01,B01
200700008833,0,33,000,11,0,1,01,A01
200700008834,1,07,000,00,2,1,01,A01
200700008834,0,02,000,00,2,4,15,B01
200700008835,0,07,000,01,2,1,01,A01
200700008836,0,07,000,06,0,1,01,A01
200700008837,0,02,000,12,0,0,01,A01
200700008837,0,07,000,00,0,0,15,B01
200700008838,0,30,000,00,2,1,02,B01
200700008838,1,07,000,00,2,0,15,A01
200700008839,0,07,000,00,1,1,01,A01
200700008840,0,07,000,00,2,3,01,B01
200700008840,0,07,000,00,2,1,16,A01
200700008841,0,10,000,00,1,4,04,A01
200700008842,0,10,000,00,2,1,01,A01
200700008842,0,07,000,00,2,8,01,B01
200700008843,0,07,000,00,2,2,01,A01
200700008843,0,07,000,00,2,1,01,B01
200700008844,0,07,000,00,2,2,17,A01
200700008844,0,07,000,00,2,8,14,B01
200700008845,0,02,000,00,2,2,17,A01
200700008845,0,99,000,00,2,3,10,B01
200700008846,0,07,000,00,1,1,01,A01
200700008847,0,07,000,00,2,7,01,B01
200700008847,0,02,000,00,2,1,03,A01
200700008848,0,07,000,00,0,8,19,A01
200700008848,0,14,000,00,2,1,01,B01
200700008849,0,01,000,00,2,1,01,A01
200700008849,0,07,000,00,2,4,23,B01
200700008850,0,07,000,00,2,1,15,B01
200700008850,0,02,000,00,2,2,01,A01
200700008851,0,07,000,00,2,1,15,A01
200700008851,0,07,000,00,2,2,01,B01
200700008852,0,07,000,00,2,1,02,A01
200700008852,0,02,000,00,2,1,01,B01
200700008853,0,10,000,00,1,4,04,A01
200700008854,0,07,000,00,2,7,01,A01
200700008854,0,07,000,00,2,1,01,B01
200700008855,0,07,000,00,2,7,15,A01
200700008855,0,07,000,00,2,1,01,B01
200700008856,0,07,000,00,2,2,13,A01
200700008856,0,07,000,00,2,1,01,C01
200700008856,0,07,000,00,2,3,15,B01
200700008857,0,07,000,00,2,3,01,A01
200700008857,0,07,000,00,2,2,01,B01
200700008858,0,07,000,00,2,1,01,A01
200700008858,0,07,000,00,2,2,01,B01
200700008859,0,07,000,02,0,3,13,A01
200700008860,0,99,000,00,0,0,00,A01
200700008860,0,30,000,00,0,0,00,B01
200700008861,0,07,000,06,2,1,01,A01
200700008861,0,07,000,06,2,3,05,B01
200700008862,0,07,000,00,1,1,01,A01
200700008863,0,07,000,00,1,2,01,A01
200700008864,0,07,000,01,0,9,01,A01
200700008865,0,02,000,00,2,3,01,A01
200700008865,0,07,000,00,2,2,01,B01
200700008866,1,07,000,00,2,7,01,A01
200700008866,0,02,000,00,2,8,01,B01
200700008867,1,31,000,00,9,0,00,A01
200700008867,0,01,000,00,0,0,01,B01
200700008868,1,07,000,00,0,0,13,A01
200700008868,0,32,000,00,0,0,01,B01
200700008869,0,33,000,00,0,1,21,B01
200700008869,0,07,000,00,2,3,23,A01
200700008870,0,07,000,00,2,1,01,A01
200700008870,0,02,000,00,2,4,01,B01
200700008871,0,30,000,00,2,8,07,A01
200700008871,0,07,000,00,9,2,16,B01
200700008872,0,02,000,00,2,1,01,A01
200700008872,0,07,000,00,0,4,23,B01
200700008873,0,02,000,00,2,8,01,A01
200700008873,0,07,000,00,2,1,01,B01
200700008874,0,07,000,08,0,1,14,A01
200700008875,0,30,000,00,0,0,01,A01
200700008876,0,07,000,06,2,1,01,A01
200700008876,0,07,000,00,2,1,01,B01
200700008877,0,30,000,00,4,1,15,A01
200700008877,0,40,000,00,2,7,01,B01
200700008878,1,07,000,00,1,1,01,A01
200700008879,0,07,000,00,1,7,01,A01
200700008880,0,01,000,00,1,1,01,A01
200700008881,0,07,000,00,2,2,15,A01
200700008881,0,02,000,00,2,1,01,B01
200700008882,0,07,000,00,2,0,00,B01
200700008882,0,02,000,00,2,0,00,A01
200700008883,0,07,000,00,0,1,15,A01
200700008883,0,30,000,00,2,1,01,B01
200700008884,0,07,000,08,2,1,01,A01
200700008884,0,07,000,00,2,8,15,B01
200700008885,0,07,000,08,0,1,14,A01
200700008886,0,30,000,00,2,1,01,A01
200700008886,0,07,000,00,2,5,01,B01
200700008887,0,07,000,15,2,1,01,A01