Num_Acc,senc,catv,occutc,obs,obsm,choc,manv,num_veh
200700008887,0,07,000,00,2,2,01,B01
200700008888,0,07,000,00,2,8,06,A01
200700008888,0,33,000,00,2,7,06,B01
200700008889,0,10,000,00,1,1,01,A01
200700008890,0,07,000,00,2,2,16,A01
200700008890,0,01,000,00,2,0,01,B01
200700008891,0,07,000,00,2,5,15,A01
200700008891,0,30,000,00,2,1,01,B01
200700008892,0,07,000,00,2,1,02,A01
200700008892,0,07,000,00,2,4,01,B01
200700008893,0,02,000,00,0,0,00,A01
200700008894,0,07,000,00,2,2,16,A01
200700008894,0,02,000,00,2,8,01,B01
200700008895,0,07,000,00,2,1,01,A01
200700008895,0,07,000,00,2,8,01,B01
200700008896,0,10,000,00,2,1,15,A01
200700008896,0,07,000,01,2,1,01,B01
200700008897,0,07,000,00,2,1,02,A01
200700008897,0,07,000,00,2,4,02,B01
200700008898,0,07,000,13,2,2,01,A01
200700008898,0,07,000,00,2,4,01,B01
200700008898,0,07,000,00,2,2,01,C01
200700008898,0,07,000,00,2,3,00,D01
200700008899,0,07,000,00,2,3,01,B01
200700008899,0,07,000,00,2,3,13,A01
200700008899,0,07,000,00,9,1,02,C01
200700008900,1,07,000,00,1,4,04,A01
200700008901,0,07,000,00,2,2,01,A01
200700008901,0,07,000,00,2,1,01,B01
200700008901,0,07,000,00,2,6,01,C01
200700008902,0,07,000,00,2,7,15,A01
200700008902,0,30,000,00,2,1,01,B01
200700008903,0,33,000,00,2,1,01,B01
200700008903,0,07,000,00,2,8,15,A01
200700008904,0,07,000,00,1,1,01,A01
200700008905,0,02,000,00,2,1,01,A01
200700008905,0,07,000,00,2,1,15,B01
200700008906,0,01,000,00,2,8,01,B01
200700008906,0,07,000,00,2,1,09,A01
200700008907,0,07,000,00,2,1,02,A01
200700008907,0,07,000,00,2,4,23,B01
200700008908,0,07,000,00,2,1,16,B01
200700008908,0,07,000,00,2,0,01,A01
200700008909,0,01,000,00,2,7,01,B01
200700008909,0,07,000,00,2,1,15,A01
200700008910,0,02,000,12,0,0,14,A01
200700008911,0,31,000,00,2,1,01,B01
200700008911,0,07,000,00,2,7,15,A01
200700008912,0,02,000,00,2,1,00,A01
200700008912,0,07,000,00,2,3,01,B01
200700008913,1,30,000,00,2,0,02,A01
200700008913,0,33,000,00,2,0,01,B01
200700008914,0,07,000,00,2,1,02,A01
200700008914,0,10,000,00,2,4,23,B01
200700008915,0,33,000,00,2,1,13,A01
200700008915,0,07,000,00,2,8,01,B01
200700008915,0,07,000,00,1,1,02,C01
200700008915,0,07,000,00,2,6,01,D01
200700008916,0,07,000,00,2,3,01,B01
200700008916,0,07,000,00,2,8,01,A01
200700008917,0,07,000,00,2,1,15,A01
200700008917,0,07,000,00,2,3,01,B01
200700008918,0,07,000,00,2,3,02,B01
200700008918,0,30,000,00,0,0,02,A01
200700008919,0,10,000,00,1,1,01,A01
200700008920,0,31,000,00,1,1,01,A01
200700008921,0,10,000,14,2,1,01,A01
200700008921,0,33,000,00,2,4,23,B01
200700008922,0,02,000,00,2,1,01,A01
200700008922,0,07,000,00,2,4,23,B01
200700008923,0,10,000,08,0,1,14,A01
200700008923,0,07,000,00,0,0,15,B01
200700008924,0,07,000,00,2,2,01,A01
200700008924,0,14,000,00,2,6,01,B01
200700008925,0,07,000,00,2,1,15,A01
200700008925,0,02,000,00,2,1,01,B01
200700008926,0,02,000,00,2,1,02,A01
200700008926,0,07,000,00,2,4,23,B01
200700008927,0,07,000,00,1,0,01,A01
200700008928,0,07,000,00,2,3,09,A01
200700008928,0,02,000,00,2,7,01,B01
200700008929,0,07,000,08,2,2,17,A01
200700008929,0,07,000,00,2,3,15,B01
200700008930,0,07,000,02,0,8,14,A01
200700008931,0,07,000,00,1,1,01,A01
200700008932,0,07,000,00,1,3,01,A01
200700008933,0,07,000,13,0,0,01,A01
200700008934,0,01,000,00,2,0,13,A01
200700008934,0,02,000,00,2,0,17,B01
200700008935,0,07,000,00,2,3,15,A01
200700008935,0,33,000,00,2,1,01,B01
200700008936,0,02,000,00,0,1,00,A01
200700008937,0,07,000,00,2,1,15,B01
200700008937,0,07,000,00,2,9,01,A01
200700008937,0,07,000,00,2,8,01,C01
200700008937,0,07,000,00,2,1,01,E01
200700008937,0,01,000,00,2,0,01,D01
200700008938,0,07,000,00,2,1,15,A01
200700008938,0,30,000,00,2,1,01,B01
200700008939,2,07,000,00,2,0,01,A01
200700008939,0,07,000,00,2,8,15,B01
200700008940,0,01,000,00,2,8,01,B01
200700008940,0,07,000,00,2,1,09,A01
200700008941,0,07,000,00,1,1,01,A01
200700008942,0,37,001,00,2,1,02,A01
200700008942,0,07,000,00,2,4,02,B01
200700008943,0,10,000,00,2,7,01,A01
200700008943,0,07,000,00,2,1,01,B01
200700008944,0,07,000,00,2,3,15,A01
200700008944,0,02,000,00,2,1,01,B01
200700008945,0,07,000,00,1,1,15,A01
200700008946,0,07,000,00,2,7,15,A01
200700008946,0,02,000,00,2,1,01,B01
200700008947,0,30,000,00,2,8,17,A01
200700008947,0,07,000,00,2,3,15,B01
200700008948,0,01,000,00,2,0,11,A01
200700008948,0,07,000,00,2,1,01,B01
200700008949,0,07,000,15,0,7,05,A01
200700008950,0,07,000,00,2,3,15,A01
200700008950,0,30,000,00,2,1,01,B01
200700008951,0,07,000,13,0,1,01,A01
200700008952,0,14,000,12,0,7,15,A01
200700008953,0,01,000,00,1,1,15,B01
200700008954,1,07,000,00,2,0,16,A01
200700008954,0,01,000,00,2,8,01,B01
200700008955,0,07,000,00,2,3,15,A01
200700008955,0,07,000,00,2,3,01,B01
200700008956,0,02,000,12,0,0,01,A01
200700008957,0,01,000,00,0,0,00,A01
200700008958,0,07,000,00,2,6,04,A01
200700008958,0,07,000,00,2,2,01,B01
200700008959,0,07,000,00,2,1,01,A01
200700008959,0,07,000,00,2,4,15,B01
200700008960,0,02,000,00,1,1,01,A01
200700008961,0,33,000,15,0,8,17,A01
200700008962,0,02,000,00,2,1,01,B01
200700008962,0,07,000,00,2,1,15,A01
200700008963,0,30,000,15,0,1,02,B01
200700008963,0,30,000,00,2,2,02,A01
200700008964,0,02,000,14,0,1,01,A01
200700008965,0,02,000,00,2,2,17,A01
200700008965,0,07,000,00,2,8,15,B01
200700008966,0,07,000,13,0,1,14,A01
200700008967,0,07,000,00,1,2,01,A01
200700008968,0,32,000,00,2,1,02,A01
200700008968,0,32,000,00,2,4,01,B01
200700008969,0,07,000,00,2,5,09,A01
200700008969,0,30,000,00,2,1,01,B01
200700008970,0,07,000,00,2,1,01,A01
200700008970,0,07,000,00,2,3,01,B01
200700008971,0,07,000,00,2,8,22,A01
200700008971,0,02,000,00,2,1,01,B01
200700008972,0,32,000,00,2,7,01,B01
200700008972,0,07,000,00,2,1,09,A01
200700008973,0,02,000,00,2,1,15,A01
200700008973,0,07,000,00,2,1,01,B01
200700008974,0,10,000,00,2,1,02,A01
200700008974,0,07,000,00,2,4,02,B01
200700008974,0,07,000,00,2,4,02,C01
200700008974,0,07,000,00,2,4,02,D01
200700008975,0,07,000,00,2,4,09,A01
200700008975,0,33,000,00,2,1,01,B01
200700008976,0,07,000,01,2,1,01,B01
200700008976,0,07,000,00,2,2,24,C01
200700008976,0,07,000,00,2,1,13,A01
200700008977,0,07,000,00,2,1,01,B01
200700008977,0,07,000,00,2,8,10,A01
200700008978,0,07,000,00,2,7,10,A01
200700008978,0,33,000,00,2,1,01,B01
200700008979,0,07,000,00,2,1,01,B01
200700008979,1,07,000,00,2,1,13,A01
200700008980,0,07,000,00,1,2,01,A01
200700008981,0,07,000,00,0,5,01,A01
200700008981,0,07,000,00,2,1,01,B01
200700008982,0,07,000,00,1,3,01,A01
200700008983,0,07,000,00,2,1,02,A01
200700008983,0,07,000,00,2,4,23,B01
200700008984,0,07,000,11,2,3,17,A01
200700008984,0,02,000,00,2,3,01,B01
200700008985,0,07,000,00,2,6,16,A01
200700008985,0,30,000,00,2,1,01,B01
200700008986,0,02,000,00,2,1,01,B01
200700008986,0,07,000,00,2,2,09,A01
200700008987,0,07,000,01,0,1,00,A01
200700008988,0,07,000,00,2,3,00,B01
200700008988,0,30,000,00,2,3,00,A01
200700008989,0,07,000,00,1,3,15,A01
200700008990,0,07,000,00,1,1,01,A01
200700008991,0,15,000,00,2,6,17,A01
200700008991,0,07,000,00,2,8,01,B01
200700008992,0,02,000,00,2,1,01,A01
200700008992,0,02,000,00,0,5,01,B01
200700008993,0,07,000,00,1,1,01,A01
200700008994,0,07,000,02,0,1,01,A01
200700008995,0,07,000,00,2,4,23,A01
200700008995,0,30,000,00,2,1,02,B01
200700008996,0,07,000,00,1,1,01,A01
200700008997,0,07,000,00,2,1,01,A01
200700008997,0,07,000,00,2,4,23,B01
200700008998,0,07,000,06,0,1,13,A01
200700008999,0,07,000,00,2,1,01,B01
200700008999,0,07,000,00,2,3,15,A01
200700009000,0,10,000,00,2,1,21,A01
200700009000,0,07,000,00,2,4,23,B01
200700009001,0,02,000,00,2,1,13,A01
200700009001,0,10,000,00,2,3,01,B01
200700009002,0,07,000,01,2,1,13,A01
200700009002,0,07,000,00,2,1,01,B01
200700009003,0,07,000,00,2,1,02,A01
200700009003,0,07,000,00,2,4,02,B01
200700009004,0,07,000,00,2,4,09,A01
200700009004,0,15,000,00,2,1,02,B01
200700009005,0,07,000,00,2,1,02,A01
200700009005,0,07,000,00,2,4,02,B01
200700009005,0,07,000,00,2,4,15,C01
200700009006,0,07,000,00,2,2,15,A01
200700009006,0,30,000,00,2,1,01,B01
200700009007,0,17,000,00,2,1,13,A01
200700009007,0,07,000,00,2,6,02,B01
200700009008,0,07,000,00,1,2,02,A01
200700009009,0,07,000,00,2,1,01,A01
200700009009,0,07,000,00,0,4,23,B01
200700009010,0,30,000,00,2,3,16,A01
200700009010,0,07,000,00,9,3,01,B01
200700009011,0,07,000,00,2,2,13,A01
200700009011,0,07,000,00,2,3,01,B01
200700009012,0,07,000,06,0,1,01,A01
200700009013,0,07,000,00,1,1,02,A01
200700009014,0,07,000,00,2,1,05,A01
200700009014,0,15,000,03,2,1,01,B01
200700009015,0,30,000,00,2,7,01,A01
200700009015,0,07,000,00,2,1,01,B01
200700009016,0,07,000,00,2,1,15,A01
200700009016,0,07,000,00,2,1,01,B01
200700009017,0,07,000,00,2,1,01,A01
200700009017,0,07,000,00,2,4,01,B01
200700009017,0,07,000,00,2,4,01,C01
200700009018,0,07,000,00,2,1,01,B01
200700009018,0,10,000,00,2,2,01,A01
200700009019,0,07,000,00,1,1,11,A01
200700009020,0,14,000,00,1,4,04,A01
200700009021,0,02,000,00,1,1,20,A01
200700009022,0,07,000,00,1,3,15,A01
200700009023,0,07,000,00,2,1,10,A01
200700009023,0,33,000,00,2,3,01,B01
200700009024,0,07,000,00,2,1,01,B01
200700009024,0,07,000,09,2,7,01,A01
200700009025,0,01,000,00,2,3,01,A01
200700009025,0,07,000,00,2,3,09,B01
200700009026,0,07,000,00,2,1,01,B01
200700009026,0,07,000,00,2,6,15,A01
200700009027,0,30,000,00,0,0,01,B01
200700009028,0,07,000,00,1,2,01,A01
200700009029,0,07,000,00,2,1,01,A01
200700009029,0,07,000,00,0,4,02,B01
200700009030,0,07,000,00,2,1,02,A01
200700009030,0,07,000,00,0,1,01,B01
200700009030,1,07,000,00,0,0,09,C01
200700009031,0,07,000,00,1,2,01,A01
200700009032,0,02,000,00,2,1,01,A01
200700009032,0,07,000,00,2,4,01,B01
200700009033,0,07,000,00,2,3,01,A01
200700009033,0,01,000,00,2,1,01,B01
200700009034,0,07,000,00,2,2,15,A01
200700009034,0,02,000,00,2,1,01,B01
200700009035,0,07,000,00,2,4,00,A01
200700009035,0,07,000,00,2,1,01,B01
200700009036,0,07,000,00,2,1,01,A01
200700009036,0,07,000,00,2,8,01,B01
200700009037,0,07,000,00,2,1,15,A01
200700009037,0,07,000,00,2,4,15,B01
200700009038,0,07,000,00,2,1,10,A01
200700009038,0,07,000,00,2,7,01,B01
200700009039,0,07,000,00,2,4,23,C01
200700009039,0,07,000,00,2,1,01,A01
200700009039,0,07,000,00,2,4,23,B01
200700009040,0,02,000,00,1,1,01,A01
200700009041,1,07,000,00,2,1,01,A01
200700009041,0,02,000,00,2,4,01,B01
200700009042,0,07,000,00,2,2,15,A01
200700009042,0,07,000,00,2,1,01,B01
200700009043,0,07,000,00,2,3,10,A01
200700009043,0,01,000,00,2,2,21,B01
200700009044,0,10,000,00,2,2,12,A01
200700009044,0,07,000,08,2,1,01,B01
200700009045,0,14,000,00,2,1,15,A01
200700009045,0,07,000,00,2,1,01,B01
200700009046,0,07,000,00,2,4,01,A01
200700009046,1,07,000,00,2,1,01,B01
200700009047,0,31,000,00,2,1,01,A01
200700009047,0,07,000,00,2,4,23,B01
200700009048,0,07,000,00,1,1,16,A01
200700009049,0,07,000,00,2,6,01,A01
200700009049,0,07,000,00,2,2,02,B01
200700009050,0,07,000,07,0,1,13,A01
200700009051,0,31,000,00,2,1,01,B01
200700009051,0,10,000,00,0,8,15,A01
200700009052,0,07,000,00,1,2,01,A01
200700009053,0,33,000,00,2,1,01,B01
200700009053,0,07,000,00,2,3,15,A01
200700009054,0,07,000,13,0,9,01,A01
200700009055,0,07,000,00,2,1,01,A01
200700009055,0,07,000,00,2,4,01,B01
200700009056,0,07,000,08,0,1,01,A01
200700009057,0,07,000,00,1,3,15,A01
200700009058,0,07,000,00,1,0,04,A01
200700009059,0,07,000,00,2,8,01,A01
200700009059,0,01,000,00,2,1,01,B01
200700009060,0,07,000,00,1,1,01,A01
200700009061,0,07,000,08,0,1,01,A01
200700009062,0,01,000,00,2,6,01,B01
200700009062,0,07,000,00,2,1,01,A01
200700009063,0,38,000,00,1,7,01,A01
200700009064,0,37,000,09,1,0,00,A01
200700009065,0,07,000,00,2,2,15,A01
200700009065,0,30,000,00,2,1,01,B01
200700009066,0,07,000,00,2,3,01,B01
200700009066,0,07,000,00,2,2,15,A01
200700009067,0,07,000,01,0,1,01,A01
200700009068,0,07,000,01,0,1,01,A01
200700009069,0,14,000,13,0,7,01,A01
200700009070,0,07,000,00,1,4,01,A01
200700009071,0,07,000,00,2,1,01,B01
200700009071,0,02,000,00,2,1,05,A01
200700009072,0,07,000,00,2,3,01,A01
200700009072,0,30,000,00,2,1,05,B01
200700009073,0,07,000,00,2,1,01,A01
200700009073,0,07,000,04,2,4,01,B01
200700009074,0,07,000,12,0,1,01,A01
200700009075,0,30,000,00,0,0,01,A01
200700009076,0,07,000,00,1,1,01,A01
200700009077,0,02,000,00,0,2,01,A01
200700009078,0,33,000,00,0,7,01,A01
200700009079,0,07,000,00,2,1,01,A01
200700009079,0,07,000,00,2,1,01,B01
200700009080,0,14,000,00,2,2,01,A01
200700009080,0,07,000,00,2,1,01,B01
200700009081,0,07,000,00,2,3,13,A01
200700009081,0,07,000,00,2,0,01,B01
200700009082,0,07,000,00,1,1,01,A01
200700009083,0,07,000,00,1,0,16,A01
200700009084,0,07,000,00,2,1,02,A01
200700009084,0,07,000,00,2,4,02,B01
200700009085,0,30,000,00,0,8,01,A01
200700009086,0,07,000,00,2,1,15,A01
200700009086,0,02,000,00,2,1,01,B01
200700009087,0,07,000,00,2,3,01,A01
200700009087,0,30,000,00,2,1,01,B01
200700009088,0,07,000,00,2,1,15,A01
200700009088,0,07,000,00,2,3,01,B01
200700009089,0,07,000,00,1,2,01,A01
200700009090,0,31,000,00,2,1,01,A01
200700009090,0,07,000,00,0,6,20,B01
200700009091,0,07,000,00,2,2,16,A01
200700009091,0,30,000,00,0,9,16,B01
200700009092,0,07,000,00,1,6,04,A01
200700009093,0,07,000,00,1,1,20,A01
200700009094,0,07,000,00,0,9,01,A01
200700009094,1,07,000,00,0,0,17,B01
200700009095,0,07,000,00,1,0,24,A01
200700009096,0,07,000,00,2,7,00,B01
200700009096,0,30,000,00,2,1,01,A01
200700009097,1,02,000,00,1,1,01,A01
200700009098,0,07,000,00,1,2,00,A01
200700009099,0,07,000,00,1,1,01,A01
200700009100,0,07,000,00,1,3,01,A01
200700009101,0,15,000,00,2,1,01,B01
200700009101,0,10,000,00,1,3,15,A01
200700009102,0,07,000,00,2,0,15,A01
200700009102,0,02,000,00,2,2,01,B01
200700009103,0,02,000,00,2,1,01,B01
200700009103,0,07,000,00,2,2,09,A01
200700009104,0,07,000,00,2,1,01,B01
200700009104,0,07,000,00,2,2,09,A01
200700009105,0,30,000,00,2,1,01,A01
200700009105,0,07,000,00,2,5,01,B01
200700009106,0,10,000,00,2,8,01,A01
200700009106,0,07,000,00,2,1,01,B01
200700009107,0,07,000,00,1,1,01,A01
200700009108,0,07,000,00,0,7,00,A01
200700009108,0,07,000,00,2,1,00,B01
200700009109,0,33,000,00,2,8,01,B01
200700009109,0,07,000,00,9,2,10,A01
200700009110,0,07,000,00,2,3,01,B01
200700009110,0,07,000,00,2,2,09,A01
200700009111,0,07,000,00,2,3,13,A01
200700009111,0,07,000,00,2,3,01,B01
200700009112,0,07,000,00,2,2,15,A01
200700009112,0,07,000,00,2,7,01,B01
200700009113,0,07,000,00,1,1,15,A01
200700009114,0,01,000,00,2,8,01,A01
200700009114,0,07,000,00,9,8,01,B01
200700009115,0,07,000,06,0,3,13,A01
200700009116,0,30,000,00,2,1,01,A01
200700009117,0,07,000,00,1,1,01,A01
200700009118,0,02,000,00,2,1,01,B01
200700009118,0,07,000,00,2,3,19,A01
200700009119,0,07,000,04,0,3,01,A01
200700009120,0,07,000,00,1,1,01,A01
200700009121,0,07,000,00,1,2,15,A01
200700009122,0,07,000,15,0,2,01,A01
200700009123,1,07,000,00,1,1,01,A01
200700009124,0,07,000,00,1,3,01,A01
200700009125,0,07,000,03,0,2,15,A01
200700009126,0,07,000,00,2,1,02,A01
200700009126,0,07,000,00,2,4,02,B01
200700009127,0,07,000,00,0,0,01,A01
200700009128,0,07,000,01,0,2,01,A01
200700009128,0,07,000,00,2,6,23,B01
200700009129,0,07,000,00,1,3,01,A01
200700009130,0,07,000,16,0,0,01,A01
200700009131,0,07,000,13,0,1,01,A01
200700009131,0,07,000,00,2,4,01,B01
200700009131,0,07,000,00,2,1,02,C01
200700009132,0,07,000,00,2,1,01,A01
200700009132,0,07,000,00,2,4,02,B01
200700009132,0,07,000,00,0,4,02,C01
200700009133,0,07,000,00,2,7,01,B01
200700009133,0,02,000,00,2,1,16,A01
200700009134,0,07,000,00,2,2,01,A01
200700009134,0,07,000,00,2,3,01,B01
200700009135,0,07,000,00,2,8,01,B01
200700009135,0,07,000,00,2,1,15,A01
200700009135,0,07,000,00,2,3,01,C01
200700009136,0,02,000,12,0,1,00,A01
200700009137,0,07,000,00,1,4,04,A01
200700009138,0,07,000,15,0,2,01,A01
200700009139,0,07,000,00,2,1,15,A01
200700009139,0,01,000,00,2,1,23,B01
200700009140,0,07,000,00,0,6,15,A01
200700009140,0,02,000,00,2,1,17,B01
200700009141,0,07,000,00,2,1,01,A01
200700009141,0,07,000,15,2,6,00,B01
200700009142,0,07,000,00,2,1,01,A01
200700009142,0,10,000,00,2,4,01,B01
200700009142,0,07,000,00,2,4,01,C01
200700009143,0,33,000,00,0,8,17,A01
200700009143,0,07,000,00,0,0,00,B01
200700009144,0,07,000,00,1,3,15,A01
200700009145,0,01,000,00,2,7,02,A01
200700009145,0,07,000,00,2,1,02,B01
200700009146,0,33,000,00,2,3,21,B01
200700009146,0,07,000,00,2,5,09,A01
200700009147,0,07,000,00,1,1,01,A01
200700009148,0,13,000,00,2,3,13,A01
200700009148,0,07,000,00,2,2,17,B01
200700009149,0,30,000,12,0,1,01,A01
200700009150,0,07,000,00,2,1,13,A01
200700009150,0,07,000,00,2,1,01,B01
200700009151,0,02,000,00,2,1,01,A01
200700009151,0,07,000,00,2,3,11,B01
200700009152,0,07,000,00,2,8,02,A01
200700009152,0,07,000,00,2,1,01,B01
200700009153,0,07,000,00,1,1,01,A01
200700009154,0,07,000,00,2,1,20,A01
200700009154,0,02,000,00,2,1,01,B01
200700009155,0,10,000,00,2,1,01,A01
200700009155,0,07,000,00,2,4,01,B01
200700009155,0,07,000,00,2,4,01,C01
200700009156,0,07,000,00,2,7,15,A01
200700009156,0,10,000,00,2,1,01,B01
200700009157,0,30,000,00,2,1,17,A01
200700009157,0,07,000,00,2,3,15,B01
200700009158,0,07,000,00,2,1,01,B01
200700009158,0,07,000,00,2,8,16,A01
200700009159,0,07,000,00,1,1,01,A01
200700009160,1,07,000,00,2,0,15,A01
200700009160,0,02,000,00,2,8,01,B01
200700009161,0,37,001,01,1,2,20,A01
200700009161,0,07,000,00,2,8,23,B01
200700009162,0,07,000,00,1,1,01,A01
200700009163,0,01,000,00,1,7,15,A01
200700009163,0,07,000,00,2,1,01,B01
200700009164,0,07,000,07,0,1,01,A01
200700009165,0,07,000,00,1,1,16,A01
200700009166,0,02,000,00,2,1,01,B01
200700009166,0,07,000,00,2,3,15,A01
200700009167,0,01,000,00,2,1,01,B01
200700009167,0,07,000,00,1,2,19,A01
200700009168,0,07,000,00,2,3,15,B01
200700009168,0,01,000,00,2,1,17,A01
200700009169,0,07,000,00,2,1,15,A01
200700009169,0,32,000,00,2,1,01,B01
200700009170,0,07,000,08,0,1,01,A01
200700009171,0,01,000,00,2,1,19,A01
200700009171,0,07,000,00,2,1,01,B01
200700009172,0,07,000,00,2,6,10,A01
200700009172,0,33,000,00,2,1,01,B01
200700009173,0,02,000,00,2,1,01,A01
200700009173,0,07,000,00,2,6,00,B01
200700009174,0,33,000,00,2,1,02,A01
200700009174,0,07,000,00,2,4,13,B01
200700009174,0,07,000,00,0,0,11,C01
200700009175,0,02,000,00,1,1,03,A01
200700009175,0,07,000,00,2,8,01,B01
200700009175,0,07,000,00,2,6,01,C01
200700009176,0,10,000,00,1,2,01,A01
200700009177,0,07,000,01,1,2,02,A01
200700009178,0,07,000,00,2,5,15,A01
200700009178,0,34,000,00,2,1,01,B01
200700009179,0,37,001,00,1,2,16,A01
200700009180,2,30,000,00,1,1,01,A01
200700009181,0,07,000,00,1,1,01,A01
200700009182,0,07,000,00,2,8,01,B01
200700009182,0,07,000,00,2,1,01,A01
200700009183,0,30,000,00,2,1,15,A01
200700009183,0,07,000,00,2,2,17,B01
200700009184,0,07,000,00,2,2,01,B01
200700009184,0,07,000,00,2,3,15,A01
200700009185,0,07,000,01,0,2,01,A01
200700009186,0,07,000,00,2,1,01,A01
200700009186,0,02,000,00,2,4,01,B01
200700009187,0,07,000,00,2,1,01,A01
200700009187,0,07,000,00,2,4,01,B01
200700009188,0,07,000,00,2,1,01,A01
200700009188,0,07,000,00,2,8,15,B01
200700009189,0,07,000,00,0,0,01,A01
200700009189,0,30,000,00,0,0,17,B01
200700009190,0,03,000,00,2,3,01,A01
200700009190,0,07,000,00,2,5,15,B01
200700009191,0,07,000,00,1,1,15,B01
200700009192,0,07,000,00,1,1,01,A01
200700009193,0,02,000,00,2,1,01,A01
200700009193,0,07,000,00,2,1,15,B01
200700009194,0,07,000,00,2,1,01,A01
200700009194,0,07,000,00,2,4,23,B01
200700009195,0,07,000,00,1,1,01,A01
200700009196,0,07,000,04,0,1,01,A01
200700009197,1,07,000,00,9,2,11,A01
200700009197,0,33,000,00,2,2,01,B01
200700009198,0,07,000,00,2,1,01,A01
200700009198,0,07,000,00,1,9,23,B01
200700009199,0,07,000,00,1,2,02,A01
200700009200,0,07,000,00,1,0,15,A01
200700009201,0,07,000,00,2,8,10,A01
200700009201,0,07,000,00,2,1,17,B01
200700009202,0,07,000,00,1,1,02,A01
200700009203,0,07,000,00,1,2,01,A01
200700009204,0,07,000,00,1,1,16,A01
200700009205,0,07,000,00,1,1,16,A01
200700009206,0,02,000,00,2,1,02,B01
200700009206,0,07,000,00,2,8,05,A01
200700009207,0,07,000,00,1,1,01,A01
200700009208,0,07,000,03,0,1,01,A01
200700009209,0,07,000,00,1,0,04,A01
200700009210,0,07,000,00,2,2,20,A01
200700009210,0,02,000,00,2,1,01,B01
200700009211,0,03,000,00,2,1,01,A01
200700009211,0,07,000,00,2,4,01,B01
200700009211,0,07,000,00,2,4,15,C01
200700009212,0,07,000,15,1,1,01,A01
200700009213,0,07,000,16,0,1,01,A01
200700009214,0,07,000,08,0,1,01,A01
200700009215,0,07,000,06,0,1,01,A01
200700009216,0,33,000,00,2,8,01,B01
200700009216,1,07,000,00,0,0,01,A01
200700009217,0,07,000,00,2,1,01,A01
200700009217,0,07,000,00,0,6,01,B01
200700009218,0,07,000,00,2,2,17,A01
200700009218,0,01,000,00,2,8,13,B01
200700009219,0,07,000,00,2,8,13,A01
200700009219,0,07,000,00,0,2,01,B01
200700009220,0,07,000,00,2,1,01,B01
200700009220,0,07,000,00,2,1,01,C01
200700009220,0,07,000,00,0,2,15,A01
200700009221,0,07,000,00,2,8,01,A01
200700009221,0,07,000,00,2,1,01,B01
200700009222,0,07,000,00,1,0,01,A01
200700009223,0,07,000,00,1,3,01,A01
200700009224,0,01,000,00,2,1,01,B01
200700009224,0,07,000,00,2,0,15,A01
200700009225,0,07,000,06,0,1,13,A01
200700009226,1,07,000,00,1,0,00,A01
200700009227,1,07,000,00,0,0,00,A01
200700009227,0,07,000,00,2,4,23,B01
200700009228,1,07,000,00,1,0,00,A01
200700009229,0,30,000,00,2,1,01,B01
200700009229,0,07,000,00,2,3,15,A01
200700009230,0,07,000,00,2,3,01,B01
200700009230,0,07,000,00,2,3,13,A01
200700009231,0,07,000,00,2,9,10,A01
200700009231,0,31,000,00,2,9,01,B01
200700009232,0,31,000,01,2,9,01,B01
200700009232,0,07,000,00,2,1,01,A01
200700009233,0,07,000,00,2,3,01,B01
200700009233,0,07,000,00,2,3,15,A01
200700009234,0,07,000,00,2,6,01,C01
200700009234,0,07,000,00,2,1,01,B01
200700009234,0,07,000,16,2,1,01,A01
200700009235,0,07,000,00,1,0,01,A01
200700009236,0,07,000,01,2,9,01,B01
200700009236,1,07,000,00,2,0,01,A01
200700009237,0,07,000,00,2,1,02,A01
200700009237,0,07,000,00,2,0,02,C01
200700009237,0,07,000,00,2,4,23,B01
200700009238,0,33,000,01,2,1,01,A01
200700009239,1,07,000,00,1,0,00,A01
200700009240,0,07,000,02,0,7,18,A01
200700009241,0,07,000,08,0,7,00,A01
200700009242,0,07,000,00,2,8,16,B01
200700009242,0,07,000,00,2,1,01,A01
200700009243,0,07,000,00,2,5,01,A01
200700009243,0,07,000,00,2,1,09,B01
200700009244,0,07,000,00,0,5,02,A01
200700009244,0,33,000,00,2,1,02,B01
200700009245,0,07,000,00,2,1,19,A01
200700009245,0,07,000,00,2,1,19,B01
200700009246,0,07,000,00,2,3,01,A01
200700009246,0,07,000,07,2,1,01,B01
200700009247,0,07,000,00,0,0,00,A01
200700009247,0,02,000,00,0,0,00,B01
200700009248,0,07,000,00,1,3,01,A01
200700009249,0,02,000,14,2,1,06,A01
200700009250,0,02,000,01,0,7,01,A01
200700009251,0,02,000,00,2,1,01,A01
200700009251,0,07,000,00,9,1,01,B01
200700009252,0,01,000,00,2,0,01,A01
200700009252,1,07,000,00,1,0,00,B01
200700009253,0,07,000,00,2,1,13,A01
200700009253,0,07,000,00,2,1,01,B01
200700009254,0,02,000,00,2,1,01,B01
200700009254,2,07,000,00,2,6,09,A01
200700009255,0,07,000,00,1,1,01,A01
200700009256,0,02,000,00,1,1,01,A01
200700009257,0,07,000,01,0,1,01,A01
200700009258,0,07,000,00,2,1,16,A01
200700009258,0,30,000,00,2,1,01,B01
200700009259,0,07,000,00,2,1,01,A01
200700009259,0,02,000,00,2,4,01,B01
200700009260,0,07,000,00,2,1,15,A01
200700009260,0,07,000,00,2,3,01,B01
200700009261,2,07,000,00,2,2,10,A01