Num_Acc,senc,catv,occutc,obs,obsm,choc,manv,num_veh
200700009261,0,07,000,00,2,2,01,B01
200700009262,0,07,000,00,1,1,01,A01
200700009263,0,07,000,00,2,1,13,A01
200700009263,0,07,000,00,2,3,01,B01
200700009263,0,07,000,00,2,1,01,C01
200700009264,0,02,000,00,2,1,01,A01
200700009264,0,07,000,00,2,3,01,B01
200700009265,0,07,000,00,2,1,01,A01
200700009265,0,07,000,00,2,3,15,B01
200700009266,0,07,000,00,1,1,01,A01
200700009267,0,07,000,00,2,1,01,A01
200700009267,0,07,000,00,2,1,01,B01
200700009268,0,01,000,00,2,1,00,A01
200700009268,0,07,000,00,2,1,00,B01
200700009269,0,02,000,00,2,7,00,B01
200700009269,0,07,000,00,2,1,00,A01
200700009270,0,01,000,00,2,1,00,B01
200700009270,0,07,000,00,2,7,16,A01
200700009271,0,07,000,00,1,1,01,A01
200700009272,0,10,000,00,2,7,16,A01
200700009272,0,02,000,00,2,3,18,B01
200700009273,0,07,000,00,1,1,01,A01
200700009274,0,07,000,16,0,1,01,A01
200700009275,0,07,000,01,0,1,01,A01
200700009275,0,07,000,00,0,4,02,B01
200700009275,0,07,000,00,2,4,23,C01
200700009276,0,07,000,00,2,7,15,A01
200700009276,0,30,000,00,2,1,01,B01
200700009277,0,07,000,00,2,2,15,A01
200700009277,0,10,000,00,2,2,01,B01
200700009277,0,07,000,00,2,3,23,C01
200700009278,0,07,000,02,0,2,01,A01
200700009279,0,30,000,00,2,1,00,B01
200700009279,0,07,000,00,0,6,00,A01
200700009280,0,38,004,00,0,8,01,A01
200700009281,0,07,000,00,9,2,15,A01
200700009281,0,33,000,00,2,1,01,B01
200700009282,0,07,000,00,1,2,01,A01
200700009283,0,07,000,02,0,1,13,A01
200700009284,0,07,000,00,2,3,09,A01
200700009284,0,07,000,00,2,2,21,B01
200700009285,0,30,000,16,0,1,02,A01
200700009286,0,07,000,07,0,1,13,A01
200700009287,0,07,000,00,2,7,15,B01
200700009287,0,02,000,00,2,1,19,A01
200700009288,0,07,000,00,2,3,19,A01
200700009288,0,02,000,00,2,1,01,B01
200700009289,0,31,000,11,0,0,17,A01
200700009290,0,07,000,00,2,1,01,A01
200700009290,0,07,000,00,2,7,15,B01
200700009291,0,02,000,00,0,1,01,A01
200700009292,0,07,000,08,0,1,14,A01
200700009293,0,07,000,00,0,6,19,A01
200700009293,0,05,000,00,2,1,17,B01
200700009294,0,07,000,00,2,2,15,A01
200700009294,0,02,000,00,2,1,01,B01
200700009295,1,07,000,00,0,0,15,A01
200700009295,0,07,000,01,0,3,21,B01
200700009296,0,02,000,00,2,1,01,A01
200700009297,0,07,000,00,2,2,15,A01
200700009297,0,30,000,00,2,1,01,B01
200700009297,0,01,000,00,2,1,01,C01
200700009298,0,07,000,01,0,1,14,A01
200700009299,1,99,000,00,1,0,01,A01
200700009300,0,07,000,00,2,2,01,A01
200700009300,0,02,000,00,2,1,01,B01
200700009301,0,33,000,00,2,7,01,B01
200700009301,0,07,000,00,2,1,17,A01
200700009302,0,07,000,00,2,3,01,A01
200700009302,0,07,000,00,2,1,01,B01
200700009303,0,07,000,01,2,1,01,A01
200700009303,0,07,000,00,2,4,01,B01
200700009304,0,07,000,00,0,7,15,A01
200700009304,0,02,000,00,2,1,01,B01
200700009305,0,02,000,00,2,1,16,A01
200700009305,0,07,000,00,2,3,16,B01
200700009306,0,07,000,00,1,2,20,A01
200700009307,0,07,000,00,2,1,02,A01
200700009307,0,07,000,00,2,4,02,B01
200700009307,0,07,000,00,0,4,02,C01
200700009308,2,07,000,15,0,1,21,A01
200700009309,0,07,000,15,0,9,13,A01
200700009310,0,07,000,00,9,1,02,A01
200700009310,0,02,000,00,0,4,02,B01
200700009311,0,10,000,00,1,4,04,A01
200700009312,0,07,000,00,2,1,11,A01
200700009312,0,02,000,00,2,1,01,B01
200700009313,1,07,000,00,1,1,05,A01
200700009314,0,07,000,08,0,1,01,A01
200700009315,0,07,000,00,2,1,01,A01
200700009315,0,02,000,00,2,4,15,B01
200700009315,0,07,000,00,2,2,00,C01
200700009316,0,02,000,00,0,1,01,A01
200700009317,0,03,000,00,2,1,01,B01
200700009317,0,07,000,00,2,8,01,A01
200700009318,0,07,000,00,0,5,23,B01
200700009318,0,02,000,14,0,1,02,A01
200700009319,0,07,000,13,2,8,01,A01
200700009319,0,07,000,00,2,1,01,B01
200700009320,0,02,000,00,2,1,17,A01
200700009320,0,07,000,00,0,3,15,B01
200700009321,0,07,000,00,2,1,01,A01
200700009321,0,07,000,00,2,4,01,B01
200700009321,0,07,000,00,2,4,01,C01
200700009321,0,07,000,00,2,4,01,D01
200700009322,0,07,000,14,1,1,13,A01
200700009323,0,07,000,00,2,8,01,B01
200700009323,1,07,000,00,2,1,05,A01
200700009324,0,07,000,00,4,8,01,A01
200700009324,0,40,000,00,2,1,01,B01
200700009325,0,07,000,00,2,1,01,A01
200700009325,0,07,000,00,0,3,01,B01
200700009326,0,07,000,00,2,6,00,A01
200700009326,0,01,000,00,2,1,00,B01
200700009327,0,30,000,00,2,1,15,A01
200700009327,0,14,000,00,2,8,01,B01
200700009328,0,07,000,00,2,7,01,A01
200700009328,0,07,000,00,2,1,15,B01
200700009329,0,07,000,00,2,1,01,A01
200700009329,0,07,000,00,2,2,01,B01
200700009330,0,07,000,00,2,2,14,A01
200700009330,0,07,000,00,2,1,01,B01
200700009331,0,10,000,00,2,1,17,A01
200700009331,0,07,000,00,2,1,01,B01
200700009332,0,07,000,00,2,3,16,A01
200700009332,0,07,000,00,2,1,01,B01
200700009333,0,30,000,00,2,1,01,B01
200700009333,1,07,000,00,2,1,01,A01
200700009334,0,07,000,00,2,8,09,A01
200700009334,0,37,020,00,2,2,01,B01
200700009335,0,07,000,00,2,1,01,A01
200700009335,0,07,000,00,2,8,01,B01
200700009336,2,07,000,00,2,1,01,A01
200700009336,0,07,000,00,2,1,01,B01
200700009337,0,07,000,00,2,7,01,A01
200700009337,0,07,000,00,2,1,01,B01
200700009338,0,07,000,00,2,1,01,A01
200700009338,0,07,000,00,2,2,01,B01
200700009339,0,07,000,00,2,1,01,A01
200700009339,0,07,000,00,2,4,23,B01
200700009339,0,07,000,00,2,4,24,C01
200700009340,0,07,000,00,2,3,15,A01
200700009340,0,34,000,00,2,1,01,B01
200700009341,0,07,000,00,2,3,13,A01
200700009341,0,07,000,00,2,2,01,B01
200700009341,0,07,000,00,2,8,01,C01
200700009341,0,07,000,00,2,2,23,D01
200700009342,0,07,000,00,1,2,01,A01
200700009343,0,07,000,00,2,3,01,A01
200700009343,0,07,000,00,2,1,01,B01
200700009344,0,07,000,00,2,1,01,A01
200700009344,0,07,000,07,2,8,01,B01
200700009345,0,07,000,01,0,3,01,A01
200700009346,0,30,000,00,2,1,01,A01
200700009346,0,07,000,00,2,4,01,B01
200700009347,0,33,000,00,1,1,01,A01
200700009348,0,07,000,00,2,1,01,A01
200700009348,0,07,000,00,2,3,01,B01
200700009349,0,07,000,00,0,0,01,A01
200700009350,0,07,000,00,2,8,01,A01
200700009350,0,07,000,00,2,3,01,B01
200700009351,0,02,000,00,2,1,01,A01
200700009351,0,07,000,00,2,4,01,B01
200700009352,0,30,000,12,0,1,01,A01
200700009353,0,07,000,00,0,0,09,A01
200700009353,0,02,000,16,0,1,01,B01
200700009354,0,07,000,00,2,1,00,A01
200700009354,0,07,000,00,2,3,01,B01
200700009355,0,07,000,00,1,6,04,A01
200700009356,0,02,000,00,2,1,01,A01
200700009356,0,07,000,00,2,4,01,B01
200700009357,0,07,000,00,2,8,11,A01
200700009357,0,07,000,00,2,7,01,B01
200700009358,0,07,000,00,2,8,00,A01
200700009358,0,10,000,00,2,8,00,B01
200700009359,0,07,000,00,1,5,00,A01
200700009360,0,07,000,00,2,1,02,A01
200700009360,0,33,000,00,0,4,01,B01
200700009361,0,07,000,00,2,1,13,A01
200700009361,0,07,000,00,2,1,01,B01
200700009362,0,02,000,00,2,1,01,B01
200700009362,0,07,000,00,2,3,09,A01
200700009363,0,07,000,00,1,1,15,A01
200700009364,0,30,000,12,0,8,01,A01
200700009365,0,10,000,00,2,2,17,A01
200700009365,0,07,000,00,2,8,15,B01
200700009366,0,07,000,00,2,1,13,A01
200700009366,0,14,000,00,2,3,01,B01
200700009367,0,30,000,00,2,4,00,A01
200700009367,0,07,000,00,2,1,17,B01
200700009368,0,32,000,00,2,3,02,A01
200700009368,0,07,000,00,2,2,01,B01
200700009369,0,07,000,06,0,1,01,A01
200700009370,0,07,000,00,2,6,00,A01
200700009370,0,33,000,00,2,1,00,B01
200700009371,0,07,000,00,2,1,02,A01
200700009371,0,07,000,00,2,4,23,B01
200700009372,1,07,000,00,2,2,15,A01
200700009372,0,07,000,00,2,1,01,B01
200700009373,0,01,000,00,1,1,00,A01
200700009374,0,07,000,00,2,5,00,A01
200700009374,0,02,000,00,2,1,01,B01
200700009375,0,02,000,00,2,2,01,A01
200700009375,0,02,000,00,2,3,15,B01
200700009376,0,07,000,00,2,5,12,A01
200700009376,0,02,000,00,2,8,01,B01
200700009377,0,07,000,00,2,3,15,A01
200700009377,0,31,000,00,2,8,01,B01
200700009378,0,10,000,00,1,4,04,A01
200700009379,0,07,000,00,1,1,01,A01
200700009380,0,07,000,00,2,3,01,B01
200700009380,0,10,000,00,2,3,15,A01
200700009381,0,02,000,00,2,1,17,B01
200700009381,0,07,000,00,2,3,15,A01
200700009382,0,07,000,06,0,8,14,A01
200700009383,0,07,000,00,2,8,13,A01
200700009383,0,38,001,00,2,7,13,B01
200700009384,0,07,000,00,2,1,05,A01
200700009384,0,07,000,00,2,1,01,B01
200700009385,0,07,000,00,2,1,15,A01
200700009385,0,33,000,00,2,2,01,B01
200700009386,0,07,000,00,2,7,01,A01
200700009386,0,02,000,00,2,1,01,B01
200700009387,0,07,000,00,1,1,01,A01
200700009388,0,07,000,00,1,1,01,A01
200700009389,0,07,000,00,2,2,15,A01
200700009389,0,02,000,00,2,2,18,B01
200700009390,0,33,000,00,0,2,01,B01
200700009390,0,07,000,00,2,6,01,A01
200700009391,0,07,000,00,2,1,15,A01
200700009391,0,30,000,00,2,1,01,B01
200700009392,0,07,000,01,0,1,01,A01
200700009392,0,10,000,08,2,6,24,B01
200700009393,0,30,000,00,2,1,02,A01
200700009393,0,30,000,00,2,4,02,B01
200700009393,0,30,000,00,2,1,02,C01
200700009394,0,07,000,00,1,1,01,B01
200700009394,0,07,000,00,2,3,15,A01
200700009395,0,01,000,00,2,1,01,A01
200700009395,0,07,000,00,2,1,15,B01
200700009396,0,07,000,00,2,2,15,A01
200700009396,0,07,000,00,2,1,01,B01
200700009397,0,07,000,13,0,1,14,A01
200700009398,0,07,000,00,1,2,01,A01
200700009398,0,07,000,00,1,0,01,B01
200700009399,0,30,000,00,2,1,02,A01
200700009399,0,07,000,00,2,4,01,B01
200700009400,0,07,000,00,2,2,13,A01
200700009400,0,07,000,00,2,1,01,B01
200700009401,0,07,000,00,2,8,15,A01
200700009401,0,33,000,00,2,1,01,B01
200700009402,0,07,000,00,2,2,15,A01
200700009402,0,32,000,00,2,1,01,B01
200700009403,0,07,000,00,1,2,01,A01
200700009404,0,33,000,11,0,1,01,A01
200700009405,0,07,000,09,0,1,14,A01
200700009406,0,03,000,00,2,1,02,A01
200700009406,0,07,000,00,2,4,02,B01
200700009407,0,07,000,00,2,2,16,A01
200700009407,0,02,000,00,2,1,01,B01
200700009408,0,07,000,00,1,1,01,A01
200700009409,0,30,000,00,2,1,05,A01
200700009409,0,07,000,00,2,1,01,B01
200700009410,0,33,000,00,2,0,01,B01
200700009410,0,07,000,00,2,0,15,A01
200700009411,0,07,000,00,1,1,23,A01
200700009412,0,07,000,00,0,3,01,B01
200700009412,0,02,000,16,0,0,21,A01
200700009413,0,07,000,00,2,2,13,A01
200700009413,0,07,000,00,2,3,01,B01
200700009414,0,07,000,13,0,8,21,A01
200700009415,0,02,000,01,0,1,01,B01
200700009415,0,14,000,00,2,5,23,A01
200700009416,0,07,000,08,0,1,13,A01
200700009417,0,07,000,03,0,1,14,A01
200700009418,0,07,000,00,2,4,02,B01
200700009418,0,07,000,00,2,1,02,A01
200700009419,0,30,000,00,0,0,01,B01
200700009419,0,07,000,00,0,3,05,A01
200700009420,0,30,000,00,2,1,13,B01
200700009420,0,07,000,00,9,3,15,A01
200700009421,0,07,000,00,0,4,09,A01
200700009421,0,07,000,00,2,1,01,B01
200700009422,0,01,000,00,0,5,01,B01
200700009422,0,07,000,00,2,1,01,A01
200700009423,0,30,000,12,0,7,14,A01
200700009424,0,01,000,00,0,7,01,A01
200700009424,0,07,000,00,2,3,01,B01
200700009425,0,07,000,06,0,1,14,A01
200700009426,0,07,000,00,1,1,01,A01
200700009427,0,01,000,00,2,1,01,B01
200700009427,0,07,000,00,0,3,15,A01
200700009428,0,07,000,00,0,3,01,B01
200700009428,0,01,000,00,2,1,15,A01
200700009429,0,07,000,00,0,6,01,B01
200700009429,1,07,000,00,2,1,01,A01
200700009430,0,30,000,13,0,1,14,A01
200700009431,0,07,000,00,0,6,01,B01
200700009431,0,07,000,00,2,2,02,A01
200700009432,0,07,000,00,2,4,01,B01
200700009432,0,07,000,00,2,1,02,A01
200700009433,0,33,000,00,2,1,01,B01
200700009433,0,07,000,00,2,1,13,A01
200700009434,0,30,000,00,2,1,01,B01
200700009434,0,07,000,00,0,3,10,A01
200700009435,0,07,000,08,0,2,14,A01
200700009436,0,07,000,00,2,2,01,B01
200700009436,0,02,000,00,2,1,19,A01
200700009437,0,07,000,00,2,1,01,B01
200700009437,0,07,000,00,2,3,16,A01
200700009438,0,07,000,00,2,1,01,B01
200700009438,0,07,000,00,2,7,01,A01
200700009439,0,07,000,00,2,2,05,A01
200700009439,0,07,000,00,2,1,16,B01
200700009440,0,07,000,00,2,1,01,A01
200700009440,0,07,000,00,2,4,01,B01
200700009440,0,07,000,00,2,4,01,C01
200700009440,0,07,000,00,2,4,01,D01
200700009441,0,07,000,00,2,8,01,A01
200700009441,0,17,000,00,2,1,01,B01
200700009442,0,02,000,01,0,1,00,A01
200700009442,0,07,000,00,2,6,24,B01
200700009443,0,07,000,00,2,2,17,A01
200700009443,0,01,000,00,2,6,15,B01
200700009444,0,33,000,00,2,1,13,A01
200700009444,0,07,000,00,2,1,01,B01
200700009445,0,07,000,00,1,1,00,A01
200700009446,0,07,000,00,1,1,01,A01
200700009447,0,07,000,00,2,3,13,A01
200700009447,0,07,000,00,2,3,01,B01
200700009448,0,07,000,00,1,1,01,A01
200700009449,0,02,000,00,0,0,05,A01
200700009450,0,07,000,00,2,7,15,A01
200700009450,0,02,000,00,2,1,06,B01
200700009451,0,07,000,00,2,3,15,A01
200700009451,0,33,000,00,2,1,01,B01
200700009452,0,07,000,00,2,1,13,A01
200700009452,0,07,000,00,2,1,01,B01
200700009453,0,07,000,00,1,2,01,A01
200700009454,0,07,000,00,1,1,01,A01
200700009455,0,07,000,00,2,1,15,A01
200700009455,0,07,000,00,2,3,01,B01
200700009456,0,01,000,00,2,1,19,A01
200700009456,0,07,000,00,2,7,01,B01
200700009457,0,07,000,00,2,1,02,A01
200700009457,0,07,000,00,0,4,02,B01
200700009458,0,07,000,00,2,6,01,B01
200700009458,0,07,000,00,2,1,15,A01
200700009459,0,38,006,00,1,1,01,A01
200700009460,0,31,000,00,2,1,13,A01
200700009460,0,07,000,00,2,1,01,B01
200700009461,0,07,000,00,2,8,01,A01
200700009461,0,07,000,00,2,5,15,B01
200700009462,0,07,000,00,2,1,01,A01
200700009462,0,07,000,00,2,8,01,B01
200700009463,0,07,000,00,2,3,13,A01
200700009463,0,07,000,00,2,3,01,B01
200700009464,0,07,000,00,2,4,01,A01
200700009464,0,30,000,00,2,1,00,B01
200700009465,0,07,000,00,2,1,13,A01
200700009465,0,07,000,00,2,1,01,B01
200700009466,0,07,000,00,2,1,15,A01
200700009466,0,07,000,00,2,6,01,B01
200700009467,0,07,000,00,2,2,15,B01
200700009467,0,30,000,00,2,1,18,A01
200700009468,0,07,000,00,1,5,04,A01
200700009469,1,31,000,00,1,1,01,A01
200700009470,0,07,000,00,2,2,16,A01
200700009470,0,07,000,00,2,8,18,B01
200700009471,0,07,000,00,2,3,22,A01
200700009471,0,01,000,00,2,1,01,B01
200700009472,0,14,000,16,0,7,01,A01
200700009473,0,01,000,00,9,0,13,A01
200700009473,0,01,000,00,9,1,17,B01
200700009474,1,07,000,00,1,7,01,A01
200700009475,0,07,000,00,2,1,15,A01
200700009475,0,01,000,00,2,3,01,B01
200700009476,0,10,000,00,1,1,15,A01
200700009477,1,07,000,00,1,3,01,A01
200700009478,0,07,000,00,2,1,15,A01
200700009478,0,07,000,00,2,1,01,B01
200700009479,0,30,000,00,2,7,01,A01
200700009479,0,07,000,00,2,3,15,B01
200700009480,0,31,000,00,2,1,01,A01
200700009480,0,07,000,00,2,3,15,B01
200700009481,0,30,000,00,2,1,01,B01
200700009481,0,07,000,00,2,2,01,A01
200700009482,0,07,000,00,1,1,15,A01
200700009483,0,01,000,00,2,0,05,B01
200700009483,0,07,000,00,2,1,16,A01
200700009484,0,07,000,00,2,1,02,A01
200700009484,0,07,000,00,2,4,01,B01
200700009485,0,01,000,00,2,2,01,B01
200700009485,0,07,000,00,2,1,01,A01
200700009486,0,10,000,00,2,2,15,A01
200700009486,0,07,000,00,2,1,01,B01
200700009487,0,07,000,00,2,3,01,B01
200700009487,0,07,000,00,2,0,15,A01
200700009488,0,01,000,00,1,1,01,A01
200700009489,0,30,000,01,0,2,14,B01
200700009489,0,07,000,00,0,0,01,A01
200700009490,0,07,000,00,2,4,02,A01
200700009490,0,07,000,00,0,4,02,B01
200700009491,0,07,000,00,2,1,02,A01
200700009491,0,07,000,00,2,4,02,B01
200700009491,0,07,000,00,2,4,02,C01
200700009492,0,07,000,00,1,1,15,A01
200700009493,0,07,000,00,2,7,01,A01
200700009493,0,30,000,00,2,1,01,B01
200700009494,0,33,000,00,2,0,01,B01
200700009494,0,07,000,00,0,0,09,A01
200700009495,0,07,000,00,9,5,00,A01
200700009495,0,02,000,00,2,1,00,B01
200700009496,0,07,000,00,2,2,02,B01
200700009496,0,07,000,00,2,3,09,A01
200700009497,0,07,000,00,2,1,00,A01
200700009497,0,07,000,00,2,2,00,B01
200700009498,0,37,015,00,2,0,01,A01
200700009498,1,07,000,00,2,0,02,B01
200700009499,0,07,000,00,0,0,00,A01
200700009499,0,07,000,00,0,0,00,B01
200700009500,0,07,000,00,2,2,00,B01
200700009500,0,07,000,00,2,1,15,A01
200700009501,0,07,000,00,2,1,01,A01
200700009501,0,07,000,00,2,4,23,B01
200700009502,0,07,000,00,2,2,02,A01
200700009502,0,10,000,03,0,6,01,B01
200700009503,0,07,000,00,1,2,02,A01
200700009504,0,14,000,00,2,2,12,A01
200700009504,0,07,000,00,0,6,18,B01
200700009504,0,07,000,00,0,4,02,C01
200700009504,0,15,000,00,0,1,02,D01
200700009505,0,40,000,00,1,1,01,A01
200700009506,0,07,000,00,1,1,01,A01
200700009507,0,07,000,00,2,1,02,A01
200700009507,0,07,000,00,2,9,02,B01
200700009507,0,07,000,00,2,4,02,C01
200700009507,0,07,000,00,0,6,02,D01
200700009508,0,07,000,00,2,1,01,A01
200700009508,0,07,000,00,2,6,01,B01
200700009509,0,07,000,00,9,1,01,A01
200700009509,0,01,000,00,2,7,01,B01
200700009510,0,07,000,00,9,3,09,A01
200700009510,0,01,000,00,2,1,01,B01
200700009511,0,30,000,00,2,2,07,A01
200700009511,0,07,000,00,2,3,15,B01
200700009512,0,10,000,00,2,2,16,A01
200700009512,0,07,000,00,2,6,01,B01
200700009513,0,33,000,00,0,1,01,A01
200700009514,0,07,000,00,1,2,01,A01
200700009515,0,07,000,03,0,3,12,A01
200700009516,0,07,000,00,2,2,15,A01
200700009516,0,02,000,00,2,1,01,B01
200700009517,0,07,000,00,2,5,12,A01
200700009517,0,07,000,00,2,3,01,B01
200700009518,0,31,000,00,2,1,02,A01
200700009518,0,07,000,00,2,2,02,B01
200700009519,0,07,000,00,2,2,15,A01
200700009519,0,07,000,00,2,3,00,B01
200700009520,0,07,000,00,1,2,01,A01
200700009521,0,07,000,00,2,0,01,B01
200700009521,0,07,000,00,2,1,09,A01
200700009522,0,07,000,06,0,1,01,A01
200700009523,0,07,000,00,2,8,18,A01
200700009523,0,07,000,00,2,7,15,B01
200700009524,0,07,000,00,2,2,01,A01
200700009524,0,07,000,00,2,3,01,B01
200700009525,0,07,000,07,0,7,15,A01
200700009525,0,07,000,00,2,1,01,B01
200700009526,0,07,000,09,2,2,15,A01
200700009526,0,07,000,00,2,1,01,B01
200700009527,0,02,000,00,0,1,02,A01
200700009527,0,07,000,00,0,5,02,B01
200700009528,0,07,000,00,0,3,15,A01
200700009528,0,07,000,00,0,3,01,B01
200700009529,0,07,000,00,1,1,01,A01
200700009530,0,07,000,02,0,1,14,A01
200700009531,0,07,000,00,2,8,01,A01
200700009531,0,31,000,00,2,1,01,B01
200700009532,0,07,000,00,2,1,01,A01
200700009532,0,02,000,00,2,8,01,B01
200700009533,0,07,000,00,1,1,01,A01
200700009534,0,07,000,08,0,1,01,A01
200700009535,0,07,000,00,2,1,01,A01
200700009535,0,07,000,00,2,1,01,B01
200700009536,0,07,000,00,1,2,01,A01
200700009537,0,07,000,00,9,1,01,A01
200700009537,0,01,000,00,2,2,01,B01
200700009538,0,01,000,00,2,1,01,A01
200700009538,0,07,000,00,9,7,01,B01
200700009539,0,33,000,00,0,7,01,A01
200700009540,0,30,000,00,2,1,01,A01
200700009540,0,07,000,00,9,3,15,B01
200700009541,0,07,000,00,2,2,05,A01
200700009541,0,07,000,00,2,1,01,B01
200700009542,0,02,000,00,2,1,02,A01
200700009542,0,07,000,00,0,5,02,B01
200700009543,0,07,000,00,2,7,15,A01
200700009543,0,02,000,00,2,1,02,B01
200700009544,0,10,000,00,2,2,15,A01
200700009544,0,33,000,00,2,1,01,B01
200700009545,0,07,000,00,2,7,10,A01
200700009545,0,31,000,00,2,1,01,B01
200700009546,0,07,000,00,2,2,15,A01
200700009546,0,30,000,00,2,1,01,B01
200700009547,0,07,000,00,2,1,01,B01
200700009547,0,31,000,00,2,1,01,A01
200700009548,0,07,000,00,1,1,01,A01
200700009549,0,07,000,00,2,1,01,A01
200700009549,0,07,000,00,2,1,01,B01
200700009550,0,07,000,00,1,8,15,A01
200700009551,0,07,000,00,2,1,01,A01
200700009551,0,14,000,00,2,6,01,B01
200700009552,0,02,000,00,0,0,14,A01
200700009553,0,07,000,00,2,1,01,A01
200700009553,0,07,000,00,2,3,01,B01
200700009554,0,02,000,00,0,0,14,A01
200700009555,0,10,000,00,2,1,02,A01
200700009555,0,07,000,00,0,4,02,B01
200700009556,0,07,000,00,1,1,01,A01
200700009557,0,10,000,00,2,2,01,A01
200700009557,0,15,000,00,2,6,04,B01
200700009558,0,07,000,00,2,8,04,A01
200700009558,0,07,000,00,2,8,04,B01
200700009559,0,02,000,01,1,5,01,A01
200700009560,0,07,000,00,1,1,01,A01
200700009561,0,33,000,00,2,1,01,A01
200700009561,0,07,000,00,2,8,15,B01
200700009562,0,30,000,00,1,1,01,A01
200700009563,0,07,000,00,2,2,01,A01
200700009563,0,02,000,00,2,8,19,B01
200700009564,0,01,000,00,0,1,01,B01
200700009564,0,07,000,00,2,6,01,A01
200700009565,0,07,000,00,2,1,01,A01
200700009565,0,02,000,00,0,7,01,B01
200700009566,0,02,000,00,2,8,01,A01
200700009566,0,07,000,00,0,2,01,B01
200700009567,0,07,000,00,2,1,01,A01
200700009567,0,07,000,00,0,4,01,B01
200700009567,0,07,000,00,2,4,01,C01
200700009568,0,07,000,02,2,1,01,A01
200700009569,0,10,000,00,1,4,04,A01
200700009570,0,07,000,00,2,3,15,A01
200700009570,0,07,000,00,0,3,01,B01
200700009571,0,02,000,00,2,1,01,A01
200700009571,0,07,000,00,0,4,01,B01
200700009572,0,33,000,16,0,7,01,A01
200700009573,0,07,000,00,0,8,20,A01
200700009573,0,07,000,00,2,2,01,B01
200700009574,0,07,000,00,2,1,01,A01
200700009574,0,07,000,00,0,4,15,B01
200700009575,0,02,000,00,2,1,01,A01
200700009575,0,07,000,00,0,3,15,B01
200700009576,0,07,000,00,2,8,01,A01
200700009576,0,02,000,00,0,8,15,B01
200700009577,1,07,000,00,0,0,01,D01
200700009577,0,07,000,00,2,1,01,A01
200700009577,0,07,000,00,0,6,01,B01
200700009577,0,15,000,00,0,8,01,C01
200700009578,0,15,000,00,2,1,01,A01
200700009578,0,07,000,00,2,1,23,B01
200700009578,0,13,000,00,0,4,23,C01
200700009579,0,02,000,00,2,7,16,A01
200700009579,0,07,000,00,0,3,01,B01
200700009580,0,07,000,00,1,1,01,A01
200700009580,0,07,000,00,0,2,01,B01
200700009581,0,32,000,16,0,8,01,A01
200700009582,0,07,000,00,2,2,15,A01
200700009582,0,33,000,00,0,8,01,B01
200700009583,0,15,000,00,0,1,01,A01
200700009583,0,15,000,00,0,4,01,B01
200700009584,0,07,000,00,2,1,01,A01
200700009584,0,07,000,00,2,1,01,B01
200700009584,0,07,000,00,0,4,01,C01
200700009585,0,07,000,00,2,3,01,A01
200700009585,0,02,000,00,0,1,01,B01
200700009586,0,07,000,00,2,1,16,A01
200700009586,0,02,000,00,0,1,01,B01
200700009587,0,33,000,16,0,8,01,A01
200700009588,0,07,000,00,2,1,01,A01
200700009588,0,07,000,00,0,4,23,B01
200700009589,0,07,000,00,2,1,01,A01
200700009589,0,07,000,00,0,4,23,B01
200700009590,0,07,000,00,1,1,01,A01
200700009591,0,33,000,16,0,8,01,A01
200700009592,0,01,000,00,0,1,01,A01
200700009593,0,07,000,00,0,4,21,B01
200700009593,0,07,000,00,2,1,01,C01
200700009593,1,07,000,00,2,1,01,A01
200700009594,0,07,000,00,2,2,01,A01
200700009594,0,02,000,00,9,1,15,B01
200700009595,0,07,000,09,0,2,02,A01
200700009596,0,30,000,09,2,1,00,A01
200700009596,0,07,000,00,9,2,01,B01
200700009597,0,07,000,00,2,6,15,A01
200700009597,0,07,000,00,0,1,01,B01
200700009598,0,07,000,00,2,1,02,A01
200700009598,0,07,000,00,0,4,01,B01
200700009599,0,07,000,00,1,1,01,A01
200700009600,0,31,000,12,0,8,17,A01
200700009601,0,07,000,00,2,5,15,A01
200700009601,0,02,000,00,0,1,01,B01
200700009602,0,10,000,00,1,1,07,A01
200700009603,0,30,000,00,2,2,01,B01
200700009603,0,07,000,00,2,3,23,A01
200700009604,0,07,000,00,2,5,15,A01
200700009604,0,30,000,00,2,1,17,B01
200700009605,0,07,000,00,1,2,15,A01
200700009606,0,32,000,00,2,1,01,A01
200700009606,0,07,000,00,2,8,15,B01
200700009607,0,07,000,00,2,4,02,B01
200700009607,0,07,000,00,2,1,02,C01
200700009607,0,13,000,00,0,0,17,A01
200700009607,0,13,000,00,2,1,23,D01
200700009608,0,02,000,00,2,1,17,A01
200700009608,0,10,000,00,2,4,01,B01
200700009609,0,05,000,00,2,1,21,A01
200700009609,0,07,000,00,2,1,01,B01
200700009610,0,07,000,00,1,1,01,A01
200700009611,0,10,000,00,2,4,04,A01
200700009611,0,02,000,00,2,1,01,B01
200700009612,0,10,000,00,1,4,04,A01
200700009613,0,02,000,00,1,1,01,A01
200700009614,0,02,000,00,0,0,21,A01
200700009615,0,07,000,00,2,8,09,A01
200700009615,0,05,000,00,2,2,01,B01
200700009616,0,07,000,00,1,1,01,A01
200700009617,0,02,000,00,2,3,11,A01
200700009617,0,07,000,00,2,7,01,B01
200700009618,0,07,000,00,1,4,20,A01
200700009619,0,10,000,00,1,1,15,A01
200700009620,0,07,000,00,1,3,07,A01