Num_Acc,senc,catv,occutc,obs,obsm,choc,manv,num_veh
200700009621,0,02,000,00,2,1,02,A01
200700009621,0,07,000,00,2,4,01,B01
200700009622,0,05,000,00,2,1,01,A01
200700009622,0,07,000,00,2,4,01,B01
200700009623,0,07,000,00,1,1,01,A01
200700009624,0,07,000,00,1,1,01,A01
200700009625,1,07,000,00,2,6,00,A01
200700009625,0,01,000,00,2,2,01,B01
200700009626,1,07,000,00,2,6,00,A01
200700009626,0,02,000,01,2,2,01,B01
200700009627,0,07,000,00,2,5,16,A01
200700009627,0,02,000,00,2,3,01,B01
200700009628,0,05,000,00,2,2,15,A01
200700009628,0,07,000,00,2,1,01,B01
200700009629,0,07,000,00,2,8,09,A01
200700009629,0,05,000,01,2,2,01,B01
200700009630,0,07,000,00,1,1,01,A01
200700009631,0,07,000,00,2,1,01,A01
200700009631,0,07,000,00,2,4,02,B01
200700009631,0,07,000,00,2,4,02,C01
200700009632,0,02,000,00,1,1,01,A01
200700009633,0,05,000,00,2,1,02,A01
200700009633,0,05,000,00,2,4,01,B01
200700009634,0,07,000,00,1,2,01,A01
200700009635,0,07,000,00,2,7,16,A01
200700009635,0,04,000,01,2,3,01,B01
200700009636,0,07,000,00,2,5,14,A01
200700009636,0,05,000,00,2,3,01,B01
200700009636,0,07,000,00,2,4,01,C01
200700009636,0,10,000,00,2,1,01,D01
200700009637,0,04,000,00,2,1,16,B01
200700009637,0,07,000,00,2,2,01,A01
200700009638,0,05,000,00,2,2,17,A01
200700009638,0,07,000,00,2,8,15,B01
200700009639,0,07,000,00,2,1,01,A01
200700009639,0,07,000,00,2,4,23,B01
200700009640,0,07,000,00,2,2,10,A01
200700009640,0,02,000,00,2,1,01,B01
200700009641,0,02,000,00,1,1,01,A01
200700009642,0,05,000,00,0,0,15,A01
200700009643,0,02,000,00,2,1,01,A01
200700009643,0,07,000,00,2,4,23,B01
200700009644,0,02,000,00,2,2,05,A01
200700009644,0,07,000,00,2,8,15,B01
200700009645,1,07,000,00,2,5,00,A01
200700009645,0,07,000,00,2,1,01,B01
200700009646,1,07,000,00,2,1,00,A01
200700009646,0,07,000,00,2,4,01,B01
200700009646,0,07,000,00,2,4,01,C01
200700009647,0,02,000,00,2,6,11,A01
200700009647,0,07,000,00,2,2,01,B01
200700009648,0,01,000,00,1,1,01,A01
200700009649,0,07,000,00,2,2,01,A01
200700009649,0,07,000,00,2,3,01,B01
200700009650,0,04,000,00,2,2,16,A01
200700009650,0,07,000,00,2,6,16,B01
200700009651,0,07,000,00,1,1,15,A01
200700009652,0,07,000,00,1,1,01,A01
200700009653,0,07,000,00,1,1,01,A01
200700009654,0,02,000,00,0,0,21,A01
200700009655,0,07,000,00,2,1,01,A01
200700009655,0,02,000,00,2,4,23,B01
200700009656,0,01,000,00,0,0,21,A01
200700009657,0,07,000,01,2,2,10,A01
200700009657,0,05,000,00,2,1,01,B01
200700009658,0,07,000,00,1,4,04,A01
200700009659,0,04,000,00,0,0,01,A01
200700009660,0,07,000,00,2,1,01,A01
200700009660,0,05,000,00,2,4,23,B01
200700009661,0,02,000,00,1,1,01,A01
200700009662,0,07,000,00,2,2,15,A01
200700009662,0,05,000,00,2,1,01,B01
200700009663,0,10,000,00,2,1,01,A01
200700009663,0,07,000,00,2,4,01,B01
200700009664,0,07,000,00,2,1,01,A01
200700009664,0,07,000,00,2,8,01,B01
200700009665,0,02,000,00,0,0,15,A01
200700009666,0,05,000,00,2,1,01,B01
200700009666,0,10,000,00,2,8,15,A01
200700009667,0,02,000,00,1,3,09,A01
200700009668,0,07,000,00,2,7,22,A01
200700009668,0,04,000,00,2,3,18,B01
200700009669,0,07,000,00,2,7,22,A01
200700009669,0,01,000,00,2,3,18,B01
200700009670,0,02,000,00,0,0,21,A01
200700009671,0,07,000,00,2,2,15,A01
200700009671,0,07,000,00,2,1,01,B01
200700009672,0,07,000,00,2,1,02,A01
200700009672,0,07,000,00,2,4,02,B01
200700009673,0,07,000,00,2,2,01,A01
200700009673,0,04,000,00,2,1,01,B01
200700009674,0,04,000,00,0,0,21,A01
200700009675,0,01,000,00,2,3,18,A01
200700009675,0,14,000,00,2,2,01,B01
200700009676,0,05,000,00,0,0,21,A01
200700009677,0,07,000,01,1,4,04,A01
200700009678,0,18,000,00,1,2,01,A01
200700009679,0,05,000,00,2,1,01,A01
200700009679,0,07,000,00,2,8,15,B01
200700009680,0,07,000,00,2,5,16,A01
200700009680,0,07,000,00,2,3,01,B01
200700009681,0,07,000,00,2,7,10,A01
200700009681,0,05,000,00,2,1,01,B01
200700009682,0,05,000,00,1,1,01,A01
200700009683,0,07,000,00,2,8,13,A01
200700009683,0,04,000,00,2,2,17,B01
200700009684,0,07,000,00,2,8,22,A01
200700009684,0,01,000,00,2,2,01,B01
200700009685,0,07,000,00,2,8,11,A01
200700009685,0,04,000,00,2,2,17,B01
200700009686,0,07,000,00,2,1,01,A01
200700009686,0,07,000,00,2,4,23,B01
200700009687,0,04,000,00,0,0,16,A01
200700009688,0,05,000,00,1,1,01,A01
200700009688,0,07,000,00,2,4,23,B01
200700009689,0,04,000,00,0,0,21,A01
200700009690,0,07,000,00,2,8,09,A01
200700009690,0,04,000,00,2,2,01,B01
200700009691,0,04,000,00,2,6,13,A01
200700009691,0,07,000,00,2,2,01,B01
200700009692,0,01,000,00,1,1,07,A01
200700009693,0,07,000,00,2,2,12,A01
200700009693,0,04,000,00,2,3,01,B01
200700009694,0,02,000,01,0,1,01,A01
200700009695,0,05,000,01,0,1,21,A01
200700009696,1,02,000,00,2,3,00,A01
200700009696,0,02,000,00,2,2,23,B01
200700009697,0,07,000,00,2,1,02,A01
200700009697,0,07,000,00,2,4,23,B01
200700009698,0,04,000,00,2,1,02,A01
200700009698,0,14,000,00,2,4,02,B01
200700009699,0,05,000,00,2,3,19,A01
200700009699,0,07,000,00,2,1,16,B01
200700009700,0,07,000,00,2,6,13,A01
200700009700,0,05,000,00,2,2,01,B01
200700009701,0,05,000,00,2,2,17,A01
200700009701,0,07,000,00,2,8,01,B01
200700009701,0,04,000,00,2,5,23,C01
200700009702,0,07,000,00,2,6,09,A01
200700009702,0,02,000,00,2,1,01,B01
200700009703,0,04,000,01,0,1,01,A01
200700009704,0,07,000,00,2,1,02,A01
200700009704,0,07,000,00,2,4,01,B01
200700009705,0,05,000,00,2,3,18,A01
200700009705,0,07,000,00,2,2,16,B01
200700009706,0,07,000,00,2,8,22,A01
200700009706,0,01,000,00,2,2,01,B01
200700009707,0,04,000,00,0,0,07,A01
200700009708,0,07,000,00,1,1,16,A01
200700009709,0,07,000,00,1,1,15,A01
200700009710,0,07,000,00,2,1,17,A01
200700009710,0,05,000,00,2,1,01,B01
200700009711,0,10,000,00,2,2,01,A01
200700009711,0,05,000,00,2,1,01,B01
200700009712,0,07,000,00,2,2,16,A01
200700009712,0,05,000,00,2,6,01,B01
200700009713,0,04,000,00,0,0,01,A01
200700009714,0,05,000,00,1,1,01,A01
200700009715,0,05,000,00,2,1,01,B01
200700009715,0,07,000,00,2,2,01,A01
200700009716,0,07,000,00,2,1,01,A01
200700009716,0,07,000,00,2,8,01,B01
200700009717,0,07,000,00,2,1,01,A01
200700009717,0,07,000,00,2,4,01,B01
200700009717,0,10,000,00,2,4,23,C01
200700009718,0,02,000,00,0,0,01,A01
200700009719,0,07,000,00,2,1,01,A01
200700009719,0,07,000,00,2,4,01,B01
200700009720,0,07,000,00,2,8,11,A01
200700009720,0,05,000,00,2,2,01,B01
200700009721,0,07,000,00,1,4,04,A01
200700009722,0,05,000,00,2,1,01,B01
200700009722,0,10,000,00,2,2,01,A01
200700009723,0,10,000,00,2,3,11,A01
200700009723,0,05,000,00,2,2,01,B01
200700009724,0,07,000,00,1,1,15,A01
200700009725,0,07,000,00,1,1,01,A01
200700009726,0,10,000,00,2,1,01,A01
200700009726,0,07,000,00,2,2,15,B01
200700009727,0,07,000,00,2,6,15,A01
200700009727,0,05,000,00,2,2,01,B01
200700009728,0,07,000,01,0,1,01,A01
200700009729,0,07,000,00,1,1,16,A01
200700009730,0,02,000,00,1,1,01,A01
200700009731,0,07,000,00,2,5,16,A01
200700009731,0,05,000,00,2,3,01,B01
200700009732,0,07,000,00,2,8,22,A01
200700009732,0,05,000,00,2,2,07,B01
200700009733,0,07,000,00,2,1,01,A01
200700009733,0,05,000,00,2,4,23,B01
200700009734,0,04,000,00,1,1,08,A01
200700009735,0,05,000,00,1,1,01,A01
200700009736,0,07,000,00,2,2,15,A01
200700009736,0,02,000,00,2,1,01,B01
200700009737,0,02,000,00,2,1,01,A01
200700009737,0,07,000,00,2,8,01,B01
200700009738,0,07,000,00,2,8,15,A01
200700009738,0,04,000,00,2,2,17,B01
200700009739,0,05,000,00,1,1,01,A01
200700009740,0,07,000,00,2,1,02,A01
200700009740,0,07,000,00,2,4,01,B01
200700009741,0,05,000,00,0,0,21,A01
200700009742,0,05,000,00,0,0,21,A01
200700009743,0,07,000,00,2,1,01,A01
200700009743,0,07,000,00,2,4,23,B01
200700009744,0,07,000,00,2,8,22,A01
200700009744,0,02,000,00,2,2,01,B01
200700009745,0,07,000,00,2,8,10,A01
200700009745,0,05,000,00,2,2,01,B01
200700009746,0,07,000,00,1,1,07,A01
200700009747,0,07,000,00,1,1,01,A01
200700009748,0,07,000,14,1,1,21,A01
200700009749,0,04,000,00,1,1,01,A01
200700009750,0,02,000,00,0,0,16,A01
200700009751,0,10,000,00,2,8,10,A01
200700009751,0,05,000,00,2,2,01,B01
200700009752,0,07,000,00,2,8,10,A01
200700009752,0,05,000,00,2,2,01,B01
200700009753,0,07,000,00,1,1,15,A01
200700009754,0,04,000,00,1,1,01,A01
200700009755,0,07,000,00,1,1,01,A01
200700009756,0,02,000,00,2,1,18,A01
200700009756,0,10,000,00,2,2,15,B01
200700009757,0,02,000,00,1,1,01,A01
200700009758,0,05,000,00,0,0,21,A01
200700009759,0,05,000,00,1,1,01,A01
200700009760,0,05,000,00,2,1,01,A01
200700009760,0,07,000,00,2,4,23,B01
200700009761,0,04,000,00,2,2,05,A01
200700009761,0,07,000,00,2,8,10,B01
200700009762,0,07,000,00,2,1,01,A01
200700009762,0,07,000,00,2,4,01,B01
200700009762,0,07,000,00,2,4,01,C01
200700009763,0,07,000,00,2,2,12,A01
200700009763,0,07,000,00,2,6,01,B01
200700009763,0,07,000,00,2,1,01,C01
200700009764,0,07,000,00,2,8,15,A01
200700009764,0,04,000,00,2,2,17,B01
200700009765,0,07,000,00,2,8,15,A01
200700009765,0,05,000,00,2,2,17,B01
200700009766,0,04,000,00,1,1,16,A01
200700009767,0,18,000,00,2,2,15,A01
200700009767,0,05,000,00,2,1,01,B01
200700009768,0,07,000,00,2,8,15,A01
200700009768,0,04,000,00,2,2,17,B01
200700009769,0,05,000,00,1,1,01,A01
200700009770,0,02,000,00,2,1,01,A01
200700009770,0,07,000,00,2,4,01,B01
200700009771,0,07,000,00,2,3,01,A01
200700009771,0,07,000,00,2,1,01,B01
200700009771,0,07,000,00,2,3,01,C01
200700009772,0,04,000,00,0,0,21,A01
200700009773,0,04,000,00,2,2,17,A01
200700009773,0,07,000,00,2,8,15,B01
200700009774,0,04,000,00,0,0,21,A01
200700009775,0,10,000,00,2,8,11,A01
200700009775,0,05,000,00,2,2,17,B01
200700009776,0,07,000,08,2,2,15,A01
200700009776,0,07,000,00,2,1,01,B01
200700009777,0,04,000,00,0,0,21,A01
200700009778,0,02,000,00,2,1,02,A01
200700009778,0,04,000,00,2,4,01,B01
200700009779,0,05,000,00,2,1,01,A01
200700009779,0,07,000,00,2,3,15,B01
200700009780,0,02,000,00,9,3,01,A01
200700009781,0,07,000,14,0,1,01,A01
200700009782,0,04,000,00,0,0,01,A01
200700009783,0,10,000,00,1,4,20,A01
200700009784,0,07,000,00,1,4,20,A01
200700009785,0,04,000,00,0,0,01,A01
200700009786,0,07,000,00,2,3,09,A01
200700009786,0,02,000,00,2,1,01,B01
200700009787,0,02,000,15,0,2,14,A01
200700009788,0,07,000,00,2,2,12,A01
200700009788,0,04,000,00,2,3,01,B01
200700009789,0,07,000,00,2,2,01,A01
200700009789,0,05,000,00,2,1,01,B01
200700009790,0,04,000,00,2,1,01,A01
200700009790,0,10,000,00,2,4,01,B01
200700009791,0,05,000,00,2,1,01,B01
200700009791,0,07,000,00,2,2,01,A01
200700009792,0,07,000,00,1,1,01,A01
200700009793,0,07,000,01,0,1,16,A01
200700009794,0,07,000,00,1,4,04,A01
200700009795,0,02,000,00,1,1,01,A01
200700009796,1,07,000,00,2,5,00,A01
200700009796,0,05,000,00,2,3,01,B01
200700009797,0,05,000,00,0,0,01,A01
200700009798,0,01,000,00,1,1,01,A01
200700009799,0,01,000,14,0,2,21,A01
200700009800,0,07,000,11,0,1,13,A01
200700009801,0,02,000,00,2,1,01,A01
200700009801,0,07,000,00,2,4,01,B01
200700009802,0,05,000,00,0,0,01,A01
200700009803,0,10,000,00,1,4,04,A01
200700009804,0,02,000,00,2,1,02,A01
200700009804,0,07,000,00,2,4,01,B01
200700009805,0,07,000,00,1,1,01,A01
200700009806,0,05,000,15,0,3,01,A01
200700009807,0,07,000,00,2,8,15,A01
200700009807,0,05,000,00,2,2,17,B01
200700009808,0,02,000,00,2,1,01,B01
200700009808,0,07,000,00,2,2,01,A01
200700009809,0,02,000,00,2,1,18,A01
200700009809,0,07,000,00,2,2,15,B01
200700009810,0,04,000,00,0,0,21,A01
200700009811,0,05,000,11,0,1,01,A01
200700009812,0,02,000,00,0,0,21,A01
200700009813,0,04,000,00,0,0,21,A01
200700009814,0,02,000,00,2,1,01,A01
200700009814,0,07,000,00,2,4,01,B01
200700009815,0,07,000,00,1,1,01,A01
200700009816,0,07,000,00,2,1,01,B01
200700009816,0,07,000,00,2,2,01,A01
200700009817,0,07,000,00,2,2,10,A01
200700009817,0,04,000,00,2,1,01,B01
200700009818,0,07,000,00,2,8,22,A01
200700009818,0,02,000,00,2,2,01,B01
200700009819,0,04,000,00,1,1,01,A01
200700009820,0,07,000,00,2,8,22,A01
200700009820,0,01,000,00,2,1,01,B01
200700009821,0,07,000,00,1,1,16,A01
200700009822,0,10,000,00,2,1,01,A01
200700009822,0,07,000,00,2,4,23,B01
200700009823,0,02,000,00,2,1,05,A01
200700009823,0,01,000,00,2,6,15,B01
200700009824,0,04,000,00,1,1,01,A01
200700009825,0,02,000,00,2,1,02,A01
200700009825,0,10,000,00,2,4,23,B01
200700009826,0,07,000,00,2,1,15,B01
200700009826,0,02,000,00,2,2,01,A01
200700009827,0,04,000,01,0,1,15,A01
200700009828,0,10,000,12,0,2,21,A01
200700009829,0,04,000,00,1,1,01,A01
200700009830,0,10,000,00,2,6,04,A01
200700009830,0,02,000,00,2,2,17,B01
200700009831,0,05,000,00,1,1,01,A01
200700009832,0,05,000,00,0,0,21,A01
200700009833,0,05,000,00,1,1,01,A01
200700009834,0,04,000,00,1,1,01,A01
200700009835,0,02,000,00,1,1,17,A01
200700009836,0,07,000,00,2,4,04,A01
200700009836,0,05,000,00,2,3,01,B01
200700009836,0,07,000,00,2,3,01,C01
200700009837,0,07,000,00,2,2,15,A01
200700009837,0,05,000,00,2,1,01,B01
200700009838,0,04,000,00,1,1,01,A01
200700009839,0,07,000,00,2,2,10,A01
200700009839,0,01,000,00,2,1,01,B01
200700009840,0,02,000,00,2,1,01,A01
200700009840,0,07,000,00,2,8,01,B01
200700009841,0,02,000,00,1,1,01,A01
200700009842,0,05,000,00,2,2,17,A01
200700009842,0,07,000,00,2,8,15,B01
200700009843,0,04,000,00,2,2,12,A01
200700009843,0,07,000,00,2,8,01,B01
200700009844,0,02,000,00,0,0,01,A01
200700009845,0,04,000,00,0,0,01,A01
200700009846,0,04,000,00,2,3,09,A01
200700009846,0,01,000,00,2,2,01,B01
200700009847,0,02,000,00,0,0,21,A01
200700009848,0,07,000,00,2,2,15,A01
200700009848,0,02,000,00,2,1,01,B01
200700009849,0,02,000,00,0,0,21,A01
200700009850,1,07,000,00,2,6,00,A01
200700009850,0,02,000,00,2,2,01,B01
200700009851,0,02,000,00,0,0,01,A01
200700009852,0,07,000,00,2,5,12,A01
200700009852,0,01,000,00,2,3,01,B01
200700009853,0,04,000,00,0,0,01,A01
200700009854,0,01,000,00,1,1,01,A01
200700009855,0,07,000,00,1,1,01,A01
200700009856,0,07,000,00,2,7,01,A01
200700009856,0,07,000,00,2,1,01,B01
200700009857,1,10,000,00,2,2,00,A01
200700009857,0,02,000,00,2,3,01,B01
200700009858,0,07,000,00,2,1,01,B01
200700009858,0,07,000,00,2,7,01,A01
200700009859,0,07,000,00,1,1,01,A01
200700009860,0,10,000,00,2,5,16,A01
200700009860,0,18,000,00,2,3,07,B01
200700009861,0,18,000,00,1,2,01,A01
200700009862,0,10,000,00,1,4,04,A01
200700009863,0,07,000,00,2,8,11,A01
200700009863,0,04,000,00,2,2,01,B01
200700009864,0,07,000,00,2,1,01,A01
200700009864,0,10,000,00,2,4,01,B01
200700009865,0,14,000,00,2,1,01,A01
200700009865,0,01,000,00,2,3,15,B01
200700009866,0,04,000,00,0,0,21,A01
200700009867,0,01,000,00,1,1,01,A01
200700009868,0,05,000,00,1,1,01,A01
200700009869,0,07,000,00,1,4,04,A01
200700009870,0,07,000,00,1,1,15,A01
200700009871,0,07,000,00,2,1,01,B01
200700009871,0,07,000,00,2,2,01,A01
200700009872,0,07,000,00,2,2,15,A01
200700009872,0,07,000,00,2,1,01,B01
200700009873,0,05,000,00,1,1,01,A01
200700009874,0,02,000,00,2,3,18,A01
200700009874,0,07,000,00,2,5,20,B01
200700009875,0,02,000,00,2,2,17,A01
200700009875,0,07,000,00,2,6,15,B01
200700009876,0,05,000,00,2,2,16,A01
200700009876,0,07,000,00,2,8,01,B01
200700009877,0,02,000,01,0,1,01,A01
200700009878,0,10,000,00,1,1,15,A01
200700009879,0,05,000,00,0,0,21,A01
200700009880,0,07,000,00,2,1,01,B01
200700009880,0,10,000,00,2,8,01,A01
200700009881,0,07,000,00,1,1,01,A01
200700009882,0,18,000,00,2,1,02,A01
200700009882,0,07,000,00,2,4,02,B01
200700009883,0,10,000,00,2,6,04,A01
200700009883,0,05,000,00,2,1,01,B01
200700009884,0,07,000,00,1,1,01,A01
200700009885,0,07,000,00,2,1,01,A01
200700009885,0,02,000,00,2,4,23,B01
200700009886,0,04,000,06,0,1,01,A01
200700009887,0,07,000,00,2,3,09,A01
200700009887,0,05,000,00,2,2,01,B01
200700009887,0,07,000,00,2,4,23,C01
200700009888,0,07,000,01,0,1,14,A01
200700009889,0,05,000,00,2,6,18,A01
200700009889,0,10,000,00,2,2,16,B01
200700009890,0,05,000,00,2,1,01,A01
200700009890,0,07,000,00,2,8,01,B01
200700009891,1,01,000,00,1,1,00,A01
200700009892,0,10,000,00,1,4,04,A01
200700009893,0,02,000,00,2,1,01,A01
200700009893,0,10,000,00,2,4,20,B01
200700009894,0,02,000,00,2,2,17,A01
200700009894,0,07,000,00,2,8,15,B01
200700009895,0,05,000,00,1,1,01,A01
200700009896,0,04,000,00,1,1,01,A01
200700009897,0,07,000,00,1,1,15,A01
200700009898,0,02,000,00,2,3,18,A01
200700009898,0,07,000,00,2,2,01,B01
200700009899,0,04,000,00,2,1,01,B01
200700009899,0,02,000,00,2,2,01,A01
200700009900,0,07,000,00,2,8,10,A01
200700009900,0,04,000,00,2,2,17,B01
200700009901,0,07,000,00,2,8,15,A01
200700009901,0,05,000,00,2,2,01,B01
200700009902,0,07,000,00,1,4,04,A01
200700009903,0,02,000,14,0,3,17,A01
200700009904,1,07,000,00,1,1,00,A01
200700009905,0,07,000,00,2,8,10,A01
200700009905,0,04,000,01,2,2,17,B01
200700009906,0,05,000,00,0,0,01,A01
200700009907,0,05,000,00,2,5,17,A01
200700009907,0,07,000,00,2,8,15,B01
200700009908,0,07,000,00,2,8,10,A01
200700009908,0,02,000,00,2,2,17,B01
200700009909,0,07,000,01,0,1,13,A01
200700009910,0,07,000,00,2,2,01,A01
200700009910,0,05,000,00,2,1,01,B01
200700009911,0,07,000,00,2,8,11,A01
200700009911,0,05,000,00,2,2,01,B01
200700009912,0,04,000,00,1,1,01,A01
200700009913,0,07,000,00,2,1,02,A01
200700009913,0,07,000,00,2,4,15,B01
200700009914,0,07,000,00,2,8,23,B01
200700009914,0,07,000,00,2,1,16,A01
200700009915,0,02,000,00,2,6,01,B01
200700009915,0,07,000,00,2,1,01,A01
200700009916,0,07,000,00,2,1,01,A01
200700009916,0,02,000,00,2,4,01,B01
200700009917,1,07,000,00,2,8,00,A01
200700009917,0,02,000,00,2,2,01,B01
200700009918,1,07,000,00,2,5,00,A01
200700009918,0,05,000,00,2,3,01,B01
200700009919,0,02,000,00,2,1,01,A01
200700009919,0,07,000,00,2,4,23,B01
200700009920,0,07,000,00,2,1,01,A01
200700009920,0,07,000,00,2,4,01,B01
200700009921,0,07,000,00,2,1,01,A01
200700009921,0,07,000,00,2,4,01,B01
200700009921,0,10,000,00,2,4,01,C01
200700009922,0,05,000,00,2,1,01,A01
200700009922,0,07,000,00,2,4,01,B01
200700009923,0,07,000,00,2,1,01,A01
200700009923,0,07,000,00,2,4,01,B01
200700009923,0,07,000,00,2,4,01,C01
200700009923,0,05,000,00,2,1,01,D01
200700009924,0,17,000,00,2,2,12,A01
200700009924,0,07,000,00,2,6,01,B01
200700009924,0,07,000,03,2,2,01,C01
200700009925,1,07,000,00,2,8,00,A01
200700009925,0,05,000,00,2,2,01,B01
200700009926,0,07,000,00,2,2,01,B01
200700009926,0,07,000,00,2,1,01,A01
200700009927,0,01,000,01,0,1,21,A01
200700009928,0,02,000,00,0,0,21,A01
200700009929,0,05,000,00,0,0,01,A01
200700009930,0,04,000,00,2,2,17,A01
200700009930,0,07,000,00,2,3,15,B01
200700009931,0,04,000,00,0,0,01,A01
200700009932,0,04,000,15,0,1,01,A01
200700009933,0,07,000,00,1,1,01,A01
200700009934,0,05,000,00,0,0,01,A01
200700009935,0,04,000,00,2,1,01,A01
200700009935,0,07,000,00,2,4,01,B01
200700009936,0,05,000,00,2,1,01,A01
200700009936,0,07,000,00,2,4,01,B01
200700009937,0,07,000,00,2,1,01,A01
200700009937,0,01,000,00,2,4,01,B01
200700009938,0,02,000,00,2,1,01,A01
200700009938,0,07,000,00,2,8,01,B01
200700009939,0,02,000,00,2,2,17,A01
200700009939,0,07,000,00,2,8,15,B01
200700009940,1,07,000,00,2,2,00,A01
200700009940,0,04,000,00,2,3,01,B01
200700009941,0,02,000,00,2,2,16,A01
200700009941,0,07,000,00,2,8,01,B01
200700009942,0,07,000,00,2,2,10,A01
200700009942,0,02,000,00,2,1,01,B01
200700009943,0,07,000,00,2,2,01,A01
200700009943,0,02,000,00,2,1,01,B01
200700009944,0,04,000,00,2,3,18,A01
200700009944,0,07,000,00,2,2,16,B01
200700009945,0,07,000,00,1,4,04,A01
200700009946,0,02,000,00,2,1,01,A01
200700009946,0,02,000,00,2,4,01,B01
200700009947,0,07,000,00,2,2,01,A01
200700009947,0,07,000,00,2,1,15,B01
200700009948,0,02,000,09,0,1,01,A01
200700009949,0,05,000,00,0,0,21,A01
200700009950,0,07,000,09,0,1,15,A01
200700009951,0,01,000,00,0,0,01,A01
200700009952,0,05,000,08,2,2,17,A01
200700009952,0,07,000,00,2,8,15,B01
200700009953,0,10,000,00,2,2,17,A01
200700009953,0,04,000,00,2,3,01,B01
200700009954,0,10,000,06,1,1,14,A01
200700009955,0,01,000,00,2,1,05,A01
200700009955,0,07,000,00,2,8,01,B01
200700009956,0,04,000,14,0,1,01,A01
200700009957,0,04,000,00,1,1,01,A01
200700009958,0,05,000,00,1,1,01,A01
200700009959,0,02,000,00,2,1,02,A01
200700009959,0,07,000,00,2,4,01,B01
200700009960,0,01,000,00,2,6,15,A01
200700009960,0,07,000,00,2,2,01,B01
200700009961,0,07,000,00,2,2,15,A01
200700009961,0,01,000,00,2,1,01,B01
200700009962,0,07,000,00,2,3,15,B01
200700009962,0,02,000,00,2,1,01,A01
200700009963,0,07,000,00,1,1,16,A01
200700009964,0,05,000,00,0,0,21,A01
200700009965,0,07,000,00,1,1,16,A01
200700009966,0,07,000,00,2,3,09,A01
200700009966,0,04,000,00,2,2,01,B01
200700009967,0,18,000,01,0,1,21,A01
200700009968,0,07,000,00,2,2,16,A01
200700009968,0,07,000,00,2,8,01,B01
200700009969,0,07,000,00,2,5,12,A01
200700009969,0,05,000,00,2,3,01,B01
200700009970,0,04,000,14,0,1,01,A01
200700009971,0,05,000,00,2,1,01,A01
200700009971,0,07,000,00,2,4,20,B01
200700009972,0,10,000,00,1,4,04,A01
200700009973,0,07,000,00,2,4,01,B01
200700009973,0,04,000,14,2,1,01,A01
200700009974,0,05,000,00,0,0,01,A01
200700009975,0,07,000,00,2,8,22,A01
200700009975,0,02,000,00,2,2,01,B01
200700009975,0,18,000,00,2,2,01,C01
200700009976,0,07,000,00,2,5,12,A01
200700009976,0,05,000,00,2,3,01,B01
200700009977,0,01,000,00,2,1,01,A01
200700009977,0,01,000,00,2,4,01,B01
200700009978,0,07,000,00,2,8,11,A01
200700009978,0,02,000,00,2,2,17,B01
200700009979,0,07,000,00,1,4,04,A01
200700009980,0,02,000,00,2,2,17,A01
200700009980,0,10,000,00,2,3,15,B01
200700009981,0,18,000,00,1,1,01,A01
200700009982,0,07,000,00,2,8,15,A01
200700009982,0,04,000,00,2,1,07,B01
200700009983,0,04,000,00,0,0,21,A01
200700009984,0,07,000,00,2,1,01,A01
200700009984,0,02,000,00,2,4,01,B01
200700009985,0,04,000,00,2,2,05,A01
200700009985,0,07,000,00,2,3,15,B01
200700009986,0,07,000,01,2,8,09,A01
200700009986,0,10,000,00,2,1,01,B01
200700009987,0,07,000,00,2,3,11,A01
200700009987,0,07,000,00,2,5,01,B01
200700009988,0,07,000,00,2,1,02,A01
200700009988,0,07,000,00,2,4,02,B01
200700009989,0,07,000,00,2,8,11,A01
200700009989,0,15,000,00,2,2,01,B01
200700009990,0,07,000,00,2,1,01,A01
200700009990,0,07,000,00,2,4,01,B01
200700009991,0,05,000,00,0,0,13,A01
200700009992,0,10,000,00,2,4,04,A01
200700009992,0,05,000,00,2,1,01,B01
200700009993,0,10,000,00,1,1,16,A01
200700009994,0,05,000,00,2,1,01,A01
200700009994,0,07,000,00,2,4,01,B01
200700009995,0,05,000,00,0,0,01,A01
200700009996,0,14,000,00,2,2,16,A01
200700009996,0,05,000,00,2,3,01,B01
200700009997,0,02,000,00,2,2,17,A01
200700009997,0,14,000,00,2,8,23,B01
200700009998,1,01,000,00,1,1,00,A01
200700009999,0,04,000,00,2,3,11,A01
200700009999,0,07,000,00,2,5,15,B01
200700010000,0,05,000,00,2,3,18,A01
200700010000,0,07,000,00,2,2,16,B01
200700010001,0,02,000,00,2,1,05,A01
200700010001,0,07,000,00,2,2,01,B01
200700010002,0,07,000,09,0,1,01,A01
200700010003,1,07,000,00,2,2,00,A01
200700010003,0,07,000,00,2,8,01,B01
200700010004,0,04,000,01,2,1,01,A01
200700010004,0,07,000,00,2,2,09,B01
200700010005,0,01,000,00,1,1,01,A01
200700010006,0,04,000,00,2,2,01,A01
200700010006,0,07,000,00,2,1,15,B01
200700010007,0,04,000,00,0,0,21,A01
200700010008,1,07,000,00,1,1,00,A01
200700010009,0,04,000,00,0,0,21,A01
200700010010,0,02,000,00,2,2,15,A01
200700010010,0,04,000,00,2,1,01,B01
200700010011,0,07,000,00,2,1,01,B01
200700010011,0,04,000,00,2,3,01,A01
200700010012,0,02,000,00,0,0,21,A01
200700010013,0,07,000,00,2,8,11,A01
200700010013,0,02,000,00,2,2,01,B01
200700010014,0,07,000,00,2,1,01,A01