Num_Acc,senc,catv,occutc,obs,obsm,choc,manv,num_veh
200700010014,0,07,000,00,2,8,01,B01
200700010015,0,07,000,00,1,4,04,A01
200700010016,0,07,000,00,2,2,12,A01
200700010016,0,01,000,00,2,6,01,B01
200700010017,0,07,000,00,2,3,10,A01
200700010017,0,05,000,00,2,2,01,B01
200700010018,0,07,000,00,2,3,11,A01
200700010018,0,04,000,00,2,2,17,B01
200700010019,0,04,000,00,1,1,01,A01
200700010020,0,05,000,00,1,1,01,A01
200700010021,0,05,000,00,2,1,21,A01
200700010021,0,10,000,00,2,2,23,B01
200700010022,0,07,000,00,1,1,01,A01
200700010023,0,07,000,00,2,1,01,A01
200700010023,0,04,000,00,2,4,01,B01
200700010024,0,10,000,00,1,4,04,A01
200700010025,0,07,000,00,1,4,04,A01
200700010026,0,07,000,00,2,8,10,A01
200700010026,0,05,000,00,2,2,01,B01
200700010027,0,04,000,00,0,0,21,A01
200700010028,0,07,000,00,2,8,01,B01
200700010028,0,07,000,00,2,2,01,A01
200700010029,0,07,000,00,2,8,15,A01
200700010029,0,05,000,00,2,1,01,B01
200700010030,0,14,000,00,2,1,01,A01
200700010030,0,07,000,00,2,4,23,B01
200700010031,0,07,000,09,0,1,21,A01
200700010032,0,07,000,00,2,8,10,A01
200700010032,0,05,000,00,2,2,01,B01
200700010033,0,05,000,09,0,1,01,A01
200700010034,0,02,000,00,2,2,01,A01
200700010034,0,07,000,00,2,4,01,B01
200700010035,0,07,000,00,1,1,04,A01
200700010036,0,01,000,00,2,2,01,A01
200700010036,0,05,000,00,2,1,01,B01
200700010037,0,10,000,00,2,8,10,A01
200700010037,0,10,000,00,2,2,01,B01
200700010038,0,02,000,00,2,1,01,A01
200700010038,0,07,000,00,2,3,15,B01
200700010039,0,05,000,00,1,1,01,A01
200700010040,1,07,000,00,2,1,00,A01
200700010040,0,05,000,00,2,3,01,B01
200700010041,0,07,000,00,2,6,22,A01
200700010041,0,02,000,00,2,2,01,B01
200700010042,0,07,000,00,2,8,09,A01
200700010042,0,05,000,00,2,2,01,B01
200700010043,0,10,000,00,1,1,01,A01
200700010044,0,07,000,00,2,8,13,A01
200700010044,0,02,000,00,2,2,01,B01
200700010045,0,02,000,01,0,1,01,A01
200700010046,1,07,000,00,2,1,00,A01
200700010046,0,07,000,00,2,4,23,B01
200700010047,2,07,000,00,2,8,15,A01
200700010047,0,04,000,00,2,2,01,B01
200700010048,0,02,000,00,0,0,01,A01
200700010049,0,07,000,00,2,8,01,B01
200700010049,1,07,000,00,2,2,00,A01
200700010050,0,05,000,00,1,1,01,A01
200700010051,1,07,000,00,2,1,00,A01
200700010051,0,05,000,00,2,4,01,B01
200700010051,0,07,000,00,2,4,01,C01
200700010052,0,07,000,00,2,1,01,A01
200700010052,0,02,000,00,2,1,01,B01
200700010053,0,07,000,00,2,3,01,A01
200700010053,0,07,000,00,2,2,01,B01
200700010054,0,02,000,00,1,1,01,A01
200700010055,0,07,000,01,0,1,01,A01
200700010056,0,04,000,00,2,1,01,A01
200700010056,0,07,000,00,2,4,23,B01
200700010057,0,04,000,00,2,2,01,B01
200700010057,0,07,000,00,2,8,01,A01
200700010058,0,04,000,09,0,1,21,A01
200700010059,0,07,000,00,2,8,22,A01
200700010059,0,04,000,01,2,2,18,B01
200700010060,0,02,000,01,0,1,01,A01
200700010061,0,10,000,00,2,2,17,A01
200700010061,0,02,000,00,2,6,01,B01
200700010062,0,07,000,00,2,1,01,A01
200700010062,0,10,000,00,2,4,23,B01
200700010062,0,07,000,00,2,4,23,C01
200700010063,0,02,000,00,2,2,01,B01
200700010063,0,07,000,00,2,8,10,A01
200700010064,0,07,000,08,2,2,01,B01
200700010064,0,07,000,08,2,2,01,A01
200700010065,0,05,000,00,2,1,01,A01
200700010065,0,02,000,00,2,4,01,B01
200700010066,0,07,000,01,2,2,01,A01
200700010066,0,07,000,00,2,3,01,B01
200700010067,0,07,000,00,2,2,15,A01
200700010067,0,05,000,00,2,3,01,B01
200700010068,0,07,000,00,2,1,15,A01
200700010068,0,04,000,00,2,1,01,B01
200700010069,0,02,000,12,0,1,01,A01
200700010070,0,02,000,00,2,1,07,A01
200700010070,0,02,000,00,2,4,21,B01
200700010071,1,07,000,00,2,1,00,A01
200700010071,0,05,000,00,2,4,01,B01
200700010071,0,07,000,00,2,4,01,C01
200700010072,0,18,000,00,1,1,01,A01
200700010073,0,05,000,00,2,2,17,A01
200700010073,0,10,000,00,2,8,15,B01
200700010074,0,02,000,00,2,3,16,A01
200700010074,0,07,000,00,2,2,16,B01
200700010075,0,05,000,00,0,0,01,A01
200700010076,0,04,000,00,0,0,21,A01
200700010077,0,04,000,00,1,1,01,A01
200700010078,0,02,000,00,2,2,01,A01
200700010078,0,07,000,00,2,8,15,B01
200700010079,0,07,000,00,2,8,15,A01
200700010079,0,04,000,00,2,2,17,B01
200700010080,0,04,000,00,1,1,01,A01
200700010081,0,07,000,00,2,1,01,A01
200700010081,0,04,000,00,2,4,01,B01
200700010082,0,04,000,00,2,1,07,A01
200700010082,0,07,000,00,2,4,07,B01
200700010083,0,04,000,00,0,0,21,A01
200700010084,0,07,000,00,1,4,04,A01
200700010085,0,07,000,00,2,2,16,A01
200700010085,0,04,000,00,2,3,01,B01
200700010086,0,10,000,00,2,4,01,A01
200700010086,0,04,000,00,2,4,01,B01
200700010087,0,02,000,00,1,1,01,A01
200700010088,0,04,000,00,2,3,11,A01
200700010088,0,07,000,00,2,2,01,B01
200700010089,0,07,000,00,2,3,15,A01
200700010089,0,05,000,00,2,1,01,B01
200700010090,0,05,000,00,1,2,01,A01
200700010091,0,07,000,00,2,3,16,A01
200700010091,0,02,000,00,2,5,16,B01
200700010092,0,07,000,00,2,8,09,A01
200700010092,0,05,000,00,2,1,01,B01
200700010093,0,07,000,00,2,2,10,A01
200700010093,0,04,000,00,2,2,01,B01
200700010094,0,05,000,00,2,2,17,A01
200700010094,0,07,000,00,2,3,15,B01
200700010095,0,01,000,00,1,1,01,A01
200700010096,0,07,000,00,2,1,15,A01
200700010096,0,02,000,00,2,1,01,B01
200700010097,1,02,000,00,2,0,00,A01
200700010097,0,07,000,00,2,1,01,B01
200700010098,0,07,000,00,2,2,15,A01
200700010098,0,05,000,00,2,2,01,B01
200700010099,0,07,000,00,2,8,15,A01
200700010099,0,02,000,00,2,2,17,B01
200700010100,0,10,000,00,2,1,01,A01
200700010100,0,18,000,00,2,4,01,B01
200700010100,0,07,000,00,2,4,01,C01
200700010101,0,04,000,00,2,1,01,B01
200700010101,0,07,000,00,2,1,15,A01
200700010102,0,07,000,00,1,1,01,A01
200700010103,0,14,000,00,2,8,11,A01
200700010103,0,05,000,01,2,2,01,B01
200700010104,0,05,000,00,2,2,17,A01
200700010104,0,14,000,00,2,8,15,B01
200700010105,0,10,000,00,1,1,15,A01
200700010106,0,10,000,00,2,4,01,A01
200700010106,0,07,000,00,2,1,01,B01
200700010106,0,10,000,00,2,4,01,C01
200700010106,0,07,000,00,2,4,01,D01
200700010107,0,05,000,00,2,1,01,A01
200700010107,0,07,000,00,2,4,01,B01
200700010108,0,10,000,00,2,3,11,A01
200700010108,0,07,000,00,2,5,01,B01
200700010108,0,07,000,00,2,4,01,C01
200700010109,0,07,000,00,2,2,12,A01
200700010109,0,05,000,00,2,3,01,B01
200700010110,0,05,000,00,0,0,01,A01
200700010111,0,04,000,00,0,0,21,A01
200700010112,0,05,000,00,2,2,12,A01
200700010112,0,07,000,00,2,8,01,B01
200700010113,0,07,000,00,2,1,01,A01
200700010113,0,07,000,00,2,4,01,B01
200700010114,0,07,000,00,2,1,01,A01
200700010114,0,07,000,00,2,4,01,B01
200700010114,0,07,000,00,2,4,01,C01
200700010115,0,07,000,00,1,1,01,A01
200700010116,0,07,000,00,2,6,18,A01
200700010116,0,05,000,00,2,2,01,B01
200700010117,0,07,000,00,2,2,11,A01
200700010117,0,07,000,00,2,4,16,B01
200700010118,0,04,000,00,2,6,07,A01
200700010118,0,07,000,00,2,2,16,B01
200700010119,0,02,000,00,2,1,02,A01
200700010119,0,07,000,00,2,4,23,B01
200700010120,0,02,000,00,2,2,01,A01
200700010120,0,04,000,00,2,2,01,B01
200700010121,0,04,000,00,2,3,15,A01
200700010121,0,18,000,00,2,2,01,B01
200700010122,0,07,000,00,2,8,01,B01
200700010122,0,04,000,00,2,2,01,A01
200700010123,0,05,000,00,2,1,01,A01
200700010123,0,01,000,00,2,4,01,B01
200700010124,0,10,000,00,2,2,01,A01
200700010124,0,07,000,00,2,8,01,B01
200700010125,0,04,000,09,0,1,01,A01
200700010126,0,04,000,00,2,2,01,A01
200700010126,0,07,000,00,2,8,01,B01
200700010126,0,10,000,00,2,7,01,C01
200700010127,0,04,000,00,0,0,21,A01
200700010128,0,07,000,00,2,8,09,A01
200700010128,0,05,000,00,2,2,01,B01
200700010129,0,07,000,00,2,2,15,A01
200700010129,0,05,000,00,2,3,01,B01
200700010129,0,01,000,00,2,3,01,C01
200700010130,1,07,000,00,1,1,00,A01
200700010131,0,07,000,09,0,1,15,A01
200700010132,0,07,000,00,2,1,01,B01
200700010132,0,07,000,01,2,2,01,A01
200700010133,0,07,000,00,2,8,09,A01
200700010133,0,04,000,00,2,2,01,B01
200700010134,1,07,000,00,2,2,00,A01
200700010134,0,04,000,00,2,2,01,B01
200700010135,0,07,000,00,1,4,04,A01
200700010136,0,07,000,00,1,4,04,A01
200700010137,0,07,000,00,2,8,15,A01
200700010137,0,04,000,00,2,2,01,B01
200700010138,0,07,000,00,1,1,15,A01
200700010139,0,05,000,00,0,0,01,A01
200700010140,0,07,000,00,2,3,15,A01
200700010140,0,05,000,00,2,1,01,B01
200700010141,0,07,000,00,2,2,01,B01
200700010141,0,05,000,00,2,2,01,A01
200700010142,0,07,000,00,2,5,17,A01
200700010142,0,04,000,00,2,6,01,B01
200700010143,0,05,000,00,0,0,21,A01
200700010144,0,02,000,00,2,3,17,A01
200700010144,0,07,000,00,2,1,01,B01
200700010145,0,04,000,00,2,3,11,A01
200700010145,0,07,000,00,2,5,01,B01
200700010146,0,05,000,00,2,1,01,A01
200700010146,0,07,000,00,2,4,01,B01
200700010147,0,05,000,00,2,1,01,A01
200700010147,0,07,000,00,2,4,01,B01
200700010148,0,07,000,00,2,1,01,A01
200700010148,0,07,000,00,2,4,01,B01
200700010148,0,07,000,00,2,4,01,C01
200700010149,0,05,000,00,0,0,01,A01
200700010150,0,07,000,00,2,8,10,A01
200700010150,0,02,000,00,2,2,01,B01
200700010151,0,02,000,01,0,1,01,A01
200700010152,0,04,000,00,2,3,18,A01
200700010152,0,07,000,00,2,2,16,B01
200700010153,0,02,000,00,0,0,21,A01
200700010154,0,05,000,00,2,2,03,A01
200700010154,0,07,000,00,2,8,01,B01
200700010154,0,07,000,00,2,7,01,C01
200700010155,0,07,000,00,2,1,01,A01
200700010155,0,07,000,00,2,4,01,B01
200700010156,0,07,000,00,2,2,12,A01
200700010156,0,05,000,00,2,3,01,B01
200700010157,0,07,000,00,2,8,11,A01
200700010157,0,05,000,00,2,3,01,B01
200700010157,0,07,000,00,2,4,01,C01
200700010158,0,05,000,00,2,1,01,A01
200700010158,0,07,000,00,2,5,01,B01
200700010158,0,07,000,00,2,4,01,C01
200700010159,0,05,000,00,0,0,01,A01
200700010160,0,05,000,00,2,1,01,A01
200700010160,0,07,000,00,2,4,01,B01
200700010161,0,07,000,04,0,3,13,A01
200700010162,0,07,000,04,0,3,01,A01
200700010163,0,07,000,00,2,1,01,A01
200700010163,0,07,000,00,2,4,01,B01
200700010163,0,07,000,00,2,4,01,C01
200700010164,0,05,000,00,0,0,21,A01
200700010165,0,07,000,00,2,1,01,A01
200700010165,0,07,000,00,2,4,01,B01
200700010166,0,07,000,00,2,3,11,A01
200700010166,0,07,000,00,2,5,01,B01
200700010166,0,07,000,00,2,4,01,C01
200700010166,0,07,000,00,2,4,01,D01
200700010167,1,07,000,00,2,2,00,A01
200700010167,0,05,000,00,2,6,01,B01
200700010168,0,07,000,04,0,3,13,A01
200700010169,1,07,000,00,2,2,00,A01
200700010169,0,04,000,00,2,3,03,B01
200700010170,0,07,000,00,2,1,01,A01
200700010170,0,10,000,00,2,4,01,B01
200700010170,0,07,000,00,2,4,01,C01
200700010171,0,07,000,00,2,6,09,B01
200700010171,1,15,000,00,2,2,00,A01
200700010172,0,05,000,00,2,2,12,A01
200700010172,0,07,000,00,2,8,01,B01
200700010173,0,07,000,00,2,1,01,A01
200700010173,0,10,000,00,2,4,01,B01
200700010174,1,07,000,00,2,8,00,A01
200700010174,0,05,000,00,2,3,01,B01
200700010174,0,07,000,00,2,2,01,C01
200700010175,0,05,000,00,2,1,01,A01
200700010175,0,07,000,00,2,4,01,B01
200700010176,0,07,000,00,2,3,01,B01
200700010176,0,04,000,00,2,2,01,A01
200700010177,1,07,000,00,2,2,00,A01
200700010177,0,04,000,00,2,3,01,B01
200700010178,0,04,000,00,0,0,03,A01
200700010179,0,07,000,00,1,1,01,A01
200700010180,1,17,000,00,2,2,00,A01
200700010180,0,07,000,00,2,2,01,B01
200700010181,0,14,000,00,2,2,16,A01
200700010181,0,01,000,00,2,3,07,B01
200700010182,0,10,000,00,1,4,04,A01
200700010183,0,02,000,14,0,2,01,A01
200700010184,0,05,000,00,2,6,01,B01
200700010184,0,04,000,00,2,1,01,A01
200700010185,0,05,000,00,2,1,01,B01
200700010185,0,07,000,00,2,2,15,A01
200700010186,0,05,000,00,2,2,17,A01
200700010186,0,07,000,00,2,6,01,B01
200700010187,0,07,000,00,1,2,11,A01
200700010188,0,02,000,00,2,1,01,B01
200700010188,0,02,000,00,2,3,05,A01
200700010189,0,04,000,00,1,1,01,A01
200700010190,0,07,000,00,1,1,01,A01
200700010191,2,04,000,00,2,1,00,A01
200700010191,0,02,000,00,2,1,01,B01
200700010191,2,02,000,00,2,3,00,C01
200700010192,0,02,000,12,0,3,13,A01
200700010193,0,14,000,00,2,2,16,A01
200700010193,0,02,000,00,2,6,01,B01
200700010194,0,07,000,00,2,6,21,A01
200700010194,0,02,000,00,2,2,01,B01
200700010195,0,07,000,00,2,8,15,A01
200700010195,0,05,000,00,2,2,01,B01
200700010196,0,10,000,00,2,1,16,B01
200700010196,0,07,000,00,2,2,01,A01
200700010197,0,14,000,00,1,1,01,A01
200700010198,0,07,000,00,2,2,15,A01
200700010198,0,05,000,00,2,1,01,B01
200700010199,0,05,000,00,1,1,01,A01
200700010200,0,07,000,00,2,2,15,A01
200700010200,0,05,000,00,2,1,01,B01
200700010201,0,05,000,03,0,6,01,A01
200700010202,0,07,000,02,0,2,01,A01
200700010203,0,07,000,02,0,3,13,A01
200700010204,0,07,000,00,2,2,12,A01
200700010204,0,07,000,00,2,8,01,B01
200700010205,0,02,000,14,0,1,01,A01
200700010206,0,20,000,01,2,1,01,B01
200700010206,0,07,000,06,2,7,01,A01
200700010207,0,18,000,00,2,2,01,B01
200700010207,0,07,000,00,2,1,01,A01
200700010208,0,07,000,00,2,1,01,A01
200700010208,0,05,000,00,2,4,01,B01
200700010209,0,07,000,03,0,1,01,A01
200700010210,0,07,000,00,1,1,01,A01
200700010211,0,07,000,00,2,1,01,A01
200700010211,0,05,000,00,2,4,23,B01
200700010212,0,07,000,00,2,2,16,A01
200700010212,0,05,000,00,2,3,01,B01
200700010213,0,02,000,00,1,1,01,A01
200700010214,0,05,000,00,2,3,18,A01
200700010214,0,15,000,00,2,5,01,B01
200700010214,0,07,000,00,2,6,16,C01
200700010215,0,07,000,00,2,1,15,A01
200700010215,0,04,000,00,2,1,01,B01
200700010216,0,05,000,11,0,1,01,A01
200700010217,0,05,000,00,2,1,05,A01
200700010217,0,07,000,00,2,3,15,B01
200700010218,0,05,000,08,0,1,01,A01
200700010219,0,04,000,00,1,1,01,A01
200700010219,0,07,000,00,2,1,01,B01
200700010220,0,07,000,00,2,6,10,A01
200700010220,0,05,000,00,2,2,01,B01
200700010221,0,07,000,00,2,1,01,A01
200700010222,0,07,000,00,1,1,01,A01
200700010223,0,07,000,00,2,2,15,A01
200700010223,0,05,000,00,2,1,01,B01
200700010224,0,05,000,09,2,7,17,A01
200700010224,0,07,000,00,2,3,15,B01
200700010225,0,05,000,00,2,7,17,A01
200700010225,0,07,000,00,2,3,01,B01
200700010226,0,10,000,00,1,2,01,A01
200700010227,0,14,000,00,2,5,15,A01
200700010227,0,04,000,00,2,1,01,B01
200700010228,0,07,000,00,1,2,01,A01
200700010229,0,10,000,00,2,3,15,A01
200700010229,0,07,000,00,2,0,01,B01
200700010229,0,07,000,00,0,1,23,C01
200700010230,0,07,000,00,9,3,15,A01
200700010230,0,02,000,00,2,3,01,B01
200700010231,0,07,000,00,2,7,10,A01
200700010231,0,30,000,00,2,1,01,B01
200700010232,0,07,000,00,2,3,15,A01
200700010232,0,33,000,00,2,1,01,B01
200700010233,0,07,000,00,2,1,15,A01
200700010233,0,07,000,00,2,3,01,B01
200700010234,0,02,000,00,2,1,01,A01
200700010234,0,07,000,00,2,2,15,B01
200700010235,0,07,000,06,0,1,02,A01
200700010236,0,07,000,00,2,1,17,A01
200700010236,0,07,000,00,2,1,01,B01
200700010237,0,07,000,00,1,2,01,A01
200700010238,0,10,000,00,1,3,01,A01
200700010239,0,33,000,00,2,1,01,A01
200700010239,0,37,001,00,2,3,01,B01
200700010240,0,07,000,00,2,1,01,A01
200700010240,0,37,000,00,2,4,01,B01
200700010241,0,10,000,00,2,2,01,A01
200700010241,0,10,000,00,2,4,23,B01
200700010241,0,07,000,00,2,4,23,C01
200700010242,0,07,000,00,2,2,15,A01
200700010242,0,30,000,00,2,1,01,B01
200700010243,0,07,000,00,2,3,15,A01
200700010243,0,07,000,00,2,8,01,B01
200700010244,0,07,000,06,0,1,14,A01
200700010245,0,07,000,00,1,2,12,A01
200700010245,0,02,000,00,2,8,01,B01
200700010246,0,01,000,12,0,1,01,A01
200700010247,0,33,000,00,2,1,01,A01
200700010247,0,07,000,00,0,6,02,B01
200700010248,0,07,000,00,2,1,01,B01
200700010248,0,30,000,00,2,1,05,A01
200700010249,0,14,000,00,2,1,01,B01
200700010249,0,07,000,00,2,8,09,A01
200700010250,0,07,000,00,2,1,01,A01
200700010250,0,07,000,00,2,4,01,B01
200700010250,0,07,000,00,0,0,01,C01
200700010251,0,07,000,00,2,3,10,A01
200700010251,0,30,000,00,2,1,01,B01
200700010252,0,07,000,00,1,4,04,A01
200700010253,0,02,000,00,2,4,15,A01
200700010253,0,07,000,00,2,1,01,B01
200700010254,0,07,000,00,2,5,11,A01
200700010254,0,02,000,00,2,9,01,B01
200700010255,0,07,000,00,2,3,01,A01
200700010255,0,33,000,00,2,2,15,B01
200700010256,0,07,000,00,1,2,00,A01
200700010257,0,15,000,02,2,1,01,A01
200700010257,0,14,000,00,2,1,15,B01
200700010258,0,07,000,00,2,2,15,A01
200700010258,0,02,000,00,2,1,00,B01
200700010259,0,07,000,00,1,7,01,A01
200700010260,0,07,000,06,0,3,11,A01
200700010261,0,07,000,00,9,1,01,A01
200700010261,0,07,000,02,0,5,01,B01
200700010262,0,15,000,00,2,2,12,A01
200700010262,0,07,000,00,2,1,01,B01
200700010263,0,07,000,00,2,3,05,A01
200700010263,0,07,000,00,2,3,01,B01
200700010264,1,07,000,00,2,1,01,A01
200700010264,0,02,000,00,2,9,01,B01
200700010265,0,30,000,00,2,1,01,A01
200700010265,0,07,000,00,2,5,01,B01
200700010266,0,07,000,00,2,8,18,A01
200700010266,0,07,000,05,2,2,01,B01
200700010267,0,07,000,00,4,7,00,A01
200700010267,0,07,001,00,2,1,01,B01
200700010268,0,07,000,00,2,2,01,A01
200700010268,0,07,000,00,2,1,01,B01
200700010268,0,07,000,00,2,8,15,C01
200700010269,0,07,000,00,2,3,01,A01
200700010269,0,33,000,00,2,5,12,B01
200700010270,0,07,000,00,1,1,01,A01
200700010271,0,07,000,00,1,2,00,A01
200700010272,0,07,000,09,2,2,15,A01
200700010272,0,30,000,09,2,1,17,B01
200700010273,0,02,000,00,2,1,17,A01
200700010273,0,07,000,00,2,3,15,B01
200700010274,0,07,000,00,2,3,00,A01
200700010274,0,33,000,00,2,3,01,B01
200700010275,0,07,000,09,0,2,16,A01
200700010276,0,02,000,00,1,3,01,A01
200700010277,0,07,000,00,1,0,00,A01
200700010278,0,02,000,00,0,7,01,A01
200700010279,0,07,000,00,2,1,10,A01
200700010279,0,07,000,00,2,2,13,B01
200700010280,0,07,000,00,1,2,01,A01
200700010281,0,07,000,00,2,1,01,B01
200700010281,0,07,000,00,2,2,01,A01
200700010282,0,07,000,00,2,1,17,A01
200700010282,0,07,000,00,2,1,01,B01
200700010283,0,07,000,00,1,1,01,A01
200700010284,0,07,000,00,1,1,01,A01
200700010285,0,07,000,00,2,2,09,A01
200700010285,0,07,000,00,2,2,09,B01
200700010286,0,07,000,00,2,1,02,A01
200700010286,0,07,000,00,0,4,23,B01
200700010287,0,34,000,00,0,7,17,A01
200700010287,0,07,000,00,0,0,13,B01
200700010288,0,07,000,08,2,1,17,A01
200700010288,0,07,000,01,2,8,15,B01
200700010289,0,10,000,00,1,3,01,A01
200700010290,0,07,000,00,6,1,13,A01
200700010290,0,07,000,00,2,1,01,B01
200700010291,0,07,000,02,2,7,17,A01
200700010291,0,15,000,00,2,8,01,B01
200700010292,0,07,000,02,0,0,01,A01
200700010293,0,07,000,14,2,2,00,A01
200700010293,0,07,000,00,2,3,00,B01
200700010294,0,01,000,00,2,8,11,A01
200700010294,0,14,000,00,2,2,17,B01
200700010295,2,07,000,13,2,1,01,A01
200700010295,0,07,000,13,2,8,01,B01
200700010296,0,07,000,00,2,1,02,A01
200700010296,0,07,000,00,0,4,23,B01
200700010297,0,07,000,00,1,3,01,A01
200700010298,0,02,000,00,2,1,02,A01
200700010298,0,07,000,00,0,6,23,B01
200700010299,0,07,000,00,2,1,02,A01
200700010299,0,07,000,00,0,4,02,B01
200700010300,0,07,000,00,0,8,10,A01
200700010300,0,07,000,00,2,1,01,B01
200700010301,0,10,000,00,2,2,15,A01
200700010301,0,02,000,00,2,1,01,B01
200700010302,0,07,000,00,2,3,01,A01
200700010302,0,07,000,08,2,7,01,B01
200700010303,0,07,000,00,2,8,09,A01
200700010303,0,07,000,00,2,2,01,B01
200700010304,0,07,000,00,2,3,11,A01
200700010304,0,33,000,01,2,1,01,B01
200700010305,2,10,000,14,1,3,16,A01
200700010306,0,07,000,00,2,7,15,A01
200700010306,0,33,000,00,2,1,05,B01
200700010307,0,07,000,00,2,1,02,A01
200700010307,0,07,000,00,2,4,02,B01
200700010307,0,07,000,00,2,4,02,C01
200700010307,0,07,000,00,2,4,02,D01
200700010308,0,31,000,00,2,1,01,B01
200700010308,0,07,000,00,2,2,15,A01
200700010309,1,07,000,00,0,0,00,A01
200700010309,0,07,000,00,0,0,00,B01
200700010310,0,07,000,13,0,1,06,A01
200700010311,0,30,000,00,0,0,00,A01
200700010312,1,07,000,00,1,2,02,A01
200700010313,0,07,000,00,1,1,01,A01
200700010314,0,14,000,00,2,1,01,B01
200700010314,0,07,000,00,2,8,09,A01
200700010315,0,07,000,00,0,1,11,A01
200700010315,0,02,000,00,2,1,01,B01
200700010316,0,30,000,00,2,1,02,B01
200700010316,0,07,000,00,2,1,12,A01
200700010317,0,07,000,00,1,3,01,A01
200700010318,0,03,000,00,1,1,01,A01
200700010319,0,10,000,00,1,1,15,A01
200700010320,0,01,000,00,1,1,16,A01
200700010321,0,30,000,00,2,2,01,B01
200700010321,0,07,000,00,2,3,15,A01
200700010322,0,01,000,00,2,4,02,B01
200700010322,0,07,000,00,9,1,02,A01
200700010323,0,07,000,03,0,3,09,A01
200700010324,0,33,000,00,0,0,00,A01
200700010325,0,01,000,00,2,1,01,B01
200700010325,0,07,000,00,2,8,15,A01
200700010326,0,07,000,00,2,2,16,A01
200700010326,0,07,000,00,2,3,01,B01
200700010327,0,07,000,00,2,2,15,A01
200700010327,0,01,000,00,2,4,01,B01
200700010328,0,17,000,00,2,2,12,A01
200700010328,0,07,000,02,2,8,01,B01
200700010328,0,07,000,00,2,6,01,C01
200700010328,0,07,000,00,2,8,01,D01
200700010328,0,07,000,00,2,2,01,E01
200700010329,0,07,000,00,1,7,01,A01
200700010330,0,07,000,00,2,6,11,B01
200700010330,0,32,000,00,2,2,01,C01
200700010330,0,07,000,00,2,0,09,A01
200700010331,0,02,000,01,0,1,01,A01
200700010332,0,07,000,00,2,1,02,A01
200700010332,0,07,000,00,2,4,02,B01
200700010333,0,07,000,00,0,8,01,A01
200700010334,0,32,000,00,0,8,01,A01
200700010335,0,07,000,00,1,1,01,A01
200700010336,0,10,000,00,1,1,01,A01
200700010337,0,07,000,00,1,1,17,A01
200700010338,1,33,000,00,2,1,01,A01
200700010338,0,07,000,00,2,7,15,B01
200700010339,0,07,000,00,2,1,01,A01
200700010339,0,07,000,00,2,3,01,B01
200700010340,0,10,000,03,2,9,17,A01
200700010340,0,07,000,00,2,3,17,B01
200700010340,0,07,000,00,2,3,01,C01
200700010341,0,07,000,00,2,1,01,A01
200700010341,0,01,000,00,2,7,01,B01
200700010342,0,07,000,00,2,3,01,A01
200700010342,0,07,000,00,2,1,01,B01
200700010343,0,07,000,00,1,3,01,A01
200700010344,0,10,000,00,1,2,11,A01
200700010345,0,33,000,04,0,3,01,A01
200700010346,0,30,000,00,2,1,00,A01
200700010346,0,07,000,00,0,5,00,B01
200700010347,0,99,000,00,2,1,01,A01
200700010347,0,07,000,00,2,3,00,B01
200700010348,0,37,000,00,1,0,00,A01
200700010349,0,07,000,00,1,2,01,A01
200700010350,0,07,000,00,2,1,01,A01
200700010350,0,07,000,00,0,4,01,B01
200700010351,0,07,000,00,2,1,02,A01
200700010351,0,07,000,00,2,4,23,B01
200700010351,0,07,000,00,2,4,23,C01
200700010352,0,99,000,00,2,1,02,A01
200700010352,0,07,000,00,2,4,02,B01
200700010353,0,07,000,00,2,3,02,A01
200700010353,0,31,000,00,0,4,02,B01
200700010354,0,07,000,00,1,2,21,A01
200700010355,0,30,000,00,0,1,16,B01
200700010355,0,10,000,00,2,3,09,A01
200700010356,0,10,000,00,2,8,15,A01
200700010356,0,34,000,00,0,7,13,B01
200700010357,0,07,000,00,2,1,05,A01
200700010357,0,07,000,00,2,1,01,B01
200700010357,0,07,000,08,0,6,01,C01
200700010358,0,07,000,00,0,4,01,B01
200700010358,0,07,000,00,2,1,01,A01
200700010359,0,10,000,00,2,1,02,A01
200700010359,0,10,000,00,2,4,02,B01
200700010359,0,10,000,00,2,4,02,C01
200700010360,0,07,000,00,2,1,16,B01
200700010360,0,07,000,00,2,1,02,A01
200700010361,2,07,000,00,2,1,02,A01
200700010361,0,33,000,00,2,4,02,B01
200700010361,0,10,000,00,0,4,02,C01
200700010362,0,07,000,00,2,1,01,B01
200700010362,0,07,000,00,2,7,15,A01
200700010363,0,07,000,00,2,3,00,B01
200700010363,0,07,000,00,2,3,15,A01
200700010364,0,07,000,00,2,1,01,A01
200700010364,0,07,000,00,2,4,01,B01
200700010365,0,07,000,00,9,1,00,A01
200700010365,0,01,000,00,0,6,00,B01
200700010366,0,07,000,00,1,3,01,A01
200700010367,0,07,000,00,2,3,01,B01
200700010367,0,07,000,00,2,1,01,A01
200700010368,0,07,000,00,0,4,10,A01
200700010368,0,07,000,00,2,1,01,B01
200700010368,0,07,000,00,2,1,02,C01
200700010369,0,30,000,15,0,1,00,A01
200700010370,0,02,000,00,2,1,01,B01
200700010370,0,07,000,00,2,2,15,A01
200700010371,0,07,000,00,2,1,01,A01
200700010371,0,07,000,00,2,8,23,B01
200700010372,0,07,000,00,2,3,02,A01
200700010372,0,07,000,00,0,5,02,B01