Num_Acc,senc,catv,occutc,obs,obsm,choc,manv,num_veh
200700010373,0,07,000,00,1,1,01,A01
200700010373,0,07,000,00,2,4,23,B01
200700010373,0,07,000,00,2,4,23,C01
200700010373,0,07,000,00,2,4,23,D01
200700010374,0,33,000,00,2,1,01,A01
200700010374,0,07,000,00,2,6,15,B01
200700010375,0,07,000,00,2,5,15,A01
200700010375,0,31,000,00,2,1,01,B01
200700010376,0,07,000,16,0,9,00,A01
200700010377,0,07,000,00,2,1,13,A01
200700010377,0,31,000,00,2,1,02,B01
200700010378,0,30,000,14,0,1,01,A01
200700010378,0,07,000,00,0,4,01,B01
200700010379,0,07,000,00,2,3,01,B01
200700010379,0,07,000,00,2,2,01,A01
200700010380,0,07,000,00,2,0,01,B01
200700010380,0,07,000,00,2,8,09,A01
200700010381,0,02,000,00,0,7,01,A01
200700010382,0,07,000,00,2,4,01,A01
200700010382,1,07,000,00,2,1,00,B01
200700010383,0,07,000,00,9,2,00,A01
200700010384,0,07,000,06,0,4,04,A01
200700010385,0,07,000,00,2,1,15,A01
200700010385,0,07,000,00,2,1,01,B01
200700010386,0,02,000,00,2,7,01,A01
200700010386,0,07,000,00,2,2,01,B01
200700010387,0,07,000,08,0,1,01,A01
200700010388,0,07,000,02,0,1,01,A01
200700010389,0,34,000,09,0,1,00,A01
200700010390,0,33,000,00,2,1,17,A01
200700010390,0,07,000,00,0,3,15,B01
200700010391,0,07,000,00,2,2,01,B01
200700010391,0,07,000,00,0,3,16,A01
200700010392,0,07,000,01,1,1,01,A01
200700010392,0,07,000,00,0,4,23,B01
200700010393,0,33,000,00,2,2,02,A01
200700010393,0,07,000,00,0,6,01,B01
200700010394,0,07,000,00,2,7,13,A01
200700010394,0,07,000,00,2,1,01,B01
200700010394,0,07,000,00,9,2,01,C01
200700010395,0,07,000,00,2,1,01,A01
200700010395,0,07,000,00,2,1,01,B01
200700010396,0,07,000,00,2,1,01,B01
200700010396,0,07,000,00,2,1,15,A01
200700010397,0,07,000,00,2,1,13,A01
200700010397,0,07,000,00,2,1,01,B01
200700010398,0,07,000,00,2,1,13,A01
200700010398,0,07,000,00,2,1,01,B01
200700010399,0,07,000,00,2,1,02,A01
200700010399,0,33,000,00,2,4,02,B01
200700010400,0,07,000,00,1,2,01,A01
200700010401,0,07,000,00,2,1,01,A01
200700010401,0,07,000,00,2,4,01,B01
200700010402,0,02,000,00,2,5,01,A01
200700010402,0,07,000,00,2,1,01,B01
200700010403,0,07,000,00,1,1,15,A01
200700010404,0,10,000,00,2,2,01,A01
200700010404,0,33,000,00,2,1,01,B01
200700010405,0,07,000,00,2,4,23,A01
200700010405,0,07,000,00,2,1,01,B01
200700010405,0,07,000,00,2,4,01,C01
200700010405,0,07,000,00,2,1,01,D01
200700010406,0,07,000,00,2,1,02,A01
200700010406,0,07,000,00,0,4,23,B01
200700010407,0,07,000,00,2,3,11,A01
200700010407,0,07,000,00,0,2,01,B01
200700010408,0,33,000,00,2,1,01,A01
200700010408,0,07,000,00,0,4,01,B01
200700010409,0,07,000,00,0,3,10,A01
200700010409,0,33,000,00,2,1,17,B01
200700010410,0,07,000,12,0,7,01,A01
200700010411,0,07,000,00,2,3,15,A01
200700010411,0,07,000,00,2,2,21,B01
200700010412,0,13,000,00,2,3,11,A01
200700010412,0,07,000,00,0,2,01,B01
200700010413,0,07,000,00,2,2,15,A01
200700010413,0,02,000,00,2,1,01,B01
200700010414,0,07,000,00,2,1,09,A01
200700010414,0,02,000,00,2,1,01,B01
200700010415,0,33,000,00,2,1,14,B01
200700010415,0,07,000,00,9,8,09,A01
200700010415,0,10,000,00,0,0,09,C01
200700010416,0,07,000,12,0,1,13,A01
200700010417,0,07,000,00,1,1,01,A01
200700010418,0,07,000,00,9,3,15,A01
200700010418,0,02,000,00,2,1,01,B01
200700010419,0,07,000,00,1,4,04,A01
200700010420,0,30,000,00,2,1,19,B01
200700010420,0,07,000,00,2,6,19,A01
200700010421,0,07,000,00,1,3,01,A01
200700010422,0,07,000,00,2,1,15,A01
200700010422,0,07,000,00,2,1,01,B01
200700010423,0,33,000,00,2,7,02,B01
200700010423,0,07,000,00,2,7,15,A01
200700010424,0,01,000,00,0,5,16,B01
200700010424,0,07,000,00,2,1,09,A01
200700010425,0,02,000,00,2,1,01,A01
200700010425,0,07,000,00,2,8,15,B01
200700010426,0,30,000,09,0,1,01,A01
200700010427,0,07,000,00,2,8,15,A01
200700010427,0,02,000,00,2,1,01,B01
200700010428,0,07,000,00,2,2,11,A01
200700010428,0,33,000,00,2,7,01,B01
200700010429,0,07,000,00,2,1,01,A01
200700010429,0,02,000,00,2,1,24,B01
200700010430,0,07,000,00,2,1,01,A01
200700010430,0,07,000,00,2,4,01,B01
200700010431,0,10,000,00,2,1,01,A01
200700010431,0,07,000,00,2,6,01,B01
200700010432,0,07,000,16,0,9,01,A01
200700010433,0,14,000,00,2,5,15,A01
200700010433,0,30,000,00,2,1,01,B01
200700010434,0,07,000,00,2,3,09,A01
200700010434,0,02,000,00,2,1,01,B01
200700010435,0,07,000,00,1,1,01,A01
200700010436,0,07,000,00,2,1,15,A01
200700010436,0,07,000,00,2,1,01,B01
200700010437,0,10,000,00,2,1,01,B01
200700010437,0,10,000,00,2,7,15,A01
200700010438,0,07,000,00,2,1,01,B01
200700010438,0,07,000,00,2,1,01,C01
200700010438,0,07,000,00,2,3,15,A01
200700010439,0,07,000,01,0,2,01,A01
200700010440,0,02,000,00,2,1,01,B01
200700010440,0,07,000,00,2,3,15,A01
200700010441,0,07,000,16,0,1,01,A01
200700010442,0,07,000,00,2,1,01,A01
200700010442,0,07,000,00,2,4,01,B01
200700010442,0,07,000,00,2,4,01,C01
200700010443,0,07,000,00,2,1,15,A01
200700010443,0,02,000,00,2,1,17,B01
200700010444,0,07,000,00,1,1,01,A01
200700010445,0,10,000,00,2,1,01,A01
200700010445,0,10,000,00,2,2,01,B01
200700010446,0,10,000,00,2,1,15,A01
200700010446,0,07,000,00,1,1,15,B01
200700010447,0,07,000,05,0,1,01,A01
200700010448,0,02,000,00,2,1,01,B01
200700010448,0,07,000,00,2,2,01,A01
200700010449,0,07,000,00,6,1,01,A01
200700010449,0,07,000,00,2,1,01,B01
200700010450,0,07,000,00,2,8,24,A01
200700010450,0,01,000,01,0,1,01,B01
200700010451,0,01,000,16,0,1,16,A01
200700010452,0,07,000,00,2,1,01,A01
200700010452,0,01,000,00,2,4,01,B01
200700010453,0,02,000,00,6,1,01,A01
200700010454,0,01,000,16,0,1,01,A01
200700010455,0,07,000,00,1,1,15,A01
200700010456,0,07,000,00,2,2,17,A01
200700010456,0,07,000,00,2,3,15,B01
200700010457,0,07,000,00,2,5,15,A01
200700010457,0,30,000,00,2,3,01,B01
200700010458,0,07,000,00,2,3,05,A01
200700010458,0,07,000,00,2,3,01,B01
200700010459,0,07,000,13,0,9,14,A01
200700010460,0,07,000,00,2,3,01,B01
200700010460,0,01,000,00,2,1,01,A01
200700010461,0,07,000,00,2,1,02,A01
200700010461,0,07,000,00,2,4,23,B01
200700010462,0,07,000,00,2,0,01,A01
200700010462,0,02,000,00,2,1,01,B01
200700010463,0,07,000,00,2,3,15,A01
200700010463,0,02,000,00,2,1,01,B01
200700010464,0,07,000,00,2,3,15,A01
200700010464,0,33,000,00,2,1,17,B01
200700010465,0,30,000,00,2,1,01,A01
200700010465,0,07,000,00,2,3,01,B01
200700010466,0,07,000,01,0,1,02,A01
200700010467,0,07,000,00,2,2,01,B01
200700010467,0,07,000,00,2,3,01,A01
200700010468,0,02,000,00,0,1,01,B01
200700010468,0,99,000,00,0,3,15,A01
200700010469,0,30,000,00,2,7,02,A01
200700010469,0,07,000,00,0,0,02,C01
200700010469,0,07,000,00,0,0,02,B01
200700010470,0,07,000,15,0,1,06,A01
200700010471,0,01,000,00,2,8,15,B01
200700010471,0,07,000,00,2,1,15,A01
200700010472,0,07,000,00,2,4,01,A01
200700010472,0,14,000,00,2,2,02,B01
200700010473,0,07,000,13,0,6,14,A01
200700010474,0,07,000,00,2,7,19,A01
200700010474,0,07,000,00,2,1,01,B01
200700010475,0,07,000,01,0,1,01,A01
200700010476,0,07,000,00,2,1,05,A01
200700010476,0,07,000,04,2,1,01,B01
200700010476,0,07,000,00,2,8,02,C01
200700010477,0,07,000,15,2,2,19,A01
200700010477,0,07,000,00,2,1,01,B01
200700010478,0,07,000,00,2,1,01,A01
200700010478,0,07,000,00,2,3,01,B01
200700010479,0,07,000,00,2,4,02,B01
200700010480,0,07,000,00,2,1,01,B01
200700010480,0,07,000,00,2,5,19,A01
200700010481,0,07,000,00,2,1,13,A01
200700010481,0,07,000,00,2,6,01,B01
200700010481,0,07,000,00,2,3,23,C01
200700010482,0,07,000,00,2,1,02,A01
200700010482,0,07,000,00,2,4,16,B01
200700010483,0,07,000,00,2,1,15,A01
200700010483,0,07,000,00,2,8,01,B01
200700010484,0,07,000,00,1,1,01,A01
200700010485,0,07,000,00,2,2,01,A01
200700010486,0,07,000,00,2,1,01,B01
200700010486,0,07,000,00,2,8,19,A01
200700010487,0,07,000,08,0,1,01,A01
200700010488,0,14,000,15,0,8,01,A01
200700010489,0,07,000,09,0,7,13,A01
200700010490,0,07,000,11,0,1,13,A01
200700010491,0,07,000,00,2,1,13,A01
200700010491,0,07,000,00,2,4,02,B01
200700010491,0,07,000,00,2,1,01,C01
200700010492,0,07,000,00,1,2,01,A01
200700010493,0,02,000,00,2,8,13,A01
200700010493,0,37,001,00,2,3,01,B01
200700010494,0,32,000,00,2,3,01,B01
200700010494,0,07,000,00,2,1,15,A01
200700010495,0,32,000,12,0,0,00,A01
200700010496,0,10,000,00,2,1,01,B01
200700010496,0,07,000,00,2,1,13,A01
200700010497,0,31,000,00,2,1,01,B01
200700010497,0,99,000,00,2,5,15,A01
200700010498,0,07,000,15,2,2,24,B01
200700010498,0,07,000,01,0,1,14,A01
200700010499,0,07,000,00,0,8,19,A01
200700010499,0,07,000,00,2,1,01,B01
200700010500,0,07,000,00,0,5,15,A01
200700010500,0,02,000,00,2,1,01,B01
200700010501,0,32,000,00,2,1,01,B01
200700010501,0,07,000,00,2,2,15,A01
200700010502,0,07,000,00,2,1,01,A01
200700010502,0,33,000,00,0,4,23,B01
200700010503,0,07,000,00,1,2,01,A01
200700010504,0,07,000,00,1,1,16,A01
200700010505,0,07,000,00,0,1,15,A01
200700010505,0,32,000,06,2,0,01,B01
200700010506,0,07,000,00,1,2,01,A01
200700010507,0,02,000,00,2,7,17,A01
200700010507,0,14,000,00,2,8,15,B01
200700010508,0,02,000,00,2,1,07,A01
200700010508,0,07,000,00,1,7,16,B01
200700010509,0,07,000,00,1,1,01,A01
200700010510,0,07,000,00,1,1,01,A01
200700010511,0,07,000,00,2,1,01,B01
200700010511,0,07,000,00,2,8,01,A01
200700010512,0,32,000,00,2,1,01,A01
200700010512,0,07,000,00,2,5,15,B01
200700010513,0,07,000,00,0,4,02,A01
200700010513,0,07,000,00,0,1,02,B01
200700010514,0,07,000,00,2,1,02,B01
200700010514,0,10,000,00,2,6,15,A01
200700010515,0,02,000,00,2,1,01,C01
200700010515,0,02,000,00,2,1,01,B01
200700010515,0,07,000,00,0,8,15,A01
200700010516,0,02,000,00,2,2,00,A01
200700010516,0,07,000,00,2,3,15,B01
200700010517,0,07,000,00,1,1,15,A01
200700010518,0,07,000,00,2,1,13,A01
200700010518,0,07,000,00,0,1,01,B01
200700010519,0,02,000,00,2,2,15,A01
200700010519,0,33,000,00,2,3,01,B01
200700010520,0,07,000,08,2,3,01,B01
200700010520,2,07,000,00,2,2,05,A01
200700010521,0,34,000,00,1,1,01,A01
200700010522,0,31,000,00,2,0,00,A01
200700010522,1,07,000,00,0,0,00,B01
200700010523,0,01,000,00,2,2,01,A01
200700010523,0,10,000,00,2,6,23,B01
200700010524,0,07,000,00,2,3,15,A01
200700010524,0,07,000,00,2,3,16,B01
200700010525,0,07,000,16,0,1,15,A01
200700010526,0,33,000,08,0,1,17,A01
200700010526,0,07,000,00,0,0,00,B01
200700010527,0,07,000,01,0,1,01,A01
200700010528,0,36,000,02,0,8,01,A01
200700010529,0,07,000,00,2,1,02,A01
200700010529,0,07,000,00,2,4,23,B01
200700010530,0,07,000,00,1,1,01,A01
200700010531,0,07,000,00,2,8,15,A01
200700010531,0,32,000,00,2,1,01,B01
200700010532,0,33,000,00,2,0,02,A01
200700010532,0,07,000,00,2,7,02,B01
200700010533,0,30,000,00,9,1,01,B01
200700010534,0,07,000,00,2,2,01,A01
200700010534,0,07,000,00,2,1,01,B01
200700010535,0,33,000,00,2,1,01,B01
200700010535,0,07,000,00,2,3,15,A01
200700010536,0,07,000,00,0,5,01,C01
200700010536,0,07,000,00,2,6,01,B01
200700010536,0,07,000,00,2,2,01,A01
200700010537,0,07,000,00,2,1,19,A01
200700010537,0,07,000,00,2,1,01,B01
200700010538,0,30,000,09,0,1,01,A01
200700010539,0,07,000,01,1,1,16,A01
200700010540,0,07,000,00,2,1,15,A01
200700010541,0,07,000,05,0,1,14,A01
200700010542,0,07,000,00,2,8,15,A01
200700010542,0,32,000,00,2,1,01,B01
200700010543,0,07,000,00,2,1,01,A01
200700010543,0,07,000,00,2,3,01,B01
200700010544,0,07,000,00,2,1,01,B01
200700010544,0,07,000,00,2,7,01,A01
200700010545,0,07,000,00,2,1,02,A01
200700010545,0,14,000,00,2,4,01,B01
200700010546,1,07,000,00,2,8,10,A01
200700010546,0,02,000,00,2,1,01,B01
200700010547,0,07,000,11,2,7,01,A01
200700010547,0,07,000,00,2,1,01,B01
200700010548,1,07,000,00,2,2,01,A01
200700010548,0,01,000,00,2,3,01,B01
200700010549,0,07,000,00,2,7,15,A01
200700010549,0,33,000,00,2,1,01,B01
200700010550,0,14,000,00,2,2,12,A01
200700010550,0,07,000,00,2,8,01,B01
200700010551,0,07,000,00,2,3,15,A01
200700010551,0,30,000,00,2,1,17,B01
200700010552,0,07,000,00,2,7,13,A01
200700010552,0,07,000,00,2,3,01,B01
200700010553,0,02,000,00,2,1,00,A01
200700010553,0,07,000,00,0,0,00,B01
200700010554,0,07,000,00,2,1,13,A01
200700010554,0,07,000,00,2,1,01,B01
200700010554,0,07,000,00,2,1,01,C01
200700010555,0,07,000,07,0,2,01,A01
200700010556,0,33,000,00,2,0,00,A01
200700010556,0,07,000,00,2,0,00,B01
200700010557,0,07,000,00,2,7,15,A01
200700010557,0,01,000,00,2,1,01,B01
200700010558,0,07,000,00,2,1,01,A01
200700010558,0,07,000,00,2,4,01,B01
200700010559,0,07,000,00,2,2,15,A01
200700010559,0,30,000,00,2,1,01,B01
200700010560,0,15,000,00,2,1,00,A01
200700010560,0,07,000,00,0,0,00,B01
200700010561,0,10,000,15,2,1,13,A01
200700010561,2,07,000,00,2,1,01,B01
200700010562,0,02,000,00,1,1,01,A01
200700010563,0,07,000,00,2,2,15,A01
200700010563,0,07,000,00,2,2,01,B01
200700010564,0,07,000,00,2,2,16,A01
200700010564,0,30,000,00,2,1,01,B01
200700010565,0,07,000,00,2,1,02,A01
200700010565,0,07,000,00,2,4,01,B01
200700010566,1,07,000,00,1,2,01,A01
200700010567,0,07,000,00,1,3,01,A01
200700010568,1,10,000,00,1,2,01,A01
200700010568,0,01,000,00,2,4,23,B01
200700010569,0,33,000,00,1,1,01,A01
200700010570,0,07,000,00,2,2,17,A01
200700010570,0,07,000,00,2,7,01,B01
200700010571,0,07,000,00,2,8,15,A01
200700010571,0,02,000,00,2,2,17,B01
200700010572,0,07,000,00,2,1,01,B01
200700010572,0,07,000,00,2,3,15,A01
200700010573,0,07,000,00,1,0,19,A01
200700010574,0,01,000,00,2,4,02,A01
200700010574,1,07,000,00,2,0,00,B01
200700010575,1,07,000,00,1,1,01,A01
200700010576,0,02,000,00,2,1,19,A01
200700010576,0,02,000,00,2,1,01,B01
200700010577,0,07,000,08,0,1,01,A01
200700010578,0,05,000,15,2,2,02,B01
200700010578,0,07,000,00,2,3,15,A01
200700010579,0,07,000,00,1,2,02,A01
200700010580,0,07,000,00,1,2,02,A01
200700010581,0,07,000,00,2,1,02,A01
200700010581,0,07,000,06,2,4,02,B01
200700010582,0,07,000,00,1,3,02,A01
200700010583,0,07,000,00,2,3,09,A01
200700010583,0,02,000,00,2,1,01,B01
200700010584,0,10,000,09,0,1,13,A01
200700010585,0,02,000,00,2,1,01,A01
200700010585,0,37,001,00,2,3,15,B01
200700010586,0,07,000,00,2,1,01,A01
200700010586,0,07,000,00,2,3,23,B01
200700010587,0,07,000,00,2,1,15,A01
200700010587,0,33,000,00,2,1,08,B01
200700010588,0,07,000,00,2,2,23,A01
200700010588,0,33,000,00,2,1,02,B01
200700010589,0,07,000,00,2,2,01,A01
200700010589,0,07,000,00,2,8,15,B01
200700010590,0,01,000,00,2,1,01,B01
200700010590,0,07,000,00,9,1,15,A01
200700010591,0,07,000,00,2,1,01,A01
200700010591,0,07,000,00,2,1,15,B01
200700010592,0,07,000,00,2,1,15,A01
200700010592,0,07,000,00,2,1,01,B01
200700010593,0,07,000,00,1,3,19,A01
200700010594,0,07,000,09,0,9,13,A01
200700010595,0,07,000,00,1,8,01,A01
200700010596,0,07,000,01,2,3,17,A01
200700010596,0,07,000,01,2,3,01,B01
200700010597,0,07,000,00,2,1,01,A01
200700010597,0,01,000,00,2,4,02,B01
200700010598,0,07,000,00,2,1,01,A01
200700010598,0,07,000,00,2,4,02,B01
200700010599,0,07,000,16,0,9,14,A01
200700010600,0,07,000,00,1,2,01,A01
200700010601,0,07,000,00,2,1,01,A01
200700010601,0,07,000,00,2,4,20,B01
200700010602,0,07,000,00,1,2,01,A01
200700010603,0,07,000,13,0,9,01,A01
200700010604,0,07,000,00,2,1,09,A01
200700010604,0,33,000,00,2,8,02,B01
200700010605,0,07,000,00,9,1,02,A01
200700010606,0,01,000,00,0,0,00,A01
200700010607,0,07,000,06,0,1,01,A01
200700010608,0,03,000,00,2,7,15,A01
200700010608,0,07,000,00,2,1,01,B01
200700010609,0,07,000,00,1,4,04,A01
200700010610,0,07,000,00,2,1,15,A01
200700010610,0,07,000,00,2,2,01,B01
200700010611,0,07,000,00,2,1,15,B01
200700010611,0,30,000,00,2,7,01,A01
200700010612,0,07,000,00,2,3,09,A01
200700010612,0,02,000,00,2,1,01,B01
200700010613,0,07,000,02,0,1,01,A01
200700010614,0,07,000,00,0,9,01,A01
200700010615,0,02,000,00,0,8,01,A01
200700010616,0,02,000,00,0,1,01,A01
200700010617,0,07,000,00,2,1,02,A01
200700010617,0,07,000,00,2,1,02,B01
200700010617,0,07,000,00,2,1,02,C01
200700010618,0,07,000,06,0,1,00,A01
200700010619,0,07,000,00,0,3,01,A01
200700010620,0,07,000,00,0,1,01,A01
200700010621,0,07,000,00,0,2,02,A01
200700010622,0,07,000,00,0,1,02,A01
200700010623,0,07,000,00,1,3,01,A01
200700010624,0,07,000,02,0,1,02,A01
200700010625,0,30,000,16,0,0,02,A01
200700010626,0,30,000,12,0,7,02,A01
200700010627,0,07,000,00,2,4,01,B01
200700010627,0,02,000,00,2,1,02,A01
200700010628,0,07,000,00,2,3,09,A01
200700010628,0,01,000,00,2,1,01,B01
200700010629,0,07,000,00,1,1,01,A01
200700010630,0,07,000,00,2,1,02,A01
200700010630,0,07,000,00,2,4,01,B01
200700010631,0,07,000,00,2,2,15,A01
200700010631,0,07,000,00,2,3,01,B01
200700010632,0,07,000,00,1,2,02,A01
200700010633,0,07,000,00,2,4,01,B01
200700010633,0,07,000,00,2,1,01,A01
200700010634,1,07,000,00,1,0,01,A01
200700010635,0,07,000,15,0,9,01,A01
200700010636,0,02,000,00,2,1,17,A01
200700010636,0,07,000,00,0,4,01,C01
200700010636,0,07,000,00,2,6,02,B01
200700010636,0,07,000,00,2,8,01,D01
200700010637,0,30,000,00,0,0,01,A01
200700010638,0,07,000,00,2,1,01,A01
200700010638,0,07,000,00,2,1,01,B01
200700010639,0,07,000,02,0,8,01,A01
200700010640,0,07,000,00,2,5,04,A01
200700010640,0,02,000,00,2,7,02,B01
200700010641,0,07,000,00,2,7,02,A01
200700010641,0,07,000,00,2,1,02,B01
200700010642,0,07,000,00,2,1,02,A01
200700010642,0,07,000,00,2,4,01,B01
200700010643,0,07,000,00,2,1,02,A01
200700010643,0,07,000,00,2,4,01,B01
200700010644,0,02,000,00,2,8,01,A01
200700010644,0,07,000,00,2,1,01,B01
200700010645,0,07,000,09,0,1,02,A01
200700010646,0,07,000,00,2,1,02,A01
200700010646,0,07,000,00,2,4,01,B01
200700010646,0,07,000,00,2,1,02,C01
200700010647,0,07,000,00,2,1,01,A01
200700010648,0,10,000,00,1,1,01,A01
200700010649,0,07,000,00,1,1,01,A01
200700010650,0,07,000,00,0,4,02,B01
200700010650,0,32,000,00,2,1,02,A01
200700010651,0,07,000,01,0,7,01,A01
200700010651,0,07,000,00,2,8,00,B01
200700010651,0,10,000,00,2,8,00,C01
200700010651,0,07,000,06,0,1,02,D01
200700010652,0,07,000,00,2,4,01,A01
200700010652,0,07,000,00,2,1,02,B01
200700010653,0,02,000,00,2,1,01,A01
200700010653,0,07,000,00,2,1,01,B01
200700010654,0,07,000,00,2,1,01,A01
200700010654,0,07,000,00,2,4,23,B01
200700010654,0,07,000,00,2,4,23,C01
200700010654,0,07,000,00,2,4,23,D01
200700010655,0,07,000,00,2,2,15,A01
200700010655,0,07,000,00,2,1,01,B01
200700010656,0,07,000,00,1,1,01,A01
200700010657,0,14,000,00,2,2,01,A01
200700010657,0,02,000,00,2,1,01,B01
200700010658,0,07,000,00,1,1,01,A01
200700010659,0,07,000,00,1,1,01,A01
200700010660,0,02,000,00,2,1,00,A01
200700010660,0,07,000,00,2,6,00,B01
200700010661,0,07,000,00,1,1,00,A01
200700010662,0,07,000,08,0,1,01,A01
200700010663,0,01,000,00,2,8,01,B01
200700010663,0,07,000,00,9,2,16,A01
200700010664,0,07,000,00,2,1,02,A01
200700010664,0,33,000,00,2,4,01,B01
200700010664,0,07,000,00,0,4,00,C01
200700010665,0,07,000,00,0,1,15,A01
200700010665,0,30,000,00,0,1,01,B01
200700010666,0,10,000,00,2,3,15,A01
200700010666,0,02,000,00,2,1,17,B01
200700010667,0,07,000,00,2,1,01,A01
200700010668,0,33,000,00,2,3,02,B01
200700010668,0,07,000,00,2,1,01,A01
200700010669,0,07,000,00,0,4,01,B01
200700010669,0,07,000,01,0,1,01,A01
200700010670,0,07,000,00,1,1,01,A01
200700010671,0,33,000,00,2,1,17,A01
200700010671,0,07,000,00,2,8,15,B01
200700010672,2,13,000,00,2,1,01,A01
200700010672,0,07,000,00,2,4,01,B01
200700010672,0,07,000,00,2,4,01,C01
200700010672,0,07,000,00,0,4,01,D01
200700010673,0,07,000,00,2,1,02,A01
200700010673,0,07,000,00,2,4,02,B01
200700010673,0,07,000,00,2,4,02,C01
200700010674,0,07,000,00,1,1,01,A01
200700010675,0,07,000,00,2,3,13,A01
200700010675,0,30,000,00,2,2,16,B01
200700010676,0,07,000,00,0,4,23,A01
200700010676,0,07,000,01,0,1,01,B01
200700010677,0,07,000,00,0,6,01,B01
200700010677,0,30,000,00,2,2,17,A01
200700010678,0,07,000,00,1,1,01,A01
200700010679,0,30,000,00,0,9,23,D01
200700010679,0,07,000,00,0,4,23,C01
200700010679,0,07,000,00,0,3,23,B01
200700010679,0,33,000,14,0,9,17,A01
200700010680,0,07,000,00,0,1,01,B01
200700010680,0,07,000,00,2,1,13,A01
200700010681,0,30,000,00,2,8,18,B01
200700010681,0,07,000,00,0,7,01,A01
200700010682,0,07,000,00,2,1,02,A01
200700010682,0,07,000,00,2,4,23,B01
200700010683,0,99,000,00,2,1,00,A01
200700010683,0,07,000,00,9,2,00,B01
200700010684,0,07,000,00,1,1,01,A01
200700010685,0,07,000,00,1,7,00,A01
200700010686,0,30,000,00,2,1,02,A01
200700010686,0,10,000,00,2,4,02,B01
200700010687,0,07,000,00,1,1,00,A01
200700010688,0,07,000,00,9,8,00,A01
200700010688,0,01,000,00,2,0,00,B01
200700010689,0,07,000,00,1,1,01,A01
200700010690,0,07,000,00,2,3,11,A01
200700010690,0,33,000,00,2,7,01,B01
200700010691,0,14,000,00,2,3,05,A01
200700010691,0,07,000,00,2,1,01,B01
200700010692,0,30,000,15,0,0,01,A01
200700010693,0,07,000,06,0,1,14,A01
200700010694,0,07,000,15,0,1,00,A01
200700010694,0,07,000,00,0,0,00,B01
200700010695,0,07,000,02,0,0,01,A01
200700010696,0,07,000,00,1,7,01,A01
200700010697,0,07,000,00,2,3,09,A01
200700010697,0,30,000,00,2,2,09,B01
200700010698,0,07,000,00,2,3,13,A01
200700010698,0,07,000,12,2,2,09,B01
200700010699,0,07,000,00,1,1,01,A01
200700010700,0,07,000,00,2,3,09,A01
200700010700,0,30,000,00,2,0,00,B01
200700010701,0,07,000,00,2,4,00,B01
200700010701,0,07,000,00,2,3,02,A01
200700010701,0,17,000,00,2,8,05,C01
200700010702,0,02,000,12,0,2,00,A01
200700010703,0,07,000,00,5,2,01,A01
200700010703,0,07,000,00,0,8,01,B01
200700010704,0,07,000,00,0,7,01,A01
200700010705,0,07,000,15,0,1,01,A01
200700010706,0,32,000,00,1,8,01,A01
200700010707,0,07,000,00,2,1,02,A01
200700010707,0,07,000,00,2,3,02,B01
200700010708,0,07,000,00,2,2,01,A01
200700010708,0,07,000,00,2,3,15,B01
200700010709,1,07,000,00,1,1,01,A01
200700010710,0,10,000,00,2,1,01,A01
200700010710,0,07,000,00,0,3,01,B01
200700010711,0,07,000,00,1,3,02,A01
200700010712,0,07,000,00,2,1,01,A01
200700010712,0,07,000,00,1,8,01,B01
200700010713,0,07,000,00,2,1,01,A01
200700010713,0,01,000,00,1,8,19,B01
200700010714,0,07,000,00,1,2,01,A01
200700010715,0,14,000,00,2,1,01,B01
200700010715,0,07,000,03,2,1,13,A01
200700010716,0,07,000,00,2,3,15,A01
200700010716,0,32,000,00,2,1,01,B01
200700010717,0,07,000,00,2,1,02,A01
200700010717,0,07,000,00,2,4,01,B01
200700010718,0,10,000,00,2,1,01,A01
200700010718,0,10,000,00,2,1,16,B01
200700010719,0,07,000,00,1,2,01,A01
200700010720,0,37,002,00,2,1,01,A01
200700010720,0,01,000,00,0,8,19,B01
200700010721,0,30,000,00,2,1,01,B01
200700010721,0,07,000,00,2,3,00,A01
200700010722,0,10,000,00,2,1,01,A01
200700010722,0,07,000,00,0,4,15,B01
200700010723,0,07,000,00,1,1,01,A01
200700010723,0,01,000,00,2,7,19,B01
200700010724,0,33,000,00,2,1,01,A01
200700010724,0,07,000,00,2,6,15,B01
200700010725,0,07,000,00,1,1,01,A01
200700010726,0,07,000,00,2,2,10,B01
200700010726,0,30,000,00,2,1,18,A01
200700010727,0,07,000,00,2,1,02,A01
200700010727,0,07,000,00,2,4,02,B01
200700010728,0,33,000,00,1,1,02,A01
200700010729,0,07,000,00,2,2,01,A01
200700010729,0,07,000,00,2,3,09,B01
200700010730,0,07,000,00,1,2,01,A01
200700010731,0,07,000,00,1,0,01,A01
200700010732,0,07,000,00,2,1,17,A01
200700010732,0,01,000,00,0,0,00,B01
200700010733,0,34,000,00,2,2,01,B01
200700010733,0,07,000,00,2,3,01,A01
200700010734,0,37,000,00,1,0,07,A01
200700010735,0,37,000,00,1,1,01,A01
200700010736,0,07,000,00,2,5,23,A01
200700010736,0,31,000,01,0,1,00,B01
200700010737,0,07,000,00,2,7,00,A01
200700010737,0,30,000,14,0,0,18,B01
200700010738,0,07,000,00,2,8,15,A01
200700010738,0,32,000,00,2,1,00,B01
200700010739,0,07,000,00,2,3,15,A01
200700010739,0,34,000,00,2,1,01,B01
200700010740,0,20,000,00,1,1,17,A01