Num_Acc,senc,catv,occutc,obs,obsm,choc,manv,num_veh
200700010741,0,10,000,08,0,1,21,A01
200700010741,0,07,000,00,0,0,23,B01
200700010742,0,07,000,00,1,1,00,A01
200700010743,0,10,000,00,2,3,09,A01
200700010743,0,31,000,00,2,1,01,B01
200700010744,0,31,000,00,2,2,15,A01
200700010744,0,02,000,00,2,1,01,B01
200700010745,1,30,000,00,1,1,01,A01
200700010746,0,07,000,00,1,8,01,A01
200700010747,0,07,000,00,2,2,15,A01
200700010747,0,31,000,00,2,1,00,B01
200700010748,0,30,000,00,0,1,21,A01
200700010748,0,07,000,00,2,3,21,B01
200700010749,0,30,000,00,2,1,01,B01
200700010749,0,10,000,00,2,2,15,A01
200700010750,0,07,000,00,2,1,17,B01
200700010750,0,33,000,00,2,1,17,A01
200700010751,0,07,000,00,2,2,15,A01
200700010751,0,01,000,00,2,1,01,B01
200700010752,0,07,000,00,2,1,15,A01
200700010752,0,31,000,00,2,1,01,B01
200700010753,0,07,000,00,1,1,01,A01
200700010754,0,07,000,00,2,5,15,B01
200700010754,2,07,000,00,2,1,01,A01
200700010755,0,07,000,00,2,2,01,A01
200700010755,0,04,000,00,2,1,01,B01
200700010756,0,10,000,00,0,2,01,A01
200700010756,0,07,000,00,0,0,01,B01
200700010756,0,07,000,00,0,0,01,C01
200700010757,0,02,000,01,0,4,01,A01
200700010758,0,07,000,01,0,3,01,A01
200700010759,0,07,000,00,2,2,15,A01
200700010759,0,02,000,00,2,1,01,B01
200700010760,0,07,000,00,1,2,01,A01
200700010761,0,07,000,00,1,1,01,A01
200700010762,0,07,000,00,2,7,00,A01
200700010762,0,07,000,00,2,8,00,B01
200700010763,0,32,000,00,2,2,19,A01
200700010763,0,07,000,00,2,8,15,B01
200700010764,0,07,000,00,0,7,02,B01
200700010764,2,07,000,00,0,1,02,A01
200700010765,0,07,000,00,2,1,01,B01
200700010765,1,10,000,00,2,1,01,A01
200700010766,0,07,000,00,0,3,15,A01
200700010766,0,30,000,00,9,1,17,B01
200700010767,0,32,000,00,2,1,01,A01
200700010767,0,07,000,00,2,8,15,B01
200700010768,0,07,000,00,2,1,00,A01
200700010768,0,07,000,00,0,4,02,B01
200700010769,0,07,000,00,2,2,00,A01
200700010769,0,37,001,00,0,6,00,B01
200700010770,0,30,000,00,2,1,01,A01
200700010770,0,07,000,00,2,6,16,B01
200700010771,0,14,000,00,1,0,16,A01
200700010772,0,10,000,00,2,8,11,A01
200700010772,0,33,000,00,2,0,01,B01
200700010773,0,14,000,00,2,3,15,A01
200700010773,0,33,000,00,2,1,01,B01
200700010774,0,07,000,00,2,1,01,A01
200700010774,0,07,000,00,2,4,23,B01
200700010775,0,32,000,00,2,2,01,B01
200700010775,0,30,000,00,2,7,15,A01
200700010776,0,02,000,00,2,1,17,A01
200700010776,0,07,000,00,9,3,15,B01
200700010777,0,07,000,00,2,7,01,A01
200700010777,0,07,000,00,2,1,01,B01
200700010778,0,30,000,00,2,1,01,B01
200700010778,0,07,000,00,9,1,15,A01
200700010779,0,07,000,00,2,5,15,A01
200700010779,0,07,000,00,2,2,01,B01
200700010780,0,07,000,00,9,8,02,A01
200700010780,0,37,029,00,2,2,02,B01
200700010781,0,33,000,00,2,7,01,A01
200700010781,0,07,000,00,9,8,15,B01
200700010782,0,02,000,00,2,1,02,A01
200700010782,0,07,000,00,9,2,16,B01
200700010783,0,07,000,00,9,8,02,A01
200700010783,0,32,000,00,2,0,16,B01
200700010784,0,07,000,00,2,1,02,A01
200700010784,0,07,000,00,2,3,02,B01
200700010785,0,07,000,00,2,3,01,A01
200700010785,0,07,000,00,2,3,15,B01
200700010786,0,07,000,00,2,7,14,A01
200700010786,0,33,000,00,2,8,07,B01
200700010787,0,31,000,00,2,8,01,A01
200700010787,0,07,000,00,2,2,01,B01
200700010788,0,07,000,00,2,3,10,A01
200700010788,0,32,000,00,2,7,17,B01
200700010788,0,07,000,00,2,8,23,C01
200700010789,0,01,000,00,2,3,01,A01
200700010789,0,07,000,00,2,3,01,B01
200700010790,1,07,000,00,2,1,02,A01
200700010790,0,01,000,00,2,4,02,B01
200700010791,0,20,000,00,1,3,09,A01
200700010792,0,07,000,00,2,1,02,A01
200700010792,0,07,000,00,2,4,23,B01
200700010793,0,02,000,00,2,1,17,A01
200700010793,0,07,000,00,2,3,09,B01
200700010794,0,20,000,00,2,5,16,A01
200700010794,0,01,000,00,2,3,01,B01
200700010795,0,30,000,00,2,1,17,A01
200700010795,0,07,000,00,2,8,15,B01
200700010796,0,07,000,00,2,1,01,A01
200700010796,0,07,000,00,2,8,09,B01
200700010796,0,07,000,00,2,3,23,C01
200700010797,0,07,000,00,2,1,15,A01
200700010797,0,07,000,00,2,3,01,B01
200700010798,0,99,000,00,2,2,01,A01
200700010798,0,14,000,00,2,8,01,B01
200700010799,0,07,000,00,2,8,22,A01
200700010799,0,01,000,01,0,7,01,B01
200700010800,0,10,000,07,2,1,05,A01
200700010800,0,07,000,00,2,1,01,B01
200700010801,0,07,000,00,1,7,01,A01
200700010802,0,07,000,00,2,1,01,A01
200700010802,0,07,000,00,2,4,01,B01
200700010802,0,07,000,00,2,6,20,C01
200700010803,0,03,000,00,2,7,16,A01
200700010803,0,30,000,00,2,3,01,B01
200700010804,0,07,000,00,1,7,16,A01
200700010805,0,07,000,00,2,7,15,A01
200700010805,0,32,000,00,2,1,01,B01
200700010806,0,07,000,00,2,1,09,A01
200700010806,0,30,000,00,2,8,01,B01
200700010807,0,07,000,00,2,3,01,B01
200700010807,0,07,000,00,2,1,01,A01
200700010807,0,07,000,00,2,1,01,C01
200700010808,0,07,000,00,1,1,01,A01
200700010809,0,34,000,00,1,2,01,A01
200700010810,0,01,000,00,2,4,01,B01
200700010810,0,99,000,00,2,5,16,A01
200700010811,0,30,000,00,2,1,01,B01
200700010811,0,07,000,00,2,6,15,A01
200700010812,0,07,000,00,2,1,01,B01
200700010812,0,07,000,00,2,7,01,A01
200700010813,0,07,000,00,2,3,09,B01
200700010813,0,33,000,00,2,3,01,A01
200700010814,0,30,000,00,1,1,15,A01
200700010815,0,07,000,00,2,7,20,B01
200700010815,0,33,000,00,2,1,01,A01
200700010816,0,07,000,00,2,3,11,A01
200700010816,0,34,000,00,2,7,01,B01
200700010817,0,07,000,00,2,2,16,B01
200700010817,0,30,000,00,2,9,16,A01
200700010818,0,02,000,00,2,1,17,A01
200700010818,0,07,000,00,2,3,01,B01
200700010819,0,07,000,00,0,2,09,A01
200700010819,0,07,000,00,0,1,01,B01
200700010820,0,30,000,00,0,0,01,A01
200700010820,0,07,000,00,0,0,16,B01
200700010821,0,30,000,00,0,0,01,A01
200700010821,0,07,000,00,0,0,16,B01
200700010822,0,30,000,00,0,0,01,A01
200700010823,0,31,000,00,2,0,01,B01
200700010823,0,07,000,00,0,0,01,A01
200700010824,0,07,000,00,1,1,15,A01
200700010825,0,07,000,00,0,1,01,A01
200700010825,0,30,000,00,0,0,01,B01
200700010826,0,31,000,00,0,1,01,A01
200700010826,0,07,000,00,0,5,01,B01
200700010827,0,07,000,00,0,0,00,A01
200700010827,0,07,000,00,0,0,01,B01
200700010828,0,31,000,00,0,6,01,A01
200700010828,0,07,000,00,0,2,15,B01
200700010829,0,07,000,00,0,1,01,A01
200700010830,0,07,000,06,0,1,16,A01
200700010831,0,10,000,04,0,1,01,A01
200700010832,0,33,000,00,2,1,01,A01
200700010832,0,07,000,00,2,4,01,B01
200700010833,0,07,000,00,1,3,01,A01
200700010834,0,02,000,00,0,8,01,A01
200700010835,0,30,000,00,2,7,01,A01
200700010835,1,10,000,00,2,1,10,B01
200700010836,0,07,000,08,0,2,21,A01
200700010837,0,34,000,04,0,1,01,A01
200700010838,0,07,000,14,2,3,01,B01
200700010838,0,13,000,00,0,0,01,C01
200700010839,0,30,000,07,0,1,01,A01
200700010840,0,07,000,00,2,1,15,A01
200700010840,0,01,000,00,2,1,01,B01
200700010841,0,07,000,00,1,1,01,A01
200700010842,0,07,000,00,2,1,02,A01
200700010842,0,07,000,00,2,4,02,B01
200700010843,0,33,000,00,2,3,02,B01
200700010843,0,07,000,00,2,2,01,A01
200700010844,0,07,000,00,1,1,01,A01
200700010845,0,30,000,00,1,1,17,A01
200700010846,0,07,000,00,2,2,01,A01
200700010846,0,33,000,00,2,2,01,B01
200700010846,0,07,000,00,2,3,01,C01
200700010847,0,33,000,00,2,8,09,A01
200700010847,1,07,000,00,2,1,15,B01
200700010848,0,33,000,00,2,1,02,A01
200700010848,0,07,000,00,2,4,02,B01
200700010849,0,30,000,00,2,7,19,A01
200700010849,0,07,000,00,0,1,19,B01
200700010850,0,07,000,00,2,8,01,B01
200700010850,0,07,000,00,2,1,01,A01
200700010851,0,07,000,00,2,7,01,A01
200700010851,0,07,000,02,2,3,02,B01
200700010852,0,07,000,00,1,1,02,A01
200700010853,0,10,000,00,2,8,10,A01
200700010853,0,02,000,00,2,2,15,B01
200700010854,0,07,000,00,2,1,01,A01
200700010854,0,07,000,00,2,4,01,B01
200700010854,0,02,000,00,2,4,01,C01
200700010855,0,02,000,00,2,1,01,A01
200700010855,0,07,000,00,2,2,00,B01
200700010856,0,07,000,00,2,1,01,A01
200700010856,0,07,000,00,2,1,01,B01
200700010856,0,07,000,00,2,4,01,C01
200700010857,0,07,000,00,2,1,15,A01
200700010857,0,32,000,00,2,3,01,B01
200700010858,0,07,000,00,2,3,17,A01
200700010858,0,30,000,00,2,5,17,B01
200700010859,0,34,000,00,2,5,15,A01
200700010859,0,33,000,00,2,1,01,B01
200700010859,0,07,000,00,2,3,01,C01
200700010860,0,07,000,00,1,1,01,A01
200700010861,0,07,000,00,2,3,01,B01
200700010861,0,07,000,00,2,1,01,A01
200700010862,0,31,000,00,1,1,18,A01
200700010863,0,33,000,00,2,1,02,A01
200700010863,0,07,000,00,0,6,02,B01
200700010864,0,07,000,00,2,2,21,A01
200700010864,0,07,000,00,2,1,01,B01
200700010864,1,10,000,00,0,0,00,C01
200700010865,0,32,000,00,0,7,09,A01
200700010866,0,31,000,00,0,8,16,A01
200700010867,0,33,000,00,2,1,01,A01
200700010867,0,07,000,00,2,6,01,B01
200700010868,0,07,000,00,2,1,01,A01
200700010868,0,07,000,00,2,7,01,B01
200700010869,0,07,000,00,2,8,09,A01
200700010869,0,02,000,00,2,1,01,B01
200700010870,0,33,000,00,2,1,17,A01
200700010870,0,33,000,00,2,1,02,B01
200700010870,0,31,000,00,2,1,02,C01
200700010870,0,10,000,00,2,1,03,D01
200700010871,0,07,000,00,2,3,15,A01
200700010871,0,10,000,00,2,2,01,B01
200700010872,0,32,000,00,2,2,01,A01
200700010872,0,07,000,00,2,3,15,B01
200700010873,0,30,000,00,2,1,01,A01
200700010873,0,07,000,00,2,1,01,B01
200700010874,0,07,000,00,2,3,15,A01
200700010874,0,33,000,00,2,3,01,B01
200700010875,0,07,000,00,2,3,01,A01
200700010875,0,07,000,00,2,5,01,B01
200700010875,0,07,000,00,2,4,01,C01
200700010876,0,01,000,00,2,1,01,B01
200700010876,0,07,000,00,2,3,15,A01
200700010877,0,33,000,00,2,1,01,A01
200700010877,0,07,000,00,2,6,10,B01
200700010878,0,07,000,00,2,3,01,A01
200700010878,0,01,000,00,2,1,01,B01
200700010879,0,37,001,00,1,3,01,A01
200700010880,0,02,000,00,2,1,01,A01
200700010880,0,07,000,00,2,3,15,B01
200700010881,0,07,000,00,2,3,01,A01
200700010881,0,07,000,00,2,1,01,B01
200700010882,0,30,000,00,1,2,00,A01
200700010883,0,07,000,00,2,8,01,B01
200700010883,0,10,000,00,2,2,01,A01
200700010884,0,07,000,00,1,4,04,A01
200700010885,0,07,000,15,0,1,02,A01
200700010885,0,07,000,15,0,9,02,B01
200700010885,0,07,000,15,0,4,02,C01
200700010886,0,30,000,00,1,1,00,A01
200700010887,0,07,000,00,1,1,01,A01
200700010888,1,07,000,00,1,1,00,A01
200700010889,0,07,000,01,1,7,01,A01
200700010890,0,07,000,00,2,8,02,B01
200700010890,0,07,000,00,2,1,15,A01
200700010891,0,07,000,00,2,4,02,A01
200700010891,1,07,000,00,2,4,02,B01
200700010892,0,32,000,12,2,4,03,A01
200700010892,0,07,000,00,0,1,12,B01
200700010893,0,07,000,07,2,1,02,B01
200700010893,0,07,000,00,2,7,15,A01
200700010894,0,07,000,00,2,1,01,B01
200700010894,0,07,000,00,2,3,15,A01
200700010895,0,07,000,00,2,1,01,B01
200700010895,0,07,000,00,2,2,01,A01
200700010896,0,07,000,00,0,8,00,A01
200700010896,0,01,000,00,0,1,00,B01
200700010897,0,07,000,02,2,2,17,A01
200700010897,0,07,000,00,2,3,15,B01
200700010898,0,07,000,00,2,1,01,B01
200700010898,0,07,000,00,2,8,19,A01
200700010899,0,30,000,00,0,1,01,A01
200700010899,0,07,000,00,0,2,24,B01
200700010900,0,30,000,00,2,2,17,A01
200700010900,0,07,000,00,0,8,15,B01
200700010901,0,07,000,08,0,8,00,A01
200700010901,0,10,000,00,0,2,00,B01
200700010902,0,07,000,00,2,3,01,B01
200700010902,0,07,000,00,2,1,01,A01
200700010903,0,03,000,00,0,0,02,B01
200700010903,0,33,000,00,0,1,02,A01
200700010904,0,07,000,06,0,2,00,A01
200700010905,0,07,000,00,1,2,00,A01
200700010906,0,07,000,00,0,1,00,A01
200700010906,0,07,000,00,1,4,00,B01
200700010907,0,33,000,00,2,7,15,A01
200700010907,0,07,000,00,2,1,01,B01
200700010908,0,07,000,06,0,2,02,A01
200700010909,0,07,000,00,2,3,10,A01
200700010909,0,02,000,00,2,0,00,B01
200700010910,0,07,000,00,2,8,00,A01
200700010910,0,17,000,14,0,7,09,B01
200700010911,0,01,000,00,0,1,00,B01
200700010911,1,07,000,00,2,3,16,A01
200700010912,0,33,000,00,2,1,01,B01
200700010912,0,07,000,00,2,1,00,A01
200700010913,0,02,000,00,2,1,02,A01
200700010913,0,07,000,00,2,5,15,B01
200700010914,0,07,000,00,4,1,00,A01
200700010914,0,39,000,00,2,1,00,B01
200700010915,0,07,000,00,1,1,00,A01
200700010916,0,33,000,00,0,1,15,A01
200700010917,0,07,000,00,0,0,00,A01
200700010917,0,33,000,00,0,1,01,B01
200700010918,0,07,000,00,2,2,00,A01
200700010918,0,34,000,00,2,1,09,B01
200700010919,0,07,000,00,1,2,19,A01
200700010920,0,07,000,00,9,8,00,A01
200700010921,0,07,000,00,1,5,11,A01
200700010922,0,07,000,00,2,8,00,A01
200700010922,0,33,000,00,2,0,00,B01
200700010923,0,07,000,00,2,5,15,A01
200700010923,0,07,000,00,2,2,01,B01
200700010924,0,07,000,01,0,2,00,A01
200700010924,0,99,000,01,2,6,00,B01
200700010925,0,07,000,02,0,7,21,A01
200700010926,0,07,000,00,1,4,04,A01
200700010927,0,07,000,00,1,1,00,A01
200700010928,0,33,000,02,0,0,00,A01
200700010929,0,07,000,00,1,2,01,A01
200700010930,0,07,000,00,0,1,00,B01
200700010930,0,07,000,00,0,4,02,A01
200700010931,0,17,000,00,1,7,15,A01
200700010932,0,37,000,00,1,1,01,A01
200700010933,0,07,000,02,2,3,21,B01
200700010933,0,07,000,00,2,3,19,A01
200700010934,0,07,000,00,1,1,01,A01
200700010935,0,10,000,00,1,1,01,A01
200700010936,0,07,000,00,1,1,16,A01
200700010937,0,30,000,00,2,1,17,A01
200700010937,0,07,000,00,2,8,15,B01
200700010938,0,10,000,08,1,1,15,A01
200700010939,0,07,000,00,1,1,15,A01
200700010940,0,07,000,00,1,1,01,A01
200700010941,0,04,000,00,1,1,01,A01
200700010942,0,07,000,00,0,6,15,A01
200700010942,0,07,000,00,0,1,01,B01
200700010943,0,07,000,00,1,1,01,A01
200700010944,0,07,000,00,0,1,00,A01
200700010944,0,07,000,00,0,1,07,B01
200700010945,0,07,000,01,0,2,05,A01
200700010945,1,07,000,00,2,2,00,B01
200700010946,1,14,000,00,2,2,14,A01
200700010946,0,07,000,00,0,6,02,B01
200700010947,0,07,000,01,0,2,02,A01
200700010948,0,07,000,00,1,3,02,A01
200700010949,0,07,000,00,2,1,02,A01
200700010949,0,07,000,00,5,6,02,B01
200700010950,1,99,000,00,1,0,17,A01
200700010951,0,37,000,00,2,2,00,B01
200700010951,0,07,000,00,2,7,01,A01
200700010952,0,30,000,00,2,1,05,A01
200700010952,0,30,000,00,2,1,02,B01
200700010953,0,33,000,00,2,7,02,B01
200700010953,0,07,000,00,9,8,15,A01
200700010954,0,07,000,00,1,2,02,A01
200700010955,0,07,000,00,0,1,15,A01
200700010955,0,07,000,00,0,3,02,B01
200700010956,0,33,000,00,1,3,01,A01
200700010957,0,31,000,00,2,3,13,A01
200700010957,0,37,000,00,2,8,00,B01
200700010958,0,07,000,00,2,2,01,A01
200700010958,0,07,000,00,2,3,01,B01
200700010959,0,07,000,00,1,2,00,A01
200700010960,0,07,000,02,0,2,01,A01
200700010961,0,07,000,00,2,3,09,A01
200700010961,0,34,000,00,0,1,17,B01
200700010962,0,30,000,00,1,1,00,A01
200700010963,0,07,000,00,2,2,15,A01
200700010963,0,33,000,00,2,1,01,B01
200700010964,1,30,000,00,1,0,01,A01
200700010965,1,32,000,00,1,1,00,A01
200700010966,0,07,000,00,2,1,01,A01
200700010966,0,07,000,00,2,4,02,B01
200700010967,0,07,000,02,2,1,01,A01
200700010967,1,07,000,00,0,0,15,B01
200700010968,0,07,000,01,2,8,13,B01
200700010968,0,07,000,00,0,2,00,A01
200700010969,0,07,000,00,1,2,01,A01
200700010970,0,10,000,00,2,1,01,A01
200700010970,0,07,000,00,2,8,15,B01
200700010971,0,02,000,00,0,3,15,A01
200700010972,0,07,000,15,0,1,00,A01
200700010973,1,07,000,00,0,0,00,A01
200700010973,0,07,000,00,2,3,00,B01
200700010974,0,07,000,00,2,7,00,A01
200700010974,0,07,000,00,2,1,00,B01
200700010975,0,37,000,00,1,1,07,A01
200700010976,0,07,000,00,0,6,10,A01
200700010976,0,34,000,00,2,1,00,B01
200700010977,1,07,000,00,1,2,08,A01
200700010978,0,07,000,00,2,3,15,A01
200700010978,0,02,000,00,2,8,01,B01
200700010979,0,07,000,00,0,2,02,A01
200700010979,0,02,000,00,0,0,02,B01
200700010980,0,07,000,00,2,3,15,A01
200700010980,0,30,000,00,2,3,01,B01
200700010981,0,07,000,00,1,3,01,A01
200700010982,0,07,000,00,2,8,15,A01
200700010982,0,33,000,00,2,7,17,B01
200700010983,0,07,000,00,2,1,01,B01
200700010983,0,07,000,08,2,8,02,A01
200700010984,0,07,000,01,0,0,24,A01
200700010984,0,01,000,01,0,0,00,B01
200700010985,0,07,000,00,2,1,00,A01
200700010985,0,07,000,00,2,3,00,B01
200700010986,0,07,000,00,2,1,01,B01
200700010986,0,07,000,00,2,3,01,A01
200700010987,0,15,000,00,2,1,02,A01
200700010987,0,07,000,00,2,4,02,B01
200700010988,0,07,000,00,2,1,01,A01
200700010988,0,07,000,00,2,7,11,B01
200700010989,0,07,000,00,2,3,01,A01
200700010989,0,07,000,00,0,8,00,B01
200700010990,0,07,000,00,2,2,11,A01
200700010990,0,02,000,00,2,1,02,B01
200700010991,0,13,000,01,0,3,00,A01
200700010991,0,07,000,00,0,8,00,B01
200700010992,0,07,000,00,1,7,02,A01
200700010993,1,99,000,00,2,4,10,A01
200700010993,0,33,000,00,2,1,01,B01
200700010994,0,33,000,00,1,1,02,B01
200700010995,0,07,000,00,2,1,02,B01
200700010995,0,37,000,00,2,1,15,A01
200700010996,0,07,000,00,1,3,02,A01
200700010997,0,07,000,00,2,1,00,A01
200700010997,0,07,000,00,2,4,00,B01
200700010998,0,07,000,00,0,4,01,B01
200700010998,0,30,000,00,2,1,21,A01
200700010999,0,07,000,00,0,6,15,A01
200700010999,0,32,000,00,0,1,17,B01
200700011000,0,07,000,00,2,4,02,B01
200700011000,0,07,000,00,2,0,02,A01
200700011001,0,07,000,00,0,1,00,B01
200700011001,0,07,000,09,0,1,00,A01
200700011002,0,10,000,00,0,2,17,A01
200700011002,0,07,000,00,2,8,15,B01
200700011003,0,10,000,00,2,1,02,A01
200700011003,0,07,000,00,2,4,02,B01
200700011003,0,15,000,00,0,5,02,C01
200700011004,0,07,000,00,2,2,15,A01
200700011004,0,38,020,00,2,3,10,B01
200700011005,0,33,000,00,2,1,03,A01
200700011005,0,13,000,00,2,7,01,B01
200700011006,0,07,000,00,0,3,02,A01
200700011007,0,30,000,00,0,1,02,A01
200700011007,0,99,000,00,0,0,23,B01
200700011008,0,32,000,00,0,0,01,A01
200700011009,0,30,000,00,2,1,11,A01
200700011009,0,07,000,00,2,8,11,B01
200700011010,0,07,000,00,2,2,15,A01
200700011010,0,30,000,00,2,1,01,B01
200700011011,0,07,000,00,1,3,00,A01
200700011012,0,07,000,00,2,5,23,B01
200700011012,0,32,000,00,2,7,01,A01
200700011013,0,01,000,00,0,0,00,A01
200700011013,0,07,000,00,9,7,15,B01
200700011014,0,34,000,00,0,0,00,A01
200700011015,0,07,000,02,2,9,05,A01
200700011015,0,07,000,00,2,8,01,B01
200700011015,0,07,000,00,2,8,01,C01
200700011015,0,07,000,00,2,0,01,D01
200700011016,1,10,000,00,1,1,00,A01
200700011017,0,07,000,00,2,6,19,B01
200700011017,2,07,000,00,2,1,01,A01
200700011018,0,07,000,00,2,3,13,A01
200700011018,0,37,012,00,2,3,01,B01
200700011018,0,07,000,00,2,1,01,C01
200700011019,0,30,000,00,1,1,01,A01
200700011020,0,34,000,00,2,0,01,B01
200700011020,0,07,000,00,2,3,01,A01
200700011021,0,33,000,00,2,1,01,A01
200700011021,0,07,000,00,2,6,16,B01
200700011022,0,10,000,01,0,2,04,A01
200700011022,0,31,000,00,2,7,04,B01
200700011023,0,07,000,00,9,0,01,B01
200700011023,0,30,000,00,2,1,05,A01
200700011024,0,07,000,00,2,1,02,A01
200700011024,0,07,000,00,2,9,02,B01
200700011024,0,07,000,00,0,4,02,C01
200700011025,0,07,000,00,0,7,00,B01
200700011025,0,07,000,00,0,0,00,A01
200700011026,0,33,000,01,1,7,01,A01
200700011027,0,13,000,00,0,0,00,A01
200700011027,0,30,000,00,0,0,00,B01
200700011028,0,32,000,08,0,1,00,A01
200700011029,0,07,000,00,9,1,00,A01
200700011029,0,01,000,00,0,8,00,B01
200700011030,0,07,000,00,0,4,23,A01
200700011030,0,07,000,00,2,1,02,B01
200700011031,0,07,000,01,0,1,02,A01
200700011032,0,07,000,00,0,3,00,A01
200700011033,0,07,000,00,2,1,00,A01
200700011033,0,07,000,00,2,2,00,B01
200700011034,0,33,000,01,0,1,00,A01
200700011035,0,07,000,00,2,1,02,A01
200700011035,0,07,000,00,2,4,02,B01
200700011036,0,07,000,00,0,4,02,A01
200700011036,0,01,000,00,2,1,02,B01
200700011037,0,33,000,00,0,1,00,A01
200700011037,0,07,000,00,0,6,00,B01
200700011038,0,30,000,00,0,8,01,B01
200700011038,0,07,000,00,0,7,12,A01
200700011039,0,07,000,00,0,1,02,A01
200700011039,0,07,000,00,0,0,00,B01
200700011039,0,07,000,00,2,1,01,C01
200700011039,0,07,000,00,0,4,01,D01
200700011040,0,07,000,00,2,1,05,A01
200700011040,0,07,000,00,2,1,00,B01
200700011041,0,07,000,00,2,5,01,A01
200700011041,0,07,000,00,2,1,15,B01
200700011042,0,30,000,00,2,8,01,A01
200700011042,0,07,000,00,2,2,09,B01
200700011043,0,07,000,00,2,1,01,A01
200700011043,0,07,000,00,0,4,23,B01
200700011044,0,15,000,00,2,2,15,B01
200700011044,0,07,000,00,2,8,18,A01
200700011045,0,07,000,00,1,2,01,A01
200700011046,0,30,000,00,2,3,18,A01
200700011046,0,07,000,00,2,2,16,B01
200700011047,0,07,000,00,9,1,21,A01
200700011047,1,33,000,00,0,0,00,B01
200700011048,0,07,000,00,2,3,15,A01
200700011048,0,32,000,00,2,2,17,B01
200700011049,0,07,000,00,0,1,00,B01
200700011049,0,07,000,00,0,7,15,A01
200700011050,0,07,000,00,2,2,15,A01
200700011050,0,02,000,00,2,1,02,B01
200700011051,0,07,000,00,2,4,02,B01
200700011051,0,34,000,00,2,0,02,A01
200700011052,0,07,000,00,2,2,02,A01
200700011052,2,07,000,00,9,6,00,B01
200700011053,0,30,000,00,1,0,00,A01
200700011054,0,07,000,00,1,1,02,A01
200700011055,0,07,000,04,0,1,00,A01
200700011056,0,37,000,00,2,0,00,A01
200700011057,0,07,000,08,0,8,01,A01
200700011058,1,07,000,00,1,1,07,A01
200700011059,0,07,000,00,0,2,12,A01
200700011059,0,07,000,00,0,3,01,B01
200700011060,0,07,000,00,2,1,13,A01
200700011060,0,07,000,00,2,8,02,B01
200700011061,0,10,000,00,2,7,02,A01
200700011061,0,07,000,00,2,6,02,B01
200700011061,0,07,000,00,2,5,02,C01
200700011062,0,07,000,00,2,3,02,A01
200700011062,0,07,000,00,2,2,15,B01
200700011063,0,07,000,00,1,1,02,A01
200700011064,0,07,000,00,2,2,02,A01
200700011064,0,10,000,00,0,4,01,B01
200700011065,0,07,000,00,2,4,11,B01
200700011065,0,07,000,00,2,1,01,A01
200700011066,0,07,000,00,1,3,01,A01
200700011067,0,07,000,00,2,1,15,A01
200700011067,0,07,000,00,2,1,01,B01
200700011068,0,07,000,00,2,1,02,A01
200700011068,0,07,000,00,2,4,02,B01
200700011068,0,07,000,00,2,4,02,C01
200700011069,0,07,000,00,2,1,15,A01
200700011069,0,37,001,00,2,3,01,B01
200700011070,0,07,000,00,2,5,16,A01
200700011070,0,10,000,00,2,3,01,B01
200700011071,0,07,000,00,2,3,02,A01
200700011071,0,07,000,00,0,5,00,B01
200700011072,0,07,000,00,1,8,01,A01
200700011073,0,10,000,00,2,1,02,A01
200700011073,0,07,000,00,2,4,02,B01
200700011074,0,07,000,00,2,2,15,A01
200700011074,0,07,000,00,2,3,01,B01
200700011075,0,01,000,00,2,1,02,A01
200700011075,0,07,000,00,2,4,02,B01
200700011076,0,07,000,00,2,1,02,A01
200700011076,0,07,000,00,0,4,01,B01
200700011077,0,33,000,00,2,1,02,A01
200700011077,0,33,000,00,0,4,02,B01
200700011078,0,07,000,00,2,1,02,A01
200700011078,0,07,000,00,0,4,02,B01
200700011079,0,10,000,00,2,1,02,A01
200700011079,0,07,000,00,0,4,02,B01
200700011080,0,07,000,00,0,2,10,A01
200700011080,0,33,000,00,0,1,01,B01
200700011081,0,30,000,00,2,1,15,A01
200700011081,0,07,000,00,0,6,23,B01
200700011082,0,07,000,00,0,4,00,B01
200700011082,0,07,000,00,0,1,01,A01
200700011083,0,07,000,00,2,1,01,A01
200700011083,0,07,000,00,2,4,01,B01
200700011083,0,07,000,00,0,4,01,C01
200700011084,0,07,000,00,0,2,00,A01
200700011084,0,01,000,00,0,3,01,B01
200700011085,0,07,000,00,0,5,09,A01
200700011085,0,37,000,00,0,3,00,B01
200700011086,0,07,000,00,1,1,00,A01
200700011087,0,33,000,01,0,1,01,A01
200700011088,0,07,000,00,1,1,00,A01
200700011089,1,07,000,00,0,2,01,A01
200700011090,0,07,000,15,2,5,00,B01
200700011090,0,07,000,15,2,1,00,A01
200700011091,0,02,000,00,2,7,15,A01
200700011091,0,07,000,00,2,3,01,B01
200700011092,0,07,000,00,2,8,01,A01
200700011092,0,07,000,00,2,1,01,B01
200700011093,0,07,000,00,0,8,15,A01
200700011093,0,04,000,00,2,1,02,B01
200700011094,0,07,000,00,2,5,02,A01
200700011094,0,01,000,00,2,1,01,B01
200700011095,0,07,000,00,1,1,01,A01
200700011096,0,07,000,00,2,6,10,A01
200700011096,0,05,000,00,2,1,01,B01
200700011097,0,30,000,00,2,1,01,A01
200700011097,0,07,000,00,0,0,01,B01
200700011098,0,32,000,00,2,2,00,B01
200700011098,0,07,000,00,2,3,00,A01