Num_Acc,senc,catv,occutc,obs,obsm,choc,manv,num_veh
200700011099,0,07,000,00,1,1,01,A01
200700011100,0,07,000,00,2,0,15,A01
200700011100,0,30,000,00,0,1,01,B01
200700011101,0,17,000,00,2,7,01,A01
200700011101,0,07,000,00,2,3,00,B01
200700011102,0,07,000,00,2,3,09,A01
200700011102,0,33,000,00,2,1,01,B01
200700011103,0,07,000,00,2,1,01,B01
200700011103,0,07,000,00,2,3,09,A01
200700011104,0,07,000,00,2,3,09,A01
200700011104,0,02,000,00,2,1,01,B01
200700011105,0,07,000,00,1,1,17,A01
200700011106,0,15,000,00,1,6,01,A01
200700011107,0,15,000,00,1,1,01,A01
200700011108,0,07,000,00,2,2,09,A01
200700011108,0,07,000,00,2,3,02,B01
200700011109,0,14,000,00,2,2,02,A01
200700011109,0,07,000,00,2,4,23,B01
200700011110,0,10,000,00,2,1,01,A01
200700011110,0,07,000,00,2,4,12,B01
200700011111,0,07,000,00,2,3,00,A01
200700011111,0,07,000,00,2,3,05,B01
200700011112,0,07,000,00,1,1,01,A01
200700011113,0,07,000,00,2,1,00,B01
200700011113,0,07,000,00,2,1,00,A01
200700011114,0,07,000,00,1,0,00,A01
200700011115,0,07,000,00,1,3,00,A01
200700011116,0,07,000,00,2,3,01,A01
200700011116,0,07,000,01,2,8,09,B01
200700011117,0,32,000,14,0,1,01,A01
200700011118,0,30,000,16,0,0,00,A01
200700011119,0,07,000,00,1,1,01,A01
200700011120,0,07,000,00,1,0,01,A01
200700011121,0,07,000,01,0,1,20,A01
200700011122,0,07,000,00,2,2,00,A01
200700011122,0,30,000,00,2,1,00,B01
200700011123,0,07,000,00,2,3,00,A01
200700011123,0,02,000,00,2,1,00,B01
200700011124,0,07,000,00,1,1,01,A01
200700011125,0,07,000,00,1,1,02,A01
200700011126,0,07,000,00,1,1,02,A01
200700011127,0,07,000,00,2,3,10,A01
200700011127,0,37,001,00,2,2,01,B01
200700011128,0,07,000,00,2,1,01,A01
200700011128,0,31,000,00,2,4,00,B01
200700011129,0,33,000,00,2,1,02,A01
200700011129,0,37,004,00,0,4,23,B01
200700011130,0,07,000,00,1,4,04,A01
200700011131,0,07,000,00,2,2,09,A01
200700011131,0,37,001,00,2,3,01,B01
200700011132,0,07,000,00,2,2,15,A01
200700011132,0,02,000,00,2,1,01,B01
200700011133,0,07,000,00,0,0,00,A01
200700011133,0,33,000,00,0,0,00,B01
200700011134,0,07,000,00,2,1,02,A01
200700011134,0,07,000,00,0,4,23,B01
200700011135,0,32,000,00,1,1,03,A01
200700011136,0,02,000,00,0,0,01,A01
200700011137,0,07,000,00,1,1,00,A01
200700011138,0,07,000,00,2,1,02,B01
200700011138,0,07,000,00,2,5,15,A01
200700011139,0,07,000,00,2,1,01,B01
200700011139,0,07,000,00,2,2,19,A01
200700011140,0,07,000,00,9,6,15,B01
200700011140,0,30,000,00,2,1,17,A01
200700011141,0,07,000,01,0,2,16,A01
200700011142,0,34,000,01,0,0,01,A01
200700011142,0,07,000,00,2,0,22,B01
200700011143,0,07,000,00,2,2,17,A01
200700011143,0,33,000,00,2,4,15,B01
200700011144,0,32,000,01,0,1,01,A01
200700011144,0,10,000,00,0,4,24,B01
200700011145,0,33,000,00,2,2,01,B01
200700011145,0,07,000,00,2,8,01,A01
200700011146,0,07,000,00,1,0,02,A01
200700011147,0,07,000,00,0,1,21,A01
200700011148,1,07,000,00,2,0,00,A01
200700011148,0,02,000,01,2,1,02,B01
200700011149,0,07,000,00,2,2,01,B01
200700011149,0,07,000,00,2,0,01,A01
200700011150,0,07,000,00,2,7,10,A01
200700011150,0,33,000,00,2,1,01,B01
200700011151,0,10,000,00,1,3,01,A01
200700011152,0,33,000,00,2,0,01,B01
200700011152,0,07,000,00,2,0,01,A01
200700011153,0,34,000,14,2,1,06,A01
200700011153,0,07,000,00,2,3,01,B01
200700011154,0,34,000,00,2,1,02,A01
200700011155,0,07,000,00,0,2,02,A01
200700011155,0,07,000,00,2,3,11,B01
200700011156,0,07,000,01,1,1,01,A01
200700011157,0,02,000,00,2,1,01,A01
200700011157,0,07,000,00,2,2,00,B01
200700011158,0,07,000,01,0,9,01,A01
200700011159,0,07,000,00,0,1,01,A01
200700011160,1,07,000,00,2,1,20,A01
200700011160,0,05,000,00,2,1,01,B01
200700011161,0,02,000,00,0,0,00,A01
200700011162,0,04,000,00,2,7,17,A01
200700011162,0,07,000,00,2,8,01,B01
200700011163,0,02,000,00,0,9,17,A01
200700011164,0,07,000,00,1,7,01,A01
200700011165,0,07,000,00,2,1,01,A01
200700011165,0,01,000,00,2,4,03,B01
200700011166,0,07,000,00,1,1,01,A01
200700011167,0,32,000,00,2,1,01,A01
200700011167,0,07,000,00,0,3,11,B01
200700011168,0,07,000,03,0,1,21,A01
200700011169,1,10,000,00,1,1,01,A01
200700011170,0,05,000,00,1,1,01,A01
200700011171,0,05,000,00,2,2,03,A01
200700011171,0,07,000,00,2,8,02,B01
200700011171,0,07,000,00,2,8,01,C01
200700011172,0,05,000,00,2,2,00,A01
200700011172,0,07,000,00,2,1,00,B01
200700011173,0,04,000,00,2,4,02,A01
200700011173,1,07,000,00,2,1,02,B01
200700011174,0,07,000,00,1,8,01,A01
200700011175,0,07,000,00,1,1,01,A01
200700011176,0,33,000,08,2,3,01,B01
200700011176,0,07,000,00,2,1,01,A01
200700011177,0,07,000,00,2,5,10,A01
200700011177,0,07,000,00,2,1,01,B01
200700011178,0,07,000,00,2,3,21,A01
200700011178,0,33,000,00,2,4,02,B01
200700011179,0,32,000,00,2,1,02,A01
200700011179,0,10,000,00,2,4,23,B01
200700011180,0,33,000,00,1,1,01,A01
200700011181,0,07,000,00,1,1,04,A01
200700011182,0,07,000,00,2,1,01,A01
200700011182,0,01,000,00,2,4,01,B01
200700011183,0,07,000,00,2,1,01,A01
200700011183,0,07,000,00,2,3,16,B01
200700011183,0,07,000,00,2,1,01,C01
200700011184,0,33,000,00,1,1,01,A01
200700011185,0,07,000,00,2,3,15,A01
200700011185,0,31,000,00,0,8,15,B01
200700011186,0,07,000,00,1,3,01,A01
200700011187,0,31,000,00,2,1,01,A01
200700011188,0,07,000,00,2,2,01,A01
200700011188,0,07,000,00,2,3,16,B01
200700011189,0,33,000,14,2,1,01,A01
200700011189,0,07,000,14,2,3,09,B01
200700011189,0,07,000,14,2,3,01,C01
200700011190,0,02,000,00,2,1,15,A01
200700011190,0,07,000,00,2,3,15,B01
200700011191,0,07,000,00,1,2,01,A01
200700011192,0,07,000,00,2,1,02,A01
200700011192,0,07,000,00,2,4,23,B01
200700011192,0,07,000,00,2,4,23,C01
200700011192,0,07,000,00,2,4,02,D01
200700011193,0,38,001,00,2,2,01,A01
200700011193,0,07,000,00,2,9,01,B01
200700011194,0,33,000,00,1,0,01,A01
200700011195,0,32,000,00,2,3,01,A01
200700011195,0,07,000,00,2,6,01,B01
200700011196,0,07,000,00,1,1,01,A01
200700011197,0,02,000,00,2,1,01,A01
200700011197,0,07,000,00,9,3,15,B01
200700011198,0,07,000,00,2,3,15,A01
200700011198,0,02,000,00,2,1,01,B01
200700011199,0,07,000,00,2,2,15,A01
200700011199,0,02,000,00,2,1,01,B01
200700011200,0,07,000,00,2,2,01,A01
200700011200,0,07,000,00,2,3,01,B01
200700011201,0,07,000,04,0,1,01,A01
200700011202,0,07,000,00,2,3,15,A01
200700011202,0,02,000,00,2,1,01,B01
200700011203,0,07,000,00,2,1,15,B01
200700011203,0,07,000,00,0,1,15,A01
200700011204,0,10,000,00,2,1,01,A01
200700011204,0,07,000,00,2,4,01,B01
200700011205,0,07,000,00,2,1,17,A01
200700011205,0,07,000,00,2,1,01,B01
200700011206,0,07,000,00,2,1,09,A01
200700011206,0,05,000,00,2,1,01,B01
200700011207,0,07,000,00,2,8,15,A01
200700011207,0,07,000,00,2,1,01,B01
200700011208,0,17,000,00,2,2,02,A01
200700011208,0,07,000,00,0,4,01,B01
200700011209,0,02,000,00,2,2,01,A01
200700011209,0,07,000,00,2,6,11,B01
200700011210,0,05,000,00,0,0,00,A01
200700011211,0,07,000,00,0,0,00,A01
200700011212,0,07,000,00,1,0,01,A01
200700011213,0,07,000,00,2,2,01,A01
200700011213,0,07,000,08,2,1,16,B01
200700011214,0,32,000,00,2,3,01,A01
200700011214,0,07,000,00,2,0,01,B01
200700011215,1,07,000,00,1,1,00,A01
200700011216,0,07,000,00,2,3,00,A01
200700011216,0,01,000,00,2,4,00,B01
200700011217,1,33,000,00,1,0,00,A01
200700011218,0,07,000,00,2,1,02,A01
200700011218,0,07,000,00,2,4,02,B01
200700011219,0,10,000,00,0,4,01,B01
200700011219,0,33,000,00,2,1,01,A01
200700011220,0,10,000,09,9,0,13,A01
200700011221,0,10,000,00,1,1,01,A01
200700011222,0,10,000,01,0,2,14,A01
200700011223,0,10,000,00,1,1,01,A01
200700011224,0,07,000,00,1,2,01,A01
200700011225,0,07,000,00,2,5,15,A01
200700011225,0,33,000,00,2,1,01,B01
200700011225,0,07,000,00,2,8,01,C01
200700011225,0,07,000,00,9,1,01,D01
200700011226,0,07,000,00,2,1,15,A01
200700011226,0,33,000,00,2,1,01,B01
200700011227,0,07,000,00,2,3,09,A01
200700011227,0,02,000,00,2,1,01,B01
200700011228,0,07,000,00,2,3,13,A01
200700011228,0,07,000,00,2,6,01,B01
200700011229,0,07,000,00,1,1,16,A01
200700011230,0,07,000,00,2,3,01,A01
200700011230,0,07,000,00,2,0,01,B01
200700011231,0,02,000,00,2,3,01,B01
200700011231,0,07,000,00,2,2,01,A01
200700011232,0,07,000,00,2,1,01,A01
200700011232,0,07,000,00,2,1,01,B01
200700011233,0,31,000,00,2,8,01,A01
200700011233,0,07,000,00,2,1,01,B01
200700011234,0,07,000,00,1,4,04,A01
200700011235,0,07,000,00,1,2,01,A01
200700011236,0,31,000,00,1,1,01,A01
200700011237,0,14,000,00,2,1,01,A01
200700011237,0,07,000,00,2,4,01,B01
200700011237,0,07,000,00,2,4,01,C01
200700011238,0,30,000,00,1,1,01,A01
200700011239,0,32,000,00,1,1,01,A01
200700011240,0,07,000,00,2,3,01,A01
200700011240,0,02,000,00,2,4,01,B01
200700011240,0,07,000,00,2,3,01,C01
200700011241,0,07,000,00,2,1,01,B01
200700011241,0,07,000,01,2,2,05,A01
200700011242,0,20,000,00,1,4,04,A01
200700011243,0,30,000,01,2,8,14,A01
200700011243,0,07,000,00,2,8,01,B01
200700011244,0,07,000,00,2,1,15,A01
200700011244,0,33,000,00,2,1,01,B01
200700011245,0,33,000,12,0,1,21,B01
200700011245,0,07,000,00,2,0,01,A01
200700011246,0,07,000,00,1,7,01,A01
200700011247,0,07,000,00,2,3,01,A01
200700011247,0,07,000,00,2,3,02,B01
200700011248,0,07,000,00,0,0,09,A01
200700011249,0,07,000,00,1,6,04,A01
200700011250,0,13,000,00,1,2,01,A01
200700011251,0,13,000,00,1,3,00,A01
200700011252,0,07,000,00,2,6,04,A01
200700011252,0,01,000,00,2,1,01,B01
200700011253,0,33,000,15,0,1,17,A01
200700011254,0,07,000,00,1,3,19,A01
200700011254,0,30,000,00,2,1,01,B01
200700011255,0,07,000,00,1,2,01,A01
200700011256,0,07,000,00,1,4,04,A01
200700011257,0,07,000,00,2,8,10,A01
200700011257,0,34,000,00,2,7,02,B01
200700011258,0,07,000,12,0,1,01,A01
200700011259,0,01,000,00,1,1,01,A01
200700011260,0,07,000,00,2,2,21,B01
200700011260,0,14,000,00,2,3,01,C01
200700011260,0,10,000,00,2,2,19,A01
200700011261,0,07,000,00,2,2,19,A01
200700011261,0,07,000,00,2,3,01,B01
200700011262,0,07,000,00,2,8,01,B01
200700011262,0,07,000,00,2,1,19,A01
200700011263,0,07,000,00,1,1,01,A01
200700011264,0,07,000,00,1,2,14,A01
200700011265,0,02,000,00,0,8,01,A01
200700011266,0,07,000,14,0,1,01,A01
200700011266,0,07,000,14,0,4,23,B01
200700011266,0,07,000,00,0,4,23,C01
200700011267,0,07,000,00,1,3,01,A01
200700011268,0,15,000,00,2,4,04,A01
200700011268,0,07,000,00,2,2,01,B01
200700011269,0,02,000,00,2,1,17,A01
200700011269,0,07,000,01,2,1,01,B01
200700011270,0,07,000,00,2,7,01,A01
200700011270,0,07,000,01,2,1,01,B01
200700011271,0,07,000,00,1,2,01,A01
200700011271,0,01,000,00,2,3,01,B01
200700011272,0,07,000,00,1,3,15,A01
200700011273,0,07,000,13,2,5,02,A01
200700011273,0,07,000,02,0,1,02,B01
200700011273,0,07,000,03,2,1,01,C01
200700011274,0,10,000,00,2,3,15,A01
200700011274,0,07,000,00,2,3,01,B01
200700011275,0,07,000,00,2,6,20,A01
200700011275,0,02,000,00,2,1,17,B01
200700011276,0,07,000,00,2,1,15,A01
200700011276,0,33,000,00,0,8,01,B01
200700011277,0,07,000,00,1,1,00,A01
200700011278,1,99,000,00,0,0,00,A01
200700011278,0,07,000,00,2,0,00,B01
200700011279,0,07,000,11,0,1,00,A01
200700011280,0,07,000,00,2,8,00,A01
200700011280,0,07,000,00,2,1,00,B01
200700011280,0,07,000,00,2,5,00,C01
200700011280,0,07,000,00,2,2,00,D01
200700011281,0,07,000,00,1,1,00,A01
200700011282,0,10,000,00,1,4,00,A01
200700011283,0,07,000,00,2,1,01,B01
200700011283,0,07,000,00,2,1,01,A01
200700011284,0,31,000,00,1,0,03,A01
200700011285,0,17,000,00,0,0,01,A01
200700011286,1,07,000,00,0,0,00,A01
200700011286,0,02,000,00,2,7,17,B01
200700011287,0,02,000,00,2,1,02,A01
200700011287,0,10,000,00,2,4,02,B01
200700011288,0,34,000,00,2,7,17,A01
200700011288,0,07,000,00,2,8,01,B01
200700011289,0,07,000,00,2,2,02,A01
200700011289,0,07,000,00,2,6,01,B01
200700011290,0,07,000,00,2,7,01,A01
200700011290,0,33,000,00,2,1,01,B01
200700011291,0,07,000,00,2,1,01,A01
200700011291,0,07,000,00,2,3,09,B01
200700011292,0,07,000,00,2,8,11,A01
200700011292,0,33,000,00,2,2,01,B01
200700011293,0,17,000,00,2,2,12,A01
200700011293,0,07,000,00,2,8,02,B01
200700011294,0,07,000,00,0,6,00,A01
200700011294,0,07,000,00,2,1,00,B01
200700011294,0,07,000,00,2,1,00,C01
200700011295,0,07,000,00,0,5,00,A01
200700011295,0,07,000,00,2,4,00,B01
200700011295,0,07,000,03,2,5,12,C01
200700011295,0,15,000,00,2,2,01,D01
200700011296,0,07,000,00,0,4,01,A01
200700011296,0,07,000,01,0,4,01,B01
200700011297,0,33,000,00,0,9,00,A01
200700011298,0,15,000,00,2,3,11,A01
200700011298,0,07,000,03,2,5,01,B01
200700011299,0,32,000,00,0,7,01,A01
200700011300,0,07,000,00,0,6,02,A01
200700011300,0,07,000,00,0,2,02,B01
200700011300,1,15,000,00,0,0,00,C01
200700011301,0,07,000,04,0,1,02,A01
200700011302,0,31,000,00,0,8,01,A01
200700011303,0,07,000,00,0,4,02,A01
200700011303,0,07,000,00,2,1,02,B01
200700011304,0,31,000,00,0,8,21,A01
200700011305,0,14,000,00,2,1,02,A01
200700011305,0,07,000,00,2,3,02,B01
200700011305,0,05,000,00,2,2,02,C01
200700011305,1,15,000,00,0,0,00,D01
200700011306,0,07,000,04,2,1,21,A01
200700011307,0,33,000,00,2,2,01,A01
200700011307,0,32,000,00,0,8,01,B01
200700011307,1,07,000,00,2,0,12,C01
200700011308,0,07,000,04,0,1,01,A01
200700011309,0,07,000,00,2,8,02,A01
200700011309,0,10,000,00,2,2,12,B01
200700011310,0,07,000,04,0,1,01,A01
200700011311,0,07,000,03,0,2,01,A01
200700011312,0,33,000,00,0,8,21,A01
200700011313,0,07,000,04,2,7,01,A01
200700011313,0,07,000,00,2,8,13,B01
200700011314,0,07,000,00,2,4,01,A01
200700011314,0,07,000,00,2,4,01,B01
200700011314,0,07,000,01,2,4,02,C01
200700011314,0,99,000,00,2,1,02,D01
200700011315,0,07,000,04,0,3,13,A01
200700011316,0,33,000,00,2,1,01,A01
200700011316,0,07,000,00,2,5,12,B01
200700011317,0,15,000,00,0,6,23,A01
200700011317,0,07,000,00,9,1,02,B01
200700011318,0,07,000,00,2,2,12,A01
200700011318,0,07,000,00,0,3,00,B01
200700011319,0,07,000,00,0,4,02,A01
200700011319,0,07,000,00,2,4,02,B01
200700011319,0,07,000,00,2,4,02,C01
200700011319,0,07,000,00,2,1,11,D01
200700011320,0,07,000,00,0,4,01,A01
200700011320,0,10,000,00,2,4,02,B01
200700011320,0,07,000,00,2,4,01,C01
200700011320,0,07,000,00,2,1,12,D01
200700011321,1,07,000,00,0,0,00,C01
200700011321,0,07,000,00,2,7,01,A01
200700011321,0,33,000,00,2,1,01,B01
200700011322,0,07,000,00,0,0,09,A01
200700011322,0,07,000,00,2,6,21,B01
200700011322,0,33,000,00,2,1,01,C01
200700011323,0,07,000,00,0,6,02,A01
200700011323,0,07,000,00,2,2,02,B01
200700011324,0,07,000,04,2,5,12,A01
200700011324,0,33,000,00,2,1,18,B01
200700011325,0,07,000,00,2,4,02,A01
200700011325,0,07,000,00,2,1,02,B01
200700011326,0,33,000,00,2,1,03,A01
200700011326,0,10,000,00,2,6,01,B01
200700011326,0,07,000,00,2,5,01,C01
200700011327,0,10,000,00,2,3,01,A01
200700011327,0,07,000,00,0,4,01,B01
200700011328,0,10,000,00,2,8,01,A01
200700011328,0,07,000,04,2,7,21,B01
200700011329,0,33,000,16,0,7,18,A01
200700011330,0,07,000,00,0,6,11,A01
200700011330,0,33,000,00,2,8,01,B01
200700011331,0,07,000,00,2,1,00,A01
200700011331,0,07,000,00,2,3,01,B01
200700011332,0,32,000,00,2,7,01,A01
200700011332,0,32,000,00,2,8,11,B01
200700011333,0,07,000,03,6,1,01,A01
200700011334,0,07,000,00,2,2,12,A01
200700011334,0,33,000,00,2,6,01,B01
200700011335,0,07,000,00,2,8,01,A01
200700011335,0,17,000,00,2,2,12,B01
200700011336,0,33,000,00,0,8,03,A01
200700011336,1,15,000,00,0,7,12,B01
200700011337,0,07,000,00,2,4,23,A01
200700011337,0,07,000,00,2,1,02,B01
200700011338,0,07,000,00,2,8,01,A01
200700011338,0,33,000,00,2,1,03,B01
200700011339,0,07,000,04,0,3,01,A01
200700011340,0,07,000,00,2,7,14,A01
200700011340,0,15,000,00,2,3,01,B01
200700011341,0,07,000,00,0,4,02,A01
200700011341,0,07,000,00,2,4,21,F01
200700011341,0,17,000,00,2,8,21,B01
200700011341,0,17,000,00,2,1,02,G02
200700011341,0,17,000,00,2,8,21,C01
200700011341,0,07,000,14,0,4,21,D01
200700011341,0,17,000,00,2,8,21,E01
200700011342,0,07,000,00,0,0,00,A01
200700011343,0,07,000,04,0,1,12,A01
200700011344,0,07,000,04,0,1,16,A01
200700011344,0,07,000,00,2,3,21,B01
200700011345,0,33,000,00,2,2,02,A01
200700011345,0,10,000,00,2,8,02,B01
200700011346,0,33,000,00,2,7,21,A01
200700011346,0,07,000,00,2,8,01,B01
200700011346,0,07,000,00,2,8,01,C01
200700011347,0,07,000,00,0,4,02,A01
200700011347,0,07,000,00,2,1,02,B01
200700011347,0,07,000,00,2,1,02,C01
200700011348,0,07,000,00,0,9,01,A01
200700011349,0,14,000,00,2,2,12,A01
200700011349,0,07,000,04,2,6,01,B01
200700011350,0,10,000,00,2,4,02,A01
200700011350,0,10,000,00,2,1,02,B01
200700011350,1,99,000,00,0,4,02,C01
200700011351,0,07,000,04,0,1,00,A01
200700011352,0,33,000,00,2,2,02,A01
200700011352,1,99,000,00,2,0,18,B01
200700011353,0,07,000,00,0,4,02,A01
200700011353,0,07,000,00,2,1,02,B01
200700011354,0,15,000,00,2,2,12,C01
200700011354,0,07,000,00,0,6,01,B01
200700011354,0,07,000,00,2,7,01,A01
200700011355,0,07,000,00,0,1,01,A01
200700011356,0,07,000,00,2,0,11,A01
200700011357,0,07,000,04,0,1,00,A01
200700011358,0,07,000,03,0,1,14,A01
200700011359,0,07,000,00,2,1,01,A01
200700011359,0,07,000,00,0,4,01,B01
200700011360,0,07,000,04,0,3,13,A01
200700011361,0,30,000,00,2,1,03,B01
200700011361,0,07,000,00,2,2,12,A01
200700011362,0,33,000,03,0,1,02,A01
200700011363,0,07,000,00,0,0,11,A01
200700011364,0,31,000,00,2,3,02,A01
200700011364,0,07,000,00,2,2,12,B01
200700011365,0,10,000,00,2,3,11,B01
200700011365,0,33,000,00,2,7,11,A01
200700011366,0,07,000,04,0,3,02,A01
200700011367,0,07,000,00,2,1,02,B01
200700011367,0,07,000,00,0,4,02,A01
200700011367,0,07,000,00,2,1,02,C01
200700011367,0,07,000,00,2,1,02,D01
200700011368,0,15,000,00,0,6,02,A01
200700011368,0,07,000,00,2,7,17,C01
200700011368,0,15,000,04,2,2,21,B01
200700011369,0,07,000,03,0,8,02,A01
200700011370,0,10,000,00,0,0,00,B01
200700011370,0,31,000,00,0,8,03,A01
200700011371,0,14,000,00,2,8,01,D01
200700011371,0,07,000,00,2,8,01,C01
200700011371,0,14,000,00,2,7,21,B01
200700011371,0,14,000,03,0,2,01,A01
200700011372,0,33,000,00,2,1,02,B01
200700011372,0,07,000,00,0,6,11,A01
200700011373,0,07,000,00,0,8,00,B01
200700011373,0,31,000,00,2,7,03,A01
200700011373,0,07,000,00,2,4,01,C01
200700011374,0,07,000,00,2,8,11,A01
200700011374,0,07,000,00,0,7,17,B01
200700011375,0,07,000,00,2,8,09,A01
200700011375,0,15,000,00,2,1,02,B01
200700011376,0,07,000,00,2,4,02,D01
200700011376,0,07,000,00,2,4,02,C01
200700011376,0,07,000,00,2,4,02,B01
200700011376,0,07,000,00,2,1,01,A01
200700011377,0,07,000,00,0,0,00,A01
200700011378,0,07,000,00,0,0,02,A01
200700011379,0,07,000,00,0,1,01,A01
200700011380,0,07,000,03,0,8,13,A01
200700011381,0,07,000,04,0,2,21,A01
200700011382,0,07,000,00,0,0,00,A01
200700011383,0,07,000,00,2,4,01,A01
200700011383,0,37,025,00,2,8,01,B01
200700011383,0,32,000,00,2,1,03,C01
200700011384,0,07,000,04,0,3,13,A01
200700011385,0,31,000,00,0,3,00,A01
200700011385,0,10,000,00,2,2,00,B01
200700011386,0,07,000,14,2,4,02,C01
200700011386,0,10,000,14,2,1,02,B01
200700011386,0,10,000,00,2,4,02,A01
200700011386,0,07,000,14,2,1,02,D01
200700011387,0,07,000,00,0,0,00,A01
200700011388,0,07,000,00,0,2,12,A01
200700011389,0,07,000,04,0,3,21,A01
200700011390,0,10,000,03,0,4,00,A01
200700011390,0,10,000,03,0,4,00,B01
200700011391,0,14,000,00,2,8,02,C01
200700011391,0,10,000,00,2,5,02,B01
200700011391,0,33,000,00,2,5,02,A01
200700011392,0,07,000,04,0,3,01,A01
200700011393,0,07,000,00,0,0,00,B01
200700011393,0,07,000,00,0,0,00,A01
200700011394,0,10,000,00,2,1,02,A01
200700011394,0,07,000,00,2,4,23,B01
200700011394,0,10,000,00,0,4,23,C01
200700011395,0,15,000,00,2,1,01,A01
200700011395,0,07,000,00,0,4,23,B01
200700011395,0,07,000,00,2,4,23,C01
200700011395,0,07,000,00,0,4,23,D01
200700011396,0,15,000,00,9,3,02,A01
200700011396,0,01,000,00,0,4,02,B01
200700011397,0,10,000,00,2,0,01,B01
200700011397,0,31,000,00,0,0,03,A01
200700011398,0,14,000,00,0,0,09,A01
200700011399,0,07,000,00,0,0,00,A01
200700011400,0,10,000,03,0,3,01,A01
200700011401,0,33,000,00,0,7,01,A01
200700011402,0,07,000,00,2,2,12,A01
200700011402,0,30,000,00,0,8,02,B01
200700011403,0,33,000,00,0,0,00,A01
200700011404,0,07,000,03,0,3,02,A01
200700011405,0,07,000,04,0,3,02,A01
200700011406,0,07,000,03,0,3,02,A01
200700011407,0,31,000,00,0,0,00,A01
200700011408,0,15,000,16,0,1,00,A01
200700011409,0,07,000,12,2,2,00,A01
200700011409,0,07,000,06,0,8,01,B01
200700011410,0,07,000,00,2,1,02,A01
200700011410,0,15,000,00,0,4,02,B01
200700011411,0,07,000,00,2,1,02,A01
200700011411,0,07,000,00,0,4,02,B01
200700011411,0,07,000,00,0,1,00,C01
200700011412,0,07,000,00,2,1,02,E01
200700011412,0,38,050,00,2,3,02,D01
200700011412,0,07,000,04,2,6,02,A01
200700011412,0,07,000,00,2,3,01,C01
200700011412,0,15,000,00,2,2,11,B01
200700011413,0,07,000,03,2,8,01,A01
200700011413,0,15,000,00,2,2,14,B01
200700011414,0,15,000,00,2,2,02,A01
200700011414,0,07,000,00,2,3,09,B01
200700011415,0,07,000,00,2,8,02,A01
200700011415,0,14,000,00,2,2,12,B01
200700011416,0,07,000,00,2,3,21,A01
200700011416,0,07,000,00,2,4,02,B01
200700011416,0,07,000,00,2,4,02,C01
200700011417,0,33,000,00,2,0,02,A01
200700011418,1,99,000,00,0,0,00,A01
200700011418,0,07,000,03,0,2,00,B01
200700011419,0,07,000,00,2,1,01,A01
200700011419,0,07,000,00,2,4,01,B01
200700011420,0,07,000,09,2,1,02,A01
200700011421,0,32,000,00,0,0,21,A01
200700011422,0,07,000,00,2,4,01,A01
200700011422,0,07,000,00,2,1,01,B01
200700011423,0,07,000,00,2,3,02,A01
200700011423,0,07,000,00,2,2,02,B01
200700011423,1,15,000,00,0,0,00,C01
200700011424,0,07,000,04,0,2,02,A01
200700011425,0,10,000,00,0,0,00,A01
200700011426,0,07,000,00,0,8,11,A01
200700011426,0,07,000,00,0,2,01,B01
200700011426,0,07,000,00,0,6,01,C01
200700011426,0,07,000,00,0,4,01,D01
200700011427,0,07,000,00,0,4,01,B01
200700011427,0,07,000,00,2,1,01,A01
200700011428,0,13,000,00,0,0,01,A01
200700011428,0,33,000,00,2,7,03,B01
200700011429,0,07,000,00,0,7,01,A01
200700011430,0,07,000,00,0,1,01,A01
200700011431,0,07,000,03,0,8,00,A01
200700011432,0,07,000,00,0,1,01,A01
200700011433,0,07,000,00,0,0,00,A01
200700011433,0,07,000,00,0,0,00,B01
200700011434,0,07,000,00,2,8,21,A01
200700011434,0,07,000,00,2,5,01,B01
200700011434,0,07,000,00,0,4,01,C01
200700011435,0,10,000,00,0,1,01,A01
200700011436,0,07,000,00,2,1,02,A01
200700011436,0,07,000,00,2,4,02,B01
200700011437,0,32,000,00,2,6,02,A01
200700011437,0,07,000,00,2,2,12,B01
200700011438,0,07,000,00,0,1,00,A01
200700011438,0,07,000,00,0,4,00,B01
200700011439,0,07,000,00,2,6,21,A01
200700011439,0,07,000,13,2,8,21,B01
200700011439,0,07,000,04,2,1,05,C01
200700011440,0,07,000,00,0,4,00,A01
200700011440,0,33,000,00,2,1,00,B01
200700011441,0,07,000,00,0,2,01,A01
200700011442,0,07,000,00,0,1,00,A01
200700011443,0,07,000,04,2,6,13,A01
200700011443,0,07,000,04,0,9,01,B01
200700011444,0,07,000,00,2,1,02,A01
200700011444,0,07,000,00,2,4,02,B01
200700011444,0,07,000,00,2,4,23,C01
200700011445,0,07,000,00,2,1,01,A01
200700011445,0,07,000,00,2,4,00,B01
200700011446,0,32,000,00,2,2,03,A01
200700011446,0,07,000,00,2,3,11,B01
200700011447,0,10,000,00,2,1,02,A01
200700011447,0,07,000,00,2,4,02,B01
200700011447,0,07,000,00,2,4,02,C01
200700011448,0,33,000,00,2,4,03,A01
200700011448,0,07,000,00,0,0,01,B01
200700011448,0,07,000,00,0,0,11,C01
200700011449,0,07,000,00,2,4,01,B01
200700011449,0,07,000,00,2,1,01,A01
200700011450,0,33,000,00,2,1,03,A01
200700011450,0,07,000,00,0,4,02,B01
200700011451,1,07,000,00,0,0,11,A01
200700011451,0,33,000,00,0,0,21,B01
200700011452,0,33,000,00,2,2,17,A01
200700011452,0,10,000,00,2,8,01,B01
200700011453,0,07,000,00,2,1,12,A01