Num_Acc,senc,catv,occutc,obs,obsm,choc,manv,num_veh
200700011453,0,07,000,00,0,3,01,B01
200700011454,0,33,000,00,2,3,03,A01
200700011454,0,07,000,00,2,2,12,B01
200700011455,0,07,000,00,0,4,02,B01
200700011455,0,10,000,00,2,1,01,A01
200700011456,0,07,000,00,2,1,02,A01
200700011456,0,07,000,00,2,4,02,B01
200700011456,0,07,000,00,2,4,02,C01
200700011456,0,07,000,00,2,4,02,D01
200700011456,0,07,000,00,0,4,02,E01
200700011457,0,33,000,00,0,3,02,A01
200700011457,0,07,000,00,2,2,12,B01
200700011458,0,07,000,03,0,2,00,A01
200700011459,0,33,000,00,2,7,00,A01
200700011459,0,07,000,00,2,5,00,B01
200700011460,0,31,000,00,2,1,03,A01
200700011460,0,07,000,00,2,6,11,B01
200700011461,0,07,000,00,2,7,09,A01
200700011461,0,33,000,00,2,8,02,B01
200700011462,0,32,000,01,0,1,02,A01
200700011462,0,07,000,00,2,4,23,B01
200700011463,0,17,000,00,2,1,00,A01
200700011463,0,07,000,00,2,4,00,B01
200700011463,0,07,000,00,2,6,00,C01
200700011464,0,33,000,00,2,3,00,A01
200700011464,0,07,000,00,2,6,02,B01
200700011465,0,07,000,03,0,2,01,A01
200700011465,0,07,000,00,9,1,01,B01
200700011466,0,33,000,04,2,1,02,A01
200700011466,0,07,000,00,0,0,02,B01
200700011467,0,07,000,04,0,2,17,A01
200700011468,0,32,000,00,0,0,01,A01
200700011469,0,07,000,00,2,1,02,A01
200700011469,0,16,000,00,0,4,02,B01
200700011470,0,07,000,00,0,9,00,A01
200700011471,0,10,000,00,2,3,01,A01
200700011471,0,33,000,00,2,1,17,B01
200700011472,0,07,000,00,0,9,00,A01
200700011473,0,07,000,04,0,2,01,A01
200700011474,0,07,000,04,0,9,21,A01
200700011474,0,15,000,00,2,3,00,B01
200700011475,0,07,000,00,2,5,01,A01
200700011475,0,07,000,00,2,3,11,B01
200700011475,0,33,000,00,2,2,03,C01
200700011476,0,07,000,09,0,3,09,A01
200700011477,0,07,000,00,2,6,11,A01
200700011477,0,32,000,04,2,7,17,B01
200700011478,0,07,000,03,0,3,13,A01
200700011479,0,33,000,00,2,1,05,A01
200700011479,0,07,000,00,2,1,10,B01
200700011480,0,07,000,00,2,4,01,A01
200700011480,0,07,000,00,2,1,02,B01
200700011481,0,07,000,04,0,3,00,A01
200700011482,0,32,000,00,2,1,21,B01
200700011482,0,07,000,00,2,6,09,A01
200700011483,0,10,000,13,0,6,21,A01
200700011484,0,33,000,12,0,1,02,A01
200700011485,0,07,000,00,0,6,02,A01
200700011485,0,07,000,00,0,5,02,B01
200700011485,0,07,000,00,2,3,13,C01
200700011486,0,07,000,13,0,3,00,A01
200700011487,0,07,000,16,0,0,15,A01
200700011488,0,07,000,00,0,4,02,A01
200700011488,0,07,000,00,2,4,02,B01
200700011488,0,07,000,00,2,1,02,C01
200700011489,0,07,000,04,0,1,01,A01
200700011490,0,15,000,00,2,4,01,A01
200700011490,0,07,000,00,2,1,02,B01
200700011491,0,07,000,00,0,4,00,A01
200700011491,0,10,000,00,2,1,02,B01
200700011492,0,33,000,00,2,2,00,A01
200700011492,0,10,000,00,2,3,11,B01
200700011493,0,33,000,00,0,1,02,A01
200700011493,0,07,000,00,0,4,01,B01
200700011494,0,10,000,03,0,1,01,A01
200700011495,0,07,000,02,0,1,01,A01
200700011496,0,07,000,00,0,4,01,A01
200700011496,0,07,000,00,2,4,02,B01
200700011496,0,07,000,00,2,1,02,C01
200700011497,0,07,000,04,2,1,12,A01
200700011497,0,07,000,00,2,6,01,B01
200700011498,0,34,000,00,0,0,00,A01
200700011499,0,17,000,00,0,4,23,A01
200700011499,0,10,000,00,2,1,02,B01
200700011499,0,14,000,00,2,1,02,C01
200700011499,0,17,000,00,2,1,02,D01
200700011500,0,07,000,00,0,4,02,B01
200700011500,0,17,000,00,2,1,02,C01
200700011500,0,17,000,00,0,4,02,A01
200700011501,0,10,000,00,2,5,00,A01
200700011501,0,07,000,01,0,1,02,B01
200700011502,0,07,000,04,0,9,00,A01
200700011503,1,10,000,01,0,1,01,A01
200700011503,0,07,000,00,0,4,01,B01
200700011504,0,34,000,00,2,1,03,A01
200700011504,0,07,000,00,0,4,11,B01
200700011505,0,38,001,00,2,2,01,A01
200700011505,0,07,000,00,2,4,12,B01
200700011506,0,07,000,00,2,4,01,A01
200700011506,0,07,000,00,2,1,02,B01
200700011507,0,33,000,04,2,7,01,B01
200700011507,0,07,000,00,2,8,11,A01
200700011508,0,07,000,00,0,6,01,A01
200700011508,0,15,000,00,2,2,12,B01
200700011509,0,07,000,00,0,1,01,A01
200700011510,0,07,000,00,2,2,00,A01
200700011510,0,07,000,02,2,3,02,B01
200700011511,0,07,000,04,0,1,00,A01
200700011512,0,33,000,00,0,8,02,A01
200700011512,1,17,000,00,2,5,12,B01
200700011513,0,02,000,00,0,8,00,A01
200700011514,0,15,000,00,0,4,02,A01
200700011514,0,14,000,00,2,1,02,B01
200700011515,0,07,000,00,2,1,02,A01
200700011515,0,07,000,00,2,4,02,B01
200700011515,0,07,000,00,2,4,02,C01
200700011515,0,07,000,00,2,3,01,D01
200700011516,0,07,000,04,2,5,00,A01
200700011516,0,07,000,03,2,9,00,B01
200700011517,0,07,000,00,2,1,05,A01
200700011517,0,07,000,00,2,1,01,B01
200700011518,0,07,000,00,2,0,05,A01
200700011518,0,07,000,00,2,4,01,B01
200700011518,0,02,000,00,2,1,02,C01
200700011519,0,02,000,00,2,0,09,A01
200700011519,0,07,000,00,2,3,01,B01
200700011520,0,07,000,00,2,1,01,A01
200700011520,0,07,000,00,2,4,01,B01
200700011520,0,07,000,00,2,0,01,C01
200700011521,0,07,000,00,2,0,02,A01
200700011521,0,07,000,00,2,0,02,B01
200700011522,0,33,000,00,2,8,18,A01
200700011522,0,07,000,00,2,2,23,B01
200700011523,0,07,000,00,1,0,04,A01
200700011524,0,07,000,00,2,1,09,A01
200700011524,0,07,000,00,2,3,01,B01
200700011525,0,07,000,06,0,0,01,A01
200700011526,0,07,000,04,5,1,01,A01
200700011527,0,07,000,00,2,8,01,A01
200700011527,0,07,000,00,2,1,01,B01
200700011528,0,07,000,00,1,0,01,A01
200700011529,0,02,000,00,2,1,01,A01
200700011529,0,07,000,00,0,4,01,B01
200700011530,0,07,000,00,1,1,01,A01
200700011531,0,07,000,00,2,1,01,A01
200700011531,0,07,000,00,2,4,02,B01
200700011531,0,07,000,00,0,4,01,C01
200700011532,0,07,000,00,2,1,13,A01
200700011532,0,07,000,00,2,8,01,B01
200700011532,0,07,000,00,2,8,01,C01
200700011532,0,07,000,00,2,1,01,D01
200700011533,0,07,000,00,2,5,11,A01
200700011533,0,02,000,00,2,1,01,B01
200700011534,0,07,000,00,2,1,01,A01
200700011534,0,07,000,00,2,4,01,B01
200700011534,0,07,000,00,0,4,00,C01
200700011535,0,37,001,00,1,2,20,A01
200700011536,0,07,000,00,0,6,02,A01
200700011536,1,10,000,00,2,0,02,B01
200700011537,0,07,000,00,1,3,01,A01
200700011538,0,32,000,00,0,7,01,A01
200700011539,0,07,000,00,0,0,00,A01
200700011540,0,07,000,00,0,0,00,A01
200700011541,0,07,000,00,0,0,00,A01
200700011541,0,07,000,00,0,0,00,B01
200700011541,0,07,000,00,0,0,00,C01
200700011542,0,07,000,00,0,0,00,A01
200700011543,0,07,000,04,0,0,00,A01
200700011544,0,07,000,00,0,0,00,A01
200700011544,0,07,000,00,0,0,00,B01
200700011545,0,07,000,00,0,0,00,A01
200700011545,0,07,000,00,0,0,00,B01
200700011546,0,17,000,00,0,0,00,A01
200700011546,0,07,000,00,0,0,00,B01
200700011547,0,17,000,00,0,0,00,A01
200700011547,0,07,000,00,0,0,00,B01
200700011548,0,33,000,00,0,0,00,A01
200700011549,0,07,000,00,0,0,00,A01
200700011549,0,07,000,00,0,0,00,B01
200700011550,0,17,000,00,0,0,00,A01
200700011550,0,17,000,00,0,0,00,B01
200700011550,0,07,000,00,0,0,00,C01
200700011551,0,07,000,00,0,0,00,A01
200700011552,0,33,000,00,0,0,00,A01
200700011552,0,07,000,00,0,0,00,B01
200700011553,0,07,000,00,0,0,00,A01
200700011554,0,33,000,00,0,0,00,A01
200700011555,0,07,000,06,0,0,00,A01
200700011556,0,07,000,00,0,0,00,A01
200700011557,0,07,000,00,0,0,00,A01
200700011558,0,07,000,00,0,0,00,A01
200700011559,0,07,000,00,0,0,00,A01
200700011559,0,07,000,00,0,0,00,B01
200700011559,0,10,000,00,0,0,00,C01
200700011559,0,10,000,00,0,0,00,D01
200700011560,0,07,000,04,0,0,00,A01
200700011561,0,07,000,00,0,0,00,A01
200700011561,0,07,000,00,0,0,00,B01
200700011562,0,07,000,13,0,0,00,A01
200700011563,0,07,000,00,0,0,00,A01
200700011563,0,07,000,00,0,0,00,B01
200700011563,0,17,000,00,0,0,00,C01
200700011564,0,07,000,00,2,1,01,A01
200700011564,0,07,000,00,0,4,01,B01
200700011565,0,07,000,00,0,0,00,A01
200700011566,0,17,000,00,0,0,00,A01
200700011566,0,07,000,00,0,0,00,B01
200700011567,0,07,000,00,0,0,00,A01
200700011567,0,07,000,00,0,0,00,B01
200700011567,0,07,000,00,0,0,00,C01
200700011568,0,10,000,00,2,1,00,A01
200700011568,0,07,000,00,2,4,00,B01
200700011569,0,33,000,00,0,0,00,A01
200700011569,0,07,000,00,0,0,00,B01
200700011570,0,07,000,00,0,0,00,A01
200700011570,0,17,000,00,0,0,00,B01
200700011570,0,17,000,00,0,0,00,C01
200700011570,0,17,000,00,0,0,00,D01
200700011570,0,07,000,00,0,4,01,E01
200700011571,1,07,000,00,0,0,00,A01
200700011571,0,07,000,00,0,0,00,B01
200700011572,0,07,000,00,0,0,00,A01
200700011573,0,17,000,13,0,0,00,A01
200700011574,0,33,000,00,0,0,00,A01
200700011575,0,07,000,03,0,0,00,A01
200700011576,0,07,000,00,0,0,00,A01
200700011576,0,07,000,00,0,0,00,B01
200700011576,0,07,000,00,0,0,00,C01
200700011577,0,07,000,00,0,0,00,A01
200700011577,0,07,000,00,0,0,00,B01
200700011578,0,07,000,00,0,0,00,A01
200700011578,0,07,000,00,0,0,00,B01
200700011578,0,07,000,00,0,0,00,C01
200700011579,0,07,000,00,0,0,00,A01
200700011580,0,07,000,15,0,0,00,A01
200700011581,0,07,000,00,0,0,00,A01
200700011581,0,07,000,00,0,0,00,B01
200700011581,0,07,000,00,0,0,00,C01
200700011582,0,10,000,00,0,0,00,A01
200700011582,0,07,000,00,0,0,00,B01
200700011583,0,30,000,00,0,0,00,A01
200700011584,0,07,000,00,0,0,00,A01
200700011584,0,07,000,00,0,0,00,F01
200700011584,0,07,000,00,0,0,00,B01
200700011584,0,07,000,00,0,0,00,C01
200700011584,0,07,000,00,0,0,00,D01
200700011584,0,07,000,00,0,0,00,E01
200700011585,0,07,000,00,0,1,00,A01
200700011585,0,17,000,00,0,0,00,B01
200700011586,0,07,000,00,0,0,00,A01
200700011586,0,07,000,00,0,0,00,B01
200700011587,0,07,000,00,1,4,04,A01
200700011588,0,07,000,00,2,3,11,A01
200700011588,0,02,000,00,2,2,01,B01
200700011589,0,37,000,00,2,3,01,B01
200700011589,0,07,000,00,9,2,16,A01
200700011590,0,07,000,00,1,4,04,A01
200700011591,0,07,000,00,2,8,15,A01
200700011591,0,33,000,00,2,1,01,B01
200700011592,0,33,000,00,2,1,02,A01
200700011592,0,07,000,00,2,4,02,B01
200700011593,0,01,000,00,1,1,01,A01
200700011594,0,07,000,00,2,3,11,A01
200700011594,0,07,000,00,2,2,01,B01
200700011595,0,07,000,00,1,2,02,A01
200700011596,0,07,000,01,2,7,02,B01
200700011596,0,31,000,00,2,8,16,A01
200700011597,0,07,000,01,0,2,14,A01
200700011598,0,07,000,00,2,1,19,A01
200700011598,0,32,000,00,2,3,17,B01
200700011599,0,07,000,00,2,3,15,A01
200700011599,0,07,000,00,2,3,01,B01
200700011600,0,10,000,00,2,7,16,A01
200700011600,0,01,000,00,2,1,01,B01
200700011601,0,01,000,00,2,7,19,A01
200700011601,0,07,000,00,9,1,01,B01
200700011602,0,07,000,00,2,3,13,A01
200700011602,0,33,000,00,2,5,01,B01
200700011603,0,07,000,00,2,1,15,A01
200700011603,0,31,000,00,2,1,01,B01
200700011604,0,07,000,00,1,1,01,A01
200700011605,0,07,000,00,1,1,16,A01
200700011606,0,07,000,00,9,1,01,A01
200700011606,0,01,000,00,2,1,01,B01
200700011607,0,30,000,01,2,1,17,A01
200700011607,0,07,000,01,2,5,01,B01
200700011607,0,07,000,01,2,7,01,C01
200700011608,0,40,000,00,1,1,01,A01
200700011609,0,07,000,00,2,3,04,A01
200700011609,0,33,000,00,2,1,01,B01
200700011610,0,10,000,00,1,1,07,A01
200700011611,0,07,000,00,2,2,01,A01
200700011611,0,07,000,00,2,3,01,B01
200700011612,0,10,000,00,2,1,15,A01
200700011612,0,02,000,00,2,1,01,B01
200700011613,0,07,000,00,2,2,16,A01
200700011613,0,30,000,00,0,0,00,B01
200700011614,0,07,000,00,2,2,14,A01
200700011614,0,33,000,00,2,3,01,B01
200700011615,0,03,000,00,1,2,15,A01
200700011616,0,30,000,00,2,1,02,A01
200700011616,1,07,000,00,0,4,02,B01
200700011617,0,07,000,01,0,3,02,A01
200700011617,0,10,000,00,0,5,24,B01
200700011618,0,05,000,00,2,2,03,A01
200700011618,0,07,000,00,0,6,02,B01
200700011619,0,07,000,04,0,1,02,A01
200700011620,0,10,000,00,2,1,21,A01
200700011620,0,07,000,00,0,4,01,B01
200700011621,0,07,000,04,0,1,13,A01
200700011622,0,07,000,04,0,3,13,A01
200700011623,0,07,000,00,2,1,02,A01
200700011623,0,07,000,00,0,4,01,B01
200700011624,0,17,000,00,2,2,12,A01
200700011624,0,07,000,03,0,6,01,B01
200700011625,0,10,000,00,2,1,21,A01
200700011625,0,07,000,00,0,5,21,B01
200700011625,0,07,000,00,0,5,21,C01
200700011625,0,07,000,00,0,1,21,D01
200700011626,0,14,000,00,2,3,21,A01
200700011626,0,07,000,00,0,4,23,B01
200700011626,0,07,000,00,2,4,23,C01
200700011626,0,07,000,00,0,4,23,D01
200700011627,0,10,000,04,0,2,02,A01
200700011628,0,17,000,00,2,2,01,A01
200700011628,0,07,000,00,0,4,01,B01
200700011629,0,07,000,00,2,1,02,A01
200700011629,0,07,000,00,2,4,02,B01
200700011629,0,07,000,00,0,4,02,C01
200700011629,0,07,000,00,0,4,02,D01
200700011629,0,07,000,00,2,1,02,E01
200700011630,0,07,000,04,0,3,02,A01
200700011630,0,05,000,01,0,1,02,B01
200700011630,0,07,000,01,0,3,02,C01
200700011631,0,07,000,04,2,1,12,A01
200700011631,0,10,000,00,2,1,02,B01
200700011632,0,02,000,03,0,2,02,A01
200700011633,0,07,000,00,2,1,02,A01
200700011633,0,07,000,00,0,4,02,B01
200700011634,0,07,000,00,2,1,01,A01
200700011634,0,07,000,00,0,6,01,B01
200700011635,0,07,000,03,0,1,14,A01
200700011635,0,07,000,00,9,1,01,B01
200700011636,0,07,000,04,0,3,13,A01
200700011637,0,07,000,00,2,3,09,A01
200700011637,0,07,000,00,2,4,02,B01
200700011637,0,07,000,00,0,4,02,C01
200700011638,0,05,000,00,2,7,21,A01
200700011638,0,07,000,00,0,3,11,B01
200700011638,0,07,000,00,0,5,01,C01
200700011639,0,17,000,04,0,8,13,A01
200700011640,0,07,000,00,2,1,01,A01
200700011640,0,07,000,00,0,4,02,B01
200700011641,0,07,000,04,0,1,14,A01
200700011642,0,07,000,00,2,8,21,A01
200700011642,0,07,000,00,0,4,23,B01
200700011642,0,07,000,00,0,6,21,C01
200700011643,0,07,000,00,2,4,13,A01
200700011643,0,07,000,00,0,1,01,B01
200700011644,0,07,000,04,2,1,13,A01
200700011644,0,17,000,00,0,5,01,B01
200700011645,0,07,000,00,2,1,21,A01
200700011645,0,07,000,00,2,4,23,B01
200700011645,0,07,000,00,0,4,23,C01
200700011646,0,07,000,04,0,1,13,A01
200700011647,0,07,000,04,0,1,13,A01
200700011648,0,07,000,00,1,1,01,A01
200700011649,0,07,000,00,2,8,09,A01
200700011649,0,33,000,00,2,2,02,B01
200700011650,0,01,000,00,0,7,01,A01
200700011651,0,07,000,03,0,1,01,C01
200700011651,0,07,000,00,2,6,11,B01
200700011651,0,17,000,00,2,1,00,A01
200700011652,0,07,000,03,0,6,01,A01
200700011652,0,17,000,00,2,2,12,B01
200700011653,0,07,000,03,0,3,13,A01
200700011654,0,07,000,00,2,1,01,C01
200700011654,0,07,000,04,2,6,11,B01
200700011654,0,17,000,00,0,2,01,A01
200700011655,0,07,000,00,0,6,01,B01
200700011655,0,07,000,03,2,2,01,A01
200700011656,0,07,000,03,2,1,01,A01
200700011656,0,17,000,00,0,4,01,B01
200700011657,0,07,000,03,0,1,21,A01
200700011658,0,07,000,00,9,6,23,A01
200700011658,0,07,000,14,0,2,21,B01
200700011658,0,07,000,14,2,1,02,C01
200700011658,0,07,000,00,2,1,02,D01
200700011659,0,07,000,02,0,8,14,A01
200700011660,0,07,000,00,2,4,02,B01
200700011660,0,07,000,00,2,1,02,A01
200700011661,0,07,000,00,2,4,02,B01
200700011661,0,07,000,00,2,1,02,A01
200700011662,0,07,000,00,2,5,01,B01
200700011662,0,02,000,00,2,1,01,A01
200700011663,0,10,000,00,1,1,01,A01
200700011664,0,07,000,00,1,3,15,A01
200700011665,0,07,000,00,2,1,01,A01
200700011665,0,37,001,00,2,2,01,B01
200700011666,0,07,000,11,0,1,21,A01
200700011667,0,10,000,00,2,3,15,B01
200700011667,0,07,000,01,2,4,17,A01
200700011668,0,02,000,00,2,8,00,A01
200700011668,0,07,000,00,2,2,00,B01
200700011669,0,02,000,00,2,0,00,A01
200700011669,0,07,000,00,2,2,01,B01
200700011670,0,07,000,00,1,1,15,A01
200700011671,0,02,000,00,2,7,01,A01
200700011671,0,10,000,00,2,5,01,B01
200700011672,0,07,000,00,1,1,01,A01
200700011673,0,07,000,00,2,1,01,A01
200700011673,0,07,000,00,2,6,01,B01
200700011674,0,07,000,00,2,1,01,A01
200700011674,0,01,000,00,2,7,00,B01
200700011675,0,07,000,00,2,8,01,A01
200700011675,0,07,000,00,2,8,02,B01
200700011676,0,07,000,00,1,1,01,A01
200700011677,0,07,000,00,1,1,01,A01
200700011678,0,40,000,00,1,2,02,A01
200700011679,0,07,000,00,2,5,12,A01
200700011679,0,33,000,00,0,8,11,B01
200700011680,0,07,000,00,2,7,13,A01
200700011680,0,33,000,00,0,7,01,B01
200700011681,0,07,000,00,2,1,02,A01
200700011681,0,07,000,00,0,4,01,B01
200700011682,0,07,000,04,2,6,24,B01
200700011682,0,07,000,01,0,2,01,A01
200700011683,0,33,000,00,2,2,02,A01
200700011683,0,07,000,00,2,8,01,B01
200700011684,1,07,000,00,2,1,02,A01
200700011684,0,07,000,00,0,4,02,B01
200700011684,0,07,000,00,2,1,02,C01
200700011685,0,10,000,04,0,8,02,A01
200700011686,0,07,000,04,0,1,00,A01
200700011687,0,07,000,04,0,2,00,A01
200700011688,0,33,000,00,2,4,02,A01
200700011688,1,07,000,00,2,1,02,B01
200700011689,0,07,000,00,0,1,01,A01
200700011690,0,07,000,00,2,1,02,A01
200700011690,0,07,000,00,2,4,23,B01
200700011690,0,07,000,00,0,4,23,C01
200700011691,0,33,000,00,0,8,01,A01
200700011692,0,07,000,00,2,1,02,A01
200700011692,0,07,000,00,2,4,02,B01
200700011693,0,07,000,04,2,3,11,A01
200700011693,0,07,000,00,2,7,01,B01
200700011694,0,16,000,16,0,7,14,A01
200700011695,0,07,000,00,2,1,02,A01
200700011695,0,07,000,00,2,4,02,B01
200700011696,0,07,000,04,0,1,14,A01
200700011697,0,07,000,00,2,7,14,A01
200700011697,0,10,000,00,2,1,01,B01
200700011698,0,17,000,00,2,7,14,A01
200700011698,0,07,000,04,2,8,01,B01
200700011699,0,15,000,00,2,1,02,A01
200700011699,0,07,000,00,0,4,02,B01
200700011700,0,30,000,00,9,1,00,A01
200700011700,0,01,000,00,2,0,00,B01
200700011701,0,07,000,00,2,3,01,B01
200700011701,0,30,000,00,2,0,15,A01
200700011702,0,07,000,00,2,1,01,A01
200700011702,0,07,000,00,0,4,01,B01
200700011703,0,07,000,00,1,1,01,A01
200700011704,0,07,000,00,2,6,15,A01
200700011704,0,30,000,00,2,1,02,B01
200700011705,0,01,000,00,2,3,01,A01
200700011705,0,33,000,00,2,1,02,B01
200700011706,0,07,000,00,1,1,00,A01
200700011707,0,31,000,00,1,1,01,A01
200700011707,0,07,000,00,2,3,23,B01
200700011708,0,07,000,00,0,6,02,A01
200700011709,0,33,000,00,0,0,01,A01
200700011710,0,33,000,03,0,0,01,A01
200700011711,0,07,000,00,0,4,01,A01
200700011711,0,07,000,00,2,4,01,B01
200700011711,0,07,000,00,2,1,01,C01
200700011712,0,07,000,00,0,9,01,A01
200700011713,0,07,000,00,0,5,12,A01
200700011713,0,34,000,00,2,1,01,B01
200700011714,0,07,000,00,0,4,01,A01
200700011714,0,07,000,00,2,1,02,B01
200700011715,0,07,000,00,0,4,02,A01
200700011715,0,07,000,00,2,4,02,B01
200700011715,0,16,000,00,2,1,02,C01
200700011716,0,07,000,00,2,2,00,A01
200700011716,0,07,000,00,2,2,01,B01
200700011717,0,07,000,04,0,5,01,A01
200700011718,0,07,000,15,0,5,00,A01
200700011719,0,07,000,00,0,6,02,A01
200700011720,0,07,000,04,0,2,21,A01
200700011720,1,07,000,00,0,0,14,B01
200700011721,0,07,000,00,0,4,02,A01
200700011721,0,07,000,00,0,1,02,B01
200700011722,0,07,000,00,2,4,02,A01
200700011722,0,07,000,00,2,4,02,B01
200700011722,0,07,000,00,2,1,02,C01
200700011723,0,07,000,00,0,4,01,A01
200700011723,0,07,000,00,2,1,01,B01
200700011724,0,07,000,00,2,6,01,B01
200700011724,1,99,000,00,0,0,00,A01
200700011725,0,33,000,00,0,1,00,A01
200700011726,0,07,000,00,0,4,01,A01
200700011726,0,07,000,00,2,1,01,B01
200700011727,0,07,000,00,0,2,02,A01
200700011728,0,07,000,13,0,1,01,A01
200700011728,0,07,000,00,2,1,21,B01
200700011728,0,07,000,03,0,3,21,C01
200700011729,0,07,000,00,0,5,02,A01
200700011729,0,34,000,00,2,1,02,B01
200700011730,0,07,000,04,0,1,00,A01
200700011731,0,07,000,03,0,2,01,A01
200700011732,0,10,000,00,0,4,02,A01
200700011732,0,07,000,00,2,1,02,B01
200700011733,0,07,000,00,2,8,01,A01
200700011733,0,14,000,00,2,2,12,B01
200700011734,0,10,000,03,0,9,00,A01
200700011734,0,10,000,00,0,0,00,B01
200700011734,0,07,000,00,0,8,02,C01
200700011735,0,07,000,03,0,2,01,A01
200700011736,0,07,000,00,2,4,23,A01
200700011736,0,07,000,00,2,1,02,B01
200700011736,0,07,000,00,2,4,02,C01
200700011736,0,07,000,00,2,1,02,D01
200700011737,0,07,000,03,0,4,06,A01
200700011737,0,33,000,00,2,1,01,B01
200700011738,0,07,000,00,0,4,00,A01
200700011738,0,33,000,00,2,1,02,B01
200700011739,0,07,000,00,0,4,00,A01
200700011739,0,07,000,00,2,4,00,B01
200700011739,0,07,000,00,0,1,00,C01
200700011740,0,07,000,00,0,0,01,A01
200700011740,0,07,000,03,9,1,02,B01
200700011740,0,07,000,00,2,1,02,C01
200700011741,0,07,000,00,0,3,02,A01
200700011742,0,07,000,03,2,7,21,A01
200700011742,0,07,000,00,2,8,02,B01
200700011743,0,07,000,03,0,2,00,A01
200700011743,0,07,000,00,2,2,02,B01
200700011743,0,07,000,00,2,1,02,C01
200700011744,0,07,000,00,2,2,00,A01
200700011744,0,07,000,00,2,3,00,B01
200700011745,0,34,000,13,0,1,01,A01
200700011746,0,07,000,00,2,2,01,A01
200700011746,0,07,000,00,2,4,01,B01
200700011746,0,07,000,00,2,1,01,C01
200700011747,0,07,000,04,0,1,00,A01
200700011747,0,07,000,14,0,1,02,B01
200700011748,1,07,000,00,2,4,04,A01
200700011748,0,07,000,00,2,1,02,B01
200700011748,0,07,000,00,2,1,02,C01
200700011749,0,07,000,00,0,4,02,A01
200700011749,0,10,000,00,0,1,02,B01
200700011750,0,33,000,16,0,7,01,A01
200700011751,0,10,000,00,0,4,02,A01
200700011751,0,07,000,00,2,2,02,B01
200700011752,0,07,000,06,0,1,01,A01
200700011753,0,02,000,00,2,1,02,A01
200700011753,0,07,000,00,2,3,15,B01
200700011754,0,07,000,00,2,1,01,B01
200700011754,0,31,000,00,2,1,01,A01
200700011755,0,07,000,00,2,4,02,B01
200700011755,0,07,000,14,0,1,02,A01
200700011756,0,07,000,00,2,3,15,A01
200700011756,0,07,000,00,2,3,01,B01
200700011757,0,33,000,00,2,1,02,A01
200700011757,0,07,000,00,2,4,02,B01
200700011758,0,07,000,04,0,8,01,A01
200700011759,0,07,000,00,0,3,15,A01
200700011759,0,02,000,00,2,1,01,B01
200700011760,0,07,000,00,0,6,23,B01
200700011760,0,02,000,00,2,2,17,A01
200700011761,0,07,000,13,0,9,00,A01
200700011762,0,07,000,00,9,3,15,A01
200700011762,0,30,000,00,2,1,01,B01
200700011763,0,07,000,00,2,8,15,B01
200700011763,0,02,000,00,2,1,17,A01
200700011764,0,07,000,00,2,1,01,A01
200700011764,0,07,000,00,2,4,02,B01
200700011764,0,07,000,00,0,4,02,C01
200700011765,0,14,000,00,9,1,01,A01
200700011765,0,01,000,00,2,8,01,B01
200700011766,0,07,000,00,2,1,02,A01
200700011766,0,07,000,06,0,4,02,B01
200700011767,0,07,000,00,2,6,15,A01
200700011767,0,37,001,00,2,1,01,B01
200700011768,0,07,000,00,9,2,01,B01
200700011768,0,01,000,00,2,1,02,A01
200700011769,0,07,000,00,2,1,02,A01
200700011769,0,33,000,00,2,4,20,B01
200700011769,0,07,000,00,2,3,16,C01
200700011770,0,07,000,00,1,3,20,A01
200700011770,0,07,000,00,2,6,24,B01
200700011771,0,07,000,00,0,0,00,A01
200700011771,0,07,000,00,0,0,00,B01
200700011772,0,07,000,00,2,3,02,A01
200700011772,0,07,000,00,0,4,15,B01
200700011773,0,07,000,00,2,2,12,A01
200700011773,0,02,000,00,2,1,01,B01
200700011774,0,07,000,00,2,1,01,A01
200700011774,0,07,000,00,2,4,02,B01
200700011775,0,07,000,13,0,0,01,A01
200700011776,0,30,000,00,2,1,00,A01
200700011776,0,07,000,00,2,6,16,B01
200700011777,0,07,000,00,2,1,01,A01
200700011777,0,07,000,00,2,4,23,B01
200700011778,0,07,000,00,2,1,09,A01
200700011778,0,30,000,00,2,7,01,B01
200700011779,0,07,000,13,0,9,06,A01
200700011780,2,07,000,00,2,9,01,A01
200700011780,0,07,000,12,2,8,01,B01
200700011780,0,07,000,00,2,1,01,C01
200700011781,0,07,000,00,2,6,10,A01
200700011781,0,07,000,00,2,1,01,B01
200700011782,0,02,000,00,2,8,00,A01
200700011782,0,07,000,00,2,3,01,B01
200700011783,0,10,000,08,0,1,01,A01
200700011784,0,07,000,00,2,1,01,A01
200700011784,0,31,000,00,2,1,01,B01
200700011784,0,07,000,00,2,2,01,C01
200700011785,0,07,000,00,2,3,19,A01
200700011785,0,30,000,00,2,6,01,B01
200700011786,0,30,000,00,2,4,01,A01
200700011786,0,07,000,00,2,4,01,B01
200700011787,0,07,000,00,2,3,01,B01
200700011787,0,10,000,00,2,1,01,A01
200700011788,0,02,000,00,2,3,01,B01
200700011788,0,07,000,00,2,2,09,A01
200700011789,0,07,000,00,1,0,04,A01
200700011790,1,07,000,00,2,3,00,A01
200700011790,0,30,000,00,2,0,15,B01
200700011791,0,07,000,13,2,5,13,A01
200700011791,0,07,000,00,2,1,01,B01