Num_Acc,senc,catv,occutc,obs,obsm,choc,manv,num_veh
200700011791,0,07,000,00,0,0,01,C01
200700011792,0,07,000,00,1,3,13,A01
200700011793,0,07,000,00,1,1,01,A01
200700011794,0,07,000,16,1,2,01,A01
200700011795,0,31,000,02,0,1,14,A01
200700011796,0,31,000,00,2,8,01,B01
200700011796,0,07,000,00,2,3,10,A01
200700011797,0,31,000,00,2,7,02,B01
200700011797,0,07,000,00,2,8,15,A01
200700011798,0,07,000,00,2,6,15,A01
200700011798,0,33,000,00,2,1,01,B01
200700011799,0,07,000,00,2,3,09,A01
200700011799,0,01,000,00,2,7,01,B01
200700011800,0,07,000,00,2,4,02,A01
200700011800,0,07,000,00,2,4,04,B01
200700011800,0,07,000,01,0,8,24,C01
200700011801,0,07,000,00,1,1,15,A01
200700011802,0,07,000,00,2,7,01,A01
200700011802,0,07,000,00,2,3,06,B01
200700011803,0,02,000,00,2,5,02,A01
200700011803,0,07,000,00,2,3,02,B01
200700011804,0,07,000,00,1,1,01,A01
200700011805,0,07,000,00,2,7,00,A01
200700011805,0,33,000,00,2,2,02,B01
200700011806,0,02,000,00,2,1,01,B01
200700011806,0,07,000,00,0,1,15,A01
200700011807,0,07,000,00,2,2,02,A01
200700011807,0,07,000,00,2,2,02,B01
200700011808,0,07,000,00,2,8,15,A01
200700011808,0,30,000,00,2,7,17,B01
200700011809,0,07,000,00,0,6,24,C01
200700011809,0,07,000,00,2,5,01,A01
200700011809,0,07,000,00,2,1,01,B01
200700011810,0,07,000,00,1,0,00,A01
200700011811,0,07,000,00,2,4,01,A01
200700011811,0,02,000,00,0,0,00,B01
200700011812,0,07,000,00,2,1,02,B01
200700011812,0,07,000,00,2,1,02,A01
200700011813,0,05,000,00,1,1,01,A01
200700011814,0,07,000,00,1,2,00,A01
200700011815,0,07,000,00,9,8,24,A01
200700011816,0,07,000,00,2,7,02,A01
200700011816,0,32,000,00,2,3,02,B01
200700011817,0,07,000,00,2,8,24,A01
200700011817,0,30,000,00,0,0,00,B01
200700011818,0,07,000,00,2,1,15,B01
200700011818,0,05,000,00,2,1,01,A01
200700011819,0,07,000,00,2,8,10,A01
200700011819,0,02,000,00,2,1,01,B01
200700011820,0,07,000,00,2,7,23,A01
200700011820,0,07,000,00,2,3,02,B01
200700011821,0,32,000,01,0,2,00,A01
200700011822,0,07,000,00,1,2,15,A01
200700011822,0,07,000,00,2,1,01,B01
200700011823,0,07,000,00,2,1,15,A01
200700011823,0,07,000,00,2,2,01,B01
200700011824,0,07,000,00,0,0,00,A01
200700011825,0,07,000,00,1,1,16,A01
200700011826,0,02,000,00,1,1,15,A01
200700011827,0,07,000,00,0,0,00,A01
200700011827,0,13,000,00,0,0,00,B01
200700011827,0,07,000,00,0,0,00,C01
200700011828,0,15,000,00,2,2,01,A01
200700011828,0,07,000,04,2,6,24,B01
200700011829,0,07,000,04,0,1,13,A01
200700011830,0,07,000,00,0,4,02,A01
200700011830,0,14,000,00,2,4,02,B01
200700011830,0,07,000,00,2,4,02,C01
200700011830,0,07,000,00,2,4,02,D01
200700011830,0,07,000,00,2,1,02,E01
200700011831,0,07,000,00,0,3,02,A01
200700011831,0,07,000,00,2,2,21,B01
200700011831,0,07,000,00,0,0,11,C01
200700011832,0,38,001,00,2,1,02,A01
200700011832,0,07,000,00,2,4,23,B01
200700011832,0,07,000,00,2,4,23,C01
200700011833,0,07,000,00,2,1,02,A01
200700011833,0,07,000,00,0,4,02,B01
200700011833,0,07,000,14,2,3,02,C01
200700011834,0,07,000,00,2,8,11,A01
200700011834,0,33,000,00,2,7,01,B01
200700011835,0,07,000,00,2,6,02,A01
200700011835,0,07,000,00,2,2,02,B01
200700011836,1,07,000,00,2,1,00,A01
200700011836,0,07,000,00,2,4,00,B01
200700011837,0,07,000,00,2,2,12,A01
200700011837,0,34,000,00,2,3,01,B01
200700011838,0,07,000,00,2,6,17,A01
200700011838,0,07,000,00,0,3,02,B01
200700011839,0,13,000,00,0,1,02,A01
200700011839,0,13,000,00,0,4,01,B01
200700011840,0,32,000,04,0,8,13,A01
200700011841,0,15,000,00,2,1,21,A01
200700011841,0,13,000,00,0,4,01,B01
200700011842,0,31,000,00,2,8,02,A01
200700011842,0,07,000,00,0,5,02,B01
200700011843,0,07,000,00,2,6,02,A01
200700011843,0,33,000,00,2,7,03,B01
200700011844,0,31,000,00,2,8,03,A01
200700011844,0,07,000,00,2,5,13,B01
200700011844,0,14,000,00,1,4,01,C01
200700011845,0,07,000,15,2,2,17,A01
200700011845,0,10,000,16,0,3,01,B01
200700011846,0,40,000,00,2,1,02,A01
200700011846,0,37,001,00,0,4,01,B01
200700011847,0,07,000,00,2,1,01,A01
200700011847,0,07,000,00,2,1,02,B01
200700011847,0,07,000,00,2,4,01,C01
200700011847,0,07,000,00,2,4,01,D01
200700011847,0,07,000,00,0,4,01,E01
200700011848,0,07,000,06,1,2,14,A01
200700011849,0,07,000,00,2,1,00,A01
200700011849,0,07,000,00,2,5,01,B02
200700011850,0,02,000,00,0,1,19,A01
200700011850,0,07,000,00,0,8,01,B02
200700011851,0,10,000,00,1,5,04,A01
200700011852,0,07,000,16,0,9,01,A01
200700011853,0,07,000,00,2,3,15,A01
200700011853,0,07,000,00,2,1,01,B02
200700011854,0,07,000,00,2,1,13,A01
200700011854,0,02,000,00,2,1,01,B02
200700011855,0,07,000,00,2,1,13,A01
200700011856,0,07,000,00,2,2,17,A01
200700011856,0,10,000,00,2,3,15,B02
200700011857,0,07,000,00,2,3,13,A01
200700011857,0,02,000,00,2,1,01,B02
200700011858,0,07,000,00,2,1,17,A01
200700011858,0,07,000,00,2,3,01,B02
200700011859,0,07,000,05,0,1,01,A01
200700011860,0,07,000,00,1,1,01,A01
200700011861,1,07,000,00,1,2,01,A01
200700011862,0,07,000,13,0,1,01,A01
200700011863,0,30,000,00,2,4,14,A01
200700011863,0,30,000,00,2,1,02,B02
200700011864,0,07,000,00,0,2,01,A01
200700011864,0,02,000,00,2,1,05,B02
200700011865,0,07,000,00,0,7,15,A01
200700011865,0,07,000,00,2,1,01,B02
200700011866,0,07,000,00,2,1,01,A01
200700011866,0,02,000,00,2,1,21,B02
200700011867,0,07,000,00,2,2,15,A01
200700011867,0,07,000,00,2,3,01,B02
200700011868,0,07,000,00,2,3,13,A01
200700011868,0,17,000,00,2,3,01,B02
200700011869,0,07,000,00,1,1,01,A01
200700011870,0,02,000,01,0,1,01,A01
200700011871,0,31,000,15,0,1,00,A01
200700011872,0,07,000,02,0,1,02,A01
200700011873,0,07,000,02,0,8,21,A01
200700011874,0,30,000,00,1,1,02,A01
200700011875,0,07,000,00,2,1,17,A01
200700011875,0,02,000,00,2,1,01,B02
200700011875,0,02,000,00,2,1,01,C03
200700011875,0,02,000,00,2,1,01,D04
200700011876,0,07,000,00,2,1,13,A01
200700011876,0,07,000,00,2,1,01,B02
200700011877,0,15,000,00,0,0,00,A01
200700011878,0,02,000,00,2,1,01,A01
200700011878,0,07,000,00,2,2,01,B02
200700011879,0,07,000,00,1,1,01,A01
200700011880,0,33,000,00,2,1,01,B02
200700011880,0,07,000,00,2,7,19,A01
200700011881,0,33,000,00,2,1,17,A01
200700011881,0,07,000,00,2,6,15,B02
200700011882,0,07,000,00,1,2,17,A01
200700011882,0,38,000,00,0,0,23,B02
200700011883,0,07,000,00,1,2,01,A01
200700011884,0,07,000,00,1,1,01,A01
200700011885,0,07,000,02,0,2,01,A01
200700011886,0,07,000,00,2,8,02,A01
200700011886,0,07,000,00,2,4,02,B02
200700011887,0,07,000,00,2,3,13,A01
200700011887,0,07,000,00,2,3,01,B02
200700011888,0,17,000,00,1,1,00,A01
200700011889,0,17,000,00,2,5,17,A01
200700011889,0,07,000,00,2,8,01,B02
200700011890,0,07,000,00,2,3,19,A01
200700011890,0,02,000,00,2,8,01,B02
200700011891,0,07,000,00,2,2,17,A01
200700011891,0,01,000,00,0,4,13,B02
200700011892,0,31,000,00,2,7,01,A01
200700011892,0,07,000,00,2,3,01,B02
200700011893,0,07,000,00,0,8,01,B02
200700011893,0,07,000,00,2,1,01,A01
200700011894,0,07,000,00,2,1,01,A01
200700011894,0,07,000,00,2,7,19,B02
200700011895,0,07,000,00,0,8,15,A01
200700011895,0,07,000,00,0,1,19,B02
200700011896,0,07,000,01,0,2,14,A01
200700011897,0,07,000,00,2,1,01,A01
200700011897,0,07,000,00,2,1,13,B02
200700011898,0,07,000,00,0,9,13,A01
200700011899,0,07,000,00,2,1,01,A01
200700011899,0,33,000,00,2,5,01,B02
200700011900,0,07,000,00,2,3,15,A01
200700011900,0,33,000,00,2,8,01,B02
200700011901,0,07,000,00,2,8,15,A01
200700011901,0,07,000,00,2,1,01,B02
200700011902,0,07,000,10,0,1,15,A01
200700011903,0,14,000,00,0,0,00,A01
200700011904,0,07,000,02,0,9,01,A01
200700011905,0,07,000,00,9,2,01,A01
200700011905,0,21,000,00,2,0,00,B02
200700011906,0,07,000,00,2,5,04,A01
200700011906,0,30,000,00,2,1,01,B02
200700011907,0,10,000,00,0,1,00,A01
200700011908,0,07,000,00,2,7,14,A01
200700011908,0,07,000,00,2,1,01,B02
200700011909,0,36,000,00,2,3,01,A01
200700011909,0,07,000,00,2,3,01,B02
200700011910,0,17,000,00,2,3,01,A01
200700011910,0,07,000,00,2,1,01,B02
200700011911,0,07,000,00,2,3,13,A01
200700011911,0,07,000,00,2,3,01,B02
200700011911,0,07,000,00,2,1,01,C03
200700011912,0,30,000,00,2,1,01,A01
200700011912,0,07,000,00,2,3,09,B02
200700011912,0,07,000,00,1,2,01,C03
200700011913,0,07,000,02,0,7,01,A01
200700011914,0,07,000,02,0,2,13,A01
200700011915,0,07,000,00,2,1,01,A01
200700011915,0,07,000,00,2,3,19,B02
200700011916,0,07,000,00,0,1,13,A01
200700011916,0,07,000,00,0,1,01,B02
200700011917,0,07,000,00,0,4,23,A01
200700011917,0,07,000,00,2,1,01,B02
200700011918,0,17,000,00,0,8,01,A01
200700011919,0,07,000,00,2,3,19,A01
200700011919,0,15,000,02,2,1,01,B02
200700011920,0,15,000,00,0,0,21,A01
200700011921,0,33,000,00,0,8,01,A01
200700011922,0,07,000,00,0,1,13,A01
200700011922,0,07,000,00,0,1,01,B02
200700011923,0,07,000,06,0,1,00,A01
200700011924,0,10,000,13,0,1,13,A01
200700011925,1,07,000,00,1,1,16,A01
200700011926,0,07,000,06,0,1,01,A01
200700011927,0,33,000,00,2,1,01,A01
200700011927,0,07,000,00,2,6,23,B02
200700011928,0,07,000,00,0,8,01,B02
200700011928,0,07,000,00,2,1,01,A01
200700011929,0,30,000,00,2,1,01,A01
200700011929,0,30,000,00,2,1,01,B02
200700011930,0,30,000,00,2,1,13,A01
200700011930,0,07,000,00,2,1,01,B02
200700011931,0,33,000,13,2,7,17,A01
200700011932,0,07,000,00,2,1,01,B02
200700011932,0,07,000,00,2,3,19,A01
200700011933,0,17,000,06,0,1,01,A01
200700011934,0,07,000,00,2,3,13,A01
200700011934,0,07,000,00,2,3,01,B02
200700011935,0,07,000,16,0,1,01,A01
200700011936,0,07,000,13,0,3,01,A01
200700011937,0,10,000,00,2,1,13,A01
200700011937,0,14,000,00,2,3,01,B02
200700011938,0,02,000,00,2,8,15,A01
200700011938,0,07,000,00,0,1,00,B02
200700011939,0,07,000,00,0,1,01,A01
200700011939,0,07,000,00,2,6,19,B02
200700011940,0,07,000,00,2,7,01,A01
200700011940,0,07,000,00,2,2,15,B02
200700011941,0,21,000,00,2,8,01,B02
200700011941,0,01,000,00,2,1,01,A01
200700011942,0,33,000,16,0,8,01,A01
200700011943,0,07,000,02,0,1,13,A01
200700011944,0,07,000,00,2,5,01,A01
200700011944,0,07,000,00,2,1,01,B02
200700011945,0,17,000,00,2,3,01,A01
200700011945,0,07,000,00,2,3,01,B02
200700011946,0,10,000,00,9,2,17,A01
200700011946,0,01,000,00,2,3,01,B02
200700011947,0,07,000,00,2,2,21,A01
200700011947,0,07,000,00,2,3,05,B02
200700011948,0,33,000,00,2,8,01,A01
200700011948,0,07,000,00,2,8,01,B02
200700011948,0,07,000,00,2,8,01,C03
200700011949,0,07,000,00,2,1,01,A01
200700011949,0,07,000,00,2,7,15,B02
200700011950,0,02,000,00,2,1,19,A01
200700011950,0,07,000,00,9,8,01,B02
200700011951,0,07,000,00,2,4,04,A01
200700011951,0,07,000,00,2,1,01,B02
200700011952,1,07,000,00,2,2,01,A01
200700011952,0,01,000,00,0,4,01,B02
200700011953,0,07,000,00,0,9,01,A01
200700011954,0,38,000,00,2,8,15,A01
200700011954,0,02,000,00,2,3,15,B02
200700011955,0,07,000,00,1,3,01,A01
200700011956,0,07,000,00,2,0,01,A01
200700011956,0,33,000,00,2,1,00,B02
200700011957,0,31,000,00,6,1,01,A01
200700011958,0,02,000,00,2,1,13,A01
200700011958,0,07,000,00,2,3,01,B02
200700011959,0,07,000,00,0,3,01,A01
200700011959,0,07,000,00,2,3,01,B02
200700011960,0,07,000,02,0,2,14,A01
200700011961,0,01,000,00,0,4,01,A01
200700011961,0,10,000,00,9,1,17,B02
200700011962,0,07,000,02,0,3,01,A01
200700011963,0,07,000,13,0,9,13,A01
200700011964,0,07,000,00,1,2,01,A01
200700011965,0,07,000,00,2,1,01,A01
200700011965,0,07,000,00,0,4,15,B02
200700011966,0,31,000,00,0,8,01,A01
200700011967,0,01,000,00,2,1,01,A01
200700011967,0,10,000,00,9,0,01,B02
200700011968,0,10,000,00,1,3,01,A01
200700011969,0,07,000,00,0,9,02,A01
200700011970,0,07,000,00,2,8,01,A01
200700011970,0,07,000,00,2,8,01,B02
200700011971,0,33,000,00,2,1,01,A01
200700011971,0,07,000,00,0,5,09,B02
200700011972,0,01,000,00,0,8,19,B02
200700011972,0,07,000,00,0,2,19,A01
200700011973,0,17,000,00,2,3,01,A01
200700011973,0,07,000,00,2,3,13,B02
200700011974,0,07,000,03,2,3,01,A01
200700011974,0,02,000,00,2,1,13,B02
200700011975,0,07,000,00,0,1,01,A01
200700011975,0,07,000,00,2,3,15,B02
200700011976,0,33,000,00,2,2,17,A01
200700011976,0,07,000,00,2,3,01,B02
200700011977,0,10,000,00,2,1,13,C03
200700011977,0,17,000,00,2,1,01,A01
200700011978,0,07,000,02,0,8,01,A01
200700011979,0,07,000,02,0,2,15,A01
200700011980,0,33,000,00,2,6,21,A01
200700011980,0,07,000,00,2,1,15,B02
200700011981,0,33,000,00,2,0,01,A01
200700011982,0,07,000,13,0,1,01,A01
200700011983,0,07,000,00,2,7,01,A01
200700011983,0,07,000,00,0,4,00,B02
200700011984,0,10,000,00,2,2,15,A01
200700011984,0,07,000,00,2,1,01,B02
200700011985,0,07,000,00,2,1,02,A01
200700011985,0,07,000,00,0,4,23,B02
200700011986,0,07,000,00,2,2,13,A01
200700011986,0,07,000,00,2,1,01,B02
200700011987,0,07,000,00,2,8,13,A01
200700011987,0,07,000,06,2,8,13,B02
200700011988,0,07,000,00,2,6,15,A01
200700011988,0,30,000,00,2,1,01,B02
200700011989,0,07,000,00,2,3,13,A01
200700011989,0,13,000,00,2,8,01,B02
200700011990,0,07,000,00,0,8,10,A01
200700011990,0,10,000,01,0,1,01,B02
200700011991,0,02,000,16,0,0,01,A01
200700011992,0,07,000,00,0,3,01,A01
200700011992,0,07,000,00,0,3,01,B02
200700011993,0,07,000,00,0,2,17,A01
200700011994,0,07,000,00,0,8,19,A01
200700011994,0,33,000,00,2,1,15,B02
200700011995,0,07,000,00,2,2,01,A01
200700011995,0,31,000,00,2,7,05,B02
200700011996,0,33,000,00,6,8,01,A01
200700011997,0,01,000,00,0,0,00,A01
200700011997,0,15,000,00,9,0,02,B02
200700011998,0,07,000,00,2,1,01,A01
200700011998,0,07,000,00,2,1,15,B02
200700011999,0,31,000,00,2,1,01,A01
200700011999,0,07,000,00,2,8,01,B02
200700012000,0,07,000,03,0,2,01,A01
200700012001,0,33,000,13,0,1,17,A01
200700012002,0,02,000,00,2,7,01,A01
200700012002,0,07,000,00,2,1,01,B02
200700012003,0,07,000,00,2,1,17,A01
200700012003,0,07,000,00,2,1,01,B02
200700012004,0,07,000,00,2,1,01,B02
200700012004,0,07,000,08,2,7,01,A01
200700012005,0,07,000,00,0,1,05,A01
200700012005,0,17,000,00,0,0,01,B02
200700012005,0,07,000,00,0,1,02,C03
200700012006,0,33,000,15,0,1,01,A01
200700012007,0,07,000,00,2,1,01,B02
200700012007,0,07,000,00,2,7,19,A01
200700012008,0,07,000,00,1,3,01,A01
200700012009,0,07,000,00,9,3,15,A01
200700012009,0,01,000,00,2,1,01,B02
200700012010,0,02,000,00,2,1,19,A01
200700012010,0,38,000,00,2,8,01,B02
200700012010,0,38,000,00,0,0,00,C03
200700012011,0,10,000,00,2,1,17,A01
200700012011,0,07,000,00,2,1,01,B02
200700012012,0,33,000,00,2,1,02,A01
200700012012,0,07,000,00,0,5,16,B02
200700012013,0,07,000,00,2,7,17,A01
200700012014,0,07,000,00,2,2,19,A01
200700012014,0,07,000,00,2,3,21,B02
200700012015,0,30,000,00,0,3,14,A01
200700012016,1,10,000,00,2,2,17,A01
200700012016,0,07,000,00,2,8,01,B02
200700012017,0,07,000,00,0,3,05,A01
200700012017,0,07,000,00,2,3,00,B02
200700012018,0,07,000,00,1,1,01,A01
200700012019,0,07,000,00,2,2,17,A01
200700012019,0,07,000,00,2,3,01,B02
200700012020,0,07,000,13,0,2,01,A01
200700012021,0,07,000,00,0,4,02,A01
200700012021,0,02,000,00,2,1,02,B02
200700012022,0,03,000,00,2,3,13,A01
200700012022,0,07,000,00,2,3,01,B02
200700012023,0,07,000,00,0,6,15,A01
200700012023,0,33,000,00,2,1,17,B02
200700012023,0,33,000,00,2,1,17,C03
200700012024,0,33,000,00,2,3,02,A01
200700012024,0,07,000,00,0,5,02,B02
200700012025,0,07,000,00,2,1,01,A01
200700012025,0,07,000,00,2,1,01,B02
200700012026,0,30,000,00,2,8,10,A01
200700012026,0,07,000,00,2,2,01,B02
200700012027,0,07,000,00,2,1,01,A01
200700012027,0,30,000,00,2,8,02,B02
200700012028,0,07,000,00,9,7,01,A01
200700012028,0,39,000,00,4,1,01,B02
200700012029,0,07,000,00,0,5,15,A01
200700012029,0,07,000,00,0,1,02,B02
200700012030,0,07,000,00,2,1,13,A01
200700012030,0,07,000,00,2,3,01,B02
200700012031,0,13,000,00,2,2,01,A01
200700012031,0,07,000,00,2,6,09,B02
200700012032,0,07,000,00,2,1,02,A01
200700012032,0,07,000,00,2,4,02,B02
200700012032,0,07,000,00,2,4,02,C03
200700012033,0,07,000,13,0,1,01,A01
200700012034,0,30,000,00,2,7,17,A01
200700012034,0,30,000,00,2,8,01,B02
200700012035,0,01,000,00,2,1,01,A01
200700012035,0,07,000,00,9,5,19,B02
200700012036,0,33,000,00,2,1,17,A01
200700012036,0,07,000,00,2,3,15,B02
200700012037,0,07,000,00,2,2,13,A01
200700012037,0,10,000,00,2,2,21,B02
200700012038,0,07,000,02,0,1,14,A01
200700012039,0,07,000,00,0,7,13,A01
200700012039,0,07,000,00,2,1,01,B02
200700012040,0,31,000,00,0,1,01,A01
200700012041,0,02,000,00,2,1,01,B02
200700012041,0,07,000,00,2,8,15,A01
200700012042,0,30,000,00,2,1,01,A01
200700012042,0,07,000,00,2,3,15,B02
200700012043,0,02,000,00,2,1,21,A01
200700012043,0,07,000,00,2,0,01,B02
200700012044,0,07,000,00,2,1,13,A01
200700012044,0,07,000,00,2,1,01,B02
200700012044,0,07,000,00,2,3,01,C03
200700012045,0,07,000,00,1,1,01,A01
200700012046,0,07,000,00,2,3,01,A01
200700012046,0,01,000,00,2,1,01,B02
200700012047,0,30,000,00,2,1,17,A01
200700012047,0,07,000,00,2,3,15,B02
200700012048,0,02,000,00,0,0,01,A01
200700012049,0,07,000,00,1,3,01,A01
200700012050,0,07,000,00,1,2,19,A01
200700012051,0,07,000,00,2,6,23,A01
200700012051,0,07,000,00,2,2,01,B02
200700012051,0,07,000,00,2,1,01,C03
200700012051,0,17,000,00,2,1,01,D04
200700012052,0,30,000,00,2,1,21,A01
200700012052,0,07,000,00,2,1,21,B02
200700012053,0,30,000,00,2,1,02,A01
200700012053,0,07,000,00,9,4,15,B02
200700012054,0,14,000,00,1,7,16,A01
200700012055,0,10,000,06,0,1,16,A01
200700012056,0,07,000,00,2,6,01,A01
200700012056,0,17,000,00,2,1,13,B02
200700012056,0,07,000,00,2,8,01,C03
200700012057,0,07,000,13,0,1,13,A01
200700012058,0,10,000,00,2,7,15,A01
200700012058,0,33,000,00,2,9,01,B02
200700012059,0,33,000,07,0,8,01,A01
200700012060,0,07,000,00,2,1,01,A01
200700012060,0,07,000,00,2,3,01,B02
200700012061,0,07,000,10,0,2,01,A01
200700012062,0,01,000,00,2,1,01,A01
200700012062,0,07,000,00,2,7,19,B02
200700012063,0,07,000,00,2,3,17,A01
200700012063,0,07,000,00,2,3,01,B02
200700012064,0,07,000,00,2,1,13,A01
200700012064,0,02,000,00,2,1,01,B02
200700012065,0,07,000,00,2,2,14,A01
200700012065,0,01,000,00,2,6,01,B02
200700012066,0,07,000,00,9,2,10,A01
200700012066,0,33,000,00,2,1,01,B02
200700012066,0,07,000,00,9,8,23,C03
200700012067,0,07,000,00,9,1,15,A01
200700012067,0,99,000,00,0,8,01,B02
200700012068,0,10,000,00,2,2,15,A01
200700012068,0,33,000,00,2,1,01,B02
200700012069,0,31,000,00,5,1,01,A01
200700012070,0,07,000,00,2,1,17,A01
200700012070,0,07,000,00,2,1,01,B02
200700012071,0,07,000,00,2,1,13,A01
200700012071,0,02,000,00,2,1,21,B02
200700012072,0,07,000,01,0,1,01,A01
200700012072,0,07,000,00,2,4,23,B02
200700012073,0,07,000,00,2,1,01,A01
200700012073,0,07,000,00,2,8,01,B02
200700012074,0,30,000,00,1,1,01,A01
200700012075,0,07,000,00,2,6,19,A01
200700012075,0,10,000,00,2,1,02,B02
200700012076,0,02,000,00,2,1,00,B02
200700012076,0,07,000,00,2,2,01,A01
200700012077,0,07,000,00,0,6,09,A01
200700012077,0,33,000,00,2,1,01,B02
200700012078,0,07,000,00,2,2,01,A01
200700012078,0,02,000,00,2,4,01,B02
200700012079,0,07,000,00,9,2,15,A01
200700012079,0,01,000,00,2,1,01,B02
200700012080,0,07,000,00,2,2,15,A01
200700012080,0,33,000,00,2,1,01,B02
200700012081,0,07,000,00,2,2,15,A01
200700012081,0,02,000,00,2,1,01,B02
200700012082,0,07,000,00,0,4,23,A01
200700012082,0,10,000,00,2,1,01,B02
200700012083,0,07,000,00,2,1,13,A01
200700012083,0,07,000,00,2,1,01,B02
200700012084,0,02,000,00,0,0,00,A01
200700012084,0,07,000,00,2,1,01,B02
200700012085,0,07,000,00,2,2,02,A01
200700012085,0,07,000,00,6,6,00,B02
200700012086,0,07,000,00,2,2,19,A01
200700012086,0,33,000,00,2,1,01,B02
200700012087,0,33,000,00,2,8,01,A01
200700012087,0,07,000,00,2,7,15,B02
200700012088,0,07,000,00,0,3,01,A01
200700012088,0,30,000,00,2,3,00,B02
200700012089,0,07,000,00,2,3,17,A01
200700012089,0,07,000,08,2,3,21,B02
200700012090,0,07,000,13,0,2,01,A01
200700012091,0,07,000,00,2,7,15,A01
200700012091,0,02,000,00,2,1,01,B02
200700012092,0,07,000,00,2,3,13,A01
200700012092,0,15,000,00,0,3,01,B02
200700012093,0,10,000,00,2,2,15,A01
200700012093,0,31,000,00,2,1,05,B02
200700012094,0,07,000,08,0,4,01,A01
200700012095,0,02,000,16,0,7,01,A01
200700012096,0,07,000,00,1,3,01,A01
200700012097,0,07,000,00,2,8,13,A01
200700012097,0,07,000,00,2,8,01,B02
200700012098,0,07,000,00,2,5,15,A01
200700012098,0,31,000,00,2,1,01,B02
200700012099,0,07,000,00,2,1,21,A01
200700012099,0,07,000,00,2,3,01,B02
200700012100,0,10,000,00,2,1,01,A01
200700012100,0,33,000,00,2,1,13,B02
200700012101,0,07,000,00,2,3,15,A01
200700012101,0,07,000,00,2,2,01,B02
200700012102,0,07,000,00,1,2,01,A01
200700012103,0,07,000,08,0,8,01,A01
200700012104,0,07,000,00,2,1,05,A01
200700012104,0,17,000,00,2,1,05,B02
200700012105,0,02,000,00,2,1,13,A01
200700012105,0,07,000,00,2,2,01,B02
200700012106,0,07,000,00,2,3,01,A01
200700012106,0,07,000,00,2,3,01,B02
200700012107,0,07,000,00,9,2,13,A01
200700012107,0,02,000,00,2,1,01,B02
200700012108,0,07,000,00,2,1,01,A01
200700012108,0,21,000,00,2,2,15,B02
200700012109,0,07,000,00,2,0,01,A01
200700012109,0,07,000,00,2,1,13,B02
200700012110,0,07,000,00,0,3,09,A01
200700012110,0,02,000,00,2,1,01,B02
200700012111,0,33,000,00,2,1,02,A01
200700012111,0,07,000,00,0,5,02,B02
200700012112,0,07,000,00,2,1,01,A01
200700012112,0,30,000,00,2,2,15,B02
200700012113,0,07,000,00,1,2,01,A01
200700012114,0,07,000,13,2,9,13,A01
200700012114,0,07,000,00,2,2,21,B02
200700012114,0,07,000,00,2,8,01,C03
200700012115,0,15,000,00,0,0,00,A01
200700012115,0,10,000,00,2,1,15,B02
200700012116,0,07,000,00,0,4,02,A01
200700012116,0,07,000,00,2,1,02,B02
200700012117,0,07,000,00,2,7,13,A01
200700012117,0,07,000,00,2,1,01,B02
200700012118,0,07,000,00,0,0,01,A01
200700012118,0,07,000,00,2,5,23,B02
200700012119,0,07,000,00,2,3,23,A01
200700012119,0,07,000,00,2,1,01,B02
200700012119,0,07,000,00,2,1,01,C03
200700012119,0,07,000,00,2,2,01,D04
200700012120,0,07,000,13,0,1,01,A01
200700012121,0,21,000,00,2,6,01,A01
200700012121,0,07,000,00,2,2,17,B02
200700012122,0,21,000,00,2,7,15,A01
200700012122,0,07,000,00,2,1,01,B02
200700012123,0,07,000,00,2,2,19,B02
200700012123,0,33,000,00,2,1,01,A01
200700012124,0,07,000,06,0,3,01,A01
200700012125,0,07,000,00,2,1,05,A01
200700012125,0,07,000,00,0,0,00,B02
200700012126,0,07,000,00,2,3,15,A01
200700012126,0,07,000,00,2,9,17,B02
200700012127,0,33,000,00,2,3,13,A01
200700012127,0,02,000,00,2,1,01,B02
200700012128,0,07,000,09,0,6,14,A01
200700012129,0,10,000,00,1,3,01,A01
200700012130,0,10,000,00,0,7,15,A01
200700012130,0,33,000,00,2,1,01,B02
200700012131,0,02,000,00,1,1,01,A01
200700012132,0,07,000,14,0,1,01,A01
200700012132,0,07,000,00,0,4,23,B02
200700012133,0,07,000,00,2,8,13,A01
200700012133,0,02,000,00,2,7,01,B02
200700012134,0,02,000,00,5,1,01,A01
200700012135,0,07,000,06,2,1,13,A01
200700012135,0,10,000,00,2,1,01,B02
200700012136,0,07,000,00,2,3,13,A01
200700012136,0,07,000,00,2,3,01,B02
200700012137,0,07,000,00,2,8,01,B02
200700012137,0,07,000,00,2,2,01,A01
200700012138,0,07,000,13,0,3,01,A01
200700012139,0,17,000,13,0,2,01,A01
200700012140,0,07,000,00,2,3,13,A01
200700012140,0,07,000,00,2,3,01,B02
200700012141,0,07,000,13,0,5,01,A01
200700012142,0,33,000,00,1,1,19,A01
200700012142,0,01,000,00,2,8,00,B02
200700012143,0,07,000,00,2,2,01,A01
200700012143,0,07,000,00,2,1,01,B02
200700012144,0,33,000,00,2,1,01,B02
200700012144,0,07,000,00,2,3,19,A01
200700012145,0,07,000,00,2,8,15,A01
200700012145,0,33,000,00,2,7,01,B02
200700012146,0,07,000,13,0,9,00,A01
200700012147,0,33,000,00,2,1,13,A01
200700012147,0,10,000,00,2,3,01,B02
200700012148,0,07,000,00,1,2,01,A01
200700012149,0,07,000,13,0,1,01,A01