Num_Acc,senc,catv,occutc,obs,obsm,choc,manv,num_veh
200700012150,0,07,000,00,2,7,19,A01
200700012150,0,07,000,00,2,1,01,B02
200700012151,0,17,000,00,2,2,02,A01
200700012151,0,01,000,00,2,4,02,B02
200700012152,0,02,000,08,0,1,01,A01
200700012153,0,07,000,00,2,2,01,A01
200700012153,0,07,000,00,2,3,09,B02
200700012154,0,07,000,00,1,1,13,A01
200700012155,0,07,000,00,2,3,01,A01
200700012155,0,07,000,00,2,3,01,B02
200700012156,0,07,000,13,0,2,01,A01
200700012157,0,07,000,08,0,3,01,A01
200700012158,0,07,000,08,0,1,13,A01
200700012159,0,01,000,00,2,3,16,A01
200700012159,0,07,000,00,2,2,01,B02
200700012160,0,07,000,03,2,2,13,A01
200700012160,0,07,000,00,2,3,01,B02
200700012161,0,07,000,00,1,3,01,A01
200700012162,0,07,000,00,2,1,03,A01
200700012162,0,10,000,00,2,1,03,B02
200700012162,0,07,000,00,2,9,03,C03
200700012162,0,07,000,00,2,1,03,D04
200700012163,0,07,000,00,2,6,15,A01
200700012163,0,02,000,00,2,1,01,B02
200700012164,0,07,000,02,0,1,14,A01
200700012165,0,07,000,00,2,3,13,A01
200700012165,0,07,000,00,2,3,01,B02
200700012166,0,07,000,00,2,2,01,A01
200700012166,0,02,000,00,2,0,15,B02
200700012167,0,07,000,00,1,2,01,A01
200700012168,0,07,000,08,0,1,13,A01
200700012169,0,02,000,00,2,1,19,A01
200700012169,0,07,000,00,2,3,01,B02
200700012170,0,07,000,00,2,5,02,A01
200700012170,0,33,000,00,2,1,02,B02
200700012171,0,07,000,14,0,2,13,A01
200700012172,0,07,000,00,0,6,15,A01
200700012172,0,33,000,00,0,8,01,B02
200700012173,0,07,000,15,0,1,12,A01
200700012174,0,07,000,00,2,3,01,A01
200700012174,0,07,000,00,2,3,17,B02
200700012175,0,07,000,01,1,1,01,A01
200700012175,0,07,000,00,2,8,24,B02
200700012176,0,07,000,00,2,1,19,A01
200700012176,0,07,000,00,2,7,01,B02
200700012177,0,07,000,00,1,2,01,A01
200700012178,0,07,000,00,2,3,19,A01
200700012178,0,33,000,00,2,1,01,B02
200700012179,0,07,000,13,0,9,01,A01
200700012180,0,07,000,00,2,1,02,A01
200700012180,0,07,000,00,2,4,23,B02
200700012180,0,07,000,00,2,1,01,C03
200700012181,0,07,000,00,2,1,15,A01
200700012181,0,10,000,00,2,3,01,B02
200700012181,0,07,000,00,2,3,02,C03
200700012182,0,33,000,00,0,1,00,A01
200700012183,0,10,000,00,0,3,13,A01
200700012183,0,07,000,00,0,3,01,B02
200700012184,0,07,000,00,2,3,15,A01
200700012184,0,33,000,00,2,2,01,B02
200700012185,0,07,000,08,0,3,13,A01
200700012186,0,07,000,00,0,8,15,A01
200700012186,0,33,000,00,2,1,17,B02
200700012187,0,07,000,00,2,3,13,A01
200700012187,0,07,000,00,2,3,01,B02
200700012188,0,07,000,00,0,6,15,A01
200700012188,0,30,000,00,2,1,02,B02
200700012189,0,07,000,00,2,3,15,A01
200700012189,0,02,000,00,2,1,01,B02
200700012190,0,07,000,03,2,8,01,A01
200700012190,0,07,000,00,0,0,00,B02
200700012190,0,07,000,00,2,3,13,C03
200700012190,0,07,000,03,2,1,01,D04
200700012191,0,33,000,00,2,3,17,A01
200700012191,0,21,000,00,2,8,01,B02
200700012192,0,21,000,00,2,5,15,A01
200700012192,0,07,000,00,2,1,01,B02
200700012193,0,07,000,00,2,3,01,A01
200700012193,0,02,000,00,2,1,01,B02
200700012194,0,33,000,00,2,4,16,A01
200700012194,1,33,000,00,2,1,01,B02
200700012195,0,07,000,00,1,8,01,A01
200700012196,0,10,000,13,0,3,13,A01
200700012197,0,33,000,00,2,1,01,A01
200700012197,0,33,000,00,2,4,02,B02
200700012197,0,07,000,00,1,1,01,C03
200700012198,0,30,000,00,0,1,14,A01
200700012199,0,07,000,00,9,1,01,A01
200700012199,0,99,000,00,0,4,00,B02
200700012200,0,07,000,00,1,2,01,A01
200700012200,0,07,000,00,1,3,01,B02
200700012201,0,07,000,00,0,1,00,A01
200700012202,0,10,000,07,0,1,01,A01
200700012202,0,39,000,00,2,3,01,B02
200700012203,0,07,000,00,0,3,19,A01
200700012203,0,07,000,00,2,1,01,B02
200700012204,0,07,000,00,2,3,01,A01
200700012204,0,07,000,00,2,5,01,B02
200700012204,0,07,000,00,2,2,01,C03
200700012205,0,07,000,00,9,3,11,A01
200700012205,0,02,000,00,2,8,13,B02
200700012206,0,33,000,16,0,0,01,A01
200700012207,0,07,000,00,2,8,01,A01
200700012207,0,30,000,00,2,1,01,B02
200700012208,0,07,000,00,1,1,01,A01
200700012209,0,07,000,00,2,1,05,A01
200700012209,0,07,000,00,2,1,01,B02
200700012210,0,07,000,02,0,3,13,A01
200700012211,0,33,000,00,2,7,13,A01
200700012211,0,10,000,00,2,2,01,B02
200700012212,0,07,000,00,0,7,01,A01
200700012212,0,02,000,00,2,1,19,B02
200700012213,0,07,000,00,2,1,05,A01
200700012213,0,13,000,00,2,3,05,B02
200700012214,0,07,000,00,2,2,01,A01
200700012215,0,07,000,00,5,3,01,A01
200700012216,0,07,000,06,0,1,00,A01
200700012217,0,07,000,00,2,2,15,A01
200700012217,0,30,000,00,2,1,01,B02
200700012218,0,07,000,00,2,3,19,A01
200700012218,0,33,000,00,2,1,21,B02
200700012219,0,30,000,00,2,1,13,A01
200700012219,0,07,000,00,2,3,01,B02
200700012220,0,07,000,00,2,3,16,A01
200700012220,0,02,000,00,2,1,01,B02
200700012221,0,03,000,13,0,9,01,A01
200700012222,0,07,000,00,2,1,01,A01
200700012222,0,07,000,00,2,1,01,B02
200700012222,0,07,000,00,2,3,16,C03
200700012223,0,02,000,00,2,1,01,A01
200700012223,0,07,000,00,2,5,15,B02
200700012224,0,07,000,08,0,3,00,A01
200700012225,0,07,000,00,2,3,15,A01
200700012225,0,02,000,00,2,1,01,B02
200700012226,0,17,000,00,1,3,01,A01
200700012227,0,10,000,00,2,3,01,A01
200700012227,0,07,000,00,0,4,15,B02
200700012228,0,34,000,00,2,1,17,A01
200700012228,0,07,000,00,0,3,15,B02
200700012229,0,07,000,00,2,2,15,A01
200700012229,0,07,000,00,2,3,01,B02
200700012230,0,02,000,00,2,1,01,A01
200700012230,0,07,000,00,2,1,01,B02
200700012231,0,30,000,00,2,4,10,A01
200700012231,0,33,000,00,2,1,02,B02
200700012232,0,17,000,00,2,1,01,B02
200700012232,0,07,000,00,2,7,01,A01
200700012233,0,07,000,00,9,3,15,A01
200700012233,0,02,000,00,2,7,17,B02
200700012234,0,07,000,00,1,1,01,A01
200700012235,0,07,000,00,2,6,02,A01
200700012235,0,07,000,00,2,2,02,B02
200700012236,0,07,000,08,0,2,13,A01
200700012237,0,07,000,00,2,2,01,A01
200700012237,0,07,000,00,2,1,01,B02
200700012238,0,30,000,00,2,1,02,A01
200700012238,0,07,000,00,2,4,02,B02
200700012239,0,10,000,02,0,3,01,A01
200700012240,0,07,000,00,2,3,01,A01
200700012240,0,01,000,00,0,4,23,B02
200700012241,0,07,000,00,1,1,01,A01
200700012242,0,02,000,00,2,1,21,A01
200700012242,0,07,000,00,2,7,23,B02
200700012243,0,07,000,00,2,2,17,A01
200700012243,0,07,000,00,2,3,01,B02
200700012244,0,07,000,00,2,3,19,A01
200700012244,0,02,000,00,2,7,01,B02
200700012245,0,10,000,00,0,4,23,A01
200700012245,0,07,000,00,2,4,01,B02
200700012245,0,07,000,00,2,4,01,C03
200700012245,0,07,000,00,2,4,01,D04
200700012245,0,14,000,00,2,1,01,E05
200700012245,0,17,000,00,2,3,01,F06
200700012246,0,07,000,13,0,1,01,A01
200700012247,0,07,000,13,0,3,13,A01
200700012248,0,07,000,00,0,1,01,A01
200700012249,0,07,000,06,0,1,01,A01
200700012250,0,07,000,00,2,8,01,A01
200700012250,0,33,000,00,2,8,13,B02
200700012251,0,07,000,00,2,2,01,A01
200700012251,0,17,000,00,2,1,01,B02
200700012252,0,02,000,00,0,7,01,A01
200700012252,0,10,000,01,0,4,04,B02
200700012253,0,07,000,06,0,1,01,A01
200700012254,0,07,000,00,2,4,23,A01
200700012254,0,07,000,00,2,1,02,B02
200700012255,0,07,000,00,2,3,01,A01
200700012255,0,07,000,00,2,1,15,B02
200700012256,0,31,000,16,0,2,02,A01
200700012257,0,17,000,13,0,3,13,A01
200700012258,0,07,000,00,0,2,15,A01
200700012258,0,33,000,00,2,1,01,B02
200700012259,0,07,000,00,2,2,00,A01
200700012259,0,07,000,00,2,1,01,B02
200700012260,0,07,000,02,0,8,01,A01
200700012261,0,21,000,13,0,1,01,A01
200700012262,0,07,000,02,0,6,01,A01
200700012263,0,10,000,00,2,2,13,A01
200700012263,0,07,000,00,2,3,01,B02
200700012264,0,07,000,13,0,7,01,A01
200700012265,0,33,000,14,0,7,14,A01
200700012266,0,07,000,00,2,1,01,B02
200700012266,0,07,000,00,2,8,16,A01
200700012267,0,07,000,13,0,3,00,A01
200700012268,0,02,000,00,0,4,11,A01
200700012268,0,10,000,00,9,1,17,B02
200700012269,0,07,000,02,0,1,13,A01
200700012270,0,07,000,00,2,2,15,A01
200700012270,0,33,000,00,2,1,01,B02
200700012271,0,10,000,00,2,8,13,A01
200700012271,0,30,000,00,2,1,02,B02
200700012272,0,10,000,00,2,1,13,A01
200700012272,0,07,000,00,2,1,01,B02
200700012273,0,07,000,00,2,3,13,A01
200700012273,0,07,000,00,2,3,01,B02
200700012274,0,17,000,00,2,3,01,A01
200700012274,0,07,000,00,2,3,13,B02
200700012275,0,07,000,08,0,1,01,A01
200700012276,0,07,000,00,2,3,15,A01
200700012276,0,30,000,00,2,1,01,B02
200700012277,0,07,000,00,2,7,15,A01
200700012277,0,33,000,00,2,1,01,B02
200700012278,0,33,000,00,2,1,17,A01
200700012278,0,33,000,00,2,1,01,B02
200700012279,0,07,000,13,0,0,01,A01
200700012280,0,30,000,00,0,1,01,B02
200700012280,0,07,000,00,0,8,15,A01
200700012281,0,07,000,00,2,8,01,A01
200700012281,0,07,000,00,2,3,01,B02
200700012282,0,07,000,13,0,3,01,A01
200700012283,0,07,000,00,0,7,15,A01
200700012283,0,07,000,00,2,1,01,B02
200700012284,0,07,000,16,0,9,00,A01
200700012285,0,07,000,00,2,2,15,A01
200700012285,0,07,000,00,2,1,01,B02
200700012286,0,30,000,00,2,7,19,A01
200700012286,0,10,000,00,2,2,01,B02
200700012287,0,33,000,00,2,3,17,A01
200700012287,0,07,000,00,9,3,01,B02
200700012288,0,07,000,00,1,3,01,A01
200700012289,0,07,000,00,2,3,01,A01
200700012289,0,07,000,00,0,8,19,B02
200700012290,0,07,000,00,1,1,02,A01
200700012291,0,10,000,00,0,0,01,A01
200700012291,0,10,000,00,9,1,01,B02
200700012292,0,02,000,00,2,1,01,A01
200700012292,0,07,000,00,2,7,01,B02
200700012293,0,07,000,00,2,8,13,A01
200700012293,0,14,000,00,2,1,01,B02
200700012294,0,07,000,13,0,1,01,A01
200700012295,0,17,000,00,1,1,16,A01
200700012296,0,02,000,00,0,7,01,A01
200700012297,0,07,000,14,0,1,01,A01
200700012298,0,07,000,00,0,4,23,A01
200700012298,0,02,000,00,2,1,01,B02
200700012299,0,07,000,13,0,2,01,A01
200700012300,0,07,000,00,2,5,01,A01
200700012300,0,07,000,00,2,1,01,B02
200700012300,0,10,000,00,2,2,01,C03
200700012300,0,07,000,00,2,1,01,D04
200700012301,0,07,000,03,2,5,13,A01
200700012301,0,07,000,00,2,1,01,B02
200700012302,0,07,000,00,2,8,01,B02
200700012302,0,07,000,00,2,1,15,A01
200700012303,0,10,000,00,0,5,12,A01
200700012303,0,33,000,06,2,3,01,B02
200700012304,0,07,000,06,0,3,01,A01
200700012305,0,07,000,00,2,3,13,A01
200700012305,0,21,000,00,2,3,01,B02
200700012306,0,07,000,08,0,8,17,A01
200700012307,0,07,000,02,0,1,01,A01
200700012308,0,07,000,08,0,2,01,A01
200700012309,0,07,000,00,0,0,13,A01
200700012310,0,07,000,00,2,8,01,A01
200700012310,0,07,000,00,0,0,00,B02
200700012311,0,07,000,00,2,3,13,A01
200700012311,0,07,000,00,2,3,01,B02
200700012312,0,07,000,00,2,1,13,A01
200700012312,0,07,000,00,2,1,21,B02
200700012313,0,07,000,00,0,0,00,A01
200700012313,0,07,000,00,2,1,01,B02
200700012314,0,30,000,00,2,1,01,B02
200700012314,0,10,000,00,2,7,19,A01
200700012315,0,07,000,00,2,1,21,A01
200700012315,0,07,000,00,2,7,01,B02
200700012316,0,07,000,00,2,2,02,A01
200700012316,0,02,000,00,2,7,01,B02
200700012317,0,07,000,02,0,1,01,A01
200700012318,0,07,000,00,2,3,01,A01
200700012319,0,02,000,00,2,1,17,A01
200700012319,0,03,000,00,2,8,15,B02
200700012320,0,10,000,00,2,3,13,A01
200700012320,0,33,000,00,2,3,01,B02
200700012321,0,02,000,00,2,7,19,B02
200700012321,0,17,000,00,2,1,01,A01
200700012322,0,07,000,02,0,2,01,A01
200700012323,0,14,000,00,2,8,01,A01
200700012323,0,38,000,00,2,1,19,B02
200700012324,0,21,000,00,0,8,01,A01
200700012325,0,10,000,00,2,2,02,A01
200700012325,0,07,000,00,2,6,15,B02
200700012326,0,30,000,12,0,1,16,A01
200700012327,0,13,000,00,2,1,01,A01
200700012327,0,07,000,08,2,3,19,B02
200700012328,0,02,000,12,0,1,01,A01
200700012329,0,07,000,00,0,9,01,A01
200700012329,0,07,000,02,0,9,01,B02
200700012330,0,10,000,00,1,5,04,A01
200700012331,0,07,000,03,0,3,13,A01
200700012332,0,31,000,00,2,1,09,A01
200700012332,0,30,000,00,2,8,19,B02
200700012333,0,07,000,08,0,9,01,A01
200700012334,0,07,000,00,1,2,01,A01
200700012335,0,07,000,00,2,3,01,A01
200700012335,0,07,000,00,2,2,01,B02
200700012336,0,07,000,00,2,2,18,A01
200700012336,0,07,000,00,2,3,02,B02
200700012337,0,07,000,13,0,1,01,A01
200700012338,0,33,000,00,0,2,00,A01
200700012339,0,10,000,00,2,3,01,A01
200700012339,0,31,000,00,2,3,01,B02
200700012340,0,07,000,00,2,1,01,C03
200700012340,0,07,000,00,2,2,19,A01
200700012340,0,21,000,00,0,1,23,B02
200700012341,0,30,000,00,0,7,01,A01
200700012342,0,07,000,02,0,1,13,A01
200700012343,0,01,000,00,2,1,01,B02
200700012343,0,01,000,00,2,1,01,C03
200700012343,0,01,000,00,2,1,01,D04
200700012343,0,14,000,00,2,8,01,A01
200700012344,0,07,000,08,0,9,01,A01
200700012345,0,07,000,00,2,7,19,A01
200700012345,0,10,000,00,2,1,01,B02
200700012346,0,02,000,00,2,1,01,A01
200700012346,0,07,000,00,2,1,01,B02
200700012346,0,07,000,00,0,0,00,C03
200700012347,0,07,000,00,2,1,01,A01
200700012347,0,03,000,00,2,2,15,B02
200700012348,0,07,000,02,0,1,13,A01
200700012349,0,33,000,12,0,1,01,A01
200700012350,0,15,000,11,0,2,14,A01
200700012351,0,07,000,00,2,6,13,A01
200700012351,0,07,000,00,2,6,01,B02
200700012352,0,07,000,13,0,3,01,A01
200700012353,0,33,000,03,0,8,16,A01
200700012354,0,07,000,13,0,1,01,A01
200700012355,0,07,000,02,0,3,14,A01
200700012356,0,07,000,00,9,2,01,A01
200700012356,0,01,000,00,0,0,01,B02
200700012357,0,14,000,06,2,4,01,A01
200700012357,0,07,000,00,2,3,01,B02
200700012358,0,07,000,01,0,2,02,A01
200700012358,0,10,000,00,0,6,23,B02
200700012359,0,07,000,00,2,6,23,A01
200700012359,0,07,000,00,2,2,01,B02
200700012360,0,10,000,00,2,1,13,A01
200700012360,0,14,000,00,2,3,01,B02
200700012361,0,07,000,13,0,1,01,A01
200700012362,0,02,000,00,2,1,01,A01
200700012362,0,07,000,00,2,3,01,B02
200700012363,0,30,000,00,0,8,01,A01
200700012364,0,07,000,08,0,2,01,A01
200700012365,0,07,000,00,2,3,15,A01
200700012365,0,33,000,00,2,5,01,B02
200700012366,0,31,000,00,2,1,01,A01
200700012366,0,07,000,00,2,1,15,B02
200700012367,0,07,000,00,2,2,01,A01
200700012367,0,07,000,00,2,7,13,B02
200700012368,0,33,000,00,0,2,01,A01
200700012369,0,07,000,00,2,1,05,A01
200700012369,0,07,000,00,2,2,01,B02
200700012370,0,07,000,02,0,1,01,A01
200700012371,0,07,000,00,0,2,01,A01
200700012372,0,07,000,13,0,3,01,A01
200700012373,0,07,000,00,2,1,00,A01
200700012373,0,07,000,00,2,1,00,B02
200700012374,0,07,000,01,1,3,01,A01
200700012375,0,07,000,00,0,2,01,A01
200700012375,0,01,000,00,0,1,00,B02
200700012376,0,07,000,02,0,1,01,A01
200700012377,0,07,000,02,0,5,01,A01
200700012378,0,07,000,00,2,1,05,A01
200700012378,0,07,000,00,2,1,00,B02
200700012379,0,30,000,00,0,7,01,A01
200700012380,0,30,000,00,0,7,01,A01
200700012381,0,17,000,00,2,3,01,A01
200700012381,0,07,000,00,2,8,19,B02
200700012382,0,07,000,00,0,2,00,A01
200700012383,0,07,000,13,0,1,14,A01
200700012384,0,07,000,00,2,1,01,A01
200700012384,0,07,000,00,2,2,19,B02
200700012385,0,02,000,00,2,1,01,B02
200700012385,0,07,000,00,2,3,01,A01
200700012386,0,10,000,00,2,3,01,A01
200700012386,0,07,000,00,2,8,01,B02
200700012387,0,07,000,00,2,8,15,A01
200700012387,0,31,000,00,2,1,01,B02
200700012388,0,07,000,00,2,3,13,A01
200700012388,0,07,000,03,2,3,01,B02
200700012389,0,07,000,06,1,1,10,A01
200700012390,0,07,000,02,0,8,01,A01
200700012391,0,07,000,02,0,2,01,A01
200700012392,0,07,000,00,0,4,15,A01
200700012392,0,02,000,00,2,1,01,B02
200700012393,0,07,000,00,0,8,19,A01
200700012393,0,31,000,00,2,1,01,B02
200700012394,0,07,000,00,0,2,19,A01
200700012394,0,07,000,00,2,1,01,B02
200700012395,0,01,000,00,0,8,01,A01
200700012395,0,07,000,00,2,1,15,B02
200700012396,0,07,000,02,0,7,01,A01
200700012397,0,02,000,00,0,1,00,A01
200700012398,0,33,000,00,2,1,01,A01
200700012398,0,07,000,00,2,8,19,B02
200700012399,0,07,000,00,2,1,13,A01
200700012399,0,07,000,00,0,0,01,B02
200700012400,0,33,000,00,0,8,01,A01
200700012401,0,07,000,00,1,1,01,A01
200700012402,0,07,000,06,0,3,01,A01
200700012403,0,07,000,02,0,1,01,A01
200700012404,0,07,000,00,2,1,15,A01
200700012404,0,07,000,00,2,1,01,B02
200700012405,0,07,000,00,2,1,13,A01
200700012405,0,07,000,00,2,3,01,B02
200700012406,0,07,000,00,2,3,13,A01
200700012406,0,07,000,00,2,1,01,B02
200700012406,0,07,000,00,2,3,01,C03
200700012406,0,07,000,00,2,1,21,D04
200700012407,0,07,000,00,0,8,13,A01
200700012407,0,07,000,00,2,8,01,B02
200700012407,0,10,000,00,2,7,01,C03
200700012408,0,07,000,08,0,2,14,A01
200700012409,0,07,000,00,2,2,15,A01
200700012409,0,01,000,00,2,1,01,B02
200700012410,0,17,000,00,2,0,01,A01
200700012410,0,07,000,00,9,3,00,B02
200700012411,0,07,000,00,2,1,13,A01
200700012411,0,07,000,00,2,1,01,B02
200700012412,0,10,000,06,2,6,15,A01
200700012412,0,10,000,06,2,2,17,B02
200700012413,0,07,000,00,2,1,15,A01
200700012413,0,07,000,00,2,3,01,B02
200700012414,0,99,000,00,2,1,13,A01
200700012414,0,07,000,00,2,3,01,B02
200700012415,0,17,000,00,2,8,10,A01
200700012415,0,07,000,00,2,1,01,B02
200700012416,0,07,000,02,0,3,01,A01
200700012417,0,02,000,16,0,3,01,A01
200700012418,0,07,000,00,2,3,13,A01
200700012418,0,07,000,00,2,3,01,B02
200700012419,0,07,000,08,0,7,00,A01
200700012420,0,07,000,03,0,3,01,A01
200700012421,0,07,000,00,2,7,13,A01
200700012421,0,07,000,00,2,3,01,B02
200700012422,0,07,000,00,2,8,01,A01
200700012422,0,02,000,00,2,1,06,B02
200700012423,0,07,000,00,2,1,13,A01
200700012423,0,07,000,00,2,1,01,B02
200700012423,0,07,000,00,2,1,01,C03
200700012424,0,14,000,13,0,2,15,A01
200700012425,0,07,000,00,1,2,01,A01
200700012426,0,07,000,00,2,1,01,A01
200700012426,0,07,000,00,2,4,01,B02
200700012426,0,07,000,00,0,4,15,C03
200700012426,0,07,000,00,2,8,01,D04
200700012426,0,07,000,00,2,8,01,E05
200700012427,0,07,000,00,1,1,01,A01
200700012428,0,30,000,00,2,1,17,A01
200700012428,0,07,000,00,2,3,15,B02
200700012429,0,07,000,02,0,1,19,A01
200700012430,0,10,000,00,2,2,01,B02
200700012430,0,17,000,00,2,8,16,C03
200700012431,0,07,000,13,0,8,13,A01
200700012432,0,07,000,16,0,9,15,A01
200700012433,0,07,000,06,0,1,01,A01
200700012434,0,10,000,13,0,9,14,A01
200700012435,0,07,000,00,2,2,15,A01
200700012435,0,31,000,00,2,1,01,B02
200700012436,0,33,000,00,2,1,02,A01
200700012436,0,07,000,00,0,4,23,B02
200700012437,0,07,000,00,2,3,01,A01
200700012437,0,07,000,00,2,3,01,B02
200700012438,0,33,000,00,2,7,17,A01
200700012438,0,07,000,00,2,6,15,B02
200700012439,0,07,000,00,2,2,13,A01
200700012439,0,07,000,00,2,1,01,B02
200700012440,0,07,000,00,2,2,17,A01
200700012440,0,02,000,00,2,4,01,B02
200700012441,0,07,000,02,0,3,01,A01
200700012442,0,07,000,00,1,1,01,A01
200700012443,0,07,000,13,0,1,01,A01
200700012444,0,07,000,00,2,7,13,A01
200700012444,0,07,000,00,2,1,01,B02
200700012445,0,07,000,06,0,1,01,A01
200700012446,0,07,000,02,0,9,01,A01
200700012447,0,07,000,00,2,7,01,A01
200700012447,0,07,000,00,2,3,19,B02
200700012448,0,07,000,02,0,3,01,A01
200700012449,0,02,000,15,0,8,01,A01
200700012450,0,31,000,00,2,1,17,A01
200700012450,0,07,000,00,2,2,00,B02
200700012451,0,07,000,00,2,7,13,A01
200700012451,0,07,000,00,2,1,01,B02
200700012452,0,07,000,00,1,3,01,A01
200700012453,0,07,000,00,1,1,01,A01
200700012454,0,07,000,00,2,3,01,A01
200700012454,0,07,000,00,2,4,23,B02
200700012454,0,10,000,00,2,1,02,C03
200700012454,0,07,000,00,2,4,02,D04
200700012455,0,07,000,02,0,2,01,A01
200700012456,0,07,000,06,0,8,17,A01
200700012457,0,31,000,00,2,1,17,A01
200700012457,0,07,000,00,2,7,15,B02
200700012458,0,07,000,00,2,1,13,A01
200700012458,0,07,000,00,2,3,01,B02
200700012459,0,10,000,06,0,1,01,A01
200700012460,0,07,000,13,0,1,13,A01
200700012461,0,07,000,02,0,1,00,A01
200700012462,0,33,000,12,0,0,01,A01
200700012463,0,07,000,13,0,2,01,A01
200700012464,0,33,000,00,2,8,01,A01
200700012464,0,07,000,00,0,5,15,B02
200700012465,0,14,000,00,2,6,00,A01
200700012465,0,07,000,00,2,3,00,B02
200700012466,0,07,000,00,2,8,17,A01
200700012466,0,07,000,00,2,1,01,B02
200700012467,0,07,000,00,2,4,00,A01
200700012467,0,33,000,00,2,1,01,B02
200700012468,0,07,000,00,2,2,15,A01
200700012468,0,02,000,00,2,1,01,B02
200700012469,0,07,000,00,0,0,00,A01
200700012469,0,33,000,12,2,1,00,B02
200700012470,0,33,000,03,2,0,01,A01
200700012471,0,07,000,00,0,6,10,A01
200700012471,0,33,000,00,2,2,01,B02
200700012472,0,07,000,00,0,2,15,A01
200700012472,0,07,000,00,2,1,01,B02
200700012472,0,07,000,00,0,0,00,C03
200700012473,0,07,000,00,2,1,01,A01
200700012473,0,07,000,00,2,3,09,B02
200700012474,0,07,000,00,0,8,20,A01
200700012474,0,07,000,00,2,2,01,B02
200700012475,0,07,000,00,2,2,15,A01
200700012475,0,07,000,00,2,3,01,B02
200700012476,0,07,000,01,0,5,14,A01
200700012477,0,07,000,00,0,6,19,A01
200700012477,0,33,000,00,2,1,01,B02
200700012478,0,07,000,00,2,3,01,A01
200700012478,0,02,000,00,2,6,19,B02
200700012479,0,07,000,00,0,7,15,A01
200700012479,0,02,000,00,2,1,01,B02
200700012480,0,07,000,00,0,1,01,A01
200700012480,0,33,000,00,0,0,13,B02
200700012481,0,07,000,00,0,1,01,A01
200700012481,0,02,000,00,0,1,13,B02
200700012482,0,33,000,00,2,1,01,A01
200700012482,0,07,000,00,2,3,19,B02
200700012483,0,07,000,00,2,4,02,A01
200700012483,0,07,000,00,2,4,02,B02
200700012484,0,07,000,00,1,3,01,A01
200700012485,0,07,000,00,2,3,13,A01
200700012485,0,07,000,00,2,1,01,B02
200700012486,0,10,000,00,0,8,10,A01
200700012486,0,07,000,00,2,2,01,B02
200700012486,0,10,000,00,2,6,10,C03
200700012487,0,07,000,08,0,1,00,A01
200700012488,0,32,000,00,0,0,01,A01
200700012489,0,33,000,12,0,0,17,A01
200700012490,0,07,000,00,2,1,01,A01
200700012490,0,07,000,00,2,3,09,B02
200700012491,0,14,000,00,2,3,01,A01
200700012491,0,07,000,00,2,5,15,B02
200700012492,0,10,000,00,2,2,15,A01
200700012492,0,10,000,00,2,1,01,B02
200700012493,0,07,000,13,0,2,14,A01
200700012494,0,07,000,00,2,1,01,A01
200700012494,0,07,000,00,2,2,13,B02
200700012495,0,07,000,00,2,1,19,A01
200700012495,0,02,000,00,2,1,01,B02
200700012496,0,33,000,06,0,1,01,A01
200700012497,0,07,000,00,2,7,21,A01
200700012497,0,07,000,00,2,1,01,B02
200700012498,0,07,000,00,1,2,01,A01
200700012499,0,02,000,13,0,1,01,A01
200700012500,0,07,000,00,9,2,17,A01
200700012500,0,01,000,00,2,4,01,B02
200700012501,0,07,000,02,0,1,00,A01
200700012502,0,07,000,00,2,2,13,A01
200700012502,0,07,000,00,2,3,19,B02
200700012503,0,07,000,02,0,2,01,A01
200700012504,0,07,000,08,1,2,01,A01
200700012505,0,17,000,00,0,6,23,A01
200700012505,0,07,000,00,0,0,01,B02
200700012506,0,10,000,00,0,9,01,A01
200700012507,0,07,000,00,1,1,00,A01
200700012508,0,07,000,00,2,7,14,A01
200700012508,0,01,000,00,2,8,01,B02
200700012509,0,10,000,00,0,4,01,A01
200700012509,0,07,000,00,2,1,01,B02
200700012509,0,07,000,00,2,1,01,C03
200700012510,0,07,000,00,0,7,15,A01
200700012510,0,31,000,00,2,1,01,B02
200700012511,0,07,000,00,2,2,09,A01
200700012511,0,07,000,00,2,3,09,B02
200700012512,0,07,000,00,2,8,13,A01
200700012512,0,17,000,00,2,3,02,B02
200700012513,0,02,000,00,2,1,01,A01
200700012513,0,07,000,00,2,0,01,B02
200700012514,0,07,000,13,0,1,01,A01
200700012515,0,07,000,00,1,2,15,A01
200700012516,0,10,000,00,2,8,11,A01
200700012516,0,33,000,00,2,7,17,B02
200700012517,0,07,000,00,6,1,01,A01
200700012518,0,07,000,00,2,3,15,A01
200700012518,0,07,000,00,2,1,01,B02
200700012519,0,30,000,00,2,1,15,A01
200700012519,0,07,000,00,2,2,01,B02
200700012520,0,07,000,00,2,8,15,A01
200700012520,0,33,000,00,2,1,01,B02
200700012521,0,07,000,00,2,3,11,A01
200700012521,0,07,000,00,2,3,01,B02
200700012522,0,07,000,16,6,9,02,A01
200700012523,0,07,000,00,0,3,13,A01
200700012523,0,07,000,00,0,3,23,B02
200700012524,0,07,000,00,2,3,01,A01
200700012524,0,07,000,00,2,5,17,B02
200700012525,0,07,000,00,2,1,01,A01
200700012525,0,10,000,00,2,3,01,B02
200700012526,0,07,000,00,2,1,02,A01
200700012526,0,07,000,00,0,4,20,B02
200700012527,0,10,000,00,2,3,01,A01
200700012527,0,02,000,00,2,1,01,B02