Num_Acc,senc,catv,occutc,obs,obsm,choc,manv,num_veh
200700012528,0,07,000,02,0,7,02,A01
200700012529,0,07,000,10,0,1,01,A01
200700012530,0,17,000,13,0,7,14,A01
200700012531,0,33,000,00,0,0,17,A01
200700012532,0,07,000,11,0,3,09,A01
200700012532,0,07,000,11,0,1,01,B02
200700012533,0,07,000,13,0,1,01,A01
200700012534,0,14,000,00,0,0,00,B02
200700012534,0,07,000,00,0,0,01,A01
200700012535,0,10,000,00,1,4,04,A01
200700012536,0,33,000,13,0,1,00,A01
200700012537,0,07,000,00,0,2,19,A01
200700012537,0,02,000,00,0,8,02,B02
200700012538,0,10,000,02,0,3,01,A01
200700012539,0,31,000,06,0,1,13,A01
200700012540,0,02,000,00,2,8,00,A01
200700012540,0,07,000,00,2,3,01,B02
200700012541,0,07,000,13,0,2,01,A01
200700012542,0,30,000,01,0,1,02,A01
200700012542,0,07,000,00,9,6,23,B02
200700012543,0,07,000,02,0,1,01,A01
200700012544,0,07,000,00,2,2,13,A01
200700012544,0,07,000,00,2,3,01,B02
200700012545,0,07,000,00,2,3,01,A01
200700012545,0,07,000,00,0,0,00,B02
200700012546,0,07,000,00,2,2,19,B02
200700012546,0,07,000,00,2,8,24,C03
200700012546,0,07,000,00,2,3,01,A01
200700012547,0,07,000,00,2,1,01,A01
200700012547,0,30,000,00,2,8,01,B02
200700012548,0,02,000,00,2,4,15,A01
200700012548,0,07,000,00,2,2,17,B02
200700012549,0,16,000,02,0,1,14,A01
200700012550,0,07,000,13,0,2,01,A01
200700012551,0,31,000,00,1,0,02,A01
200700012552,0,07,000,13,0,3,13,A01
200700012553,0,07,000,00,2,3,15,A01
200700012553,0,07,000,07,2,7,01,B02
200700012553,0,07,000,00,2,1,01,C03
200700012554,0,07,000,02,0,1,01,A01
200700012555,0,33,000,00,2,1,01,A01
200700012555,0,07,000,00,2,3,15,B02
200700012556,0,07,000,00,2,1,01,A01
200700012556,0,07,000,00,2,2,05,B02
200700012557,0,07,000,00,2,3,13,A01
200700012557,0,07,000,07,2,3,01,B02
200700012558,0,02,000,00,2,1,19,A01
200700012558,0,07,000,00,2,2,01,B02
200700012559,0,07,000,00,2,7,13,A01
200700012559,0,07,000,00,2,1,01,B02
200700012560,0,07,000,00,2,8,01,A01
200700012561,0,07,000,00,2,3,13,A01
200700012561,0,38,000,00,2,3,01,B02
200700012562,0,07,000,00,1,4,20,A01
200700012563,0,07,000,00,2,1,01,A01
200700012563,0,07,000,00,2,1,01,B02
200700012564,0,07,000,00,2,5,15,A01
200700012564,0,33,000,00,2,1,01,B02
200700012565,0,33,000,00,2,0,17,A01
200700012565,0,07,000,00,2,3,01,B02
200700012566,0,07,000,00,2,3,15,A01
200700012566,0,07,000,00,2,3,01,B02
200700012567,0,07,000,00,2,8,10,A01
200700012567,0,10,000,00,2,1,01,B02
200700012568,0,07,000,00,2,3,19,A01
200700012568,0,07,000,00,2,1,01,B02
200700012569,0,07,000,00,2,1,13,A01
200700012569,0,07,000,00,2,3,01,B02
200700012569,0,07,000,00,2,1,01,C03
200700012570,0,07,000,00,2,1,17,A01
200700012570,0,07,000,00,2,1,01,B02
200700012571,0,07,000,00,1,2,02,A01
200700012572,0,38,000,01,2,1,01,A01
200700012572,0,07,000,00,2,4,01,B02
200700012573,0,07,000,00,0,9,00,A01
200700012574,0,17,000,08,0,3,19,A01
200700012575,0,07,000,06,0,1,13,A01
200700012576,0,07,000,00,2,3,09,A01
200700012576,0,02,000,00,2,1,13,B02
200700012577,0,07,000,00,2,1,01,A01
200700012577,0,07,000,06,2,1,01,B02
200700012578,0,07,000,06,0,1,13,A01
200700012579,0,07,000,00,2,2,15,A01
200700012579,0,07,000,00,2,3,01,B02
200700012580,0,17,000,13,0,1,13,A01
200700012581,0,07,000,00,0,6,17,A01
200700012581,0,07,000,00,2,2,00,B02
200700012582,0,10,000,06,0,1,01,A01
200700012583,0,07,000,00,2,3,01,A01
200700012583,0,10,000,00,2,1,01,B02
200700012584,0,14,000,00,2,1,01,A01
200700012584,0,07,000,00,2,1,01,B02
200700012585,0,07,000,00,0,0,01,A01
200700012586,0,07,000,00,0,3,01,A01
200700012587,0,33,000,00,2,1,17,A01
200700012587,0,07,000,00,0,6,15,B02
200700012588,0,07,000,00,0,3,01,A01
200700012588,0,07,000,00,0,3,01,B02
200700012589,0,33,000,00,0,0,01,A01
200700012590,0,07,000,00,2,7,13,A01
200700012590,0,07,000,00,2,1,01,B02
200700012591,0,07,000,06,2,8,02,A01
200700012591,0,07,000,00,2,7,02,B02
200700012592,0,10,000,08,0,7,13,A01
200700012593,0,07,000,02,0,3,00,A01
200700012594,0,07,000,00,2,1,01,A01
200700012594,0,07,000,00,2,4,15,B02
200700012595,0,07,000,00,2,3,01,A01
200700012595,0,07,000,00,2,3,01,B02
200700012596,0,01,000,00,2,8,01,A01
200700012596,1,21,000,00,2,7,16,B02
200700012597,0,07,000,00,2,8,15,A01
200700012597,0,07,000,00,2,2,17,B02
200700012598,0,07,000,00,2,3,15,A01
200700012598,0,32,000,00,2,1,01,B02
200700012599,0,33,000,00,0,8,01,A01
200700012599,0,07,000,00,0,0,15,B02
200700012600,0,07,000,00,0,0,23,A01
200700012600,0,02,000,00,0,0,21,B02
200700012601,0,07,000,00,2,2,00,A01
200700012601,0,31,000,00,2,1,01,B02
200700012602,0,14,000,00,2,3,01,A01
200700012602,0,10,000,00,2,3,01,B02
200700012602,0,07,000,00,0,3,01,C03
200700012603,0,33,000,00,2,1,01,A01
200700012603,0,07,000,00,2,8,15,B02
200700012604,0,31,000,00,2,0,01,A01
200700012605,0,07,000,00,2,1,15,A01
200700012605,0,33,000,00,2,1,01,B02
200700012606,0,17,000,00,2,2,02,A01
200700012606,0,14,000,00,0,6,02,B02
200700012607,0,99,000,02,0,1,13,A01
200700012608,0,07,000,00,2,1,01,A01
200700012608,0,07,000,00,2,1,01,B02
200700012609,0,07,000,16,0,1,10,A01
200700012610,0,07,000,00,2,5,15,A01
200700012610,0,33,000,00,2,1,01,B02
200700012611,0,07,000,02,0,9,01,A01
200700012612,0,17,000,02,0,1,13,A01
200700012613,0,07,000,00,2,2,09,A01
200700012613,0,02,000,00,0,7,01,B02
200700012614,0,33,000,13,0,0,00,A01
200700012615,0,30,000,00,0,1,13,A01
200700012615,0,07,000,06,0,1,01,B02
200700012616,0,33,000,08,0,8,01,A01
200700012617,0,31,000,00,9,1,01,A01
200700012618,0,07,000,14,2,8,01,A01
200700012618,0,17,000,00,2,3,01,B02
200700012618,0,07,000,14,2,3,01,C03
200700012618,0,10,000,14,0,2,01,D04
200700012619,0,07,000,00,2,7,17,A01
200700012619,0,02,000,00,2,5,15,B02
200700012620,0,07,000,02,0,0,00,A01
200700012621,0,31,000,00,2,1,01,A01
200700012621,0,07,000,00,0,4,23,B02
200700012622,0,38,000,00,2,3,21,A01
200700012622,0,07,000,00,2,3,13,B02
200700012623,0,07,000,00,0,1,13,A01
200700012623,0,07,000,00,0,1,01,B02
200700012624,0,07,000,00,1,2,01,A01
200700012625,0,33,000,00,2,1,02,A01
200700012625,0,07,000,00,2,8,15,B02
200700012626,0,07,000,00,1,2,01,A01
200700012627,0,07,000,00,2,4,21,B02
200700012627,0,07,000,00,2,1,01,C03
200700012628,0,07,000,02,0,0,21,A01
200700012629,0,07,000,00,1,6,04,A01
200700012630,0,07,000,01,0,1,14,A01
200700012631,0,07,000,00,2,1,17,A01
200700012631,0,07,000,00,2,1,01,B02
200700012632,0,07,000,00,2,2,01,A01
200700012632,0,07,000,00,2,3,01,B02
200700012633,0,14,000,00,2,1,02,A01
200700012633,0,07,000,00,2,4,02,B02
200700012634,0,14,000,00,9,3,01,A01
200700012634,0,30,000,00,2,1,15,B02
200700012635,0,07,000,00,2,5,02,A01
200700012635,0,07,000,00,2,3,15,B02
200700012636,0,07,000,00,2,2,15,A01
200700012636,0,07,000,00,2,1,01,B02
200700012637,0,07,000,00,0,1,01,A01
200700012638,0,07,000,00,0,3,15,A01
200700012638,0,02,000,00,0,1,01,B02
200700012639,0,31,000,00,2,3,10,A01
200700012639,0,07,000,00,2,2,01,B02
200700012640,0,07,000,00,2,2,00,A01
200700012640,0,02,000,00,2,2,02,B02
200700012641,0,07,000,00,2,1,16,A01
200700012641,0,07,000,00,2,1,17,B02
200700012642,0,07,000,00,2,1,05,A01
200700012642,0,07,000,00,2,1,01,B02
200700012642,0,07,000,00,9,2,01,C03
200700012643,0,01,000,00,2,8,13,A01
200700012643,0,02,000,00,2,7,02,B02
200700012644,0,10,000,00,2,3,13,A01
200700012644,0,14,000,00,2,3,01,B02
200700012645,0,07,000,15,0,2,14,A01
200700012646,0,33,000,16,0,1,01,A01
200700012647,0,02,000,00,2,1,00,A01
200700012647,0,07,000,00,2,3,23,B02
200700012648,0,10,000,00,2,2,21,A01
200700012648,0,01,000,00,2,8,01,B02
200700012649,0,07,000,00,2,3,00,A01
200700012649,0,07,000,00,2,1,00,B02
200700012650,0,07,000,00,2,1,13,A01
200700012650,0,07,000,00,2,1,01,B02
200700012651,0,07,000,00,2,1,13,A01
200700012651,0,07,000,00,2,1,01,B02
200700012652,0,07,000,00,1,3,01,A01
200700012653,0,07,000,00,9,2,17,A01
200700012653,0,01,000,00,2,6,15,B02
200700012654,0,07,000,00,2,3,13,A01
200700012654,0,07,000,00,2,3,01,B02
200700012655,0,07,000,00,1,2,01,A01
200700012656,0,07,000,00,2,8,00,A01
200700012656,0,07,000,00,2,3,01,B02
200700012657,0,07,000,03,0,9,13,A01
200700012658,0,07,000,00,2,8,23,A01
200700012658,0,07,000,00,2,1,01,B02
200700012658,0,07,000,01,2,1,13,C03
200700012659,0,07,000,00,2,3,19,A01
200700012659,0,30,000,00,2,2,01,B02
200700012660,0,02,000,00,2,1,01,A01
200700012660,0,07,000,00,2,8,01,B02
200700012661,0,07,000,00,2,2,15,A01
200700012661,0,07,000,00,2,1,01,B02
200700012662,0,33,000,00,2,7,01,A01
200700012662,0,07,000,00,2,1,15,B02
200700012663,0,02,000,06,0,1,01,A01
200700012664,0,10,000,00,2,1,05,A01
200700012664,0,14,000,00,2,2,21,B02
200700012665,0,07,000,00,1,7,01,A01
200700012666,0,07,000,00,1,2,01,A01
200700012667,0,07,000,00,2,1,01,A01
200700012667,0,07,000,00,2,8,01,B02
200700012668,0,07,000,00,2,1,01,A01
200700012668,0,07,000,00,2,1,01,B02
200700012669,0,07,000,02,0,7,01,A01
200700012670,0,30,000,00,2,1,01,A01
200700012670,0,07,000,00,2,3,19,B02
200700012671,0,07,000,00,2,3,13,A01
200700012671,0,07,000,00,2,3,01,B02
200700012672,0,07,000,00,2,7,13,A01
200700012672,0,07,000,00,2,3,01,B02
200700012673,0,02,000,05,0,0,01,A01
200700012674,0,07,000,13,0,2,01,A01
200700012675,0,07,000,00,1,2,14,A01
200700012676,0,33,000,00,0,1,01,A01
200700012677,0,07,000,06,0,1,13,A01
200700012677,0,07,000,00,2,1,01,B02
200700012678,0,07,000,00,2,3,21,A01
200700012678,0,07,000,00,2,2,01,B02
200700012679,0,07,000,00,2,1,13,A01
200700012679,0,10,000,00,2,3,01,B02
200700012679,0,07,000,00,2,2,02,C03
200700012680,0,07,000,00,2,6,02,A01
200700012680,0,07,000,00,2,4,23,B02
200700012680,0,07,000,00,2,1,02,C03
200700012681,0,07,000,00,2,8,01,A01
200700012681,0,07,000,00,2,3,13,B02
200700012681,0,17,000,00,2,8,01,C03
200700012682,0,07,000,00,2,3,01,A01
200700012682,0,07,000,00,0,0,00,B02
200700012683,0,17,000,00,2,7,15,A01
200700012683,0,10,000,00,2,1,01,C03
200700012684,0,07,000,00,2,7,17,A01
200700012684,0,16,000,00,2,8,15,B02
200700012685,0,33,000,16,0,0,01,A01
200700012686,0,15,000,00,2,3,05,A01
200700012686,0,14,000,00,2,3,01,B02
200700012687,0,07,000,00,2,1,17,A01
200700012687,0,07,000,00,2,1,01,B02
200700012688,0,07,000,00,2,8,19,A01
200700012688,0,33,000,00,2,2,01,B02
200700012689,0,07,000,00,2,1,01,A01
200700012689,0,10,000,00,2,3,01,B02
200700012690,0,17,000,00,2,3,02,A01
200700012690,0,07,000,00,2,4,23,B02
200700012691,0,10,000,16,0,1,01,A01
200700012692,0,07,000,08,0,1,15,A01
200700012693,0,30,000,00,2,1,01,A01
200700012693,0,10,000,00,0,2,19,B02
200700012694,0,07,000,00,2,3,19,A01
200700012694,0,07,000,00,2,1,01,B02
200700012695,0,07,000,14,1,2,01,A01
200700012695,0,07,000,05,0,4,23,B02
200700012696,0,07,000,00,0,1,01,A01
200700012696,0,07,000,00,0,8,01,B02
200700012697,0,07,000,00,2,1,05,A01
200700012697,0,33,000,00,2,9,01,B02
200700012698,0,07,000,00,2,1,13,A01
200700012698,0,07,000,00,2,1,05,B02
200700012699,0,07,000,02,0,0,14,A01
200700012700,0,07,000,00,2,2,01,A01
200700012700,0,07,000,00,2,3,19,B02
200700012701,0,10,000,00,2,1,01,B02
200700012701,0,10,000,00,2,7,19,A01
200700012702,0,07,000,03,0,7,13,A01
200700012703,0,07,000,00,2,2,13,A01
200700012703,0,14,000,00,2,1,01,B02
200700012704,0,07,000,08,0,0,00,A01
200700012705,0,07,000,00,2,3,01,A01
200700012705,0,02,000,00,2,8,15,B02
200700012706,0,02,000,00,0,1,15,A01
200700012706,0,07,000,00,0,3,01,B02
200700012707,0,17,000,00,2,2,01,A01
200700012707,0,07,000,00,2,7,13,B02
200700012708,0,07,000,08,0,1,01,A01
200700012709,0,07,000,00,1,8,01,A01
200700012710,0,07,000,13,0,3,14,A01
200700012711,0,33,000,16,0,1,01,A01
200700012712,0,07,000,02,0,3,01,A01
200700012713,0,14,000,00,2,2,15,A01
200700012713,0,14,000,00,2,2,01,B02
200700012714,0,21,000,00,0,0,01,A01
200700012715,0,07,000,13,0,2,01,A01
200700012716,0,07,000,00,1,1,01,A01
200700012717,0,32,000,00,2,7,17,A01
200700012717,0,07,000,00,2,8,15,B02
200700012718,0,07,000,00,1,2,09,A01
200700012719,0,07,000,00,2,3,15,B02
200700012719,0,07,000,00,2,2,01,A01
200700012720,0,07,000,00,9,2,00,A01
200700012720,0,02,000,00,2,1,09,B02
200700012721,0,10,000,16,0,3,01,A01
200700012722,0,36,000,02,0,1,15,A01
200700012723,0,07,000,02,0,2,01,A01
200700012724,0,10,000,00,1,1,01,A01
200700012725,0,10,000,00,2,1,19,A01
200700012725,0,07,000,08,2,8,01,B02
200700012726,0,17,000,00,2,2,01,A01
200700012726,0,07,000,00,2,3,13,B02
200700012727,0,07,000,00,2,3,01,A01
200700012727,0,07,000,00,2,3,01,B02
200700012728,0,33,000,16,0,7,01,A01
200700012729,0,07,000,00,2,0,01,A01
200700012729,0,33,000,00,2,1,19,B02
200700012730,0,07,000,00,2,3,01,A01
200700012730,0,17,000,00,2,3,01,B02
200700012731,0,07,000,00,2,2,15,A01
200700012731,0,33,000,00,2,1,01,B02
200700012732,0,07,000,00,9,7,01,A01
200700012732,0,02,000,00,2,1,16,B02
200700012733,0,33,000,00,2,1,01,A01
200700012733,0,07,000,00,0,3,15,B02
200700012734,0,07,000,02,0,3,01,A01
200700012735,0,07,000,00,2,3,13,A01
200700012735,0,07,000,00,2,3,01,B02
200700012736,0,15,000,00,2,6,15,A01
200700012736,0,07,000,00,2,1,01,B02
200700012737,0,07,000,01,0,6,00,A01
200700012737,0,07,000,00,0,6,00,B02
200700012738,0,07,000,02,0,2,01,A01
200700012739,0,33,000,00,2,3,13,A01
200700012739,0,07,000,00,2,3,01,B02
200700012740,0,07,000,00,0,3,02,A01
200700012740,0,02,000,00,0,1,02,B02
200700012741,2,10,000,00,2,2,13,A01
200700012741,0,10,000,00,2,2,01,B02
200700012742,0,10,000,13,0,3,14,A01
200700012743,0,07,000,08,0,1,21,A01
200700012744,0,07,000,00,2,4,13,A01
200700012744,0,07,000,00,2,1,01,B02
200700012745,0,07,000,00,2,1,01,A01
200700012745,0,01,000,00,2,8,19,B02
200700012746,0,01,000,00,2,1,01,A01
200700012746,0,07,000,00,2,3,19,B02
200700012747,0,10,000,00,2,2,19,B02
200700012747,0,10,000,00,2,2,19,A01
200700012748,0,38,000,02,0,2,01,A01
200700012749,0,07,000,06,0,3,19,A01
200700012750,0,07,000,00,2,3,15,A01
200700012750,0,02,000,01,2,1,17,C03
200700012751,0,07,000,01,0,2,21,A01
200700012751,0,17,000,00,0,6,00,C03
200700012752,0,14,000,02,0,3,21,A01
200700012753,0,07,000,06,0,6,01,A01
200700012754,0,07,000,00,4,7,01,A01
200700012754,0,39,000,00,2,1,01,B02
200700012755,0,07,000,04,0,3,01,A01
200700012756,0,07,000,00,2,3,01,A01
200700012756,0,07,000,00,0,1,15,B02
200700012757,0,14,000,13,0,1,00,A01
200700012758,0,10,000,00,1,0,17,A01
200700012758,0,21,000,00,0,0,01,B02
200700012759,0,07,000,00,2,7,17,A01
200700012759,0,14,000,00,0,8,01,B02
200700012760,0,07,000,00,9,7,14,A01
200700012760,0,01,000,00,2,8,01,B02
200700012761,0,07,000,02,0,5,01,A01
200700012762,0,17,000,00,0,3,01,A01
200700012762,0,30,000,00,0,1,13,B02
200700012763,0,07,000,00,2,7,15,A01
200700012763,0,33,000,00,2,1,01,B02
200700012764,0,07,000,00,2,8,15,A01
200700012764,0,33,000,00,2,1,01,B02
200700012765,0,07,000,02,0,1,00,A01
200700012766,0,07,000,00,2,2,17,A01
200700012766,0,07,000,00,2,1,01,B02
200700012767,0,07,000,00,2,1,01,A01
200700012767,0,07,000,00,2,5,16,B02
200700012768,0,07,000,13,0,1,17,A01
200700012769,0,07,000,06,0,2,01,A01
200700012770,0,07,000,00,2,6,01,A01
200700012770,0,07,000,00,2,1,01,B02
200700012771,0,02,000,00,2,1,16,A01
200700012771,0,07,000,00,2,1,01,B02
200700012772,0,07,000,00,1,3,01,A01
200700012773,0,07,000,08,0,8,01,A01
200700012774,0,07,000,00,2,1,01,A01
200700012774,0,17,000,00,2,8,00,B02
200700012775,0,02,000,00,2,1,01,A01
200700012775,0,07,000,00,0,3,15,B02
200700012776,0,02,000,00,2,1,02,A01
200700012776,0,07,000,00,2,3,15,B02
200700012777,0,07,000,00,2,3,19,A01
200700012777,0,07,000,00,2,1,01,B02
200700012778,0,15,000,00,2,8,01,A01
200700012778,0,14,000,00,2,3,01,B02
200700012779,0,07,000,00,2,3,01,A01
200700012779,0,07,000,00,0,0,00,B02
200700012780,0,07,000,00,2,1,15,A01
200700012780,0,30,000,00,2,3,05,B02
200700012781,0,07,000,02,0,1,01,B02
200700012781,0,07,000,00,0,0,19,A01
200700012782,0,33,000,01,0,0,01,A01
200700012783,0,10,000,02,0,1,01,A01
200700012784,0,07,000,00,2,1,13,A01
200700012784,0,07,000,00,2,1,01,B02
200700012785,0,31,000,00,2,1,00,A01
200700012785,0,07,000,00,0,6,01,B02
200700012786,0,30,000,00,2,2,00,A01
200700012786,0,07,000,00,2,3,15,B02
200700012787,0,07,000,00,2,2,02,A01
200700012787,0,33,000,00,0,4,02,B02
200700012788,0,01,000,00,2,1,01,A01
200700012788,0,01,000,00,2,2,01,B02
200700012789,0,07,000,06,0,1,14,A01
200700012790,0,10,000,00,1,3,01,A01
200700012791,0,30,000,00,2,1,01,A01
200700012791,0,10,000,00,9,4,01,B02
200700012792,0,33,000,00,2,7,01,A01
200700012792,0,07,000,00,2,3,15,B02
200700012793,0,07,000,06,0,1,01,A01
200700012794,0,07,000,00,0,1,01,A01
200700012794,0,07,000,00,0,4,01,B02
200700012795,0,07,000,00,2,3,13,A01
200700012795,0,07,000,00,2,3,01,B02
200700012796,0,07,000,02,6,1,21,A01
200700012797,0,07,000,03,0,3,01,A01
200700012798,0,07,000,02,0,1,00,A01
200700012799,0,07,000,00,2,3,01,A01
200700012799,0,07,000,00,2,3,01,B02
200700012800,0,07,000,01,0,1,13,A01
200700012800,0,07,000,00,0,4,00,B02
200700012801,0,10,000,00,2,1,01,B02
200700012801,0,07,000,00,2,8,00,A01
200700012802,0,07,000,00,2,3,13,A01
200700012802,0,14,000,00,2,3,01,B02
200700012803,0,21,000,00,9,2,19,A01
200700012803,0,01,000,00,2,1,01,B02
200700012804,0,07,000,00,2,8,17,A01
200700012804,0,02,000,00,2,7,17,B02
200700012805,0,33,000,00,2,8,01,A01
200700012805,0,07,000,00,2,1,19,B02
200700012806,0,02,000,02,0,1,14,A01
200700012807,0,07,000,00,1,3,00,A01
200700012808,0,07,000,09,2,1,17,A01
200700012808,0,07,000,00,2,8,01,B02
200700012809,0,33,000,00,0,8,01,A01
200700012810,0,07,000,06,0,0,13,A01
200700012811,0,07,000,00,2,3,10,A01
200700012811,0,02,000,00,2,1,01,B02
200700012812,0,07,000,00,2,3,01,B02
200700012812,0,07,000,00,2,1,01,A01
200700012813,0,07,000,00,2,3,13,A01
200700012813,0,14,000,00,2,3,21,B02
200700012814,0,07,000,00,9,2,15,A01
200700012814,0,01,000,00,2,1,01,B02
200700012815,0,07,000,00,2,3,01,A01
200700012815,0,10,000,00,2,2,15,B02
200700012816,0,07,000,00,2,1,01,A01
200700012816,0,38,000,00,2,4,01,B02
200700012817,0,07,000,00,2,8,15,A01
200700012817,0,07,000,00,2,1,01,B02
200700012818,0,07,000,00,2,2,01,A01
200700012818,0,31,000,00,2,1,19,B02
200700012819,0,07,000,00,2,3,15,A01
200700012819,0,33,000,00,2,1,01,B02
200700012820,0,07,000,00,2,2,11,A01
200700012820,0,17,000,00,2,6,01,B02
200700012821,0,07,000,00,2,3,01,A01
200700012821,0,10,000,00,2,3,15,B02
200700012822,0,07,000,02,0,9,21,A01
200700012823,0,33,000,11,0,1,01,A01
200700012824,0,07,000,00,2,7,01,B02
200700012824,0,01,000,00,2,1,19,A01
200700012825,0,02,000,01,2,1,01,A01
200700012825,0,02,000,00,2,4,01,B02
200700012825,0,07,000,00,2,1,00,C03
200700012826,0,07,000,00,2,2,01,A01
200700012826,0,07,000,00,2,3,09,B02
200700012827,0,07,000,12,0,1,15,A01
200700012828,0,07,000,00,2,1,13,A01
200700012828,0,07,000,00,2,3,01,B02
200700012829,0,33,000,00,0,7,01,A01
200700012830,0,07,000,06,0,8,01,A01
200700012830,0,07,000,00,2,2,17,B02
200700012831,0,07,000,00,0,7,01,A01
200700012831,0,10,000,00,2,1,01,B02
200700012831,0,10,000,00,2,8,16,C03
200700012832,0,07,000,00,2,3,01,B02
200700012832,0,07,000,00,2,1,19,A01
200700012833,0,17,000,00,0,0,21,A01
200700012834,0,07,000,00,2,8,01,A01
200700012834,0,01,000,00,2,1,01,B02
200700012835,0,07,000,00,0,9,01,A01
200700012836,0,07,000,02,0,1,01,A01
200700012837,0,07,000,00,2,1,01,A01
200700012837,0,07,000,00,2,3,15,B02
200700012838,0,07,000,00,0,3,15,A01
200700012838,0,31,000,00,0,8,01,B02
200700012839,0,07,000,00,0,2,13,A01
200700012839,0,07,000,00,2,3,01,B02
200700012840,0,07,000,13,0,3,01,A01
200700012841,0,33,000,00,2,1,13,A01
200700012841,0,07,000,00,2,1,01,B02
200700012842,0,10,000,00,0,7,14,A01
200700012843,0,07,000,00,2,4,17,A01
200700012843,0,07,000,00,2,1,17,B02
200700012844,0,07,000,00,9,7,02,A01
200700012844,0,01,000,00,2,8,02,B02
200700012845,0,07,000,00,0,3,19,A01
200700012845,0,02,000,00,2,1,01,B02
200700012846,0,07,000,08,0,3,02,A01
200700012847,0,07,000,13,0,1,01,A01
200700012848,0,07,000,10,0,9,13,A01
200700012849,0,07,000,00,2,3,01,A01
200700012849,0,10,000,00,2,3,01,B02
200700012850,0,14,000,00,1,1,15,A01
200700012851,0,07,000,02,2,7,17,A01
200700012851,0,07,000,16,2,6,17,B02
200700012852,0,33,000,00,2,8,18,A01
200700012852,0,07,000,00,2,7,16,B02
200700012853,0,07,000,13,0,9,01,A01
200700012854,0,33,000,00,0,0,01,A01
200700012855,0,07,000,13,0,1,01,A01
200700012856,0,07,000,02,0,3,00,A01
200700012857,0,07,000,00,2,3,15,A01
200700012857,0,02,000,00,2,1,01,B02
200700012858,0,07,000,00,0,8,15,A01
200700012858,0,07,000,00,0,2,17,B02
200700012859,0,02,000,06,0,8,16,A01
200700012860,0,10,000,02,0,1,13,A01
200700012861,0,10,000,00,2,7,19,A01
200700012861,0,07,000,00,2,3,01,B02
200700012862,0,07,000,00,0,4,23,A01
200700012863,0,10,000,00,2,1,01,A01
200700012863,0,02,000,00,2,1,15,B02
200700012864,0,07,000,00,0,2,01,A01
200700012864,0,07,000,00,0,1,01,B02
200700012865,0,07,000,00,2,1,16,A01
200700012865,0,07,000,00,2,8,01,B02
200700012865,0,02,000,00,2,7,01,C03
200700012866,0,07,000,07,0,4,01,A01
200700012867,0,07,000,00,2,3,01,A01
200700012867,0,02,000,00,2,1,05,B02
200700012868,0,16,000,00,0,0,01,A01
200700012869,0,30,000,00,2,1,13,A01
200700012869,0,07,000,00,2,3,01,B02
200700012870,0,07,000,00,2,2,15,A01
200700012870,0,30,000,00,2,1,02,B02
200700012871,0,07,000,00,0,3,17,A01
200700012872,0,07,000,00,1,2,01,A01
200700012873,0,07,000,00,2,2,19,A01
200700012873,0,02,000,00,2,8,16,B02
200700012874,0,07,000,04,0,3,13,A01
200700012875,0,07,000,00,2,1,13,A01
200700012875,0,10,000,00,2,5,23,B02
200700012876,0,07,000,00,2,3,01,A01
200700012876,0,33,000,00,2,1,17,B02
200700012877,0,10,000,00,2,1,01,A01
200700012877,0,10,000,00,2,1,01,B02
200700012878,0,07,000,00,2,8,01,A01
200700012878,0,01,000,00,2,1,16,B02
200700012879,0,33,000,00,0,1,01,A01
200700012880,0,07,000,00,0,1,01,A01
200700012881,0,07,000,05,0,1,01,A01
200700012882,0,33,000,00,2,1,05,A01
200700012882,0,07,000,00,0,3,00,B02
200700012883,0,07,000,00,0,1,00,A01
200700012883,0,07,000,00,0,3,00,B02
200700012884,0,07,000,02,0,3,01,A01
200700012885,0,07,000,13,2,3,01,A01
200700012886,0,33,000,00,2,1,01,A01
200700012886,0,07,000,00,2,3,00,B02
200700012887,0,33,000,00,2,2,00,A01
200700012887,0,17,000,00,2,5,15,B02
200700012888,0,33,000,00,2,7,01,A01
200700012888,0,07,000,00,2,8,16,B02
200700012889,0,10,000,00,2,3,16,A01
200700012889,0,07,000,00,2,3,01,B02
200700012890,0,07,000,16,0,9,00,A01
200700012891,0,10,000,00,2,1,01,B02
200700012891,0,10,000,00,2,3,23,A01
200700012891,0,07,000,00,2,7,19,C03
200700012892,0,07,000,00,2,3,01,A01
200700012892,0,02,000,00,2,8,01,B02
200700012893,0,02,000,00,2,1,01,A01
200700012893,0,07,000,00,0,5,01,B02
200700012893,0,07,000,00,2,5,01,C03
200700012893,0,02,000,00,2,1,01,D04
200700012894,0,07,000,00,0,3,13,A01
200700012894,0,02,000,00,2,6,11,B02
200700012895,0,07,000,00,2,1,13,A01
200700012895,0,07,000,00,2,1,01,B02
200700012896,0,07,000,06,0,8,01,A01
200700012897,0,07,000,00,2,1,01,A01
200700012897,0,07,000,00,2,4,23,B02
200700012897,0,07,000,00,2,4,23,C03
200700012898,0,17,000,00,0,7,01,A01
200700012899,0,10,000,00,2,2,01,A01
200700012899,0,01,000,00,2,1,19,B02
200700012900,0,33,000,00,1,1,01,A01
200700012901,0,07,000,00,2,3,01,A01
200700012901,0,07,000,00,2,0,01,B02
200700012902,0,07,000,00,2,3,19,B02
200700012902,0,15,000,00,2,2,01,A01
200700012903,0,33,000,12,0,1,21,A01
200700012904,0,14,000,00,2,3,01,A01
200700012904,0,07,000,00,2,2,19,B02
200700012905,0,07,000,14,0,2,02,A01