Num_Acc,senc,catv,occutc,obs,obsm,choc,manv,num_veh
200700012906,0,31,000,00,2,5,01,A01
200700012906,0,21,000,00,2,6,15,B02
200700012907,0,07,000,08,0,1,01,A01
200700012908,0,07,000,00,2,3,01,A01
200700012908,0,14,000,00,2,8,01,B02
200700012909,0,03,000,00,0,8,15,A01
200700012909,0,07,000,00,2,1,00,B02
200700012910,0,10,000,00,2,3,13,A01
200700012910,0,17,000,00,2,3,01,B02
200700012911,0,07,000,00,2,3,01,A01
200700012911,0,07,000,00,2,1,15,B02
200700012912,0,07,000,06,0,1,01,A01
200700012913,0,01,000,00,2,7,01,B02
200700012913,0,07,000,00,2,1,00,A01
200700012914,0,07,000,13,0,1,01,A01
200700012915,0,07,000,00,2,3,01,A01
200700012915,0,07,000,00,2,3,01,B02
200700012916,0,07,000,00,1,3,01,A01
200700012917,0,07,000,00,2,7,19,A01
200700012917,0,07,000,00,2,1,01,B02
200700012918,0,07,000,00,2,4,15,A01
200700012918,0,07,000,00,2,1,01,B02
200700012919,0,07,000,00,2,1,01,A01
200700012919,0,07,000,00,2,2,15,B02
200700012920,0,07,000,00,1,2,01,A01
200700012921,0,07,000,00,2,7,15,A01
200700012921,0,07,000,00,2,1,17,B02
200700012922,0,07,000,13,0,2,16,A01
200700012923,0,07,000,00,2,3,13,A01
200700012923,0,07,000,00,2,3,01,B02
200700012924,0,33,000,00,0,7,01,A01
200700012925,0,07,000,00,0,7,01,A01
200700012925,0,10,000,00,2,3,15,B02
200700012926,0,10,000,00,2,3,13,A01
200700012926,0,07,000,00,2,3,01,B02
200700012927,0,07,000,00,2,1,01,A01
200700012927,0,07,000,00,0,0,00,B02
200700012928,0,07,000,00,2,3,15,A01
200700012928,0,07,000,00,2,2,17,B02
200700012929,0,07,000,00,2,3,01,A01
200700012929,0,02,000,00,2,3,21,B02
200700012930,0,07,000,13,0,9,01,A01
200700012931,0,07,000,00,2,1,02,A01
200700012931,0,07,000,00,0,4,15,B02
200700012932,0,07,000,00,2,3,15,A01
200700012932,0,02,000,00,2,1,01,B02
200700012933,0,07,000,02,0,2,01,A01
200700012934,0,07,000,00,0,8,19,A01
200700012934,0,07,000,00,2,1,21,B02
200700012935,0,10,000,00,2,1,02,A01
200700012935,0,15,000,00,2,1,01,B02
200700012935,0,10,000,00,2,7,13,C03
200700012936,0,07,000,01,1,1,01,A01
200700012937,0,36,000,00,2,4,23,A01
200700012937,0,07,000,01,0,1,01,B02
200700012938,0,07,000,00,2,3,13,A01
200700012938,0,07,000,00,2,7,01,B02
200700012939,0,07,000,00,2,2,01,B02
200700012939,0,03,000,00,2,1,15,A01
200700012940,0,07,000,00,2,1,19,A01
200700012940,0,33,000,00,2,2,01,B02
200700012941,0,07,000,00,2,1,01,A01
200700012941,0,10,000,00,2,7,13,B02
200700012942,0,07,000,00,2,7,01,A01
200700012942,0,07,000,00,2,1,01,B02
200700012942,0,07,000,00,9,1,01,C03
200700012943,0,07,000,00,2,1,01,A01
200700012943,0,07,000,00,2,1,13,B02
200700012944,0,07,000,00,2,1,15,A01
200700012944,0,02,000,00,2,1,17,B02
200700012945,0,33,000,16,0,1,01,A01
200700012946,0,07,000,00,2,3,19,A01
200700012946,0,07,000,00,2,1,01,B02
200700012947,0,07,000,00,2,2,13,A01
200700012947,0,17,000,00,2,3,01,B02
200700012948,0,10,000,08,0,6,14,A01
200700012949,0,07,000,00,2,1,13,A01
200700012949,0,07,000,00,2,1,01,B02
200700012950,0,07,000,08,0,3,17,A01
200700012951,0,02,000,00,2,1,02,A01
200700012951,0,01,000,00,0,4,02,B02
200700012952,0,07,000,02,0,8,01,A01
200700012953,0,07,000,00,0,9,00,A01
200700012954,0,07,000,00,2,1,01,A01
200700012954,0,07,000,00,2,4,01,B02
200700012955,0,33,000,00,2,0,00,A01
200700012955,0,07,000,00,2,2,01,B02
200700012956,0,07,000,02,0,5,01,A01
200700012957,0,07,000,00,0,5,13,A01
200700012958,0,07,000,13,0,9,21,A01
200700012959,0,07,000,00,2,1,19,A01
200700012959,0,07,000,00,2,7,01,B02
200700012960,0,07,000,00,2,7,15,A01
200700012960,0,10,000,00,2,2,01,B02
200700012961,0,07,000,00,2,1,01,A01
200700012961,0,07,000,01,0,3,02,B02
200700012961,0,07,000,00,0,5,15,C03
200700012961,0,07,000,00,2,8,23,D04
200700012962,0,07,000,00,2,1,02,A01
200700012962,0,31,000,00,0,4,11,B02
200700012963,0,07,000,06,2,6,02,A01
200700012963,0,07,000,00,0,0,00,B02
200700012964,0,07,000,00,2,8,13,A01
200700012964,0,07,000,00,2,3,01,B02
200700012965,0,07,000,00,2,4,20,A01
200700012965,0,33,000,00,2,1,01,B02
200700012966,0,33,000,00,2,1,16,A01
200700012966,0,07,000,00,0,0,00,B02
200700012967,0,33,000,13,0,7,01,A01
200700012968,0,07,000,00,2,8,15,A01
200700012968,0,33,000,00,2,1,01,B02
200700012969,0,14,000,00,2,3,21,A01
200700012969,0,01,000,00,2,1,17,B02
200700012970,0,02,000,00,2,1,17,A01
200700012970,0,07,000,00,2,3,01,B02
200700012971,0,07,000,13,0,2,01,A01
200700012972,0,07,000,06,0,1,19,A01
200700012973,0,07,000,02,0,1,01,A01
200700012974,0,17,000,00,0,2,01,A01
200700012975,0,07,000,00,2,7,19,A01
200700012975,0,07,000,00,2,1,01,B02
200700012975,0,10,000,00,2,8,00,C03
200700012976,0,07,000,00,2,3,01,A01
200700012976,0,07,000,00,2,3,01,B02
200700012977,0,07,000,08,0,3,13,A01
200700012978,0,07,000,00,2,1,01,A01
200700012978,0,07,000,00,2,4,01,B02
200700012978,0,07,000,00,2,4,01,C03
200700012978,0,07,000,00,0,4,01,D04
200700012979,0,10,000,00,2,3,21,A01
200700012979,0,13,000,00,0,5,15,B02
200700012980,0,33,000,00,2,1,02,A01
200700012980,0,14,000,00,2,4,02,B02
200700012981,0,07,000,00,2,1,01,A01
200700012981,0,07,000,00,2,1,01,B02
200700012982,0,10,000,00,2,3,01,A01
200700012982,0,33,000,00,2,1,13,B02
200700012983,0,02,000,06,0,1,01,A01
200700012984,0,32,000,00,2,1,17,A01
200700012984,0,07,000,00,2,8,15,B02
200700012985,0,33,000,06,0,2,01,A01
200700012986,0,33,000,02,0,1,01,A01
200700012987,0,33,000,00,2,1,01,A01
200700012987,0,07,000,00,2,3,01,B02
200700012988,0,07,000,00,2,1,13,A01
200700012988,0,07,000,00,2,1,01,B02
200700012989,0,02,000,00,0,1,13,A01
200700012989,0,07,000,00,0,3,01,B02
200700012990,0,02,000,00,2,1,05,A01
200700012990,0,07,000,00,9,2,01,B02
200700012991,0,07,000,00,2,3,19,A01
200700012991,0,07,000,00,2,3,21,B02
200700012992,0,07,000,00,0,9,17,A01
200700012993,0,33,000,00,2,7,01,A01
200700012993,0,07,000,00,2,3,19,B02
200700012994,0,07,000,00,2,6,15,A01
200700012994,0,31,000,00,2,1,01,B02
200700012995,0,07,000,00,2,1,01,A01
200700012996,0,07,000,00,2,2,17,A01
200700012996,0,30,000,00,0,8,11,B02
200700012997,0,14,000,03,0,2,15,A01
200700012998,0,07,000,00,1,2,01,A01
200700012999,0,02,000,03,2,8,13,A01
200700012999,0,07,000,00,2,3,01,B02
200700013000,0,31,000,13,0,1,01,A01
200700013001,0,07,000,00,2,8,23,B02
200700013001,0,07,000,00,2,2,01,A01
200700013002,0,10,000,00,2,3,13,A01
200700013002,0,07,000,00,2,3,01,B02
200700013003,0,07,000,00,9,3,01,A01
200700013003,0,01,000,00,2,7,19,B02
200700013004,0,07,000,00,1,2,01,A01
200700013005,0,31,000,00,2,3,17,A01
200700013005,0,07,000,00,2,8,01,B02
200700013005,0,07,000,00,2,8,01,C03
200700013006,0,33,000,08,0,1,01,A01
200700013007,0,07,000,02,0,1,00,A01
200700013008,0,07,000,00,2,3,01,A01
200700013008,0,99,000,00,2,7,01,B02
200700013009,0,07,000,02,0,3,05,A01
200700013010,0,17,000,00,2,8,01,A01
200700013010,0,33,000,00,2,1,01,B02
200700013011,0,02,000,00,0,0,01,A01
200700013012,0,07,000,00,2,1,02,A01
200700013012,0,07,000,00,0,4,02,B02
200700013013,0,02,000,00,2,1,01,B02
200700013013,0,07,000,00,2,1,15,A01
200700013014,0,37,000,00,1,2,16,A01
200700013015,0,07,000,00,1,2,01,A01
200700013016,0,07,000,00,0,0,00,A01
200700013016,0,07,000,00,2,8,01,B02
200700013016,0,07,000,00,2,2,01,C03
200700013017,0,33,000,00,2,3,01,A01
200700013017,0,10,000,00,2,8,01,B02
200700013018,0,31,000,00,2,1,17,A01
200700013018,0,07,000,00,2,8,19,B02
200700013019,0,07,000,06,0,1,05,A01
200700013020,0,33,000,00,2,2,17,A01
200700013020,0,07,000,00,2,8,01,B02
200700013020,0,07,000,00,2,8,00,D04
200700013020,0,33,000,00,2,8,00,E05
200700013021,0,14,000,00,2,1,02,A01
200700013021,0,07,000,00,0,4,15,B02
200700013022,0,32,000,00,2,1,01,A01
200700013022,0,14,000,00,2,1,01,B02
200700013023,0,07,000,00,1,7,01,A01
200700013024,0,07,000,00,2,2,17,A01
200700013024,0,31,000,00,2,1,01,B02
200700013025,0,33,000,00,2,1,01,A01
200700013025,0,07,000,00,2,7,15,B02
200700013026,0,07,000,15,0,1,01,A01
200700013027,0,07,000,00,2,3,01,A01
200700013027,0,10,000,00,2,3,01,B02
200700013028,0,07,000,00,2,2,15,A01
200700013028,0,33,000,00,2,1,01,B02
200700013029,0,07,000,00,2,3,01,A01
200700013029,0,01,000,00,2,8,19,B02
200700013030,0,07,000,00,2,1,01,A01
200700013030,0,07,000,00,2,1,17,B02
200700013031,0,07,000,00,1,1,01,A01
200700013032,0,07,000,00,2,1,02,A01
200700013032,0,07,000,00,2,6,01,B02
200700013033,0,07,000,00,2,8,15,A01
200700013033,0,33,000,00,2,8,01,B02
200700013034,0,07,000,06,0,1,01,A01
200700013035,0,33,000,00,2,1,13,A01
200700013035,0,07,000,00,2,1,01,B02
200700013035,0,07,000,00,0,8,01,C03
200700013035,0,33,000,00,2,1,13,D04
200700013036,0,07,000,00,2,5,01,A01
200700013036,0,32,000,00,2,1,18,B02
200700013037,0,07,000,06,0,2,01,A01
200700013038,0,07,000,02,0,1,01,A01
200700013039,0,07,000,00,2,9,19,A01
200700013039,0,10,000,00,2,1,01,B02
200700013039,0,10,000,00,2,1,01,C03
200700013040,0,07,000,00,2,4,15,A01
200700013040,0,33,000,14,0,1,17,B02
200700013041,0,10,000,08,0,1,00,A01
200700013042,0,07,000,00,2,3,01,B02
200700013042,0,10,000,00,0,5,19,A01
200700013043,0,07,000,08,2,6,01,A01
200700013043,0,07,000,00,2,1,01,B02
200700013044,0,02,000,00,2,7,01,A01
200700013044,0,07,000,00,2,1,16,B02
200700013045,0,02,000,00,2,7,19,A01
200700013045,0,07,000,00,2,1,01,B02
200700013046,0,30,000,00,2,7,19,A01
200700013046,0,07,000,00,2,1,01,B02
200700013047,0,14,000,00,1,7,16,A01
200700013048,0,33,000,00,2,1,01,A01
200700013048,0,07,000,00,2,3,19,B02
200700013049,0,07,000,00,2,1,17,A01
200700013049,0,33,000,00,2,1,01,B02
200700013050,0,07,000,00,2,3,16,A01
200700013050,0,10,000,00,2,1,01,B02
200700013051,0,07,000,02,2,1,01,A01
200700013051,0,07,000,00,2,8,17,B02
200700013051,0,02,000,00,2,8,01,C03
200700013052,0,07,000,14,0,2,14,A01
200700013053,0,07,000,00,2,3,17,A01
200700013053,0,14,000,00,2,3,01,B02
200700013053,0,07,000,00,2,1,01,C03
200700013054,0,07,000,00,2,1,01,A01
200700013054,0,07,000,03,2,3,00,B02
200700013054,0,07,000,00,2,1,00,C03
200700013055,0,33,000,00,0,9,01,A01
200700013056,0,07,000,08,0,1,01,A01
200700013057,0,07,000,02,0,2,01,A01
200700013058,0,07,000,08,0,8,01,A01
200700013059,0,07,000,00,2,1,13,A01
200700013059,0,07,000,00,2,1,01,B02
200700013060,0,33,000,16,0,3,01,A01
200700013061,0,30,000,00,2,1,13,A01
200700013061,0,07,000,00,2,3,01,B02
200700013062,0,07,000,00,2,3,01,A01
200700013062,0,07,000,00,2,2,01,B02
200700013063,0,33,000,00,2,1,02,A01
200700013063,0,30,000,00,0,4,14,B02
200700013064,0,33,000,00,2,1,01,A01
200700013064,0,07,000,00,2,1,23,B02
200700013064,0,07,000,00,2,3,15,C03
200700013065,0,07,000,00,2,2,15,A01
200700013065,0,07,000,00,2,3,01,B02
200700013066,0,07,000,00,1,3,01,A01
200700013067,0,07,000,00,2,0,01,A01
200700013067,0,30,000,01,0,1,00,B02
200700013068,0,07,000,06,0,3,00,A01
200700013069,0,07,000,00,2,1,01,B02
200700013069,0,07,000,00,2,8,01,A01
200700013070,0,07,000,13,0,2,01,A01
200700013071,0,07,000,13,0,2,14,A01
200700013072,0,07,000,08,0,7,01,A01
200700013073,0,07,000,00,9,1,15,A01
200700013073,0,01,000,00,2,8,01,B02
200700013074,0,33,000,13,0,1,01,A01
200700013075,0,07,000,02,0,5,14,A01
200700013076,0,10,000,06,0,3,01,A01
200700013077,0,07,000,12,0,8,13,A01
200700013078,0,07,000,06,0,9,01,A01
200700013079,0,07,000,00,2,8,19,A01
200700013079,0,02,000,00,2,1,01,B02
200700013080,0,31,000,00,1,1,01,A01
200700013081,0,17,000,00,2,1,01,A01
200700013081,0,07,000,00,0,8,15,B02
200700013082,0,07,000,06,0,1,14,A01
200700013083,0,07,000,00,2,3,09,A01
200700013083,0,02,000,00,2,1,01,B02
200700013083,0,07,000,00,9,6,24,C03
200700013084,0,07,000,00,2,3,16,A01
200700013084,0,07,000,00,2,8,01,B02
200700013085,0,07,000,00,0,1,14,A01
200700013086,0,33,000,00,2,7,13,A01
200700013086,0,07,000,00,2,2,15,B02
200700013087,0,10,000,08,0,1,01,A01
200700013088,0,10,000,02,0,3,13,A01
200700013089,0,07,000,02,0,1,01,A01
200700013090,0,07,000,00,2,1,13,A01
200700013090,0,07,000,00,2,1,01,B02
200700013091,0,02,000,00,2,1,01,A01
200700013091,0,02,000,00,2,1,01,B02
200700013092,0,07,000,00,0,3,01,A01
200700013092,0,07,000,00,0,3,01,B02
200700013093,0,07,000,00,9,3,23,D04
200700013093,0,07,000,00,2,1,15,A01
200700013093,0,32,000,00,2,1,01,B02
200700013093,0,34,000,01,2,1,01,C03
200700013094,0,07,000,13,2,7,21,A01
200700013094,0,07,000,00,2,1,01,B02
200700013095,0,07,000,02,0,1,01,A01
200700013096,0,07,000,00,1,3,01,A01
200700013097,0,07,000,13,0,9,17,A01
200700013098,0,07,000,02,0,1,13,A01
200700013099,0,10,000,00,2,3,01,A01
200700013099,0,07,000,00,2,3,01,B02
200700013100,0,17,000,00,2,1,01,A01
200700013100,0,07,000,00,2,7,19,B02
200700013101,0,07,000,00,0,6,15,A01
200700013101,0,33,000,00,0,1,01,B02
200700013102,0,17,000,00,0,7,15,A01
200700013103,0,32,000,01,0,1,14,A01
200700013103,0,20,000,00,0,6,23,B02
200700013104,0,02,000,00,2,1,13,A01
200700013104,0,07,000,00,2,4,01,B02
200700013105,0,07,000,00,2,2,00,A01
200700013105,0,07,000,00,2,9,00,B02
200700013106,0,07,000,00,2,2,01,A01
200700013106,0,07,000,00,2,5,17,B02
200700013107,0,07,000,13,0,9,00,A01
200700013108,0,07,000,13,0,1,16,A01
200700013109,0,10,000,02,0,7,01,A01
200700013110,0,07,000,02,0,1,00,A01
200700013110,0,07,000,00,0,0,13,B02
200700013111,0,07,000,00,2,1,13,A01
200700013111,0,07,000,00,2,1,01,B02
200700013112,0,07,000,00,1,2,16,A01
200700013113,0,10,000,00,2,7,19,A01
200700013113,0,10,000,00,2,1,01,B02
200700013114,0,33,000,00,2,1,01,A01
200700013114,0,07,000,00,2,2,19,B02
200700013115,0,02,000,13,0,0,01,A01
200700013116,0,10,000,00,2,7,15,A01
200700013116,0,33,000,00,2,8,01,B02
200700013116,0,10,000,00,2,7,15,C03
200700013117,0,07,000,02,0,3,01,A01
200700013118,0,33,000,00,2,5,17,A01
200700013119,0,07,000,00,1,2,01,A01
200700013120,0,07,000,00,2,4,02,A01
200700013120,0,10,000,00,2,1,02,B02
200700013120,1,10,000,00,0,0,10,C03
200700013121,0,07,000,00,2,2,01,A01
200700013121,0,01,000,00,2,8,15,B02
200700013122,0,07,000,00,2,2,13,A01
200700013122,0,10,000,00,2,3,01,B02
200700013122,0,07,000,00,2,6,01,C03
200700013123,0,07,000,00,2,1,01,A01
200700013123,0,14,000,00,2,3,01,B02
200700013124,0,07,000,08,0,2,01,A01
200700013125,0,07,000,02,0,2,01,A01
200700013126,0,07,000,00,2,1,13,A01
200700013126,0,07,000,00,2,8,01,B02
200700013127,0,07,000,00,0,1,01,A01
200700013128,0,07,000,00,2,8,19,A01
200700013128,0,07,000,00,2,1,01,B02
200700013129,0,33,000,05,0,8,13,A01
200700013130,0,07,000,00,2,1,13,A01
200700013130,0,10,000,00,2,3,01,B02
200700013131,0,33,000,00,0,0,01,A01
200700013132,0,10,000,00,2,1,01,A01
200700013132,0,07,000,00,2,8,19,B02
200700013133,0,07,000,00,2,3,01,A01
200700013133,0,07,000,00,2,3,13,B02
200700013134,1,07,000,00,2,3,15,A01
200700013134,0,33,000,00,2,1,01,B02
200700013135,0,07,000,00,2,4,15,A01
200700013135,0,33,000,00,2,1,01,B02
200700013136,0,30,000,02,0,1,01,A01
200700013137,0,07,000,00,2,3,01,A01
200700013137,0,02,000,00,2,1,01,B02
200700013138,0,07,000,00,2,7,15,B02
200700013138,0,07,000,00,2,2,15,A01
200700013139,0,07,000,00,2,1,13,A01
200700013139,0,07,000,00,2,1,01,B02
200700013140,0,07,000,00,1,3,01,A01
200700013141,0,07,000,00,2,8,15,A01
200700013141,0,33,000,00,2,1,17,B02
200700013142,0,07,000,10,0,2,01,A01
200700013143,0,07,000,08,0,1,14,B02
200700013143,0,10,000,08,0,1,14,A01
200700013144,0,07,000,00,2,3,19,A01
200700013144,0,33,000,00,2,1,01,B02
200700013145,0,30,000,00,1,1,01,A01
200700013146,0,07,000,00,2,8,15,A01
200700013146,0,07,000,00,2,2,17,B02
200700013147,0,33,000,00,0,8,01,A01
200700013148,0,07,000,00,2,3,15,A01
200700013148,0,02,000,00,2,8,01,B02
200700013149,0,07,000,00,2,3,17,A01
200700013149,0,14,000,00,2,3,01,B02
200700013150,1,07,000,00,2,6,17,A01
200700013150,0,01,000,00,2,7,01,B02
200700013151,0,07,000,13,0,3,21,A01
200700013152,0,07,000,00,2,3,05,A01
200700013152,0,07,000,00,2,3,01,B02
200700013153,0,10,000,06,0,2,17,A01
200700013154,0,33,000,00,0,0,13,A01
200700013155,0,99,000,01,0,7,02,A01
200700013156,0,07,000,01,0,1,00,A01
200700013156,0,07,000,00,0,1,00,B02
200700013157,0,34,000,00,2,3,01,A01
200700013157,0,14,000,00,2,2,15,B02
200700013158,0,01,000,00,2,1,01,A01
200700013158,0,07,000,00,2,4,23,B02
200700013159,0,07,000,02,0,2,01,A01
200700013160,0,07,000,00,0,0,01,A01
200700013161,0,10,000,05,0,1,01,A01
200700013162,0,33,000,00,2,1,21,A01
200700013163,0,07,000,06,0,1,00,A01
200700013164,0,07,000,00,2,2,01,A01
200700013164,0,07,000,00,2,5,15,B02
200700013165,0,30,000,00,1,1,01,A01
200700013166,0,02,000,00,2,1,17,A01
200700013166,0,07,000,00,0,6,15,B02
200700013167,0,07,000,03,0,7,14,A01
200700013168,0,07,000,00,0,6,00,A01
200700013168,0,02,000,00,0,0,00,B02
200700013169,0,07,000,00,1,1,11,A01
200700013170,0,07,000,00,2,1,01,A01
200700013170,0,02,000,00,2,8,19,B02
200700013171,0,07,000,00,2,2,17,A01
200700013171,0,07,000,00,2,1,01,B02
200700013172,0,07,000,00,2,2,17,A01
200700013172,0,10,000,00,2,3,01,B02
200700013173,0,14,000,00,2,3,00,A01
200700013173,0,10,000,00,2,1,01,B02
200700013174,0,07,000,00,0,3,01,A01
200700013175,0,07,000,00,2,1,01,A01
200700013175,0,07,000,00,2,1,13,B02
200700013176,0,07,000,00,0,7,17,A01
200700013176,0,07,000,00,0,8,01,B02
200700013177,0,07,000,00,2,3,17,A01
200700013177,0,07,000,00,2,9,02,B02
200700013178,0,07,000,00,2,1,05,A01
200700013178,0,10,000,00,2,1,01,B02
200700013179,0,99,000,00,1,2,17,A01
200700013180,0,07,000,00,2,2,13,A01
200700013180,0,07,000,00,2,3,01,B02
200700013181,0,07,000,02,0,1,01,A01
200700013182,0,07,000,00,0,1,01,A01
200700013182,0,07,000,00,0,1,01,B02
200700013183,0,07,000,00,2,1,21,A01
200700013183,0,10,000,00,0,0,15,B02
200700013183,0,15,000,00,2,1,01,C03
200700013184,0,07,000,00,2,1,17,A01
200700013184,0,07,000,00,2,1,01,B02
200700013184,0,07,000,00,2,3,01,C03
200700013185,0,31,000,00,2,1,01,A01
200700013185,0,07,000,00,0,2,15,B02
200700013186,0,07,000,06,2,8,13,A01
200700013186,0,07,000,00,2,1,01,B02
200700013187,0,07,000,00,0,5,17,A01
200700013187,0,01,000,00,0,3,01,B02
200700013188,0,32,000,14,0,8,00,A01
200700013189,0,07,000,00,2,1,17,A01
200700013189,0,07,000,00,2,1,01,B02
200700013189,0,07,000,00,2,3,20,C03
200700013189,0,07,000,00,2,1,01,D04
200700013190,0,07,000,00,2,3,15,A01
200700013190,0,07,000,14,2,3,01,B02
200700013190,0,07,000,00,9,7,23,C03
200700013191,0,07,000,02,0,1,01,A01
200700013192,0,07,000,16,0,1,01,A01
200700013193,0,07,000,01,0,2,14,A01
200700013194,0,07,000,00,2,7,13,A01
200700013194,0,07,000,00,2,3,01,B02
200700013195,1,07,000,00,1,0,01,A01
200700013196,0,02,000,02,0,1,01,A01
200700013197,0,33,000,00,2,1,01,A01
200700013197,0,07,000,00,2,4,01,B02
200700013198,0,07,000,00,2,1,13,A01
200700013198,0,07,000,00,2,3,01,B02
200700013199,0,07,000,00,2,2,01,A01
200700013199,0,07,000,00,2,1,19,B02
200700013200,0,15,000,00,9,7,01,A01
200700013200,0,01,000,00,2,8,15,B02
200700013201,0,07,000,13,0,9,01,A01
200700013202,0,07,000,00,2,3,05,A01
200700013202,0,07,000,00,2,3,01,B02
200700013202,0,10,000,00,9,2,01,C03
200700013203,0,07,000,00,0,7,19,A01
200700013203,0,10,000,00,2,1,01,B02
200700013204,0,33,000,00,0,8,01,A01
200700013205,0,07,000,00,2,3,01,B02
200700013205,0,07,000,00,2,2,01,A01
200700013206,0,07,000,00,2,7,19,A01
200700013206,0,07,000,00,2,1,00,B02
200700013207,0,07,000,06,0,2,01,A01
200700013208,0,10,000,00,2,7,01,A01
200700013208,0,07,000,00,2,1,01,B02
200700013209,0,01,000,00,2,3,19,A01
200700013209,0,07,000,00,9,2,01,B02
200700013210,0,07,000,00,2,1,01,A01
200700013210,0,15,000,00,2,1,01,B02
200700013211,0,07,000,05,0,1,01,A01
200700013212,0,07,000,00,2,8,13,A01
200700013212,0,07,000,00,2,1,01,B02
200700013213,0,07,000,00,2,3,10,A01
200700013213,0,02,000,00,2,1,01,B02
200700013214,0,07,000,00,2,2,13,A01
200700013214,0,07,000,00,2,1,13,B02
200700013215,0,07,000,00,0,2,14,A01
200700013216,0,10,000,00,0,0,00,A01
200700013217,0,07,000,00,2,2,15,A01
200700013217,0,02,000,00,2,1,01,B02
200700013218,0,07,000,10,0,1,16,A01
200700013219,0,33,000,00,2,1,01,A01
200700013219,0,07,000,00,2,1,01,B02
200700013219,0,07,000,00,2,8,19,C03
200700013220,0,07,000,00,2,3,13,A01
200700013220,0,07,000,00,2,3,01,B02
200700013220,0,07,000,00,2,6,00,C03
200700013220,0,07,000,00,2,3,01,D04
200700013221,0,02,000,00,2,1,21,A01
200700013221,0,07,000,00,0,4,15,B02
200700013222,0,07,000,02,0,8,01,A01
200700013223,0,07,000,00,1,3,01,A01
200700013224,0,07,000,00,2,8,10,A01
200700013224,0,07,000,00,2,1,21,B02
200700013225,0,01,000,00,2,7,00,A01
200700013225,0,07,000,00,2,1,19,B02
200700013226,0,07,000,00,2,1,01,A01
200700013226,0,07,000,00,2,7,13,B02
200700013227,0,33,000,08,0,4,01,A01
200700013228,0,07,000,02,0,8,01,A01
200700013229,0,02,000,00,0,0,01,A01
200700013230,0,07,000,00,0,2,02,A01
200700013230,0,07,000,00,0,6,02,B02
200700013231,0,33,000,00,2,1,01,A01
200700013231,0,07,000,00,2,1,15,B02
200700013232,0,33,000,00,2,1,13,A01
200700013232,0,07,000,00,2,3,01,B02
200700013233,0,07,000,02,0,1,00,A01
200700013234,0,07,000,00,9,2,15,A01
200700013234,0,01,000,00,2,1,01,B02
200700013235,0,14,000,00,2,8,01,A01
200700013235,0,07,000,00,2,1,01,B02
200700013236,0,17,000,00,2,3,01,A01
200700013236,0,14,000,00,2,6,01,B02
200700013236,0,07,000,00,2,2,06,C03
200700013237,0,07,000,00,9,3,09,A01
200700013237,0,99,000,00,2,1,01,B02
200700013238,0,07,000,00,2,7,01,A01
200700013238,0,07,000,00,0,1,01,B02
200700013239,0,07,000,00,2,1,01,A01
200700013239,0,17,000,00,2,7,04,B02
200700013240,0,33,000,16,0,8,01,A01
200700013241,0,07,000,02,0,1,00,A01
200700013242,0,07,000,00,2,2,17,A01
200700013242,0,02,000,00,2,5,15,B02
200700013243,0,33,000,00,2,1,13,A01
200700013243,0,33,000,00,2,1,14,B02
200700013243,0,07,000,00,2,6,01,C03
200700013243,0,07,000,00,2,2,01,D04
200700013244,0,07,000,00,0,7,17,A01
200700013244,0,07,000,00,2,1,00,B02
200700013245,0,07,000,00,2,2,10,A01
200700013245,0,07,000,14,0,1,01,B02
200700013246,0,07,000,02,0,1,01,A01
200700013247,0,07,000,00,2,3,02,A01
200700013247,0,01,000,00,2,4,02,B02
200700013248,0,07,000,13,6,9,13,A01
200700013249,0,07,000,00,2,1,21,A01
200700013249,0,07,000,00,2,1,01,B02
200700013250,0,07,000,00,2,3,02,A01
200700013250,0,02,000,00,2,4,11,B02
200700013251,0,07,000,00,0,3,01,A01
200700013252,0,07,000,00,2,2,13,A01
200700013252,0,07,000,00,2,1,01,B02
200700013253,0,07,000,08,0,7,01,A01
200700013254,0,07,000,00,0,9,01,A01
200700013255,0,07,000,00,2,3,13,A01
200700013255,0,07,000,00,2,3,00,B02
200700013256,0,10,000,00,2,1,01,A01
200700013256,0,07,000,00,2,1,01,B02
200700013257,0,07,000,00,2,1,13,A01
200700013257,0,07,000,00,2,1,01,B02
200700013258,0,07,000,00,2,7,15,A01
200700013258,0,33,000,00,2,1,01,B02
200700013259,0,17,000,16,2,3,01,A01
200700013259,0,07,000,00,2,3,13,B02
200700013260,0,07,000,00,1,7,01,A01
200700013261,0,07,000,00,2,1,05,A01
200700013261,0,07,000,00,2,1,01,B02
200700013261,0,07,000,00,2,3,01,C03
200700013262,0,07,000,00,2,7,20,A01
200700013262,0,02,000,00,2,8,18,B02
200700013263,0,17,000,02,0,1,01,A01
200700013264,0,07,000,00,0,1,01,A01
200700013264,0,07,000,14,1,3,01,B02
200700013264,0,07,000,00,2,6,19,C03
200700013265,0,07,000,13,0,1,01,A01
200700013266,0,07,000,00,9,8,01,A01
200700013266,0,39,000,00,2,1,01,B02
200700013267,0,07,000,00,0,7,15,A01
200700013267,0,07,000,00,0,1,01,B02
200700013268,0,33,000,00,2,1,17,A01
200700013268,0,07,000,00,0,3,15,B02
200700013269,0,07,000,13,0,1,01,A01
200700013270,0,10,000,00,2,1,13,A01
200700013270,0,07,000,00,2,8,15,B02
200700013271,0,02,000,00,2,1,01,A01
200700013271,0,07,000,00,2,3,19,B02