Num_Acc,senc,catv,occutc,obs,obsm,choc,manv,num_veh
200700013272,0,07,000,10,0,3,01,A01
200700013273,0,99,000,00,2,0,00,A01
200700013273,0,07,000,00,2,7,00,B02
200700013274,0,07,000,13,0,9,01,A01
200700013275,0,07,000,00,2,1,00,A01
200700013275,0,07,000,00,1,7,01,B02
200700013275,0,01,000,00,2,1,00,C03
200700013276,0,07,000,13,0,2,01,A01
200700013277,0,07,000,08,0,1,01,A01
200700013278,0,02,000,00,0,0,01,A01
200700013279,0,33,000,00,2,1,02,A01
200700013279,0,30,000,00,2,4,02,B02
200700013280,0,07,000,00,9,8,02,A01
200700013280,0,07,000,00,0,3,00,B02
200700013281,0,07,000,00,2,4,10,A01
200700013281,0,10,000,00,2,1,01,B02
200700013282,0,07,000,14,0,9,01,A01
200700013283,0,07,000,00,2,1,01,A01
200700013283,0,07,000,00,2,3,19,B02
200700013284,0,10,000,00,2,7,02,A01
200700013284,0,30,000,00,2,3,02,B02
200700013285,0,07,000,08,0,2,01,A01
200700013286,0,07,000,06,0,1,01,A01
200700013287,0,14,000,00,2,3,09,A01
200700013287,0,02,000,00,2,7,01,B02
200700013288,0,07,000,00,0,4,04,A01
200700013289,0,10,000,03,0,1,01,A01
200700013290,0,07,000,00,2,1,01,A01
200700013290,0,07,000,00,0,6,15,B02
200700013291,0,07,000,00,0,1,01,A01
200700013291,0,02,000,00,0,2,15,B02
200700013292,0,07,000,00,2,3,01,A01
200700013292,0,31,000,00,0,4,15,B02
200700013293,0,07,000,00,1,1,16,A01
200700013294,0,07,000,00,1,2,01,A01
200700013295,0,10,000,00,2,7,13,A01
200700013295,0,33,000,00,2,1,01,B02
200700013296,0,10,000,13,0,1,01,A01
200700013297,0,07,000,00,2,2,13,A01
200700013297,0,10,000,00,2,3,01,B02
200700013297,0,07,000,00,2,8,01,C03
200700013297,0,07,000,00,2,3,01,D04
200700013298,0,07,000,00,1,2,15,A01
200700013299,0,13,000,00,2,1,01,A01
200700013299,0,07,000,00,2,8,19,B02
200700013300,0,10,000,00,2,3,15,A01
200700013300,0,31,000,00,2,1,01,B02
200700013301,0,07,000,00,2,8,01,A01
200700013301,0,31,000,00,2,2,00,B02
200700013302,0,07,000,00,2,5,15,A01
200700013302,0,33,000,00,2,1,01,B02
200700013303,0,07,000,00,2,3,01,A01
200700013303,0,07,000,00,2,1,01,B02
200700013304,0,14,000,13,0,2,01,A01
200700013305,0,07,000,03,0,8,12,A01
200700013306,0,10,000,13,0,3,01,A01
200700013307,0,38,000,00,0,6,01,A01
200700013307,0,07,000,00,2,1,01,B02
200700013308,0,10,000,00,2,3,13,A01
200700013308,0,15,000,00,2,8,01,B02
200700013308,0,10,000,00,2,3,01,C03
200700013309,0,07,000,00,2,3,13,A01
200700013309,0,07,000,00,2,3,01,B02
200700013309,0,07,000,00,2,2,01,C03
200700013310,0,07,000,00,2,3,09,A01
200700013310,0,07,000,00,2,2,01,B02
200700013311,0,07,000,13,0,3,21,A01
200700013312,0,07,000,00,0,7,20,A01
200700013312,0,33,000,00,2,1,01,B02
200700013313,0,31,000,03,0,7,01,A01
200700013314,0,10,000,00,2,1,13,A01
200700013314,0,07,000,00,2,1,01,B02
200700013315,0,07,000,00,2,1,13,A01
200700013315,0,07,000,00,2,1,01,B02
200700013316,0,07,000,03,0,2,01,A01
200700013317,0,17,000,04,0,8,16,A01
200700013318,0,07,000,00,0,1,02,A01
200700013318,0,07,000,00,0,4,02,B02
200700013318,0,07,000,00,0,1,02,C03
200700013318,0,07,000,00,0,4,02,D04
200700013318,0,07,000,00,0,0,02,E05
200700013319,0,07,000,00,2,4,23,A01
200700013319,0,07,000,00,2,1,00,B02
200700013320,0,15,000,00,2,3,01,A01
200700013320,0,07,000,03,2,0,17,B02
200700013321,0,10,000,04,0,3,01,A01
200700013322,0,07,000,13,0,0,14,A01
200700013323,0,17,000,00,2,1,02,A01
200700013323,0,17,000,00,0,4,01,B02
200700013323,0,10,000,00,2,1,02,C03
200700013323,0,17,000,14,0,2,01,D04
200700013323,0,07,000,00,2,8,02,E05
200700013323,0,07,000,14,0,8,01,F06
200700013323,0,17,000,00,0,4,01,G07
200700013323,0,17,000,00,0,4,01,H08
200700013323,0,07,000,14,0,7,01,I09
200700013324,0,07,000,03,2,7,01,A01
200700013324,0,07,000,00,2,8,01,B02
200700013325,0,07,000,00,2,2,01,A01
200700013325,0,07,000,00,2,6,15,B02
200700013326,0,07,000,00,2,2,01,A01
200700013326,0,07,000,00,2,1,01,B02
200700013327,0,07,000,00,0,4,12,A01
200700013327,0,17,000,00,2,1,01,B02
200700013328,0,17,000,00,2,2,02,A01
200700013328,0,10,000,00,0,6,02,B02
200700013329,0,07,000,00,2,1,01,A01
200700013329,0,99,000,00,2,1,01,B02
200700013330,0,01,000,00,2,1,19,A01
200700013330,0,07,000,00,9,3,15,B02
200700013331,0,33,000,01,0,2,01,A01
200700013331,0,07,000,00,0,3,24,B02
200700013332,0,07,000,00,1,2,17,A01
200700013333,0,07,000,00,0,8,15,A01
200700013333,0,02,000,00,2,1,01,B02
200700013334,0,33,000,00,0,7,01,A01
200700013335,0,07,000,13,0,1,13,A01
200700013336,0,07,000,00,0,1,01,A01
200700013337,0,07,000,03,0,1,00,A01
200700013338,0,07,000,04,2,9,17,A01
200700013338,0,17,000,00,0,0,00,B02
200700013339,0,07,000,13,0,1,00,A01
200700013340,0,07,000,08,0,1,01,A01
200700013341,0,07,000,00,2,3,06,A01
200700013341,0,33,000,00,2,1,01,B02
200700013342,0,07,000,02,0,1,01,A01
200700013343,0,07,000,00,2,9,14,A01
200700013343,0,17,000,00,0,3,21,B02
200700013344,0,07,000,03,0,3,13,A01
200700013345,0,07,000,00,0,1,01,A01
200700013346,0,07,000,00,0,6,02,A01
200700013346,0,07,000,00,0,2,02,B02
200700013347,0,07,000,11,0,2,12,A01
200700013348,0,07,000,04,0,3,00,A01
200700013349,0,07,000,00,2,3,01,A01
200700013349,0,07,000,00,2,3,19,B02
200700013350,0,07,000,00,2,3,19,A01
200700013350,0,07,000,00,2,2,01,B02
200700013351,0,10,000,00,1,3,02,A01
200700013352,0,07,000,00,2,1,01,A01
200700013352,0,07,000,00,0,4,01,B02
200700013353,0,07,000,04,0,5,02,A01
200700013354,0,07,000,00,1,2,01,A01
200700013355,0,17,000,03,0,1,13,A01
200700013355,0,17,000,00,2,1,03,B02
200700013356,0,07,000,13,0,2,01,A01
200700013357,0,17,000,04,0,8,00,A01
200700013358,0,07,000,00,1,2,17,A01
200700013359,0,07,000,00,2,2,09,A01
200700013359,0,02,000,00,2,2,17,B02
200700013360,0,07,000,03,0,2,14,A01
200700013361,0,33,000,03,0,7,17,A01
200700013362,0,17,000,02,2,1,21,A01
200700013362,0,10,000,00,2,3,01,B02
200700013363,0,17,000,01,0,1,12,A01
200700013363,0,07,000,00,0,4,23,C03
200700013363,0,10,000,00,0,4,23,D04
200700013363,0,07,000,00,0,4,23,E05
200700013363,0,07,000,00,0,4,23,F06
200700013363,0,07,000,00,0,4,23,G07
200700013363,0,10,000,00,0,4,23,H08
200700013363,0,07,000,00,0,4,23,I09
200700013363,0,07,000,00,0,4,23,J10
200700013363,0,07,000,00,0,4,23,K11
200700013363,0,07,000,00,0,4,23,L12
200700013363,0,07,000,00,0,4,23,M13
200700013363,0,10,000,00,0,4,23,N14
200700013363,0,07,000,00,0,4,23,O15
200700013363,0,07,000,00,0,4,23,P16
200700013363,0,10,000,00,0,4,23,Q17
200700013363,0,07,000,00,0,4,23,R18
200700013363,0,07,000,00,0,4,23,S19
200700013364,0,14,000,00,0,3,22,A01
200700013364,0,01,000,01,0,3,02,B02
200700013365,0,07,000,00,2,2,17,A01
200700013365,0,15,000,00,2,6,01,B02
200700013366,0,14,000,00,2,1,02,A01
200700013366,0,17,000,00,0,4,02,B02
200700013366,0,17,000,00,2,4,02,C03
200700013366,0,07,000,00,2,1,02,D04
200700013367,0,07,000,00,2,1,02,A01
200700013367,0,07,000,00,0,4,02,B02
200700013368,0,07,000,00,2,2,14,A01
200700013368,0,17,000,00,0,6,01,B02
200700013369,0,07,000,14,0,6,21,A01
200700013369,0,07,000,14,0,2,02,B02
200700013370,0,07,000,00,2,3,13,A01
200700013370,0,07,000,00,2,3,01,B02
200700013371,0,07,000,00,2,8,15,A01
200700013371,0,33,000,00,2,1,01,B02
200700013372,0,07,000,00,2,1,05,A01
200700013372,0,07,000,00,0,2,00,B02
200700013373,0,02,000,01,0,2,01,A01
200700013373,1,07,000,00,0,6,00,B02
200700013374,0,30,000,03,0,0,00,A01
200700013375,0,07,000,03,2,4,01,A01
200700013375,0,07,000,03,2,1,00,B02
200700013376,0,07,000,00,0,1,02,A01
200700013376,0,07,000,00,0,4,23,B02
200700013376,0,07,000,00,0,0,23,C03
200700013377,0,17,000,00,0,7,01,A01
200700013378,0,07,000,13,0,0,00,A01
200700013379,0,07,000,00,2,1,02,A01
200700013379,0,14,000,00,0,4,02,B02
200700013380,0,33,000,03,0,0,16,A01
200700013381,0,14,000,00,2,1,01,A01
200700013381,0,07,000,00,0,4,01,B02
200700013382,0,07,000,00,2,2,09,A01
200700013382,0,33,000,00,2,6,09,B02
200700013383,0,07,000,00,1,8,01,A01
200700013384,0,07,000,00,1,2,02,A01
200700013385,0,07,000,00,2,1,01,A01
200700013385,0,07,000,15,0,4,01,B02
200700013386,0,33,000,00,2,1,01,A01
200700013386,0,07,000,00,2,8,01,B02
200700013387,0,07,000,00,2,1,02,A01
200700013387,0,07,000,00,2,4,23,B02
200700013387,0,07,000,00,2,4,01,C03
200700013387,0,07,000,00,0,4,01,D04
200700013388,0,07,000,03,0,2,01,A01
200700013389,0,14,000,08,0,3,01,A01
200700013390,0,07,000,00,1,2,01,A01
200700013391,0,07,000,00,9,2,01,A01
200700013391,0,01,000,00,2,1,16,B02
200700013392,0,33,000,00,0,0,01,A01
200700013393,0,14,000,00,2,1,09,A01
200700013393,0,07,000,00,2,7,01,B02
200700013394,0,33,000,00,0,2,01,A01
200700013395,0,07,000,04,0,1,00,A01
200700013396,0,07,000,13,0,1,01,A01
200700013397,0,15,000,03,0,7,15,A01
200700013398,0,07,000,13,0,1,01,A01
200700013399,0,01,000,00,2,0,01,A01
200700013399,0,01,000,00,2,0,01,B02
200700013400,0,07,000,00,0,9,01,A01
200700013401,0,33,000,03,0,0,15,A01
200700013402,0,07,000,00,2,1,01,A01
200700013402,0,34,000,00,2,8,01,B02
200700013403,0,07,000,00,2,1,01,A01
200700013403,0,07,000,00,0,1,19,B02
200700013404,0,07,000,00,2,8,15,A01
200700013404,0,07,000,00,2,2,17,B02
200700013405,0,07,000,00,2,1,01,A01
200700013405,0,07,000,00,2,1,05,B02
200700013406,0,07,000,04,0,1,01,A01
200700013407,0,07,000,00,2,2,15,A01
200700013407,0,07,000,00,2,1,01,B02
200700013408,0,07,000,00,2,3,01,A01
200700013408,0,38,000,00,2,3,01,B02
200700013409,0,07,000,00,2,1,01,A01
200700013409,0,35,000,00,2,1,17,B02
200700013410,0,07,000,00,2,1,02,A01
200700013410,0,02,000,00,0,4,02,B02
200700013411,0,14,000,03,0,1,01,A01
200700013412,0,20,000,00,2,3,15,A01
200700013412,0,31,000,00,2,8,01,B02
200700013413,0,07,000,00,2,1,01,A01
200700013413,0,07,000,00,2,3,09,B02
200700013414,0,17,000,03,0,3,01,A01
200700013415,0,07,000,00,1,3,15,A01
200700013416,0,10,000,08,0,1,01,A01
200700013417,0,07,000,00,2,2,02,A01
200700013417,0,07,000,00,2,6,11,B02
200700013418,0,07,000,13,0,1,01,A01
200700013419,0,10,000,00,2,2,17,A01
200700013419,0,15,000,00,0,6,01,B02
200700013420,0,10,000,03,2,0,17,A01
200700013420,0,07,000,00,0,0,01,B02
200700013420,0,07,000,00,2,0,17,C03
200700013421,0,07,000,13,0,6,17,A01
200700013422,0,07,000,00,1,1,01,A01
200700013423,0,07,000,13,0,9,16,A01
200700013424,0,07,000,02,0,0,01,A01
200700013425,0,07,000,00,2,3,01,A01
200700013425,0,32,000,00,2,7,15,B02
200700013426,0,07,000,03,0,9,01,A01
200700013427,0,30,000,00,2,1,13,A01
200700013427,0,07,000,00,2,1,01,B02
200700013428,0,07,000,03,6,0,01,A01
200700013429,0,07,000,00,9,2,01,A01
200700013429,0,01,000,00,2,7,19,B02
200700013430,0,07,000,00,2,3,10,A01
200700013430,0,07,000,00,2,1,01,B02
200700013431,0,33,000,00,9,1,01,A01
200700013431,0,01,000,00,0,1,13,B02
200700013432,0,07,000,00,1,3,01,A01
200700013433,0,07,000,13,0,3,01,A01
200700013434,0,33,000,05,0,7,01,A01
200700013435,0,07,000,00,0,9,13,A01
200700013436,0,31,000,00,2,1,01,A01
200700013436,0,07,000,00,2,8,15,B02
200700013437,0,07,000,00,0,0,00,A01
200700013437,0,33,000,00,2,1,01,B02
200700013438,0,07,000,00,2,1,02,A01
200700013438,0,07,000,00,2,4,02,B02
200700013438,0,07,000,00,2,3,02,C03
200700013438,0,07,000,00,0,5,23,D04
200700013438,0,07,000,00,0,5,02,E05
200700013439,0,07,000,03,0,9,01,A01
200700013440,0,33,000,00,0,8,17,A01
200700013441,0,07,000,13,0,2,01,A01
200700013442,0,07,000,00,2,2,10,A01
200700013442,0,07,000,03,2,2,05,B02
200700013443,0,17,000,13,0,3,01,A01
200700013444,0,07,000,00,9,3,21,A01
200700013444,0,07,000,00,0,4,21,B02
200700013444,0,07,000,00,2,1,01,C03
200700013445,0,07,000,00,2,1,17,A01
200700013445,0,17,000,00,2,4,01,B02
200700013446,0,14,000,03,2,1,02,A01
200700013446,0,10,000,00,2,1,02,B02
200700013447,0,07,000,13,0,2,01,A01
200700013448,0,07,000,00,2,4,01,A01
200700013448,0,14,000,00,2,4,02,B02
200700013449,0,07,000,13,0,9,01,A01
200700013450,0,07,000,03,0,2,01,A01
200700013451,0,07,000,04,0,1,17,A01
200700013452,0,07,000,02,0,3,01,A01
200700013453,0,13,000,00,2,0,01,A01
200700013454,0,07,000,00,2,2,15,A01
200700013454,0,33,000,09,2,1,01,B02
200700013455,0,07,000,00,2,1,01,A01
200700013455,0,07,000,00,2,8,09,B02
200700013456,0,10,000,00,1,2,02,A01
200700013457,0,07,000,04,0,0,01,A01
200700013458,0,10,000,00,2,2,02,A01
200700013458,0,15,000,00,2,6,00,B02
200700013459,0,07,000,00,0,0,01,A01
200700013460,0,07,000,00,0,9,01,A01
200700013461,0,10,000,13,0,1,01,A01
200700013462,0,07,000,01,0,1,01,A01
200700013462,0,10,000,13,0,4,00,B02
200700013463,0,07,000,06,0,1,00,A01
200700013464,0,07,000,13,0,2,01,A01
200700013465,0,37,000,00,2,2,21,A01
200700013465,0,07,000,00,2,1,05,B02
200700013466,0,17,000,03,0,1,21,A01
200700013467,0,07,000,03,0,8,01,A01
200700013468,0,33,000,14,0,3,09,A01
200700013468,0,07,000,00,2,1,01,B02
200700013468,0,07,000,00,2,1,02,C03
200700013469,0,07,000,00,2,1,15,A01
200700013469,0,01,000,00,2,1,01,B02
200700013470,0,33,000,03,0,1,01,A01
200700013471,0,10,000,00,2,3,13,A01
200700013471,0,07,000,00,2,1,01,B02
200700013471,0,07,000,00,2,1,02,C03
200700013472,0,07,000,03,2,2,01,A01
200700013472,0,07,000,03,2,6,01,B02
200700013472,0,07,000,04,2,1,01,C03
200700013472,0,07,000,03,2,6,01,D04
200700013472,0,07,000,04,2,1,01,E05
200700013472,0,07,000,00,2,1,01,F06
200700013472,0,07,000,03,2,2,01,G07
200700013472,0,07,000,00,2,1,01,H08
200700013472,0,07,000,00,2,4,01,I09
200700013472,0,07,000,00,2,1,01,J10
200700013472,0,07,000,00,2,1,01,K11
200700013472,0,07,000,00,9,3,01,L12
200700013472,0,07,000,00,2,1,01,M13
200700013472,0,10,000,00,2,5,01,N14
200700013472,0,15,000,00,2,3,01,O15
200700013472,0,17,000,00,2,1,01,Q17
200700013472,0,10,000,00,2,8,01,R18
200700013472,0,07,000,00,2,2,01,S19
200700013472,0,14,000,00,2,1,01,T20
200700013472,0,07,000,00,0,0,01,U21
200700013473,0,07,000,00,2,2,02,A01
200700013473,0,07,000,00,0,6,02,B02
200700013474,0,14,000,00,2,3,02,A01
200700013474,0,07,000,00,2,5,02,B02
200700013475,0,07,000,00,2,3,18,A01
200700013475,0,07,000,00,0,2,16,B02
200700013476,0,07,000,00,2,5,01,A01
200700013476,0,07,000,00,2,1,00,B02
200700013477,0,07,000,00,2,1,01,A01
200700013477,0,07,000,00,2,0,15,B02
200700013477,0,07,000,00,2,1,01,C03
200700013478,0,07,000,16,0,0,14,A01
200700013479,0,07,000,02,0,2,00,A01
200700013480,0,33,000,00,2,1,01,A01
200700013480,0,07,000,00,2,3,19,B02
200700013481,0,33,000,16,0,0,01,A01
200700013482,0,07,000,02,0,1,00,A01
200700013483,0,07,000,08,0,1,01,A01
200700013484,0,13,000,00,2,3,15,A01
200700013484,0,33,000,00,2,1,21,B02
200700013485,0,07,000,00,0,6,23,A01
200700013485,0,10,000,01,2,2,02,B02
200700013485,0,02,000,01,2,1,02,C03
200700013486,0,07,000,00,2,3,16,A01
200700013486,0,01,000,00,2,1,01,B02
200700013487,0,07,000,02,0,3,01,A01
200700013488,0,07,000,02,0,7,01,A01
200700013489,0,07,000,00,0,4,00,A01
200700013489,0,07,000,00,2,1,02,B02
200700013490,0,07,000,00,2,2,01,A01
200700013490,0,30,000,00,2,8,15,B02
200700013491,0,07,000,13,0,1,00,A01
200700013492,0,07,000,16,0,2,01,A01
200700013493,0,07,000,00,0,1,01,A01
200700013494,0,07,000,00,2,6,01,A01
200700013494,0,30,000,00,2,1,01,B02
200700013495,0,33,000,00,2,7,14,A01
200700013495,0,07,000,00,2,8,17,B02
200700013496,0,02,000,00,0,1,13,A01
200700013496,0,21,000,00,0,8,01,B02
200700013497,0,02,000,00,2,1,01,A01
200700013497,0,07,000,00,9,7,01,B02
200700013498,0,07,000,00,1,2,01,A01
200700013499,0,07,000,00,9,0,02,A01
200700013499,0,07,000,14,0,4,02,B02
200700013499,0,07,000,03,0,1,02,C03
200700013499,0,07,000,00,2,1,02,D04
200700013500,0,07,000,00,2,2,02,A01
200700013500,0,30,000,03,0,4,01,B02
200700013500,0,07,000,14,0,2,02,C03
200700013500,0,07,000,14,0,1,11,D04
200700013500,0,07,000,00,9,1,21,E05
200700013501,0,07,000,00,2,5,17,A01
200700013501,0,07,000,00,2,1,01,B02
200700013502,0,07,000,00,0,0,01,A01
200700013503,0,07,000,00,0,0,00,A01
200700013503,0,07,000,00,0,6,09,B02
200700013504,0,38,000,00,2,1,01,A01
200700013504,0,07,000,00,0,4,23,B02
200700013505,0,07,000,00,0,6,01,A01
200700013505,0,01,000,00,2,1,19,B02
200700013506,0,30,000,00,5,0,14,A01
200700013507,1,07,000,00,0,0,01,A01
200700013507,0,01,000,00,0,4,02,B02
200700013508,0,33,000,12,0,8,17,A01
200700013508,0,07,000,12,0,6,15,B02
200700013509,0,07,000,04,0,3,13,A01
200700013510,0,31,000,00,0,7,17,A01
200700013510,0,30,000,00,0,8,01,B02
200700013511,0,14,000,00,1,7,01,A01
200700013512,0,07,000,00,2,3,06,A01
200700013512,0,07,000,00,2,3,01,B02
200700013512,0,07,000,00,2,3,01,C03
200700013512,0,07,000,14,0,1,01,D04
200700013513,0,07,000,00,2,1,01,B01
200700013513,0,10,000,00,2,2,19,A01
200700013514,0,07,000,00,1,1,01,A01
200700013515,0,07,000,00,1,1,15,A01
200700013516,0,07,000,11,0,2,21,A01
200700013517,0,07,000,00,2,1,13,A01
200700013517,0,07,000,00,2,3,01,B01
200700013518,0,07,000,00,2,5,19,A01
200700013518,0,33,000,00,2,1,00,B01
200700013519,0,07,000,00,0,4,02,A01
200700013519,0,02,000,00,2,1,02,B01
200700013519,0,02,000,00,2,3,02,C01
200700013519,0,02,000,00,2,2,02,D01
200700013520,0,07,000,08,0,1,01,A01
200700013521,0,07,000,00,1,4,04,A01
200700013522,0,07,000,00,2,3,15,A01
200700013522,0,30,000,00,2,1,01,B01
200700013523,0,14,000,00,2,7,17,A01
200700013523,0,01,000,00,2,3,01,B01
200700013524,0,02,000,08,0,1,13,A01
200700013525,0,07,000,00,2,8,22,A01
200700013525,0,30,000,01,0,2,01,B01
200700013526,0,07,000,00,2,1,01,A01
200700013526,0,03,000,00,2,4,01,B01
200700013526,0,07,000,00,2,4,01,C01
200700013527,0,02,000,00,2,1,17,B01
200700013527,0,07,000,00,2,3,09,A01
200700013528,0,99,000,08,0,1,01,A01
200700013528,0,33,000,00,0,8,01,B01
200700013529,0,07,000,00,9,1,01,B01
200700013529,0,02,000,01,2,1,17,A01
200700013530,0,07,000,00,9,5,01,B01
200700013530,0,33,000,00,2,1,01,A01
200700013531,0,02,000,00,0,6,15,A01
200700013531,0,02,000,14,9,1,02,B01
200700013532,0,07,000,00,2,1,01,B01
200700013532,0,07,000,00,2,7,19,A01
200700013533,0,30,000,01,0,1,02,A01
200700013534,0,02,000,00,2,0,01,B01
200700013534,1,07,000,00,9,0,01,A01
200700013535,0,07,000,06,0,9,00,A01
200700013536,0,02,000,00,2,1,01,A01
200700013536,0,07,000,00,9,3,01,B01
200700013537,0,07,000,00,2,1,06,A01
200700013537,0,07,000,00,2,1,01,C01
200700013537,0,07,000,00,2,1,01,B01
200700013538,0,07,000,07,0,3,14,A01
200700013539,0,02,000,00,2,1,17,A01
200700013539,0,07,000,00,2,1,01,B01
200700013540,0,02,000,00,2,1,02,A01
200700013540,0,07,000,00,0,4,01,B01
200700013541,0,16,000,00,1,4,04,A01
200700013542,0,07,000,08,0,1,14,A01
200700013543,0,07,000,00,1,1,01,A01
200700013544,1,07,000,00,0,0,13,A01
200700013544,0,33,000,06,0,1,14,B01
200700013545,0,07,000,08,0,1,17,A01
200700013546,0,07,000,00,2,3,15,A01
200700013546,0,33,000,00,2,2,17,B01
200700013547,0,07,000,00,2,5,09,A01
200700013547,0,02,000,00,2,1,01,B01
200700013548,0,33,000,00,2,1,17,B01
200700013548,0,07,000,00,2,3,11,A01
200700013549,0,07,000,00,1,4,20,A01
200700013550,0,07,000,08,0,1,01,A01
200700013551,0,17,000,03,0,0,01,A01
200700013552,0,07,000,06,0,8,01,A01
200700013553,0,10,000,00,2,3,01,A01
200700013553,0,07,000,00,0,0,01,C01
200700013553,0,02,000,00,0,3,13,B01
200700013554,0,07,000,00,2,1,01,A01
200700013554,0,07,000,00,2,1,01,B01
200700013555,0,33,000,00,2,1,00,A01
200700013555,0,07,000,00,0,2,10,B01
200700013556,1,07,000,00,1,8,01,A01
200700013557,0,30,000,00,2,1,01,B01
200700013557,0,07,000,00,2,3,09,A01
200700013558,0,10,000,14,0,1,02,A01
200700013558,0,07,000,00,2,4,02,B01
200700013558,0,07,000,00,0,4,02,C01
200700013558,1,07,000,00,2,0,00,D01
200700013559,0,07,000,00,2,3,01,B01
200700013559,0,07,000,00,2,1,16,A01
200700013560,0,02,000,00,1,1,01,A01
200700013561,0,07,000,00,2,2,15,A01
200700013561,0,31,000,00,2,8,00,B01
200700013562,0,07,000,00,1,2,01,A01
200700013563,0,07,000,00,2,3,03,A01
200700013563,0,30,000,00,2,1,01,B01
200700013564,0,07,000,00,2,2,01,A01
200700013564,0,07,000,00,2,8,15,B01
200700013565,1,07,000,00,1,1,01,A01
200700013566,0,30,000,00,2,6,02,A01
200700013566,0,07,000,00,0,6,00,B01
200700013567,0,07,000,00,1,1,01,A01
200700013568,0,30,000,00,2,1,01,B01
200700013568,1,07,000,00,2,0,01,A01
200700013569,0,07,000,00,2,1,00,C01
200700013569,0,07,000,00,2,3,02,A01
200700013569,0,07,000,00,2,4,15,B01
200700013570,0,33,000,00,0,0,00,A01
200700013570,0,07,000,00,0,0,00,B01
200700013571,0,07,000,00,2,1,16,A01
200700013571,0,03,000,00,2,4,16,B01
200700013572,0,07,000,00,2,3,01,B01
200700013572,0,30,000,00,2,2,15,A01
200700013573,0,07,000,00,2,3,15,A01
200700013573,0,02,000,00,2,1,01,B01
200700013574,0,32,000,00,2,2,17,A01
200700013574,0,07,000,00,2,3,09,B01
200700013575,0,07,000,00,2,3,15,A01
200700013575,0,07,000,00,2,3,02,B01
200700013576,0,07,000,00,2,1,01,A01
200700013576,0,07,000,00,2,4,01,B01
200700013576,0,07,000,00,2,4,01,C01
200700013577,0,07,000,00,1,1,01,A01
200700013578,0,07,000,00,2,1,02,A01
200700013578,0,07,000,00,2,4,02,B01
200700013578,0,07,000,00,2,4,02,C01
200700013579,0,10,000,00,2,1,15,A01
200700013579,0,03,000,00,2,3,23,B01
200700013580,0,02,000,00,1,1,01,A01
200700013581,0,07,000,00,2,1,05,A01
200700013581,0,32,000,00,2,1,02,B01
200700013582,0,07,000,00,2,8,19,A01
200700013582,0,02,000,00,2,1,02,B01
200700013583,0,07,000,00,2,1,17,A01
200700013583,0,01,000,00,2,4,02,B01
200700013584,0,33,000,00,2,1,18,A01
200700013584,0,10,000,00,2,7,16,B01
200700013585,0,07,000,01,2,6,15,A01
200700013585,0,33,000,00,2,1,01,B01
200700013586,0,31,000,00,2,1,01,A01
200700013586,0,10,000,00,2,3,15,B01
200700013587,0,32,000,00,2,1,02,A01
200700013587,0,07,000,00,2,4,00,B01
200700013588,0,07,000,00,2,4,02,B01
200700013588,0,33,000,00,2,1,02,A01
200700013589,0,02,000,00,2,1,01,B01
200700013589,0,07,000,00,2,1,19,A01
200700013590,0,02,000,00,2,0,01,B01
200700013590,0,07,000,00,2,3,10,A01
200700013591,0,07,000,00,0,0,17,A01
200700013591,0,32,000,00,0,0,17,B01
200700013592,0,07,000,00,2,2,15,A01
200700013592,0,07,000,00,2,1,01,B01
200700013593,0,07,000,00,2,7,17,A01
200700013593,0,07,000,00,2,3,01,B01
200700013594,0,07,000,00,2,3,15,A01
200700013594,0,07,000,00,2,1,01,B01
200700013595,0,32,000,00,2,3,19,B01
200700013595,0,02,000,00,2,8,19,A01
200700013596,0,30,000,00,2,2,17,A01
200700013596,0,07,000,00,2,3,15,B01
200700013597,0,30,000,00,1,1,17,A01
200700013598,0,07,000,00,2,2,01,A01
200700013598,0,02,000,00,2,3,01,B01
200700013599,0,07,000,00,1,5,04,A01
200700013600,0,02,000,00,1,1,05,A01
200700013601,0,30,000,01,2,2,01,A01
200700013601,0,07,000,00,2,3,09,B01
200700013601,0,07,000,00,2,1,01,C01
200700013602,0,07,000,00,2,6,10,A01
200700013602,0,30,000,00,2,1,17,B01
200700013603,0,07,000,00,1,1,01,A01
200700013604,0,07,000,00,2,1,02,A01
200700013604,0,07,000,00,2,4,01,B01
200700013605,0,33,000,00,2,1,01,A01
200700013605,0,07,000,00,2,4,01,B01
200700013606,0,30,000,00,2,1,17,B01
200700013606,0,07,000,00,2,3,15,A01
200700013607,0,32,000,00,1,1,01,A01
200700013608,0,30,000,00,2,1,01,A01
200700013608,0,07,000,00,2,3,01,B01
200700013609,0,07,000,00,2,3,09,A01
200700013609,0,30,000,00,2,1,01,B01
200700013610,0,07,000,00,2,1,15,A01
200700013610,0,02,000,01,2,1,01,B01
200700013611,0,07,000,01,0,2,14,A01
200700013612,0,30,000,00,2,1,01,A01
200700013612,0,30,000,00,2,1,01,B01
200700013613,0,33,000,00,2,1,02,A01
200700013613,0,07,000,00,2,4,15,B01
200700013614,0,07,000,00,2,3,13,A01
200700013614,0,37,000,00,2,3,01,B01
200700013615,0,10,000,07,2,4,01,A01
200700013615,0,30,000,00,2,1,02,B01
200700013616,0,02,000,00,2,1,01,A01
200700013616,0,07,000,00,2,1,09,B01
200700013617,0,07,000,09,2,1,13,A01
200700013617,0,07,000,00,2,3,01,B01
200700013618,0,33,000,00,2,1,00,B01