Num_Acc,senc,catv,occutc,obs,obsm,choc,manv,num_veh
200700013618,0,07,000,00,2,3,15,A01
200700013619,0,33,000,00,2,1,01,B01
200700013619,0,07,000,00,2,1,00,A01
200700013620,0,07,000,00,2,2,01,A01
200700013620,0,07,000,00,2,8,16,B01
200700013621,0,07,000,00,1,1,00,A01
200700013622,0,07,000,00,2,8,15,A01
200700013622,0,30,000,00,2,1,01,B01
200700013623,0,07,000,00,2,3,20,A01
200700013623,0,30,000,00,2,1,01,B01
200700013624,0,07,000,00,2,3,15,A01
200700013624,0,34,000,00,2,1,01,B01
200700013625,0,07,000,00,2,1,00,A01
200700013626,0,07,000,00,1,1,01,A01
200700013627,0,07,000,00,2,1,00,B01
200700013627,0,37,010,00,2,1,00,A01
200700013628,0,07,000,00,2,7,15,A01
200700013628,0,34,000,00,2,1,01,B01
200700013629,0,32,000,00,2,1,00,A01
200700013629,0,07,000,00,2,1,00,B01
200700013630,1,07,000,00,1,1,01,A01
200700013631,0,07,000,00,2,1,15,A01
200700013631,0,31,000,01,2,1,01,B01
200700013632,0,01,000,00,2,7,19,A01
200700013632,0,30,000,00,2,1,17,B01
200700013633,0,30,000,00,2,1,13,A01
200700013633,0,07,000,00,2,4,01,B01
200700013634,0,07,000,00,1,1,15,A01
200700013635,1,07,000,00,2,1,00,A01
200700013636,0,02,000,01,0,2,14,A01
200700013636,0,07,000,00,2,8,09,B01
200700013637,0,07,000,00,2,4,06,A01
200700013637,0,30,000,00,2,1,01,B01
200700013638,0,07,000,00,2,1,01,A01
200700013638,0,30,000,00,2,1,00,B01
200700013639,0,07,000,00,2,6,10,A01
200700013639,0,30,000,00,2,1,17,B01
200700013640,0,31,000,00,0,1,00,A01
200700013641,0,30,000,00,0,0,01,A01
200700013642,0,30,000,00,0,0,01,A01
200700013643,0,10,000,00,2,3,09,A01
200700013643,0,02,000,00,2,1,01,B01
200700013644,0,07,000,00,1,7,00,A01
200700013645,0,33,000,00,0,0,01,A01
200700013646,0,30,000,00,2,1,17,A01
200700013646,0,07,000,00,0,8,15,B01
200700013647,0,30,000,00,0,0,01,A01
200700013648,1,07,000,00,1,2,01,A01
200700013649,0,07,000,08,0,0,00,A01
200700013650,1,07,000,00,2,1,02,A01
200700013650,0,07,000,00,0,4,02,B01
200700013651,0,01,000,00,2,0,00,A01
200700013651,0,07,000,00,2,1,01,B01
200700013652,0,02,000,00,0,0,00,A01
200700013653,0,10,000,00,2,2,02,A01
200700013653,0,10,000,00,2,4,23,B01
200700013653,1,07,000,00,0,4,23,C01
200700013654,0,02,000,00,2,7,01,A01
200700013654,0,07,000,00,2,1,01,B01
200700013655,0,07,000,00,2,8,00,A01
200700013655,0,07,000,00,2,3,01,B01
200700013656,0,07,000,13,0,0,00,A01
200700013657,0,07,000,00,2,7,15,A01
200700013657,0,32,000,00,2,1,01,B01
200700013658,0,07,000,00,2,3,09,A01
200700013658,0,32,000,00,2,1,01,B01
200700013659,0,34,000,00,2,8,01,A01
200700013659,1,34,000,00,2,8,13,B01
200700013660,0,07,000,00,2,8,01,A01
200700013660,0,07,000,00,2,1,01,B01
200700013661,0,07,000,02,0,1,13,A01
200700013662,0,30,000,00,1,3,01,A01
200700013663,0,31,000,01,2,1,17,A01
200700013663,0,07,000,00,0,7,24,B01
200700013663,0,07,000,00,0,6,01,C01
200700013664,0,10,000,00,2,3,17,A01
200700013664,0,30,000,00,0,1,01,B01
200700013665,0,07,000,00,2,3,22,A01
200700013665,0,33,000,00,0,1,01,B01
200700013666,0,33,000,00,1,2,01,A01
200700013667,0,07,000,00,2,1,16,A01
200700013667,0,02,000,00,0,1,01,B01
200700013668,1,07,000,00,0,0,04,A01
200700013668,0,30,000,00,0,0,02,B01
200700013669,0,33,000,00,2,2,01,B01
200700013669,0,07,000,00,2,6,01,A01
200700013670,0,33,000,00,2,2,01,A01
200700013670,0,10,000,00,2,3,15,B01
200700013671,1,07,000,00,2,0,00,C01
200700013671,0,10,000,00,2,8,02,A01
200700013671,0,31,000,00,2,1,02,B01
200700013672,0,07,000,00,2,3,02,B01
200700013672,0,31,000,00,2,1,17,A01
200700013672,1,07,000,00,2,0,02,C01
200700013673,0,07,000,00,1,3,04,A01
200700013674,0,33,000,00,2,1,01,A01
200700013674,0,07,000,00,2,4,02,B01
200700013675,0,33,000,00,2,8,01,B01
200700013675,0,07,000,00,2,1,01,A01
200700013676,0,07,000,00,2,3,01,B01
200700013676,0,07,000,00,2,1,01,A01
200700013677,0,07,000,05,0,2,14,A01
200700013678,0,07,000,00,2,7,15,A01
200700013678,0,34,000,00,2,3,02,B01
200700013679,0,02,000,00,2,5,17,A01
200700013679,0,02,000,00,2,3,15,B01
200700013680,0,07,000,00,2,1,09,A01
200700013680,0,07,000,00,2,7,01,B01
200700013681,0,31,000,00,2,0,00,A01
200700013681,0,07,000,00,2,8,02,B01
200700013681,0,07,000,00,2,3,00,C01
200700013682,0,07,000,00,2,3,15,A01
200700013682,0,02,000,00,2,6,01,B01
200700013683,0,31,000,00,1,1,01,A01
200700013684,1,13,000,00,2,0,00,A01
200700013684,0,02,000,00,2,7,01,B01
200700013685,1,07,000,00,1,7,02,A01
200700013686,0,07,000,00,2,7,01,B01
200700013686,0,07,000,00,2,1,01,A01
200700013687,0,07,000,00,2,1,01,A01
200700013687,0,31,000,00,2,4,23,B01
200700013688,0,02,000,00,1,1,01,A01
200700013689,0,02,000,14,0,1,02,A01
200700013689,0,07,000,00,0,4,23,B01
200700013690,0,07,000,00,2,3,09,A01
200700013690,0,31,000,00,2,1,02,B01
200700013691,0,07,000,00,2,5,16,A01
200700013691,0,02,000,00,2,8,16,B01
200700013692,0,07,000,00,2,1,02,A01
200700013692,0,07,000,00,2,4,23,B01
200700013692,0,07,000,00,2,4,23,C01
200700013693,0,07,000,00,2,2,17,A01
200700013693,0,30,000,00,2,1,01,B01
200700013694,1,07,000,00,2,2,00,A01
200700013694,0,07,000,01,2,6,02,B01
200700013695,0,07,000,00,2,8,15,A01
200700013695,0,07,000,00,2,2,02,B01
200700013696,0,07,000,00,1,2,01,A01
200700013697,0,33,000,01,0,1,01,A01
200700013698,0,30,000,00,2,2,01,A01
200700013698,0,07,000,00,2,3,15,B01
200700013699,0,07,000,00,2,3,09,A01
200700013699,0,30,000,00,2,1,02,B01
200700013700,0,02,000,00,1,1,01,A01
200700013701,0,07,000,03,0,1,01,A01
200700013701,0,10,000,00,0,0,15,B01
200700013702,0,07,000,00,2,3,09,A01
200700013702,0,32,000,00,2,7,02,B01
200700013703,0,07,000,00,2,2,16,A01
200700013703,0,33,000,08,2,8,02,B01
200700013704,0,33,000,00,1,1,21,A01
200700013705,0,07,000,05,2,1,10,A01
200700013705,0,37,001,00,2,3,01,B01
200700013706,0,02,000,14,0,1,02,A01
200700013706,0,07,000,00,0,4,23,B01
200700013707,0,33,000,00,2,0,02,A01
200700013707,0,02,000,00,2,0,02,B01
200700013708,0,07,000,14,0,1,02,A01
200700013708,0,07,000,00,0,4,23,B01
200700013709,0,07,000,00,2,3,20,A01
200700013709,0,33,000,00,2,1,00,B01
200700013710,0,07,000,00,1,1,15,A01
200700013711,0,07,000,01,0,1,02,A01
200700013711,0,14,000,00,2,4,24,B01
200700013712,0,07,000,01,0,2,12,A01
200700013712,0,10,000,00,0,6,24,B01
200700013713,0,07,000,00,1,1,01,A01
200700013714,0,07,000,01,0,4,04,A01
200700013714,0,07,000,00,0,7,24,B01
200700013714,0,07,000,00,2,6,23,C01
200700013715,0,07,000,00,2,1,01,A01
200700013715,0,07,000,00,2,4,02,B01
200700013716,0,07,000,00,2,3,11,A01
200700013716,0,31,000,00,2,0,02,B01
200700013717,0,07,000,00,2,1,02,A01
200700013717,0,03,000,00,2,4,02,B01
200700013717,0,07,000,00,2,4,02,C01
200700013718,0,02,000,00,2,1,01,A01
200700013718,0,07,000,00,2,3,15,B01
200700013719,0,07,000,00,2,8,15,A01
200700013719,0,30,000,00,2,1,17,B01
200700013720,0,07,000,00,1,1,15,A01
200700013721,0,30,000,00,0,0,00,A01
200700013721,0,07,000,00,2,3,01,B01
200700013722,0,07,000,00,2,3,22,A01
200700013722,0,33,000,00,2,1,01,B01
200700013723,0,07,000,00,1,1,01,A01
200700013724,0,02,000,00,2,1,02,A01
200700013724,0,07,000,00,2,8,02,B01
200700013725,0,07,000,00,2,6,11,A01
200700013725,0,07,000,00,2,1,01,B01
200700013726,0,07,000,00,2,7,00,A01
200700013726,0,02,000,00,2,4,00,B01
200700013727,1,02,000,00,1,0,01,A01
200700013728,0,31,000,00,0,7,01,A01
200700013728,0,10,000,00,0,0,13,B01
200700013729,0,07,000,00,2,6,10,A01
200700013729,0,07,000,00,2,1,01,B01
200700013730,0,07,000,00,2,2,02,A01
200700013730,0,02,000,00,2,1,05,B01
200700013731,0,02,000,02,0,1,13,A01
200700013732,0,07,000,00,2,5,01,A01
200700013732,0,32,000,00,2,1,01,B01
200700013733,0,07,000,00,2,5,02,B01
200700013733,0,31,000,00,2,8,09,A01
200700013734,0,07,000,00,2,5,02,A01
200700013734,0,30,000,00,2,1,02,B01
200700013735,0,30,000,00,2,1,07,A01
200700013735,0,07,000,00,2,5,16,B01
200700013736,0,07,000,00,1,0,01,A01
200700013737,0,07,000,00,2,0,00,A01
200700013737,0,33,000,00,2,3,01,B01
200700013738,0,02,000,00,2,1,01,A01
200700013738,0,07,000,00,2,3,01,B01
200700013739,0,07,000,00,1,1,15,A01
200700013740,0,07,000,00,1,1,01,A01
200700013741,0,07,000,13,2,7,01,A01
200700013741,0,07,000,00,2,8,01,B01
200700013742,0,33,000,00,2,3,07,A01
200700013742,0,14,000,00,2,2,16,B01
200700013743,0,07,000,00,2,3,02,A01
200700013743,0,07,000,00,2,3,02,B01
200700013744,0,34,000,00,2,1,15,A01
200700013744,0,10,000,00,2,2,07,B01
200700013745,0,02,000,00,2,1,02,A01
200700013745,0,07,000,00,2,7,15,B01
200700013746,0,02,000,14,0,7,02,A01
200700013746,0,07,000,00,0,4,23,B01
200700013747,0,02,000,01,0,1,14,A01
200700013747,0,07,000,00,0,1,00,B01
200700013748,0,07,000,00,2,3,00,A01
200700013748,0,02,000,00,2,1,00,B01
200700013749,0,07,000,00,2,8,09,A01
200700013749,0,31,000,00,2,1,02,B01
200700013750,1,07,000,00,0,0,12,D01
200700013750,0,07,000,00,2,6,02,A01
200700013750,0,07,000,00,2,4,01,B01
200700013750,0,10,000,00,2,1,01,C01
200700013751,0,02,000,00,0,0,00,A01
200700013752,0,07,000,00,1,8,01,A01
200700013753,0,02,000,00,2,1,17,A01
200700013753,0,01,000,00,2,4,17,B01
200700013754,0,07,000,00,2,7,05,A01
200700013754,0,07,000,00,2,7,00,B01
200700013754,0,07,000,00,2,1,01,C01
200700013755,0,07,000,00,1,3,16,A01
200700013756,0,02,000,00,2,2,01,A01
200700013756,0,07,000,00,2,6,11,B01
200700013757,0,07,000,00,1,2,01,A01
200700013758,0,33,000,00,0,0,01,A01
200700013758,0,37,001,00,0,0,01,B01
200700013759,0,10,000,06,0,2,14,A01
200700013760,0,10,000,00,2,1,02,A01
200700013760,0,07,000,00,2,4,02,B01
200700013761,0,31,000,00,2,3,15,A01
200700013761,0,07,000,00,2,2,01,B01
200700013762,0,02,000,00,2,1,02,A01
200700013762,0,01,000,00,2,4,02,B01
200700013763,0,30,000,00,2,1,01,A01
200700013763,0,33,000,00,2,1,01,B01
200700013764,0,33,000,00,2,0,02,B01
200700013764,0,07,000,00,2,0,09,A01
200700013765,0,07,000,00,1,1,01,A01
200700013766,0,07,000,00,2,3,15,A01
200700013766,0,30,000,00,2,1,01,B01
200700013767,0,31,000,00,2,0,00,A01
200700013767,0,07,000,00,0,0,00,B01
200700013768,0,07,000,00,2,5,01,A01
200700013768,0,34,000,00,2,1,01,B01
200700013769,0,02,000,00,2,1,00,A01
200700013769,0,07,000,00,2,8,01,B01
200700013770,0,32,000,00,2,2,02,A01
200700013770,0,07,000,00,2,2,02,B01
200700013771,0,15,000,00,2,2,00,A01
200700013771,0,07,000,00,2,3,01,B01
200700013772,0,07,000,00,1,2,02,A01
200700013773,0,07,000,00,2,8,01,A01
200700013773,0,32,000,00,2,8,23,B01
200700013774,0,07,000,01,2,7,02,A01
200700013774,0,02,000,01,2,1,02,B01
200700013775,0,07,000,00,2,1,01,A01
200700013775,0,07,000,00,2,4,02,B01
200700013776,0,03,000,00,2,2,01,A01
200700013776,0,07,000,01,2,6,01,B01
200700013777,1,30,000,00,1,1,02,A01
200700013778,0,02,000,00,2,8,11,A01
200700013778,0,07,000,00,2,2,01,B01
200700013779,0,07,000,00,2,2,02,B01
200700013779,0,07,000,00,2,3,09,A01
200700013780,0,14,000,00,2,5,09,A01
200700013780,0,07,000,00,2,8,01,B01
200700013781,0,07,000,00,2,7,10,A01
200700013781,0,02,000,00,2,0,02,B01
200700013782,0,07,000,00,1,2,01,A01
200700013783,0,10,000,00,2,1,01,A01
200700013783,0,07,000,00,2,4,01,B01
200700013783,0,07,000,00,2,4,01,C01
200700013784,0,07,000,00,2,3,15,A01
200700013784,0,33,000,00,2,1,17,B01
200700013785,0,07,000,00,2,3,02,A01
200700013785,0,31,000,00,2,0,09,B01
200700013786,1,07,000,00,1,0,15,A01
200700013787,0,07,000,00,2,3,09,A01
200700013787,0,02,000,14,0,1,01,B01
200700013788,0,30,000,00,2,1,01,A01
200700013788,0,02,000,00,2,1,01,B01
200700013789,0,07,000,00,2,1,01,B01
200700013789,0,07,000,00,2,8,16,A01
200700013790,0,07,000,00,2,1,15,B01
200700013790,0,02,000,00,2,7,01,A01
200700013791,0,17,000,00,1,3,01,A01
200700013792,0,07,000,00,0,2,15,A01
200700013792,0,32,000,00,2,1,01,B01
200700013793,0,07,000,06,2,0,01,A01
200700013793,0,07,000,00,2,8,01,B01
200700013794,0,07,000,00,0,9,02,A01
200700013795,0,07,000,00,2,3,01,B01
200700013795,0,07,000,00,2,2,01,A01
200700013796,0,30,000,00,2,1,01,B01
200700013796,0,07,000,00,2,2,15,A01
200700013797,0,01,000,00,2,1,09,A01
200700013797,0,07,000,00,2,3,01,B01
200700013798,0,30,000,00,2,0,01,A01
200700013798,1,07,000,00,2,0,16,B01
200700013799,0,02,000,00,2,1,01,B01
200700013799,0,07,000,00,2,2,15,A01
200700013800,0,07,000,00,0,3,01,B01
200700013800,0,07,000,00,2,1,01,A01
200700013801,0,02,000,00,2,1,00,B01
200700013801,0,07,000,00,2,3,09,A01
200700013802,0,07,000,00,0,1,15,A01
200700013802,0,30,000,00,0,1,01,B01
200700013803,0,02,000,00,1,1,02,A01
200700013803,0,07,000,00,2,4,23,B01
200700013804,0,07,000,00,1,2,01,A01
200700013805,0,07,000,00,1,5,01,A01
200700013806,0,07,000,00,1,2,01,A01
200700013807,0,07,000,00,2,4,01,B01
200700013807,1,07,000,00,0,6,01,A01
200700013808,0,07,000,00,2,3,01,A01
200700013808,0,07,000,00,2,2,00,B01
200700013809,0,33,000,00,2,1,01,B01
200700013809,0,07,000,00,2,3,15,A01
200700013810,0,07,000,00,2,4,01,B01
200700013810,1,07,000,00,2,1,01,A01
200700013811,0,07,000,00,1,7,01,A01
200700013812,0,34,000,00,2,1,01,B01
200700013812,0,07,000,00,2,7,15,A01
200700013813,0,07,000,00,2,3,01,B01
200700013813,0,07,000,00,2,2,01,A01
200700013814,0,07,000,00,2,3,15,B01
200700013814,0,33,000,00,2,1,17,A01
200700013815,1,07,000,00,1,7,01,A01
200700013816,0,07,000,00,0,4,02,C01
200700013816,0,07,000,00,2,4,02,B01
200700013816,0,14,000,00,2,1,02,A01
200700013817,0,30,000,00,2,1,03,A01
200700013817,0,07,000,00,2,6,23,B01
200700013818,0,07,000,00,2,3,00,B01
200700013818,0,07,000,00,2,2,01,A01
200700013819,0,07,000,00,9,2,15,A01
200700013819,0,30,000,00,2,1,01,B01
200700013820,0,07,000,00,2,0,01,C01
200700013820,0,07,000,00,2,0,01,A01
200700013820,0,07,000,00,2,1,01,B01
200700013821,0,07,000,13,0,1,01,A01
200700013822,0,07,000,00,2,1,10,A01
200700013822,0,07,000,00,2,1,01,B01
200700013823,0,07,000,08,0,1,01,A01
200700013824,0,32,000,12,0,2,01,A01
200700013825,0,17,000,06,0,0,01,A01
200700013825,0,07,000,00,9,1,01,B01
200700013826,0,07,000,08,0,0,00,A01
200700013827,0,07,000,00,1,2,17,A01
200700013827,0,07,000,00,0,0,23,B01
200700013828,0,07,000,00,2,1,00,A01
200700013828,0,07,000,00,2,3,01,B01
200700013829,0,07,000,00,2,2,15,A01
200700013829,0,02,000,00,2,8,15,B01
200700013830,0,07,000,00,2,4,04,A01
200700013830,0,07,000,00,2,1,01,B01
200700013831,0,02,000,00,0,8,15,B01
200700013831,0,02,000,00,2,1,02,A01
200700013832,0,07,000,00,2,6,01,B01
200700013832,0,34,000,00,2,1,16,A01
200700013833,0,07,000,00,2,4,10,A01
200700013833,0,30,000,00,2,1,16,B01
200700013834,0,07,000,00,2,1,01,A01
200700013834,0,07,000,00,0,4,01,B01
200700013835,0,30,000,15,2,0,01,A01
200700013835,0,07,000,00,2,0,01,B01
200700013836,0,07,000,00,2,1,01,A01
200700013836,0,07,000,00,2,4,01,B01
200700013837,0,07,000,00,1,3,01,A01
200700013838,0,30,000,16,0,7,01,A01
200700013839,0,15,000,00,2,2,01,B01
200700013839,0,07,000,14,2,5,21,A01
200700013839,0,07,000,00,0,6,23,C01
200700013840,0,07,000,00,2,5,01,A01
200700013840,0,07,000,00,2,1,01,B01
200700013841,0,07,000,00,2,2,09,A01
200700013841,0,07,000,00,2,3,01,B01
200700013842,0,07,000,00,2,2,09,A01
200700013842,0,07,000,00,2,1,01,B01
200700013843,0,30,000,00,2,1,01,A01
200700013843,0,07,000,00,2,5,01,B01
200700013844,0,07,000,00,2,1,01,B01
200700013844,0,07,000,00,2,7,13,A01
200700013845,0,07,000,12,2,9,05,A01
200700013845,0,07,000,00,2,8,02,B01
200700013846,0,07,000,06,0,6,02,A01
200700013847,0,07,000,00,2,3,05,A01
200700013847,0,07,000,00,2,3,00,B01
200700013848,0,07,000,00,2,1,05,A01
200700013848,0,07,000,00,2,1,01,B01
200700013849,0,07,000,00,2,7,01,A01
200700013849,0,33,000,00,2,1,16,B01
200700013850,0,30,000,00,2,1,00,B01
200700013850,0,07,000,00,2,6,04,A01
200700013851,0,33,000,00,0,9,02,A01
200700013852,0,33,000,06,0,1,01,A01
200700013853,0,10,000,14,0,2,17,A01
200700013853,0,07,000,00,2,8,23,B01
200700013854,0,10,000,00,2,1,01,A01
200700013854,0,07,000,00,2,7,00,B01
200700013855,0,07,000,00,2,1,02,A01
200700013855,0,10,000,00,0,4,01,B01
200700013856,0,07,000,00,2,3,02,A01
200700013856,0,07,000,00,2,3,15,B01
200700013857,0,32,000,09,0,0,00,A01
200700013858,1,07,000,00,2,0,01,B01
200700013858,0,07,000,00,2,6,01,A01
200700013859,0,07,000,00,0,4,02,A01
200700013859,0,07,000,00,2,9,02,B01
200700013859,0,07,000,00,2,1,02,C01
200700013860,0,07,000,08,0,1,13,A01
200700013861,1,07,000,00,2,0,00,A01
200700013862,0,32,000,00,2,0,00,B01
200700013862,0,33,000,00,2,0,00,A01
200700013863,0,07,000,00,0,0,01,A01
200700013863,0,32,000,00,0,0,02,B01
200700013864,0,07,000,08,0,1,01,A01
200700013865,0,02,000,00,0,1,13,A01
200700013865,0,07,000,00,0,2,10,B01
200700013866,0,31,000,00,2,1,01,A01
200700013866,0,07,000,00,2,8,10,B01
200700013867,0,07,000,00,2,1,02,A01
200700013867,0,07,000,00,2,4,02,B01
200700013867,0,07,000,00,2,4,02,C01
200700013868,0,07,000,00,2,1,19,A01
200700013868,0,32,000,00,2,1,21,B01
200700013869,0,07,000,00,2,2,01,B01
200700013869,0,07,000,00,2,3,00,A01
200700013870,0,02,000,00,0,3,01,A01
200700013870,0,07,000,00,0,0,01,B01
200700013871,0,07,000,00,1,3,01,A01
200700013872,0,02,000,00,2,3,17,A01
200700013872,0,07,000,00,2,6,15,B01
200700013873,0,07,000,00,0,2,01,A01
200700013873,0,07,000,00,0,0,00,B01
200700013874,0,33,000,14,2,2,21,A01
200700013874,0,07,000,00,0,6,23,B01
200700013875,0,07,000,00,2,8,01,B01
200700013875,0,07,000,00,2,1,01,A01
200700013876,0,07,000,00,2,7,09,A01
200700013876,0,02,000,00,2,1,21,B01
200700013877,0,10,000,02,0,2,14,A01
200700013878,0,07,000,00,0,0,23,A01
200700013878,0,32,000,12,0,0,21,B01
200700013879,0,01,000,00,2,1,01,B01
200700013879,0,07,000,00,2,1,01,A01
200700013880,0,32,000,00,2,1,17,A01
200700013880,0,03,000,00,2,3,09,B01
200700013881,0,07,000,15,0,1,01,A01
200700013882,0,07,000,00,1,1,01,A01
200700013883,0,07,000,00,0,3,17,A01
200700013883,0,31,000,00,0,8,01,B01
200700013884,0,07,000,00,2,3,15,A01
200700013884,0,32,000,00,2,5,17,B01
200700013884,0,07,000,00,2,1,02,C01
200700013885,2,07,000,00,0,0,00,A01
200700013885,0,32,000,00,2,8,01,B01
200700013886,0,07,000,00,2,1,02,A01
200700013886,0,07,000,00,2,4,02,B01
200700013887,0,07,000,14,0,2,12,A01
200700013888,0,07,000,00,0,0,00,A01
200700013889,0,07,000,00,2,3,00,A01
200700013889,0,07,000,00,2,3,15,B01
200700013890,1,07,000,01,0,0,00,A01
200700013891,0,32,000,00,1,1,17,A01
200700013892,0,34,000,00,0,8,21,B01
200700013892,0,07,000,00,0,0,09,A01
200700013893,0,34,000,00,2,1,01,A01
200700013893,0,07,000,00,2,2,15,B01
200700013893,0,07,000,00,2,8,01,C01
200700013894,0,07,000,00,0,0,00,A01
200700013894,0,33,000,00,0,0,00,B01
200700013895,0,07,000,00,9,3,15,A01
200700013895,0,30,000,00,2,1,01,B01
200700013896,0,07,000,06,0,2,01,A01
200700013897,0,07,000,00,2,1,09,A01
200700013897,0,10,000,00,2,4,00,B01
200700013898,0,07,000,00,2,3,15,A01
200700013898,0,32,000,00,2,1,01,B01
200700013899,0,07,000,12,0,8,01,A01
200700013900,0,07,000,00,2,2,10,A01
200700013900,0,30,000,00,2,1,02,B01
200700013901,0,32,000,00,2,1,06,B01
200700013901,0,07,000,00,9,6,04,A01
200700013902,0,07,000,00,2,3,11,A01
200700013902,0,07,000,00,2,2,02,B01
200700013903,0,07,000,00,2,7,00,A01
200700013903,0,07,000,00,2,1,00,B01
200700013904,0,07,000,00,0,5,00,A01
200700013904,0,30,000,00,0,1,02,B01
200700013905,0,07,000,00,2,2,09,A01
200700013905,0,34,000,00,2,3,02,B01
200700013906,0,07,000,08,0,1,02,A01
200700013907,0,02,000,00,2,1,02,A01
200700013907,0,07,000,00,2,4,02,B01
200700013907,0,07,000,00,0,0,15,C01
200700013908,0,07,000,00,2,1,01,A01
200700013908,0,07,000,00,2,4,01,B01
200700013909,0,10,000,00,0,3,20,A01
200700013909,0,30,000,00,0,0,00,B01
200700013910,0,07,000,00,1,1,01,A01
200700013911,0,07,000,11,0,1,00,A01
200700013912,0,37,015,00,2,4,02,A01
200700013912,0,07,000,00,0,4,02,B01
200700013913,0,07,000,00,2,2,01,B01
200700013913,1,07,000,00,2,0,00,A01
200700013914,0,07,000,08,2,9,01,A01
200700013914,0,07,000,00,2,5,01,B01
200700013915,0,07,000,00,1,7,02,A01
200700013916,0,07,000,00,0,2,16,A01
200700013916,0,07,000,15,2,3,07,B01
200700013917,0,07,000,00,2,1,02,A01
200700013917,0,07,000,00,2,4,23,B01
200700013918,0,07,000,00,2,5,15,A01
200700013918,0,33,000,00,2,1,02,B01
200700013919,0,07,000,00,2,1,01,A01
200700013919,0,07,000,00,2,4,01,B01
200700013920,1,07,000,00,2,3,10,A01
200700013920,0,31,000,00,2,2,02,B01
200700013921,0,07,000,08,2,8,19,A01
200700013921,0,07,000,00,2,1,01,B01
200700013922,0,07,000,00,1,1,01,A01
200700013923,0,30,000,01,0,3,16,A01
200700013924,0,07,000,00,2,5,04,A01
200700013924,0,02,000,00,2,1,02,B01
200700013925,0,07,000,00,2,3,02,A01
200700013925,0,07,000,00,2,1,02,B01
200700013925,0,10,000,00,2,4,02,C01
200700013926,0,07,000,00,2,2,09,A01
200700013926,0,02,000,00,2,1,02,B01
200700013927,0,07,000,00,1,3,02,A01
200700013928,0,30,000,00,0,0,01,A01
200700013929,0,07,000,00,1,2,02,A01
200700013930,0,07,000,12,2,1,00,A01
200700013930,0,07,000,00,2,1,01,B01
200700013931,0,07,000,00,2,2,15,A01
200700013931,0,30,000,00,2,1,01,B01
200700013932,0,07,000,00,2,2,09,A01
200700013932,0,30,000,00,2,2,01,B01
200700013933,0,07,000,00,2,2,09,A01
200700013933,0,30,000,00,2,1,01,B01
200700013933,0,07,000,00,2,6,01,C01
200700013934,0,07,000,00,2,1,01,A01
200700013934,0,07,000,00,0,4,01,B01
200700013935,0,10,000,00,2,1,12,A01
200700013935,0,01,000,00,2,4,01,B01
200700013936,2,07,000,00,2,1,09,B01
200700013936,0,07,000,00,2,8,01,A01
200700013937,0,07,000,00,0,1,02,A01
200700013937,0,10,000,00,0,1,02,B01
200700013937,0,07,000,00,0,4,02,C01
200700013938,0,07,000,00,1,6,04,A01
200700013939,0,07,000,00,2,2,01,A01
200700013939,0,07,000,00,2,9,01,B01
200700013939,0,07,000,00,2,4,01,C01
200700013940,0,10,000,11,0,1,01,A01
200700013941,0,07,000,12,2,6,15,A01
200700013941,0,34,000,00,2,1,01,B01
200700013941,0,07,000,00,9,1,02,C01
200700013942,0,02,000,00,2,7,01,A01
200700013942,0,07,000,00,2,8,15,B01
200700013943,0,07,000,00,2,2,15,A01
200700013943,0,34,000,00,2,1,01,B01
200700013944,0,07,000,00,0,7,16,A01
200700013944,0,31,000,00,2,1,02,B01
200700013945,0,32,000,00,1,1,01,A01
200700013946,0,07,000,00,2,2,01,A01
200700013946,0,30,000,00,2,1,01,B01
200700013947,0,07,000,00,0,0,01,A01
200700013947,0,31,000,00,9,0,02,B01
200700013948,0,07,000,00,2,3,01,A01
200700013948,0,07,000,00,2,3,01,B01
200700013949,0,02,000,00,2,8,13,A01
200700013949,0,07,000,00,2,2,02,B01
200700013950,0,07,000,00,2,1,02,A01
200700013950,0,07,000,00,2,4,02,B01
200700013950,0,07,000,00,1,4,02,C01
200700013951,0,20,000,00,1,4,04,A01
200700013952,0,30,000,00,2,1,01,A01
200700013952,0,07,000,00,2,5,15,B01
200700013953,0,07,000,00,0,3,15,A01
200700013953,0,31,000,00,0,2,01,B01
200700013954,0,34,000,00,2,8,15,B01
200700013954,0,07,000,00,2,3,01,A01
200700013955,0,07,000,00,2,8,15,A01
200700013955,0,33,000,00,2,1,17,B01
200700013956,0,02,000,00,1,1,01,A01
200700013957,0,30,000,00,0,2,01,A01
200700013958,0,07,000,00,1,1,02,A01
200700013959,0,07,000,00,2,3,15,A01
200700013959,0,33,000,00,2,1,17,B01
200700013960,0,07,000,00,1,4,04,A01
200700013961,0,07,000,00,0,2,09,A01
200700013961,0,07,000,00,2,3,01,B01
200700013962,0,07,000,00,2,1,17,A01
200700013962,0,02,000,00,2,1,01,B01
200700013963,0,07,000,00,1,1,20,A01
200700013964,0,07,000,00,2,3,15,A01
200700013964,0,07,000,00,2,1,01,B01
200700013965,0,07,000,00,1,6,15,A01
200700013966,0,07,000,00,2,8,15,A01
200700013966,0,07,000,00,2,1,01,B01
200700013967,0,07,000,00,2,5,15,A01
200700013967,0,34,000,00,2,1,01,B01
200700013968,0,34,000,00,1,1,18,A01
200700013969,0,07,000,00,1,4,04,A01
200700013970,0,07,000,00,2,5,04,A01