Num_Acc,senc,catv,occutc,obs,obsm,choc,manv,num_veh
200700013970,0,07,000,00,2,3,00,B01
200700013971,0,07,000,00,1,1,02,A01
200700013972,0,07,000,08,2,2,01,B01
200700013972,0,07,000,08,2,1,19,A01
200700013973,0,07,000,06,2,2,13,A01
200700013973,0,33,000,00,2,1,01,B01
200700013974,0,07,000,00,2,3,15,A01
200700013974,0,32,000,00,0,0,00,B01
200700013975,0,32,000,00,2,2,17,A01
200700013975,0,07,000,00,2,3,02,B01
200700013976,0,14,000,00,1,3,01,A01
200700013977,0,30,000,00,2,7,01,A01
200700013977,1,30,000,00,2,0,10,B01
200700013978,0,30,000,00,1,2,14,A01
200700013979,0,07,000,00,2,5,01,B01
200700013979,0,31,000,00,2,1,19,A01
200700013980,0,07,000,00,1,2,01,B01
200700013981,0,31,000,00,1,1,01,A01
200700013982,0,07,000,00,2,1,02,A01
200700013982,0,07,000,00,2,4,02,B01
200700013983,0,34,000,00,2,2,02,A01
200700013983,0,31,000,00,2,6,15,B01
200700013984,0,07,000,00,2,7,15,A01
200700013984,0,31,000,00,2,1,01,B01
200700013985,0,33,000,00,2,2,01,A01
200700013985,0,07,000,00,2,3,00,B01
200700013986,0,07,000,00,2,1,06,A01
200700013986,0,07,000,00,2,1,01,B01
200700013987,0,07,000,01,0,7,01,A01
200700013988,0,33,000,00,0,1,02,A01
200700013988,0,07,000,00,0,6,02,B01
200700013988,0,07,000,00,0,2,02,C01
200700013989,1,34,000,00,2,8,18,A01
200700013989,0,30,000,14,2,7,02,B01
200700013990,0,32,000,00,0,7,01,A01
200700013990,0,07,000,00,0,2,09,B01
200700013991,0,30,000,00,2,1,17,A01
200700013991,0,07,000,00,2,3,15,B01
200700013992,0,07,000,00,2,1,02,A01
200700013992,0,07,000,00,2,4,02,B01
200700013993,0,30,000,00,2,1,01,A01
200700013993,1,07,000,00,2,3,15,B01
200700013994,0,07,000,00,2,1,02,A01
200700013994,0,07,000,00,2,9,02,B01
200700013994,0,07,000,00,2,4,02,C01
200700013995,0,07,000,00,1,2,01,A01
200700013996,0,07,000,00,2,3,15,A01
200700013996,0,02,000,00,2,1,03,B01
200700013997,0,02,000,00,2,4,02,A01
200700013997,0,33,000,00,0,0,23,B01
200700013998,0,07,000,00,2,1,02,A01
200700013998,0,33,000,00,2,4,02,B01
200700013999,0,07,000,03,0,1,02,A01
200700014000,0,30,000,00,2,1,15,A01
200700014000,0,07,000,00,2,1,15,B01
200700014001,0,07,000,00,2,3,21,A01
200700014001,0,07,000,00,2,8,01,B01
200700014002,0,07,000,00,2,3,19,A01
200700014002,0,33,000,00,2,8,01,B01
200700014003,0,07,000,00,2,1,19,A01
200700014003,0,33,000,01,2,7,00,B01
200700014004,0,07,000,00,2,8,01,A01
200700014004,0,33,000,00,2,1,01,B01
200700014005,0,07,000,00,1,1,01,A01
200700014006,0,02,000,00,2,1,01,A01
200700014006,0,07,000,00,0,4,02,B01
200700014007,0,37,000,00,2,1,02,A01
200700014007,0,16,000,00,2,4,02,B01
200700014008,0,07,000,00,2,6,20,A01
200700014008,0,37,028,00,2,3,01,B01
200700014009,0,07,000,00,2,7,00,A01
200700014009,0,07,000,00,2,1,00,B01
200700014010,0,07,000,00,2,1,02,A01
200700014010,0,07,000,00,2,4,02,B01
200700014011,0,07,000,00,2,1,01,B01
200700014011,0,07,000,00,2,7,01,A01
200700014012,0,07,000,00,2,1,02,A01
200700014012,0,32,000,00,2,4,02,B01
200700014012,0,07,000,00,2,4,02,C01
200700014013,0,13,000,00,1,4,04,A01
200700014014,0,07,000,00,9,2,00,A01
200700014014,0,30,000,00,2,1,00,B01
200700014015,0,32,000,00,1,1,01,A01
200700014016,1,07,000,00,0,0,00,A01
200700014017,0,07,000,00,0,3,14,B01
200700014017,0,32,000,08,2,1,19,A01
200700014018,0,07,000,00,2,7,16,A01
200700014018,0,33,000,00,2,3,02,B01
200700014019,0,30,000,15,0,1,01,A01
200700014020,0,07,000,00,1,2,02,A01
200700014021,0,07,000,00,2,2,01,A01
200700014021,0,07,000,00,2,1,01,B01
200700014022,0,07,000,00,1,1,15,A01
200700014023,0,07,000,00,0,5,17,A01
200700014023,0,34,000,00,0,4,01,B01
200700014024,0,07,000,00,0,1,00,A01
200700014024,0,07,000,00,0,4,00,B01
200700014025,0,07,000,15,2,3,01,A01
200700014025,0,07,000,00,2,2,09,B01
200700014026,0,20,000,00,2,4,04,A01
200700014026,0,07,000,00,2,1,01,B01
200700014027,1,07,000,00,0,0,00,A01
200700014027,0,32,000,00,2,7,02,B01
200700014028,0,07,000,00,2,1,01,A01
200700014028,0,07,000,00,2,8,15,B01
200700014029,0,02,000,00,1,1,00,A01
200700014030,0,07,000,00,2,4,02,C01
200700014030,0,07,000,16,2,1,12,A01
200700014030,0,07,000,00,2,4,01,B01
200700014031,0,31,000,00,0,1,20,A01
200700014032,0,07,000,00,2,4,04,A01
200700014032,0,07,000,00,2,3,23,B01
200700014033,0,07,000,00,2,1,01,A01
200700014033,0,07,000,00,0,4,02,B01
200700014034,0,07,000,15,0,1,01,A01
200700014035,0,01,000,00,2,1,03,A01
200700014035,0,07,000,00,0,3,00,B01
200700014035,0,14,000,00,0,8,02,C01
200700014036,0,07,000,09,0,1,00,A01
200700014037,0,30,000,00,2,8,01,A01
200700014037,0,33,000,00,0,0,00,B01
200700014038,2,07,000,00,1,2,00,A01
200700014039,0,31,000,00,0,8,00,A01
200700014040,1,32,000,00,9,7,14,A01
200700014040,0,01,000,00,2,7,01,B01
200700014041,0,07,000,01,0,2,09,A01
200700014041,0,32,000,00,0,0,00,B01
200700014042,0,99,000,00,2,8,11,A01
200700014042,0,07,000,00,0,7,01,B01
200700014043,0,07,000,00,2,1,09,A01
200700014043,0,30,000,00,2,7,02,B01
200700014044,0,02,000,00,2,1,02,A01
200700014044,0,07,000,00,0,6,00,B01
200700014045,0,07,000,00,2,8,01,A01
200700014045,0,07,000,00,2,2,01,B01
200700014046,0,07,000,00,2,8,15,A01
200700014046,0,33,000,00,2,1,17,B01
200700014047,0,07,000,00,0,2,01,A01
200700014047,0,07,000,00,0,1,00,B01
200700014048,0,07,000,00,1,4,04,A01
200700014049,0,33,000,00,2,9,01,B01
200700014049,0,07,000,00,2,3,00,A01
200700014050,0,07,000,00,2,1,02,A01
200700014050,0,07,000,00,0,4,02,B01
200700014051,0,07,000,00,2,4,00,A01
200700014051,0,07,000,00,2,4,00,B01
200700014052,0,10,000,00,2,1,02,A01
200700014052,0,07,000,00,0,4,02,B01
200700014053,0,07,000,00,2,1,02,A01
200700014053,0,07,000,00,2,4,02,B01
200700014054,0,07,000,00,2,0,01,B01
200700014054,0,07,000,00,2,8,19,A01
200700014055,0,02,000,00,2,1,02,A01
200700014055,0,33,000,00,0,6,23,B01
200700014056,0,07,000,00,2,1,02,A01
200700014056,0,07,000,00,0,4,02,B01
200700014057,0,07,000,00,2,1,13,A01
200700014057,0,37,016,00,2,1,23,B01
200700014058,0,07,000,00,2,2,09,A01
200700014058,0,07,000,00,2,3,02,B01
200700014059,0,07,000,00,2,1,15,A01
200700014059,0,32,000,00,2,8,01,B01
200700014060,0,33,000,00,0,9,03,A01
200700014060,0,10,000,00,0,7,00,B01
200700014061,0,32,000,00,2,2,17,A01
200700014061,0,07,000,00,0,0,00,B01
200700014062,0,07,000,00,1,1,16,A01
200700014063,0,07,000,00,2,6,20,A01
200700014063,0,35,000,00,2,1,01,B01
200700014064,0,07,000,01,0,1,13,A01
200700014065,0,31,000,00,2,1,01,B01
200700014065,0,07,000,00,2,3,00,A01
200700014066,0,07,000,00,2,2,14,A01
200700014066,0,07,000,00,2,8,01,B01
200700014067,0,07,000,00,2,7,16,A01
200700014067,0,30,000,00,2,8,01,B01
200700014068,0,10,000,00,2,3,09,A01
200700014068,0,07,000,00,2,7,02,B01
200700014069,0,07,000,00,1,3,01,A01
200700014070,0,07,000,00,2,1,09,A01
200700014070,0,32,000,00,0,0,00,B01
200700014071,0,07,000,00,2,2,01,B01
200700014071,0,07,000,00,2,5,00,A01
200700014072,0,07,000,00,2,2,09,A01
200700014072,0,01,000,00,2,1,00,B01
200700014073,0,33,000,00,2,1,01,A01
200700014073,0,07,000,00,2,6,01,B01
200700014074,0,07,000,00,2,1,02,A01
200700014074,0,07,000,00,0,4,23,B01
200700014075,0,07,000,00,2,3,11,A01
200700014075,0,07,000,00,2,8,01,B01
200700014076,1,31,000,00,1,0,01,A01
200700014077,0,07,000,00,1,0,00,A01
200700014078,0,07,000,00,2,2,00,A01
200700014078,0,07,000,00,2,1,01,B01
200700014079,0,07,000,00,2,3,09,A01
200700014079,0,07,000,00,2,0,00,B01
200700014080,0,33,000,00,2,3,11,A01
200700014080,0,07,000,00,2,3,01,B01
200700014081,0,07,000,01,0,7,23,A01
200700014081,0,07,000,00,2,3,01,B01
200700014082,0,07,000,00,2,2,09,A01
200700014082,0,32,000,00,2,6,01,B01
200700014083,0,07,000,13,0,2,01,C01
200700014084,0,07,000,00,0,8,00,A01
200700014084,0,30,000,00,2,1,02,B01
200700014085,0,31,000,00,2,1,01,A01
200700014085,0,07,000,00,0,4,02,B01
200700014086,0,30,000,00,0,1,02,A01
200700014086,0,07,000,00,0,0,00,B01
200700014087,0,14,000,00,2,0,09,A01
200700014087,0,34,000,00,2,0,01,B01
200700014088,0,07,000,00,1,2,02,A01
200700014089,1,07,000,00,0,0,00,A01
200700014090,0,33,000,00,2,8,05,A01
200700014090,0,07,000,00,2,7,05,B01
200700014091,0,07,000,08,0,1,21,A01
200700014092,0,07,000,00,2,2,00,B01
200700014092,0,07,000,00,2,2,15,A01
200700014093,0,07,000,00,2,1,02,A01
200700014093,0,07,000,00,2,0,02,B01
200700014094,0,07,000,00,0,6,10,A01
200700014094,0,32,000,00,2,1,00,B01
200700014095,0,07,000,00,2,1,02,A01
200700014095,0,07,000,00,2,1,02,B01
200700014095,0,07,000,00,2,4,02,C01
200700014096,0,07,000,00,2,7,15,A01
200700014096,0,30,000,00,2,1,01,B01
200700014097,0,07,000,00,1,2,01,A01
200700014098,0,31,000,00,2,1,01,B01
200700014098,0,07,000,00,2,8,19,A01
200700014099,0,07,000,01,0,1,13,A01
200700014100,0,33,000,00,2,1,18,B01
200700014100,0,07,000,00,2,7,13,A01
200700014101,0,07,000,00,2,4,02,B01
200700014101,0,07,000,00,2,1,02,A01
200700014102,0,07,000,00,0,6,10,A01
200700014102,0,33,000,00,2,1,01,B01
200700014103,0,07,000,00,2,2,19,A01
200700014103,0,07,000,00,2,5,01,B01
200700014104,0,07,000,00,2,3,15,A01
200700014104,0,02,000,00,2,1,01,B01
200700014105,0,30,000,00,2,6,00,A01
200700014105,0,07,000,00,0,6,00,B01
200700014106,0,07,000,00,2,1,01,A01
200700014106,0,07,000,00,2,4,01,B01
200700014107,0,07,000,00,2,1,01,A01
200700014107,0,10,000,00,2,1,01,B01
200700014107,0,07,000,00,0,4,00,C01
200700014108,0,07,000,00,2,1,02,A01
200700014108,0,07,000,00,2,4,02,B01
200700014109,0,01,000,00,2,1,01,B01
200700014109,0,07,000,00,2,3,23,A01
200700014110,0,07,000,00,2,1,12,A01
200700014110,0,07,000,00,0,4,00,B01
200700014111,0,07,000,00,0,1,02,A01
200700014111,0,07,000,00,0,4,02,B01
200700014112,0,07,000,00,2,1,02,A01
200700014112,0,07,000,00,2,4,00,B01
200700014113,0,07,000,00,2,2,15,A01
200700014113,0,07,000,00,2,3,01,B01
200700014114,0,07,000,00,2,2,15,A01
200700014114,0,33,000,00,2,1,01,B01
200700014115,0,30,000,01,0,0,01,A01
200700014116,0,07,000,00,2,0,19,A01
200700014116,0,33,000,00,2,0,21,B01
200700014117,0,13,000,00,1,6,02,A01
200700014118,0,13,000,00,0,6,10,A01
200700014118,0,31,000,00,2,1,01,B01
200700014119,0,07,000,00,2,4,02,A01
200700014119,0,07,000,00,2,1,02,B01
200700014120,0,07,000,00,2,1,02,A01
200700014120,0,07,000,00,2,4,02,B01
200700014121,0,07,000,00,0,0,11,A01
200700014121,0,31,000,00,0,7,01,B01
200700014122,0,07,000,04,0,0,21,A01
200700014123,0,02,000,00,2,0,01,A01
200700014123,1,07,000,00,2,0,17,B01
200700014124,0,07,000,00,0,0,15,A01
200700014124,0,07,000,13,2,1,01,B01
200700014125,0,07,000,02,0,1,05,A01
200700014126,0,03,000,14,0,1,01,A01
200700014127,0,02,000,00,2,1,01,A01
200700014127,0,07,000,00,2,4,23,B01
200700014128,0,07,000,00,2,1,02,A01
200700014128,0,07,000,00,0,4,23,B01
200700014129,0,07,000,00,2,2,15,A01
200700014129,0,30,000,00,0,1,01,B01
200700014130,0,07,000,00,4,3,15,A01
200700014130,0,40,000,00,2,2,01,B01
200700014131,0,07,000,00,1,1,15,A01
200700014131,0,31,000,00,2,8,01,B01
200700014132,0,17,000,00,2,6,01,B01
200700014132,0,31,000,00,2,1,03,A01
200700014133,0,30,000,00,2,1,02,A01
200700014133,0,07,000,00,2,6,02,B01
200700014133,0,07,000,00,2,1,01,C01
200700014134,0,07,000,00,2,1,01,A01
200700014134,0,99,000,00,0,6,01,B01
200700014135,0,07,000,00,1,1,01,A01
200700014136,0,07,000,00,2,5,15,A01
200700014136,0,33,000,00,2,1,01,B01
200700014137,0,33,000,00,2,7,17,A01
200700014137,0,07,000,00,2,7,15,B01
200700014138,0,07,000,00,2,1,15,A01
200700014138,0,01,000,00,2,1,01,B01
200700014139,0,10,000,00,1,2,01,A01
200700014140,1,07,000,00,2,0,12,A01
200700014140,0,37,000,00,2,2,01,B01
200700014141,0,07,000,00,2,1,02,A01
200700014141,0,37,000,00,0,4,23,B01
200700014142,0,10,000,00,2,2,11,A01
200700014142,0,07,000,00,2,1,01,B01
200700014143,0,07,000,00,2,1,09,A01
200700014143,0,02,000,00,2,1,01,B01
200700014144,0,07,000,00,2,1,13,A01
200700014144,0,07,000,00,2,1,01,B01
200700014145,0,07,000,00,2,1,01,B01
200700014145,0,07,000,00,2,8,15,A01
200700014146,0,07,000,01,2,1,01,A01
200700014146,0,07,000,00,2,4,01,B01
200700014147,0,07,000,00,2,1,02,A01
200700014147,0,07,000,00,2,1,02,B01
200700014147,0,10,000,00,2,1,02,C01
200700014147,0,17,000,00,2,1,02,D01
200700014147,0,07,000,00,2,4,02,E01
200700014148,0,07,000,00,2,6,15,B01
200700014148,0,07,000,00,2,3,01,A01
200700014149,0,02,000,00,0,0,01,A01
200700014150,0,30,000,00,2,1,01,A01
200700014150,0,01,000,00,2,8,01,B01
200700014151,0,07,000,00,1,2,01,A01
200700014152,0,07,000,00,1,2,01,A01
200700014153,0,02,000,00,2,1,17,A01
200700014153,0,07,000,00,2,8,15,B01
200700014154,0,07,000,00,1,1,01,A01
200700014155,0,37,001,00,1,1,01,A01
200700014156,0,02,000,00,2,7,13,A01
200700014156,0,07,000,00,2,1,01,B01
200700014157,0,07,000,00,2,2,15,A01
200700014157,0,07,000,00,2,2,01,B01
200700014158,0,07,000,00,2,1,01,A01
200700014158,0,07,000,00,2,8,01,B01
200700014159,0,33,000,00,2,1,17,A01
200700014159,0,07,000,00,2,6,15,B01
200700014160,0,07,000,00,1,1,01,A01
200700014161,0,07,000,00,1,1,20,A01
200700014162,0,30,000,00,2,1,17,A01
200700014162,0,07,000,00,2,6,01,B01
200700014163,0,07,000,00,1,1,01,A01
200700014164,0,01,000,00,2,7,19,A01
200700014164,0,07,000,00,2,2,01,B01
200700014165,0,07,000,00,2,1,15,A01
200700014165,0,30,000,00,2,8,01,B01
200700014166,1,07,000,00,1,7,01,A01
200700014167,0,33,000,00,2,2,01,B01
200700014167,0,07,000,00,2,3,09,A01
200700014168,0,30,000,00,0,7,01,A01
200700014169,0,07,000,00,1,4,04,A01
200700014170,0,37,000,00,0,0,01,A01
200700014171,0,33,000,13,0,7,01,A01
200700014172,0,07,000,13,0,7,01,A01
200700014173,0,07,000,00,1,2,01,A01
200700014174,0,07,000,00,2,2,01,B01
200700014174,0,07,000,00,2,1,09,A01
200700014175,0,07,000,00,2,8,01,A01
200700014175,0,02,000,00,2,1,01,B01
200700014176,0,07,000,01,1,1,01,A01
200700014177,0,01,000,00,2,7,13,A01
200700014177,0,31,000,00,9,8,01,B01
200700014178,0,07,000,00,1,1,01,A01
200700014179,0,07,000,00,1,4,04,A01
200700014180,0,14,000,00,2,1,01,B01
200700014180,0,07,000,00,2,8,15,A01
200700014181,0,07,000,00,2,1,09,A01
200700014181,0,01,000,00,2,1,00,B01
200700014182,0,10,000,00,2,1,02,A01
200700014182,0,07,000,00,0,4,15,B01
200700014183,0,07,000,00,2,1,15,A01
200700014183,0,01,000,00,2,7,19,B01
200700014184,0,07,000,00,2,1,15,A01
200700014184,0,07,000,00,2,1,01,B01
200700014185,0,07,000,00,2,1,01,A01
200700014185,0,07,000,00,2,8,01,B01
200700014186,0,33,000,00,0,0,00,A01
200700014187,0,07,000,00,1,2,01,A01
200700014188,0,30,000,00,2,1,02,A01
200700014188,0,07,000,00,0,4,20,B01
200700014189,0,02,000,00,2,8,00,A01
200700014189,0,33,000,00,2,0,16,B01
200700014190,2,07,000,00,2,1,01,A01
200700014190,0,07,000,00,2,3,15,B01
200700014191,0,02,000,12,0,1,01,A01
200700014192,0,07,000,00,2,2,01,A01
200700014192,0,07,000,07,2,5,19,B01
200700014193,0,07,000,00,2,1,02,B01
200700014193,0,07,000,00,2,8,02,A01
200700014194,0,07,000,08,0,3,00,A01
200700014195,0,33,000,01,0,1,01,A01
200700014196,0,07,000,00,1,2,01,A01
200700014197,0,33,000,00,2,1,17,A01
200700014197,0,07,000,00,2,8,20,B01
200700014198,0,10,000,00,2,1,15,A01
200700014198,0,07,000,00,2,3,01,B01
200700014199,0,07,000,00,2,1,09,A01
200700014199,0,02,000,00,2,7,01,B01
200700014200,0,07,000,00,2,3,15,A01
200700014200,0,07,000,00,2,2,05,B01
200700014201,0,07,000,00,2,1,01,A01
200700014201,0,07,000,00,2,4,23,B01
200700014202,0,07,000,00,2,1,01,A01
200700014202,0,07,000,00,2,1,01,B01
200700014202,0,07,000,00,0,9,01,C01
200700014203,0,07,000,08,0,1,01,A01
200700014204,0,07,000,00,2,2,15,A01
200700014204,0,07,000,00,2,2,01,B01
200700014205,0,07,000,00,2,3,10,A01
200700014205,0,33,000,00,2,1,01,B01
200700014206,0,07,000,00,2,3,15,A01
200700014206,0,33,000,00,2,1,01,B01
200700014207,0,02,000,00,2,2,17,A01
200700014207,0,07,000,00,2,6,15,B01
200700014208,0,07,000,13,0,9,01,A01
200700014209,0,30,000,15,0,2,01,A01
200700014210,0,02,000,00,2,7,21,B01
200700014210,0,07,000,00,2,8,15,A01
200700014211,0,33,000,00,2,1,01,A01
200700014211,0,10,000,00,0,3,15,B01
200700014212,0,07,000,07,0,1,01,A01
200700014213,0,07,000,00,2,2,01,A01
200700014213,0,07,000,00,2,6,01,B01
200700014214,0,07,000,00,2,8,15,A01
200700014214,0,07,000,00,2,1,01,B01
200700014215,0,07,000,00,2,7,01,A01
200700014215,0,33,000,00,2,1,01,B01
200700014216,0,07,000,00,2,1,02,A01
200700014216,0,07,000,00,2,4,02,B01
200700014217,0,07,000,00,2,3,15,A01
200700014217,0,07,000,00,2,1,01,B01
200700014218,0,07,000,15,0,1,01,A01
200700014219,0,07,000,00,1,1,01,A01
200700014220,0,33,000,00,2,1,02,A01
200700014220,0,07,000,00,2,6,15,B01
200700014221,0,07,000,00,2,3,15,A01
200700014221,0,07,000,00,2,1,01,B01
200700014222,0,07,000,07,2,5,16,A01
200700014222,0,37,003,00,2,1,01,B01
200700014223,0,07,000,00,1,1,01,A01
200700014224,0,07,000,00,2,3,15,A01
200700014224,0,02,000,00,1,1,18,B01
200700014225,0,02,000,00,2,1,01,A01
200700014225,0,02,000,00,2,4,23,B01
200700014226,0,01,000,00,2,7,19,A01
200700014226,0,02,000,00,2,1,01,B01
200700014227,0,02,000,00,2,1,01,A01
200700014227,0,07,000,00,2,5,15,B01
200700014228,0,07,000,00,1,2,01,A01
200700014229,0,07,000,08,0,3,01,A01
200700014230,0,07,000,00,2,1,02,A01
200700014230,0,07,000,00,2,1,02,B01
200700014230,0,07,000,00,2,4,23,C01
200700014230,0,07,000,00,2,4,23,D01
200700014231,0,02,000,00,2,1,02,A01
200700014231,0,07,000,00,2,4,02,B01
200700014232,0,07,000,00,2,1,02,A01
200700014232,0,07,000,00,2,4,23,B01
200700014232,0,07,000,00,2,4,23,C01
200700014233,0,07,000,00,2,1,02,A01
200700014233,0,07,000,00,2,4,02,B01
200700014233,0,07,000,00,2,4,02,C01
200700014234,0,07,000,00,2,3,15,B01
200700014234,0,33,000,00,2,1,05,A01
200700014235,0,07,000,00,1,1,01,A01
200700014236,0,02,000,00,2,1,02,A01
200700014236,0,10,000,00,2,5,02,B01
200700014237,0,07,000,00,2,1,02,A01
200700014237,0,07,000,00,2,4,02,B01
200700014238,0,07,000,00,2,3,01,B01
200700014238,0,07,000,00,2,1,01,A01
200700014238,0,10,000,00,2,3,23,C01
200700014239,0,07,000,00,1,1,01,A01
200700014240,0,07,000,00,2,1,02,A01
200700014240,0,07,000,00,2,4,23,B01
200700014241,0,10,000,00,2,1,02,A01
200700014241,0,07,000,00,2,4,02,B01
200700014242,0,07,000,00,1,2,01,A01
200700014243,0,07,000,00,2,1,13,A01
200700014243,0,07,000,00,2,1,01,B01
200700014244,0,30,000,00,2,1,02,A01
200700014244,0,07,000,00,2,4,01,B01
200700014245,0,07,000,00,0,4,01,B01
200700014245,0,07,000,00,2,1,01,A01
200700014246,0,02,000,01,0,4,02,A01
200700014246,0,07,000,00,2,6,23,B01
200700014247,0,07,000,00,2,5,13,A01
200700014247,0,07,000,00,2,3,21,B01
200700014248,0,07,000,00,1,0,01,A01
200700014249,0,07,000,00,1,1,01,A01
200700014250,0,02,000,00,0,0,01,A01
200700014251,0,02,000,00,2,8,02,A01
200700014251,0,30,000,08,2,7,02,B01
200700014252,0,30,000,00,2,4,09,B01
200700014252,0,07,000,00,2,3,09,A01
200700014253,1,07,000,00,2,8,15,A01
200700014253,0,02,000,00,2,8,18,B01
200700014254,0,07,000,06,0,1,01,A01
200700014255,0,07,000,00,2,1,02,A01
200700014255,0,07,000,00,2,4,23,B01
200700014255,0,07,000,00,2,4,23,C01
200700014256,0,07,000,00,2,1,01,A01
200700014256,0,07,000,00,2,4,01,B01
200700014257,0,02,000,00,0,0,01,A01
200700014258,0,02,000,00,2,1,17,A01
200700014258,0,07,000,00,2,8,15,B01
200700014259,0,07,000,00,2,8,11,A01
200700014259,0,32,000,00,2,2,17,B01
200700014260,0,07,000,00,1,5,04,A01
200700014261,0,07,000,00,2,1,01,B01
200700014261,0,07,000,00,0,8,01,A01
200700014262,0,10,000,00,1,1,00,A01
200700014263,0,30,000,00,2,1,01,B01
200700014263,0,07,000,00,2,3,10,A01
200700014264,0,07,000,00,2,3,09,A01
200700014264,0,02,000,00,2,7,12,B01
200700014265,0,07,000,00,2,9,01,B01
200700014265,0,18,015,00,2,1,01,C01
200700014265,0,07,000,00,2,1,15,A01
200700014266,0,10,000,00,1,6,04,A01
200700014267,0,07,000,00,2,3,15,A01
200700014267,0,07,000,00,2,3,01,B01
200700014268,0,02,000,00,2,1,02,A01
200700014268,0,07,000,00,2,7,16,B01
200700014269,0,04,000,00,2,1,01,B01
200700014269,0,07,000,00,2,2,01,A01
200700014270,0,07,000,00,1,4,00,A01
200700014271,0,07,000,00,1,4,00,A01
200700014272,0,02,000,00,2,1,01,B01
200700014272,0,07,000,00,2,3,09,A01
200700014273,0,07,000,08,2,1,17,A01
200700014273,0,07,000,00,2,3,15,B01
200700014274,0,07,000,00,2,1,13,A01
200700014274,0,07,000,00,2,1,01,B01
200700014275,0,07,000,00,2,1,01,B01
200700014275,0,07,000,00,2,4,01,A01
200700014276,0,07,000,00,2,1,01,A01
200700014276,0,07,000,00,2,3,15,B01
200700014277,0,07,000,00,2,3,01,A01
200700014277,0,07,000,00,2,1,01,B01
200700014277,0,07,000,00,2,3,01,C01
200700014278,0,05,000,00,9,0,01,A01
200700014278,0,07,000,00,0,0,23,B01
200700014279,0,07,000,00,2,3,01,A01
200700014279,0,07,000,00,2,1,01,B01
200700014280,0,02,000,00,2,2,01,B01
200700014280,0,07,000,00,2,3,09,A01
200700014281,0,02,000,00,2,1,17,A01
200700014281,0,07,000,00,1,3,15,B01
200700014282,0,07,000,00,2,9,01,A01
200700014283,0,38,003,00,2,2,01,A01
200700014283,0,07,000,00,2,3,15,B01
200700014284,0,07,000,00,2,7,16,A01
200700014284,0,10,000,00,2,8,09,B01
200700014285,0,30,000,00,2,1,01,A01
200700014285,0,07,000,00,2,8,23,B01
200700014286,0,07,000,00,2,8,15,A01
200700014286,0,33,000,00,2,1,01,B01
200700014287,0,30,000,00,0,1,03,A01
200700014287,0,07,000,00,0,8,22,B01
200700014287,0,07,000,00,0,0,23,C01
200700014288,0,36,000,00,2,1,01,A01
200700014288,0,07,000,00,2,8,15,B01
200700014289,0,07,000,00,2,2,15,A01
200700014289,0,30,000,00,2,3,01,B01
200700014290,0,07,000,00,2,1,15,A01
200700014290,0,07,000,00,2,8,01,B01
200700014291,0,07,000,00,0,0,02,A01
200700014291,0,07,000,00,0,0,02,B01
200700014291,0,07,000,00,0,0,02,C01
200700014292,0,02,000,00,0,1,01,A01
200700014292,0,15,000,00,0,6,00,B01
200700014293,0,02,000,00,2,8,01,A01
200700014293,0,07,000,00,2,1,15,B01
200700014294,0,02,000,00,2,8,01,A01
200700014294,0,07,000,00,2,7,16,B01
200700014295,0,07,000,00,2,3,02,A01
200700014295,0,33,000,00,2,2,02,B01
200700014296,0,07,000,15,0,1,01,A01
200700014297,0,33,000,00,2,1,01,B01
200700014297,0,01,000,00,2,1,09,A01
200700014298,0,07,000,00,1,1,17,A01
200700014299,0,07,000,00,2,2,01,A01
200700014299,0,07,000,00,2,3,01,B01
200700014300,0,07,000,01,0,1,05,A01
200700014301,0,33,000,00,2,1,02,A01
200700014301,0,07,000,00,2,4,02,B01
200700014302,0,30,000,00,2,3,01,A01
200700014302,0,07,000,00,2,3,15,B01
200700014303,0,07,000,01,0,3,01,A01
200700014304,0,07,000,06,0,2,14,A01
200700014305,0,07,000,07,0,2,06,A01
200700014306,0,01,000,00,2,1,19,A01
200700014306,0,37,001,00,9,2,15,B01
200700014307,0,07,000,00,1,4,04,A01
200700014308,0,04,000,00,2,1,01,A01
200700014308,0,07,000,00,2,5,15,B01
200700014309,0,07,000,02,0,1,01,A01
200700014309,1,07,000,00,0,0,00,B01
200700014310,0,10,000,00,1,2,01,A01
200700014311,0,05,000,00,2,1,02,A01
200700014311,0,07,000,00,0,4,15,B01
200700014312,0,14,000,02,0,1,13,A01
200700014313,0,07,000,00,2,1,13,A01
200700014313,0,07,000,00,2,1,01,B01
200700014313,0,07,000,00,2,1,01,C01
200700014314,0,07,000,00,2,8,22,A01
200700014314,0,01,000,00,2,1,01,B01
200700014315,0,02,000,00,2,3,13,A01
200700014315,0,07,000,00,2,8,01,B01
200700014316,0,07,000,00,2,3,09,A01
200700014316,0,01,000,00,2,1,01,B01
200700014317,0,07,000,00,0,4,01,C01
200700014317,0,07,000,00,2,1,01,B01
200700014317,0,07,000,00,2,1,01,A01
200700014318,0,02,000,00,2,2,17,A01
200700014318,0,07,000,00,2,3,15,B01
200700014319,0,07,000,00,2,1,01,A01
200700014319,0,07,000,00,2,8,15,B01
200700014320,0,07,000,00,2,3,16,A01
200700014320,0,02,000,00,2,1,01,B01
200700014321,0,07,000,00,2,1,01,B01
200700014321,0,07,000,00,2,8,09,A01
200700014322,0,07,000,00,1,1,02,A01