Num_Acc,senc,catv,occutc,obs,obsm,choc,manv,num_veh
200700014323,0,07,000,00,2,1,02,B01
200700014323,0,07,000,00,2,3,15,A01
200700014324,0,07,000,00,2,2,16,A01
200700014324,0,30,000,00,2,1,02,B01
200700014325,0,07,000,00,9,7,16,A01
200700014325,0,01,000,00,2,8,02,B01
200700014326,0,07,000,00,1,1,02,A01
200700014327,0,07,000,00,2,6,15,A01
200700014327,0,07,000,00,2,3,13,B01
200700014328,0,07,000,00,1,5,02,A01
200700014329,0,07,000,00,2,1,02,A01
200700014329,0,07,000,00,2,4,02,B01
200700014329,0,07,000,00,2,4,02,C01
200700014330,0,30,000,00,1,1,02,A01
200700014331,0,10,000,03,0,8,02,A01
200700014331,0,07,000,14,0,8,02,B01
200700014332,0,31,000,00,2,7,02,B01
200700014332,0,07,000,00,2,3,15,A01
200700014333,0,14,000,00,1,1,02,A01
200700014334,0,07,000,00,2,3,01,B01
200700014334,0,35,000,00,2,1,14,A01
200700014335,0,33,000,00,2,1,01,A01
200700014335,0,07,000,00,2,6,20,B01
200700014336,0,02,000,00,0,1,01,A01
200700014337,0,07,000,00,1,2,01,A01
200700014338,0,32,000,00,2,1,17,A01
200700014338,0,07,000,00,2,3,15,B01
200700014339,0,07,000,00,2,3,01,A01
200700014339,0,02,000,00,2,1,01,B01
200700014340,0,07,000,00,2,2,15,A01
200700014340,0,02,000,00,2,1,01,B01
200700014341,0,07,000,00,2,1,01,A01
200700014341,0,07,000,00,2,4,23,B01
200700014342,0,07,000,00,2,5,15,A01
200700014342,0,31,000,00,2,1,01,B01
200700014343,0,02,000,00,2,2,17,A01
200700014343,0,10,000,00,2,3,15,B01
200700014344,0,34,000,13,0,1,01,A01
200700014345,0,17,000,00,0,8,00,A01
200700014346,0,07,000,00,9,9,01,A01
200700014347,0,07,000,02,0,3,01,A01
200700014348,0,07,000,00,2,4,15,B01
200700014348,0,07,000,00,2,1,01,A01
200700014349,0,02,000,00,2,1,00,A01
200700014349,0,07,000,00,2,8,00,B01
200700014350,0,30,000,00,2,1,01,A01
200700014350,0,07,000,00,2,6,15,B01
200700014351,0,07,000,00,2,4,23,C01
200700014351,0,07,000,00,2,4,01,B01
200700014351,0,07,000,00,2,1,01,A01
200700014352,0,30,000,07,0,1,01,A01
200700014353,0,30,000,00,2,3,00,B01
200700014353,0,07,000,00,2,3,16,A01
200700014354,1,07,000,00,1,0,01,A01
200700014355,0,07,000,00,2,1,01,A01
200700014355,0,10,000,00,2,4,01,B01
200700014356,0,01,000,00,2,1,07,A01
200700014356,0,07,000,00,2,5,16,B01
200700014357,1,07,000,00,2,1,00,A01
200700014357,0,01,000,00,2,4,01,B01
200700014358,0,07,000,00,2,1,01,A01
200700014358,0,07,000,00,2,4,01,B01
200700014358,0,07,000,00,2,4,01,C01
200700014359,0,37,001,00,2,1,01,A01
200700014359,0,07,000,00,2,4,01,B01
200700014360,0,07,000,00,2,1,01,A01
200700014360,0,07,000,00,2,1,01,B01
200700014361,0,07,000,00,2,1,02,A01
200700014361,0,07,000,00,2,4,01,B01
200700014362,0,07,000,00,2,3,15,A01
200700014362,0,02,000,00,2,1,17,B01
200700014363,0,02,000,00,2,2,17,A01
200700014363,0,07,000,00,2,3,20,B01
200700014364,0,07,000,00,2,1,16,A01
200700014364,0,07,000,00,2,7,01,B01
200700014365,0,07,000,00,2,1,01,B01
200700014365,0,10,000,00,2,1,15,A01
200700014366,0,02,000,00,2,1,17,A01
200700014366,0,07,000,00,2,1,15,B01
200700014367,0,07,000,00,2,1,15,A01
200700014367,0,33,000,00,2,1,01,B01
200700014368,1,99,000,00,2,8,03,A01
200700014368,0,07,000,00,2,8,01,B01
200700014369,0,07,000,00,2,1,02,A01
200700014369,0,07,000,00,2,4,23,B01
200700014369,0,07,000,00,2,4,23,C01
200700014369,1,07,000,00,2,4,23,D01
200700014370,0,07,000,00,9,3,01,A01
200700014370,0,01,000,00,2,7,19,B01
200700014371,0,07,000,00,2,1,02,A01
200700014371,0,07,000,00,2,4,02,B01
200700014372,0,07,000,00,1,1,01,A01
200700014373,0,02,000,00,2,1,01,B01
200700014373,0,07,000,00,2,3,09,A01
200700014374,0,07,000,00,1,1,01,A01
200700014375,0,07,000,00,2,3,01,A01
200700014375,0,07,000,00,2,2,01,B01
200700014376,0,07,000,00,2,2,15,A01
200700014376,0,34,000,00,2,8,01,B01
200700014377,0,07,000,00,2,1,01,A01
200700014377,0,14,000,00,2,8,01,B01
200700014377,0,07,000,00,2,1,23,C01
200700014378,0,30,000,00,0,1,01,A01
200700014379,0,07,000,00,2,1,01,A01
200700014379,0,07,000,00,2,2,01,B01
200700014380,0,33,000,00,0,0,01,A01
200700014381,0,07,000,00,2,1,13,A01
200700014381,0,07,000,00,2,1,01,B01
200700014381,0,07,000,00,0,1,01,C01
200700014382,0,07,000,00,2,3,15,A01
200700014382,0,34,000,00,2,1,01,B01
200700014383,0,07,000,00,2,3,01,B01
200700014383,1,07,000,00,2,0,00,A01
200700014384,0,07,000,00,2,1,01,A01
200700014384,0,02,000,00,2,4,23,B01
200700014385,0,07,000,00,2,1,01,A01
200700014385,0,07,000,00,2,7,01,B01
200700014386,0,07,000,00,2,3,11,A01
200700014386,0,07,000,00,2,9,01,B01
200700014387,0,07,000,00,2,1,01,A01
200700014387,0,07,000,00,2,4,01,B01
200700014388,0,30,000,00,2,1,01,B01
200700014388,0,07,000,00,2,3,15,A01
200700014389,0,07,000,00,1,3,01,A01
200700014390,0,07,000,01,2,0,09,A01
200700014390,0,07,000,00,2,1,01,B01
200700014391,0,07,000,00,2,2,15,A01
200700014391,0,07,000,08,2,1,01,B01
200700014392,0,07,000,00,2,3,01,B01
200700014392,0,07,000,00,2,1,01,A01
200700014393,0,07,000,00,1,3,01,A01
200700014394,0,07,000,06,0,1,15,A01
200700014395,0,07,000,09,0,1,00,A01
200700014396,0,10,000,00,2,2,01,B01
200700014396,0,07,000,00,2,3,09,A01
200700014397,0,07,000,03,0,5,14,A01
200700014398,0,07,000,00,2,1,01,B01
200700014398,0,07,000,00,2,3,15,A01
200700014399,0,07,000,00,2,1,01,B01
200700014399,0,07,000,00,2,3,00,A01
200700014400,0,14,000,00,2,2,01,A01
200700014400,0,07,000,00,2,3,01,B01
200700014401,0,07,000,00,2,2,01,C01
200700014401,2,07,000,00,2,0,16,A01
200700014401,0,33,000,00,2,2,16,B01
200700014402,0,02,000,00,2,3,01,A01
200700014402,0,07,000,00,2,5,01,B01
200700014403,0,02,000,00,2,3,00,A01
200700014403,0,07,000,00,2,8,01,B01
200700014404,0,33,000,02,0,1,00,A01
200700014405,0,14,000,00,2,3,15,A01
200700014405,0,07,000,00,2,1,01,B01
200700014406,0,07,000,00,2,6,09,A01
200700014406,0,33,000,01,2,1,01,B01
200700014406,0,07,000,00,2,4,24,C01
200700014407,0,07,000,00,1,1,01,A01
200700014408,0,02,000,00,2,1,01,A01
200700014408,0,07,000,00,2,3,09,B01
200700014409,0,07,000,00,1,1,01,A01
200700014410,0,07,000,00,2,6,09,A01
200700014410,0,01,000,00,2,1,09,B01
200700014411,0,07,000,00,1,1,16,A01
200700014412,0,07,000,08,2,3,01,B01
200700014413,0,07,000,00,1,3,01,A01
200700014414,0,07,000,00,1,3,01,A01
200700014415,0,33,000,09,0,2,01,A01
200700014416,0,10,000,00,2,1,15,A01
200700014416,0,07,000,15,2,1,01,B01
200700014417,0,30,000,00,2,1,01,A01
200700014417,0,07,000,00,2,1,15,B01
200700014418,0,07,000,00,2,1,15,A01
200700014418,0,02,000,00,2,1,01,B01
200700014419,0,02,000,00,2,0,01,A01
200700014419,0,38,026,00,2,0,01,B01
200700014420,0,07,000,04,0,0,13,A01
200700014421,0,07,000,00,0,0,01,A01
200700014422,0,07,000,00,2,1,05,A01
200700014422,0,07,000,00,2,8,01,B01
200700014423,0,14,000,00,2,6,01,A01
200700014423,0,07,000,00,2,2,01,B01
200700014424,0,07,000,00,2,1,02,A01
200700014424,0,07,000,00,2,4,23,B01
200700014424,0,07,000,00,2,4,23,C01
200700014425,1,07,000,00,2,0,00,A01
200700014425,0,33,000,00,2,0,01,B01
200700014426,0,33,000,00,1,1,01,A01
200700014427,0,07,000,00,2,3,04,A01
200700014427,0,07,000,00,2,2,01,B01
200700014428,0,33,000,00,0,0,01,A01
200700014428,0,07,000,00,0,0,01,B01
200700014429,0,07,000,00,2,7,01,A01
200700014429,0,07,000,00,2,1,01,B01
200700014430,0,07,000,00,2,1,01,B01
200700014430,0,07,000,00,2,6,09,A01
200700014431,0,07,000,00,2,1,15,A01
200700014431,0,07,000,00,2,3,01,B01
200700014432,0,33,000,00,2,1,19,B01
200700014432,0,07,000,00,2,2,01,A01
200700014433,0,07,000,00,2,1,01,A01
200700014433,0,07,000,00,2,4,01,B01
200700014434,0,07,000,00,2,3,15,B01
200700014434,0,07,000,00,2,1,17,A01
200700014435,0,07,000,00,2,2,01,B01
200700014435,0,02,000,00,2,0,10,A01
200700014436,0,07,000,00,2,1,02,A01
200700014436,0,07,000,00,2,4,23,B01
200700014436,0,07,000,00,2,4,23,C01
200700014436,0,07,000,00,2,4,23,D01
200700014437,1,07,000,00,1,0,00,A01
200700014438,0,37,030,00,1,1,01,A01
200700014439,0,02,000,00,2,1,01,A01
200700014439,0,07,000,00,2,0,01,B01
200700014440,0,33,000,00,2,2,01,A01
200700014440,0,07,000,00,2,3,15,B01
200700014441,0,33,000,00,2,1,01,A01
200700014441,0,07,000,00,2,4,01,B01
200700014442,0,07,000,08,0,2,00,A01
200700014443,0,07,000,00,2,3,15,A01
200700014443,0,32,000,00,2,7,08,B01
200700014444,0,02,000,00,2,1,01,A01
200700014444,0,07,000,00,2,4,00,B01
200700014445,0,07,000,00,2,3,11,A01
200700014445,0,33,000,00,2,7,01,B01
200700014446,0,07,000,08,0,1,00,A01
200700014447,0,07,000,00,1,1,01,A01
200700014448,0,32,000,00,2,1,01,A01
200700014448,0,07,000,00,2,2,01,B01
200700014449,0,07,000,13,0,3,01,A01
200700014450,0,07,000,13,0,2,01,A01
200700014451,0,07,000,00,1,2,01,A01
200700014452,0,07,000,02,0,1,00,A01
200700014453,0,07,000,00,2,1,02,A01
200700014453,0,07,000,00,2,4,02,B01
200700014454,0,07,000,00,2,2,02,A01
200700014454,0,33,000,00,2,6,02,B01
200700014455,0,33,000,00,2,0,01,A01
200700014455,0,07,000,00,2,4,01,B01
200700014456,0,07,000,00,2,6,15,A01
200700014456,0,33,000,00,2,1,17,B01
200700014457,0,07,000,00,2,1,01,A01
200700014457,0,02,000,00,2,1,01,B01
200700014458,0,07,000,00,2,6,00,A01
200700014458,0,31,000,00,2,1,00,B01
200700014459,0,07,000,00,2,1,01,A01
200700014459,0,07,000,00,2,4,23,B01
200700014460,0,07,000,00,2,1,01,A01
200700014460,0,07,000,00,2,4,01,B01
200700014460,0,07,000,00,2,4,01,C01
200700014461,0,07,000,00,2,7,00,A01
200700014461,0,07,000,00,2,1,00,B01
200700014462,0,07,000,12,0,3,01,A01
200700014463,0,07,000,11,0,3,13,A01
200700014464,0,30,000,00,2,1,01,A01
200700014464,0,07,000,00,2,3,15,B01
200700014465,0,07,000,00,1,1,15,A01
200700014466,0,31,000,00,0,0,01,A01
200700014467,0,07,000,00,1,8,04,A01
200700014468,0,07,000,00,2,2,15,A01
200700014468,0,01,000,00,2,3,01,B01
200700014469,0,07,000,03,0,3,01,A01
200700014470,0,07,000,00,2,3,01,A01
200700014470,0,07,000,00,2,2,01,B01
200700014471,0,02,000,00,2,7,01,A01
200700014471,0,07,000,00,2,2,16,B01
200700014472,0,10,000,00,2,5,15,A01
200700014472,0,31,000,00,2,1,01,B01
200700014473,0,07,000,06,0,0,00,A01
200700014474,0,30,000,00,2,7,01,B01
200700014474,0,07,000,00,9,3,09,A01
200700014475,0,15,000,00,2,2,12,A01
200700014475,0,33,000,09,2,4,01,B01
200700014476,0,07,000,00,2,2,01,A01
200700014476,0,07,000,00,2,8,01,B01
200700014477,0,30,000,00,2,1,02,A01
200700014477,0,07,000,00,2,4,02,B01
200700014478,0,01,000,00,2,1,00,A01
200700014478,0,10,000,00,9,2,00,B01
200700014479,0,02,000,00,2,2,01,A01
200700014479,0,07,000,00,2,8,00,B01
200700014480,0,07,000,15,0,1,15,A01
200700014481,0,01,000,00,2,1,02,A01
200700014481,0,07,000,00,9,4,00,B01
200700014482,0,07,000,00,1,1,01,A01
200700014483,0,07,000,00,1,1,01,A01
200700014484,0,07,000,00,2,1,15,A01
200700014484,0,32,000,00,2,1,01,B01
200700014485,0,07,000,00,2,7,15,A01
200700014485,0,02,000,00,2,1,01,B01
200700014486,0,07,000,00,2,8,11,A01
200700014486,0,33,000,00,2,4,01,B01
200700014487,1,07,000,00,1,0,15,A01
200700014488,1,07,000,00,0,0,11,A01
200700014488,0,07,000,04,2,1,01,B01
200700014488,0,07,000,00,2,8,01,C01
200700014489,2,31,000,00,9,1,00,A01
200700014489,0,01,000,00,2,4,01,B01
200700014490,0,07,000,02,0,2,01,A01
200700014491,0,07,000,00,1,4,04,A01
200700014492,0,07,000,00,2,1,01,A01
200700014492,0,02,000,00,2,1,01,B01
200700014493,0,31,000,00,2,7,01,A01
200700014493,0,07,000,00,2,8,18,B01
200700014494,0,01,000,00,2,1,05,A01
200700014494,0,07,000,00,9,3,15,B01
200700014495,0,07,000,00,2,1,15,A01
200700014495,0,30,000,00,2,8,01,B01
200700014496,0,10,000,00,2,1,01,A01
200700014496,0,07,000,00,2,6,15,B01
200700014497,0,10,000,00,2,3,01,A01
200700014497,0,07,000,00,2,1,00,B01
200700014498,0,33,000,00,2,3,00,A01
200700014498,0,10,000,00,2,5,00,B01
200700014499,0,10,000,00,1,2,01,A01
200700014500,0,07,000,00,2,2,00,A01
200700014500,0,07,000,00,2,2,00,B01
200700014501,0,07,000,04,0,3,01,A01
200700014502,0,07,000,00,1,1,10,A01
200700014503,0,07,000,00,2,3,01,B01
200700014503,0,07,000,00,2,8,15,A01
200700014504,0,07,000,00,2,1,01,A01
200700014504,0,07,000,00,2,1,01,B01
200700014504,0,07,000,00,2,4,01,C01
200700014505,0,07,000,00,2,2,15,A01
200700014505,0,31,000,00,2,2,01,B01
200700014506,0,07,000,00,2,2,15,A01
200700014506,0,31,000,00,2,1,01,B01
200700014507,0,07,000,00,2,1,01,A01
200700014507,0,07,000,00,2,1,01,B01
200700014507,0,07,000,00,2,1,01,C01
200700014508,0,07,000,00,2,3,01,A01
200700014508,0,07,000,00,2,3,01,B01
200700014509,1,07,000,00,1,9,01,A01
200700014510,0,07,000,00,0,7,01,A01
200700014510,0,07,000,00,2,1,01,B01
200700014511,0,07,000,00,9,5,15,A01
200700014511,0,30,000,00,2,1,01,B01
200700014512,0,33,000,00,2,1,01,A01
200700014512,0,07,000,00,2,8,01,B01
200700014513,0,02,000,00,2,9,17,A01
200700014513,0,07,000,00,2,3,01,B01
200700014514,0,17,000,00,2,2,17,A01
200700014514,0,07,000,00,9,6,01,B01
200700014515,0,02,000,00,2,1,17,A01
200700014515,0,07,000,00,0,3,15,B01
200700014516,0,07,000,04,0,3,13,A01
200700014516,0,17,000,00,2,0,13,B01
200700014517,0,07,000,00,2,1,02,A01
200700014517,0,07,000,00,2,4,00,B01
200700014518,0,07,000,00,2,1,01,A01
200700014518,0,07,000,00,2,4,01,B01
200700014518,0,07,000,00,2,4,01,C01
200700014519,0,10,000,00,9,2,12,A01
200700014519,0,31,000,00,2,1,01,B01
200700014520,0,07,000,00,9,3,15,A01
200700014520,0,02,000,00,2,1,01,B01
200700014521,0,02,000,00,2,2,00,A01
200700014521,0,07,000,00,9,3,00,B01
200700014522,0,07,000,00,0,2,15,A01
200700014522,0,33,000,00,2,1,01,B01
200700014523,0,07,000,00,2,1,01,A01
200700014523,0,07,000,00,2,4,01,B01
200700014524,0,05,000,00,2,1,00,A01
200700014524,0,07,000,00,2,6,00,B01
200700014525,0,05,000,12,0,1,01,A01
200700014526,0,07,000,00,2,2,00,A01
200700014526,0,10,000,00,2,8,00,B01
200700014527,0,02,000,00,0,8,01,A01
200700014528,0,07,000,00,1,1,01,A01
200700014529,0,07,000,00,2,1,01,A01
200700014529,0,07,000,00,2,4,23,B01
200700014530,0,07,000,00,2,2,15,A01
200700014530,0,33,000,00,2,1,01,B01
200700014531,0,07,000,00,2,2,01,A01
200700014531,0,07,000,00,2,7,01,B01
200700014532,0,07,000,00,2,1,02,A01
200700014532,0,07,000,00,2,4,02,B01
200700014532,0,07,000,00,2,4,02,C01
200700014532,0,07,000,00,2,4,02,D01
200700014533,0,07,000,00,2,4,00,B01
200700014533,0,07,000,00,2,1,01,A01
200700014534,0,07,000,04,0,9,00,A01
200700014535,0,34,000,00,2,3,01,A01
200700014535,0,37,001,00,2,5,15,B01
200700014536,0,07,000,00,1,2,00,A01
200700014537,0,37,002,00,2,3,20,A01
200700014537,0,10,000,00,2,7,17,B01
200700014538,1,07,000,00,2,0,00,A01
200700014538,0,07,000,00,2,6,01,B01
200700014539,0,30,000,15,0,2,14,A01
200700014540,0,01,000,00,1,1,01,A01
200700014541,0,07,000,00,9,2,12,A01
200700014541,0,02,000,00,2,8,01,B01
200700014542,0,07,000,00,0,1,00,A01
200700014542,0,07,000,00,2,1,01,B01
200700014543,0,07,000,00,2,5,04,A01
200700014543,0,02,000,00,2,1,01,B01
200700014544,0,10,000,00,2,1,02,A01
200700014544,0,07,000,00,2,4,02,B01
200700014544,0,07,000,00,2,4,02,C01
200700014545,0,07,000,00,2,3,01,A01
200700014545,0,07,000,00,2,3,01,B01
200700014546,0,07,000,00,2,1,15,A01
200700014546,0,33,000,00,2,1,01,B01
200700014547,0,33,000,00,1,2,03,A01
200700014548,0,07,000,00,2,3,13,A01
200700014548,0,07,000,15,2,3,00,B01
200700014549,0,02,000,00,2,8,01,B01
200700014549,0,07,000,00,2,1,15,A01
200700014550,0,15,000,00,2,7,12,A01
200700014550,0,07,000,00,2,1,01,B01
200700014551,0,30,000,00,2,1,00,A01
200700014551,0,07,000,00,9,3,00,B01
200700014552,0,33,000,00,1,2,00,A01
200700014553,0,07,000,00,2,3,01,A01
200700014553,0,07,000,00,2,6,01,B01
200700014554,0,30,000,00,2,1,01,A01
200700014554,0,07,000,00,2,3,01,B01
200700014555,0,07,000,00,1,3,01,A01
200700014556,0,01,000,00,2,8,13,A01
200700014556,0,34,000,00,9,7,01,B01
200700014557,0,07,000,00,2,1,01,A01
200700014557,0,07,000,00,2,4,01,B01
200700014558,0,07,000,00,2,4,02,A01
200700014558,2,07,000,00,2,1,01,B01
200700014559,0,07,000,03,0,7,01,A01
200700014559,0,07,000,14,2,1,01,B01
200700014560,0,07,000,00,2,1,02,A01
200700014560,0,07,000,00,2,4,02,B01
200700014561,0,33,000,00,1,2,01,A01
200700014562,0,07,000,09,2,1,01,A01
200700014562,0,07,000,00,2,4,01,B01
200700014563,0,07,000,00,2,1,02,A01
200700014563,0,07,000,00,2,4,02,B01
200700014564,0,14,000,00,1,7,01,A01
200700014565,0,07,000,00,1,3,01,A01
200700014566,0,07,000,00,2,1,01,A01
200700014566,0,07,000,00,2,4,01,B01
200700014566,0,07,000,00,2,1,01,C01
200700014566,0,07,000,00,2,4,01,D01
200700014567,0,07,000,00,2,4,01,A01
200700014567,0,07,000,00,2,1,01,B01
200700014567,0,07,000,00,2,1,01,C01
200700014568,0,10,000,00,2,0,15,A01
200700014568,0,01,000,00,0,0,00,B01
200700014569,0,07,000,00,2,0,11,A01
200700014569,0,33,000,00,2,7,01,B01
200700014570,0,07,000,00,2,6,15,A01
200700014570,0,02,000,00,2,2,17,B01
200700014571,0,10,000,00,1,0,11,A01
200700014572,0,07,000,00,2,1,15,A01
200700014572,0,30,000,00,2,8,01,B01
200700014573,0,33,000,00,0,7,01,A01
200700014574,0,07,000,00,1,1,00,A01
200700014575,0,07,000,06,0,2,13,A01
200700014576,0,07,000,00,0,0,00,C01
200700014576,0,07,000,00,2,3,10,A01
200700014576,0,02,000,00,2,1,01,B01
200700014577,0,30,000,00,2,1,01,B01
200700014577,0,07,000,00,2,2,01,A01
200700014578,0,07,000,00,2,2,15,A01
200700014578,0,02,000,00,2,9,01,B01
200700014579,0,14,000,00,2,1,01,A01
200700014579,0,07,000,00,0,4,01,B01
200700014580,0,07,000,00,2,7,15,A01
200700014580,0,07,000,00,2,1,01,B01
200700014581,0,07,000,13,0,1,00,A01
200700014582,0,34,000,00,2,8,11,A01
200700014582,0,07,000,00,2,7,07,B01
200700014583,0,07,000,00,9,3,01,B01
200700014583,0,01,000,00,2,0,10,A01
200700014584,0,07,000,00,2,5,20,A01
200700014584,0,02,000,00,2,2,01,B01
200700014585,0,07,000,08,0,1,01,A01
200700014586,0,07,000,00,2,1,15,A01
200700014586,0,01,000,00,2,1,01,B01
200700014587,0,07,000,00,2,1,01,B01
200700014587,0,07,000,00,2,1,13,A01
200700014588,0,07,000,00,0,4,02,B01
200700014588,0,30,000,00,2,1,02,A01
200700014589,0,07,000,06,0,1,02,A01
200700014590,0,02,000,00,2,1,01,A01
200700014590,0,07,000,00,2,6,09,B01
200700014591,0,07,000,00,1,1,20,A01
200700014592,0,07,000,02,0,1,00,A01
200700014593,0,07,000,00,2,1,09,A01
200700014593,0,01,000,00,2,7,01,B01
200700014594,0,30,000,00,2,1,02,A01
200700014594,0,07,000,00,2,4,15,B01
200700014595,0,07,000,00,2,1,01,A01
200700014595,0,32,000,00,2,7,01,B01
200700014596,0,07,000,00,2,8,01,A01
200700014596,0,02,000,00,2,8,01,B01
200700014597,1,07,000,00,2,0,15,A01
200700014597,0,07,000,00,2,8,01,B01
200700014598,0,10,000,07,0,1,01,A01
200700014599,0,07,000,00,2,2,15,A01
200700014599,0,07,000,00,2,1,01,B01
200700014600,0,07,000,01,2,9,01,A01
200700014600,0,07,000,01,2,9,24,C01
200700014600,0,07,000,00,2,1,01,B01
200700014601,0,07,000,00,2,1,15,A01
200700014601,0,33,000,00,2,3,01,B01
200700014602,0,07,000,00,2,3,01,A01
200700014602,0,02,000,00,2,8,01,B01
200700014603,0,07,000,00,2,1,01,A01
200700014603,0,07,000,00,0,4,01,B01
200700014604,0,07,000,00,2,1,15,A01
200700014604,0,02,000,00,2,9,01,B01
200700014605,0,33,000,00,2,2,01,A01
200700014605,0,07,000,00,2,7,01,B01
200700014606,0,02,000,12,0,1,15,A01
200700014607,0,10,000,14,0,1,02,A01
200700014607,0,07,000,00,2,4,23,B01
200700014608,0,07,000,00,2,1,15,A01
200700014608,0,31,000,00,0,8,01,B01
200700014609,0,07,000,00,1,2,01,A01
200700014610,0,07,000,00,2,1,01,A01
200700014610,0,07,000,00,2,1,01,B01
200700014611,0,07,000,00,1,2,01,A01
200700014612,0,07,000,00,2,1,01,A01
200700014612,0,01,000,00,2,2,01,B01
200700014613,0,02,000,00,2,1,17,A01
200700014613,0,10,000,00,2,3,15,B01
200700014614,0,07,000,00,2,1,15,A01
200700014614,0,02,000,00,2,1,01,B01
200700014615,0,33,000,00,0,7,01,A01
200700014616,0,07,000,00,2,3,15,A01
200700014616,0,31,000,00,2,1,01,B01
200700014617,0,02,000,00,2,1,01,A01
200700014617,0,07,000,00,2,5,16,B01
200700014618,0,07,000,00,2,2,16,A01
200700014618,0,02,000,00,2,8,18,B01
200700014619,0,10,000,00,2,1,02,A01
200700014619,0,07,000,00,0,4,01,B01
200700014620,0,07,000,00,2,1,01,A01
200700014620,0,07,000,00,0,4,23,B01
200700014621,0,07,000,00,2,3,01,A01
200700014621,0,10,000,00,2,1,01,B01
200700014622,0,07,000,00,1,4,04,A01
200700014623,0,37,030,00,1,1,01,A01
200700014624,0,07,000,00,2,2,15,A01
200700014624,0,07,000,00,2,1,01,B01
200700014625,0,07,000,00,2,8,01,A01
200700014625,0,07,000,01,2,8,20,B01
200700014626,0,07,000,04,0,0,01,A01
200700014627,0,07,000,14,0,1,01,A01
200700014627,0,07,000,14,0,4,23,B01
200700014627,0,07,000,00,0,4,23,C01
200700014628,0,31,000,00,2,1,01,A01
200700014628,0,07,000,00,2,7,01,B01
200700014629,0,07,000,06,2,1,01,A01
200700014629,0,07,000,00,2,7,01,B01
200700014630,0,07,000,00,1,1,15,A01
200700014631,1,01,000,00,1,0,01,A01
200700014632,0,10,000,00,0,5,01,A01
200700014632,0,31,000,00,2,1,01,B01
200700014633,0,10,000,00,1,4,04,A01
200700014634,0,07,000,14,0,4,23,B01
200700014634,0,31,000,00,0,4,23,C01
200700014634,0,07,000,14,0,1,01,A01
200700014635,0,07,000,00,2,8,15,A01
200700014635,0,33,000,00,2,1,01,B01
200700014636,0,07,000,00,2,6,15,A01
200700014636,0,02,000,00,1,1,17,B01
200700014637,0,07,000,00,2,1,01,A01
200700014637,0,07,000,00,0,4,01,B01
200700014638,0,10,000,14,0,1,15,A01
200700014638,0,07,000,00,0,4,23,B01
200700014639,0,07,000,00,1,3,10,A01
200700014640,0,07,000,00,2,8,01,A01
200700014640,0,07,000,00,2,1,01,B01
200700014641,0,07,000,00,2,2,16,A01
200700014641,0,02,000,00,2,3,01,B01
200700014642,0,07,000,00,2,1,01,A01
200700014642,0,01,000,00,2,1,01,B01
200700014643,0,07,000,00,2,5,01,A01
200700014643,0,07,000,00,2,1,16,B01
200700014644,0,07,000,06,0,1,01,A01
200700014645,0,33,000,00,2,1,01,A01
200700014645,0,07,000,00,2,2,01,B01
200700014646,0,07,000,00,2,5,15,A01
200700014646,0,02,000,00,2,1,01,B01
200700014647,0,02,000,00,2,1,17,A01
200700014647,0,07,000,00,2,3,15,B01
200700014648,0,33,000,01,2,2,13,A01
200700014648,0,07,000,00,2,3,23,B01
200700014649,0,07,000,00,2,1,02,A01
200700014649,0,07,000,00,2,4,23,B01
200700014650,0,07,000,00,2,3,15,A01
200700014650,0,33,000,00,2,1,01,B01
200700014651,0,10,000,00,2,3,01,A01
200700014651,0,02,000,00,2,1,01,B01
200700014652,0,07,000,00,2,8,10,A01
200700014652,0,31,000,00,2,1,01,B01
200700014653,0,07,000,00,2,3,01,A01
200700014653,0,07,000,00,2,3,15,B01
200700014654,0,07,000,00,2,1,15,A01
200700014654,0,02,000,00,2,1,01,B01
200700014655,0,02,000,01,0,1,14,A01
200700014656,0,07,000,00,2,2,15,A01
200700014656,0,01,000,00,2,1,01,B01
200700014657,0,07,000,00,1,5,16,A01
200700014657,0,02,000,00,2,9,01,B01
200700014658,0,10,000,00,2,3,15,A01
200700014658,0,33,000,00,2,1,01,B01
200700014659,0,07,000,01,0,8,01,A01
200700014660,0,10,000,00,2,1,15,A01
200700014660,0,07,000,00,2,7,01,B01
200700014661,0,02,000,14,0,1,01,A01
200700014662,0,02,000,00,2,1,15,A01
200700014662,0,07,000,00,2,1,01,B01
200700014663,0,10,000,00,2,3,15,A01
200700014663,0,02,000,00,2,7,17,B01
200700014664,0,02,000,00,2,1,01,A01
200700014664,0,07,000,00,2,5,15,B01
200700014665,0,07,000,00,2,1,15,A01
200700014665,0,07,000,00,2,3,01,B01
200700014666,0,07,000,00,2,2,01,A01
200700014666,0,02,000,00,2,8,01,B01
200700014667,0,07,000,00,2,7,01,A01
200700014667,0,01,000,00,2,1,01,B01
200700014668,0,07,000,00,1,1,01,A01
200700014669,0,02,000,00,2,1,17,A01
200700014669,0,10,000,00,2,6,01,B01
200700014670,0,07,000,01,0,1,14,A01
200700014671,0,07,000,14,0,1,01,A01
200700014671,0,07,000,00,0,4,23,B01
200700014672,0,07,000,00,2,7,15,A01
200700014672,0,02,000,00,2,1,01,B01
200700014673,0,07,000,00,1,3,15,A01
200700014674,0,07,000,00,2,2,01,A01
200700014674,0,07,000,15,2,2,01,B01