Num_Acc,senc,catv,occutc,obs,obsm,choc,manv,num_veh
200700014675,0,07,000,07,0,1,09,A01
200700014676,0,31,000,00,2,1,17,A01
200700014676,0,07,000,00,2,8,15,B01
200700014677,0,07,000,00,2,2,13,A01
200700014677,0,07,000,00,2,1,01,B01
200700014678,0,07,000,00,2,1,15,A01
200700014678,0,02,000,00,2,7,01,B01
200700014679,0,07,000,00,2,1,01,A01
200700014679,0,02,000,14,2,1,01,B01
200700014679,0,07,000,00,0,6,23,C01
200700014680,0,07,000,00,0,6,01,A01
200700014680,0,31,000,00,2,1,01,B01
200700014681,0,07,000,00,2,1,01,B01
200700014681,0,31,000,00,2,2,01,A01
200700014682,0,07,000,01,2,3,01,A01
200700014682,0,30,000,00,0,8,01,B01
200700014683,0,07,000,00,0,3,15,A01
200700014683,0,02,000,00,2,2,17,B01
200700014684,0,07,000,00,1,2,15,A01
200700014685,0,07,000,00,2,1,19,A01
200700014685,0,07,000,00,2,7,01,B01
200700014686,0,07,000,00,1,6,04,A01
200700014687,0,07,000,00,2,1,01,A01
200700014687,0,07,000,00,2,4,01,B01
200700014687,0,07,000,00,0,4,01,C01
200700014688,0,33,000,14,0,1,01,A01
200700014688,0,07,000,00,0,4,23,B01
200700014689,0,01,000,00,2,1,01,A01
200700014689,0,07,000,00,2,7,01,B01
200700014690,0,07,000,00,2,3,15,A01
200700014690,0,02,000,00,2,1,01,B01
200700014691,0,07,000,00,2,0,09,A01
200700014691,0,31,000,00,2,0,01,B01
200700014692,0,02,000,00,2,1,01,A01
200700014692,0,07,000,00,2,6,15,B01
200700014693,0,07,000,00,2,8,15,A01
200700014693,0,33,000,00,2,1,01,B01
200700014694,0,07,000,00,2,2,12,A01
200700014694,0,07,000,00,0,6,01,B01
200700014695,0,02,000,00,2,9,01,A01
200700014695,0,07,000,00,2,4,01,B01
200700014696,0,07,000,01,0,1,01,A01
200700014697,0,07,000,00,2,1,01,A01
200700014697,0,07,000,00,0,4,02,B01
200700014698,0,02,000,00,0,0,00,A01
200700014699,0,07,000,00,2,1,01,A01
200700014699,0,07,000,00,2,9,01,B01
200700014699,0,07,000,00,2,4,01,C01
200700014700,0,07,000,00,1,1,01,A01
200700014701,0,10,000,00,2,1,01,B01
200700014701,0,07,000,00,2,9,15,A01
200700014702,0,01,000,00,2,1,01,B01
200700014702,0,07,000,00,2,0,15,A01
200700014703,0,31,000,00,0,0,17,A01
200700014703,0,07,000,00,0,0,01,B01
200700014704,0,10,000,00,1,2,01,A01
200700014705,0,33,000,00,2,7,02,B01
200700014705,0,07,000,00,2,1,14,A01
200700014706,0,30,000,00,0,0,01,A01
200700014707,0,07,000,00,2,1,15,A01
200700014707,0,30,000,00,2,1,16,B01
200700014708,0,07,000,00,2,1,01,A01
200700014708,0,07,000,00,2,1,01,B01
200700014709,0,07,000,15,2,1,01,A01
200700014709,0,07,000,01,1,4,00,B01
200700014710,0,07,000,00,1,0,01,A01
200700014711,0,07,000,00,1,1,23,B01
200700014711,0,07,000,00,1,1,01,A01
200700014712,0,07,000,00,2,1,01,B01
200700014712,0,07,000,00,2,8,19,A01
200700014713,0,07,000,00,2,1,16,B01
200700014713,0,07,000,00,2,8,09,A01
200700014714,0,07,000,00,2,1,02,A01
200700014714,0,07,000,00,2,4,23,B01
200700014715,0,07,000,00,2,1,01,A01
200700014715,0,07,000,00,2,8,01,B01
200700014716,0,02,000,06,2,7,19,A01
200700014716,0,07,000,00,2,1,01,B01
200700014717,0,07,000,00,2,1,01,A01
200700014717,0,30,000,00,2,8,16,B01
200700014718,1,07,000,00,2,0,00,B01
200700014718,0,30,000,00,2,7,09,A01
200700014719,0,07,000,02,0,1,01,A01
200700014720,0,07,000,00,2,8,20,A01
200700014720,0,07,000,00,2,2,01,B01
200700014721,0,07,000,00,0,7,00,A01
200700014722,0,33,000,00,2,1,01,A01
200700014722,0,07,000,00,2,8,15,B01
200700014723,0,07,000,00,2,1,02,A01
200700014723,0,07,000,00,2,4,01,B01
200700014724,0,07,000,08,0,1,14,A01
200700014725,0,33,000,00,0,7,00,A01
200700014726,0,07,000,00,2,1,02,A01
200700014726,0,07,000,00,2,4,02,F01
200700014726,0,07,000,00,2,2,21,B01
200700014726,0,07,000,00,2,4,02,C01
200700014726,0,07,000,00,2,4,02,D01
200700014726,0,07,000,00,2,4,02,E01
200700014727,0,07,000,12,0,2,21,A01
200700014728,0,07,000,00,1,1,01,A01
200700014729,0,07,000,00,2,4,02,A01
200700014729,0,07,000,00,2,4,01,B01
200700014730,0,07,000,00,2,1,09,A01
200700014730,0,07,000,00,2,7,01,B01
200700014731,0,07,000,00,2,1,01,A01
200700014731,0,07,000,00,2,1,01,B01
200700014732,0,30,000,00,2,8,01,B01
200700014732,0,07,000,00,2,1,01,A01
200700014733,0,02,000,00,2,1,01,B01
200700014733,0,07,000,00,2,3,23,A01
200700014734,0,30,000,00,2,1,21,A01
200700014734,0,07,000,00,2,1,00,B01
200700014735,0,37,010,00,1,7,16,A01
200700014736,0,07,000,00,2,1,01,A01
200700014736,0,07,000,00,2,8,09,B01
200700014737,0,07,000,00,2,8,10,A01
200700014737,0,33,000,00,2,1,02,B01
200700014738,0,07,000,00,2,2,01,A01
200700014738,0,33,000,00,2,5,01,B01
200700014739,0,07,000,00,1,1,01,A01
200700014740,0,02,000,00,2,8,17,A01
200700014740,0,07,000,00,2,8,01,B01
200700014741,0,07,000,00,0,5,01,B01
200700014741,0,07,000,00,2,1,01,A01
200700014742,0,07,000,00,0,4,02,B01
200700014742,0,07,000,00,2,1,02,A01
200700014743,0,07,000,00,1,1,01,A01
200700014744,0,07,000,00,2,7,15,A01
200700014744,0,33,000,00,2,1,01,B01
200700014745,0,07,000,06,0,2,01,A01
200700014746,0,10,000,00,1,1,01,A01
200700014747,0,32,000,00,2,1,01,A01
200700014747,0,07,000,00,2,4,23,B01
200700014748,0,30,000,00,2,1,19,A01
200700014748,0,07,000,00,2,8,01,B01
200700014749,0,30,000,00,2,1,07,A01
200700014749,0,01,000,00,2,1,01,B01
200700014750,0,07,000,00,2,1,01,A01
200700014750,0,07,000,00,2,4,01,B01
200700014751,0,30,000,00,0,0,00,A01
200700014752,0,07,000,00,1,3,01,A01
200700014753,0,07,000,00,2,8,15,A01
200700014753,0,07,000,00,2,1,01,B01
200700014754,0,30,000,01,0,1,01,A01
200700014755,0,01,000,00,2,0,19,A01
200700014755,0,31,000,00,2,1,01,B01
200700014756,0,07,000,00,2,8,01,A01
200700014756,0,07,000,00,2,1,01,B01
200700014757,0,02,000,00,1,1,01,A01
200700014758,0,07,000,00,2,7,16,A01
200700014758,0,32,000,00,2,3,01,B01
200700014759,0,02,000,08,0,1,01,A01
200700014760,0,33,000,05,0,2,01,A01
200700014761,0,33,000,00,2,1,01,A01
200700014761,0,10,000,00,2,3,01,B01
200700014762,0,30,000,01,0,2,14,A01
200700014763,0,38,000,00,2,3,15,A01
200700014763,0,07,000,00,2,3,00,B01
200700014764,0,10,000,00,2,1,02,A01
200700014764,0,07,000,00,2,4,02,B01
200700014764,0,07,000,00,2,4,02,C01
200700014765,0,07,000,00,2,7,19,A01
200700014765,0,07,000,00,2,1,01,B01
200700014766,0,07,000,00,4,7,01,A01
200700014766,0,40,000,00,2,1,01,B01
200700014767,0,07,000,00,0,4,01,B01
200700014767,1,07,000,00,2,1,02,A01
200700014768,0,07,000,00,2,8,21,A01
200700014768,0,33,000,00,2,7,17,B01
200700014769,0,07,000,00,2,2,02,B01
200700014769,0,30,000,00,2,1,01,A01
200700014770,0,07,000,00,2,5,16,A01
200700014770,0,02,000,00,2,8,00,B01
200700014771,0,07,000,00,2,1,05,A01
200700014771,0,07,000,00,2,1,02,B01
200700014771,0,07,000,00,2,1,02,C01
200700014772,0,33,000,12,0,1,01,A01
200700014773,0,07,000,00,1,7,01,A01
200700014774,0,10,000,00,0,8,15,A01
200700014774,0,33,000,00,2,1,01,B01
200700014775,0,31,000,00,1,1,01,A01
200700014776,0,37,000,00,2,1,01,A01
200700014777,0,07,000,02,0,8,14,A01
200700014778,0,37,010,00,1,3,01,A01
200700014779,0,30,000,14,0,3,01,A01
200700014780,0,02,000,09,0,1,01,A01
200700014781,0,10,000,00,2,1,15,A01
200700014781,0,32,000,00,2,1,01,B01
200700014782,0,07,000,00,1,7,16,A01
200700014783,0,07,000,00,2,1,15,A01
200700014783,0,30,000,00,2,1,01,B01
200700014784,0,07,000,00,2,1,02,A01
200700014784,0,07,000,00,2,4,02,B01
200700014784,0,07,000,00,0,4,02,C01
200700014785,0,01,000,00,1,1,01,A01
200700014786,0,30,000,00,2,1,17,A01
200700014786,0,38,001,00,2,3,13,B01
200700014787,0,02,000,15,0,1,00,A01
200700014788,0,07,000,00,1,1,01,A01
200700014789,0,07,000,00,2,3,15,A01
200700014789,0,02,000,00,2,1,01,B01
200700014789,0,07,000,00,2,1,01,C01
200700014790,0,07,000,00,2,3,10,A01
200700014790,0,02,000,00,2,1,01,B01
200700014791,0,07,000,00,2,3,15,A01
200700014791,0,02,000,00,2,1,01,B01
200700014792,0,07,000,09,0,2,14,A01
200700014793,0,07,000,00,2,1,02,A01
200700014793,0,07,000,00,2,4,01,B01
200700014794,0,07,000,00,2,1,10,A01
200700014794,0,07,000,00,2,1,01,B01
200700014795,0,99,000,00,2,1,01,A01
200700014795,0,07,000,00,0,8,01,B01
200700014796,0,07,000,00,1,2,02,A01
200700014797,0,07,000,00,2,1,02,A01
200700014797,0,07,000,00,2,4,02,B01
200700014798,0,07,000,02,0,2,01,A01
200700014799,0,07,000,00,2,1,02,A01
200700014799,0,07,000,00,2,9,00,B01
200700014799,0,07,000,00,2,4,23,C01
200700014800,0,33,000,00,0,0,01,A01
200700014801,0,07,000,03,2,9,14,A01
200700014801,0,10,000,00,2,2,02,B01
200700014801,0,07,000,00,2,1,02,C01
200700014802,0,32,000,00,9,0,01,A01
200700014803,0,07,000,00,2,0,15,A01
200700014803,0,07,000,00,0,0,01,B01
200700014804,1,07,000,00,2,0,00,A01
200700014804,0,07,000,00,2,5,01,B01
200700014805,0,30,000,00,2,1,02,A01
200700014805,0,07,000,00,2,4,02,B01
200700014806,0,01,000,00,1,0,19,A01
200700014807,0,30,000,00,2,5,00,B01
200700014807,0,10,000,00,2,2,00,A01
200700014808,0,07,000,00,1,1,02,A01
200700014808,0,07,000,00,2,4,23,B01
200700014809,0,02,000,00,0,0,00,A01
200700014810,0,07,000,00,2,1,02,A01
200700014810,0,07,000,00,2,9,23,B01
200700014810,0,07,000,00,2,4,23,C01
200700014811,0,33,000,00,0,1,01,A01
200700014812,0,07,000,00,2,7,16,A01
200700014812,0,30,000,00,2,1,01,B01
200700014813,0,07,000,00,2,1,15,A01
200700014813,0,07,000,00,2,3,01,B01
200700014814,0,02,000,03,0,0,00,A01
200700014815,0,31,000,00,2,9,01,A01
200700014815,0,07,000,00,2,8,09,B01
200700014816,0,07,000,00,2,8,15,A01
200700014816,0,32,000,00,2,2,01,B01
200700014817,0,33,000,00,0,7,01,A01
200700014818,0,07,000,00,2,6,09,A01
200700014818,0,33,000,00,2,2,21,B01
200700014819,0,07,000,00,1,4,04,A01
200700014820,0,33,000,00,2,1,01,A01
200700014820,0,07,000,00,2,6,01,B01
200700014821,0,30,000,11,0,1,01,A01
200700014821,0,30,000,00,2,1,01,B01
200700014822,0,14,000,00,2,7,12,A01
200700014822,0,10,000,00,2,8,01,B01
200700014823,0,07,000,00,1,1,01,A01
200700014824,0,07,000,00,2,5,04,A01
200700014824,0,01,000,00,2,2,01,B01
200700014825,0,01,000,00,2,3,15,A01
200700014825,0,07,000,00,2,2,01,B01
200700014826,0,07,000,00,2,7,16,A01
200700014826,0,01,000,00,2,1,01,B01
200700014827,0,07,000,14,0,8,13,A01
200700014828,0,01,000,00,1,1,01,A01
200700014829,0,07,000,00,2,7,15,A01
200700014829,0,30,000,00,2,1,01,B01
200700014830,0,07,000,00,1,1,01,A01
200700014831,0,07,000,00,2,9,11,A01
200700014831,0,07,000,00,2,7,01,B01
200700014832,0,07,000,00,2,0,15,A01
200700014832,0,02,000,00,2,1,01,B01
200700014833,0,07,000,13,0,3,01,A01
200700014834,0,33,000,00,2,1,01,A01
200700014834,0,07,000,00,2,8,15,B01
200700014835,0,01,000,00,0,0,00,A01
200700014836,0,07,000,09,1,1,00,A01
200700014837,0,07,000,00,2,8,09,A01
200700014837,0,07,000,00,2,1,01,B01
200700014838,0,07,000,00,2,8,13,A01
200700014838,0,07,000,00,2,8,01,B01
200700014839,0,07,000,00,2,8,01,A01
200700014839,0,07,000,00,2,1,01,B01
200700014840,0,07,000,00,2,1,15,A01
200700014840,0,02,000,00,2,1,01,B01
200700014841,0,07,000,14,0,1,01,A01
200700014841,0,07,000,00,2,4,23,B01
200700014842,0,07,000,00,2,6,01,A01
200700014842,0,07,000,00,0,1,01,B01
200700014843,0,02,000,00,2,1,01,A01
200700014843,0,07,000,00,2,4,01,B01
200700014844,0,33,000,00,2,2,17,A01
200700014844,0,07,000,00,2,3,15,B01
200700014845,0,07,000,00,2,3,15,A01
200700014845,0,33,000,00,0,1,23,B01
200700014846,0,07,000,06,2,1,15,A01
200700014846,0,33,000,00,2,1,01,B01
200700014847,0,38,000,00,2,3,15,A01
200700014847,0,15,000,00,2,3,01,B01
200700014848,0,07,000,00,1,0,02,A01
200700014849,0,07,000,00,2,1,02,A01
200700014849,0,03,000,00,2,4,02,B01
200700014850,0,01,000,00,2,1,16,B01
200700014850,0,07,000,00,2,1,17,A01
200700014851,0,31,000,11,0,1,01,A01
200700014852,0,10,000,00,1,7,01,A01
200700014853,0,31,000,00,2,8,18,A01
200700014853,0,10,000,00,2,1,15,B01
200700014854,0,07,000,00,2,3,15,A01
200700014854,0,01,000,00,2,1,01,B01
200700014855,0,07,000,00,2,3,01,A01
200700014855,0,07,000,00,2,1,01,C01
200700014855,0,07,000,08,2,5,23,B01
200700014856,0,07,000,00,2,1,01,A01
200700014856,0,07,000,00,2,1,01,B01
200700014857,0,30,000,00,2,7,01,A01
200700014857,0,07,000,00,2,3,01,B01
200700014858,0,01,000,00,1,1,01,A01
200700014859,0,07,000,00,1,2,01,A01
200700014860,0,07,000,00,2,2,17,A01
200700014860,0,07,000,00,2,3,01,B01
200700014861,0,07,000,00,2,1,01,A01
200700014861,0,07,000,00,2,3,01,B01
200700014862,0,33,000,09,2,7,17,A01
200700014862,0,07,000,00,2,3,15,B01
200700014863,0,07,000,00,2,6,02,B01
200700014863,0,33,000,00,2,1,01,A01
200700014864,0,07,000,00,2,1,02,A01
200700014864,0,33,000,00,2,4,23,B01
200700014865,0,01,000,00,1,1,01,A01
200700014866,0,07,000,00,1,1,01,A01
200700014867,0,07,000,08,2,5,01,A01
200700014867,0,17,000,00,2,3,09,B01
200700014868,0,07,000,00,1,2,00,A01
200700014869,0,07,000,00,2,1,01,A01
200700014869,0,07,000,00,2,4,02,B01
200700014869,0,07,000,00,2,4,23,C01
200700014870,0,36,000,00,2,0,00,A01
200700014871,0,15,000,00,2,2,12,A01
200700014871,0,07,000,03,2,0,01,B01
200700014871,0,07,000,00,2,0,01,C01
200700014872,0,07,000,00,1,1,01,A01
200700014873,0,07,000,00,2,2,02,A01
200700014873,0,07,000,00,2,4,02,B01
200700014874,0,07,000,00,2,1,01,B01
200700014874,0,07,000,00,2,1,01,A01
200700014875,0,07,000,00,2,7,15,A01
200700014875,0,02,000,00,2,1,01,B01
200700014876,0,07,000,00,2,1,15,A01
200700014876,0,31,000,00,2,1,01,B01
200700014877,0,37,000,00,1,2,01,A01
200700014878,0,37,000,00,2,5,01,A01
200700014878,0,01,000,00,2,1,02,B01
200700014879,0,07,000,00,2,7,16,A01
200700014879,0,33,000,00,2,1,01,B01
200700014880,0,07,000,00,1,1,18,A01
200700014881,0,07,000,00,2,4,23,A01
200700014881,0,30,000,00,2,1,02,B01
200700014882,0,07,000,03,2,9,21,A01
200700014882,0,10,000,03,2,4,01,B01
200700014883,0,07,000,00,2,1,02,A01
200700014883,0,07,000,00,2,6,02,B01
200700014884,0,07,000,00,2,3,02,A01
200700014884,0,07,000,00,2,5,02,B01
200700014884,0,10,000,00,0,1,02,C01
200700014884,0,07,000,00,2,1,02,D01
200700014885,0,07,000,00,2,1,01,A01
200700014885,0,07,000,00,2,4,23,B01
200700014886,0,10,000,00,2,1,02,A01
200700014886,0,07,000,00,2,4,23,B01
200700014886,0,07,000,00,2,4,23,C01
200700014887,0,07,000,00,2,1,02,A01
200700014887,0,07,000,00,2,4,02,B01
200700014887,0,10,000,00,2,4,02,C01
200700014888,0,07,000,03,2,1,05,A01
200700014888,0,07,000,03,2,1,01,B01
200700014888,0,07,000,00,2,6,01,C01
200700014889,0,07,000,00,2,6,01,B01
200700014889,0,07,000,00,2,3,00,A01
200700014890,0,31,000,00,2,0,01,A01
200700014890,0,07,000,00,2,6,15,B01
200700014891,0,07,000,00,1,3,01,A01
200700014892,0,07,000,00,9,4,02,B01
200700014892,0,33,000,00,2,1,23,A01
200700014893,0,30,000,00,1,7,15,A01
200700014894,0,07,000,00,1,3,09,A01
200700014895,0,07,000,02,0,1,01,A01
200700014896,0,30,000,00,2,1,02,A01
200700014896,0,07,000,00,0,5,16,B01
200700014897,0,02,000,00,2,1,17,B01
200700014897,0,10,000,00,2,3,15,A01
200700014898,0,02,000,08,0,1,01,A01
200700014899,0,07,000,00,1,1,01,A01
200700014900,0,30,000,00,2,1,18,A01
200700014900,0,07,000,00,0,8,16,B01
200700014901,0,07,000,00,2,1,00,A01
200700014901,0,01,000,00,2,1,01,B01
200700014902,0,07,000,00,2,8,15,B01
200700014902,0,02,000,00,1,1,17,A01
200700014903,0,30,000,00,2,1,01,B01
200700014903,0,07,000,00,2,7,16,A01
200700014904,0,07,000,00,9,7,16,A01
200700014904,0,01,000,00,2,8,01,B01
200700014905,0,07,000,00,2,5,14,A01
200700014905,0,30,000,00,0,1,01,B01
200700014906,0,07,000,00,9,7,16,A01
200700014906,0,30,000,00,2,1,01,B01
200700014907,0,07,000,00,2,2,16,A01
200700014907,0,01,000,00,2,8,01,B01
200700014908,0,07,000,00,2,1,15,A01
200700014908,0,30,000,00,2,1,01,B01
200700014909,0,07,000,00,1,1,01,A01
200700014910,0,07,000,00,2,1,01,B01
200700014910,0,07,000,00,2,2,19,A01
200700014911,0,07,000,00,1,1,01,A01
200700014912,0,32,000,00,2,1,01,B01
200700014912,0,07,000,00,2,2,15,A01
200700014913,0,07,000,00,2,1,02,A01
200700014913,0,37,000,00,2,4,01,B01
200700014914,0,07,000,00,2,1,01,A01
200700014914,0,07,000,00,2,1,01,B01
200700014915,0,07,000,00,2,7,16,A01
200700014915,0,07,000,00,2,3,01,B01
200700014916,0,07,000,00,2,3,09,A01
200700014916,0,07,000,00,2,1,01,B01
200700014917,0,07,000,00,2,3,10,A01
200700014917,0,02,000,00,2,1,01,B01
200700014918,0,07,000,00,2,5,16,A01
200700014918,0,02,000,00,2,1,01,B01
200700014919,0,02,000,00,0,9,01,A01
200700014920,0,07,000,00,1,3,16,A01
200700014921,0,07,000,00,2,7,14,A01
200700014921,0,30,000,08,2,8,01,B01
200700014922,0,07,000,00,1,1,09,A01
200700014923,0,07,000,00,2,8,15,A01
200700014923,0,31,000,00,2,2,01,B01
200700014924,0,07,000,00,2,1,01,B01
200700014924,0,07,000,00,2,1,01,A01
200700014925,1,07,000,00,1,1,01,A01
200700014926,0,07,000,15,0,1,01,A01
200700014927,0,07,000,00,2,7,01,B01
200700014927,0,07,000,00,0,2,09,A01
200700014928,0,07,000,00,9,1,15,A01
200700014928,0,01,000,00,0,2,02,B01
200700014929,0,07,000,00,1,3,01,A01
200700014930,1,99,000,00,2,1,02,A01
200700014930,0,30,000,00,2,4,02,B01
200700014931,0,02,000,00,2,1,01,A01
200700014931,0,07,000,00,0,4,02,B01
200700014932,1,99,000,00,2,0,00,A01
200700014932,0,02,000,00,2,8,02,B01
200700014933,1,99,000,00,1,1,00,A01
200700014934,0,07,000,00,0,4,15,B01
200700014934,0,02,000,00,0,1,02,A01
200700014935,0,02,000,00,0,3,16,A01
200700014935,0,07,000,00,2,2,16,B01
200700014936,0,07,000,00,1,1,02,A01
200700014937,0,07,000,00,0,7,15,A01
200700014937,0,33,000,00,2,1,02,B01
200700014938,0,02,000,00,1,1,00,A01
200700014939,0,07,000,00,2,1,02,A01
200700014939,0,07,000,00,2,1,02,B01
200700014939,0,07,000,00,2,4,02,C01
200700014940,0,01,000,00,2,1,01,A01
200700014940,0,01,000,00,2,1,01,B01
200700014941,0,10,000,00,2,1,15,A01
200700014941,0,07,000,00,2,1,01,B01
200700014942,0,07,000,00,2,1,01,A01
200700014942,0,07,000,00,2,4,01,B01
200700014942,0,07,000,00,2,4,01,C01
200700014943,0,07,000,00,2,1,02,A01
200700014943,0,02,000,00,0,4,23,B01
200700014944,0,07,000,00,2,6,01,B01
200700014944,0,07,000,00,2,1,02,A01
200700014945,0,07,000,00,1,3,01,A01
200700014946,0,07,000,00,1,2,01,A01
200700014947,0,07,000,00,2,1,09,A01
200700014947,0,07,000,00,2,7,01,B01
200700014948,0,01,000,00,2,1,01,A01
200700014948,0,07,000,00,2,3,15,B01
200700014949,0,07,000,00,2,1,01,A01
200700014949,0,07,000,00,2,1,01,B01
200700014949,0,07,000,00,2,1,01,C01
200700014950,0,07,000,00,1,1,01,A01
200700014951,0,10,000,00,2,4,04,A01
200700014951,0,30,000,00,2,1,23,B01
200700014952,0,07,000,00,2,3,13,A01
200700014952,0,07,000,00,2,8,01,B01
200700014953,0,07,000,00,1,1,01,A01
200700014954,0,07,000,00,2,2,15,A01
200700014954,0,07,000,00,2,1,01,B01
200700014955,0,30,000,00,2,1,02,A01
200700014955,0,07,000,00,2,4,01,B01
200700014956,0,07,000,00,1,6,04,A01
200700014957,0,30,000,00,1,1,00,A01
200700014958,0,07,000,00,2,2,17,A01
200700014958,0,07,000,00,2,8,15,B01
200700014959,1,07,000,00,2,3,01,A01
200700014959,0,07,000,00,2,3,01,B01
200700014960,0,07,000,00,1,2,01,A01
200700014961,1,07,000,00,1,2,01,A01
200700014962,0,07,000,00,2,7,15,A01
200700014962,0,02,000,00,2,1,01,B01
200700014963,0,30,000,00,2,2,01,B01
200700014963,0,07,000,00,2,1,15,A01
200700014964,0,02,000,05,0,8,01,A01
200700014965,0,02,000,09,0,0,01,A01
200700014966,0,30,000,01,0,1,01,A01
200700014967,0,07,000,01,0,1,01,A01
200700014968,0,07,000,01,0,3,01,A01
200700014969,0,07,000,00,2,1,01,A01
200700014969,0,07,000,00,2,3,01,B01
200700014970,0,07,000,01,0,1,01,A01
200700014971,0,15,000,00,2,1,01,A01
200700014971,0,07,000,00,2,4,02,B01
200700014972,0,07,000,00,2,8,13,A01
200700014972,0,07,000,00,2,1,01,B01
200700014973,2,07,000,00,2,1,01,A01
200700014973,0,07,000,00,2,7,15,B01
200700014974,0,07,000,00,1,5,01,A01
200700014975,0,07,000,00,2,2,16,A01
200700014975,0,30,000,00,2,1,01,B01
200700014976,0,10,000,00,2,3,09,A01
200700014976,0,33,000,00,2,2,01,B01
200700014977,0,07,000,00,2,1,01,A01
200700014977,0,07,000,00,2,4,01,B01
200700014977,0,07,000,00,2,0,01,C01
200700014978,0,10,000,00,1,1,01,A01
200700014979,0,07,000,00,4,2,02,A01
200700014979,0,40,000,00,2,1,02,B01
200700014980,0,07,000,00,2,7,15,A01
200700014980,0,02,000,00,2,1,01,B01
200700014981,0,33,000,00,2,1,18,A01
200700014981,0,07,000,00,2,5,15,B01
200700014982,0,07,000,14,0,1,02,A01
200700014982,0,07,000,14,0,4,00,B01
200700014982,0,07,000,00,2,4,01,C01
200700014983,0,01,000,00,2,1,19,A01
200700014983,0,20,000,00,9,2,01,B01
200700014984,0,33,000,00,2,0,01,A01
200700014984,0,07,000,00,2,6,11,B01
200700014985,0,33,000,16,0,1,01,A01
200700014986,1,07,000,00,1,1,01,A01
200700014987,0,31,000,00,2,8,01,A01
200700014987,0,07,000,00,2,2,16,B01
200700014988,0,33,000,00,0,7,01,A01
200700014989,0,33,000,00,2,3,19,A01
200700014989,0,02,000,00,2,1,01,B01
200700014990,0,14,000,00,1,1,01,A01
200700014991,0,33,000,08,2,1,06,A01
200700014991,0,07,000,00,2,8,01,B01
200700014992,0,07,000,10,0,1,01,A01
200700014993,0,07,000,00,2,6,19,A01
200700014993,0,33,000,01,9,1,17,B01
200700014994,0,07,000,08,0,1,00,A01
200700014995,0,07,000,00,2,5,12,A01
200700014995,0,07,000,10,2,3,01,B01
200700014996,0,07,000,00,2,4,02,A01
200700014996,0,07,000,00,2,1,02,B01
200700014996,0,07,000,00,2,3,02,C01
200700014997,0,15,000,00,2,1,02,A01
200700014997,0,07,000,00,2,4,02,B01
200700014997,0,15,000,00,2,4,02,C01
200700014998,0,07,000,00,2,1,17,A01
200700014998,0,07,000,00,2,2,01,B01
200700014999,0,07,000,00,1,2,01,A01
200700015000,0,10,000,00,1,4,04,A01
200700015001,0,07,000,08,0,1,19,A01
200700015002,0,37,041,00,2,3,01,B01
200700015002,0,07,000,08,2,3,13,A01
200700015003,0,33,000,00,1,0,02,A01
200700015004,0,02,000,00,2,1,01,A01
200700015004,0,07,000,00,2,7,19,B01
200700015005,0,07,000,06,0,3,06,A01
200700015006,0,07,000,00,1,1,01,A01
200700015007,0,01,000,00,2,1,01,A01
200700015007,0,07,000,00,0,5,01,B01
200700015008,0,33,000,00,0,7,01,B01
200700015008,1,07,000,00,2,1,01,A01
200700015009,0,07,000,00,1,1,01,A01
200700015010,0,02,000,00,2,1,13,A01
200700015010,0,10,000,00,2,1,01,B01
200700015011,0,02,000,00,2,1,01,B01
200700015011,0,07,000,00,2,3,15,A01
200700015012,0,07,000,00,2,1,01,A01
200700015012,0,01,000,00,2,7,19,B01
200700015013,0,07,000,00,2,3,09,A01
200700015013,0,30,000,00,2,5,01,B01
200700015014,0,02,000,00,0,0,00,A01
200700015015,0,07,000,00,1,7,01,A01
200700015016,0,07,000,00,1,2,01,A01
200700015017,0,30,000,00,2,1,17,A01
200700015017,0,38,003,00,2,3,01,B01
200700015018,0,02,000,00,2,1,01,B01
200700015018,0,07,000,00,2,1,15,A01
200700015019,0,07,000,00,0,3,01,B01
200700015019,0,02,000,00,2,1,15,A01
200700015020,0,02,000,00,0,0,18,A01
200700015021,0,07,000,00,1,2,01,A01
200700015022,0,07,000,00,2,2,00,A01
200700015022,0,30,000,00,2,1,05,B01
200700015023,0,07,000,00,2,3,13,A01
200700015023,0,07,000,00,2,3,02,B01
200700015024,0,07,000,09,2,9,02,A01
200700015024,0,07,000,00,2,9,23,B01
200700015024,0,07,000,00,2,3,01,C01
200700015025,0,02,000,00,2,3,01,B01
200700015025,0,07,000,00,2,3,15,A01
200700015026,0,02,000,00,2,3,15,B01
200700015026,0,30,000,00,2,2,01,A01
200700015027,0,07,000,00,2,1,01,A01
200700015027,0,07,000,00,2,9,01,B01
200700015027,0,07,000,00,2,4,01,C01
200700015028,0,07,000,00,1,1,00,A01
200700015029,0,07,000,00,2,1,02,A01
200700015029,0,07,000,00,2,9,02,B01
200700015029,0,07,000,00,2,4,02,C01
200700015030,0,02,000,00,2,8,13,A01
200700015030,0,07,000,00,2,7,02,B01
200700015031,0,07,000,00,2,1,01,B01
200700015031,0,07,000,00,2,3,15,A01
200700015032,0,07,000,00,2,3,01,B01
200700015032,0,07,000,00,2,8,15,A01
200700015033,0,33,000,00,2,1,01,B01
200700015033,0,02,000,00,2,5,19,A01
200700015034,0,33,000,00,2,1,01,B01
200700015034,0,10,000,00,2,8,15,A01
200700015035,0,02,000,00,2,1,01,A01