Num_Acc,senc,catv,occutc,obs,obsm,choc,manv,num_veh
200700015035,0,07,000,00,2,3,15,B01
200700015036,0,15,000,05,0,3,01,A01
200700015037,0,02,000,00,2,0,01,B01
200700015037,0,07,000,00,2,2,15,A01
200700015038,0,07,000,00,2,3,13,A01
200700015038,0,07,000,00,2,1,01,B01
200700015039,0,10,000,00,2,4,01,B01
200700015039,0,33,000,00,2,1,01,A01
200700015040,0,02,000,00,2,0,01,A01
200700015040,0,07,000,00,2,3,09,B01
200700015041,0,07,000,00,1,1,01,A01
200700015042,0,07,000,00,2,0,00,A01
200700015042,0,14,000,00,2,6,00,B01
200700015042,0,10,000,00,2,4,00,C01
200700015042,0,07,000,00,2,8,00,D01
200700015042,0,10,000,00,2,3,00,E01
200700015043,0,07,000,00,9,7,02,A01
200700015043,0,01,000,00,2,8,02,B01
200700015044,0,07,000,00,9,2,15,A01
200700015044,0,31,000,00,2,1,01,B01
200700015045,0,07,000,00,2,1,02,A01
200700015045,0,07,000,00,1,1,02,B01
200700015046,0,01,000,00,2,2,01,A01
200700015046,1,07,000,00,2,3,16,B01
200700015047,0,07,000,00,1,4,04,A01
200700015048,0,07,000,00,2,5,01,A01
200700015048,1,07,000,00,2,2,01,B01
200700015049,0,07,000,00,2,8,15,A01
200700015049,0,02,000,00,2,1,01,B01
200700015050,0,07,000,00,2,8,15,A01
200700015050,0,33,000,00,2,1,01,B01
200700015051,2,07,000,00,2,3,01,B01
200700015051,0,07,000,00,2,2,15,A01
200700015052,0,07,000,00,2,1,01,A01
200700015052,0,07,000,00,2,2,01,B01
200700015053,0,02,000,00,2,1,01,A01
200700015053,0,07,000,00,2,5,15,B01
200700015054,0,02,000,00,2,1,01,B01
200700015054,0,07,000,00,2,2,15,A01
200700015055,0,30,000,08,0,1,01,A01
200700015056,0,07,000,08,0,8,01,B01
200700015056,0,07,000,00,2,1,01,A01
200700015057,0,07,000,03,0,3,01,A01
200700015058,0,07,000,00,2,1,15,A01
200700015058,0,07,000,00,2,1,01,B01
200700015059,0,02,000,00,2,3,18,A01
200700015059,0,07,000,00,2,2,16,B01
200700015060,0,07,000,00,1,2,01,A01
200700015061,0,07,000,00,2,0,15,A01
200700015061,0,31,000,00,2,1,01,B01
200700015062,0,07,000,00,2,1,15,A01
200700015062,0,07,000,00,2,1,01,B01
200700015063,0,02,000,00,1,1,01,A01
200700015064,0,02,000,00,2,1,01,A01
200700015064,0,07,000,00,2,1,01,B01
200700015065,0,07,000,06,0,1,01,A01
200700015066,1,37,001,00,1,0,00,B01
200700015067,0,10,000,00,2,2,09,A01
200700015067,0,30,000,00,2,2,01,B01
200700015068,0,07,000,13,0,0,00,A01
200700015069,0,07,000,00,1,7,01,B01
200700015070,0,07,000,07,0,3,01,A01
200700015071,0,33,000,00,2,1,17,A01
200700015071,0,10,000,00,2,5,01,B01
200700015071,0,37,001,00,2,0,01,C01
200700015072,0,10,000,00,2,1,02,A01
200700015072,0,07,000,00,2,4,02,B01
200700015072,0,07,000,00,2,1,02,C01
200700015073,0,07,000,00,2,1,02,A01
200700015073,0,10,000,00,2,4,02,B01
200700015073,0,07,000,00,2,4,02,C01
200700015073,0,07,000,00,2,4,02,D01
200700015074,0,01,000,00,2,0,19,A01
200700015074,0,07,000,00,2,1,01,B01
200700015075,0,01,000,01,0,0,01,A01
200700015075,0,07,000,00,2,2,24,B01
200700015076,0,01,000,00,0,0,01,A01
200700015077,0,10,000,00,2,8,15,A01
200700015077,0,02,000,00,2,1,01,B01
200700015078,0,02,000,00,2,8,01,A01
200700015078,0,10,000,00,2,1,01,B01
200700015079,0,01,000,00,0,0,01,A01
200700015080,0,07,000,00,2,3,14,A01
200700015080,0,33,000,00,2,7,01,B01
200700015081,0,07,000,00,2,5,14,A01
200700015081,0,30,000,00,2,1,01,B01
200700015082,0,30,000,00,0,8,01,A01
200700015083,0,07,000,00,2,1,02,A01
200700015083,0,07,000,00,2,4,02,B01
200700015084,0,02,000,00,2,1,09,A01
200700015084,0,07,000,00,2,2,01,B01
200700015085,0,07,000,00,1,2,09,B01
200700015086,0,07,000,00,2,3,01,B01
200700015086,0,07,000,00,2,8,19,A01
200700015087,0,07,000,09,0,1,00,A01
200700015088,0,30,000,00,2,1,02,A01
200700015088,0,07,000,00,2,4,02,B01
200700015089,0,07,000,00,2,5,20,A01
200700015089,0,01,000,00,2,0,01,B01
200700015090,0,07,000,00,1,1,01,A01
200700015091,0,07,000,00,1,1,01,A01
200700015092,0,02,000,00,2,1,02,A01
200700015092,0,07,000,00,2,4,02,B01
200700015093,0,07,000,15,0,9,01,A01
200700015094,0,37,001,00,1,7,16,B01
200700015095,0,07,000,00,2,8,10,A01
200700015095,0,02,000,00,2,1,17,B01
200700015096,0,07,000,00,2,1,13,A01
200700015096,0,07,000,00,2,3,01,B01
200700015097,0,01,000,00,0,1,01,A01
200700015098,0,02,000,00,2,1,01,A01
200700015098,0,07,000,00,2,3,01,B01
200700015099,0,02,000,00,0,8,17,A01
200700015099,0,07,000,00,0,0,15,B01
200700015100,1,07,000,00,2,0,00,A01
200700015100,0,01,000,00,2,1,01,B01
200700015101,0,01,000,16,0,1,02,A01
200700015102,0,30,000,00,2,1,01,A01
200700015102,0,07,000,00,2,4,01,B01
200700015103,0,07,000,00,1,1,01,A01
200700015104,0,07,000,00,2,5,15,A01
200700015104,0,02,000,00,2,8,01,B01
200700015105,0,07,000,00,2,1,15,A01
200700015105,0,30,000,00,2,8,01,B01
200700015106,0,10,000,00,2,3,01,B01
200700015106,0,14,000,00,2,1,15,A01
200700015107,0,07,000,00,1,1,15,A01
200700015108,0,07,000,00,2,1,01,A01
200700015108,0,07,000,00,0,4,01,B01
200700015109,0,07,000,00,1,1,01,A01
200700015110,0,07,000,01,0,2,14,A01
200700015110,0,38,000,00,0,6,24,B01
200700015110,0,07,000,00,2,1,02,C01
200700015111,0,33,000,00,2,1,17,A01
200700015111,0,07,000,00,2,3,01,B01
200700015112,0,07,000,00,2,1,01,B01
200700015112,0,10,000,00,2,2,15,A01
200700015113,0,07,000,00,2,3,24,B01
200700015113,0,07,000,00,0,1,13,A01
200700015114,0,07,000,08,0,1,14,A01
200700015115,0,07,000,00,2,3,09,A01
200700015115,0,07,000,00,2,1,01,B01
200700015116,0,33,000,00,2,1,23,B01
200700015116,0,07,000,00,2,4,04,A01
200700015117,0,33,000,00,0,1,01,A01
200700015118,0,07,000,00,2,1,01,B01
200700015118,0,07,000,00,2,1,15,A01
200700015119,0,07,000,04,0,3,13,A01
200700015120,0,07,000,00,2,1,01,A01
200700015120,0,13,000,00,2,1,01,B01
200700015121,0,07,000,00,2,4,23,D01
200700015121,0,07,000,00,2,4,23,C01
200700015121,0,07,000,00,2,4,23,B01
200700015121,0,07,000,00,2,1,02,A01
200700015122,0,30,000,00,2,1,01,A01
200700015122,0,07,000,00,2,4,01,B01
200700015123,0,07,000,00,2,1,02,A01
200700015123,0,07,000,00,2,4,23,B01
200700015124,0,07,000,00,1,4,04,A01
200700015125,0,07,000,01,2,1,13,A01
200700015125,0,07,000,00,2,8,01,B01
200700015125,0,07,000,00,2,8,24,C01
200700015125,0,07,000,00,2,1,24,D01
200700015126,0,01,000,01,0,2,01,A01
200700015127,0,07,000,00,2,1,01,A01
200700015128,0,07,000,13,0,1,14,A01
200700015129,0,07,000,14,0,1,14,A01
200700015130,0,02,000,14,0,1,01,A01
200700015131,0,07,000,00,0,7,01,B01
200700015131,0,10,000,00,2,1,01,A01
200700015132,0,07,000,00,2,3,09,A01
200700015132,0,01,000,00,2,7,01,B01
200700015133,0,10,000,03,0,2,01,A01
200700015134,0,07,000,00,2,1,01,A01
200700015134,0,07,000,14,2,4,01,B01
200700015135,0,07,000,00,1,4,20,A01
200700015136,0,03,000,00,2,3,01,A01
200700015136,0,02,000,00,2,8,15,B01
200700015137,0,07,000,00,9,6,04,A01
200700015137,0,01,000,02,2,1,01,B01
200700015138,0,99,000,00,2,8,01,A01
200700015138,0,99,000,00,2,1,01,B01
200700015139,0,02,000,00,2,1,21,A01
200700015139,0,07,000,00,2,3,19,B01
200700015140,0,07,000,00,2,3,10,A01
200700015140,0,07,000,00,2,2,01,B01
200700015141,0,07,000,00,2,3,01,A01
200700015141,0,01,000,00,2,1,01,B01
200700015142,0,07,000,00,1,1,15,A01
200700015143,0,10,000,00,2,3,01,A01
200700015143,0,07,000,00,2,1,01,B01
200700015144,0,30,000,00,2,1,02,A01
200700015144,0,07,000,00,2,4,02,B01
200700015145,0,07,000,00,2,1,17,A01
200700015145,0,02,000,00,2,8,15,B01
200700015146,0,10,000,00,2,1,09,A01
200700015146,0,34,000,00,2,7,01,B01
200700015147,0,07,000,00,2,3,01,A01
200700015147,0,10,000,00,2,3,01,B01
200700015148,0,07,000,00,1,1,13,A01
200700015149,0,07,000,15,0,7,14,A01
200700015150,0,07,000,00,2,3,15,A01
200700015150,0,07,000,00,0,2,01,B01
200700015151,0,02,000,00,2,1,05,A01
200700015151,0,07,000,00,2,2,01,B01
200700015152,0,10,000,02,0,3,16,A01
200700015153,0,10,000,00,2,1,02,A01
200700015153,0,10,000,00,0,4,01,B01
200700015154,0,07,000,00,2,2,16,A01
200700015154,0,30,000,00,2,8,18,B01
200700015155,1,07,000,00,1,0,17,A01
200700015156,0,07,000,00,2,1,00,A01
200700015156,0,02,000,00,2,7,00,B01
200700015157,0,30,000,00,2,3,02,A01
200700015157,0,07,000,00,2,7,02,B01
200700015158,0,07,000,00,2,3,15,B01
200700015158,0,02,000,00,2,5,17,A01
200700015159,0,07,000,00,1,4,04,A01
200700015160,0,07,000,00,2,3,09,A01
200700015160,0,02,000,00,2,7,01,B01
200700015160,0,07,000,00,2,5,01,C01
200700015161,0,02,000,00,2,1,13,A01
200700015161,0,07,000,00,2,3,01,B01
200700015162,0,33,000,00,2,4,01,A01
200700015162,0,33,000,00,2,1,21,B01
200700015163,0,07,000,00,2,1,01,A01
200700015163,0,30,000,00,2,7,01,B01
200700015164,0,30,000,12,0,1,21,A01
200700015165,0,07,000,00,2,7,15,A01
200700015165,0,33,000,00,2,1,21,B01
200700015166,0,32,000,12,0,1,10,A01
200700015167,0,07,000,00,2,2,01,B01
200700015167,0,07,000,00,2,3,15,A01
200700015168,0,07,000,00,1,2,01,A01
200700015169,0,07,000,00,2,1,13,A01
200700015169,0,07,000,13,2,8,21,B01
200700015170,0,07,000,09,0,1,13,A01
200700015171,0,33,000,00,0,7,21,A01
200700015171,1,07,000,00,0,0,19,B01
200700015172,0,07,000,00,1,0,04,A01
200700015173,0,07,000,00,2,3,15,A01
200700015173,0,30,000,00,2,1,02,B01
200700015174,0,07,000,00,9,2,15,A01
200700015174,0,01,000,00,2,3,00,B01
200700015175,0,30,000,00,2,1,02,B01
200700015175,0,07,000,00,2,3,15,A01
200700015176,0,02,000,00,0,0,02,A01
200700015177,0,07,000,00,2,1,02,A01
200700015177,0,07,000,00,2,4,02,B01
200700015178,0,07,000,00,2,2,15,A01
200700015178,0,10,000,00,2,1,02,B01
200700015179,0,07,000,00,2,3,19,A01
200700015179,0,07,000,00,2,3,02,B01
200700015179,0,10,000,00,2,1,02,C01
200700015180,0,07,000,00,1,1,01,A01
200700015181,0,07,000,00,2,2,10,A01
200700015181,0,30,000,00,2,1,01,B01
200700015182,0,07,000,00,1,2,15,A01
200700015183,0,07,000,00,2,7,15,A01
200700015183,0,31,000,00,2,1,01,B01
200700015184,1,07,000,00,2,1,17,A01
200700015184,0,01,000,00,0,8,15,B01
200700015185,0,07,000,15,0,1,01,A01
200700015186,0,17,000,01,2,3,01,A01
200700015186,0,10,000,00,2,3,01,B01
200700015187,0,07,000,00,0,3,15,A01
200700015187,0,30,000,00,2,1,13,B01
200700015188,0,07,000,00,2,7,15,A01
200700015188,0,30,000,00,2,1,01,B01
200700015189,0,30,000,00,2,1,01,A01
200700015189,0,07,000,00,2,2,00,B01
200700015190,0,07,000,06,2,2,13,A01
200700015190,0,07,000,00,0,0,19,B01
200700015190,0,30,000,00,2,1,01,C01
200700015191,0,07,000,00,2,1,15,A01
200700015191,0,02,000,00,2,1,01,B01
200700015192,0,10,000,00,2,1,02,A01
200700015192,0,07,000,00,2,4,02,B01
200700015193,0,02,000,01,2,1,18,A01
200700015193,0,07,000,00,2,2,01,B01
200700015194,0,02,000,08,0,1,01,A01
200700015195,0,07,000,00,2,1,01,A01
200700015195,0,07,000,00,2,1,01,B01
200700015196,0,07,000,00,2,7,01,B01
200700015196,0,07,000,00,2,1,01,A01
200700015197,1,07,000,00,2,0,00,A01
200700015197,0,02,000,00,2,0,01,B01
200700015198,0,07,000,00,1,1,15,A01
200700015199,0,07,000,00,2,1,01,A01
200700015199,0,07,000,00,2,4,01,B01
200700015200,0,10,000,00,2,2,15,A01
200700015200,0,02,000,00,2,1,01,B01
200700015201,1,07,000,00,2,1,01,A01
200700015201,0,07,000,00,2,4,01,B01
200700015202,0,07,000,00,2,1,01,A01
200700015202,0,10,000,00,2,4,01,B01
200700015203,0,30,000,00,2,3,01,A01
200700015203,0,07,000,00,2,7,16,B01
200700015204,0,07,000,00,2,2,09,A01
200700015204,0,01,000,00,2,7,01,B01
200700015205,0,07,000,00,2,1,01,A01
200700015205,0,32,000,00,2,9,01,B01
200700015205,0,07,000,00,2,4,01,C01
200700015206,0,07,000,00,1,2,01,A01
200700015207,0,07,000,16,0,9,01,A01
200700015208,1,07,000,00,0,0,01,A01
200700015208,0,01,000,00,0,0,16,B01
200700015209,0,07,000,00,1,7,01,A01
200700015210,0,07,000,00,2,1,02,A01
200700015210,0,37,004,00,2,4,23,B01
200700015211,0,07,000,00,2,1,15,A01
200700015211,0,07,000,00,2,1,01,B01
200700015212,0,07,000,00,2,8,09,A01
200700015212,0,07,000,00,2,7,01,B01
200700015213,1,03,000,00,1,0,01,A01
200700015214,1,07,000,00,1,1,01,A01
200700015215,0,07,000,00,2,5,01,A01
200700015216,0,07,000,00,1,1,01,A01
200700015217,0,07,000,00,2,1,01,A01
200700015217,0,02,000,00,2,8,16,B01
200700015218,0,07,000,00,2,1,15,A01
200700015218,0,07,000,00,2,3,01,B01
200700015219,0,07,000,00,2,2,15,A01
200700015219,0,02,000,00,2,1,01,B01
200700015220,0,02,000,00,2,4,02,A01
200700015220,0,07,000,00,2,4,23,B01
200700015221,0,07,000,00,2,1,01,A01
200700015221,0,07,000,00,2,2,01,B01
200700015222,0,07,000,00,0,0,11,A01
200700015222,0,38,010,00,0,0,01,B01
200700015223,0,07,000,00,2,4,23,B01
200700015223,0,30,000,00,2,1,02,A01
200700015224,0,07,000,00,2,1,15,A01
200700015224,0,02,000,00,2,8,02,B01
200700015224,0,07,000,00,2,4,02,C01
200700015225,0,07,000,00,2,1,01,A01
200700015225,0,07,000,00,2,8,01,C01
200700015225,0,07,000,00,2,8,16,B01
200700015226,0,07,000,00,2,1,15,A01
200700015226,0,33,000,00,2,1,01,B01
200700015227,0,07,000,00,2,1,01,A01
200700015227,0,07,000,00,2,1,15,B01
200700015228,0,10,000,00,2,1,02,A01
200700015228,0,07,000,00,2,4,23,B01
200700015229,0,37,010,00,1,7,01,A01
200700015230,0,07,000,00,2,1,01,A01
200700015230,0,07,000,00,2,4,23,B01
200700015231,0,07,000,00,2,1,02,A01
200700015231,0,07,000,00,2,4,23,B01
200700015231,0,07,000,00,2,4,23,C01
200700015232,0,30,000,00,2,1,01,A01
200700015232,0,07,000,00,2,4,02,B01
200700015233,0,01,000,00,2,1,15,A01
200700015233,0,07,000,00,2,2,01,B01
200700015234,0,07,000,00,1,1,01,A01
200700015235,0,07,000,00,1,3,01,A01
200700015236,0,07,000,00,0,3,15,A01
200700015236,0,02,000,00,2,1,01,B01
200700015237,0,07,000,00,2,2,11,A01
200700015237,0,07,000,00,2,2,01,B01
200700015238,0,07,000,13,0,3,02,A01
200700015239,0,07,000,00,2,1,02,A01
200700015239,0,07,000,00,2,4,02,B01
200700015239,0,15,000,00,2,1,02,C01
200700015240,0,07,000,00,2,2,01,A01
200700015240,0,07,000,00,2,2,15,B01
200700015241,0,07,000,00,2,4,17,A01
200700015241,0,17,000,00,2,1,17,B01
200700015242,0,07,000,00,2,7,16,A01
200700015242,0,02,000,00,2,8,01,B01
200700015243,0,07,000,00,2,4,23,B01
200700015243,0,02,000,00,2,1,01,A01
200700015244,0,02,000,00,2,1,01,B01
200700015244,0,07,000,00,2,2,15,A01
200700015245,1,07,000,00,1,1,01,A01
200700015246,0,07,000,00,2,5,15,A01
200700015246,0,33,000,00,2,1,01,B01
200700015247,0,02,000,00,2,1,01,A01
200700015247,0,07,000,00,2,3,15,B01
200700015248,0,07,000,00,1,1,01,A01
200700015249,0,07,000,00,0,1,01,A01
200700015249,0,07,000,00,2,4,23,B01
200700015249,0,07,000,00,0,4,23,C01
200700015250,0,07,000,00,1,1,01,A01
200700015251,0,02,000,00,0,0,01,A01
200700015252,0,07,000,00,2,2,15,A01
200700015252,0,07,000,00,2,3,01,B01
200700015253,0,30,000,00,2,8,01,A01
200700015253,0,07,000,00,2,2,01,B01
200700015254,0,07,000,06,0,9,01,A01
200700015255,0,07,000,00,2,2,14,A01
200700015255,0,01,000,00,2,8,01,B01
200700015256,0,30,000,00,1,1,01,A01
200700015257,0,01,000,12,0,0,01,A01
200700015258,0,02,000,00,2,7,01,B01
200700015258,0,07,000,00,2,1,01,A01
200700015259,0,07,000,00,2,1,01,B01
200700015259,0,07,000,00,2,2,01,A01
200700015260,0,02,000,12,0,0,01,A01
200700015261,0,07,000,00,2,8,15,A01
200700015261,0,07,000,00,2,1,01,B01
200700015262,0,07,000,01,1,1,01,A01
200700015263,0,07,000,00,2,3,01,A01
200700015263,0,07,000,00,2,8,01,B01
200700015264,0,07,000,00,2,2,04,A01
200700015264,0,07,000,00,2,1,01,B01
200700015265,0,02,000,00,0,7,01,A01
200700015266,0,01,000,00,0,7,01,A01
200700015267,0,07,000,00,1,1,01,A01
200700015268,0,07,000,00,2,1,01,A01
200700015268,0,01,000,00,2,7,01,B01
200700015269,0,30,000,00,2,1,01,A01
200700015269,0,07,000,00,2,2,01,B01
200700015270,2,07,000,00,2,5,16,A01
200700015270,0,01,000,00,2,8,01,B01
200700015271,0,02,000,00,2,1,01,A01
200700015271,0,07,000,00,2,3,01,B01
200700015272,0,07,000,16,0,7,01,A01
200700015273,0,07,000,00,2,2,15,A01
200700015273,0,02,000,00,2,1,01,B01
200700015274,0,37,000,00,1,0,01,A01
200700015275,0,30,000,00,2,1,02,A01
200700015275,0,07,000,00,2,4,02,B01
200700015276,0,33,000,00,2,1,01,B01
200700015276,0,07,000,00,2,3,15,A01
200700015277,0,07,000,00,2,1,02,A01
200700015277,0,30,000,00,2,4,01,B01
200700015278,0,30,000,00,2,7,12,A01
200700015278,0,07,000,00,2,8,00,B01
200700015279,0,07,000,00,2,1,09,A01
200700015279,0,02,000,00,2,0,00,B01
200700015280,0,07,000,00,2,1,02,A01
200700015280,0,07,000,00,2,4,02,B01
200700015281,0,07,000,00,1,3,01,A01
200700015282,0,07,000,00,1,0,01,A01
200700015283,0,07,000,00,2,1,15,A01
200700015283,0,01,000,00,2,1,01,B01
200700015284,0,07,000,00,2,1,01,A01
200700015284,0,07,000,00,0,4,01,B01
200700015285,0,07,000,00,1,3,01,A01
200700015286,0,07,000,00,2,1,23,A01
200700015286,0,07,000,00,2,1,13,B01
200700015287,0,13,000,00,2,1,23,B01
200700015287,0,07,000,01,0,8,14,A01
200700015288,0,07,000,00,2,2,01,B01
200700015288,0,07,000,00,2,3,19,A01
200700015289,1,10,000,00,1,0,01,A01
200700015290,0,07,000,00,1,1,01,A01
200700015291,0,07,000,00,2,3,10,A01
200700015291,0,02,000,00,2,1,17,B01
200700015292,0,07,000,00,1,2,01,A01
200700015293,0,17,000,00,2,7,15,A01
200700015293,0,07,000,00,9,9,01,B01
200700015294,0,07,000,00,1,2,01,A01
200700015295,0,07,000,00,1,2,16,A01
200700015296,0,02,000,12,0,1,01,A01
200700015297,0,07,000,00,2,0,01,B01
200700015297,0,10,000,00,2,2,01,A01
200700015298,0,07,000,03,0,8,12,A01
200700015299,0,36,000,00,0,9,01,A01
200700015299,0,07,000,00,0,0,09,B01
200700015300,0,07,000,00,1,1,01,A01
200700015301,0,07,000,14,0,9,01,A01
200700015302,0,10,000,00,1,1,01,A01
200700015303,0,07,000,00,2,2,01,A01
200700015303,0,07,000,00,2,3,09,B01
200700015304,0,07,000,00,1,2,01,A01
200700015305,0,01,000,00,2,1,01,A01
200700015305,0,07,000,00,2,3,09,B01
200700015306,0,10,000,00,2,8,10,A01
200700015306,0,07,000,00,2,2,01,B01
200700015307,0,07,000,00,2,1,01,A01
200700015307,0,07,000,00,2,4,01,B01
200700015308,0,07,000,06,0,1,01,A01
200700015309,0,07,000,00,2,8,10,A01
200700015309,0,07,000,00,2,1,01,B01
200700015310,0,07,000,00,1,2,01,A01
200700015311,0,07,000,09,0,1,01,A01
200700015312,0,07,000,00,2,3,15,A01
200700015312,0,33,000,00,2,2,17,B01
200700015313,0,01,000,00,2,1,00,A01
200700015313,0,07,000,00,2,4,01,B01
200700015314,0,07,000,00,2,1,02,A01
200700015314,0,10,000,00,2,4,02,B01
200700015314,0,07,000,00,2,4,02,C01
200700015314,0,07,000,00,2,4,02,D01
200700015315,0,03,000,00,1,2,01,A01
200700015316,0,07,000,00,1,2,01,A01
200700015317,0,07,000,00,2,1,01,A01
200700015317,0,07,000,00,2,1,13,B01
200700015318,0,07,000,00,9,2,15,A01
200700015318,0,01,000,00,2,1,01,B01
200700015319,0,02,000,00,2,8,01,A01
200700015319,0,07,000,00,9,5,01,B01
200700015320,0,07,000,00,2,1,02,A01
200700015320,0,03,000,00,0,4,01,B01
200700015321,0,02,000,00,2,2,16,A01
200700015321,0,07,000,00,0,3,01,B01
200700015322,0,37,001,00,1,2,20,A01
200700015323,0,07,000,00,2,5,15,A01
200700015323,0,07,000,00,2,1,01,C01
200700015323,0,07,000,00,2,1,01,B01
200700015324,0,07,000,00,2,2,15,A01
200700015324,0,02,000,00,2,1,01,B01
200700015325,0,01,000,01,0,1,01,A01
200700015325,0,07,000,00,0,4,23,B01
200700015326,0,07,000,00,1,1,01,A01
200700015327,0,07,000,00,2,8,13,A01
200700015327,0,07,000,00,2,8,01,B01
200700015328,0,07,000,00,2,1,01,A01
200700015328,0,07,000,00,2,7,01,B01
200700015329,0,07,000,00,2,3,17,A01
200700015329,0,07,000,00,2,3,01,B01
200700015329,0,07,000,00,0,8,24,C01
200700015330,0,02,000,00,0,0,01,A01
200700015331,0,01,000,00,0,0,01,A01
200700015332,0,01,000,00,0,0,00,A01
200700015333,0,07,000,00,2,3,15,A01
200700015333,0,02,000,00,2,1,01,B01
200700015334,0,07,000,00,2,1,02,A01
200700015334,0,07,000,00,0,4,01,B01
200700015335,0,30,000,00,1,1,01,A01
200700015336,0,02,000,00,2,1,01,B01
200700015336,0,07,000,00,2,8,16,A01
200700015337,0,07,000,00,2,3,13,A01
200700015337,0,07,000,00,2,3,01,B01
200700015338,0,07,000,00,2,1,01,A01
200700015338,0,07,000,00,0,4,01,B01
200700015339,0,07,000,00,2,3,15,A01
200700015339,0,07,000,00,2,8,02,B01
200700015340,0,07,000,00,9,2,15,B01
200700015340,0,30,000,00,2,6,01,A01
200700015341,0,31,000,00,9,1,17,A01
200700015341,0,07,000,00,2,1,09,B01
200700015342,0,07,000,06,2,1,09,A01
200700015342,0,07,000,00,2,2,01,B01
200700015343,0,07,000,00,9,2,01,A01
200700015343,0,01,000,00,2,0,19,B01
200700015344,0,07,000,00,1,2,01,A01
200700015345,0,07,000,06,0,2,01,A01
200700015346,0,07,000,01,2,5,01,A01
200700015346,0,07,000,00,2,1,01,B01
200700015347,0,07,000,00,2,3,00,A01
200700015347,0,33,000,00,2,1,01,B01
200700015348,0,07,000,00,1,3,01,A01
200700015349,0,36,000,01,0,1,13,A01
200700015349,0,10,000,00,0,3,24,B01
200700015350,0,07,000,00,1,2,01,A01
200700015351,0,07,000,00,2,3,01,B01
200700015351,0,07,000,00,2,1,01,A01
200700015352,0,14,000,00,1,7,15,A01
200700015353,0,07,000,00,2,1,01,A01
200700015353,0,07,000,00,2,9,17,B01
200700015354,0,33,000,00,2,1,01,A01
200700015354,0,10,000,00,2,3,01,B01
200700015355,0,07,000,00,2,1,13,A01
200700015355,0,07,000,00,2,1,01,B01
200700015356,0,07,000,00,2,7,01,B01
200700015356,0,02,000,00,2,1,19,A01
200700015357,0,07,000,00,0,8,01,B01
200700015357,0,30,000,00,2,1,01,A01
200700015358,0,17,000,00,2,8,09,A01
200700015358,0,07,000,00,2,2,17,B01
200700015359,0,07,000,00,2,2,14,A01
200700015359,0,30,000,00,2,1,18,B01
200700015360,0,07,000,00,1,2,01,A01
200700015361,0,07,000,00,1,3,01,A01
200700015362,0,07,000,08,0,1,02,A01
200700015363,0,02,000,00,2,1,01,A01
200700015363,0,07,000,00,2,5,23,B01
200700015364,0,07,000,00,2,1,13,A01
200700015364,0,07,000,00,2,1,01,B01
200700015365,0,07,000,06,0,1,01,A01
200700015366,0,32,000,00,0,1,01,A01
200700015367,0,07,000,00,2,1,01,A01
200700015367,0,10,000,00,2,1,01,B01
200700015368,0,07,000,00,0,3,00,A01
200700015368,0,07,000,00,0,3,19,B01
200700015369,0,07,000,00,0,5,19,A01
200700015369,0,02,000,00,2,1,01,B01
200700015370,0,17,000,00,2,1,16,B01
200700015370,0,01,000,00,2,7,01,A01
200700015371,0,07,000,00,2,3,23,B01
200700015371,0,30,000,00,2,3,01,A01
200700015372,2,14,000,03,0,1,13,A01
200700015372,0,07,000,03,2,3,21,B01
200700015373,0,07,000,00,1,4,04,A01
200700015374,0,07,000,00,2,2,07,A01
200700015374,0,02,000,00,2,1,01,B01
200700015375,0,02,000,01,0,1,01,A01
200700015375,0,07,000,00,0,2,00,B01
200700015376,1,99,000,00,1,4,00,A01
200700015377,0,07,000,00,1,1,01,A01
200700015378,0,07,000,00,2,7,15,A01
200700015378,0,33,000,00,2,1,01,B01
200700015379,0,02,000,00,2,1,01,A01
200700015379,0,07,000,00,2,8,01,B01
200700015380,0,02,000,00,2,1,13,A01
200700015380,0,02,000,00,2,1,01,B01
200700015381,0,32,000,00,2,3,01,B01
200700015381,0,07,000,00,2,3,19,A01
200700015382,0,07,000,00,2,3,02,A01
200700015382,0,07,000,00,2,5,00,B01
200700015383,0,31,000,00,2,3,12,A01
200700015383,0,07,000,00,2,5,01,B01
200700015384,0,07,000,00,1,2,01,A01
200700015385,0,32,000,01,2,1,01,B01
200700015385,0,07,000,00,9,1,15,A01
200700015386,0,33,000,01,0,0,01,A01
200700015387,0,07,000,00,1,1,15,A01
200700015388,0,01,000,00,2,1,15,A01
200700015388,0,07,000,00,2,1,01,B01
200700015389,0,33,000,00,2,7,01,A01
200700015389,0,07,000,00,2,1,15,B01
200700015390,0,07,000,00,2,3,15,A01
200700015390,0,07,000,00,2,2,01,B01
200700015391,0,33,000,03,0,2,01,A01
200700015392,0,30,000,00,2,1,01,B01
200700015392,0,07,000,00,2,3,15,A01
200700015393,0,07,000,08,0,1,01,A01
200700015394,0,07,000,00,2,1,01,A01
200700015394,0,07,000,00,2,4,23,B01
200700015394,0,07,000,00,2,4,23,C01
200700015395,0,07,000,00,2,3,24,A01
200700015395,0,01,000,01,0,1,01,B01
200700015396,0,07,000,00,1,3,01,A01
200700015396,0,07,000,00,1,3,01,B01
200700015397,0,10,000,00,1,6,01,A01
200700015398,0,02,000,00,2,2,17,A01
200700015398,0,07,000,00,2,3,15,B01
200700015399,0,07,000,00,2,1,13,A01
200700015399,0,07,000,00,2,1,01,B01