Num_Acc,senc,catv,occutc,obs,obsm,choc,manv,num_veh
200700015400,0,07,000,00,2,2,09,A01
200700015400,0,33,000,00,2,2,01,B01
200700015401,0,07,000,00,2,3,10,A01
200700015401,0,30,000,00,2,1,17,B01
200700015402,0,07,000,00,1,1,01,A01
200700015403,0,02,000,00,2,1,01,B01
200700015403,0,07,000,00,2,8,19,A01
200700015404,0,33,000,08,0,1,01,A01
200700015405,0,07,000,00,2,3,24,A01
200700015405,0,01,000,01,0,1,01,B01
200700015406,0,02,000,00,2,1,01,A01
200700015406,0,07,000,00,2,2,09,B01
200700015407,0,07,000,00,2,0,00,A01
200700015407,0,07,000,00,1,1,01,B01
200700015408,0,02,000,01,0,1,01,B01
200700015409,0,01,000,00,2,1,19,A01
200700015409,0,07,000,00,2,1,01,B01
200700015410,0,30,000,00,2,1,17,A01
200700015410,0,07,000,00,2,3,15,B01
200700015411,0,07,000,00,2,8,01,A01
200700015411,0,07,000,00,2,1,01,B01
200700015412,0,07,000,00,9,1,09,A01
200700015412,0,01,000,00,2,4,01,B01
200700015413,0,07,000,11,0,1,02,A01
200700015414,0,07,000,00,1,2,01,A01
200700015415,1,07,000,00,1,1,01,A01
200700015416,0,07,000,00,2,1,01,A01
200700015416,0,33,000,00,2,1,01,B01
200700015417,0,07,000,00,2,1,04,A01
200700015417,0,02,000,00,2,1,01,B01
200700015418,0,30,000,00,2,1,17,A01
200700015418,0,37,046,00,2,1,02,B01
200700015419,0,07,000,00,2,2,01,A01
200700015419,0,33,000,00,2,6,01,B01
200700015420,0,07,000,00,2,4,20,A01
200700015420,0,01,000,00,2,1,01,B01
200700015421,0,07,000,00,1,2,01,A01
200700015422,0,07,000,00,2,1,02,A01
200700015422,0,07,000,00,2,4,23,B01
200700015423,0,07,000,00,1,1,15,A01
200700015424,0,02,000,00,2,1,01,A01
200700015424,0,07,000,00,9,3,15,B01
200700015425,0,02,000,00,2,1,01,A01
200700015425,0,07,000,00,2,4,02,B01
200700015426,0,03,000,01,0,1,01,A01
200700015427,0,02,000,00,2,7,01,A01
200700015427,0,07,000,00,2,1,01,B01
200700015428,0,07,000,00,2,7,14,A01
200700015428,0,01,000,00,2,0,01,B01
200700015429,0,30,000,00,2,1,01,A01
200700015429,0,07,000,00,9,4,23,B01
200700015430,0,07,000,12,0,1,01,A01
200700015431,0,02,000,00,2,1,01,A01
200700015431,0,07,000,00,2,6,15,B01
200700015432,0,30,000,00,2,8,15,A01
200700015432,0,33,000,00,9,8,01,B01
200700015433,0,07,000,03,2,1,01,A01
200700015433,0,07,000,00,2,6,01,B01
200700015433,0,07,000,00,2,1,01,C01
200700015434,0,07,000,00,9,2,01,A01
200700015434,0,02,000,00,2,1,01,B01
200700015435,0,07,000,14,0,1,01,A01
200700015435,0,07,000,00,2,4,23,B01
200700015436,1,07,000,00,1,1,01,A01
200700015437,0,07,000,00,2,1,01,B01
200700015437,0,07,000,00,0,3,15,A01
200700015438,0,07,000,00,0,8,09,A01
200700015438,0,01,000,00,2,1,09,B01
200700015439,0,07,000,00,0,7,01,A01
200700015439,0,99,000,00,2,1,01,B01
200700015440,0,07,000,00,1,2,01,A01
200700015441,0,07,000,00,1,1,01,A01
200700015442,0,14,000,00,0,8,16,A01
200700015443,0,07,000,00,2,1,01,B01
200700015443,0,07,000,00,2,1,15,A01
200700015444,0,07,000,00,1,0,04,A01
200700015445,0,07,000,00,2,3,01,B01
200700015445,0,01,000,00,2,1,01,A01
200700015446,0,07,000,00,2,1,01,A01
200700015446,0,07,000,00,2,1,01,B01
200700015447,1,07,000,00,0,0,00,A01
200700015448,0,07,000,01,1,0,01,A01
200700015449,2,07,000,00,2,0,01,A01
200700015449,0,07,000,00,2,1,01,B01
200700015450,0,07,000,03,0,9,01,A01
200700015451,0,32,000,00,2,9,01,B01
200700015451,0,07,000,00,2,5,01,C01
200700015451,0,07,000,00,2,1,01,A01
200700015452,0,07,000,00,2,9,13,A01
200700015452,0,07,000,00,2,9,01,B01
200700015452,0,07,000,00,2,1,02,D01
200700015452,0,07,000,00,2,9,02,C01
200700015452,0,07,000,00,2,1,01,E01
200700015453,0,07,000,00,2,0,01,A01
200700015453,0,33,000,00,2,0,01,B01
200700015454,0,02,000,00,1,0,01,A01
200700015455,0,07,000,00,2,8,15,A01
200700015455,0,30,000,00,2,4,15,B01
200700015456,1,35,000,00,2,9,01,A01
200700015457,1,07,000,00,0,0,00,A01
200700015457,0,01,000,01,2,1,01,B01
200700015458,0,07,000,00,1,3,15,A01
200700015459,0,07,000,00,2,4,23,B01
200700015459,0,07,000,00,2,2,02,A01
200700015460,0,01,000,01,2,0,00,B01
200700015460,0,07,000,00,2,1,01,A01
200700015461,1,07,000,00,0,0,01,A01
200700015461,0,02,000,00,2,9,01,B01
200700015462,0,07,000,01,0,3,01,A01
200700015463,0,30,000,00,2,4,01,B01
200700015463,0,07,000,00,2,2,17,A01
200700015464,0,07,000,00,2,3,01,A01
200700015465,0,02,000,00,2,9,16,B01
200700015465,0,07,000,00,2,2,16,A01
200700015466,0,02,000,00,2,4,23,B01
200700015466,1,07,000,00,0,0,00,A01
200700015467,1,07,000,00,0,0,00,A01
200700015467,0,01,000,00,2,9,01,B01
200700015468,0,07,000,00,2,9,13,A01
200700015468,0,07,000,00,2,9,02,C01
200700015468,0,07,000,00,2,9,01,B01
200700015469,1,07,000,00,2,0,00,A01
200700015469,0,01,000,00,2,0,01,B01
200700015470,1,07,000,00,0,0,01,A01
200700015470,0,02,000,00,2,4,01,B01
200700015471,1,07,000,00,2,0,00,A01
200700015471,0,30,000,00,2,0,01,B01
200700015472,0,07,000,01,1,0,01,A01
200700015473,1,33,000,00,0,0,00,A01
200700015473,0,01,000,00,2,1,01,B01
200700015474,0,07,000,00,2,1,01,A01
200700015474,0,07,000,00,2,4,01,B01
200700015475,0,07,000,00,2,3,01,B01
200700015475,0,07,000,00,2,1,16,A01
200700015476,0,07,000,01,2,1,09,A01
200700015476,0,07,000,00,2,9,01,B01
200700015477,1,07,000,00,0,0,18,A01
200700015477,0,02,000,00,2,1,01,B01
200700015478,0,02,000,00,2,1,01,A01
200700015478,0,07,000,00,2,1,01,B01
200700015479,0,07,000,00,1,0,01,A01
200700015480,0,07,000,00,1,1,16,A01
200700015481,0,07,000,00,2,0,01,B01
200700015481,1,07,000,00,2,0,10,A01
200700015482,0,07,000,00,2,1,15,A01
200700015482,0,07,000,00,2,1,01,B01
200700015483,0,07,000,00,2,8,01,A01
200700015483,0,07,000,00,2,1,15,B01
200700015484,0,07,000,00,2,7,01,B01
200700015484,0,07,000,00,2,1,01,A01
200700015485,0,07,000,00,1,0,01,A01
200700015486,0,07,000,00,2,3,01,A01
200700015486,0,07,000,00,2,8,15,B01
200700015487,0,07,000,00,2,3,01,B01
200700015487,0,30,000,00,2,7,01,A01
200700015488,0,01,000,00,2,0,01,B01
200700015488,1,07,000,00,0,0,02,A01
200700015489,0,07,000,00,2,7,01,A01
200700015489,0,07,000,00,2,1,01,B01
200700015490,0,07,000,00,2,1,01,A01
200700015490,0,07,000,00,2,1,05,B01
200700015491,0,07,000,11,0,9,17,A01
200700015492,0,07,000,00,2,1,01,A01
200700015492,0,33,000,00,2,6,01,B01
200700015493,0,02,000,02,0,1,01,A01
200700015494,0,07,000,00,1,2,01,A01
200700015495,0,02,000,00,2,1,01,A01
200700015495,0,07,000,00,9,3,01,B01
200700015496,0,07,000,00,2,3,15,A01
200700015496,0,33,000,00,2,3,01,B01
200700015497,0,02,000,00,2,1,21,A01
200700015497,0,07,000,00,2,3,15,B01
200700015498,0,07,000,00,2,1,19,A01
200700015498,0,07,000,00,2,1,01,B01
200700015499,0,07,000,08,0,2,02,A01
200700015500,0,02,000,00,0,0,00,A01
200700015501,0,32,000,00,0,0,01,A01
200700015502,1,99,000,00,1,0,00,A01
200700015503,0,02,000,00,0,0,01,B01
200700015503,0,07,000,14,0,5,01,A01
200700015504,0,07,000,00,2,2,01,B01
200700015504,0,02,000,00,2,1,15,A01
200700015505,0,01,000,00,2,1,01,A01
200700015505,0,07,000,00,2,3,01,B01
200700015506,0,07,000,00,2,2,15,A01
200700015506,0,04,000,00,2,1,01,B01
200700015507,0,03,000,00,2,1,01,A01
200700015507,0,07,000,00,2,1,01,B01
200700015508,0,07,000,00,2,5,15,A01
200700015508,0,04,000,00,2,1,01,B01
200700015508,0,18,001,00,2,3,01,C01
200700015509,0,07,000,00,1,5,01,A01
200700015509,0,05,000,00,2,1,01,B01
200700015510,0,10,000,00,2,4,04,A01
200700015510,0,01,000,00,2,1,01,B01
200700015511,0,07,000,00,2,1,19,A01
200700015511,0,02,000,00,2,1,01,B01
200700015512,0,02,000,00,2,1,01,A01
200700015512,0,07,000,00,2,2,15,B01
200700015513,0,33,000,00,2,1,01,A01
200700015513,0,07,000,00,2,3,01,B01
200700015514,0,07,000,00,1,1,01,A01
200700015515,0,10,000,00,2,1,01,A01
200700015515,0,07,000,00,2,1,01,B01
200700015516,0,07,000,00,2,1,15,A01
200700015516,0,33,000,00,2,1,01,B01
200700015517,0,07,000,00,2,6,02,B01
200700015517,0,02,000,00,2,1,02,A01
200700015518,0,38,035,00,2,4,02,B01
200700015518,0,14,000,00,2,1,02,A01
200700015519,0,07,000,00,1,1,00,A01
200700015520,0,03,000,00,2,4,02,B01
200700015520,0,07,000,00,2,1,02,A01
200700015521,0,07,000,00,2,3,09,B01
200700015521,0,07,000,00,2,1,00,A01
200700015522,0,07,000,00,2,3,11,A01
200700015522,0,33,000,00,2,1,00,B01
200700015523,0,01,000,00,2,0,15,A01
200700015523,0,07,000,00,2,0,01,B01
200700015524,0,07,000,00,2,1,01,A01
200700015525,0,02,000,00,2,8,15,B01
200700015525,0,07,000,00,2,1,01,A01
200700015526,0,07,000,00,2,1,02,A01
200700015526,0,07,000,00,2,8,10,B01
200700015527,0,07,000,00,1,1,15,A01
200700015528,0,07,000,00,2,1,01,A01
200700015528,0,01,000,00,0,4,01,B01
200700015529,0,07,000,14,0,6,23,B01
200700015529,0,07,000,14,0,3,01,A01
200700015529,0,07,000,00,0,3,23,C01
200700015530,1,07,000,00,1,2,01,A01
200700015531,0,07,000,02,0,2,01,A01
200700015532,0,30,000,00,2,1,21,A01
200700015532,0,07,000,00,2,3,15,B01
200700015533,0,02,000,00,0,8,01,B01
200700015533,0,07,000,00,2,3,00,A01
200700015534,0,02,000,00,2,1,17,A01
200700015534,0,07,000,00,2,3,15,B01
200700015535,0,07,000,00,1,2,18,A01
200700015536,0,07,000,00,1,1,01,A01
200700015536,0,01,000,00,2,1,19,B01
200700015537,0,07,000,01,2,1,14,A01
200700015538,0,07,000,00,1,1,01,A01
200700015539,0,07,000,00,0,7,01,A01
200700015539,0,02,000,00,2,1,01,B01
200700015540,0,33,000,00,2,2,21,B01
200700015540,0,07,000,00,9,2,15,A01
200700015541,0,01,000,00,2,1,01,A01
200700015541,1,07,000,00,0,3,13,B01
200700015542,0,07,000,00,1,2,01,A01
200700015543,0,31,000,00,2,1,17,A01
200700015543,0,07,000,00,0,3,15,B01
200700015544,0,07,000,00,0,2,15,A01
200700015544,0,30,000,00,2,1,01,B01
200700015545,0,07,000,00,2,3,01,B01
200700015545,0,10,000,00,2,3,02,C01
200700015545,0,10,000,00,2,3,05,A01
200700015546,0,02,000,00,2,8,01,A01
200700015546,0,07,000,00,9,5,01,B01
200700015547,0,02,000,00,2,1,17,A01
200700015547,0,07,000,00,9,1,15,B01
200700015548,0,33,000,00,0,1,00,B01
200700015548,0,07,000,00,0,3,15,A01
200700015549,0,07,000,01,0,3,01,A01
200700015550,0,07,000,00,2,8,15,A01
200700015550,0,30,000,00,2,1,01,B01
200700015551,0,07,000,00,0,3,11,B01
200700015551,0,33,000,00,2,2,17,A01
200700015552,0,07,000,00,2,1,01,A01
200700015552,0,07,000,00,2,4,01,B01
200700015553,0,30,000,00,2,1,01,B01
200700015553,0,07,000,00,2,3,09,A01
200700015554,0,10,000,00,2,1,02,A01
200700015554,0,10,000,00,2,8,10,B01
200700015555,0,02,000,00,2,1,13,A01
200700015555,0,07,000,00,2,1,01,B01
200700015556,0,07,000,00,1,3,01,A01
200700015557,0,30,000,00,2,8,16,A01
200700015557,1,07,000,00,2,0,01,B01
200700015558,0,10,000,00,1,2,14,A01
200700015559,0,07,000,08,2,2,01,A01
200700015559,0,07,000,00,2,3,01,B01
200700015560,0,07,000,00,1,1,09,A01
200700015561,0,07,000,00,2,4,02,A01
200700015561,0,07,000,00,2,4,02,B01
200700015562,0,07,000,06,1,3,13,A01
200700015563,0,30,000,00,2,1,01,A01
200700015563,0,07,000,00,2,3,01,B01
200700015564,0,07,000,00,2,7,01,A01
200700015564,0,07,000,00,2,1,01,B01
200700015565,0,10,000,00,2,1,01,B01
200700015565,0,07,000,00,2,2,15,A01
200700015566,0,07,000,14,0,1,02,A01
200700015566,0,07,000,00,2,4,02,B01
200700015567,0,03,000,00,2,2,01,B01
200700015567,0,07,000,00,2,1,09,A01
200700015568,0,33,000,00,0,9,01,A01
200700015569,1,07,000,00,1,1,01,A01
200700015570,0,07,000,02,0,1,14,A01
200700015571,0,07,000,00,2,1,01,A01
200700015571,0,07,000,00,2,4,01,B01
200700015572,0,07,000,00,2,1,02,A01
200700015572,0,07,000,00,0,6,01,B01
200700015573,0,07,000,06,0,9,15,A01
200700015574,0,07,000,00,2,5,12,A01
200700015574,0,33,000,00,2,1,01,B01
200700015575,0,02,000,00,2,8,05,A01
200700015575,0,07,000,00,9,2,16,B01
200700015576,0,02,000,00,2,1,17,A01
200700015576,0,10,000,00,9,3,10,B01
200700015577,0,33,000,00,1,1,01,A01
200700015578,0,07,000,00,0,7,01,B01
200700015578,0,07,000,00,2,1,01,A01
200700015579,0,02,000,00,2,1,02,A01
200700015579,0,07,000,00,0,6,23,B01
200700015580,0,10,000,00,9,8,19,A01
200700015580,0,33,000,00,2,1,01,B01
200700015581,0,07,000,00,9,1,15,A01
200700015581,0,33,000,00,2,1,01,B01
200700015582,0,07,000,00,2,1,01,B01
200700015582,0,07,000,00,2,2,15,A01
200700015583,1,07,000,00,1,0,00,A01
200700015584,0,07,000,00,1,1,01,A01
200700015585,0,07,000,00,2,1,11,A01
200700015585,0,14,000,00,2,3,01,B01
200700015586,0,30,000,00,2,1,02,B01
200700015586,0,07,000,00,2,3,16,A01
200700015587,0,02,000,00,2,4,02,A01
200700015587,0,01,000,00,2,4,02,B01
200700015588,0,33,000,00,2,0,01,A01
200700015588,1,07,000,00,0,3,15,B01
200700015589,0,07,000,00,2,3,20,A01
200700015589,0,33,000,00,2,1,01,B01
200700015590,0,07,000,00,2,2,15,A01
200700015590,0,33,000,00,2,1,00,B01
200700015591,0,07,000,00,2,1,01,A01
200700015591,0,07,000,00,0,8,01,B01
200700015592,0,07,000,00,1,6,04,A01
200700015593,0,07,000,00,1,1,01,A01
200700015594,0,07,000,02,0,1,01,A01
200700015595,0,31,000,00,0,0,01,A01
200700015596,0,33,000,00,2,1,01,A01
200700015596,0,07,000,00,2,2,15,B01
200700015597,0,07,000,00,1,1,15,A01
200700015598,0,14,000,00,1,6,04,A01
200700015599,0,30,000,00,2,1,01,B01
200700015599,0,07,000,00,2,7,15,A01
200700015600,0,07,000,00,1,1,01,A01
200700015601,0,07,000,00,2,3,15,A01
200700015601,0,01,000,00,2,1,01,B01
200700015602,0,07,000,00,2,2,15,A01
200700015602,0,07,000,00,2,1,01,B01
200700015603,0,07,000,00,2,1,01,B01
200700015603,0,07,000,00,2,7,01,A01
200700015604,1,07,000,00,2,0,13,A01
200700015604,0,30,000,00,2,4,02,B01
200700015605,0,07,000,00,2,1,01,A01
200700015605,0,07,000,00,2,7,01,B01
200700015606,0,07,000,00,2,4,01,B01
200700015606,0,07,000,00,2,1,01,A01
200700015607,0,07,000,06,0,1,14,A01
200700015608,0,07,000,06,0,1,01,A01
200700015609,0,07,000,00,2,1,11,A01
200700015609,0,01,000,00,2,4,11,B01
200700015610,0,07,000,00,2,1,01,A01
200700015610,0,07,000,00,2,4,23,B01
200700015610,0,07,000,00,2,4,23,C01
200700015611,0,07,000,00,1,8,01,A01
200700015612,0,07,000,00,2,1,15,A01
200700015612,0,07,000,00,2,7,01,B01
200700015613,0,07,000,00,2,1,02,A01
200700015613,0,07,000,00,2,5,02,B01
200700015614,0,07,000,01,2,1,01,A01
200700015614,0,07,000,00,2,1,01,B01
200700015614,0,07,000,00,2,5,01,C01
200700015615,0,07,000,00,2,1,01,A01
200700015615,0,37,016,00,2,7,01,B01
200700015616,0,30,000,00,2,8,15,A01
200700015616,0,07,000,00,2,7,01,B01
200700015617,0,07,000,00,2,1,01,A01
200700015617,0,07,000,00,2,1,01,B01
200700015618,0,07,000,00,2,3,22,A01
200700015618,0,01,000,00,2,0,00,B01
200700015619,0,33,000,00,2,1,01,A01
200700015619,0,07,000,00,2,4,01,B01
200700015620,0,07,000,00,2,8,15,A01
200700015620,0,07,000,00,2,1,01,B01
200700015621,0,07,000,15,0,3,01,A01
200700015622,0,07,000,00,2,1,01,A01
200700015622,0,07,000,00,2,4,01,B01
200700015623,0,07,000,00,0,0,01,A01
200700015624,0,07,000,00,2,4,01,C01
200700015624,0,07,000,00,2,1,01,A01
200700015624,0,07,000,00,2,4,01,B01
200700015624,0,07,000,00,2,4,01,D01
200700015625,0,31,000,00,1,1,01,A01
200700015626,0,07,000,00,2,1,15,A01
200700015626,0,33,000,00,2,1,01,B01
200700015627,0,30,000,00,0,0,00,A01
200700015628,0,33,000,00,2,1,01,A01
200700015628,0,33,000,00,0,0,23,B01
200700015629,0,07,000,00,2,1,01,A01
200700015629,0,37,001,00,2,3,01,B01
200700015630,0,07,000,00,1,1,01,A01
200700015631,0,07,000,00,2,1,13,A01
200700015631,0,07,000,00,2,3,01,B01
200700015632,0,07,000,00,2,3,13,A01
200700015632,0,07,000,00,2,3,01,B01
200700015632,0,15,000,00,0,0,24,C01
200700015633,0,07,000,00,2,5,17,A01
200700015633,0,37,001,00,2,3,20,B01
200700015634,0,07,000,01,0,1,14,A01
200700015635,0,33,000,00,2,1,01,A01
200700015635,0,07,000,00,0,2,01,B01
200700015636,0,07,000,00,2,1,01,A01
200700015636,0,07,000,00,2,4,01,B01
200700015636,0,10,000,00,2,4,01,C01
200700015637,0,07,000,00,2,1,01,A01
200700015637,0,07,000,00,2,4,01,B01
200700015638,0,07,000,09,0,1,14,A01
200700015639,0,10,000,00,2,1,13,A01
200700015639,0,07,000,00,2,1,01,B01
200700015640,0,33,000,00,2,1,01,B01
200700015640,0,07,000,00,2,1,05,A01
200700015641,0,33,000,00,2,1,17,B01
200700015641,0,07,000,00,2,1,15,A01
200700015642,0,07,000,00,2,1,01,B01
200700015642,0,07,000,00,2,2,15,A01
200700015642,0,07,000,03,2,8,16,C01
200700015643,0,10,000,00,2,4,01,B01
200700015643,0,14,000,00,2,1,15,A01
200700015644,0,07,000,00,2,3,15,A01
200700015644,0,07,000,00,2,1,01,B01
200700015644,0,07,000,00,2,1,01,C01
200700015645,0,07,000,01,2,3,13,A01
200700015645,0,02,000,00,2,8,13,B01
200700015646,0,07,000,00,2,1,17,A01
200700015646,0,30,000,00,2,3,15,B01
200700015647,0,33,000,15,0,0,01,A01
200700015648,0,31,000,00,0,8,01,A01
200700015649,0,07,000,00,1,1,01,A01
200700015650,0,30,000,00,2,1,01,B01
200700015650,0,07,000,00,2,3,01,A01
200700015651,0,01,000,08,0,1,01,A01
200700015652,0,07,000,00,2,3,13,A01
200700015652,0,07,000,00,2,3,01,B01
200700015653,0,07,000,00,2,2,01,B01
200700015653,0,07,000,00,2,8,16,A01
200700015654,0,07,000,08,0,1,14,A01
200700015655,0,07,000,00,2,3,15,A01
200700015655,0,02,000,00,2,1,01,B01
200700015656,0,30,000,00,0,1,01,A01
200700015656,0,30,000,00,2,1,01,B01
200700015657,0,07,000,00,1,4,04,A01
200700015658,0,07,000,00,2,1,02,A01
200700015658,0,07,000,00,2,4,02,B01
200700015659,0,30,000,00,2,0,00,A01
200700015659,0,07,000,00,2,3,00,B01
200700015660,0,07,000,00,2,1,02,A01
200700015660,0,07,000,00,2,4,23,B01
200700015660,0,07,000,00,2,4,23,C01
200700015661,0,07,000,00,1,4,01,A01
200700015662,0,07,000,00,2,1,01,B01
200700015662,0,07,000,00,2,8,15,A01
200700015663,0,10,000,00,1,1,15,A01
200700015664,0,07,000,00,2,6,15,A01
200700015664,0,30,000,00,1,1,01,B01
200700015665,0,02,000,12,2,1,01,A01
200700015665,1,07,000,00,2,3,10,B01
200700015666,0,07,000,00,2,5,16,A01
200700015666,0,01,000,00,2,1,01,B01
200700015667,0,07,000,00,2,1,15,A01
200700015667,0,31,000,00,2,1,01,B01
200700015668,0,07,000,00,2,1,15,A01
200700015668,0,07,000,00,2,8,01,B01
200700015669,0,07,000,00,2,3,15,A01
200700015669,0,30,000,00,2,1,01,B01
200700015670,0,37,011,00,2,1,01,B01
200700015670,0,07,000,00,2,7,01,A01
200700015671,0,30,000,00,2,2,16,A01
200700015671,0,07,000,00,2,1,01,B01
200700015672,0,01,000,01,2,1,00,A01
200700015672,0,07,000,00,2,5,01,B01
200700015673,0,37,030,00,1,2,01,A01
200700015674,0,30,000,00,2,1,15,A01
200700015674,0,07,000,00,2,6,15,B01
200700015675,0,07,000,00,1,1,15,A01
200700015676,0,07,000,00,2,3,10,A01
200700015676,0,33,000,00,2,2,01,B01
200700015677,0,07,000,00,2,1,01,A01
200700015677,0,07,000,00,2,4,01,B01
200700015677,0,07,000,00,2,4,01,C01
200700015677,0,07,000,00,2,4,15,D01
200700015678,0,30,000,00,2,1,17,A01
200700015678,0,07,000,00,2,3,01,B01
200700015678,0,07,000,00,2,8,23,C01
200700015679,0,30,000,00,2,1,01,A01
200700015679,0,07,000,00,2,4,01,B01
200700015680,0,01,000,00,0,1,00,A01
200700015681,0,01,000,00,1,8,01,A01
200700015681,0,07,000,00,2,7,23,B01
200700015682,0,07,000,11,0,0,01,A01
200700015683,0,07,000,00,2,1,01,A01
200700015683,0,01,000,00,2,5,01,B01
200700015684,0,07,000,00,2,3,01,B01
200700015684,0,07,000,00,2,1,01,A01
200700015685,0,07,000,00,2,5,01,A01
200700015685,0,02,000,00,2,1,01,B01
200700015686,0,07,000,00,2,5,15,A01
200700015686,0,07,000,00,2,9,01,B01
200700015687,0,07,000,00,1,4,04,A01
200700015688,0,07,000,00,1,2,01,A01
200700015689,0,30,000,00,2,4,16,B01
200700015689,0,33,000,00,2,1,01,A01
200700015690,0,02,000,00,2,8,01,B01
200700015690,0,03,000,00,2,2,02,A01
200700015691,0,02,000,00,1,0,00,A01
200700015692,0,01,000,00,2,1,01,B01
200700015692,0,07,000,00,2,3,09,A01
200700015693,0,07,000,00,1,3,01,A01
200700015694,0,07,000,03,0,1,14,A01
200700015695,0,07,000,00,1,4,04,A01
200700015696,0,07,000,00,2,7,01,B01
200700015696,0,07,000,00,2,3,01,A01
200700015697,0,07,000,00,0,7,15,B01
200700015697,0,01,000,00,2,3,18,A01
200700015698,0,30,000,00,2,1,01,B01
200700015698,0,07,000,00,2,3,15,A01
200700015699,0,07,000,00,2,1,15,B01
200700015699,0,07,000,00,2,1,01,A01
200700015700,0,01,000,01,0,5,01,B01
200700015700,0,10,000,00,2,8,24,A01
200700015701,0,07,000,11,0,1,01,A01
200700015701,0,10,000,00,0,1,01,B01
200700015702,0,07,000,00,0,4,01,B01
200700015702,0,07,000,00,2,1,02,A01
200700015703,0,02,000,00,0,8,15,B01
200700015703,0,33,000,00,2,1,17,A01
200700015704,0,33,000,00,2,1,01,B01
200700015704,0,07,000,00,0,2,15,A01
200700015705,0,07,000,00,0,8,15,B01
200700015705,0,07,000,00,2,1,02,A01
200700015706,0,02,000,00,2,1,01,A01
200700015706,0,07,000,00,0,3,15,B01
200700015707,0,07,000,00,0,3,15,B01
200700015707,0,33,000,00,2,1,01,A01
200700015708,0,07,000,06,0,1,19,A01
200700015709,0,07,000,15,0,9,13,A01
200700015710,0,01,000,01,0,4,01,A01
200700015711,0,07,000,06,0,9,01,A01
200700015712,0,07,000,00,2,1,01,B01
200700015712,0,07,000,00,0,2,15,A01
200700015713,0,07,000,00,0,8,15,B01
200700015713,0,30,000,00,2,7,17,A01
200700015714,0,37,008,00,2,3,01,B01
200700015714,0,07,000,00,0,2,15,A01
200700015715,0,07,000,00,0,9,14,A01
200700015716,0,01,000,00,2,1,01,B01
200700015716,0,07,000,00,2,3,01,A01
200700015717,0,07,000,00,0,5,15,B01
200700015717,0,02,000,00,2,6,18,A01
200700015718,0,07,000,00,1,2,01,A01
200700015719,0,07,000,00,2,3,15,A01
200700015719,0,02,000,00,2,3,01,B01
200700015720,0,10,000,00,2,3,15,A01
200700015720,0,02,000,00,2,3,23,B01
200700015721,0,07,000,00,1,7,01,A01
200700015722,1,07,000,01,2,3,20,A01
200700015722,0,02,000,00,2,4,23,B01
200700015723,0,07,000,00,1,2,01,A01
200700015724,0,07,000,02,0,1,01,A01
200700015725,0,07,000,00,2,2,01,A01
200700015725,0,02,000,00,2,8,01,B01
200700015726,0,07,000,00,0,4,02,B01
200700015726,0,07,000,00,2,1,02,A01
200700015727,0,07,000,00,2,7,01,A01
200700015727,0,33,000,00,2,1,01,B01
200700015728,0,07,000,00,9,5,00,A01
200700015728,0,01,000,00,2,1,01,B01
200700015729,0,07,000,04,2,7,01,A01
200700015729,0,01,000,00,2,8,01,B01
200700015730,0,07,000,00,1,1,00,A01
200700015731,0,07,000,00,2,1,01,A01
200700015731,0,07,000,00,2,8,01,B01
200700015732,0,07,000,00,2,1,01,A01
200700015732,0,07,000,00,2,8,01,B01
200700015733,0,01,000,00,2,1,15,A01
200700015733,0,07,000,00,2,3,01,B01
200700015734,0,07,000,00,1,1,01,A01
200700015735,0,30,000,00,2,1,18,A01
200700015735,0,07,000,00,2,2,16,B01
200700015736,0,07,000,00,2,1,02,A01
200700015736,0,30,000,00,2,4,02,B01
200700015737,0,07,000,00,2,1,16,A01
200700015737,0,01,000,00,2,7,19,B01
200700015738,0,07,000,00,1,4,04,A01
200700015739,1,02,000,00,1,1,01,A01
200700015740,0,37,010,00,1,2,01,A01
200700015741,0,07,000,00,2,1,00,B01
200700015741,0,10,000,00,2,8,15,A01
200700015742,0,07,000,11,1,1,15,A01
200700015743,0,07,000,00,1,2,01,A01
200700015744,0,07,000,00,2,3,23,A01
200700015744,0,02,000,00,2,1,13,B01
200700015745,0,07,000,00,1,1,01,A01
200700015746,1,07,000,00,2,0,00,A01
200700015747,1,07,000,00,1,0,01,A01
200700015748,0,02,000,00,2,1,01,A01
200700015748,0,07,000,00,2,4,01,B01
200700015749,0,07,000,00,2,4,01,A01
200700015749,0,07,000,00,2,1,01,B01
200700015749,0,07,000,00,0,1,01,C01
200700015750,0,02,000,00,2,1,01,A01
200700015750,0,07,000,00,2,3,15,B01
200700015751,0,07,000,00,1,1,01,A01
200700015752,0,02,000,00,2,5,15,A01
200700015752,0,07,000,00,2,3,01,B01
200700015753,0,07,000,00,2,1,01,A01
200700015753,0,31,000,00,2,7,15,B01
200700015754,0,01,000,00,2,1,19,A01
200700015754,0,07,000,00,2,1,01,B01
200700015754,0,07,000,00,2,4,23,C01
200700015754,0,07,000,00,0,3,23,D01
200700015755,0,07,000,00,2,3,19,A01
200700015755,0,02,000,00,2,1,01,B01
200700015756,0,01,000,00,2,1,01,A01
200700015756,0,07,000,00,2,4,15,B01
200700015757,0,31,000,00,2,1,01,A01
200700015757,0,07,000,00,2,2,16,B01
200700015758,0,07,000,00,2,1,01,A01
200700015758,0,07,000,00,2,4,01,B01
200700015759,0,07,000,00,2,1,01,A01