Num_Acc,senc,catv,occutc,obs,obsm,choc,manv,num_veh
200700015759,0,07,000,00,2,2,01,B01
200700015760,0,02,000,00,2,1,01,A01
200700015760,0,34,000,00,2,1,01,B01
200700015761,0,02,000,00,2,1,01,B01
200700015761,0,01,000,00,2,2,01,A01
200700015762,0,33,000,00,2,1,15,A01
200700015762,0,07,000,00,2,5,01,B01
200700015763,0,07,000,00,2,1,01,B01
200700015763,0,07,000,00,2,2,01,A01
200700015764,0,10,000,00,1,2,01,A01
200700015765,0,30,000,00,2,2,01,B01
200700015765,0,10,000,00,2,3,01,A01
200700015766,0,30,000,00,2,1,17,A01
200700015766,0,07,000,00,2,6,23,B01
200700015767,1,33,000,00,1,1,00,A01
200700015768,1,10,000,00,2,7,12,A01
200700015768,0,01,000,00,2,1,01,B01
200700015769,0,07,000,08,0,1,13,A01
200700015770,0,07,000,00,2,4,23,A01
200700015770,0,30,000,00,2,1,02,B01
200700015771,1,07,000,00,1,2,01,A01
200700015772,0,07,000,00,1,1,15,A01
200700015773,0,07,000,14,9,7,16,A01
200700015773,0,01,000,00,2,8,01,B01
200700015774,0,07,000,00,2,8,01,B01
200700015774,0,07,000,15,2,1,01,A01
200700015775,0,30,000,00,1,1,01,A01
200700015776,0,30,000,00,2,0,00,B01
200700015776,0,07,000,00,2,0,00,A01
200700015777,0,07,000,00,2,2,01,A01
200700015777,0,07,000,00,2,1,01,B01
200700015778,0,33,000,00,2,7,02,B01
200700015778,1,07,000,00,2,0,00,A01
200700015779,0,07,000,00,2,1,15,A01
200700015779,0,01,000,00,2,1,01,B01
200700015780,0,07,000,00,9,2,01,A01
200700015780,0,02,000,00,2,1,09,B01
200700015781,0,07,000,00,2,7,06,A01
200700015781,0,30,000,00,2,1,01,B01
200700015782,0,07,000,00,2,4,23,B01
200700015782,0,07,000,00,2,1,01,A01
200700015782,0,07,000,00,2,4,23,C01
200700015782,0,07,000,00,2,4,23,D01
200700015783,0,07,000,00,2,1,13,A01
200700015783,0,07,000,00,2,1,01,B01
200700015784,0,07,000,00,2,7,16,A01
200700015784,0,30,000,00,2,8,16,B01
200700015785,0,07,000,00,1,1,01,A01
200700015785,0,07,000,00,1,1,01,B01
200700015786,0,07,000,00,2,1,01,A01
200700015786,0,07,000,00,2,2,01,B01
200700015787,0,07,000,00,2,5,17,A01
200700015787,0,05,000,00,2,1,01,B01
200700015788,0,07,000,00,2,3,09,A01
200700015788,0,05,000,00,2,1,01,B01
200700015789,0,07,000,00,1,2,01,A01
200700015790,0,17,000,00,1,2,01,A01
200700015791,0,30,000,00,2,1,18,A01
200700015791,0,07,000,00,2,2,15,B01
200700015792,1,07,000,00,2,2,02,A01
200700015792,0,07,000,00,2,4,02,B01
200700015793,0,07,000,07,0,1,01,A01
200700015794,0,02,000,00,2,1,01,A01
200700015794,0,07,000,00,2,3,15,B01
200700015795,0,01,000,00,2,1,00,A01
200700015795,0,07,000,00,0,0,00,B01
200700015796,0,07,000,00,2,8,02,A01
200700015796,0,07,000,08,2,1,02,B01
200700015797,0,10,000,00,2,1,01,A01
200700015797,0,10,000,00,2,1,01,B01
200700015798,0,07,000,00,2,2,01,A01
200700015798,0,07,000,00,2,1,01,B01
200700015799,0,07,000,00,2,3,10,A01
200700015799,0,33,000,08,2,1,01,B01
200700015800,0,02,000,00,2,7,17,A01
200700015800,0,07,000,00,9,8,15,B01
200700015801,2,07,000,00,2,3,05,A01
200700015801,0,07,000,00,2,1,01,B01
200700015802,0,15,000,00,1,7,21,A01
200700015803,0,07,000,00,1,3,09,A01
200700015804,0,07,000,00,2,3,09,A01
200700015804,0,02,000,00,0,7,01,B01
200700015805,0,07,000,00,0,8,15,A01
200700015805,0,33,000,00,2,7,17,B01
200700015805,0,33,000,00,2,1,01,C01
200700015806,0,33,000,00,2,1,01,A01
200700015806,0,07,000,00,2,4,01,B01
200700015806,0,07,000,00,0,0,09,C01
200700015807,0,33,000,00,2,1,01,A01
200700015807,0,07,000,00,2,8,01,B01
200700015808,0,07,000,08,4,8,16,A01
200700015808,0,40,000,00,2,1,01,B01
200700015809,0,14,000,00,1,4,04,A01
200700015810,0,07,000,00,2,3,17,A01
200700015810,0,02,000,00,2,1,01,B01
200700015811,0,07,000,00,2,3,15,A01
200700015811,0,07,000,00,2,8,01,B01
200700015812,0,07,000,00,9,1,01,A01
200700015812,0,31,000,00,2,5,01,B01
200700015813,0,07,000,00,2,1,01,A01
200700015813,0,07,000,01,2,9,01,B01
200700015814,0,07,000,03,0,1,01,A01
200700015815,0,07,000,00,1,2,17,A01
200700015816,0,07,000,00,2,1,15,A01
200700015816,0,33,000,00,2,1,01,B01
200700015817,0,07,000,00,2,1,15,A01
200700015817,0,07,000,00,2,1,01,B01
200700015818,0,02,000,00,2,1,18,A01
200700015818,0,07,000,00,2,4,23,B01
200700015819,0,07,000,00,2,3,01,A01
200700015819,0,07,000,08,2,4,01,B01
200700015820,0,07,000,00,2,1,13,A01
200700015820,0,07,000,00,2,3,01,B01
200700015821,0,30,000,00,2,1,10,A01
200700015821,0,07,000,00,2,2,01,B01
200700015822,0,30,000,00,2,7,09,A01
200700015822,0,07,000,00,2,6,01,B01
200700015823,0,07,000,00,2,1,01,B01
200700015823,0,01,000,00,2,1,01,A01
200700015824,0,07,000,01,2,1,01,A01
200700015825,0,07,000,08,0,1,01,A01
200700015826,0,07,000,00,2,1,01,B01
200700015826,0,07,000,00,2,3,01,A01
200700015827,0,07,000,00,2,8,15,A01
200700015827,0,07,000,00,2,1,01,B01
200700015828,0,07,000,09,0,1,01,A01
200700015829,0,07,000,00,1,1,01,A01
200700015830,0,07,000,00,2,1,13,A01
200700015830,0,07,000,00,0,1,01,B01
200700015831,0,07,000,00,2,1,01,A01
200700015831,0,30,000,00,0,8,01,B01
200700015832,0,07,000,00,2,2,01,B01
200700015832,0,02,000,00,2,1,01,A01
200700015833,0,07,000,01,0,2,01,A01
200700015834,0,02,000,00,0,0,01,A01
200700015835,0,32,000,00,2,1,01,A01
200700015835,0,07,000,00,2,3,01,B01
200700015836,0,07,000,00,2,2,11,A01
200700015836,0,07,000,00,2,1,01,B01
200700015837,0,30,000,01,0,8,01,A01
200700015838,0,07,000,00,0,4,23,A01
200700015838,1,07,000,14,0,1,02,B01
200700015839,0,07,000,00,2,1,01,A01
200700015839,0,10,000,00,2,3,01,B01
200700015839,0,10,000,00,2,3,23,C01
200700015840,0,07,000,00,2,3,01,A01
200700015840,0,30,000,00,0,7,23,B01
200700015841,0,07,000,00,2,1,01,A01
200700015841,0,07,000,00,0,4,01,B01
200700015841,0,07,000,00,0,7,01,C01
200700015841,0,07,000,00,0,5,01,D01
200700015841,0,15,000,00,0,4,09,E01
200700015842,0,07,000,00,2,1,01,A01
200700015842,0,07,000,00,0,3,15,B01
200700015843,0,07,000,00,2,3,15,B01
200700015843,0,02,000,00,0,7,15,A01
200700015844,0,07,000,00,2,1,01,A01
200700015844,0,07,000,00,0,4,23,B01
200700015845,0,07,000,00,2,1,01,A01
200700015845,0,07,000,00,0,8,01,B01
200700015846,0,07,000,00,2,3,01,A01
200700015846,0,02,000,00,0,8,01,B01
200700015847,0,07,000,00,2,6,01,A01
200700015847,0,33,000,00,0,8,01,B01
200700015848,0,33,000,00,2,1,01,B01
200700015848,0,07,000,00,0,2,15,A01
200700015849,0,01,000,00,0,1,07,A01
200700015849,0,37,001,00,2,1,01,B01
200700015850,0,07,000,00,2,7,17,A01
200700015850,0,02,000,00,0,8,01,B01
200700015851,0,33,000,16,0,8,01,A01
200700015852,0,07,000,00,2,8,01,A01
200700015852,0,02,000,00,0,0,01,B01
200700015853,0,07,000,00,1,1,01,A01
200700015854,0,33,000,00,2,7,17,A01
200700015854,0,07,000,00,0,1,15,B01
200700015855,0,07,000,00,2,1,01,A01
200700015855,0,07,000,00,0,4,23,B01
200700015856,0,07,000,01,0,1,01,A01
200700015857,0,13,000,05,2,1,01,A01
200700015857,0,07,000,05,0,9,01,B01
200700015858,0,07,000,00,0,4,01,B01
200700015858,0,07,000,00,2,1,01,A01
200700015859,0,01,000,00,2,8,01,A01
200700015859,0,07,000,00,0,0,01,B01
200700015860,0,07,000,08,0,6,01,A01
200700015860,0,07,000,00,2,1,01,B01
200700015861,0,07,000,00,2,2,16,A01
200700015861,0,02,000,00,2,8,18,B01
200700015862,0,02,000,00,2,1,01,A01
200700015862,0,07,000,00,0,2,01,B01
200700015863,0,07,000,00,2,7,16,A01
200700015863,0,02,000,00,2,1,01,B01
200700015864,0,07,000,00,2,2,01,A01
200700015864,0,02,000,00,0,4,01,B01
200700015865,0,07,000,00,1,2,01,A01
200700015866,0,07,000,00,2,5,01,B01
200700015866,0,02,000,00,0,4,01,C01
200700015866,0,07,000,00,0,0,00,A01
200700015867,0,33,000,11,0,1,11,A01
200700015868,0,02,000,00,0,7,01,A01
200700015869,0,02,000,05,0,1,01,A01
200700015870,0,07,000,11,0,4,01,A01
200700015871,0,02,000,01,0,7,01,B01
200700015872,0,07,000,16,0,1,01,A01
200700015873,0,02,000,16,0,7,01,A01
200700015874,0,07,000,00,2,2,01,A01
200700015874,0,33,000,00,0,7,15,B01
200700015875,0,07,000,00,2,1,15,A01
200700015875,0,33,000,00,0,1,01,B01
200700015876,0,33,000,00,2,1,01,A01
200700015876,0,07,000,00,2,3,01,B01
200700015877,0,07,000,00,0,6,15,A01
200700015877,0,07,000,00,2,1,01,B01
200700015878,0,33,000,13,0,2,00,A01
200700015879,0,33,000,00,9,1,02,A01
200700015879,0,33,000,04,9,4,00,B01
200700015880,0,07,000,00,2,2,02,A01
200700015880,0,13,000,00,2,6,23,B01
200700015880,0,07,000,00,2,2,00,C01
200700015881,0,07,000,00,2,6,11,A01
200700015881,0,32,000,00,0,1,01,B01
200700015882,0,37,000,00,1,1,01,A01
200700015883,0,07,000,00,2,1,01,A01
200700015883,0,07,000,00,0,3,10,B01
200700015884,0,02,000,00,0,0,00,A01
200700015885,0,33,000,00,2,7,17,A01
200700015885,0,07,000,00,0,8,01,B01
200700015886,0,07,000,00,2,1,00,A01
200700015886,0,10,000,00,0,1,01,B01
200700015887,0,07,000,00,2,1,02,A01
200700015887,0,33,000,00,0,4,23,B01
200700015888,0,07,000,00,2,3,09,A01
200700015888,0,30,000,00,0,1,01,B01
200700015889,0,34,000,00,2,1,13,A01
200700015889,0,07,000,00,2,1,01,B01
200700015890,0,10,000,00,1,1,01,A01
200700015891,0,07,000,00,1,1,01,A01
200700015892,0,07,000,00,2,1,15,A01
200700015892,0,31,000,00,2,1,01,B01
200700015893,0,07,000,00,2,1,01,B01
200700015893,0,02,000,00,2,1,01,A01
200700015894,0,07,000,00,2,1,02,A01
200700015894,0,01,000,00,2,4,15,B01
200700015895,0,07,000,00,9,3,15,A01
200700015895,0,02,000,00,2,1,01,B01
200700015896,1,05,000,00,1,1,00,A01
200700015897,0,10,000,00,2,8,11,A01
200700015897,0,05,000,00,2,2,01,B01
200700015898,0,05,000,00,2,2,17,A01
200700015898,0,07,000,00,2,8,15,B01
200700015899,0,07,000,00,2,8,09,A01
200700015899,0,02,000,00,2,1,01,B01
200700015900,0,05,000,00,2,6,18,A01
200700015900,0,07,000,00,2,2,01,B01
200700015901,0,07,000,00,2,8,09,A01
200700015901,0,04,000,00,2,2,01,B01
200700015902,0,07,000,00,2,2,15,A01
200700015902,0,05,000,00,2,1,01,B01
200700015903,0,01,000,12,0,2,01,A01
200700015904,0,04,000,00,0,0,21,A01
200700015905,0,07,000,00,2,1,01,B01
200700015905,0,07,000,00,2,2,01,A01
200700015906,0,02,000,00,2,2,01,A01
200700015906,0,07,000,00,2,1,15,B01
200700015907,0,05,000,00,2,1,01,B01
200700015907,0,07,000,00,2,2,01,A01
200700015908,0,04,000,00,1,1,01,A01
200700015909,0,04,000,00,2,3,01,A01
200700015909,0,10,000,00,2,2,16,B01
200700015910,0,07,000,00,2,8,22,A01
200700015910,0,01,000,00,2,2,01,B01
200700015911,0,02,000,15,0,1,15,A01
200700015912,0,07,000,00,2,2,01,A01
200700015912,0,07,000,00,2,1,01,B01
200700015913,0,02,000,00,0,0,15,A01
200700015914,0,02,000,00,2,5,17,A01
200700015914,0,07,000,00,2,3,01,B01
200700015915,0,05,000,00,1,1,01,A01
200700015916,0,07,000,00,1,1,15,A01
200700015917,0,07,000,00,2,2,01,A01
200700015917,0,07,000,00,2,1,01,B01
200700015918,0,07,000,00,2,2,15,B01
200700015918,0,05,000,00,2,1,01,A01
200700015919,0,02,000,00,2,2,01,A01
200700015919,0,07,000,00,2,3,15,B01
200700015920,0,07,000,00,2,2,15,A01
200700015920,0,07,000,15,2,1,01,B01
200700015921,0,05,000,00,1,1,01,A01
200700015922,0,07,000,00,1,1,15,A01
200700015923,0,02,000,00,1,1,01,A01
200700015924,0,07,000,00,2,2,01,B01
200700015924,0,01,000,15,2,1,01,A01
200700015925,0,14,000,00,2,1,01,A01
200700015925,0,07,000,00,2,4,23,B01
200700015926,0,07,000,00,2,1,01,A01
200700015926,0,07,000,00,2,4,23,B01
200700015927,0,05,000,00,0,0,15,A01
200700015928,0,07,000,00,1,3,16,A01
200700015929,0,04,000,00,0,0,21,A01
200700015930,0,10,000,00,2,8,15,B01
200700015930,0,02,000,00,2,1,01,A01
200700015931,0,01,000,00,2,1,01,B01
200700015931,0,07,000,00,2,2,01,A01
200700015932,0,04,000,00,1,1,01,A01
200700015933,0,07,000,00,1,1,01,A01
200700015934,0,07,000,00,2,2,15,A01
200700015934,0,04,000,00,2,1,01,B01
200700015935,0,02,000,00,2,3,15,A01
200700015935,0,05,000,00,2,2,01,B01
200700015936,0,05,000,00,2,6,18,A01
200700015936,0,10,000,00,2,2,01,B01
200700015937,0,07,000,15,2,8,01,B01
200700015937,0,07,000,00,2,1,01,A01
200700015938,0,07,000,08,0,1,01,A01
200700015939,1,07,000,00,2,6,00,A01
200700015939,0,01,000,00,2,2,01,B01
200700015940,0,02,000,00,0,0,01,A01
200700015941,0,05,000,00,0,0,01,A01
200700015942,0,07,000,00,2,8,15,A01
200700015942,0,04,000,00,2,2,17,B01
200700015943,0,02,000,00,0,0,21,A01
200700015944,0,07,000,00,2,1,01,A01
200700015944,0,07,000,00,2,4,01,B01
200700015945,0,10,000,00,2,3,01,A01
200700015945,0,10,000,00,2,2,16,B01
200700015946,0,05,000,00,2,1,01,A01
200700015946,0,05,000,00,2,4,01,B01
200700015947,0,05,000,00,2,1,05,A01
200700015947,0,05,000,00,2,1,01,B01
200700015948,0,07,000,00,1,1,15,A01
200700015949,0,07,000,00,2,1,15,B01
200700015949,0,07,000,00,2,3,01,A01
200700015950,0,07,000,00,1,4,04,A01
200700015951,0,01,000,01,0,1,13,A01
200700015952,0,07,000,00,2,2,15,A01
200700015952,0,05,000,00,2,1,01,B01
200700015953,1,07,000,00,2,5,00,A01
200700015953,0,02,000,00,2,3,01,B01
200700015954,0,05,000,01,2,3,18,A01
200700015954,0,07,000,00,2,5,15,B01
200700015955,0,07,000,00,1,3,01,A01
200700015956,0,07,000,07,2,5,01,B01
200700015956,1,07,000,00,2,1,00,A01
200700015957,0,04,000,00,1,2,01,A01
200700015958,0,01,000,01,0,2,21,A01
200700015959,0,07,000,00,1,1,01,A01
200700015960,0,04,000,00,2,3,18,A01
200700015960,0,07,000,00,2,2,15,B01
200700015961,0,07,000,00,2,7,01,A01
200700015961,0,05,000,00,2,1,01,B01
200700015962,0,07,000,00,2,5,22,A01
200700015962,0,01,000,00,2,6,01,B01
200700015963,0,10,000,00,1,1,15,A01
200700015964,0,07,000,00,1,1,16,A01
200700015965,1,02,000,00,1,1,00,A01
200700015966,0,07,000,00,2,7,15,A01
200700015966,0,07,000,00,2,1,01,B01
200700015967,0,04,000,00,1,1,01,A01
200700015968,0,07,000,00,2,8,09,A01
200700015968,0,02,000,00,2,2,01,B01
200700015969,0,14,000,00,2,2,16,A01
200700015969,0,01,000,00,2,1,01,B01
200700015970,0,02,000,00,2,2,01,B01
200700015970,0,07,000,00,2,6,11,A01
200700015971,0,05,000,00,1,1,01,A01
200700015972,0,07,000,00,2,2,01,A01
200700015972,0,10,000,00,2,1,01,B01
200700015973,0,07,000,00,2,3,01,A01
200700015973,0,04,000,00,2,5,23,B01
200700015973,0,02,000,00,2,6,23,C01
200700015974,0,05,000,00,1,1,01,A01
200700015975,0,07,000,00,1,1,01,A01
200700015976,0,14,000,00,2,1,01,B01
200700015976,0,07,000,00,2,2,01,A01
200700015977,0,04,000,00,0,0,21,A01
200700015978,0,05,000,00,2,1,01,A01
200700015978,0,07,000,00,2,2,15,B01
200700015979,0,05,000,00,1,1,01,A01
200700015980,1,07,000,00,1,1,00,A01
200700015981,0,02,000,00,0,0,21,A01
200700015982,0,02,000,00,1,1,01,A01
200700015983,0,07,000,00,2,1,01,A01
200700015983,0,05,000,00,2,4,01,B01
200700015984,0,02,000,00,0,0,21,A01
200700015985,0,02,000,00,1,1,17,A01
200700015986,0,07,000,00,2,1,01,B01
200700015986,0,01,000,00,2,5,01,A01
200700015987,0,07,000,00,2,8,11,A01
200700015987,0,04,000,00,2,2,01,B01
200700015987,0,07,000,00,2,2,01,C01
200700015988,0,07,000,00,1,4,04,A01
200700015989,0,07,000,00,2,4,04,A01
200700015989,0,02,000,00,2,1,09,B01
200700015990,0,02,000,00,2,1,01,A01
200700015990,0,07,000,00,2,4,01,B01
200700015991,0,04,000,00,2,2,15,A01
200700015991,0,07,000,00,2,1,01,B01
200700015992,0,14,000,00,1,1,01,A01
200700015993,1,07,000,00,2,5,00,A01
200700015993,0,02,000,00,2,3,01,B01
200700015994,0,04,000,00,1,1,01,A01
200700015995,0,05,000,01,2,3,09,A01
200700015995,0,07,000,00,2,2,01,B01
200700015996,0,10,000,00,2,8,09,A01
200700015996,0,04,000,08,2,2,01,B01
200700015997,0,10,000,11,0,1,01,A01
200700015998,0,07,000,00,2,1,01,A01
200700015998,0,07,000,00,2,4,01,B01
200700015999,0,07,000,00,2,8,10,A01
200700015999,0,07,000,00,2,2,01,B01
200700016000,0,05,000,00,2,3,01,B01
200700016000,0,07,000,00,2,1,01,A01
200700016001,0,07,000,00,2,8,15,A01
200700016001,0,05,000,00,2,2,01,B01
200700016002,0,07,000,00,1,1,01,A01
200700016003,0,05,000,00,2,3,18,A01
200700016003,0,07,000,00,2,2,16,B01
200700016004,0,07,000,00,2,2,15,A01
200700016004,0,04,000,00,2,1,01,B01
200700016005,0,07,000,00,2,2,01,A01
200700016005,0,04,000,00,2,1,01,B01
200700016006,0,01,000,00,2,3,01,A01
200700016006,0,05,000,00,2,1,01,B01
200700016007,0,07,000,00,2,2,15,A01
200700016007,0,05,000,00,2,1,01,B01
200700016008,1,07,000,00,2,1,00,A01
200700016008,0,07,000,14,2,5,15,B01
200700016009,0,02,000,00,2,2,17,A01
200700016009,0,07,000,00,2,8,15,B01
200700016010,0,07,000,00,1,1,15,A01
200700016011,0,02,000,00,2,2,05,A01
200700016011,0,07,000,00,2,8,10,B01
200700016012,0,07,000,00,2,8,10,A01
200700016012,0,05,000,01,2,2,17,B01
200700016013,0,07,000,00,2,1,01,B01
200700016013,0,10,000,00,2,2,01,A01
200700016014,0,05,000,00,0,0,01,A01
200700016015,0,02,000,00,0,0,21,A01
200700016016,0,10,000,00,2,6,11,A01
200700016016,0,05,000,00,2,2,17,B01
200700016017,0,04,000,00,2,3,18,A01
200700016017,0,07,000,00,2,2,16,B01
200700016018,0,07,000,00,2,8,10,A01
200700016018,0,07,000,00,2,2,01,B01
200700016019,0,10,000,00,1,1,15,A01
200700016020,0,10,000,00,2,1,01,A01
200700016020,0,02,000,00,2,4,23,B01
200700016021,0,04,000,00,1,1,01,A01
200700016022,0,04,000,00,1,1,01,A01
200700016023,0,04,000,00,1,1,01,A01
200700016024,1,07,000,00,2,1,00,A01
200700016024,0,05,000,00,2,2,01,B01
200700016025,0,07,000,00,2,3,09,A01
200700016025,0,02,000,00,2,1,01,B01
200700016026,0,07,000,00,2,8,10,A01
200700016026,0,02,000,00,2,2,17,B01
200700016027,0,04,000,00,0,0,21,A01
200700016028,0,07,000,00,2,6,15,A01
200700016028,0,05,000,01,2,2,17,B01
200700016029,0,02,000,00,1,1,05,A01
200700016030,0,07,000,00,2,3,15,B01
200700016030,0,02,000,00,2,1,01,A01
200700016031,0,07,000,11,0,1,21,A01
200700016032,0,01,000,00,1,1,01,A01
200700016033,0,07,000,00,2,2,09,A01
200700016033,0,05,000,00,2,1,01,B01
200700016034,0,05,000,00,2,6,01,A01
200700016034,0,07,000,00,2,2,16,B01
200700016035,0,01,000,00,2,3,18,A01
200700016035,0,14,000,00,2,2,01,B01
200700016036,0,02,000,00,1,1,01,A01
200700016037,0,07,000,00,2,8,10,A01
200700016037,0,05,000,00,2,2,17,B01
200700016038,0,07,000,00,2,8,11,A01
200700016038,0,02,000,00,2,2,17,B01
200700016039,0,02,000,00,2,1,01,A01
200700016039,0,07,000,00,2,4,23,B01
200700016040,0,01,000,12,0,2,01,A01
200700016041,0,10,000,00,2,4,04,A01
200700016041,0,02,000,00,2,1,01,B01
200700016042,0,04,000,00,1,1,01,A01
200700016043,0,10,000,00,1,1,01,A01
200700016044,0,07,000,00,2,2,16,A01
200700016044,0,18,000,00,2,3,07,B01
200700016045,0,05,000,08,0,1,21,A01
200700016046,0,07,000,00,1,4,04,A01
200700016047,0,07,000,00,1,4,04,A01
200700016048,0,14,000,00,1,1,15,A01
200700016049,0,07,000,00,1,1,15,A01
200700016050,0,02,000,00,2,1,01,A01
200700016050,0,07,000,00,2,4,01,B01
200700016051,0,02,000,00,2,3,18,A01
200700016051,0,07,000,00,2,5,20,B01
200700016052,0,07,000,00,2,8,09,A01
200700016052,0,05,000,00,2,1,01,B01
200700016052,0,07,000,00,2,1,01,C01
200700016053,0,04,000,00,5,1,01,A01
200700016054,0,01,000,00,0,0,21,A01
200700016055,0,07,000,00,2,1,01,A01
200700016055,0,07,000,00,2,4,01,B01
200700016056,0,07,000,00,2,8,10,A01
200700016056,0,04,000,00,2,2,01,B01
200700016057,0,07,000,00,2,3,01,A01
200700016057,0,07,000,00,2,1,01,B01
200700016058,0,04,000,00,0,0,21,A01
200700016059,0,07,000,00,1,1,01,A01
200700016060,0,05,000,00,1,1,01,A01
200700016061,0,04,000,00,1,1,18,A01
200700016062,0,10,000,00,1,4,20,A01
200700016063,0,02,000,00,2,6,15,A01
200700016063,0,07,000,00,2,2,01,B01
200700016064,0,05,000,09,2,2,14,A01
200700016064,0,05,000,00,2,3,01,B01
200700016065,0,02,000,00,2,1,01,A01
200700016065,0,07,000,00,2,4,01,B01
200700016066,0,02,000,00,2,1,01,A01
200700016066,0,07,000,00,2,4,01,B01
200700016067,0,07,000,00,1,1,01,A01
200700016068,1,17,000,00,2,5,00,A01
200700016068,0,07,000,00,2,3,01,B01
200700016068,0,17,000,00,2,1,01,C01
200700016069,0,10,000,00,1,1,16,A01
200700016070,1,02,000,00,1,1,00,A01
200700016071,0,07,000,00,1,1,01,A01
200700016072,0,04,000,00,1,1,16,A01
200700016073,0,07,000,00,1,1,01,A01
200700016074,0,07,000,00,2,1,01,A01
200700016074,0,07,000,00,2,4,23,B01
200700016075,0,07,000,00,2,2,15,A01
200700016075,0,04,000,00,2,1,01,B01
200700016076,0,05,000,00,2,1,01,B01
200700016076,0,07,000,00,2,3,23,A01
200700016077,0,05,000,00,1,1,01,A01
200700016078,0,05,000,00,2,3,21,A01
200700016078,0,07,000,00,2,7,23,B01
200700016078,0,07,000,00,2,5,23,C01
200700016079,0,07,000,00,2,1,01,A01
200700016079,0,07,000,00,2,4,23,B01
200700016080,0,05,000,00,0,0,01,A01
200700016081,0,05,000,00,2,3,07,A01
200700016081,0,07,000,00,2,2,16,B01
200700016082,0,04,000,00,1,1,01,A01
200700016083,1,07,000,00,1,1,00,A01
200700016084,0,02,000,00,0,0,07,A01
200700016085,0,05,000,00,2,1,01,A01
200700016085,0,10,000,00,2,4,01,B01
200700016086,0,07,000,00,1,1,01,A01
200700016087,0,07,000,00,2,1,05,A01
200700016087,0,05,000,00,2,3,09,B01
200700016088,0,07,000,00,2,1,01,B01
200700016088,0,02,000,00,2,2,19,A01
200700016089,0,07,000,00,1,1,01,A01
200700016090,0,04,000,00,1,1,01,A01
200700016091,0,07,000,00,2,1,01,A01
200700016091,0,07,000,00,2,4,01,B01
200700016092,1,07,000,00,2,1,00,A01
200700016092,0,05,000,00,2,4,01,B01
200700016092,0,07,000,00,2,3,01,C01
200700016093,0,07,000,12,0,2,14,A01
200700016094,0,02,000,00,1,1,01,A01
200700016095,0,07,000,00,2,1,01,A01
200700016095,0,04,000,00,2,4,01,B01
200700016095,0,07,000,00,2,4,01,C01
200700016096,0,07,000,00,2,1,01,A01
200700016096,0,07,000,00,2,4,23,B01
200700016097,0,04,000,00,1,1,01,A01
200700016098,0,02,000,00,2,5,12,A01
200700016098,0,02,000,01,2,3,01,B01
200700016099,0,04,000,00,2,3,01,A01
200700016099,0,10,000,00,2,2,16,B01
200700016100,0,07,000,00,2,8,10,A01
200700016100,0,04,000,00,2,2,01,B01
200700016101,2,07,000,00,2,1,00,A01
200700016101,0,07,000,01,2,8,01,B01
200700016102,0,04,000,14,0,1,01,A01
200700016103,0,07,000,00,2,1,01,B01
200700016103,0,07,000,00,2,2,01,A01
200700016104,0,04,000,00,2,1,01,A01
200700016104,0,07,000,00,2,4,01,B01
200700016105,0,07,000,00,1,1,01,A01
200700016106,0,07,000,00,2,2,15,A01
200700016106,0,05,000,00,2,1,01,B01
200700016107,0,05,000,00,0,0,01,A01
200700016108,0,01,000,00,1,1,01,A01
200700016109,0,07,000,00,2,2,01,A01
200700016109,0,04,000,00,2,3,01,B01
200700016110,1,02,000,00,1,1,00,A01
200700016111,0,10,000,00,1,1,01,A01
200700016112,0,02,000,00,0,0,21,A01
200700016113,0,07,000,00,2,1,01,B01
200700016113,0,07,000,00,2,8,01,A01
200700016114,0,07,000,00,2,1,01,B01
200700016114,0,07,000,00,2,2,01,A01
200700016115,0,07,000,00,1,4,04,A01
200700016116,0,07,000,00,2,1,01,A01
200700016116,0,07,000,00,2,4,01,B01
200700016117,0,05,000,00,1,1,01,A01
200700016118,0,07,000,00,2,6,22,A01
200700016118,0,05,000,00,2,2,01,B01
200700016119,0,07,000,00,2,1,01,B01
200700016119,0,01,000,00,2,2,01,A01
200700016120,0,02,000,00,2,2,01,A01
200700016120,0,10,000,00,2,1,01,B01
200700016121,0,07,000,00,2,6,11,A01
200700016121,0,05,000,00,2,2,17,B01
200700016122,0,07,000,00,1,1,01,A01
200700016123,0,07,000,00,2,8,11,A01
200700016123,0,05,000,00,2,2,01,B01
200700016124,0,05,000,00,2,3,14,A01
200700016124,0,07,000,00,2,5,01,B01
200700016124,0,07,000,00,2,6,01,C01
200700016125,0,07,000,04,2,5,17,A01
200700016125,0,07,000,00,2,3,01,B01
200700016126,1,07,000,00,1,1,00,A01
200700016127,0,04,000,00,2,1,01,A01
200700016127,0,05,000,00,2,4,01,B01
200700016128,0,05,000,00,0,0,12,A01
200700016129,0,07,000,14,0,1,14,A01
200700016130,0,07,000,00,2,8,11,A01
200700016130,0,05,000,00,2,2,01,B01
200700016130,0,07,000,00,2,6,01,C01
200700016131,0,07,000,04,0,3,01,A01
200700016132,0,10,000,00,2,1,01,A01
200700016132,0,07,000,00,2,4,01,B01
200700016133,0,17,000,00,2,7,16,A01
200700016133,0,05,000,00,2,3,16,B01
200700016134,0,05,000,00,2,3,18,A01
200700016134,0,12,000,00,2,5,01,B01
200700016135,0,05,000,00,2,3,11,A01
200700016135,0,14,000,00,2,5,01,B01
200700016136,0,05,000,00,2,1,01,A01
200700016136,0,07,000,00,2,4,01,B01