Num_Acc,senc,catv,occutc,obs,obsm,choc,manv,num_veh
200700016137,0,07,000,00,2,5,12,A01
200700016137,0,05,000,00,2,3,01,B01
200700016138,0,07,000,04,0,2,01,A01
200700016139,0,05,000,00,1,1,01,A01
200700016140,1,10,000,00,2,7,00,A01
200700016140,0,05,000,00,2,3,01,B01
200700016141,0,05,000,00,2,2,17,A01
200700016141,0,07,000,00,2,6,15,B01
200700016142,0,07,000,00,2,2,12,A01
200700016142,0,05,000,00,2,3,01,B01
200700016143,0,05,000,00,2,5,12,A01
200700016143,0,07,000,00,2,3,01,B01
200700016144,0,04,000,00,1,1,01,A01
200700016145,0,05,000,00,2,3,18,A01
200700016145,0,10,000,00,2,2,01,B01
200700016146,0,02,000,14,2,5,12,A01
200700016146,0,07,000,00,2,3,01,B01
200700016146,0,10,000,00,2,4,01,C01
200700016147,0,07,000,00,2,1,01,A01
200700016147,0,07,000,00,2,4,01,B01
200700016148,0,02,000,01,2,3,07,A01
200700016148,0,07,000,00,2,1,01,B01
200700016149,0,07,000,00,1,1,01,A01
200700016150,0,07,000,00,2,5,17,A01
200700016150,0,01,000,00,2,3,01,B01
200700016151,0,07,000,00,1,1,01,A01
200700016152,0,07,000,00,1,1,01,A01
200700016153,0,07,000,00,2,2,15,A01
200700016153,0,05,000,00,2,1,01,B01
200700016154,0,07,000,00,1,1,01,A01
200700016155,0,10,000,00,2,3,15,A01
200700016155,0,18,000,00,2,2,01,B01
200700016156,0,05,000,01,0,1,15,A01
200700016157,0,07,000,00,2,8,15,A01
200700016157,0,05,000,00,2,2,01,B01
200700016158,0,04,000,00,0,0,17,A01
200700016159,0,02,000,00,2,1,01,A01
200700016159,0,10,000,00,2,4,01,B01
200700016160,0,07,000,00,1,1,15,A01
200700016161,0,07,000,00,1,1,01,A01
200700016162,0,18,000,00,2,2,16,A01
200700016162,0,04,000,00,2,3,01,B01
200700016163,0,05,000,00,2,3,01,A01
200700016163,0,05,000,00,2,3,01,B01
200700016164,0,07,000,00,2,2,01,A01
200700016164,0,05,000,00,2,3,01,B01
200700016165,0,05,000,00,2,3,07,A01
200700016165,0,07,000,00,2,2,16,B01
200700016166,0,07,000,00,2,2,15,A01
200700016166,0,02,000,00,2,1,01,B01
200700016167,0,07,000,00,2,7,22,A01
200700016167,0,02,000,00,2,6,18,B01
200700016168,0,18,000,00,1,2,01,A01
200700016169,0,18,000,00,2,2,16,A01
200700016169,0,01,000,00,2,3,01,B01
200700016170,0,07,000,00,1,1,01,A01
200700016171,0,10,000,00,1,2,01,A01
200700016172,0,02,000,00,2,1,01,A01
200700016172,0,10,000,00,2,4,01,B01
200700016172,0,07,000,00,2,6,01,C01
200700016173,0,01,000,00,1,1,01,A01
200700016174,0,07,000,00,2,8,22,A01
200700016174,0,01,000,00,2,2,01,B01
200700016175,0,04,000,00,2,2,17,A01
200700016175,0,14,000,00,2,8,15,B01
200700016176,0,07,000,00,2,1,01,A01
200700016176,0,01,000,00,2,4,01,B01
200700016177,0,05,000,00,0,0,16,A01
200700016178,0,07,000,00,2,2,01,A01
200700016178,0,01,000,00,2,1,01,B01
200700016179,0,02,000,00,2,1,01,A01
200700016179,0,07,000,00,2,4,16,B01
200700016180,0,02,000,00,2,1,02,A01
200700016180,0,02,000,00,2,4,02,B01
200700016181,0,05,000,00,0,0,21,A01
200700016182,0,05,000,00,2,3,01,A01
200700016182,0,02,000,00,2,2,01,B01
200700016183,0,02,000,00,2,1,01,A01
200700016183,0,07,000,00,2,4,01,B01
200700016184,0,07,000,00,1,1,01,A01
200700016185,0,04,000,00,0,0,01,A01
200700016186,0,07,000,00,2,7,15,A01
200700016186,0,05,000,00,2,1,01,B01
200700016187,0,07,000,00,2,5,17,A01
200700016187,0,05,000,00,2,3,01,B01
200700016188,0,07,000,00,1,1,01,A01
200700016189,0,02,000,00,0,0,16,A01
200700016190,0,10,000,00,2,7,16,A01
200700016190,0,01,000,00,2,1,01,B01
200700016191,0,04,000,00,2,3,15,A01
200700016191,0,05,000,00,2,2,01,B01
200700016192,0,07,000,00,1,1,01,A01
200700016193,0,07,000,00,2,3,01,A01
200700016193,0,07,000,00,2,3,01,B01
200700016194,0,10,000,00,2,1,17,A01
200700016194,0,05,000,00,2,1,01,B01
200700016195,0,07,000,01,2,8,10,A01
200700016195,0,02,000,00,2,2,01,B01
200700016196,0,02,000,00,1,1,17,A01
200700016197,0,07,000,00,1,1,01,A01
200700016198,0,07,000,00,2,8,15,A01
200700016198,0,02,000,00,2,2,17,B01
200700016199,0,07,000,00,2,2,01,A01
200700016199,0,05,000,00,2,1,01,B01
200700016200,0,04,000,00,2,2,17,A01
200700016200,0,10,000,00,2,3,15,B01
200700016201,0,05,000,00,1,1,01,A01
200700016202,0,02,000,00,2,3,18,A01
200700016202,0,07,000,00,2,2,23,B01
200700016203,0,10,000,00,2,2,01,A01
200700016203,0,04,000,00,2,1,01,B01
200700016204,0,07,000,00,2,2,16,A01
200700016204,0,01,000,00,2,3,01,B01
200700016205,0,05,000,00,2,2,17,A01
200700016205,0,07,000,00,2,8,15,B01
200700016206,0,07,000,00,2,8,10,A01
200700016206,0,05,000,00,2,2,17,B01
200700016207,0,07,000,00,1,1,01,A01
200700016208,0,07,000,00,1,1,21,A01
200700016209,0,07,000,00,1,7,01,A01
200700016210,0,02,000,00,0,0,21,A01
200700016211,0,07,000,00,2,8,16,A01
200700016211,0,02,000,00,2,2,23,B01
200700016212,0,07,000,00,2,2,01,A01
200700016212,0,07,000,00,2,8,01,B01
200700016212,0,07,000,00,2,3,01,C01
200700016212,0,07,000,00,2,6,01,D01
200700016213,0,04,000,00,2,1,01,B01
200700016213,0,07,000,00,2,2,01,A01
200700016214,0,07,000,00,2,2,15,A01
200700016214,0,04,000,00,2,1,01,B01
200700016215,0,10,000,00,1,1,01,A01
200700016216,0,02,000,00,2,1,01,B01
200700016216,0,10,000,00,2,2,01,A01
200700016217,0,05,000,14,0,1,21,A01
200700016218,0,05,000,00,2,1,01,A01
200700016218,0,07,000,00,2,4,15,B01
200700016219,1,02,000,00,2,6,00,A01
200700016219,0,05,000,00,2,2,01,B01
200700016220,0,07,000,00,2,2,10,A01
200700016220,0,05,000,00,2,1,01,B01
200700016221,0,10,000,00,2,8,10,A01
200700016221,0,04,000,00,2,2,01,B01
200700016222,0,18,000,00,2,4,04,A01
200700016222,0,02,000,00,2,1,02,B01
200700016223,0,07,000,00,2,8,22,A01
200700016223,0,01,000,00,2,1,01,B01
200700016224,0,07,000,00,2,3,10,A01
200700016224,0,05,000,01,2,2,01,B01
200700016225,1,07,000,00,2,0,00,A01
200700016225,0,04,000,00,2,4,23,B01
200700016226,0,01,000,00,2,1,15,A01
200700016226,0,02,000,00,2,3,01,B01
200700016227,0,07,000,00,2,1,01,A01
200700016227,0,07,000,00,2,4,23,B01
200700016227,0,07,000,00,2,4,23,C01
200700016228,0,07,000,00,2,6,11,A01
200700016228,0,04,000,00,2,2,01,B01
200700016229,0,05,000,01,2,3,18,A01
200700016229,0,07,000,00,2,5,20,B01
200700016230,0,02,000,00,2,1,07,A01
200700016230,0,07,000,00,2,7,16,B01
200700016231,0,07,000,00,1,4,04,A01
200700016232,0,05,000,00,0,0,21,A01
200700016233,0,02,000,00,2,1,02,A01
200700016233,0,07,000,00,2,4,23,B01
200700016234,0,02,000,00,2,2,08,A01
200700016234,0,10,000,00,2,8,15,B01
200700016235,0,07,000,00,2,8,15,A01
200700016235,0,05,000,00,2,2,01,B01
200700016236,0,07,000,00,2,8,15,A01
200700016236,0,05,000,00,2,2,17,B01
200700016237,0,02,000,00,2,3,21,A01
200700016237,0,07,000,00,2,2,01,B01
200700016238,0,10,000,00,1,4,04,A01
200700016239,0,10,000,00,2,2,16,A01
200700016239,0,05,000,00,2,3,01,B01
200700016240,0,07,000,00,2,8,13,A01
200700016240,0,02,000,00,2,2,15,B01
200700016241,0,02,000,00,0,0,01,A01
200700016242,0,07,000,08,0,1,07,A01
200700016243,0,07,000,00,1,1,20,A01
200700016244,0,07,000,01,1,1,16,A01
200700016245,0,04,000,00,1,1,16,A01
200700016246,0,10,000,00,2,1,01,A01
200700016246,0,05,000,00,2,4,01,B01
200700016247,0,02,000,14,0,1,01,A01
200700016248,0,07,000,00,2,8,22,A01
200700016248,0,01,000,00,2,2,01,B01
200700016249,0,04,000,09,0,1,01,A01
200700016250,0,07,000,00,2,3,01,A01
200700016250,0,05,000,00,2,2,01,B01
200700016251,0,04,000,00,2,1,01,A01
200700016251,0,07,000,00,2,8,15,B01
200700016252,0,14,000,00,2,2,01,A01
200700016252,0,07,000,00,2,1,01,C01
200700016252,0,07,000,00,2,3,01,B01
200700016253,0,02,000,00,0,1,01,A01
200700016253,0,07,000,00,2,4,23,B01
200700016254,0,07,000,00,2,2,01,A01
200700016254,0,07,000,00,2,3,01,B01
200700016255,0,07,000,00,2,8,13,A01
200700016255,0,02,000,00,2,2,01,B01
200700016256,0,07,000,00,1,1,01,A01
200700016257,0,07,000,00,2,8,15,A01
200700016257,0,05,000,00,2,2,01,B01
200700016258,0,04,000,00,0,0,21,A01
200700016259,0,04,000,00,2,1,01,A01
200700016259,0,07,000,00,2,4,01,B01
200700016260,0,10,000,00,2,8,22,A01
200700016260,0,18,000,00,2,2,17,B01
200700016261,0,04,000,00,1,1,01,A01
200700016262,0,07,000,00,2,6,04,A01
200700016262,0,04,000,00,2,2,17,B01
200700016263,0,05,000,00,1,1,01,A01
200700016264,0,01,000,00,2,1,01,A01
200700016264,0,07,000,00,2,4,01,B01
200700016265,1,07,000,00,1,1,00,A01
200700016266,0,04,000,00,1,1,18,A01
200700016267,1,07,000,00,2,2,00,A01
200700016267,0,07,000,00,2,1,01,B01
200700016268,0,07,000,00,2,2,01,A01
200700016268,0,04,000,00,2,1,16,B01
200700016269,0,02,000,00,0,0,01,A01
200700016270,0,07,000,00,2,3,16,A01
200700016270,0,07,000,01,2,3,01,B01
200700016271,0,10,000,00,1,4,04,A01
200700016272,0,05,000,00,0,0,01,A01
200700016273,0,02,000,00,1,1,21,A01
200700016274,0,07,000,00,1,2,01,A01
200700016275,0,02,000,00,1,1,21,A01
200700016276,0,07,000,00,2,1,01,A01
200700016276,0,07,000,00,2,4,01,B01
200700016276,0,07,000,00,2,4,01,C01
200700016276,0,07,000,00,2,4,01,D01
200700016277,0,07,000,00,2,6,13,A01
200700016277,0,17,000,00,2,2,01,B01
200700016278,0,10,000,00,1,4,04,A01
200700016279,0,07,000,00,2,1,01,A01
200700016279,0,05,000,00,2,4,01,B01
200700016280,1,05,000,00,1,1,00,A01
200700016281,0,07,000,00,1,1,01,A01
200700016282,0,05,000,00,6,1,01,A01
200700016283,1,02,000,00,1,1,00,A01
200700016284,0,07,000,00,1,3,15,A01
200700016285,0,04,000,00,1,2,01,A01
200700016286,0,07,000,00,2,3,11,A01
200700016286,0,05,000,00,2,2,17,B01
200700016287,0,04,000,00,2,3,01,A01
200700016287,0,07,000,00,2,2,16,B01
200700016288,0,05,000,00,0,0,01,A01
200700016289,0,05,000,00,1,1,01,A01
200700016290,0,07,000,00,2,3,09,A01
200700016290,0,05,000,00,2,2,01,B01
200700016291,0,04,000,00,2,1,02,A01
200700016291,0,07,000,00,2,4,02,B01
200700016292,0,01,000,00,2,2,19,A01
200700016292,0,07,000,00,2,1,01,B01
200700016293,0,05,000,00,1,1,01,A01
200700016294,0,07,000,00,2,3,11,A01
200700016294,0,05,000,00,2,2,01,B01
200700016295,0,02,000,00,2,1,01,A01
200700016295,0,05,000,00,2,1,01,B01
200700016296,0,07,000,00,2,3,15,B01
200700016296,0,04,000,00,2,1,01,A01
200700016297,0,07,000,00,2,3,15,A01
200700016297,0,05,000,00,2,2,01,B01
200700016298,0,05,000,00,0,0,01,A01
200700016299,0,07,000,00,1,1,01,A01
200700016300,0,10,000,00,2,8,09,A01
200700016300,0,05,000,00,2,1,01,B01
200700016301,1,10,000,00,2,1,00,A01
200700016301,0,01,000,00,2,4,01,B01
200700016302,0,04,000,00,0,0,16,A01
200700016303,1,02,000,00,1,1,00,A01
200700016304,0,05,000,00,0,0,01,A01
200700016305,0,04,000,00,0,0,01,A01
200700016306,0,07,000,00,2,2,09,A01
200700016306,0,02,000,00,2,3,01,B01
200700016307,0,05,000,00,1,1,01,A01
200700016308,0,07,000,00,1,1,01,A01
200700016309,0,01,000,00,0,0,01,A01
200700016310,0,07,000,00,2,1,01,B01
200700016310,0,05,000,00,2,3,01,A01
200700016311,0,02,000,00,1,1,01,A01
200700016312,0,07,000,00,2,5,12,A01
200700016312,0,05,000,00,2,3,01,B01
200700016313,0,07,000,00,2,8,09,A01
200700016313,0,05,000,00,2,2,01,B01
200700016314,0,10,000,00,2,2,15,A01
200700016314,0,05,000,00,2,1,01,B01
200700016315,0,07,000,00,2,3,09,A01
200700016315,0,05,000,00,2,1,01,B01
200700016315,0,07,000,00,2,1,01,C01
200700016316,0,02,000,00,2,3,18,A01
200700016316,0,07,000,00,2,7,16,B01
200700016317,0,07,000,00,2,2,16,A01
200700016317,0,04,000,00,2,3,18,B01
200700016318,0,10,000,00,2,1,01,A01
200700016318,0,10,000,00,2,4,01,B01
200700016319,0,05,000,00,2,3,01,A01
200700016319,0,07,000,00,2,2,16,B01
200700016320,0,18,000,00,1,4,04,A01
200700016321,0,07,000,00,2,7,12,A01
200700016321,0,04,000,00,2,3,01,B01
200700016322,1,07,000,00,2,2,00,A01
200700016322,0,01,000,00,2,3,01,B01
200700016323,0,05,000,00,1,1,01,A01
200700016324,0,05,000,00,1,1,01,A01
200700016325,0,07,000,00,1,1,01,A01
200700016326,0,02,000,00,0,0,21,A01
200700016327,0,04,000,00,2,3,18,A01
200700016327,0,04,000,00,2,2,01,B01
200700016328,0,07,000,00,2,3,15,A01
200700016328,0,02,000,00,2,2,01,B01
200700016329,0,07,000,00,1,1,01,A01
200700016330,0,04,000,00,2,2,01,A01
200700016330,0,10,000,00,2,1,15,B01
200700016331,0,14,000,00,2,3,01,A01
200700016331,0,07,000,00,2,5,15,B01
200700016332,0,02,000,00,2,1,17,A01
200700016332,0,07,000,00,2,1,01,B01
200700016333,0,07,000,00,1,1,01,A01
200700016334,0,04,000,00,0,0,21,A01
200700016335,0,07,000,00,2,1,01,B01
200700016335,0,07,000,00,2,2,01,A01
200700016336,0,02,000,00,1,1,01,A01
200700016337,0,02,000,00,1,1,01,A01
200700016338,0,07,000,00,2,8,15,A01
200700016338,0,05,000,00,2,2,01,B01
200700016339,0,05,000,00,2,1,01,A01
200700016339,0,07,000,00,2,4,01,B01
200700016340,0,05,000,00,2,5,12,A01
200700016340,0,05,000,00,2,3,01,B01
200700016340,0,07,000,00,2,7,01,C01
200700016341,0,05,000,00,1,1,01,A01
200700016342,0,07,000,00,2,2,12,A01
200700016342,0,07,000,00,2,8,16,B01
200700016343,0,02,000,00,0,0,01,A01
200700016344,0,07,000,00,1,1,01,A01
200700016345,0,10,000,00,1,4,20,A01
200700016346,0,10,000,00,1,1,01,A01
200700016347,0,07,000,00,1,1,01,A01
200700016348,0,02,000,00,1,1,01,A01
200700016349,0,07,000,00,2,1,01,A01
200700016349,0,05,000,00,2,4,01,B01
200700016350,0,05,000,00,2,6,18,A01
200700016350,0,10,000,00,2,2,01,B01
200700016350,0,07,000,00,2,1,01,C01
200700016351,0,01,000,00,2,2,15,A01
200700016351,0,10,000,00,2,1,01,B01
200700016352,0,07,000,00,2,8,09,A01
200700016352,0,04,000,00,2,1,01,B01
200700016353,0,04,000,00,1,1,01,A01
200700016354,0,02,000,14,0,1,01,A01
200700016355,0,05,000,00,2,1,01,A01
200700016355,0,07,000,00,2,4,01,B01
200700016356,0,05,000,00,2,3,18,A01
200700016356,0,07,000,00,2,2,12,B01
200700016357,0,05,000,00,2,1,01,A01
200700016357,0,10,000,00,2,4,01,B01
200700016358,0,05,000,00,2,1,01,A01
200700016358,0,05,000,00,2,4,23,B01
200700016359,0,05,000,00,2,2,17,A01
200700016359,0,07,000,00,2,8,15,B01
200700016360,0,05,000,00,1,1,01,A01
200700016361,0,02,000,00,2,2,17,A01
200700016361,0,07,000,00,2,8,15,B01
200700016362,0,07,000,00,2,8,09,A01
200700016362,0,04,000,00,2,1,01,B01
200700016363,0,04,000,00,0,0,21,A01
200700016364,0,07,000,00,2,3,15,A01
200700016364,0,05,000,00,2,1,01,B01
200700016364,0,05,000,00,2,1,01,C01
200700016365,0,07,000,00,2,3,15,A01
200700016365,0,02,000,00,2,1,01,B01
200700016366,0,04,000,01,2,2,17,A01
200700016366,0,07,000,00,2,8,15,B01
200700016367,0,07,000,00,1,4,04,A01
200700016368,0,07,000,00,1,1,01,A01
200700016369,0,04,000,12,2,5,12,A01
200700016369,0,18,000,00,2,3,01,B01
200700016370,0,04,000,00,2,1,01,A01
200700016370,0,07,000,00,2,4,23,B01
200700016371,0,02,000,00,2,1,01,A01
200700016371,0,07,000,00,2,4,01,B01
200700016372,0,07,000,00,2,8,20,A01
200700016372,0,05,000,00,2,1,01,B01
200700016373,0,10,000,00,2,1,01,A01
200700016373,0,04,000,00,2,4,23,B01
200700016374,2,02,000,00,2,3,01,A01
200700016374,0,07,000,00,2,8,23,B01
200700016375,0,07,000,00,2,8,11,A01
200700016375,0,02,000,00,2,2,01,B01
200700016376,0,07,000,00,1,4,04,A01
200700016377,0,07,000,00,2,2,16,A01
200700016377,0,05,000,00,2,3,16,B01
200700016378,0,05,000,00,0,0,01,A01
200700016379,0,02,000,00,2,2,17,A01
200700016379,0,07,000,00,2,8,15,B01
200700016380,0,02,000,00,2,1,01,B01
200700016380,0,07,000,00,2,2,01,A01
200700016381,0,04,000,00,2,3,01,B01
200700016381,1,10,000,00,2,1,00,A01
200700016382,0,07,000,00,1,1,01,A01
200700016383,0,05,000,00,0,0,21,A01
200700016384,1,07,000,00,2,2,00,A01
200700016384,0,05,000,00,2,1,01,B01
200700016385,0,07,000,00,2,7,01,A01
200700016385,0,02,000,00,2,1,01,B01
200700016386,0,07,000,00,2,2,16,A01
200700016386,0,02,000,00,2,3,16,B01
200700016387,0,02,000,00,2,2,17,A01
200700016387,0,10,000,00,2,8,15,B01
200700016388,0,14,000,00,1,1,01,A01
200700016389,0,10,000,00,2,3,15,A01
200700016389,0,05,000,00,2,1,01,B01
200700016390,0,04,000,00,1,1,01,A01
200700016391,0,07,000,00,2,1,02,A01
200700016391,0,07,000,00,2,4,23,B01
200700016392,1,04,000,00,1,1,00,A01
200700016393,0,07,000,00,1,4,04,A01
200700016394,0,04,000,00,1,1,01,A01
200700016395,0,02,000,00,1,1,17,A01
200700016396,0,07,000,00,1,1,15,A01
200700016397,0,10,000,00,2,8,22,A01
200700016397,0,02,000,00,2,1,01,B01
200700016398,1,07,000,00,1,1,00,A01
200700016399,0,05,000,00,2,1,21,A01
200700016399,0,14,000,00,2,4,23,B01
200700016400,0,02,000,00,2,2,16,A01
200700016400,0,10,000,00,2,1,01,B01
200700016401,0,04,000,00,2,1,01,B01
200700016401,0,04,000,00,2,3,05,A01
200700016402,0,07,000,00,2,1,01,A01
200700016402,0,07,000,08,2,3,01,B01
200700016403,0,07,000,00,1,1,15,A01
200700016404,0,05,000,00,1,1,01,A01
200700016405,0,02,000,00,0,0,01,A01
200700016406,0,07,000,00,2,3,01,A01
200700016406,0,05,000,00,2,1,01,B01
200700016407,0,07,000,00,2,5,17,A01
200700016407,0,18,000,00,2,3,01,B01
200700016408,0,04,000,00,0,0,01,A01
200700016409,0,07,000,00,1,1,15,A01
200700016410,0,10,000,00,2,1,01,A01
200700016410,0,07,000,00,2,8,01,B01
200700016411,0,18,000,00,1,1,01,A01
200700016412,0,05,000,00,1,1,01,A01
200700016413,1,07,000,00,1,1,00,A01
200700016414,0,07,000,00,2,2,15,A01
200700016414,0,07,000,00,2,1,01,B01
200700016415,0,07,000,00,2,3,15,A01
200700016415,0,02,000,00,2,2,17,B01
200700016416,0,07,000,00,1,1,01,A01
200700016417,0,07,000,01,1,1,01,A01
200700016418,0,07,000,00,2,1,01,B01
200700016418,0,07,000,00,2,8,01,A01
200700016419,1,02,000,00,1,1,00,A01
200700016420,0,02,000,00,2,1,01,B01
200700016420,0,07,000,00,2,2,01,A01
200700016421,0,04,000,00,2,2,17,A01
200700016421,0,07,000,00,2,3,15,B01
200700016422,0,07,000,00,1,1,01,A01
200700016423,0,07,000,00,2,2,10,A01
200700016423,0,04,000,00,2,1,01,B01
200700016424,0,05,000,00,0,0,01,A01
200700016425,0,02,000,01,0,1,01,A01
200700016426,0,07,000,00,1,4,04,A01
200700016427,0,07,000,00,2,2,09,A01
200700016427,0,02,000,00,2,3,01,B01
200700016428,0,07,000,00,2,2,15,A01
200700016428,0,05,000,00,2,1,01,B01
200700016429,0,07,000,00,1,4,04,A01
200700016430,0,02,000,00,0,0,01,A01
200700016431,0,07,000,00,2,8,01,B01
200700016431,0,01,000,00,2,2,01,A01
200700016432,0,10,000,00,2,8,15,A01
200700016432,0,05,000,00,2,2,17,B01
200700016433,0,07,000,00,1,4,04,A01
200700016434,0,01,000,00,0,0,01,A01
200700016435,0,05,000,00,1,1,01,A01
200700016436,0,05,000,00,1,1,15,A01
200700016437,0,07,000,00,2,1,01,A01
200700016437,0,04,000,00,2,4,01,B01
200700016438,0,10,000,00,1,1,15,A01
200700016439,0,10,000,00,1,1,01,A01
200700016440,0,05,000,00,0,0,21,A01
200700016441,0,07,000,00,2,8,22,A01
200700016441,0,04,000,00,2,2,17,B01
200700016442,0,07,000,00,1,1,15,A01
200700016443,0,07,000,00,2,8,15,A01
200700016443,0,04,000,00,2,1,01,B01
200700016444,0,07,000,00,1,1,01,A01
200700016445,0,07,000,00,2,2,15,A01
200700016445,0,02,000,00,2,1,01,B01
200700016446,0,01,000,00,2,1,01,A01
200700016446,0,07,000,00,2,3,15,B01
200700016447,0,05,000,00,2,3,14,A01
200700016447,0,07,000,00,2,2,01,B01
200700016448,0,02,000,00,0,0,21,A01
200700016449,0,07,000,00,2,1,01,B01
200700016449,0,04,000,00,2,2,01,A01
200700016450,1,10,000,00,2,2,00,A01
200700016450,0,02,000,00,2,1,01,B01
200700016451,0,05,000,00,0,0,21,A01
200700016452,0,01,000,00,2,2,01,A01
200700016452,0,07,000,00,2,8,16,B01
200700016453,0,07,000,00,2,1,01,A01
200700016453,0,04,000,00,2,4,23,B01
200700016454,0,10,000,00,1,5,16,A01
200700016455,0,07,000,01,0,2,13,A01
200700016456,0,07,000,00,2,4,04,A01
200700016456,0,01,000,00,2,1,15,B01
200700016457,0,05,000,00,1,1,01,A01
200700016458,0,07,000,00,1,4,04,A01
200700016459,0,07,000,00,2,8,11,A01
200700016459,0,05,000,00,2,2,01,B01
200700016460,0,01,000,00,2,2,15,A01
200700016460,0,02,000,00,2,1,01,B01
200700016461,0,18,000,00,1,1,01,A01
200700016462,0,10,000,00,2,2,16,A01
200700016462,0,02,000,00,2,3,18,B01
200700016463,0,01,000,00,2,3,19,A01
200700016463,0,07,000,00,2,2,01,B01
200700016464,0,07,000,00,1,1,15,A01
200700016465,0,07,000,00,1,1,15,A01
200700016466,1,07,000,00,2,8,00,A01
200700016466,0,07,000,00,2,2,01,B01
200700016467,0,04,000,01,2,1,01,A01
200700016467,0,05,000,00,2,4,01,B01
200700016467,0,04,000,00,2,4,01,C01
200700016467,0,05,000,01,2,3,01,D01
200700016468,0,02,000,00,2,2,19,A01
200700016468,0,04,000,00,2,3,01,B01
200700016469,0,02,000,00,2,2,17,A01
200700016469,0,07,000,00,2,8,15,B01
200700016470,0,02,000,00,2,3,01,A01
200700016470,0,10,000,00,2,1,01,B01
200700016471,0,07,000,00,2,1,01,A01
200700016471,0,07,000,01,2,4,01,B01
200700016472,0,02,000,00,0,0,01,A01
200700016473,0,04,000,00,2,1,01,A01
200700016473,0,07,000,00,2,4,23,B01
200700016474,0,07,000,00,1,1,09,A01
200700016475,0,07,000,00,1,4,04,A01
200700016476,0,02,000,00,0,0,21,A01
200700016477,0,02,000,00,2,3,01,A01
200700016477,0,07,000,00,2,2,16,B01
200700016478,0,07,000,00,2,2,15,A01
200700016478,0,07,000,00,2,1,01,B01
200700016479,0,02,000,00,0,0,21,A01
200700016480,0,07,000,00,2,7,22,A01
200700016480,0,01,000,00,2,3,01,B01
200700016481,0,02,000,00,0,0,01,A01
200700016482,0,07,000,00,2,8,09,A01
200700016482,0,05,000,00,2,1,01,B01
200700016483,0,07,000,00,2,8,09,A01
200700016483,0,04,000,00,2,2,01,B01
200700016484,0,05,000,00,0,0,21,A01
200700016485,0,10,000,00,1,2,01,A01
200700016486,0,05,000,00,0,0,21,A01
200700016487,0,05,000,00,2,2,05,A01
200700016487,0,10,000,00,2,8,15,B01
200700016488,0,05,000,00,1,1,01,A01
200700016489,0,02,000,00,2,1,01,B01
200700016489,0,07,000,00,2,2,01,A01
200700016490,0,07,000,00,1,1,01,A01
200700016491,0,10,000,00,2,2,15,A01
200700016491,0,04,000,00,2,1,01,B01
200700016492,0,07,000,00,2,1,01,B01
200700016492,0,04,000,00,2,2,01,A01
200700016493,0,02,000,00,2,1,01,B01
200700016493,0,07,000,00,2,2,01,A01
200700016494,0,14,000,00,2,1,01,A01
200700016494,0,07,000,00,2,4,01,B01
200700016495,0,10,000,00,2,1,01,A01
200700016495,0,07,000,00,2,4,01,B01
200700016496,0,07,000,00,2,2,16,A01
200700016496,0,05,000,00,2,3,01,B01
200700016497,0,07,000,00,2,1,01,A01
200700016497,0,07,000,00,2,4,01,B01
200700016498,0,07,000,00,2,1,01,A01
200700016498,0,07,000,00,2,4,01,B01
200700016499,0,07,000,00,1,4,04,A01
200700016500,0,05,000,00,0,0,01,A01
200700016501,0,07,000,00,2,8,11,A01
200700016501,0,05,000,00,2,2,01,B01
200700016501,0,07,000,00,2,4,01,C01
200700016502,0,07,000,00,2,2,16,A01
200700016502,0,04,000,00,2,3,01,B01
200700016503,0,05,000,04,0,3,01,A01
200700016504,0,07,000,00,2,8,11,A01
200700016504,0,05,000,00,2,2,03,B01
200700016505,0,07,000,00,2,8,11,A01
200700016505,0,05,000,00,2,2,03,B01
200700016505,0,07,000,00,2,2,01,C01
200700016506,0,05,000,00,2,1,01,A01
200700016506,0,10,000,00,2,4,01,B01
200700016507,0,05,000,00,0,0,12,A01
200700016508,0,05,000,00,2,2,17,A01
200700016508,0,07,000,00,2,3,01,B01
200700016509,0,07,000,00,2,6,11,A01
200700016509,0,07,000,00,2,2,01,B01
200700016510,0,07,000,00,1,1,15,A01
200700016511,0,10,000,00,1,1,16,A01
200700016512,0,05,000,00,2,2,05,A01
200700016512,0,07,000,00,2,8,15,B01
200700016513,0,07,000,00,2,5,14,A01
200700016513,0,04,000,00,2,3,01,B01
200700016514,0,02,000,00,2,2,10,A01
200700016514,0,07,000,00,2,3,01,B01
200700016515,1,07,000,00,2,5,00,A01
200700016515,0,05,000,00,2,2,03,B01
200700016516,0,07,000,00,2,3,09,A01
200700016516,0,02,000,00,2,2,01,B01
200700016517,0,04,000,00,1,1,01,A01
200700016518,0,07,000,00,2,8,15,A01
200700016518,0,05,000,00,2,2,17,B01
200700016518,0,18,000,00,2,1,23,C01
200700016519,0,07,000,00,2,8,11,A01
200700016519,0,04,000,00,2,2,01,B01
200700016520,0,02,000,00,2,3,01,A01
200700016520,0,05,000,00,2,2,16,B01
200700016521,0,04,000,00,1,1,01,A01
200700016522,0,07,000,00,2,1,15,A01
200700016522,0,02,000,00,2,1,01,B01
200700016523,1,07,000,00,2,0,00,A01
200700016523,0,04,000,00,2,2,01,B01
200700016524,0,07,000,00,2,8,15,A01
200700016524,0,05,000,00,2,2,01,B01
200700016525,0,07,000,00,1,1,01,A01