Num_Acc,senc,catv,occutc,obs,obsm,choc,manv,num_veh
200700016526,0,07,000,00,1,4,04,A01
200700016527,0,07,000,00,1,1,15,A01
200700016528,0,07,000,00,2,1,01,B01
200700016528,0,05,000,00,2,2,01,A01
200700016529,0,07,000,00,2,8,22,A01
200700016529,0,05,000,00,2,2,01,B01
200700016529,0,07,000,00,2,5,23,C01
200700016530,0,07,000,00,2,4,04,A01
200700016530,0,07,000,00,2,1,01,B01
200700016531,0,05,000,00,0,0,21,A01
200700016532,0,02,000,00,1,1,16,A01
200700016533,1,07,000,00,2,3,00,A01
200700016533,0,05,000,00,2,2,01,B01
200700016534,0,18,000,09,1,1,01,A01
200700016535,0,10,000,00,2,8,15,A01
200700016535,0,04,000,00,2,2,01,B01
200700016536,0,07,000,00,2,1,01,A01
200700016536,0,05,000,00,2,4,01,B01
200700016537,0,07,000,00,2,8,15,B01
200700016537,0,02,000,00,2,2,01,A01
200700016538,0,04,000,00,0,0,01,A01
200700016539,0,07,000,00,2,2,01,A01
200700016539,0,04,000,00,2,3,01,B01
200700016540,0,07,000,00,1,1,01,A01
200700016541,0,04,000,00,1,1,01,A01
200700016542,0,10,000,00,2,2,01,A01
200700016542,0,07,000,00,2,3,01,B01
200700016543,0,10,000,00,2,1,05,A01
200700016543,0,03,000,00,2,1,01,B01
200700016544,1,10,000,00,2,5,00,A01
200700016544,0,01,000,00,2,3,16,B01
200700016545,0,07,000,00,2,1,15,B01
200700016545,0,07,000,00,2,2,01,A01
200700016546,0,07,000,00,2,2,15,A01
200700016546,0,05,000,00,2,1,01,B01
200700016547,0,02,000,00,2,1,02,A01
200700016547,0,07,000,00,2,4,02,B01
200700016548,0,07,000,00,2,3,10,A01
200700016548,0,01,000,00,2,2,01,B01
200700016549,1,02,000,00,1,1,00,A01
200700016550,0,14,000,00,1,3,01,A01
200700016551,0,07,000,00,2,7,16,A01
200700016551,0,04,000,00,2,1,01,B01
200700016552,0,05,000,00,2,1,01,A01
200700016552,0,07,000,00,2,4,20,B01
200700016553,0,07,000,00,2,5,10,A01
200700016553,0,02,000,00,2,1,01,B01
200700016554,0,02,000,12,0,1,15,A01
200700016555,0,18,000,00,2,1,01,A01
200700016555,0,07,000,00,2,4,23,B01
200700016556,0,07,000,00,2,1,01,A01
200700016556,0,07,000,00,2,4,01,B01
200700016557,0,07,000,00,2,2,16,A01
200700016557,0,05,000,00,2,3,01,B01
200700016558,0,07,000,00,2,1,01,A01
200700016558,0,07,000,00,2,4,23,B01
200700016559,0,04,000,00,0,0,21,A01
200700016560,0,04,000,00,2,1,01,A01
200700016560,0,05,000,00,2,1,01,B01
200700016560,0,07,000,00,2,1,01,C01
200700016561,0,07,000,00,2,7,22,A01
200700016561,0,05,000,00,2,3,18,B01
200700016562,1,07,000,00,1,1,00,A01
200700016563,0,07,000,00,2,8,13,A01
200700016563,0,02,000,00,2,2,17,B01
200700016564,1,07,000,00,2,6,00,A01
200700016564,0,05,000,00,2,2,03,B01
200700016565,1,05,000,00,2,5,00,A01
200700016565,0,05,000,00,2,3,03,B01
200700016565,0,07,000,00,2,6,01,C01
200700016566,1,07,000,00,2,2,00,A01
200700016566,0,07,000,04,2,6,01,B01
200700016567,0,07,000,04,0,1,01,A01
200700016568,0,05,000,00,2,1,01,A01
200700016568,0,07,000,00,2,4,01,B01
200700016569,0,07,000,00,2,1,02,A01
200700016569,0,10,000,00,2,4,02,B01
200700016570,0,05,000,00,2,3,18,A01
200700016570,0,14,000,00,2,5,01,B01
200700016570,0,10,000,00,2,8,01,C01
200700016571,0,04,000,00,0,0,21,A01
200700016572,0,05,000,00,0,0,01,A01
200700016573,0,07,000,00,2,6,11,A01
200700016573,0,10,000,00,2,2,01,B01
200700016574,0,10,000,00,2,1,01,A01
200700016574,0,07,000,00,2,4,01,B01
200700016574,0,07,000,00,2,4,01,C01
200700016575,0,10,000,00,2,1,02,A01
200700016575,0,07,000,00,2,4,02,B01
200700016575,0,07,000,00,2,4,01,C01
200700016576,0,05,000,00,2,1,03,A01
200700016576,0,07,000,00,2,4,01,B01
200700016577,0,07,000,00,2,8,11,A01
200700016577,0,05,000,00,2,2,01,B01
200700016577,0,07,000,00,2,5,01,C01
200700016578,0,07,000,00,2,1,01,A01
200700016578,0,04,000,00,2,4,01,B01
200700016579,0,05,000,00,0,0,21,A01
200700016580,0,04,000,00,2,1,01,A01
200700016580,0,07,000,00,2,4,01,B01
200700016581,0,07,000,00,2,5,12,A01
200700016581,0,05,000,00,2,3,03,B01
200700016582,0,07,000,04,0,1,01,A01
200700016583,0,07,000,00,2,6,11,A01
200700016583,0,05,000,00,2,2,01,B01
200700016584,0,07,000,00,2,6,09,A01
200700016584,0,01,000,00,2,2,01,B01
200700016585,0,07,000,00,2,1,01,A01
200700016585,0,07,000,00,2,4,01,B01
200700016586,0,05,000,00,2,1,01,A01
200700016586,0,07,000,00,2,4,01,B01
200700016587,0,05,000,00,2,2,12,A01
200700016587,0,07,000,00,2,8,01,B01
200700016588,0,05,000,00,2,1,01,A01
200700016588,0,10,000,00,2,4,01,B01
200700016589,1,05,000,00,2,6,00,A01
200700016589,0,05,000,00,2,2,03,B01
200700016590,1,07,000,00,2,6,00,A01
200700016590,0,05,000,00,2,2,03,B01
200700016591,1,07,000,00,2,5,00,A01
200700016591,0,07,000,00,2,3,01,B01
200700016591,0,10,000,00,2,1,01,C01
200700016591,0,05,000,00,2,1,01,D01
200700016592,0,07,000,04,0,2,14,A01
200700016593,0,07,000,00,2,1,01,A01
200700016593,0,07,000,00,2,5,01,B01
200700016593,0,10,000,00,2,4,01,C01
200700016594,0,07,000,00,1,3,01,A01
200700016595,0,07,000,00,2,3,01,B01
200700016595,0,05,000,00,2,1,01,A01
200700016596,0,02,000,00,0,0,16,A01
200700016597,0,05,000,00,2,5,01,A01
200700016597,0,07,000,00,2,3,01,B01
200700016598,0,07,000,04,0,3,13,A01
200700016599,0,07,000,00,2,2,12,A01
200700016599,0,05,000,00,2,3,01,B01
200700016599,0,05,000,00,2,3,01,C01
200700016600,0,05,000,00,2,1,01,B01
200700016600,0,07,000,00,2,8,01,A01
200700016601,0,04,000,00,2,5,14,A01
200700016601,0,07,000,00,2,3,01,B01
200700016602,0,07,000,00,2,3,09,A01
200700016602,0,02,000,00,2,2,01,B01
200700016603,0,07,000,00,2,1,01,A01
200700016603,0,07,000,00,2,4,23,B01
200700016604,0,07,000,00,2,3,09,A01
200700016604,0,10,000,00,2,1,01,B01
200700016605,0,07,000,00,2,1,01,B01
200700016605,0,07,000,00,2,3,01,A01
200700016606,0,07,000,00,1,1,01,A01
200700016607,0,07,000,00,1,1,01,A01
200700016608,0,07,000,14,2,3,13,A01
200700016608,0,15,000,00,2,7,01,B01
200700016609,0,07,000,00,1,7,11,A01
200700016610,0,04,000,00,2,2,03,A01
200700016610,0,07,000,00,2,6,01,B01
200700016611,0,02,000,09,0,1,01,A01
200700016612,0,07,000,00,2,5,12,A01
200700016612,0,02,000,00,2,3,01,B01
200700016613,0,07,000,00,2,2,01,B01
200700016613,0,07,000,00,2,1,01,C01
200700016613,0,07,000,15,2,1,17,A01
200700016614,0,10,000,00,2,2,15,A01
200700016614,0,05,000,00,2,1,01,B01
200700016615,0,05,000,00,2,1,01,B01
200700016615,0,07,000,00,2,2,01,A01
200700016616,0,07,000,00,2,2,09,A01
200700016616,0,02,000,00,2,3,01,B01
200700016617,0,04,000,00,2,3,18,A01
200700016617,0,14,000,00,2,2,01,B01
200700016618,0,05,000,00,0,0,01,A01
200700016619,0,05,000,00,2,1,01,A01
200700016619,0,07,000,00,2,4,23,B01
200700016620,0,07,000,01,1,1,01,A01
200700016621,0,14,000,00,2,7,16,A01
200700016621,0,01,000,00,2,3,01,B01
200700016622,0,02,000,00,2,5,05,A01
200700016622,0,07,000,00,2,2,01,B01
200700016623,0,07,000,00,2,1,02,A01
200700016623,0,05,000,00,2,4,01,B01
200700016624,0,07,000,00,2,3,11,A01
200700016624,0,05,000,01,2,2,17,B01
200700016625,0,05,000,00,0,0,01,A01
200700016626,0,07,000,00,2,2,15,A01
200700016626,0,02,000,00,2,1,01,B01
200700016627,0,05,000,01,0,1,16,A01
200700016628,0,05,000,15,2,1,01,B01
200700016628,0,07,000,00,2,2,01,A01
200700016629,0,05,000,00,1,1,01,A01
200700016630,0,07,000,00,2,7,16,A01
200700016630,0,04,000,00,2,8,18,B01
200700016631,0,04,000,01,2,1,01,A01
200700016631,0,07,000,00,2,3,01,B01
200700016632,0,05,000,11,0,1,01,A01
200700016633,0,07,000,04,0,1,01,A01
200700016634,1,07,000,00,0,0,00,A01
200700016634,0,05,000,12,2,2,01,B01
200700016635,0,07,000,07,2,2,07,A01
200700016635,0,07,000,00,2,1,01,B01
200700016636,0,07,000,00,2,2,15,A01
200700016636,0,05,000,00,2,1,01,B01
200700016637,0,07,000,00,2,1,15,B01
200700016637,0,07,000,00,2,2,07,A01
200700016638,0,02,000,14,0,1,21,A01
200700016639,0,07,000,00,2,5,12,A01
200700016639,0,05,000,00,2,3,01,B01
200700016639,0,18,000,00,2,1,01,C01
200700016640,0,10,000,00,2,2,17,A01
200700016640,0,07,000,00,2,6,23,B01
200700016641,0,07,000,00,2,1,01,A01
200700016641,0,05,000,00,2,2,01,B01
200700016642,0,07,000,00,1,1,01,A01
200700016643,0,05,000,00,2,2,17,A01
200700016643,0,07,000,00,2,8,15,B01
200700016644,0,05,000,00,2,3,11,A01
200700016644,0,07,000,00,2,5,01,B01
200700016645,0,05,000,02,0,2,17,A01
200700016646,0,17,000,00,2,5,16,A01
200700016646,0,01,000,00,2,1,01,B01
200700016647,0,07,000,00,2,8,11,A01
200700016647,0,05,000,00,2,7,03,B01
200700016648,0,01,000,00,1,1,01,A01
200700016649,0,07,000,00,2,8,09,A01
200700016649,0,05,000,01,2,2,01,B01
200700016650,0,05,000,00,1,3,01,A01
200700016651,0,02,000,00,2,7,01,A01
200700016651,0,15,000,00,2,6,01,B01
200700016652,0,07,000,00,2,2,16,A01
200700016652,0,02,000,00,2,3,15,B01
200700016653,0,05,000,00,0,0,01,A01
200700016654,0,07,000,00,1,7,01,A01
200700016655,0,05,000,00,0,0,01,A01
200700016656,0,02,000,00,2,2,01,A01
200700016656,0,07,000,00,2,8,10,B01
200700016657,0,04,000,00,2,3,01,A01
200700016657,0,05,000,00,2,4,01,B01
200700016658,0,07,000,00,2,2,15,A01
200700016658,0,04,000,00,2,1,01,B01
200700016659,0,07,000,13,0,1,01,A01
200700016660,0,07,000,00,1,3,02,A01
200700016661,0,07,000,00,1,5,20,A01
200700016662,0,07,000,01,0,0,01,A01
200700016663,0,07,000,00,2,0,15,A01
200700016663,0,33,000,00,2,2,01,B01
200700016664,0,02,000,00,2,1,02,A01
200700016664,0,07,000,00,2,6,02,B01
200700016665,0,07,000,00,2,3,01,B01
200700016665,0,07,000,00,2,3,16,A01
200700016666,0,07,000,00,2,1,02,A01
200700016666,0,07,000,00,2,1,01,B01
200700016666,0,07,000,00,2,4,01,C01
200700016667,0,07,000,00,1,2,01,A01
200700016668,0,07,000,14,0,0,00,A01
200700016669,0,07,000,00,2,8,10,A01
200700016669,0,30,000,00,2,1,01,B01
200700016670,0,07,000,00,1,1,01,A01
200700016671,0,14,000,00,1,2,12,A01
200700016671,0,07,000,00,2,8,01,B01
200700016672,0,30,000,01,2,1,01,A01
200700016672,0,07,000,00,2,5,15,B01
200700016672,0,07,000,00,0,8,01,C01
200700016673,0,07,000,04,0,1,13,A01
200700016674,1,07,000,00,0,0,00,A01
200700016674,0,07,000,00,2,1,00,B01
200700016675,0,02,000,00,2,1,00,A01
200700016675,0,07,000,00,0,6,01,B01
200700016676,0,30,000,00,0,8,00,A01
200700016677,0,02,000,00,2,7,00,A01
200700016677,0,07,000,00,2,7,15,B01
200700016678,0,01,000,00,2,7,01,A01
200700016678,0,07,000,00,0,0,01,B01
200700016679,0,02,000,06,0,8,01,A01
200700016680,0,07,000,00,2,2,01,B01
200700016680,0,01,000,00,2,8,19,A01
200700016681,0,33,000,00,6,1,01,A01
200700016682,0,07,000,11,0,9,00,A01
200700016683,0,14,000,16,0,8,01,A01
200700016684,0,02,000,00,2,1,17,A01
200700016684,0,07,000,00,2,3,15,B01
200700016685,0,07,000,00,1,3,01,A01
200700016686,0,31,000,00,2,7,18,A01
200700016686,0,07,000,00,2,5,01,B01
200700016687,0,02,000,06,0,2,17,A01
200700016687,0,07,000,00,2,3,15,B01
200700016688,0,33,000,00,0,8,01,A01
200700016689,0,07,000,00,2,6,10,A01
200700016689,0,34,000,00,2,1,01,B01
200700016690,0,07,000,00,0,0,17,A01
200700016690,0,33,000,00,2,1,01,B01
200700016691,0,33,000,00,0,6,01,A01
200700016692,0,07,000,00,2,1,01,A01
200700016692,0,07,000,01,2,2,15,B01
200700016693,2,07,000,08,0,1,01,A01
200700016694,2,07,000,00,2,2,02,A01
200700016694,0,07,000,00,2,6,02,B01
200700016694,1,07,000,00,0,0,00,C01
200700016695,0,07,000,08,0,2,14,A01
200700016696,0,07,000,00,2,2,13,B01
200700016696,0,02,000,00,2,9,13,A01
200700016697,0,07,000,14,0,7,00,A01
200700016698,0,02,000,00,2,1,01,B01
200700016698,0,07,000,00,2,3,13,A01
200700016699,0,07,000,00,2,2,15,A01
200700016699,0,02,000,00,2,1,01,B01
200700016700,0,33,000,01,2,9,01,B01
200700016700,0,07,000,00,2,2,15,A01
200700016701,0,02,000,00,2,8,03,A01
200700016701,0,07,000,00,2,7,01,B01
200700016702,0,07,000,00,2,1,13,A01
200700016702,0,07,000,00,0,4,13,B01
200700016703,0,07,000,00,1,2,15,A01
200700016704,0,07,000,15,1,1,20,A01
200700016705,0,01,000,01,0,8,22,B01
200700016705,0,07,000,00,2,8,22,A01
200700016706,0,02,000,00,2,2,09,B01
200700016706,0,07,000,00,2,3,09,A01
200700016707,0,33,000,00,1,1,01,A01
200700016708,0,10,000,00,1,3,04,A01
200700016709,0,07,000,00,2,3,09,A01
200700016709,0,33,000,00,0,1,01,B01
200700016710,0,07,000,00,1,4,01,B01
200700016710,0,07,000,00,2,2,11,A01
200700016711,0,07,000,00,0,4,23,B01
200700016711,0,38,001,00,2,1,01,A01
200700016712,0,07,000,00,9,4,15,B01
200700016712,0,30,000,00,2,1,01,A01
200700016713,0,33,000,00,2,1,17,B01
200700016713,0,07,000,00,2,8,09,A01
200700016714,0,07,000,00,1,2,01,A01
200700016715,0,07,000,00,1,3,01,A01
200700016716,0,07,000,01,0,1,01,A01
200700016717,0,07,000,00,0,1,01,A01
200700016717,0,07,000,00,0,3,01,B01
200700016718,0,01,000,15,0,1,02,A01
200700016718,0,07,000,02,9,8,02,B01
200700016719,0,10,000,00,2,3,13,A01
200700016719,0,07,000,00,2,1,01,B01
200700016720,0,07,000,00,2,1,02,A01
200700016720,0,07,000,00,2,1,02,F01
200700016720,0,07,000,00,2,4,02,B01
200700016720,0,07,000,00,2,4,02,C01
200700016720,0,07,000,00,2,4,02,D01
200700016720,0,10,000,00,0,4,02,E01
200700016721,0,31,000,00,0,0,21,A01
200700016721,0,14,000,00,0,0,19,B01
200700016722,0,07,000,00,0,3,00,A01
200700016723,0,10,000,14,0,9,00,A01
200700016724,0,10,000,00,1,3,15,A01
200700016725,0,07,000,00,0,4,00,B01
200700016725,1,07,000,00,0,0,00,A01
200700016726,0,33,000,00,2,1,01,A01
200700016726,0,07,000,00,2,1,01,B01
200700016727,0,07,000,00,2,1,13,A01
200700016727,0,07,000,00,2,1,01,B01
200700016728,0,07,000,00,1,2,01,A01
200700016729,0,37,001,00,2,1,01,A01
200700016729,0,99,000,00,2,8,01,B01
200700016730,0,07,000,00,2,1,02,A01
200700016730,0,07,000,00,0,4,01,B01
200700016731,0,07,000,00,2,7,15,A01
200700016731,0,33,000,00,2,1,01,B01
200700016732,0,01,000,00,2,1,01,A01
200700016732,0,07,000,00,2,3,01,B01
200700016733,0,07,000,00,1,7,01,A01
200700016734,0,07,000,08,2,1,02,A01
200700016734,0,07,000,00,0,4,02,B01
200700016734,0,07,000,00,0,4,01,C01
200700016735,0,15,000,00,2,1,02,A01
200700016735,0,07,000,00,0,4,15,B01
200700016736,0,30,000,00,2,1,05,A01
200700016736,0,07,000,00,2,3,15,B01
200700016737,0,07,000,00,1,3,01,A01
200700016738,0,07,000,00,1,2,02,A01
200700016739,0,13,000,00,0,0,00,A01
200700016739,0,13,000,00,0,0,00,B01
200700016739,0,13,000,00,0,0,00,C01
200700016740,0,07,000,13,0,7,14,A01
200700016741,0,07,000,09,0,1,14,A01
200700016742,0,33,000,00,0,0,00,A01
200700016743,0,33,000,00,2,1,01,A01
200700016743,0,10,000,00,2,2,01,B01
200700016744,0,07,000,00,9,1,02,A01
200700016744,0,01,000,00,2,4,02,B01
200700016745,0,07,000,00,2,3,09,A01
200700016745,0,07,000,00,2,1,02,B01
200700016746,0,33,000,00,0,4,00,B01
200700016746,0,07,000,00,2,1,02,A01
200700016747,0,33,000,00,2,1,01,B01
200700016747,0,07,000,00,0,8,09,A01
200700016748,0,07,000,00,2,2,00,A01
200700016748,0,02,000,00,2,1,01,B01
200700016749,0,07,000,00,0,4,11,C01
200700016749,0,07,000,00,0,9,01,B01
200700016749,0,07,000,00,2,1,02,A01
200700016750,0,07,000,00,1,1,01,A01
200700016751,0,33,000,00,1,1,01,A01
200700016752,0,07,000,00,1,2,01,A01
200700016753,0,07,000,00,1,1,01,A01
200700016754,0,07,000,00,2,1,02,A01
200700016754,0,07,000,00,0,4,02,B01
200700016755,0,07,000,00,1,1,00,A01
200700016756,0,33,000,00,2,1,01,B01
200700016757,0,07,000,00,1,7,01,A01
200700016758,1,07,000,00,1,7,01,A01
200700016759,0,07,000,00,0,8,15,A01
200700016759,0,30,000,00,0,1,17,B01
200700016760,0,02,000,01,0,1,02,A01
200700016760,0,07,000,00,0,5,23,B01
200700016761,0,07,000,13,0,3,01,A01
200700016762,0,07,000,00,1,7,00,A01
200700016763,0,07,000,00,2,3,10,A01
200700016763,0,30,000,00,2,1,01,B01
200700016764,0,07,000,00,2,3,10,A01
200700016764,0,30,000,00,2,1,01,B01
200700016765,0,07,000,06,0,1,01,A01
200700016766,0,07,000,01,0,2,02,A01
200700016766,0,07,000,00,2,5,24,B01
200700016767,0,07,000,00,1,1,01,A01
200700016768,0,15,000,00,2,3,01,A01
200700016768,0,31,000,00,2,8,01,B01
200700016769,0,07,000,00,2,8,15,B01
200700016769,0,02,000,00,2,1,17,A01
200700016770,0,33,000,09,0,1,17,A01
200700016771,0,07,000,00,2,7,01,B01
200700016771,0,01,000,00,2,1,15,A01
200700016772,0,07,000,00,0,0,19,A01
200700016772,0,01,000,00,2,0,01,B01
200700016773,0,07,000,01,2,1,02,A01
200700016773,0,07,000,00,0,4,02,B01
200700016774,0,10,000,00,2,5,12,A01
200700016774,0,33,000,00,2,8,01,B01
200700016774,0,07,000,00,2,6,01,C01
200700016775,0,07,000,00,1,1,02,A01
200700016776,0,10,000,15,0,1,01,A01
200700016777,0,07,000,00,2,1,01,A01
200700016777,0,07,000,00,2,7,02,B01
200700016778,0,31,000,00,0,1,00,A01
200700016779,0,07,000,00,2,6,02,B01
200700016779,0,07,000,00,2,1,00,A01
200700016780,0,07,000,00,0,4,00,B01
200700016781,0,07,000,15,0,9,01,A01
200700016782,0,07,000,04,0,1,00,A01
200700016783,0,10,000,00,2,3,13,A01
200700016783,0,10,000,00,0,3,01,B01
200700016784,0,10,000,06,0,1,00,A01
200700016785,0,07,000,00,1,2,04,A01
200700016786,0,07,000,00,2,5,13,A01
200700016786,0,07,000,00,2,1,01,B01
200700016787,0,07,000,00,1,2,01,A01
200700016788,0,07,000,08,0,1,02,A01
200700016789,0,07,000,00,1,1,02,A01
200700016790,0,07,000,06,0,1,01,A01
200700016791,0,07,000,00,2,1,20,A01
200700016791,0,31,000,00,2,1,01,B01
200700016792,0,07,000,00,2,1,02,A01
200700016792,0,07,000,00,2,4,02,B01
200700016792,0,07,000,00,2,4,02,C01
200700016793,0,07,000,00,1,1,01,A01
200700016794,1,30,000,00,1,0,02,A01
200700016795,0,07,000,13,0,1,00,A01
200700016796,0,07,000,00,0,4,00,B01
200700016796,0,07,000,00,0,0,00,A01
200700016797,0,02,000,00,2,1,02,B01
200700016797,0,07,000,00,2,3,09,A01
200700016798,0,07,000,00,2,1,02,A01
200700016798,0,07,000,00,2,4,02,B01
200700016798,0,07,000,00,0,4,02,C01
200700016799,0,07,000,00,0,8,00,A01
200700016799,0,01,000,00,2,8,00,B01
200700016800,0,07,000,00,1,4,20,A01
200700016801,0,33,000,10,0,1,17,A01
200700016802,0,07,000,00,1,0,00,A01
200700016803,0,07,000,00,1,1,02,A01
200700016804,0,07,000,08,0,1,01,A01
200700016805,0,01,000,00,2,3,01,B01
200700016805,0,07,000,00,9,3,09,A01
200700016806,0,30,000,00,2,1,17,A01
200700016806,0,10,000,00,2,6,15,B01
200700016807,0,07,000,04,0,0,13,A01
200700016808,0,02,000,00,2,1,02,A01
200700016808,0,07,000,00,2,4,02,B01
200700016809,0,30,000,12,0,1,01,A01
200700016810,1,30,000,00,0,4,00,B01
200700016810,0,02,000,00,2,1,02,A01
200700016811,0,07,000,00,2,1,01,A01
200700016811,0,07,000,00,2,1,01,B01
200700016811,0,07,000,00,2,8,02,C01
200700016812,0,07,000,02,0,7,01,A01
200700016813,0,07,000,00,0,0,01,A01
200700016814,0,07,000,00,2,7,01,B01
200700016814,0,10,000,00,2,8,01,A01
200700016815,0,33,000,00,2,1,01,B01
200700016815,0,07,000,00,2,6,16,A01
200700016816,0,07,000,00,1,2,01,A01
200700016817,0,30,000,00,2,8,15,A01
200700016817,0,33,000,00,2,1,17,B01
200700016818,0,07,000,00,2,1,13,A01
200700016818,0,07,000,00,2,2,01,B01
200700016819,0,07,000,00,2,7,15,A01
200700016819,0,13,000,00,2,1,01,B01
200700016820,0,07,000,00,1,1,01,A01
200700016821,0,07,000,00,2,1,13,A01
200700016821,0,07,000,00,2,1,01,B01
200700016822,0,07,000,00,9,2,01,A01
200700016823,0,30,000,01,0,1,01,A01
200700016824,0,07,000,00,2,3,09,A01
200700016824,0,01,000,00,2,7,01,B01
200700016825,0,02,000,00,2,1,01,A01
200700016825,0,07,000,00,2,3,01,B01
200700016826,0,07,000,00,2,3,09,A01
200700016826,0,33,000,00,2,1,01,B01
200700016827,0,10,000,00,2,0,01,A01
200700016827,0,01,000,00,0,8,01,B01
200700016828,0,07,000,00,2,8,15,A01
200700016828,0,07,000,00,2,1,01,B01
200700016829,0,07,000,00,2,7,17,A01
200700016829,0,01,000,00,2,8,15,B01
200700016830,0,07,000,00,2,3,09,A01
200700016830,0,01,000,00,2,7,01,B01
200700016831,0,07,000,00,2,1,02,A01
200700016831,0,07,000,00,2,4,23,B01
200700016831,0,07,000,00,2,4,23,C01
200700016831,0,07,000,00,0,4,23,D01
200700016832,0,07,000,00,2,1,02,A01
200700016832,0,07,000,00,0,4,01,B01
200700016833,0,07,000,00,2,2,01,A01
200700016833,0,07,000,00,0,4,16,B01
200700016834,0,07,000,00,2,1,02,A01
200700016834,0,07,000,00,0,4,01,B01
200700016835,0,33,000,00,2,1,01,A01
200700016835,0,07,000,00,0,8,15,B01
200700016836,0,30,000,00,2,1,01,A01
200700016836,0,10,000,00,2,7,15,B01
200700016837,0,07,000,00,2,1,01,A01
200700016837,0,07,000,00,2,4,23,B01
200700016838,0,31,000,00,2,1,17,B01
200700016838,0,07,000,00,2,3,15,A01
200700016839,0,07,000,00,2,1,01,A01
200700016840,0,07,000,00,2,5,15,A01
200700016840,0,02,000,00,2,1,01,B01
200700016841,0,18,001,01,1,4,04,A01
200700016842,0,07,000,00,2,3,11,A01
200700016842,0,05,000,00,2,2,17,B01
200700016843,0,07,000,00,1,1,01,A01
200700016844,0,07,000,00,2,2,15,A01
200700016844,0,02,000,00,2,1,01,B01
200700016845,0,07,000,15,1,6,20,A01
200700016846,0,10,000,00,2,4,02,C01
200700016846,0,07,000,00,2,1,02,B01
200700016846,0,07,000,00,2,1,02,A01
200700016847,0,04,000,00,2,1,01,A01
200700016847,0,07,000,00,2,3,01,B01
200700016848,0,07,000,00,2,1,01,A01
200700016849,0,03,000,00,2,6,13,A01
200700016849,0,30,000,00,2,1,17,C01
200700016849,0,30,000,00,2,1,17,B01
200700016850,0,07,000,00,0,5,15,A01
200700016850,0,33,000,00,2,1,17,B01
200700016851,0,07,000,00,0,3,15,A01
200700016851,0,33,000,00,2,1,01,B01
200700016851,1,07,000,00,0,0,15,C01
200700016852,0,07,000,00,9,8,15,A01
200700016852,0,31,000,00,2,1,01,B01
200700016853,0,07,000,09,0,7,13,A01
200700016854,0,17,000,02,9,1,14,A01
200700016854,0,15,000,00,0,6,23,B01
200700016855,0,07,000,00,9,3,09,A01
200700016855,0,02,000,00,2,1,01,B01
200700016856,0,07,000,00,1,1,01,A01
200700016857,0,07,000,00,2,1,15,A01
200700016857,0,07,000,00,2,1,01,B01
200700016858,0,07,000,00,2,1,00,A01
200700016858,0,01,000,00,2,7,19,B01
200700016859,0,07,000,00,2,1,01,A01
200700016859,0,07,000,00,2,3,01,B01
200700016860,0,33,000,00,2,1,01,A01
200700016860,0,07,000,00,2,4,01,B01
200700016861,0,07,000,00,2,1,01,A01
200700016861,0,07,000,00,2,4,01,B01
200700016862,0,07,000,00,2,5,15,A01
200700016862,0,02,000,00,2,1,01,B01
200700016863,0,07,000,00,2,3,15,A01
200700016863,0,33,000,00,2,7,01,B01
200700016864,0,07,000,00,2,8,16,A01
200700016864,0,07,000,00,2,7,15,B01
200700016865,0,37,001,00,1,7,01,A01
200700016866,0,01,000,00,2,3,19,A01
200700016866,0,07,000,00,2,1,01,B01
200700016867,0,30,000,00,2,2,16,A01
200700016867,0,07,000,00,2,3,01,B01
200700016868,0,33,000,00,2,1,01,A01
200700016868,0,07,000,00,2,3,16,B01
200700016869,0,07,000,12,2,2,01,A01
200700016869,0,07,000,00,2,1,01,B01
200700016870,0,07,000,00,2,1,01,A01
200700016870,0,07,000,00,2,4,01,B01
200700016870,0,07,000,00,2,4,01,C01
200700016871,0,07,000,00,1,1,01,A01
200700016872,0,07,000,00,1,1,01,A01
200700016873,0,07,000,00,2,1,01,A01
200700016873,0,15,000,00,2,8,01,B01
200700016873,0,10,000,00,2,2,01,C01
200700016873,0,07,000,00,2,1,01,D01
200700016873,0,07,000,00,2,4,01,E01
200700016874,0,07,000,00,1,2,01,A01
200700016875,0,02,000,00,2,3,01,A01
200700016875,0,07,000,00,2,3,15,B01
200700016876,2,07,000,00,1,1,01,A01
200700016877,0,02,000,00,2,2,16,B01
200700016877,0,07,000,00,2,2,15,A01
200700016878,0,07,000,00,2,3,10,A01
200700016878,0,02,000,00,2,1,01,B01
200700016879,0,07,000,02,0,8,01,A01
200700016880,0,07,000,01,2,2,09,A01
200700016880,0,07,000,00,2,1,01,B01
200700016881,0,07,000,00,1,1,01,A01
200700016882,0,07,000,00,2,3,10,A01
200700016882,0,30,000,00,2,1,02,B01
200700016883,0,07,000,00,0,5,15,A01
200700016883,0,30,000,00,2,1,01,B01
200700016884,0,07,000,00,2,3,16,A01
200700016884,0,07,000,00,2,3,01,B01
200700016885,0,07,000,00,2,1,15,A01
200700016885,0,07,000,00,2,3,01,B01
200700016886,0,34,000,00,2,4,23,A01
200700016886,0,07,000,00,2,2,02,B01
200700016887,0,32,000,00,2,1,01,A01
200700016887,0,07,000,00,2,2,15,B01
200700016888,0,07,000,01,2,2,05,A01
200700016888,0,07,000,00,2,2,01,B01
200700016889,0,02,000,00,2,4,02,A01
200700016889,0,07,000,00,2,1,02,B01