Num_Acc,senc,catv,occutc,obs,obsm,choc,manv,num_veh
200700016890,0,07,000,00,1,1,02,A01
200700016891,0,02,000,00,2,1,02,A01
200700016891,0,07,000,00,2,4,02,B01
200700016892,0,07,000,00,2,1,15,A01
200700016892,0,30,000,00,2,7,17,B01
200700016893,0,02,000,00,2,1,02,A01
200700016893,0,30,000,00,2,4,02,B01
200700016894,0,02,000,00,0,7,02,A01
200700016895,0,01,000,00,2,1,01,A01
200700016895,0,07,000,00,2,3,13,B01
200700016896,0,02,000,00,1,1,01,A01
200700016897,0,30,000,00,0,7,16,A01
200700016898,0,07,000,13,0,7,01,A01
200700016899,0,07,000,00,2,7,01,B01
200700016899,0,07,000,00,2,2,09,A01
200700016900,0,07,000,00,2,1,02,A01
200700016900,0,07,000,00,2,4,02,B01
200700016900,0,07,000,00,0,4,02,C01
200700016901,0,10,000,00,2,1,01,A01
200700016901,0,33,000,00,0,6,01,B01
200700016902,1,07,000,00,2,1,02,A01
200700016902,0,02,000,00,0,4,23,B01
200700016903,0,07,000,00,1,1,14,A01
200700016904,0,01,000,00,2,1,01,B01
200700016904,0,07,000,00,9,8,15,A01
200700016905,0,07,000,08,0,3,13,A01
200700016906,0,07,000,00,1,1,01,A01
200700016907,0,07,000,13,0,1,01,A01
200700016908,0,07,000,00,2,3,13,B01
200700016908,0,07,000,06,2,3,01,A01
200700016909,0,07,000,13,0,1,01,A01
200700016910,0,02,000,00,2,1,19,A01
200700016910,0,07,000,00,2,5,19,B01
200700016911,1,07,000,00,2,1,15,A01
200700016911,0,07,000,00,2,1,01,B01
200700016912,0,07,000,08,2,1,15,B01
200700016912,0,07,000,07,2,3,01,A01
200700016913,0,07,000,00,1,4,04,A01
200700016914,0,33,000,00,2,1,01,A01
200700016914,0,07,000,00,2,1,15,B01
200700016915,0,37,000,00,1,7,00,A01
200700016916,0,07,000,00,0,1,05,C01
200700016916,0,13,000,00,0,8,02,B01
200700016916,0,33,000,00,2,1,02,A01
200700016917,0,07,000,00,2,2,01,B01
200700016917,0,07,000,00,2,1,15,A01
200700016918,0,32,000,03,2,1,00,B01
200700016918,0,07,000,00,2,3,00,A01
200700016919,0,33,000,11,0,1,17,A01
200700016919,0,17,000,00,9,8,01,B01
200700016920,1,33,000,00,1,1,01,A01
200700016921,0,07,000,00,1,1,01,A01
200700016922,0,07,000,00,2,2,16,B01
200700016922,0,02,000,09,2,2,18,A01
200700016923,0,30,000,00,2,1,00,A01
200700016923,0,07,000,00,2,6,00,B01
200700016924,0,07,000,00,0,2,16,A01
200700016924,0,01,000,00,2,1,00,B01
200700016925,0,07,000,00,1,1,21,A01
200700016926,0,31,000,00,2,1,01,A01
200700016926,0,07,000,00,2,2,01,B01
200700016927,0,33,000,00,2,1,01,B01
200700016927,0,33,000,00,2,3,17,A01
200700016928,0,01,000,00,2,1,01,B01
200700016928,0,07,000,00,2,2,19,A01
200700016929,0,01,000,00,2,0,01,B01
200700016929,0,03,000,00,2,6,01,A01
200700016930,0,33,000,00,2,1,01,A01
200700016930,0,07,000,00,0,4,23,B01
200700016931,0,07,000,00,1,3,01,A01
200700016932,0,07,000,11,0,9,01,A01
200700016933,0,07,000,00,2,8,15,B01
200700016933,0,30,000,00,2,7,17,A01
200700016934,0,14,000,00,2,1,01,A01
200700016934,0,07,000,00,0,4,23,B01
200700016935,0,07,000,00,2,4,02,B01
200700016935,0,07,000,00,2,1,02,A01
200700016936,0,07,000,00,2,2,15,A01
200700016936,0,02,000,00,2,1,01,B01
200700016937,0,30,000,00,1,1,17,A01
200700016938,0,07,000,00,2,3,09,A01
200700016938,0,01,000,00,2,1,01,B01
200700016939,0,30,000,00,0,0,01,A01
200700016939,1,07,000,00,0,0,01,B01
200700016940,0,99,000,00,2,1,02,A01
200700016940,0,07,000,00,0,4,01,B01
200700016941,0,07,000,00,2,1,01,A01
200700016941,0,01,000,00,2,0,19,B01
200700016942,0,33,000,00,2,1,01,A01
200700016942,0,07,000,00,2,4,23,B01
200700016943,0,07,000,00,1,1,07,A01
200700016944,0,07,000,00,2,3,15,A01
200700016944,0,07,000,00,2,8,01,B01
200700016945,0,07,000,00,2,1,02,A01
200700016945,0,07,000,00,2,4,02,B01
200700016945,0,07,000,00,0,4,02,C01
200700016946,0,07,000,00,2,3,09,A01
200700016946,0,32,000,00,2,0,01,B01
200700016947,0,37,015,00,2,2,07,B01
200700016947,0,07,000,00,2,4,16,A01
200700016948,0,30,000,14,0,0,00,A01
200700016948,0,07,000,00,9,0,01,B01
200700016949,1,02,000,00,0,0,00,A01
200700016950,0,07,000,00,1,1,15,A01
200700016951,0,32,000,00,2,1,01,A01
200700016951,0,07,000,00,2,6,01,B01
200700016952,0,30,000,00,2,1,01,B01
200700016952,0,07,000,00,2,8,01,A01
200700016953,0,30,000,00,2,1,00,A01
200700016953,0,07,000,00,2,4,01,B01
200700016954,0,07,000,08,1,3,00,A01
200700016955,0,07,000,00,1,2,01,A01
200700016956,0,07,000,00,2,3,01,A01
200700016956,0,16,000,00,2,3,01,B01
200700016957,1,07,000,00,0,0,00,A01
200700016957,0,01,000,00,2,0,19,B01
200700016958,0,07,000,00,2,2,02,A01
200700016958,0,02,000,00,2,4,02,B01
200700016959,0,07,000,00,2,1,09,A01
200700016959,0,01,000,00,2,7,01,B01
200700016960,0,07,000,00,2,3,15,A01
200700016960,0,31,000,00,2,7,16,B01
200700016961,0,07,000,00,2,5,10,A01
200700016961,0,30,000,00,2,1,02,B01
200700016962,0,07,000,00,2,2,09,A01
200700016962,0,31,000,00,2,7,01,B01
200700016963,0,07,000,00,2,2,15,A01
200700016963,0,30,000,00,2,1,01,B01
200700016964,0,37,000,00,0,2,07,A01
200700016965,0,02,000,00,0,1,01,A01
200700016965,0,07,000,00,0,3,15,B01
200700016966,0,30,000,00,2,3,02,A01
200700016966,0,07,000,00,2,5,02,B01
200700016967,0,33,000,00,2,1,01,A01
200700016967,0,07,000,00,2,4,01,B01
200700016968,0,33,000,00,2,1,01,B01
200700016968,0,13,000,00,2,2,12,A01
200700016969,0,07,000,08,0,1,01,A01
200700016970,0,07,000,00,1,0,00,A01
200700016971,0,07,000,00,2,4,23,B01
200700016971,0,07,000,00,2,1,01,A01
200700016971,0,07,000,00,0,4,23,C01
200700016972,0,07,000,00,2,1,01,A01
200700016972,0,07,000,00,2,4,23,B01
200700016972,0,07,000,00,2,4,23,C01
200700016973,0,30,000,00,2,1,01,B01
200700016973,0,07,000,00,2,7,15,A01
200700016974,0,07,000,00,9,3,01,A01
200700016974,0,01,000,00,2,7,19,B01
200700016975,0,07,000,00,2,1,01,A01
200700016975,0,07,000,00,2,4,01,B01
200700016975,0,07,000,00,2,4,01,C01
200700016976,0,07,000,00,2,7,15,A01
200700016976,0,30,000,00,2,1,01,B01
200700016977,0,07,000,15,0,2,01,A01
200700016978,0,07,000,00,1,1,00,A01
200700016979,0,17,000,00,2,2,12,A01
200700016979,0,07,000,00,2,6,01,B01
200700016979,0,17,000,00,2,1,01,C01
200700016980,0,10,000,00,2,7,19,A01
200700016980,0,07,000,07,2,1,01,B01
200700016981,0,07,000,00,2,6,00,B01
200700016981,0,07,000,00,2,1,13,A01
200700016982,0,07,000,00,2,8,03,A01
200700016982,0,02,000,00,0,1,03,B01
200700016983,0,07,000,02,0,1,01,A01
200700016984,0,10,000,00,2,8,01,A01
200700016984,0,07,000,00,2,2,01,B01
200700016984,0,07,000,00,2,1,01,C01
200700016985,0,99,000,00,2,4,01,A01
200700016985,0,07,000,00,2,0,01,B01
200700016986,0,07,000,02,0,1,13,A01
200700016987,0,07,000,00,2,1,17,A01
200700016987,0,30,000,00,2,1,01,B01
200700016988,0,33,000,00,2,0,00,A01
200700016988,0,07,000,00,2,0,00,B01
200700016989,0,07,000,00,2,1,19,A01
200700016989,0,07,000,02,2,3,01,B01
200700016990,0,30,000,00,1,1,01,A01
200700016991,0,07,000,00,1,1,01,A01
200700016992,0,07,000,00,2,1,02,A01
200700016992,0,07,000,00,2,4,01,B01
200700016993,0,07,000,00,2,8,19,A01
200700016993,0,07,000,00,2,1,01,B01
200700016994,0,07,000,08,0,1,01,A01
200700016995,0,02,000,02,0,1,18,A01
200700016996,0,07,000,00,2,5,15,A01
200700016996,0,33,000,00,2,1,01,B01
200700016997,0,07,000,00,2,1,16,A01
200700016997,0,10,000,00,2,9,17,B01
200700016997,0,07,000,00,2,8,01,C01
200700016998,0,07,000,00,1,1,00,A01
200700016999,0,30,000,00,2,1,01,A01
200700016999,0,07,000,00,0,4,01,B01
200700017000,0,07,000,01,0,1,15,A01
200700017001,0,07,000,00,1,2,01,A01
200700017002,0,07,000,00,2,3,11,A01
200700017002,0,04,000,00,2,1,02,B01
200700017003,0,07,000,13,0,1,02,A01
200700017004,0,33,000,00,2,1,01,B01
200700017004,0,07,000,00,2,2,15,A01
200700017005,0,07,000,00,1,8,01,A01
200700017006,0,33,000,12,0,8,21,B01
200700017006,0,07,000,00,0,0,15,A01
200700017007,0,07,000,00,2,2,14,A01
200700017007,0,07,000,00,2,6,23,B01
200700017008,0,10,000,00,2,1,02,A01
200700017008,0,07,000,00,2,4,23,B01
200700017008,0,07,000,00,2,5,23,C01
200700017009,0,31,000,00,2,3,01,B01
200700017009,0,07,000,00,2,3,16,A01
200700017010,0,07,000,00,2,8,16,A01
200700017010,0,07,000,00,2,1,01,B01
200700017011,0,07,000,00,2,1,02,A01
200700017011,0,07,000,00,2,4,02,B01
200700017011,0,07,000,00,2,4,02,C01
200700017012,0,01,000,00,2,8,13,A01
200700017012,0,30,000,00,2,7,17,B01
200700017013,0,07,000,00,2,3,15,A01
200700017013,0,02,000,00,2,1,01,B01
200700017014,0,07,000,00,2,2,19,A01
200700017014,0,31,000,00,2,7,01,B01
200700017015,0,10,000,00,1,2,01,A01
200700017016,0,02,000,00,2,1,13,A01
200700017016,0,07,000,00,2,1,01,B01
200700017016,0,02,000,00,0,0,01,C01
200700017017,1,07,000,00,1,1,01,A01
200700017018,0,10,000,00,2,6,04,A01
200700017018,0,30,000,00,2,1,17,B01
200700017019,0,07,000,00,2,1,01,A01
200700017019,0,07,000,00,2,4,02,B01
200700017019,0,07,000,00,2,4,02,C01
200700017020,0,07,000,00,2,4,02,B01
200700017020,0,02,000,00,2,1,02,A01
200700017021,0,07,000,00,2,1,02,A01
200700017021,0,07,000,00,2,4,02,B01
200700017021,0,07,000,00,2,4,02,C01
200700017022,0,07,000,00,2,2,01,A01
200700017022,0,07,000,00,2,3,15,B01
200700017023,0,02,000,00,2,1,08,A01
200700017023,0,07,000,00,2,7,15,B01
200700017024,0,10,000,00,2,1,02,A01
200700017024,0,07,000,00,2,3,02,B01
200700017025,0,07,000,00,2,1,02,A01
200700017025,0,07,000,00,2,4,02,B01
200700017026,0,07,000,06,0,8,16,A01
200700017027,0,07,000,01,0,1,02,A01
200700017027,0,37,001,00,2,4,07,B01
200700017028,0,37,015,00,2,1,02,B01
200700017028,0,07,000,00,2,1,01,A01
200700017029,0,07,000,00,2,1,02,A01
200700017029,0,07,000,00,2,4,02,B01
200700017030,0,30,000,00,2,1,01,A01
200700017030,0,07,000,00,2,2,01,B01
200700017031,0,07,000,00,0,1,01,A01
200700017032,0,07,000,00,2,1,02,A01
200700017032,0,10,000,00,2,1,02,B01
200700017032,0,07,000,00,2,1,02,C01
200700017032,0,07,000,00,2,4,02,D01
200700017033,0,07,000,00,1,4,04,A01
200700017034,0,02,000,00,2,1,02,A01
200700017034,0,07,000,00,2,8,15,B01
200700017035,0,07,000,03,2,7,02,A01
200700017035,0,17,000,00,2,4,01,B01
200700017036,0,07,000,13,0,1,02,A01
200700017037,0,07,000,00,2,1,02,A01
200700017037,0,07,000,00,2,4,01,B01
200700017038,0,13,000,00,2,1,02,A01
200700017038,0,07,000,00,2,4,02,B01
200700017039,0,07,000,00,2,3,05,A01
200700017039,0,02,000,00,2,1,01,B01
200700017040,0,30,000,12,0,1,02,A01
200700017041,0,30,000,00,1,1,01,A01
200700017042,0,07,000,00,2,0,01,A01
200700017042,0,07,000,00,2,9,01,B01
200700017043,0,07,000,13,0,0,01,A01
200700017044,0,07,000,00,2,4,09,A01
200700017044,0,07,000,00,2,2,01,B01
200700017045,0,07,000,00,1,1,01,A01
200700017046,0,07,000,03,2,3,05,A01
200700017046,0,10,000,00,2,1,01,B01
200700017047,0,02,000,00,2,1,02,A01
200700017047,0,03,000,00,2,8,02,B01
200700017048,0,07,000,03,0,1,02,A01
200700017049,1,07,000,00,2,2,02,A01
200700017049,0,07,000,00,2,2,02,B01
200700017050,0,07,000,00,2,8,09,A01
200700017050,0,30,000,00,2,7,01,B01
200700017051,0,14,000,00,2,1,09,A01
200700017051,0,07,000,00,2,4,09,B01
200700017052,0,07,000,00,2,1,01,A01
200700017052,0,07,000,00,2,4,01,B01
200700017053,0,07,000,00,2,8,15,A01
200700017053,0,02,000,00,2,1,01,B01
200700017054,1,10,000,00,2,1,02,A01
200700017054,0,07,000,00,2,4,01,B01
200700017055,0,07,000,00,2,3,15,B01
200700017055,0,02,000,00,2,1,01,A01
200700017056,0,07,000,00,2,3,09,A01
200700017056,0,07,000,00,2,2,01,B01
200700017057,0,07,000,00,2,2,02,A01
200700017057,0,07,000,00,2,6,02,B01
200700017058,0,30,000,01,0,3,02,A01
200700017059,0,02,000,00,2,1,05,A01
200700017059,0,07,000,00,2,6,01,B01
200700017060,0,07,000,00,9,0,15,A01
200700017060,0,34,000,00,0,8,15,B01
200700017061,0,02,000,00,0,1,16,A01
200700017062,0,07,000,00,2,1,02,A01
200700017062,0,07,000,00,2,4,02,B01
200700017063,0,07,000,00,2,3,13,A01
200700017063,0,14,000,00,2,5,21,B01
200700017064,0,07,000,06,0,1,01,A01
200700017065,0,10,000,00,2,7,01,A01
200700017065,0,02,000,00,2,8,01,B01
200700017066,0,07,000,00,1,7,01,A01
200700017067,0,30,000,00,2,1,01,A01
200700017067,0,07,000,00,2,6,16,B01
200700017068,0,15,000,00,2,7,14,A01
200700017068,0,07,000,00,2,8,01,B01
200700017068,0,07,000,00,2,1,01,C01
200700017069,0,07,000,00,2,3,01,A01
200700017069,0,05,000,00,2,7,01,B01
200700017070,0,07,000,00,2,1,01,B01
200700017070,0,07,000,00,2,2,01,A01
200700017071,0,07,000,00,0,3,01,A01
200700017071,0,33,000,00,0,0,01,B01
200700017072,0,02,000,00,2,1,02,A01
200700017072,0,07,000,00,2,6,02,B01
200700017073,0,99,000,00,1,0,00,A01
200700017074,0,30,000,00,2,2,02,A01
200700017074,0,07,000,00,2,8,16,B01
200700017075,0,07,000,00,2,1,00,A01
200700017075,0,07,000,00,2,3,00,B01
200700017076,0,07,000,00,0,7,01,A01
200700017076,0,07,000,00,0,1,01,B01
200700017077,0,07,000,01,0,4,01,B01
200700017077,0,07,000,01,0,1,01,A01
200700017077,0,07,000,01,2,4,01,C01
200700017078,0,07,000,00,0,2,02,A01
200700017078,0,07,000,00,0,6,02,B01
200700017079,0,30,000,00,2,8,02,A01
200700017079,0,07,000,00,2,2,02,B01
200700017080,0,02,000,00,0,5,00,A01
200700017080,0,07,000,00,2,3,01,B01
200700017081,0,07,000,00,2,1,02,A01
200700017081,0,07,000,00,0,4,02,B01
200700017082,0,07,000,00,0,8,15,A01
200700017082,0,07,000,00,2,2,00,B01
200700017083,0,07,000,00,2,1,01,A01
200700017083,0,07,000,00,2,1,01,B01
200700017084,0,07,000,00,1,1,01,A01
200700017085,0,07,000,15,0,2,18,A01
200700017086,0,07,000,00,0,3,23,B01
200700017086,0,30,000,00,0,1,15,A01
200700017087,0,02,000,00,2,1,01,A01
200700017087,0,07,000,00,0,3,15,B01
200700017088,0,02,000,00,0,0,00,A01
200700017089,0,33,000,00,0,1,01,A01
200700017090,0,33,000,00,2,1,01,A01
200700017090,0,07,000,00,2,4,23,B01
200700017090,0,07,000,00,2,4,23,C01
200700017091,0,07,000,00,2,1,01,A01
200700017091,0,07,000,00,2,3,00,B01
200700017091,0,07,000,00,0,4,00,C01
200700017092,0,10,000,00,2,1,02,A01
200700017092,0,07,000,00,0,4,01,B01
200700017093,0,07,000,12,2,1,02,A01
200700017093,0,07,000,00,2,4,01,B01
200700017093,0,07,000,00,2,4,01,C01
200700017094,0,07,000,00,0,4,01,B01
200700017094,0,07,000,00,2,1,02,A01
200700017095,0,07,000,00,0,4,23,A01
200700017095,0,07,000,14,0,1,02,B01
200700017096,0,07,000,00,2,1,01,B01
200700017096,0,07,000,00,2,7,10,A01
200700017097,0,07,000,00,1,1,01,A01
200700017098,0,07,000,00,2,1,00,A01
200700017098,0,33,000,00,2,1,01,B01
200700017099,0,07,000,00,2,1,02,A01
200700017099,0,07,000,00,2,1,02,B01
200700017099,0,07,000,00,2,4,02,C01
200700017100,0,07,000,00,1,1,02,A01
200700017101,0,07,000,00,2,1,02,B01
200700017101,0,07,000,00,2,1,02,A01
200700017102,0,30,000,00,0,0,02,A01
200700017103,0,07,000,00,1,2,02,A01
200700017104,0,02,000,00,0,1,00,A01
200700017105,0,07,000,00,1,1,01,A01
200700017106,0,07,000,12,0,1,02,A01
200700017107,0,07,000,00,2,1,02,A01
200700017107,0,07,000,00,2,4,02,B01
200700017107,0,07,000,00,0,4,02,C01
200700017108,0,07,000,00,2,1,19,A01
200700017108,0,37,000,00,2,8,19,B01
200700017109,0,07,000,09,0,3,01,A01
200700017110,1,32,000,00,1,0,07,A01
200700017111,0,33,000,00,2,1,17,A01
200700017111,0,07,000,00,2,3,15,B01
200700017112,0,07,000,00,2,1,15,A01
200700017112,0,07,000,00,2,1,01,B01
200700017113,0,07,000,00,1,2,01,A01
200700017114,0,07,000,00,1,1,01,A01
200700017115,0,07,000,00,2,8,15,B01
200700017115,0,30,000,00,2,1,17,A01
200700017116,0,07,000,00,2,6,23,A01
200700017116,0,30,000,01,0,1,21,B01
200700017117,0,07,000,14,0,1,16,A01
200700017118,0,07,000,00,1,2,17,A01
200700017119,0,10,000,00,1,2,01,A01
200700017120,0,33,000,00,2,2,01,A01
200700017120,0,02,000,00,2,4,11,B01
200700017121,1,07,000,00,0,1,00,B01
200700017121,0,07,000,00,0,4,01,A01
200700017122,0,07,000,00,0,3,00,A01
200700017122,0,07,000,00,0,2,01,B01
200700017123,0,07,000,00,1,1,00,A01
200700017124,0,07,000,00,1,3,02,A01
200700017125,0,07,000,00,1,1,01,A01
200700017126,0,07,000,15,0,1,01,A01
200700017127,0,07,000,08,0,1,01,A01
200700017128,0,30,000,00,2,1,01,A01
200700017128,0,07,000,00,0,6,15,B01
200700017129,0,07,000,00,2,3,15,A01
200700017129,0,01,000,00,2,5,01,B01
200700017130,0,33,000,00,2,1,01,B01
200700017130,0,07,000,00,2,3,09,A01
200700017131,0,07,000,00,2,1,01,A01
200700017131,0,37,000,15,0,3,01,B01
200700017132,0,07,000,00,0,1,13,A01
200700017132,0,07,000,00,2,8,01,B01
200700017132,0,07,000,00,2,6,02,C01
200700017133,0,07,000,00,2,1,02,A01
200700017133,0,02,000,00,2,4,01,B01
200700017134,0,07,000,00,2,7,01,A01
200700017134,0,07,000,00,2,3,01,B01
200700017135,0,01,000,00,2,1,02,A01
200700017135,0,07,000,00,2,4,01,B01
200700017136,0,07,000,04,0,1,09,A01
200700017137,0,33,000,00,2,1,01,B01
200700017137,0,07,000,00,2,4,01,A01
200700017138,0,07,000,00,1,1,01,A01
200700017139,1,30,000,00,1,1,02,A01
200700017140,0,07,000,00,2,3,15,A01
200700017140,0,01,000,00,2,1,01,B01
200700017141,0,07,000,00,2,1,01,A01
200700017141,0,07,000,00,0,4,23,B01
200700017142,0,07,000,00,2,1,01,A01
200700017142,0,07,000,00,2,4,23,B01
200700017143,0,07,000,00,0,5,01,B01
200700017143,0,02,000,00,2,1,01,A01
200700017144,0,33,000,00,2,1,01,B01
200700017144,0,07,000,00,2,8,01,A01
200700017145,0,07,000,00,2,1,01,A01
200700017145,0,15,000,00,2,7,15,B01
200700017146,0,10,000,00,1,3,15,A01
200700017147,0,07,000,00,2,1,15,A01
200700017147,0,07,000,00,2,1,02,B01
200700017148,0,07,000,00,2,3,02,A01
200700017148,0,07,000,15,0,5,02,B01
200700017149,0,07,000,00,2,8,13,A01
200700017149,0,33,000,00,2,1,01,B01
200700017150,0,33,000,00,0,1,21,A01
200700017151,0,07,000,00,2,7,00,B01
200700017151,0,07,000,00,2,8,15,A01
200700017152,0,31,000,00,9,1,00,A01
200700017152,0,01,000,00,2,1,19,B01
200700017152,0,07,000,00,2,6,23,C01
200700017153,0,13,000,00,9,2,00,A01
200700017153,0,01,000,00,2,1,00,B01
200700017154,0,07,000,00,2,3,00,A01
200700017154,0,33,000,00,2,1,21,B01
200700017155,1,10,000,00,2,0,10,A01
200700017155,0,30,000,00,2,1,00,B01
200700017156,0,07,000,00,1,1,21,A01
200700017157,0,32,000,01,0,7,17,A01
200700017157,0,38,002,00,2,6,23,B01
200700017158,0,34,000,00,2,2,00,B01
200700017158,0,07,000,00,2,8,00,A01
200700017159,0,07,000,00,1,3,15,A01
200700017160,0,30,000,00,2,1,01,A01
200700017160,0,07,000,00,2,2,01,B01
200700017161,0,07,000,00,1,1,00,A01
200700017162,0,10,000,00,2,5,01,B01
200700017162,0,30,000,00,2,1,15,A01
200700017163,0,02,000,00,2,1,01,A01
200700017163,0,10,000,00,2,5,10,B01
200700017164,0,07,000,00,2,3,10,B01
200700017164,0,30,000,00,2,1,01,A01
200700017165,0,07,000,00,2,1,15,B01
200700017165,0,07,000,00,2,1,01,A01
200700017166,0,07,000,00,2,3,15,A01
200700017166,0,30,000,00,2,1,01,B01
200700017167,0,10,000,00,2,1,01,A01
200700017167,0,10,000,00,2,9,23,B01
200700017167,0,07,000,00,0,4,23,C01
200700017168,0,30,000,00,9,1,01,A01
200700017169,0,30,000,00,2,0,02,A01
200700017169,0,07,000,00,2,1,02,B01
200700017170,0,33,000,00,1,1,02,A01
200700017171,0,07,000,00,2,0,15,A01
200700017172,0,10,000,00,9,2,15,A01
200700017172,0,01,000,00,2,1,00,B01
200700017173,0,07,000,00,2,1,15,A01
200700017173,0,02,000,00,2,1,02,B01
200700017174,0,07,000,00,9,8,24,A01
200700017174,0,01,000,01,0,1,01,B01
200700017175,0,31,000,00,0,1,00,A01
200700017175,0,31,000,00,2,7,02,B01
200700017176,0,07,000,00,1,1,01,A01
200700017177,0,07,000,00,0,4,23,A01
200700017177,0,31,000,00,2,1,02,B01
200700017178,0,07,000,00,2,8,00,A01
200700017178,0,33,000,00,2,1,01,B01
200700017179,0,03,000,01,0,1,01,A01
200700017180,0,30,000,12,0,1,01,A01
200700017181,0,07,000,01,0,1,01,A01
200700017182,0,02,000,00,2,7,01,A01
200700017182,0,07,000,00,2,3,06,B01
200700017183,0,07,000,00,1,1,01,A01
200700017184,0,07,000,00,1,3,01,A01
200700017185,0,07,000,00,1,4,04,A01
200700017186,0,07,000,02,0,1,01,A01
200700017187,0,10,000,00,1,3,01,A01
200700017188,0,07,000,00,2,1,15,A01
200700017188,0,33,000,00,2,4,15,B01
200700017189,0,07,000,00,0,2,02,A01
200700017189,0,33,000,00,0,3,02,B01
200700017190,0,07,000,00,2,2,17,A01
200700017190,0,37,000,00,2,3,01,B01
200700017191,0,34,000,00,9,8,01,A01
200700017192,0,07,000,00,1,4,04,A01
200700017193,0,07,000,01,1,1,01,A01
200700017194,0,01,000,00,2,7,15,A01
200700017194,0,07,000,00,9,1,01,B01
200700017195,0,07,000,00,1,2,01,A01
200700017196,0,31,000,00,1,1,01,A01
200700017197,0,07,000,00,1,1,16,A01
200700017198,0,07,000,00,1,0,01,A01
200700017199,0,07,000,00,2,3,15,A01
200700017199,0,30,000,00,2,7,17,B01
200700017200,0,07,000,00,2,1,01,A01
200700017200,0,07,000,00,2,8,01,B01
200700017201,0,32,000,00,2,1,01,A01
200700017201,0,07,000,00,2,2,16,B01
200700017202,0,07,000,00,1,1,01,A01
200700017203,0,07,000,00,2,1,01,A01
200700017203,0,07,000,00,2,4,23,B01
200700017203,0,07,000,00,2,4,23,C01
200700017204,0,37,001,00,1,2,16,A01
200700017205,0,33,000,00,2,3,01,A01
200700017205,0,10,000,00,2,5,20,B01
200700017206,0,07,000,00,1,2,11,A01
200700017207,0,32,000,00,2,0,02,A01
200700017207,0,07,000,00,2,4,02,C01
200700017207,0,07,000,00,2,1,01,B01
200700017208,0,30,000,00,2,1,01,A01
200700017208,0,07,000,00,0,8,01,B01
200700017209,0,07,000,00,0,4,12,A01
200700017209,0,07,000,00,2,1,01,B01
200700017210,0,07,000,00,2,2,01,A01
200700017210,0,07,000,00,2,8,15,B01
200700017211,0,07,000,00,2,4,01,B01
200700017211,0,07,000,00,2,1,01,A01
200700017212,0,07,000,00,1,2,02,A01
200700017213,0,10,000,00,2,2,15,A01
200700017213,0,07,000,00,2,1,02,B01
200700017214,0,07,000,00,2,1,02,A01
200700017214,0,07,000,00,2,4,02,B01
200700017215,0,02,000,00,1,2,02,A01
200700017216,0,07,000,00,9,7,16,A01
200700017216,0,37,050,00,2,3,02,B01
200700017217,0,30,000,00,1,1,02,A01
200700017218,0,02,000,00,2,1,17,A01
200700017218,0,07,000,00,9,3,09,B01
200700017219,0,07,000,00,9,8,22,A01
200700017219,0,30,000,00,2,1,02,B01
200700017220,0,07,000,00,2,2,02,A01
200700017220,0,33,000,00,2,8,02,B01
200700017221,0,07,000,00,2,2,10,A01
200700017221,0,31,000,00,2,1,01,B01
200700017222,0,32,000,00,2,8,10,A01
200700017222,0,02,000,00,2,1,01,B01
200700017223,0,07,000,00,2,1,15,A01
200700017223,0,31,000,00,2,8,08,B01
200700017224,0,02,000,00,2,1,01,A01
200700017224,0,07,000,00,2,3,01,B01
200700017225,0,33,000,00,2,3,08,A01
200700017225,0,07,000,00,2,2,15,B01
200700017226,0,07,000,00,2,1,02,A01
200700017226,0,07,000,00,2,4,02,B01
200700017227,0,33,000,00,2,7,01,B01
200700017227,0,07,000,00,2,8,01,A01
200700017228,0,32,000,00,2,1,01,A01
200700017228,0,10,000,00,2,5,01,B01
200700017229,0,07,000,15,0,1,01,A01
200700017230,0,02,000,00,1,1,15,A01
200700017231,0,07,000,00,2,7,16,A01
200700017231,0,33,000,00,2,7,16,B01
200700017232,0,07,000,01,0,2,01,A01
200700017233,0,07,000,00,2,1,15,A01
200700017233,0,01,000,00,2,3,19,B01
200700017234,0,07,000,00,2,8,15,A01
200700017234,0,33,000,00,2,1,01,B01
200700017235,0,07,000,00,2,2,09,A01
200700017235,0,33,000,00,2,1,01,B01
200700017236,0,07,000,00,2,2,23,A01
200700017236,0,01,000,15,0,8,01,B01
200700017237,0,01,000,00,2,1,19,A01
200700017237,0,07,000,00,2,7,01,B01
200700017238,0,10,000,00,2,3,05,A01
200700017238,0,10,000,00,2,3,01,B01
200700017239,0,07,000,00,2,1,01,A01
200700017239,0,07,000,00,0,4,23,B01
200700017240,0,07,000,09,2,2,15,A01
200700017240,0,33,000,00,2,1,01,B01
200700017241,1,07,000,00,2,1,17,A01
200700017241,0,32,000,00,2,1,01,B01
200700017242,0,33,000,00,2,2,01,B01
200700017242,0,07,000,00,2,8,09,A01
200700017243,0,03,000,00,1,2,01,A01
200700017244,0,07,000,00,1,2,01,A01
200700017245,0,07,000,00,1,7,01,A01
200700017246,0,10,000,00,2,1,01,A01
200700017246,0,10,000,00,0,4,23,B01
200700017247,2,07,000,00,2,7,17,A01
200700017247,0,07,000,15,2,8,01,B01
200700017248,0,07,000,00,2,1,01,A01
200700017248,0,07,000,06,2,4,15,B01
200700017249,0,07,000,00,1,3,01,A01
200700017250,0,02,000,00,2,1,01,A01
200700017250,0,07,000,00,2,8,15,B01