Num_Acc,senc,catv,occutc,obs,obsm,choc,manv,num_veh
200700017251,0,07,000,00,2,3,09,A01
200700017251,0,31,000,00,2,2,01,B01
200700017252,0,07,000,00,2,2,15,A01
200700017252,0,01,000,00,2,3,01,B01
200700017253,0,33,000,00,2,1,01,A01
200700017253,0,07,000,00,2,3,01,B01
200700017254,0,01,000,00,2,1,09,A01
200700017254,0,07,000,00,9,3,01,B01
200700017255,0,07,000,00,2,3,13,A01
200700017255,0,07,000,00,2,3,01,B01
200700017255,0,07,000,00,2,3,01,C01
200700017256,0,07,000,00,2,3,15,A01
200700017256,0,30,000,00,2,2,01,B01
200700017257,0,33,000,00,2,3,01,B01
200700017257,0,07,000,00,2,3,15,A01
200700017258,0,07,000,00,1,1,09,A01
200700017259,0,07,000,00,2,4,01,B01
200700017259,0,07,000,00,2,1,01,A01
200700017260,0,32,000,00,2,7,01,B01
200700017260,0,07,000,00,2,1,01,A01
200700017261,0,07,000,00,1,1,01,A01
200700017262,0,31,000,00,2,1,01,B01
200700017262,0,07,000,00,2,1,01,A01
200700017263,0,30,000,00,2,1,01,B01
200700017263,0,07,000,00,2,6,04,A01
200700017264,0,07,000,00,2,8,15,B01
200700017264,0,30,000,00,2,1,01,A01
200700017265,0,33,000,00,1,1,01,A01
200700017266,0,07,000,00,1,1,15,A01
200700017267,0,31,000,00,2,1,17,A01
200700017267,0,07,000,00,2,3,15,B01
200700017268,0,34,000,11,0,1,01,A01
200700017269,0,33,000,00,2,1,17,A01
200700017269,0,10,000,00,2,3,15,B01
200700017270,0,07,000,09,0,1,01,A01
200700017271,0,07,000,00,1,1,01,A01
200700017272,0,07,000,00,1,1,01,A01
200700017273,0,33,000,00,1,0,01,A01
200700017274,0,33,000,00,0,1,01,A01
200700017274,0,37,001,00,0,4,01,B01
200700017275,0,07,000,00,0,1,01,A01
200700017276,0,07,000,00,0,1,16,A01
200700017276,0,07,000,00,0,7,13,B01
200700017277,0,07,000,00,0,0,16,A01
200700017277,0,33,000,00,0,1,01,B01
200700017278,0,33,000,00,0,7,15,A01
200700017278,0,37,001,00,0,1,16,B01
200700017279,0,07,000,00,0,1,01,A01
200700017280,0,07,000,00,0,8,15,A01
200700017280,0,33,000,00,0,8,01,B01
200700017281,0,07,000,00,1,1,01,A01
200700017282,0,07,000,08,0,1,01,A01
200700017283,0,33,000,00,2,7,17,A01
200700017283,0,07,000,00,2,3,15,B01
200700017283,0,07,000,00,2,3,01,C01
200700017284,0,07,000,00,1,1,01,A01
200700017285,0,07,000,00,1,1,01,A01
200700017286,0,02,000,00,2,3,01,A01
200700017286,0,10,000,00,2,1,13,B01
200700017287,0,34,000,00,1,3,01,A01
200700017288,0,02,000,00,2,1,17,A01
200700017288,0,07,000,00,2,2,01,B01
200700017289,0,07,000,00,2,0,01,B01
200700017289,0,02,000,00,2,8,01,A01
200700017290,0,02,000,00,2,1,15,A01
200700017290,0,01,000,00,2,6,02,B01
200700017291,0,07,000,00,2,2,01,A01
200700017291,0,01,000,00,2,4,00,B01
200700017292,0,07,000,00,2,1,02,A01
200700017292,0,07,000,00,2,5,23,B01
200700017293,0,32,000,00,2,1,01,B01
200700017293,0,07,000,00,2,2,20,A01
200700017294,0,07,000,00,2,5,02,B01
200700017294,0,32,000,00,2,1,02,A01
200700017295,0,07,000,00,1,1,01,A01
200700017296,0,34,000,00,1,1,02,A01
200700017297,0,02,000,01,0,1,01,A01
200700017297,0,07,000,00,2,4,02,B01
200700017298,0,07,000,00,2,5,00,B01
200700017298,0,31,000,00,2,1,01,A01
200700017299,0,31,000,00,2,1,02,A01
200700017299,0,07,000,00,2,4,01,B01
200700017300,0,07,000,00,2,2,01,A01
200700017300,0,01,000,00,2,3,19,B01
200700017301,0,30,000,00,1,8,01,A01
200700017302,0,14,000,00,2,1,00,A01
200700017302,0,31,000,00,2,4,23,B01
200700017303,0,02,000,00,1,8,01,A01
200700017304,0,14,000,00,2,2,01,A01
200700017304,0,07,000,15,2,3,16,B01
200700017305,0,32,000,00,2,7,01,A01
200700017305,1,99,000,00,2,0,13,B01
200700017306,0,07,000,00,1,4,20,A01
200700017307,0,33,000,00,1,1,01,A01
200700017308,0,07,000,00,2,6,10,A01
200700017308,0,33,000,00,2,1,17,B01
200700017309,0,31,000,00,2,5,17,A01
200700017309,0,07,000,00,2,2,15,B01
200700017310,0,10,000,00,2,2,15,A01
200700017310,0,34,000,00,2,3,01,B01
200700017311,0,07,000,00,1,4,01,A01
200700017312,0,07,000,00,2,2,09,A01
200700017312,0,07,000,00,2,1,01,B01
200700017313,0,07,000,04,1,2,01,A01
200700017314,0,32,000,00,0,0,02,A01
200700017315,0,02,000,00,0,0,01,A01
200700017316,0,33,000,00,2,8,01,A01
200700017316,0,07,000,00,2,6,09,B01
200700017317,0,07,000,06,0,3,01,A01
200700017318,0,07,000,00,2,3,15,A01
200700017318,0,33,000,00,2,1,17,B01
200700017319,0,07,000,00,2,1,01,A01
200700017319,0,07,000,00,2,4,01,B01
200700017320,0,07,000,01,1,3,23,A01
200700017321,0,07,000,08,0,2,01,A01
200700017322,0,32,000,00,0,0,01,A01
200700017323,0,07,000,00,2,2,01,B01
200700017323,0,07,000,00,2,3,09,A01
200700017324,0,07,000,00,2,1,01,A01
200700017324,0,33,000,00,2,7,01,B01
200700017325,0,07,000,00,2,1,09,A01
200700017325,0,32,000,00,2,7,01,B01
200700017326,0,02,000,00,2,1,01,A01
200700017326,0,07,000,00,2,5,01,B01
200700017327,0,07,000,00,2,3,09,A01
200700017327,0,07,000,00,2,1,01,B01
200700017328,0,33,000,00,1,1,01,A01
200700017329,0,07,000,01,0,8,23,A01
200700017330,0,14,000,00,2,0,02,A01
200700017330,0,32,000,00,2,1,02,B01
200700017331,0,07,000,06,0,1,02,A01
200700017332,0,07,000,00,2,1,15,A01
200700017332,0,33,000,00,2,6,01,B01
200700017333,0,07,000,00,2,1,01,A01
200700017333,0,07,000,00,2,4,01,B01
200700017334,0,32,000,00,2,1,01,B01
200700017334,0,07,000,00,2,3,01,A01
200700017335,0,01,000,00,2,1,00,A01
200700017335,0,07,000,00,2,5,00,B01
200700017336,0,07,000,00,2,1,01,A01
200700017336,0,07,000,00,2,7,01,B01
200700017337,0,07,000,00,2,3,02,A01
200700017337,0,33,000,00,2,0,17,B01
200700017338,0,07,000,00,2,1,01,A01
200700017338,0,07,000,00,2,4,01,B01
200700017339,0,07,000,06,2,8,01,A01
200700017339,0,07,000,00,2,7,01,B01
200700017340,0,31,000,00,2,1,05,B01
200700017340,0,07,000,00,2,1,01,A01
200700017341,0,07,000,00,1,1,01,A01
200700017342,0,32,000,00,2,7,09,A01
200700017342,0,33,000,00,0,3,00,B01
200700017343,0,32,000,00,0,0,00,A01
200700017344,0,07,000,04,0,3,01,A01
200700017345,0,07,000,00,0,3,22,A01
200700017345,0,32,000,00,0,1,01,B01
200700017345,0,07,000,00,0,8,01,C01
200700017346,0,34,000,08,2,2,01,B01
200700017346,0,14,000,00,0,0,24,C01
200700017346,0,07,000,04,2,3,16,A01
200700017347,0,02,000,00,0,2,01,A01
200700017347,0,10,000,00,0,6,01,B01
200700017348,0,07,000,00,2,1,02,A01
200700017348,0,32,000,00,2,1,00,B01
200700017349,0,07,000,00,2,6,02,B01
200700017349,0,07,000,00,2,1,02,A01
200700017350,0,32,000,00,2,1,17,A01
200700017350,0,07,000,00,0,3,15,B01
200700017351,0,15,000,00,1,7,00,A01
200700017352,0,10,000,00,1,2,01,A01
200700017353,0,07,000,00,1,1,02,A01
200700017354,0,07,000,00,2,3,00,A01
200700017354,0,33,000,00,2,4,00,B01
200700017355,0,33,000,00,2,3,18,A01
200700017355,0,07,000,01,0,7,21,B01
200700017356,0,31,000,00,2,2,02,B01
200700017356,1,07,000,00,2,0,00,A01
200700017357,0,33,000,00,0,1,01,A01
200700017357,0,07,000,00,0,5,01,B01
200700017358,0,07,000,00,2,3,00,A01
200700017358,0,33,000,00,2,2,00,B01
200700017359,0,07,000,00,0,1,02,A01
200700017359,0,07,000,00,0,6,12,B01
200700017360,0,07,000,00,1,3,02,A01
200700017361,0,07,000,00,1,3,01,A01
200700017362,0,07,000,00,2,1,00,B01
200700017362,0,01,000,00,2,7,00,A01
200700017363,0,07,000,00,2,2,09,A01
200700017363,0,07,000,00,2,8,00,B01
200700017364,0,37,029,08,0,2,00,A01
200700017364,1,07,000,00,2,5,12,B01
200700017365,0,07,000,00,2,1,02,A01
200700017365,0,07,000,00,0,4,23,B01
200700017366,0,07,000,00,2,2,01,A01
200700017366,0,10,000,00,2,3,01,B01
200700017367,0,07,000,00,2,1,01,B01
200700017367,0,07,000,01,0,1,00,A01
200700017368,0,07,000,00,1,3,00,A01
200700017369,0,07,000,00,9,0,15,B01
200700017369,0,32,000,00,0,8,21,A01
200700017370,0,10,000,00,9,8,01,A01
200700017370,0,01,000,00,2,1,00,B01
200700017371,0,02,000,00,2,1,01,B01
200700017371,1,07,000,00,0,5,10,A01
200700017372,0,07,000,00,2,1,05,A01
200700017372,0,07,000,00,2,1,01,B01
200700017373,0,07,000,00,2,1,01,A01
200700017373,0,30,000,00,2,8,01,B01
200700017374,0,07,000,00,2,3,11,A01
200700017374,0,07,000,00,2,2,01,B01
200700017375,0,07,000,00,1,1,01,A01
200700017376,0,07,000,00,1,1,01,A01
200700017377,0,07,000,08,0,1,11,A01
200700017378,0,07,000,06,1,3,01,A01
200700017379,0,07,000,00,2,6,09,A01
200700017379,0,07,000,00,2,1,01,B01
200700017380,0,10,000,00,2,2,00,A01
200700017380,0,32,000,00,2,2,01,B01
200700017381,0,07,000,06,2,3,02,A01
200700017381,0,07,000,00,2,2,19,B01
200700017382,0,01,000,00,0,0,00,A01
200700017383,0,33,000,00,0,8,01,A01
200700017383,0,07,000,00,0,2,09,B01
200700017384,0,07,000,00,1,7,01,A01
200700017385,0,10,000,03,2,2,00,A01
200700017385,0,99,000,00,2,0,00,B01
200700017386,0,37,000,00,2,0,00,A01
200700017387,0,07,000,01,0,3,02,A01
200700017387,0,07,000,00,2,6,23,B01
200700017388,0,07,000,00,1,1,01,A01
200700017389,0,07,000,00,0,4,02,A01
200700017389,0,02,000,00,2,1,02,B01
200700017390,0,07,000,00,1,1,00,A01
200700017391,0,07,000,00,1,1,01,A01
200700017392,0,07,000,00,2,4,04,A01
200700017392,0,33,000,00,2,1,01,B01
200700017393,0,07,000,00,0,1,00,A01
200700017393,0,07,000,00,0,8,00,B01
200700017394,1,99,000,00,0,0,00,A01
200700017395,0,07,000,00,1,3,01,A01
200700017396,0,07,000,00,2,1,20,A01
200700017396,0,33,000,00,2,1,01,B01
200700017397,0,07,000,00,2,3,15,A01
200700017397,0,07,000,00,2,3,01,B01
200700017398,0,07,000,00,1,1,01,A01
200700017399,0,07,000,00,1,1,01,A01
200700017400,1,30,000,00,2,0,05,A01
200700017400,0,01,000,00,2,1,01,B01
200700017401,0,07,000,08,2,1,16,A01
200700017401,0,07,000,08,2,5,01,B01
200700017402,0,07,000,00,2,1,01,A01
200700017402,0,07,000,00,2,4,23,B01
200700017403,0,30,000,00,2,1,18,A01
200700017403,0,07,000,00,0,7,01,B01
200700017404,0,10,000,00,0,4,04,A01
200700017404,0,07,000,02,2,1,21,B01
200700017405,0,02,000,00,2,1,17,A01
200700017405,0,07,000,00,2,6,15,B01
200700017406,0,30,000,00,2,1,01,A01
200700017406,0,07,000,00,2,4,23,B01
200700017407,0,07,000,00,1,1,01,A01
200700017408,0,02,000,00,2,1,17,A01
200700017408,0,10,000,00,2,8,01,B01
200700017409,0,14,000,00,1,3,00,A01
200700017410,0,02,000,00,0,0,00,A01
200700017410,0,07,000,00,0,2,15,B01
200700017411,0,07,000,00,0,3,10,A01
200700017411,0,37,029,00,2,2,02,B01
200700017412,0,07,000,00,0,2,01,A01
200700017413,0,07,000,00,1,1,00,A01
200700017414,0,07,000,00,0,2,02,A01
200700017415,0,07,000,00,2,3,15,A01
200700017415,0,02,000,00,2,1,01,B01
200700017416,0,07,000,00,0,8,13,A01
200700017416,0,99,000,00,0,8,00,B01
200700017417,0,02,000,00,2,8,09,A01
200700017417,0,07,000,00,9,3,01,B01
200700017418,0,07,000,02,0,1,01,A01
200700017419,0,07,000,00,1,2,02,A01
200700017420,0,07,000,00,2,3,23,A01
200700017420,0,02,000,00,2,1,16,B01
200700017421,0,07,000,00,2,2,01,A01
200700017421,0,07,000,08,2,8,11,B01
200700017422,0,07,000,00,1,3,00,A01
200700017423,0,07,000,00,1,7,01,A01
200700017424,0,07,000,00,0,1,02,A01
200700017425,0,07,000,00,1,1,01,A01
200700017426,0,31,000,00,2,2,02,A01
200700017426,0,07,000,00,0,4,15,B01
200700017427,0,07,000,00,0,8,15,A01
200700017427,0,30,000,00,0,1,01,B01
200700017428,0,30,000,00,0,2,01,A01
200700017429,0,07,000,00,0,3,10,A01
200700017429,0,34,000,00,0,1,01,B01
200700017430,0,07,000,00,0,0,00,A01
200700017431,0,07,000,00,0,7,01,A01
200700017431,0,02,000,00,0,1,00,B01
200700017432,0,07,000,00,9,3,17,A01
200700017432,0,32,000,00,2,1,01,B01
200700017433,0,32,000,00,2,1,00,A01
200700017433,0,07,000,00,2,3,00,B01
200700017434,0,07,000,00,1,3,15,A01
200700017435,0,07,000,08,0,1,01,A01
200700017435,0,07,000,00,0,1,11,B01
200700017436,0,07,000,00,1,2,15,A01
200700017437,0,07,000,00,0,6,01,A01
200700017437,0,07,000,00,0,1,01,B01
200700017438,0,13,000,00,9,3,24,B01
200700017438,0,30,000,15,2,1,13,A01
200700017439,0,33,000,00,2,8,01,A01
200700017439,0,07,000,00,2,2,14,B01
200700017440,0,30,000,00,2,7,01,B01
200700017440,0,07,000,00,2,1,00,A01
200700017441,0,02,000,00,0,7,01,A01
200700017442,0,33,000,00,2,1,01,B01
200700017442,0,10,000,00,2,7,15,A01
200700017443,0,07,000,00,2,4,04,A01
200700017443,0,33,000,00,2,1,02,B01
200700017444,0,07,000,00,1,3,15,A01
200700017445,0,07,000,00,1,1,00,A01
200700017446,0,07,000,00,1,1,01,A01
200700017447,0,07,000,00,1,2,01,A01
200700017448,0,07,000,00,1,2,01,A01
200700017449,0,07,000,00,2,6,01,A01
200700017449,0,02,000,00,2,1,15,B01
200700017450,0,07,000,00,1,1,02,A01
200700017451,0,33,000,01,2,1,00,B01
200700017451,0,07,000,00,2,2,09,A01
200700017452,0,30,000,00,0,0,09,A01
200700017453,0,07,000,00,0,3,22,A01
200700017453,0,37,001,00,0,7,17,B01
200700017454,0,07,000,00,0,3,02,A01
200700017454,0,07,000,00,0,4,02,B01
200700017454,0,07,000,00,0,5,02,C01
200700017455,0,30,000,00,2,3,01,B01
200700017455,0,07,000,00,2,2,01,A01
200700017456,0,07,000,15,2,1,01,A01
200700017456,0,07,000,00,0,4,02,B01
200700017457,0,10,000,00,0,5,20,B01
200700017457,0,30,000,00,2,1,18,A01
200700017458,0,07,000,00,0,0,00,A01
200700017458,0,33,000,00,0,0,00,B01
200700017459,0,02,000,01,0,8,01,A01
200700017460,0,37,000,00,9,1,02,A01
200700017461,0,03,000,00,1,8,02,B01
200700017462,0,07,000,00,2,7,15,A01
200700017462,0,30,000,00,2,1,01,B01
200700017463,0,07,000,00,2,7,15,A01
200700017463,0,30,000,00,2,1,00,B01
200700017464,0,07,000,00,0,1,02,A01
200700017464,0,07,000,00,0,4,02,B01
200700017465,0,07,000,00,2,1,01,A01
200700017465,0,07,000,00,2,4,01,B01
200700017465,0,07,000,00,2,4,01,C01
200700017466,0,07,000,00,9,2,09,A01
200700017466,0,01,000,00,2,1,00,B01
200700017467,0,99,000,00,2,1,02,A01
200700017467,0,99,000,00,0,4,00,B01
200700017468,0,15,000,00,2,2,15,A01
200700017468,0,07,000,00,2,3,02,B01
200700017469,0,07,000,00,2,3,02,B01
200700017469,0,07,000,00,2,1,15,A01
200700017470,1,02,000,00,1,1,00,A01
200700017471,0,07,000,00,1,8,15,A01
200700017472,0,32,000,00,1,1,02,A01
200700017473,0,07,000,00,0,1,02,A01
200700017473,0,07,000,00,0,4,02,B01
200700017474,0,07,000,00,2,1,01,A01
200700017474,0,07,000,00,2,3,01,B01
200700017475,0,07,000,00,2,2,02,A01
200700017475,0,31,000,00,0,6,02,B01
200700017476,0,31,000,00,2,1,01,A01
200700017476,0,07,000,00,2,2,15,B01
200700017477,0,33,000,00,2,7,02,A01
200700017477,0,07,000,00,2,8,02,B01
200700017478,0,32,000,01,0,1,02,A01
200700017478,0,07,000,00,0,5,20,B01
200700017479,0,07,000,00,1,3,16,A01
200700017480,0,07,000,00,0,7,10,A01
200700017480,0,33,000,00,0,1,01,B01
200700017481,0,07,000,00,2,3,01,A01
200700017481,0,32,000,00,2,5,17,B01
200700017482,0,30,000,00,1,1,01,A01
200700017483,0,30,000,00,0,1,02,A01
200700017483,0,10,000,00,0,4,02,B01
200700017484,0,07,000,00,0,7,02,B01
200700017484,0,01,000,00,2,1,02,A01
200700017485,1,07,000,00,1,0,00,A01
200700017486,0,07,000,00,1,1,01,A01
200700017487,0,07,000,00,2,3,13,A01
200700017487,0,07,000,00,2,3,01,B01
200700017488,0,07,000,13,9,1,02,A01
200700017489,0,33,000,00,1,1,02,A01
200700017490,0,07,000,00,1,2,01,A01
200700017491,0,30,000,00,2,0,01,B01
200700017491,0,07,000,00,2,2,19,A01
200700017492,0,07,000,00,2,3,01,B01
200700017492,0,07,000,00,2,3,13,A01
200700017492,0,07,000,00,2,6,23,C01
200700017493,0,07,000,00,2,2,01,B01
200700017493,0,31,000,00,2,1,13,A01
200700017494,0,07,000,00,1,1,01,A01
200700017495,0,02,000,00,2,1,01,A01
200700017495,0,07,000,00,2,2,15,B01
200700017496,0,07,000,00,0,0,15,B01
200700017496,0,37,001,00,2,4,01,C01
200700017496,0,07,000,00,2,1,01,A01
200700017497,0,14,000,00,2,1,01,A01
200700017497,0,14,000,00,2,4,23,B01
200700017498,0,01,000,00,2,1,05,A01
200700017498,0,07,000,00,2,1,01,B01
200700017499,0,07,000,00,2,1,01,A01
200700017499,0,07,000,00,2,1,15,B01
200700017500,0,07,000,00,2,1,01,A01
200700017500,0,30,000,00,2,1,01,B01
200700017501,0,30,000,00,2,1,11,A01
200700017501,0,07,000,00,2,4,01,B01
200700017502,0,07,000,00,2,1,15,A01
200700017502,0,34,000,00,2,1,01,B01
200700017503,0,07,000,00,2,2,01,A01
200700017503,0,01,000,00,2,1,05,B01
200700017504,0,07,000,00,1,1,02,B01
200700017504,0,14,000,00,2,3,00,A01
200700017505,0,07,000,00,1,3,10,A01
200700017506,0,07,000,00,2,2,10,A01
200700017506,0,07,000,00,2,3,01,B01
200700017507,0,07,000,00,1,4,04,A01
200700017508,0,07,000,00,2,7,19,B01
200700017508,0,07,000,00,2,3,00,A01
200700017509,0,30,000,00,2,3,01,A01
200700017509,0,07,000,00,9,5,02,B01
200700017510,0,10,000,00,1,1,15,A01
200700017511,0,07,000,00,1,1,01,A01
200700017512,0,07,000,00,1,3,02,A01
200700017513,0,38,001,00,1,0,00,A01
200700017514,0,33,000,00,0,0,00,A01
200700017515,0,99,000,00,0,0,00,A01
200700017516,0,37,001,00,0,7,07,A01
200700017517,0,99,000,00,0,1,00,A01
200700017517,0,99,000,00,0,8,00,B01
200700017518,0,07,000,00,0,8,09,A01
200700017518,0,07,000,00,2,2,17,B01
200700017519,0,07,000,00,2,1,01,A01
200700017519,0,07,000,00,0,6,15,B01
200700017520,0,07,000,00,0,1,01,A01
200700017521,0,07,000,00,1,2,00,A01
200700017522,0,33,000,00,2,1,01,B01
200700017522,0,07,000,00,2,8,01,A01
200700017523,0,07,000,00,9,2,00,B01
200700017523,0,30,000,00,2,1,00,A01
200700017524,0,13,000,00,2,1,01,B01
200700017524,0,07,000,00,2,7,10,A01
200700017524,0,07,000,00,2,1,23,C01
200700017525,0,07,000,00,0,4,00,A01
200700017525,0,32,000,00,2,1,00,B01
200700017526,0,30,000,00,2,2,09,A01
200700017526,0,07,000,01,2,1,01,B01
200700017527,0,07,000,00,0,8,00,A01
200700017527,0,30,000,00,0,7,00,B01
200700017528,0,02,000,00,1,0,00,A01
200700017529,0,07,000,00,1,1,01,A01
200700017530,0,07,000,00,0,0,23,A01
200700017530,0,34,000,00,0,0,13,B01
200700017531,0,07,000,00,2,1,00,A01
200700017531,0,07,000,00,2,3,00,B01
200700017532,2,07,000,00,2,3,02,A01
200700017532,0,07,000,00,0,5,23,B01
200700017533,0,07,000,00,1,2,01,A01
200700017534,0,07,000,00,2,1,01,A01
200700017534,0,07,000,00,2,2,15,B01
200700017535,0,07,000,00,2,1,13,A01
200700017535,0,37,001,00,2,1,00,B01
200700017536,0,30,000,03,1,8,00,A01
200700017537,0,07,000,00,9,1,01,A01
200700017537,0,01,000,00,2,7,19,B01
200700017538,0,07,000,00,0,7,10,A01
200700017538,0,07,000,00,0,3,01,B01
200700017539,0,10,000,00,2,8,09,B01
200700017539,0,30,000,00,0,0,00,A01
200700017540,0,07,000,00,2,4,01,B01
200700017540,0,33,000,00,2,1,17,A01
200700017541,0,07,000,00,1,1,00,A01
200700017542,0,07,000,00,2,1,02,A01
200700017542,0,15,000,00,2,4,02,B01
200700017543,0,33,000,00,2,1,21,A01
200700017543,0,33,000,00,0,8,21,C01
200700017543,0,07,000,00,2,4,21,B01
200700017543,1,07,000,00,0,0,19,D01
200700017544,0,07,000,00,1,1,15,A01
200700017545,0,07,000,00,2,1,01,A01
200700017545,0,07,000,00,2,7,01,B01
200700017546,0,07,000,00,1,1,01,A01
200700017547,0,07,000,00,0,0,00,A01
200700017547,0,07,000,00,0,0,00,B01
200700017548,0,07,000,00,1,1,01,A01
200700017549,0,07,000,00,1,1,01,A01
200700017550,0,07,000,00,1,1,01,A01
200700017551,1,07,000,00,0,0,00,A01
200700017552,0,07,000,00,2,3,01,A01
200700017552,0,33,000,00,2,8,00,B01
200700017553,0,07,000,00,2,2,00,B01
200700017553,0,30,000,00,0,0,00,A01
200700017554,0,07,000,00,0,7,15,A01
200700017554,0,07,000,00,0,1,01,B01
200700017555,0,07,000,00,0,1,02,A01
200700017555,0,07,000,00,0,4,02,B01
200700017556,0,07,000,00,0,7,15,A01
200700017556,0,07,000,00,0,1,01,B01
200700017557,0,07,000,00,1,5,20,A01
200700017558,0,07,000,00,2,1,19,A01
200700017558,0,07,000,00,2,8,00,B01
200700017559,0,14,000,00,2,2,01,B01
200700017559,0,07,000,00,2,1,01,A01
200700017560,0,05,000,00,2,7,03,A01
200700017560,0,15,000,00,2,6,02,B01
200700017561,0,07,000,00,2,3,15,A01
200700017561,0,05,000,00,2,1,01,B01
200700017562,0,05,000,00,1,1,05,A01
200700017563,0,07,000,00,2,1,01,A01
200700017563,0,07,000,00,2,4,23,B01
200700017563,0,07,000,00,2,4,23,C01
200700017564,0,07,000,00,2,3,01,A01
200700017564,0,07,000,00,2,3,15,B01
200700017565,0,07,000,00,2,2,01,B01
200700017565,0,07,000,00,2,3,00,A01
200700017566,0,04,000,00,2,1,01,A01
200700017566,0,07,000,00,2,4,01,B01
200700017567,0,05,000,08,0,1,01,A01
200700017568,0,07,000,00,2,1,01,A01
200700017568,0,07,000,00,0,4,01,B01
200700017569,0,07,000,00,1,3,01,A01
200700017570,0,07,000,00,0,3,00,A01
200700017570,0,01,000,00,0,0,00,B01
200700017571,0,07,000,00,2,4,23,B01
200700017571,0,30,000,00,2,1,02,A01
200700017572,0,14,000,00,2,7,14,A01
200700017572,0,07,000,00,2,9,01,B01
200700017572,0,07,000,00,2,1,01,C01
200700017573,0,31,000,00,0,1,09,A01
200700017573,0,07,000,00,0,4,01,B01
200700017574,0,07,000,00,1,1,01,A01
200700017575,0,18,051,00,2,1,01,A01
200700017575,0,02,000,00,2,4,23,B01
200700017576,0,07,000,00,2,2,15,A01
200700017576,0,01,000,00,2,1,01,B01
200700017577,0,07,000,00,2,2,01,A01
200700017577,0,07,000,00,2,3,01,B01
200700017578,0,07,000,00,2,3,15,A01
200700017578,0,31,000,00,2,1,01,B01
200700017579,0,07,000,00,1,2,01,A01
200700017580,0,07,000,00,1,1,01,A01
200700017581,0,07,000,00,2,3,01,A01
200700017581,1,07,000,00,2,3,16,B01
200700017582,0,07,000,00,2,2,01,A01
200700017582,0,01,000,00,2,1,15,B01
200700017583,2,01,000,00,1,0,01,A01
200700017584,0,07,000,00,2,4,01,A01
200700017584,0,07,000,00,2,1,01,B01
200700017585,0,14,000,00,1,0,00,A01
200700017586,0,15,000,00,2,6,15,A01
200700017586,0,33,000,00,2,7,01,B01
200700017587,0,07,000,00,1,1,00,A01
200700017588,0,15,000,00,2,2,15,A01
200700017588,0,07,000,00,2,7,17,B01
200700017588,0,07,000,00,2,3,17,C01
200700017589,0,37,055,00,1,5,02,A01
200700017590,0,07,000,00,1,1,01,A01
200700017591,0,07,000,00,1,1,01,A01
200700017592,0,07,000,00,2,4,00,A01
200700017592,0,07,000,00,2,1,00,B01
200700017593,0,02,000,00,0,0,00,A01
200700017594,0,07,000,00,0,0,00,A01
200700017594,0,33,000,00,0,0,00,B01
200700017595,1,07,000,00,2,2,00,A01
200700017595,0,33,000,00,2,8,00,B01
200700017596,0,07,000,01,0,1,11,A01
200700017597,0,07,000,00,1,1,02,A01
200700017597,0,07,000,00,2,4,02,B01
200700017597,0,07,000,00,2,4,02,C01
200700017598,0,07,000,00,0,0,00,A01
200700017598,0,07,000,00,0,0,00,B01
200700017599,0,30,000,00,0,0,00,A01
200700017599,1,30,000,00,0,0,00,B01
200700017600,1,07,000,00,1,0,01,A01
200700017601,0,13,000,00,0,0,00,A01
200700017601,0,07,000,00,0,0,00,B01
200700017601,0,07,000,00,0,0,00,C01
200700017602,0,33,000,00,0,0,00,A01
200700017602,0,07,000,00,0,0,00,B01
200700017603,1,07,000,00,1,0,00,A01
200700017604,0,30,000,00,0,0,00,A01
200700017605,0,07,000,00,2,5,16,A01
200700017605,0,31,000,00,2,3,01,B01
200700017606,0,07,000,00,0,0,00,A01
200700017607,0,07,000,00,2,7,15,A01
200700017607,0,07,000,00,2,1,01,B01
200700017608,0,07,000,00,2,1,02,A01
200700017608,0,07,000,00,0,4,02,B01
200700017609,0,07,000,00,1,1,01,A01
200700017610,0,07,000,01,0,2,00,A01
200700017611,0,07,000,01,0,1,02,A01
200700017612,0,13,000,00,2,3,00,A01
200700017612,0,13,000,00,2,2,01,B01
200700017613,0,07,000,00,1,0,01,A01
200700017614,0,07,000,01,0,1,02,A01
200700017614,0,07,000,00,2,0,02,B01
200700017615,0,07,000,00,0,0,00,A01
200700017616,0,30,000,00,0,0,00,A01
200700017616,0,07,000,00,0,0,00,B01
200700017617,0,07,000,00,2,2,02,A01
200700017617,0,34,000,00,0,3,12,B01
200700017618,0,07,000,00,1,1,02,A01
200700017619,0,02,000,00,2,1,02,A01
200700017619,0,07,000,00,0,5,02,B01
200700017620,0,07,000,00,2,2,01,A01
200700017620,0,31,000,00,2,8,01,B01
200700017621,0,07,000,02,1,1,01,A01
200700017622,0,07,000,00,2,8,01,A01
200700017622,0,07,000,00,2,1,01,B01
200700017623,0,07,000,00,2,2,15,A01
200700017623,0,05,000,00,2,3,17,B01
200700017624,0,07,000,14,0,1,01,A01
200700017625,0,05,000,00,2,0,01,A01
200700017626,0,07,000,00,1,4,00,A01
200700017627,0,07,000,00,2,7,01,A01
200700017628,1,05,000,00,1,0,01,A01
200700017629,0,07,000,00,2,3,11,A01
200700017629,0,02,000,00,2,1,01,B01
200700017630,0,07,000,00,1,4,04,A01
200700017631,0,18,000,00,1,7,16,A01
200700017632,0,07,000,00,2,2,01,B01
200700017632,0,07,000,00,2,3,12,A01