Num_Acc,senc,catv,occutc,obs,obsm,choc,manv,num_veh
200700017633,0,07,000,00,2,7,15,A01
200700017633,0,07,000,00,2,1,01,B01
200700017634,0,07,000,00,0,4,01,A01
200700017634,0,07,000,00,2,1,01,B01
200700017635,0,02,000,00,2,3,15,A01
200700017635,0,04,000,00,0,0,00,B01
200700017635,0,07,000,00,2,2,01,C01
200700017636,0,07,000,00,2,4,04,A01
200700017636,0,07,000,00,2,1,01,B01
200700017637,0,31,000,00,2,1,01,A01
200700017637,0,31,000,00,2,1,01,B01
200700017638,0,30,000,00,2,7,01,A01
200700017638,0,07,000,00,2,8,00,B01
200700017639,1,07,000,00,2,7,01,B01
200700017639,0,07,000,00,2,1,15,A01
200700017640,0,07,000,00,2,3,16,A01
200700017640,0,33,000,00,2,2,01,B01
200700017641,0,07,000,00,2,1,01,A01
200700017641,0,07,000,00,0,4,00,B01
200700017642,0,07,000,00,1,4,04,A01
200700017643,0,07,000,00,2,3,01,A01
200700017643,0,07,000,00,2,2,01,B01
200700017644,0,01,000,00,2,7,00,B01
200700017644,0,07,000,00,2,1,01,A01
200700017645,0,07,000,00,1,3,15,A01
200700017646,0,31,000,00,2,1,01,B01
200700017646,0,07,000,00,2,8,09,A01
200700017647,0,07,000,00,1,0,01,A01
200700017648,0,07,000,00,1,7,01,A01
200700017649,0,31,000,00,0,1,01,A01
200700017650,0,07,000,00,2,1,01,A01
200700017650,0,13,000,00,2,1,01,B01
200700017651,1,07,000,00,2,1,01,A01
200700017651,0,33,000,00,2,1,01,B01
200700017652,0,33,000,00,0,1,01,A01
200700017653,0,07,000,00,0,2,01,A01
200700017653,0,02,000,00,2,1,00,B01
200700017654,0,07,000,00,2,1,01,A01
200700017654,0,07,000,01,2,1,01,B01
200700017655,0,07,000,00,1,2,16,A01
200700017656,0,07,000,00,1,1,01,A01
200700017657,0,07,000,00,2,1,01,A01
200700017657,0,10,000,02,2,8,01,B01
200700017658,0,07,000,00,2,7,09,A01
200700017658,0,30,000,00,2,8,09,B01
200700017659,0,10,000,00,2,3,01,A01
200700017660,0,07,000,00,2,1,01,A01
200700017660,0,07,000,00,0,8,01,B01
200700017661,0,10,000,02,0,7,00,A01
200700017662,0,07,000,00,2,3,10,A01
200700017662,0,02,000,00,2,1,01,B01
200700017663,0,33,000,00,2,2,02,A01
200700017663,0,33,000,00,2,4,15,B01
200700017664,0,07,000,00,2,8,23,A01
200700017664,0,07,000,00,2,7,23,B01
200700017664,0,01,000,00,2,2,17,C01
200700017665,0,32,000,00,2,1,21,A01
200700017665,0,07,000,00,2,2,15,B01
200700017666,0,01,000,00,2,1,01,B01
200700017666,1,07,000,00,2,0,00,A01
200700017667,0,07,000,00,2,1,02,A01
200700017667,0,07,000,00,2,4,02,B01
200700017668,0,34,000,00,1,1,01,A01
200700017669,0,07,000,08,0,1,11,A01
200700017670,0,13,000,00,2,2,10,A01
200700017670,0,30,000,00,2,3,01,B01
200700017671,0,07,000,00,2,1,16,A01
200700017671,0,07,000,01,2,3,01,B01
200700017672,0,07,000,08,0,1,01,A01
200700017673,0,07,000,00,2,1,14,A01
200700017673,0,33,000,00,2,8,01,B01
200700017674,0,07,000,00,1,1,01,A01
200700017675,0,02,000,00,1,1,03,A01
200700017676,0,07,000,00,2,1,01,A01
200700017676,0,07,000,00,2,8,01,B01
200700017677,0,07,000,00,2,1,01,A01
200700017677,0,07,000,00,2,1,01,B01
200700017677,1,07,000,00,2,8,19,C01
200700017678,0,07,000,00,2,2,01,B01
200700017678,0,07,000,00,2,1,15,A01
200700017679,0,07,000,00,2,8,01,A01
200700017679,0,07,000,00,2,1,01,B01
200700017680,0,07,000,00,2,2,01,A01
200700017680,0,33,000,00,2,1,01,B01
200700017681,0,07,000,00,1,1,00,A01
200700017682,0,07,000,00,1,1,17,A01
200700017683,0,02,000,00,2,7,01,A01
200700017683,0,07,000,00,2,2,01,B01
200700017684,0,02,000,01,0,1,20,A01
200700017685,0,33,000,00,2,2,17,A01
200700017685,0,07,000,00,2,3,20,B01
200700017686,0,07,000,00,2,1,13,A01
200700017686,0,20,000,00,2,4,23,B01
200700017687,0,01,000,00,2,1,15,A01
200700017688,0,30,000,00,0,7,01,A01
200700017689,0,10,000,00,2,1,02,A01
200700017689,0,31,000,00,0,4,02,B01
200700017690,0,07,000,15,0,1,00,A01
200700017691,0,07,000,08,0,2,01,A01
200700017692,0,07,000,00,2,1,02,A01
200700017692,0,07,000,00,2,4,02,B01
200700017693,0,07,000,00,2,1,15,A01
200700017693,0,07,000,00,2,3,01,B01
200700017694,0,02,000,00,2,1,00,A01
200700017694,0,07,000,00,2,1,00,B01
200700017695,0,07,000,00,2,1,15,A01
200700017695,0,32,000,00,2,1,01,B01
200700017696,0,10,000,00,2,1,01,A01
200700017696,0,07,000,01,2,4,01,B01
200700017696,0,07,000,00,2,4,01,C01
200700017696,0,07,000,00,2,4,01,D01
200700017697,0,07,000,00,2,1,00,A01
200700017697,0,07,000,00,2,1,00,B01
200700017697,0,07,000,00,2,1,00,C01
200700017698,0,07,000,00,1,3,01,A01
200700017699,0,07,000,00,2,1,02,A01
200700017699,0,07,000,00,0,4,01,B01
200700017700,0,07,000,00,2,1,00,A01
200700017700,0,07,000,00,2,4,00,B01
200700017701,0,07,000,00,1,2,00,A01
200700017702,0,07,000,00,1,2,15,A01
200700017703,0,33,000,00,2,7,01,B01
200700017703,0,07,000,00,2,1,01,A01
200700017704,0,33,000,00,2,1,17,A01
200700017704,0,07,000,00,2,3,15,B01
200700017705,0,07,000,00,1,3,01,A01
200700017706,0,10,000,00,2,2,00,A01
200700017706,0,07,000,00,2,8,16,B01
200700017707,0,33,000,00,1,1,01,A01
200700017708,0,07,000,00,2,3,01,B01
200700017708,0,32,000,00,2,1,13,A01
200700017709,0,07,000,00,2,1,01,A01
200700017709,0,07,000,00,2,7,01,B01
200700017710,0,07,000,15,0,2,14,A01
200700017711,0,07,000,00,0,0,15,C01
200700017711,0,33,000,00,2,1,01,B01
200700017711,0,07,000,00,2,2,15,A01
200700017712,0,07,000,00,1,1,01,A01
200700017713,0,30,000,00,2,1,01,B01
200700017713,0,10,000,00,2,3,10,A01
200700017714,0,07,000,00,2,6,10,B01
200700017714,0,30,000,00,2,1,01,A01
200700017715,0,07,000,00,2,3,01,A01
200700017715,0,07,000,01,2,7,01,B01
200700017716,0,07,000,00,1,3,17,A01
200700017717,1,07,000,00,2,1,01,A01
200700017717,0,07,000,00,2,3,15,B01
200700017718,0,07,000,00,2,7,15,A01
200700017718,0,33,000,00,2,1,01,B01
200700017719,0,32,000,00,2,8,18,A01
200700017719,0,07,000,00,2,7,16,B01
200700017720,0,07,000,00,2,2,01,A01
200700017720,0,07,000,00,2,1,01,B01
200700017721,0,07,000,00,1,2,01,A01
200700017722,0,07,000,06,9,3,23,A01
200700017723,0,10,000,00,1,2,01,A01
200700017724,0,07,000,00,2,2,09,A01
200700017724,0,33,000,00,2,7,01,B01
200700017725,0,07,000,00,2,1,09,A01
200700017725,0,30,000,00,2,7,09,B01
200700017726,0,07,000,00,2,8,10,A01
200700017726,0,33,000,00,2,1,01,B01
200700017727,0,07,000,00,2,3,17,A01
200700017727,0,33,000,00,2,8,01,B01
200700017728,0,07,000,00,2,2,15,A01
200700017728,0,02,000,00,2,1,01,B01
200700017729,0,31,000,00,2,8,01,B01
200700017730,1,33,000,00,2,1,01,A01
200700017730,0,01,000,00,2,1,19,B01
200700017731,0,07,000,11,0,1,13,A01
200700017732,0,32,000,00,2,8,17,A01
200700017732,0,07,000,00,2,0,01,B01
200700017733,0,07,000,00,2,2,01,B01
200700017733,0,07,000,00,2,2,15,A01
200700017734,0,10,000,00,2,2,00,A01
200700017735,1,99,000,00,1,1,01,A01
200700017736,0,07,000,00,1,1,16,A01
200700017737,0,07,000,04,0,3,16,A01
200700017738,0,33,000,00,2,1,01,A01
200700017738,0,07,000,00,2,8,15,B01
200700017739,0,07,000,00,1,5,04,A01
200700017740,0,01,000,00,2,8,19,B01
200700017740,0,15,000,00,9,2,16,A01
200700017741,0,01,000,00,2,0,15,A01
200700017741,0,07,000,00,2,1,16,B01
200700017741,0,31,000,00,0,0,01,C01
200700017741,1,31,000,00,2,0,01,D01
200700017742,0,07,000,00,1,1,14,A01
200700017743,0,01,000,00,2,7,15,B01
200700017743,0,07,000,00,1,1,01,A01
200700017744,0,07,000,00,1,1,01,A01
200700017745,0,07,000,00,2,1,01,A01
200700017745,0,07,000,00,2,4,23,B01
200700017746,0,07,000,00,1,2,01,A01
200700017747,0,01,000,00,9,1,02,B01
200700017747,0,01,000,00,9,4,17,A01
200700017748,0,07,000,00,1,0,00,A01
200700017749,0,33,000,00,1,1,01,A01
200700017750,0,10,000,00,2,5,02,A01
200700017750,0,01,000,00,2,8,02,B01
200700017751,0,02,000,00,2,1,01,A01
200700017751,0,07,000,00,2,2,01,B01
200700017752,0,33,000,01,0,1,01,A01
200700017753,0,07,000,08,0,1,01,A01
200700017754,0,10,000,00,2,1,02,A01
200700017754,0,07,000,00,2,4,15,B01
200700017755,0,07,000,12,1,2,21,A01
200700017756,0,07,000,08,0,1,13,A01
200700017757,0,33,000,00,2,1,01,B01
200700017757,0,07,000,00,2,2,15,A01
200700017758,0,07,000,00,2,1,01,A01
200700017758,0,07,000,00,0,4,23,B01
200700017759,1,10,000,00,2,1,02,A01
200700017759,0,30,000,00,2,4,01,B01
200700017760,0,07,000,00,1,3,01,A01
200700017761,0,01,000,00,2,1,05,A01
200700017761,0,07,000,00,2,3,01,B01
200700017762,0,02,000,00,2,1,01,B01
200700017762,0,07,000,00,2,3,15,A01
200700017763,0,07,000,00,2,1,01,A01
200700017763,0,07,000,00,2,4,01,B01
200700017763,0,07,000,00,2,4,01,C01
200700017764,0,07,000,00,2,1,15,A01
200700017764,0,30,000,00,2,1,01,B01
200700017765,0,07,000,00,2,1,01,A01
200700017765,0,07,000,00,2,6,01,B01
200700017766,0,07,000,00,2,1,01,A01
200700017766,0,07,000,00,2,4,01,B01
200700017767,0,02,000,14,0,1,01,A01
200700017768,0,07,000,00,9,2,01,A01
200700017768,0,01,000,00,2,5,01,B01
200700017769,0,07,000,00,1,1,01,A01
200700017770,0,07,000,00,2,1,02,A01
200700017770,0,07,000,00,2,4,01,B01
200700017770,0,07,000,00,0,4,01,C01
200700017771,0,07,000,00,1,2,01,A01
200700017772,0,07,000,00,2,1,13,A01
200700017772,0,07,000,00,2,1,01,B01
200700017773,0,07,000,00,2,5,15,A01
200700017773,0,07,000,00,2,1,01,B01
200700017774,2,07,000,00,2,7,15,A01
200700017774,0,99,000,00,2,1,01,B01
200700017775,0,33,000,00,2,1,01,A01
200700017775,0,07,000,00,2,6,15,B01
200700017776,0,07,000,00,2,1,01,A01
200700017776,0,07,000,00,2,4,23,B01
200700017777,0,07,000,00,1,6,01,A01
200700017778,0,01,000,06,0,1,01,A01
200700017779,0,07,000,00,2,0,01,A01
200700017779,0,07,000,00,2,1,01,B01
200700017780,0,01,000,00,2,1,01,A01
200700017780,0,07,000,00,0,4,01,B01
200700017781,0,31,000,00,2,4,02,A01
200700017781,0,30,000,00,2,1,02,B01
200700017782,0,07,000,00,2,1,02,A01
200700017782,0,07,000,00,2,4,02,B01
200700017783,0,07,000,00,2,8,13,A01
200700017783,0,07,000,00,2,3,01,B01
200700017784,0,07,000,00,2,1,01,A01
200700017784,0,07,000,00,2,8,09,B01
200700017785,0,07,000,00,2,1,02,A01
200700017785,0,07,000,00,2,4,02,B01
200700017785,0,07,000,00,2,4,02,C01
200700017786,0,02,000,00,2,8,02,A01
200700017786,0,31,000,00,2,7,02,B01
200700017787,0,07,000,00,2,1,01,A01
200700017787,0,07,000,00,2,4,01,B01
200700017787,0,07,000,00,0,4,01,C01
200700017788,0,07,000,00,2,1,02,A01
200700017788,0,07,000,00,2,4,02,B01
200700017789,0,07,000,01,2,1,09,A01
200700017789,0,07,000,01,2,1,01,B01
200700017790,0,31,000,00,0,0,17,A01
200700017790,0,07,000,00,0,0,01,B01
200700017791,0,07,000,00,2,3,01,A01
200700017791,0,31,000,00,2,1,01,B01
200700017791,0,07,000,00,2,3,01,C01
200700017792,0,07,000,00,2,1,02,A01
200700017792,0,07,000,00,2,4,02,B01
200700017792,0,07,000,00,2,4,02,C01
200700017793,0,30,000,00,2,1,17,A01
200700017793,0,07,000,00,2,1,01,B01
200700017794,0,10,000,00,2,1,13,A01
200700017794,0,07,000,00,2,8,01,B01
200700017794,0,07,000,00,2,3,01,C01
200700017795,0,07,000,00,2,2,15,A01
200700017795,0,07,000,00,2,3,01,B01
200700017796,0,33,000,00,2,1,02,A01
200700017796,0,07,000,00,0,4,02,B01
200700017797,0,07,000,00,1,6,04,A01
200700017798,0,02,000,00,2,1,18,A01
200700017798,0,10,000,03,2,7,01,B01
200700017798,0,07,000,00,2,3,01,C01
200700017799,0,07,000,00,2,1,09,A01
200700017799,0,02,000,00,2,1,01,B01
200700017800,0,07,000,00,1,1,15,A01
200700017801,0,07,000,00,1,1,15,A01
200700017802,0,30,000,00,1,1,07,A01
200700017803,0,07,000,00,1,4,04,A01
200700017804,0,33,000,00,2,2,01,A01
200700017804,0,07,000,00,2,3,15,B01
200700017805,0,30,000,00,1,1,01,A01
200700017806,0,07,000,00,2,4,23,A01
200700017806,1,10,000,00,2,1,01,B01
200700017807,0,07,000,04,0,1,01,A01
200700017807,0,07,000,00,2,4,01,B01
200700017807,0,07,000,00,2,1,01,C01
200700017808,0,34,000,00,9,0,01,A01
200700017809,0,07,000,00,2,4,02,A01
200700017809,0,07,000,00,2,4,02,B01
200700017809,0,13,000,00,2,1,02,D01
200700017809,0,07,000,00,2,4,02,C01
200700017810,0,07,000,04,0,1,01,A01
200700017811,0,17,000,14,2,6,23,A01
200700017811,0,10,000,03,2,7,17,B01
200700017812,0,07,000,14,2,4,01,A01
200700017812,0,15,000,14,0,2,12,B01
200700017812,0,15,000,14,2,1,01,C01
200700017813,0,07,000,00,2,2,01,A01
200700017813,0,10,000,00,2,3,11,B01
200700017813,0,07,000,00,2,3,01,C01
200700017813,0,07,000,00,2,2,01,D01
200700017814,0,07,000,00,0,9,00,A01
200700017815,0,07,000,00,2,7,01,A01
200700017815,0,33,000,00,2,8,00,B01
200700017816,0,31,000,00,2,7,03,A01
200700017816,0,07,000,00,2,3,11,B01
200700017817,0,07,000,00,2,2,02,A01
200700017817,0,20,000,00,0,6,11,B01
200700017818,0,07,000,00,0,2,01,A01
200700017818,0,30,000,00,0,6,12,B01
200700017819,0,07,000,00,0,5,01,A01
200700017819,0,07,000,00,2,3,02,B01
200700017820,0,07,000,03,0,6,00,A01
200700017820,0,15,000,00,2,7,12,B01
200700017821,0,07,000,00,2,5,12,A01
200700017821,0,33,000,00,2,3,01,B01
200700017822,0,07,000,04,0,3,21,A01
200700017823,0,07,000,00,1,1,01,A01
200700017824,0,07,000,00,2,8,11,A01
200700017824,0,31,000,00,2,2,03,B01
200700017825,0,07,000,00,2,8,09,A01
200700017825,0,07,000,00,2,7,21,B01
200700017826,0,07,000,04,0,9,02,A01
200700017826,0,07,000,14,0,3,02,B01
200700017827,0,07,000,00,2,6,02,A01
200700017828,0,33,000,13,0,7,16,A01
200700017829,0,07,000,00,0,3,02,A01
200700017830,0,07,000,04,2,3,13,A01
200700017830,0,33,000,00,2,8,18,B01
200700017831,0,07,000,00,0,0,00,A01
200700017831,0,07,000,00,2,1,00,B01
200700017831,0,07,000,00,2,4,00,C01
200700017831,0,07,000,00,2,2,00,D01
200700017832,0,07,000,00,2,1,02,A01
200700017832,0,07,000,00,2,4,02,B01
200700017832,0,07,000,00,0,4,02,C01
200700017833,0,07,000,00,2,4,02,A01
200700017833,0,07,000,00,2,4,02,B01
200700017833,0,07,000,00,2,1,02,C01
200700017834,0,07,000,00,0,4,02,A01
200700017834,0,07,000,00,2,1,02,B01
200700017834,1,99,000,00,0,0,00,C01
200700017835,0,33,000,00,0,0,00,A01
200700017836,0,33,000,04,0,3,01,A01
200700017837,0,07,000,04,2,1,11,A01
200700017837,0,07,000,00,2,8,01,B01
200700017838,0,17,000,00,0,5,23,A01
200700017838,0,17,000,00,2,1,01,B01
200700017839,0,07,000,00,2,1,02,A01
200700017839,0,07,000,00,2,4,02,B01
200700017839,0,07,000,00,0,4,02,C01
200700017840,0,33,000,00,2,3,13,A01
200700017840,0,10,000,00,0,7,01,B01
200700017841,0,15,000,00,2,2,12,A01
200700017841,0,07,000,00,2,6,01,B01
200700017841,0,07,000,00,2,2,01,C01
200700017842,0,33,000,03,0,7,12,A01
200700017843,0,13,000,00,2,1,02,A01
200700017843,0,10,000,00,0,4,23,B01
200700017844,0,34,000,06,0,7,00,A01
200700017845,0,07,000,00,2,3,01,A01
200700017845,0,07,000,00,2,2,01,B01
200700017846,0,07,000,09,0,1,13,A01
200700017847,0,07,000,00,2,8,11,A01
200700017847,0,33,000,00,2,7,02,B01
200700017848,0,07,000,04,0,3,01,A01
200700017849,0,32,000,00,2,1,00,A01
200700017849,0,07,000,00,9,4,09,B01
200700017850,0,07,000,00,0,4,01,A01
200700017850,0,07,000,00,2,7,12,B01
200700017850,0,33,000,00,2,1,03,C01
200700017851,0,07,000,00,2,7,23,A01
200700017851,0,07,000,00,2,1,01,B01
200700017852,0,32,000,00,2,8,03,A01
200700017852,0,07,000,00,2,7,01,B01
200700017852,0,07,000,00,2,8,01,C01
200700017853,0,33,000,00,2,7,03,A01
200700017853,0,10,000,00,0,5,12,B01
200700017853,0,07,000,00,0,8,01,C01
200700017854,0,07,000,00,2,8,09,A01
200700017854,0,07,000,00,2,1,01,B01
200700017854,0,07,000,00,2,3,01,C01
200700017855,0,15,000,16,0,8,00,A01
200700017856,0,14,000,00,2,2,12,A01
200700017856,0,07,000,00,2,8,01,B01
200700017856,0,07,000,00,2,1,01,C01
200700017856,0,33,000,00,2,1,01,D01
200700017856,0,07,000,00,2,5,01,E01
200700017857,0,33,000,00,2,9,03,A01
200700017857,0,07,000,00,0,6,12,B01
200700017858,0,33,000,00,0,0,03,A01
200700017859,0,07,000,00,0,4,01,A01
200700017859,0,07,000,00,2,1,02,B01
200700017860,0,07,000,04,0,1,09,A01
200700017861,0,07,000,00,0,5,00,A01
200700017861,0,07,000,00,2,1,02,B01
200700017861,0,15,000,00,2,3,01,C01
200700017862,0,07,000,00,2,6,02,A01
200700017862,0,33,000,00,2,3,02,B01
200700017862,2,99,000,00,2,2,12,C01
200700017863,0,07,000,00,2,1,02,A01
200700017863,0,10,000,00,0,4,02,B01
200700017864,0,10,000,00,2,1,02,A01
200700017864,0,07,000,00,0,4,02,B01
200700017865,0,07,000,00,2,4,02,A01
200700017865,0,07,000,00,2,1,02,B01
200700017866,0,15,000,04,0,1,06,A01
200700017867,0,07,000,00,2,1,00,A01
200700017867,0,07,000,00,0,4,00,B01
200700017868,0,07,000,00,2,6,11,A01
200700017868,0,33,000,00,2,1,03,B01
200700017869,0,07,000,04,2,5,12,A01
200700017869,0,07,000,00,2,3,01,B01
200700017870,0,07,000,00,0,4,01,A01
200700017870,0,33,000,00,0,1,02,B01
200700017870,0,07,000,00,0,0,01,C01
200700017871,0,33,000,00,2,1,02,A01
200700017871,0,10,000,00,2,4,02,B01
200700017872,0,07,000,03,0,1,00,A01
200700017872,0,07,000,00,0,5,02,B01
200700017872,0,07,000,00,2,3,02,C01
200700017873,0,02,000,04,0,4,11,A01
200700017873,0,07,000,00,2,1,01,B01
200700017874,0,07,000,04,0,1,00,A01
200700017875,0,07,000,00,0,0,00,A01
200700017876,0,33,000,00,0,1,01,A01
200700017876,0,07,000,00,0,4,12,B01
200700017877,0,07,000,00,0,0,00,A01
200700017878,0,32,000,00,0,0,00,A01
200700017879,0,33,000,00,2,8,00,A01
200700017879,0,07,000,00,2,5,00,B01
200700017880,0,07,000,04,0,1,00,A01
200700017881,0,07,000,14,2,1,01,A01
200700017882,0,07,000,00,2,1,01,A01
200700017882,0,07,000,00,2,9,01,B01
200700017882,0,15,000,00,0,2,00,C01
200700017883,0,07,000,03,2,1,00,A01
200700017883,0,07,000,03,2,1,00,B01
200700017884,0,07,000,00,0,1,02,A01
200700017884,0,07,000,00,0,0,02,B01
200700017885,0,07,000,04,0,3,13,A01
200700017885,0,07,000,00,2,1,21,B01
200700017885,0,07,000,00,2,3,21,C01
200700017886,0,33,000,00,2,1,03,A01
200700017886,0,07,000,00,2,7,12,B01
200700017886,0,07,000,00,2,4,01,C01
200700017887,0,07,000,00,2,4,02,A01
200700017887,0,07,000,00,2,4,02,B01
200700017887,0,07,000,00,2,1,02,C01
200700017888,0,10,000,01,0,4,02,A01
200700017888,0,07,000,00,0,1,02,B01
200700017889,0,07,000,00,0,4,02,A01
200700017889,0,07,000,00,2,4,02,B01
200700017889,0,07,000,00,2,4,02,C01
200700017889,0,15,000,00,2,1,02,D01
200700017890,0,07,000,00,0,3,11,A01
200700017890,0,32,000,00,0,1,03,B01
200700017891,0,33,000,00,2,0,21,A01
200700017892,0,33,000,00,2,1,01,A01
200700017892,0,07,000,00,0,6,01,B01
200700017893,0,07,000,00,0,0,00,A01
200700017894,0,17,000,00,2,6,01,A01
200700017894,0,07,000,00,2,2,01,B01
200700017895,0,10,000,03,0,1,00,A01
200700017896,0,33,000,00,2,0,03,A01
200700017897,0,33,000,00,2,8,02,A01
200700017897,0,07,000,00,2,7,12,B01
200700017898,0,07,000,00,2,2,12,A01
200700017898,0,07,000,00,2,6,01,B01
200700017898,0,07,000,00,2,3,02,C01
200700017898,0,10,000,14,0,5,00,D01
200700017899,0,07,000,13,0,7,01,A01
200700017900,0,07,000,00,2,7,12,A01
200700017900,0,31,000,00,2,8,03,B01
200700017901,0,07,000,00,2,6,01,A01
200700017901,0,07,000,00,2,8,02,B01
200700017901,1,07,000,00,0,0,00,C01
200700017902,0,07,000,00,2,7,01,A01
200700017902,1,99,000,00,0,0,00,B01
200700017903,0,07,000,00,2,4,02,A01
200700017903,0,10,000,00,2,1,02,B01
200700017904,0,33,000,00,0,0,21,A01
200700017905,0,07,000,00,2,6,09,A01
200700017905,0,17,000,00,2,2,02,B01
200700017906,0,07,000,00,0,4,02,A01
200700017906,0,33,000,00,2,1,02,B01
200700017907,0,07,000,00,2,6,11,A01
200700017907,0,33,000,00,2,2,03,B01
200700017908,0,07,000,00,2,7,12,A01
200700017908,0,33,000,00,2,3,03,B01
200700017908,0,33,000,00,2,1,03,C01
200700017909,0,33,000,03,0,3,01,A01
200700017910,0,16,000,00,2,2,12,A01
200700017910,0,07,000,00,2,6,01,B01
200700017911,0,33,000,00,2,3,01,A01
200700017911,0,07,000,00,2,2,12,B01
200700017911,0,07,000,00,2,6,01,C01
200700017912,0,07,000,00,2,7,17,A01
200700017912,0,15,000,00,2,3,13,B01
200700017913,0,07,000,00,2,7,12,A01
200700017913,0,32,000,00,2,3,03,B01
200700017914,0,13,000,00,2,3,01,A01
200700017914,0,07,000,00,2,4,02,B01
200700017914,0,10,000,00,2,5,12,C01
200700017915,0,07,000,00,0,0,00,A01
200700017915,0,33,000,00,0,0,00,B01
200700017916,0,07,000,06,0,3,00,A01
200700017917,0,07,000,04,0,9,13,A01
200700017918,0,07,000,00,0,0,00,A01
200700017919,0,07,000,03,0,3,00,A01
200700017920,0,07,000,00,0,9,00,A01
200700017921,0,07,000,03,0,2,00,A01
200700017922,0,10,000,00,2,1,01,A01
200700017922,0,07,000,00,2,4,01,B01
200700017922,0,07,000,00,2,4,01,C01
200700017922,0,07,000,00,2,4,01,D01
200700017923,0,07,000,00,2,5,00,A01
200700017923,0,07,000,00,2,6,11,B01
200700017923,0,34,000,00,2,1,03,C01
200700017924,0,33,000,00,0,7,01,A01
200700017924,1,99,000,00,0,0,00,B01
200700017925,0,10,000,00,0,0,00,A01
200700017925,0,10,000,00,0,0,00,B01
200700017925,0,07,000,00,0,0,00,C01
200700017926,0,07,000,00,2,4,02,A01
200700017926,0,07,000,00,2,1,02,B01
200700017927,0,07,000,00,2,1,00,A01
200700017927,0,15,000,00,2,4,00,B01
200700017928,0,07,000,13,2,5,21,A01
200700017928,0,10,000,00,2,6,01,B01
200700017929,0,31,000,00,0,0,00,A01
200700017930,0,07,000,00,0,0,00,B01
200700017930,0,07,000,00,0,0,00,A01
200700017931,0,31,000,00,2,7,03,A01
200700017932,0,07,000,00,0,0,00,A01
200700017932,0,13,000,00,0,0,00,B01
200700017933,0,07,000,00,0,0,00,A01
200700017933,0,07,000,00,0,0,00,B01
200700017934,0,07,000,00,2,1,02,A01
200700017934,0,07,000,00,0,4,02,B01
200700017935,0,07,000,00,2,1,02,C01
200700017935,0,10,000,00,2,1,02,B01
200700017935,0,07,000,00,0,4,02,A01
200700017936,0,07,000,04,0,1,21,A01
200700017937,0,07,000,00,0,4,01,A01
200700017937,0,33,000,00,2,1,00,B01
200700017938,0,07,000,00,0,7,01,A01
200700017938,0,07,000,01,0,1,02,B01
200700017939,0,07,000,00,0,0,21,A01
200700017940,0,07,000,00,0,3,02,A01
200700017940,0,15,000,00,0,2,02,B01
200700017940,0,33,000,00,0,1,02,C01
200700017941,0,07,000,04,2,6,01,A01
200700017941,0,14,000,00,2,1,12,B01
200700017942,0,07,000,00,2,2,12,A01
200700017942,0,07,000,00,2,4,01,B01
200700017943,0,07,000,00,0,1,02,A01
200700017944,0,07,000,04,0,8,00,A01
200700017945,0,33,000,00,0,7,01,A01
200700017946,0,07,000,13,0,4,21,A01
200700017947,0,07,000,00,2,1,02,A01
200700017947,0,07,000,00,0,4,02,B01
200700017948,0,07,000,00,2,4,02,A01
200700017948,0,07,000,00,2,1,00,B01
200700017949,0,07,000,04,0,3,01,A01
200700017950,0,07,000,00,0,4,02,A01
200700017950,0,15,000,00,0,2,02,B01
200700017951,0,07,000,00,0,4,09,A01
200700017951,0,07,000,00,2,1,01,B01
200700017952,0,33,000,00,0,3,02,A01
200700017952,0,07,000,00,0,2,09,B01
200700017953,0,07,000,00,0,0,00,A01
200700017954,0,07,000,00,2,1,02,A01
200700017954,0,07,000,00,2,4,02,B01
200700017955,0,07,000,00,0,9,00,A01
200700017956,0,07,000,00,0,0,00,A01
200700017957,0,07,000,03,0,1,00,A01
200700017958,0,07,000,04,0,3,02,A01
200700017959,0,07,000,00,0,0,00,A01
200700017960,0,07,000,04,2,2,00,A01
200700017960,0,10,000,00,0,6,01,B01
200700017961,0,07,000,04,0,1,02,A01
200700017962,0,05,000,00,2,1,02,A01
200700017962,0,38,000,00,0,5,02,B01
200700017963,0,14,000,00,2,2,00,A01
200700017963,0,07,000,00,2,3,00,B01
200700017964,0,07,000,00,0,4,02,A01
200700017964,0,07,000,00,2,1,02,B01
200700017964,0,07,000,14,0,1,02,C01
200700017965,0,07,000,00,2,2,00,A01
200700017965,0,07,000,00,2,3,01,B01
200700017966,0,05,000,00,2,7,00,A01
200700017966,0,07,000,00,0,7,00,B01
200700017967,0,33,000,00,2,3,00,A01
200700017967,0,07,000,00,2,8,02,B01
200700017967,0,07,000,00,2,5,02,C01
200700017968,0,07,000,00,2,1,02,A01
200700017968,0,07,000,00,2,4,02,B01
200700017968,0,07,000,00,2,4,02,C01
200700017969,0,33,000,00,2,2,03,A01
200700017969,0,07,000,00,2,5,12,B01
200700017970,0,07,000,00,2,1,00,A01
200700017970,0,07,000,00,2,7,00,B01
200700017970,0,07,000,00,2,1,00,C01
200700017970,0,07,000,00,2,1,00,D01
200700017970,0,07,000,00,2,4,00,E01
200700017971,0,10,000,04,0,1,02,A01
200700017972,0,10,000,13,0,0,21,A01
200700017973,0,07,000,00,2,1,02,A01
200700017973,0,07,000,00,0,4,02,B01
200700017974,0,15,000,14,0,8,02,A01