Num_Acc,senc,catv,occutc,obs,obsm,choc,manv,num_veh
200700017975,0,10,000,00,0,0,00,A01
200700017976,0,07,000,00,2,1,02,A01
200700017976,0,07,000,00,2,4,02,B01
200700017976,0,07,000,00,2,4,02,C01
200700017977,0,07,000,00,2,1,02,A01
200700017977,0,07,000,00,2,4,02,B01
200700017978,0,05,000,00,2,3,03,A01
200700017978,0,10,000,00,2,5,01,B01
200700017978,0,07,000,00,2,6,01,C01
200700017979,0,05,000,00,0,2,02,A01
200700017980,0,07,000,00,0,4,02,A01
200700017980,0,07,000,00,2,1,02,B01
200700017981,0,07,000,04,2,6,23,B01
200700017981,0,05,000,01,0,2,01,A01
200700017982,0,07,000,04,2,2,01,B01
200700017982,1,99,000,00,0,0,00,A01
200700017983,1,99,000,00,2,8,11,A01
200700017983,0,07,000,00,2,2,12,B01
200700017984,1,07,000,00,2,3,13,A01
200700017984,0,10,000,04,2,1,02,B01
200700017985,0,07,000,14,0,3,00,A01
200700017986,0,05,000,04,2,7,03,A01
200700017986,0,05,000,00,2,8,11,B01
200700017987,0,07,000,03,0,3,01,A01
200700017988,0,07,000,04,0,2,01,A01
200700017989,0,33,000,00,0,0,21,B01
200700017989,2,07,000,00,0,0,11,A01
200700017990,0,07,000,00,2,1,02,A01
200700017990,0,07,000,00,0,5,02,B01
200700017991,0,05,000,00,2,3,12,A01
200700017991,0,07,000,01,2,4,02,B01
200700017992,0,07,000,00,2,1,01,A01
200700017992,0,07,000,00,0,4,01,B01
200700017993,0,05,000,00,2,2,03,A01
200700017993,0,07,000,00,0,7,12,B01
200700017993,0,07,000,00,0,4,02,C01
200700017994,0,07,000,03,0,7,01,A01
200700017995,0,07,000,00,2,7,11,A01
200700017995,0,32,000,00,2,1,01,B01
200700017996,0,07,000,00,2,1,13,A01
200700017996,0,07,000,00,2,7,01,B01
200700017997,0,07,000,00,2,1,02,A01
200700017997,0,07,000,00,2,4,02,B01
200700017998,0,07,000,00,2,1,03,A01
200700017998,0,07,000,00,0,4,02,F01
200700017998,0,07,000,00,0,6,02,B01
200700017998,0,07,000,00,0,7,02,C01
200700017998,0,07,000,06,0,4,02,D01
200700017998,0,07,000,00,0,4,02,E01
200700017999,0,07,000,00,0,9,14,A01
200700018000,0,07,000,13,0,0,00,A01
200700018001,0,07,000,04,9,3,02,A01
200700018001,0,15,000,00,0,8,02,B01
200700018002,0,07,000,00,0,6,09,B01
200700018002,0,14,000,00,2,2,01,A01
200700018003,0,16,000,00,2,2,15,B01
200700018003,0,07,000,00,2,3,01,A01
200700018004,0,14,000,03,0,7,00,A01
200700018005,0,05,000,00,2,9,02,B01
200700018005,0,07,000,00,0,4,02,A01
200700018006,0,07,000,00,2,1,02,C01
200700018006,0,07,000,00,2,1,02,B01
200700018006,0,07,000,00,0,4,00,A01
200700018007,0,07,000,00,0,4,23,A01
200700018007,0,07,000,01,0,1,02,C01
200700018007,0,07,000,01,0,1,02,B01
200700018008,0,07,000,00,2,5,01,A01
200700018008,0,07,000,00,2,4,01,B01
200700018008,0,07,000,00,2,4,02,D01
200700018008,0,07,000,00,2,4,01,C01
200700018008,0,07,000,00,2,1,01,F01
200700018008,0,07,000,00,2,1,02,E01
200700018009,0,07,000,00,2,4,02,B01
200700018009,0,07,000,00,2,1,02,A01
200700018010,0,07,000,00,2,1,02,B01
200700018010,0,07,000,00,2,4,02,A01
200700018011,0,07,000,00,0,4,02,B01
200700018011,0,07,000,00,2,1,02,A01
200700018012,0,07,000,00,6,1,02,A01
200700018013,0,07,000,03,2,7,21,A01
200700018013,0,07,000,00,2,0,00,B01
200700018014,0,07,000,04,0,1,01,A01
200700018015,0,10,000,00,2,4,02,A01
200700018015,0,07,000,00,2,1,02,B01
200700018016,0,05,000,00,0,8,01,A01
200700018017,0,07,000,00,0,0,00,A01
200700018018,0,07,000,00,0,3,00,A01
200700018019,0,07,000,04,0,1,01,A01
200700018020,0,07,000,06,0,2,00,A01
200700018021,1,17,000,00,0,4,11,A01
200700018021,0,07,000,00,2,1,01,B01
200700018022,0,05,000,00,2,8,01,A01
200700018023,0,05,000,00,2,1,02,C01
200700018023,0,07,000,00,2,1,02,B01
200700018023,0,07,000,00,0,4,02,A01
200700018024,0,04,000,00,2,8,03,B01
200700018024,0,07,000,00,0,7,01,C01
200700018024,0,07,000,00,0,6,01,A01
200700018025,0,17,000,00,2,1,01,C01
200700018025,0,14,000,00,2,2,12,B01
200700018025,0,07,000,04,2,3,01,A01
200700018026,0,05,000,00,0,1,01,A01
200700018027,0,17,000,00,2,2,01,B01
200700018027,0,07,000,00,2,6,01,A01
200700018028,0,05,000,00,2,1,03,B01
200700018028,0,07,000,00,2,5,12,A01
200700018029,0,05,000,00,2,2,03,B01
200700018029,0,07,000,00,0,6,11,A01
200700018030,0,07,000,00,2,5,02,A01
200700018030,0,05,000,00,2,1,18,B01
200700018031,0,05,000,00,2,1,21,B01
200700018031,0,07,000,00,0,4,02,A01
200700018032,0,15,000,00,0,3,03,B01
200700018032,0,07,000,00,0,3,03,A01
200700018033,0,05,000,00,2,2,03,B01
200700018033,0,07,000,00,2,6,11,A01
200700018034,0,07,000,00,0,4,02,A01
200700018034,0,15,000,00,2,1,02,B01
200700018035,0,15,000,00,2,2,12,A01
200700018035,0,07,000,10,2,8,02,B01
200700018036,0,07,000,04,0,2,00,A01
200700018037,0,07,000,00,2,7,12,A01
200700018037,0,05,000,00,2,3,03,B01
200700018038,0,14,000,00,2,3,11,B01
200700018038,0,07,000,00,2,2,00,A01
200700018039,0,07,000,04,0,0,02,A01
200700018040,0,07,000,00,2,0,00,A01
200700018040,0,07,000,00,2,0,00,C01
200700018040,0,07,000,00,2,0,00,B01
200700018041,0,07,000,03,0,1,00,A01
200700018042,0,07,000,04,2,9,01,B01
200700018042,0,15,000,00,0,2,01,A01
200700018043,0,07,000,00,0,4,02,A01
200700018043,0,07,000,00,2,1,02,B01
200700018044,0,07,000,00,2,1,02,B01
200700018044,0,07,000,00,0,4,02,A01
200700018045,0,05,000,00,2,2,12,B01
200700018045,0,07,000,00,2,5,11,A01
200700018046,0,05,000,00,2,3,01,B01
200700018046,0,07,000,00,2,5,12,A01
200700018047,0,07,000,04,0,1,02,A01
200700018048,0,05,000,07,0,8,16,A01
200700018049,0,07,000,00,2,3,18,B01
200700018049,0,07,000,00,0,2,01,A01
200700018050,0,07,000,04,0,3,00,A01
200700018051,0,07,000,06,0,2,02,A01
200700018052,0,05,000,00,2,8,03,B01
200700018052,0,07,000,00,0,7,01,A01
200700018053,0,05,000,00,0,7,13,A01
200700018054,0,10,000,00,0,4,02,A01
200700018054,0,07,000,00,2,1,02,B01
200700018055,0,05,000,00,2,1,03,B01
200700018055,0,07,000,00,2,6,01,A01
200700018056,0,07,000,00,2,1,01,B01
200700018056,0,07,000,00,2,2,00,A01
200700018057,0,05,000,00,2,3,02,D01
200700018057,0,07,000,00,2,5,02,C01
200700018057,0,07,000,00,2,4,02,B01
200700018057,0,07,000,00,2,4,02,A01
200700018058,0,07,000,00,2,1,02,B01
200700018058,0,07,000,00,2,4,02,A01
200700018059,1,14,000,00,0,0,00,A01
200700018059,0,05,000,00,0,7,03,B01
200700018060,0,07,000,00,0,8,01,A01
200700018061,0,17,000,04,0,3,01,A01
200700018062,0,07,000,04,0,3,00,A01
200700018063,0,10,000,00,1,0,01,A01
200700018064,0,07,000,00,1,0,04,A01
200700018065,0,07,000,01,2,3,15,A01
200700018065,0,33,000,00,2,0,17,B01
200700018066,0,07,000,00,2,8,20,A01
200700018066,0,07,000,00,2,2,01,B01
200700018067,0,07,000,00,1,0,00,A01
200700018068,0,07,000,00,2,1,02,A01
200700018068,0,07,000,00,2,6,02,B01
200700018069,0,33,000,00,0,0,01,A01
200700018070,0,07,000,00,1,1,01,A01
200700018071,0,07,000,00,5,1,01,A01
200700018072,0,07,000,00,2,1,01,A01
200700018072,0,07,000,00,2,1,02,B01
200700018072,0,07,000,00,2,4,02,C01
200700018072,0,07,000,00,2,4,02,D01
200700018073,0,07,000,01,2,2,01,A01
200700018073,0,07,000,00,2,4,24,B01
200700018074,0,07,000,00,0,0,01,A01
200700018075,0,33,000,00,2,0,01,A01
200700018075,0,07,000,01,2,0,20,B01
200700018076,0,07,000,00,2,1,02,A01
200700018076,0,07,000,00,2,4,02,B01
200700018077,0,07,000,00,2,7,01,B01
200700018077,0,07,000,00,1,1,18,A01
200700018078,0,07,000,00,2,3,13,A01
200700018078,0,07,000,00,2,3,01,B01
200700018079,0,07,000,12,0,1,01,A01
200700018080,0,07,000,00,2,0,09,A01
200700018080,0,07,000,00,2,4,01,B01
200700018081,0,07,000,00,0,0,01,A01
200700018082,0,07,000,00,2,1,01,B01
200700018083,0,07,000,00,1,0,09,A01
200700018084,0,30,000,00,2,1,02,A01
200700018084,0,07,000,00,0,4,02,B01
200700018085,0,07,000,00,1,1,01,A01
200700018086,0,07,000,08,2,1,01,A01
200700018086,0,10,000,08,0,3,01,B01
200700018087,0,07,000,00,2,1,01,A01
200700018087,0,07,000,01,0,8,01,B01
200700018088,0,10,000,00,2,1,01,A01
200700018088,0,07,000,14,0,8,01,B01
200700018089,0,14,000,00,0,0,23,A01
200700018089,0,10,000,00,2,7,01,B01
200700018090,0,07,000,00,0,0,00,A01
200700018091,0,07,000,06,0,0,00,A01
200700018092,0,07,000,00,0,0,00,A01
200700018093,0,33,000,00,0,0,00,A01
200700018093,0,17,000,00,0,0,00,B01
200700018094,0,07,000,00,0,0,00,A01
200700018095,0,07,000,00,0,0,00,A01
200700018096,0,07,000,00,0,0,00,A01
200700018096,0,17,000,00,0,0,00,B01
200700018097,0,07,000,00,0,0,00,A01
200700018098,0,07,000,00,0,0,00,A01
200700018098,0,17,000,00,0,0,00,B01
200700018098,0,07,000,00,0,0,00,C01
200700018099,0,10,000,00,0,0,00,A01
200700018099,0,17,000,00,0,0,00,B01
200700018100,0,17,000,00,0,0,00,A01
200700018100,0,07,000,00,0,0,00,B01
200700018100,0,07,000,00,0,0,00,C01
200700018101,0,07,000,00,2,1,01,A01
200700018101,0,07,000,00,0,4,01,B01
200700018102,0,17,000,00,2,1,01,A01
200700018102,0,07,000,00,0,4,01,B01
200700018102,0,07,000,00,0,4,01,C01
200700018103,0,33,000,00,0,0,00,A01
200700018104,0,33,000,00,0,0,00,A01
200700018104,0,07,000,00,0,0,00,B01
200700018105,0,07,000,00,2,1,01,A01
200700018105,0,07,000,00,0,4,01,B01
200700018106,0,17,000,01,0,8,00,A01
200700018106,0,07,000,00,0,8,01,B01
200700018107,0,07,000,00,2,3,11,A01
200700018107,0,07,000,00,0,7,01,B01
200700018108,0,17,000,00,2,2,12,A01
200700018108,0,07,000,00,2,2,01,B01
200700018108,0,07,000,00,0,8,01,C01
200700018108,0,17,000,00,2,1,01,D01
200700018109,0,17,000,00,0,0,00,A01
200700018109,0,07,000,00,0,0,00,B01
200700018110,0,07,000,00,0,0,05,A01
200700018110,0,07,000,00,0,2,01,B01
200700018110,0,33,000,00,2,1,01,C01
200700018111,0,07,000,00,0,0,00,A01
200700018112,0,07,000,00,0,0,00,A01
200700018113,0,17,000,00,0,0,00,A01
200700018113,0,07,000,00,0,0,00,B01
200700018113,0,17,000,00,0,0,00,C01
200700018113,0,17,000,00,0,0,00,D01
200700018114,0,17,000,00,0,0,00,A01
200700018114,0,17,000,00,0,0,00,B01
200700018115,0,07,000,00,0,0,00,A01
200700018116,0,07,000,00,0,0,00,A01
200700018116,0,07,000,00,0,0,00,B01
200700018116,0,10,000,00,0,0,00,C01
200700018117,0,17,000,00,0,0,00,A01
200700018117,0,07,000,00,0,0,00,B01
200700018117,0,10,000,00,0,0,00,C01
200700018118,0,07,000,00,0,0,00,A01
200700018118,0,10,000,00,0,0,00,B01
200700018119,0,10,000,00,0,0,00,A01
200700018120,0,07,000,00,0,0,00,A01
200700018121,0,07,000,00,0,0,00,A01
200700018121,0,13,000,00,0,0,00,B01
200700018122,0,17,000,00,2,1,01,A01
200700018122,0,07,000,00,0,0,00,B01
200700018122,0,07,000,00,0,0,00,C01
200700018123,0,07,000,03,0,0,00,A01
200700018124,0,07,000,00,0,0,00,A01
200700018124,0,07,000,00,0,0,00,B01
200700018124,0,07,000,00,0,0,00,C01
200700018125,0,07,000,04,0,0,00,A01
200700018126,0,17,000,00,0,0,00,A01
200700018127,0,07,000,00,0,0,00,A01
200700018127,0,07,000,00,0,0,00,B01
200700018128,0,17,000,00,2,1,01,A01
200700018128,0,07,000,00,0,4,01,B01
200700018129,1,07,000,00,2,1,00,A01
200700018129,0,07,000,03,0,4,01,B01
200700018130,0,07,000,16,0,0,16,A01
200700018131,0,15,000,00,9,0,00,A01
200700018132,0,07,000,00,2,1,15,A01
200700018132,0,07,000,00,2,1,01,B01
200700018133,0,07,000,00,2,2,01,A01
200700018133,0,01,000,00,2,1,01,B01
200700018134,0,07,000,00,2,3,16,A01
200700018134,0,33,000,00,2,1,01,B01
200700018135,0,07,000,00,2,1,01,A01
200700018135,0,32,000,00,2,7,01,B01
200700018136,0,07,000,06,1,8,04,A01
200700018137,0,07,000,00,1,1,01,A01
200700018138,0,07,000,00,2,4,04,A01
200700018138,0,32,000,00,2,1,01,B01
200700018139,0,31,000,00,2,8,18,A01
200700018140,0,38,000,00,2,2,16,A01
200700018140,0,33,000,00,2,1,01,B01
200700018141,0,01,000,00,2,1,01,A01
200700018141,0,07,000,00,2,1,00,B01
200700018142,0,07,000,00,1,2,01,A01
200700018143,0,07,000,00,2,4,15,A01
200700018143,0,33,000,00,2,1,01,B01
200700018144,0,32,000,00,2,1,08,A01
200700018144,0,10,000,00,2,1,01,B01
200700018145,0,30,000,00,2,1,18,A01
200700018146,0,07,000,00,1,4,04,A01
200700018147,0,07,000,00,2,1,09,A01
200700018147,0,01,000,00,2,8,01,B01
200700018148,1,07,000,00,0,0,00,A01
200700018149,0,07,000,00,0,8,24,A01
200700018149,0,01,000,00,2,1,01,B01
200700018150,0,07,000,00,2,3,19,B01
200700018150,0,07,000,10,2,2,19,A01
200700018151,0,07,000,00,2,1,02,A01
200700018151,0,07,000,00,0,4,02,B01
200700018152,0,07,000,00,2,3,15,A01
200700018152,0,30,000,00,0,1,01,B01
200700018153,0,07,000,04,0,1,14,A01
200700018154,0,07,000,03,0,1,02,A01
200700018154,0,07,000,00,2,2,02,B01
200700018155,0,07,000,00,2,3,02,A01
200700018155,0,07,000,03,0,4,02,B01
200700018156,0,07,000,00,2,1,02,A01
200700018156,0,17,000,00,0,5,02,B01
200700018157,0,07,000,00,2,1,02,A01
200700018157,0,10,000,00,2,4,01,B01
200700018157,0,07,000,00,0,4,02,C01
200700018157,0,07,000,00,0,6,02,D01
200700018158,0,07,000,03,2,2,17,A01
200700018159,0,07,000,00,2,8,02,A01
200700018159,0,07,000,00,2,1,02,B01
200700018159,0,07,000,00,2,1,02,C01
200700018160,0,14,000,00,2,1,02,A01
200700018160,0,07,000,00,0,4,02,B01
200700018161,0,14,000,00,2,1,12,A01
200700018161,0,07,000,04,2,8,11,B01
200700018162,0,07,000,07,0,3,02,A01
200700018163,0,10,000,00,9,1,02,B01
200700018163,0,10,000,00,0,0,02,A01
200700018164,0,07,000,00,2,2,02,A01
200700018164,0,14,000,00,0,6,02,B01
200700018165,0,07,000,04,2,2,12,A01
200700018165,0,05,000,00,2,8,02,B01
200700018166,0,07,000,00,2,1,14,A01
200700018166,0,10,000,00,0,4,01,B01
200700018167,0,05,000,00,2,1,02,A01
200700018167,0,07,000,00,0,4,02,B01
200700018168,0,07,000,00,2,1,02,A01
200700018168,0,07,000,00,2,4,02,B01
200700018168,0,07,000,00,2,4,02,C01
200700018168,0,07,000,00,0,4,02,D01
200700018169,0,07,000,04,0,1,02,A01
200700018170,0,17,000,04,0,7,02,A01
200700018171,0,07,000,00,2,1,02,A01
200700018171,0,07,000,00,2,4,02,B01
200700018171,0,07,000,00,0,6,02,C01
200700018172,0,17,000,00,2,2,12,A01
200700018172,0,07,000,00,0,6,02,B01
200700018172,0,07,000,00,2,4,02,C01
200700018173,0,07,000,08,0,1,02,A01
200700018174,0,07,000,00,2,6,02,A01
200700018174,0,17,000,00,2,2,12,B01
200700018175,0,07,000,08,0,3,13,A01
200700018176,0,07,000,07,0,1,14,A01
200700018177,0,07,000,00,2,6,17,A01
200700018177,0,07,000,03,0,4,01,B01
200700018178,0,07,000,04,0,3,13,A01
200700018179,0,07,000,13,0,0,13,A01
200700018180,0,07,000,04,2,3,13,A01
200700018180,0,17,000,00,0,6,01,B01
200700018181,0,07,000,00,2,1,01,A01
200700018181,0,07,000,00,2,4,23,B01
200700018181,0,07,000,00,0,4,23,C01
200700018182,0,07,000,03,0,1,13,A01
200700018183,1,07,000,00,1,1,16,A01
200700018184,0,07,000,00,2,2,14,A01
200700018184,0,01,000,00,2,3,01,B01
200700018185,0,33,000,00,9,1,01,A01
200700018185,0,17,000,00,0,8,01,B01
200700018186,0,17,000,00,2,2,12,B01
200700018186,0,07,000,04,2,3,01,A01
200700018186,0,07,000,04,0,2,01,C01
200700018187,0,17,000,00,2,1,01,B01
200700018187,0,10,000,00,2,1,13,A01
200700018188,0,13,000,00,0,5,17,B01
200700018188,0,07,000,00,2,3,01,A01
200700018189,0,07,000,03,2,1,17,A01
200700018189,0,07,000,00,2,1,17,D01
200700018189,0,07,000,00,0,3,21,C01
200700018189,0,10,000,00,2,1,17,B01
200700018190,0,10,000,10,0,3,01,A01
200700018191,0,07,000,00,2,6,11,A01
200700018191,0,07,000,00,0,2,01,B01
200700018191,0,07,000,00,2,3,01,C01
200700018192,0,07,000,00,2,1,21,A01
200700018192,0,07,000,00,0,5,02,B01
200700018193,0,07,000,00,2,1,02,A01
200700018193,0,07,000,00,0,4,02,B01
200700018194,0,07,000,00,0,4,02,B01
200700018194,0,07,000,00,2,1,02,A01
200700018195,0,07,000,03,0,4,12,A01
200700018196,0,07,000,05,2,5,14,A01
200700018196,0,07,000,03,0,3,01,B01
200700018196,0,07,000,14,0,1,21,C01
200700018197,0,07,000,00,2,1,01,A01
200700018197,0,07,000,00,2,4,23,B01
200700018197,0,07,000,00,2,4,23,C01
200700018198,0,07,000,00,2,3,15,A01
200700018198,0,34,000,00,2,3,17,B01
200700018199,0,07,000,00,1,2,01,A01
200700018200,0,40,000,00,1,2,01,A01
200700018201,0,07,000,00,2,8,24,A01
200700018201,0,01,000,01,0,1,01,B01
200700018202,0,07,000,00,2,2,01,A01
200700018202,0,07,000,00,2,1,01,B01
200700018203,0,07,000,00,2,3,11,A01
200700018203,0,30,000,00,2,1,01,B01
200700018204,0,07,000,00,2,1,02,A01
200700018204,0,07,000,00,0,4,02,B01
200700018205,0,07,000,00,0,3,01,A01
200700018206,0,07,000,00,2,2,01,A01
200700018206,0,07,000,00,0,3,01,B01
200700018207,0,07,000,01,2,1,01,A01
200700018207,0,07,000,00,2,7,01,B01
200700018207,0,07,000,00,2,2,01,C01
200700018207,0,07,000,01,2,3,01,D01
200700018208,0,07,000,00,2,3,13,A01
200700018208,0,07,000,00,1,1,01,B01
200700018209,0,07,000,00,1,2,11,A01
200700018210,0,07,000,00,2,2,01,A01
200700018210,0,07,000,00,0,6,01,B01
200700018211,0,07,000,00,1,2,01,A01
200700018212,0,30,000,00,2,8,01,A01
200700018212,0,07,000,00,2,1,01,B01
200700018213,0,07,000,00,2,1,01,A01
200700018213,0,07,000,00,2,4,01,B01
200700018214,0,07,000,00,1,2,01,A01
200700018215,0,07,000,00,2,1,02,A01
200700018215,0,07,000,00,0,2,02,B01
200700018216,0,07,000,00,2,2,11,A01
200700018216,0,07,000,00,2,6,01,B01
200700018216,0,07,000,00,2,4,02,C01
200700018217,0,07,000,04,9,1,01,A01
200700018217,0,07,000,00,2,7,01,B01
200700018217,1,99,000,00,0,0,00,C01
200700018218,0,07,000,03,0,4,01,A01
200700018218,0,07,000,00,0,1,01,B01
200700018218,0,17,000,00,2,0,01,C01
200700018219,0,10,000,01,0,1,02,A01
200700018219,0,10,000,00,0,4,23,B01
200700018220,0,07,000,00,2,1,00,A01
200700018220,0,07,000,00,2,4,01,B01
200700018220,0,07,000,00,2,6,01,C01
200700018221,0,07,000,00,2,8,09,A01
200700018221,0,15,000,00,2,2,01,B01
200700018222,0,33,000,00,2,1,02,A01
200700018222,0,07,000,00,2,4,02,B01
200700018223,0,99,000,00,1,2,01,A01
200700018224,0,07,000,00,2,1,01,A01
200700018224,1,07,000,00,0,4,23,F02
200700018224,0,07,000,04,0,5,01,B01
200700018224,0,07,000,00,2,1,17,C01
200700018224,0,07,000,00,2,4,23,D01
200700018224,0,07,000,00,2,4,23,E01
200700018225,0,07,000,00,2,1,01,A01
200700018225,0,07,000,00,0,4,01,B01
200700018226,0,07,000,12,2,7,02,A01
200700018226,0,07,000,00,0,5,02,B01
200700018227,0,14,000,04,0,1,01,A01
200700018228,0,07,000,00,2,1,02,A01
200700018228,0,07,000,00,2,4,02,B01
200700018228,0,07,000,00,2,4,02,C01
200700018228,0,07,000,00,2,4,02,D01
200700018229,0,07,000,06,0,3,00,A01
200700018230,0,33,000,00,2,3,21,A01
200700018230,0,07,000,00,0,5,01,B01
200700018230,0,14,000,00,0,8,01,C01
200700018231,0,07,000,00,2,1,21,A01
200700018231,0,07,000,00,0,8,00,B01
200700018231,0,07,000,00,2,4,02,C01
200700018231,0,17,000,00,0,2,02,D01
200700018232,0,07,000,00,2,1,02,A01
200700018232,0,07,000,00,0,4,01,B01
200700018233,1,07,000,00,2,3,01,A01
200700018233,0,07,000,00,2,5,14,B01
200700018234,0,07,000,00,2,3,00,A01
200700018234,0,20,000,00,2,4,01,B01
200700018235,0,07,000,00,2,1,02,A01
200700018235,0,07,000,00,0,4,02,B01
200700018236,0,07,000,00,2,5,12,A01
200700018236,0,17,000,00,2,3,00,B01
200700018236,1,10,000,00,0,0,00,C01
200700018237,0,07,000,00,0,9,00,A01
200700018238,0,07,000,00,2,1,02,A01
200700018238,0,07,000,00,2,4,02,B01
200700018239,0,33,000,00,0,2,00,A01
200700018240,0,17,000,14,2,2,12,A01
200700018240,0,07,000,00,9,8,01,B01
200700018241,0,07,000,04,0,9,02,A01
200700018241,0,07,000,00,2,8,02,B01
200700018242,0,33,000,00,1,1,01,A01
200700018243,0,30,000,00,0,1,17,A01
200700018243,0,07,000,00,0,8,15,B01
200700018244,0,07,000,00,1,0,01,A01
200700018245,0,30,000,00,2,7,01,A01
200700018245,0,07,000,00,2,1,01,B01
200700018246,0,07,000,00,2,8,16,A01
200700018246,0,30,000,00,2,1,01,B01
200700018247,0,30,000,00,2,1,01,B01
200700018247,0,07,000,00,2,0,13,A01
200700018248,0,07,000,00,1,3,01,A01
200700018249,0,07,000,00,1,3,00,A01
200700018250,0,30,000,00,2,1,02,B01
200700018250,0,07,000,00,9,8,02,A01
200700018251,0,33,000,00,2,1,02,A01
200700018251,0,07,000,00,2,6,02,B01
200700018252,0,07,000,00,0,2,01,A01
200700018253,0,17,000,13,0,1,01,A01
200700018254,0,10,000,00,2,1,02,A01
200700018254,0,14,000,00,0,6,01,B01
200700018255,2,15,000,00,0,0,16,A01
200700018255,0,07,000,04,0,3,21,B01
200700018256,0,07,000,00,2,6,02,B01
200700018257,0,07,000,00,2,1,02,A01
200700018257,0,07,000,12,0,1,02,B01
200700018258,0,07,000,00,2,1,01,A01
200700018258,0,07,000,00,2,4,02,B01
200700018258,0,07,000,00,2,4,02,C01
200700018259,0,07,000,00,2,1,02,A01
200700018259,0,07,000,00,2,4,02,B01
200700018259,0,07,000,00,2,8,01,C01
200700018260,0,07,000,00,0,5,02,A01
200700018260,0,07,000,00,2,1,02,B01
200700018261,0,07,000,13,0,3,01,A01
200700018261,0,07,000,00,9,0,02,F02
200700018261,0,07,000,00,2,4,02,B01
200700018261,1,07,000,00,0,0,00,G02
200700018261,0,07,000,00,2,4,02,C01
200700018261,0,07,000,00,2,1,02,D01
200700018261,0,07,000,00,9,0,02,E01
200700018262,0,33,000,03,2,8,01,A01
200700018262,0,07,000,00,2,7,14,B01
200700018263,0,07,000,03,0,1,14,A01
200700018263,0,07,000,14,0,1,01,B01
200700018263,0,07,000,00,2,1,01,C01
200700018264,0,07,000,00,0,9,13,A01
200700018264,0,14,000,00,0,0,01,B01
200700018265,0,07,000,00,0,6,00,A01
200700018265,0,07,000,00,2,3,00,B01
200700018266,0,07,000,13,0,7,01,A01
200700018267,0,07,000,03,0,6,02,A01
200700018268,0,07,000,00,0,5,01,A01
200700018268,0,31,000,03,2,1,02,B01
200700018269,2,07,000,13,0,1,01,A01
200700018270,0,07,000,00,2,1,00,A01
200700018270,0,07,000,00,2,1,00,B01
200700018271,0,07,000,00,0,6,02,A01
200700018271,2,07,000,00,2,2,14,B01
200700018272,0,07,000,00,0,4,01,A01
200700018272,0,07,000,00,2,1,01,B01
200700018273,0,07,000,08,0,1,01,A01
200700018274,0,07,000,00,2,4,02,A01
200700018274,0,07,000,00,2,1,02,B01
200700018275,0,32,000,00,0,0,00,A01
200700018276,0,10,000,14,0,9,12,A01
200700018277,0,10,000,00,9,2,14,A01
200700018278,0,07,000,05,0,1,01,A01
200700018279,0,10,000,00,0,4,02,A01
200700018279,0,10,000,00,2,1,02,B01
200700018279,0,99,000,00,0,0,12,C01
200700018280,0,07,000,00,0,4,02,A01
200700018280,0,07,000,00,2,1,02,B01
200700018281,0,17,000,00,2,8,11,A01
200700018281,0,07,000,00,2,7,01,B01
200700018282,0,07,000,00,2,4,21,A01
200700018282,0,33,000,00,2,1,02,B01
200700018283,0,07,000,04,0,1,01,A01
200700018284,0,10,000,03,0,1,01,A01
200700018285,0,07,000,00,0,4,23,A01
200700018286,0,07,000,00,0,4,01,A01
200700018286,0,07,000,00,2,4,01,B01
200700018286,0,07,000,00,2,1,01,C01
200700018287,0,07,000,00,2,5,01,A01
200700018287,0,07,000,00,2,3,14,B01
200700018287,0,33,000,00,2,8,03,C01
200700018288,0,07,000,00,0,4,01,A01
200700018288,0,07,000,00,2,4,02,B01
200700018288,0,07,000,00,2,1,02,C01
200700018289,0,15,000,00,0,4,02,A01
200700018289,0,07,000,00,2,1,02,B01
200700018290,0,07,000,00,2,2,09,A01
200700018290,0,07,000,00,2,3,01,B01
200700018291,0,32,000,00,0,7,02,A01
200700018292,0,14,000,00,0,2,01,A01
200700018292,0,07,000,00,2,8,11,B01
200700018293,0,07,000,00,2,8,11,A01
200700018293,0,33,000,00,0,7,01,B01
200700018294,0,07,000,00,0,5,01,A01
200700018294,0,34,000,00,2,1,13,B01
200700018295,0,07,000,00,1,2,21,A01
200700018296,0,07,000,00,2,1,02,B01
200700018296,0,07,000,00,0,4,01,A01
200700018297,0,07,000,00,0,4,00,A01
200700018297,0,07,000,00,2,1,02,B01
200700018298,0,17,000,00,0,4,02,A01
200700018298,0,17,000,00,2,1,02,B01
200700018299,0,39,000,00,2,1,00,B01
200700018299,0,07,000,00,4,8,00,A01
200700018300,0,02,000,00,2,1,15,A01
200700018300,0,07,000,00,2,2,01,B01
200700018301,0,07,000,00,2,1,02,A01
200700018301,0,17,000,00,2,4,23,B01
200700018302,0,07,000,00,2,1,15,A01
200700018302,0,37,000,00,2,8,01,B01
200700018303,0,07,000,00,1,1,16,A01
200700018304,0,07,000,00,2,1,15,A01
200700018304,0,07,000,00,2,1,01,B01
200700018305,0,07,000,00,2,2,15,A01
200700018305,0,07,000,00,2,1,01,B01
200700018306,0,02,000,05,0,1,01,A01
200700018307,0,02,000,00,2,1,01,B01
200700018307,0,07,000,00,0,3,15,A01
200700018308,0,07,000,06,0,1,01,A01
200700018309,0,10,000,00,2,2,19,A01
200700018309,0,07,000,00,2,1,01,B01