Num_Acc,senc,catv,occutc,obs,obsm,choc,manv,num_veh
200700018309,0,07,000,00,2,3,01,C01
200700018310,0,10,000,00,2,1,01,A01
200700018310,0,07,000,00,2,1,01,B01
200700018311,0,07,000,08,0,1,14,A01
200700018312,0,07,000,00,2,1,09,A01
200700018312,0,07,000,00,1,7,01,B01
200700018313,0,07,000,04,0,1,13,A01
200700018314,0,10,000,00,2,1,01,A01
200700018314,0,07,000,00,2,1,01,B01
200700018314,0,07,000,00,2,1,01,C01
200700018315,0,07,000,02,0,1,14,A01
200700018315,0,10,000,00,0,0,23,B01
200700018316,0,17,000,00,2,0,01,A01
200700018316,0,30,000,00,2,0,14,B01
200700018317,0,07,000,00,1,2,01,A01
200700018318,0,07,000,00,2,3,15,A01
200700018318,0,33,000,00,2,1,01,B01
200700018319,0,32,000,00,2,1,01,A01
200700018319,0,07,000,00,2,3,15,B01
200700018320,0,01,000,00,2,8,15,A01
200700018320,0,02,000,00,2,1,01,B01
200700018321,0,07,000,02,0,1,01,A01
200700018322,0,07,000,06,0,1,13,A01
200700018323,0,33,000,00,2,8,01,A01
200700018323,0,07,000,00,2,1,17,B01
200700018324,0,02,000,00,2,1,17,A01
200700018324,0,07,000,00,2,8,15,B01
200700018325,0,07,000,00,2,1,15,A01
200700018325,0,33,000,00,2,1,01,B01
200700018326,0,10,000,00,2,1,01,A01
200700018326,0,01,000,00,2,4,01,B01
200700018326,0,07,000,00,2,5,01,C01
200700018326,0,07,000,00,2,4,01,D01
200700018327,0,07,000,00,2,2,16,A01
200700018327,0,30,000,00,2,1,18,B01
200700018328,0,02,000,00,0,7,01,A01
200700018329,0,07,000,14,0,1,01,A01
200700018329,0,07,000,14,2,4,23,B01
200700018329,0,07,000,14,2,4,23,D01
200700018329,0,07,000,14,2,4,23,C01
200700018330,0,07,000,00,1,2,01,A01
200700018331,0,32,000,00,2,1,01,A01
200700018331,0,10,000,00,2,3,01,B01
200700018332,0,02,000,00,2,1,01,B01
200700018332,1,07,000,00,2,4,13,A01
200700018333,0,07,000,01,2,2,01,A01
200700018333,0,07,000,00,2,3,09,B01
200700018334,0,07,000,00,2,2,02,A01
200700018334,0,01,000,00,2,4,02,B01
200700018335,0,07,000,00,2,3,13,A01
200700018335,0,07,000,00,2,3,01,B01
200700018336,0,02,000,00,0,7,01,A01
200700018337,0,07,000,00,1,2,02,A01
200700018338,0,07,000,00,1,2,01,A01
200700018339,0,07,000,00,2,8,01,A01
200700018339,0,07,000,00,2,3,01,B01
200700018340,0,07,000,06,2,1,01,B01
200700018340,0,07,000,00,2,3,01,A01
200700018341,0,07,000,00,2,3,01,A01
200700018341,0,07,000,00,2,3,15,B01
200700018342,0,30,000,00,2,1,01,B01
200700018342,0,07,000,00,2,3,19,A01
200700018343,0,07,000,00,2,0,00,B01
200700018343,0,02,000,00,2,1,13,A01
200700018344,0,07,000,02,0,1,14,A01
200700018345,0,07,000,00,2,1,01,A01
200700018345,0,07,000,00,2,7,19,B01
200700018346,0,07,000,00,2,4,02,D01
200700018346,0,07,000,00,2,4,02,C01
200700018346,0,07,000,00,2,4,02,B01
200700018346,0,07,000,00,2,1,02,A01
200700018347,0,30,000,00,2,1,02,A01
200700018347,0,07,000,00,2,4,02,B01
200700018348,0,07,000,00,2,2,01,A01
200700018348,0,07,000,00,2,3,01,B01
200700018349,0,07,000,00,2,1,02,A01
200700018349,0,07,000,00,2,4,02,B01
200700018350,0,07,000,08,0,1,00,A01
200700018351,0,07,000,00,2,2,15,A01
200700018351,0,30,000,00,2,1,01,B01
200700018352,0,07,000,02,0,1,13,A01
200700018353,0,07,000,00,2,1,02,A01
200700018353,0,10,000,00,0,4,23,B01
200700018354,0,30,000,00,1,0,21,A01
200700018355,0,07,000,00,2,4,02,B01
200700018355,0,07,000,00,2,1,02,A01
200700018356,0,14,000,00,2,7,01,B01
200700018356,0,07,000,00,2,3,01,A01
200700018357,0,07,000,00,1,1,15,A01
200700018358,1,07,000,00,1,0,00,A01
200700018359,0,07,000,08,0,1,19,A01
200700018360,0,01,000,00,0,0,00,B01
200700018360,0,07,000,00,9,0,00,A01
200700018361,0,32,000,00,1,8,00,A01
200700018362,0,02,000,00,0,6,15,A01
200700018362,0,05,000,00,0,0,00,B01
200700018363,0,02,000,00,2,0,02,B01
200700018363,0,07,000,00,2,0,15,A01
200700018364,0,07,000,00,1,1,01,A01
200700018365,0,07,000,00,2,1,01,A01
200700018365,0,10,000,00,2,7,15,B01
200700018366,0,07,000,00,2,3,09,A01
200700018366,0,32,000,00,2,1,02,B01
200700018367,0,07,000,00,2,1,01,A01
200700018367,0,07,000,00,2,4,00,B01
200700018368,0,07,000,04,0,1,14,C01
200700018368,0,07,000,00,0,4,23,B01
200700018368,0,07,000,04,0,1,02,A01
200700018369,0,07,000,00,2,8,19,A01
200700018369,0,02,000,00,2,1,01,B02
200700018370,0,21,000,13,0,3,01,A01
200700018371,0,07,000,00,1,2,01,A01
200700018372,0,07,000,00,2,3,01,A01
200700018372,0,33,000,00,2,1,17,B02
200700018373,0,07,000,00,2,1,19,A01
200700018373,0,03,000,00,2,8,01,B02
200700018374,0,33,000,13,0,2,01,A01
200700018375,0,03,000,00,2,5,19,A01
200700018375,0,33,000,00,2,1,01,B02
200700018376,0,07,000,00,2,3,01,A01
200700018376,0,07,000,00,2,2,01,B02
200700018377,0,33,000,01,0,1,01,A01
200700018378,0,10,000,00,2,1,13,A01
200700018378,0,10,000,00,2,1,01,B02
200700018379,0,07,000,00,2,1,01,A01
200700018379,0,07,000,00,2,7,01,B02
200700018380,0,07,000,00,2,1,15,A01
200700018380,0,30,000,00,2,8,01,B02
200700018381,0,07,000,00,2,7,09,A01
200700018381,0,33,000,00,2,1,01,B02
200700018382,0,07,000,02,0,1,01,A01
200700018383,0,07,000,00,0,3,01,A01
200700018383,0,01,000,00,0,8,15,B02
200700018384,0,33,000,00,2,7,01,A01
200700018384,0,33,000,00,2,4,01,B02
200700018385,0,07,000,02,0,1,01,A01
200700018386,0,07,000,00,0,8,02,A01
200700018386,0,02,000,00,0,1,02,B02
200700018387,0,07,000,15,0,9,01,A01
200700018388,0,33,000,00,0,1,13,A01
200700018389,0,07,000,06,0,1,01,A01
200700018390,0,07,000,00,2,1,17,A01
200700018390,0,07,000,00,2,3,01,B02
200700018391,0,33,000,00,2,1,01,A01
200700018391,0,07,000,00,2,3,19,B02
200700018392,0,02,000,15,0,1,01,A01
200700018393,0,33,000,00,2,1,17,A01
200700018393,0,21,000,00,2,8,15,B02
200700018394,0,07,000,08,0,1,13,A01
200700018395,0,33,000,02,0,1,01,A01
200700018396,0,07,000,00,2,1,13,A01
200700018396,0,17,000,03,2,1,21,B02
200700018396,0,07,000,03,0,0,21,D04
200700018397,0,07,000,00,1,3,01,A01
200700018398,0,02,000,00,2,6,01,A01
200700018398,0,02,000,00,0,0,00,C03
200700018399,0,07,000,00,2,8,10,A01
200700018399,0,02,000,00,2,1,21,B02
200700018400,0,07,000,00,2,3,23,A01
200700018400,0,32,000,00,2,1,13,B02
200700018401,0,07,000,13,0,2,14,A01
200700018402,0,07,000,00,0,6,15,A01
200700018402,0,33,000,00,2,1,17,B02
200700018403,0,07,000,00,2,3,01,A01
200700018403,0,02,000,00,2,1,13,B02
200700018404,0,07,000,02,0,1,00,A01
200700018405,0,10,000,00,2,3,05,A01
200700018405,0,07,000,00,2,3,01,B02
200700018406,0,07,000,06,0,1,01,A01
200700018407,0,31,000,00,2,1,17,A01
200700018407,0,07,000,00,2,2,15,B02
200700018408,0,36,000,06,0,0,01,A01
200700018409,0,07,000,02,0,2,01,A01
200700018410,0,07,000,13,0,1,01,A01
200700018411,0,07,000,00,2,3,05,A01
200700018411,0,07,000,00,2,3,01,B02
200700018412,0,07,000,00,2,1,15,A01
200700018412,0,07,000,00,2,1,01,B02
200700018413,0,07,000,00,2,3,13,A01
200700018413,0,07,000,00,2,3,01,B02
200700018413,0,07,000,00,2,8,01,C03
200700018414,0,07,000,00,2,2,01,A01
200700018414,0,21,000,00,2,3,19,B02
200700018415,0,07,000,00,9,3,01,A01
200700018415,0,39,000,00,2,2,01,B02
200700018416,0,07,000,02,0,1,01,A01
200700018417,0,07,000,12,2,3,01,A01
200700018417,0,07,000,00,2,2,19,B02
200700018418,0,02,000,01,0,1,00,A01
200700018419,0,31,000,00,0,8,02,A01
200700018419,0,10,000,01,0,0,00,B02
200700018420,0,07,000,02,0,7,13,A01
200700018421,0,07,000,00,2,3,01,A01
200700018421,0,07,000,00,2,3,01,B02
200700018421,0,07,000,00,2,3,01,C03
200700018422,0,07,000,09,0,9,01,A01
200700018423,0,07,000,16,0,9,01,A01
200700018424,0,36,000,00,0,0,01,A01
200700018425,0,33,000,00,0,1,01,A01
200700018426,0,10,000,00,2,1,01,A01
200700018426,0,07,000,00,2,8,01,B02
200700018427,0,07,000,00,2,2,01,A01
200700018427,0,07,000,00,2,3,01,B02
200700018428,0,07,000,00,0,6,09,A01
200700018428,0,33,000,00,2,2,02,B02
200700018429,0,07,000,00,2,3,19,A01
200700018429,0,17,000,00,2,2,01,B02
200700018430,0,01,000,01,0,1,02,A01
200700018430,0,07,000,00,0,4,23,B02
200700018431,0,07,000,13,0,9,13,A01
200700018432,0,07,000,00,2,1,02,A01
200700018432,0,07,000,00,2,1,13,B02
200700018433,0,07,000,00,2,3,01,A01
200700018433,0,01,000,00,2,1,15,B02
200700018434,0,02,000,00,2,1,17,A01
200700018434,0,07,000,00,0,6,15,B02
200700018435,0,07,000,00,1,4,04,A01
200700018436,0,07,000,00,2,1,13,A01
200700018436,0,07,000,00,2,1,01,B02
200700018437,0,07,000,00,0,9,13,A01
200700018438,0,07,000,00,2,3,21,A01
200700018438,0,07,000,00,0,3,01,B02
200700018439,0,33,000,00,2,7,17,A01
200700018439,0,07,000,00,2,8,13,B02
200700018440,0,07,000,00,2,3,13,A01
200700018440,0,07,000,00,2,3,13,B02
200700018441,0,07,000,13,0,2,21,A01
200700018442,0,07,000,01,0,3,01,A01
200700018443,0,33,000,00,2,0,13,A01
200700018443,0,07,000,00,0,0,17,B02
200700018444,0,10,000,00,0,2,01,A01
200700018444,0,01,000,00,2,1,01,B02
200700018445,0,07,000,08,0,2,01,A01
200700018446,0,07,000,00,1,4,04,A01
200700018447,0,07,000,00,2,1,01,A01
200700018447,0,21,000,00,0,4,02,B02
200700018448,0,33,000,00,2,1,17,A01
200700018448,0,07,000,00,0,6,15,B02
200700018449,0,07,000,00,2,3,01,A01
200700018449,0,10,000,00,2,7,19,B02
200700018450,0,07,000,00,2,8,01,A01
200700018450,0,30,000,00,2,1,01,B02
200700018451,0,07,000,06,0,7,13,A01
200700018452,0,07,000,00,1,1,01,A01
200700018453,0,02,000,00,2,1,01,A01
200700018453,0,07,000,00,2,3,01,B02
200700018454,0,02,000,00,0,9,00,A01
200700018455,0,15,000,00,2,1,01,A01
200700018455,0,07,000,00,2,7,01,B02
200700018456,0,07,000,00,0,1,01,A01
200700018457,0,33,000,00,2,8,02,A01
200700018457,0,07,000,00,0,5,02,B02
200700018458,0,07,000,00,0,0,14,A01
200700018459,0,07,000,00,0,1,01,A01
200700018460,0,07,000,00,1,3,17,A01
200700018461,0,07,000,00,2,3,01,A01
200700018461,0,07,000,00,2,2,19,B02
200700018462,0,07,000,00,2,3,01,A01
200700018462,0,07,000,00,2,3,17,B02
200700018463,0,07,000,16,0,9,01,A01
200700018464,0,07,000,00,2,5,19,A01
200700018464,0,07,000,00,2,1,01,B02
200700018465,0,31,000,13,0,1,01,A01
200700018466,0,10,000,00,0,1,13,A01
200700018467,0,07,000,13,0,7,13,A01
200700018468,0,07,000,00,2,2,17,A01
200700018468,0,30,000,00,2,1,01,B02
200700018469,0,07,000,00,1,1,01,A01
200700018470,0,07,000,00,2,1,13,A01
200700018470,0,10,000,00,2,3,01,B02
200700018471,0,33,000,00,0,7,01,A01
200700018472,0,07,000,13,0,2,01,A01
200700018473,0,07,000,00,0,9,01,A01
200700018474,0,02,000,01,0,1,19,A01
200700018475,0,07,000,00,2,3,01,A01
200700018475,0,07,000,00,2,3,13,B02
200700018476,0,07,000,00,2,1,15,A01
200700018476,0,10,000,00,2,3,01,B02
200700018477,0,07,000,02,0,2,02,A01
200700018478,0,07,000,13,0,0,01,A01
200700018479,0,33,000,00,2,1,01,A01
200700018479,0,07,000,00,2,5,10,B02
200700018480,0,33,000,00,2,1,01,A01
200700018480,0,07,000,00,2,1,01,B02
200700018481,0,07,000,00,2,1,13,A01
200700018481,0,17,000,00,2,1,01,B02
200700018482,0,07,000,00,2,3,19,A01
200700018482,0,14,000,00,2,1,01,B02
200700018483,0,07,000,00,9,3,01,A01
200700018483,0,30,000,00,2,1,16,B02
200700018484,0,30,000,06,0,7,01,A01
200700018485,0,07,000,00,9,3,01,A01
200700018485,0,02,000,00,2,1,05,B02
200700018486,0,07,000,00,2,1,19,A01
200700018486,0,07,000,00,2,3,01,B02
200700018487,0,07,000,00,2,2,01,A01
200700018487,0,07,000,00,2,3,06,B02
200700018488,0,07,000,00,2,6,01,A01
200700018488,0,07,000,00,2,1,15,B02
200700018489,0,99,000,13,0,2,01,A01
200700018490,0,36,000,06,0,1,13,A01
200700018491,0,07,000,16,0,9,01,A01
200700018492,0,07,000,00,2,1,01,A01
200700018492,0,02,000,00,2,1,01,B02
200700018493,0,07,000,00,2,1,19,A01
200700018493,0,02,000,00,2,8,01,B02
200700018494,0,14,000,00,1,4,04,A01
200700018495,0,34,000,00,0,3,01,A01
200700018496,0,07,000,00,2,1,13,A01
200700018496,0,07,000,00,2,1,01,B02
200700018497,0,07,000,04,9,3,21,A01
200700018498,0,07,000,00,2,1,01,A01
200700018498,0,10,000,00,0,4,23,B02
200700018499,0,33,000,00,2,1,01,A01
200700018499,0,07,000,00,2,1,01,B02
200700018500,0,07,000,00,2,2,15,A01
200700018500,0,33,000,00,2,1,01,B02
200700018501,0,07,000,02,0,3,17,A01
200700018502,0,07,000,00,2,5,15,A01
200700018502,0,33,000,00,2,1,01,B02
200700018503,0,32,000,00,0,8,01,A01
200700018504,0,99,000,00,1,1,01,A01
200700018505,0,07,000,16,0,9,01,A01
200700018506,0,33,000,16,0,1,01,A01
200700018507,0,07,000,00,0,0,02,A01
200700018508,0,07,000,00,2,8,11,A01
200700018508,0,31,000,00,2,2,01,B02
200700018509,0,33,000,00,2,1,02,A01
200700018509,0,33,000,00,0,4,23,B02
200700018510,0,07,000,00,1,3,01,A01
200700018511,0,07,000,00,0,0,15,A01
200700018511,0,07,000,00,2,9,21,B02
200700018512,0,33,000,00,2,1,17,A01
200700018512,0,07,000,00,2,3,15,B02
200700018513,0,33,000,00,9,1,01,A01
200700018513,0,01,000,00,9,2,13,B02
200700018514,0,33,000,00,0,7,01,A01
200700018515,0,07,000,00,2,1,19,A01
200700018515,0,07,000,00,2,7,01,B02
200700018516,0,07,000,00,2,1,01,B02
200700018516,0,07,000,00,0,7,01,A01
200700018517,0,33,000,00,2,1,01,A01
200700018517,0,07,000,00,2,8,19,B02
200700018518,0,30,000,00,0,3,01,A01
200700018519,0,07,000,00,2,6,15,A01
200700018519,0,02,000,00,2,1,21,B02
200700018519,0,07,000,00,2,3,23,C03
200700018520,0,10,000,00,2,1,15,A01
200700018520,0,02,000,00,2,1,01,B02
200700018521,0,07,000,00,2,3,17,A01
200700018521,0,07,000,00,2,1,00,B02
200700018521,0,07,000,00,2,1,21,C03
200700018522,0,02,000,00,1,1,01,A01
200700018523,0,07,000,13,0,9,01,A01
200700018524,0,30,000,12,0,1,10,A01
200700018525,0,33,000,00,2,1,01,A01
200700018525,0,07,000,00,2,8,16,B02
200700018526,0,33,000,00,2,1,01,A01
200700018526,0,07,000,00,2,3,15,B02
200700018527,0,32,000,00,2,1,01,A01
200700018527,0,07,000,00,2,5,00,B02
200700018528,0,07,000,16,0,1,01,A01
200700018529,0,07,000,00,1,5,02,A01
200700018529,0,01,000,00,2,0,02,B02
200700018530,0,07,000,00,2,1,17,A01
200700018530,0,07,000,00,2,1,01,B02
200700018531,0,07,000,00,0,4,15,A01
200700018531,0,10,000,00,2,1,17,B02
200700018532,0,10,000,00,2,3,13,A01
200700018532,0,15,000,00,2,3,01,B02
200700018533,0,07,000,00,1,2,01,A01
200700018534,0,07,000,02,0,1,13,A01
200700018535,0,33,000,00,2,1,01,A01
200700018535,0,07,000,00,2,3,15,B02
200700018536,0,07,000,00,2,3,01,A01
200700018536,0,10,000,00,2,3,01,B02
200700018536,0,07,000,00,2,1,01,C03
200700018537,0,33,000,14,2,1,01,A01
200700018537,0,33,000,00,2,1,01,B02
200700018537,0,07,000,00,2,3,01,C03
200700018538,0,31,000,00,2,1,01,A01
200700018538,0,17,000,00,2,7,15,B02
200700018539,0,33,000,13,0,1,01,A01
200700018540,0,33,000,00,0,0,01,A01
200700018541,0,07,000,00,2,1,17,A01
200700018541,0,10,000,00,2,8,15,B02
200700018542,0,07,000,13,0,2,01,A01
200700018543,0,38,000,00,1,7,20,A01
200700018544,0,07,000,00,2,2,15,A01
200700018544,0,02,000,00,2,1,01,B02
200700018544,0,02,000,00,2,1,01,C03
200700018545,0,07,000,00,2,0,00,A01
200700018545,0,31,000,00,2,0,00,B02
200700018546,0,10,000,00,2,1,13,A01
200700018546,0,07,000,00,0,1,01,B02
200700018547,0,07,000,00,2,1,15,A01
200700018547,0,33,000,00,2,1,01,B02
200700018548,0,07,000,00,2,1,19,A01
200700018548,0,07,000,00,2,1,01,B02
200700018549,0,07,000,00,0,9,00,A01
200700018550,0,07,000,00,0,7,19,A01
200700018550,0,33,000,00,2,1,01,B02
200700018551,0,33,000,00,2,4,01,A01
200700018551,0,33,000,00,2,0,02,B02
200700018552,0,07,000,00,0,4,23,A01
200700018552,0,31,000,00,0,1,01,B02
200700018553,0,21,000,00,2,4,01,A01
200700018553,0,07,000,00,2,1,01,B02
200700018554,0,10,000,00,2,3,15,A01
200700018554,0,33,000,00,2,1,01,B02
200700018555,0,07,000,00,1,1,01,A01
200700018556,0,33,000,13,0,0,01,A01
200700018557,0,10,000,00,0,2,01,A01
200700018557,0,02,000,00,0,1,01,B02
200700018558,0,07,000,00,2,1,01,A01
200700018558,0,07,000,00,0,8,01,B02
200700018559,0,07,000,02,0,5,01,A01
200700018560,0,07,000,00,9,1,01,A01
200700018560,0,30,000,00,0,1,02,B02
200700018561,0,07,000,00,2,2,17,A01
200700018561,0,01,000,00,2,4,19,B02
200700018562,0,10,000,01,0,1,24,A01
200700018563,0,10,000,00,1,3,01,A01
200700018564,0,07,000,00,2,2,09,A01
200700018564,0,33,000,00,2,2,01,B02
200700018565,0,33,000,00,2,3,01,A01
200700018565,0,33,000,00,2,1,01,B02
200700018566,0,07,000,00,0,1,17,A01
200700018566,0,02,000,00,0,4,15,B02
200700018567,0,07,000,00,2,1,01,A01
200700018567,0,10,000,00,2,8,19,B02
200700018568,0,07,000,00,0,2,15,A01
200700018568,0,33,000,00,0,3,01,B02
200700018569,0,07,000,00,0,1,01,A01
200700018570,0,36,000,15,0,2,01,A01
200700018571,0,07,000,00,2,2,12,A01
200700018571,0,33,000,00,2,8,01,B02
200700018572,0,01,000,00,2,1,15,A01
200700018572,0,07,000,00,2,1,01,B02
200700018573,0,07,000,00,2,8,01,A01
200700018574,0,07,000,00,1,2,01,A01
200700018575,0,17,000,00,0,1,01,A01
200700018575,0,07,000,00,0,1,05,B02
200700018576,0,10,000,00,2,1,01,A01
200700018576,0,30,000,00,2,1,15,B02
200700018577,0,17,000,00,2,6,15,A01
200700018577,0,33,000,00,2,1,01,B02
200700018578,0,07,000,04,0,3,01,A01
200700018579,0,07,000,16,0,9,01,A01
200700018580,0,30,000,12,0,1,16,A01
200700018581,0,07,000,00,2,2,01,A01
200700018581,0,33,000,00,0,8,01,B02
200700018582,0,07,000,00,2,1,02,A01
200700018582,0,07,000,00,2,4,01,B02
200700018583,0,07,000,00,2,7,01,A01
200700018583,0,10,000,00,2,1,01,B02
200700018584,0,07,000,14,0,2,01,A01
200700018585,0,10,000,00,2,7,01,A01
200700018585,0,01,000,00,2,1,19,B02
200700018586,0,17,000,13,0,3,01,A01
200700018587,0,07,000,00,1,1,01,A01
200700018588,0,07,000,00,2,3,01,A01
200700018588,0,07,000,00,2,6,01,B02
200700018589,0,33,000,00,0,0,01,A01
200700018590,0,07,000,00,0,9,01,A01
200700018591,0,02,000,00,2,1,13,A01
200700018591,0,07,000,00,2,1,01,B02
200700018592,0,32,000,00,0,0,01,A01
200700018593,0,07,000,00,1,1,01,A01
200700018594,0,07,000,16,0,1,01,A01
200700018595,0,07,000,00,2,1,01,A01
200700018595,0,07,000,00,2,1,15,B02
200700018596,0,31,000,03,0,9,01,A01
200700018597,0,07,000,00,9,1,15,A01
200700018597,0,01,000,00,2,8,01,B02
200700018598,0,33,000,00,2,1,01,B02
200700018598,0,10,000,00,2,2,15,A01
200700018599,0,07,000,00,0,7,02,A01
200700018600,0,07,000,13,0,2,01,A01
200700018601,0,07,000,06,0,1,01,A01
200700018602,0,07,000,00,1,1,01,A01
200700018603,0,07,000,00,2,1,13,A01
200700018603,0,10,000,00,2,1,01,B02
200700018603,0,07,000,00,2,1,01,C03
200700018603,0,07,000,00,2,1,01,D04
200700018604,0,07,000,00,2,1,13,A01
200700018604,0,07,000,00,2,1,01,B02
200700018605,0,33,000,00,0,8,01,A01
200700018606,0,07,000,00,2,8,19,B02
200700018606,0,07,000,00,2,1,01,A01
200700018607,0,02,000,00,2,1,13,A01
200700018607,0,07,000,00,2,1,01,B02
200700018608,0,36,000,06,0,1,01,A01
200700018609,0,07,000,00,2,6,17,A01
200700018609,0,02,000,00,2,1,01,B02
200700018610,0,07,000,00,2,2,01,A01
200700018610,0,07,000,00,2,3,01,B02
200700018611,0,33,000,00,6,1,01,A01
200700018612,0,07,000,13,0,2,01,A01
200700018613,0,02,000,01,0,1,01,A01
200700018614,0,07,000,00,2,3,20,A01
200700018614,0,31,000,00,2,1,01,B02
200700018615,0,10,000,08,0,1,14,A01
200700018616,0,07,000,00,2,2,01,A01
200700018616,0,30,000,00,2,1,13,B02
200700018617,0,33,000,00,2,1,01,A01
200700018617,0,07,000,00,2,1,15,B02
200700018618,0,07,000,00,2,3,13,A01
200700018618,0,15,000,00,2,3,01,B02
200700018619,0,33,000,08,0,1,00,A01
200700018620,0,07,000,00,2,6,13,A01
200700018620,0,33,000,00,2,1,17,B02
200700018621,0,07,000,00,0,8,22,A01
200700018621,0,07,000,00,0,3,01,B02
200700018622,0,07,000,00,2,3,01,A01
200700018622,0,33,000,00,2,7,23,B02
200700018623,0,07,000,00,2,1,19,A01
200700018623,0,07,000,00,2,1,23,B02
200700018623,0,07,000,00,2,8,01,C03
200700018624,0,33,000,00,2,1,01,A01
200700018624,0,07,000,00,2,2,09,B02
200700018625,0,07,000,00,1,1,01,A01
200700018626,0,02,000,00,1,1,01,A01
200700018627,0,07,000,00,2,1,13,A01
200700018627,0,07,000,00,2,1,01,B02
200700018628,0,07,000,00,2,1,01,A01
200700018628,0,07,000,00,2,1,17,B02
200700018628,0,07,000,00,2,4,02,C03
200700018628,0,07,000,00,2,1,02,D04
200700018629,0,07,000,00,0,7,15,A01
200700018629,0,31,000,00,2,1,01,B02
200700018630,0,07,000,00,1,2,01,A01
200700018631,0,07,000,09,2,2,19,A01
200700018631,0,33,000,00,2,1,01,B02
200700018632,0,30,000,11,0,1,01,A01
200700018633,0,07,000,08,0,8,01,A01
200700018634,0,10,000,00,1,2,01,A01
200700018635,0,33,000,13,0,1,01,A01
200700018636,0,07,000,00,1,2,01,A01
200700018637,0,07,000,06,0,1,01,A01
200700018638,0,07,000,00,2,3,13,A01
200700018638,0,07,000,00,2,3,01,B02
200700018639,0,07,000,02,0,3,00,A01
200700018640,0,07,000,00,2,1,01,A01
200700018640,0,01,000,00,2,8,01,B02
200700018641,0,33,000,00,2,1,01,A01
200700018641,0,07,000,00,2,7,15,B02
200700018642,0,07,000,13,0,1,00,A01
200700018643,0,07,000,13,0,1,01,A01
200700018644,0,07,000,00,2,2,05,A01
200700018644,0,17,000,00,2,3,01,B02
200700018645,0,07,000,13,0,2,01,A01
200700018646,0,02,000,00,1,0,12,A01
200700018647,0,07,000,00,2,2,17,A01
200700018647,0,01,000,00,0,6,01,B02
200700018648,0,07,000,13,0,3,19,A01
200700018649,0,07,000,00,2,2,19,A01
200700018649,0,33,000,00,2,1,01,B02
200700018650,0,07,000,00,2,3,01,A01
200700018650,0,31,000,00,2,3,17,B02
200700018651,0,07,000,00,1,1,01,A01
200700018652,0,07,000,00,0,0,00,A01
200700018652,0,07,000,00,2,1,01,B02
200700018653,0,33,000,00,2,1,11,A01
200700018653,0,07,000,00,2,5,12,B02
200700018654,0,07,000,00,2,3,01,A01
200700018654,0,07,000,00,2,3,01,B02
200700018655,0,07,000,00,2,1,19,A01
200700018655,0,02,000,00,2,8,01,B02
200700018656,0,07,000,13,0,2,14,A01
200700018657,0,32,000,00,2,1,01,A01
200700018657,0,07,000,00,2,3,15,B02
200700018658,0,07,000,08,0,1,01,A01
200700018659,0,33,000,09,2,1,06,A01
200700018659,0,07,000,00,2,3,15,B02
200700018660,0,02,000,00,2,6,15,A01
200700018660,0,07,000,00,2,2,17,B02
200700018661,0,21,000,00,0,0,16,A01
200700018662,0,07,000,00,2,3,01,A01
200700018662,0,07,000,00,2,3,13,B02
200700018663,0,10,000,00,2,1,13,A01
200700018663,0,01,000,00,2,1,01,B02
200700018664,0,33,000,00,2,1,01,A01
200700018664,0,15,000,00,2,2,15,B02
200700018665,0,07,000,13,0,1,01,A01
200700018666,0,10,000,00,2,3,05,A01
200700018666,0,02,000,00,2,1,01,B02
200700018667,0,33,000,06,0,2,01,A01
200700018668,0,33,000,00,2,1,17,A01
200700018668,0,07,000,00,2,3,15,B02
200700018669,0,21,000,00,1,6,21,A01
200700018670,0,07,000,00,2,7,14,A01
200700018670,0,07,000,00,2,2,01,B02
200700018671,0,07,000,00,2,1,01,A01
200700018671,0,10,000,00,2,8,01,B02
200700018672,0,07,000,00,2,3,15,A01
200700018672,0,07,000,00,2,3,01,B02
200700018673,0,07,000,00,2,2,01,A01
200700018673,0,01,000,00,0,3,01,B02
200700018674,0,07,000,00,2,3,02,A01
200700018674,0,02,000,00,2,1,02,B02
200700018675,0,07,000,00,2,3,15,A01
200700018675,0,31,000,00,0,0,00,B02
200700018675,0,02,000,00,2,1,01,C03
200700018676,0,07,000,00,0,2,15,A01
200700018676,0,32,000,00,0,1,01,B02
200700018677,0,02,000,00,2,1,04,A01
200700018677,0,10,000,00,2,4,02,B02
200700018678,0,02,000,00,2,7,00,B02
200700018678,0,10,000,00,2,1,00,A01
200700018679,0,07,000,00,0,8,19,A01
200700018679,0,32,000,00,2,1,01,B02
200700018680,0,33,000,00,0,8,01,A01
200700018681,0,07,000,00,2,1,01,A01
200700018681,0,07,000,00,2,1,01,B02
200700018681,0,07,000,00,2,1,01,C03
200700018682,0,99,000,06,0,1,00,A01
200700018683,0,07,000,06,0,2,01,A01
200700018684,0,33,000,00,2,1,01,A01
200700018684,0,10,000,00,2,5,04,B02
200700018685,0,14,000,00,0,3,15,A01
200700018685,0,31,000,00,2,1,01,B02
200700018686,0,07,000,00,2,3,15,A01
200700018686,0,07,000,00,2,1,01,B02
200700018687,0,07,000,00,2,2,02,A01
200700018687,0,03,000,00,2,4,01,B02
200700018688,0,02,000,00,2,8,00,A01
200700018688,0,07,000,00,2,7,01,B02
200700018689,0,07,000,00,2,3,01,A01
200700018689,0,07,000,00,2,1,01,B02
200700018690,0,07,000,00,2,1,13,A01
200700018690,0,07,000,00,2,1,01,B02
200700018691,0,31,000,06,0,1,01,A01