Num_Acc,senc,catv,occutc,obs,obsm,choc,manv,num_veh
200700018692,0,30,000,02,0,1,01,A01
200700018693,0,07,000,00,2,1,05,A01
200700018693,0,33,000,00,2,1,01,B02
200700018694,0,07,000,00,2,3,15,A01
200700018694,0,33,000,00,2,1,01,B02
200700018695,0,07,000,00,2,1,13,A01
200700018695,0,14,000,00,2,3,01,B02
200700018696,0,07,000,00,2,8,10,A01
200700018696,0,33,000,00,2,1,01,B02
200700018697,0,07,000,00,2,5,15,A01
200700018697,0,33,000,00,2,1,01,B02
200700018698,0,33,000,00,2,1,01,A01
200700018698,0,07,000,00,2,3,19,B02
200700018699,0,21,000,00,2,6,15,A01
200700018699,0,33,000,00,2,1,01,B02
200700018700,0,30,000,00,2,2,15,A01
200700018700,0,07,000,00,2,1,15,B02
200700018701,0,07,000,13,0,1,01,A01
200700018702,0,07,000,00,2,1,01,A01
200700018702,0,07,000,00,2,7,11,B02
200700018703,0,07,000,00,0,4,01,A01
200700018703,0,33,000,00,2,1,01,B02
200700018704,0,07,000,00,0,0,00,A01
200700018704,0,07,000,00,2,1,01,B02
200700018705,0,07,000,03,2,1,17,A01
200700018705,0,07,000,00,2,0,05,B02
200700018706,0,01,000,00,2,1,15,A01
200700018706,0,07,000,00,2,1,01,B02
200700018707,0,07,000,03,0,9,01,A01
200700018708,0,33,000,13,0,1,15,A01
200700018709,0,07,000,00,2,1,05,A01
200700018709,0,07,000,00,2,1,01,B02
200700018710,0,07,000,00,2,2,13,A01
200700018710,0,07,000,00,2,1,01,B02
200700018711,0,07,000,00,2,1,17,A01
200700018711,0,07,000,00,2,1,00,B02
200700018712,0,07,000,00,2,1,01,A01
200700018712,0,07,000,00,2,2,19,B02
200700018713,0,07,000,13,0,9,01,A01
200700018714,0,33,000,00,0,7,01,A01
200700018715,0,07,000,00,0,8,01,A01
200700018716,0,07,000,00,2,1,01,A01
200700018716,0,07,000,00,2,2,01,B02
200700018717,0,07,000,00,2,2,01,A01
200700018717,0,02,000,00,2,1,19,B02
200700018718,0,07,000,00,2,5,15,A01
200700018718,0,07,000,00,2,1,01,B02
200700018719,0,30,000,00,2,1,01,A01
200700018720,0,21,000,00,2,3,15,A01
200700018720,0,33,000,00,2,1,17,B02
200700018721,0,07,000,00,0,9,01,A01
200700018722,0,33,000,00,2,1,01,B02
200700018722,0,07,000,00,2,8,19,A01
200700018723,0,07,000,00,2,8,19,A01
200700018723,0,33,000,00,2,1,13,B02
200700018724,0,01,000,00,2,4,19,A01
200700018724,0,07,000,00,2,1,01,B02
200700018725,0,10,000,00,1,6,04,A01
200700018726,0,07,000,00,0,3,01,A01
200700018726,0,02,000,00,0,1,13,B02
200700018727,0,33,000,00,0,1,13,A01
200700018728,0,07,000,13,0,3,01,A01
200700018729,0,07,000,13,0,5,01,A01
200700018730,0,07,000,14,0,3,01,A01
200700018731,0,07,000,00,2,3,15,A01
200700018731,0,07,000,00,2,3,01,B02
200700018732,0,07,000,00,2,2,02,A01
200700018732,0,02,000,00,2,6,15,B02
200700018733,0,07,000,08,0,9,01,A01
200700018734,0,10,000,13,0,2,21,A01
200700018735,0,07,000,00,2,1,17,A01
200700018735,0,14,000,00,2,1,01,B02
200700018736,0,07,000,00,1,7,01,A01
200700018737,0,10,000,00,2,2,15,A01
200700018737,0,07,000,00,2,1,01,B02
200700018738,0,10,000,00,2,8,15,A01
200700018738,0,02,000,14,2,7,02,B02
200700018739,0,07,000,00,1,1,01,A01
200700018740,0,07,000,00,9,2,01,A01
200700018740,0,01,000,00,2,4,01,B02
200700018741,0,07,000,00,0,7,19,A01
200700018741,0,15,000,00,2,1,01,B02
200700018742,0,07,000,00,0,5,01,A01
200700018742,0,02,000,00,2,1,01,B02
200700018743,0,07,000,00,0,1,02,A01
200700018744,0,33,000,00,0,1,01,A01
200700018744,0,33,000,00,0,1,01,B02
200700018745,0,07,000,13,0,2,01,A01
200700018746,0,33,000,00,0,7,01,A01
200700018747,0,14,000,00,2,1,02,A01
200700018747,0,01,000,00,2,0,02,B02
200700018748,0,02,000,08,0,7,01,A01
200700018749,0,33,000,02,0,1,01,A01
200700018750,0,15,000,00,2,6,01,A01
200700018750,0,02,000,00,2,1,01,B02
200700018751,0,07,000,00,2,7,13,A01
200700018751,0,07,000,00,2,1,01,B02
200700018752,0,07,000,13,0,1,01,A01
200700018753,0,02,000,00,0,7,16,A01
200700018754,0,07,000,00,2,2,17,A01
200700018754,0,01,000,00,2,4,01,B02
200700018755,0,07,000,00,2,3,01,A01
200700018755,0,07,000,00,2,3,01,B02
200700018756,0,07,000,00,2,3,13,A01
200700018756,0,07,000,09,2,3,01,B02
200700018757,0,07,000,00,1,3,01,A01
200700018758,0,07,000,00,0,3,01,A01
200700018759,0,33,000,00,2,1,17,A01
200700018759,0,21,000,00,2,3,15,B02
200700018760,0,13,000,00,2,3,01,A01
200700018760,0,14,000,00,2,3,01,B02
200700018761,0,31,000,00,2,1,01,B02
200700018761,0,07,000,00,2,3,01,A01
200700018762,0,07,000,00,2,1,02,A01
200700018762,0,07,000,00,0,4,02,B02
200700018763,0,07,000,00,1,2,01,A01
200700018764,0,07,000,08,0,6,01,A01
200700018765,0,32,000,00,2,1,01,A01
200700018765,0,07,000,00,2,5,01,B02
200700018766,0,33,000,00,0,8,00,A01
200700018767,0,33,000,00,2,8,01,A01
200700018768,0,31,000,16,0,8,01,A01
200700018769,0,07,000,02,0,2,14,A01
200700018770,0,07,000,00,2,3,15,A01
200700018770,0,10,000,00,2,2,01,B02
200700018771,0,07,000,02,0,3,01,A01
200700018772,0,07,000,00,2,7,19,A01
200700018772,0,01,000,00,2,1,01,B02
200700018773,0,07,000,16,0,1,01,A01
200700018774,0,17,000,00,0,0,16,A01
200700018775,0,31,000,00,2,1,01,A01
200700018775,0,07,000,00,2,7,19,B02
200700018776,0,07,000,00,2,3,13,A01
200700018776,0,14,000,00,2,8,01,B02
200700018777,0,07,000,00,2,1,01,A01
200700018777,0,07,000,00,2,1,01,B02
200700018778,0,30,000,00,2,1,19,A01
200700018778,0,07,000,00,2,3,01,B02
200700018779,0,33,000,03,0,1,14,A01
200700018780,0,02,000,00,2,1,02,A01
200700018780,0,07,000,00,0,4,01,B02
200700018781,0,33,000,00,2,1,17,A01
200700018781,0,07,000,00,2,3,01,B02
200700018781,0,33,000,03,0,1,01,C03
200700018782,0,07,000,13,0,1,01,A01
200700018783,0,07,000,00,2,3,13,A01
200700018783,0,07,000,00,2,3,01,B02
200700018784,0,07,000,00,2,6,15,A01
200700018784,0,33,000,00,2,1,02,B02
200700018785,0,02,000,00,1,1,13,A01
200700018786,0,07,000,00,0,1,16,A01
200700018786,0,02,000,00,0,1,01,B02
200700018787,0,02,000,13,0,6,15,A01
200700018787,0,07,000,00,0,3,01,B02
200700018788,0,07,000,00,0,0,21,A01
200700018789,0,07,000,06,0,2,01,A01
200700018790,0,07,000,00,0,3,01,A01
200700018790,0,30,000,00,0,1,13,B02
200700018791,0,07,000,02,0,3,01,A01
200700018792,0,30,000,00,2,1,13,A01
200700018792,0,10,000,00,2,3,01,B02
200700018793,0,07,000,00,0,1,05,A01
200700018793,0,07,000,00,2,0,21,B02
200700018793,0,07,000,00,2,1,01,C03
200700018794,0,33,000,00,2,2,17,A01
200700018794,0,21,000,00,2,6,15,B02
200700018795,0,07,000,00,2,2,01,A01
200700018795,0,07,000,00,2,6,15,B02
200700018796,0,07,000,00,2,3,05,A01
200700018796,0,07,000,00,2,1,01,B02
200700018797,0,07,000,00,0,6,15,A01
200700018797,0,07,000,00,0,1,01,B02
200700018798,0,10,000,00,2,1,01,A01
200700018798,0,07,000,00,2,8,01,B02
200700018799,0,07,000,00,2,3,01,A01
200700018799,0,07,000,00,2,8,01,B02
200700018800,0,33,000,00,2,1,01,B02
200700018800,0,10,000,00,0,2,19,A01
200700018801,0,07,000,16,0,9,14,A01
200700018802,0,33,000,00,2,1,01,B02
200700018802,0,03,000,00,2,3,01,A01
200700018803,0,33,000,00,0,8,01,A01
200700018804,0,02,000,16,0,1,01,A01
200700018805,0,07,000,13,0,3,01,A01
200700018806,0,33,000,00,2,7,17,A01
200700018806,0,17,000,00,2,3,01,B02
200700018806,0,33,000,00,0,0,01,C03
200700018807,0,07,000,00,2,2,15,A01
200700018807,0,33,000,00,2,8,17,B02
200700018808,0,33,000,00,2,1,01,A01
200700018808,0,07,000,06,0,6,15,B02
200700018809,0,33,000,00,2,8,13,A01
200700018809,0,10,000,00,2,8,01,B02
200700018810,0,07,000,00,2,3,19,B02
200700018810,0,33,000,00,2,1,01,A01
200700018811,0,30,000,06,0,2,01,A01
200700018812,0,07,000,00,0,4,23,A01
200700018812,0,07,000,01,2,1,02,B02
200700018813,0,07,000,14,0,3,01,A01
200700018814,0,10,000,00,2,1,01,A01
200700018814,0,07,000,00,2,2,19,B02
200700018815,0,07,000,00,2,2,01,A01
200700018815,0,07,000,00,2,8,15,B02
200700018816,0,07,000,13,0,7,14,A01
200700018817,0,33,000,00,2,1,17,A01
200700018817,0,07,000,00,2,8,15,B02
200700018818,0,07,000,13,0,7,01,A01
200700018819,0,07,000,00,2,8,13,A01
200700018819,0,07,000,00,2,1,01,B02
200700018820,0,33,000,08,0,1,01,A01
200700018821,0,02,000,00,2,1,17,A01
200700018821,0,07,000,00,2,3,19,B02
200700018822,0,07,000,00,2,3,15,A01
200700018822,0,33,000,00,2,1,16,B02
200700018823,0,10,000,13,0,2,14,A01
200700018824,0,07,000,00,2,1,01,A01
200700018824,0,30,000,00,2,1,15,B02
200700018825,0,07,000,00,2,1,05,A01
200700018825,0,07,000,00,2,1,01,B02
200700018826,0,30,000,00,2,1,06,A01
200700018826,0,07,000,00,2,2,01,B02
200700018827,0,07,000,00,0,2,01,A01
200700018828,0,30,000,00,2,2,17,A01
200700018828,0,07,000,00,2,3,15,B02
200700018829,0,07,000,00,0,4,01,A01
200700018829,0,33,000,00,2,1,02,B02
200700018830,0,07,000,00,2,7,13,A01
200700018830,0,07,000,00,2,1,01,B02
200700018831,0,21,000,13,0,9,01,A01
200700018832,0,01,000,00,2,6,15,A01
200700018832,0,07,000,00,9,3,01,B02
200700018833,0,31,000,00,2,1,02,A01
200700018833,0,10,000,00,2,4,02,B02
200700018834,0,07,000,15,0,1,01,A01
200700018835,0,07,000,00,2,1,17,A01
200700018835,0,14,000,00,2,1,01,B02
200700018836,0,07,000,00,2,1,13,A01
200700018836,0,07,000,00,2,1,01,B02
200700018837,0,31,000,13,0,7,01,A01
200700018838,0,07,000,02,0,3,13,A01
200700018839,0,07,000,06,0,2,01,A01
200700018840,0,07,000,00,1,1,01,A01
200700018841,0,33,000,00,0,1,13,A01
200700018841,0,07,000,00,2,3,16,B02
200700018842,0,07,000,00,1,1,01,A01
200700018843,0,10,000,00,9,2,02,A01
200700018843,0,01,000,00,2,3,02,B02
200700018844,0,07,000,00,2,3,23,C03
200700018844,0,99,000,00,2,1,15,A01
200700018844,0,07,000,00,2,3,01,B02
200700018845,0,01,000,12,0,0,13,A01
200700018846,0,10,000,02,0,1,01,A01
200700018847,0,30,000,00,2,1,01,A01
200700018847,0,07,000,00,9,3,13,B02
200700018848,0,30,000,15,0,1,01,A01
200700018849,0,33,000,00,2,1,01,A01
200700018849,0,07,000,00,2,1,01,B02
200700018850,0,10,000,00,2,2,13,A01
200700018850,0,07,000,00,2,2,13,B02
200700018851,0,07,000,00,2,1,15,A01
200700018851,0,02,000,00,2,1,01,B02
200700018852,0,07,000,00,2,2,19,A01
200700018852,0,30,000,14,2,1,21,B02
200700018852,0,07,000,00,2,3,23,C03
200700018853,0,07,000,13,0,9,17,A01
200700018854,0,07,000,00,2,7,10,A01
200700018854,0,05,000,00,2,1,01,B02
200700018855,0,07,000,00,1,6,04,A01
200700018856,0,07,000,00,2,3,01,A01
200700018856,0,01,000,00,2,1,13,B02
200700018857,0,07,000,00,1,1,01,A01
200700018858,0,07,000,00,2,2,01,A01
200700018858,0,07,000,00,2,7,15,B02
200700018858,0,07,000,00,2,3,23,C03
200700018859,0,02,000,13,0,1,01,A01
200700018860,0,10,000,00,2,8,09,A01
200700018860,0,02,000,00,2,1,01,B02
200700018861,0,07,000,08,0,8,01,A01
200700018862,0,10,000,00,2,3,01,A01
200700018862,0,07,000,00,2,1,13,B02
200700018863,0,07,000,00,9,2,01,A01
200700018864,0,07,000,00,1,7,01,A01
200700018865,0,07,000,00,1,2,15,A01
200700018865,0,02,000,00,2,1,01,B02
200700018866,0,17,000,00,0,8,06,A01
200700018867,0,02,000,00,2,1,09,A01
200700018867,0,07,000,00,2,6,09,B02
200700018868,0,36,000,02,0,1,14,A01
200700018869,0,07,000,00,2,2,01,B02
200700018869,0,07,000,00,2,1,01,A01
200700018870,0,07,000,00,1,1,01,A01
200700018871,0,07,000,13,0,1,19,A01
200700018872,0,07,000,06,0,2,01,A01
200700018873,0,02,000,00,2,1,15,A01
200700018873,0,07,000,00,2,2,01,B02
200700018874,0,07,000,00,2,2,17,A01
200700018874,0,01,000,00,2,6,01,B02
200700018874,0,01,000,00,2,8,01,C03
200700018875,0,37,000,00,1,2,01,A01
200700018876,0,33,000,14,0,8,01,A01
200700018877,0,07,000,00,2,1,01,A01
200700018877,0,01,000,00,2,1,19,B02
200700018878,0,07,000,00,1,1,01,A01
200700018878,0,01,000,00,2,2,01,B02
200700018879,0,07,000,00,0,2,01,A01
200700018880,0,07,000,00,2,3,15,A01
200700018880,0,31,000,00,2,2,17,B02
200700018880,0,32,000,00,2,7,17,C03
200700018881,0,07,000,00,0,8,15,A01
200700018881,0,33,000,00,2,1,17,B02
200700018882,0,02,000,00,2,1,13,A01
200700018882,0,07,000,00,2,3,01,B02
200700018883,0,10,000,06,0,3,01,A01
200700018884,0,17,000,13,0,8,13,A01
200700018885,0,07,000,08,0,3,00,A01
200700018886,0,07,000,13,0,1,01,A01
200700018887,0,07,000,00,2,1,01,A01
200700018887,0,07,000,00,2,7,01,B02
200700018888,0,07,000,00,2,3,15,A01
200700018888,0,33,000,00,2,8,01,B02
200700018889,0,02,000,00,2,8,15,A01
200700018889,0,33,000,00,2,1,17,B02
200700018890,0,07,000,00,2,1,13,A01
200700018890,0,07,000,00,2,1,01,B02
200700018891,0,13,000,15,0,2,01,A01
200700018892,0,31,000,16,0,1,01,A01
200700018893,0,07,000,00,2,1,01,A01
200700018893,0,07,000,00,2,8,15,B02
200700018894,0,10,000,00,2,7,01,A01
200700018894,0,10,000,00,2,1,15,B02
200700018895,0,31,000,03,0,8,13,A01
200700018896,0,07,000,13,0,3,01,A01
200700018897,0,07,000,00,2,2,01,A01
200700018897,0,07,000,00,2,1,01,B02
200700018898,0,02,000,00,2,1,17,A01
200700018898,0,07,000,00,2,8,15,B02
200700018899,0,07,000,00,2,3,15,A01
200700018899,0,02,000,00,2,7,01,B02
200700018900,0,07,000,00,2,7,01,A01
200700018900,0,31,000,00,2,1,15,B02
200700018901,0,07,000,00,2,3,13,A01
200700018901,0,07,000,00,2,3,01,B02
200700018902,0,30,000,06,0,1,01,A01
200700018903,0,07,000,02,2,3,01,A01
200700018903,0,07,000,01,2,3,01,B02
200700018904,0,07,000,00,0,0,00,A01
200700018904,0,02,000,00,2,1,13,B02
200700018905,0,07,000,13,0,0,01,A01
200700018906,0,07,000,00,2,3,13,A01
200700018906,0,07,000,00,2,3,02,B02
200700018907,0,07,000,00,9,3,01,A01
200700018907,0,31,000,00,2,1,01,B02
200700018908,0,07,000,00,0,6,09,A01
200700018908,0,07,000,00,2,1,01,B02
200700018909,0,07,000,00,2,2,13,A01
200700018909,0,07,000,00,0,0,00,B02
200700018910,0,99,000,13,0,3,01,A01
200700018911,0,07,000,00,0,3,19,A01
200700018911,0,10,000,00,2,1,01,B02
200700018912,0,07,000,02,0,1,01,A01
200700018913,0,07,000,00,2,2,13,A01
200700018913,0,07,000,00,2,2,01,B02
200700018914,0,30,000,00,2,1,01,A01
200700018914,0,07,000,00,2,2,01,B02
200700018915,0,07,000,00,2,2,15,A01
200700018915,0,07,000,09,2,1,01,B02
200700018916,0,30,000,00,2,1,01,A01
200700018916,0,07,000,00,2,3,01,B02
200700018917,0,33,000,13,0,1,01,A01
200700018918,0,07,000,00,1,2,01,A01
200700018919,0,07,000,00,0,0,19,A01
200700018920,0,07,000,00,2,1,01,A01
200700018920,0,07,000,00,2,7,15,B02
200700018921,0,07,000,06,0,2,01,A01
200700018922,0,02,000,00,2,1,19,B02
200700018922,0,10,000,00,2,8,01,A01
200700018923,0,07,000,02,0,8,13,A01
200700018924,0,07,000,00,2,1,05,A01
200700018924,0,07,000,00,2,1,00,B02
200700018925,0,07,000,06,0,2,01,A01
200700018926,0,07,000,00,1,3,01,A01
200700018927,0,07,000,13,0,2,01,A01
200700018928,0,07,000,00,2,3,13,A01
200700018928,0,10,000,00,2,3,01,B02
200700018929,0,07,000,00,1,1,15,A01
200700018930,0,07,000,00,2,2,15,A01
200700018930,0,02,000,00,2,1,01,B02
200700018931,0,02,000,00,2,2,01,A01
200700018931,0,07,000,00,2,3,01,B02
200700018932,0,07,000,00,2,1,01,A01
200700018932,0,07,000,00,2,1,05,B02
200700018933,0,07,000,13,0,1,01,A01
200700018934,0,07,000,00,2,3,21,A01
200700018934,0,07,000,00,0,3,01,B02
200700018935,0,07,000,00,1,2,01,A01
200700018936,0,07,000,00,2,3,15,A01
200700018936,0,30,000,00,2,1,01,B02
200700018937,0,07,000,00,2,1,13,A01
200700018937,0,15,000,00,2,1,01,B02
200700018938,0,07,000,00,0,3,01,A01
200700018938,0,30,000,00,0,1,00,B02
200700018939,0,07,000,00,2,8,15,A01
200700018939,0,02,000,00,2,2,17,B02
200700018940,0,07,000,00,2,2,15,A01
200700018940,0,33,000,00,2,1,01,B02
200700018941,0,07,000,00,0,6,23,A01
200700018941,0,10,000,00,0,3,13,B02
200700018942,0,33,000,00,2,1,17,A01
200700018942,0,07,000,00,0,3,15,B02
200700018943,0,07,000,00,2,3,09,A01
200700018943,0,33,000,00,2,1,01,B02
200700018944,0,07,000,00,2,1,13,A01
200700018944,0,17,000,00,2,3,01,B02
200700018945,0,33,000,13,0,1,14,A01
200700018946,0,10,000,07,0,1,21,A01
200700018947,0,07,000,13,0,1,13,A01
200700018948,0,33,000,06,0,1,01,A01
200700018949,0,02,000,06,0,1,01,A01
200700018950,0,07,000,00,2,5,02,A01
200700018950,0,33,000,00,2,1,02,B02
200700018951,0,02,000,01,0,1,01,A01
200700018952,0,07,000,06,0,2,00,A01
200700018953,0,07,000,00,0,1,00,A01
200700018954,0,07,000,00,2,7,01,A01
200700018954,0,07,000,00,2,1,01,B02
200700018954,0,07,000,00,2,3,15,C03
200700018955,0,30,000,00,2,5,19,A01
200700018955,0,33,000,00,2,2,01,B02
200700018956,0,07,000,13,0,3,13,A01
200700018957,0,07,000,13,0,2,01,A01
200700018958,0,33,000,00,2,1,01,A01
200700018958,0,01,000,00,2,7,19,B02
200700018959,0,07,000,00,2,3,01,A01
200700018959,0,02,000,00,2,1,15,B02
200700018960,0,02,000,00,0,8,00,A01
200700018961,0,30,000,06,0,1,14,A01
200700018962,0,33,000,00,1,1,01,A01
200700018963,0,07,000,00,2,6,23,A01
200700018963,0,07,000,01,0,2,17,B02
200700018964,0,07,000,00,2,1,13,A01
200700018964,0,07,000,00,2,1,01,B02
200700018965,0,07,000,00,0,1,01,A01
200700018965,0,07,000,00,0,1,15,B02
200700018966,0,07,000,06,0,1,13,A01
200700018967,0,33,000,00,2,1,01,A01
200700018967,0,07,000,00,2,3,19,B02
200700018968,0,07,000,00,2,8,15,A01
200700018968,0,33,000,00,2,1,13,B02
200700018969,0,07,000,13,0,1,01,A01
200700018970,0,33,000,03,2,1,01,A01
200700018970,0,07,000,00,0,6,13,B02
200700018971,0,07,000,00,2,3,19,A01
200700018971,0,02,000,00,2,1,01,B02
200700018972,0,33,000,06,0,9,13,A01
200700018973,0,07,000,00,0,7,15,A01
200700018973,0,07,000,00,0,0,00,B02
200700018974,0,07,000,00,2,6,01,A01
200700018974,0,07,000,00,0,6,01,B02
200700018975,0,01,000,00,2,8,19,A01
200700018975,0,07,000,00,2,1,01,B02
200700018976,0,07,000,00,2,7,15,A01
200700018976,0,07,000,00,2,1,01,B02
200700018977,0,07,000,00,2,1,09,B02
200700018977,0,07,000,00,2,2,01,A01
200700018978,0,07,000,06,0,6,00,A01
200700018979,0,07,000,00,0,0,00,A01
200700018980,0,17,000,06,0,3,01,A01
200700018981,0,07,000,06,0,1,14,A01
200700018982,0,07,000,13,0,3,01,A01
200700018983,0,07,000,00,2,1,01,A01
200700018983,0,07,000,00,2,3,19,B02
200700018984,0,07,000,00,2,4,01,A01
200700018984,0,07,000,00,2,1,01,B02
200700018984,0,07,000,00,2,3,01,C03
200700018984,0,10,000,00,2,1,01,D04
200700018985,0,33,000,00,2,1,00,A01
200700018985,0,33,000,00,0,4,16,B02
200700018986,0,07,000,06,0,2,01,A01
200700018987,0,07,000,06,2,3,01,A01
200700018987,0,01,000,00,2,1,23,B02
200700018988,0,32,000,00,2,1,01,A01
200700018988,0,07,000,00,2,1,01,B02
200700018989,0,07,000,02,0,1,01,A01
200700018990,0,31,000,00,2,1,01,A01
200700018990,0,07,000,00,0,5,15,B02
200700018991,0,07,000,00,2,2,01,A01
200700018991,0,30,000,00,2,1,01,B02
200700018992,0,02,000,00,0,4,02,A01
200700018992,0,02,000,00,0,3,02,B02
200700018993,0,07,000,08,0,1,01,A01
200700018994,0,07,000,02,0,1,01,A01
200700018995,0,07,000,08,0,8,01,A01
200700018996,0,30,000,00,1,1,01,A01
200700018997,0,07,000,00,2,3,01,A01
200700018997,0,07,000,00,2,3,17,B02
200700018997,0,07,000,00,2,3,01,C03
200700018997,0,07,000,00,2,3,01,D04
200700018998,0,07,000,00,2,1,13,A01
200700018998,0,07,000,00,2,1,01,B02
200700018998,0,07,000,00,0,0,00,C03
200700018999,0,07,000,00,2,3,01,A01
200700018999,0,07,000,00,2,3,01,B02
200700019000,0,10,000,00,9,7,02,A01
200700019000,0,01,000,00,0,4,02,B02
200700019001,0,07,000,00,2,3,01,A01
200700019001,0,07,000,00,2,3,01,B02
200700019002,0,10,000,00,2,2,16,A01
200700019002,0,02,000,00,2,3,13,B02
200700019003,0,07,000,00,1,6,20,A01
200700019004,0,07,000,09,0,1,01,A01
200700019005,0,07,000,06,0,0,00,A01
200700019006,0,33,000,00,0,1,01,A01
200700019007,0,02,000,00,2,1,01,A01
200700019007,0,02,000,00,2,1,01,B02
200700019008,0,07,000,00,1,1,01,A01
200700019009,0,07,000,00,1,2,00,A01
200700019010,0,02,000,00,2,1,19,A01
200700019010,0,07,000,00,2,8,19,B02
200700019011,0,17,000,00,0,4,15,A01
200700019011,0,17,000,00,2,1,02,B02
200700019012,0,07,000,00,2,3,01,A01
200700019012,0,07,000,00,2,3,01,B02
200700019013,0,07,000,08,0,1,01,A01
200700019014,0,07,000,13,0,1,01,A01
200700019015,0,07,000,00,0,3,01,A01
200700019015,0,33,000,00,0,3,13,B02
200700019016,0,03,000,13,0,1,14,A01
200700019017,0,07,000,00,0,5,15,A01
200700019017,0,33,000,00,2,1,01,B02
200700019017,0,10,000,00,0,8,23,C03
200700019018,0,07,000,16,0,9,01,A01
200700019019,0,33,000,00,2,2,17,A01
200700019019,0,21,000,00,2,3,15,B02
200700019020,0,07,000,13,0,1,01,A01
200700019021,0,03,000,00,0,9,01,A01
200700019022,0,07,000,02,0,1,01,A01
200700019023,0,07,000,06,0,3,01,A01
200700019024,0,07,000,03,2,3,13,A01
200700019024,0,14,000,00,2,3,14,B02
200700019025,0,07,000,00,0,0,01,A01
200700019025,0,07,000,00,0,0,01,B02
200700019025,0,07,000,00,2,0,21,C03
200700019026,0,30,000,12,0,1,14,A01
200700019027,0,17,000,13,0,0,13,A01
200700019028,0,10,000,00,2,3,19,A01
200700019028,0,07,000,00,2,2,01,B02
200700019029,0,07,000,00,2,1,01,A01
200700019029,0,07,000,00,0,3,01,B02
200700019030,0,07,000,13,0,2,01,A01
200700019031,0,07,000,00,2,2,15,A01
200700019031,0,07,000,00,2,2,01,B02
200700019032,0,30,000,00,2,1,01,A01
200700019032,0,07,000,00,2,3,15,B02
200700019033,0,07,000,00,2,2,01,A01
200700019033,0,02,000,00,2,8,16,B02
200700019034,0,33,000,00,2,1,17,A01
200700019034,1,07,000,00,0,6,15,B02
200700019035,0,07,000,13,0,3,01,A01
200700019036,0,02,000,00,2,1,01,A01
200700019036,0,07,000,00,0,8,15,B02
200700019037,0,07,000,00,2,7,15,A01
200700019037,0,07,000,00,2,1,01,B02
200700019037,0,07,000,00,2,8,01,C03
200700019038,0,07,000,00,0,8,15,A01
200700019038,0,33,000,00,0,7,02,B02
200700019039,0,07,000,00,2,3,13,A01
200700019039,0,07,000,00,0,3,01,B02
200700019039,0,07,000,00,0,1,01,C03
200700019040,0,33,000,13,0,1,13,A01
200700019041,0,10,000,13,0,1,01,A01
200700019042,0,31,000,08,0,1,17,A01
200700019043,0,07,000,00,0,5,01,A01
200700019044,0,07,000,10,0,8,13,A01
200700019045,0,01,000,00,2,7,01,A01
200700019045,0,15,000,00,2,1,15,B02
200700019046,0,33,000,00,2,8,10,A01
200700019046,0,07,000,00,2,2,01,B02
200700019047,0,07,000,13,0,9,01,A01
200700019048,0,30,000,06,0,1,01,A01
200700019049,0,21,000,00,0,7,01,A01
200700019050,0,07,000,00,2,8,15,A01
200700019050,0,02,000,00,2,1,01,B02
200700019051,0,38,000,00,2,8,15,A01
200700019051,0,10,000,00,2,3,13,B02
200700019051,0,38,000,00,2,8,01,D04
200700019051,0,10,000,00,2,3,13,E05
200700019052,0,07,000,02,0,3,13,A01
200700019053,0,02,000,00,1,0,01,A01
200700019054,0,07,000,02,0,1,13,A01
200700019055,1,99,000,00,1,2,01,A01
200700019056,0,07,000,08,0,3,13,A01
200700019057,0,07,000,00,2,3,13,A01
200700019057,0,17,000,00,2,3,01,B02
200700019057,0,07,000,00,2,2,01,C03
200700019058,0,07,000,00,2,1,13,A01
200700019058,0,07,000,00,2,1,00,B02
200700019059,0,10,000,00,2,7,01,B02
200700019059,0,07,000,00,2,3,01,A01
200700019060,0,07,000,00,2,3,13,A01
200700019060,0,07,000,00,2,2,01,B02
200700019061,0,07,000,00,2,8,01,A01
200700019061,0,07,000,00,2,1,01,B02
200700019062,0,07,000,00,2,1,13,A01
200700019062,0,07,000,00,2,3,01,B02
200700019063,0,07,000,02,0,2,01,A01
200700019064,0,07,000,03,0,1,01,A01
200700019065,0,33,000,00,2,1,01,A01
200700019065,0,07,000,00,0,3,09,B02
200700019066,0,07,000,02,0,9,00,A01
200700019067,0,07,000,13,0,1,02,A01
200700019068,0,07,000,00,1,2,01,A01
200700019069,0,07,000,13,0,3,01,A01
200700019070,0,36,000,02,0,2,01,A01
200700019071,0,31,000,00,2,2,01,A01
200700019071,0,07,000,00,2,2,15,B02
200700019072,0,07,000,00,0,0,19,A01
200700019072,0,07,000,13,0,3,14,B02
200700019073,0,07,000,00,2,8,19,A01
200700019073,0,07,000,00,2,1,01,B02
200700019074,0,02,000,00,2,1,19,A01
200700019074,0,07,000,00,2,8,01,B02
200700019075,0,07,000,02,0,3,13,A01
200700019076,0,30,000,00,2,2,02,A01
200700019076,0,07,000,00,2,6,16,B02
200700019077,0,33,000,00,0,0,00,A01
200700019078,0,07,000,08,0,3,01,A01
200700019079,0,07,000,00,2,7,15,A01
200700019079,0,31,000,00,2,1,01,B02
200700019080,0,07,000,00,0,1,13,A01
200700019080,0,07,000,00,0,1,01,B02
200700019081,0,07,000,00,2,2,19,A01
200700019081,0,30,000,00,2,8,01,B02