Num_Acc,senc,catv,occutc,obs,obsm,choc,manv,num_veh
200700019082,0,07,000,00,2,7,01,A01
200700019082,0,07,000,00,2,1,01,B02
200700019083,0,07,000,13,0,9,14,A01
200700019084,0,07,000,00,1,7,01,A01
200700019085,0,07,000,00,2,2,01,A01
200700019085,0,01,000,00,2,4,01,B02
200700019086,0,07,000,00,2,8,01,A01
200700019086,0,02,000,00,2,7,01,B02
200700019087,0,10,000,00,2,2,16,A01
200700019087,0,07,000,00,2,3,01,B02
200700019088,0,33,000,00,2,1,01,A01
200700019088,0,14,000,00,2,3,01,B02
200700019089,0,31,000,00,2,1,13,A01
200700019089,0,07,000,00,2,2,00,B02
200700019090,0,07,000,00,2,1,13,A01
200700019090,0,07,000,00,2,1,00,B02
200700019091,0,07,000,00,2,8,13,A01
200700019091,0,17,000,00,2,8,01,B02
200700019092,0,07,000,00,2,1,05,A01
200700019092,0,07,000,00,2,1,01,B02
200700019093,0,10,000,00,2,1,15,A01
200700019093,0,33,000,00,2,8,01,B02
200700019094,0,07,000,00,2,3,01,A01
200700019094,0,07,000,00,2,2,01,B02
200700019095,0,10,000,00,2,8,15,B02
200700019095,0,33,000,00,2,1,01,A01
200700019096,0,07,000,14,0,8,01,A01
200700019096,0,10,000,00,0,4,23,B02
200700019097,0,07,000,00,2,6,17,A01
200700019097,0,10,000,00,2,2,17,B02
200700019098,0,07,000,13,6,9,21,A01
200700019099,0,07,000,00,2,1,01,A01
200700019099,0,07,000,00,2,8,01,B02
200700019100,0,02,000,00,2,1,17,A01
200700019100,0,07,000,00,0,3,15,B02
200700019101,0,02,000,06,0,1,01,A01
200700019102,0,33,000,00,2,1,01,A01
200700019102,0,07,000,00,9,2,15,B02
200700019103,0,02,000,00,2,1,01,A01
200700019103,0,38,000,00,2,3,24,B02
200700019104,0,07,000,00,9,1,15,A01
200700019104,0,01,000,00,0,4,15,B02
200700019105,0,07,000,02,0,8,01,A01
200700019106,0,07,000,02,0,2,01,A01
200700019107,0,33,000,00,2,1,01,A01
200700019107,0,07,000,00,2,5,01,B02
200700019108,0,03,000,02,0,2,01,A01
200700019109,0,31,000,02,0,1,01,A01
200700019110,0,07,000,00,2,3,15,A01
200700019110,0,33,000,00,2,1,01,B02
200700019111,0,07,000,16,0,1,01,A01
200700019112,0,07,000,00,2,1,21,A01
200700019112,0,07,000,00,2,1,13,B02
200700019113,0,07,000,00,2,3,02,A01
200700019113,0,07,000,00,2,7,16,B02
200700019114,0,30,000,00,2,8,01,A01
200700019114,0,07,000,00,2,3,15,B02
200700019115,0,33,000,06,2,1,17,A01
200700019115,0,07,000,00,2,8,13,B02
200700019116,0,07,000,00,1,3,01,A01
200700019117,0,07,000,00,0,3,20,A01
200700019117,0,31,000,00,0,1,01,B02
200700019118,0,07,000,06,0,2,00,A01
200700019119,0,33,000,00,0,1,01,A01
200700019120,0,07,000,00,2,1,01,A01
200700019120,0,07,000,00,2,8,19,B02
200700019121,0,07,000,00,2,3,01,A01
200700019121,0,02,000,00,2,8,01,B02
200700019122,0,07,000,13,0,1,01,A01
200700019123,0,07,000,00,1,3,15,A01
200700019124,0,21,000,00,0,1,01,A01
200700019124,0,02,000,00,0,7,00,B02
200700019125,0,01,000,00,2,4,23,A01
200700019125,0,07,000,00,2,2,16,B02
200700019126,0,07,000,00,1,2,01,A01
200700019127,0,07,000,00,2,3,13,A01
200700019127,0,33,000,00,0,6,01,B02
200700019128,0,33,000,00,2,1,17,A01
200700019129,0,07,000,00,2,6,01,A01
200700019129,0,01,000,00,2,1,15,B02
200700019130,0,07,000,00,0,4,16,A01
200700019130,0,07,000,00,2,1,02,B02
200700019131,0,07,000,00,2,1,16,A01
200700019131,0,07,000,00,2,1,13,B02
200700019132,0,07,000,13,0,9,15,A01
200700019133,0,07,000,00,1,5,19,A01
200700019134,0,30,000,13,2,1,13,A01
200700019134,0,07,000,13,2,1,01,B02
200700019135,0,07,000,00,2,1,16,A01
200700019135,0,01,000,00,2,8,01,B02
200700019136,1,30,000,00,1,1,01,A01
200700019137,0,07,000,00,2,8,01,C03
200700019137,0,10,000,00,2,3,15,A01
200700019137,0,07,000,00,2,1,01,B02
200700019138,0,01,000,08,0,1,01,A01
200700019139,0,07,000,00,1,2,01,A01
200700019140,0,07,000,08,0,1,01,A01
200700019141,0,07,000,00,2,2,01,A01
200700019141,0,30,000,00,2,1,15,B02
200700019142,0,07,000,00,2,0,15,A01
200700019142,0,07,000,00,2,1,00,B02
200700019143,0,07,000,00,2,4,15,A01
200700019143,0,07,000,00,2,1,02,B02
200700019144,0,07,000,03,0,3,00,A01
200700019145,0,07,000,00,2,1,01,A01
200700019145,0,33,000,00,2,1,05,B02
200700019146,0,15,000,00,0,0,17,A01
200700019147,0,07,000,00,2,8,01,A01
200700019147,0,31,000,00,2,1,13,B02
200700019148,0,10,000,00,2,3,01,A01
200700019148,0,10,000,00,2,3,01,B02
200700019149,0,07,000,00,2,3,15,A01
200700019149,0,33,000,00,2,1,01,B02
200700019150,0,01,000,00,2,6,01,A01
200700019150,0,07,000,00,9,2,12,B02
200700019151,0,07,000,00,0,3,15,A01
200700019151,0,33,000,00,2,2,13,B02
200700019152,0,15,000,00,9,4,04,A01
200700019152,0,01,000,00,2,1,02,B02
200700019153,0,07,000,16,0,9,01,A01
200700019154,0,07,000,00,2,1,19,B02
200700019154,0,33,000,00,2,9,01,A01
200700019155,0,07,000,00,2,2,01,A01
200700019155,0,07,000,00,2,3,15,B02
200700019156,0,31,000,00,2,0,01,A01
200700019157,0,07,000,02,0,3,14,A01
200700019158,0,07,000,00,2,0,01,A01
200700019158,0,07,000,00,2,0,00,B02
200700019159,0,32,000,00,2,1,01,A01
200700019159,0,07,000,00,2,1,01,B02
200700019159,0,07,000,00,0,8,16,C03
200700019160,0,10,000,02,0,1,14,A01
200700019161,0,03,000,00,9,1,01,A01
200700019161,0,30,000,00,2,1,01,B02
200700019162,0,07,000,00,0,1,00,A01
200700019163,0,07,000,02,0,3,13,A01
200700019164,0,33,000,00,0,8,01,A01
200700019165,0,07,000,08,0,3,01,A01
200700019166,0,07,000,08,2,8,01,A01
200700019166,0,07,000,00,2,8,01,B02
200700019167,0,07,000,00,2,6,19,A01
200700019167,0,02,000,00,2,1,01,B02
200700019168,0,07,000,00,2,2,01,A01
200700019168,0,30,000,00,2,3,19,B02
200700019169,0,07,000,00,2,1,17,A01
200700019169,0,07,000,00,2,3,01,B02
200700019170,0,32,000,00,2,2,17,A01
200700019170,0,07,000,00,2,3,15,B02
200700019171,0,07,000,00,2,3,13,A01
200700019171,0,07,000,00,2,3,01,B02
200700019172,0,07,000,00,0,1,15,A01
200700019172,0,33,000,00,0,1,01,B02
200700019173,0,07,000,00,1,1,15,A01
200700019174,0,33,000,00,0,8,01,A01
200700019175,0,07,000,00,2,1,15,A01
200700019175,0,01,000,00,2,1,01,B02
200700019176,0,01,000,00,2,1,01,A01
200700019176,0,02,000,00,2,6,19,B02
200700019177,0,07,000,00,2,4,02,A01
200700019177,0,14,000,00,2,1,01,B02
200700019178,0,07,000,00,2,7,01,A01
200700019178,0,07,000,04,2,1,01,B02
200700019179,0,02,000,00,9,2,01,A01
200700019179,0,01,000,00,9,7,19,B02
200700019180,0,17,000,00,0,0,01,A01
200700019180,0,07,000,00,9,3,01,B02
200700019180,0,07,000,00,9,1,01,C03
200700019181,0,10,000,13,0,2,01,A01
200700019182,0,07,000,13,0,0,01,A01
200700019183,0,07,000,00,0,0,00,A01
200700019183,0,07,000,00,2,3,01,B02
200700019184,0,33,000,00,2,1,01,A01
200700019184,0,21,000,00,2,5,15,B02
200700019185,0,33,000,00,0,1,01,A01
200700019186,0,33,000,13,0,1,14,A01
200700019187,0,07,000,00,2,1,01,A01
200700019187,0,07,000,00,2,8,15,B02
200700019188,0,33,000,10,0,9,15,A01
200700019189,0,07,000,00,9,8,15,A01
200700019189,0,01,000,00,2,1,01,B02
200700019190,0,15,000,13,0,8,00,A01
200700019191,0,07,000,13,0,1,02,A01
200700019192,0,35,000,00,0,3,10,A01
200700019193,0,07,000,00,2,1,23,A01
200700019193,0,07,000,00,2,1,13,B02
200700019194,0,07,000,00,2,2,15,A01
200700019194,0,33,000,00,2,7,01,B02
200700019195,0,01,000,00,5,6,01,A01
200700019196,0,33,000,02,0,1,01,A01
200700019197,0,07,000,00,9,8,01,A01
200700019197,0,02,000,00,2,2,01,B02
200700019198,0,07,000,00,2,3,19,A01
200700019198,0,07,000,00,2,2,01,B02
200700019199,0,07,000,00,2,6,00,A01
200700019199,0,33,000,00,2,1,17,B02
200700019200,0,07,000,00,9,2,01,A01
200700019200,0,01,000,00,2,3,09,B02
200700019201,0,33,000,03,0,8,01,A01
200700019202,0,07,000,00,2,1,23,A01
200700019202,0,07,000,00,2,2,02,B02
200700019202,0,07,000,01,0,3,00,C03
200700019203,0,07,000,02,0,1,01,A01
200700019204,0,07,000,00,2,5,13,A01
200700019204,0,38,000,00,2,2,01,B02
200700019205,0,36,000,06,0,6,13,A01
200700019206,0,30,000,08,0,1,01,A01
200700019207,0,07,000,12,0,3,01,A01
200700019208,0,07,000,00,2,2,17,A01
200700019208,0,01,000,00,0,4,01,B02
200700019209,0,33,000,00,0,8,01,A01
200700019210,0,07,000,00,0,1,13,A01
200700019210,0,07,000,00,0,3,01,B02
200700019211,0,07,000,00,1,8,01,A01
200700019212,0,33,000,08,0,1,16,A01
200700019213,0,07,000,00,0,2,15,A01
200700019213,0,07,000,00,0,3,01,B02
200700019214,0,07,000,00,2,6,18,A01
200700019214,0,15,000,00,2,2,01,B02
200700019215,0,07,000,00,0,3,01,A01
200700019215,0,02,000,00,2,1,13,B02
200700019216,0,30,000,00,2,1,17,A01
200700019216,0,07,000,00,6,6,15,B02
200700019217,0,07,000,13,0,9,00,A01
200700019218,0,07,000,00,9,2,01,A01
200700019218,0,01,000,00,2,1,19,B02
200700019219,0,31,000,00,2,8,01,A01
200700019219,0,10,000,00,2,7,17,B02
200700019220,0,33,000,13,0,7,01,A01
200700019221,0,01,000,00,2,1,01,A01
200700019221,0,38,000,00,9,7,01,B02
200700019222,0,07,000,00,2,5,05,A01
200700019222,0,33,000,00,2,1,01,B02
200700019223,0,07,000,00,0,0,00,A01
200700019223,0,07,000,00,2,1,01,B02
200700019224,0,07,000,00,0,9,02,A01
200700019225,0,07,000,00,2,3,15,A01
200700019225,0,03,000,00,2,3,01,B02
200700019226,0,02,000,03,0,1,00,A01
200700019227,0,33,000,00,2,2,17,A01
200700019227,0,07,000,00,9,6,15,B02
200700019228,0,10,000,00,2,1,02,A01
200700019228,0,07,000,00,2,1,02,B02
200700019228,0,07,000,00,9,4,02,C03
200700019228,0,07,000,00,0,4,02,D04
200700019229,0,02,000,00,0,8,21,A01
200700019230,0,07,000,00,2,1,15,A01
200700019230,0,07,000,00,2,7,01,B02
200700019231,0,07,000,00,1,7,01,A01
200700019232,0,10,000,00,0,0,15,A01
200700019232,0,33,000,16,0,1,01,B02
200700019233,0,15,000,00,2,1,02,A01
200700019233,0,01,000,00,2,4,21,B02
200700019234,0,07,000,00,2,4,15,A01
200700019234,0,07,000,00,2,1,01,B02
200700019235,0,07,000,13,0,1,01,A01
200700019236,0,33,000,00,2,7,10,A01
200700019236,0,07,000,00,2,1,01,B02
200700019237,0,07,000,02,0,1,00,A01
200700019238,0,33,000,03,0,1,01,A01
200700019239,0,33,000,00,2,1,01,A01
200700019240,0,07,000,00,2,2,02,A01
200700019240,0,02,000,00,0,4,02,B02
200700019241,0,07,000,13,0,3,13,A01
200700019242,0,07,000,02,0,2,01,A01
200700019243,0,07,000,13,0,1,01,A01
200700019244,0,07,000,00,2,3,19,A01
200700019244,0,33,000,00,0,1,01,B02
200700019245,0,02,000,00,0,6,15,A01
200700019245,0,07,000,00,2,2,02,B02
200700019246,0,07,000,00,0,3,01,A01
200700019246,0,31,000,00,0,1,01,B02
200700019247,0,07,000,01,0,1,14,A01
200700019248,0,07,000,00,0,4,23,A01
200700019248,0,02,000,14,0,1,01,B02
200700019249,0,07,000,00,2,7,01,A01
200700019249,0,01,000,00,2,1,01,B02
200700019250,0,07,000,00,2,3,10,A01
200700019250,0,07,000,00,2,7,02,B02
200700019251,0,07,000,00,0,5,01,A01
200700019251,0,01,000,00,2,1,19,B02
200700019252,0,07,000,00,2,1,02,A01
200700019252,0,07,000,00,2,4,02,B02
200700019253,0,07,000,00,0,0,00,A01
200700019253,0,07,000,00,2,8,15,B02
200700019254,0,07,000,13,0,3,01,A01
200700019255,0,15,000,00,2,2,02,A01
200700019255,0,15,000,00,2,5,02,B02
200700019255,0,07,000,00,2,4,02,C03
200700019255,0,07,000,00,2,6,15,D04
200700019255,0,07,000,00,2,8,01,E05
200700019256,0,07,000,00,2,2,01,B02
200700019256,0,07,000,00,2,3,01,A01
200700019257,0,07,000,00,2,2,19,A01
200700019257,0,33,000,00,2,1,01,B02
200700019258,0,02,000,00,2,7,19,A01
200700019258,0,07,000,00,2,3,19,B02
200700019259,0,07,000,00,2,5,17,A01
200700019259,0,07,000,00,2,6,15,B02
200700019260,0,07,000,00,2,3,15,A01
200700019260,0,07,000,00,2,1,13,B02
200700019261,0,10,000,00,2,1,15,A01
200700019261,0,07,000,00,2,3,19,B02
200700019262,0,33,000,00,2,7,01,A01
200700019262,0,14,000,00,2,6,15,B02
200700019263,0,07,000,14,0,1,01,A01
200700019263,0,14,000,00,0,8,23,B02
200700019264,0,07,000,00,0,1,13,A01
200700019265,0,07,000,03,0,2,00,A01
200700019266,0,07,000,08,0,1,00,A01
200700019267,0,10,000,00,2,3,15,A01
200700019267,0,01,000,00,2,8,01,B02
200700019268,0,07,000,00,1,1,00,A01
200700019269,0,07,000,00,2,1,17,A01
200700019269,0,07,000,00,2,1,01,B02
200700019270,0,07,000,00,2,8,01,A01
200700019270,0,07,000,00,2,8,01,B02
200700019271,0,33,000,00,2,4,17,A01
200700019271,0,10,000,00,0,6,15,B02
200700019272,0,03,000,16,0,2,14,A01
200700019273,0,17,000,13,0,8,01,A01
200700019274,0,07,000,13,0,1,01,A01
200700019275,0,01,000,00,0,6,01,A01
200700019275,0,33,000,00,2,2,17,B02
200700019276,0,07,000,00,2,2,00,A01
200700019276,0,07,000,00,2,1,15,B02
200700019277,0,07,000,13,0,3,13,A01
200700019278,0,01,000,00,0,0,00,A01
200700019278,0,07,000,00,2,8,01,B02
200700019279,0,01,000,00,2,8,15,A01
200700019279,0,14,000,00,0,4,01,B02
200700019280,0,07,000,00,2,3,13,A01
200700019280,0,33,000,00,2,3,01,B02
200700019281,0,10,000,00,2,2,11,A01
200700019281,0,33,000,00,2,8,01,B02
200700019282,0,07,000,13,0,1,14,A01
200700019282,0,07,000,00,0,0,00,B02
200700019283,0,07,000,00,2,3,01,A01
200700019283,0,07,000,00,2,8,19,B02
200700019284,0,33,000,00,0,0,01,A01
200700019285,0,07,000,00,2,3,01,A01
200700019285,0,02,000,00,2,1,09,B02
200700019286,0,15,000,00,1,5,15,A01
200700019286,0,33,000,00,2,1,01,B02
200700019287,0,33,000,13,0,1,01,A01
200700019288,0,07,000,08,0,1,00,A01
200700019289,0,31,000,00,1,1,01,A01
200700019290,0,31,000,12,0,1,14,A01
200700019291,0,07,000,00,2,1,02,A01
200700019291,0,07,000,00,2,4,02,B02
200700019292,0,34,000,00,2,1,02,A01
200700019292,0,07,000,00,2,4,02,B02
200700019293,0,07,000,00,2,3,13,A01
200700019293,0,07,000,00,2,3,01,B02
200700019294,0,14,000,00,0,5,17,A01
200700019294,0,30,000,00,2,3,00,B02
200700019295,0,02,000,00,2,3,09,A01
200700019295,0,07,000,00,2,2,01,B02
200700019296,0,10,000,00,2,2,15,A01
200700019296,0,33,000,00,2,1,01,B02
200700019297,0,33,000,00,2,1,01,A01
200700019297,0,07,000,00,2,1,01,B02
200700019298,0,07,000,00,2,3,13,A01
200700019298,0,07,000,00,2,3,01,B02
200700019299,0,07,000,13,0,1,14,A01
200700019300,0,30,000,12,0,2,01,A01
200700019301,0,07,000,16,0,0,13,A01
200700019302,0,07,000,09,0,7,01,A01
200700019303,0,33,000,00,2,0,13,A01
200700019303,0,33,000,00,2,1,01,B02
200700019304,0,33,000,00,2,7,01,B02
200700019304,0,07,000,00,2,3,19,A01
200700019305,0,33,000,00,2,3,01,A01
200700019305,0,33,000,00,2,3,13,B02
200700019306,0,14,000,00,0,8,15,A01
200700019307,0,07,000,00,2,1,01,A01
200700019307,0,07,000,00,0,4,01,B02
200700019308,0,33,000,00,0,6,01,A01
200700019309,0,33,000,00,2,1,01,A01
200700019309,0,07,000,00,0,6,06,B02
200700019310,0,07,000,10,0,3,13,A01
200700019311,0,07,000,00,1,2,01,A01
200700019312,0,07,000,14,1,2,01,A01
200700019313,0,33,000,00,0,7,16,A01
200700019314,0,07,000,00,0,7,16,A01
200700019314,0,30,000,00,2,1,18,B02
200700019315,0,07,000,01,0,1,01,A01
200700019316,0,07,000,00,9,1,01,A01
200700019317,0,07,000,00,2,2,15,A01
200700019317,0,33,000,00,2,1,01,B02
200700019318,0,07,000,02,0,0,23,A01
200700019319,0,07,000,08,0,1,01,A01
200700019320,0,31,000,13,0,1,01,A01
200700019321,0,31,000,00,0,1,00,A01
200700019322,0,07,000,00,2,8,19,A01
200700019322,0,07,000,00,2,1,01,B02
200700019323,0,33,000,00,2,1,01,A01
200700019323,0,07,000,00,2,3,15,B02
200700019324,0,07,000,13,0,1,13,A01
200700019325,0,07,000,00,2,2,15,A01
200700019325,0,34,000,00,2,1,01,B02
200700019326,0,07,000,00,1,3,01,A01
200700019327,0,14,000,03,2,7,13,A01
200700019327,0,07,000,03,2,1,01,B02
200700019328,0,35,000,08,0,1,14,A01
200700019329,0,31,000,00,2,4,13,A01
200700019329,0,07,000,00,2,1,01,B02
200700019330,0,07,000,00,1,0,01,A01
200700019331,0,07,000,00,2,1,01,A01
200700019331,0,33,000,00,2,1,01,B02
200700019332,0,07,000,00,2,7,00,A01
200700019332,0,07,000,00,2,1,01,B02
200700019333,0,07,000,13,0,1,01,A01
200700019334,0,07,000,02,0,1,01,A01
200700019335,0,07,000,00,1,1,01,A01
200700019336,0,07,000,02,0,8,01,A01
200700019337,0,07,000,13,0,1,01,A01
200700019338,0,07,000,08,0,6,00,A01
200700019339,0,31,000,00,2,1,13,A01
200700019339,0,07,000,00,2,3,01,B02
200700019340,0,07,000,00,2,1,01,A01
200700019340,0,01,000,00,2,8,19,B02
200700019341,0,07,000,06,0,3,01,A01
200700019342,0,07,000,00,2,1,01,A01
200700019342,0,01,000,00,2,1,01,B02
200700019343,0,02,000,01,0,7,01,A01
200700019344,0,07,000,00,2,3,15,A01
200700019344,0,07,000,00,2,3,01,B02
200700019345,0,02,000,16,0,1,17,A01
200700019346,0,07,000,00,0,1,00,A01
200700019347,0,07,000,00,2,3,19,A01
200700019347,0,07,000,00,2,1,01,B02
200700019348,0,21,000,00,2,3,01,A01
200700019348,0,07,000,00,2,3,01,B02
200700019349,0,30,000,00,2,1,13,A01
200700019349,0,21,000,00,2,3,01,B02
200700019350,0,07,000,00,2,2,19,A01
200700019350,0,33,000,00,2,1,01,B02
200700019351,0,10,000,09,2,7,01,A01
200700019351,0,07,000,00,2,3,01,B02
200700019352,0,02,000,13,0,1,01,A01
200700019353,0,02,000,00,2,2,05,A01
200700019353,0,07,000,00,2,3,01,B02
200700019354,0,31,000,13,0,1,01,A01
200700019355,0,01,000,00,2,0,01,A01
200700019355,0,07,000,00,0,0,17,B02
200700019356,0,07,000,00,2,3,01,A01
200700019356,0,07,000,00,2,2,01,B02
200700019357,0,14,000,00,2,1,02,A01
200700019357,0,17,000,00,2,4,02,B02
200700019357,0,17,000,00,2,6,01,C03
200700019358,0,33,000,00,0,7,01,A01
200700019359,0,07,000,02,0,8,01,A01
200700019360,0,07,000,02,0,1,01,A01
200700019361,0,07,000,06,0,1,01,A01
200700019362,0,07,000,13,0,1,01,A01
200700019363,0,07,000,08,2,1,01,A01
200700019363,0,07,000,00,2,1,19,B02
200700019364,0,07,000,13,0,1,01,A01
200700019365,0,10,000,13,0,2,01,A01
200700019366,0,02,000,00,2,1,13,A01
200700019366,0,10,000,00,2,1,01,B02
200700019367,0,07,000,13,0,3,01,A01
200700019368,0,07,000,13,0,1,01,A01
200700019369,0,07,000,04,0,1,15,A01
200700019370,0,07,000,00,2,3,19,A01
200700019370,0,07,000,00,2,1,01,B02
200700019371,0,07,000,13,0,1,01,A01
200700019372,0,07,000,13,0,2,01,A01
200700019373,0,07,000,13,0,3,01,A01
200700019374,0,07,000,00,2,3,13,A01
200700019374,0,07,000,00,2,3,21,B02
200700019375,0,10,000,00,2,3,13,A01
200700019375,0,15,000,00,2,3,01,B02
200700019376,0,07,000,02,0,1,13,A01
200700019377,0,07,000,00,9,7,15,A01
200700019377,0,01,000,00,2,1,01,B02
200700019378,0,07,000,00,0,6,15,A01
200700019378,0,07,000,00,2,2,17,B02
200700019379,0,33,000,16,0,0,01,A01
200700019380,0,07,000,00,2,1,17,A01
200700019380,0,07,000,00,2,1,01,B02
200700019381,0,07,000,13,0,1,00,A01
200700019382,0,07,000,13,0,1,01,A01
200700019383,0,07,000,00,0,0,00,A01
200700019383,0,07,000,00,2,4,15,B02
200700019384,0,02,000,00,2,3,15,A01
200700019384,0,02,000,00,2,1,01,B02
200700019385,0,07,000,00,2,3,01,A01
200700019385,0,07,000,00,2,1,13,B02
200700019386,0,07,000,13,0,1,01,A01
200700019387,0,30,000,00,2,1,01,A01
200700019387,0,07,000,00,2,7,01,B02
200700019388,0,07,000,00,1,1,01,A01
200700019389,0,07,000,04,0,1,01,A01
200700019390,0,33,000,13,0,8,01,A01
200700019391,0,07,000,02,0,6,01,A01
200700019392,0,07,000,00,2,2,17,A01
200700019392,0,14,000,00,2,6,01,B02
200700019393,0,31,000,00,9,0,00,A01
200700019394,0,07,000,00,2,1,02,A01
200700019394,0,07,000,00,2,4,02,B02
200700019395,0,33,000,08,0,1,01,A01
200700019396,0,07,000,00,2,3,06,A01
200700019396,0,07,000,00,2,2,01,B02
200700019397,0,07,000,00,2,6,23,A01
200700019397,0,07,000,00,0,5,23,B02
200700019397,0,33,000,00,2,1,01,C03
200700019398,0,07,000,01,0,7,19,A01
200700019398,0,10,000,00,2,1,01,B02
200700019398,0,07,000,00,2,1,23,C03
200700019399,0,07,000,00,2,1,13,A01
200700019399,0,07,000,00,2,3,01,B02
200700019400,0,07,000,00,2,4,15,A01
200700019400,0,07,000,00,2,1,01,B02
200700019401,0,07,000,00,2,3,15,A01
200700019401,0,31,000,00,2,1,17,B02
200700019402,0,07,000,13,0,9,00,A01
200700019403,0,30,000,00,0,8,15,A01
200700019404,0,33,000,13,0,8,01,A01
200700019405,0,07,000,00,0,1,14,A01
200700019406,0,07,000,00,2,8,02,A01
200700019406,0,21,000,00,2,6,02,B02
200700019407,0,07,000,00,2,1,01,A01
200700019407,0,07,000,00,2,4,23,B02
200700019407,0,07,000,00,2,4,23,C03
200700019407,0,07,000,00,0,4,23,D04
200700019408,0,07,000,00,0,1,21,A01
200700019409,0,07,000,00,0,8,10,A01
200700019409,0,07,000,00,2,1,01,B02
200700019410,0,31,000,00,2,1,17,A01
200700019410,0,07,000,00,2,1,01,B02
200700019411,0,10,000,00,0,5,15,A01
200700019411,0,33,000,00,2,1,02,B02
200700019412,0,07,000,00,1,1,01,A01
200700019413,0,33,000,00,2,1,17,A01
200700019413,0,07,000,00,9,3,15,B02
200700019414,0,07,000,00,0,3,01,A01
200700019415,0,07,000,00,5,2,01,A01
200700019416,0,07,000,00,1,4,04,A01
200700019417,0,31,000,00,2,1,01,A01
200700019417,0,07,000,00,2,6,01,B02
200700019418,0,07,000,02,0,1,01,A01
200700019419,0,10,000,00,2,2,01,A01
200700019419,0,01,000,00,2,1,15,B02
200700019420,0,07,000,00,2,3,01,A01
200700019420,0,01,000,00,2,1,05,B02
200700019421,0,07,000,14,0,4,02,A01
200700019421,0,10,000,14,0,1,02,B02
200700019421,0,07,000,00,0,4,17,C03
200700019422,0,33,000,15,0,1,01,A01
200700019423,0,10,000,00,0,0,17,A01
200700019423,0,07,000,00,2,7,17,B02
200700019423,0,15,000,00,2,8,01,C03
200700019424,0,07,000,13,0,1,13,A01
200700019425,0,07,000,02,0,7,01,A01
200700019426,0,07,000,13,0,9,13,A01
200700019427,0,31,000,00,2,1,13,A01
200700019427,0,07,000,00,2,3,15,B02
200700019428,0,33,000,13,0,1,01,A01
200700019429,0,07,000,00,1,1,01,A01
200700019430,0,07,000,06,2,1,01,A01
200700019430,0,07,000,00,2,5,01,B02
200700019431,0,07,000,00,2,1,01,A01
200700019431,0,07,000,00,2,5,21,B02
200700019432,0,07,000,00,9,2,01,A01
200700019432,0,01,000,00,2,1,00,B02
200700019433,0,07,000,00,2,2,02,A01
200700019433,0,02,000,00,2,1,02,B02
200700019434,0,07,000,00,2,2,01,A01
200700019434,0,07,000,00,2,1,19,B02
200700019435,0,07,000,00,2,1,17,A01
200700019435,0,07,000,00,2,3,01,B02
200700019435,0,07,000,00,2,1,01,C03
200700019436,0,10,000,00,0,8,19,A01
200700019436,0,10,000,00,2,3,01,B02
200700019437,0,07,000,00,2,1,17,A01
200700019437,0,14,000,00,2,1,01,B02
200700019438,0,07,000,00,2,3,17,A01
200700019438,0,07,000,00,2,3,01,B02
200700019439,0,07,000,00,0,1,01,A01
200700019439,0,07,000,00,0,1,00,B02
200700019440,0,07,000,00,2,7,15,A01
200700019440,0,33,000,00,2,1,01,B02
200700019441,0,10,000,00,0,7,17,A01
200700019441,0,02,000,00,0,8,13,B02
200700019442,0,31,000,00,1,1,01,A01
200700019443,0,33,000,16,0,1,01,A01
200700019444,0,31,000,15,0,1,01,A01
200700019445,0,30,000,00,0,0,01,A01
200700019446,0,07,000,03,0,3,01,A01
200700019447,0,33,000,00,0,9,01,A01
200700019448,0,02,000,00,2,7,17,A01
200700019449,0,07,000,13,0,1,01,A01
200700019450,0,07,000,01,0,2,00,A01
200700019450,0,14,000,00,0,6,24,B02
200700019451,0,30,000,00,0,0,01,A01
200700019452,0,02,000,00,9,4,15,A01
200700019452,0,33,000,00,2,1,17,B02
200700019453,0,07,000,00,0,0,01,A01
200700019454,0,07,000,00,0,2,01,A01
200700019455,0,01,000,00,2,1,00,A01
200700019455,0,07,000,00,9,2,01,B02
200700019456,0,07,000,06,0,1,01,A01
200700019457,0,02,000,13,0,1,01,A01
200700019458,0,10,000,00,2,1,01,A01
200700019458,0,10,000,00,2,4,01,B02
200700019458,0,10,000,00,2,4,01,C03
200700019459,0,07,000,00,1,2,01,A01
200700019460,0,07,000,00,2,3,13,A01
200700019460,0,07,000,00,2,3,01,B02
200700019460,0,07,000,00,2,1,01,C03
200700019461,0,07,000,00,2,1,01,A01
200700019461,0,07,000,00,2,1,01,B02
200700019462,0,33,000,00,2,3,11,A01
200700019462,0,07,000,00,2,3,01,B02
200700019463,0,07,000,00,1,1,01,A01
200700019464,0,33,000,00,2,1,13,A01
200700019464,0,07,000,00,0,5,01,B02
200700019465,0,07,000,00,2,5,13,A01
200700019465,0,17,000,00,2,2,01,B02
200700019466,0,07,000,00,1,7,20,A01
200700019467,0,07,000,06,0,1,01,A01
200700019468,0,07,000,00,2,8,15,A01
200700019468,0,30,000,00,2,1,16,B02
200700019469,0,33,000,06,0,1,01,A01
200700019470,0,07,000,00,2,3,15,A01
200700019470,0,07,000,00,2,1,01,B02
200700019471,0,33,000,00,2,1,01,A01
200700019471,0,07,000,00,2,2,01,B02
200700019471,0,07,000,00,2,6,23,C03
200700019472,0,02,000,08,0,7,01,A01
200700019473,0,07,000,00,2,3,13,A01