Num_Acc,senc,catv,occutc,obs,obsm,choc,manv,num_veh
200700019473,0,07,000,00,2,3,01,B02
200700019474,0,07,000,00,2,1,13,A01
200700019474,0,07,000,00,2,1,01,B02
200700019475,0,99,000,00,2,3,01,A01
200700019475,0,33,000,00,2,3,13,B02
200700019476,0,07,000,00,2,1,19,A01
200700019476,0,33,000,00,0,4,01,B02
200700019477,0,07,000,00,2,2,15,A01
200700019477,0,07,000,00,2,1,24,B02
200700019478,0,07,000,06,0,2,15,A01
200700019479,0,07,000,00,0,7,17,A01
200700019479,0,02,000,00,2,3,15,B02
200700019480,0,07,000,00,2,1,02,A01
200700019480,0,07,000,00,0,4,20,B02
200700019480,0,07,000,00,2,1,02,C03
200700019481,0,33,000,02,0,1,13,A01
200700019482,0,07,000,00,0,9,01,A01
200700019483,0,07,000,00,2,1,01,A01
200700019483,0,03,000,00,2,3,15,B02
200700019484,0,07,000,00,2,3,19,A01
200700019484,0,33,000,00,2,1,01,B02
200700019485,0,30,000,00,1,1,01,A01
200700019486,0,33,000,00,2,2,01,A01
200700019486,0,07,000,00,2,5,04,B02
200700019487,0,31,000,00,2,2,01,A01
200700019487,0,07,000,00,2,1,19,B02
200700019488,0,07,000,00,0,0,01,A01
200700019489,0,07,000,00,2,7,13,A01
200700019489,0,07,000,00,2,3,01,B02
200700019490,0,33,000,00,1,0,01,A01
200700019491,0,07,000,00,2,2,16,A01
200700019491,0,01,000,00,2,3,01,B02
200700019492,0,07,000,00,2,6,17,A01
200700019492,0,33,000,00,2,2,17,B02
200700019493,0,07,000,00,2,3,01,A01
200700019493,0,02,000,00,2,1,09,B02
200700019494,0,07,000,00,2,3,01,A01
200700019494,0,07,000,00,2,3,01,B02
200700019495,0,07,000,00,0,3,17,A01
200700019495,0,07,000,00,0,3,01,B02
200700019496,0,07,000,00,0,2,15,A01
200700019496,0,07,000,00,0,3,01,B02
200700019497,0,07,000,11,0,3,01,A01
200700019498,0,07,000,00,2,4,01,A01
200700019498,0,10,000,00,2,1,01,B02
200700019498,0,07,000,00,2,2,01,C03
200700019499,0,07,000,01,2,1,01,A01
200700019499,0,07,000,01,2,4,23,B02
200700019499,0,07,000,00,0,4,23,C03
200700019500,0,33,000,00,2,3,01,A01
200700019500,0,10,000,00,2,8,01,B02
200700019501,0,07,000,02,0,1,01,A01
200700019502,0,10,000,00,2,1,01,A01
200700019502,0,07,000,00,2,4,01,B02
200700019502,0,07,000,00,2,4,01,C03
200700019503,0,10,000,00,2,3,01,A01
200700019503,0,10,000,00,2,2,01,B02
200700019504,0,33,000,00,0,6,15,A01
200700019504,0,07,000,14,0,2,02,B02
200700019505,0,07,000,00,0,4,23,A01
200700019505,0,10,000,00,2,1,01,B02
200700019506,0,33,000,13,0,2,14,A01
200700019507,0,07,000,00,0,7,01,A01
200700019507,0,01,000,00,0,7,11,B02
200700019508,0,31,000,01,0,2,14,A01
200700019508,0,07,000,00,0,4,00,B02
200700019509,0,07,000,00,2,1,15,A01
200700019509,0,33,000,00,2,1,16,B02
200700019510,0,07,000,00,1,2,01,A01
200700019511,0,31,000,16,0,0,00,A01
200700019512,0,07,000,00,2,1,01,A01
200700019512,0,33,000,00,2,7,01,B02
200700019513,0,07,000,02,0,2,01,A01
200700019514,0,07,000,00,0,5,15,A01
200700019514,0,33,000,00,2,1,01,B02
200700019515,0,33,000,00,0,0,01,A01
200700019516,0,33,000,00,6,1,01,A01
200700019517,0,07,000,00,0,0,00,A01
200700019517,0,07,000,00,0,0,00,B02
200700019517,0,07,000,00,2,1,01,C03
200700019518,0,33,000,00,0,0,00,A01
200700019519,0,32,000,00,0,7,21,A01
200700019520,0,33,000,00,2,1,02,A01
200700019520,0,07,000,00,2,4,02,B02
200700019521,0,30,000,00,2,1,01,A01
200700019521,0,21,000,00,2,5,04,B02
200700019522,0,07,000,00,2,1,19,A01
200700019522,0,01,000,00,2,7,01,B02
200700019523,0,01,000,00,2,7,01,A01
200700019523,0,07,000,00,2,3,01,B02
200700019524,0,07,000,00,2,7,15,A01
200700019524,0,02,000,00,2,1,21,B02
200700019525,0,07,000,00,1,3,15,A01
200700019526,0,07,000,03,0,1,01,A01
200700019526,0,07,000,00,2,1,01,B02
200700019527,0,33,000,00,2,1,16,A01
200700019527,0,07,000,00,2,3,15,B02
200700019528,0,07,000,00,2,3,23,A01
200700019528,0,01,000,14,0,8,13,B02
200700019529,0,33,000,00,2,1,01,A01
200700019529,0,01,000,00,2,8,19,B02
200700019530,0,07,000,00,9,2,01,A01
200700019530,0,01,000,00,0,4,16,B02
200700019531,0,07,000,00,0,2,15,A01
200700019531,0,30,000,00,0,1,01,B02
200700019532,0,07,000,00,0,0,01,A01
200700019533,0,33,000,00,2,1,13,A01
200700019533,0,33,000,00,2,1,01,B02
200700019534,0,07,000,06,0,1,14,A01
200700019535,0,31,000,16,0,7,02,A01
200700019536,0,07,000,02,0,7,13,A01
200700019537,0,33,000,00,2,7,17,A01
200700019537,0,01,000,00,2,4,02,B02
200700019538,0,07,000,00,0,1,00,A01
200700019539,0,07,000,00,2,3,15,A01
200700019539,0,33,000,00,2,1,01,B02
200700019540,0,07,000,02,0,1,01,A01
200700019541,0,33,000,00,1,1,17,A01
200700019541,0,10,000,00,2,8,15,B02
200700019542,0,07,000,00,2,2,15,A01
200700019542,0,33,000,00,2,1,01,B02
200700019543,0,33,000,00,2,1,17,A01
200700019543,0,07,000,00,2,8,15,B02
200700019544,0,07,000,00,0,6,01,A01
200700019544,0,07,000,00,0,2,01,B02
200700019545,0,33,000,00,2,8,01,A01
200700019545,0,07,000,00,2,3,13,B02
200700019546,0,02,000,00,2,1,13,A01
200700019546,0,07,000,00,2,3,01,B02
200700019547,0,02,000,00,0,2,21,A01
200700019547,0,07,000,00,0,7,16,B02
200700019548,0,07,000,00,0,2,00,A01
200700019549,0,07,000,02,0,9,13,A01
200700019550,0,02,000,00,2,3,01,A01
200700019550,0,13,000,00,0,5,01,B02
200700019551,0,07,000,00,2,8,15,A01
200700019551,0,07,000,00,2,1,01,B02
200700019552,0,07,000,00,2,2,01,A01
200700019552,0,07,000,00,2,3,01,B02
200700019553,0,07,000,02,0,1,01,A01
200700019554,0,02,000,06,0,1,00,A01
200700019555,0,07,000,00,2,1,21,A01
200700019555,0,07,000,00,2,8,19,B02
200700019556,0,15,000,00,2,3,13,A01
200700019556,0,10,000,00,2,1,01,B02
200700019557,0,07,000,00,2,1,01,A01
200700019557,0,07,000,00,2,3,01,B02
200700019557,0,10,000,00,2,1,13,C03
200700019558,0,07,000,08,0,1,14,A01
200700019559,0,07,000,00,2,3,13,A01
200700019559,0,07,000,00,2,2,02,B02
200700019559,0,15,000,00,2,1,01,C03
200700019560,0,13,000,00,2,2,01,A01
200700019560,0,07,000,00,2,3,19,B02
200700019561,0,31,000,00,2,3,09,A01
200700019561,0,07,000,00,2,2,01,B02
200700019562,0,07,000,13,0,1,01,A01
200700019563,0,07,000,00,2,8,19,B02
200700019563,0,14,000,00,2,1,01,A01
200700019564,0,07,000,02,0,3,01,A01
200700019565,0,33,000,16,0,0,01,A01
200700019566,0,10,000,00,2,2,01,A01
200700019566,0,01,000,00,2,4,01,B02
200700019567,0,36,000,01,0,1,01,A01
200700019568,0,01,000,00,2,8,19,A01
200700019568,1,07,000,00,1,2,01,B02
200700019569,0,31,000,15,0,1,01,A01
200700019570,0,07,000,00,0,1,01,A01
200700019571,0,33,000,00,2,1,19,A01
200700019571,0,38,000,00,2,8,01,B02
200700019572,0,07,000,00,1,2,01,A01
200700019573,0,33,000,00,2,1,01,A01
200700019573,0,07,000,00,0,3,15,B02
200700019574,0,07,000,00,1,2,01,A01
200700019575,0,07,000,00,2,2,15,A01
200700019575,0,30,000,00,2,1,19,B02
200700019576,0,33,000,08,0,1,21,A01
200700019577,0,07,000,00,2,3,13,A01
200700019577,0,07,000,00,2,3,01,B02
200700019578,0,33,000,00,0,8,15,A01
200700019579,0,07,000,00,1,2,01,A01
200700019580,0,07,000,00,1,2,01,A01
200700019581,0,07,000,00,0,3,00,A01
200700019581,0,01,000,00,0,4,15,B02
200700019582,0,30,000,00,2,3,01,A01
200700019582,0,07,000,00,2,2,15,B02
200700019583,0,10,000,06,0,1,00,A01
200700019584,0,07,000,00,2,3,15,A01
200700019584,0,02,000,00,2,1,17,B02
200700019585,0,31,000,00,0,0,01,A01
200700019586,0,07,000,13,0,1,13,A01
200700019586,0,07,000,13,0,1,01,B02
200700019587,0,31,000,02,0,1,01,A01
200700019588,0,07,000,00,1,3,01,A01
200700019589,0,07,000,00,2,2,01,A01
200700019589,0,10,000,00,2,6,01,B02
200700019590,0,02,000,06,0,1,01,A01
200700019591,0,30,000,06,0,1,13,A01
200700019592,0,07,000,00,2,2,01,A01
200700019592,0,01,000,00,2,1,00,B02
200700019593,0,10,000,00,2,8,19,A01
200700019593,0,33,000,00,2,1,01,B02
200700019594,0,02,000,08,0,2,01,A01
200700019595,0,07,000,02,0,2,01,A01
200700019596,0,07,000,02,0,1,13,A01
200700019597,0,31,000,00,2,1,01,B02
200700019597,0,14,000,00,2,8,01,A01
200700019598,0,07,000,00,2,3,13,A01
200700019598,0,17,000,00,2,3,01,B02
200700019599,0,31,000,00,0,0,00,A01
200700019600,0,14,000,00,2,3,15,A01
200700019600,0,10,000,00,2,1,01,B02
200700019601,0,07,000,00,2,1,01,A01
200700019601,0,07,000,00,2,7,01,B02
200700019601,0,07,000,00,0,0,00,C03
200700019602,0,07,000,00,2,3,15,A01
200700019602,0,02,000,00,2,1,01,B02
200700019603,0,10,000,02,0,1,01,A01
200700019604,0,07,000,13,0,1,01,A01
200700019605,0,07,000,00,2,1,01,A01
200700019605,0,07,000,00,2,8,19,B02
200700019606,0,33,000,00,0,8,17,A01
200700019606,0,07,000,00,0,4,11,B02
200700019607,0,07,000,00,1,2,01,A01
200700019608,0,07,000,13,0,1,00,A01
200700019609,0,10,000,02,0,1,01,A01
200700019610,0,07,000,02,0,9,01,A01
200700019611,0,30,000,00,0,1,01,A01
200700019612,0,02,000,00,0,0,01,A01
200700019613,0,01,000,00,2,1,15,A01
200700019613,0,07,000,00,2,2,01,B02
200700019614,0,07,000,00,2,1,02,A01
200700019614,0,07,000,00,0,4,01,B02
200700019615,0,02,000,01,0,1,02,A01
200700019615,0,10,000,00,2,6,24,B02
200700019616,0,07,000,00,2,3,01,A01
200700019616,0,14,000,00,2,3,01,B02
200700019617,0,07,000,03,0,8,17,A01
200700019618,0,07,000,00,2,2,17,A01
200700019618,0,17,000,00,2,6,01,B02
200700019619,0,07,000,13,0,3,13,A01
200700019620,0,07,000,00,2,3,15,A01
200700019620,0,02,000,00,2,3,01,B02
200700019621,0,30,000,00,2,8,15,A01
200700019621,0,07,000,00,2,1,01,B02
200700019622,0,07,000,00,2,3,01,A01
200700019622,0,07,000,00,2,3,13,B02
200700019623,0,33,000,00,2,1,01,A01
200700019623,0,07,000,00,2,2,15,B02
200700019624,0,38,000,00,0,7,15,A01
200700019624,0,31,000,00,2,1,01,B02
200700019625,0,07,000,00,2,2,15,A01
200700019625,0,07,000,00,2,2,01,B02
200700019626,0,10,000,00,2,5,19,A01
200700019626,0,07,000,00,2,1,01,B02
200700019627,0,07,000,00,2,7,15,A01
200700019627,0,02,000,00,2,1,01,B02
200700019628,0,33,000,08,0,1,01,A01
200700019629,0,10,000,02,0,3,13,A01
200700019630,0,07,000,00,0,3,15,A01
200700019630,0,07,000,00,2,3,01,B02
200700019631,0,07,000,00,2,1,01,A01
200700019631,0,07,000,00,2,1,01,B02
200700019632,0,07,000,00,1,1,17,A01
200700019633,0,07,000,00,2,3,01,A01
200700019633,0,07,000,00,2,1,01,B02
200700019634,0,02,000,00,2,1,01,A01
200700019634,0,07,000,00,2,1,01,B02
200700019635,0,30,000,00,0,0,00,A01
200700019636,0,07,000,02,0,3,01,A01
200700019637,0,33,000,00,0,7,01,A01
200700019638,0,07,000,00,2,6,11,A01
200700019638,0,07,000,00,2,2,17,B02
200700019638,0,07,000,00,2,3,02,C03
200700019639,0,10,000,00,2,8,15,A01
200700019639,0,02,000,00,2,1,01,B02
200700019640,0,07,000,00,2,1,01,A01
200700019640,0,07,000,00,2,1,01,B02
200700019641,0,07,000,00,2,7,13,A01
200700019641,0,07,000,00,2,1,01,B02
200700019642,0,07,000,06,0,9,01,A01
200700019643,0,07,000,00,2,1,01,A01
200700019643,0,07,000,00,2,2,06,B02
200700019644,0,33,000,00,6,1,00,A01
200700019645,0,07,000,02,0,1,01,A01
200700019646,0,07,000,06,1,6,04,A01
200700019647,0,07,000,00,0,0,01,A01
200700019648,0,07,000,00,2,1,01,A01
200700019648,0,07,000,00,2,4,15,B02
200700019648,0,10,000,00,2,3,01,C03
200700019649,0,33,000,13,0,1,14,A01
200700019650,0,07,000,00,2,3,01,A01
200700019650,0,07,000,00,2,8,01,B02
200700019651,0,07,000,00,5,1,01,A01
200700019651,0,10,000,00,0,0,01,B02
200700019651,0,10,000,00,2,2,00,D04
200700019652,0,07,000,00,0,2,19,A01
200700019652,0,33,000,00,2,1,01,B02
200700019653,0,10,000,00,0,8,10,A01
200700019653,0,33,000,00,2,1,00,B02
200700019654,0,07,000,00,2,3,01,A01
200700019654,0,07,000,00,2,3,01,B02
200700019655,0,07,000,00,2,3,13,A01
200700019655,0,07,000,00,2,3,01,B02
200700019656,0,07,000,00,2,5,19,A01
200700019656,0,07,000,00,2,1,01,B02
200700019657,0,07,000,00,2,1,01,A01
200700019657,0,02,000,00,2,1,05,B02
200700019658,0,07,000,00,2,2,01,A01
200700019658,0,01,000,00,0,4,15,B02
200700019659,0,07,000,08,2,7,13,A01
200700019659,0,07,000,00,2,1,01,B02
200700019659,0,33,000,00,2,1,01,C03
200700019660,0,33,000,00,2,1,17,A01
200700019660,0,07,000,00,2,8,15,B02
200700019661,0,33,000,00,0,0,01,A01
200700019662,0,07,000,00,2,2,02,A01
200700019662,0,01,000,00,2,4,01,B02
200700019662,0,01,000,00,2,4,01,C03
200700019663,0,02,000,00,0,0,00,A01
200700019664,0,33,000,00,2,3,01,A01
200700019664,0,07,000,00,2,6,01,B02
200700019665,0,07,000,00,2,1,19,A01
200700019665,0,30,000,00,2,7,01,B02
200700019666,0,07,000,13,0,2,14,A01
200700019667,0,07,000,06,0,1,01,A01
200700019668,0,10,000,00,0,3,15,A01
200700019668,0,07,000,00,2,3,01,B02
200700019669,0,30,000,00,2,1,01,B02
200700019669,0,10,000,00,9,3,15,A01
200700019670,0,07,000,00,1,2,02,A01
200700019671,0,33,000,00,2,2,17,A01
200700019671,0,10,000,00,0,6,15,B02
200700019671,0,07,000,00,2,7,01,C03
200700019672,0,07,000,08,0,3,01,A01
200700019673,0,33,000,02,0,1,01,A01
200700019674,0,07,000,02,0,3,01,A01
200700019675,0,32,000,08,0,1,01,A01
200700019676,0,07,000,00,0,5,01,A01
200700019676,0,30,000,00,2,1,01,B02
200700019677,0,07,000,00,1,0,01,A01
200700019678,0,07,000,13,0,2,13,A01
200700019679,0,36,000,06,0,3,01,A01
200700019680,0,07,000,00,2,2,17,A01
200700019680,0,07,000,00,2,8,15,B02
200700019681,0,07,000,13,0,2,01,A01
200700019682,0,31,000,00,2,1,13,A01
200700019682,0,07,000,14,0,1,01,B02
200700019682,0,07,000,00,0,0,01,C03
200700019683,0,05,000,10,0,1,01,A01
200700019683,0,05,000,10,0,1,01,B02
200700019684,0,30,000,00,1,1,02,A01
200700019685,0,07,000,00,2,3,13,A01
200700019685,0,14,000,00,2,3,01,B02
200700019686,0,07,000,00,2,6,19,A01
200700019686,0,07,000,00,2,1,01,B02
200700019687,0,07,000,00,2,1,01,A01
200700019687,0,07,000,00,2,1,01,B02
200700019688,0,07,000,00,2,3,19,A01
200700019688,0,33,000,00,2,1,01,B02
200700019689,0,07,000,00,0,9,00,A01
200700019690,0,07,000,00,2,3,01,A01
200700019690,0,10,000,00,2,3,01,B02
200700019691,0,07,000,02,0,2,13,A01
200700019692,0,07,000,00,0,0,00,A01
200700019693,0,10,000,00,2,2,17,A01
200700019693,0,07,000,00,2,6,01,B02
200700019694,0,07,000,00,2,1,13,A01
200700019694,0,07,000,00,2,1,01,B02
200700019695,0,10,000,02,0,1,01,A01
200700019696,0,33,000,13,0,1,14,A01
200700019697,0,07,000,00,0,9,01,A01
200700019698,0,07,000,00,2,1,19,A01
200700019698,0,01,000,00,2,7,01,B02
200700019699,0,02,000,00,2,1,13,A01
200700019699,0,07,000,00,2,1,19,B02
200700019700,0,02,000,08,0,1,01,A01
200700019701,0,33,000,00,2,1,02,A01
200700019701,0,07,000,00,0,6,02,B02
200700019702,0,07,000,00,2,1,15,B02
200700019702,0,01,000,00,2,1,01,A01
200700019703,0,07,000,00,1,2,01,A01
200700019704,0,02,000,00,2,2,01,A01
200700019704,0,07,000,00,2,3,15,B02
200700019705,0,07,000,00,2,2,19,A01
200700019705,0,02,000,00,2,1,01,B02
200700019706,0,07,000,00,2,3,17,A01
200700019706,0,02,000,00,2,4,15,B02
200700019707,0,33,000,14,0,1,02,A01
200700019707,0,07,000,00,0,5,15,B02
200700019707,0,10,000,03,2,2,02,C03
200700019708,0,30,000,01,0,1,21,A01
200700019708,0,30,000,00,0,4,24,B02
200700019709,0,07,000,00,2,3,09,A01
200700019709,0,33,000,00,2,1,01,B02
200700019710,0,07,000,00,2,2,01,A01
200700019710,0,30,000,00,2,1,05,B02
200700019711,0,07,000,00,0,3,01,A01
200700019711,0,01,000,00,0,8,01,B02
200700019712,0,10,000,00,1,3,01,A01
200700019713,0,07,000,02,0,8,01,A01
200700019714,0,10,000,00,2,1,01,A01
200700019714,0,02,000,00,2,1,13,B02
200700019715,0,02,000,13,0,9,01,A01
200700019716,0,01,000,00,2,8,19,A01
200700019716,0,07,000,00,9,1,01,B02
200700019717,0,07,000,02,0,3,01,A01
200700019718,0,02,000,00,2,1,13,A01
200700019718,0,07,000,00,2,3,17,B02
200700019719,0,02,000,00,2,1,01,A01
200700019719,0,07,000,00,2,3,15,B02
200700019720,0,21,000,00,2,1,01,A01
200700019720,0,02,000,00,2,1,13,B02
200700019721,0,07,000,00,2,3,05,A01
200700019721,0,07,000,00,2,3,01,B02
200700019722,0,02,000,00,2,3,01,A01
200700019722,0,07,000,00,2,3,01,B02
200700019723,0,02,000,00,2,1,00,A01
200700019723,0,07,000,00,2,3,15,B02
200700019724,0,33,000,00,0,7,14,A01
200700019725,0,07,000,00,2,2,15,A01
200700019725,0,01,000,00,2,1,01,B02
200700019726,0,07,000,00,2,3,13,A01
200700019726,0,33,000,00,2,3,01,B02
200700019726,0,31,000,00,2,1,01,C03
200700019727,0,33,000,13,0,1,01,A01
200700019728,0,07,000,04,0,1,01,A01
200700019728,0,07,000,00,2,1,01,B02
200700019729,0,07,000,04,0,7,01,A01
200700019730,0,07,000,00,2,6,01,A01
200700019730,0,07,000,00,2,3,17,B02
200700019731,0,33,000,00,0,1,01,A01
200700019732,0,07,000,04,2,1,13,A01
200700019732,0,07,000,00,2,6,01,B02
200700019732,0,07,000,03,2,8,01,C03
200700019733,0,10,000,03,0,1,01,A01
200700019734,0,07,000,00,2,1,02,A01
200700019734,0,17,000,00,0,0,02,B02
200700019735,0,07,000,00,2,8,11,A01
200700019735,0,07,000,04,2,7,01,B02
200700019736,0,07,000,00,2,5,01,A01
200700019736,0,07,000,00,2,3,02,B02
200700019736,0,07,000,00,2,3,05,C03
200700019737,0,07,000,00,2,3,15,A01
200700019737,0,02,000,00,2,1,01,B02
200700019738,0,02,000,10,0,1,13,A01
200700019739,0,31,000,00,2,1,02,A01
200700019739,0,07,000,00,2,6,02,B02
200700019740,0,33,000,12,0,1,17,A01
200700019741,0,07,000,00,2,1,15,A01
200700019741,0,30,000,00,2,1,02,B02
200700019742,0,10,000,00,2,0,01,A01
200700019742,0,33,000,00,2,0,17,B02
200700019743,0,31,000,00,2,3,01,A01
200700019743,0,33,000,00,2,3,01,B02
200700019744,0,07,000,02,0,2,01,A01
200700019745,0,07,000,13,0,2,14,A01
200700019746,0,07,000,00,2,3,01,A01
200700019746,0,07,000,00,0,4,01,B02
200700019747,0,30,000,00,2,8,02,A01
200700019748,0,32,000,00,2,1,01,A01
200700019748,0,07,000,00,2,8,19,B02
200700019749,0,32,000,00,2,1,17,A01
200700019749,0,07,000,00,2,6,15,B02
200700019750,0,07,000,02,0,1,01,A01
200700019751,0,32,000,00,2,1,13,A01
200700019751,0,07,000,00,2,3,01,B02
200700019752,0,33,000,10,0,1,02,A01
200700019753,0,07,000,00,2,1,01,A01
200700019753,0,07,000,00,2,5,01,B02
200700019754,0,07,000,16,0,1,01,A01
200700019755,0,07,000,00,2,3,01,A01
200700019755,0,07,000,00,2,8,15,B02
200700019756,0,07,000,00,2,5,09,A01
200700019756,0,33,000,00,2,1,01,B02
200700019757,0,07,000,00,2,3,13,A01
200700019757,0,30,000,00,2,1,01,B02
200700019758,0,10,000,13,0,2,01,A01
200700019759,0,33,000,00,9,0,01,A01
200700019760,0,33,000,00,0,7,01,A01
200700019761,0,07,000,00,0,3,01,A01
200700019761,0,07,000,00,0,3,01,B02
200700019762,0,32,000,00,2,1,13,A01
200700019762,0,07,000,00,2,3,01,B02
200700019763,0,33,000,00,2,2,13,A01
200700019763,0,07,000,00,2,2,00,B02
200700019764,0,07,000,00,0,0,21,A01
200700019765,0,07,000,16,0,1,01,A01
200700019766,0,07,000,02,0,1,01,A01
200700019767,0,07,000,00,1,2,01,A01
200700019768,0,07,000,06,0,1,01,A01
200700019769,0,33,000,00,0,0,01,A01
200700019770,0,31,000,02,0,0,01,A01
200700019771,0,07,000,13,0,3,01,A01
200700019772,0,07,000,13,0,1,00,A01
200700019773,0,07,000,13,0,9,17,A01
200700019774,0,02,000,08,0,1,16,A01
200700019775,0,07,000,00,2,1,02,A01
200700019775,0,07,000,00,2,4,02,B02
200700019775,0,07,000,00,0,4,02,C03
200700019776,0,30,000,00,2,8,10,A01
200700019776,0,07,000,00,2,3,01,B02
200700019777,0,31,000,13,0,1,01,A01
200700019778,0,31,000,00,2,3,01,A01
200700019778,0,30,000,00,2,3,01,B02
200700019779,0,07,000,03,2,3,05,A01
200700019779,0,31,000,00,2,1,01,B02
200700019780,0,33,000,00,2,7,01,A01
200700019780,0,10,000,00,2,1,01,B02
200700019781,0,07,000,00,1,1,01,A01
200700019782,0,07,000,06,0,3,13,A01
200700019783,0,33,000,15,0,1,01,A01
200700019784,0,07,000,00,2,2,09,A01
200700019784,0,31,000,00,2,1,01,B02
200700019784,0,07,000,00,2,1,01,C03
200700019785,0,02,000,08,0,1,13,A01
200700019786,0,10,000,00,2,3,19,A01
200700019786,0,02,000,00,2,1,01,B02
200700019787,0,33,000,13,0,2,01,A01
200700019788,0,33,000,00,0,0,15,A01
200700019789,0,07,000,00,2,3,20,A01
200700019789,0,30,000,00,2,1,17,B02
200700019790,0,02,000,00,0,1,19,A01
200700019790,0,07,000,00,2,2,01,B02
200700019791,0,07,000,10,0,2,01,A01
200700019792,0,07,000,00,1,1,01,A01
200700019793,0,07,000,00,1,4,04,A01
200700019794,0,07,000,00,2,3,02,A01
200700019794,0,32,000,00,2,4,02,B02
200700019795,0,07,000,13,0,3,01,A01
200700019796,0,02,000,00,2,1,15,A01
200700019796,0,07,000,00,2,2,01,B02
200700019797,0,33,000,00,2,2,01,A01
200700019797,0,07,000,00,2,1,01,B02
200700019798,0,07,000,00,2,1,01,A01
200700019798,0,31,000,00,2,3,15,B02
200700019799,0,33,000,00,2,1,02,A01
200700019799,0,07,000,00,2,6,02,B02
200700019800,0,07,000,00,0,1,01,A01
200700019800,0,07,000,00,0,3,13,B02
200700019801,0,07,000,00,2,3,01,A01
200700019801,0,07,000,00,2,3,17,B02
200700019802,0,07,000,00,2,3,17,A01
200700019802,0,07,000,00,2,8,01,B02
200700019803,0,07,000,13,0,1,14,A01
200700019804,0,07,000,00,2,1,13,A01
200700019804,0,07,000,00,2,1,01,B02
200700019805,0,07,000,00,2,3,09,A01
200700019805,0,15,000,00,2,1,01,B02
200700019806,0,07,000,08,0,2,01,A01
200700019807,0,33,000,00,2,3,13,A01
200700019807,0,07,000,00,2,8,01,B02
200700019808,0,07,000,00,2,8,01,A01
200700019808,1,07,000,00,2,2,17,B02
200700019809,0,30,000,00,2,1,01,A01
200700019809,0,07,000,00,2,1,15,B02
200700019810,0,07,000,00,2,3,01,A01
200700019810,0,02,000,00,2,1,01,B02
200700019811,0,10,000,00,2,1,01,A01
200700019811,0,32,000,00,2,1,13,B02
200700019812,0,10,000,00,2,3,15,A01
200700019812,0,30,000,00,2,1,17,B02
200700019813,0,10,000,01,2,1,19,A01
200700019813,0,07,000,00,2,1,01,B02
200700019814,0,07,000,00,2,1,19,A01
200700019814,0,31,000,00,2,7,01,B02
200700019815,0,14,000,00,2,6,01,A01
200700019815,0,01,000,00,2,1,13,B02
200700019816,0,10,000,00,2,3,13,A01
200700019816,0,10,000,00,2,1,01,B02
200700019816,0,13,000,02,2,3,01,C03
200700019817,0,14,000,00,0,5,23,A01
200700019817,0,01,000,00,2,2,01,B02
200700019818,0,07,000,00,0,3,10,A01
200700019818,0,31,000,00,2,1,17,B02
200700019819,0,07,000,00,0,9,01,A01
200700019820,0,07,000,00,2,1,01,A01
200700019820,0,07,000,00,2,1,06,B02
200700019821,0,07,000,12,2,1,01,A01
200700019821,0,07,000,00,2,1,01,B02
200700019822,0,07,000,00,0,8,00,A01
200700019822,0,34,000,00,2,1,00,B02
200700019823,0,33,000,08,0,1,01,A01
200700019824,0,33,000,00,2,2,13,A01
200700019824,0,33,000,00,2,3,01,B02
200700019825,0,07,000,00,2,1,01,A01
200700019825,0,07,000,00,2,3,01,B02
200700019826,0,07,000,00,2,3,15,A01
200700019826,0,31,000,00,2,1,01,B02
200700019827,0,33,000,00,2,1,01,A01
200700019827,0,07,000,00,2,4,15,B02
200700019828,0,33,000,00,0,7,01,A01
200700019829,0,07,000,00,2,2,15,A01
200700019829,0,07,000,00,2,7,01,B02
200700019830,0,07,000,00,2,1,13,A01
200700019830,0,07,000,00,2,1,21,B02
200700019831,0,07,000,00,2,8,09,A01
200700019831,0,02,000,00,2,1,01,B02
200700019832,0,07,000,00,2,1,13,A01
200700019832,0,01,000,00,2,1,01,B02
200700019833,0,07,000,00,2,3,13,A01
200700019833,0,07,000,00,2,3,01,B02
200700019834,0,07,000,06,0,1,01,A01
200700019835,0,20,000,00,2,1,01,A01
200700019835,0,07,000,00,2,4,01,B02
200700019836,0,07,000,00,2,3,01,B02
200700019836,0,07,000,00,2,7,01,A01
200700019837,0,07,000,00,0,2,00,A01
200700019837,0,02,000,00,2,1,00,B02
200700019838,0,33,000,00,2,1,01,A01
200700019838,0,07,000,00,2,5,09,B02
200700019839,0,30,000,00,2,7,18,A01
200700019839,0,01,000,00,9,7,01,B02
200700019840,0,07,000,00,2,4,01,A01
200700019840,0,07,000,00,2,1,01,B02
200700019841,0,07,000,02,0,1,13,A01
200700019842,0,07,000,02,0,1,00,A01
200700019843,0,07,000,00,2,7,13,A01
200700019843,0,99,000,00,2,1,01,B02
200700019844,0,33,000,13,0,1,01,A01
200700019845,0,10,000,00,2,1,11,A01
200700019845,0,10,000,00,2,1,01,B02
200700019846,0,07,000,00,0,7,17,A01
200700019846,0,01,000,00,2,1,01,B02
200700019847,0,07,000,08,0,1,13,A01
200700019848,0,07,000,00,2,1,01,A01
200700019849,0,10,000,00,1,1,01,A01
200700019850,0,14,000,00,0,9,01,A01
200700019851,0,07,000,00,2,2,01,A01
200700019851,0,01,000,00,2,1,01,B02
200700019852,0,07,000,02,0,1,01,A01
200700019853,0,07,000,02,0,2,01,A01