Num_Acc,senc,catv,occutc,obs,obsm,choc,manv,num_veh
200700019854,0,07,000,00,2,1,01,A01
200700019854,0,07,000,00,2,2,15,B02
200700019855,0,07,000,00,2,1,15,A01
200700019855,0,33,000,00,2,1,01,B02
200700019856,0,07,000,00,2,9,13,A01
200700019856,0,07,000,00,2,1,01,B02
200700019856,0,07,000,00,2,8,01,C03
200700019857,0,07,000,00,2,2,15,A01
200700019857,0,31,000,00,2,1,01,B02
200700019858,0,07,000,02,0,1,13,A01
200700019859,0,33,000,13,0,1,01,A01
200700019860,0,07,000,00,2,1,13,A01
200700019860,0,07,000,00,2,1,01,B02
200700019861,0,31,000,00,0,1,00,A01
200700019862,0,07,000,13,0,7,01,A01
200700019863,0,33,000,13,0,1,15,A01
200700019864,0,15,000,00,0,3,01,A01
200700019864,0,07,000,00,2,1,13,B02
200700019865,0,07,000,02,0,1,01,A01
200700019866,0,21,000,00,2,8,01,A01
200700019866,0,02,000,00,2,1,13,B02
200700019867,0,33,000,00,5,2,01,A01
200700019868,0,07,000,00,2,1,00,A01
200700019868,0,07,000,00,2,3,13,B02
200700019869,0,31,000,16,0,1,01,A01
200700019870,0,07,000,00,2,1,01,A01
200700019870,0,07,000,00,2,4,01,B02
200700019871,0,07,000,00,2,3,01,B02
200700019871,0,07,000,00,2,2,01,A01
200700019872,0,07,000,00,9,1,13,A01
200700019872,0,17,000,00,2,1,01,B02
200700019872,0,07,000,00,2,8,01,C03
200700019873,0,07,000,00,2,8,19,A01
200700019873,0,07,000,00,2,1,01,B02
200700019874,0,07,000,00,2,3,01,A01
200700019874,0,07,000,00,2,2,17,B02
200700019875,0,07,000,00,2,3,13,A01
200700019875,0,07,000,00,2,3,21,B02
200700019876,0,31,000,00,2,1,11,A01
200700019876,0,07,000,00,2,8,01,B02
200700019877,0,01,000,00,2,1,01,B02
200700019877,0,10,000,00,2,3,15,A01
200700019878,0,07,000,02,0,7,14,A01
200700019879,0,30,000,00,2,1,13,A01
200700019879,0,07,000,00,2,1,01,B02
200700019880,0,99,000,10,0,1,01,A01
200700019881,0,07,000,00,2,3,01,A01
200700019881,0,07,000,00,2,3,13,B02
200700019882,0,07,000,00,2,8,20,A01
200700019882,0,02,000,00,2,7,02,B02
200700019883,0,07,000,00,2,1,13,A01
200700019883,0,07,000,00,2,1,01,B02
200700019884,0,07,000,05,2,1,13,A01
200700019884,0,07,000,00,2,1,01,B02
200700019884,0,07,000,03,0,7,01,C03
200700019885,0,38,000,00,1,0,15,A01
200700019886,0,33,000,00,0,1,01,A01
200700019887,0,07,000,00,2,7,13,A01
200700019887,0,07,000,00,2,1,01,B02
200700019888,0,07,000,02,0,3,00,A01
200700019889,0,10,000,00,2,3,00,A01
200700019889,0,33,000,00,2,1,01,B02
200700019890,0,07,000,02,0,3,01,A01
200700019891,0,07,000,00,2,7,01,A01
200700019891,0,07,000,00,2,3,01,B02
200700019892,0,07,000,00,1,2,01,A01
200700019893,0,07,000,00,0,1,01,A01
200700019893,0,07,000,00,0,1,01,B02
200700019894,0,07,000,00,1,2,01,A01
200700019895,0,07,000,00,2,1,13,A01
200700019895,0,07,000,00,0,0,19,B02
200700019895,0,07,000,00,0,1,23,C03
200700019896,0,07,000,00,2,3,01,A01
200700019896,0,07,000,00,2,2,01,B02
200700019897,0,33,000,00,0,1,01,A01
200700019897,0,07,000,00,2,2,00,B02
200700019898,0,17,000,00,2,4,19,A01
200700019898,0,33,000,00,2,1,01,B02
200700019899,0,07,000,13,0,1,02,A01
200700019900,0,07,000,00,2,2,01,A01
200700019901,0,02,000,00,2,1,15,A01
200700019901,0,07,000,00,2,1,01,B02
200700019902,0,33,000,00,2,1,17,A01
200700019902,0,07,000,00,2,4,15,B02
200700019903,0,30,000,00,0,3,01,A01
200700019904,0,07,000,00,1,3,00,A01
200700019905,0,10,000,00,1,3,01,A01
200700019906,0,30,000,00,0,7,01,A01
200700019907,0,07,000,00,0,7,15,A01
200700019907,0,31,000,00,2,1,01,B02
200700019908,0,07,000,00,2,3,01,A01
200700019908,0,01,000,00,2,4,15,B02
200700019909,0,07,000,00,2,1,05,A01
200700019909,0,07,000,00,2,1,01,B02
200700019910,0,07,000,13,0,2,14,A01
200700019911,0,33,000,08,0,2,01,A01
200700019912,0,07,000,00,0,4,01,A01
200700019912,0,07,000,00,2,1,01,B02
200700019912,0,07,000,00,2,1,01,C03
200700019912,0,07,000,00,2,1,01,D04
200700019912,0,07,000,00,2,1,01,E05
200700019913,0,07,000,00,2,3,19,B02
200700019913,0,07,000,00,2,1,01,A01
200700019914,0,07,000,00,2,2,19,A01
200700019914,0,30,000,00,2,1,01,B02
200700019915,0,33,000,13,0,7,01,A01
200700019916,0,07,000,00,2,1,13,A01
200700019916,0,07,000,00,2,8,01,B02
200700019916,0,07,000,00,2,8,01,C03
200700019916,0,07,000,00,2,1,01,D04
200700019916,0,07,000,00,2,1,01,E05
200700019916,0,10,000,00,2,8,02,F06
200700019917,0,32,000,00,2,3,19,A01
200700019917,0,17,000,00,2,2,00,B02
200700019918,0,14,000,00,2,5,04,A01
200700019918,0,30,000,00,2,1,00,B02
200700019919,0,02,000,00,0,0,01,A01
200700019920,0,07,000,02,0,2,01,A01
200700019921,0,10,000,04,0,1,13,A01
200700019922,0,10,000,04,0,1,13,A01
200700019923,0,33,000,00,0,8,01,A01
200700019924,0,07,000,00,0,1,17,A01
200700019924,0,10,000,00,2,1,00,B02
200700019925,0,07,000,13,0,1,00,A01
200700019926,0,33,000,00,0,7,01,A01
200700019927,0,07,000,06,2,2,15,A01
200700019927,0,07,000,00,2,2,01,B02
200700019928,0,07,000,00,2,3,15,A01
200700019928,0,99,000,00,2,1,01,B02
200700019929,0,02,000,08,0,0,14,A01
200700019930,0,07,000,00,2,1,02,A01
200700019930,0,07,000,00,0,4,02,B02
200700019931,0,07,000,00,9,2,01,A01
200700019931,0,99,000,00,2,8,19,B02
200700019932,0,02,000,13,0,1,00,A01
200700019933,0,07,000,03,6,2,21,A01
200700019933,0,07,000,00,2,4,23,B02
200700019933,0,07,000,00,2,1,01,C03
200700019934,0,07,000,00,2,7,01,A01
200700019934,0,10,000,00,2,1,01,B02
200700019935,0,07,000,00,2,3,13,A01
200700019935,0,33,000,00,2,9,01,B02
200700019936,0,07,000,00,2,1,17,A01
200700019936,0,01,000,00,0,4,13,B02
200700019937,0,07,000,14,0,1,02,A01
200700019937,0,07,000,00,2,4,02,B02
200700019937,0,07,000,00,2,4,02,C03
200700019938,0,07,000,03,2,3,13,A01
200700019938,0,14,000,03,2,3,14,B02
200700019939,0,07,000,00,2,1,01,A01
200700019939,0,07,000,00,2,1,02,B02
200700019940,0,31,000,08,0,1,01,A01
200700019941,0,10,000,00,2,1,17,A01
200700019941,0,07,000,00,2,1,01,B02
200700019942,0,07,000,00,2,7,16,A01
200700019942,0,01,000,00,2,8,01,B02
200700019943,0,07,000,00,0,1,01,A01
200700019943,0,10,000,00,0,3,01,B02
200700019944,0,07,000,02,0,6,13,A01
200700019945,0,07,000,00,9,2,02,A01
200700019945,0,01,000,00,0,4,01,B02
200700019946,0,07,000,00,1,8,01,A01
200700019947,0,07,000,12,0,2,01,A01
200700019948,0,07,000,00,2,4,02,A01
200700019948,0,07,000,00,2,1,02,B02
200700019949,0,33,000,00,0,3,01,A01
200700019950,0,07,000,00,2,1,09,A01
200700019950,0,31,000,00,2,7,01,B02
200700019951,0,07,000,00,2,3,15,A01
200700019951,0,31,000,00,2,1,17,B02
200700019952,0,33,000,16,0,7,16,A01
200700019953,0,02,000,00,2,1,13,A01
200700019953,0,07,000,00,0,3,01,B02
200700019954,0,07,000,00,2,8,15,A01
200700019954,0,33,000,00,2,9,17,B02
200700019955,0,33,000,03,0,3,17,A01
200700019956,0,33,000,00,0,2,01,A01
200700019957,0,07,000,00,2,3,05,A01
200700019957,0,07,000,00,2,3,01,B02
200700019958,0,07,000,06,0,2,01,A01
200700019959,0,07,000,12,0,0,01,A01
200700019960,0,07,000,00,2,3,15,A01
200700019960,0,07,000,00,2,2,21,B02
200700019961,0,07,000,02,0,6,02,A01
200700019962,0,07,000,00,2,7,19,A01
200700019962,0,07,000,00,2,1,01,B02
200700019962,0,07,000,00,2,3,19,C03
200700019962,0,07,000,00,2,1,01,D04
200700019963,0,33,000,00,0,0,21,A01
200700019964,0,31,000,00,0,1,13,A01
200700019964,0,99,000,00,0,6,00,B02
200700019965,0,33,000,00,2,1,01,A01
200700019965,0,07,000,00,2,6,15,B02
200700019966,0,07,000,00,2,3,13,A01
200700019966,0,14,000,00,2,3,01,B02
200700019967,2,07,000,11,0,1,13,A01
200700019968,0,33,000,00,2,4,13,A01
200700019968,0,33,000,00,2,4,13,B02
200700019969,0,07,000,00,1,2,01,A01
200700019970,0,02,000,12,0,2,14,A01
200700019971,0,07,000,00,0,3,01,A01
200700019971,0,33,000,00,2,1,15,B02
200700019972,0,33,000,00,2,3,01,A01
200700019972,0,33,000,00,2,8,01,B02
200700019973,0,07,000,00,0,6,00,A01
200700019973,0,07,000,00,2,2,02,B02
200700019974,0,07,000,00,9,3,15,A01
200700019974,0,33,000,00,2,1,01,B02
200700019975,0,07,000,06,0,1,00,A01
200700019976,0,07,000,06,5,5,00,A01
200700019977,0,07,000,00,2,3,13,A01
200700019977,0,13,000,00,2,3,21,B02
200700019978,0,10,000,00,2,3,15,A01
200700019978,0,33,000,00,2,3,01,B02
200700019979,0,07,000,00,2,1,13,A01
200700019979,0,07,000,00,2,1,01,B02
200700019980,0,02,000,00,2,1,17,A01
200700019980,0,07,000,00,2,8,15,B02
200700019981,0,07,000,00,2,6,13,A01
200700019981,0,33,000,00,2,1,01,B02
200700019981,0,07,000,00,2,3,01,C03
200700019982,0,37,000,00,6,3,02,A01
200700019982,0,07,000,00,6,5,13,B02
200700019983,0,33,000,03,0,0,00,A01
200700019983,0,07,000,00,2,6,00,B02
200700019984,0,07,000,15,0,1,13,A01
200700019985,0,07,000,04,0,3,13,A01
200700019986,0,07,000,00,2,2,15,A01
200700019986,0,07,000,00,2,2,01,B02
200700019987,0,07,000,00,1,2,01,A01
200700019988,0,07,000,04,0,1,01,A01
200700019989,0,07,000,00,0,9,14,A01
200700019990,0,15,000,00,0,2,02,A01
200700019990,0,07,000,00,0,6,02,B02
200700019991,0,07,000,00,0,3,15,A01
200700019991,0,33,000,00,0,1,01,B02
200700019992,0,07,000,00,0,1,01,A01
200700019993,0,07,000,00,1,1,00,A01
200700019994,0,33,000,00,2,1,02,A01
200700019994,0,10,000,00,0,8,15,B02
200700019995,0,07,000,01,0,1,00,A01
200700019996,0,07,000,00,0,0,00,A01
200700019997,0,36,000,06,0,2,00,A01
200700019998,0,07,000,00,2,9,13,A01
200700019998,0,07,000,00,2,3,01,B02
200700019999,0,10,000,00,2,5,15,A01
200700019999,0,33,000,00,2,1,01,B02
200700020000,0,07,000,00,2,3,21,A01
200700020000,0,10,000,00,2,0,15,B02
200700020000,0,07,000,00,2,3,23,C03
200700020001,0,31,000,16,0,0,01,A01
200700020002,0,07,000,00,2,2,01,A01
200700020002,0,36,000,00,2,5,01,B02
200700020002,0,07,000,00,2,2,01,C03
200700020003,0,01,000,12,0,1,01,A01
200700020004,0,33,000,00,0,8,01,A01
200700020004,0,07,000,00,0,3,15,B02
200700020005,0,07,000,00,2,1,01,A01
200700020005,0,99,000,00,2,1,15,B02
200700020006,0,01,000,00,2,1,01,A01
200700020006,0,07,000,00,9,2,15,B02
200700020007,0,33,000,00,2,1,02,A01
200700020007,0,07,000,00,0,5,15,B02
200700020008,0,07,000,00,2,3,13,A01
200700020008,0,07,000,00,2,3,01,B02
200700020009,0,10,000,00,0,5,15,A01
200700020009,0,33,000,00,2,1,01,B02
200700020010,0,33,000,13,0,1,01,A01
200700020011,0,07,000,00,2,1,01,A01
200700020011,0,07,000,00,2,1,13,B02
200700020012,0,07,000,00,2,1,01,A01
200700020012,0,02,000,00,2,8,15,B02
200700020013,0,07,000,00,2,1,01,A01
200700020013,0,07,000,00,0,4,15,B02
200700020014,0,03,000,13,2,4,01,A01
200700020014,0,07,000,00,2,1,01,B02
200700020015,0,10,000,00,2,1,17,A01
200700020015,0,07,000,00,2,1,21,B02
200700020016,0,07,000,15,0,1,01,A01
200700020017,0,33,000,00,0,3,01,A01
200700020018,0,07,000,00,2,3,01,A01
200700020018,0,02,000,00,2,8,10,B02
200700020019,0,07,000,02,0,3,13,A01
200700020020,0,07,000,00,0,0,17,A01
200700020020,0,07,000,00,2,1,01,B02
200700020020,0,07,000,03,2,1,18,C03
200700020021,0,07,000,00,2,3,00,A01
200700020021,0,07,000,00,2,3,00,B02
200700020022,0,07,000,00,2,2,15,A01
200700020022,0,31,000,00,2,1,01,B02
200700020023,0,07,000,09,0,7,13,A01
200700020024,0,07,000,00,2,2,01,A01
200700020024,0,30,000,00,2,6,15,B02
200700020025,0,07,000,00,2,7,19,A01
200700020025,0,02,000,00,2,1,01,B02
200700020026,0,07,000,00,1,1,01,A01
200700020027,0,07,000,00,2,1,13,A01
200700020027,0,17,000,00,2,3,05,B02
200700020028,0,02,000,00,2,1,01,A01
200700020028,0,07,000,00,2,7,01,B02
200700020029,0,17,000,00,0,8,15,A01
200700020029,0,10,000,00,0,1,17,B02
200700020030,0,10,000,13,0,2,01,A01
200700020031,0,07,000,00,2,8,13,A01
200700020031,0,15,000,00,2,8,00,B02
200700020032,0,07,000,08,0,1,01,A01
200700020033,0,07,000,06,0,7,01,A01
200700020034,0,10,000,00,2,8,15,A01
200700020034,0,33,000,00,2,1,17,B02
200700020035,0,31,000,08,0,1,01,A01
200700020036,0,02,000,00,0,0,01,A01
200700020036,0,07,000,00,2,4,23,B02
200700020037,0,07,000,13,0,3,01,A01
200700020038,0,07,000,00,1,2,02,A01
200700020039,0,10,000,00,2,1,01,A01
200700020039,0,02,000,00,2,1,13,B02
200700020039,0,02,000,00,2,7,13,C03
200700020040,0,10,000,00,1,0,04,A01
200700020041,0,07,000,01,0,1,01,A01
200700020041,0,07,000,00,0,4,15,B02
200700020041,0,07,000,01,0,1,01,C03
200700020042,0,33,000,00,0,1,01,A01
200700020043,0,07,000,13,0,9,01,A01
200700020044,0,07,000,00,2,3,01,A01
200700020044,0,01,000,00,0,4,15,B02
200700020045,0,07,000,00,0,0,01,A01
200700020045,0,10,000,00,2,3,16,B02
200700020046,0,07,000,00,1,3,01,A01
200700020047,0,07,000,02,2,2,17,A01
200700020047,0,07,000,00,2,3,01,B02
200700020047,0,07,000,00,2,2,23,C03
200700020048,0,10,000,00,2,7,12,A01
200700020048,0,33,000,00,2,8,02,B02
200700020049,0,07,000,06,0,3,00,A01
200700020050,0,02,000,06,0,1,00,A01
200700020051,0,07,000,00,0,9,00,A01
200700020052,0,07,000,00,2,8,13,A01
200700020052,0,07,000,00,2,8,01,B02
200700020053,0,33,000,00,0,7,01,A01
200700020054,0,07,000,00,2,1,01,B02
200700020054,0,07,000,00,2,8,19,A01
200700020055,0,07,000,06,0,1,01,A01
200700020056,0,07,000,00,2,3,17,A01
200700020056,0,10,000,00,2,3,01,B02
200700020057,0,07,000,00,0,1,02,A01
200700020057,0,01,000,00,0,4,01,B02
200700020058,0,02,000,00,2,1,19,A01
200700020058,0,07,000,00,0,8,01,B02
200700020059,0,07,000,00,2,3,15,A01
200700020059,0,02,000,00,2,8,14,B02
200700020060,0,33,000,13,0,1,09,A01
200700020061,0,10,000,00,2,7,01,A01
200700020061,0,02,000,00,2,1,15,B02
200700020062,0,33,000,12,0,3,17,A01
200700020063,0,07,000,16,6,7,01,A01
200700020064,0,31,000,00,2,3,21,A01
200700020064,0,33,000,00,0,1,01,B02
200700020065,0,07,000,00,0,9,01,A01
200700020066,0,07,000,13,0,2,01,A01
200700020067,0,33,000,00,2,1,01,A01
200700020067,0,07,000,00,0,4,01,B02
200700020068,0,07,000,14,2,1,01,A01
200700020068,0,07,000,03,0,1,13,B02
200700020069,0,31,000,16,0,7,01,A01
200700020070,0,33,000,12,0,3,13,A01
200700020071,0,07,000,00,2,8,24,A01
200700020071,0,02,000,01,0,2,01,B02
200700020072,0,33,000,06,9,1,19,A01
200700020073,0,07,000,08,0,4,01,A01
200700020074,0,07,000,00,2,8,20,A01
200700020074,0,02,000,00,2,1,01,B02
200700020075,0,07,000,13,0,1,13,A01
200700020076,0,07,000,00,2,4,09,A01
200700020076,0,17,000,00,2,1,02,B02
200700020077,0,13,000,13,0,8,01,A01
200700020078,0,07,000,00,2,8,15,A01
200700020078,0,07,000,00,2,1,01,B02
200700020079,0,07,000,00,2,2,01,A01
200700020079,0,01,000,00,2,4,01,B02
200700020080,0,03,000,13,0,3,01,A01
200700020081,0,07,000,02,0,2,01,A01
200700020082,0,10,000,00,2,1,01,A01
200700020082,0,31,000,00,2,7,19,B02
200700020083,0,10,000,02,0,8,13,A01
200700020084,0,01,000,00,2,4,01,A01
200700020084,0,15,000,00,2,1,01,B02
200700020085,0,10,000,13,0,1,01,A01
200700020086,0,33,000,00,2,1,17,A01
200700020086,0,07,000,00,0,8,15,B02
200700020087,0,07,000,00,2,3,00,B02
200700020087,0,07,000,00,2,2,01,A01
200700020088,0,07,000,00,2,3,13,A01
200700020088,0,02,000,00,2,1,01,B02
200700020089,0,07,000,13,0,1,01,A01
200700020090,0,07,000,00,2,3,01,A01
200700020090,0,33,000,00,2,1,01,B02
200700020091,0,02,000,16,0,1,01,A01
200700020092,0,07,000,00,1,1,20,A01
200700020093,0,07,000,00,2,1,01,A01
200700020093,0,01,000,00,2,1,16,B02
200700020094,0,02,000,00,2,1,02,A01
200700020094,0,07,000,00,2,6,15,B02
200700020095,0,07,000,00,2,3,19,A01
200700020095,0,07,000,00,2,2,01,B02
200700020096,0,17,000,00,2,8,01,A01
200700020096,0,07,000,00,2,3,01,B02
200700020097,0,33,000,14,0,9,01,A01
200700020098,0,33,000,00,2,1,01,A01
200700020098,0,07,000,00,2,3,19,B02
200700020099,0,07,000,06,0,8,13,A01
200700020100,0,07,000,02,0,8,17,A01
200700020101,0,07,000,00,2,1,01,A01
200700020101,0,07,000,00,2,1,01,B02
200700020102,0,33,000,00,2,1,21,A01
200700020102,0,07,000,00,2,1,15,B02
200700020103,0,07,000,08,0,7,01,A01
200700020104,0,07,000,00,2,2,19,B02
200700020104,0,07,000,00,2,3,01,A01
200700020105,0,99,000,00,2,1,00,A01
200700020105,0,07,000,00,9,2,00,B02
200700020106,0,10,000,08,0,2,01,A01
200700020107,0,01,000,00,0,0,01,A01
200700020108,0,07,000,00,2,9,02,A01
200700020108,0,07,000,00,2,4,02,B02
200700020108,0,07,000,00,2,4,02,C03
200700020108,0,07,000,00,2,4,02,D04
200700020108,0,07,000,00,2,4,02,E05
200700020109,0,07,000,02,0,7,01,A01
200700020110,0,10,000,00,2,2,02,A01
200700020110,0,07,000,00,0,0,02,B02
200700020111,0,07,000,00,0,0,01,A01
200700020111,0,07,000,00,2,3,13,B02
200700020112,0,10,000,00,2,6,15,A01
200700020112,0,02,000,00,2,1,17,B02
200700020113,0,07,000,00,2,2,15,A01
200700020113,0,31,000,00,2,1,01,B02
200700020114,0,07,000,00,2,1,13,A01
200700020114,0,14,000,00,2,1,01,B02
200700020115,0,07,000,06,0,1,01,A01
200700020116,0,07,000,00,2,1,02,A01
200700020116,0,01,000,00,2,4,02,B02
200700020117,0,07,000,00,2,2,01,A01
200700020117,0,01,000,00,2,4,02,B02
200700020118,0,07,000,06,0,2,00,A01
200700020119,0,07,000,00,2,7,13,A01
200700020119,0,07,000,00,2,1,01,B02
200700020120,0,33,000,00,9,1,01,A01
200700020120,0,01,000,00,2,2,15,B02
200700020121,0,07,000,00,0,8,15,A01
200700020121,0,07,000,00,0,1,01,B02
200700020122,0,07,000,16,0,9,01,A01
200700020123,0,07,000,00,1,6,04,A01
200700020124,0,07,000,00,2,8,13,A01
200700020124,0,10,000,00,2,3,01,B02
200700020125,0,07,000,00,0,6,01,A01
200700020125,0,14,000,00,2,3,01,B02
200700020126,0,07,000,00,0,4,02,A01
200700020126,0,33,000,00,2,1,01,B02
200700020127,0,17,000,00,2,8,01,A01
200700020127,0,17,000,00,2,3,01,B02
200700020128,0,07,000,13,0,9,01,A01
200700020129,0,10,000,00,2,1,13,A01
200700020129,0,07,000,00,2,1,01,B02
200700020130,0,07,000,13,0,2,00,A01
200700020131,0,07,000,13,0,2,01,A01
200700020132,0,07,000,00,2,5,01,A01
200700020132,0,07,000,04,2,3,11,B02
200700020133,0,07,000,00,2,5,16,A01
200700020133,0,33,000,00,2,8,01,B02
200700020134,0,07,000,00,1,3,01,A01
200700020135,0,07,000,00,2,1,01,A01
200700020135,0,07,000,00,2,7,01,B02
200700020136,0,07,000,00,2,7,15,A01
200700020136,0,31,000,00,2,8,01,B02
200700020137,0,17,000,00,2,3,15,A01
200700020137,0,02,000,00,2,1,17,B02
200700020138,0,01,000,00,2,1,01,A01
200700020138,0,07,000,00,9,3,01,B02
200700020139,0,10,000,13,0,9,01,A01
200700020140,0,15,000,00,2,4,02,A01
200700020140,0,10,000,01,0,1,02,B02
200700020141,0,07,000,04,0,8,13,A01
200700020142,0,07,000,00,2,1,12,A01
200700020142,0,07,000,00,0,4,00,B02
200700020143,0,10,000,13,0,2,01,A01
200700020144,0,10,000,00,2,2,01,A01
200700020144,0,17,000,00,2,6,01,B02
200700020145,0,07,000,00,2,1,02,A01
200700020145,0,17,000,00,0,0,02,B02
200700020146,0,10,000,02,0,1,01,A01
200700020147,0,31,000,00,2,1,02,A01
200700020147,0,10,000,00,2,4,04,B02
200700020148,0,07,000,00,0,0,00,A01
200700020148,0,07,000,00,2,5,02,B02
200700020149,0,07,000,00,2,5,04,A01
200700020149,0,07,000,00,2,3,02,B02
200700020150,0,07,000,03,0,1,02,A01
200700020151,0,07,000,00,2,2,02,A01
200700020151,0,07,000,00,2,6,02,B02
200700020152,0,07,000,00,2,8,09,A01
200700020152,0,07,000,00,0,8,01,B02
200700020153,0,07,000,03,2,3,11,A01
200700020153,0,07,000,00,0,6,01,B02
200700020153,0,07,000,00,2,7,01,C03
200700020154,0,07,000,00,2,8,15,A01
200700020154,0,33,000,00,2,7,17,B02
200700020155,0,33,000,16,0,8,01,A01
200700020156,0,07,000,00,2,2,01,A01
200700020156,0,07,000,15,2,2,13,B02
200700020157,0,07,000,00,2,2,00,A01
200700020157,0,17,000,00,0,6,00,B02
200700020157,0,07,000,00,2,1,02,C03
200700020158,0,07,000,04,0,3,01,A01
200700020159,0,07,000,04,2,1,02,A01
200700020159,0,17,000,00,0,0,02,B02
200700020160,0,07,000,00,2,2,01,A01
200700020160,0,07,000,00,0,6,01,B02
200700020161,0,17,000,00,2,8,13,A01
200700020161,0,10,000,00,2,7,01,B02
200700020162,0,07,000,00,0,1,01,A01
200700020163,0,07,000,00,2,3,18,A01
200700020163,0,07,000,00,2,5,01,B02
200700020164,0,07,000,00,2,3,02,A01
200700020164,0,17,000,00,2,5,02,B02
200700020165,0,07,000,04,0,1,01,A01
200700020166,0,07,000,00,2,1,01,A01
200700020166,0,07,000,00,2,4,02,B02
200700020167,0,07,000,13,0,1,01,A01
200700020167,0,07,000,13,0,1,00,B02
200700020168,0,07,000,13,0,1,12,A01
200700020169,0,07,000,00,9,3,15,A01
200700020169,0,01,000,00,2,0,01,B02
200700020170,0,07,000,00,2,3,01,A01
200700020170,0,07,000,00,2,2,01,B02
200700020171,0,17,000,00,2,2,21,A01
200700020171,0,07,000,13,0,6,01,B02
200700020172,0,07,000,00,2,3,17,A01
200700020172,0,07,000,00,2,3,01,B02
200700020173,0,07,000,00,2,2,14,A01
200700020173,0,07,000,00,0,6,01,B02
200700020174,0,07,000,00,2,2,02,A01
200700020174,0,17,000,00,0,6,02,B02
200700020175,0,07,000,03,0,3,00,A01
200700020175,0,07,000,01,0,1,11,B02
200700020176,0,33,000,03,0,2,01,A01
200700020177,2,07,000,03,2,1,02,A01
200700020177,0,02,000,00,0,4,02,B02
200700020177,0,07,000,00,9,3,02,C03
200700020178,0,32,000,12,0,1,01,A01
200700020179,0,07,000,06,0,2,13,A01
200700020180,0,07,000,00,2,2,01,A01
200700020180,0,33,000,00,2,1,21,B02
200700020181,0,10,000,13,0,1,14,A01
200700020182,0,30,000,01,0,1,14,A01
200700020183,0,10,000,00,2,6,12,A01
200700020183,0,07,000,00,2,1,01,B02
200700020184,0,07,000,03,0,4,01,A01
200700020184,0,07,000,00,2,1,02,B02
200700020185,0,07,000,00,2,1,01,A01
200700020185,0,07,000,00,2,4,01,B02
200700020186,0,33,000,00,0,0,01,A01
200700020187,0,15,000,00,0,0,01,A01
200700020188,0,07,000,14,0,1,01,A01
200700020189,0,02,000,00,2,7,17,A01
200700020189,0,07,000,00,2,3,11,B02
200700020190,0,02,000,00,1,1,00,A01
200700020191,0,07,000,00,2,1,13,A01
200700020191,0,07,000,00,0,1,01,B02
200700020192,0,07,000,00,1,7,01,A01
200700020193,0,38,000,00,2,1,01,A01
200700020193,0,33,000,00,2,4,01,B02
200700020193,0,07,000,00,0,0,24,C03
200700020194,0,15,000,00,0,6,01,A01
200700020194,0,07,000,00,2,1,12,B02
200700020195,0,07,000,00,2,2,12,A01
200700020195,0,07,000,00,2,5,17,B02
200700020195,0,17,000,00,2,8,01,C03
200700020196,0,17,000,00,0,0,01,A01
200700020196,0,07,000,00,9,2,17,C03
200700020197,0,07,000,00,2,8,01,A01
200700020197,0,14,000,00,0,7,12,B02
200700020198,0,15,000,03,2,1,06,A01
200700020198,0,07,000,00,2,1,01,B02
200700020199,0,07,000,03,0,1,13,A01
200700020200,0,07,000,00,2,3,01,A01
200700020200,0,01,000,00,2,1,05,B02
200700020201,0,33,000,00,2,3,01,A01
200700020201,0,07,000,00,2,3,15,B02
200700020202,0,07,000,00,0,3,01,A01
200700020202,0,31,000,00,0,1,13,B02
200700020203,0,33,000,00,2,0,13,A01
200700020203,0,07,000,00,1,1,01,B02
200700020204,0,07,000,00,2,3,17,A01
200700020204,0,14,000,00,2,8,01,B02
200700020205,0,07,000,13,0,7,01,A01
200700020206,0,07,000,13,0,9,17,A01
200700020207,0,17,000,06,0,0,01,A01
200700020208,0,14,000,00,2,2,12,A01
200700020208,0,07,000,03,2,6,11,B02
200700020209,0,07,000,03,0,8,01,A01
200700020210,0,10,000,00,2,1,02,A01
200700020210,0,17,000,00,0,4,02,B02
200700020211,0,07,000,16,0,0,13,A01
200700020212,0,07,000,00,2,3,01,B02
200700020212,0,07,000,00,2,1,15,A01
200700020213,0,07,000,00,0,6,01,A01
200700020213,0,07,000,00,2,2,02,B02
200700020214,0,07,000,00,2,1,02,A01
200700020214,0,07,000,00,2,4,02,B02
200700020214,0,07,000,00,2,4,02,C03
200700020215,0,07,000,00,2,5,12,A01
200700020215,0,07,000,00,2,3,01,B02
200700020216,0,10,000,00,0,5,11,A01
200700020216,0,33,000,00,2,1,01,B02
200700020217,0,07,000,15,0,6,02,A01
200700020217,0,07,000,00,2,2,13,B02
200700020218,0,07,000,13,2,1,01,A01
200700020218,0,07,000,00,2,0,01,B02
200700020219,0,07,000,03,0,1,02,A01
200700020219,0,07,000,00,2,1,02,B02
200700020220,0,07,000,00,2,1,02,A01
200700020220,0,07,000,00,0,4,02,B02
200700020221,0,07,000,00,0,1,14,A01
200700020222,0,07,000,00,2,8,11,A01
200700020222,0,07,000,00,2,7,12,B02
200700020222,0,07,000,00,9,0,01,C03
200700020223,0,15,000,00,0,2,01,A01
200700020224,0,33,000,00,2,1,13,A01
200700020224,0,07,000,00,2,1,01,B02
200700020225,0,07,000,00,0,0,00,A01
200700020225,0,07,000,00,2,5,01,B02
200700020226,0,07,000,00,2,2,20,A01