Num_Acc,senc,catv,occutc,obs,obsm,choc,manv,num_veh
200700020226,0,33,000,00,2,3,01,B02
200700020227,0,07,000,00,2,1,02,A01
200700020227,0,17,000,00,2,4,02,B02
200700020228,0,07,000,03,0,5,13,A01
200700020229,0,07,000,02,0,1,00,A01
200700020230,0,07,000,16,0,0,00,A01
200700020231,0,17,000,00,0,8,14,A01
200700020232,0,03,000,00,2,3,13,A01
200700020232,0,07,000,00,2,3,01,B02
200700020233,0,07,000,00,2,2,09,A01
200700020233,0,02,000,00,2,8,01,B02
200700020234,0,02,000,00,2,1,01,A01
200700020234,0,07,000,00,0,3,00,B02
200700020235,0,33,000,00,2,1,01,A01
200700020235,0,07,000,00,2,5,19,B02
200700020236,0,07,000,00,2,3,01,A01
200700020236,0,02,000,00,2,7,01,B02
200700020237,0,07,000,00,0,2,01,A01
200700020238,0,07,000,02,0,2,15,A01
200700020238,0,02,000,02,0,7,01,B02
200700020239,0,07,000,00,2,2,17,A01
200700020239,0,01,000,00,2,4,01,B02
200700020240,0,07,000,13,0,1,01,A01
200700020241,0,07,000,13,0,0,01,A01
200700020242,0,07,000,00,2,4,23,A01
200700020242,0,15,000,01,0,1,02,B02
200700020243,0,07,000,00,2,1,01,A01
200700020243,0,10,000,00,2,7,01,B02
200700020244,0,07,000,00,2,2,01,A01
200700020244,0,07,000,00,2,6,01,B02
200700020245,0,07,000,13,0,1,01,A01
200700020246,0,07,000,16,0,9,00,A01
200700020247,0,30,000,00,2,1,13,A01
200700020247,0,07,000,00,2,1,01,B02
200700020248,0,33,000,00,2,1,17,A01
200700020248,0,07,000,00,2,3,01,B02
200700020249,0,07,000,14,0,2,14,A01
200700020250,0,07,000,00,1,1,01,A01
200700020251,0,07,000,00,2,3,01,A01
200700020251,0,07,000,00,2,1,01,B02
200700020251,0,07,000,00,0,6,15,C03
200700020252,0,07,000,00,2,1,01,A01
200700020252,0,32,000,00,2,2,15,B02
200700020253,0,14,000,00,2,2,02,A01
200700020253,0,01,000,00,2,3,13,B02
200700020254,0,07,000,00,2,3,06,A01
200700020254,0,31,000,00,2,1,17,B02
200700020255,0,07,000,08,0,1,13,A01
200700020256,0,07,000,00,0,5,02,A01
200700020256,0,99,000,00,0,1,02,B02
200700020257,1,07,000,00,2,1,01,A01
200700020257,0,02,000,00,2,1,01,B02
200700020258,0,07,000,00,2,3,13,A01
200700020258,0,07,000,00,2,1,01,B02
200700020259,0,10,000,00,2,2,17,A01
200700020259,0,07,000,00,2,8,15,B02
200700020260,0,07,000,01,0,3,01,A01
200700020260,0,07,000,00,2,7,00,B02
200700020260,0,07,000,00,2,7,24,C03
200700020260,0,07,000,01,2,4,00,D04
200700020261,0,07,000,00,2,2,00,A01
200700020261,0,14,000,00,0,6,01,B02
200700020262,0,07,000,03,0,2,01,A01
200700020263,0,07,000,07,0,2,01,A01
200700020264,0,07,000,00,0,3,09,A01
200700020264,0,33,000,00,2,2,02,B02
200700020265,0,07,000,00,2,1,01,A01
200700020265,0,07,000,00,0,4,15,B02
200700020265,0,07,000,00,2,8,01,C03
200700020266,0,33,000,00,2,1,01,A01
200700020266,0,07,000,00,2,4,01,B02
200700020267,0,33,000,08,0,2,01,A01
200700020268,0,30,000,09,0,1,01,A01
200700020269,0,17,000,03,0,8,01,A01
200700020270,0,07,000,10,0,2,01,A01
200700020271,0,07,000,13,0,3,01,A01
200700020272,0,10,000,04,0,3,17,A01
200700020273,0,15,000,00,1,3,01,A01
200700020274,0,07,000,13,0,2,21,A01
200700020275,0,07,000,00,0,0,01,A01
200700020276,0,07,000,13,0,1,21,A01
200700020277,0,10,000,03,0,9,01,A01
200700020278,0,07,000,13,0,1,00,A01
200700020279,0,07,000,00,2,3,01,A01
200700020279,0,14,000,03,2,3,13,B02
200700020280,0,02,000,16,0,7,01,A01
200700020281,0,07,000,00,2,2,17,A01
200700020281,0,07,000,00,2,6,01,B02
200700020282,0,33,000,06,0,1,01,A01
200700020283,0,10,000,00,0,9,17,A01
200700020284,0,10,000,00,2,3,01,A01
200700020284,0,32,000,00,2,1,01,B02
200700020285,0,07,000,00,0,0,13,A01
200700020285,0,07,000,07,0,9,17,B02
200700020286,0,30,000,00,0,0,01,A01
200700020287,0,07,000,00,2,1,13,A01
200700020287,0,07,000,00,2,1,01,B02
200700020288,0,07,000,00,2,3,19,A01
200700020288,0,31,000,00,2,1,01,B02
200700020289,0,07,000,00,2,8,15,A01
200700020289,0,33,000,00,2,1,01,B02
200700020290,0,07,000,00,0,4,02,A01
200700020290,0,14,000,00,2,1,02,B02
200700020291,0,07,000,13,0,3,01,A01
200700020292,0,07,000,00,0,0,01,A01
200700020292,0,02,000,00,0,0,15,B02
200700020293,0,07,000,00,2,3,15,A01
200700020293,0,31,000,06,2,7,17,B02
200700020294,0,07,000,00,2,5,01,A01
200700020294,0,07,000,00,2,3,21,B02
200700020295,0,07,000,00,0,2,01,A01
200700020296,0,07,000,02,0,3,01,A01
200700020297,0,07,000,13,0,9,01,A01
200700020298,0,07,000,00,2,1,01,A01
200700020298,0,07,000,00,2,2,00,B02
200700020299,0,02,000,00,2,1,13,A01
200700020299,0,07,000,00,2,3,01,B02
200700020300,0,07,000,00,0,2,14,A01
200700020301,0,07,000,00,2,3,01,A01
200700020301,0,07,000,00,2,5,01,B02
200700020302,0,17,000,00,2,8,01,A01
200700020302,0,07,000,00,2,1,14,B02
200700020303,0,07,000,00,0,6,23,A01
200700020303,0,07,000,14,0,1,02,B02
200700020303,0,07,000,14,0,1,02,C03
200700020303,0,38,000,00,2,1,01,D04
200700020304,0,07,000,00,2,6,21,A01
200700020304,0,33,000,00,2,7,17,B02
200700020305,0,07,000,00,2,3,01,A01
200700020305,0,07,000,00,2,7,16,B02
200700020306,0,07,000,00,2,2,01,A01
200700020306,0,15,000,00,0,6,01,B02
200700020306,0,15,000,00,0,0,01,C03
200700020307,0,07,000,03,0,1,14,A01
200700020308,0,10,000,04,0,1,14,A01
200700020309,0,07,000,06,0,2,00,A01
200700020310,0,07,000,04,0,3,02,A01
200700020311,0,07,000,13,0,9,01,A01
200700020312,0,10,000,00,0,7,00,A01
200700020313,0,07,000,04,0,7,01,A01
200700020314,0,07,000,00,2,1,02,A01
200700020314,0,17,000,00,2,4,02,B02
200700020315,0,07,000,06,0,1,00,A01
200700020316,0,14,000,00,0,6,02,A01
200700020316,0,07,000,00,2,2,02,B02
200700020317,0,07,000,03,0,8,01,A01
200700020318,0,07,000,00,2,1,01,A01
200700020318,0,10,000,03,2,8,09,B02
200700020319,0,07,000,00,2,2,01,A01
200700020319,0,02,000,00,2,6,10,B02
200700020320,0,33,000,13,0,7,09,A01
200700020321,0,07,000,00,1,4,04,A01
200700020322,0,31,000,00,2,1,01,A01
200700020322,0,07,000,00,2,3,19,B02
200700020323,0,17,000,00,2,3,13,A01
200700020323,0,07,000,00,2,1,01,B02
200700020324,0,07,000,16,0,1,01,A01
200700020325,0,07,000,13,0,1,01,A01
200700020326,0,07,000,00,0,5,15,A01
200700020326,0,02,000,00,2,1,01,B02
200700020327,0,30,000,00,2,3,16,A01
200700020327,0,14,000,00,2,5,01,B02
200700020328,0,07,000,06,0,3,00,A01
200700020329,0,07,000,00,2,3,02,A01
200700020329,0,07,000,00,2,5,02,B02
200700020330,0,07,000,00,2,3,15,A01
200700020330,0,33,000,00,2,1,01,B02
200700020331,0,01,000,00,2,1,01,A01
200700020331,0,01,000,00,2,1,01,B02
200700020331,0,07,000,00,9,2,15,C03
200700020332,0,07,000,00,0,2,05,A01
200700020332,0,07,000,00,0,1,06,B02
200700020333,0,07,000,08,0,1,01,A01
200700020334,0,07,000,00,2,3,19,A01
200700020334,0,33,000,00,2,1,01,B02
200700020335,2,07,000,00,2,1,01,A01
200700020335,0,07,000,00,2,4,01,B02
200700020335,0,07,000,00,2,4,01,C03
200700020336,0,07,000,03,0,1,19,A01
200700020337,0,07,000,13,0,2,01,A01
200700020338,0,07,000,00,2,2,02,A01
200700020338,0,07,000,00,2,6,02,B02
200700020339,0,07,000,00,0,7,01,A01
200700020340,0,36,000,08,0,3,02,A01
200700020341,0,07,000,00,1,1,01,A01
200700020342,0,10,000,00,2,3,17,A01
200700020342,0,31,000,00,2,1,01,B02
200700020343,0,07,000,00,0,6,15,A01
200700020343,2,07,000,00,0,3,17,B02
200700020344,0,33,000,00,2,6,13,A01
200700020344,0,07,000,00,2,6,01,B02
200700020345,0,01,000,00,9,4,01,A01
200700020346,0,07,000,00,2,3,13,A01
200700020346,0,07,000,00,2,3,01,B02
200700020347,0,07,000,00,0,0,17,A01
200700020348,0,07,000,00,0,3,09,A01
200700020348,0,15,000,00,0,7,01,B02
200700020349,0,07,000,00,2,5,15,A01
200700020349,0,02,000,00,2,1,01,B02
200700020350,0,07,000,00,0,0,00,A01
200700020350,0,30,000,01,0,1,00,B02
200700020351,0,07,000,00,1,3,01,A01
200700020351,0,07,000,00,1,1,01,B02
200700020351,0,07,000,00,1,1,01,C03
200700020351,0,07,000,00,1,1,01,D04
200700020352,0,07,000,00,2,7,15,A01
200700020352,0,07,000,00,2,2,01,B02
200700020353,0,07,000,00,2,2,01,A01
200700020353,0,33,000,00,2,1,16,B02
200700020354,0,30,000,00,2,1,13,A01
200700020354,0,30,000,00,2,1,01,B02
200700020355,0,07,000,00,2,2,01,A01
200700020355,0,07,000,00,2,2,01,B02
200700020356,0,07,000,00,0,4,23,A01
200700020356,0,01,000,01,0,1,01,B02
200700020357,0,31,000,06,0,1,01,A01
200700020358,1,07,000,01,1,3,01,A01
200700020359,0,07,000,00,2,2,13,A01
200700020359,0,07,000,00,2,1,01,B02
200700020360,0,07,000,00,2,1,01,A01
200700020360,0,02,000,00,2,8,23,B02
200700020361,0,07,000,00,2,2,02,A01
200700020361,0,01,000,00,2,6,02,B01
200700020362,0,31,000,00,2,2,17,A01
200700020362,0,07,000,00,2,6,15,B01
200700020363,0,30,000,00,0,8,00,A01
200700020364,0,02,000,00,2,8,09,A01
200700020364,0,07,000,00,2,2,01,B01
200700020365,0,07,000,00,2,3,01,A01
200700020365,0,01,000,00,2,6,19,B01
200700020366,0,33,000,11,0,8,17,A01
200700020367,0,07,000,00,9,1,15,A01
200700020367,0,07,000,00,2,1,01,B01
200700020368,0,07,000,00,2,2,17,A01
200700020368,0,07,000,00,2,8,15,B01
200700020369,0,07,000,00,1,1,01,A01
200700020370,0,07,000,00,1,2,01,A01
200700020371,0,33,000,00,2,1,01,A01
200700020371,0,07,000,00,2,7,11,B01
200700020372,0,07,000,13,0,0,00,A01
200700020373,0,31,000,00,2,1,15,A01
200700020373,0,07,000,00,2,3,15,B01
200700020374,0,07,000,00,1,3,01,A01
200700020375,1,07,000,00,2,2,15,A01
200700020375,0,33,000,00,2,1,01,B01
200700020376,0,07,000,00,2,3,01,A01
200700020376,0,07,000,00,2,3,01,B01
200700020377,0,07,000,00,1,2,01,A01
200700020378,0,07,000,00,9,4,02,B01
200700020378,0,02,000,00,2,1,02,A01
200700020379,0,33,000,00,2,6,01,B01
200700020379,0,10,000,00,2,6,01,A01
200700020380,0,07,000,00,9,8,15,B01
200700020380,0,02,000,00,2,8,17,A01
200700020381,0,02,000,00,9,1,01,B01
200700020381,0,02,000,00,9,5,16,A01
200700020382,0,07,000,01,0,2,14,A01
200700020383,0,07,000,00,2,1,01,B01
200700020383,0,07,000,00,2,3,19,A01
200700020384,0,07,000,03,2,7,13,A01
200700020384,0,07,000,00,2,1,01,B01
200700020385,0,02,000,00,1,0,01,A01
200700020386,0,33,000,00,2,1,02,A01
200700020386,0,07,000,00,2,5,02,B01
200700020386,0,07,000,00,2,8,05,C01
200700020387,0,01,000,00,0,7,01,A01
200700020388,0,33,000,00,2,1,01,B01
200700020388,0,07,000,00,0,2,01,A01
200700020389,0,07,000,00,1,3,15,A01
200700020390,0,33,000,00,0,7,09,A01
200700020391,0,02,000,00,2,1,01,B01
200700020391,0,07,000,00,2,3,13,A01
200700020392,0,07,000,00,1,4,04,A01
200700020393,0,07,000,14,0,1,02,A01
200700020393,0,07,000,00,0,4,23,B01
200700020394,0,07,000,00,2,6,04,A01
200700020394,0,30,000,00,2,1,21,B01
200700020395,0,30,000,00,2,1,09,A01
200700020395,0,07,000,00,2,5,01,B01
200700020396,0,30,000,00,2,7,15,A01
200700020396,0,07,000,00,2,1,01,B01
200700020397,0,07,000,00,2,1,13,A01
200700020397,0,07,000,00,2,1,01,B01
200700020398,0,10,000,00,2,2,16,A01
200700020398,0,31,000,00,2,3,18,B01
200700020399,0,07,000,09,2,1,05,A01
200700020399,0,07,000,00,2,1,01,C01
200700020399,0,07,000,00,2,1,01,B01
200700020400,0,07,000,00,1,3,01,A01
200700020401,0,07,000,00,2,3,02,A01
200700020401,0,33,000,00,0,4,01,B01
200700020402,0,07,000,00,2,1,01,A01
200700020402,0,37,004,00,2,3,01,B01
200700020403,0,07,000,00,0,0,00,A01
200700020403,0,30,000,00,0,0,00,B01
200700020404,0,30,000,00,2,3,18,A01
200700020404,0,07,000,00,2,5,16,B01
200700020405,0,02,000,00,0,0,00,A01
200700020405,0,07,000,00,0,0,00,B01
200700020406,0,33,000,00,1,1,01,A01
200700020407,0,07,000,00,2,3,09,B01
200700020407,0,31,000,00,2,1,01,A01
200700020408,0,07,000,00,2,1,01,A01
200700020408,0,30,000,00,2,1,01,B01
200700020409,0,10,000,00,2,5,19,A01
200700020409,0,02,000,00,2,1,01,B01
200700020410,0,07,000,00,2,0,00,A01
200700020410,0,07,000,00,2,0,00,B01
200700020411,0,30,000,00,2,8,18,A01
200700020411,0,07,000,00,2,2,16,B01
200700020411,0,07,000,00,2,2,01,C01
200700020412,0,01,000,00,2,1,01,A01
200700020412,0,07,000,00,2,1,16,B01
200700020413,0,30,000,00,2,1,01,B01
200700020413,2,07,000,00,2,1,01,A01
200700020414,0,07,000,00,0,4,23,A01
200700020414,1,07,000,00,2,1,02,B01
200700020415,0,07,000,00,9,8,22,A01
200700020415,0,01,000,01,0,1,01,B01
200700020416,0,07,000,00,2,3,16,A01
200700020416,0,33,000,00,2,1,01,B01
200700020417,0,07,000,00,1,1,02,A01
200700020418,0,02,000,00,2,1,02,A01
200700020418,0,07,000,00,2,4,02,B01
200700020419,0,02,000,00,2,1,17,A01
200700020419,0,07,000,00,2,8,15,B01
200700020420,0,07,000,03,0,1,16,A01
200700020421,0,07,000,00,2,1,02,A01
200700020421,0,07,000,00,2,4,02,B01
200700020422,0,07,000,00,2,2,15,A01
200700020422,0,02,000,00,2,1,01,B01
200700020423,0,07,000,00,2,2,15,A01
200700020423,0,02,000,00,2,1,01,B01
200700020424,0,14,000,00,2,2,12,A01
200700020424,0,07,000,00,2,6,01,B01
200700020425,0,33,000,00,2,1,17,A01
200700020425,0,17,000,00,2,8,15,B01
200700020426,1,07,000,00,1,2,01,A01
200700020427,0,07,000,00,2,3,15,A01
200700020427,0,02,000,00,2,1,01,B01
200700020428,0,07,000,00,2,3,09,A01
200700020428,0,30,000,00,2,1,01,B01
200700020429,0,07,000,00,2,0,02,A01
200700020429,0,07,000,00,2,4,02,B01
200700020430,0,07,000,00,2,7,15,A01
200700020430,0,33,000,00,2,1,01,B01
200700020431,0,07,000,00,1,1,15,A01
200700020432,0,07,000,00,2,8,09,A01
200700020432,0,33,000,00,2,1,01,B01
200700020433,0,07,000,00,2,7,12,A01
200700020433,0,30,000,00,2,8,01,B01
200700020434,0,07,000,00,2,8,09,A01
200700020434,0,31,000,00,2,1,01,B01
200700020435,0,33,000,00,2,1,01,A01
200700020435,0,10,000,00,2,8,10,B01
200700020436,0,02,000,00,2,1,10,A01
200700020436,0,07,000,00,2,2,01,B01
200700020437,0,07,000,00,1,4,04,A01
200700020438,0,01,000,00,1,1,02,A01
200700020438,0,30,000,00,2,1,02,B01
200700020438,0,30,000,00,2,8,02,C01
200700020439,0,07,000,00,2,1,00,A01
200700020440,0,07,000,00,2,2,01,A01
200700020440,0,30,000,00,2,1,01,B01
200700020441,0,10,000,00,2,8,01,B01
200700020441,0,30,000,01,2,2,17,A01
200700020442,0,14,000,00,1,5,01,A01
200700020443,0,07,000,00,2,1,00,A01
200700020443,0,33,000,00,2,4,00,B01
200700020444,0,37,001,00,1,1,00,A01
200700020445,0,07,000,00,2,3,10,A01
200700020445,0,32,000,00,2,1,01,B01
200700020446,0,07,000,00,1,1,01,A01
200700020447,0,02,000,00,1,1,01,A01
200700020448,0,32,000,00,2,1,15,A01
200700020448,0,32,000,00,2,1,00,B01
200700020449,0,07,000,00,2,7,02,A01
200700020449,0,32,000,00,2,1,02,B01
200700020450,0,07,000,00,2,1,15,A01
200700020450,0,30,000,00,2,1,01,B01
200700020451,0,07,000,00,2,1,15,A01
200700020451,0,33,000,00,2,1,01,B01
200700020452,0,32,000,00,2,1,01,A01
200700020452,0,07,000,00,2,7,01,B01
200700020453,0,32,000,00,1,1,01,A01
200700020454,0,31,000,00,2,7,15,A01
200700020454,0,30,000,00,2,1,01,B01
200700020455,0,33,000,00,1,1,01,A01
200700020456,0,31,000,00,2,2,01,B01
200700020456,0,07,000,00,2,5,15,A01
200700020457,0,07,000,00,2,0,01,A01
200700020457,0,30,000,00,2,8,01,B01
200700020458,0,07,000,00,2,3,01,A01
200700020458,0,30,000,00,2,4,01,B01
200700020459,0,07,000,00,2,2,15,A01
200700020459,0,30,000,00,2,1,01,B01
200700020460,0,30,000,00,2,1,01,A01
200700020460,2,07,000,00,9,1,00,B01
200700020461,0,07,000,00,2,3,15,A01
200700020461,0,33,000,00,2,1,01,B01
200700020462,0,30,000,00,2,1,01,A01
200700020462,0,07,000,00,2,1,01,B01
200700020463,0,07,000,00,2,2,15,A01
200700020463,0,30,000,00,2,1,01,B01
200700020464,0,07,000,00,2,1,10,A01
200700020464,0,30,000,00,2,1,02,B01
200700020465,0,32,000,00,1,1,01,A01
200700020466,0,07,000,00,2,2,01,A01
200700020466,0,07,000,00,2,1,01,B01
200700020467,0,07,000,00,2,1,01,A01
200700020467,0,07,000,00,2,4,01,B01
200700020467,0,07,000,00,2,4,01,C01
200700020468,0,32,000,00,2,2,00,B01
200700020468,0,07,000,00,2,1,00,A01
200700020469,0,33,000,14,0,7,01,A01
200700020470,0,07,000,00,1,1,01,A01
200700020471,0,07,000,00,1,3,01,A01
200700020472,0,07,000,00,2,1,01,A01
200700020472,0,07,000,00,2,8,01,B01
200700020473,0,07,000,08,0,1,00,A01
200700020474,0,07,000,00,1,7,01,A01
200700020475,0,07,000,00,2,0,17,A01
200700020475,0,30,000,00,2,0,02,B01
200700020476,0,07,000,00,2,8,10,A01
200700020476,0,30,000,00,2,1,17,B01
200700020477,0,30,000,00,2,8,01,B01
200700020477,0,10,000,00,2,3,15,A01
200700020478,0,02,000,06,2,7,02,A01
200700020478,0,07,000,00,2,3,02,B01
200700020479,0,30,000,00,2,1,02,A01
200700020479,0,07,000,00,0,6,02,B01
200700020480,0,33,000,00,1,1,01,A01
200700020481,0,33,000,00,2,7,17,A01
200700020481,0,07,000,00,0,6,15,B01
200700020482,0,33,000,00,2,1,02,A01
200700020482,0,07,000,00,0,4,13,B01
200700020483,0,30,000,00,0,0,01,A01
200700020484,0,31,000,00,0,0,21,A01
200700020485,0,07,000,00,2,2,01,B01
200700020485,0,07,000,00,2,3,15,A01
200700020486,0,30,000,00,2,1,01,A01
200700020486,0,07,000,00,0,4,01,B01
200700020487,0,30,000,08,0,1,14,A01
200700020488,0,07,000,00,2,1,01,A01
200700020488,0,07,000,00,0,4,01,B01
200700020489,0,31,000,00,2,1,01,A01
200700020489,0,07,000,00,0,8,15,B01
200700020490,0,07,000,13,0,1,00,A01
200700020491,0,30,000,00,2,1,09,A01
200700020491,0,07,000,00,0,8,01,B01
200700020492,0,07,000,06,0,1,00,A01
200700020493,0,07,000,00,2,1,00,A01
200700020493,0,07,000,00,0,7,01,B01
200700020494,0,02,000,01,0,1,01,A01
200700020495,0,07,000,08,0,1,19,A01
200700020496,0,02,000,00,1,1,17,A01
200700020497,0,07,000,15,0,9,04,A01
200700020498,0,31,000,00,2,1,17,A01
200700020498,0,30,000,00,0,7,01,B01
200700020499,0,07,000,00,1,6,04,A01
200700020500,0,31,000,00,2,1,17,A01
200700020500,0,14,000,00,0,3,01,B01
200700020501,0,02,000,00,1,1,01,A01
200700020502,0,07,000,09,2,1,01,A01
200700020502,0,07,000,08,2,2,01,B01
200700020503,0,31,000,00,1,2,02,A01
200700020504,0,33,000,00,2,1,13,A01
200700020504,0,07,000,00,2,1,00,B01
200700020505,0,07,000,13,0,8,13,A01
200700020506,0,07,000,00,2,1,01,A01
200700020506,0,07,000,00,2,3,01,B01
200700020507,0,07,000,00,2,1,09,A01
200700020507,0,33,000,00,2,2,02,B01
200700020508,0,30,000,14,0,1,02,A01
200700020508,0,07,000,00,0,4,02,B01
200700020509,0,07,000,00,1,0,01,A01
200700020510,0,33,000,00,1,1,01,A01
200700020511,0,07,000,00,2,7,09,A01
200700020511,0,07,000,00,2,2,02,B01
200700020511,0,07,000,00,2,3,02,C01
200700020512,0,07,000,00,2,3,09,A01
200700020512,0,02,000,00,2,1,01,B01
200700020513,0,07,000,00,2,1,01,A01
200700020513,0,07,000,00,2,8,01,B01
200700020514,0,31,000,00,1,1,16,A01
200700020515,0,07,000,00,2,4,04,A01
200700020515,0,02,000,00,2,1,01,B01
200700020516,0,14,000,00,2,1,02,A01
200700020516,0,07,000,00,0,4,02,B01
200700020517,0,01,000,00,2,8,11,A01
200700020517,0,30,000,00,2,1,01,B01
200700020518,0,07,000,00,2,1,11,A01
200700020518,0,99,000,00,2,5,01,B01
200700020519,0,31,000,00,2,1,01,A01
200700020519,0,31,000,00,2,2,15,B01
200700020520,0,31,000,00,1,1,01,A01
200700020521,0,07,000,00,1,1,01,A01
200700020522,0,07,000,00,2,2,01,A01
200700020523,0,07,000,00,1,1,01,A01
200700020524,1,31,000,00,2,0,01,A01
200700020524,0,33,000,00,2,8,00,B01
200700020525,0,07,000,00,2,1,01,A01
200700020525,0,07,000,00,2,8,01,B01
200700020526,0,37,000,00,0,0,00,A01
200700020527,0,07,000,14,2,5,15,A01
200700020527,0,07,000,00,2,1,21,B01
200700020527,0,07,000,00,2,1,23,C01
200700020528,0,34,000,00,2,1,07,A01
200700020528,0,07,000,00,2,6,15,B01
200700020529,0,07,000,00,2,5,01,A01
200700020529,0,02,000,00,2,1,01,B01
200700020530,0,07,000,00,2,4,15,A01
200700020530,0,32,000,00,2,1,01,B01
200700020531,0,07,000,00,2,2,15,A01
200700020531,0,30,000,00,2,1,01,B01
200700020532,0,07,000,14,0,1,02,A01
200700020532,0,07,000,15,0,4,02,B01
200700020532,0,07,000,00,0,4,02,C01
200700020533,0,07,000,00,2,1,10,A01
200700020533,0,32,000,00,2,7,01,B01
200700020534,0,07,000,01,0,2,01,A01
200700020535,0,07,000,00,2,3,13,A01
200700020535,0,32,000,00,2,3,01,B01
200700020536,0,33,000,14,0,0,00,A01
200700020537,0,07,000,14,0,1,02,A01
200700020537,0,32,000,00,0,4,23,B01
200700020538,0,07,000,00,1,0,00,A01
200700020539,0,07,000,00,2,5,15,A01
200700020539,0,02,000,00,2,1,01,B01
200700020540,0,07,000,00,2,1,01,A01
200700020540,0,10,000,00,2,3,01,B01
200700020541,0,02,000,00,2,1,13,A01
200700020541,0,13,000,00,2,3,01,B01
200700020542,0,07,000,00,2,1,01,A01
200700020542,0,07,000,00,2,5,15,B01
200700020543,0,07,000,00,1,1,01,A01
200700020544,0,07,000,00,2,1,01,A01
200700020544,0,07,000,00,2,4,01,B01
200700020545,0,07,000,14,0,1,02,A01
200700020545,0,07,000,00,0,4,02,B01
200700020546,0,07,000,00,1,1,01,A01
200700020547,0,02,000,00,2,1,01,A01
200700020547,0,07,000,00,2,1,01,B01
200700020548,0,10,000,00,2,3,15,A01
200700020548,0,33,000,00,2,1,01,B01
200700020549,0,02,000,00,2,2,17,A01
200700020549,0,07,000,00,2,8,15,B01
200700020550,0,07,000,00,2,3,11,A01
200700020550,0,02,000,00,2,7,17,B01
200700020551,0,30,000,00,2,1,02,B01
200700020551,0,07,000,00,2,4,02,C01
200700020551,0,07,000,00,0,0,00,A01
200700020552,0,07,000,00,2,1,01,A01
200700020552,0,33,000,00,2,7,01,B01
200700020553,0,07,000,00,2,9,03,A01
200700020553,0,07,000,00,0,6,01,B01
200700020554,0,30,000,00,2,1,17,A01
200700020554,0,07,000,00,2,3,15,B01
200700020555,0,02,000,00,2,1,01,A01
200700020555,0,07,000,00,2,7,16,B01
200700020556,0,07,000,00,2,4,02,A01
200700020556,0,07,000,00,2,4,02,B01
200700020556,0,07,000,00,2,1,02,C01
200700020557,0,07,000,00,2,1,01,A01
200700020557,0,07,000,00,2,3,01,B01
200700020558,0,33,000,00,2,1,02,A01
200700020558,0,07,000,00,2,4,02,B01
200700020559,2,07,000,00,2,1,01,A01
200700020559,0,07,000,00,2,5,01,B01
200700020560,0,30,000,00,2,7,00,A01
200700020560,0,16,000,14,0,0,01,B01
200700020561,0,02,000,00,2,1,02,A01
200700020561,0,07,000,00,2,4,02,B01
200700020562,0,07,000,08,0,7,01,A01
200700020563,0,07,000,00,1,1,00,A01
200700020564,0,07,000,00,1,2,02,A01
200700020565,0,07,000,00,2,1,01,A01
200700020566,0,07,000,00,2,2,15,A01
200700020566,0,31,000,00,2,1,02,B01
200700020567,0,02,000,00,1,1,02,A01
200700020568,0,07,000,00,2,1,01,A01
200700020568,0,07,000,00,2,8,01,B01
200700020569,0,07,000,00,1,4,04,A01
200700020570,0,07,000,01,2,3,02,B01
200700020570,0,07,000,01,2,0,02,A01
200700020571,0,07,000,00,2,1,15,A01
200700020571,0,02,000,00,2,1,01,B01
200700020572,0,10,000,00,2,1,15,A01
200700020572,0,32,000,00,2,3,01,B01
200700020573,0,30,000,00,2,1,02,A01
200700020573,0,07,000,00,2,3,09,B01
200700020574,0,07,000,00,2,2,01,A01
200700020574,0,33,000,08,2,1,01,B01
200700020575,0,07,000,00,2,3,15,A01
200700020575,0,37,004,00,2,1,01,B01
200700020576,0,10,000,00,2,3,11,A01
200700020576,0,07,000,00,2,7,02,B01
200700020577,0,07,000,00,2,7,15,A01
200700020577,0,02,000,00,2,1,01,B01
200700020578,0,10,000,00,1,2,16,A01
200700020579,0,07,000,00,2,5,15,A01
200700020579,0,32,000,00,2,1,02,B01
200700020580,0,02,000,00,2,1,01,A01
200700020580,0,07,000,00,2,2,01,B01
200700020581,0,07,000,00,1,4,04,A01
200700020582,0,07,000,00,1,1,02,A01
200700020583,0,07,000,00,2,1,02,A01
200700020583,0,07,000,00,2,4,23,B01
200700020584,0,02,000,14,0,8,02,A01
200700020584,0,07,000,00,0,6,23,B01
200700020584,0,07,000,00,2,3,01,C01
200700020585,0,07,000,00,2,1,01,A01
200700020585,0,32,000,00,2,4,23,B01
200700020586,0,07,000,00,2,2,15,A01
200700020586,0,30,000,00,2,2,01,B01
200700020587,0,02,000,00,2,1,02,B01
200700020587,0,07,000,00,2,2,02,A01
200700020588,0,07,000,00,1,0,04,A01
200700020589,0,33,000,00,2,1,02,B01
200700020589,0,07,000,00,2,5,09,A01
200700020590,0,07,000,00,2,1,01,A01
200700020590,0,07,000,00,2,4,01,B01
200700020591,0,10,000,00,1,0,15,A01
200700020592,0,30,000,01,2,9,11,A01
200700020592,0,38,001,00,2,3,23,B01
200700020592,0,37,001,00,2,5,01,C01
200700020593,0,07,000,00,1,3,15,A01
200700020594,0,07,000,00,2,6,11,A01
200700020594,0,33,000,00,2,7,02,B01
200700020595,0,07,000,00,2,1,09,A01
200700020595,0,07,000,00,2,2,02,B01
200700020596,0,07,000,00,2,2,15,A01