Num_Acc,senc,catv,occutc,obs,obsm,choc,manv,num_veh
200700020596,0,07,000,00,2,1,01,B01
200700020597,0,07,000,01,2,6,02,B01
200700020597,1,07,000,00,2,1,19,A01
200700020598,0,31,000,00,2,1,02,A01
200700020599,0,07,000,00,2,1,12,A01
200700020599,0,03,000,00,2,9,01,B01
200700020600,0,01,000,00,2,8,11,A01
200700020600,0,37,001,00,2,0,02,B01
200700020601,0,07,000,00,1,3,01,A01
200700020602,0,01,000,01,0,1,01,A01
200700020603,0,07,000,00,2,1,15,A01
200700020603,0,33,000,00,2,8,01,B01
200700020604,0,07,000,00,2,1,15,A01
200700020604,0,30,000,00,2,1,02,B01
200700020605,0,07,000,00,2,2,01,A01
200700020605,0,07,000,00,2,2,09,B01
200700020606,0,07,000,00,1,4,04,A01
200700020607,0,02,000,00,2,1,01,A01
200700020607,0,37,020,00,2,4,01,B01
200700020608,0,31,000,00,2,1,01,A01
200700020608,0,07,000,00,2,1,01,B01
200700020609,0,07,000,00,2,1,02,A01
200700020609,0,07,000,00,2,4,23,B01
200700020610,0,07,000,00,2,1,01,A01
200700020610,0,07,000,00,2,4,02,B01
200700020611,0,01,000,00,2,1,01,A01
200700020611,0,07,000,00,2,3,00,B01
200700020612,0,33,000,00,2,2,02,A01
200700020612,0,07,000,00,2,3,02,B01
200700020613,0,07,000,00,0,0,01,A01
200700020613,0,02,000,00,0,0,18,B01
200700020614,0,02,000,00,2,1,01,A01
200700020614,0,07,000,00,2,2,15,B01
200700020615,0,31,000,00,1,1,01,A01
200700020616,0,07,000,00,1,1,15,A01
200700020617,0,01,000,00,2,1,01,A01
200700020617,0,07,000,00,2,4,01,B01
200700020618,0,31,000,00,2,3,01,A01
200700020618,0,07,000,00,2,1,15,B01
200700020619,0,07,000,00,1,4,04,A01
200700020620,0,07,000,00,2,8,01,A01
200700020620,0,01,000,00,2,1,16,B01
200700020621,0,33,000,00,2,1,17,A01
200700020621,0,07,000,00,2,6,15,B01
200700020622,0,07,000,09,0,1,00,A01
200700020623,0,07,000,07,0,1,01,A01
200700020624,0,07,000,13,0,2,00,A01
200700020625,0,07,000,06,0,1,00,A01
200700020626,0,07,000,00,2,1,15,A01
200700020626,0,07,000,00,2,3,01,B01
200700020627,0,01,000,00,2,1,01,B01
200700020627,0,07,000,00,2,3,22,A01
200700020628,0,07,000,00,2,6,15,A01
200700020628,0,02,000,00,2,1,01,B01
200700020629,0,07,000,00,2,1,01,B01
200700020629,0,33,000,00,2,1,13,A01
200700020630,0,02,000,00,2,7,01,B01
200700020630,0,07,000,00,2,1,15,A01
200700020631,0,37,000,00,0,6,01,A01
200700020632,0,31,000,00,1,1,01,A01
200700020633,0,07,000,00,2,2,09,A01
200700020633,0,02,000,00,2,3,01,B01
200700020634,0,33,000,00,2,1,01,B01
200700020634,0,07,000,00,0,6,15,A01
200700020635,0,30,000,14,0,1,01,A01
200700020636,0,05,000,00,2,1,05,A01
200700020636,0,01,000,00,2,8,05,B01
200700020637,0,07,000,06,0,1,01,A01
200700020638,0,07,000,08,0,1,00,A01
200700020639,0,07,000,00,2,7,15,A01
200700020639,0,34,000,00,2,1,21,B01
200700020639,0,07,000,00,2,1,19,C01
200700020640,0,07,000,00,2,1,15,A01
200700020640,0,30,000,00,2,1,01,B01
200700020641,0,07,000,00,1,3,15,A01
200700020642,0,32,000,06,0,1,00,A01
200700020643,1,07,000,00,1,0,01,A01
200700020644,0,07,000,00,2,4,23,B01
200700020644,0,07,000,00,2,1,02,A01
200700020645,0,33,000,00,2,4,02,B01
200700020645,1,07,000,00,2,0,02,A01
200700020646,0,07,000,00,2,3,23,C01
200700020646,0,07,000,00,0,5,15,B01
200700020646,0,07,000,09,2,1,13,A01
200700020647,0,10,000,00,2,1,01,B01
200700020647,0,14,000,00,2,3,15,A01
200700020648,0,07,000,00,1,1,01,A01
200700020649,0,33,000,00,2,1,17,B01
200700020649,0,07,000,00,2,1,15,A01
200700020650,0,30,000,00,2,1,01,A01
200700020650,1,07,000,00,2,2,19,B01
200700020651,0,07,000,00,2,1,01,B01
200700020651,0,30,000,00,2,1,01,A01
200700020652,1,07,000,00,2,1,01,A01
200700020652,0,01,000,00,2,4,01,B01
200700020653,0,07,000,00,2,1,13,A01
200700020653,0,99,000,00,2,1,01,B01
200700020654,0,07,000,08,0,2,01,A01
200700020655,0,07,000,00,0,0,01,A01
200700020656,0,07,000,07,0,3,01,A01
200700020657,0,33,000,00,2,7,17,A01
200700020657,0,07,000,00,9,8,15,B01
200700020658,0,07,000,00,9,3,09,A01
200700020658,0,30,000,00,2,1,01,B01
200700020659,0,07,000,08,0,1,01,A01
200700020660,0,30,000,00,1,2,21,A01
200700020661,0,30,000,00,1,1,05,A01
200700020662,0,02,000,00,2,1,02,A01
200700020662,0,07,000,00,2,8,02,B01
200700020662,0,07,000,00,0,0,15,C01
200700020663,0,07,000,00,1,1,01,A01
200700020664,0,07,000,00,1,1,02,A01
200700020665,0,30,000,00,0,0,01,A01
200700020666,0,31,000,00,2,7,01,B01
200700020666,0,07,000,00,2,8,15,A01
200700020667,0,07,000,08,0,8,17,A01
200700020668,0,07,000,00,2,3,01,A01
200700020668,0,07,000,00,2,3,01,B01
200700020668,0,07,000,00,2,3,01,C01
200700020669,0,07,000,00,2,1,15,A01
200700020669,0,32,000,00,2,1,01,B01
200700020670,0,99,000,06,0,0,01,A01
200700020671,0,07,000,00,2,8,15,A01
200700020671,0,33,000,00,2,1,01,B01
200700020672,0,32,000,00,2,2,01,B01
200700020672,0,07,000,00,2,3,15,A01
200700020673,0,07,000,00,2,6,15,A01
200700020673,0,01,000,00,2,1,01,B01
200700020674,0,31,000,00,1,8,01,A01
200700020675,0,07,000,00,2,7,15,A01
200700020675,0,33,000,00,2,1,01,B01
200700020676,0,07,000,00,9,2,01,A01
200700020676,0,30,000,00,2,1,01,B01
200700020677,0,33,000,00,2,7,01,B01
200700020677,0,07,000,00,2,1,09,A01
200700020678,0,07,000,00,2,1,02,A01
200700020678,0,07,000,00,2,4,23,B01
200700020678,0,07,000,00,2,4,16,C01
200700020679,0,07,000,08,0,1,01,A01
200700020680,0,02,000,00,0,0,00,A01
200700020681,0,07,000,03,9,3,01,A01
200700020681,0,01,000,00,0,8,01,B01
200700020681,0,01,000,00,0,8,01,C01
200700020682,0,02,000,00,2,1,01,A01
200700020682,0,10,000,00,2,3,15,B01
200700020683,0,02,000,00,2,1,01,A01
200700020683,0,07,000,00,2,6,01,B01
200700020684,0,07,000,00,2,1,13,A01
200700020684,0,07,000,00,2,1,01,B01
200700020685,0,07,000,00,2,8,09,A01
200700020685,0,30,000,00,2,1,01,B01
200700020686,0,07,000,00,2,1,02,A01
200700020686,0,07,000,00,2,4,02,B01
200700020687,0,07,000,00,2,6,02,C01
200700020687,0,07,000,00,2,9,17,A01
200700020687,0,07,000,00,2,3,02,B01
200700020688,0,30,000,00,2,1,13,A01
200700020688,0,07,000,00,0,3,01,B01
200700020689,0,07,000,00,2,1,09,A01
200700020689,0,30,000,00,2,7,01,B01
200700020690,0,07,000,00,1,0,02,A01
200700020691,0,07,000,00,0,1,02,A01
200700020691,0,07,000,00,0,9,02,B01
200700020691,0,07,000,00,0,4,02,C01
200700020692,0,31,000,00,2,1,02,A01
200700020692,0,07,000,00,0,7,15,B01
200700020693,0,07,000,00,2,6,15,B01
200700020693,0,30,000,00,2,1,01,A01
200700020694,0,07,000,13,0,1,14,A01
200700020695,0,10,000,00,2,4,02,A01
200700020695,0,10,000,00,2,4,15,B01
200700020696,0,33,000,00,1,1,01,A01
200700020697,0,33,000,00,0,3,18,A01
200700020697,0,14,000,00,0,2,16,B01
200700020698,0,33,000,00,2,5,01,A01
200700020698,0,07,000,00,9,5,19,B01
200700020699,0,02,000,00,2,1,02,A01
200700020699,1,07,000,00,0,4,02,B01
200700020700,0,07,000,00,1,2,20,A01
200700020701,0,07,000,00,2,3,00,A01
200700020701,0,32,000,00,2,2,02,B01
200700020702,0,07,000,00,2,3,15,A01
200700020702,0,32,000,00,2,7,17,B01
200700020703,0,30,000,00,2,7,01,A01
200700020703,0,30,000,00,2,2,01,B01
200700020703,1,07,000,00,2,0,09,C01
200700020704,0,07,000,00,2,3,01,A01
200700020704,1,32,000,00,1,0,00,B01
200700020705,1,07,000,00,1,0,00,A01
200700020706,0,07,000,00,2,1,02,A01
200700020706,0,07,000,00,2,4,23,B01
200700020707,0,30,000,14,0,1,00,A01
200700020708,0,33,000,00,2,2,09,A01
200700020708,0,07,000,00,2,3,09,B01
200700020709,0,07,000,01,2,1,18,A01
200700020709,0,07,000,00,2,2,16,B01
200700020710,0,10,000,00,2,1,02,A01
200700020710,0,10,000,00,2,4,02,B01
200700020711,1,07,000,00,1,0,01,A01
200700020712,2,07,000,00,2,1,02,A01
200700020712,0,07,000,00,0,4,23,B01
200700020713,0,07,000,00,2,1,15,A01
200700020713,0,30,000,00,0,0,01,B01
200700020714,0,02,000,06,0,0,01,A01
200700020714,1,07,000,00,0,0,09,B01
200700020715,0,07,000,00,2,3,10,A01
200700020715,0,33,000,00,2,8,01,B01
200700020716,0,07,000,00,0,6,15,A01
200700020716,0,07,000,00,2,1,01,B01
200700020717,0,07,000,00,2,3,15,A01
200700020717,0,33,000,00,2,1,02,B01
200700020718,0,30,000,12,0,1,21,A01
200700020718,1,07,000,00,0,0,05,B01
200700020719,0,07,000,00,2,0,10,A01
200700020719,0,33,000,00,2,1,01,B01
200700020720,0,02,000,01,0,1,13,A01
200700020721,0,07,000,00,2,2,00,A01
200700020721,0,30,000,00,1,3,00,B01
200700020722,0,07,000,00,2,3,00,A01
200700020722,0,07,000,00,2,7,00,B01
200700020723,0,02,000,00,0,1,02,A01
200700020723,0,31,000,00,0,3,02,B01
200700020724,0,30,000,08,0,2,00,A01
200700020725,0,07,000,00,1,1,01,A01
200700020726,0,07,000,00,2,2,19,A01
200700020726,0,33,000,01,2,1,01,B01
200700020727,0,07,000,00,2,4,01,A01
200700020727,0,07,000,00,2,3,01,B01
200700020728,0,07,000,00,2,7,15,A01
200700020728,0,07,000,00,2,1,01,B01
200700020729,0,07,000,00,2,1,15,A01
200700020729,0,07,000,00,2,1,01,B01
200700020730,0,07,000,00,2,7,15,A01
200700020730,0,34,000,00,2,1,01,B01
200700020731,0,32,000,00,2,1,09,A01
200700020731,0,07,000,00,2,5,01,B01
200700020732,0,07,000,01,0,1,00,A01
200700020733,0,30,000,00,2,1,02,A01
200700020733,0,07,000,00,9,2,19,B01
200700020734,0,07,000,00,1,3,02,A01
200700020735,0,32,000,00,1,1,01,A01
200700020736,0,07,000,00,2,5,01,A01
200700020736,0,30,000,00,2,1,16,B01
200700020737,0,07,000,00,2,3,01,A01
200700020737,0,07,000,00,2,3,23,B01
200700020738,0,99,000,06,0,1,00,A01
200700020739,0,07,000,00,0,7,04,A01
200700020739,0,34,000,00,0,1,00,B01
200700020740,0,07,000,00,2,2,01,A01
200700020740,0,07,000,00,2,3,09,B01
200700020741,0,32,000,00,9,3,03,A01
200700020741,0,37,031,00,9,3,02,B01
200700020742,0,07,000,00,2,3,15,A01
200700020742,0,30,000,00,2,1,17,B01
200700020743,0,31,000,01,1,1,17,A01
200700020744,0,07,000,00,9,2,15,A01
200700020744,0,30,000,00,2,1,01,B01
200700020745,0,07,000,00,2,1,15,A01
200700020745,0,07,000,00,2,8,01,B01
200700020746,0,02,000,00,2,5,15,A01
200700020746,0,07,000,00,2,2,01,B01
200700020747,0,07,000,00,2,1,01,A01
200700020747,0,07,000,00,0,3,15,B01
200700020748,0,07,000,00,2,0,02,A01
200700020748,0,07,000,00,2,0,15,B01
200700020749,0,07,000,00,1,0,15,A01
200700020750,0,07,000,00,1,2,02,A01
200700020751,0,07,000,00,2,1,15,A01
200700020751,0,31,000,00,2,1,01,B01
200700020752,0,07,000,00,2,3,15,A01
200700020752,0,32,000,00,2,1,17,B01
200700020753,0,32,000,00,0,0,21,A01
200700020753,1,31,000,00,0,0,15,B01
200700020754,0,07,000,00,2,1,02,A01
200700020754,0,07,000,00,0,4,02,B01
200700020755,0,31,000,00,0,8,06,A01
200700020756,0,07,000,00,1,2,01,A01
200700020757,0,30,000,12,2,8,09,A01
200700020757,0,07,000,00,2,7,02,B01
200700020758,0,30,000,00,0,7,03,A01
200700020759,0,30,000,00,2,1,02,A01
200700020759,0,07,000,00,2,4,02,B01
200700020759,0,07,000,00,0,0,00,C01
200700020760,0,34,000,00,1,1,01,A01
200700020761,0,07,000,00,2,1,02,A01
200700020761,0,07,000,00,2,4,02,B01
200700020762,0,02,000,00,2,1,17,A01
200700020762,0,07,000,00,9,3,15,B01
200700020763,0,07,000,00,0,3,01,B01
200700020763,0,07,000,00,2,3,00,A01
200700020764,0,07,000,00,1,0,00,A01
200700020765,0,37,006,00,2,3,21,A01
200700020765,0,07,000,00,2,3,01,B01
200700020766,0,32,000,00,2,1,01,A01
200700020766,0,07,000,00,2,7,15,B01
200700020767,0,02,000,00,2,1,01,A01
200700020767,0,07,000,00,0,3,15,B01
200700020768,0,32,000,00,2,2,03,A01
200700020768,0,07,000,00,2,8,15,B01
200700020769,0,07,000,14,0,1,01,A01
200700020769,0,07,000,00,0,4,23,B01
200700020770,0,34,000,00,2,2,17,A01
200700020770,0,07,000,00,0,3,01,B01
200700020771,0,32,000,00,0,8,00,B01
200700020771,0,07,000,00,2,1,01,A01
200700020772,0,07,000,09,0,1,01,A01
200700020773,0,02,000,00,0,0,00,A01
200700020774,0,32,000,03,0,0,02,A01
200700020775,0,07,000,00,2,8,10,A01
200700020775,0,31,000,00,2,1,01,B01
200700020776,0,30,000,00,2,1,21,A01
200700020776,0,07,000,00,2,6,23,B01
200700020777,0,13,000,00,2,1,02,A01
200700020777,0,07,000,00,0,4,02,B01
200700020778,0,07,000,00,2,5,01,A01
200700020778,0,30,000,00,2,1,02,B01
200700020779,0,10,000,00,1,3,01,A01
200700020780,0,07,000,00,0,8,01,A01
200700020780,0,30,000,00,0,0,02,B01
200700020781,0,07,000,00,1,5,01,A01
200700020782,0,07,000,00,2,3,15,A01
200700020782,0,33,000,07,2,1,01,B01
200700020783,0,07,000,00,2,5,15,A01
200700020783,0,30,000,00,2,1,01,B01
200700020784,0,07,000,00,2,7,15,A01
200700020784,0,30,000,00,2,1,01,B01
200700020785,0,30,000,00,1,1,01,A01
200700020786,0,07,000,00,2,8,13,A01
200700020786,0,33,000,00,2,1,01,B01
200700020787,0,33,000,00,2,3,02,A01
200700020787,0,07,000,00,0,0,00,B01
200700020788,0,33,000,00,5,1,01,B01
200700020789,0,33,000,00,9,9,02,B01
200700020789,0,30,000,00,9,8,19,A01
200700020790,0,32,000,00,0,0,02,A01
200700020791,0,31,000,06,0,1,01,A01
200700020792,0,07,000,00,1,3,21,A01
200700020793,0,31,000,00,2,7,01,A01
200700020793,0,07,000,00,2,1,01,B01
200700020794,0,31,000,00,0,2,00,A01
200700020795,0,07,000,00,2,3,09,A01
200700020795,0,30,000,00,2,1,02,B01
200700020796,0,07,000,00,1,0,00,A01
200700020797,0,07,000,00,2,1,01,A01
200700020797,0,07,000,00,2,1,01,B01
200700020798,0,10,000,00,2,5,01,A01
200700020798,0,01,000,00,2,8,01,B01
200700020799,1,07,000,00,0,0,00,A01
200700020800,0,07,000,00,2,1,02,A01
200700020800,0,32,000,00,2,4,23,B01
200700020801,0,07,000,00,2,1,00,A01
200700020801,0,33,000,00,2,7,01,B01
200700020802,0,07,000,00,2,7,13,A01
200700020802,0,07,000,00,2,1,02,B01
200700020803,0,07,000,00,0,2,01,A01
200700020803,0,07,000,00,0,1,01,B01
200700020804,0,07,000,00,2,1,02,A01
200700020804,0,07,000,00,0,6,01,B01
200700020805,0,07,000,00,1,6,04,A01
200700020806,0,07,000,00,1,4,04,A01
200700020807,0,07,000,00,1,1,15,A01
200700020808,0,37,000,00,2,1,02,A01
200700020808,0,07,000,00,0,4,02,B01
200700020809,0,30,000,00,0,0,00,A01
200700020810,0,07,000,01,1,4,24,A01
200700020811,0,07,000,00,2,0,01,B01
200700020811,0,07,000,00,2,8,15,A01
200700020812,0,07,000,00,1,1,00,A01
200700020813,0,07,000,00,1,8,04,A01
200700020814,0,07,000,00,2,1,02,A01
200700020814,0,07,000,00,0,4,16,B01
200700020815,0,30,000,00,0,2,01,A01
200700020816,0,30,000,00,0,8,02,A01
200700020817,0,07,000,00,2,1,02,A01
200700020817,0,30,000,00,0,4,02,B01
200700020818,0,30,000,00,2,1,02,A01
200700020818,0,07,000,00,0,6,11,B01
200700020819,0,07,000,00,2,2,15,A01
200700020819,0,07,000,00,2,8,16,B01
200700020820,0,07,000,00,2,1,01,B01
200700020820,0,07,000,00,2,7,01,A01
200700020821,0,32,000,00,0,8,02,A01
200700020822,1,30,000,00,0,0,00,A01
200700020823,0,07,000,00,1,2,01,A01
200700020824,0,33,000,00,2,1,01,A01
200700020824,0,07,000,00,0,6,15,B01
200700020825,0,07,000,00,2,3,13,A01
200700020825,0,33,000,00,2,2,17,B01
200700020826,0,07,000,00,2,1,11,A01
200700020826,0,07,000,00,2,4,23,B01
200700020827,0,07,000,00,2,3,15,A01
200700020827,0,02,000,00,2,1,17,B01
200700020828,0,33,000,00,2,0,01,A01
200700020828,0,07,000,00,2,3,20,B01
200700020829,0,07,000,00,1,0,04,A01
200700020830,0,07,000,00,2,1,01,B01
200700020830,0,07,000,00,2,8,15,A01
200700020831,0,07,000,00,0,4,23,A01
200700020831,1,07,000,00,2,1,01,B01
200700020832,0,02,000,00,2,7,00,B01
200700020832,0,07,000,00,2,1,15,A01
200700020833,0,30,000,00,1,1,01,A01
200700020834,0,07,000,00,2,2,01,A01
200700020834,0,07,000,00,2,3,15,B01
200700020835,0,02,000,00,2,1,01,A01
200700020835,0,07,000,00,2,3,01,B01
200700020836,0,07,000,00,2,5,16,A01
200700020836,0,01,000,00,2,3,01,B01
200700020837,0,07,000,00,2,6,15,A01
200700020837,0,33,000,00,2,2,01,B01
200700020838,0,07,000,00,2,3,15,A01
200700020838,0,02,000,00,2,8,17,B01
200700020839,0,33,000,00,2,1,13,A01
200700020839,0,07,000,00,2,1,01,B01
200700020840,0,02,000,00,2,3,21,A01
200700020840,0,07,000,00,0,5,15,B01
200700020841,0,07,000,00,1,3,15,A01
200700020842,0,33,000,00,2,1,03,A01
200700020842,0,07,000,00,2,4,15,B01
200700020843,0,03,000,00,2,2,01,A01
200700020843,0,07,000,00,2,3,01,B01
200700020844,0,30,000,00,2,8,11,A01
200700020844,0,07,000,00,2,7,01,B01
200700020845,0,07,000,00,2,3,15,A01
200700020845,0,02,000,00,2,1,01,B01
200700020846,0,07,000,00,2,8,15,A01
200700020846,0,31,000,00,2,5,17,B01
200700020847,0,07,000,00,2,1,00,A01
200700020847,0,07,000,00,2,7,15,B01
200700020848,0,07,000,00,1,3,15,A01
200700020849,0,30,000,12,0,0,00,A01
200700020850,0,07,000,00,2,8,01,A01
200700020850,0,07,000,00,2,1,01,B01
200700020851,0,02,000,04,0,8,00,A01
200700020852,0,07,000,00,2,3,01,A01
200700020852,0,02,000,00,2,1,15,B01
200700020853,0,07,000,00,1,1,00,A01
200700020854,0,33,000,00,1,5,01,A01
200700020855,0,07,000,00,2,3,10,A01
200700020855,0,33,000,00,2,1,02,B01
200700020856,0,07,000,00,2,1,01,A01
200700020856,0,07,000,00,2,9,01,B01
200700020856,0,07,000,00,2,4,01,C01
200700020857,0,30,000,00,2,1,02,A01
200700020857,0,07,000,00,0,3,09,B01
200700020858,0,32,000,00,2,7,15,A01
200700020858,0,07,000,00,2,1,01,B01
200700020859,0,07,000,00,2,8,01,A01
200700020859,0,07,000,00,0,0,01,B01
200700020860,0,07,000,00,2,3,10,A01
200700020860,0,32,000,00,2,1,02,B01
200700020861,0,07,000,00,2,2,00,A01
200700020861,0,07,000,00,2,5,00,B01
200700020862,0,07,000,00,2,6,21,A01
200700020862,0,32,000,00,2,7,01,B01
200700020863,0,07,000,00,2,7,15,A01
200700020863,0,30,000,00,2,1,01,B01
200700020864,0,07,000,00,0,0,12,A01
200700020864,0,33,000,01,0,7,02,B01
200700020865,0,07,000,00,0,1,01,A01
200700020865,0,07,000,00,2,0,01,B01
200700020866,0,07,000,00,0,3,01,A01
200700020867,0,33,000,00,2,1,02,A01
200700020867,0,07,000,00,0,6,16,B01
200700020868,0,37,016,00,2,8,15,A01
200700020868,0,07,000,00,2,6,16,B01
200700020869,0,07,000,00,2,1,02,A01
200700020869,0,07,000,00,0,4,02,B01
200700020870,0,07,000,00,2,3,06,A01
200700020870,0,32,000,00,2,3,02,B01
200700020871,0,07,000,00,1,1,01,A01
200700020872,0,07,000,00,2,6,15,A01
200700020872,0,34,000,00,2,1,17,B01
200700020873,0,02,000,00,0,1,00,A01
200700020873,0,07,000,00,0,1,00,B01
200700020874,0,38,063,00,2,7,12,A01
200700020874,0,07,000,00,2,8,18,B01
200700020875,0,07,000,00,1,3,01,A01
200700020876,0,07,000,00,2,3,06,A01
200700020876,0,32,000,00,2,7,06,B01
200700020877,0,33,000,00,0,0,00,A01
200700020878,0,07,000,00,2,1,16,A01
200700020878,0,30,000,00,2,4,23,B01
200700020879,0,07,000,00,0,1,02,A01
200700020879,0,33,000,00,0,6,02,B01
200700020880,1,10,000,00,0,0,00,A01
200700020881,0,33,000,00,2,1,01,A01
200700020881,0,07,000,00,2,2,09,B01
200700020882,0,14,000,00,1,1,01,A01
200700020883,0,30,000,00,2,8,17,A01
200700020883,0,34,000,00,2,3,21,B01
200700020883,0,07,000,00,2,3,02,C01
200700020884,0,07,000,00,2,6,04,A01
200700020884,0,07,000,00,2,3,01,B01
200700020885,0,33,000,00,2,8,01,A01
200700020885,0,07,000,00,2,1,23,B01
200700020886,0,07,000,00,1,1,01,A01
200700020887,0,10,000,00,2,3,13,A01
200700020887,0,07,000,00,2,8,01,B01
200700020888,0,07,000,00,2,1,15,A01
200700020888,0,32,000,00,2,1,01,B01
200700020889,0,07,000,00,2,1,01,A01
200700020889,0,07,000,00,2,7,01,B01
200700020890,0,07,000,00,2,1,02,A01
200700020890,0,07,000,00,2,4,02,B01
200700020890,0,07,000,00,2,4,02,C01
200700020891,0,07,000,00,2,1,09,A01
200700020891,0,07,000,00,2,2,01,B01
200700020892,0,07,000,00,0,0,00,A01
200700020892,0,32,000,00,2,1,01,B01
200700020893,0,07,000,00,2,3,15,A01
200700020893,0,07,000,00,2,1,01,B01
200700020894,0,07,000,00,1,0,00,A01
200700020894,0,07,000,00,0,0,00,B01
200700020895,0,02,000,16,2,7,13,A01
200700020895,0,07,000,00,2,3,15,B01
200700020896,0,07,000,00,2,3,15,A01
200700020896,0,30,000,00,2,8,01,B01
200700020897,1,07,000,00,2,0,19,A01
200700020897,0,01,000,00,2,1,01,B01
200700020898,0,07,000,00,2,1,01,A01
200700020898,0,07,000,08,2,2,01,B01
200700020899,0,13,000,00,2,1,01,A01
200700020899,0,07,000,00,2,6,01,B01
200700020900,0,07,000,00,2,1,01,A01
200700020900,0,07,000,00,0,8,09,B01
200700020901,0,34,000,00,1,1,16,A01
200700020902,1,07,000,00,1,1,01,A01
200700020903,0,31,000,00,2,7,12,A01
200700020903,0,30,000,00,2,8,01,B01
200700020904,0,07,000,00,2,3,15,A01
200700020904,0,30,000,00,2,1,01,B01
200700020905,0,30,000,00,0,1,17,A01
200700020905,0,07,000,00,0,0,15,B01
200700020906,0,07,000,00,2,1,01,B01
200700020906,0,30,000,00,2,5,01,A01
200700020907,0,07,000,00,2,1,12,A01
200700020907,0,07,000,00,2,8,15,B01
200700020908,0,07,000,00,2,1,01,A01
200700020908,0,34,000,00,2,7,01,B01
200700020909,0,30,000,00,1,0,01,A01
200700020910,0,30,000,00,2,2,17,A01
200700020910,0,07,000,00,2,3,15,B01
200700020911,0,07,000,00,9,2,15,A01
200700020911,0,32,000,00,2,1,01,B01
200700020912,0,07,000,00,2,1,02,A01
200700020912,0,07,000,00,2,4,02,B01
200700020912,0,07,000,00,2,4,02,C01
200700020913,0,02,000,01,2,1,13,A01
200700020913,0,07,000,00,2,1,01,B01
200700020913,0,07,000,00,2,3,24,C01
200700020913,0,07,000,00,2,3,24,D01
200700020914,0,07,000,00,2,1,01,A01
200700020914,0,07,000,00,2,7,19,B01
200700020915,0,33,000,01,2,9,17,A01
200700020915,0,07,000,00,2,8,15,B01
200700020916,0,07,000,00,2,1,02,A01
200700020916,0,07,000,00,2,4,02,B01
200700020917,0,07,000,00,2,3,12,A01
200700020917,0,32,000,00,2,7,01,B01
200700020918,0,07,000,15,2,1,02,A01
200700020918,0,07,000,00,0,4,02,B01
200700020918,0,37,000,00,0,8,02,C01
200700020919,0,07,000,00,2,4,04,A01
200700020919,0,37,000,00,2,8,01,B01
200700020920,0,33,000,01,0,9,02,A01
200700020921,0,07,000,00,0,3,15,A01
200700020921,0,31,000,00,0,7,17,B01
200700020922,0,07,000,00,0,1,02,A01
200700020922,0,10,000,00,0,4,02,B01
200700020923,0,07,000,00,0,0,00,A01
200700020924,0,07,000,00,2,8,15,A01
200700020924,0,02,000,00,2,7,17,B01
200700020925,0,07,000,00,2,2,15,A01
200700020925,0,30,000,00,2,1,07,B01
200700020926,0,07,000,00,2,6,11,A01
200700020926,0,07,000,00,2,6,11,B01
200700020926,0,14,000,00,2,7,01,C01
200700020927,0,07,000,00,0,2,15,A01
200700020927,0,30,000,00,2,1,01,B01
200700020928,0,07,000,00,2,4,09,A01
200700020928,0,33,000,00,2,1,01,B01
200700020929,0,07,000,00,2,3,00,A01
200700020929,0,07,000,00,2,2,00,B01
200700020930,0,32,000,01,0,1,01,A01
200700020930,0,07,000,00,0,4,00,B01
200700020931,0,10,000,00,2,3,15,A01
200700020931,0,32,000,00,2,1,01,B01
200700020931,0,10,000,00,0,1,23,C01
200700020932,0,07,000,00,1,1,00,A01
200700020933,0,07,000,00,2,4,01,A01
200700020933,0,07,000,00,2,9,02,B01
200700020933,0,07,000,00,2,1,02,C01
200700020934,0,14,000,00,2,1,01,A01
200700020934,0,07,000,00,2,3,15,B01
200700020935,0,31,000,00,2,1,16,A01
200700020935,0,07,000,00,2,3,16,B01
200700020936,0,07,000,08,2,7,00,B01
200700020936,0,07,000,00,2,1,00,A01
200700020937,0,32,000,00,0,0,17,A01
200700020938,0,30,000,00,0,7,15,A01
200700020939,0,07,000,00,0,0,00,A01
200700020939,0,07,000,00,0,0,00,B01
200700020940,0,07,000,00,1,4,04,A01
200700020941,0,07,000,00,0,4,02,A01
200700020941,0,07,000,00,0,4,02,B01
200700020942,0,07,000,00,0,1,00,A01
200700020942,0,33,000,00,0,1,00,B01
200700020943,0,10,000,00,2,6,09,A01
200700020943,0,31,000,00,2,1,01,B01
200700020944,0,07,000,12,0,2,00,A01
200700020945,0,07,000,00,1,3,02,A01
200700020946,0,99,000,00,0,1,02,A01
200700020946,0,07,000,00,0,4,02,B01
200700020947,0,30,000,00,2,1,01,A01
200700020947,0,07,000,00,2,7,15,B01
200700020948,0,13,000,00,2,6,04,A01
200700020948,0,07,000,00,2,2,01,B01
200700020949,0,07,000,00,2,5,02,A01
200700020949,0,30,000,00,2,1,02,B01
200700020950,0,02,000,00,2,1,00,A01
200700020950,0,07,000,00,2,1,00,B01
200700020951,0,07,000,00,2,3,15,A01
200700020951,0,33,000,00,2,1,01,B01
200700020952,0,32,000,00,1,1,17,A01
200700020953,0,33,000,11,0,1,14,A01
200700020954,0,07,000,03,0,1,01,A01
200700020955,0,07,000,00,2,3,01,B01
200700020955,0,07,000,00,2,3,13,A01
200700020956,0,07,000,00,2,6,01,B01
200700020956,0,07,000,00,2,4,01,A01
200700020957,0,07,000,00,2,1,01,B01