Num_Acc,senc,catv,occutc,obs,obsm,choc,manv,num_veh
200700020957,0,07,000,00,2,8,01,A01
200700020958,0,07,000,00,2,4,23,B01
200700020958,0,07,000,00,2,1,02,A01
200700020959,0,07,000,00,2,3,02,A01
200700020959,0,10,000,00,2,5,15,B01
200700020960,0,33,000,00,2,1,01,B01
200700020960,0,07,000,00,2,2,15,A01
200700020961,0,02,000,00,1,1,01,A01
200700020962,0,07,000,04,0,8,13,A01
200700020963,0,07,000,00,2,3,01,B01
200700020963,0,02,000,00,2,7,02,A01
200700020963,1,07,000,00,2,2,13,C01
200700020964,0,07,000,00,2,1,01,B01
200700020964,0,07,000,00,2,2,15,A01
200700020965,0,07,000,00,1,1,15,A01
200700020966,0,07,000,00,1,1,01,A01
200700020967,0,33,000,00,2,1,01,B01
200700020967,0,07,000,00,2,3,15,A01
200700020968,0,17,000,00,0,1,02,A01
200700020968,0,15,000,00,0,4,02,B01
200700020969,0,07,000,00,2,8,01,B01
200700020969,0,07,000,00,2,1,01,A01
200700020970,0,07,000,00,2,1,02,A01
200700020970,0,07,000,00,2,4,02,B01
200700020970,0,07,000,00,2,4,02,C01
200700020971,0,07,000,00,0,1,13,A01
200700020972,0,07,000,03,2,6,01,A01
200700020973,0,07,000,00,2,4,02,B01
200700020973,0,07,000,00,2,1,02,A01
200700020974,0,07,000,00,2,2,09,A01
200700020974,0,07,000,00,2,3,01,B01
200700020975,0,07,000,00,2,2,15,A01
200700020975,0,07,000,00,2,3,01,B01
200700020976,0,02,000,00,0,1,16,A01
200700020977,0,07,000,00,2,2,01,B01
200700020977,0,07,000,00,2,3,19,A01
200700020978,0,34,000,00,2,1,01,B01
200700020978,0,07,000,00,0,7,19,A01
200700020979,0,07,000,04,0,0,14,A01
200700020980,0,32,000,00,2,1,17,B01
200700020980,0,07,000,00,2,3,15,A01
200700020981,0,07,000,00,2,1,17,A01
200700020981,0,07,000,00,2,5,15,B01
200700020982,0,10,000,00,2,2,01,A01
200700020982,0,10,000,00,2,6,01,B01
200700020983,0,07,000,00,2,1,15,A01
200700020983,0,07,000,00,2,1,01,B01
200700020984,0,07,000,00,2,5,16,A01
200700020984,0,38,004,00,2,3,01,B01
200700020985,0,10,000,07,0,1,00,A01
200700020986,0,07,000,06,0,1,01,A01
200700020987,0,07,000,00,2,1,02,A01
200700020987,0,07,000,00,2,4,02,B01
200700020987,0,07,000,00,2,4,02,C01
200700020987,0,07,000,00,2,4,02,D01
200700020987,0,07,000,00,2,4,02,E01
200700020988,0,33,000,15,0,9,00,A01
200700020989,0,07,000,00,2,1,02,A01
200700020989,0,07,000,00,2,1,23,B01
200700020989,0,07,000,00,0,4,23,C01
200700020990,0,99,000,00,2,1,01,A01
200700020990,0,07,000,07,2,4,01,B01
200700020991,0,07,000,00,4,2,21,A01
200700020991,0,40,000,00,2,3,01,B01
200700020992,0,02,000,01,0,1,01,A01
200700020992,0,14,000,00,0,4,23,B01
200700020993,0,30,000,00,2,1,01,A01
200700020993,0,07,000,00,2,8,01,B01
200700020994,0,07,000,00,2,1,01,A01
200700020994,0,07,000,00,0,3,15,B01
200700020995,0,07,000,00,1,4,04,A01
200700020996,0,30,000,00,2,1,01,A01
200700020996,0,07,000,00,2,2,01,B01
200700020997,0,17,000,00,0,0,16,A01
200700020998,0,07,000,00,0,8,19,A01
200700020998,0,33,000,00,2,1,21,B01
200700020999,0,02,000,01,0,1,01,A01
200700021000,0,07,000,00,1,4,04,A01
200700021001,0,07,000,00,1,2,01,A01
200700021002,0,10,000,00,1,1,01,A01
200700021003,0,33,000,00,0,7,00,A01
200700021004,0,07,000,00,2,1,01,B01
200700021004,0,30,000,00,2,1,19,A01
200700021005,0,02,000,00,2,1,15,A01
200700021005,0,02,000,00,2,1,00,B01
200700021006,1,07,000,00,9,7,01,A01
200700021006,0,01,000,00,1,8,01,B01
200700021007,0,33,000,00,2,8,01,B01
200700021007,0,13,000,00,2,1,15,A01
200700021008,0,07,000,00,2,1,01,B01
200700021008,0,07,000,00,2,1,15,A01
200700021009,0,07,000,00,2,1,01,B01
200700021009,0,15,000,00,2,1,13,A01
200700021010,1,10,000,00,1,0,00,A01
200700021011,0,02,000,12,0,2,09,A01
200700021012,0,07,000,13,0,2,01,A01
200700021013,0,07,000,00,1,1,16,A01
200700021014,0,07,000,00,1,2,01,A01
200700021015,0,07,000,00,1,1,01,A01
200700021016,0,31,000,00,0,8,01,A01
200700021017,0,01,000,00,0,0,01,A01
200700021018,0,07,000,00,1,1,15,A01
200700021019,0,33,000,00,0,7,01,A01
200700021020,0,07,000,01,0,1,01,A01
200700021021,0,30,000,00,0,0,01,A01
200700021022,0,07,000,00,2,1,01,A01
200700021022,0,02,000,00,2,8,01,B01
200700021023,0,01,000,00,2,1,01,B01
200700021023,0,07,000,00,2,1,01,A01
200700021024,0,07,000,15,0,1,15,A01
200700021025,0,07,000,00,2,3,09,A01
200700021025,0,30,000,00,2,1,01,B01
200700021026,0,30,000,00,0,7,01,A01
200700021027,0,07,000,00,1,3,01,A01
200700021028,0,33,000,00,2,1,01,B01
200700021028,0,07,000,00,2,8,09,A01
200700021029,0,02,000,00,2,1,17,A01
200700021029,0,07,000,00,2,8,15,B01
200700021030,0,07,000,00,1,2,01,A01
200700021031,0,07,000,00,2,7,01,A01
200700021031,0,33,000,00,2,1,01,B01
200700021032,0,07,000,00,2,3,01,A01
200700021032,1,07,000,00,2,0,13,B01
200700021033,0,31,000,00,2,1,14,A01
200700021034,0,07,000,00,2,3,02,A01
200700021034,0,07,000,00,2,5,23,B01
200700021034,0,07,000,00,2,4,23,C01
200700021035,0,07,000,00,2,5,15,A01
200700021035,0,33,000,00,2,1,01,B01
200700021036,0,33,000,00,2,2,01,A01
200700021037,0,07,000,00,2,2,15,A01
200700021037,0,01,000,00,2,1,01,B01
200700021038,0,07,000,00,2,2,01,A01
200700021038,0,30,000,00,2,3,01,B01
200700021039,0,07,000,00,2,8,15,A01
200700021039,0,30,000,00,2,1,17,B01
200700021040,0,07,000,06,0,1,14,A01
200700021041,1,07,000,00,2,4,04,A01
200700021041,0,07,000,00,2,7,01,B01
200700021042,0,07,000,00,2,2,15,A01
200700021042,0,02,000,00,2,1,01,B01
200700021043,0,33,000,11,0,1,01,A01
200700021044,0,02,000,00,2,1,01,B01
200700021044,0,07,000,00,2,8,01,A01
200700021045,0,30,000,00,0,7,01,A01
200700021046,0,07,000,00,2,8,01,B01
200700021046,0,07,000,00,2,1,01,A01
200700021047,0,33,000,00,2,7,01,A01
200700021047,0,07,000,00,2,3,09,B01
200700021048,0,07,000,00,2,2,01,A01
200700021048,0,01,000,00,2,4,01,B01
200700021049,0,07,000,02,0,2,01,A01
200700021050,0,07,000,08,0,1,13,A01
200700021051,0,01,000,00,0,0,01,A01
200700021052,0,07,000,00,0,7,01,A01
200700021052,0,01,000,00,2,1,05,B01
200700021053,0,13,000,00,0,0,01,A01
200700021054,0,02,000,00,2,1,01,A01
200700021054,0,07,000,00,2,4,01,B01
200700021055,0,07,000,00,2,3,15,A01
200700021055,0,31,000,00,2,2,17,B01
200700021056,0,07,000,00,0,8,24,A01
200700021056,0,02,000,01,0,1,01,B01
200700021057,0,07,000,00,2,1,09,A01
200700021057,0,07,000,00,2,2,01,B01
200700021058,0,07,000,13,0,2,14,A01
200700021059,0,17,000,03,0,8,16,A01
200700021060,0,07,000,00,2,1,01,A01
200700021060,0,07,000,00,2,4,01,B01
200700021060,0,07,000,00,0,4,01,C01
200700021061,0,07,000,00,2,1,01,A01
200700021061,0,07,000,00,2,4,01,B01
200700021062,0,07,000,06,0,1,01,A01
200700021063,0,07,000,00,1,1,00,A01
200700021064,0,07,000,00,2,8,00,B01
200700021064,0,02,000,00,2,1,00,A01
200700021065,0,07,000,15,0,1,01,A01
200700021066,0,03,000,00,2,1,01,A01
200700021066,0,07,000,00,2,4,01,B01
200700021067,0,07,000,00,2,8,01,B01
200700021067,0,07,000,00,2,1,01,A01
200700021068,0,07,000,00,2,7,01,A01
200700021068,0,07,000,00,2,1,01,B01
200700021069,0,10,000,00,1,2,01,A01
200700021070,0,07,000,00,0,2,01,A01
200700021071,0,07,000,00,2,1,01,A01
200700021071,0,07,000,00,2,4,15,B01
200700021072,0,07,000,00,2,1,05,A01
200700021072,0,07,000,00,2,1,01,B01
200700021073,0,02,000,00,1,1,01,A01
200700021074,0,10,000,00,2,1,02,A01
200700021074,0,07,000,00,2,4,02,B01
200700021075,0,07,000,00,2,2,16,A01
200700021075,0,02,000,00,2,1,18,B01
200700021076,0,02,000,00,2,7,17,A01
200700021076,0,07,000,00,2,6,15,B01
200700021077,0,07,000,00,2,3,15,A01
200700021077,0,02,000,00,2,8,01,B01
200700021078,0,31,000,00,2,1,02,A01
200700021078,0,07,000,00,0,4,02,B01
200700021079,0,33,000,00,0,8,01,A01
200700021080,0,02,000,00,0,0,01,A01
200700021081,0,07,000,00,0,7,02,B01
200700021081,0,07,000,00,2,1,02,A01
200700021082,0,10,000,03,0,1,02,A01
200700021083,0,30,000,00,0,1,14,A01
200700021084,0,07,000,00,2,1,00,A01
200700021084,0,07,000,00,2,1,01,B01
200700021085,0,07,000,00,2,1,02,A01
200700021085,0,07,000,00,2,4,02,B01
200700021086,0,07,000,00,2,1,13,A01
200700021086,0,10,000,00,2,1,01,B01
200700021087,0,07,000,00,2,8,01,A01
200700021087,0,07,000,00,2,1,01,B01
200700021088,0,07,000,00,2,8,15,A01
200700021088,0,33,000,00,2,1,21,B01
200700021089,0,07,000,00,2,7,15,A01
200700021089,0,33,000,00,2,1,01,B01
200700021090,0,01,000,00,2,1,01,B01
200700021090,0,07,000,00,9,1,01,A01
200700021091,0,07,000,01,2,1,01,B01
200700021091,0,07,000,00,2,7,00,A01
200700021092,0,07,000,00,1,7,01,A01
200700021093,0,30,000,00,2,8,00,B01
200700021093,0,07,000,00,2,7,16,A01
200700021094,0,33,000,00,2,1,01,B01
200700021094,0,07,000,00,2,3,15,A01
200700021095,0,33,000,12,0,3,01,A01
200700021096,0,32,000,00,2,1,02,A01
200700021096,0,07,000,00,2,4,01,B01
200700021097,0,07,000,00,2,1,00,B01
200700021097,0,02,000,00,2,8,00,A01
200700021098,0,07,000,00,1,1,00,A01
200700021099,0,07,000,00,0,1,00,B01
200700021099,0,32,000,00,2,1,00,A01
200700021100,0,34,000,00,2,1,01,A01
200700021100,0,07,000,00,0,4,01,B01
200700021101,0,07,000,00,1,0,04,A01
200700021102,0,07,000,00,2,1,01,A01
200700021102,0,07,000,00,2,8,01,B01
200700021103,0,07,000,00,2,1,00,A01
200700021103,0,33,000,00,2,1,02,B01
200700021104,0,07,000,00,2,3,01,A01
200700021104,0,33,000,00,2,1,01,B01
200700021105,0,07,000,00,1,1,00,A01
200700021106,0,07,000,00,2,3,09,A01
200700021106,0,02,000,00,2,1,01,B01
200700021107,0,07,000,00,2,3,15,A01
200700021107,0,02,000,00,2,1,01,B01
200700021108,0,07,000,00,1,1,01,A01
200700021109,0,07,000,00,2,1,01,A01
200700021109,0,07,000,00,4,8,01,B01
200700021110,0,07,000,01,0,1,01,A01
200700021111,0,07,000,00,2,1,01,A01
200700021111,0,07,000,00,2,3,01,B01
200700021112,0,02,000,00,2,2,17,A01
200700021112,0,07,000,00,2,3,15,B01
200700021113,0,07,000,02,9,3,01,A01
200700021114,0,38,001,00,1,7,20,A01
200700021115,0,05,000,07,0,1,01,A01
200700021116,0,07,000,00,2,2,01,B01
200700021116,0,07,000,00,2,3,00,A01
200700021117,0,14,000,00,2,1,02,A01
200700021117,0,07,000,00,2,4,02,B01
200700021117,0,07,000,00,2,4,02,C01
200700021118,0,07,000,00,2,2,01,B01
200700021118,0,02,000,00,2,1,01,A01
200700021119,0,07,000,00,2,5,01,B01
200700021119,2,02,000,00,2,1,01,A01
200700021120,1,07,000,00,1,2,01,A01
200700021121,0,07,000,00,2,1,01,A01
200700021121,0,07,000,00,2,4,02,B01
200700021122,0,07,000,08,0,1,01,A01
200700021123,0,07,000,00,2,1,02,A01
200700021123,0,07,000,00,2,4,02,B01
200700021123,0,07,000,00,2,4,02,C01
200700021124,0,37,001,00,1,2,20,A01
200700021125,0,07,000,00,2,1,01,A01
200700021125,0,07,000,00,2,8,01,B01
200700021126,0,07,000,00,2,1,02,A01
200700021126,0,07,000,00,2,4,01,B01
200700021126,0,07,000,00,2,4,01,C01
200700021126,0,07,000,00,2,4,23,D01
200700021127,0,10,000,00,2,6,01,A01
200700021127,0,33,000,00,2,1,01,B01
200700021128,0,07,000,00,2,2,01,A01
200700021128,0,07,000,00,2,3,01,B01
200700021129,0,02,000,00,2,1,07,A01
200700021129,0,07,000,00,2,5,16,B01
200700021130,0,02,000,00,2,1,03,A01
200700021130,0,07,000,00,2,3,15,B01
200700021131,0,14,000,00,2,1,01,B01
200700021131,0,07,000,00,2,3,01,A01
200700021132,0,07,000,01,0,1,13,A01
200700021133,0,07,000,00,1,1,01,A01
200700021134,0,33,000,00,1,3,01,A01
200700021135,0,33,000,00,2,2,17,A01
200700021135,0,07,000,00,2,6,15,B01
200700021136,0,07,000,00,2,1,02,A01
200700021136,0,07,000,00,2,4,01,B01
200700021137,0,07,000,00,1,4,04,A01
200700021138,0,10,000,00,2,4,04,A01
200700021138,0,01,000,00,2,1,01,B01
200700021139,0,02,000,00,2,2,21,A01
200700021139,0,07,000,00,2,6,23,B01
200700021140,0,31,000,00,2,1,02,A01
200700021140,0,07,000,00,2,4,02,B01
200700021141,0,07,000,00,2,2,02,A01
200700021141,0,02,000,00,2,4,02,B01
200700021142,1,33,000,00,1,0,01,A01
200700021143,0,07,000,00,2,1,01,A01
200700021143,0,07,000,00,2,7,01,B01
200700021144,0,02,000,01,0,2,01,A01
200700021145,0,10,000,00,2,8,15,A01
200700021145,0,33,000,00,2,7,01,B01
200700021146,0,07,000,00,2,3,15,A01
200700021146,0,02,000,00,2,1,01,B01
200700021147,0,33,000,00,2,7,01,A01
200700021147,0,07,000,00,2,3,01,B01
200700021148,0,07,000,00,2,2,01,B01
200700021148,0,07,000,00,2,3,01,A01
200700021149,0,07,000,00,2,2,12,A01
200700021149,0,33,000,00,2,3,16,B01
200700021150,1,07,000,00,0,0,05,A01
200700021150,0,33,000,00,0,0,01,B01
200700021151,0,07,000,00,2,1,09,A01
200700021151,0,07,000,00,2,6,09,B01
200700021152,0,07,000,00,2,1,15,A01
200700021152,0,07,000,00,2,2,01,B01
200700021153,0,02,000,00,2,1,01,A01
200700021153,0,07,000,00,2,4,23,B01
200700021154,0,07,000,00,2,1,02,A01
200700021154,0,02,000,00,2,4,02,B01
200700021155,0,07,000,00,2,3,10,A01
200700021155,0,33,000,00,2,2,01,B01
200700021156,0,02,000,00,0,0,01,A01
200700021157,0,07,000,00,2,8,15,A01
200700021157,0,31,000,00,2,7,17,B01
200700021158,0,07,000,00,2,7,15,A01
200700021158,0,33,000,00,2,1,01,B01
200700021159,0,02,000,00,2,1,01,A01
200700021159,0,07,000,00,0,6,01,B01
200700021160,2,07,000,00,1,0,00,A01
200700021161,0,05,000,00,2,1,01,B01
200700021161,0,07,000,00,2,1,19,A01
200700021162,0,07,000,00,2,3,15,A01
200700021162,0,07,000,00,2,1,01,B01
200700021163,0,02,000,00,2,1,19,A01
200700021163,0,07,000,00,2,5,01,B01
200700021164,0,05,000,00,2,9,17,A01
200700021164,0,07,000,00,2,8,15,B01
200700021165,0,07,000,00,2,1,09,A01
200700021165,0,02,000,00,2,7,01,B01
200700021166,0,07,000,00,0,0,00,A01
200700021167,0,07,000,00,0,1,00,A01
200700021168,0,01,000,00,2,1,15,A01
200700021168,0,05,000,00,2,1,01,B01
200700021169,0,07,000,00,2,1,01,A01
200700021169,0,07,000,00,2,4,01,B01
200700021169,0,07,000,00,2,4,01,C01
200700021170,0,02,000,00,2,2,19,A01
200700021170,0,07,000,00,2,3,01,B01
200700021171,0,02,000,00,2,2,17,A01
200700021171,0,07,000,00,2,8,15,B01
200700021172,0,05,000,14,2,7,11,A01
200700021172,0,15,000,00,0,6,02,B01
200700021173,0,02,000,04,0,1,01,A01
200700021173,0,07,000,00,2,3,01,B01
200700021174,0,07,000,00,2,1,01,A01
200700021174,0,07,000,00,2,8,15,B01
200700021175,0,02,000,14,0,1,01,A01
200700021176,0,07,000,00,2,3,01,A01
200700021176,0,01,000,00,2,4,01,B01
200700021177,0,07,000,00,2,2,17,A01
200700021177,0,07,000,00,2,3,01,B01
200700021178,0,07,000,00,2,3,24,A01
200700021178,0,01,000,00,2,1,01,B01
200700021179,0,07,000,00,0,1,01,A01
200700021180,0,02,000,00,2,1,18,A01
200700021180,0,07,000,00,2,1,20,B01
200700021181,0,07,000,00,2,1,01,A01
200700021182,0,14,000,00,2,1,01,A01
200700021182,0,07,000,00,2,4,01,B01
200700021183,0,07,000,00,2,1,01,A01
200700021183,0,07,000,00,2,4,01,B01
200700021184,0,07,000,00,2,1,02,A01
200700021184,0,07,000,00,2,4,02,B01
200700021185,0,07,000,00,2,1,15,A01
200700021185,0,30,000,00,2,3,00,B01
200700021186,0,07,000,00,2,3,17,A01
200700021186,0,07,000,00,0,3,01,B01
200700021187,0,07,000,00,2,1,02,A01
200700021187,0,07,000,00,2,4,02,B01
200700021187,0,07,000,00,0,4,02,C01
200700021188,0,07,000,00,2,1,01,B01
200700021188,0,07,000,12,0,7,01,A01
200700021189,0,07,000,00,1,0,02,A01
200700021190,0,07,000,00,2,3,02,A01
200700021190,0,02,000,00,2,7,19,B01
200700021191,0,33,000,00,9,1,01,A01
200700021191,0,01,000,00,2,8,19,B01
200700021192,0,07,000,00,0,1,01,A01
200700021193,0,10,000,00,2,1,02,A01
200700021193,0,31,000,00,2,8,15,B01
200700021194,0,14,000,14,0,1,02,A01
200700021194,0,07,000,14,0,4,23,B01
200700021194,0,07,000,14,0,4,23,C01
200700021194,0,33,000,14,0,4,23,D01
200700021195,0,07,000,00,2,4,02,B01
200700021195,0,30,000,00,2,1,02,A01
200700021196,0,01,000,12,0,0,08,A01
200700021197,0,07,000,00,1,1,01,A01
200700021198,0,13,000,00,0,6,20,A01
200700021199,1,07,000,00,1,0,01,A01
200700021200,0,07,000,00,2,1,01,A01
200700021200,0,07,000,00,1,1,23,B01
200700021200,0,07,000,00,0,5,23,C01
200700021201,0,32,000,12,0,1,00,A01
200700021202,0,02,000,00,2,1,01,A01
200700021202,0,07,000,00,2,5,14,B01
200700021203,0,07,000,00,2,5,04,A01
200700021203,0,01,000,00,2,7,01,B01
200700021204,0,07,000,00,2,6,13,A01
200700021204,0,33,000,00,2,8,01,B01
200700021205,0,07,000,00,2,3,15,A01
200700021205,0,01,000,00,2,8,15,B01
200700021206,0,30,000,00,2,1,01,A01
200700021206,0,07,000,00,2,4,02,B01
200700021207,0,07,000,00,2,1,13,A01
200700021207,0,07,000,00,2,3,01,B01
200700021208,0,07,000,00,2,1,13,A01
200700021208,0,07,000,00,2,3,02,B01
200700021208,0,07,000,00,2,3,02,C01
200700021209,0,07,000,00,1,1,19,A01
200700021210,1,10,000,00,2,3,09,A01
200700021210,0,33,000,00,2,1,01,B01
200700021211,0,07,000,00,0,1,11,A01
200700021211,0,07,000,00,0,1,01,B01
200700021212,0,07,000,00,0,3,16,A01
200700021213,0,07,000,00,2,1,15,A01
200700021213,0,07,000,00,2,3,01,B01
200700021214,0,05,000,06,0,7,15,A01
200700021215,0,07,000,00,9,1,01,A01
200700021216,0,07,000,00,2,2,15,A01
200700021216,0,07,000,00,2,3,01,B01
200700021217,0,07,000,00,2,4,01,B01
200700021217,0,07,000,00,2,1,01,A01
200700021218,0,07,000,00,2,1,19,A01
200700021218,0,07,000,00,2,7,01,B01
200700021219,0,07,000,00,2,1,01,A01
200700021219,0,07,000,00,0,4,01,B01
200700021220,0,07,000,00,2,1,09,A01
200700021220,0,01,000,00,2,7,01,B01
200700021221,0,07,000,00,2,3,01,A01
200700021221,0,30,000,00,2,1,02,B01
200700021222,0,07,000,00,1,4,04,A01
200700021223,1,07,000,00,2,7,17,A01
200700021223,0,01,000,00,2,8,01,B01
200700021224,0,07,000,00,1,1,02,A01
200700021225,0,07,000,00,2,8,18,A01
200700021225,0,07,000,00,2,7,02,B01
200700021225,0,14,000,00,2,1,01,C01
200700021226,0,07,000,00,2,5,22,A01
200700021226,0,30,000,00,2,1,02,B01
200700021227,0,33,000,00,0,1,02,A01
200700021228,0,07,000,01,0,3,01,A01
200700021229,0,07,000,00,1,3,01,A01
200700021230,0,14,000,16,0,3,01,A01
200700021231,0,07,000,00,2,8,11,A01
200700021231,0,02,000,00,2,2,01,B01
200700021232,0,07,000,00,2,2,15,A01
200700021232,0,07,000,00,2,1,01,B01
200700021233,0,37,005,01,1,2,01,A01
200700021234,0,07,000,00,2,3,15,A01
200700021234,0,33,000,00,2,1,01,B01
200700021235,0,07,000,00,1,1,20,A01
200700021236,0,07,000,00,2,3,15,A01
200700021236,0,02,000,00,2,1,01,B01
200700021237,0,07,000,00,2,6,04,A01
200700021237,0,37,015,00,2,3,01,B01
200700021238,0,07,000,00,2,1,15,A01
200700021238,0,33,000,00,2,1,01,B01
200700021239,0,07,000,12,0,3,01,A01
200700021240,0,07,000,00,2,3,01,A01
200700021240,0,07,000,00,2,2,01,B01
200700021241,0,07,000,15,0,1,01,A01
200700021242,0,07,000,00,2,4,01,B01
200700021242,0,07,000,02,2,1,01,A01
200700021243,0,07,000,00,2,1,01,B01
200700021243,0,07,000,00,2,8,10,A01
200700021244,0,07,000,00,2,7,01,B01
200700021244,0,07,000,00,2,5,15,A01
200700021245,0,07,000,00,2,1,01,C01
200700021245,0,07,000,00,2,1,01,B01
200700021245,0,07,000,00,2,4,01,A01
200700021246,0,07,000,00,2,7,01,B01
200700021246,0,30,000,00,2,1,16,A01
200700021247,0,33,000,00,2,1,02,A01
200700021247,0,07,000,00,0,4,02,B01
200700021248,0,07,000,00,2,3,02,A01
200700021248,0,07,000,00,2,4,15,B01
200700021249,0,07,000,00,2,1,02,A01
200700021249,0,07,000,00,2,1,02,B01
200700021249,0,07,000,00,0,4,02,C01
200700021250,0,07,000,00,2,2,02,A01
200700021250,0,02,000,00,2,1,02,B01
200700021251,0,10,000,00,1,4,04,A01
200700021252,0,07,000,00,1,8,01,A01
200700021253,0,07,000,00,2,8,01,A01
200700021253,0,02,000,00,2,7,01,B01
200700021254,0,02,000,00,2,1,17,A01
200700021254,0,07,000,00,2,3,15,B01
200700021255,0,07,000,00,1,1,01,A01
200700021256,0,33,000,00,2,1,17,A01
200700021256,0,07,000,01,0,5,17,B01
200700021257,0,07,000,00,2,3,00,A01
200700021257,0,32,000,00,2,1,02,B01
200700021258,0,07,000,00,1,1,02,A01
200700021259,0,07,000,00,1,1,01,A01
200700021260,0,02,000,00,2,8,00,A01
200700021260,0,07,000,00,2,1,02,B01
200700021261,0,07,000,00,2,3,10,A01
200700021261,0,07,000,00,2,2,01,B01
200700021262,0,07,000,00,2,3,15,A01
200700021262,0,07,000,00,2,0,00,B01
200700021263,0,07,000,01,0,3,02,A01
200700021263,0,37,001,00,0,6,24,B01
200700021264,0,10,000,00,2,1,01,A01
200700021264,0,07,000,00,2,4,23,B01
200700021264,0,07,000,00,2,4,23,C01
200700021265,0,07,000,00,2,1,01,B01
200700021265,0,07,000,00,2,8,15,A01
200700021266,0,07,000,00,2,1,02,A01
200700021266,0,07,000,00,2,4,01,B01
200700021267,0,30,000,00,2,1,05,A01
200700021267,0,07,000,00,2,1,01,B01
200700021268,0,07,000,00,2,3,01,B01
200700021268,0,30,000,00,2,1,01,A01
200700021269,0,07,000,00,2,1,01,A01
200700021269,0,07,000,00,2,2,15,B01
200700021270,0,17,000,00,2,1,01,A01
200700021270,0,07,000,00,2,4,01,B01
200700021271,0,07,000,00,2,1,01,A01
200700021271,0,07,000,00,2,4,01,B01
200700021271,0,07,000,00,2,5,01,C01
200700021272,0,07,000,00,2,1,01,B01
200700021272,0,13,000,00,2,4,04,A01
200700021273,0,31,000,00,0,0,01,A01
200700021274,0,30,000,08,0,1,01,A01
200700021275,0,07,000,00,2,1,01,A01
200700021275,0,07,000,00,2,4,01,B01
200700021276,0,07,000,00,2,1,17,A01
200700021276,0,07,000,00,2,1,01,B01
200700021277,0,02,000,00,2,1,01,A01
200700021277,0,07,000,00,2,5,16,B01
200700021278,0,07,000,00,1,1,01,A01
200700021279,0,07,000,00,2,1,01,A01
200700021279,0,07,000,00,2,5,01,B01
200700021280,0,07,000,00,2,0,01,A01
200700021280,0,07,000,00,1,0,01,B01
200700021281,0,30,000,00,2,0,06,A01
200700021281,0,07,000,00,2,0,00,B01
200700021282,2,07,000,00,2,1,01,A01
200700021282,0,07,000,00,2,4,23,B01
200700021283,0,10,000,00,1,4,20,A01
200700021284,1,07,000,00,2,1,01,C01
200700021284,0,07,000,00,2,4,23,A01
200700021284,0,07,000,00,2,4,23,B01
200700021285,0,07,000,00,2,7,01,B01
200700021285,0,07,000,00,2,1,00,A01
200700021286,0,33,000,00,2,1,01,B01
200700021286,0,07,000,00,2,3,15,A01
200700021287,0,07,000,00,2,2,10,A01
200700021287,0,33,000,00,2,1,01,B01
200700021288,0,16,000,00,2,2,15,A01
200700021288,0,02,000,00,2,1,01,B01
200700021289,0,30,000,00,2,4,02,B01
200700021289,0,10,000,00,2,1,02,A01
200700021290,0,02,000,00,0,8,15,A01
200700021291,1,07,000,00,1,3,01,A01
200700021292,0,07,000,00,2,2,01,A01
200700021292,0,33,000,00,2,1,01,B01
200700021293,1,99,000,00,1,0,00,A01
200700021294,0,07,000,00,2,2,01,B01
200700021294,0,33,000,00,2,0,00,A01
200700021295,0,07,000,00,1,1,01,A01
200700021296,0,07,000,00,1,1,01,A01
200700021297,0,07,000,09,0,1,01,A01
200700021298,0,07,000,00,1,1,01,A01
200700021299,0,07,000,00,1,1,01,A01
200700021300,0,14,000,00,2,1,01,A01
200700021300,0,07,000,00,0,4,01,B01
200700021301,0,07,000,00,2,1,01,A01
200700021301,0,33,000,00,0,4,23,B01
200700021302,0,07,000,00,1,3,01,A01
200700021303,0,07,000,00,2,2,02,A01
200700021303,0,13,000,00,2,6,01,B01
200700021304,0,07,000,00,2,1,01,B01
200700021304,0,02,000,00,2,1,01,A01
200700021305,0,07,000,00,2,8,01,A01
200700021305,0,07,000,00,2,1,01,B01
200700021306,0,07,000,00,2,5,20,A01
200700021306,0,31,000,00,2,0,01,B01
200700021307,0,07,000,00,2,1,09,A01
200700021307,0,01,000,00,2,1,01,B01
200700021308,0,07,000,00,2,1,01,A01
200700021308,0,07,000,00,2,4,01,B01
200700021308,0,07,000,00,2,4,23,C01
200700021309,0,33,000,00,2,1,01,B01
200700021309,0,07,000,00,2,3,00,A01
200700021310,0,02,000,01,0,0,21,A01
200700021310,0,07,000,00,2,4,23,B01
200700021311,0,07,000,00,0,8,11,A01
200700021311,0,02,000,00,2,7,09,B01
200700021312,0,07,000,01,0,1,00,A01
200700021313,0,07,000,00,0,1,02,A01
200700021313,0,07,000,00,0,4,02,B01
200700021314,0,01,000,00,2,0,01,A01
200700021314,1,07,000,00,2,0,15,B01
200700021315,0,07,000,00,2,1,05,A01
200700021315,0,07,000,00,2,2,09,B01
200700021316,0,07,000,13,0,0,00,A01
200700021317,0,07,000,00,0,1,00,A01
200700021318,0,07,000,00,2,1,02,A01
200700021318,0,07,000,00,2,4,02,B01
200700021319,0,07,000,06,0,2,01,A01
200700021320,0,07,000,00,2,2,00,A01
200700021320,0,07,000,00,2,6,23,B01
200700021321,0,07,000,00,2,1,01,A01
200700021321,0,07,000,00,2,1,01,B01
200700021322,0,34,000,00,2,1,02,A01
200700021322,0,07,000,00,2,5,16,B01
200700021323,0,07,000,00,2,1,01,A01