Num_Acc,senc,catv,occutc,obs,obsm,choc,manv,num_veh
200700021323,0,07,000,00,2,4,01,B01
200700021324,0,30,000,00,0,0,01,A01
200700021325,0,07,000,09,0,0,00,A01
200700021326,1,07,000,00,2,3,00,A01
200700021326,0,33,000,00,2,1,01,B01
200700021327,0,07,000,13,0,2,00,A01
200700021328,0,10,000,00,2,2,16,A01
200700021328,0,33,000,00,2,1,01,B01
200700021329,0,07,000,00,2,1,15,A01
200700021329,0,32,000,00,2,1,01,B01
200700021330,0,07,000,00,2,1,01,B01
200700021330,0,07,000,00,2,2,15,A01
200700021331,0,07,000,00,2,2,01,A01
200700021331,0,07,000,00,2,8,00,B01
200700021332,0,07,000,00,2,1,02,A01
200700021332,0,07,000,00,2,4,02,B01
200700021332,0,07,000,00,2,4,02,C01
200700021333,0,07,000,02,0,8,01,A01
200700021334,0,07,000,12,0,1,00,A01
200700021335,0,07,000,00,1,4,04,A01
200700021336,0,07,000,00,2,1,02,A01
200700021336,0,07,000,00,2,4,02,B01
200700021336,0,07,000,00,2,4,02,C01
200700021337,0,02,000,00,2,1,01,A01
200700021337,0,07,000,00,2,4,01,B01
200700021338,0,07,000,00,2,4,02,A01
200700021338,1,07,000,00,2,1,02,B01
200700021339,0,07,000,00,2,2,01,A01
200700021339,0,07,000,00,2,8,01,B01
200700021340,0,07,000,00,2,0,19,A01
200700021340,0,30,000,00,9,8,15,B01
200700021341,0,07,000,00,2,1,01,A01
200700021341,0,32,000,00,2,2,01,B01
200700021342,0,07,000,14,0,4,04,A01
200700021343,0,07,000,02,0,3,13,A01
200700021344,0,02,000,00,2,1,01,A01
200700021344,0,07,000,00,0,6,01,B01
200700021345,0,07,000,00,2,1,01,A01
200700021345,0,07,000,00,2,4,01,B01
200700021346,0,07,000,04,0,7,01,A01
200700021347,0,07,000,00,2,1,01,A01
200700021347,0,07,000,00,2,8,09,B01
200700021348,0,01,000,00,2,1,00,A01
200700021348,0,10,000,00,2,7,01,B01
200700021349,0,07,000,00,2,1,01,A01
200700021349,0,07,000,00,2,4,02,B01
200700021350,0,33,000,00,2,8,01,A01
200700021350,0,07,000,00,2,7,16,B01
200700021351,0,07,000,00,2,7,00,A01
200700021351,0,07,000,00,2,1,01,B01
200700021352,0,07,000,00,2,1,01,B01
200700021352,0,07,000,00,2,7,15,A01
200700021353,0,02,000,00,2,1,12,A01
200700021353,0,07,000,00,2,8,01,B01
200700021354,0,07,000,00,2,1,01,A01
200700021354,0,07,000,00,2,3,01,B01
200700021355,0,07,000,04,0,1,01,A01
200700021356,0,99,000,00,2,1,01,A01
200700021356,0,07,000,00,2,1,01,B01
200700021357,0,02,000,00,2,1,01,B01
200700021357,0,07,000,00,9,5,01,A01
200700021358,0,07,000,00,1,2,01,A01
200700021359,0,30,000,00,2,1,17,A01
200700021359,0,07,000,00,9,1,15,B01
200700021360,0,07,000,00,9,2,12,B01
200700021360,0,02,000,00,2,8,07,A01
200700021361,0,14,000,00,2,2,00,A01
200700021361,0,07,000,00,9,8,00,B01
200700021362,0,07,000,04,0,9,01,A01
200700021363,0,07,000,00,2,1,13,A01
200700021363,0,07,000,00,2,1,01,B01
200700021364,0,07,000,00,2,1,02,A01
200700021364,0,07,000,00,0,4,02,B01
200700021365,0,07,000,00,1,1,07,A01
200700021366,0,14,000,04,0,2,15,A01
200700021367,0,07,000,00,9,3,15,A01
200700021367,0,02,000,00,2,1,01,B01
200700021368,0,07,000,00,2,1,01,A01
200700021368,0,07,000,00,2,9,01,B01
200700021369,0,07,000,00,2,1,01,B01
200700021369,0,07,000,00,2,8,19,A01
200700021370,0,07,000,09,2,7,01,A01
200700021370,0,07,000,00,2,1,01,B01
200700021371,1,10,000,00,1,3,00,A01
200700021372,1,15,000,00,2,2,12,A01
200700021372,0,07,000,00,9,2,01,B01
200700021373,0,07,000,00,2,3,09,A01
200700021373,0,30,000,00,2,1,01,B01
200700021374,0,07,000,00,2,1,15,A01
200700021374,0,02,000,00,2,1,01,B01
200700021375,0,07,000,00,2,1,05,A01
200700021375,0,07,000,00,2,1,00,B01
200700021376,0,07,000,00,2,3,01,A01
200700021376,0,07,000,00,2,1,15,B01
200700021377,0,07,000,00,0,9,01,A01
200700021378,0,07,000,00,2,1,02,A01
200700021378,0,07,000,00,2,4,23,B01
200700021378,0,07,000,00,0,4,23,C01
200700021379,0,33,000,00,2,9,01,A01
200700021379,0,07,000,00,2,4,20,B01
200700021380,0,07,000,00,2,1,01,A01
200700021380,0,07,000,00,2,7,11,B01
200700021381,0,07,000,00,2,1,01,A01
200700021381,0,07,000,00,2,2,01,B01
200700021382,0,07,000,00,2,1,13,A01
200700021383,0,07,000,00,6,1,00,A01
200700021383,0,33,000,00,2,3,00,B01
200700021384,0,07,000,00,2,8,15,A01
200700021384,0,07,000,00,2,2,01,B01
200700021385,0,07,000,00,1,1,01,A01
200700021386,0,07,000,00,2,9,00,A01
200700021386,0,07,000,00,2,1,00,B01
200700021387,0,07,000,00,9,3,00,A01
200700021387,0,30,000,00,0,1,00,B01
200700021388,0,07,000,00,9,1,01,A01
200700021388,0,01,000,00,2,0,19,B01
200700021389,0,07,000,00,9,7,17,A01
200700021389,0,02,000,00,2,8,01,B01
200700021390,0,07,000,00,2,1,02,A01
200700021390,0,07,000,00,0,4,23,B01
200700021391,0,30,000,00,2,8,01,A01
200700021392,0,02,000,00,9,7,01,A01
200700021392,0,02,000,00,0,2,01,B01
200700021393,0,07,000,00,2,4,02,B01
200700021393,0,01,000,00,2,1,02,A01
200700021394,0,01,000,00,2,1,01,A01
200700021394,0,07,000,00,9,1,01,B01
200700021395,0,02,000,00,0,8,00,A01
200700021395,0,07,000,00,0,0,09,B01
200700021396,0,07,000,00,2,3,00,A01
200700021396,0,07,000,00,2,3,01,B01
200700021397,0,10,000,06,0,2,00,A01
200700021398,0,07,000,00,2,1,02,A01
200700021398,0,07,000,00,2,4,02,B01
200700021398,0,07,000,00,2,1,02,C01
200700021398,0,07,000,00,2,4,02,D01
200700021399,0,32,000,00,2,8,01,A01
200700021400,0,01,000,00,2,0,01,A01
200700021400,0,07,000,00,9,8,01,B01
200700021401,0,07,000,00,2,1,16,A01
200700021401,0,02,000,00,2,1,01,B01
200700021402,0,07,000,00,2,1,01,B01
200700021402,0,07,000,00,2,1,05,A01
200700021403,0,07,000,00,2,3,15,A01
200700021403,0,02,000,00,2,1,01,B01
200700021404,0,07,000,00,2,1,15,A01
200700021404,0,10,000,00,2,2,01,B01
200700021405,0,32,000,00,2,8,01,A01
200700021405,0,07,000,00,2,3,01,B01
200700021406,0,37,001,00,2,3,01,B01
200700021406,0,07,000,00,2,1,15,A01
200700021407,0,07,000,00,2,5,15,A01
200700021407,0,07,000,00,2,2,01,B01
200700021408,0,32,000,00,2,1,17,A01
200700021408,0,07,000,00,2,8,15,B01
200700021409,0,03,000,00,2,1,01,A01
200700021409,0,07,000,00,0,4,01,B01
200700021409,0,07,000,00,0,5,01,C01
200700021410,0,10,000,00,2,3,01,A01
200700021410,0,01,000,00,2,1,19,B01
200700021411,0,07,000,12,0,3,00,A01
200700021412,0,07,000,00,2,3,09,A01
200700021412,0,10,000,00,2,7,21,B01
200700021413,0,07,000,00,2,1,02,A01
200700021413,0,07,000,00,2,4,02,B01
200700021413,0,07,000,00,2,4,02,C01
200700021414,0,07,000,00,2,1,01,A01
200700021414,0,07,000,00,2,9,23,B01
200700021414,0,07,000,00,2,9,23,C01
200700021414,0,07,000,00,2,5,23,D01
200700021415,0,07,000,06,0,2,00,A01
200700021416,0,07,000,00,2,1,02,A01
200700021416,0,07,000,00,2,4,02,B01
200700021416,0,07,000,00,2,4,02,C01
200700021417,0,07,000,00,6,5,01,A01
200700021417,0,02,000,00,2,8,14,B01
200700021418,0,01,000,00,2,1,11,A01
200700021418,1,07,000,00,0,0,01,B01
200700021419,0,01,000,00,2,1,02,A01
200700021419,0,07,000,00,0,4,01,B01
200700021419,1,07,000,00,0,0,04,C01
200700021420,0,17,000,03,0,8,01,A01
200700021421,0,02,000,00,2,1,02,A01
200700021421,0,07,000,00,9,4,01,B01
200700021422,0,01,000,00,9,4,19,A01
200700021422,0,33,000,00,9,1,07,B01
200700021423,0,05,000,00,2,4,17,A01
200700021423,0,07,000,00,9,6,15,B01
200700021424,0,32,000,00,2,8,17,A01
200700021424,0,07,000,00,9,3,15,B01
200700021425,0,07,000,00,9,3,00,A01
200700021425,0,01,000,00,0,1,00,B01
200700021426,0,07,000,00,2,1,02,A01
200700021426,0,07,000,00,2,4,02,B01
200700021427,0,07,000,04,0,1,14,A01
200700021428,0,07,000,00,9,1,15,A01
200700021428,0,05,000,00,2,1,01,B01
200700021429,0,14,000,00,2,8,01,A01
200700021429,0,07,000,00,2,2,15,B01
200700021430,0,02,000,00,2,1,02,A01
200700021430,0,07,000,00,9,4,02,B01
200700021431,0,07,000,00,1,2,01,A01
200700021432,0,20,000,00,2,3,13,A01
200700021432,0,07,000,00,0,8,23,B01
200700021433,0,13,000,00,2,2,12,A01
200700021433,0,07,000,00,2,6,01,B01
200700021434,0,18,040,00,2,8,17,B01
200700021434,0,01,000,00,9,1,13,A01
200700021435,0,18,015,00,9,2,15,A01
200700021435,0,05,000,00,9,1,01,B01
200700021436,0,07,000,00,9,1,18,A01
200700021436,0,05,000,00,2,7,01,B01
200700021437,0,07,000,00,2,1,02,A01
200700021437,0,07,000,00,2,4,02,B01
200700021437,0,07,000,00,2,4,02,C01
200700021438,0,10,000,00,2,2,02,A01
200700021438,0,10,000,00,2,4,02,B01
200700021439,0,07,000,00,2,5,15,A01
200700021439,0,05,000,00,2,1,01,B01
200700021440,1,07,000,00,2,1,01,A01
200700021440,0,07,000,00,0,4,23,B01
200700021440,0,07,000,00,0,4,23,C01
200700021441,0,18,042,00,2,3,15,A01
200700021441,0,07,000,00,2,8,01,B01
200700021442,0,15,000,00,2,1,02,A01
200700021442,0,07,000,00,0,4,02,B01
200700021443,0,10,000,00,9,1,15,A01
200700021443,0,02,000,00,9,6,01,B01
200700021444,0,07,000,00,0,0,00,A01
200700021445,0,07,000,04,0,1,13,A01
200700021446,0,99,000,00,2,1,01,A01
200700021446,0,18,015,00,2,5,01,B01
200700021447,0,02,000,01,0,1,01,A01
200700021448,0,04,000,00,2,1,02,A01
200700021448,0,07,000,00,2,4,02,B01
200700021449,0,07,000,00,2,3,01,A01
200700021449,0,07,000,00,2,3,01,B01
200700021450,0,07,000,00,1,2,01,A01
200700021451,0,10,000,00,2,6,15,B01
200700021451,0,31,000,00,2,1,17,A01
200700021452,0,07,000,00,9,2,16,A01
200700021452,0,01,000,00,2,1,19,B01
200700021453,0,07,000,00,2,5,16,A01
200700021453,0,01,000,00,2,1,01,B01
200700021454,0,07,000,00,2,5,23,B01
200700021454,0,02,000,00,2,1,02,A01
200700021455,0,07,000,00,2,4,23,B01
200700021455,0,02,000,00,2,1,02,A01
200700021456,0,33,000,00,2,1,01,B01
200700021456,0,10,000,00,2,7,15,A01
200700021457,0,07,000,00,2,1,01,A01
200700021457,0,07,000,00,2,4,01,B01
200700021458,0,14,000,00,2,1,01,A01
200700021458,0,07,000,00,2,6,01,B01
200700021459,0,07,000,00,1,3,01,A01
200700021460,0,07,000,02,0,1,01,A01
200700021461,0,07,000,00,2,1,01,A01
200700021461,0,07,000,00,2,1,01,B01
200700021462,0,07,000,00,1,7,01,A01
200700021463,0,10,000,00,2,7,01,A01
200700021463,0,01,000,00,2,1,19,B01
200700021464,0,07,000,00,2,1,05,A01
200700021464,0,30,000,00,2,1,01,B01
200700021465,0,10,000,00,1,4,04,A01
200700021466,0,07,000,00,1,1,20,A01
200700021467,1,07,000,01,2,0,00,B01
200700021467,0,07,000,00,2,1,01,A01
200700021468,0,07,000,00,1,3,15,A01
200700021469,0,07,000,00,2,3,15,A01
200700021469,0,07,000,00,2,1,01,B01
200700021470,0,07,000,00,2,4,01,A01
200700021470,0,02,000,00,2,8,01,B01
200700021471,0,02,000,00,2,2,01,A01
200700021471,1,07,000,00,2,0,00,B01
200700021472,0,07,000,01,0,9,01,A01
200700021473,0,07,000,00,2,1,15,A01
200700021473,0,02,000,00,2,1,01,B01
200700021474,0,07,000,00,1,2,01,A01
200700021475,0,01,000,00,2,1,01,A01
200700021475,0,07,000,00,2,1,01,B01
200700021476,0,07,000,00,2,1,01,A01
200700021476,0,07,000,00,2,9,02,B01
200700021476,0,07,000,00,2,4,15,C01
200700021477,0,07,000,00,2,2,15,A01
200700021477,0,02,000,00,0,1,01,B01
200700021478,0,01,000,00,2,3,19,A01
200700021478,0,07,000,00,2,1,01,B01
200700021479,0,07,000,00,2,8,22,A01
200700021479,0,37,030,01,0,5,01,B01
200700021480,0,07,000,00,2,2,01,A01
200700021480,0,33,000,00,2,2,01,B01
200700021481,0,10,000,00,2,7,15,A01
200700021481,0,07,000,00,2,1,01,B01
200700021482,0,07,000,00,2,1,01,A01
200700021482,0,10,000,00,2,4,02,B01
200700021483,0,01,000,00,2,1,01,A01
200700021483,0,07,000,00,2,4,02,B01
200700021484,0,07,000,00,1,3,01,A01
200700021485,0,33,000,00,2,1,01,A01
200700021485,1,07,000,00,2,0,17,B01
200700021486,0,40,000,00,1,1,01,A01
200700021487,0,07,000,00,2,3,15,A01
200700021487,0,33,000,00,2,1,01,B01
200700021488,0,07,000,00,2,0,16,A01
200700021488,0,02,000,00,2,1,01,B01
200700021489,0,33,000,00,2,3,09,A01
200700021489,0,07,000,00,2,3,01,B01
200700021490,0,02,000,00,2,1,01,A01
200700021490,0,07,000,00,2,4,02,B01
200700021491,0,07,000,00,2,2,01,A01
200700021491,0,02,000,00,2,8,01,B01
200700021492,0,01,000,00,4,1,01,A01
200700021492,0,40,000,00,2,2,01,B01
200700021493,0,07,000,00,2,9,01,A01
200700021493,0,07,000,00,2,1,01,B01
200700021494,0,07,000,00,2,0,01,A01
200700021494,0,01,000,00,2,6,01,B01
200700021495,0,07,000,00,2,1,01,A01
200700021495,0,07,000,00,2,7,01,B01
200700021496,0,07,000,00,2,2,01,A01
200700021496,0,02,000,00,2,3,01,B01
200700021497,0,07,000,09,0,5,15,A01
200700021497,0,07,000,00,2,3,01,B01
200700021498,0,07,000,03,2,1,01,A01
200700021498,0,07,000,00,2,1,01,B01
200700021499,0,07,000,00,2,1,01,A01
200700021499,0,07,000,00,2,3,01,B01
200700021500,0,07,000,00,2,1,01,A01
200700021500,0,33,000,00,2,1,01,B01
200700021501,0,07,000,00,2,7,15,A01
200700021501,0,33,000,00,2,8,01,B01
200700021502,0,40,000,00,1,5,01,A01
200700021503,0,07,000,00,0,4,04,A01
200700021503,0,07,000,00,2,1,01,B01
200700021504,0,02,000,00,2,1,01,A01
200700021504,0,07,000,00,2,7,15,B01
200700021505,1,10,000,00,2,0,01,A01
200700021505,0,07,000,09,2,2,01,B01
200700021506,0,31,000,00,0,2,15,A01
200700021506,0,07,000,00,2,8,01,B01
200700021507,0,33,000,00,2,1,01,A01
200700021507,0,07,000,00,2,4,21,B01
200700021508,1,31,000,00,2,0,17,A01
200700021508,0,02,000,00,2,3,01,B01
200700021509,0,07,000,00,2,3,15,A01
200700021509,0,02,000,01,2,1,01,B01
200700021510,0,07,000,14,0,1,01,A01
200700021510,0,07,000,00,2,4,23,B01
200700021511,0,31,000,00,2,1,17,A01
200700021511,0,07,000,00,2,6,15,B01
200700021512,0,10,000,00,2,8,20,A01
200700021512,0,31,000,00,2,1,01,B01
200700021513,0,07,000,00,2,6,15,A01
200700021513,0,02,000,00,2,1,01,B01
200700021514,0,07,000,00,2,2,15,A01
200700021514,0,02,000,00,2,2,01,B01
200700021515,0,07,000,00,2,5,01,A01
200700021515,0,01,000,00,2,1,02,B01
200700021516,0,07,000,00,2,1,01,A01
200700021516,0,07,000,00,2,4,02,B01
200700021516,0,07,000,00,0,4,02,C01
200700021517,0,10,000,00,0,6,15,A01
200700021517,0,02,000,00,2,1,01,B01
200700021518,0,40,000,00,1,1,01,A01
200700021519,0,07,000,08,2,1,01,A01
200700021519,0,99,000,00,0,2,01,B01
200700021520,2,07,000,00,0,9,01,A01
200700021521,0,10,000,13,0,9,01,A01
200700021522,0,07,000,03,2,1,01,A01
200700021522,0,07,000,00,0,2,01,B01
200700021523,0,07,000,00,1,2,01,A01
200700021524,0,07,000,00,2,7,22,A01
200700021524,0,01,000,01,0,2,01,B01
200700021525,0,07,000,00,1,2,01,A01
200700021526,0,02,000,00,2,1,15,A01
200700021526,0,07,000,00,2,3,01,B01
200700021527,0,07,000,00,1,2,16,A01
200700021527,0,02,000,00,2,1,01,B01
200700021528,0,30,000,00,2,3,16,A01
200700021529,0,07,000,07,2,8,01,A01
200700021530,0,32,000,00,2,2,17,A01
200700021530,0,07,000,00,2,3,15,B01
200700021531,0,07,000,14,0,1,01,A01
200700021531,0,07,000,14,0,4,23,B01
200700021531,0,07,000,00,0,4,23,C01
200700021532,0,07,000,00,2,9,01,A01
200700021532,0,07,000,00,4,1,01,B01
200700021532,1,07,000,00,2,0,01,D01
200700021532,0,01,000,00,2,1,01,C01
200700021533,0,07,000,00,2,3,15,A01
200700021533,0,01,000,00,2,1,01,B01
200700021534,0,02,000,00,2,9,01,A01
200700021534,0,07,000,00,2,3,01,B01
200700021535,0,31,000,00,2,7,01,A01
200700021535,0,10,000,00,2,7,16,B01
200700021536,0,33,000,09,0,1,01,A01
200700021537,0,07,000,00,2,1,02,A01
200700021537,0,07,000,00,2,4,02,B01
200700021538,0,10,000,00,2,0,01,A01
200700021539,0,07,000,00,2,0,01,A01
200700021539,0,33,000,00,0,8,01,B01
200700021540,0,07,000,00,2,4,23,A01
200700021540,0,07,000,00,2,1,01,B01
200700021541,0,07,000,00,1,3,01,A01
200700021542,0,07,000,00,2,5,22,A01
200700021542,0,31,000,14,0,1,01,B01
200700021543,0,07,000,00,1,1,20,A01
200700021544,0,02,000,00,1,3,01,A01
200700021545,0,07,000,00,2,3,10,A01
200700021545,0,32,000,00,2,1,01,B01
200700021546,0,07,000,00,1,1,01,A01
200700021547,0,07,000,00,2,2,20,A01
200700021547,0,02,000,01,2,5,01,B01
200700021548,0,07,000,00,0,5,12,A01
200700021548,0,33,000,00,2,1,01,B01
200700021549,0,07,000,00,2,1,01,A01
200700021549,0,07,000,00,0,4,01,B01
200700021550,0,10,000,00,1,1,01,A01
200700021551,0,10,000,00,2,1,09,A01
200700021551,0,07,000,00,0,4,01,B01
200700021552,0,07,000,00,2,3,01,A01
200700021552,0,07,000,00,2,8,01,B01
200700021553,0,02,000,00,2,1,01,A01
200700021553,0,07,000,00,0,4,01,B01
200700021554,0,10,000,00,2,8,01,A01
200700021554,0,02,000,00,2,1,01,B01
200700021555,0,07,000,00,4,3,01,A01
200700021555,0,40,000,00,2,1,01,B01
200700021556,0,07,000,00,2,1,13,A01
200700021556,0,07,000,00,2,1,01,B01
200700021557,0,07,000,00,2,2,01,A01
200700021557,0,07,000,00,2,3,01,B01
200700021558,0,07,000,00,2,3,22,A01
200700021558,0,01,000,01,0,1,01,B01
200700021559,0,33,000,00,0,8,01,A01
200700021560,0,10,000,00,2,7,01,A01
200700021560,0,07,000,00,9,1,01,B01
200700021561,1,07,000,00,2,1,01,A01
200700021561,0,03,000,00,0,4,23,B01
200700021562,0,07,000,00,2,2,00,A01
200700021562,0,07,000,00,2,5,00,B01
200700021563,0,32,000,00,0,0,00,A01
200700021564,0,07,000,02,0,3,05,A01
200700021565,0,01,000,00,0,0,00,A01
200700021566,0,02,000,00,2,1,00,B01
200700021566,0,07,000,00,2,3,09,A01
200700021567,0,07,000,00,1,1,01,A01
200700021568,0,02,000,00,0,0,01,A01
200700021569,0,07,000,00,0,0,00,A01
200700021570,0,10,000,00,0,4,00,A01
200700021570,0,07,000,00,2,1,01,B01
200700021571,0,07,000,15,0,1,00,A01
200700021572,0,07,000,15,0,1,19,A01
200700021573,0,07,000,00,2,1,01,B01
200700021573,0,07,000,00,2,8,19,A01
200700021574,0,07,000,00,2,3,01,A01
200700021575,0,07,000,02,0,1,13,A01
200700021576,0,33,000,14,0,0,01,A01
200700021577,0,07,000,00,2,1,02,A01
200700021577,0,07,000,00,2,4,02,B01
200700021577,0,07,000,00,2,2,01,C01
200700021578,0,07,000,00,2,1,01,A01
200700021578,0,07,000,00,2,4,02,B01
200700021579,0,07,000,00,1,7,01,A01
200700021580,0,07,000,12,0,3,13,A01
200700021581,0,30,000,10,0,0,00,A01
200700021582,0,10,000,00,1,1,21,A01
200700021583,0,07,000,03,2,7,14,A01
200700021583,0,07,000,00,0,6,01,B01
200700021583,0,07,000,00,2,1,01,C01
200700021583,0,07,000,00,2,1,21,D01
200700021584,0,32,000,00,2,1,17,A01
200700021584,0,07,000,00,2,3,15,B01
200700021585,0,02,000,00,2,1,19,A01
200700021585,0,07,000,00,2,3,01,B01
200700021586,0,07,000,00,2,2,01,A01
200700021586,0,14,000,00,2,1,01,B01
200700021587,0,07,000,00,2,2,02,A01
200700021587,0,07,000,00,2,4,02,B01
200700021587,0,07,000,00,2,5,02,C01
200700021588,1,07,000,00,2,4,06,A01
200700021588,0,33,000,00,2,1,01,B01
200700021589,0,07,000,13,0,7,14,A01
200700021590,0,07,000,13,0,7,14,A01
200700021591,0,02,000,00,2,1,13,A01
200700021591,0,07,000,00,2,1,21,B01
200700021592,0,07,000,11,0,1,00,A01
200700021593,0,07,000,00,2,3,15,A01
200700021593,0,07,000,00,2,3,01,B01
200700021594,0,02,000,00,0,7,00,A01
200700021595,0,10,000,00,1,1,01,A01
200700021596,0,07,000,00,2,1,02,B01
200700021596,0,07,000,00,2,1,02,A01
200700021597,0,07,000,00,0,0,09,A01
200700021597,0,33,000,12,0,3,01,B01
200700021598,0,33,000,00,0,1,00,A01
200700021599,0,17,000,00,2,5,16,A01
200700021599,0,30,000,00,2,8,16,B01
200700021600,0,33,000,00,5,1,01,A01
200700021601,0,07,000,05,2,2,01,A01
200700021601,0,07,000,07,2,6,23,B01
200700021602,0,07,000,00,2,1,12,A01
200700021602,0,01,000,00,2,4,01,B01
200700021603,0,07,000,00,0,3,01,B01
200700021603,0,99,000,00,2,1,19,A01
200700021604,0,07,000,12,0,2,02,A01
200700021605,0,07,000,00,2,1,00,A01
200700021605,0,07,000,00,2,8,01,B01
200700021606,0,07,000,00,0,8,10,A01
200700021606,0,02,000,00,2,1,00,B01
200700021607,0,07,000,00,2,7,12,A01
200700021607,0,30,000,00,2,7,14,B01
200700021608,0,30,000,00,0,0,01,A01
200700021609,1,07,000,00,1,0,00,A01
200700021610,0,07,000,00,2,3,01,B01
200700021610,0,07,000,00,0,0,15,C01
200700021610,0,07,000,00,2,1,13,A01
200700021611,0,07,000,00,2,5,01,A01
200700021611,0,07,000,00,2,1,01,B01
200700021612,0,10,000,08,1,1,15,A01
200700021613,0,10,000,15,0,9,01,A01
200700021614,0,02,000,00,2,1,01,B01
200700021614,0,07,000,00,2,6,10,A01
200700021615,0,31,000,00,2,3,01,B01
200700021615,0,07,000,00,2,2,15,A01
200700021616,0,07,000,16,0,1,01,A01
200700021617,0,33,000,00,2,1,01,B01
200700021617,0,07,000,00,2,2,15,A01
200700021618,0,33,000,00,2,1,02,A01
200700021618,0,07,000,00,0,6,15,B01
200700021619,0,33,000,00,2,1,17,A01
200700021619,0,07,000,00,0,8,15,B01
200700021620,0,07,000,00,2,1,01,A01
200700021620,0,07,000,00,2,4,23,B01
200700021620,0,07,000,00,2,4,23,C01
200700021621,0,33,000,00,2,1,01,A01
200700021621,0,07,000,00,2,4,01,B01
200700021622,0,37,008,00,2,8,01,A01
200700021622,0,30,000,00,0,0,00,B01
200700021622,1,07,000,00,2,7,01,C01
200700021623,0,07,000,00,2,5,04,A01
200700021623,0,30,000,00,2,1,01,B01
200700021624,0,02,000,00,0,7,01,A01
200700021625,0,07,000,00,2,8,15,A01
200700021625,0,33,000,00,2,1,01,B01
200700021626,0,07,000,00,2,2,01,A01
200700021626,0,32,000,00,2,1,01,B01
200700021627,0,01,000,00,0,8,19,A01
200700021627,0,07,000,00,2,1,01,B01
200700021628,0,07,000,00,1,1,01,A01
200700021629,0,07,000,00,2,2,12,A01
200700021629,0,33,000,00,2,8,01,B01
200700021630,0,07,000,00,0,3,14,A01
200700021631,0,07,000,15,2,5,16,A01
200700021631,0,07,000,00,2,3,01,B01
200700021632,0,07,000,00,2,1,15,A01
200700021632,0,07,000,00,2,1,01,B01
200700021633,0,07,000,00,2,1,01,A01
200700021633,0,07,000,00,2,1,01,B01
200700021634,0,99,000,00,2,8,19,A01
200700021634,0,30,000,00,9,1,01,B01
200700021635,0,07,000,00,0,8,10,A01
200700021635,0,37,000,00,2,2,01,B01
200700021636,0,07,000,00,2,1,01,A01
200700021636,0,07,000,00,0,4,23,B01
200700021637,0,31,000,00,2,7,01,B01
200700021637,0,07,000,00,2,2,01,A01
200700021638,0,07,000,00,2,3,19,A01
200700021638,0,31,000,00,2,1,01,B01
200700021639,0,07,000,00,2,2,15,A01
200700021639,0,07,000,00,2,3,01,B01
200700021640,0,07,000,00,2,2,15,A01
200700021640,0,33,000,00,2,1,01,B01
200700021641,0,07,000,00,2,1,01,A01
200700021641,0,10,000,00,2,4,02,B01
200700021642,0,02,000,00,2,1,15,A01
200700021642,1,07,000,00,2,0,00,B01
200700021643,0,07,000,00,1,3,01,A01
200700021644,0,07,000,00,2,8,15,A01
200700021644,0,33,000,00,2,1,01,B01
200700021645,0,07,000,00,2,3,15,A01
200700021645,0,31,000,00,2,1,17,B01
200700021646,0,02,000,00,2,9,01,A01
200700021646,0,07,000,00,2,2,01,B01
200700021646,0,07,000,00,2,3,01,C01
200700021647,0,07,000,00,1,1,01,A01
200700021648,0,07,000,00,2,1,15,A01
200700021648,0,02,000,00,2,2,01,B01
200700021649,0,10,000,00,2,7,12,A01
200700021649,0,07,000,00,2,9,01,B01
200700021650,0,07,000,09,0,1,01,A01
200700021651,0,07,000,00,2,1,15,A01
200700021651,0,07,000,00,2,8,01,B01
200700021652,0,07,000,00,2,4,15,A01
200700021652,0,31,000,00,2,1,01,B01
200700021653,0,07,000,00,2,1,01,A01
200700021653,0,07,000,00,2,4,01,B01
200700021654,0,07,000,00,2,1,02,A01
200700021654,0,07,000,00,2,9,02,B01
200700021654,0,07,000,00,2,4,02,C01
200700021655,0,33,000,00,2,1,16,A01
200700021655,0,01,000,00,2,7,01,B01
200700021655,0,01,000,00,2,2,01,C01
200700021656,0,07,000,00,2,7,16,A01
200700021656,0,01,000,00,2,3,01,B01
200700021657,0,31,000,00,2,1,01,A01
200700021657,0,07,000,00,2,7,16,B01
200700021658,0,07,000,00,2,1,02,A01
200700021658,0,07,000,00,2,4,01,B01
200700021659,0,10,000,00,2,0,16,A01
200700021659,0,01,000,00,2,0,00,B01
200700021660,0,33,000,00,2,1,01,A01
200700021660,0,07,000,00,2,5,16,B01
200700021661,0,33,000,00,2,1,01,A01
200700021661,0,07,000,00,2,4,01,B01
200700021662,0,07,000,06,0,1,01,A01
200700021663,0,33,000,00,2,8,01,A01
200700021663,0,07,000,00,2,7,01,B01
200700021664,0,07,000,00,2,3,15,A01
200700021664,0,07,000,00,2,4,15,B01
200700021665,1,07,000,00,1,1,01,A01
200700021666,0,37,020,00,1,2,01,A01
200700021667,0,10,000,00,2,8,22,A01
200700021667,0,01,000,00,2,1,01,B01
200700021668,0,01,000,00,0,0,00,A01
200700021669,0,07,000,00,2,2,01,A01
200700021669,0,07,000,00,2,9,01,B01
200700021669,0,07,000,00,2,9,01,C01
200700021669,0,07,000,00,2,4,01,D01
200700021670,0,07,000,00,2,5,17,A01
200700021670,0,02,000,00,2,1,01,B01
200700021671,0,30,000,00,2,1,16,A01