Num_Acc,senc,catv,occutc,obs,obsm,choc,manv,num_veh
200700021671,0,07,000,00,2,2,01,B01
200700021672,0,07,000,02,2,6,18,A01
200700021672,0,07,000,00,2,2,01,B01
200700021673,0,07,000,00,2,8,11,A01
200700021673,0,07,000,00,2,2,01,B01
200700021674,0,32,000,13,0,9,01,A01
200700021675,0,07,000,00,2,7,16,A01
200700021675,0,01,000,00,2,3,01,B01
200700021676,0,07,000,00,2,7,15,A01
200700021676,0,07,000,00,2,3,01,B01
200700021677,0,07,000,00,2,3,16,A01
200700021677,0,07,000,14,2,3,01,B01
200700021678,0,07,000,00,2,1,01,A01
200700021678,0,07,000,00,2,0,01,B01
200700021679,0,01,000,00,1,1,01,A01
200700021680,0,02,000,00,0,1,00,A01
200700021681,0,02,000,00,0,0,00,A01
200700021682,0,37,000,00,2,2,01,A01
200700021682,0,01,000,00,2,9,01,B01
200700021683,0,07,000,00,2,2,23,A01
200700021683,0,07,000,00,2,1,01,B01
200700021684,0,07,000,09,1,1,13,A01
200700021685,0,07,000,00,2,3,01,B01
200700021685,0,20,000,07,2,5,01,A01
200700021686,0,07,000,00,2,1,01,A01
200700021686,0,07,000,00,1,4,23,B01
200700021686,0,07,000,00,2,4,23,C01
200700021687,0,02,000,01,0,1,18,A01
200700021688,1,30,000,00,1,1,01,A01
200700021689,0,14,000,00,2,6,15,A01
200700021689,0,07,000,00,2,3,01,B01
200700021690,0,07,000,00,2,1,01,A01
200700021690,0,07,000,00,2,3,01,B01
200700021691,0,07,000,01,0,1,01,A01
200700021691,0,07,000,00,2,4,23,B01
200700021692,0,02,000,00,0,0,01,A01
200700021693,0,37,000,01,1,1,01,A01
200700021694,0,07,000,00,2,3,13,A01
200700021694,0,07,000,00,2,3,15,B01
200700021695,0,30,000,00,0,7,17,A01
200700021695,0,07,000,00,2,3,01,B01
200700021696,0,07,000,00,2,1,01,A01
200700021696,0,07,000,00,2,4,01,B01
200700021697,0,07,000,00,2,5,15,A01
200700021697,0,07,000,00,2,1,01,B01
200700021698,0,31,000,00,1,1,01,A01
200700021698,0,07,000,00,2,1,01,B01
200700021699,0,02,000,00,2,1,00,A01
200700021699,0,07,000,00,2,4,01,B01
200700021700,0,02,000,00,0,0,01,A01
200700021701,0,07,000,00,2,2,15,A01
200700021701,0,02,000,00,2,1,01,B01
200700021702,0,07,000,00,1,8,01,A01
200700021703,0,02,000,11,0,1,01,A01
200700021704,0,07,000,00,2,1,15,A01
200700021704,0,07,000,00,2,3,01,B01
200700021705,0,07,000,00,2,3,10,A01
200700021705,0,30,000,00,2,1,17,B01
200700021706,2,07,000,01,2,1,01,A01
200700021706,0,07,000,01,2,8,16,B01
200700021707,0,33,000,00,2,1,18,A01
200700021707,0,07,000,00,2,5,16,B01
200700021708,0,07,000,00,2,1,02,A01
200700021708,0,07,000,00,0,4,02,B01
200700021709,2,02,000,00,1,1,05,A01
200700021710,0,07,000,00,2,8,01,B01
200700021710,0,02,000,00,2,1,01,A01
200700021711,0,07,000,00,1,1,01,A01
200700021712,0,02,000,00,2,1,08,A01
200700021712,0,07,000,00,2,3,01,B01
200700021713,1,10,000,00,2,1,15,A01
200700021713,0,02,000,00,2,1,00,B01
200700021714,0,10,000,00,2,1,00,A01
200700021714,0,07,000,00,2,8,01,B01
200700021715,0,07,000,00,2,1,01,A01
200700021715,0,07,000,00,2,4,01,B01
200700021715,0,07,000,00,2,4,01,C01
200700021716,0,07,000,00,2,1,09,A01
200700021716,0,01,000,00,2,1,01,B01
200700021717,0,07,000,00,2,1,01,B01
200700021717,0,07,000,01,2,7,01,A01
200700021718,0,07,000,00,0,0,01,A01
200700021718,0,33,000,00,2,0,02,B01
200700021719,0,07,000,00,2,3,01,B01
200700021719,0,07,000,00,2,1,01,A01
200700021720,0,99,000,00,2,1,02,A01
200700021720,0,07,000,00,0,4,02,B01
200700021721,0,30,000,00,2,1,01,A01
200700021721,0,07,000,00,2,1,16,B01
200700021722,0,07,000,00,2,8,01,A01
200700021722,0,07,000,00,2,1,01,B01
200700021723,0,07,000,00,1,1,16,A01
200700021724,0,07,000,00,2,1,02,A01
200700021724,0,07,000,00,2,4,23,B01
200700021725,0,07,000,00,2,3,01,A01
200700021725,0,01,000,00,2,1,01,B01
200700021726,0,07,000,00,1,3,01,A01
200700021727,0,07,000,00,1,1,16,A01
200700021728,0,07,000,00,2,3,13,A01
200700021728,0,31,000,00,2,0,17,B01
200700021729,0,07,000,15,0,1,14,A01
200700021730,0,10,000,00,2,1,02,A01
200700021730,0,07,000,00,2,4,02,B01
200700021731,0,40,000,00,1,1,01,A01
200700021732,0,33,000,00,2,7,01,A01
200700021732,0,07,000,00,2,8,10,B01
200700021733,0,07,000,00,2,2,15,A01
200700021733,0,33,000,00,2,1,01,B01
200700021734,0,07,000,00,1,3,01,A01
200700021735,0,33,000,00,2,1,07,A01
200700021735,0,07,000,00,2,7,16,B01
200700021736,0,10,000,00,1,7,04,A01
200700021737,0,10,000,00,2,1,02,A01
200700021737,0,07,000,00,2,4,02,B01
200700021737,0,07,000,00,2,4,02,C01
200700021737,0,07,000,00,2,4,02,D01
200700021737,0,07,000,00,2,4,02,E01
200700021738,0,07,000,00,1,2,12,A01
200700021739,0,10,000,00,2,7,16,A01
200700021739,0,01,000,00,2,1,01,B01
200700021740,0,07,000,04,2,9,01,A01
200700021740,0,07,000,00,2,3,13,B01
200700021741,0,01,000,00,2,1,01,A01
200700021741,0,07,000,00,2,1,15,B01
200700021742,0,07,000,00,2,1,01,A01
200700021742,0,07,000,00,2,0,01,B01
200700021742,0,07,000,00,2,0,01,C01
200700021742,0,07,000,00,2,0,01,D01
200700021742,0,07,000,00,2,0,16,E01
200700021743,0,07,000,00,2,1,01,A01
200700021743,0,07,000,00,2,5,12,B01
200700021744,0,32,000,00,2,8,13,A01
200700021744,0,07,000,00,2,7,16,B01
200700021745,0,07,000,00,2,8,01,A01
200700021745,0,04,000,00,2,1,10,B01
200700021746,0,07,000,00,2,7,15,A01
200700021746,0,05,000,00,2,8,01,B01
200700021747,0,07,000,00,2,1,01,A01
200700021747,0,02,000,00,2,1,01,B01
200700021748,0,05,000,00,2,1,01,B01
200700021748,0,07,000,00,2,1,01,A01
200700021749,0,02,000,00,2,1,02,A01
200700021750,0,30,000,00,9,3,05,A01
200700021750,0,07,000,00,9,8,01,B01
200700021751,0,07,000,00,9,2,17,A01
200700021751,0,01,000,00,2,4,02,B01
200700021752,0,07,000,00,2,3,05,A01
200700021752,0,02,000,00,2,3,21,B01
200700021753,0,07,000,00,2,1,01,B01
200700021753,0,07,000,00,2,8,15,A01
200700021754,0,07,000,00,2,3,19,B01
200700021754,0,07,000,00,2,1,19,A01
200700021755,0,07,000,00,1,1,01,A01
200700021756,0,07,000,00,2,1,01,A01
200700021756,0,07,000,00,2,8,01,B01
200700021756,0,31,000,00,2,1,01,C01
200700021757,0,07,000,00,0,7,01,A01
200700021757,0,33,000,00,2,8,00,B01
200700021758,0,07,000,00,1,1,01,A01
200700021759,0,07,000,00,2,3,02,A01
200700021759,0,01,000,00,2,4,02,B01
200700021760,0,07,000,00,0,9,00,A01
200700021761,0,31,000,00,2,1,01,B01
200700021761,0,07,000,00,2,2,15,A01
200700021762,0,07,000,00,2,2,09,A01
200700021762,0,01,000,00,2,1,01,B01
200700021763,0,07,000,00,2,2,02,A01
200700021763,0,02,000,00,2,4,02,B01
200700021764,0,07,000,03,0,1,01,A01
200700021765,0,07,000,00,2,2,15,A01
200700021765,0,33,000,00,2,1,01,B01
200700021766,0,07,000,00,2,3,11,A01
200700021766,0,02,000,01,2,1,01,B01
200700021767,0,33,000,00,2,7,14,A01
200700021767,0,33,000,00,2,8,01,B01
200700021767,1,07,000,00,0,0,17,C01
200700021768,0,07,000,00,2,1,02,A01
200700021768,0,07,000,00,2,4,02,B01
200700021769,0,07,000,00,1,8,01,A01
200700021770,0,07,000,00,2,1,13,A01
200700021770,0,07,000,00,2,3,01,B01
200700021771,0,36,000,06,0,2,01,A01
200700021772,0,15,000,00,2,7,16,A01
200700021772,0,01,000,00,2,4,18,B01
200700021772,0,01,000,00,2,1,01,C01
200700021773,0,07,000,00,2,3,15,A01
200700021773,0,33,000,00,2,1,01,B01
200700021774,0,07,000,02,0,1,13,A01
200700021775,0,07,000,00,2,7,01,A01
200700021775,0,30,000,00,2,1,01,B01
200700021776,0,07,000,00,2,1,13,A01
200700021776,0,07,000,01,0,3,01,B01
200700021776,0,07,000,01,0,8,24,C01
200700021777,0,30,000,00,0,1,01,A01
200700021778,0,07,000,06,0,1,01,A01
200700021779,0,07,000,00,2,1,01,B01
200700021779,0,07,000,00,2,1,19,A01
200700021780,0,02,000,00,2,3,01,B01
200700021780,0,07,000,00,2,3,13,A01
200700021781,0,07,000,00,2,3,01,C01
200700021781,0,07,000,00,2,3,01,B01
200700021781,0,07,000,00,2,2,15,A01
200700021782,0,01,000,00,2,1,01,B01
200700021782,0,07,000,00,2,7,15,A01
200700021783,0,14,000,00,1,1,01,A01
200700021784,0,07,000,00,0,2,01,A01
200700021785,0,07,000,13,0,1,01,A01
200700021786,0,07,000,06,0,9,01,A01
200700021787,0,07,000,00,2,3,13,A01
200700021787,0,07,000,00,2,1,05,B01
200700021788,0,07,000,00,2,3,02,A01
200700021788,0,33,000,00,2,8,02,B01
200700021789,0,07,000,00,2,1,01,A01
200700021789,0,14,000,00,2,6,01,B01
200700021789,0,07,000,00,2,6,01,C01
200700021790,0,07,000,00,1,1,15,A01
200700021791,0,21,000,00,2,8,15,A01
200700021791,0,33,000,00,2,1,17,B01
200700021792,0,07,000,00,2,1,01,A01
200700021792,0,07,000,00,2,4,01,B01
200700021793,0,07,000,00,2,4,15,A01
200700021793,0,07,000,00,2,1,01,B01
200700021794,0,07,000,00,2,3,01,A01
200700021794,0,10,000,01,2,1,01,B01
200700021795,0,07,000,00,1,2,17,A01
200700021796,0,02,000,00,2,1,02,A01
200700021796,0,02,000,00,0,4,15,B01
200700021797,0,02,000,00,2,2,17,A01
200700021797,0,07,000,00,2,8,15,B01
200700021798,0,07,000,00,1,1,01,A01
200700021799,0,07,000,00,2,7,15,A01
200700021799,0,33,000,00,2,1,01,B01
200700021800,0,07,000,00,1,4,04,A01
200700021801,0,07,000,00,1,2,01,A01
200700021802,0,02,000,00,1,1,01,A01
200700021803,0,10,000,00,1,2,01,A01
200700021804,0,07,000,00,1,2,01,A01
200700021805,1,07,000,00,1,2,00,A01
200700021806,0,07,000,00,2,2,15,A01
200700021806,0,07,000,00,2,3,01,B01
200700021807,0,07,000,00,2,3,15,A01
200700021807,0,02,000,00,2,7,01,B01
200700021808,0,07,000,00,1,3,01,A01
200700021809,0,07,000,00,2,2,01,A01
200700021809,0,33,000,00,2,8,01,B01
200700021810,0,07,000,00,2,0,00,A01
200700021810,0,07,000,00,0,3,00,B01
200700021811,0,33,000,00,2,1,01,B01
200700021811,0,07,000,00,2,5,09,A01
200700021812,0,07,000,00,1,4,04,A01
200700021813,0,33,000,00,2,3,01,B01
200700021813,0,07,000,00,2,6,09,A01
200700021814,0,07,000,00,1,1,09,A01
200700021815,0,07,000,00,2,2,01,B01
200700021815,0,07,000,00,2,1,15,A01
200700021816,0,07,000,00,2,1,01,A01
200700021816,0,07,000,00,2,1,01,B01
200700021817,0,07,000,00,1,2,01,A01
200700021818,0,07,000,00,1,3,01,A01
200700021819,0,07,000,00,1,4,04,A01
200700021820,0,07,000,00,2,1,01,B01
200700021820,0,07,000,00,2,2,09,A01
200700021821,0,07,000,00,2,6,10,A01
200700021821,0,33,000,00,2,8,01,B01
200700021822,0,07,000,00,2,1,01,A01
200700021822,0,07,000,00,2,7,01,B01
200700021823,0,07,000,00,9,2,01,A01
200700021823,0,01,000,00,2,8,13,B01
200700021824,1,07,000,00,1,0,01,A01
200700021825,0,07,000,00,1,4,04,A01
200700021826,0,07,000,00,9,3,22,A01
200700021826,0,01,000,00,2,1,01,B01
200700021827,0,07,000,00,2,8,01,B01
200700021827,0,10,000,00,2,1,01,A01
200700021828,0,30,000,00,2,1,01,A01
200700021828,0,07,000,00,2,8,01,B01
200700021829,0,07,000,00,1,3,01,A01
200700021830,0,07,000,00,2,1,15,A01
200700021830,0,32,000,01,2,1,01,B01
200700021831,0,02,000,00,2,1,13,A01
200700021831,0,07,000,00,2,3,23,B01
200700021832,0,07,000,00,2,3,15,A01
200700021832,0,33,000,00,2,7,17,B01
200700021833,0,07,000,00,2,3,09,A01
200700021833,0,33,000,00,2,1,01,B01
200700021834,1,30,000,00,1,1,01,A01
200700021835,0,07,000,15,0,8,01,B01
200700021835,1,07,000,00,2,1,15,A01
200700021836,0,07,000,00,1,1,01,A01
200700021837,0,07,000,00,2,2,14,A01
200700021837,0,30,000,00,2,3,13,B01
200700021838,0,02,000,00,1,1,17,A01
200700021839,0,30,000,14,0,3,01,A01
200700021840,0,07,000,00,1,1,01,A01
200700021841,0,07,000,00,1,1,15,A01
200700021842,0,01,000,01,0,1,01,A01
200700021843,0,07,000,01,0,2,01,A01
200700021844,0,02,000,01,0,1,01,A01
200700021845,0,07,000,00,1,1,01,A01
200700021846,0,31,000,01,0,1,01,A01
200700021847,0,01,000,01,0,1,01,A01
200700021848,0,07,000,00,2,3,05,A01
200700021848,0,07,000,00,2,3,16,B01
200700021849,0,02,000,00,2,3,01,A01
200700021849,0,17,000,00,2,7,16,B01
200700021850,0,30,000,00,0,0,01,A01
200700021851,0,17,000,00,2,2,12,A01
200700021851,0,07,000,00,2,6,01,B01
200700021852,0,07,000,00,2,3,00,A01
200700021852,0,33,000,00,2,8,00,B01
200700021853,0,07,000,00,1,1,01,A01
200700021854,0,07,000,12,0,9,00,A01
200700021855,0,07,000,00,2,8,15,A01
200700021855,0,31,000,00,2,1,01,B01
200700021856,0,07,000,00,2,2,16,A01
200700021856,0,02,000,00,2,1,01,B01
200700021857,0,02,000,00,2,8,00,A01
200700021857,0,07,000,00,2,5,17,B01
200700021858,2,07,000,00,2,2,05,A01
200700021858,0,07,000,00,2,2,01,B01
200700021859,0,02,000,00,2,1,02,A01
200700021859,0,07,000,00,0,4,01,B01
200700021860,0,01,000,00,2,1,01,B01
200700021860,0,07,000,09,2,8,19,A01
200700021861,0,01,000,00,2,1,02,A01
200700021861,0,07,000,00,2,4,02,B01
200700021862,0,07,000,00,2,1,01,A01
200700021862,0,07,000,00,2,4,01,B01
200700021863,0,07,000,00,0,2,00,A01
200700021863,0,32,000,00,2,1,00,B01
200700021864,0,07,000,00,2,6,01,A01
200700021864,1,10,000,00,2,1,00,B01
200700021865,0,32,000,00,2,1,01,A01
200700021865,0,01,000,00,2,4,15,B01
200700021866,0,07,000,00,2,3,13,A01
200700021866,0,07,000,01,2,1,00,F01
200700021866,0,07,000,00,2,3,01,B01
200700021866,0,07,000,00,2,3,00,C01
200700021866,0,07,000,00,2,7,00,D01
200700021866,0,07,000,00,2,7,00,E01
200700021867,0,07,000,00,2,1,15,A01
200700021867,0,07,000,00,2,1,01,B01
200700021868,0,07,000,00,2,1,06,A01
200700021868,0,31,000,00,2,1,06,B01
200700021869,0,07,000,00,1,2,17,A01
200700021870,0,02,000,00,2,1,01,A01
200700021870,0,07,000,00,0,4,01,B01
200700021871,0,02,000,00,0,0,01,A01
200700021872,0,33,000,00,2,1,01,A01
200700021872,0,07,000,00,2,3,15,B01
200700021873,0,10,000,00,2,2,14,A01
200700021873,0,07,000,08,2,8,01,B01
200700021874,0,07,000,00,0,9,01,A01
200700021875,0,07,000,00,2,1,02,A01
200700021875,0,07,000,00,2,4,02,B01
200700021875,0,07,000,00,2,4,02,C01
200700021875,0,07,000,00,2,4,02,D01
200700021876,0,10,000,00,2,7,15,A01
200700021876,0,30,000,00,2,1,01,B01
200700021877,1,07,000,00,2,1,01,A01
200700021877,0,01,000,00,2,8,01,B01
200700021878,0,07,000,00,2,8,15,A01
200700021878,0,02,000,00,2,1,17,B01
200700021879,0,07,000,00,2,1,15,A01
200700021879,0,07,000,08,2,2,01,B01
200700021880,0,37,020,00,1,2,01,A01
200700021881,0,33,000,03,0,1,01,A01
200700021882,0,14,000,00,2,2,12,A01
200700021882,0,07,000,00,2,7,01,B01
200700021883,0,10,000,00,2,2,16,A01
200700021883,0,01,000,00,2,1,01,B01
200700021884,0,07,000,00,2,1,13,A01
200700021884,0,37,010,00,2,3,01,B01
200700021885,0,30,000,00,2,1,01,B01
200700021885,0,07,000,00,0,6,15,A01
200700021886,0,07,000,00,1,1,01,A01
200700021887,0,02,000,00,2,5,17,A01
200700021887,0,07,000,00,2,3,15,B01
200700021888,0,33,000,00,2,1,01,B01
200700021888,0,07,000,00,2,6,15,A01
200700021889,0,01,000,00,2,1,00,A01
200700021889,0,07,000,00,2,7,15,B01
200700021890,0,07,000,00,1,1,01,A01
200700021891,0,01,000,00,2,4,00,A01
200700021891,1,07,000,00,2,0,00,B01
200700021892,0,07,000,15,0,1,13,A01
200700021893,0,30,000,00,2,1,15,A01
200700021894,0,01,000,00,2,1,02,A01
200700021894,0,07,000,00,2,4,02,B01
200700021895,0,02,000,00,2,1,17,A01
200700021895,0,07,000,00,2,6,15,B01
200700021896,0,07,000,00,2,8,19,A01
200700021896,0,30,000,00,2,1,01,B01
200700021897,0,10,000,00,1,4,04,A01
200700021898,0,07,000,08,0,3,00,A01
200700021899,0,33,000,00,2,7,00,B01
200700021899,0,07,000,00,2,2,09,A01
200700021900,0,10,000,00,2,2,16,A01
200700021900,0,02,000,00,2,1,01,B01
200700021901,0,02,000,00,2,1,18,A01
200700021901,0,07,000,00,2,2,16,B01
200700021902,0,30,000,00,2,1,15,A01
200700021902,0,07,000,00,2,1,16,B01
200700021903,2,07,000,00,2,1,01,A01
200700021903,0,07,000,00,2,7,01,B01
200700021904,0,02,000,00,1,2,01,B01
200700021905,0,01,000,00,2,0,01,B01
200700021905,0,07,000,00,2,1,01,A01
200700021906,0,07,000,00,2,1,01,A01
200700021906,0,07,000,00,2,4,23,B01
200700021907,0,07,000,00,2,1,15,A01
200700021907,0,33,000,00,2,1,01,B01
200700021908,0,07,000,06,0,9,01,A01
200700021909,0,07,000,00,2,7,14,A01
200700021909,0,02,000,00,2,8,01,B01
200700021910,0,07,000,00,2,5,00,A01
200700021910,0,01,000,00,2,6,00,B01
200700021911,0,07,000,00,1,7,01,A01
200700021912,0,07,000,00,9,5,04,A01
200700021913,0,07,000,00,2,6,15,A01
200700021913,0,30,000,00,2,1,17,B01
200700021914,0,07,000,00,2,3,13,A01
200700021914,0,10,000,01,2,3,01,B01
200700021914,0,10,000,00,2,8,24,C01
200700021915,0,07,000,02,0,1,00,A01
200700021916,0,07,000,00,2,4,01,B01
200700021917,0,30,000,00,2,4,13,A01
200700021917,0,33,000,00,2,1,01,B01
200700021918,0,07,000,00,1,1,01,A01
200700021919,0,07,000,00,2,1,01,A01
200700021919,0,07,000,00,2,8,01,B01
200700021920,0,01,000,12,0,7,00,A01
200700021920,0,07,000,00,2,3,00,B01
200700021920,0,07,000,00,2,3,00,C01
200700021920,0,07,000,00,2,3,00,D01
200700021921,0,15,000,00,2,3,15,A01
200700021921,0,10,000,00,2,1,01,B01
200700021922,0,33,000,00,2,1,01,A01
200700021922,0,07,000,00,2,4,23,B01
200700021923,0,02,000,00,2,1,15,A01
200700021923,0,07,000,00,2,3,01,B01
200700021924,0,10,000,00,2,1,01,A01
200700021924,0,07,000,00,2,9,23,B01
200700021924,0,07,000,00,2,4,23,C01
200700021925,0,07,000,00,1,1,01,A01
200700021926,0,02,000,00,2,0,01,A01
200700021926,0,10,000,00,2,6,01,B01
200700021927,0,07,000,00,2,0,01,B01
200700021927,0,30,000,00,2,1,01,A01
200700021928,0,07,000,00,1,1,09,A01
200700021929,0,07,000,00,2,2,16,A01
200700021929,0,01,000,00,2,8,01,B01
200700021930,0,31,000,00,0,4,01,B01
200700021930,1,07,000,00,2,4,01,A01
200700021931,0,02,000,00,0,7,01,B01
200700021931,1,13,000,00,2,1,01,A01
200700021932,0,07,000,00,2,7,20,A01
200700021932,0,02,000,00,2,0,18,B01
200700021933,0,07,000,00,2,9,13,A01
200700021933,0,07,000,00,2,9,01,B01
200700021934,1,07,000,00,1,0,00,A01
200700021935,0,07,000,00,9,3,10,A01
200700021935,0,31,000,00,2,1,01,B01
200700021936,0,07,000,00,1,0,01,A01
200700021937,0,07,000,00,2,8,01,A01
200700021937,0,07,000,00,2,1,01,B01
200700021938,2,07,000,00,2,1,03,A01
200700021938,0,07,000,00,2,1,01,B01
200700021939,0,07,000,00,2,1,15,A01
200700021939,0,07,000,00,2,1,01,B01
200700021940,0,30,000,00,2,1,01,A01
200700021940,0,07,000,00,2,4,23,B01
200700021941,0,01,000,00,2,7,12,A01
200700021941,0,07,000,00,2,2,01,B01
200700021942,0,07,000,10,0,2,01,A01
200700021943,0,07,000,00,2,2,15,A01
200700021943,0,07,000,00,2,2,01,B01
200700021944,0,10,000,00,2,3,01,A01
200700021944,0,07,000,00,2,4,01,B01
200700021945,0,07,000,00,0,6,02,C01
200700021945,0,07,000,00,2,1,03,A01
200700021945,0,07,000,00,2,1,02,B01
200700021946,0,30,000,00,2,1,01,A01
200700021946,0,07,000,00,2,7,01,B01
200700021947,0,02,000,00,1,1,00,A01
200700021948,0,07,000,00,1,2,01,A01
200700021949,0,02,000,01,2,1,01,A01
200700021949,0,10,000,00,2,3,15,B01
200700021949,0,10,000,00,2,8,24,C01
200700021950,0,30,000,00,0,7,01,A01
200700021951,0,02,000,00,2,1,02,A01
200700021951,0,07,000,00,2,4,02,B01
200700021952,0,07,000,01,1,2,14,A01
200700021953,0,01,000,00,0,1,01,A01
200700021954,0,01,000,00,0,1,01,A01
200700021955,0,02,000,14,0,3,01,A01
200700021956,0,07,000,08,0,1,01,A01
200700021957,0,07,000,05,0,1,01,A01
200700021958,0,01,000,00,0,1,01,A01
200700021959,0,07,000,00,2,1,02,A01
200700021959,0,07,000,00,2,4,02,B01
200700021960,0,07,000,00,2,0,01,A01
200700021960,0,10,000,00,2,8,01,B01
200700021960,0,07,000,00,2,8,01,C01
200700021961,0,07,000,00,2,3,09,A01
200700021961,0,07,000,00,2,3,01,B01
200700021962,0,31,000,00,0,1,01,A01
200700021963,0,01,000,00,0,0,01,A01
200700021964,0,07,000,00,2,2,09,A01
200700021964,0,33,000,00,2,8,01,B01
200700021965,0,02,000,00,2,7,01,A01
200700021965,0,10,000,00,2,2,16,B01
200700021966,0,15,000,00,2,2,12,A01
200700021966,0,07,000,00,2,6,01,B01
200700021967,0,07,000,00,2,2,16,A01
200700021967,0,02,000,00,2,0,01,B01
200700021968,0,07,000,00,2,1,15,A01
200700021968,0,02,000,00,2,7,15,B01
200700021969,0,33,000,00,2,1,01,B01
200700021969,0,07,000,00,2,1,01,A01
200700021970,2,07,000,00,0,5,01,A01
200700021970,0,02,000,00,2,3,01,B01
200700021971,0,07,000,00,2,1,15,A01
200700021971,0,01,000,00,2,0,01,B01
200700021972,0,07,000,00,1,0,01,B01
200700021973,0,07,000,00,2,1,02,A01
200700021973,0,07,000,00,2,4,02,B01
200700021974,0,07,000,00,2,2,15,A01
200700021974,0,02,000,00,2,1,01,B01
200700021975,0,02,000,00,2,3,17,A01
200700021975,0,07,000,00,2,5,17,B01
200700021976,0,07,000,00,2,2,15,A01
200700021976,0,33,000,00,2,1,01,B01
200700021977,0,33,000,00,2,1,01,A01
200700021977,0,07,000,00,2,2,09,B01
200700021978,0,10,000,00,2,1,02,A01
200700021978,0,07,000,06,2,4,02,B01
200700021978,0,07,000,00,2,4,15,C01
200700021979,0,33,000,00,0,0,00,A01
200700021980,0,07,000,00,2,1,02,A01
200700021980,0,33,000,00,2,4,02,B01
200700021981,0,02,000,01,0,1,13,A01
200700021982,0,02,000,00,2,1,01,A01
200700021982,0,07,000,00,2,3,01,B01
200700021983,0,07,000,00,2,1,01,A01
200700021983,0,15,000,00,2,8,01,B01
200700021984,0,31,000,00,2,3,01,A01
200700021984,0,07,000,00,2,7,16,B01
200700021985,1,02,000,00,2,3,01,A01
200700021985,0,02,000,00,2,3,01,B01
200700021986,0,07,000,00,1,3,01,A01
200700021987,0,02,000,14,0,2,01,A01
200700021988,0,07,000,00,2,1,15,A01
200700021988,0,02,000,00,2,3,15,B01
200700021989,0,07,000,08,0,1,14,A01
200700021990,0,01,000,00,1,1,01,B01
200700021991,0,02,000,00,2,1,01,A01
200700021991,0,07,000,00,2,4,01,B01
200700021992,0,07,000,00,1,1,01,B01
200700021993,0,02,000,00,2,1,02,A01
200700021993,0,07,000,00,2,4,23,B01
200700021994,0,07,000,00,2,1,01,A01
200700021994,0,10,000,00,2,4,15,B01
200700021995,0,10,000,00,2,1,02,A01
200700021995,0,31,000,00,2,4,23,B01
200700021996,0,33,000,00,2,2,18,A01
200700021996,0,01,000,00,2,4,01,B01
200700021997,0,07,000,00,2,1,01,A01
200700021997,0,07,000,00,2,3,01,B01
200700021998,0,07,000,00,2,1,02,A01
200700021998,0,07,000,00,2,4,02,B01
200700021999,0,02,000,00,2,1,13,A01
200700021999,0,07,000,00,2,1,01,B01
200700022000,0,07,000,00,2,1,16,A01
200700022000,0,30,000,00,2,8,01,B01
200700022001,0,07,000,00,2,1,01,A01
200700022001,0,33,000,00,2,4,23,B01
200700022002,0,07,000,09,0,1,14,A01
200700022003,0,02,000,00,2,1,00,B01
200700022003,0,07,000,00,2,6,00,A01
200700022004,0,07,000,00,1,2,01,A01
200700022005,0,07,000,00,2,7,15,B01
200700022005,0,02,000,00,2,1,01,A01
200700022006,0,07,000,00,0,4,02,A01
200700022006,0,07,000,00,2,4,02,B01
200700022006,0,07,000,14,2,6,02,C01
200700022006,0,07,000,00,2,2,02,D01
200700022007,1,30,000,00,1,1,01,A01
200700022008,0,07,000,13,0,2,14,A01
200700022009,0,33,000,00,2,2,21,B01
200700022009,0,07,000,00,2,3,15,A01
200700022010,0,33,000,14,0,3,06,A01
200700022011,0,33,000,03,0,0,01,A01
200700022012,0,07,000,00,2,1,15,A01
200700022012,0,02,000,00,2,1,01,B01
200700022013,0,07,000,00,2,3,01,A01
200700022013,0,31,000,00,2,3,15,B01
200700022014,0,07,000,00,2,1,00,A01
200700022014,0,07,000,00,0,8,01,B01
200700022015,0,07,000,04,0,1,00,A01
200700022016,0,07,000,00,0,7,00,B01
200700022016,0,07,000,00,2,1,00,A01
200700022017,0,07,000,00,0,2,19,A01
200700022017,0,02,000,00,0,8,00,B01
200700022018,0,07,000,00,2,1,02,A01
200700022018,0,02,000,00,2,4,02,B01
200700022019,0,33,000,00,2,9,13,A01
200700022019,0,07,000,00,2,7,01,B01
200700022020,0,99,000,00,1,2,01,A01
200700022021,0,07,000,00,2,1,16,A01
200700022021,0,07,000,00,2,3,15,B01
200700022022,0,02,000,00,2,1,01,A01
200700022022,0,07,000,00,2,8,17,B01
200700022023,0,01,000,00,1,1,01,A01
200700022024,0,07,000,01,2,3,13,A01
200700022024,0,07,000,00,0,6,01,B01
200700022024,0,07,000,00,2,8,01,C01
200700022024,0,01,000,00,2,1,13,D01
200700022025,0,07,000,00,2,2,15,A01
200700022025,0,31,000,00,2,1,01,B01
200700022026,0,07,000,00,1,1,16,A01
200700022027,0,02,000,00,2,1,17,A01
200700022027,0,07,000,00,2,8,15,B01
200700022028,0,02,000,00,2,8,01,B01
200700022028,0,07,000,00,2,1,01,A01
200700022029,0,07,000,00,1,1,01,A01
200700022030,0,07,000,00,2,3,21,B01
200700022030,0,07,000,00,2,2,01,A01
200700022031,0,07,000,00,2,4,01,A01
200700022031,0,07,000,00,2,1,23,B01
200700022031,0,07,000,00,2,4,23,C01
200700022031,0,07,000,00,2,4,23,D01