Num_Acc,senc,catv,occutc,obs,obsm,choc,manv,num_veh
200700022032,0,07,000,00,1,1,00,A01
200700022033,0,07,000,00,9,5,01,A01
200700022033,0,33,000,00,2,8,01,B01
200700022034,0,07,000,00,2,6,20,A01
200700022034,0,07,000,00,2,7,02,B01
200700022035,0,07,000,00,2,7,12,A01
200700022035,0,33,000,00,2,8,01,B01
200700022036,1,07,000,00,2,5,12,A01
200700022036,0,31,000,11,0,3,01,B01
200700022037,0,33,000,00,2,1,01,A01
200700022037,0,07,000,00,0,6,01,B01
200700022038,0,07,000,13,0,1,01,A01
200700022039,0,01,000,00,0,0,01,A01
200700022040,0,33,000,03,2,7,13,A01
200700022040,0,33,000,00,2,7,01,B01
200700022041,0,31,000,00,2,7,02,B01
200700022041,0,07,000,00,2,1,09,A01
200700022042,0,33,000,00,2,8,01,B01
200700022042,0,07,000,00,2,1,01,A01
200700022043,0,07,000,01,0,5,01,A01
200700022044,0,07,000,00,2,7,15,A01
200700022044,0,02,000,00,2,1,19,B01
200700022045,0,07,000,04,2,6,11,A01
200700022045,0,07,000,00,2,2,01,B01
200700022046,0,07,000,00,2,2,10,A01
200700022046,0,33,000,00,2,1,01,B01
200700022047,0,07,000,00,2,1,02,A01
200700022047,0,07,000,00,2,4,02,B01
200700022048,0,07,000,00,1,1,15,A01
200700022049,0,07,000,14,0,1,00,A01
200700022050,0,07,000,00,2,1,23,A01
200700022050,0,01,000,00,2,2,01,B01
200700022051,0,07,000,00,2,3,15,A01
200700022051,0,07,000,00,2,1,01,B01
200700022052,0,07,000,00,2,1,15,A01
200700022052,0,33,000,00,2,1,01,B01
200700022053,0,07,000,00,2,3,15,A01
200700022053,0,07,000,00,2,1,01,B01
200700022054,0,02,000,00,2,1,13,A01
200700022054,0,02,000,00,2,1,01,B01
200700022055,0,03,000,09,0,2,15,A01
200700022056,0,07,000,00,2,1,02,A01
200700022056,0,07,000,00,2,4,02,B01
200700022057,0,07,000,00,2,4,02,B01
200700022057,0,02,000,00,2,1,02,A01
200700022058,0,07,000,00,1,2,16,A01
200700022059,0,31,000,00,2,1,01,A01
200700022059,0,10,000,00,2,3,01,B01
200700022060,0,07,000,00,2,1,01,A01
200700022060,0,07,000,00,2,8,15,B01
200700022061,0,33,000,00,2,1,01,A01
200700022061,0,07,000,00,2,2,16,B01
200700022062,0,07,000,00,2,8,09,A01
200700022062,0,07,000,00,2,1,01,B01
200700022063,0,07,000,00,2,6,15,B01
200700022063,0,07,000,00,2,2,01,A01
200700022064,0,07,000,00,0,9,04,A01
200700022065,0,37,015,00,1,2,01,A01
200700022066,1,07,000,00,2,1,01,B01
200700022066,0,02,000,00,2,5,15,A01
200700022067,0,07,000,00,2,8,15,A01
200700022067,0,37,004,00,2,1,11,B01
200700022068,0,07,000,00,1,5,01,A01
200700022069,0,07,000,00,1,8,01,A01
200700022070,0,07,000,00,2,1,02,A01
200700022070,0,07,000,00,2,4,02,B01
200700022070,0,07,000,00,2,4,02,C01
200700022071,0,31,000,00,2,7,01,A01
200700022071,0,07,000,00,2,1,01,B01
200700022072,0,07,000,00,2,1,01,A01
200700022072,0,01,000,00,2,8,00,B01
200700022073,0,07,000,00,2,1,01,A01
200700022073,0,07,000,00,2,8,15,B01
200700022074,0,01,000,00,2,1,02,A01
200700022074,0,01,000,00,2,1,02,B01
200700022074,0,38,001,00,2,7,17,C01
200700022075,0,07,000,00,2,7,01,A01
200700022075,0,07,000,00,2,8,01,B01
200700022076,0,07,000,00,2,7,23,A01
200700022076,0,01,000,00,2,1,18,B01
200700022077,0,07,000,01,0,1,14,A01
200700022078,0,07,000,00,2,1,02,A01
200700022078,0,07,000,00,2,4,02,B01
200700022078,0,07,000,00,2,4,02,C01
200700022079,0,31,000,00,2,1,01,A01
200700022079,1,07,000,00,2,7,09,B01
200700022080,0,07,000,00,2,3,15,A01
200700022080,0,02,000,00,2,1,17,B01
200700022081,0,07,000,08,2,1,01,A01
200700022081,0,07,000,08,2,8,01,B01
200700022082,0,10,000,00,2,8,01,A01
200700022082,0,07,000,00,2,1,01,B01
200700022083,0,07,000,00,1,1,15,A01
200700022084,0,07,000,00,2,8,00,A01
200700022084,0,02,000,00,2,2,01,B01
200700022085,0,07,000,00,2,1,01,A01
200700022085,0,01,000,00,2,4,23,B01
200700022086,0,07,000,00,1,3,09,A01
200700022087,0,07,000,00,1,7,01,A01
200700022088,0,07,000,00,2,1,01,A01
200700022088,0,07,000,00,2,4,23,B01
200700022088,0,07,000,00,2,4,23,C01
200700022088,0,07,000,00,2,4,23,D01
200700022089,0,02,000,00,1,2,01,A01
200700022089,0,07,000,00,2,8,23,B01
200700022090,0,30,000,00,2,2,17,A01
200700022090,0,07,000,00,2,3,01,B01
200700022091,0,07,000,00,2,3,15,A01
200700022091,0,07,000,00,2,1,01,B01
200700022092,0,32,000,00,2,1,01,A01
200700022092,0,07,000,00,2,7,20,B01
200700022093,0,07,000,00,2,3,01,A01
200700022094,0,07,000,00,2,1,01,A01
200700022094,0,07,000,15,2,8,01,B01
200700022095,0,02,000,00,2,1,01,A01
200700022095,0,07,000,00,2,8,15,B01
200700022096,0,07,000,00,1,1,01,A01
200700022097,0,07,000,00,2,1,01,A01
200700022097,0,07,000,00,2,4,23,C01
200700022097,0,07,000,00,2,4,23,B01
200700022098,0,31,000,00,2,1,01,A01
200700022098,0,07,000,00,2,3,09,B01
200700022099,0,02,000,00,2,2,17,A01
200700022099,0,07,000,00,2,8,15,B01
200700022100,0,07,000,00,2,1,01,B01
200700022100,0,02,000,00,2,1,01,A01
200700022101,0,07,000,00,2,2,20,A01
200700022101,0,30,000,00,2,1,01,B01
200700022102,0,10,000,00,2,1,01,A01
200700022102,0,10,000,00,2,4,01,B01
200700022103,0,13,000,00,2,1,02,A01
200700022103,0,07,000,00,2,4,23,B01
200700022104,0,02,000,00,2,1,13,A01
200700022104,0,07,000,00,2,3,01,B01
200700022105,0,07,000,00,2,1,01,B01
200700022105,0,07,000,00,2,8,01,A01
200700022106,0,07,000,00,1,1,01,A01
200700022107,0,07,000,13,0,1,01,A01
200700022108,0,33,000,00,2,2,18,A01
200700022108,0,07,000,00,2,3,20,B01
200700022109,1,07,000,00,1,1,01,A01
200700022110,0,07,000,00,2,3,01,B01
200700022110,0,07,000,00,2,2,00,A01
200700022111,0,07,000,00,2,2,01,A01
200700022111,0,07,000,00,2,3,01,B01
200700022112,0,33,000,00,2,2,01,A01
200700022112,0,07,000,00,2,7,01,B01
200700022113,0,02,000,14,0,1,01,A01
200700022114,0,02,000,00,0,0,01,A01
200700022115,0,02,000,12,0,2,01,A01
200700022116,0,02,000,00,2,1,01,A01
200700022116,0,07,000,00,0,4,01,B01
200700022117,0,30,000,06,0,1,01,A01
200700022118,0,07,000,00,2,2,17,A01
200700022118,0,30,000,00,2,4,15,B01
200700022119,0,07,000,00,2,1,15,A01
200700022119,0,01,000,00,2,1,01,B01
200700022120,0,07,000,00,2,3,15,A01
200700022120,0,02,000,00,2,1,01,B01
200700022121,0,07,000,11,0,1,01,A01
200700022122,0,33,000,00,2,1,17,A01
200700022122,0,07,000,00,2,3,01,B01
200700022123,0,02,000,00,0,7,01,A01
200700022124,0,07,000,13,0,2,01,A01
200700022125,0,07,000,00,2,8,01,B01
200700022125,0,31,000,00,2,1,17,A01
200700022126,0,32,000,00,2,1,01,B01
200700022126,0,07,000,00,2,7,15,A01
200700022127,0,02,000,00,0,0,01,A01
200700022128,0,01,000,00,2,1,01,B01
200700022128,0,07,000,00,2,8,22,A01
200700022129,0,07,000,00,1,4,04,A01
200700022130,0,07,000,00,2,4,02,B01
200700022130,0,07,000,00,2,1,02,A01
200700022131,0,33,000,00,2,1,15,B01
200700022131,0,07,000,00,2,3,15,A01
200700022132,0,07,000,00,2,2,21,C01
200700022132,0,07,000,00,2,4,23,B01
200700022132,0,07,000,14,0,1,02,A01
200700022133,0,07,000,00,2,1,01,B01
200700022133,0,07,000,00,2,6,15,A01
200700022134,0,02,000,00,2,8,01,B01
200700022134,0,07,000,00,2,1,01,A01
200700022135,0,02,000,00,0,0,01,A01
200700022136,0,14,000,00,0,0,01,A01
200700022137,0,07,000,00,2,8,01,B01
200700022137,0,17,000,00,2,7,12,A01
200700022138,0,01,000,00,2,1,01,B01
200700022138,0,07,000,00,2,2,09,A01
200700022139,0,07,000,00,2,2,16,B01
200700022139,0,02,000,00,2,1,18,A01
200700022139,0,07,000,00,2,8,23,C01
200700022140,0,07,000,00,2,4,23,B01
200700022140,0,07,000,14,2,1,02,A01
200700022141,0,31,000,00,1,1,01,B01
200700022141,0,07,000,00,2,1,19,A01
200700022142,0,01,000,00,2,8,01,B01
200700022142,0,02,000,00,2,2,16,A01
200700022143,0,07,000,00,1,2,01,A01
200700022144,0,07,000,00,2,4,04,A01
200700022144,0,33,000,00,2,1,01,B01
200700022144,0,07,000,01,0,0,00,C01
200700022145,0,33,000,00,2,1,01,B01
200700022145,0,07,000,00,2,8,09,A01
200700022146,0,33,000,00,2,1,01,B01
200700022146,0,07,000,00,2,3,19,A01
200700022147,0,02,000,00,2,3,15,B01
200700022147,2,02,000,00,2,2,17,A01
200700022148,0,10,000,00,2,0,17,A01
200700022148,0,01,000,00,2,3,02,B01
200700022149,0,02,000,00,1,2,01,A01
200700022150,0,33,000,00,2,7,02,A01
200700022150,0,02,000,00,2,8,13,B01
200700022151,0,02,000,00,2,1,01,A01
200700022151,0,07,000,00,2,3,15,B01
200700022152,0,02,000,00,2,1,13,A01
200700022152,0,07,000,00,2,1,01,B01
200700022153,0,32,000,15,0,1,01,A01
200700022154,0,02,000,00,1,1,01,A01
200700022155,0,07,000,00,1,5,16,A01
200700022156,0,37,010,00,1,2,01,A01
200700022157,0,02,000,00,2,1,01,B01
200700022157,0,07,000,00,2,3,01,A01
200700022158,0,07,000,00,9,2,17,A01
200700022158,0,01,000,00,2,0,13,B01
200700022159,0,07,000,00,1,3,15,A01
200700022160,0,37,005,00,0,3,01,B01
200700022160,0,07,000,00,2,5,15,A01
200700022161,0,07,000,00,2,1,13,A01
200700022161,0,07,000,00,2,1,01,B01
200700022162,0,07,000,00,2,1,01,A01
200700022162,0,07,000,00,2,1,01,B01
200700022163,0,32,000,00,2,1,02,A01
200700022163,0,07,000,00,2,3,01,B01
200700022164,0,07,000,00,1,2,02,A01
200700022165,0,02,000,00,2,1,01,A01
200700022165,0,10,000,00,9,3,09,B01
200700022166,0,07,000,08,0,1,01,A01
200700022167,0,07,000,08,0,1,01,A01
200700022168,0,07,000,00,2,7,15,A01
200700022168,0,33,000,00,2,1,01,B01
200700022169,0,30,000,01,0,8,01,A01
200700022170,0,17,000,00,0,0,01,A01
200700022171,0,07,000,03,0,2,01,A01
200700022172,0,02,000,00,2,1,01,B01
200700022172,0,07,000,00,2,6,15,A01
200700022173,0,07,000,01,0,2,14,A01
200700022174,0,07,000,00,2,1,15,A01
200700022174,0,33,000,01,2,1,01,B01
200700022175,0,30,000,00,0,2,01,A01
200700022176,0,07,000,00,1,1,01,A01
200700022177,0,30,000,00,0,0,14,A01
200700022178,0,07,000,00,2,1,01,A01
200700022178,0,07,000,00,2,4,01,B01
200700022179,0,07,000,00,2,1,01,A01
200700022179,0,07,000,00,2,4,01,B01
200700022180,0,33,000,00,2,1,01,B01
200700022180,0,07,000,00,2,3,15,A01
200700022181,0,01,000,00,2,3,23,B01
200700022181,0,07,000,00,2,1,15,A01
200700022182,0,01,000,00,2,1,01,A01
200700022182,0,10,000,00,2,3,15,B01
200700022183,0,07,000,00,1,1,01,A01
200700022184,0,10,000,00,1,1,01,A01
200700022185,0,10,000,00,2,1,02,A01
200700022185,0,07,000,00,2,4,23,B01
200700022186,0,07,000,00,2,1,01,A01
200700022186,0,07,000,00,2,6,01,B01
200700022187,0,07,000,00,2,1,05,A01
200700022187,0,30,000,00,2,1,01,B01
200700022188,0,02,000,00,2,1,15,A01
200700022188,0,07,000,00,2,2,01,B01
200700022189,0,07,000,00,1,1,01,A01
200700022190,0,07,000,00,2,2,15,A01
200700022190,0,33,000,00,2,1,01,B01
200700022191,0,07,000,00,2,1,01,A01
200700022191,0,01,000,00,2,8,09,B01
200700022192,0,02,000,00,0,0,00,A01
200700022193,0,02,000,00,0,0,00,A01
200700022194,0,07,000,00,0,0,00,B01
200700022194,0,31,000,00,0,0,00,A01
200700022195,0,02,000,00,0,0,00,A01
200700022196,0,07,000,00,2,1,01,A01
200700022196,0,07,000,00,2,4,00,B01
200700022196,0,07,000,00,0,4,23,C01
200700022197,0,07,000,00,2,2,15,A01
200700022197,0,02,000,00,2,1,01,B01
200700022198,0,02,000,00,0,0,01,A01
200700022198,0,07,000,00,0,0,16,B01
200700022199,0,07,000,00,2,1,01,A01
200700022199,0,07,000,00,0,4,01,B01
200700022200,0,33,000,00,2,7,01,A01
200700022200,0,07,000,00,2,8,09,B01
200700022201,0,07,000,00,2,3,01,A01
200700022201,0,07,000,00,0,8,01,B01
200700022202,0,07,000,00,2,3,15,A01
200700022202,0,07,000,00,2,3,01,B01
200700022203,0,13,000,00,2,1,02,A01
200700022203,0,07,000,00,0,4,01,B01
200700022204,0,07,000,00,2,2,01,A01
200700022204,0,07,000,00,2,3,01,B01
200700022205,0,02,000,00,2,0,01,A01
200700022205,0,07,000,00,2,1,01,B01
200700022206,1,07,000,00,2,0,00,A01
200700022206,0,33,000,00,2,5,01,B01
200700022207,0,33,000,00,0,8,01,A01
200700022208,0,02,000,00,2,1,02,B01
200700022208,0,07,000,00,2,1,00,A01
200700022209,0,02,000,00,2,1,02,A01
200700022209,0,07,000,00,2,2,14,B01
200700022210,1,99,000,00,1,2,02,A01
200700022211,0,07,000,00,2,1,10,A01
200700022211,0,33,000,13,2,7,02,B01
200700022212,0,07,000,13,0,1,00,A01
200700022213,0,31,000,00,0,7,01,B01
200700022213,0,07,000,00,2,2,15,A01
200700022214,0,07,000,00,0,1,01,A01
200700022215,0,07,000,00,2,1,01,B01
200700022215,0,07,000,08,2,8,01,A01
200700022216,0,99,000,00,2,1,01,B01
200700022216,0,10,000,00,0,7,01,A01
200700022217,0,33,000,00,2,1,17,B01
200700022217,0,10,000,00,2,3,11,A01
200700022218,0,07,000,12,2,1,01,A01
200700022218,0,07,000,07,2,8,01,B01
200700022219,0,07,000,00,0,4,01,A01
200700022219,0,30,000,00,2,1,01,B01
200700022220,0,07,000,00,2,1,05,A01
200700022220,0,07,000,00,2,1,01,B01
200700022221,0,02,000,06,0,1,01,A01
200700022222,0,07,000,00,0,8,01,A01
200700022222,0,99,000,00,2,1,01,B01
200700022223,0,02,000,00,9,1,01,A01
200700022223,0,01,000,00,0,0,00,B01
200700022224,0,14,000,00,2,2,15,A01
200700022224,0,07,000,00,2,3,01,B01
200700022225,0,36,000,08,0,1,01,A01
200700022226,0,02,000,06,0,1,01,A01
200700022227,0,07,000,00,1,1,15,A01
200700022228,0,31,000,01,0,1,00,A01
200700022229,0,30,000,00,2,1,05,A01
200700022230,0,07,000,00,9,3,24,A01
200700022230,0,01,000,01,0,1,01,B01
200700022231,0,07,000,00,2,2,01,A01
200700022231,0,33,000,00,0,4,17,B01
200700022232,0,02,000,00,2,1,01,A01
200700022232,0,07,000,00,2,5,16,B01
200700022233,0,07,000,01,0,2,14,A01
200700022234,0,07,000,00,2,1,01,A01
200700022234,0,01,000,00,2,8,01,B01
200700022235,1,07,000,00,1,0,01,A01
200700022236,0,34,000,09,0,1,15,A01
200700022237,0,07,000,00,2,5,01,A01
200700022237,0,31,000,00,2,1,01,B01
200700022238,1,07,000,00,1,1,16,A01
200700022239,0,07,000,00,1,3,01,A01
200700022240,0,07,000,00,2,2,15,A01
200700022240,0,02,000,00,2,1,01,B01
200700022241,0,07,000,00,1,3,01,A01
200700022242,0,14,000,00,2,2,15,A01
200700022242,0,07,000,00,2,8,01,B01
200700022243,0,01,000,00,2,1,15,A01
200700022243,0,07,000,00,9,1,15,B01
200700022244,0,07,000,00,1,3,01,B01
200700022245,0,14,000,00,2,4,01,B01
200700022245,0,01,000,00,2,1,00,A01
200700022246,0,07,000,00,2,1,01,A01
200700022246,0,07,000,01,2,9,15,B01
200700022247,0,07,000,00,2,1,01,B01
200700022247,0,07,000,00,2,2,15,A01
200700022248,0,07,000,00,2,0,14,A01
200700022248,0,02,000,00,2,1,02,B01
200700022249,0,07,000,00,1,1,01,B01
200700022250,0,07,000,00,2,8,10,A01
200700022250,0,02,000,00,2,1,02,B01
200700022251,0,07,000,00,1,1,15,A01
200700022252,0,14,000,00,2,2,01,A01
200700022252,0,01,000,00,2,1,01,B01
200700022253,0,07,000,00,2,1,01,A01
200700022253,0,07,000,00,2,4,01,B01
200700022254,0,33,000,13,0,7,14,A01
200700022255,0,30,000,00,0,0,16,A01
200700022256,0,01,000,00,2,8,01,B01
200700022256,1,07,000,00,2,7,17,A01
200700022257,0,10,000,00,2,6,15,A01
200700022257,0,33,000,00,2,1,01,B01
200700022258,0,07,000,00,2,6,15,A01
200700022258,0,33,000,00,2,1,01,B01
200700022259,0,33,000,04,2,1,01,A01
200700022259,0,07,000,00,2,6,01,B01
200700022260,0,36,000,01,0,2,14,A01
200700022261,0,33,000,00,1,1,01,B01
200700022261,0,07,000,00,2,3,09,A01
200700022262,0,07,000,00,2,8,17,A01
200700022262,0,33,000,00,2,1,02,B01
200700022263,0,07,000,00,2,1,15,A01
200700022263,0,33,000,00,2,1,01,B01
200700022264,0,07,000,01,1,3,01,A01
200700022265,0,30,000,00,2,1,01,A01
200700022265,0,07,000,00,2,4,01,B01
200700022266,0,02,000,00,2,1,09,B01
200700022266,1,07,000,00,9,0,09,A01
200700022267,0,33,000,12,0,1,01,A01
200700022268,0,31,000,00,1,1,01,A01
200700022268,0,07,000,00,2,4,23,B01
200700022269,1,10,000,00,1,0,01,A01
200700022270,0,01,000,00,2,8,19,A01
200700022270,0,03,000,00,2,1,15,B01
200700022270,0,07,000,00,2,3,02,C01
200700022271,0,02,000,00,2,7,01,A01
200700022271,0,20,000,00,2,0,01,B01
200700022272,0,10,000,00,2,3,19,A01
200700022272,0,33,000,00,2,1,01,B01
200700022273,1,07,000,00,9,0,01,A01
200700022273,0,01,000,00,2,0,00,B01
200700022274,0,07,000,00,1,2,01,A01
200700022275,0,07,000,00,9,1,15,A01
200700022275,0,01,000,00,2,1,01,B01
200700022276,0,07,000,00,2,3,13,B01
200700022276,0,07,000,00,2,3,13,A01
200700022277,0,07,000,00,2,1,15,A01
200700022277,0,07,000,00,2,1,01,B01
200700022277,0,07,000,00,2,1,01,C01
200700022278,0,07,000,01,2,9,02,B01
200700022278,0,07,000,00,2,1,02,A01
200700022279,0,07,000,00,0,9,01,A01
200700022280,0,07,000,00,9,3,10,A01
200700022280,0,01,000,00,2,7,01,B01
200700022281,0,07,000,00,1,0,01,A01
200700022282,0,01,000,00,2,1,19,A01
200700022282,0,07,000,00,9,2,01,B01
200700022283,0,07,000,00,2,6,17,A01
200700022283,0,30,000,00,2,1,15,B01
200700022284,0,07,000,00,1,4,04,A01
200700022285,0,07,000,00,2,2,01,B01
200700022285,0,07,000,00,2,9,01,A01
200700022286,0,07,000,00,1,1,15,A01
200700022287,0,07,000,00,2,6,01,A01
200700022287,0,31,000,00,2,1,01,B01
200700022288,0,07,000,00,2,3,19,A01
200700022288,0,31,000,00,2,1,01,B01
200700022289,0,07,000,00,2,1,02,A01
200700022289,0,07,000,00,2,1,02,B01
200700022290,0,07,000,00,2,1,02,A01
200700022290,0,07,000,00,2,4,02,B01
200700022291,1,07,000,14,0,1,01,A01
200700022291,0,07,000,00,0,4,23,B01
200700022291,0,07,000,00,0,4,23,C01
200700022292,0,07,000,00,0,3,01,B01
200700022292,0,02,000,00,2,3,15,A01
200700022293,0,07,000,00,2,2,15,A01
200700022293,0,07,000,00,2,1,01,B01
200700022294,0,07,000,00,1,0,20,A01
200700022295,0,07,000,01,1,0,01,A01
200700022296,0,07,000,00,1,0,01,A01
200700022297,0,07,000,00,2,9,01,B01
200700022297,0,07,000,00,2,1,20,A01
200700022297,0,07,000,00,2,1,02,C01
200700022298,0,07,000,00,2,6,15,A01
200700022298,0,33,000,00,2,7,01,B01
200700022299,0,07,000,00,1,2,01,A01
200700022300,0,40,000,00,2,0,01,B01
200700022300,0,34,000,00,4,0,19,A01
200700022301,0,07,000,00,1,0,01,A01
200700022302,0,33,000,00,2,7,02,B01
200700022302,0,07,000,01,2,8,17,A01
200700022303,0,07,000,00,2,4,01,B01
200700022303,0,35,000,00,2,9,02,A01
200700022304,0,02,000,00,2,9,02,B01
200700022304,0,07,000,00,2,1,09,A01
200700022305,0,07,000,00,1,0,00,A01
200700022306,0,07,000,00,1,0,01,A01
200700022307,0,01,000,00,2,0,19,B01
200700022307,0,07,000,00,2,1,01,A01
200700022308,0,10,000,00,2,4,23,B01
200700022308,0,07,000,01,2,2,01,A01
200700022309,0,07,000,00,1,0,01,A01
200700022310,0,07,000,00,2,3,00,B01
200700022310,0,07,000,00,2,1,00,A01
200700022311,0,07,000,00,2,5,17,A01
200700022311,0,01,000,00,2,0,01,B01
200700022312,0,07,000,00,2,3,16,A01
200700022312,0,07,000,00,2,8,01,B01
200700022312,0,07,000,00,2,1,23,C01
200700022313,0,07,000,00,1,0,01,A01
200700022314,0,01,000,00,1,1,01,A01
200700022315,0,07,000,00,2,1,01,A01
200700022315,0,07,000,00,2,4,02,B01
200700022316,0,07,000,00,1,2,15,A01
200700022317,0,07,000,00,2,2,16,A01
200700022317,0,02,000,00,2,1,02,B01
200700022318,0,31,000,00,0,9,01,A01
200700022319,0,07,000,00,1,0,01,A01
200700022320,0,07,000,00,2,1,10,A01
200700022320,0,07,000,00,2,1,01,B01
200700022321,0,07,000,00,2,3,01,A01
200700022321,0,30,000,00,2,0,15,B01
200700022322,0,07,000,00,1,0,01,A01
200700022323,0,07,000,01,0,1,00,A01
200700022324,0,07,000,00,2,8,10,A01
200700022324,0,33,000,00,2,1,01,B01
200700022325,0,01,000,15,0,1,01,A01
200700022326,0,07,000,00,1,2,01,A01
200700022327,0,07,000,00,1,1,01,A01
200700022328,0,07,000,00,1,0,01,A01
200700022329,0,07,000,00,1,3,01,A01
200700022330,0,07,000,00,2,2,09,A01
200700022330,0,31,000,01,2,1,02,B01
200700022331,0,30,000,00,2,1,00,A01
200700022331,0,07,000,00,2,0,00,B01
200700022332,0,01,000,01,0,1,00,A01
200700022333,0,07,000,02,2,8,00,A01
200700022333,0,07,000,00,2,1,00,B01
200700022334,0,02,000,00,2,1,01,B01
200700022334,0,07,000,00,2,3,15,A01
200700022335,0,07,000,00,1,3,13,A01
200700022336,1,35,000,01,2,2,02,A01
200700022336,0,07,000,00,2,2,21,B01
200700022337,0,02,000,00,2,1,01,B01
200700022337,0,07,000,00,2,5,01,A01
200700022338,0,07,000,00,2,1,02,A01
200700022338,0,10,000,00,2,7,00,B01
200700022339,0,07,000,00,0,0,00,A01
200700022340,1,07,000,00,1,7,01,A01
200700022341,0,07,000,00,1,7,01,A01
200700022342,0,33,000,12,0,1,01,A01
200700022343,0,02,000,00,2,1,01,A01
200700022343,0,07,000,00,2,6,01,B01
200700022344,0,01,000,00,2,1,15,A01
200700022344,0,07,000,00,2,1,01,B01
200700022345,0,02,000,09,0,1,01,A01
200700022346,0,02,000,00,2,1,01,A01
200700022346,0,07,000,00,0,5,15,B01
200700022347,0,02,000,00,2,1,01,A01
200700022347,0,07,000,00,2,4,15,B01
200700022347,0,07,000,00,2,1,01,C01
200700022348,0,07,000,00,2,4,23,A01
200700022348,0,07,000,00,2,4,23,B01
200700022348,0,07,000,00,2,1,01,C01
200700022349,0,10,000,00,2,1,01,A01
200700022349,0,02,000,00,2,4,01,B01
200700022349,0,07,000,00,2,4,00,C01
200700022350,0,07,000,00,2,1,15,B01
200700022350,0,05,000,00,2,1,01,A01
200700022351,0,07,000,00,0,1,15,A01
200700022352,0,07,000,02,0,3,13,A01
200700022353,0,02,000,00,1,1,01,A01
200700022354,0,02,000,00,2,1,01,A01
200700022354,0,07,000,00,2,3,01,B01
200700022355,0,07,000,00,2,5,16,A01
200700022355,0,02,000,00,2,1,01,B01
200700022356,0,07,000,00,2,1,01,B01
200700022356,0,02,000,00,2,1,15,A01
200700022357,0,05,000,00,2,7,17,A01
200700022357,0,07,000,00,2,3,10,B01
200700022358,0,07,000,00,2,2,20,A01
200700022358,0,02,000,00,2,1,01,B01
200700022359,0,07,000,00,1,8,01,A01
200700022360,0,36,000,15,0,1,01,A01
200700022361,0,07,000,08,0,1,01,A01
200700022362,0,07,000,00,2,1,15,A01
200700022362,0,07,000,00,2,1,16,B01
200700022363,0,99,000,00,2,1,11,A01
200700022363,0,07,000,00,2,1,01,B01
200700022363,0,07,000,00,2,1,01,C01
200700022364,0,07,000,00,2,7,15,A01
200700022364,0,07,000,00,2,1,01,B01
200700022365,0,07,000,00,1,3,00,A01
200700022366,0,07,000,00,2,1,13,A01
200700022366,0,07,000,00,2,1,00,B01
200700022367,0,07,000,00,2,2,10,A01
200700022367,0,31,000,00,2,1,00,B01
200700022368,0,07,000,00,0,4,02,A01
200700022368,0,30,000,00,2,1,02,B01
200700022369,0,10,000,00,2,3,09,A01
200700022369,0,37,001,00,2,1,00,B01
200700022370,0,07,000,00,1,4,04,A01
200700022371,0,02,000,00,2,1,01,B01
200700022371,0,07,000,00,2,7,11,A01
200700022372,0,07,000,00,2,3,22,A01
200700022372,0,01,000,01,0,7,01,B01
200700022373,0,07,000,03,0,8,13,A01
200700022374,0,33,000,00,2,1,01,B01
200700022374,0,07,000,00,2,7,19,A01
200700022375,0,07,000,00,1,1,01,A01
200700022376,0,07,000,00,2,1,01,B01
200700022376,0,01,000,00,2,8,19,A01
200700022377,0,01,000,00,0,0,01,A01
200700022377,1,07,000,00,2,1,00,B01
200700022378,0,13,000,00,2,3,15,A01
200700022378,0,33,000,00,2,1,01,B01
200700022379,0,30,000,00,1,1,05,A01
200700022380,0,07,000,06,0,1,01,A01
200700022381,0,07,000,00,2,1,02,A01
200700022381,0,07,000,00,2,4,23,B01
200700022382,0,33,000,00,2,1,01,B01
200700022382,0,07,000,00,2,3,15,A01
200700022383,0,07,000,00,0,4,23,A01
200700022383,0,30,000,00,2,1,02,B01
200700022384,0,33,000,00,2,1,01,A01
200700022384,0,07,000,00,0,7,01,B01
200700022385,0,14,000,00,1,1,01,A01
200700022386,0,07,000,00,1,2,00,A01
200700022387,0,33,000,15,0,1,01,A01
200700022388,0,02,000,00,1,1,01,A01
200700022389,0,30,000,01,0,1,01,A01
200700022390,0,07,000,14,0,8,01,A01
200700022390,0,30,000,01,0,8,23,B01
200700022391,0,30,000,01,2,1,01,A01
200700022391,0,07,000,00,9,1,01,B01
200700022392,1,10,000,00,9,1,01,A01
200700022392,0,01,000,00,2,1,23,B01
200700022393,1,07,000,00,9,1,01,A01
200700022394,0,07,000,00,1,3,01,A01
200700022395,0,07,000,00,2,1,13,A01
200700022395,0,07,000,14,2,1,01,B01
200700022395,0,07,000,00,2,8,01,C01
200700022396,0,33,000,06,0,1,01,A01
200700022397,0,07,000,02,0,2,01,A01
200700022398,0,02,000,00,1,1,00,A01
200700022399,0,10,000,08,0,1,01,A01
200700022400,0,33,000,00,2,1,21,B01
200700022400,0,07,000,00,2,7,01,A01
200700022401,0,07,000,00,2,3,15,A01
200700022401,0,02,000,00,2,1,01,B01
200700022402,0,07,000,00,2,8,19,A01
200700022402,0,36,000,00,2,1,01,B01
200700022403,0,07,000,00,1,1,01,A01
200700022404,0,07,000,00,1,1,16,A01
200700022405,0,32,000,00,2,1,01,A01
200700022405,0,07,000,00,2,3,15,B01
200700022406,0,07,000,01,0,1,01,A01