Num_Acc,senc,catv,occutc,obs,obsm,choc,manv,num_veh
200700022406,0,15,000,01,0,6,24,B01
200700022407,0,35,000,00,1,1,13,A01
200700022408,0,02,000,00,2,1,13,A01
200700022408,0,07,000,00,2,3,01,B01
200700022409,0,07,000,00,2,3,15,A01
200700022409,0,02,000,00,2,1,01,B01
200700022410,2,10,000,00,2,1,02,A01
200700022410,0,30,000,00,2,4,02,B01
200700022411,1,07,000,00,1,0,01,A01
200700022412,0,07,000,06,2,1,17,A01
200700022412,0,07,000,00,2,8,15,B01
200700022413,0,01,000,00,2,8,01,B01
200700022413,0,02,000,00,2,7,17,A01
200700022414,0,14,000,00,1,7,16,A01
200700022415,1,07,000,00,2,1,02,C01
200700022415,0,07,000,00,2,4,02,A01
200700022415,0,07,000,00,2,4,02,B01
200700022416,0,07,000,00,9,2,01,A01
200700022416,0,01,000,00,0,0,19,B01
200700022417,0,07,000,00,1,1,07,A01
200700022418,0,07,000,00,1,3,01,A01
200700022419,0,07,000,00,9,2,16,A01
200700022419,0,30,000,00,2,8,01,B01
200700022420,0,03,000,08,0,1,00,A01
200700022421,0,07,000,00,2,2,01,B01
200700022421,0,07,000,00,2,3,16,A01
200700022422,0,07,000,00,2,9,13,A01
200700022422,0,07,000,00,2,3,11,B01
200700022423,0,07,000,00,2,1,20,A01
200700022423,0,02,000,00,2,1,01,B01
200700022424,0,07,000,00,2,2,16,B01
200700022424,0,02,000,00,2,2,15,A01
200700022425,0,07,000,00,1,3,15,A01
200700022426,0,33,000,00,2,2,00,A01
200700022426,0,07,000,00,2,3,00,B01
200700022427,0,07,000,00,1,1,01,A01
200700022428,0,07,000,00,1,1,01,A01
200700022429,0,02,000,00,2,1,18,A01
200700022429,0,07,000,00,2,1,15,B01
200700022430,0,07,000,00,2,1,01,A01
200700022430,0,07,000,00,2,4,01,B01
200700022431,0,30,000,00,0,0,01,A01
200700022432,0,14,000,00,2,1,16,A01
200700022432,0,07,000,00,2,7,01,B01
200700022433,0,07,000,00,1,4,04,A01
200700022434,0,07,000,00,2,3,01,A01
200700022434,0,02,000,11,2,1,01,B01
200700022435,0,07,000,00,2,1,01,A01
200700022435,0,07,000,00,2,8,01,B01
200700022436,0,07,000,00,1,1,01,A01
200700022437,0,07,000,00,1,1,01,A01
200700022438,0,07,000,09,0,1,14,A01
200700022439,0,07,000,00,1,2,15,A01
200700022440,0,10,000,00,2,3,15,A01
200700022440,0,31,000,00,2,1,15,B01
200700022441,0,07,000,00,2,8,01,A01
200700022441,0,07,000,00,2,1,01,B01
200700022442,0,07,000,06,0,1,01,A01
200700022443,0,30,000,00,2,1,01,A01
200700022443,0,10,000,00,2,4,01,B01
200700022444,0,07,000,00,1,1,15,A01
200700022445,0,07,000,00,1,5,04,A01
200700022446,0,07,000,00,2,3,01,A01
200700022446,0,37,001,00,2,8,01,B01
200700022447,1,07,000,00,0,0,00,A01
200700022447,0,02,000,05,0,0,00,B01
200700022448,0,07,000,00,2,1,01,A01
200700022448,0,37,001,00,2,2,01,B01
200700022449,0,07,000,00,2,3,01,A01
200700022450,0,07,000,00,2,1,15,A01
200700022450,0,07,000,00,2,8,01,B01
200700022451,0,07,000,00,2,1,15,A01
200700022451,0,33,000,00,2,1,01,B01
200700022452,0,07,000,00,2,8,15,A01
200700022452,0,33,000,00,2,1,01,B01
200700022453,0,07,000,00,2,1,01,A01
200700022453,0,07,000,00,1,7,01,B01
200700022454,0,01,000,00,1,1,01,A01
200700022455,0,07,000,00,1,1,01,A01
200700022456,0,02,000,00,2,1,01,A01
200700022456,0,07,000,00,2,4,01,B01
200700022457,0,10,000,00,2,8,15,A01
200700022457,0,33,000,00,2,1,01,B01
200700022458,0,07,000,00,2,1,01,A01
200700022458,0,07,000,00,2,4,23,B01
200700022458,0,07,000,00,2,4,23,C01
200700022459,0,07,000,00,2,1,15,A01
200700022459,0,33,000,00,2,1,01,B01
200700022460,0,07,000,00,1,1,01,A01
200700022461,0,02,000,12,0,1,01,A01
200700022462,0,07,000,00,2,1,01,A01
200700022462,0,33,000,00,2,4,23,B01
200700022463,0,07,000,00,2,2,16,A01
200700022463,0,01,000,00,2,4,01,B01
200700022464,0,07,000,00,1,4,04,A01
200700022465,0,07,000,00,2,6,16,A01
200700022465,0,02,000,00,2,1,01,B01
200700022466,1,07,000,00,1,1,17,A01
200700022467,0,07,000,11,1,1,01,A01
200700022468,0,07,000,00,2,8,01,B01
200700022468,0,07,000,00,2,1,15,A01
200700022469,0,07,000,00,2,1,01,A01
200700022469,0,31,000,00,2,0,19,B01
200700022470,0,02,000,00,2,1,01,A01
200700022470,0,07,000,00,2,1,01,B01
200700022471,0,10,000,00,2,6,15,A01
200700022471,0,07,000,00,2,3,21,B01
200700022472,0,07,000,00,2,1,15,A01
200700022472,0,33,000,00,2,1,01,B01
200700022473,0,07,000,00,2,3,09,B01
200700022473,0,07,000,00,2,2,09,A01
200700022474,0,07,000,00,2,8,01,B01
200700022474,0,07,000,00,2,1,01,A01
200700022475,0,33,000,00,2,8,00,A01
200700022475,0,07,000,00,2,7,09,B01
200700022476,0,07,000,00,2,5,02,A01
200700022476,0,30,000,00,2,1,02,B01
200700022476,0,02,000,00,2,1,02,C01
200700022477,0,34,000,00,9,6,00,A01
200700022477,0,07,000,00,0,0,00,B01
200700022478,0,07,000,03,0,3,13,A01
200700022478,0,07,000,00,2,3,01,B01
200700022479,0,07,000,00,2,7,01,A01
200700022479,0,07,000,00,2,1,01,B01
200700022480,0,33,000,11,2,1,06,A01
200700022480,0,07,000,00,2,6,01,B01
200700022480,0,07,000,00,9,1,01,C01
200700022481,0,07,000,00,2,3,10,A01
200700022481,0,34,000,00,2,1,01,B01
200700022482,0,02,000,00,2,1,17,A01
200700022482,0,07,000,00,2,3,01,B01
200700022482,0,07,000,00,2,8,01,C01
200700022483,0,07,000,00,1,4,04,A01
200700022484,0,07,000,00,2,2,09,B01
200700022484,0,02,000,00,2,1,17,A01
200700022485,0,07,000,00,9,3,15,A01
200700022485,0,02,000,00,2,1,01,B01
200700022486,0,07,000,00,2,1,09,A01
200700022486,0,02,000,00,2,7,01,B01
200700022487,0,02,000,00,0,9,01,A01
200700022488,0,02,000,10,0,1,00,A01
200700022489,0,07,000,00,2,1,15,A01
200700022489,0,07,000,00,2,3,01,B01
200700022490,0,07,000,00,2,3,03,A01
200700022490,0,02,000,00,2,1,17,B01
200700022491,0,33,000,00,2,1,01,A01
200700022491,0,07,000,00,2,8,09,B01
200700022492,0,30,000,00,2,1,17,A01
200700022492,0,07,000,00,2,8,15,B01
200700022493,0,07,000,00,1,3,01,A01
200700022494,0,01,000,13,0,0,01,A01
200700022495,0,02,000,00,2,1,01,A01
200700022495,0,07,000,00,2,4,12,B01
200700022496,0,16,000,00,2,1,02,A01
200700022496,0,07,000,00,2,4,02,B01
200700022497,0,02,000,00,2,1,17,A01
200700022497,0,07,000,00,2,8,15,B01
200700022498,0,07,000,00,2,1,15,A01
200700022498,0,07,000,00,2,1,01,B01
200700022499,0,07,000,00,2,1,16,A01
200700022499,0,01,000,00,2,8,01,B01
200700022500,0,02,000,00,2,1,01,B01
200700022500,0,01,000,00,2,6,15,A01
200700022501,0,07,000,01,2,1,02,A01
200700022501,0,07,000,00,2,4,02,B01
200700022502,0,07,000,00,0,0,01,A01
200700022503,0,07,000,00,2,2,15,A01
200700022503,0,33,000,00,2,1,01,B01
200700022504,0,01,000,00,2,8,11,A01
200700022504,0,07,000,00,2,7,11,B01
200700022505,0,02,000,00,2,1,02,A01
200700022505,0,07,000,00,2,4,23,B01
200700022506,0,31,000,00,2,1,01,A01
200700022506,0,07,000,00,2,2,15,B01
200700022507,0,07,000,00,0,2,14,A01
200700022507,0,07,000,00,2,1,01,B01
200700022508,0,07,000,00,9,1,13,A01
200700022509,2,30,000,00,1,0,01,A01
200700022510,0,07,000,00,1,4,04,A01
200700022511,0,30,000,11,2,7,17,A01
200700022511,0,07,000,00,9,3,01,B01
200700022512,0,01,000,00,2,3,15,A01
200700022512,0,07,000,00,2,2,17,B01
200700022513,0,07,000,00,2,4,23,B01
200700022513,0,07,000,00,2,1,02,A01
200700022514,0,07,000,13,0,9,14,A01
200700022515,0,07,000,13,0,3,13,A01
200700022516,0,07,000,06,0,1,13,A01
200700022516,0,02,000,00,2,4,01,B01
200700022517,0,07,000,00,2,3,20,A01
200700022517,0,02,000,00,2,1,02,B01
200700022518,0,07,000,00,2,6,24,B01
200700022518,0,02,000,00,2,1,02,A01
200700022519,0,02,000,00,2,1,01,A01
200700022519,0,07,000,00,2,6,16,B01
200700022520,0,07,000,00,2,4,02,B01
200700022520,0,07,000,00,2,1,02,A01
200700022521,0,07,000,00,2,4,15,B01
200700022521,0,07,000,00,2,2,02,A01
200700022522,0,07,000,00,2,4,01,B01
200700022522,0,30,000,00,2,1,00,A01
200700022523,0,07,000,00,2,4,02,B01
200700022523,0,07,000,00,2,1,02,A01
200700022524,0,02,000,00,2,1,01,B01
200700022524,0,07,000,00,2,1,15,A01
200700022525,0,01,000,00,2,4,01,B01
200700022525,0,07,000,00,2,2,02,A01
200700022526,0,30,000,00,2,1,01,B01
200700022526,0,07,000,00,2,5,04,A01
200700022527,0,07,000,00,2,3,10,A01
200700022527,0,32,000,00,2,1,01,B01
200700022528,0,02,000,00,2,1,01,B01
200700022528,0,07,000,00,2,3,13,A01
200700022529,0,02,000,00,2,1,01,B01
200700022529,0,07,000,00,2,3,15,A01
200700022530,0,07,000,00,2,2,13,A01
200700022530,0,07,000,00,2,1,01,C01
200700022530,0,07,000,00,2,2,01,B01
200700022531,0,02,000,00,1,1,15,A01
200700022532,0,07,000,00,2,2,15,A01
200700022532,0,33,000,00,2,7,01,B01
200700022533,0,07,000,00,1,1,01,A01
200700022534,0,07,000,00,2,1,15,B01
200700022534,0,30,000,00,2,1,00,A01
200700022535,0,07,000,00,2,1,09,A01
200700022535,0,02,000,00,2,5,12,B01
200700022536,0,07,000,00,0,8,01,B01
200700022536,0,07,000,00,2,2,10,A01
200700022537,0,07,000,00,1,1,01,A01
200700022538,0,07,000,00,0,7,15,A01
200700022538,0,02,000,00,2,1,17,B01
200700022539,0,10,000,00,2,1,01,A01
200700022539,0,10,000,00,0,3,01,B01
200700022540,0,07,000,00,1,2,01,A01
200700022541,0,07,000,00,1,1,17,A01
200700022542,0,02,000,00,2,8,13,B01
200700022542,0,07,000,00,0,2,01,A01
200700022543,0,07,000,00,2,4,01,B01
200700022543,0,07,000,00,2,1,02,A01
200700022544,0,02,000,00,1,1,01,A01
200700022545,0,30,000,00,0,7,00,A01
200700022546,0,02,000,00,2,1,02,A01
200700022546,0,07,000,00,0,4,01,B01
200700022547,0,07,000,00,2,3,01,B01
200700022547,0,01,000,01,2,1,19,A01
200700022548,0,07,000,00,2,4,01,B01
200700022548,0,02,000,00,1,1,02,A01
200700022549,0,01,000,00,2,5,01,B01
200700022549,0,07,000,00,2,1,09,A01
200700022550,1,07,000,00,1,0,01,A01
200700022551,0,07,000,00,1,3,01,A01
200700022552,0,07,000,00,2,1,01,B01
200700022552,0,07,000,00,2,2,15,A01
200700022553,0,07,000,00,0,4,02,B01
200700022553,0,07,000,00,2,1,02,A01
200700022554,0,02,000,00,1,0,01,A01
200700022555,0,07,000,00,1,1,14,A01
200700022556,0,07,000,00,1,7,00,A01
200700022557,0,07,000,00,1,7,01,A01
200700022558,0,07,000,00,1,2,01,A01
200700022559,0,07,000,00,2,1,13,A01
200700022559,0,14,000,00,2,3,00,B01
200700022560,0,07,000,00,2,7,02,A01
200700022560,0,30,000,00,2,0,13,B01
200700022561,1,07,000,00,2,2,16,A01
200700022561,0,01,000,00,2,1,05,B01
200700022562,0,07,000,00,0,0,01,A01
200700022562,0,33,000,00,0,0,15,B01
200700022563,0,07,000,00,2,2,01,A01
200700022564,0,01,000,00,2,7,01,A01
200700022564,0,07,000,00,2,1,01,B01
200700022565,0,07,000,00,2,6,09,A01
200700022565,0,07,000,00,2,2,01,B01
200700022565,0,31,000,00,2,2,01,C01
200700022566,0,30,000,00,2,3,19,A01
200700022566,0,07,000,00,2,2,16,B01
200700022567,0,07,000,00,2,1,01,A01
200700022567,0,07,000,00,2,4,01,B01
200700022568,0,07,000,00,9,7,16,A01
200700022568,0,01,000,00,2,1,19,B01
200700022569,0,07,000,02,0,7,01,A01
200700022570,0,07,000,00,1,1,16,A01
200700022571,0,07,000,00,1,1,01,A01
200700022572,0,07,000,00,1,1,16,A01
200700022573,1,07,000,00,2,7,16,A01
200700022573,0,02,000,00,2,8,01,B01
200700022574,0,02,000,00,2,1,01,A01
200700022574,0,07,000,00,2,2,15,B01
200700022575,0,01,000,00,2,1,19,A01
200700022575,0,07,000,00,2,1,01,B01
200700022576,0,33,000,11,0,1,17,A01
200700022577,0,07,000,00,2,1,15,A01
200700022577,0,01,000,00,2,7,01,B01
200700022578,0,07,000,00,2,1,01,A01
200700022578,0,07,000,00,2,4,01,B01
200700022579,0,07,000,00,2,8,01,B01
200700022579,0,07,000,00,2,4,04,A01
200700022580,0,07,000,00,2,3,16,A01
200700022580,0,01,000,00,2,4,19,B01
200700022581,0,01,000,00,9,1,02,A01
200700022581,0,01,000,00,9,1,17,B01
200700022582,0,07,000,00,9,3,09,A01
200700022582,0,01,000,00,2,7,00,B01
200700022583,0,07,000,11,2,1,02,A01
200700022583,0,07,000,00,2,7,02,B01
200700022584,0,07,000,00,2,2,01,A01
200700022584,0,33,000,00,2,4,01,B01
200700022585,0,07,000,00,2,1,15,A01
200700022585,0,01,000,00,2,0,19,B01
200700022586,0,07,000,00,0,0,15,A01
200700022586,0,33,000,00,9,0,21,B01
200700022587,0,07,000,00,2,3,09,A01
200700022587,0,07,000,00,2,1,01,B01
200700022588,0,07,000,00,2,8,22,A01
200700022588,0,01,000,01,2,1,00,B01
200700022589,0,07,000,00,2,1,15,A01
200700022590,0,07,000,00,2,1,01,A01
200700022590,0,07,000,00,2,3,15,B01
200700022591,0,07,000,00,2,1,01,A01
200700022591,0,07,000,00,2,4,01,B01
200700022592,0,07,000,00,2,4,04,A01
200700022592,0,02,000,00,2,1,01,B01
200700022593,0,07,000,00,2,2,15,A01
200700022593,0,07,000,00,2,1,01,B01
200700022594,0,07,000,00,2,4,01,A01
200700022594,0,07,000,00,2,1,01,B01
200700022595,0,07,000,00,2,1,15,A01
200700022595,0,31,000,00,2,1,15,B01
200700022596,0,07,000,00,2,3,10,A01
200700022596,0,02,000,00,2,1,01,B01
200700022597,0,01,000,00,2,8,01,B01
200700022597,0,14,000,00,2,7,16,A01
200700022598,0,30,000,00,2,1,05,A01
200700022598,0,07,000,00,2,7,01,B01
200700022599,0,01,000,00,2,1,19,A01
200700022599,0,07,000,00,2,1,01,B01
200700022600,0,07,000,02,0,1,01,A01
200700022601,0,07,000,00,2,2,01,A01
200700022601,0,01,000,00,2,1,19,B01
200700022602,0,07,000,00,1,1,01,A01
200700022603,0,07,000,00,2,1,01,A01
200700022603,0,07,000,00,2,1,15,B01
200700022604,0,07,000,00,2,3,10,A01
200700022604,0,01,000,00,2,0,17,B01
200700022605,0,07,000,00,2,7,17,A01
200700022605,0,01,000,00,2,8,13,B01
200700022606,0,13,000,00,1,1,01,A01
200700022607,0,07,000,00,2,1,01,A01
200700022608,0,30,000,00,2,7,01,B01
200700022608,0,07,000,00,2,7,01,A01
200700022609,0,07,000,00,2,1,15,A01
200700022609,0,07,000,00,2,7,01,B01
200700022610,0,07,000,00,2,2,01,A01
200700022610,1,07,000,01,2,1,15,B01
200700022611,0,07,000,00,2,1,01,A01
200700022612,0,07,000,00,2,1,01,A01
200700022612,0,07,000,00,2,5,01,B01
200700022613,0,01,000,00,2,1,19,A01
200700022613,0,07,000,00,2,2,01,B01
200700022614,0,07,000,00,0,1,01,A01
200700022614,0,01,000,00,2,0,01,B01
200700022615,0,07,000,00,2,3,11,A01
200700022615,0,33,000,00,2,2,17,B01
200700022616,0,30,000,00,2,1,01,A01
200700022616,0,07,000,00,0,4,15,B01
200700022617,0,31,000,00,2,7,21,A01
200700022617,0,07,000,00,2,8,21,B01
200700022618,0,10,000,00,2,6,15,A01
200700022618,0,05,000,00,2,1,13,B01
200700022619,0,99,000,00,2,2,15,A01
200700022619,0,07,000,00,2,1,01,B01
200700022620,0,07,000,00,2,1,01,A01
200700022620,0,07,000,00,2,4,23,B01
200700022620,0,07,000,00,2,4,23,C01
200700022621,0,01,000,00,2,1,01,B01
200700022621,0,07,000,00,2,3,15,A01
200700022622,0,07,000,00,2,1,01,A01
200700022622,0,01,000,00,2,8,01,B01
200700022623,0,07,000,00,2,1,01,A01
200700022623,0,01,000,00,2,3,01,B01
200700022624,0,07,000,00,2,1,15,A01
200700022624,0,01,000,00,2,2,05,B01
200700022625,0,07,000,00,1,2,01,A01
200700022626,0,05,000,00,2,1,01,A01
200700022626,0,07,000,00,2,4,23,B01
200700022627,0,07,000,00,2,3,15,A01
200700022627,0,02,000,00,2,1,01,B01
200700022628,0,07,000,00,2,1,02,A01
200700022628,0,07,000,00,2,4,02,B01
200700022628,0,07,000,00,2,4,02,C01
200700022629,0,07,000,00,1,1,01,A01
200700022630,0,07,000,00,2,5,02,B01
200700022630,0,07,000,00,2,1,02,A01
200700022631,1,07,000,00,1,1,01,A01
200700022632,2,30,000,00,0,1,01,A01
200700022632,0,07,000,00,0,1,01,B01
200700022633,0,10,000,00,9,6,01,A01
200700022633,0,01,000,00,2,1,01,B01
200700022634,2,07,000,02,2,1,02,A01
200700022634,0,07,000,00,2,3,02,B01
200700022635,0,07,000,00,1,1,01,A01
200700022636,0,07,000,00,1,2,01,A01
200700022637,0,15,000,00,2,2,02,B01
200700022637,0,07,000,03,2,3,09,A01
200700022638,0,07,000,00,9,1,00,B01
200700022638,0,30,000,00,2,1,01,A01
200700022639,0,07,000,00,2,7,01,A01
200700022639,0,07,000,00,2,1,01,B01
200700022640,0,07,000,00,1,1,01,A01
200700022641,0,07,000,00,9,2,01,A01
200700022642,0,07,000,00,1,1,01,A01
200700022643,0,07,000,00,0,4,02,B01
200700022643,0,07,000,00,2,1,02,A01
200700022644,0,07,000,00,0,7,01,B01
200700022644,0,30,000,00,0,8,02,A01
200700022645,0,07,000,00,2,1,16,A01
200700022645,2,07,000,00,2,1,13,B01
200700022646,0,31,000,03,0,1,01,A01
200700022647,0,02,000,01,0,7,01,A01
200700022648,0,33,000,00,2,1,01,A01
200700022648,0,07,000,00,2,1,15,B01
200700022649,0,07,000,00,2,3,01,A01
200700022649,0,07,000,00,2,8,15,B01
200700022650,0,07,000,00,2,1,01,A01
200700022650,0,07,000,00,0,4,23,B01
200700022651,0,07,000,00,2,8,01,B01
200700022651,0,07,000,00,2,2,01,A01
200700022652,0,07,000,00,2,1,01,A01
200700022652,0,07,000,00,2,4,01,B01
200700022652,0,07,000,00,2,4,01,C01
200700022652,0,07,000,00,2,4,01,D01
200700022653,0,07,000,00,2,3,23,A01
200700022653,0,02,000,14,2,1,17,B01
200700022654,0,18,001,00,1,2,02,A01
200700022655,0,07,000,00,0,6,00,A01
200700022656,0,07,000,00,1,5,01,A01
200700022657,1,99,000,00,1,6,00,A01
200700022658,0,07,000,00,0,0,15,A01
200700022658,0,31,000,00,0,1,01,B01
200700022659,0,07,000,00,2,4,01,B01
200700022659,0,14,000,00,2,1,16,A01
200700022660,0,07,000,00,1,0,00,A01
200700022661,0,10,000,00,9,8,24,A01
200700022661,0,01,000,01,0,0,01,B01
200700022662,0,07,000,01,0,1,00,A01
200700022663,0,07,000,00,1,2,01,A01
200700022664,0,02,000,00,2,1,11,A01
200700022664,0,07,000,00,2,2,01,B01
200700022665,0,07,000,00,1,4,04,A01
200700022665,0,20,000,00,1,1,23,B01
200700022666,0,34,000,00,0,0,15,A01
200700022667,0,07,000,00,0,0,13,A01
200700022667,0,07,000,01,2,2,14,B01
200700022668,0,07,000,00,2,1,09,A01
200700022668,0,31,000,00,2,7,16,B01
200700022669,0,33,000,00,2,1,01,C01
200700022669,0,33,000,00,2,1,01,B01
200700022669,0,07,000,00,2,1,19,A01
200700022669,0,10,000,00,0,0,02,D01
200700022670,0,07,000,00,2,8,02,B01
200700022670,0,30,000,00,2,1,02,A01
200700022671,0,07,000,00,1,3,01,A01
200700022672,0,07,000,00,1,3,01,A01
200700022673,0,07,000,00,2,3,22,A01
200700022673,0,33,000,00,2,7,01,B01
200700022673,0,07,000,00,2,2,01,C01
200700022674,0,07,000,00,2,5,15,A01
200700022674,0,31,000,00,2,1,01,B01
200700022675,0,10,000,00,2,1,01,A01
200700022675,0,07,000,01,2,7,01,B01
200700022676,0,33,000,00,1,1,01,A01
200700022677,0,07,000,00,1,1,01,A01
200700022678,0,07,000,00,2,0,01,A01
200700022678,0,01,000,00,2,1,01,B01
200700022679,0,30,000,00,1,3,01,A01
200700022680,0,07,000,00,2,1,15,A01
200700022680,0,07,000,00,2,3,01,B01
200700022681,0,07,000,06,2,2,01,A01
200700022681,0,33,000,00,2,1,01,B01
200700022682,0,07,000,01,2,1,13,A01
200700022682,0,33,000,00,2,1,01,B01
200700022683,0,07,000,00,2,3,01,A01
200700022683,0,07,000,00,2,9,01,B01
200700022684,0,07,000,00,2,2,01,A01
200700022684,0,02,000,00,2,3,01,B01
200700022685,0,10,000,00,1,2,01,A01
200700022686,0,31,000,00,1,1,01,A01
200700022687,0,01,000,00,2,8,13,A01
200700022687,0,40,000,00,2,2,00,B01
200700022688,0,07,000,07,2,1,00,A01
200700022688,0,07,000,00,0,6,00,B01
200700022688,0,07,000,00,0,8,23,C01
200700022689,0,07,000,00,2,1,01,A01
200700022689,0,07,000,00,2,3,17,B01
200700022690,0,07,000,00,2,2,13,A01
200700022690,0,33,000,00,0,1,01,B01
200700022691,0,07,000,00,2,2,15,A01
200700022691,0,33,000,00,2,3,01,B01
200700022692,0,07,000,00,2,3,16,A01
200700022692,0,07,000,04,2,2,01,B01
200700022693,0,07,000,00,1,1,01,A01
200700022694,0,10,000,00,2,1,01,A01
200700022694,0,02,000,00,2,8,01,B01
200700022695,0,07,000,00,2,7,15,A01
200700022695,0,33,000,00,2,1,00,B01
200700022696,0,30,000,00,1,1,21,A01
200700022697,0,07,000,00,2,1,05,A01
200700022697,0,07,000,00,2,1,01,B01
200700022698,0,15,000,00,2,6,23,B01
200700022698,0,30,000,01,0,1,02,A01
200700022699,0,07,000,00,2,1,02,A01
200700022699,0,34,000,00,2,4,02,B01
200700022699,0,07,000,00,2,8,01,C01
200700022700,0,33,000,00,2,0,01,B01
200700022700,0,07,000,00,2,8,19,A01
200700022701,0,07,000,08,0,1,01,A01
200700022702,0,07,000,00,2,3,01,A01
200700022702,0,07,000,00,2,1,01,B01
200700022702,0,07,000,00,2,4,01,C01
200700022703,0,07,000,00,2,1,01,A01
200700022703,0,07,000,00,2,4,01,B01
200700022703,0,07,000,00,2,4,01,C01
200700022703,0,07,000,00,2,4,01,D01
200700022704,0,10,000,00,2,1,15,A01
200700022704,0,02,000,00,2,1,01,B01
200700022705,0,07,000,16,0,9,17,A01
200700022706,0,07,000,00,2,1,01,A01
200700022706,0,07,000,00,2,4,01,B01
200700022706,0,07,000,00,2,4,15,C01
200700022707,0,07,000,00,2,3,01,B01
200700022707,0,07,000,00,2,1,01,A01
200700022708,0,02,000,00,2,4,01,B01
200700022708,0,07,000,00,2,1,16,A01
200700022709,0,02,000,00,0,8,01,A01
200700022710,0,07,000,00,2,2,01,A01
200700022710,0,30,000,01,2,1,02,B01
200700022711,0,02,000,00,2,1,01,A01
200700022711,0,07,000,00,2,1,11,B01
200700022712,0,33,000,16,0,2,01,A01
200700022713,0,07,000,00,1,3,00,A01
200700022714,0,13,000,01,2,3,01,A01
200700022714,0,07,000,00,2,1,01,B01
200700022715,0,07,000,00,1,2,01,A01
200700022716,0,01,000,00,2,1,01,A01
200700022716,0,07,000,00,0,7,01,B01
200700022717,0,01,000,00,0,4,19,A01
200700022717,0,07,000,00,2,1,01,B01
200700022718,0,07,000,00,0,7,15,A01
200700022718,0,07,000,00,2,1,01,B01
200700022719,0,30,000,00,2,1,01,B01
200700022719,0,07,000,06,2,3,01,A01
200700022720,0,30,000,00,2,1,01,A01
200700022720,0,07,000,00,2,8,01,B01
200700022721,0,07,000,15,2,3,01,A01
200700022721,0,07,000,00,2,1,01,B01
200700022722,0,30,000,00,2,1,09,A01
200700022722,0,07,000,00,2,7,01,B01
200700022723,0,33,000,01,0,8,01,A01
200700022724,0,07,000,00,2,1,01,A01
200700022724,0,07,000,00,0,4,01,B01
200700022725,0,07,000,00,2,2,19,A01
200700022725,0,01,000,00,2,1,01,B01
200700022726,0,07,000,00,2,1,01,A01
200700022726,0,07,000,00,0,4,23,B01
200700022727,0,02,000,16,0,8,01,A01
200700022728,0,07,000,08,0,9,01,A01
200700022729,0,07,000,00,2,8,01,A01
200700022729,0,07,000,00,0,8,01,B01
200700022730,0,07,000,09,0,1,01,A01
200700022731,0,10,000,09,0,8,01,A01
200700022732,0,07,000,00,0,7,01,B01
200700022732,0,02,000,00,2,1,09,A01
200700022733,0,02,000,16,0,0,01,A01
200700022734,0,07,000,01,9,1,01,A01
200700022735,0,07,000,00,1,2,01,A01
200700022736,0,07,000,00,2,3,01,B01
200700022736,0,07,000,00,2,2,19,A01
200700022737,0,07,000,00,2,3,10,A01
200700022737,0,33,000,00,0,7,17,B01
200700022738,0,02,000,00,2,1,01,A01
200700022738,0,07,000,00,0,4,01,B01
200700022739,0,02,000,00,2,7,02,A01
200700022739,0,07,000,00,0,3,10,B01
200700022740,0,07,000,00,0,4,15,A01
200700022740,0,33,000,00,0,1,01,B01
200700022740,0,07,000,00,0,1,01,C01
200700022741,0,07,000,00,2,1,01,A01
200700022741,0,07,000,00,2,4,01,B01
200700022741,0,07,000,00,0,4,01,C01
200700022742,0,07,000,00,2,1,01,A01
200700022742,0,07,000,00,0,4,23,B01
200700022743,0,07,000,00,2,2,02,A01
200700022743,0,01,000,00,2,4,02,B01
200700022744,0,07,000,00,2,2,04,A01
200700022744,0,33,000,00,2,1,23,B01
200700022745,0,02,000,01,2,1,01,B01
200700022745,0,33,000,00,2,1,16,A01
200700022746,1,07,000,00,1,8,16,A01
200700022747,0,07,000,00,2,1,02,A01
200700022747,0,07,000,00,2,4,02,B01
200700022747,0,07,000,00,0,4,02,C01
200700022748,0,01,000,00,0,0,01,A01
200700022749,0,31,000,00,2,8,17,A01
200700022749,0,07,000,00,0,3,15,B01
200700022750,0,33,000,09,1,1,01,A01
200700022751,0,07,000,00,2,2,15,A01
200700022751,0,02,000,00,0,1,01,B01
200700022752,1,07,000,00,2,0,15,A01
200700022752,0,33,000,00,0,7,01,B01
200700022753,0,07,000,00,2,1,01,A01
200700022753,0,07,000,00,0,4,23,B01
200700022754,0,07,000,16,0,8,01,A01
200700022755,0,07,000,00,2,2,01,A01
200700022755,0,33,000,00,0,7,15,B01
200700022756,0,07,000,00,0,4,10,A01
200700022756,0,07,000,00,2,3,01,B01
200700022757,0,07,000,00,2,1,02,A01
200700022757,0,07,000,00,0,4,02,B01
200700022758,0,07,000,00,2,1,02,A01
200700022758,0,07,000,00,0,4,02,B01
200700022759,0,07,000,00,1,1,01,A01
200700022760,0,01,000,00,1,1,15,A01
200700022761,0,02,000,00,2,2,17,B01
200700022761,0,07,000,00,2,8,15,A01
200700022762,0,07,000,00,1,1,01,A01
200700022762,0,01,000,00,2,8,23,B01
200700022763,0,07,000,00,2,1,02,A01
200700022763,0,07,000,00,2,4,23,B01
200700022763,0,07,000,00,0,4,23,C01
200700022764,0,07,000,00,2,1,15,A01
200700022764,0,07,000,00,2,3,02,B01
200700022765,0,07,000,02,0,1,01,A01