Num_Acc,senc,catv,occutc,obs,obsm,choc,manv,num_veh
200700022766,0,07,000,09,0,0,00,A01
200700022767,0,07,000,00,2,3,15,A01
200700022767,0,02,000,00,2,1,17,B01
200700022768,0,07,000,00,2,3,01,A01
200700022768,0,02,000,00,0,1,15,B01
200700022769,0,02,000,00,1,1,01,A01
200700022770,0,01,000,00,1,1,01,A01
200700022771,0,07,000,06,0,1,01,A01
200700022772,0,07,000,00,2,1,17,A01
200700022772,0,30,000,00,2,1,01,B01
200700022773,0,07,000,00,2,1,01,A01
200700022773,0,07,000,00,2,1,01,B01
200700022773,1,07,000,00,0,0,01,C01
200700022774,0,07,000,00,1,1,01,A01
200700022775,0,07,000,00,2,8,24,A01
200700022775,0,01,000,01,0,1,01,B01
200700022776,0,33,000,00,2,1,01,A01
200700022776,0,07,000,00,0,8,15,B01
200700022777,0,07,000,00,9,3,01,A01
200700022777,0,01,000,00,2,1,16,B01
200700022778,0,07,000,00,9,1,01,A01
200700022778,0,02,000,00,2,8,01,B01
200700022779,0,07,000,00,2,1,02,A01
200700022779,0,07,000,00,0,4,23,B01
200700022780,0,02,000,00,2,1,01,A01
200700022780,0,07,000,00,9,7,01,B01
200700022781,0,33,000,00,2,1,01,B01
200700022781,0,07,000,00,9,3,15,A01
200700022782,1,07,000,00,2,2,00,A01
200700022782,0,04,000,00,2,3,15,B01
200700022783,0,02,000,12,0,1,01,A01
200700022784,0,02,000,00,1,1,16,A01
200700022785,0,07,000,00,2,1,01,A01
200700022785,0,07,000,00,2,4,01,B01
200700022786,0,07,000,00,2,8,15,A01
200700022786,0,05,000,00,2,2,01,B01
200700022787,0,02,000,15,2,3,01,A01
200700022787,0,07,000,00,2,1,01,B01
200700022788,0,07,000,00,1,3,01,A01
200700022789,0,02,000,00,2,3,13,A01
200700022789,0,02,000,00,2,3,01,B01
200700022790,0,07,000,00,1,2,10,A01
200700022791,0,07,000,00,2,2,16,A01
200700022791,0,01,000,00,2,3,01,B01
200700022792,0,07,000,00,2,2,15,A01
200700022792,0,04,000,00,2,1,01,B01
200700022793,0,10,000,00,2,8,10,A01
200700022793,0,05,000,00,2,2,01,B01
200700022794,0,07,000,00,2,8,10,A01
200700022794,0,01,000,00,2,2,01,B01
200700022795,0,07,000,00,2,2,15,A01
200700022795,0,07,000,00,2,1,01,B01
200700022796,0,10,000,00,2,3,24,A01
200700022796,0,01,000,00,2,2,21,B01
200700022797,0,07,000,12,0,1,14,A01
200700022798,0,07,000,00,2,1,02,A01
200700022798,0,18,000,00,2,4,23,B01
200700022799,0,07,000,04,0,3,13,A01
200700022800,0,07,000,00,2,2,16,A01
200700022800,0,04,000,00,2,3,01,B01
200700022801,0,07,000,00,2,2,12,A01
200700022801,0,01,000,00,2,3,01,B01
200700022802,0,04,000,00,2,1,01,B01
200700022802,0,07,000,00,2,2,01,A01
200700022803,0,02,000,00,2,2,14,A01
200700022803,0,07,000,00,2,3,01,B01
200700022803,0,07,000,00,2,4,23,C01
200700022804,0,02,000,00,2,2,17,A01
200700022804,0,07,000,00,2,6,15,B01
200700022805,0,07,000,00,2,6,01,B01
200700022805,0,07,000,00,2,1,15,A01
200700022806,0,04,000,00,2,3,18,A01
200700022806,0,07,000,00,2,2,16,B01
200700022807,0,04,000,00,2,2,15,A01
200700022807,0,01,000,00,2,1,07,B01
200700022808,0,05,000,00,1,1,01,A01
200700022809,0,02,000,00,2,3,13,A01
200700022809,0,07,000,00,2,5,01,B01
200700022810,0,07,000,00,1,1,01,A01
200700022811,0,07,000,07,2,1,21,A01
200700022811,0,10,000,00,2,1,23,B01
200700022812,0,07,000,00,1,1,01,A01
200700022813,0,07,000,00,2,1,05,A01
200700022813,0,07,000,00,2,1,01,B01
200700022814,0,04,000,00,1,1,01,A01
200700022815,0,05,000,00,2,3,18,A01
200700022815,0,07,000,00,2,5,12,B01
200700022815,0,07,000,00,2,3,01,C01
200700022816,0,05,000,14,0,3,01,A01
200700022817,0,05,000,00,2,1,07,A01
200700022817,0,02,000,00,2,4,10,B01
200700022818,0,07,000,00,2,6,11,A01
200700022818,0,04,000,00,2,2,01,B01
200700022819,0,05,000,00,2,2,17,A01
200700022819,0,07,000,00,2,3,15,B01
200700022820,0,04,000,12,0,1,20,A01
200700022821,0,04,000,00,1,1,01,A01
200700022822,0,07,000,00,2,2,24,A01
200700022822,0,04,000,00,2,1,01,B01
200700022823,0,07,000,00,2,1,02,A01
200700022823,0,10,000,00,2,4,02,B01
200700022824,0,07,000,00,1,1,01,A01
200700022825,0,07,000,00,2,7,22,A01
200700022825,0,01,000,00,2,1,01,B01
200700022826,0,12,000,00,2,7,01,A01
200700022826,0,02,000,00,2,3,01,B01
200700022827,1,02,000,00,1,1,00,A01
200700022828,0,07,000,00,2,8,10,A01
200700022828,0,04,000,00,2,2,17,B01
200700022829,0,07,000,00,1,1,01,A01
200700022830,0,07,000,00,2,5,16,A01
200700022830,0,05,000,00,2,3,01,B01
200700022831,0,02,000,00,0,0,01,A01
200700022832,0,02,000,00,2,2,17,A01
200700022832,0,07,000,00,2,3,15,B01
200700022833,0,05,000,00,1,1,17,A01
200700022834,0,02,000,00,2,1,01,A01
200700022834,0,07,000,00,2,4,01,B01
200700022835,0,10,000,00,2,2,16,A01
200700022835,0,05,000,00,2,1,01,B01
200700022836,0,10,000,00,2,8,22,A01
200700022836,0,01,000,00,2,1,01,B01
200700022837,0,10,000,00,1,4,04,A01
200700022838,0,02,000,00,1,1,01,A01
200700022839,0,07,000,00,1,1,01,A01
200700022840,0,07,000,00,2,1,01,A01
200700022840,0,07,000,01,2,3,01,B01
200700022841,0,04,000,00,2,2,17,A01
200700022841,0,07,000,00,2,3,15,B01
200700022842,0,07,000,00,2,1,01,B01
200700022842,0,04,000,00,2,5,01,A01
200700022843,0,01,000,00,0,0,01,A01
200700022844,1,07,000,00,2,2,00,A01
200700022844,0,01,000,00,2,1,01,B01
200700022845,0,10,000,00,1,2,01,A01
200700022846,0,02,000,00,1,1,01,A01
200700022847,0,07,000,01,2,2,01,A01
200700022847,0,10,000,00,2,1,01,B01
200700022848,0,01,000,00,2,1,19,A01
200700022848,0,05,000,00,2,4,01,B01
200700022849,0,07,000,00,2,1,02,A01
200700022849,0,07,000,00,2,4,23,B01
200700022850,0,05,000,12,0,1,21,A01
200700022851,0,04,000,00,2,3,17,A01
200700022851,0,07,000,00,2,8,01,B01
200700022852,0,05,000,00,2,2,01,B01
200700022852,0,07,000,00,2,3,01,C01
200700022852,1,07,000,00,2,1,00,A01
200700022853,0,01,000,00,2,3,15,A01
200700022853,0,05,000,00,2,2,01,B01
200700022854,0,07,000,00,2,1,02,A01
200700022854,0,07,000,00,2,4,23,B01
200700022855,0,05,000,15,0,2,21,A01
200700022856,0,04,000,00,2,2,05,A01
200700022856,0,07,000,00,2,8,15,B01
200700022857,0,05,000,00,0,0,01,A01
200700022858,0,07,000,00,2,6,11,A01
200700022858,0,05,000,00,2,2,17,B01
200700022859,0,05,000,00,2,1,15,B01
200700022859,0,07,000,00,2,2,01,A01
200700022860,0,07,000,00,2,2,15,A01
200700022860,0,05,000,00,2,1,01,B01
200700022861,0,07,000,00,2,2,23,A01
200700022861,0,05,000,00,2,1,01,B01
200700022862,0,10,000,00,2,2,16,A01
200700022862,0,02,000,00,2,6,01,B01
200700022863,0,01,000,00,0,0,21,A01
200700022864,1,07,000,00,2,3,00,A01
200700022864,0,02,000,00,2,2,01,B01
200700022865,0,07,000,00,1,4,04,A01
200700022866,0,07,000,00,2,3,12,A01
200700022866,0,07,000,00,2,5,23,B01
200700022867,0,07,000,00,1,4,04,A01
200700022868,0,07,000,00,1,1,01,A01
200700022869,0,07,000,00,1,1,08,A01
200700022870,0,05,000,00,2,2,17,A01
200700022870,0,07,000,00,2,6,15,B01
200700022871,0,07,000,00,2,8,22,A01
200700022871,0,01,000,00,2,2,01,B01
200700022872,0,07,000,00,2,1,01,A01
200700022872,0,07,000,00,2,4,01,B01
200700022873,0,04,000,00,1,1,01,A01
200700022874,0,02,000,00,2,1,01,A01
200700022874,0,07,000,00,2,2,15,B01
200700022875,0,14,000,00,2,5,01,A01
200700022875,0,07,000,00,2,3,24,B01
200700022876,0,02,000,00,0,0,16,A01
200700022877,0,02,000,00,2,1,01,A01
200700022877,0,07,000,00,2,1,16,B01
200700022878,0,07,000,00,2,2,15,A01
200700022878,0,04,000,00,2,3,01,B01
200700022878,0,05,000,00,2,2,01,C01
200700022879,0,07,000,00,2,1,01,A01
200700022879,0,07,000,00,2,4,01,B01
200700022880,0,07,000,00,2,6,22,A01
200700022880,0,01,000,00,2,2,01,B01
200700022881,0,04,000,00,0,0,21,A01
200700022882,0,07,000,00,2,7,22,A01
200700022882,0,05,000,00,2,3,01,B01
200700022883,0,07,000,00,1,1,01,A01
200700022884,0,07,000,00,2,3,10,A01
200700022884,0,04,000,00,2,2,05,B01
200700022885,0,10,000,00,1,3,15,A01
200700022886,0,18,000,00,2,2,15,A01
200700022886,0,05,000,00,2,1,01,B01
200700022887,0,10,000,00,2,8,15,A01
200700022887,0,04,000,00,2,2,01,B01
200700022888,0,02,000,00,2,1,07,A01
200700022888,0,07,000,00,2,2,16,B01
200700022889,1,07,000,00,2,0,00,A01
200700022889,0,04,000,00,2,2,01,B01
200700022890,0,07,000,00,2,2,15,A01
200700022890,0,05,000,00,2,2,01,B01
200700022891,0,04,000,00,0,0,21,A01
200700022892,0,02,000,01,0,1,17,A01
200700022893,0,14,000,00,2,8,15,A01
200700022893,0,02,000,00,2,2,01,B01
200700022894,1,07,000,00,2,6,00,A01
200700022894,0,04,000,00,2,2,01,B01
200700022895,0,01,000,00,0,0,01,A01
200700022896,0,07,000,00,2,8,15,A01
200700022896,0,07,000,00,2,2,01,B01
200700022896,0,04,000,00,2,2,01,C01
200700022897,0,14,000,00,2,2,12,A01
200700022897,0,05,000,01,2,3,18,B01
200700022898,0,05,000,00,1,1,01,A01
200700022899,0,07,000,00,2,2,16,A01
200700022899,0,02,000,00,2,3,01,B01
200700022900,0,07,000,00,2,2,01,A01
200700022900,0,07,000,00,2,1,01,B01
200700022901,0,05,000,09,0,1,01,A01
200700022902,0,07,000,00,2,4,11,A01
200700022902,0,04,000,00,2,3,01,B01
200700022902,0,02,000,00,2,3,01,C01
200700022903,0,10,000,00,2,1,01,A01
200700022903,0,04,000,00,2,6,01,B01
200700022904,0,04,000,00,1,1,01,A01
200700022905,0,07,000,00,1,4,04,A01
200700022906,0,07,000,00,2,3,01,B01
200700022906,0,07,000,00,2,2,01,A01
200700022907,0,02,000,00,1,1,01,A01
200700022908,0,05,000,00,0,0,01,A01
200700022909,0,05,000,00,0,0,01,A01
200700022910,0,07,000,00,2,1,01,A01
200700022910,0,05,000,00,2,4,01,B01
200700022911,0,02,000,00,2,2,05,A01
200700022911,0,07,000,00,2,3,15,B01
200700022912,0,07,000,00,2,8,22,A01
200700022912,0,05,000,00,2,2,01,B01
200700022913,0,04,000,00,2,3,17,A01
200700022913,0,07,000,00,2,3,01,B01
200700022914,0,07,000,00,2,5,12,A01
200700022914,0,04,000,00,2,3,01,B01
200700022915,0,05,000,00,2,3,07,A01
200700022915,0,07,000,00,2,2,16,B01
200700022916,0,07,000,00,2,6,04,A01
200700022916,0,02,000,00,2,1,01,B01
200700022917,0,07,000,00,1,4,04,A01
200700022918,0,18,000,00,1,2,01,A01
200700022919,0,05,000,00,2,1,18,A01
200700022919,0,07,000,00,2,5,22,B01
200700022920,0,02,000,00,1,1,01,A01
200700022921,0,07,000,00,2,2,15,A01
200700022921,0,07,000,00,2,1,01,B01
200700022922,0,07,000,00,2,1,01,B01
200700022922,0,07,000,00,2,2,01,A01
200700022923,0,07,000,00,1,1,16,A01
200700022924,0,02,000,00,2,3,01,A01
200700022924,0,07,000,00,2,2,16,B01
200700022925,0,07,000,00,2,2,01,A01
200700022925,0,05,000,00,2,3,01,B01
200700022926,0,07,000,00,2,5,15,A01
200700022926,0,05,000,00,2,1,01,B01
200700022927,0,01,000,00,1,1,01,A01
200700022928,0,07,000,00,1,1,01,A01
200700022929,0,10,000,00,2,2,16,A01
200700022929,0,01,000,00,2,1,01,B01
200700022930,1,07,000,00,2,3,00,A01
200700022930,0,04,000,00,2,1,01,B01
200700022931,0,02,000,00,2,1,07,A01
200700022931,0,05,000,00,2,4,23,B01
200700022932,0,02,000,00,2,2,17,A01
200700022932,0,07,000,00,2,2,15,B01
200700022933,0,07,000,00,2,2,15,A01
200700022933,0,04,000,00,2,1,07,B01
200700022934,0,02,000,00,2,1,01,A01
200700022934,0,07,000,00,2,2,09,B01
200700022935,0,07,000,01,0,3,13,A01
200700022936,0,07,000,00,2,8,09,A01
200700022936,0,01,000,00,2,1,01,B01
200700022937,0,07,000,00,2,1,01,A01
200700022937,0,07,000,00,2,4,01,B01
200700022938,0,07,000,00,1,1,01,A01
200700022939,0,01,000,00,1,1,01,A01
200700022940,0,05,000,01,2,2,17,A01
200700022940,0,07,000,00,2,8,15,B01
200700022941,0,04,000,00,1,1,01,A01
200700022942,0,07,000,00,2,6,04,A01
200700022942,0,01,000,00,2,2,16,B01
200700022943,0,04,000,00,1,1,01,A01
200700022944,0,14,000,00,1,1,01,A01
200700022945,2,02,000,00,1,1,00,A01
200700022946,0,07,000,00,1,1,01,A01
200700022947,0,07,000,00,1,4,20,A01
200700022948,0,04,000,00,2,2,17,A01
200700022948,0,07,000,00,2,3,15,B01
200700022949,0,04,000,00,1,1,01,A01
200700022950,0,07,000,00,1,1,15,A01
200700022951,0,07,000,00,2,1,01,B01
200700022951,0,05,000,00,2,2,01,A01
200700022952,0,07,000,00,2,3,15,A01
200700022952,0,04,000,00,2,2,01,B01
200700022953,0,10,000,00,2,7,16,A01
200700022953,0,02,000,00,2,3,01,B01
200700022954,0,07,000,00,1,8,01,A01
200700022955,0,07,000,00,1,1,01,A01
200700022956,0,10,000,00,2,8,15,A01
200700022956,0,05,000,00,2,2,01,B01
200700022957,0,07,000,00,1,1,15,A01
200700022958,0,07,000,00,1,1,16,A01
200700022959,0,04,000,00,2,1,01,A01
200700022959,0,07,000,00,2,4,23,B01
200700022960,0,07,000,00,2,6,11,A01
200700022960,0,02,000,00,2,2,01,B01
200700022961,0,07,000,00,1,1,01,A01
200700022962,0,02,000,00,2,6,11,A01
200700022962,0,02,000,00,2,2,01,B01
200700022963,0,05,000,01,2,2,17,A01
200700022963,0,07,000,00,2,6,15,B01
200700022964,0,07,000,00,2,8,22,A01
200700022964,0,01,000,00,2,2,01,B01
200700022965,0,04,000,00,1,1,01,A01
200700022966,0,02,000,00,2,3,15,A01
200700022966,0,04,000,00,2,2,01,B01
200700022967,0,07,000,00,2,1,01,A01
200700022967,0,07,000,00,2,4,01,B01
200700022968,0,05,000,00,2,2,15,A01
200700022968,0,05,000,00,2,1,18,B01
200700022969,0,07,000,00,2,2,01,A01
200700022969,0,07,000,00,2,1,01,B01
200700022970,0,02,000,00,2,3,10,A01
200700022970,0,05,000,00,2,2,01,B01
200700022971,0,07,000,00,2,2,15,A01
200700022971,0,07,000,00,2,1,01,B01
200700022972,0,07,000,00,2,2,15,A01
200700022972,0,10,000,00,2,1,01,B01
200700022973,0,10,000,00,2,2,12,A01
200700022973,0,05,000,00,2,3,01,B01
200700022974,0,07,000,00,2,8,11,A01
200700022974,0,05,000,00,2,2,01,B01
200700022975,0,07,000,00,2,1,01,A01
200700022975,0,07,000,00,2,4,01,B01
200700022975,0,07,000,00,2,4,01,C01
200700022976,0,01,000,00,2,2,05,A01
200700022976,0,07,000,00,2,3,01,B01
200700022977,1,04,000,00,1,1,00,A01
200700022978,0,04,000,00,0,0,21,A01
200700022979,0,07,000,00,2,8,22,A01
200700022979,0,01,000,00,2,2,01,B01
200700022980,0,04,000,00,2,3,18,A01
200700022980,0,10,000,00,2,2,01,B01
200700022981,0,07,000,00,2,1,01,A01
200700022981,0,07,000,00,2,4,01,B01
200700022981,0,07,000,00,2,4,01,C01
200700022981,0,10,000,00,2,4,01,D01
200700022982,0,02,000,00,0,0,01,A01
200700022983,0,01,000,00,0,0,21,A01
200700022984,0,04,000,00,0,0,21,A01
200700022985,0,05,000,00,2,2,17,A01
200700022985,0,07,000,00,2,3,15,B01
200700022986,0,02,000,00,2,2,17,A01
200700022986,0,07,000,00,2,8,15,B01
200700022987,1,01,000,00,1,1,00,A01
200700022988,0,07,000,00,2,6,09,A01
200700022988,0,04,000,00,2,1,01,B01
200700022989,0,02,000,00,0,0,01,A01
200700022990,0,10,000,00,2,8,11,A01
200700022990,0,05,000,12,2,2,17,B01
200700022991,0,07,000,00,2,8,15,A01
200700022991,0,02,000,00,2,2,17,B01
200700022992,0,07,000,00,2,1,16,B01
200700022992,0,01,000,00,2,3,19,A01
200700022993,0,07,000,00,2,8,22,A01
200700022993,0,01,000,00,2,2,01,B01
200700022994,0,10,000,00,2,8,22,A01
200700022994,0,01,000,00,2,2,01,B01
200700022995,0,07,000,00,2,2,14,A01
200700022995,0,05,000,00,2,2,01,B01
200700022996,0,07,000,00,2,8,15,A01
200700022996,0,04,000,00,2,2,17,B01
200700022997,0,01,000,00,1,1,01,A01
200700022998,1,07,000,00,2,3,00,A01
200700022998,0,04,000,00,2,2,01,B01
200700022999,0,07,000,00,1,2,01,A01
200700023000,0,02,000,01,1,1,01,A01
200700023001,0,07,000,00,2,4,04,A01
200700023001,0,07,000,00,2,1,01,B01
200700023002,1,07,000,00,2,1,00,A01
200700023002,0,04,000,00,2,4,01,B01
200700023003,0,07,000,00,2,8,22,A01
200700023003,0,18,000,00,2,7,01,B01
200700023004,0,07,000,00,2,8,11,A01
200700023004,0,07,000,00,2,2,01,B01
200700023005,0,01,000,00,1,1,01,A01
200700023006,0,07,000,00,2,3,15,A01
200700023006,0,05,000,00,2,2,17,B01
200700023007,0,18,000,00,2,5,07,A01
200700023007,0,01,000,00,2,3,07,B01
200700023008,0,07,000,08,0,1,01,A01
200700023009,0,01,000,00,0,0,07,A01
200700023010,0,04,000,11,0,1,01,A01
200700023011,0,07,000,00,2,8,15,A01
200700023011,0,04,000,00,2,2,01,B01
200700023012,0,07,000,00,2,1,02,A01
200700023012,0,07,000,00,2,4,01,B01
200700023013,0,05,000,00,2,3,18,A01
200700023013,0,07,000,00,2,5,22,B01
200700023014,0,02,000,00,0,0,16,A01
200700023015,0,07,000,07,1,1,14,A01
200700023016,0,07,000,00,1,3,20,A01
200700023017,0,07,000,00,1,1,01,A01
200700023018,0,07,000,00,2,1,01,B01
200700023018,0,02,000,00,2,2,05,A01
200700023019,0,07,000,00,2,7,12,A01
200700023019,0,04,000,00,2,3,03,B01
200700023020,0,05,000,06,2,2,17,A01
200700023020,0,07,000,00,2,8,15,B01
200700023021,0,04,000,00,2,2,01,A01
200700023021,0,10,000,00,2,1,01,B01
200700023022,0,02,000,06,0,1,01,A01
200700023023,0,04,000,01,0,1,01,A01
200700023024,0,02,000,00,2,3,18,A01
200700023024,0,10,000,00,2,5,01,B01
200700023025,0,02,000,12,0,1,01,A01
200700023026,0,07,000,00,2,3,15,A01
200700023026,0,02,000,00,2,2,01,B01
200700023027,0,01,000,00,1,1,01,A01
200700023028,0,07,000,00,2,8,15,A01
200700023028,0,04,000,00,2,2,01,B01
200700023029,0,05,000,00,2,3,18,A01
200700023029,0,07,000,00,2,2,12,B01
200700023030,0,05,000,00,2,1,02,A01
200700023030,0,07,000,00,2,4,23,B01
200700023031,0,04,000,00,1,1,01,A01
200700023032,0,07,000,00,2,2,16,A01
200700023032,0,02,000,00,2,3,01,B01
200700023033,0,07,000,00,2,3,10,A01
200700023033,0,05,000,00,2,2,17,B01
200700023034,0,10,000,00,2,1,02,A01
200700023034,0,07,000,00,2,4,23,B01
200700023034,0,07,000,00,2,4,23,C01
200700023035,0,02,000,00,0,0,01,A01
200700023036,0,10,000,00,2,2,16,A01
200700023036,0,02,000,00,2,3,01,B01
200700023037,0,02,000,00,0,0,21,A01
200700023038,0,07,000,00,2,1,01,A01
200700023038,0,07,000,00,2,4,01,B01
200700023039,1,07,000,00,2,3,00,A01
200700023039,0,01,000,00,2,1,01,B01
200700023040,0,02,000,00,2,3,18,A01
200700023040,0,07,000,00,2,2,16,B01
200700023041,0,07,000,00,2,8,01,B01
200700023041,0,07,000,01,2,2,01,A01
200700023042,0,07,000,00,2,8,15,A01
200700023042,0,05,000,00,2,2,01,B01
200700023043,0,02,000,00,2,1,01,A01
200700023043,0,04,000,00,2,1,01,B01
200700023044,0,04,000,00,2,2,17,A01
200700023044,0,07,000,00,2,8,15,B01
200700023045,0,04,000,00,2,1,01,A01
200700023045,0,07,000,00,2,4,01,B01
200700023046,0,01,000,00,2,1,01,A01
200700023046,0,01,000,00,2,4,01,B01
200700023046,0,01,000,00,2,4,01,C01
200700023047,0,01,000,00,2,1,09,A01
200700023047,0,07,000,00,2,1,01,B01
200700023048,0,05,000,00,2,3,18,A01
200700023048,0,07,000,00,2,2,12,B01
200700023049,0,07,000,00,2,1,01,A01
200700023049,0,07,000,00,2,4,01,B01
200700023049,0,07,000,00,2,4,01,C01
200700023050,0,07,000,00,2,1,01,A01
200700023050,0,07,000,00,2,4,01,B01
200700023050,0,07,000,00,2,4,01,C01
200700023050,0,07,000,00,2,4,01,D01
200700023050,0,07,000,00,2,4,01,E01
200700023050,0,07,000,00,2,1,01,F01
200700023050,0,07,000,00,2,1,01,G01
200700023051,0,05,000,00,2,3,18,A01
200700023051,0,07,000,00,2,5,12,B01
200700023052,0,02,000,11,2,2,17,A01
200700023052,0,07,000,00,2,8,15,B01
200700023053,0,07,000,00,2,3,01,B01
200700023053,0,07,000,00,2,2,01,A01
200700023054,0,02,000,00,1,1,01,A01
200700023055,0,05,000,00,2,2,17,A01
200700023055,0,14,000,00,2,8,10,B01
200700023056,0,02,000,00,2,2,17,A01
200700023056,0,07,000,00,2,8,15,B01
200700023057,0,07,000,00,2,8,22,A01
200700023057,0,02,000,00,2,2,01,B01
200700023058,0,10,000,00,2,8,22,A01
200700023058,0,01,000,00,2,2,07,B01
200700023058,0,07,000,00,2,2,01,C01
200700023059,0,07,000,00,2,3,15,A01
200700023059,0,05,000,00,2,2,01,B01
200700023060,0,07,000,00,1,1,01,A01
200700023061,0,07,000,00,1,4,04,A01
200700023062,0,07,000,00,1,1,01,A01
200700023063,0,07,000,00,1,1,01,A01
200700023064,0,07,000,00,1,1,01,A01
200700023065,0,07,000,00,1,4,04,A01
200700023066,0,07,000,00,1,1,01,A01
200700023067,0,18,000,00,2,2,15,A01
200700023067,0,04,000,00,2,1,01,B01
200700023068,0,07,000,00,1,1,01,A01
200700023069,0,07,000,00,2,1,01,A01
200700023069,0,07,000,00,2,4,23,B01
200700023069,0,07,000,00,2,4,23,C01
200700023070,0,10,000,00,2,2,15,A01
200700023070,0,05,000,00,2,1,01,B01
200700023071,0,07,000,00,1,1,16,A01
200700023072,0,02,000,00,2,1,21,A01
200700023072,0,07,000,00,2,1,01,B01
200700023073,0,07,000,00,1,1,01,A01
200700023074,0,04,000,00,1,1,01,A01
200700023075,1,07,000,00,2,5,00,A01
200700023075,0,07,000,00,2,3,07,B01
200700023076,0,05,000,00,1,1,01,A01
200700023077,0,01,000,00,2,3,01,A01
200700023077,0,18,000,00,2,1,01,B01
200700023078,0,07,000,00,2,4,04,A01
200700023078,0,04,000,00,2,1,01,B01
200700023079,0,07,000,00,2,8,22,A01
200700023079,0,01,000,00,2,2,01,B01
200700023080,0,07,000,00,1,1,01,A01
200700023081,0,10,000,00,1,1,01,A01
200700023082,0,07,000,00,2,1,01,A01
200700023082,0,02,000,00,2,4,23,B01
200700023083,0,05,000,00,2,2,17,A01
200700023083,0,07,000,00,2,3,15,B01
200700023084,0,07,000,00,2,8,10,A01
200700023084,0,05,000,00,2,2,01,B01
200700023084,0,05,000,00,2,3,01,C01
200700023084,0,07,000,00,2,8,01,D01
200700023085,0,10,000,00,2,8,11,A01
200700023085,0,05,000,00,2,2,01,B01
200700023086,0,05,000,00,2,1,01,A01
200700023086,0,07,000,00,2,4,01,B01
200700023087,0,02,000,00,2,1,01,A01
200700023087,0,07,000,00,2,3,23,B01
200700023088,0,07,000,00,2,2,15,A01
200700023088,0,01,000,00,2,1,18,B01
200700023089,0,10,000,00,2,8,22,A01
200700023089,0,05,000,00,2,2,01,B01
200700023089,0,07,000,00,2,2,01,C01
200700023090,0,07,000,00,2,8,22,A01
200700023090,0,02,000,00,2,2,01,B01
200700023091,0,10,000,00,1,1,01,A01
200700023092,0,01,000,00,0,0,01,A01
200700023093,1,07,000,00,2,2,00,A01
200700023093,0,04,000,00,2,3,01,B01
200700023094,0,07,000,00,1,1,01,A01
200700023095,0,07,000,00,2,5,22,A01
200700023095,0,01,000,00,2,3,01,B01
200700023096,0,07,000,00,2,2,15,A01
200700023096,0,05,000,00,2,1,01,B01
200700023097,0,04,000,00,1,1,01,A01
200700023098,0,07,000,00,1,1,01,A01
200700023099,0,02,000,00,1,1,01,A01
200700023100,0,07,000,00,2,2,10,A01
200700023100,0,02,000,00,2,1,01,B01
200700023101,0,05,000,00,1,1,15,A01
200700023102,0,05,000,00,2,2,17,A01
200700023102,0,07,000,00,2,3,15,B01
200700023103,0,07,000,00,1,2,01,A01
200700023104,0,07,000,00,2,3,01,A01
200700023104,0,05,000,00,2,1,01,B01
200700023105,0,02,000,00,1,1,01,A01
200700023106,0,07,000,00,1,1,01,A01
200700023107,1,07,000,00,2,6,00,A01
200700023107,0,04,000,00,2,2,01,B01
200700023108,0,05,000,14,2,2,17,A01
200700023108,0,07,000,00,2,8,01,B01
200700023109,0,07,000,00,2,1,01,A01
200700023109,0,05,000,00,2,4,23,B01
200700023110,0,18,000,00,2,8,15,A01
200700023110,0,04,000,00,2,2,15,B01
200700023111,0,07,000,00,2,1,01,A01
200700023111,0,05,000,01,2,4,01,B01
200700023112,0,04,000,00,2,1,01,A01
200700023112,0,10,000,00,2,4,01,B01
200700023113,0,07,000,00,2,2,15,A01
200700023113,0,02,000,00,2,1,01,B01
200700023114,0,07,000,00,2,2,16,A01
200700023114,0,04,000,00,2,3,01,B01
200700023115,0,07,000,00,2,8,15,A01
200700023115,0,04,000,00,2,2,01,B01
200700023116,0,07,000,00,2,3,01,B01
200700023116,0,07,000,00,2,1,05,A01
200700023117,0,07,000,00,1,4,04,A01
200700023118,0,02,000,00,1,1,01,A01
200700023119,0,05,000,00,0,0,21,A01
200700023120,0,07,000,00,2,2,01,A01
200700023120,0,07,000,00,2,1,01,B01
200700023121,0,07,000,01,0,1,01,A01
200700023122,0,07,000,00,1,8,04,A01
200700023123,1,04,000,00,1,1,00,A01
200700023124,0,07,000,00,2,2,16,A01
200700023124,0,04,000,00,2,3,01,B01
200700023125,0,04,000,11,0,1,01,A01
200700023126,0,01,000,00,2,3,15,A01
200700023126,0,01,000,00,2,2,01,B01
200700023127,0,01,000,00,2,3,01,B01
200700023127,0,07,000,00,2,2,01,A01
200700023128,0,07,000,00,1,1,01,A01
200700023129,0,07,000,00,2,8,01,A01
200700023129,0,02,000,00,2,2,01,B01
200700023130,0,07,000,00,2,8,10,A01
200700023130,0,02,000,00,2,2,01,B01
200700023131,0,02,000,00,2,2,17,A01
200700023131,0,07,000,00,2,1,01,B01
200700023132,0,07,000,00,2,2,12,A01
200700023132,0,05,000,00,2,3,01,B01
200700023133,0,04,000,00,2,2,17,A01
200700023133,0,07,000,00,2,8,01,B01
200700023134,0,07,000,00,2,8,22,A01
200700023134,0,01,000,00,2,2,01,B01
200700023135,0,01,000,00,2,3,21,A01
200700023135,0,02,000,00,2,2,17,B01
200700023136,0,07,000,00,1,1,01,A01
200700023137,0,05,000,00,2,2,17,A01