Num_Acc,senc,catv,occutc,obs,obsm,choc,manv,num_veh
200700023137,0,07,000,00,2,3,15,B01
200700023138,0,02,000,00,1,1,01,A01
200700023139,0,05,000,00,0,0,21,A01
200700023140,0,07,000,00,1,4,04,A01
200700023141,0,02,000,00,2,2,17,A01
200700023141,0,07,000,00,2,8,15,B01
200700023142,0,05,000,11,0,1,01,A01
200700023143,0,05,000,00,2,1,01,B01
200700023143,1,07,000,00,2,8,00,A01
200700023144,0,10,000,00,1,4,04,A01
200700023145,0,01,000,00,2,1,02,A01
200700023145,0,07,000,00,2,4,23,B01
200700023146,0,07,000,00,1,4,04,A01
200700023147,0,02,000,00,2,3,01,B01
200700023147,0,10,000,00,2,2,01,A01
200700023148,0,07,000,00,2,8,22,A01
200700023148,0,05,000,00,2,2,18,B01
200700023149,0,05,000,00,2,1,01,A01
200700023149,0,10,000,00,2,7,09,B01
200700023150,0,05,000,00,2,1,01,A01
200700023150,0,05,000,00,2,4,01,B01
200700023151,0,07,000,00,1,1,01,A01
200700023152,0,07,000,00,2,3,10,A01
200700023152,0,02,000,00,2,3,01,B01
200700023153,0,10,000,00,2,2,10,A01
200700023153,0,04,000,00,2,1,01,B01
200700023154,0,07,000,00,2,1,01,A01
200700023154,0,07,000,00,2,4,01,B01
200700023154,0,07,000,00,2,4,01,C01
200700023154,0,07,000,00,2,4,01,D01
200700023155,0,01,000,00,2,1,05,A01
200700023155,0,07,000,00,2,8,10,B01
200700023156,0,07,000,00,2,1,01,A01
200700023156,0,07,000,00,2,4,01,B01
200700023156,0,07,000,00,2,4,01,C01
200700023157,0,02,000,00,2,1,01,B01
200700023157,0,07,000,00,2,2,01,A01
200700023158,0,07,000,00,2,8,22,A01
200700023158,0,01,000,00,2,2,01,B01
200700023159,0,07,000,00,2,1,02,A01
200700023159,0,07,000,00,2,4,02,B01
200700023160,0,18,000,00,1,1,16,A01
200700023161,0,02,000,00,2,3,18,A01
200700023161,0,07,000,00,2,2,16,B01
200700023162,0,07,000,00,2,2,01,A01
200700023162,0,01,000,00,2,3,01,B01
200700023163,0,07,000,00,2,2,09,A01
200700023163,0,05,000,00,2,3,01,B01
200700023164,0,10,000,00,1,4,04,A01
200700023165,0,07,000,01,0,1,01,A01
200700023166,0,07,000,00,2,8,15,A01
200700023166,0,02,000,00,2,2,01,B01
200700023167,0,07,000,00,1,1,01,A01
200700023168,1,07,000,00,2,2,00,A01
200700023168,0,05,000,00,2,3,01,B01
200700023169,0,18,000,00,1,1,07,A01
200700023170,0,10,000,00,2,6,11,A01
200700023170,0,05,000,00,2,2,01,B01
200700023171,0,05,000,00,2,3,18,A01
200700023171,0,07,000,00,2,2,01,B01
200700023172,0,07,000,00,2,8,11,A01
200700023172,0,05,000,00,2,2,01,B01
200700023173,0,05,000,00,0,0,21,A01
200700023174,0,07,000,00,2,1,16,B01
200700023174,0,02,000,00,2,5,01,A01
200700023175,0,05,000,00,2,1,01,A01
200700023175,0,07,000,00,2,4,01,B01
200700023176,0,07,000,00,2,1,02,A01
200700023176,0,07,000,00,2,4,23,B01
200700023177,0,07,000,00,2,8,15,A01
200700023177,0,04,000,00,2,2,01,B01
200700023178,0,07,000,06,2,3,11,A01
200700023178,0,14,000,00,2,2,01,B01
200700023179,0,02,000,00,2,2,01,A01
200700023179,0,07,000,00,2,1,16,B01
200700023180,0,07,000,00,2,6,11,A01
200700023180,0,05,000,00,2,2,01,B01
200700023180,0,07,000,00,2,4,01,C01
200700023181,0,05,000,00,2,3,03,A01
200700023181,0,07,000,00,2,5,01,B01
200700023182,0,05,000,00,0,0,01,A01
200700023183,0,07,000,12,0,1,01,A01
200700023184,0,05,000,00,2,1,01,A01
200700023184,0,07,000,00,2,4,01,B01
200700023185,0,07,000,00,2,1,01,A01
200700023185,0,07,000,00,2,4,01,B01
200700023185,0,07,000,00,2,4,01,C01
200700023186,0,07,000,00,2,1,11,A01
200700023186,0,07,000,00,2,4,01,B01
200700023186,0,07,000,00,2,4,01,C01
200700023186,0,07,000,00,2,4,01,D01
200700023187,0,02,000,00,1,1,01,A01
200700023188,0,02,000,00,1,1,16,A01
200700023189,0,07,000,00,2,1,01,A01
200700023189,0,07,000,00,2,4,01,B01
200700023190,0,07,000,03,0,2,01,A01
200700023191,0,07,000,00,2,1,01,A01
200700023191,0,07,000,00,2,4,01,B01
200700023192,0,07,000,00,2,2,09,A01
200700023192,0,02,000,00,2,3,01,B01
200700023193,0,04,000,00,2,1,01,A01
200700023193,0,10,000,00,2,4,01,B01
200700023194,0,04,000,00,2,1,07,A01
200700023194,0,07,000,00,2,3,15,B01
200700023195,0,07,000,00,2,2,12,A01
200700023195,0,01,000,00,2,3,07,B01
200700023196,0,02,000,00,2,1,01,A01
200700023196,0,07,000,00,2,4,01,B01
200700023197,0,10,000,00,1,4,04,A01
200700023198,0,07,000,00,2,8,22,A01
200700023198,0,01,000,00,2,2,01,B01
200700023199,0,07,000,00,1,1,01,A01
200700023200,0,07,000,00,2,2,17,A01
200700023200,0,02,000,00,2,3,01,B01
200700023201,0,07,000,00,2,8,15,A01
200700023201,0,05,000,00,2,2,01,B01
200700023202,0,07,000,00,2,1,13,A01
200700023202,0,07,000,00,2,1,01,B01
200700023203,0,07,000,00,1,4,04,A01
200700023204,0,04,000,00,2,3,01,B01
200700023204,0,07,000,00,2,1,01,A01
200700023205,0,07,000,00,2,1,15,B01
200700023205,0,02,000,00,2,2,01,A01
200700023206,0,07,000,00,1,1,01,A01
200700023207,0,07,000,00,1,4,04,A01
200700023208,0,02,000,00,1,1,01,A01
200700023209,0,05,000,00,2,2,05,A01
200700023209,0,07,000,00,2,3,15,B01
200700023210,0,04,000,00,2,2,17,A01
200700023210,0,07,000,00,2,3,15,B01
200700023211,0,05,000,00,1,1,01,A01
200700023212,0,07,000,00,2,2,14,A01
200700023212,0,04,000,00,2,1,18,B01
200700023213,0,05,000,00,2,2,15,A01
200700023213,0,04,000,00,2,1,01,B01
200700023214,0,02,000,00,2,3,18,A01
200700023214,0,07,000,00,2,5,22,B01
200700023214,0,07,000,00,2,4,23,C01
200700023215,0,07,000,00,2,1,02,A01
200700023215,0,05,000,00,2,4,23,B01
200700023216,0,07,000,11,0,1,01,A01
200700023217,0,07,000,00,2,8,22,A01
200700023217,0,01,000,00,2,2,01,B01
200700023218,0,02,000,00,2,2,15,A01
200700023218,0,05,000,00,2,1,01,B01
200700023219,0,05,000,00,1,1,01,A01
200700023220,0,07,000,00,2,3,21,A01
200700023220,0,02,000,00,2,3,21,B01
200700023220,0,07,000,00,2,3,01,C01
200700023220,0,10,000,00,2,6,01,D01
200700023221,0,02,000,15,0,1,01,A01
200700023222,0,02,000,00,2,2,17,A01
200700023222,0,07,000,00,2,3,15,B01
200700023223,0,05,000,00,2,3,05,A01
200700023223,0,07,000,00,2,3,15,B01
200700023224,0,02,000,00,2,6,15,A01
200700023224,0,02,000,00,2,2,01,B01
200700023225,0,04,000,00,2,2,21,A01
200700023225,0,05,000,00,2,6,23,B01
200700023226,1,07,000,00,2,3,00,A01
200700023226,0,05,000,00,2,2,17,B01
200700023227,0,01,000,00,2,3,19,A01
200700023227,0,02,000,00,2,1,16,B01
200700023228,0,05,000,00,2,6,18,A01
200700023228,0,07,000,00,2,2,01,B01
200700023229,0,04,000,00,1,1,01,A01
200700023230,0,10,000,00,2,1,15,B01
200700023230,0,07,000,00,2,2,01,A01
200700023231,0,02,000,00,1,1,07,A01
200700023232,0,01,000,00,1,1,01,A01
200700023233,0,07,000,00,1,1,01,A01
200700023234,0,10,000,00,2,8,15,A01
200700023234,0,05,000,00,2,2,01,B01
200700023235,0,07,000,00,2,4,04,A01
200700023235,0,07,000,00,2,7,24,B01
200700023236,0,05,000,00,2,1,17,A01
200700023236,0,07,000,00,2,1,01,B01
200700023237,0,07,000,00,2,8,09,A01
200700023237,0,02,000,00,2,1,01,B01
200700023238,0,07,000,00,1,4,01,A01
200700023239,0,07,000,01,1,1,01,A01
200700023240,0,05,000,00,2,1,01,A01
200700023240,0,07,000,00,2,3,01,B01
200700023241,1,01,000,00,2,5,00,A01
200700023241,0,01,000,00,2,3,01,B01
200700023242,0,07,000,00,2,8,09,A01
200700023242,0,04,000,00,2,1,17,B01
200700023243,0,07,000,00,2,2,09,A01
200700023243,0,04,000,00,2,3,01,B01
200700023244,0,07,000,00,1,1,07,A01
200700023245,0,04,000,00,1,1,01,A01
200700023246,0,05,000,00,2,3,09,A01
200700023246,0,04,000,00,2,1,01,B01
200700023247,0,07,000,00,2,2,15,A01
200700023247,0,02,000,00,2,1,01,B01
200700023248,0,16,000,00,2,5,01,A01
200700023248,0,01,000,00,2,3,01,B01
200700023249,0,04,000,12,0,2,18,A01
200700023250,0,04,000,00,2,3,01,B01
200700023250,0,07,000,00,2,2,01,A01
200700023251,0,04,000,00,2,3,01,A01
200700023251,0,10,000,00,2,1,01,B01
200700023252,0,05,000,00,1,2,01,A01
200700023253,0,07,000,00,2,4,04,A01
200700023254,0,04,000,00,2,1,02,A01
200700023254,0,07,000,00,2,4,02,B01
200700023255,0,02,000,00,0,0,16,A01
200700023256,0,04,000,00,1,1,01,A01
200700023257,0,02,000,00,2,1,01,B01
200700023257,0,10,000,00,2,2,01,A01
200700023258,0,04,000,00,1,1,01,A01
200700023259,0,07,000,00,2,8,10,A01
200700023259,0,02,000,00,2,2,01,B01
200700023260,0,02,000,00,1,1,01,A01
200700023261,0,02,000,00,2,2,15,A01
200700023261,0,05,000,00,2,1,01,B01
200700023262,0,07,000,00,1,1,07,A01
200700023263,0,07,000,00,2,2,01,A01
200700023263,0,04,000,01,2,1,01,B01
200700023264,0,07,000,00,2,3,11,A01
200700023264,0,04,000,00,2,2,01,B01
200700023265,0,07,000,00,2,1,01,B01
200700023265,0,04,000,00,2,2,01,A01
200700023266,0,07,000,00,2,2,15,A01
200700023266,0,05,000,00,2,1,01,B01
200700023267,1,07,000,00,1,4,00,A01
200700023268,0,02,000,11,0,1,01,A01
200700023269,0,05,000,00,2,5,12,A01
200700023269,0,07,000,00,2,8,01,B01
200700023270,0,04,000,00,2,1,01,A01
200700023270,0,07,000,00,2,4,01,B01
200700023271,0,07,000,00,1,1,01,A01
200700023272,0,01,000,00,2,1,01,A01
200700023272,0,04,000,00,2,4,21,B01
200700023273,0,02,000,00,0,0,15,A01
200700023274,0,07,000,00,1,4,04,A01
200700023275,0,07,000,00,2,6,09,A01
200700023275,0,01,000,00,2,1,17,B01
200700023276,0,10,000,00,1,4,04,A01
200700023277,1,07,000,00,2,5,00,A01
200700023277,0,02,000,01,2,3,01,B01
200700023278,0,04,000,00,1,1,01,A01
200700023279,0,07,000,00,2,1,01,B01
200700023279,0,07,000,00,2,1,01,C01
200700023279,0,07,000,00,2,2,01,A01
200700023280,0,07,000,00,1,1,01,A01
200700023281,0,07,000,06,0,2,01,A01
200700023282,0,05,000,00,0,0,01,A01
200700023283,0,01,000,00,2,2,09,A01
200700023283,0,07,000,00,2,1,01,B01
200700023284,0,07,000,00,2,8,22,A01
200700023284,0,01,000,00,2,2,07,B01
200700023284,0,10,000,00,2,7,01,C01
200700023285,0,07,000,00,2,3,09,A01
200700023285,0,05,000,00,2,1,01,B01
200700023286,0,07,000,00,2,2,15,A01
200700023286,0,07,000,00,2,1,01,B01
200700023287,0,04,000,00,0,0,01,A01
200700023288,0,07,000,00,2,8,10,A01
200700023288,0,02,000,00,2,2,01,B01
200700023289,0,07,000,00,2,8,15,A01
200700023289,0,07,000,00,2,2,01,B01
200700023290,0,07,000,00,2,1,01,A01
200700023290,0,02,000,00,2,4,23,B01
200700023291,0,02,000,00,0,0,21,A01
200700023292,0,02,000,00,0,0,01,A01
200700023293,0,02,000,00,2,2,05,A01
200700023293,0,07,000,00,2,3,15,B01
200700023294,0,07,000,00,2,8,22,A01
200700023294,0,07,000,00,2,2,01,B01
200700023295,0,07,000,00,2,1,01,A01
200700023295,0,07,000,00,2,4,23,B01
200700023296,0,02,000,01,0,3,01,A01
200700023297,0,18,000,00,2,2,16,A01
200700023297,0,01,000,00,2,3,07,B01
200700023298,0,04,000,00,2,1,05,A01
200700023298,0,07,000,00,2,1,01,B01
200700023299,1,02,000,00,1,1,00,A01
200700023300,0,07,000,00,2,2,15,A01
200700023300,0,02,000,00,2,1,01,B01
200700023301,0,07,000,00,2,8,09,A01
200700023301,0,05,000,00,2,2,01,B01
200700023302,0,07,000,00,1,1,01,A01
200700023303,0,02,000,00,2,2,01,A01
200700023303,0,05,000,00,2,1,01,B01
200700023304,0,10,000,00,2,8,22,A01
200700023304,0,01,000,00,2,2,01,B01
200700023305,0,02,000,01,0,1,14,A01
200700023306,0,07,000,01,0,1,13,A01
200700023307,0,02,000,00,0,0,01,A01
200700023308,0,07,000,15,0,1,13,A01
200700023309,0,07,000,00,1,1,01,A01
200700023310,0,07,000,00,2,8,15,A01
200700023310,0,02,000,00,2,2,17,B01
200700023311,0,07,000,00,2,1,01,A01
200700023311,0,05,000,01,2,4,01,B01
200700023312,0,07,000,00,2,6,15,A01
200700023312,0,04,000,00,2,2,01,B01
200700023313,0,07,000,00,1,1,01,A01
200700023314,0,04,000,00,2,1,07,A01
200700023315,0,02,000,00,2,1,08,A01
200700023315,0,07,000,00,2,3,01,B01
200700023316,0,04,000,00,2,1,05,A01
200700023316,0,07,000,00,2,1,01,B01
200700023317,0,07,000,00,1,3,01,A01
200700023318,0,07,000,00,2,1,01,A01
200700023319,0,10,000,00,2,1,15,A01
200700023319,0,04,000,00,2,1,01,B01
200700023320,0,04,000,00,2,4,15,A01
200700023320,0,05,000,00,2,2,02,B01
200700023321,0,04,000,00,0,0,21,A01
200700023322,0,05,000,01,2,2,17,A01
200700023322,0,07,000,00,2,8,15,B01
200700023323,0,04,000,00,2,3,07,A01
200700023323,0,07,000,00,2,2,16,B01
200700023324,0,07,000,00,1,1,01,A01
200700023325,0,03,000,00,2,1,16,B01
200700023325,0,07,000,00,2,2,01,A01
200700023326,0,02,000,00,2,5,12,A01
200700023326,0,05,000,00,2,3,01,B01
200700023327,0,01,000,00,0,0,01,A01
200700023328,0,07,000,00,2,3,15,A01
200700023328,0,05,000,00,2,2,01,B01
200700023329,0,02,000,00,2,2,05,A01
200700023329,0,07,000,00,2,8,15,B01
200700023330,0,07,000,00,2,8,15,A01
200700023330,0,04,000,00,2,2,01,B01
200700023331,0,07,000,00,2,2,15,A01
200700023331,0,04,000,00,2,1,01,B01
200700023332,0,01,000,00,1,1,01,A01
200700023333,0,01,000,00,2,1,01,A01
200700023333,0,07,000,00,2,3,01,B01
200700023334,0,01,000,00,2,2,01,A01
200700023335,0,04,000,00,0,0,01,A01
200700023336,0,05,000,00,2,1,01,B01
200700023336,0,07,000,00,2,3,01,A01
200700023337,0,07,000,00,1,4,04,A01
200700023338,0,07,000,00,1,1,01,A01
200700023339,0,02,000,00,2,2,17,A01
200700023339,0,18,000,00,2,8,17,B01
200700023340,0,05,000,00,1,1,01,A01
200700023341,0,02,000,00,2,2,17,A01
200700023341,0,07,000,00,2,8,15,B01
200700023342,0,05,000,00,2,0,01,A01
200700023343,0,10,000,00,2,1,01,A01
200700023343,0,07,000,00,2,4,01,B01
200700023344,0,07,000,00,2,2,12,A01
200700023344,0,05,000,00,2,3,01,B01
200700023345,0,05,000,00,2,1,01,A01
200700023345,0,07,000,00,2,4,01,B01
200700023346,0,07,000,04,0,3,13,A01
200700023347,0,17,000,00,2,2,12,A01
200700023347,0,07,000,04,2,8,01,B01
200700023348,0,07,000,00,2,5,12,A01
200700023348,0,05,000,00,2,3,01,B01
200700023349,0,07,000,00,2,1,01,A01
200700023349,0,07,000,00,2,4,01,B01
200700023350,0,07,000,00,2,2,01,A01
200700023350,0,07,000,04,2,3,01,B01
200700023350,0,14,000,00,2,1,01,C01
200700023351,0,07,000,00,2,2,12,A01
200700023351,0,07,000,00,2,3,01,B01
200700023352,1,07,000,00,2,1,00,A01
200700023352,0,07,000,00,2,4,01,B01
200700023352,0,07,000,00,2,4,01,C01
200700023352,0,07,000,00,2,4,01,D01
200700023353,1,07,000,00,2,6,00,A01
200700023353,0,05,000,00,2,2,01,B01
200700023353,0,07,000,00,2,4,01,C01
200700023353,0,07,000,00,2,8,01,D01
200700023354,1,07,000,00,2,5,00,A01
200700023354,0,05,000,00,2,3,01,B01
200700023355,0,04,000,00,2,1,01,A01
200700023355,0,07,000,00,2,4,01,B01
200700023356,0,07,000,00,2,1,02,A01
200700023356,0,07,000,00,2,4,02,B01
200700023356,0,07,000,00,2,4,02,C01
200700023356,0,07,000,00,2,4,02,D01
200700023356,0,07,000,00,2,4,02,E01
200700023357,0,10,000,00,1,4,04,A01
200700023358,1,10,000,00,2,2,00,A01
200700023358,0,05,000,00,2,2,01,B01
200700023359,0,17,000,00,2,1,01,A01
200700023359,0,07,000,00,2,4,01,B01
200700023360,1,05,000,00,2,2,00,A01
200700023360,0,07,000,04,2,8,13,B01
200700023361,0,07,000,00,2,8,11,A01
200700023361,0,05,000,00,2,3,01,B01
200700023362,0,07,000,00,2,1,01,A01
200700023362,0,07,000,00,2,4,01,B01
200700023363,0,17,000,00,2,1,01,A01
200700023363,0,07,000,00,2,4,01,B01
200700023364,0,07,000,00,2,1,02,A01
200700023364,0,07,000,00,2,4,01,B01
200700023365,0,05,000,00,2,3,18,A01
200700023365,0,07,000,00,2,5,12,B01
200700023366,0,07,000,00,2,1,01,A01
200700023366,0,07,000,00,2,4,01,B01
200700023367,0,07,000,00,2,2,12,A01
200700023367,0,10,000,00,2,3,01,B01
200700023367,0,07,000,00,2,4,01,C01
200700023368,0,05,000,00,2,1,01,A01
200700023368,0,07,000,00,2,4,01,B01
200700023369,1,07,000,00,2,5,00,A01
200700023369,0,02,000,00,2,3,01,B01
200700023370,0,07,000,00,2,2,15,A01
200700023370,0,04,000,00,2,1,01,B01
200700023371,0,18,000,00,1,1,16,A01
200700023372,0,01,000,00,2,1,02,A01
200700023372,0,07,000,00,2,4,23,B01
200700023373,2,07,000,14,0,1,14,A01
200700023374,0,07,000,00,2,8,15,A01
200700023374,0,05,000,00,2,2,17,B01
200700023375,0,07,000,00,2,2,16,A01
200700023375,0,05,000,00,2,3,01,B01
200700023376,0,05,000,00,0,0,18,A01
200700023377,0,07,000,00,2,8,22,A01
200700023377,0,04,000,00,2,2,01,B01
200700023377,0,10,000,00,2,5,01,C01
200700023378,0,05,000,04,2,1,01,A01
200700023378,0,07,000,00,2,4,01,B01
200700023379,0,05,000,00,2,3,18,A01
200700023379,0,07,000,00,2,3,12,B01
200700023380,0,07,000,00,2,2,12,A01
200700023380,0,05,000,00,2,1,03,B01
200700023381,0,07,000,00,2,8,11,A01
200700023381,0,04,000,00,2,2,01,B01
200700023382,0,05,000,00,2,2,03,A01
200700023382,0,07,000,00,2,6,01,B01
200700023382,0,10,000,00,2,4,01,C01
200700023383,1,14,000,00,2,2,00,A01
200700023383,0,07,000,04,2,8,01,B01
200700023383,0,05,000,00,2,1,01,C01
200700023384,1,07,000,00,2,8,00,A01
200700023384,0,05,000,00,2,2,01,B01
200700023385,0,07,000,00,2,1,01,A01
200700023385,0,14,000,00,2,4,01,B01
200700023386,0,10,000,00,2,8,11,A01
200700023386,0,05,000,00,2,2,01,B01
200700023387,0,05,000,00,2,1,03,A01
200700023387,0,04,000,00,2,4,03,B01
200700023387,0,10,000,00,2,8,01,C01
200700023388,0,05,000,00,2,1,01,A01
200700023388,0,07,000,00,2,4,01,B01
200700023388,0,07,000,00,2,4,01,C01
200700023388,0,07,000,00,2,8,11,D01
200700023389,0,07,000,00,2,2,12,A01
200700023389,0,05,000,00,2,3,03,B01
200700023390,0,07,000,00,2,8,11,A01
200700023390,0,17,000,00,2,2,01,B01
200700023390,0,07,000,00,2,1,01,C01
200700023390,0,07,000,00,2,7,01,D01
200700023391,0,10,000,00,2,1,01,A01
200700023391,0,07,000,00,2,4,01,B01
200700023392,0,07,000,00,2,1,01,A01
200700023392,0,07,000,00,2,4,01,B01
200700023393,0,07,000,00,2,3,11,A01
200700023393,0,05,000,00,2,2,01,B01
200700023394,0,07,000,00,2,3,11,A01
200700023394,1,14,000,00,2,2,00,B01
200700023394,0,05,000,00,2,1,01,C01
200700023395,0,05,000,00,0,0,01,A01
200700023396,0,05,000,14,0,2,01,A01
200700023397,0,05,000,00,2,1,01,A01
200700023397,0,07,000,00,2,4,01,B01
200700023398,0,07,000,00,2,2,15,A01
200700023398,0,02,000,00,2,1,01,B01
200700023399,0,05,000,00,1,1,01,A01
200700023400,0,18,000,00,1,2,16,A01
200700023401,0,02,000,01,2,1,03,A01
200700023401,0,18,000,00,2,3,01,B01
200700023401,0,07,000,00,2,2,17,C01
200700023402,0,18,000,00,1,2,15,A01
200700023403,0,02,000,12,0,2,01,A01
200700023404,0,04,000,00,2,2,15,A01
200700023404,0,07,000,00,2,1,01,B01
200700023405,0,07,000,00,1,3,01,A01
200700023406,0,07,000,15,0,2,14,A01
200700023407,0,07,000,00,2,7,23,A01
200700023407,0,05,000,00,2,3,01,B01
200700023408,0,07,000,00,2,2,15,A01
200700023408,0,07,000,00,2,1,01,B01
200700023409,0,07,000,00,2,8,13,A01
200700023409,0,05,000,00,2,2,17,B01
200700023409,0,05,000,00,2,2,17,C01
200700023410,0,05,000,00,1,1,18,A01
200700023411,0,07,000,00,1,1,17,A01
200700023412,0,05,000,00,2,1,01,A01
200700023412,0,07,000,00,2,4,01,B01
200700023413,0,02,000,00,2,1,01,B01
200700023413,0,07,000,00,2,2,01,A01
200700023414,0,07,000,00,2,7,22,A01
200700023414,0,04,000,00,2,1,18,B01
200700023415,0,07,000,00,2,8,11,A01
200700023415,0,07,000,00,2,2,01,B01
200700023416,0,05,000,00,2,1,01,A01
200700023416,0,07,000,00,2,7,23,B01
200700023417,0,07,000,00,2,8,01,A01
200700023417,0,07,000,00,2,1,01,B01
200700023418,0,05,000,00,2,2,05,A01
200700023418,0,07,000,00,2,3,10,B01
200700023419,0,10,000,00,1,1,16,A01
200700023420,0,05,000,00,2,1,01,B01
200700023420,0,07,000,00,2,3,01,A01
200700023421,0,07,000,00,1,2,01,A01
200700023422,0,02,000,00,1,3,18,A01
200700023423,0,05,000,00,2,5,12,A01
200700023423,0,07,000,00,2,3,11,B01
200700023424,0,07,000,00,1,1,01,A01
200700023425,0,07,000,00,1,2,01,A01
200700023426,0,10,000,00,1,1,01,A01
200700023427,0,05,000,00,2,2,17,A01
200700023427,0,10,000,00,2,3,15,B01
200700023428,0,05,000,01,1,1,01,A01
200700023429,0,10,000,00,1,7,01,A01
200700023430,0,07,000,00,1,3,07,A01
200700023430,0,07,000,00,1,5,01,B01
200700023431,0,07,000,00,2,6,10,A01
200700023431,0,05,000,00,2,1,01,B01
200700023432,1,07,000,00,2,1,00,A01
200700023432,0,04,000,12,2,1,13,B01
200700023433,0,02,000,00,0,0,01,A01
200700023434,0,05,000,04,0,3,13,A01
200700023435,0,14,000,00,2,1,01,A01
200700023435,0,07,000,00,2,4,01,B01
200700023436,0,05,000,00,2,2,17,A01
200700023436,0,07,000,00,2,3,23,B01
200700023437,0,02,000,12,0,1,16,A01
200700023438,0,07,000,00,2,2,15,A01
200700023438,0,07,000,00,2,3,01,B01
200700023439,0,07,000,00,1,2,01,A01
200700023440,0,07,000,00,9,1,00,A01
200700023441,0,07,000,00,1,1,02,A01
200700023442,0,07,000,00,2,3,15,A01
200700023442,0,30,000,00,2,1,01,B01
200700023443,1,07,000,00,9,5,02,A01
200700023443,0,01,000,00,2,4,02,B01
200700023444,0,07,000,00,1,7,01,A01
200700023445,0,07,000,00,2,0,15,A01
200700023445,0,33,000,00,2,0,01,B01
200700023446,0,33,000,00,1,1,17,A01
200700023447,0,07,000,00,1,4,04,A01
200700023448,0,33,000,00,2,0,14,A01
200700023448,0,07,000,00,2,2,15,B01
200700023449,0,33,000,00,2,1,13,A01
200700023449,0,07,000,00,2,1,02,B01
200700023450,0,02,000,00,2,4,02,B01
200700023450,0,07,000,00,2,2,15,A01
200700023451,0,07,000,09,0,1,21,A01
200700023452,0,07,000,00,2,3,15,A01
200700023452,0,33,000,01,2,1,01,B01
200700023453,0,01,000,00,2,1,01,B01
200700023453,0,07,000,00,2,1,01,A01
200700023454,0,33,000,00,2,3,01,B01
200700023454,0,02,000,00,2,1,01,A01
200700023455,0,07,000,00,2,3,01,B01
200700023455,0,07,000,00,2,3,13,A01
200700023456,0,07,000,04,2,1,01,A01
200700023456,0,07,000,00,2,3,01,B01
200700023457,0,07,000,06,0,1,15,A01
200700023458,0,30,000,01,0,1,21,A01
200700023459,0,07,000,00,1,1,01,A01
200700023460,0,07,000,00,1,1,01,A01
200700023461,0,01,000,14,0,1,01,A01
200700023461,0,07,000,00,0,8,23,B01
200700023462,0,07,000,00,1,3,15,A01
200700023463,0,30,000,00,2,1,19,A01
200700023463,0,02,000,00,2,7,01,B01
200700023464,0,07,000,00,2,1,17,A01
200700023464,0,01,000,00,2,1,01,B01
200700023465,0,07,000,00,2,3,01,A01
200700023465,0,07,000,00,2,4,15,B01
200700023465,0,07,000,00,2,3,01,C01
200700023466,0,14,000,00,1,8,15,A01
200700023467,0,07,000,00,2,2,01,B01
200700023467,0,02,000,00,2,1,19,A01
200700023468,0,07,000,00,2,1,02,A01
200700023468,0,07,000,00,2,9,02,B01
200700023468,0,07,000,00,2,5,02,C01
200700023469,0,07,000,00,1,1,01,A01
200700023470,0,33,000,00,2,1,17,A01
200700023470,0,07,000,00,2,3,15,B01
200700023471,0,07,000,00,2,8,10,A01
200700023471,0,07,000,00,2,1,17,B01
200700023472,0,33,000,12,0,1,01,A01
200700023473,0,07,000,00,2,4,02,A01
200700023473,0,02,000,06,2,1,02,B01
200700023474,0,07,000,00,2,1,02,A01
200700023474,0,07,000,00,2,4,01,B01
200700023475,0,07,000,00,2,5,15,A01
200700023475,0,33,000,00,2,1,00,B01
200700023476,2,07,000,09,0,4,01,A01
200700023477,0,07,000,15,0,1,16,A01
200700023478,0,07,000,00,0,1,01,B01
200700023478,0,07,000,00,2,3,02,C01
200700023478,0,07,000,00,2,3,15,A01
200700023479,0,34,000,15,0,1,00,A01
200700023480,0,07,000,00,2,0,16,A01
200700023480,0,01,000,00,2,1,00,B01
200700023481,0,07,000,00,2,8,13,A01
200700023481,0,02,000,00,2,7,01,B01
200700023482,1,07,000,01,1,0,00,A01
200700023482,0,07,000,01,1,0,00,B01
200700023483,0,07,000,00,2,3,21,A01
200700023483,0,07,000,00,2,8,01,B01
200700023484,0,07,000,00,2,1,15,A01
200700023484,0,33,000,00,9,7,01,B01
200700023484,0,07,000,00,9,8,00,C01
200700023485,0,30,000,00,1,8,01,A01
200700023486,0,07,000,00,2,4,04,A01
200700023486,0,07,000,00,2,2,01,B01
200700023487,0,07,000,00,2,8,01,B01
200700023487,0,07,000,00,2,7,15,A01
200700023488,0,07,000,00,2,2,15,A01
200700023488,0,07,000,00,2,3,01,B01
200700023489,0,01,000,00,2,1,00,A01
200700023489,0,07,000,00,2,3,01,B01
200700023490,0,02,000,00,2,1,01,A01
200700023490,0,07,000,00,2,4,23,B01
200700023491,0,07,000,00,0,6,13,A01
200700023491,0,33,000,04,2,3,17,B01
200700023492,0,15,000,00,2,2,01,B01
200700023492,0,07,000,00,2,3,01,A01
200700023493,0,01,000,01,0,1,01,A01
200700023493,0,16,000,00,0,4,24,B01
200700023494,0,07,000,00,2,1,02,A01
200700023494,0,32,000,00,0,4,02,B01
200700023495,0,07,000,02,0,1,01,A01
200700023496,0,16,000,00,2,7,15,A01
200700023496,0,34,000,00,2,8,01,B01
200700023497,0,02,000,00,2,2,02,A01
200700023497,0,07,000,00,2,3,15,B01
200700023498,0,33,000,00,2,1,02,A01