Num_Acc,senc,catv,occutc,obs,obsm,choc,manv,num_veh
200700023498,0,07,000,00,2,4,02,B01
200700023499,0,30,000,00,2,1,01,B01
200700023499,0,01,000,00,2,1,19,A01
200700023500,0,07,000,00,1,0,01,A01
200700023501,1,35,000,00,1,1,00,A01
200700023502,0,07,000,00,2,3,15,A01
200700023502,0,01,000,00,2,3,01,B01
200700023503,0,07,000,00,0,1,02,A01
200700023503,0,07,000,00,0,4,02,B01
200700023504,0,02,000,00,2,3,09,A01
200700023504,0,07,000,00,2,1,01,B01
200700023505,2,07,000,14,0,1,05,A01
200700023505,0,07,000,00,2,1,02,B01
200700023506,0,07,000,08,2,7,13,A01
200700023506,0,07,000,00,2,2,01,B01
200700023507,0,30,000,00,2,1,01,B01
200700023507,2,07,000,00,2,4,01,A01
200700023508,0,07,000,00,1,0,16,A01
200700023509,0,02,000,00,2,1,01,A01
200700023509,0,07,000,00,2,2,15,B01
200700023510,0,07,000,00,0,0,23,A01
200700023510,0,33,000,00,2,1,17,C01
200700023510,0,07,000,00,2,3,15,B01
200700023511,0,33,000,02,0,1,01,A01
200700023512,0,16,000,00,2,1,02,A01
200700023512,0,07,000,00,0,4,01,B01
200700023513,0,07,000,00,2,7,15,A01
200700023513,0,33,000,00,2,1,01,B01
200700023514,0,02,000,00,0,7,01,A01
200700023515,0,07,000,00,2,8,09,A01
200700023515,0,33,000,00,2,1,01,B01
200700023516,0,07,000,00,2,8,09,A01
200700023516,0,07,000,00,2,2,01,B01
200700023517,0,07,000,00,2,2,01,B01
200700023517,0,07,000,00,2,8,19,A01
200700023518,0,07,000,00,2,7,15,A01
200700023518,0,32,000,00,2,1,01,B01
200700023519,0,07,000,00,2,1,02,A01
200700023519,0,07,000,00,0,4,23,B01
200700023520,0,10,000,00,2,3,15,A01
200700023520,0,02,000,00,2,1,01,B01
200700023521,0,30,000,08,0,1,01,A01
200700023521,0,30,000,00,2,1,02,B01
200700023521,0,07,000,00,0,5,01,C01
200700023522,0,33,000,00,2,0,21,A01
200700023522,0,37,000,00,0,0,17,B01
200700023523,0,07,000,00,2,3,01,A01
200700023523,0,07,000,00,2,1,05,B01
200700023524,0,07,000,00,0,1,00,A01
200700023524,0,07,000,00,0,1,00,B01
200700023524,0,07,000,00,0,3,00,C01
200700023525,0,07,000,00,0,0,00,A01
200700023525,0,02,000,00,0,0,00,B01
200700023526,0,33,000,00,2,1,17,A01
200700023526,0,01,000,00,2,5,19,B01
200700023527,0,07,000,00,0,2,00,V01
200700023528,0,33,000,00,0,8,00,A01
200700023529,0,07,000,00,1,3,01,A01
200700023530,1,07,000,00,9,8,18,A01
200700023530,0,01,000,00,0,8,02,B01
200700023531,0,07,000,00,2,2,01,B01
200700023531,0,07,000,00,2,3,19,A01
200700023532,0,07,000,00,9,7,01,A01
200700023532,0,01,000,00,2,2,14,B01
200700023533,0,07,000,00,1,2,00,A01
200700023534,0,07,000,16,0,1,01,A01
200700023535,0,07,000,00,1,7,01,A01
200700023536,0,01,000,00,0,1,00,B01
200700023536,0,07,000,00,0,2,00,A01
200700023537,0,33,000,00,2,8,05,A01
200700023537,0,07,000,16,2,3,00,B01
200700023538,0,30,000,00,2,7,01,B01
200700023538,0,07,000,00,2,7,20,A01
200700023539,0,33,000,00,0,0,02,A01
200700023540,0,33,000,00,0,0,21,A01
200700023541,0,07,000,00,2,3,09,A01
200700023541,0,30,000,00,2,2,00,B01
200700023542,0,07,000,00,1,2,01,A01
200700023543,0,07,000,00,2,8,15,A01
200700023543,0,32,000,00,2,1,17,B01
200700023544,0,07,000,00,1,2,00,A01
200700023545,0,07,000,00,2,1,09,A01
200700023545,0,01,000,00,2,7,02,B01
200700023546,0,07,000,00,1,1,02,A01
200700023547,0,07,000,00,0,1,00,A01
200700023547,0,07,000,00,0,1,01,B01
200700023548,0,02,000,00,2,8,01,A01
200700023548,1,07,000,00,0,0,01,B01
200700023549,0,33,000,08,0,1,01,A01
200700023550,0,10,000,00,1,3,15,A01
200700023551,0,31,000,00,2,1,17,A01
200700023551,0,07,000,00,2,8,15,B01
200700023552,0,10,000,08,0,7,15,A01
200700023552,1,07,000,00,0,0,00,B01
200700023553,0,33,000,00,0,8,01,A01
200700023554,0,07,000,00,2,2,01,B01
200700023554,0,07,000,00,2,1,01,A01
200700023555,0,07,000,00,2,1,02,A01
200700023555,0,07,000,00,2,4,02,B01
200700023555,0,10,000,00,2,4,02,C01
200700023556,0,02,000,00,2,1,01,A01
200700023556,0,07,000,00,2,8,01,B01
200700023557,0,07,000,00,0,4,01,A01
200700023557,0,07,000,00,2,4,01,B01
200700023557,0,07,000,00,2,1,01,C01
200700023558,0,07,000,00,1,1,15,A01
200700023559,0,07,000,00,1,3,01,A01
200700023560,0,13,000,00,2,2,00,A01
200700023560,0,07,000,00,2,6,09,B01
200700023561,0,10,000,14,2,2,16,A01
200700023561,0,07,000,00,2,1,01,B01
200700023562,0,07,000,00,1,1,15,A01
200700023563,0,07,000,00,0,6,02,B01
200700023563,0,07,000,00,2,7,03,A01
200700023564,0,01,000,00,2,0,19,A01
200700023564,0,07,000,00,9,3,02,B01
200700023565,0,07,000,00,9,8,00,A01
200700023565,0,01,000,00,2,1,01,B01
200700023566,1,07,000,00,0,0,00,A01
200700023566,0,02,000,00,2,0,00,B01
200700023566,0,02,000,00,2,0,02,C01
200700023567,0,10,000,00,2,1,02,A01
200700023567,0,07,000,00,0,4,23,B01
200700023568,0,07,000,00,9,0,01,A01
200700023568,0,01,000,00,9,1,01,B01
200700023569,0,07,000,00,1,4,04,A01
200700023570,0,07,000,00,1,1,01,A01
200700023571,0,14,000,00,2,1,02,A01
200700023571,0,07,000,00,2,4,23,B01
200700023572,0,10,000,00,2,8,10,A01
200700023572,0,31,000,00,0,1,01,B01
200700023573,0,31,000,00,0,7,00,A01
200700023573,0,07,000,00,0,0,00,B01
200700023574,0,07,000,00,2,7,14,A01
200700023574,0,07,000,02,0,8,02,B01
200700023575,0,07,000,00,1,1,09,A01
200700023576,0,07,000,00,2,8,09,A01
200700023576,0,33,000,00,2,1,21,B01
200700023577,1,07,000,00,2,1,00,A01
200700023577,0,07,000,00,2,4,00,B01
200700023578,0,07,000,00,1,1,00,A01
200700023579,0,07,000,00,2,4,04,A01
200700023579,0,07,000,00,2,4,24,B01
200700023579,0,07,000,00,2,1,24,C01
200700023580,0,07,000,00,2,1,01,A01
200700023580,0,07,000,00,2,4,01,B01
200700023581,0,07,000,05,0,1,00,A01
200700023582,0,07,000,00,2,1,01,B01
200700023582,0,07,000,00,2,3,16,A01
200700023583,0,31,000,00,2,1,01,B01
200700023583,0,07,000,00,2,3,15,A01
200700023584,0,07,000,00,1,1,01,A01
200700023585,0,07,000,00,2,1,02,A01
200700023585,0,07,000,00,2,9,02,B01
200700023585,0,07,000,00,2,4,02,C01
200700023586,0,07,000,00,1,1,01,A01
200700023587,0,07,000,00,2,2,00,A01
200700023587,0,02,000,00,2,8,00,B01
200700023588,0,07,000,00,2,0,01,A01
200700023588,0,01,000,00,2,1,01,B01
200700023589,0,31,000,12,0,0,17,A01
200700023590,0,07,000,00,2,1,02,A01
200700023590,0,07,000,00,0,4,00,B01
200700023591,0,07,000,12,0,1,01,A01
200700023592,0,33,000,00,2,1,01,A01
200700023592,0,07,000,00,2,6,01,B01
200700023593,0,30,000,00,2,1,15,A01
200700023593,0,07,000,00,2,3,14,B01
200700023594,0,33,000,00,0,0,02,A01
200700023595,0,38,001,00,2,1,01,A01
200700023595,0,99,000,00,2,4,01,B01
200700023596,0,33,000,00,2,1,02,A01
200700023596,0,07,000,00,2,6,02,B01
200700023597,0,07,000,00,2,5,01,A01
200700023597,0,07,000,00,2,1,01,B01
200700023598,0,07,000,00,2,8,13,A01
200700023598,0,02,000,00,2,7,17,B01
200700023599,0,30,000,00,2,1,01,B01
200700023599,0,10,000,00,2,7,15,A01
200700023600,0,07,000,00,2,3,13,A01
200700023600,0,07,000,01,2,2,01,B01
200700023601,0,07,000,00,2,3,13,A01
200700023601,0,07,000,00,2,3,01,B01
200700023602,0,07,000,00,2,1,13,A01
200700023602,0,07,000,00,2,0,01,B01
200700023603,0,07,000,00,0,9,14,A01
200700023604,0,01,000,00,0,7,00,B01
200700023604,1,32,000,00,2,0,00,A01
200700023605,0,30,000,00,2,1,01,B01
200700023605,0,07,000,00,2,1,01,A01
200700023606,0,30,000,00,2,0,15,A01
200700023606,0,07,000,00,2,1,15,B01
200700023607,0,32,000,00,2,7,17,A01
200700023607,0,07,000,00,2,8,15,B01
200700023608,0,07,000,00,0,4,23,B01
200700023608,0,07,000,00,2,1,02,A01
200700023609,0,07,000,00,2,2,15,A01
200700023609,0,07,000,00,2,8,01,B01
200700023610,0,33,000,00,2,7,17,A01
200700023610,0,07,000,00,2,3,15,B01
200700023611,0,33,000,00,0,8,00,A01
200700023612,0,07,000,00,1,7,01,A01
200700023613,0,07,000,00,1,1,01,A01
200700023614,0,07,000,01,2,8,14,A01
200700023614,0,33,000,00,2,7,01,B01
200700023615,0,07,000,00,1,2,01,A01
200700023615,0,07,000,00,0,0,23,B01
200700023616,0,07,000,00,6,1,01,A01
200700023617,0,07,000,00,2,3,01,A01
200700023617,0,37,020,00,2,2,01,B01
200700023618,0,07,000,00,2,1,16,A01
200700023618,0,07,000,00,0,4,16,B01
200700023619,0,02,000,00,2,1,01,A01
200700023619,0,07,000,00,0,4,23,B01
200700023620,0,07,000,01,0,4,01,A01
200700023621,0,07,000,05,0,1,01,A01
200700023622,0,10,000,00,2,1,09,A01
200700023622,0,33,000,00,2,7,01,B01
200700023623,0,07,000,00,2,6,11,A01
200700023623,0,33,000,00,0,7,01,B01
200700023624,0,07,000,00,2,1,02,A01
200700023624,0,07,000,00,2,4,23,B01
200700023624,0,07,000,00,0,4,23,C01
200700023625,0,99,000,00,2,1,01,A01
200700023625,0,30,000,00,2,1,01,B01
200700023626,0,33,000,00,2,4,02,A01
200700023626,0,07,000,00,0,4,00,B01
200700023627,0,07,000,00,2,1,01,A01
200700023627,0,07,000,00,0,4,01,B01
200700023628,0,07,000,00,1,2,01,A01
200700023628,0,01,000,00,2,8,19,B01
200700023629,0,07,000,01,0,1,01,A01
200700023630,0,07,000,00,2,1,01,A01
200700023630,0,07,000,00,2,4,23,B01
200700023631,0,07,000,00,1,3,01,A01
200700023632,0,33,000,00,2,1,02,A01
200700023632,0,07,000,00,0,3,02,B01
200700023633,0,07,000,00,2,1,01,A01
200700023633,0,07,000,00,2,1,01,B01
200700023634,0,07,000,00,2,2,01,A01
200700023634,0,32,000,00,2,1,15,B01
200700023635,0,07,000,00,2,1,01,A01
200700023635,0,07,000,00,2,3,01,B01
200700023636,0,07,000,00,1,2,01,A01
200700023637,0,07,000,00,2,1,01,A01
200700023637,0,01,000,00,2,4,01,B01
200700023638,0,10,000,00,1,2,05,A01
200700023639,0,33,000,00,1,1,01,A01
200700023640,0,07,000,03,0,1,14,A01
200700023641,0,07,000,00,1,1,17,A01
200700023642,0,07,000,00,9,8,01,A01
200700023642,0,02,000,00,2,1,01,B01
200700023643,0,07,000,00,2,1,01,A01
200700023643,0,07,000,00,2,4,15,B01
200700023644,0,14,000,00,2,5,15,A01
200700023644,0,07,000,00,2,1,05,B01
200700023645,0,02,000,00,2,3,01,A01
200700023645,0,10,000,00,0,2,01,B01
200700023646,0,02,000,00,2,1,01,B01
200700023646,0,07,000,00,2,7,01,A01
200700023647,0,07,000,00,2,1,01,B01
200700023647,0,07,000,00,2,1,15,A01
200700023648,0,07,000,00,1,1,15,A01
200700023649,0,02,000,16,0,1,01,A01
200700023650,0,07,000,00,2,2,10,A01
200700023650,0,07,000,00,2,3,01,B01
200700023651,0,07,000,03,0,9,01,A01
200700023652,0,07,000,03,0,0,01,A01
200700023653,0,02,000,00,1,1,01,A01
200700023654,0,33,000,08,0,3,01,A01
200700023655,0,07,000,00,2,2,09,A01
200700023655,0,02,000,00,2,7,01,B01
200700023656,0,10,000,00,2,2,01,B01
200700023656,0,07,000,00,2,3,15,A01
200700023657,0,07,000,14,0,1,01,A01
200700023658,0,07,000,16,0,9,01,A01
200700023659,0,02,000,16,0,2,01,A01
200700023660,0,07,000,00,2,3,10,A01
200700023660,0,33,000,00,2,1,01,B01
200700023661,0,07,000,00,2,5,15,A01
200700023661,0,33,000,00,2,1,01,B01
200700023662,0,07,000,00,2,1,01,A01
200700023662,0,07,000,00,2,4,01,B01
200700023662,0,07,000,00,2,4,01,C01
200700023662,0,07,000,00,2,4,01,D01
200700023663,0,07,000,00,1,1,01,A01
200700023664,0,07,000,08,2,2,17,A01
200700023664,0,07,000,00,2,3,01,B01
200700023665,0,07,000,00,2,3,15,A01
200700023665,0,07,000,00,2,1,01,B01
200700023666,0,02,000,00,2,1,01,A01
200700023666,0,07,000,00,2,3,15,B01
200700023667,0,07,000,00,2,6,17,A01
200700023667,0,02,000,01,2,1,17,B01
200700023668,0,07,000,00,2,5,15,A01
200700023668,0,02,000,00,2,1,01,B01
200700023669,0,07,000,00,1,1,01,A01
200700023670,0,07,000,00,2,2,01,B01
200700023670,0,01,000,00,2,1,15,A01
200700023671,0,07,000,16,0,9,01,A01
200700023672,0,07,000,00,1,1,01,A01
200700023673,0,07,000,00,2,1,01,A01
200700023673,0,33,000,00,2,4,01,B01
200700023674,0,07,000,00,1,1,01,A01
200700023675,0,33,000,16,0,7,01,A01
200700023676,0,02,000,00,2,1,01,A01
200700023676,0,07,000,00,2,2,20,B01
200700023677,0,02,000,16,0,1,01,A01
200700023678,0,07,000,01,5,1,13,A01
200700023679,0,02,000,00,1,1,01,A01
200700023680,0,07,000,00,2,3,15,A01
200700023680,0,07,000,00,2,2,15,B01
200700023681,0,07,000,00,2,2,16,A01
200700023681,0,30,000,00,2,1,01,B01
200700023682,0,07,000,00,1,6,15,A01
200700023683,0,07,000,00,2,1,15,A01
200700023683,0,31,000,00,2,1,01,B01
200700023684,0,10,000,00,2,3,15,A01
200700023684,0,01,000,00,2,1,01,B01
200700023685,0,30,000,00,2,3,01,A01
200700023685,0,07,000,00,2,3,01,B01
200700023686,0,02,000,03,0,2,01,A01
200700023687,0,07,000,00,2,1,09,A01
200700023687,0,02,000,00,0,2,01,B01
200700023688,0,07,000,01,0,2,14,A01
200700023688,0,07,000,00,0,6,24,B01
200700023689,0,01,000,00,2,8,13,A01
200700023689,0,07,000,00,2,2,17,B01
200700023690,0,07,000,01,0,1,02,A01
200700023691,0,10,000,00,2,2,01,B01
200700023691,0,07,000,00,2,3,15,A01
200700023692,0,33,000,00,0,7,16,A01
200700023693,0,10,000,00,2,3,15,A01
200700023693,0,07,000,00,2,3,01,B01
200700023694,0,07,000,00,2,7,17,A01
200700023694,0,02,000,00,2,8,01,B01
200700023695,0,07,000,00,1,1,01,A01
200700023696,0,07,000,00,2,3,15,A01
200700023696,0,07,000,00,2,2,01,B01
200700023697,0,07,000,00,2,1,02,A01
200700023697,0,07,000,00,0,4,23,B01
200700023698,0,07,000,10,0,2,14,A01
200700023699,0,07,000,00,2,3,01,B01
200700023699,0,37,025,00,2,3,16,A01
200700023700,0,07,000,00,4,1,01,A01
200700023701,0,07,000,00,2,7,01,A01
200700023701,0,10,000,00,2,8,09,B01
200700023701,1,07,000,00,0,0,17,C01
200700023702,0,07,000,00,2,3,15,A01
200700023702,0,33,000,00,2,1,01,B01
200700023703,0,10,000,00,0,8,01,A01
200700023704,0,07,000,00,2,2,01,B01
200700023704,0,07,000,02,2,3,21,A01
200700023705,0,07,000,00,0,0,01,A01
200700023706,1,07,000,00,2,1,09,A01
200700023706,0,01,000,00,2,1,01,B01
200700023707,0,07,000,00,2,7,15,A01
200700023707,0,07,000,00,2,1,01,B01
200700023708,0,07,000,00,2,1,02,A01
200700023708,0,07,000,00,2,4,01,B01
200700023709,0,30,000,00,2,1,01,A01
200700023709,0,07,000,00,0,1,01,B01
200700023710,0,07,000,00,2,2,01,A01
200700023710,0,07,000,00,2,6,19,B01
200700023711,2,33,000,10,0,7,14,A01
200700023712,0,07,000,00,2,3,01,A01
200700023712,0,07,000,00,2,2,15,B01
200700023713,0,31,000,00,2,1,17,A01
200700023713,0,99,000,00,2,3,15,B01
200700023714,0,31,000,00,2,8,13,A01
200700023714,0,07,000,00,2,8,01,B01
200700023715,0,07,000,00,9,2,01,A01
200700023716,0,07,000,00,2,4,04,A01
200700023716,0,07,000,00,2,5,21,B01
200700023717,0,33,000,01,0,2,05,A01
200700023718,0,30,000,00,2,7,01,B01
200700023718,0,07,000,00,2,2,01,A01
200700023719,0,34,000,06,0,1,01,A01
200700023720,1,07,000,01,0,2,01,A01
200700023721,0,07,000,00,2,6,11,A01
200700023721,0,07,000,00,2,2,01,B01
200700023722,0,01,000,00,1,0,18,A01
200700023723,0,33,000,00,2,1,09,A01
200700023723,0,33,000,00,2,8,00,B01
200700023724,0,07,000,00,1,1,01,A01
200700023725,0,07,000,00,2,1,01,A01
200700023725,0,07,000,00,0,4,23,B01
200700023726,0,07,000,00,1,3,01,A01
200700023727,0,02,000,00,2,0,15,A01
200700023727,0,07,000,00,0,3,23,B01
200700023728,0,07,000,00,2,1,15,B01
200700023728,0,07,000,00,2,3,01,A01
200700023729,0,07,000,00,2,0,01,B01
200700023729,0,07,000,00,2,0,01,A01
200700023730,0,30,000,00,2,7,17,A01
200700023730,0,07,000,00,2,8,11,B01
200700023731,0,07,000,01,0,1,02,A01
200700023731,0,37,001,00,0,4,02,B01
200700023732,0,30,000,00,2,1,17,B01
200700023732,0,07,000,00,2,3,15,A01
200700023733,0,03,000,00,2,1,13,A01
200700023733,0,07,000,00,2,1,01,B01
200700023734,0,07,000,00,1,3,15,A01
200700023735,0,07,000,00,2,3,15,A01
200700023735,0,33,000,00,2,2,01,B01
200700023736,0,07,000,14,0,3,02,A01
200700023737,0,07,000,00,2,1,02,A01
200700023737,0,07,000,00,0,4,02,B01
200700023738,0,07,000,00,1,3,01,A01
200700023739,1,07,000,00,2,1,01,A01
200700023739,0,32,000,00,2,8,15,B01
200700023740,0,07,000,00,1,1,15,A01
200700023741,0,32,000,00,2,1,01,A01
200700023741,1,07,000,00,2,0,16,B01
200700023742,0,07,000,00,1,1,15,A01
200700023743,0,33,000,00,2,3,01,B01
200700023743,0,07,000,00,2,1,15,A01
200700023744,0,37,002,00,2,1,01,B01
200700023744,0,32,000,00,2,1,01,A01
200700023745,0,30,000,01,2,1,17,A01
200700023745,0,07,000,00,2,3,20,B01
200700023746,0,30,000,00,0,0,01,A01
200700023746,0,07,000,00,0,2,01,B01
200700023747,0,10,000,00,2,2,21,A01
200700023747,0,07,000,00,2,6,01,B01
200700023747,0,07,000,00,0,4,01,C01
200700023748,0,07,000,00,0,4,01,B01
200700023748,0,13,000,00,0,1,02,A01
200700023749,0,07,000,00,2,7,01,A01
200700023749,0,33,000,00,2,1,01,B01
200700023750,0,07,000,00,2,3,15,A01
200700023750,0,33,000,00,2,1,00,B01
200700023751,0,02,000,00,2,1,01,B01
200700023751,0,07,000,00,2,3,10,A01
200700023752,0,07,000,00,0,1,02,A01
200700023752,0,31,000,00,0,4,02,B01
200700023753,0,07,000,00,2,5,01,B01
200700023753,0,33,000,00,2,7,09,A01
200700023754,0,07,000,00,2,1,15,A01
200700023754,0,30,000,00,2,1,01,B01
200700023755,0,07,000,00,2,3,13,A01
200700023755,0,02,000,00,2,7,01,B01
200700023756,0,33,000,00,0,1,00,A01
200700023756,1,07,000,00,0,0,00,B01
200700023757,0,02,000,00,2,1,18,A01
200700023757,0,07,000,00,0,5,16,B01
200700023758,0,07,000,00,2,1,01,B01
200700023758,0,07,000,00,2,3,15,A01
200700023759,0,07,000,00,2,2,01,A01
200700023759,0,30,000,00,2,8,15,B01
200700023760,0,07,000,00,2,3,05,A01
200700023760,0,07,000,00,2,0,00,B01
200700023761,0,02,000,00,2,3,18,A01
200700023761,0,13,000,00,2,2,16,B01
200700023762,0,33,000,00,1,7,21,A01
200700023763,0,07,000,00,2,1,00,A01
200700023763,0,30,000,00,2,5,15,B01
200700023764,0,07,000,00,2,3,01,B01
200700023764,0,07,000,00,2,2,19,A01
200700023765,0,30,000,00,1,1,01,A01
200700023766,0,30,000,00,2,3,09,A01
200700023766,0,30,000,00,2,2,02,B01
200700023767,0,07,000,11,2,2,01,A01
200700023767,0,07,000,00,2,3,01,B01
200700023768,0,07,000,00,2,1,02,A01
200700023768,0,07,000,00,2,4,02,B01
200700023769,0,32,000,00,2,8,07,A01
200700023770,0,07,000,00,0,4,01,A01
200700023770,0,07,000,00,2,9,02,B01
200700023770,0,10,000,00,0,1,02,C01
200700023771,0,07,000,00,2,1,01,A01
200700023771,0,07,000,00,2,4,23,B01
200700023771,0,07,000,00,2,4,23,C01
200700023772,0,07,000,00,2,1,01,A01
200700023772,0,07,000,00,2,4,23,B01
200700023772,0,07,000,00,2,4,23,C01
200700023773,0,07,000,00,2,1,01,A01
200700023773,0,07,000,00,2,4,01,B01
200700023774,0,33,000,00,2,1,00,A01
200700023774,0,07,000,00,0,4,00,B01
200700023775,0,07,000,00,1,2,01,A01
200700023776,0,07,000,00,2,1,02,A01
200700023776,0,10,000,00,2,4,01,B01
200700023777,0,07,000,00,1,3,15,A01
200700023778,0,07,000,00,0,4,00,A01
200700023778,0,07,000,00,2,2,00,B01
200700023778,0,07,000,00,2,1,02,C01
200700023778,0,07,000,00,0,1,00,D01
200700023779,0,07,000,00,2,1,01,A01
200700023779,0,07,000,00,2,4,01,B01
200700023780,0,07,000,00,1,1,01,A01
200700023781,0,07,000,00,1,1,09,A01
200700023782,0,07,000,06,0,1,00,A01
200700023783,0,01,000,01,0,1,18,A01
200700023783,0,07,000,00,2,2,24,B01
200700023784,0,07,000,00,2,5,15,A01
200700023784,0,31,000,00,2,1,01,B01
200700023785,0,32,000,00,2,1,05,A01
200700023785,0,07,000,00,2,8,01,B01
200700023786,0,07,000,00,2,1,13,A01
200700023786,0,07,000,00,2,1,01,B01
200700023787,0,07,000,00,2,1,15,A01
200700023787,0,07,000,00,2,1,01,B01
200700023788,0,34,000,01,2,1,18,A01
200700023788,0,07,000,00,2,7,20,B01
200700023789,0,07,000,09,0,4,04,A01
200700023790,0,30,000,00,2,7,01,B01
200700023790,0,07,000,00,2,0,09,A01
200700023791,0,30,000,00,2,1,01,A01
200700023791,0,07,000,00,2,1,13,B01
200700023792,0,02,000,00,2,7,01,B01
200700023792,0,07,000,00,2,1,16,A01
200700023793,0,07,000,00,1,3,01,A01
200700023794,0,07,000,00,2,1,15,A01
200700023794,0,02,000,00,2,1,01,B01
200700023795,0,07,000,00,2,3,15,A01
200700023795,0,32,000,00,2,1,01,B01
200700023796,0,33,000,00,2,1,01,A01
200700023796,0,07,000,00,2,6,23,B01
200700023797,0,07,000,05,0,2,13,A01
200700023798,0,07,000,06,2,6,13,A01
200700023798,0,07,000,00,2,2,01,B01
200700023799,2,07,000,00,2,1,13,A01
200700023799,0,07,000,02,2,8,01,B01
200700023800,0,07,000,00,2,1,01,A01
200700023800,0,07,000,00,2,2,01,B01
200700023800,0,07,000,00,2,6,16,C01
200700023801,0,07,000,08,0,1,01,A01
200700023802,0,10,000,00,2,2,12,A01
200700023802,0,02,000,00,2,3,18,B01
200700023803,0,33,000,00,2,2,17,B01
200700023803,0,07,000,00,2,6,11,A01
200700023804,0,33,000,00,2,1,01,A01
200700023804,0,21,000,00,2,3,15,B01
200700023805,0,17,000,00,1,3,01,A01
200700023806,0,33,000,00,1,1,17,A01
200700023807,0,20,000,00,2,1,01,B01
200700023807,0,02,000,00,2,1,09,A01
200700023808,0,07,000,00,1,2,01,A01
200700023809,0,07,000,00,2,3,15,A01
200700023809,0,02,000,00,2,1,02,B01
200700023810,0,07,000,00,2,3,02,B01
200700023810,0,07,000,00,2,1,23,C01
200700023810,0,07,000,00,2,1,23,D01
200700023810,0,07,000,00,2,2,19,A01
200700023811,0,07,000,00,2,3,19,A01
200700023811,0,05,000,00,2,7,02,B01
200700023812,0,01,000,00,2,2,06,A01
200700023812,0,07,000,00,2,3,02,B01
200700023813,0,02,000,00,2,3,02,A01
200700023813,0,02,000,00,2,6,15,B01
200700023814,0,07,000,00,2,1,02,A01
200700023814,0,01,000,00,2,1,02,B01
200700023815,0,07,000,00,2,1,15,A01
200700023815,0,07,000,00,2,3,02,B01
200700023816,0,07,000,00,2,1,01,A01
200700023816,0,07,000,03,2,4,02,B01
200700023817,0,07,000,00,2,2,16,A01
200700023817,0,33,000,00,2,3,18,B01
200700023818,0,07,000,00,1,4,04,A01
200700023819,0,07,000,02,0,8,03,A01
200700023820,0,02,000,02,0,1,01,A01
200700023821,0,02,000,00,2,1,01,A01
200700023821,0,07,000,00,2,5,01,B01
200700023821,0,07,000,00,2,6,01,C01
200700023822,0,07,000,00,2,2,12,A01
200700023822,0,33,000,00,2,8,01,B01
200700023823,0,07,000,00,2,3,13,A01
200700023823,0,10,000,00,2,3,01,B01
200700023824,0,07,000,00,2,1,02,A01
200700023824,0,07,000,00,2,4,15,B01
200700023825,0,02,000,00,2,6,15,A01
200700023825,0,02,000,00,2,1,17,B01
200700023826,0,07,000,00,2,1,01,A01
200700023826,0,07,000,00,2,4,02,B01
200700023826,0,07,000,00,2,1,01,C01
200700023826,0,07,000,00,2,4,02,D01
200700023827,0,07,000,00,2,2,01,A01
200700023827,0,07,000,00,2,7,01,B01
200700023828,0,07,000,00,2,3,20,A01
200700023828,0,30,000,00,2,1,01,B01
200700023829,0,33,000,00,2,1,14,A01
200700023829,0,07,000,00,2,6,23,B01
200700023830,0,07,000,00,2,7,15,A01
200700023830,0,33,000,00,2,1,01,B01
200700023831,0,33,000,00,2,1,01,B01
200700023831,0,07,000,00,2,2,15,A01
200700023832,0,07,000,00,1,3,15,A01
200700023833,0,10,000,03,2,2,17,A01
200700023833,0,07,000,03,2,5,17,B01
200700023834,0,07,000,00,2,7,16,A01
200700023834,0,30,000,00,2,1,07,B01
200700023835,0,07,000,00,1,2,01,A01
200700023836,0,07,000,13,5,2,02,A01
200700023837,0,31,000,00,2,1,02,B01
200700023837,0,07,000,00,2,6,02,A01
200700023838,0,10,000,00,2,1,02,A01
200700023838,0,07,000,00,2,4,02,B01
200700023838,0,07,000,00,2,4,02,C01
200700023839,0,33,000,00,2,0,01,B01
200700023839,0,07,000,00,2,0,12,A01
200700023840,0,15,000,01,2,1,01,A01
200700023840,0,15,000,00,2,4,02,B01
200700023841,0,07,000,00,1,1,01,A01
200700023842,0,02,000,00,2,1,02,A01
200700023842,0,07,000,00,2,4,01,B01
200700023843,1,30,000,00,1,1,00,A01
200700023844,0,07,000,15,0,3,02,A01
200700023845,0,07,000,00,2,1,01,A01
200700023845,0,02,000,00,2,5,01,B01
200700023846,0,07,000,00,2,1,02,A01
200700023846,0,07,000,00,2,4,02,B01
200700023846,0,07,000,00,2,4,02,C01
200700023847,0,02,000,00,0,7,00,A01
200700023848,0,07,000,00,2,1,02,A01
200700023848,0,07,000,00,2,4,02,B01
200700023849,0,07,000,00,2,1,02,A01
200700023849,0,07,000,00,2,4,02,B01
200700023849,0,07,000,00,2,1,02,C01
200700023849,0,07,000,00,2,4,02,D01
200700023849,0,07,000,00,2,4,02,E01
200700023850,0,02,000,12,0,1,02,A01
200700023851,0,07,000,00,2,0,01,A01
200700023851,0,07,000,00,2,0,01,B01
200700023852,0,07,000,00,2,1,00,A01
200700023852,0,07,000,00,2,8,01,B01
200700023853,0,33,000,00,0,0,00,A01
200700023854,0,07,000,00,1,5,02,A01
200700023855,0,02,000,13,0,2,02,A01
200700023856,0,07,000,13,0,1,02,A01
200700023857,0,30,000,12,0,8,02,A01
200700023858,0,02,000,00,2,2,01,A01