Num_Acc,senc,catv,occutc,obs,obsm,choc,manv,num_veh
200700023858,0,07,000,00,2,1,20,B01
200700023859,0,02,000,00,0,0,01,A01
200700023859,1,07,000,00,0,0,01,B01
200700023860,0,07,000,13,0,1,01,A01
200700023861,0,07,000,02,0,1,01,A01
200700023862,0,07,000,00,2,2,01,A01
200700023862,0,31,000,00,2,1,01,B01
200700023863,0,07,000,03,0,1,01,A01
200700023864,0,07,000,02,0,1,01,A01
200700023865,0,07,000,00,2,1,02,A01
200700023865,0,07,000,00,2,4,01,B01
200700023866,0,07,000,00,2,5,15,A01
200700023866,0,01,000,00,2,1,01,B01
200700023867,0,10,000,00,2,1,15,A01
200700023867,0,10,000,00,2,1,01,B01
200700023868,0,07,000,00,2,2,15,A01
200700023868,0,01,000,00,2,0,01,B01
200700023869,0,01,000,00,2,0,01,A01
200700023869,1,07,000,00,2,2,17,B01
200700023870,0,07,000,00,2,1,15,A01
200700023870,0,07,000,00,2,1,01,B01
200700023871,0,07,000,13,0,0,01,A01
200700023872,0,01,000,00,0,0,01,A01
200700023873,0,07,000,00,1,0,01,A01
200700023874,0,33,000,00,2,8,01,B01
200700023874,0,07,000,00,2,2,01,A01
200700023875,0,07,000,00,0,9,01,A01
200700023876,0,33,000,00,0,2,01,A01
200700023877,0,07,000,00,2,2,17,B01
200700023877,0,01,000,00,2,1,15,A01
200700023878,0,01,000,00,2,1,01,A01
200700023878,0,07,000,00,2,3,01,B01
200700023879,0,10,000,00,1,3,01,A01
200700023880,0,01,000,00,2,1,19,A01
200700023880,0,07,000,00,2,6,01,B01
200700023881,1,30,000,06,2,1,02,A01
200700023881,0,02,000,06,0,8,02,B01
200700023882,0,07,000,00,2,1,17,A01
200700023882,0,07,000,00,2,6,01,B01
200700023883,0,07,000,00,2,3,15,A01
200700023883,0,33,000,08,2,1,01,B01
200700023884,0,07,000,09,2,1,00,A01
200700023884,0,01,000,00,2,1,01,B01
200700023885,0,07,000,00,2,1,00,A01
200700023885,0,17,000,00,2,3,01,B01
200700023886,0,07,000,00,1,8,01,B01
200700023886,0,02,000,00,2,1,01,A01
200700023887,0,02,000,00,2,3,18,A01
200700023887,0,10,000,00,2,2,01,B01
200700023888,0,02,000,00,2,2,15,A01
200700023888,0,33,000,00,2,1,01,B01
200700023889,0,07,000,00,2,8,10,A01
200700023889,0,33,000,00,2,7,17,B01
200700023890,0,17,000,00,2,7,14,A01
200700023890,0,07,000,00,2,8,16,B01
200700023891,0,01,000,00,2,3,02,A01
200700023891,0,33,000,00,2,1,02,B01
200700023892,0,07,000,00,2,1,00,A01
200700023892,0,33,000,00,2,3,01,B01
200700023892,0,07,000,00,2,4,01,C01
200700023892,0,07,000,00,2,3,01,D01
200700023892,0,07,000,00,2,3,01,E01
200700023893,0,07,000,00,2,2,01,A01
200700023893,0,02,000,00,2,1,11,B01
200700023894,0,37,000,00,1,0,01,A01
200700023895,0,07,000,00,1,2,00,A01
200700023896,0,02,000,08,0,1,01,A01
200700023897,0,07,000,00,2,2,01,B01
200700023897,0,07,000,00,2,1,09,A01
200700023898,0,07,000,01,0,1,14,A01
200700023898,0,07,000,00,2,1,24,B01
200700023899,0,07,000,08,0,1,01,A01
200700023900,0,07,000,00,2,3,15,A01
200700023900,0,07,000,00,2,2,01,B01
200700023901,0,07,000,00,2,4,00,A01
200700023901,0,30,000,00,2,1,00,B01
200700023902,0,02,000,00,2,1,02,A01
200700023902,0,07,000,00,0,6,02,B01
200700023903,0,02,000,00,2,1,02,A01
200700023903,0,07,000,00,0,4,00,B01
200700023904,0,30,000,00,2,1,11,A01
200700023904,1,07,000,00,0,0,17,B01
200700023905,0,31,000,00,2,1,14,A01
200700023905,0,07,000,00,0,5,15,B01
200700023906,0,07,000,00,2,2,13,A01
200700023906,0,07,000,00,2,2,21,B01
200700023907,0,33,000,00,2,1,00,A01
200700023907,0,07,000,00,2,3,09,B01
200700023908,0,07,000,00,2,1,02,B01
200700023908,0,07,000,00,2,8,15,A01
200700023909,0,30,000,00,0,1,01,A01
200700023910,0,10,000,00,2,1,02,A01
200700023910,0,07,000,00,2,4,02,B01
200700023911,0,07,000,00,0,1,15,A01
200700023911,0,33,000,00,0,1,01,B01
200700023912,0,07,000,00,2,3,01,B01
200700023912,0,07,000,00,2,1,09,A01
200700023913,0,07,000,00,1,2,01,A01
200700023914,0,99,000,14,0,1,05,A01
200700023914,0,07,000,00,0,1,12,B01
200700023915,0,33,000,00,2,1,02,A01
200700023915,0,07,000,00,0,4,01,B01
200700023916,0,30,000,00,2,1,02,A01
200700023916,0,07,000,00,2,8,02,B01
200700023917,0,07,000,00,1,7,01,A01
200700023918,0,07,000,00,2,4,04,A01
200700023918,0,33,000,00,2,1,01,B01
200700023919,0,07,000,01,0,1,02,A01
200700023920,0,31,000,00,2,1,09,B01
200700023920,0,07,000,00,2,8,09,A01
200700023921,0,01,000,00,1,1,01,A01
200700023922,0,07,000,00,2,3,19,A01
200700023922,0,07,000,00,2,1,01,B01
200700023923,0,33,000,00,1,1,01,A01
200700023924,0,07,000,00,2,1,01,B01
200700023924,0,07,000,00,2,2,19,A01
200700023925,0,07,000,01,0,1,14,A01
200700023926,0,07,000,00,1,1,01,A01
200700023927,0,07,000,00,2,1,15,A01
200700023927,0,07,000,00,0,1,01,B01
200700023928,0,30,000,00,2,9,05,A01
200700023928,0,07,000,00,0,1,01,B01
200700023929,0,07,000,00,1,1,02,A01
200700023930,0,07,000,00,9,2,00,A01
200700023931,0,07,000,00,9,1,01,A01
200700023932,0,07,000,00,9,1,02,B01
200700023932,0,01,000,00,2,1,05,A01
200700023933,0,33,000,00,0,1,01,A01
200700023933,0,07,000,00,0,4,01,B01
200700023934,0,07,000,00,2,3,00,A01
200700023934,0,07,000,00,2,3,00,B01
200700023935,0,07,000,00,2,1,01,A01
200700023935,0,07,000,00,2,2,01,B01
200700023936,0,33,000,00,0,1,01,A01
200700023937,0,07,000,02,0,1,01,A01
200700023938,0,33,000,00,0,0,00,A01
200700023939,0,07,000,00,2,1,02,A01
200700023939,0,07,000,00,2,3,01,B01
200700023940,0,07,000,00,1,4,00,A01
200700023941,0,07,000,00,2,3,09,A01
200700023941,0,07,000,00,2,1,01,B01
200700023942,0,07,000,00,2,3,01,A01
200700023943,0,10,000,00,0,4,23,A01
200700023943,0,01,000,00,2,1,01,B01
200700023944,0,07,000,01,0,2,21,A01
200700023944,0,07,000,00,0,4,23,B01
200700023945,0,37,001,00,2,1,02,A01
200700023945,0,07,000,00,2,4,02,B01
200700023946,0,07,000,00,0,4,02,B01
200700023946,0,07,000,00,2,1,02,A01
200700023947,1,07,000,00,2,1,01,A01
200700023947,0,07,000,00,1,1,01,B01
200700023948,0,07,000,01,0,1,00,A01
200700023949,0,07,000,00,2,1,15,A01
200700023949,0,07,000,00,2,3,01,B01
200700023950,0,07,000,00,1,2,01,A01
200700023951,0,32,000,00,2,8,01,A01
200700023951,0,07,000,00,2,3,09,B01
200700023952,0,07,000,00,2,5,02,B01
200700023952,0,33,000,00,2,1,02,A01
200700023953,0,02,000,00,2,1,01,B01
200700023953,0,07,000,00,2,1,20,A01
200700023954,0,99,000,00,2,5,00,A01
200700023954,0,33,000,00,2,1,00,B01
200700023955,0,10,000,00,0,3,15,A01
200700023955,0,02,000,00,2,0,01,B01
200700023956,0,07,000,00,9,3,00,A01
200700023956,0,01,000,00,2,1,01,B01
200700023957,0,07,000,00,1,7,01,A01
200700023958,0,33,000,00,2,1,00,A01
200700023958,0,07,000,00,2,4,00,B01
200700023959,0,07,000,00,2,3,00,A01
200700023959,0,07,000,00,2,1,00,B01
200700023960,0,07,000,00,2,3,00,A01
200700023960,0,07,000,00,2,1,00,B01
200700023961,0,07,000,00,1,2,01,A01
200700023962,0,32,000,00,2,1,01,A01
200700023962,1,07,000,00,2,5,00,B01
200700023963,0,07,000,00,0,5,10,A01
200700023963,0,33,000,00,2,1,01,B01
200700023964,0,30,000,03,0,2,01,A01
200700023965,0,07,000,00,2,5,17,A01
200700023965,0,30,000,00,2,6,01,B01
200700023966,0,10,000,00,1,4,04,A01
200700023967,0,02,000,00,2,1,17,A01
200700023967,0,07,000,00,2,8,01,B01
200700023968,0,07,000,00,2,1,01,A01
200700023968,0,10,000,00,2,8,01,B01
200700023969,0,02,000,00,2,7,13,A01
200700023969,0,07,000,00,2,8,01,B01
200700023969,0,07,000,00,2,1,01,C01
200700023970,0,07,000,00,2,8,11,A01
200700023970,0,32,000,00,2,7,01,B01
200700023971,0,07,000,00,2,1,09,A01
200700023971,0,33,000,00,2,1,01,B01
200700023972,1,07,000,00,1,1,01,A01
200700023973,0,07,000,00,2,2,02,A01
200700023973,0,02,000,00,2,8,02,B01
200700023974,0,33,000,00,1,1,01,A01
200700023975,0,07,000,00,2,2,00,B01
200700023975,0,02,000,00,2,3,00,A01
200700023976,1,07,000,00,1,2,01,A01
200700023977,0,07,000,00,1,1,01,A01
200700023978,0,07,000,00,1,1,01,A01
200700023979,0,07,000,00,2,2,15,A01
200700023979,0,33,000,00,2,1,02,B01
200700023980,0,37,001,00,1,7,00,A01
200700023981,0,07,000,00,2,3,11,A01
200700023981,0,31,000,00,2,2,01,B01
200700023982,0,07,000,00,2,7,00,A01
200700023982,0,33,000,00,2,1,00,B01
200700023983,0,07,000,00,2,6,01,B01
200700023983,0,02,000,00,2,1,01,A01
200700023984,0,32,000,00,1,7,00,A01
200700023985,0,07,000,00,1,1,00,A01
200700023986,0,30,000,00,2,1,00,B01
200700023986,0,07,000,00,2,2,15,A01
200700023987,0,07,000,00,1,8,00,A01
200700023988,0,07,000,00,1,1,00,A01
200700023989,0,07,000,00,2,3,15,A01
200700023989,0,30,000,00,2,1,18,B01
200700023990,0,03,000,01,0,3,13,A01
200700023991,0,07,000,00,2,7,15,A01
200700023991,0,31,000,00,2,1,01,B01
200700023992,0,07,000,00,1,2,01,A01
200700023993,0,01,000,00,2,1,01,A01
200700023993,0,07,000,00,2,2,16,B01
200700023994,0,07,000,00,2,1,15,A01
200700023994,0,33,000,00,2,1,00,B01
200700023995,0,10,000,00,1,5,04,A01
200700023996,0,07,000,00,2,1,00,A01
200700023996,0,33,000,00,2,6,09,B01
200700023997,0,07,000,00,9,1,00,A01
200700023997,0,01,000,00,2,4,00,B01
200700023998,0,33,000,00,1,1,01,A01
200700023999,0,07,000,00,2,4,01,B01
200700023999,0,10,000,00,2,1,01,A01
200700024000,0,07,000,00,2,3,13,A01
200700024000,0,20,000,00,2,3,01,B01
200700024001,0,33,000,00,2,1,01,A01
200700024001,0,07,000,00,2,3,15,B01
200700024002,0,31,000,00,1,1,16,A01
200700024003,0,31,000,00,2,7,17,A01
200700024003,0,07,000,00,2,6,15,B01
200700024004,0,07,000,11,0,3,21,A01
200700024005,0,07,000,00,2,1,01,A01
200700024005,0,30,000,00,2,0,00,B01
200700024006,0,07,000,00,2,8,24,C01
200700024006,0,33,000,01,1,0,01,B01
200700024006,0,07,000,00,2,1,15,A01
200700024007,0,07,000,00,2,3,15,A01
200700024007,0,31,000,00,2,1,02,B01
200700024008,0,33,000,00,2,0,00,A01
200700024008,0,07,000,00,2,0,00,B01
200700024009,0,31,000,00,1,1,02,A01
200700024010,0,07,000,00,2,3,10,A01
200700024010,0,32,000,00,2,1,02,B01
200700024011,0,07,000,00,2,3,20,A01
200700024011,0,07,000,00,2,2,02,B01
200700024012,0,14,000,12,0,0,01,A01
200700024013,1,07,000,00,2,1,00,A01
200700024013,0,31,000,00,0,4,00,B01
200700024014,0,07,000,00,1,2,00,A01
200700024015,0,07,000,00,0,3,22,A01
200700024015,0,01,000,01,0,1,02,B01
200700024016,0,30,000,00,1,2,02,A01
200700024017,0,32,000,00,0,0,00,A01
200700024018,0,07,000,00,2,3,15,A01
200700024018,0,31,000,00,2,1,02,B01
200700024019,0,33,000,00,1,0,01,A01
200700024020,0,02,000,00,2,1,01,A01
200700024020,0,07,000,00,2,4,02,B01
200700024021,0,07,000,00,2,4,04,A01
200700024021,0,33,000,00,2,8,01,B01
200700024022,0,31,000,01,0,7,01,A01
200700024023,0,07,000,00,2,1,01,A01
200700024023,0,07,000,00,2,4,01,B01
200700024023,0,07,000,00,2,4,01,C01
200700024024,0,32,000,00,2,1,01,A01
200700024024,0,07,000,01,2,4,00,B01
200700024025,0,33,000,00,2,7,01,A01
200700024025,0,07,000,00,2,8,01,B01
200700024026,0,07,000,00,2,3,13,A01
200700024026,0,31,000,00,2,7,17,B01
200700024027,0,33,000,00,2,2,01,A01
200700024027,0,07,000,00,2,3,10,B01
200700024028,0,32,000,00,2,1,01,B01
200700024028,0,07,000,00,2,2,01,A01
200700024029,0,07,000,00,0,2,02,A01
200700024029,0,01,000,00,0,1,02,B01
200700024030,0,30,000,00,2,8,10,A01
200700024030,0,32,000,00,2,1,01,B01
200700024031,0,10,000,00,1,2,01,A01
200700024032,0,31,000,00,2,2,12,A01
200700024032,0,07,000,00,2,6,01,B01
200700024033,0,07,000,00,2,5,16,A01
200700024033,0,31,000,00,2,1,01,B01
200700024034,0,02,000,00,2,1,18,A01
200700024034,0,07,000,00,2,2,16,B01
200700024035,0,07,000,00,2,1,01,A01
200700024035,0,10,000,00,2,3,01,B01
200700024036,0,30,000,00,2,5,16,A01
200700024036,0,07,000,00,2,3,01,B01
200700024037,0,07,000,01,0,2,01,A01
200700024038,0,33,000,00,2,1,15,A01
200700024038,0,37,001,00,2,3,15,B01
200700024039,0,07,000,00,2,7,24,A01
200700024039,0,07,000,01,0,8,01,B01
200700024040,0,33,000,00,2,1,17,A01
200700024040,0,07,000,00,2,8,15,B01
200700024041,0,30,000,00,1,1,21,A01
200700024042,0,33,000,00,2,1,01,A01
200700024042,0,07,000,00,9,6,15,B01
200700024043,0,30,000,00,2,1,01,A01
200700024043,0,07,000,00,9,6,23,B01
200700024044,0,32,000,00,2,1,01,A01
200700024044,0,99,000,00,9,2,16,B01
200700024045,0,07,000,00,9,2,12,A01
200700024045,0,02,000,00,2,1,01,B01
200700024046,0,32,000,00,2,1,01,A01
200700024046,0,07,000,00,9,3,01,B01
200700024047,0,07,000,00,1,2,01,A01
200700024048,0,07,000,00,1,1,01,A01
200700024049,0,07,000,00,2,1,01,A01
200700024049,0,07,000,00,2,7,01,B01
200700024050,0,07,000,00,1,3,01,A01
200700024051,0,07,000,00,2,1,01,B01
200700024051,0,07,000,00,2,2,15,A01
200700024052,0,07,000,00,2,3,09,A01
200700024052,0,33,000,00,2,2,17,B01
200700024053,0,07,000,00,2,4,01,A01
200700024053,0,31,000,00,2,3,01,B01
200700024054,1,07,000,00,2,6,15,A01
200700024054,0,31,000,00,2,2,17,B01
200700024055,0,07,000,00,2,2,01,A01
200700024055,0,07,000,00,2,3,15,B01
200700024056,0,32,000,00,2,1,01,A01
200700024056,0,14,000,00,2,2,16,B01
200700024057,0,07,000,00,2,3,10,A01
200700024057,0,31,000,00,2,1,17,B01
200700024058,0,07,000,00,1,1,01,A01
200700024059,0,07,000,00,2,4,02,A01
200700024059,0,07,000,00,2,9,02,B01
200700024059,0,07,000,00,2,1,02,C01
200700024060,0,30,000,00,2,1,01,A01
200700024060,0,07,000,00,2,2,15,B01
200700024061,0,07,000,00,1,2,01,A01
200700024062,0,02,000,00,2,1,08,A01
200700024062,0,07,000,00,2,7,15,B01
200700024063,0,07,000,00,1,3,01,A01
200700024064,0,07,000,00,2,7,01,A01
200700024064,0,30,000,00,2,1,01,B01
200700024065,0,07,000,00,1,1,01,A01
200700024066,0,07,000,00,1,2,01,A01
200700024067,0,07,000,00,2,3,15,A01
200700024067,0,30,000,00,2,2,17,B01
200700024068,0,10,000,00,2,1,01,A01
200700024068,0,31,000,00,0,4,23,B01
200700024069,0,07,000,00,2,8,00,A01
200700024069,0,33,000,00,2,7,00,B01
200700024070,0,01,000,00,1,1,05,A01
200700024070,0,07,000,00,2,1,01,B01
200700024071,0,07,000,00,1,4,04,A01
200700024072,0,07,000,00,1,1,01,A01
200700024073,0,07,000,00,1,7,01,A01
200700024074,0,37,010,00,2,7,01,B01
200700024074,0,02,000,00,2,1,01,A01
200700024075,0,07,000,00,2,1,01,A01
200700024075,0,07,000,00,2,8,01,B01
200700024076,0,07,000,01,0,2,01,A01
200700024077,0,07,000,00,1,1,15,A01
200700024078,0,07,000,00,9,1,01,A01
200700024078,0,01,000,00,2,4,01,B01
200700024079,0,33,000,00,2,1,17,A01
200700024079,0,07,000,00,2,2,09,B01
200700024080,0,07,000,00,9,3,22,A01
200700024080,0,01,000,00,2,1,01,B01
200700024081,0,33,000,00,2,1,01,A01
200700024081,0,07,000,00,2,4,02,B01
200700024082,0,07,000,00,2,1,00,A01
200700024082,0,30,000,00,2,8,00,B01
200700024083,0,32,000,00,2,7,01,A01
200700024083,0,07,000,00,2,7,15,B01
200700024084,0,07,000,00,2,6,24,A01
200700024084,0,02,000,01,0,1,01,B01
200700024085,0,07,000,00,1,1,01,A01
200700024086,0,31,000,00,2,4,01,B01
200700024086,0,07,000,00,2,1,01,A01
200700024087,0,33,000,00,1,1,01,A01
200700024088,0,07,000,00,1,1,13,A01
200700024089,0,02,000,00,2,1,01,B01
200700024089,0,07,000,00,2,2,16,A01
200700024090,0,02,000,00,2,1,01,A01
200700024090,0,07,000,00,2,3,15,B01
200700024091,0,07,000,00,2,3,15,B01
200700024091,0,33,000,00,2,2,01,A01
200700024092,0,07,000,00,2,1,01,B01
200700024092,0,07,000,00,2,1,01,A01
200700024093,0,14,000,00,1,3,01,A01
200700024094,0,07,000,00,1,1,16,A01
200700024095,0,07,000,00,1,1,00,A01
200700024096,0,01,000,09,0,0,01,A01
200700024097,0,07,000,00,2,8,00,A01
200700024097,0,33,000,00,2,1,17,B01
200700024098,0,07,000,00,2,7,15,A01
200700024098,0,01,000,00,2,1,01,B01
200700024099,0,30,000,00,0,1,00,A01
200700024099,0,01,000,00,0,8,19,B01
200700024100,0,31,000,00,0,1,01,A01
200700024101,0,07,000,00,0,4,04,A01
200700024102,0,37,001,00,0,0,01,A01
200700024103,0,07,000,00,0,3,09,A01
200700024103,0,30,000,00,0,1,01,B01
200700024104,0,10,000,00,0,0,00,A01
200700024104,0,31,000,00,2,0,01,B01
200700024105,0,07,000,00,0,0,01,A01
200700024105,0,07,000,00,0,1,23,B01
200700024106,0,10,000,00,0,8,13,A01
200700024106,0,31,000,00,0,1,01,B01
200700024107,1,07,000,00,0,0,00,A01
200700024107,0,30,000,00,1,0,01,B01
200700024108,0,32,000,00,2,1,01,A01
200700024108,0,07,000,00,0,7,16,B01
200700024109,0,30,000,00,0,1,01,A01
200700024109,0,07,000,00,0,4,23,B01
200700024110,0,32,000,00,0,7,01,A01
200700024110,1,07,000,00,0,8,15,B01
200700024111,0,32,000,00,0,0,01,A01
200700024111,0,07,000,00,0,7,16,B01
200700024112,0,10,000,00,0,3,13,A01
200700024112,0,32,000,00,0,2,14,B01
200700024113,0,07,000,00,0,4,23,A01
200700024113,1,10,000,00,0,1,01,B01
200700024114,0,07,000,00,0,1,01,A01
200700024115,0,07,000,00,0,0,16,A01
200700024115,0,33,000,00,2,0,01,B01
200700024115,0,07,000,00,0,0,00,C01
200700024116,0,07,000,00,2,2,16,A01
200700024116,0,33,000,00,2,2,21,B01
200700024117,0,07,000,00,1,1,01,A01
200700024118,0,07,000,09,0,9,19,A01
200700024119,0,07,000,00,2,1,01,A01
200700024119,0,31,000,00,2,3,11,B01
200700024120,0,07,000,00,2,7,10,A01
200700024120,0,30,000,00,2,8,01,B01
200700024121,0,33,000,02,0,1,01,A01
200700024122,0,10,000,00,2,8,20,A01
200700024122,0,01,000,00,2,4,17,B01
200700024123,0,07,000,00,2,4,02,A01
200700024123,0,07,000,00,2,4,02,B01
200700024124,0,07,000,00,1,4,04,A01
200700024125,0,07,000,00,2,1,10,A01
200700024125,0,33,000,00,2,1,01,B01
200700024126,0,07,000,00,2,3,15,A01
200700024127,0,07,000,12,0,2,01,A01
200700024128,0,32,000,00,2,2,01,A01
200700024129,0,07,000,00,2,4,01,B01
200700024129,0,38,005,00,2,3,09,A01
200700024130,0,33,000,00,0,0,21,A01
200700024131,0,07,000,00,1,2,01,A01
200700024132,0,07,000,00,1,1,02,A01
200700024133,0,33,000,00,1,3,01,A01
200700024134,0,07,000,00,2,4,02,A01
200700024134,0,07,000,00,2,4,00,B01
200700024134,0,07,000,00,2,1,02,C01
200700024135,0,30,000,00,2,3,17,A01
200700024135,0,07,000,00,9,3,15,B01
200700024136,0,07,000,00,2,9,13,A01
200700024137,0,07,000,00,1,5,04,A01
200700024138,0,32,000,00,2,1,01,A01
200700024138,0,10,000,00,2,5,01,B01
200700024138,0,10,000,00,2,8,01,C01
200700024139,0,33,000,00,1,9,01,A01
200700024140,0,07,000,00,1,2,01,A01
200700024141,0,30,000,00,1,1,01,A01
200700024142,0,07,000,00,2,1,15,B01
200700024142,0,02,000,00,2,2,01,A01
200700024143,0,07,000,00,2,3,09,A01
200700024143,0,01,000,00,2,1,01,B01
200700024144,0,07,000,00,1,1,00,A01
200700024145,0,31,000,00,2,3,02,A01
200700024145,0,07,000,00,2,2,20,B01
200700024146,0,02,000,00,0,5,01,A01
200700024147,0,10,000,00,2,2,01,A01
200700024147,0,07,000,00,2,6,01,B01
200700024148,1,07,000,00,0,4,02,C01
200700024148,0,07,000,00,2,9,02,B01
200700024148,0,07,000,00,2,1,01,A01
200700024149,0,07,000,00,2,2,15,A01
200700024149,0,33,000,00,2,1,01,B01
200700024150,0,07,000,00,2,3,15,A01
200700024150,0,02,000,00,2,1,01,B01
200700024151,0,07,000,00,0,6,13,A01
200700024151,0,33,000,00,2,1,01,B01
200700024152,0,07,000,00,2,3,01,B01
200700024152,0,07,000,00,2,7,01,A01
200700024153,0,31,000,00,2,1,01,A01
200700024153,0,07,000,00,2,6,15,B01
200700024154,0,07,000,00,2,2,01,A01
200700024154,0,07,000,00,2,1,23,B01
200700024155,0,02,000,00,2,1,01,A01
200700024155,0,07,000,00,2,2,01,B01
200700024155,0,07,000,00,2,6,15,C01
200700024156,0,33,000,00,0,7,01,A01
200700024157,0,07,000,00,1,0,01,A01
200700024158,0,07,000,00,1,1,01,A01
200700024159,0,32,000,00,2,2,01,A01
200700024159,0,07,000,00,2,1,15,B01
200700024160,0,07,000,00,1,1,15,A01
200700024161,0,33,000,12,2,6,01,A01
200700024161,0,07,000,01,2,6,21,B01
200700024162,0,07,000,00,2,1,02,A01
200700024162,0,33,000,00,2,4,23,B01
200700024163,0,33,000,00,2,7,13,A01
200700024163,1,07,000,00,2,8,11,B01
200700024164,0,30,000,00,2,1,02,A01
200700024164,0,07,000,00,2,5,23,B01
200700024165,0,07,000,00,2,7,19,A01
200700024165,0,07,000,06,2,3,01,B01
200700024166,0,30,000,11,0,0,00,A01
200700024167,0,30,000,01,0,1,01,A01
200700024168,0,33,000,00,1,3,01,A01
200700024169,0,07,000,00,2,2,20,A01
200700024169,0,30,000,00,2,1,01,B01
200700024170,0,07,000,00,2,3,15,A01
200700024170,0,33,000,00,2,1,01,B01
200700024170,0,07,000,00,2,8,01,C01
200700024171,0,07,000,04,0,1,01,A01
200700024172,0,07,000,00,1,2,01,A01
200700024173,0,31,000,00,0,0,01,A01
200700024174,0,10,000,00,2,3,09,A01
200700024174,0,33,000,00,2,1,01,B01
200700024175,0,10,000,00,2,2,15,A01
200700024175,0,02,000,00,2,1,01,B01
200700024176,0,01,000,00,0,0,01,A01
200700024177,0,33,000,00,2,1,02,A01
200700024177,0,10,000,00,0,4,03,B01
200700024178,0,07,000,00,2,1,02,A01
200700024178,0,07,000,00,1,4,00,B01
200700024179,0,07,000,00,2,2,01,A01
200700024179,0,33,000,00,2,4,01,B01
200700024180,0,30,000,00,2,1,02,A01
200700024180,0,10,000,00,0,2,20,B01
200700024181,0,07,000,00,2,3,15,A01
200700024181,0,07,000,00,2,3,16,B01
200700024182,0,01,000,00,2,3,02,B01
200700024182,0,07,000,00,2,2,16,A01
200700024183,0,10,000,00,2,8,10,A01
200700024183,0,32,000,00,2,1,01,B01
200700024184,1,01,000,00,1,3,02,A01
200700024185,0,33,000,00,2,1,17,A01
200700024185,0,07,000,00,2,8,15,B01
200700024186,0,07,000,00,1,1,01,A01
200700024187,0,30,000,00,2,1,01,A01
200700024187,0,07,000,00,2,6,01,B01
200700024188,0,01,000,00,1,1,01,A01
200700024189,0,32,000,00,1,1,01,A01
200700024190,0,07,000,00,2,8,09,A01
200700024190,0,01,000,00,2,1,01,B01
200700024191,0,31,000,00,2,1,01,A01
200700024191,0,07,000,00,2,8,15,B01
200700024192,0,07,000,00,2,3,09,A01
200700024192,0,32,000,00,2,1,01,B01
200700024193,0,07,000,00,2,3,13,A01
200700024193,0,07,000,00,2,3,01,B01
200700024193,0,07,000,00,2,3,01,C01
200700024194,0,14,000,00,2,1,01,B01
200700024194,0,07,000,00,2,8,01,A01
200700024195,0,07,000,01,0,1,00,A01
200700024196,0,07,000,00,2,3,01,A01
200700024196,0,07,000,00,2,6,00,B01
200700024197,0,07,000,00,2,3,10,A01
200700024197,0,33,000,00,2,3,01,B01
200700024198,0,07,000,00,1,1,16,A01
200700024199,0,37,030,00,1,2,01,A01
200700024200,0,30,000,11,0,1,00,A01
200700024201,0,32,000,04,0,3,01,A01
200700024202,0,07,000,00,1,1,01,A01
200700024203,0,02,000,00,2,8,01,A01
200700024203,0,13,000,00,2,5,15,B01
200700024204,1,31,000,00,1,0,00,A01
200700024205,0,07,000,00,2,3,15,A01
200700024205,0,02,000,00,2,7,01,B01
200700024206,0,34,000,00,2,8,01,B01
200700024206,2,07,000,00,2,3,15,A01
200700024207,0,07,000,00,1,2,00,A01
200700024208,0,34,000,00,2,7,02,A01
200700024208,0,07,000,00,2,6,02,B01
200700024209,1,01,000,00,1,0,00,A01
200700024210,0,07,000,00,2,5,00,A01
200700024210,0,07,000,00,2,5,00,B01
200700024211,0,07,000,00,1,2,00,A01
200700024212,0,03,000,00,1,1,07,A01
200700024213,0,07,000,00,2,7,10,A01
200700024213,0,33,000,00,2,1,02,B01
200700024214,0,34,000,00,9,1,01,B01
200700024214,0,01,000,00,2,8,05,A01
200700024215,0,07,000,00,1,7,00,A01
200700024216,0,02,000,00,2,8,17,A01
200700024216,0,07,000,00,9,8,15,B01
200700024217,0,01,000,00,2,7,01,B01
200700024217,0,07,000,00,2,1,01,A01
200700024218,0,07,000,00,1,2,00,A01
200700024219,0,07,000,00,2,1,01,A01
200700024219,0,07,000,00,2,6,01,B01
200700024220,0,07,000,00,2,1,01,B01
200700024220,0,07,000,00,2,3,01,C01
200700024220,0,07,000,00,2,7,00,A01
200700024221,0,07,000,00,2,8,00,A01
200700024221,0,07,000,00,2,8,00,B01
200700024222,1,31,000,00,9,8,01,A01
200700024222,0,01,000,00,9,1,01,B01
200700024223,0,07,000,01,0,3,02,A01
200700024224,0,07,000,00,1,1,00,A01
200700024225,0,07,000,00,0,4,00,A01
200700024225,0,07,000,00,2,1,00,B01
200700024226,0,07,000,00,0,2,09,A01
200700024226,0,01,000,00,0,4,00,B01
200700024227,0,07,000,00,0,3,00,A01
200700024227,0,31,000,00,0,7,00,B01
200700024228,0,02,000,00,2,1,01,A01
200700024228,0,07,000,00,2,1,19,B01
200700024229,0,07,000,00,1,2,01,A01
200700024230,1,02,000,00,1,1,21,A01
200700024231,0,10,000,00,1,1,02,A01
200700024232,0,30,000,00,2,8,02,B01
200700024232,0,07,000,00,2,2,15,A01
200700024233,0,07,000,00,2,1,09,A01
200700024233,0,07,000,00,2,3,01,B01
200700024234,0,07,000,00,1,2,01,A01
200700024235,0,07,000,00,1,4,04,A01
200700024236,0,07,000,00,2,1,20,A01