Num_Acc,senc,catv,occutc,obs,obsm,choc,manv,num_veh
200700024236,0,33,000,00,2,1,01,B01
200700024237,0,02,000,00,0,0,00,A01
200700024237,0,07,000,00,0,0,00,B01
200700024238,0,07,000,00,2,3,11,A01
200700024238,0,32,000,00,2,1,01,B01
200700024239,0,07,000,15,2,1,01,B01
200700024239,0,07,000,00,2,2,15,A01
200700024240,0,07,000,00,0,6,01,A01
200700024240,0,30,000,00,0,1,11,B01
200700024241,0,07,000,01,0,2,01,A01
200700024242,0,07,000,01,0,1,21,A01
200700024242,0,07,000,00,0,0,23,B01
200700024243,0,07,000,00,2,1,01,A01
200700024243,0,07,000,00,2,8,01,B01
200700024244,0,31,000,00,0,8,02,A01
200700024245,0,33,000,00,1,1,00,A01
200700024246,0,07,000,00,0,1,00,A01
200700024247,0,31,000,00,0,5,02,A01
200700024247,0,07,000,00,0,3,11,B01
200700024248,0,07,000,15,0,4,01,A01
200700024249,0,10,000,00,2,5,11,A01
200700024249,0,13,000,00,0,6,02,B01
200700024250,0,30,000,00,2,1,02,A01
200700024250,0,32,000,00,0,0,02,B01
200700024251,0,07,000,00,0,2,02,A01
200700024251,0,32,000,00,9,1,05,B01
200700024252,0,07,000,00,1,2,17,A01
200700024253,0,07,000,00,1,3,01,A01
200700024254,0,33,000,14,2,2,01,B01
200700024254,0,07,000,16,2,3,00,A01
200700024255,0,07,000,00,0,4,02,A01
200700024255,0,30,000,00,2,1,02,B01
200700024256,0,01,000,00,0,0,00,B01
200700024256,1,30,000,00,0,0,00,A01
200700024257,0,07,000,00,2,1,01,A01
200700024257,0,07,000,00,0,8,01,B01
200700024258,0,13,000,00,2,0,00,A01
200700024258,0,07,000,00,2,4,00,B01
200700024258,0,07,000,00,0,0,00,C01
200700024259,0,01,000,00,1,1,00,A01
200700024260,0,07,000,00,2,1,02,A01
200700024260,0,07,000,00,2,4,02,B01
200700024261,0,30,000,00,2,8,23,A01
200700024261,1,07,000,00,2,0,05,B01
200700024262,0,30,000,00,2,1,16,A01
200700024262,0,07,000,00,2,3,01,B01
200700024263,0,13,000,00,9,2,01,A01
200700024263,0,01,000,00,2,1,12,B01
200700024264,0,30,000,00,0,7,01,B01
200700024264,0,07,000,00,0,1,02,A01
200700024265,2,07,000,00,2,3,02,B01
200700024265,0,07,000,00,2,3,17,A01
200700024266,0,17,000,00,0,7,01,A01
200700024267,0,37,010,00,1,3,01,A01
200700024268,1,30,000,00,1,1,00,A01
200700024269,0,07,000,00,2,1,01,A01
200700024269,0,07,000,00,2,4,01,B01
200700024270,0,07,000,00,2,3,15,A01
200700024270,0,30,000,00,2,1,17,B01
200700024271,0,33,000,00,0,1,01,A01
200700024272,0,07,000,00,2,7,15,A01
200700024272,0,01,000,00,2,1,01,B01
200700024273,1,07,000,00,1,0,00,A01
200700024274,0,07,000,00,0,2,15,A01
200700024274,0,37,000,00,0,8,01,B01
200700024275,0,07,000,00,1,2,00,A01
200700024276,0,07,000,00,1,2,00,A01
200700024277,0,30,000,00,2,1,01,A01
200700024277,0,07,000,00,2,1,15,B01
200700024278,0,07,000,00,0,6,00,A01
200700024278,0,30,000,00,2,6,00,B01
200700024279,0,10,000,00,2,2,02,A01
200700024279,0,07,000,00,0,4,23,B01
200700024280,0,07,000,00,9,7,02,A01
200700024280,0,01,000,00,2,8,02,B01
200700024281,0,07,000,11,0,0,21,A01
200700024281,1,07,000,00,2,0,21,B01
200700024282,0,07,000,15,0,1,02,A01
200700024283,0,01,000,00,2,1,01,A01
200700024283,0,07,000,00,9,1,15,B01
200700024284,0,14,000,00,1,2,01,A01
200700024285,0,07,000,15,2,1,00,A01
200700024285,0,07,000,00,2,8,01,B01
200700024285,0,07,000,00,9,6,01,C01
200700024286,0,33,000,00,2,1,01,A01
200700024286,0,10,000,00,0,3,15,B01
200700024287,0,07,000,00,2,1,02,A01
200700024287,0,07,000,00,2,4,02,B01
200700024288,0,07,000,00,1,1,01,A01
200700024289,0,07,000,00,0,0,04,A01
200700024290,0,07,000,00,2,1,11,A01
200700024290,0,33,000,00,2,1,01,B01
200700024291,0,07,000,00,0,8,01,B01
200700024291,0,07,000,00,2,1,01,A01
200700024292,0,07,000,00,2,5,02,A01
200700024292,0,33,000,00,2,3,02,B01
200700024293,0,32,000,02,2,1,01,A01
200700024293,0,07,000,00,2,3,01,B01
200700024294,0,10,000,00,1,7,00,A01
200700024295,0,07,000,11,1,3,00,A01
200700024296,0,07,000,00,2,1,15,A01
200700024296,0,33,000,00,2,1,01,B01
200700024297,0,07,000,00,2,8,15,A01
200700024297,0,30,000,00,2,1,17,B01
200700024298,0,02,000,00,2,2,02,A01
200700024298,0,07,000,00,2,3,02,B01
200700024299,0,07,000,00,2,1,02,A01
200700024299,0,03,000,00,2,1,02,B01
200700024299,0,07,000,00,2,4,02,C01
200700024300,0,33,000,00,2,1,02,A01
200700024300,0,07,000,00,0,4,02,B01
200700024301,1,07,000,00,0,0,00,B01
200700024301,0,07,000,01,2,5,14,A01
200700024302,0,02,000,00,1,1,05,A01
200700024303,0,07,000,00,2,1,01,A01
200700024303,0,07,000,00,2,2,15,B01
200700024304,0,07,000,00,0,0,00,A01
200700024305,1,07,000,00,2,1,02,A01
200700024305,0,07,000,00,0,4,23,B01
200700024306,0,07,000,00,0,8,10,A01
200700024306,0,33,000,00,2,1,17,B01
200700024307,0,07,000,00,2,2,01,B01
200700024307,0,07,000,00,2,3,01,A01
200700024308,0,33,000,00,0,4,02,A01
200700024308,1,07,000,00,0,0,00,B01
200700024309,2,07,000,01,2,9,02,A01
200700024309,0,07,000,00,2,9,02,B01
200700024309,0,07,000,00,0,4,00,C01
200700024309,1,07,000,00,0,0,00,D01
200700024310,1,02,000,00,1,0,00,A01
200700024311,0,02,000,00,2,7,05,A01
200700024311,0,07,000,00,2,1,02,B01
200700024312,0,07,000,00,2,2,01,A01
200700024312,0,10,000,00,0,3,04,B01
200700024313,0,07,000,00,0,2,13,A01
200700024314,0,32,000,00,0,0,00,A01
200700024315,0,07,000,00,0,3,15,B01
200700024315,0,02,000,00,2,1,17,A01
200700024316,0,07,000,00,0,3,22,A01
200700024316,0,01,000,01,0,0,02,B01
200700024317,0,10,000,00,2,5,01,B01
200700024317,0,07,000,00,2,3,01,A01
200700024318,0,07,000,00,2,3,01,A01
200700024318,0,07,000,00,2,2,20,B01
200700024319,0,07,000,00,2,8,01,A01
200700024319,0,01,000,00,2,0,15,B01
200700024320,0,07,000,00,9,1,01,A01
200700024320,0,01,000,00,2,0,15,B01
200700024321,1,07,000,00,1,8,01,A01
200700024322,0,07,000,00,1,2,01,A01
200700024323,0,32,000,00,2,1,01,A01
200700024323,0,30,000,00,2,1,01,B01
200700024323,1,10,000,00,2,8,10,C01
200700024324,0,07,000,00,2,5,04,A01
200700024324,0,32,000,00,2,1,01,B01
200700024325,0,07,000,00,2,5,15,A01
200700024325,0,33,000,00,2,1,01,B01
200700024326,0,10,000,01,0,3,15,A01
200700024327,0,07,000,00,2,1,02,A01
200700024327,0,10,000,00,0,4,02,B01
200700024328,0,07,000,01,0,2,01,A01
200700024329,0,01,000,14,2,6,18,A01
200700024329,0,07,000,00,0,5,23,B01
200700024330,0,07,000,00,0,0,20,A01
200700024330,0,07,000,00,2,4,21,B01
200700024330,0,07,000,00,2,1,01,C01
200700024331,0,30,000,00,2,7,17,A01
200700024331,0,07,000,00,2,8,01,B01
200700024332,0,07,000,01,1,4,20,A01
200700024333,0,07,000,00,2,1,01,B01
200700024333,0,07,000,00,2,7,00,A01
200700024334,0,07,000,00,9,7,14,A01
200700024334,0,30,000,00,2,1,01,B01
200700024335,0,33,000,00,2,7,00,B01
200700024335,0,07,000,00,2,3,00,A01
200700024336,0,07,000,00,1,3,01,B01
200700024337,0,03,000,00,2,1,01,A01
200700024337,0,02,000,00,0,4,01,B01
200700024338,0,37,001,00,9,2,01,A01
200700024338,0,01,000,01,2,7,19,B01
200700024339,0,07,000,00,1,3,01,A01
200700024340,0,07,000,00,1,2,01,A01
200700024341,0,37,000,00,2,3,00,B01
200700024341,0,07,000,00,2,2,00,A01
200700024342,0,30,000,00,0,9,18,A01
200700024342,0,07,000,00,0,0,00,B01
200700024343,0,07,000,00,2,0,01,B01
200700024343,0,07,000,00,2,3,01,A01
200700024344,0,07,000,00,2,1,11,A01
200700024344,0,07,000,00,0,1,01,B01
200700024345,0,10,000,00,1,4,09,A01
200700024346,0,07,000,00,0,7,01,B01
200700024346,0,07,000,00,0,3,01,A01
200700024347,0,20,000,00,2,3,11,B01
200700024347,0,07,000,00,2,1,09,A01
200700024348,0,07,000,00,1,2,00,A01
200700024349,0,02,000,00,2,3,03,A01
200700024349,0,10,000,00,2,6,01,B01
200700024350,0,07,000,12,0,1,00,A01
200700024351,0,07,000,01,0,1,16,B01
200700024351,0,01,000,00,2,1,05,A01
200700024352,0,07,000,00,0,1,00,A01
200700024352,0,07,000,00,0,3,00,B01
200700024353,0,07,000,00,2,1,02,A01
200700024353,0,07,000,00,2,1,16,B01
200700024354,0,07,000,00,1,1,01,A01
200700024355,0,07,000,00,0,2,00,A01
200700024356,0,07,000,00,1,2,00,A01
200700024357,0,10,000,00,2,2,15,A01
200700024357,0,07,000,00,2,3,05,B01
200700024358,0,07,000,00,2,8,00,A01
200700024358,0,02,000,01,0,7,01,B01
200700024359,0,07,000,00,1,1,15,A01
200700024360,0,30,000,00,2,0,02,A01
200700024360,1,07,000,00,0,0,02,B01
200700024361,0,07,000,00,1,1,19,A01
200700024362,0,07,000,00,2,3,01,A01
200700024362,0,07,000,00,2,3,01,B01
200700024363,0,07,000,00,2,8,11,A01
200700024363,0,34,000,00,2,7,01,B01
200700024364,1,07,000,00,0,0,00,A01
200700024365,0,07,000,02,0,1,02,A01
200700024366,0,30,000,00,2,2,10,A01
200700024366,0,30,000,00,2,3,01,B01
200700024367,0,07,000,00,2,1,15,A01
200700024367,0,34,000,00,2,1,01,B01
200700024368,0,07,000,00,2,3,10,A01
200700024368,0,33,000,00,2,1,01,B01
200700024369,0,34,000,00,0,0,18,A01
200700024370,0,07,000,00,2,1,02,A01
200700024370,0,07,000,00,0,4,23,B01
200700024371,0,07,000,00,2,6,12,A01
200700024371,0,37,000,00,2,3,01,B01
200700024372,0,07,000,00,1,8,01,A01
200700024373,0,33,000,00,1,1,01,A01
200700024374,0,33,000,00,1,8,01,A01
200700024374,0,10,000,00,2,3,01,B01
200700024375,0,07,000,00,2,3,10,A01
200700024375,0,32,000,00,2,1,17,B01
200700024376,0,07,000,00,1,1,01,A01
200700024377,0,07,000,00,2,7,15,A01
200700024377,0,02,000,00,2,1,01,B01
200700024378,0,07,000,00,2,1,10,A01
200700024378,0,33,000,00,2,3,01,B01
200700024379,0,33,000,00,2,1,17,A01
200700024379,0,07,000,00,2,3,15,B01
200700024380,0,07,000,00,1,1,01,A01
200700024381,0,34,000,00,1,7,01,A01
200700024382,0,07,000,00,1,1,01,A01
200700024383,0,07,000,00,2,3,01,A01
200700024383,0,07,000,00,2,3,01,B01
200700024384,0,07,000,00,1,2,01,A01
200700024385,0,02,000,01,0,4,01,A01
200700024385,0,07,000,01,0,4,00,B01
200700024386,0,07,000,00,1,4,01,A01
200700024386,0,07,000,00,2,1,01,B01
200700024387,0,07,000,00,2,2,01,A01
200700024387,0,31,000,00,2,1,01,B01
200700024388,0,07,000,00,2,1,01,A01
200700024388,0,07,000,01,0,4,00,B01
200700024389,0,07,000,00,2,4,10,A01
200700024389,0,02,000,00,2,1,01,B01
200700024390,0,07,000,00,1,1,09,A01
200700024391,0,07,000,00,1,1,01,A01
200700024392,0,37,020,00,1,2,01,A01
200700024393,0,01,000,01,2,1,09,A01
200700024393,0,07,000,01,0,0,09,B01
200700024394,2,07,000,00,2,1,00,A01
200700024394,0,07,000,00,2,1,02,B01
200700024395,0,07,000,00,1,1,01,A01
200700024396,1,99,000,00,0,0,00,A01
200700024396,0,32,000,00,0,0,00,B01
200700024396,0,07,000,00,0,0,00,C01
200700024396,0,07,000,00,0,0,00,D01
200700024397,0,07,000,00,1,1,01,A01
200700024398,0,07,000,00,0,8,19,A01
200700024398,0,10,000,00,2,1,19,B01
200700024399,0,07,000,00,1,1,01,A01
200700024400,0,07,000,00,1,1,01,A01
200700024401,0,33,000,06,0,1,00,A01
200700024402,0,07,000,00,2,6,11,A01
200700024402,0,33,000,00,0,5,00,B01
200700024403,1,07,000,00,0,0,00,A01
200700024403,0,33,000,15,0,3,00,B01
200700024404,0,07,000,00,0,3,10,A01
200700024404,0,33,000,00,0,2,01,B01
200700024405,0,30,000,00,2,3,02,A01
200700024405,0,07,000,00,2,2,01,B01
200700024406,0,07,000,08,2,3,02,A01
200700024406,0,01,000,08,2,4,02,B01
200700024407,0,07,000,00,1,3,00,A01
200700024408,0,07,000,00,1,1,00,A01
200700024409,0,07,000,00,2,3,13,A01
200700024409,0,07,000,00,2,3,02,B01
200700024409,0,07,000,00,2,6,00,C01
200700024410,0,33,000,00,0,3,01,A01
200700024410,1,07,000,00,2,0,17,B01
200700024411,0,30,000,00,0,2,02,A01
200700024411,0,07,000,00,2,8,15,B01
200700024412,0,07,000,00,2,8,02,B01
200700024412,0,07,000,00,2,2,02,A01
200700024412,0,07,000,00,2,6,02,C01
200700024413,1,07,000,00,2,0,00,A01
200700024413,0,31,000,00,2,1,00,B01
200700024414,0,07,000,00,2,2,02,A01
200700024414,0,07,000,00,0,6,02,B01
200700024415,0,33,000,01,0,8,02,B01
200700024415,1,07,000,00,0,0,14,A01
200700024416,0,07,000,00,2,1,15,A01
200700024416,0,32,000,00,2,2,01,B01
200700024417,0,05,000,00,1,1,01,A01
200700024418,0,07,000,00,1,2,02,A01
200700024419,2,07,000,00,2,3,15,A01
200700024419,0,34,000,00,2,1,01,B01
200700024420,0,07,000,00,1,3,01,A01
200700024421,0,07,000,00,0,8,10,B01
200700024421,0,07,000,00,2,3,21,A01
200700024422,0,07,000,00,2,2,01,B01
200700024422,0,07,000,00,2,5,01,A01
200700024423,0,07,000,00,2,1,02,A01
200700024423,0,07,000,00,2,3,02,B01
200700024424,0,07,000,00,1,2,01,A01
200700024425,0,07,000,00,0,0,15,T01
200700024425,0,07,000,00,0,3,00,B01
200700024425,0,33,000,00,2,1,17,A01
200700024426,0,33,000,08,0,1,00,A01
200700024427,0,32,000,14,0,1,11,A01
200700024427,0,10,000,00,0,4,23,B01
200700024428,0,07,000,00,2,1,02,C01
200700024428,0,07,000,00,2,9,02,D01
200700024428,0,07,000,00,2,3,05,A01
200700024428,0,07,000,00,2,7,24,B01
200700024429,0,07,000,00,1,7,00,A01
200700024430,0,07,000,00,2,1,01,A01
200700024430,0,07,000,00,2,1,01,B01
200700024431,0,33,000,00,2,7,00,A01
200700024432,0,07,000,00,1,2,01,A01
200700024433,0,07,000,00,2,2,02,B01
200700024433,0,07,000,00,2,3,11,A01
200700024434,0,33,000,00,0,8,17,A01
200700024434,0,07,000,00,0,0,15,B01
200700024435,0,01,000,00,2,4,00,A01
200700024436,0,07,000,00,2,8,01,A01
200700024436,0,02,000,00,2,1,00,B01
200700024437,0,07,000,00,2,1,02,A01
200700024437,0,07,000,00,0,4,02,B01
200700024438,0,33,000,00,1,1,13,A01
200700024439,0,07,000,00,2,1,02,A01
200700024439,0,07,000,00,2,4,02,B01
200700024440,0,01,000,01,0,0,02,A01
200700024440,1,99,000,00,0,0,00,B01
200700024441,0,07,000,01,0,1,00,A01
200700024442,0,10,000,00,9,5,17,A01
200700024442,0,01,000,00,2,3,01,B01
200700024443,0,07,000,00,0,1,15,A01
200700024443,0,07,000,00,0,1,14,B01
200700024444,0,07,000,00,1,0,01,A01
200700024445,0,07,000,00,2,1,02,A01
200700024445,0,07,000,00,2,1,02,B01
200700024445,0,07,000,00,2,4,02,C01
200700024446,0,33,000,00,2,1,01,A01
200700024447,0,30,000,00,2,1,01,A01
200700024447,0,07,000,00,2,3,15,B01
200700024448,0,07,000,00,1,1,01,A01
200700024449,0,07,000,01,0,1,01,A01
200700024449,0,07,000,01,2,9,23,B01
200700024450,0,07,000,00,1,2,01,A01
200700024451,0,07,000,00,1,1,01,A01
200700024452,0,07,000,00,1,2,00,A01
200700024453,0,07,000,00,2,2,14,A01
200700024453,0,02,000,00,2,8,03,B01
200700024454,0,07,000,00,2,1,02,A01
200700024454,0,07,000,00,0,4,02,B01
200700024455,0,10,000,00,2,3,19,A01
200700024455,0,02,000,00,2,3,01,B01
200700024456,0,03,000,00,2,3,15,A01
200700024456,0,04,000,15,2,8,17,B01
200700024457,0,05,000,00,1,1,03,A01
200700024458,0,05,000,00,2,2,02,A01
200700024458,0,07,000,00,2,4,02,B01
200700024459,0,07,000,00,2,1,01,A01
200700024459,0,07,000,00,1,4,01,B01
200700024460,0,07,000,00,1,2,01,A01
200700024461,0,07,000,00,1,2,15,A01
200700024462,0,07,000,00,1,8,15,A01
200700024463,0,05,000,00,1,3,00,A01
200700024463,0,17,000,00,0,0,20,B01
200700024464,0,07,000,00,0,3,16,A01
200700024464,0,33,000,00,2,1,01,B01
200700024465,0,07,000,00,2,2,09,A01
200700024465,0,33,000,00,2,8,01,B01
200700024466,0,07,000,00,2,2,01,B01
200700024466,0,07,000,00,2,5,15,A01
200700024467,0,07,000,00,2,5,05,A01
200700024467,0,07,000,00,2,2,02,B01
200700024468,0,07,000,00,0,0,00,A01
200700024468,0,02,000,00,0,0,00,B01
200700024469,0,07,000,00,0,8,00,A01
200700024469,0,02,000,00,0,0,00,B01
200700024470,0,01,000,00,2,1,01,B01
200700024470,0,10,000,00,2,3,15,A01
200700024471,0,07,000,00,0,2,00,A01
200700024471,0,07,000,00,0,3,00,B01
200700024472,0,01,000,00,2,1,01,A01
200700024472,0,07,000,00,0,7,01,B01
200700024473,0,07,000,00,1,1,01,A01
200700024474,0,07,000,00,1,1,00,A01
200700024475,0,07,000,00,2,3,09,A01
200700024475,0,30,000,00,2,1,15,B01
200700024476,0,07,000,00,1,1,17,A01
200700024477,0,07,000,00,0,6,00,A01
200700024477,0,31,000,00,0,2,00,B01
200700024477,0,07,000,00,0,6,00,C01
200700024478,0,07,000,00,9,1,01,A01
200700024478,0,01,000,00,2,1,19,B01
200700024479,0,10,000,00,1,3,01,A01
200700024480,0,30,000,00,2,2,14,A01
200700024480,0,07,000,00,2,8,01,B01
200700024481,0,07,000,04,0,9,00,A01
200700024482,0,07,000,00,2,6,09,B01
200700024482,1,13,000,00,2,2,01,A01
200700024483,0,07,000,00,1,2,00,A01
200700024484,0,07,000,00,2,7,12,A01
200700024484,0,01,000,00,2,3,11,B01
200700024485,0,31,000,00,2,1,05,A01
200700024485,0,07,000,00,2,8,15,B01
200700024486,0,07,000,00,2,2,10,A01
200700024486,0,33,000,00,2,9,01,B01
200700024487,0,07,000,00,1,1,01,A01
200700024488,0,07,000,00,2,1,02,A01
200700024488,0,07,000,00,2,4,02,B01
200700024489,0,07,000,00,2,3,15,A01
200700024489,0,31,000,00,2,1,01,B01
200700024490,0,07,000,00,1,0,01,A01
200700024491,0,07,000,00,1,1,02,A01
200700024492,0,07,000,00,9,8,09,A01
200700024492,0,32,000,00,2,8,09,B01
200700024493,1,07,000,03,2,1,00,A01
200700024493,0,07,000,00,2,4,00,B01
200700024494,0,07,000,00,2,5,04,A01
200700024494,0,07,000,00,2,3,02,B01
200700024495,0,10,000,00,1,1,15,A01
200700024496,0,07,000,00,2,1,00,A01
200700024496,0,07,000,00,2,4,00,B01
200700024497,0,07,000,00,2,1,01,B01
200700024497,0,07,000,00,2,9,01,A01
200700024498,0,07,000,00,9,2,00,A01
200700024499,0,07,000,00,2,0,00,A01
200700024499,0,02,000,00,2,0,00,B01
200700024500,0,07,000,00,2,8,00,A01
200700024500,0,07,000,00,2,2,00,B01
200700024501,0,37,012,00,2,0,01,A01
200700024501,0,07,000,00,2,0,01,B01
200700024501,0,01,000,00,2,0,13,C01
200700024502,0,07,000,00,2,3,00,A01
200700024502,0,32,000,00,2,8,00,B01
200700024503,0,07,000,00,1,1,00,A01
200700024504,0,07,000,00,2,1,15,B01
200700024504,0,34,000,00,2,1,01,A01
200700024505,0,07,000,00,2,2,10,A01
200700024505,0,07,000,00,0,1,02,B01
200700024506,0,07,000,00,0,0,00,A01
200700024507,0,07,000,00,0,0,00,A01
200700024507,0,01,000,00,0,0,00,B01
200700024508,0,07,000,00,0,0,00,A01
200700024509,0,02,000,00,0,0,00,A01
200700024510,0,07,000,00,0,0,00,A01
200700024510,0,07,000,00,0,0,00,B01
200700024511,0,07,000,00,2,3,00,A01
200700024511,0,07,000,00,2,2,00,B01
200700024512,0,07,000,01,0,9,00,A01
200700024513,0,07,000,00,2,7,01,B01
200700024513,0,07,000,00,2,1,01,A01
200700024514,0,02,000,00,0,0,00,A01
200700024514,0,31,000,00,0,0,00,B01
200700024515,0,07,000,00,1,1,02,A01
200700024516,0,07,000,00,2,2,15,A01
200700024516,0,07,000,00,2,1,01,B01
200700024517,0,37,040,00,0,0,00,A01
200700024518,0,32,000,00,2,1,02,A01
200700024518,0,07,000,00,2,3,02,B01
200700024519,0,30,000,00,1,1,00,A01
200700024520,0,33,000,00,0,0,00,A01
200700024520,0,14,000,00,0,0,00,B01
200700024521,0,01,000,00,0,0,00,A01
200700024521,0,07,000,00,0,0,00,B01
200700024522,0,33,000,00,2,1,21,A01
200700024522,0,07,000,00,2,3,15,B01
200700024523,0,07,000,00,2,7,00,A01
200700024523,0,34,000,00,2,7,01,B01
200700024524,0,32,000,00,2,1,18,A01
200700024524,0,07,000,00,2,7,23,B01
200700024525,0,32,000,00,2,1,01,A01
200700024525,0,07,000,00,2,4,01,B01
200700024526,0,07,000,01,0,3,01,A01
200700024527,0,07,000,00,1,1,01,A01
200700024528,1,07,000,00,0,1,05,A01
200700024528,0,07,000,01,2,2,20,B01
200700024529,2,30,000,00,2,1,05,A01
200700024529,0,07,000,00,2,1,05,B01
200700024530,0,07,000,00,2,1,02,A01
200700024530,0,02,000,00,2,1,01,B01
200700024531,0,33,000,00,2,1,02,A01
200700024531,0,07,000,00,2,6,02,B01
200700024532,0,30,000,01,0,1,01,A01
200700024533,0,05,000,01,0,1,21,A01
200700024534,0,07,000,00,2,1,01,A01
200700024534,0,33,000,00,2,4,01,B01
200700024535,0,07,000,00,1,1,00,A01
200700024536,0,32,000,00,0,8,01,A01
200700024537,0,18,000,00,1,1,01,A01
200700024538,0,02,000,01,2,1,01,A01
200700024539,0,07,000,00,1,2,15,A01
200700024540,0,02,000,00,2,3,17,A01
200700024540,0,07,000,00,2,5,11,B01
200700024541,0,07,000,00,2,1,00,A01
200700024541,0,07,000,00,2,9,01,B01
200700024541,0,07,000,00,2,1,01,C01
200700024542,0,02,000,00,2,7,17,A01
200700024542,1,07,000,00,2,3,15,B01
200700024543,0,07,000,00,2,3,00,B01
200700024543,0,07,000,00,2,2,01,A01
200700024544,0,07,000,00,2,1,20,A01
200700024544,0,07,000,00,2,1,01,B01
200700024545,0,07,000,00,1,2,01,A01
200700024546,0,07,000,00,2,2,02,B01
200700024546,0,07,000,00,2,3,01,A01
200700024547,0,07,000,03,0,2,00,A01
200700024548,0,07,000,01,0,1,20,A01
200700024549,0,30,000,00,2,8,18,A01
200700024549,0,07,000,00,0,7,16,B01
200700024550,0,07,000,15,0,2,01,A01
200700024551,0,33,000,00,2,7,14,A01
200700024551,0,07,000,00,2,8,01,B01
200700024552,0,02,000,00,1,1,01,A01
200700024553,0,07,000,00,2,1,02,A01
200700024553,0,07,000,00,2,4,02,B01
200700024554,0,07,000,00,9,1,00,A01
200700024554,0,02,000,00,2,1,00,B01
200700024555,0,07,000,00,2,3,01,A01
200700024555,0,07,000,00,2,5,01,B01
200700024555,0,07,000,00,0,0,01,C01
200700024556,0,02,000,01,9,0,00,A01
200700024556,1,07,000,00,2,3,02,B01
200700024557,0,07,000,00,2,2,16,A01
200700024557,0,02,000,00,2,1,18,B01
200700024558,0,10,000,00,2,3,11,A01
200700024558,0,32,000,00,2,7,01,B01
200700024559,0,33,000,00,2,2,09,A01
200700024559,0,07,000,00,2,3,01,B01
200700024560,0,32,000,00,2,1,00,A01
200700024560,0,01,000,00,2,7,03,B01
200700024561,0,07,000,00,0,7,01,A01
200700024562,0,15,000,00,2,2,01,A01
200700024562,0,37,014,00,0,6,01,B01
200700024563,0,07,000,00,1,2,01,A01
200700024564,0,30,000,11,0,8,00,A01
200700024565,0,02,000,00,2,1,01,A01
200700024565,0,07,000,00,2,5,15,B01
200700024566,0,01,000,00,2,7,00,A01
200700024566,0,07,000,00,2,1,01,B01
200700024567,0,32,000,00,2,1,17,A01
200700024567,0,10,000,00,2,3,15,B01
200700024568,0,33,000,00,2,1,01,B01
200700024568,0,07,000,00,2,7,15,A01
200700024569,0,02,000,00,2,1,01,A01
200700024569,0,07,000,00,2,8,15,B01
200700024570,0,01,000,00,2,8,03,A01
200700024570,0,14,000,00,9,7,01,B01
200700024571,0,07,000,00,2,1,01,C01
200700024571,0,07,000,00,2,5,15,A01
200700024571,0,07,000,15,2,3,01,B01
200700024572,0,07,000,01,2,9,15,A01
200700024572,0,07,000,00,2,3,01,B01
200700024573,0,31,000,00,2,1,13,A01
200700024573,0,10,000,00,2,1,01,B01
200700024574,0,07,000,00,2,4,15,A01
200700024574,0,33,000,00,2,1,01,B01
200700024575,0,30,000,00,2,3,16,A01
200700024575,0,07,000,00,2,2,16,B01
200700024576,0,07,000,00,2,8,16,A01
200700024576,0,07,000,00,2,3,01,B01
200700024577,0,34,000,00,2,1,01,A01
200700024577,0,07,000,00,2,8,15,B01
200700024578,0,07,000,00,2,2,15,A01
200700024578,0,32,000,00,2,5,01,B01
200700024579,0,02,000,00,2,2,14,A01
200700024579,0,07,000,00,2,6,23,B01
200700024580,0,07,000,00,1,2,01,A01
200700024581,0,32,000,00,2,1,01,A01
200700024581,0,07,000,00,0,4,01,B01
200700024582,0,07,000,00,2,2,15,A01
200700024582,0,31,000,00,2,1,01,B01
200700024583,0,07,000,00,1,0,00,A01
200700024584,0,07,000,00,2,1,13,A01
200700024584,0,07,000,00,2,1,01,B01
200700024585,0,07,000,00,1,2,01,A01
200700024586,0,07,000,00,9,8,24,A01
200700024586,0,01,000,01,0,7,01,B01
200700024587,0,07,000,00,2,1,15,A01
200700024587,0,07,000,00,2,6,01,B01
200700024588,0,07,000,00,2,1,01,A01
200700024588,0,07,000,00,2,4,01,B01
200700024588,0,07,000,00,2,4,01,C01
200700024589,0,07,000,00,1,2,01,A01
200700024590,0,07,000,00,1,1,01,A01
200700024591,0,33,000,00,2,1,02,A01
200700024591,0,07,000,00,0,4,01,B01
200700024592,0,33,000,05,0,9,01,A01
200700024593,0,07,000,00,9,5,00,B01
200700024593,0,30,000,00,2,7,00,A01
200700024594,1,33,000,00,1,1,01,A01
200700024595,0,07,000,00,9,3,20,A01
200700024595,0,33,000,00,2,1,01,B01
200700024596,0,07,000,00,2,1,09,A01
200700024596,0,33,000,00,2,1,00,B01
200700024597,0,01,000,00,2,1,05,A01
200700024597,0,07,000,00,2,2,00,B01
200700024598,0,10,000,00,2,5,10,A01
200700024598,0,33,000,00,2,1,01,B01
200700024599,0,02,000,00,1,1,01,A01
200700024600,0,07,000,00,1,1,01,A01
200700024601,0,07,000,00,2,1,01,A01
200700024601,0,07,000,00,0,4,01,B01
200700024602,0,07,000,00,2,1,01,A01
200700024603,0,07,000,00,2,2,01,A01
200700024603,0,07,000,00,2,1,01,B01
200700024604,0,07,000,00,1,2,01,A01
200700024605,0,02,000,00,9,7,00,A01
200700024605,0,01,000,00,9,8,01,B01
200700024606,1,02,000,00,1,1,01,A01
200700024607,0,07,000,00,2,3,24,A01