Num_Acc,senc,catv,occutc,obs,obsm,choc,manv,num_veh
200700024607,0,07,000,01,0,2,01,B01
200700024608,0,32,000,00,2,0,02,A01
200700024608,0,07,000,00,0,6,01,B01
200700024609,0,07,000,00,2,3,04,A01
200700024609,0,32,000,00,2,1,01,B01
200700024610,0,07,000,00,2,3,00,A01
200700024610,0,02,000,00,2,8,01,B01
200700024611,0,07,000,00,2,3,02,B01
200700024611,0,07,000,00,2,5,02,A01
200700024612,0,30,000,00,0,0,00,B01
200700024612,1,07,000,00,0,0,00,A01
200700024613,0,07,000,00,1,3,00,A01
200700024614,0,07,000,00,0,1,00,A01
200700024614,0,07,000,00,2,3,00,B01
200700024615,0,07,000,00,1,4,04,A01
200700024616,0,17,000,00,2,7,16,A01
200700024616,0,10,000,00,2,3,16,B01
200700024617,0,07,000,03,0,1,00,A01
200700024618,0,07,000,00,2,7,01,A01
200700024618,0,02,000,00,2,1,01,B01
200700024619,0,07,000,00,1,2,01,A01
200700024620,0,07,000,00,2,3,20,B01
200700024620,0,32,000,00,2,1,01,A01
200700024621,0,07,000,00,1,1,01,A01
200700024622,1,07,000,00,1,0,01,A01
200700024623,0,10,000,00,1,1,01,A01
200700024624,0,10,000,00,1,1,01,A01
200700024625,0,10,000,00,1,1,01,A01
200700024626,0,10,000,00,1,5,15,A01
200700024627,0,07,000,00,2,1,01,A01
200700024627,0,07,000,00,2,6,02,B01
200700024627,0,07,000,00,2,2,01,C01
200700024628,0,02,000,00,0,8,01,A01
200700024629,0,07,000,00,2,1,16,A01
200700024629,0,31,000,00,2,1,15,B01
200700024630,1,31,000,00,1,0,00,A01
200700024631,0,07,000,00,1,2,01,A01
200700024632,0,33,000,11,0,1,01,A01
200700024633,0,07,000,00,2,1,17,A01
200700024633,0,07,000,00,2,1,01,B01
200700024634,0,30,000,00,2,8,09,A01
200700024634,0,07,000,00,2,7,01,B01
200700024635,0,15,000,00,1,2,01,A01
200700024636,0,30,000,00,0,0,00,A01
200700024637,0,30,000,00,2,8,01,A01
200700024637,1,07,000,00,2,0,01,B01
200700024638,0,99,000,00,2,3,14,A01
200700024638,0,07,000,01,2,8,17,B01
200700024639,0,01,000,00,2,1,01,A01
200700024639,0,37,011,00,2,6,02,B01
200700024640,0,32,000,00,2,8,17,A01
200700024640,0,07,000,00,2,8,16,B01
200700024641,0,31,000,00,1,7,01,A01
200700024642,0,31,000,00,2,7,17,A01
200700024642,0,07,000,00,2,8,15,B01
200700024643,0,07,000,00,2,7,01,B01
200700024643,0,02,000,00,2,1,01,A01
200700024644,0,33,000,00,1,1,01,A01
200700024645,0,07,000,00,1,2,01,A01
200700024646,0,07,000,00,2,1,01,A01
200700024646,0,07,000,00,2,4,23,B01
200700024647,0,07,000,00,2,1,01,B01
200700024647,0,07,000,00,2,2,15,A01
200700024648,2,07,000,00,2,1,01,A01
200700024648,0,07,000,00,2,3,01,B01
200700024649,0,07,000,00,2,1,13,A01
200700024649,0,07,000,00,2,3,23,B01
200700024649,0,07,000,00,2,1,23,C01
200700024649,0,07,000,00,2,1,23,D01
200700024650,0,37,000,00,1,7,16,A01
200700024651,0,07,000,00,1,1,01,A01
200700024652,0,07,000,00,1,1,01,A01
200700024653,0,07,000,00,1,2,01,A01
200700024654,0,07,000,00,2,7,15,A01
200700024654,0,02,000,00,2,1,01,B01
200700024655,0,02,000,01,0,1,00,A01
200700024656,0,31,000,00,2,1,01,B01
200700024656,0,07,000,00,0,0,15,A01
200700024657,0,07,000,00,1,6,04,A01
200700024658,0,01,000,00,2,1,01,A01
200700024658,0,07,000,00,2,1,01,B01
200700024659,0,31,000,00,2,1,01,A01
200700024659,0,07,000,00,2,3,01,B01
200700024660,0,07,000,00,1,1,01,A01
200700024661,0,07,000,00,2,7,15,A01
200700024661,0,01,000,00,2,1,01,B01
200700024662,0,07,000,00,2,1,01,A01
200700024662,0,14,000,00,2,3,01,B01
200700024663,0,31,000,00,2,7,02,A01
200700024663,0,07,000,00,2,8,01,B01
200700024664,0,07,000,00,1,8,01,A01
200700024665,0,01,000,00,2,6,15,A01
200700024665,0,30,000,01,2,1,21,B01
200700024666,0,07,000,00,2,3,01,B01
200700024666,0,32,000,00,2,8,15,A01
200700024667,0,07,000,00,1,1,01,A01
200700024668,0,07,000,00,2,1,02,A01
200700024668,0,07,000,00,2,4,01,B01
200700024668,0,07,000,00,2,4,01,C01
200700024669,0,03,000,00,2,0,01,A01
200700024669,0,33,000,01,9,1,01,B01
200700024670,0,30,000,00,2,3,01,A01
200700024670,0,07,000,00,2,3,10,B01
200700024671,0,07,000,00,2,2,01,A01
200700024671,0,07,000,00,2,3,15,B01
200700024672,0,33,000,13,0,1,15,A01
200700024673,0,02,000,00,2,1,17,A01
200700024673,0,07,000,00,2,8,15,B01
200700024674,0,07,000,00,1,1,01,A01
200700024675,0,07,000,00,2,1,15,A01
200700024675,0,31,000,00,2,1,03,B01
200700024676,0,07,000,00,2,1,02,A01
200700024676,0,07,000,00,2,1,02,B01
200700024676,0,07,000,00,0,4,02,C01
200700024677,0,07,000,00,2,1,02,A01
200700024677,0,07,000,00,2,4,02,B01
200700024677,0,07,000,00,2,4,02,C01
200700024678,0,33,000,00,1,1,17,A01
200700024679,0,07,000,00,2,1,02,A01
200700024679,0,07,000,00,2,4,02,B01
200700024680,0,07,000,00,2,1,02,A01
200700024680,0,07,000,00,2,4,02,B01
200700024680,0,07,000,00,0,4,02,C01
200700024681,0,33,000,00,2,2,15,A01
200700024681,0,07,000,00,2,3,09,B01
200700024682,0,07,000,00,2,1,02,A01
200700024682,0,07,000,00,2,4,02,B01
200700024683,0,07,000,11,2,2,12,A01
200700024683,0,07,000,11,2,3,16,B01
200700024684,0,07,000,00,2,1,02,A01
200700024684,0,07,000,00,2,4,02,B01
200700024685,0,07,000,00,2,1,02,A01
200700024685,0,07,000,00,2,4,02,B01
200700024686,0,07,000,00,2,1,15,A01
200700024686,0,31,000,00,2,8,01,B01
200700024687,1,07,000,00,2,0,02,A01
200700024687,0,07,000,00,2,4,02,B01
200700024688,0,02,000,00,2,2,18,A01
200700024688,0,07,000,00,2,1,09,B01
200700024689,0,07,000,00,2,2,02,A01
200700024689,0,02,000,00,2,3,02,B01
200700024690,0,07,000,00,2,3,01,A01
200700024690,0,31,000,00,2,2,17,B01
200700024691,0,33,000,00,2,2,17,A01
200700024691,0,07,000,00,2,3,15,B01
200700024692,0,10,000,00,0,0,15,A01
200700024692,0,31,000,00,0,0,01,B01
200700024693,0,10,000,00,2,3,15,A01
200700024693,0,33,000,00,2,1,17,B01
200700024694,0,31,000,01,0,1,01,A01
200700024695,0,33,000,00,2,1,00,A01
200700024695,0,07,000,00,2,3,15,B01
200700024696,0,07,000,00,2,2,09,A01
200700024696,0,32,000,00,2,1,01,B01
200700024697,0,07,000,00,2,2,12,A01
200700024697,0,07,000,00,2,6,15,B01
200700024698,0,34,000,00,2,1,02,A01
200700024698,0,07,000,00,2,4,02,B01
200700024699,0,07,000,08,0,1,01,A01
200700024700,0,10,000,00,1,1,15,A01
200700024701,0,07,000,04,0,0,00,A01
200700024702,0,17,000,04,0,8,01,A01
200700024703,0,07,000,00,2,7,14,A01
200700024703,0,33,000,03,2,8,03,B01
200700024704,0,07,000,00,2,8,00,A01
200700024704,0,15,000,00,2,8,02,B01
200700024704,0,07,000,00,2,6,21,C01
200700024704,0,33,000,00,2,1,00,D01
200700024705,0,33,000,00,2,1,03,C01
200700024705,0,07,000,00,9,8,11,B01
200700024705,0,07,000,00,0,4,02,A01
200700024706,0,07,000,00,2,4,12,A01
200700024706,0,32,000,00,2,3,01,B01
200700024707,0,07,000,00,2,4,02,A01
200700024707,0,07,000,00,2,1,02,B01
200700024708,0,07,000,00,2,7,12,A01
200700024708,0,33,000,00,2,1,03,B01
200700024708,0,07,000,00,2,8,23,C01
200700024708,0,07,000,00,2,4,23,D01
200700024709,0,07,000,00,0,5,02,A01
200700024709,0,32,000,00,2,1,11,B01
200700024710,0,33,000,00,0,0,00,A01
200700024710,1,99,000,00,0,0,00,B01
200700024711,0,33,000,00,0,8,00,A01
200700024712,0,07,000,00,0,4,02,A01
200700024712,0,07,000,14,0,1,02,B01
200700024713,0,33,000,00,2,8,03,A01
200700024713,1,07,000,00,9,2,02,B01
200700024714,0,30,000,00,2,5,01,A01
200700024714,0,07,000,00,2,3,11,B01
200700024714,0,07,000,00,0,5,01,C01
200700024715,0,07,000,04,0,1,02,A01
200700024715,0,07,000,04,2,3,02,B01
200700024715,0,07,000,04,2,1,01,C01
200700024715,0,07,000,03,2,6,21,D01
200700024716,0,07,000,03,0,1,01,A01
200700024717,0,33,000,04,0,1,00,A01
200700024718,0,07,000,15,0,1,11,A01
200700024719,0,10,000,00,0,4,02,A01
200700024719,0,07,000,00,2,4,02,B01
200700024719,0,07,000,00,2,4,02,C01
200700024719,0,07,000,00,2,1,09,D01
200700024720,0,13,000,00,0,0,11,A01
200700024720,0,32,000,00,0,7,21,B01
200700024721,0,10,000,00,2,0,00,A01
200700024721,1,15,000,00,1,0,02,B01
200700024722,0,07,000,00,0,4,02,B01
200700024722,0,10,000,00,2,1,02,A01
200700024723,0,99,000,00,2,1,02,B01
200700024723,0,10,000,00,2,4,02,A01
200700024724,0,31,000,00,9,1,02,A01
200700024725,0,17,000,00,2,2,12,A01
200700024725,0,07,000,00,0,4,00,B01
200700024726,0,33,000,00,2,7,03,A01
200700024726,0,07,000,00,0,5,12,B01
200700024727,0,07,000,04,0,3,13,A01
200700024728,0,33,000,00,0,7,02,A01
200700024729,0,33,000,00,0,0,03,A01
200700024730,0,32,000,00,2,3,02,A01
200700024730,0,07,000,00,2,6,02,B01
200700024731,0,07,000,11,0,1,00,A01
200700024732,0,07,000,00,2,4,02,C01
200700024732,0,07,000,00,2,4,02,B01
200700024732,0,17,000,00,2,1,02,A01
200700024732,0,07,000,00,2,4,02,D01
200700024733,0,07,000,03,2,4,11,A01
200700024733,0,15,000,00,2,1,02,B01
200700024734,0,17,000,01,0,5,01,B01
200700024734,0,10,000,00,0,8,01,A01
200700024735,1,99,000,00,2,4,02,C01
200700024735,0,07,000,00,2,2,21,B01
200700024735,0,07,000,00,2,6,13,A01
200700024736,0,10,000,00,9,0,00,A01
200700024737,0,07,000,04,2,3,01,A01
200700024737,0,07,000,00,2,1,02,B01
200700024738,0,07,000,00,0,4,02,A01
200700024738,0,07,000,00,2,1,02,B01
200700024739,0,33,000,04,0,2,00,A01
200700024740,0,31,000,00,0,7,12,A01
200700024740,0,33,000,00,0,6,01,B01
200700024740,0,07,000,00,9,7,01,C01
200700024740,0,07,000,00,0,4,01,D01
200700024740,0,07,000,00,0,4,00,E01
200700024741,0,07,000,00,2,4,02,A01
200700024741,0,07,000,00,2,1,02,B01
200700024741,0,07,000,01,0,1,02,C01
200700024742,0,07,000,00,2,4,11,B01
200700024742,0,33,000,00,2,1,02,A01
200700024743,0,07,000,00,2,5,12,B01
200700024743,0,33,000,00,2,8,00,A01
200700024744,0,07,000,00,0,1,02,A01
200700024744,0,07,000,00,0,4,02,B01
200700024745,0,32,000,00,0,2,00,A01
200700024746,0,07,000,00,0,4,02,A01
200700024746,0,07,000,00,0,1,02,B01
200700024747,0,31,000,00,2,7,14,A01
200700024747,0,10,000,00,2,8,11,B01
200700024747,0,10,000,00,2,4,01,C01
200700024748,0,07,000,00,2,7,12,A01
200700024748,0,33,000,00,2,1,03,B01
200700024749,0,07,000,00,2,1,02,C01
200700024749,0,07,000,00,2,4,02,B01
200700024749,0,07,000,00,2,4,02,A01
200700024750,0,33,000,00,0,7,03,A01
200700024751,0,10,000,00,2,1,02,E01
200700024751,0,99,000,00,2,1,02,D01
200700024751,0,10,000,00,2,4,01,C01
200700024751,0,17,000,00,2,2,12,A01
200700024751,0,10,000,00,2,6,01,B01
200700024752,0,33,000,03,0,8,00,A01
200700024753,0,07,000,03,0,1,00,A01
200700024754,0,07,000,04,0,6,02,A01
200700024754,0,33,000,04,0,2,02,B01
200700024755,0,07,000,00,2,4,02,A01
200700024755,0,07,000,00,2,4,02,B01
200700024755,0,07,000,00,2,1,02,C01
200700024756,0,33,000,00,2,1,02,A01
200700024756,0,07,000,00,2,4,02,B01
200700024757,0,07,000,00,9,0,00,A01
200700024757,0,07,000,00,9,3,00,B01
200700024758,0,07,000,00,2,7,00,A01
200700024758,0,33,000,00,2,3,00,B01
200700024759,0,33,000,00,2,1,01,A01
200700024759,0,07,000,00,2,8,11,B01
200700024760,0,07,000,00,2,1,00,A01
200700024760,0,07,000,00,2,4,01,B01
200700024760,0,07,000,00,0,4,01,C01
200700024761,0,07,000,00,0,2,00,A01
200700024761,0,15,000,00,2,3,00,B01
200700024762,0,07,000,09,2,8,02,B01
200700024762,0,17,000,00,2,2,12,A01
200700024763,0,07,000,00,0,4,01,A01
200700024763,0,07,000,00,2,1,01,B01
200700024764,0,07,000,00,2,2,01,B01
200700024764,0,33,000,00,0,8,00,A01
200700024765,0,33,000,00,2,1,00,A01
200700024765,0,13,000,00,2,4,00,B01
200700024766,0,33,000,03,0,2,00,A01
200700024767,0,33,000,00,0,0,00,A01
200700024767,1,99,000,00,0,0,00,B01
200700024768,0,07,000,00,2,1,01,A01
200700024768,0,07,000,00,2,4,01,B01
200700024768,0,07,000,00,0,4,01,C01
200700024769,0,07,000,00,2,1,01,D01
200700024769,0,07,000,03,2,4,01,C01
200700024769,0,07,000,00,0,4,01,B01
200700024769,0,07,000,03,0,6,01,A01
200700024770,0,33,000,00,0,7,02,B01
200700024770,0,07,000,00,2,8,11,A01
200700024771,0,33,000,00,2,0,21,A01
200700024772,0,07,000,04,2,5,02,B01
200700024772,1,13,000,04,2,0,00,A01
200700024773,0,07,000,04,0,1,06,A01
200700024774,0,07,000,00,2,6,02,C01
200700024774,0,07,000,03,0,4,02,B01
200700024774,0,31,000,03,2,2,02,A01
200700024775,0,07,000,03,2,8,01,B01
200700024775,0,07,000,04,2,3,01,A01
200700024775,1,99,000,00,0,0,00,C01
200700024776,0,07,000,00,0,2,21,A01
200700024777,0,07,000,00,0,4,23,C01
200700024777,0,07,000,00,2,4,23,B01
200700024777,0,07,000,00,2,1,02,A01
200700024778,0,32,000,00,0,2,02,A01
200700024779,0,07,000,03,0,2,01,A01
200700024780,0,07,000,00,2,1,02,A01
200700024780,0,07,000,00,0,4,02,B01
200700024781,0,07,000,00,2,1,01,C01
200700024781,0,07,000,00,0,8,01,B01
200700024781,0,07,000,00,2,7,14,A01
200700024782,0,07,000,00,0,7,01,A01
200700024782,0,33,000,00,2,8,00,B01
200700024782,1,99,000,00,0,0,00,C01
200700024783,1,07,000,00,0,0,00,A01
200700024783,0,07,000,00,2,2,00,B01
200700024783,0,07,000,00,2,3,00,C01
200700024784,0,07,000,04,0,1,00,A01
200700024785,0,07,000,13,0,1,12,A01
200700024786,0,32,000,00,2,8,00,B01
200700024786,0,07,000,00,2,7,00,A01
200700024787,0,07,000,00,2,6,09,B01
200700024787,0,17,000,00,2,2,01,A01
200700024788,0,33,000,00,2,2,12,B01
200700024788,0,10,000,00,0,4,00,A01
200700024789,0,07,000,03,0,6,01,A01
200700024790,0,07,000,03,0,0,01,A01
200700024790,0,07,000,00,0,4,02,B01
200700024790,0,07,000,00,0,6,01,C01
200700024791,0,07,000,00,0,4,02,B01
200700024791,0,07,000,00,2,1,02,A01
200700024792,0,07,000,00,9,4,02,B01
200700024792,0,33,000,00,2,1,02,A01
200700024793,0,07,000,00,0,9,00,A01
200700024794,0,15,000,00,2,2,12,A01
200700024794,0,07,000,00,2,6,01,B01
200700024795,0,33,000,00,0,0,21,A01
200700024796,0,07,000,00,2,1,09,B01
200700024796,0,07,000,00,0,4,02,A01
200700024797,0,07,000,03,0,0,01,A01
200700024798,0,07,000,00,2,8,01,B01
200700024798,0,16,000,00,2,2,12,A01
200700024799,0,07,000,00,2,4,02,D01
200700024799,0,07,000,00,2,4,02,C01
200700024799,0,07,000,00,2,4,02,B01
200700024799,0,07,000,00,2,1,02,A01
200700024800,0,33,000,00,0,0,00,B01
200700024800,0,07,000,00,0,4,00,A01
200700024801,0,07,000,00,0,8,00,B01
200700024801,0,33,000,00,2,7,00,A01
200700024802,0,07,000,04,0,6,01,D01
200700024802,0,07,000,04,0,0,00,C01
200700024802,0,07,000,04,0,0,00,B01
200700024802,0,17,000,00,0,0,00,A01
200700024803,0,33,000,00,2,1,02,C01
200700024803,0,07,000,04,0,4,02,A01
200700024803,0,10,000,00,2,1,02,B01
200700024804,0,07,000,04,2,4,01,B01
200700024804,0,14,000,00,2,2,12,A01
200700024805,0,07,000,00,2,1,02,B01
200700024805,0,07,000,00,2,4,02,A01
200700024806,0,07,000,03,0,2,00,A01
200700024807,0,07,000,00,2,2,12,B01
200700024807,0,10,000,00,2,6,01,A01
200700024808,0,07,000,04,0,8,01,A01
200700024809,0,33,000,00,2,1,01,B01
200700024809,0,07,000,00,0,4,01,A01
200700024810,0,32,000,00,2,7,17,B01
200700024810,0,07,000,00,2,3,11,A01
200700024811,0,33,000,00,2,1,03,B01
200700024811,0,07,000,00,2,5,12,A01
200700024812,0,07,000,03,0,1,00,A01
200700024813,0,07,000,00,2,8,11,B01
200700024813,0,33,000,00,2,7,01,A01
200700024814,0,33,000,00,0,1,01,B01
200700024814,0,33,000,00,2,1,01,A01
200700024815,0,33,000,00,0,8,00,A01
200700024816,0,07,000,00,2,1,00,A01
200700024816,0,07,000,00,0,4,01,B01
200700024817,0,07,000,01,0,1,14,B01
200700024817,0,99,000,00,0,6,23,A01
200700024818,0,07,000,00,2,8,02,C01
200700024818,0,07,000,00,2,1,01,B01
200700024818,0,07,000,00,0,2,00,A01
200700024819,0,07,000,00,0,4,02,C01
200700024819,0,07,000,00,2,1,00,B01
200700024819,0,07,000,00,2,1,02,A01
200700024820,0,07,000,03,2,3,00,B01
200700024820,0,14,000,00,0,1,01,A01
200700024821,0,15,000,00,2,2,12,B01
200700024821,0,10,000,04,2,6,01,A01
200700024822,0,33,000,00,0,7,01,A01
200700024823,0,15,000,00,0,8,01,C01
200700024823,0,10,000,00,2,3,11,B01
200700024823,0,07,000,00,0,5,02,A01
200700024824,0,07,000,00,2,3,20,B01
200700024824,0,04,000,00,2,8,18,A01
200700024825,0,15,000,00,2,3,00,C01
200700024825,0,07,000,00,2,2,02,B01
200700024825,0,07,000,00,2,2,12,A01
200700024826,0,07,000,00,2,1,01,D01
200700024826,0,07,000,00,2,3,12,C01
200700024826,0,07,000,00,2,4,01,B01
200700024826,0,07,000,00,2,6,01,A01
200700024827,0,07,000,00,2,4,02,C01
200700024827,0,07,000,00,2,1,02,B01
200700024827,0,07,000,00,2,4,02,A01
200700024828,0,07,000,00,2,6,00,B01
200700024828,0,07,000,04,0,3,13,A01
200700024829,0,07,000,00,2,4,02,D01
200700024829,0,07,000,00,2,4,02,C01
200700024829,0,07,000,00,2,4,02,B01
200700024829,0,10,000,00,2,1,02,A01
200700024830,0,07,000,00,0,1,00,B01
200700024830,0,14,000,00,0,2,00,A01
200700024831,0,07,000,00,0,6,02,C01
200700024831,0,15,000,00,2,2,12,B01
200700024831,0,10,000,00,2,1,02,A01
200700024832,0,15,000,00,2,2,12,B01
200700024832,0,07,000,00,0,6,01,A01
200700024833,0,07,000,04,0,3,17,A01
200700024834,0,07,000,05,0,3,14,A01
200700024835,0,05,000,00,0,5,01,A01
200700024836,0,14,000,00,1,3,02,C01
200700024836,0,05,000,01,2,3,11,B01
200700024836,0,07,000,00,2,5,02,A01
200700024837,0,32,000,00,2,3,03,A01
200700024837,0,07,000,00,2,7,12,B01
200700024838,0,07,000,00,2,3,00,A01
200700024838,0,07,000,00,2,8,00,B01
200700024839,0,07,000,16,0,1,14,A01
200700024840,0,32,000,00,2,1,02,A01
200700024840,0,07,000,00,2,6,02,B01
200700024841,0,07,000,00,2,4,02,A01
200700024841,0,07,000,00,2,4,02,B01
200700024842,0,07,000,04,2,3,01,A01
200700024842,0,07,000,00,2,1,01,B01
200700024842,1,07,000,00,0,0,00,C01
200700024843,0,07,000,00,2,1,02,A01
200700024843,0,07,000,00,2,4,02,B01
200700024843,0,07,000,00,2,4,02,C01
200700024843,0,07,000,00,0,4,02,D01
200700024844,0,07,000,03,0,1,00,A01
200700024845,0,07,000,00,2,1,02,A01
200700024845,0,07,000,00,2,4,02,B01
200700024845,0,07,000,00,2,4,02,C01
200700024846,0,07,000,00,2,1,02,A01
200700024846,0,07,000,00,2,4,02,B01
200700024846,0,07,000,00,2,4,02,C01
200700024846,1,07,000,00,2,1,03,D01
200700024847,0,07,000,04,0,3,01,A01
200700024848,0,07,000,15,0,7,00,A01
200700024849,0,07,000,04,0,1,01,A01
200700024850,2,07,000,04,2,3,17,A01
200700024850,0,07,000,00,2,4,01,B01
200700024851,0,15,000,04,0,3,01,B01
200700024851,0,07,000,00,2,2,14,A01
200700024852,0,07,000,00,2,2,02,A01
200700024852,0,07,000,00,0,4,02,B01
200700024852,0,07,000,00,2,4,02,C01
200700024853,0,33,000,00,0,5,00,A01
200700024854,0,07,000,00,2,1,02,C01
200700024854,0,07,000,00,2,4,01,B01
200700024854,0,10,000,00,0,4,01,A01
200700024855,0,14,000,01,0,1,02,C01
200700024855,0,07,000,00,2,0,02,B01
200700024855,0,01,000,00,0,4,01,A01
200700024856,0,07,000,00,2,1,02,A01
200700024856,0,07,000,00,2,4,02,C01
200700024856,0,07,000,00,2,4,02,B01
200700024857,0,05,000,00,2,1,01,B01
200700024857,0,07,000,00,2,7,12,A01
200700024858,0,07,000,00,0,5,00,B01
200700024858,0,14,000,00,2,3,00,A01
200700024859,0,05,000,00,0,0,00,A01
200700024860,0,07,000,00,2,8,01,B01
200700024860,0,07,000,00,2,2,14,A01
200700024861,0,07,000,00,2,1,02,B01
200700024861,0,07,000,00,0,4,02,A01
200700024862,0,07,000,00,0,8,00,A01
200700024863,0,07,000,16,0,2,01,A01
200700024864,0,15,000,04,0,3,21,A01
200700024865,0,10,000,06,0,9,00,A01
200700024866,0,05,000,16,0,1,01,A01
200700024867,0,07,000,03,0,3,00,A01
200700024868,0,15,000,00,2,2,01,B01
200700024868,2,07,000,11,2,1,12,A01
200700024869,0,15,000,00,2,3,01,C01
200700024869,0,07,000,00,2,1,01,B01
200700024869,0,07,000,00,0,4,02,A01
200700024870,0,07,000,04,0,1,00,A01
200700024871,0,05,000,00,2,8,03,B01
200700024871,0,07,000,00,0,4,01,C01
200700024871,0,07,000,00,2,2,12,A01
200700024872,0,10,000,00,0,6,23,B01
200700024872,0,10,000,00,2,2,01,A01
200700024872,0,05,000,00,2,0,18,C01
200700024873,0,05,000,00,0,0,03,A01
200700024874,0,07,000,00,0,0,00,A01
200700024875,0,07,000,00,2,1,02,B01
200700024875,0,07,000,00,2,4,01,A01
200700024875,0,07,000,00,2,1,02,C01
200700024876,0,07,000,04,0,6,21,B01
200700024876,0,07,000,00,0,7,00,A01
200700024877,0,07,000,00,0,5,02,A01
200700024877,0,07,000,00,2,1,02,B01
200700024878,0,07,000,00,2,2,21,B01
200700024878,0,07,000,00,0,7,01,A01
200700024879,0,07,000,00,0,0,09,B01
200700024879,0,07,000,14,0,2,01,A01
200700024880,0,07,000,00,2,1,00,B01
200700024880,0,07,000,00,0,4,00,A01
200700024881,0,15,000,00,0,5,12,B01
200700024881,0,07,000,00,0,8,01,A01
200700024882,0,07,000,00,2,3,02,B01
200700024882,0,07,000,00,2,5,02,A01
200700024883,0,07,000,00,2,1,02,B01
200700024883,0,07,000,00,2,4,02,A01
200700024884,0,05,000,00,0,1,01,A01
200700024885,0,07,000,00,0,3,00,A01
200700024886,0,07,000,00,2,8,01,C01
200700024886,0,05,000,00,2,1,02,B01
200700024886,0,07,000,00,2,4,01,A01
200700024887,0,05,000,00,2,1,02,B01
200700024887,0,07,000,00,0,5,01,A01
200700024888,1,99,000,00,2,0,02,A01
200700024888,0,07,000,04,2,3,01,B01
200700024889,0,30,000,06,0,2,16,A01
200700024890,0,07,000,00,2,4,02,B01
200700024890,0,07,000,00,2,4,01,A01
200700024890,0,07,000,00,2,1,02,C01
200700024891,0,07,000,00,2,1,01,C01
200700024891,0,07,000,00,2,4,01,B01
200700024891,0,15,000,00,2,3,01,A01
200700024892,0,07,000,00,0,4,01,A01
200700024892,0,07,000,00,2,1,01,D01
200700024892,0,07,000,00,2,4,01,C01
200700024892,0,07,000,00,2,1,01,B01
200700024893,0,15,000,04,0,2,01,D01
200700024893,0,10,000,03,2,4,01,C01
200700024893,0,07,000,03,0,4,01,B01
200700024893,0,15,000,03,0,4,02,A01
200700024894,0,05,000,00,2,3,03,B01
200700024894,0,07,000,00,2,2,01,A01
200700024895,0,07,000,00,2,2,01,C01
200700024895,0,07,000,00,2,5,02,B01
200700024895,0,13,000,00,2,3,02,A01
200700024896,0,07,000,04,0,3,02,A01
200700024897,0,07,000,00,0,4,01,B01
200700024897,0,07,000,00,2,1,01,A01
200700024898,0,07,000,04,0,3,02,A01
200700024898,0,17,000,00,2,2,02,B01
200700024899,0,05,000,00,2,1,03,B01
200700024899,0,07,000,00,0,5,02,A01
200700024900,0,07,000,00,2,1,02,D01
200700024900,0,07,000,00,2,3,02,C01
200700024900,0,07,000,00,2,5,14,B01
200700024900,0,07,000,00,2,3,01,A01
200700024901,0,07,000,00,1,3,01,A01
200700024902,0,07,000,08,0,0,01,A01
200700024903,0,07,000,00,2,0,13,A01
200700024903,0,07,000,00,2,0,01,B01
200700024904,0,07,000,00,2,1,01,A01
200700024904,0,33,000,00,2,1,00,B01
200700024905,0,07,000,00,2,1,09,A01
200700024905,0,32,000,00,2,1,01,B01
200700024906,0,07,000,00,2,6,01,A01
200700024906,0,07,000,00,2,1,01,B01
200700024907,0,07,000,00,2,2,09,A01
200700024907,0,07,000,00,2,2,01,B01
200700024908,0,07,000,00,2,1,01,A01
200700024908,0,07,000,00,2,4,01,B01
200700024908,0,07,000,00,2,4,01,C01
200700024909,0,02,000,00,2,8,18,A01
200700024909,0,07,000,00,2,7,01,B01
200700024910,0,07,000,00,2,1,01,A01
200700024910,0,34,000,00,2,1,17,B01
200700024911,0,07,000,00,2,3,01,A01
200700024911,0,07,000,00,2,1,01,B01
200700024912,0,02,000,00,2,1,01,A01
200700024912,0,07,000,00,2,1,01,B01
200700024913,0,07,000,00,1,4,04,A01
200700024914,0,07,000,00,2,1,17,A01
200700024914,0,07,000,00,2,8,20,B01
200700024914,0,07,000,15,2,4,01,C01
200700024915,0,07,000,00,1,6,01,A01
200700024916,0,07,000,00,2,1,13,A01
200700024916,0,07,000,00,2,1,01,B01
200700024917,0,34,000,00,2,1,01,A01
200700024917,0,07,000,00,2,4,23,B01
200700024918,0,15,000,00,2,1,01,A01
200700024918,0,07,000,00,0,8,01,B01
200700024919,0,01,000,00,0,8,01,B01
200700024919,0,07,000,00,2,1,01,A01
200700024920,0,37,000,00,2,2,01,A01
200700024920,0,07,000,00,0,8,01,B01
200700024921,0,07,000,04,0,3,01,A01
200700024922,0,07,000,00,0,0,00,A01
200700024922,0,07,000,00,0,0,00,B01
200700024923,0,17,000,00,0,0,00,A01
200700024923,0,07,000,00,0,0,00,B01
200700024923,0,07,000,00,0,0,00,C01
200700024923,0,07,000,00,0,0,00,D01
200700024924,0,07,000,00,0,0,00,A01
200700024925,0,07,000,00,0,0,00,A01
200700024925,0,07,000,00,0,0,00,B01
200700024926,1,07,000,00,0,0,00,A01
200700024926,0,33,000,00,0,0,00,B01
200700024927,1,07,000,00,0,0,00,A01
200700024927,0,33,000,00,0,0,00,B01
200700024927,0,33,000,00,0,0,00,C01
200700024928,0,07,000,04,0,0,00,A01
200700024929,0,07,000,00,0,0,00,A01