Num_Acc,senc,catv,occutc,obs,obsm,choc,manv,num_veh
200700024929,0,07,000,00,0,0,00,B01
200700024929,0,07,000,00,0,0,00,C01
200700024930,0,07,000,06,0,0,00,A01
200700024931,0,07,000,02,0,0,00,A01
200700024932,0,07,000,00,0,0,00,A01
200700024933,0,33,000,00,0,0,00,A01
200700024934,0,17,000,00,0,0,00,A01
200700024934,0,07,000,00,0,0,00,B01
200700024935,0,17,000,00,0,0,00,A01
200700024935,0,07,000,00,0,0,00,B01
200700024935,0,07,000,00,0,0,00,C01
200700024935,0,17,000,00,0,0,00,D01
200700024936,0,17,000,00,1,0,00,A01
200700024936,0,10,000,00,0,0,00,B01
200700024936,0,07,000,00,1,0,00,C01
200700024936,0,07,000,00,1,0,00,D01
200700024937,0,07,000,00,0,0,00,A01
200700024937,0,07,000,00,0,0,00,B01
200700024938,0,17,000,00,0,0,00,A01
200700024939,0,07,000,00,0,0,00,A01
200700024939,0,10,000,00,0,0,00,B01
200700024939,0,10,000,00,0,0,00,C01
200700024940,0,07,000,00,0,0,00,A01
200700024940,0,07,000,00,0,0,00,B01
200700024941,0,33,000,00,0,0,00,A01
200700024942,0,33,000,00,0,0,00,A01
200700024942,0,10,000,00,0,0,00,B01
200700024943,2,07,000,00,0,0,00,A01
200700024943,0,33,000,00,0,0,00,B01
200700024944,0,07,000,00,0,0,00,A01
200700024945,0,17,000,00,0,0,00,A01
200700024945,0,07,000,00,0,0,00,B01
200700024946,0,07,000,00,0,0,00,A01
200700024946,0,10,000,00,0,0,00,B01
200700024947,0,17,000,00,0,0,00,A01
200700024947,0,07,000,00,0,0,00,B01
200700024948,0,17,000,00,0,0,00,A01
200700024948,0,07,000,00,0,0,00,B01
200700024949,0,07,000,00,0,0,00,A01
200700024950,0,07,000,00,0,0,00,A01
200700024951,0,07,000,13,0,0,00,A01
200700024952,0,07,000,00,0,0,00,A01
200700024953,0,07,000,00,6,0,00,A01
200700024954,0,17,000,00,0,0,00,A01
200700024955,0,07,000,00,0,0,00,A01
200700024955,0,07,000,00,0,0,00,B01
200700024956,0,07,000,00,0,0,00,A01
200700024956,0,07,000,00,0,0,00,B01
200700024957,0,33,000,00,0,0,00,A01
200700024958,0,07,000,00,0,0,00,A01
200700024958,0,07,000,00,0,0,00,B01
200700024959,0,10,000,00,0,0,00,A01
200700024959,0,10,000,00,0,0,00,B01
200700024959,0,07,000,00,0,0,00,C01
200700024959,0,10,000,00,0,0,00,D01
200700024960,0,07,000,00,0,0,00,A01
200700024961,0,07,000,00,0,0,00,A01
200700024961,0,07,000,00,0,0,00,B01
200700024962,1,07,000,00,0,0,00,A01
200700024962,0,07,000,00,0,0,00,B01
200700024963,0,07,000,00,0,0,00,A01
200700024963,0,07,000,00,0,0,00,B01
200700024964,0,07,000,00,0,0,00,A01
200700024964,0,07,000,00,0,0,00,B01
200700024965,0,07,000,00,2,2,01,A01
200700024965,0,07,000,00,2,3,01,B01
200700024966,0,37,000,00,1,7,01,A01
200700024967,0,07,000,00,2,1,01,A01
200700024967,0,07,000,00,2,8,01,B01
200700024968,0,30,000,00,1,1,01,A01
200700024969,0,01,000,00,1,1,01,A01
200700024970,0,07,000,00,0,0,01,A01
200700024970,0,07,000,06,0,1,01,B01
200700024971,0,07,000,00,2,1,01,A01
200700024971,0,07,000,09,2,8,01,B01
200700024972,0,07,000,00,1,1,01,A01
200700024973,0,07,000,00,9,7,01,A01
200700024973,0,01,000,00,0,8,01,B01
200700024974,0,07,000,00,2,2,01,A01
200700024974,0,33,000,00,0,4,01,B01
200700024975,0,07,000,00,2,0,12,A01
200700024975,0,32,000,09,0,7,07,B01
200700024976,0,30,000,00,2,1,01,A01
200700024976,0,07,000,00,2,8,01,B01
200700024977,0,30,000,00,2,1,01,A01
200700024977,0,07,000,00,2,2,01,B01
200700024978,0,07,000,00,2,2,01,A01
200700024978,0,01,000,00,0,8,01,B01
200700024979,0,33,000,00,2,1,01,A01
200700024979,0,07,000,00,2,4,01,B01
200700024980,0,07,000,00,2,1,01,A01
200700024980,0,07,000,00,2,7,01,B01
200700024981,0,07,000,00,1,1,01,A01
200700024982,0,07,000,00,2,6,11,A01
200700024982,0,02,000,00,2,1,01,B01
200700024983,0,07,000,00,9,2,15,A01
200700024983,0,01,000,00,2,1,01,B01
200700024984,0,07,000,01,2,8,09,A01
200700024984,0,37,006,00,2,1,07,B01
200700024985,0,07,000,00,1,0,00,A01
200700024986,0,32,000,00,2,1,01,B01
200700024986,0,07,000,00,2,1,19,A01
200700024987,0,32,000,00,2,1,03,A01
200700024987,0,07,000,00,0,6,20,B01
200700024988,0,10,000,00,2,1,01,A01
200700024988,0,07,000,00,2,4,23,B01
200700024988,0,07,000,00,2,4,02,C01
200700024988,0,07,000,00,0,4,02,D01
200700024989,1,07,000,00,2,1,00,A01
200700024989,0,10,000,00,0,6,01,B01
200700024990,0,17,000,09,1,2,21,A01
200700024991,0,07,000,00,2,2,12,A01
200700024991,0,05,000,00,0,6,01,B01
200700024992,0,10,000,00,2,1,01,A01
200700024992,0,07,000,00,2,4,01,B01
200700024992,0,14,000,00,0,4,23,C01
200700024993,0,07,000,03,2,1,02,A01
200700024993,0,07,000,00,0,6,02,B01
200700024994,0,07,000,03,2,8,02,A01
200700024994,0,15,000,00,0,3,02,B01
200700024995,0,05,000,04,0,7,02,A01
200700024996,0,17,000,00,2,1,12,A01
200700024996,0,07,000,00,2,3,02,B01
200700024997,0,07,000,00,2,6,11,A01
200700024997,0,17,000,00,2,2,02,B01
200700024998,0,07,000,00,2,8,11,A01
200700024998,0,07,000,00,0,2,02,B01
200700024999,0,17,000,07,0,1,01,A01
200700025000,0,05,000,00,6,1,21,A01
200700025001,0,07,000,03,0,4,13,A01
200700025002,2,02,000,00,2,1,13,A01
200700025002,0,07,000,00,2,3,01,B01
200700025003,0,07,000,00,2,1,02,C01
200700025003,0,07,000,04,2,4,23,B01
200700025003,0,07,000,00,0,6,23,A01
200700025004,0,07,000,00,0,8,01,B01
200700025004,0,17,000,00,2,2,12,A01
200700025005,0,33,000,00,2,1,21,B01
200700025005,0,10,000,00,0,6,12,A01
200700025006,0,10,000,00,2,3,02,C01
200700025006,0,07,000,00,0,3,01,A01
200700025006,0,07,000,00,2,5,01,B01
200700025007,0,32,000,14,0,1,01,A01
200700025008,0,07,000,00,0,9,21,A01
200700025009,0,07,000,00,2,7,14,A01
200700025010,0,07,000,03,0,9,14,A01
200700025011,0,07,000,03,2,8,01,B01
200700025011,0,15,000,00,2,2,12,A01
200700025012,0,33,000,01,0,1,21,A01
200700025012,0,10,000,00,2,6,24,B01
200700025013,0,10,000,00,1,8,01,A01
200700025014,0,07,000,00,2,6,19,A01
200700025014,0,33,000,00,2,1,01,B01
200700025015,0,07,000,00,2,7,01,A01
200700025015,0,07,000,00,2,3,01,B01
200700025016,0,30,000,00,2,1,01,A01
200700025016,0,07,000,00,2,3,01,B01
200700025017,0,07,000,00,2,3,01,A01
200700025017,0,30,000,00,2,5,01,B01
200700025018,0,33,000,00,2,2,17,A01
200700025018,0,07,000,00,2,3,01,B01
200700025019,0,07,000,00,2,1,15,A01
200700025019,0,33,000,00,2,8,01,B01
200700025020,0,07,000,00,1,1,01,A01
200700025021,0,01,000,00,0,0,01,A01
200700025022,0,07,000,08,2,3,01,A01
200700025022,0,07,000,00,2,1,01,B01
200700025023,0,30,000,01,0,1,01,A01
200700025024,0,02,000,00,2,1,01,A01
200700025024,0,07,000,00,2,3,15,B01
200700025025,0,02,000,00,2,1,01,A01
200700025025,0,02,000,00,2,1,01,B01
200700025026,0,07,000,00,1,1,01,A01
200700025027,0,07,000,00,2,2,15,A01
200700025027,0,02,000,00,2,1,01,B01
200700025028,0,07,000,00,1,2,15,A01
200700025029,0,32,000,00,2,1,00,A01
200700025029,0,07,000,00,0,6,15,B01
200700025030,0,07,000,00,2,5,11,A01
200700025030,0,02,000,00,2,1,01,B01
200700025031,0,15,000,00,1,7,16,A01
200700025032,0,30,000,00,2,1,01,A01
200700025032,0,07,000,00,2,1,01,B01
200700025033,0,07,000,00,2,1,01,A01
200700025033,0,07,000,00,2,3,15,B01
200700025034,0,07,000,03,6,1,01,A01
200700025035,0,07,000,00,2,1,02,A01
200700025035,0,07,000,00,2,4,02,B01
200700025036,0,33,000,04,0,1,02,A01
200700025037,0,07,000,04,0,1,00,A01
200700025038,0,07,000,04,0,3,01,A01
200700025038,2,07,000,00,2,7,09,B01
200700025039,0,07,000,00,0,0,12,A01
200700025039,0,33,000,00,0,7,01,B01
200700025040,0,07,000,13,0,1,14,A01
200700025041,0,33,000,00,0,0,00,A01
200700025042,0,07,000,12,2,6,00,A01
200700025042,0,16,000,06,2,2,02,B01
200700025043,0,33,000,00,2,1,02,A01
200700025043,0,07,000,00,0,5,01,B01
200700025044,0,17,000,00,2,1,21,A01
200700025044,0,07,000,00,2,4,21,B01
200700025044,0,07,000,00,2,4,23,C01
200700025044,0,07,000,00,2,4,23,D01
200700025044,0,07,000,00,0,4,23,E01
200700025045,0,07,000,00,2,2,01,A01
200700025045,0,17,000,00,2,3,01,B01
200700025046,0,07,000,00,2,1,02,A01
200700025046,0,07,000,00,0,4,02,B01
200700025047,0,07,000,03,2,3,12,A01
200700025047,0,07,000,04,0,6,01,B01
200700025048,0,07,000,00,0,0,01,A01
200700025049,0,07,000,03,0,3,01,A01
200700025050,0,33,000,00,2,1,02,A01
200700025050,0,07,000,00,0,6,02,B01
200700025051,0,07,000,00,2,1,02,A01
200700025051,0,07,000,00,2,4,02,B01
200700025051,0,07,000,00,2,4,02,C01
200700025052,0,07,000,00,0,6,01,A01
200700025052,0,15,000,00,2,2,12,B01
200700025053,0,07,000,04,0,3,13,A01
200700025054,0,10,000,00,2,8,11,A01
200700025054,0,17,000,00,2,1,01,B01
200700025055,0,07,000,03,0,3,12,A01
200700025056,0,07,000,00,0,4,02,B01
200700025056,0,10,000,00,2,1,02,A01
200700025057,0,15,000,00,2,2,21,C01
200700025057,0,07,000,00,0,4,23,B01
200700025057,0,14,000,00,0,0,00,A01
200700025058,0,07,000,00,2,1,02,A01
200700025058,0,07,000,00,2,4,02,B01
200700025058,0,07,000,00,0,4,02,C01
200700025059,0,07,000,00,2,3,05,A01
200700025059,0,07,000,00,2,3,01,B01
200700025060,0,07,000,03,0,7,14,A01
200700025060,0,07,000,00,0,6,02,F02
200700025060,0,07,000,14,0,1,02,B01
200700025060,0,07,000,00,0,5,02,G02
200700025060,0,07,000,00,0,4,23,C01
200700025060,0,07,000,14,2,8,03,H02
200700025060,0,07,000,00,0,8,23,D01
200700025060,0,07,000,14,0,7,02,E01
200700025061,0,07,000,13,0,1,01,A01
200700025062,0,07,000,03,0,1,14,A01
200700025063,0,07,000,00,2,1,02,A01
200700025063,0,07,000,00,2,4,02,B01
200700025063,0,07,000,00,2,4,02,C01
200700025063,0,07,000,00,2,4,02,D01
200700025064,0,15,000,00,2,1,02,A01
200700025064,0,10,000,00,2,4,02,B01
200700025065,0,15,000,04,0,3,01,A01
200700025066,0,17,000,00,2,1,02,A01
200700025066,0,17,000,00,2,4,23,B01
200700025066,0,14,000,00,2,4,23,C01
200700025066,0,17,000,00,0,4,23,D01
200700025067,0,07,000,00,2,3,02,A01
200700025067,0,07,000,00,2,5,02,B01
200700025068,0,07,000,00,2,2,12,A01
200700025068,0,33,000,00,2,3,01,B01
200700025069,0,07,000,00,0,2,01,A01
200700025070,0,07,000,04,0,3,00,A01
200700025071,0,07,000,04,0,3,16,A01
200700025072,0,07,000,03,0,3,14,A01
200700025073,0,07,000,00,2,1,13,A01
200700025073,0,07,000,00,2,1,01,B01
200700025074,0,30,000,00,2,4,02,B01
200700025074,1,07,000,00,0,0,02,A01
200700025075,0,07,000,00,2,8,15,A01
200700025075,0,07,000,00,2,1,01,B01
200700025076,0,07,000,00,9,2,11,A01
200700025076,0,30,000,00,2,2,01,B01
200700025077,0,07,000,07,0,3,01,A01
200700025078,0,02,000,00,2,4,01,A01
200700025078,0,07,000,00,0,4,00,B01
200700025079,0,07,000,00,2,1,02,A01
200700025079,0,07,000,00,2,4,02,B01
200700025079,0,03,000,00,9,4,02,C01
200700025080,0,07,000,00,1,1,01,A01
200700025081,0,07,000,03,2,2,02,A01
200700025081,0,07,000,00,0,6,00,B01
200700025082,0,07,000,13,0,6,01,A01
200700025083,0,33,000,03,0,7,21,A01
200700025083,0,07,000,00,0,0,14,B01
200700025084,0,07,000,00,2,1,02,A01
200700025084,0,07,000,00,2,4,23,B01
200700025084,0,07,000,00,2,4,23,C01
200700025084,0,07,000,00,0,4,23,D01
200700025085,0,13,000,00,2,1,01,A01
200700025085,0,07,000,00,2,4,02,B01
200700025085,0,07,000,00,2,4,02,C01
200700025085,0,07,000,00,0,4,02,D01
200700025086,0,07,000,00,2,1,02,A01
200700025086,0,07,000,00,0,4,01,B01
200700025087,0,13,000,00,2,5,12,A01
200700025087,0,07,000,03,2,3,21,B01
200700025088,0,07,000,00,2,1,02,A01
200700025088,0,07,000,00,2,4,02,B01
200700025088,0,07,000,00,0,4,02,C01
200700025089,0,07,000,00,2,1,02,A01
200700025089,0,07,000,00,2,4,02,B01
200700025089,0,07,000,00,0,4,02,C01
200700025090,0,07,000,03,0,2,02,A01
200700025091,0,10,000,04,0,3,01,A01
200700025092,0,07,000,03,0,3,01,A01
200700025093,0,07,000,00,0,4,02,A01
200700025093,0,07,000,00,2,1,02,B01
200700025094,0,07,000,15,0,3,16,A01
200700025095,0,10,000,00,2,4,01,A01
200700025095,0,07,000,00,2,1,02,B01
200700025096,0,07,000,04,0,1,11,A01
200700025097,0,07,000,00,2,6,04,A01
200700025097,0,07,000,00,2,1,21,B01
200700025097,0,37,009,00,2,1,01,C01
200700025098,0,07,000,00,0,4,01,A01
200700025098,0,07,000,00,2,1,02,B01
200700025099,0,07,000,00,2,1,21,B01
200700025099,1,07,000,00,0,0,00,A01
200700025100,0,07,000,00,0,9,11,A01
200700025101,0,07,000,00,2,4,02,A01
200700025101,0,07,000,00,2,1,02,B01
200700025102,0,07,000,00,0,5,03,A01
200700025102,0,33,000,00,0,3,02,B01
200700025103,0,07,000,00,2,3,09,A01
200700025103,0,15,000,00,0,7,03,B01
200700025103,0,07,000,00,0,0,09,T01
200700025104,0,33,000,06,0,1,06,A01
200700025105,0,07,000,03,0,2,01,A01
200700025106,0,07,000,04,0,1,02,A01
200700025107,0,07,000,03,0,3,15,A01
200700025108,0,07,000,00,0,4,01,A01
200700025108,0,07,000,00,2,1,02,B01
200700025109,0,07,000,03,0,7,01,A01
200700025110,0,07,000,00,0,4,01,A01
200700025110,0,07,000,00,2,2,02,B01
200700025111,0,07,000,03,2,5,01,A01
200700025112,0,07,000,13,0,1,00,A01
200700025113,0,07,000,06,0,1,01,A01
200700025114,0,07,000,00,0,4,02,A01
200700025114,0,07,000,00,0,4,02,B01
200700025114,0,07,000,00,0,4,02,C01
200700025114,0,07,000,00,0,1,02,D01
200700025115,0,15,000,00,0,2,12,A01
200700025115,0,07,000,00,0,3,01,B01
200700025116,0,07,000,00,0,3,01,A01
200700025116,0,10,000,00,2,1,01,B01
200700025117,0,07,000,04,0,3,02,A01
200700025118,0,07,000,00,1,3,00,A01
200700025118,0,07,000,00,1,1,00,B01
200700025118,0,10,000,00,0,0,00,C01
200700025118,0,31,000,14,0,1,02,D01
200700025119,0,10,000,00,0,9,00,A01
200700025120,0,10,000,00,2,4,02,A01
200700025120,0,07,000,00,2,1,02,B01
200700025121,0,33,000,00,0,8,02,A01
200700025122,0,07,000,13,0,1,14,A01
200700025123,0,17,000,00,0,4,01,A01
200700025123,0,07,000,00,2,1,01,B01
200700025124,0,07,000,00,2,6,01,A01
200700025124,0,15,000,00,2,2,12,B01
200700025125,0,07,000,00,0,4,02,A01
200700025125,0,07,000,00,2,4,02,B01
200700025125,0,10,000,00,2,6,02,C01
200700025126,0,07,000,11,0,1,01,A01
200700025127,0,07,000,00,0,5,12,A01
200700025127,0,33,000,00,2,1,12,B01
200700025128,0,07,000,00,0,4,01,A01
200700025128,0,07,000,00,2,1,01,B01
200700025128,0,07,000,00,2,1,01,C01
200700025129,0,07,000,00,0,4,02,A01
200700025130,0,07,000,00,0,4,01,A01
200700025130,0,07,000,00,2,1,01,B01
200700025131,0,07,000,03,0,3,00,A01
200700025132,0,07,000,05,0,1,02,A01
200700025133,0,07,000,00,2,2,01,A01
200700025133,0,07,000,04,2,7,14,B01
200700025134,1,07,000,00,2,1,01,A01
200700025134,0,07,000,00,0,4,23,B01
200700025135,0,02,000,00,2,1,01,A01
200700025135,1,07,000,00,0,0,00,B01
200700025136,0,07,000,00,1,1,01,A01
200700025137,0,07,000,00,0,1,09,A01
200700025137,0,07,000,00,2,1,02,B01
200700025138,0,07,000,00,2,1,06,A01
200700025138,0,07,000,00,2,8,23,B01
200700025139,0,32,000,00,2,1,17,A01
200700025139,0,07,000,00,2,8,15,B01
200700025140,0,07,000,00,2,3,15,A01
200700025140,0,30,000,00,2,2,17,B01
200700025141,0,07,000,00,1,4,04,A01
200700025142,0,07,000,00,2,3,01,A01
200700025142,0,32,000,00,0,0,00,B01
200700025143,0,02,000,00,2,1,03,A01
200700025143,0,07,000,00,2,3,15,B01
200700025144,0,07,000,00,0,8,10,A01
200700025144,0,07,000,00,2,3,10,B01
200700025145,0,07,000,00,0,1,01,A01
200700025146,0,07,000,11,0,1,00,A01
200700025147,0,07,000,00,1,1,01,A01
200700025148,0,07,000,00,1,6,20,A01
200700025149,0,07,000,00,2,7,00,A01
200700025149,0,33,000,00,2,0,00,B01
200700025150,0,07,000,15,0,1,01,A01
200700025151,0,02,000,00,1,1,01,A01
200700025152,0,34,000,00,2,0,00,A01
200700025152,0,07,000,00,2,0,00,B01
200700025153,0,07,000,00,1,3,00,A01
200700025154,0,31,000,00,2,1,02,A01
200700025154,0,07,000,00,2,4,01,B01
200700025155,0,07,000,00,1,1,01,A01
200700025156,0,33,000,11,2,1,17,A01
200700025156,0,07,000,00,0,0,00,B01
200700025157,0,02,000,00,2,1,02,A01
200700025157,0,07,000,00,0,4,02,B01
200700025158,0,02,000,00,2,1,16,A01
200700025158,0,07,000,00,2,2,02,B01
200700025159,0,07,000,00,2,3,02,B01
200700025159,0,07,000,00,2,1,02,A01
200700025159,0,07,000,00,2,1,23,C01
200700025160,0,07,000,00,1,1,15,A01
200700025161,0,07,000,00,2,1,13,A01
200700025161,0,07,000,09,2,1,01,B01
200700025162,0,07,000,00,2,1,01,B01
200700025162,0,07,000,00,2,6,01,C01
200700025162,0,02,000,00,2,1,09,A01
200700025163,0,01,000,00,2,1,02,B01
200700025163,0,07,000,00,2,3,02,A01
200700025164,0,07,000,00,2,1,01,B01
200700025164,0,07,000,00,2,2,01,A01
200700025165,0,07,000,00,2,1,00,A01
200700025165,0,07,000,00,2,1,01,B01
200700025166,0,07,000,00,1,1,01,A01
200700025167,0,07,000,00,2,1,05,A01
200700025167,0,07,000,00,2,1,01,B01
200700025167,0,07,000,08,2,9,01,C01
200700025168,0,07,000,00,2,1,01,A01
200700025168,0,07,000,00,2,4,01,B01
200700025169,0,02,000,00,2,1,01,A01
200700025169,0,07,000,00,2,4,01,B01
200700025170,0,02,000,00,2,3,15,A01
200700025170,0,07,000,00,2,5,01,B01
200700025171,0,07,000,00,1,2,01,A01
200700025172,0,33,000,04,0,9,01,A01
200700025173,0,07,000,00,2,2,01,B01
200700025173,0,02,000,00,2,3,15,A01
200700025174,0,07,000,00,2,3,01,A01
200700025174,0,02,000,00,2,1,01,B01
200700025175,0,32,000,00,2,1,01,A01
200700025175,0,07,000,00,2,4,01,B01
200700025176,0,07,000,00,2,2,01,B01
200700025176,0,02,000,00,2,3,19,A01
200700025177,0,07,000,00,1,4,04,A01
200700025178,0,07,000,00,1,1,01,A01
200700025179,0,07,000,00,2,2,01,A01
200700025179,0,10,000,00,2,3,01,B01
200700025180,0,31,000,00,2,1,01,A01
200700025180,0,07,000,00,2,3,01,B01
200700025181,0,07,000,00,1,0,15,A01
200700025182,0,33,000,11,0,9,01,A01
200700025183,0,07,000,00,2,3,01,A01
200700025183,0,07,000,00,2,8,01,B01
200700025184,0,07,000,00,2,3,15,A01
200700025184,0,33,000,00,2,1,03,B01
200700025185,0,33,000,00,2,1,17,A01
200700025185,0,07,000,00,2,3,15,B01
200700025186,0,07,000,04,2,1,11,A01
200700025186,0,07,000,00,2,1,01,B01
200700025187,0,07,000,00,1,1,01,A01
200700025188,0,07,000,00,1,3,01,A01
200700025189,0,07,000,00,2,4,02,B01
200700025189,0,07,000,00,2,1,02,A01
200700025190,0,07,000,00,0,3,01,B01
200700025190,0,07,000,00,2,1,16,A01
200700025191,0,31,000,00,2,1,02,B01
200700025191,0,07,000,00,0,6,15,A01
200700025192,0,07,000,00,2,1,01,A01
200700025192,0,07,000,00,2,8,01,B01
200700025193,0,07,000,00,2,7,19,B01
200700025193,0,07,000,00,2,1,15,A01
200700025194,0,10,000,00,2,8,10,A01
200700025194,0,33,000,00,2,1,21,B01
200700025195,0,07,000,00,2,1,02,A01
200700025195,0,07,000,00,2,4,02,B01
200700025195,0,10,000,00,2,4,02,C01
200700025196,0,10,000,00,2,3,10,A01
200700025196,0,10,000,00,2,2,00,B01
200700025197,0,10,000,00,2,1,00,A01
200700025197,0,10,000,00,2,1,00,B01
200700025198,0,07,000,08,0,1,00,A01
200700025199,0,07,000,00,2,2,00,A01
200700025199,0,01,000,00,2,1,19,B01
200700025200,0,07,000,00,0,8,10,A01
200700025200,0,10,000,00,2,1,01,B01
200700025201,0,01,000,00,2,8,13,A01
200700025201,0,07,000,00,2,8,01,B02
200700025202,0,30,000,00,2,1,01,A01
200700025202,0,07,000,00,2,6,15,B02
200700025203,0,07,000,00,2,3,19,A01
200700025203,0,33,000,00,2,1,01,B02
200700025204,0,33,000,00,2,1,12,A01
200700025204,0,07,000,00,2,3,23,B02
200700025205,0,33,000,00,1,7,17,A01
200700025206,0,01,000,00,1,1,01,A01
200700025207,0,07,000,00,2,2,01,A01
200700025207,0,01,000,00,2,3,01,B02
200700025208,0,07,000,00,2,2,01,A01
200700025208,0,01,000,00,2,0,15,B02
200700025209,0,07,000,02,0,2,01,A01
200700025210,0,07,000,00,2,3,17,A01
200700025210,0,07,000,00,2,3,01,B02
200700025211,0,07,000,00,2,1,19,A01
200700025211,0,07,000,00,0,8,01,B02
200700025212,0,07,000,00,2,2,15,A01
200700025212,0,31,000,00,2,1,01,B02
200700025213,0,07,000,00,2,2,15,A01
200700025213,0,33,000,00,2,1,01,B02
200700025214,0,07,000,00,1,3,13,A01
200700025214,0,07,000,00,2,3,01,B02
200700025215,0,07,000,00,2,3,10,A01
200700025215,0,33,000,00,2,1,01,B02
200700025216,0,07,000,00,2,1,13,A01
200700025216,0,17,000,00,2,3,01,B02
200700025217,0,07,000,00,2,2,01,A01
200700025217,0,16,000,00,2,1,20,B02
200700025218,0,07,000,00,2,3,19,A01
200700025218,0,07,000,00,2,3,01,B02
200700025219,0,07,000,15,0,5,01,A01
200700025220,0,38,000,00,2,0,01,A01
200700025221,0,02,000,14,0,1,01,A01
200700025222,0,07,000,00,1,0,00,A01
200700025223,0,30,000,15,0,8,15,A01
200700025224,0,33,000,00,0,1,01,A01
200700025225,0,07,000,16,0,7,01,A01
200700025226,0,03,000,11,0,1,01,A01
200700025227,0,07,000,15,0,3,00,A01
200700025228,0,07,000,00,2,1,01,A01
200700025228,0,07,000,00,2,3,23,B02
200700025229,0,33,000,01,0,3,14,A01
200700025230,0,07,000,02,0,1,01,A01
200700025231,0,07,000,00,2,1,13,A01
200700025231,0,07,000,00,2,1,00,B02
200700025232,0,02,000,06,0,1,01,A01
200700025233,0,07,000,00,2,1,01,A01
200700025233,0,07,000,00,2,2,15,B02
200700025234,0,07,000,02,0,8,13,A01
200700025235,0,02,000,12,0,1,01,A01
200700025236,0,07,000,00,0,5,23,A01
200700025236,0,02,000,00,2,1,02,B02
200700025237,0,02,000,12,0,1,16,A01
200700025238,0,07,000,00,2,2,02,A01
200700025238,0,01,000,00,0,4,01,B02
200700025239,0,07,000,00,0,5,23,A01
200700025239,0,01,000,00,2,1,02,B02
200700025240,0,07,000,00,0,0,15,A01
200700025240,0,31,000,00,2,1,01,B02
200700025241,0,33,000,00,0,1,01,A01
200700025242,0,07,000,00,2,3,15,A01
200700025242,0,02,000,00,2,1,01,B02
200700025243,0,07,000,02,0,8,17,A01
200700025244,0,07,000,00,2,3,01,A01
200700025244,0,07,000,00,2,2,19,B02
200700025245,0,07,000,01,0,1,00,A01
200700025246,0,07,000,00,2,3,10,A01
200700025246,0,07,000,00,2,2,01,B02
200700025247,0,07,000,08,2,3,01,A01
200700025247,0,07,000,16,2,2,01,B02
200700025248,0,02,000,00,2,1,01,B02
200700025248,0,07,000,00,2,7,01,A01
200700025249,0,02,000,00,2,1,21,A01
200700025250,0,31,000,02,0,1,14,A01
200700025251,0,07,000,00,0,2,01,A01
200700025251,0,02,000,00,0,2,01,B02
200700025252,0,10,000,00,0,5,15,A01
200700025252,0,10,000,00,0,1,00,B02
200700025253,0,05,000,12,0,0,01,A01
200700025254,0,07,000,00,2,3,01,A01
200700025254,0,07,000,00,2,8,01,B02
200700025254,0,07,000,00,2,1,01,C03
200700025254,0,07,000,00,2,1,01,D04
200700025255,0,07,000,06,0,1,21,A01
200700025256,0,07,000,02,0,7,01,A01
200700025257,0,07,000,00,2,3,17,A01
200700025257,0,07,000,00,2,3,01,B02
200700025258,0,30,000,01,0,1,00,A01
200700025259,0,07,000,02,0,1,02,A01
200700025260,0,07,000,03,0,1,19,A01
200700025261,0,07,000,00,2,2,17,A01
200700025261,0,10,000,00,2,1,01,B02
200700025262,0,07,000,00,9,7,01,B02
200700025262,0,30,000,00,2,1,15,A01
200700025263,0,07,000,00,2,3,17,A01
200700025263,0,07,000,00,2,3,01,B02
200700025263,0,15,000,00,0,3,01,C03
200700025264,0,07,000,16,0,1,01,A01
200700025265,0,07,000,13,0,9,01,A01
200700025266,0,07,000,06,0,1,14,A01
200700025267,0,07,000,00,2,2,15,A01
200700025267,0,07,000,00,2,1,01,B02
200700025268,0,07,000,00,2,3,06,A01
200700025268,0,07,000,00,2,1,01,B02
200700025269,0,02,000,00,0,0,01,A01
200700025270,0,07,000,00,0,3,01,A01
200700025270,0,07,000,00,0,3,01,B02
200700025271,0,07,000,13,0,1,01,A01
200700025272,0,07,000,00,2,3,13,A01
200700025272,0,07,000,00,2,3,01,B02
200700025273,0,07,000,08,0,7,01,A01
200700025274,0,07,000,05,0,8,01,A01
200700025275,0,33,000,00,0,7,01,A01
200700025276,0,07,000,00,2,1,13,A01
200700025276,0,07,000,00,2,1,01,B02
200700025277,0,10,000,00,0,1,05,A01
200700025277,0,02,000,00,0,1,01,B02
200700025278,0,07,000,16,0,9,13,A01
200700025279,0,07,000,00,2,1,01,A01
200700025279,0,07,000,00,2,8,19,B02
200700025280,0,07,000,02,0,1,01,A01
200700025281,0,10,000,00,1,1,01,A01
200700025282,0,07,000,00,2,1,01,A01
200700025282,0,02,000,00,2,1,13,B02
200700025283,0,07,000,00,9,7,17,A01
200700025283,0,02,000,00,2,8,15,B02
200700025284,0,07,000,03,0,3,01,A01
200700025285,0,07,000,04,0,1,13,A01
200700025286,0,07,000,16,0,9,01,A01
200700025287,0,07,000,13,0,1,02,A01
200700025288,0,99,000,08,0,1,01,A01
200700025289,0,10,000,00,2,3,13,A01
200700025289,0,07,000,00,2,3,01,B02
200700025290,0,07,000,00,2,2,19,A01
200700025290,0,33,000,00,2,2,01,B02
200700025291,0,07,000,00,2,1,01,B02
200700025291,0,07,000,00,2,3,01,A01