Num_Acc,senc,catv,occutc,obs,obsm,choc,manv,num_veh
200700025292,0,07,000,02,0,9,01,A01
200700025293,0,07,000,00,2,1,13,A01
200700025293,0,07,000,00,2,2,01,B02
200700025294,0,02,000,00,2,1,13,A01
200700025294,0,07,000,00,2,3,00,B02
200700025295,0,07,000,00,1,2,19,A01
200700025296,0,14,000,00,2,8,02,A01
200700025296,0,07,000,00,2,3,01,B02
200700025296,0,07,000,00,2,3,17,C03
200700025297,0,07,000,00,2,3,13,A01
200700025297,0,07,000,00,2,5,17,B02
200700025298,0,10,000,02,0,1,01,A01
200700025299,0,07,000,00,2,1,01,A01
200700025299,0,07,000,00,2,8,19,B02
200700025300,0,07,000,00,2,2,01,A01
200700025300,0,30,000,00,2,1,17,B02
200700025301,0,99,000,16,0,1,21,A01
200700025302,0,07,000,00,2,8,10,A01
200700025302,0,02,000,00,2,1,01,B02
200700025303,0,10,000,00,2,1,01,A01
200700025303,0,07,000,00,2,7,01,B02
200700025304,0,07,000,00,2,1,01,A01
200700025304,0,07,000,00,0,8,19,B02
200700025305,0,33,000,13,0,0,17,A01
200700025306,0,07,000,13,0,9,01,A01
200700025307,0,17,000,00,2,0,21,A01
200700025308,0,33,000,16,0,0,01,A01
200700025309,0,07,000,00,1,7,13,A01
200700025310,0,07,000,13,0,1,01,A01
200700025311,0,33,000,00,2,1,01,A01
200700025311,0,30,000,00,2,1,13,B02
200700025312,0,07,000,06,0,2,01,A01
200700025313,1,07,000,00,1,2,01,A01
200700025314,0,01,000,00,2,1,00,A01
200700025314,0,07,000,00,9,2,01,B02
200700025315,0,07,000,00,2,1,01,A01
200700025315,0,07,000,00,2,1,01,B02
200700025316,0,07,000,01,1,3,11,A01
200700025316,0,07,000,00,0,3,23,B02
200700025317,0,07,000,00,0,2,13,A01
200700025317,0,02,000,00,0,8,13,B02
200700025318,0,31,000,01,0,1,01,A01
200700025319,0,07,000,00,0,0,00,A01
200700025319,0,07,000,00,0,0,00,B02
200700025319,0,07,000,00,2,9,01,C03
200700025320,0,07,000,00,2,8,01,A01
200700025320,0,07,000,00,2,1,01,B02
200700025321,0,99,000,00,0,0,05,A01
200700025322,0,07,000,00,2,3,01,B02
200700025322,0,07,000,00,2,2,19,A01
200700025323,0,07,000,01,0,1,01,A01
200700025324,0,07,000,06,0,1,01,A01
200700025325,0,07,000,00,2,3,01,A01
200700025325,0,07,000,00,2,3,01,B02
200700025326,0,10,000,00,2,3,13,A01
200700025326,0,07,000,00,2,3,01,B02
200700025327,0,07,000,00,2,3,01,B02
200700025327,0,07,000,00,2,1,01,A01
200700025328,0,07,000,00,2,8,23,A01
200700025328,0,07,000,00,0,0,13,B02
200700025328,0,07,000,00,2,1,01,C03
200700025329,0,32,000,00,0,7,01,A01
200700025330,0,07,000,08,0,8,01,A01
200700025331,0,07,000,00,2,3,15,A01
200700025331,0,02,000,00,2,1,01,B02
200700025332,0,07,000,02,0,3,13,A01
200700025333,0,07,000,13,0,3,01,A01
200700025334,0,02,000,00,1,1,21,A01
200700025335,0,21,000,00,2,6,13,A01
200700025335,0,30,000,00,2,1,01,B02
200700025336,0,07,000,02,0,1,14,A01
200700025337,0,07,000,00,2,1,05,A01
200700025337,0,17,000,00,2,1,01,B02
200700025337,0,07,000,00,2,1,01,C03
200700025338,0,02,000,00,2,1,13,A01
200700025338,0,31,000,00,2,1,23,B02
200700025339,0,30,000,00,2,7,01,A01
200700025339,0,07,000,00,2,8,01,B02
200700025340,0,07,000,00,0,0,00,A01
200700025340,0,33,000,00,2,1,01,B02
200700025341,0,07,000,00,2,1,02,A01
200700025341,0,07,000,00,0,4,02,B02
200700025342,0,07,000,00,2,3,19,B02
200700025342,0,07,000,00,2,1,01,A01
200700025343,0,10,000,00,2,7,01,A01
200700025343,0,10,000,00,2,1,01,B02
200700025344,0,07,000,00,2,3,06,A01
200700025344,0,17,000,00,2,8,01,B02
200700025345,0,07,000,00,2,1,15,A01
200700025345,0,07,000,00,2,1,01,B02
200700025346,0,33,000,00,2,1,01,A01
200700025346,0,07,000,00,2,5,19,B02
200700025347,0,07,000,00,2,1,09,A01
200700025347,0,02,000,00,2,2,01,B02
200700025348,0,07,000,02,0,2,02,A01
200700025349,0,07,000,00,2,3,15,A01
200700025349,0,31,000,00,2,1,01,B02
200700025350,0,07,000,00,2,1,13,A01
200700025350,0,14,000,00,2,3,01,B02
200700025350,0,07,000,00,2,1,01,C03
200700025351,0,07,000,02,0,8,01,A01
200700025352,0,07,000,00,2,2,01,A01
200700025352,0,01,000,00,2,1,15,B02
200700025353,0,07,000,06,0,1,01,A01
200700025354,0,15,000,00,0,6,01,A01
200700025354,0,14,000,02,9,3,21,B02
200700025355,0,07,000,00,0,1,01,A01
200700025356,0,07,000,00,1,0,01,A01
200700025357,0,07,000,00,0,1,16,A01
200700025357,0,02,000,00,0,1,15,B02
200700025358,0,07,000,00,0,1,00,A01
200700025358,0,07,000,00,2,3,00,B02
200700025359,0,33,000,00,6,1,01,A01
200700025360,0,33,000,00,0,1,01,A01
200700025361,0,07,000,08,0,1,01,A01
200700025362,0,07,000,00,0,1,00,A01
200700025362,0,07,000,00,0,4,02,B02
200700025363,0,07,000,00,2,3,13,A01
200700025363,0,07,000,00,2,3,00,B02
200700025363,0,07,000,00,2,2,00,C03
200700025364,0,07,000,00,2,1,05,A01
200700025364,0,07,000,00,2,1,01,B02
200700025365,0,07,000,00,9,2,01,A01
200700025365,0,01,000,00,2,0,15,B02
200700025366,0,30,000,00,2,3,13,A01
200700025366,0,14,000,00,2,3,01,B02
200700025367,0,07,000,12,0,1,16,A01
200700025368,0,07,000,00,2,8,19,A01
200700025368,0,07,000,00,2,1,01,B02
200700025369,0,07,000,00,2,7,19,A01
200700025369,0,07,000,00,2,0,01,B02
200700025370,0,07,000,00,2,3,01,B02
200700025370,0,07,000,00,2,2,01,A01
200700025371,0,07,000,00,2,1,00,A01
200700025371,0,31,000,00,2,1,00,B02
200700025372,0,07,000,00,0,2,01,A01
200700025372,0,30,000,00,2,3,01,B02
200700025373,0,07,000,00,2,3,01,A01
200700025373,0,07,000,00,2,3,01,B02
200700025374,0,07,000,00,2,1,01,A01
200700025374,0,07,000,00,2,1,01,B02
200700025375,0,07,000,00,0,9,01,A01
200700025376,0,03,000,00,2,1,13,A01
200700025376,0,10,000,00,2,3,01,B02
200700025377,0,17,000,00,0,0,01,A01
200700025378,0,30,000,00,0,1,01,A01
200700025379,0,33,000,00,2,7,17,A01
200700025379,0,30,000,00,0,8,13,B02
200700025380,0,10,000,00,2,3,15,A01
200700025380,0,01,000,00,2,1,01,B02
200700025381,0,02,000,06,0,1,01,A01
200700025382,0,07,000,00,2,5,15,A01
200700025382,0,07,000,00,2,1,01,B02
200700025383,0,07,000,06,0,3,01,A01
200700025384,0,07,000,00,2,3,00,A01
200700025384,0,17,000,00,2,3,00,B02
200700025385,0,07,000,00,2,3,19,A01
200700025385,0,30,000,00,2,1,01,B02
200700025386,0,07,000,00,0,7,19,A01
200700025386,0,33,000,00,2,1,01,B02
200700025387,0,07,000,00,2,2,15,A01
200700025387,0,01,000,00,2,1,01,B02
200700025388,0,07,000,00,1,1,01,A01
200700025389,0,33,000,00,2,1,01,A01
200700025389,0,07,000,00,2,1,15,B02
200700025390,0,07,000,00,2,8,15,A01
200700025390,0,33,000,00,2,1,01,B02
200700025391,0,02,000,15,0,1,21,A01
200700025392,0,07,000,00,2,1,13,A01
200700025392,0,17,000,00,2,3,01,B02
200700025393,0,33,000,13,0,1,00,A01
200700025394,0,07,000,00,2,2,15,A01
200700025394,0,07,000,00,2,2,01,B02
200700025395,0,07,000,00,1,3,01,A01
200700025396,0,02,000,00,2,1,17,A01
200700025396,0,07,000,00,2,6,15,B02
200700025397,0,07,000,00,1,0,01,A01
200700025398,0,36,000,13,0,2,01,A01
200700025399,0,30,000,00,0,7,01,A01
200700025399,0,21,000,00,0,1,15,B02
200700025400,0,02,000,00,2,8,19,A01
200700025400,0,14,000,00,2,2,01,B02
200700025401,0,07,000,00,1,3,01,A01
200700025402,0,07,000,00,2,1,02,A01
200700025402,0,01,000,00,2,4,01,B02
200700025403,0,02,000,00,2,1,13,A01
200700025403,0,07,000,00,2,2,21,B02
200700025404,0,07,000,00,0,0,00,A01
200700025404,0,17,000,00,0,0,00,B02
200700025405,0,33,000,00,2,1,13,A01
200700025405,0,07,000,00,2,3,01,B02
200700025406,0,32,000,00,0,1,17,A01
200700025406,0,07,000,00,2,1,01,B02
200700025407,0,07,000,00,2,3,15,A01
200700025407,0,07,000,00,2,1,01,B02
200700025408,0,33,000,00,0,8,01,A01
200700025409,0,07,000,00,2,6,09,A01
200700025409,0,33,000,00,2,8,01,B02
200700025409,0,33,000,00,2,8,01,C03
200700025410,0,30,000,00,1,1,01,A01
200700025411,0,07,000,13,0,2,01,A01
200700025412,0,02,000,03,0,1,01,A01
200700025413,0,07,000,00,2,8,15,A01
200700025413,0,07,000,00,2,1,01,B02
200700025414,0,07,000,00,2,7,17,A01
200700025414,0,01,000,00,0,8,01,B02
200700025415,0,07,000,02,0,8,00,A01
200700025416,0,07,000,00,0,2,15,A01
200700025416,0,10,000,00,0,3,01,B02
200700025417,0,07,000,00,2,1,01,A01
200700025417,0,02,000,00,2,7,15,B02
200700025418,0,10,000,00,0,3,19,A01
200700025418,0,33,000,00,0,1,01,B02
200700025419,0,07,000,00,1,1,20,A01
200700025420,0,02,000,09,0,1,01,A01
200700025421,0,07,000,00,0,3,15,A01
200700025421,0,02,000,00,0,1,01,B02
200700025422,0,07,000,00,2,2,01,A01
200700025422,0,31,000,00,2,1,01,B02
200700025423,0,07,000,16,0,1,09,A01
200700025423,0,07,000,06,2,7,01,B02
200700025424,0,07,000,00,1,1,01,A01
200700025424,0,01,000,00,2,1,01,B02
200700025425,0,33,000,00,2,8,01,A01
200700025425,0,07,000,00,0,1,19,B02
200700025425,0,07,000,00,2,1,01,C03
200700025426,0,07,000,00,2,1,15,A01
200700025426,0,07,000,00,2,1,01,B02
200700025427,0,10,000,00,2,5,19,A01
200700025427,0,17,000,00,2,1,01,B02
200700025428,0,07,000,13,0,1,14,A01
200700025429,0,33,000,00,0,1,02,A01
200700025430,0,14,000,00,2,6,15,A01
200700025430,0,33,000,00,2,1,01,B02
200700025431,0,07,000,00,2,5,15,A01
200700025431,0,33,000,00,2,1,01,B02
200700025432,0,01,000,00,2,4,13,A01
200700025432,0,07,000,00,9,2,01,B02
200700025433,0,07,000,00,2,2,01,A01
200700025433,0,07,000,10,2,7,10,B02
200700025434,0,07,000,00,0,2,01,A01
200700025434,0,07,000,00,2,3,15,B02
200700025435,0,07,000,00,2,3,19,A01
200700025435,0,30,000,00,2,1,01,B02
200700025436,0,07,000,00,2,1,01,A01
200700025436,0,07,000,00,2,3,01,B02
200700025437,0,07,000,00,2,6,15,A01
200700025437,0,33,000,00,2,1,17,B02
200700025438,0,33,000,08,0,1,05,A01
200700025439,0,07,000,00,2,2,01,A01
200700025440,0,07,000,00,2,1,13,A01
200700025440,0,07,000,00,2,1,01,B02
200700025441,0,07,000,00,1,2,01,A01
200700025442,0,33,000,13,0,1,01,A01
200700025443,0,30,000,00,2,1,01,A01
200700025443,0,07,000,00,0,4,02,B02
200700025444,0,07,000,00,2,1,01,A01
200700025444,0,07,000,00,2,4,01,B02
200700025445,0,07,000,15,0,2,01,A01
200700025446,0,07,000,00,2,3,01,A01
200700025446,0,02,000,00,2,1,13,B02
200700025447,0,07,000,00,2,1,01,A01
200700025447,0,07,000,00,2,4,15,B02
200700025448,0,33,000,00,2,6,02,A01
200700025448,0,07,000,00,2,0,02,B02
200700025449,0,99,000,00,2,8,01,A01
200700025449,0,17,000,00,9,5,01,B02
200700025450,0,07,000,00,2,1,15,A01
200700025450,0,33,000,00,2,9,01,B02
200700025451,0,01,000,00,2,3,13,A01
200700025451,0,07,000,00,2,3,01,B02
200700025452,0,07,000,00,1,1,01,A01
200700025453,0,07,000,13,0,1,01,A01
200700025454,0,31,000,00,1,1,01,A01
200700025455,0,07,000,13,0,3,01,A01
200700025456,0,10,000,06,0,1,16,A01
200700025457,0,33,000,00,2,1,01,A01
200700025457,0,07,000,00,0,4,15,B02
200700025458,0,07,000,00,2,1,01,B02
200700025458,0,07,000,00,2,1,15,A01
200700025459,0,07,000,08,0,1,01,A01
200700025460,0,07,000,00,2,1,05,A01
200700025460,0,07,000,00,2,1,01,B02
200700025461,0,07,000,00,2,7,19,A01
200700025461,0,07,000,00,2,2,01,B02
200700025462,0,07,000,03,0,1,01,A01
200700025463,0,07,000,00,2,7,13,A01
200700025463,0,10,000,00,2,1,01,B02
200700025464,0,07,000,02,0,2,01,A01
200700025465,0,07,000,00,2,5,04,A01
200700025466,0,02,000,00,2,1,13,A01
200700025466,0,07,000,00,2,3,01,B02
200700025467,0,07,000,16,0,9,01,A01
200700025468,0,07,000,00,2,1,01,A01
200700025468,0,07,000,00,2,1,01,B02
200700025469,0,07,000,02,0,9,01,A01
200700025470,0,07,000,00,2,3,15,A01
200700025470,0,33,000,00,2,8,21,B02
200700025470,0,07,000,00,0,4,00,C03
200700025471,0,07,000,13,0,1,02,A01
200700025472,0,07,000,00,2,1,01,A01
200700025472,0,07,000,00,2,2,05,B02
200700025473,0,07,000,00,1,2,15,A01
200700025474,0,07,000,00,2,3,01,A01
200700025474,0,02,000,00,2,8,15,B02
200700025475,0,31,000,00,2,1,05,A01
200700025475,0,07,000,00,2,3,01,B02
200700025476,0,07,000,00,2,1,01,B02
200700025476,0,07,000,00,2,3,19,A01
200700025477,0,21,000,00,2,5,23,A01
200700025477,0,30,000,00,2,3,21,B02
200700025478,0,07,000,08,0,3,01,A01
200700025479,0,33,000,13,0,1,01,A01
200700025480,0,07,000,13,0,2,01,A01
200700025481,0,21,000,00,2,1,15,A01
200700025481,0,30,000,00,2,1,01,B02
200700025482,0,30,000,13,0,8,13,A01
200700025483,0,03,000,13,0,1,15,A01
200700025484,0,17,000,00,2,2,15,A01
200700025484,0,07,000,00,2,1,01,B02
200700025485,0,10,000,00,2,1,01,A01
200700025485,0,07,000,00,2,8,19,B02
200700025486,0,07,000,00,2,3,13,A01
200700025486,0,33,000,00,2,3,21,B02
200700025487,0,07,000,14,0,1,13,A01
200700025488,0,07,000,00,0,9,01,A01
200700025489,0,07,000,13,2,2,01,A01
200700025489,0,07,000,00,2,2,01,B02
200700025490,0,07,000,00,9,5,01,A01
200700025490,0,01,000,00,2,1,15,B02
200700025491,0,07,000,02,0,9,01,A01
200700025492,0,07,000,06,0,3,19,A01
200700025493,0,17,000,05,0,2,15,A01
200700025494,0,07,000,00,2,1,13,A01
200700025494,0,32,000,00,2,1,01,B02
200700025495,0,21,000,00,2,8,01,A01
200700025495,0,03,000,00,2,3,01,B02
200700025495,0,02,000,00,2,1,01,C03
200700025496,0,07,000,00,2,5,15,A01
200700025496,0,33,000,00,2,1,01,B02
200700025497,0,33,000,00,5,0,01,A01
200700025498,0,01,000,00,0,0,00,A01
200700025498,0,07,000,00,2,1,01,B02
200700025499,0,33,000,12,0,1,01,A01
200700025500,0,07,000,00,2,1,01,A01
200700025500,0,07,000,00,2,1,13,B02
200700025501,0,07,000,02,0,2,13,A01
200700025502,0,07,000,02,0,8,01,A01
200700025503,0,10,000,00,1,1,01,A01
200700025504,0,07,000,09,0,7,00,A01
200700025505,0,33,000,00,2,7,01,A01
200700025505,0,10,000,00,2,3,01,B02
200700025506,0,21,000,00,2,1,13,A01
200700025506,0,31,000,00,2,1,01,B02
200700025507,0,33,000,08,0,1,01,A01
200700025508,0,07,000,00,2,7,13,A01
200700025508,0,15,000,00,2,1,01,B02
200700025509,0,07,000,00,2,3,01,A01
200700025509,0,07,000,00,2,2,15,B02
200700025510,0,07,000,00,2,8,01,A01
200700025511,0,10,000,00,1,2,01,A01
200700025512,0,07,000,00,2,3,01,A01
200700025512,0,07,000,00,2,2,14,B02
200700025513,0,07,000,00,2,1,15,A01
200700025513,0,07,000,00,2,1,01,B02
200700025514,0,07,000,00,1,1,01,A01
200700025515,0,07,000,00,2,2,15,A01
200700025515,0,02,000,00,2,1,01,B02
200700025516,0,07,000,00,2,3,17,A01
200700025516,0,30,000,00,2,4,01,B02
200700025517,0,07,000,00,2,3,13,A01
200700025517,0,07,000,00,2,3,01,B02
200700025517,0,07,000,00,2,1,01,C03
200700025518,0,07,000,00,2,5,17,A01
200700025518,0,14,000,00,2,3,01,B02
200700025519,0,07,000,00,2,1,15,A01
200700025519,0,07,000,00,2,1,01,B02
200700025520,0,07,000,14,0,1,14,A01
200700025521,0,07,000,00,0,4,00,A01
200700025521,0,02,000,00,2,1,02,B02
200700025522,0,17,000,02,0,1,01,A01
200700025523,0,07,000,00,2,7,01,A01
200700025523,0,33,000,00,2,1,15,B02
200700025524,0,33,000,00,2,1,01,A01
200700025524,0,07,000,00,0,6,15,B02
200700025525,0,07,000,13,2,1,01,A01
200700025525,0,07,000,00,0,4,01,B02
200700025526,0,31,000,00,2,1,01,A01
200700025526,0,03,000,00,2,3,19,B02
200700025527,0,10,000,06,1,1,04,A01
200700025528,0,07,000,02,0,9,01,A01
200700025529,0,30,000,00,0,0,21,A01
200700025530,0,07,000,13,0,3,13,A01
200700025531,0,38,000,00,0,7,01,A01
200700025531,0,02,000,00,2,1,01,B02
200700025532,0,02,000,00,2,1,17,A01
200700025532,0,02,000,00,2,8,15,B02
200700025533,0,07,000,00,0,2,02,A01
200700025533,0,02,000,00,0,3,02,B02
200700025534,0,17,000,00,2,8,01,A01
200700025534,0,07,000,00,2,2,01,B02
200700025534,0,07,000,00,2,2,15,C03
200700025535,0,01,000,00,2,8,15,A01
200700025535,0,03,000,00,2,2,01,B02
200700025536,0,33,000,00,2,1,01,A01
200700025536,0,07,000,00,2,4,09,B02
200700025537,0,02,000,00,2,1,15,A01
200700025537,0,07,000,00,0,3,15,B02
200700025538,0,31,000,08,0,1,21,A01
200700025539,0,07,000,00,0,1,19,A01
200700025539,0,32,000,00,0,1,13,B02
200700025540,0,07,000,00,0,8,19,A01
200700025540,0,02,000,00,2,1,01,B02
200700025541,0,07,000,13,0,1,01,A01
200700025542,0,07,000,00,2,1,02,A01
200700025542,0,01,000,00,2,8,15,B02
200700025543,0,07,000,00,2,3,13,A01
200700025543,0,07,000,00,2,3,01,B02
200700025544,0,07,000,13,0,2,01,A01
200700025545,0,07,000,15,1,2,14,A01
200700025545,0,07,000,00,0,3,00,B02
200700025546,0,07,000,11,0,1,01,A01
200700025547,0,10,000,00,9,2,01,A01
200700025547,0,02,000,00,2,1,13,B02
200700025548,0,07,000,00,0,1,01,A01
200700025548,0,07,000,00,0,4,15,B02
200700025549,0,07,000,03,0,1,01,A01
200700025550,0,07,000,01,0,1,00,A01
200700025551,0,02,000,00,2,1,13,A01
200700025551,0,07,000,00,2,3,01,B02
200700025552,0,07,000,07,0,7,00,A01
200700025553,0,07,000,13,0,2,01,A01
200700025554,0,33,000,00,2,1,01,A01
200700025554,0,03,000,00,2,3,15,B02
200700025555,0,07,000,00,2,3,01,A01
200700025555,0,02,000,00,2,6,19,B02
200700025556,0,07,000,00,2,3,15,A01
200700025556,0,02,000,00,2,1,17,B02
200700025557,0,33,000,00,2,7,17,A01
200700025557,0,07,000,00,2,8,15,B02
200700025558,0,07,000,00,1,3,17,A01
200700025559,0,07,000,00,2,3,13,A01
200700025559,0,07,000,00,2,3,14,B02
200700025560,0,07,000,00,2,1,17,A01
200700025560,0,07,000,00,2,1,01,B02
200700025561,0,02,000,00,0,8,01,A01
200700025562,0,07,000,00,2,2,15,A01
200700025562,0,07,000,00,2,1,01,B02
200700025563,0,07,000,00,2,1,01,C03
200700025563,0,07,000,00,2,7,19,A01
200700025563,0,07,000,00,2,6,23,B02
200700025564,1,99,000,00,0,0,00,A01
200700025565,0,13,000,00,0,0,00,A01
200700025565,0,17,000,00,2,8,01,B02
200700025566,0,07,000,00,2,7,01,A01
200700025566,0,33,000,00,2,1,01,B02
200700025567,0,07,000,00,2,2,01,A01
200700025567,0,01,000,00,2,1,15,B02
200700025568,0,02,000,00,2,1,01,A01
200700025568,0,07,000,00,2,1,15,B02
200700025569,0,33,000,13,5,1,01,A01
200700025570,0,07,000,00,2,7,01,A01
200700025570,0,07,000,00,2,1,01,B02
200700025571,0,33,000,13,0,7,01,A01
200700025572,0,07,000,00,2,1,13,A01
200700025572,0,07,000,00,2,1,01,B02
200700025573,0,07,000,00,2,3,02,A01
200700025573,0,07,000,00,2,3,01,B02
200700025573,0,07,000,00,2,3,01,C03
200700025574,0,02,000,00,2,1,02,A01
200700025574,0,07,000,00,2,4,02,B02
200700025575,0,07,000,00,2,7,13,A01
200700025575,0,07,000,00,2,1,01,B02
200700025576,0,07,000,00,2,3,15,A01
200700025576,0,33,000,00,2,8,01,B02
200700025576,0,33,000,00,2,1,01,C03
200700025577,0,33,000,00,2,1,01,A01
200700025577,0,30,000,00,2,6,15,B02
200700025578,0,07,000,02,0,8,14,A01
200700025579,0,07,000,00,2,1,02,A01
200700025579,0,07,000,00,2,4,02,B02
200700025580,0,30,000,00,1,0,01,A01
200700025581,0,07,000,00,2,7,15,A01
200700025581,0,30,000,00,2,1,01,B02
200700025582,0,02,000,00,0,0,01,A01
200700025583,0,07,000,06,2,8,05,A01
200700025583,0,07,000,00,2,8,01,B02
200700025583,0,07,000,00,2,1,01,C03
200700025584,0,02,000,08,0,2,01,A01
200700025585,0,31,000,06,0,7,14,A01
200700025586,0,07,000,02,0,1,19,A01
200700025587,0,01,000,00,2,1,19,A01
200700025587,0,07,000,00,2,1,01,B02
200700025588,0,07,000,00,0,9,00,A01
200700025589,0,07,000,00,2,3,02,A01
200700025589,0,01,000,00,0,4,00,B02
200700025590,0,31,000,00,0,2,02,A01
200700025591,0,31,000,00,2,1,01,B02
200700025591,0,07,000,00,2,6,19,A01
200700025592,0,10,000,00,2,2,17,A01
200700025592,0,07,000,00,2,6,01,B02
200700025593,0,07,000,08,0,3,01,A01
200700025594,0,07,000,05,4,1,01,A01
200700025594,0,39,000,00,2,2,01,B02
200700025595,0,30,000,00,2,1,18,A01
200700025595,0,10,000,00,2,7,16,B02
200700025596,0,07,000,13,0,1,13,A01
200700025597,0,33,000,00,2,6,18,A01
200700025597,0,30,000,00,2,2,16,B02
200700025598,0,07,000,00,2,3,13,A01
200700025598,0,07,000,00,2,6,01,B02
200700025598,0,10,000,00,2,2,21,C03
200700025598,0,07,000,00,2,3,01,D04
200700025599,0,07,000,00,2,4,01,A01
200700025599,0,07,000,00,2,1,02,B02
200700025600,0,07,000,00,2,1,01,A01
200700025600,0,31,000,00,0,4,01,B02
200700025601,0,10,000,00,2,2,15,A01
200700025601,0,33,000,00,2,1,01,B02
200700025602,0,02,000,00,2,1,17,A01
200700025602,0,14,000,00,2,8,15,B02
200700025603,0,07,000,00,2,5,19,A01
200700025603,0,02,000,00,2,1,01,B02
200700025604,0,33,000,00,2,8,01,A01
200700025604,0,07,000,00,2,8,01,B02
200700025605,0,07,000,00,2,1,01,A01
200700025605,0,10,000,00,2,1,01,B02
200700025606,0,07,000,00,0,9,00,A01
200700025607,0,07,000,00,2,8,15,B02
200700025607,0,07,000,00,2,1,01,A01
200700025608,0,07,000,00,9,1,01,B02
200700025608,0,01,000,00,2,8,15,A01
200700025609,0,02,000,00,2,1,01,A01
200700025609,0,07,000,00,2,3,15,B02
200700025610,0,10,000,00,0,7,15,A01
200700025610,0,02,000,00,0,1,01,B02
200700025611,0,10,000,00,2,1,21,A01
200700025611,0,10,000,00,0,2,01,B02
200700025612,0,14,000,00,2,8,01,A01
200700025612,0,07,000,00,2,3,01,B02
200700025613,0,10,000,00,2,3,19,A01
200700025613,0,31,000,00,2,1,02,B02
200700025614,0,33,000,00,0,0,02,A01
200700025615,0,07,000,00,2,2,01,A01
200700025615,0,07,000,00,2,3,01,B02
200700025616,0,07,000,00,2,8,13,A01
200700025616,0,07,000,00,0,3,09,B02
200700025617,0,01,000,00,2,1,15,A01
200700025617,0,07,000,00,2,2,01,B02
200700025618,0,14,000,13,0,1,01,A01
200700025619,0,33,000,00,2,1,01,A01
200700025619,0,07,000,00,2,3,01,B02
200700025620,0,07,000,00,2,3,13,A01
200700025620,0,07,000,00,2,3,01,B02
200700025621,0,07,000,00,2,3,13,A01
200700025621,0,15,000,00,2,3,00,B02
200700025622,0,07,000,00,2,2,15,A01
200700025622,0,31,000,00,2,1,01,B02
200700025623,0,33,000,00,0,9,00,A01
200700025624,0,07,000,00,2,1,15,A01
200700025624,0,07,000,00,2,1,01,B02
200700025625,0,07,000,06,0,1,01,A01
200700025626,0,07,000,00,2,1,01,B02
200700025626,0,07,000,03,2,3,09,A01
200700025627,0,07,000,02,0,3,13,A01
200700025628,0,07,000,00,2,2,15,A01
200700025629,0,33,000,01,0,1,17,A01
200700025630,0,33,000,06,0,1,13,A01
200700025631,0,07,000,00,0,2,01,A01
200700025631,0,07,000,00,0,3,00,B02
200700025632,0,07,000,13,0,3,01,A01
200700025633,0,07,000,00,2,1,13,A01
200700025633,0,07,000,00,2,3,01,B02
200700025633,0,07,000,00,2,8,01,C03
200700025633,0,07,000,00,2,3,01,D04
200700025634,0,07,000,13,0,8,13,A01
200700025635,0,02,000,00,2,1,15,A01
200700025635,0,10,000,00,2,2,01,B02
200700025636,0,03,000,00,2,3,19,A01
200700025636,0,07,000,00,2,2,01,B02
200700025637,0,07,000,13,0,2,01,A01
200700025638,0,02,000,00,2,1,01,B02
200700025638,0,07,000,00,2,2,19,A01
200700025639,0,02,000,00,0,6,01,A01
200700025639,1,07,000,00,0,0,00,B02
200700025640,0,07,000,00,0,0,00,A01
200700025640,0,14,000,00,2,2,01,B02
200700025641,0,14,000,00,2,3,01,A01
200700025641,0,07,000,00,2,3,05,B02
200700025642,0,07,000,13,0,3,01,A01
200700025643,0,02,000,00,2,5,15,A01
200700025643,0,33,000,00,2,1,01,B02
200700025644,0,07,000,00,2,1,01,A01
200700025644,0,30,000,00,2,1,01,B02
200700025645,0,07,000,00,2,7,15,A01
200700025645,0,02,000,00,2,7,01,B02
200700025646,0,02,000,00,1,1,21,A01
200700025647,0,10,000,00,0,6,15,A01
200700025647,0,33,000,00,2,1,17,B02
200700025648,0,07,000,06,0,1,13,A01
200700025649,0,07,000,13,0,2,17,A01
200700025650,0,33,000,00,0,7,01,A01
200700025650,0,07,000,00,2,2,19,B02
200700025651,0,10,000,00,2,2,15,A01
200700025651,0,33,000,00,2,1,01,B02
200700025652,0,07,000,02,0,3,01,A01
200700025653,0,07,000,00,0,1,13,A01
200700025653,0,07,000,00,0,1,02,B02
200700025654,0,07,000,00,2,1,01,A01
200700025654,0,07,000,00,2,2,01,B02
200700025655,0,30,000,00,0,8,01,A01
200700025656,0,07,000,16,0,1,01,A01
200700025657,0,07,000,02,0,3,00,A01
200700025658,0,07,000,00,2,8,15,A01
200700025658,0,33,000,00,2,7,17,B02
200700025659,0,07,000,00,0,0,15,A01
200700025659,0,33,000,08,0,2,01,B02
200700025660,0,01,000,01,0,1,02,A01
200700025661,0,07,000,00,2,2,13,A01
200700025661,0,07,000,00,2,1,01,B02
200700025662,0,07,000,00,2,3,15,A01
200700025662,0,02,000,00,2,8,01,B02
200700025663,0,07,000,00,0,4,23,A01
200700025663,0,07,000,00,0,4,00,B02
200700025663,0,10,000,00,2,1,01,C03
200700025664,0,07,000,00,2,2,01,A01
200700025664,0,30,000,00,2,1,15,B02
200700025665,0,07,000,00,2,1,01,A01
200700025665,0,07,000,00,2,3,01,B02
200700025666,0,07,000,03,2,1,13,A01
200700025666,0,33,000,00,2,1,01,B02
200700025667,0,07,000,02,0,1,01,A01