Num_Acc,senc,catv,occutc,obs,obsm,choc,manv,num_veh
200700025668,0,07,000,00,2,1,01,A01
200700025668,0,07,000,00,2,1,01,B02
200700025669,0,07,000,00,2,1,02,A01
200700025669,0,07,000,00,2,4,02,B02
200700025669,0,07,000,00,2,4,02,C03
200700025670,0,07,000,13,0,1,01,A01
200700025671,0,07,000,16,0,7,01,A01
200700025672,0,07,000,00,9,3,15,A01
200700025672,0,02,000,00,2,1,01,B02
200700025673,0,07,000,06,0,2,01,A01
200700025674,0,07,000,00,2,2,19,A01
200700025674,0,07,000,00,2,1,01,B02
200700025675,0,07,000,00,2,4,04,A01
200700025675,0,07,000,00,2,3,01,B02
200700025676,0,10,000,00,2,2,01,A01
200700025676,0,02,000,00,2,1,13,B02
200700025677,0,07,000,00,1,8,01,A01
200700025678,0,15,000,00,2,5,14,A01
200700025678,0,31,000,00,2,8,01,B02
200700025679,0,07,000,06,0,2,01,A01
200700025680,0,07,000,00,2,8,01,B02
200700025680,0,02,000,00,2,1,15,A01
200700025681,0,07,000,00,2,9,02,A01
200700025681,0,07,000,08,0,5,01,B02
200700025682,0,07,000,00,2,1,05,A01
200700025682,0,10,000,00,2,1,01,B02
200700025683,0,07,000,00,2,2,13,A01
200700025683,0,07,000,00,0,0,00,B02
200700025684,0,33,000,13,0,1,01,A01
200700025685,0,07,000,00,2,2,17,A01
200700025685,0,07,000,00,0,8,15,B02
200700025686,0,33,000,12,0,2,01,A01
200700025687,0,30,000,03,0,7,01,A01
200700025688,0,07,000,00,2,3,10,A01
200700025688,0,33,000,00,2,5,01,B02
200700025689,0,07,000,00,2,1,15,A01
200700025689,0,07,000,00,2,1,01,B02
200700025690,0,07,000,00,2,7,15,A01
200700025690,0,33,000,00,2,1,01,B02
200700025691,0,30,000,08,0,0,01,A01
200700025692,0,17,000,00,0,4,02,A01
200700025692,0,17,000,00,2,1,02,B02
200700025693,0,07,000,13,0,9,01,A01
200700025694,0,07,000,13,0,9,01,A01
200700025695,0,02,000,01,0,1,01,A01
200700025695,0,07,000,00,0,6,00,B02
200700025696,0,07,000,00,2,1,01,A01
200700025696,0,07,000,00,0,4,15,B02
200700025697,0,07,000,02,0,1,01,A01
200700025698,0,02,000,06,0,1,01,A01
200700025699,0,07,000,00,2,2,01,A01
200700025699,0,33,000,00,2,1,01,B02
200700025700,0,07,000,00,2,6,04,A01
200700025700,0,33,000,00,2,1,01,B02
200700025701,0,10,000,00,9,7,21,A01
200700025701,0,01,000,00,2,8,01,B02
200700025702,0,07,000,00,2,1,01,B02
200700025702,0,07,000,00,0,7,19,A01
200700025703,0,07,000,06,0,5,01,A01
200700025704,0,10,000,00,2,3,13,A01
200700025704,0,14,000,00,2,3,01,B02
200700025705,0,10,000,13,0,1,01,A01
200700025706,0,33,000,00,0,7,21,A01
200700025707,0,07,000,00,2,1,15,A01
200700025707,0,07,000,00,2,1,01,B02
200700025708,0,02,000,00,2,4,01,A01
200700025708,0,99,000,00,2,1,01,B02
200700025708,0,99,000,00,2,1,01,C03
200700025709,0,07,000,10,0,2,01,A01
200700025710,0,31,000,00,0,8,01,A01
200700025711,0,33,000,13,0,8,01,A01
200700025712,0,13,000,00,0,9,13,A01
200700025713,0,33,000,16,0,8,01,A01
200700025714,0,07,000,15,0,2,01,A01
200700025715,0,07,000,02,0,8,14,A01
200700025716,0,07,000,06,0,3,01,A01
200700025717,0,07,000,06,0,1,01,A01
200700025718,0,07,000,16,0,2,01,A01
200700025719,0,10,000,00,2,2,01,A01
200700025719,0,03,000,00,0,6,16,B02
200700025720,0,07,000,00,0,9,01,A01
200700025721,0,31,000,00,2,1,00,A01
200700025721,0,07,000,00,2,3,00,B02
200700025722,0,02,000,00,1,1,17,A01
200700025723,0,07,000,06,0,1,00,A01
200700025724,0,07,000,00,0,0,01,A01
200700025725,0,07,000,02,2,8,01,A01
200700025725,0,10,000,00,2,3,19,B02
200700025726,0,07,000,01,0,4,02,A01
200700025726,0,07,000,00,0,1,02,B02
200700025727,0,07,000,00,2,3,01,A01
200700025727,0,07,000,00,2,2,19,B02
200700025728,0,33,000,00,2,1,02,A01
200700025728,0,07,000,00,2,4,02,B02
200700025729,0,30,000,00,2,1,02,A01
200700025729,0,07,000,00,2,4,15,B02
200700025730,0,07,000,00,9,1,00,A01
200700025730,0,01,000,00,2,2,00,B02
200700025731,0,99,000,09,0,1,14,A01
200700025732,0,02,000,00,2,1,01,A01
200700025732,0,02,000,00,2,1,01,B02
200700025733,0,07,000,00,2,8,01,A01
200700025733,0,07,000,00,2,1,19,B02
200700025734,0,07,000,00,2,3,20,A01
200700025734,0,01,000,00,2,2,01,B02
200700025735,0,33,000,01,0,3,13,A01
200700025736,0,07,000,00,2,1,01,A01
200700025736,0,07,000,00,2,8,19,B02
200700025737,0,07,000,00,2,7,13,A01
200700025737,0,17,000,00,2,1,01,B02
200700025738,0,07,000,00,2,1,19,A01
200700025738,0,02,000,00,2,8,01,B02
200700025739,0,07,000,00,2,1,01,A01
200700025739,0,07,000,00,2,7,19,B02
200700025740,0,07,000,03,0,6,01,A01
200700025741,0,07,000,00,2,3,01,B02
200700025741,0,07,000,00,2,2,19,A01
200700025742,0,99,000,01,0,2,00,A01
200700025742,0,15,000,00,2,6,24,B02
200700025743,0,07,000,00,2,2,15,A01
200700025743,0,07,000,00,2,3,01,B02
200700025744,1,99,000,00,1,0,00,A01
200700025745,0,07,000,00,2,1,01,A01
200700025745,0,21,000,00,2,1,01,B02
200700025746,0,33,000,00,2,1,02,A01
200700025746,0,10,000,00,2,6,02,B02
200700025747,0,07,000,00,0,3,15,A01
200700025747,0,07,000,00,2,1,01,B02
200700025748,0,02,000,00,2,1,19,A01
200700025748,0,07,000,00,9,3,01,B02
200700025749,0,07,000,00,2,2,13,A01
200700025749,0,17,000,00,2,3,01,B02
200700025750,0,07,000,06,0,3,01,A01
200700025751,0,31,000,00,2,1,01,B02
200700025751,0,07,000,00,2,3,19,A01
200700025752,0,33,000,00,2,7,01,A01
200700025752,0,21,000,00,2,0,16,B02
200700025753,0,07,000,10,2,2,18,A01
200700025753,0,07,000,00,2,1,01,B02
200700025753,0,02,000,00,2,4,02,C03
200700025753,0,02,000,00,2,4,01,D04
200700025753,0,02,000,00,2,4,01,E05
200700025754,0,07,000,00,2,3,01,A01
200700025754,0,30,000,00,2,1,13,B02
200700025755,0,07,000,00,6,1,01,A01
200700025756,0,07,000,00,2,3,13,A01
200700025756,0,17,000,00,0,3,01,B02
200700025756,0,17,000,00,0,3,01,C03
200700025757,0,10,000,00,2,3,13,A01
200700025757,0,10,000,00,2,3,01,B02
200700025757,0,10,000,00,2,3,01,C03
200700025758,0,07,000,00,2,2,02,A01
200700025758,0,07,000,00,2,5,19,B02
200700025758,0,07,000,00,2,3,01,C03
200700025759,0,07,000,02,0,1,01,A01
200700025760,0,17,000,00,2,3,01,A01
200700025760,0,07,000,06,0,4,15,B02
200700025761,0,33,000,00,0,0,01,A01
200700025762,0,07,000,00,2,7,19,A01
200700025762,0,07,000,00,2,3,01,B02
200700025763,0,36,000,02,0,3,16,A01
200700025764,0,30,000,00,0,7,01,A01
200700025765,0,33,000,16,6,0,01,A01
200700025766,0,07,000,02,0,0,00,A01
200700025767,0,07,000,00,1,1,01,A01
200700025768,0,07,000,00,2,8,15,A01
200700025768,0,33,000,00,2,1,01,B02
200700025769,0,07,000,00,2,1,05,A01
200700025769,0,07,000,00,2,1,00,B02
200700025770,0,07,000,00,2,3,05,A01
200700025770,0,07,000,00,2,3,05,B02
200700025771,0,07,000,02,0,8,01,A01
200700025772,0,07,000,02,0,2,01,A01
200700025773,0,07,000,00,2,3,01,A01
200700025773,0,07,000,00,2,3,01,B02
200700025774,0,07,000,03,0,2,14,A01
200700025775,0,07,000,13,0,9,01,A01
200700025776,0,33,000,00,1,1,01,A01
200700025777,0,07,000,05,0,9,01,A01
200700025778,0,07,000,00,0,5,15,A01
200700025778,0,33,000,00,2,1,01,B02
200700025779,0,07,000,00,2,8,01,A01
200700025779,0,07,000,00,2,3,01,B02
200700025780,0,30,000,00,2,1,19,A01
200700025780,0,38,000,00,2,1,01,B02
200700025781,0,07,000,00,2,1,13,A01
200700025781,0,33,000,00,2,9,01,B02
200700025782,0,31,000,15,0,8,00,A01
200700025783,0,07,000,02,0,1,01,A01
200700025784,0,10,000,00,2,3,15,A01
200700025784,0,33,000,00,2,1,02,B02
200700025785,0,07,000,00,2,1,15,A01
200700025785,0,33,000,00,2,3,01,B02
200700025786,0,07,000,08,0,9,01,A01
200700025787,0,34,000,03,0,2,14,A01
200700025788,0,33,000,00,2,1,17,A01
200700025788,0,07,000,00,2,3,15,B02
200700025789,0,30,000,00,2,1,17,A01
200700025789,0,07,000,00,2,3,15,B02
200700025790,0,10,000,13,0,2,21,A01
200700025791,0,07,000,06,0,1,01,A01
200700025792,0,07,000,00,2,3,05,A01
200700025792,0,07,000,00,2,3,01,B02
200700025793,0,02,000,00,2,1,13,A01
200700025793,0,07,000,00,2,3,01,B02
200700025794,0,07,000,00,1,4,20,A01
200700025795,0,07,000,06,2,2,17,A01
200700025795,0,07,000,00,2,8,13,B02
200700025796,0,07,000,00,1,2,01,A01
200700025797,0,07,000,02,0,9,01,A01
200700025798,0,07,000,00,2,8,01,A01
200700025798,0,07,000,00,2,9,01,B02
200700025798,0,07,000,00,2,1,01,C03
200700025798,0,07,000,00,9,3,01,D04
200700025799,0,07,000,08,0,2,01,A01
200700025800,0,01,000,08,0,1,01,A01
200700025801,0,02,000,00,2,7,01,A01
200700025801,0,07,000,00,2,3,15,B02
200700025802,0,14,000,00,2,2,00,A01
200700025802,0,07,000,00,2,1,00,B02
200700025803,0,07,000,02,0,2,01,A01
200700025804,0,07,000,00,1,2,01,A01
200700025805,0,07,000,00,2,1,13,A01
200700025805,0,07,000,00,2,1,01,B02
200700025806,0,07,000,00,2,1,13,A01
200700025806,0,07,000,00,2,1,01,B02
200700025807,0,01,000,00,2,1,11,A01
200700025807,0,07,000,00,9,1,01,B02
200700025808,0,07,000,00,2,3,13,A01
200700025808,0,07,000,00,2,3,01,B02
200700025809,0,07,000,00,0,3,01,A01
200700025809,0,38,000,00,0,3,13,B02
200700025810,0,07,000,00,0,3,01,A01
200700025810,0,07,000,00,2,3,13,B02
200700025811,0,07,000,01,2,3,01,A01
200700025811,0,07,000,00,2,2,01,C03
200700025812,0,07,000,00,2,3,01,A01
200700025812,0,07,000,00,2,3,13,B02
200700025813,0,07,000,00,1,3,01,A01
200700025814,0,33,000,00,2,1,01,B02
200700025814,0,07,000,00,2,3,15,A01
200700025815,0,02,000,00,2,1,13,A01
200700025815,0,01,000,00,2,1,01,B02
200700025815,0,01,000,00,0,0,01,C03
200700025816,0,07,000,08,0,7,17,A01
200700025817,0,07,000,00,2,3,13,A01
200700025817,0,07,000,00,2,3,01,B02
200700025817,0,07,000,14,0,3,01,C03
200700025818,0,10,000,02,0,8,01,A01
200700025819,0,07,000,00,2,2,19,A01
200700025819,0,07,000,00,2,3,01,B02
200700025820,0,07,000,06,0,8,01,A01
200700025821,0,33,000,00,2,1,02,A01
200700025821,0,07,000,00,0,4,02,B02
200700025822,0,33,000,13,0,3,01,A01
200700025823,0,07,000,08,0,7,02,A01
200700025824,0,07,000,13,0,2,14,A01
200700025825,0,07,000,15,0,1,01,A01
200700025826,0,02,000,00,2,0,17,A01
200700025826,0,07,000,00,2,3,01,B02
200700025826,0,07,000,00,0,0,01,C03
200700025827,0,07,000,00,2,1,01,A01
200700025827,0,01,000,00,2,7,19,B02
200700025828,0,07,000,00,2,2,21,A01
200700025828,0,30,000,00,2,9,15,B02
200700025829,0,07,000,00,2,3,01,A01
200700025829,0,07,000,00,2,3,01,B02
200700025830,0,07,000,02,0,1,01,A01
200700025831,0,07,000,13,0,1,01,A01
200700025832,0,07,000,00,2,3,01,A01
200700025832,0,07,000,00,2,3,01,B02
200700025833,0,02,000,00,0,0,01,A01
200700025834,0,07,000,00,2,1,01,A01
200700025834,0,07,000,00,2,3,01,B02
200700025835,0,07,000,00,0,3,13,A01
200700025835,0,07,000,00,0,3,01,B02
200700025835,0,07,000,00,0,3,13,C03
200700025836,0,33,000,00,2,1,17,A01
200700025836,0,07,000,00,0,6,15,B02
200700025837,0,10,000,00,2,2,17,A01
200700025837,0,01,000,00,2,6,17,B02
200700025838,0,07,000,13,0,1,01,A01
200700025839,0,33,000,00,2,1,01,A01
200700025839,0,07,000,00,2,3,19,B02
200700025840,0,30,000,06,0,1,01,A01
200700025841,0,33,000,16,0,9,01,A01
200700025842,0,07,000,00,1,1,01,A01
200700025843,0,07,000,02,0,3,13,A01
200700025844,0,33,000,00,0,0,14,A01
200700025845,0,07,000,00,2,3,01,A01
200700025845,0,07,000,00,2,3,13,B02
200700025846,0,07,000,13,0,1,01,A01
200700025847,0,07,000,00,2,3,01,A01
200700025847,0,02,000,00,2,1,01,B02
200700025848,0,10,000,00,0,3,00,A01
200700025848,0,07,000,00,0,3,00,B02
200700025849,0,07,000,00,0,1,16,A01
200700025850,0,07,000,06,0,1,14,A01
200700025851,0,10,000,00,0,0,15,A01
200700025851,0,31,000,00,0,0,01,B02
200700025852,0,07,000,13,0,1,01,A01
200700025853,0,07,000,00,1,7,01,A01
200700025854,0,07,000,13,0,1,13,A01
200700025855,0,02,000,00,2,1,02,A01
200700025855,0,07,000,00,2,4,00,B02
200700025856,0,01,000,00,0,0,00,A01
200700025857,0,07,000,16,0,9,01,A01
200700025858,0,07,000,02,0,8,01,A01
200700025859,0,07,000,00,2,3,01,A01
200700025859,0,07,000,00,2,3,01,B02
200700025860,0,07,000,00,2,3,01,A01
200700025860,0,07,000,00,2,3,01,B02
200700025861,0,07,000,02,0,8,01,A01
200700025862,0,31,000,00,2,8,19,A01
200700025862,0,07,000,00,9,1,19,B02
200700025863,0,07,000,00,2,3,11,A01
200700025863,0,07,000,00,2,6,01,B02
200700025863,0,07,000,00,2,1,01,C03
200700025863,0,07,000,00,2,1,01,D04
200700025864,0,33,000,00,0,0,14,A01
200700025865,0,02,000,00,2,2,01,A01
200700025865,0,07,000,00,2,6,15,B02
200700025866,0,07,000,00,2,1,01,B02
200700025866,0,07,000,00,2,8,01,A01
200700025867,0,07,000,00,2,1,01,A01
200700025867,0,07,000,00,2,8,15,B02
200700025868,0,07,000,00,2,6,02,A01
200700025868,0,07,000,00,2,8,02,B02
200700025869,0,07,000,13,0,2,14,A01
200700025870,0,07,000,06,0,7,01,A01
200700025871,0,07,000,02,0,7,01,A01
200700025872,0,07,000,10,0,1,00,A01
200700025873,0,07,000,00,2,1,01,A01
200700025873,0,03,000,00,2,7,01,B02
200700025874,0,02,000,08,0,1,01,A01
200700025875,0,07,000,00,2,1,13,A01
200700025875,0,07,000,00,2,1,01,B02
200700025876,0,07,000,09,0,1,01,A01
200700025877,0,07,000,00,2,1,13,A01
200700025878,0,07,000,00,2,1,01,A01
200700025878,0,07,000,00,2,3,01,B02
200700025879,0,07,000,00,2,7,15,A01
200700025879,0,30,000,00,2,1,00,B02
200700025880,0,07,000,00,1,2,02,A01
200700025881,0,07,000,00,9,8,09,A01
200700025881,0,33,000,00,2,1,01,B02
200700025882,0,02,000,00,2,1,01,A01
200700025882,0,07,000,00,2,3,15,B02
200700025883,0,07,000,00,2,3,01,A01
200700025883,0,07,000,00,2,2,09,B02
200700025884,0,07,000,00,2,5,19,A01
200700025884,0,33,000,00,2,1,01,B02
200700025885,0,07,000,08,0,3,13,A01
200700025886,0,03,000,06,0,1,01,A01
200700025887,0,07,000,00,2,1,19,A01
200700025887,0,33,000,00,2,1,01,B02
200700025887,0,07,000,00,2,3,01,C03
200700025888,0,07,000,00,2,3,05,A01
200700025888,0,07,000,00,2,5,15,B02
200700025888,0,07,000,00,2,1,01,C03
200700025889,0,33,000,08,0,2,01,A01
200700025890,0,33,000,00,2,1,00,A01
200700025890,0,07,000,00,2,2,16,B02
200700025891,0,33,000,00,2,1,13,A01
200700025891,0,07,000,00,2,6,15,B02
200700025892,0,07,000,15,0,1,01,A01
200700025893,0,10,000,03,0,1,01,A01
200700025894,0,07,000,01,2,2,13,A01
200700025894,0,07,000,00,2,1,01,B02
200700025895,0,07,000,00,1,2,01,A01
200700025896,0,10,000,02,0,3,13,A01
200700025897,0,33,000,13,0,0,17,A01
200700025898,0,33,000,13,0,1,16,A01
200700025899,0,07,000,00,2,1,13,A01
200700025899,0,10,000,00,2,3,21,B02
200700025899,0,10,000,00,2,1,02,C03
200700025900,0,07,000,08,0,7,01,A01
200700025901,0,33,000,00,2,7,01,A01
200700025901,0,07,000,00,2,2,09,B02
200700025902,0,02,000,00,0,8,01,A01
200700025903,0,33,000,00,5,1,01,A01
200700025904,0,07,000,00,2,1,19,A01
200700025904,0,07,000,00,2,1,00,B02
200700025905,0,07,000,02,0,7,00,A01
200700025906,0,07,000,15,0,2,01,A01
200700025907,0,33,000,13,0,2,13,A01
200700025908,0,07,000,00,2,3,13,A01
200700025908,0,07,000,00,2,3,01,B02
200700025908,0,07,000,00,2,1,01,C03
200700025909,0,07,000,00,9,2,01,A01
200700025909,0,01,000,00,0,0,00,B02
200700025910,0,07,000,00,2,2,01,A01
200700025910,0,07,000,00,2,6,15,B02
200700025911,0,07,000,00,2,2,15,A01
200700025911,0,02,000,00,2,1,01,B02
200700025912,0,33,000,16,0,3,16,A01
200700025913,0,01,000,00,0,4,13,A01
200700025913,0,07,000,00,2,2,17,B02
200700025914,0,07,000,00,2,3,13,A01
200700025914,0,07,000,00,2,3,01,B02
200700025915,1,07,000,06,1,1,01,A01
200700025916,0,07,000,00,0,1,17,A01
200700025917,0,17,000,00,0,0,15,A01
200700025917,0,07,000,00,0,4,01,B02
200700025917,0,07,000,00,2,4,01,C03
200700025917,0,07,000,00,2,1,01,D04
200700025918,0,02,000,00,2,1,19,A01
200700025918,0,07,000,00,2,2,00,B02
200700025919,0,33,000,00,2,1,01,A01
200700025919,0,07,000,00,2,3,19,B02
200700025920,0,07,000,00,2,1,01,A01
200700025920,0,07,000,02,0,7,01,B02
200700025921,0,17,000,00,0,0,01,A01
200700025922,0,17,000,00,1,0,04,A01
200700025923,0,33,000,00,0,8,14,A01
200700025924,0,07,000,13,0,3,15,A01
200700025925,0,07,000,00,1,1,01,A01
200700025926,0,07,000,00,2,3,13,A01
200700025926,0,07,000,00,2,6,01,B02
200700025926,0,14,000,00,2,7,01,C03
200700025926,0,14,000,00,2,8,01,D04
200700025927,0,02,000,00,2,1,05,A01
200700025927,0,07,000,00,2,1,01,B02
200700025928,0,07,000,00,2,3,13,A01
200700025928,0,14,000,00,2,3,01,B02
200700025929,0,07,000,00,2,2,16,A01
200700025929,0,31,000,00,2,3,02,B02
200700025930,0,07,000,00,2,2,17,A01
200700025930,0,07,000,00,2,1,01,B02
200700025931,0,07,000,06,0,3,01,A01
200700025932,0,07,000,00,0,1,19,A01
200700025932,0,33,000,00,0,1,01,B02
200700025933,0,07,000,02,0,8,15,A01
200700025933,0,07,000,00,0,1,01,B02
200700025934,0,31,000,00,2,1,13,A01
200700025934,0,07,000,00,2,1,01,B02
200700025935,0,34,000,03,0,3,01,A01
200700025936,0,30,000,00,2,1,02,A01
200700025936,0,07,000,00,0,5,01,B02
200700025937,0,31,000,00,0,7,01,A01
200700025938,0,07,000,00,0,3,01,A01
200700025939,0,07,000,00,2,2,15,A01
200700025939,0,07,000,00,2,1,01,B02
200700025940,0,07,000,02,0,1,00,A01
200700025941,0,01,000,00,2,1,19,A01
200700025941,0,07,000,00,2,5,01,B02
200700025942,0,07,000,00,2,2,15,A01
200700025942,0,07,000,00,2,1,01,B02
200700025943,0,14,000,00,9,6,01,A01
200700025943,0,01,000,00,2,3,19,B02
200700025944,0,02,000,00,2,3,01,A01
200700025944,0,07,000,00,9,3,15,B02
200700025945,0,07,000,00,2,1,01,A01
200700025945,0,07,000,00,2,1,01,B02
200700025946,0,07,000,00,0,1,19,A01
200700025946,0,33,000,00,0,7,01,B02
200700025947,0,07,000,00,0,2,13,A01
200700025947,0,07,000,00,0,2,01,B02
200700025948,0,07,000,00,2,8,13,A01
200700025948,0,14,000,00,2,8,01,B02
200700025949,0,33,000,00,5,7,21,A01
200700025950,0,07,000,00,2,2,01,A01
200700025950,0,07,000,00,2,1,01,B02
200700025951,0,17,000,13,0,7,01,A01
200700025951,0,15,000,05,0,7,01,B02
200700025952,0,33,000,00,2,1,01,A01
200700025952,0,07,000,00,2,1,01,B02
200700025953,0,07,000,00,2,3,01,A01
200700025953,0,07,000,00,2,1,05,B02
200700025954,0,30,000,00,2,1,17,A01
200700025954,0,07,000,00,0,3,15,B02
200700025955,0,33,000,00,0,1,02,A01
200700025956,0,33,000,00,0,8,01,A01
200700025957,0,01,000,06,0,1,02,A01
200700025958,0,07,000,00,2,1,01,A01
200700025958,0,07,000,00,2,2,19,B02
200700025959,0,02,000,00,0,0,01,A01
200700025960,0,33,000,13,0,8,01,A01
200700025961,0,07,000,00,2,3,01,A01
200700025961,0,01,000,00,2,1,05,B02
200700025962,0,07,000,08,0,7,01,A01
200700025963,0,33,000,00,2,1,05,A01
200700025963,0,15,000,00,2,3,01,B02
200700025964,0,07,000,13,0,1,01,A01
200700025965,0,10,000,00,2,1,01,A01
200700025966,0,07,000,13,0,1,01,A01
200700025967,0,07,000,07,0,1,01,A01
200700025968,0,10,000,00,1,2,01,A01
200700025969,0,07,000,00,2,7,13,A01
200700025969,0,07,000,00,2,1,01,B02
200700025970,0,36,000,13,0,1,01,A01
200700025971,0,07,000,00,2,5,15,A01
200700025971,0,33,000,00,2,1,01,B02
200700025972,0,07,000,00,2,8,15,A01
200700025972,0,32,000,00,2,8,01,B02
200700025973,0,10,000,02,0,1,14,A01
200700025974,0,07,000,00,2,1,13,A01
200700025974,0,10,000,00,2,1,01,B02
200700025975,0,07,000,00,2,2,15,A01
200700025975,0,32,000,00,2,1,01,B02
200700025976,0,07,000,00,2,3,15,A01
200700025976,0,10,000,00,2,3,01,B02
200700025977,0,02,000,00,2,1,13,A01
200700025977,0,10,000,00,2,3,01,B02
200700025978,0,07,000,00,1,2,01,A01
200700025979,0,07,000,00,2,1,13,A01
200700025979,0,10,000,00,2,1,01,B02
200700025980,0,07,000,01,2,1,17,A01
200700025980,0,07,000,00,2,5,01,B02
200700025981,0,31,000,00,6,1,01,A01
200700025982,0,07,000,13,0,1,01,A01
200700025983,0,07,000,00,2,3,13,A01
200700025983,0,07,000,00,2,2,01,B02
200700025984,0,07,000,00,2,1,17,A01
200700025984,0,07,000,00,2,1,01,B02
200700025985,0,33,000,00,2,1,13,A01
200700025985,0,07,000,00,2,3,01,B02
200700025986,0,07,000,00,2,3,02,A01
200700025986,0,02,000,00,2,1,01,B02
200700025987,0,07,000,00,2,3,19,A01
200700025987,0,33,000,00,2,1,01,B02
200700025988,0,30,000,00,2,1,13,A01
200700025988,0,07,000,00,2,2,00,B02
200700025989,0,02,000,00,2,5,01,A01
200700025989,0,07,000,00,2,2,15,B02
200700025990,0,07,000,00,2,7,15,A01
200700025990,0,01,000,00,2,1,01,B02
200700025991,0,07,000,14,0,1,01,A01
200700025992,0,07,000,00,2,1,01,A01
200700025992,0,07,000,00,2,8,01,B02
200700025993,0,01,000,00,2,1,01,B02
200700025993,0,07,000,00,9,7,01,A01
200700025994,0,07,000,08,0,1,01,A01
200700025995,0,07,000,02,0,3,13,A01
200700025996,0,07,000,00,0,7,19,A01
200700025996,0,07,000,00,0,1,01,B02
200700025997,0,07,000,00,0,3,00,A01
200700025997,0,31,000,00,2,1,19,B02
200700025998,0,07,000,02,0,1,01,A01
200700025999,0,07,000,00,2,2,00,A01
200700025999,0,07,000,00,0,5,00,B02
200700026000,0,07,000,00,2,2,01,A01
200700026000,0,10,000,00,2,3,01,B02
200700026001,0,07,000,00,2,1,01,C03
200700026001,0,07,000,00,0,8,15,A01
200700026001,0,33,000,00,2,1,01,B02
200700026002,0,07,000,00,0,1,09,A01
200700026002,0,33,000,00,0,1,01,B02
200700026003,0,07,000,00,2,5,04,A01
200700026003,0,02,000,00,2,1,01,B02
200700026004,0,07,000,00,1,2,01,A01
200700026005,0,10,000,00,1,2,01,A01
200700026006,0,07,000,00,2,2,15,A01
200700026006,0,07,000,00,2,1,01,B02
200700026007,0,36,000,00,2,9,01,A01
200700026007,0,07,000,00,0,8,01,B02
200700026008,0,07,000,00,2,2,13,A01
200700026008,0,07,000,00,2,2,01,B02
200700026009,0,07,000,00,2,3,13,A01
200700026009,0,07,000,00,2,3,01,B02
200700026009,0,10,000,00,2,7,21,C03
200700026010,0,10,000,00,2,4,01,A01
200700026010,0,07,000,00,2,4,01,B02
200700026010,0,07,000,00,2,1,01,C03
200700026011,0,07,000,00,2,3,05,A01
200700026011,0,03,000,00,2,5,16,B02
200700026012,0,07,000,00,1,2,21,A01
200700026013,0,07,000,00,1,3,15,A01
200700026014,0,07,000,00,2,2,01,A01
200700026014,0,07,000,00,2,3,19,B02
200700026015,0,02,000,00,2,1,13,A01
200700026015,0,07,000,00,2,3,00,B02
200700026016,0,07,000,00,2,8,10,A01
200700026016,0,07,000,00,2,1,01,B02
200700026017,0,07,000,00,2,3,13,A01
200700026017,0,07,000,00,2,3,01,B02
200700026018,0,02,000,00,0,1,02,A01
200700026018,0,07,000,01,0,4,02,B02
200700026019,0,07,000,00,1,2,00,A01
200700026020,0,07,000,00,2,3,09,A01
200700026020,0,01,000,00,2,7,01,B02
200700026021,0,33,000,13,0,7,01,A01
200700026022,0,30,000,00,1,1,01,A01
200700026023,0,33,000,00,2,1,01,A01
200700026023,0,07,000,00,2,1,01,B02
200700026023,0,13,000,00,2,3,01,D04
200700026024,0,07,000,00,1,1,01,A01
200700026025,0,01,000,00,1,1,01,A01
200700026026,0,38,000,00,0,7,01,A01
200700026027,0,07,000,08,2,3,01,A01
200700026027,0,07,000,00,2,3,01,B02
200700026028,0,10,000,08,0,8,01,A01
200700026029,0,07,000,13,0,1,01,A01
200700026030,0,07,000,06,0,7,01,A01
200700026031,0,07,000,00,2,6,02,A01
200700026031,0,33,000,00,2,1,02,B02
200700026032,0,07,000,00,2,2,15,A01
200700026032,0,30,000,00,2,8,01,B02
200700026033,0,07,000,00,0,0,00,A01
200700026034,0,07,000,00,2,3,01,A01
200700026034,0,07,000,00,2,0,01,B02
200700026034,0,07,000,00,0,0,00,C03
200700026034,0,33,000,00,0,0,00,D04
200700026035,0,21,000,00,2,1,00,A01
200700026035,0,07,000,00,2,2,01,B02
200700026036,0,07,000,00,2,1,01,A01
200700026036,0,02,000,00,2,1,15,B02
200700026037,0,07,000,16,0,0,01,A01
200700026038,0,36,000,13,0,9,01,A01
200700026039,0,07,000,00,0,4,15,A01
200700026039,0,07,000,00,2,1,02,B02
200700026040,0,07,000,00,0,1,01,A01
200700026040,0,07,000,00,0,3,01,B02
200700026041,0,07,000,00,2,1,01,A01
200700026041,0,07,000,00,2,8,19,B02
200700026042,0,07,000,00,2,3,09,A01
200700026042,0,33,000,00,2,1,01,B02
200700026043,0,07,000,00,2,1,01,A01
200700026043,0,01,000,00,0,4,01,B02
200700026044,0,33,000,16,0,1,01,A01
200700026045,0,07,000,13,0,1,00,A01
200700026046,0,07,000,00,0,7,01,A01
200700026047,0,01,000,00,2,0,02,A01
200700026048,0,07,000,00,2,3,19,A01
200700026048,0,33,000,00,2,1,01,B02
200700026049,0,10,000,00,2,3,13,A01
200700026049,0,07,000,00,2,3,01,B02
200700026050,0,10,000,00,2,1,01,A01
200700026050,0,07,000,00,2,6,15,B02
200700026051,0,01,000,00,1,1,01,A01
200700026052,0,02,000,00,0,0,00,A01
200700026053,0,07,000,02,0,0,01,A01
200700026054,0,07,000,13,0,1,01,A01