Num_Acc,senc,catv,occutc,obs,obsm,choc,manv,num_veh
200700026055,0,07,000,00,2,3,13,A01
200700026055,0,14,000,00,2,1,01,B02
200700026056,0,33,000,00,5,7,00,A01
200700026057,0,07,000,00,0,0,00,A01
200700026058,0,07,000,00,2,2,19,A01
200700026058,0,10,000,00,0,5,01,B02
200700026059,0,07,000,00,0,8,01,A01
200700026060,0,07,000,02,0,2,18,A01
200700026061,0,07,000,16,0,9,17,A01
200700026062,0,38,000,00,2,3,01,A01
200700026062,0,07,000,00,2,3,13,B02
200700026063,0,33,000,00,2,1,17,A01
200700026063,0,07,000,00,0,4,11,B02
200700026064,0,07,000,06,0,1,01,A01
200700026065,0,07,000,00,0,4,01,A01
200700026065,0,07,000,00,2,1,01,B02
200700026065,0,07,000,00,2,1,01,C03
200700026066,0,07,000,00,2,4,23,A01
200700026066,0,07,000,00,2,4,01,B02
200700026066,0,07,000,00,2,4,23,C03
200700026066,0,07,000,00,2,0,23,D04
200700026066,0,07,000,00,2,1,01,E05
200700026066,0,07,000,00,2,4,23,F06
200700026067,0,07,000,00,0,0,01,A01
200700026067,0,01,000,00,9,0,01,B02
200700026067,0,01,000,00,9,0,01,C03
200700026068,0,07,000,00,2,1,17,A01
200700026068,0,17,000,00,2,8,19,B02
200700026069,0,07,000,00,2,5,01,A01
200700026069,0,07,000,00,2,6,23,B02
200700026070,0,02,000,11,0,1,00,A01
200700026071,0,07,000,00,2,4,15,A01
200700026071,0,33,000,00,2,1,01,B02
200700026072,0,07,000,00,0,4,02,A01
200700026072,0,30,000,00,0,1,02,B02
200700026073,0,31,000,00,0,0,01,A01
200700026073,0,07,000,00,0,0,09,B02
200700026074,0,07,000,00,2,3,13,A01
200700026074,0,10,000,00,2,3,01,B02
200700026075,0,33,000,11,0,0,00,A01
200700026076,0,07,000,00,0,3,13,A01
200700026076,0,07,000,00,0,3,01,B02
200700026076,0,07,000,00,0,7,21,C03
200700026077,0,07,000,00,2,2,09,A01
200700026077,0,33,000,00,2,3,01,B02
200700026078,0,30,000,00,2,1,01,A01
200700026078,0,07,000,00,2,3,19,B02
200700026079,0,07,000,15,0,1,00,A01
200700026080,0,33,000,04,0,1,14,A01
200700026081,0,33,000,00,2,8,09,A01
200700026081,0,07,000,00,2,6,00,B02
200700026082,0,33,000,00,0,1,01,A01
200700026083,0,07,000,00,2,1,13,A01
200700026083,0,33,000,00,2,1,01,B02
200700026084,0,31,000,00,2,1,01,A01
200700026084,0,07,000,00,2,3,01,B02
200700026085,0,07,000,00,2,5,19,A01
200700026085,0,07,000,00,2,1,01,B02
200700026086,0,07,000,00,2,1,01,A01
200700026086,0,07,000,00,2,4,01,B02
200700026087,0,07,000,02,0,8,01,A01
200700026088,0,07,000,05,0,1,01,A01
200700026089,0,10,000,00,2,2,01,A01
200700026089,0,07,000,00,0,7,19,B02
200700026089,0,07,000,00,2,3,23,C03
200700026090,0,33,000,00,2,1,01,A01
200700026090,0,07,000,00,2,3,15,B02
200700026091,0,10,000,00,2,3,13,A01
200700026091,0,07,000,00,2,3,01,B02
200700026092,0,33,000,00,0,0,01,A01
200700026093,0,07,000,13,0,9,00,A01
200700026094,0,07,000,06,0,1,01,A01
200700026095,0,07,000,00,0,6,00,A01
200700026095,0,10,000,00,0,3,00,B02
200700026096,0,07,000,00,1,3,01,A01
200700026097,0,07,000,00,2,7,13,A01
200700026097,0,07,000,00,2,1,01,B02
200700026098,0,21,000,00,0,9,01,A01
200700026099,0,01,000,00,0,0,01,A01
200700026100,0,02,000,16,0,0,01,A01
200700026101,0,07,000,13,0,1,01,A01
200700026102,0,33,000,13,0,1,01,A01
200700026102,0,33,000,00,0,0,01,B02
200700026103,0,07,000,00,1,5,04,A01
200700026104,0,07,000,00,2,3,13,A01
200700026104,0,20,000,00,2,3,01,B02
200700026105,0,07,000,00,2,2,01,A01
200700026105,0,01,000,00,2,7,01,B02
200700026106,0,10,000,00,2,8,00,A01
200700026106,0,33,000,00,2,1,17,B02
200700026107,0,07,000,13,6,2,01,A01
200700026108,0,07,000,00,2,1,19,C03
200700026108,0,07,000,00,2,6,01,A01
200700026108,0,07,000,00,2,1,01,B02
200700026109,0,07,000,00,2,3,13,A01
200700026109,0,07,000,00,2,3,01,B02
200700026110,0,07,000,00,0,3,13,A01
200700026110,0,21,000,00,0,6,14,B02
200700026111,0,07,000,00,0,9,21,A01
200700026112,0,07,000,00,2,3,13,A01
200700026112,0,01,000,00,2,1,01,B02
200700026113,0,07,000,02,0,1,01,A01
200700026114,0,07,000,00,2,3,15,A01
200700026114,0,02,000,00,2,2,15,B02
200700026115,0,07,000,00,2,1,19,A01
200700026115,0,15,000,00,2,1,01,B02
200700026115,0,07,000,00,2,1,21,C03
200700026116,0,07,000,00,2,2,01,A01
200700026116,0,07,000,00,0,5,01,B02
200700026117,0,07,000,00,1,2,01,A01
200700026118,0,07,000,00,2,1,01,A01
200700026118,0,07,000,00,2,1,01,B02
200700026119,0,07,000,00,2,8,13,A01
200700026119,0,07,000,00,2,1,01,B02
200700026120,0,02,000,06,0,1,14,A01
200700026121,0,10,000,00,2,8,19,A01
200700026121,0,07,000,00,2,1,01,B02
200700026122,0,07,000,00,2,1,05,A01
200700026122,0,15,000,00,2,1,01,B02
200700026122,0,07,000,14,0,2,01,C03
200700026122,0,15,000,00,2,2,01,D04
200700026123,0,02,000,00,0,1,01,A01
200700026124,0,07,000,00,2,1,01,A01
200700026124,0,07,000,00,2,3,01,B02
200700026125,0,07,000,00,2,8,21,A01
200700026125,0,07,000,00,2,8,21,B02
200700026126,0,14,000,10,0,1,01,A01
200700026127,0,07,000,03,0,7,13,A01
200700026127,0,07,000,00,0,1,01,B02
200700026128,0,33,000,13,0,1,01,A01
200700026129,0,07,000,00,2,1,13,A01
200700026129,0,07,000,00,2,1,01,B02
200700026130,0,30,000,00,2,1,13,A01
200700026130,0,07,000,00,2,1,05,B02
200700026131,0,33,000,10,0,3,01,A01
200700026132,0,07,000,13,0,3,01,A01
200700026133,0,07,000,02,0,7,01,A01
200700026134,0,01,000,00,2,1,15,A01
200700026134,0,07,000,00,9,2,01,B02
200700026135,0,07,000,00,2,3,01,A01
200700026135,0,07,000,00,2,3,13,B02
200700026136,0,07,000,00,1,4,20,A01
200700026137,0,07,000,00,2,3,15,A01
200700026137,0,33,000,00,2,7,17,B02
200700026138,0,02,000,00,1,3,01,A01
200700026139,0,07,000,13,0,3,01,A01
200700026140,0,07,000,00,2,3,01,B02
200700026140,0,13,000,00,2,8,19,A01
200700026141,0,02,000,00,2,6,14,A01
200700026141,0,07,000,00,2,2,20,B02
200700026142,0,33,000,00,2,1,01,B02
200700026142,0,07,000,00,2,8,19,A01
200700026143,0,07,000,00,0,0,01,A01
200700026143,0,07,000,00,9,3,01,B02
200700026144,0,33,000,00,0,8,17,A01
200700026144,0,33,000,00,2,8,01,B02
200700026145,0,07,000,08,0,3,00,A01
200700026146,0,07,000,00,2,1,01,A01
200700026146,0,38,000,00,2,1,01,B02
200700026147,0,07,000,00,2,3,13,A01
200700026147,0,07,000,00,2,8,01,B02
200700026147,0,07,000,00,2,1,01,C03
200700026148,0,07,000,00,2,2,01,A01
200700026148,0,07,000,00,2,1,19,B02
200700026149,0,30,000,00,0,1,01,A01
200700026150,0,07,000,02,2,2,13,A01
200700026150,0,07,000,00,2,1,01,B02
200700026151,0,07,000,00,2,2,15,A01
200700026151,0,33,000,00,2,1,01,B02
200700026152,0,07,000,02,0,1,01,A01
200700026153,0,33,000,00,0,7,01,A01
200700026154,0,07,000,00,0,1,01,A01
200700026154,0,10,000,00,0,0,01,B02
200700026155,0,16,000,03,2,1,06,A01
200700026155,0,07,000,00,2,1,01,C03
200700026156,0,07,000,02,0,8,01,A01
200700026157,0,07,000,13,2,3,01,A01
200700026157,0,07,000,00,2,8,01,B02
200700026158,0,07,000,00,1,1,01,A01
200700026159,0,33,000,00,2,1,02,A01
200700026159,0,10,000,00,2,4,02,B02
200700026160,0,07,000,00,2,2,15,A01
200700026160,0,33,000,00,2,1,01,B02
200700026161,0,33,000,00,2,1,17,A01
200700026161,0,07,000,00,2,1,01,B02
200700026162,0,07,000,00,2,2,15,A01
200700026162,0,07,000,00,2,3,01,B02
200700026163,0,07,000,00,2,5,01,A01
200700026164,0,07,000,00,0,0,00,A01
200700026165,0,07,000,00,1,2,01,A01
200700026166,0,07,000,00,2,3,13,A01
200700026166,0,07,000,00,2,3,02,B02
200700026167,0,17,000,00,2,7,19,A01
200700026167,0,17,000,00,2,7,19,B02
200700026167,0,02,000,00,2,1,01,C03
200700026168,0,07,000,16,0,1,01,A01
200700026169,0,33,000,00,0,8,01,A01
200700026170,0,07,000,06,0,8,01,A01
200700026171,0,07,000,00,0,1,13,A01
200700026171,0,07,000,00,2,1,01,B02
200700026172,0,36,000,08,0,2,01,A01
200700026173,0,07,000,00,2,3,01,A01
200700026173,0,07,000,00,2,3,01,B02
200700026174,0,07,000,00,2,7,13,A01
200700026174,0,07,000,00,2,1,01,B02
200700026175,0,07,000,02,0,1,01,A01
200700026176,0,07,000,13,0,8,01,A01
200700026177,0,07,000,00,0,4,02,A01
200700026177,0,02,000,00,2,1,01,B02
200700026178,0,07,000,00,2,8,15,A01
200700026178,0,30,000,00,2,1,17,B02
200700026179,0,34,000,00,2,1,01,A01
200700026179,0,14,000,00,2,1,01,B02
200700026179,0,07,000,12,2,4,00,C03
200700026180,0,07,000,00,2,3,01,A01
200700026180,0,07,000,00,2,3,15,B02
200700026181,0,07,000,00,2,1,01,B02
200700026181,0,07,000,00,2,1,01,A01
200700026182,0,07,000,07,0,1,01,A01
200700026183,0,07,000,13,0,9,00,A01
200700026184,0,30,000,16,0,8,01,A01
200700026185,0,07,000,02,0,3,01,A01
200700026186,0,02,000,00,2,1,01,A01
200700026186,0,07,000,00,2,8,10,B02
200700026187,0,07,000,00,0,3,01,A01
200700026188,0,07,000,00,1,4,04,A01
200700026189,0,07,000,00,2,3,01,A01
200700026189,0,30,000,00,2,1,01,B02
200700026190,0,33,000,00,2,1,01,A01
200700026190,0,07,000,00,2,3,01,B02
200700026191,0,07,000,00,1,3,01,A01
200700026192,0,14,000,00,2,2,15,A01
200700026192,0,07,000,00,2,1,01,B02
200700026193,0,07,000,13,0,1,01,A01
200700026194,0,07,000,00,2,3,01,A01
200700026194,0,02,000,00,2,8,13,B02
200700026195,0,07,000,02,0,3,00,A01
200700026196,0,10,000,02,0,1,02,A01
200700026197,0,07,000,00,0,1,01,A01
200700026198,0,07,000,00,2,2,01,A01
200700026198,0,99,000,00,2,1,15,B02
200700026199,0,02,000,00,2,3,01,A01
200700026199,0,07,000,00,2,1,15,B02
200700026200,0,07,000,00,2,3,13,A01
200700026200,0,07,000,00,2,3,01,B02
200700026201,1,07,000,00,1,1,01,A01
200700026202,0,36,000,06,0,2,01,A01
200700026203,0,07,000,00,2,2,01,A01
200700026203,0,30,000,00,2,7,01,B02
200700026204,0,07,000,13,0,2,13,A01
200700026205,0,07,000,00,2,3,15,A01
200700026205,0,30,000,00,2,1,01,B02
200700026206,0,07,000,00,2,8,17,A01
200700026206,0,07,000,00,0,0,01,B02
200700026207,0,07,000,00,2,2,15,A01
200700026207,0,33,000,00,2,1,01,B02
200700026208,0,31,000,16,0,0,01,A01
200700026209,0,33,000,00,0,0,00,A01
200700026210,0,10,000,00,0,3,13,A01
200700026210,0,07,000,00,0,3,01,B02
200700026210,0,07,000,00,0,1,01,C03
200700026211,0,07,000,00,0,6,19,A01
200700026211,0,33,000,00,2,1,01,B02
200700026212,0,07,000,00,2,1,19,A01
200700026212,0,33,000,00,2,8,01,B02
200700026213,0,07,000,00,2,1,13,A01
200700026213,0,07,000,00,2,1,01,B02
200700026214,0,07,000,02,0,1,01,A01
200700026215,0,07,000,00,2,2,15,A01
200700026215,0,07,000,00,2,1,01,B02
200700026216,0,07,000,00,1,2,01,A01
200700026217,0,30,000,00,2,1,13,A01
200700026217,0,31,000,00,2,1,01,B02
200700026218,0,07,000,02,0,3,13,A01
200700026219,0,07,000,00,2,2,15,A01
200700026219,0,33,000,00,2,5,01,B02
200700026220,0,02,000,00,2,8,18,A01
200700026220,0,14,000,00,2,5,01,B02
200700026221,0,07,000,13,0,1,12,A01
200700026222,0,07,000,00,2,3,15,A01
200700026222,0,03,000,00,2,1,01,B02
200700026222,0,07,000,00,0,4,24,C03
200700026223,0,07,000,14,0,2,01,A01
200700026224,0,07,000,00,0,6,15,A01
200700026224,0,07,000,00,2,4,23,B02
200700026224,0,07,000,00,2,4,23,C03
200700026224,0,07,000,00,2,4,23,D04
200700026224,0,14,000,00,2,1,02,E05
200700026224,0,07,000,00,0,0,24,F06
200700026225,0,07,000,00,2,7,13,A01
200700026225,0,07,000,00,2,1,01,B02
200700026226,0,33,000,16,0,1,16,A01
200700026227,0,07,000,00,2,1,13,A01
200700026227,0,17,000,00,2,3,01,B02
200700026228,0,07,000,00,2,3,15,A01
200700026228,0,33,000,00,2,3,01,B02
200700026229,0,03,000,00,2,1,01,A01
200700026229,0,07,000,00,2,7,01,B02
200700026230,0,07,000,00,0,2,01,A01
200700026231,0,07,000,00,0,9,01,A01
200700026232,0,07,000,08,2,2,02,A01
200700026232,0,14,000,00,2,5,02,B02
200700026233,0,07,000,00,1,1,01,A01
200700026234,0,33,000,00,2,1,13,A01
200700026234,0,07,000,00,2,2,15,B02
200700026235,0,07,000,00,2,3,01,A01
200700026235,0,01,000,00,2,1,01,B02
200700026236,0,07,000,08,0,1,01,A01
200700026237,0,30,000,00,2,1,01,A01
200700026237,0,38,000,00,2,3,01,B02
200700026238,0,07,000,02,0,8,01,A01
200700026239,0,02,000,00,1,1,01,A01
200700026240,0,07,000,00,2,3,13,A01
200700026240,0,07,000,00,2,3,01,B02
200700026241,0,07,000,10,0,2,01,A01
200700026242,0,31,000,00,2,1,01,A01
200700026243,0,07,000,02,0,8,01,A01
200700026244,0,33,000,14,0,9,17,A01
200700026245,0,33,000,00,2,1,17,A01
200700026245,0,07,000,00,2,3,21,B02
200700026246,0,07,000,00,2,3,13,A01
200700026246,0,07,000,00,2,2,01,B02
200700026247,0,07,000,00,0,0,21,A01
200700026248,0,07,000,02,0,1,01,A01
200700026249,0,07,000,13,0,6,01,A01
200700026250,0,07,000,06,0,1,13,A01
200700026251,0,36,000,00,0,0,00,A01
200700026252,0,07,000,13,0,3,01,A01
200700026253,0,07,000,00,2,8,15,A01
200700026253,0,32,000,00,2,1,01,B02
200700026254,0,07,000,06,0,1,01,A01
200700026255,0,07,000,00,2,1,13,A01
200700026255,0,07,000,00,2,8,01,B02
200700026255,0,07,000,00,2,1,01,C03
200700026256,0,07,000,00,2,3,21,A01
200700026256,0,07,000,00,2,3,19,B02
200700026257,0,33,000,00,2,1,17,A01
200700026257,0,33,000,00,2,4,17,B02
200700026258,0,07,000,00,1,2,00,A01
200700026259,0,01,000,00,2,8,13,A01
200700026259,0,07,000,00,2,7,17,B02
200700026260,0,07,000,00,2,1,01,A01
200700026260,0,07,000,00,2,1,01,B02
200700026261,0,07,000,00,0,1,01,A01
200700026261,0,07,000,00,0,9,01,B02
200700026262,0,07,000,00,2,3,15,A01
200700026262,0,07,000,00,2,2,01,B02
200700026263,0,02,000,00,0,1,01,A01
200700026263,0,02,000,00,0,1,05,B02
200700026264,0,07,000,00,0,1,01,A01
200700026264,0,07,000,00,0,1,01,B02
200700026264,0,07,000,00,0,6,01,C03
200700026265,0,07,000,00,0,3,15,A01
200700026265,0,14,000,00,0,2,01,B02
200700026266,0,07,000,02,0,7,01,A01
200700026267,0,30,000,00,2,1,01,A01
200700026267,0,07,000,00,2,8,17,B02
200700026268,0,33,000,00,2,8,13,A01
200700026268,0,07,000,00,2,8,01,B02
200700026269,0,07,000,00,2,3,01,A01
200700026269,0,33,000,00,2,1,13,B02
200700026270,0,07,000,00,2,8,15,A01
200700026270,0,31,000,00,2,1,17,B02
200700026271,0,07,000,02,0,1,16,A01
200700026272,0,07,000,00,2,1,17,A01
200700026272,0,07,000,00,2,1,01,B02
200700026273,0,07,000,00,0,1,00,A01
200700026274,0,07,000,00,0,0,01,A01
200700026275,0,20,000,15,0,1,01,A01
200700026276,0,02,000,00,0,8,00,A01
200700026277,0,07,000,00,0,1,05,A01
200700026277,0,07,000,00,2,2,01,B02
200700026278,0,07,000,02,0,8,01,A01
200700026279,0,10,000,02,0,1,14,A01
200700026280,0,07,000,00,2,1,01,A01
200700026280,0,02,000,00,2,7,19,B02
200700026281,0,07,000,11,0,3,06,A01
200700026282,0,31,000,03,0,1,13,A01
200700026283,0,07,000,00,0,7,15,A01
200700026283,0,33,000,00,2,1,01,B02
200700026284,0,33,000,00,2,3,01,A01
200700026284,0,33,000,00,2,6,01,B02
200700026285,0,32,000,06,0,1,01,A01
200700026286,0,31,000,00,0,7,16,A01
200700026287,0,33,000,00,2,2,17,A01
200700026287,0,07,000,00,2,6,15,B02
200700026288,0,17,000,00,0,0,01,A01
200700026289,0,07,000,00,2,3,13,A01
200700026289,0,07,000,00,2,1,00,B02
200700026290,0,07,000,00,2,8,01,B02
200700026290,0,07,000,00,2,1,01,A01
200700026291,0,02,000,00,2,8,00,A01
200700026291,0,07,000,00,2,5,17,B02
200700026292,0,07,000,13,0,1,15,A01
200700026293,0,36,000,15,0,2,01,A01
200700026294,0,31,000,00,2,2,01,A01
200700026294,0,07,000,00,2,3,01,B02
200700026295,0,07,000,06,0,2,01,A01
200700026296,0,07,000,00,2,2,01,A01
200700026296,0,01,000,00,2,8,19,B02
200700026297,0,07,000,07,0,1,01,A01
200700026298,0,31,000,05,0,7,13,A01
200700026299,0,02,000,00,0,7,01,A01
200700026300,0,07,000,16,0,1,01,A01
200700026301,0,33,000,00,0,7,01,A01
200700026302,0,07,000,00,2,2,13,A01
200700026302,0,07,000,00,2,1,01,B02
200700026303,0,07,000,06,0,3,00,A01
200700026304,0,07,000,00,0,1,00,A01
200700026305,0,33,000,13,0,1,01,A01
200700026306,0,07,000,00,2,2,21,A01
200700026306,0,01,000,00,2,2,15,B02
200700026307,0,33,000,02,6,8,02,A01
200700026308,0,07,000,03,0,1,01,A01
200700026309,0,07,000,00,0,0,01,A01
200700026309,0,10,000,00,0,0,00,B02
200700026310,0,07,000,06,0,1,01,A01
200700026311,0,07,000,01,0,6,01,A01
200700026311,0,07,000,00,1,4,00,B02
200700026311,0,07,000,00,2,3,01,C03
200700026312,0,07,000,13,0,7,15,A01
200700026313,0,02,000,12,0,7,01,A01
200700026314,0,32,000,16,0,1,01,A01
200700026315,0,02,000,03,0,1,01,A01
200700026316,0,07,000,08,0,8,14,A01
200700026316,0,07,000,00,0,0,15,B02
200700026317,0,07,000,06,0,1,00,A01
200700026318,0,07,000,00,0,6,15,A01
200700026318,0,02,000,00,2,2,02,B02
200700026319,0,02,000,00,2,7,01,A01
200700026319,0,07,000,00,0,3,01,B02
200700026320,0,02,000,13,0,0,01,A01
200700026321,0,07,000,00,2,2,02,A01
200700026321,0,07,000,00,2,6,21,B02
200700026321,0,33,000,00,2,3,13,C03
200700026322,0,07,000,00,2,3,15,A01
200700026322,0,33,000,00,2,8,01,B02
200700026323,0,10,000,00,0,3,00,A01
200700026324,0,07,000,00,2,8,19,A01
200700026324,0,07,000,00,2,1,01,B02
200700026325,0,07,000,02,0,3,13,A01
200700026326,0,07,000,00,2,3,13,A01
200700026326,0,07,000,00,2,3,01,B02
200700026327,0,07,000,13,0,9,01,A01
200700026328,0,02,000,00,2,4,09,A01
200700026328,0,07,000,00,2,1,01,B02
200700026329,0,01,000,00,2,1,19,A01
200700026329,0,10,000,00,2,2,01,B02
200700026330,0,07,000,02,0,1,01,A01
200700026331,0,07,000,00,2,3,00,A01
200700026331,0,14,000,00,2,7,09,B02
200700026332,0,07,000,03,2,3,01,A01
200700026332,0,17,000,00,2,0,01,B02
200700026333,0,07,000,04,0,3,01,A01
200700026334,0,02,000,12,0,1,01,A01
200700026335,0,10,000,00,2,1,02,A01
200700026335,0,07,000,01,0,4,16,B02
200700026336,0,07,000,00,2,1,01,A01
200700026336,0,07,000,00,2,8,01,B02
200700026337,0,02,000,00,2,1,01,A01
200700026337,0,07,000,00,2,2,01,B02
200700026338,0,07,000,00,2,8,15,A01
200700026338,0,33,000,00,2,1,01,B02
200700026339,0,07,000,00,2,1,01,A01
200700026339,0,07,000,00,2,7,19,B02
200700026340,0,07,000,06,0,1,14,A01
200700026341,0,07,000,00,2,3,13,A01
200700026341,0,07,000,00,2,3,01,B02
200700026342,0,07,000,00,1,2,01,A01
200700026343,0,07,000,00,2,4,23,A01
200700026343,0,07,000,00,2,4,23,B02
200700026343,0,07,000,00,0,1,01,C03
200700026344,0,07,000,00,2,3,13,A01
200700026344,0,07,000,00,2,8,21,B02
200700026345,0,02,000,01,0,1,01,A01
200700026346,0,10,000,00,2,8,15,A01
200700026346,0,30,000,00,2,2,13,B02
200700026347,0,10,000,04,0,1,13,A01
200700026348,0,07,000,00,2,7,15,A01
200700026348,0,33,000,16,0,0,01,B02
200700026349,0,07,000,00,0,4,01,A01
200700026349,0,07,000,00,2,1,01,B02
200700026350,0,07,000,00,0,1,01,A01
200700026350,0,07,000,00,0,8,00,B02
200700026351,0,07,000,00,2,1,13,A01
200700026351,0,07,000,00,2,1,01,B02
200700026352,0,07,000,08,0,8,01,A01
200700026353,0,07,000,00,2,4,04,A01
200700026353,0,01,000,00,2,1,21,B02
200700026354,0,07,000,00,2,3,13,A01
200700026354,0,10,000,00,2,3,01,B02
200700026355,0,31,000,00,2,1,13,A01
200700026355,0,07,000,00,2,3,01,B02
200700026356,0,07,000,02,0,1,01,A01
200700026357,0,02,000,03,0,7,21,A01
200700026358,0,30,000,00,2,1,01,A01
200700026358,0,07,000,00,2,5,15,B02
200700026359,0,07,000,00,0,1,13,A01
200700026360,0,07,000,00,0,9,01,A01
200700026361,0,02,000,00,2,1,13,A01
200700026361,0,02,000,01,2,1,01,B02
200700026362,0,33,000,08,0,0,02,A01
200700026362,0,31,000,00,0,4,02,B02
200700026363,0,07,000,00,2,1,01,B02
200700026363,0,07,000,00,2,8,09,A01
200700026364,0,07,000,02,0,1,01,A01
200700026365,0,07,000,00,2,2,01,B02
200700026365,0,30,000,00,2,8,15,A01
200700026366,0,07,000,08,0,9,15,A01
200700026367,0,02,000,00,2,1,13,A01
200700026367,0,07,000,00,2,3,01,B02
200700026368,0,07,000,13,0,2,14,A01
200700026369,0,07,000,00,2,3,13,A01
200700026369,0,15,000,00,2,3,01,B02
200700026370,0,07,000,00,2,2,13,A01
200700026370,0,10,000,00,2,1,01,B02
200700026371,0,07,000,06,0,8,01,A01
200700026372,0,07,000,00,2,1,13,A01
200700026372,0,07,000,00,2,1,01,B02
200700026373,0,07,000,06,0,1,01,A01
200700026374,0,31,000,00,2,1,01,A01
200700026374,0,07,000,00,2,1,15,B02
200700026375,0,02,000,00,0,8,01,A01
200700026376,0,07,000,00,2,6,01,A01
200700026376,0,07,000,00,2,3,01,B02
200700026377,0,33,000,00,0,0,01,A01
200700026378,0,07,000,01,0,1,02,A01
200700026378,0,14,000,00,2,1,01,B02
200700026378,0,07,000,00,2,4,23,C03
200700026379,0,07,000,01,0,1,01,A01
200700026380,0,17,000,00,2,1,02,A01
200700026380,0,10,000,00,2,6,02,B02
200700026381,0,07,000,00,2,3,17,A01
200700026381,0,15,000,00,2,3,01,B02
200700026382,0,07,000,00,2,1,01,A01
200700026382,0,01,000,00,2,8,16,B02
200700026383,0,07,000,00,2,3,01,A01
200700026383,0,07,000,00,2,3,01,B02
200700026384,0,07,000,00,2,2,17,A01
200700026384,0,20,000,00,2,6,15,B02
200700026385,0,07,000,00,1,2,01,A01
200700026386,0,33,000,00,6,1,01,A01
200700026387,0,07,000,00,2,3,01,A01
200700026387,0,07,000,00,2,3,01,B02
200700026388,0,07,000,00,2,8,15,A01
200700026388,0,02,000,00,2,8,16,B02
200700026389,0,33,000,00,0,7,01,A01
200700026390,0,31,000,02,0,1,01,A01
200700026391,0,07,000,00,2,3,13,A01
200700026391,0,07,000,00,2,3,01,B02
200700026392,0,07,000,00,2,1,13,A01
200700026392,0,07,000,00,2,5,01,B02
200700026393,0,07,000,00,2,1,01,A01
200700026393,0,07,000,00,2,1,09,B02
200700026394,0,07,000,00,2,2,01,A01
200700026394,0,01,000,00,2,4,01,B02
200700026395,0,07,000,00,2,7,01,A01
200700026395,0,07,000,00,2,1,01,B02
200700026396,0,33,000,00,2,3,01,A01
200700026396,0,07,000,00,2,3,01,B02
200700026397,0,07,000,03,0,3,01,A01
200700026398,0,07,000,00,1,2,12,A01
200700026399,0,07,000,13,0,1,01,A01
200700026400,0,07,000,00,2,1,13,A01
200700026400,0,07,000,00,2,1,01,B02
200700026401,0,33,000,00,2,7,06,A01
200700026401,0,07,000,00,2,2,02,B02
200700026402,0,07,000,00,2,1,17,A01
200700026402,0,07,000,00,2,1,01,B02
200700026403,0,07,000,00,2,1,01,A01
200700026403,0,07,000,00,2,5,19,B02
200700026404,0,07,000,00,2,7,13,A01
200700026404,0,10,000,00,2,1,01,B02
200700026405,0,07,000,00,2,5,13,A01
200700026405,0,07,000,00,2,1,01,B02
200700026406,0,02,000,00,0,3,13,A01
200700026406,0,14,000,00,0,6,01,B02
200700026407,0,33,000,04,2,1,00,A01
200700026407,0,07,000,00,2,1,01,B02
200700026407,0,33,000,00,2,1,01,C03
200700026408,0,07,000,14,0,9,01,A01
200700026409,0,02,000,00,2,1,13,A01
200700026409,0,07,000,00,2,3,01,B02
200700026410,0,07,000,03,0,1,13,A01
200700026411,0,07,000,00,9,7,01,A01
200700026411,0,01,000,00,0,0,13,B02
200700026412,0,30,000,00,1,1,03,A01
200700026413,0,07,000,02,0,1,01,A01
200700026414,0,07,000,00,2,3,16,A01
200700026414,0,07,000,00,2,2,01,B02
200700026415,0,07,000,07,0,9,01,A01
200700026416,0,07,000,00,0,6,20,A01
200700026416,0,33,000,00,2,8,01,B02
200700026417,0,07,000,13,0,9,13,A01
200700026418,0,07,000,00,2,8,00,A01
200700026418,0,07,000,00,2,1,01,B02
200700026419,0,07,000,00,2,7,01,A01
200700026419,0,02,000,00,2,7,21,B02
200700026419,0,07,000,00,2,2,15,C03
200700026420,0,07,000,00,2,2,01,A01
200700026420,0,07,000,00,2,1,19,B02
200700026421,0,07,000,13,0,1,13,A01
200700026422,0,07,000,00,2,3,13,A01
200700026422,0,21,000,00,2,3,21,B02
200700026423,0,07,000,00,6,1,01,A01
200700026424,0,02,000,02,0,7,01,A01
200700026425,0,07,000,14,0,3,01,A01
200700026426,0,07,000,00,0,6,09,A01
200700026426,0,02,000,00,0,1,01,B02
200700026427,0,07,000,00,2,2,00,A01
200700026427,0,07,000,00,2,2,00,B02
200700026428,0,07,000,00,1,1,01,A01
200700026429,0,02,000,15,0,1,01,A01
200700026430,0,07,000,00,0,2,14,A01
200700026431,0,07,000,00,2,3,09,A01
200700026431,0,31,000,00,2,1,21,B02
200700026432,0,07,000,06,0,3,19,A01
200700026433,0,07,000,00,2,1,17,A01
200700026433,0,07,000,00,0,1,01,B02
200700026433,0,07,000,13,2,1,01,C03
200700026434,0,05,000,00,2,1,17,A01
200700026434,0,07,000,00,2,2,01,B02
200700026435,0,17,000,00,0,0,02,A01
200700026435,0,17,000,00,2,1,17,D04
200700026435,0,07,000,14,0,1,01,F06
200700026435,0,07,000,14,0,7,01,G07
200700026436,0,33,000,13,9,1,00,A01
200700026437,0,34,000,00,2,1,01,A01
200700026437,0,07,000,00,0,0,21,B02
200700026437,0,07,000,00,9,1,01,C03
200700026438,0,07,000,13,0,9,01,A01
200700026439,0,07,000,13,0,2,01,A01