Num_Acc,senc,catv,occutc,obs,obsm,choc,manv,num_veh
200700026440,0,07,000,10,0,1,01,A01
200700026441,0,07,000,00,0,0,01,A01
200700026442,0,07,000,13,0,1,01,A01
200700026443,0,10,000,00,0,3,00,A01
200700026443,0,01,000,00,0,3,00,B02
200700026444,0,07,000,00,2,5,19,A01
200700026444,0,01,000,00,2,1,01,B02
200700026445,0,33,000,00,2,8,13,A01
200700026445,0,07,000,00,2,3,02,B02
200700026446,0,07,000,00,2,1,13,A01
200700026446,0,07,000,00,2,1,01,B02
200700026447,0,33,000,00,2,1,13,A01
200700026447,0,07,000,00,2,1,01,B02
200700026448,0,07,000,08,0,1,01,A01
200700026449,0,32,000,01,0,1,00,A01
200700026450,0,07,000,00,1,1,01,A01
200700026451,0,33,000,00,2,7,17,A01
200700026451,0,10,000,00,2,8,15,B02
200700026452,0,07,000,00,2,3,15,A01
200700026452,0,33,000,00,2,1,01,B02
200700026453,0,07,000,02,0,3,13,A01
200700026454,0,07,000,00,2,3,01,A01
200700026454,0,01,000,00,2,9,15,B02
200700026455,0,10,000,00,2,3,10,A01
200700026455,0,33,000,00,2,1,17,B02
200700026456,0,33,000,00,2,1,01,A01
200700026456,0,07,000,00,2,3,09,B02
200700026457,0,07,000,00,0,6,10,A01
200700026457,0,10,000,00,2,1,01,B02
200700026458,0,01,000,00,2,1,01,A01
200700026458,0,07,000,00,0,3,01,B02
200700026459,0,07,000,00,1,3,01,A01
200700026460,0,07,000,00,2,1,15,A01
200700026460,0,33,000,00,2,7,01,B02
200700026461,0,01,000,00,0,4,01,A01
200700026461,0,33,000,00,9,1,01,B02
200700026462,0,17,000,03,0,7,14,A01
200700026463,0,33,000,00,0,7,01,A01
200700026464,0,07,000,02,0,1,01,A01
200700026465,0,33,000,00,2,3,13,A01
200700026465,0,07,000,00,2,7,01,B02
200700026466,0,33,000,00,2,1,01,A01
200700026466,0,10,000,00,0,4,15,B02
200700026467,0,07,000,00,0,2,02,A01
200700026467,0,02,000,00,0,8,15,B02
200700026468,0,10,000,00,2,7,15,A01
200700026468,0,02,000,00,2,2,01,B02
200700026469,0,07,000,02,0,3,19,A01
200700026470,0,02,000,00,2,1,13,A01
200700026470,0,07,000,00,2,3,01,B02
200700026471,0,07,000,00,1,3,19,A01
200700026472,0,07,000,13,0,1,01,A01
200700026473,0,33,000,00,0,7,02,A01
200700026474,0,15,000,00,0,8,13,A01
200700026475,0,10,000,00,2,1,01,A01
200700026475,0,10,000,00,2,6,15,B02
200700026476,0,07,000,00,2,3,13,A01
200700026476,0,07,000,00,2,8,01,B02
200700026476,0,07,000,00,2,1,01,C03
200700026476,0,07,000,00,2,3,01,D04
200700026477,0,07,000,13,0,2,21,A01
200700026478,0,07,000,13,0,3,01,A01
200700026479,0,02,000,01,0,1,02,A01
200700026479,0,07,000,00,2,1,23,B02
200700026480,0,36,000,10,0,2,14,A01
200700026481,0,10,000,06,0,1,01,A01
200700026482,0,07,000,08,0,1,01,A01
200700026483,0,15,000,15,0,0,01,A01
200700026483,0,30,000,00,9,0,01,B02
200700026484,0,33,000,00,2,0,01,A01
200700026484,0,07,000,00,2,7,15,B02
200700026485,0,02,000,00,0,0,00,A01
200700026486,0,07,000,00,2,1,16,A01
200700026486,0,33,000,00,2,7,01,B02
200700026487,0,07,000,00,1,1,15,A01
200700026488,0,07,000,00,2,2,15,A01
200700026488,0,07,000,00,2,1,02,B02
200700026489,0,07,000,00,0,0,20,A01
200700026489,0,33,000,00,2,1,01,B02
200700026490,0,30,000,00,2,1,17,A01
200700026490,0,07,000,00,2,2,01,B02
200700026491,0,07,000,00,2,1,06,A01
200700026491,0,33,000,00,0,8,01,B02
200700026492,0,02,000,06,0,2,00,A01
200700026493,0,07,000,00,2,2,09,A01
200700026493,0,30,000,00,2,3,01,B02
200700026494,0,07,000,00,0,1,15,A01
200700026494,0,32,000,00,0,1,01,B02
200700026495,0,07,000,00,2,2,09,A01
200700026495,0,07,000,00,0,8,01,B02
200700026496,0,07,000,00,0,3,10,A01
200700026496,0,07,000,00,0,2,01,B02
200700026497,0,07,000,00,2,8,13,A01
200700026497,0,07,000,03,2,3,01,B02
200700026497,0,07,000,00,2,3,01,C03
200700026498,0,07,000,00,2,3,02,A01
200700026498,0,07,000,00,2,1,05,B02
200700026498,0,07,000,00,2,3,02,C03
200700026499,0,33,000,00,2,0,01,A01
200700026499,0,07,000,00,1,1,00,B02
200700026500,0,10,000,00,2,2,15,A01
200700026500,0,33,000,00,2,1,01,B02
200700026501,0,07,000,00,0,1,01,A01
200700026501,0,07,000,00,0,8,09,B02
200700026502,0,07,000,00,0,0,00,A01
200700026502,0,31,000,01,0,7,00,B02
200700026503,0,33,000,10,0,7,00,A01
200700026504,0,33,000,13,0,1,01,A01
200700026505,0,07,000,00,1,3,01,A01
200700026506,0,07,000,00,2,3,01,A01
200700026506,0,07,000,00,9,3,01,B02
200700026506,0,33,000,00,2,1,13,C03
200700026507,0,07,000,00,1,1,15,A01
200700026508,0,31,000,00,2,1,13,A01
200700026508,0,07,000,00,2,3,10,B02
200700026509,0,10,000,00,2,3,13,A01
200700026509,0,07,000,00,2,3,01,B02
200700026510,0,07,000,00,2,3,13,A01
200700026510,0,07,000,00,2,3,01,B02
200700026511,0,07,000,00,0,0,00,A01
200700026512,0,07,000,00,2,1,17,A01
200700026512,0,38,000,00,0,8,01,B02
200700026512,0,07,000,00,0,3,01,C03
200700026513,0,33,000,00,2,1,01,A01
200700026513,0,07,000,00,0,1,01,B02
200700026514,0,07,000,08,6,8,21,A01
200700026515,0,07,000,02,0,1,19,A01
200700026516,0,07,000,02,0,1,01,A01
200700026517,0,10,000,00,2,7,01,A01
200700026517,0,07,000,00,2,1,01,B02
200700026518,0,07,000,00,2,1,13,A01
200700026518,0,07,000,00,2,3,01,B02
200700026519,0,07,000,00,2,2,17,A01
200700026519,0,99,000,00,2,3,15,B02
200700026520,0,07,000,00,0,1,01,A01
200700026520,0,07,000,00,0,1,05,B02
200700026521,0,07,000,06,0,1,00,A01
200700026522,0,33,000,00,9,1,01,A01
200700026522,0,01,000,00,2,8,13,B02
200700026523,0,07,000,00,2,8,13,A01
200700026523,0,07,000,00,2,6,01,B02
200700026523,0,10,000,00,2,1,01,C03
200700026524,0,07,000,13,0,1,01,A01
200700026525,0,10,000,00,2,8,01,A01
200700026526,0,33,000,00,2,1,01,A01
200700026526,0,07,000,00,2,6,15,B02
200700026527,0,33,000,12,0,7,01,A01
200700026528,0,02,000,00,0,8,01,A01
200700026529,0,07,000,00,2,3,01,A01
200700026529,0,33,000,00,2,1,01,B02
200700026530,0,07,000,00,2,2,13,A01
200700026530,0,30,000,00,2,1,01,B02
200700026531,0,07,000,13,0,1,01,A01
200700026532,0,07,000,00,2,1,15,A01
200700026532,0,33,000,00,2,7,01,B02
200700026533,0,33,000,00,2,7,15,A01
200700026533,0,07,000,00,2,2,01,B02
200700026534,0,33,000,00,1,1,01,A01
200700026535,0,07,000,00,2,3,15,A01
200700026535,0,30,000,00,2,1,15,B02
200700026536,0,07,000,00,9,1,14,A01
200700026537,0,07,000,00,2,6,09,A01
200700026537,0,32,000,00,2,1,02,B02
200700026538,0,07,000,00,2,1,13,A01
200700026538,0,07,000,00,2,1,01,B02
200700026539,0,07,000,00,2,8,15,A01
200700026539,0,07,000,00,2,1,01,B02
200700026540,0,07,000,00,2,2,14,A01
200700026540,0,01,000,00,2,8,01,B02
200700026541,0,07,000,00,1,1,01,A01
200700026542,0,07,000,04,2,3,01,A01
200700026542,0,07,000,03,2,3,01,B02
200700026542,0,07,000,00,2,2,01,C03
200700026543,0,10,000,00,2,5,15,A01
200700026543,0,33,000,00,2,1,01,B02
200700026544,0,07,000,00,2,6,13,A01
200700026544,0,07,000,00,2,3,02,B02
200700026544,0,07,000,00,2,3,01,C03
200700026545,0,07,000,00,2,3,09,A01
200700026545,0,07,000,00,2,6,24,B02
200700026545,0,02,000,01,2,1,01,C03
200700026546,0,07,000,13,0,3,01,A01
200700026547,0,07,000,00,2,3,01,A01
200700026547,0,07,000,00,2,7,15,B02
200700026548,0,07,000,00,2,3,05,A01
200700026548,0,07,000,00,1,3,01,B02
200700026548,0,07,000,00,2,3,01,C03
200700026549,0,07,000,00,0,9,01,A01
200700026550,0,30,000,00,2,1,19,B02
200700026550,0,07,000,00,2,2,01,A01
200700026551,0,14,000,00,0,0,13,A01
200700026551,0,07,000,00,9,4,00,B02
200700026551,0,33,000,00,2,1,01,C03
200700026552,0,07,000,13,0,1,01,A01
200700026553,0,07,000,00,2,1,01,A01
200700026553,0,07,000,00,2,1,01,B02
200700026553,0,07,000,00,2,3,01,C03
200700026554,0,07,000,00,2,7,01,A01
200700026554,0,13,000,00,2,1,01,B02
200700026555,0,10,000,00,2,7,01,A01
200700026555,0,01,000,00,2,0,15,B02
200700026556,0,07,000,00,2,1,15,A01
200700026556,0,07,000,00,2,6,01,B02
200700026557,0,14,000,13,0,9,21,A01
200700026558,0,07,000,00,2,1,17,A01
200700026558,0,07,000,00,2,1,01,B02
200700026559,0,07,000,00,2,7,15,A01
200700026559,0,07,000,00,2,2,01,B02
200700026560,0,15,000,00,0,0,10,A01
200700026560,0,02,000,00,2,9,01,B02
200700026561,0,07,000,00,2,3,01,A01
200700026561,0,07,000,00,2,1,13,B02
200700026562,0,30,000,00,2,1,01,A01
200700026562,0,07,000,00,0,7,16,B02
200700026563,0,07,000,06,0,1,14,A01
200700026564,0,07,000,09,2,3,15,A01
200700026564,0,40,000,00,2,0,00,B02
200700026565,0,10,000,00,2,4,15,A01
200700026565,0,33,000,00,2,1,01,B02
200700026566,0,07,000,00,2,2,01,A01
200700026566,0,10,000,00,2,3,01,B02
200700026567,0,10,000,00,0,8,17,A01
200700026567,0,33,000,00,2,1,02,B02
200700026568,0,07,000,00,0,1,02,A01
200700026569,0,07,000,00,2,3,01,A01
200700026569,0,01,000,00,2,4,15,B02
200700026570,0,07,000,02,0,7,01,A01
200700026571,0,07,000,13,0,9,01,A01
200700026572,0,07,000,13,0,9,13,A01
200700026573,0,07,000,00,2,1,13,A01
200700026573,0,07,000,00,2,1,01,B02
200700026574,0,07,000,00,2,3,19,C03
200700026574,0,07,000,00,2,2,19,A01
200700026574,0,07,000,00,2,3,01,B02
200700026575,0,07,000,00,1,2,01,A01
200700026576,0,30,000,06,0,1,01,A01
200700026577,0,02,000,00,2,7,17,A01
200700026577,0,07,000,00,2,8,15,B02
200700026578,0,32,000,11,0,1,13,A01
200700026579,0,07,000,13,0,0,17,A01
200700026580,0,07,000,08,0,1,01,A01
200700026581,0,02,000,03,0,1,00,A01
200700026582,0,30,000,00,2,1,01,A01
200700026582,0,07,000,00,2,3,01,B02
200700026583,0,33,000,11,2,1,17,A01
200700026583,0,32,000,11,2,8,02,B02
200700026584,0,07,000,02,0,1,00,A01
200700026585,0,07,000,00,2,2,01,A01
200700026585,0,07,000,00,2,2,15,B02
200700026586,0,07,000,00,2,1,01,A01
200700026586,0,31,000,00,2,1,13,B02
200700026587,0,07,000,13,0,1,01,A01
200700026588,0,07,000,00,2,2,15,A01
200700026588,0,33,000,00,2,1,01,B02
200700026589,0,07,000,00,2,3,01,A01
200700026589,0,07,000,03,2,2,01,B02
200700026590,0,07,000,00,0,2,17,A01
200700026590,0,07,000,00,0,4,02,B02
200700026591,0,32,000,00,2,1,13,A01
200700026591,0,10,000,00,2,1,01,B02
200700026592,0,07,000,00,0,5,01,A01
200700026592,0,07,000,00,2,5,21,B02
200700026592,0,07,000,14,2,1,21,C03
200700026593,0,07,000,00,1,2,01,A01
200700026594,0,31,000,00,2,1,13,A01
200700026594,0,07,000,00,2,3,01,B02
200700026595,0,17,000,00,0,1,01,A01
200700026595,0,02,000,00,0,1,01,B02
200700026596,0,07,000,02,0,1,01,A01
200700026597,0,02,000,00,2,1,02,A01
200700026597,0,07,000,00,2,6,01,B02
200700026598,0,03,000,00,2,2,17,A01
200700026598,0,07,000,00,2,6,11,B02
200700026598,0,10,000,00,2,6,01,C03
200700026599,0,10,000,00,1,3,16,A01
200700026600,0,07,000,02,0,1,13,A01
200700026601,0,07,000,00,9,3,15,A01
200700026601,0,33,000,00,2,1,17,B02
200700026602,0,07,000,00,2,2,13,A01
200700026602,0,07,000,00,2,3,01,B02
200700026603,0,07,000,13,0,1,01,A01
200700026604,0,07,000,00,2,2,17,A01
200700026604,0,07,000,00,2,1,01,B02
200700026605,0,07,000,00,1,4,04,A01
200700026606,0,07,000,00,2,2,19,A01
200700026606,0,07,000,00,2,3,01,B02
200700026607,0,07,000,06,0,2,01,A01
200700026608,0,33,000,00,0,0,00,A01
200700026609,0,07,000,00,2,1,13,A01
200700026609,0,07,000,00,2,2,13,B02
200700026609,0,02,000,00,2,1,01,C03
200700026610,0,07,000,02,0,3,13,A01
200700026611,0,07,000,00,2,3,13,A01
200700026611,0,33,000,00,2,7,01,B02
200700026612,0,33,000,00,2,1,13,A01
200700026612,0,07,000,00,2,3,01,B02
200700026613,0,07,000,00,0,2,01,A01
200700026613,0,01,000,00,0,1,19,B02
200700026614,0,10,000,00,2,2,15,A01
200700026614,0,14,000,00,2,3,01,B02
200700026614,0,07,000,00,2,1,23,C03
200700026615,0,07,000,06,0,2,01,A01
200700026616,0,07,000,10,0,1,01,A01
200700026617,0,07,000,00,2,1,18,A01
200700026617,0,07,000,00,2,1,01,B02
200700026617,0,07,000,00,2,6,01,C03
200700026618,0,13,000,00,2,1,02,A01
200700026618,0,07,000,00,0,4,02,B02
200700026619,0,07,000,00,2,2,09,A01
200700026619,0,07,000,00,2,0,21,B02
200700026620,0,07,000,00,2,8,00,A01
200700026620,0,07,000,00,2,1,17,B02
200700026620,0,07,000,00,0,0,17,C03
200700026621,0,07,000,00,2,1,01,A01
200700026621,0,07,000,00,2,1,01,B02
200700026622,0,07,000,00,2,7,15,A01
200700026622,0,33,000,00,2,1,01,B02
200700026623,0,07,000,00,2,1,01,A01
200700026623,0,07,000,00,2,4,02,B02
200700026623,0,07,000,00,2,4,02,C03
200700026623,0,07,000,00,1,4,02,D04
200700026624,0,07,000,00,2,1,13,A01
200700026624,0,07,000,00,2,1,01,B02
200700026625,0,07,000,00,0,1,05,A01
200700026625,0,07,000,00,0,1,00,B02
200700026626,0,30,000,00,2,2,15,A01
200700026626,0,07,000,00,2,1,01,B02
200700026627,0,10,000,00,2,1,15,A01
200700026627,0,07,000,00,2,1,01,B02
200700026628,0,07,000,00,2,3,13,A01
200700026628,0,07,000,00,2,3,01,B02
200700026629,0,07,000,13,0,1,01,A01
200700026630,0,33,000,00,2,6,01,A01
200700026630,0,15,000,00,2,3,01,B02
200700026631,0,02,000,00,2,1,01,A01
200700026631,0,07,000,00,2,3,15,B02
200700026632,0,07,000,00,9,3,01,A01
200700026632,0,01,000,00,2,1,01,B02
200700026633,0,07,000,00,9,2,16,A01
200700026633,0,02,000,00,2,1,18,B02
200700026634,0,07,000,00,0,9,00,A01
200700026635,0,07,000,16,0,9,14,A01
200700026636,0,33,000,00,2,1,13,A01
200700026636,0,07,000,00,2,3,01,B02
200700026636,0,13,000,00,0,6,01,C03
200700026637,0,07,000,00,2,1,13,A01
200700026637,0,07,000,00,2,3,02,B02
200700026637,0,07,000,00,2,6,02,C03
200700026638,0,33,000,00,0,7,01,A01
200700026639,0,33,000,00,2,3,13,A01
200700026639,0,07,000,00,2,8,01,B02
200700026640,0,07,000,00,2,2,01,A01
200700026640,0,15,000,00,2,2,01,B02
200700026641,0,10,000,00,1,3,01,A01
200700026642,0,33,000,13,0,8,01,A01
200700026643,0,07,000,00,2,3,21,A01
200700026643,0,10,000,00,2,3,01,B02
200700026644,0,07,000,00,2,8,01,A01
200700026644,0,31,000,00,2,1,01,B02
200700026645,0,07,000,13,0,3,00,A01
200700026646,0,07,000,13,0,3,13,A01
200700026647,0,07,000,14,0,3,01,A01
200700026648,0,33,000,02,0,1,01,A01
200700026649,0,07,000,02,0,1,00,A01
200700026650,0,07,000,00,2,1,01,A01
200700026650,0,01,000,00,0,1,15,B02
200700026651,0,07,000,00,1,3,01,A01
200700026652,0,32,000,01,2,3,01,A01
200700026653,0,07,000,00,2,3,06,A01
200700026653,0,07,000,00,2,3,01,B02
200700026654,0,07,000,00,2,1,01,A01
200700026654,0,10,000,00,2,1,01,B02
200700026655,0,31,000,03,0,8,13,A01
200700026656,0,01,000,14,0,1,02,A01
200700026657,0,07,000,00,0,7,00,A01
200700026658,0,31,000,10,0,8,13,A01
200700026659,0,07,000,13,0,1,01,A01
200700026660,0,33,000,00,5,1,01,A01
200700026661,0,07,000,02,0,7,01,A01
200700026662,0,02,000,00,2,1,01,A01
200700026662,0,07,000,00,9,3,15,B02
200700026663,0,99,000,00,2,1,13,A01
200700026663,0,07,000,00,2,6,01,B02
200700026664,0,33,000,00,2,1,01,A01
200700026664,0,07,000,00,2,7,15,B02
200700026665,0,07,000,00,2,7,15,A01
200700026665,0,07,000,00,2,1,01,B02
200700026666,0,33,000,00,2,1,01,A01
200700026666,0,10,000,00,2,8,09,B02
200700026667,0,07,000,00,2,2,02,A01
200700026667,0,01,000,00,2,4,01,B02
200700026667,0,01,000,00,0,4,01,C03
200700026668,0,02,000,00,2,8,15,A01
200700026668,0,07,000,00,2,3,01,B02
200700026668,0,07,000,00,2,0,00,C03
200700026669,0,21,000,00,2,7,15,A01
200700026669,0,33,000,00,2,1,01,B02
200700026670,0,07,000,00,2,1,17,A01
200700026670,0,07,000,00,2,6,15,B02
200700026671,0,07,000,00,2,6,19,A01
200700026671,0,33,000,00,2,1,01,B02
200700026672,0,10,000,00,0,3,13,A01
200700026672,0,33,000,00,0,1,00,B02
200700026673,0,33,000,13,0,8,00,A01
200700026674,0,07,000,02,0,7,01,A01
200700026675,0,07,000,00,2,2,17,A01
200700026675,0,01,000,00,0,6,01,B02
200700026676,0,01,000,00,2,4,01,A01
200700026676,0,07,000,00,9,2,01,B02
200700026677,0,33,000,16,0,1,01,A01
200700026678,0,33,000,00,0,7,01,A01
200700026679,0,07,000,00,1,2,00,A01
200700026680,0,10,000,00,2,3,17,A01
200700026680,0,07,000,00,2,6,15,B02
200700026681,0,07,000,00,2,2,13,A01
200700026681,0,07,000,00,2,3,01,B02
200700026682,0,34,000,02,0,1,01,A01
200700026683,0,07,000,06,2,3,01,A01
200700026683,0,10,000,00,2,2,01,B02
200700026684,0,07,000,00,2,1,01,A01
200700026684,0,07,000,00,2,1,01,B02
200700026685,0,07,000,00,2,1,01,A01
200700026685,0,07,000,00,2,1,01,B02
200700026686,0,17,000,02,0,1,01,A01
200700026687,0,31,000,00,0,1,00,A01
200700026687,0,07,000,00,2,7,15,B02
200700026688,0,07,000,00,2,3,13,A01
200700026688,0,07,000,00,2,3,01,B02
200700026689,0,33,000,00,2,1,21,A01
200700026689,0,03,000,00,0,5,19,B02
200700026690,0,07,000,00,0,9,23,A01
200700026690,0,10,000,00,0,1,00,B02
200700026690,0,07,000,00,0,4,23,C03
200700026691,0,07,000,00,2,1,02,A01
200700026691,0,07,000,00,2,4,00,B02
200700026692,0,07,000,00,2,2,15,A01
200700026692,0,07,000,00,2,2,01,B02
200700026693,0,10,000,00,2,2,01,A01
200700026693,0,30,000,00,2,8,15,B02
200700026694,0,07,000,00,0,1,13,A01
200700026694,0,07,000,00,0,1,01,B02
200700026695,0,10,000,00,2,1,01,A01
200700026695,0,07,000,00,2,3,00,B02
200700026696,0,33,000,08,2,6,05,A01
200700026696,0,10,000,00,0,3,19,B02
200700026697,0,07,000,13,0,9,13,A01
200700026698,0,07,000,00,2,3,01,A01
200700026698,0,07,000,00,2,2,01,B02
200700026699,0,07,000,00,2,3,01,A01
200700026699,0,07,000,00,2,3,01,B02
200700026700,0,07,000,00,2,8,13,A01
200700026700,0,17,000,00,2,3,01,B02
200700026701,0,15,000,00,2,1,02,A01
200700026701,0,07,000,00,0,4,02,B02
200700026702,0,07,000,00,2,3,01,A01
200700026702,0,33,000,00,2,2,13,B02
200700026703,0,07,000,00,0,8,09,A01
200700026703,0,33,000,00,2,1,01,B02
200700026704,0,07,000,13,0,4,01,A01
200700026705,0,30,000,00,1,1,00,A01
200700026706,0,30,000,00,0,8,13,A01
200700026707,0,07,000,00,2,3,13,A01
200700026707,0,17,000,00,2,8,01,B02
200700026707,0,07,000,00,2,2,01,C03
200700026708,0,33,000,00,2,1,01,A01
200700026708,0,10,000,00,2,3,19,B02
200700026709,0,07,000,02,0,1,14,A01
200700026709,0,07,000,00,0,0,00,B02
200700026710,0,07,000,00,2,3,01,A01
200700026710,0,07,000,00,2,1,00,B02
200700026711,0,07,000,00,0,1,01,A01
200700026712,0,10,000,00,2,3,01,A01
200700026712,0,33,000,00,2,1,01,B02
200700026713,0,07,000,12,0,9,01,A01
200700026714,0,07,000,13,0,9,01,A01
200700026715,0,33,000,00,0,7,01,A01
200700026716,0,07,000,00,2,5,15,A01
200700026716,0,07,000,00,2,1,00,B02
200700026717,0,30,000,00,0,0,01,A01
200700026718,0,10,000,00,2,1,01,A01
200700026718,0,07,000,00,0,4,23,B02
200700026718,0,07,000,00,0,8,23,C03
200700026719,0,30,000,00,2,1,02,A01
200700026719,0,07,000,00,0,6,02,B02
200700026720,0,07,000,00,0,1,01,A01
200700026720,2,07,000,00,2,2,01,B02
200700026721,0,07,000,00,0,1,15,A01
200700026721,0,07,000,00,0,1,15,B02
200700026722,0,03,000,01,0,1,05,A01
200700026723,0,07,000,00,1,2,01,A01
200700026724,0,99,000,00,2,1,01,A01
200700026724,0,07,000,00,2,1,05,B02
200700026725,0,07,000,00,2,6,02,A01
200700026725,0,07,000,00,2,2,02,B02
200700026726,0,07,000,00,2,1,01,A01
200700026726,0,33,000,00,0,4,01,B02
200700026727,0,07,000,00,2,1,00,A01
200700026727,0,07,000,00,2,8,00,B02
200700026727,0,15,000,00,2,3,00,C03
200700026728,0,33,000,00,0,8,15,A01
200700026729,0,07,000,00,2,2,01,A01
200700026729,0,07,000,00,2,6,01,B02
200700026730,0,07,000,00,0,4,09,A01
200700026730,0,31,000,00,0,1,01,B02
200700026731,0,07,000,00,2,1,00,A01
200700026731,0,07,000,00,2,1,00,B02
200700026731,0,07,000,00,2,1,00,C03
200700026732,0,07,000,00,2,3,13,A01
200700026732,0,07,000,00,2,3,00,B02
200700026733,0,15,000,00,2,8,01,A01
200700026733,0,15,000,00,2,8,01,B02
200700026734,0,07,000,08,2,1,01,A01
200700026734,0,07,000,08,2,8,00,B02
200700026735,0,07,000,00,2,2,01,A01
200700026735,0,07,000,00,2,1,01,B02
200700026736,0,30,000,00,2,8,10,A01
200700026736,0,07,000,00,2,1,17,B02
200700026737,0,33,000,13,0,1,01,A01
200700026738,0,33,000,00,0,1,01,A01
200700026739,0,02,000,00,2,1,13,A01
200700026739,0,21,000,00,2,1,01,B02
200700026740,0,07,000,00,2,3,01,A01
200700026740,0,33,000,00,2,1,13,B02
200700026741,0,07,000,00,2,3,01,A01
200700026741,0,07,000,00,2,3,13,B02
200700026742,0,10,000,00,2,1,02,A01
200700026742,0,07,000,00,2,4,23,B02
200700026743,0,07,000,00,2,3,15,A01
200700026743,0,33,000,00,2,1,01,B02
200700026744,0,10,000,00,2,1,21,A01
200700026744,0,07,000,00,2,8,01,B02
200700026745,0,07,000,00,2,3,13,A01
200700026745,0,07,000,00,2,3,00,B02
200700026746,0,07,000,00,0,4,15,A01
200700026746,0,32,000,00,2,1,17,B02
200700026747,0,07,000,00,9,1,17,A01
200700026747,0,01,000,00,0,8,15,B02
200700026747,0,01,000,00,0,8,17,C03
200700026748,0,10,000,00,0,3,13,A01
200700026748,0,10,000,00,0,3,00,B02
200700026749,0,07,000,00,2,1,13,A01
200700026749,0,21,000,00,2,1,01,B02
200700026750,0,07,000,00,2,2,15,A01
200700026750,0,07,000,00,2,3,01,B02
200700026751,0,07,000,08,0,9,14,A01
200700026752,0,07,000,02,0,1,13,A01
200700026753,0,07,000,00,9,2,01,A01
200700026753,0,33,000,00,2,8,01,B02
200700026754,0,07,000,08,0,1,01,A01
200700026755,0,07,000,02,0,3,01,A01
200700026756,0,07,000,00,9,2,01,A01
200700026756,0,01,000,00,2,1,19,B02
200700026757,0,07,000,02,0,7,01,A01
200700026758,0,07,000,00,0,0,00,A01
200700026758,0,30,000,00,2,1,13,B02
200700026759,0,07,000,13,0,7,01,A01
200700026760,0,07,000,13,0,9,02,A01
200700026761,0,33,000,00,2,7,17,A01
200700026761,0,07,000,00,2,3,15,B02
200700026762,0,07,000,00,2,1,00,A01
200700026762,0,07,000,00,0,1,00,B02
200700026763,0,31,000,00,0,0,16,A01
200700026764,0,07,000,13,0,0,01,A01
200700026765,0,01,000,00,0,7,01,A01
200700026766,0,07,000,00,0,9,01,A01
200700026767,0,07,000,00,0,0,00,A01
200700026768,0,07,000,00,2,2,15,A01
200700026768,0,10,000,00,2,3,01,B02
200700026769,0,33,000,00,2,1,01,A01
200700026769,0,07,000,00,0,8,15,B02
200700026770,0,07,000,00,2,3,13,A01
200700026770,0,07,000,00,2,8,01,B02
200700026771,0,07,000,00,2,1,13,A01
200700026771,0,38,000,00,2,3,21,B02
200700026772,0,07,000,00,2,3,00,A01
200700026772,0,07,000,00,2,1,15,B02
200700026773,0,10,000,00,2,1,01,B02
200700026773,0,10,000,00,2,7,19,A01
200700026774,0,33,000,00,2,1,01,A01
200700026774,0,33,000,00,2,3,01,B02
200700026775,0,07,000,08,0,7,15,A01
200700026776,0,07,000,00,2,3,19,A01
200700026776,0,14,000,00,2,2,01,B02
200700026777,0,07,000,00,2,1,19,A01
200700026777,0,07,000,00,2,8,01,B02
200700026778,0,07,000,00,9,2,13,A01
200700026778,0,01,000,00,2,8,01,B02
200700026778,0,01,000,00,2,8,01,C03
200700026778,0,01,000,00,2,8,01,D04
200700026779,0,07,000,06,0,1,01,A01
200700026780,0,07,000,00,2,1,01,A01
200700026780,0,07,000,00,2,1,01,B02
200700026781,0,07,000,13,0,0,01,A01
200700026782,0,10,000,00,2,3,06,A01
200700026782,0,02,000,00,2,1,13,B02
200700026783,0,33,000,16,0,7,01,A01
200700026784,0,17,000,03,0,8,14,A01
200700026785,0,07,000,00,2,2,01,A01
200700026785,0,02,000,00,2,1,13,B02
200700026786,0,07,000,00,2,3,19,A01
200700026786,0,02,000,00,2,1,01,B02
200700026787,0,07,000,02,0,8,14,A01
200700026788,0,02,000,00,2,1,01,A01
200700026788,0,07,000,00,2,8,01,B02
200700026789,0,07,000,00,0,2,21,A01
200700026789,0,07,000,00,0,2,15,B02
200700026790,0,17,000,00,2,2,01,B02
200700026790,0,07,000,07,2,1,19,A01
200700026791,0,07,000,00,2,8,19,A01
200700026791,0,07,000,00,2,1,01,B02
200700026792,0,32,000,13,0,3,01,A01
200700026793,0,07,000,06,0,1,01,A01
200700026794,0,07,000,00,2,1,15,A01
200700026794,0,07,000,00,2,0,01,B02
200700026795,0,10,000,00,1,2,01,A01
200700026796,0,07,000,00,2,3,19,A01
200700026796,0,31,000,00,2,9,01,B02
200700026796,0,07,000,00,2,8,23,C03
200700026796,0,31,000,00,2,9,01,D04
200700026797,0,07,000,00,9,3,15,A01
200700026797,0,01,000,00,2,6,15,B02
200700026798,0,07,000,00,2,6,15,A01
200700026798,0,31,000,00,2,1,01,B02
200700026799,0,07,000,00,2,7,13,A01
200700026799,0,17,000,00,2,1,01,B02
200700026800,0,02,000,06,0,1,01,A01
200700026801,0,07,000,00,2,7,00,A01
200700026801,0,02,000,00,2,1,01,B02
200700026802,0,07,000,02,2,3,13,A01
200700026802,0,07,000,00,2,8,01,B02
200700026803,0,07,000,00,2,1,01,A01
200700026803,0,07,000,00,2,1,13,B02