Num_Acc,senc,catv,occutc,obs,obsm,choc,manv,num_veh
200700026804,0,07,000,00,0,3,01,A01
200700026804,0,01,000,00,0,6,01,B02
200700026805,0,07,000,00,2,2,15,A01
200700026805,0,33,000,00,2,7,00,B02
200700026806,0,07,000,00,1,2,01,A01
200700026807,0,07,000,00,1,1,01,A01
200700026808,0,07,000,13,0,4,01,A01
200700026809,0,07,000,00,2,1,05,A01
200700026809,0,07,000,00,2,1,01,B02
200700026810,0,07,000,00,2,8,13,A01
200700026810,0,07,000,00,2,1,01,B02
200700026810,0,07,000,01,0,1,01,C03
200700026811,0,07,000,00,2,3,13,A01
200700026811,0,07,000,00,2,3,01,B02
200700026812,0,07,000,00,2,7,00,A01
200700026812,0,07,000,00,2,1,01,B02
200700026813,0,07,000,00,9,2,17,A01
200700026813,0,02,000,00,2,4,15,B02
200700026814,0,07,000,00,6,9,21,A01
200700026815,0,07,000,02,0,1,01,A01
200700026816,0,21,000,00,9,5,17,A01
200700026816,0,01,000,00,0,4,02,B02
200700026817,0,21,000,00,2,6,15,A01
200700026817,0,33,000,00,2,1,17,B02
200700026818,0,02,000,00,2,0,17,A01
200700026818,0,07,000,00,2,3,00,B02
200700026819,0,07,000,00,0,1,01,A01
200700026819,0,10,000,00,0,4,01,B02
200700026820,0,14,000,00,0,7,11,A01
200700026820,0,07,000,00,2,1,01,B02
200700026821,0,07,000,13,0,1,16,A01
200700026822,0,01,000,00,0,8,01,A01
200700026823,0,07,000,06,0,3,17,A01
200700026824,0,33,000,00,2,1,01,A01
200700026824,0,10,000,00,2,4,15,B02
200700026824,0,07,000,00,2,2,23,C03
200700026825,0,07,000,00,0,0,19,A01
200700026825,0,32,000,00,0,0,21,B02
200700026826,0,07,000,00,2,3,01,A01
200700026826,0,31,000,00,2,1,13,B02
200700026827,0,14,000,00,2,6,01,A01
200700026827,0,10,000,00,2,3,01,B02
200700026828,0,07,000,08,0,2,16,A01
200700026829,0,07,000,00,2,1,01,A01
200700026829,0,07,000,00,2,2,01,B02
200700026830,0,07,000,16,0,9,01,A01
200700026831,0,07,000,00,2,8,15,A01
200700026831,0,02,000,00,2,1,01,B02
200700026832,0,07,000,00,2,2,01,A01
200700026832,0,07,000,00,2,3,00,B02
200700026833,0,14,000,00,2,8,10,A01
200700026834,0,33,000,00,2,1,01,A01
200700026834,0,07,000,00,2,1,01,B02
200700026835,0,07,000,00,1,3,20,A01
200700026836,0,07,000,00,0,8,11,A01
200700026836,0,07,000,00,0,2,00,B02
200700026837,0,33,000,00,0,0,15,A01
200700026838,0,33,000,00,2,8,01,A01
200700026839,0,07,000,00,2,3,01,A01
200700026839,0,07,000,00,2,7,01,B02
200700026840,0,07,000,00,2,3,01,A01
200700026840,0,07,000,00,2,2,01,B02
200700026841,0,33,000,00,0,8,18,A01
200700026841,0,07,000,00,0,0,14,B02
200700026842,0,07,000,04,2,3,01,A01
200700026842,0,07,000,04,0,8,01,B02
200700026843,0,15,000,13,0,1,01,A01
200700026844,0,07,000,16,0,9,21,A01
200700026845,0,10,000,00,2,7,15,A01
200700026845,0,10,000,00,2,1,01,B02
200700026846,0,07,000,00,2,1,13,A01
200700026846,0,07,000,00,2,1,05,B02
200700026847,0,38,000,00,2,3,13,A01
200700026847,0,07,000,00,2,3,01,B02
200700026848,0,07,000,00,2,1,02,A01
200700026848,0,07,000,00,2,4,23,B02
200700026848,0,07,000,00,2,4,23,C03
200700026848,0,07,000,00,2,4,02,D04
200700026849,0,07,000,13,0,0,14,A01
200700026850,0,02,000,00,2,0,00,A01
200700026850,0,15,000,00,0,6,01,B02
200700026851,0,17,000,01,0,4,04,A01
200700026851,0,33,000,00,2,1,23,B02
200700026852,0,17,000,04,0,3,19,A01
200700026853,0,07,000,00,0,5,01,A01
200700026853,0,17,000,00,2,3,21,B02
200700026854,0,07,000,06,0,9,11,A01
200700026855,0,17,000,00,2,2,12,A01
200700026855,0,07,000,00,0,6,01,B02
200700026856,0,10,000,03,0,2,01,A01
200700026857,0,15,000,03,0,7,01,A01
200700026858,0,37,000,00,0,6,11,A01
200700026858,0,07,000,00,2,1,17,B02
200700026859,0,07,000,03,0,1,01,A01
200700026860,0,01,000,00,2,1,01,A01
200700026860,0,07,000,00,2,1,15,B02
200700026861,0,07,000,00,2,2,17,A01
200700026861,0,17,000,00,2,8,01,B02
200700026862,0,07,000,03,0,1,00,A01
200700026863,0,10,000,00,2,1,01,A01
200700026863,0,17,000,00,2,4,01,B02
200700026864,0,07,000,00,2,6,01,A01
200700026864,0,07,000,00,2,2,17,B02
200700026865,0,07,000,00,2,6,01,A01
200700026865,0,07,000,00,2,1,19,B02
200700026866,0,07,000,03,2,4,02,A01
200700026866,0,07,000,03,2,1,02,B02
200700026867,0,07,000,00,2,1,17,A01
200700026867,0,17,000,00,2,8,01,B02
200700026868,0,07,000,03,2,2,01,A01
200700026868,0,15,000,00,2,3,01,B02
200700026869,0,33,000,00,0,0,01,A01
200700026870,0,07,000,00,2,4,23,A01
200700026870,0,07,000,00,2,1,02,B02
200700026870,0,07,000,00,0,0,00,D04
200700026871,0,07,000,00,1,7,04,A01
200700026872,0,07,000,00,2,8,01,A01
200700026872,0,15,000,00,2,7,17,B02
200700026873,0,07,000,00,2,6,09,A01
200700026873,0,16,000,00,2,2,01,B02
200700026873,0,07,000,00,0,7,01,C03
200700026873,0,33,000,00,2,1,01,D04
200700026874,0,07,000,04,2,7,01,A01
200700026874,0,07,000,00,2,6,13,B02
200700026874,0,10,000,00,0,0,00,C03
200700026875,0,07,000,00,2,2,01,A01
200700026875,0,17,000,00,0,0,01,B02
200700026876,0,07,000,00,2,8,15,A01
200700026876,0,33,000,00,2,2,01,B02
200700026877,0,07,000,13,0,3,01,A01
200700026878,0,07,000,03,0,1,01,A01
200700026879,0,07,000,00,0,6,01,A01
200700026879,0,07,000,00,2,2,14,B02
200700026880,0,07,000,00,2,1,01,A01
200700026880,0,33,000,00,0,4,01,B02
200700026880,0,33,000,00,0,4,01,C03
200700026880,0,33,000,00,0,4,01,D04
200700026880,0,33,000,00,0,4,01,E05
200700026881,0,07,000,13,0,2,01,A01
200700026882,0,07,000,04,0,1,19,A01
200700026882,0,15,000,00,2,3,21,B02
200700026882,0,38,000,00,2,1,11,C03
200700026883,0,07,000,11,0,7,21,A01
200700026883,0,07,000,00,2,2,19,B02
200700026884,0,01,000,00,2,3,01,A01
200700026884,0,07,000,00,2,3,15,B02
200700026885,0,33,000,00,0,8,01,A01
200700026886,0,07,000,00,2,1,02,A01
200700026886,0,07,000,00,0,4,02,B02
200700026887,0,07,000,00,2,2,02,A01
200700026887,0,07,000,00,2,6,01,B02
200700026888,0,07,000,00,0,6,24,A01
200700026888,0,17,000,01,0,2,01,B02
200700026889,0,31,000,00,2,7,19,A01
200700026889,0,07,000,00,2,1,01,B02
200700026890,0,07,000,00,2,8,15,A01
200700026890,0,31,000,00,2,1,01,B02
200700026891,0,30,000,12,0,1,14,A01
200700026892,0,02,000,00,2,1,01,A01
200700026892,0,07,000,00,2,3,23,B02
200700026893,0,33,000,00,2,3,11,A01
200700026893,0,07,000,00,2,3,01,B02
200700026894,0,33,000,00,2,3,01,A01
200700026894,0,07,000,00,2,8,19,B02
200700026895,0,10,000,16,2,1,01,A01
200700026895,0,07,000,16,2,2,19,B02
200700026896,0,07,000,13,0,1,00,A01
200700026897,0,07,000,06,0,2,02,A01
200700026898,0,10,000,00,0,5,23,A01
200700026898,0,07,000,01,0,3,21,B02
200700026899,0,15,000,00,2,1,02,A01
200700026899,0,07,000,00,2,4,02,B02
200700026900,0,33,000,03,0,1,01,A01
200700026901,0,07,000,04,0,2,14,A01
200700026902,0,17,000,04,0,3,13,A01
200700026902,0,10,000,03,0,7,02,B02
200700026902,0,07,000,00,9,1,00,C03
200700026903,0,10,000,13,0,2,00,A01
200700026904,0,17,000,00,0,7,01,A01
200700026905,0,10,000,03,0,7,11,A01
200700026906,0,07,000,00,0,1,01,A01
200700026906,0,07,000,00,0,4,00,B02
200700026907,0,31,000,00,2,1,02,A01
200700026907,0,07,000,00,0,4,02,B02
200700026908,0,10,000,00,2,1,02,A01
200700026908,0,10,000,00,2,4,00,B02
200700026909,0,14,000,08,0,2,01,A01
200700026910,1,07,000,00,1,2,01,A01
200700026911,0,14,000,00,0,0,00,A01
200700026912,0,07,000,03,0,4,02,A01
200700026912,0,10,000,00,2,1,02,B02
200700026913,0,17,000,07,0,8,16,A01
200700026914,0,30,000,00,0,1,13,A01
200700026914,0,07,000,00,0,1,00,B02
200700026915,0,07,000,00,2,3,01,A01
200700026915,0,07,000,00,2,3,15,B02
200700026916,0,07,000,00,1,2,01,A01
200700026917,0,17,000,03,0,2,01,A01
200700026918,0,07,000,03,0,1,01,A01
200700026919,0,17,000,00,0,0,00,A01
200700026919,0,17,000,01,1,2,02,C03
200700026920,0,07,000,04,2,7,14,A01
200700026920,0,07,000,00,0,8,01,B02
200700026921,0,07,000,00,2,2,14,A01
200700026921,0,07,000,00,2,6,01,B02
200700026922,0,07,000,00,2,1,05,A01
200700026922,0,07,000,00,2,1,02,B02
200700026922,0,15,000,14,0,3,01,C03
200700026922,0,10,000,00,2,5,01,E05
200700026922,0,07,000,00,2,3,13,F06
200700026923,0,07,000,00,0,9,17,A01
200700026924,0,07,000,00,2,2,17,A01
200700026924,0,07,000,03,0,6,00,B02
200700026925,0,07,000,00,0,9,17,A01
200700026926,0,07,000,00,2,2,01,A01
200700026926,0,07,000,00,2,6,01,B02
200700026927,0,33,000,01,0,9,15,A01
200700026928,0,07,000,00,2,1,02,A01
200700026928,0,07,000,00,2,6,02,B02
200700026928,0,07,000,00,2,4,02,C03
200700026928,0,17,000,00,2,3,01,D04
200700026928,0,07,000,00,2,5,02,E05
200700026929,0,31,000,00,2,1,02,A01
200700026929,0,07,000,00,2,8,05,B02
200700026929,0,07,000,00,0,4,02,C03
200700026930,0,33,000,00,2,1,01,A01
200700026930,0,01,000,00,2,3,19,B02
200700026931,0,07,000,03,0,3,14,A01
200700026932,0,10,000,00,0,0,04,A01
200700026932,0,07,000,00,0,4,01,B02
200700026932,0,07,000,00,0,1,00,C03
200700026932,0,07,000,00,0,7,01,D04
200700026932,0,07,000,00,0,3,01,E05
200700026932,0,07,000,00,0,3,01,F06
200700026933,0,33,000,03,0,7,01,A01
200700026934,0,07,000,13,0,1,01,A01
200700026935,0,07,000,03,0,3,00,A01
200700026936,0,07,000,00,0,3,12,A01
200700026936,0,17,000,00,0,5,02,B02
200700026937,0,33,000,00,2,1,13,A01
200700026937,0,07,000,00,9,8,01,B02
200700026938,0,33,000,00,1,1,01,A01
200700026939,0,10,000,00,2,3,17,A01
200700026939,0,07,000,00,2,1,01,B02
200700026940,0,07,000,13,0,6,17,A01
200700026941,0,07,000,03,0,3,01,A01
200700026942,0,07,000,00,2,1,01,A01
200700026942,0,02,000,00,2,1,13,B02
200700026943,0,07,000,06,0,7,01,A01
200700026944,0,07,000,00,2,3,01,A01
200700026944,0,07,000,00,2,3,01,B02
200700026945,0,30,000,06,0,1,01,A01
200700026946,0,33,000,00,2,0,00,A01
200700026946,0,33,000,00,2,4,23,B02
200700026947,0,38,000,13,0,7,01,A01
200700026948,0,07,000,07,0,8,00,A01
200700026949,0,07,000,00,2,1,01,A01
200700026949,0,07,000,00,2,6,01,B02
200700026949,0,07,000,00,2,3,01,C03
200700026949,0,07,000,00,2,7,10,D04
200700026950,0,07,000,00,0,0,01,A01
200700026951,0,07,000,03,0,3,01,A01
200700026952,0,07,000,00,2,3,11,A01
200700026952,0,31,000,00,2,2,17,B02
200700026953,0,07,000,00,2,3,01,A01
200700026953,0,07,000,00,2,3,01,B02
200700026954,0,07,000,00,1,2,16,A01
200700026955,0,07,000,06,0,2,01,A01
200700026956,0,07,000,00,2,2,02,A01
200700026956,0,02,000,00,2,8,11,B02
200700026957,0,07,000,00,2,3,01,A01
200700026957,0,30,000,00,2,1,01,B02
200700026958,0,07,000,00,0,3,00,A01
200700026958,0,31,000,00,0,1,00,B02
200700026959,0,07,000,00,2,3,15,A01
200700026959,0,33,000,00,0,1,17,B02
200700026960,0,07,000,00,1,2,00,A01
200700026961,0,07,000,00,2,2,15,A01
200700026961,0,07,000,00,2,1,01,B02
200700026962,0,07,000,00,2,1,01,A01
200700026962,0,07,000,00,2,1,13,B02
200700026963,0,33,000,00,0,8,15,A01
200700026964,0,07,000,13,0,1,17,A01
200700026965,0,07,000,03,2,2,01,A01
200700026965,0,07,000,00,0,6,01,B02
200700026966,0,07,000,13,0,1,01,A01
200700026967,0,07,000,14,0,1,21,A01
200700026968,0,07,000,03,2,1,01,A01
200700026968,0,07,000,00,2,2,01,B02
200700026969,0,07,000,00,2,1,01,A01
200700026969,0,36,000,00,2,4,01,B02
200700026970,0,33,000,00,2,1,01,A01
200700026970,0,10,000,00,0,4,15,B02
200700026971,0,07,000,00,2,1,01,A01
200700026971,0,07,000,00,2,4,01,B02
200700026972,0,07,000,03,2,9,02,A01
200700026972,0,07,000,00,2,3,02,B02
200700026973,0,17,000,00,0,0,14,A01
200700026973,0,07,000,00,0,6,23,B02
200700026974,0,10,000,03,0,9,13,A01
200700026975,0,07,000,00,2,2,00,A01
200700026975,0,02,000,00,2,1,00,B02
200700026976,0,07,000,00,2,8,01,A01
200700026976,0,07,000,00,2,1,13,B02
200700026977,0,07,000,16,0,0,02,A01
200700026978,0,07,000,00,2,3,00,A01
200700026978,0,10,000,00,0,0,00,C03
200700026979,0,07,000,03,0,1,14,A01
200700026980,0,17,000,03,0,3,01,A01
200700026980,0,07,000,00,9,1,01,B02
200700026981,0,07,000,04,0,3,01,A01
200700026982,0,33,000,00,0,6,23,A01
200700026982,0,07,000,01,0,2,02,B02
200700026983,0,33,000,00,0,0,00,A01
200700026984,0,07,000,09,0,1,17,A01
200700026985,0,07,000,07,0,9,00,A01
200700026986,0,17,000,00,0,6,09,A01
200700026986,0,10,000,00,2,2,14,B02
200700026987,0,07,000,04,0,4,01,A01
200700026987,0,10,000,04,0,2,12,B02
200700026988,0,07,000,04,0,3,01,A01
200700026989,0,07,000,03,0,5,01,A01
200700026990,0,07,000,13,0,1,01,A01
200700026991,0,33,000,13,0,1,14,A01
200700026992,0,07,000,00,2,2,17,A01
200700026992,0,17,000,00,2,6,01,B02
200700026993,0,10,000,00,0,2,00,A01
200700026994,0,07,000,13,0,9,14,A01
200700026995,0,33,000,02,0,1,01,A01
200700026996,0,15,000,04,0,1,13,A01
200700026997,0,14,000,00,2,1,01,A01
200700026997,0,07,000,00,0,4,01,B02
200700026998,0,10,000,13,0,1,00,A01
200700026999,0,10,000,00,2,1,17,A01
200700026999,0,07,000,00,0,4,00,B02
200700027000,0,07,000,13,0,2,01,A01
200700027001,0,07,000,04,0,2,14,A01
200700027002,0,07,000,04,0,1,14,A01
200700027003,0,07,000,00,1,1,01,A01
200700027004,0,07,000,00,2,7,15,A01
200700027004,0,33,000,00,2,1,01,B02
200700027005,0,07,000,00,2,3,01,B02
200700027005,0,07,000,00,2,2,01,A01
200700027006,0,07,000,03,0,1,01,A01
200700027007,0,07,000,03,0,1,00,A01
200700027008,0,21,000,00,2,1,15,A01
200700027008,0,30,000,00,2,6,01,B02
200700027009,0,30,000,06,2,8,01,A01
200700027009,0,07,000,00,2,1,19,B02
200700027010,0,03,000,00,2,1,12,A01
200700027010,0,10,000,00,2,1,01,B02
200700027011,0,07,000,00,0,2,15,A01
200700027011,0,01,000,00,0,1,15,B02
200700027012,0,07,000,03,0,7,00,A01
200700027013,0,07,000,03,0,1,01,A01
200700027014,0,07,000,00,2,7,01,A01
200700027014,0,07,000,00,2,1,01,B02
200700027015,0,37,000,00,1,1,01,A01
200700027016,0,33,000,13,0,1,01,A01
200700027017,0,07,000,00,2,2,01,A01
200700027017,0,01,000,00,0,4,01,C03
200700027018,0,07,000,00,1,3,01,A01
200700027019,0,07,000,00,2,3,02,A01
200700027019,0,07,000,00,2,3,13,B02
200700027020,0,15,000,04,0,3,01,A01
200700027021,0,07,000,02,0,8,15,A01
200700027022,0,07,000,00,2,1,01,A01
200700027022,0,07,000,00,0,4,23,B02
200700027023,0,07,000,08,0,1,13,A01
200700027024,0,07,000,00,1,3,01,A01
200700027025,0,07,000,09,0,3,01,A01
200700027026,0,33,000,00,2,3,13,A01
200700027026,0,07,000,00,0,3,01,B02
200700027027,0,07,000,00,1,0,01,A01
200700027028,0,07,000,00,2,3,13,A01
200700027028,1,10,000,00,2,3,01,B02
200700027029,0,10,000,00,2,7,19,B02
200700027029,0,33,000,00,2,1,01,A01
200700027030,0,07,000,00,2,3,13,A01
200700027030,0,10,000,00,2,3,01,B02
200700027031,0,10,000,03,0,1,01,A01
200700027032,0,07,000,00,0,6,23,A01
200700027032,0,07,000,01,0,2,21,B02
200700027033,0,33,000,00,0,8,01,A01
200700027034,0,17,000,00,2,2,12,A01
200700027034,0,07,000,00,2,8,01,B02
200700027034,0,17,000,14,0,2,21,C03
200700027035,0,10,000,00,2,2,02,A01
200700027035,0,14,000,00,0,6,12,B02
200700027036,0,07,000,00,2,1,19,A01
200700027036,0,07,000,00,2,8,01,B02
200700027037,0,33,000,04,0,1,01,A01
200700027038,0,07,000,00,1,3,15,A01
200700027039,0,07,000,06,0,5,14,A01
200700027040,0,15,000,00,2,5,20,A01
200700027040,0,02,000,00,2,1,01,B01
200700027041,0,07,000,00,2,3,09,A01
200700027041,0,07,000,00,2,7,01,B01
200700027042,0,07,000,13,0,9,13,A01
200700027042,0,07,000,00,9,1,01,B01
200700027043,0,99,000,00,9,5,16,A01
200700027043,0,30,000,00,9,1,01,B01
200700027044,0,33,000,00,1,1,13,A01
200700027045,0,07,000,00,1,1,01,A01
200700027046,0,07,000,00,1,1,01,A01
200700027047,0,07,000,00,2,1,01,A01
200700027047,0,07,000,00,2,6,01,B01
200700027047,0,07,000,00,2,4,01,C01
200700027048,0,07,000,00,2,3,15,A01
200700027048,0,07,000,00,2,1,23,B01
200700027049,0,07,000,00,2,1,01,A01
200700027049,0,07,000,00,2,1,01,B01
200700027050,0,07,000,00,1,3,01,A01
200700027051,0,07,000,00,1,3,01,A01
200700027052,0,07,000,01,1,2,01,A01
200700027052,0,07,000,00,2,3,22,B01
200700027053,0,07,000,00,2,1,00,A01
200700027053,0,07,000,00,2,8,00,B01
200700027054,0,07,000,00,2,3,16,B01
200700027054,0,07,000,00,2,1,01,A01
200700027054,0,07,000,00,0,8,01,C01
200700027055,0,02,000,00,0,0,01,A01
200700027056,0,31,000,00,9,0,09,B01
200700027056,0,07,000,00,9,3,09,A01
200700027057,0,07,000,00,1,2,16,A01
200700027058,0,07,000,00,1,1,01,A01
200700027059,0,07,000,00,2,1,01,B01
200700027059,0,07,000,02,2,1,01,A01
200700027060,0,33,000,12,0,8,00,A01
200700027061,0,02,000,00,2,1,01,B01
200700027061,0,07,000,00,9,3,19,A01
200700027062,0,07,000,00,2,2,13,A01
200700027062,0,07,000,00,2,1,01,B01
200700027063,0,07,000,00,2,1,01,B01
200700027063,0,07,000,00,2,1,15,A01
200700027064,0,07,000,00,2,1,02,A01
200700027064,0,07,000,06,2,4,02,B01
200700027065,0,07,000,00,9,6,19,A01
200700027065,0,33,000,00,2,8,21,B01
200700027066,0,02,000,00,2,3,21,B01
200700027066,0,07,000,00,2,3,15,A01
200700027067,0,07,000,00,2,1,02,A01
200700027067,0,01,000,00,0,4,01,B01
200700027068,0,07,000,00,2,2,19,A01
200700027068,0,07,000,00,2,8,01,B01
200700027068,0,07,000,00,2,3,01,C01
200700027069,0,30,000,00,2,1,01,B01
200700027069,0,07,000,00,0,3,19,A01
200700027070,0,02,000,01,0,7,14,A01
200700027070,0,07,000,00,2,8,24,B01
200700027071,1,07,000,00,2,1,01,A01
200700027071,0,01,000,00,2,8,19,B01
200700027072,0,07,000,01,0,1,14,A01
200700027073,0,07,000,00,2,7,01,A01
200700027073,0,07,000,00,2,1,01,B01
200700027074,0,07,000,00,2,3,13,A01
200700027074,0,10,000,00,2,8,01,B01
200700027074,0,07,000,00,2,1,01,C01
200700027075,0,07,000,00,1,1,01,A01
200700027076,0,33,000,03,0,1,13,A01
200700027077,0,07,000,00,1,3,01,A01
200700027078,0,07,000,00,1,3,01,A01
200700027079,0,07,000,00,2,1,01,A01
200700027079,0,07,000,00,2,1,01,C01
200700027079,0,07,000,00,0,4,15,B01
200700027080,0,31,000,00,1,1,17,A01
200700027080,0,07,000,00,1,3,01,B01
200700027081,0,07,000,00,1,5,04,A01
200700027082,1,30,000,00,1,1,17,A01
200700027083,0,10,000,00,1,4,04,A01
200700027084,0,02,000,00,2,1,00,A01
200700027084,0,33,000,00,2,8,01,B01
200700027085,0,07,000,00,2,3,10,A01
200700027085,0,32,000,00,2,1,01,B01
200700027086,0,33,000,00,2,1,17,A01
200700027086,0,07,000,00,0,8,15,B01
200700027087,0,30,000,00,1,1,01,A01
200700027088,0,07,000,01,0,3,13,A01
200700027088,0,30,000,00,2,1,17,B01
200700027089,0,30,000,00,2,1,01,A01
200700027089,0,07,000,00,2,3,01,B01
200700027090,0,30,000,00,1,1,00,A01
200700027091,0,30,000,00,2,1,01,A01
200700027091,0,07,000,00,2,1,21,B01
200700027092,0,30,000,00,2,5,02,A01
200700027092,0,07,000,00,2,5,03,B01
200700027093,0,07,000,06,2,7,01,A01
200700027093,0,07,000,00,2,1,01,B01
200700027094,0,30,000,00,2,0,01,A01
200700027094,0,07,000,00,2,0,00,B01
200700027094,0,07,000,00,9,0,00,C01
200700027095,0,07,000,00,2,1,02,B01
200700027095,0,07,000,00,0,4,02,A01
200700027096,0,32,000,14,0,0,00,A01
200700027096,0,07,000,00,0,0,00,B01
200700027097,0,07,000,06,0,1,00,A01
200700027098,0,07,000,00,1,1,00,A01
200700027099,0,07,000,00,2,1,16,A01
200700027099,0,07,000,00,2,3,15,B01
200700027100,0,07,000,00,2,1,02,A01
200700027100,0,07,000,00,2,4,02,B01
200700027101,0,07,000,00,2,1,09,A01
200700027101,0,33,000,00,2,1,01,B01
200700027102,0,30,000,00,2,0,11,A01
200700027102,0,33,000,00,2,1,12,B01
200700027103,0,07,000,00,1,1,01,A01
200700027104,0,33,000,00,2,1,01,A01
200700027104,0,07,000,00,2,3,15,B01
200700027105,0,07,000,00,2,3,10,A01
200700027105,0,31,000,00,2,1,01,B01
200700027106,0,07,000,00,2,8,10,A01
200700027106,0,33,000,00,2,1,01,B01
200700027107,0,07,000,00,2,5,09,A01
200700027107,0,30,000,00,2,1,01,B01
200700027108,0,01,000,00,2,0,00,A01
200700027108,0,33,000,00,2,1,01,B01
200700027109,0,07,000,00,2,3,15,A01
200700027109,0,02,000,00,2,1,01,B01
200700027109,0,07,000,00,2,3,23,C01
200700027110,0,07,000,00,2,0,09,A01
200700027110,0,31,000,00,2,0,01,B01
200700027111,0,10,000,00,2,6,11,A01
200700027111,0,07,000,00,2,1,01,B01
200700027112,0,07,000,00,2,8,10,A01
200700027112,0,32,000,00,2,1,01,B01
200700027113,0,07,000,00,1,2,01,A01
200700027114,0,07,000,00,2,7,15,A01
200700027114,0,30,000,00,2,1,01,B01
200700027115,0,07,000,00,2,2,15,A01
200700027115,0,02,000,01,2,1,01,B01
200700027116,0,07,000,00,1,3,01,A01
200700027117,0,10,000,00,2,1,01,A01
200700027117,0,07,000,00,2,1,01,B01
200700027118,0,07,000,00,2,1,01,A01
200700027118,0,07,000,00,2,4,01,B01
200700027119,0,07,000,00,2,1,09,A01
200700027119,0,02,000,00,2,7,01,B01
200700027120,0,30,000,00,2,1,01,A01
200700027120,0,07,000,00,2,1,09,B01
200700027121,0,07,000,00,2,1,13,A01
200700027121,0,07,000,00,2,1,01,B01
200700027122,0,07,000,02,2,4,00,A01
200700027123,0,07,000,00,2,2,01,A01
200700027123,0,07,000,00,2,1,09,B01
200700027124,0,30,000,00,2,1,10,A01
200700027124,0,33,000,00,2,1,01,B01
200700027125,0,33,000,00,2,1,17,B01
200700027125,0,07,000,00,2,3,15,A01
200700027126,0,07,000,00,2,2,00,A01
200700027126,0,07,000,00,9,1,01,B01
200700027127,0,07,000,00,2,5,16,A01
200700027127,0,33,000,00,2,1,01,B01
200700027128,0,30,000,00,2,1,01,A01
200700027128,0,07,000,00,2,1,01,C01
200700027128,0,07,000,00,2,3,00,B01
200700027129,0,07,000,00,2,3,02,A01
200700027129,0,32,000,00,2,4,15,B01
200700027130,0,07,000,00,2,8,11,A01
200700027130,0,30,000,00,2,7,01,B01
200700027131,0,07,000,00,2,1,00,A01
200700027132,0,07,000,00,2,2,09,A01
200700027132,0,30,000,00,2,2,17,B01
200700027133,0,07,000,00,1,1,01,A01
200700027134,0,07,000,00,2,1,02,A01
200700027134,0,30,000,00,2,4,16,B01
200700027135,0,30,000,00,2,5,15,A01
200700027135,0,32,000,00,2,3,01,B01
200700027136,0,07,000,00,2,1,15,A01
200700027136,0,02,000,00,2,1,17,B01
200700027137,0,07,000,00,2,2,15,A01
200700027137,0,32,000,00,2,2,01,B01
200700027138,0,07,000,00,2,7,15,A01
200700027138,0,34,000,00,2,1,01,B01
200700027139,0,07,000,00,2,6,15,A01
200700027139,0,32,000,00,2,1,01,B01
200700027140,0,07,000,00,2,1,01,A01
200700027140,0,07,000,00,2,4,02,B01
200700027141,0,07,000,00,2,3,15,A01
200700027141,0,30,000,00,2,1,17,B01
200700027142,0,07,000,00,1,7,00,A01
200700027143,0,30,000,00,1,1,00,A01
200700027144,0,07,000,00,1,3,15,A01
200700027145,0,07,000,00,1,3,01,A01
200700027146,0,37,001,00,2,8,01,A01
200700027146,0,30,000,00,2,7,01,B01
200700027147,0,07,000,00,2,3,09,A01
200700027147,0,07,000,00,2,1,01,B01
200700027148,0,07,000,00,2,2,15,A01
200700027148,0,32,000,00,2,1,01,B01
200700027149,0,34,000,00,2,1,02,A01
200700027149,0,07,000,00,2,4,01,B01
200700027150,0,07,000,00,1,6,00,B01
200700027150,0,07,000,00,2,1,00,A01
200700027151,0,30,000,00,2,2,17,B01
200700027151,0,07,000,00,2,3,15,A01
200700027152,0,07,000,00,1,1,01,A01
200700027153,0,07,000,01,2,2,14,A01
200700027154,0,07,000,00,2,1,01,A01
200700027154,0,07,000,00,2,5,00,B01
200700027155,0,07,000,00,1,1,01,A01
200700027156,0,33,000,00,2,1,00,A01
200700027156,0,01,000,00,2,8,00,B01
200700027157,0,33,000,00,1,1,01,A01
200700027158,0,07,000,00,2,1,00,A01
200700027158,0,30,000,01,2,1,00,B01
200700027158,0,07,000,00,2,6,00,C01
200700027159,0,33,000,00,2,7,01,B01
200700027159,0,07,000,00,2,1,15,A01
200700027160,0,30,000,00,1,1,00,A01
200700027161,0,37,001,00,1,1,00,A01
200700027162,0,07,000,00,1,3,01,A01
200700027163,0,07,000,00,2,1,13,A01
200700027163,0,07,000,00,2,1,01,B01
200700027164,0,07,000,00,2,2,13,A01
200700027164,0,07,000,00,2,3,01,B01
200700027165,0,30,000,13,0,0,00,A01
200700027166,0,07,000,00,0,8,15,A01
200700027166,0,33,000,00,2,1,01,B01
200700027167,0,33,000,00,2,1,13,A01
200700027167,0,07,000,00,2,1,01,B01
200700027168,0,07,000,00,2,1,01,A01
200700027168,0,07,000,00,0,4,01,B01
200700027169,0,01,000,00,0,0,00,A01
200700027170,0,07,000,00,2,5,04,A01
200700027170,0,02,000,00,2,4,23,B01
200700027171,0,02,000,00,2,1,02,A01
200700027171,0,07,000,00,2,4,02,B01
200700027172,0,30,000,00,2,1,17,A01
200700027172,0,10,000,00,0,8,15,B01
200700027173,0,02,000,00,2,1,00,A01
200700027173,0,07,000,00,2,2,01,B01
200700027174,0,07,000,00,2,2,01,B01