Num_Acc,senc,catv,occutc,obs,obsm,choc,manv,num_veh
200700027174,0,07,000,00,0,8,15,A01
200700027175,0,01,000,00,0,0,00,A01
200700027176,0,33,000,00,2,3,05,A01
200700027176,0,07,000,00,2,2,01,B01
200700027177,0,07,000,00,2,5,00,A01
200700027177,0,02,000,00,2,1,01,B01
200700027178,0,07,000,00,0,0,01,A01
200700027179,0,07,000,08,0,2,14,A01
200700027180,0,07,000,00,2,8,10,A01
200700027180,0,34,000,00,2,2,17,B01
200700027181,0,07,000,07,2,2,01,A01
200700027181,0,07,000,00,2,3,15,B01
200700027182,0,30,000,00,2,0,17,A01
200700027182,0,07,000,00,2,8,15,B01
200700027183,0,07,000,15,2,1,01,A01
200700027184,0,02,000,00,0,0,00,A01
200700027185,0,07,000,00,2,1,01,A01
200700027185,0,07,000,00,2,4,01,B01
200700027185,0,07,000,00,0,4,23,C01
200700027186,0,07,000,00,2,8,15,B01
200700027186,0,33,000,00,2,2,17,A01
200700027187,0,14,000,00,0,0,00,A01
200700027187,0,10,000,00,2,1,17,B01
200700027187,0,02,000,00,2,1,01,C01
200700027188,0,14,000,00,2,2,02,A01
200700027188,0,37,023,00,0,4,02,B01
200700027189,0,07,000,00,1,2,15,A01
200700027190,0,33,000,00,2,1,17,A01
200700027190,0,07,000,00,2,8,15,B01
200700027191,0,07,000,00,2,1,09,A01
200700027191,0,07,000,00,0,4,01,B01
200700027192,0,07,000,00,2,3,01,A01
200700027192,0,02,000,00,0,1,01,B01
200700027193,0,30,000,00,2,1,17,A01
200700027193,0,32,000,00,0,1,01,B01
200700027194,0,02,000,00,0,0,01,A01
200700027195,0,02,000,07,0,1,01,A01
200700027196,0,07,000,00,2,3,15,A01
200700027196,0,32,000,00,2,1,01,B01
200700027197,0,32,000,01,0,1,14,A01
200700027198,0,07,000,00,0,7,15,B01
200700027198,0,02,000,00,2,1,01,A01
200700027199,0,07,000,00,2,2,10,A01
200700027199,0,32,000,00,2,1,01,B01
200700027200,0,07,000,00,2,7,15,A01
200700027200,0,32,000,00,2,1,01,B01
200700027201,0,32,000,00,2,1,01,A01
200700027201,0,07,000,00,0,8,10,B01
200700027202,0,31,000,00,2,1,01,A01
200700027202,0,07,000,00,0,5,15,B01
200700027203,0,07,000,00,2,1,15,B01
200700027203,0,07,000,00,2,1,01,A01
200700027204,0,07,000,14,0,1,01,A01
200700027204,0,07,000,14,2,4,02,B01
200700027204,0,07,000,00,2,4,02,C01
200700027205,0,07,000,00,2,7,16,A01
200700027205,0,02,000,00,2,1,01,B01
200700027206,0,02,000,00,2,1,01,A01
200700027206,0,07,000,00,2,4,01,B01
200700027207,0,30,000,00,2,1,01,A01
200700027207,0,30,000,00,2,3,01,B01
200700027208,0,02,000,00,1,1,17,A01
200700027209,0,02,000,00,0,0,00,A01
200700027210,0,07,000,00,2,2,15,A01
200700027210,0,31,000,00,2,1,08,B01
200700027211,0,02,000,00,1,1,01,A01
200700027212,0,07,000,00,2,7,16,A01
200700027212,0,33,000,00,2,1,21,B01
200700027213,0,07,000,00,1,1,01,A01
200700027214,0,02,000,00,2,4,01,A01
200700027215,0,07,000,00,2,1,15,A01
200700027215,0,02,000,00,2,1,01,B01
200700027216,0,07,000,00,2,1,01,A01
200700027216,0,10,000,00,2,4,01,B01
200700027217,0,32,000,00,0,8,00,A01
200700027217,0,07,000,00,0,0,01,B01
200700027217,0,07,000,00,0,0,01,C01
200700027218,0,30,000,00,2,1,01,A01
200700027218,0,07,000,00,9,4,15,B01
200700027219,1,07,000,00,2,0,15,A01
200700027219,0,34,000,00,2,1,01,B01
200700027220,0,02,000,00,2,7,01,A01
200700027220,0,31,000,00,2,4,16,B01
200700027221,0,07,000,00,2,7,15,A01
200700027221,0,07,000,00,2,1,01,B01
200700027222,0,07,000,00,2,1,02,A01
200700027222,0,07,000,00,0,4,02,B01
200700027223,0,07,000,12,2,1,09,A01
200700027223,0,07,000,00,2,2,09,B01
200700027224,0,07,000,00,2,1,01,A01
200700027224,0,07,000,00,2,4,01,B01
200700027225,0,02,000,00,1,1,01,A01
200700027225,0,01,000,00,0,4,19,B01
200700027226,0,07,000,02,0,1,13,A01
200700027227,0,31,000,00,1,1,01,A01
200700027228,0,10,000,00,2,8,15,A01
200700027228,0,33,000,00,2,1,12,B01
200700027229,0,30,000,00,1,2,01,A01
200700027230,0,30,000,00,2,1,02,A01
200700027230,0,07,000,00,2,6,23,B01
200700027231,0,07,000,00,2,2,02,A01
200700027231,0,30,000,00,2,1,02,B01
200700027232,0,02,000,00,0,0,00,A01
200700027233,0,07,000,00,1,1,01,A01
200700027234,0,07,000,14,0,1,02,A01
200700027234,0,32,000,00,0,4,02,B01
200700027235,0,07,000,00,2,1,09,A01
200700027235,0,07,000,00,2,5,01,B01
200700027236,0,07,000,00,2,7,01,A01
200700027236,0,02,000,00,2,0,23,B01
200700027237,0,07,000,00,2,1,01,A01
200700027237,0,32,000,00,2,1,00,B01
200700027238,0,07,000,00,2,1,02,A01
200700027238,0,37,001,00,2,6,24,B01
200700027239,0,07,000,00,2,3,15,B01
200700027239,0,07,000,00,2,1,01,A01
200700027240,0,07,000,00,2,0,06,A01
200700027240,0,31,000,00,2,2,01,B01
200700027241,0,07,000,14,0,1,02,A01
200700027241,0,07,000,00,2,4,02,B01
200700027242,0,07,000,00,2,2,15,A01
200700027242,0,02,000,00,2,2,04,B01
200700027243,0,32,000,00,2,8,09,A01
200700027243,0,07,000,00,2,7,01,B01
200700027244,0,07,000,00,1,6,04,A01
200700027245,0,02,000,00,2,1,07,A01
200700027245,0,34,000,00,2,1,14,B01
200700027246,0,07,000,00,2,1,10,A01
200700027246,0,33,000,00,2,8,01,B01
200700027247,0,07,000,00,2,3,17,A01
200700027247,0,32,000,00,2,8,01,B01
200700027248,0,07,000,15,0,0,00,A01
200700027249,0,32,000,00,2,1,01,A01
200700027249,0,07,000,00,2,3,01,B01
200700027250,0,07,000,00,2,1,15,A01
200700027250,0,30,000,00,2,1,01,B01
200700027251,0,02,000,00,2,1,10,A01
200700027251,0,33,000,00,2,1,01,B01
200700027252,0,32,000,00,0,8,01,A01
200700027253,0,10,000,00,2,2,15,A01
200700027253,0,32,000,00,2,3,01,B01
200700027254,0,07,000,00,2,1,15,A01
200700027254,0,32,000,00,2,8,02,B01
200700027255,0,07,000,00,2,7,10,A01
200700027255,0,33,000,00,2,1,01,B01
200700027256,0,07,000,00,2,1,05,A01
200700027256,0,07,000,00,2,1,01,B01
200700027257,0,07,000,00,2,1,15,A01
200700027257,0,32,000,00,2,1,01,B01
200700027258,0,32,000,00,0,8,00,A01
200700027259,0,07,000,00,2,3,15,A01
200700027259,0,30,000,00,2,7,01,B01
200700027260,0,07,000,00,2,1,09,A01
200700027260,0,31,000,00,2,7,17,B01
200700027261,0,30,000,00,2,1,02,A01
200700027261,0,07,000,00,2,0,09,B01
200700027262,0,02,000,00,2,7,00,A01
200700027262,0,02,000,00,2,6,00,B01
200700027263,0,07,000,00,2,3,01,A01
200700027264,0,02,000,00,2,1,01,A01
200700027264,0,07,000,00,2,1,01,B01
200700027265,0,07,000,10,0,0,14,A01
200700027266,0,33,000,00,2,1,00,B01
200700027266,0,07,000,00,2,6,09,A01
200700027267,0,02,000,00,2,1,02,A01
200700027267,0,07,000,00,2,4,02,B01
200700027268,0,07,000,00,2,2,01,A01
200700027268,0,02,000,00,2,1,01,B01
200700027269,0,07,000,00,2,3,00,A01
200700027269,0,02,000,00,2,1,00,B01
200700027270,0,34,000,00,2,1,00,A01
200700027270,0,02,000,00,2,7,21,B01
200700027271,0,02,000,00,2,7,09,A01
200700027271,0,07,000,00,2,4,02,B01
200700027272,0,32,000,04,0,0,14,A01
200700027273,0,32,000,00,0,1,01,A01
200700027274,0,02,000,00,2,1,17,A01
200700027274,0,07,000,00,2,3,15,B01
200700027275,0,07,000,00,2,2,18,A01
200700027275,0,30,000,00,2,1,02,B01
200700027276,0,02,000,00,2,1,02,A01
200700027276,0,07,000,00,2,6,17,B01
200700027277,0,07,000,00,2,3,13,A01
200700027277,0,30,000,00,2,1,01,B01
200700027278,0,33,000,00,0,7,13,A01
200700027279,0,10,000,02,0,1,01,A01
200700027280,0,37,001,00,1,2,01,A01
200700027281,0,07,000,00,2,1,09,A01
200700027281,0,02,000,00,2,1,01,B01
200700027282,0,30,000,00,2,1,01,A01
200700027282,0,07,000,00,2,4,02,B01
200700027283,0,07,000,00,2,1,02,A01
200700027283,0,07,000,00,2,4,02,B01
200700027284,0,07,000,10,0,1,13,A01
200700027285,0,07,000,14,0,4,01,A01
200700027285,0,07,000,00,0,4,24,B01
200700027286,0,07,000,00,2,2,15,A01
200700027286,0,33,000,00,2,1,01,B01
200700027287,0,02,000,00,2,1,01,A01
200700027287,0,07,000,00,2,4,01,B01
200700027288,0,10,000,00,1,0,09,A01
200700027289,0,30,000,00,1,0,00,A01
200700027290,0,10,000,00,1,1,01,A01
200700027291,0,07,000,00,0,0,09,A01
200700027291,0,02,000,00,0,0,17,B01
200700027292,0,07,000,00,2,2,12,A01
200700027292,0,07,000,03,2,3,01,B01
200700027293,0,07,000,00,2,6,04,A01
200700027293,0,31,000,00,2,1,02,B01
200700027294,0,07,000,00,2,3,15,A01
200700027294,0,02,000,00,2,5,02,B01
200700027295,0,07,000,00,2,3,22,A01
200700027295,0,01,000,01,0,1,01,B01
200700027296,0,07,000,00,2,1,02,A01
200700027296,0,07,000,00,2,4,02,B01
200700027296,0,07,000,00,0,4,02,C01
200700027297,0,07,000,00,0,2,01,A01
200700027297,0,07,000,00,2,6,01,B01
200700027298,0,02,000,00,2,0,01,A01
200700027298,0,07,000,00,2,4,23,B01
200700027299,0,07,000,00,2,3,15,A01
200700027299,0,32,000,00,2,8,01,B01
200700027300,0,33,000,00,1,5,18,A01
200700027301,0,07,000,00,2,3,22,A01
200700027301,0,02,000,00,2,0,01,B01
200700027301,0,07,000,00,2,7,01,C01
200700027302,0,07,000,00,2,3,19,A01
200700027302,0,02,000,00,2,1,01,B01
200700027303,0,10,000,09,1,2,02,A01
200700027304,0,02,000,00,1,1,02,A01
200700027305,0,02,000,14,0,2,01,A01
200700027305,0,07,000,00,2,3,23,B01
200700027306,2,10,000,00,2,8,15,A01
200700027306,0,37,010,00,2,2,01,B01
200700027307,0,03,000,12,2,2,14,A01
200700027307,0,07,000,00,2,1,02,B01
200700027308,0,07,000,00,1,1,02,A01
200700027309,0,07,000,00,2,3,09,A01
200700027309,0,02,000,00,2,1,01,B01
200700027310,0,32,000,00,2,1,01,A01
200700027310,0,07,000,00,2,4,20,B01
200700027311,0,01,000,00,2,2,01,A01
200700027311,0,07,000,00,2,2,10,B01
200700027312,0,02,000,00,2,7,01,A01
200700027312,0,07,000,00,2,8,15,B01
200700027313,0,07,000,00,2,7,17,A01
200700027313,0,13,000,00,2,1,01,B01
200700027314,0,07,000,00,1,2,15,A01
200700027315,0,07,000,14,0,1,01,A01
200700027315,0,07,000,00,2,4,02,B01
200700027316,0,33,000,00,2,1,02,A01
200700027317,0,02,000,00,2,1,15,A01
200700027317,0,07,000,00,2,3,15,B01
200700027318,0,33,000,00,2,7,17,A01
200700027318,0,07,000,00,2,1,23,B01
200700027319,0,02,000,00,2,1,00,A01
200700027319,0,10,000,00,0,4,00,B01
200700027320,0,07,000,00,2,1,02,A01
200700027320,0,37,001,00,2,4,23,B01
200700027321,0,07,000,08,0,0,00,A01
200700027322,0,02,000,14,0,1,02,A01
200700027322,0,07,000,00,0,4,23,B01
200700027323,0,02,000,00,2,7,19,A01
200700027323,0,07,000,00,2,2,01,B01
200700027324,0,10,000,00,2,2,09,A01
200700027324,0,01,000,00,2,1,02,B01
200700027325,0,02,000,14,0,0,17,A01
200700027325,0,07,000,00,2,7,23,B01
200700027326,0,07,000,00,2,8,11,A01
200700027326,0,37,001,00,2,2,01,B01
200700027327,0,32,000,00,2,0,00,A01
200700027327,0,01,000,00,4,0,00,B01
200700027328,0,31,000,00,2,6,09,A01
200700027328,0,07,000,00,2,0,02,B01
200700027329,0,02,000,00,2,2,02,A01
200700027329,0,07,000,00,2,4,23,B01
200700027330,0,30,000,00,2,1,02,A01
200700027330,0,07,000,00,2,5,23,B01
200700027331,0,10,000,00,1,3,01,A01
200700027332,0,07,000,00,1,4,04,A01
200700027333,0,31,000,00,2,1,17,A01
200700027333,0,07,000,00,2,8,09,B01
200700027334,0,07,000,00,2,1,02,B01
200700027334,0,07,000,00,2,2,19,A01
200700027335,0,07,000,02,0,7,01,A01
200700027336,0,07,000,00,2,3,01,A01
200700027336,0,07,000,00,2,3,01,B01
200700027337,0,07,000,08,0,1,13,A01
200700027338,0,07,000,15,0,1,15,A01
200700027339,0,07,000,00,9,7,01,A01
200700027339,0,30,000,00,2,3,01,B01
200700027340,0,33,000,00,2,1,01,B01
200700027340,0,07,000,00,2,8,10,A01
200700027341,0,02,000,00,2,1,17,B01
200700027341,0,07,000,00,2,3,15,A01
200700027342,0,07,000,03,1,1,11,A01
200700027343,0,07,000,00,2,1,01,B01
200700027343,0,01,000,00,2,8,00,A01
200700027344,0,07,000,00,2,1,02,B01
200700027344,0,07,000,00,0,4,02,A01
200700027345,0,05,000,00,2,1,01,B01
200700027345,0,07,000,00,2,3,09,A01
200700027346,0,05,000,13,0,1,01,A01
200700027347,0,07,000,00,1,3,21,A01
200700027348,0,07,000,06,0,1,01,A01
200700027349,0,07,000,06,0,1,01,A01
200700027350,1,99,000,00,1,2,00,A01
200700027351,0,07,000,00,1,6,15,A01
200700027351,0,07,000,00,0,7,24,C01
200700027351,0,07,000,00,0,2,24,B01
200700027351,0,07,000,00,0,4,24,D01
200700027352,0,07,000,13,0,9,01,A01
200700027353,0,07,000,00,2,1,01,B01
200700027353,0,07,000,00,2,1,13,A01
200700027354,1,07,000,00,0,0,01,A01
200700027354,0,02,000,00,2,1,01,B01
200700027355,0,99,000,00,0,4,01,B01
200700027355,0,07,000,00,2,1,01,A01
200700027356,0,07,000,00,1,2,01,A01
200700027357,0,07,000,00,1,1,01,A01
200700027358,0,07,000,05,2,3,01,A01
200700027358,1,07,000,00,2,8,18,B01
200700027359,0,07,000,00,1,2,00,A01
200700027360,0,07,000,00,2,4,23,A01
200700027360,1,07,000,00,2,1,02,B01
200700027361,0,07,000,00,1,3,02,A01
200700027362,0,33,000,00,2,1,13,B01
200700027362,0,07,000,00,2,3,10,A01
200700027363,0,07,000,00,2,4,02,B01
200700027363,0,07,000,00,2,1,02,A01
200700027364,0,07,000,15,0,1,06,A01
200700027365,0,07,000,00,1,1,02,A01
200700027366,0,30,000,00,1,1,01,A01
200700027367,0,02,000,00,2,3,02,B01
200700027367,0,07,000,00,2,7,01,A01
200700027368,0,07,000,00,1,4,04,A01
200700027369,0,07,000,00,0,0,00,A01
200700027369,0,07,000,00,0,0,00,B01
200700027370,0,07,000,02,2,8,01,A01
200700027370,0,99,000,00,2,8,01,B01
200700027371,0,13,000,00,2,1,02,A01
200700027371,0,07,000,00,2,4,02,B01
200700027371,0,07,000,00,2,4,15,C01
200700027372,0,07,000,00,1,3,13,A01
200700027373,0,30,000,00,2,1,01,B01
200700027373,0,07,000,00,2,2,01,A01
200700027374,0,32,000,00,2,8,01,A01
200700027374,0,07,000,00,2,1,01,B01
200700027375,0,37,001,00,1,2,20,A01
200700027376,0,07,000,00,2,1,01,B01
200700027376,0,07,000,00,2,8,19,A01
200700027377,0,10,000,00,2,4,01,A01
200700027377,0,07,000,00,2,1,01,B01
200700027378,0,07,000,00,2,1,15,A01
200700027378,0,07,000,00,2,1,01,B01
200700027379,0,07,000,00,1,1,14,A01
200700027380,0,07,000,00,0,0,00,A01
200700027380,0,07,000,00,2,1,11,B01
200700027380,0,07,000,00,2,3,01,C01
200700027380,0,07,000,00,2,1,01,D01
200700027381,0,10,000,00,2,1,15,A01
200700027381,0,33,000,00,2,1,01,B01
200700027382,0,07,000,00,1,1,01,A01
200700027383,0,30,000,00,2,1,01,A01
200700027383,0,07,000,00,2,3,15,B01
200700027384,0,30,000,01,0,1,02,A01
200700027385,0,07,000,02,0,1,02,A01
200700027386,0,07,000,00,2,3,17,A01
200700027386,0,07,000,00,0,3,01,B01
200700027387,0,07,000,02,0,1,01,A01
200700027388,0,07,000,00,2,1,01,A01
200700027388,0,07,000,00,2,3,02,B01
200700027389,0,07,000,02,0,1,01,A01
200700027390,0,30,000,00,1,1,01,A01
200700027391,0,07,000,16,0,0,19,A01
200700027392,0,33,000,00,2,1,01,B01
200700027392,0,07,000,00,2,7,10,A01
200700027393,0,30,000,00,2,1,09,A01
200700027393,0,07,000,00,2,3,02,B01
200700027394,0,07,000,00,2,2,02,A01
200700027394,0,07,000,00,1,0,02,B01
200700027395,0,07,000,00,2,3,01,A01
200700027395,0,07,000,00,2,3,15,B01
200700027396,0,07,000,00,2,8,09,A01
200700027396,0,32,000,00,2,7,01,B01
200700027397,0,07,000,00,2,3,15,A01
200700027397,0,02,000,00,2,8,15,B01
200700027398,0,07,000,00,2,3,10,A01
200700027398,0,31,000,00,2,1,02,B01
200700027399,0,30,000,00,2,1,02,A01
200700027399,0,07,000,00,2,6,02,B01
200700027400,0,07,000,00,2,1,15,A01
200700027400,0,02,000,00,2,1,01,B01
200700027401,0,07,000,00,2,1,02,A01
200700027401,0,07,000,00,2,4,02,B01
200700027401,0,07,000,00,0,4,02,C01
200700027402,0,07,000,00,2,1,02,A01
200700027402,0,07,000,00,2,4,02,B01
200700027402,0,07,000,00,2,4,02,C01
200700027403,0,07,000,00,2,1,02,A01
200700027403,0,07,000,00,0,4,02,B01
200700027404,1,30,000,00,1,0,00,A01
200700027405,0,10,000,00,9,6,15,A01
200700027405,0,33,000,00,2,1,01,B01
200700027406,0,31,000,00,2,1,01,A01
200700027406,0,07,000,00,2,3,15,B01
200700027407,0,07,000,00,2,3,15,A01
200700027407,0,31,000,00,2,1,01,B01
200700027408,0,07,000,13,0,1,01,A01
200700027409,0,07,000,11,0,2,01,A01
200700027410,0,02,000,00,2,1,05,A01
200700027410,0,07,000,00,2,1,01,B01
200700027411,0,07,000,00,1,1,02,A01
200700027412,0,02,000,02,0,1,00,A01
200700027413,0,07,000,00,9,3,15,A01
200700027413,0,02,000,00,2,1,00,B01
200700027414,0,32,000,00,1,1,00,A01
200700027415,0,34,000,00,2,1,01,A01
200700027415,0,10,000,00,0,3,19,B01
200700027416,0,32,000,00,2,3,00,A01
200700027416,0,07,000,00,2,3,00,B01
200700027417,0,07,000,00,0,2,02,A01
200700027417,0,07,000,00,0,6,12,B01
200700027418,0,07,000,00,2,2,19,A01
200700027418,1,07,000,00,2,1,01,B01
200700027419,0,30,000,00,0,4,02,A01
200700027419,1,07,000,00,2,0,02,B01
200700027420,0,07,000,00,1,2,01,A01
200700027421,0,07,000,00,1,1,01,A01
200700027422,0,30,000,00,2,9,17,B01
200700027422,0,07,000,00,9,6,15,A01
200700027423,0,07,000,00,2,3,02,A01
200700027423,0,32,000,00,2,5,02,B01
200700027424,0,07,000,00,2,3,09,A01
200700027424,0,02,000,00,2,0,00,B01
200700027425,0,07,000,00,2,2,05,A01
200700027425,0,33,000,00,2,1,01,B01
200700027426,0,30,000,00,0,3,09,B01
200700027426,2,32,000,00,2,1,01,A01
200700027427,0,07,000,00,2,8,10,A01
200700027427,0,33,000,00,2,1,01,B01
200700027428,0,07,000,00,2,3,06,A01
200700027428,0,33,000,00,2,1,01,B01
200700027429,0,33,000,00,0,0,02,A01
200700027430,0,30,000,08,0,2,00,A01
200700027431,0,07,000,13,0,7,01,A01
200700027432,0,07,000,00,2,2,15,A01
200700027432,0,31,000,00,2,2,01,B01
200700027433,0,07,000,02,0,1,14,A01
200700027434,1,07,000,00,2,0,00,A01
200700027434,0,30,000,00,2,0,02,B01
200700027435,0,07,000,13,0,9,17,A01
200700027436,0,07,000,00,2,2,12,A01
200700027436,0,30,000,00,2,8,01,B01
200700027437,0,31,000,00,2,1,02,B01
200700027437,0,07,000,00,2,2,09,A01
200700027438,0,14,000,00,1,5,01,A01
200700027439,0,07,000,00,2,1,19,A01
200700027439,0,07,000,00,2,1,01,B01
200700027440,0,07,000,00,2,4,00,A01
200700027440,0,37,000,01,0,5,21,B01
200700027441,0,13,000,00,2,2,09,A01
200700027441,0,32,000,00,2,1,21,B01
200700027442,1,07,000,00,2,2,01,A01
200700027442,0,02,000,00,2,8,01,B01
200700027443,0,07,000,00,2,1,15,A01
200700027443,0,02,000,00,2,1,02,B01
200700027444,0,33,000,00,1,1,01,A01
200700027445,0,07,000,00,2,0,13,A01
200700027445,0,07,000,00,2,3,21,B01
200700027446,0,07,000,00,2,8,01,A01
200700027446,0,07,000,00,2,1,01,B01
200700027447,0,01,000,00,2,7,00,B01
200700027447,1,07,000,00,9,0,00,A01
200700027448,0,07,000,00,2,7,15,A01
200700027448,0,33,000,00,2,7,01,B01
200700027449,0,07,000,00,0,4,00,B01
200700027449,0,07,000,00,2,0,00,A01
200700027450,1,07,000,00,0,0,00,A01
200700027451,0,07,000,00,2,6,01,A01
200700027451,0,07,000,00,2,1,01,B01
200700027452,0,07,000,00,1,0,02,A01
200700027453,0,07,000,00,2,2,13,A01
200700027453,0,07,000,00,0,8,01,B01
200700027454,0,07,000,00,2,8,01,A01
200700027454,0,30,000,00,0,1,01,B01
200700027455,0,32,000,00,0,0,01,A01
200700027455,0,10,000,00,0,0,01,B01
200700027456,0,30,000,14,0,4,02,A01
200700027456,0,07,000,00,0,0,23,B01
200700027457,0,30,000,00,1,1,17,A01
200700027457,0,07,000,00,2,6,02,B01
200700027458,0,07,000,00,2,2,01,A01
200700027458,1,07,000,00,2,0,00,B01
200700027459,0,33,000,00,2,7,00,A01
200700027459,0,07,000,00,2,8,15,B01
200700027460,0,07,000,00,2,6,04,A01
200700027460,0,13,000,00,2,1,15,B01
200700027461,0,34,000,00,2,1,01,A01
200700027461,0,30,000,00,0,0,00,B01
200700027462,0,07,000,00,2,1,01,A01
200700027462,0,02,000,00,2,1,05,B01
200700027463,0,07,000,00,2,7,15,A01
200700027463,0,34,000,00,2,1,17,B01
200700027464,0,07,000,00,2,1,01,A01
200700027464,0,07,000,00,2,5,01,B01
200700027465,0,07,000,08,0,2,02,A01
200700027466,0,07,000,00,2,3,15,A01
200700027466,0,32,000,00,2,1,17,B01
200700027467,0,07,000,12,0,0,01,A01
200700027468,0,07,000,00,1,2,00,A01
200700027469,0,31,000,00,1,3,00,A01
200700027470,0,07,000,00,2,4,02,A01
200700027470,0,07,000,00,2,4,02,B01
200700027471,1,07,000,00,2,0,12,A01
200700027471,0,31,000,00,2,8,01,B01
200700027472,0,14,000,00,0,8,01,A01
200700027473,0,32,000,00,2,8,00,A01
200700027473,0,07,000,00,2,1,09,B01
200700027474,0,30,000,00,2,1,05,A01
200700027474,0,07,000,00,2,1,01,B01
200700027475,0,10,000,00,2,1,01,A01
200700027475,0,33,000,00,2,8,15,B01
200700027476,0,07,000,00,2,1,01,A01
200700027476,0,07,000,00,2,4,01,B01
200700027477,0,30,000,00,2,5,01,A01
200700027477,0,07,000,00,2,8,15,B01
200700027478,0,07,000,00,1,7,01,A01
200700027479,0,07,000,00,2,1,01,A01
200700027479,0,07,000,00,2,7,01,B01
200700027480,0,07,000,00,2,1,01,A01
200700027480,0,10,000,00,0,4,01,B01
200700027481,0,07,000,00,1,1,00,A01
200700027482,0,07,000,00,2,1,15,A01
200700027482,0,32,000,00,2,1,17,B01
200700027483,0,07,000,00,2,3,15,A01
200700027483,0,30,000,00,2,1,17,B01
200700027484,0,37,000,00,2,0,15,A01
200700027484,0,02,000,00,2,0,23,B01
200700027485,0,07,000,08,0,1,00,A01
200700027486,0,07,000,00,2,0,00,A01
200700027486,0,07,000,00,0,4,00,B01
200700027487,0,32,000,00,0,1,01,A01
200700027488,0,33,000,00,2,1,01,A01
200700027488,0,07,000,00,2,2,01,B01
200700027489,0,30,000,00,0,1,00,B01
200700027489,0,07,000,00,0,6,00,A01
200700027490,0,07,000,00,1,3,00,A01
200700027491,0,33,000,00,2,1,01,A01
200700027491,0,07,000,00,2,1,01,B01
200700027492,0,30,000,00,2,1,00,A01
200700027492,0,07,000,00,9,6,09,B01
200700027493,0,07,000,00,0,2,02,A01
200700027493,0,32,000,00,0,0,00,B01
200700027494,0,07,000,00,1,2,02,A01
200700027495,0,15,000,00,1,2,02,A01
200700027496,0,02,000,00,2,5,01,B01
200700027496,0,10,000,00,2,1,01,A01
200700027497,0,07,000,00,0,0,03,A01
200700027498,0,07,000,00,1,8,02,A01
200700027499,0,07,000,00,1,1,01,A01
200700027500,0,07,000,00,2,2,10,A01
200700027500,0,33,000,00,2,1,01,B01
200700027501,0,32,000,01,0,1,00,A01
200700027502,0,10,000,00,2,7,15,A01
200700027502,0,33,000,00,2,1,18,B01
200700027503,0,07,000,00,9,2,02,A01
200700027503,0,31,000,00,2,8,02,B01
200700027504,0,34,000,00,2,1,02,A01
200700027504,0,31,000,00,0,5,02,B01
200700027505,0,07,000,00,2,9,10,A01
200700027505,0,07,000,00,2,8,01,B01
200700027505,0,07,000,00,2,3,01,C01
200700027506,2,10,000,15,0,1,00,A01
200700027506,0,32,000,01,0,4,00,B01
200700027507,0,30,000,09,9,1,00,A01
200700027508,0,07,000,00,0,5,15,A01
200700027508,0,01,000,00,2,7,01,B01
200700027509,0,07,000,14,0,1,03,A01
200700027509,0,07,000,00,2,8,00,B01
200700027510,0,07,000,06,2,2,17,A01
200700027510,0,07,000,00,2,3,01,B01
200700027511,0,07,000,00,2,3,20,A01
200700027511,0,34,000,00,2,5,01,B01
200700027512,0,30,000,01,0,8,01,A01
200700027513,0,07,000,01,0,1,02,A01
200700027513,0,34,000,00,0,4,23,B01
200700027514,0,30,000,00,2,1,00,A01
200700027514,0,10,000,00,0,5,04,B01
200700027515,0,07,000,00,2,3,15,A01
200700027515,0,33,000,00,2,7,00,B01
200700027516,0,07,000,00,2,3,15,A01
200700027516,0,02,000,00,2,1,01,B01
200700027517,0,07,000,00,1,1,01,A01
200700027518,0,30,000,14,0,4,02,A01
200700027518,0,07,000,00,0,4,23,B01
200700027519,0,37,016,00,2,1,01,B01
200700027519,0,07,000,00,2,7,01,A01
200700027520,0,07,000,00,2,1,02,A01
200700027520,0,07,000,00,2,4,02,B01
200700027521,0,07,000,00,1,2,01,A01
200700027522,0,07,000,00,2,1,13,A01
200700027522,0,07,000,00,2,1,01,B01
200700027523,0,07,000,00,2,1,01,A01
200700027523,0,10,000,00,2,8,15,B01
200700027524,0,07,000,00,2,1,01,A01
200700027524,0,07,000,00,0,4,23,B01
200700027525,0,07,000,00,2,1,02,A01
200700027525,0,07,000,00,2,4,02,B01
200700027526,0,07,000,00,2,8,00,A01
200700027526,0,30,000,00,2,7,00,B01
200700027527,1,07,000,00,0,0,00,A01
200700027527,0,07,000,00,2,1,23,B01
200700027528,0,07,000,00,1,1,01,A01
200700027529,0,30,000,00,2,1,01,A01
200700027529,0,07,000,00,9,4,04,B01
200700027530,2,07,000,00,2,1,02,A01
200700027530,0,07,000,00,0,4,02,B01
200700027531,0,07,000,00,0,0,00,A01
200700027532,0,07,000,00,2,3,15,A01
200700027532,0,30,000,08,2,3,01,B01
200700027533,0,07,000,06,2,3,02,A01
200700027533,0,07,000,00,0,5,13,B01
200700027534,0,07,000,00,2,4,23,A01
200700027535,0,07,000,00,2,3,15,A01
200700027535,0,32,000,00,2,7,17,B01
200700027535,0,07,000,00,0,3,00,C01
200700027536,0,07,000,00,2,1,13,A01
200700027536,0,07,000,00,2,1,01,B01
200700027537,0,07,000,08,2,1,01,A01
200700027537,0,07,000,00,2,6,01,B01
200700027538,0,07,000,00,2,2,12,A01