Num_Acc,senc,catv,occutc,obs,obsm,choc,manv,num_veh
200700027538,0,33,000,00,2,1,01,B01
200700027539,1,07,000,00,1,0,00,A01
200700027540,0,30,000,00,1,1,21,A01
200700027541,1,07,000,00,2,0,15,A01
200700027541,0,34,000,00,2,1,01,B01
200700027541,0,34,000,00,2,1,01,C01
200700027542,0,07,000,00,2,3,01,A01
200700027542,0,07,000,00,2,1,15,B01
200700027543,0,07,000,00,2,2,02,A01
200700027543,0,33,000,00,2,8,02,B01
200700027544,0,07,000,00,2,1,17,A01
200700027544,0,07,000,00,2,1,16,B01
200700027545,0,07,000,00,0,0,09,A01
200700027545,0,34,000,00,0,1,02,B01
200700027546,0,30,000,00,0,0,00,A01
200700027547,0,32,000,00,2,1,03,A01
200700027547,0,07,000,00,9,3,00,B01
200700027548,0,07,000,00,2,2,15,A01
200700027548,0,34,000,00,2,1,01,B01
200700027549,0,07,000,00,2,7,16,A01
200700027549,0,34,000,00,2,8,01,B01
200700027550,0,30,000,00,2,1,01,A01
200700027550,0,07,000,00,2,8,16,B01
200700027551,0,07,000,00,0,4,02,A01
200700027551,0,07,000,00,0,1,02,B01
200700027552,0,07,000,00,2,1,02,A01
200700027552,0,07,000,00,2,9,02,B01
200700027552,0,07,000,00,2,4,02,C01
200700027553,0,01,000,00,2,1,00,A01
200700027553,0,07,000,00,2,1,00,B01
200700027554,0,07,000,00,0,0,00,A01
200700027555,0,07,000,00,1,3,02,A01
200700027556,0,07,000,00,1,8,01,A01
200700027557,0,30,000,00,0,0,17,A01
200700027557,0,07,000,00,9,1,01,B01
200700027557,0,07,000,00,9,3,01,C01
200700027558,0,07,000,00,2,7,15,A01
200700027558,0,30,000,00,2,1,01,B01
200700027559,0,37,000,00,1,5,09,A01
200700027560,0,32,000,00,1,1,01,A01
200700027561,0,30,000,00,1,8,02,A01
200700027561,0,01,000,00,2,1,09,B01
200700027562,0,07,000,00,2,1,01,B01
200700027562,0,07,000,00,2,8,15,A01
200700027563,0,32,000,00,2,1,01,B01
200700027563,0,07,000,00,2,3,15,A01
200700027564,0,07,000,00,2,2,04,A01
200700027564,0,32,000,00,2,0,00,B01
200700027565,0,02,000,00,2,2,01,A01
200700027565,0,07,000,00,2,3,15,B01
200700027566,0,07,000,13,0,2,01,A01
200700027567,0,07,000,00,2,1,01,A01
200700027567,0,07,000,00,2,4,01,B01
200700027568,0,33,000,00,2,3,17,A01
200700027568,0,07,000,00,2,8,00,B01
200700027569,0,02,000,00,2,2,01,A01
200700027569,0,07,000,00,2,3,15,B01
200700027570,0,07,000,00,2,8,09,A01
200700027570,0,37,000,00,2,2,21,B01
200700027571,0,07,000,00,2,1,02,A01
200700027571,0,07,000,00,0,4,02,B01
200700027572,0,07,000,00,0,2,02,A01
200700027572,0,30,000,00,2,8,02,B01
200700027573,0,33,000,00,2,1,01,A01
200700027573,0,07,000,00,2,8,15,B01
200700027574,0,31,000,04,0,8,02,A01
200700027575,0,07,000,00,0,2,16,A01
200700027575,0,33,000,00,2,3,01,B01
200700027576,1,07,000,00,0,7,23,A01
200700027576,0,32,000,01,2,1,02,B01
200700027577,0,07,000,15,0,1,01,A01
200700027578,0,07,000,00,2,7,01,A01
200700027578,0,34,000,00,2,1,01,B01
200700027579,0,07,000,00,1,2,15,A01
200700027580,0,07,000,00,2,1,12,A01
200700027580,0,07,000,00,2,1,11,B01
200700027581,0,07,000,00,2,3,10,A01
200700027582,0,07,000,00,2,3,09,A01
200700027582,0,32,000,00,2,2,02,B01
200700027583,0,34,000,00,2,7,02,A01
200700027583,0,07,000,00,2,3,02,B01
200700027584,0,07,000,16,2,1,06,A01
200700027584,0,07,000,00,2,8,00,B01
200700027584,0,07,000,00,2,1,00,C01
200700027585,0,07,000,00,1,0,01,A01
200700027586,0,17,000,00,2,2,16,A01
200700027586,0,07,000,00,2,8,16,B01
200700027587,0,07,000,00,2,8,11,A01
200700027587,0,33,000,00,2,2,01,B01
200700027588,0,07,000,00,2,5,15,A01
200700027588,0,31,000,00,2,8,01,B01
200700027589,0,07,000,00,2,1,13,A01
200700027589,0,33,000,00,2,1,01,B01
200700027590,0,07,000,00,2,1,01,A01
200700027590,0,07,000,00,2,4,23,B01
200700027590,0,10,000,00,2,4,23,C01
200700027591,0,33,000,00,2,3,18,A01
200700027591,0,07,000,00,2,2,22,B01
200700027592,0,07,000,00,2,6,01,B01
200700027592,0,07,000,00,2,2,15,A01
200700027593,0,07,000,00,2,2,15,A01
200700027593,0,30,000,00,2,1,05,B01
200700027594,0,31,000,00,2,7,01,B01
200700027594,0,07,000,00,2,3,01,A01
200700027595,0,31,000,00,1,1,01,A01
200700027596,0,32,000,00,2,2,17,B01
200700027596,0,07,000,00,2,3,19,A01
200700027597,0,07,000,00,2,1,01,A01
200700027597,0,07,000,00,2,7,15,B01
200700027598,0,30,000,00,2,1,05,A01
200700027598,0,10,000,00,2,3,01,B01
200700027599,0,07,000,00,2,1,00,A01
200700027599,0,07,000,00,2,4,23,B01
200700027599,0,07,000,00,2,4,23,C01
200700027600,0,10,000,00,2,2,15,A01
200700027600,0,07,000,00,2,1,21,B01
200700027601,0,07,000,00,0,0,01,A01
200700027602,0,30,000,00,2,2,17,A01
200700027602,0,07,000,00,2,3,15,B01
200700027603,0,07,000,00,0,0,01,A01
200700027603,0,31,000,00,2,7,01,B01
200700027604,0,07,000,00,1,2,00,A01
200700027605,0,32,000,00,0,0,00,A01
200700027605,0,07,000,00,2,3,01,B01
200700027606,0,07,000,00,2,1,02,A01
200700027606,0,07,000,00,2,1,02,B01
200700027606,0,07,000,00,0,4,02,C01
200700027607,0,07,000,00,2,2,01,A01
200700027607,0,02,000,00,2,1,01,B01
200700027608,0,07,000,00,2,3,19,A01
200700027608,0,30,000,00,2,7,02,B01
200700027609,0,07,000,00,1,2,01,A01
200700027610,0,02,000,00,2,1,01,A01
200700027610,0,14,000,00,2,6,01,B01
200700027611,0,07,000,05,0,2,01,A01
200700027612,0,30,000,00,0,0,00,A01
200700027612,0,07,000,00,0,0,00,B01
200700027613,0,33,000,00,0,0,00,A01
200700027613,0,07,000,00,0,0,00,B01
200700027614,0,30,000,00,2,1,00,A01
200700027614,0,07,000,00,0,5,16,B01
200700027615,0,07,000,00,2,1,01,A01
200700027615,0,07,000,00,2,3,23,B01
200700027615,0,07,000,00,0,4,23,C01
200700027615,0,07,000,00,0,6,00,D01
200700027616,1,99,000,00,0,0,00,A01
200700027617,0,33,000,00,0,1,00,A01
200700027618,0,07,000,00,1,2,01,A01
200700027619,0,07,000,00,2,7,01,A01
200700027619,0,34,000,00,2,1,02,B01
200700027620,0,30,000,00,2,1,01,A01
200700027620,0,07,000,00,2,8,01,B01
200700027621,0,07,000,00,2,3,11,A01
200700027621,0,02,000,00,2,1,17,B01
200700027622,0,07,000,00,1,1,01,A01
200700027622,0,07,000,00,2,4,01,B01
200700027622,0,07,000,00,0,4,01,C01
200700027623,0,07,000,00,2,3,03,A01
200700027623,0,33,000,00,2,7,00,B01
200700027624,0,07,000,01,0,6,04,A01
200700027625,0,07,000,00,1,2,01,A01
200700027626,0,07,000,00,1,4,20,A01
200700027627,0,07,000,00,2,1,05,A01
200700027627,0,31,000,00,2,1,01,B01
200700027628,0,07,000,00,1,3,09,A01
200700027629,0,07,000,00,1,3,02,A01
200700027630,0,07,000,00,1,4,23,A01
200700027630,0,07,000,00,0,1,02,B01
200700027631,0,07,000,00,2,5,01,B01
200700027631,0,07,000,00,2,1,16,A01
200700027632,0,07,000,00,2,3,09,A01
200700027632,0,30,000,00,2,3,02,B01
200700027633,0,07,000,00,0,0,00,A01
200700027634,0,07,000,00,2,8,22,A01
200700027634,0,31,000,00,2,0,03,B01
200700027635,0,07,000,00,1,1,15,A01
200700027636,0,07,000,00,2,3,15,A01
200700027636,0,32,000,00,2,8,01,B01
200700027637,0,07,000,15,2,5,19,A01
200700027637,0,07,000,00,9,6,01,C01
200700027637,0,07,000,00,2,1,15,B01
200700027638,0,07,000,00,2,8,19,A01
200700027638,0,33,000,00,2,1,01,B01
200700027639,0,07,000,00,2,1,01,A01
200700027639,0,10,000,00,2,1,01,B01
200700027640,0,07,000,00,2,3,15,A01
200700027640,0,34,000,00,2,3,01,B01
200700027641,0,07,000,00,1,2,02,A01
200700027642,1,07,000,00,0,0,00,A01
200700027643,0,33,000,00,2,0,01,A01
200700027643,0,07,000,00,0,0,15,B01
200700027644,0,30,000,00,1,3,03,A01
200700027645,0,33,000,00,2,0,00,A01
200700027645,0,07,000,00,2,0,00,B01
200700027646,0,07,000,00,2,1,01,A01
200700027646,0,07,000,00,2,4,01,B01
200700027647,0,02,000,00,2,3,00,A01
200700027647,0,07,000,00,2,8,01,B01
200700027648,0,07,000,00,2,1,01,A01
200700027648,0,07,000,00,2,4,23,B01
200700027649,0,07,000,00,2,3,09,A01
200700027649,0,31,000,00,2,8,01,B01
200700027650,0,07,000,00,0,0,00,B01
200700027650,0,14,000,00,2,0,12,A01
200700027651,0,33,000,00,2,8,10,A01
200700027651,0,07,000,00,2,1,01,B01
200700027652,0,07,000,00,2,2,15,A01
200700027652,0,07,000,00,2,2,01,B01
200700027653,0,07,000,01,0,6,02,A01
200700027653,0,02,000,01,0,1,02,B01
200700027654,0,07,000,00,2,1,05,A01
200700027654,0,07,000,00,2,1,01,B01
200700027655,0,03,000,08,0,1,21,A01
200700027656,1,07,000,00,2,0,01,A01
200700027656,0,30,000,00,2,0,00,B01
200700027657,0,37,000,00,1,8,17,A01
200700027658,0,37,000,00,2,1,01,A01
200700027658,0,07,000,00,2,2,15,B01
200700027659,0,07,000,00,2,2,01,B01
200700027659,0,37,002,00,2,8,01,A01
200700027660,0,37,000,00,0,0,00,B01
200700027660,0,07,000,00,0,0,00,A01
200700027661,0,33,000,00,0,0,00,B01
200700027661,0,07,000,00,0,0,00,A01
200700027662,0,07,000,00,2,8,09,A01
200700027662,0,32,000,00,2,1,01,B01
200700027663,0,02,000,00,0,0,01,A01
200700027664,0,07,000,00,2,1,01,B01
200700027664,0,07,000,00,2,8,01,A01
200700027665,0,31,000,00,2,1,01,A01
200700027665,0,07,000,00,2,8,19,B01
200700027666,0,07,000,01,1,2,02,A01
200700027666,0,07,000,00,0,6,00,B01
200700027666,0,07,000,00,2,5,16,C01
200700027667,0,32,000,00,0,0,00,B01
200700027667,0,07,000,00,0,0,00,A01
200700027668,0,07,000,00,2,3,13,A01
200700027668,0,14,000,00,2,8,01,B01
200700027669,0,07,000,15,0,3,01,A01
200700027670,0,33,000,00,2,1,17,A01
200700027670,0,10,000,00,2,8,15,B01
200700027671,0,33,000,00,2,1,01,B01
200700027671,0,07,000,00,2,8,10,A01
200700027672,0,02,000,00,9,2,01,B01
200700027672,1,07,000,00,9,6,11,A01
200700027673,0,17,000,00,0,7,15,A01
200700027674,1,10,000,03,0,2,01,A01
200700027674,0,07,000,03,0,0,01,B01
200700027675,0,02,000,00,2,1,01,B01
200700027675,0,07,000,00,2,2,19,A01
200700027676,0,07,000,01,0,4,23,D01
200700027676,0,07,000,00,0,4,23,E01
200700027676,0,07,000,01,0,1,23,C01
200700027676,0,07,000,01,0,1,23,B01
200700027676,0,07,000,01,0,1,02,A01
200700027677,0,02,000,00,2,1,01,A01
200700027677,0,07,000,00,2,3,19,B01
200700027678,0,07,000,04,2,2,01,B01
200700027678,0,15,000,03,2,8,13,A01
200700027679,0,07,000,02,0,0,16,A01
200700027680,0,07,000,00,2,1,13,A01
200700027680,0,07,000,00,2,1,01,B01
200700027681,0,07,000,00,2,3,01,A01
200700027681,0,01,000,00,2,3,01,B01
200700027682,0,07,000,00,2,3,02,A01
200700027682,0,07,000,00,0,4,02,B01
200700027683,0,16,000,00,1,4,00,A01
200700027684,0,10,000,01,0,1,00,A01
200700027685,0,33,000,00,2,1,17,A01
200700027685,0,07,000,00,2,6,15,B01
200700027686,0,07,000,00,0,5,00,A01
200700027686,0,02,000,00,2,1,01,B01
200700027687,0,07,000,00,2,1,23,B01
200700027687,0,33,000,14,2,6,13,A01
200700027688,0,30,000,00,2,4,06,A01
200700027688,0,07,000,00,2,1,01,B01
200700027689,0,07,000,00,2,3,02,A01
200700027689,0,07,000,00,0,4,02,B01
200700027690,0,07,000,00,2,1,15,A01
200700027690,0,31,000,00,2,1,01,B01
200700027691,0,07,000,00,2,1,02,A01
200700027691,0,07,000,00,2,4,02,B01
200700027692,0,07,000,00,1,1,01,A01
200700027693,0,07,000,09,0,9,00,A01
200700027694,0,07,000,00,1,1,01,A01
200700027695,0,07,000,14,0,1,02,A01
200700027695,0,07,000,00,0,4,02,B01
200700027696,0,07,000,00,0,2,01,B01
200700027696,0,10,000,00,2,1,01,A01
200700027697,0,07,000,00,9,5,16,A01
200700027697,0,01,000,00,2,1,01,B01
200700027698,0,30,000,00,2,1,13,A01
200700027698,0,30,000,00,2,1,02,B01
200700027699,0,07,000,00,2,1,02,A01
200700027699,0,07,000,00,0,4,23,B01
200700027700,0,01,000,01,0,1,02,A01
200700027700,0,07,000,00,2,4,23,B01
200700027701,0,01,000,00,1,1,02,A01
200700027702,0,07,000,00,2,1,02,A01
200700027702,0,07,000,00,0,6,02,B01
200700027702,0,07,000,00,0,8,02,C01
200700027703,0,07,000,00,2,1,17,A01
200700027703,0,07,000,00,2,1,01,B01
200700027704,0,10,000,00,2,2,14,A01
200700027704,0,07,000,00,0,3,01,B01
200700027705,0,07,000,00,0,0,00,A01
200700027706,0,34,000,09,0,1,01,A01
200700027707,0,14,000,00,2,1,02,A01
200700027707,0,07,000,00,0,4,01,B01
200700027708,0,07,000,00,2,1,01,A01
200700027708,0,07,000,00,2,6,01,B01
200700027709,0,07,000,00,2,1,01,A01
200700027709,0,30,000,00,2,1,00,B01
200700027710,0,07,000,00,2,2,01,B01
200700027710,0,07,000,00,2,3,00,A01
200700027711,0,07,000,00,1,2,01,A01
200700027712,0,07,000,06,0,2,01,A01
200700027713,0,02,000,00,2,1,01,A01
200700027713,0,07,000,00,2,1,15,B01
200700027714,0,07,000,00,2,6,15,B01
200700027714,0,02,000,00,2,9,17,A01
200700027715,0,02,000,01,0,1,14,A01
200700027716,0,07,000,00,2,2,15,B01
200700027716,0,33,000,00,2,1,15,A01
200700027717,0,02,000,01,2,8,01,A01
200700027717,0,07,000,00,2,3,02,B01
200700027718,0,02,000,00,0,8,01,A01
200700027719,0,30,000,00,0,7,01,A01
200700027719,0,30,000,00,0,7,01,B01
200700027720,0,02,000,00,0,2,15,A01
200700027720,0,07,000,00,2,3,19,B01
200700027721,0,02,000,00,1,1,01,A01
200700027722,0,02,000,00,2,1,02,A01
200700027722,0,07,000,00,2,4,01,B01
200700027723,0,30,000,00,2,1,01,A01
200700027723,0,07,000,00,2,1,01,B01
200700027724,0,07,000,01,2,2,01,A01
200700027724,0,07,000,00,2,1,01,B01
200700027725,0,02,000,00,0,7,01,A01
200700027726,0,07,000,00,2,1,01,A01
200700027726,0,07,000,06,2,4,16,B01
200700027727,0,30,000,00,2,1,01,A01
200700027727,0,07,000,00,2,5,01,B01
200700027728,0,02,000,00,2,8,18,A01
200700027728,0,07,000,00,2,2,20,B01
200700027729,0,07,000,00,2,6,04,A01
200700027729,0,07,000,00,2,8,01,B01
200700027730,0,07,000,00,1,4,04,A01
200700027731,0,07,000,00,1,3,01,A01
200700027732,0,07,000,00,1,2,01,A01
200700027733,0,33,000,00,2,1,01,A01
200700027733,0,07,000,00,2,5,15,B01
200700027734,0,13,000,00,2,3,13,A01
200700027734,0,07,000,00,2,8,01,B01
200700027735,0,33,000,08,0,7,14,A01
200700027736,0,32,000,00,0,3,10,A01
200700027736,0,34,000,00,2,1,01,B01
200700027737,0,07,000,09,2,1,01,B01
200700027737,1,07,000,00,2,0,09,A01
200700027738,0,30,000,00,0,7,14,A01
200700027739,0,07,000,00,2,1,01,A01
200700027739,0,07,000,00,2,4,01,B01
200700027739,0,07,000,00,2,4,01,C01
200700027740,0,07,000,00,1,1,01,A01
200700027741,0,30,000,00,2,1,01,B01
200700027741,0,07,000,00,2,7,15,A01
200700027742,0,30,000,00,2,1,17,A01
200700027742,0,07,000,00,2,8,15,B01
200700027743,0,07,000,00,2,1,13,A01
200700027743,0,07,000,00,2,2,01,B01
200700027744,0,07,000,00,2,2,02,A01
200700027744,0,30,000,00,2,6,02,B01
200700027745,0,07,000,00,0,4,01,A01
200700027745,0,07,000,00,2,0,23,B01
200700027746,0,01,000,00,2,7,01,A01
200700027746,0,07,000,00,2,1,01,B01
200700027747,0,07,000,00,2,1,01,A01
200700027747,0,07,000,00,2,4,01,B01
200700027748,0,07,000,00,2,3,02,A01
200700027748,0,07,000,00,2,6,23,B01
200700027748,0,07,000,00,2,5,23,C01
200700027748,0,07,000,00,2,4,23,D01
200700027749,0,33,000,00,2,1,01,A01
200700027749,0,07,000,00,2,3,09,B01
200700027750,0,07,000,00,2,1,01,A01
200700027750,0,07,000,06,2,8,01,B01
200700027751,0,07,000,00,2,5,11,A01
200700027751,0,07,000,00,2,3,21,B01
200700027752,1,07,000,00,2,3,13,A01
200700027752,0,30,000,00,2,1,17,B01
200700027753,0,33,000,00,2,1,00,A01
200700027753,0,07,000,00,2,2,09,B01
200700027754,0,07,000,00,2,8,15,B01
200700027754,0,32,000,00,2,1,17,A01
200700027755,0,07,000,00,1,0,00,A01
200700027756,0,30,000,00,2,4,01,B01
200700027756,0,30,000,00,2,1,01,A01
200700027757,0,07,000,00,2,1,01,B01
200700027757,0,07,000,01,2,7,15,A01
200700027758,0,07,000,00,2,1,01,B01
200700027758,0,07,000,00,2,1,13,A01
200700027759,0,07,000,00,2,1,01,B01
200700027759,0,02,000,00,2,1,14,A01
200700027760,0,01,000,00,2,0,01,B01
200700027760,0,10,000,00,9,3,01,A01
200700027760,0,07,000,00,0,0,00,C01
200700027761,0,02,000,00,2,1,15,A01
200700027761,0,07,000,00,2,1,01,B01
200700027762,0,07,000,00,2,2,01,A01
200700027762,0,07,000,00,2,3,01,B01
200700027763,0,30,000,00,0,1,06,A01
200700027764,0,07,000,00,2,7,02,A01
200700027764,0,01,000,00,2,8,02,B01
200700027765,0,10,000,00,2,3,15,B01
200700027765,0,33,000,00,2,1,17,A01
200700027766,0,07,000,00,2,2,15,A01
200700027766,0,07,000,00,2,3,01,B01
200700027767,0,07,000,00,1,1,01,A01
200700027768,0,07,000,00,1,7,01,A01
200700027769,0,31,000,00,2,1,02,B01
200700027769,0,07,000,00,2,1,01,A01
200700027770,0,07,000,00,2,6,09,A01
200700027770,0,07,000,09,2,1,01,B01
200700027771,0,07,000,00,2,2,12,A01
200700027771,0,01,000,00,2,1,15,B01
200700027772,0,33,000,00,2,7,01,B01
200700027772,0,07,000,00,2,3,09,A01
200700027773,0,07,000,00,2,1,01,A01
200700027773,0,07,000,00,2,1,15,B01
200700027774,0,07,000,12,2,7,13,A01
200700027774,0,38,001,00,2,6,01,B01
200700027775,0,07,000,00,2,2,02,A01
200700027775,0,01,000,00,2,3,02,B01
200700027776,0,07,000,00,6,1,01,A01
200700027777,0,01,000,00,2,1,13,A01
200700027777,0,07,000,00,2,1,01,B01
200700027778,0,31,000,00,2,7,17,A01
200700027778,0,07,000,00,2,6,15,B01
200700027778,0,07,000,00,2,3,01,C01
200700027779,0,14,000,00,2,0,02,A01
200700027779,0,07,000,00,0,4,23,B01
200700027780,0,07,000,00,2,1,01,A01
200700027780,0,07,000,00,0,4,23,B01
200700027781,0,07,000,00,1,2,01,A01
200700027782,0,07,000,00,2,1,01,A01
200700027782,0,07,000,00,0,4,14,B01
200700027782,0,07,000,00,0,4,15,C01
200700027783,0,07,000,00,2,2,19,A01
200700027783,0,02,000,00,2,1,01,B01
200700027784,0,07,000,00,2,3,00,B01
200700027784,0,07,000,00,2,2,00,A01
200700027785,0,30,000,00,1,1,00,A01
200700027786,0,07,000,00,2,1,01,A01
200700027786,0,07,000,00,2,7,01,B01
200700027786,0,07,000,00,2,3,15,C01
200700027787,0,07,000,00,2,1,10,A01
200700027787,0,07,000,01,2,1,01,B01
200700027788,0,07,000,00,2,1,09,A01
200700027788,0,02,000,00,2,1,01,B01
200700027789,0,07,000,00,0,4,23,B01
200700027789,0,07,000,00,2,1,02,A01
200700027790,0,07,000,00,2,1,01,B01
200700027790,0,30,000,00,2,1,01,A01
200700027791,0,07,000,00,2,3,09,A01
200700027791,0,07,000,00,2,1,01,B01
200700027792,0,07,000,00,2,2,15,A01
200700027792,0,31,000,00,2,1,01,B01
200700027793,0,07,000,00,2,1,01,B01
200700027793,0,07,000,00,2,7,01,A01
200700027794,0,07,000,00,1,1,01,A01
200700027795,0,07,000,00,2,5,15,A01
200700027795,0,31,000,00,2,1,01,B01
200700027796,0,07,000,08,2,7,17,A01
200700027796,0,07,000,00,2,8,01,B01
200700027797,0,07,000,00,2,1,01,A01
200700027797,0,07,000,00,2,4,01,B01
200700027798,0,07,000,00,2,1,01,A01
200700027798,0,07,000,00,2,1,01,B01
200700027798,0,10,000,00,2,6,01,C01
200700027799,0,07,000,00,2,2,15,A01
200700027799,0,07,000,00,2,1,01,B01
200700027800,0,07,000,00,2,4,02,B01
200700027800,0,07,000,00,0,4,15,C01
200700027800,0,07,000,00,2,1,02,A01
200700027801,0,02,000,00,2,1,01,A01
200700027801,0,07,000,00,2,8,19,B01
200700027802,0,07,000,00,2,3,13,A01
200700027802,0,07,000,00,2,3,01,B01
200700027803,0,07,000,00,2,1,15,A01
200700027803,0,20,000,00,2,3,01,B01
200700027804,0,01,000,00,2,8,13,A01
200700027804,0,07,000,00,2,2,01,B01
200700027805,0,03,000,00,2,1,01,A01
200700027805,0,07,000,00,2,2,01,B01
200700027806,0,07,000,00,2,3,01,A01
200700027806,0,07,000,00,2,3,15,B01
200700027807,0,10,000,00,2,2,15,A01
200700027807,0,07,000,00,2,1,01,B01
200700027807,0,07,000,00,2,5,23,C01
200700027808,0,31,000,00,2,1,01,A01
200700027808,0,07,000,00,2,5,16,B01
200700027809,0,07,000,08,0,1,01,A01
200700027810,0,07,000,00,2,1,15,A01
200700027810,0,33,000,00,2,7,18,B01
200700027811,0,02,000,00,2,1,02,A01
200700027811,0,07,000,00,2,4,01,B01
200700027812,0,10,000,00,2,2,01,A01
200700027812,0,02,000,00,2,4,01,B01
200700027813,0,07,000,00,2,1,15,A01
200700027813,0,01,000,00,2,1,01,B01
200700027814,0,01,000,01,0,1,01,A01
200700027814,0,07,000,00,2,8,24,B01
200700027815,0,07,000,00,2,1,01,A01
200700027815,0,07,000,08,2,3,15,B01
200700027816,0,07,000,00,1,2,09,A01
200700027817,0,07,000,00,1,2,01,A01
200700027818,0,07,000,08,0,1,01,A01
200700027819,0,02,000,00,2,1,01,A01
200700027819,0,07,000,00,2,5,01,B01
200700027820,0,13,000,00,2,3,01,A01
200700027820,0,07,000,00,2,5,15,B01
200700027821,0,31,000,00,2,1,01,B01
200700027821,0,07,000,00,2,7,15,A01
200700027822,0,07,000,00,1,4,04,A01
200700027823,0,07,000,07,2,2,01,B01
200700027823,0,07,000,00,2,3,01,A01
200700027824,0,01,000,00,2,1,00,B01
200700027824,0,10,000,00,1,3,15,A01
200700027825,0,99,000,00,1,4,04,A01
200700027826,0,07,000,00,2,1,01,B01
200700027826,0,33,000,00,2,2,01,A01
200700027827,0,07,000,01,2,2,15,A01
200700027827,0,07,000,00,2,3,01,B01
200700027828,0,10,000,00,2,1,02,A01
200700027828,0,07,000,00,2,4,01,B01
200700027829,0,07,000,04,0,5,01,A01
200700027830,0,07,000,00,1,8,20,A01
200700027831,0,14,000,00,2,2,15,A01
200700027831,0,01,000,00,2,8,16,B01
200700027832,0,07,000,12,0,1,01,A01
200700027833,0,17,000,00,2,0,17,A01
200700027833,0,02,000,00,2,8,01,B01
200700027834,0,07,000,13,0,0,16,A01
200700027835,0,07,000,00,2,4,23,B01
200700027835,0,02,000,00,2,1,02,A01
200700027836,0,07,000,00,2,1,13,A01
200700027836,0,07,000,00,2,1,01,B01
200700027837,0,07,000,00,2,8,15,A01
200700027837,0,07,000,00,2,1,01,B01
200700027838,0,07,000,00,1,2,17,A01
200700027839,0,07,000,13,0,2,01,A01
200700027840,0,02,000,00,2,1,01,A01
200700027840,0,37,001,00,2,8,01,B01
200700027841,0,02,000,00,0,0,01,A01
200700027842,0,07,000,00,2,7,01,A01
200700027842,0,07,000,00,2,1,15,B01
200700027843,0,07,000,00,2,8,15,A01
200700027843,0,02,000,00,2,1,17,B01
200700027844,0,07,000,00,2,3,09,A01
200700027844,0,02,000,00,2,2,00,B01
200700027845,0,02,000,01,0,8,13,A01
200700027846,0,07,000,00,2,3,15,A01
200700027846,0,07,000,00,2,1,01,C01
200700027846,0,07,000,00,2,1,01,B01
200700027847,0,07,000,00,2,1,02,A01
200700027847,0,07,000,00,2,4,02,B01
200700027847,0,07,000,00,2,4,01,C01
200700027848,0,07,000,09,0,1,01,A01
200700027849,0,07,000,00,1,3,15,A01
200700027850,0,02,000,00,1,1,01,A01
200700027851,0,07,000,00,2,0,18,A01
200700027851,0,05,000,00,2,2,02,B01
200700027852,0,17,000,06,0,1,01,A01
200700027853,0,07,000,00,2,1,15,A01
200700027853,0,05,000,00,2,1,01,B01
200700027854,0,07,000,00,2,3,15,A01
200700027854,0,07,000,00,2,3,01,B01
200700027855,0,07,000,00,2,3,02,A01
200700027855,0,07,000,00,2,9,15,B01
200700027855,0,07,000,00,2,3,08,C01
200700027856,0,02,000,00,2,1,01,B01
200700027856,0,07,000,00,2,3,15,A01
200700027857,0,07,000,00,2,1,01,B01
200700027857,0,33,000,00,2,3,15,A01
200700027858,0,07,000,00,2,1,13,A01
200700027858,0,07,000,00,2,1,01,B01
200700027859,0,02,000,00,2,1,13,A01
200700027859,0,07,000,00,2,1,01,B01
200700027860,0,02,000,00,2,1,01,A01
200700027860,0,07,000,00,2,6,01,B01
200700027861,0,02,000,00,2,1,09,A01
200700027861,0,07,000,00,2,3,02,B01
200700027862,0,07,000,00,2,0,14,A01
200700027862,0,33,000,00,2,7,01,B01
200700027863,0,31,000,00,2,1,01,A01
200700027863,0,07,000,00,2,4,01,B01
200700027864,0,07,000,00,2,1,01,B01
200700027864,0,07,000,00,2,6,15,A01
200700027865,0,07,000,00,2,1,01,B01
200700027865,0,07,000,00,2,3,01,A01
200700027866,0,02,000,00,2,1,01,A01
200700027866,0,07,000,00,2,4,01,B01
200700027867,0,01,000,00,2,1,01,B01
200700027867,0,07,000,00,2,2,01,A01
200700027868,0,07,000,00,2,3,13,A01
200700027868,0,07,000,00,2,3,01,B01
200700027869,0,07,000,00,2,1,01,B01
200700027869,0,07,000,00,2,1,01,C01
200700027869,0,07,000,00,2,3,15,A01
200700027870,0,07,000,00,2,1,00,A01
200700027870,0,07,000,00,2,4,01,B01
200700027871,1,07,000,00,1,1,01,A01
200700027872,0,07,000,00,1,5,04,A01
200700027873,0,02,000,04,0,1,09,A01
200700027874,0,07,000,00,1,4,04,A01
200700027875,0,07,000,07,0,2,06,A01
200700027876,0,01,000,00,1,1,15,A01
200700027877,0,07,000,00,2,5,15,A01
200700027877,0,07,000,00,2,1,01,B01
200700027878,0,01,000,01,0,1,02,A01
200700027879,0,01,000,00,2,8,01,B01
200700027879,0,07,000,00,2,1,01,A01
200700027880,0,07,000,00,2,3,15,A01
200700027880,0,07,000,00,2,2,01,B01
200700027881,0,07,000,00,1,1,01,A01
200700027882,0,07,000,06,0,0,19,A01
200700027883,0,07,000,00,0,1,11,A01
200700027883,0,10,000,00,2,4,24,B01
200700027884,0,07,000,00,2,7,15,A01
200700027884,0,30,000,00,2,1,18,B01
200700027885,0,30,000,00,2,1,01,A01
200700027885,0,07,000,00,2,5,01,B01