Num_Acc,senc,catv,occutc,obs,obsm,choc,manv,num_veh
200700027886,0,07,000,00,2,3,15,A01
200700027886,0,30,000,00,2,5,17,B01
200700027887,0,07,000,00,0,6,01,A01
200700027887,0,33,000,00,2,1,01,B01
200700027887,0,01,000,00,0,0,01,C01
200700027888,0,07,000,00,0,4,02,A01
200700027888,0,07,000,00,0,4,02,B01
200700027888,0,07,000,00,2,1,02,C01
200700027889,0,07,000,00,2,4,01,A01
200700027889,0,07,000,00,2,1,01,B01
200700027890,0,14,000,00,1,8,15,A01
200700027891,0,32,000,01,0,1,01,A01
200700027892,0,07,000,00,1,2,01,A01
200700027893,0,02,000,00,2,1,02,A01
200700027893,0,01,000,00,2,4,02,B01
200700027894,0,07,000,00,2,1,13,A01
200700027894,0,07,000,00,2,1,00,B01
200700027895,0,07,000,00,2,1,02,A01
200700027895,0,07,000,00,2,4,02,B01
200700027896,0,33,000,00,2,8,01,B01
200700027896,0,07,000,00,2,1,15,A01
200700027897,0,07,000,15,0,9,02,A01
200700027898,0,07,000,01,0,7,01,A01
200700027899,1,33,000,00,1,0,00,A01
200700027900,0,07,000,00,2,2,02,A01
200700027900,0,01,000,00,0,0,00,B01
200700027901,0,07,000,00,1,1,01,A01
200700027902,0,03,000,00,2,3,13,A01
200700027902,0,07,000,00,2,8,00,B01
200700027903,0,07,000,15,0,7,00,A01
200700027904,0,07,000,00,2,8,00,B01
200700027904,0,07,000,00,2,1,02,A01
200700027905,0,14,000,00,1,2,16,A01
200700027906,0,07,000,00,2,8,15,A01
200700027906,0,07,000,00,2,1,01,B01
200700027907,0,07,000,00,1,1,01,A01
200700027908,0,07,000,00,9,3,01,B01
200700027908,0,01,000,00,2,1,01,A01
200700027909,0,07,000,00,2,2,15,A01
200700027909,0,07,000,00,2,1,01,B01
200700027910,0,01,000,00,1,1,05,A01
200700027911,0,07,000,00,2,1,02,A01
200700027911,0,07,000,00,2,4,23,B01
200700027912,0,07,000,00,1,1,02,A01
200700027913,0,07,000,06,0,1,01,A01
200700027914,0,07,000,00,2,4,01,A01
200700027914,2,07,000,00,2,1,02,B01
200700027915,0,07,000,00,2,1,02,A01
200700027915,0,07,000,00,2,4,23,B01
200700027915,0,07,000,00,2,4,23,C01
200700027916,0,07,000,00,2,8,15,A01
200700027916,0,07,000,00,2,1,01,B01
200700027917,0,07,000,00,2,1,01,A01
200700027917,0,07,000,00,2,3,01,B01
200700027918,0,07,000,00,2,1,01,A01
200700027918,0,07,000,00,2,3,01,B01
200700027919,0,01,000,00,1,1,01,A01
200700027920,0,07,000,00,2,2,01,B01
200700027920,0,02,000,00,2,9,18,A01
200700027921,0,07,000,00,1,2,01,A01
200700027922,0,07,000,02,0,8,01,A01
200700027923,0,07,000,00,2,1,01,B01
200700027923,0,07,000,00,2,3,19,A01
200700027924,0,31,000,00,2,1,02,A01
200700027924,0,07,000,00,2,4,02,B01
200700027925,0,07,000,00,2,4,15,B01
200700027925,0,07,000,00,2,1,01,A01
200700027926,0,01,000,00,0,0,01,A01
200700027927,0,30,000,00,0,0,01,A01
200700027928,0,07,000,00,2,7,01,B01
200700027928,0,07,000,00,2,1,09,A01
200700027929,0,07,000,00,1,1,00,A01
200700027930,0,07,000,00,1,1,01,A01
200700027931,0,07,000,00,2,2,20,B01
200700027931,0,02,000,00,2,1,01,A01
200700027932,0,07,000,00,2,3,01,B01
200700027932,0,02,000,00,2,1,01,A01
200700027933,0,01,000,00,0,0,01,B01
200700027933,0,07,000,00,0,0,24,A01
200700027934,0,07,000,10,0,1,02,A01
200700027935,0,31,000,00,1,1,01,A01
200700027936,0,07,000,14,0,1,02,A01
200700027937,0,02,000,00,2,5,02,A01
200700027937,0,07,000,00,2,4,02,B01
200700027938,0,02,000,00,2,0,15,A01
200700027938,0,07,000,00,2,1,00,B01
200700027938,0,07,000,00,2,1,00,C01
200700027939,0,32,000,00,2,3,02,A01
200700027939,0,07,000,00,2,3,00,B01
200700027940,0,37,001,00,1,2,01,A01
200700027941,0,07,000,00,1,1,01,A01
200700027942,0,07,000,00,1,1,01,A01
200700027943,0,15,000,05,0,3,16,A01
200700027944,0,07,000,00,9,5,19,A01
200700027944,0,07,000,00,0,1,01,B01
200700027945,0,02,000,00,2,0,01,B01
200700027945,0,07,000,00,2,3,15,A01
200700027946,0,07,000,00,1,4,04,A01
200700027947,0,33,000,00,0,9,01,A01
200700027948,0,07,000,00,2,8,01,B01
200700027948,0,02,000,00,2,7,01,A01
200700027949,1,07,000,00,1,1,01,A01
200700027950,0,07,000,00,2,2,01,B01
200700027950,0,02,000,00,2,1,01,A01
200700027951,0,07,000,00,2,1,01,A01
200700027951,0,07,000,00,2,4,01,B01
200700027951,0,07,000,00,2,4,01,C01
200700027952,0,07,000,00,2,1,01,A01
200700027952,0,07,000,00,2,1,01,B01
200700027952,0,07,000,00,2,4,01,C01
200700027953,0,07,000,00,2,1,01,A01
200700027953,0,07,000,00,2,1,00,B01
200700027954,0,30,000,07,0,1,00,A01
200700027955,0,07,000,06,0,1,01,A01
200700027956,0,32,000,00,0,8,00,A01
200700027957,0,30,000,00,0,0,01,A01
200700027958,0,30,000,00,2,1,09,A01
200700027958,0,30,000,00,2,1,01,B01
200700027959,0,07,000,00,2,1,01,A01
200700027959,0,01,000,00,2,8,01,B01
200700027960,0,07,000,01,0,7,01,A01
200700027961,0,07,000,01,0,8,01,A01
200700027962,0,07,000,00,2,3,09,A01
200700027962,0,33,000,00,2,1,01,B01
200700027963,0,07,000,00,2,1,01,A01
200700027963,0,01,000,00,2,1,01,B01
200700027964,0,33,000,00,2,1,01,A01
200700027964,0,07,000,00,2,3,01,B01
200700027965,0,07,000,00,1,1,01,A01
200700027966,0,07,000,14,0,3,01,A01
200700027967,0,07,000,00,2,8,17,A01
200700027967,0,01,000,00,2,8,15,B01
200700027968,0,30,000,12,0,0,13,A01
200700027969,0,07,000,00,2,3,13,A01
200700027969,0,02,000,12,2,1,17,B01
200700027970,0,02,000,12,0,2,01,A01
200700027971,0,37,000,01,0,6,16,A01
200700027972,0,30,000,00,2,1,01,A01
200700027972,0,07,000,00,2,3,01,B01
200700027973,0,07,000,00,2,2,16,A01
200700027973,0,30,000,00,2,1,18,B01
200700027974,0,07,000,00,1,1,01,A01
200700027975,0,07,000,00,2,1,13,A01
200700027975,0,07,000,00,2,1,01,B01
200700027976,0,07,000,00,2,1,15,A01
200700027976,0,07,000,00,2,1,01,B01
200700027977,0,33,000,00,2,3,17,A01
200700027977,0,07,000,00,9,6,15,B01
200700027978,0,33,000,00,0,0,01,B01
200700027978,0,07,000,00,0,0,01,A01
200700027979,0,07,000,00,0,0,02,A01
200700027979,0,10,000,00,2,1,02,B01
200700027979,0,07,000,00,2,1,02,C01
200700027980,0,07,000,08,0,1,14,A01
200700027981,0,07,000,00,2,1,01,A01
200700027981,0,07,000,00,0,4,01,B01
200700027982,0,07,000,00,2,4,01,A01
200700027982,0,07,000,00,2,2,01,B01
200700027983,0,07,000,00,0,0,13,A01
200700027984,0,07,000,03,0,1,00,A01
200700027985,0,02,000,00,2,1,02,A01
200700027985,0,07,000,00,2,4,02,B01
200700027986,0,07,000,00,2,1,01,A01
200700027986,0,07,000,00,2,1,01,B01
200700027987,0,30,000,00,2,1,15,A01
200700027987,0,07,000,00,2,2,16,B01
200700027988,0,07,000,00,2,8,15,A01
200700027988,0,33,000,00,2,1,17,B01
200700027989,0,07,000,00,2,2,15,A01
200700027989,0,07,000,00,2,1,01,B01
200700027990,0,07,000,00,2,3,01,A01
200700027990,0,01,000,00,2,1,19,B01
200700027991,0,07,000,00,1,2,01,A01
200700027992,0,07,000,12,0,7,01,A01
200700027993,0,30,000,00,1,3,01,A01
200700027994,0,07,000,00,2,1,01,B01
200700027994,0,07,000,00,2,3,15,A01
200700027995,0,07,000,00,2,2,00,A01
200700027995,0,14,000,00,2,3,01,B01
200700027996,0,33,000,00,0,2,00,A01
200700027997,0,30,000,00,1,1,01,A01
200700027998,1,07,000,00,2,6,00,A01
200700027998,0,30,000,00,2,1,19,B01
200700027999,0,07,000,14,0,1,00,A01
200700028000,0,07,000,00,1,0,01,A01
200700028001,0,07,000,00,1,1,01,A01
200700028002,0,10,000,00,2,2,16,A01
200700028002,0,01,000,00,2,1,01,B01
200700028003,0,33,000,00,2,1,01,A01
200700028003,0,07,000,00,2,5,16,B01
200700028004,0,07,000,00,0,0,11,A01
200700028004,0,33,000,00,0,0,01,B01
200700028005,0,01,000,00,1,1,01,B01
200700028006,0,07,000,00,2,1,02,A01
200700028006,0,07,000,00,2,4,23,B01
200700028006,0,07,000,00,2,4,23,C01
200700028007,1,07,000,00,2,1,01,A01
200700028007,0,02,000,00,2,3,01,B01
200700028008,0,07,000,00,2,1,02,A01
200700028008,0,07,000,00,2,4,02,B01
200700028008,0,07,000,00,2,4,02,C01
200700028009,0,02,000,16,0,0,01,A01
200700028010,0,07,000,08,0,5,00,A01
200700028011,0,07,000,00,2,1,01,A01
200700028011,0,07,000,00,2,4,15,B01
200700028012,0,07,000,00,2,1,02,A01
200700028012,0,07,000,00,2,1,02,B01
200700028012,0,30,000,00,2,4,02,C01
200700028013,0,07,000,00,2,1,01,A01
200700028013,0,07,000,00,2,3,01,B01
200700028014,0,07,000,00,2,3,19,A01
200700028014,0,34,000,00,2,1,01,B01
200700028015,0,07,000,06,0,1,00,A01
200700028016,0,07,000,00,2,1,02,A01
200700028016,0,07,000,00,2,1,02,B01
200700028016,0,07,000,00,2,4,02,C01
200700028017,0,07,000,07,2,8,01,A01
200700028017,0,07,000,00,2,1,01,B01
200700028018,0,33,000,01,2,1,02,A01
200700028018,1,07,000,00,2,0,02,B01
200700028019,0,30,000,00,0,0,01,A01
200700028020,0,07,000,00,1,0,01,A01
200700028021,0,30,000,00,1,1,01,A01
200700028022,0,07,000,00,1,0,01,A01
200700028023,2,07,000,01,1,1,00,A01
200700028024,0,02,000,00,2,8,05,A01
200700028024,0,07,000,00,2,2,01,B01
200700028025,0,07,000,00,1,1,01,A01
200700028026,0,07,000,01,0,3,00,A01
200700028027,0,10,000,00,2,1,01,B01
200700028027,0,07,000,00,2,8,01,A01
200700028028,0,07,000,00,2,1,13,A01
200700028028,0,07,000,00,2,1,01,B01
200700028029,0,07,000,00,1,1,01,A01
200700028030,0,07,000,00,1,7,01,A01
200700028031,0,34,000,00,2,2,17,A01
200700028031,0,07,000,00,2,3,01,B01
200700028032,0,07,000,00,0,9,13,A01
200700028033,0,07,000,00,2,2,02,A01
200700028033,0,07,000,00,1,4,01,B01
200700028034,0,30,000,01,0,1,02,A01
200700028034,0,07,000,01,2,6,23,B01
200700028035,0,07,000,00,2,1,01,A01
200700028035,0,07,000,00,2,4,01,B01
200700028036,0,02,000,00,2,1,01,A01
200700028036,0,07,000,00,2,2,01,B01
200700028037,0,07,000,00,0,0,01,A01
200700028037,0,07,000,00,2,1,01,D01
200700028037,0,07,000,00,2,1,13,B01
200700028037,0,07,000,00,2,1,01,C01
200700028038,0,99,000,08,0,0,01,A01
200700028039,0,07,000,00,2,1,01,A01
200700028039,0,07,000,00,2,4,01,B01
200700028040,0,33,000,00,0,0,01,A01
200700028041,0,33,000,00,1,7,01,A01
200700028042,0,30,000,00,2,1,00,A01
200700028042,0,07,000,00,2,4,01,B01
200700028043,0,07,000,06,0,1,01,A01
200700028044,0,07,000,01,0,2,01,A01
200700028045,0,07,000,00,2,1,02,A01
200700028045,0,07,000,00,0,4,23,B01
200700028046,0,07,000,00,2,3,01,A01
200700028046,0,07,000,00,2,8,01,B01
200700028047,0,07,000,15,0,1,01,A01
200700028048,0,07,000,00,9,1,00,A01
200700028048,0,01,000,00,2,7,01,B01
200700028049,0,07,000,00,2,1,11,A01
200700028049,0,07,000,00,2,4,02,B01
200700028050,0,99,000,01,0,9,01,A01
200700028051,0,07,000,00,9,1,01,A01
200700028051,0,01,000,00,2,0,19,B01
200700028052,0,07,000,01,2,2,00,A01
200700028052,0,10,000,00,2,3,09,B01
200700028053,0,07,000,00,2,3,05,A01
200700028053,0,07,000,00,2,8,01,B01
200700028054,0,07,000,00,1,1,01,A01
200700028055,0,07,000,00,2,7,15,A01
200700028055,0,07,000,00,2,2,01,B01
200700028056,0,33,000,14,0,7,00,A01
200700028057,0,31,000,00,2,1,00,A01
200700028057,0,07,000,00,2,1,00,B01
200700028058,0,10,000,06,0,9,01,A01
200700028059,0,02,000,00,1,1,07,A01
200700028060,0,07,000,00,1,2,01,A01
200700028060,0,07,000,00,1,1,01,B01
200700028061,0,07,000,00,2,4,11,A01
200700028061,0,33,000,00,2,9,01,B01
200700028062,0,30,000,00,2,1,20,A01
200700028062,0,07,000,00,0,8,01,B01
200700028063,0,07,000,04,0,9,01,A01
200700028064,0,02,000,00,2,7,17,A01
200700028064,0,07,000,00,2,8,23,B01
200700028065,2,14,000,00,2,0,13,A01
200700028065,0,33,000,00,2,3,17,B01
200700028066,0,33,000,00,2,1,02,A01
200700028066,0,07,000,00,0,4,02,B01
200700028067,0,33,000,03,0,8,01,A01
200700028068,0,07,000,00,2,2,12,A01
200700028068,0,07,000,00,2,8,01,B01
200700028068,0,07,000,00,2,6,01,C01
200700028069,0,07,000,00,2,1,01,A01
200700028069,0,07,000,00,0,6,01,B01
200700028070,0,07,000,01,0,7,03,A01
200700028070,0,07,000,00,2,8,24,B01
200700028071,0,07,000,00,2,1,01,A01
200700028071,0,07,000,00,2,4,01,B01
200700028072,0,02,000,00,2,2,14,A01
200700028072,0,07,000,00,2,3,01,B01
200700028073,0,07,000,00,0,2,21,A01
200700028073,0,07,000,00,2,1,01,B01
200700028074,0,02,000,15,0,3,01,A01
200700028075,0,33,000,00,2,4,15,C01
200700028075,0,07,000,00,2,4,23,B01
200700028075,0,07,000,00,2,1,01,A01
200700028076,0,07,000,00,2,6,01,A01
200700028076,0,02,000,00,2,1,01,B01
200700028077,0,30,000,00,2,7,01,A01
200700028077,1,07,000,00,0,7,15,B01
200700028078,0,02,000,00,2,1,13,A01
200700028078,0,07,000,00,2,8,01,B01
200700028079,0,07,000,06,2,6,01,A01
200700028079,0,07,000,00,2,3,01,B01
200700028080,0,30,000,00,2,7,17,A01
200700028080,1,07,000,00,2,3,01,B01
200700028081,0,07,000,00,2,7,23,A01
200700028081,0,02,000,00,2,2,22,B01
200700028082,0,07,000,00,1,1,15,A01
200700028083,0,07,000,00,2,3,01,A01
200700028083,0,33,000,00,2,7,17,B01
200700028084,0,07,000,04,2,1,01,A01
200700028084,0,14,000,00,0,4,01,B01
200700028085,0,33,000,00,2,2,01,A01
200700028085,0,07,000,00,2,4,01,B01
200700028086,0,07,000,00,2,1,01,A01
200700028086,0,07,000,00,2,4,01,B01
200700028087,0,07,000,00,0,0,10,A01
200700028087,0,07,000,00,0,7,15,B01
200700028087,0,33,000,00,2,1,01,C01
200700028088,0,07,000,00,2,3,01,A01
200700028088,0,07,000,04,0,4,01,B01
200700028089,0,07,000,03,2,1,17,A01
200700028089,0,07,000,00,0,4,01,B01
200700028090,0,07,000,00,2,8,15,A01
200700028090,0,07,000,00,2,3,01,B01
200700028091,0,07,000,00,2,1,13,A01
200700028091,0,07,000,00,2,1,01,B01
200700028092,0,07,000,00,2,1,01,A01
200700028092,0,07,000,00,2,4,01,B01
200700028093,0,07,000,05,0,1,01,A01
200700028094,0,07,000,05,0,1,01,A01
200700028095,0,07,000,00,2,2,01,A01
200700028095,0,01,000,00,2,8,13,B01
200700028096,0,37,001,00,1,0,01,A01
200700028097,0,07,000,00,2,2,15,A01
200700028097,0,33,000,00,2,1,01,B01
200700028098,0,07,000,00,2,5,16,A01
200700028098,0,01,000,00,2,1,01,B01
200700028099,0,33,000,00,2,1,01,A01
200700028099,0,07,000,00,2,6,01,B01
200700028100,0,07,000,00,2,2,12,A01
200700028100,0,33,000,00,2,8,01,B01
200700028101,0,07,000,00,2,0,11,A01
200700028101,0,34,000,00,2,2,01,B01
200700028102,1,07,000,00,1,0,00,A01
200700028103,0,07,000,02,0,9,13,A01
200700028104,0,07,000,00,2,7,20,A01
200700028104,0,01,000,00,2,8,01,B01
200700028105,0,07,000,00,2,2,15,A01
200700028105,0,30,000,00,2,1,01,B01
200700028106,0,07,000,00,2,3,15,A01
200700028106,0,01,000,00,2,1,01,B01
200700028107,0,30,000,00,2,1,01,A01
200700028107,0,07,000,00,2,1,01,B01
200700028108,0,07,000,04,2,9,01,A01
200700028108,0,10,000,00,2,4,01,B01
200700028109,0,01,000,00,2,1,01,A01
200700028109,0,07,000,00,2,3,15,B01
200700028110,0,33,000,14,0,3,12,A01
200700028111,0,07,000,00,2,3,19,A01
200700028111,0,02,000,00,2,1,01,B01
200700028112,0,07,000,01,0,2,14,A01
200700028113,0,07,000,00,2,5,01,A01
200700028113,0,31,000,00,2,1,01,B01
200700028114,0,32,000,00,1,1,01,A01
200700028115,0,30,000,00,2,6,15,A01
200700028115,0,33,000,00,2,1,01,B01
200700028116,0,07,000,00,2,2,16,A01
200700028116,0,33,000,00,2,1,01,B01
200700028117,0,07,000,00,2,1,12,A01
200700028117,0,31,000,00,2,6,01,B01
200700028118,0,33,000,00,2,1,17,A01
200700028118,0,07,000,00,0,2,09,B01
200700028119,0,07,000,01,0,3,13,A01
200700028120,0,07,000,00,1,1,01,A01
200700028121,0,07,000,00,2,4,04,A01
200700028121,0,30,000,00,2,1,01,B01
200700028122,0,07,000,04,0,5,01,A01
200700028123,0,30,000,00,0,0,13,A01
200700028124,0,07,000,00,2,1,01,A01
200700028124,0,07,000,00,2,4,23,B01
200700028125,0,07,000,04,0,1,01,A01
200700028126,0,07,000,01,2,3,20,A01
200700028126,0,07,000,00,2,1,01,B01
200700028127,0,07,000,00,2,3,01,A01
200700028127,0,07,000,00,2,2,01,B01
200700028128,0,07,000,05,0,1,13,A01
200700028129,0,07,000,00,2,1,16,A01
200700028129,0,07,000,00,2,2,01,B01
200700028130,0,07,000,00,2,1,13,A01
200700028130,0,07,000,00,2,3,01,B01
200700028130,0,07,000,00,2,1,01,C01
200700028131,0,07,000,00,2,1,09,A01
200700028131,0,33,000,00,2,1,01,B01
200700028132,0,10,000,00,0,8,09,A01
200700028132,0,33,000,00,2,1,01,B01
200700028133,0,07,000,00,2,1,01,A01
200700028133,0,07,000,00,2,1,01,B01
200700028133,0,07,000,00,2,4,01,C01
200700028134,0,07,000,04,0,6,13,A01
200700028135,0,07,000,04,2,2,13,A01
200700028135,0,07,000,00,2,3,01,B01
200700028136,0,01,000,00,0,1,19,A01
200700028136,0,02,000,00,2,2,07,B01
200700028136,0,07,000,00,2,5,01,C01
200700028137,0,31,000,00,0,1,01,A01
200700028138,0,07,000,04,0,1,14,A01
200700028139,0,33,000,00,2,4,23,B01
200700028139,0,07,000,00,2,2,02,A01
200700028140,0,32,000,00,6,1,01,A01
200700028141,0,07,000,02,0,1,01,A01
200700028142,0,07,000,00,2,1,02,A01
200700028142,0,07,000,00,2,4,23,B01
200700028143,0,07,000,00,2,1,01,D01
200700028143,0,07,000,00,2,4,21,C01
200700028143,0,07,000,00,2,8,01,B01
200700028143,0,07,000,00,2,1,13,A01
200700028144,0,10,000,00,2,1,15,A01
200700028144,0,33,000,00,2,1,01,B01
200700028145,0,32,000,00,2,1,01,A01
200700028145,0,07,000,00,2,4,01,B01
200700028146,0,07,000,06,2,1,01,A01
200700028146,0,07,000,00,2,3,01,B01
200700028147,2,07,000,00,0,0,01,A01
200700028147,0,07,000,00,0,9,02,B01
200700028148,0,07,000,00,2,8,15,A01
200700028148,0,30,000,00,2,7,17,B01
200700028149,0,02,000,00,2,1,00,B01
200700028149,0,07,000,00,2,3,00,A01
200700028150,0,07,000,00,2,3,01,B01
200700028150,0,07,000,00,2,1,01,A01
200700028151,0,07,000,00,2,0,01,B01
200700028151,0,31,000,00,2,1,01,A01
200700028152,0,07,000,14,0,1,01,A01
200700028152,0,10,000,14,0,4,23,B01
200700028152,0,07,000,00,0,4,23,C01
200700028153,0,02,000,14,0,1,01,A01
200700028153,0,10,000,00,0,4,23,B01
200700028154,0,07,000,00,2,3,01,A01
200700028154,0,07,000,00,0,4,00,B01
200700028155,0,07,000,00,2,2,15,A01
200700028155,0,31,000,00,2,1,01,B01
200700028156,0,07,000,00,2,1,15,A01
200700028156,0,33,000,00,2,1,01,B01
200700028157,0,31,000,00,2,1,01,A01
200700028157,0,07,000,00,0,4,23,B01
200700028158,0,07,000,00,2,2,15,A01
200700028158,0,02,000,00,2,4,21,B01
200700028158,0,07,000,00,2,1,01,C01
200700028159,0,02,000,00,2,2,01,A01
200700028159,0,07,000,00,2,3,01,B01
200700028160,0,07,000,00,2,7,01,A01
200700028160,0,33,000,00,2,8,01,B01
200700028161,0,07,000,00,2,1,01,A01
200700028161,0,07,000,00,2,8,01,B01
200700028162,0,07,000,06,0,1,01,A01
200700028163,0,07,000,00,2,1,01,A01
200700028163,0,02,000,00,0,4,01,B01
200700028164,1,07,000,14,0,1,01,C01
200700028164,0,07,000,14,0,4,23,A01
200700028164,0,07,000,00,0,4,23,B01
200700028165,0,07,000,00,1,1,01,A01
200700028166,0,07,000,00,2,1,15,A01
200700028166,0,07,000,00,2,2,01,B01
200700028167,0,07,000,00,2,1,01,A01
200700028167,0,07,000,00,2,4,01,B01
200700028167,0,07,000,00,2,4,01,C01
200700028168,0,07,000,14,0,1,01,A01
200700028168,0,07,000,00,2,4,23,B01
200700028169,0,02,000,14,0,1,01,A01
200700028169,0,07,000,00,0,4,23,B01
200700028170,0,10,000,00,2,1,01,A01
200700028170,0,33,000,14,0,4,01,B01
200700028170,0,07,000,00,0,4,01,C01
200700028171,0,02,000,00,2,1,17,A01
200700028171,0,07,000,00,2,3,15,B01
200700028172,0,07,000,00,2,2,16,A01
200700028172,0,02,000,00,2,8,01,B01
200700028173,0,07,000,00,2,1,01,A01
200700028173,0,07,000,14,0,4,02,B01
200700028173,0,10,000,00,0,5,23,C01
200700028174,0,07,000,00,2,8,15,A01
200700028174,0,10,000,00,2,1,01,B01
200700028175,0,02,000,01,0,7,01,A01
200700028176,0,02,000,00,2,1,17,A01
200700028176,0,07,000,00,2,3,15,B01
200700028177,0,02,000,00,2,7,01,B01
200700028177,0,07,000,00,2,1,15,A01
200700028178,0,07,000,00,0,3,15,A01
200700028178,0,33,000,00,2,7,17,B01
200700028179,0,02,000,00,2,1,01,A01
200700028179,0,07,000,00,2,3,10,B01
200700028180,0,07,000,00,2,1,01,A01
200700028180,0,07,000,14,0,4,23,B01
200700028180,0,07,000,00,0,4,23,C01
200700028181,0,10,000,00,2,1,01,A01
200700028181,0,07,000,14,0,4,01,B01
200700028181,0,07,000,00,0,4,23,C01
200700028182,0,07,000,00,2,1,01,A01
200700028182,0,07,000,01,2,1,01,B01
200700028183,0,07,000,00,1,1,01,A01
200700028184,0,01,000,00,0,4,16,A01
200700028184,1,02,000,00,2,1,01,B01
200700028185,0,07,000,14,0,1,01,A01
200700028186,0,07,000,00,2,2,15,A01
200700028186,0,01,000,00,2,1,01,B01
200700028187,0,31,000,00,1,1,03,A01
200700028188,0,07,000,01,2,8,01,A01
200700028188,0,07,000,06,2,1,01,B01
200700028189,0,07,000,00,2,1,01,A01
200700028189,0,07,000,00,0,4,15,B01
200700028190,0,02,000,00,2,1,15,A01
200700028190,0,07,000,00,2,3,01,B01
200700028191,0,07,000,00,1,7,01,A01
200700028192,0,02,000,00,0,9,01,A01
200700028193,0,02,000,01,0,7,01,A01
200700028194,0,02,000,00,2,8,01,A01
200700028194,0,07,000,00,2,7,14,B01
200700028195,0,07,000,08,2,1,01,A01
200700028195,0,37,001,00,2,1,01,B01
200700028196,0,01,000,00,1,0,01,A01
200700028197,0,07,000,01,0,2,01,A01
200700028197,0,07,000,00,2,3,24,B01
200700028198,1,07,000,00,2,1,01,A01
200700028198,0,07,000,00,2,6,15,B01
200700028199,0,01,000,00,0,7,19,A01
200700028199,0,31,000,00,2,1,01,B01
200700028199,0,07,000,00,2,7,01,C01
200700028200,0,07,000,00,2,1,15,A01
200700028200,0,07,000,07,2,3,01,B01
200700028201,0,07,000,00,2,0,15,A01
200700028201,0,02,000,00,2,1,01,B01
200700028202,0,07,000,00,2,1,15,A01
200700028202,0,07,000,00,2,1,01,B01
200700028203,0,07,000,00,2,2,22,A01
200700028203,0,01,000,14,0,1,01,B01
200700028204,0,07,000,14,0,1,11,A01
200700028204,0,07,000,00,0,4,23,B01
200700028205,0,07,000,00,2,3,15,A01
200700028205,0,07,000,00,2,1,01,B01
200700028206,1,07,000,00,2,0,16,A01
200700028206,0,02,000,00,2,1,01,B01
200700028207,0,30,000,12,0,7,01,A01
200700028208,0,07,000,12,2,2,01,B01
200700028208,0,99,000,00,2,1,01,A01
200700028209,0,10,000,00,1,1,04,A01
200700028210,0,01,000,00,2,1,01,B01
200700028210,0,07,000,00,2,1,15,A01
200700028211,0,07,000,00,1,3,01,A01
200700028212,0,07,000,00,2,5,15,A01
200700028212,0,30,000,00,2,1,01,B01
200700028213,0,07,000,08,2,1,06,A01
200700028213,0,07,000,00,2,3,01,B01
200700028214,0,07,000,00,1,2,16,A01
200700028215,0,01,000,01,4,1,01,A01
200700028215,0,40,000,00,2,2,01,C01
200700028216,0,31,000,01,0,1,01,A01
200700028217,0,07,000,00,2,8,20,A01
200700028217,0,02,000,00,2,1,01,B01
200700028218,0,07,000,00,1,2,01,A01
200700028219,0,20,000,00,1,2,01,A01
200700028220,0,07,000,00,2,1,15,A01
200700028220,0,31,000,00,0,4,15,B01
200700028221,0,07,000,00,2,3,15,A01
200700028221,0,33,000,00,2,2,01,B01
200700028222,0,07,000,00,2,5,15,A01
200700028222,0,02,000,00,2,1,01,B01
200700028223,0,07,000,00,1,4,04,A01
200700028224,0,10,000,00,2,1,15,A01
200700028224,0,07,000,00,2,8,01,B01
200700028225,0,02,000,00,2,2,01,A01
200700028225,0,07,000,00,2,1,01,B01
200700028226,0,07,000,14,0,1,01,A01
200700028226,0,07,000,00,0,4,15,B01
200700028227,0,33,000,00,2,1,17,A01
200700028227,0,10,000,00,2,3,15,B01
200700028228,0,07,000,01,2,1,15,A01
200700028228,0,02,000,00,2,8,01,B01
200700028229,0,07,000,00,2,1,15,A01
200700028229,0,31,000,00,2,3,01,B01
200700028230,1,07,000,00,1,0,01,A01
200700028231,0,01,000,14,0,4,19,A01
200700028231,0,07,000,00,2,1,23,B01
200700028232,0,07,000,00,1,1,01,A01
200700028233,0,07,000,00,2,1,01,A01
200700028233,0,02,000,00,2,1,01,B01
200700028234,0,10,000,00,2,1,15,A01
200700028234,0,07,000,00,2,1,01,B01
200700028235,0,01,000,00,2,1,05,A01
200700028235,0,07,000,00,2,3,15,B01
200700028236,0,07,000,14,2,1,01,A01
200700028236,0,31,000,00,0,4,23,B01
200700028237,0,33,000,00,2,1,01,A01
200700028237,0,07,000,00,0,4,16,B01
200700028238,0,07,000,00,2,7,15,A01
200700028238,0,07,000,00,2,1,01,B01
200700028239,0,07,000,00,2,1,01,A01
200700028239,0,37,001,00,2,4,01,B01
200700028240,0,01,000,00,0,8,19,A01
200700028240,0,07,000,00,2,1,01,B01
200700028241,0,07,000,00,2,2,15,A01
200700028241,0,31,000,00,2,1,01,B01
200700028242,0,07,000,00,2,7,17,A01
200700028242,0,01,000,00,2,8,01,B01
200700028243,0,01,000,00,1,1,01,A01
200700028244,0,07,000,00,2,1,01,A01
200700028244,0,02,000,00,2,4,02,B01
200700028245,0,10,000,00,1,4,04,A01
200700028246,0,07,000,00,2,3,15,A01
200700028246,0,30,000,00,2,1,01,B01
200700028247,1,01,000,00,1,1,00,A01
200700028248,0,31,000,15,0,1,01,A01
200700028249,0,33,000,00,2,1,17,A01