Num_Acc,senc,catv,occutc,obs,obsm,choc,manv,num_veh
200700028249,0,07,000,00,2,6,15,B01
200700028250,1,02,000,00,1,1,01,A01
200700028251,0,01,000,00,2,0,15,A01
200700028251,0,07,000,00,2,1,01,B01
200700028252,0,07,000,00,2,2,15,A01
200700028252,0,02,000,00,2,1,01,B01
200700028253,0,07,000,00,0,1,15,A01
200700028253,0,02,000,00,2,1,01,B01
200700028254,0,07,000,00,2,2,01,A01
200700028254,0,02,000,00,2,1,05,B01
200700028255,0,31,000,00,2,8,01,A01
200700028255,0,07,000,00,2,2,15,B01
200700028256,1,10,000,00,0,0,00,A01
200700028256,0,07,000,00,0,9,21,B01
200700028257,0,07,000,00,2,3,01,A01
200700028257,0,07,000,00,2,3,01,B01
200700028258,0,07,000,00,2,1,15,A01
200700028258,0,07,000,00,2,1,01,B01
200700028259,0,07,000,00,1,4,23,A01
200700028259,0,07,000,00,2,1,02,B01
200700028259,0,07,000,00,2,1,02,C01
200700028260,0,07,000,00,1,3,09,A01
200700028261,0,33,000,00,0,1,01,A01
200700028262,0,07,000,00,2,1,02,A01
200700028262,0,07,000,00,2,4,02,B01
200700028263,0,30,000,03,0,1,01,A01
200700028264,0,31,000,00,2,1,01,A01
200700028264,0,07,000,00,2,4,16,B01
200700028265,0,07,000,00,1,1,01,A01
200700028266,0,07,000,00,1,0,01,A01
200700028267,0,35,000,01,2,7,14,A01
200700028267,0,07,000,00,2,1,02,B01
200700028267,0,07,000,00,2,3,00,D01
200700028268,0,16,000,00,2,3,01,B01
200700028268,0,07,000,00,2,1,01,A01
200700028269,0,33,000,00,0,8,21,A01
200700028270,0,07,000,00,2,1,19,A01
200700028270,0,10,000,00,2,7,19,B01
200700028271,0,07,000,08,0,1,21,A01
200700028272,0,07,000,00,1,1,00,A01
200700028273,0,07,000,00,0,7,15,A01
200700028273,0,33,000,00,2,1,01,B01
200700028274,0,07,000,00,0,4,20,A01
200700028275,0,07,000,00,2,1,02,A01
200700028275,0,07,000,00,2,4,23,B01
200700028276,0,07,000,00,2,1,02,A01
200700028276,0,07,000,00,2,4,23,B01
200700028277,0,07,000,13,0,2,14,A01
200700028278,0,07,000,00,2,3,19,A01
200700028278,0,07,000,00,2,7,19,B01
200700028279,0,07,000,00,2,5,12,B01
200700028279,0,07,000,00,2,1,09,A01
200700028280,0,07,000,09,0,7,14,A01
200700028281,0,07,000,00,2,3,15,A01
200700028281,0,07,000,00,2,3,01,B01
200700028282,0,32,000,00,2,1,01,A01
200700028282,0,33,000,01,2,4,01,B01
200700028283,0,33,000,02,2,1,19,A01
200700028283,0,07,000,00,2,1,01,B01
200700028284,0,30,000,00,2,1,01,A01
200700028284,0,07,000,00,2,4,01,B01
200700028285,1,07,000,00,2,1,02,A01
200700028285,0,07,000,00,2,4,13,B01
200700028286,0,07,000,00,2,1,01,B01
200700028286,0,02,000,00,2,7,19,A01
200700028287,0,30,000,00,0,0,01,A01
200700028288,0,07,000,00,1,2,16,A01
200700028289,0,07,000,00,1,2,01,A01
200700028290,0,07,000,00,2,1,01,B01
200700028290,0,07,000,01,2,8,15,A01
200700028291,0,07,000,00,2,3,01,A01
200700028291,0,07,000,00,2,2,01,B01
200700028292,0,32,000,00,0,1,01,A01
200700028293,0,01,000,00,0,6,01,A01
200700028293,0,31,000,00,9,1,01,B01
200700028294,0,31,000,09,0,1,01,A01
200700028295,0,07,000,00,2,3,15,A01
200700028295,0,33,000,00,2,1,01,B01
200700028296,0,30,000,13,0,1,16,A01
200700028297,0,07,000,00,2,3,15,A01
200700028297,0,33,000,00,2,1,01,B01
200700028298,0,10,000,00,2,2,15,A01
200700028298,0,07,000,00,2,1,01,B01
200700028299,0,07,000,00,2,1,01,A01
200700028299,0,31,000,00,2,1,01,B01
200700028300,0,37,001,00,1,2,01,A01
200700028301,0,30,000,00,2,0,17,A01
200700028301,0,07,000,00,2,8,01,B01
200700028302,0,07,000,00,2,5,15,A01
200700028302,0,33,000,00,2,1,01,B01
200700028303,0,07,000,00,1,2,17,A01
200700028304,0,07,000,00,2,6,02,A01
200700028304,0,07,000,00,2,2,02,B01
200700028305,0,07,000,06,1,1,01,A01
200700028306,0,07,000,00,2,1,01,B01
200700028306,0,30,000,00,2,8,15,A01
200700028307,0,30,000,00,1,1,02,A01
200700028308,0,02,000,01,0,1,01,A01
200700028309,0,07,000,00,1,1,01,A01
200700028310,0,07,000,00,2,1,02,A01
200700028310,0,07,000,00,2,1,02,B01
200700028310,0,07,000,00,2,4,02,C01
200700028311,0,07,000,00,2,1,01,A01
200700028311,0,07,000,00,2,8,01,B01
200700028312,0,07,000,04,0,3,17,A01
200700028313,0,07,000,00,2,2,01,B01
200700028313,0,07,000,00,2,1,15,A01
200700028314,0,07,000,00,0,7,14,A01
200700028314,0,33,000,03,2,3,01,B01
200700028315,0,07,000,08,0,1,01,A01
200700028316,0,30,000,14,0,1,01,A01
200700028317,0,07,000,00,2,3,01,A01
200700028317,0,33,000,00,0,5,23,B01
200700028318,0,07,000,00,2,3,09,A01
200700028318,0,30,000,00,2,1,01,B01
200700028319,0,07,000,00,1,1,01,A01
200700028320,0,07,000,00,2,1,01,A01
200700028320,0,07,000,00,2,4,23,B01
200700028321,0,33,000,00,1,1,07,A01
200700028322,0,07,000,00,2,3,15,A01
200700028322,0,31,000,00,2,7,17,B01
200700028323,0,33,000,00,2,1,13,A01
200700028323,0,38,001,00,0,1,21,B01
200700028323,0,01,000,00,0,1,01,C01
200700028324,0,07,000,00,2,3,05,A01
200700028324,0,07,000,00,2,3,01,B01
200700028325,0,32,000,00,2,1,01,B01
200700028325,0,07,000,00,0,7,19,A01
200700028326,0,07,000,00,2,1,15,A01
200700028326,0,34,000,00,2,1,01,B01
200700028327,0,02,000,00,0,0,01,A01
200700028328,0,01,000,00,0,0,00,A01
200700028328,0,01,000,00,0,0,00,B01
200700028329,0,07,000,00,2,1,01,A01
200700028329,0,07,000,00,0,4,01,B01
200700028330,0,07,000,00,2,2,15,A01
200700028330,0,34,000,00,2,1,01,B01
200700028331,0,07,000,00,1,1,02,A01
200700028331,0,07,000,00,0,0,00,B01
200700028332,0,30,000,00,2,1,01,B01
200700028332,0,07,000,00,2,5,15,A01
200700028333,0,40,000,00,2,1,01,B01
200700028333,0,02,000,14,4,9,00,A01
200700028334,0,07,000,00,2,3,09,A01
200700028334,0,30,000,00,2,1,01,B01
200700028335,0,14,000,00,2,7,14,A01
200700028335,0,07,000,00,2,8,01,B01
200700028336,0,07,000,00,2,2,19,A01
200700028336,0,07,000,00,2,8,01,B01
200700028337,0,07,000,11,0,1,01,A01
200700028338,0,30,000,00,2,1,01,A01
200700028338,0,07,000,00,0,4,16,B01
200700028339,0,30,000,00,2,1,01,A01
200700028339,0,07,000,00,2,7,01,B01
200700028340,0,07,000,00,2,2,15,A01
200700028340,0,07,000,00,2,1,01,B01
200700028341,0,30,000,00,0,0,01,A01
200700028342,1,07,000,00,9,2,02,A01
200700028342,0,01,000,00,2,4,02,B01
200700028343,0,07,000,00,2,8,16,A01
200700028343,0,07,000,00,2,1,01,B01
200700028344,0,07,000,00,2,8,15,A01
200700028344,0,02,000,00,2,1,01,B01
200700028345,0,10,000,00,2,3,15,A01
200700028345,0,33,000,00,2,1,01,B01
200700028346,0,07,000,00,1,1,01,A01
200700028347,0,07,000,12,0,3,01,A01
200700028348,0,15,000,00,2,7,16,A01
200700028348,0,01,000,00,2,9,01,B01
200700028349,0,30,000,00,0,7,01,A01
200700028350,0,07,000,00,1,4,04,A01
200700028351,0,07,000,00,2,1,15,A01
200700028351,0,33,000,00,2,1,01,B01
200700028352,0,07,000,00,2,3,09,B01
200700028352,0,01,000,00,2,1,01,A01
200700028353,0,30,000,00,0,7,01,A01
200700028354,0,07,000,11,0,1,01,A01
200700028355,0,07,000,00,2,2,16,A01
200700028355,0,01,000,00,2,1,01,B01
200700028356,0,07,000,00,1,1,01,A01
200700028357,0,07,000,00,2,7,15,A01
200700028357,0,33,000,00,2,3,01,B01
200700028358,0,31,000,00,0,8,01,A01
200700028359,0,07,000,15,0,3,00,A01
200700028360,0,30,000,00,0,3,01,A01
200700028361,0,07,000,00,2,4,01,B01
200700028361,0,07,000,00,2,1,10,A01
200700028362,0,01,000,00,2,2,15,A01
200700028362,0,07,000,00,2,2,16,B01
200700028363,0,02,000,12,0,7,01,A01
200700028364,0,07,000,00,2,6,12,B01
200700028364,0,33,000,00,2,2,16,A01
200700028365,0,07,000,01,2,1,01,B01
200700028365,0,07,000,00,2,7,15,A01
200700028366,0,30,000,00,0,0,00,A01
200700028367,0,07,000,03,0,5,09,A01
200700028368,0,07,000,00,2,1,01,A01
200700028368,0,07,000,00,2,7,01,B01
200700028369,0,07,000,00,2,8,15,A01
200700028369,0,32,000,00,2,4,01,B01
200700028370,0,07,000,00,2,7,15,A01
200700028370,0,01,000,00,2,1,01,B01
200700028371,0,30,000,12,0,8,01,A01
200700028372,0,07,000,00,1,7,01,A01
200700028373,0,02,000,00,2,1,01,A01
200700028373,0,07,000,00,2,3,10,B01
200700028374,0,07,000,00,2,2,16,A01
200700028374,0,07,000,00,2,1,01,B01
200700028375,0,07,000,03,0,1,01,A01
200700028376,0,07,000,00,2,8,01,A01
200700028376,0,02,000,00,2,3,01,B01
200700028377,0,07,000,00,2,4,01,A01
200700028377,0,07,000,00,2,9,01,B01
200700028377,0,07,000,00,2,9,01,C01
200700028377,0,07,000,00,2,1,01,D01
200700028378,0,02,000,01,2,1,01,B01
200700028378,0,07,000,00,2,6,04,A01
200700028378,0,07,000,00,0,6,24,C01
200700028378,0,07,000,00,0,1,24,D01
200700028379,0,07,000,00,2,9,01,A01
200700028380,0,07,000,00,2,1,12,A01
200700028380,0,07,000,00,2,8,01,B01
200700028381,0,07,000,00,2,1,01,A01
200700028381,0,07,000,00,2,7,16,B01
200700028382,1,30,000,00,1,0,00,A01
200700028383,0,07,000,00,1,2,01,A01
200700028384,0,02,000,00,2,2,01,B01
200700028384,0,07,000,00,2,3,15,A01
200700028385,0,07,000,00,2,2,01,A01
200700028385,0,07,000,00,2,4,01,B01
200700028386,0,07,000,08,2,1,01,A01
200700028386,0,07,000,08,2,1,01,B01
200700028387,0,07,000,00,2,3,20,A01
200700028387,0,32,000,00,2,1,01,B01
200700028388,0,07,000,00,0,0,01,A01
200700028389,0,07,000,00,2,5,16,A01
200700028389,0,31,000,01,2,3,01,B01
200700028390,0,07,000,00,2,1,05,A01
200700028390,0,17,000,00,2,1,01,B01
200700028391,0,30,000,00,2,1,01,A01
200700028391,0,07,000,00,0,4,02,B01
200700028392,0,07,000,00,2,5,15,A01
200700028392,0,33,000,00,2,1,01,B01
200700028393,0,37,000,00,2,1,01,A01
200700028393,0,07,000,00,2,4,01,B01
200700028394,0,30,000,00,2,1,01,B01
200700028394,0,07,000,00,2,1,01,A01
200700028395,0,07,000,00,2,1,01,B01
200700028395,0,15,000,00,2,8,15,A01
200700028396,0,07,000,00,2,1,02,A01
200700028396,0,07,000,00,2,4,23,B01
200700028397,0,07,000,00,2,1,01,B01
200700028397,0,17,000,01,2,7,09,A01
200700028398,0,07,000,00,2,1,02,A01
200700028398,0,07,000,00,2,4,01,B01
200700028399,0,07,000,00,2,1,01,A01
200700028399,0,07,000,00,2,4,23,B01
200700028399,0,07,000,00,2,4,23,C01
200700028400,0,07,000,02,2,1,09,A01
200700028400,0,02,000,00,2,7,01,B01
200700028401,0,07,000,01,2,1,01,A01
200700028401,0,07,000,00,2,3,16,B01
200700028402,0,01,000,00,2,1,05,A01
200700028402,0,33,000,00,2,1,01,B01
200700028402,0,33,000,00,2,7,01,C01
200700028403,0,01,000,00,2,1,15,A01
200700028403,0,07,000,00,2,5,01,B01
200700028404,0,07,000,00,2,2,17,A01
200700028404,0,07,000,01,0,3,15,B01
200700028405,1,07,000,00,1,3,16,A01
200700028406,0,07,000,00,1,5,01,A01
200700028407,0,07,000,00,1,3,13,A01
200700028408,0,02,000,00,2,1,01,A01
200700028408,0,07,000,00,2,3,15,B01
200700028409,0,01,000,00,2,1,01,B01
200700028409,0,01,000,00,2,7,16,A01
200700028410,0,07,000,00,2,3,20,A01
200700028410,0,02,000,00,2,1,01,B01
200700028411,0,10,000,00,1,4,04,A01
200700028412,0,30,000,00,0,0,00,A01
200700028412,0,07,000,00,2,3,11,B01
200700028413,0,07,000,00,2,8,00,B01
200700028413,0,30,000,00,2,1,01,A01
200700028414,0,07,000,00,2,2,01,A01
200700028414,0,07,000,00,2,1,01,C01
200700028414,0,07,000,00,2,1,15,B01
200700028415,0,07,000,00,1,1,01,A01
200700028416,0,40,000,00,2,2,01,B01
200700028416,0,07,000,00,4,1,16,A01
200700028417,1,07,000,00,2,6,15,A01
200700028417,0,33,000,00,2,0,01,B01
200700028418,0,07,000,00,2,2,16,A01
200700028418,0,01,000,00,2,1,01,B01
200700028419,0,07,000,00,2,9,01,B01
200700028419,0,10,000,00,2,2,19,A01
200700028420,0,07,000,00,2,0,15,A01
200700028420,0,01,000,00,0,1,01,B01
200700028421,0,33,000,00,2,1,01,A01
200700028421,0,07,000,00,2,1,15,B01
200700028422,0,07,000,00,2,5,15,A01
200700028422,0,02,000,00,2,1,01,B01
200700028423,0,07,000,00,1,8,21,A01
200700028424,0,33,000,00,2,1,01,B01
200700028424,0,37,010,00,2,3,15,A01
200700028425,0,07,000,00,0,9,00,A01
200700028426,0,01,000,15,0,1,01,A01
200700028426,0,01,000,00,2,1,01,B01
200700028427,0,30,000,00,2,1,01,A01
200700028427,0,07,000,00,2,3,15,B01
200700028428,0,07,000,00,2,1,01,A01
200700028428,0,01,000,00,2,7,01,B01
200700028429,0,07,000,00,4,8,10,A01
200700028429,0,40,000,00,2,1,01,B01
200700028430,0,01,000,00,2,1,01,A01
200700028430,0,07,000,00,2,8,15,B01
200700028431,0,01,000,00,2,3,01,A01
200700028431,0,07,000,00,2,1,15,B01
200700028432,0,01,000,00,2,8,19,A01
200700028433,0,07,000,00,2,2,01,B01
200700028433,0,07,000,00,2,1,15,A01
200700028434,0,31,000,00,2,1,01,A01
200700028434,0,07,000,00,2,3,09,B01
200700028435,0,07,000,00,2,7,16,A01
200700028435,0,31,000,00,2,1,01,B01
200700028436,0,07,000,00,2,2,16,A01
200700028436,0,01,000,00,2,3,01,B01
200700028437,0,01,000,00,2,0,02,A01
200700028437,1,07,000,00,2,0,02,B01
200700028437,2,07,000,00,2,0,02,C01
200700028438,0,07,000,00,1,2,01,A01
200700028439,0,13,000,00,2,8,10,A01
200700028439,0,32,000,00,2,1,01,B01
200700028440,0,33,000,09,1,1,01,A01
200700028441,0,07,000,00,1,1,15,A01
200700028442,0,07,000,03,2,3,13,A01
200700028442,0,07,000,00,2,3,01,B01
200700028443,0,07,000,00,2,3,09,A01
200700028443,0,31,000,00,2,1,01,B01
200700028444,0,07,000,06,0,1,01,A01
200700028445,0,07,000,00,1,1,01,A01
200700028446,0,02,000,00,2,1,00,A01
200700028446,0,07,000,00,2,3,00,B01
200700028447,0,07,000,00,2,1,02,A01
200700028447,0,07,000,00,2,4,02,B01
200700028447,0,07,000,00,2,4,23,C01
200700028448,0,07,000,00,2,2,15,A01
200700028448,0,02,000,00,2,1,00,B01
200700028449,0,07,000,00,2,1,02,A01
200700028449,0,07,000,00,2,4,02,B01
200700028449,0,07,000,00,2,4,02,C01
200700028450,0,07,000,00,2,4,23,A01
200700028450,0,10,000,00,2,1,02,B01
200700028451,0,33,000,00,2,2,01,A01
200700028451,0,07,000,00,2,3,15,B01
200700028452,0,07,000,00,2,8,24,A01
200700028452,0,01,000,01,0,1,01,B01
200700028453,0,02,000,00,2,1,01,A01
200700028453,0,07,000,00,2,4,23,B01
200700028454,0,07,000,00,2,1,15,A01
200700028454,0,07,000,00,2,5,01,B01
200700028454,0,07,000,00,2,3,01,C01
200700028455,0,07,000,00,2,1,01,A01
200700028455,0,07,000,00,2,4,23,B01
200700028456,0,07,000,00,2,3,09,A01
200700028456,0,33,000,00,2,1,01,B01
200700028457,0,07,000,00,0,1,01,A01
200700028458,0,07,000,00,2,1,15,A01
200700028458,0,07,000,00,2,1,01,B01
200700028459,0,07,000,00,2,8,01,A01
200700028459,0,33,000,00,2,7,15,B01
200700028460,0,31,000,00,0,1,13,A01
200700028461,0,07,000,00,2,2,02,A01
200700028461,0,02,000,00,2,4,23,B01
200700028462,0,07,000,02,0,1,01,A01
200700028463,0,10,000,00,2,1,01,A01
200700028463,0,07,000,00,0,8,01,B01
200700028464,0,07,000,00,1,7,01,A01
200700028465,0,10,000,00,2,1,02,A01
200700028465,0,07,000,00,2,4,01,B01
200700028466,0,30,000,00,2,1,09,B01
200700028466,0,07,000,00,2,7,01,A01
200700028467,0,07,000,00,1,1,01,A01
200700028468,0,33,000,00,2,1,01,B01
200700028468,0,03,000,00,2,1,09,A01
200700028469,0,07,000,00,2,1,01,B01
200700028469,0,07,000,00,2,1,15,A01
200700028470,0,07,000,00,2,8,01,A01
200700028470,0,07,000,00,2,1,01,B01
200700028471,0,07,000,00,0,1,01,A01
200700028472,0,07,000,00,2,6,02,B01
200700028472,0,33,000,00,2,5,02,A01
200700028472,0,07,000,00,2,3,00,C01
200700028473,0,07,000,00,2,1,00,B01
200700028473,0,07,000,00,2,4,15,A01
200700028474,0,07,000,00,1,1,01,A01
200700028475,0,07,000,08,0,2,13,A01
200700028476,0,07,000,00,2,4,23,C01
200700028476,0,07,000,00,2,1,02,A01
200700028476,0,07,000,00,2,4,23,B01
200700028477,0,07,000,01,0,1,01,A01
200700028477,0,07,000,01,2,4,00,B01
200700028478,0,07,000,13,0,3,13,A01
200700028479,0,07,000,00,1,2,01,A01
200700028480,0,07,000,00,2,1,01,B01
200700028480,0,30,000,00,2,1,15,A01
200700028481,0,10,000,00,2,1,02,A01
200700028481,0,07,000,00,0,4,23,B01
200700028482,0,07,000,00,2,2,01,A01
200700028482,0,01,000,00,0,4,01,B01
200700028483,0,07,000,00,2,3,15,A01
200700028483,0,33,000,00,2,2,17,B01
200700028484,0,07,000,00,2,8,09,A01
200700028484,0,07,000,00,2,1,01,B01
200700028485,0,07,000,03,0,8,01,A01
200700028486,0,07,000,11,0,1,01,A01
200700028487,0,01,000,00,2,8,15,A01
200700028487,0,07,000,00,2,7,01,B01
200700028488,0,01,000,00,2,1,01,A01
200700028488,0,07,000,00,2,3,09,B01
200700028489,0,07,000,00,2,2,16,A01
200700028489,0,33,000,00,2,8,16,B01
200700028490,0,13,000,00,2,7,16,A01
200700028490,0,07,000,00,2,3,01,B01
200700028491,0,02,000,00,2,1,10,A01
200700028491,0,07,000,00,2,2,01,B01
200700028492,0,07,000,00,1,3,01,A01
200700028493,0,07,000,15,0,2,20,A01
200700028494,0,07,000,00,2,7,22,A01
200700028494,0,01,000,00,2,1,01,B01
200700028495,0,07,000,00,2,2,01,B01
200700028495,0,07,000,00,2,3,16,A01
200700028496,0,07,000,00,1,2,01,A01
200700028497,0,07,000,08,1,9,01,A01
200700028498,0,07,000,00,2,2,15,A01
200700028498,0,01,000,00,2,1,01,B01
200700028499,0,07,000,00,1,1,01,A01
200700028500,0,02,000,00,2,1,01,A01
200700028500,0,07,000,00,2,3,15,B01
200700028501,0,02,000,16,0,1,01,A01
200700028502,0,30,000,00,2,2,17,A01
200700028502,0,07,000,00,2,8,15,B01
200700028503,0,07,000,01,0,1,01,A01
200700028504,0,07,000,00,2,8,15,A01
200700028504,0,07,000,00,2,1,01,B01
200700028505,0,07,000,02,0,1,14,A01
200700028506,0,07,000,00,2,1,01,A01
200700028506,0,07,000,00,2,4,01,B01
200700028507,0,07,000,00,2,3,01,A01
200700028507,0,07,000,00,2,2,01,B01
200700028508,0,07,000,02,0,1,01,A01
200700028509,0,07,000,00,1,1,01,A01
200700028510,0,07,000,00,1,1,00,A01
200700028511,1,07,000,00,2,0,17,A01
200700028511,0,07,000,00,2,9,21,B01
200700028512,0,07,000,00,2,2,01,A01
200700028512,0,07,000,00,2,3,01,B01
200700028513,0,31,000,01,0,3,01,A01
200700028514,0,07,000,00,2,6,01,B01
200700028514,0,37,002,00,2,3,23,C01
200700028514,0,07,000,00,2,1,15,A01
200700028515,0,07,000,00,2,1,01,A01
200700028515,0,07,000,00,2,5,01,B01
200700028516,0,07,000,00,1,5,01,A01
200700028517,0,07,000,00,2,7,22,A01
200700028517,0,33,000,00,2,3,03,B01
200700028518,0,07,000,00,1,3,01,A01
200700028519,0,01,000,00,2,1,01,B01
200700028519,0,07,000,00,9,6,09,A01
200700028520,0,33,000,00,2,1,18,A01
200700028520,0,10,000,00,2,7,16,B01
200700028521,0,10,000,00,2,1,01,A01
200700028521,0,07,000,00,2,3,01,B01
200700028522,0,07,000,00,9,5,09,A01
200700028522,0,01,000,00,2,3,09,B01
200700028523,0,07,000,00,1,3,09,A01
200700028524,0,07,000,00,2,3,11,A01
200700028524,0,33,000,00,2,7,01,B01
200700028525,0,07,000,00,2,3,01,A01
200700028525,0,33,000,00,2,3,01,B01
200700028526,2,30,000,00,1,1,01,A01
200700028527,1,07,000,00,2,1,02,A01
200700028527,0,07,000,00,2,4,23,B01
200700028528,0,07,000,00,2,1,02,A01
200700028528,0,07,000,00,2,4,01,B01
200700028529,0,07,000,00,1,1,01,A01
200700028530,0,07,000,00,1,7,01,A01
200700028531,0,07,000,00,2,3,01,A01
200700028531,0,01,000,00,2,1,09,B01
200700028532,0,10,000,00,2,1,02,A01
200700028532,0,07,000,00,2,9,23,B01
200700028532,0,07,000,00,2,9,23,C01
200700028532,0,07,000,01,2,4,23,D01
200700028533,0,07,000,00,2,1,13,A01
200700028533,0,07,000,00,2,3,01,B01
200700028534,0,07,000,00,2,6,23,B01
200700028534,0,07,000,00,2,6,23,D01
200700028534,0,07,000,00,2,8,23,E01
200700028534,0,10,000,00,2,1,23,C01
200700028534,0,10,000,00,2,1,15,A01
200700028535,0,03,000,00,1,1,01,A01
200700028536,0,38,001,00,0,0,00,A01
200700028536,0,02,000,00,0,8,01,B01
200700028537,0,07,000,00,1,1,01,A01
200700028538,0,07,000,03,0,2,01,A01
200700028539,0,07,000,00,2,1,01,A01
200700028540,0,02,000,00,2,1,00,A01
200700028540,0,07,000,00,2,2,01,B01
200700028541,0,02,000,00,1,1,01,A01
200700028542,0,07,000,00,1,2,01,A01
200700028543,1,10,000,00,2,1,02,A01
200700028543,0,07,000,00,2,4,23,B01
200700028544,0,37,000,00,1,2,01,A01
200700028545,0,40,000,00,1,2,01,A01
200700028546,0,30,000,00,2,8,05,A01
200700028546,0,30,000,00,2,8,05,B01
200700028547,0,33,000,00,2,2,01,A01
200700028547,0,07,000,00,2,6,10,B01
200700028548,1,07,000,00,1,1,14,A01
200700028549,0,07,000,00,2,3,01,A01
200700028549,0,07,000,00,2,3,01,B01
200700028550,1,07,000,00,2,3,18,A01
200700028550,0,07,000,00,2,7,01,B01
200700028551,0,07,000,00,1,3,01,A01
200700028552,1,07,000,00,2,1,00,A01
200700028552,0,07,000,00,0,6,01,B01
200700028553,0,07,000,06,0,1,01,A01
200700028554,0,07,000,00,2,3,00,A01
200700028554,0,02,000,00,2,1,01,B01
200700028555,0,01,000,00,2,1,01,A01
200700028555,0,07,000,00,2,4,01,B01
200700028556,0,07,000,00,2,4,01,A01
200700028556,0,32,000,00,2,1,01,B01
200700028557,0,07,000,00,2,2,09,A01
200700028557,0,07,000,00,2,7,01,B01
200700028558,0,31,000,01,0,1,00,A01
200700028559,0,07,000,00,2,4,01,A01
200700028559,1,07,000,00,2,1,01,B01
200700028560,0,07,000,04,0,2,00,A01
200700028561,0,07,000,00,2,1,02,A01
200700028561,0,07,000,00,0,4,23,B01
200700028561,0,07,000,04,0,9,01,C01
200700028562,0,07,000,00,1,3,09,A01
200700028563,0,07,000,00,1,1,01,A01
200700028564,1,99,000,00,0,0,00,A01
200700028565,0,07,000,00,9,2,15,A01
200700028565,0,02,000,00,2,1,01,B01
200700028566,0,07,000,00,2,3,09,A01
200700028566,0,30,000,00,2,7,01,B01
200700028567,0,07,000,00,1,3,01,A01
200700028568,0,33,000,04,0,8,01,A01
200700028569,0,02,000,00,2,2,01,B01
200700028569,0,07,000,00,2,8,01,A01
200700028570,0,01,000,00,2,8,00,B01
200700028570,0,15,000,00,2,2,16,A01
200700028571,0,07,000,00,1,1,01,A01
200700028572,0,31,000,00,2,1,00,A01
200700028572,0,07,000,00,2,2,00,B01
200700028573,0,07,000,00,2,7,00,A01
200700028573,0,01,000,00,0,0,00,B01
200700028574,0,32,000,00,2,7,17,A01
200700028574,0,07,000,00,2,3,15,B01
200700028575,0,02,000,00,2,3,15,A01
200700028575,0,07,000,00,2,2,01,B01
200700028576,0,07,000,00,2,2,01,A01
200700028576,0,07,000,00,2,6,01,B01
200700028577,1,07,000,00,2,4,20,A01
200700028577,0,07,000,00,2,1,01,B01
200700028578,0,07,000,00,1,3,01,A01
200700028578,0,01,000,00,2,1,01,B01
200700028579,0,10,000,00,2,7,16,A01
200700028579,0,02,000,00,2,1,01,B01
200700028580,0,07,000,00,2,8,22,A01
200700028580,0,01,000,01,0,1,01,B01
200700028581,0,07,000,00,2,8,05,A01
200700028581,0,07,000,00,2,8,01,B01
200700028582,0,37,005,00,2,2,01,B01
200700028582,0,01,000,00,2,1,05,A01
200700028583,0,33,000,06,0,1,01,A01
200700028584,0,07,000,00,2,3,01,B01
200700028584,0,07,000,00,2,8,15,A01
200700028585,0,07,000,00,2,1,01,A01
200700028585,0,07,000,00,2,6,01,B01
200700028586,0,07,000,00,9,1,15,A01
200700028586,0,02,000,00,2,8,01,B01
200700028587,0,07,000,02,0,1,01,A01
200700028588,0,07,000,00,2,1,01,A01
200700028588,0,07,000,00,2,3,01,B01
200700028589,0,07,000,00,2,3,00,A01
200700028589,0,07,000,00,2,2,00,B01
200700028590,0,02,000,00,1,1,01,A01
200700028591,0,14,000,00,1,1,17,B01
200700028591,0,14,000,00,2,6,01,C01
200700028591,0,07,000,00,2,1,09,A01
200700028592,0,07,000,00,1,6,04,A01
200700028593,0,07,000,00,2,3,09,A01
200700028593,0,32,000,00,2,5,01,B01
200700028594,0,07,000,00,1,2,01,A01
200700028595,0,07,000,00,2,1,01,A01
200700028595,0,07,000,00,2,7,01,B01
200700028595,0,07,000,00,2,1,01,C01
200700028596,0,30,000,00,2,0,00,A01
200700028596,0,07,000,00,2,1,01,B01
200700028597,0,07,000,00,2,1,19,A01
200700028597,0,02,000,00,2,3,01,B01
200700028598,0,07,000,00,1,3,01,A01
200700028599,0,07,000,00,2,1,01,A01
200700028599,0,07,000,00,2,6,01,B01
200700028600,0,01,000,00,2,4,09,A01
200700028600,0,07,000,00,2,2,21,B01
200700028601,0,07,000,00,2,1,01,B01
200700028601,0,07,000,00,2,1,01,C01
200700028601,0,10,000,00,2,1,15,A01
200700028602,0,07,000,00,2,1,15,A01
200700028602,0,33,000,00,2,1,01,B01
200700028603,0,02,000,00,2,1,01,A01
200700028603,0,07,000,00,2,1,01,B01
200700028604,0,07,000,00,2,7,19,A01
200700028604,0,07,000,00,2,1,01,B01
200700028605,0,02,000,00,2,1,17,A01
200700028605,0,33,000,00,2,8,15,B01
200700028606,0,33,000,00,2,1,17,A01
200700028606,0,07,000,00,2,8,15,B01
200700028607,0,07,000,00,2,2,15,B01
200700028607,0,02,000,00,2,1,09,A01
200700028608,0,07,000,00,1,1,02,A01
200700028609,1,17,000,00,1,0,01,A01
200700028610,0,07,000,06,0,1,01,A01
200700028611,0,02,000,00,2,1,01,A01
200700028611,0,07,000,00,2,6,01,B01
200700028612,0,33,000,00,2,1,13,A01
200700028612,0,07,000,00,2,1,01,B01
200700028613,0,33,000,00,2,1,01,A01
200700028613,0,33,000,00,2,5,16,B01