Num_Acc,senc,catv,occutc,obs,obsm,choc,manv,num_veh
200700028614,0,07,000,00,2,3,09,A01
200700028614,0,32,000,00,2,7,01,B01
200700028615,0,07,000,00,2,3,15,A01
200700028615,0,33,000,00,2,7,01,B01
200700028616,0,07,000,00,2,3,15,A01
200700028616,0,02,000,00,2,8,01,B01
200700028617,0,07,000,00,2,7,01,A01
200700028617,0,07,000,00,2,1,15,B01
200700028618,0,07,000,00,2,1,01,B01
200700028618,0,07,000,00,2,3,16,A01
200700028619,0,07,000,00,1,1,01,A01
200700028620,0,33,000,00,2,1,01,A01
200700028620,0,07,000,00,2,6,02,B01
200700028621,0,07,000,00,2,2,01,B01
200700028621,0,07,000,00,2,3,15,A01
200700028622,0,10,000,00,2,2,01,A01
200700028622,0,07,000,00,2,4,01,B01
200700028623,0,01,000,00,2,1,01,B01
200700028623,0,10,000,00,2,6,01,A01
200700028624,1,07,000,00,2,3,17,A01
200700028624,0,07,000,00,2,3,01,B01
200700028625,0,02,000,00,2,1,17,A01
200700028625,0,07,000,00,2,6,23,B01
200700028626,0,07,000,00,2,1,02,A01
200700028626,0,07,000,00,2,4,01,B01
200700028627,0,33,000,00,2,1,17,A01
200700028627,0,31,000,00,2,8,15,B01
200700028628,0,07,000,00,2,1,02,A01
200700028628,0,07,000,00,2,4,23,B01
200700028629,0,07,000,00,2,5,14,A01
200700028629,0,33,000,00,2,3,01,B01
200700028630,0,31,000,15,0,1,14,A01
200700028631,0,07,000,00,2,1,13,B01
200700028631,0,02,000,00,2,1,01,A01
200700028632,0,07,000,00,1,1,01,A01
200700028633,0,34,000,00,2,1,02,A01
200700028633,0,07,000,00,2,4,01,B01
200700028634,0,02,000,00,2,1,14,A01
200700028634,0,07,000,00,2,8,15,B01
200700028635,0,01,000,00,2,1,01,B01
200700028635,0,07,000,00,2,1,15,A01
200700028636,0,07,000,00,2,3,01,B01
200700028636,0,30,000,00,2,0,15,A01
200700028637,0,07,000,00,2,1,15,A01
200700028637,0,07,000,00,2,3,01,B01
200700028638,1,10,000,00,1,4,04,A01
200700028639,0,07,000,00,2,1,01,A01
200700028639,0,07,000,00,2,9,01,B01
200700028639,0,07,000,00,2,9,09,C01
200700028640,0,07,000,00,2,2,17,A01
200700028640,0,07,000,00,2,8,15,B01
200700028641,0,10,000,00,1,4,04,A01
200700028642,0,07,000,00,1,4,04,A01
200700028643,0,07,000,00,2,8,16,A01
200700028643,0,32,000,00,2,7,01,B01
200700028644,0,07,000,00,2,1,01,A01
200700028644,0,07,000,00,2,9,23,B01
200700028644,0,33,000,00,2,4,23,C01
200700028645,0,07,000,09,1,3,00,A01
200700028646,0,07,000,00,1,1,01,A01
200700028647,0,07,000,00,2,5,15,A01
200700028647,0,33,000,00,2,2,01,B01
200700028648,0,32,000,00,2,1,05,A01
200700028648,0,07,000,00,2,1,15,B01
200700028649,0,07,000,00,2,1,01,A01
200700028649,0,07,000,00,2,5,15,B01
200700028650,0,07,000,00,1,3,01,A01
200700028651,0,07,000,00,2,2,15,A01
200700028651,0,02,000,00,2,1,01,B01
200700028652,0,38,003,00,2,1,05,A01
200700028652,0,07,000,00,0,0,13,B01
200700028653,0,07,000,00,1,1,01,A01
200700028654,0,17,000,00,2,3,02,B01
200700028654,0,07,000,00,0,3,15,A01
200700028655,0,02,000,00,2,1,09,A01
200700028655,0,07,000,00,2,2,01,B01
200700028656,0,07,000,16,0,1,01,A01
200700028657,0,02,000,00,2,1,01,A01
200700028657,0,07,000,00,2,3,00,B01
200700028658,0,02,000,00,2,2,15,A01
200700028658,0,07,000,00,2,1,01,B01
200700028659,0,37,001,00,2,7,17,A01
200700028659,0,01,000,00,2,8,01,B01
200700028660,0,02,000,00,2,2,01,B01
200700028660,0,07,000,00,2,1,19,A01
200700028661,0,10,000,00,2,1,17,A01
200700028661,0,07,000,00,2,4,01,B01
200700028662,0,07,000,00,2,1,02,A01
200700028662,0,07,000,00,2,4,02,B01
200700028663,0,07,000,00,2,2,15,A01
200700028663,0,30,000,00,2,1,13,B01
200700028664,0,07,000,00,0,1,01,A01
200700028665,0,07,000,00,2,5,16,A01
200700028665,0,37,002,00,2,3,01,B01
200700028666,0,07,000,00,2,3,02,A01
200700028666,0,30,000,00,2,4,02,B01
200700028667,0,07,000,00,2,1,01,A01
200700028667,0,07,000,00,0,4,15,B01
200700028668,0,01,000,14,0,0,16,A01
200700028668,0,01,000,14,0,0,16,B01
200700028669,0,07,000,00,2,1,19,A01
200700028669,0,01,000,00,2,8,01,B01
200700028670,0,07,000,00,2,2,09,A01
200700028670,0,07,000,00,2,0,02,B01
200700028670,0,07,000,00,2,0,02,C01
200700028671,0,15,000,00,2,2,01,B01
200700028671,0,07,000,00,2,3,21,A01
200700028672,0,07,000,00,2,1,05,A01
200700028672,0,07,000,00,2,1,01,B01
200700028673,0,07,000,00,2,1,16,B01
200700028673,0,07,000,00,2,2,01,A01
200700028674,0,02,000,00,0,7,01,A01
200700028675,0,02,000,00,2,1,01,A01
200700028675,0,07,000,00,2,8,15,B01
200700028676,0,07,000,00,2,1,15,A01
200700028676,0,07,000,00,2,7,01,B01
200700028677,0,07,000,00,2,3,15,A01
200700028677,0,02,000,00,2,2,17,B01
200700028678,0,07,000,00,2,2,15,A01
200700028678,0,02,000,00,2,1,01,B01
200700028679,0,07,000,00,2,1,09,A01
200700028679,0,01,000,00,2,1,15,B01
200700028680,0,07,000,00,1,2,01,A01
200700028681,0,02,000,00,1,1,15,A01
200700028682,0,30,000,00,2,8,17,A01
200700028682,0,07,000,00,2,3,01,B01
200700028683,1,07,000,00,1,0,16,A01
200700028684,0,31,000,00,2,1,02,A01
200700028684,1,07,000,00,2,4,02,B01
200700028685,0,07,000,00,2,1,02,A01
200700028685,0,07,000,00,2,4,02,B01
200700028686,0,07,000,00,2,2,15,A01
200700028686,0,02,000,00,2,6,01,B01
200700028687,0,07,000,00,1,0,16,A01
200700028688,0,07,000,00,1,1,15,A01
200700028689,0,02,000,00,2,0,02,A01
200700028689,0,07,000,00,2,8,02,B01
200700028690,0,07,000,00,0,0,15,A01
200700028690,0,02,000,00,0,1,01,B01
200700028691,0,01,000,00,0,1,01,A01
200700028692,0,07,000,00,2,3,09,A01
200700028692,0,10,000,00,2,1,01,B01
200700028693,0,10,000,00,2,1,01,A01
200700028693,0,15,000,00,2,4,04,B01
200700028694,0,07,000,00,2,1,15,A01
200700028694,0,07,000,00,2,1,01,B01
200700028695,0,07,000,00,1,2,01,A01
200700028696,0,02,000,00,1,1,01,A01
200700028697,0,10,000,00,1,4,04,A01
200700028698,1,07,000,00,1,1,01,A01
200700028699,0,02,000,00,2,4,01,B01
200700028699,1,07,000,00,0,1,02,A01
200700028700,0,07,000,00,2,1,01,A01
200700028700,0,07,000,00,2,7,01,B01
200700028701,0,33,000,00,2,1,01,A01
200700028701,0,33,000,00,2,4,16,B01
200700028702,0,07,000,00,1,2,01,B01
200700028703,0,01,000,00,1,1,01,B01
200700028704,0,02,000,00,2,1,09,A01
200700028704,0,07,000,00,2,2,01,B01
200700028705,0,07,000,00,2,1,01,A01
200700028705,0,07,000,00,2,7,01,B01
200700028706,0,07,000,00,2,1,02,A01
200700028706,0,07,000,00,2,4,23,B01
200700028707,0,07,000,00,2,3,09,A01
200700028707,0,31,000,00,2,1,01,B01
200700028708,0,02,000,00,1,1,01,A01
200700028708,0,07,000,00,2,3,01,B01
200700028709,0,07,000,00,1,1,01,A01
200700028710,0,07,000,07,0,2,14,A01
200700028711,0,02,000,14,0,3,13,A01
200700028712,0,32,000,00,2,1,02,A01
200700028712,0,07,000,00,2,4,23,B01
200700028713,0,07,000,06,0,1,14,A01
200700028714,0,07,000,03,0,1,14,A01
200700028715,0,07,000,00,2,3,01,A01
200700028715,0,07,000,00,2,1,01,B01
200700028716,0,07,000,06,0,1,14,A01
200700028717,0,07,000,00,1,5,04,A01
200700028718,0,30,000,00,2,1,02,A01
200700028718,0,07,000,00,2,4,23,B01
200700028719,0,07,000,01,0,2,14,A01
200700028720,0,20,000,00,2,3,15,A01
200700028720,0,02,000,00,2,1,01,B01
200700028721,0,07,000,08,0,3,13,A01
200700028722,0,07,000,00,1,2,21,A01
200700028723,0,03,000,00,2,2,01,B01
200700028723,0,01,000,00,0,4,19,A01
200700028724,0,07,000,00,1,1,09,A01
200700028725,0,02,000,00,2,2,17,C01
200700028725,0,07,000,00,2,2,05,A01
200700028725,0,07,000,00,0,0,23,B01
200700028726,0,07,000,00,0,4,23,A01
200700028726,0,02,000,00,2,1,02,B01
200700028727,0,07,000,03,2,2,17,A01
200700028727,0,07,000,00,2,6,01,B01
200700028728,0,07,000,01,2,3,01,B01
200700028728,0,10,000,00,2,1,15,A01
200700028729,1,07,000,00,1,1,01,A01
200700028730,0,07,000,00,9,6,15,A01
200700028730,0,33,000,00,2,1,17,B01
200700028731,0,30,000,00,2,1,01,A01
200700028731,0,07,000,00,2,2,01,B01
200700028732,0,07,000,00,1,3,01,A01
200700028733,2,02,000,00,1,1,01,A01
200700028734,0,07,000,00,2,4,23,A01
200700028734,0,02,000,00,2,1,02,B01
200700028735,0,07,000,00,1,1,01,A01
200700028736,0,07,000,00,2,8,15,A01
200700028736,0,30,000,00,2,9,17,B01
200700028737,0,01,000,00,1,1,01,A01
200700028738,0,07,000,00,2,2,00,A01
200700028738,0,01,000,00,2,7,00,B01
200700028739,0,07,000,00,2,8,15,A01
200700028739,0,02,000,00,2,1,01,B01
200700028740,0,30,000,00,2,2,17,A01
200700028740,0,07,000,00,2,8,15,B01
200700028741,0,14,000,00,2,1,01,A01
200700028741,0,07,000,00,2,4,01,B01
200700028741,0,07,000,00,2,4,01,C01
200700028742,0,17,000,13,0,1,01,A01
200700028743,0,07,000,00,2,7,01,B01
200700028743,0,07,000,00,2,1,01,A01
200700028744,0,15,000,00,1,2,02,A01
200700028745,0,07,000,01,1,4,04,A01
200700028746,0,07,000,00,2,1,02,A01
200700028746,0,07,000,00,2,4,02,B01
200700028747,0,07,000,00,2,3,10,A01
200700028747,0,33,000,00,2,1,02,B01
200700028748,0,02,000,00,2,1,02,A01
200700028748,0,07,000,00,2,6,02,B01
200700028749,0,07,000,00,2,1,01,A01
200700028749,0,07,000,00,2,3,02,B01
200700028750,0,33,000,08,0,0,01,A01
200700028751,0,10,000,00,1,3,01,A01
200700028752,0,10,000,00,1,3,15,A01
200700028753,0,07,000,00,1,1,01,A01
200700028754,0,07,000,03,2,4,02,B01
200700028754,0,07,000,00,2,1,01,A01
200700028755,0,07,000,00,2,3,01,A01
200700028755,0,07,000,00,2,3,01,B01
200700028756,0,02,000,00,2,8,15,A01
200700028756,0,07,000,00,2,2,01,B01
200700028757,0,07,000,00,1,1,09,A01
200700028758,0,07,000,07,0,1,17,A01
200700028759,0,07,000,00,2,7,15,A01
200700028759,0,31,000,00,2,1,01,B01
200700028760,0,07,000,00,1,8,01,A01
200700028761,0,07,000,09,0,1,11,A01
200700028761,0,17,000,00,0,0,15,B01
200700028762,0,07,000,00,2,6,13,A01
200700028762,0,10,000,00,2,2,15,B01
200700028763,0,07,000,00,2,1,15,A01
200700028763,0,07,000,00,2,1,01,B01
200700028764,0,02,000,00,2,1,02,A01
200700028764,0,07,000,00,2,4,02,B01
200700028765,0,10,000,15,2,1,01,A01
200700028765,0,07,000,00,2,1,01,B01
200700028766,0,07,000,00,2,6,15,B01
200700028766,0,07,000,00,2,2,01,A01
200700028767,0,07,000,00,1,1,15,A01
200700028768,0,02,000,00,2,7,12,A01
200700028768,0,07,000,00,2,8,01,B01
200700028769,0,02,000,00,2,1,01,A01
200700028769,0,07,000,00,2,4,23,B01
200700028770,0,07,000,00,2,7,01,B01
200700028770,0,07,000,00,2,3,16,A01
200700028771,0,07,000,00,2,6,04,A01
200700028771,0,07,000,00,2,7,23,B01
200700028772,0,31,000,00,2,1,17,B01
200700028772,0,07,000,00,2,8,10,A01
200700028773,0,07,000,01,1,3,01,A01
200700028774,0,07,000,00,1,8,01,A01
200700028775,0,01,000,00,2,1,05,A01
200700028775,0,07,000,00,2,1,09,B01
200700028776,0,07,000,00,1,8,01,A01
200700028777,0,07,000,08,2,3,01,B01
200700028777,0,07,000,00,2,7,01,A01
200700028778,0,02,000,00,2,1,01,A01
200700028778,0,07,000,00,2,4,01,B01
200700028779,0,07,000,00,1,8,01,A01
200700028780,0,01,000,00,2,1,01,A01
200700028780,0,07,000,00,2,7,20,B01
200700028781,0,07,000,00,2,1,02,A01
200700028781,0,32,000,00,2,4,01,B01
200700028782,0,07,000,00,4,3,10,A01
200700028782,0,40,000,00,2,1,01,B01
200700028783,0,01,000,00,2,7,01,A01
200700028783,0,02,000,00,2,1,01,B01
200700028784,0,02,000,00,1,1,01,A01
200700028785,0,30,000,00,2,3,01,A01
200700028785,0,07,000,15,2,2,01,B01
200700028786,0,07,000,00,9,1,00,A01
200700028787,0,07,000,00,2,1,15,A01
200700028787,0,07,000,00,2,3,01,B01
200700028788,0,07,000,15,0,2,01,A01
200700028789,0,07,000,00,1,7,01,A01
200700028790,0,02,000,00,2,1,02,A01
200700028790,0,07,000,00,2,4,02,B01
200700028791,0,07,000,00,0,0,15,C01
200700028791,0,07,000,00,1,1,02,A01
200700028791,0,30,000,00,2,4,02,B01
200700028792,0,07,000,00,2,8,01,B01
200700028792,0,02,000,00,2,1,01,A01
200700028793,0,07,000,00,2,1,01,B01
200700028793,0,07,000,00,2,7,01,A01
200700028794,0,07,000,02,0,1,01,A01
200700028795,0,07,000,00,2,1,01,A01
200700028795,0,07,000,00,2,3,01,B01
200700028796,0,07,000,00,1,8,01,A01
200700028797,0,07,000,08,2,1,01,A01
200700028798,0,07,000,00,2,6,15,A01
200700028798,0,33,000,00,2,1,01,B01
200700028799,0,07,000,00,1,1,01,A01
200700028800,0,07,000,00,1,4,04,A01
200700028801,0,07,000,00,2,5,15,A01
200700028801,0,33,000,00,2,1,01,B01
200700028802,0,07,000,00,1,1,01,A01
200700028803,0,30,000,00,2,1,00,A01
200700028803,0,10,000,00,2,3,01,B01
200700028804,0,07,000,00,2,2,01,A01
200700028804,0,07,000,00,2,1,01,B01
200700028805,0,07,000,00,2,3,17,B01
200700028805,0,10,000,00,2,3,01,A01
200700028806,0,07,000,00,2,2,15,A01
200700028806,0,07,000,00,2,2,01,B01
200700028807,0,07,000,00,0,6,01,A01
200700028807,1,07,000,00,2,3,01,B01
200700028808,0,07,000,00,2,8,01,B01
200700028808,0,07,000,00,2,2,15,A01
200700028809,0,07,000,02,0,3,01,A01
200700028810,0,07,000,03,0,1,00,A01
200700028811,0,07,000,01,0,1,13,A01
200700028812,0,30,000,00,2,1,02,A01
200700028812,0,07,000,00,2,4,01,B01
200700028813,0,07,000,03,0,1,01,A01
200700028814,0,37,000,00,1,1,15,A01
200700028815,0,10,000,00,1,4,04,A01
200700028816,0,07,000,00,2,1,09,A01
200700028816,0,02,000,00,2,1,01,B01
200700028817,0,07,000,00,2,7,13,A01
200700028817,0,07,000,00,2,1,01,B01
200700028818,0,07,000,00,2,8,13,A01
200700028818,0,07,000,00,2,1,01,B01
200700028819,0,07,000,00,1,2,17,A01
200700028820,0,01,000,00,0,1,00,A01
200700028820,0,07,000,00,2,4,04,B01
200700028821,0,30,000,00,0,0,01,A01
200700028822,0,07,000,00,1,1,01,A01
200700028823,0,07,000,00,2,2,15,A01
200700028823,0,33,000,00,2,1,01,B01
200700028824,0,07,000,08,1,4,04,A01
200700028825,0,07,000,00,2,2,15,A01
200700028825,0,33,000,00,2,1,01,B01
200700028825,0,07,000,00,2,7,01,C01
200700028826,0,07,000,00,2,1,01,A01
200700028826,0,02,000,00,2,4,23,B01
200700028827,0,07,000,13,0,9,01,A01
200700028828,0,07,000,00,2,1,01,A01
200700028828,0,07,000,00,2,1,01,B01
200700028828,0,07,000,00,2,4,01,C01
200700028829,0,07,000,00,2,1,01,A01
200700028829,0,07,000,00,2,1,01,B01
200700028830,0,02,000,00,0,7,01,A01
200700028831,0,02,000,00,0,8,01,A01
200700028832,0,07,000,01,0,1,01,A01
200700028833,0,07,000,00,1,4,04,A01
200700028834,0,01,000,00,2,7,01,B01
200700028834,0,07,000,00,2,1,01,A01
200700028835,0,07,000,00,2,3,01,B01
200700028835,0,02,000,00,2,1,01,A01
200700028836,0,33,000,00,2,1,01,A01
200700028836,0,33,000,00,2,6,01,B01
200700028836,0,07,000,00,2,3,01,C01
200700028836,0,07,000,00,2,4,01,D01
200700028837,0,02,000,06,0,1,01,A01
200700028838,0,02,000,00,2,1,17,A01
200700028838,0,07,000,00,2,8,15,B01
200700028839,0,07,000,00,2,5,12,A01
200700028839,0,07,000,00,2,3,01,B01
200700028840,0,02,000,08,0,5,01,A01
200700028841,0,02,000,00,0,0,01,A01
200700028842,0,07,000,00,1,1,01,A01
200700028843,0,07,000,00,2,1,01,A01
200700028843,0,37,000,00,2,4,01,B01
200700028844,0,07,000,00,9,4,04,A01
200700028844,0,01,000,00,2,1,01,B01
200700028845,0,02,000,00,2,0,01,B01
200700028845,0,07,000,00,2,0,00,A01
200700028846,0,02,000,12,0,1,01,A01
200700028847,0,07,000,00,2,3,15,A01
200700028847,0,30,000,00,2,1,01,B01
200700028848,0,07,000,00,2,1,15,A01
200700028848,0,30,000,00,2,1,01,B01
200700028849,0,07,000,00,2,3,15,A01
200700028849,0,02,000,00,2,1,01,B01
200700028850,0,07,000,00,2,2,01,A01
200700028850,0,07,000,00,2,1,01,B01
200700028851,0,07,000,00,1,1,00,A01
200700028852,1,07,000,00,1,0,01,A01
200700028853,0,07,000,00,2,5,15,A01
200700028853,0,33,000,00,2,1,01,B01
200700028854,0,07,000,00,2,4,02,B01
200700028854,0,10,000,00,2,1,02,A01
200700028855,0,07,000,00,2,2,17,A01
200700028856,0,30,000,00,0,0,01,A01
200700028857,0,07,000,00,2,1,01,B01
200700028857,0,07,000,00,2,1,13,A01
200700028858,0,30,000,00,0,0,00,A01
200700028859,0,30,000,00,1,1,16,A01
200700028860,0,02,000,07,0,1,14,A01
200700028861,0,07,000,00,1,3,01,A01
200700028862,0,07,000,00,2,4,02,B01
200700028862,0,07,000,00,2,1,02,A01
200700028863,0,07,000,00,2,1,02,A01
200700028863,0,07,000,00,0,4,23,B01
200700028864,0,07,000,00,2,2,15,A01
200700028864,0,07,000,00,2,1,01,B01
200700028865,0,07,000,15,0,3,14,A01
200700028865,1,33,000,00,0,0,05,B01
200700028866,0,07,000,16,0,1,14,A01
200700028867,0,07,000,00,2,7,15,A01
200700028867,0,05,000,00,2,1,01,B01
200700028868,0,07,000,00,1,1,01,A01
200700028869,0,07,000,00,1,1,01,A01
200700028870,0,05,000,14,0,2,00,A01
200700028871,0,07,000,08,0,2,00,A01
200700028872,0,07,000,03,0,6,01,A01
200700028873,0,07,000,00,2,8,15,A01
200700028873,0,18,004,00,2,2,07,B01
200700028874,0,07,000,00,2,1,01,A01
200700028874,0,07,000,00,2,1,01,B01
200700028874,0,07,000,00,2,8,01,C01
200700028875,0,07,000,00,1,1,01,A01
200700028876,0,07,000,00,1,1,24,A01
200700028877,0,33,000,00,2,1,01,A01
200700028877,0,07,000,00,2,4,17,B01
200700028878,0,07,000,00,1,1,01,A01
200700028879,0,02,000,00,2,3,15,A01
200700028879,0,07,000,00,2,1,01,B01
200700028880,0,07,000,00,2,1,01,B01
200700028880,0,07,000,00,2,2,01,A01
200700028881,0,07,000,13,0,1,01,A01
200700028882,0,07,000,00,2,6,09,A01
200700028882,0,07,000,00,2,1,01,B01
200700028883,0,07,000,01,2,1,01,A01
200700028884,0,07,000,04,0,1,01,A01
200700028885,0,01,000,00,2,1,13,A01
200700028885,0,07,000,00,2,1,01,B01
200700028885,0,07,000,00,2,0,01,C01
200700028886,0,07,000,00,0,4,23,B01
200700028886,0,07,000,14,0,1,23,A01
200700028887,0,07,000,00,2,4,04,A01
200700028887,0,01,000,00,2,1,01,B01
200700028888,0,07,000,00,2,1,01,B01
200700028888,0,07,000,00,2,7,15,A01
200700028889,0,07,000,00,2,1,01,A01
200700028889,0,07,000,00,2,1,23,B01
200700028890,0,07,000,04,0,1,01,A01
200700028891,0,02,000,00,0,0,01,A01
200700028892,0,07,000,00,2,1,15,A01
200700028892,0,07,000,00,2,1,01,B01
200700028892,0,07,000,00,2,1,23,C01
200700028893,0,30,000,00,2,1,03,A01
200700028893,0,07,000,00,2,3,15,B01
200700028894,0,07,000,00,2,1,16,A01
200700028894,0,07,000,00,2,3,01,B01
200700028895,0,07,000,00,1,1,01,A01
200700028896,0,33,000,00,2,1,01,A01
200700028896,0,07,000,00,2,6,15,B01
200700028897,0,31,000,00,0,0,01,A01
200700028898,0,07,000,00,2,1,01,B01
200700028898,0,03,000,00,2,1,17,A01
200700028899,0,02,000,00,0,0,00,A01
200700028900,0,01,000,00,2,0,01,A01
200700028900,0,07,000,00,0,6,01,B01
200700028901,1,07,000,00,2,1,01,A01
200700028901,0,07,000,00,0,4,23,B01
200700028902,0,07,000,00,2,8,09,A01
200700028902,0,33,000,00,2,0,01,B01
200700028903,0,02,000,00,2,1,01,A01
200700028903,0,02,000,00,0,4,15,B01
200700028904,0,07,000,08,0,0,00,A01
200700028905,0,07,000,00,2,1,01,A01
200700028905,0,07,000,00,0,4,01,B01
200700028906,0,07,000,13,0,3,00,A01
200700028907,0,07,000,00,2,1,01,A01
200700028907,0,07,000,00,0,4,01,B01
200700028908,0,07,000,00,2,1,02,A01
200700028908,0,07,000,00,2,4,02,B01
200700028908,0,07,000,00,0,4,23,C01
200700028909,0,07,000,00,2,8,13,A01
200700028909,0,33,000,00,2,0,17,B01
200700028910,0,07,000,00,2,1,02,A01
200700028910,0,07,000,00,2,4,02,B01
200700028910,0,07,000,00,0,4,02,C01
200700028911,0,07,000,00,2,1,09,A01
200700028911,0,33,000,00,2,2,01,B01
200700028912,0,07,000,00,2,2,15,A01
200700028912,0,07,000,00,2,1,01,B01
200700028913,0,07,000,00,2,3,01,A01
200700028913,0,07,000,00,2,5,02,B01
200700028914,0,07,000,00,0,1,01,B01
200700028914,0,07,000,00,0,8,15,A01
200700028915,0,07,000,00,2,1,01,B01
200700028915,0,07,000,00,0,7,01,A01
200700028916,0,07,000,00,2,5,15,A01
200700028916,0,33,000,00,2,2,01,B01
200700028917,0,33,000,14,0,1,02,B01
200700028917,0,07,000,00,2,3,09,A01
200700028918,0,07,000,15,0,2,00,A01
200700028919,0,07,000,00,2,8,01,A01
200700028919,0,15,000,00,0,0,00,B01
200700028920,0,33,000,08,0,1,00,A01
200700028921,0,07,000,00,0,9,14,A01
200700028922,0,07,000,00,2,2,15,A01
200700028922,0,33,000,00,0,1,01,B01
200700028923,0,07,000,00,2,5,02,A01
200700028923,0,07,000,00,2,1,02,B01
200700028924,0,07,000,00,2,2,01,B01
200700028924,0,01,000,00,2,3,00,A01
200700028925,0,07,000,00,2,1,17,A01
200700028925,0,07,000,00,2,1,01,B01
200700028925,0,07,000,00,2,7,01,C01
200700028926,0,16,000,00,1,7,01,A01
200700028927,0,07,000,00,1,1,01,A01
200700028928,0,07,000,00,2,1,01,B01
200700028928,0,07,000,00,2,8,01,A01
200700028929,0,07,000,00,2,6,11,A01
200700028929,0,07,000,00,2,1,01,B01
200700028930,0,07,000,00,2,7,01,B01
200700028930,0,07,000,00,2,1,09,A01
200700028931,0,07,000,00,1,2,01,A01
200700028932,0,01,000,00,2,8,18,B01
200700028932,0,14,000,00,9,2,16,A01
200700028933,0,07,000,00,2,3,01,A01
200700028933,2,07,000,00,2,1,05,B01
200700028934,0,07,000,00,2,3,15,A01
200700028934,0,33,000,00,2,1,01,B01
200700028935,1,07,000,00,2,1,01,A01
200700028935,0,07,000,00,2,8,01,B01
200700028936,0,07,000,00,2,3,13,A01
200700028936,0,07,000,00,2,3,01,B01
200700028937,0,30,000,00,2,1,16,A01
200700028937,0,07,000,00,2,7,16,B01
200700028938,0,33,000,06,0,1,14,A01
200700028939,0,07,000,00,2,1,19,A01
200700028939,0,02,000,00,2,1,17,B01
200700028940,0,07,000,00,1,2,01,A01
200700028941,0,02,000,00,2,1,00,A01
200700028941,0,07,000,00,2,7,01,B01
200700028942,0,07,000,00,1,3,15,A01
200700028943,0,07,000,00,2,2,15,A01
200700028943,0,02,000,00,2,1,01,B01
200700028944,0,07,000,00,2,1,15,A01
200700028944,0,02,000,00,2,8,01,B01
200700028945,0,05,000,16,0,1,14,A01
200700028946,0,01,000,00,2,1,15,A01
200700028946,0,03,000,00,2,2,01,B01
200700028947,0,02,000,00,2,3,15,A01
200700028947,0,02,000,00,2,2,01,B01
200700028948,0,05,000,13,0,1,13,A01
200700028949,0,07,000,00,0,1,21,B01
200700028949,0,02,000,00,0,8,15,A01
200700028950,0,07,000,00,1,1,15,A01
200700028951,0,07,000,00,1,1,01,A01
200700028952,2,20,000,00,1,1,01,A01
200700028953,0,07,000,00,2,2,15,A01
200700028953,0,02,000,00,2,1,02,B01
200700028954,0,07,000,04,0,9,01,A01
200700028955,0,07,000,00,9,7,16,A01
200700028955,0,30,000,00,2,9,01,B01
200700028956,0,07,000,00,2,7,15,A01
200700028956,0,02,000,00,2,1,01,B01
200700028957,0,07,000,00,2,1,01,B01
200700028957,0,01,000,00,2,8,01,A01
200700028958,0,07,000,00,1,1,01,A01
200700028959,0,33,000,00,2,1,01,A01
200700028959,0,07,000,00,2,4,01,B01
200700028960,2,07,000,00,2,1,01,A01
200700028960,0,07,000,00,2,3,01,B01
200700028961,0,07,000,00,1,1,01,A01
200700028962,0,07,000,00,2,7,16,A01
200700028962,0,30,000,00,2,1,01,B01
200700028963,0,33,000,00,2,1,01,A01
200700028963,0,07,000,00,2,3,15,B01
200700028964,0,02,000,00,2,7,01,B01
200700028964,0,07,000,00,2,1,09,A01
200700028965,0,07,000,00,2,0,01,A01
200700028965,0,07,000,01,2,4,20,B01
200700028966,0,07,000,00,1,1,01,A01
200700028967,0,07,000,00,1,1,01,A01
200700028968,0,07,000,00,2,8,01,A01
200700028968,0,07,000,00,2,1,01,B01
200700028969,0,07,000,01,0,2,00,A01
200700028970,0,07,000,00,0,1,00,A01
200700028971,0,01,000,00,2,9,01,B01
200700028971,0,07,000,00,9,1,15,A01
200700028972,1,07,000,00,9,8,15,A01
200700028972,0,02,000,00,2,2,01,B01
200700028973,0,07,000,00,2,2,10,A01
200700028973,0,02,000,00,2,3,00,B01
200700028974,0,07,000,00,2,3,01,B01
200700028974,0,07,000,00,2,2,01,A01
200700028975,0,37,010,00,1,2,01,A01
200700028976,0,02,000,00,2,1,01,A01
200700028976,0,07,000,00,9,2,16,B01
200700028977,0,30,000,00,2,1,01,A01
200700028977,0,07,000,00,9,2,15,B01
200700028978,0,07,000,00,1,1,01,B01
200700028979,0,07,000,00,1,7,01,A01
200700028980,0,07,000,00,1,1,00,A01
200700028981,0,07,000,00,1,3,01,A01
200700028982,0,07,000,00,1,4,20,A01
200700028983,0,07,000,00,1,1,01,B01
200700028984,0,01,000,00,2,1,17,A01
200700028984,0,07,000,00,2,3,15,B01
200700028985,0,01,000,00,9,0,15,A01
200700028985,0,01,000,00,9,0,01,B01
200700028986,0,07,000,01,0,1,02,A01
200700028987,0,07,000,00,2,9,13,A01
200700028987,0,07,000,00,2,8,01,B01
200700028988,0,07,000,00,2,1,15,A01
200700028988,0,30,000,00,2,1,01,B01
200700028989,0,07,000,00,2,7,10,A01
200700028989,0,07,000,00,2,3,01,B01
200700028990,0,07,000,00,2,3,12,A01
200700028990,0,07,000,00,2,3,01,B01
200700028991,0,30,000,00,2,1,17,A01
200700028992,0,13,000,00,1,4,01,A01
200700028993,0,33,000,00,2,1,01,A01
200700028993,0,07,000,00,2,4,23,B01