Num_Acc,senc,catv,occutc,obs,obsm,choc,manv,num_veh
200700028993,0,07,000,00,2,1,01,C01
200700028994,0,33,000,00,2,0,01,B01
200700028994,1,07,000,00,0,0,20,A01
200700028995,0,07,000,00,2,3,16,A01
200700028995,0,07,000,00,2,8,23,B01
200700028996,0,30,000,00,2,1,21,A01
200700028996,0,07,000,00,2,3,01,B01
200700028996,0,07,000,00,2,1,23,C01
200700028996,0,99,000,00,0,0,19,D01
200700028997,0,30,000,01,0,1,01,A01
200700028998,0,33,000,00,2,1,01,A01
200700028998,0,07,000,00,9,4,15,B01
200700028999,0,30,000,11,0,1,15,A01
200700028999,0,07,000,00,2,0,01,B01
200700029000,0,02,000,00,2,1,00,A01
200700029000,0,07,000,00,2,6,15,B01
200700029001,0,01,000,00,0,1,01,A01
200700029002,2,07,000,00,2,9,01,A01
200700029002,0,14,000,00,2,1,01,B01
200700029003,0,07,000,00,2,1,01,A01
200700029003,0,07,000,00,2,7,01,B01
200700029004,0,02,000,00,2,1,17,A01
200700029004,0,07,000,00,9,6,01,B01
200700029004,0,07,000,00,9,3,01,C01
200700029005,0,07,000,00,2,6,13,A01
200700029005,0,30,000,00,2,8,17,B01
200700029006,0,02,000,00,2,8,01,A01
200700029006,0,07,000,00,2,5,12,B01
200700029007,0,07,000,01,0,1,01,A01
200700029008,0,07,000,00,1,2,01,A01
200700029009,0,37,002,00,2,2,01,B01
200700029009,0,07,000,00,9,3,10,A01
200700029010,0,01,000,00,2,5,01,A01
200700029010,0,07,000,00,2,3,01,B01
200700029011,0,07,000,00,2,2,02,A01
200700029011,0,10,000,00,2,3,02,B01
200700029012,0,07,000,00,1,0,01,A01
200700029013,0,07,000,00,2,1,01,A01
200700029013,0,02,000,00,2,1,01,B01
200700029014,0,31,000,00,0,0,11,A01
200700029014,0,07,000,00,0,0,01,B01
200700029015,0,07,000,00,2,2,09,A01
200700029015,0,02,000,00,2,1,01,B01
200700029016,0,07,000,00,2,1,02,A01
200700029016,0,01,000,00,2,8,19,B01
200700029017,0,07,000,00,2,2,15,A01
200700029017,0,07,000,00,2,1,02,B01
200700029018,0,02,000,00,2,1,11,A01
200700029018,0,07,000,00,2,6,01,B01
200700029019,0,07,000,00,0,7,14,A01
200700029020,0,07,000,00,2,2,16,A01
200700029020,0,02,000,00,2,1,02,B01
200700029021,0,07,000,00,2,2,15,A01
200700029021,0,30,000,00,2,1,17,B01
200700029022,0,07,000,00,2,1,01,A01
200700029022,0,07,000,00,2,1,01,B01
200700029023,0,07,000,00,2,2,14,A01
200700029023,0,02,000,00,2,8,01,B01
200700029024,0,07,000,00,2,2,01,A01
200700029024,0,07,000,00,2,5,01,B01
200700029025,0,07,000,14,0,1,01,A01
200700029025,0,07,000,00,0,4,23,B01
200700029026,0,07,000,14,0,1,02,A01
200700029026,0,07,000,00,0,4,23,B01
200700029027,0,07,000,00,2,1,13,A01
200700029027,0,30,000,00,2,1,01,B01
200700029028,0,07,000,00,1,0,00,A01
200700029029,0,07,000,00,2,1,01,B01
200700029029,0,07,000,00,2,1,01,A01
200700029030,0,07,000,00,2,6,23,B01
200700029030,0,07,000,00,2,1,02,A01
200700029031,0,07,000,00,2,1,01,B01
200700029031,1,07,000,01,2,1,16,A01
200700029032,0,07,000,00,2,0,00,A01
200700029032,0,07,000,00,2,0,01,B01
200700029033,0,07,000,02,0,9,01,A01
200700029034,1,02,000,00,0,0,00,A01
200700029034,0,33,000,00,2,8,01,B01
200700029035,0,07,000,00,2,3,01,B01
200700029035,0,07,000,00,2,3,13,A01
200700029036,0,34,000,00,2,7,01,B01
200700029036,0,07,000,00,2,0,15,A01
200700029037,0,07,000,14,0,1,01,A01
200700029038,0,02,000,00,2,8,18,A01
200700029038,0,07,000,00,2,7,16,B01
200700029039,0,07,000,00,2,0,16,A01
200700029039,0,02,000,00,2,0,16,B01
200700029040,0,07,000,00,2,3,01,B01
200700029040,0,02,000,00,2,9,15,A01
200700029041,0,31,000,01,2,9,01,B01
200700029041,0,07,000,01,2,2,20,A01
200700029042,1,02,000,00,1,0,01,A01
200700029043,0,07,000,00,1,0,01,A01
200700029044,1,07,000,00,1,0,01,A01
200700029045,0,07,000,00,2,1,01,A01
200700029045,0,01,000,00,1,0,19,B01
200700029046,0,07,000,00,1,0,01,A01
200700029047,0,02,000,01,2,0,17,C01
200700029047,0,01,000,01,2,0,17,B01
200700029047,1,07,000,00,2,0,17,A01
200700029048,0,02,000,00,2,0,01,A01
200700029048,0,07,000,00,2,7,01,B01
200700029049,1,07,000,00,2,0,16,A01
200700029049,0,02,000,00,2,8,01,B01
200700029050,0,07,000,00,1,0,01,A01
200700029051,0,07,000,00,0,1,01,A01
200700029052,0,07,000,00,1,0,01,A01
200700029053,1,07,000,00,1,0,01,A01
200700029054,0,02,000,00,2,1,05,A01
200700029054,0,07,000,00,2,3,15,B01
200700029055,0,07,000,00,2,1,16,A01
200700029055,0,07,000,00,2,1,01,B01
200700029056,1,07,000,00,2,3,01,A01
200700029056,0,01,000,00,2,0,01,B01
200700029057,0,07,000,00,2,2,10,A01
200700029057,0,31,000,01,2,9,01,B01
200700029058,1,07,000,00,9,0,20,A01
200700029058,0,99,000,00,2,0,01,B01
200700029059,0,07,000,00,2,4,02,A01
200700029059,0,07,000,00,2,1,02,B01
200700029060,0,07,000,00,2,5,02,B01
200700029060,0,02,000,00,2,1,02,A01
200700029061,0,07,000,00,2,7,17,A01
200700029061,0,01,000,00,2,3,01,B01
200700029062,0,30,000,00,0,7,01,A01
200700029063,0,07,000,00,2,1,19,B01
200700029063,0,02,000,00,2,7,00,A01
200700029064,0,07,000,00,2,1,11,B01
200700029064,0,07,000,00,2,3,01,A01
200700029065,0,07,000,00,2,2,15,A01
200700029065,0,02,000,00,2,1,01,B01
200700029066,0,33,000,00,2,8,01,A01
200700029066,0,33,000,00,2,8,01,B01
200700029067,0,07,000,00,1,2,01,A01
200700029068,0,02,000,00,0,1,01,A01
200700029068,0,01,000,00,0,1,05,B01
200700029069,1,07,000,00,1,0,00,A01
200700029070,0,01,000,00,2,2,11,A01
200700029070,0,07,000,00,1,3,00,B01
200700029071,0,30,000,00,2,0,00,A01
200700029071,1,07,000,00,0,0,00,B01
200700029072,0,30,000,01,0,2,02,A01
200700029072,0,07,000,00,0,3,02,B01
200700029073,0,10,000,00,1,3,00,A01
200700029074,0,33,000,00,0,0,00,A01
200700029075,0,30,000,00,0,3,02,A01
200700029075,0,07,000,00,0,5,02,B01
200700029076,0,07,000,00,1,1,01,A01
200700029077,0,07,000,00,1,1,01,A01
200700029078,0,07,000,00,2,1,01,A01
200700029078,0,07,000,00,2,4,01,B01
200700029079,0,02,000,00,2,1,01,A01
200700029079,0,07,000,00,2,6,15,B01
200700029080,0,31,000,00,2,1,01,A01
200700029080,0,07,000,00,2,3,01,B01
200700029081,0,02,000,00,1,1,01,A01
200700029082,1,07,000,00,2,0,00,A01
200700029082,0,01,000,00,2,8,15,B01
200700029083,0,33,000,14,0,0,01,A01
200700029084,0,07,000,00,1,1,01,A01
200700029085,0,07,000,00,2,5,15,A01
200700029085,0,33,000,00,2,1,01,B01
200700029086,0,02,000,00,4,1,00,A01
200700029086,0,39,000,00,0,7,00,B01
200700029087,0,07,000,00,9,7,15,A01
200700029087,0,02,000,00,2,1,21,B01
200700029088,0,02,000,00,2,8,00,B01
200700029088,0,07,000,00,2,2,00,A01
200700029089,0,07,000,07,2,1,00,A01
200700029089,0,07,000,00,2,1,15,B01
200700029089,0,07,000,00,2,1,23,C01
200700029090,0,31,000,00,2,1,01,A01
200700029090,0,37,010,00,2,5,23,B01
200700029091,0,07,000,00,2,4,01,A01
200700029091,0,30,000,00,2,1,02,B01
200700029092,0,02,000,00,2,1,01,A01
200700029092,0,07,000,00,2,1,15,B01
200700029093,0,13,000,00,0,8,15,A01
200700029093,0,31,000,00,2,1,01,B01
200700029094,0,07,000,08,0,2,02,A01
200700029095,0,07,000,00,1,2,01,A01
200700029096,0,07,000,00,2,2,19,A01
200700029096,0,02,000,00,2,1,01,B01
200700029097,0,07,000,00,1,5,20,A01
200700029098,0,02,000,00,2,3,01,A01
200700029098,0,07,000,00,0,6,15,B01
200700029099,0,13,000,00,2,1,01,A01
200700029099,0,07,000,00,2,4,15,B01
200700029099,0,07,000,00,2,1,01,C01
200700029100,0,07,000,00,2,3,01,B01
200700029100,0,07,000,00,2,1,16,A01
200700029101,0,33,000,00,2,1,13,B01
200700029101,0,07,000,00,2,3,15,A01
200700029102,0,30,000,00,2,1,05,A01
200700029102,0,07,000,00,2,1,01,B01
200700029103,0,02,000,00,2,1,01,A01
200700029103,0,07,000,00,2,1,15,B01
200700029104,0,33,000,00,2,0,12,A01
200700029104,0,07,000,00,2,5,02,B01
200700029105,0,02,000,00,2,3,00,A01
200700029105,0,07,000,00,2,1,01,B01
200700029106,0,33,000,13,0,1,01,A01
200700029107,0,07,000,00,2,1,02,A01
200700029107,0,07,000,00,2,6,23,B01
200700029108,0,07,000,00,2,1,01,B01
200700029108,0,07,000,07,2,7,09,A01
200700029109,0,07,000,00,1,2,21,A01
200700029110,0,02,000,00,2,1,01,B01
200700029110,0,07,000,00,2,1,15,A01
200700029111,0,15,000,00,1,7,16,A01
200700029112,0,30,000,00,2,7,01,A01
200700029112,0,07,000,00,2,1,01,B01
200700029113,0,07,000,00,2,3,01,B01
200700029113,0,07,000,00,0,3,01,A01
200700029114,1,07,000,00,9,1,02,A01
200700029114,0,01,000,00,2,6,19,B01
200700029115,0,07,000,00,2,8,15,A01
200700029115,0,02,000,00,2,1,17,B01
200700029116,0,02,000,00,2,1,17,A01
200700029116,0,07,000,00,2,3,19,B01
200700029117,0,07,000,03,2,3,16,A01
200700029117,0,07,000,00,2,1,01,B01
200700029118,0,07,000,06,0,1,02,A01
200700029119,1,07,000,00,1,4,20,A01
200700029120,0,07,000,00,2,3,01,B01
200700029120,0,02,000,00,2,1,01,A01
200700029121,0,07,000,00,1,1,01,A01
200700029122,0,10,000,00,1,2,01,A01
200700029123,0,07,000,00,2,0,01,A01
200700029123,0,01,000,00,2,1,02,B01
200700029124,1,07,000,00,1,0,01,A01
200700029125,0,33,000,00,2,1,01,A01
200700029125,0,07,000,00,2,2,15,B01
200700029126,0,01,000,00,2,1,19,A01
200700029126,0,07,000,00,2,1,01,B01
200700029127,0,30,000,00,2,0,17,A01
200700029127,0,07,000,10,2,3,15,B01
200700029128,0,07,000,00,2,1,15,A01
200700029128,0,32,000,00,2,1,01,B01
200700029129,0,07,000,00,2,1,15,A01
200700029129,0,02,000,00,2,1,02,B01
200700029130,0,31,000,12,0,0,14,A01
200700029131,2,07,000,00,2,1,01,A01
200700029131,0,02,000,00,2,1,01,B01
200700029132,0,07,000,00,1,3,01,A01
200700029133,1,07,000,00,1,1,01,A01
200700029134,0,07,000,01,0,1,14,A01
200700029135,0,07,000,00,1,2,01,A01
200700029136,0,33,000,00,2,1,01,B01
200700029136,0,07,000,00,2,5,01,A01
200700029137,0,07,000,02,0,1,13,A01
200700029138,0,07,000,00,2,1,01,A01
200700029138,0,07,000,00,2,1,01,B01
200700029138,0,10,000,00,2,4,01,C01
200700029139,0,07,000,02,0,1,14,A01
200700029140,0,07,000,00,1,1,01,A01
200700029141,0,01,000,00,9,1,01,A01
200700029141,0,01,000,00,9,1,01,B01
200700029142,0,01,000,00,2,2,19,A01
200700029142,0,07,000,00,9,2,16,B01
200700029143,0,07,000,00,2,8,10,A01
200700029143,0,07,000,00,2,1,01,B01
200700029144,0,07,000,00,2,3,01,A01
200700029144,0,07,000,00,2,1,01,B01
200700029145,0,07,000,00,1,2,01,A01
200700029146,0,33,000,00,2,1,21,A01
200700029146,0,07,000,00,9,6,15,B01
200700029147,0,07,000,00,2,2,15,A01
200700029147,0,33,000,00,2,1,01,B01
200700029148,0,02,000,01,1,1,01,A01
200700029148,0,07,000,00,0,4,02,B01
200700029149,0,02,000,00,2,4,02,A01
200700029150,0,02,000,00,1,0,05,A01
200700029151,0,07,000,00,2,3,11,A01
200700029151,0,07,000,00,2,2,01,B01
200700029152,0,07,000,00,2,3,15,A01
200700029152,0,10,000,00,2,2,01,B01
200700029153,0,10,000,08,0,3,13,A01
200700029154,0,07,000,00,2,1,01,A01
200700029154,0,07,000,00,2,4,01,B01
200700029155,0,34,000,00,0,8,01,A01
200700029156,0,07,000,00,2,1,01,A01
200700029156,0,07,000,00,0,4,23,B01
200700029157,0,07,000,00,2,1,15,A01
200700029157,0,07,000,00,2,3,01,B01
200700029157,0,07,000,00,2,0,01,C01
200700029157,0,07,000,00,2,1,01,D01
200700029158,0,07,000,00,2,1,02,A01
200700029158,0,07,000,00,2,4,01,B01
200700029159,0,33,000,00,2,1,02,A01
200700029159,0,07,000,00,0,4,02,B01
200700029160,0,30,000,00,1,1,01,A01
200700029161,0,02,000,12,0,7,01,A01
200700029162,0,07,000,00,2,3,15,A01
200700029162,0,30,000,00,2,1,01,B01
200700029163,0,07,000,00,2,1,16,A01
200700029163,0,20,000,00,2,7,01,B01
200700029164,0,07,000,00,2,1,01,A01
200700029164,0,07,000,00,2,4,01,B01
200700029165,0,07,000,00,2,1,01,A01
200700029165,0,07,000,00,2,2,01,B01
200700029165,0,02,000,00,2,0,01,C01
200700029166,0,07,000,00,2,1,01,A01
200700029166,0,07,000,00,2,4,23,B01
200700029167,0,07,000,00,2,8,01,B01
200700029167,0,07,000,01,0,3,01,C01
200700029167,0,07,000,00,2,1,01,A01
200700029168,0,07,000,00,2,1,15,A01
200700029168,0,30,000,00,0,1,01,B01
200700029169,0,07,000,09,2,5,01,A01
200700029169,0,07,000,00,2,2,01,B01
200700029170,0,07,000,00,2,5,15,A01
200700029170,0,01,000,00,1,1,01,B01
200700029171,0,07,000,00,1,3,01,A01
200700029172,0,07,000,00,2,1,14,A01
200700029173,0,07,000,00,2,3,15,A01
200700029173,0,33,000,00,2,3,01,B01
200700029174,0,07,000,00,2,1,01,B01
200700029174,0,03,000,00,2,8,01,A01
200700029175,0,30,000,12,0,1,01,A01
200700029176,0,07,000,00,2,2,01,A01
200700029176,0,07,000,00,2,8,01,B01
200700029176,0,07,000,00,2,6,01,C01
200700029177,0,32,000,00,0,7,01,B01
200700029177,0,07,000,00,2,1,16,A01
200700029178,0,07,000,00,2,3,22,A01
200700029178,0,01,000,00,2,1,01,B01
200700029179,0,07,000,00,2,2,15,A01
200700029179,0,31,000,00,2,1,01,B01
200700029180,0,07,000,00,2,1,01,A01
200700029180,0,07,000,00,2,4,01,B01
200700029180,0,07,000,00,2,1,01,C01
200700029180,0,07,000,00,2,6,01,D01
200700029181,0,07,000,00,2,1,02,A01
200700029181,0,07,000,00,2,4,02,B01
200700029182,0,07,000,00,0,9,01,A01
200700029183,0,07,000,00,2,8,13,A01
200700029184,0,07,000,00,2,1,01,A01
200700029184,0,07,000,09,2,2,01,B01
200700029185,0,37,030,00,1,7,01,A01
200700029186,0,07,000,00,2,1,02,A01
200700029186,0,07,000,00,2,4,02,B01
200700029186,0,07,000,00,2,4,02,C01
200700029187,0,07,000,00,2,1,02,A01
200700029187,0,07,000,00,2,4,02,B01
200700029187,0,07,000,00,0,4,02,C01
200700029188,0,07,000,00,2,3,13,A01
200700029188,0,07,000,00,2,3,00,B01
200700029189,0,07,000,00,2,3,15,A01
200700029189,0,33,000,00,2,8,01,B01
200700029190,0,07,000,00,2,1,20,A01
200700029190,0,02,000,00,2,1,01,B01
200700029191,0,07,000,00,2,4,02,C01
200700029191,0,07,000,00,2,1,02,A01
200700029191,0,07,000,00,2,4,02,B01
200700029191,0,07,000,00,2,4,02,D01
200700029191,1,07,000,00,0,4,02,E01
200700029192,0,07,000,00,2,8,01,A01
200700029192,0,07,000,00,2,1,01,B01
200700029193,0,07,000,00,2,5,15,A01
200700029193,0,33,000,00,2,1,01,B01
200700029194,0,07,000,00,2,1,01,A01
200700029194,0,07,000,00,2,4,23,B01
200700029195,0,33,000,00,2,3,19,A01
200700029195,0,33,000,00,2,1,01,B01
200700029196,0,07,000,00,1,1,01,A01
200700029197,0,07,000,00,2,3,05,A01
200700029197,0,33,000,00,2,8,01,B01
200700029198,0,07,000,16,0,1,13,A01
200700029199,0,07,000,00,1,7,01,A01
200700029200,0,02,000,00,2,1,01,B01
200700029200,0,07,000,00,2,1,15,A01
200700029201,0,07,000,00,2,2,01,B01
200700029201,0,07,000,00,2,3,09,A01
200700029202,0,32,000,00,2,7,01,B01
200700029202,0,07,000,00,2,1,09,A01
200700029203,0,02,000,00,2,1,01,A01
200700029203,0,07,000,00,2,3,15,B01
200700029204,0,07,000,00,2,1,15,A01
200700029204,0,07,000,00,2,3,01,B01
200700029205,0,02,000,00,2,1,01,A01
200700029205,0,07,000,00,2,4,23,B01
200700029206,0,07,000,00,2,8,15,A01
200700029206,0,02,000,00,2,1,17,B01
200700029207,0,10,000,00,2,8,01,B01
200700029207,0,07,000,00,2,1,09,A01
200700029208,0,30,000,00,2,1,02,A01
200700029208,0,10,000,00,2,4,14,B01
200700029209,0,01,000,01,2,1,14,A01
200700029209,1,07,000,00,0,0,00,B01
200700029210,0,07,000,00,2,1,02,A01
200700029210,0,07,000,00,0,4,23,B01
200700029211,0,07,000,00,2,1,13,A01
200700029211,0,07,000,00,2,1,01,B01
200700029212,0,07,000,00,2,3,13,A01
200700029212,0,07,000,08,2,3,01,B01
200700029213,0,10,000,00,1,4,04,A01
200700029214,0,02,000,00,0,8,01,A01
200700029215,0,07,000,00,2,8,22,A01
200700029215,0,01,000,00,2,1,01,B01
200700029216,0,07,000,08,0,1,01,A01
200700029217,0,07,000,00,2,1,02,A01
200700029217,0,07,000,00,2,4,01,B01
200700029218,0,01,000,00,2,1,16,A01
200700029218,0,07,000,00,2,7,01,B01
200700029219,0,07,000,00,1,1,01,A01
200700029220,0,07,000,02,0,7,01,A01
200700029220,0,07,000,00,0,7,01,B01
200700029221,0,07,000,00,1,3,01,A01
200700029222,0,30,000,12,0,1,01,A01
200700029223,0,14,000,09,2,6,01,A01
200700029223,0,07,000,00,2,1,01,B01
200700029224,0,07,000,00,2,7,01,A01
200700029224,0,30,000,00,2,8,01,B01
200700029225,0,07,000,00,1,1,15,A01
200700029226,0,10,000,00,2,3,15,A01
200700029226,0,07,000,00,2,1,01,B01
200700029227,0,31,000,00,2,1,05,A01
200700029227,0,07,000,00,2,5,01,B01
200700029228,0,02,000,00,2,8,15,A01
200700029228,0,07,000,00,2,1,01,B01
200700029229,0,07,000,00,1,8,01,A01
200700029230,0,07,000,00,2,1,01,A01
200700029230,0,33,000,00,2,4,16,B01
200700029231,0,07,000,00,2,3,02,A01
200700029231,0,07,000,00,2,5,15,B01
200700029232,0,07,000,00,2,1,13,A01
200700029232,0,07,000,00,2,1,01,B01
200700029233,2,07,000,00,2,1,17,A01
200700029233,0,07,000,00,2,6,15,B01
200700029234,0,07,000,00,2,1,09,A01
200700029234,0,33,000,00,2,1,01,B01
200700029235,0,07,000,00,2,2,15,A01
200700029235,0,02,000,00,2,1,01,B01
200700029236,0,07,000,00,2,2,01,B01
200700029236,0,07,000,00,2,3,09,A01
200700029237,0,07,000,00,2,5,15,B01
200700029237,0,33,000,00,2,1,02,A01
200700029238,0,02,000,00,2,4,01,A01
200700029238,1,07,000,00,2,1,02,B01
200700029239,0,07,000,00,2,3,14,A01
200700029239,0,03,000,00,2,3,23,B01
200700029239,0,07,000,00,2,3,23,C01
200700029240,0,07,000,00,2,6,15,A01
200700029240,0,02,000,00,2,1,01,B01
200700029241,0,02,000,00,1,1,01,A01
200700029242,0,07,000,00,1,2,01,A01
200700029243,0,02,000,00,2,1,00,B01
200700029243,0,13,000,00,2,3,13,A01
200700029244,0,07,000,00,2,1,02,A01
200700029244,0,07,000,00,2,4,01,B01
200700029245,0,07,000,02,0,1,13,A01
200700029246,0,07,000,13,2,1,13,A01
200700029246,0,07,000,00,2,1,21,B01
200700029247,0,07,000,02,0,9,14,A01
200700029248,0,33,000,00,1,7,01,A01
200700029249,0,07,000,00,2,1,01,B01
200700029249,0,07,000,00,2,1,13,A01
200700029250,0,07,000,00,2,1,01,B01
200700029250,0,07,000,00,2,5,13,A01
200700029251,0,07,000,00,0,4,02,C01
200700029251,0,07,000,00,2,1,02,B01
200700029251,0,07,000,00,2,1,02,A01
200700029252,0,07,000,00,1,1,01,A01
200700029253,0,07,000,00,1,1,15,A01
200700029254,0,07,000,00,2,1,02,B01
200700029254,0,07,000,00,2,1,15,A01
200700029255,0,07,000,00,2,2,02,B01
200700029255,0,07,000,00,2,6,02,A01
200700029256,0,07,000,00,2,8,01,B01
200700029256,0,07,000,00,2,1,00,A01
200700029257,0,07,000,00,2,1,01,A01
200700029257,0,07,000,00,0,7,01,B01
200700029258,0,07,000,00,0,4,01,C01
200700029258,0,07,000,00,2,1,02,B01
200700029258,0,07,000,00,2,1,02,A01
200700029259,0,10,000,00,2,4,23,C01
200700029259,0,33,000,00,2,4,23,B01
200700029259,0,07,000,00,2,1,01,A01
200700029260,0,07,000,00,2,4,04,B01
200700029260,0,07,000,00,2,1,01,A01
200700029261,0,33,000,00,2,1,01,B01
200700029261,0,07,000,00,2,6,00,A01
200700029262,0,33,000,00,2,1,17,B01
200700029262,0,07,000,00,0,8,15,A01
200700029263,0,02,000,00,2,1,01,B01
200700029263,0,07,000,00,2,8,01,A01
200700029264,0,07,000,00,2,4,23,B01
200700029264,0,07,000,00,2,1,01,A01
200700029265,0,07,000,00,2,1,02,D01
200700029265,0,07,000,00,2,1,01,C01
200700029265,0,07,000,00,2,1,02,B01
200700029265,0,07,000,00,0,4,01,A01
200700029266,0,07,000,00,0,9,13,A01
200700029267,0,07,000,00,2,4,02,C01
200700029267,0,14,000,00,2,3,02,B01
200700029267,0,07,000,00,0,4,01,A01
200700029268,0,07,000,00,2,1,01,B01
200700029268,0,17,000,00,0,8,16,A01
200700029269,0,07,000,00,2,1,01,B01
200700029269,0,07,000,00,0,3,01,A01
200700029270,0,31,000,00,2,1,01,B01
200700029270,0,07,000,00,0,3,15,A01
200700029271,0,07,000,06,0,1,01,A01
200700029272,0,01,000,00,2,1,01,B01
200700029272,0,07,000,00,2,2,16,A01
200700029273,0,07,000,00,0,8,15,B01
200700029273,0,02,000,00,2,7,17,A01
200700029274,0,07,000,11,0,1,01,A01
200700029275,0,02,000,00,0,3,15,A01
200700029275,0,99,000,00,2,3,15,B01
200700029276,0,07,000,00,1,2,01,A01
200700029277,0,07,000,00,1,0,01,A01
200700029278,0,07,000,00,1,7,01,A01
200700029279,0,07,000,00,1,7,01,A01
200700029280,0,07,000,00,2,1,01,A01
200700029280,0,07,000,00,0,4,00,B01
200700029281,0,02,000,00,2,8,01,B01
200700029281,1,07,000,00,2,0,17,A01
200700029282,0,07,000,00,1,2,01,A01
200700029283,0,07,000,00,0,5,12,A01
200700029283,0,07,000,00,0,4,11,B01
200700029283,0,99,000,00,2,1,02,C01
200700029283,0,07,000,00,2,1,01,D01
200700029284,0,10,000,00,2,7,15,A01
200700029284,0,31,000,00,2,1,01,B01
200700029285,0,07,000,00,2,3,13,A01
200700029285,0,07,000,00,2,3,01,B01
200700029285,0,07,000,00,2,2,13,C01
200700029286,0,07,000,00,1,1,02,A01
200700029287,0,07,000,00,2,1,16,A01
200700029287,0,32,000,00,2,4,16,B01
200700029288,0,02,000,00,2,1,13,A01
200700029288,0,07,000,00,2,1,01,B01
200700029289,0,02,000,00,2,7,01,A01
200700029289,0,07,000,00,2,3,15,B01
200700029290,0,07,000,00,2,1,15,A01
200700029290,0,01,000,00,2,1,19,B01
200700029291,0,02,000,00,2,1,01,A01
200700029291,0,01,000,00,2,7,19,B01
200700029292,0,01,000,00,1,1,01,A01
200700029293,0,01,000,00,2,1,01,A01
200700029293,0,01,000,00,2,4,01,B01
200700029294,1,07,000,00,2,0,00,A01
200700029294,0,01,000,00,2,4,01,B01
200700029295,0,07,000,00,2,2,14,A01
200700029295,0,02,000,00,2,4,01,B01
200700029296,0,01,000,00,2,7,19,A01
200700029296,0,07,000,00,2,1,01,B01
200700029297,0,02,000,00,2,1,01,A01
200700029297,0,02,000,00,2,4,16,B01
200700029298,0,07,000,00,2,2,01,A01
200700029298,0,07,000,00,2,3,15,B01
200700029299,0,07,000,00,9,3,16,A01
200700029299,0,01,000,00,2,1,01,B01
200700029300,0,02,000,00,0,0,00,A01
200700029300,0,02,000,00,2,7,00,B01
200700029301,0,07,000,00,2,2,15,A01
200700029301,0,07,000,00,2,1,01,B01
200700029302,0,07,000,01,0,2,01,A01
200700029303,0,07,000,00,2,1,01,B01
200700029303,0,07,000,00,2,8,15,A01
200700029304,0,07,000,00,1,3,15,A01
200700029305,0,02,000,00,1,1,01,A01
200700029306,0,07,000,00,9,2,01,A01
200700029306,0,01,000,00,2,8,15,B01
200700029307,0,07,000,00,2,4,04,A01
200700029308,0,07,000,00,2,1,01,A01
200700029308,0,07,000,00,2,8,01,B01
200700029309,0,07,000,00,2,8,01,B01
200700029309,0,07,000,00,2,1,16,A01
200700029310,0,07,000,00,2,1,01,A01
200700029310,0,07,000,00,2,8,01,B01
200700029311,0,07,000,00,2,8,01,A01
200700029311,0,02,000,00,2,7,02,B01
200700029312,0,07,000,00,2,8,01,A01
200700029312,0,07,000,00,2,8,01,B01
200700029312,0,07,000,00,2,1,01,C01
200700029312,0,07,000,00,2,1,01,D01
200700029313,0,30,000,00,2,1,01,A01
200700029313,1,30,000,00,2,0,19,B01
200700029314,1,07,000,00,2,1,02,A01
200700029314,0,02,000,00,2,4,23,B01
200700029314,0,07,000,00,2,1,23,C01
200700029315,0,33,000,01,0,8,01,A01
200700029316,0,99,000,01,0,0,01,A01
200700029316,0,07,000,00,2,4,23,B01
200700029317,0,07,000,00,1,2,01,A01
200700029318,0,07,000,00,1,1,01,A01
200700029319,0,30,000,00,2,1,01,A01
200700029319,0,07,000,00,2,4,01,B01
200700029320,0,07,000,00,2,3,01,A01
200700029320,0,01,000,00,2,7,01,B01
200700029321,0,40,000,00,1,1,01,A01
200700029322,0,01,000,00,2,1,01,A01
200700029322,0,40,000,00,2,1,01,B01
200700029323,0,07,000,00,1,1,01,A01
200700029324,0,01,000,00,9,1,15,A01
200700029324,0,01,000,00,9,1,01,B01
200700029325,0,01,000,00,2,8,19,A01
200700029325,0,07,000,00,2,7,01,B01
200700029325,0,07,000,00,2,7,01,C01
200700029326,0,07,000,00,2,3,01,B01
200700029326,0,01,000,00,2,1,01,A01
200700029327,0,07,000,00,1,1,01,A01
200700029328,0,07,000,00,2,2,15,A01
200700029328,0,01,000,00,2,1,01,B01
200700029329,0,07,000,00,1,4,04,A01
200700029330,0,07,000,06,0,1,00,A01
200700029331,0,07,000,00,2,3,22,A01
200700029331,0,01,000,01,0,1,01,B01
200700029332,0,07,000,00,2,2,15,A01
200700029332,0,02,000,00,2,1,01,B01
200700029333,0,02,000,00,2,8,01,A01
200700029333,0,02,000,00,2,7,15,B01
200700029334,0,07,000,02,0,8,01,A01
200700029335,0,01,000,00,2,1,15,A01
200700029335,0,01,000,00,2,0,16,B01
200700029336,0,02,000,00,0,9,01,A01
200700029337,0,02,000,14,0,1,01,A01
200700029337,0,07,000,00,2,3,23,B01
200700029338,1,07,000,00,0,0,00,A01
200700029338,0,30,000,00,1,1,21,B01
200700029339,0,07,000,00,2,7,15,A01
200700029339,0,33,000,00,2,1,01,B01
200700029340,0,02,000,00,2,1,01,A01
200700029340,0,07,000,00,2,8,23,B01
200700029341,0,07,000,00,1,1,01,A01
200700029342,0,07,000,00,1,4,04,A01
200700029343,0,07,000,00,1,3,01,A01
200700029344,0,01,000,00,1,1,00,A01
200700029345,0,07,000,00,2,1,05,A01