Num_Acc,senc,catv,occutc,obs,obsm,choc,manv,num_veh
200700029345,0,07,000,00,2,1,01,B01
200700029345,0,07,000,00,2,1,01,C01
200700029346,0,07,000,00,1,2,01,A01
200700029347,0,07,000,00,2,2,01,B01
200700029347,0,07,000,00,2,1,01,A01
200700029348,0,07,000,00,1,2,01,A01
200700029349,0,07,000,00,2,1,12,A01
200700029349,0,02,000,00,2,4,01,B01
200700029350,0,01,000,00,2,1,01,A01
200700029350,0,01,000,00,2,1,23,B01
200700029351,0,07,000,00,0,2,01,B01
200700029351,0,07,000,00,2,1,01,A01
200700029352,0,10,000,00,2,1,01,A01
200700029352,0,07,000,00,2,6,01,B01
200700029353,0,05,000,01,2,2,01,B01
200700029353,0,07,000,00,2,1,01,A01
200700029354,0,07,000,00,2,2,01,A01
200700029354,0,02,000,00,2,1,01,B01
200700029355,0,07,000,00,2,3,01,A01
200700029355,0,30,000,00,2,1,01,B01
200700029356,0,30,000,00,2,1,02,A01
200700029356,0,07,000,00,0,6,02,B01
200700029357,0,07,000,00,2,3,00,A01
200700029357,0,02,000,00,2,1,00,B01
200700029358,0,37,030,00,1,1,01,A01
200700029359,1,07,000,00,2,1,02,A01
200700029359,0,02,000,00,2,4,02,B01
200700029360,0,10,000,00,1,2,02,A01
200700029361,0,01,000,00,4,2,19,A01
200700029361,0,40,000,00,2,2,01,B01
200700029362,0,30,000,00,1,1,01,A01
200700029363,0,07,000,00,1,7,01,A01
200700029364,0,30,000,00,2,1,02,A01
200700029364,0,07,000,00,2,2,02,B01
200700029365,0,07,000,00,2,1,01,B01
200700029365,0,07,000,08,2,0,19,A01
200700029366,0,40,000,00,1,8,01,A01
200700029367,0,07,000,00,1,2,01,A01
200700029368,1,07,000,00,2,1,15,A01
200700029368,0,02,000,00,2,1,01,B01
200700029369,0,02,000,00,2,8,00,B01
200700029369,1,07,000,00,2,8,00,A01
200700029370,0,07,000,00,1,2,01,A01
200700029371,0,07,000,01,0,8,21,A01
200700029371,0,07,000,00,0,5,24,B01
200700029372,0,32,000,00,2,1,01,A01
200700029372,0,07,000,00,0,6,12,B01
200700029373,0,07,000,00,1,1,01,A01
200700029374,0,30,000,00,2,1,01,A01
200700029374,0,07,000,00,0,4,01,B01
200700029375,0,32,000,00,2,1,01,A01
200700029375,0,07,000,00,2,4,01,B01
200700029376,0,07,000,00,1,1,01,A01
200700029376,0,10,000,00,0,1,01,B01
200700029377,0,07,000,08,0,1,01,A01
200700029378,0,07,000,00,0,1,01,A01
200700029378,0,07,000,00,0,3,02,B01
200700029379,0,07,000,00,2,3,01,B01
200700029379,0,32,000,00,2,8,01,A01
200700029380,0,02,000,00,2,1,18,A01
200700029380,0,07,000,00,2,1,15,B01
200700029381,0,31,000,00,2,8,19,A01
200700029381,0,07,000,00,2,1,01,B01
200700029382,0,07,000,00,1,0,01,A01
200700029383,0,07,000,00,2,1,15,A01
200700029383,0,07,000,00,2,3,01,B01
200700029384,0,02,000,00,2,2,17,A01
200700029384,0,07,000,00,9,8,15,B01
200700029385,0,07,000,00,2,5,01,B01
200700029385,0,07,000,00,2,1,21,A01
200700029386,0,07,000,00,2,3,15,A01
200700029386,0,07,000,00,2,3,01,B01
200700029387,0,07,000,00,1,7,00,A01
200700029388,0,07,000,00,2,1,09,A01
200700029388,0,32,000,01,2,1,01,B01
200700029389,0,02,000,00,2,8,18,A01
200700029389,0,07,000,00,9,5,16,B01
200700029390,0,10,000,00,2,2,15,B01
200700029390,0,02,000,00,2,1,01,A01
200700029391,0,07,000,00,2,1,01,B01
200700029391,2,07,000,04,0,1,13,A01
200700029392,0,33,000,00,2,4,02,A01
200700029392,0,07,000,00,9,0,02,B01
200700029393,0,07,000,00,0,2,00,B01
200700029393,0,01,000,00,0,1,19,A01
200700029394,2,07,000,00,2,1,00,A01
200700029394,0,07,000,00,2,1,02,B01
200700029395,2,02,000,00,1,0,00,A01
200700029396,1,07,000,00,1,0,00,A01
200700029397,0,07,000,00,2,1,01,A01
200700029397,0,07,000,00,2,7,01,B01
200700029398,0,07,000,00,1,3,16,A01
200700029399,0,20,000,00,0,0,16,A01
200700029399,0,02,000,00,0,2,01,B01
200700029400,0,07,000,00,2,1,01,B01
200700029400,0,02,000,00,2,8,01,A01
200700029401,0,10,000,00,2,1,01,A01
200700029401,0,07,000,00,2,4,23,B01
200700029402,1,30,000,00,1,1,01,A01
200700029403,0,30,000,00,1,7,01,A01
200700029404,0,07,000,00,2,2,01,A01
200700029404,0,07,000,00,2,1,16,B01
200700029405,0,01,000,00,1,1,01,A01
200700029406,0,07,000,00,0,5,20,A01
200700029406,0,01,000,00,9,1,01,B01
200700029407,0,01,000,00,2,1,01,A01
200700029407,0,07,000,00,2,3,15,B01
200700029408,0,07,000,00,1,1,01,A01
200700029409,0,07,000,00,2,3,01,B01
200700029409,0,02,000,00,2,2,01,A01
200700029410,0,07,000,00,2,1,00,A01
200700029410,0,07,000,00,2,1,01,B01
200700029411,0,07,000,00,2,1,02,A01
200700029411,0,07,000,00,0,6,01,B01
200700029412,0,07,000,00,1,1,01,A01
200700029413,2,07,000,00,9,1,01,A01
200700029413,0,01,000,00,2,3,19,B01
200700029414,0,14,000,00,2,1,01,A01
200700029414,0,07,000,00,0,4,01,B01
200700029415,0,07,000,00,2,5,01,B01
200700029415,0,07,000,00,2,1,01,A01
200700029416,0,01,000,00,2,1,05,A01
200700029416,0,07,000,00,9,1,01,B01
200700029417,0,07,000,00,2,6,01,A01
200700029417,0,33,000,00,2,1,01,B01
200700029418,0,07,000,00,2,2,16,A01
200700029418,0,30,000,00,2,1,01,B01
200700029419,0,07,000,13,0,8,01,B01
200700029419,1,07,000,00,2,1,13,A01
200700029420,0,07,000,00,2,3,09,A01
200700029420,0,01,000,00,2,7,15,B01
200700029421,0,07,000,00,1,2,01,A01
200700029422,0,33,000,00,2,2,17,A01
200700029422,0,07,000,00,2,8,15,B01
200700029423,2,07,000,06,0,1,00,A01
200700029424,0,07,000,00,2,7,15,A01
200700029424,0,33,000,00,2,1,01,B01
200700029425,0,07,000,11,2,7,15,A01
200700029425,0,33,000,00,2,1,01,B01
200700029426,0,07,000,00,0,2,01,B01
200700029426,0,02,000,00,2,4,15,A01
200700029427,0,07,000,15,0,9,01,A01
200700029428,0,07,000,00,2,3,01,B01
200700029428,0,07,000,00,2,3,01,A01
200700029429,0,07,000,00,2,1,01,A01
200700029429,0,07,000,00,2,4,01,B01
200700029430,0,02,000,00,2,1,01,A01
200700029430,0,07,000,00,2,3,15,B01
200700029431,0,07,000,01,2,1,11,A01
200700029431,0,07,000,01,2,1,01,B01
200700029432,0,07,000,07,0,1,02,A01
200700029433,0,07,000,00,2,7,01,A01
200700029433,0,30,000,06,2,2,01,B01
200700029434,0,33,000,00,2,1,01,B01
200700029434,0,07,000,01,2,2,01,A01
200700029435,0,07,000,08,0,1,01,A01
200700029436,0,07,000,00,0,7,01,A01
200700029437,0,07,000,07,2,1,01,A01
200700029438,0,07,000,00,2,1,01,B01
200700029438,0,07,000,00,2,2,01,A01
200700029439,0,10,000,12,0,2,01,A01
200700029440,0,33,000,00,0,8,01,A01
200700029441,0,30,000,00,2,1,02,A01
200700029441,0,07,000,00,0,4,02,B01
200700029442,0,07,000,09,0,1,14,A01
200700029443,0,07,000,00,2,3,11,A01
200700029443,0,07,000,00,0,7,01,B01
200700029444,0,33,000,00,2,1,01,A01
200700029444,0,07,000,00,2,3,01,B01
200700029445,0,30,000,00,2,1,01,B01
200700029445,0,07,000,00,2,1,15,A01
200700029446,0,02,000,00,0,8,15,A01
200700029446,0,02,000,14,2,3,01,B01
200700029447,0,07,000,00,0,3,01,A01
200700029447,0,33,000,00,2,1,01,B01
200700029448,0,07,000,00,2,3,15,A01
200700029448,0,33,000,00,2,1,01,B01
200700029449,0,33,000,00,2,9,01,A01
200700029449,0,07,000,00,0,6,01,B01
200700029449,0,07,000,00,0,2,01,C01
200700029450,0,07,000,00,2,2,01,A01
200700029450,0,07,000,00,0,4,23,B01
200700029451,0,02,000,09,0,1,01,A01
200700029452,0,02,000,15,0,0,01,A01
200700029453,0,33,000,16,0,8,01,A01
200700029454,0,02,000,16,0,2,01,A01
200700029455,0,07,000,00,0,2,16,A01
200700029455,0,02,000,00,2,1,18,B01
200700029456,0,07,000,00,1,1,01,A01
200700029457,0,07,000,00,1,3,01,A01
200700029458,0,01,000,00,1,1,01,A01
200700029459,0,07,000,00,2,1,01,A01
200700029459,0,01,000,00,0,4,19,B01
200700029460,0,07,000,00,2,1,01,A01
200700029460,0,07,000,00,0,4,01,B01
200700029461,0,33,000,08,0,1,01,A01
200700029462,0,02,000,16,0,7,01,A01
200700029463,0,07,000,00,1,1,01,A01
200700029464,0,07,000,00,1,2,01,A01
200700029465,0,07,000,00,2,5,10,A01
200700029465,0,02,000,00,0,1,01,B01
200700029466,0,02,000,16,0,1,01,A01
200700029467,0,07,000,00,2,7,17,A01
200700029467,0,02,000,00,0,8,01,B01
200700029468,0,33,000,16,0,1,01,A01
200700029469,0,07,000,00,0,4,01,A01
200700029469,0,07,000,00,2,1,01,B01
200700029470,0,02,000,00,1,1,01,A01
200700029471,0,07,000,00,2,2,01,A01
200700029471,0,07,000,00,0,5,15,B01
200700029472,0,07,000,02,0,9,01,A01
200700029473,0,07,000,00,2,1,10,A01
200700029473,0,33,000,00,0,7,01,B01
200700029474,0,02,000,16,0,8,01,A01
200700029475,0,02,000,00,2,1,01,A01
200700029475,0,07,000,00,0,5,01,B01
200700029476,0,01,000,00,2,2,01,A01
200700029476,0,07,000,00,0,2,15,B01
200700029477,0,07,000,00,2,1,01,A01
200700029477,0,01,000,00,0,0,01,B01
200700029478,0,02,000,16,0,0,01,A01
200700029479,0,02,000,16,0,0,01,A01
200700029480,0,02,000,00,2,8,17,A01
200700029480,0,07,000,00,0,8,10,B01
200700029481,0,07,000,00,2,1,15,A01
200700029481,0,07,000,00,0,3,01,B01
200700029482,0,07,000,05,0,1,01,A01
200700029483,0,02,000,16,0,7,01,A01
200700029484,0,07,000,01,0,1,01,A01
200700029485,0,07,000,09,0,1,01,A01
200700029486,0,07,000,00,2,1,01,A01
200700029486,0,07,000,00,0,4,01,B01
200700029487,0,07,000,00,2,1,01,A01
200700029487,0,01,000,00,0,1,09,B01
200700029488,0,02,000,16,0,1,00,A01
200700029489,0,07,000,00,2,1,01,A01
200700029489,0,07,000,00,2,4,01,B01
200700029489,0,07,000,00,2,1,01,C01
200700029489,0,07,000,00,0,4,01,D01
200700029490,0,07,000,13,0,1,14,A01
200700029491,0,07,000,06,0,9,01,A01
200700029492,0,07,000,13,0,2,00,A01
200700029493,1,07,000,00,2,2,15,A01
200700029493,0,33,000,00,0,1,01,B01
200700029494,0,07,000,01,1,1,15,A01
200700029495,0,31,000,00,2,1,01,A01
200700029495,0,07,000,00,0,0,15,B01
200700029495,0,07,000,00,0,1,01,C01
200700029496,0,33,000,00,1,1,17,A01
200700029497,0,07,000,00,2,1,09,A01
200700029497,0,02,000,00,0,1,01,B01
200700029498,0,07,000,01,2,3,10,A01
200700029498,0,07,000,00,0,1,01,B01
200700029499,0,07,000,15,1,1,14,A01
200700029500,0,07,000,00,1,1,01,A01
200700029501,0,07,000,00,2,7,01,A01
200700029501,0,07,000,00,2,1,01,B01
200700029501,0,07,000,00,2,2,01,C01
200700029502,0,39,000,00,2,1,01,A01
200700029502,0,01,000,00,0,0,01,B01
200700029503,0,07,000,01,0,1,09,A01
200700029504,0,02,000,00,0,0,02,A01
200700029504,0,07,000,00,0,0,20,B01
200700029505,0,07,000,00,1,1,01,A01
200700029506,0,02,000,01,0,2,01,A01
200700029507,0,07,000,00,1,4,04,A01
200700029508,0,07,000,00,2,3,15,A01
200700029508,0,05,000,00,2,2,01,B01
200700029509,0,18,000,00,2,8,15,A01
200700029509,0,04,000,00,2,2,01,B01
200700029510,1,07,000,00,2,1,00,A01
200700029510,0,04,000,00,2,3,01,B01
200700029511,0,01,000,00,0,0,01,A01
200700029512,0,07,000,00,2,8,22,A01
200700029512,0,01,000,00,2,2,01,B01
200700029513,0,07,000,00,2,3,15,A01
200700029513,0,04,000,00,2,2,01,B01
200700029514,0,04,000,00,2,2,17,A01
200700029514,0,02,000,00,2,3,01,B01
200700029515,0,07,000,00,1,1,16,A01
200700029516,0,02,000,00,2,2,17,A01
200700029516,0,07,000,00,2,8,15,B01
200700029517,0,01,000,00,2,2,19,A01
200700029517,0,05,000,00,2,1,01,B01
200700029518,0,10,000,00,2,2,12,A01
200700029518,0,05,000,00,2,3,01,B01
200700029519,0,10,000,00,2,2,16,A01
200700029519,0,01,000,00,2,3,07,B01
200700029520,0,07,000,00,2,2,01,A01
200700029520,0,07,000,00,2,1,15,B01
200700029521,0,01,000,00,2,1,01,B01
200700029521,0,04,000,00,2,2,01,A01
200700029522,0,05,000,00,2,1,01,A01
200700029522,0,07,000,00,2,4,23,B01
200700029523,0,18,000,00,1,1,07,A01
200700029524,0,02,000,14,0,5,01,A01
200700029525,1,07,000,00,1,1,00,A01
200700029526,0,07,000,00,2,1,01,A01
200700029526,0,05,000,00,2,4,01,B01
200700029527,0,07,000,00,2,3,10,A01
200700029527,0,05,000,00,2,2,01,B01
200700029528,0,05,000,00,1,1,01,A01
200700029529,0,02,000,00,2,2,15,A01
200700029529,0,02,000,00,2,1,07,B01
200700029530,0,07,000,00,1,1,01,A01
200700029531,0,02,000,00,2,3,01,A01
200700029531,0,02,000,00,2,1,01,B01
200700029532,0,02,000,00,2,3,01,A01
200700029532,0,07,000,00,2,1,01,B01
200700029533,0,07,000,00,2,2,15,A01
200700029533,0,04,000,00,2,1,01,B01
200700029534,0,07,000,00,2,3,15,A01
200700029534,0,04,000,00,2,2,01,B01
200700029535,0,07,000,00,1,1,16,A01
200700029536,0,04,000,11,2,1,17,A01
200700029536,0,10,000,00,2,1,01,B01
200700029537,0,07,000,00,2,1,01,A01
200700029537,0,07,000,00,2,4,01,B01
200700029537,0,07,000,00,2,4,01,C01
200700029537,0,07,000,00,2,4,01,D01
200700029538,0,02,000,00,2,1,01,A01
200700029538,0,07,000,00,2,4,01,B01
200700029539,0,07,000,00,1,2,01,A01
200700029540,0,02,000,00,2,1,08,A01
200700029540,0,01,000,00,2,3,19,B01
200700029541,0,07,000,00,2,1,15,B01
200700029541,0,04,000,00,2,2,01,A01
200700029542,1,07,000,00,2,3,00,A01
200700029542,0,04,000,00,2,2,17,B01
200700029543,0,05,000,00,0,0,21,A01
200700029544,0,05,000,00,1,1,01,A01
200700029545,0,07,000,00,2,2,15,A01
200700029545,0,02,000,00,2,1,01,B01
200700029546,0,07,000,00,2,8,15,A01
200700029546,0,04,000,00,2,2,17,B01
200700029547,0,07,000,00,2,1,02,A01
200700029547,0,07,000,00,2,4,02,B01
200700029548,0,05,000,00,2,1,01,A01
200700029548,0,07,000,00,2,2,01,B01
200700029549,0,01,000,00,2,2,19,A01
200700029549,0,07,000,00,2,1,01,B01
200700029550,0,05,000,00,2,1,01,B01
200700029550,0,07,000,00,2,2,01,A01
200700029551,0,07,000,00,1,1,16,A01
200700029552,0,07,000,00,2,2,01,A01
200700029552,0,05,000,00,2,3,01,B01
200700029553,0,02,000,00,2,1,01,A01
200700029553,0,07,000,00,2,4,23,B01
200700029554,0,05,000,00,1,1,01,A01
200700029555,0,02,000,00,2,2,01,A01
200700029555,0,07,000,00,2,1,01,B01
200700029556,0,07,000,00,2,1,15,B01
200700029556,0,05,000,00,2,2,01,A01
200700029557,0,04,000,00,2,3,18,A01
200700029557,0,07,000,00,2,2,01,B01
200700029558,0,07,000,00,2,8,22,A01
200700029558,0,01,000,00,2,1,01,B01
200700029559,1,07,000,00,1,2,00,A01
200700029560,0,07,000,00,1,1,15,A01
200700029561,0,10,000,00,2,4,04,A01
200700029562,0,04,000,00,2,1,01,A01
200700029562,0,04,000,00,2,4,23,B01
200700029563,0,07,000,00,1,1,01,A01
200700029564,0,05,000,00,1,1,01,A01
200700029565,0,07,000,15,2,2,01,A01
200700029565,0,07,000,00,2,1,01,B01
200700029566,0,07,000,00,2,2,15,A01
200700029566,0,05,000,00,2,1,01,B01
200700029567,0,02,000,00,2,3,18,A01
200700029567,0,18,000,00,2,5,01,B01
200700029568,0,04,000,00,0,0,01,A01
200700029569,0,05,000,00,2,1,05,A01
200700029569,0,07,000,00,2,8,10,B01
200700029570,0,04,000,00,0,0,21,A01
200700029571,0,07,000,00,1,1,01,A01
200700029572,0,04,000,00,2,1,07,A01
200700029572,0,10,000,00,2,7,16,B01
200700029573,0,02,000,00,2,1,01,A01
200700029573,0,04,000,00,2,4,23,B01
200700029574,0,07,000,00,1,1,07,A01
200700029575,0,07,000,00,2,1,15,B01
200700029575,0,07,000,00,2,3,01,A01
200700029576,0,07,000,07,0,1,01,A01
200700029577,0,07,000,00,2,8,10,A01
200700029577,0,04,000,00,2,2,01,B01
200700029578,0,07,000,00,2,2,09,A01
200700029578,0,05,000,00,2,1,01,B01
200700029579,0,01,000,00,5,1,01,A01
200700029580,0,04,000,00,0,0,21,A01
200700029581,0,07,000,00,2,1,02,A01
200700029581,0,07,000,00,2,4,01,B01
200700029582,0,07,000,00,2,6,11,A01
200700029582,0,04,000,00,2,2,01,B01
200700029583,0,07,000,00,2,8,22,A01
200700029583,0,01,000,00,2,2,01,B01
200700029584,0,07,000,00,2,1,05,A01
200700029584,0,01,000,00,2,1,01,B01
200700029585,0,01,000,00,0,0,21,A01
200700029586,1,01,000,00,2,1,00,A01
200700029586,0,01,000,00,2,4,01,B01
200700029587,0,05,000,00,2,3,21,A01
200700029587,0,07,000,00,2,5,01,B01
200700029588,0,10,000,00,2,1,01,A01
200700029588,0,07,000,00,2,4,23,B01
200700029589,0,07,000,00,2,2,15,A01
200700029589,0,05,000,01,2,1,01,B01
200700029590,1,10,000,00,2,5,00,A01
200700029590,0,18,000,00,2,3,16,B01
200700029591,0,07,000,00,1,1,01,A01
200700029592,0,07,000,00,2,3,10,A01
200700029592,0,05,000,00,2,2,17,B01
200700029593,0,07,000,00,2,1,02,A01
200700029593,0,05,000,00,2,4,23,B01
200700029594,0,07,000,00,2,6,11,A01
200700029594,0,02,000,00,2,2,01,B01
200700029595,1,07,000,00,2,6,00,A01
200700029595,0,02,000,00,2,2,01,B01
200700029596,0,07,000,00,2,2,16,A01
200700029596,0,04,000,00,2,3,07,B01
200700029597,0,10,000,00,2,2,15,A01
200700029597,0,04,000,00,2,1,01,B01
200700029598,0,07,000,00,2,1,01,A01
200700029598,0,07,000,00,2,4,01,B01
200700029599,0,07,000,00,1,1,01,A01
200700029600,0,07,000,00,2,4,23,A01
200700029600,0,05,000,00,2,1,01,B01
200700029601,0,07,000,00,2,2,15,A01
200700029601,0,05,000,00,2,1,01,B01
200700029602,0,18,000,00,1,5,16,A01
200700029603,0,02,000,00,2,2,05,A01
200700029603,0,07,000,00,2,3,15,B01
200700029604,0,05,000,00,1,1,01,A01
200700029605,0,02,000,00,2,1,07,A01
200700029605,0,07,000,00,2,2,15,B01
200700029606,0,07,000,00,2,2,23,A01
200700029606,0,07,000,00,2,1,01,B01
200700029607,1,18,000,00,2,2,00,A01
200700029607,0,05,000,00,2,3,23,B01
200700029608,0,07,000,00,1,1,01,A01
200700029609,0,07,000,00,1,1,18,A01
200700029610,0,07,000,00,2,1,01,A01
200700029610,0,07,000,00,2,4,23,B01
200700029611,0,07,000,00,1,1,01,A01
200700029612,0,07,000,00,2,8,10,A01
200700029612,0,02,000,00,2,2,01,B01
200700029613,0,10,000,00,2,1,02,A01
200700029613,0,07,000,00,2,4,23,B01
200700029614,0,10,000,00,2,3,15,A01
200700029614,0,02,000,00,2,2,01,B01
200700029615,0,07,000,00,2,1,01,A01
200700029615,0,07,000,00,2,4,23,B01
200700029616,0,07,000,00,1,1,15,A01
200700029617,0,05,000,00,0,0,01,A01
200700029618,0,02,000,00,0,0,01,A01
200700029619,0,07,000,00,2,2,15,A01
200700029619,0,05,000,00,2,1,01,B01
200700029620,0,07,000,00,2,2,15,A01
200700029620,0,05,000,00,2,1,01,B01
200700029621,0,02,000,00,1,1,01,A01
200700029622,1,02,000,00,2,3,00,A01
200700029622,0,02,000,00,2,5,01,B01
200700029623,0,18,000,00,0,0,21,A01
200700029624,0,04,000,14,0,3,07,A01
200700029625,0,07,000,00,2,2,09,A01
200700029625,0,05,000,00,2,1,01,B01
200700029626,0,04,000,00,0,0,21,A01
200700029627,0,07,000,00,2,8,15,A01
200700029627,0,02,000,00,2,2,01,B01
200700029628,0,07,000,00,2,2,10,A01
200700029628,0,02,000,00,2,1,01,B01
200700029629,0,04,000,12,0,2,07,A01
200700029630,0,04,000,01,2,2,01,A01
200700029630,0,07,000,00,2,1,01,B01
200700029631,0,02,000,00,0,0,01,A01
200700029632,0,02,000,00,2,3,01,A01
200700029632,0,07,000,00,2,2,01,B01
200700029633,0,05,000,00,2,1,01,A01
200700029633,0,07,000,00,2,4,23,B01
200700029634,0,07,000,00,2,8,10,A01
200700029634,0,04,000,00,2,2,01,B01
200700029635,0,07,000,00,2,8,15,A01
200700029635,0,02,000,00,2,2,17,B01
200700029636,0,05,000,01,2,1,01,B01
200700029636,0,07,000,00,2,2,15,A01
200700029637,0,01,000,00,2,2,17,A01
200700029637,0,10,000,00,2,8,15,B01
200700029638,0,07,000,00,1,4,04,A01
200700029639,0,02,000,00,2,1,01,A01
200700029639,0,07,000,00,2,4,01,B01
200700029640,0,07,000,00,2,2,15,A01
200700029640,0,04,000,00,2,1,01,B01
200700029641,0,07,000,00,1,1,15,A01
200700029642,0,07,000,00,1,1,01,A01
200700029643,0,02,000,00,0,0,21,A01
200700029644,0,18,000,00,2,3,15,A01
200700029644,0,18,000,00,2,7,07,B01
200700029645,0,04,000,00,0,0,21,A01
200700029646,0,02,000,00,2,3,18,A01
200700029646,0,10,000,00,2,7,16,B01
200700029647,0,01,000,00,1,1,01,A01
200700029648,1,04,000,00,1,1,00,A01
200700029649,0,01,000,00,2,1,15,A01
200700029649,0,18,000,00,2,2,07,B01
200700029650,0,07,000,00,1,8,01,A01
200700029651,0,07,000,00,1,4,20,A01
200700029652,0,07,000,00,1,1,01,A01
200700029653,0,05,000,12,0,2,01,A01
200700029654,0,07,000,00,2,3,09,A01
200700029654,0,05,000,00,2,1,17,B01
200700029655,0,18,000,00,1,7,07,A01
200700029656,0,02,000,00,1,1,01,A01
200700029657,0,07,000,00,1,1,01,A01
200700029658,0,02,000,00,2,3,07,A01
200700029658,0,07,000,00,2,2,16,B01
200700029659,0,07,000,07,2,1,01,A01
200700029659,0,10,000,00,2,4,01,B01
200700029659,0,07,000,00,2,4,01,C01
200700029659,0,07,000,00,2,4,01,D01
200700029660,0,07,000,00,1,1,07,A01
200700029661,0,02,000,12,0,1,15,A01
200700029662,1,01,000,00,1,1,00,A01
200700029663,0,01,000,00,1,1,21,A01
200700029664,0,02,000,00,2,1,05,A01
200700029664,0,07,000,00,2,3,15,B01
200700029665,0,07,000,00,1,4,04,A01
200700029666,0,02,000,00,1,1,01,A01
200700029667,0,01,000,00,2,6,15,A01
200700029667,0,07,000,00,2,2,15,B01
200700029668,0,01,000,00,2,3,01,A01
200700029668,0,05,000,00,2,2,01,B01
200700029669,0,07,000,00,1,6,04,A01
200700029670,0,05,000,00,2,1,02,A01
200700029670,0,07,000,00,2,4,02,B01
200700029671,0,10,000,00,2,8,15,A01
200700029671,0,04,000,01,2,2,01,B01
200700029672,0,02,000,00,2,1,02,A01
200700029672,0,05,000,00,2,4,02,B01
200700029673,0,02,000,14,0,2,14,A01
200700029674,0,07,000,00,2,1,02,A01
200700029674,0,02,000,00,2,4,02,B01
200700029675,0,02,000,00,0,0,01,A01
200700029676,0,02,000,00,2,3,11,A01
200700029676,0,07,000,00,2,2,01,B01
200700029677,0,04,000,00,2,1,01,A01
200700029677,0,07,000,00,2,4,23,B01
200700029678,0,07,000,00,2,6,11,A01
200700029678,0,07,000,00,2,2,01,B01
200700029679,0,07,000,00,1,1,01,A01
200700029680,0,05,000,12,0,2,16,A01
200700029681,0,07,000,00,1,1,01,A01
200700029682,0,07,000,00,2,3,09,A01
200700029682,0,05,000,00,2,1,01,B01
200700029683,0,02,000,00,2,2,17,A01
200700029683,0,02,000,00,2,3,15,B01
200700029684,0,05,000,00,1,1,01,A01
200700029685,0,05,000,14,2,3,17,A01
200700029685,0,07,000,00,2,4,01,B01
200700029686,0,04,000,00,2,6,18,A01
200700029686,0,07,000,00,2,2,01,B01
200700029687,0,01,000,00,2,2,01,A01
200700029687,0,04,000,00,2,1,01,B01
200700029688,0,04,000,00,1,1,07,A01
200700029689,0,07,000,00,2,7,09,A01
200700029689,0,05,000,00,2,3,01,B01
200700029690,0,02,000,00,1,1,01,A01
200700029691,0,07,000,00,2,1,02,A01
200700029691,0,07,000,00,2,4,02,B01
200700029692,0,01,000,00,2,3,11,A01
200700029692,0,04,000,00,2,5,01,B01
200700029693,0,07,000,00,2,2,16,A01
200700029693,0,05,000,00,2,3,01,B01
200700029694,0,07,000,00,2,5,12,A01
200700029694,0,05,000,00,2,3,01,B01
200700029695,0,07,000,00,2,7,15,A01
200700029695,0,05,000,00,2,1,01,B01
200700029696,0,07,000,00,1,3,01,A01
200700029697,0,10,000,00,1,4,04,A01
200700029698,0,07,000,00,2,8,22,A01
200700029698,0,04,000,01,2,2,01,B01
200700029699,0,07,000,00,2,1,01,A01
200700029699,0,07,000,00,2,4,01,B01
200700029700,0,07,000,00,2,2,12,A01
200700029700,0,05,000,00,2,3,01,B01
200700029701,0,07,000,00,1,1,15,A01
200700029702,0,07,000,00,2,5,12,A01
200700029702,0,04,000,00,2,3,01,B01
200700029703,0,05,000,00,2,3,18,A01
200700029703,0,07,000,00,2,5,12,B01
200700029704,0,02,000,00,2,3,18,A01
200700029704,0,07,000,00,2,5,01,B01
200700029705,0,05,000,00,2,1,11,A01
200700029705,0,07,000,00,2,4,01,B01
200700029706,1,07,000,00,1,1,00,A01
200700029707,0,07,000,00,2,2,12,A01
200700029707,0,04,000,00,2,3,01,B01
200700029708,0,07,000,00,2,8,15,A01
200700029708,0,05,000,00,2,2,01,B01
200700029709,0,07,000,00,2,2,17,A01
200700029709,0,01,000,00,2,6,15,B01
200700029710,0,02,000,00,1,1,01,A01
200700029711,0,04,000,00,1,1,21,A01
200700029712,0,07,000,00,2,8,22,A01
200700029712,0,01,000,00,2,2,07,B01
200700029713,2,07,000,11,0,1,00,A01
200700029714,0,05,000,07,0,3,16,A01
200700029715,0,07,000,00,1,4,04,A01
200700029716,0,07,000,00,1,1,01,A01
200700029717,0,04,000,07,0,1,01,A01
200700029718,0,02,000,00,0,0,01,A01
200700029719,0,02,000,00,2,3,01,A01
200700029719,0,07,000,00,2,5,22,B01
200700029720,0,07,000,00,2,5,12,A01
200700029720,0,02,000,00,2,3,01,B01
200700029721,0,05,000,00,0,0,01,A01
200700029722,0,05,000,00,0,0,01,A01
200700029723,0,05,000,00,1,1,01,A01
200700029724,0,19,000,00,1,1,01,A01
200700029725,0,07,000,00,1,1,16,A01
200700029726,0,07,000,00,2,2,16,A01
200700029726,0,05,000,00,2,3,01,B01
200700029727,0,07,000,00,2,6,15,A01
200700029727,0,04,000,00,2,2,01,B01
200700029728,0,05,000,00,2,1,01,B01
200700029728,0,07,000,00,2,3,01,A01
200700029729,0,04,000,00,2,3,01,A01
200700029729,0,07,000,00,2,7,16,B01
200700029730,0,05,000,14,0,1,01,A01
200700029731,0,04,000,01,0,3,09,A01
200700029732,0,07,000,00,1,1,01,A01
200700029733,0,07,000,00,2,1,01,A01
200700029733,0,01,000,00,2,3,01,B01
200700029734,0,07,000,00,2,1,01,A01