Num_Acc,senc,catv,occutc,obs,obsm,choc,manv,num_veh
200700029734,0,07,000,00,2,4,01,B01
200700029735,0,05,000,00,2,2,17,A01
200700029735,0,07,000,00,2,3,23,B01
200700029736,0,07,000,08,1,1,15,A01
200700029737,1,07,000,00,2,2,00,A01
200700029737,0,04,000,00,2,6,01,B01
200700029738,0,07,000,00,1,5,01,A01
200700029739,0,02,000,00,2,2,17,A01
200700029739,0,07,000,00,2,3,15,B01
200700029740,0,07,000,00,1,1,01,A01
200700029741,1,07,000,00,2,1,00,A01
200700029741,0,01,000,00,2,4,01,B01
200700029742,0,07,000,00,2,2,01,A01
200700029742,0,07,000,00,2,1,01,B01
200700029743,0,04,000,01,1,1,01,A01
200700029744,0,02,000,00,2,3,07,A01
200700029744,0,07,000,00,2,2,16,B01
200700029745,0,04,000,00,2,2,21,A01
200700029745,0,07,000,00,2,6,23,B01
200700029746,0,07,000,00,1,1,01,A01
200700029747,0,07,000,00,2,7,16,A01
200700029747,0,04,000,00,2,3,01,B01
200700029748,0,07,000,00,2,8,22,A01
200700029748,0,01,000,00,2,2,01,B01
200700029749,0,07,000,00,2,1,01,A01
200700029749,0,04,000,00,2,2,01,B01
200700029750,0,07,000,00,1,1,01,A01
200700029751,0,04,000,00,2,1,01,B01
200700029751,0,07,000,00,2,2,01,A01
200700029752,0,07,000,00,1,1,01,A01
200700029753,0,05,000,00,2,1,07,A01
200700029753,0,07,000,00,2,4,07,B01
200700029754,0,04,000,00,1,2,07,A01
200700029755,0,01,000,00,2,2,01,A01
200700029755,0,07,000,00,2,1,01,B01
200700029756,0,01,000,00,1,1,07,A01
200700029757,0,02,000,00,1,1,17,A01
200700029758,1,02,000,00,1,1,00,A01
200700029759,0,02,000,00,0,0,01,A01
200700029760,0,05,000,00,2,2,17,A01
200700029760,0,07,000,00,2,6,01,B01
200700029761,0,07,000,00,2,2,15,A01
200700029761,0,02,000,00,2,1,01,B01
200700029762,0,07,000,00,2,6,11,A01
200700029762,0,04,000,00,2,2,01,B01
200700029763,0,04,000,00,2,2,17,A01
200700029763,0,07,000,00,2,8,15,B01
200700029764,0,05,000,00,0,0,01,A01
200700029765,0,05,000,00,0,0,01,A01
200700029766,0,10,000,00,1,1,04,A01
200700029767,0,02,000,00,2,2,17,A01
200700029767,0,07,000,00,2,8,15,B01
200700029768,0,05,000,15,1,1,21,A01
200700029769,0,07,000,11,0,1,01,A01
200700029770,0,07,000,00,1,4,04,A01
200700029771,0,07,000,00,2,2,01,A01
200700029771,0,02,000,00,2,1,01,B01
200700029772,0,07,000,00,1,1,01,A01
200700029773,0,07,000,00,1,1,01,A01
200700029774,0,07,000,00,2,3,13,A01
200700029774,0,05,000,00,2,4,01,B01
200700029774,0,07,000,00,2,5,01,C01
200700029775,0,01,000,00,2,2,01,A01
200700029775,0,07,000,00,2,1,01,B01
200700029776,0,05,000,00,2,1,16,B01
200700029776,0,07,000,00,2,4,04,A01
200700029777,1,07,000,00,1,1,00,A01
200700029778,0,07,000,00,1,1,01,A01
200700029779,0,07,000,00,2,1,01,A01
200700029779,0,07,000,00,2,4,01,B01
200700029780,0,07,000,00,1,1,01,A01
200700029781,0,07,000,00,2,1,01,B01
200700029781,0,01,000,00,2,2,01,A01
200700029782,0,05,000,00,0,0,01,A01
200700029783,0,18,000,00,2,1,01,A01
200700029783,0,07,000,00,2,4,01,B01
200700029784,0,02,000,00,0,0,01,A01
200700029785,0,07,000,00,2,2,01,A01
200700029785,0,04,000,00,2,1,01,B01
200700029786,0,05,000,00,1,1,01,A01
200700029787,0,02,000,00,0,0,01,A01
200700029788,0,07,000,00,2,1,16,B01
200700029788,0,07,000,00,2,2,01,A01
200700029789,0,05,000,00,2,1,01,B01
200700029789,0,07,000,00,2,2,01,A01
200700029790,0,07,000,00,2,8,10,A01
200700029790,0,05,000,00,2,2,01,B01
200700029791,0,05,000,00,2,3,18,A01
200700029791,0,07,000,00,2,2,01,B01
200700029792,0,07,000,00,1,1,01,A01
200700029793,0,01,000,00,2,3,19,A01
200700029793,0,05,000,00,2,1,01,B01
200700029794,0,04,000,00,2,1,17,B01
200700029794,0,10,000,00,2,8,15,A01
200700029795,0,07,000,00,1,1,01,A01
200700029796,0,07,000,00,1,1,01,A01
200700029797,0,10,000,00,2,8,10,A01
200700029797,0,04,000,00,2,2,01,B01
200700029798,0,07,000,00,2,1,01,A01
200700029798,0,02,000,00,2,4,01,B01
200700029799,1,07,000,00,1,1,00,A01
200700029800,0,07,000,00,1,1,01,A01
200700029801,0,05,000,00,2,5,17,A01
200700029801,0,07,000,00,2,3,01,B01
200700029801,0,05,000,00,2,3,01,C01
200700029802,0,04,000,00,2,3,18,A01
200700029802,0,07,000,00,2,2,16,B01
200700029803,1,01,000,00,1,1,00,A01
200700029804,0,07,000,00,1,1,01,A01
200700029805,0,02,000,00,2,1,05,A01
200700029805,0,10,000,00,2,1,09,B01
200700029805,0,05,000,00,2,2,05,C01
200700029806,0,07,000,00,1,1,15,A01
200700029807,0,05,000,00,0,0,01,A01
200700029808,0,02,000,00,1,1,01,A01
200700029809,0,07,000,01,2,3,01,B01
200700029809,0,07,000,00,2,1,15,A01
200700029810,0,18,000,00,1,1,08,A01
200700029811,0,07,000,14,0,1,01,A01
200700029812,0,02,000,00,1,1,01,A01
200700029813,0,13,000,00,2,1,01,A01
200700029813,0,04,000,00,2,4,23,B01
200700029814,1,07,000,00,2,1,00,A01
200700029814,0,05,000,00,2,3,01,B01
200700029815,0,02,000,00,1,1,01,A01
200700029816,0,02,000,00,1,1,01,A01
200700029817,0,07,000,00,2,3,09,A01
200700029817,0,02,000,00,2,2,01,B01
200700029818,0,05,000,00,1,1,18,A01
200700029819,0,07,000,00,2,1,01,A01
200700029819,0,07,000,00,2,4,01,B01
200700029819,0,07,000,00,2,4,01,C01
200700029820,0,05,000,00,0,0,21,A01
200700029821,0,07,000,00,2,1,02,A01
200700029821,0,07,000,00,2,4,02,B01
200700029821,0,07,000,00,2,4,02,C01
200700029822,0,07,000,00,2,3,11,A01
200700029822,0,05,000,00,2,2,01,B01
200700029823,2,07,000,04,0,7,00,A01
200700029824,0,07,000,00,2,3,10,A01
200700029824,0,02,000,00,2,2,01,B01
200700029825,0,07,000,00,2,8,09,A01
200700029825,0,10,000,01,2,2,01,B01
200700029826,0,07,000,00,0,0,01,A01
200700029827,0,04,000,12,0,2,01,A01
200700029828,0,07,000,00,2,1,01,A01
200700029828,0,07,000,00,2,3,01,B01
200700029829,0,07,000,00,2,6,15,A01
200700029829,0,05,000,00,2,2,01,B01
200700029830,0,02,000,00,1,1,01,A01
200700029831,0,07,000,00,2,8,22,A01
200700029831,0,05,000,00,2,1,01,B01
200700029832,0,10,000,00,2,1,01,A01
200700029832,0,05,000,00,2,4,01,B01
200700029833,0,07,000,00,2,2,17,A01
200700029833,0,14,000,00,2,6,23,B01
200700029834,0,01,000,00,2,4,21,A01
200700029834,0,01,000,00,2,1,07,B01
200700029835,0,07,000,00,1,1,01,A01
200700029836,0,07,000,00,2,1,15,B01
200700029836,0,02,000,00,2,2,01,A01
200700029837,0,02,000,00,1,1,01,A01
200700029838,0,07,000,00,2,1,01,A01
200700029838,0,07,000,00,2,4,01,B01
200700029838,0,07,000,00,2,4,01,C01
200700029839,0,10,000,00,2,8,22,A01
200700029839,0,04,000,00,2,2,01,B01
200700029840,0,04,000,00,2,3,18,A01
200700029840,0,07,000,00,2,5,12,B01
200700029841,0,18,000,00,1,1,15,A01
200700029842,0,02,000,00,2,1,01,A01
200700029842,0,07,000,00,2,4,01,B01
200700029843,0,10,000,00,1,1,15,A01
200700029844,1,04,000,00,1,1,00,A01
200700029845,0,10,000,00,2,8,09,A01
200700029845,0,02,000,00,2,2,01,B01
200700029846,0,07,000,00,1,1,01,A01
200700029847,0,07,000,00,1,1,01,A01
200700029848,0,07,000,00,2,8,09,A01
200700029848,0,01,000,00,2,2,01,B01
200700029849,0,10,000,00,1,1,15,A01
200700029850,0,07,000,00,2,1,01,A01
200700029850,0,05,000,00,2,4,23,B01
200700029851,0,07,000,00,2,1,01,A01
200700029851,0,05,000,00,2,4,01,B01
200700029852,0,07,000,00,2,5,12,A01
200700029852,0,04,000,00,2,3,01,B01
200700029853,0,07,000,00,2,8,15,A01
200700029853,0,04,000,01,2,2,17,B01
200700029854,0,05,000,00,2,1,07,A01
200700029854,0,07,000,00,2,4,07,B01
200700029855,0,07,000,01,0,1,01,A01
200700029856,0,07,000,00,1,4,04,A01
200700029857,0,07,000,00,1,1,07,A01
200700029858,0,01,000,00,1,1,01,A01
200700029859,0,02,000,00,2,3,15,A01
200700029859,0,07,000,00,2,2,15,B01
200700029860,0,07,000,00,2,8,15,A01
200700029860,0,04,000,00,2,2,01,B01
200700029861,0,04,000,00,0,0,21,A01
200700029862,1,07,000,00,2,6,00,A01
200700029862,0,04,000,00,2,2,01,B01
200700029863,0,04,000,00,1,1,17,A01
200700029864,0,07,000,00,2,8,09,A01
200700029864,0,04,000,00,2,1,01,B01
200700029865,0,07,000,00,2,1,08,A01
200700029865,0,07,000,00,2,2,15,B01
200700029866,0,04,000,00,2,1,08,A01
200700029866,0,07,000,00,2,2,15,B01
200700029867,0,07,000,14,0,1,01,A01
200700029868,0,02,000,00,2,3,18,A01
200700029868,0,07,000,00,2,2,16,B01
200700029869,0,07,000,00,2,2,15,A01
200700029869,0,07,000,00,2,1,01,B01
200700029870,0,07,000,00,2,7,01,B01
200700029870,0,05,000,00,2,3,01,A01
200700029871,0,07,000,00,2,2,15,A01
200700029871,0,07,000,00,2,1,01,B01
200700029872,1,07,000,00,2,1,00,A01
200700029872,0,05,000,00,2,4,01,B01
200700029873,0,07,000,00,2,8,15,A01
200700029873,0,07,000,00,2,2,01,B01
200700029874,0,07,000,00,2,1,01,B01
200700029874,1,05,000,00,2,2,00,A01
200700029875,0,07,000,00,2,1,15,B01
200700029875,0,01,000,00,2,3,19,A01
200700029876,0,07,000,00,2,2,15,A01
200700029876,0,04,000,00,2,1,01,B01
200700029877,0,07,000,00,2,1,01,A01
200700029877,0,07,000,00,2,4,01,B01
200700029878,0,02,000,00,0,0,01,A01
200700029879,0,10,000,00,1,4,04,A01
200700029880,0,02,000,00,2,2,01,A01
200700029880,0,07,000,00,2,1,01,B01
200700029881,0,05,000,00,2,1,15,B01
200700029881,0,07,000,00,2,2,01,A01
200700029882,0,07,000,00,2,1,02,A01
200700029882,0,05,000,00,2,4,02,B01
200700029883,0,02,000,00,2,2,21,A01
200700029883,0,01,000,00,2,3,01,B01
200700029884,0,01,000,00,1,1,01,A01
200700029885,0,02,000,00,0,0,21,A01
200700029886,0,07,000,00,1,5,04,A01
200700029887,2,07,000,01,0,1,00,A01
200700029888,0,07,000,00,1,1,01,A01
200700029889,0,02,000,01,0,1,01,A01
200700029890,0,07,000,00,2,2,01,A01
200700029890,0,05,000,00,2,1,01,B01
200700029891,0,02,000,00,2,3,07,A01
200700029891,0,10,000,00,2,2,16,B01
200700029892,0,01,000,00,1,1,07,A01
200700029893,0,05,000,00,2,1,16,B01
200700029893,0,07,000,00,2,2,01,A01
200700029894,0,14,000,00,2,1,01,A01
200700029894,0,07,000,00,2,4,01,B01
200700029895,0,07,000,00,1,1,05,A01
200700029896,0,04,000,00,0,0,07,A01
200700029897,0,04,000,00,2,3,11,A01
200700029897,0,05,000,00,2,2,01,B01
200700029898,0,07,000,00,1,1,01,A01
200700029899,0,01,000,00,0,0,01,A01
200700029900,0,10,000,00,1,1,01,A01
200700029901,0,07,000,00,2,1,01,A01
200700029901,0,07,000,00,2,4,23,B01
200700029902,0,07,000,00,2,8,15,A01
200700029902,0,04,000,00,2,2,01,B01
200700029903,0,07,000,00,2,1,01,A01
200700029903,0,05,000,00,2,4,01,B01
200700029903,0,07,000,00,2,8,01,C01
200700029904,0,04,000,00,2,3,07,A01
200700029904,0,10,000,00,2,2,16,B01
200700029905,0,10,000,00,1,4,04,A01
200700029906,0,10,000,00,2,1,01,A01
200700029906,0,07,000,00,2,4,01,B01
200700029907,0,07,000,00,2,8,09,A01
200700029907,0,07,000,01,2,1,01,B01
200700029908,0,07,000,00,2,6,11,A01
200700029908,0,05,000,00,2,2,01,B01
200700029909,0,02,000,01,2,6,11,A01
200700029909,0,10,000,00,2,2,01,B01
200700029910,0,04,000,00,1,1,01,A01
200700029911,1,07,000,00,2,6,00,A01
200700029911,0,02,000,00,2,2,01,B01
200700029912,0,10,000,00,2,3,23,A01
200700029912,0,10,000,01,2,1,01,B01
200700029913,0,07,000,00,2,1,01,B01
200700029913,0,05,000,00,2,2,01,C01
200700029913,0,07,000,00,2,8,01,A01
200700029914,0,10,000,00,2,1,01,A01
200700029914,0,07,000,00,2,4,23,B01
200700029914,0,07,000,00,2,4,23,C01
200700029915,0,05,000,00,1,1,01,A01
200700029916,0,01,000,14,0,1,01,A01
200700029917,1,10,000,00,1,1,00,A01
200700029918,0,07,000,00,1,4,04,A01
200700029919,0,04,000,00,1,1,17,A01
200700029920,0,04,000,00,1,1,01,A01
200700029921,0,14,000,00,1,5,01,A01
200700029922,1,04,000,00,1,1,00,A01
200700029923,0,07,000,00,2,1,01,A01
200700029923,0,07,000,00,2,4,01,B01
200700029924,0,10,000,00,1,4,04,A01
200700029925,0,07,000,00,1,1,01,A01
200700029926,0,10,000,00,1,1,07,A01
200700029927,0,05,000,00,2,2,05,A01
200700029927,0,07,000,00,2,8,15,B01
200700029928,0,07,000,00,1,1,16,A01
200700029929,0,05,000,12,0,2,01,A01
200700029930,0,10,000,00,2,7,07,A01
200700029930,0,04,000,00,2,6,15,B01
200700029931,0,02,000,00,0,0,15,A01
200700029932,1,07,000,00,2,3,00,A01
200700029932,0,05,000,00,2,2,01,B01
200700029933,0,07,000,00,1,1,15,A01
200700029934,0,02,000,11,0,1,21,A01
200700029935,0,07,000,00,2,1,01,A01
200700029935,0,07,000,00,2,4,01,B01
200700029936,0,02,000,00,2,2,17,A01
200700029936,0,10,000,00,2,8,15,B01
200700029937,0,05,000,00,2,2,07,A01
200700029937,0,07,000,00,2,8,15,B01
200700029938,0,07,000,00,1,4,04,A01
200700029939,0,02,000,00,2,3,18,A01
200700029939,0,10,000,00,2,2,01,B01
200700029940,0,07,000,00,2,8,13,A01
200700029940,0,02,000,00,2,2,01,B01
200700029941,0,02,000,00,1,1,01,A01
200700029942,0,04,000,00,2,2,17,A01
200700029942,0,07,000,00,2,8,15,B01
200700029943,0,07,000,01,0,1,01,A01
200700029944,0,07,000,00,2,3,09,A01
200700029944,0,05,000,00,2,1,01,B01
200700029945,0,05,000,00,2,2,01,A01
200700029945,0,07,000,00,2,8,01,B01
200700029946,0,07,000,00,1,1,01,A01
200700029947,0,07,000,00,2,8,10,A01
200700029947,0,05,000,00,2,2,01,B01
200700029948,0,07,000,00,2,8,15,A01
200700029948,0,04,000,00,2,2,01,B01
200700029949,0,05,000,09,0,0,01,A01
200700029950,0,07,000,00,2,8,15,A01
200700029950,0,04,000,00,2,1,01,B01
200700029951,0,02,000,00,0,0,01,A01
200700029952,0,07,000,00,2,2,12,A01
200700029952,0,02,000,00,2,3,01,B01
200700029953,0,05,000,09,2,1,01,A01
200700029953,0,10,000,00,2,4,01,B01
200700029954,0,07,000,00,2,8,15,A01
200700029954,0,05,000,00,2,2,01,B01
200700029954,0,07,000,00,2,1,01,C01
200700029955,0,02,000,09,0,1,01,A01
200700029956,0,07,000,00,2,6,17,A01
200700029956,0,04,000,00,2,2,01,B01
200700029957,0,10,000,00,2,8,10,A01
200700029957,0,07,000,00,2,2,01,B01
200700029958,0,02,000,00,1,1,01,A01
200700029959,0,05,000,00,2,1,07,A01
200700029959,0,04,000,00,2,4,07,B01
200700029960,0,01,000,00,2,2,15,A01
200700029960,0,05,000,00,2,1,01,B01
200700029961,1,07,000,00,2,1,00,A01
200700029961,0,02,000,00,2,4,01,B01
200700029962,0,07,000,00,2,8,11,A01
200700029962,0,02,000,00,2,2,05,B01
200700029963,0,04,000,00,2,2,16,A01
200700029963,0,07,000,00,2,8,07,B01
200700029964,1,02,000,00,1,1,00,A01
200700029965,0,07,000,00,2,8,15,A01
200700029965,0,05,000,00,2,2,01,B01
200700029966,1,07,000,00,2,1,00,A01
200700029966,0,07,000,00,2,4,01,B01
200700029966,0,07,000,00,2,4,01,C01
200700029967,0,18,000,00,0,0,21,A01
200700029968,0,02,000,00,2,1,01,B01
200700029968,0,07,000,00,2,2,01,A01
200700029969,0,07,000,00,2,2,01,A01
200700029969,0,02,000,00,2,1,01,B01
200700029970,1,07,000,00,2,2,00,A01
200700029970,0,02,000,00,2,3,01,B01
200700029971,0,07,000,00,2,8,11,A01
200700029971,0,05,000,00,2,3,01,B01
200700029972,0,07,000,00,2,1,01,A01
200700029972,0,07,000,00,2,4,01,B01
200700029973,0,01,000,00,2,3,19,A01
200700029973,0,05,000,00,2,1,01,B01
200700029973,0,05,000,00,2,1,01,C01
200700029974,1,07,000,00,2,8,00,A01
200700029974,0,02,000,00,2,2,01,B01
200700029975,0,07,000,00,1,1,01,A01
200700029976,0,05,000,09,0,1,07,A01
200700029977,0,02,000,00,2,1,01,A01
200700029977,0,07,000,00,2,4,01,B01
200700029978,0,05,000,00,2,3,01,B01
200700029978,0,07,000,00,2,2,15,A01
200700029979,0,05,000,00,0,0,21,A01
200700029980,0,07,000,00,2,2,10,A01
200700029980,0,05,000,00,2,3,01,B01
200700029981,0,07,000,00,1,1,15,A01
200700029982,0,07,000,00,2,1,01,A01
200700029982,0,01,000,00,2,2,19,B01
200700029983,0,07,000,00,2,8,09,A01
200700029983,0,04,000,00,2,2,01,B01
200700029984,0,04,000,00,2,2,17,A01
200700029984,0,07,000,00,2,8,15,B01
200700029985,0,10,000,00,2,2,01,A01
200700029985,0,07,000,00,2,8,01,B01
200700029986,0,10,000,00,1,1,01,A01
200700029987,0,07,000,00,2,2,16,A01
200700029987,0,01,000,00,2,3,01,B01
200700029988,0,07,000,09,0,1,01,A01
200700029989,0,07,000,00,2,2,01,B01
200700029989,0,02,000,00,2,3,01,A01
200700029990,0,07,000,00,2,2,12,A01
200700029990,0,05,000,00,2,2,01,B01
200700029990,0,10,000,00,2,8,01,C01
200700029991,0,07,000,00,2,1,01,A01
200700029991,0,07,000,00,2,4,01,B01
200700029991,0,07,000,00,2,4,01,C01
200700029992,0,07,000,00,2,1,01,A01
200700029992,0,07,000,00,2,4,01,B01
200700029993,0,05,000,00,2,1,12,A01
200700029993,0,07,000,00,2,4,01,B01
200700029994,0,05,000,00,2,1,02,A01
200700029994,0,07,000,00,2,4,02,B01
200700029995,0,07,000,00,2,3,11,A01
200700029995,0,05,000,00,2,2,01,B01
200700029996,0,07,000,00,2,3,11,A01
200700029996,0,05,000,00,2,2,01,B01
200700029997,0,07,000,00,2,8,11,A01
200700029997,0,04,000,04,2,2,01,B01
200700029998,0,07,000,00,2,4,11,A01
200700029998,0,05,000,00,2,1,01,B01
200700029999,0,07,000,00,2,1,22,A01
200700029999,0,07,000,00,2,4,01,B01
200700029999,0,07,000,00,2,4,01,C01
200700029999,0,05,000,00,2,3,18,D01
200700029999,0,07,000,00,2,6,01,E01
200700030000,0,07,000,00,2,8,15,A01
200700030000,0,05,000,00,2,2,01,B01
200700030001,0,07,000,00,2,1,01,A01
200700030001,0,07,000,00,2,4,23,B01
200700030002,0,07,000,00,2,2,10,A01
200700030002,0,04,000,00,2,1,01,B01
200700030003,0,04,000,00,2,1,01,A01
200700030003,0,04,000,00,2,4,01,B01
200700030004,0,02,000,00,2,2,01,A01
200700030004,0,07,000,00,2,8,01,B01
200700030005,0,07,000,00,1,1,01,A01
200700030006,0,07,000,00,2,8,15,A01
200700030006,0,05,000,00,2,2,17,B01
200700030007,0,07,000,00,2,8,15,A01
200700030007,0,02,000,00,2,1,01,B01
200700030008,0,02,000,00,2,1,01,A01
200700030008,0,07,000,00,2,4,15,B01
200700030009,0,05,000,00,0,0,21,A01
200700030010,0,04,000,00,2,2,08,A01
200700030010,0,10,000,00,2,8,15,B01
200700030011,0,07,000,00,2,2,01,A01
200700030011,0,02,000,00,2,3,01,B01
200700030012,0,07,000,00,2,8,01,B01
200700030012,0,17,000,00,2,2,01,A01
200700030013,0,04,000,00,1,1,01,A01
200700030014,0,10,000,00,2,3,15,A01
200700030014,0,02,000,00,2,2,01,B01
200700030015,0,07,000,00,2,2,12,A01
200700030015,0,07,000,00,2,3,01,B01
200700030016,0,07,000,00,2,3,15,A01
200700030016,0,05,000,00,2,1,01,B01
200700030017,0,04,000,00,2,2,01,A01
200700030017,0,10,000,00,2,3,01,B01
200700030018,0,07,000,00,1,1,15,A01
200700030019,0,04,000,12,0,2,18,A01
200700030020,0,07,000,00,1,1,15,A01
200700030021,0,07,000,00,2,3,01,A01
200700030021,0,02,000,00,2,1,01,B01
200700030022,0,10,000,00,1,1,01,A01
200700030023,0,05,000,00,2,2,17,A01
200700030023,0,07,000,00,2,8,15,B01
200700030024,0,10,000,00,2,6,01,A01
200700030024,0,02,000,00,2,2,01,B01
200700030025,0,04,000,01,0,2,21,A01
200700030026,0,02,000,00,2,3,01,B01
200700030026,0,07,000,00,2,2,01,A01
200700030027,0,07,000,00,2,2,09,A01
200700030027,0,04,000,00,2,3,01,B01
200700030028,0,02,000,00,0,0,01,A01
200700030029,0,04,000,00,2,1,01,A01
200700030029,0,10,000,00,2,4,01,B01
200700030030,1,07,000,00,2,5,00,A01
200700030030,0,01,000,00,2,3,01,B01
200700030031,0,07,000,00,2,2,10,A01
200700030031,0,05,000,00,2,1,01,B01
200700030032,0,01,000,00,1,1,01,A01
200700030033,0,14,000,00,2,5,12,A01
200700030033,0,01,000,01,0,3,01,B01
200700030034,0,07,000,00,2,8,15,A01
200700030034,0,02,000,00,2,2,01,B01
200700030035,0,10,000,00,2,1,01,A01
200700030035,0,07,000,00,2,4,01,B01
200700030035,0,07,000,00,2,4,16,C01
200700030036,0,10,000,00,1,4,04,A01
200700030037,0,04,000,00,0,0,01,A01
200700030038,0,05,000,00,0,0,01,A01
200700030039,0,02,000,00,2,2,09,A01
200700030039,0,05,000,00,2,1,01,B01
200700030040,0,05,000,00,2,2,16,A01
200700030040,0,01,000,00,2,3,01,B01
200700030041,0,07,000,00,1,1,01,A01
200700030042,0,05,000,00,2,2,17,A01
200700030042,0,07,000,00,2,2,15,B01
200700030043,0,07,000,00,2,7,22,A01
200700030043,0,01,000,00,2,3,01,B01
200700030044,0,07,000,00,2,8,22,A01
200700030044,0,01,000,00,2,2,01,B01
200700030045,0,07,000,00,2,8,15,A01
200700030045,0,07,000,00,2,1,01,B01
200700030046,0,04,000,00,2,3,21,A01
200700030046,0,10,000,00,2,2,01,B01
200700030047,1,07,000,00,2,1,00,A01
200700030047,0,04,000,00,2,4,01,B01
200700030048,0,10,000,00,2,2,16,A01
200700030048,0,01,000,00,2,3,01,B01
200700030049,1,07,000,00,2,8,00,A01
200700030049,0,02,000,00,2,2,01,B01
200700030050,0,04,000,00,1,1,01,A01
200700030051,0,05,000,00,1,1,01,A01
200700030052,0,07,000,00,1,1,01,A01
200700030053,0,04,000,00,1,1,01,A01
200700030054,0,10,000,00,1,1,15,A01
200700030055,0,02,000,00,0,0,21,A01
200700030056,0,04,000,09,0,1,01,A01
200700030057,0,05,000,00,2,2,17,A01
200700030057,0,10,000,00,2,8,01,B01
200700030057,0,07,000,00,2,7,01,C01
200700030058,0,07,000,00,2,2,21,A01
200700030058,0,01,000,00,2,3,07,B01
200700030059,0,02,000,00,2,1,01,A01
200700030059,0,07,000,00,2,4,01,B01
200700030060,0,05,000,00,2,1,01,A01
200700030060,0,07,000,00,2,4,01,B01
200700030061,0,04,000,00,0,0,01,A01
200700030062,0,07,000,00,2,8,10,A01
200700030062,0,04,000,00,2,2,01,B01
200700030063,0,14,000,00,2,1,01,A01
200700030063,0,07,000,00,2,4,01,B01
200700030064,0,07,000,00,1,1,16,A01
200700030065,0,02,000,00,1,1,01,A01
200700030066,0,01,000,00,2,2,15,A01
200700030066,0,04,000,00,2,1,01,B01
200700030067,0,07,000,00,2,2,16,A01
200700030067,0,18,030,00,2,8,01,B01
200700030068,0,10,000,00,1,1,16,A01
200700030069,0,07,000,00,1,1,01,A01
200700030070,0,02,000,00,2,2,17,A01
200700030070,0,07,000,00,2,8,15,B01
200700030071,0,07,000,00,2,8,22,A01
200700030071,0,01,000,00,2,2,01,B01
200700030072,0,07,000,00,2,2,01,A01
200700030072,0,05,000,00,2,3,01,B01
200700030073,0,07,000,12,0,2,01,A01
200700030074,0,01,000,00,2,1,13,A01
200700030074,0,01,000,00,2,4,01,B01
200700030075,0,07,000,00,2,3,01,B01
200700030075,0,07,000,01,2,8,01,A01
200700030076,0,07,000,00,2,8,15,A01
200700030076,0,01,000,00,2,1,01,B01
200700030077,0,07,000,00,2,2,12,A01
200700030077,0,05,000,00,2,3,01,B01
200700030078,0,05,000,00,2,1,01,A01
200700030078,0,07,000,00,2,4,01,B01
200700030079,0,07,000,00,2,3,15,A01
200700030079,0,07,000,00,2,1,01,B01
200700030080,0,07,000,09,0,1,01,A01
200700030081,0,05,000,01,2,2,01,A01
200700030081,0,02,000,00,2,3,01,B01
200700030082,0,02,000,00,2,3,07,A01
200700030082,0,07,000,00,2,2,16,B01
200700030083,0,07,000,00,2,2,15,A01
200700030083,0,05,000,00,2,1,01,B01
200700030084,0,10,000,00,2,1,01,A01
200700030084,0,02,000,00,2,4,01,B01
200700030085,0,07,000,00,2,3,11,A01
200700030085,0,05,000,00,2,2,03,B01
200700030086,0,10,000,00,2,2,12,A01
200700030086,0,07,000,00,2,3,01,B01
200700030087,0,07,000,00,2,1,01,A01
200700030087,0,07,000,00,2,4,01,B01
200700030087,0,07,000,00,2,1,01,C01
200700030088,0,07,000,04,0,2,01,A01
200700030089,0,07,000,00,2,1,01,A01
200700030089,0,10,000,00,2,4,01,B01
200700030089,0,07,000,00,2,4,01,C01
200700030089,0,10,000,00,2,1,01,D01
200700030090,0,04,000,00,2,1,21,A01
200700030090,0,07,000,00,2,4,01,B01
200700030091,0,07,000,00,2,1,01,A01
200700030091,0,07,000,00,2,4,01,B01
200700030092,0,07,000,00,2,2,12,A01
200700030092,0,05,000,00,2,3,03,B01
200700030093,0,07,000,04,0,1,01,A01
200700030094,0,05,000,00,0,0,01,A01
200700030095,0,07,000,04,0,1,21,A01
200700030096,0,07,000,00,2,2,01,A01
200700030096,0,05,000,00,2,1,01,B01
200700030097,0,02,000,00,2,2,01,A01
200700030097,0,10,000,00,2,8,01,B01
200700030098,1,17,000,00,2,2,00,A01
200700030098,0,04,000,00,2,3,01,B01
200700030098,0,07,000,00,2,6,01,C01
200700030099,0,07,000,00,2,8,11,A01
200700030099,0,05,000,00,2,2,03,B01
200700030100,0,07,000,00,2,1,02,A01
200700030100,0,07,000,00,2,4,02,B01
200700030101,0,07,000,00,2,2,12,A01
200700030101,0,05,000,00,2,6,01,B01
200700030102,0,05,000,00,2,1,01,A01
200700030102,0,07,000,00,2,4,01,B01
200700030103,0,07,000,00,2,6,15,A01
200700030103,0,04,000,00,2,2,01,B01
200700030104,0,05,000,00,2,6,11,A01
200700030104,0,07,000,00,2,2,12,B01
200700030105,0,04,000,00,2,3,18,A01
200700030105,0,07,000,00,2,2,16,B01
200700030106,0,05,000,00,2,2,01,A01
200700030106,0,07,000,00,2,8,15,B01
200700030107,0,07,000,09,0,1,01,A01
200700030108,0,07,000,00,2,2,12,A01
200700030108,0,04,000,00,2,3,01,B01
200700030109,0,05,000,09,0,1,01,A01
200700030110,0,07,000,00,2,2,12,A01
200700030110,0,04,000,00,2,6,01,B01
200700030111,0,07,000,00,2,8,11,A01