Num_Acc,senc,catv,occutc,obs,obsm,choc,manv,num_veh
200700030111,0,05,000,00,2,1,01,B01
200700030112,0,07,000,00,2,8,11,A01
200700030112,0,04,000,00,2,2,01,B01
200700030113,0,05,000,00,0,0,01,A01
200700030114,0,05,000,00,0,0,01,A01
200700030115,0,07,000,04,2,6,11,A01
200700030115,0,07,000,00,2,2,01,B01
200700030116,0,07,000,00,2,7,22,A01
200700030116,0,05,000,00,2,3,03,B01
200700030116,0,07,000,00,2,8,01,C01
200700030117,0,05,000,00,2,1,01,A01
200700030117,0,07,000,00,2,4,01,B01
200700030117,0,07,000,00,2,4,01,C01
200700030118,0,02,000,00,2,1,01,A01
200700030118,0,07,000,00,2,4,01,B01
200700030119,0,04,000,00,2,2,01,A01
200700030119,0,17,000,00,2,8,01,B01
200700030119,0,07,000,00,2,4,01,C01
200700030120,0,05,000,00,2,1,01,A01
200700030120,0,07,000,00,2,4,01,B01
200700030121,0,05,000,00,2,1,01,A01
200700030121,0,07,000,00,2,4,01,B01
200700030122,0,05,000,00,2,1,02,A01
200700030122,0,10,000,00,2,4,02,B01
200700030123,1,07,000,00,2,2,00,A01
200700030123,0,05,000,00,2,6,01,B01
200700030124,1,14,000,00,2,3,00,A01
200700030124,0,07,000,00,2,2,01,B01
200700030124,0,05,000,00,2,2,01,C01
200700030124,0,05,000,00,2,1,01,D01
200700030125,0,07,000,04,0,3,01,A01
200700030126,0,07,000,00,2,1,01,A01
200700030126,0,07,000,00,2,5,01,B01
200700030126,0,07,000,00,2,2,01,C01
200700030127,1,14,000,00,2,3,00,A01
200700030127,0,07,000,00,2,2,01,B01
200700030128,1,07,000,00,2,1,00,A01
200700030128,0,07,000,00,2,4,01,B01
200700030129,0,07,000,00,2,2,01,A01
200700030129,0,07,000,00,2,6,01,B01
200700030130,0,07,000,00,2,3,01,A01
200700030130,0,07,000,00,2,2,01,B01
200700030130,0,07,000,00,2,5,23,C01
200700030130,0,07,000,00,2,4,23,D01
200700030130,0,07,000,00,2,4,23,E01
200700030130,0,07,000,00,2,4,23,F01
200700030131,1,07,000,00,2,3,00,A01
200700030131,0,07,000,00,2,5,01,B01
200700030131,0,07,000,00,2,5,01,C01
200700030132,1,07,000,00,2,6,00,A01
200700030132,0,05,000,00,2,1,01,B01
200700030133,0,07,000,00,2,1,01,A01
200700030133,0,07,000,00,2,4,01,B01
200700030133,0,07,000,00,2,4,01,C01
200700030134,0,02,000,00,2,1,01,B01
200700030134,0,18,000,00,2,2,01,A01
200700030135,0,02,000,00,1,1,01,A01
200700030136,0,07,000,00,2,8,10,A01
200700030136,0,05,000,00,2,2,01,B01
200700030137,0,07,000,00,1,1,17,A01
200700030138,0,07,000,00,2,1,02,A01
200700030138,0,14,000,00,2,4,23,B01
200700030139,0,05,000,00,2,1,01,A01
200700030139,0,10,000,00,2,3,01,B01
200700030140,0,02,000,00,2,3,17,A01
200700030140,0,07,000,00,2,3,01,B01
200700030141,0,07,000,00,1,3,01,A01
200700030142,0,07,000,00,1,1,01,A01
200700030143,0,05,000,00,2,6,01,B01
200700030143,2,10,000,00,2,1,00,A01
200700030144,0,07,000,06,1,1,01,A01
200700030145,0,02,000,00,2,1,01,A01
200700030145,0,02,000,00,2,5,01,C01
200700030145,0,07,000,00,2,3,15,B01
200700030146,0,02,000,15,0,1,07,A01
200700030147,0,07,000,04,0,3,01,A01
200700030148,1,05,000,00,1,1,00,A01
200700030149,0,01,000,00,2,2,17,A01
200700030149,0,07,000,00,2,8,15,B01
200700030150,0,07,000,00,2,1,01,A01
200700030150,0,07,000,01,2,8,01,B01
200700030151,0,02,000,12,0,2,01,A01
200700030152,0,05,000,12,0,2,01,A01
200700030153,0,18,000,00,1,1,01,A01
200700030154,0,01,000,00,1,1,18,A01
200700030155,0,04,000,00,2,3,21,A01
200700030155,0,07,000,00,2,3,01,B01
200700030156,0,04,000,00,1,1,01,A01
200700030157,0,07,000,00,2,8,10,A01
200700030157,0,05,000,00,2,2,17,B01
200700030158,0,05,000,00,2,1,01,B01
200700030158,0,10,000,00,2,3,05,A01
200700030159,1,07,000,00,2,2,00,A01
200700030159,0,02,000,12,2,1,01,B01
200700030160,0,07,000,00,2,7,16,A01
200700030160,0,02,000,00,2,3,07,B01
200700030161,0,05,000,00,0,0,21,A01
200700030162,0,04,000,00,2,1,01,A01
200700030163,0,04,000,00,2,2,01,A01
200700030163,0,07,000,00,2,1,01,B01
200700030164,0,05,000,00,2,1,02,A01
200700030164,0,05,000,00,2,4,02,B01
200700030165,0,07,000,00,2,6,10,A01
200700030165,0,05,000,00,2,2,01,B01
200700030166,0,07,000,00,2,6,10,A01
200700030166,0,05,000,00,2,2,01,B01
200700030167,0,05,000,00,2,1,02,A01
200700030167,0,07,000,00,2,4,02,B01
200700030168,0,07,000,00,2,6,10,A01
200700030168,0,05,000,00,2,2,01,B01
200700030169,0,07,000,00,2,1,01,A01
200700030169,0,07,000,00,2,3,01,B01
200700030169,0,05,000,00,2,3,01,C01
200700030170,0,05,000,00,2,3,17,A01
200700030170,0,07,000,00,2,8,15,B01
200700030171,0,07,000,00,1,1,01,A01
200700030172,0,07,000,00,2,2,15,A01
200700030172,0,05,000,00,2,1,01,B01
200700030173,0,02,000,01,0,1,01,A01
200700030174,0,07,000,00,1,1,07,A01
200700030175,0,07,000,00,2,8,10,A01
200700030175,0,04,000,00,2,1,01,B01
200700030176,1,07,000,00,0,0,05,B01
200700030176,0,02,000,00,2,1,01,A01
200700030177,0,02,000,00,2,2,15,A01
200700030177,0,02,000,00,2,3,01,B01
200700030178,0,33,000,00,1,2,01,A01
200700030179,0,07,000,00,2,1,01,A01
200700030179,0,01,000,00,2,1,09,B01
200700030180,0,07,000,00,1,3,01,A01
200700030181,0,14,000,00,1,3,00,A01
200700030182,0,16,000,00,9,2,12,A01
200700030182,0,30,000,00,2,3,01,B01
200700030183,0,02,000,00,2,1,01,A01
200700030183,0,07,000,00,2,3,15,B01
200700030184,0,07,000,00,2,1,09,A01
200700030184,0,33,000,00,2,7,01,B01
200700030185,0,07,000,00,2,3,09,A01
200700030185,0,02,000,00,2,7,01,B01
200700030186,0,07,000,00,1,2,01,A01
200700030187,0,07,000,00,2,1,01,A01
200700030187,0,07,000,00,0,5,23,B01
200700030188,0,07,000,00,2,3,01,A01
200700030188,0,02,000,00,2,2,01,B01
200700030189,0,07,000,00,2,3,00,A01
200700030189,0,31,000,00,2,7,01,B01
200700030190,0,07,000,00,1,8,01,A01
200700030191,0,07,000,00,2,1,02,A01
200700030191,0,07,000,00,2,4,20,B01
200700030192,0,05,000,00,2,1,17,A01
200700030192,0,07,000,00,2,3,15,B01
200700030193,0,10,000,02,0,0,15,A01
200700030194,0,30,000,13,0,2,14,A01
200700030195,0,07,000,06,0,2,00,A01
200700030196,0,07,000,00,2,2,01,A01
200700030197,0,02,000,16,0,8,01,A01
200700030198,0,02,000,00,2,1,02,A01
200700030198,0,07,000,00,2,4,02,B01
200700030199,0,02,000,01,0,7,01,A01
200700030200,0,07,000,09,0,2,05,A01
200700030201,0,05,000,00,2,7,17,A01
200700030201,0,07,000,00,2,6,15,B01
200700030202,0,07,000,00,1,1,12,A01
200700030203,0,02,000,00,2,1,02,A01
200700030203,0,07,000,00,0,6,02,B01
200700030204,0,02,000,12,0,1,01,A01
200700030205,0,05,000,00,2,1,01,A01
200700030205,0,02,000,00,2,6,00,B01
200700030206,0,07,000,00,2,5,21,A01
200700030206,0,07,000,04,2,3,01,B01
200700030207,0,07,000,00,2,3,19,A01
200700030207,0,05,000,00,2,1,01,B01
200700030207,0,05,000,00,2,0,01,C01
200700030207,0,07,000,00,2,5,23,D01
200700030208,0,07,000,00,2,8,15,A01
200700030208,0,02,000,00,2,1,17,B01
200700030209,0,07,000,00,0,2,02,A01
200700030209,0,02,000,00,0,4,16,B01
200700030210,0,02,000,00,2,1,01,A01
200700030210,0,07,000,00,9,3,00,B01
200700030211,0,19,000,00,1,0,00,B01
200700030212,0,02,000,00,2,1,05,B01
200700030212,0,07,000,00,2,1,15,A01
200700030213,0,02,000,00,0,4,01,A01
200700030213,0,07,000,00,2,1,01,B01
200700030214,0,07,000,02,0,1,00,A01
200700030215,0,02,000,00,2,2,05,A01
200700030215,0,07,000,00,2,0,00,B01
200700030216,0,07,000,00,2,1,01,A01
200700030216,0,07,000,00,2,1,01,B01
200700030216,0,05,000,00,0,4,02,C01
200700030217,0,04,000,00,2,3,13,A01
200700030217,0,07,000,00,2,3,00,B01
200700030218,0,07,000,00,1,8,01,A01
200700030219,0,05,000,00,0,1,01,A01
200700030220,0,15,000,00,2,2,12,A01
200700030220,0,07,000,13,2,6,02,B01
200700030221,0,01,000,00,2,7,17,A01
200700030221,0,07,000,00,2,8,15,B01
200700030222,0,05,000,00,0,0,01,A01
200700030223,0,07,000,00,0,2,09,A01
200700030223,0,07,000,00,2,4,01,B01
200700030224,1,07,000,00,0,0,00,A01
200700030224,0,01,000,00,2,6,02,B01
200700030225,0,07,000,12,1,8,01,A01
200700030226,1,07,000,00,2,8,05,A01
200700030226,0,02,000,00,2,1,01,B01
200700030227,0,07,000,00,2,1,02,A01
200700030227,0,07,000,00,2,4,02,B01
200700030228,0,07,000,00,1,1,14,A01
200700030229,0,07,000,00,1,3,01,A01
200700030230,0,30,000,12,0,0,01,A01
200700030231,0,02,000,00,1,1,17,A01
200700030232,0,07,000,00,9,4,01,A01
200700030232,0,33,000,00,2,1,01,B01
200700030233,0,07,000,01,0,1,01,A01
200700030234,0,07,000,00,2,8,01,A01
200700030234,0,07,000,00,2,1,01,B01
200700030235,0,02,000,00,2,7,17,A01
200700030235,0,07,000,00,2,3,01,B01
200700030236,0,07,000,09,0,1,01,A01
200700030237,0,07,000,16,0,9,01,A01
200700030238,0,07,000,00,0,9,15,A01
200700030239,0,07,000,00,1,3,00,A01
200700030240,0,07,000,00,1,2,01,A01
200700030241,0,33,000,04,0,9,01,A01
200700030242,0,02,000,08,0,2,01,A01
200700030243,0,07,000,00,2,3,01,A01
200700030243,0,02,000,00,2,1,15,B01
200700030244,0,07,000,00,0,0,10,A01
200700030244,0,33,000,00,2,0,01,B01
200700030244,0,07,000,00,2,1,01,C01
200700030245,0,07,000,00,2,2,01,B01
200700030245,0,07,000,00,2,8,15,A01
200700030246,0,01,000,00,2,1,02,A01
200700030246,0,07,000,00,0,5,23,B01
200700030247,0,10,000,00,2,2,01,B01
200700030247,0,01,000,00,2,8,19,A01
200700030248,0,07,000,13,0,1,01,A01
200700030249,0,07,000,12,1,2,01,A01
200700030250,0,07,000,00,1,1,01,A01
200700030251,0,07,000,00,1,2,01,A01
200700030252,0,07,000,00,2,1,01,A01
200700030252,0,07,000,00,0,4,11,B01
200700030252,0,07,000,00,2,1,02,C01
200700030253,0,33,000,00,0,7,01,A01
200700030254,0,07,000,00,2,1,02,A01
200700030254,0,07,000,00,0,4,01,B01
200700030255,0,02,000,00,2,1,02,A01
200700030255,0,07,000,00,0,5,01,B01
200700030256,0,30,000,00,2,7,12,A01
200700030256,0,07,000,00,2,8,01,B01
200700030257,0,07,000,00,2,1,02,A01
200700030257,0,07,000,00,0,4,01,B01
200700030258,0,07,000,00,2,8,10,A01
200700030258,0,33,000,00,2,1,01,B01
200700030259,0,10,000,11,2,1,01,A01
200700030259,0,07,000,00,2,3,01,B01
200700030260,0,07,000,00,2,2,15,A01
200700030260,0,30,000,00,2,3,01,B01
200700030261,0,33,000,00,2,6,01,B01
200700030261,0,07,000,00,2,2,12,A01
200700030262,0,07,000,00,1,3,02,A01
200700030263,0,07,000,00,0,3,23,A01
200700030264,0,07,000,03,0,1,14,A01
200700030265,0,07,000,00,0,1,00,A01
200700030265,0,07,000,00,0,4,00,B01
200700030266,0,10,000,00,0,5,23,A01
200700030266,0,33,000,01,0,1,00,B01
200700030267,0,33,000,00,0,0,01,B01
200700030267,0,07,000,00,0,0,00,A01
200700030268,0,07,000,00,2,1,02,A01
200700030268,0,10,000,00,2,4,02,B01
200700030269,0,07,000,00,1,2,01,A01
200700030270,0,07,000,00,1,1,01,A01
200700030271,0,07,000,00,2,2,15,A01
200700030271,0,30,000,00,2,1,01,B01
200700030272,0,07,000,00,1,2,05,A01
200700030272,0,01,000,00,2,2,09,B01
200700030273,0,07,000,00,2,1,02,B01
200700030273,0,30,000,00,2,8,09,A01
200700030274,0,33,000,00,0,9,02,A01
200700030275,0,07,000,00,2,1,02,A01
200700030275,0,01,000,00,2,8,19,B01
200700030276,0,02,000,00,0,8,00,A01
200700030276,0,07,000,00,0,1,00,B01
200700030277,0,07,000,00,0,3,10,A01
200700030277,0,30,000,00,2,1,02,B01
200700030278,0,07,000,00,2,1,01,B01
200700030278,0,07,000,00,0,5,13,A01
200700030279,0,07,000,00,2,6,02,A01
200700030279,0,30,000,00,2,2,17,B01
200700030280,0,33,000,00,2,1,00,A01
200700030280,0,10,000,00,0,4,01,B01
200700030281,0,07,000,00,1,3,00,A01
200700030282,0,10,000,00,1,2,02,A01
200700030283,0,07,000,00,2,1,02,A01
200700030283,0,07,000,00,2,4,02,B01
200700030284,0,07,000,00,2,2,01,A01
200700030284,0,10,000,00,2,3,01,B01
200700030285,0,07,000,00,2,2,15,A01
200700030285,0,07,000,00,2,3,01,B01
200700030286,0,30,000,00,2,2,17,A01
200700030286,0,07,000,00,2,8,15,B01
200700030287,0,07,000,00,2,4,04,A01
200700030287,0,01,000,00,2,8,01,B01
200700030288,0,07,000,01,0,2,01,A01
200700030289,0,10,000,00,2,1,01,A01
200700030289,0,07,000,00,2,0,15,B01
200700030290,0,33,000,00,2,7,17,A01
200700030290,0,07,000,00,2,8,15,B01
200700030291,1,07,000,00,1,0,00,A01
200700030292,0,10,000,01,2,1,02,A01
200700030292,0,07,000,00,0,4,02,B01
200700030293,0,07,000,15,0,1,00,A01
200700030294,0,07,000,00,2,1,02,A01
200700030294,0,33,000,00,2,4,02,B01
200700030294,0,07,000,00,0,7,01,C01
200700030294,0,07,000,00,0,4,02,D01
200700030295,0,07,000,00,1,1,00,A01
200700030296,0,07,000,00,2,2,17,A01
200700030296,0,01,000,00,2,1,21,B01
200700030297,0,07,000,00,2,3,02,A01
200700030297,0,32,000,00,2,4,01,B01
200700030297,0,07,000,00,0,4,01,C01
200700030298,0,33,000,00,2,1,01,B01
200700030298,0,07,000,00,0,5,19,A01
200700030299,0,30,000,01,0,1,02,A01
200700030300,0,07,000,00,2,1,01,A01
200700030300,0,07,000,00,0,4,23,B01
200700030301,0,30,000,00,0,8,00,A01
200700030302,0,33,000,00,2,1,00,A01
200700030302,0,33,000,00,2,4,00,B01
200700030303,0,10,000,15,2,6,01,A01
200700030303,0,10,000,00,2,1,09,B01
200700030304,0,01,000,00,0,1,01,B01
200700030304,0,13,000,00,9,3,09,A01
200700030305,0,10,000,00,1,2,01,A01
200700030306,1,13,000,00,2,0,05,A01
200700030306,0,30,000,00,0,0,01,B01
200700030307,0,10,000,15,1,6,13,A01
200700030308,0,33,000,00,2,1,01,B01
200700030308,0,10,000,00,2,5,01,A01
200700030309,0,07,000,00,2,2,12,A01
200700030309,0,33,000,00,0,6,02,B01
200700030310,0,07,000,00,2,1,09,A01
200700030310,0,07,000,00,2,8,02,B01
200700030311,0,33,000,00,1,1,00,A01
200700030312,0,33,000,15,0,1,13,A01
200700030313,0,31,000,12,2,8,03,A01
200700030313,0,07,000,00,2,2,12,B01
200700030314,0,02,000,00,2,1,01,B01
200700030314,0,07,000,00,2,3,19,A01
200700030315,0,07,000,00,1,1,01,A01
200700030316,0,07,000,00,2,1,13,A01
200700030316,0,07,000,00,2,1,01,B01
200700030317,0,07,000,00,2,7,00,B01
200700030317,0,07,000,00,2,1,01,A01
200700030318,0,07,000,00,0,2,02,A01
200700030319,0,07,000,00,2,1,02,B01
200700030319,0,07,000,00,2,2,02,A01
200700030320,0,07,000,08,0,1,02,A01
200700030321,0,07,000,00,2,1,10,A01
200700030321,0,07,000,00,2,1,02,B01
200700030322,1,07,000,00,2,0,09,A01
200700030322,0,31,000,00,2,2,15,B01
200700030323,0,33,000,00,0,0,00,A01
200700030324,0,01,000,00,2,7,19,A01
200700030324,0,07,000,00,2,1,01,B01
200700030325,0,07,000,00,2,5,17,A01
200700030325,0,01,000,00,2,1,01,B01
200700030326,0,07,000,00,0,0,00,B01
200700030326,0,07,000,06,0,1,00,A01
200700030327,0,07,000,00,2,1,02,A01
200700030327,0,07,000,00,2,4,02,B01
200700030327,0,07,000,00,0,4,02,C01
200700030328,0,07,000,00,2,1,02,A01
200700030328,0,07,000,00,2,4,23,B01
200700030328,0,07,000,00,2,4,23,C01
200700030328,0,07,000,00,2,4,23,D01
200700030329,0,07,000,00,1,1,01,A01
200700030330,0,07,000,00,2,8,15,B01
200700030330,0,02,000,00,2,1,17,A01
200700030331,0,07,000,00,1,1,00,A01
200700030331,0,01,000,00,0,8,00,B01
200700030332,0,07,000,00,2,2,02,A01
200700030332,0,07,000,00,2,4,23,B01
200700030332,0,07,000,00,2,4,23,C01
200700030332,0,07,000,00,0,4,23,D01
200700030333,0,30,000,00,0,0,01,A01
200700030334,0,07,000,00,2,1,21,A01
200700030334,0,07,000,00,2,1,01,B01
200700030335,0,07,000,00,2,8,01,A01
200700030335,0,07,000,00,2,7,01,B01
200700030336,0,07,000,00,2,8,10,A01
200700030336,0,32,000,00,2,1,01,B01
200700030337,0,07,000,00,2,3,02,A01
200700030337,0,33,000,00,2,7,17,B01
200700030338,0,07,000,00,2,1,01,A01
200700030338,0,07,000,00,2,5,13,B01
200700030339,0,07,000,00,2,1,15,A01
200700030339,0,33,000,00,2,1,21,B01
200700030340,0,07,000,00,1,3,02,A01
200700030341,0,07,000,00,2,1,15,A01
200700030341,0,02,000,00,2,1,01,B01
200700030342,0,07,000,00,2,7,01,A01
200700030342,0,17,000,00,2,2,01,B01
200700030343,0,07,000,00,5,3,16,A01
200700030343,0,07,000,00,5,1,01,B01
200700030344,0,07,000,00,2,7,15,A01
200700030344,0,02,000,00,2,1,01,B01
200700030345,0,03,000,00,0,4,02,B01
200700030345,1,07,000,00,2,1,02,A01
200700030346,0,07,000,00,2,2,01,A01
200700030346,0,07,000,00,2,1,21,B01
200700030346,0,07,000,00,2,2,01,C01
200700030347,0,07,000,00,2,1,21,A01
200700030347,0,07,000,00,2,1,01,B01
200700030347,1,10,000,00,0,0,00,C01
200700030348,0,07,000,00,9,1,02,A01
200700030348,0,01,000,00,2,4,02,B01
200700030349,0,07,000,00,2,1,01,A01
200700030349,0,07,000,00,2,6,01,B01
200700030350,0,02,000,00,2,1,01,A01
200700030350,0,07,000,00,2,4,15,B01
200700030351,0,07,000,00,2,3,09,A01
200700030351,0,32,000,00,2,1,01,B01
200700030352,0,07,000,00,1,1,01,A01
200700030353,0,07,000,00,2,1,01,A01
200700030353,0,07,000,00,2,4,01,B01
200700030354,0,07,000,00,2,1,01,A01
200700030354,0,07,000,00,2,4,01,B01
200700030354,0,07,000,00,2,4,01,C01
200700030355,0,33,000,00,2,1,01,A01
200700030355,0,07,000,00,0,4,01,B01
200700030356,0,31,000,00,0,3,01,B01
200700030356,0,07,000,00,2,2,15,A01
200700030357,0,07,000,00,1,1,01,A01
200700030358,0,14,000,00,2,1,02,A01
200700030358,0,07,000,00,0,4,01,B01
200700030359,0,07,000,00,0,6,15,B01
200700030359,0,30,000,00,2,1,01,A01
200700030360,0,07,000,00,0,0,15,A01
200700030360,0,07,000,02,0,1,01,B01
200700030361,0,31,000,00,2,1,01,B01
200700030361,0,07,000,00,2,1,01,C01
200700030361,1,07,000,00,2,8,02,A01
200700030362,0,07,000,00,1,2,01,A01
200700030363,0,07,000,00,2,3,10,A01
200700030363,0,33,000,00,2,1,17,B01
200700030364,0,07,000,00,2,6,04,A01
200700030364,0,02,000,00,2,1,01,B01
200700030365,0,07,000,00,2,3,11,A01
200700030365,0,31,000,00,2,2,01,B01
200700030366,0,07,000,08,0,2,17,A01
200700030367,0,07,000,00,2,8,15,A01
200700030367,0,02,000,00,4,1,17,B01
200700030368,0,07,000,00,2,1,16,A01
200700030368,0,07,000,00,1,4,23,B01
200700030369,0,07,000,00,1,4,04,A01
200700030370,0,07,000,00,1,8,01,A01
200700030371,0,02,000,00,2,1,01,A01
200700030371,0,07,000,00,2,6,01,B01
200700030372,0,07,000,00,2,2,01,B01
200700030372,0,33,000,00,0,7,16,A01
200700030373,0,07,000,00,1,4,04,A01
200700030374,0,07,000,00,1,3,01,A01
200700030375,0,01,000,00,2,1,15,A01
200700030375,0,07,000,00,2,1,01,B01
200700030376,0,07,000,00,2,2,01,A01
200700030376,0,01,000,00,2,8,15,B01
200700030377,0,30,000,00,0,0,16,A01
200700030378,0,07,000,00,1,5,06,A01
200700030379,0,07,000,02,0,8,01,A01
200700030380,0,02,000,00,2,1,15,A01
200700030380,0,07,000,00,2,3,15,B01
200700030381,0,02,000,00,2,1,09,A01
200700030381,0,33,000,00,2,1,01,B01
200700030382,0,07,000,03,0,1,01,A01
200700030383,0,07,000,00,2,7,01,B01
200700030383,0,07,000,00,2,1,01,A01
200700030384,1,07,000,00,2,1,01,A01
200700030384,0,07,000,00,2,4,01,B01
200700030385,0,33,000,00,2,8,01,A01
200700030385,0,10,000,00,2,6,01,B01
200700030386,0,07,000,00,2,1,01,A01
200700030386,0,07,000,00,2,4,01,B01
200700030387,0,07,000,00,1,5,01,A01
200700030388,0,07,000,00,1,8,01,A01
200700030389,0,07,000,00,2,2,01,A01
200700030389,0,33,000,00,2,8,01,B01
200700030390,0,07,000,00,2,3,09,A01
200700030390,0,02,000,00,2,1,01,B01
200700030391,0,03,000,00,2,7,01,A01
200700030391,0,07,000,00,2,1,01,B01
200700030392,0,07,000,00,2,3,09,A01
200700030392,0,07,000,00,2,1,01,B01
200700030393,0,10,000,09,0,7,01,A01
200700030394,0,02,000,00,2,1,00,A01
200700030394,0,07,000,00,2,3,01,B01
200700030395,0,07,000,00,1,1,15,A01
200700030396,0,02,000,00,2,1,01,A01
200700030396,0,07,000,00,2,2,15,B01
200700030397,0,02,000,00,2,1,17,A01
200700030397,0,07,000,00,2,2,09,B01
200700030397,0,07,000,00,2,3,01,C01
200700030398,0,07,000,15,0,1,01,A01
200700030399,0,01,000,00,2,1,15,A01
200700030399,0,07,000,00,2,3,01,B01
200700030400,0,07,000,14,0,3,01,A01
200700030401,0,07,000,16,0,9,01,A01
200700030402,0,10,000,00,2,2,17,A01
200700030402,0,07,000,00,2,6,23,B01
200700030403,0,07,000,14,0,9,01,A01
200700030404,0,01,000,00,2,1,19,A01
200700030404,0,10,000,00,2,1,01,B01
200700030405,0,10,000,00,2,1,01,A01
200700030405,0,07,000,00,2,4,01,B01
200700030406,0,07,000,00,2,6,09,A01
200700030406,0,33,000,00,2,1,01,B01
200700030407,0,07,000,00,2,1,00,A01
200700030407,0,30,000,00,2,4,01,B01
200700030408,0,07,000,00,1,8,01,A01
200700030409,0,07,000,00,2,1,01,A01
200700030409,0,07,000,00,2,1,01,B01
200700030410,0,33,000,16,0,8,01,A01
200700030411,0,07,000,13,0,8,01,A01
200700030412,0,07,000,13,0,1,01,A01
200700030413,1,10,000,00,2,1,01,A01
200700030413,0,07,000,00,2,1,01,B01
200700030414,1,07,000,00,2,1,01,A01
200700030414,0,01,000,00,2,5,19,B01
200700030415,0,01,000,00,2,8,00,A01
200700030415,0,07,000,00,2,1,01,B01
200700030416,0,07,000,00,2,1,06,A01
200700030416,0,07,000,00,2,1,01,B01
200700030417,0,07,000,00,2,2,01,B01
200700030417,0,07,000,00,2,3,15,A01
200700030418,0,13,000,00,1,4,04,A01
200700030419,0,30,000,12,0,1,01,A01
200700030420,0,07,000,00,1,1,01,A01
200700030421,0,07,000,00,1,1,01,A01
200700030422,0,07,000,00,2,3,15,A01
200700030422,0,07,000,00,2,2,00,B01
200700030423,0,07,000,00,2,7,15,A01
200700030423,0,07,000,00,2,1,01,B01
200700030423,0,07,000,00,2,7,01,C01
200700030424,0,02,000,00,2,1,17,A01
200700030424,0,07,000,00,2,8,15,B01
200700030425,0,07,000,02,0,9,13,A01
200700030426,0,07,000,00,2,3,19,A01
200700030426,0,30,000,00,2,1,01,B01
200700030427,0,02,000,00,2,1,15,A01
200700030427,0,07,000,00,2,2,19,B01
200700030428,0,07,000,00,1,0,01,A01
200700030429,0,07,000,02,2,1,13,A01
200700030429,0,07,000,00,2,1,01,B01
200700030430,0,07,000,01,2,1,01,B01
200700030430,0,07,000,00,2,1,15,A01
200700030431,0,07,000,00,1,1,01,A01
200700030432,0,07,000,00,2,0,01,A01
200700030432,0,01,000,00,2,8,09,B01
200700030433,1,07,000,00,2,0,17,A01
200700030433,0,02,000,00,2,3,01,B01
200700030434,0,07,000,13,0,1,16,A01
200700030435,1,02,000,00,2,1,17,A01
200700030435,0,01,000,00,2,8,11,B01
200700030436,0,07,000,00,2,2,13,A01
200700030436,0,33,000,00,2,1,01,B01
200700030437,0,07,000,00,1,1,01,A01
200700030438,0,33,000,00,2,1,01,B01
200700030438,0,07,000,00,2,6,15,A01
200700030439,0,07,000,00,2,1,05,A01
200700030439,0,02,000,00,2,1,01,B01
200700030440,0,07,000,00,1,1,02,A01
200700030441,0,07,000,00,2,4,17,A01
200700030441,0,33,000,00,2,9,17,B01
200700030442,1,07,000,00,1,1,01,A01
200700030443,0,07,000,00,0,1,13,A01
200700030443,0,07,000,00,0,0,21,B01
200700030444,0,07,000,00,1,1,01,A01
200700030445,0,07,000,02,0,3,13,A01
200700030446,0,30,000,12,0,0,14,B01
200700030446,0,07,000,00,0,0,09,A01
200700030447,0,02,000,00,2,5,02,A01
200700030447,0,07,000,00,0,5,23,B01
200700030448,0,07,000,00,2,1,06,A01
200700030448,0,07,000,00,2,8,15,B01
200700030449,0,34,000,08,2,1,00,A01
200700030449,0,07,000,00,2,2,00,B01
200700030450,0,07,000,00,2,8,19,A01
200700030450,0,33,000,00,2,1,01,B01
200700030451,0,33,000,03,0,7,14,A01
200700030452,0,07,000,00,1,3,00,A01
200700030453,0,07,000,00,1,2,00,A01
200700030454,0,30,000,00,2,3,17,A01
200700030454,0,07,000,00,2,8,15,B01
200700030455,0,02,000,00,2,1,01,B01
200700030455,0,07,000,00,2,3,15,A01
200700030456,0,02,000,00,2,0,10,A01
200700030456,0,07,000,00,2,2,21,B01
200700030457,0,07,000,00,2,0,15,A01
200700030457,0,31,000,00,2,1,01,B01
200700030458,0,10,000,00,2,0,15,A01
200700030458,0,07,000,00,2,0,01,B01
200700030459,0,07,000,00,2,0,13,A01
200700030459,0,07,000,00,2,1,01,B01
200700030460,0,07,000,00,2,2,02,A01
200700030460,0,01,000,00,2,4,02,B01
200700030461,0,07,000,00,1,4,04,A01
200700030462,0,07,000,00,1,6,04,A01
200700030463,0,30,000,00,2,1,00,A01
200700030463,0,07,000,00,0,6,00,B01
200700030464,0,07,000,00,2,8,10,A01
200700030464,0,07,000,00,2,1,01,B01
200700030465,0,07,000,00,2,1,02,A01
200700030465,0,07,000,00,0,0,00,B01
200700030466,0,07,000,00,2,1,05,A01
200700030466,0,07,000,00,2,1,01,B01
200700030467,0,07,000,00,2,1,00,A01
200700030467,0,07,000,00,2,1,01,B01
200700030468,0,07,000,00,1,2,01,A01
200700030469,0,07,000,06,0,1,00,A01
200700030470,0,02,000,00,0,7,05,A01
200700030471,0,07,000,00,2,2,16,A01
200700030471,0,37,025,00,2,3,01,B01
200700030472,0,07,000,00,2,1,09,A01
200700030472,0,07,000,15,2,1,00,B01
200700030472,0,07,000,01,1,1,00,C01
200700030473,0,30,000,00,2,2,02,A01
200700030473,0,10,000,00,2,5,02,B01
200700030474,0,02,000,00,2,3,01,A01