Num_Acc,senc,catv,occutc,obs,obsm,choc,manv,num_veh
200700030474,0,07,000,00,2,1,09,B01
200700030475,0,30,000,01,0,1,13,A01
200700030475,0,07,000,00,2,1,23,B01
200700030476,0,07,000,00,2,8,02,A01
200700030476,0,30,000,00,2,1,02,B01
200700030477,0,07,000,00,2,3,10,A01
200700030477,0,33,000,00,2,1,02,B01
200700030478,0,07,000,00,1,7,01,A01
200700030479,0,32,000,00,2,0,21,B01
200700030479,0,07,000,00,0,6,15,A01
200700030480,0,07,000,00,2,1,02,A01
200700030480,0,07,000,00,0,4,23,B01
200700030481,0,01,000,00,2,1,02,A01
200700030481,0,07,000,00,2,4,01,B01
200700030482,0,33,000,00,2,0,00,A01
200700030482,0,07,000,00,2,0,00,B01
200700030483,0,07,000,00,2,8,15,A01
200700030483,0,32,000,00,2,1,01,B01
200700030484,0,30,000,00,2,2,01,B01
200700030484,0,07,000,00,2,3,09,A01
200700030484,0,10,000,00,2,1,01,C01
200700030485,0,13,000,00,2,6,12,A01
200700030485,0,07,000,00,2,5,02,B01
200700030485,0,07,000,00,0,4,01,C01
200700030486,0,30,000,00,2,1,00,A01
200700030486,0,07,000,00,2,3,01,B01
200700030487,0,10,000,00,2,8,15,A01
200700030487,0,33,000,00,0,1,02,B01
200700030488,0,01,000,04,0,8,00,A01
200700030489,0,33,000,01,0,0,21,A01
200700030489,0,07,000,00,0,0,15,B01
200700030490,0,07,000,00,0,2,15,A01
200700030490,0,07,000,00,2,3,01,B01
200700030491,0,07,000,00,2,5,00,A01
200700030491,0,31,000,00,2,1,01,B01
200700030492,1,07,000,00,2,1,01,A01
200700030492,0,32,000,00,2,8,01,B01
200700030493,0,07,000,00,1,1,01,A01
200700030494,0,07,000,00,2,2,02,A01
200700030494,0,32,000,00,2,8,09,B01
200700030495,0,07,000,00,1,3,01,A01
200700030496,0,07,000,00,2,2,16,B01
200700030496,0,07,000,00,2,1,09,A01
200700030497,0,07,000,06,0,1,01,A01
200700030498,0,07,000,00,2,1,01,A01
200700030498,0,07,000,00,2,1,02,B01
200700030498,0,07,000,00,0,4,01,C01
200700030499,0,07,000,00,2,2,00,A01
200700030499,0,07,000,00,2,3,00,B01
200700030500,0,15,000,04,2,1,00,A01
200700030500,0,07,000,00,9,8,01,B01
200700030501,0,07,000,00,2,2,01,A01
200700030501,0,07,000,00,2,3,11,B01
200700030502,0,07,000,00,2,1,01,A01
200700030502,0,07,000,00,2,8,01,B01
200700030503,0,07,000,00,9,7,22,A01
200700030503,0,01,000,00,0,1,02,B01
200700030504,0,07,000,00,1,1,01,A01
200700030505,0,01,000,00,1,1,01,A01
200700030506,0,07,000,00,2,1,01,A01
200700030506,0,07,000,00,2,8,00,B01
200700030507,0,33,000,00,0,1,01,A01
200700030508,0,33,000,00,2,1,17,A01
200700030508,0,07,000,00,2,3,23,B01
200700030509,0,31,000,00,2,1,01,B01
200700030509,0,07,000,00,2,3,15,A01
200700030510,0,07,000,00,2,8,06,A01
200700030510,0,07,000,00,2,7,01,B01
200700030511,0,07,000,00,2,2,10,A01
200700030511,0,02,000,00,2,1,01,B01
200700030512,0,07,000,00,2,1,01,A01
200700030512,0,07,000,00,2,4,23,B01
200700030512,0,07,000,00,2,4,23,C01
200700030513,0,01,000,00,2,1,09,A01
200700030513,0,14,000,00,2,7,01,B01
200700030514,0,33,000,00,2,1,02,A01
200700030514,0,07,000,00,2,4,02,B01
200700030515,0,07,000,01,2,3,19,A01
200700030515,0,31,000,00,2,1,19,B01
200700030516,0,10,000,00,2,7,14,A01
200700030516,0,07,000,00,2,8,01,B01
200700030517,0,01,000,00,2,1,05,A01
200700030517,0,07,000,00,2,3,15,B01
200700030518,1,10,000,00,2,5,09,A01
200700030518,0,33,000,03,2,3,01,B01
200700030519,0,07,000,00,2,1,02,A01
200700030519,0,07,000,00,0,4,02,B01
200700030520,0,07,000,00,1,3,01,A01
200700030521,0,07,000,00,2,1,15,A01
200700030521,0,02,000,00,2,1,01,B01
200700030522,0,07,000,00,1,1,01,A01
200700030523,0,07,000,08,0,1,01,A01
200700030524,0,07,000,00,2,8,15,A01
200700030524,0,33,000,00,2,1,21,B01
200700030525,0,07,000,08,0,1,01,A01
200700030526,0,30,000,00,2,1,01,B01
200700030526,0,10,000,00,2,7,01,A01
200700030527,0,07,000,00,2,8,01,A01
200700030527,0,07,000,00,2,3,01,B01
200700030528,0,07,000,00,1,3,02,A01
200700030529,0,07,000,00,2,1,02,A01
200700030529,0,07,000,00,0,4,02,B01
200700030530,0,07,000,00,2,2,21,A01
200700030530,0,20,000,00,2,1,00,B01
200700030531,0,30,000,00,2,1,01,A01
200700030531,0,07,000,00,2,3,01,B01
200700030532,0,07,000,00,1,1,13,A01
200700030533,0,30,000,00,2,1,17,A01
200700030533,0,07,000,00,0,3,15,B01
200700030534,0,07,000,16,0,9,02,A01
200700030535,0,07,000,13,0,1,02,A01
200700030536,0,07,000,00,2,3,02,B01
200700030536,0,02,000,01,2,1,11,A01
200700030537,0,07,000,00,1,3,01,A01
200700030538,0,33,000,00,2,1,01,B01
200700030538,0,07,000,00,2,7,01,A01
200700030539,0,07,000,00,2,1,02,A01
200700030539,0,07,000,00,2,4,02,B01
200700030540,0,30,000,00,2,2,17,A01
200700030540,0,07,000,00,2,3,15,B01
200700030541,0,30,000,00,2,4,12,A01
200700030541,0,30,000,00,2,1,07,B01
200700030542,0,07,000,00,2,3,09,A01
200700030542,0,15,000,00,2,2,01,B01
200700030543,0,07,000,00,1,2,01,A01
200700030544,0,07,000,03,0,9,13,A01
200700030545,0,07,000,06,0,4,13,A01
200700030546,0,07,000,00,1,1,01,A01
200700030547,0,07,000,00,2,7,16,A01
200700030547,0,02,000,00,2,1,01,B01
200700030548,0,31,000,16,0,7,01,A01
200700030549,0,07,000,00,2,8,19,A01
200700030549,0,07,000,00,2,1,01,B01
200700030550,0,07,000,00,2,2,15,A01
200700030550,0,02,000,00,2,1,01,B01
200700030551,0,07,000,00,2,1,02,A01
200700030551,0,07,000,00,2,4,02,B01
200700030552,0,33,000,00,2,1,01,A01
200700030552,0,07,000,00,2,3,15,B01
200700030553,0,07,000,01,0,2,13,A01
200700030554,0,07,000,13,0,9,01,A01
200700030555,0,33,000,00,2,1,00,A01
200700030555,0,07,000,00,2,0,01,B01
200700030556,0,07,000,02,0,0,01,A01
200700030557,0,07,000,00,2,0,01,A01
200700030557,0,07,000,00,2,4,01,B01
200700030558,0,07,000,06,0,0,01,A01
200700030559,0,07,000,00,2,0,01,A01
200700030559,0,07,000,08,2,0,01,B01
200700030560,0,07,000,00,2,2,09,A01
200700030560,0,07,000,00,2,3,02,B01
200700030561,0,30,000,16,0,8,02,A01
200700030562,0,30,000,00,2,1,02,A01
200700030562,0,30,000,00,2,4,02,B01
200700030563,0,33,000,16,0,8,02,A01
200700030564,0,07,000,01,0,1,02,A01
200700030565,0,07,000,00,2,5,15,A01
200700030565,0,34,000,00,2,1,01,B01
200700030566,0,02,000,16,0,1,02,A01
200700030567,0,07,000,00,1,1,01,A01
200700030568,0,07,000,12,0,2,02,A01
200700030569,0,07,000,00,2,1,13,A01
200700030569,0,07,000,00,2,9,01,B01
200700030569,0,07,000,00,2,1,01,C01
200700030570,0,02,000,00,2,4,01,A01
200700030570,1,07,000,00,2,1,02,B01
200700030571,0,07,000,00,2,2,19,A01
200700030571,0,07,000,00,2,1,01,B01
200700030572,0,37,001,00,1,0,09,A01
200700030573,0,32,000,00,0,7,01,A01
200700030574,0,07,000,09,0,7,01,A01
200700030575,0,07,000,00,2,1,01,A01
200700030575,0,07,000,00,2,4,01,B01
200700030576,0,07,000,12,0,4,01,A01
200700030577,0,30,000,16,0,7,02,A01
200700030578,0,07,000,01,0,1,02,A01
200700030579,0,07,000,00,2,1,02,A01
200700030579,0,07,000,00,2,4,01,B01
200700030580,0,30,000,01,0,1,01,A01
200700030581,0,07,000,00,0,1,01,A01
200700030582,0,33,000,00,2,1,01,B01
200700030582,0,07,000,00,2,6,15,A01
200700030583,0,07,000,00,2,3,02,A01
200700030583,0,07,000,00,2,3,01,B01
200700030584,0,07,000,00,2,5,15,A01
200700030584,0,33,000,00,2,1,02,B01
200700030585,0,07,000,08,0,1,01,A01
200700030586,0,07,000,00,2,1,02,A01
200700030586,0,07,000,00,2,9,23,B01
200700030586,0,07,000,00,2,4,23,C01
200700030587,0,33,000,12,0,1,21,A01
200700030587,1,17,000,00,0,0,11,B01
200700030588,0,01,000,12,0,1,02,A01
200700030589,0,07,000,00,2,1,02,A01
200700030589,0,07,000,00,2,4,01,B01
200700030590,0,07,000,00,2,3,01,A01
200700030590,0,07,000,00,2,1,01,B01
200700030591,0,07,000,00,2,3,09,A01
200700030591,0,07,000,00,2,1,01,B01
200700030592,0,07,000,12,0,1,17,A01
200700030593,0,03,000,13,0,1,02,A01
200700030594,0,07,000,00,2,1,09,A01
200700030594,0,07,000,00,2,2,01,B01
200700030595,0,10,000,00,1,4,04,A01
200700030596,0,33,000,00,2,7,02,B01
200700030596,0,07,000,00,2,2,02,A01
200700030597,0,07,000,00,2,1,09,A01
200700030597,0,07,000,00,2,1,01,B01
200700030598,0,07,000,00,2,5,15,A01
200700030598,0,02,000,00,2,1,01,B01
200700030599,0,07,000,00,2,1,17,A01
200700030599,0,37,001,00,2,1,01,B01
200700030600,0,10,000,00,1,3,01,A01
200700030601,0,07,000,00,1,2,01,A01
200700030602,0,07,000,00,2,3,02,A01
200700030602,0,07,000,00,2,3,02,B01
200700030603,0,33,000,07,0,1,06,A01
200700030603,0,07,000,14,0,1,01,B01
200700030604,0,07,000,00,9,1,02,A01
200700030604,0,01,000,00,2,4,02,B01
200700030605,0,07,000,00,1,1,01,A01
200700030606,0,07,000,00,2,5,04,A01
200700030606,0,32,000,00,2,1,01,B01
200700030607,0,07,000,00,2,1,01,B01
200700030607,0,10,000,00,2,1,23,C01
200700030607,0,07,000,06,2,1,19,A01
200700030608,0,07,000,00,1,1,01,A01
200700030609,0,07,000,00,1,1,01,A01
200700030610,2,07,000,06,0,1,19,A01
200700030610,0,07,000,00,2,8,24,B01
200700030611,0,33,000,00,2,1,17,A01
200700030611,0,07,000,00,2,8,15,B01
200700030612,0,07,000,00,2,1,01,A01
200700030612,0,07,000,00,2,1,23,C01
200700030612,0,07,000,00,2,8,01,B01
200700030613,0,07,000,00,2,1,13,A01
200700030613,0,07,000,00,2,3,01,B01
200700030614,0,07,000,00,2,1,15,A01
200700030614,0,02,000,00,2,7,01,B01
200700030615,0,07,000,00,2,8,13,A01
200700030615,0,07,000,00,2,1,01,B01
200700030616,0,07,000,00,2,7,01,B01
200700030616,0,07,000,00,2,1,01,A01
200700030617,1,07,000,14,0,1,01,A01
200700030618,0,07,000,00,1,1,01,A01
200700030619,0,07,000,00,2,4,04,A01
200700030619,0,01,000,00,2,1,01,B01
200700030620,0,07,000,00,2,1,00,B01
200700030620,0,07,000,00,2,7,00,A01
200700030621,0,10,000,00,0,6,02,B01
200700030621,0,31,000,00,0,3,02,A01
200700030622,0,07,000,00,2,1,00,A01
200700030622,0,07,000,00,2,7,00,B01
200700030623,0,07,000,00,2,3,18,A01
200700030623,0,07,000,00,0,7,16,B01
200700030624,0,07,000,06,0,1,13,A01
200700030625,0,01,000,00,2,1,05,A01
200700030625,0,07,000,00,9,1,05,B01
200700030626,0,07,000,00,1,4,04,A01
200700030627,0,07,000,00,2,1,02,A01
200700030627,0,10,000,00,1,4,02,B01
200700030628,0,07,000,00,2,1,11,A01
200700030628,0,07,000,00,2,1,01,B01
200700030629,0,30,000,00,0,8,00,A01
200700030630,0,02,000,00,2,1,01,A01
200700030630,0,07,000,00,2,3,00,B01
200700030631,0,02,000,00,2,1,17,A01
200700030631,0,07,000,00,2,3,15,B01
200700030632,0,07,000,00,1,3,02,A01
200700030633,0,02,000,06,0,4,00,A01
200700030634,0,07,000,00,1,4,04,A01
200700030635,0,31,000,00,2,1,17,A01
200700030635,0,07,000,00,2,3,15,B01
200700030636,0,07,000,00,2,2,00,A01
200700030636,0,01,000,00,2,1,01,B01
200700030637,0,07,000,00,2,3,11,B01
200700030637,0,30,000,00,2,2,07,A01
200700030638,0,30,000,00,1,1,00,A01
200700030639,0,07,000,00,2,1,02,A01
200700030639,0,07,000,00,2,4,02,B01
200700030639,0,07,000,00,2,4,02,C01
200700030639,0,07,000,05,2,6,01,D01
200700030640,0,33,000,00,2,1,01,B01
200700030640,0,07,000,00,2,3,09,A01
200700030641,0,30,000,00,2,1,17,A01
200700030641,0,07,000,06,2,3,16,B01
200700030642,0,33,000,00,0,1,06,A01
200700030642,0,07,000,00,0,3,01,B01
200700030643,0,07,000,00,0,2,15,A01
200700030643,0,33,000,00,2,1,01,B01
200700030644,0,07,000,15,0,1,01,A01
200700030645,0,15,000,00,0,0,01,A01
200700030646,0,34,000,08,1,1,02,A01
200700030647,0,30,000,14,2,7,03,A01
200700030647,0,07,000,00,9,3,02,B01
200700030647,0,07,000,00,9,2,02,C01
200700030647,0,10,000,00,9,6,02,D01
200700030648,0,33,000,01,0,1,01,A01
200700030649,0,07,000,00,2,1,02,A01
200700030649,0,07,000,00,2,4,02,B01
200700030650,0,30,000,04,0,1,01,A01
200700030651,0,07,000,01,1,0,01,A01
200700030652,0,07,000,00,2,1,02,A01
200700030652,0,07,000,00,2,4,01,B01
200700030653,0,07,000,00,2,3,02,A01
200700030653,0,30,000,00,2,1,02,B01
200700030654,0,07,000,00,2,1,09,A01
200700030654,0,07,000,00,2,1,01,B01
200700030655,0,07,000,00,2,8,09,A01
200700030655,0,33,000,00,2,2,01,B01
200700030656,0,07,000,00,1,8,01,A01
200700030657,0,07,000,00,2,1,15,A01
200700030657,0,07,000,00,2,8,01,B01
200700030658,0,07,000,00,1,1,01,A01
200700030659,0,07,000,00,1,1,01,A01
200700030660,0,07,000,00,1,7,01,A01
200700030661,0,07,000,00,2,1,01,A01
200700030661,0,07,000,00,0,4,01,B01
200700030661,0,07,000,00,2,1,01,C01
200700030662,1,07,000,00,1,4,04,A01
200700030663,0,07,000,00,1,1,00,A01
200700030663,0,07,000,00,2,4,00,B01
200700030664,0,07,000,00,1,1,00,B01
200700030664,0,07,000,00,0,7,01,A01
200700030665,0,30,000,00,2,1,01,A01
200700030665,0,07,000,00,2,2,01,B01
200700030666,0,07,000,00,2,1,00,A01
200700030666,0,07,000,00,2,4,01,B01
200700030667,0,07,000,00,2,1,01,A01
200700030667,0,33,000,00,2,1,00,B01
200700030668,0,30,000,00,2,8,17,A01
200700030668,1,07,000,00,2,8,13,B01
200700030669,0,07,000,00,2,3,00,A01
200700030669,0,30,000,00,2,1,00,B01
200700030670,0,33,000,00,1,7,02,A01
200700030670,0,01,000,00,2,3,02,B01
200700030671,0,01,000,00,2,1,02,B01
200700030671,0,07,000,00,9,7,09,A01
200700030672,0,07,000,08,0,1,01,A01
200700030673,0,33,000,00,0,3,02,A01
200700030674,0,07,000,00,2,9,17,A01
200700030674,0,07,000,00,2,5,01,B01
200700030675,0,07,000,00,2,1,01,A01
200700030675,0,07,000,00,2,7,01,B01
200700030676,0,33,000,00,0,8,01,A01
200700030677,1,31,000,01,0,0,00,A01
200700030678,0,07,000,00,2,6,13,A01
200700030678,0,07,000,00,2,2,01,B01
200700030679,0,07,000,00,1,2,00,A01
200700030680,0,07,000,08,2,1,13,A01
200700030680,0,07,000,00,2,3,15,B01
200700030681,0,07,000,00,2,1,02,A01
200700030681,0,07,000,00,2,4,23,B01
200700030682,0,07,000,00,2,1,05,A01
200700030682,0,07,000,00,2,1,01,B01
200700030683,0,07,000,00,1,1,01,A01
200700030684,0,07,000,00,1,1,01,A01
200700030685,0,07,000,14,0,0,01,A01
200700030686,0,07,000,00,0,0,16,A01
200700030687,0,07,000,00,2,2,10,A01
200700030687,0,07,000,00,2,3,01,B01
200700030688,0,07,000,00,1,1,01,A01
200700030689,0,07,000,00,2,1,02,A01
200700030689,0,07,000,00,2,4,02,B01
200700030690,0,01,000,00,2,1,01,A01
200700030690,0,07,000,00,0,7,01,B01
200700030691,0,30,000,00,2,1,01,B01
200700030691,0,07,000,00,0,8,15,A01
200700030692,0,07,000,00,0,1,19,A01
200700030692,0,07,000,00,0,1,01,B01
200700030693,0,33,000,03,0,0,01,A01
200700030694,0,07,000,00,2,3,01,B01
200700030694,0,07,000,00,2,1,01,A01
200700030695,0,10,000,00,1,1,01,A01
200700030696,0,07,000,00,2,3,13,A01
200700030696,0,10,000,00,2,3,01,B01
200700030697,0,02,000,00,2,9,21,B01
200700030697,0,07,000,00,2,3,09,A01
200700030698,0,07,000,00,2,3,17,A01
200700030698,0,07,000,00,2,3,15,B01
200700030699,0,07,000,00,1,2,01,A01
200700030700,0,07,000,00,2,7,01,A01
200700030700,0,01,000,00,2,8,01,B01
200700030701,0,07,000,00,1,1,01,A01
200700030702,0,33,000,00,2,1,02,A01
200700030702,0,30,000,00,2,6,01,B01
200700030703,0,32,000,00,2,1,02,A01
200700030703,0,07,000,00,2,5,16,B01
200700030704,0,07,000,00,1,1,17,A01
200700030705,0,07,000,00,2,1,01,A01
200700030705,0,07,000,00,0,4,23,B01
200700030706,0,07,000,00,2,1,01,A01
200700030706,0,07,000,00,0,4,23,B01
200700030707,0,30,000,00,2,1,01,A01
200700030707,0,07,000,00,2,3,15,B01
200700030708,0,01,000,00,2,1,01,A01
200700030708,0,07,000,00,0,4,23,B01
200700030709,0,30,000,00,2,1,01,A01
200700030709,0,07,000,00,0,4,23,B01
200700030710,0,10,000,00,1,0,01,A01
200700030711,0,14,000,00,2,2,01,A01
200700030711,0,01,000,00,2,3,01,B01
200700030712,0,13,000,00,1,5,02,A01
200700030713,0,31,000,00,2,1,17,A01
200700030713,0,07,000,00,9,6,15,B01
200700030714,0,30,000,00,2,2,01,A01
200700030714,0,07,000,00,2,3,01,B01
200700030715,0,10,000,00,1,4,04,A01
200700030716,0,07,000,00,2,3,22,A01
200700030716,0,33,000,00,2,7,02,B01
200700030717,0,07,000,00,2,8,02,B01
200700030717,0,07,000,00,2,1,15,A01
200700030718,0,33,000,00,2,6,02,A01
200700030718,0,07,000,00,2,6,15,B01
200700030719,0,99,000,00,1,1,01,A01
200700030720,0,07,000,00,2,1,01,A01
200700030720,0,32,000,00,2,2,01,B01
200700030720,0,07,000,00,2,6,01,C01
200700030721,0,07,000,00,1,6,04,A01
200700030722,0,07,000,00,1,3,01,A01
200700030723,0,07,000,00,2,5,23,A01
200700030723,0,01,000,01,0,1,00,B01
200700030724,0,07,000,00,2,3,15,A01
200700030724,0,01,000,00,2,1,01,B01
200700030725,0,33,000,00,2,1,00,A01
200700030725,0,07,000,00,2,8,00,B01
200700030726,0,07,000,00,2,1,00,A01
200700030726,0,30,000,00,2,1,01,B01
200700030727,0,07,000,00,1,2,01,A01
200700030728,0,07,000,00,2,8,15,A01
200700030728,0,02,000,00,2,2,17,B01
200700030729,0,37,001,00,2,1,00,A01
200700030729,0,10,000,00,2,6,00,B01
200700030730,0,10,000,00,1,2,01,A01
200700030730,0,01,000,00,2,4,19,B01
200700030731,0,10,000,00,2,2,01,B01
200700030731,0,02,000,00,2,1,16,A01
200700030732,0,02,000,00,2,1,01,B01
200700030732,0,07,000,00,2,3,15,A01
200700030733,0,01,000,00,2,1,01,B01
200700030733,0,07,000,00,2,8,23,A01
200700030734,0,10,000,00,2,1,01,A01
200700030734,0,10,000,00,2,1,10,B01
200700030735,0,33,000,00,1,1,01,A01
200700030736,0,99,000,00,1,4,04,A01
200700030737,0,07,000,00,0,8,10,A01
200700030737,0,33,000,00,2,1,02,B01
200700030738,0,07,000,00,2,1,05,A01
200700030738,0,32,000,00,2,1,02,B01
200700030739,0,02,000,01,0,1,01,A01
200700030740,0,31,000,00,1,1,01,A01
200700030740,0,07,000,00,1,4,01,B01
200700030741,0,07,000,01,0,1,17,A01
200700030741,0,32,000,00,0,4,15,B01
200700030742,1,07,000,00,1,1,02,A01
200700030743,0,07,000,00,2,3,02,B01
200700030743,0,30,000,00,2,1,02,A01
200700030744,0,32,000,00,2,1,02,A01
200700030744,0,07,000,00,0,4,23,B01
200700030745,0,02,000,00,2,1,01,A01
200700030745,0,07,000,00,2,4,01,B01
200700030746,0,14,000,00,2,4,01,A01
200700030746,0,07,000,00,2,4,23,B01
200700030747,0,07,000,00,2,4,01,A01
200700030747,0,10,000,00,2,1,01,B01
200700030748,0,33,000,00,2,1,01,A01
200700030748,0,07,000,00,2,4,01,B01
200700030749,0,07,000,00,1,1,01,A01
200700030750,0,30,000,00,2,1,01,A01
200700030750,0,07,000,00,2,5,23,B01
200700030751,0,31,000,00,2,3,17,A01
200700030751,0,07,000,00,2,3,01,B01
200700030752,0,07,000,00,2,2,01,A01
200700030752,0,07,000,00,2,4,02,B01
200700030752,0,07,000,00,2,4,02,C01
200700030753,0,33,000,00,2,4,16,B01
200700030753,0,07,000,00,2,1,01,A01
200700030754,0,07,000,00,2,1,01,A01
200700030754,0,07,000,00,2,4,01,B01
200700030755,0,07,000,00,2,3,15,A01
200700030755,0,33,000,00,2,2,17,B01
200700030756,0,33,000,00,2,1,17,A01
200700030756,0,07,000,00,2,1,01,B01
200700030757,0,02,000,00,2,1,17,A01
200700030757,0,07,000,00,2,3,15,B01
200700030758,0,07,000,00,2,2,15,A01
200700030758,0,07,000,00,2,1,01,B01
200700030759,0,07,000,00,2,2,01,A01
200700030759,0,07,000,00,2,1,01,B01
200700030760,0,07,000,11,0,3,01,A01
200700030761,0,07,000,00,1,4,04,A01
200700030762,0,10,000,00,1,1,01,A01
200700030763,0,07,000,00,2,3,10,A01
200700030763,0,33,000,00,2,1,01,B01
200700030764,1,07,000,00,2,0,01,A01
200700030764,0,02,000,00,2,4,15,B01
200700030765,0,30,000,00,2,1,01,A01
200700030765,0,07,000,00,2,4,01,B01
200700030766,0,07,000,00,1,4,20,A01
200700030767,1,07,000,01,1,2,01,A01
200700030767,0,07,000,00,2,6,23,B01
200700030768,0,33,000,00,2,7,17,A01
200700030768,0,07,000,00,2,3,15,B01
200700030768,0,07,000,00,2,1,01,C01
200700030769,0,31,000,00,1,1,17,A01
200700030770,0,30,000,00,1,1,01,A01
200700030771,0,07,000,00,2,3,10,A01
200700030771,0,33,000,00,2,1,01,B01
200700030772,0,07,000,00,2,3,01,B01
200700030772,0,01,000,00,2,1,05,A01
200700030773,0,20,000,00,1,2,16,A01
200700030774,0,30,000,00,2,1,05,A01
200700030774,0,01,000,00,2,1,01,B01
200700030775,0,07,000,00,2,6,02,A01
200700030775,0,07,000,00,2,1,02,B01
200700030776,0,07,000,00,1,3,02,A01
200700030777,0,01,000,00,2,1,02,A01
200700030777,0,07,000,00,9,2,22,B01
200700030778,0,07,000,00,2,1,02,A01
200700030778,0,07,000,00,2,4,02,B01
200700030779,0,10,000,00,9,2,16,A01
200700030779,0,02,000,00,2,1,02,B01
200700030780,0,32,000,00,2,1,02,A01
200700030780,0,10,000,00,9,8,11,B01
200700030781,0,07,000,00,2,8,02,B01
200700030781,0,07,000,00,2,1,15,A01
200700030782,0,07,000,00,9,2,02,A01
200700030783,0,32,000,00,1,3,02,A01
200700030784,0,07,000,00,2,5,16,A01
200700030784,0,32,000,00,2,3,01,B01
200700030785,0,07,000,00,2,1,02,B01
200700030785,0,07,000,00,2,0,02,C01
200700030785,0,07,000,00,2,0,02,A01
200700030785,0,07,000,00,2,4,02,D01
200700030786,0,07,000,00,2,1,01,A01
200700030786,0,07,000,00,2,4,01,B01
200700030787,0,13,000,00,2,1,01,A01
200700030787,0,07,000,00,2,4,15,B01
200700030788,0,31,000,00,1,1,01,A01
200700030789,2,07,000,00,2,1,01,A01
200700030789,0,33,000,00,2,4,01,B01
200700030789,0,07,000,00,2,4,23,C01
200700030790,0,10,000,00,1,2,01,A01
200700030791,0,07,000,00,2,7,16,A01
200700030791,0,32,000,00,2,3,01,B01
200700030792,0,07,000,00,2,8,09,A01
200700030792,0,07,000,00,2,7,01,B01
200700030792,0,07,000,00,2,1,01,C01
200700030793,0,07,000,00,2,1,15,A01
200700030793,0,33,000,00,2,1,01,B01
200700030794,0,07,000,00,2,1,01,A01
200700030794,0,01,000,00,2,7,19,B01
200700030795,0,07,000,00,2,8,09,A01
200700030795,0,02,000,00,2,1,01,B01
200700030795,0,32,000,00,2,1,01,C01
200700030796,0,07,000,00,2,8,09,A01
200700030796,0,30,000,00,2,7,01,B01
200700030797,0,32,000,09,0,1,01,A01
200700030798,0,31,000,00,2,1,11,A01
200700030798,0,07,000,00,2,1,09,B01
200700030799,0,07,000,00,1,2,01,A01
200700030800,0,10,000,00,2,7,15,A01
200700030800,0,07,000,00,2,1,01,B01
200700030801,0,07,000,00,2,2,09,A01
200700030801,0,07,000,02,2,8,01,B01
200700030802,0,07,000,00,2,1,00,A01
200700030802,0,32,000,00,2,3,21,B01
200700030803,2,07,000,00,2,1,01,A01
200700030803,0,07,000,00,2,7,01,B01
200700030804,0,07,000,00,2,8,15,A01
200700030804,0,32,000,00,2,2,17,B01
200700030805,0,30,000,00,2,2,17,A01
200700030805,0,07,000,00,2,1,09,B01
200700030806,0,30,000,01,0,0,01,A01
200700030807,0,10,000,00,2,2,20,A01
200700030807,0,33,000,00,2,8,01,B01
200700030808,0,10,000,00,1,1,01,A01
200700030809,0,07,000,00,2,1,01,A01
200700030809,0,01,000,00,2,1,05,B01
200700030810,0,07,000,00,2,1,02,A01
200700030810,0,07,000,00,2,4,23,B01
200700030810,0,07,000,00,2,4,23,C01
200700030811,0,07,000,00,2,3,10,A01
200700030811,0,32,000,00,2,8,01,B01
200700030812,0,33,000,00,1,7,01,A01
200700030813,0,07,000,00,1,5,04,A01
200700030814,0,07,000,00,2,3,20,A01
200700030814,0,02,000,00,2,1,02,B01
200700030815,0,07,000,00,2,7,01,B01
200700030815,0,02,000,00,2,8,11,A01
200700030816,0,33,000,00,2,5,01,A01
200700030816,0,07,000,00,2,3,15,B01
200700030817,0,02,000,00,2,7,01,B01
200700030817,0,07,000,00,2,8,15,A01
200700030818,0,07,000,00,1,4,04,A01
200700030819,0,33,000,00,0,6,01,B01
200700030819,0,07,000,00,2,2,01,A01
200700030820,0,33,000,00,2,1,01,B01
200700030820,0,07,000,00,2,2,01,A01
200700030821,0,07,000,00,1,3,15,A01
200700030822,0,07,000,00,2,7,01,A01
200700030822,0,33,000,00,2,1,01,B01
200700030823,0,07,000,00,2,3,15,A01
200700030823,0,32,000,00,2,1,17,B01
200700030824,0,02,000,00,2,1,01,B01
200700030824,0,07,000,00,2,3,00,A01
200700030825,0,10,000,00,2,1,01,A01
200700030825,0,07,000,00,2,4,01,B01
200700030825,0,07,000,00,2,4,00,C01
200700030826,0,07,000,00,0,1,23,B01
200700030826,0,31,000,00,0,1,16,A01
200700030827,0,31,000,00,0,1,01,A01
200700030827,0,10,000,00,0,0,01,B01
200700030828,0,32,000,00,0,0,01,A01
200700030828,0,33,000,00,0,0,15,B01
200700030829,0,07,000,00,0,0,13,A01
200700030829,0,33,000,00,0,0,01,B01
200700030830,0,07,000,00,0,4,00,A01
200700030830,0,07,000,00,0,0,01,B01
200700030830,0,07,000,00,0,1,01,C01
200700030831,0,07,000,00,0,1,01,A01
200700030831,0,10,000,00,0,4,24,B01
200700030832,0,10,000,00,1,1,01,A01
200700030833,0,31,000,00,0,0,01,A01
200700030833,0,07,000,00,0,1,15,B01
200700030834,0,07,000,00,0,0,09,A01
200700030835,0,07,000,00,0,0,01,A01
200700030835,0,31,000,00,0,0,01,B01
200700030836,0,13,000,00,0,1,01,A01
200700030836,0,07,000,00,0,4,01,B01
200700030837,0,07,000,00,0,1,01,A01
200700030838,0,33,000,00,0,0,01,A01
200700030838,0,07,000,00,0,4,01,B01