Num_Acc,senc,catv,occutc,obs,obsm,choc,manv,num_veh
200700030839,0,32,000,00,0,0,01,A01
200700030839,0,10,000,00,0,3,01,B01
200700030840,0,07,000,00,1,1,01,A01
200700030841,0,07,000,00,0,1,01,A01
200700030842,0,33,000,00,2,2,02,A01
200700030842,0,07,000,00,2,6,02,B01
200700030843,0,07,000,00,2,2,15,A01
200700030843,0,02,000,00,2,1,01,B01
200700030844,0,07,000,14,9,4,02,B01
200700030844,1,13,000,00,2,7,01,A01
200700030845,0,30,000,00,2,3,02,A01
200700030845,0,07,000,00,9,2,16,B01
200700030846,0,07,000,00,2,3,15,A01
200700030846,0,32,000,00,2,2,17,B01
200700030847,0,07,000,00,2,1,02,A01
200700030847,0,07,000,00,0,4,00,B01
200700030848,0,07,000,00,9,1,01,A01
200700030848,0,01,000,00,0,0,00,B01
200700030849,0,07,000,00,2,2,00,A01
200700030849,0,07,000,00,2,1,01,B01
200700030850,0,07,000,00,2,2,10,A01
200700030850,0,33,000,00,2,1,01,B01
200700030851,0,30,000,00,1,1,01,A01
200700030852,0,07,000,00,1,1,00,A01
200700030853,0,07,000,00,2,3,02,A01
200700030853,0,07,000,00,2,4,02,B01
200700030854,0,07,000,00,0,0,04,A01
200700030855,0,07,000,00,1,1,00,A01
200700030856,0,07,000,00,2,2,02,A01
200700030856,0,07,000,00,2,6,23,B01
200700030857,0,02,000,00,2,1,02,A01
200700030857,0,07,000,00,2,4,02,B01
200700030858,0,02,000,00,2,3,00,A01
200700030858,0,07,000,00,2,3,16,B01
200700030859,0,10,000,00,2,8,15,A01
200700030859,0,30,000,00,2,1,01,B01
200700030860,0,07,000,00,1,4,04,A01
200700030861,0,07,000,00,2,1,20,A01
200700030862,0,07,000,00,1,1,02,A01
200700030863,0,07,000,08,2,1,02,A01
200700030863,0,07,000,00,2,1,19,B01
200700030864,0,30,000,00,1,1,02,A01
200700030865,0,31,000,00,2,1,01,A01
200700030865,0,07,000,00,2,4,09,B01
200700030866,0,07,000,00,1,3,01,A01
200700030867,0,07,000,00,2,4,01,B01
200700030867,0,07,000,00,2,1,01,A01
200700030868,0,07,000,00,2,1,02,A01
200700030868,0,30,000,00,2,4,02,B01
200700030869,0,07,000,00,2,1,16,A01
200700030869,0,31,000,00,2,8,01,B01
200700030870,0,07,000,00,2,2,15,A01
200700030870,0,31,000,00,2,1,01,B01
200700030871,0,01,000,00,2,2,19,A01
200700030871,0,07,000,00,9,7,01,B01
200700030872,0,07,000,00,2,2,01,A01
200700030872,0,31,000,00,2,8,01,B01
200700030873,0,07,000,00,0,4,01,A01
200700030873,0,10,000,00,2,1,02,B01
200700030873,0,33,000,00,2,2,02,C01
200700030874,0,38,000,00,1,3,01,A01
200700030875,0,02,000,00,2,8,01,A01
200700030875,0,07,000,00,2,1,01,B01
200700030876,0,07,000,00,2,1,10,A01
200700030876,0,10,000,00,2,4,01,B01
200700030877,0,07,000,00,2,1,02,A01
200700030877,0,07,000,00,2,5,23,B01
200700030878,0,07,000,00,2,1,20,A01
200700030878,0,33,000,00,2,1,01,B01
200700030879,0,30,000,00,1,1,01,A01
200700030880,0,07,000,00,1,4,04,A01
200700030881,0,07,000,00,0,0,15,A01
200700030881,0,33,000,00,0,0,21,B01
200700030882,0,07,000,00,2,1,01,A01
200700030882,0,07,000,00,2,1,01,B01
200700030883,0,30,000,01,0,1,02,A01
200700030884,0,07,000,00,0,0,17,A01
200700030884,0,33,000,00,0,0,01,B01
200700030884,0,01,000,00,0,0,01,C01
200700030885,0,07,000,00,2,3,10,A01
200700030885,0,33,000,00,1,1,17,B01
200700030886,0,07,000,00,2,7,10,A01
200700030886,0,33,000,00,2,1,02,B01
200700030887,0,01,000,00,2,1,02,A01
200700030887,0,07,000,00,2,5,23,B01
200700030888,0,30,000,00,0,0,01,A01
200700030889,0,33,000,15,0,7,01,A01
200700030890,0,31,000,00,2,1,02,A01
200700030890,0,07,000,00,2,5,23,B01
200700030891,0,07,000,00,1,4,04,A01
200700030892,0,07,000,00,1,2,01,A01
200700030893,0,01,000,00,0,1,01,A01
200700030894,0,07,000,00,2,1,01,B01
200700030894,0,07,000,00,2,3,01,A01
200700030895,0,07,000,00,2,1,02,A01
200700030895,0,10,000,00,2,4,02,B01
200700030896,0,31,000,00,2,1,17,A01
200700030896,0,07,000,00,2,1,17,B01
200700030897,0,07,000,00,2,1,02,A01
200700030897,0,07,000,00,2,4,23,B01
200700030897,0,07,000,00,2,4,23,C01
200700030897,0,32,000,00,2,7,23,D01
200700030898,0,31,000,15,0,1,14,A01
200700030899,0,10,000,00,2,8,10,A01
200700030899,0,30,000,00,2,3,17,B01
200700030900,0,33,000,05,0,2,00,A01
200700030901,0,07,000,00,1,4,20,A01
200700030902,0,07,000,00,1,2,01,A01
200700030903,0,30,000,00,2,4,10,A01
200700030903,0,07,000,00,2,1,01,B01
200700030904,0,07,000,00,2,3,17,A01
200700030904,0,07,000,00,0,6,02,B01
200700030905,0,14,000,00,1,1,02,A01
200700030906,0,07,000,00,1,2,01,A01
200700030907,0,07,000,00,2,1,15,A01
200700030907,0,30,000,00,2,1,01,B01
200700030908,0,01,000,00,2,0,00,A01
200700030908,1,07,000,00,2,0,15,B01
200700030909,0,07,000,00,2,1,01,B01
200700030909,0,07,000,09,2,7,01,A01
200700030910,0,20,000,09,2,1,02,A01
200700030910,0,10,000,00,2,6,02,B01
200700030910,0,07,000,00,0,2,01,C01
200700030910,0,32,000,09,0,6,24,D01
200700030911,0,02,000,00,2,3,01,A01
200700030911,0,07,000,00,2,7,01,B01
200700030912,0,02,000,00,2,1,17,A01
200700030912,0,07,000,00,2,6,01,B01
200700030912,0,07,000,00,2,6,01,C01
200700030913,0,07,000,00,2,1,01,B01
200700030913,0,07,000,00,2,7,19,A01
200700030914,0,07,000,15,0,1,00,A01
200700030915,0,32,000,04,0,7,01,A01
200700030916,0,07,000,00,9,1,01,A01
200700030916,0,33,000,00,0,4,15,B01
200700030917,0,33,000,00,0,8,15,A01
200700030918,0,33,000,00,0,4,12,A01
200700030918,0,10,000,00,0,1,00,B01
200700030919,0,07,000,00,1,6,04,A01
200700030920,0,10,000,00,2,7,16,B01
200700030920,0,30,000,00,2,1,16,A01
200700030921,0,07,000,00,2,4,04,A01
200700030921,0,31,000,00,2,1,02,B01
200700030922,0,33,000,00,2,2,02,A01
200700030922,0,07,000,00,2,3,02,B01
200700030923,0,01,000,00,2,8,15,B01
200700030923,0,33,000,00,9,1,02,A01
200700030924,0,32,000,01,0,1,02,A01
200700030924,0,07,000,00,0,4,24,B01
200700030925,0,14,000,00,2,2,15,A01
200700030925,0,14,000,09,1,1,02,B01
200700030926,0,10,000,00,1,2,01,A01
200700030927,0,32,000,00,2,3,00,A01
200700030927,0,10,000,00,2,0,00,B01
200700030928,0,07,000,00,1,2,00,A01
200700030929,0,32,000,00,0,0,00,A01
200700030929,0,07,000,00,0,0,00,B01
200700030930,0,02,000,00,1,1,02,A01
200700030931,0,33,000,00,2,6,02,B01
200700030931,0,32,000,00,2,2,02,A01
200700030932,0,07,000,00,2,1,01,A01
200700030932,0,07,000,00,0,5,10,B01
200700030933,0,07,000,00,1,3,02,A01
200700030934,0,15,000,00,2,8,13,A01
200700030935,0,07,000,00,0,0,00,A01
200700030936,0,07,000,00,2,8,13,A01
200700030936,0,31,000,00,2,7,17,B01
200700030937,0,07,000,00,2,1,02,A01
200700030937,0,07,000,00,2,9,02,B01
200700030937,0,07,000,00,0,4,02,C01
200700030938,1,01,000,00,1,7,01,A01
200700030939,0,30,000,00,2,1,01,B01
200700030939,0,07,000,00,2,7,02,A01
200700030940,0,07,000,00,2,1,01,B01
200700030940,0,07,000,00,2,3,01,A01
200700030941,0,07,000,00,2,1,00,A01
200700030941,0,07,000,00,2,3,01,B01
200700030942,0,07,000,00,1,1,01,A01
200700030943,0,37,001,00,1,2,01,A01
200700030944,0,30,000,00,0,0,01,A01
200700030945,0,07,000,00,2,1,15,B01
200700030945,0,32,000,00,2,7,01,A01
200700030946,0,07,000,00,1,2,02,A01
200700030947,1,30,000,00,0,4,02,A01
200700030948,0,07,000,06,0,1,00,A01
200700030949,0,31,000,00,2,5,00,A01
200700030949,1,07,000,00,0,0,00,B01
200700030950,0,07,000,03,0,1,12,A01
200700030951,0,07,000,01,0,9,02,A01
200700030952,0,10,000,00,2,1,15,A01
200700030952,0,33,000,00,2,1,01,B01
200700030953,0,07,000,00,0,6,01,A01
200700030953,0,32,000,00,2,1,02,B01
200700030954,0,10,000,00,0,4,02,B01
200700030954,0,33,000,00,2,1,02,A01
200700030955,0,07,000,00,2,4,01,A01
200700030955,0,32,000,00,2,1,02,B01
200700030956,0,07,000,00,1,1,02,A01
200700030957,1,30,000,00,1,1,00,A01
200700030958,0,07,000,00,2,3,13,A01
200700030958,0,33,000,00,2,1,02,B01
200700030959,0,07,000,00,1,3,07,A01
200700030959,0,07,000,00,2,2,15,B01
200700030960,0,07,000,00,0,4,02,A01
200700030960,0,07,000,00,2,1,02,B01
200700030961,0,07,000,00,2,2,09,A01
200700030961,0,33,000,00,2,3,00,B01
200700030962,0,07,000,00,1,5,01,A01
200700030963,0,07,000,00,2,1,00,A01
200700030963,0,07,000,00,2,6,00,B01
200700030964,0,07,000,00,9,2,12,A01
200700030964,0,01,000,00,2,1,13,B01
200700030965,0,33,000,00,2,1,01,A01
200700030965,0,30,000,00,2,1,09,B01
200700030966,0,33,000,00,0,1,01,A01
200700030966,1,07,000,00,0,0,16,B01
200700030967,0,07,000,00,0,5,00,A01
200700030967,0,07,000,00,2,3,11,B01
200700030968,0,33,000,01,1,1,02,A01
200700030969,0,07,000,00,2,1,00,A01
200700030969,0,07,000,00,2,1,00,B01
200700030969,0,07,000,00,0,4,00,C01
200700030970,0,07,000,00,1,5,02,A01
200700030971,0,07,000,00,1,1,00,A01
200700030972,0,07,000,00,2,1,01,A01
200700030972,0,01,000,00,2,1,05,B01
200700030973,1,13,000,00,2,7,02,A01
200700030973,0,33,000,00,2,8,02,B01
200700030974,0,37,000,00,2,3,09,A01
200700030974,0,07,000,00,0,4,20,B01
200700030975,0,07,000,01,0,7,02,A01
200700030976,0,07,000,00,0,1,02,A01
200700030976,0,07,000,00,0,5,23,B01
200700030977,0,07,000,00,0,4,02,A01
200700030977,0,07,000,00,2,1,00,B01
200700030977,0,07,000,00,2,1,00,C01
200700030978,0,07,000,00,2,1,00,A01
200700030978,0,07,000,00,2,8,00,B01
200700030979,0,07,000,00,1,1,00,A01
200700030980,0,99,000,00,0,4,00,A01
200700030980,0,32,000,00,2,1,00,B01
200700030981,0,14,000,00,0,4,00,B01
200700030981,0,14,000,00,2,1,02,A01
200700030982,0,07,000,00,2,2,15,A01
200700030982,0,07,000,00,2,3,01,B01
200700030983,0,07,000,00,2,7,02,A01
200700030983,0,07,000,00,2,6,02,B01
200700030983,0,07,000,00,2,6,02,C01
200700030983,0,07,000,00,2,4,02,D01
200700030984,0,07,000,00,2,2,11,A01
200700030984,0,07,000,00,2,3,02,B01
200700030985,0,07,000,00,0,2,02,A01
200700030986,0,07,000,00,0,4,02,B01
200700030986,0,07,000,00,2,1,02,A01
200700030987,0,07,000,00,2,1,02,A01
200700030987,0,07,000,00,0,4,01,B01
200700030988,0,07,000,00,1,1,01,A01
200700030989,0,07,000,00,2,2,01,A01
200700030989,0,07,000,00,2,1,19,B01
200700030990,0,07,000,01,1,1,01,A01
200700030991,0,31,000,00,2,1,16,A01
200700030991,0,07,000,00,2,1,01,B01
200700030992,0,07,000,00,2,1,19,A01
200700030992,0,07,000,00,2,2,01,B01
200700030993,0,02,000,00,2,1,01,A01
200700030993,0,07,000,00,2,4,19,B01
200700030994,0,02,000,00,2,1,01,A01
200700030994,0,07,000,00,2,4,20,B01
200700030995,0,02,000,00,2,1,01,A01
200700030995,0,07,000,00,2,2,01,B01
200700030996,0,33,000,12,0,0,01,A01
200700030997,1,07,000,00,2,0,00,A01
200700030997,0,30,000,00,2,1,01,B01
200700030998,0,07,000,00,2,1,19,A01
200700030998,0,07,000,00,2,8,01,B01
200700030999,0,07,000,00,2,6,15,A01
200700030999,0,33,000,00,2,1,17,B01
200700031000,0,07,000,00,1,1,01,A01
200700031001,0,37,029,00,1,1,02,A01
200700031002,0,33,000,00,1,3,01,A01
200700031003,0,07,000,00,2,4,02,A01
200700031003,0,07,000,00,0,4,02,B01
200700031004,0,07,000,00,0,1,01,A01
200700031004,0,07,000,00,0,4,01,B01
200700031005,0,30,000,00,2,1,09,A01
200700031005,0,07,000,01,0,3,01,B01
200700031006,0,07,000,00,2,0,00,A01
200700031006,0,30,000,00,2,0,00,B01
200700031007,0,07,000,00,2,3,15,A01
200700031007,0,07,000,00,2,1,01,B01
200700031008,0,07,000,00,1,2,02,A01
200700031009,0,07,000,01,2,8,01,B01
200700031009,0,07,000,00,2,2,01,A01
200700031010,0,07,000,15,0,2,09,A01
200700031011,0,07,000,00,2,1,01,B01
200700031011,0,07,000,00,2,2,01,A01
200700031012,0,07,000,00,2,7,00,B01
200700031012,0,07,000,00,2,1,00,A01
200700031013,0,07,000,00,2,1,02,A01
200700031013,0,07,000,00,2,8,15,B01
200700031014,0,07,000,00,1,3,02,A01
200700031015,0,07,000,15,0,2,02,A01
200700031016,0,07,000,01,0,2,01,A01
200700031017,0,07,000,00,2,2,20,A01
200700031017,0,33,000,00,2,8,01,B01
200700031018,0,07,000,00,2,1,02,A01
200700031018,0,07,000,00,0,4,02,B01
200700031019,0,07,000,00,2,3,15,A01
200700031019,0,33,000,01,2,2,17,B01
200700031020,0,33,000,00,1,1,18,A01
200700031021,0,07,000,00,2,1,00,A01
200700031021,0,07,000,00,2,1,00,B01
200700031022,0,13,000,06,0,1,01,A01
200700031023,0,33,000,00,0,0,01,A01
200700031024,0,07,000,00,0,1,02,A01
200700031024,0,07,000,00,0,4,02,B01
200700031025,0,07,000,00,2,1,01,A01
200700031025,0,07,000,00,0,1,01,B01
200700031026,0,07,000,00,0,0,21,A01
200700031026,0,32,000,00,0,0,21,B01
200700031027,1,07,000,00,0,0,02,A01
200700031027,0,02,000,00,0,4,02,B01
200700031028,0,07,000,00,2,1,02,A01
200700031028,0,07,000,00,2,8,02,B01
200700031029,0,07,000,00,1,1,01,A01
200700031030,0,07,000,00,0,8,10,A01
200700031030,0,07,000,00,0,3,01,B01
200700031031,0,07,000,00,0,4,01,B01
200700031031,0,33,000,00,0,4,01,A01
200700031032,0,01,000,00,2,1,01,B01
200700031032,0,07,000,00,2,3,01,A01
200700031033,0,07,000,00,2,2,15,B01
200700031033,0,07,000,00,2,3,01,A01
200700031034,0,07,000,00,2,1,01,A01
200700031034,0,07,000,00,2,8,20,B01
200700031035,0,07,000,00,2,3,01,A01
200700031035,0,07,000,00,2,2,01,B01
200700031036,0,31,000,09,0,7,02,B01
200700031036,0,07,000,00,0,0,16,A01
200700031037,0,32,000,00,2,7,01,A01
200700031037,1,07,000,00,2,5,04,B01
200700031038,0,33,000,00,2,3,01,A01
200700031038,0,07,000,00,0,5,01,B01
200700031039,0,07,000,00,2,3,15,A01
200700031039,0,32,000,16,0,8,02,B01
200700031040,0,07,000,00,1,2,02,A01
200700031041,0,30,000,00,1,1,02,A01
200700031042,0,20,000,00,1,1,00,A01
200700031043,1,13,000,01,1,0,16,A01
200700031044,0,07,000,00,1,1,00,A01
200700031045,0,33,000,00,2,1,01,B01
200700031045,0,07,000,00,2,7,00,A01
200700031046,0,07,000,00,1,3,01,A01
200700031047,0,07,000,00,0,2,00,A01
200700031047,0,07,000,00,0,8,00,B01
200700031048,0,02,000,00,0,1,00,A01
200700031048,0,07,000,00,0,5,02,B01
200700031048,0,07,000,00,2,3,00,C01
200700031049,0,01,000,00,0,1,01,A01
200700031049,0,07,000,00,2,8,15,B01
200700031050,0,07,000,00,9,7,12,A01
200700031050,0,30,000,00,2,8,02,B01
200700031051,1,33,000,00,1,1,01,A01
200700031052,0,07,000,11,0,3,01,A01
200700031053,0,33,000,00,2,1,00,A01
200700031053,0,07,000,00,9,1,00,B01
200700031054,0,33,000,00,2,8,19,B01
200700031054,0,07,000,00,0,1,19,A01
200700031055,0,07,000,00,9,1,01,A01
200700031055,0,01,000,00,2,5,19,B01
200700031055,1,07,000,00,0,0,00,C01
200700031056,0,07,000,00,1,2,01,A01
200700031057,0,02,000,00,2,1,01,A01
200700031057,0,07,000,00,2,6,15,B01
200700031058,0,07,000,08,0,1,01,A01
200700031059,0,07,000,00,0,7,01,A01
200700031059,0,07,000,00,0,1,01,B01
200700031060,0,07,000,00,2,7,17,A01
200700031060,0,01,000,00,2,8,01,B01
200700031061,0,07,000,00,2,3,13,A01
200700031061,0,31,000,00,2,5,02,B01
200700031062,0,10,000,00,1,8,02,A01
200700031063,0,07,000,00,2,3,15,A01
200700031063,0,07,000,00,2,3,01,B01
200700031064,0,07,000,00,0,2,01,A01
200700031065,0,33,000,00,0,2,11,A01
200700031065,0,07,000,00,0,3,15,B01
200700031066,0,07,000,14,2,1,06,A01
200700031066,0,07,000,00,0,2,23,B01
200700031067,0,07,000,00,2,3,02,A01
200700031067,0,07,000,00,0,4,02,B01
200700031068,0,07,000,00,2,8,15,A01
200700031068,0,31,000,00,2,7,01,B01
200700031069,0,07,000,00,2,7,15,A01
200700031069,0,30,000,00,2,1,01,B01
200700031070,0,05,000,00,1,1,01,A01
200700031071,0,01,000,00,2,1,00,B01
200700031071,0,07,000,00,9,5,00,A01
200700031072,0,07,000,00,1,3,02,A01
200700031073,0,02,000,00,2,1,02,A01
200700031073,0,07,000,00,0,4,02,B01
200700031074,0,02,000,00,2,1,15,A01
200700031074,0,07,000,00,2,3,01,B01
200700031075,0,07,000,00,2,8,11,A01
200700031075,0,33,000,00,2,1,17,B01
200700031076,0,07,000,00,0,3,15,A01
200700031076,0,30,000,00,2,2,17,B01
200700031077,0,07,000,00,2,3,10,A01
200700031077,0,07,000,00,2,3,01,B01
200700031078,0,14,000,00,2,2,01,A01
200700031078,0,33,000,01,0,7,03,B01
200700031078,0,37,001,00,0,8,00,C01
200700031079,1,07,000,00,1,0,02,A01
200700031080,0,07,000,00,1,2,01,A01
200700031081,0,01,000,00,1,1,01,A01
200700031082,0,07,000,00,0,9,02,A01
200700031083,0,07,000,00,2,8,15,A01
200700031083,0,34,000,12,2,1,17,B01
200700031084,1,02,000,00,1,0,01,A01
200700031085,0,07,000,00,1,2,01,A01
200700031086,0,07,000,00,2,1,01,A01
200700031086,0,07,000,00,2,3,15,B01
200700031087,0,30,000,00,2,3,01,B01
200700031087,0,07,000,00,2,2,11,A01
200700031088,0,07,000,00,2,1,01,A01
200700031088,0,07,000,00,2,4,01,B01
200700031089,0,31,000,00,1,1,01,A01
200700031090,0,07,000,00,2,6,01,A01
200700031090,0,01,000,00,2,1,01,B01
200700031091,0,07,000,00,1,1,01,A01
200700031091,0,07,000,01,1,5,00,B01
200700031092,0,07,000,00,1,7,01,A01
200700031093,0,07,000,00,1,0,01,A01
200700031094,0,03,000,00,2,3,01,A01
200700031094,0,30,000,00,2,1,01,B01
200700031095,0,07,000,00,1,2,01,A01
200700031096,0,07,000,00,1,3,01,A01
200700031097,0,02,000,00,2,2,01,A01
200700031097,0,07,000,00,2,2,01,B01
200700031098,0,07,000,00,2,1,15,A01
200700031098,0,34,000,00,2,1,01,B01
200700031099,0,07,000,00,2,1,01,A01
200700031099,0,37,001,00,2,4,01,B01
200700031100,0,33,000,00,2,2,11,A01
200700031100,0,07,000,00,2,3,00,B01
200700031101,0,10,000,00,0,2,00,A01
200700031101,0,01,000,00,0,1,00,B01
200700031102,0,07,000,00,0,0,00,A01
200700031103,0,07,000,00,2,3,01,A01
200700031103,0,07,000,00,0,5,02,B01
200700031104,0,07,000,00,2,5,00,B01
200700031104,0,32,000,00,2,1,00,A01
200700031105,0,07,000,00,2,1,02,A01
200700031105,0,07,000,00,2,4,02,B01
200700031105,0,07,000,00,2,4,02,C01
200700031106,0,07,000,06,0,1,00,A01
200700031107,0,07,000,00,0,1,00,A01
200700031108,0,32,000,01,2,6,12,A01
200700031108,0,07,000,00,0,2,02,B01
200700031109,0,07,000,00,2,7,13,A01
200700031109,0,07,000,15,2,2,01,B01
200700031110,0,32,000,00,1,1,03,B01
200700031111,0,07,000,00,2,5,09,A01
200700031111,0,32,000,00,2,1,16,B01
200700031112,0,07,000,00,2,1,09,A01
200700031112,0,07,000,00,0,4,23,B01
200700031113,0,07,000,00,2,1,02,A01
200700031113,0,07,000,00,2,4,23,B01
200700031113,0,07,000,00,0,4,23,C01
200700031114,0,07,000,00,1,1,01,A01
200700031115,0,07,000,00,0,1,06,A01
200700031115,0,07,000,00,2,6,00,B01
200700031116,0,07,000,08,0,1,02,A01
200700031117,0,07,000,00,2,1,01,B01
200700031117,0,07,000,00,2,7,01,A01
200700031118,0,07,000,00,2,1,02,A01
200700031118,0,07,000,00,2,9,02,B01
200700031118,0,07,000,00,2,4,02,C01
200700031119,0,07,000,01,1,1,00,A01
200700031120,0,07,000,12,2,1,01,B01
200700031120,0,07,000,00,2,7,10,A01
200700031121,0,07,000,00,1,3,01,A01
200700031122,0,10,000,00,0,6,01,A01
200700031122,0,33,000,00,2,5,02,B01
200700031123,0,07,000,00,0,4,02,A01
200700031123,0,07,000,01,0,1,02,B01
200700031124,0,33,000,00,2,3,00,A01
200700031124,0,33,000,00,2,1,00,B01
200700031125,0,01,000,00,2,0,05,A01
200700031125,0,07,000,00,9,3,01,B01
200700031126,0,33,000,00,2,1,00,A01
200700031126,1,07,000,00,0,0,00,B01
200700031127,0,33,000,00,2,1,02,A01
200700031127,0,07,000,00,2,7,00,B01
200700031128,1,01,000,00,0,0,00,A01
200700031129,1,07,000,00,0,0,00,A01
200700031130,0,07,000,00,2,1,00,A01
200700031130,0,34,000,00,2,7,00,B01
200700031131,0,07,000,00,2,1,01,A01
200700031131,0,07,000,00,2,2,09,B01
200700031132,2,10,000,00,0,0,00,A01
200700031132,0,07,000,00,0,0,00,B01
200700031132,0,33,000,00,0,0,00,C01
200700031133,0,32,000,00,2,7,00,A01
200700031133,1,07,000,00,0,0,00,B01
200700031134,0,07,000,00,0,2,01,A01
200700031135,0,07,000,02,0,0,00,A01
200700031136,2,07,000,00,2,1,21,A01
200700031136,0,07,000,00,2,3,01,B01
200700031136,0,07,000,00,2,8,00,C01
200700031137,0,33,000,00,0,1,01,A01
200700031137,0,07,000,00,0,6,01,B01
200700031138,0,10,000,00,2,7,12,A01
200700031138,0,33,000,00,0,8,21,B01
200700031139,0,07,000,00,2,0,02,A01
200700031139,0,07,000,00,2,1,15,B01
200700031140,0,07,000,00,2,1,02,A01
200700031140,0,99,000,00,2,4,02,B01
200700031141,1,99,000,00,2,1,02,A01
200700031141,0,07,000,00,2,4,02,B01
200700031141,0,07,000,00,2,4,02,C01
200700031141,0,07,000,00,0,4,02,D01
200700031142,0,02,000,00,2,1,01,A01
200700031142,0,07,000,00,9,3,11,B01
200700031143,0,07,000,00,2,3,01,B01
200700031143,0,01,000,00,2,1,19,A01
200700031144,0,07,000,00,0,8,15,A01
200700031144,0,01,000,00,0,1,02,B01
200700031145,0,07,000,15,0,1,01,A01
200700031146,0,07,000,00,0,7,02,B01
200700031146,0,01,000,00,0,1,03,A01
200700031147,0,02,000,00,2,1,01,A01
200700031147,1,02,000,00,2,1,00,B01
200700031148,0,07,000,00,0,3,15,B01
200700031148,0,33,000,00,2,7,17,A01
200700031149,0,07,000,00,2,3,13,A01
200700031149,0,07,000,00,2,3,01,B01
200700031150,0,01,000,00,0,1,01,A01
200700031151,0,01,000,00,2,0,19,A01
200700031151,0,07,000,00,0,3,02,B01
200700031152,0,07,000,00,1,2,01,A01
200700031153,0,07,000,00,1,0,01,A01
200700031154,0,07,000,00,2,1,01,A01
200700031154,0,01,000,00,2,8,19,B01
200700031155,0,07,000,00,2,1,15,A01
200700031155,0,33,000,00,2,1,01,B01
200700031156,0,07,000,00,2,3,01,A01
200700031156,0,07,000,00,2,3,15,B01
200700031157,0,07,000,00,1,1,01,A01
200700031158,0,30,000,00,2,4,02,A01
200700031158,0,07,000,00,2,4,02,B01
200700031159,0,07,000,00,2,1,01,B01
200700031159,0,07,000,00,2,1,17,A01
200700031160,1,07,000,00,1,0,00,A01
200700031161,0,07,000,00,1,7,17,A01
200700031162,0,10,000,00,2,8,10,A01
200700031162,0,30,000,00,2,1,17,B01
200700031163,0,07,000,00,1,1,01,A01
200700031164,0,01,000,00,2,7,01,B01
200700031164,0,10,000,00,2,3,09,A01
200700031165,0,07,000,00,2,7,15,A01
200700031165,0,07,000,00,2,1,01,B01
200700031166,0,07,000,00,2,3,01,A01
200700031166,0,07,000,00,2,8,15,B01
200700031167,0,07,000,00,2,1,01,A01
200700031167,0,07,000,00,2,4,23,B01
200700031168,0,07,000,00,2,3,01,A01
200700031168,0,07,000,00,2,8,15,B01
200700031169,0,02,000,00,2,1,01,A01
200700031169,0,07,000,00,2,2,15,B01
200700031170,0,07,000,00,2,1,01,A01
200700031170,0,01,000,00,2,8,00,B01
200700031171,0,07,000,00,2,3,19,A01
200700031171,0,05,000,00,2,1,01,B01
200700031172,0,07,000,00,2,7,02,B01
200700031172,0,07,000,00,2,1,02,A01
200700031173,0,05,000,00,2,0,03,A01
200700031173,0,07,000,00,2,2,01,B01
200700031174,0,07,000,00,2,1,01,B01
200700031174,0,07,000,09,2,9,01,A01
200700031175,0,07,000,00,2,7,15,A01
200700031175,0,07,000,00,2,1,01,B01
200700031176,0,07,000,00,2,0,15,A01
200700031176,0,33,000,00,2,0,01,B01
200700031177,0,07,000,01,0,0,00,A01
200700031178,1,07,000,00,2,3,01,A01
200700031178,0,07,000,00,2,2,01,B01
200700031179,0,02,000,00,2,1,01,A01
200700031179,0,07,000,00,2,1,01,B01
200700031180,0,33,000,00,2,7,00,A01
200700031180,0,07,000,00,0,6,00,B01
200700031181,0,07,000,00,1,1,01,A01
200700031182,0,07,000,00,2,3,01,B01
200700031182,0,07,000,00,2,3,15,A01
200700031183,0,33,000,00,0,4,00,A01
200700031183,0,07,000,00,0,4,00,B01
200700031184,0,07,000,00,2,4,23,B01
200700031184,0,07,000,00,2,1,02,A01
200700031185,0,33,000,00,2,1,05,A01
200700031185,0,07,000,00,2,8,15,B01
200700031186,0,31,000,00,1,2,01,A01
200700031187,0,07,000,00,1,1,01,A01
200700031188,0,07,000,00,2,4,11,A01
200700031188,0,32,000,00,2,8,17,B01
200700031189,0,07,000,00,2,2,01,A01
200700031189,0,07,000,00,2,1,01,B01
200700031190,0,07,000,00,1,0,15,A01
200700031191,0,33,000,00,2,2,17,A01
200700031191,0,07,000,00,2,2,15,B01
200700031192,0,02,000,00,2,1,05,A01
200700031192,0,07,000,00,2,1,05,B01
200700031193,0,07,000,00,2,8,11,A01
200700031193,0,07,000,00,2,2,01,B01
200700031194,0,34,000,00,2,1,17,A01
200700031194,0,07,000,00,2,3,15,B01
200700031195,0,10,000,00,2,1,02,A01
200700031195,0,07,000,00,2,4,02,B01
200700031196,0,07,000,00,2,1,13,A01
200700031196,0,33,000,00,2,1,21,B01
200700031197,1,07,000,00,0,2,00,B01
200700031197,0,02,000,00,2,1,01,A01
200700031198,0,07,000,00,2,4,23,C01
200700031198,0,07,000,00,2,4,23,B01
200700031198,0,07,000,00,2,1,02,A01
200700031199,0,07,000,00,2,1,02,B01
200700031199,0,07,000,00,2,4,02,A01
200700031200,0,07,000,00,2,3,00,B01
200700031200,0,07,000,00,2,3,17,A01
200700031201,0,30,000,00,2,0,00,B01
200700031201,0,07,000,00,0,0,15,A01
200700031202,0,07,000,00,2,4,02,B01
200700031202,0,07,000,00,2,1,02,A01