Num_Acc,senc,catv,occutc,obs,obsm,choc,manv,num_veh
200700031203,0,07,000,00,1,3,00,A01
200700031204,0,07,000,00,1,3,15,A01
200700031205,0,07,000,00,1,2,00,A01
200700031206,0,07,000,00,0,0,05,A01
200700031206,0,07,000,00,0,0,01,B01
200700031207,0,02,000,00,2,1,02,A01
200700031207,0,07,000,00,0,5,02,B01
200700031208,0,07,000,00,1,1,01,A01
200700031209,0,07,000,00,1,1,00,A01
200700031210,0,07,000,00,2,1,15,A01
200700031210,0,07,000,00,2,4,23,B01
200700031211,0,32,000,00,0,1,17,A01
200700031212,0,07,000,00,1,1,02,A01
200700031213,0,13,000,00,0,0,00,A01
200700031213,0,07,000,00,0,0,00,B01
200700031214,0,07,000,00,0,0,00,A01
200700031215,0,37,010,00,1,1,02,A01
200700031216,0,07,000,00,0,0,00,A01
200700031217,0,07,000,00,1,4,04,A01
200700031218,0,07,000,00,0,0,00,A01
200700031218,0,07,000,00,0,0,00,B01
200700031219,0,31,000,00,2,2,01,A01
200700031219,0,07,000,00,2,3,00,B01
200700031220,0,33,000,03,0,1,00,A01
200700031221,0,07,000,00,1,1,00,A01
200700031222,0,07,000,14,0,1,01,A01
200700031223,0,07,000,00,2,2,01,A01
200700031223,0,01,000,00,2,1,00,B01
200700031224,0,07,000,00,2,6,15,B01
200700031224,0,02,000,00,2,2,01,A01
200700031225,0,02,000,00,0,3,01,A01
200700031226,0,07,000,00,2,1,02,A01
200700031226,0,30,000,00,2,4,23,B01
200700031227,0,02,000,00,0,7,01,A01
200700031228,0,33,000,14,0,2,01,A01
200700031228,0,07,000,00,2,0,23,B01
200700031229,0,32,000,00,2,0,00,A01
200700031229,0,07,000,00,2,0,00,B01
200700031230,0,05,000,00,0,8,00,A01
200700031231,0,07,000,00,1,0,00,A01
200700031232,0,07,000,00,1,3,01,A01
200700031233,1,07,000,00,0,0,00,A01
200700031233,0,07,000,00,2,4,15,B01
200700031234,0,07,000,00,2,8,22,A01
200700031234,0,32,000,01,0,2,01,B01
200700031235,0,05,000,00,2,8,01,A01
200700031235,1,07,000,00,0,0,19,B01
200700031236,0,07,000,00,2,6,10,A01
200700031236,0,05,000,00,2,1,01,B01
200700031237,0,07,000,00,2,1,20,A01
200700031237,0,30,000,00,2,1,01,B01
200700031238,0,14,000,06,0,1,00,A01
200700031239,0,02,000,00,2,1,01,A01
200700031239,0,07,000,00,0,4,02,B01
200700031240,0,07,000,00,2,7,01,A01
200700031240,0,05,000,00,2,8,01,B01
200700031241,0,02,000,00,2,1,00,A01
200700031241,0,07,000,00,2,1,01,B01
200700031242,0,07,000,00,2,1,15,A01
200700031242,0,05,000,00,2,3,01,B01
200700031243,0,02,000,00,2,1,00,B01
200700031243,0,07,000,00,2,3,00,A01
200700031244,0,30,000,00,0,1,00,A01
200700031245,0,07,000,00,1,2,21,A01
200700031246,0,02,000,00,2,0,00,A01
200700031246,0,07,000,00,0,0,00,B01
200700031247,0,05,000,00,2,0,21,A01
200700031247,0,07,000,00,0,0,16,B01
200700031248,0,07,000,00,2,1,01,A01
200700031248,0,02,000,00,2,4,01,B01
200700031249,0,07,000,00,2,1,00,A01
200700031249,0,07,000,00,2,4,00,B01
200700031249,0,07,000,00,2,4,00,C01
200700031250,2,07,000,00,2,0,00,A01
200700031250,0,07,000,00,2,0,00,B01
200700031251,0,32,000,00,2,0,01,A01
200700031251,0,32,000,00,2,7,01,B01
200700031252,0,05,000,00,2,1,09,A01
200700031252,0,07,000,00,2,7,01,B01
200700031253,0,07,000,00,1,2,01,A01
200700031254,0,07,000,00,2,1,01,A01
200700031254,0,07,000,00,2,4,01,B01
200700031255,0,07,000,00,0,3,15,A01
200700031255,0,02,000,00,0,1,16,B01
200700031256,0,07,000,00,1,1,00,A01
200700031257,0,07,000,00,2,3,00,A01
200700031257,0,07,000,00,2,8,00,B01
200700031258,0,07,000,00,0,8,10,A01
200700031258,0,05,000,00,2,1,01,B01
200700031259,0,14,000,00,2,8,23,A01
200700031259,0,15,000,00,0,0,17,B01
200700031260,0,07,000,00,1,3,01,A01
200700031261,0,07,000,00,0,0,09,A01
200700031261,0,02,000,00,0,0,21,B01
200700031262,0,07,000,00,0,0,02,A01
200700031262,0,02,000,00,0,0,00,B01
200700031263,0,07,000,01,1,1,01,A01
200700031264,0,07,000,00,2,2,09,A01
200700031265,0,13,000,00,2,3,01,A01
200700031265,0,14,000,00,2,3,01,B01
200700031266,0,05,000,00,2,7,18,A01
200700031266,0,07,000,00,2,2,16,B01
200700031267,0,07,000,00,1,2,01,A01
200700031268,0,07,000,00,2,3,02,A01
200700031268,0,10,000,00,0,5,02,B01
200700031269,0,07,000,00,2,3,09,A01
200700031269,0,07,000,00,2,1,01,B01
200700031270,0,10,000,00,2,1,02,A01
200700031270,0,07,000,00,2,6,02,B01
200700031271,0,04,000,00,2,1,01,A01
200700031271,0,07,000,00,0,5,01,B01
200700031272,0,07,000,00,2,4,01,A01
200700031272,0,07,000,00,2,1,01,B01
200700031273,0,07,000,00,1,2,01,A01
200700031274,0,07,000,00,2,1,02,B01
200700031274,0,08,000,00,2,3,02,A01
200700031275,0,04,000,00,2,1,02,A01
200700031275,0,07,000,00,2,6,02,B01
200700031276,0,07,000,00,2,3,10,A01
200700031276,0,02,000,00,2,1,02,B01
200700031277,0,07,000,00,2,4,01,A01
200700031277,0,07,000,00,2,4,01,B01
200700031277,0,07,000,00,2,4,01,C01
200700031278,0,33,000,00,1,1,21,A01
200700031279,0,32,000,00,2,1,01,B01
200700031279,0,07,000,00,2,2,15,A01
200700031280,0,07,000,00,1,2,01,A01
200700031281,0,30,000,00,2,1,18,A01
200700031281,0,02,000,00,2,2,16,B01
200700031282,0,07,000,00,1,2,01,A01
200700031283,0,02,000,01,0,1,16,A01
200700031284,0,07,000,00,2,3,21,A01
200700031284,0,02,000,00,2,1,21,B01
200700031285,0,07,000,00,2,5,01,A01
200700031285,0,33,000,00,2,7,21,B01
200700031286,0,33,000,00,2,8,17,A01
200700031286,0,07,000,00,2,8,15,B01
200700031287,1,07,000,00,2,1,00,A01
200700031287,0,02,000,00,2,1,15,B01
200700031288,0,07,000,00,2,2,15,A01
200700031288,0,31,000,00,2,1,01,B01
200700031289,0,07,000,00,1,2,01,A01
200700031290,0,07,000,00,1,1,01,A01
200700031291,0,02,000,00,2,1,01,B01
200700031291,0,07,000,00,2,3,15,A01
200700031292,0,01,000,00,2,0,14,A01
200700031292,0,07,000,00,2,2,16,B01
200700031293,0,02,000,00,2,1,00,A01
200700031293,0,07,000,00,2,4,00,B01
200700031294,0,02,000,00,1,1,17,A01
200700031295,0,33,000,00,2,7,17,A01
200700031295,0,07,000,00,2,3,15,B01
200700031296,0,07,000,00,2,1,01,A01
200700031296,0,07,000,00,2,4,01,B01
200700031297,0,02,000,00,2,1,13,A01
200700031297,0,07,000,00,2,1,16,B01
200700031298,0,30,000,00,2,1,01,A01
200700031298,0,07,000,00,2,6,15,B01
200700031299,0,07,000,00,2,2,01,A01
200700031299,0,07,000,00,2,4,01,B01
200700031300,0,07,000,00,2,2,01,A01
200700031300,0,07,000,00,2,3,01,B01
200700031301,0,37,031,00,2,5,16,A01
200700031301,0,33,000,00,2,1,01,B01
200700031302,0,07,000,00,9,0,16,A01
200700031302,0,01,000,00,2,0,01,B01
200700031303,0,07,000,00,2,7,15,A01
200700031303,0,33,000,00,2,1,01,B01
200700031304,0,33,000,00,2,1,01,A01
200700031304,0,07,000,00,2,2,15,B01
200700031305,0,07,000,01,0,1,01,A01
200700031306,0,07,000,00,2,3,22,A01
200700031306,0,01,000,01,0,0,01,B01
200700031307,0,02,000,00,2,1,01,A01
200700031307,0,02,000,00,2,1,01,B01
200700031308,0,07,000,00,2,4,01,B01
200700031308,0,07,000,00,2,1,01,A01
200700031309,0,33,000,00,2,3,00,B01
200700031309,2,07,000,00,2,0,01,A01
200700031310,0,07,000,00,2,1,02,A01
200700031310,0,07,000,00,0,4,16,B01
200700031311,0,07,000,00,1,1,01,A01
200700031312,0,17,000,05,2,3,06,A01
200700031312,0,07,000,00,2,1,01,B01
200700031312,0,07,000,00,2,1,01,C01
200700031313,2,07,000,00,2,1,01,A01
200700031313,0,01,000,00,2,8,19,B01
200700031314,0,07,000,14,2,1,00,A01
200700031314,0,07,000,00,2,1,01,B01
200700031315,0,07,000,00,2,1,00,A01
200700031315,0,07,000,00,0,4,00,B01
200700031316,0,07,000,00,2,1,00,A01
200700031316,0,03,000,00,0,4,00,B01
200700031317,0,07,000,00,1,1,00,A01
200700031318,0,07,000,00,1,1,01,A01
200700031318,0,07,000,00,1,1,01,B01
200700031319,0,33,000,00,2,1,01,B01
200700031319,1,07,000,00,2,8,19,A01
200700031320,0,07,000,00,2,2,00,A01
200700031320,0,02,000,00,2,4,01,B01
200700031321,0,15,000,00,2,5,15,A01
200700031321,0,07,000,00,0,8,01,B01
200700031322,0,07,000,00,1,1,01,A01
200700031323,0,33,000,00,2,1,17,A01
200700031323,0,07,000,00,0,8,15,B01
200700031324,0,07,000,00,0,0,00,A01
200700031324,0,31,000,00,0,0,00,B01
200700031325,0,07,000,00,0,1,02,B01
200700031325,0,07,000,00,0,4,23,A01
200700031326,0,02,000,00,2,1,01,A01
200700031326,0,07,000,00,2,5,01,B01
200700031327,0,07,000,00,2,3,15,A01
200700031327,0,33,000,00,2,1,01,B01
200700031328,0,07,000,00,2,8,17,A01
200700031328,0,13,000,00,2,7,01,B01
200700031329,1,99,000,00,1,1,01,A01
200700031330,0,02,000,01,0,1,01,A01
200700031330,0,07,000,00,2,4,01,B01
200700031331,0,07,000,00,2,2,01,A01
200700031331,0,07,000,00,1,5,15,B01
200700031332,0,07,000,00,2,1,12,A01
200700031332,0,32,000,00,2,1,17,B01
200700031333,0,02,000,00,2,1,00,A01
200700031333,0,07,000,00,2,1,15,B01
200700031334,0,01,000,00,2,3,01,A01
200700031334,0,07,000,00,0,1,23,C01
200700031334,0,07,000,00,2,2,09,B01
200700031335,0,07,000,00,1,1,01,A01
200700031336,0,07,000,00,2,1,01,A01
200700031336,0,07,000,09,2,8,09,B01
200700031337,0,07,000,00,2,2,15,A01
200700031337,0,32,000,00,2,3,01,B01
200700031338,0,30,000,00,2,1,01,B01
200700031338,0,07,000,00,2,6,15,A01
200700031339,0,07,000,00,2,1,01,B01
200700031339,0,10,000,09,0,7,01,A01
200700031340,0,07,000,00,2,1,02,A01
200700031340,0,07,000,00,2,4,02,B01
200700031340,0,07,000,00,0,4,02,C01
200700031341,0,07,000,00,1,1,01,A01
200700031342,0,07,000,00,2,8,22,A01
200700031342,0,02,000,00,2,2,01,B01
200700031342,0,07,000,00,2,3,01,C01
200700031343,0,07,000,00,1,5,16,A01
200700031344,0,07,000,15,2,5,01,A01
200700031344,1,07,000,00,2,1,01,B01
200700031345,0,07,000,00,2,7,00,A01
200700031345,0,07,000,00,2,1,00,B01
200700031346,0,07,000,00,1,4,04,A01
200700031347,0,01,000,00,2,1,13,A01
200700031347,0,07,000,00,2,4,01,B01
200700031348,0,07,000,00,2,1,15,B01
200700031348,0,30,000,00,2,1,01,A01
200700031349,0,30,000,00,2,8,01,B01
200700031349,0,10,000,00,2,7,14,A01
200700031350,0,10,000,00,2,2,15,B01
200700031350,0,10,000,00,2,1,01,A01
200700031351,0,07,000,09,2,1,01,A01
200700031351,0,07,000,00,2,1,23,C01
200700031351,0,07,000,00,2,8,01,B01
200700031352,0,10,000,00,2,3,01,B01
200700031352,0,07,000,00,2,1,13,A01
200700031353,0,14,000,00,2,0,01,B01
200700031353,0,01,000,12,2,0,09,A01
200700031354,0,07,000,00,2,1,01,A01
200700031354,0,07,000,00,2,4,23,B01
200700031355,0,33,000,00,2,1,01,B01
200700031355,0,10,000,00,2,6,15,A01
200700031356,0,02,000,00,2,1,01,A01
200700031356,0,07,000,00,2,4,01,B01
200700031357,0,07,000,00,2,8,09,A01
200700031357,0,02,000,00,2,7,01,B01
200700031358,1,30,000,00,1,0,01,A01
200700031359,1,07,000,00,2,0,01,A01
200700031359,0,01,000,00,2,4,01,B01
200700031360,0,07,000,00,2,1,01,A01
200700031360,0,30,000,00,2,4,23,B01
200700031361,1,07,000,00,1,0,00,A01
200700031362,0,07,000,00,1,1,01,A01
200700031363,0,07,000,00,2,1,15,A01
200700031363,0,07,000,06,2,9,01,B01
200700031364,0,30,000,00,0,0,01,A01
200700031365,0,07,000,00,2,6,04,A01
200700031365,0,07,000,00,2,6,15,B01
200700031366,0,07,000,00,2,1,13,A01
200700031366,0,07,000,00,2,1,01,B01
200700031367,0,07,000,00,1,3,01,A01
200700031368,0,07,000,00,2,2,01,A01
200700031368,0,07,000,00,2,6,04,B01
200700031369,0,07,000,06,0,1,16,A01
200700031370,0,07,000,00,2,3,01,A01
200700031370,0,01,000,00,2,4,09,B01
200700031371,0,07,000,00,2,8,10,A01
200700031371,0,33,000,00,2,8,17,B01
200700031372,0,07,000,00,1,1,15,A01
200700031373,0,07,000,00,1,2,15,A01
200700031374,0,02,000,06,0,1,01,A01
200700031375,0,32,000,00,2,1,01,B01
200700031375,0,07,000,00,2,2,01,A01
200700031376,0,07,000,00,2,1,02,A01
200700031376,0,33,000,00,2,4,23,B01
200700031377,0,07,000,00,1,3,01,A01
200700031378,0,07,000,00,2,2,15,A01
200700031378,0,07,000,00,2,1,02,B01
200700031379,0,07,000,00,2,3,13,A01
200700031379,0,07,000,00,2,8,01,B01
200700031379,0,07,000,00,2,3,02,C01
200700031380,0,07,000,00,2,1,02,A01
200700031380,0,07,000,00,2,4,02,B01
200700031380,0,07,000,00,2,4,02,C01
200700031381,0,07,000,00,2,3,01,A01
200700031381,0,02,000,01,2,2,01,B01
200700031382,1,07,000,00,0,0,00,A01
200700031382,0,34,000,00,2,6,02,B01
200700031383,0,07,000,00,0,0,00,C01
200700031383,0,07,000,00,2,1,19,A01
200700031383,0,07,000,00,0,7,01,B01
200700031384,0,07,000,00,1,3,00,A01
200700031385,0,07,000,12,0,9,15,A01
200700031386,0,07,000,00,2,2,03,A01
200700031386,0,14,000,00,2,6,03,B01
200700031387,0,07,000,06,0,1,15,A01
200700031388,0,07,000,00,1,5,04,A01
200700031389,0,07,000,00,2,1,19,A01
200700031389,0,07,000,00,2,3,01,B01
200700031390,0,07,000,00,2,3,09,A01
200700031390,0,32,000,00,2,1,01,B01
200700031391,0,30,000,00,2,1,02,A01
200700031391,0,07,000,00,2,6,15,B01
200700031392,0,07,000,09,0,6,02,B01
200700031392,0,07,000,00,2,3,16,A01
200700031393,0,07,000,01,1,3,21,A01
200700031394,0,03,000,00,2,4,00,A01
200700031394,0,07,000,00,2,2,00,B01
200700031395,0,30,000,00,0,8,01,A01
200700031396,0,02,000,00,2,1,00,A01
200700031396,0,07,000,00,2,1,01,B01
200700031397,0,07,000,06,0,1,01,A01
200700031398,0,07,000,00,2,2,15,A01
200700031398,0,33,000,00,2,1,01,B01
200700031399,0,33,000,00,1,1,01,A01
200700031400,0,07,000,00,1,2,01,A01
200700031401,0,07,000,00,2,1,01,A01
200700031401,0,07,000,00,2,4,15,B01
200700031402,0,33,000,00,1,3,01,A01
200700031403,0,37,000,00,1,3,01,A01
200700031404,0,07,000,00,1,8,01,A01
200700031405,0,30,000,00,2,7,01,B01
200700031405,0,07,000,00,2,8,09,A01
200700031406,0,07,000,00,2,2,10,A01
200700031406,0,30,000,00,2,1,01,B01
200700031407,0,07,000,00,1,1,01,A01
200700031408,0,07,000,00,1,7,01,A01
200700031409,0,07,000,00,0,9,01,A01
200700031410,0,07,000,00,2,3,10,A01
200700031410,0,07,000,00,2,1,01,B01
200700031411,0,10,000,00,1,0,01,A01
200700031412,0,07,000,01,0,6,00,B01
200700031412,0,32,000,01,0,1,01,A01
200700031413,0,31,000,00,0,1,16,A01
200700031414,0,07,000,00,2,1,01,A01
200700031414,0,07,000,00,2,2,01,B01
200700031415,0,07,000,00,2,1,01,A01
200700031415,0,07,000,00,2,4,01,B01
200700031416,0,07,000,00,1,2,01,A01
200700031417,0,07,000,00,2,8,01,A01
200700031417,0,02,000,00,2,2,17,B01
200700031418,0,07,000,00,2,1,02,A01
200700031418,0,07,000,00,2,4,02,B01
200700031418,0,07,000,00,2,4,02,C01
200700031419,0,07,000,00,2,1,02,A01
200700031419,0,07,000,00,2,3,02,B01
200700031420,0,07,000,15,0,9,01,A01
200700031421,0,07,000,00,2,7,01,A01
200700031421,0,07,000,00,2,1,12,B01
200700031422,0,07,000,00,2,1,02,A01
200700031422,0,07,000,00,2,4,02,B01
200700031422,0,07,000,00,2,4,02,C01
200700031423,0,07,000,00,2,8,01,A01
200700031423,0,02,000,00,2,7,17,B01
200700031424,0,07,000,00,2,5,12,A01
200700031424,0,38,000,00,2,3,01,B01
200700031425,0,07,000,00,2,1,02,A01
200700031425,0,07,000,00,2,4,02,B01
200700031425,0,07,000,00,2,4,02,C01
200700031426,0,07,000,01,0,1,01,A01
200700031427,0,15,000,00,2,1,12,A01
200700031427,0,07,000,00,2,8,01,B01
200700031428,0,31,000,00,1,1,17,A01
200700031429,0,33,000,00,2,2,17,A01
200700031429,0,07,000,00,2,3,15,B01
200700031430,0,07,000,00,9,7,12,A01
200700031430,0,01,000,00,2,7,01,B01
200700031431,0,33,000,00,2,1,12,A01
200700031431,0,07,000,00,2,8,01,B01
200700031432,0,07,000,00,2,5,01,A01
200700031432,0,34,000,00,2,3,01,B01
200700031433,0,32,000,00,2,8,01,A01
200700031433,0,07,000,00,2,3,01,B01
200700031434,0,07,000,00,2,3,01,B01
200700031434,0,07,000,00,2,3,17,A01
200700031435,0,07,000,00,2,3,09,A01
200700031435,0,33,000,00,2,2,01,B01
200700031436,0,02,000,00,2,1,17,A01
200700031436,0,07,000,00,2,3,15,B01
200700031437,0,15,000,00,2,2,01,A01
200700031437,0,07,000,00,2,8,09,B01
200700031438,0,31,000,01,0,1,01,A01
200700031438,0,07,000,00,2,4,24,B01
200700031439,0,07,000,00,1,1,01,A01
200700031440,0,37,000,00,1,1,01,A01
200700031441,0,14,000,00,2,2,09,A01
200700031441,0,07,000,00,2,8,01,B01
200700031442,0,07,000,04,0,6,02,A01
200700031442,0,17,000,00,2,2,12,B01
200700031443,0,34,000,00,2,8,01,B01
200700031443,0,07,000,00,2,7,14,A01
200700031444,0,33,000,00,2,1,01,B01
200700031444,0,07,000,00,2,6,01,A01
200700031445,0,07,000,04,0,1,00,A01
200700031446,0,07,000,04,0,1,21,A01
200700031447,0,33,000,00,2,2,03,B01
200700031447,0,07,000,00,0,3,11,A01
200700031448,0,33,000,00,2,8,03,B01
200700031448,0,07,000,00,2,7,03,A01
200700031449,0,15,000,00,2,2,12,B01
200700031449,0,10,000,00,2,6,01,A01
200700031450,0,31,000,00,0,1,03,B01
200700031450,0,07,000,00,0,4,00,A01
200700031451,1,07,000,00,2,1,12,B01
200700031451,0,07,000,00,2,4,02,A01
200700031452,0,07,000,03,0,0,00,A01
200700031453,0,07,000,00,0,8,00,A01
200700031453,0,15,000,00,2,2,09,B01
200700031454,0,07,000,03,0,9,02,A01
200700031455,0,07,000,01,0,1,14,B01
200700031455,0,07,000,00,0,4,24,A01
200700031456,0,33,000,03,0,1,02,A01
200700031457,0,07,000,00,2,4,23,A01
200700031457,0,07,000,00,2,1,12,B01
200700031458,0,33,000,00,2,3,03,A01
200700031459,0,07,000,00,0,5,02,A01
200700031459,0,33,000,00,2,3,18,B01
200700031459,0,10,000,00,0,5,02,C01
200700031460,0,32,000,00,0,3,03,A01
200700031461,0,07,000,00,2,1,02,B01
200700031461,0,07,000,00,0,4,01,A01
200700031462,0,33,000,00,2,0,03,A01
200700031463,1,07,000,00,2,8,18,A01
200700031463,0,07,000,00,2,7,01,B01
200700031464,0,07,000,04,0,6,01,A01
200700031464,0,15,000,00,2,2,12,B01
200700031465,0,07,000,03,0,7,00,A01
200700031466,0,07,000,00,9,1,12,A01
200700031467,0,34,000,00,0,0,01,A01
200700031468,0,07,000,04,0,7,01,A01
200700031469,0,07,000,04,0,8,00,A01
200700031470,0,07,000,16,0,9,14,A01
200700031471,0,07,000,00,2,2,14,B01
200700031471,0,07,000,03,0,6,01,A01
200700031472,0,32,000,00,0,7,01,A01
200700031473,0,15,000,03,2,8,13,A01
200700031473,0,07,000,00,2,1,02,C01
200700031473,0,10,000,06,2,7,01,B01
200700031474,0,07,000,00,2,1,02,A01
200700031474,0,10,000,00,0,4,02,B01
200700031475,0,07,000,00,2,7,02,A01
200700031475,0,33,000,00,2,8,03,B01
200700031476,0,15,000,00,0,4,01,A01
200700031476,0,07,000,00,2,6,01,B01
200700031476,0,33,000,00,2,1,03,C01
200700031477,0,07,000,04,0,2,02,A01
200700031478,0,31,000,00,0,0,21,A01
200700031478,0,07,000,00,2,8,00,B01
200700031478,0,31,000,00,2,7,01,C01
200700031479,0,33,000,00,0,8,01,A01
200700031480,0,07,000,00,0,4,01,B01
200700031480,0,13,000,00,2,1,12,A01
200700031481,0,15,000,00,2,2,01,B01
200700031481,0,07,000,00,2,6,01,A01
200700031482,0,07,000,00,0,3,00,A01
200700031483,0,07,000,05,0,1,09,A01
200700031484,0,10,000,04,0,3,00,A01
200700031485,0,10,000,00,0,5,02,B01
200700031485,0,33,000,00,0,1,03,A01
200700031486,0,07,000,00,0,6,02,B01
200700031486,0,33,000,00,0,1,02,A01
200700031487,0,07,000,00,2,1,01,A01
200700031487,0,07,000,00,0,4,01,B01
200700031488,0,33,000,00,2,8,00,B01
200700031488,0,07,000,00,2,7,12,A01
200700031489,0,07,000,03,0,2,01,A01
200700031490,0,10,000,04,0,0,21,A01
200700031491,1,15,000,00,0,0,00,B01
200700031491,0,07,000,04,2,6,01,A01
200700031492,0,07,000,04,0,7,01,C01
200700031492,0,07,000,00,2,1,19,B01
200700031492,0,07,000,00,0,7,01,A01
200700031493,0,07,000,04,0,2,14,A01
200700031494,0,07,000,00,0,6,00,B01
200700031494,0,07,000,00,2,1,00,A01
200700031495,0,07,000,00,0,1,01,A01
200700031496,0,07,000,00,0,2,02,A01
200700031497,0,07,000,04,0,1,14,A01
200700031498,0,07,000,03,0,1,00,A01
200700031499,0,07,000,00,0,1,00,A01
200700031500,0,07,000,00,2,4,01,C01
200700031500,0,07,000,00,0,4,01,A01
200700031500,0,07,000,00,2,1,01,B01
200700031500,0,07,000,00,0,4,01,D01
200700031501,0,33,000,00,2,1,03,A01
200700031501,0,07,000,00,0,4,01,B01
200700031502,0,32,000,00,2,1,03,C01
200700031502,0,07,000,00,0,6,02,B01
200700031502,0,07,000,00,0,2,02,A01
200700031503,0,32,000,00,2,1,03,B01
200700031503,0,07,000,00,0,7,02,A01
200700031504,0,07,000,04,0,2,02,A01
200700031505,0,07,000,00,2,4,02,A01
200700031505,0,07,000,00,2,4,02,F01
200700031505,0,07,000,00,2,1,02,E01
200700031505,0,07,000,00,2,4,02,D01
200700031505,0,07,000,00,2,4,02,C01
200700031505,0,10,000,00,2,4,02,B01
200700031506,0,07,000,04,0,9,09,A01
200700031507,0,07,000,00,0,4,01,A01
200700031507,0,07,000,00,2,1,02,B01
200700031508,0,07,000,03,0,2,01,A01
200700031509,0,33,000,04,0,3,00,A01
200700031510,0,07,000,00,2,1,02,B01
200700031510,0,07,000,00,2,2,00,A01
200700031511,0,07,000,00,0,6,02,B01
200700031511,0,33,000,00,2,1,02,A01
200700031512,0,10,000,00,2,1,02,B01
200700031512,0,07,000,00,0,4,00,A01
200700031513,0,07,000,00,2,6,11,B01
200700031513,0,32,000,00,2,2,01,A01
200700031514,0,07,000,03,0,1,18,A01
200700031515,0,07,000,00,0,1,00,A01
200700031515,0,07,000,00,0,4,00,F01
200700031515,0,07,000,00,0,4,00,E01
200700031515,0,07,000,00,0,4,00,D01
200700031515,0,07,000,00,0,4,00,C01
200700031515,0,07,000,00,0,4,00,B01
200700031516,0,07,000,00,2,0,01,A01
200700031516,0,07,000,00,2,0,01,B01
200700031516,0,15,000,00,2,0,01,C01
200700031516,0,14,000,00,2,0,01,D01
200700031516,0,15,000,00,2,0,01,E01
200700031517,0,07,000,00,0,1,00,A01
200700031518,0,07,000,00,2,2,12,B01
200700031518,0,33,000,00,2,8,03,A01
200700031519,0,07,000,00,2,1,01,A01
200700031519,0,07,000,00,2,4,01,B01
200700031519,0,07,000,00,0,4,01,C01
200700031520,0,07,000,15,0,2,00,A01
200700031521,0,07,000,00,2,1,02,A01
200700031521,0,07,000,00,0,4,01,B01
200700031522,0,07,000,04,0,2,01,A01
200700031523,0,33,000,00,2,0,01,A01
200700031523,0,07,000,00,0,0,11,B01
200700031524,0,07,000,01,0,4,02,B01
200700031524,0,33,000,00,2,1,02,A01
200700031525,0,07,000,00,2,1,02,A01
200700031525,0,07,000,00,2,4,01,B01
200700031525,0,07,000,00,0,4,01,C01
200700031526,0,07,000,00,0,4,02,B01
200700031526,0,07,000,00,0,1,02,A01
200700031527,0,07,000,04,0,9,01,A01
200700031528,0,07,000,00,0,1,00,B01
200700031528,0,07,000,00,0,3,00,A01
200700031529,0,07,000,03,0,1,01,A01
200700031530,0,07,000,00,0,2,02,A01
200700031531,0,07,000,04,0,1,01,A01
200700031532,0,07,000,04,0,7,00,A01
200700031533,0,07,000,00,2,1,02,A01
200700031533,0,07,000,00,2,4,01,B01
200700031533,0,07,000,00,0,4,01,C01
200700031534,1,07,000,00,2,3,11,A01
200700031534,0,33,000,00,2,2,01,B01
200700031535,0,10,000,00,0,2,00,A01
200700031536,0,07,000,04,2,1,21,C01
200700031536,0,07,000,04,9,3,21,B01
200700031536,0,07,000,04,0,1,02,A01
200700031537,0,07,000,00,2,8,02,B01
200700031537,0,15,000,00,2,2,12,A01
200700031538,0,07,000,03,0,3,01,A01
200700031539,0,07,000,15,0,0,02,A01
200700031540,0,07,000,00,0,1,02,A01
200700031541,0,07,000,03,0,1,01,A01
200700031542,0,07,000,00,0,4,00,B01
200700031542,0,33,000,00,2,1,21,A01
200700031543,0,07,000,00,2,1,00,B01
200700031543,0,07,000,00,2,1,00,A01
200700031544,0,07,000,00,2,1,21,A01
200700031544,2,07,000,00,0,4,23,B01
200700031545,0,07,000,00,0,0,01,A01
200700031546,0,10,000,01,0,1,02,B01
200700031546,0,07,000,03,0,4,23,A01
200700031547,0,15,000,00,0,8,00,B01
200700031547,0,07,000,00,0,0,00,A01
200700031548,0,07,000,04,0,7,00,A01
200700031549,0,07,000,00,2,2,14,B01
200700031549,0,34,000,00,2,3,21,A01
200700031550,0,07,000,00,2,8,00,A01
200700031550,0,33,000,00,2,2,00,B01
200700031551,0,07,000,00,0,4,00,D01
200700031551,0,07,000,00,0,6,00,C01
200700031551,0,07,000,00,0,3,00,B01
200700031551,0,07,000,01,0,9,00,A01
200700031552,0,07,000,00,2,1,21,C01
200700031552,0,07,000,00,0,4,02,B01
200700031552,0,07,000,00,2,1,02,A01
200700031553,0,07,000,00,0,6,09,A01
200700031553,1,15,000,00,0,0,00,B01
200700031554,0,07,000,00,2,5,12,B01
200700031554,0,33,000,00,2,8,03,A01
200700031555,0,07,000,04,0,2,00,A01
200700031556,0,14,000,00,2,7,12,B01
200700031556,0,07,000,00,2,8,01,A01
200700031557,0,34,000,00,2,1,03,B01
200700031557,0,07,000,00,2,4,12,A01
200700031558,0,07,000,00,2,4,02,E01
200700031558,0,07,000,00,2,4,02,D01
200700031558,0,07,000,00,2,4,02,C01
200700031558,0,13,000,00,2,4,02,B01
200700031558,0,16,000,00,2,1,02,A01
200700031559,0,15,000,00,2,2,01,B01
200700031559,0,07,000,00,2,7,09,A01
200700031560,0,07,000,00,0,0,01,D01
200700031560,0,07,000,00,2,4,01,C01
200700031560,0,07,000,00,2,4,01,B01