Num_Acc,senc,catv,occutc,obs,obsm,choc,manv,num_veh
200700031560,0,07,000,00,0,4,01,A01
200700031561,0,07,000,00,0,4,01,A01
200700031561,0,07,000,00,2,1,01,B01
200700031562,0,07,000,00,0,4,01,A01
200700031562,0,07,000,00,2,1,00,B01
200700031563,0,07,000,00,2,4,02,C01
200700031563,0,07,000,00,2,4,02,B01
200700031563,0,07,000,00,2,1,02,A01
200700031564,0,07,000,00,2,8,01,B01
200700031564,0,32,000,00,2,5,03,A01
200700031565,0,07,000,00,0,4,01,A01
200700031565,0,33,000,00,2,1,02,B01
200700031566,0,07,000,16,0,1,00,A01
200700031567,0,07,000,04,0,3,00,A01
200700031568,0,07,000,00,0,4,01,A01
200700031568,0,07,000,00,2,1,02,B01
200700031569,0,07,000,03,0,6,01,A01
200700031570,0,07,000,00,0,9,01,A01
200700031571,0,07,000,03,0,2,01,A01
200700031572,0,07,000,00,2,1,00,A01
200700031572,0,07,000,00,0,4,00,B01
200700031573,0,07,000,04,0,1,01,A01
200700031574,0,07,000,04,0,2,02,A01
200700031575,0,07,000,00,2,1,00,B01
200700031575,0,07,000,00,2,1,01,A01
200700031576,0,07,000,15,0,1,00,A01
200700031577,0,07,000,04,0,2,01,A01
200700031578,0,07,000,00,2,2,01,B01
200700031578,0,07,000,04,0,8,19,A01
200700031579,0,33,000,03,0,1,00,A01
200700031580,0,99,000,03,0,0,01,A01
200700031581,0,34,000,00,2,8,01,B01
200700031581,0,07,000,00,2,2,12,A01
200700031582,0,33,000,00,0,0,03,A01
200700031583,0,07,000,00,0,3,01,A01
200700031584,0,07,000,04,0,2,00,A01
200700031585,0,07,000,00,2,7,01,B01
200700031585,0,07,000,00,2,3,11,A01
200700031586,0,07,000,00,2,1,02,C01
200700031586,0,07,000,00,2,1,02,B01
200700031586,0,07,000,00,0,4,02,A01
200700031587,0,33,000,00,2,7,00,B01
200700031587,0,07,000,00,2,5,00,A01
200700031588,0,14,000,00,2,2,00,B01
200700031588,0,07,000,00,2,3,11,A01
200700031589,0,07,000,00,2,1,03,B01
200700031589,0,07,000,00,2,6,03,A01
200700031590,0,32,000,00,2,7,03,B01
200700031590,0,15,000,00,2,8,11,A01
200700031591,0,33,000,00,2,1,03,B01
200700031591,0,07,000,00,2,4,01,A01
200700031592,0,07,000,00,2,9,01,D01
200700031592,0,07,000,00,2,1,00,C01
200700031592,0,07,000,00,2,9,02,B01
200700031592,0,07,000,00,0,6,02,A01
200700031593,0,07,000,04,0,1,01,A01
200700031594,0,07,000,04,0,3,02,A01
200700031595,0,07,000,00,0,3,01,A01
200700031595,0,07,000,04,2,8,01,B01
200700031596,0,07,000,00,0,4,02,B01
200700031596,0,07,000,00,0,1,02,A01
200700031597,0,07,000,00,2,4,02,A01
200700031597,0,07,000,00,2,1,02,D01
200700031597,0,07,000,00,2,9,02,C01
200700031597,0,07,000,00,2,9,02,B01
200700031598,0,07,000,00,2,6,01,B01
200700031598,0,07,000,00,2,1,01,C01
200700031598,0,07,000,00,0,4,01,A01
200700031599,0,07,000,03,0,1,00,A01
200700031600,0,10,000,00,2,2,02,B01
200700031600,0,07,000,00,2,6,13,A01
200700031601,0,07,000,13,2,8,21,A01
200700031601,0,07,000,13,0,2,01,B01
200700031602,0,14,000,00,2,2,14,B01
200700031602,0,15,000,00,2,6,23,A01
200700031603,0,33,000,00,2,8,00,A01
200700031603,0,07,000,00,2,1,01,B01
200700031604,0,07,000,02,0,1,00,A01
200700031605,0,33,000,00,0,1,16,A01
200700031606,0,07,000,04,2,1,01,B01
200700031606,0,07,000,00,0,8,01,A01
200700031607,0,07,000,00,0,4,01,A01
200700031607,0,07,000,00,2,1,11,B01
200700031608,0,10,000,04,0,3,11,A01
200700031609,0,10,000,00,2,3,11,B01
200700031609,0,07,000,04,0,5,02,A01
200700031610,0,07,000,04,0,3,00,A01
200700031611,0,10,000,13,0,9,00,A01
200700031612,0,07,000,04,0,2,00,A01
200700031613,0,17,000,00,2,8,00,B01
200700031613,0,07,000,03,2,7,00,A01
200700031614,0,07,000,00,2,1,13,B01
200700031614,0,10,000,00,2,8,01,A01
200700031615,0,07,000,04,0,3,13,A01
200700031616,0,07,000,13,0,1,00,A01
200700031617,0,07,000,04,0,9,00,A01
200700031618,0,07,000,00,9,6,01,B01
200700031618,0,33,000,00,2,1,11,A01
200700031619,0,07,000,00,2,5,12,B01
200700031619,0,33,000,00,2,3,00,A01
200700031620,0,07,000,00,2,1,00,C01
200700031620,0,07,000,00,2,4,01,B01
200700031620,0,07,000,00,2,4,01,A01
200700031621,0,07,000,03,0,3,00,A01
200700031622,0,07,000,04,0,8,00,A01
200700031622,0,07,000,03,0,7,00,B01
200700031623,0,33,000,00,0,0,00,A01
200700031624,0,07,000,02,0,1,06,A01
200700031625,0,07,000,00,0,4,02,A01
200700031625,0,07,000,00,2,1,02,B01
200700031625,0,07,000,00,2,1,02,D01
200700031625,0,07,000,00,2,3,14,C01
200700031625,0,07,000,00,2,2,02,E01
200700031626,0,13,000,00,2,1,02,B01
200700031626,0,07,000,01,2,4,02,A01
200700031627,0,10,000,00,2,1,02,C01
200700031627,0,07,000,00,2,4,02,B01
200700031627,0,07,000,00,2,4,02,A01
200700031628,0,31,000,00,2,1,03,B01
200700031628,0,07,000,00,0,2,21,A01
200700031629,0,07,000,04,0,2,01,A01
200700031630,0,07,000,00,0,3,01,B01
200700031630,0,07,000,04,2,2,01,A01
200700031631,0,07,000,04,0,3,00,A01
200700031632,0,07,000,00,2,1,00,A01
200700031632,0,07,000,00,2,5,00,B01
200700031633,0,33,000,00,2,1,02,A01
200700031633,0,07,000,00,2,8,02,B01
200700031634,0,33,000,00,0,0,00,A01
200700031635,0,07,000,03,0,1,00,A01
200700031636,0,10,000,03,0,1,01,A01
200700031637,0,10,000,03,0,2,00,A01
200700031638,0,07,000,00,2,1,02,C01
200700031638,0,07,000,14,2,4,02,B01
200700031638,0,07,000,00,0,4,00,A01
200700031639,0,07,000,00,0,4,02,A01
200700031639,0,07,000,00,2,1,02,B01
200700031640,0,07,000,00,2,8,01,C01
200700031640,0,07,000,00,2,1,17,B01
200700031640,0,07,000,00,2,4,23,A01
200700031641,0,10,000,00,2,4,09,B01
200700031641,0,07,000,00,0,6,02,A01
200700031641,0,17,000,00,2,2,02,D01
200700031641,0,17,000,00,2,6,02,C01
200700031642,0,07,000,04,0,1,02,A01
200700031643,0,33,000,00,2,2,12,A01
200700031643,0,14,000,00,2,3,01,B01
200700031644,0,33,000,00,0,8,02,A01
200700031645,0,07,000,00,0,0,01,A01
200700031646,0,07,000,04,0,2,00,A01
200700031647,0,15,000,00,2,5,14,B01
200700031647,0,10,000,00,0,4,02,A01
200700031648,0,07,000,00,2,8,11,A01
200700031648,0,33,000,00,2,2,17,B01
200700031649,0,07,000,01,0,9,01,A01
200700031650,0,07,000,08,2,1,13,A01
200700031650,0,07,000,00,2,1,01,B01
200700031651,0,07,000,00,2,1,01,A01
200700031651,0,07,000,00,2,4,01,B01
200700031652,0,07,000,00,2,1,01,A01
200700031652,0,07,000,00,2,4,01,B01
200700031652,0,07,000,00,2,4,01,C01
200700031653,0,33,000,00,2,1,01,A01
200700031653,0,07,000,00,2,7,15,B01
200700031654,0,07,000,00,2,0,09,A01
200700031654,0,07,000,00,2,5,01,B01
200700031655,0,07,000,00,2,1,02,A01
200700031655,0,07,000,00,2,0,02,B01
200700031655,0,07,000,00,2,6,02,C01
200700031656,0,07,000,00,2,1,02,A01
200700031656,0,07,000,00,2,0,02,B01
200700031657,0,33,000,00,1,0,01,A01
200700031658,0,07,000,00,2,0,01,B01
200700031658,0,31,000,00,2,0,01,A01
200700031659,0,07,000,00,2,2,02,A01
200700031659,0,07,000,00,2,1,02,B01
200700031659,0,07,000,00,2,4,02,C01
200700031660,0,32,000,00,2,0,17,A01
200700031660,0,07,000,00,2,3,01,B01
200700031661,0,07,000,00,1,8,01,A01
200700031662,0,07,000,00,1,0,04,A01
200700031663,0,07,000,00,2,0,02,A01
200700031663,0,07,000,00,2,1,02,B01
200700031663,0,07,000,00,2,4,02,C01
200700031664,0,07,000,00,2,0,13,A01
200700031664,0,33,000,00,2,0,00,B01
200700031665,0,33,000,00,9,0,13,A01
200700031665,0,01,000,00,2,0,13,B01
200700031666,0,07,000,00,2,0,01,A01
200700031666,0,07,000,00,2,8,09,B01
200700031667,0,32,000,00,2,1,18,A01
200700031667,0,07,000,00,2,5,02,B01
200700031668,0,07,000,02,0,9,01,A01
200700031669,0,33,000,00,2,8,01,A01
200700031669,0,07,000,00,2,6,09,B01
200700031670,2,07,000,00,2,3,13,A01
200700031670,0,07,000,00,2,3,01,B01
200700031670,0,07,000,00,2,5,01,C01
200700031671,0,01,000,00,2,1,01,B01
200700031671,0,07,000,00,2,2,01,A01
200700031672,0,07,000,00,1,2,01,A01
200700031673,0,07,000,08,0,3,00,A01
200700031673,1,07,000,00,0,0,00,B01
200700031674,0,33,000,00,0,1,16,A01
200700031674,0,07,000,00,9,3,15,B01
200700031675,1,02,000,00,1,1,01,A01
200700031676,1,07,000,00,0,0,00,A01
200700031676,0,07,000,00,0,0,00,B01
200700031677,0,07,000,00,0,0,00,A01
200700031677,0,07,000,00,0,0,00,B01
200700031678,0,07,000,00,0,0,00,A01
200700031679,0,07,000,13,0,0,00,A01
200700031680,0,07,000,01,0,0,00,A01
200700031680,0,07,000,00,0,0,00,B01
200700031681,0,17,000,00,0,0,00,A01
200700031681,0,07,000,00,0,0,00,B01
200700031681,0,10,000,00,0,0,00,C01
200700031682,0,33,000,00,0,0,00,A01
200700031683,0,07,000,00,0,0,00,A01
200700031684,0,07,000,00,0,0,00,A01
200700031685,0,07,000,00,0,0,00,A01
200700031686,0,07,000,00,0,0,00,B01
200700031686,0,17,000,00,0,0,00,A01
200700031687,0,07,000,00,0,0,00,A01
200700031687,0,07,000,00,0,0,00,B01
200700031688,0,07,000,06,0,0,00,A01
200700031689,0,07,000,00,0,0,00,A01
200700031690,0,07,000,00,5,0,00,A01
200700031691,0,07,000,00,0,0,00,A01
200700031691,0,07,000,00,0,0,00,B01
200700031692,0,07,000,13,2,0,00,A01
200700031692,0,07,000,00,2,0,00,B01
200700031693,0,07,000,00,0,0,00,A01
200700031694,0,07,000,00,0,0,00,A01
200700031695,0,07,000,00,0,0,00,A01
200700031695,0,07,000,00,0,0,00,B01
200700031696,0,07,000,00,0,0,00,A01
200700031697,0,07,000,00,0,0,00,A01
200700031697,0,07,000,00,0,0,00,B01
200700031698,0,07,000,00,0,0,00,A01
200700031699,0,17,000,00,0,0,00,A01
200700031699,0,07,000,00,0,0,00,B01
200700031699,0,07,000,00,0,0,00,C01
200700031699,0,07,000,00,0,0,00,D01
200700031699,0,07,000,00,0,0,00,E01
200700031700,0,33,000,00,0,0,00,A01
200700031700,0,07,000,00,0,0,00,B01
200700031701,0,07,000,00,0,0,02,A01
200700031701,0,07,000,00,0,0,00,B01
200700031702,1,07,000,00,0,0,00,A01
200700031702,0,07,000,00,0,0,00,B01
200700031703,0,07,000,00,1,0,00,A01
200700031704,0,07,000,00,0,0,00,A01
200700031705,0,07,000,00,0,0,00,A01
200700031705,0,17,000,00,0,0,00,B01
200700031706,0,07,000,00,0,0,00,A01
200700031706,0,17,000,00,0,0,00,B01
200700031706,0,07,000,00,0,0,00,C01
200700031707,0,33,000,00,0,0,00,A01
200700031708,0,07,000,00,0,0,00,A01
200700031708,0,10,000,00,0,0,00,B01
200700031708,0,07,000,00,0,0,00,C01
200700031709,0,07,000,00,0,0,00,A01
200700031710,0,07,000,00,0,0,00,A01
200700031711,1,17,000,00,0,0,00,A01
200700031711,0,07,000,00,0,0,00,B01
200700031711,0,07,000,00,0,0,00,C01
200700031711,0,17,000,00,0,0,01,D01
200700031712,0,07,000,00,0,0,00,A01
200700031713,0,10,000,08,0,0,00,A01
200700031714,0,07,000,00,0,0,00,A01
200700031714,0,07,000,00,0,0,00,B01
200700031714,0,07,000,00,0,0,00,C01
200700031714,0,07,000,00,0,1,01,D01
200700031715,0,10,000,00,0,0,00,A01
200700031716,0,33,000,00,0,0,12,A01
200700031716,0,17,000,00,0,0,00,B01
200700031717,0,07,000,00,0,0,00,A01
200700031718,0,10,000,00,0,0,00,A01
200700031719,0,07,000,00,0,0,00,A01
200700031720,0,07,000,00,0,0,00,A01
200700031720,0,07,000,00,0,0,00,B01
200700031721,0,17,000,00,0,0,00,A01
200700031721,0,07,000,00,0,0,00,B01
200700031722,0,07,000,00,0,0,00,A01
200700031722,0,07,000,00,0,0,00,B01
200700031723,0,33,000,00,0,0,00,A01
200700031723,0,07,000,00,0,0,00,B01
200700031724,0,07,000,00,0,0,00,A01
200700031725,0,07,000,03,0,2,14,A01
200700031726,0,07,000,00,2,3,11,A01
200700031726,0,32,000,00,2,1,01,B01
200700031727,0,07,000,00,2,6,01,A01
200700031727,0,07,000,00,0,7,00,C01
200700031727,0,07,000,00,2,1,01,B01
200700031728,0,01,000,00,2,2,01,A01
200700031728,0,07,000,00,2,3,15,B01
200700031729,0,07,000,06,0,1,01,A01
200700031730,0,07,000,00,2,1,01,A01
200700031730,0,07,000,00,0,6,01,B01
200700031730,0,07,000,00,1,4,01,C01
200700031731,0,07,000,00,2,2,12,A01
200700031731,0,07,000,02,2,8,01,B01
200700031732,0,01,000,00,2,1,01,A01
200700031732,0,07,000,00,0,5,16,B01
200700031733,0,07,000,00,1,1,01,A01
200700031734,0,07,000,00,1,4,04,A01
200700031735,0,07,000,00,1,1,01,A01
200700031736,0,34,000,00,2,2,01,A01
200700031736,0,07,000,00,2,3,13,B01
200700031736,0,07,000,00,0,2,00,C01
200700031737,0,07,000,00,2,2,16,A01
200700031737,0,07,000,00,2,3,01,B01
200700031738,0,07,000,00,2,7,01,A01
200700031738,0,07,000,00,2,1,01,B01
200700031739,0,38,050,00,1,1,01,A01
200700031740,0,07,000,00,0,0,01,A01
200700031740,0,07,000,00,0,0,01,B01
200700031741,0,13,000,06,0,1,01,A01
200700031742,0,07,000,00,1,1,01,A01
200700031743,0,07,000,00,1,1,01,A01
200700031744,0,01,000,00,0,7,14,B01
200700031745,0,32,000,00,2,1,01,A01
200700031745,0,07,000,00,2,3,15,B01
200700031746,0,07,000,08,0,3,15,A01
200700031747,0,07,000,00,2,6,01,A01
200700031747,0,30,000,00,2,1,01,B01
200700031748,0,07,000,00,2,1,13,A01
200700031748,0,07,000,00,2,1,02,B01
200700031749,0,07,000,00,2,1,02,A01
200700031749,0,07,000,00,0,4,23,B01
200700031750,0,07,000,00,1,1,15,A01
200700031751,0,02,000,00,0,3,05,A01
200700031751,0,07,000,00,9,2,00,B01
200700031752,0,07,000,04,0,8,13,A01
200700031753,0,05,000,00,0,8,14,A01
200700031754,0,07,000,03,2,8,21,A01
200700031754,0,17,000,00,0,8,01,B01
200700031755,0,07,000,04,0,1,02,A01
200700031756,0,33,000,00,0,8,02,A01
200700031757,0,07,000,03,0,1,02,A01
200700031758,0,07,000,00,2,1,01,A01
200700031758,0,07,000,00,2,4,01,B01
200700031758,0,17,000,00,0,4,01,C01
200700031759,0,07,000,04,0,2,14,A01
200700031760,0,07,000,03,2,3,21,A01
200700031760,0,07,000,00,0,8,01,B01
200700031761,0,07,000,00,0,6,09,A01
200700031761,0,17,000,00,2,2,01,B01
200700031762,0,07,000,04,0,1,13,A01
200700031763,0,07,000,04,0,1,14,A01
200700031764,0,07,000,04,0,1,14,A01
200700031765,0,07,000,15,0,1,14,A01
200700031766,0,07,000,04,0,1,02,A01
200700031767,0,05,000,00,0,7,02,A01
200700031767,0,07,000,00,0,0,11,B01
200700031768,0,07,000,00,2,6,11,A01
200700031768,0,17,000,00,0,2,02,B01
200700031769,0,07,000,00,2,1,02,A01
200700031769,0,07,000,00,0,4,02,B01
200700031770,0,07,000,00,2,1,02,A01
200700031770,0,17,000,00,0,6,02,B01
200700031771,0,17,000,00,2,2,12,A01
200700031771,0,07,000,00,0,6,02,B01
200700031772,0,07,000,04,0,1,02,A01
200700031773,0,17,000,04,0,3,02,A01
200700031774,0,10,000,03,2,2,02,A01
200700031774,0,07,000,04,2,2,02,B01
200700031774,0,07,000,04,0,3,02,C01
200700031775,0,07,000,00,2,1,02,A01
200700031775,0,07,000,00,0,4,02,B01
200700031776,0,05,000,00,2,8,02,A01
200700031776,0,07,000,00,0,8,02,B01
200700031777,0,17,000,04,0,3,02,A01
200700031778,0,07,000,04,0,1,02,A01
200700031779,0,10,000,04,0,3,02,A01
200700031780,0,15,000,00,2,2,12,A01
200700031780,0,07,000,00,0,6,02,B01
200700031781,0,07,000,03,0,1,02,A01
200700031782,0,05,000,00,2,7,18,A01
200700031782,0,07,000,00,2,5,02,B01
200700031783,0,33,000,00,2,5,01,A01
200700031783,0,10,000,00,2,7,15,B01
200700031784,0,07,000,00,1,1,15,A01
200700031785,0,07,000,00,9,1,02,A01
200700031785,0,01,000,00,0,4,02,B01
200700031786,0,07,000,15,0,1,01,A01
200700031787,0,07,000,00,1,3,01,A01
200700031788,0,07,000,03,0,2,13,A01
200700031789,0,07,000,04,0,1,13,A01
200700031790,0,33,000,04,0,9,13,A01
200700031791,0,07,000,00,2,1,02,B01
200700031791,0,07,000,00,0,4,23,A01
200700031792,0,16,000,03,0,3,01,A01
200700031793,0,17,000,00,2,2,12,A01
200700031793,0,07,000,00,0,8,01,B01
200700031794,0,31,000,00,0,7,00,A01
200700031795,0,07,000,00,0,9,01,A01
200700031796,0,07,000,13,2,1,12,A01
200700031796,0,07,000,13,0,4,01,B01
200700031797,0,07,000,04,0,3,21,A01
200700031798,0,07,000,00,2,7,01,A01
200700031798,1,07,000,00,2,1,01,B01
200700031799,0,07,000,00,2,1,01,A01
200700031799,0,07,000,01,2,2,15,B01
200700031800,0,01,000,00,2,1,01,A01
200700031800,0,07,000,00,2,2,15,B01
200700031801,0,07,000,00,2,2,01,A01
200700031801,0,07,000,00,2,1,01,B01
200700031802,0,07,000,00,2,1,01,A01
200700031802,0,07,000,07,2,7,01,B01
200700031803,0,07,000,00,2,1,01,A01
200700031803,0,07,000,00,2,4,01,B01
200700031804,0,07,000,00,2,8,01,A01
200700031804,0,31,000,00,2,1,01,B01
200700031805,0,07,000,00,2,1,01,A01
200700031805,0,33,000,00,2,7,01,B01
200700031806,0,07,000,00,2,1,01,A01
200700031806,0,07,000,01,2,5,01,B01
200700031807,1,10,000,00,1,4,04,A01
200700031808,0,07,000,00,2,7,01,A01
200700031808,0,07,000,00,2,1,01,B01
200700031809,0,07,000,00,2,2,15,A01
200700031809,0,07,000,00,2,1,01,B01
200700031810,0,07,000,00,1,1,15,A01
200700031811,0,07,000,00,2,6,00,A01
200700031811,0,07,000,00,2,1,01,B01
200700031812,0,07,000,00,2,1,01,A01
200700031812,0,07,000,00,2,4,02,B01
200700031813,0,01,000,00,2,4,00,B01
200700031813,1,07,000,00,2,1,00,A01
200700031814,0,30,000,00,2,1,05,A01
200700031814,0,07,000,00,2,3,01,B01
200700031815,0,99,000,00,2,2,15,A01
200700031815,0,33,000,00,2,1,01,B01
200700031816,0,01,000,00,1,1,01,A01
200700031817,0,30,000,00,2,1,01,A01
200700031817,0,10,000,00,2,1,01,B01
200700031818,0,07,000,00,2,2,01,A01
200700031818,0,07,000,00,2,3,01,B01
200700031819,0,07,000,00,2,7,01,A01
200700031819,0,07,000,00,2,8,01,B01
200700031820,0,33,000,00,2,1,01,A01
200700031820,0,07,000,00,2,3,11,B01
200700031821,0,33,000,00,2,1,01,A01
200700031821,1,07,000,00,2,8,15,B01
200700031822,0,07,000,00,2,3,15,A01
200700031822,0,32,000,00,2,1,17,B01
200700031823,0,07,000,00,0,3,14,A01
200700031823,0,31,000,00,2,1,01,B01
200700031824,0,07,000,04,0,3,00,A01
200700031825,0,07,000,04,2,1,01,A01
200700031825,1,07,000,00,0,0,01,B01
200700031826,0,07,000,03,0,1,00,A01
200700031827,0,33,000,03,0,8,17,A01
200700031827,1,99,000,00,0,0,00,B01
200700031828,0,07,000,00,0,4,09,A01
200700031828,0,07,000,00,2,1,02,B01
200700031829,0,07,000,04,2,1,01,A01
200700031829,0,07,000,00,2,2,01,B01
200700031829,0,07,000,00,0,0,02,C01
200700031830,0,07,000,00,2,1,02,A01
200700031830,0,07,000,00,2,4,02,B01
200700031830,0,07,000,00,0,4,01,C01
200700031830,0,07,000,00,2,3,02,D01
200700031831,0,07,000,14,0,3,02,A01
200700031831,0,14,000,00,0,5,01,B01
200700031832,0,07,000,03,0,1,01,A01
200700031833,0,10,000,04,0,1,02,A01
200700031834,0,07,000,13,0,3,01,A01
200700031835,0,10,000,00,2,1,05,A01
200700031835,0,10,000,14,0,1,02,B01
200700031836,0,07,000,04,0,2,02,A01
200700031837,0,07,000,00,2,3,13,A01
200700031837,0,17,000,03,2,3,01,B01
200700031838,0,07,000,04,0,1,01,A01
200700031839,0,07,000,01,0,2,12,A01
200700031839,0,17,000,00,0,5,23,B01
200700031840,0,07,000,00,2,1,02,A01
200700031840,0,07,000,00,2,4,02,B01
200700031840,0,17,000,00,2,6,02,C01
200700031841,0,07,000,04,0,3,01,A01
200700031842,0,07,000,00,2,1,02,A01
200700031842,0,07,000,00,0,4,02,B01
200700031843,0,07,000,04,0,2,21,A01
200700031844,0,10,000,00,2,2,01,A01
200700031844,0,99,000,00,0,6,01,B01
200700031845,0,07,000,00,2,3,01,A01
200700031845,0,15,000,00,2,2,01,B01
200700031845,0,07,000,00,2,7,01,C01
200700031846,0,07,000,00,0,3,01,A01
200700031847,0,01,000,00,2,8,01,A01
200700031847,0,07,000,00,2,2,01,B01
200700031848,0,07,000,04,0,2,01,A01
200700031849,0,07,000,00,2,1,02,A01
200700031849,0,07,000,00,0,7,10,B01
200700031850,0,07,000,00,2,1,02,A01
200700031850,0,07,000,00,0,4,02,B01
200700031851,0,31,000,00,0,7,16,A01
200700031852,0,15,000,00,2,7,12,A01
200700031852,0,07,000,00,0,6,01,B01
200700031853,0,07,000,00,2,1,01,A01
200700031853,0,07,000,00,2,4,01,B01
200700031853,0,07,000,00,2,4,02,C01
200700031853,0,07,000,00,0,4,02,D01
200700031854,0,07,000,03,0,3,01,A01
200700031855,0,10,000,04,0,1,16,A01
200700031856,0,33,000,16,0,7,01,A01
200700031857,0,07,000,03,0,1,14,A01
200700031858,0,10,000,00,0,1,00,A01
200700031859,0,07,000,00,2,1,00,A01
200700031859,0,07,000,00,2,4,02,B01
200700031859,0,07,000,00,0,4,02,C01
200700031860,0,07,000,00,2,1,02,A01
200700031860,0,07,000,00,2,1,02,B01
200700031860,0,07,000,00,0,4,01,C01
200700031861,0,13,000,00,2,2,12,A01
200700031861,0,07,000,00,2,8,02,B01
200700031862,0,07,000,00,2,1,02,A01
200700031862,0,07,000,00,2,4,02,B01
200700031862,0,07,000,00,2,4,02,C01
200700031862,0,07,000,00,0,4,02,D01
200700031863,0,30,000,00,1,1,01,A01
200700031864,0,07,000,00,2,3,18,A01
200700031864,0,07,000,00,2,2,00,B01
200700031865,0,10,000,09,0,1,02,A01
200700031866,0,07,000,00,2,3,01,B01
200700031866,0,99,000,00,2,6,01,C01
200700031866,0,37,000,00,2,1,01,A01
200700031867,0,07,000,14,0,1,00,A01
200700031867,0,07,000,14,0,4,00,B01
200700031867,0,07,000,00,0,4,00,C01
200700031868,0,07,000,00,9,1,00,A01
200700031868,0,32,000,00,2,2,00,B01
200700031869,0,07,000,00,1,1,01,A01
200700031870,0,07,000,00,9,8,24,A01
200700031870,0,01,000,00,2,0,01,B01
200700031871,0,07,000,03,0,8,21,A01
200700031871,0,10,000,00,0,0,09,B01
200700031872,0,33,000,00,0,0,02,A01
200700031872,0,07,000,00,0,4,02,B01
200700031873,0,32,000,12,0,8,13,A01
200700031874,0,07,000,00,2,1,02,A01
200700031874,0,07,000,00,0,4,02,B01
200700031875,0,34,000,00,2,1,02,A01
200700031875,0,07,000,00,0,4,02,B01
200700031876,0,33,000,00,2,5,12,A01
200700031876,0,33,000,00,2,3,01,B01
200700031877,0,07,000,04,0,3,13,A01
200700031878,0,07,000,00,2,1,02,D01
200700031878,0,07,000,00,2,1,02,C01
200700031878,0,10,000,00,2,1,02,B01
200700031878,0,07,000,00,2,4,02,A01
200700031879,0,07,000,00,0,7,02,A01
200700031879,0,15,000,00,2,1,02,B01
200700031880,0,07,000,04,0,6,01,A01
200700031881,0,07,000,04,0,1,01,A01
200700031882,0,07,000,04,0,1,01,A01
200700031883,0,07,000,03,0,1,01,A01
200700031884,0,07,000,04,9,1,01,A01
200700031884,0,17,000,00,0,8,01,B01
200700031885,0,33,000,00,2,1,02,B01
200700031885,0,07,000,00,2,4,02,A01
200700031886,0,10,000,00,2,1,01,B01
200700031886,0,07,000,00,0,4,01,A01
200700031887,0,07,000,00,2,4,02,A01
200700031887,0,07,000,00,2,1,02,B01
200700031888,0,07,000,00,0,4,01,B01
200700031888,0,07,000,00,2,1,12,A01
200700031889,0,07,000,03,0,4,02,A01
200700031890,0,07,000,00,2,5,02,A01
200700031890,1,07,000,00,2,1,02,B01
200700031891,0,33,000,00,0,0,02,A01
200700031892,0,07,000,04,0,5,01,A01
200700031893,0,10,000,00,2,1,02,B01
200700031893,0,17,000,00,0,4,01,A01
200700031894,0,10,000,03,0,3,13,A01
200700031895,0,10,000,04,2,2,01,A01
200700031896,0,07,000,00,2,1,02,C01
200700031896,0,07,000,00,2,1,02,B01
200700031896,0,07,000,00,0,4,01,A01
200700031897,0,31,000,03,0,3,00,A01
200700031898,0,07,000,02,9,1,01,A01
200700031899,0,07,000,00,2,1,02,B01
200700031899,0,07,000,00,2,4,02,A01
200700031900,0,07,000,04,0,0,00,A01
200700031901,0,07,000,00,9,4,01,A01
200700031902,0,07,000,02,0,8,01,A01
200700031903,0,07,000,00,0,9,01,A01
200700031904,0,10,000,00,2,1,02,C01
200700031904,0,10,000,00,2,2,02,B01
200700031904,0,10,000,04,0,1,01,A01
200700031905,0,07,000,13,0,1,12,A01
200700031906,0,07,000,00,0,4,23,A01
200700031906,0,07,000,00,2,1,01,B01
200700031907,0,07,000,03,0,6,02,A01
200700031907,0,07,000,00,2,3,02,B01
200700031908,0,07,000,00,0,8,00,A01
200700031909,0,33,000,00,2,9,01,A01
200700031909,0,07,000,00,2,6,12,B01
200700031910,0,07,000,00,0,0,00,A01
200700031910,0,07,000,00,0,0,00,B01
200700031911,0,10,000,00,0,6,01,A01
200700031911,0,14,000,00,2,2,14,B01
200700031912,0,33,000,16,0,8,01,A01
200700031913,0,07,000,00,2,4,02,A01
200700031913,0,07,000,00,2,1,02,B01
200700031914,0,07,000,00,5,4,01,A01
200700031914,0,07,000,00,2,1,02,F02
200700031914,0,07,000,00,2,1,02,B01
200700031914,0,07,000,00,2,1,02,G02
200700031914,0,07,000,00,2,1,02,C01
200700031914,0,07,000,00,2,1,02,H02
200700031914,0,07,000,00,2,1,02,D01
200700031914,0,07,000,00,2,1,02,E01
200700031915,0,33,000,16,0,7,02,A01
200700031916,0,07,000,00,0,9,19,A01
200700031917,0,07,000,00,2,8,01,A01
200700031918,0,07,000,04,0,1,00,A01
200700031919,0,07,000,00,0,7,02,A01
200700031919,0,33,000,00,2,8,13,B01
200700031920,0,07,000,04,0,2,21,A01
200700031921,0,07,000,03,0,9,14,A01
200700031922,0,33,000,00,0,4,01,A01
200700031922,0,07,000,00,2,1,01,B01
200700031923,0,07,000,03,0,2,01,A01
200700031924,0,33,000,00,0,7,01,A01
200700031925,0,07,000,04,2,6,01,A01
200700031925,0,15,000,00,2,2,12,B01
200700031926,0,07,000,00,2,4,02,A01
200700031926,0,07,000,00,2,1,02,B01
200700031926,0,07,000,00,2,1,02,C01