Num_Acc,senc,catv,occutc,obs,obsm,choc,manv,num_veh
200700031927,0,07,000,00,0,5,00,A01
200700031927,0,07,000,00,2,3,02,B01
200700031927,0,07,000,00,2,1,02,C01
200700031928,0,07,000,00,0,1,01,A01
200700031929,0,07,000,00,2,6,03,A01
200700031929,0,07,000,04,2,6,03,B01
200700031930,0,33,000,15,0,1,00,A01
200700031931,0,07,000,00,2,1,02,A01
200700031931,0,07,000,13,0,4,01,B02
200700031932,0,07,000,00,2,1,13,A01
200700031932,0,10,000,00,2,3,01,B01
200700031933,0,02,000,00,2,1,17,A01
200700031933,0,07,000,00,2,3,01,B01
200700031934,0,07,000,00,1,3,01,A01
200700031935,0,07,000,00,1,2,00,A01
200700031936,0,07,000,00,2,1,01,A01
200700031936,0,07,000,00,0,4,02,B01
200700031937,0,07,000,04,0,3,02,A01
200700031938,0,07,000,00,2,1,02,A01
200700031938,0,07,000,00,2,4,02,B01
200700031938,0,07,000,00,2,6,02,C01
200700031939,0,07,000,05,0,2,02,A01
200700031940,0,34,000,00,2,1,02,A01
200700031941,1,07,000,00,0,0,23,F01
200700031941,0,07,000,00,0,4,02,E01
200700031941,0,07,000,00,2,1,02,D01
200700031941,0,07,000,00,2,1,02,C01
200700031941,0,07,000,00,2,4,02,B01
200700031941,0,07,000,00,2,1,02,A01
200700031942,0,07,000,03,0,7,01,A01
200700031943,0,32,000,00,0,3,17,A01
200700031944,0,07,000,00,2,1,02,B01
200700031944,0,07,000,00,2,4,02,A01
200700031945,0,32,000,00,2,3,03,B01
200700031945,0,07,000,00,2,7,12,A01
200700031946,0,32,000,00,2,2,17,B01
200700031946,0,07,000,00,2,3,06,A01
200700031947,0,37,044,00,0,6,00,C01
200700031947,0,07,000,00,0,5,00,B01
200700031947,0,32,000,00,2,1,00,A01
200700031948,0,07,000,04,0,1,01,A01
200700031949,0,07,000,04,0,1,01,A01
200700031950,0,10,000,07,0,1,14,A01
200700031951,0,07,000,00,2,4,02,D01
200700031951,0,07,000,00,2,4,02,C01
200700031951,0,07,000,00,2,4,02,B01
200700031951,0,07,000,00,2,1,02,A01
200700031952,0,07,000,00,2,1,02,D01
200700031952,0,07,000,00,2,1,02,C01
200700031952,0,07,000,00,2,1,02,B01
200700031952,0,07,000,00,2,1,01,A01
200700031953,0,33,000,00,2,8,01,B01
200700031953,0,07,000,00,2,5,09,A01
200700031954,0,07,000,00,0,1,00,A01
200700031955,0,07,000,00,0,4,02,B01
200700031955,0,07,000,00,2,3,02,A01
200700031956,0,07,000,04,0,1,02,A01
200700031957,0,07,000,04,0,1,01,A01
200700031958,0,33,000,00,0,3,03,A01
200700031959,0,15,000,00,2,1,01,B01
200700031959,0,07,000,01,2,3,00,A01
200700031960,1,99,000,00,0,0,00,A01
200700031960,0,33,000,00,9,1,00,B01
200700031961,0,07,000,00,2,4,02,B01
200700031961,0,10,000,00,2,1,02,A01
200700031962,0,07,000,04,0,2,02,A01
200700031963,0,07,000,04,0,2,01,A01
200700031964,0,07,000,00,2,4,23,D01
200700031964,0,07,000,00,2,4,23,C01
200700031964,0,07,000,00,2,4,23,B01
200700031964,0,07,000,00,2,1,02,A01
200700031965,0,33,000,00,2,0,02,B01
200700031965,0,07,000,00,2,0,12,A01
200700031966,0,07,000,02,0,1,01,A01
200700031967,0,02,000,00,2,1,01,A01
200700031967,0,01,000,00,2,1,05,B02
200700031968,0,07,000,00,2,7,15,A01
200700031968,0,33,000,00,2,2,01,B02
200700031969,0,07,000,00,2,6,06,A01
200700031969,0,30,000,00,2,2,17,B02
200700031970,0,02,000,00,2,3,16,A01
200700031970,0,15,000,00,0,6,01,B02
200700031971,0,07,000,06,0,3,01,A01
200700031972,0,33,000,16,0,8,15,A01
200700031973,0,07,000,13,0,7,01,A01
200700031974,0,07,000,00,2,0,01,A01
200700031974,0,07,000,00,2,1,15,B02
200700031975,0,07,000,02,0,8,01,A01
200700031976,0,07,000,00,0,0,01,A01
200700031977,0,01,000,00,2,8,01,B02
200700031977,0,07,000,00,9,2,16,A01
200700031978,0,07,000,00,2,8,01,A01
200700031978,0,07,000,00,2,1,01,B02
200700031979,0,33,000,00,2,8,01,A01
200700031979,0,10,000,00,2,2,02,B02
200700031980,0,01,000,00,0,8,13,A01
200700031980,0,10,000,00,0,8,01,B02
200700031981,0,07,000,08,0,6,01,A01
200700031982,0,07,000,00,1,3,01,A01
200700031983,0,07,000,00,2,1,15,A01
200700031983,0,02,000,00,2,8,14,B02
200700031984,0,02,000,01,0,1,14,A01
200700031984,0,07,000,00,0,4,24,B02
200700031985,0,15,000,00,0,3,01,A01
200700031985,0,07,000,00,0,2,01,B02
200700031986,0,17,000,00,2,1,01,A01
200700031986,0,07,000,00,2,8,13,B02
200700031987,0,07,000,00,2,1,13,A01
200700031987,0,10,000,00,2,1,01,B02
200700031988,0,07,000,02,0,1,01,A01
200700031989,0,10,000,13,0,6,21,A01
200700031990,0,07,000,01,0,1,19,A01
200700031991,0,07,000,02,0,1,05,A01
200700031992,0,07,000,00,0,0,00,A01
200700031992,0,07,000,00,0,1,00,B02
200700031992,0,07,000,00,0,2,23,C03
200700031993,0,07,000,00,0,0,00,A01
200700031993,0,07,000,00,2,8,01,B02
200700031994,0,10,000,00,2,8,15,A01
200700031994,0,33,000,00,2,1,01,B02
200700031995,0,07,000,00,2,8,01,A01
200700031995,0,07,000,00,2,1,19,B02
200700031995,0,07,000,00,2,1,23,C03
200700031995,0,07,000,00,2,3,23,D04
200700031996,0,33,000,00,0,0,01,A01
200700031997,0,01,000,00,2,1,00,A01
200700031997,0,07,000,00,2,3,01,B02
200700031998,0,07,000,13,0,2,01,A01
200700031999,0,07,000,00,2,8,15,A01
200700031999,0,02,000,00,2,2,17,B02
200700032000,0,30,000,00,2,1,01,A01
200700032000,0,07,000,00,2,1,01,B02
200700032001,0,07,000,00,2,2,13,A01
200700032001,0,17,000,00,2,3,21,B02
200700032002,0,31,000,00,2,1,19,A01
200700032002,0,07,000,00,2,1,01,B02
200700032003,0,07,000,00,2,3,01,A01
200700032003,0,30,000,00,2,1,17,B02
200700032004,0,07,000,00,0,5,15,A01
200700032004,0,33,000,00,0,1,01,B02
200700032005,0,07,000,02,0,2,00,A01
200700032006,0,33,000,00,0,1,01,B02
200700032006,0,07,000,16,0,6,19,A01
200700032007,0,07,000,00,0,3,01,A01
200700032007,0,07,000,00,0,3,00,B02
200700032008,0,33,000,00,0,0,01,A01
200700032009,0,07,000,00,2,2,01,A01
200700032009,0,01,000,00,0,8,01,B02
200700032010,0,02,000,00,0,0,01,A01
200700032011,0,07,000,00,2,3,01,B02
200700032011,0,07,000,00,2,5,19,A01
200700032012,0,07,000,00,1,2,01,A01
200700032013,0,07,000,02,0,3,01,A01
200700032014,0,07,000,00,2,8,19,A01
200700032014,0,07,000,00,2,3,01,B02
200700032015,0,33,000,00,2,7,17,A01
200700032015,0,07,000,00,2,8,15,B02
200700032016,0,07,000,13,0,1,01,A01
200700032017,0,02,000,00,2,7,01,A01
200700032017,0,13,000,00,2,1,01,B02
200700032018,0,07,000,00,2,1,15,A01
200700032018,0,30,000,00,2,1,01,B02
200700032019,0,07,000,00,2,3,19,A01
200700032019,0,02,000,00,2,1,01,B02
200700032020,0,07,000,00,0,8,19,A01
200700032020,0,07,000,00,0,1,01,B02
200700032021,0,33,000,00,2,2,21,A01
200700032021,0,07,000,00,2,2,15,B02
200700032022,0,02,000,08,0,1,01,A01
200700032023,0,07,000,00,2,8,21,A01
200700032023,0,30,000,00,2,8,01,B02
200700032024,0,07,000,00,2,7,19,A01
200700032024,0,07,000,00,2,1,01,B02
200700032025,0,07,000,16,0,1,01,A01
200700032026,0,07,000,00,0,6,16,A01
200700032026,0,02,000,00,2,1,01,B02
200700032027,0,07,000,00,2,1,21,A01
200700032027,0,07,000,00,2,1,17,B02
200700032027,0,07,000,00,2,2,01,C03
200700032028,0,07,000,00,2,2,15,A01
200700032028,0,02,000,00,2,1,21,B02
200700032029,0,31,000,06,0,1,00,A01
200700032030,0,07,000,00,2,1,01,A01
200700032030,0,07,000,00,2,3,01,B02
200700032031,0,07,000,00,0,0,00,A01
200700032031,0,10,000,00,2,2,01,B02
200700032032,0,07,000,00,2,1,01,B02
200700032032,0,07,000,00,2,7,19,A01
200700032033,0,30,000,01,0,1,00,A01
200700032034,0,07,000,15,6,2,21,A01
200700032035,0,07,000,00,2,1,01,A01
200700032035,0,07,000,00,2,7,19,B02
200700032036,0,07,000,00,2,1,19,A01
200700032036,0,07,000,00,2,8,01,B02
200700032037,0,36,000,01,0,1,01,A01
200700032038,0,07,000,00,2,1,01,A01
200700032038,0,01,000,00,2,8,19,B02
200700032039,0,07,000,00,0,9,01,A01
200700032040,0,07,000,00,1,2,01,A01
200700032041,0,33,000,13,0,7,01,A01
200700032042,0,07,000,00,2,3,13,A01
200700032042,0,07,000,00,2,6,00,B02
200700032043,0,33,000,00,2,1,21,A01
200700032043,0,33,000,00,0,4,01,B02
200700032044,0,33,000,06,0,1,14,A01
200700032045,0,07,000,00,2,3,11,A01
200700032045,0,07,000,00,2,7,13,B02
200700032046,0,02,000,00,2,1,01,A01
200700032046,0,02,000,00,2,8,01,B02
200700032047,0,07,000,00,2,3,13,A01
200700032047,0,07,000,00,2,3,21,B02
200700032048,0,02,000,01,0,1,01,A01
200700032049,0,07,000,00,2,3,15,A01
200700032049,0,33,000,00,2,1,01,B02
200700032050,0,07,000,08,0,3,01,A01
200700032051,0,07,000,08,0,2,01,A01
200700032052,0,07,000,16,0,1,01,A01
200700032053,0,31,000,00,1,1,01,A01
200700032054,0,07,000,00,0,0,00,A01
200700032055,0,10,000,00,2,3,01,A01
200700032055,0,02,000,00,2,1,15,B02
200700032056,0,07,000,00,0,9,01,A01
200700032057,0,10,000,16,0,3,01,A01
200700032058,0,07,000,00,2,8,01,A01
200700032058,0,02,000,00,2,1,19,B02
200700032059,0,07,000,06,0,3,00,A01
200700032060,0,32,000,00,2,1,23,A01
200700032061,0,07,000,00,2,1,17,A01
200700032061,0,07,000,00,2,8,15,B02
200700032062,0,07,000,00,2,1,13,A01
200700032062,0,07,000,00,2,1,01,B02
200700032063,0,36,000,12,0,1,00,A01
200700032064,0,07,000,00,2,3,13,A01
200700032064,0,07,000,00,2,3,01,B02
200700032065,0,07,000,00,2,5,13,A01
200700032065,0,07,000,00,2,5,01,B02
200700032066,0,07,000,00,2,3,01,A01
200700032066,0,07,000,00,2,3,01,B02
200700032067,0,07,000,06,0,1,02,A01
200700032068,0,07,000,00,2,4,02,A01
200700032068,0,07,000,00,2,1,02,B02
200700032069,0,07,000,08,0,1,02,A01
200700032070,0,07,000,13,0,3,13,A01
200700032071,0,07,000,00,2,3,01,A01
200700032071,0,07,000,00,2,3,01,B02
200700032072,0,33,000,15,0,1,15,A01
200700032073,0,30,000,00,0,0,01,A01
200700032074,0,07,000,00,1,1,16,A01
200700032075,0,31,000,00,0,7,19,A01
200700032075,0,07,000,00,2,2,19,B02
200700032076,0,31,000,12,0,1,02,A01
200700032077,0,07,000,00,2,7,01,A01
200700032077,0,33,000,00,2,1,01,B02
200700032078,0,10,000,00,2,2,17,A01
200700032078,0,10,000,00,2,3,15,B02
200700032079,0,07,000,08,0,1,01,A01
200700032080,0,07,000,00,0,9,01,A01
200700032081,0,07,000,00,2,1,01,A01
200700032081,0,07,000,00,2,1,17,B02
200700032082,0,07,000,01,0,3,05,A01
200700032082,0,07,000,01,0,4,24,B02
200700032083,0,30,000,05,0,1,01,A01
200700032084,0,07,000,02,0,7,00,A01
200700032085,0,15,000,04,0,1,21,A01
200700032086,0,07,000,08,0,8,17,A01
200700032087,0,07,000,00,2,1,15,A01
200700032087,0,07,000,00,2,3,01,B02
200700032088,0,07,000,00,2,1,01,A01
200700032088,0,02,000,00,2,7,19,B02
200700032089,0,07,000,00,2,7,13,A01
200700032090,0,01,000,00,2,8,01,A01
200700032091,0,33,000,13,0,0,00,A01
200700032091,0,33,000,13,0,0,21,B02
200700032092,0,07,000,00,2,1,01,A01
200700032092,0,01,000,00,2,8,01,B02
200700032093,0,07,000,06,0,1,01,A01
200700032094,0,33,000,00,2,1,01,A01
200700032094,0,07,000,00,2,6,09,B02
200700032095,0,07,000,00,2,8,01,A01
200700032095,0,07,000,00,2,7,13,B02
200700032096,0,02,000,00,2,8,13,A01
200700032096,0,07,000,00,2,3,01,B02
200700032097,0,07,000,00,2,3,10,A01
200700032097,0,02,000,00,2,1,01,B02
200700032098,0,07,000,02,0,1,01,A01
200700032099,0,02,000,00,0,0,01,A01
200700032100,0,35,000,00,0,6,00,A01
200700032101,0,07,000,06,0,3,01,A01
200700032102,0,07,000,00,2,1,01,A01
200700032102,0,10,000,00,2,1,05,B02
200700032103,0,07,000,00,2,2,09,A01
200700032103,0,31,000,00,2,0,17,B02
200700032104,0,07,000,00,2,3,01,A01
200700032104,0,01,000,00,2,1,19,B02
200700032105,0,07,000,00,2,8,15,A01
200700032105,0,33,000,00,2,7,17,B02
200700032106,0,07,000,00,0,3,01,A01
200700032107,0,07,000,02,0,1,14,A01
200700032108,0,07,000,00,2,7,19,B02
200700032108,0,07,000,00,2,3,23,C03
200700032108,0,33,000,00,2,1,01,A01
200700032109,0,07,000,00,2,1,01,A01
200700032109,0,33,000,00,2,7,01,B02
200700032110,0,10,000,00,9,3,01,A01
200700032110,0,02,000,00,2,0,13,B02
200700032111,0,10,000,00,2,3,01,A01
200700032111,0,31,000,00,2,1,11,B02
200700032112,0,07,000,00,2,1,13,A01
200700032112,0,07,000,00,2,1,01,B02
200700032113,0,07,000,00,2,1,19,A01
200700032113,0,33,000,00,2,7,21,B02
200700032114,0,10,000,00,2,3,01,A01
200700032114,0,10,000,00,2,1,01,B02
200700032115,0,07,000,00,0,9,01,A01
200700032116,0,07,000,08,0,8,17,A01
200700032117,0,17,000,00,0,8,01,A01
200700032118,0,30,000,00,2,7,01,A01
200700032118,0,07,000,00,9,0,15,B02
200700032119,0,03,000,13,0,2,01,A01
200700032120,0,07,000,00,2,6,17,A01
200700032120,0,33,000,00,2,3,01,B02
200700032121,0,07,000,00,2,1,19,C03
200700032121,0,07,000,00,2,1,01,A01
200700032121,0,17,000,00,2,8,01,B02
200700032122,0,02,000,00,2,1,02,A01
200700032122,0,07,000,00,2,6,02,B02
200700032123,0,36,000,02,0,1,01,A01
200700032124,0,07,000,08,0,3,02,A01
200700032125,0,02,000,00,2,1,01,A01
200700032125,0,07,000,00,2,2,01,B02
200700032126,0,07,000,00,9,2,17,A01
200700032126,0,01,000,00,2,4,01,B02
200700032127,0,07,000,03,0,3,21,A01
200700032128,0,07,000,00,2,3,01,A01
200700032128,0,33,000,00,2,1,01,B02
200700032129,0,17,000,00,2,3,01,A01
200700032129,0,07,000,04,2,8,15,B02
200700032130,0,07,000,00,2,1,01,A01
200700032130,0,07,000,00,2,8,19,B02
200700032131,0,07,000,00,2,1,01,A01
200700032131,0,07,000,00,2,7,19,B02
200700032132,0,07,000,03,0,2,01,A01
200700032133,0,14,000,00,0,6,24,A01
200700032133,0,14,000,01,0,2,21,B02
200700032134,0,07,000,08,0,9,01,A01
200700032135,0,07,000,00,1,1,15,A01
200700032136,0,33,000,02,0,9,12,A01
200700032137,0,35,000,00,2,4,01,A01
200700032137,0,14,000,00,2,2,01,B02
200700032138,0,07,000,00,2,3,01,A01
200700032138,0,35,000,00,2,9,14,B02
200700032139,0,07,000,00,2,3,00,A01
200700032139,0,07,000,00,2,3,00,B02
200700032140,0,07,000,00,0,3,01,A01
200700032140,0,07,000,00,2,3,01,B02
200700032141,0,07,000,00,0,4,01,A01
200700032141,0,07,000,00,2,1,13,B02
200700032142,0,07,000,00,0,8,19,B02
200700032142,0,07,000,00,0,1,01,A01
200700032143,0,02,000,00,2,1,01,B02
200700032143,0,07,000,00,0,8,01,A01
200700032144,0,07,000,00,2,8,19,A01
200700032144,0,07,000,00,2,1,01,B02
200700032145,0,20,000,00,0,4,23,A01
200700032145,0,02,000,01,0,1,02,B02
200700032146,0,07,000,13,0,9,01,A01
200700032147,0,07,000,00,1,2,01,A01
200700032148,0,30,000,00,2,1,13,A01
200700032148,0,07,000,00,9,3,01,B02
200700032149,0,07,000,00,2,3,13,A01
200700032149,0,07,000,00,2,3,01,B02
200700032150,0,07,000,14,5,8,21,A01
200700032151,0,07,000,00,2,3,19,A01
200700032151,0,16,000,00,0,0,00,B02
200700032152,0,07,000,00,2,2,01,A01
200700032152,0,07,000,00,2,1,01,B02
200700032153,0,07,000,08,0,2,01,A01
200700032154,0,07,000,00,1,3,01,A01
200700032155,0,07,000,00,2,3,01,B02
200700032155,0,07,000,00,2,7,01,A01
200700032156,0,07,000,00,2,3,13,A01
200700032156,0,15,000,00,2,3,21,B02
200700032157,0,33,000,00,2,1,17,A01
200700032157,0,10,000,00,2,6,15,B02
200700032158,0,07,000,00,1,1,01,A01
200700032159,0,33,000,00,0,1,02,A01
200700032159,0,07,000,00,0,4,23,B02
200700032160,0,07,000,13,0,3,11,A01
200700032161,0,07,000,00,0,0,00,A01
200700032161,0,07,000,00,2,4,15,B02
200700032162,0,07,000,14,0,1,02,A01
200700032162,0,07,000,14,0,9,02,B02
200700032163,0,07,000,13,2,4,01,A01
200700032163,0,07,000,00,2,3,01,B02
200700032164,0,33,000,12,0,1,01,A01
200700032165,0,07,000,00,2,3,15,A01
200700032165,0,02,000,00,2,1,01,B02
200700032166,0,07,000,00,2,3,13,A01
200700032166,0,07,000,00,2,3,01,B02
200700032167,0,31,000,00,2,5,13,A01
200700032167,0,07,000,00,2,2,19,B02
200700032168,0,07,000,02,0,2,01,A01
200700032169,0,07,000,00,2,2,15,A01
200700032169,0,31,000,00,2,7,01,B02
200700032170,0,07,000,00,2,1,13,A01
200700032170,0,14,000,00,2,3,01,B02
200700032171,0,01,000,00,2,8,13,A01
200700032171,0,07,000,00,9,2,17,B02
200700032172,0,07,000,00,0,7,15,A01
200700032172,0,02,000,00,0,1,01,B02
200700032173,0,07,000,00,2,3,13,A01
200700032173,0,07,000,00,2,3,01,B02
200700032174,0,30,000,00,2,7,01,B02
200700032174,0,14,000,00,0,0,00,C03
200700032175,0,07,000,00,2,2,01,A01
200700032175,0,07,000,00,2,3,19,B02
200700032176,0,07,000,00,9,2,17,A01
200700032176,0,01,000,00,2,1,01,B02
200700032177,0,07,000,00,0,4,01,A01
200700032177,0,07,000,00,2,1,02,B02
200700032177,0,07,000,00,0,4,01,C03
200700032177,0,10,000,00,2,1,02,D04
200700032177,0,07,000,00,0,4,01,E05
200700032177,0,07,000,00,2,1,02,F06
200700032178,0,32,000,00,2,8,01,A01
200700032178,0,21,000,00,9,6,01,B02
200700032179,0,02,000,01,0,1,01,A01
200700032179,0,10,000,00,0,3,23,B02
200700032180,0,07,000,00,0,2,17,A01
200700032180,0,07,000,00,0,6,01,B02
200700032181,0,07,000,00,2,1,01,A01
200700032181,0,07,000,00,2,1,00,B02
200700032182,0,17,000,00,1,2,01,A01
200700032183,0,14,000,00,2,1,01,A01
200700032183,0,17,000,00,2,4,15,B02
200700032184,0,10,000,00,2,1,01,A01
200700032184,0,10,000,00,2,7,01,B02
200700032185,0,10,000,00,2,3,13,A01
200700032185,0,07,000,00,2,3,01,B02
200700032186,0,07,000,00,1,2,01,A01
200700032187,0,07,000,00,2,2,09,A01
200700032187,0,01,000,00,2,1,13,B02
200700032188,0,07,000,00,2,3,13,A01
200700032188,0,07,000,00,2,3,01,B02
200700032189,0,02,000,00,2,1,17,A01
200700032189,0,10,000,00,2,3,15,B02
200700032190,0,07,000,00,2,3,13,A01
200700032190,0,07,000,00,2,8,01,B02
200700032191,0,07,000,00,2,1,05,A01
200700032191,0,38,000,00,2,1,01,B02
200700032192,0,07,000,00,2,1,05,A01
200700032192,0,15,000,00,2,1,05,B02
200700032192,0,07,000,00,2,1,02,C03
200700032193,0,07,000,00,2,1,01,A01
200700032193,0,02,000,00,0,7,01,B02
200700032194,0,07,000,00,2,3,01,A01
200700032194,0,38,000,00,2,3,01,B02
200700032195,0,32,000,00,2,1,13,A01
200700032195,0,07,000,00,2,1,01,B02
200700032196,0,07,000,00,2,3,13,A01
200700032196,0,07,000,00,2,8,01,B02
200700032196,0,07,000,00,2,6,01,C03
200700032196,0,07,000,00,2,1,01,D04
200700032197,0,07,000,00,2,3,05,A01
200700032197,0,21,000,00,2,1,01,B02
200700032198,0,30,000,00,2,1,17,A01
200700032198,0,07,000,00,0,3,15,B02
200700032199,0,30,000,00,2,5,01,A01
200700032199,0,30,000,00,2,1,01,B02
200700032200,0,07,000,00,2,2,01,A01
200700032200,0,02,000,00,2,8,19,B02
200700032201,0,30,000,00,0,7,01,A01
200700032202,0,07,000,00,2,3,13,A01
200700032202,0,07,000,00,2,3,01,B02
200700032203,0,33,000,00,2,1,13,A01
200700032203,0,07,000,00,2,1,01,B02
200700032204,0,07,000,02,0,8,00,A01
200700032205,0,07,000,00,2,1,01,A01
200700032205,0,07,000,00,2,1,13,B02
200700032206,0,10,000,00,2,7,01,A01
200700032206,0,01,000,00,2,1,05,B02
200700032207,0,07,000,13,0,3,00,A01
200700032208,0,07,000,00,1,2,01,A01
200700032209,0,07,000,08,0,1,14,A01
200700032210,0,33,000,00,2,1,17,A01
200700032210,0,21,000,00,2,3,15,B02
200700032211,0,07,000,16,0,9,00,A01
200700032212,0,30,000,00,0,8,01,A01
200700032213,0,07,000,00,2,2,01,A01
200700032213,0,07,000,00,0,6,15,B02
200700032214,0,14,000,13,0,5,01,A01
200700032215,0,07,000,08,0,3,01,A01
200700032215,0,07,000,00,0,2,15,B02
200700032216,0,07,000,00,2,2,01,A01
200700032216,0,07,000,00,0,8,19,B02
200700032217,0,07,000,00,2,3,01,A01
200700032217,0,02,000,00,2,1,16,B02
200700032218,0,33,000,00,2,1,01,A01
200700032218,0,07,000,00,2,6,01,B02
200700032219,0,07,000,00,2,1,01,A01
200700032219,0,07,000,00,2,8,15,B02
200700032220,0,07,000,00,2,8,15,B02
200700032220,0,07,000,00,2,1,01,A01
200700032221,0,07,000,00,2,3,01,A01
200700032221,0,07,000,00,2,3,15,B02
200700032222,0,07,000,00,2,1,19,A01
200700032222,0,30,000,00,2,7,19,B02
200700032223,0,02,000,00,2,1,01,A01
200700032223,0,07,000,00,2,3,01,B02
200700032224,0,07,000,00,2,3,01,A01
200700032224,0,02,000,00,2,1,15,B02
200700032225,0,01,000,00,2,1,01,B02
200700032225,0,07,000,00,2,6,01,A01
200700032226,0,10,000,13,0,1,01,A01
200700032227,0,07,000,13,0,4,01,A01
200700032228,0,33,000,13,0,7,01,A01
200700032229,0,10,000,06,0,2,13,A01
200700032230,0,07,000,00,2,4,01,A01
200700032230,0,07,000,00,2,1,01,B02
200700032231,0,07,000,13,0,1,01,A01
200700032232,0,07,000,00,2,1,16,A01
200700032232,0,01,000,00,2,7,01,B02
200700032233,0,07,000,00,2,1,01,B02
200700032233,0,07,000,00,2,3,01,A01
200700032234,0,07,000,00,1,3,01,A01
200700032235,0,07,000,00,2,2,01,A01
200700032235,0,02,000,00,0,8,19,B02
200700032236,0,31,000,00,2,1,01,A01
200700032236,0,14,000,00,2,3,01,B02
200700032237,0,07,000,00,2,3,02,A01
200700032237,0,07,000,00,2,5,15,B02
200700032237,0,07,000,00,2,2,01,C03
200700032238,0,30,000,00,2,1,13,A01
200700032238,0,07,000,00,9,3,01,B02
200700032239,0,07,000,00,2,8,01,A01
200700032239,0,02,000,00,2,1,05,B02
200700032240,0,07,000,00,2,3,15,B02
200700032240,0,33,000,00,2,1,01,A01
200700032241,0,07,000,13,0,2,01,A01
200700032242,0,33,000,00,2,7,17,A01
200700032242,0,07,000,00,2,8,15,B02
200700032243,0,07,000,00,2,1,13,A01
200700032243,0,07,000,00,2,3,01,B02
200700032243,0,07,000,00,2,1,01,C03
200700032244,0,10,000,00,2,7,10,A01
200700032244,0,02,000,00,2,1,01,B02
200700032245,0,07,000,02,6,9,21,A01
200700032246,0,07,000,01,2,2,13,A01
200700032246,0,07,000,06,2,7,01,B02
200700032247,0,07,000,00,2,3,01,A01
200700032247,0,14,000,00,2,3,01,B02
200700032248,0,34,000,00,2,1,13,A01
200700032248,0,07,000,00,2,2,01,B02
200700032249,0,17,000,00,1,7,01,A01
200700032250,0,07,000,00,2,1,01,A01
200700032250,0,07,000,00,2,7,15,B02
200700032251,0,02,000,00,2,1,01,B02
200700032251,0,02,000,00,2,1,01,C03
200700032252,0,07,000,13,0,1,13,A01
200700032253,0,33,000,00,2,1,02,A01
200700032253,0,07,000,00,2,6,02,B02
200700032254,0,07,000,00,2,1,15,A01
200700032254,0,31,000,00,2,1,01,B02
200700032255,0,07,000,00,2,1,15,A01
200700032255,0,31,000,00,2,8,00,B02
200700032256,0,07,000,00,2,1,01,A01
200700032256,0,07,000,00,0,4,00,B02
200700032257,0,21,000,00,2,1,19,A01
200700032257,0,07,000,00,2,2,01,B02
200700032258,0,07,000,00,2,3,01,A01
200700032258,0,02,000,00,2,1,13,B02
200700032259,0,07,000,00,2,3,00,A01
200700032259,0,33,000,00,2,6,13,B02
200700032259,0,07,000,00,2,6,01,C03
200700032260,0,07,000,07,0,1,01,A01
200700032261,0,02,000,00,2,9,13,A01
200700032261,0,14,000,00,2,3,01,B02
200700032262,0,07,000,00,0,0,19,A01
200700032262,0,07,000,08,0,1,21,B02
200700032263,0,31,000,00,2,1,02,A01
200700032263,0,07,000,00,0,6,02,B02
200700032264,0,33,000,00,2,7,01,A01
200700032264,0,07,000,00,0,8,19,B02
200700032265,0,17,000,00,2,6,23,A01
200700032265,0,30,000,00,2,1,02,B02
200700032266,0,07,000,00,2,8,19,A01
200700032266,0,07,000,00,2,1,01,B02
200700032267,0,07,000,00,2,8,15,A01
200700032267,0,14,000,00,2,2,17,B02
200700032268,0,07,000,00,2,1,01,A01
200700032268,0,07,000,00,2,8,19,B02
200700032269,0,07,000,16,0,1,01,A01
200700032270,0,07,000,00,2,1,19,A01
200700032270,0,02,000,00,2,1,01,B02
200700032271,0,07,000,00,2,3,15,B02
200700032271,0,07,000,00,2,8,00,A01
200700032272,0,07,000,00,1,1,15,A01
200700032273,0,07,000,00,0,0,00,A01
200700032273,0,07,000,00,2,1,01,B02
200700032274,0,07,000,00,2,3,15,A01
200700032274,0,31,000,00,2,7,01,B02
200700032275,0,07,000,00,2,2,15,A01
200700032275,0,07,000,00,2,3,01,B02
200700032276,0,07,000,00,2,2,13,A01
200700032276,0,07,000,00,2,3,01,B02
200700032276,0,07,000,00,2,1,01,C03
200700032277,0,07,000,00,2,3,13,A01
200700032277,0,17,000,00,0,3,01,B02
200700032278,0,33,000,00,0,0,14,A01
200700032279,0,07,000,00,0,1,01,A01
200700032279,0,33,000,00,0,1,00,B02
200700032280,0,33,000,00,0,7,01,A01
200700032281,0,07,000,00,2,2,01,A01
200700032281,0,07,000,00,2,1,01,B02
200700032282,0,02,000,03,0,7,01,A01
200700032283,0,07,000,13,0,2,14,A01
200700032284,0,07,000,13,0,3,17,A01
200700032285,0,07,000,03,2,1,05,A01
200700032285,0,07,000,00,2,1,01,B02
200700032285,0,07,000,00,2,1,01,C03
200700032286,0,07,000,00,2,1,15,A01
200700032286,0,31,000,00,2,1,01,B02
200700032287,0,07,000,08,0,9,21,A01
200700032288,0,07,000,00,2,2,01,A01
200700032288,0,07,000,00,2,3,01,B02
200700032289,0,07,000,06,0,3,13,A01
200700032290,0,07,000,13,0,9,14,A01
200700032291,0,10,000,00,2,3,13,A01
200700032291,0,07,000,00,2,3,01,B02
200700032291,0,07,000,00,0,3,01,C03
200700032292,0,07,000,00,1,8,01,A01
200700032293,0,30,000,00,0,1,14,A01