Num_Acc,senc,catv,occutc,obs,obsm,choc,manv,num_veh
200700032294,0,30,000,10,0,2,14,A01
200700032295,0,07,000,08,0,1,13,A01
200700032296,0,01,000,00,2,6,13,A01
200700032296,0,07,000,00,2,2,17,B02
200700032297,0,02,000,00,2,1,01,A01
200700032297,0,07,000,00,2,2,01,B02
200700032298,0,02,000,00,2,1,17,A01
200700032298,0,10,000,00,2,8,15,B02
200700032299,0,07,000,13,0,1,01,A01
200700032300,0,07,000,02,0,1,01,A01
200700032301,0,30,000,00,2,1,02,A01
200700032301,0,01,000,00,2,4,02,B02
200700032302,0,07,000,08,0,3,13,A01
200700032303,0,30,000,16,0,7,01,A01
200700032304,0,30,000,00,2,1,15,A01
200700032304,0,07,000,00,2,2,01,B02
200700032305,0,07,000,00,0,3,01,A01
200700032305,0,30,000,00,0,1,13,B02
200700032306,0,07,000,00,2,0,15,A01
200700032306,0,33,000,00,0,8,13,B02
200700032307,0,07,000,00,2,3,13,A01
200700032307,0,07,000,00,2,8,01,B02
200700032308,0,07,000,13,0,3,01,A01
200700032309,0,07,000,02,0,1,13,A01
200700032310,0,33,000,00,2,1,00,A01
200700032310,0,07,000,00,2,3,15,B02
200700032311,0,07,000,00,2,2,01,A01
200700032311,0,21,000,00,2,3,19,B02
200700032312,0,07,000,00,2,4,23,A01
200700032312,0,10,000,00,2,1,01,B02
200700032313,0,02,000,08,0,1,01,A01
200700032314,0,07,000,01,0,1,01,A01
200700032315,0,07,000,00,2,1,05,A01
200700032315,0,07,000,00,2,1,01,B02
200700032316,0,07,000,02,0,7,01,A01
200700032317,0,07,000,00,2,3,15,A01
200700032317,0,33,000,00,2,1,01,B02
200700032318,0,07,000,00,2,2,01,A01
200700032318,0,30,000,00,2,1,13,B02
200700032319,0,07,000,00,2,1,13,A01
200700032319,0,07,000,00,2,1,01,B02
200700032320,0,01,000,00,0,4,01,A01
200700032321,0,07,000,00,2,2,01,A01
200700032321,0,32,000,00,2,1,01,B02
200700032322,0,33,000,08,0,7,01,A01
200700032323,0,07,000,00,2,5,15,A01
200700032323,0,10,000,00,2,1,01,B02
200700032324,0,33,000,00,2,1,01,A01
200700032324,0,07,000,00,2,3,15,B02
200700032325,0,07,000,02,0,1,01,A01
200700032326,0,07,000,00,2,3,01,A01
200700032326,0,02,000,00,2,1,13,B02
200700032327,0,07,000,08,0,1,01,A01
200700032328,0,33,000,00,0,1,01,A01
200700032329,0,31,000,00,2,1,13,A01
200700032329,0,07,000,00,2,8,01,B02
200700032330,0,07,000,00,2,3,01,B02
200700032330,0,07,000,00,2,3,01,C03
200700032330,0,02,000,00,2,1,01,A01
200700032331,0,07,000,00,2,3,21,A01
200700032331,0,01,000,00,2,4,19,B02
200700032332,0,07,000,00,0,5,15,A01
200700032332,0,02,000,00,0,1,01,B02
200700032333,0,31,000,00,0,0,01,A01
200700032334,0,33,000,00,2,1,01,A01
200700032334,0,10,000,00,0,5,23,B02
200700032335,0,07,000,00,2,7,17,A01
200700032335,0,01,000,00,2,8,01,B02
200700032336,0,07,000,00,2,1,01,A01
200700032336,0,07,000,00,2,7,19,B02
200700032337,0,07,000,00,2,2,13,A01
200700032337,0,07,000,00,2,2,01,B02
200700032337,0,07,000,00,2,1,01,C03
200700032338,0,15,000,00,1,2,01,A01
200700032339,0,33,000,00,2,1,13,A01
200700032339,0,33,000,00,2,1,13,B02
200700032340,0,30,000,00,2,1,02,A01
200700032340,0,07,000,00,2,4,02,B02
200700032341,0,33,000,13,0,1,17,A01
200700032342,0,07,000,13,0,1,01,A01
200700032343,0,07,000,00,2,2,15,A01
200700032343,0,31,000,00,2,1,01,B02
200700032344,0,07,000,00,2,1,01,A01
200700032344,0,33,000,12,2,4,01,B02
200700032345,0,07,000,00,0,2,01,A01
200700032346,0,07,000,16,0,3,01,A01
200700032347,0,07,000,00,0,7,15,A01
200700032347,0,31,000,00,2,1,01,B02
200700032348,0,17,000,00,2,1,21,A01
200700032348,0,07,000,00,2,7,01,B02
200700032349,0,30,000,00,2,1,01,A01
200700032349,0,10,000,00,0,0,00,B02
200700032350,0,07,000,00,2,8,15,A01
200700032350,0,02,000,00,2,1,01,B02
200700032351,0,14,000,00,0,5,23,A01
200700032351,0,15,000,00,2,3,23,B02
200700032352,0,07,000,00,2,1,13,A01
200700032352,0,07,000,00,2,1,01,B02
200700032353,0,07,000,06,2,1,01,A01
200700032353,0,07,000,00,2,3,01,B02
200700032354,0,07,000,00,2,2,13,A01
200700032354,0,07,000,00,2,1,01,B02
200700032355,0,31,000,00,2,1,13,A01
200700032355,0,07,000,00,2,2,01,B02
200700032356,0,07,000,00,0,0,01,A01
200700032356,0,21,000,00,2,3,15,B02
200700032357,0,33,000,00,2,1,13,A01
200700032358,0,10,000,00,2,1,06,A01
200700032358,0,17,000,00,2,1,01,B02
200700032359,0,07,000,00,6,3,21,A01
200700032360,0,33,000,00,2,1,01,A01
200700032360,0,07,000,00,2,8,15,B02
200700032361,0,07,000,00,0,3,13,A01
200700032361,0,07,000,00,0,3,13,B02
200700032362,0,07,000,08,0,0,00,A01
200700032363,0,07,000,13,0,8,01,A01
200700032364,0,07,000,08,0,1,01,A01
200700032365,0,07,000,00,2,2,01,A01
200700032365,0,07,000,00,2,3,19,B02
200700032366,0,07,000,02,0,3,01,A01
200700032367,0,07,000,00,1,2,16,A01
200700032368,0,07,000,13,0,2,01,A01
200700032369,0,07,000,00,2,2,13,A01
200700032369,0,07,000,00,2,1,01,B02
200700032370,0,07,000,00,0,9,17,A01
200700032371,0,30,000,00,2,1,01,A01
200700032371,0,07,000,00,2,1,01,B02
200700032372,0,07,000,00,9,2,01,A01
200700032372,0,01,000,00,2,4,01,B02
200700032373,0,07,000,00,0,2,19,A01
200700032373,0,33,000,00,2,1,01,B02
200700032374,0,07,000,00,2,8,19,A01
200700032374,0,33,000,00,2,1,01,B02
200700032375,0,07,000,00,2,3,09,A01
200700032375,0,01,000,00,2,4,01,B02
200700032376,0,30,000,13,0,1,01,A01
200700032377,0,33,000,00,0,1,13,A01
200700032378,0,07,000,00,2,1,05,A01
200700032378,0,07,000,00,2,1,01,B02
200700032379,0,01,000,00,2,8,15,A01
200700032379,0,07,000,00,2,1,00,B02
200700032380,0,07,000,00,2,2,15,A01
200700032380,0,07,000,00,2,3,23,B02
200700032380,0,07,000,00,2,1,01,C03
200700032381,0,07,000,08,0,1,01,A01
200700032382,0,31,000,00,0,8,13,A01
200700032382,0,07,000,00,2,1,01,B02
200700032383,0,02,000,12,0,1,00,A01
200700032384,0,07,000,02,0,3,06,A01
200700032385,0,38,000,00,2,3,01,A01
200700032385,0,07,000,00,2,3,01,B02
200700032386,0,07,000,00,2,2,15,A01
200700032386,0,07,000,00,2,1,01,B02
200700032387,0,07,000,15,0,9,01,A01
200700032388,2,30,000,13,0,4,01,A01
200700032389,0,02,000,00,0,7,15,A01
200700032389,0,02,000,00,0,1,01,B02
200700032390,0,07,000,00,2,2,15,A01
200700032390,0,02,000,00,2,1,01,B02
200700032390,0,07,000,00,2,3,23,C03
200700032391,0,07,000,13,0,1,14,A01
200700032392,0,07,000,02,0,1,01,A01
200700032393,0,31,000,13,0,1,01,A01
200700032394,0,07,000,00,2,7,15,A01
200700032394,0,07,000,00,2,2,01,B02
200700032395,0,07,000,13,0,3,01,A01
200700032396,0,07,000,02,0,1,17,A01
200700032397,0,07,000,00,2,3,13,A01
200700032397,0,10,000,00,2,3,01,B02
200700032398,0,02,000,00,2,1,13,A01
200700032398,0,07,000,00,2,3,01,B02
200700032399,0,02,000,00,2,2,06,A01
200700032399,0,07,000,00,2,1,06,B02
200700032400,0,07,000,00,2,3,19,A01
200700032400,0,33,000,00,2,1,01,B02
200700032401,0,07,000,00,2,7,19,A01
200700032401,0,33,000,00,2,1,01,B02
200700032402,0,07,000,00,2,2,13,A01
200700032402,0,07,000,00,2,2,01,B02
200700032403,0,10,000,00,2,0,01,A01
200700032403,0,38,000,00,9,1,01,B02
200700032404,0,07,000,00,0,5,15,A01
200700032404,0,02,000,00,2,1,02,B02
200700032405,0,07,000,00,2,1,01,A01
200700032405,0,07,000,00,2,1,01,B02
200700032406,0,07,000,00,2,5,01,A01
200700032406,0,07,000,00,2,3,01,B02
200700032407,0,07,000,02,0,3,14,A01
200700032408,0,15,000,00,2,3,00,A01
200700032408,0,30,000,00,2,2,00,B02
200700032409,0,01,000,00,2,3,09,A01
200700032409,0,07,000,00,2,3,09,B02
200700032410,0,07,000,02,2,8,13,A01
200700032410,0,07,000,00,2,1,01,B02
200700032411,0,02,000,00,0,1,05,A01
200700032411,0,10,000,00,0,2,11,B02
200700032412,0,07,000,06,0,1,01,A01
200700032413,0,07,000,00,2,1,19,A01
200700032413,0,07,000,00,2,1,01,B02
200700032413,0,07,000,00,2,1,01,C03
200700032414,0,01,000,00,0,0,02,A01
200700032414,0,21,000,00,0,0,02,B02
200700032415,0,02,000,00,2,1,16,A01
200700032415,0,17,000,00,2,8,01,B02
200700032416,0,02,000,00,2,7,17,A01
200700032416,0,07,000,00,0,1,05,B02
200700032417,0,07,000,00,1,2,01,A01
200700032418,0,07,000,00,2,2,13,A01
200700032418,0,07,000,00,2,1,01,B02
200700032419,0,02,000,00,2,1,01,A01
200700032419,0,02,000,00,2,1,01,B02
200700032420,0,33,000,00,2,1,01,A01
200700032420,0,07,000,00,2,3,15,B02
200700032421,0,07,000,00,2,1,01,A01
200700032421,0,30,000,00,2,1,17,B02
200700032422,0,10,000,00,2,1,13,A01
200700032422,0,07,000,00,2,1,01,B02
200700032423,0,07,000,00,2,3,13,A01
200700032423,0,03,000,00,2,6,15,B02
200700032424,0,02,000,00,2,3,01,A01
200700032424,0,07,000,00,2,7,16,B02
200700032425,0,02,000,00,2,2,17,A01
200700032425,0,10,000,00,2,3,16,B02
200700032426,0,31,000,02,0,8,01,A01
200700032427,0,07,000,00,2,1,02,A01
200700032427,0,07,000,00,0,4,15,B02
200700032428,0,02,000,00,2,1,01,A01
200700032428,0,07,000,00,2,4,04,B02
200700032429,0,31,000,06,0,1,01,A01
200700032430,0,02,000,00,2,1,17,A01
200700032430,0,33,000,00,2,1,01,B02
200700032431,0,33,000,12,0,2,01,A01
200700032432,0,01,000,00,2,6,13,A01
200700032432,0,10,000,00,9,2,21,B02
200700032433,0,07,000,06,0,1,01,A01
200700032434,0,07,000,00,2,1,01,A01
200700032434,0,07,000,00,0,3,19,B02
200700032435,0,20,000,00,0,0,01,A01
200700032436,0,07,000,00,2,1,01,A01
200700032436,0,07,000,00,2,1,01,B02
200700032437,0,07,000,00,2,3,01,A01
200700032437,0,02,000,00,2,1,13,B02
200700032438,0,07,000,00,2,2,15,A01
200700032438,0,07,000,00,2,1,01,B02
200700032439,0,07,000,13,0,1,01,A01
200700032440,0,07,000,00,2,2,01,A01
200700032440,0,02,000,00,2,1,19,B02
200700032440,0,02,000,00,0,0,01,C03
200700032441,0,07,000,00,0,3,01,A01
200700032441,0,07,000,00,0,3,01,B02
200700032442,0,07,000,00,2,3,01,A01
200700032442,0,07,000,00,2,3,01,B02
200700032443,0,07,000,00,0,7,15,A01
200700032443,0,31,000,00,2,1,01,B02
200700032444,0,07,000,00,0,4,20,A01
200700032444,0,02,000,00,2,1,01,B02
200700032445,0,07,000,02,0,3,13,A01
200700032446,0,30,000,00,2,1,13,A01
200700032446,0,10,000,00,2,1,01,B02
200700032447,0,10,000,00,2,3,01,A01
200700032447,0,07,000,00,2,1,01,B02
200700032448,0,07,000,13,0,3,01,A01
200700032449,0,07,000,00,2,3,15,B02
200700032449,0,07,000,00,2,2,01,A01
200700032450,0,33,000,00,0,0,00,A01
200700032451,0,07,000,00,0,0,00,A01
200700032451,0,07,000,00,0,0,00,B02
200700032452,0,07,000,02,0,1,01,A01
200700032453,0,02,000,12,0,0,01,A01
200700032454,0,33,000,01,0,1,01,A01
200700032455,0,07,000,08,0,1,01,A01
200700032456,0,07,000,00,2,1,15,A01
200700032456,0,31,000,00,2,1,01,B02
200700032457,0,02,000,00,1,1,01,A01
200700032458,0,30,000,12,0,1,01,A01
200700032459,0,07,000,00,2,2,01,B02
200700032459,0,14,000,00,2,5,01,A01
200700032460,0,02,000,00,0,0,01,A01
200700032461,0,07,000,00,2,3,19,A01
200700032461,0,31,000,00,2,1,01,B02
200700032462,0,02,000,14,0,1,01,A01
200700032463,0,07,000,00,2,3,15,B02
200700032463,0,07,000,00,2,1,01,A01
200700032464,0,07,000,00,0,3,19,A01
200700032464,0,07,000,00,2,2,01,B02
200700032465,0,02,000,00,2,1,05,A01
200700032465,0,10,000,00,2,1,05,B02
200700032466,0,33,000,00,2,3,13,A01
200700032466,0,07,000,00,2,1,01,B02
200700032467,0,01,000,08,0,1,01,A01
200700032468,0,07,000,02,0,8,01,A01
200700032469,0,07,000,00,2,1,01,A01
200700032469,0,07,000,00,2,3,01,B02
200700032470,0,30,000,00,2,1,15,A01
200700032470,0,33,000,00,2,1,01,B02
200700032471,0,07,000,08,0,7,01,A01
200700032472,0,07,000,00,2,1,19,A01
200700032472,0,07,000,00,2,3,01,B02
200700032473,0,07,000,00,2,7,15,A01
200700032473,0,07,000,00,2,1,01,B02
200700032474,0,07,000,02,0,1,14,A01
200700032475,0,33,000,02,0,1,17,A01
200700032476,0,07,000,00,2,1,01,A01
200700032476,0,10,000,00,2,1,01,B02
200700032477,0,36,000,00,2,1,01,A01
200700032477,0,07,000,00,0,0,00,B02
200700032478,0,07,000,00,2,2,13,A01
200700032478,0,07,000,00,2,1,01,B02
200700032479,0,31,000,06,0,1,16,A01
200700032480,0,07,000,00,1,1,01,A01
200700032481,0,33,000,00,2,1,21,A01
200700032481,0,07,000,00,2,1,01,B02
200700032482,0,33,000,00,2,1,16,A01
200700032482,0,07,000,00,2,6,15,B02
200700032483,0,30,000,02,0,1,01,A01
200700032484,0,07,000,08,0,2,01,A01
200700032485,0,14,000,00,2,3,01,A01
200700032485,0,07,000,00,2,3,13,B02
200700032486,0,07,000,00,2,8,15,A01
200700032486,0,07,000,00,2,1,17,B02
200700032487,0,33,000,00,2,1,17,B02
200700032487,0,07,000,00,2,3,19,A01
200700032488,0,33,000,07,0,9,01,A01
200700032489,0,33,000,02,0,1,13,A01
200700032490,0,33,000,13,0,1,00,A01
200700032491,0,10,000,00,2,8,19,A01
200700032491,0,33,000,00,2,1,01,B02
200700032492,0,33,000,00,1,7,01,A01
200700032493,0,07,000,00,2,1,01,A01
200700032493,0,14,000,00,0,4,15,B02
200700032494,0,10,000,13,0,1,01,A01
200700032495,0,07,000,00,2,3,15,A01
200700032495,0,07,000,00,2,1,01,B02
200700032496,0,07,000,00,1,1,01,A01
200700032497,0,07,000,00,0,9,01,A01
200700032498,0,07,000,00,1,1,01,A01
200700032499,0,02,000,00,2,1,01,A01
200700032499,0,07,000,00,2,8,19,B02
200700032500,0,33,000,00,2,1,17,A01
200700032500,0,07,000,00,2,4,15,B02
200700032501,0,07,000,00,2,2,01,A01
200700032501,0,07,000,00,2,3,15,B02
200700032502,0,07,000,00,0,9,01,A01
200700032503,0,07,000,13,0,9,01,A01
200700032504,0,07,000,00,2,3,01,A01
200700032504,0,07,000,00,2,3,01,B02
200700032505,0,07,000,00,2,3,01,A01
200700032505,0,07,000,00,2,2,19,B02
200700032506,0,01,000,00,0,0,01,A01
200700032507,0,07,000,00,1,1,01,A01
200700032508,0,02,000,00,2,1,13,A01
200700032508,0,07,000,00,2,2,01,B02
200700032508,0,07,000,00,0,0,00,C03
200700032509,0,07,000,02,0,1,01,A01
200700032510,0,07,000,00,2,8,01,A01
200700032510,0,07,000,00,2,1,01,B02
200700032510,0,07,000,00,2,1,00,C03
200700032511,0,33,000,13,0,1,01,A01
200700032512,0,14,000,00,1,2,01,A01
200700032513,0,02,000,00,0,0,01,A01
200700032514,0,10,000,13,2,3,13,A01
200700032514,0,07,000,00,0,3,00,B02
200700032515,0,10,000,00,0,3,00,A01
200700032515,0,02,000,00,0,8,13,B02
200700032516,0,07,000,13,0,3,01,A01
200700032517,0,02,000,00,2,1,17,A01
200700032517,0,07,000,00,2,8,15,B02
200700032518,0,07,000,00,2,1,01,A01
200700032518,0,17,000,00,2,1,01,B02
200700032519,0,07,000,00,2,8,23,A01
200700032519,0,07,000,14,0,5,01,B02
200700032520,0,07,000,00,0,1,01,A01
200700032521,0,07,000,00,2,8,10,A01
200700032521,0,14,000,00,2,1,01,B02
200700032522,0,07,000,00,2,2,01,B02
200700032522,0,02,000,00,2,1,19,A01
200700032523,0,07,000,00,2,2,13,A01
200700032523,0,07,000,00,2,2,01,B02
200700032524,0,07,000,00,2,3,00,A01
200700032524,0,07,000,00,2,1,01,B02
200700032525,0,07,000,00,2,1,01,A01
200700032525,0,07,000,00,2,1,01,B02
200700032525,0,07,000,00,2,8,01,C03
200700032526,0,32,000,00,2,1,13,A01
200700032526,0,17,000,00,2,2,01,B02
200700032527,0,07,000,00,2,3,01,A01
200700032527,0,02,000,01,0,4,01,B02
200700032528,0,07,000,00,2,2,15,A01
200700032528,0,07,000,00,2,3,01,B02
200700032529,0,07,000,00,0,3,15,A01
200700032529,0,33,000,00,2,1,17,B02
200700032530,0,07,000,00,2,1,09,A01
200700032530,0,02,000,00,2,7,01,B02
200700032531,0,07,000,00,9,1,02,A01
200700032531,0,01,000,00,2,4,06,B02
200700032532,0,07,000,00,2,7,13,A01
200700032532,0,07,000,00,2,1,01,B02
200700032532,0,07,000,00,2,3,01,C03
200700032533,0,07,000,00,2,1,13,A01
200700032533,0,07,000,00,2,1,01,B02
200700032533,0,07,000,00,2,1,01,C03
200700032533,0,07,000,00,9,1,01,D04
200700032534,0,07,000,00,2,1,01,A01
200700032534,0,07,000,00,2,1,01,B02
200700032535,0,07,000,08,0,1,01,A01
200700032536,0,07,000,00,0,0,00,A01
200700032536,0,30,000,00,0,3,01,B02
200700032537,0,07,000,00,2,3,13,A01
200700032537,0,37,047,00,2,3,01,B02
200700032537,0,07,000,00,2,3,01,C03
200700032537,0,07,000,00,2,3,01,D04
200700032538,0,02,000,02,0,3,01,A01
200700032539,0,03,000,00,2,6,15,A01
200700032539,0,33,000,00,2,1,01,B02
200700032540,0,33,000,08,0,1,01,A01
200700032541,0,07,000,00,2,1,01,A01
200700032541,0,10,000,00,2,5,15,B02
200700032542,0,30,000,00,2,1,01,A01
200700032542,0,07,000,00,0,8,15,B02
200700032543,0,33,000,00,2,8,15,A01
200700032543,0,07,000,00,2,2,01,B02
200700032544,0,30,000,00,0,2,13,A01
200700032545,0,30,000,00,0,1,01,A01
200700032546,0,07,000,00,2,3,10,A01
200700032546,0,30,000,00,2,1,01,B02
200700032547,0,07,000,00,2,7,01,A01
200700032547,0,30,000,00,2,1,19,B02
200700032548,0,07,000,00,2,1,09,A01
200700032548,0,02,000,00,2,7,01,B02
200700032549,0,07,000,04,0,2,01,A01
200700032550,0,07,000,00,2,7,13,A01
200700032550,0,07,000,00,2,2,01,B02
200700032551,0,33,000,00,0,8,02,A01
200700032552,0,07,000,00,2,2,15,A01
200700032552,0,34,000,00,2,1,01,B02
200700032553,0,07,000,02,0,3,00,A01
200700032554,0,15,000,00,2,1,13,A01
200700032554,0,31,000,00,2,1,01,B02
200700032555,0,31,000,00,2,0,13,A01
200700032555,0,10,000,00,2,3,01,B02
200700032556,0,31,000,00,0,8,01,A01
200700032557,0,07,000,00,2,1,01,A01
200700032557,0,07,000,00,2,1,01,B02
200700032558,0,02,000,00,0,1,00,A01
200700032559,0,07,000,00,0,3,01,A01
200700032559,0,07,000,00,2,3,13,B02
200700032560,0,33,000,00,2,1,02,A01
200700032560,0,01,000,00,0,8,10,B02
200700032561,0,07,000,13,0,9,01,A01
200700032562,0,07,000,00,2,3,01,A01
200700032562,0,07,000,00,2,8,01,B02
200700032562,0,07,000,00,2,3,01,C03
200700032562,0,07,000,00,2,3,01,D04
200700032563,0,07,000,13,0,1,14,A01
200700032564,0,33,000,00,2,7,01,A01
200700032564,0,13,000,00,2,1,15,B02
200700032565,0,10,000,00,2,8,15,A01
200700032565,0,33,000,00,2,7,13,B02
200700032566,0,10,000,02,0,2,01,A01
200700032567,0,10,000,02,0,1,13,A01
200700032568,0,07,000,06,0,3,01,A01
200700032569,0,07,000,00,0,0,21,A01
200700032569,0,01,000,12,0,0,15,B02
200700032570,0,07,000,00,2,0,00,A01
200700032570,0,13,000,00,2,0,00,B02
200700032571,0,07,000,00,2,2,15,A01
200700032571,0,07,000,00,2,2,21,B02
200700032572,0,33,000,02,0,1,01,A01
200700032573,0,07,000,00,1,2,01,A01
200700032574,0,02,000,00,2,1,05,A01
200700032574,0,07,000,00,2,3,01,B02
200700032575,0,07,000,06,0,1,02,A01
200700032576,0,07,000,13,0,1,01,A01
200700032577,0,30,000,00,0,1,01,A01
200700032578,0,07,000,16,2,1,13,A01
200700032578,0,07,000,00,2,1,01,B02
200700032579,0,10,000,00,0,1,19,A01
200700032579,0,30,000,00,0,5,01,B02
200700032580,0,07,000,00,2,2,19,A01
200700032580,0,33,000,00,2,1,01,B02
200700032581,0,07,000,00,2,1,01,A01
200700032581,0,10,000,00,2,8,15,B02
200700032582,0,02,000,16,0,0,01,A01
200700032583,0,21,000,00,2,5,19,A01
200700032583,0,07,000,00,2,1,01,B02
200700032584,0,30,000,01,0,1,01,A01
200700032585,0,07,000,00,2,3,15,A01
200700032585,0,07,000,00,2,3,01,B02
200700032586,0,07,000,00,1,3,15,A01
200700032587,0,07,000,06,0,7,13,A01
200700032588,0,07,000,00,0,1,21,A01
200700032589,0,07,000,00,2,1,01,A01
200700032589,0,07,000,07,2,7,01,B02
200700032590,1,07,000,00,1,1,01,A01
200700032591,0,31,000,11,0,3,17,A01
200700032592,0,17,000,00,2,4,02,A01
200700032592,0,17,000,00,2,1,02,C03
200700032593,0,30,000,13,0,1,14,A01
200700032594,0,07,000,00,2,3,13,A01
200700032594,0,15,000,00,2,3,00,B02
200700032595,0,07,000,00,2,1,13,A01
200700032595,0,07,000,00,2,8,01,B02
200700032595,0,07,000,00,2,1,01,C03
200700032596,0,07,000,00,2,3,01,A01
200700032596,0,07,000,00,2,3,01,B02
200700032597,0,07,000,00,2,5,15,A01
200700032597,0,02,000,00,2,1,01,B02
200700032598,0,07,000,00,2,1,13,A01
200700032598,0,17,000,00,2,1,01,B02
200700032599,0,07,000,00,2,1,01,A01
200700032599,0,18,000,00,2,1,01,B02
200700032600,0,07,000,00,2,1,13,A01
200700032600,0,10,000,00,2,3,01,B02
200700032601,0,07,000,13,0,2,01,A01
200700032602,0,07,000,02,0,1,01,A01
200700032603,0,30,000,08,0,1,01,A01
200700032604,0,07,000,02,0,1,01,A01
200700032605,0,21,000,00,2,5,15,A01
200700032605,0,33,000,00,2,1,01,C03
200700032606,0,33,000,00,2,1,13,A01
200700032606,0,07,000,00,2,3,00,B02
200700032607,0,07,000,06,0,1,13,A01
200700032608,0,07,000,00,2,7,15,A01
200700032608,0,07,000,00,2,1,01,B02
200700032608,0,17,000,00,2,8,23,C03
200700032609,0,07,000,00,2,1,01,A01
200700032609,0,17,000,00,2,1,13,B02
200700032610,0,99,000,00,2,8,13,A01
200700032610,0,07,000,00,9,3,01,B02
200700032611,0,02,000,00,2,2,21,A01
200700032611,0,07,000,00,2,2,15,B02
200700032612,0,07,000,00,2,1,01,A01
200700032612,0,07,000,01,2,8,01,B02
200700032612,0,10,000,00,0,4,00,C03
200700032613,0,02,000,00,0,1,01,A01
200700032614,0,07,000,03,0,1,01,A01
200700032615,0,33,000,03,0,1,01,A01
200700032616,0,07,000,06,0,1,01,A01
200700032617,0,31,000,00,2,7,01,A01
200700032617,0,07,000,00,2,2,15,B02
200700032618,0,07,000,00,0,0,00,A01
200700032618,0,07,000,00,0,4,01,B02
200700032619,0,14,000,00,2,3,01,A01
200700032619,0,10,000,00,2,3,01,B02
200700032620,0,01,000,00,2,1,01,A01
200700032620,0,07,000,00,9,4,01,B02
200700032621,0,07,000,02,0,4,14,A01
200700032622,0,07,000,02,0,1,13,A01
200700032623,0,07,000,00,2,3,13,A01
200700032623,0,33,000,00,2,1,01,B02
200700032623,0,07,000,00,2,1,01,C03
200700032624,0,02,000,00,0,0,01,A01
200700032625,0,02,000,00,0,0,00,A01
200700032626,0,02,000,00,2,1,13,A01
200700032626,0,07,000,00,2,1,01,B02
200700032627,0,07,000,13,0,9,19,A01
200700032628,0,07,000,00,2,3,01,A01
200700032628,0,07,000,00,2,0,01,B02
200700032629,0,07,000,00,2,2,01,A01
200700032629,0,10,000,00,2,2,15,B02
200700032630,0,07,000,00,2,8,01,A01
200700032630,0,01,000,00,2,1,13,B02
200700032631,0,07,000,00,2,7,19,A01
200700032631,0,33,000,00,2,1,01,B02
200700032632,0,07,000,02,0,7,13,A01
200700032633,0,07,000,00,2,1,19,A01
200700032633,0,01,000,00,2,1,01,B02
200700032634,0,07,000,00,2,3,13,A01
200700032634,0,07,000,00,0,3,01,B02
200700032635,0,07,000,00,2,1,01,A01
200700032635,0,07,000,00,2,4,15,B02
200700032636,0,07,000,15,0,8,01,A01
200700032636,0,03,000,00,0,0,19,B02
200700032637,0,07,000,00,2,3,13,A01
200700032637,0,07,000,00,2,3,01,B02
200700032638,0,33,000,00,2,4,09,A01
200700032639,0,07,000,00,2,1,01,A01
200700032639,0,07,000,15,2,2,19,B02
200700032640,0,07,000,00,2,5,15,A01
200700032640,0,33,000,00,2,1,01,B02
200700032641,0,07,000,00,0,0,14,A01
200700032641,0,33,000,00,0,0,21,B02
200700032642,0,02,000,00,2,1,01,A01
200700032642,0,07,000,00,2,1,01,B02
200700032643,0,07,000,01,0,1,02,A01
200700032643,0,14,000,00,0,4,23,B02
200700032644,0,33,000,10,0,1,01,A01
200700032645,0,07,000,00,2,3,19,A01
200700032645,0,33,000,00,2,1,01,B02
200700032646,0,07,000,00,2,1,09,A01
200700032646,0,31,000,00,2,7,01,B02
200700032647,0,31,000,15,2,1,17,A01
200700032647,0,07,000,00,0,3,15,B02
200700032648,0,07,000,10,0,2,01,A01
200700032649,0,07,000,00,1,2,01,A01
200700032650,0,07,000,13,0,2,01,A01
200700032651,0,07,000,00,9,3,23,A01
200700032651,0,33,000,00,2,2,01,B02
200700032652,0,07,000,15,0,1,01,A01
200700032653,0,07,000,00,2,3,13,A01
200700032653,0,07,000,00,2,3,01,B02
200700032654,0,03,000,00,0,1,13,A01
200700032655,0,07,000,06,0,7,01,A01
200700032656,0,33,000,16,0,2,00,A01
200700032657,0,07,000,13,0,7,01,A01
200700032658,0,33,000,00,0,8,01,A01
200700032659,0,01,000,00,0,0,00,A01
200700032660,0,07,000,00,1,1,01,A01
200700032661,0,07,000,00,2,1,13,A01
200700032661,0,07,000,00,2,1,01,B02
200700032662,0,07,000,00,2,2,13,A01
200700032662,0,33,000,00,2,1,01,B02
200700032662,0,33,000,00,2,1,01,C03
200700032663,0,31,000,03,0,1,01,A01
200700032664,0,07,000,00,2,2,17,A01
200700032664,0,02,000,00,2,8,13,B02
200700032665,0,33,000,00,2,1,01,A01
200700032665,0,07,000,00,2,3,19,B02
200700032666,0,07,000,00,2,3,15,A01
200700032666,0,07,000,00,2,1,01,B02
200700032666,0,07,000,00,9,8,23,C03
200700032667,0,02,000,00,2,7,01,A01
200700032667,0,07,000,00,2,1,01,B02
200700032668,0,33,000,00,0,8,01,A01
200700032669,0,07,000,00,9,8,01,A01
200700032670,0,07,000,00,2,1,15,A01
200700032670,0,30,000,00,2,1,01,B02
200700032671,0,07,000,00,0,1,19,B02
200700032671,0,07,000,15,2,7,01,A01
200700032672,0,07,000,13,0,9,01,A01
200700032673,0,31,000,00,0,7,01,A01
200700032674,0,07,000,00,2,3,15,A01