Num_Acc,senc,catv,occutc,obs,obsm,choc,manv,num_veh
200700032674,0,07,000,00,2,1,01,B02
200700032675,0,02,000,00,2,1,18,A01
200700032675,0,14,000,00,2,2,16,B02
200700032676,0,07,000,16,0,9,02,A01
200700032677,0,07,000,02,0,1,02,A01
200700032678,0,33,000,00,0,7,01,A01
200700032679,0,07,000,00,2,3,13,A01
200700032679,0,02,000,00,2,8,01,B02
200700032680,0,07,000,13,0,7,01,A01
200700032681,0,07,000,16,0,9,11,A01
200700032682,0,07,000,13,2,1,13,A01
200700032682,0,07,000,00,2,1,01,B02
200700032683,0,32,000,00,0,1,01,A01
200700032684,0,33,000,00,1,1,01,A01
200700032685,0,02,000,00,2,8,16,A01
200700032685,0,10,000,00,2,2,01,B02
200700032686,0,07,000,00,2,3,13,A01
200700032686,0,07,000,00,2,3,01,B02
200700032686,0,07,000,00,2,3,01,C03
200700032686,0,07,000,00,2,1,01,D04
200700032686,0,07,000,00,0,0,01,E05
200700032686,0,07,000,00,0,0,01,F06
200700032687,0,07,000,02,0,1,01,A01
200700032688,0,33,000,00,2,1,13,A01
200700032688,0,10,000,00,2,2,01,B02
200700032689,0,07,000,13,0,1,01,A01
200700032690,0,07,000,02,0,1,14,A01
200700032691,0,07,000,02,0,7,01,A01
200700032692,0,07,000,00,0,0,00,A01
200700032692,0,38,000,00,2,3,15,B02
200700032693,0,30,000,12,0,1,01,A01
200700032694,0,07,000,13,0,2,01,A01
200700032695,0,07,000,00,2,3,13,A01
200700032695,0,33,000,00,2,3,01,B02
200700032696,0,07,000,13,0,1,14,A01
200700032697,0,10,000,02,0,2,14,A01
200700032698,0,02,000,00,0,7,01,A01
200700032699,0,07,000,01,0,1,01,A01
200700032700,0,07,000,02,0,1,13,A01
200700032701,0,07,000,02,0,2,14,A01
200700032702,0,31,000,00,2,1,01,A01
200700032702,0,07,000,00,2,3,01,B02
200700032703,0,07,000,00,2,1,01,A01
200700032703,0,07,000,00,2,7,01,B02
200700032704,0,31,000,08,0,1,01,A01
200700032705,0,10,000,00,2,1,09,A01
200700032705,0,07,000,00,2,1,01,B02
200700032706,0,14,000,00,2,1,00,A01
200700032706,0,07,000,00,2,1,05,B02
200700032707,0,07,000,00,0,3,15,A01
200700032707,0,07,000,00,0,1,01,B02
200700032708,0,07,000,00,2,7,15,A01
200700032708,0,10,000,00,2,1,01,B02
200700032709,0,33,000,00,0,7,01,A01
200700032710,0,07,000,00,2,1,17,A01
200700032710,0,02,000,00,2,8,10,B02
200700032711,0,07,000,00,2,3,01,A01
200700032711,0,02,000,00,2,9,13,B02
200700032712,0,30,000,00,1,1,01,A01
200700032713,0,07,000,02,0,1,00,A01
200700032714,0,07,000,00,2,1,17,A01
200700032714,0,07,000,00,2,7,15,B02
200700032715,0,07,000,08,0,1,01,A01
200700032716,0,07,000,16,0,7,01,A01
200700032717,0,07,000,10,0,9,13,A01
200700032718,0,07,000,00,2,1,17,A01
200700032718,0,07,000,00,2,8,15,B02
200700032719,0,07,000,00,2,6,15,A01
200700032719,0,33,000,00,2,1,01,B02
200700032720,0,07,000,00,2,1,13,A01
200700032720,0,07,000,00,2,1,01,B02
200700032721,0,01,000,06,0,7,02,A01
200700032722,0,33,000,00,2,1,01,A01
200700032722,0,10,000,00,2,2,15,B02
200700032723,0,36,000,00,0,0,00,A01
200700032724,0,07,000,00,2,3,02,A01
200700032724,0,07,000,00,2,6,15,B02
200700032724,0,33,000,07,2,8,01,C03
200700032725,0,07,000,02,0,2,00,A01
200700032726,0,07,000,02,0,1,00,A01
200700032727,0,02,000,00,2,1,13,A01
200700032727,0,14,000,00,2,8,01,B02
200700032728,0,07,000,00,0,9,01,A01
200700032729,0,02,000,08,0,1,01,A01
200700032730,0,31,000,00,2,3,13,A01
200700032730,0,10,000,00,2,3,01,B02
200700032731,0,07,000,00,2,1,02,A01
200700032731,0,07,000,00,2,4,01,B02
200700032731,0,07,000,00,2,1,01,C03
200700032732,0,07,000,00,2,8,15,A01
200700032732,0,33,000,00,2,1,01,B02
200700032733,0,07,000,00,2,1,13,A01
200700032733,0,07,000,00,2,3,01,B02
200700032733,0,07,000,00,2,3,01,C03
200700032734,0,10,000,00,2,3,13,A01
200700032734,0,07,000,00,2,3,01,B02
200700032735,0,07,000,00,2,3,13,A01
200700032735,0,07,000,00,2,3,01,B02
200700032736,0,02,000,00,2,8,15,A01
200700032736,0,10,000,00,2,1,01,B02
200700032737,0,30,000,00,2,1,01,A01
200700032737,0,30,000,00,2,4,16,B02
200700032738,0,07,000,02,0,3,13,A01
200700032739,0,07,000,00,2,1,19,A01
200700032739,0,07,000,02,2,3,01,B02
200700032740,0,07,000,13,0,3,13,A01
200700032741,0,07,000,00,2,1,19,A01
200700032741,0,07,000,00,2,2,01,B02
200700032742,0,07,000,06,0,2,01,A01
200700032743,0,07,000,02,6,3,01,A01
200700032744,0,07,000,10,0,3,01,A01
200700032745,0,07,000,13,2,1,15,B02
200700032745,0,07,000,13,2,1,01,A01
200700032746,0,07,000,00,2,1,01,A01
200700032746,0,07,000,00,2,1,01,B02
200700032747,0,07,000,00,0,0,00,A01
200700032747,0,07,000,00,2,1,02,B02
200700032748,0,07,000,00,2,3,15,A01
200700032748,0,02,000,00,2,1,01,B02
200700032749,0,07,000,00,2,6,15,A01
200700032749,0,33,000,00,2,1,02,B02
200700032750,0,07,000,00,1,2,01,A01
200700032751,0,07,000,13,0,1,01,A01
200700032752,0,17,000,00,2,8,13,A01
200700032752,0,07,000,00,2,3,01,B02
200700032752,0,07,000,00,2,1,01,C03
200700032753,0,07,000,00,2,1,01,A01
200700032753,0,07,000,00,2,8,01,B02
200700032754,0,07,000,00,2,3,01,A01
200700032754,0,30,000,00,2,1,13,B02
200700032755,0,07,000,00,2,1,19,A01
200700032755,0,07,000,00,2,1,01,B02
200700032756,0,07,000,00,2,4,05,A01
200700032756,0,14,000,00,2,1,02,B02
200700032757,0,10,000,00,2,3,19,A01
200700032757,0,33,000,00,2,1,01,B02
200700032758,0,07,000,00,2,4,15,A01
200700032758,0,07,000,00,2,1,02,B02
200700032759,0,07,000,00,2,1,01,A01
200700032759,0,10,000,00,0,4,23,B02
200700032760,0,01,000,06,0,1,00,A01
200700032761,0,01,000,00,2,1,01,B02
200700032761,0,07,000,00,9,2,01,A01
200700032762,0,33,000,13,0,1,17,A01
200700032763,0,07,000,00,2,2,15,A01
200700032763,0,07,000,00,0,0,00,B02
200700032764,0,07,000,00,2,2,01,A01
200700032764,0,02,000,00,2,1,19,B02
200700032765,0,02,000,00,0,0,15,A01
200700032766,0,33,000,04,0,1,17,A01
200700032767,0,01,000,00,2,1,17,A01
200700032767,0,07,000,00,2,3,15,B02
200700032768,0,07,000,00,2,3,15,A01
200700032768,0,30,000,00,2,1,01,B02
200700032769,0,10,000,00,2,6,13,A01
200700032769,0,07,000,00,2,1,23,B02
200700032770,0,01,000,00,2,7,01,A01
200700032770,0,10,000,00,2,1,21,B02
200700032771,0,07,000,00,2,8,15,A01
200700032771,0,33,000,00,2,1,13,B02
200700032772,0,33,000,00,2,1,13,A01
200700032772,0,07,000,00,2,3,01,B02
200700032773,0,07,000,00,0,4,01,A01
200700032773,0,07,000,00,0,1,01,B02
200700032774,0,07,000,00,2,1,13,A01
200700032774,0,02,000,00,2,1,13,B02
200700032775,0,10,000,00,2,1,02,A01
200700032775,0,07,000,00,2,4,02,B02
200700032776,0,07,000,00,0,0,01,A01
200700032777,0,33,000,00,2,5,21,A01
200700032777,0,03,000,00,2,2,15,B02
200700032778,0,07,000,00,2,3,19,A01
200700032778,0,10,000,00,2,8,01,B02
200700032779,0,10,000,00,2,3,01,A01
200700032779,0,01,000,00,2,8,15,B02
200700032780,0,14,000,00,1,1,13,A01
200700032780,0,07,000,00,0,0,24,B02
200700032781,0,07,000,00,2,2,15,A01
200700032781,0,07,000,00,2,8,02,B02
200700032781,0,07,000,00,2,1,01,C03
200700032782,0,33,000,00,2,3,05,A01
200700032782,0,07,000,00,2,6,05,B02
200700032783,0,10,000,00,0,4,00,A01
200700032783,0,07,000,00,0,4,02,B02
200700032783,0,10,000,00,0,1,02,C03
200700032784,0,02,000,00,2,1,01,A01
200700032785,0,07,000,00,2,3,05,A01
200700032785,0,10,000,00,2,3,01,B02
200700032786,0,10,000,00,2,7,01,A01
200700032786,0,07,000,00,2,3,19,B02
200700032787,0,02,000,02,0,1,01,A01
200700032788,0,07,000,00,2,8,10,A01
200700032788,0,07,000,00,2,1,01,B02
200700032789,0,07,000,00,2,2,21,A01
200700032789,0,01,000,00,0,0,00,B02
200700032789,1,07,000,00,0,0,17,C03
200700032790,0,07,000,00,0,1,00,A01
200700032790,0,10,000,00,0,1,13,B02
200700032791,0,07,000,00,2,8,15,A01
200700032791,0,07,000,00,2,1,13,B02
200700032792,0,07,000,02,0,8,01,A01
200700032793,0,33,000,00,2,7,15,A01
200700032793,0,07,000,00,2,1,01,B02
200700032794,0,07,000,06,0,1,01,A01
200700032795,0,07,000,06,2,2,17,A01
200700032795,0,07,000,00,2,3,15,B02
200700032796,0,07,000,02,0,1,00,A01
200700032797,0,07,000,00,2,1,01,A01
200700032797,0,30,000,00,2,8,16,B02
200700032798,0,07,000,00,0,7,15,A01
200700032798,0,01,000,00,2,1,01,B02
200700032799,0,33,000,00,0,8,01,A01
200700032800,0,07,000,00,2,8,15,A01
200700032800,0,31,000,00,2,1,01,B02
200700032801,0,07,000,13,0,1,01,A01
200700032802,0,02,000,00,2,1,01,B02
200700032802,0,07,000,00,2,5,19,A01
200700032803,0,02,000,00,2,7,01,B02
200700032803,0,07,000,00,2,2,15,A01
200700032804,0,07,000,02,0,1,19,A01
200700032805,0,38,000,00,1,2,16,A01
200700032806,0,31,000,00,2,7,05,A01
200700032806,0,07,000,00,9,1,19,B02
200700032807,0,07,000,00,2,2,01,A01
200700032807,0,01,000,00,2,1,19,B02
200700032808,0,07,000,00,9,7,02,A01
200700032808,0,01,000,00,2,8,02,B02
200700032809,0,07,000,00,0,1,06,A01
200700032809,0,07,000,00,2,1,01,B02
200700032810,0,07,000,00,2,1,09,A01
200700032810,0,30,000,00,2,7,01,B02
200700032811,0,07,000,00,2,1,15,A01
200700032811,0,33,000,00,2,1,01,B02
200700032812,0,07,000,00,2,7,15,A01
200700032812,0,33,000,00,2,1,01,B02
200700032813,0,07,000,00,2,3,13,A01
200700032813,0,07,000,00,2,3,01,B02
200700032814,0,17,000,00,2,1,01,A01
200700032814,0,33,000,00,2,8,15,B02
200700032815,0,31,000,15,0,7,01,A01
200700032816,0,07,000,00,1,3,01,A01
200700032817,0,07,000,00,0,3,01,A01
200700032817,0,30,000,00,0,1,13,B02
200700032818,0,01,000,00,2,1,13,A01
200700032818,0,07,000,00,2,8,01,B02
200700032819,0,07,000,00,2,3,01,A01
200700032819,0,14,000,00,0,8,15,B02
200700032820,0,01,000,10,0,1,01,A01
200700032821,0,33,000,16,0,0,00,A01
200700032822,0,07,000,00,2,3,00,A01
200700032822,0,07,000,00,2,3,00,B02
200700032823,0,07,000,02,0,3,13,A01
200700032824,0,07,000,00,0,7,17,A01
200700032824,0,01,000,00,0,8,01,B02
200700032825,0,07,000,00,0,7,05,A01
200700032825,0,07,000,00,2,1,01,B02
200700032825,0,07,000,00,2,1,02,C03
200700032826,0,07,000,09,0,2,01,A01
200700032827,0,10,000,00,2,3,19,A01
200700032827,0,33,000,00,2,1,01,B02
200700032828,0,02,000,00,0,0,00,A01
200700032829,0,17,000,00,0,7,02,A01
200700032830,0,07,000,13,0,8,01,A01
200700032831,0,07,000,00,0,7,01,A01
200700032831,0,14,000,00,0,1,01,B02
200700032832,0,10,000,00,2,3,19,A01
200700032832,0,02,000,00,2,1,21,B02
200700032833,0,07,000,00,0,4,05,A01
200700032833,0,07,000,00,0,1,05,B02
200700032833,0,07,000,00,0,1,05,C03
200700032834,0,33,000,00,2,1,01,A01
200700032834,0,07,000,00,2,8,15,B02
200700032835,0,07,000,15,0,7,01,A01
200700032836,0,07,000,06,0,2,01,A01
200700032837,0,07,000,00,2,3,05,A01
200700032837,0,07,000,00,2,3,01,B02
200700032838,0,10,000,00,0,9,01,A01
200700032839,0,30,000,00,0,8,00,A01
200700032839,0,33,000,00,2,1,00,B02
200700032840,0,07,000,00,2,7,17,A01
200700032840,0,07,000,00,2,8,01,B02
200700032840,0,15,000,00,2,8,01,C03
200700032841,0,31,000,08,0,3,01,A01
200700032842,0,07,000,00,2,3,01,A01
200700032842,0,07,000,00,2,8,09,B02
200700032843,0,17,000,00,2,1,02,A01
200700032843,0,07,000,00,2,4,02,B02
200700032843,0,07,000,00,2,4,02,C03
200700032844,0,07,000,02,0,3,14,A01
200700032845,0,02,000,00,0,7,01,A01
200700032846,0,07,000,00,2,2,15,A01
200700032846,0,02,000,00,2,1,01,B02
200700032847,0,07,000,00,0,1,00,A01
200700032847,0,07,000,00,2,3,13,B02
200700032848,0,07,000,00,2,2,01,A01
200700032848,0,07,000,00,0,8,15,B02
200700032849,0,02,000,00,2,1,02,A01
200700032849,0,07,000,00,0,4,02,B02
200700032850,0,07,000,00,2,3,15,A01
200700032850,0,33,000,00,2,1,01,B02
200700032851,0,07,000,00,0,6,23,A01
200700032851,0,30,000,00,2,1,02,B02
200700032852,0,07,000,00,1,5,01,A01
200700032853,0,02,000,00,2,7,17,A01
200700032853,0,01,000,00,2,8,13,B02
200700032854,0,30,000,06,0,1,00,A01
200700032855,0,07,000,13,0,9,01,A01
200700032856,0,07,000,00,2,2,13,A01
200700032856,0,07,000,00,2,3,01,B02
200700032857,0,07,000,00,2,3,11,A01
200700032857,0,07,000,00,2,7,17,B02
200700032858,0,01,000,00,2,2,19,A01
200700032858,0,10,000,00,0,1,01,B02
200700032859,0,10,000,00,0,4,23,A01
200700032859,0,33,000,01,0,1,21,B02
200700032860,0,07,000,00,2,3,05,A01
200700032860,0,31,000,00,2,3,05,B02
200700032861,0,02,000,00,0,0,01,A01
200700032862,0,10,000,00,1,5,04,A01
200700032863,0,33,000,03,2,3,13,A01
200700032863,0,07,000,00,2,8,01,B02
200700032864,0,07,000,00,2,1,02,A01
200700032864,0,07,000,00,2,4,02,B02
200700032865,0,07,000,00,2,1,15,A01
200700032865,0,30,000,00,2,1,01,B02
200700032866,0,07,000,00,2,3,09,A01
200700032866,0,02,000,00,2,1,01,B02
200700032867,0,07,000,00,2,1,15,A01
200700032867,0,31,000,00,2,1,01,B02
200700032868,0,10,000,00,9,7,15,A01
200700032868,0,01,000,00,2,1,01,B02
200700032869,0,02,000,00,9,1,01,A01
200700032870,0,07,000,00,2,6,09,A01
200700032870,0,33,000,00,2,8,01,B02
200700032871,0,07,000,00,2,3,19,A01
200700032871,0,30,000,00,2,1,01,B02
200700032872,0,07,000,00,2,2,01,A01
200700032872,0,02,000,00,2,8,19,B02
200700032873,0,07,000,02,0,8,01,A01
200700032874,0,07,000,00,2,2,15,A01
200700032874,0,33,000,00,2,1,01,B02
200700032875,0,07,000,06,0,1,01,A01
200700032876,0,07,000,00,2,1,13,A01
200700032876,0,07,000,00,2,2,01,B02
200700032876,0,07,000,00,2,3,01,C03
200700032877,0,07,000,15,0,1,17,A01
200700032878,0,07,000,02,0,1,01,A01
200700032879,0,07,000,00,0,2,01,A01
200700032880,0,02,000,00,2,8,15,A01
200700032880,0,07,000,00,2,3,01,B02
200700032881,2,10,000,00,1,1,00,A01
200700032882,0,33,000,00,0,1,17,A01
200700032882,0,21,000,00,0,3,15,B02
200700032883,0,10,000,00,2,3,01,A01
200700032883,0,07,000,00,2,1,11,B02
200700032884,0,07,000,00,2,3,09,A01
200700032884,1,07,000,00,2,2,01,B02
200700032885,0,33,000,08,0,0,01,A01
200700032886,0,07,000,00,2,8,01,B02
200700032886,0,10,000,00,2,1,01,A01
200700032887,0,10,000,00,0,4,01,A01
200700032887,0,32,000,00,2,1,01,B02
200700032888,0,07,000,00,2,1,13,A01
200700032888,0,07,000,03,2,3,01,B02
200700032889,0,30,000,00,2,1,13,A01
200700032889,0,07,000,00,2,3,01,B02
200700032890,0,15,000,00,2,3,01,A01
200700032890,0,07,000,00,2,3,01,B02
200700032891,0,10,000,00,2,3,01,A01
200700032891,0,01,000,00,0,7,01,B02
200700032892,0,07,000,00,2,1,01,A01
200700032892,0,07,000,00,0,7,15,B02
200700032893,0,07,000,00,2,1,01,A01
200700032893,0,02,000,00,2,1,01,B02
200700032894,0,07,000,00,2,6,15,A01
200700032894,0,33,000,00,2,1,13,B02
200700032895,0,33,000,00,1,1,01,A01
200700032896,0,07,000,06,2,4,04,A01
200700032896,0,02,000,06,2,1,01,B02
200700032897,0,33,000,00,2,1,01,A01
200700032897,0,10,000,00,2,3,15,B02
200700032898,0,07,000,00,0,4,20,A01
200700032899,0,07,000,06,0,0,01,A01
200700032899,0,07,000,00,0,0,01,B02
200700032900,0,07,000,01,2,5,20,A01
200700032900,0,33,000,00,0,3,23,B02
200700032901,0,36,000,08,0,2,01,A01
200700032902,0,33,000,00,2,1,13,A01
200700032902,0,07,000,00,0,6,19,B02
200700032903,0,31,000,00,2,1,01,A01
200700032903,0,07,000,00,2,8,01,B02
200700032904,0,99,000,08,0,9,01,A01
200700032905,0,07,000,00,0,8,19,B02
200700032905,0,10,000,00,2,1,00,A01
200700032906,0,07,000,00,2,1,19,A01
200700032906,0,33,000,00,2,1,01,B02
200700032907,0,07,000,00,1,8,01,A01
200700032908,0,07,000,00,0,6,10,A01
200700032908,0,33,000,00,0,1,01,B02
200700032909,0,07,000,00,1,1,01,A01
200700032910,0,07,000,00,2,1,15,A01
200700032910,0,31,000,00,2,7,01,B02
200700032911,0,07,000,00,1,1,01,A01
200700032912,0,07,000,00,2,7,13,A01
200700032912,0,07,000,00,2,2,01,B02
200700032912,0,10,000,00,2,1,01,C03
200700032913,0,07,000,00,2,3,13,A01
200700032913,0,07,000,00,2,3,01,B02
200700032914,0,07,000,08,0,2,01,A01
200700032915,0,01,000,00,0,1,01,A01
200700032915,0,07,000,00,0,3,15,B02
200700032916,0,02,000,00,2,1,01,A01
200700032916,0,14,000,00,2,8,15,B02
200700032917,0,34,000,00,0,8,01,A01
200700032918,0,02,000,06,0,7,14,A01
200700032919,0,02,000,00,2,1,01,A01
200700032919,0,37,000,00,2,1,15,B02
200700032920,0,07,000,00,2,3,15,A01
200700032920,0,30,000,00,2,1,01,B02
200700032921,0,31,000,00,0,3,01,A01
200700032922,0,02,000,00,2,1,17,A01
200700032922,0,07,000,00,2,3,01,B02
200700032923,0,02,000,00,0,0,00,A01
200700032923,0,07,000,00,0,0,00,B02
200700032923,0,07,000,00,0,0,01,C03
200700032924,0,33,000,00,2,1,01,A01
200700032924,0,13,000,00,2,0,01,B02
200700032925,0,33,000,00,2,1,02,A01
200700032925,0,07,000,00,2,6,15,B02
200700032926,0,07,000,00,1,1,01,A01
200700032927,0,02,000,00,2,1,13,A01
200700032927,0,07,000,00,2,3,01,B02
200700032928,0,07,000,00,1,7,01,A01
200700032929,0,07,000,00,2,3,01,A01
200700032929,0,33,000,00,2,1,01,B02
200700032930,0,07,000,00,1,2,01,A01
200700032931,0,33,000,00,0,7,01,A01
200700032932,0,33,000,02,0,0,01,A01
200700032933,0,07,000,02,0,3,00,A01
200700032934,0,07,000,00,2,3,17,A01
200700032934,0,07,000,00,2,3,01,B02
200700032935,0,10,000,00,2,5,01,A01
200700032935,0,02,000,00,2,1,19,B02
200700032936,0,07,000,00,1,3,13,A01
200700032937,0,31,000,00,5,1,01,A01
200700032938,0,07,000,04,0,1,01,A01
200700032939,0,07,000,02,0,1,13,A01
200700032940,0,07,000,00,2,1,13,A01
200700032940,0,10,000,00,2,3,01,B02
200700032941,0,07,000,01,0,2,01,A01
200700032942,0,02,000,00,2,8,01,A01
200700032942,0,33,000,00,2,8,23,B02
200700032943,0,07,000,00,1,1,01,A01
200700032944,0,07,000,00,0,9,17,A01
200700032945,0,30,000,14,0,1,13,A01
200700032946,0,07,000,00,9,3,01,A01
200700032946,0,01,000,00,2,0,13,B02
200700032947,0,02,000,00,2,1,01,A01
200700032947,0,07,000,00,2,1,13,B02
200700032948,0,33,000,00,0,1,01,A01
200700032949,0,07,000,00,2,3,01,A01
200700032949,0,02,000,00,2,5,01,B02
200700032950,0,07,000,00,2,2,16,A01
200700032950,0,33,000,00,2,1,01,B02
200700032951,0,07,000,02,0,9,01,A01
200700032952,0,07,000,00,2,2,01,A01
200700032952,0,07,000,00,2,3,09,B02
200700032953,0,07,000,00,2,2,13,A01
200700032953,0,10,000,00,2,3,02,B02
200700032954,0,07,000,09,0,8,21,A01
200700032955,0,07,000,06,0,3,01,A01
200700032956,0,33,000,00,2,1,01,A01
200700032956,0,14,000,00,2,6,20,B02
200700032957,0,07,000,00,0,1,01,A01
200700032958,0,07,000,00,0,0,15,A01
200700032958,0,33,000,00,0,0,21,B02
200700032959,0,33,000,00,0,0,01,A01
200700032960,0,07,000,00,2,2,01,A01
200700032960,0,01,000,00,2,8,19,B02
200700032961,0,07,000,00,2,8,17,A01
200700032961,0,07,000,00,2,3,01,B02
200700032962,0,33,000,00,2,8,01,B02
200700032962,0,07,000,00,2,8,15,A01
200700032963,0,07,000,00,2,3,09,A01
200700032963,0,31,000,00,2,1,01,B02
200700032964,0,07,000,13,0,2,01,A01
200700032965,0,07,000,10,0,2,01,A01
200700032966,0,07,000,00,2,1,17,A01
200700032966,0,07,000,00,2,1,01,B02
200700032966,0,07,000,00,2,1,01,C03
200700032967,0,07,000,00,1,2,01,A01
200700032968,0,15,000,00,2,1,02,A01
200700032968,0,07,000,00,2,4,02,B02
200700032968,0,03,000,00,2,4,02,C03
200700032969,0,07,000,06,0,9,01,A01
200700032970,0,07,000,00,2,2,13,A01
200700032970,0,07,000,00,2,1,01,B02
200700032970,0,07,000,00,2,1,01,C03
200700032971,0,17,000,00,0,8,01,A01
200700032972,0,07,000,00,2,3,13,A01
200700032972,0,07,000,00,2,3,01,B02
200700032973,0,07,000,00,2,1,01,A01
200700032973,0,07,000,00,2,1,01,B02
200700032974,0,33,000,00,0,7,00,A01
200700032975,0,07,000,00,9,7,15,A01
200700032975,0,02,000,00,2,1,01,B02
200700032976,0,30,000,08,0,7,01,A01
200700032977,0,33,000,00,0,4,01,A01
200700032977,0,33,000,00,2,1,02,B02
200700032978,0,07,000,00,0,1,15,A01
200700032978,0,07,000,00,0,1,01,B02
200700032979,0,33,000,00,9,1,13,A01
200700032979,0,07,000,00,2,3,01,B02
200700032980,0,07,000,00,2,2,13,A01
200700032980,0,31,000,00,2,2,14,B02
200700032981,0,07,000,00,2,1,01,A01
200700032981,0,07,000,00,0,4,15,B02
200700032982,0,07,000,00,2,3,19,A01
200700032982,0,07,000,00,2,1,01,B02
200700032983,0,33,000,12,0,1,01,A01
200700032984,0,02,000,08,0,1,16,A01
200700032985,0,33,000,00,2,1,17,A01
200700032985,0,07,000,00,0,3,15,B02
200700032986,0,07,000,00,0,3,01,A01
200700032986,0,02,000,00,2,1,01,B02
200700032987,0,07,000,00,2,3,11,A01
200700032987,0,15,000,00,2,3,01,B02
200700032988,0,07,000,00,0,7,13,A01
200700032988,0,07,000,00,2,1,01,B02
200700032989,0,07,000,00,2,5,17,A01
200700032989,0,07,000,00,2,3,15,B02
200700032990,0,02,000,16,0,7,01,A01
200700032991,0,07,000,00,2,1,01,A01
200700032991,0,07,000,00,2,1,13,B02
200700032992,0,31,000,00,2,0,02,A01
200700032992,0,31,000,00,2,0,02,B02
200700032993,0,07,000,00,2,7,01,A01
200700032993,0,10,000,00,2,1,01,B02
200700032994,0,33,000,00,0,8,01,A01
200700032995,0,07,000,08,0,3,14,A01
200700032996,0,07,000,00,2,1,01,A01
200700032996,0,02,000,00,2,0,00,B02
200700032997,0,10,000,00,2,3,17,A01
200700032997,0,15,000,00,2,8,01,B02
200700032998,0,02,000,00,0,1,01,A01
200700032999,0,07,000,00,2,9,01,A01
200700032999,0,07,000,00,2,9,16,B02
200700033000,0,17,000,16,0,1,01,A01
200700033001,0,99,000,00,0,6,01,A01
200700033001,0,13,000,00,0,2,01,B02
200700033002,0,07,000,00,2,1,13,A01
200700033002,0,07,000,00,2,1,01,B02
200700033003,0,07,000,00,0,9,01,A01
200700033004,0,03,000,00,2,6,19,A01
200700033004,0,10,000,00,2,1,01,B02
200700033005,0,07,000,00,2,1,01,A01
200700033005,0,07,000,00,2,3,01,B02
200700033006,0,21,000,00,0,0,15,B02
200700033006,0,02,000,00,0,0,01,A01
200700033007,0,33,000,00,0,1,01,A01
200700033007,0,10,000,00,2,6,01,B02
200700033007,0,07,000,00,9,3,05,C03
200700033008,0,07,000,13,0,7,01,A01
200700033009,0,07,000,00,0,0,00,A01
200700033009,0,07,000,00,2,3,01,B02
200700033010,0,07,000,13,0,1,01,A01
200700033011,0,07,000,00,0,2,00,A01
200700033011,0,07,000,00,0,2,13,B02
200700033012,0,07,000,00,2,1,01,A01
200700033012,0,07,000,00,2,1,13,B02
200700033013,0,07,000,13,0,7,01,A01
200700033014,0,07,000,00,2,1,13,A01
200700033014,0,07,000,00,0,8,01,B02
200700033015,0,10,000,00,2,3,02,A01
200700033015,0,10,000,00,0,5,15,B02
200700033016,0,30,000,00,2,1,15,A01
200700033016,0,07,000,00,2,8,01,B02
200700033017,0,07,000,00,0,9,13,A01
200700033018,0,02,000,00,2,8,19,A01
200700033018,0,07,000,00,2,3,01,B02
200700033019,0,07,000,00,0,9,01,A01
200700033020,0,01,000,00,0,0,00,A01
200700033021,0,07,000,00,2,2,01,A01
200700033021,0,02,000,00,2,1,19,B02
200700033022,0,33,000,00,2,1,02,A01
200700033022,0,33,000,00,0,4,02,B02
200700033023,0,07,000,00,9,2,01,A01
200700033023,0,01,000,00,2,8,19,B02
200700033024,0,07,000,00,2,3,01,A01
200700033024,0,02,000,00,2,1,19,B02
200700033025,0,07,000,03,0,9,01,A01
200700033026,0,07,000,00,2,1,01,A01
200700033026,0,33,000,01,2,1,16,B02
200700033027,0,07,000,08,0,8,01,A01
200700033028,0,07,000,00,2,1,01,A01
200700033028,0,31,000,00,2,1,13,B02
200700033029,0,07,000,00,0,1,01,A01
200700033030,0,33,000,10,0,7,01,A01
200700033031,0,07,000,00,2,3,13,A01
200700033031,0,07,000,00,2,3,01,B02
200700033032,0,10,000,00,0,1,01,A01
200700033032,0,01,000,00,0,8,19,B02
200700033033,0,07,000,00,2,2,13,A01
200700033033,0,07,000,00,2,1,01,B02
200700033034,0,07,000,02,0,1,01,A01
200700033035,0,07,000,13,0,1,13,A01
200700033036,0,07,000,00,2,3,15,A01
200700033036,0,33,000,00,2,1,17,B02
200700033037,0,07,000,00,0,2,01,A01
200700033037,0,07,000,00,2,7,01,B02
200700033038,0,03,000,00,2,1,13,A01
200700033038,0,07,000,00,2,3,01,B02
200700033039,0,07,000,00,0,1,01,A01
200700033039,0,07,000,00,0,4,01,B02
200700033039,0,07,000,00,0,4,23,C03
200700033040,0,07,000,00,1,0,01,A01
200700033041,0,33,000,16,0,7,01,A01
200700033042,0,33,000,00,0,1,16,A01
200700033043,0,30,000,00,2,1,02,A01
200700033043,0,30,000,00,2,4,02,B02
200700033044,0,07,000,00,2,2,02,A01
200700033044,0,02,000,00,2,1,13,B02
200700033045,0,33,000,00,0,7,01,A01
200700033046,0,33,000,00,0,8,20,A01
200700033047,0,07,000,00,2,2,15,A01
200700033047,0,07,000,00,2,1,01,B02
200700033048,0,07,000,00,2,7,01,B02
200700033048,0,07,000,00,2,3,15,C03
200700033048,0,07,000,00,2,1,01,D04
200700033048,0,07,000,00,0,0,15,A01
200700033049,0,02,000,00,2,1,13,A01
200700033049,0,07,000,00,2,8,01,B02