Num_Acc,senc,catv,occutc,obs,obsm,choc,manv,num_veh
200700033050,0,07,000,06,0,1,01,A01
200700033051,0,07,000,00,2,2,01,A01
200700033051,0,07,000,00,2,3,15,B02
200700033052,0,33,000,16,0,1,01,A01
200700033053,0,07,000,00,0,1,00,A01
200700033053,0,17,000,00,0,5,00,B02
200700033054,0,07,000,16,0,3,01,A01
200700033055,0,33,000,00,2,1,01,A01
200700033055,0,07,000,00,2,1,01,B02
200700033056,0,07,000,13,0,1,01,A01
200700033057,0,07,000,00,2,3,13,A01
200700033057,0,07,000,00,2,8,01,B02
200700033058,0,07,000,08,0,1,01,A01
200700033058,0,07,000,00,9,0,01,B02
200700033059,0,07,000,00,2,3,01,B02
200700033059,0,07,000,00,2,2,15,A01
200700033060,0,07,000,00,2,3,01,A01
200700033060,0,01,000,00,2,1,01,B02
200700033061,0,07,000,02,0,6,01,A01
200700033062,0,07,000,13,0,1,01,A01
200700033063,0,07,000,00,2,1,15,A01
200700033063,0,33,000,00,2,1,01,B02
200700033064,0,30,000,00,0,8,15,A01
200700033064,0,07,000,00,0,3,17,B02
200700033065,0,30,000,14,0,1,01,A01
200700033066,0,07,000,00,2,1,01,A01
200700033066,0,07,000,03,2,1,01,B02
200700033067,0,33,000,13,0,9,01,A01
200700033068,0,07,000,00,2,3,15,A01
200700033068,0,35,000,00,2,1,01,B02
200700033069,0,07,000,00,0,0,01,A01
200700033069,0,07,000,00,2,2,17,B02
200700033070,0,07,000,00,0,1,01,A01
200700033071,0,07,000,00,2,2,01,A01
200700033071,0,99,000,00,2,1,01,B02
200700033072,0,07,000,02,0,0,01,A01
200700033073,0,07,000,00,2,3,13,A01
200700033073,0,07,000,00,2,3,01,B02
200700033074,0,07,000,00,2,3,17,A01
200700033074,0,07,000,00,2,3,01,B02
200700033075,0,07,000,00,2,1,01,A01
200700033075,0,07,000,00,2,8,19,B02
200700033076,0,07,000,00,2,1,19,A01
200700033076,0,01,000,01,0,1,21,B02
200700033076,0,07,000,00,0,3,23,C03
200700033077,0,07,000,13,0,9,01,A01
200700033078,0,07,000,00,2,3,01,A01
200700033078,0,07,000,00,2,3,01,B02
200700033079,0,07,000,00,2,7,19,A01
200700033079,0,07,000,00,2,1,01,B02
200700033080,0,07,000,00,0,0,00,A01
200700033080,0,07,000,00,2,2,01,B02
200700033081,0,07,000,00,1,1,01,A01
200700033082,0,10,000,00,1,3,01,A01
200700033083,0,07,000,00,2,1,11,A01
200700033083,0,07,000,00,2,1,01,B02
200700033084,0,07,000,00,9,1,01,A01
200700033084,0,01,000,00,2,7,19,B02
200700033085,0,33,000,02,0,7,01,A01
200700033086,0,07,000,00,1,2,01,A01
200700033087,0,33,000,00,5,1,01,A01
200700033088,0,01,000,00,2,8,16,A01
200700033088,0,07,000,00,2,8,01,B02
200700033089,0,07,000,06,0,7,01,A01
200700033090,0,07,000,00,2,7,13,A01
200700033090,0,10,000,00,2,1,01,B02
200700033091,0,02,000,00,0,0,21,A01
200700033092,0,07,000,00,1,2,01,A01
200700033093,0,07,000,16,2,3,13,A01
200700033093,0,10,000,00,2,3,21,B02
200700033094,0,17,000,00,2,2,11,A01
200700033094,0,10,000,00,0,6,01,B02
200700033095,0,07,000,00,1,8,01,A01
200700033096,0,07,000,00,2,8,05,A01
200700033096,0,07,000,00,2,8,17,B02
200700033096,0,07,000,00,2,6,01,C03
200700033097,0,07,000,00,2,1,01,A01
200700033097,0,10,000,00,2,8,19,B02
200700033098,0,07,000,02,0,7,01,A01
200700033099,0,07,000,00,1,6,19,A01
200700033100,0,07,000,00,1,7,01,A01
200700033101,0,07,000,00,2,1,15,A01
200700033101,0,01,000,00,2,1,01,B02
200700033102,0,07,000,13,2,3,01,A01
200700033102,0,07,000,00,2,3,01,B02
200700033102,0,01,000,00,0,3,00,C03
200700033103,0,07,000,00,2,1,01,A01
200700033103,0,07,000,00,2,1,01,C03
200700033104,0,07,000,13,0,1,01,A01
200700033105,0,33,000,02,0,7,13,A01
200700033106,0,07,000,08,0,1,01,A01
200700033107,0,07,000,00,2,6,02,A01
200700033107,0,02,000,00,2,1,02,B02
200700033108,0,33,000,00,2,1,01,A01
200700033108,0,10,000,00,2,4,01,B02
200700033109,0,07,000,00,0,1,01,A01
200700033110,0,07,000,15,0,6,00,A01
200700033110,0,07,000,00,0,1,00,B02
200700033110,0,33,000,00,0,1,21,C03
200700033111,0,07,000,02,0,1,01,A01
200700033112,0,07,000,00,2,3,05,A01
200700033112,0,07,000,00,2,3,05,B02
200700033113,0,07,000,00,9,1,15,A01
200700033113,0,02,000,00,2,1,01,B02
200700033114,0,99,000,00,0,1,00,A01
200700033115,0,07,000,13,0,1,15,A01
200700033116,0,07,000,15,0,1,01,A01
200700033117,0,07,000,00,1,2,00,A01
200700033118,0,30,000,00,0,1,01,A01
200700033119,0,33,000,06,0,1,01,A01
200700033120,0,10,000,00,2,3,10,A01
200700033120,0,02,000,00,2,2,17,B02
200700033121,0,07,000,02,0,7,01,A01
200700033122,0,30,000,00,0,1,00,A01
200700033123,0,02,000,00,0,0,00,A01
200700033124,0,33,000,00,2,1,01,A01
200700033124,0,30,000,00,0,4,01,B02
200700033125,0,07,000,00,1,7,01,A01
200700033126,0,33,000,00,2,2,17,A01
200700033126,0,33,000,00,2,6,13,B02
200700033127,0,07,000,00,2,1,01,A01
200700033127,0,01,000,00,2,8,19,B02
200700033128,0,07,000,13,0,2,01,A01
200700033129,0,07,000,00,0,3,01,A01
200700033129,0,01,000,00,0,2,15,B02
200700033130,0,07,000,16,0,0,16,A01
200700033131,0,01,000,00,2,1,19,A01
200700033131,0,07,000,00,2,2,01,B02
200700033132,0,02,000,10,0,3,13,A01
200700033133,0,07,000,00,2,2,01,A01
200700033133,0,30,000,00,2,7,19,B02
200700033134,0,07,000,00,2,2,00,A01
200700033134,0,02,000,00,2,1,00,B02
200700033135,0,07,000,13,0,9,13,A01
200700033136,0,07,000,00,1,1,01,A01
200700033137,0,07,000,00,2,3,17,A01
200700033137,0,07,000,00,2,3,01,B02
200700033138,0,07,000,00,2,1,21,A01
200700033138,0,03,000,00,0,2,15,B02
200700033138,0,07,000,00,0,2,01,C03
200700033139,0,07,000,13,0,9,01,A01
200700033140,0,31,000,00,0,8,01,A01
200700033141,0,07,000,00,0,5,01,A01
200700033141,0,02,000,00,0,1,00,B02
200700033142,0,10,000,00,4,2,19,A01
200700033142,0,39,000,00,2,1,01,B02
200700033143,0,07,000,13,0,2,01,A01
200700033144,0,07,000,00,0,7,13,A01
200700033144,0,07,000,00,0,1,01,B02
200700033145,0,10,000,00,2,7,01,A01
200700033145,0,02,000,00,2,1,16,B02
200700033146,0,30,000,00,1,1,01,A01
200700033147,0,07,000,02,0,2,01,A01
200700033148,0,07,000,13,0,9,17,A01
200700033149,0,33,000,13,0,1,21,A01
200700033150,0,07,000,00,9,7,01,A01
200700033150,0,01,000,00,2,1,01,B02
200700033150,0,01,000,00,2,1,01,C03
200700033151,0,33,000,00,0,8,01,A01
200700033152,0,07,000,00,0,4,16,A01
200700033152,0,07,000,00,2,1,01,B02
200700033153,0,07,000,06,0,1,14,A01
200700033154,0,07,000,00,2,1,17,A01
200700033154,0,02,000,00,2,1,01,B02
200700033155,0,07,000,13,0,9,01,A01
200700033156,0,07,000,00,2,2,19,A01
200700033156,0,33,000,01,2,5,21,B02
200700033157,0,33,000,00,2,1,13,A01
200700033157,0,33,000,00,2,1,01,B02
200700033157,0,33,000,00,2,8,01,C03
200700033158,0,07,000,00,2,2,01,A01
200700033158,0,07,000,00,2,1,00,B02
200700033159,0,02,000,00,2,1,13,A01
200700033159,0,10,000,00,2,1,01,B02
200700033160,0,33,000,08,0,1,01,A01
200700033161,0,10,000,00,2,1,01,A01
200700033161,0,07,000,00,0,8,19,B02
200700033162,0,07,000,15,2,8,19,A01
200700033162,0,07,000,00,0,1,01,B02
200700033163,0,07,000,00,2,3,15,A01
200700033163,0,33,000,00,2,3,21,B02
200700033164,0,02,000,06,0,1,01,A01
200700033165,0,07,000,00,2,7,17,A01
200700033165,0,07,000,00,2,8,15,B02
200700033166,0,07,000,00,1,7,01,A01
200700033167,0,07,000,00,9,2,01,A01
200700033167,0,01,000,00,2,8,13,B02
200700033168,0,07,000,00,0,4,00,B02
200700033169,0,03,000,16,0,9,01,A01
200700033170,0,33,000,00,6,1,00,A01
200700033171,0,01,000,00,2,1,01,A01
200700033171,0,07,000,00,9,3,16,B02
200700033172,0,07,000,00,9,7,01,A01
200700033172,0,01,000,00,2,1,19,B02
200700033173,0,07,000,00,2,4,02,A01
200700033173,0,07,000,00,2,1,02,B02
200700033174,0,02,000,00,2,1,01,A01
200700033174,0,01,000,00,2,1,19,B02
200700033175,0,07,000,00,2,2,01,A01
200700033175,0,07,000,00,2,3,01,B02
200700033176,0,30,000,06,0,1,01,A01
200700033177,0,03,000,06,0,1,01,A01
200700033178,0,07,000,16,0,9,01,A01
200700033179,0,07,000,00,2,1,13,A01
200700033179,0,01,000,00,0,0,00,B02
200700033180,0,07,000,00,2,1,01,A01
200700033180,0,30,000,00,0,7,19,B02
200700033180,0,14,000,00,0,8,23,C03
200700033181,0,02,000,00,0,0,01,A01
200700033181,0,02,000,14,0,1,01,B02
200700033182,0,07,000,02,0,1,13,A01
200700033183,0,30,000,00,0,0,01,A01
200700033184,0,33,000,03,0,4,15,A01
200700033185,0,07,000,13,0,9,17,A01
200700033186,0,02,000,16,0,3,01,A01
200700033187,0,15,000,00,2,8,01,A01
200700033187,0,07,000,00,2,8,01,B02
200700033188,0,17,000,03,0,6,01,A01
200700033189,0,07,000,13,0,1,01,A01
200700033190,0,07,000,00,2,1,02,A01
200700033190,0,07,000,00,2,4,02,B02
200700033190,0,07,000,00,0,4,02,C03
200700033191,0,07,000,02,0,1,01,A01
200700033192,0,33,000,07,0,7,01,A01
200700033193,0,07,000,00,0,5,04,A01
200700033193,0,02,000,00,2,1,01,B02
200700033194,0,07,000,00,2,7,10,A01
200700033194,0,07,000,00,2,1,01,B02
200700033195,0,14,000,13,0,9,02,A01
200700033196,0,31,000,00,2,8,11,A01
200700033196,0,07,000,00,9,2,01,B02
200700033197,0,02,000,00,2,1,19,A01
200700033197,0,07,000,00,2,2,01,B02
200700033198,0,31,000,00,0,0,01,A01
200700033199,0,07,000,02,0,3,01,A01
200700033200,0,10,000,13,0,3,14,A01
200700033201,0,07,000,08,0,3,01,A01
200700033202,0,07,000,02,0,1,01,A01
200700033203,0,07,000,13,0,3,13,A01
200700033204,0,02,000,00,0,8,00,A01
200700033205,0,07,000,00,9,2,01,A01
200700033205,0,01,000,00,0,4,13,B02
200700033206,0,33,000,00,0,7,01,A01
200700033207,0,15,000,00,2,3,01,A01
200700033207,0,01,000,00,0,4,09,B02
200700033208,0,01,000,00,2,8,15,A01
200700033208,0,33,000,00,2,1,17,B02
200700033209,0,07,000,02,0,1,14,A01
200700033210,0,07,000,06,0,3,01,A01
200700033211,0,07,000,00,2,4,20,A01
200700033211,0,30,000,00,2,1,02,B02
200700033212,0,02,000,01,0,1,14,A01
200700033213,0,07,000,00,2,1,15,A01
200700033213,0,07,000,00,2,7,01,B02
200700033214,0,07,000,02,0,2,14,A01
200700033215,0,01,000,00,1,1,01,A01
200700033216,0,07,000,14,2,7,13,A01
200700033216,0,07,000,00,2,2,01,B02
200700033217,0,14,000,06,0,1,00,A01
200700033218,0,33,000,00,6,1,01,A01
200700033219,0,07,000,00,2,8,10,A01
200700033219,0,31,000,00,2,1,02,B02
200700033219,0,07,000,00,2,3,24,C03
200700033220,0,07,000,03,0,2,02,A01
200700033221,0,07,000,03,0,3,01,A01
200700033222,0,07,000,04,0,1,00,A01
200700033223,0,07,000,00,9,1,13,A01
200700033223,0,17,000,00,2,1,05,B02
200700033224,0,07,000,03,2,6,01,A01
200700033224,0,07,000,00,2,3,01,B02
200700033225,0,07,000,07,0,1,01,A01
200700033226,0,07,000,00,1,1,01,A01
200700033227,0,07,000,00,9,2,01,A01
200700033227,0,01,000,00,2,8,19,B02
200700033228,0,07,000,00,0,9,01,A01
200700033229,0,10,000,00,2,2,17,A01
200700033229,0,07,000,00,2,3,17,B02
200700033230,1,10,000,00,1,2,01,A01
200700033231,0,07,000,13,0,9,01,A01
200700033232,0,01,000,00,2,1,15,A01
200700033232,0,07,000,00,9,1,16,B02
200700033233,0,30,000,08,0,1,01,A01
200700033234,0,07,000,00,2,3,01,A01
200700033234,0,07,000,00,2,3,01,B02
200700033235,0,07,000,00,2,3,01,A01
200700033235,0,38,000,00,2,3,01,B02
200700033236,0,07,000,02,0,2,01,A01
200700033237,0,33,000,00,6,2,21,A01
200700033238,0,07,000,13,0,2,01,A01
200700033239,0,07,000,00,2,2,01,A01
200700033239,0,31,000,00,2,1,01,B02
200700033240,0,02,000,00,2,1,01,A01
200700033240,0,07,000,00,2,3,15,B02
200700033241,0,02,000,16,0,1,01,A01
200700033242,0,17,000,00,2,3,15,B02
200700033242,0,31,000,00,2,1,01,A01
200700033243,0,17,000,00,2,1,01,A01
200700033243,0,10,000,00,2,4,01,B02
200700033243,0,10,000,00,2,4,01,C03
200700033243,0,07,000,00,2,1,01,D04
200700033244,0,07,000,00,2,3,01,A01
200700033244,0,07,000,00,2,3,01,B02
200700033245,0,07,000,00,2,3,15,A01
200700033245,0,02,000,00,2,1,01,B02
200700033246,0,07,000,00,1,1,01,A01
200700033247,0,07,000,00,1,2,19,A01
200700033248,0,30,000,00,2,1,01,B02
200700033248,0,07,000,00,2,2,19,A01
200700033249,0,07,000,00,2,2,13,A01
200700033249,0,07,000,00,2,1,01,B02
200700033250,0,02,000,00,2,3,01,A01
200700033250,0,14,000,00,2,8,01,B02
200700033251,0,07,000,02,0,9,01,A01
200700033252,0,07,000,00,2,1,13,A01
200700033252,0,07,000,00,2,8,01,B02
200700033253,0,33,000,00,2,8,01,A01
200700033253,0,07,000,00,2,8,13,B02
200700033254,0,17,000,00,2,1,02,A01
200700033254,0,17,000,00,0,4,02,B02
200700033255,0,07,000,00,2,1,01,A01
200700033255,0,07,000,00,2,1,01,B02
200700033256,0,07,000,02,0,3,01,A01
200700033257,0,07,000,00,2,7,17,A01
200700033257,0,15,000,00,2,3,17,B02
200700033258,0,07,000,00,0,7,19,A01
200700033258,0,17,000,00,2,1,01,B02
200700033258,0,07,000,00,0,1,23,D04
200700033259,0,07,000,00,2,3,01,A01
200700033259,0,02,000,00,2,1,13,B02
200700033260,0,07,000,10,0,3,01,A01
200700033261,0,07,000,02,0,1,14,A01
200700033262,0,07,000,13,0,1,01,A01
200700033263,0,07,000,00,2,7,17,A01
200700033263,0,07,000,00,2,8,01,B02
200700033264,0,07,000,02,0,8,14,A01
200700033265,0,07,000,00,2,1,13,A01
200700033265,0,07,000,00,2,1,01,B02
200700033266,0,07,000,00,2,6,01,A01
200700033266,0,02,000,00,2,1,01,B02
200700033266,0,07,000,00,2,3,01,C03
200700033267,0,07,000,00,0,1,01,A01
200700033268,0,07,000,00,2,3,13,A01
200700033268,0,07,000,00,2,3,01,B02
200700033269,0,07,000,00,2,1,02,A01
200700033269,0,02,000,00,2,4,02,B02
200700033270,0,07,000,00,2,1,01,B02
200700033270,0,07,000,00,2,7,01,A01
200700033271,0,07,000,00,2,1,01,A01
200700033271,0,07,000,00,0,4,23,B02
200700033272,0,07,000,13,0,9,01,A01
200700033273,0,07,000,00,2,3,13,A01
200700033273,0,33,000,00,2,1,01,B02
200700033273,0,33,000,00,2,3,01,C03
200700033274,0,07,000,08,0,1,14,A01
200700033275,0,07,000,06,1,1,13,A01
200700033276,0,02,000,00,0,7,19,A01
200700033276,0,07,000,00,0,1,01,B02
200700033277,0,33,000,00,0,7,01,A01
200700033278,0,30,000,00,2,1,01,A01
200700033278,0,30,000,00,2,3,19,B02
200700033279,0,07,000,09,0,7,01,A01
200700033280,0,07,000,00,2,2,01,A01
200700033280,0,31,000,00,2,7,00,B02
200700033281,0,33,000,00,0,9,13,A01
200700033282,0,07,000,00,2,1,01,A01
200700033282,0,07,000,00,2,8,19,B02
200700033283,0,07,000,00,2,3,16,A01
200700033283,0,33,000,00,2,8,01,B02
200700033284,0,07,000,00,0,0,14,A01
200700033285,0,02,000,00,2,1,01,A01
200700033285,0,07,000,00,2,3,01,B02
200700033286,0,01,000,00,2,4,02,A01
200700033286,0,07,000,00,2,1,09,B02
200700033287,0,07,000,00,2,2,15,A01
200700033287,0,07,000,00,2,1,01,B02
200700033288,0,07,000,00,2,1,15,A01
200700033288,0,07,000,00,2,1,01,B02
200700033288,0,07,000,00,2,3,02,C03
200700033288,0,07,000,13,0,3,21,D04
200700033289,0,02,000,00,2,8,01,A01
200700033289,0,07,000,00,2,2,01,B02
200700033290,0,07,000,00,2,1,01,A01
200700033290,0,07,000,00,2,1,00,B02
200700033291,0,07,000,06,0,1,01,A01
200700033292,0,07,000,00,2,8,17,A01
200700033292,0,03,000,00,2,3,01,B02
200700033293,0,07,000,00,1,2,01,A01
200700033294,0,07,000,00,2,2,01,A01
200700033294,0,02,000,00,2,1,15,B02
200700033295,0,07,000,00,2,1,01,A01
200700033295,0,07,000,00,2,1,15,B02
200700033296,0,37,000,00,0,0,17,A01
200700033296,0,32,000,14,0,8,01,B02
200700033296,0,02,000,00,0,0,00,C03
200700033297,0,07,000,00,2,2,01,A01
200700033297,0,10,000,00,2,2,15,B02
200700033298,0,07,000,06,0,7,01,A01
200700033299,0,17,000,00,2,2,19,A01
200700033299,0,07,000,00,2,8,01,B02
200700033300,0,10,000,00,2,7,15,A01
200700033300,0,33,000,00,2,7,01,B02
200700033301,0,10,000,00,2,3,01,A01
200700033301,0,07,000,00,2,3,01,B02
200700033301,0,07,000,00,2,1,01,C03
200700033302,0,33,000,00,2,1,02,A01
200700033302,0,07,000,00,2,4,02,B02
200700033303,0,07,000,00,2,6,15,A01
200700033303,0,33,000,00,2,1,01,B02
200700033304,0,33,000,00,2,1,01,A01
200700033304,0,33,000,00,2,1,01,B02
200700033305,0,07,000,00,0,1,13,A01
200700033305,0,07,000,00,0,1,01,B02
200700033306,0,07,000,00,2,3,15,A01
200700033306,0,33,000,00,2,1,01,B02
200700033307,0,07,000,03,2,8,13,A01
200700033307,0,33,000,00,2,1,01,B02
200700033308,0,02,000,00,2,1,06,A01
200700033308,0,33,000,00,2,1,01,B02
200700033309,0,07,000,00,2,8,13,A01
200700033309,0,33,000,00,2,8,09,B02
200700033310,0,10,000,00,2,1,13,A01
200700033310,0,07,000,00,2,1,13,B02
200700033311,0,32,000,00,0,1,01,A01
200700033312,0,33,000,00,2,1,05,A01
200700033312,0,07,000,00,9,1,01,B02
200700033313,0,07,000,00,2,8,19,A01
200700033313,0,10,000,00,2,1,01,B02
200700033314,0,07,000,00,2,7,01,A01
200700033314,0,02,000,00,2,1,15,B02
200700033315,0,07,000,00,1,8,15,A01
200700033316,0,02,000,00,2,1,01,A01
200700033316,0,07,000,00,0,2,15,B02
200700033317,0,07,000,00,2,3,13,A01
200700033317,0,07,000,00,2,3,01,B02
200700033317,0,07,000,00,2,1,01,C03
200700033318,0,02,000,08,0,1,14,A01
200700033319,0,07,000,00,0,2,00,A01
200700033319,0,17,000,00,0,3,00,B02
200700033320,0,07,000,00,2,7,15,A01
200700033320,0,02,000,00,2,1,01,B02
200700033321,0,07,000,00,2,3,19,A01
200700033321,0,02,000,00,2,0,01,B02
200700033322,0,17,000,00,1,2,01,A01
200700033323,0,99,000,00,2,3,15,A01
200700033323,0,02,000,00,2,1,01,B02
200700033324,0,07,000,00,2,1,13,A01
200700033324,0,07,000,00,2,1,01,B02
200700033325,0,21,000,00,2,3,15,A01
200700033325,0,02,000,00,2,1,17,B02
200700033326,0,17,000,00,2,0,01,A01
200700033326,0,10,000,00,2,0,19,B02
200700033327,1,07,000,00,2,8,09,A01
200700033327,0,30,000,00,2,1,01,B02
200700033328,0,10,000,00,2,8,15,A01
200700033328,0,02,000,00,2,2,17,B02
200700033329,0,07,000,00,2,3,19,A01
200700033329,0,07,000,00,2,2,01,B02
200700033330,0,07,000,00,0,4,02,A01
200700033330,0,15,000,01,2,1,02,B02
200700033331,0,10,000,04,2,3,13,A01
200700033331,0,10,000,00,2,3,01,B02
200700033332,0,07,000,00,0,2,02,A01
200700033332,0,07,000,00,0,6,02,B02
200700033333,0,07,000,01,0,1,01,A01
200700033333,0,07,000,01,0,4,24,B02
200700033333,0,13,000,01,0,4,24,C03
200700033334,0,07,000,00,2,3,11,A01
200700033334,0,15,000,00,2,5,00,B02
200700033335,0,99,000,13,0,1,17,A01
200700033336,0,07,000,00,2,1,00,A01
200700033336,0,07,000,00,2,4,00,B02
200700033336,0,07,000,00,2,4,02,C03
200700033336,0,07,000,00,2,4,02,D04
200700033337,0,07,000,13,0,1,01,A01
200700033338,0,07,000,00,2,2,14,A01
200700033338,0,07,000,00,2,6,01,B02
200700033338,0,17,000,00,2,6,01,C03
200700033339,0,07,000,00,2,1,02,A01
200700033339,0,07,000,00,2,4,02,B02
200700033339,0,07,000,00,2,5,02,C03
200700033340,0,37,000,00,2,3,01,A01
200700033340,0,07,000,00,2,1,13,B02
200700033341,0,07,000,00,2,7,15,A01
200700033341,0,10,000,00,2,1,01,B02
200700033342,0,33,000,00,2,1,01,A01
200700033342,0,31,000,00,2,7,15,B02
200700033343,0,07,000,00,0,6,11,A01
200700033343,0,07,000,00,0,6,01,B02
200700033343,0,31,000,00,0,3,01,C03
200700033344,0,07,000,00,2,2,15,A01
200700033344,0,02,000,00,2,1,01,B02
200700033345,0,07,000,13,0,2,14,A01
200700033346,0,10,000,00,2,5,15,A01
200700033346,0,33,000,00,2,1,01,B02
200700033347,0,07,000,00,2,5,15,A01
200700033347,0,32,000,00,2,1,01,B02
200700033348,0,33,000,00,2,1,01,A01
200700033348,0,10,000,00,2,7,15,B02
200700033349,0,34,000,00,2,1,17,A01
200700033349,0,07,000,00,2,3,01,B02
200700033349,0,07,000,14,0,3,01,C03
200700033350,0,33,000,00,2,1,01,A01
200700033350,0,07,000,00,2,8,15,B02
200700033351,0,07,000,00,2,1,01,A01
200700033351,0,17,000,00,2,4,23,B02
200700033352,0,07,000,00,2,1,21,B02
200700033352,0,07,000,00,2,3,01,C03
200700033353,0,07,000,00,9,6,19,A01
200700033353,0,33,000,00,2,1,01,B02
200700033354,0,07,000,00,2,1,15,A01
200700033354,0,31,000,00,2,8,18,B02
200700033355,0,01,000,00,0,0,00,A01
200700033355,0,07,000,00,9,3,01,B02
200700033356,0,07,000,00,0,6,24,A01
200700033356,0,01,000,01,0,1,01,B02
200700033357,0,07,000,00,2,3,15,A01
200700033357,0,07,000,00,2,1,01,B02
200700033357,0,07,000,00,2,2,23,C03
200700033358,0,10,000,00,2,3,21,A01
200700033358,0,33,000,00,2,3,13,B02
200700033358,0,21,000,00,0,0,19,C03
200700033359,0,07,000,00,2,7,15,A01
200700033359,0,02,000,00,2,1,01,B02
200700033360,0,07,000,00,9,2,19,A01
200700033360,0,33,000,00,2,7,01,B02
200700033360,0,07,000,00,9,8,01,C03
200700033361,0,07,000,00,2,3,13,A01
200700033361,0,07,000,00,2,3,01,B02
200700033362,0,07,000,00,2,1,19,A01
200700033362,0,07,000,00,2,2,01,B02
200700033363,0,02,000,00,2,8,02,A01
200700033363,0,07,000,00,2,4,02,B02
200700033364,0,07,000,00,2,1,02,A01
200700033364,0,07,000,00,0,4,01,B02
200700033365,0,07,000,00,2,7,19,A01
200700033365,0,01,000,00,2,3,01,B02
200700033366,0,07,000,00,2,3,15,A01
200700033366,0,02,000,00,2,1,17,B02
200700033367,0,33,000,00,2,1,17,A01
200700033367,0,07,000,00,2,6,15,B02
200700033368,0,07,000,00,2,2,23,A01
200700033368,0,07,000,14,0,1,01,B02
200700033369,0,07,000,00,2,7,13,A01
200700033369,0,07,000,00,2,7,01,B02
200700033370,0,07,000,00,2,1,01,A01
200700033370,0,07,000,00,2,8,15,B02
200700033371,0,07,000,16,0,2,15,A01
200700033372,0,07,000,06,0,1,01,A01
200700033373,0,07,000,02,0,8,01,A01
200700033374,0,07,000,00,2,7,19,A01
200700033374,0,14,000,00,2,1,01,B02
200700033375,0,07,000,00,2,8,13,A01
200700033375,0,21,000,00,2,8,01,B02
200700033376,0,07,000,00,2,1,02,A01
200700033376,0,33,000,00,0,0,00,B02
200700033377,0,07,000,13,0,1,13,A01
200700033378,0,07,000,00,2,3,01,A01
200700033378,0,07,000,00,2,3,01,B02
200700033379,0,02,000,13,0,1,01,A01
200700033380,0,03,000,06,0,1,01,A01
200700033381,0,14,000,09,0,3,17,A01
200700033381,0,07,000,00,0,8,01,B02
200700033382,0,07,000,00,2,3,19,A01
200700033382,0,07,000,00,2,1,01,B02
200700033383,0,07,000,00,0,6,10,A01
200700033383,0,33,000,00,2,1,01,B02
200700033384,0,33,000,03,0,1,00,A01
200700033385,0,10,000,00,2,3,20,A01
200700033385,0,33,000,00,2,1,01,B02
200700033386,0,07,000,00,2,4,02,A01
200700033386,0,02,000,00,2,1,02,B02
200700033387,0,02,000,00,2,8,19,A01
200700033387,0,33,000,00,2,1,01,B02
200700033388,0,33,000,00,0,7,02,A01
200700033389,0,02,000,00,0,8,01,A01
200700033390,0,01,000,00,0,8,01,A01
200700033391,0,07,000,00,2,7,19,A01
200700033391,0,01,000,00,2,1,01,B02
200700033392,0,02,000,00,0,0,01,A01
200700033393,0,07,000,00,2,7,16,A01
200700033393,0,34,000,00,2,1,18,B02
200700033394,0,07,000,00,2,8,00,A01
200700033394,0,07,000,00,2,3,00,B02
200700033394,0,02,000,01,0,1,00,C03
200700033395,0,30,000,00,0,7,00,A01
200700033396,0,07,000,00,2,3,13,A01
200700033396,0,07,000,00,2,2,01,B02
200700033397,0,07,000,00,0,2,15,A01
200700033397,0,31,000,00,2,1,01,B02
200700033398,0,07,000,00,0,2,15,A01
200700033398,0,33,000,00,0,1,01,B02
200700033399,0,33,000,00,2,1,01,A01
200700033399,0,07,000,00,0,8,15,B02
200700033400,0,07,000,00,1,1,00,A01
200700033401,0,07,000,00,2,8,15,A01
200700033401,0,33,000,00,2,1,01,B02
200700033402,0,07,000,00,2,2,01,A01
200700033402,0,31,000,00,2,5,15,B02
200700033403,0,07,000,00,9,2,15,A01
200700033403,0,99,000,00,2,1,01,B02
200700033404,0,31,000,00,2,1,02,A01
200700033404,0,07,000,00,0,4,02,B02
200700033405,0,07,000,00,2,1,01,A01
200700033405,0,07,000,00,2,1,05,B02
200700033406,0,30,000,00,2,1,00,A01
200700033406,0,33,000,00,2,8,01,B02
200700033407,0,10,000,00,2,8,01,A01
200700033407,0,07,000,00,2,2,19,B02
200700033408,0,10,000,00,0,7,01,A01
200700033408,0,01,000,00,0,7,15,B02
200700033409,0,07,000,13,0,1,16,A01
200700033410,0,33,000,00,5,7,01,A01
200700033411,0,31,000,00,0,1,15,A01
200700033411,0,07,000,00,0,1,01,B02
200700033412,0,31,000,12,0,1,01,A01
200700033413,0,33,000,13,0,5,15,A01
200700033414,0,31,000,00,2,0,19,A01
200700033414,0,10,000,00,2,8,01,B02
200700033415,0,07,000,00,9,3,01,A01
200700033415,0,02,000,00,2,1,17,B02
200700033416,0,10,000,00,2,3,13,A01
200700033416,0,07,000,00,2,3,01,B02
200700033417,0,07,000,02,0,9,01,A01
200700033418,0,07,000,00,2,1,19,B02
200700033418,0,07,000,00,2,6,01,A01
200700033419,0,33,000,00,2,5,19,A01
200700033419,0,07,000,00,2,2,01,B02
200700033420,0,10,000,00,2,8,19,A01
200700033420,0,33,000,00,2,1,01,B02
200700033421,0,07,000,00,2,2,01,A01
200700033421,0,07,000,00,2,3,01,B02
200700033422,0,33,000,16,0,7,17,A01
200700033422,0,33,000,00,0,0,16,B02