Num_Acc,senc,catv,occutc,obs,obsm,choc,manv,num_veh
200700033423,0,02,000,00,0,0,00,A01
200700033423,0,14,000,00,0,8,01,B02
200700033424,0,07,000,00,2,4,13,A01
200700033424,0,07,000,00,2,1,01,B02
200700033425,0,14,000,00,2,1,00,A01
200700033425,0,30,000,00,2,1,01,B02
200700033426,0,32,000,16,0,1,17,A01
200700033427,0,07,000,00,2,1,01,A01
200700033427,0,07,000,00,0,7,15,B02
200700033428,0,07,000,00,2,2,02,A01
200700033428,0,01,000,00,0,4,02,B02
200700033429,0,07,000,00,2,3,13,A01
200700033429,0,15,000,00,2,3,01,B02
200700033430,0,34,000,08,0,1,01,A01
200700033431,0,07,000,00,2,3,13,A01
200700033431,0,07,000,00,2,1,01,B02
200700033432,0,34,000,00,2,1,13,A01
200700033432,0,07,000,00,2,3,01,B02
200700033433,0,07,000,00,2,3,15,A01
200700033433,0,34,000,00,2,2,17,B02
200700033434,0,10,000,00,2,3,01,A01
200700033434,0,07,000,00,2,3,13,B02
200700033435,0,07,000,00,0,3,00,A01
200700033435,0,07,000,00,0,1,00,B02
200700033436,0,30,000,00,2,3,10,A01
200700033436,0,31,000,00,2,1,01,B02
200700033437,0,07,000,03,0,3,01,A01
200700033438,0,31,000,00,2,1,13,A01
200700033438,0,07,000,00,2,3,01,B02
200700033439,0,33,000,00,2,3,13,A01
200700033439,0,07,000,00,2,8,01,B02
200700033439,0,07,000,00,2,3,01,C03
200700033440,0,07,000,00,2,1,01,A01
200700033440,0,07,000,00,2,4,23,B02
200700033441,0,07,000,00,5,3,01,A01
200700033442,0,15,000,13,2,2,13,A01
200700033442,0,10,000,13,2,1,01,B02
200700033443,0,07,000,00,2,6,09,A01
200700033443,0,34,000,00,2,1,01,B02
200700033444,0,33,000,00,2,7,02,A01
200700033444,0,33,000,00,2,7,23,B02
200700033445,0,31,000,00,1,7,01,A01
200700033446,0,07,000,00,2,5,05,A01
200700033446,0,33,000,00,2,1,01,B02
200700033447,0,30,000,00,2,8,01,B02
200700033447,0,07,000,00,2,1,19,A01
200700033447,0,07,000,00,0,3,23,C03
200700033448,0,21,000,00,2,3,01,A01
200700033448,0,07,000,00,2,1,01,B02
200700033449,0,07,000,02,0,1,13,A01
200700033450,0,07,000,00,2,1,01,A01
200700033450,0,07,000,00,2,1,01,B02
200700033451,0,07,000,00,0,0,13,A01
200700033452,0,07,000,00,2,2,01,A01
200700033452,0,01,000,00,2,8,01,B02
200700033453,0,07,000,13,0,0,01,A01
200700033454,0,07,000,00,2,2,05,A01
200700033454,0,07,000,00,2,2,01,B02
200700033455,0,99,000,02,0,5,01,A01
200700033456,0,07,000,00,1,2,01,A01
200700033457,0,07,000,00,2,3,15,A01
200700033457,0,31,000,00,2,7,01,B02
200700033458,0,02,000,00,2,3,15,A01
200700033458,0,10,000,00,9,2,02,B02
200700033459,0,07,000,02,0,2,01,A01
200700033460,0,10,000,00,2,7,19,A01
200700033460,0,02,000,00,2,1,01,B02
200700033461,0,30,000,00,2,7,01,A01
200700033461,0,30,000,00,2,1,19,B02
200700033462,0,01,000,00,1,1,05,A01
200700033463,0,07,000,02,0,1,01,A01
200700033464,0,07,000,00,1,2,01,A01
200700033465,0,07,000,00,2,3,13,A01
200700033465,0,07,000,00,2,3,01,B02
200700033466,0,30,000,13,0,1,01,A01
200700033467,0,02,000,00,2,1,01,A01
200700033467,0,07,000,00,9,8,15,B02
200700033467,0,07,000,00,0,0,00,C03
200700033468,0,10,000,00,2,3,16,A01
200700033468,0,07,000,00,2,3,19,B02
200700033469,0,07,000,00,2,3,15,A01
200700033469,0,33,000,00,2,1,01,B02
200700033469,0,07,000,00,2,5,15,C03
200700033470,0,10,000,00,1,4,20,A01
200700033471,0,07,000,00,2,2,15,A01
200700033471,0,07,000,00,2,3,01,B02
200700033471,0,07,000,00,2,3,01,C03
200700033472,0,07,000,00,2,3,05,A01
200700033472,0,07,000,00,0,6,01,C03
200700033472,0,30,000,00,2,1,17,D04
200700033473,0,31,000,00,0,7,01,A01
200700033474,0,07,000,00,2,8,15,A01
200700033474,0,33,000,00,2,2,17,B02
200700033475,0,31,000,02,0,3,01,A01
200700033476,0,07,000,00,2,4,16,A01
200700033476,0,07,000,00,2,1,01,B02
200700033477,0,02,000,00,2,8,01,A01
200700033477,0,07,000,00,2,8,00,B02
200700033478,0,33,000,13,0,9,13,A01
200700033479,0,14,000,13,0,3,17,A01
200700033480,0,07,000,00,2,3,15,A01
200700033480,0,07,000,00,2,3,15,B02
200700033480,0,33,000,00,2,1,01,C03
200700033481,0,07,000,00,2,1,01,A01
200700033481,0,07,000,00,2,1,01,B02
200700033482,0,07,000,00,2,7,15,A01
200700033482,0,07,000,00,2,3,01,B02
200700033482,0,07,000,00,2,1,23,C03
200700033483,0,15,000,00,9,1,01,A01
200700033483,0,07,000,00,0,0,00,B02
200700033484,0,07,000,13,0,2,01,A01
200700033485,0,07,000,02,0,1,00,A01
200700033486,0,15,000,03,0,8,01,A01
200700033487,0,30,000,00,2,1,15,A01
200700033487,0,07,000,00,2,3,01,B02
200700033488,0,07,000,00,2,3,15,A01
200700033488,0,99,000,00,0,0,01,B02
200700033489,0,07,000,00,2,3,10,A01
200700033489,0,02,000,00,2,1,01,B02
200700033490,0,07,000,00,0,9,01,A01
200700033491,0,07,000,00,1,2,01,A01
200700033492,0,31,000,06,0,7,01,A01
200700033493,0,07,000,02,0,3,13,A01
200700033494,0,31,000,03,2,1,01,A01
200700033494,0,30,000,00,2,6,01,B02
200700033495,0,07,000,00,0,3,15,A01
200700033495,0,33,000,00,2,7,17,B02
200700033496,0,31,000,00,0,7,01,A01
200700033497,0,07,000,00,2,3,01,A01
200700033497,0,07,000,00,2,2,01,B02
200700033498,0,01,000,04,0,0,01,A01
200700033499,0,07,000,00,2,2,05,A01
200700033499,0,07,000,00,2,2,01,B02
200700033500,0,07,000,00,2,3,13,A01
200700033500,0,07,000,00,2,3,01,B02
200700033501,0,07,000,00,2,4,01,A01
200700033501,0,99,000,00,2,1,01,B02
200700033502,0,07,000,00,2,1,05,A01
200700033502,0,07,000,00,2,8,01,B02
200700033502,0,07,000,00,2,1,01,C03
200700033503,0,07,000,02,0,9,01,A01
200700033504,0,07,000,00,2,1,01,A01
200700033504,0,07,000,07,2,8,19,B02
200700033505,0,34,000,00,0,1,06,A01
200700033506,0,07,000,00,2,0,21,A01
200700033507,0,07,000,00,2,3,19,B02
200700033507,0,07,000,00,2,2,01,A01
200700033508,0,30,000,01,0,1,01,A01
200700033508,0,07,000,00,2,3,23,B02
200700033509,0,07,000,00,2,3,13,A01
200700033509,0,30,000,00,2,1,09,B02
200700033510,0,07,000,13,0,2,01,A01
200700033511,0,07,000,00,2,1,13,A01
200700033511,0,07,000,00,0,3,01,B02
200700033512,0,01,000,13,0,2,01,A01
200700033513,0,07,000,00,1,3,01,A01
200700033514,0,07,000,00,0,3,09,A01
200700033514,0,07,000,00,2,2,01,B02
200700033515,0,35,000,13,0,1,01,A01
200700033516,0,10,000,00,0,0,01,A01
200700033517,0,10,000,00,2,7,13,A01
200700033517,0,07,000,00,2,1,01,B02
200700033518,0,07,000,00,2,3,09,A01
200700033518,0,10,000,00,2,1,01,B02
200700033519,0,07,000,00,2,1,01,A01
200700033519,0,07,000,00,0,7,19,B02
200700033520,0,07,000,00,2,3,10,A01
200700033520,0,15,000,00,0,2,01,B02
200700033521,0,07,000,00,2,7,15,A01
200700033521,0,02,000,00,2,1,01,B02
200700033522,0,07,000,10,0,3,01,A01
200700033523,0,07,000,13,0,9,13,A01
200700033524,0,36,000,00,2,1,13,A01
200700033524,0,32,000,00,2,1,01,B02
200700033525,0,07,000,13,0,1,01,A01
200700033526,0,07,000,00,2,3,23,A01
200700033526,0,33,000,00,2,1,01,B02
200700033527,0,07,000,00,0,2,14,A01
200700033528,0,07,000,00,2,1,13,A01
200700033528,0,14,000,00,2,1,01,B02
200700033528,0,07,000,00,2,1,01,C03
200700033528,0,07,000,00,2,1,00,D04
200700033529,0,07,000,00,1,2,16,A01
200700033530,0,07,000,00,4,7,01,A01
200700033530,0,39,000,00,2,1,01,B02
200700033531,0,14,000,13,0,2,01,A01
200700033532,0,07,000,00,2,3,00,A01
200700033532,0,99,000,00,2,1,00,B02
200700033533,0,07,000,00,2,3,01,A01
200700033533,0,07,000,00,2,3,13,B02
200700033534,0,33,000,08,0,1,01,A01
200700033535,0,10,000,00,2,1,01,A01
200700033535,0,07,000,00,2,4,01,B02
200700033535,0,07,000,00,0,4,15,C03
200700033536,0,30,000,00,2,1,01,A01
200700033536,0,10,000,00,2,1,15,B02
200700033537,0,07,000,06,0,2,01,A01
200700033538,0,07,000,13,0,2,01,A01
200700033539,0,02,000,00,0,8,01,A01
200700033540,0,36,000,00,2,8,01,A01
200700033540,0,14,000,00,2,2,16,B02
200700033541,0,07,000,08,0,3,13,A01
200700033542,0,07,000,00,9,1,02,A01
200700033542,0,01,000,00,2,4,15,B02
200700033543,0,01,000,00,2,1,01,A01
200700033543,0,07,000,00,9,3,01,B02
200700033544,0,07,000,00,2,2,17,A01
200700033544,0,32,000,00,2,1,01,B02
200700033545,0,33,000,02,0,4,01,A01
200700033546,0,07,000,00,2,3,00,A01
200700033546,0,07,000,00,2,3,00,B02
200700033547,0,07,000,13,0,9,01,A01
200700033548,0,07,000,00,2,1,13,A01
200700033548,0,07,000,00,2,2,01,B02
200700033549,0,10,000,00,2,1,13,A01
200700033549,0,07,000,00,2,3,01,B02
200700033550,0,07,000,01,0,1,15,A01
200700033550,0,10,000,00,2,4,23,B02
200700033551,0,07,000,00,1,8,20,A01
200700033552,0,33,000,00,2,1,01,A01
200700033552,0,07,000,00,2,7,15,B02
200700033553,0,07,000,02,0,1,00,A01
200700033554,0,02,000,00,1,1,01,A01
200700033555,0,07,000,00,2,3,19,A01
200700033555,0,07,000,00,2,3,01,B02
200700033556,0,17,000,03,0,8,02,A01
200700033557,0,07,000,13,0,1,01,A01
200700033558,0,07,000,13,0,2,01,A01
200700033559,0,07,000,00,0,0,00,A01
200700033559,0,07,000,00,2,1,00,B02
200700033560,0,07,000,00,0,0,00,A01
200700033560,0,01,000,00,0,0,13,B02
200700033561,0,07,000,13,0,2,00,A01
200700033562,0,30,000,00,2,1,19,A01
200700033562,0,07,000,00,2,0,00,B02
200700033563,0,10,000,00,2,3,09,A01
200700033563,0,30,000,01,2,1,01,B02
200700033564,0,07,000,00,0,3,01,A01
200700033565,0,07,000,00,9,1,01,A01
200700033565,0,01,000,00,2,8,01,B02
200700033566,0,07,000,13,0,1,14,A01
200700033567,0,07,000,00,1,6,20,A01
200700033568,0,14,000,00,2,1,02,A01
200700033568,0,14,000,00,2,4,02,B02
200700033568,0,10,000,00,2,6,02,C03
200700033569,0,33,000,00,2,2,17,A01
200700033569,0,21,000,00,2,6,15,B02
200700033570,0,33,000,00,1,1,01,A01
200700033571,0,07,000,13,0,1,01,A01
200700033572,0,07,000,02,0,1,01,A01
200700033573,0,07,000,00,9,1,01,A01
200700033573,0,01,000,00,2,1,13,B02
200700033574,0,07,000,00,1,3,01,A01
200700033575,0,02,000,00,1,1,01,A01
200700033576,0,07,000,00,2,1,01,A01
200700033576,0,07,000,00,2,1,01,B02
200700033577,0,02,000,00,5,1,01,A01
200700033578,0,07,000,00,0,3,19,A01
200700033578,0,02,000,00,2,1,00,B02
200700033579,0,07,000,06,0,1,01,A01
200700033580,0,07,000,00,2,8,24,A01
200700033580,0,01,000,00,2,7,01,B02
200700033581,0,33,000,03,0,1,01,A01
200700033582,0,07,000,00,2,3,01,A01
200700033582,0,33,000,00,2,9,01,B02
200700033583,0,07,000,00,2,2,01,A01
200700033583,0,07,000,00,2,3,19,B02
200700033584,0,07,000,00,2,3,01,A01
200700033584,0,07,000,00,2,5,01,D04
200700033584,0,07,000,00,2,8,01,E05
200700033585,0,33,000,00,2,2,17,A01
200700033585,0,07,000,00,2,8,15,B02
200700033586,0,32,000,00,2,8,11,A01
200700033586,0,07,000,00,2,1,09,B02
200700033587,0,33,000,02,0,1,01,A01
200700033588,0,32,000,00,2,2,01,A01
200700033588,0,07,000,00,2,6,15,B02
200700033589,0,07,000,00,0,4,15,A01
200700033589,0,07,000,00,2,9,02,B02
200700033589,0,07,000,00,2,1,02,C03
200700033590,0,07,000,00,0,6,15,A01
200700033590,0,33,000,00,0,1,02,B02
200700033591,0,07,000,00,1,2,01,A01
200700033592,0,07,000,00,2,8,10,A01
200700033592,0,07,000,00,2,1,01,B02
200700033593,0,33,000,06,0,1,00,A01
200700033594,0,33,000,00,2,1,01,A01
200700033594,0,07,000,00,2,4,01,B02
200700033595,0,07,000,00,2,1,13,A01
200700033595,0,07,000,00,2,1,01,B02
200700033596,0,31,000,00,2,1,01,A01
200700033596,0,07,000,00,9,1,15,B02
200700033597,0,33,000,13,2,1,01,A01
200700033597,0,07,000,00,2,3,00,B02
200700033598,0,07,000,00,2,3,13,A01
200700033598,0,07,000,00,2,3,01,B02
200700033599,0,07,000,00,9,3,01,A01
200700033599,0,15,000,00,2,0,01,B02
200700033600,0,07,000,00,2,1,01,A01
200700033600,0,15,000,00,2,3,01,B02
200700033601,0,07,000,06,0,8,01,A01
200700033602,0,07,000,00,2,8,19,A01
200700033602,0,33,000,00,2,1,01,B02
200700033603,0,07,000,00,2,7,13,A01
200700033603,0,07,000,00,2,1,01,B02
200700033604,0,07,000,13,0,1,01,A01
200700033605,0,07,000,00,2,1,01,B02
200700033605,0,07,000,00,2,8,19,A01
200700033606,0,07,000,03,0,9,01,A01
200700033607,0,07,000,00,0,7,19,A01
200700033607,0,33,000,00,2,1,01,B02
200700033608,0,07,000,00,2,1,01,A01
200700033609,0,10,000,00,2,2,01,A01
200700033609,0,07,000,00,2,4,01,B02
200700033610,0,30,000,00,2,1,02,A01
200700033610,0,07,000,00,0,5,16,B02
200700033611,0,07,000,00,0,4,15,A01
200700033611,0,07,000,01,0,1,00,B02
200700033612,0,37,000,00,2,3,01,A01
200700033612,0,07,000,00,2,5,15,B02
200700033612,0,10,000,00,2,3,01,C03
200700033613,0,07,000,00,2,3,01,A01
200700033613,0,07,000,00,2,3,01,B02
200700033614,0,07,000,00,2,5,02,A01
200700033614,0,33,000,00,2,8,02,B02
200700033615,0,33,000,00,2,1,17,A01
200700033615,0,07,000,00,2,8,15,B02
200700033616,0,02,000,00,2,1,01,A01
200700033616,0,07,000,00,2,8,19,B02
200700033617,0,07,000,02,0,1,01,A01
200700033618,0,31,000,00,2,0,17,A01
200700033619,0,07,000,00,2,8,13,A01
200700033619,0,33,000,02,2,3,21,B02
200700033620,0,07,000,00,0,6,01,A01
200700033621,0,07,000,00,0,0,02,A01
200700033622,0,33,000,10,0,3,00,A01
200700033623,0,30,000,00,2,1,01,A01
200700033623,0,10,000,00,2,2,01,B02
200700033624,0,03,000,00,0,0,00,A01
200700033624,0,10,000,00,2,8,23,B02
200700033625,0,07,000,02,0,7,05,A01
200700033626,0,07,000,00,0,0,02,A01
200700033627,0,17,000,00,2,8,01,A01
200700033627,0,07,000,00,2,3,01,B02
200700033628,0,07,000,00,2,1,02,A01
200700033628,0,02,000,00,0,4,01,B02
200700033629,0,07,000,00,1,1,02,A01
200700033630,0,07,000,00,2,1,01,A01
200700033630,0,07,000,00,2,1,01,B02
200700033631,0,07,000,13,0,9,01,A01
200700033632,0,07,000,13,0,1,01,A01
200700033633,0,07,000,00,2,1,19,A01
200700033633,0,07,000,00,2,8,01,B02
200700033634,0,07,000,00,2,2,19,A01
200700033634,0,07,000,00,2,3,01,B02
200700033635,0,07,000,00,0,7,00,A01
200700033635,0,07,000,00,0,9,00,B02
200700033635,0,07,000,00,0,3,00,C03
200700033636,0,07,000,00,2,6,15,A01
200700033636,0,07,000,00,2,2,17,B02
200700033637,0,07,000,00,2,1,09,A01
200700033637,0,07,000,00,2,7,01,B02
200700033638,0,33,000,13,0,1,01,A01
200700033639,0,07,000,08,0,7,01,A01
200700033640,0,01,000,00,2,1,19,A01
200700033640,0,07,000,00,2,2,01,B02
200700033641,0,07,000,00,2,3,15,A01
200700033641,0,33,000,00,2,8,01,B02
200700033642,0,07,000,00,2,2,05,A01
200700033642,0,07,000,00,2,3,00,B02
200700033643,0,07,000,02,0,8,17,A01
200700033644,0,07,000,02,0,3,00,A01
200700033645,0,07,000,02,2,2,17,A01
200700033645,0,07,000,00,2,2,01,B02
200700033645,0,07,000,00,2,1,01,C03
200700033646,0,07,000,13,0,3,01,A01
200700033647,0,33,000,02,0,1,00,A01
200700033648,0,07,000,06,0,1,01,A01
200700033649,0,33,000,00,1,1,01,A01
200700033650,0,07,000,08,0,2,00,A01
200700033651,0,07,000,14,0,1,01,A01
200700033651,0,14,000,00,2,1,23,B02
200700033652,0,32,000,00,2,1,01,A01
200700033652,0,07,000,00,2,1,01,B02
200700033653,0,07,000,00,0,2,01,A01
200700033653,0,07,000,00,0,1,01,B02
200700033654,0,07,000,00,2,1,01,A01
200700033654,0,07,000,00,2,1,01,B02
200700033655,0,07,000,00,0,0,01,A01
200700033656,0,07,000,00,0,4,23,A01
200700033656,0,07,000,14,0,1,00,B02
200700033656,0,07,000,00,0,8,00,C03
200700033657,0,07,000,00,2,2,17,A01
200700033657,0,07,000,00,2,3,01,B02
200700033658,0,07,000,00,0,8,01,A01
200700033658,0,07,000,00,2,3,15,B02
200700033659,0,07,000,00,9,2,01,A01
200700033659,0,02,000,00,0,0,00,B02
200700033660,0,07,000,00,2,2,01,A01
200700033660,0,07,000,00,0,3,01,B02
200700033661,0,07,000,00,2,1,13,A01
200700033661,0,10,000,00,2,1,23,B02
200700033662,0,07,000,00,2,1,21,A01
200700033662,0,02,000,00,2,4,19,B02
200700033663,0,07,000,00,0,2,00,A01
200700033664,0,07,000,00,2,1,19,A01
200700033664,0,02,000,00,2,2,01,B02
200700033665,0,02,000,00,0,0,01,A01
200700033666,0,07,000,00,2,3,13,A01
200700033666,0,07,000,00,2,5,01,B02
200700033667,0,30,000,00,2,7,01,A01
200700033667,0,07,000,00,2,1,19,B02
200700033668,0,07,000,00,2,1,01,A01
200700033668,0,07,000,00,2,1,01,B02
200700033669,0,07,000,09,0,1,19,A01
200700033670,0,07,000,00,2,1,13,A01
200700033670,0,07,000,00,2,1,01,B02
200700033671,0,07,000,02,0,1,01,A01
200700033672,0,07,000,00,2,3,00,A01
200700033672,0,07,000,00,2,3,13,B02
200700033673,0,07,000,00,2,7,13,A01
200700033673,0,15,000,00,2,1,01,B02
200700033674,0,33,000,08,0,1,01,A01
200700033675,0,07,000,00,2,8,02,A01
200700033675,0,21,000,00,0,4,02,B02
200700033676,0,33,000,00,2,8,02,A01
200700033676,0,07,000,00,2,7,02,B02
200700033677,0,07,000,00,2,1,01,A01
200700033677,0,07,000,00,2,3,01,B02
200700033678,0,30,000,00,0,1,00,A01
200700033679,0,02,000,00,2,1,13,A01
200700033679,0,07,000,00,2,3,01,B02
200700033680,0,07,000,00,2,1,13,A01
200700033680,0,10,000,00,2,1,01,B02
200700033681,1,10,000,00,2,5,16,A01
200700033681,0,01,000,00,2,1,01,B02
200700033682,0,07,000,00,2,2,20,A01
200700033682,0,31,000,00,2,1,17,B02
200700033683,0,07,000,00,0,3,02,A01
200700033683,0,07,000,00,0,5,00,B02
200700033684,0,07,000,00,2,1,05,A01
200700033684,0,07,000,00,2,1,01,B02
200700033685,0,32,000,00,0,4,23,A01
200700033685,0,32,000,00,2,2,21,B02
200700033686,0,07,000,02,0,1,01,A01
200700033687,0,33,000,00,6,1,00,A01
200700033688,0,07,000,08,0,8,17,A01
200700033689,0,07,000,02,0,6,01,A01
200700033690,0,07,000,00,2,1,01,A01
200700033690,0,07,000,00,1,4,23,B02
200700033690,0,07,000,00,0,4,23,C03
200700033691,0,07,000,00,2,1,01,A01
200700033691,0,07,000,00,2,6,10,B02
200700033692,0,07,000,00,9,2,19,A01
200700033692,0,30,000,00,2,1,01,B02
200700033693,0,07,000,00,0,2,15,A01
200700033693,0,33,000,00,2,3,01,B02
200700033694,0,07,000,00,2,2,01,A01
200700033694,0,10,000,00,2,3,01,B02
200700033695,0,07,000,01,1,7,01,A01
200700033695,0,07,000,00,0,5,23,B02
200700033696,0,07,000,00,1,1,01,A01
200700033697,0,07,000,13,0,1,01,A01
200700033698,0,07,000,00,2,3,13,A01
200700033698,0,07,000,00,2,3,01,B02
200700033699,0,07,000,02,0,1,01,A01
200700033700,0,07,000,00,2,3,01,A01
200700033700,0,07,000,00,2,3,01,B02
200700033701,0,07,000,00,2,1,17,A01
200700033701,0,17,000,00,2,1,01,B02
200700033702,0,07,000,00,0,9,13,A01
200700033703,0,07,000,00,0,0,00,A01
200700033703,0,07,000,00,2,3,24,B02
200700033704,0,07,000,00,2,3,11,A01
200700033704,0,38,000,00,2,3,01,B02
200700033705,0,14,000,00,0,8,16,A01
200700033706,0,33,000,00,2,1,01,B02
200700033706,0,07,000,00,2,6,19,A01
200700033707,0,07,000,00,2,3,01,A01
200700033707,0,07,000,00,2,1,01,B02
200700033708,0,07,000,13,1,9,01,A01
200700033708,0,01,000,00,2,1,01,B02
200700033709,0,33,000,08,0,1,01,A01
200700033710,0,07,000,16,0,4,01,A01
200700033711,0,07,000,06,2,1,13,A01
200700033711,0,07,000,00,2,3,00,B02
200700033712,0,10,000,00,1,1,01,A01
200700033713,0,07,000,00,2,7,01,A01
200700033713,0,10,000,00,2,1,01,B02
200700033714,0,07,000,00,2,1,01,A01
200700033714,0,07,000,00,2,8,23,B02
200700033714,0,07,000,00,2,7,15,C03
200700033715,0,07,000,00,2,8,19,A01
200700033715,0,14,000,00,2,1,01,B02
200700033716,0,07,000,06,0,2,01,A01
200700033717,0,07,000,00,2,8,19,A01
200700033717,0,07,000,00,2,1,01,B02
200700033718,0,31,000,00,2,0,01,A01
200700033718,0,07,000,00,2,8,15,B02
200700033719,0,07,000,13,0,1,13,A01
200700033720,0,07,000,08,2,3,13,A01
200700033720,0,07,000,00,2,3,02,B02
200700033721,0,07,000,13,0,1,01,A01
200700033722,0,07,000,00,2,2,18,A01
200700033722,0,10,000,00,2,3,15,B02
200700033723,0,07,000,13,0,1,17,A01
200700033724,0,07,000,00,2,3,01,A01
200700033724,0,02,000,00,2,1,13,B02
200700033725,0,07,000,16,0,3,01,A01
200700033726,0,07,000,00,2,5,04,A01
200700033726,0,02,000,00,2,1,01,B02
200700033727,0,07,000,00,2,3,01,A01
200700033727,0,02,000,00,2,3,01,B02
200700033728,0,02,000,00,6,8,21,A01
200700033729,0,07,000,08,0,7,13,A01
200700033730,0,14,000,02,0,2,14,A01
200700033731,0,02,000,00,1,1,00,A01
200700033732,0,07,000,00,2,1,13,A01
200700033732,0,07,000,00,2,1,01,B02
200700033733,0,35,000,00,2,4,01,A01
200700033733,0,35,000,00,2,1,01,B02
200700033734,0,07,000,13,0,9,13,A01
200700033735,0,07,000,00,0,7,01,A01
200700033736,0,07,000,00,1,3,01,A01
200700033737,0,07,000,00,2,1,01,A01
200700033737,0,07,000,00,2,3,01,B02
200700033738,0,07,000,00,2,3,01,A01
200700033738,0,07,000,00,2,2,01,B02
200700033739,0,99,000,00,2,3,01,A01
200700033739,0,33,000,00,2,1,01,B02
200700033740,0,07,000,00,2,3,19,A01
200700033740,0,07,000,00,2,1,01,B02
200700033741,0,30,000,00,0,4,01,A01
200700033741,0,30,000,00,2,1,01,B02
200700033741,0,30,000,00,2,1,01,C03
200700033742,0,07,000,02,0,1,01,A01
200700033743,0,07,000,00,2,3,01,A01
200700033743,0,14,000,00,2,2,19,B02
200700033744,0,07,000,08,0,1,01,A01
200700033745,0,07,000,13,0,9,19,A01
200700033746,0,07,000,00,2,3,13,A01
200700033746,0,07,000,00,2,3,01,B02
200700033747,0,07,000,00,0,3,13,A01
200700033748,0,07,000,03,2,3,01,A01
200700033748,0,07,000,03,2,3,01,B02
200700033749,0,07,000,00,2,3,09,A01
200700033749,0,10,000,00,2,2,01,B02
200700033750,0,07,000,00,9,7,01,A01
200700033750,0,01,000,00,2,1,19,B02
200700033751,0,01,000,13,0,1,01,A01
200700033752,0,07,000,00,2,3,02,B02
200700033752,0,02,000,00,2,7,19,A01
200700033753,0,33,000,13,0,1,01,A01
200700033754,0,01,000,06,0,1,16,A01
200700033755,0,35,000,16,0,9,01,A01
200700033756,0,07,000,00,2,1,01,A01
200700033756,0,02,000,00,2,1,05,B02
200700033757,0,07,000,00,1,1,01,A01
200700033758,0,07,000,00,2,3,01,A01
200700033758,0,07,000,00,2,3,01,B02
200700033759,0,07,000,00,2,3,13,A01
200700033759,0,07,000,00,2,3,01,B02
200700033760,0,33,000,00,2,1,13,A01
200700033760,0,07,000,00,2,2,01,B02
200700033761,0,21,000,00,2,6,13,A01
200700033761,0,02,000,00,2,1,17,B02
200700033762,0,31,000,00,2,1,05,A01
200700033762,0,07,000,00,2,1,01,B02
200700033763,0,33,000,00,0,0,00,A01
200700033764,0,07,000,00,2,7,13,A01
200700033764,0,01,000,00,2,8,19,B02
200700033765,0,07,000,00,2,3,13,A01
200700033765,0,07,000,00,2,3,01,B02
200700033766,0,07,000,01,0,1,14,A01
200700033766,0,15,000,00,0,4,23,B02
200700033767,0,33,000,00,0,1,01,A01
200700033768,0,07,000,13,0,1,14,A01
200700033769,0,02,000,00,1,1,01,A01
200700033770,0,10,000,00,2,1,01,A01
200700033770,0,10,000,00,2,1,01,B02
200700033771,0,33,000,00,2,1,02,A01
200700033772,0,33,000,00,0,8,14,A01
200700033773,0,07,000,08,0,3,01,A01
200700033774,0,07,000,06,0,1,01,A01
200700033775,0,10,000,00,2,1,02,A01
200700033775,0,17,000,00,0,0,02,B02
200700033776,0,07,000,00,2,3,15,A01
200700033776,0,33,000,00,2,8,01,B02
200700033777,0,07,000,10,0,1,01,A01
200700033778,0,02,000,07,2,1,17,A01
200700033778,0,07,000,00,0,3,15,B02
200700033779,0,07,000,00,9,2,01,A01
200700033779,0,01,000,00,2,7,19,B02
200700033780,0,21,000,00,0,1,01,A01
200700033781,0,07,000,00,2,3,09,A01
200700033781,0,01,000,00,2,2,19,B02
200700033782,0,07,000,00,2,3,01,A01
200700033782,0,07,000,00,2,1,01,B02
200700033783,0,33,000,06,0,1,01,A01
200700033784,0,31,000,00,2,1,17,A01
200700033784,0,07,000,00,2,8,15,B02
200700033785,0,01,000,00,2,1,01,A01
200700033785,0,01,000,00,0,4,01,B02
200700033786,0,33,000,00,2,1,13,A01
200700033786,0,07,000,00,2,3,01,B02
200700033787,0,07,000,06,0,1,01,A01
200700033788,0,07,000,00,2,6,02,A01
200700033788,0,33,000,00,2,1,02,B02
200700033789,0,30,000,12,0,7,01,A01
200700033790,0,07,000,02,0,1,01,A01
200700033791,0,17,000,00,2,2,01,A01
200700033791,0,02,000,00,2,8,19,B02
200700033792,0,14,000,00,0,2,02,A01
200700033792,0,10,000,14,0,1,02,B02
200700033793,0,07,000,00,2,1,02,A01
200700033793,0,07,000,00,2,4,24,B02
200700033794,0,33,000,00,2,1,01,A01
200700033794,0,07,000,00,2,3,01,B02
200700033795,0,07,000,00,2,1,01,A01
200700033795,0,07,000,00,2,4,01,B02
200700033796,0,07,000,00,2,3,15,A01
200700033796,0,33,000,00,2,7,01,B02
200700033797,0,07,000,00,2,3,19,A01
200700033797,0,07,000,00,2,2,02,B02
200700033798,0,07,000,00,2,3,15,A01
200700033798,0,07,000,00,0,2,01,B02
200700033799,0,07,000,00,2,7,01,A01
200700033799,0,01,000,00,2,8,02,B02
200700033800,0,31,000,00,0,0,01,A01
200700033801,0,07,000,04,0,3,17,A01
200700033802,0,33,000,02,0,1,17,A01
200700033803,0,15,000,00,2,7,01,A01