Num_Acc,senc,catv,occutc,obs,obsm,choc,manv,num_veh
200700033803,0,33,000,00,0,8,24,B02
200700033803,0,33,000,00,0,8,24,C03
200700033804,0,07,000,04,0,1,15,A01
200700033805,0,07,000,00,0,4,02,A01
200700033805,0,17,000,00,2,1,02,B02
200700033806,0,33,000,00,0,8,01,A01
200700033807,0,07,000,08,0,7,09,A01
200700033808,0,07,000,04,0,3,13,A01
200700033809,0,07,000,04,0,6,00,A01
200700033810,0,07,000,01,0,1,02,A01
200700033811,0,07,000,00,2,2,03,A01
200700033811,0,15,000,00,0,8,03,B02
200700033812,0,10,000,03,0,1,11,A01
200700033813,0,07,000,14,0,3,11,A01
200700033813,0,07,000,00,0,1,05,B02
200700033814,0,14,000,00,2,1,02,A01
200700033814,0,38,000,00,2,4,23,B02
200700033815,0,07,000,04,0,2,01,A01
200700033815,0,07,000,00,2,1,02,B02
200700033816,0,07,000,04,2,5,17,A01
200700033816,0,07,000,03,2,3,13,B02
200700033816,0,10,000,04,2,7,01,C03
200700033817,0,07,000,03,0,3,01,A01
200700033818,0,07,000,00,2,1,01,A01
200700033818,0,07,000,00,2,4,23,B02
200700033818,0,07,000,00,2,4,23,C03
200700033819,0,07,000,04,0,2,17,A01
200700033820,0,07,000,00,2,4,02,A01
200700033820,0,07,000,00,2,1,01,B02
200700033821,0,01,000,00,2,1,01,A01
200700033821,0,07,000,00,2,3,15,B02
200700033822,0,07,000,04,0,3,01,A01
200700033823,0,07,000,14,0,1,01,A01
200700033824,0,07,000,00,2,4,02,A01
200700033824,0,07,000,00,2,1,02,B02
200700033825,0,07,000,00,2,6,03,A01
200700033825,0,07,000,00,2,2,01,B02
200700033826,0,07,000,16,0,1,21,A01
200700033827,0,07,000,00,0,0,03,A01
200700033827,0,07,000,00,2,6,21,B02
200700033827,0,07,000,00,2,4,21,C03
200700033827,0,07,000,00,2,1,21,D04
200700033828,0,07,000,00,0,1,01,A01
200700033829,0,07,000,00,2,3,01,A01
200700033829,0,33,000,00,2,3,01,B02
200700033830,0,07,000,00,2,3,13,A01
200700033830,0,07,000,00,2,3,01,B02
200700033831,0,07,000,00,2,3,13,A01
200700033831,0,17,000,00,0,6,01,B02
200700033832,0,07,000,00,2,2,01,A01
200700033832,0,10,000,00,0,6,01,B02
200700033832,0,17,000,00,2,6,01,C03
200700033832,0,07,000,14,0,1,01,D04
200700033832,0,10,000,14,0,1,01,E05
200700033833,0,07,000,00,2,1,21,A01
200700033833,0,07,000,00,2,1,21,B02
200700033834,0,07,000,00,9,2,24,A01
200700033834,0,01,000,00,2,1,05,B02
200700033835,1,07,000,00,9,2,17,A01
200700033835,0,01,000,00,0,4,01,B02
200700033836,0,07,000,00,0,2,02,A01
200700033836,0,30,000,00,2,8,01,B02
200700033837,0,07,000,00,2,2,01,A01
200700033837,0,02,000,00,2,1,17,B02
200700033838,0,07,000,08,0,1,01,A01
200700033839,0,07,000,13,0,9,01,A01
200700033840,0,07,000,00,0,6,15,A01
200700033840,0,07,000,00,2,2,02,B02
200700033840,0,07,000,00,2,3,01,C03
200700033841,0,07,000,00,1,2,01,A01
200700033842,0,33,000,00,2,1,12,A01
200700033842,1,07,000,00,0,0,11,B02
200700033843,0,07,000,03,0,3,21,A01
200700033844,0,07,000,00,2,2,15,A01
200700033844,0,33,000,00,2,1,01,B02
200700033845,0,17,000,03,0,7,14,A01
200700033846,0,17,000,00,2,4,01,A01
200700033846,0,14,000,00,2,4,01,B02
200700033847,0,07,000,00,2,2,17,A01
200700033847,0,07,000,00,2,3,02,B02
200700033848,0,10,000,00,2,7,14,A01
200700033848,0,07,000,00,2,8,01,B02
200700033849,0,10,000,00,0,9,00,A01
200700033850,0,07,000,00,2,2,11,A01
200700033850,0,17,000,00,2,6,01,B02
200700033851,0,33,000,00,0,1,01,A01
200700033852,0,07,000,03,0,1,01,A01
200700033853,0,10,000,01,0,3,01,A01
200700033853,0,17,000,00,2,5,24,B02
200700033854,0,07,000,00,2,8,13,A01
200700033854,0,02,000,00,2,3,01,B02
200700033855,0,07,000,00,2,3,15,A01
200700033855,0,07,000,00,2,2,01,B02
200700033856,0,17,000,06,0,2,01,A01
200700033857,0,07,000,00,2,2,14,A01
200700033857,0,17,000,00,2,8,01,B02
200700033858,0,07,000,03,0,2,17,A01
200700033859,0,07,000,06,0,1,01,A01
200700033860,0,10,000,13,0,3,21,A01
200700033861,0,10,000,00,0,3,19,A01
200700033861,0,31,000,00,2,1,01,B02
200700033862,0,07,000,04,0,1,17,A01
200700033863,0,07,000,03,0,1,00,A01
200700033864,0,07,000,03,0,2,01,A01
200700033865,0,33,000,00,2,1,13,A01
200700033865,0,07,000,00,2,8,15,B02
200700033866,0,07,000,00,2,2,01,A01
200700033866,0,15,000,00,2,6,01,B02
200700033867,0,07,000,03,0,2,01,A01
200700033868,0,07,000,00,0,0,01,A01
200700033868,0,07,000,00,0,0,15,B02
200700033869,0,10,000,00,2,1,19,A01
200700033869,0,07,000,00,0,8,01,B02
200700033870,0,07,000,00,2,1,17,A01
200700033870,0,07,000,00,2,3,01,B02
200700033871,0,07,000,00,2,3,01,A01
200700033871,0,07,000,00,2,3,13,B02
200700033872,0,33,000,13,0,1,00,A01
200700033873,0,07,000,00,2,1,01,A01
200700033873,0,07,000,00,2,7,01,B02
200700033874,0,07,000,00,2,1,01,A01
200700033874,0,01,000,00,2,8,19,B02
200700033875,0,07,000,00,1,1,01,A01
200700033876,0,07,000,16,0,2,01,A01
200700033877,0,07,000,00,1,1,01,A01
200700033877,0,10,000,00,2,1,01,B02
200700033877,0,07,000,00,2,2,01,C03
200700033878,0,07,000,00,2,1,02,A01
200700033878,0,07,000,00,2,7,02,B02
200700033878,0,07,000,00,2,1,02,C03
200700033878,0,10,000,00,2,1,02,D04
200700033878,0,15,000,00,2,4,02,E05
200700033879,0,02,000,12,0,0,01,A01
200700033880,0,07,000,00,2,2,09,A01
200700033880,0,07,000,00,0,6,01,B02
200700033881,0,17,000,13,0,7,01,A01
200700033882,0,10,000,00,2,1,12,A01
200700033882,0,14,000,00,0,6,00,B02
200700033883,0,07,000,00,2,9,14,A01
200700033883,0,33,000,00,2,7,17,B02
200700033883,0,31,000,00,0,0,00,C03
200700033884,0,07,000,13,0,3,17,A01
200700033885,0,17,000,00,2,2,21,A01
200700033885,0,17,000,00,2,6,01,B02
200700033886,0,10,000,00,2,1,14,A01
200700033886,0,07,000,00,0,4,23,B02
200700033887,0,14,000,03,0,1,17,A01
200700033888,0,38,000,01,0,2,01,A01
200700033889,0,07,000,02,0,1,02,A01
200700033890,0,33,000,00,2,1,01,A01
200700033890,0,07,000,00,0,8,01,B02
200700033891,0,07,000,00,0,0,01,A01
200700033891,0,07,000,00,2,1,15,B02
200700033892,0,07,000,00,2,1,12,A01
200700033892,0,17,000,00,2,4,02,B02
200700033893,0,07,000,03,0,1,01,A01
200700033894,0,17,000,00,1,3,01,A01
200700033895,0,07,000,03,0,8,01,A01
200700033896,0,07,000,03,2,7,17,A01
200700033896,0,17,000,00,0,6,01,B02
200700033897,0,07,000,06,0,4,01,A01
200700033898,0,07,000,06,0,3,21,A01
200700033899,0,33,000,03,0,3,02,A01
200700033900,0,07,000,00,2,1,02,A01
200700033900,0,14,000,00,2,4,02,B02
200700033901,0,07,000,03,0,8,01,A01
200700033902,0,10,000,00,2,1,05,A01
200700033902,0,02,000,00,2,1,11,B02
200700033903,0,07,000,16,2,9,17,A01
200700033903,0,15,000,00,0,8,01,B02
200700033904,0,07,000,00,0,4,23,A01
200700033904,0,07,000,00,0,6,01,B02
200700033904,0,33,000,00,2,1,01,C03
200700033904,0,07,000,00,2,2,01,D04
200700033905,0,07,000,00,0,6,18,A01
200700033905,0,07,000,00,2,2,12,B02
200700033905,0,33,000,00,2,7,01,C03
200700033906,0,31,000,14,0,2,12,A01
200700033907,0,15,000,03,0,8,13,A01
200700033908,0,07,000,13,0,6,01,A01
200700033909,0,07,000,00,2,2,01,A01
200700033909,0,15,000,00,0,6,01,B02
200700033910,0,33,000,00,2,1,01,A01
200700033910,0,10,000,00,2,3,01,B02
200700033911,0,07,000,00,2,1,01,A01
200700033911,0,15,000,00,0,5,01,B02
200700033912,0,07,000,00,2,5,01,A01
200700033912,0,07,000,00,2,1,01,B02
200700033913,0,33,000,00,0,7,00,A01
200700033914,0,07,000,00,2,2,01,A01
200700033914,0,02,000,00,2,1,01,B02
200700033915,0,07,000,00,2,3,13,A01
200700033915,0,07,000,00,2,3,00,B02
200700033916,0,07,000,03,0,1,01,A01
200700033917,0,33,000,03,0,8,01,A01
200700033918,0,07,000,13,0,1,14,A01
200700033919,0,07,000,00,2,1,02,A01
200700033919,0,14,000,00,0,4,01,B02
200700033920,0,07,000,13,0,1,14,A01
200700033921,0,07,000,03,0,3,02,A01
200700033922,0,17,000,00,2,8,01,A01
200700033922,0,07,000,00,2,7,17,B02
200700033923,0,07,000,00,2,3,15,A01
200700033923,0,34,000,01,2,7,17,B02
200700033924,0,07,000,13,0,1,01,A01
200700033925,0,07,000,06,0,1,01,A01
200700033926,0,32,000,00,0,0,01,A01
200700033927,0,07,000,00,1,1,01,A01
200700033928,0,14,000,00,2,1,01,A01
200700033928,0,07,000,00,2,8,10,B02
200700033929,0,02,000,00,2,1,01,B02
200700033929,0,07,000,00,2,3,15,A01
200700033930,0,07,000,00,2,7,13,A01
200700033930,0,14,000,00,2,1,01,B02
200700033931,0,07,000,08,0,7,01,A01
200700033931,0,07,000,11,2,1,09,B02
200700033932,0,07,000,00,0,0,01,A01
200700033933,0,07,000,13,0,1,21,A01
200700033933,0,07,000,00,0,1,21,B02
200700033934,0,33,000,03,0,7,01,A01
200700033935,0,07,000,04,0,1,02,A01
200700033936,0,07,000,01,0,3,01,A01
200700033936,0,07,000,00,2,3,24,B02
200700033937,0,07,000,13,0,1,01,A01
200700033938,0,32,000,00,0,0,00,A01
200700033938,0,07,000,00,2,6,15,B02
200700033939,0,14,000,00,2,9,13,A01
200700033939,0,99,000,00,2,2,01,B02
200700033939,0,07,000,00,2,1,01,C03
200700033940,0,07,000,00,0,3,19,A01
200700033940,0,33,000,00,0,2,00,B02
200700033941,0,07,000,00,2,3,01,A01
200700033941,0,07,000,00,2,3,13,B02
200700033942,0,07,000,03,0,1,00,A01
200700033943,0,10,000,06,0,0,01,A01
200700033944,0,07,000,05,0,2,01,A01
200700033945,1,07,000,00,1,2,01,A01
200700033946,0,02,000,00,0,1,02,A01
200700033946,0,07,000,00,2,4,02,B02
200700033947,0,07,000,00,2,8,15,A01
200700033947,0,31,000,00,2,7,17,B02
200700033948,0,10,000,02,0,4,00,A01
200700033949,0,01,000,01,0,7,14,A01
200700033950,0,07,000,00,2,7,15,A01
200700033950,0,30,000,00,2,1,01,B02
200700033951,0,07,000,00,2,3,15,A01
200700033951,0,33,000,00,2,7,03,B02
200700033952,0,07,000,00,2,1,01,A01
200700033952,0,07,000,00,2,7,13,B02
200700033953,0,33,000,00,2,1,01,A01
200700033953,0,07,000,00,9,6,20,B02
200700033954,0,30,000,00,0,1,01,A01
200700033955,0,07,000,00,2,2,21,A01
200700033955,0,07,000,00,2,1,01,B02
200700033956,0,07,000,00,2,1,01,A01
200700033956,0,34,000,00,2,1,13,B02
200700033957,0,07,000,01,0,5,24,A01
200700033957,0,01,000,01,0,1,01,B02
200700033958,0,33,000,16,0,9,01,A01
200700033959,0,07,000,00,2,2,01,A01
200700033959,0,07,000,00,2,6,11,B02
200700033959,0,07,000,00,2,3,02,C03
200700033960,0,07,000,00,1,4,04,A01
200700033961,0,07,000,00,2,1,15,A01
200700033961,0,07,000,00,2,3,01,B02
200700033962,0,33,000,00,2,2,17,A01
200700033962,0,10,000,00,2,3,15,B02
200700033963,0,07,000,00,2,2,00,A01
200700033963,0,07,000,00,2,8,23,B02
200700033963,0,07,000,00,2,3,01,C03
200700033964,0,33,000,00,2,1,01,A01
200700033964,0,33,000,00,2,1,13,B02
200700033965,0,07,000,00,2,5,13,A01
200700033965,0,07,000,00,2,1,01,B02
200700033966,0,07,000,03,0,1,13,A01
200700033966,0,07,000,03,0,3,05,B02
200700033966,0,33,000,00,9,7,02,C03
200700033967,0,17,000,00,2,1,02,A01
200700033967,0,17,000,00,2,4,02,B02
200700033968,0,37,000,00,9,2,01,A01
200700033968,0,30,000,00,2,3,15,B02
200700033969,0,07,000,00,0,4,23,A01
200700033969,0,07,000,00,2,1,01,B02
200700033970,0,07,000,00,2,2,02,A01
200700033970,0,01,000,00,0,4,01,B02
200700033971,0,07,000,00,2,1,01,A01
200700033971,0,17,000,00,2,4,01,B02
200700033972,0,07,000,00,2,8,13,A01
200700033972,0,02,000,00,2,7,01,B02
200700033973,0,02,000,00,2,1,17,A01
200700033973,0,07,000,00,2,3,15,B02
200700033974,0,17,000,00,0,4,02,A01
200700033974,0,07,000,00,0,1,02,B02
200700033975,0,07,000,00,2,1,13,A01
200700033975,0,07,000,00,2,1,00,B02
200700033976,0,07,000,03,0,1,17,A01
200700033977,0,07,000,13,0,1,01,A01
200700033978,0,07,000,16,0,2,02,A01
200700033979,0,33,000,03,0,0,01,A01
200700033980,0,07,000,00,0,9,17,A01
200700033981,0,07,000,00,2,3,15,A01
200700033981,0,31,000,00,2,1,01,B02
200700033982,0,07,000,02,0,1,01,A01
200700033983,0,20,000,00,2,1,02,A01
200700033983,0,17,000,00,0,4,01,B02
200700033984,0,07,000,00,1,3,05,A01
200700033985,0,07,000,00,2,6,01,A01
200700033985,0,01,000,00,2,1,01,B02
200700033986,0,07,000,00,9,1,15,A01
200700033986,0,01,000,00,2,7,19,B02
200700033987,0,33,000,00,1,1,00,A01
200700033988,0,07,000,00,2,2,21,A01
200700033988,0,07,000,00,2,3,21,B02
200700033989,0,07,000,03,0,2,01,A01
200700033990,0,17,000,00,2,6,00,A01
200700033990,0,10,000,00,2,2,17,B02
200700033991,0,07,000,00,9,2,00,A01
200700033992,0,07,000,00,2,3,13,A01
200700033992,0,07,000,00,2,3,01,B02
200700033992,0,07,000,00,2,1,01,C03
200700033993,0,07,000,13,0,6,14,A01
200700033994,0,31,000,00,2,7,01,A01
200700033994,0,07,000,00,2,1,09,B02
200700033995,0,07,000,00,2,3,01,A01
200700033995,0,07,000,00,2,7,15,B02
200700033996,0,10,000,13,0,1,12,A01
200700033997,0,07,000,13,0,1,14,A01
200700033998,0,07,000,03,0,9,01,A01
200700033999,0,07,000,04,0,1,00,A01
200700034000,0,07,000,01,0,3,02,A01
200700034000,0,10,000,00,0,5,23,B02
200700034001,0,07,000,00,2,2,21,A01
200700034001,0,07,000,00,0,6,01,B02
200700034002,0,33,000,00,0,1,01,A01
200700034003,0,14,000,05,0,1,01,A01
200700034004,0,07,000,00,2,1,00,A01
200700034004,0,07,000,00,2,1,00,B02
200700034005,0,07,000,13,0,6,01,A01
200700034006,0,07,000,00,2,2,17,A01
200700034006,0,17,000,00,0,8,01,B02
200700034007,0,07,000,00,2,3,01,A01
200700034007,0,30,000,00,2,9,02,B02
200700034008,0,33,000,00,2,1,01,B02
200700034008,0,07,000,00,0,8,16,A01
200700034009,0,07,000,02,0,3,00,A01
200700034010,0,07,000,00,0,6,01,A01
200700034010,0,07,000,00,2,2,14,B02
200700034011,0,07,000,03,0,1,11,A01
200700034012,0,07,000,08,0,9,14,A01
200700034013,0,07,000,00,2,1,01,A01
200700034013,0,17,000,00,2,6,01,B02
200700034014,0,07,000,03,2,1,01,A01
200700034014,0,17,000,00,2,6,01,B02
200700034015,0,07,000,03,0,1,17,A01
200700034016,0,07,000,03,0,9,14,A01
200700034017,0,07,000,04,0,3,13,A01
200700034018,0,07,000,04,0,3,01,A01
200700034019,0,07,000,03,0,2,14,A01
200700034020,0,07,000,02,0,3,01,A01
200700034021,0,07,000,00,2,3,05,A01
200700034021,0,33,000,00,2,1,01,B02
200700034022,0,07,000,04,0,3,17,A01
200700034023,0,07,000,04,0,1,13,A01
200700034024,0,07,000,00,2,5,12,A01
200700034024,0,17,000,00,2,3,01,B02
200700034025,0,30,000,08,0,2,00,A01
200700034026,0,07,000,12,0,1,01,A01
200700034027,0,07,000,00,0,2,01,A01
200700034028,0,07,000,00,2,1,13,A01
200700034028,0,14,000,00,2,2,01,B02
200700034029,0,01,000,00,2,1,01,A01
200700034029,0,07,000,00,0,5,01,B02
200700034030,0,07,000,00,2,8,01,A01
200700034030,0,30,000,00,2,1,16,B02
200700034031,0,33,000,00,0,1,01,A01
200700034032,0,02,000,00,2,7,17,A01
200700034032,0,02,000,00,2,8,15,B02
200700034033,0,02,000,00,0,7,01,A01
200700034034,0,07,000,13,0,1,01,A01
200700034035,0,07,000,00,2,3,17,A01
200700034035,0,07,000,00,2,9,17,B02
200700034036,0,07,000,00,0,3,01,A01
200700034036,0,31,000,00,0,1,01,B02
200700034037,0,07,000,03,0,2,17,A01
200700034038,0,14,000,00,2,2,15,A01
200700034038,0,33,000,00,2,1,01,B02
200700034039,0,07,000,00,2,2,02,A01
200700034039,0,07,000,15,2,6,02,B02
200700034040,0,07,000,02,0,1,01,A01
200700034041,0,33,000,02,0,1,14,A01
200700034042,0,07,000,06,0,0,17,A01
200700034043,0,07,000,00,0,1,15,A01
200700034043,0,34,000,00,0,1,01,B02
200700034044,0,07,000,00,2,1,13,A01
200700034044,0,07,000,00,2,1,01,B02
200700034045,0,07,000,00,2,2,01,A01
200700034045,0,07,000,00,2,3,15,B02
200700034046,0,31,000,00,0,1,01,A01
200700034046,0,07,000,00,0,3,00,B02
200700034047,0,07,000,08,0,8,01,A01
200700034048,0,02,000,00,2,3,13,A01
200700034048,0,14,000,00,2,3,01,B02
200700034048,0,10,000,00,2,2,02,C03
200700034049,0,07,000,00,2,2,15,A01
200700034049,0,07,000,00,2,1,01,B02
200700034050,0,07,000,00,2,3,01,A01
200700034050,0,31,000,01,0,2,01,B02
200700034051,0,07,000,00,2,7,19,A01
200700034051,0,10,000,00,0,3,01,B02
200700034052,0,07,000,00,2,3,13,A01
200700034052,0,07,000,00,0,3,01,B02
200700034053,0,33,000,00,2,3,01,A01
200700034053,0,07,000,00,2,3,01,B02
200700034054,0,07,000,02,0,1,01,A01
200700034055,0,07,000,00,2,8,15,A01
200700034055,0,33,000,00,2,1,01,B02
200700034056,0,07,000,00,2,3,06,A01
200700034056,0,07,000,00,2,2,01,B02
200700034057,0,07,000,00,0,9,01,A01
200700034058,0,02,000,00,2,7,23,A01
200700034058,0,02,000,01,0,1,18,B02
200700034059,0,07,000,00,9,8,22,A01
200700034059,0,02,000,01,0,1,00,B02
200700034060,0,07,000,00,0,3,01,A01
200700034060,0,07,000,00,2,2,19,B02
200700034061,0,07,000,00,1,1,10,A01
200700034062,0,31,000,00,0,1,17,A01
200700034062,0,07,000,00,2,3,15,B02
200700034063,0,14,000,13,0,1,01,A01
200700034064,0,07,000,05,2,3,02,A01
200700034064,0,07,000,00,0,5,02,B02
200700034065,0,33,000,00,2,2,01,A01
200700034065,0,21,000,00,2,7,15,B02
200700034066,0,07,000,13,0,2,01,A01
200700034067,0,07,000,03,0,2,17,A01
200700034068,0,07,000,00,2,8,15,A01
200700034068,0,33,000,00,1,1,17,B01
200700034069,0,07,000,00,2,1,15,A01
200700034069,0,31,000,00,2,1,01,B01
200700034070,0,99,000,00,1,2,01,A01
200700034071,0,01,000,00,2,7,15,A01
200700034071,0,07,000,00,2,1,01,B01
200700034072,0,07,000,00,2,1,01,B01
200700034072,0,07,000,00,2,6,15,A01
200700034073,0,33,000,01,0,1,01,A01
200700034074,0,07,000,00,2,1,09,B01
200700034074,0,33,000,00,2,3,01,A01
200700034075,0,30,000,00,2,1,01,A01
200700034075,0,07,000,00,2,4,01,B01
200700034076,0,07,000,00,2,2,19,A01
200700034076,0,07,000,00,2,1,01,B01
200700034077,0,07,000,00,2,8,11,A01
200700034077,0,07,000,00,2,2,01,B01
200700034078,0,07,000,00,2,3,01,B01
200700034078,0,07,000,00,2,3,19,A01
200700034079,0,07,000,00,0,4,02,B01
200700034079,0,30,000,00,2,1,02,A01
200700034080,0,02,000,00,2,1,02,A01
200700034080,0,07,000,00,0,6,15,B01
200700034081,0,33,000,00,2,1,02,B01
200700034081,0,07,000,00,2,3,19,A01
200700034082,0,07,000,00,1,1,01,A01
200700034083,0,07,000,14,0,1,01,A01
200700034083,0,07,000,00,2,4,23,B01
200700034084,1,07,000,00,9,0,00,A01
200700034084,0,02,000,00,2,2,01,B01
200700034085,0,37,000,00,1,2,01,A01
200700034086,0,07,000,00,9,3,15,A01
200700034086,0,02,000,01,2,8,01,B01
200700034087,0,02,000,00,2,1,17,A01
200700034087,0,07,000,00,2,3,15,B01
200700034088,0,07,000,00,2,1,15,A01
200700034088,0,33,000,00,2,1,01,B01
200700034089,0,07,000,00,2,3,15,A01
200700034089,0,02,000,00,2,3,01,B01
200700034090,0,07,000,04,0,1,01,A01
200700034091,0,17,000,00,2,3,13,A01
200700034091,0,07,000,00,2,3,01,B01
200700034092,0,07,000,09,0,1,01,A01
200700034093,0,07,000,00,2,1,15,A01
200700034093,0,02,000,00,0,8,21,B01
200700034094,0,07,000,00,2,1,19,A01
200700034094,0,07,000,00,0,8,01,B01
200700034095,0,37,013,00,2,2,21,B01
200700034095,0,07,000,00,0,3,19,A01
200700034096,0,07,000,00,2,1,01,C01
200700034096,0,07,000,00,2,1,01,B01
200700034096,0,07,000,00,1,3,13,A01
200700034097,0,07,000,00,2,3,15,A01
200700034097,0,02,000,00,2,1,01,B01
200700034098,0,02,000,00,1,1,01,B01
200700034098,0,07,000,00,2,5,01,A01
200700034099,0,07,000,00,2,3,01,B01
200700034099,0,07,000,00,2,3,13,A01
200700034100,0,01,000,00,1,1,01,B01
200700034100,0,01,000,00,2,1,16,A01
200700034101,0,07,000,00,2,7,16,B01
200700034101,0,02,000,00,2,3,14,A01
200700034102,0,10,000,00,2,3,09,A01
200700034102,0,30,000,00,2,1,01,B01
200700034103,0,33,000,00,2,1,17,A01
200700034103,0,07,000,00,2,6,15,B01
200700034104,0,33,000,00,2,1,03,A01
200700034104,0,07,000,00,0,6,15,B01
200700034105,0,33,000,00,2,0,09,A01
200700034106,0,07,000,00,1,2,01,A01
200700034107,0,07,000,00,2,4,23,B01
200700034107,0,07,000,00,2,1,02,A01
200700034108,0,30,000,00,1,8,17,A01
200700034109,0,07,000,00,2,1,01,A01
200700034109,0,07,000,00,2,8,01,B01
200700034110,0,31,000,00,2,7,09,A01
200700034110,0,15,000,00,2,6,01,B01
200700034111,0,07,000,00,1,1,01,A01
200700034112,0,30,000,00,2,1,15,A01
200700034112,0,14,000,00,2,2,01,B01
200700034113,0,02,000,00,2,1,01,A01
200700034113,0,07,000,00,0,4,23,B01
200700034114,0,07,000,00,1,2,01,A01
200700034115,0,07,000,00,2,1,01,A01
200700034115,0,02,000,00,2,1,15,B01
200700034116,0,07,000,00,2,7,01,B01
200700034116,0,02,000,00,2,8,01,A01
200700034117,0,10,000,00,2,3,15,B01
200700034117,0,02,000,00,2,7,17,A01
200700034118,0,15,000,00,1,2,01,A01
200700034119,0,07,000,00,2,1,15,A01
200700034119,0,30,000,01,2,1,17,B01
200700034120,0,02,000,00,2,4,23,B01
200700034120,0,07,000,00,2,1,01,A01
200700034121,0,07,000,00,2,1,19,B01
200700034121,0,02,000,00,2,7,13,A01
200700034122,0,07,000,00,1,1,01,A01
200700034123,0,07,000,00,2,3,15,B01
200700034123,0,30,000,00,2,1,17,A01
200700034124,0,10,000,00,0,6,19,A01
200700034124,0,02,000,00,2,2,01,B01
200700034125,0,07,000,00,2,7,19,A01
200700034125,0,31,000,00,2,1,01,B01
200700034126,0,10,000,02,0,1,02,A01
200700034127,0,07,000,00,2,2,15,A01
200700034127,0,32,000,00,2,1,01,B01
200700034127,0,07,000,00,1,6,01,C01
200700034128,0,07,000,10,0,1,01,A01
200700034129,0,33,000,00,2,1,00,A01
200700034129,0,07,000,00,2,2,15,B01
200700034129,1,07,000,00,0,0,00,C01
200700034130,0,07,000,00,2,1,13,A01
200700034130,0,07,000,00,2,1,01,B01
200700034131,0,07,000,00,2,1,23,C01
200700034131,0,07,000,00,2,4,13,A01
200700034131,0,33,000,00,0,0,21,B01
200700034132,0,07,000,00,2,3,10,A01
200700034132,0,02,000,00,2,1,01,B01
200700034133,0,07,000,00,2,8,15,A01
200700034133,0,07,000,00,2,2,01,B01
200700034134,0,32,000,00,2,1,01,B01
200700034134,0,07,000,00,2,8,09,A01
200700034135,0,07,000,00,2,8,09,A01
200700034135,0,33,000,00,2,1,01,B01
200700034136,0,07,000,00,9,8,22,A01
200700034136,0,01,000,01,0,1,01,B01
200700034137,0,01,000,00,2,1,01,A01
200700034137,0,07,000,00,2,8,01,B01
200700034138,0,07,000,00,2,1,02,A01
200700034138,0,07,000,00,2,4,02,B01
200700034139,0,33,000,00,2,1,02,A01
200700034139,0,07,000,00,2,3,02,B01
200700034140,0,02,000,00,2,1,13,A01
200700034140,0,17,000,00,2,8,01,B01
200700034141,1,10,000,00,2,1,02,A01
200700034141,0,07,000,00,2,4,02,B01
200700034141,0,07,000,00,2,4,02,C01
200700034142,0,07,000,00,1,4,04,A01
200700034143,0,07,000,00,2,1,13,A01
200700034143,0,07,000,00,2,3,01,B01
200700034144,0,33,000,00,2,1,17,A01
200700034144,0,07,000,00,2,6,15,B01
200700034145,0,07,000,00,2,8,10,A01
200700034145,0,02,000,00,2,1,01,B01
200700034146,0,07,000,00,1,1,01,A01
200700034147,0,07,000,00,2,1,09,A01
200700034147,0,33,000,00,2,1,01,B01
200700034148,0,07,000,00,2,3,09,A01
200700034148,0,07,000,00,2,2,01,B01
200700034149,0,07,000,00,2,1,02,A01
200700034149,0,07,000,00,2,4,02,B01
200700034149,0,07,000,00,2,8,01,C01
200700034150,0,31,000,00,2,1,01,B01
200700034150,0,07,000,00,2,2,16,A01
200700034151,0,07,000,00,2,1,09,A01
200700034151,0,30,000,00,2,1,01,B01
200700034152,0,07,000,00,2,1,02,A01
200700034152,0,07,000,00,2,4,02,B01
200700034153,0,30,000,00,4,1,01,A01
200700034153,0,07,000,00,2,4,01,B01
200700034154,0,07,000,00,2,1,01,A01
200700034154,0,07,000,00,2,3,15,B01
200700034155,0,07,000,00,1,1,01,A01
200700034156,0,30,000,00,1,2,01,A01
200700034157,0,30,000,00,1,2,00,A01
200700034158,0,07,000,00,2,3,15,A01
200700034158,0,33,000,00,2,1,01,B01
200700034159,0,07,000,00,1,1,01,A01
200700034160,0,07,000,00,2,4,01,B01
200700034160,0,07,000,00,2,1,02,A01
200700034161,0,38,001,00,1,1,01,A01
200700034162,0,30,000,00,2,1,02,A01
200700034162,0,07,000,00,2,4,01,B01
200700034163,0,07,000,00,2,1,00,A01
200700034163,0,30,000,00,2,3,00,B01
200700034164,0,07,000,00,2,1,02,A01
200700034164,0,07,000,00,2,4,01,B01
200700034165,0,30,000,00,2,1,01,B01
200700034165,0,07,000,00,2,2,00,A01
200700034166,0,07,000,00,2,3,16,A01
200700034166,0,32,000,00,2,4,15,B01
200700034167,0,07,000,00,2,1,02,A01
200700034167,0,30,000,00,2,4,01,B01
200700034168,0,07,000,00,1,4,04,A01
200700034169,0,07,000,01,2,2,14,A01
200700034170,0,07,000,00,2,1,15,A01
200700034170,0,30,000,00,2,1,01,B01
200700034171,0,07,000,00,2,6,16,B01
200700034171,0,34,000,00,2,1,01,A01
200700034172,0,31,000,01,2,1,01,A01
200700034172,1,07,000,00,0,4,24,B01
200700034173,1,07,000,00,1,2,14,A01
200700034174,0,30,000,00,2,1,01,B01
200700034174,0,07,000,00,2,3,10,A01
200700034175,0,30,000,00,2,1,02,A01
200700034175,0,07,000,00,2,6,16,B01