Num_Acc,senc,catv,occutc,obs,obsm,choc,manv,num_veh
200700034176,0,07,000,00,2,1,15,A01
200700034176,0,30,000,00,2,1,01,B01
200700034177,0,07,000,00,2,1,02,A01
200700034177,0,07,000,00,2,4,01,B01
200700034178,0,33,000,00,2,1,00,B01
200700034178,0,07,000,00,2,1,10,A01
200700034179,0,31,000,00,2,1,01,A01
200700034179,0,07,000,00,2,4,01,B01
200700034180,0,07,000,01,1,1,01,A01
200700034181,0,07,000,00,2,8,09,A01
200700034181,0,30,000,00,2,1,01,B01
200700034182,0,07,000,00,2,6,15,A01
200700034182,0,32,000,00,2,1,01,B01
200700034183,0,34,000,00,1,1,02,A01
200700034183,0,07,000,00,2,6,15,B01
200700034184,0,07,000,00,2,1,01,B01
200700034184,0,07,000,00,2,1,00,A01
200700034185,0,07,000,01,2,1,01,A01
200700034185,0,07,000,00,2,4,24,B01
200700034186,0,07,000,00,2,1,15,A01
200700034186,0,07,000,00,2,1,01,B01
200700034187,0,34,000,00,2,1,17,A01
200700034187,0,07,000,00,2,3,01,B01
200700034188,1,07,000,00,2,1,01,A01
200700034189,0,20,000,00,1,1,01,A01
200700034190,0,07,000,00,2,1,02,A01
200700034190,0,07,000,00,2,4,01,B01
200700034191,0,07,000,00,1,2,01,A01
200700034192,0,07,000,00,2,1,01,A01
200700034193,0,07,000,00,2,3,09,A01
200700034193,0,32,000,00,2,2,01,B01
200700034194,0,32,000,00,2,1,01,B01
200700034195,0,07,000,00,1,1,09,A01
200700034196,0,07,000,00,2,1,01,A01
200700034196,0,07,000,00,2,4,02,B01
200700034196,0,07,000,00,0,4,02,C01
200700034197,0,33,000,11,2,1,06,A01
200700034197,0,07,000,00,0,5,01,B01
200700034198,0,32,000,00,0,0,00,A01
200700034199,0,10,000,00,1,7,01,A01
200700034200,0,30,000,00,2,7,17,A01
200700034200,0,07,000,00,2,8,15,B01
200700034201,0,02,000,00,0,0,00,A01
200700034202,0,07,000,00,2,3,09,A01
200700034202,0,30,000,00,2,1,01,B01
200700034203,0,07,000,00,2,1,01,A01
200700034203,0,30,000,00,0,0,00,B01
200700034204,0,07,000,00,0,5,23,B01
200700034204,0,02,000,00,2,1,02,A01
200700034205,0,30,000,12,0,1,00,A01
200700034206,0,07,000,00,2,1,02,A01
200700034206,0,07,000,00,0,4,02,B01
200700034207,0,10,000,00,2,2,01,B01
200700034207,0,02,000,00,2,1,15,A01
200700034208,0,02,000,00,0,0,00,A01
200700034209,0,03,000,16,0,9,00,A01
200700034210,0,33,000,00,2,7,17,A01
200700034210,0,07,000,00,2,8,15,B01
200700034211,0,30,000,00,2,2,17,A01
200700034211,0,07,000,00,2,8,15,B01
200700034212,0,07,000,00,2,1,02,A01
200700034212,0,07,000,00,0,4,02,B01
200700034213,0,33,000,00,2,1,17,A01
200700034213,0,07,000,00,2,8,15,B01
200700034214,0,07,000,00,0,8,01,A01
200700034215,0,07,000,00,1,8,01,A01
200700034216,0,02,000,00,2,1,13,A01
200700034216,0,07,000,00,2,2,01,B01
200700034217,0,02,000,06,0,0,14,A01
200700034218,0,07,000,00,2,3,15,B01
200700034218,1,07,000,00,2,3,15,A01
200700034219,0,07,000,00,2,1,01,A01
200700034219,0,07,000,00,0,6,23,B01
200700034220,0,33,000,00,2,1,01,A01
200700034220,0,07,000,00,2,1,09,B01
200700034221,0,07,000,00,0,0,10,A01
200700034221,0,30,000,00,2,1,21,B01
200700034222,0,07,000,08,0,0,00,A01
200700034223,0,07,000,06,0,0,10,A01
200700034224,0,10,000,00,1,7,01,A01
200700034225,0,30,000,00,2,1,13,A01
200700034225,0,07,000,00,2,3,01,B01
200700034226,0,30,000,00,0,0,01,A01
200700034227,0,07,000,15,2,6,00,A01
200700034227,0,14,000,00,2,3,01,B01
200700034227,0,10,000,00,2,1,01,C01
200700034228,0,30,000,16,0,7,01,A01
200700034229,0,10,000,00,2,3,13,A01
200700034229,0,07,000,00,0,3,01,B01
200700034230,0,32,000,00,2,1,01,A01
200700034230,0,32,000,00,2,0,19,B01
200700034231,0,32,000,00,2,1,17,A01
200700034231,0,07,000,00,0,6,15,B01
200700034232,0,32,000,00,2,1,17,A01
200700034232,0,07,000,00,0,8,15,B01
200700034233,0,07,000,00,0,4,04,B01
200700034233,1,07,000,01,0,1,01,A01
200700034234,0,07,000,00,2,7,12,A01
200700034234,0,01,000,00,0,8,01,B01
200700034235,0,07,000,00,2,1,01,A01
200700034235,0,07,000,00,2,4,16,B01
200700034236,0,07,000,00,2,3,01,A01
200700034236,1,07,000,00,2,0,15,B01
200700034237,0,02,000,00,2,0,00,A01
200700034237,0,33,000,00,2,8,00,B01
200700034238,0,07,000,00,2,4,01,C01
200700034238,0,07,000,00,2,4,01,D01
200700034238,0,07,000,00,2,1,01,A01
200700034238,0,07,000,00,2,4,01,B01
200700034239,0,07,000,00,2,3,15,A01
200700034239,0,02,000,00,2,2,02,B01
200700034240,0,10,000,00,2,3,02,B01
200700034240,0,02,000,00,2,1,02,A01
200700034241,0,37,001,00,1,3,02,A01
200700034242,0,07,000,00,2,2,01,A01
200700034242,0,07,000,00,2,6,24,B01
200700034243,0,07,000,00,2,9,00,A01
200700034243,0,07,000,00,2,8,01,B01
200700034244,0,07,000,00,1,2,01,A01
200700034245,0,07,000,00,2,3,15,A01
200700034245,0,02,000,00,2,7,01,B01
200700034246,0,07,000,00,2,8,15,A01
200700034246,0,38,022,00,2,1,01,B01
200700034247,0,07,000,00,2,6,01,B01
200700034247,0,07,000,00,2,2,01,A01
200700034248,0,02,000,00,2,4,15,A01
200700034248,0,32,000,00,2,1,01,B01
200700034249,0,33,000,00,2,5,17,A01
200700034249,0,07,000,00,2,3,15,B01
200700034250,0,07,000,00,2,1,01,A01
200700034250,0,07,000,00,2,4,01,B01
200700034251,0,02,000,00,2,1,01,A01
200700034251,0,07,000,00,2,4,01,B01
200700034252,0,07,000,00,2,1,01,A01
200700034252,0,07,000,00,2,4,23,B01
200700034253,0,02,000,00,2,2,01,B01
200700034253,1,07,000,00,0,3,02,A01
200700034254,0,07,000,00,1,4,02,A01
200700034255,0,07,000,00,2,6,23,A01
200700034255,0,30,000,00,2,1,01,B01
200700034256,0,14,000,00,1,0,04,A01
200700034257,0,07,000,00,2,1,02,A01
200700034257,0,02,000,00,2,0,02,B01
200700034258,0,07,000,00,2,7,15,A01
200700034258,0,07,000,00,2,1,02,B01
200700034259,0,07,000,14,0,1,01,A01
200700034260,0,30,000,00,1,1,01,A01
200700034261,0,05,000,00,1,0,00,A01
200700034262,0,10,000,00,2,5,24,A01
200700034262,0,02,000,14,2,7,01,B01
200700034263,1,07,000,00,2,0,00,A01
200700034263,0,07,000,00,2,4,01,B01
200700034264,0,07,000,00,2,0,00,A01
200700034264,0,02,000,00,2,0,00,B01
200700034265,0,07,000,01,0,2,01,A01
200700034265,0,07,000,00,2,6,23,B01
200700034266,0,37,001,00,2,2,02,A01
200700034267,0,31,000,00,2,1,17,A01
200700034267,0,07,000,00,2,8,01,B01
200700034268,0,07,000,00,2,1,05,A01
200700034268,0,07,000,00,2,1,01,B01
200700034269,0,07,000,00,2,5,01,A01
200700034269,0,07,000,00,2,3,16,B01
200700034270,0,07,000,00,2,2,11,A01
200700034270,0,05,000,00,2,1,01,B01
200700034271,0,07,000,15,0,1,14,A01
200700034272,0,07,000,08,2,1,02,A01
200700034272,0,07,000,09,2,7,02,B01
200700034273,0,02,000,00,2,1,01,A01
200700034273,0,07,000,00,2,4,01,B01
200700034274,0,07,000,00,2,2,10,A01
200700034274,0,33,000,00,2,3,01,B01
200700034275,0,07,000,00,2,3,15,A01
200700034275,0,02,000,00,2,1,17,B01
200700034276,0,10,000,00,2,3,10,A01
200700034276,0,31,000,00,2,7,17,B01
200700034277,0,31,000,00,2,2,02,A01
200700034277,0,07,000,00,2,0,14,B01
200700034278,0,07,000,00,2,8,00,A01
200700034278,0,31,000,00,2,1,00,B01
200700034279,0,07,000,00,2,7,01,B01
200700034279,0,07,000,00,2,1,01,A01
200700034280,0,02,000,00,2,8,01,A01
200700034280,0,07,000,00,2,7,00,B01
200700034281,0,07,000,00,2,3,15,A01
200700034281,0,33,000,00,2,7,01,B01
200700034282,0,32,000,00,2,8,01,A01
200700034282,0,07,000,00,2,7,10,B01
200700034283,0,07,000,00,2,4,04,A01
200700034283,0,33,000,00,2,8,09,B01
200700034284,0,07,000,00,2,1,15,A01
200700034284,0,02,000,00,2,1,06,B01
200700034285,0,02,000,01,0,1,14,A01
200700034286,0,07,000,00,1,4,04,A01
200700034287,0,02,000,00,2,1,01,B01
200700034287,0,07,000,00,2,6,19,A01
200700034288,0,30,000,00,1,3,15,A01
200700034289,0,30,000,00,1,5,01,A01
200700034290,0,07,000,00,1,3,15,A01
200700034291,0,07,000,00,1,1,01,A01
200700034292,0,07,000,00,2,2,15,A01
200700034292,0,33,000,00,2,2,01,B01
200700034293,0,32,000,01,0,7,21,A01
200700034293,0,07,000,00,0,0,09,C01
200700034294,0,07,000,00,2,2,14,A01
200700034294,0,01,000,00,2,1,01,B01
200700034295,0,07,000,00,2,1,05,A01
200700034295,0,07,000,00,2,3,01,B01
200700034295,0,07,000,00,2,1,01,C01
200700034296,0,07,000,00,1,1,01,A01
200700034297,0,07,000,00,1,3,15,A01
200700034298,0,13,000,00,2,1,01,A01
200700034298,0,07,000,00,2,8,11,B01
200700034298,0,07,000,00,2,6,01,C01
200700034298,0,07,000,00,2,5,01,D01
200700034299,0,07,000,00,2,3,24,A01
200700034299,0,33,000,01,0,2,01,B01
200700034300,0,07,000,00,2,8,11,A01
200700034300,0,07,000,00,2,2,02,B01
200700034301,0,30,000,14,0,1,01,A01
200700034301,0,02,000,00,2,7,01,B01
200700034301,0,07,000,00,2,3,23,C01
200700034302,0,07,000,00,2,4,01,A01
200700034302,0,07,000,00,2,1,02,B01
200700034303,0,07,000,00,2,1,20,A01
200700034303,0,32,000,00,2,2,21,B01
200700034304,0,30,000,00,1,7,01,A01
200700034305,0,02,000,00,2,1,01,A01
200700034305,0,07,000,00,2,4,23,B01
200700034306,0,02,000,00,2,1,01,A01
200700034306,0,07,000,00,2,4,01,B01
200700034307,0,07,000,00,2,2,15,A01
200700034307,0,33,000,00,2,2,01,B01
200700034308,0,32,000,00,2,0,02,A01
200700034308,0,01,000,00,2,4,02,B01
200700034309,0,02,000,00,2,2,15,A01
200700034309,0,07,000,00,2,1,01,B01
200700034310,0,32,000,00,2,3,01,A01
200700034310,0,07,000,00,2,8,01,B01
200700034311,0,07,000,14,0,3,21,A01
200700034311,0,30,000,00,2,4,23,B01
200700034311,0,30,000,00,2,7,23,C01
200700034312,0,37,026,00,1,2,01,A01
200700034313,0,07,000,00,2,2,09,A01
200700034313,0,07,000,02,2,0,01,B01
200700034314,1,07,000,00,2,0,14,A01
200700034314,0,02,000,00,2,8,01,B01
200700034315,0,05,000,00,2,1,01,A01
200700034315,0,07,000,00,2,4,23,B01
200700034316,0,07,000,00,2,1,01,B01
200700034316,0,07,000,00,2,4,11,A01
200700034317,0,07,000,00,2,1,00,A01
200700034317,0,02,000,00,2,3,00,B01
200700034318,0,07,000,00,2,3,01,A01
200700034318,0,02,000,00,2,7,01,B01
200700034319,0,01,000,00,2,8,07,A01
200700034319,0,07,000,00,2,2,01,B01
200700034320,0,07,000,00,2,3,09,A01
200700034320,0,07,000,00,2,1,01,B01
200700034321,0,07,000,00,2,8,15,A01
200700034321,0,31,000,00,2,1,15,B01
200700034322,0,34,000,00,2,0,09,A01
200700034322,0,07,000,00,2,3,01,B01
200700034323,0,02,000,00,2,0,01,A01
200700034323,0,30,000,00,2,1,01,B01
200700034324,0,07,000,00,2,1,01,A01
200700034324,0,07,000,00,2,4,01,B01
200700034325,0,07,000,00,2,8,15,A01
200700034325,0,02,000,00,2,7,01,B01
200700034326,0,33,000,00,2,0,01,A01
200700034326,0,07,000,00,2,3,16,B01
200700034327,0,07,000,00,2,3,01,A01
200700034327,0,07,000,00,2,5,21,B01
200700034328,0,07,000,00,1,3,01,A01
200700034329,0,30,000,14,0,1,02,A01
200700034329,0,07,000,00,0,4,02,B01
200700034330,0,05,000,00,2,1,00,B01
200700034330,0,07,000,00,2,1,06,A01
200700034331,0,14,000,01,2,2,12,A01
200700034331,0,10,000,01,2,1,02,B01
200700034332,0,07,000,00,2,9,01,B01
200700034332,0,07,000,00,2,1,01,A01
200700034332,0,07,000,00,2,4,02,C01
200700034333,0,07,000,00,2,6,01,A01
200700034333,0,02,000,00,2,1,09,B01
200700034334,0,07,000,00,2,4,01,B01
200700034334,0,07,000,00,2,0,00,A01
200700034335,0,05,000,00,2,8,11,A01
200700034335,0,07,000,00,2,2,01,B01
200700034336,0,32,000,00,2,1,02,A01
200700034336,0,07,000,00,2,4,02,B01
200700034336,0,07,000,00,9,3,02,C01
200700034337,0,07,000,00,0,0,00,B01
200700034337,1,02,000,00,0,0,00,A01
200700034338,0,07,000,00,2,2,01,A01
200700034338,0,07,000,00,2,3,01,B01
200700034339,0,07,000,00,2,1,02,A01
200700034339,0,02,000,00,2,4,02,B01
200700034340,0,37,001,00,2,3,15,A01
200700034340,0,33,000,00,2,9,15,B01
200700034341,0,07,000,01,2,6,10,A01
200700034341,0,07,000,01,2,3,02,B01
200700034342,0,07,000,00,2,3,24,A01
200700034342,0,07,000,00,2,0,00,B01
200700034343,0,02,000,00,1,1,01,A01
200700034344,0,07,000,00,2,7,11,A01
200700034344,0,33,000,00,2,1,01,B01
200700034345,1,07,000,00,2,0,14,A01
200700034345,0,02,000,00,2,8,01,B01
200700034346,0,05,000,12,0,7,00,A01
200700034347,0,32,000,08,1,1,01,A01
200700034348,0,07,000,00,1,1,00,A01
200700034349,0,02,000,00,2,8,09,A01
200700034349,0,05,000,00,2,1,01,B01
200700034349,0,10,000,00,2,0,01,C01
200700034350,0,02,000,00,1,1,00,A01
200700034351,0,07,000,00,2,1,01,A01
200700034351,0,07,000,00,2,6,01,B01
200700034352,0,07,000,00,2,1,09,A01
200700034352,0,32,000,00,2,3,01,B01
200700034353,0,02,000,00,2,2,01,A01
200700034353,0,07,000,00,2,3,01,B01
200700034354,0,07,000,00,2,2,15,A01
200700034354,0,02,000,00,2,1,01,B01
200700034355,0,07,000,00,2,3,13,A01
200700034355,0,05,000,00,0,7,01,B01
200700034356,0,02,000,14,0,1,21,A01
200700034356,0,07,000,00,2,4,01,B01
200700034357,0,07,000,00,2,4,00,A01
200700034357,0,07,000,00,2,1,00,B01
200700034358,0,07,000,00,2,1,00,A01
200700034358,0,33,000,00,2,1,00,B01
200700034359,0,07,000,01,0,2,12,A01
200700034359,0,07,000,00,2,6,24,B01
200700034360,0,02,000,00,2,5,01,A01
200700034360,0,02,000,00,2,2,01,B01
200700034361,0,07,000,00,2,3,01,A01
200700034361,0,07,000,00,2,8,01,B01
200700034362,0,07,000,00,1,1,01,A01
200700034363,0,07,000,00,2,4,01,A01
200700034363,0,02,000,01,0,0,01,B01
200700034364,0,05,000,00,0,0,00,A01
200700034365,0,34,000,00,2,1,01,A01
200700034365,0,07,000,00,2,2,15,B01
200700034366,0,07,000,00,2,3,15,A01
200700034366,0,02,000,00,2,8,01,B01
200700034367,1,07,000,00,2,0,12,A01
200700034367,0,02,000,00,2,1,01,B01
200700034368,0,05,000,05,0,1,13,A01
200700034369,0,07,000,00,0,0,00,A01
200700034369,0,02,000,00,0,0,00,B01
200700034370,0,02,000,00,2,2,00,A01
200700034370,0,10,000,00,2,4,04,B01
200700034371,0,07,000,00,2,1,01,A01
200700034371,0,31,000,00,2,1,09,B01
200700034372,0,02,000,00,2,1,01,A01
200700034372,0,07,000,00,2,4,02,B01
200700034373,0,05,000,00,0,8,05,A01
200700034373,0,14,000,00,2,0,01,B01
200700034374,0,02,000,00,2,1,01,A01
200700034374,0,07,000,00,2,3,01,B01
200700034375,0,07,000,00,2,2,14,A01
200700034375,0,01,000,00,2,4,01,B01
200700034376,0,07,000,00,2,2,15,A01
200700034376,0,02,000,00,2,1,01,B01
200700034377,0,07,000,00,1,1,13,A01
200700034378,0,07,000,00,2,1,00,A01
200700034378,0,07,000,00,2,3,01,B01
200700034379,0,07,000,00,2,8,01,A01
200700034379,0,07,000,00,2,3,01,B01
200700034380,0,07,000,00,2,2,00,A01
200700034380,0,02,000,00,2,3,02,B01
200700034381,0,10,000,00,2,3,09,A01
200700034381,0,05,000,00,2,2,01,B01
200700034381,0,07,000,00,2,3,23,C01
200700034382,0,07,000,00,2,0,00,A01
200700034382,0,05,000,00,2,0,00,B01
200700034383,0,07,000,00,2,3,01,B01
200700034383,0,02,000,00,2,1,01,A01
200700034384,0,07,000,00,2,3,19,A01
200700034384,0,07,000,00,2,2,01,B01
200700034385,0,10,000,00,2,1,15,A01
200700034385,0,05,000,00,2,1,01,B01
200700034386,0,07,000,00,2,1,09,A01
200700034386,0,02,000,00,2,9,01,B01
200700034387,0,02,000,00,2,3,01,B01
200700034387,0,07,000,00,2,6,09,A01
200700034388,0,05,000,00,2,1,13,A01
200700034388,0,07,000,00,2,3,01,B01
200700034389,0,02,000,00,1,1,01,A01
200700034390,0,30,000,01,2,1,01,A01
200700034390,0,07,000,00,2,1,01,B01
200700034391,0,07,000,00,2,3,01,A01
200700034391,0,07,000,00,2,2,01,B01
200700034392,0,10,000,00,2,7,15,A01
200700034392,0,07,000,00,2,1,02,B01
200700034393,0,02,000,00,2,1,01,A01
200700034393,0,07,000,00,2,4,01,B01
200700034393,0,07,000,00,2,6,01,C01
200700034394,0,32,000,00,2,1,01,A01
200700034394,0,07,000,00,2,4,02,B01
200700034395,0,07,000,01,0,6,14,A01
200700034396,0,07,000,00,1,3,09,A01
200700034397,0,07,000,00,2,5,01,A01
200700034397,0,02,000,00,2,1,01,B01
200700034398,0,05,000,00,2,1,02,A01
200700034398,0,07,000,00,2,3,02,B01
200700034399,0,33,000,00,1,1,01,A01
200700034400,0,07,000,00,0,3,02,A01
200700034400,0,30,000,00,0,9,02,B01
200700034401,0,07,000,00,2,1,01,A01
200700034401,0,07,000,00,2,1,01,B01
200700034402,0,37,010,00,1,3,04,A01
200700034403,0,33,000,00,2,8,13,A01
200700034403,0,07,000,00,2,8,01,B01
200700034403,0,33,000,00,2,7,02,C01
200700034404,0,07,000,00,2,2,02,B01
200700034404,0,33,000,00,2,6,02,A01
200700034405,0,07,000,00,2,8,01,B01
200700034405,0,31,000,00,2,3,13,A01
200700034406,0,02,000,00,2,1,01,A01
200700034406,0,01,000,00,2,7,01,B01
200700034407,0,33,000,00,2,1,01,B01
200700034407,0,07,000,00,2,2,15,A01
200700034408,0,07,000,00,1,2,01,A01
200700034409,0,33,000,01,0,1,13,A01
200700034410,0,07,000,08,0,1,14,A01
200700034411,0,07,000,00,2,1,01,B01
200700034411,0,07,000,00,2,1,15,A01
200700034412,0,07,000,00,1,2,01,A01
200700034413,0,07,000,00,1,1,16,A01
200700034414,0,33,000,00,2,1,02,B01
200700034414,0,01,000,00,2,8,15,A01
200700034415,0,07,000,00,2,2,16,A01
200700034415,0,01,000,00,2,8,01,B01
200700034416,0,07,000,00,2,7,15,A01
200700034416,0,33,000,00,2,1,01,B01
200700034417,0,10,000,00,2,1,01,B01
200700034417,0,07,000,00,2,2,15,A01
200700034418,1,07,000,00,2,6,04,A01
200700034418,0,33,000,00,2,1,01,B01
200700034419,0,33,000,12,0,1,01,A01
200700034420,0,07,000,00,2,8,01,A01
200700034420,0,07,000,00,2,8,09,B01
200700034420,0,07,000,00,9,4,09,C01
200700034421,1,07,000,00,2,1,13,A01
200700034421,0,07,000,00,2,1,23,B01
200700034422,0,07,000,00,2,3,05,A01
200700034422,0,02,000,00,2,1,01,B01
200700034423,0,10,000,00,2,1,02,A01
200700034423,0,07,000,00,0,4,23,B01
200700034424,0,07,000,00,0,4,24,B01
200700034424,0,07,000,01,0,1,00,A01
200700034425,0,07,000,02,0,2,01,A01
200700034426,0,33,000,11,0,1,00,A01
200700034427,0,07,000,00,1,2,01,A01
200700034428,0,07,000,13,0,1,01,A01
200700034429,0,07,000,03,0,6,01,B01
200700034429,0,07,000,00,2,2,12,A01
200700034430,0,07,000,00,2,4,23,B01
200700034430,1,07,000,00,2,1,01,A01
200700034431,0,07,000,00,2,4,15,B01
200700034431,0,07,000,00,2,1,02,A01
200700034432,0,30,000,00,0,6,15,B01
200700034432,0,07,000,00,2,2,15,A01
200700034433,0,07,000,00,2,1,05,A01
200700034433,0,07,000,00,2,1,01,B01
200700034434,0,07,000,00,2,3,01,B01
200700034434,0,32,000,00,2,2,01,A01
200700034435,0,33,000,00,0,1,01,A01
200700034436,1,07,000,00,1,1,01,A01
200700034437,0,02,000,00,0,0,00,A01
200700034438,0,02,000,12,0,0,01,B01
200700034438,1,07,000,00,0,0,09,A01
200700034439,0,07,000,00,2,7,01,A01
200700034439,0,01,000,00,2,7,15,B01
200700034440,0,07,000,00,2,3,01,A01
200700034440,0,01,000,00,2,1,01,B01
200700034441,0,31,000,00,2,1,17,A01
200700034441,0,07,000,00,2,8,15,B01
200700034442,0,07,000,00,2,4,15,A01
200700034442,0,14,000,00,2,1,01,B01
200700034443,0,07,000,00,2,2,15,A01
200700034443,0,30,000,00,2,1,01,B01
200700034444,0,07,000,00,2,8,15,A01
200700034444,0,32,000,00,2,1,01,B01
200700034445,0,33,000,00,0,0,01,A01
200700034445,0,07,000,00,0,0,09,B01
200700034446,0,01,000,00,0,4,01,B01
200700034446,0,01,000,00,0,0,01,C01
200700034447,0,07,000,01,0,1,01,A01
200700034447,0,07,000,00,0,4,23,B01
200700034448,0,31,000,00,2,8,13,A01
200700034448,0,07,000,00,2,8,01,B01
200700034448,0,07,000,00,2,8,01,C01
200700034449,0,07,000,13,2,1,02,A01
200700034449,0,07,000,00,0,4,02,B01
200700034449,0,07,000,00,0,4,02,C01
200700034450,0,07,000,00,2,3,01,A01
200700034450,0,07,000,08,0,3,01,B01
200700034450,0,07,000,00,2,1,01,C01
200700034451,0,07,000,00,1,2,11,A01
200700034452,0,07,000,00,2,8,09,A01
200700034452,0,33,000,00,2,1,01,B01
200700034453,0,33,000,00,2,1,13,A01
200700034453,0,07,000,00,2,1,16,B01
200700034454,0,07,000,00,2,8,10,A01
200700034454,0,34,000,00,2,1,01,B01
200700034455,0,07,000,00,2,3,15,A01
200700034455,0,07,000,00,2,2,00,B01
200700034456,0,07,000,00,0,1,02,A01
200700034456,0,07,000,00,0,4,23,B01
200700034457,0,07,000,00,2,1,02,A01
200700034457,0,07,000,00,2,4,15,B01
200700034458,0,30,000,00,1,1,07,A01
200700034459,2,07,000,00,2,1,02,A01
200700034459,0,07,000,00,2,4,02,B01
200700034459,0,38,001,00,0,8,02,C01
200700034460,0,07,000,00,2,3,19,B01
200700034460,0,30,000,00,2,1,00,A01
200700034461,0,07,000,00,2,1,14,A01
200700034461,0,07,000,00,2,4,02,B01
200700034461,0,07,000,00,2,4,02,C01
200700034462,0,02,000,00,0,8,01,A01
200700034463,0,07,000,00,2,1,01,A01
200700034463,0,07,000,00,2,2,15,B01
200700034463,0,07,000,00,2,1,00,C01
200700034464,0,32,000,00,2,3,02,B01
200700034464,1,07,000,00,2,2,09,A01
200700034465,0,07,000,00,2,3,01,A01
200700034465,0,30,000,00,2,1,01,B01
200700034466,1,32,000,00,1,0,00,A01
200700034467,0,07,000,00,2,8,09,A01
200700034467,0,07,000,00,2,1,02,B01
200700034467,0,07,000,00,2,6,24,C01
200700034468,0,07,000,00,2,1,15,A01
200700034468,0,07,000,00,2,0,01,B01
200700034469,0,07,000,00,0,4,23,A01
200700034469,0,30,000,00,2,1,02,B01
200700034470,1,02,000,00,0,0,00,A01
200700034471,0,33,000,00,2,1,01,B01
200700034471,0,07,000,00,2,3,09,A01
200700034472,0,07,000,00,2,1,02,A01
200700034472,0,07,000,03,2,4,01,B01
200700034473,2,07,000,00,1,1,14,A01
200700034474,0,30,000,00,2,1,02,A01
200700034474,0,07,000,00,0,5,02,B01
200700034475,0,07,000,00,0,8,15,B01
200700034475,0,33,000,00,2,2,17,A01
200700034476,0,33,000,00,2,1,01,A01
200700034476,0,07,000,00,2,2,10,B01
200700034477,0,07,000,00,2,3,01,A01
200700034477,0,07,000,00,2,3,01,B01
200700034478,0,07,000,00,2,1,02,A01
200700034478,0,07,000,00,2,4,15,B01
200700034479,0,33,000,00,2,1,01,A01
200700034479,0,07,000,00,2,4,02,B01
200700034480,0,35,000,00,0,0,00,A01
200700034481,0,01,000,00,0,0,00,B01
200700034481,0,07,000,00,9,7,01,A01
200700034482,0,07,000,00,0,6,15,A01
200700034482,0,33,000,00,2,1,02,B01
200700034483,0,07,000,00,2,5,15,A01
200700034483,0,33,000,00,2,1,01,B01
200700034484,0,07,000,00,2,6,00,B01
200700034484,0,07,000,00,2,8,02,A01
200700034485,0,07,000,00,2,3,15,A01
200700034485,0,30,000,00,2,3,14,B01
200700034485,0,07,000,00,2,4,00,C01
200700034486,0,07,000,00,2,2,15,A01
200700034486,0,32,000,00,2,1,01,B01
200700034487,0,07,000,00,2,3,15,A01
200700034487,0,32,000,00,0,3,00,B01
200700034488,0,07,000,00,2,1,01,A01
200700034488,0,07,000,00,2,8,01,B01
200700034489,2,99,000,00,0,0,00,A01
200700034489,0,31,000,01,2,1,17,B01
200700034490,0,07,000,00,1,2,01,A01
200700034491,0,07,000,00,2,2,01,A01
200700034491,0,07,000,00,2,1,02,B01
200700034492,0,32,000,00,2,7,01,A01
200700034492,1,07,000,00,2,1,15,B01
200700034493,0,07,000,00,2,3,15,A01
200700034493,0,32,000,00,2,7,17,B01
200700034494,0,31,000,00,2,1,09,A01
200700034494,0,07,000,00,2,7,00,B01
200700034495,0,02,000,00,0,0,00,A01
200700034496,0,07,000,00,1,8,21,A01
200700034497,0,07,000,00,2,1,02,A01
200700034497,0,07,000,00,0,4,02,B01
200700034498,0,02,000,00,1,1,01,A01
200700034499,0,17,000,00,2,2,01,A01
200700034499,0,07,000,00,0,6,01,B01
200700034500,0,32,000,00,1,1,17,A01
200700034501,0,07,000,00,2,4,02,A01
200700034501,0,07,000,00,2,9,02,B01
200700034501,0,07,000,00,2,4,02,C01
200700034502,0,07,000,00,2,1,01,B01
200700034502,0,07,000,00,2,8,01,A01
200700034503,0,07,000,00,2,2,12,A01
200700034503,0,32,000,00,2,8,02,B01
200700034504,0,32,000,00,0,0,02,A01
200700034505,0,07,000,00,2,3,03,A01
200700034505,0,34,000,00,2,2,00,B01
200700034506,0,07,000,00,2,2,01,B01
200700034506,0,33,000,01,2,1,09,A01
200700034507,0,07,000,00,1,2,00,A01
200700034508,0,07,000,00,2,1,00,A01
200700034508,0,31,000,00,2,1,01,B01
200700034509,0,10,000,00,2,2,01,A01
200700034509,0,07,000,00,2,6,01,B01
200700034510,0,33,000,01,1,1,21,B01
200700034510,0,07,000,00,2,6,00,C01
200700034511,0,07,000,00,2,2,15,A01
200700034511,0,32,000,00,2,1,21,B01
200700034512,0,02,000,00,2,1,17,A01
200700034512,0,07,000,00,0,8,00,B01
200700034513,0,32,000,00,0,3,07,A01
200700034513,0,07,000,00,0,2,09,B01
200700034514,0,07,000,00,2,8,11,A01
200700034514,0,32,000,00,2,2,17,B01
200700034515,0,30,000,00,0,7,00,A01
200700034516,0,07,000,00,2,8,10,A01
200700034516,0,30,000,00,2,2,02,B01
200700034517,0,07,000,00,2,8,01,A01
200700034517,0,07,000,00,2,8,02,B01
200700034517,0,07,000,00,2,8,02,C01
200700034517,0,33,000,00,2,1,02,D01
200700034518,1,07,000,00,0,0,00,A01
200700034519,0,33,000,00,1,1,01,A01
200700034520,0,07,000,00,2,7,02,A01
200700034520,0,30,000,00,2,8,02,B01