Num_Acc,senc,catv,occutc,obs,obsm,choc,manv,num_veh
200700034521,1,07,000,15,2,2,03,A01
200700034521,0,07,000,00,2,6,02,B01
200700034522,0,03,000,00,2,1,13,A01
200700034522,0,07,000,00,2,3,01,B01
200700034523,0,31,000,00,2,2,01,A01
200700034523,0,07,000,00,2,8,15,B01
200700034524,0,02,000,00,2,1,02,A01
200700034524,0,07,000,00,2,4,01,B01
200700034525,0,07,000,00,1,1,15,A01
200700034526,0,07,000,00,2,4,09,A01
200700034526,0,33,000,00,2,4,02,B01
200700034527,0,07,000,00,2,1,02,A01
200700034527,0,07,000,00,2,4,02,B01
200700034528,0,01,000,00,0,0,00,A01
200700034528,0,07,000,00,9,1,15,B01
200700034529,0,10,000,00,9,5,02,A01
200700034529,0,01,000,00,0,8,02,B01
200700034530,0,07,000,00,2,1,13,A01
200700034530,0,07,000,00,2,3,02,B01
200700034531,0,07,000,00,1,3,15,A01
200700034532,0,33,000,00,0,0,01,A01
200700034532,0,32,000,00,0,0,15,B01
200700034533,0,07,000,00,2,1,01,A01
200700034533,0,31,000,00,2,1,01,B01
200700034534,0,02,000,00,2,7,01,A01
200700034534,0,07,000,00,2,3,15,B01
200700034535,0,07,000,00,2,1,01,A01
200700034535,0,31,000,00,2,7,01,B01
200700034536,0,15,000,00,2,2,17,A01
200700034536,0,07,000,00,2,3,13,B01
200700034537,0,10,000,00,1,0,02,A01
200700034538,0,07,000,00,2,2,02,A01
200700034538,0,07,000,00,2,6,23,B01
200700034539,0,02,000,00,2,1,01,A01
200700034539,0,07,000,00,0,4,01,B01
200700034540,0,07,000,00,0,3,15,A01
200700034540,0,02,000,00,2,1,17,B01
200700034541,0,32,000,00,0,0,01,A01
200700034542,0,32,000,00,0,0,01,A01
200700034542,0,07,000,00,0,0,09,B01
200700034543,0,07,000,00,0,8,10,A01
200700034543,0,34,000,00,0,1,01,B01
200700034544,0,07,000,00,2,6,01,A01
200700034544,0,37,030,00,2,2,01,B01
200700034545,0,33,000,00,2,1,17,A01
200700034545,0,07,000,00,2,8,01,B01
200700034545,0,07,000,00,2,3,01,C01
200700034546,0,07,000,00,2,2,15,A01
200700034546,0,07,000,00,2,6,01,B01
200700034547,0,07,000,00,0,0,00,A01
200700034547,0,07,000,00,2,1,00,B01
200700034548,0,02,000,00,2,0,05,A01
200700034548,0,07,000,00,9,3,02,B01
200700034549,0,07,000,00,2,1,02,A01
200700034549,0,10,000,00,2,4,02,B01
200700034549,0,07,000,00,2,4,02,C01
200700034550,1,07,000,00,2,0,04,A01
200700034550,0,32,000,00,2,7,01,B01
200700034551,0,31,000,00,2,1,05,A01
200700034551,0,33,000,00,2,1,09,B01
200700034552,0,34,000,00,0,0,21,A01
200700034552,0,07,000,00,0,0,00,B01
200700034553,1,99,000,00,1,1,00,A01
200700034554,0,30,000,00,2,1,01,A01
200700034554,0,07,000,00,2,3,01,B01
200700034555,0,30,000,00,1,1,17,A01
200700034556,0,30,000,00,2,1,01,A01
200700034556,0,07,000,00,2,3,01,B01
200700034557,0,07,000,00,2,1,00,A01
200700034557,0,07,000,00,2,5,01,B01
200700034557,0,07,000,00,2,6,01,C01
200700034557,0,07,000,00,2,3,01,D01
200700034558,0,07,000,00,1,1,00,A01
200700034559,0,30,000,00,0,0,01,A01
200700034560,0,34,000,00,2,1,05,A01
200700034560,0,07,000,00,0,1,05,B01
200700034561,0,07,000,00,2,3,01,A01
200700034561,0,01,000,00,2,0,15,B01
200700034562,0,32,000,00,2,7,02,A01
200700034562,0,07,000,00,2,5,09,B01
200700034563,0,31,000,00,1,3,02,A01
200700034564,0,10,000,00,2,3,00,A01
200700034564,0,02,000,00,2,9,00,B01
200700034565,0,33,000,00,1,0,17,A01
200700034566,0,30,000,00,2,1,01,A01
200700034566,0,07,000,00,2,2,01,B01
200700034567,0,07,000,00,2,1,02,A01
200700034567,0,07,000,00,2,4,02,B01
200700034568,0,37,030,09,0,2,20,A01
200700034569,0,32,000,00,2,1,17,A01
200700034569,0,07,000,00,0,6,15,B01
200700034570,1,07,000,00,1,1,12,A01
200700034571,0,33,000,00,1,1,01,A01
200700034572,0,31,000,00,2,3,03,A01
200700034572,0,07,000,00,2,2,01,B01
200700034572,0,07,000,00,2,1,01,C01
200700034573,0,07,000,00,2,1,02,A01
200700034573,0,07,000,00,0,5,02,B01
200700034574,0,30,000,00,2,2,02,A01
200700034574,0,07,000,00,0,6,15,B01
200700034575,0,07,000,00,1,3,11,A01
200700034576,0,07,000,14,0,1,02,A01
200700034576,0,07,000,00,2,4,23,B01
200700034577,0,32,000,00,2,1,01,B01
200700034577,0,07,000,00,2,3,15,A01
200700034578,0,07,000,00,2,1,02,A01
200700034578,0,07,000,00,2,4,02,B01
200700034579,2,07,000,08,0,1,00,A01
200700034580,0,30,000,00,2,4,19,A01
200700034580,0,31,000,00,2,1,02,B01
200700034581,0,07,000,00,2,1,15,A01
200700034581,0,33,000,00,2,7,01,B01
200700034582,0,32,000,00,2,1,11,A01
200700034582,0,07,000,00,2,3,01,B01
200700034583,0,07,000,00,2,6,02,A01
200700034583,0,32,000,00,2,2,02,B01
200700034584,1,99,000,00,0,0,00,A01
200700034585,0,07,000,00,2,3,01,B01
200700034585,0,30,000,00,2,0,19,A01
200700034586,0,02,000,08,0,1,01,A01
200700034587,1,07,000,00,1,0,11,A01
200700034588,0,07,000,00,2,2,00,A01
200700034588,0,33,000,00,2,8,01,B01
200700034589,0,07,000,00,0,0,13,A01
200700034589,0,33,000,00,0,0,21,B01
200700034590,0,34,000,00,2,1,02,A01
200700034590,0,07,000,00,2,3,15,B01
200700034591,0,30,000,00,2,1,15,A01
200700034591,0,02,000,00,2,1,01,B01
200700034592,0,07,000,11,0,1,01,A01
200700034593,0,10,000,00,2,1,02,A01
200700034593,0,07,000,00,2,4,02,B01
200700034594,0,32,000,00,2,2,00,A01
200700034594,0,07,000,00,2,8,00,B01
200700034595,0,07,000,00,1,5,01,A01
200700034596,0,34,000,00,0,0,01,A01
200700034597,0,07,000,00,1,1,01,A01
200700034598,0,07,000,00,2,1,01,A01
200700034598,0,07,000,00,2,4,23,B01
200700034599,0,07,000,00,2,3,15,A01
200700034599,0,32,000,00,2,1,17,B01
200700034600,0,02,000,00,1,1,18,A01
200700034601,0,02,000,00,2,1,02,A01
200700034601,1,07,000,00,2,4,01,B01
200700034602,0,07,000,00,2,3,10,A01
200700034602,0,34,000,00,2,2,01,B01
200700034603,0,30,000,00,2,5,17,A01
200700034603,0,07,000,00,2,6,15,B01
200700034604,0,30,000,00,2,7,03,A01
200700034604,0,07,000,00,0,7,01,B01
200700034605,0,31,000,00,2,1,17,A01
200700034605,0,07,000,00,2,8,20,B01
200700034606,0,31,000,00,2,1,21,B01
200700034606,0,07,000,00,2,3,09,A01
200700034607,0,33,000,00,2,2,13,A01
200700034607,0,07,000,00,2,6,22,B01
200700034608,0,07,000,00,2,7,15,A01
200700034608,0,30,000,00,2,1,01,B01
200700034609,0,07,000,00,2,1,13,A01
200700034609,0,30,000,00,2,1,01,B01
200700034610,0,02,000,00,2,4,23,A01
200700034610,0,33,000,00,2,1,01,B01
200700034611,0,07,000,00,2,1,15,A01
200700034611,0,33,000,00,2,1,16,B01
200700034612,1,99,000,00,0,0,00,A01
200700034613,0,07,000,00,0,0,15,A01
200700034613,0,32,000,00,0,0,01,B01
200700034614,0,07,000,00,2,2,01,A01
200700034614,0,07,000,00,2,3,01,B01
200700034615,1,32,000,00,1,0,00,A01
200700034616,0,10,000,00,1,5,04,A01
200700034617,0,07,000,00,1,2,01,A01
200700034618,0,07,000,00,2,1,02,A01
200700034618,0,07,000,00,2,4,02,B01
200700034618,0,07,000,00,2,4,23,C01
200700034619,0,33,000,00,2,2,02,A01
200700034619,0,07,000,00,2,3,02,B01
200700034620,0,07,000,00,2,1,02,A01
200700034620,0,07,000,00,2,4,23,B01
200700034621,0,07,000,00,2,4,02,B01
200700034621,0,07,000,00,2,1,02,A01
200700034622,0,10,000,00,0,0,00,A01
200700034623,0,07,000,00,2,1,15,A01
200700034623,0,31,000,00,2,8,02,B01
200700034624,0,07,000,00,2,6,02,A01
200700034624,0,07,000,00,2,2,02,B01
200700034625,0,07,000,00,2,2,15,A01
200700034625,0,07,000,00,2,3,01,B01
200700034626,0,07,000,00,2,7,11,A01
200700034626,0,33,000,00,2,1,01,B01
200700034627,0,07,000,00,9,3,11,A01
200700034627,0,32,000,00,2,8,01,B01
200700034628,0,07,000,00,2,5,15,A01
200700034628,0,33,000,00,2,1,01,B01
200700034629,0,07,000,00,0,3,15,A01
200700034629,0,33,000,00,2,1,17,B01
200700034630,0,07,000,00,1,2,02,A01
200700034631,0,07,000,00,0,3,15,A01
200700034631,0,33,000,00,2,1,02,B01
200700034632,0,07,000,00,2,1,02,A01
200700034632,0,07,000,00,2,4,02,B01
200700034633,0,07,000,00,2,7,20,A01
200700034633,0,07,000,00,2,3,01,B01
200700034634,0,07,000,00,2,2,15,A01
200700034634,0,07,000,00,2,3,01,B01
200700034635,0,07,000,00,2,3,15,A01
200700034635,0,34,000,00,2,8,01,B01
200700034636,0,32,000,00,2,3,00,A01
200700034636,1,07,000,00,0,0,09,B01
200700034637,0,30,000,12,0,1,01,A01
200700034638,0,30,000,00,2,1,17,A01
200700034638,0,07,000,00,2,3,15,B01
200700034639,0,07,000,00,1,1,01,A01
200700034640,0,07,000,00,9,5,02,A01
200700034640,0,30,000,00,2,1,01,B01
200700034641,0,07,000,00,2,1,16,A01
200700034641,0,37,010,00,2,3,01,B01
200700034642,0,30,000,00,0,1,01,A01
200700034643,0,31,000,00,2,1,01,A01
200700034643,0,07,000,00,2,4,01,B01
200700034644,0,07,000,00,2,1,01,A01
200700034644,0,07,000,00,2,4,23,B01
200700034644,0,10,000,00,0,4,23,C01
200700034645,0,33,000,00,2,1,17,A01
200700034645,0,07,000,00,2,3,15,B01
200700034646,0,07,000,00,2,1,02,A01
200700034646,0,07,000,00,2,4,02,B01
200700034647,0,07,000,00,1,4,20,A01
200700034648,0,07,000,16,2,3,00,A01
200700034648,0,32,000,00,2,1,01,B01
200700034649,0,30,000,00,2,1,13,A01
200700034649,0,34,000,00,2,1,02,B01
200700034650,0,07,000,00,2,1,10,A01
200700034650,0,07,000,01,2,3,01,B01
200700034651,0,07,000,00,2,2,15,A01
200700034651,0,34,000,00,2,1,01,B01
200700034652,0,07,000,01,2,3,18,A01
200700034652,0,07,000,00,2,2,16,B01
200700034653,0,07,000,00,2,3,01,B01
200700034653,0,07,000,00,2,2,15,A01
200700034654,0,07,000,00,2,0,00,A01
200700034654,0,07,000,00,2,3,01,B01
200700034655,0,07,000,00,2,3,13,A01
200700034655,0,34,000,00,2,2,17,B01
200700034656,0,07,000,00,0,4,04,A01
200700034656,0,07,000,00,0,7,00,B01
200700034657,0,07,000,00,1,1,02,A01
200700034658,0,02,000,00,2,7,17,A01
200700034658,0,07,000,00,2,3,17,B01
200700034659,0,07,000,12,0,2,21,A01
200700034660,0,07,000,00,1,3,01,A01
200700034661,0,33,000,12,0,1,01,A01
200700034662,0,10,000,14,0,1,02,A01
200700034662,0,07,000,14,0,4,02,B01
200700034662,0,07,000,14,0,0,00,C01
200700034663,0,07,000,00,0,3,19,A01
200700034663,0,33,000,00,2,1,01,B01
200700034664,0,02,000,00,2,7,03,A01
200700034664,0,07,000,00,2,8,02,B01
200700034665,0,99,000,00,2,1,15,A01
200700034665,0,07,000,00,2,2,01,B01
200700034666,0,07,000,00,1,1,02,A01
200700034667,0,07,000,00,0,3,23,A01
200700034667,0,02,000,00,2,1,01,B01
200700034668,0,07,000,06,0,1,01,A01
200700034669,0,07,000,00,2,5,15,A01
200700034669,0,33,000,00,2,9,01,B01
200700034670,0,07,000,00,1,0,16,A01
200700034671,0,07,000,00,2,1,02,A01
200700034671,0,07,000,00,2,9,02,B01
200700034671,0,07,000,00,2,4,02,C01
200700034672,0,07,000,00,1,1,01,A01
200700034673,0,30,000,00,1,2,01,A01
200700034674,0,07,000,00,1,3,00,A01
200700034675,0,17,000,00,2,2,01,A01
200700034675,0,07,000,00,2,6,01,B01
200700034676,0,32,000,00,2,1,01,B01
200700034676,0,07,000,00,2,1,15,A01
200700034677,1,99,000,00,0,0,00,A01
200700034678,0,33,000,00,2,2,21,A01
200700034678,0,07,000,00,2,0,00,B01
200700034679,0,07,000,00,0,0,05,A01
200700034679,0,32,000,00,0,0,16,B01
200700034680,0,07,000,00,2,8,15,B01
200700034680,0,30,000,00,2,3,02,A01
200700034681,0,07,000,00,2,8,20,A01
200700034681,0,07,000,00,2,1,01,B01
200700034682,0,07,000,00,1,1,15,A01
200700034683,0,32,000,00,2,1,01,A01
200700034683,0,07,000,00,0,3,15,B01
200700034684,0,07,000,00,2,3,13,A01
200700034684,0,07,000,00,2,3,00,B01
200700034685,0,33,000,00,1,0,01,A01
200700034686,0,07,000,00,1,2,15,A01
200700034687,0,07,000,00,2,3,13,A01
200700034687,0,02,000,00,2,8,01,B01
200700034688,0,07,000,00,2,1,01,A01
200700034688,0,07,000,00,2,4,01,B01
200700034688,0,07,000,00,2,4,23,C01
200700034688,0,07,000,00,2,4,23,D01
200700034689,0,33,000,00,2,1,16,A01
200700034689,0,07,000,00,2,8,01,B01
200700034690,0,07,000,00,2,1,02,A01
200700034690,0,07,000,00,2,4,02,B01
200700034691,0,07,000,00,2,2,00,A01
200700034691,0,07,000,00,0,6,00,B01
200700034691,0,07,000,00,0,6,00,C01
200700034692,0,99,000,00,2,3,13,A01
200700034692,0,07,000,00,2,6,21,B01
200700034693,0,07,000,00,1,7,02,A01
200700034694,0,07,000,00,2,3,01,A01
200700034694,0,07,000,00,0,3,15,B01
200700034695,0,07,000,00,2,7,01,A01
200700034695,0,07,000,00,0,2,15,B01
200700034696,1,07,000,00,0,0,00,A01
200700034697,0,32,000,00,2,7,02,A01
200700034697,0,10,000,00,2,6,02,B01
200700034698,1,32,000,00,0,0,00,A01
200700034699,0,07,000,00,2,4,02,A01
200700034699,0,07,000,00,2,4,02,B01
200700034699,0,07,000,00,2,1,01,C01
200700034700,0,07,000,00,2,1,15,A01
200700034700,0,33,000,00,2,1,01,B01
200700034701,0,31,000,00,2,1,05,A01
200700034701,0,07,000,00,2,1,01,B01
200700034702,0,33,000,00,0,0,00,A01
200700034703,0,32,000,00,2,8,02,A01
200700034703,0,07,000,00,0,0,11,B01
200700034704,0,01,000,00,1,0,00,A01
200700034705,0,07,000,00,1,4,04,A01
200700034706,0,07,000,00,2,1,16,A01
200700034706,0,30,000,00,2,1,02,B01
200700034707,0,07,000,00,1,3,00,A01
200700034708,0,07,000,00,2,3,02,A01
200700034708,0,07,000,00,2,4,02,B01
200700034709,0,37,016,00,2,2,15,A01
200700034709,0,07,000,00,9,8,02,B01
200700034710,0,07,000,00,2,2,15,A01
200700034710,0,34,000,00,2,1,01,B01
200700034711,0,07,000,00,2,1,02,A01
200700034711,0,07,000,00,2,9,02,B01
200700034711,0,07,000,00,2,4,02,C01
200700034712,0,07,000,01,0,4,04,A01
200700034712,0,34,000,00,2,7,17,B01
200700034713,0,07,000,14,0,3,01,A01
200700034713,0,07,000,00,0,5,01,B01
200700034714,0,07,000,00,2,1,10,A01
200700034714,0,31,000,00,2,8,01,B01
200700034715,0,07,000,00,2,3,02,A01
200700034715,0,07,000,00,2,5,02,B01
200700034716,0,07,000,00,1,1,01,A01
200700034717,0,07,000,00,2,3,15,A01
200700034717,0,37,050,00,2,2,01,B01
200700034718,0,32,000,00,0,0,00,A01
200700034718,0,07,000,00,0,0,00,B01
200700034719,0,07,000,00,2,1,01,A01
200700034719,0,01,000,00,2,1,16,B01
200700034720,0,30,000,00,0,8,01,A01
200700034721,0,02,000,00,0,5,01,A01
200700034721,0,07,000,00,2,1,01,B01
200700034722,0,02,000,14,0,2,01,A01
200700034723,0,37,015,00,1,5,21,A01
200700034724,0,07,000,00,2,1,01,A01
200700034724,0,07,000,00,2,3,15,B01
200700034725,0,07,000,00,0,0,00,A01
200700034726,0,07,000,00,1,3,19,A01
200700034727,0,07,000,11,0,2,01,A01
200700034728,0,30,000,00,9,4,02,A01
200700034728,0,01,000,00,0,0,17,B01
200700034729,0,30,000,00,2,1,17,A01
200700034729,0,07,000,00,2,3,20,B01
200700034730,0,31,000,00,1,7,01,A01
200700034731,0,01,000,00,2,1,02,A01
200700034731,0,07,000,00,9,4,15,B01
200700034732,0,30,000,00,2,1,01,A01
200700034732,0,07,000,00,2,8,01,B01
200700034733,0,07,000,00,0,3,00,A01
200700034733,0,07,000,00,0,3,00,B01
200700034734,0,07,000,08,0,1,01,A01
200700034735,0,07,000,00,2,2,11,A01
200700034735,0,31,000,00,2,8,00,B01
200700034736,0,33,000,00,0,1,10,A01
200700034737,0,07,000,00,2,1,02,A01
200700034737,0,07,000,00,2,4,02,B01
200700034738,0,07,000,00,2,7,19,A01
200700034738,0,07,000,00,2,2,00,B01
200700034739,0,07,000,00,2,6,10,A01
200700034739,0,07,000,00,2,3,01,B01
200700034740,0,02,000,00,2,8,00,B01
200700034740,1,07,000,00,2,1,00,A01
200700034741,0,07,000,00,2,0,00,A01
200700034741,0,07,000,00,2,4,01,B01
200700034742,0,07,000,01,1,1,01,A01
200700034743,0,30,000,00,0,0,00,A01
200700034744,1,02,000,00,0,0,00,A01
200700034745,0,33,000,00,2,1,02,A01
200700034745,0,07,000,00,0,6,02,B01
200700034746,0,33,000,00,2,1,17,A01
200700034746,0,07,000,00,2,3,15,B01
200700034746,0,07,000,00,2,3,01,C01
200700034747,0,07,000,00,1,1,01,A01
200700034748,0,30,000,00,0,0,00,A01
200700034749,0,30,000,00,2,2,17,A01
200700034749,0,07,000,00,2,8,15,B01
200700034750,0,34,000,00,0,4,02,B01
200700034750,0,07,000,00,2,3,02,A01
200700034751,0,07,000,01,0,4,24,C01
200700034751,0,07,000,00,0,1,01,B01
200700034751,0,07,000,00,0,1,00,A01
200700034752,0,34,000,00,2,5,09,B01
200700034752,0,07,000,00,2,3,02,A01
200700034753,0,07,000,00,2,4,01,B01
200700034753,0,07,000,00,2,1,01,A01
200700034754,0,02,000,01,0,1,00,A01
200700034755,0,07,000,00,2,1,01,D01
200700034755,0,07,000,00,2,1,01,C01
200700034755,0,07,000,00,2,1,01,B01
200700034755,0,07,000,00,2,1,13,A01
200700034756,0,07,000,00,2,2,15,A01
200700034756,0,07,000,00,2,3,01,B01
200700034757,0,07,000,00,2,2,01,B01
200700034757,0,07,000,00,2,8,15,A01
200700034758,0,31,000,01,0,1,13,A01
200700034759,0,07,000,00,2,3,15,A01
200700034759,0,33,000,00,2,1,01,B01
200700034760,0,07,000,00,2,3,15,B01
200700034760,0,01,000,00,2,1,06,A01
200700034761,0,31,000,00,2,1,02,A01
200700034761,0,07,000,00,0,4,01,B01
200700034762,0,01,000,00,2,2,19,B01
200700034762,0,07,000,00,2,5,01,A01
200700034763,0,07,000,00,0,4,23,B01
200700034763,0,17,000,00,2,1,01,A01
200700034764,0,30,000,00,2,1,01,B01
200700034764,0,07,000,00,0,3,16,A01
200700034765,0,07,000,00,9,2,00,A01
200700034765,0,33,000,00,2,3,00,B01
200700034766,0,07,000,02,0,9,00,A01
200700034767,0,07,000,00,2,3,15,A01
200700034767,0,33,000,00,2,1,17,B01
200700034768,1,32,000,00,1,0,00,A01
200700034769,0,10,000,00,2,1,05,A01
200700034769,0,10,000,00,2,1,01,B01
200700034770,0,07,000,00,2,1,01,B01
200700034770,0,07,000,00,2,5,01,A01
200700034771,0,07,000,00,2,0,00,B01
200700034771,0,07,000,00,2,2,00,A01
200700034772,0,07,000,02,0,3,05,A01
200700034773,0,07,000,00,1,2,01,A01
200700034774,0,07,000,00,1,1,00,A01
200700034775,0,07,000,00,9,1,00,A01
200700034776,0,33,000,00,2,4,16,A01
200700034776,0,07,000,00,2,1,01,B01
200700034777,0,07,000,00,2,1,01,A01
200700034777,0,31,000,00,2,0,00,B01
200700034778,0,14,000,00,2,1,15,A01
200700034778,0,32,000,00,0,1,17,B01
200700034779,0,07,000,08,0,3,00,A01
200700034780,0,07,000,00,2,7,19,A01
200700034780,0,07,000,00,2,1,01,B01
200700034781,0,07,000,00,1,4,04,A01
200700034782,0,07,000,00,1,1,11,A01
200700034783,0,30,000,00,2,1,05,A01
200700034783,0,33,000,00,2,1,01,B01
200700034784,0,01,000,00,2,4,00,A01
200700034784,0,07,000,00,9,2,00,B01
200700034785,0,07,000,00,2,3,19,A01
200700034785,0,07,000,00,2,2,01,B01
200700034786,0,01,000,00,2,1,01,B01
200700034786,0,07,000,00,2,3,09,A01
200700034787,0,07,000,00,1,1,01,A01
200700034788,0,07,000,00,2,1,01,A01
200700034788,0,07,000,00,2,2,15,B01
200700034789,0,07,000,00,2,8,09,A01
200700034789,0,07,000,00,2,2,15,B01
200700034789,0,15,000,00,2,3,23,C01
200700034790,0,15,000,00,2,7,01,A01
200700034790,0,07,000,00,2,8,01,B01
200700034791,0,07,000,00,2,1,01,A01
200700034791,0,01,000,00,2,1,09,B01
200700034792,0,07,000,00,2,1,00,A01
200700034792,0,07,000,00,2,4,00,B01
200700034793,0,07,000,00,2,2,02,A01
200700034793,0,02,000,00,0,4,02,B01
200700034794,0,07,000,00,2,1,02,A01
200700034794,0,30,000,00,2,4,02,B01
200700034795,0,07,000,00,2,1,02,A01
200700034795,0,31,000,00,2,3,02,B01
200700034795,0,07,000,00,2,4,02,C01
200700034796,0,07,000,00,2,1,02,A01
200700034796,0,07,000,00,0,4,02,B01
200700034797,0,02,000,00,2,1,17,A01
200700034797,0,07,000,00,2,8,15,B01
200700034798,0,37,010,00,1,2,01,A01
200700034799,0,07,000,15,0,9,13,A01
200700034800,0,07,000,03,0,3,01,A01
200700034800,0,07,000,14,0,1,02,B01
200700034801,0,33,000,00,2,3,18,A01
200700034801,0,07,000,00,0,5,12,B01
200700034802,0,07,000,00,2,8,20,A01
200700034802,0,07,000,00,0,2,01,B01
200700034803,0,07,000,00,2,2,01,A01
200700034803,0,07,000,00,2,3,01,B01
200700034804,0,07,000,00,2,1,02,A01
200700034804,0,07,000,00,2,4,02,B01
200700034804,0,07,000,00,2,4,23,C01
200700034804,0,07,000,00,4,4,02,D01
200700034805,1,07,000,00,1,1,01,A01
200700034806,1,07,000,00,2,1,02,A01
200700034806,0,07,000,00,0,4,23,B01
200700034807,0,02,000,00,2,1,01,B01
200700034807,0,07,000,00,2,2,15,A01
200700034808,2,07,000,00,1,3,21,A01
200700034809,0,21,000,00,0,0,02,A01
200700034809,0,07,000,13,0,8,02,B01
200700034809,0,07,000,13,0,9,02,C01
200700034810,0,02,000,00,2,1,01,A01
200700034810,0,07,000,00,2,8,01,B01
200700034811,0,33,000,00,2,1,17,A01
200700034811,0,07,000,03,2,6,01,B01
200700034812,0,02,000,00,1,0,01,A01
200700034813,0,02,000,01,0,8,01,A01
200700034814,0,30,000,00,2,1,11,A01
200700034814,0,07,000,00,2,3,00,B01
200700034815,0,07,000,00,2,5,00,A01
200700034815,0,33,000,00,2,1,01,B01
200700034816,0,07,000,00,1,1,02,A01
200700034817,0,07,000,00,2,6,01,B01
200700034817,0,07,000,00,2,1,01,C01
200700034817,0,07,000,00,2,1,15,A01
200700034818,1,07,000,00,2,1,02,A01
200700034818,0,07,000,00,2,4,23,B01
200700034819,0,07,000,00,2,2,19,A01
200700034819,0,33,000,00,2,1,01,B01
200700034820,0,33,000,00,0,8,10,A01
200700034821,0,07,000,13,0,2,01,A01
200700034822,0,07,000,00,2,3,09,A01
200700034822,0,07,000,00,2,2,01,B01
200700034823,0,07,000,00,2,2,02,A01
200700034823,0,30,000,00,2,8,02,B01
200700034824,0,30,000,00,0,0,15,A01
200700034825,0,07,000,00,1,1,01,A01
200700034826,0,07,000,00,2,1,02,A01
200700034826,0,07,000,00,2,4,02,B01
200700034827,0,30,000,00,0,8,01,A01
200700034828,0,01,000,14,0,1,01,A01
200700034829,0,02,000,00,2,1,15,A01
200700034829,0,07,000,00,2,1,01,B01
200700034830,0,07,000,07,0,2,01,A01
200700034831,0,32,000,00,2,1,01,A01
200700034831,0,07,000,00,2,8,15,B01
200700034832,0,07,000,00,2,7,14,A01
200700034832,0,33,000,00,2,8,01,B01
200700034833,0,07,000,00,2,1,01,A01
200700034833,0,07,000,00,2,4,01,B01
200700034834,0,07,000,00,2,8,09,A01
200700034834,0,07,000,00,2,1,01,B01
200700034835,0,07,000,00,2,2,01,A01
200700034835,0,01,000,00,2,1,01,B01
200700034836,0,07,000,00,1,1,01,A01
200700034837,0,07,000,00,1,1,01,A01
200700034838,0,07,000,00,2,8,01,B01
200700034838,0,01,000,00,2,1,01,A01
200700034839,1,07,000,00,2,0,00,A01
200700034839,0,02,000,00,2,5,01,B01
200700034840,0,07,000,00,2,5,15,A01
200700034840,0,31,000,00,2,1,01,B01
200700034841,0,07,000,00,2,8,10,A01
200700034841,0,33,000,00,2,7,21,B01
200700034842,0,01,000,00,2,1,01,A01
200700034842,0,01,000,00,2,1,01,B01
200700034843,0,07,000,04,0,1,01,A01
200700034844,0,10,000,00,2,4,01,A01
200700034844,0,07,000,00,2,1,02,B01
200700034845,0,07,000,00,2,1,02,A01
200700034845,0,07,000,00,2,4,01,B01
200700034846,1,07,000,00,2,1,01,A01
200700034846,0,33,000,00,2,7,01,B01
200700034847,0,07,000,00,1,1,01,A01
200700034848,0,07,000,00,2,1,01,A01
200700034848,0,07,000,00,0,1,01,B01
200700034849,0,30,000,00,2,1,01,A01
200700034849,0,30,000,00,2,8,10,B01
200700034850,0,07,000,08,0,1,14,A01
200700034851,0,02,000,00,1,1,01,A01
200700034852,0,01,000,00,2,0,19,A01
200700034852,0,07,000,00,2,0,01,B01
200700034853,0,07,000,00,2,1,01,A01
200700034853,0,07,000,00,2,4,01,B01
200700034854,0,30,000,00,2,8,02,A01
200700034854,1,07,000,00,2,0,00,B01
200700034855,0,07,000,00,2,1,01,A01
200700034855,0,07,000,00,2,4,01,B01
200700034856,0,07,000,00,2,3,20,A01
200700034856,0,01,000,00,2,2,01,B01
200700034857,0,07,000,00,2,2,14,A01
200700034857,0,30,000,00,2,1,18,B01
200700034858,0,01,000,00,2,1,09,A01
200700034858,0,07,000,00,2,2,01,B01
200700034859,0,07,000,00,2,2,01,B01
200700034859,0,01,000,00,2,7,19,A01
200700034860,0,07,000,00,2,5,04,A01
200700034860,0,07,000,00,2,2,01,B01
200700034861,0,30,000,00,0,7,14,A01
200700034862,0,07,000,00,2,2,01,B01
200700034862,0,07,000,00,2,3,16,A01
200700034863,0,07,000,00,0,0,01,A01
200700034864,0,07,000,00,0,6,24,A01
200700034864,0,30,000,01,0,1,01,B01
200700034865,0,07,000,00,2,7,15,A01
200700034865,0,33,000,00,2,1,01,B01
200700034866,0,07,000,00,2,1,15,A01
200700034866,0,33,000,00,2,1,01,B01
200700034867,0,07,000,02,0,2,13,A01
200700034868,0,01,000,00,1,1,13,A01
200700034869,1,07,000,00,2,0,01,D01
200700034869,0,07,000,00,2,4,01,A01
200700034869,0,07,000,00,2,4,02,B01
200700034869,0,07,000,00,2,1,02,C01
200700034870,0,07,000,00,2,1,13,A01
200700034870,0,07,000,00,2,1,01,B01
200700034871,0,30,000,00,2,1,01,A01
200700034871,0,07,000,00,2,4,15,B01
200700034872,0,07,000,00,0,1,01,A01
200700034873,0,10,000,00,0,1,01,A01
200700034874,0,30,000,00,2,1,01,A01
200700034874,0,07,000,00,2,5,01,B01
200700034875,0,30,000,00,0,1,01,A01
200700034876,0,30,000,00,0,1,01,A01
200700034877,0,07,000,00,1,1,01,A01
200700034878,0,30,000,00,0,1,01,A01
200700034879,0,07,000,00,2,0,00,A01