Num_Acc,senc,catv,occutc,obs,obsm,choc,manv,num_veh
200700034879,0,02,000,00,2,0,00,B01
200700034880,0,33,000,00,0,0,00,A01
200700034881,0,07,000,00,2,1,02,A01
200700034881,0,07,000,00,2,4,23,B01
200700034881,0,07,000,00,0,4,23,C01
200700034882,0,07,000,00,2,2,17,A01
200700034882,0,01,000,00,2,8,17,B01
200700034883,0,07,000,00,2,1,02,B01
200700034883,0,07,000,00,2,1,02,A01
200700034884,0,07,000,00,0,0,01,A01
200700034885,0,07,000,00,1,2,01,A01
200700034886,0,07,000,00,2,1,02,A01
200700034886,0,07,000,00,0,4,01,B01
200700034886,0,07,000,00,2,2,02,C01
200700034887,0,38,053,00,2,2,01,B01
200700034887,0,07,000,00,0,8,16,A01
200700034888,0,30,000,16,0,1,01,A01
200700034889,0,07,000,00,1,2,02,A01
200700034889,0,07,000,00,2,6,23,B01
200700034890,0,07,000,08,0,1,00,A01
200700034891,0,07,000,00,1,2,00,A01
200700034892,2,07,000,06,2,1,02,A01
200700034892,0,07,000,06,0,4,02,B01
200700034893,0,07,000,01,0,1,02,A01
200700034894,0,17,000,12,0,8,02,A01
200700034895,0,30,000,00,2,2,15,A01
200700034895,0,07,000,00,2,8,15,B01
200700034896,0,01,000,00,2,6,09,A01
200700034896,0,07,000,00,9,3,01,B01
200700034897,0,07,000,00,0,1,23,B01
200700034897,0,07,000,00,2,1,16,A01
200700034898,0,07,000,00,2,2,02,A01
200700034898,0,07,000,00,2,3,02,B01
200700034899,0,30,000,00,2,1,02,A01
200700034899,0,07,000,00,2,4,02,B01
200700034900,0,02,000,00,2,2,01,A01
200700034900,0,07,000,00,2,3,01,B01
200700034900,0,07,000,00,2,3,00,C01
200700034901,0,07,000,00,2,1,01,A01
200700034901,0,07,000,00,2,7,15,B01
200700034902,0,07,000,00,2,2,01,A01
200700034902,0,07,000,00,2,6,15,B01
200700034903,0,07,000,00,2,5,01,A01
200700034903,0,07,000,00,2,2,01,B01
200700034903,0,07,000,00,2,2,01,C01
200700034904,0,07,000,00,2,1,01,A01
200700034905,0,10,000,13,0,8,00,A01
200700034906,0,30,000,00,2,1,01,B01
200700034906,0,07,000,00,2,2,15,A01
200700034907,0,02,000,00,0,7,01,A01
200700034908,0,07,000,00,1,1,01,A01
200700034909,0,31,000,00,2,1,17,A01
200700034909,0,07,000,00,2,3,01,B01
200700034910,0,07,000,00,1,8,01,A01
200700034911,0,30,000,01,0,1,18,A01
200700034911,0,07,000,00,2,4,24,B01
200700034912,0,07,000,00,2,1,02,A01
200700034912,0,07,000,00,2,4,23,B01
200700034913,0,07,000,00,1,0,01,A01
200700034914,0,07,000,00,2,8,10,A01
200700034914,0,30,000,00,2,1,01,B01
200700034915,0,30,000,00,2,7,01,B01
200700034915,0,07,000,00,2,2,23,A01
200700034916,0,33,000,00,2,1,02,A01
200700034916,0,07,000,00,2,3,02,B01
200700034916,0,07,000,00,2,4,01,C01
200700034917,2,07,000,00,2,1,14,A01
200700034917,0,01,000,00,2,4,01,B01
200700034918,0,07,000,00,2,3,15,A01
200700034918,0,33,000,00,2,1,01,B01
200700034919,0,03,000,01,0,1,14,A01
200700034920,0,07,000,00,9,2,01,B01
200700034920,0,02,000,00,2,2,13,A01
200700034921,0,07,000,00,1,2,01,A01
200700034922,0,07,000,13,0,1,01,A01
200700034923,0,07,000,00,2,3,05,B01
200700034923,0,30,000,00,2,3,05,A01
200700034924,0,01,000,00,2,1,01,A01
200700034924,0,07,000,00,2,4,16,B01
200700034925,0,07,000,00,1,1,00,A01
200700034926,0,07,000,00,2,2,19,A01
200700034926,0,02,000,00,2,1,01,B01
200700034927,0,15,000,00,2,2,01,A01
200700034927,0,01,000,00,2,8,01,B01
200700034928,0,02,000,00,2,1,01,A01
200700034928,0,07,000,00,2,4,01,B01
200700034929,0,02,000,00,2,0,01,B01
200700034929,0,07,000,00,2,0,15,A01
200700034930,0,07,000,00,2,1,15,A01
200700034930,0,02,000,00,2,1,01,B01
200700034931,0,07,000,00,2,1,24,C01
200700034931,0,07,000,01,0,1,13,A01
200700034931,0,07,000,00,2,1,24,B01
200700034932,0,07,000,00,2,3,20,A01
200700034932,0,02,000,00,2,1,01,B01
200700034933,0,07,000,00,1,1,01,A01
200700034934,0,07,000,00,1,1,01,A01
200700034935,0,10,000,00,2,1,02,A01
200700034935,0,07,000,00,2,4,23,B01
200700034936,0,07,000,00,2,4,04,A01
200700034936,0,34,000,00,2,1,02,B01
200700034937,0,07,000,00,1,4,04,A01
200700034938,0,02,000,00,2,1,08,A01
200700034938,0,07,000,00,2,1,15,B01
200700034939,0,10,000,00,1,3,01,A01
200700034940,0,07,000,00,2,2,02,A01
200700034940,0,01,000,00,2,6,02,B01
200700034941,0,07,000,00,2,2,01,A01
200700034941,0,10,000,09,2,1,01,B01
200700034942,0,07,000,00,2,1,01,A01
200700034942,0,07,000,00,2,1,01,B01
200700034943,0,02,000,00,2,1,21,B01
200700034943,0,07,000,00,2,3,15,A01
200700034944,0,07,000,00,2,3,01,A01
200700034944,0,07,000,00,2,3,01,B01
200700034945,0,10,000,04,0,3,01,A01
200700034946,0,99,000,00,2,2,17,A01
200700034946,0,07,000,00,2,3,01,B01
200700034947,0,07,000,00,2,2,13,A01
200700034947,0,07,000,00,2,1,01,B01
200700034948,1,07,000,00,2,1,01,A01
200700034948,0,07,000,00,2,3,01,B01
200700034949,0,01,000,00,2,1,01,A01
200700034949,0,33,000,00,2,3,01,B01
200700034950,0,07,000,00,2,5,17,A01
200700034950,0,01,000,00,2,3,01,B01
200700034951,0,07,000,00,2,3,24,A01
200700034951,0,01,000,01,0,1,01,B01
200700034952,0,07,000,11,2,6,01,B01
200700034952,0,07,000,00,2,2,01,A01
200700034953,0,30,000,00,1,1,01,A01
200700034954,0,07,000,00,2,3,21,A01
200700034954,0,07,000,00,2,3,01,B01
200700034955,0,02,000,00,2,2,17,A01
200700034955,0,07,000,00,2,3,15,B01
200700034956,0,01,000,00,2,2,01,B01
200700034956,0,07,000,00,2,3,15,A01
200700034957,0,02,000,00,2,1,01,B01
200700034957,0,07,000,00,2,3,15,A01
200700034958,1,07,000,00,1,4,20,A01
200700034959,0,02,000,12,0,2,14,A01
200700034960,0,02,000,00,2,1,02,A01
200700034960,0,07,000,00,2,4,01,B01
200700034961,0,31,000,00,2,1,01,A01
200700034961,0,07,000,00,2,1,15,B01
200700034962,0,07,000,00,1,4,04,A01
200700034963,0,07,000,00,1,1,01,A01
200700034964,0,02,000,06,2,2,17,A01
200700034964,0,07,000,00,0,3,15,B01
200700034965,0,37,000,00,2,1,01,B01
200700034965,0,07,000,00,2,8,15,A01
200700034966,0,07,000,00,2,1,02,A01
200700034966,0,07,000,00,2,4,23,B01
200700034966,0,07,000,00,2,4,02,C01
200700034967,0,01,000,00,0,0,15,A01
200700034968,0,33,000,12,2,8,17,A01
200700034968,0,17,000,00,2,6,02,B01
200700034969,0,02,000,00,0,1,01,A01
200700034970,0,07,000,00,1,2,15,A01
200700034971,0,07,000,11,0,1,01,A01
200700034972,0,07,000,00,2,3,15,B01
200700034972,0,02,000,00,2,1,17,A01
200700034973,0,07,000,03,0,1,01,A01
200700034974,0,02,000,00,0,0,01,A01
200700034975,0,07,000,00,2,7,22,A01
200700034975,0,01,000,14,0,3,18,B01
200700034976,0,02,000,00,2,1,09,A01
200700034976,0,07,000,00,2,7,09,B01
200700034977,0,07,000,00,1,4,04,A01
200700034978,0,02,000,00,2,1,02,A01
200700034978,0,07,000,00,2,4,23,B01
200700034979,0,07,000,00,2,1,01,B01
200700034979,0,02,000,00,2,8,15,A01
200700034980,0,07,000,00,1,6,04,A01
200700034981,0,30,000,00,2,1,01,A01
200700034981,0,30,000,00,0,1,09,B01
200700034982,0,07,000,00,2,1,02,A01
200700034982,0,07,000,00,0,4,02,B01
200700034982,0,07,000,00,0,4,02,C01
200700034983,0,02,000,00,0,9,09,A01
200700034983,0,07,000,00,0,3,00,B01
200700034984,0,02,000,00,2,1,17,A01
200700034984,0,07,000,00,0,6,15,B01
200700034985,0,07,000,00,0,1,15,A01
200700034985,0,05,000,00,0,9,01,B01
200700034986,0,07,000,00,0,0,01,B01
200700034986,0,07,000,00,0,0,09,A01
200700034987,0,07,000,00,0,3,02,A01
200700034988,0,07,000,00,0,0,02,A01
200700034988,0,01,000,00,0,4,11,B01
200700034989,0,07,000,00,1,1,01,A01
200700034990,0,07,000,00,2,9,01,A01
200700034991,0,07,000,00,2,1,01,A01
200700034991,0,07,000,00,2,3,01,B01
200700034992,0,07,000,00,1,1,01,A01
200700034993,0,07,000,00,2,1,01,A01
200700034993,0,07,000,00,2,4,01,B01
200700034994,0,34,000,00,1,1,01,A01
200700034995,0,02,000,00,2,8,03,A01
200700034995,0,07,000,00,2,7,01,B01
200700034996,0,02,000,00,2,1,01,A01
200700034996,0,07,000,00,2,3,15,B01
200700034997,0,30,000,00,2,1,18,B01
200700034997,0,07,000,00,2,3,16,A01
200700034998,0,07,000,00,2,1,01,B01
200700034998,0,07,000,00,2,1,16,A01
200700034999,1,07,000,00,2,0,12,A01
200700034999,0,07,000,00,2,0,01,B01
200700035000,0,07,000,00,2,3,01,B01
200700035000,0,07,000,00,2,2,15,A01
200700035001,0,10,000,00,1,1,01,A01
200700035002,0,13,000,00,2,2,12,A01
200700035002,0,07,000,00,2,6,02,B01
200700035003,0,10,000,00,2,1,01,A01
200700035003,0,07,000,00,2,4,01,C01
200700035003,0,07,000,00,2,4,01,B01
200700035003,0,07,000,00,2,4,01,D01
200700035004,0,07,000,00,2,8,24,A01
200700035004,0,02,000,00,2,1,18,B01
200700035005,0,07,000,00,2,2,01,A01
200700035005,0,07,000,00,2,2,01,B01
200700035006,0,01,000,00,2,1,01,A01
200700035006,0,07,000,00,2,1,01,B01
200700035007,0,07,000,00,2,3,13,A01
200700035007,0,33,000,00,2,1,02,B01
200700035008,0,30,000,00,2,1,01,A01
200700035008,0,07,000,00,2,8,01,B01
200700035009,0,07,000,00,2,3,09,A01
200700035009,0,01,000,00,0,1,01,B01
200700035010,0,30,000,16,0,3,00,A01
200700035011,0,13,000,00,2,3,00,A01
200700035011,0,07,000,00,2,7,00,B01
200700035012,0,07,000,00,0,0,00,A01
200700035013,0,07,000,00,2,0,00,A01
200700035013,0,07,000,00,2,0,00,B01
200700035014,0,07,000,00,2,3,15,A01
200700035014,0,07,000,00,2,2,17,B01
200700035015,0,30,000,00,0,8,21,A01
200700035016,0,07,000,00,2,1,02,A01
200700035016,0,07,000,00,0,4,02,B01
200700035017,0,07,000,00,0,3,01,B01
200700035017,0,07,000,00,0,8,15,A01
200700035018,0,34,000,00,2,3,05,A01
200700035018,0,07,000,00,2,3,01,B01
200700035018,0,07,000,00,2,8,01,C01
200700035019,0,07,000,00,2,1,02,A01
200700035019,0,07,000,14,2,4,23,B01
200700035019,0,07,000,00,0,4,23,C01
200700035020,0,07,000,00,0,8,01,B01
200700035020,0,02,000,00,2,1,01,A01
200700035021,0,02,000,00,2,1,17,A01
200700035021,0,07,000,00,2,6,15,B01
200700035022,0,07,000,00,2,8,09,A01
200700035022,0,07,000,06,2,1,09,B01
200700035023,0,15,000,01,2,1,02,A01
200700035024,0,07,000,00,2,1,01,B01
200700035024,0,07,000,00,2,3,16,A01
200700035025,0,07,000,06,0,1,01,A01
200700035026,0,02,000,00,2,1,01,A01
200700035026,0,07,000,00,0,4,01,B01
200700035027,0,31,000,00,2,4,17,A01
200700035027,0,07,000,00,0,6,15,B01
200700035028,0,07,000,03,1,1,01,A01
200700035029,0,07,000,00,2,4,20,A01
200700035029,0,07,000,00,2,2,01,B01
200700035030,0,07,000,00,2,8,15,A01
200700035030,0,01,000,00,0,3,15,B01
200700035031,0,07,000,00,2,4,04,A01
200700035031,0,07,000,00,2,8,23,B01
200700035032,0,07,000,06,0,2,01,A01
200700035033,0,07,000,00,2,1,15,A01
200700035033,0,31,000,00,2,3,01,B01
200700035034,0,07,000,00,1,3,02,A01
200700035035,0,14,000,00,2,1,17,A01
200700035035,0,37,001,00,2,3,21,B01
200700035035,0,07,000,00,2,4,09,C01
200700035036,0,30,000,00,2,2,02,A01
200700035036,0,33,000,00,2,3,15,B01
200700035037,0,07,000,00,2,2,21,B01
200700035037,0,07,000,00,2,8,01,C01
200700035037,0,07,000,00,2,6,16,A01
200700035038,0,30,000,00,2,1,02,A01
200700035038,1,07,000,00,2,4,02,B01
200700035039,0,07,000,00,1,8,02,A01
200700035040,0,07,000,00,2,7,19,A01
200700035040,0,07,000,00,2,1,01,B01
200700035041,0,07,000,00,2,6,17,A01
200700035041,0,10,000,00,2,2,02,B01
200700035042,0,07,000,00,2,7,01,A01
200700035042,0,13,000,00,2,1,01,B01
200700035043,0,99,000,00,2,8,02,A01
200700035043,0,07,000,00,2,1,02,B01
200700035044,0,10,000,00,1,0,01,A01
200700035045,0,07,000,00,1,2,01,A01
200700035046,0,07,000,00,9,1,01,A01
200700035047,0,07,000,00,1,3,01,A01
200700035048,0,07,000,00,2,2,01,A01
200700035048,0,02,000,00,2,1,01,B01
200700035049,0,07,000,12,2,3,00,B01
200700035049,0,07,000,12,2,1,19,A01
200700035050,0,33,000,12,0,7,06,A01
200700035051,0,01,000,00,2,0,01,A01
200700035051,0,07,000,00,2,2,01,B01
200700035052,0,07,000,00,1,1,15,A01
200700035053,0,32,000,00,2,1,17,A01
200700035053,0,07,000,00,2,4,13,B01
200700035054,0,07,000,00,1,2,01,A01
200700035055,0,07,000,00,2,3,15,A01
200700035055,0,07,000,00,2,1,01,B01
200700035056,0,07,000,00,2,1,01,A01
200700035056,0,07,000,00,2,1,01,B01
200700035056,0,07,000,00,2,4,15,C01
200700035057,0,07,000,01,0,1,01,A01
200700035058,0,07,000,00,2,8,15,B01
200700035058,0,07,000,08,2,1,17,A01
200700035059,0,07,000,00,2,3,01,A01
200700035059,0,07,000,00,2,1,15,B01
200700035060,0,07,000,00,2,1,01,A01
200700035060,0,07,000,00,2,4,02,B01
200700035061,0,33,000,00,2,1,17,A01
200700035061,0,07,000,00,2,3,15,B01
200700035062,0,07,000,00,2,1,02,A01
200700035062,0,07,000,00,2,4,02,B01
200700035063,0,02,000,00,0,1,21,A01
200700035064,0,33,000,06,2,1,02,A01
200700035064,0,07,000,00,2,2,02,B01
200700035065,0,07,000,00,2,2,00,A01
200700035065,0,33,000,00,2,3,00,B01
200700035066,0,07,000,00,2,7,01,B01
200700035066,0,07,000,00,2,1,00,A01
200700035067,0,07,000,00,2,1,00,A01
200700035067,0,02,000,00,2,1,00,B01
200700035068,0,07,000,00,0,9,00,A01
200700035069,0,33,000,00,2,2,00,A01
200700035069,0,07,000,00,2,8,00,B01
200700035070,0,02,000,00,2,1,05,A01
200700035070,0,07,000,00,2,1,02,B01
200700035071,0,07,000,00,2,8,00,A01
200700035071,0,02,000,00,2,1,01,B01
200700035072,0,07,000,00,2,3,00,A01
200700035072,0,07,000,00,2,1,00,B01
200700035072,0,07,000,00,2,9,00,C01
200700035073,0,07,000,00,2,9,05,A01
200700035073,0,10,000,00,2,8,01,B01
200700035073,0,07,000,00,2,3,01,C01
200700035073,0,07,000,00,2,6,01,D01
200700035074,0,07,000,00,2,4,02,B01
200700035074,0,07,000,00,2,1,02,A01
200700035075,0,07,000,00,2,3,01,B01
200700035075,0,07,000,00,2,1,15,A01
200700035076,0,07,000,00,2,1,05,A01
200700035076,0,07,000,06,2,3,01,B01
200700035077,0,33,000,01,0,1,01,A01
200700035078,0,07,000,06,2,1,01,B01
200700035078,0,07,000,00,2,2,01,A01
200700035079,0,33,000,01,2,1,01,A01
200700035079,0,07,000,00,2,1,01,B01
200700035080,0,07,000,00,2,3,15,A01
200700035080,0,02,000,00,2,1,01,B01
200700035081,0,07,000,00,1,1,01,A01
200700035082,0,32,000,00,2,1,01,A01
200700035082,0,07,000,00,2,4,01,B01
200700035083,0,30,000,00,2,2,02,A01
200700035083,1,07,000,00,0,0,17,B01
200700035084,0,07,000,00,2,8,01,B01
200700035084,0,07,000,00,2,1,01,A01
200700035085,0,02,000,00,2,1,13,A01
200700035085,0,07,000,00,2,8,01,B01
200700035086,0,07,000,00,2,1,01,A01
200700035086,0,07,000,00,2,4,01,B01
200700035086,0,10,000,00,2,4,01,C01
200700035087,1,07,000,00,1,1,01,A01
200700035088,0,02,000,00,2,1,01,A01
200700035088,0,07,000,00,2,3,01,B01
200700035089,0,30,000,00,2,1,17,A01
200700035089,0,07,000,00,2,8,15,B01
200700035090,0,07,000,00,2,5,15,A01
200700035090,0,33,000,00,2,1,01,B01
200700035091,0,07,000,00,1,1,01,A01
200700035092,0,07,000,00,2,0,15,A01
200700035092,0,07,000,00,2,1,01,B01
200700035093,0,07,000,00,1,1,01,A01
200700035094,0,07,000,00,2,1,01,A01
200700035094,0,02,000,00,2,1,01,B01
200700035095,0,07,000,00,2,1,15,A01
200700035095,0,07,000,00,0,1,01,B01
200700035095,0,07,000,00,2,3,23,C01
200700035096,0,07,000,14,1,2,00,A01
200700035097,0,07,000,00,2,7,01,B01
200700035097,0,07,000,00,2,8,01,A01
200700035098,0,30,000,00,2,1,13,A01
200700035098,0,07,000,00,9,1,02,B01
200700035099,0,07,000,00,2,4,23,A01
200700035099,1,07,000,00,2,1,01,B01
200700035100,0,07,000,00,2,3,15,A01
200700035100,0,33,000,00,2,5,16,B01
200700035101,0,07,000,13,0,1,13,A01
200700035102,0,07,000,06,0,1,01,A01
200700035103,2,07,000,08,0,1,14,A01
200700035104,1,07,000,00,2,0,09,A01
200700035104,0,30,000,00,2,7,01,B01
200700035105,0,07,000,00,2,3,15,A01
200700035105,0,07,000,00,2,5,15,B01
200700035106,0,02,000,08,0,8,13,A01
200700035107,0,10,000,00,9,0,02,A01
200700035107,0,01,000,00,0,0,02,B01
200700035108,0,07,000,08,0,2,14,A01
200700035109,0,07,000,00,2,3,15,A01
200700035109,0,07,000,00,2,3,01,B01
200700035110,0,07,000,00,2,2,01,A01
200700035110,0,07,000,00,2,1,16,B01
200700035111,0,07,000,00,2,1,02,A01
200700035111,0,07,000,00,2,4,02,B01
200700035112,0,07,000,00,1,3,01,A01
200700035113,1,17,000,00,0,0,17,A01
200700035113,0,15,000,00,0,0,14,B01
200700035114,0,07,000,00,2,2,01,A01
200700035114,0,07,000,00,2,6,15,B01
200700035115,0,33,000,00,2,8,02,A01
200700035115,0,07,000,00,2,7,16,B01
200700035116,0,07,000,00,2,6,01,A01
200700035116,0,07,000,00,2,2,01,B01
200700035117,0,07,000,00,2,7,15,A01
200700035117,0,07,000,00,2,8,15,B01
200700035118,0,07,000,00,2,6,15,A01
200700035118,0,33,000,00,2,1,01,B01
200700035119,0,31,000,12,0,0,16,A01
200700035120,0,33,000,16,0,0,01,A01
200700035121,0,07,000,00,2,0,22,A01
200700035121,0,01,000,00,0,0,01,B01
200700035122,0,33,000,00,2,1,02,A01
200700035122,0,07,000,00,2,4,02,B01
200700035123,0,07,000,00,2,2,01,A01
200700035123,0,07,000,00,2,3,01,B01
200700035124,0,02,000,01,2,1,13,A01
200700035124,0,07,000,00,2,3,11,B01
200700035125,0,30,000,03,0,2,01,A01
200700035126,0,07,000,00,2,7,16,A01
200700035126,0,07,000,00,2,1,01,B01
200700035127,0,07,000,08,0,6,00,A01
200700035128,0,07,000,00,1,1,01,A01
200700035129,0,30,000,00,2,1,17,A01
200700035129,0,07,000,00,2,3,15,B01
200700035130,0,02,000,08,0,7,01,A01
200700035130,0,07,000,00,0,0,16,B01
200700035131,0,33,000,00,6,1,01,A01
200700035132,0,07,000,00,2,1,01,A01
200700035132,0,07,000,00,2,8,01,B01
200700035133,0,07,000,00,2,1,15,A01
200700035133,0,07,000,00,2,1,01,B01
200700035134,0,02,000,00,2,1,01,A01
200700035134,0,07,000,00,2,3,13,B01
200700035135,0,30,000,00,0,0,00,A01
200700035136,0,07,000,00,2,2,16,A01
200700035136,0,07,000,00,2,4,23,B01
200700035137,0,33,000,00,0,8,01,A01
200700035138,0,07,000,00,2,3,13,A01
200700035138,0,07,000,00,2,1,01,B01
200700035139,0,01,000,00,0,0,01,B01
200700035139,0,07,000,00,0,0,15,A01
200700035140,0,07,000,00,2,2,15,A01
200700035140,0,07,000,00,2,1,01,B01
200700035141,0,02,000,09,0,9,00,A01
200700035142,0,07,000,00,0,9,00,A01
200700035143,0,07,000,00,2,2,01,A01
200700035143,0,01,000,00,2,8,01,B01
200700035144,0,07,000,13,0,1,00,A01
200700035145,0,30,000,00,0,0,01,A01
200700035146,0,07,000,02,0,1,13,A01
200700035147,0,30,000,00,2,1,05,A01
200700035147,0,07,000,00,2,1,01,B01
200700035148,0,07,000,00,1,0,01,A01
200700035149,0,07,000,00,1,0,01,A01
200700035150,0,30,000,00,0,0,01,A01
200700035151,0,07,000,00,2,1,01,A01
200700035151,0,07,000,00,2,4,01,B01
200700035152,0,07,000,00,2,1,01,A01
200700035152,0,07,000,00,2,4,01,B01
200700035153,0,07,000,00,2,8,01,B01
200700035153,0,07,000,00,2,8,13,A01
200700035153,0,07,000,00,2,1,01,C01
200700035154,0,07,000,00,2,8,10,A01
200700035154,0,07,000,00,2,1,01,B01
200700035155,0,07,000,00,2,3,09,A01
200700035155,0,07,000,00,0,7,01,B01
200700035156,0,07,000,00,2,3,01,A01
200700035156,0,02,000,00,2,1,01,B01
200700035157,0,32,000,00,2,9,18,A01
200700035157,0,07,000,00,2,7,02,B01
200700035158,0,07,000,00,2,1,01,A01
200700035158,0,07,000,00,2,4,02,B01
200700035159,0,02,000,11,0,1,01,A01
200700035160,0,07,000,12,2,0,16,A01
200700035160,0,07,000,00,2,0,15,B01
200700035161,2,07,000,00,2,2,01,A01
200700035161,0,07,000,04,2,1,01,B01
200700035162,0,07,000,00,1,1,01,A01
200700035163,0,07,000,14,0,2,16,A01
200700035163,0,33,000,00,2,8,23,B01
200700035164,0,07,000,00,1,1,01,A01
200700035165,0,33,000,00,2,1,01,A01
200700035165,0,07,000,00,2,8,15,B01
200700035166,0,30,000,12,2,1,01,A01
200700035166,0,07,000,00,2,5,01,B01
200700035167,0,07,000,00,9,3,01,A01
200700035167,0,02,000,00,2,1,00,B01
200700035168,0,10,000,00,0,4,02,A01
200700035168,0,07,000,00,2,9,02,B01
200700035168,0,07,000,00,2,1,02,C01
200700035169,0,37,000,00,9,4,04,A01
200700035169,0,02,000,00,2,1,23,B01
200700035170,0,07,000,00,2,1,02,A01
200700035170,0,07,000,00,0,4,02,B01
200700035171,0,02,000,06,0,1,01,A01
200700035172,0,07,000,04,2,7,01,A01
200700035172,0,07,000,04,2,8,01,B01
200700035173,0,07,000,00,2,1,01,A01
200700035173,0,07,000,00,2,4,01,B01
200700035174,1,37,000,00,0,0,11,C01
200700035174,0,33,000,00,2,1,01,A01
200700035174,0,07,000,00,0,4,01,B01
200700035175,0,07,000,00,1,1,01,A01
200700035176,0,07,000,00,2,1,01,A01
200700035176,0,07,000,00,2,1,01,B01
200700035176,0,07,000,00,2,4,01,C01
200700035177,0,07,000,00,2,3,01,A01
200700035177,0,07,000,00,2,2,01,B01
200700035177,0,30,000,00,2,1,01,C01
200700035178,0,07,000,00,1,4,04,A01
200700035179,0,07,000,00,2,1,01,A01
200700035179,0,07,000,00,0,4,01,B01
200700035180,0,01,000,00,2,1,01,A01
200700035180,0,07,000,00,2,1,02,B01
200700035181,0,07,000,00,1,3,01,A01
200700035182,0,14,000,00,2,2,12,A01
200700035182,0,07,000,00,9,9,01,B01
200700035183,0,07,000,00,2,1,01,A01
200700035183,0,07,000,00,2,1,01,B01
200700035184,0,07,000,00,2,3,01,A01
200700035184,0,01,000,00,2,1,01,B01
200700035185,0,07,000,00,2,3,01,A01
200700035185,0,07,000,00,2,4,01,B01
200700035186,0,07,000,00,2,2,22,A01
200700035186,0,01,000,01,2,2,01,B01
200700035187,0,07,000,00,1,1,07,A01
200700035188,0,01,000,00,2,1,01,A01
200700035188,0,07,000,00,2,1,15,B01
200700035189,0,07,000,00,2,5,12,A01
200700035189,0,33,000,00,2,1,01,B01
200700035190,0,07,000,00,2,2,12,A01
200700035190,0,07,000,00,0,6,01,B01
200700035191,0,01,000,00,2,3,15,A01
200700035191,0,01,000,00,2,2,01,B01
200700035192,0,31,000,05,0,1,14,A01
200700035193,0,07,000,12,0,1,13,A01
200700035194,0,30,000,12,0,1,14,A01
200700035195,0,07,000,00,1,1,01,A01
200700035196,0,32,000,00,2,1,01,B01
200700035196,0,07,000,00,2,2,15,A01
200700035197,0,31,000,11,0,1,13,A01
200700035198,0,07,000,00,2,1,02,A01
200700035198,0,07,000,00,0,4,23,B01
200700035199,0,07,000,00,1,4,04,A01
200700035200,0,31,000,00,0,9,16,A01
200700035201,0,10,000,00,0,5,12,A01
200700035201,0,33,000,00,2,1,01,B01
200700035202,0,30,000,00,0,7,01,A01
200700035202,0,07,000,00,0,0,15,B01
200700035203,0,37,001,00,2,3,01,A01
200700035203,0,07,000,00,2,5,23,B01
200700035204,0,07,000,00,2,1,01,A01
200700035204,0,07,000,00,2,4,01,B01
200700035204,0,07,000,00,2,4,01,C01
200700035204,0,07,000,00,2,1,01,D01
200700035205,0,07,000,04,2,9,11,A01
200700035205,0,14,000,00,2,1,01,B01
200700035206,0,07,000,00,2,1,01,A01
200700035206,0,07,000,00,2,4,01,B01
200700035206,0,07,000,00,2,1,01,C01
200700035207,0,02,000,00,0,0,00,A01
200700035208,0,15,000,00,2,5,14,A01
200700035208,0,07,000,00,2,3,01,B01
200700035209,0,07,000,00,2,1,01,A01
200700035209,0,07,000,00,2,4,23,B01
200700035210,0,07,000,00,2,5,16,A01
200700035210,0,31,000,00,2,1,01,B01
200700035211,0,31,000,00,2,1,01,A01
200700035211,0,07,000,00,2,2,16,B01
200700035212,0,01,000,00,1,1,14,A01
200700035213,0,33,000,00,1,1,14,A01
200700035214,0,07,000,00,1,1,01,A01
200700035215,0,01,000,00,1,1,01,A01
200700035216,0,07,000,05,0,2,14,A01
200700035217,0,07,000,00,2,3,01,A01
200700035217,0,32,000,00,2,1,01,B01
200700035218,0,07,000,00,2,2,01,B01
200700035218,0,07,000,00,2,3,01,A01
200700035219,0,32,000,00,2,1,13,A01
200700035219,0,07,000,00,2,3,01,B01
200700035220,0,32,000,00,2,1,15,A01
200700035220,0,10,000,00,2,3,01,B01
200700035221,0,30,000,00,2,1,01,A01
200700035221,0,32,000,00,2,7,16,B01
200700035222,0,07,000,00,2,3,15,A01
200700035222,0,32,000,00,2,1,01,B01
200700035223,0,07,000,00,1,1,01,A01
200700035224,0,07,000,00,2,1,01,A01
200700035224,0,07,000,00,0,3,01,B01
200700035225,0,07,000,00,2,1,01,A01
200700035225,0,07,000,00,2,4,23,B01
200700035225,0,07,000,00,2,4,23,C01
200700035226,0,07,000,00,1,3,01,A01
200700035227,0,07,000,00,2,1,15,A01
200700035227,0,30,000,00,2,1,01,B01
200700035228,0,14,000,00,1,3,01,A01
200700035229,0,07,000,00,2,3,17,A01
200700035229,0,33,000,00,2,7,01,B01
200700035230,0,02,000,00,2,1,01,A01
200700035230,0,07,000,00,2,4,23,B01
200700035231,0,07,000,00,2,3,15,A01
200700035231,0,02,000,00,2,8,01,B01
200700035232,0,33,000,00,2,1,01,A01
200700035232,0,07,000,00,2,6,13,B01
200700035233,0,33,000,00,0,0,01,A01
200700035234,0,07,000,04,0,3,13,A01
200700035235,0,07,000,00,2,1,01,A01
200700035235,0,07,000,00,2,4,23,B01
200700035235,0,07,000,00,2,4,23,C01
200700035236,0,07,000,00,2,8,16,A01
200700035236,0,33,000,00,2,1,01,B01
200700035237,0,07,000,00,2,3,01,A01
200700035237,0,33,000,00,2,4,23,B01