Num_Acc,senc,catv,occutc,obs,obsm,choc,manv,num_veh
200700035238,0,07,000,00,2,8,15,A01
200700035238,0,07,000,00,2,1,01,B01
200700035239,0,07,000,00,2,1,01,A01
200700035239,0,07,000,00,2,4,23,B01
200700035240,0,07,000,00,2,0,16,A01
200700035240,0,32,000,09,0,0,01,B01
200700035241,0,01,000,00,2,1,19,A01
200700035241,0,07,000,00,2,8,01,B01
200700035242,0,07,000,04,0,1,13,A01
200700035243,0,07,000,00,2,3,01,B01
200700035243,0,07,000,00,2,3,13,A01
200700035244,0,33,000,00,2,1,17,A01
200700035244,0,07,000,00,2,3,15,B01
200700035244,0,07,000,00,2,3,20,C01
200700035244,0,07,000,00,2,1,01,D01
200700035245,0,33,000,00,2,1,18,A01
200700035245,0,07,000,00,0,5,11,B01
200700035246,0,07,000,00,2,1,15,A01
200700035246,0,33,000,00,2,4,15,B01
200700035247,0,14,000,00,2,7,16,A01
200700035247,0,01,000,00,2,8,01,B01
200700035248,0,07,000,00,2,3,01,A01
200700035248,0,07,000,00,2,1,00,B01
200700035249,0,07,000,00,0,3,15,A01
200700035249,0,33,000,00,2,1,17,B01
200700035250,0,07,000,00,2,2,22,A01
200700035250,0,01,000,01,0,1,01,B01
200700035251,1,07,000,00,2,3,02,A01
200700035251,0,07,000,00,0,5,01,B01
200700035252,0,07,000,00,0,4,01,A01
200700035252,0,14,000,00,2,1,01,B01
200700035252,0,10,000,00,2,1,01,C01
200700035253,0,02,000,00,2,1,01,A01
200700035253,0,07,000,00,0,4,23,B01
200700035254,0,07,000,00,2,1,01,A01
200700035254,0,07,000,00,0,4,01,B01
200700035255,0,07,000,12,0,3,15,A01
200700035256,0,07,000,00,2,1,01,A01
200700035256,0,07,000,00,2,4,23,B01
200700035256,0,07,000,00,2,4,23,C01
200700035256,0,07,000,00,0,4,23,D01
200700035257,0,30,000,00,2,1,01,A01
200700035257,0,07,000,00,2,6,20,B01
200700035258,1,01,000,00,1,1,01,A01
200700035259,0,33,000,00,1,1,01,A01
200700035260,0,15,000,04,0,2,14,A01
200700035261,0,02,000,00,2,4,15,B01
200700035261,0,07,000,00,2,3,01,C01
200700035261,0,07,000,00,2,3,01,A01
200700035262,0,01,000,00,2,5,01,B01
200700035262,0,07,000,00,2,1,09,A01
200700035263,0,02,000,00,0,0,01,A01
200700035263,0,07,000,00,0,5,23,B01
200700035264,0,07,000,13,0,1,13,A01
200700035265,0,07,000,00,2,5,01,B01
200700035265,0,07,000,00,2,1,19,A01
200700035266,0,15,000,00,2,8,01,B01
200700035266,0,07,000,00,2,1,01,A01
200700035267,0,33,000,12,0,9,01,A01
200700035268,0,07,000,13,0,1,14,A01
200700035269,0,07,000,00,1,1,01,A01
200700035270,0,07,000,00,2,8,15,A01
200700035270,0,34,000,00,2,1,01,B01
200700035271,0,01,000,00,2,1,01,A01
200700035271,0,07,000,00,2,2,01,B01
200700035272,0,07,000,00,2,1,01,A01
200700035272,0,07,000,00,2,8,01,B01
200700035273,0,07,000,00,2,1,02,A01
200700035273,0,07,000,00,2,4,02,B01
200700035274,0,30,000,00,2,8,01,A01
200700035274,0,07,000,00,2,3,01,B01
200700035275,0,10,000,00,2,2,01,B01
200700035275,0,07,000,00,2,1,01,A01
200700035276,0,10,000,00,1,3,01,A01
200700035277,0,33,000,00,2,1,01,A01
200700035277,0,07,000,00,2,5,01,B01
200700035278,0,01,000,00,2,1,19,A01
200700035278,0,10,000,00,2,2,01,B01
200700035279,1,07,000,00,1,0,01,A01
200700035280,0,33,000,00,2,1,01,A01
200700035280,0,07,000,00,2,2,16,B01
200700035281,0,10,000,00,1,2,01,A01
200700035282,0,07,000,00,2,3,16,A01
200700035282,0,33,000,00,2,6,01,B01
200700035283,0,07,000,00,1,1,01,A01
200700035284,0,02,000,00,2,1,17,A01
200700035284,0,07,000,00,0,3,15,B01
200700035285,0,07,000,00,2,0,22,A01
200700035285,0,01,000,01,0,0,01,B01
200700035286,0,07,000,00,2,1,01,A01
200700035286,0,07,000,00,2,8,01,B01
200700035287,0,07,000,00,0,2,15,A01
200700035287,0,02,000,00,2,1,01,B01
200700035288,0,07,000,00,2,1,20,A01
200700035288,0,07,000,01,2,2,01,B01
200700035289,0,30,000,12,0,1,21,A01
200700035290,0,07,000,14,2,3,01,A01
200700035290,0,02,000,00,2,4,01,B01
200700035290,0,07,000,00,0,1,15,C01
200700035291,1,07,000,00,1,1,01,A01
200700035292,0,07,000,00,2,1,01,A01
200700035292,0,07,000,00,0,4,01,B01
200700035293,0,07,000,00,2,7,01,A01
200700035293,0,07,000,00,2,1,01,B01
200700035294,0,07,000,00,2,3,13,A01
200700035294,0,07,000,00,2,8,01,B01
200700035295,0,33,000,07,0,1,01,A01
200700035296,0,07,000,00,1,0,01,A01
200700035297,0,31,000,00,0,0,16,A01
200700035297,0,31,000,00,2,0,01,B01
200700035298,0,07,000,00,2,2,15,A01
200700035298,0,01,000,00,2,1,01,B01
200700035299,0,07,000,00,0,5,16,A01
200700035299,1,07,000,00,2,1,01,B01
200700035300,0,07,000,07,2,1,01,A01
200700035300,0,07,000,00,2,3,01,B01
200700035301,0,30,000,00,0,8,15,A01
200700035301,0,07,000,00,2,1,01,B01
200700035302,0,07,000,07,2,5,01,A01
200700035302,0,07,000,07,2,1,01,B01
200700035303,0,07,000,06,0,3,01,A01
200700035304,0,07,000,00,2,6,20,A01
200700035304,0,30,000,01,2,1,01,B01
200700035305,0,07,000,14,0,1,01,A01
200700035305,0,07,000,14,0,4,23,B01
200700035305,0,07,000,14,0,4,23,C01
200700035305,0,07,000,00,0,4,23,D01
200700035306,0,07,000,00,2,3,01,A01
200700035306,0,07,000,00,2,2,01,B01
200700035307,0,07,000,00,2,1,15,A01
200700035307,0,02,000,00,2,1,01,B01
200700035308,0,07,000,00,2,1,15,A01
200700035308,0,31,000,00,2,1,17,B01
200700035309,0,02,000,00,2,8,18,A01
200700035309,0,10,000,00,2,7,01,B01
200700035310,0,02,000,00,2,1,01,A01
200700035310,0,07,000,00,2,2,01,B01
200700035311,0,33,000,00,2,1,01,A01
200700035311,0,07,000,00,2,5,15,B01
200700035311,0,13,000,00,2,3,01,C01
200700035312,0,07,000,00,0,2,01,A01
200700035312,0,07,000,00,2,3,01,B01
200700035313,0,07,000,00,1,1,17,A01
200700035313,0,07,000,00,0,0,23,B01
200700035314,0,02,000,00,2,1,01,A01
200700035314,0,07,000,00,2,8,15,B01
200700035315,0,07,000,00,2,3,20,A01
200700035315,0,30,000,00,2,8,01,B01
200700035316,0,07,000,00,2,2,15,A01
200700035316,0,33,000,00,2,3,01,B01
200700035317,0,07,000,00,1,2,21,A01
200700035318,0,07,000,00,2,2,01,A01
200700035318,0,01,000,00,0,7,19,B01
200700035319,0,01,000,00,2,1,01,A01
200700035319,0,07,000,00,2,1,01,B01
200700035320,0,07,000,00,2,1,16,A01
200700035320,0,37,001,00,2,3,01,B01
200700035321,0,07,000,00,2,3,15,A01
200700035321,0,33,000,00,2,1,01,B01
200700035322,0,30,000,00,2,1,01,A01
200700035322,0,38,006,00,2,1,01,B01
200700035322,0,07,000,00,2,1,01,C01
200700035323,0,07,000,00,0,2,15,A01
200700035323,0,31,000,00,2,1,01,B01
200700035324,0,02,000,00,2,1,01,A01
200700035324,0,10,000,00,2,6,23,B01
200700035325,0,33,000,00,1,7,01,A01
200700035326,1,01,000,00,1,1,01,A01
200700035327,0,33,000,01,2,1,18,A01
200700035327,0,10,000,00,0,2,01,B01
200700035328,0,02,000,01,0,1,01,A01
200700035329,0,07,000,01,0,3,01,A01
200700035330,0,07,000,00,2,2,01,A01
200700035330,0,07,000,00,0,4,01,B01
200700035331,0,07,000,00,4,6,15,A01
200700035331,0,40,000,00,2,1,01,B01
200700035332,0,07,000,00,2,0,01,A01
200700035332,0,07,000,00,2,2,01,B01
200700035333,0,07,000,00,0,3,15,A01
200700035333,0,02,000,00,2,1,17,B01
200700035334,0,07,000,00,2,1,15,A01
200700035334,0,02,000,00,2,1,01,B01
200700035335,0,07,000,00,0,2,01,A01
200700035335,0,31,000,00,2,1,01,B01
200700035336,0,07,000,00,1,2,16,A01
200700035337,0,02,000,12,0,1,01,A01
200700035338,0,07,000,00,1,2,01,A01
200700035339,0,30,000,01,0,1,14,A01
200700035340,0,07,000,00,2,6,15,A01
200700035340,0,02,000,00,2,1,17,B01
200700035341,0,07,000,00,2,1,15,A01
200700035341,0,02,000,00,0,4,15,B01
200700035342,0,02,000,00,0,1,01,A01
200700035343,0,07,000,00,2,1,01,A01
200700035343,0,07,000,00,2,4,01,B01
200700035344,0,01,000,00,2,1,01,A01
200700035344,0,07,000,00,2,7,01,B01
200700035345,0,10,000,00,0,3,22,A01
200700035345,0,01,000,01,0,1,01,B01
200700035346,0,07,000,00,2,3,22,A01
200700035346,0,31,000,01,0,1,01,B01
200700035347,0,07,000,00,2,2,01,A01
200700035347,0,33,000,00,2,1,01,B01
200700035348,0,07,000,00,2,1,01,A01
200700035348,0,32,000,00,2,9,02,B01
200700035349,0,10,000,00,0,3,22,A01
200700035349,0,01,000,01,0,1,01,B01
200700035350,0,07,000,00,1,0,01,A01
200700035351,0,07,000,00,2,2,15,A01
200700035351,0,01,000,00,2,1,01,B01
200700035352,0,07,000,00,1,3,01,A01
200700035353,0,07,000,00,2,2,01,A01
200700035353,0,33,000,00,2,1,01,B01
200700035354,0,07,000,14,0,1,01,A01
200700035354,0,07,000,14,0,4,23,B01
200700035354,0,07,000,00,0,4,23,C01
200700035355,0,07,000,00,2,1,01,A01
200700035355,0,30,000,00,2,3,01,B01
200700035356,0,07,000,00,0,0,15,A01
200700035356,0,07,000,07,0,1,21,B01
200700035357,0,07,000,00,2,3,15,A01
200700035357,0,07,000,00,2,1,01,B01
200700035358,0,07,000,00,1,2,01,A01
200700035359,0,02,000,00,2,1,01,A01
200700035359,0,07,000,00,0,6,01,B01
200700035360,0,07,000,00,2,1,01,A01
200700035360,0,07,000,00,2,4,01,B01
200700035360,0,07,000,00,2,4,01,C01
200700035360,0,10,000,00,0,4,01,D01
200700035361,0,07,000,00,2,6,01,B01
200700035361,0,33,000,00,2,1,01,A01
200700035362,0,07,000,00,0,0,01,A01
200700035362,0,32,000,00,2,0,21,B01
200700035363,0,07,000,01,0,2,01,A01
200700035363,0,07,000,00,0,6,24,B01
200700035364,0,07,000,00,2,1,01,A01
200700035364,0,01,000,00,2,1,01,B01
200700035365,0,10,000,14,0,1,01,A01
200700035365,0,07,000,14,0,4,23,B01
200700035365,0,07,000,00,0,4,02,C01
200700035366,0,07,000,00,1,4,04,A01
200700035367,0,07,000,00,2,0,22,A01
200700035367,0,01,000,01,0,0,01,B01
200700035368,0,10,000,00,2,3,01,A01
200700035368,0,07,000,00,0,4,15,B01
200700035369,0,02,000,00,2,3,18,A01
200700035369,0,07,000,00,2,2,16,B01
200700035370,0,07,000,01,2,1,01,A01
200700035370,0,07,000,00,2,4,01,C01
200700035370,0,07,000,00,0,4,01,D01
200700035371,0,07,000,00,2,7,01,A01
200700035371,0,33,000,00,2,1,01,B01
200700035372,2,07,000,00,2,1,17,A01
200700035372,0,07,000,08,2,6,15,B01
200700035373,1,07,000,00,2,0,02,A01
200700035373,0,01,000,00,0,4,01,B01
200700035374,0,07,000,00,2,1,01,A01
200700035374,0,30,000,00,0,7,01,B01
200700035375,0,01,000,00,2,1,01,A01
200700035375,0,07,000,00,2,1,01,B01
200700035376,0,07,000,00,2,1,15,A01
200700035376,0,07,000,00,2,3,01,B01
200700035377,0,01,000,00,2,1,16,A01
200700035377,0,07,000,00,0,5,01,B01
200700035378,0,07,000,14,2,1,15,A01
200700035378,0,07,000,01,2,1,01,B01
200700035379,0,07,000,14,0,1,01,A01
200700035379,0,07,000,14,0,4,02,B01
200700035379,0,07,000,00,5,4,02,C01
200700035380,0,07,000,00,2,1,01,A01
200700035380,0,07,000,08,0,8,01,B01
200700035381,0,07,000,00,0,8,15,A01
200700035381,0,33,000,00,2,8,17,B01
200700035382,1,07,000,00,0,0,00,A01
200700035382,0,01,000,00,2,0,01,B01
200700035383,0,30,000,12,0,1,16,A01
200700035384,0,07,000,00,0,8,15,A01
200700035384,0,01,000,00,2,1,01,B01
200700035385,0,07,000,00,2,5,16,A01
200700035385,0,30,000,00,2,1,18,B01
200700035386,0,07,000,00,2,1,01,A01
200700035386,0,07,000,00,0,4,01,B01
200700035387,0,10,000,14,0,3,01,A01
200700035387,0,10,000,00,2,7,23,B01
200700035388,0,07,000,00,1,1,01,A01
200700035389,0,01,000,00,2,1,18,A01
200700035389,0,07,000,00,0,5,15,B01
200700035390,0,07,000,00,1,1,01,A01
200700035391,0,07,000,00,2,5,15,A01
200700035391,0,33,000,02,2,1,01,B01
200700035392,0,07,000,00,2,1,15,A01
200700035392,0,31,000,00,0,8,01,B01
200700035393,0,14,000,00,4,8,10,A01
200700035393,0,40,000,00,2,1,01,B01
200700035394,0,33,000,00,2,1,01,A01
200700035394,0,07,000,00,0,4,01,B01
200700035395,0,07,000,00,2,1,15,A01
200700035395,0,07,000,00,0,7,01,B01
200700035396,0,33,000,00,2,1,01,A01
200700035396,0,07,000,00,0,5,01,B01
200700035397,0,07,000,00,2,1,01,A01
200700035397,0,33,000,00,2,8,16,B01
200700035398,0,33,000,00,2,1,21,A01
200700035398,0,07,000,00,0,6,15,B01
200700035399,0,07,000,00,1,3,20,A01
200700035400,0,07,000,00,2,1,01,A01
200700035400,0,07,000,00,0,5,01,B01
200700035401,0,02,000,00,2,2,17,A01
200700035401,0,07,000,00,2,3,15,B01
200700035402,0,10,000,00,2,2,16,A01
200700035402,0,30,000,00,2,1,01,B01
200700035403,0,07,000,00,2,1,02,A01
200700035403,0,07,000,00,2,4,02,B01
200700035403,0,07,000,00,2,4,02,C01
200700035404,0,02,000,00,2,1,15,A01
200700035404,1,07,000,00,2,1,16,B01
200700035405,0,01,000,00,1,0,00,A01
200700035406,0,34,000,00,2,0,01,A01
200700035406,0,07,000,00,2,0,09,B01
200700035407,0,07,000,00,2,3,01,B01
200700035407,0,33,000,00,2,0,11,A01
200700035408,0,31,000,16,0,3,00,A01
200700035409,0,07,000,00,2,3,15,A01
200700035409,0,02,000,00,2,1,17,B01
200700035410,0,07,000,00,2,1,17,A01
200700035410,0,14,000,00,2,1,01,B01
200700035410,0,07,000,00,2,8,01,C01
200700035411,0,30,000,15,0,1,21,A01
200700035412,0,30,000,15,0,7,00,A01
200700035413,0,02,000,00,2,1,02,A01
200700035413,0,07,000,00,2,4,15,B01
200700035414,0,02,000,00,0,8,14,A01
200700035415,0,07,000,12,0,0,09,A01
200700035416,0,07,000,00,2,7,15,A01
200700035416,0,07,000,00,2,1,01,B01
200700035417,0,07,000,00,2,1,02,A01
200700035417,0,07,000,00,2,4,23,B01
200700035418,0,33,000,00,2,7,01,A01
200700035418,0,07,000,00,2,7,15,B01
200700035419,0,07,000,00,2,3,01,B01
200700035419,0,02,000,00,2,1,19,A01
200700035420,0,02,000,00,2,1,13,A01
200700035420,0,07,000,00,2,3,01,B01
200700035421,0,07,000,13,0,1,13,A01
200700035422,0,33,000,00,2,1,17,A01
200700035422,0,07,000,00,2,6,15,B01
200700035423,0,07,000,00,2,7,17,A01
200700035423,0,32,000,00,2,8,01,B01
200700035424,0,07,000,00,2,7,01,B01
200700035424,0,07,000,00,2,1,01,A01
200700035425,0,30,000,00,1,1,17,A01
200700035426,0,07,000,08,0,1,13,A01
200700035427,0,07,000,00,2,1,02,A01
200700035427,0,07,000,00,2,4,02,B01
200700035428,0,02,000,00,2,7,17,A01
200700035428,0,07,000,00,2,8,20,B01
200700035429,0,33,000,01,0,7,21,A01
200700035430,0,07,000,00,2,2,01,A01
200700035430,0,07,000,00,2,1,16,B01
200700035431,0,07,000,15,0,3,13,A01
200700035432,0,07,000,13,0,7,21,A01
200700035433,0,33,000,00,2,1,01,A01
200700035433,0,01,000,00,2,7,01,B01
200700035434,0,31,000,00,2,1,17,A01
200700035434,0,07,000,00,2,3,15,B01
200700035435,0,07,000,00,1,1,15,A01
200700035436,0,07,000,00,2,8,19,B01
200700035436,0,30,000,00,2,7,19,A01
200700035437,0,01,000,00,1,1,19,A01
200700035438,0,07,000,00,2,1,15,A01
200700035438,0,31,000,00,2,1,01,B01
200700035439,0,07,000,00,2,4,02,A01
200700035439,0,30,000,00,2,2,02,B01
200700035440,0,32,000,12,0,1,01,A01
200700035441,0,32,000,00,0,0,01,A01
200700035442,0,07,000,00,2,1,16,A01
200700035442,0,07,000,00,2,4,23,B01
200700035442,0,07,000,00,2,4,23,C01
200700035443,0,30,000,00,1,1,01,A01
200700035444,0,07,000,00,2,1,17,A01
200700035444,0,07,000,00,2,1,01,B01
200700035444,0,07,000,00,2,1,01,C01
200700035445,0,07,000,00,2,8,10,A01
200700035446,0,07,000,00,2,1,02,A01
200700035446,0,07,000,00,2,4,02,B01
200700035446,0,07,000,00,2,4,02,C01
200700035447,0,07,000,12,2,2,13,A01
200700035447,0,07,000,00,2,3,01,B01
200700035448,0,07,000,00,0,0,11,A01
200700035448,0,07,000,04,0,2,01,B01
200700035449,0,07,000,00,2,1,15,A01
200700035449,0,07,000,00,2,1,01,B01
200700035450,0,07,000,00,2,1,01,B01
200700035450,0,33,000,00,2,0,01,A01
200700035451,0,07,000,00,2,5,15,A01
200700035451,0,30,000,00,2,1,01,B01
200700035452,0,33,000,00,2,1,01,A01
200700035452,0,07,000,00,2,4,01,B01
200700035453,0,07,000,00,2,2,17,B01
200700035453,0,07,000,00,2,3,10,A01
200700035454,0,07,000,00,2,1,01,A01
200700035454,0,10,000,00,2,3,01,B01
200700035455,0,03,000,00,0,0,01,A01
200700035456,0,07,000,00,1,7,01,A01
200700035457,0,33,000,00,2,7,01,A01
200700035457,0,07,000,00,2,8,13,B01
200700035458,0,30,000,00,2,7,02,A01
200700035458,0,07,000,00,2,4,02,B01
200700035459,0,07,000,00,2,7,15,A01
200700035459,0,31,000,00,2,1,01,B01
200700035460,0,07,000,01,2,3,02,A01
200700035460,0,07,000,00,2,2,00,B01
200700035461,0,20,000,00,2,5,01,B01
200700035461,0,01,000,00,2,1,05,A01
200700035462,0,07,000,00,2,1,02,A01
200700035462,0,07,000,00,2,4,02,B01
200700035462,0,07,000,00,2,4,02,C01
200700035463,0,07,000,00,2,1,13,A01
200700035463,0,07,000,00,2,1,01,B01
200700035464,0,07,000,00,2,1,00,A01
200700035464,0,07,000,00,2,3,00,B01
200700035465,0,07,000,02,0,1,01,A01
200700035466,0,32,000,00,0,0,01,B01
200700035466,0,10,000,00,0,0,15,A01
200700035467,0,07,000,00,2,1,01,A01
200700035467,0,07,000,00,1,4,23,B01
200700035468,0,07,000,00,2,3,11,A01
200700035468,0,33,000,00,2,2,01,B01
200700035469,0,07,000,00,1,2,01,A01
200700035470,0,07,000,00,2,8,10,A01
200700035470,0,07,000,00,2,1,02,B01
200700035471,0,07,000,00,2,3,10,A01
200700035471,0,32,000,00,2,1,01,B01
200700035472,0,37,001,00,2,3,16,A01
200700035472,0,10,000,00,2,3,01,B01
200700035473,0,02,000,00,1,1,01,A01
200700035474,0,10,000,00,2,8,10,A01
200700035474,0,07,000,00,2,1,01,B01
200700035475,0,07,000,00,2,3,20,B01
200700035475,0,31,000,00,2,5,17,A01
200700035476,0,07,000,00,2,3,15,A01
200700035476,0,07,000,00,2,3,01,B01
200700035477,0,99,000,00,2,2,15,B01
200700035477,0,07,000,00,2,1,01,A01
200700035478,0,07,000,03,0,1,01,A01
200700035479,0,30,000,00,4,8,19,A01
200700035479,0,40,000,00,2,1,01,B01
200700035480,0,32,000,00,2,1,07,A01
200700035480,0,07,000,00,0,7,16,B01
200700035481,0,10,000,00,2,6,04,A01
200700035481,0,07,000,00,2,1,02,B01
200700035482,0,33,000,00,2,1,01,A01
200700035482,0,10,000,00,0,6,00,B01
200700035483,0,07,000,00,1,0,01,A01
200700035484,0,07,000,00,2,8,16,B01
200700035484,0,02,000,00,2,1,01,A01
200700035485,0,33,000,08,2,2,01,A01
200700035485,0,07,000,00,2,3,15,B01
200700035486,0,07,000,00,1,1,02,A01
200700035487,0,07,000,00,2,7,12,A01
200700035487,0,32,000,12,2,9,01,B01
200700035488,0,07,000,00,2,1,02,A01
200700035488,0,07,000,00,2,4,02,B01
200700035489,0,07,000,00,2,5,15,A01
200700035489,0,07,000,00,2,1,01,B01
200700035490,0,10,000,00,2,1,02,A01
200700035490,0,07,000,00,2,4,02,B01
200700035491,0,07,000,00,2,1,01,A01
200700035491,0,31,000,00,0,4,01,B01
200700035492,0,07,000,00,2,1,15,A01
200700035492,0,07,000,00,2,3,01,B01
200700035493,0,07,000,00,2,8,15,A01
200700035493,0,02,000,00,2,1,00,B01
200700035494,0,07,000,00,2,1,17,A01
200700035494,0,07,000,00,0,6,15,B01
200700035495,0,03,000,00,1,1,15,A01
200700035496,0,33,000,01,1,1,14,A01
200700035497,0,07,000,00,1,2,01,A01
200700035498,0,07,000,00,2,8,15,A01
200700035498,0,02,000,00,2,1,01,B01
200700035499,0,07,000,15,1,1,14,A01
200700035500,0,33,000,00,1,1,01,A01
200700035500,0,07,000,00,2,8,01,B01
200700035500,0,07,000,00,2,3,01,C01
200700035501,0,07,000,00,2,1,13,A01
200700035501,0,17,000,00,2,1,14,B01
200700035502,0,01,000,00,2,4,01,B01
200700035502,0,07,000,00,2,3,09,A01
200700035503,0,02,000,00,2,3,17,A01
200700035503,0,07,000,00,2,8,15,B01
200700035504,0,02,000,00,0,0,00,A01
200700035505,0,33,000,00,0,7,00,A01
200700035506,0,33,000,14,2,7,15,A01
200700035506,0,07,000,00,2,1,01,B01
200700035507,0,07,000,00,2,1,01,A01
200700035507,0,07,000,00,2,8,23,B01
200700035507,0,07,000,00,2,9,23,C01
200700035508,0,30,000,00,2,1,01,A01
200700035508,0,07,000,00,2,7,09,B01
200700035509,0,07,000,00,1,2,01,A01
200700035510,0,07,000,00,2,8,10,A01
200700035510,0,30,000,00,2,8,01,B01
200700035511,0,10,000,00,2,1,15,A01
200700035511,0,07,000,00,2,0,01,B01
200700035512,0,07,000,00,2,7,16,A01
200700035512,0,01,000,00,2,3,01,B01
200700035513,0,07,000,07,2,8,01,B01
200700035513,0,07,000,00,2,1,01,A01
200700035514,0,07,000,00,2,8,01,B01
200700035514,0,07,000,00,2,1,01,A01
200700035515,0,30,000,00,2,1,01,B01
200700035515,0,07,000,00,2,8,01,A01
200700035516,0,32,000,00,0,2,01,A01
200700035516,0,07,000,00,2,7,23,B01
200700035517,0,30,000,00,0,0,01,A01
200700035518,0,31,000,00,0,1,01,A01
200700035519,0,07,000,00,1,0,20,A01
200700035520,1,07,000,00,2,1,00,A01
200700035520,0,07,000,02,2,5,01,B01
200700035521,0,36,000,00,2,0,00,A01
200700035521,0,07,000,00,2,3,01,B01
200700035522,0,07,000,03,2,1,01,A01
200700035522,0,07,000,00,2,4,01,B01
200700035523,0,07,000,13,0,8,09,A01
200700035524,0,13,000,00,2,2,12,A01
200700035524,0,07,000,03,2,6,02,B01
200700035525,0,07,000,08,0,9,01,A01
200700035526,0,07,000,01,2,8,01,B01
200700035526,0,30,000,00,2,1,01,A01
200700035527,0,07,000,00,2,8,09,A01
200700035527,0,01,000,00,2,7,01,B01
200700035528,0,02,000,00,2,1,01,A01
200700035528,0,07,000,00,2,8,10,B01
200700035529,0,31,000,00,2,1,01,A01
200700035529,0,10,000,00,2,9,01,B01
200700035529,0,07,000,00,0,4,00,C01
200700035530,0,07,000,00,1,2,01,A01
200700035531,0,31,000,00,2,7,01,A01
200700035531,0,07,000,00,2,6,23,B01
200700035532,0,07,000,00,2,3,15,A01
200700035532,0,07,000,00,2,0,15,B01
200700035533,0,07,000,00,2,1,01,A01
200700035533,0,07,000,00,2,4,01,B01
200700035533,0,07,000,00,0,8,01,C01
200700035534,0,07,000,00,2,1,01,A01
200700035534,0,07,000,00,2,4,01,B01
200700035535,0,10,000,03,0,0,01,A01
200700035536,0,07,000,00,1,6,04,A01
200700035537,0,01,000,12,0,1,00,A01
200700035538,0,10,000,00,2,1,01,A01
200700035538,0,07,000,00,2,4,02,B01
200700035539,0,07,000,08,0,1,01,A01
200700035540,0,02,000,13,0,1,01,A01
200700035541,0,10,000,00,2,1,23,A01
200700035541,0,07,000,00,2,6,23,B01
200700035541,0,07,000,00,2,6,01,C01
200700035542,0,07,000,00,2,8,22,A01
200700035542,0,01,000,00,2,1,01,B01
200700035543,0,07,000,00,2,1,01,A01
200700035543,0,07,000,00,2,4,23,B01
200700035544,0,02,000,00,2,0,01,A01
200700035544,0,07,000,00,2,7,01,B01
200700035545,0,13,000,00,2,5,15,A01
200700035545,0,33,000,00,2,1,01,B01
200700035546,0,10,000,00,2,3,15,A01
200700035546,0,33,000,00,2,1,01,B01
200700035547,0,07,000,00,1,1,01,A01
200700035548,0,07,000,00,2,1,01,B01
200700035548,0,07,000,00,2,3,01,A01
200700035549,0,33,000,00,0,0,00,A01
200700035550,0,30,000,00,2,1,01,B01
200700035550,0,07,000,00,2,2,19,A01
200700035551,0,07,000,00,2,1,01,A01
200700035551,0,07,000,00,2,1,02,B01
200700035551,0,07,000,00,2,4,02,C01
200700035552,0,07,000,08,0,1,00,A01
200700035553,0,07,000,00,2,1,01,A01
200700035554,0,10,000,00,2,1,01,B01
200700035554,0,07,000,00,2,2,01,A01
200700035555,0,07,000,00,2,1,01,A01
200700035555,0,07,000,00,2,3,23,C01
200700035555,0,07,000,00,2,1,23,D01
200700035555,0,07,000,00,2,1,01,B01
200700035556,0,02,000,00,2,1,01,A01
200700035556,0,07,000,00,2,3,15,B01
200700035557,0,07,000,10,0,0,01,A01
200700035558,0,02,000,00,0,0,00,A01
200700035559,0,07,000,00,2,2,20,A01
200700035559,0,30,000,00,2,1,01,B01
200700035560,0,10,000,00,1,2,00,A01
200700035561,0,07,000,01,0,1,20,A01
200700035561,0,07,000,00,2,6,20,B01
200700035562,0,07,000,00,2,1,02,A01
200700035562,0,07,000,00,2,4,02,B01
200700035563,0,07,000,00,2,1,01,A01
200700035563,0,07,000,00,2,4,23,B01
200700035563,0,07,000,00,2,4,23,C01
200700035564,0,07,000,00,2,5,01,B01
200700035564,0,07,000,00,2,1,09,A01
200700035565,0,07,000,00,2,2,01,A01
200700035565,0,02,000,00,2,4,23,B01
200700035566,0,07,000,00,1,0,01,A01
200700035567,0,07,000,00,2,3,10,A01
200700035567,0,02,000,00,2,1,01,B01
200700035568,0,01,000,00,2,5,01,B01
200700035568,1,07,000,00,2,1,01,A01
200700035569,0,07,000,01,1,1,01,A01
200700035569,0,07,000,00,2,4,24,B01
200700035569,0,07,000,00,0,0,24,C01
200700035570,0,99,000,02,0,0,13,A01
200700035571,0,07,000,00,2,1,15,A01
200700035571,0,07,000,06,2,1,01,B01
200700035572,0,31,000,00,2,7,15,A01
200700035572,0,10,000,00,2,3,01,B01
200700035573,0,07,000,06,0,1,01,A01
200700035574,0,32,000,00,2,1,18,B01
200700035574,0,07,000,00,2,7,20,A01
200700035575,0,07,000,00,2,4,01,B01
200700035575,0,30,000,12,2,7,18,A01
200700035576,0,07,000,00,1,5,01,A01
200700035577,0,07,000,00,1,2,01,A01
200700035578,0,07,000,00,2,1,01,A01
200700035578,0,01,000,00,2,7,15,B01
200700035579,0,07,000,00,1,3,01,A01
200700035580,0,07,000,00,2,2,15,A01
200700035580,0,07,000,00,2,1,01,B01
200700035581,0,30,000,00,2,7,15,A01
200700035581,0,07,000,00,2,1,01,B01
200700035582,0,07,000,00,1,1,15,A01
200700035583,0,07,000,00,2,8,10,A01
200700035583,0,33,000,00,2,1,01,B01
200700035584,0,07,000,00,1,2,16,A01