Num_Acc,senc,catv,occutc,obs,obsm,choc,manv,num_veh
200700035585,0,07,000,00,2,3,01,B01
200700035585,0,07,000,00,2,1,15,A01
200700035586,0,07,000,00,2,1,01,A01
200700035586,0,07,000,00,2,4,01,B01
200700035587,0,01,000,00,2,1,01,B01
200700035587,0,07,000,00,2,2,16,A01
200700035588,0,10,000,00,1,7,01,A01
200700035589,0,07,000,00,2,1,02,A01
200700035589,0,07,000,00,2,4,23,B01
200700035589,0,33,000,00,2,4,23,C01
200700035590,0,07,000,00,2,7,10,A01
200700035590,0,33,000,00,2,8,01,B01
200700035591,0,07,000,00,2,7,16,A01
200700035591,0,01,000,00,2,1,01,B01
200700035592,0,32,000,00,2,1,01,B01
200700035592,0,07,000,00,2,8,15,A01
200700035593,0,33,000,00,1,1,01,A01
200700035594,0,07,000,00,1,2,01,A01
200700035595,0,07,000,03,0,9,17,A01
200700035596,0,07,000,00,2,1,01,A01
200700035596,0,07,000,00,2,8,01,B01
200700035597,0,07,000,00,2,3,01,A01
200700035597,0,07,000,00,2,1,01,B01
200700035598,1,30,000,00,2,1,01,A01
200700035598,0,01,000,00,2,1,23,B01
200700035599,0,07,000,00,1,3,01,A01
200700035600,0,07,000,00,0,0,12,A01
200700035600,0,33,000,00,0,0,01,B01
200700035601,0,07,000,00,2,2,16,A01
200700035601,0,01,000,00,2,1,01,B01
200700035602,0,07,000,00,0,1,01,A01
200700035602,0,07,000,00,2,4,23,B01
200700035602,0,07,000,00,2,4,23,C01
200700035603,0,07,000,00,1,4,04,A01
200700035604,0,10,000,00,2,1,02,A01
200700035604,0,07,000,00,2,4,23,B01
200700035605,0,07,000,00,2,6,20,A01
200700035605,0,31,000,00,2,1,01,B01
200700035606,0,37,010,00,2,2,15,A01
200700035606,0,32,000,00,2,1,01,B01
200700035607,1,07,000,00,2,3,15,A01
200700035607,0,01,000,00,2,1,01,B01
200700035608,0,07,000,00,2,1,01,A01
200700035608,0,07,000,00,2,8,01,B01
200700035609,0,17,000,00,2,7,12,A01
200700035609,0,07,000,03,2,6,01,B01
200700035610,0,07,000,00,2,3,01,A01
200700035610,0,07,000,00,2,7,01,B01
200700035611,0,07,000,01,0,3,01,A01
200700035612,0,10,000,00,1,4,04,A01
200700035613,0,07,000,00,1,1,01,A01
200700035614,0,30,000,02,2,7,14,A01
200700035614,0,07,000,00,2,2,01,B01
200700035615,0,07,000,00,1,2,01,A01
200700035616,0,07,000,00,2,5,17,A01
200700035616,0,01,000,00,2,2,01,B01
200700035617,0,07,000,06,2,5,01,A01
200700035617,0,10,000,00,2,3,15,B01
200700035618,0,07,000,00,0,1,00,B01
200700035618,0,02,000,00,2,2,00,A01
200700035619,0,07,000,00,2,4,01,A01
200700035619,0,14,000,00,2,1,02,B01
200700035620,0,07,000,00,1,1,01,A01
200700035621,0,02,000,00,2,1,02,A01
200700035621,0,07,000,00,2,4,01,B01
200700035622,0,07,000,00,1,7,01,A01
200700035623,0,07,000,02,0,9,19,A01
200700035624,0,07,000,00,2,3,15,A01
200700035624,0,33,000,00,2,1,01,B01
200700035625,0,30,000,00,1,1,01,A01
200700035626,0,07,000,00,9,3,01,A01
200700035626,0,01,000,00,2,7,19,B01
200700035627,0,07,000,00,1,1,01,A01
200700035628,0,07,000,00,2,1,02,A01
200700035628,0,07,000,07,2,4,23,B01
200700035629,0,07,000,07,0,1,01,A01
200700035630,0,07,000,00,2,1,01,A01
200700035630,0,07,000,00,1,3,15,B01
200700035631,0,07,000,00,2,3,01,B01
200700035631,0,07,000,00,2,3,15,A01
200700035632,0,07,000,00,2,3,15,B01
200700035632,0,02,000,00,2,1,01,A01
200700035633,0,07,000,00,2,2,01,B01
200700035633,0,07,000,00,2,1,01,A01
200700035634,0,07,000,00,2,4,02,A01
200700035634,0,07,000,00,2,1,02,B01
200700035635,0,07,000,00,1,1,15,A01
200700035636,0,07,000,00,2,1,01,B01
200700035636,0,07,000,14,0,1,05,A01
200700035637,0,01,000,00,2,7,01,B01
200700035637,0,07,000,00,9,1,09,A01
200700035638,0,07,000,00,2,6,02,A01
200700035638,0,07,000,00,2,3,11,B01
200700035639,1,02,000,00,1,1,01,A01
200700035640,0,07,000,00,2,1,00,A01
200700035640,0,07,000,00,2,1,01,B01
200700035641,0,07,000,00,1,2,01,A01
200700035642,0,30,000,00,2,1,01,A01
200700035642,0,07,000,00,2,8,15,B01
200700035643,0,07,000,00,1,2,15,A01
200700035644,0,07,000,00,1,1,01,A01
200700035645,0,33,000,00,2,1,17,B01
200700035645,0,07,000,00,2,3,09,A01
200700035646,0,10,000,13,0,1,13,A01
200700035647,0,07,000,06,0,1,01,A01
200700035648,0,07,000,00,2,6,15,B01
200700035648,0,07,000,00,2,2,02,A01
200700035649,0,33,000,00,2,1,01,B01
200700035649,0,07,000,00,2,7,23,A01
200700035650,0,07,000,00,1,0,00,A01
200700035651,0,07,000,00,2,2,20,B01
200700035651,0,99,000,00,2,1,18,A01
200700035652,0,02,000,00,2,2,01,A01
200700035652,0,07,000,00,2,1,20,B01
200700035653,0,02,000,00,2,2,01,A01
200700035653,0,07,000,00,2,1,09,B01
200700035654,0,07,000,00,1,1,01,A01
200700035655,0,01,000,00,2,1,01,B01
200700035655,0,07,000,00,2,3,19,A01
200700035656,0,02,000,00,2,7,01,A01
200700035656,0,07,000,00,2,1,15,B01
200700035657,0,07,000,00,2,4,01,A01
200700035657,0,07,000,00,2,1,01,B01
200700035658,0,02,000,00,2,1,21,A01
200700035658,1,07,000,00,2,0,00,B01
200700035659,0,07,000,00,2,1,01,A01
200700035659,0,07,000,00,2,4,01,B01
200700035660,0,07,000,00,1,0,01,A01
200700035661,0,07,000,00,2,1,01,A01
200700035661,0,07,000,00,2,4,01,B01
200700035662,0,07,000,00,1,4,04,A01
200700035663,0,02,000,15,0,0,00,A01
200700035664,0,07,000,00,2,1,01,A01
200700035664,0,01,000,00,2,7,00,B01
200700035665,2,07,000,00,1,1,01,A01
200700035666,0,10,000,00,2,2,01,A01
200700035667,0,07,000,00,2,1,19,A01
200700035667,0,07,000,00,2,3,01,B01
200700035668,0,07,000,00,2,1,15,A01
200700035668,0,07,000,00,2,1,01,B01
200700035669,0,07,000,00,2,1,01,A01
200700035669,0,07,000,00,2,1,01,B01
200700035670,0,07,000,00,1,3,01,A01
200700035671,0,07,000,00,2,2,15,A01
200700035671,0,02,000,00,2,1,01,B01
200700035672,0,31,000,00,0,0,02,A01
200700035673,0,07,000,00,1,1,01,A01
200700035674,0,07,000,00,0,3,10,A01
200700035674,0,31,000,00,2,1,02,B01
200700035675,0,02,000,00,0,2,02,A01
200700035676,0,34,000,00,2,5,01,B01
200700035676,0,07,000,00,2,1,09,A01
200700035677,1,07,000,00,2,1,02,A01
200700035677,0,07,000,00,2,9,23,B01
200700035677,0,07,000,00,2,4,23,C01
200700035678,0,07,000,00,2,4,23,B01
200700035678,0,07,000,00,2,1,02,A01
200700035679,0,10,000,00,2,1,02,A01
200700035679,0,10,000,00,2,9,23,B01
200700035679,0,07,000,00,2,4,23,C01
200700035680,0,33,000,00,2,7,17,A01
200700035680,0,07,000,00,2,8,15,B01
200700035681,0,07,000,00,1,4,04,A01
200700035682,0,30,000,00,2,1,02,A01
200700035682,0,07,000,00,2,4,23,B01
200700035683,0,07,000,00,2,1,13,A01
200700035683,0,07,000,00,2,1,23,B01
200700035684,0,07,000,00,2,9,19,A01
200700035684,0,07,000,00,2,2,01,B01
200700035685,0,07,000,00,2,2,12,A01
200700035685,0,07,000,00,2,3,01,B01
200700035686,0,07,000,00,2,1,02,A01
200700035686,0,07,000,00,0,4,02,B01
200700035686,0,07,000,00,0,4,02,C01
200700035686,0,07,000,00,0,4,02,D01
200700035687,0,07,000,00,2,0,01,B01
200700035687,0,07,000,00,2,1,01,A01
200700035688,0,07,000,00,2,1,15,A01
200700035688,0,07,000,00,2,1,01,B01
200700035689,0,07,000,00,2,2,09,A01
200700035689,0,07,000,00,2,6,01,B01
200700035690,0,32,000,00,2,1,00,A01
200700035690,0,07,000,00,2,3,00,B01
200700035691,0,34,000,00,0,0,00,A01
200700035692,0,07,000,00,2,1,02,A01
200700035692,0,07,000,00,2,4,02,B01
200700035692,0,07,000,00,2,4,02,C01
200700035693,0,07,000,00,2,1,02,A01
200700035693,0,07,000,00,2,4,02,B01
200700035693,0,07,000,00,2,4,02,C01
200700035694,0,07,000,00,1,1,01,A01
200700035695,0,07,000,00,1,2,01,A01
200700035696,0,07,000,00,2,1,02,A01
200700035696,0,07,000,00,2,4,23,B01
200700035697,0,07,000,00,2,2,02,A01
200700035697,0,07,000,00,0,4,23,B01
200700035697,0,07,000,00,0,4,23,C01
200700035697,0,07,000,00,0,4,23,D01
200700035698,0,07,000,00,1,1,19,A01
200700035699,0,07,000,00,2,2,01,B01
200700035699,0,07,000,00,2,1,09,A01
200700035700,0,07,000,13,0,2,01,A01
200700035701,0,01,000,00,1,3,00,A01
200700035702,0,07,000,00,2,1,09,A01
200700035702,0,30,000,00,2,7,00,B01
200700035703,0,07,000,12,0,0,17,A01
200700035704,0,07,000,00,2,1,01,A01
200700035704,0,07,000,00,0,4,23,B01
200700035705,0,07,000,02,0,8,13,A01
200700035706,0,07,000,00,1,1,01,A01
200700035707,1,07,000,00,2,6,01,A01
200700035707,0,01,000,00,2,1,09,B01
200700035708,0,07,000,13,0,1,02,A01
200700035709,0,02,000,14,0,1,00,A01
200700035710,0,07,000,08,0,1,02,A01
200700035711,0,07,000,14,0,1,00,A01
200700035712,0,02,000,00,2,1,02,A01
200700035712,0,01,000,00,2,4,02,B01
200700035713,0,33,000,01,0,1,01,A01
200700035714,0,07,000,09,0,1,01,A01
200700035715,0,07,000,06,0,1,02,A01
200700035716,0,13,000,00,2,2,15,A01
200700035716,0,30,000,00,0,1,01,B01
200700035717,0,32,000,00,2,3,00,A01
200700035717,0,10,000,00,2,5,14,B01
200700035718,0,07,000,08,0,1,13,A01
200700035719,0,07,000,08,4,7,15,A01
200700035719,0,40,000,00,2,1,01,B01
200700035720,0,07,000,00,2,3,01,A01
200700035720,0,32,000,00,2,2,01,B01
200700035721,0,07,000,00,1,2,00,A01
200700035722,0,07,000,00,1,3,01,A01
200700035723,1,30,000,00,1,7,01,A01
200700035724,0,07,000,00,2,8,09,A01
200700035724,0,02,000,00,2,1,01,B01
200700035725,0,07,000,00,4,8,00,A01
200700035725,0,40,000,00,2,1,01,B01
200700035726,0,07,000,00,2,1,01,A01
200700035726,0,07,000,00,2,4,01,B01
200700035727,0,02,000,00,2,1,02,A01
200700035727,0,07,000,00,2,5,00,B01
200700035728,0,13,000,00,2,1,02,A01
200700035728,0,07,000,00,2,1,02,B01
200700035728,0,07,000,00,2,1,02,C01
200700035728,0,07,000,00,2,4,02,D01
200700035729,0,33,000,00,2,7,17,A01
200700035729,0,07,000,00,2,8,13,B01
200700035730,0,01,000,00,2,1,15,A01
200700035730,0,07,000,00,9,1,01,B01
200700035731,0,32,000,00,1,2,01,A01
200700035732,0,40,000,00,1,0,00,A01
200700035733,0,07,000,01,1,5,04,A01
200700035734,0,07,000,00,2,2,16,A01
200700035734,0,32,000,00,2,3,01,B01
200700035735,1,07,000,00,2,6,09,A01
200700035735,0,30,000,00,2,1,01,B01
200700035736,1,07,000,00,1,0,00,A01
200700035737,0,07,000,15,0,1,21,A01
200700035738,0,01,000,00,2,1,01,A01
200700035738,0,07,000,00,2,3,20,B01
200700035739,0,34,000,01,2,1,01,B01
200700035739,0,07,000,00,2,6,10,A01
200700035740,0,40,000,00,1,8,01,A01
200700035741,0,07,000,00,2,7,15,A01
200700035741,0,01,000,00,2,1,01,B01
200700035742,0,30,000,00,2,8,21,A01
200700035742,0,07,000,00,2,1,01,B01
200700035743,0,07,000,00,1,1,01,A01
200700035744,0,30,000,00,2,8,01,A01
200700035744,0,07,000,00,2,1,15,B01
200700035745,0,30,000,00,2,1,01,A01
200700035745,0,07,000,00,2,2,15,B01
200700035746,0,07,000,00,2,1,13,A01
200700035746,0,07,000,00,2,1,01,B01
200700035747,0,01,000,00,0,1,00,A01
200700035748,0,30,000,00,2,1,01,B01
200700035748,0,07,000,00,2,8,15,A01
200700035749,0,07,000,00,2,3,01,A01
200700035749,0,33,000,00,2,7,00,B01
200700035750,1,07,000,00,0,0,00,A01
200700035750,0,07,000,00,0,8,01,B01
200700035751,0,07,000,00,2,1,01,A01
200700035751,0,07,000,00,2,4,01,B01
200700035751,0,07,000,00,2,4,01,C01
200700035751,0,07,000,00,2,4,01,D01
200700035752,0,07,000,13,0,1,00,A01
200700035753,0,01,000,00,2,1,01,A01
200700035753,1,07,000,00,0,0,00,B01
200700035754,0,07,000,00,9,1,17,A01
200700035754,0,10,000,00,9,0,01,B01
200700035755,0,07,000,00,2,1,00,A01
200700035755,0,07,000,00,2,4,00,B01
200700035756,0,31,000,00,2,1,03,A01
200700035756,0,07,000,00,2,6,11,B01
200700035757,0,07,000,00,2,3,09,A01
200700035757,0,02,000,00,2,3,15,B01
200700035758,0,07,000,00,2,1,01,B01
200700035758,0,07,000,01,2,3,01,A01
200700035759,0,07,000,00,0,0,01,A01
200700035759,1,07,000,00,0,0,11,B01
200700035760,0,02,000,00,2,1,01,A01
200700035760,0,07,000,00,2,6,00,B01
200700035761,0,07,000,00,2,1,01,A01
200700035761,0,07,000,00,2,1,16,B01
200700035762,0,07,000,00,1,2,01,A01
200700035763,0,33,000,00,1,1,01,A01
200700035764,0,07,000,00,2,1,13,A01
200700035764,0,07,000,00,2,6,01,B01
200700035765,0,07,000,00,2,3,01,A01
200700035765,0,31,000,00,2,2,14,B01
200700035766,0,07,000,00,2,2,15,A01
200700035766,0,32,000,00,2,6,01,B01
200700035767,0,17,000,00,2,1,01,A01
200700035767,0,07,000,00,2,4,01,B01
200700035768,0,30,000,00,2,1,01,A01
200700035768,0,07,000,00,2,1,15,B01
200700035769,0,10,000,00,2,3,15,A01
200700035769,0,02,000,00,2,7,01,B01
200700035770,0,02,000,00,2,3,18,A01
200700035770,0,07,000,00,2,2,01,B01
200700035771,0,01,000,00,2,1,19,B01
200700035771,0,07,000,00,2,5,16,A01
200700035772,0,33,000,00,2,1,17,A01
200700035772,0,07,000,00,2,3,15,B01
200700035773,0,07,000,00,2,2,01,B01
200700035773,0,01,000,00,2,1,00,A01
200700035774,0,07,000,00,1,4,04,A01
200700035775,0,07,000,00,2,1,01,B01
200700035775,0,07,000,06,2,2,01,A01
200700035776,0,30,000,00,2,1,01,A01
200700035776,0,10,000,00,2,4,01,B01
200700035777,0,07,000,00,2,2,01,B01
200700035777,0,02,000,00,2,1,01,A01
200700035778,0,07,000,00,2,1,15,A01
200700035778,0,07,000,00,2,1,01,B01
200700035779,0,30,000,13,0,3,14,A01
200700035780,0,01,000,01,0,2,14,A01
200700035781,0,07,000,09,0,1,00,A01
200700035782,0,02,000,00,2,1,02,B01
200700035782,0,07,000,00,0,4,02,A01
200700035783,0,07,000,00,1,1,01,A01
200700035784,0,02,000,00,0,0,01,A01
200700035785,0,07,000,00,2,1,01,A01
200700035785,0,01,000,00,2,8,19,B01
200700035786,0,07,000,00,1,0,01,A01
200700035787,0,07,000,00,2,1,01,B01
200700035787,0,07,000,00,2,2,15,A01
200700035788,0,07,000,00,1,1,01,A01
200700035789,0,07,000,08,0,1,13,A01
200700035790,0,07,000,00,2,2,09,A01
200700035790,0,30,000,00,2,8,01,B01
200700035791,0,07,000,00,1,1,01,A01
200700035792,0,10,000,00,1,1,01,A01
200700035793,0,07,000,00,2,7,17,A01
200700035793,0,01,000,00,2,8,01,B01
200700035794,0,07,000,00,2,3,00,A01
200700035794,0,14,000,00,2,4,00,B01
200700035794,0,10,000,00,2,3,00,C01
200700035795,0,01,000,00,2,0,01,A01
200700035795,0,07,000,00,2,3,01,B01
200700035796,0,07,000,09,0,1,01,A01
200700035797,0,07,000,00,4,8,09,A01
200700035797,0,40,000,00,2,2,01,B01
200700035798,0,07,000,00,2,4,01,A01
200700035798,0,07,000,00,2,1,01,B01
200700035799,0,13,000,00,2,0,01,B01
200700035799,0,07,000,08,2,3,09,A01
200700035800,0,02,000,00,2,1,17,A01
200700035800,0,07,000,00,2,8,15,B01
200700035801,1,07,000,00,2,1,18,A01
200700035801,0,07,000,00,2,4,12,B01
200700035802,0,07,000,00,2,1,17,A01
200700035802,0,07,000,00,2,3,01,B01
200700035803,0,07,000,00,2,1,13,A01
200700035803,0,07,000,00,2,3,01,B01
200700035804,0,33,000,00,0,0,00,A01
200700035805,0,10,000,00,2,1,02,A01
200700035805,0,07,000,00,0,4,02,B01
200700035806,0,07,000,01,1,1,13,A01
200700035807,0,07,000,00,2,3,01,B01
200700035807,0,07,000,06,2,2,01,A01
200700035808,0,07,000,00,2,7,15,A01
200700035808,0,07,000,00,2,1,01,B01
200700035809,0,07,000,00,2,8,10,A01
200700035809,0,33,000,00,2,1,01,B01
200700035810,0,07,000,00,2,7,15,A01
200700035810,0,33,000,00,2,1,01,B01
200700035811,0,07,000,00,1,1,01,A01
200700035811,0,07,000,00,1,3,05,B01
200700035812,0,01,000,00,1,1,01,A01
200700035813,0,33,000,02,0,0,11,A01
200700035814,0,07,000,00,1,2,15,A01
200700035815,0,33,000,00,2,3,01,A01
200700035815,0,07,000,00,2,3,15,B01
200700035816,0,07,000,00,2,4,01,A01
200700035816,0,07,000,00,2,1,01,B01
200700035817,0,07,000,08,0,1,01,A01
200700035818,0,02,000,12,0,1,01,A01
200700035819,0,07,000,02,0,1,01,A01
200700035820,0,02,000,00,2,8,05,A01
200700035820,0,07,000,00,2,8,15,B01
200700035821,0,02,000,00,2,1,18,A01
200700035821,0,07,000,00,2,2,16,B01
200700035822,0,33,000,00,2,1,01,A01
200700035822,0,07,000,00,2,7,15,B01
200700035823,0,30,000,00,0,1,01,A01
200700035824,0,37,002,00,1,1,01,A01
200700035825,0,07,000,00,1,4,04,B01
200700035826,0,07,000,00,1,4,20,A01
200700035827,0,02,000,12,0,8,01,A01
200700035828,0,07,000,00,2,1,15,A01
200700035829,0,02,000,00,0,7,01,A01
200700035830,0,17,000,00,2,2,01,B01
200700035830,0,02,000,00,2,8,15,A01
200700035831,0,02,000,00,0,0,15,A01
200700035832,0,07,000,02,0,1,01,A01
200700035833,0,30,000,00,2,8,01,A01
200700035833,0,07,000,00,2,2,20,B01
200700035834,0,07,000,00,1,1,15,B01
200700035835,0,07,000,00,2,1,09,A01
200700035835,0,07,000,00,2,1,01,B01
200700035836,0,07,000,00,1,7,01,B01
200700035837,0,07,000,00,2,8,09,A01
200700035837,0,07,000,00,2,1,01,B01
200700035838,0,01,000,00,0,7,01,A01
200700035839,0,30,000,00,0,0,01,A01
200700035840,0,10,000,00,1,2,01,B01
200700035841,0,07,000,06,0,1,01,A01
200700035842,0,07,000,00,2,7,09,A01
200700035842,0,01,000,00,2,0,01,B01
200700035843,0,02,000,13,0,1,01,A01
200700035844,0,01,000,00,0,7,01,A01
200700035845,0,01,000,00,1,0,01,A01
200700035846,0,07,000,00,1,4,04,B01
200700035847,0,30,000,00,0,0,01,A01
200700035848,0,01,000,00,2,1,00,A01
200700035848,0,07,000,00,2,0,20,B01
200700035849,0,01,000,00,0,0,00,A01
200700035850,0,30,000,00,2,0,19,A01
200700035850,0,07,000,00,2,1,01,B01
200700035851,0,07,000,00,0,1,01,A01
200700035852,0,07,000,00,2,2,09,A01
200700035852,0,31,000,00,2,1,01,B01
200700035853,0,02,000,00,2,1,09,A01
200700035853,0,31,000,00,2,7,00,B01
200700035854,0,30,000,00,2,1,09,A01
200700035854,0,01,000,00,2,1,01,B01
200700035855,0,10,000,00,2,1,02,A01
200700035855,0,07,000,00,2,4,02,B01
200700035855,0,07,000,00,2,4,02,C01
200700035855,0,07,000,00,2,4,02,D01
200700035856,0,02,000,00,0,0,01,A01
200700035857,0,07,000,00,2,3,20,A01
200700035857,0,30,000,00,2,7,01,B01
200700035858,0,07,000,00,2,7,12,A01
200700035858,0,07,000,00,2,1,01,B01
200700035859,1,07,000,00,2,0,00,A01
200700035859,0,01,000,00,2,0,00,B01
200700035860,0,07,000,00,2,2,01,A01
200700035860,0,07,000,00,2,8,16,B01
200700035861,0,07,000,00,2,1,15,A01
200700035861,0,02,000,00,2,7,01,B01
200700035862,0,07,000,00,2,1,15,A01
200700035862,0,07,000,00,2,3,01,B01
200700035863,0,30,000,00,0,1,01,A01
200700035864,0,10,000,00,2,8,15,A01
200700035864,0,07,000,00,2,1,01,B01
200700035865,0,02,000,00,0,0,01,A01
200700035866,0,07,000,00,2,3,11,A01
200700035866,0,02,000,00,2,1,01,B01
200700035867,0,07,000,00,2,7,16,A01
200700035867,0,02,000,00,2,1,00,B01
200700035868,0,07,000,00,2,3,09,A01
200700035868,0,02,000,00,2,1,01,B01
200700035869,0,01,000,00,0,0,01,A01
200700035870,0,30,000,00,0,0,01,A01
200700035871,0,33,000,00,0,0,01,A01
200700035872,0,07,000,00,2,0,15,A01
200700035872,0,30,000,00,2,1,01,B01
200700035873,0,30,000,00,2,1,01,A01
200700035873,0,07,000,00,2,6,01,B01
200700035874,0,10,000,00,1,2,01,A01
200700035875,0,07,000,00,1,1,01,A01
200700035876,0,10,000,00,2,1,01,A01
200700035876,0,07,000,00,2,8,01,B01
200700035876,0,07,000,00,2,1,01,C01
200700035877,0,07,000,02,0,3,01,A01
200700035878,0,02,000,00,2,1,02,A01
200700035878,0,07,000,00,0,5,15,B01
200700035879,0,30,000,00,2,7,00,B01
200700035879,0,07,000,00,2,3,09,A01
200700035880,0,30,000,01,0,1,18,A01
200700035880,0,07,000,00,0,7,22,B01
200700035881,0,07,000,00,1,2,01,A01
200700035882,0,07,000,00,2,1,02,A01
200700035882,0,07,000,00,2,4,23,B01
200700035882,0,07,000,00,2,4,23,C01
200700035883,0,07,000,00,2,2,15,A01
200700035883,0,33,000,00,2,1,01,B01
200700035884,0,07,000,00,2,1,02,A01
200700035884,0,30,000,00,2,4,23,B01
200700035885,0,01,000,00,1,1,01,B01
200700035886,0,07,000,00,1,1,01,A01
200700035887,0,30,000,00,2,1,01,A01
200700035887,0,07,000,00,2,1,01,B01
200700035887,0,07,000,00,2,1,01,C01
200700035888,0,30,000,00,2,1,02,A01
200700035888,0,07,000,00,2,4,16,B01
200700035889,0,30,000,00,2,7,17,A01
200700035890,0,07,000,00,2,4,23,A01
200700035890,1,07,000,00,2,1,02,B01
200700035891,0,07,000,00,2,5,15,A01
200700035891,0,31,000,00,2,1,01,B01
200700035892,0,07,000,09,0,1,16,A01
200700035893,0,07,000,00,2,3,09,A01
200700035893,0,02,000,00,2,1,01,B01
200700035894,0,30,000,00,2,6,23,A01
200700035894,0,99,000,00,2,5,04,B01
200700035895,0,01,000,00,2,8,01,A01
200700035895,0,07,000,00,2,1,01,B01
200700035896,0,02,000,00,2,2,17,A01
200700035896,0,07,000,00,2,3,15,B01
200700035897,0,07,000,08,0,1,13,A01
200700035898,0,07,000,00,2,1,01,A01
200700035898,0,07,000,00,2,4,23,B01
200700035899,0,07,000,06,0,3,13,A01
200700035900,0,30,000,00,2,3,18,A01
200700035900,0,07,000,00,2,7,16,B01
200700035901,0,07,000,00,2,1,01,A01
200700035901,0,13,000,00,2,1,01,B01
200700035902,0,07,000,04,0,8,13,A01
200700035903,0,07,000,00,0,9,00,A01
200700035904,0,07,000,02,0,5,13,A01
200700035905,0,07,000,00,2,3,01,B01
200700035906,0,07,000,00,2,1,01,A01
200700035906,0,07,000,00,2,6,02,B01
200700035907,0,07,000,00,0,4,23,C01
200700035907,0,31,000,00,2,4,23,B01
200700035907,0,07,000,00,2,1,02,A01
200700035908,0,01,000,00,2,7,19,A01
200700035908,0,07,000,00,2,1,01,B01
200700035909,0,02,000,00,2,1,02,B01
200700035909,0,07,000,00,2,3,09,A01
200700035910,0,02,000,00,2,1,01,A01
200700035910,0,07,000,00,2,1,15,B01
200700035911,0,07,000,13,0,1,01,A01
200700035912,0,02,000,00,2,7,01,B01
200700035912,0,07,000,00,2,1,01,A01
200700035913,0,07,000,13,0,1,21,A01
200700035914,0,07,000,00,1,1,15,A01
200700035915,0,01,000,00,2,3,13,A01
200700035915,0,10,000,00,2,8,21,B01
200700035916,0,10,000,00,2,1,21,A01
200700035916,0,02,000,00,2,4,23,B01
200700035917,0,02,000,00,2,1,01,A01
200700035917,0,07,000,00,2,3,15,B01
200700035918,0,07,000,00,1,3,16,A01
200700035919,0,07,000,13,0,9,02,A01
200700035920,0,07,000,00,2,3,19,A01
200700035920,0,33,000,00,2,1,02,B01
200700035920,0,07,000,00,2,8,02,C01
200700035921,0,07,000,00,2,2,02,B01
200700035921,0,30,000,00,2,7,02,A01
200700035922,0,07,000,00,2,1,02,B01
200700035922,2,07,000,00,2,1,02,A01
200700035923,0,07,000,14,0,1,02,A01
200700035924,0,02,000,16,0,1,02,A01
200700035925,0,07,000,13,0,0,09,A01
200700035926,0,07,000,00,2,5,15,A01
200700035926,0,07,000,00,2,3,01,B01
200700035927,0,30,000,00,2,1,05,A01
200700035927,0,07,000,00,2,3,01,B01
200700035928,0,07,000,08,0,1,01,A01
200700035929,0,99,000,00,2,8,01,B01
200700035929,0,07,000,00,2,1,01,A01
200700035930,0,07,000,00,2,7,01,A01
200700035930,0,07,000,00,2,1,01,B01
200700035931,0,13,000,00,2,1,15,A01
200700035931,0,07,000,00,2,1,01,B01
200700035932,0,07,000,00,2,2,02,A01
200700035932,0,07,000,00,2,4,20,B01
200700035933,0,07,000,00,2,1,02,B01
200700035933,0,07,000,00,0,3,19,A01
200700035934,0,07,000,08,2,2,15,A01
200700035934,0,07,000,00,2,1,05,B01
200700035935,0,07,000,00,2,3,01,B01
200700035935,0,07,000,00,2,5,23,C01
200700035935,0,07,000,00,2,1,15,A01
200700035936,0,07,000,00,2,1,02,A01
200700035936,0,07,000,00,2,4,02,B01
200700035937,0,07,000,00,2,1,01,A01
200700035937,0,07,000,00,2,4,23,B01
200700035938,0,07,000,00,2,1,02,A01
200700035938,0,07,000,00,2,4,23,B01
200700035939,0,07,000,08,2,8,01,B01
200700035939,0,07,000,00,2,1,01,A01
200700035940,0,07,000,00,1,2,01,A01
200700035941,0,07,000,00,2,1,01,A01
200700035942,0,07,000,00,2,8,01,A01
200700035942,0,01,000,00,2,7,19,B01
200700035943,0,07,000,00,1,0,01,A01
200700035944,0,07,000,00,2,1,02,A01
200700035944,0,07,000,00,2,4,02,B01
200700035945,0,37,009,00,1,1,00,A01
200700035946,0,07,000,00,2,1,01,A01
200700035946,0,07,000,00,2,4,01,B01
200700035946,0,07,000,00,2,3,09,C01
200700035947,0,07,000,12,0,1,01,A01
200700035948,0,07,000,00,2,4,02,A01
200700035948,0,07,000,00,2,1,02,B01
200700035948,0,07,000,00,2,1,02,C01
200700035949,0,07,000,00,2,6,15,A01
200700035949,0,33,000,00,2,7,15,B01
200700035950,0,07,000,01,2,8,09,A01
200700035950,0,07,000,00,2,2,01,B01
200700035951,0,07,000,00,2,1,01,B01
200700035951,0,07,000,00,2,2,01,A01
200700035952,0,02,000,00,2,1,03,A01
200700035952,0,07,000,00,2,3,09,B01
200700035953,0,07,000,00,2,2,01,B01
200700035953,0,07,000,00,2,3,01,A01
200700035954,0,07,000,00,1,6,04,A01
200700035955,1,10,000,00,2,6,11,A01
200700035955,0,33,000,00,2,2,01,B01
200700035956,0,07,000,00,2,2,15,A01
200700035956,0,07,000,00,2,3,01,B01
200700035957,0,07,000,00,2,1,01,A01
200700035957,0,31,000,00,2,4,23,B01
200700035958,0,07,000,00,2,8,01,A01
200700035958,0,07,000,00,2,8,01,B01
200700035959,0,07,000,00,2,4,23,B01
200700035959,0,07,000,00,2,1,02,A01
200700035960,0,07,000,00,2,3,15,A01