Num_Acc,senc,catv,occutc,obs,obsm,choc,manv,num_veh
200700035960,0,02,000,00,2,3,01,B01
200700035961,0,07,000,00,2,1,15,A01
200700035961,0,07,000,00,2,2,01,B01
200700035962,0,02,000,00,2,2,02,A01
200700035962,0,07,000,00,2,4,02,B01
200700035963,0,07,000,00,2,7,15,A01
200700035963,0,07,000,00,2,1,01,B01
200700035964,0,07,000,00,2,8,22,A01
200700035964,0,01,000,01,0,1,01,B01
200700035965,0,07,000,00,1,5,20,A01
200700035966,0,07,000,00,1,1,01,A01
200700035967,0,07,000,00,2,8,10,A01
200700035967,0,07,000,00,2,1,01,B01
200700035968,0,07,000,00,2,1,15,A01
200700035968,0,07,000,00,2,8,01,B01
200700035969,1,01,000,00,1,0,18,A01
200700035970,0,07,000,00,1,5,04,A01
200700035971,0,32,000,00,2,1,17,A01
200700035971,0,07,000,00,2,8,15,B01
200700035972,0,01,000,00,2,1,05,A01
200700035972,0,07,000,00,2,1,09,B01
200700035973,0,07,000,00,1,1,15,A01
200700035974,0,07,000,01,2,0,01,B01
200700035974,0,07,000,00,2,1,01,A01
200700035975,0,07,000,00,1,2,01,A01
200700035976,0,07,000,00,1,7,01,A01
200700035977,0,07,000,13,0,1,01,A01
200700035978,0,07,000,00,1,2,01,A01
200700035979,0,07,000,00,2,2,01,A01
200700035979,0,07,000,00,2,1,01,B01
200700035980,0,02,000,01,0,3,01,A01
200700035981,0,07,000,00,2,2,15,A01
200700035981,0,07,000,00,2,1,01,B01
200700035982,0,07,000,00,2,4,15,B01
200700035982,0,07,000,14,0,1,02,A01
200700035982,0,07,000,00,2,1,01,C01
200700035983,0,07,000,00,2,2,01,A01
200700035983,0,07,000,00,2,1,01,B01
200700035984,1,07,000,00,1,3,01,A01
200700035985,1,07,000,00,1,0,00,A01
200700035986,0,07,000,00,1,1,17,A01
200700035987,0,07,000,00,2,1,01,A01
200700035987,0,07,000,00,2,3,01,B01
200700035988,0,07,000,00,2,1,01,A01
200700035988,0,07,000,00,2,1,15,B01
200700035989,0,07,000,00,1,2,01,A01
200700035990,0,07,000,01,0,2,01,A01
200700035990,0,17,000,00,2,6,24,B01
200700035991,0,07,000,00,2,1,01,A01
200700035991,0,17,000,00,0,5,01,B01
200700035992,0,10,000,01,0,9,01,B01
200700035992,0,07,000,00,0,1,01,A01
200700035993,0,07,000,00,2,1,01,A01
200700035993,0,07,000,00,0,4,01,B01
200700035994,0,02,000,00,2,8,17,A01
200700035994,0,33,000,00,2,7,17,B01
200700035995,0,07,000,00,0,7,15,A01
200700035995,0,07,000,00,2,1,01,B01
200700035996,0,31,000,00,0,8,01,A01
200700035996,0,07,000,00,0,0,15,B01
200700035997,0,07,000,00,0,7,15,A01
200700035997,0,07,000,01,2,1,01,B01
200700035998,0,07,000,00,2,1,01,A01
200700035998,0,07,000,00,0,4,23,B01
200700035999,0,02,000,01,0,1,01,A01
200700036000,0,07,000,02,0,8,01,A01
200700036001,0,33,000,00,2,1,16,A01
200700036001,0,07,000,00,2,8,01,B01
200700036002,0,07,000,03,0,1,01,A01
200700036003,0,02,000,00,0,2,01,A01
200700036004,0,07,000,00,1,0,09,A01
200700036005,0,07,000,00,2,1,15,A01
200700036005,0,33,000,00,2,1,01,B01
200700036006,0,07,000,00,2,1,01,A01
200700036006,0,07,000,00,2,6,00,B01
200700036007,0,01,000,00,0,0,00,A01
200700036008,0,31,000,11,0,1,01,A01
200700036009,0,30,000,14,0,0,01,A01
200700036010,0,02,000,00,0,0,01,A01
200700036011,0,07,000,00,2,2,01,A01
200700036011,0,07,000,00,2,1,09,B01
200700036012,0,07,000,09,2,3,01,B01
200700036012,0,07,000,00,2,2,15,A01
200700036013,0,07,000,00,2,1,02,A01
200700036013,0,07,000,00,2,4,02,B01
200700036014,0,07,000,00,2,1,15,A01
200700036014,0,30,000,00,2,1,01,B01
200700036015,0,01,000,00,0,0,00,A01
200700036016,0,31,000,00,2,8,13,A01
200700036016,0,07,000,00,2,8,01,B01
200700036016,0,07,000,00,2,2,01,C01
200700036017,0,07,000,08,1,1,01,A01
200700036018,0,07,000,00,2,1,01,A01
200700036018,0,01,000,00,2,8,01,B01
200700036019,0,07,000,12,0,1,01,A01
200700036020,0,01,000,00,2,8,00,A01
200700036020,0,33,000,00,2,2,01,B01
200700036021,0,07,000,08,0,1,01,A01
200700036022,0,07,000,00,1,1,01,A01
200700036023,0,02,000,00,0,7,01,A01
200700036024,0,07,000,00,2,1,01,A01
200700036024,0,07,000,00,2,3,01,B01
200700036025,0,07,000,00,1,1,01,A01
200700036026,0,07,000,00,2,1,01,A01
200700036026,0,07,000,00,2,3,01,B01
200700036027,0,02,000,00,2,1,01,B01
200700036027,0,07,000,00,2,7,15,A01
200700036028,0,30,000,01,0,1,01,A01
200700036029,0,07,000,08,0,1,01,A01
200700036030,0,07,000,00,2,1,01,A01
200700036030,0,07,000,00,0,4,01,B01
200700036031,0,07,000,00,2,5,01,A01
200700036031,0,01,000,00,2,0,13,B01
200700036032,0,07,000,00,2,8,10,A01
200700036032,0,33,000,00,2,3,17,B01
200700036033,0,07,000,00,2,1,01,A01
200700036033,0,07,000,00,2,4,01,B01
200700036033,0,07,000,00,0,4,23,C01
200700036034,0,07,000,00,2,1,01,A01
200700036034,0,07,000,00,0,4,01,B01
200700036035,0,07,000,00,2,1,01,A01
200700036035,0,07,000,00,2,2,01,B01
200700036036,0,02,000,00,0,7,01,A01
200700036037,0,07,000,00,2,1,13,A01
200700036037,0,07,000,00,2,3,01,B01
200700036038,0,33,000,00,2,1,01,A01
200700036038,0,07,000,00,0,4,23,B01
200700036039,0,30,000,00,0,0,01,A01
200700036040,0,07,000,00,2,3,01,B01
200700036040,0,07,000,00,2,2,01,A01
200700036041,0,02,000,00,0,0,01,A01
200700036042,0,01,000,00,1,0,01,A01
200700036043,0,33,000,00,2,1,01,B01
200700036043,0,07,000,00,2,7,15,A01
200700036044,0,01,000,00,2,1,01,B01
200700036044,0,07,000,00,2,2,16,A01
200700036045,0,07,000,00,1,4,01,A01
200700036046,0,07,000,00,2,1,01,B01
200700036046,0,07,000,00,2,1,15,A01
200700036047,0,07,000,00,1,0,17,A01
200700036048,0,07,000,00,2,3,01,B01
200700036048,0,07,000,00,2,2,16,A01
200700036049,0,07,000,00,2,2,01,B01
200700036049,0,07,000,00,2,3,11,A01
200700036050,0,07,000,00,1,0,01,A01
200700036051,0,07,000,00,0,9,21,A01
200700036052,0,07,000,00,9,4,02,B01
200700036052,0,33,000,00,2,1,02,A01
200700036053,0,02,000,00,1,1,01,A01
200700036054,0,07,000,01,1,1,02,A01
200700036055,0,07,000,00,1,1,01,A01
200700036056,0,15,000,00,2,8,19,B01
200700036056,0,33,000,00,2,1,01,A01
200700036057,0,33,000,00,2,1,01,A01
200700036057,0,07,000,00,2,3,15,B01
200700036058,0,07,000,00,2,1,01,A01
200700036058,0,07,000,00,2,4,01,B01
200700036059,0,07,000,00,2,1,16,A01
200700036060,0,30,000,00,2,4,01,A01
200700036060,0,07,000,00,2,3,01,B01
200700036061,1,07,000,00,1,0,00,A01
200700036062,0,07,000,04,0,2,01,A01
200700036063,0,07,000,00,2,0,15,A01
200700036063,0,30,000,00,2,0,01,B01
200700036064,0,30,000,00,1,1,18,A01
200700036065,0,02,000,00,2,1,01,A01
200700036065,0,07,000,00,2,1,01,B01
200700036066,0,07,000,00,1,3,01,A01
200700036067,0,07,000,00,1,1,01,A01
200700036068,0,07,000,00,1,3,01,A01
200700036069,0,31,000,00,2,1,01,A01
200700036069,0,10,000,00,2,4,15,B01
200700036070,0,07,000,00,2,3,09,A01
200700036070,0,07,000,00,2,7,01,B01
200700036071,0,10,000,00,2,2,00,A01
200700036071,0,01,000,00,2,7,19,B01
200700036072,0,07,000,00,1,1,16,A01
200700036073,0,07,000,00,2,2,01,A01
200700036073,0,07,000,00,2,1,01,B01
200700036074,0,07,000,00,1,1,01,A01
200700036075,0,02,000,00,1,7,01,A01
200700036076,0,02,000,00,2,1,13,A01
200700036076,0,07,000,00,2,3,15,B01
200700036077,0,10,000,00,2,1,01,A01
200700036077,0,07,000,06,2,1,01,B01
200700036078,1,07,000,00,2,1,05,A01
200700036078,0,02,000,00,2,1,01,B01
200700036079,0,13,000,00,1,1,01,A01
200700036080,0,07,000,00,2,5,15,A01
200700036080,0,07,000,00,2,1,01,B01
200700036081,0,07,000,00,2,2,15,A01
200700036081,0,31,000,00,2,1,01,B01
200700036082,0,07,000,01,0,1,01,A01
200700036083,0,07,000,13,0,1,01,A01
200700036084,0,07,000,00,2,3,15,A01
200700036084,0,30,000,00,2,1,01,B01
200700036085,0,02,000,00,2,1,15,A01
200700036085,0,07,000,00,2,2,01,B01
200700036086,0,07,000,00,2,1,15,A01
200700036086,1,07,000,00,2,1,01,B01
200700036087,0,07,000,00,1,1,01,A01
200700036088,0,07,000,00,1,1,16,A01
200700036089,0,33,000,01,0,1,01,A01
200700036089,0,07,000,00,2,8,23,B01
200700036090,0,07,000,00,2,8,01,B01
200700036090,0,07,000,00,2,1,01,A01
200700036091,0,07,000,08,9,1,01,A01
200700036091,0,99,000,00,2,7,01,B01
200700036092,0,07,000,08,0,1,01,A01
200700036093,0,07,000,00,2,1,01,A01
200700036093,0,07,000,00,2,4,01,B01
200700036094,0,07,000,00,2,1,13,A01
200700036094,0,10,000,00,2,1,01,B01
200700036095,0,07,000,00,2,1,01,A01
200700036095,0,07,000,00,2,4,01,B01
200700036096,0,07,000,09,0,1,01,A01
200700036097,0,07,000,00,2,2,15,A01
200700036097,0,02,000,00,2,1,01,B01
200700036098,0,07,000,00,0,2,01,A01
200700036099,0,07,000,00,1,1,01,A01
200700036100,0,07,000,03,0,2,01,A01
200700036101,0,07,000,00,2,2,15,A01
200700036101,0,02,000,00,2,8,01,B01
200700036102,0,07,000,00,2,8,15,A01
200700036102,0,33,000,00,2,1,11,B01
200700036103,0,07,000,06,0,1,15,A01
200700036104,1,07,000,00,0,0,01,A01
200700036104,0,02,000,00,0,0,01,B01
200700036105,0,07,000,00,2,3,01,B01
200700036105,0,07,000,00,2,1,01,A01
200700036106,0,07,000,00,2,8,10,A01
200700036106,0,33,000,00,2,3,01,B01
200700036107,0,31,000,00,2,1,01,B01
200700036107,0,07,000,00,2,2,15,A01
200700036108,0,10,000,00,2,3,15,A01
200700036108,0,07,000,00,2,8,01,B01
200700036109,0,01,000,00,0,0,00,A01
200700036110,0,02,000,00,0,1,02,A01
200700036111,0,01,000,00,1,1,02,A01
200700036112,1,07,000,00,1,1,01,A01
200700036112,0,01,000,01,2,6,00,B01
200700036113,0,02,000,00,2,1,15,A01
200700036113,0,07,000,00,9,8,15,B01
200700036114,0,07,000,00,1,4,04,A01
200700036115,0,07,000,00,2,8,01,B01
200700036115,0,07,000,00,2,1,01,A01
200700036116,0,07,000,00,0,4,23,B01
200700036116,0,07,000,00,2,1,02,C01
200700036116,0,07,000,00,2,1,02,A01
200700036117,0,02,000,00,2,1,01,B01
200700036117,0,07,000,00,2,7,16,A01
200700036118,0,07,000,00,2,2,19,A01
200700036118,0,02,000,00,2,1,01,B01
200700036119,0,02,000,01,0,1,13,A01
200700036120,0,07,000,00,0,3,10,A01
200700036120,0,33,000,00,0,1,17,B01
200700036121,0,07,000,06,0,7,01,A01
200700036122,0,10,000,02,0,1,00,A01
200700036123,0,07,000,00,2,5,02,B01
200700036123,0,20,000,00,2,4,02,A01
200700036124,0,01,000,00,2,4,13,A01
200700036124,0,02,000,00,2,1,01,B01
200700036125,0,37,000,00,1,1,01,A01
200700036126,0,07,000,03,0,1,01,A01
200700036127,0,07,000,00,2,1,05,A01
200700036127,0,07,000,00,2,3,01,B01
200700036127,0,07,000,00,1,3,01,C01
200700036128,0,02,000,00,2,1,17,A01
200700036128,0,02,000,00,2,8,15,B01
200700036129,0,02,000,00,2,1,01,A01
200700036129,0,07,000,00,2,1,01,B01
200700036130,0,05,000,00,2,1,01,A01
200700036130,0,07,000,00,2,3,01,B01
200700036131,2,07,000,01,0,1,01,E01
200700036131,0,07,000,00,2,4,23,A01
200700036131,0,07,000,01,0,4,23,B01
200700036131,0,07,000,01,0,4,23,C01
200700036131,0,07,000,00,2,4,23,D01
200700036132,0,07,000,13,0,3,14,A01
200700036133,0,02,000,00,2,1,01,A01
200700036133,0,07,000,00,2,6,23,B01
200700036133,0,07,000,00,2,1,01,C01
200700036134,0,07,000,00,2,1,01,A01
200700036134,0,07,000,00,2,4,23,B01
200700036134,0,07,000,00,2,4,23,C01
200700036135,0,07,000,00,2,2,10,A01
200700036135,0,01,000,00,2,3,01,B01
200700036136,0,02,000,00,2,1,01,A01
200700036136,0,10,000,00,2,5,01,B01
200700036137,0,33,000,00,0,0,02,A01
200700036138,0,07,000,00,2,7,11,A01
200700036138,0,07,000,00,2,2,01,B01
200700036139,1,07,000,00,1,2,00,A01
200700036140,0,33,000,00,0,0,01,A01
200700036141,0,07,000,00,2,1,01,A01
200700036141,0,07,000,00,2,4,01,B01
200700036142,0,07,000,00,2,1,02,A01
200700036142,0,01,000,00,2,1,19,B01
200700036143,0,07,000,00,1,6,02,A01
200700036144,0,07,000,04,0,1,12,A01
200700036145,0,33,000,00,2,1,18,A01
200700036145,0,07,000,00,2,2,16,B01
200700036146,0,30,000,14,0,1,01,A01
200700036146,0,07,000,00,9,4,23,B01
200700036147,0,07,000,00,1,7,01,A01
200700036148,0,07,000,00,2,2,16,A01
200700036148,0,01,000,00,2,0,01,B01
200700036149,0,02,000,00,2,6,01,B01
200700036149,1,07,000,00,9,2,16,A01
200700036150,0,07,000,00,2,1,01,A01
200700036150,0,31,000,00,2,8,01,B01
200700036151,0,07,000,08,0,1,01,A01
200700036152,0,07,000,00,2,1,01,A01
200700036152,0,07,000,00,2,4,23,B01
200700036153,0,07,000,00,1,2,01,A01
200700036154,0,01,000,00,2,1,17,A01
200700036154,0,07,000,00,2,1,01,B01
200700036155,0,07,000,00,2,2,01,A01
200700036155,0,07,000,00,2,3,15,B01
200700036156,0,07,000,00,2,1,01,A01
200700036156,0,33,000,00,2,1,18,B01
200700036157,0,07,000,00,2,3,11,A01
200700036157,0,02,000,00,2,3,02,B01
200700036158,0,31,000,01,0,1,05,A01
200700036159,0,07,000,00,1,6,01,A01
200700036160,0,10,000,00,1,4,04,A01
200700036161,0,07,000,00,2,7,16,A01
200700036161,0,02,000,00,2,1,01,B01
200700036162,0,01,000,00,2,1,15,A01
200700036162,0,07,000,00,9,1,01,B01
200700036163,0,07,000,00,1,1,15,A01
200700036164,0,37,010,00,1,2,01,A01
200700036165,0,07,000,00,9,2,23,A01
200700036165,0,02,000,14,0,1,18,B01
200700036166,0,07,000,00,2,6,15,A01
200700036166,0,02,000,00,2,1,02,B01
200700036167,0,07,000,00,2,1,15,A01
200700036167,0,01,000,00,2,8,01,B01
200700036168,0,07,000,00,1,2,01,A01
200700036169,0,07,000,00,1,1,01,A01
200700036170,0,07,000,00,2,1,01,A01
200700036170,0,14,000,00,2,3,01,B01
200700036171,0,07,000,00,2,3,24,A01
200700036171,0,01,000,00,2,1,01,B01
200700036172,0,07,000,00,2,8,01,A01
200700036172,0,07,000,00,2,1,01,B01
200700036173,0,07,000,00,1,2,01,A01
200700036174,0,07,000,00,2,7,15,A01
200700036174,0,02,000,00,2,1,01,B01
200700036175,0,07,000,00,2,2,02,A01
200700036175,0,30,000,00,2,1,02,B01
200700036176,0,07,000,00,2,1,15,A01
200700036176,0,07,000,00,2,1,01,B01
200700036176,0,02,000,00,2,1,01,C01
200700036177,0,30,000,00,0,0,01,A01
200700036178,0,30,000,00,2,1,02,A01
200700036178,0,07,000,00,2,6,23,B01
200700036179,0,30,000,00,2,1,17,A01
200700036179,0,07,000,00,9,1,01,B01
200700036180,0,10,000,01,2,2,16,A01
200700036180,0,31,000,00,2,3,01,B01
200700036181,0,02,000,00,2,1,01,A01
200700036181,0,07,000,00,2,8,15,B01
200700036182,0,02,000,00,0,0,01,A01
200700036183,0,07,000,14,0,2,01,A01
200700036183,0,07,000,00,2,4,23,B01
200700036184,0,02,000,00,2,1,01,A01
200700036184,0,07,000,08,2,1,01,B01
200700036185,0,07,000,00,2,1,01,A01
200700036186,0,07,000,00,2,1,01,A01
200700036186,0,10,000,00,2,4,01,B01
200700036187,0,07,000,00,2,3,09,A01
200700036187,0,33,000,00,2,1,01,B01
200700036188,0,07,000,00,2,2,01,B01
200700036188,0,02,000,00,2,1,01,A01
200700036189,0,07,000,00,2,1,01,A01
200700036189,0,07,000,00,2,6,01,B01
200700036190,0,07,000,00,9,3,09,A01
200700036190,0,31,000,00,2,2,01,B01
200700036191,0,07,000,00,1,1,01,A01
200700036192,0,03,000,00,2,9,13,A01
200700036192,0,10,000,00,2,1,01,B01
200700036193,0,07,000,00,2,5,15,A01
200700036193,0,02,000,00,2,1,01,B01
200700036194,0,02,000,00,0,0,01,A01
200700036195,0,32,000,00,0,7,02,A01
200700036196,0,07,000,00,2,3,10,A01
200700036196,0,33,000,00,2,1,01,B01
200700036197,0,07,000,00,2,2,15,A01
200700036197,0,37,001,00,2,3,23,C01
200700036197,0,07,000,15,2,1,01,B01
200700036198,0,02,000,00,2,1,01,B01
200700036198,0,07,000,00,2,2,01,A01
200700036199,0,07,000,00,9,5,16,A01
200700036199,0,30,000,00,2,1,01,B01
200700036200,0,07,000,00,2,3,20,A01
200700036200,0,02,000,00,2,1,01,B01
200700036201,0,30,000,00,1,1,01,A01
200700036201,0,07,000,00,2,1,01,B01
200700036202,0,07,000,00,2,2,00,A01
200700036202,0,07,000,00,2,8,01,B01
200700036203,0,07,000,00,2,4,04,A01
200700036203,0,07,000,00,2,4,23,B01
200700036204,0,02,000,00,9,0,01,A01
200700036205,0,07,000,00,2,3,23,B01
200700036205,0,03,000,00,2,8,15,A01
200700036206,0,07,000,00,2,1,01,A01
200700036206,0,30,000,00,0,4,01,B01
200700036207,0,30,000,00,0,1,01,A01
200700036208,0,07,000,00,2,3,01,B01
200700036208,0,07,000,00,2,1,01,A01
200700036209,1,07,000,00,1,0,01,A01
200700036210,0,99,000,04,2,4,01,A01
200700036210,0,07,000,00,2,6,01,B01
200700036211,0,07,000,00,1,0,01,A01
200700036212,0,07,000,00,1,0,01,A01
200700036213,0,07,000,00,2,2,01,B01
200700036213,0,07,000,00,2,1,15,A01
200700036214,0,07,000,00,2,9,01,B01
200700036214,0,31,000,00,2,9,01,A01
200700036215,0,07,000,00,2,9,01,B01
200700036215,0,07,000,00,2,9,09,A01
200700036216,0,07,000,01,2,8,01,B01
200700036216,0,07,000,00,2,1,01,A01
200700036217,0,02,000,00,0,1,01,A01
200700036218,0,07,000,00,2,0,15,A01
200700036218,0,02,000,00,2,1,01,B01
200700036219,0,07,000,00,2,4,15,A01
200700036219,0,31,000,01,2,2,01,B01
200700036220,0,07,000,00,2,2,02,A01
200700036220,0,01,000,00,2,0,15,B01
200700036221,0,07,000,00,2,7,01,A01
200700036221,0,07,000,00,2,1,01,B01
200700036222,1,07,000,00,2,0,01,A01
200700036222,0,07,000,00,2,3,01,B01
200700036223,0,31,000,00,2,0,01,B01
200700036223,1,07,000,00,2,0,14,A01
200700036224,0,07,000,00,1,0,01,A01
200700036225,0,07,000,00,1,0,04,A01
200700036226,0,07,000,00,2,6,01,B01
200700036226,0,07,000,00,2,2,15,A01
200700036227,1,07,000,00,2,0,15,A01
200700036227,0,02,000,00,2,1,01,B01
200700036228,0,31,000,00,5,7,01,A01
200700036229,0,31,000,00,2,1,16,B01
200700036230,0,07,000,00,2,0,17,A01
200700036230,0,01,000,00,2,0,01,B01
200700036231,0,02,000,01,2,1,01,A01
200700036232,0,07,000,00,2,1,15,A01
200700036232,0,07,000,00,2,1,01,B01
200700036233,0,07,000,00,2,3,20,A01
200700036233,0,01,000,00,2,0,01,B01
200700036234,0,07,000,00,1,0,01,A01
200700036235,0,33,000,00,2,0,01,B01
200700036235,0,07,000,00,2,0,16,A01
200700036236,0,07,000,01,2,3,20,A01
200700036236,0,07,000,01,2,9,21,B01
200700036237,0,07,000,00,2,4,01,A01
200700036237,0,31,000,00,2,1,02,B01
200700036238,0,07,000,00,2,2,16,A01
200700036238,0,02,000,00,2,0,01,B01
200700036239,0,07,000,01,2,7,01,A01
200700036239,0,01,000,01,2,0,19,B01
200700036240,0,07,000,00,2,3,15,A01
200700036240,0,07,000,00,2,2,01,B01
200700036241,0,07,000,00,2,1,13,A01
200700036241,0,07,000,00,2,3,01,B01
200700036242,0,07,000,00,2,0,01,A01
200700036242,0,01,000,00,2,0,19,B01
200700036243,0,02,000,00,0,1,09,A01
200700036243,0,07,000,00,2,2,01,B01
200700036244,0,02,000,00,2,8,01,A01
200700036244,0,07,000,00,2,7,16,B01
200700036245,0,07,000,00,1,7,01,A01
200700036246,1,07,000,00,2,2,02,A01
200700036246,0,02,000,00,0,0,00,B01
200700036247,0,30,000,00,2,1,13,A01
200700036247,0,07,000,00,2,5,21,B01
200700036248,0,07,000,00,2,1,05,A01
200700036248,0,07,000,00,2,1,21,B01
200700036249,0,02,000,00,2,1,15,A01
200700036249,0,07,000,00,2,2,01,B01
200700036250,0,30,000,00,2,1,02,A01
200700036250,0,07,000,00,1,4,15,B01
200700036251,0,02,000,00,2,0,00,A01
200700036251,0,07,000,00,2,0,00,B01
200700036252,0,07,000,00,0,3,20,A01
200700036252,0,01,000,00,0,0,15,B01
200700036253,0,07,000,00,2,1,01,B01
200700036253,0,07,000,00,2,8,15,A01
200700036254,0,07,000,00,2,3,15,B01
200700036254,0,02,000,00,2,1,01,A01
200700036255,0,07,000,00,2,7,01,B01
200700036255,0,07,000,00,2,1,15,A01
200700036256,0,07,000,00,2,2,01,A01
200700036256,0,02,000,00,2,1,01,B01
200700036257,0,07,000,00,1,2,01,A01
200700036258,0,07,000,00,2,1,17,A01
200700036258,0,07,000,00,2,3,00,B01
200700036259,0,07,000,00,2,1,13,A01
200700036259,0,07,000,00,2,1,01,B01
200700036260,0,33,000,00,2,1,01,A01
200700036260,0,07,000,00,0,3,01,B01
200700036261,0,07,000,00,2,7,11,A01
200700036261,0,33,000,03,2,9,01,B01
200700036262,0,13,000,00,1,2,16,A01
200700036263,0,02,000,00,2,1,05,A01
200700036263,0,99,000,00,2,1,01,B01
200700036264,0,07,000,00,2,1,01,B01
200700036264,0,07,000,00,2,2,01,A01
200700036265,0,30,000,00,2,2,17,A01
200700036265,0,07,000,00,2,6,15,B01
200700036266,0,13,000,00,2,3,00,A01
200700036267,0,02,000,00,2,1,01,B01
200700036267,0,07,000,00,2,7,15,A01
200700036268,0,17,000,03,0,2,14,A01
200700036269,0,07,000,00,2,1,01,A01
200700036269,0,07,000,00,2,1,01,B01
200700036270,0,07,000,00,0,7,15,A01
200700036270,0,33,000,00,2,1,01,B01
200700036271,0,07,000,00,1,2,01,A01
200700036272,0,07,000,09,0,3,13,A01
200700036273,0,07,000,00,1,7,01,A01
200700036274,0,33,000,02,0,1,01,A01
200700036275,0,07,000,00,2,3,01,B01
200700036275,0,07,000,00,2,8,09,A01
200700036276,0,02,000,00,2,8,16,B01
200700036276,2,07,000,00,2,2,01,A01
200700036277,0,30,000,00,2,1,01,B01
200700036277,0,07,000,00,9,2,01,A01
200700036278,0,30,000,00,2,7,12,A01
200700036278,0,07,000,00,2,2,16,B01
200700036279,0,02,000,00,0,0,01,A01
200700036280,1,07,000,00,1,2,01,A01
200700036281,0,31,000,00,2,8,01,B01
200700036281,0,10,000,00,9,8,16,A01
200700036282,1,07,000,00,2,3,15,B01
200700036282,0,30,000,00,2,8,16,A01
200700036283,1,07,000,00,9,2,01,B01
200700036283,0,07,000,01,0,6,00,C01
200700036283,0,01,000,00,2,8,00,A01
200700036284,0,30,000,00,2,1,09,A01
200700036284,0,07,000,00,2,7,01,B01
200700036285,0,07,000,00,2,3,09,A01
200700036285,0,31,000,00,2,1,01,B01
200700036286,0,07,000,00,1,2,01,A01
200700036287,0,07,000,00,1,1,01,A01
200700036288,0,07,000,00,2,4,01,A01
200700036288,0,30,000,00,2,1,01,B01
200700036289,0,30,000,00,2,1,17,A01
200700036289,0,07,000,00,2,6,15,B01
200700036290,1,07,000,00,1,4,04,A01
200700036291,0,07,000,00,1,2,01,A01
200700036292,0,07,000,00,1,3,01,A01
200700036293,0,33,000,00,1,1,17,A01
200700036294,0,07,000,00,2,1,13,A01
200700036294,0,07,000,00,2,1,02,B01
200700036295,0,07,000,00,2,7,19,A01
200700036295,0,31,000,00,2,1,02,B01
200700036296,0,10,000,00,2,3,01,B01
200700036296,0,01,000,00,2,0,19,A01
200700036297,0,07,000,00,2,1,01,A01
200700036297,0,07,000,00,2,9,15,B01
200700036298,0,30,000,00,2,1,01,B01
200700036298,0,07,000,00,2,2,01,A01
200700036299,0,07,000,00,2,7,01,A01
200700036299,0,07,000,00,2,8,01,B01
200700036300,0,07,000,00,2,3,17,A01
200700036300,0,33,000,00,2,1,15,B01
200700036301,1,07,000,00,9,0,13,A01
200700036301,0,02,000,00,2,2,02,B01
200700036302,0,07,000,00,2,9,01,A01
200700036302,0,07,000,00,2,1,01,B01
200700036303,0,36,000,15,0,9,14,A01
200700036304,0,07,000,00,2,5,01,B01
200700036304,0,07,000,00,2,2,15,A01
200700036305,0,07,000,00,9,6,15,A01
200700036305,0,33,000,00,2,1,17,B01
200700036306,0,07,000,00,2,1,02,A01
200700036306,0,07,000,00,2,4,02,B01
200700036306,0,07,000,00,2,4,02,C01
200700036307,0,07,000,00,2,1,01,A01
200700036307,0,01,000,00,2,8,19,B01
200700036308,0,31,000,00,2,8,18,A01
200700036308,0,17,000,00,0,7,14,B01
200700036309,0,30,000,00,2,1,05,A01
200700036309,0,07,000,00,2,0,01,B01
200700036310,0,07,000,00,1,1,01,A01
200700036311,0,07,000,00,2,2,01,B01
200700036311,0,07,000,00,2,1,19,A01
200700036312,0,07,000,00,1,1,01,A01
200700036313,0,07,000,00,2,1,01,B01
200700036313,0,07,000,00,2,8,01,A01
200700036314,0,32,000,00,2,7,01,A01
200700036314,0,07,000,00,2,4,01,B01
200700036315,0,07,000,00,2,1,15,A01
200700036315,0,07,000,00,2,3,01,B01
200700036316,0,07,000,00,2,1,01,A01
200700036316,0,07,000,00,2,4,23,B01
200700036316,0,07,000,00,2,4,23,C01
200700036317,0,07,000,08,2,7,15,A01
200700036317,0,07,000,00,2,1,01,B01
200700036318,0,07,000,00,0,0,00,A01
200700036318,0,02,000,00,0,0,00,B01
200700036319,0,33,000,00,2,8,01,A01
200700036319,0,07,000,00,2,8,01,B01
200700036320,0,07,000,00,1,1,01,A01
200700036321,0,10,000,00,1,1,01,A01
200700036322,0,03,000,06,0,1,01,A01
200700036323,2,07,000,00,2,3,13,A01
200700036323,0,07,000,00,2,8,01,B01
200700036324,0,07,000,06,0,8,01,A01
200700036325,0,07,000,01,0,2,13,A01
200700036326,0,07,000,00,1,4,04,A01
200700036327,0,31,000,12,0,7,01,A01
200700036328,0,33,000,00,2,1,01,A01
200700036328,0,07,000,12,2,8,01,B01
200700036329,0,33,000,00,2,3,01,B01
200700036329,0,07,000,00,2,3,15,A01
200700036330,0,07,000,00,2,1,01,B01
200700036330,0,07,000,00,2,7,01,A01
200700036331,0,07,000,00,1,2,01,A01
200700036332,0,07,000,08,2,3,13,A01
200700036332,0,07,000,00,2,1,23,B01
200700036333,0,02,000,00,2,1,02,A01
200700036333,0,07,000,00,2,4,23,B01
200700036334,0,07,000,00,2,1,15,A01
200700036334,0,07,000,00,2,7,01,B01
200700036335,0,07,000,00,2,4,01,B01
200700036335,0,07,000,00,2,1,01,A01
200700036336,0,07,000,00,2,1,01,A01
200700036336,0,07,000,00,2,4,23,B01