Num_Acc,senc,catv,occutc,obs,obsm,choc,manv,num_veh
200700036337,0,07,000,01,2,3,00,A01
200700036337,0,07,000,00,0,0,15,B01
200700036338,0,07,000,00,0,0,15,A01
200700036339,0,17,000,00,2,1,01,A01
200700036340,0,30,000,00,2,8,01,B01
200700036340,1,07,000,00,2,2,01,A01
200700036341,0,01,000,00,1,1,01,A01
200700036342,1,07,000,00,1,0,00,A01
200700036343,0,02,000,01,2,1,05,A01
200700036343,0,07,000,00,2,1,01,B01
200700036344,0,07,000,00,2,1,01,B01
200700036344,0,07,000,00,2,2,01,A01
200700036345,0,07,000,00,2,1,01,A01
200700036345,0,07,000,12,2,1,01,B01
200700036346,0,07,000,00,0,0,19,A01
200700036346,0,07,000,08,0,1,13,B01
200700036347,0,07,000,00,1,8,02,A01
200700036348,0,07,000,00,2,1,01,A01
200700036348,0,33,000,00,0,1,01,B01
200700036349,0,07,000,00,2,8,15,A01
200700036349,0,07,000,00,2,2,01,B01
200700036350,0,07,000,00,2,8,10,A01
200700036350,0,31,000,00,2,1,17,B01
200700036351,0,07,000,00,2,3,10,A01
200700036351,0,02,000,00,2,2,17,B01
200700036352,0,01,000,00,0,0,00,A01
200700036353,0,07,000,02,0,3,01,A01
200700036354,0,07,000,01,0,3,13,A01
200700036355,0,33,000,16,0,0,01,A01
200700036356,0,07,000,00,2,7,16,A01
200700036356,0,37,008,00,2,1,07,B01
200700036357,0,33,000,00,2,1,02,A01
200700036357,0,07,000,00,0,4,01,B01
200700036358,0,07,000,15,0,3,14,A01
200700036359,0,07,000,06,0,1,01,A01
200700036360,0,07,000,00,2,2,01,A01
200700036360,0,01,000,00,2,8,00,B01
200700036361,0,33,000,00,2,8,01,A01
200700036361,0,07,000,16,0,8,01,B01
200700036362,0,07,000,00,0,6,15,A01
200700036362,0,33,000,00,2,8,01,B01
200700036363,0,07,000,00,2,2,15,A01
200700036363,0,33,000,00,2,1,01,B01
200700036364,0,07,000,00,2,1,01,A01
200700036364,0,07,000,00,2,1,01,B01
200700036365,0,32,000,01,0,1,13,A01
200700036366,0,02,000,00,2,1,13,A01
200700036366,0,30,000,00,0,8,19,B01
200700036367,0,07,000,00,2,3,01,B01
200700036367,0,07,000,00,2,1,10,A01
200700036368,0,07,000,00,2,1,13,A01
200700036368,0,07,000,00,2,1,01,B01
200700036369,0,02,000,00,2,1,01,A01
200700036369,0,07,000,00,2,3,01,B01
200700036370,0,07,000,00,1,2,01,A01
200700036371,0,07,000,00,2,2,13,A01
200700036371,0,07,000,00,2,3,01,B01
200700036372,0,01,000,00,2,1,09,A01
200700036372,0,07,000,00,2,2,01,B01
200700036373,0,07,000,09,0,2,01,A01
200700036374,0,33,000,00,0,6,01,A01
200700036375,0,07,000,00,2,3,01,B01
200700036375,0,07,000,00,2,3,13,A01
200700036376,0,07,000,00,2,1,01,A01
200700036376,0,07,000,00,2,4,01,B01
200700036376,0,07,000,00,0,4,01,C01
200700036377,0,07,000,00,2,3,13,A01
200700036377,0,14,000,00,2,6,01,B01
200700036378,0,02,000,00,2,1,09,B01
200700036378,0,07,000,00,2,6,01,A01
200700036379,0,07,000,00,2,3,13,A01
200700036379,0,10,000,00,2,1,01,B01
200700036380,0,02,000,11,0,1,01,A01
200700036381,0,02,000,00,0,1,01,A01
200700036382,0,10,000,00,1,7,01,A01
200700036383,0,31,000,00,2,7,12,A01
200700036383,0,07,000,00,2,3,02,B01
200700036384,0,07,000,02,0,1,01,A01
200700036385,0,07,000,00,2,3,09,A01
200700036385,0,02,000,00,2,7,17,B01
200700036386,0,07,000,00,2,8,09,A01
200700036386,0,30,000,00,2,1,12,B01
200700036387,0,01,000,12,0,1,01,A01
200700036388,0,07,000,00,2,1,01,A01
200700036388,0,07,000,00,2,1,01,B01
200700036389,0,07,000,00,1,7,01,A01
200700036390,0,30,000,00,2,8,13,A01
200700036390,0,30,000,02,1,8,17,B01
200700036391,0,33,000,00,2,1,17,A01
200700036391,0,10,000,00,2,6,01,B01
200700036392,0,07,000,00,2,3,10,A01
200700036392,0,02,000,00,2,1,01,B01
200700036393,0,30,000,00,0,3,01,A01
200700036394,0,33,000,00,2,1,13,A01
200700036395,0,07,000,08,0,1,19,A01
200700036396,0,07,000,01,0,1,02,A01
200700036396,0,07,000,00,2,4,23,B01
200700036397,0,02,000,00,2,2,17,A01
200700036397,0,07,000,00,2,3,15,B01
200700036398,0,07,000,00,2,7,20,A01
200700036398,0,30,000,00,2,1,01,B01
200700036399,0,07,000,00,2,5,16,A01
200700036399,0,01,000,00,2,1,01,B01
200700036400,0,02,000,06,2,1,18,A01
200700036400,0,07,000,00,2,2,16,B01
200700036401,0,07,000,00,2,4,04,A01
200700036401,0,02,000,00,2,8,01,B01
200700036402,0,07,000,00,2,2,15,A01
200700036402,0,33,000,00,2,1,01,B01
200700036403,0,01,000,00,2,1,19,A01
200700036403,0,07,000,00,2,3,01,B01
200700036404,0,02,000,00,1,1,02,A01
200700036405,0,07,000,00,2,8,15,A01
200700036405,0,30,000,01,2,1,01,B01
200700036406,0,01,000,00,1,1,01,A01
200700036407,0,07,000,00,2,2,02,A01
200700036407,0,07,000,00,2,4,01,B01
200700036408,0,07,000,00,2,2,01,A01
200700036408,0,02,000,00,2,5,01,B01
200700036409,0,02,000,00,2,1,01,A01
200700036409,0,07,000,00,0,4,01,B01
200700036410,0,02,000,00,2,1,02,A01
200700036410,0,07,000,00,0,4,01,B01
200700036411,0,07,000,01,2,1,02,A01
200700036411,0,07,000,00,2,4,02,B01
200700036411,0,07,000,00,2,4,02,C01
200700036412,0,07,000,00,2,7,15,A01
200700036412,0,07,000,06,2,1,01,B01
200700036413,0,02,000,00,2,1,02,A01
200700036413,0,07,000,00,2,6,15,B01
200700036414,0,07,000,00,2,3,15,A01
200700036414,0,33,000,00,2,8,01,B01
200700036415,1,07,000,00,0,0,01,A01
200700036415,0,37,027,00,0,0,01,B01
200700036416,0,30,000,00,2,1,17,B01
200700036416,1,07,000,00,2,6,13,A01
200700036417,0,07,000,00,2,8,20,A01
200700036417,0,07,000,00,2,7,01,B01
200700036418,0,07,000,00,2,3,15,A01
200700036418,0,02,000,00,2,1,17,B01
200700036419,0,07,000,01,2,2,15,A01
200700036419,0,32,000,00,2,1,01,B01
200700036420,0,07,000,00,2,3,01,A01
200700036420,0,02,000,00,2,1,01,B01
200700036421,0,07,000,00,2,4,12,A01
200700036421,0,33,000,00,2,7,01,B01
200700036422,0,02,000,00,2,1,01,B01
200700036422,0,07,000,00,2,3,16,A01
200700036423,0,35,000,00,2,1,13,A01
200700036423,0,07,000,00,2,1,01,B01
200700036424,0,07,000,00,0,4,10,A01
200700036424,0,33,000,00,2,6,01,B01
200700036425,0,07,000,00,2,1,13,A01
200700036425,0,07,000,00,2,1,01,B01
200700036426,0,07,000,00,2,3,01,B01
200700036426,0,07,000,00,2,3,13,A01
200700036427,1,02,000,00,1,1,01,A01
200700036428,0,02,000,00,2,1,01,B01
200700036428,0,07,000,00,2,3,15,A01
200700036429,0,01,000,00,2,1,01,B01
200700036429,0,07,000,00,2,1,09,A01
200700036430,0,02,000,00,2,0,00,A01
200700036431,0,02,000,08,0,1,13,A01
200700036432,0,02,000,16,0,7,14,A01
200700036433,0,07,000,00,2,2,16,A01
200700036433,0,02,000,00,2,1,01,B01
200700036434,0,07,000,00,2,4,01,B01
200700036434,0,07,000,00,2,1,02,A01
200700036435,0,01,000,00,2,0,00,B01
200700036435,0,07,000,00,2,2,15,A01
200700036436,0,10,000,00,2,2,16,B01
200700036436,0,30,000,00,2,1,18,A01
200700036437,0,02,000,00,2,1,02,A01
200700036437,0,07,000,00,2,6,15,B01
200700036438,0,07,000,00,2,1,15,B01
200700036438,0,07,000,00,2,1,01,A01
200700036439,0,30,000,12,0,1,14,A01
200700036440,0,07,000,00,2,4,23,C01
200700036440,0,07,000,00,2,4,23,B01
200700036440,0,07,000,00,2,1,02,A01
200700036441,0,07,000,00,2,4,01,B01
200700036441,0,07,000,00,2,1,02,A01
200700036442,0,07,000,00,2,2,01,B01
200700036442,0,07,000,00,2,3,09,A01
200700036443,0,07,000,00,2,8,19,B01
200700036443,0,31,000,00,2,1,02,A01
200700036444,0,07,000,00,2,2,01,A01
200700036444,0,07,000,00,0,8,01,B01
200700036445,0,33,000,00,0,8,18,B01
200700036445,0,07,000,00,2,7,22,A01
200700036446,0,10,000,00,2,1,01,A01
200700036446,0,07,000,00,0,3,15,B01
200700036447,0,07,000,00,0,4,01,B01
200700036447,0,33,000,00,2,1,13,A01
200700036448,0,07,000,00,0,3,01,B01
200700036448,0,02,000,00,2,1,17,A01
200700036449,0,01,000,00,0,1,01,B01
200700036449,0,01,000,00,2,1,13,A01
200700036450,0,07,000,00,0,1,01,B01
200700036450,0,07,000,00,2,1,15,A01
200700036451,0,07,000,00,0,4,01,B01
200700036451,0,07,000,00,2,1,02,A01
200700036452,0,01,000,01,0,1,02,B01
200700036452,0,17,000,00,0,6,00,A01
200700036453,0,07,000,06,0,1,14,A01
200700036454,0,02,000,00,2,2,17,B01
200700036454,0,07,000,00,0,8,13,A01
200700036455,0,02,000,01,0,1,14,A01
200700036456,0,07,000,00,1,1,01,A01
200700036457,0,07,000,00,0,5,15,B01
200700036457,0,02,000,00,2,3,01,A01
200700036458,0,07,000,00,0,4,15,B01
200700036458,0,07,000,00,2,1,01,A01
200700036459,0,07,000,00,2,1,02,B01
200700036459,0,07,000,00,0,4,01,A01
200700036460,0,33,000,08,0,9,01,A01
200700036461,0,10,000,00,0,8,01,A01
200700036461,0,07,000,00,2,1,01,B01
200700036462,0,07,000,00,0,1,01,A01
200700036462,0,07,000,00,0,1,15,B01
200700036463,0,07,000,01,0,2,14,A01
200700036464,0,07,000,00,0,4,01,B01
200700036464,0,07,000,00,2,1,02,A01
200700036465,0,07,000,00,0,4,01,C01
200700036465,0,07,000,00,2,4,01,B01
200700036465,0,07,000,00,2,1,02,A01
200700036466,0,30,000,00,2,1,17,A01
200700036466,0,07,000,00,0,3,01,B01
200700036467,0,07,000,00,2,3,15,B01
200700036467,0,02,000,00,2,1,17,A01
200700036468,0,07,000,00,2,2,01,B01
200700036468,0,30,000,00,0,2,15,A01
200700036469,0,07,000,00,1,0,00,A01
200700036470,0,07,000,00,2,1,13,A01
200700036470,0,07,000,00,2,1,01,B01
200700036470,0,07,000,00,2,1,01,C01
200700036471,0,07,000,01,0,1,19,A01
200700036472,0,07,000,00,1,1,00,A01
200700036472,0,07,000,00,2,3,05,B01
200700036472,0,07,000,00,2,8,10,C01
200700036473,0,07,000,00,2,1,00,A01
200700036473,0,33,000,00,2,1,01,B01
200700036474,0,13,000,00,2,1,13,A01
200700036474,0,15,000,00,2,1,21,B01
200700036474,0,07,000,00,2,9,14,C01
200700036475,1,07,000,00,1,0,09,A01
200700036476,0,07,000,06,0,9,01,A01
200700036477,0,07,000,01,2,3,01,B01
200700036477,0,07,000,00,2,3,13,A01
200700036478,0,02,000,00,2,7,18,A01
200700036478,0,07,000,00,2,7,16,B01
200700036479,0,07,000,00,2,7,01,A01
200700036479,0,07,000,00,2,1,01,B01
200700036480,0,07,000,00,1,3,15,A01
200700036481,0,01,000,00,1,1,02,A01
200700036482,0,07,000,00,2,8,15,A01
200700036482,0,30,000,00,2,2,01,B01
200700036483,0,07,000,00,2,7,19,A01
200700036483,0,10,000,00,2,1,01,B01
200700036484,0,07,000,00,2,1,01,A01
200700036484,0,07,000,00,2,4,15,B01
200700036485,0,30,000,00,9,5,15,A01
200700036485,0,01,000,00,9,1,01,B01
200700036486,0,07,000,09,0,1,01,A01
200700036487,0,07,000,00,1,1,01,A01
200700036488,0,07,000,00,2,7,01,B01
200700036488,0,33,000,00,2,0,16,A01
200700036489,0,07,000,09,0,1,01,A01
200700036490,0,07,000,00,2,7,01,A01
200700036490,0,07,000,00,2,1,01,B01
200700036491,0,99,000,00,1,8,01,A01
200700036492,0,07,000,00,1,2,01,A01
200700036493,0,01,000,00,2,5,19,A01
200700036493,0,07,000,00,2,1,01,B01
200700036494,0,10,000,00,2,8,15,A01
200700036494,0,07,000,00,2,1,01,B01
200700036495,0,07,000,00,2,3,15,A01
200700036495,0,34,000,00,2,1,17,B01
200700036496,2,07,000,02,1,2,01,A01
200700036497,0,01,000,00,0,0,00,A01
200700036498,0,07,000,00,2,8,15,A01
200700036498,0,32,000,00,2,1,17,B01
200700036499,0,07,000,00,2,1,09,A01
200700036499,0,15,000,00,2,8,17,B01
200700036500,1,32,000,00,0,0,00,A01
200700036501,0,30,000,00,2,0,17,A01
200700036502,0,10,000,00,2,8,22,A01
200700036502,0,01,000,01,0,1,01,B01
200700036503,0,07,000,00,2,1,01,A01
200700036503,0,02,000,00,2,7,01,B01
200700036504,0,10,000,11,0,5,09,A01
200700036505,0,07,000,00,2,2,01,A01
200700036505,0,34,000,00,2,0,00,B01
200700036506,0,02,000,00,2,7,16,A01
200700036506,1,07,000,00,2,1,01,B01
200700036507,0,10,000,00,2,8,01,A01
200700036507,0,07,000,00,2,5,15,B01
200700036508,0,07,000,00,1,1,01,A01
200700036509,0,07,000,00,2,1,16,A01
200700036509,0,07,000,00,2,4,16,B01
200700036510,0,07,000,00,1,1,01,A01
200700036511,0,07,000,00,2,3,11,A01
200700036511,0,02,000,00,2,2,01,B01
200700036512,0,01,000,00,1,1,01,A01
200700036513,0,01,000,00,2,7,12,A01
200700036513,0,07,000,00,2,3,01,B01
200700036514,0,02,000,16,0,7,01,A01
200700036515,0,07,000,00,2,0,12,A01
200700036515,0,02,000,00,2,8,01,B01
200700036516,0,07,000,00,2,4,02,B01
200700036516,0,07,000,00,2,1,02,A01
200700036517,0,37,040,00,1,0,16,A01
200700036518,0,01,000,00,2,1,19,A01
200700036518,0,07,000,00,2,5,01,B01
200700036519,0,07,000,00,2,2,01,A01
200700036519,0,07,000,00,2,1,19,B01
200700036520,0,07,000,00,2,3,15,B01
200700036520,0,31,000,00,2,3,05,A01
200700036521,0,07,000,00,2,1,15,A01
200700036521,0,02,000,00,2,4,23,B01
200700036522,0,07,000,00,2,2,17,A01
200700036522,0,07,000,00,2,3,15,B01
200700036523,0,07,000,00,2,1,15,A01
200700036523,0,07,000,00,1,4,15,B01
200700036524,0,07,000,00,2,1,15,A01
200700036524,0,01,000,00,0,8,19,B01
200700036525,0,07,000,00,2,3,02,B01
200700036525,0,07,000,00,2,1,15,A01
200700036526,0,01,000,00,1,1,01,A01
200700036527,0,07,000,00,1,1,01,A01
200700036528,0,07,000,00,2,2,01,A01
200700036528,0,01,000,00,2,4,01,B01
200700036529,0,07,000,00,2,1,01,A01
200700036529,0,07,000,00,2,4,23,B01
200700036530,0,10,000,00,2,1,15,A01
200700036530,0,07,000,00,2,8,01,B01
200700036531,0,31,000,00,2,4,01,A01
200700036531,1,07,000,00,2,0,00,B01
200700036532,0,30,000,00,2,1,01,A01
200700036532,0,07,000,00,2,4,23,B01
200700036533,0,07,000,00,2,2,15,A01
200700036533,0,01,000,00,2,1,15,B01
200700036534,0,07,000,00,1,2,01,A01
200700036535,0,07,000,00,2,4,01,A01
200700036535,0,02,000,00,2,1,01,B01
200700036536,0,07,000,00,2,3,01,B01
200700036536,0,07,000,00,2,2,01,A01
200700036537,0,31,000,00,2,1,01,B01
200700036537,0,07,000,00,2,3,15,A01
200700036538,0,07,000,00,2,1,01,A01
200700036538,0,07,000,00,2,4,23,B01
200700036538,0,07,000,00,2,4,23,C01
200700036539,0,07,000,00,2,1,01,B01
200700036539,0,07,000,00,2,7,01,A01
200700036540,0,01,000,00,2,2,07,B01
200700036540,1,01,000,00,2,1,01,A01
200700036541,0,14,000,00,9,2,16,A01
200700036541,0,02,000,00,2,1,01,B01
200700036542,0,07,000,02,2,5,17,A01
200700036542,0,21,000,00,2,3,02,B01
200700036543,0,07,000,04,0,2,01,A01
200700036544,0,07,000,00,2,0,23,B01
200700036544,0,07,000,00,2,4,00,A01
200700036545,0,07,000,00,1,2,01,A01
200700036546,0,07,000,00,2,1,01,A01
200700036546,0,01,000,00,2,2,06,B01
200700036547,0,01,000,00,2,0,02,B01
200700036547,0,07,000,00,9,0,15,A01
200700036548,0,07,000,00,2,8,09,A01
200700036548,0,05,000,00,2,1,02,B01
200700036549,0,07,000,00,2,1,02,A01
200700036549,0,07,000,00,2,4,23,B01
200700036550,0,18,001,00,2,1,11,A01
200700036550,0,07,000,00,2,1,05,B01
200700036551,0,07,000,00,2,1,09,A01
200700036551,0,01,000,00,2,8,01,B01
200700036552,0,07,000,00,2,7,17,A01
200700036552,0,30,000,00,2,8,02,B01
200700036553,0,33,000,00,2,1,01,A01
200700036553,0,07,000,00,2,7,01,B01
200700036554,0,02,000,00,2,1,01,B01
200700036554,0,07,000,00,2,3,15,A01
200700036555,0,07,000,00,1,5,09,A01
200700036556,0,07,000,00,2,1,02,A01
200700036556,0,07,000,06,2,5,00,B01
200700036557,0,07,000,00,2,6,10,A01
200700036557,0,33,000,00,2,1,00,B01
200700036558,0,07,000,00,2,1,15,A01
200700036558,0,07,000,00,0,1,01,B01
200700036559,0,07,000,00,2,6,20,A01
200700036559,0,01,000,00,2,1,01,B01
200700036560,0,07,000,00,9,3,22,A01
200700036560,0,01,000,00,9,1,01,B01
200700036561,0,07,000,15,0,1,06,A01
200700036562,0,32,000,00,2,1,01,A01
200700036562,0,07,000,00,2,3,16,B01
200700036563,0,07,000,00,2,5,15,A01
200700036563,0,33,000,00,2,1,01,B01
200700036564,0,10,000,00,1,1,01,A01
200700036565,2,07,000,00,2,7,01,A01
200700036565,0,07,000,00,2,7,01,B01
200700036566,0,10,000,00,2,3,01,A01
200700036566,0,07,000,08,2,3,01,B01
200700036567,0,10,000,00,2,4,04,A01
200700036567,0,02,000,00,2,3,01,B01
200700036568,0,07,000,02,0,1,01,A01
200700036569,0,02,000,00,2,3,18,A01
200700036569,0,07,000,00,2,2,01,B01
200700036570,0,07,000,00,2,3,09,A01
200700036570,0,10,000,00,2,1,01,B01
200700036571,0,07,000,00,1,1,01,B01
200700036572,0,10,000,00,2,1,16,A01
200700036572,0,01,000,00,2,1,19,B01
200700036573,0,14,000,06,0,1,00,A01
200700036574,2,07,000,00,2,1,01,A01
200700036574,0,07,000,00,2,3,01,B01
200700036575,0,07,000,00,1,1,01,B01
200700036575,0,07,000,00,2,1,15,A01
200700036576,0,07,000,15,0,0,01,A01
200700036577,0,07,000,00,2,1,01,C01
200700036577,0,07,000,00,2,8,01,A01
200700036577,0,07,000,00,2,0,01,B01
200700036578,0,10,000,06,0,1,01,A01
200700036579,0,33,000,00,2,1,01,A01
200700036579,0,07,000,00,2,0,01,B01
200700036580,0,07,000,00,1,1,21,A01
200700036581,0,02,000,00,2,1,01,A01
200700036581,0,10,000,00,2,4,23,B01
200700036582,0,07,000,00,2,1,02,A01
200700036582,0,07,000,00,2,4,01,B01
200700036583,0,10,000,00,0,7,23,B01
200700036583,1,10,000,00,2,1,00,A01
200700036584,0,07,000,00,2,2,01,A01
200700036584,0,07,000,00,2,1,01,B01
200700036585,0,10,000,00,1,4,04,A01
200700036586,0,07,000,00,2,1,01,A01
200700036586,0,33,000,00,2,4,15,B01
200700036587,0,10,000,00,2,4,23,B01
200700036587,0,07,000,00,2,1,01,A01
200700036588,0,07,000,00,9,3,22,A01
200700036588,0,01,000,00,2,1,01,B01
200700036588,0,01,000,00,2,1,01,C01
200700036589,1,07,000,00,1,0,01,A01
200700036590,0,07,000,00,1,2,01,A01
200700036591,0,07,000,00,1,3,15,A01
200700036592,0,07,000,00,1,1,01,A01
200700036593,0,32,000,00,1,1,01,A01
200700036594,0,07,000,00,0,5,01,B01
200700036594,0,02,000,00,2,1,01,A01
200700036595,0,33,000,00,9,0,01,A01
200700036596,0,32,000,00,2,3,01,A01
200700036596,0,07,000,00,2,2,15,B01
200700036597,0,07,000,00,1,3,01,A01
200700036598,0,07,000,00,2,1,02,A01
200700036598,0,33,000,00,2,4,23,B01
200700036599,0,01,000,00,2,1,19,A01
200700036599,0,07,000,00,2,1,01,B01
200700036600,0,10,000,00,2,2,01,A01
200700036600,0,07,000,00,2,2,01,B01
200700036601,0,10,000,00,2,9,15,A01
200700036601,0,07,000,00,2,5,01,B01
200700036602,0,40,000,00,2,1,01,B01
200700036602,0,07,000,00,4,8,06,A01
200700036603,0,02,000,00,2,2,01,B01
200700036603,0,10,000,00,2,8,15,A01
200700036604,0,30,000,00,2,1,13,A01
200700036604,0,07,000,00,2,2,01,B01
200700036605,0,02,000,00,2,1,01,B01
200700036605,0,07,000,00,2,8,01,A01
200700036606,0,07,000,00,2,3,00,A01
200700036606,0,30,000,00,2,1,00,B01
200700036607,0,07,000,06,1,3,01,A01
200700036608,0,30,000,00,1,1,01,A01
200700036609,0,30,000,00,2,1,17,A01
200700036609,0,07,000,00,2,3,15,B01
200700036610,0,07,000,00,1,1,01,A01
200700036611,0,07,000,16,0,9,01,A01
200700036612,0,07,000,00,1,3,01,A01
200700036613,0,07,000,00,2,3,01,B01
200700036613,0,07,000,00,2,1,16,A01
200700036614,0,07,000,00,2,1,01,A01
200700036614,0,07,000,00,2,4,01,B01
200700036614,0,10,000,00,2,8,01,C01
200700036615,0,07,000,08,0,1,01,A01
200700036616,0,07,000,00,2,1,01,B01
200700036616,0,07,000,00,2,7,01,A01
200700036617,0,07,000,00,2,1,15,A01
200700036617,0,07,000,00,2,1,01,B01
200700036618,0,02,000,00,0,8,11,A01
200700036618,0,07,000,00,2,2,01,B01
200700036619,0,33,000,00,1,1,01,A01
200700036620,0,02,000,00,0,8,13,A01
200700036621,0,07,000,00,0,6,13,A01
200700036622,0,02,000,08,0,1,01,A01
200700036623,0,33,000,12,0,9,02,A01
200700036624,0,02,000,16,0,8,01,A01
200700036625,0,07,000,00,2,1,01,A01
200700036625,0,07,000,09,2,3,01,B01
200700036626,0,07,000,00,1,1,01,A01
200700036627,0,07,000,00,2,1,01,A01
200700036627,0,07,000,00,0,4,23,B01
200700036627,0,07,000,00,0,5,23,C01
200700036627,0,07,000,00,0,4,23,D01
200700036628,0,33,000,16,0,1,01,A01
200700036629,0,07,000,00,2,2,09,A01
200700036629,0,02,000,00,2,1,01,B01
200700036630,0,07,000,00,1,2,01,A01
200700036631,0,07,000,00,2,5,16,A01
200700036631,0,02,000,00,2,1,01,B01
200700036632,0,07,000,00,1,4,04,A01
200700036633,0,07,000,00,2,7,16,A01
200700036633,0,01,000,00,0,1,01,B01
200700036634,0,07,000,00,1,1,01,A01
200700036635,0,07,000,00,2,1,01,A01
200700036635,0,02,000,00,2,1,23,B01
200700036635,0,07,000,00,0,5,23,C01
200700036636,0,02,000,15,0,1,01,A01
200700036637,0,07,000,00,2,7,15,A01
200700036637,0,07,000,00,0,1,01,B01
200700036638,0,02,000,00,2,1,01,A01
200700036638,0,07,000,00,0,6,01,B01
200700036639,0,31,000,00,2,1,01,A01
200700036639,0,07,000,00,0,4,23,B01
200700036640,0,02,000,00,2,1,01,A01
200700036640,0,07,000,00,0,5,23,B01
200700036641,0,02,000,16,0,1,01,A01
200700036642,0,07,000,00,2,1,01,A01
200700036642,0,07,000,00,0,7,01,B01
200700036643,0,07,000,00,0,1,15,A01
200700036644,0,07,000,00,2,1,01,A01
200700036644,0,07,000,00,2,4,01,B01
200700036644,0,07,000,00,0,2,01,C01
200700036645,1,33,000,00,1,1,01,A01
200700036646,0,07,000,00,2,1,01,A01
200700036646,0,07,000,00,2,1,01,B01
200700036646,0,07,000,00,0,4,01,C01
200700036647,1,07,000,00,2,1,10,A01
200700036647,0,33,000,00,0,8,01,B01
200700036648,0,07,000,00,2,1,01,A01
200700036648,0,07,000,00,0,4,23,B01
200700036649,0,01,000,00,2,1,01,A01
200700036649,0,07,000,00,0,1,16,B01
200700036650,0,07,000,00,2,2,15,A01
200700036650,0,31,000,00,0,8,01,B01
200700036651,0,07,000,00,1,2,01,A01
200700036652,0,07,000,00,2,1,01,A01
200700036652,0,07,000,00,0,8,15,B01
200700036653,0,07,000,00,2,3,01,A01
200700036653,0,07,000,00,0,1,01,B01
200700036654,0,07,000,00,2,4,04,A01
200700036654,0,01,000,00,0,7,01,B01
200700036655,0,02,000,00,1,7,01,A01
200700036656,0,02,000,16,0,7,01,A01
200700036657,0,10,000,00,1,2,01,B01
200700036658,0,07,000,16,0,1,01,A01
200700036659,0,07,000,00,2,2,01,A01
200700036659,0,02,000,00,0,1,01,B01
200700036660,0,02,000,16,0,1,01,A01
200700036661,0,07,000,00,2,1,16,A01
200700036661,0,01,000,00,0,4,01,B01
200700036662,0,33,000,00,0,8,01,B01
200700036662,0,07,000,00,2,1,16,A01
200700036663,0,07,000,00,2,1,15,A01
200700036663,0,02,000,00,0,7,01,B01
200700036664,0,07,000,00,2,1,01,A01
200700036664,0,07,000,00,0,4,01,B01
200700036665,0,07,000,00,2,7,20,A01
200700036665,0,02,000,00,0,8,01,B01
200700036666,0,07,000,01,0,6,15,A01
200700036666,0,33,000,00,2,1,01,B01
200700036667,0,07,000,00,2,1,01,A01
200700036667,0,07,000,00,0,4,23,B01
200700036668,0,07,000,00,0,3,15,A01
200700036668,0,31,000,00,2,2,17,B01
200700036669,0,30,000,00,2,1,01,A01
200700036669,0,07,000,00,0,4,01,B01
200700036670,0,07,000,00,9,2,14,A01
200700036670,0,01,000,00,0,6,13,B01
200700036671,0,33,000,00,1,2,00,A01
200700036672,0,07,000,00,0,1,15,A01
200700036672,0,02,000,00,2,1,01,B01
200700036673,0,07,000,00,1,1,00,A01
200700036674,0,13,000,00,1,2,01,A01
200700036675,0,07,000,00,2,1,02,A01
200700036675,0,33,000,00,0,4,02,B01
200700036675,0,07,000,00,0,1,02,C01
200700036676,0,02,000,00,2,1,00,A01
200700036677,0,01,000,00,1,1,01,A01
200700036678,0,07,000,00,0,4,02,A01
200700036678,1,07,000,00,2,1,02,B01
200700036679,0,07,000,00,2,1,15,A01
200700036679,0,30,000,00,0,1,01,B01
200700036680,0,07,000,00,2,3,01,A01
200700036680,0,07,000,00,2,8,01,B01
200700036681,0,07,000,00,1,3,01,A01
200700036682,0,07,000,00,2,1,01,A01
200700036682,0,07,000,00,2,3,01,B01
200700036683,0,07,000,00,2,6,04,A01
200700036683,0,31,000,00,2,1,01,B01
200700036684,0,02,000,00,2,0,17,A01
200700036684,0,07,000,00,2,3,01,B01
200700036685,0,32,000,00,2,1,01,B01
200700036685,0,07,000,00,2,3,09,A01
200700036686,0,07,000,00,1,1,01,A01
200700036687,1,07,000,00,2,2,10,A01
200700036687,0,33,000,06,2,7,01,B01
200700036688,0,07,000,00,1,3,01,A01
200700036689,0,07,000,00,9,7,15,A01
200700036689,0,33,000,00,2,0,01,B01
200700036690,0,02,000,09,0,1,01,A01
200700036691,0,07,000,00,2,3,01,A01
200700036691,0,07,000,00,2,8,01,B01
200700036692,0,04,000,11,0,3,15,A01
200700036693,0,07,000,00,1,1,01,A01
200700036694,0,01,000,00,1,1,01,A01
200700036695,0,07,000,00,1,1,15,A01
200700036696,0,07,000,00,2,4,23,A01
200700036696,0,07,000,00,2,1,01,B01
200700036696,0,07,000,00,2,1,01,C01
200700036697,0,07,000,00,1,1,01,A01
200700036698,0,07,000,00,2,3,09,A01
200700036698,0,02,000,00,2,2,01,B01
200700036699,0,07,000,00,2,4,20,A01
200700036699,0,02,000,00,2,1,01,B01
200700036700,0,05,000,00,0,0,21,A01
200700036701,0,04,000,00,1,1,01,A01
200700036702,0,05,000,00,2,2,01,A01
200700036702,0,05,000,00,2,2,01,B01
200700036703,0,07,000,00,2,4,04,A01
200700036703,0,01,000,00,2,1,01,B01
200700036704,0,07,000,00,1,4,04,A01
200700036705,0,04,000,00,2,1,01,A01