Num_Acc,senc,catv,occutc,obs,obsm,choc,manv,num_veh
200700036705,0,07,000,00,2,4,01,B01
200700036706,0,07,000,00,2,3,11,A01
200700036706,0,02,000,00,2,2,01,B01
200700036707,0,02,000,01,0,1,21,A01
200700036708,0,07,000,00,2,3,15,B01
200700036708,0,04,000,00,2,2,17,A01
200700036709,0,07,000,01,2,1,01,A01
200700036709,0,07,000,00,2,6,01,B01
200700036709,0,18,000,00,2,6,23,C01
200700036710,0,18,000,00,2,1,01,A01
200700036710,0,04,000,00,2,4,01,B01
200700036711,0,04,000,00,1,1,01,A01
200700036712,0,07,000,00,1,1,01,A01
200700036713,0,07,000,00,2,6,11,A01
200700036713,0,04,000,00,2,1,01,B01
200700036714,0,07,000,00,2,4,04,A01
200700036714,0,05,000,00,2,1,01,B01
200700036715,0,07,000,00,2,1,01,A01
200700036715,0,07,000,00,2,4,01,B01
200700036716,0,10,000,00,2,7,01,A01
200700036716,0,07,000,00,2,1,01,B01
200700036717,0,04,000,00,2,1,01,A01
200700036717,0,07,000,00,2,4,01,B01
200700036718,0,07,000,00,1,1,01,A01
200700036719,0,04,000,00,2,1,01,A01
200700036719,0,14,000,00,2,4,01,B01
200700036720,0,07,000,00,2,2,15,A01
200700036720,0,02,000,00,2,1,01,B01
200700036721,0,04,000,12,0,1,21,A01
200700036722,0,07,000,00,1,1,16,A01
200700036723,0,07,000,00,2,3,13,A01
200700036723,0,04,000,00,2,2,01,B01
200700036724,0,07,000,00,1,1,01,A01
200700036725,0,02,000,00,2,2,01,A01
200700036725,0,07,000,00,2,2,23,B01
200700036726,0,04,000,00,1,1,01,A01
200700036727,0,02,000,00,2,3,15,A01
200700036727,0,04,000,00,2,1,01,B01
200700036728,0,02,000,00,2,2,17,A01
200700036728,0,10,000,00,2,8,15,B01
200700036729,0,07,000,11,0,1,15,A01
200700036730,0,04,000,00,1,1,01,A01
200700036731,0,10,000,00,2,8,11,A01
200700036731,0,04,000,00,2,2,17,B01
200700036732,0,07,000,00,2,8,01,B01
200700036732,0,05,000,00,2,2,01,A01
200700036733,0,05,000,00,1,1,01,A01
200700036734,0,05,000,00,1,1,01,A01
200700036735,0,02,000,00,2,1,01,A01
200700036735,0,07,000,00,2,4,01,B01
200700036736,0,01,000,00,0,0,21,A01
200700036737,0,07,000,00,1,1,01,A01
200700036738,0,07,000,00,2,8,22,A01
200700036738,0,01,000,00,2,2,01,B01
200700036739,0,07,000,00,2,8,22,A01
200700036739,0,04,000,00,2,2,01,B01
200700036740,0,07,000,00,2,1,01,A01
200700036740,0,07,000,00,2,4,01,B01
200700036741,0,02,000,00,0,0,15,A01
200700036742,0,07,000,00,1,1,01,A01
200700036743,0,02,000,00,2,3,01,B01
200700036743,0,07,000,00,2,2,01,A01
200700036744,0,07,000,00,2,1,08,A01
200700036744,0,02,000,00,2,1,01,B01
200700036745,0,07,000,00,2,2,01,A01
200700036745,0,07,000,00,0,3,19,B01
200700036746,0,31,000,00,2,1,00,B01
200700036746,0,07,000,00,2,7,11,A01
200700036747,0,07,000,12,0,2,15,A01
200700036748,0,07,000,00,2,6,04,A01
200700036748,0,02,000,00,2,1,23,B01
200700036749,0,07,000,00,2,2,15,A01
200700036749,0,02,000,00,2,1,01,B01
200700036750,0,07,000,15,0,7,16,A01
200700036751,0,07,000,00,2,5,15,A01
200700036751,0,33,000,00,2,1,01,B01
200700036752,0,37,001,00,2,7,17,A01
200700036752,0,01,000,00,2,8,01,B01
200700036753,0,07,000,08,0,1,13,A01
200700036754,0,02,000,00,2,1,17,A01
200700036754,0,07,000,00,0,6,15,B01
200700036755,0,07,000,15,0,9,01,A01
200700036756,2,07,000,00,2,2,01,A01
200700036756,0,07,000,00,2,1,01,B01
200700036757,0,30,000,00,2,1,01,A01
200700036757,0,07,000,00,2,8,15,B01
200700036758,0,07,000,00,2,2,02,A01
200700036758,0,07,000,00,2,4,02,B01
200700036758,0,07,000,00,0,0,02,C01
200700036759,0,07,000,00,0,0,01,A01
200700036759,0,02,000,00,2,4,02,B01
200700036760,0,02,000,03,0,0,00,A01
200700036761,0,07,000,03,2,9,06,A01
200700036761,0,07,000,03,2,3,01,B01
200700036761,0,15,000,00,2,1,01,C01
200700036762,0,07,000,00,2,2,13,B01
200700036762,0,33,000,00,2,1,15,A01
200700036763,0,07,000,12,2,1,13,A01
200700036763,0,07,000,12,2,2,23,B01
200700036763,0,07,000,12,2,1,01,C01
200700036764,0,37,001,00,2,3,01,B01
200700036764,0,30,000,00,2,1,13,A01
200700036765,0,30,000,00,2,3,16,A01
200700036765,0,07,000,00,2,1,01,B01
200700036766,0,07,000,00,1,4,20,A01
200700036767,0,07,000,00,1,2,01,A01
200700036768,0,07,000,06,0,1,13,A01
200700036769,0,02,000,00,0,8,01,A01
200700036770,0,33,000,00,0,1,01,A01
200700036771,0,07,000,00,1,5,14,A01
200700036772,0,30,000,14,2,1,01,A01
200700036772,0,07,000,00,2,3,12,B01
200700036773,0,07,000,00,2,2,01,A01
200700036773,0,07,000,00,2,6,01,B01
200700036774,0,07,000,00,1,3,01,A01
200700036775,0,32,000,00,2,1,01,A01
200700036775,0,07,000,00,2,4,15,B01
200700036776,0,07,000,00,2,1,15,A01
200700036776,0,31,000,00,2,7,17,B01
200700036777,0,30,000,03,0,1,14,A01
200700036778,0,07,000,06,0,1,19,A01
200700036779,0,07,000,15,2,1,01,A01
200700036779,0,07,000,00,2,3,01,B01
200700036780,0,21,000,00,2,1,01,A01
200700036780,0,07,000,00,9,3,15,B01
200700036781,0,02,000,00,1,1,00,A01
200700036782,0,07,000,01,0,7,01,A01
200700036782,0,07,000,01,2,7,24,B01
200700036783,0,07,000,00,9,1,01,A01
200700036783,0,01,000,00,2,7,19,B01
200700036784,0,02,000,00,2,3,08,A01
200700036784,0,07,000,00,2,1,15,B01
200700036785,0,02,000,08,2,2,01,A01
200700036785,0,38,028,12,2,2,16,B01
200700036786,0,07,000,00,2,1,02,A01
200700036786,0,33,000,00,2,8,02,B01
200700036787,0,02,000,00,0,2,00,A01
200700036788,0,02,000,00,2,1,01,A01
200700036788,0,07,000,00,2,2,00,B01
200700036789,1,02,000,00,0,0,00,A01
200700036789,0,07,000,00,2,8,01,B01
200700036790,0,07,000,04,0,1,01,A01
200700036791,0,07,000,11,0,1,01,A01
200700036792,0,30,000,00,2,1,09,A01
200700036792,0,07,000,00,2,8,09,B01
200700036793,0,02,000,00,2,3,01,A01
200700036793,0,07,000,00,2,6,15,B01
200700036794,0,33,000,12,0,7,01,A01
200700036795,0,33,000,00,2,1,09,B01
200700036795,0,07,000,00,9,3,09,A01
200700036796,0,02,000,00,1,1,01,A01
200700036797,0,30,000,00,2,1,01,B01
200700036797,0,07,000,00,9,2,15,A01
200700036798,0,07,000,00,2,1,01,B01
200700036798,0,07,000,00,2,6,01,A01
200700036799,0,07,000,00,2,1,01,B01
200700036799,0,07,000,00,2,3,15,A01
200700036800,0,07,000,02,0,2,13,A01
200700036801,0,10,000,00,2,1,02,A01
200700036801,0,07,000,00,0,4,23,B01
200700036802,0,07,000,00,2,3,16,A01
200700036802,0,07,000,00,0,8,23,B01
200700036803,0,33,000,00,2,1,17,A01
200700036803,0,10,000,00,2,6,15,B01
200700036804,0,07,000,02,0,1,01,A01
200700036805,0,07,000,00,2,1,19,A01
200700036805,0,07,000,00,2,7,01,B01
200700036806,0,15,000,00,2,3,01,B01
200700036806,0,33,000,00,2,1,13,A01
200700036807,0,01,000,00,2,1,01,B01
200700036807,0,07,000,00,0,3,16,A01
200700036808,0,07,000,00,0,4,01,B01
200700036808,0,33,000,00,2,1,01,A01
200700036809,0,07,000,13,0,0,01,A01
200700036810,0,17,000,00,2,3,13,A01
200700036810,0,07,000,00,2,8,05,B01
200700036811,0,07,000,00,2,2,15,A01
200700036811,0,07,000,00,2,1,01,B01
200700036812,0,10,000,00,2,6,01,B01
200700036812,0,02,000,00,2,1,00,A01
200700036813,0,07,000,00,1,2,00,A01
200700036814,0,07,000,00,1,2,01,A01
200700036815,0,07,000,00,0,1,01,A01
200700036816,0,07,000,00,2,3,11,A01
200700036816,0,07,000,00,2,3,01,B01
200700036817,0,07,000,00,1,7,01,A01
200700036818,0,07,000,00,1,7,01,A01
200700036819,0,07,000,00,2,1,23,A01
200700036819,0,01,000,00,2,1,02,F01
200700036819,0,01,000,01,0,1,01,B01
200700036819,0,01,000,00,2,1,02,G01
200700036819,0,01,000,00,2,1,02,C01
200700036819,0,01,000,00,2,1,02,D01
200700036819,0,01,000,00,2,1,02,E01
200700036820,0,07,000,00,2,1,02,A01
200700036820,0,07,000,00,0,4,01,B01
200700036821,0,07,000,00,2,7,12,A01
200700036821,0,07,000,00,2,8,01,B01
200700036822,0,07,000,00,9,1,02,A01
200700036822,0,30,000,00,2,9,05,B01
200700036823,0,15,000,00,0,1,00,A01
200700036823,0,07,000,00,0,8,00,B01
200700036824,0,07,000,00,1,2,01,A01
200700036825,0,31,000,00,2,3,01,B01
200700036825,0,07,000,00,2,2,15,A01
200700036826,0,07,000,00,2,3,02,B01
200700036826,0,07,000,00,2,2,02,A01
200700036827,0,30,000,00,0,6,15,A01
200700036827,0,07,000,00,2,1,01,B01
200700036828,0,10,000,00,2,1,01,A01
200700036828,0,07,000,00,2,2,01,B01
200700036829,0,07,000,00,0,0,00,A01
200700036829,0,07,000,00,0,0,00,B01
200700036830,0,31,000,00,0,0,00,A01
200700036830,0,07,000,00,0,0,00,B01
200700036831,0,07,000,00,0,1,00,A01
200700036831,0,07,000,00,0,1,00,B01
200700036832,0,33,000,00,2,1,17,A01
200700036832,0,07,000,00,2,8,15,B01
200700036833,0,07,000,00,1,2,01,A01
200700036834,0,01,000,00,2,3,01,B01
200700036834,1,07,000,00,9,6,13,A01
200700036835,0,07,000,00,2,1,00,B01
200700036835,0,30,000,00,0,6,00,A01
200700036836,0,33,000,00,2,8,12,C01
200700036836,0,07,000,00,2,3,01,B01
200700036836,1,07,000,00,2,7,12,A01
200700036837,0,33,000,01,2,1,01,A01
200700036837,0,07,000,00,2,3,10,B01
200700036838,0,07,000,00,2,2,02,B01
200700036838,0,02,000,00,2,8,09,A01
200700036839,0,07,000,02,0,1,13,A01
200700036840,0,07,000,00,2,5,01,A01
200700036840,0,31,000,00,2,2,02,B01
200700036841,0,07,000,00,2,1,02,A01
200700036841,0,01,000,00,2,1,02,B01
200700036842,0,02,000,00,0,1,01,A01
200700036842,0,07,000,00,0,0,01,B01
200700036842,0,07,000,00,0,8,01,C01
200700036843,0,34,000,00,1,1,00,A01
200700036844,0,07,000,00,1,3,00,A01
200700036845,0,07,000,00,2,8,15,B01
200700036845,0,07,000,00,2,3,01,A01
200700036846,0,30,000,00,2,4,01,B01
200700036846,1,10,000,00,2,1,01,A01
200700036847,0,07,000,00,1,2,01,A01
200700036848,0,07,000,00,2,1,13,A01
200700036848,0,07,000,00,2,3,00,B01
200700036849,0,07,000,00,2,1,01,A01
200700036849,0,07,000,00,2,3,01,B01
200700036850,0,07,000,00,1,4,04,A01
200700036851,0,31,000,14,0,8,01,A01
200700036852,1,07,000,00,2,1,02,A01
200700036852,0,07,000,00,2,4,02,B01
200700036853,0,07,000,01,2,1,01,A01
200700036853,0,07,000,00,2,8,24,B01
200700036853,0,07,000,00,2,1,01,C01
200700036854,0,14,000,03,2,1,01,A01
200700036854,0,07,000,00,2,8,01,B01
200700036855,0,07,000,00,2,8,10,A01
200700036855,0,33,000,00,2,1,17,B01
200700036856,0,07,000,00,0,9,15,A01
200700036857,0,07,000,00,2,7,01,A01
200700036857,0,07,000,00,2,1,00,B01
200700036858,0,01,000,00,2,1,02,A01
200700036858,0,07,000,00,2,4,02,B01
200700036859,0,07,000,00,2,1,15,A01
200700036859,0,07,000,00,2,8,01,B01
200700036860,0,07,000,00,2,1,01,B01
200700036860,0,07,000,00,2,5,19,A01
200700036861,0,07,000,00,2,1,13,A01
200700036861,0,07,000,00,2,1,01,B01
200700036862,0,07,000,00,2,3,15,A01
200700036862,0,10,000,00,2,3,01,B01
200700036863,0,07,000,00,2,2,12,A01
200700036863,0,33,000,00,2,8,01,B01
200700036864,0,07,000,00,2,0,01,A01
200700036864,0,07,000,00,2,4,01,B01
200700036865,0,15,000,00,2,1,01,A01
200700036865,0,07,000,00,0,4,01,B01
200700036866,0,07,000,00,2,5,00,A01
200700036866,0,37,000,00,2,2,01,B01
200700036867,0,33,000,04,0,3,01,A01
200700036868,0,07,000,01,2,1,00,B01
200700036868,0,07,000,01,2,6,00,A01
200700036869,0,07,000,00,1,1,01,A01
200700036870,0,10,000,00,1,1,01,A01
200700036871,0,10,000,00,1,1,01,A01
200700036872,0,31,000,00,0,1,01,B01
200700036872,0,10,000,00,2,1,09,A01
200700036873,0,31,000,00,0,2,01,B01
200700036873,0,02,000,00,2,1,18,A01
200700036874,0,33,000,00,2,1,01,A01
200700036874,0,10,000,00,0,3,09,B01
200700036875,0,30,000,00,0,7,01,A01
200700036875,0,07,000,00,2,1,01,B01
200700036876,0,07,000,00,2,7,02,A01
200700036876,0,01,000,00,0,8,02,B01
200700036877,0,07,000,00,1,1,09,A01
200700036878,0,02,000,00,2,7,09,A01
200700036878,0,07,000,00,2,1,01,B01
200700036879,0,33,000,00,2,1,02,A01
200700036879,0,07,000,00,0,4,02,B01
200700036880,0,07,000,00,1,1,00,A01
200700036881,0,07,000,00,2,3,13,A01
200700036881,0,17,000,00,2,3,02,B01
200700036882,0,30,000,14,0,1,15,A01
200700036883,0,07,000,00,2,1,01,A01
200700036883,0,07,000,00,2,9,01,B01
200700036883,0,07,000,00,2,4,01,C01
200700036884,0,07,000,00,2,1,01,A01
200700036884,0,33,000,00,2,3,00,B01
200700036885,0,07,000,00,2,1,01,A01
200700036885,0,07,000,00,2,6,15,B01
200700036886,0,07,000,00,2,0,01,A01
200700036887,0,07,000,00,1,1,01,A01
200700036888,0,07,000,04,0,2,01,A01
200700036889,0,07,000,00,0,9,13,A01
200700036890,2,07,000,00,2,1,16,A01
200700036890,0,07,000,00,2,1,01,B01
200700036891,0,38,001,00,2,1,01,A01
200700036891,0,07,000,00,2,4,01,B01
200700036891,0,07,000,00,2,4,01,C01
200700036892,0,10,000,00,1,4,04,A01
200700036893,0,33,000,00,2,7,02,B01
200700036893,0,07,000,00,2,8,10,A01
200700036894,0,07,000,00,2,3,05,A01
200700036894,0,02,000,00,2,1,01,B01
200700036895,0,35,000,01,0,0,00,A01
200700036896,0,07,000,04,0,1,00,A01
200700036897,0,07,000,00,1,2,01,A01
200700036898,0,07,000,00,2,1,02,A01
200700036898,0,30,000,00,2,4,23,B01
200700036899,0,07,000,00,2,1,19,A01
200700036899,0,07,000,00,2,8,01,B01
200700036900,0,07,000,00,2,1,02,A01
200700036900,0,07,000,00,2,4,23,B01
200700036901,0,36,000,12,0,1,16,A01
200700036902,0,07,000,00,1,0,00,A01
200700036903,0,32,000,00,2,3,01,A01
200700036903,0,07,000,00,2,6,15,B01
200700036904,0,07,000,00,0,0,00,A01
200700036905,0,33,000,00,0,7,09,A01
200700036906,0,07,000,00,2,5,01,A01
200700036906,0,07,000,00,2,1,15,B01
200700036907,0,07,000,00,2,6,01,B01
200700036907,0,07,000,00,2,3,16,A01
200700036908,0,07,000,11,2,3,01,A01
200700036908,0,07,000,00,2,1,01,B01
200700036909,0,07,000,00,2,1,01,A01
200700036909,0,07,000,00,1,4,23,B01
200700036910,0,37,015,00,2,1,01,A01
200700036910,0,07,000,00,2,4,01,B01
200700036911,0,07,000,08,0,1,01,A01
200700036912,0,07,000,00,2,2,15,A01
200700036912,0,07,000,00,2,3,01,B01
200700036913,0,33,000,00,2,1,21,B01
200700036913,0,07,000,00,2,6,09,A01
200700036914,0,33,000,00,2,8,01,A01
200700036914,0,07,000,01,2,8,15,B01
200700036915,0,07,000,00,1,2,17,A01
200700036916,0,07,000,00,2,1,01,A01
200700036916,0,07,000,00,2,4,01,B01
200700036917,0,07,000,00,2,8,17,A01
200700036917,0,07,000,00,2,1,01,B01
200700036918,0,02,000,01,2,1,18,A01
200700036918,0,07,000,00,2,2,14,B01
200700036919,0,01,000,00,1,0,01,A01
200700036920,0,07,000,00,2,1,01,A01
200700036920,0,07,000,00,2,4,01,B01
200700036921,0,07,000,00,2,2,09,A01
200700036921,0,02,000,00,2,1,01,B01
200700036922,0,07,000,00,1,3,01,A01
200700036923,0,30,000,00,2,1,01,A01
200700036923,0,07,000,00,0,4,23,B01
200700036924,0,07,000,00,1,2,09,A01
200700036925,0,07,000,00,1,1,01,A01
200700036926,0,07,000,00,2,7,02,A01
200700036926,0,01,000,00,2,3,02,B01
200700036927,0,31,000,00,2,7,03,A01
200700036927,0,07,000,00,2,8,11,B01
200700036928,0,10,000,00,2,1,02,A01
200700036928,0,07,000,00,2,4,02,B01
200700036929,0,07,000,00,2,3,13,A01
200700036929,0,07,000,00,2,3,01,B01
200700036930,0,07,000,06,0,1,14,A01
200700036931,0,01,000,00,1,1,01,A01
200700036932,0,07,000,00,2,3,15,A01
200700036932,0,33,000,00,2,3,01,B01
200700036933,0,02,000,06,0,1,01,A01
200700036934,0,07,000,00,2,8,13,A01
200700036934,0,02,000,00,2,2,01,B01
200700036935,0,07,000,00,1,6,20,A01
200700036936,0,07,000,00,1,1,01,A01
200700036937,0,07,000,00,1,1,01,A01
200700036938,0,07,000,00,2,7,15,A01
200700036938,0,05,000,00,2,1,01,B01
200700036939,0,30,000,00,2,1,01,A01
200700036939,0,07,000,00,2,6,01,B01
200700036940,0,07,000,00,2,1,01,A01
200700036940,0,02,000,00,2,8,01,B01
200700036941,0,07,000,12,6,9,21,A01
200700036942,0,07,000,00,2,2,01,A01
200700036942,0,07,000,00,2,1,01,B01
200700036943,0,07,000,00,2,1,21,A01
200700036943,0,15,000,00,2,3,17,B01
200700036944,0,07,000,00,2,2,01,A01
200700036944,0,07,000,00,9,6,09,B01
200700036945,0,33,000,00,0,8,01,B01
200700036945,0,07,000,00,2,1,19,A01
200700036946,2,07,000,00,1,9,01,A01
200700036947,0,02,000,09,0,1,01,A01
200700036948,0,07,000,00,0,8,22,A01
200700036948,0,01,000,01,0,1,01,B01
200700036949,0,07,000,00,0,3,15,A01
200700036949,0,34,000,00,2,2,01,B01
200700036950,0,07,000,00,9,2,01,B01
200700036950,0,02,000,00,2,8,01,A01
200700036951,0,02,000,00,2,1,05,A01
200700036951,1,07,000,00,0,3,16,B01
200700036952,0,07,000,00,9,7,15,A01
200700036952,0,02,000,00,2,1,01,B01
200700036953,0,07,000,00,9,1,15,A01
200700036953,0,30,000,00,2,1,01,B01
200700036954,0,33,000,00,2,2,01,B01
200700036954,0,07,000,00,2,1,19,A01
200700036955,0,07,000,00,2,7,15,A01
200700036955,0,07,000,00,2,1,01,B01
200700036956,0,07,000,00,2,1,01,B01
200700036956,0,02,000,00,2,1,12,A01
200700036957,0,07,000,14,0,1,01,A01
200700036958,0,07,000,00,2,3,09,A01
200700036958,0,07,000,00,2,1,01,B01
200700036959,0,07,000,00,2,8,24,A01
200700036959,0,01,000,01,0,1,01,B01
200700036960,0,01,000,00,2,1,01,A01
200700036960,0,07,000,00,2,4,01,B01
200700036961,0,02,000,12,0,3,01,A01
200700036962,0,02,000,00,2,1,01,B01
200700036962,0,07,000,00,2,1,15,A01
200700036963,0,02,000,00,2,1,17,A01
200700036963,0,07,000,00,2,3,01,B01
200700036963,0,07,000,00,2,6,01,C01
200700036964,0,33,000,15,0,7,01,A01
200700036965,0,07,000,12,0,1,01,A01
200700036966,0,07,000,00,2,1,01,A01
200700036966,0,07,000,00,2,1,01,B01
200700036967,0,07,000,00,2,1,15,A01
200700036967,0,07,000,09,2,5,01,B01
200700036968,0,07,000,00,1,2,01,A01
200700036969,0,07,000,00,2,0,00,A01
200700036969,0,01,000,00,2,1,01,B01
200700036970,0,07,000,00,2,1,01,A01
200700036970,0,07,000,00,2,0,00,B01
200700036971,0,07,000,00,0,1,01,A01
200700036972,0,07,000,00,1,8,01,A01
200700036973,0,30,000,06,0,0,01,A01
200700036974,0,02,000,00,2,8,15,A01
200700036974,0,33,000,00,2,1,01,B01
200700036975,0,07,000,00,2,5,15,A01
200700036975,0,02,000,00,2,2,01,B01
200700036976,0,07,000,03,0,1,00,A01
200700036977,0,33,000,00,2,1,01,A01
200700036977,0,13,000,00,2,7,15,B01
200700036978,0,02,000,00,2,1,16,A01
200700036978,0,07,000,00,2,8,09,B01
200700036979,0,07,000,14,0,1,01,A01
200700036980,0,07,000,00,2,1,01,A01
200700036980,0,07,000,00,2,4,01,B01
200700036981,0,07,000,00,2,2,01,A01
200700036981,0,02,000,00,2,4,01,B01
200700036982,0,07,000,00,2,3,13,A01
200700036982,0,07,000,00,2,3,01,B01
200700036983,0,02,000,00,2,1,01,A01
200700036983,0,07,000,00,2,3,09,B01
200700036984,0,03,000,00,2,1,15,A01
200700036984,0,02,000,00,2,3,01,B01
200700036985,0,02,000,00,2,1,01,A01
200700036985,0,07,000,00,2,6,00,B01
200700036986,0,10,000,09,2,1,01,A01
200700036986,0,02,000,00,2,4,01,B01
200700036987,0,07,000,00,1,7,01,A01
200700036988,0,07,000,13,0,0,01,A01
200700036989,0,02,000,00,2,2,17,A01
200700036989,0,07,000,00,2,8,15,B01
200700036990,0,07,000,00,2,4,04,A01
200700036990,0,01,000,00,2,1,02,B01
200700036991,0,07,000,00,2,1,01,B01
200700036991,0,07,000,00,2,8,16,A01
200700036992,0,07,000,01,0,2,01,A01
200700036993,0,07,000,00,1,1,01,A01
200700036994,0,02,000,00,0,1,01,A01
200700036995,0,07,000,15,0,1,02,A01
200700036996,0,07,000,00,2,3,19,B01
200700036996,0,07,000,00,2,2,15,A01
200700036997,0,07,000,00,2,1,15,A01
200700036997,0,07,000,00,2,1,05,B01
200700036998,0,07,000,01,0,2,01,A01
200700036998,0,07,000,00,2,8,22,B01
200700036999,0,07,000,00,0,4,02,A01
200700036999,0,07,000,00,2,1,02,B01
200700037000,0,01,000,00,2,1,15,B01
200700037000,0,07,000,00,9,6,09,A01
200700037001,0,07,000,00,2,1,02,A01
200700037001,0,07,000,00,0,4,02,B01
200700037002,0,07,000,00,2,3,09,A01
200700037002,0,07,000,00,2,3,21,B01
200700037003,0,07,000,00,2,1,15,A01
200700037003,0,02,000,00,2,8,01,B01
200700037004,0,01,000,00,2,8,15,B01
200700037004,0,07,000,00,2,1,19,A01
200700037005,0,33,000,00,2,1,00,B01
200700037005,0,07,000,00,2,8,15,A01
200700037006,0,07,000,00,2,4,23,B01
200700037006,0,33,000,01,0,7,17,A01
200700037007,0,07,000,00,2,3,23,A01
200700037007,0,33,000,00,2,1,03,B01
200700037008,0,01,000,00,2,8,09,B01
200700037008,0,07,000,00,2,1,09,A01
200700037009,0,07,000,13,0,1,00,A01
200700037010,0,07,000,02,0,1,01,A01
200700037011,0,07,000,15,0,1,01,A01
200700037012,0,07,000,00,1,1,01,A01
200700037013,0,10,000,00,2,1,09,A01
200700037013,0,07,000,00,2,1,01,B01
200700037014,0,32,000,00,2,8,01,A01
200700037015,0,07,000,00,2,1,01,B01
200700037015,2,07,000,00,2,1,19,A01
200700037016,0,07,000,00,2,1,13,A01
200700037016,0,07,000,00,2,3,01,B01
200700037017,0,07,000,00,2,3,13,A01
200700037017,0,07,000,00,2,3,01,B01
200700037018,0,07,000,00,2,2,15,A01
200700037018,0,05,000,00,2,6,01,B01
200700037019,0,32,000,15,0,1,14,A01
200700037020,0,07,000,00,2,3,03,A01
200700037020,0,07,000,00,0,5,01,B01
200700037021,0,07,000,00,1,1,02,A01
200700037022,0,07,000,00,2,1,13,A01
200700037022,0,07,000,00,2,1,00,B01
200700037023,0,30,000,00,2,1,01,B01
200700037023,0,07,000,00,2,1,01,A01
200700037024,0,07,000,00,0,4,02,A01
200700037024,0,07,000,00,2,1,02,B01
200700037025,0,07,000,00,2,2,01,A01
200700037025,0,30,000,00,2,1,01,B01
200700037026,0,10,000,02,0,3,14,A01
200700037027,0,33,000,00,2,1,21,B01
200700037027,0,07,000,00,2,2,15,A01
200700037028,0,07,000,03,0,1,01,A01
200700037029,0,07,000,00,2,1,15,A01
200700037029,0,32,000,00,2,7,01,B01
200700037030,0,33,000,00,1,1,21,A01
200700037030,0,07,000,00,2,8,01,B01
200700037031,0,30,000,00,0,0,01,A01
200700037032,0,30,000,00,2,4,02,B01
200700037032,1,30,000,00,2,0,05,A01
200700037033,0,07,000,00,2,3,01,A01
200700037033,0,07,000,00,2,8,15,B01
200700037034,0,34,000,00,2,7,17,A01
200700037034,0,07,000,00,2,2,15,B01
200700037035,0,30,000,00,2,7,15,B01
200700037035,0,07,000,00,2,2,01,A01
200700037036,0,02,000,00,1,0,00,A01
200700037037,0,07,000,00,2,2,01,A01
200700037038,0,10,000,00,2,8,00,A01
200700037038,0,32,000,00,2,7,00,B01
200700037039,0,02,000,00,2,1,01,A01
200700037039,0,10,000,00,2,4,23,B01
200700037040,0,07,000,00,2,8,15,A01
200700037040,0,33,000,00,2,1,17,B01
200700037041,0,02,000,00,2,9,02,A01
200700037041,0,33,000,00,2,7,01,B01
200700037042,0,07,000,00,1,3,00,A01
200700037043,0,15,000,00,2,0,12,A01
200700037043,0,33,000,00,2,7,21,B01
200700037044,0,01,000,00,2,4,19,A01
200700037044,0,07,000,00,2,2,23,B01
200700037045,1,07,000,00,1,2,01,A01
200700037046,0,10,000,01,0,1,00,A01
200700037047,0,07,000,00,2,1,02,A01
200700037047,0,07,000,00,2,4,23,B01
200700037048,0,31,000,00,2,3,01,A01
200700037048,0,07,000,00,2,5,15,B01
200700037049,0,02,000,00,2,8,11,A01
200700037049,0,07,000,00,2,7,21,B01
200700037050,0,30,000,00,2,1,01,B01
200700037050,0,07,000,00,2,2,01,A01
200700037051,0,07,000,00,1,7,01,A01
200700037052,0,02,000,00,2,1,13,A01
200700037052,0,07,000,00,2,2,01,B01
200700037053,0,07,000,00,2,7,19,A01
200700037053,0,33,000,00,2,1,01,B01
200700037054,0,30,000,00,2,1,02,A01
200700037054,0,07,000,00,2,4,02,B01
200700037055,0,14,000,00,2,1,01,A01
200700037055,0,07,000,00,2,4,23,B01
200700037055,0,07,000,00,2,4,23,C01
200700037056,0,13,000,04,0,3,01,A01
200700037057,0,07,000,00,2,1,02,A01
200700037057,0,07,000,00,2,4,01,B01
200700037058,0,07,000,00,1,1,00,A01
200700037059,0,07,000,00,2,1,01,A01
200700037059,0,07,000,00,0,4,01,B01
200700037060,0,34,000,00,2,1,17,A01
200700037060,0,07,000,00,2,3,15,B01
200700037061,0,07,000,00,2,2,15,A01
200700037061,0,07,000,00,2,3,01,B01
200700037062,0,07,000,00,2,3,01,A01
200700037062,0,07,000,00,2,3,01,B01
200700037063,0,31,000,00,0,7,00,A01
200700037063,0,07,000,00,0,0,15,B01
200700037064,0,07,000,01,2,2,02,A01
200700037064,0,30,000,00,2,1,02,B01
200700037064,0,10,000,00,0,0,11,C01
200700037065,0,10,000,00,1,1,00,A01
200700037066,0,07,000,00,2,3,15,A01
200700037066,0,32,000,00,2,2,01,B01
200700037067,0,07,000,00,1,2,10,A01
200700037068,1,07,000,00,0,0,00,A01
200700037069,0,34,000,00,2,1,03,A01
200700037069,0,07,000,00,0,6,01,B01
200700037070,0,07,000,00,1,2,01,A01
200700037071,0,07,000,00,2,1,15,A01
200700037071,0,32,000,00,2,8,15,B01
200700037072,0,07,000,00,2,3,15,A01
200700037072,0,31,000,02,2,2,17,B01
200700037073,0,07,000,00,2,3,01,B01
200700037073,0,07,000,00,2,1,16,A01
200700037074,0,30,000,00,2,1,02,A01
200700037074,0,07,000,00,2,6,15,B01
200700037075,0,07,000,00,0,0,09,A01