Num_Acc,senc,catv,occutc,obs,obsm,choc,manv,num_veh
200700037075,0,07,000,00,0,0,00,B01
200700037076,0,37,015,00,1,5,01,A01
200700037077,0,07,000,00,2,1,01,A01
200700037077,0,07,000,01,2,1,01,B01
200700037078,0,07,000,00,1,4,20,A01
200700037079,0,30,000,00,2,1,02,A01
200700037079,0,07,000,00,0,3,15,B01
200700037080,0,33,000,00,0,1,01,B01
200700037080,0,07,000,00,2,3,09,A01
200700037081,0,10,000,00,1,4,04,A01
200700037082,0,07,000,00,2,3,15,A01
200700037082,0,30,000,00,2,1,17,B01
200700037083,0,33,000,00,2,1,01,B01
200700037083,0,07,000,00,2,3,19,A01
200700037084,0,07,000,14,2,9,00,A01
200700037084,0,07,000,14,2,8,00,B01
200700037085,0,01,000,01,0,1,14,A01
200700037086,0,07,000,00,0,9,01,A01
200700037087,0,07,000,00,1,1,01,A01
200700037088,0,13,000,00,2,1,02,A01
200700037088,0,07,000,00,2,4,02,B01
200700037089,0,07,000,00,2,1,01,B01
200700037089,0,07,000,00,2,2,01,A01
200700037090,0,07,000,00,2,2,15,A01
200700037090,0,31,000,00,2,2,17,B01
200700037091,0,07,000,00,2,1,13,A01
200700037091,0,07,000,00,2,1,01,B01
200700037092,0,02,000,00,2,1,01,A01
200700037092,0,07,000,00,2,2,00,B01
200700037093,0,33,000,00,2,1,15,A01
200700037093,0,10,000,00,2,1,15,B01
200700037094,0,34,000,00,1,1,00,A01
200700037095,0,10,000,06,2,1,01,A01
200700037095,0,07,000,01,2,8,17,B01
200700037096,0,33,000,12,0,0,00,A01
200700037097,0,07,000,00,2,7,01,A01
200700037097,0,01,000,00,2,8,15,B01
200700037098,0,33,000,00,2,1,13,A01
200700037098,0,14,000,00,2,1,01,B01
200700037099,0,07,000,07,0,1,14,A01
200700037100,0,07,000,00,2,1,09,A01
200700037100,0,07,000,00,2,7,01,B01
200700037101,0,07,000,00,2,3,15,A01
200700037101,0,02,000,00,2,1,01,B01
200700037102,0,31,000,10,0,1,01,A01
200700037103,0,07,000,00,2,8,15,A01
200700037103,0,33,000,00,2,1,17,B01
200700037104,0,07,000,02,0,2,14,A01
200700037105,0,07,000,00,2,8,01,B01
200700037105,0,07,000,00,2,7,01,A01
200700037105,0,07,000,00,2,1,01,C01
200700037106,0,07,000,00,1,1,00,A01
200700037107,0,07,000,00,2,1,09,A01
200700037107,0,01,000,00,0,1,01,B01
200700037108,0,07,000,00,2,1,01,B01
200700037108,0,07,000,00,2,1,13,A01
200700037109,0,07,000,00,0,5,17,A01
200700037109,0,01,000,00,2,5,02,B01
200700037110,0,33,000,00,1,1,01,A01
200700037111,0,30,000,00,2,1,02,A01
200700037111,0,07,000,00,2,3,11,B01
200700037112,0,10,000,00,2,2,16,A01
200700037112,0,02,000,00,2,1,02,B01
200700037113,0,07,000,00,2,0,11,A01
200700037113,0,02,000,00,2,7,02,B01
200700037114,0,10,000,00,1,4,04,A01
200700037115,0,07,000,00,2,1,02,A01
200700037115,0,07,000,00,0,4,02,B01
200700037116,0,07,000,06,0,1,06,A01
200700037117,0,05,000,00,1,0,02,A01
200700037118,0,02,000,00,0,0,00,A01
200700037119,0,30,000,00,2,1,13,A01
200700037119,0,07,000,00,2,3,01,B01
200700037120,0,07,000,00,2,8,15,B01
200700037120,0,33,000,00,2,7,15,A01
200700037121,0,10,000,00,2,4,02,A01
200700037121,1,07,000,00,2,1,01,B01
200700037122,0,07,000,00,2,1,01,B01
200700037122,0,07,000,00,2,1,13,A01
200700037123,0,33,000,00,2,7,21,A01
200700037123,0,07,000,00,0,0,15,B01
200700037124,0,07,000,00,1,3,01,A01
200700037125,0,07,000,00,2,8,10,A01
200700037125,0,07,000,00,2,1,01,B01
200700037126,0,07,000,00,2,1,01,A01
200700037126,0,07,000,00,2,4,02,B01
200700037126,0,17,000,00,2,4,02,C01
200700037127,0,07,000,00,2,3,11,A01
200700037127,0,02,000,00,2,1,01,B01
200700037128,0,07,000,00,2,1,01,B01
200700037128,0,07,000,00,2,2,19,A01
200700037129,0,07,000,00,2,1,02,A01
200700037129,0,07,000,00,2,4,02,B01
200700037130,0,17,000,00,2,1,12,A01
200700037130,0,07,000,03,2,6,01,B01
200700037131,0,07,000,06,0,1,13,A01
200700037132,0,07,000,00,2,2,05,A01
200700037132,0,07,000,00,2,2,01,B01
200700037133,0,07,000,00,2,4,01,A01
200700037133,0,15,000,00,2,1,09,B01
200700037133,0,07,000,00,2,3,01,C01
200700037134,0,07,000,00,2,1,01,A01
200700037134,0,07,000,00,2,4,02,B01
200700037135,0,07,000,02,0,2,14,A01
200700037136,0,07,000,00,2,1,01,A01
200700037136,0,02,000,00,2,4,02,B01
200700037136,0,10,000,00,2,4,02,C01
200700037137,0,10,000,00,2,7,15,A01
200700037137,0,31,000,00,2,1,01,B01
200700037138,0,07,000,00,1,2,01,A01
200700037139,0,10,000,00,1,1,01,A01
200700037140,0,10,000,00,1,4,04,A01
200700037141,0,07,000,00,2,1,02,A01
200700037141,0,07,000,00,2,4,02,B01
200700037142,0,07,000,00,2,2,01,A01
200700037142,0,07,000,00,2,1,05,B01
200700037143,0,10,000,00,2,6,15,A01
200700037143,0,33,000,00,2,1,01,B01
200700037144,0,14,000,00,0,0,15,A01
200700037144,0,02,000,00,0,0,01,B01
200700037145,0,07,000,00,2,3,09,A01
200700037145,0,07,000,00,2,8,01,B01
200700037146,0,07,000,09,0,2,16,A01
200700037147,0,07,000,00,2,1,09,A01
200700037147,0,07,000,00,2,7,01,B01
200700037148,0,07,000,00,2,8,09,A01
200700037148,0,33,000,00,2,1,01,B01
200700037149,0,07,000,15,0,1,01,A01
200700037150,0,07,000,00,2,2,02,B01
200700037150,0,30,000,01,2,8,02,A01
200700037151,0,07,000,13,0,0,01,A01
200700037152,0,30,000,00,0,8,01,A01
200700037153,0,07,000,00,2,3,02,B01
200700037153,0,30,000,00,2,8,15,A01
200700037154,0,07,000,00,2,1,15,A01
200700037154,0,02,000,00,2,8,01,B01
200700037155,0,07,000,00,2,1,02,A01
200700037155,0,07,000,00,2,4,01,B01
200700037156,0,07,000,00,1,1,01,A01
200700037157,0,07,000,00,0,9,01,A01
200700037158,0,30,000,00,2,1,17,B01
200700037158,0,07,000,00,2,1,15,A01
200700037159,0,02,000,00,2,2,02,A01
200700037159,0,07,000,00,2,0,15,B01
200700037160,0,02,000,00,2,3,09,A01
200700037160,0,07,000,00,2,2,01,B01
200700037161,0,31,000,16,0,8,02,A01
200700037162,0,30,000,12,0,8,02,A01
200700037163,0,07,000,01,0,6,02,A01
200700037164,1,07,000,00,2,0,15,A01
200700037164,0,02,000,00,2,0,02,B01
200700037165,0,30,000,00,2,8,23,B01
200700037165,0,07,000,00,2,1,15,A01
200700037166,0,07,000,00,2,1,02,A01
200700037166,0,07,000,00,2,4,23,B01
200700037167,0,32,000,00,0,1,01,A01
200700037168,0,32,000,00,0,8,01,A01
200700037169,0,07,000,00,2,1,17,A01
200700037169,0,07,000,00,2,1,17,B01
200700037170,0,07,000,00,1,2,01,A01
200700037171,0,07,000,00,2,8,01,A01
200700037171,0,07,000,00,2,1,01,B01
200700037172,0,07,000,00,2,1,09,A01
200700037172,0,07,000,00,2,7,01,B01
200700037173,0,07,000,00,2,1,01,A01
200700037174,0,07,000,06,0,0,01,A01
200700037175,0,33,000,15,0,1,02,A01
200700037176,0,07,000,01,0,3,02,A01
200700037177,0,07,000,00,2,1,02,A01
200700037177,0,07,000,00,2,4,02,B01
200700037177,0,07,000,00,2,4,01,C01
200700037178,0,07,000,00,2,1,09,A01
200700037178,0,07,000,08,0,1,01,B01
200700037179,0,07,000,00,2,1,02,A01
200700037179,0,07,000,00,2,4,01,B01
200700037180,0,07,000,00,2,1,01,A01
200700037180,0,07,000,00,2,3,01,B01
200700037181,0,07,000,01,0,1,02,A01
200700037182,0,14,000,03,2,1,02,A01
200700037182,0,07,000,00,2,4,01,B01
200700037183,0,07,000,00,1,2,02,A01
200700037184,0,07,000,00,2,1,01,B01
200700037184,0,07,000,00,2,2,19,A01
200700037185,0,30,000,00,9,7,01,A01
200700037186,0,33,000,00,2,0,01,B01
200700037186,0,30,000,00,9,1,15,A01
200700037187,0,07,000,00,2,1,01,A01
200700037187,0,10,000,00,2,3,01,B01
200700037188,0,07,000,00,2,5,15,A01
200700037188,0,33,000,00,2,1,01,B01
200700037189,0,07,000,00,2,1,02,A01
200700037189,0,10,000,00,2,4,23,B01
200700037190,0,02,000,00,2,7,01,A01
200700037190,0,07,000,00,2,1,01,B01
200700037191,0,07,000,00,2,1,13,A01
200700037191,0,07,000,00,2,1,01,B01
200700037192,0,07,000,00,2,3,09,A01
200700037192,0,30,000,00,2,5,01,B01
200700037193,0,07,000,00,1,1,01,A01
200700037194,0,30,000,00,2,8,09,A01
200700037194,0,02,000,00,2,1,01,B01
200700037195,0,07,000,00,1,3,01,A01
200700037196,0,07,000,00,2,3,01,B01
200700037196,0,07,000,00,2,1,15,A01
200700037197,0,02,000,00,2,1,15,A01
200700037197,0,07,000,00,2,1,01,B01
200700037198,0,07,000,00,2,2,01,B01
200700037198,0,02,000,00,2,1,01,A01
200700037199,0,02,000,00,2,1,01,A01
200700037199,0,07,000,00,2,3,01,B01
200700037200,0,07,000,02,0,1,01,A01
200700037201,0,36,000,00,2,3,16,A01
200700037201,0,07,000,00,2,6,23,B01
200700037202,0,07,000,00,1,1,15,A01
200700037203,0,07,000,00,2,7,19,A01
200700037203,0,07,000,00,2,1,01,B01
200700037204,0,07,000,00,1,1,15,A01
200700037205,0,07,000,00,2,7,01,A01
200700037205,0,07,000,00,2,1,01,B01
200700037206,0,07,000,14,0,0,02,B01
200700037206,0,07,000,00,0,4,02,C01
200700037206,0,99,000,14,0,0,02,A01
200700037207,0,33,000,00,2,7,21,B01
200700037207,0,07,000,00,2,2,15,A01
200700037208,0,07,000,00,1,1,01,A01
200700037209,0,07,000,00,2,1,01,A01
200700037209,0,07,000,00,2,2,15,B01
200700037210,0,07,000,00,2,1,02,A01
200700037210,0,30,000,00,2,7,17,B01
200700037211,1,10,000,00,0,4,02,A01
200700037211,0,33,000,00,2,1,02,B01
200700037212,0,07,000,00,1,2,15,A01
200700037213,0,33,000,16,0,8,01,A01
200700037214,0,07,000,00,2,2,01,B01
200700037214,0,07,000,00,0,2,11,A01
200700037215,0,07,000,00,2,8,00,A01
200700037215,0,07,000,00,2,1,09,B01
200700037216,0,07,000,00,1,1,01,A01
200700037217,0,33,000,16,0,6,01,A01
200700037218,0,07,000,00,1,2,00,A01
200700037219,0,07,000,00,2,5,12,A01
200700037219,0,31,000,00,2,8,00,B01
200700037220,0,07,000,00,1,1,01,A01
200700037221,0,02,000,00,2,1,01,A01
200700037221,0,07,000,00,2,8,01,B01
200700037222,0,07,000,00,2,2,01,B01
200700037222,0,01,000,00,2,8,19,A01
200700037223,0,02,000,00,0,7,17,A01
200700037223,0,07,000,00,2,3,19,B01
200700037224,0,07,000,00,2,3,09,A01
200700037224,0,02,000,00,2,1,01,B01
200700037225,0,07,000,00,2,1,00,A01
200700037225,0,01,000,00,2,8,00,B01
200700037226,0,07,000,00,2,2,15,A01
200700037226,0,07,000,00,2,8,16,B01
200700037227,0,30,000,00,2,0,01,A01
200700037227,0,10,000,00,2,1,01,B01
200700037228,0,03,000,00,0,9,01,A01
200700037229,0,07,000,00,2,3,01,A01
200700037229,0,07,000,00,0,7,20,B01
200700037230,0,07,000,00,1,2,01,B01
200700037231,0,30,000,02,0,1,02,A01
200700037231,0,07,000,00,0,3,02,B01
200700037232,0,07,000,00,2,1,16,A01
200700037232,0,07,000,00,2,8,01,B01
200700037233,0,07,000,06,0,1,01,A01
200700037234,0,33,000,00,2,8,10,A01
200700037234,0,07,000,00,2,1,01,B01
200700037234,0,07,000,00,2,3,01,C01
200700037235,0,01,000,00,1,1,01,A01
200700037236,0,07,000,00,2,1,01,A01
200700037236,0,07,000,00,2,6,09,B01
200700037237,0,07,000,00,1,3,01,A01
200700037238,0,07,000,00,2,2,01,A01
200700037238,0,07,000,01,2,3,20,B01
200700037239,0,07,000,00,1,2,01,A01
200700037240,0,07,000,00,1,2,01,A01
200700037241,0,07,000,00,2,8,15,A01
200700037241,0,30,000,00,2,9,01,B01
200700037242,1,99,000,00,1,1,00,A01
200700037243,0,07,000,00,2,1,01,A01
200700037243,0,07,000,00,0,1,02,B01
200700037243,0,07,000,00,2,1,01,C01
200700037244,0,07,000,06,0,1,01,A01
200700037245,0,07,000,00,1,1,02,A01
200700037246,0,07,000,01,0,1,00,A01
200700037247,0,07,000,00,2,1,01,A01
200700037247,0,07,000,00,2,1,01,B01
200700037248,0,99,000,00,1,1,02,A01
200700037249,0,30,000,00,2,1,02,A01
200700037249,0,07,000,00,2,1,02,B01
200700037250,0,07,000,00,1,1,02,A01
200700037251,0,02,000,00,2,1,01,A01
200700037251,1,07,000,00,2,1,00,B01
200700037252,0,02,000,00,2,1,01,A01
200700037252,0,10,000,00,2,1,01,B01
200700037253,0,33,000,00,2,9,02,B01
200700037253,0,07,000,00,2,7,02,A01
200700037254,0,30,000,00,2,1,02,A01
200700037254,0,07,000,00,2,1,02,B01
200700037255,0,07,000,00,2,1,02,A01
200700037255,0,07,000,00,2,4,02,B01
200700037256,0,07,000,04,0,3,13,A01
200700037257,0,01,000,00,0,1,01,A01
200700037258,0,15,000,00,2,2,12,A01
200700037258,0,07,000,00,2,3,01,B01
200700037259,0,07,000,04,0,8,00,A01
200700037260,1,07,000,00,2,1,02,A01
200700037260,0,01,000,00,2,4,02,B01
200700037261,0,07,000,00,1,1,01,A01
200700037262,0,07,000,04,0,8,01,A01
200700037263,0,07,000,00,2,1,01,A01
200700037263,0,07,000,00,2,8,01,B01
200700037264,0,07,000,00,1,1,01,A01
200700037265,0,02,000,00,0,0,01,A01
200700037266,0,07,000,00,2,3,15,A01
200700037266,0,07,000,00,2,2,01,B01
200700037267,0,07,000,00,2,1,01,A01
200700037267,0,07,000,00,2,4,01,B01
200700037267,0,07,000,00,2,4,01,C01
200700037267,0,07,000,00,2,4,01,D01
200700037268,0,07,000,00,1,1,01,A01
200700037269,0,07,000,00,2,1,02,A01
200700037269,0,33,000,00,0,4,01,B01
200700037270,0,07,000,00,2,1,01,B01
200700037270,0,07,000,00,2,3,19,A01
200700037271,0,07,000,00,2,1,19,A01
200700037271,0,37,002,00,2,1,01,B01
200700037272,0,07,000,00,1,1,01,A01
200700037273,0,07,000,00,1,7,01,A01
200700037274,0,02,000,00,2,1,02,A01
200700037274,0,07,000,00,0,4,02,B01
200700037275,0,02,000,00,2,1,01,A01
200700037275,0,07,000,00,2,3,15,B01
200700037276,0,33,000,00,2,0,01,A01
200700037276,0,07,000,00,9,4,01,B01
200700037277,0,30,000,15,0,1,00,A01
200700037278,0,07,000,00,2,1,01,B01
200700037278,0,07,000,00,0,2,01,A01
200700037279,0,07,000,00,2,3,02,A01
200700037279,0,07,000,00,2,5,01,B01
200700037280,0,30,000,00,2,1,01,B01
200700037280,0,07,000,00,2,1,15,A01
200700037281,0,07,000,00,0,0,01,A01
200700037281,0,33,000,00,2,1,03,C01
200700037281,0,33,000,00,2,1,03,D01
200700037281,0,07,000,00,0,4,14,B01
200700037282,0,32,000,00,2,1,17,A01
200700037282,0,07,000,00,2,1,15,B01
200700037283,0,07,000,00,1,1,01,A01
200700037284,0,07,000,00,2,5,15,A01
200700037284,0,32,000,00,2,1,00,B01
200700037285,0,31,000,00,2,1,00,A01
200700037285,0,07,000,00,0,3,01,B01
200700037286,0,07,000,00,2,6,15,B01
200700037286,0,07,000,00,2,1,19,A01
200700037287,0,07,000,00,2,1,02,A01
200700037287,0,07,000,00,0,4,23,B01
200700037288,0,07,000,00,2,3,09,A01
200700037288,0,07,000,00,2,1,01,B01
200700037289,0,07,000,00,2,3,23,B01
200700037289,2,07,000,14,0,2,16,A01
200700037290,0,07,000,00,1,4,04,A01
200700037291,0,30,000,01,0,1,00,A01
200700037292,0,07,000,00,2,2,15,A01
200700037292,0,30,000,00,2,1,01,B01
200700037293,0,07,000,00,2,2,01,A01
200700037293,0,07,000,00,2,3,01,B01
200700037294,0,07,000,15,2,3,01,B01
200700037294,0,07,000,00,2,1,01,A01
200700037295,0,07,000,00,1,1,01,A01
200700037296,0,07,000,00,2,2,15,A01
200700037296,0,33,000,00,2,1,01,B01
200700037297,0,07,000,00,2,5,01,A01
200700037297,0,31,000,00,2,1,01,B01
200700037298,0,30,000,00,1,2,17,A01
200700037299,0,07,000,00,2,2,01,A01
200700037299,0,30,000,00,2,1,09,B01
200700037300,0,07,000,00,2,1,02,D01
200700037300,0,07,000,00,2,4,02,C01
200700037300,0,07,000,00,2,4,02,B01
200700037300,0,07,000,00,2,4,02,A01
200700037301,0,07,000,00,2,3,01,A01
200700037301,0,07,000,00,2,3,01,B01
200700037302,0,10,000,00,1,2,01,A01
200700037303,0,07,000,00,2,8,01,A01
200700037303,0,01,000,00,2,0,00,B01
200700037304,0,07,000,00,2,1,01,A01
200700037304,0,01,000,00,2,4,19,B01
200700037305,0,07,000,02,0,8,01,A01
200700037306,0,33,000,00,2,1,02,B01
200700037306,0,07,000,00,2,3,16,A01
200700037307,0,07,000,00,1,4,04,A01
200700037308,0,07,000,00,2,1,15,A01
200700037308,0,07,000,00,2,1,02,B01
200700037309,0,07,000,08,2,4,00,B01
200700037309,0,10,000,00,2,1,15,A01
200700037310,0,07,000,00,2,3,11,A01
200700037310,0,32,000,00,2,2,17,B01
200700037311,0,07,000,00,1,1,00,A01
200700037312,0,07,000,00,2,3,11,A01
200700037312,0,31,000,00,2,8,03,B01
200700037313,0,07,000,00,2,8,15,A01
200700037313,0,02,000,00,2,2,17,B01
200700037314,0,07,000,00,2,1,15,A01
200700037314,0,30,000,00,2,1,00,B01
200700037315,0,07,000,00,2,3,01,B01
200700037315,0,07,000,00,2,1,01,A01
200700037316,0,07,000,00,1,1,00,A01
200700037317,0,07,000,04,0,1,16,A01
200700037318,0,07,000,00,2,3,10,A01
200700037318,0,32,000,00,2,1,00,B01
200700037319,0,02,000,00,2,1,01,B01
200700037319,0,07,000,00,2,2,21,C01
200700037319,0,07,000,00,2,7,15,A01
200700037320,0,07,000,00,2,5,09,B01
200700037320,0,02,000,00,2,1,16,A01
200700037321,0,30,000,00,2,1,00,A01
200700037321,0,07,000,00,2,2,23,B01
200700037322,0,30,000,00,2,1,01,A01
200700037322,0,07,000,00,2,8,15,B01
200700037323,0,01,000,00,2,8,01,B01
200700037323,0,07,000,00,2,3,01,A01
200700037324,0,30,000,00,2,7,01,B01
200700037324,0,07,000,00,2,1,01,A01
200700037325,1,07,000,00,2,1,02,A01
200700037325,0,33,000,00,2,4,02,B01
200700037326,0,34,000,00,2,1,17,A01
200700037326,0,07,000,00,2,3,15,B01
200700037327,0,30,000,00,2,1,13,A01
200700037327,0,10,000,00,2,6,01,B01
200700037328,0,34,000,00,2,1,01,A01
200700037328,0,32,000,00,2,4,01,B01
200700037329,0,07,000,00,2,7,16,B01
200700037329,0,30,000,00,2,1,01,A01
200700037330,0,07,000,00,2,8,01,A01
200700037330,0,07,000,00,2,2,15,B01
200700037331,0,07,000,00,2,7,23,A01
200700037331,0,02,000,01,0,1,01,B01
200700037332,0,07,000,00,2,1,02,A01
200700037332,0,01,000,00,0,8,19,B01
200700037333,0,07,000,00,0,3,20,A01
200700037333,0,02,000,00,0,5,01,B01
200700037334,0,32,000,00,2,1,01,A01
200700037334,0,07,000,00,2,7,16,B01
200700037335,0,30,000,00,2,7,17,B01
200700037335,0,07,000,00,2,7,24,A01
200700037336,0,07,000,00,2,2,10,A01
200700037336,0,32,000,00,2,8,02,B01
200700037337,0,10,000,00,2,4,00,B01
200700037337,0,07,000,00,1,1,01,A01
200700037338,0,07,000,00,0,7,01,B01
200700037338,0,07,000,00,0,1,15,A01
200700037339,0,30,000,00,2,1,01,A01
200700037339,0,07,000,00,0,0,00,B01
200700037340,0,07,000,00,2,8,00,B01
200700037340,0,33,000,00,2,1,01,A01
200700037341,0,33,000,00,2,1,17,A01
200700037341,0,07,000,00,2,6,15,B01
200700037342,0,33,000,00,2,1,17,A01
200700037342,0,10,000,00,0,1,01,B01
200700037342,0,07,000,00,0,3,01,C01
200700037343,0,33,000,01,2,1,01,B01
200700037343,0,07,000,00,2,2,09,A01
200700037344,0,07,000,00,2,6,15,A01
200700037344,0,32,000,00,2,1,01,B01
200700037345,0,31,000,00,2,1,01,A01
200700037345,0,07,000,00,2,4,01,B01
200700037346,0,07,000,00,2,8,01,B01
200700037346,0,07,000,00,2,1,00,A01
200700037347,0,07,000,00,2,2,10,A01
200700037347,0,32,000,00,2,1,01,B01
200700037348,0,34,000,12,0,1,01,A01
200700037349,0,07,000,00,2,1,01,A01
200700037349,0,07,000,00,2,1,01,B01
200700037350,0,07,000,00,2,1,01,A01
200700037350,0,01,000,00,2,8,19,B01
200700037351,0,31,000,00,0,8,00,A01
200700037352,0,07,000,00,2,1,00,A01
200700037353,0,07,000,00,2,1,02,A01
200700037353,0,07,000,00,2,4,23,B01
200700037354,0,07,000,00,1,1,01,A01
200700037355,0,07,000,01,0,1,00,A01
200700037356,0,32,000,00,2,1,02,A01
200700037356,0,07,000,00,2,4,02,B01
200700037357,0,30,000,00,1,1,01,A01
200700037358,0,32,000,00,0,3,01,A01
200700037359,0,37,000,00,1,3,01,A01
200700037360,0,07,000,00,2,3,08,A01
200700037360,0,33,000,00,2,1,01,B01
200700037361,0,33,000,00,2,1,17,A01
200700037361,0,14,000,00,2,1,01,B01
200700037361,1,07,000,00,2,8,13,C01
200700037362,0,15,000,00,2,1,01,A01
200700037362,0,07,000,00,2,4,01,B01
200700037362,0,07,000,00,2,4,01,C01
200700037362,0,07,000,00,2,4,01,D01
200700037363,0,07,000,01,0,1,01,A01
200700037364,0,07,000,00,2,1,01,A01
200700037364,0,33,000,00,2,4,01,B01
200700037365,0,07,000,00,2,2,01,A01
200700037365,0,07,000,00,2,3,15,B01
200700037366,0,07,000,00,2,5,16,A01
200700037366,0,31,000,00,2,1,01,B01
200700037367,0,07,000,00,2,1,01,A01
200700037367,0,01,000,00,2,8,01,B01
200700037368,1,07,000,00,2,4,11,A01
200700037368,0,34,000,00,2,1,01,B01
200700037369,1,99,000,00,9,7,14,A01
200700037369,0,33,000,00,2,8,01,B01
200700037370,0,07,000,00,9,2,04,A01
200700037370,0,30,000,00,2,5,01,B01
200700037371,0,33,000,00,2,8,01,A01
200700037371,0,37,009,00,9,4,23,B01
200700037372,0,31,000,00,9,1,01,A01
200700037372,0,30,000,00,9,4,01,B01
200700037373,0,07,000,00,1,2,01,A01
200700037374,0,07,000,00,1,2,14,A01
200700037375,0,07,000,00,1,3,01,A01
200700037376,0,07,000,00,9,7,10,A01
200700037376,0,30,000,00,2,1,01,B01
200700037377,0,07,000,00,9,1,15,A01
200700037377,0,33,000,00,2,1,01,B01
200700037378,0,30,000,00,2,2,17,A01
200700037378,0,07,000,00,2,2,15,B01
200700037379,0,33,000,00,2,8,01,A01
200700037379,0,07,000,00,9,3,10,B01
200700037380,0,30,000,00,2,2,13,A01
200700037380,0,07,000,00,9,3,13,B01
200700037381,0,30,000,00,2,1,11,A01
200700037381,0,07,000,00,9,1,15,B01
200700037382,0,32,000,00,2,3,01,A01
200700037382,0,07,000,00,2,2,12,B01
200700037383,0,07,000,00,2,2,15,A01
200700037383,0,31,000,00,2,8,01,B01
200700037384,0,07,000,00,1,1,15,A01
200700037385,0,07,000,00,2,2,16,A01
200700037385,0,30,000,00,2,8,01,B01
200700037386,0,07,000,00,2,3,11,A01
200700037386,0,32,000,00,2,7,01,B01
200700037387,0,07,000,00,1,1,01,A01
200700037388,0,07,000,00,2,6,09,A01
200700037388,0,32,000,00,2,7,17,B01
200700037389,0,07,000,00,1,2,21,A01
200700037390,0,10,000,00,2,8,22,A01
200700037390,0,01,000,01,0,1,01,B01
200700037391,0,07,000,00,2,3,15,B01
200700037391,0,30,000,00,2,2,17,A01
200700037392,0,30,000,01,0,1,01,A01
200700037393,0,07,000,00,2,3,15,A01
200700037393,0,33,000,00,2,1,17,B01
200700037394,0,07,000,00,1,1,01,A01
200700037395,0,33,000,00,2,1,18,A01
200700037395,0,07,000,00,2,2,15,B01
200700037396,0,07,000,00,2,1,09,A01
200700037396,0,07,000,00,2,7,01,B01
200700037397,0,07,000,00,2,8,15,A01
200700037397,0,30,000,00,2,1,17,B01
200700037398,0,07,000,00,2,1,15,A01
200700037398,0,30,000,00,2,1,01,B01
200700037399,0,37,010,00,2,1,02,A01
200700037399,0,07,000,00,2,4,01,B01
200700037400,0,07,000,00,1,6,04,A01
200700037401,0,33,000,00,2,1,01,A01
200700037401,0,07,000,00,2,8,15,B01
200700037402,0,10,000,00,2,2,15,A01
200700037402,0,07,000,00,2,3,01,B01
200700037403,0,07,000,00,1,2,16,A01
200700037404,0,07,000,00,2,8,22,A01
200700037404,0,01,000,01,0,1,01,B01
200700037405,0,32,000,00,0,8,01,A01
200700037406,0,07,000,00,1,2,01,A01
200700037407,0,07,000,00,2,7,20,A01
200700037407,0,30,000,00,2,3,18,B01
200700037408,0,01,000,00,2,1,19,A01
200700037408,0,37,001,00,2,8,01,B01
200700037409,0,02,000,00,2,7,17,A01
200700037409,0,07,000,00,2,8,15,B01
200700037410,0,07,000,00,1,1,01,A01
200700037411,0,07,000,00,0,1,16,A01
200700037411,0,07,000,00,0,8,02,B01
200700037412,0,07,000,00,2,6,00,A01
200700037412,0,32,000,00,2,7,00,B01
200700037413,0,07,000,00,2,4,10,A01
200700037413,0,32,000,00,2,1,01,B01
200700037414,0,07,000,00,2,2,01,B01
200700037414,0,07,000,00,2,8,00,A01
200700037415,0,07,000,00,1,2,01,A01
200700037416,0,33,000,00,1,1,01,A01
200700037417,0,07,000,00,1,3,01,A01
200700037418,0,02,000,00,1,1,01,A01
200700037419,0,37,001,05,0,5,00,A01
200700037420,1,07,000,00,1,0,15,A01
200700037421,0,33,000,00,0,5,02,B01
200700037421,0,30,000,00,2,4,02,A01
200700037422,0,07,000,00,2,3,15,B01
200700037422,0,33,000,00,2,3,13,A01
200700037423,0,07,000,00,1,1,15,A01
200700037424,0,07,000,00,1,3,01,A01
200700037425,0,07,000,06,0,1,00,A01
200700037426,0,32,000,00,2,1,01,A01
200700037426,0,07,000,00,2,1,01,B01
200700037427,0,07,000,00,2,2,09,A01
200700037427,0,33,000,00,2,1,00,B01
200700037428,0,37,003,00,9,2,01,A01
200700037428,0,31,000,00,0,0,01,B01
200700037429,0,07,000,00,0,7,15,A01
200700037429,0,07,000,00,2,1,01,B01
200700037430,0,07,000,14,0,1,01,A01
200700037431,0,10,000,00,2,0,14,A01
200700037431,0,32,000,00,0,0,01,B01
200700037432,0,02,000,00,0,0,01,A01
200700037433,0,07,000,00,0,1,15,A01
200700037433,0,01,000,00,0,0,01,B01
200700037434,0,34,000,00,2,0,00,A01
200700037434,0,07,000,00,0,6,23,B01
200700037435,0,33,000,00,0,0,00,A01
200700037436,0,07,000,00,0,1,00,A01
200700037437,0,07,000,00,0,3,10,A01
200700037437,0,30,000,00,0,0,01,B01
200700037438,0,10,000,00,2,1,02,A01
200700037438,0,07,000,00,2,4,02,B01
200700037438,0,07,000,00,2,4,01,C01
200700037439,0,07,000,00,2,1,02,A01
200700037439,0,07,000,00,0,4,01,B01
200700037440,0,31,000,00,2,7,01,A01
200700037440,0,10,000,00,0,5,15,B01
200700037441,0,30,000,00,0,7,01,A01
200700037442,1,30,000,00,9,0,00,A01
200700037443,0,31,000,00,2,2,02,A01
200700037443,0,07,000,00,0,5,00,B01
200700037444,0,07,000,00,2,8,10,A01