Num_Acc,senc,catv,occutc,obs,obsm,choc,manv,num_veh
200700037444,0,30,000,00,2,2,17,B01
200700037445,0,07,000,00,2,1,02,A01
200700037445,0,07,000,00,2,4,02,B01
200700037445,0,07,000,00,0,4,02,C01
200700037446,0,30,000,00,2,3,18,A01
200700037446,0,33,000,00,2,2,16,B01
200700037447,0,07,000,00,2,1,15,A01
200700037447,0,01,000,00,2,3,19,B01
200700037448,0,33,000,00,2,1,01,A01
200700037448,0,07,000,00,2,5,00,B01
200700037449,0,33,000,00,1,1,01,A01
200700037450,0,07,000,00,2,7,11,A01
200700037450,0,07,000,00,2,8,01,B01
200700037451,0,01,000,00,1,1,01,A01
200700037452,0,07,000,00,2,7,12,A01
200700037452,0,33,000,00,2,9,01,B01
200700037452,0,07,000,00,2,5,01,C01
200700037453,0,32,000,00,2,3,15,A01
200700037453,0,10,000,00,2,3,01,B01
200700037454,0,07,000,00,1,1,15,A01
200700037455,0,07,000,00,2,1,02,A01
200700037455,0,07,000,00,2,4,02,B01
200700037455,0,07,000,00,2,4,02,C01
200700037456,0,32,000,00,1,1,00,A01
200700037457,0,07,000,00,2,1,02,A01
200700037457,0,07,000,00,2,4,02,B01
200700037457,0,07,000,00,2,4,02,C01
200700037458,0,07,000,00,2,7,14,A01
200700037458,0,07,000,00,0,8,01,B01
200700037459,0,07,000,00,2,1,00,A01
200700037459,0,33,000,00,2,1,00,B01
200700037460,0,33,000,00,2,1,02,A01
200700037460,0,10,000,00,2,4,02,B01
200700037461,0,30,000,00,2,7,02,A01
200700037461,1,07,000,00,2,8,02,B01
200700037462,0,07,000,00,2,7,16,A01
200700037462,0,32,000,00,2,8,01,B01
200700037463,0,07,000,01,2,1,01,B01
200700037463,0,07,000,00,2,4,01,A01
200700037464,0,32,000,15,0,7,01,A01
200700037465,0,32,000,00,2,3,11,A01
200700037465,0,10,000,00,2,7,01,B01
200700037466,0,07,000,00,2,1,01,A01
200700037466,0,33,000,00,2,4,01,B01
200700037467,0,32,000,00,2,1,01,A01
200700037467,0,31,000,00,2,7,01,B01
200700037468,0,34,000,00,1,8,01,A01
200700037469,0,07,000,00,2,1,02,A01
200700037469,0,01,000,00,2,4,02,B01
200700037470,0,07,000,00,1,1,15,A01
200700037471,0,07,000,00,1,2,01,A01
200700037472,0,33,000,00,2,1,01,B01
200700037472,0,07,000,00,2,6,16,A01
200700037473,0,33,000,00,2,1,01,A01
200700037473,0,07,000,00,2,0,15,B01
200700037474,0,07,000,00,2,3,01,A01
200700037474,0,33,000,00,0,4,01,B01
200700037475,0,07,000,00,2,3,01,A01
200700037475,0,07,000,00,2,3,01,B01
200700037476,0,07,000,00,2,1,02,A01
200700037476,0,07,000,00,2,4,02,B01
200700037477,0,07,000,00,1,2,15,A01
200700037478,0,33,000,00,2,2,11,A01
200700037478,0,07,000,00,0,6,01,B01
200700037479,0,33,000,00,2,1,17,A01
200700037479,0,07,000,00,2,0,14,B01
200700037479,0,07,000,00,2,2,02,C01
200700037480,0,02,000,00,2,1,18,A01
200700037480,0,07,000,00,0,2,16,B01
200700037481,0,07,000,00,2,5,01,A01
200700037481,0,07,000,00,2,3,02,B01
200700037482,0,07,000,00,9,2,10,A01
200700037482,0,01,000,00,2,1,01,B01
200700037483,0,07,000,04,0,8,01,A01
200700037484,0,07,000,00,2,2,20,A01
200700037484,0,07,000,00,0,7,01,B01
200700037485,0,15,000,01,2,5,17,A01
200700037485,0,37,001,00,1,6,24,B01
200700037486,0,34,000,01,2,8,17,A01
200700037486,0,07,000,00,2,8,15,B01
200700037487,0,01,000,00,0,0,01,A01
200700037488,0,07,000,08,0,3,13,A01
200700037489,0,07,000,08,0,1,14,A01
200700037490,0,07,000,00,1,1,15,A01
200700037491,0,07,000,00,0,0,15,A01
200700037491,0,34,000,08,0,1,01,B01
200700037492,0,21,000,00,0,0,01,A01
200700037493,0,07,000,03,0,1,01,A01
200700037494,0,30,000,00,2,1,17,A01
200700037494,0,10,000,00,2,8,15,B01
200700037495,0,07,000,09,0,1,01,A01
200700037496,0,10,000,00,2,1,15,A01
200700037496,0,07,000,07,2,1,01,B01
200700037497,0,10,000,00,2,5,20,A01
200700037497,0,02,000,00,2,1,01,B01
200700037498,0,07,000,00,1,1,02,A01
200700037499,0,33,000,00,2,1,02,A01
200700037499,0,07,000,00,0,1,20,B01
200700037500,0,07,000,00,2,2,02,A01
200700037500,0,07,000,00,2,4,02,B01
200700037500,0,07,000,00,0,4,02,C01
200700037501,0,33,000,00,0,0,01,A01
200700037502,0,07,000,00,0,0,09,A01
200700037502,0,01,000,00,0,0,01,B01
200700037503,0,07,000,00,1,1,08,A01
200700037504,0,07,000,00,2,8,09,A01
200700037504,0,07,000,15,2,1,01,B01
200700037504,0,07,000,00,2,1,15,C01
200700037504,0,07,000,00,2,1,01,D01
200700037505,0,10,000,00,1,6,15,A01
200700037506,0,32,000,00,2,1,02,A01
200700037506,0,07,000,00,2,6,02,B01
200700037507,0,07,000,00,0,1,05,A01
200700037507,0,07,000,00,2,1,01,B01
200700037508,0,32,000,00,2,5,15,A01
200700037508,0,07,000,00,2,2,01,B01
200700037509,0,07,000,00,2,1,15,A01
200700037509,0,01,000,00,2,1,01,B01
200700037510,0,14,000,00,1,1,01,A01
200700037511,0,07,000,00,1,1,15,A01
200700037512,0,07,000,00,1,1,01,A01
200700037513,0,32,000,00,0,7,00,A01
200700037514,0,30,000,00,2,1,00,A01
200700037514,1,07,000,00,2,3,01,B01
200700037515,0,07,000,00,2,1,01,B01
200700037515,0,07,000,00,2,2,15,A01
200700037516,0,07,000,00,1,5,04,A01
200700037517,1,07,000,01,1,1,00,A01
200700037518,0,07,000,00,1,1,01,A01
200700037519,0,07,000,00,2,2,16,A01
200700037519,0,30,000,00,2,8,18,B01
200700037520,0,33,000,01,2,1,02,A01
200700037520,0,07,000,00,2,2,02,B01
200700037521,0,07,000,00,1,3,00,A01
200700037522,0,07,000,00,1,3,11,A01
200700037523,0,07,000,00,1,1,02,A01
200700037524,2,07,000,15,0,3,00,A01
200700037525,0,07,000,00,2,1,00,A01
200700037525,0,07,000,00,0,8,00,B01
200700037526,0,07,000,00,1,1,01,A01
200700037527,0,07,000,00,2,6,15,A01
200700037527,0,34,000,00,2,1,17,B01
200700037528,0,07,000,00,1,4,04,A01
200700037529,0,01,000,00,1,1,00,A01
200700037530,0,37,050,00,1,2,01,A01
200700037531,0,33,000,00,1,1,00,A01
200700037532,1,07,000,00,1,3,07,A01
200700037533,0,33,000,01,0,1,02,A01
200700037534,0,07,000,00,2,4,01,B01
200700037534,0,99,000,00,2,1,01,A01
200700037535,0,07,000,00,1,6,00,A01
200700037536,0,07,000,00,1,2,01,A01
200700037537,0,07,000,00,0,4,02,B01
200700037537,1,07,000,00,2,1,02,A01
200700037538,0,07,000,00,1,1,00,A01
200700037539,0,07,000,00,2,1,13,A01
200700037539,0,07,000,00,2,3,02,B01
200700037539,0,31,000,00,2,1,02,C01
200700037540,0,33,000,04,0,1,01,A01
200700037541,0,07,000,15,0,1,21,A01
200700037542,0,07,000,01,2,2,00,A01
200700037543,0,31,000,00,2,8,01,A01
200700037543,0,10,000,00,0,0,12,B01
200700037544,0,07,000,00,2,5,01,A01
200700037544,1,07,000,00,2,0,15,B01
200700037545,0,07,000,01,2,0,14,A01
200700037545,0,07,000,00,0,5,09,C01
200700037546,0,07,000,00,1,1,01,A01
200700037547,0,37,000,00,0,6,00,B01
200700037547,0,07,000,00,0,2,02,A01
200700037548,1,07,000,00,1,1,00,A01
200700037549,0,07,000,00,1,1,01,A01
200700037550,0,30,000,00,2,1,01,A01
200700037550,0,07,000,00,0,6,23,B01
200700037550,0,15,000,00,0,8,23,C01
200700037551,0,07,000,00,2,2,15,A01
200700037551,0,01,000,00,2,8,15,B01
200700037552,0,07,000,00,0,3,10,A01
200700037552,0,33,000,00,0,3,01,B01
200700037553,0,07,000,06,0,1,13,A01
200700037554,0,07,000,00,1,3,00,A01
200700037555,0,07,000,00,0,3,01,A01
200700037556,0,33,000,00,0,3,01,A01
200700037556,0,07,000,00,0,5,12,B01
200700037557,0,07,000,08,0,1,00,A01
200700037558,0,07,000,00,1,1,01,A01
200700037559,0,07,000,02,0,1,00,A01
200700037559,0,07,000,00,0,2,15,B01
200700037560,0,07,000,01,0,8,09,A01
200700037560,0,33,000,01,0,3,02,B01
200700037561,0,07,000,00,0,5,23,A01
200700037561,0,07,000,00,0,3,01,B01
200700037562,1,07,000,00,0,0,00,A01
200700037562,0,07,000,00,0,4,22,B01
200700037562,0,31,000,00,2,1,03,C01
200700037562,0,07,000,00,2,1,01,D01
200700037563,0,07,000,01,0,2,21,A01
200700037564,0,33,000,00,2,1,17,A01
200700037564,0,07,000,00,0,3,15,B01
200700037565,0,07,000,00,2,5,04,A01
200700037565,0,01,000,00,2,1,02,B01
200700037566,0,07,000,00,0,1,02,B01
200700037566,0,07,000,00,0,3,15,A01
200700037567,0,33,000,01,0,1,14,A01
200700037568,0,07,000,00,2,1,01,B01
200700037568,0,07,000,00,2,3,01,A01
200700037569,0,33,000,00,2,8,01,A01
200700037569,0,07,000,00,0,5,12,B01
200700037570,0,07,000,00,2,5,01,B01
200700037570,0,07,000,00,2,1,15,A01
200700037571,0,07,000,00,1,6,04,A01
200700037572,0,32,000,12,0,7,00,A01
200700037573,0,07,000,00,0,4,00,A01
200700037573,0,07,000,14,0,1,01,B01
200700037573,0,07,000,00,2,1,01,C01
200700037574,0,07,000,00,2,7,05,A01
200700037574,0,07,000,00,2,1,01,B01
200700037575,0,33,000,00,2,1,01,A01
200700037575,0,07,000,00,2,8,03,B01
200700037576,0,07,000,00,1,2,09,A01
200700037577,0,07,000,00,9,1,01,A01
200700037578,0,33,000,00,2,1,01,A01
200700037578,1,07,000,00,2,2,01,B01
200700037579,0,07,000,00,2,2,19,A01
200700037579,0,33,000,00,2,1,01,B01
200700037580,0,10,000,00,2,1,01,A01
200700037580,0,07,000,00,2,4,23,B01
200700037581,0,07,000,00,1,1,01,A01
200700037582,0,37,015,00,1,2,01,A01
200700037583,0,07,000,00,0,1,01,A01
200700037584,0,07,000,00,1,2,19,A01
200700037585,0,07,000,00,1,3,01,A01
200700037586,0,32,000,00,0,8,18,A01
200700037586,0,15,000,00,2,7,02,B01
200700037587,0,30,000,14,0,1,00,A01
200700037587,0,07,000,00,2,3,00,B01
200700037588,0,15,000,00,1,7,00,A01
200700037589,0,34,000,00,2,1,18,A01
200700037589,0,07,000,00,2,3,15,B01
200700037589,0,07,000,00,2,3,23,C01
200700037590,0,07,000,00,1,3,01,A01
200700037591,0,07,000,00,1,5,04,A01
200700037592,0,07,000,00,1,0,04,A01
200700037593,0,07,000,00,2,3,01,B01
200700037593,0,07,000,00,2,1,01,A01
200700037594,0,07,000,00,2,0,01,A01
200700037595,0,07,000,00,1,2,02,A01
200700037596,0,32,000,01,2,1,02,A01
200700037597,0,30,000,00,2,1,00,B01
200700037597,0,31,000,00,2,1,15,A01
200700037598,0,02,000,00,2,1,03,A01
200700037598,0,07,000,00,2,3,13,B01
200700037599,0,07,000,00,0,8,10,A01
200700037599,0,30,000,00,0,1,00,B01
200700037600,0,32,000,00,2,7,01,A01
200700037600,0,07,000,00,2,1,09,B01
200700037601,0,07,000,00,0,2,00,A01
200700037602,0,99,000,00,1,1,01,A01
200700037603,0,02,000,00,2,2,02,A01
200700037603,0,07,000,00,0,3,02,B01
200700037604,0,07,000,00,2,3,02,A01
200700037604,0,07,000,00,2,1,02,B01
200700037605,0,07,000,00,0,0,00,A01
200700037605,0,07,000,00,0,1,00,B01
200700037605,0,07,000,00,2,1,01,C01
200700037606,0,07,000,00,2,1,01,A01
200700037606,0,07,000,00,2,4,01,B01
200700037606,0,07,000,00,2,4,01,C01
200700037607,0,30,000,00,2,1,03,A01
200700037607,0,07,000,00,2,0,01,B01
200700037607,0,99,000,00,2,5,01,C01
200700037608,1,07,000,00,1,1,01,A01
200700037609,0,07,000,00,2,2,20,A01
200700037609,0,31,000,00,2,8,01,B01
200700037610,0,07,000,03,0,2,12,A01
200700037610,0,07,000,00,0,0,01,B01
200700037610,0,07,000,00,0,0,01,C01
200700037611,0,07,000,00,1,6,04,A01
200700037612,0,07,000,08,0,1,01,A01
200700037613,0,07,000,00,0,4,02,A01
200700037613,0,07,000,00,0,1,02,B01
200700037613,0,07,000,00,0,1,02,C01
200700037614,0,31,000,00,2,7,17,B01
200700037614,0,07,000,00,2,2,15,A01
200700037615,0,07,000,00,2,8,13,A01
200700037615,0,32,000,00,2,7,17,B01
200700037616,0,30,000,00,0,0,01,A01
200700037617,0,33,000,01,0,1,01,A01
200700037617,0,07,000,00,0,7,02,B01
200700037618,0,10,000,00,2,4,04,A01
200700037618,0,30,000,00,2,1,00,B01
200700037619,0,34,000,00,1,1,00,A01
200700037620,0,07,000,00,1,0,01,A01
200700037621,0,07,000,00,2,9,00,B01
200700037621,0,07,000,00,2,1,00,C01
200700037621,0,07,000,00,2,1,00,A01
200700037622,0,02,000,00,0,1,01,B01
200700037622,0,07,000,00,0,3,01,A01
200700037623,1,07,000,00,2,2,01,A01
200700037623,0,33,000,00,2,1,01,B01
200700037624,0,32,000,00,2,4,02,B01
200700037624,0,32,000,00,2,1,02,A01
200700037625,0,07,000,01,0,1,13,A01
200700037625,0,07,000,00,2,8,01,B01
200700037625,0,37,015,00,2,3,00,C01
200700037626,0,07,000,15,2,1,01,B01
200700037626,0,07,000,00,2,7,01,A01
200700037627,0,07,000,00,0,2,00,A01
200700037627,0,01,000,00,2,1,00,B01
200700037628,0,07,000,00,1,1,15,A01
200700037629,0,32,000,00,2,7,02,A01
200700037629,0,07,000,00,2,3,15,B01
200700037630,0,31,000,00,1,2,17,A01
200700037631,0,32,000,00,2,1,02,A01
200700037631,0,07,000,00,0,4,02,B01
200700037632,0,07,000,00,1,2,01,B01
200700037633,0,33,000,00,0,1,00,A01
200700037634,0,07,000,00,1,1,01,A01
200700037635,1,07,000,00,0,1,00,A01
200700037635,0,07,000,01,2,1,00,B01
200700037636,0,07,000,00,1,1,01,A01
200700037637,0,10,000,00,2,3,01,B01
200700037637,0,07,000,00,2,2,01,A01
200700037638,0,07,000,01,0,2,01,A01
200700037639,0,07,000,00,1,1,15,A01
200700037640,0,07,000,00,2,7,01,A01
200700037640,0,01,000,00,0,1,01,B01
200700037641,0,07,000,00,2,2,20,A01
200700037641,0,33,000,00,2,3,01,B01
200700037642,2,07,000,00,2,1,03,A01
200700037642,0,07,000,00,2,5,15,B01
200700037642,0,07,000,00,2,6,02,C01
200700037643,0,02,000,00,0,7,17,B01
200700037643,0,07,000,00,0,8,11,A01
200700037644,0,07,000,06,0,8,13,A01
200700037644,0,14,000,00,0,7,01,B01
200700037645,0,15,000,00,2,2,16,B01
200700037645,0,01,000,00,2,8,18,A01
200700037646,0,07,000,08,0,0,00,A01
200700037647,0,07,000,00,1,3,01,A01
200700037648,0,07,000,00,1,3,01,A01
200700037649,0,07,000,00,2,3,15,A01
200700037649,0,34,000,00,2,7,15,B01
200700037650,0,07,000,00,2,8,01,A01
200700037650,0,07,000,00,2,2,15,B01
200700037651,1,07,000,00,0,0,15,B01
200700037651,0,30,000,00,2,1,14,A01
200700037652,0,07,000,00,2,1,01,A01
200700037652,0,07,000,00,2,1,01,B01
200700037652,0,07,000,00,2,4,03,C01
200700037652,0,07,000,00,2,8,01,D01
200700037653,0,07,000,00,1,5,04,A01
200700037654,0,15,000,00,1,8,16,A01
200700037655,0,07,000,00,9,3,10,A01
200700037655,0,34,000,00,2,1,01,B01
200700037656,0,33,000,00,1,1,21,A01
200700037657,1,30,000,00,0,0,00,A01
200700037658,0,02,000,00,2,1,01,A01
200700037658,1,07,000,00,2,0,11,B01
200700037659,1,07,000,00,2,0,00,A01
200700037659,0,02,000,00,2,4,01,B01
200700037660,0,32,000,01,2,1,01,A01
200700037660,0,20,000,00,2,2,10,B01
200700037661,0,37,000,00,1,2,01,A01
200700037662,0,07,000,00,2,1,01,A01
200700037662,0,07,000,00,2,4,23,B01
200700037663,0,07,000,00,2,6,01,A01
200700037663,0,07,000,00,0,4,00,B01
200700037663,0,07,000,00,2,1,00,D01
200700037663,0,07,000,00,2,1,01,C01
200700037664,0,02,000,00,2,7,01,A01
200700037665,0,07,000,00,1,1,09,A01
200700037666,0,07,000,00,1,7,01,A01
200700037667,0,07,000,00,2,4,23,A01
200700037667,0,34,000,00,2,1,01,B01
200700037668,0,07,000,00,2,2,02,A01
200700037668,0,33,000,02,2,1,01,B01
200700037669,0,34,000,12,0,0,00,A01
200700037670,0,07,000,00,2,5,06,A01
200700037670,0,31,000,00,2,3,02,B01
200700037671,0,07,000,00,2,1,01,A01
200700037671,0,07,000,00,2,8,15,B01
200700037672,0,32,000,00,1,1,01,A01
200700037673,0,30,000,00,2,1,01,A01
200700037673,0,07,000,00,0,8,00,B01
200700037674,0,30,000,00,1,1,01,A01
200700037675,0,07,000,00,0,6,09,A01
200700037675,0,31,000,00,0,8,00,B01
200700037676,0,07,000,00,1,6,16,A01
200700037677,0,07,000,00,0,2,01,A01
200700037678,0,07,000,00,0,1,02,A01
200700037679,0,07,000,00,2,1,00,A01
200700037679,0,07,000,00,2,2,15,B01
200700037680,0,07,000,07,2,4,01,A01
200700037680,1,14,000,00,2,1,01,B01
200700037681,0,07,000,00,0,6,02,A01
200700037681,0,07,000,00,0,0,00,B01
200700037682,0,07,000,00,1,1,00,A01
200700037683,0,07,000,00,2,1,10,A01
200700037683,0,33,000,00,2,8,00,B01
200700037684,0,07,000,00,2,1,12,A01
200700037684,0,31,000,00,2,4,02,B01
200700037685,0,32,000,01,0,1,01,A01
200700037686,0,07,000,00,0,1,02,A01
200700037686,0,07,000,00,0,4,02,B01
200700037687,0,07,000,00,2,3,02,A01
200700037688,0,07,000,00,2,1,02,A01
200700037688,0,07,000,00,0,4,00,B01
200700037689,0,33,000,00,0,7,00,B01
200700037689,0,07,000,00,0,3,11,A01
200700037690,0,07,000,00,2,1,00,B01
200700037690,0,07,000,00,2,1,00,C01
200700037690,2,07,000,00,0,0,00,A01
200700037691,0,33,000,00,2,3,01,A01
200700037691,0,33,000,01,2,8,01,B01
200700037692,0,37,002,00,2,3,00,B01
200700037692,0,99,000,00,2,1,00,A01
200700037693,0,07,000,00,2,3,15,A01
200700037693,0,34,000,00,2,1,01,B01
200700037694,0,07,000,09,0,1,01,A01
200700037695,0,07,000,00,0,0,00,A01
200700037695,0,07,000,00,0,2,00,B01
200700037696,0,07,000,00,2,1,10,A01
200700037696,0,31,000,00,2,7,01,B01
200700037697,0,32,000,00,1,1,05,A01
200700037698,0,33,000,12,0,1,00,A01
200700037699,0,32,000,00,2,3,01,A01
200700037699,1,07,000,00,0,0,09,B01
200700037700,0,07,000,00,2,1,15,A01
200700037700,0,07,000,00,2,1,19,B01
200700037701,2,07,000,00,0,1,02,A01
200700037701,0,07,000,00,0,1,01,B01
200700037702,0,07,000,00,2,1,01,B01
200700037702,0,07,000,00,2,7,01,A01
200700037703,0,31,000,00,9,8,00,A01
200700037704,0,10,000,00,1,3,01,A01
200700037705,0,07,000,00,1,1,00,A01
200700037706,0,07,000,00,2,7,15,A01
200700037706,0,32,000,00,2,3,01,B01
200700037707,0,07,000,00,9,1,02,A01
200700037707,0,01,000,00,2,4,02,B01
200700037708,0,07,000,00,0,8,09,A01
200700037708,0,30,000,00,0,9,01,B01
200700037709,0,14,000,00,0,3,15,A01
200700037709,0,13,000,00,0,1,01,B01
200700037710,0,07,000,00,2,3,00,A01
200700037710,0,02,000,00,2,8,01,B01
200700037711,0,07,000,00,9,2,01,A01
200700037711,0,01,000,00,2,8,01,B01
200700037712,0,07,000,00,2,3,01,A01
200700037712,0,07,000,00,2,2,15,B01
200700037713,0,07,000,00,2,1,01,A01
200700037713,0,07,000,00,0,4,00,B01
200700037714,0,07,000,00,2,6,02,A01
200700037714,0,07,000,00,2,1,02,B01
200700037715,0,07,000,00,0,3,01,B01
200700037715,0,07,000,00,0,1,01,A01
200700037716,0,33,000,12,0,1,01,A01
200700037717,0,07,000,00,1,1,01,A01
200700037718,0,07,000,00,0,3,01,B01
200700037718,0,99,000,00,0,0,16,A01
200700037719,0,07,000,00,9,7,22,A01
200700037719,0,01,000,00,2,7,18,B01
200700037720,0,33,000,00,2,3,01,A01
200700037720,0,07,000,00,2,7,01,B01
200700037721,0,07,000,00,0,5,02,A01
200700037721,0,31,000,00,0,8,02,B01
200700037722,0,07,000,00,1,1,01,A01
200700037723,0,07,000,00,1,2,01,A01
200700037724,0,07,000,00,2,2,01,A01
200700037724,0,07,000,00,1,6,09,B01
200700037725,0,30,000,00,2,1,01,A01
200700037725,0,07,000,00,2,2,15,B01
200700037726,0,07,000,00,1,0,00,A01
200700037727,0,02,000,00,2,7,01,A01
200700037727,0,33,000,00,2,1,01,B01
200700037728,0,07,000,00,2,3,15,A01
200700037728,0,34,000,00,2,8,01,B01
200700037729,0,07,000,00,2,4,09,A01
200700037729,0,33,000,00,2,1,01,B01
200700037730,0,07,000,00,0,1,02,A01
200700037730,0,07,000,00,5,4,02,B01
200700037731,0,33,000,14,2,1,02,A01
200700037731,0,07,000,00,2,4,02,B01
200700037732,1,07,000,06,1,2,00,A01
200700037733,0,07,000,00,1,2,01,A01
200700037734,0,07,000,00,2,2,15,A01
200700037734,0,07,000,00,2,3,01,B01
200700037735,0,07,000,00,2,7,01,A01
200700037735,0,30,000,00,2,1,19,B01
200700037736,0,07,000,00,2,4,23,B01
200700037736,0,10,000,00,2,1,02,A01
200700037737,0,07,000,00,2,3,13,A01
200700037737,0,07,000,00,0,3,01,B01
200700037738,0,31,000,00,1,1,17,A01
200700037739,0,07,000,00,2,7,15,A01
200700037739,0,33,000,00,2,1,00,B01
200700037739,0,07,000,00,9,1,23,C01
200700037740,0,33,000,12,0,1,01,A01
200700037741,0,07,000,01,0,1,01,A01
200700037741,0,07,000,00,0,4,00,B01
200700037742,0,33,000,00,2,3,01,B01
200700037742,1,10,000,00,2,0,15,A01
200700037743,0,07,000,00,2,8,15,A01
200700037743,0,02,000,00,2,2,01,B01
200700037744,0,07,000,00,1,1,01,A01
200700037745,0,02,000,00,2,2,17,A01
200700037745,0,07,000,00,2,8,15,B01
200700037746,0,02,000,00,2,1,01,A01
200700037746,1,07,000,00,2,0,12,B01
200700037747,0,10,000,00,2,8,18,A01
200700037747,0,30,000,00,2,7,13,B01
200700037748,0,07,000,00,1,3,01,A01
200700037749,0,07,000,00,1,2,01,A01
200700037750,0,07,000,00,1,0,00,A01
200700037751,0,32,000,00,2,1,01,A01
200700037751,0,07,000,00,2,2,15,B01
200700037752,0,01,000,00,2,8,01,B01
200700037752,0,07,000,00,9,1,01,A01
200700037753,0,07,000,00,2,7,15,A01
200700037753,0,30,000,00,2,1,02,B01
200700037754,0,07,000,00,9,2,09,A01
200700037754,0,02,000,00,2,3,01,B01
200700037755,0,07,000,00,2,2,05,A01
200700037755,0,33,000,00,2,2,21,B01
200700037756,0,33,000,00,2,1,01,A01
200700037756,0,33,000,00,2,4,02,B01
200700037757,0,07,000,00,2,3,02,A01
200700037757,0,33,000,00,2,9,02,B01
200700037758,0,33,000,00,2,1,05,A01
200700037758,0,07,000,00,2,1,01,B01
200700037759,0,07,000,00,2,1,01,A01
200700037759,0,07,000,00,2,2,01,B01
200700037760,0,07,000,00,2,1,17,A01
200700037760,0,07,000,00,2,6,15,B01
200700037761,0,33,000,00,2,7,01,B01
200700037761,0,10,000,00,2,1,15,A01
200700037762,0,37,001,00,2,2,01,A01
200700037762,0,07,000,00,2,6,01,B01
200700037763,0,07,000,00,1,1,01,A01
200700037764,0,07,000,00,2,8,10,A01
200700037764,0,32,000,00,2,8,01,B01
200700037765,0,07,000,00,2,2,15,A01
200700037765,0,33,000,00,2,1,01,B01
200700037766,0,07,000,00,2,6,04,A01
200700037766,0,07,000,00,2,2,01,B01
200700037767,0,07,000,00,2,0,00,A01
200700037767,0,07,000,00,2,0,01,B01
200700037768,0,07,000,00,2,3,15,A01
200700037768,0,07,000,00,2,2,01,B01
200700037769,0,07,000,00,2,8,02,A01
200700037769,0,33,000,00,2,9,02,B01
200700037770,0,33,000,00,2,7,17,A01
200700037770,0,07,000,00,2,8,13,B01
200700037771,0,07,000,00,0,0,00,A01
200700037771,0,07,000,00,0,0,00,B01
200700037772,0,07,000,00,0,0,00,A01
200700037773,0,07,000,00,0,0,00,A01
200700037773,0,07,000,00,0,0,00,B01
200700037774,0,07,000,00,1,3,02,A01
200700037775,1,30,000,00,1,0,05,A01
200700037776,1,07,000,00,0,0,00,A01
200700037776,0,32,000,00,0,0,00,B01
200700037777,0,10,000,00,2,5,21,A01
200700037777,0,07,000,00,2,1,02,B01
200700037778,0,31,000,00,0,0,00,A01
200700037779,0,30,000,00,2,1,01,B01
200700037779,0,07,000,00,2,1,00,A01
200700037780,0,07,000,00,0,0,00,A01
200700037781,0,31,000,00,0,0,00,A01
200700037781,0,07,000,00,0,0,00,B01
200700037782,0,32,000,00,0,8,02,A01
200700037783,0,07,000,00,0,5,23,B01
200700037783,0,33,000,00,2,1,02,A01
200700037784,0,33,000,00,0,1,00,A01
200700037784,0,13,000,00,0,0,00,B01
200700037784,0,07,000,00,0,0,00,C01
200700037784,0,07,000,00,0,0,00,D01
200700037785,0,07,000,00,0,0,00,A01
200700037785,0,31,000,00,0,0,00,B01
200700037786,0,30,000,00,2,1,00,A01
200700037786,0,07,000,00,2,4,00,B01
200700037787,0,07,000,00,2,1,02,A01
200700037787,0,33,000,00,2,4,02,B01
200700037788,0,99,000,00,1,1,01,A01
200700037789,0,33,000,00,1,1,01,A01
200700037790,0,07,000,00,2,5,15,A01
200700037790,0,30,000,00,2,1,01,B01
200700037791,0,07,000,00,2,1,02,A01
200700037791,0,07,000,00,2,4,02,B01
200700037792,0,02,000,00,2,8,11,A01
200700037792,1,07,000,00,0,0,00,B01
200700037793,0,07,000,00,2,8,15,A01
200700037793,0,33,000,00,2,2,17,B01
200700037794,0,07,000,00,2,1,01,A01
200700037794,0,10,000,00,2,4,23,B01
200700037794,0,07,000,00,2,7,23,C01
200700037795,0,07,000,04,0,1,01,A01
200700037796,2,07,000,01,0,9,00,A01
200700037797,0,07,000,00,1,1,01,A01
200700037798,0,07,000,00,2,1,01,A01
200700037798,0,07,000,00,2,2,15,B01
200700037799,0,31,000,00,2,1,11,A01
200700037799,0,10,000,00,2,1,01,B01
200700037800,0,32,000,00,1,1,00,A01
200700037801,0,07,000,00,2,1,01,A01
200700037801,0,07,000,00,2,9,01,B01
200700037801,0,07,000,00,2,4,01,C01
200700037802,0,07,000,00,1,2,01,A01
200700037803,0,10,000,00,1,1,00,A01
200700037804,0,30,000,00,2,7,01,A01
200700037805,0,07,000,00,1,0,00,A01
200700037806,0,07,000,00,2,2,01,B01
200700037806,0,07,000,00,2,5,15,A01
200700037807,0,07,000,00,2,1,01,A01
200700037807,0,02,000,00,2,4,01,B01
200700037808,0,07,000,00,2,1,15,A01
200700037808,0,02,000,00,2,1,00,B01
200700037809,0,07,000,00,2,2,15,A01
200700037809,0,31,000,00,1,6,15,B01
200700037810,0,32,000,00,0,1,00,A01
200700037810,0,32,000,00,2,0,00,B01
200700037811,0,07,000,00,1,1,01,A01
200700037812,0,33,000,00,2,1,00,A01
200700037812,0,07,000,00,2,4,12,B01
200700037813,0,07,000,00,0,0,00,B01
200700037813,0,15,000,00,2,1,11,A01
200700037814,0,02,000,00,2,1,19,A01
200700037814,0,07,000,00,2,8,01,B01
200700037815,0,10,000,00,2,1,00,A01
200700037815,0,10,000,00,2,2,01,B01
200700037816,0,31,000,08,0,1,01,A01