Num_Acc,senc,catv,occutc,obs,obsm,choc,manv,num_veh
200700037817,0,07,000,00,2,4,02,A01
200700037817,0,07,000,00,2,1,02,B01
200700037818,0,02,000,00,2,6,00,A01
200700037818,0,07,000,00,2,1,00,B01
200700037819,0,07,000,15,1,1,11,A01
200700037820,0,07,000,00,1,3,01,A01
200700037821,0,01,000,01,0,1,01,A01
200700037821,0,07,000,00,2,4,24,B01
200700037822,0,07,000,00,1,1,15,A01
200700037823,0,33,000,00,2,1,01,A01
200700037823,0,07,000,00,2,4,04,B01
200700037824,0,01,000,01,0,1,02,A01
200700037824,0,07,000,00,2,4,02,B01
200700037825,0,07,000,00,1,1,00,A01
200700037825,0,37,000,00,1,8,01,B01
200700037826,0,07,000,00,2,4,01,A01
200700037826,0,10,000,00,2,4,02,B01
200700037826,0,07,000,00,2,1,02,C01
200700037827,0,02,000,08,0,1,01,A01
200700037827,1,07,000,00,0,0,05,B01
200700037828,0,33,000,00,2,2,18,B01
200700037828,0,10,000,00,2,3,18,A01
200700037828,0,14,000,00,2,5,02,C01
200700037829,0,07,000,00,1,7,02,A01
200700037830,0,30,000,00,2,1,01,A01
200700037830,1,07,000,00,2,6,01,B01
200700037831,0,30,000,00,2,7,01,A01
200700037831,0,10,000,00,2,8,01,B01
200700037832,0,14,000,00,0,0,02,A01
200700037832,0,07,000,00,2,1,14,B01
200700037832,0,14,000,00,2,1,01,C01
200700037833,0,10,000,01,0,4,24,A01
200700037833,0,02,000,01,0,1,21,B01
200700037834,0,07,000,00,2,5,14,A01
200700037834,0,31,000,00,2,3,02,B01
200700037835,0,07,000,00,2,7,12,A01
200700037835,0,33,000,00,2,1,18,B01
200700037836,1,07,000,00,2,4,01,A01
200700037836,0,01,000,00,2,4,01,B01
200700037837,0,02,000,00,0,9,00,A01
200700037838,0,33,000,00,2,1,01,A01
200700037838,0,07,000,00,2,3,01,B01
200700037839,0,07,000,00,2,1,01,B01
200700037839,0,07,000,00,2,2,00,A01
200700037840,0,07,000,00,2,1,00,A01
200700037840,0,32,000,00,2,7,01,B01
200700037841,0,07,000,00,2,3,09,A01
200700037841,0,31,000,00,2,3,01,B01
200700037842,0,07,000,00,1,1,01,A01
200700037843,0,07,000,09,0,1,12,A01
200700037844,0,02,000,00,2,2,17,A01
200700037844,0,07,000,14,0,5,13,B01
200700037845,0,07,000,00,2,7,01,A01
200700037845,0,07,000,00,2,1,01,B01
200700037846,0,02,000,00,2,1,01,A01
200700037846,0,07,000,00,9,3,01,B01
200700037847,0,02,000,00,2,7,02,A01
200700037847,0,07,000,00,2,3,15,B01
200700037848,0,07,000,00,2,2,21,A01
200700037848,0,01,000,00,0,4,01,B01
200700037848,0,99,000,00,0,0,09,C01
200700037849,0,07,000,00,2,1,01,B01
200700037849,0,32,000,00,0,2,01,A01
200700037850,0,02,000,00,2,1,01,A01
200700037851,0,07,000,00,2,8,01,B01
200700037851,0,01,000,00,2,1,01,A01
200700037852,0,10,000,00,1,2,01,A01
200700037853,0,07,000,00,2,2,01,B01
200700037853,0,07,000,00,2,6,15,A01
200700037854,0,07,000,00,1,4,04,A01
200700037855,0,07,000,00,2,4,01,A01
200700037855,0,07,000,00,2,4,23,B01
200700037856,0,07,000,00,2,2,01,A01
200700037856,0,30,000,00,2,8,15,B01
200700037857,0,07,000,12,1,3,01,A01
200700037858,0,32,000,12,1,8,11,A01
200700037859,0,30,000,12,2,8,01,A01
200700037859,0,07,000,12,2,2,01,B01
200700037860,0,33,000,00,1,1,01,A01
200700037861,0,33,000,00,2,8,01,B01
200700037861,0,07,000,00,2,2,15,A01
200700037862,0,07,000,00,2,7,02,A01
200700037862,0,07,000,00,2,1,02,B01
200700037863,0,07,000,00,1,0,01,A01
200700037864,0,07,000,00,2,2,15,A01
200700037864,0,32,000,00,2,0,01,B01
200700037865,0,07,000,00,2,2,01,A01
200700037865,0,07,000,00,2,2,01,B01
200700037866,0,07,000,00,0,0,15,A01
200700037866,0,33,000,00,2,7,01,B01
200700037867,0,07,000,00,0,0,13,A01
200700037867,0,30,000,00,2,4,01,B01
200700037868,0,07,000,00,2,1,01,B01
200700037868,0,33,000,06,2,7,01,A01
200700037869,0,02,000,00,1,1,17,A01
200700037870,0,17,000,01,2,1,01,A01
200700037870,0,07,000,00,2,4,01,B01
200700037870,0,07,000,00,2,4,01,C01
200700037870,0,07,000,00,2,4,01,D01
200700037871,0,07,000,00,9,3,15,A01
200700037871,0,02,000,00,2,1,01,B01
200700037872,0,33,000,08,0,0,01,A01
200700037873,0,02,000,00,0,1,01,A01
200700037873,0,07,000,00,0,4,15,B01
200700037874,0,07,000,00,2,3,02,A01
200700037874,0,07,000,00,0,4,02,B01
200700037875,0,17,000,00,2,2,17,A01
200700037875,0,07,000,00,0,6,01,B01
200700037876,0,33,000,00,2,1,01,A01
200700037876,0,07,000,00,0,8,01,B01
200700037876,0,07,000,00,0,0,15,C01
200700037877,0,07,000,00,2,2,00,A01
200700037877,0,07,000,00,2,1,01,B01
200700037878,0,10,000,00,1,4,04,A01
200700037879,1,10,000,00,2,0,00,A01
200700037879,0,31,000,00,2,0,00,B01
200700037880,0,07,000,00,1,3,01,A01
200700037881,0,07,000,00,2,3,15,A01
200700037881,0,02,000,00,2,1,01,B01
200700037882,0,01,000,00,1,1,13,A01
200700037883,0,07,000,00,2,3,24,A01
200700037883,0,01,000,00,2,7,16,B01
200700037884,0,07,000,00,2,2,15,A01
200700037884,0,01,000,00,2,1,01,B01
200700037885,0,07,000,00,1,4,04,A01
200700037886,2,07,000,00,2,8,15,A01
200700037886,0,02,000,00,2,1,15,B01
200700037887,0,07,000,00,1,3,01,A01
200700037888,0,07,000,00,2,1,00,B01
200700037888,0,99,000,14,2,1,00,A01
200700037889,0,01,000,00,2,1,05,A01
200700037889,0,07,000,00,2,1,01,B01
200700037890,0,07,000,00,1,4,00,A01
200700037891,0,07,000,00,1,1,01,A01
200700037892,0,02,000,00,2,1,17,A01
200700037892,0,10,000,00,0,6,01,B01
200700037893,0,10,000,00,1,7,01,A01
200700037894,0,33,000,00,2,1,01,A01
200700037894,0,10,000,00,0,8,01,B01
200700037895,0,37,005,00,2,1,01,B01
200700037895,0,10,000,00,2,8,15,A01
200700037896,0,99,000,00,2,1,00,A01
200700037896,0,10,000,00,2,1,01,B01
200700037897,0,07,000,00,1,8,00,A01
200700037898,0,07,000,00,2,1,01,A01
200700037898,0,33,000,00,2,7,02,B01
200700037899,0,07,000,00,1,1,01,A01
200700037900,0,07,000,00,2,7,01,A01
200700037900,0,01,000,00,2,1,19,B01
200700037901,0,10,000,00,1,4,04,A01
200700037902,0,07,000,00,1,5,01,A01
200700037903,0,07,000,00,2,4,04,A01
200700037903,0,01,000,00,2,4,19,B01
200700037904,0,31,000,00,2,1,19,A01
200700037904,0,07,000,00,2,3,01,B01
200700037905,0,31,000,01,0,1,16,A01
200700037906,0,02,000,00,2,1,01,A01
200700037906,0,07,000,00,2,7,01,B01
200700037907,0,01,000,16,0,1,01,A01
200700037907,0,10,000,00,0,0,23,B01
200700037908,0,07,000,00,1,2,01,A01
200700037909,0,07,000,00,2,3,09,A01
200700037909,0,33,000,00,2,2,17,B01
200700037910,0,07,000,00,2,1,01,A01
200700037910,0,07,000,06,2,1,01,B01
200700037911,0,33,000,03,0,1,03,A01
200700037912,0,14,000,00,2,3,01,A01
200700037912,0,07,000,06,2,6,12,B01
200700037913,0,07,000,00,2,1,02,A01
200700037913,0,31,000,00,2,4,23,B01
200700037914,0,31,000,16,2,8,01,A01
200700037914,0,07,000,00,0,0,20,B01
200700037915,0,07,000,00,2,2,12,A01
200700037915,0,33,000,00,2,8,01,B01
200700037916,0,07,000,00,2,2,02,A01
200700037916,0,10,000,00,2,8,15,B01
200700037917,1,30,000,00,1,1,00,A01
200700037918,0,33,000,00,2,1,01,A01
200700037918,0,37,045,00,2,6,01,B01
200700037919,0,07,000,00,1,1,16,A01
200700037920,0,07,000,00,9,7,14,A01
200700037920,0,01,000,00,0,1,01,B01
200700037921,0,34,000,00,1,2,01,A01
200700037922,0,07,000,00,1,0,00,A01
200700037923,0,33,000,00,2,2,17,B01
200700037923,0,07,000,00,2,3,11,A01
200700037924,0,10,000,00,2,2,14,A01
200700037924,0,01,000,00,2,1,06,B01
200700037925,0,07,000,00,2,1,01,A01
200700037925,0,07,000,00,2,1,01,B01
200700037926,0,07,000,00,2,3,01,A01
200700037926,0,07,000,00,2,3,15,B01
200700037927,0,07,000,00,2,2,15,A01
200700037927,0,32,000,00,2,1,01,B01
200700037928,0,07,000,00,2,1,19,A01
200700037928,0,07,000,15,2,1,01,B01
200700037929,0,07,000,00,2,3,02,A01
200700037929,0,01,000,00,2,5,15,B01
200700037930,0,33,000,01,0,8,01,A01
200700037931,0,07,000,00,2,2,15,A01
200700037931,0,33,000,00,0,1,01,B01
200700037932,0,13,000,00,1,1,01,A01
200700037933,0,07,000,09,2,2,00,A01
200700037933,0,07,000,00,2,3,02,B01
200700037934,0,07,000,14,0,1,02,A01
200700037934,0,07,000,00,2,4,00,B01
200700037935,0,07,000,00,2,7,02,B01
200700037935,0,10,000,00,2,6,02,C01
200700037935,0,07,000,00,2,1,02,A01
200700037936,0,30,000,00,2,7,09,A01
200700037936,0,07,000,00,2,7,19,B01
200700037937,0,07,000,00,2,2,01,A01
200700037937,0,32,000,00,2,1,20,B01
200700037938,0,34,000,03,0,7,01,A01
200700037939,0,07,000,00,2,2,01,A01
200700037939,0,07,000,00,2,6,01,B01
200700037940,0,30,000,00,2,2,03,A01
200700037940,0,07,000,00,2,3,00,B01
200700037941,0,07,000,00,2,3,05,A01
200700037941,0,10,000,00,2,8,01,B01
200700037941,0,07,000,00,2,3,01,C01
200700037942,0,07,000,00,1,2,01,A01
200700037943,0,33,000,00,0,8,01,A01
200700037944,0,07,000,00,2,3,01,B01
200700037944,0,30,000,00,2,3,09,A01
200700037945,0,07,000,00,1,0,01,A01
200700037946,0,07,000,00,1,5,04,A01
200700037947,0,07,000,00,0,6,01,A01
200700037947,0,33,000,00,2,1,01,B01
200700037948,0,07,000,00,2,1,01,B01
200700037948,0,07,000,00,2,7,01,A01
200700037949,0,07,000,00,1,2,01,A01
200700037950,0,07,000,00,1,3,01,A01
200700037951,0,10,000,00,1,1,16,A01
200700037952,0,07,000,00,2,1,01,B01
200700037952,0,07,000,00,2,2,15,A01
200700037953,0,07,000,11,0,1,06,A01
200700037954,0,07,000,00,2,1,02,A01
200700037954,0,10,000,00,2,4,02,B01
200700037954,0,07,000,00,2,5,02,C01
200700037955,0,07,000,00,2,6,02,A01
200700037955,0,07,000,00,2,4,02,B01
200700037956,0,33,000,12,0,1,01,A01
200700037957,0,02,000,00,2,7,17,A01
200700037957,0,07,000,00,2,6,01,B01
200700037958,0,31,000,00,0,7,01,A01
200700037959,0,07,000,00,1,2,01,A01
200700037960,0,07,000,00,2,1,02,A01
200700037960,0,07,000,00,2,1,02,B01
200700037960,0,07,000,00,2,1,02,C01
200700037960,0,07,000,00,2,1,02,D01
200700037961,0,33,000,00,2,8,12,A01
200700037961,0,07,000,00,2,3,01,B01
200700037962,0,07,000,00,1,1,07,A01
200700037963,0,07,000,00,2,1,02,A01
200700037963,0,07,000,00,2,4,02,B01
200700037964,0,07,000,00,2,1,15,A01
200700037964,0,34,000,00,2,1,01,B01
200700037965,0,07,000,00,2,3,15,A01
200700037965,0,07,000,00,2,2,23,B01
200700037966,0,31,000,01,0,1,01,A01
200700037967,0,10,000,07,0,1,01,A01
200700037968,0,07,000,00,2,3,09,A01
200700037968,0,02,000,00,2,7,15,B01
200700037969,0,07,000,00,2,5,15,A01
200700037969,0,02,000,00,2,1,01,B01
200700037970,0,02,000,00,1,2,17,A01
200700037971,0,07,000,00,1,2,01,A01
200700037972,0,07,000,00,2,2,04,A01
200700037972,0,33,000,00,2,8,21,B01
200700037973,0,07,000,00,2,1,15,A01
200700037973,0,31,000,00,2,3,01,B01
200700037974,0,07,000,09,0,1,00,A01
200700037975,0,07,000,00,2,4,02,A01
200700037975,0,07,000,00,2,1,02,B01
200700037976,0,02,000,00,2,2,01,B01
200700037977,0,07,000,00,2,8,15,A01
200700037977,0,31,000,00,2,7,17,B01
200700037978,0,07,000,00,2,1,01,A01
200700037978,0,07,000,00,2,7,01,B01
200700037979,0,33,000,00,1,1,00,A01
200700037980,0,32,000,00,1,1,17,A01
200700037981,0,07,000,13,2,0,01,A01
200700037982,0,07,000,01,2,1,01,A01
200700037982,1,07,000,00,2,0,14,B01
200700037983,0,07,000,00,1,1,15,A01
200700037984,0,07,000,00,2,3,15,A01
200700037984,0,33,000,00,2,1,17,B01
200700037985,0,07,000,03,0,1,14,A01
200700037986,0,15,000,00,2,3,12,B01
200700037986,0,07,000,03,2,2,14,A01
200700037987,0,07,000,04,2,8,01,A01
200700037987,0,15,000,00,2,2,01,B01
200700037988,0,32,000,00,2,1,12,A01
200700037988,0,32,000,00,2,8,01,B01
200700037988,0,10,000,00,0,7,01,C01
200700037989,0,07,000,00,2,1,01,A01
200700037989,0,07,000,00,2,3,11,B01
200700037989,0,07,000,00,2,1,02,C01
200700037990,0,07,000,04,0,1,01,A01
200700037991,0,34,000,00,2,1,03,A01
200700037991,0,10,000,00,2,5,12,B01
200700037992,0,13,000,00,2,2,12,A01
200700037992,0,07,000,04,2,6,01,B01
200700037993,0,07,000,03,2,8,01,A01
200700037993,0,10,000,00,2,3,01,B01
200700037993,1,17,000,00,2,2,14,C01
200700037994,0,10,000,13,0,3,12,A01
200700037995,0,33,000,00,2,5,03,A01
200700037996,0,17,000,03,0,8,16,A01
200700037997,0,07,000,00,0,1,02,A01
200700037998,0,33,000,00,0,8,11,A01
200700037998,0,33,000,00,2,7,01,B01
200700037998,0,07,000,00,0,5,01,C01
200700037999,0,33,000,03,2,8,01,A01
200700037999,0,07,000,00,2,6,01,B01
200700038000,0,07,000,00,2,6,01,A01
200700038000,0,17,000,00,2,1,01,B01
200700038000,1,99,000,00,2,2,12,C01
200700038001,0,07,000,04,0,8,02,A01
200700038001,0,07,000,00,2,2,12,B01
200700038002,0,07,000,00,0,0,00,A01
200700038003,0,07,000,00,2,7,12,A01
200700038003,0,33,000,00,2,8,03,B01
200700038003,0,07,000,00,0,8,02,C01
200700038004,0,07,000,00,2,4,02,A01
200700038004,0,10,000,00,2,4,02,B01
200700038004,0,07,000,00,2,1,02,C01
200700038005,0,10,000,00,2,3,11,A01
200700038005,0,32,000,00,2,7,01,B01
200700038006,0,33,000,00,2,3,03,A01
200700038006,0,07,000,00,2,7,12,B01
200700038006,0,07,000,00,9,1,21,C01
200700038007,0,07,000,00,0,3,17,A01
200700038008,0,17,000,00,2,2,12,A01
200700038008,0,07,000,00,2,3,01,B01
200700038008,0,10,000,00,2,1,02,C01
200700038008,0,10,000,00,2,1,02,D01
200700038009,0,17,000,00,2,8,13,A01
200700038009,0,33,000,14,2,2,01,B01
200700038010,0,33,000,00,2,5,01,A01
200700038010,1,07,000,00,0,0,11,B01
200700038011,0,07,000,00,2,6,01,A01
200700038011,0,33,000,00,0,1,03,B01
200700038012,0,07,000,00,9,3,13,A01
200700038012,0,31,000,00,0,7,02,B01
200700038013,0,07,000,00,2,1,02,A01
200700038013,0,07,000,06,0,1,02,B01
200700038014,0,07,000,03,1,2,14,A01
200700038015,0,07,000,00,0,4,02,A01
200700038015,0,10,000,00,0,4,02,B01
200700038015,0,07,000,00,0,4,02,C01
200700038015,0,07,000,00,2,1,02,D01
200700038016,0,07,000,04,0,8,13,A01
200700038017,0,10,000,00,0,5,12,A01
200700038017,0,33,000,00,2,1,03,B01
200700038018,0,33,000,00,0,0,02,A01
200700038019,0,07,000,00,2,4,02,A01
200700038019,0,07,000,00,2,4,02,C01
200700038019,0,07,000,00,2,4,02,B01
200700038019,0,07,000,00,0,0,00,D01
200700038020,0,07,000,04,2,4,01,A01
200700038020,0,07,000,00,2,7,00,B01
200700038020,0,07,000,00,2,8,00,C01
200700038021,0,07,000,04,0,6,01,A01
200700038021,0,15,000,00,2,2,09,B01
200700038022,0,33,000,00,2,1,02,A01
200700038022,0,07,000,00,2,4,02,B01
200700038023,0,33,000,00,2,4,03,A01
200700038023,0,32,000,00,2,1,03,B01
200700038024,0,07,000,00,0,4,01,A01
200700038024,0,07,000,00,2,1,02,B01
200700038025,0,33,000,03,0,1,09,A01
200700038026,0,07,000,00,2,2,02,A01
200700038026,0,02,000,00,2,4,02,B01
200700038027,0,33,000,00,2,1,01,A01
200700038027,0,07,000,00,2,4,11,B01
200700038027,1,15,000,00,0,0,00,C01
200700038028,0,07,000,03,0,1,00,A01
200700038029,0,07,000,00,2,1,02,A01
200700038029,0,07,000,00,2,4,02,B01
200700038030,0,15,000,00,0,6,24,A01
200700038030,0,32,000,01,0,2,02,B01
200700038031,0,07,000,04,0,3,12,A01
200700038031,1,99,000,00,2,7,00,B01
200700038032,0,07,000,00,2,2,01,A01
200700038032,0,07,000,04,2,3,01,B01
200700038032,1,99,000,00,0,0,00,C01
200700038033,0,33,000,00,2,8,03,A01
200700038033,0,07,000,00,2,2,12,B01
200700038033,0,07,000,00,0,4,00,C01
200700038034,0,33,000,00,2,2,12,A01
200700038034,0,07,000,00,2,8,11,B01
200700038035,0,07,000,00,0,7,02,A01
200700038036,0,07,000,04,0,1,02,A01
200700038037,0,07,000,00,2,8,00,B01
200700038037,0,07,000,00,2,7,01,A01
200700038038,0,07,000,00,0,7,01,A01
200700038038,0,07,000,01,0,8,11,B01
200700038038,0,07,000,00,0,7,01,C01
200700038039,0,07,000,00,2,1,02,A01
200700038039,0,07,000,00,0,4,02,B01
200700038040,0,07,000,04,0,9,01,A01
200700038041,2,07,000,00,2,1,02,A01
200700038041,0,07,000,00,2,4,02,B01
200700038041,0,07,000,00,2,4,02,C01
200700038041,0,07,000,00,2,4,02,D01
200700038042,0,07,000,00,0,4,02,B01
200700038042,0,07,000,00,2,1,01,A01
200700038043,0,07,000,04,0,6,02,A01
200700038044,0,10,000,00,2,6,01,A01
200700038044,0,15,000,00,2,2,12,B01
200700038045,0,07,000,00,2,1,12,A01
200700038045,0,07,000,00,2,3,21,B01
200700038046,0,07,000,00,2,6,02,B01
200700038046,0,02,000,00,2,1,02,A01
200700038047,0,33,000,00,2,1,00,A01
200700038047,0,07,000,00,9,5,00,B01
200700038048,0,07,000,04,2,3,11,A01
200700038048,0,14,000,00,2,3,12,B01
200700038049,0,07,000,03,0,1,00,A01
200700038050,0,07,000,00,2,6,00,A01
200700038050,0,13,000,00,2,2,12,B01
200700038051,0,33,000,00,2,1,01,A01
200700038051,0,07,000,00,0,4,00,B01
200700038052,0,33,000,00,0,1,16,A01
200700038053,0,07,000,00,0,4,02,B01
200700038053,0,33,000,00,2,1,02,A01
200700038054,0,07,000,00,2,0,01,D01
200700038054,0,07,000,00,2,0,01,C01
200700038054,0,07,000,00,2,0,01,B01
200700038054,2,33,000,00,2,0,03,A01
200700038055,0,10,000,00,2,4,02,C01
200700038055,0,10,000,00,0,4,02,B01
200700038055,0,10,000,00,2,1,02,A01
200700038056,0,07,000,00,0,4,00,B01
200700038056,1,99,000,00,0,0,00,A01
200700038057,0,07,000,00,2,1,12,A01
200700038057,0,15,000,00,2,6,01,B01
200700038058,0,07,000,00,2,1,01,A01
200700038058,0,10,000,00,0,4,01,B01
200700038059,0,10,000,00,2,9,21,D01
200700038059,0,10,000,00,2,5,01,C01
200700038059,0,10,000,00,2,7,01,B01
200700038059,0,15,000,00,2,8,01,A01
200700038060,0,34,000,00,0,5,21,A01
200700038061,0,07,000,04,0,3,02,A01
200700038062,0,07,000,01,0,1,01,A01
200700038062,0,10,000,00,2,4,23,B01
200700038063,0,07,000,00,0,4,02,A01
200700038063,0,10,000,00,2,1,02,C01
200700038063,0,07,000,00,2,4,02,B01
200700038064,0,07,000,00,0,1,21,A01
200700038065,0,07,000,00,0,2,09,A01
200700038065,0,33,000,00,2,1,01,B01
200700038066,0,32,000,00,2,1,02,A01
200700038066,0,07,000,00,2,6,11,B01
200700038067,0,07,000,00,2,2,01,B01
200700038067,2,07,000,00,2,3,01,A01
200700038068,0,31,000,00,0,0,01,A01
200700038069,0,07,000,04,0,3,17,A01
200700038070,0,10,000,03,0,2,01,A01
200700038071,0,15,000,00,0,4,02,A01
200700038071,0,07,000,00,2,1,02,B01
200700038072,0,15,000,00,2,2,12,A01
200700038072,0,07,000,00,0,0,01,B01
200700038073,0,07,000,00,0,1,01,A01
200700038074,0,07,000,00,0,2,12,A01
200700038074,0,33,000,00,0,8,03,B01
200700038074,0,07,000,00,0,6,01,C01
200700038075,0,15,000,00,0,8,02,A01
200700038076,0,07,000,00,2,1,01,A01
200700038076,0,07,000,00,2,4,01,B01
200700038077,0,33,000,00,2,1,00,A01
200700038077,0,07,000,00,0,5,00,B01
200700038078,0,07,000,00,0,2,00,A01
200700038078,0,07,000,00,0,6,00,B01
200700038079,0,07,000,03,2,3,12,A01
200700038079,0,07,000,03,2,5,01,B01
200700038080,0,31,000,00,2,3,03,A01
200700038080,0,07,000,00,2,7,03,B01
200700038081,0,32,000,00,0,7,11,A01
200700038082,0,07,000,00,0,1,00,A01
200700038083,0,07,000,00,2,8,18,A01
200700038083,1,15,000,00,2,5,01,B01
200700038084,0,07,000,00,2,6,02,A01
200700038084,0,07,000,00,2,2,02,B01
200700038085,0,33,000,00,2,1,01,C01
200700038085,0,07,000,00,0,4,01,B01
200700038085,0,15,000,00,2,1,01,A01
200700038086,0,07,000,00,2,8,11,A01
200700038086,0,33,000,00,2,1,03,B01
200700038086,0,07,000,00,2,8,00,C01
200700038087,0,07,000,00,2,4,02,A01
200700038087,0,07,000,00,2,1,02,B01
200700038088,0,10,000,00,2,8,13,A01
200700038088,0,10,000,00,2,2,01,B01
200700038089,0,10,000,00,2,1,02,A01
200700038089,0,10,000,00,0,4,02,B01
200700038090,1,07,000,00,0,4,11,A01
200700038090,0,10,000,00,2,1,01,B01
200700038091,0,07,000,03,0,2,01,A01
200700038092,0,15,000,00,2,1,12,B01
200700038092,0,07,000,00,2,8,01,A01
200700038093,0,07,000,00,2,9,21,A01
200700038094,0,33,000,00,2,1,01,A01
200700038094,0,07,000,00,2,5,12,B01
200700038095,0,33,000,00,0,0,01,A01
200700038096,0,33,000,00,2,8,01,A01
200700038096,0,07,000,00,2,5,12,B01
200700038097,0,07,000,04,0,1,01,A01
200700038098,0,07,000,04,2,1,01,A01
200700038098,0,07,000,04,0,6,01,B01
200700038099,0,07,000,13,0,2,01,A01
200700038100,0,07,000,00,0,0,01,A01
200700038100,0,07,000,00,2,1,02,B01
200700038101,0,10,000,00,0,4,01,A01
200700038101,0,10,000,00,2,1,02,B01
200700038102,0,07,000,03,0,1,01,A01
200700038103,0,07,000,00,2,7,12,A01
200700038103,0,33,000,00,2,3,01,B01
200700038104,0,07,000,00,2,5,12,A01
200700038104,0,33,000,00,2,1,01,B01
200700038105,0,07,000,00,0,4,02,B01
200700038105,0,07,000,00,2,1,02,A01
200700038106,0,07,000,00,0,3,00,A01
200700038107,0,07,000,04,0,3,00,A01
200700038107,0,33,000,14,0,8,02,B01
200700038108,0,33,000,00,2,1,02,A01
200700038108,0,07,000,00,2,4,02,B01
200700038109,0,07,000,04,0,1,01,A01
200700038110,0,33,000,00,2,1,01,A01
200700038110,0,07,000,00,9,8,11,B01
200700038111,0,32,000,00,0,0,00,A01
200700038112,0,33,000,00,2,1,00,A01
200700038112,0,07,000,00,2,4,11,B01
200700038112,0,07,000,00,0,4,02,C01
200700038113,0,33,000,00,0,0,01,A01
200700038114,0,07,000,00,0,9,01,A01
200700038115,0,10,000,00,2,1,02,C01
200700038115,0,07,000,00,2,4,02,B01
200700038115,0,07,000,00,0,4,02,A01
200700038116,0,07,000,04,0,1,01,A01
200700038117,0,07,000,15,0,2,01,A01
200700038118,0,07,000,04,0,3,02,A01
200700038119,0,07,000,00,0,4,01,A01
200700038119,0,07,000,00,2,1,02,B01
200700038120,0,07,000,00,2,1,01,B01
200700038120,0,07,000,00,0,3,01,A01
200700038121,0,07,000,00,2,8,11,A01
200700038121,0,07,000,00,2,2,17,B01
200700038122,0,07,000,04,0,1,01,A01
200700038123,0,33,000,00,2,1,00,A01
200700038123,0,10,000,00,0,4,01,B01
200700038124,0,07,000,00,0,8,01,A01
200700038124,0,33,000,00,2,7,03,B01
200700038125,0,07,000,00,2,1,01,A01
200700038125,0,07,000,00,0,4,01,B01
200700038126,0,07,000,00,0,2,01,A01
200700038127,0,07,000,00,0,1,02,A01
200700038128,0,07,000,03,0,2,01,A01
200700038129,0,13,000,00,2,1,00,A01
200700038129,0,13,000,00,0,4,00,B01
200700038130,0,07,000,00,0,0,00,B01
200700038130,0,07,000,00,2,1,02,A01
200700038131,0,15,000,00,0,7,01,B01
200700038131,0,07,000,00,0,8,11,A01
200700038132,0,07,000,01,0,2,12,A01
200700038132,0,07,000,00,2,3,24,B01
200700038133,0,33,000,03,0,0,01,A01
200700038134,0,07,000,00,0,4,02,A01
200700038134,0,07,000,00,2,4,02,B01
200700038134,0,07,000,00,2,1,02,C01
200700038135,0,07,000,00,2,1,01,A01
200700038135,0,07,000,00,2,4,01,B01
200700038135,0,07,000,00,2,4,01,C01
200700038136,0,07,000,04,0,8,01,A01
200700038137,0,07,000,00,0,0,12,A01
200700038137,0,33,000,00,2,0,03,B01
200700038138,0,07,000,00,0,7,02,C01
200700038138,0,07,000,00,0,5,12,B01
200700038138,0,34,000,00,2,1,03,A01
200700038139,0,07,000,00,0,4,02,C01
200700038139,0,07,000,00,0,4,02,B01
200700038139,0,07,000,00,2,1,01,A01
200700038140,0,07,000,00,2,4,02,A01
200700038140,1,99,000,00,2,1,02,B01
200700038141,0,13,000,00,2,2,01,B01
200700038141,0,07,000,00,2,6,09,A01
200700038142,0,33,000,00,2,7,03,A01
200700038142,0,07,000,00,2,8,11,B01
200700038143,0,07,000,00,2,1,02,B01
200700038143,2,07,000,00,2,8,11,A01
200700038144,0,07,000,03,0,3,14,A01
200700038145,0,07,000,00,2,1,01,A01
200700038145,0,07,000,00,0,4,02,B01
200700038146,0,33,000,00,2,7,01,B01
200700038146,0,07,000,00,2,3,11,A01
200700038147,0,05,000,00,2,8,02,A01
200700038147,0,07,000,00,2,7,02,B01
200700038148,0,07,000,00,2,1,02,A01
200700038148,0,07,000,00,0,4,01,B01
200700038149,0,07,000,04,0,1,01,A01
200700038150,0,38,000,00,2,6,01,B01
200700038150,0,10,000,00,2,2,14,A01
200700038151,0,07,000,00,2,8,11,A01
200700038151,0,33,000,00,2,1,03,B01
200700038151,0,07,000,00,2,0,02,C01
200700038152,0,15,000,00,2,3,02,A01
200700038152,0,10,000,00,0,5,02,B01
200700038153,0,07,000,00,2,7,12,A01
200700038153,0,33,000,00,2,8,01,B01
200700038154,0,07,000,00,2,7,12,A01
200700038154,0,32,000,00,2,8,02,B01
200700038155,0,05,000,00,0,7,02,B01
200700038155,0,07,000,00,2,8,11,A01
200700038156,0,07,000,00,2,1,09,A01
200700038156,0,07,000,00,2,1,21,B01
200700038157,0,33,000,00,2,1,03,A01
200700038157,0,07,000,00,2,5,09,B01
200700038158,0,33,000,00,2,0,02,A01
200700038159,0,07,000,00,2,7,14,A01
200700038159,0,07,000,00,2,8,01,B01
200700038160,0,33,000,00,2,1,01,B01
200700038160,0,07,000,00,0,5,12,A01
200700038161,0,07,000,04,2,1,00,A01
200700038161,0,07,000,00,0,2,00,B01
200700038162,0,33,000,00,2,2,02,A01
200700038162,0,07,000,00,0,6,01,B01
200700038163,0,07,000,04,0,1,00,A01
200700038164,0,07,000,04,0,6,11,A01
200700038165,0,33,000,12,0,1,00,A01
200700038166,0,07,000,00,2,5,02,B01