Num_Acc,senc,catv,occutc,obs,obsm,choc,manv,num_veh
200700038166,0,07,000,00,2,1,02,A01
200700038167,0,07,000,04,0,2,01,A01
200700038168,0,32,000,00,2,1,03,B01
200700038168,0,07,000,00,2,6,01,A01
200700038169,0,33,000,00,2,1,03,B01
200700038169,0,10,000,00,0,4,12,A01
200700038170,0,07,000,04,0,1,01,A01
200700038171,0,07,000,00,2,4,00,A01
200700038171,0,07,000,00,2,1,00,B01
200700038172,0,07,000,04,0,3,02,A01
200700038173,0,07,000,03,0,3,01,A01
200700038174,0,13,000,00,2,7,12,A01
200700038174,0,07,000,00,2,4,01,B01
200700038175,0,14,000,00,2,1,02,B01
200700038175,0,07,000,00,0,4,02,A01
200700038176,0,07,000,04,0,0,11,A01
200700038177,0,33,000,00,2,1,03,B01
200700038177,0,07,000,00,2,2,12,A01
200700038178,0,33,000,00,2,8,18,B01
200700038178,0,07,000,00,2,7,21,A01
200700038179,0,07,000,00,2,3,11,B01
200700038179,0,33,000,00,2,7,03,A01
200700038180,0,10,000,04,0,1,01,A01
200700038181,0,07,000,00,0,2,01,A01
200700038181,0,07,000,00,0,6,01,B01
200700038181,0,34,000,00,2,1,03,C01
200700038182,0,07,000,00,0,8,01,B01
200700038182,0,07,000,00,2,1,15,A01
200700038183,0,33,000,00,0,8,00,A01
200700038184,0,07,000,16,0,1,01,A01
200700038185,0,33,000,00,2,1,03,B01
200700038185,0,07,000,00,0,5,21,A01
200700038186,0,07,000,00,0,4,02,A01
200700038186,0,07,000,00,2,1,02,C01
200700038186,0,07,000,00,2,4,02,B01
200700038187,0,07,000,03,0,1,01,A01
200700038188,0,07,000,02,0,3,00,A01
200700038189,0,33,000,00,2,2,03,B01
200700038189,0,07,000,00,2,6,01,A01
200700038190,0,07,000,03,0,1,01,A01
200700038191,0,07,000,00,0,9,00,A01
200700038192,0,31,000,00,2,4,02,B01
200700038192,0,33,000,00,2,1,02,A01
200700038193,0,07,000,00,2,2,02,B01
200700038193,0,07,000,03,2,2,02,A01
200700038193,0,10,000,00,2,6,02,C01
200700038194,0,33,000,00,0,8,00,A01
200700038195,0,15,000,00,2,2,17,B01
200700038195,0,10,000,00,0,6,02,A01
200700038196,0,07,000,00,2,6,11,A01
200700038196,0,33,000,00,2,7,01,B01
200700038197,0,07,000,00,0,0,01,A01
200700038198,0,99,000,04,0,4,02,A01
200700038198,1,07,000,00,2,0,02,B01
200700038199,0,07,000,00,0,1,03,D01
200700038199,0,07,000,00,0,4,01,C01
200700038199,0,07,000,00,0,7,01,B01
200700038199,0,07,000,00,0,8,01,A01
200700038200,0,31,000,04,0,7,14,A01
200700038201,0,10,000,00,2,3,01,B01
200700038201,0,10,000,00,2,3,15,A01
200700038202,0,07,000,00,0,9,00,A01
200700038203,0,14,000,00,2,1,02,B01
200700038203,0,07,000,00,0,4,02,A01
200700038204,0,33,000,00,0,0,01,A01
200700038205,0,07,000,03,0,1,01,A01
200700038206,0,07,000,00,2,2,12,B01
200700038206,0,33,000,00,2,8,03,A01
200700038207,0,10,000,00,0,1,02,A01
200700038208,0,33,000,00,0,0,03,A01
200700038209,0,07,000,03,0,1,02,D01
200700038209,0,07,000,03,0,1,02,C01
200700038209,0,10,000,03,0,1,02,B01
200700038209,0,10,000,03,0,0,00,A01
200700038210,0,07,000,03,0,1,00,A01
200700038211,0,07,000,00,0,0,00,A01
200700038212,0,07,000,00,0,0,02,A01
200700038213,0,14,000,00,2,3,02,B01
200700038213,0,33,000,00,2,3,02,A01
200700038214,0,07,000,00,2,6,02,B01
200700038214,0,33,000,00,2,1,02,A01
200700038215,0,33,000,00,2,3,03,C01
200700038215,0,07,000,00,2,7,12,B01
200700038215,0,07,000,00,0,6,01,A01
200700038216,0,07,000,00,2,3,11,B01
200700038216,0,33,000,00,2,2,01,A01
200700038217,0,32,000,04,0,7,15,A01
200700038218,0,07,000,00,2,1,02,B01
200700038218,0,07,000,00,0,4,01,A01
200700038219,0,33,000,00,2,2,01,B01
200700038219,0,07,000,00,2,6,12,A01
200700038220,0,07,000,00,0,3,00,A01
200700038221,0,07,000,13,0,9,17,A01
200700038222,0,33,000,00,2,1,03,B01
200700038222,0,07,000,00,0,5,12,A01
200700038223,0,33,000,00,0,8,02,A01
200700038224,0,07,000,00,2,1,02,C01
200700038224,0,07,000,00,2,1,02,D01
200700038224,0,07,000,00,2,4,02,B01
200700038224,0,07,000,00,0,4,01,A01
200700038225,0,32,000,00,2,1,03,B01
200700038225,0,07,000,00,2,7,12,A01
200700038226,0,07,000,00,0,4,02,A01
200700038226,0,10,000,00,2,2,02,D01
200700038226,0,10,000,00,2,1,02,C01
200700038226,0,10,000,00,2,4,02,B01
200700038227,0,07,000,04,0,2,01,A01
200700038228,0,07,000,00,0,4,01,B01
200700038228,0,07,000,00,2,1,01,A01
200700038229,0,07,000,00,2,1,01,A01
200700038229,0,10,000,00,2,1,01,C01
200700038229,0,07,000,00,2,1,01,B01
200700038230,0,15,000,00,0,7,02,A01
200700038231,0,10,000,04,0,1,02,A01
200700038232,1,07,000,00,2,1,18,A01
200700038232,0,07,000,00,0,6,16,B01
200700038233,0,32,000,04,2,2,03,B01
200700038233,0,07,000,00,0,8,11,A01
200700038234,0,10,000,00,2,1,02,B01
200700038234,0,37,001,00,0,4,01,A01
200700038234,0,10,000,00,2,1,02,C01
200700038235,0,07,000,00,2,7,02,B01
200700038235,0,07,000,00,2,3,02,D01
200700038235,0,10,000,00,2,8,11,A01
200700038235,0,07,000,00,2,6,02,C01
200700038235,0,10,000,00,2,4,01,G01
200700038235,0,07,000,00,2,6,02,F01
200700038235,0,07,000,00,2,5,02,E01
200700038236,0,34,000,00,0,0,01,A01
200700038237,0,33,000,00,2,1,01,B01
200700038237,0,10,000,00,2,6,14,A01
200700038238,0,07,000,00,0,3,00,A01
200700038239,0,07,000,00,2,1,01,C01
200700038239,0,07,000,00,2,4,01,B01
200700038239,0,07,000,00,2,4,01,A01
200700038240,0,07,000,00,0,0,00,A01
200700038241,0,07,000,00,0,4,02,A01
200700038241,0,07,000,00,2,1,02,B01
200700038242,0,15,000,00,0,6,01,A01
200700038242,0,15,000,00,0,2,11,B01
200700038243,0,07,000,00,2,3,01,B01
200700038243,0,15,000,00,2,2,12,A01
200700038244,0,07,000,00,0,6,11,A01
200700038244,0,33,000,00,2,1,03,B01
200700038245,0,07,000,00,0,1,01,A01
200700038246,0,07,000,00,2,6,15,A01
200700038246,0,30,000,00,2,0,01,B01
200700038247,0,07,000,06,5,1,01,A01
200700038248,0,07,000,00,2,1,01,A01
200700038248,0,10,000,00,2,8,01,B01
200700038249,0,07,000,01,0,1,01,A01
200700038250,0,02,000,00,4,8,10,A01
200700038250,0,02,000,00,0,1,01,B01
200700038251,0,07,000,00,2,1,13,A01
200700038251,0,07,000,00,2,1,01,B01
200700038252,0,07,000,00,2,1,02,A01
200700038252,0,07,000,00,2,4,02,B01
200700038253,0,07,000,00,1,3,01,A01
200700038254,0,07,000,00,2,2,00,A01
200700038254,0,07,000,00,2,3,00,B01
200700038255,0,07,000,00,2,0,09,A01
200700038255,0,07,000,00,2,0,01,B01
200700038256,0,07,000,00,1,0,01,A01
200700038257,0,30,000,00,1,7,01,A01
200700038258,0,33,000,00,2,0,13,A01
200700038258,0,07,000,00,2,0,01,B01
200700038259,0,07,000,00,2,3,13,A01
200700038259,0,07,000,00,2,5,01,B01
200700038260,0,10,000,00,1,0,04,A01
200700038261,0,07,000,00,2,3,15,A01
200700038261,0,07,000,00,2,5,01,B01
200700038262,0,07,000,01,2,2,13,A01
200700038262,0,07,000,00,2,2,01,B01
200700038262,0,07,000,00,2,8,24,C01
200700038263,0,31,000,00,0,9,13,A01
200700038264,0,32,000,00,2,0,02,A01
200700038264,0,07,000,00,2,5,02,B01
200700038265,0,14,000,00,2,4,02,A01
200700038265,0,07,000,00,2,4,02,B01
200700038266,0,07,000,00,2,0,01,A01
200700038267,0,07,000,00,2,2,01,A01
200700038267,0,07,000,00,2,7,01,B01
200700038268,0,07,000,00,2,7,12,A01
200700038268,0,33,000,00,2,1,01,B01
200700038269,0,07,000,00,1,1,01,A01
200700038270,0,32,000,00,2,7,01,A01
200700038270,0,07,000,00,2,6,01,B01
200700038271,0,07,000,00,2,0,13,A01
200700038271,0,07,000,00,2,0,01,B01
200700038271,0,07,000,00,2,0,01,C01
200700038272,0,07,000,00,2,1,20,A01
200700038272,0,32,000,00,2,0,00,B01
200700038273,0,16,000,00,2,5,12,A01
200700038273,0,01,000,00,0,1,01,B01
200700038274,0,07,000,00,2,8,11,A01
200700038274,0,33,000,00,2,1,17,B01
200700038275,0,33,000,00,2,0,00,A01
200700038275,0,07,000,00,2,4,01,B01
200700038275,0,07,000,00,0,4,20,C01
200700038276,0,07,000,00,2,1,19,A01
200700038276,0,07,000,00,0,1,01,B01
200700038277,0,20,000,00,2,3,16,B01
200700038277,0,07,000,00,2,2,01,A01
200700038278,0,07,000,00,2,4,13,A01
200700038278,0,07,000,00,2,4,02,B01
200700038278,0,07,000,00,2,1,02,C01
200700038279,0,07,000,00,2,4,02,B01
200700038279,0,07,000,00,2,1,02,A01
200700038280,0,07,000,00,1,1,16,A01
200700038281,0,07,000,00,1,2,16,A01
200700038282,0,10,000,00,2,1,02,A01
200700038282,0,07,000,00,2,1,02,B01
200700038282,0,07,000,00,2,4,02,C01
200700038283,0,07,000,00,2,2,00,B01
200700038283,0,07,000,00,2,6,00,A01
200700038284,0,34,000,00,1,8,00,A01
200700038285,1,07,000,00,1,1,01,A01
200700038286,0,07,000,00,2,4,02,A01
200700038286,0,30,000,00,2,2,02,B01
200700038287,0,33,000,00,0,0,00,A01
200700038288,0,07,000,04,0,0,00,A01
200700038289,0,07,000,04,0,0,00,A01
200700038290,0,07,000,00,0,0,00,A01
200700038290,1,17,000,00,0,0,00,B01
200700038291,0,33,000,00,0,0,00,A01
200700038292,0,07,000,00,0,0,00,A01
200700038293,0,10,000,00,0,0,00,A01
200700038293,0,07,000,00,0,0,00,B01
200700038293,0,07,000,00,0,0,00,C01
200700038294,0,07,000,03,0,3,13,A01
200700038295,0,07,000,00,2,2,11,A01
200700038295,0,10,000,00,0,3,01,B01
200700038296,0,10,000,00,0,0,00,A01
200700038296,0,10,000,00,0,0,00,B01
200700038297,0,07,000,03,0,2,00,A01
200700038298,0,10,000,01,0,1,01,A01
200700038298,0,07,000,01,0,4,00,B01
200700038298,0,10,000,00,0,4,01,C01
200700038299,0,33,000,00,0,0,00,A01
200700038299,0,07,000,00,0,0,00,B01
200700038300,0,07,000,00,0,0,00,A01
200700038301,0,07,000,00,0,0,00,A01
200700038302,0,17,000,00,0,0,00,A01
200700038302,0,07,000,00,0,0,00,B01
200700038302,0,07,000,00,0,0,00,C01
200700038302,0,07,000,00,0,0,00,D01
200700038303,0,07,000,00,0,0,00,A01
200700038303,0,07,000,00,0,0,00,B01
200700038304,0,07,000,00,1,1,01,A01
200700038304,1,17,000,00,0,0,01,B01
200700038305,0,17,000,00,0,0,00,A01
200700038306,0,07,000,00,0,0,00,A01
200700038306,0,07,000,00,0,0,00,B01
200700038306,0,07,000,00,0,0,00,C01
200700038307,0,17,000,00,0,0,00,A01
200700038307,0,07,000,00,0,0,00,B01
200700038308,0,07,000,00,0,1,01,A01
200700038309,0,33,000,00,2,1,01,A01
200700038309,0,07,000,00,0,4,01,B01
200700038310,0,07,000,00,2,1,01,A01
200700038310,0,07,000,00,0,4,02,B01
200700038311,0,07,000,00,0,0,00,A01
200700038312,0,07,000,00,2,1,01,A01
200700038312,0,07,000,00,0,4,01,B01
200700038313,0,17,000,00,2,7,12,A01
200700038313,0,07,000,00,0,8,01,B01
200700038314,0,07,000,00,0,0,01,A01
200700038315,0,07,000,01,2,1,01,A01
200700038315,0,07,000,00,0,4,01,B01
200700038316,0,07,000,00,2,1,01,A01
200700038316,0,07,000,00,2,4,01,B01
200700038316,0,07,000,01,0,4,01,C01
200700038316,0,07,000,01,2,1,01,D01
200700038317,0,07,000,00,0,0,00,A01
200700038318,0,07,000,01,2,1,01,A01
200700038318,0,07,000,00,0,4,01,B01
200700038319,0,07,000,00,2,1,01,A01
200700038319,0,07,000,00,0,4,01,B01
200700038320,0,07,000,16,0,0,00,A01
200700038321,0,07,000,13,0,7,14,A01
200700038322,0,07,000,00,0,0,01,A01
200700038322,0,07,000,00,0,4,01,B01
200700038322,0,07,000,00,2,1,01,C01
200700038323,0,07,000,15,0,2,16,A01
200700038324,0,07,000,04,1,2,01,A01
200700038325,0,33,000,00,2,2,03,A01
200700038325,0,07,000,00,0,8,00,B01
200700038326,1,13,000,00,0,0,00,A01
200700038326,0,07,000,00,2,4,01,B01
200700038326,0,07,000,00,2,4,01,C01
200700038327,0,07,000,00,2,1,01,A01
200700038327,0,07,000,00,0,0,00,B01
200700038328,0,33,000,04,0,1,01,A01
200700038329,0,33,000,00,2,1,01,A01
200700038329,0,07,000,00,2,4,01,B01
200700038329,0,07,000,00,2,2,02,C01
200700038330,0,07,000,01,2,1,01,A01
200700038330,0,07,000,00,0,4,01,B01
200700038331,0,07,000,07,0,1,14,A01
200700038332,0,07,000,00,0,1,14,A01
200700038333,0,07,000,00,2,1,01,A01
200700038333,0,07,000,00,0,4,01,B01
200700038333,0,10,000,00,2,4,01,C01
200700038333,0,07,000,00,0,4,01,D01
200700038334,0,07,000,03,0,9,01,A01
200700038335,0,07,000,04,0,3,01,A01
200700038336,0,07,000,00,2,7,11,A01
200700038336,0,07,000,04,0,8,01,B01
200700038337,0,07,000,00,0,9,01,B01
200700038337,1,17,000,01,2,1,01,A01
200700038338,0,10,000,03,0,2,01,A01
200700038339,0,17,000,00,2,2,12,A01
200700038339,0,07,000,01,0,8,01,B01
200700038340,0,07,000,04,0,8,00,A01
200700038341,0,07,000,00,2,1,01,A01
200700038341,0,07,000,00,2,4,01,B01
200700038341,0,07,000,00,0,4,01,C01
200700038342,0,33,000,00,0,0,01,A01
200700038343,0,07,000,00,2,1,01,A01
200700038343,0,07,000,00,0,7,10,B01
200700038344,0,07,000,00,0,9,01,A01
200700038345,0,10,000,01,2,1,01,A01
200700038345,0,07,000,00,2,4,02,B01
200700038345,0,07,000,00,0,4,02,C01
200700038346,0,07,000,00,2,1,00,A01
200700038346,0,07,000,00,0,1,01,B01
200700038347,0,07,000,00,2,2,01,A01
200700038347,0,07,000,00,2,6,01,B01
200700038348,0,31,000,00,0,1,01,B01
200700038348,0,07,000,00,2,2,15,A01
200700038349,0,33,000,00,1,1,08,A01
200700038350,0,07,000,00,2,3,01,A01
200700038350,0,07,000,00,2,2,01,B01
200700038351,0,10,000,00,9,2,01,A01
200700038351,0,01,000,00,2,1,01,B01
200700038352,0,07,000,00,2,1,01,A01
200700038352,0,07,000,00,2,7,01,B01
200700038353,0,07,000,00,2,2,14,A01
200700038353,0,33,000,00,2,8,01,B01
200700038354,0,07,000,00,1,1,01,A01
200700038355,1,10,000,00,1,1,01,A01
200700038356,0,07,000,00,2,3,15,A01
200700038356,0,30,000,00,0,7,01,B01
200700038357,2,30,000,00,0,1,00,A01
200700038358,0,07,000,00,2,8,01,A01
200700038358,0,07,000,00,2,1,01,B01
200700038359,0,01,000,00,2,1,01,A01
200700038359,0,07,000,00,9,8,01,B01
200700038360,0,07,000,00,2,1,01,A01
200700038360,0,07,000,00,2,3,01,B01
200700038361,0,07,000,00,2,1,01,A01
200700038361,0,07,000,00,2,6,01,C01
200700038361,0,07,000,00,2,4,01,B01
200700038362,0,07,000,00,2,1,02,A01
200700038362,0,07,000,00,0,4,01,B01
200700038363,0,07,000,00,1,4,04,A01
200700038364,0,37,000,00,1,2,01,A01
200700038365,0,30,000,00,2,1,01,A01
200700038365,0,07,000,00,2,7,01,B01
200700038366,0,01,000,00,0,7,01,B01
200700038366,0,10,000,00,2,1,01,A01
200700038367,0,10,000,00,2,3,09,A01
200700038367,0,37,000,00,2,2,08,B01
200700038368,0,32,000,00,1,1,01,A01
200700038369,0,30,000,00,2,1,19,A01
200700038369,0,07,000,00,2,1,01,B01
200700038370,0,40,000,00,1,1,01,A01
200700038371,0,02,000,00,1,1,01,A01
200700038372,0,10,000,00,2,1,01,A01
200700038372,0,32,000,00,2,1,01,B01
200700038373,0,07,000,00,2,8,22,A01
200700038373,0,02,000,00,2,3,21,B01
200700038373,0,07,000,00,0,2,01,C01
200700038374,0,07,000,00,1,1,01,A01
200700038375,0,30,000,00,0,2,00,A01
200700038376,0,15,000,00,2,1,02,A01
200700038376,0,07,000,00,2,4,02,B01
200700038376,0,07,000,00,0,4,02,C01
200700038377,0,07,000,04,0,3,02,A01
200700038378,0,07,000,00,2,1,02,A01
200700038378,0,07,000,00,0,4,01,B01
200700038379,0,07,000,00,2,3,11,A01
200700038379,0,05,000,00,0,7,02,B01
200700038380,0,07,000,04,0,4,02,A01
200700038381,0,07,000,03,0,1,02,A01
200700038382,0,07,000,04,0,2,02,A01
200700038383,0,07,000,03,0,1,02,A01
200700038384,0,07,000,00,2,5,02,B01
200700038384,0,05,000,00,2,1,02,A01
200700038385,0,07,000,04,0,9,02,A01
200700038386,0,18,001,00,2,1,02,A01
200700038386,0,07,000,00,0,4,02,B01
200700038387,0,07,000,04,0,3,02,A01
200700038388,0,10,000,00,2,1,02,A01
200700038388,0,10,000,00,0,4,02,B01
200700038389,0,05,000,00,0,8,02,A01
200700038390,0,10,000,09,0,1,02,A01
200700038391,0,07,000,00,2,3,02,A01
200700038391,0,07,000,00,0,4,02,B01
200700038392,0,07,000,04,0,1,02,A01
200700038393,0,07,000,00,0,4,01,A01
200700038393,1,99,000,00,2,1,02,B01
200700038394,0,07,000,00,1,2,01,A01
200700038395,0,07,000,00,0,6,00,B01
200700038395,0,07,000,00,2,2,02,A01
200700038396,0,07,000,00,1,1,01,A01
200700038397,0,33,000,15,2,9,01,A01
200700038397,1,07,000,00,2,0,17,B01
200700038398,0,32,000,00,2,1,01,B01
200700038398,0,07,000,00,2,5,15,A01
200700038399,0,07,000,00,1,2,15,A01
200700038400,0,07,000,03,0,4,01,A01
200700038400,0,07,000,00,2,1,02,B01
200700038401,0,07,000,03,2,1,21,A01
200700038401,0,33,000,00,0,8,17,B01
200700038402,0,07,000,00,0,8,01,B01
200700038402,0,17,000,00,2,2,12,A01
200700038403,0,33,000,00,2,1,13,B01
200700038403,0,33,000,00,0,6,01,A01
200700038404,0,07,000,00,2,2,12,B01
200700038404,0,07,000,16,0,6,01,A01
200700038405,0,07,000,00,2,1,02,C01
200700038405,0,07,000,00,2,4,23,B01
200700038405,0,07,000,00,0,4,23,A01
200700038406,0,10,000,00,2,1,02,B01
200700038406,0,07,000,00,0,4,01,A01
200700038407,0,07,000,03,0,2,13,A01
200700038408,0,07,000,00,9,1,17,C01
200700038408,0,07,000,00,9,8,17,B01
200700038408,0,17,000,03,0,8,11,A01
200700038409,0,07,000,00,2,4,02,B01
200700038409,0,07,000,03,2,1,02,A01
200700038409,0,07,000,00,2,3,01,C01
200700038410,0,07,000,00,2,4,02,B01
200700038410,0,07,000,00,2,1,02,A01
200700038411,0,33,000,00,2,1,01,B01
200700038411,0,07,000,03,0,1,21,A01
200700038412,0,30,000,00,2,3,03,A01
200700038412,0,07,000,00,2,7,01,B01
200700038413,0,32,000,00,0,8,21,A01
200700038413,0,07,000,00,0,0,15,B01
200700038414,0,07,000,00,1,1,01,A01
200700038415,0,01,000,00,1,1,01,A01
200700038416,0,07,000,00,2,1,01,A01
200700038416,0,07,000,08,2,6,01,B01
200700038417,0,02,000,00,2,1,01,A01
200700038417,1,07,000,00,2,7,16,B01
200700038418,0,07,000,00,0,0,12,A01
200700038418,0,33,000,00,0,8,21,B01
200700038419,0,07,000,08,0,3,01,A01
200700038420,0,30,000,00,2,1,01,A01
200700038420,0,07,000,00,2,3,23,B01
200700038421,0,07,000,00,2,1,15,A01
200700038421,0,31,000,00,2,3,01,B01
200700038422,0,33,000,00,2,1,01,B01
200700038422,0,10,000,00,2,4,04,A01
200700038423,0,07,000,00,2,1,01,A01
200700038423,0,32,000,00,2,4,01,B01
200700038424,0,10,000,00,1,2,01,A01
200700038425,0,33,000,00,2,7,01,B01
200700038425,0,07,000,00,2,2,09,A01
200700038426,0,07,000,00,1,4,04,A01
200700038427,0,07,000,00,1,1,01,A01
200700038428,0,07,000,00,1,1,01,A01
200700038429,0,34,000,00,2,8,01,A01
200700038429,0,07,000,00,2,2,00,B01
200700038430,0,07,000,00,1,1,01,A01
200700038431,0,07,000,00,2,3,15,B01
200700038431,0,37,050,00,2,3,01,A01
200700038432,0,07,000,00,1,1,01,A01
200700038433,0,31,000,00,2,1,01,A01
200700038433,0,07,000,00,2,1,01,B01
200700038434,0,07,000,03,0,3,01,A01
200700038435,0,17,000,00,2,3,11,A01
200700038435,0,07,000,04,2,2,17,B01
200700038436,0,10,000,13,0,1,14,A01
200700038437,0,07,000,00,2,3,14,A01
200700038437,0,07,000,04,0,5,14,B01
200700038438,0,10,000,04,0,1,01,A01
200700038439,0,07,000,04,0,3,21,A01
200700038440,0,07,000,00,2,2,00,A01
200700038440,0,07,000,00,0,6,02,B01
200700038441,0,15,000,00,2,7,12,A01
200700038441,0,07,000,00,2,8,01,B01
200700038442,0,07,000,04,0,1,01,A01
200700038443,0,17,000,04,0,1,01,A01
200700038444,0,33,000,03,0,1,00,A01
200700038444,0,07,000,00,9,8,01,B01
200700038445,0,07,000,00,2,8,11,A01
200700038445,0,10,000,00,2,5,01,B01
200700038445,0,17,000,00,2,2,01,C01
200700038446,0,07,000,04,0,1,01,A01
200700038447,0,34,000,16,0,7,01,A01
200700038448,0,07,000,00,2,6,11,A01
200700038448,0,07,000,00,2,2,01,B01
200700038448,1,15,000,00,2,2,01,C01
200700038449,0,07,000,03,0,2,02,A01
200700038450,0,07,000,00,2,1,02,A01
200700038450,0,07,000,00,0,4,02,B01
200700038450,0,07,000,00,0,4,02,C01
200700038451,0,16,000,03,0,7,20,A01
200700038452,0,07,000,00,2,2,14,A01
200700038452,0,07,000,13,0,4,01,B01
200700038453,0,15,000,00,2,7,12,A01
200700038453,0,07,000,15,2,8,01,B01
200700038454,0,07,000,00,2,1,02,A01
200700038454,0,07,000,00,0,4,01,B01
200700038454,0,07,000,00,2,4,02,C01
200700038454,0,07,000,00,2,1,02,D01
200700038455,0,07,000,01,0,1,02,A01
200700038455,0,14,000,00,0,4,23,B01
200700038456,0,33,000,04,0,3,01,A01
200700038457,0,07,000,04,0,9,11,A01
200700038457,1,07,000,00,0,0,11,B01
200700038458,0,15,000,00,2,2,12,A01
200700038458,0,07,000,00,2,6,02,B01
200700038459,0,07,000,03,0,3,01,A01
200700038460,0,10,000,06,0,7,00,A01
200700038461,0,07,000,00,2,8,00,A01
200700038461,0,07,000,00,2,8,01,B01
200700038461,0,07,000,00,2,2,01,C01
200700038462,0,07,000,00,2,1,02,A01
200700038462,0,07,000,00,2,9,02,B01
200700038462,0,07,000,00,2,4,23,C01
200700038463,0,10,000,00,2,1,02,A01
200700038463,0,33,000,00,2,4,02,B01
200700038464,0,07,000,00,0,3,15,A01
200700038464,0,30,000,00,0,9,17,B01
200700038465,0,07,000,00,1,3,15,A01
200700038466,0,34,000,00,2,7,00,A01
200700038466,0,07,000,00,2,1,15,B01
200700038467,0,02,000,00,0,8,00,A01
200700038467,0,07,000,00,0,8,20,B01
200700038468,0,07,000,00,2,3,10,A01
200700038468,0,31,000,00,2,1,00,B01
200700038469,0,07,000,00,0,3,10,A01
200700038469,0,32,000,00,0,1,00,B01
200700038470,0,30,000,00,0,2,01,A01
200700038471,0,07,000,00,0,0,02,A01
200700038472,0,33,000,03,0,8,21,A01
200700038473,0,33,000,00,2,7,00,B01
200700038473,0,31,000,00,2,8,14,A01
200700038474,0,07,000,00,2,7,12,A01
200700038474,0,31,000,00,2,8,03,B01
200700038475,0,07,000,00,0,9,02,A01
200700038476,0,07,000,00,2,4,02,A01
200700038476,1,07,000,00,2,1,02,B01
200700038477,0,10,000,00,0,4,01,A01
200700038477,0,10,000,00,2,1,01,B01
200700038478,0,07,000,00,0,4,01,A01
200700038478,0,10,000,00,2,1,01,B01
200700038478,0,10,000,00,2,1,01,C01
200700038479,0,07,000,07,0,1,14,A01
200700038480,0,07,000,00,2,1,01,A01
200700038480,0,10,000,00,0,4,01,B01
200700038481,0,07,000,00,2,3,01,A01
200700038481,0,15,000,00,2,7,01,B01
200700038481,0,15,000,00,2,2,12,C01
200700038482,0,07,000,04,0,1,11,A01
200700038483,0,07,000,00,2,7,02,A01
200700038483,0,31,000,00,2,1,01,B01
200700038484,0,05,000,00,2,0,00,A01
200700038484,0,07,000,03,2,2,21,B01
200700038485,0,07,000,00,0,4,23,A01
200700038485,0,07,000,00,2,1,01,B01
200700038486,0,07,000,03,0,1,00,A01
200700038486,0,07,000,14,0,1,01,B01
200700038486,0,07,000,14,0,1,01,C01
200700038486,0,07,000,00,0,4,03,D01
200700038486,0,07,000,00,2,1,02,E01
200700038487,0,07,000,00,0,4,01,A01
200700038487,0,07,000,00,2,1,02,B01
200700038488,0,07,000,00,0,4,02,A01
200700038488,0,10,000,00,2,4,02,B01
200700038488,0,07,000,00,2,1,02,C01
200700038489,0,07,000,00,0,4,02,A01
200700038489,1,07,000,00,2,1,11,B01
200700038490,0,07,000,00,2,2,12,A01
200700038490,0,07,000,00,2,3,01,B01
200700038490,0,07,000,00,0,4,01,C01
200700038491,0,07,000,06,0,3,01,A01
200700038492,0,07,000,00,0,1,00,A01
200700038493,0,07,000,00,0,4,01,A01
200700038493,0,07,000,00,2,4,01,B01
200700038493,0,07,000,00,2,1,01,C01
200700038493,0,07,000,00,2,1,01,D01
200700038493,0,07,000,00,2,1,01,E01
200700038494,0,10,000,00,0,4,01,A01
200700038494,0,07,000,00,2,4,01,B01
200700038494,0,07,000,00,2,1,01,C01
200700038495,0,07,000,00,2,4,01,A01
200700038495,0,07,000,00,2,1,01,B01
200700038496,0,07,000,00,2,4,01,A01
200700038497,0,07,000,00,0,1,12,A01
200700038498,0,07,000,00,0,1,00,A01
200700038499,0,07,000,00,2,1,02,A01
200700038499,0,07,000,00,0,4,21,B01
200700038499,0,07,000,00,2,4,14,C01
200700038499,0,10,000,00,2,1,02,D01
200700038499,0,07,000,03,0,5,02,E01
200700038500,0,10,000,13,0,2,01,A01
200700038501,0,07,000,04,2,2,01,A01
200700038501,1,07,000,00,2,3,11,B01
200700038502,0,07,000,00,0,4,01,A01
200700038502,0,33,000,00,2,1,02,B01
200700038503,0,07,000,00,0,9,02,A01
200700038504,0,33,000,00,2,8,18,A01
200700038505,0,07,000,00,0,3,01,B01
200700038506,0,07,000,03,0,3,13,A01
200700038507,0,07,000,00,0,4,02,A01
200700038507,0,07,000,00,2,4,02,B01
200700038507,0,07,000,00,2,1,02,C01
200700038508,0,07,000,03,0,5,14,A01
200700038509,0,07,000,00,2,4,02,A01
200700038509,0,07,000,00,2,1,02,B01
200700038510,0,07,000,00,0,4,02,A01
200700038510,0,07,000,00,2,1,02,B01
200700038511,0,32,000,00,2,1,00,A01
200700038511,0,30,000,00,2,1,05,B01
200700038512,0,07,000,04,0,4,01,A01
200700038512,1,07,000,00,2,2,03,B01
200700038513,0,07,000,00,0,4,01,A01
200700038513,0,07,000,00,2,1,01,B01
200700038514,0,07,000,00,2,6,02,A01
200700038514,0,32,000,00,2,1,02,B01
200700038515,0,07,000,02,2,6,12,A01
200700038515,0,07,000,00,2,2,01,B01
200700038516,0,32,000,00,0,4,02,A01
200700038516,0,07,000,04,2,1,02,B01
200700038517,0,33,000,00,2,3,18,B01
200700038517,0,07,000,00,2,7,14,A01
200700038518,0,07,000,02,0,0,00,A01