Num_Acc,senc,catv,occutc,obs,obsm,choc,manv,num_veh
200700038519,0,07,000,03,0,1,01,A01
200700038519,1,07,000,00,0,0,03,B01
200700038520,1,10,000,00,2,6,11,A01
200700038520,0,33,000,00,2,3,03,B01
200700038521,0,07,000,00,1,5,04,A01
200700038522,0,07,000,00,0,3,15,A01
200700038522,0,34,000,00,0,0,00,B01
200700038523,0,33,000,00,0,8,02,A01
200700038523,0,10,000,00,2,2,16,B01
200700038524,0,07,000,00,0,2,15,A01
200700038524,0,32,000,00,0,3,01,B01
200700038525,0,07,000,15,2,8,01,A01
200700038525,0,07,000,14,2,7,02,B01
200700038526,0,07,000,00,2,2,13,B01
200700038526,0,07,000,08,2,1,01,A01
200700038527,0,07,000,00,0,5,22,A01
200700038527,0,33,000,00,0,8,18,B01
200700038528,0,30,000,00,1,1,01,A01
200700038529,0,30,000,09,0,1,01,A01
200700038530,0,13,000,00,2,2,16,B01
200700038530,0,01,000,00,2,1,16,A01
200700038531,0,02,000,00,1,1,01,A01
200700038532,0,07,000,00,0,6,02,B01
200700038532,0,07,000,00,2,2,02,A01
200700038533,0,07,000,00,1,2,15,A01
200700038534,0,07,000,00,0,2,09,A01
200700038534,0,30,000,00,0,1,00,B01
200700038535,0,33,000,00,0,7,02,A01
200700038536,0,10,000,00,1,4,04,A01
200700038537,0,10,000,00,2,3,02,B01
200700038537,1,07,000,00,0,0,02,A01
200700038538,0,07,000,00,1,3,15,A01
200700038539,0,07,000,00,1,1,02,A01
200700038540,0,02,000,00,2,1,01,A01
200700038540,0,07,000,00,2,1,01,B01
200700038541,0,30,000,00,0,0,13,A01
200700038542,0,32,000,00,2,1,01,A01
200700038543,0,07,000,11,0,5,12,A01
200700038543,0,37,012,00,2,2,02,B01
200700038544,0,34,000,00,1,1,02,A01
200700038545,0,07,000,00,0,3,00,A01
200700038545,0,30,000,00,0,8,00,B01
200700038546,0,33,000,00,2,4,02,A01
200700038546,0,01,000,00,2,1,00,B01
200700038547,0,07,000,14,0,1,11,A01
200700038548,0,16,000,00,1,6,04,A01
200700038549,0,31,000,00,0,0,01,B01
200700038549,0,30,000,00,2,0,05,A01
200700038550,0,07,000,00,0,6,01,B01
200700038550,0,02,000,00,2,1,01,A01
200700038551,0,30,000,00,1,1,21,A01
200700038552,0,10,000,00,0,0,02,B01
200700038552,0,34,000,00,0,0,02,A01
200700038553,0,34,000,00,2,2,02,A01
200700038553,0,32,000,00,0,6,02,B01
200700038554,0,07,000,00,1,6,04,A01
200700038555,0,07,000,00,0,7,22,A01
200700038555,0,07,000,00,0,8,23,C01
200700038555,0,30,000,01,2,3,03,B01
200700038556,0,10,000,00,2,3,14,A01
200700038556,0,31,000,00,2,2,17,B01
200700038557,0,33,000,00,2,1,02,B01
200700038557,0,07,000,00,2,1,02,A01
200700038558,0,07,000,00,1,7,01,A01
200700038559,0,10,000,00,2,1,02,A01
200700038559,0,34,000,00,2,4,02,B01
200700038560,0,33,000,00,2,8,01,B01
200700038560,0,07,000,00,2,1,13,A01
200700038561,0,07,000,00,2,7,01,A01
200700038561,0,02,000,00,2,8,01,B01
200700038562,0,10,000,01,0,0,00,A01
200700038562,0,34,000,00,0,0,00,B01
200700038563,0,07,000,00,0,3,02,A01
200700038563,0,30,000,00,0,5,02,B01
200700038564,0,01,000,00,0,8,11,A01
200700038564,0,30,000,00,0,2,02,B01
200700038565,0,30,000,00,2,8,01,A01
200700038565,0,07,000,00,2,2,16,B01
200700038566,0,32,000,00,2,8,09,A01
200700038566,0,07,000,00,2,7,09,B01
200700038567,0,32,000,00,0,4,02,A01
200700038567,0,33,000,00,2,1,02,B01
200700038567,0,32,000,00,2,5,02,C01
200700038568,0,07,000,00,2,2,12,A01
200700038568,0,01,000,00,2,3,01,B01
200700038569,0,30,000,00,2,7,01,A01
200700038569,0,07,000,00,2,2,02,B01
200700038570,0,33,000,00,1,1,21,A01
200700038571,0,10,000,00,2,7,02,A01
200700038571,0,34,000,00,0,8,02,B01
200700038572,0,10,000,00,2,2,09,B01
200700038572,0,30,000,00,2,3,07,A01
200700038573,0,33,000,00,9,3,02,A01
200700038573,0,01,000,00,2,7,07,B01
200700038574,0,33,000,00,0,0,01,A01
200700038575,0,07,000,00,1,3,01,A01
200700038576,0,07,000,00,2,3,01,B01
200700038576,0,07,000,00,2,2,02,A01
200700038577,0,34,000,00,0,8,00,A01
200700038578,0,10,000,00,1,0,04,A01
200700038579,0,07,000,00,0,0,00,B01
200700038579,0,30,000,00,2,8,00,A01
200700038580,0,07,000,00,2,8,02,B01
200700038580,1,07,000,00,2,1,02,A01
200700038581,0,07,000,00,1,3,02,A01
200700038582,0,02,000,01,0,2,14,A01
200700038583,0,30,000,00,0,0,00,A01
200700038584,0,07,000,00,2,5,01,A01
200700038584,0,01,000,00,2,5,01,B01
200700038585,0,30,000,00,0,7,01,A01
200700038586,0,14,000,00,0,7,16,A01
200700038586,0,01,000,00,2,0,02,B01
200700038587,0,33,000,01,0,1,02,A01
200700038588,0,07,000,00,0,5,22,A01
200700038588,0,32,000,00,0,2,21,C01
200700038588,0,07,000,00,0,6,14,B01
200700038589,0,32,000,00,1,0,00,A01
200700038590,0,32,000,00,0,3,00,A01
200700038591,0,02,000,12,0,2,02,A01
200700038592,0,07,000,00,0,8,02,B01
200700038592,0,34,000,00,2,2,17,A01
200700038593,0,07,000,00,0,5,02,B01
200700038593,0,31,000,00,2,1,02,A01
200700038594,0,31,000,00,0,7,01,B01
200700038594,0,33,000,00,0,3,02,A01
200700038595,0,38,058,00,0,1,02,A01
200700038595,0,07,000,00,0,4,02,B01
200700038596,0,31,000,00,2,1,02,A01
200700038596,0,07,000,00,0,5,02,B01
200700038597,0,33,000,00,0,8,00,A01
200700038598,0,34,000,08,2,1,02,B01
200700038598,0,34,000,08,0,7,15,A01
200700038599,0,33,000,09,1,3,05,A01
200700038600,0,30,000,00,2,1,02,A01
200700038600,0,07,000,00,0,4,20,B01
200700038601,0,07,000,00,0,5,16,A01
200700038601,0,01,000,01,2,1,01,B01
200700038602,0,37,046,00,0,1,02,A01
200700038602,0,01,000,00,2,8,19,B01
200700038603,0,07,000,00,0,0,02,A01
200700038603,0,31,000,00,2,0,02,B01
200700038604,0,02,000,14,0,8,01,A01
200700038605,0,02,000,00,1,1,01,A01
200700038606,0,07,000,00,0,2,02,A01
200700038606,0,01,000,00,0,4,18,B01
200700038607,0,07,000,00,0,2,02,A01
200700038607,0,32,000,00,0,4,02,B01
200700038608,0,07,000,00,1,2,05,A01
200700038609,0,07,000,00,2,8,11,A01
200700038609,0,30,000,00,2,2,01,B01
200700038610,0,07,000,00,2,3,02,A01
200700038610,0,33,000,00,2,4,02,B01
200700038610,0,07,000,00,2,7,14,C01
200700038611,0,02,000,11,0,1,01,A01
200700038612,0,10,000,00,1,2,00,A01
200700038613,0,32,000,00,2,8,02,B01
200700038613,0,07,000,00,2,7,02,A01
200700038614,0,07,000,00,0,2,02,A01
200700038615,0,32,000,00,2,4,02,A01
200700038615,0,07,000,00,0,0,02,B01
200700038616,0,07,000,00,0,1,02,A01
200700038616,0,33,000,00,0,2,15,B01
200700038617,0,01,000,01,0,1,02,A01
200700038618,0,13,000,00,0,1,02,A01
200700038618,0,07,000,00,0,4,02,B01
200700038619,0,07,000,00,1,1,02,A01
200700038620,0,38,001,00,1,5,16,A01
200700038621,0,07,000,00,2,2,01,A01
200700038621,0,13,000,01,0,3,00,C01
200700038622,0,34,000,00,1,0,01,B01
200700038623,0,02,000,01,0,2,02,B01
200700038623,0,07,000,00,0,3,00,A01
200700038624,0,07,000,00,0,3,07,A01
200700038624,0,01,000,00,2,1,02,B01
200700038625,0,33,000,00,2,2,02,A01
200700038625,0,07,000,00,0,3,15,B01
200700038626,0,31,000,00,2,3,07,A01
200700038626,0,10,000,00,2,2,16,B01
200700038627,0,07,000,01,1,1,01,A01
200700038628,0,32,000,00,0,8,01,A01
200700038628,0,10,000,00,0,2,16,B01
200700038629,0,10,000,00,1,2,01,A01
200700038630,0,07,000,00,0,4,00,B01
200700038630,0,01,000,14,0,4,02,A01
200700038631,0,31,000,00,2,1,15,A01
200700038631,0,30,000,00,2,1,00,B01
200700038632,0,07,000,00,2,8,11,A01
200700038632,0,33,000,00,2,4,02,B01
200700038633,0,07,000,00,1,2,00,A01
200700038634,0,07,000,00,0,0,09,A01
200700038634,0,32,000,00,2,0,21,B01
200700038635,0,07,000,00,1,8,08,A01
200700038636,0,32,000,00,0,7,11,A01
200700038637,0,02,000,00,9,3,01,A01
200700038638,0,07,000,00,0,4,23,B01
200700038638,0,33,000,00,2,4,02,A01
200700038639,0,07,000,00,2,3,01,B01
200700038639,0,30,000,00,2,3,17,A01
200700038640,0,33,000,00,2,7,02,B01
200700038640,0,07,000,00,2,7,09,A01
200700038641,0,07,000,00,1,2,15,A01
200700038642,0,07,000,00,9,8,24,A01
200700038642,0,01,000,01,0,8,22,B01
200700038643,0,32,000,01,0,2,02,B01
200700038643,0,10,000,00,0,8,00,A01
200700038644,0,01,000,00,0,8,01,A01
200700038644,1,99,000,00,0,8,15,B01
200700038645,0,07,000,12,1,1,20,A01
200700038646,0,07,000,09,0,1,21,A01
200700038647,0,33,000,00,0,0,01,A01
200700038648,0,30,000,00,2,2,01,B01
200700038648,0,01,000,00,2,8,19,A01
200700038649,0,32,000,00,0,0,00,A01
200700038650,0,07,000,00,1,2,00,A01
200700038651,0,02,000,14,0,1,07,A01
200700038652,0,07,000,00,2,1,01,A01
200700038652,0,07,000,01,0,6,02,B01
200700038653,0,07,000,00,2,1,05,A01
200700038653,0,10,000,00,2,3,02,B01
200700038654,1,99,000,00,1,4,04,A01
200700038655,0,02,000,00,0,8,00,A01
200700038656,0,07,000,00,2,8,16,B01
200700038656,0,38,002,00,0,7,16,A01
200700038657,0,07,000,00,1,3,15,B01
200700038657,0,02,000,00,2,7,17,A01
200700038658,0,07,000,00,1,6,04,A01
200700038659,0,31,000,00,2,0,01,A01
200700038660,0,07,000,00,2,1,02,A01
200700038660,0,07,000,00,0,4,02,B01
200700038661,0,02,000,00,2,3,02,A01
200700038661,0,07,000,00,0,3,15,B01
200700038662,0,31,000,00,2,1,02,A01
200700038662,0,07,000,00,0,5,02,B01
200700038663,0,07,000,00,1,2,02,A01
200700038664,0,33,000,00,2,7,02,A01
200700038664,0,07,000,00,0,5,02,B01
200700038665,0,07,000,00,2,3,05,A01
200700038665,0,07,000,00,2,8,05,B01
200700038666,0,07,000,00,2,1,02,A01
200700038666,0,07,000,00,2,4,02,B01
200700038667,0,07,000,00,1,1,00,A01
200700038668,0,07,000,00,1,5,04,A01
200700038669,0,33,000,00,2,8,21,A01
200700038669,0,33,000,00,0,8,02,B01
200700038670,0,07,000,00,2,8,00,B01
200700038670,0,34,000,00,2,8,00,C01
200700038670,0,07,000,00,2,7,00,A01
200700038671,0,33,000,00,2,1,01,A01
200700038671,0,34,000,14,0,5,12,B01
200700038672,0,01,000,00,2,1,02,B01
200700038672,0,07,000,00,0,3,15,A01
200700038673,0,07,000,00,1,3,04,A01
200700038674,0,10,000,06,0,1,02,A01
200700038675,0,07,000,00,1,3,02,A01
200700038676,0,07,000,00,1,0,02,A01
200700038677,0,33,000,00,1,1,01,A01
200700038678,0,31,000,00,2,4,19,A01
200700038678,0,30,000,00,2,8,21,B01
200700038679,0,07,000,01,2,5,09,A01
200700038679,0,32,000,01,2,2,03,B01
200700038680,0,31,000,01,1,0,20,A01
200700038681,0,10,000,00,2,1,01,A01
200700038681,0,31,000,00,0,4,01,B01
200700038682,0,07,000,00,1,4,04,A01
200700038683,0,07,000,00,0,0,00,A01
200700038683,0,34,000,00,2,7,01,B01
200700038684,0,07,000,00,0,3,02,B01
200700038684,0,02,000,00,0,2,02,A01
200700038685,0,07,000,00,1,3,00,A01
200700038686,0,31,000,14,1,1,02,A01
200700038686,0,07,000,00,9,6,02,B01
200700038687,0,07,000,00,1,1,08,A01
200700038688,0,07,000,00,1,3,02,A01
200700038689,0,07,000,09,2,9,11,A01
200700038689,0,13,000,00,2,3,11,B01
200700038690,0,30,000,00,0,0,21,A01
200700038691,0,34,000,00,2,3,00,A01
200700038691,0,34,000,00,2,2,02,B01
200700038692,0,07,000,00,0,0,00,A01
200700038693,0,99,000,00,0,3,00,A01
200700038694,0,33,000,00,2,8,21,A01
200700038695,0,07,000,00,0,8,00,A01
200700038695,0,31,000,15,2,1,00,B01
200700038696,0,32,000,00,2,1,00,A01
200700038697,0,07,000,00,2,3,15,A01
200700038697,0,02,000,00,2,1,01,B01
200700038698,1,07,200,00,0,1,10,A01
200700038699,0,07,000,00,2,3,02,A01
200700038699,0,20,000,00,2,5,02,B01
200700038700,0,37,011,00,0,6,23,B01
200700038700,0,01,000,00,0,2,17,A01
200700038701,0,07,000,00,2,2,00,A01
200700038701,0,01,000,00,2,3,00,B01
200700038702,0,07,000,00,0,6,02,B01
200700038702,0,30,000,00,2,9,02,A01
200700038703,0,32,000,00,1,2,19,A01
200700038704,0,31,000,14,0,7,00,A01
200700038705,0,33,000,00,2,2,00,A01
200700038705,0,07,000,00,2,1,00,B01
200700038706,0,30,000,00,2,4,02,B01
200700038706,0,07,000,00,2,1,02,A01
200700038706,0,07,000,00,0,4,02,C01
200700038707,0,33,000,00,2,5,00,A01
200700038707,0,07,000,00,2,1,09,B01
200700038708,0,07,000,00,2,2,09,A01
200700038708,0,32,000,00,2,3,09,B01
200700038709,0,32,000,00,1,3,00,A01
200700038710,0,30,000,08,0,2,01,A01
200700038711,0,34,000,00,1,7,00,A01
200700038712,0,07,000,00,2,8,01,A01
200700038712,0,33,000,00,2,1,01,B01
200700038713,0,07,000,00,2,3,02,B01
200700038713,0,33,000,14,2,1,01,A01
200700038714,0,37,062,00,1,2,19,A01
200700038715,0,32,000,08,0,1,02,A01
200700038716,0,07,000,00,2,2,01,A01
200700038716,0,07,000,01,2,3,09,B01
200700038717,0,37,000,00,1,1,07,A01
200700038718,0,07,000,00,0,0,02,A01
200700038718,0,01,000,00,0,0,02,B01
200700038719,0,34,000,14,0,2,02,A01
200700038719,0,07,000,00,2,4,23,B01
200700038720,0,32,000,00,2,8,19,A01
200700038720,0,30,000,00,2,1,19,B01
200700038721,1,10,000,00,2,1,02,A01
200700038721,0,33,000,00,0,5,02,B01
200700038722,0,31,000,00,0,0,02,A01
200700038723,0,07,000,00,0,2,12,A01
200700038723,0,33,000,00,0,8,02,B01
200700038724,0,02,000,00,1,1,00,A01
200700038725,0,07,000,00,1,4,04,A01
200700038726,0,10,000,00,1,5,16,A01
200700038727,0,07,000,00,0,3,10,A01
200700038727,0,30,000,00,2,1,13,B01
200700038728,0,07,000,00,1,3,09,A01
200700038729,0,07,000,00,0,8,22,A01
200700038729,0,34,000,01,0,2,21,B01
200700038730,0,02,000,14,0,5,01,B01
200700038730,0,07,000,01,2,3,01,A01
200700038730,0,07,000,00,2,2,01,C01
200700038731,0,31,000,00,1,0,01,A01
200700038732,0,07,000,14,0,1,02,A01
200700038733,0,32,000,00,2,1,01,A01
200700038733,1,07,000,00,2,0,10,B01
200700038734,0,07,000,00,1,1,01,A01
200700038735,0,07,000,00,1,4,04,A01
200700038736,0,07,000,00,2,0,11,A01
200700038736,0,33,000,00,2,0,01,B01
200700038737,0,32,000,01,0,1,00,A01
200700038737,0,07,000,00,0,0,02,B01
200700038737,0,07,000,00,0,5,02,C01
200700038738,0,33,000,00,2,4,00,B01
200700038738,0,02,000,00,9,4,00,A01
200700038739,0,32,000,00,2,1,00,B01
200700038739,0,01,000,00,2,3,05,A01
200700038740,0,38,093,00,1,2,01,A01
200700038741,0,34,000,00,2,1,02,A01
200700038741,0,07,000,00,0,6,23,B01
200700038742,0,37,010,00,1,7,00,A01
200700038743,0,07,000,02,0,1,01,A01
200700038744,0,30,000,00,6,0,00,A01
200700038745,0,13,000,00,1,2,00,A01
200700038746,0,07,000,00,9,5,00,A01
200700038746,0,01,000,01,0,1,00,B01
200700038747,0,30,000,00,2,2,11,A01
200700038748,0,07,000,00,2,2,10,A01
200700038748,0,33,000,00,2,8,01,B01
200700038749,0,07,000,00,9,3,22,A01
200700038749,0,01,000,01,0,1,01,B01
200700038750,0,07,000,00,2,7,02,A01
200700038750,0,32,000,00,2,2,01,B01
200700038751,1,32,000,00,9,1,01,A01
200700038752,0,34,000,01,1,2,02,A01
200700038752,0,07,000,00,2,3,11,B01
200700038753,0,07,000,00,2,2,24,A01
200700038753,0,33,000,00,2,1,01,B01
200700038753,0,07,000,00,0,3,00,C01
200700038754,0,07,000,14,0,1,03,A01
200700038755,0,02,000,00,1,1,17,A01
200700038756,0,01,000,00,0,1,01,B01
200700038756,0,01,000,00,2,4,01,A01
200700038757,1,07,000,00,0,0,04,A01
200700038758,0,07,000,00,2,3,15,A01
200700038758,0,30,000,00,2,8,02,B01
200700038759,0,01,000,00,2,1,01,A01
200700038759,0,32,000,00,2,2,01,B01
200700038760,0,10,000,00,0,3,11,A01
200700038760,0,33,000,00,2,7,17,B01
200700038761,0,07,000,00,2,8,23,A01
200700038761,0,01,000,01,0,1,01,B01
200700038762,0,30,000,00,2,1,01,A01
200700038762,0,07,000,00,2,3,01,B01
200700038763,0,07,000,00,2,2,16,B01
200700038763,0,02,000,00,2,3,01,A01
200700038764,0,32,000,00,1,0,02,A01
200700038765,0,33,000,01,2,0,02,A01
200700038766,0,32,000,00,0,2,01,A01
200700038767,0,33,000,00,0,8,00,B01
200700038767,0,10,000,00,0,2,01,A01
200700038768,0,07,000,08,0,9,02,A01
200700038769,0,30,000,00,0,0,00,B01
200700038769,0,07,000,00,0,6,00,A01
200700038770,0,30,000,00,2,3,10,A01
200700038770,0,32,000,00,2,2,01,B01
200700038771,0,33,000,00,0,0,01,A01
200700038771,1,31,000,00,0,0,19,B01
200700038772,1,32,000,00,1,0,01,A01
200700038773,0,10,000,00,0,2,02,A01
200700038774,0,07,000,00,2,7,02,A01
200700038774,0,34,000,16,1,1,02,B01
200700038775,0,07,000,00,2,4,02,B01
200700038775,0,07,000,00,2,1,02,A01
200700038776,1,07,000,00,2,1,02,A01
200700038776,0,30,000,00,0,4,02,B01
200700038777,0,32,000,00,2,7,16,A01
200700038777,0,07,000,00,2,3,07,B01
200700038778,0,32,000,00,2,6,02,B01
200700038778,0,07,000,00,0,3,15,A01
200700038779,0,33,000,00,0,8,00,A01
200700038780,0,30,000,00,0,0,02,B01
200700038780,0,07,000,00,0,0,15,A01
200700038781,0,02,000,00,2,7,21,B01
200700038781,0,07,000,00,2,0,15,A01
200700038782,0,30,000,00,2,1,02,A01
200700038783,0,01,000,00,0,8,01,A01
200700038783,1,07,000,00,2,7,16,B01
200700038784,0,07,000,00,1,1,01,A01
200700038785,0,02,000,00,2,1,00,A01
200700038785,0,01,000,00,2,7,00,B01
200700038786,0,07,000,00,1,5,04,A01
200700038787,0,07,000,01,9,7,22,A01
200700038787,0,01,000,01,9,1,18,B01
200700038788,0,33,000,00,1,1,01,A01
200700038789,0,31,000,11,0,3,00,A01
200700038790,0,32,000,00,1,1,17,A01
200700038791,0,07,000,00,9,7,19,A01
200700038791,0,01,000,00,2,2,01,B01
200700038792,0,33,000,00,0,7,01,A01
200700038792,0,01,000,00,2,8,01,B01
200700038793,0,07,000,00,1,1,01,A01
200700038794,0,07,000,00,2,3,15,A01
200700038794,0,07,000,09,2,3,01,B01
200700038795,0,07,000,00,0,2,12,B01
200700038795,0,30,000,00,2,3,18,A01
200700038796,0,01,000,00,0,0,00,A01
200700038797,0,01,000,00,2,8,02,B01
200700038797,0,10,000,00,0,0,00,A01
200700038798,0,33,000,00,2,2,01,B01
200700038798,0,17,000,00,0,6,13,A01
200700038799,0,07,000,00,2,2,16,A01
200700038799,0,07,000,00,2,3,01,B01
200700038800,0,07,000,00,0,3,02,A01
200700038800,0,07,000,00,0,4,23,B01
200700038801,0,07,000,00,1,2,01,A01
200700038802,0,07,000,00,0,1,01,A01
200700038803,0,02,000,00,0,0,01,B01
200700038803,0,10,000,00,0,0,00,A01
200700038804,0,07,000,00,0,3,15,A01
200700038804,0,32,000,00,2,1,17,B01
200700038805,0,31,000,12,0,1,01,A01
200700038806,0,33,000,00,0,1,01,A01
200700038806,0,07,000,00,0,1,01,B01
200700038807,0,30,000,00,2,1,01,B01
200700038807,0,07,000,00,0,7,15,A01
200700038808,0,01,000,00,2,4,02,B01
200700038808,0,10,000,00,2,2,02,A01
200700038809,0,32,000,15,0,1,14,A01
200700038810,0,33,000,00,9,2,01,A01
200700038811,0,10,000,06,0,1,02,A01
200700038812,0,31,000,00,0,2,02,A01
200700038813,0,07,000,00,0,7,01,A01
200700038813,0,07,000,00,0,1,01,B01
200700038814,0,07,000,15,0,3,00,A01
200700038815,0,02,000,00,0,0,00,A01
200700038816,0,02,000,00,2,1,02,A01
200700038816,0,03,000,00,2,4,02,B01
200700038817,0,07,000,00,1,0,01,A01
200700038818,0,07,000,00,1,1,01,A01
200700038819,0,30,000,00,0,1,02,A01
200700038819,0,01,000,00,0,0,00,B01
200700038820,0,32,000,00,0,8,02,B01
200700038820,0,30,000,00,0,1,02,A01
200700038821,0,31,000,00,0,8,02,A01
200700038822,0,07,000,01,0,7,01,A01
200700038822,0,07,000,00,2,1,01,B01
200700038823,0,07,000,00,0,3,02,A01
200700038823,0,07,000,00,0,5,02,B01
200700038824,0,30,000,00,1,1,01,A01
200700038825,0,02,000,00,0,0,01,A01
200700038826,0,02,000,00,0,0,01,A01
200700038827,0,31,000,00,0,8,15,A01
200700038827,0,07,000,00,0,1,01,B01
200700038828,0,30,000,00,0,0,00,A01
200700038829,0,07,000,01,2,2,01,A01
200700038829,0,07,000,00,2,1,01,B01
200700038830,0,07,000,00,2,1,02,A01
200700038830,0,07,000,00,2,4,02,B01
200700038831,1,30,000,00,1,1,02,A01
200700038832,0,07,000,00,2,6,11,B01
200700038832,0,33,000,00,2,7,03,A01
200700038833,0,13,000,00,2,6,11,A01
200700038833,0,33,000,00,0,1,01,B01
200700038834,0,33,000,00,2,7,00,A01
200700038834,0,07,000,00,2,3,19,B01
200700038835,0,07,000,00,2,2,16,A01
200700038835,0,33,000,00,2,8,16,B01
200700038836,0,14,000,00,1,7,01,A01
200700038837,0,34,000,00,0,8,01,A01
200700038837,0,07,000,00,0,7,12,B01
200700038838,0,07,000,00,0,3,11,A01
200700038838,0,33,000,00,2,7,01,B01
200700038839,0,37,042,00,0,2,07,A01
200700038840,0,07,000,00,0,3,15,A01
200700038840,0,34,000,00,2,6,02,B01
200700038841,0,32,000,00,0,7,00,A01
200700038842,0,07,000,00,1,6,04,A01
200700038843,0,10,000,00,1,2,02,A01
200700038844,0,07,000,00,1,2,01,A01
200700038845,0,10,000,00,1,8,01,A01
200700038846,0,07,000,00,0,2,09,A01
200700038846,0,07,000,01,2,3,01,B01
200700038847,0,10,000,00,1,8,07,A01
200700038848,0,32,000,00,0,0,01,B01
200700038848,0,07,000,00,0,0,01,A01
200700038849,0,37,034,00,1,8,02,A01
200700038850,0,07,000,00,2,1,02,A01
200700038850,0,07,000,00,2,4,02,B01
200700038850,0,07,000,00,2,4,02,C01
200700038850,0,07,000,00,0,4,02,D01
200700038851,0,07,000,00,1,3,01,A01
200700038852,0,30,000,00,2,1,01,A01
200700038852,0,07,000,00,2,3,01,B01
200700038853,0,14,000,00,1,8,00,A01
200700038854,0,07,000,00,1,2,02,A01
200700038855,0,33,000,00,0,7,02,A01
200700038856,0,07,000,00,1,2,02,A01
200700038857,0,07,000,00,9,2,15,A01
200700038857,0,32,000,00,2,1,01,B01
200700038858,0,10,000,00,1,2,15,A01
200700038859,0,07,000,01,0,3,05,A01
200700038860,0,40,000,00,0,0,00,A01
200700038861,0,07,000,00,2,2,01,A01
200700038861,0,01,000,00,2,3,01,B01
200700038862,0,30,000,00,2,1,02,A01
200700038862,0,33,000,08,2,4,02,B01
200700038863,0,32,000,00,1,1,01,A01
200700038864,0,07,000,08,0,2,01,A01
200700038865,0,07,000,00,1,1,00,A01
200700038866,0,38,000,00,0,0,00,A01
200700038866,0,32,000,00,0,8,02,B01
200700038867,0,33,000,00,2,1,02,B01
200700038867,0,07,000,00,0,3,15,A01
200700038868,0,07,000,00,0,3,22,A01
200700038868,0,01,000,01,0,2,17,B01
200700038869,0,02,000,00,2,1,17,A01
200700038869,0,10,000,00,2,3,15,B01
200700038870,0,33,000,00,2,7,02,A01
200700038870,0,07,000,00,0,8,02,B01
200700038871,0,01,000,00,1,3,01,A01
200700038872,0,10,000,14,0,1,01,B01
200700038872,0,07,000,00,2,1,15,A01
200700038873,0,07,000,07,0,1,01,A01
200700038874,0,07,000,00,2,1,02,A01
200700038874,0,07,000,00,2,4,02,B01
200700038875,0,31,000,14,0,8,02,A01
200700038875,0,07,000,00,2,5,02,B01
200700038876,0,07,000,00,0,1,00,A01
200700038877,0,32,000,00,2,3,07,A01
200700038878,0,07,000,00,2,2,15,A01
200700038878,0,07,000,00,2,1,01,B01
200700038879,0,01,000,00,1,1,01,A01
200700038880,0,07,000,00,2,2,15,A01
200700038880,0,32,000,00,2,3,02,B01
200700038881,0,07,000,00,1,5,04,A01
200700038882,0,31,000,00,2,0,02,A01
200700038883,0,07,000,00,2,3,20,A01
200700038883,0,30,000,01,2,7,02,B01
200700038884,2,07,000,08,0,5,00,A01
200700038885,0,07,000,00,0,7,01,B01
200700038885,0,30,000,00,2,3,19,A01
200700038886,0,32,000,00,2,1,01,B01
200700038886,0,07,000,00,2,7,15,A01
200700038887,0,07,000,00,2,7,16,A01
200700038887,0,01,000,00,2,8,16,B01
200700038888,0,32,000,00,0,3,02,A01
200700038888,0,07,000,00,0,0,02,B01
200700038889,0,01,000,00,1,7,01,A01
200700038890,0,33,000,00,9,1,02,A01
200700038890,0,01,000,00,0,4,13,B01
200700038891,0,32,000,00,1,3,00,A01
200700038892,0,07,000,00,1,3,12,A01
200700038893,0,07,000,00,0,3,02,B01
200700038893,0,31,000,00,2,2,17,A01
200700038894,0,33,000,00,1,7,03,A01
200700038895,0,07,000,00,1,3,15,A01
200700038896,0,07,000,00,2,6,11,A01
200700038896,0,33,000,00,2,7,01,B01
200700038897,0,07,000,01,0,2,00,A01
200700038898,0,02,000,00,2,1,01,B01
200700038898,0,07,000,00,2,2,01,A01
200700038899,0,01,000,00,2,8,02,A01
200700038899,0,10,000,00,9,6,02,B01
200700038900,0,30,000,00,1,8,00,A01
200700038901,0,01,000,00,1,0,09,A01
200700038902,0,07,000,00,2,4,02,B01
200700038902,0,07,000,00,2,1,02,A01
200700038903,0,31,000,01,0,7,02,A01
200700038904,0,02,000,00,2,1,02,A01
200700038904,0,02,000,00,0,4,02,B01
200700038905,0,31,000,00,2,3,01,A01
200700038905,0,07,000,00,0,7,16,B01
200700038906,0,34,000,00,0,9,02,A01
200700038907,0,03,000,01,0,1,02,A01
200700038908,0,30,000,00,0,7,02,A01
200700038909,0,02,000,01,0,0,02,A01
200700038910,0,32,000,00,2,3,00,B01
200700038910,0,07,000,00,2,3,00,A01
200700038911,0,33,000,00,2,3,11,A01
200700038911,0,07,000,00,2,2,01,B01
200700038911,0,07,000,00,2,3,01,C01
200700038912,0,07,000,00,2,3,10,A01
200700038912,0,02,000,00,2,1,01,B01
200700038913,0,01,000,00,0,0,00,A01
200700038914,0,07,000,00,9,0,01,A01
200700038914,0,01,000,00,0,1,05,B01
200700038915,0,32,000,00,2,1,02,A01
200700038915,0,07,000,00,2,3,01,B01
200700038916,0,34,000,00,2,3,01,B01
200700038916,0,07,000,00,2,2,00,A01
200700038917,0,01,000,00,0,4,00,A01
200700038917,1,30,000,00,0,0,00,B01
200700038918,0,32,000,00,0,1,02,A01