Num_Acc,senc,catv,occutc,obs,obsm,choc,manv,num_veh
200700038918,0,32,000,00,2,1,02,B01
200700038919,0,02,000,00,0,3,00,A01
200700038919,0,02,000,00,0,8,00,B01
200700038920,0,07,000,00,1,1,01,A01
200700038921,0,30,000,00,2,2,03,A01
200700038921,0,07,000,00,0,3,02,B01
200700038921,0,07,000,00,0,7,02,C01
200700038922,0,07,000,00,2,2,02,A01
200700038922,0,07,000,00,0,6,02,B01
200700038923,0,07,000,01,0,3,02,A01
200700038923,0,01,000,00,0,7,02,B01
200700038924,0,07,000,00,1,2,16,A01
200700038925,2,07,000,12,0,1,00,A01
200700038926,0,07,000,00,2,2,02,B01
200700038926,0,30,000,00,2,1,03,A01
200700038927,0,34,000,00,1,1,01,A01
200700038928,0,30,000,00,0,8,00,A01
200700038929,0,07,000,00,2,1,01,A01
200700038929,1,07,000,00,0,0,00,B01
200700038930,0,01,000,00,2,4,02,B01
200700038930,0,07,000,00,2,1,02,A01
200700038931,0,02,000,00,2,7,00,B01
200700038931,1,07,000,00,2,0,00,A01
200700038932,0,07,000,00,2,1,01,B01
200700038932,0,07,000,00,2,2,09,A01
200700038933,0,07,000,15,0,1,15,A01
200700038934,0,07,000,00,1,2,00,A01
200700038935,0,07,000,00,2,1,02,A01
200700038935,0,07,000,00,2,9,01,B01
200700038935,0,07,000,00,0,4,02,C01
200700038936,0,30,000,00,2,1,02,A01
200700038936,0,07,000,00,2,7,02,B01
200700038937,0,07,000,00,0,1,11,B01
200700038937,0,31,000,00,2,1,01,A01
200700038938,0,01,000,00,0,3,00,B01
200700038938,0,01,000,00,0,7,00,A01
200700038939,0,07,000,00,2,2,12,A01
200700038939,0,32,000,00,2,8,03,B01
200700038940,0,32,000,00,2,2,02,A01
200700038940,0,07,000,00,0,6,02,B01
200700038941,0,07,000,00,2,1,02,A01
200700038941,0,10,000,00,2,6,02,B01
200700038942,0,07,000,00,2,1,01,A01
200700038942,0,07,000,00,0,8,00,B01
200700038943,0,34,000,00,0,4,02,A01
200700038943,0,07,000,00,1,4,02,B01
200700038944,0,07,000,00,0,5,10,A01
200700038944,0,32,000,00,2,7,00,B01
200700038945,0,30,000,00,2,8,01,B01
200700038945,0,07,000,00,2,2,12,A01
200700038946,0,31,000,00,2,2,15,B01
200700038946,0,10,000,00,2,3,15,A01
200700038947,0,30,000,00,2,0,00,A01
200700038947,0,07,000,00,2,3,05,B01
200700038948,0,07,000,00,2,1,00,A01
200700038948,0,07,000,00,0,4,00,B01
200700038949,0,32,000,00,0,8,00,A01
200700038950,0,07,000,00,0,2,00,B01
200700038950,0,34,000,00,2,8,02,A01
200700038951,0,30,000,00,2,0,00,A01
200700038952,0,07,000,00,0,7,01,B01
200700038952,0,30,000,00,0,1,01,A01
200700038953,0,32,000,00,1,7,01,A01
200700038954,0,01,000,12,0,0,00,A01
200700038955,0,30,000,00,2,2,01,A01
200700038955,0,07,000,00,0,6,15,B01
200700038956,0,02,000,00,1,1,00,A01
200700038957,0,07,000,00,2,1,02,A01
200700038957,0,10,000,00,2,6,23,B01
200700038958,0,07,000,00,0,3,01,A01
200700038959,0,30,000,00,2,7,02,B01
200700038959,0,07,000,00,0,8,10,A01
200700038960,0,07,000,00,1,2,17,A01
200700038961,0,07,000,00,2,1,02,B01
200700038961,0,30,000,00,0,8,01,A01
200700038962,0,33,000,00,2,2,02,B01
200700038962,0,07,000,00,2,3,11,A01
200700038963,0,07,000,00,2,5,01,B01
200700038963,0,07,000,01,2,2,01,A01
200700038964,0,30,000,00,1,8,14,A01
200700038965,0,32,000,14,0,0,00,A01
200700038966,2,07,000,14,2,1,02,A01
200700038966,0,07,000,00,2,9,02,B01
200700038966,0,07,000,00,9,4,02,C01
200700038967,0,32,000,00,2,8,01,B01
200700038967,0,07,000,00,2,3,11,A01
200700038968,0,07,000,00,0,6,02,B01
200700038968,0,30,000,00,2,1,02,A01
200700038969,0,32,000,00,2,7,02,B01
200700038969,0,07,000,00,2,3,02,A01
200700038970,0,07,000,00,1,3,02,A01
200700038971,0,33,000,00,0,8,00,A01
200700038972,0,07,000,00,2,3,10,A01
200700038972,0,33,000,00,2,2,02,B01
200700038973,0,07,000,00,1,6,20,A01
200700038974,0,34,000,00,1,2,21,A01
200700038975,0,07,000,00,2,3,09,B01
200700038975,0,31,000,00,2,8,03,A01
200700038976,0,07,000,00,0,3,02,A01
200700038976,0,07,000,01,2,5,13,B01
200700038977,0,07,000,00,1,1,01,A01
200700038978,0,07,000,00,1,4,20,A01
200700038979,0,07,000,00,0,3,10,A01
200700038979,0,32,000,00,0,2,17,B01
200700038980,0,07,000,00,1,1,01,A01
200700038981,0,33,000,00,2,2,01,A01
200700038981,0,07,000,00,0,3,03,B01
200700038982,0,32,000,01,0,1,18,A01
200700038982,0,07,000,00,2,7,00,B01
200700038983,0,37,010,00,0,2,20,A01
200700038984,0,07,000,00,0,5,01,B01
200700038984,0,30,000,00,2,3,03,A01
200700038985,1,01,000,00,0,0,00,A01
200700038986,0,07,000,00,0,4,02,B01
200700038986,0,07,000,00,2,1,02,A01
200700038987,0,33,000,00,2,3,08,A01
200700038987,0,07,000,00,2,2,10,B01
200700038988,0,31,000,00,2,1,02,A01
200700038988,0,30,000,00,2,4,02,B01
200700038989,0,07,000,00,1,1,01,A01
200700038990,0,07,000,00,2,4,23,B01
200700038990,0,07,000,00,0,1,02,A01
200700038990,0,07,000,00,2,4,23,C01
200700038991,2,07,000,00,1,3,15,A01
200700038992,0,32,000,00,1,1,02,A01
200700038993,0,31,000,14,2,2,00,B01
200700038993,0,07,000,00,9,2,01,A01
200700038994,0,07,000,00,0,6,23,B01
200700038994,0,30,000,00,2,1,02,A01
200700038995,0,33,000,01,0,8,14,A01
200700038996,0,33,000,00,2,8,01,B01
200700038996,0,07,000,00,2,3,15,A01
200700038997,0,07,000,00,0,4,04,A01
200700038998,0,07,000,00,2,3,00,B01
200700038998,0,07,000,00,2,1,09,A01
200700038999,0,07,000,00,2,3,00,A01
200700038999,0,07,000,00,0,5,00,B01
200700039000,0,33,000,00,2,1,00,B01
200700039000,0,07,000,00,2,3,21,A01
200700039001,0,02,000,00,1,1,01,A01
200700039002,0,07,000,00,1,4,00,A01
200700039003,0,33,000,00,2,0,02,A01
200700039003,0,07,000,01,0,0,02,B01
200700039004,1,07,000,00,1,2,00,A01
200700039005,0,07,000,01,0,3,00,A01
200700039005,0,07,000,01,0,1,00,B01
200700039006,0,02,000,00,1,1,01,A01
200700039007,0,07,000,00,2,2,01,A01
200700039008,0,02,000,00,0,2,02,A01
200700039009,0,07,000,00,2,1,01,A01
200700039009,0,07,000,00,2,2,01,B01
200700039010,0,02,000,00,2,8,01,B01
200700039010,1,07,000,00,0,2,12,A01
200700039011,0,07,000,00,0,4,00,B01
200700039011,0,37,002,00,2,2,02,A01
200700039012,0,32,000,00,9,2,02,A01
200700039012,0,33,000,00,2,3,02,B01
200700039013,0,07,000,00,1,3,01,A01
200700039014,0,30,000,00,1,1,02,A01
200700039015,0,07,000,00,1,2,01,A01
200700039016,0,32,000,00,2,8,02,B01
200700039016,0,07,000,00,9,7,12,A01
200700039017,0,07,000,00,0,8,15,B01
200700039017,0,32,000,00,2,1,00,A01
200700039018,0,07,000,00,1,2,02,A01
200700039019,0,32,000,00,2,7,00,A01
200700039019,0,07,000,00,2,3,11,B01
200700039020,0,32,000,00,1,3,02,A01
200700039021,0,32,000,00,2,3,02,A01
200700039021,0,07,000,00,2,7,16,B01
200700039022,1,07,000,00,0,0,00,A01
200700039023,0,33,000,00,2,8,01,A01
200700039023,0,07,000,00,2,8,10,B01
200700039024,0,07,000,00,1,2,00,A01
200700039025,0,32,000,00,0,6,00,B01
200700039025,0,30,000,00,2,1,11,A01
200700039026,0,32,000,00,0,4,02,B01
200700039026,0,07,000,00,0,3,02,A01
200700039027,0,01,000,01,0,1,01,B01
200700039027,0,07,000,00,0,3,24,A01
200700039028,0,07,000,00,1,2,01,A01
200700039029,0,07,000,00,2,3,01,A01
200700039029,0,07,000,00,2,6,01,B01
200700039030,0,07,000,00,1,3,02,A01
200700039031,0,07,000,00,2,5,02,A01
200700039031,0,01,000,00,2,1,02,B01
200700039032,0,30,000,00,2,1,02,A01
200700039032,0,10,000,00,2,3,09,B01
200700039033,0,07,000,00,2,8,09,A01
200700039033,0,31,000,00,2,8,01,B01
200700039034,0,31,000,00,1,3,01,A01
200700039035,1,07,000,00,1,2,00,A01
200700039036,0,07,000,00,1,2,16,A01
200700039037,0,33,000,00,0,4,02,A01
200700039037,1,99,000,00,0,0,00,B01
200700039038,0,07,000,00,1,1,02,A01
200700039039,0,07,000,00,0,1,01,A01
200700039039,0,33,000,00,0,4,02,B01
200700039040,0,07,000,00,0,1,02,B01
200700039040,0,07,000,00,0,1,02,A01
200700039040,0,07,000,00,0,4,02,C01
200700039041,0,02,000,00,0,4,02,A01
200700039041,0,07,000,00,2,2,02,B01
200700039042,0,07,000,00,2,1,15,A01
200700039042,0,30,000,00,2,1,08,B01
200700039042,0,03,000,00,0,4,01,C01
200700039043,0,32,000,00,1,1,00,A01
200700039044,0,07,000,00,1,2,01,A01
200700039045,0,07,000,00,2,1,01,A01
200700039045,0,07,000,00,2,1,01,B01
200700039045,0,07,000,00,2,1,01,C01
200700039045,0,07,000,00,2,5,01,D01
200700039046,0,07,000,00,0,6,00,A01
200700039047,0,02,000,00,1,1,01,A01
200700039048,0,07,000,02,2,1,02,B01
200700039048,0,07,000,00,0,2,16,A01
200700039049,0,30,000,00,1,1,17,A01
200700039050,0,30,000,00,1,0,00,A01
200700039051,0,07,000,00,1,1,00,A01
200700039052,0,32,000,00,1,1,01,A01
200700039053,0,07,000,00,1,1,15,A01
200700039054,1,07,000,00,1,0,02,A01
200700039055,0,31,000,00,2,3,01,B01
200700039055,0,07,000,00,2,2,19,A01
200700039056,0,30,000,00,2,3,01,A01
200700039056,0,07,000,00,2,2,09,B01
200700039057,0,10,000,00,1,2,01,A01
200700039058,0,30,000,00,0,3,11,A01
200700039058,0,32,000,00,0,1,01,B01
200700039059,0,34,000,00,1,3,00,A01
200700039060,0,07,000,00,2,8,10,A01
200700039060,0,02,000,00,2,2,02,B01
200700039061,0,32,000,00,1,1,02,A01
200700039062,0,07,000,00,2,6,02,B01
200700039062,0,07,000,11,2,2,02,A01
200700039063,0,07,000,00,2,1,02,A01
200700039063,0,07,000,00,0,4,02,B01
200700039064,0,07,000,00,1,2,02,A01
200700039065,1,34,000,00,0,0,00,A01
200700039066,1,30,000,00,0,0,00,A01
200700039067,0,01,000,00,0,0,00,A01
200700039068,0,07,000,00,2,2,12,B01
200700039068,0,33,000,00,2,8,07,A01
200700039069,0,31,000,00,1,2,01,A01
200700039070,0,10,000,00,1,2,01,A01
200700039071,0,31,000,12,0,4,21,B01
200700039071,0,07,000,12,0,0,19,A01
200700039072,0,02,000,00,0,1,07,A01
200700039073,0,13,000,14,2,1,02,A01
200700039073,0,07,000,15,1,4,02,B01
200700039074,1,02,000,00,0,0,16,A01
200700039075,0,07,000,00,1,1,01,A01
200700039076,0,30,000,00,2,7,02,A01
200700039076,0,30,000,00,0,6,02,B01
200700039077,0,07,000,00,2,2,09,A01
200700039077,0,07,000,00,2,3,02,B01
200700039078,0,32,000,00,2,1,02,A01
200700039078,2,10,000,00,2,8,15,B01
200700039079,0,33,000,00,2,1,02,A01
200700039079,0,07,000,16,0,3,02,B01
200700039080,0,30,000,00,1,1,01,A01
200700039081,1,30,000,00,1,1,01,A01
200700039082,0,33,000,00,1,0,01,A01
200700039083,0,02,000,01,0,1,01,A01
200700039084,0,07,000,00,0,2,00,A01
200700039085,0,01,000,01,0,1,01,A01
200700039085,0,07,000,00,2,2,24,B01
200700039086,0,07,000,00,2,6,11,A01
200700039086,0,30,000,00,2,1,17,B01
200700039087,0,07,000,00,0,6,01,C01
200700039087,0,32,000,00,2,2,02,A01
200700039087,0,07,000,00,2,2,22,B01
200700039088,0,33,000,00,0,0,00,A01
200700039088,1,07,000,00,0,0,00,B01
200700039089,0,30,000,00,2,2,02,B01
200700039089,0,37,001,00,2,3,02,A01
200700039090,0,07,000,00,0,2,00,A01
200700039090,0,01,000,00,0,2,01,B01
200700039091,0,32,000,00,1,8,01,A01
200700039092,0,34,000,00,0,3,13,A01
200700039092,0,37,000,01,0,3,01,B01
200700039093,1,07,000,00,0,0,00,A01
200700039094,0,01,000,00,0,0,01,A01
200700039095,0,10,000,01,0,8,22,A01
200700039095,0,02,000,00,0,1,21,B01
200700039096,0,01,000,12,0,0,00,A01
200700039097,0,07,000,01,0,3,02,A01
200700039098,0,07,000,00,9,5,01,A01
200700039098,0,01,000,00,2,0,15,B01
200700039099,0,02,000,00,2,2,02,A01
200700039099,0,10,000,00,2,3,15,B01
200700039100,0,02,000,00,2,1,00,B01
200700039100,0,07,000,00,2,2,15,A01
200700039101,0,07,000,00,2,2,02,A01
200700039101,0,33,000,00,2,4,02,B01
200700039102,0,31,000,00,1,3,00,A01
200700039103,0,07,000,00,0,0,09,A01
200700039104,0,07,000,14,0,2,11,A01
200700039105,0,07,000,00,2,2,15,A01
200700039105,0,33,000,00,2,1,00,B01
200700039106,0,07,000,00,1,2,01,A01
200700039107,0,01,000,00,1,1,01,A01
200700039108,0,34,000,00,0,6,15,B01
200700039108,1,99,000,00,0,0,00,A01
200700039109,0,37,030,00,2,3,01,B01
200700039109,0,07,000,00,2,3,13,A01
200700039110,0,07,000,00,0,0,09,A01
200700039110,0,31,000,00,0,0,21,B01
200700039111,0,07,000,01,1,1,02,A01
200700039112,0,03,000,00,2,2,01,A01
200700039112,0,01,000,00,2,1,01,B01
200700039113,0,07,000,00,9,1,00,B01
200700039113,0,02,000,00,2,1,00,A01
200700039114,0,32,000,00,2,0,09,A01
200700039114,0,07,000,00,0,0,23,B01
200700039115,1,07,000,00,0,0,02,A01
200700039115,0,32,000,00,2,7,02,B01
200700039116,0,10,000,00,0,7,18,A01
200700039116,0,02,000,00,2,8,01,B01
200700039117,0,33,000,00,2,0,21,A01
200700039117,0,30,000,00,0,0,01,B01
200700039118,0,33,000,00,2,2,03,A01
200700039119,0,07,000,00,9,3,01,B01
200700039119,0,33,000,00,0,7,15,A01
200700039120,0,07,000,00,1,3,00,A01
200700039121,0,07,000,00,2,1,02,A01
200700039121,0,07,000,00,2,9,02,B01
200700039121,0,07,000,00,2,4,02,C01
200700039122,0,34,000,00,1,1,21,A01
200700039123,0,07,000,11,0,2,01,A01
200700039124,0,30,000,00,2,1,01,B01
200700039124,0,07,000,00,2,5,11,A01
200700039125,0,07,000,00,1,1,01,A01
200700039126,0,01,000,01,0,1,01,B01
200700039126,0,10,000,01,2,5,24,A01
200700039127,0,32,000,00,1,7,00,A01
200700039128,0,07,000,00,2,7,22,A01
200700039128,0,01,000,01,0,8,01,B01
200700039128,0,07,000,00,2,8,24,C01
200700039129,0,02,000,00,1,1,07,A01
200700039130,0,02,000,00,2,0,21,A01
200700039131,0,07,000,00,2,3,19,A01
200700039131,0,30,000,00,2,1,03,B01
200700039132,0,07,000,00,2,1,02,B01
200700039132,0,07,000,00,2,4,23,A01
200700039133,0,07,000,00,0,0,23,A01
200700039133,0,01,000,01,0,3,21,C01
200700039134,0,07,000,00,2,1,01,B01
200700039134,0,07,000,00,2,1,11,A01
200700039135,0,31,000,00,2,1,01,B01
200700039135,0,07,000,00,0,5,16,A01
200700039136,0,07,000,00,9,2,01,A01
200700039136,0,01,000,00,2,6,00,B01
200700039137,1,07,000,01,1,2,01,A01
200700039138,0,07,000,00,0,8,15,A01
200700039138,0,30,000,00,0,2,21,B01
200700039139,0,07,000,00,9,7,00,A01
200700039139,0,01,000,00,2,0,02,B01
200700039140,0,34,000,00,1,7,01,A01
200700039141,0,07,000,00,1,2,13,A01
200700039142,1,33,000,00,1,2,00,A01
200700039143,0,07,000,00,2,6,01,A01
200700039143,1,07,000,00,2,0,01,B01
200700039144,0,13,000,00,1,1,00,A01
200700039145,0,33,000,00,0,1,01,A01
200700039146,0,07,000,00,2,5,04,A01
200700039146,0,32,000,00,2,3,00,B01
200700039147,2,07,000,00,2,2,01,A01
200700039147,0,02,000,00,2,7,00,B01
200700039148,0,07,000,01,2,3,10,B01
200700039148,0,02,000,00,2,1,17,A01
200700039149,0,07,000,00,1,1,01,A01
200700039150,1,07,000,01,2,0,15,A01
200700039150,0,33,000,00,2,1,00,B01
200700039151,0,07,000,00,2,2,01,A01
200700039151,0,10,000,00,2,3,01,B01
200700039152,0,33,000,00,1,1,21,A01
200700039153,0,02,000,00,2,6,00,A01
200700039153,1,07,000,00,0,9,00,B01
200700039154,0,02,000,00,1,1,00,A01
200700039155,0,07,000,00,2,3,17,B01
200700039155,0,01,000,00,2,7,17,A01
200700039156,0,02,000,00,2,7,05,A01
200700039156,0,07,000,00,2,3,15,B01
200700039157,0,32,000,00,2,0,21,A01
200700039158,0,34,000,00,1,3,21,A01
200700039159,0,07,000,00,0,4,01,A01
200700039159,0,07,000,00,0,1,01,B01
200700039159,0,07,000,00,2,1,01,C01
200700039160,0,30,000,00,2,7,02,A01
200700039160,1,07,000,00,1,2,00,B01
200700039161,0,33,000,00,1,1,01,A01
200700039162,0,33,000,14,0,1,16,A01
200700039163,0,07,000,00,2,2,15,A01
200700039163,0,33,000,00,2,8,01,B01
200700039164,0,02,000,08,0,1,14,A01
200700039165,0,30,000,00,2,1,01,A01
200700039165,0,30,000,00,0,8,01,B01
200700039166,0,07,000,00,2,1,15,A01
200700039166,0,07,000,00,2,8,02,B01
200700039166,0,07,000,00,2,6,02,C01
200700039167,0,31,000,09,0,3,13,A01
200700039168,0,07,000,00,1,1,01,A01
200700039169,0,37,001,01,2,3,02,A01
200700039169,0,07,000,00,2,7,23,F01
200700039169,0,07,000,00,2,7,23,B01
200700039169,0,38,001,00,2,2,23,C01
200700039169,0,31,000,00,2,4,23,D01
200700039169,0,07,000,00,2,4,23,E01
200700039170,0,07,000,00,2,2,02,A01
200700039170,0,02,000,00,2,6,02,B01
200700039171,0,02,000,00,2,7,11,A01
200700039171,0,07,000,00,0,3,01,B01
200700039172,0,02,000,01,0,8,01,A01
200700039173,0,10,000,00,1,2,01,A01
200700039174,0,07,000,00,1,8,01,A01
200700039175,0,31,000,04,0,3,00,A01
200700039176,0,07,000,00,2,7,15,A01
200700039176,0,07,000,00,2,1,01,B01
200700039177,0,07,000,00,2,3,02,A01
200700039177,0,30,000,00,2,2,02,B01
200700039178,0,31,000,00,2,1,02,B01
200700039178,0,07,000,00,2,8,02,A01
200700039179,0,07,000,00,2,2,16,A01
200700039179,0,31,000,00,2,3,01,B01
200700039180,0,31,000,12,0,3,16,A01
200700039181,0,07,000,00,1,2,08,A01
200700039182,0,33,000,00,2,2,02,B01
200700039182,0,07,000,00,2,3,09,A01
200700039183,0,38,011,00,2,1,02,A01
200700039183,0,07,000,00,9,4,01,B01
200700039184,0,31,000,12,0,8,18,A01
200700039185,0,02,000,00,2,2,12,A01
200700039185,0,07,000,00,2,8,02,B01
200700039186,0,30,000,00,0,7,00,A01
200700039187,0,07,000,00,1,0,00,A01
200700039188,0,13,000,09,2,1,21,A01
200700039188,0,07,000,12,2,8,01,B01
200700039189,0,33,000,00,0,0,01,A01
200700039190,0,31,000,00,2,7,16,A01
200700039190,0,14,000,00,2,1,02,B01
200700039191,0,07,000,00,2,2,15,B01
200700039191,0,33,000,00,2,1,01,A01
200700039192,0,07,000,00,0,4,01,C01
200700039192,0,07,000,00,2,1,00,A01
200700039192,0,33,000,00,2,1,01,B01
200700039193,0,07,000,01,2,3,02,A01
200700039193,0,07,000,01,2,2,02,B01
200700039193,0,07,000,00,2,4,24,C01
200700039194,0,02,000,00,0,1,01,A01
200700039195,0,01,000,00,2,1,05,A01
200700039195,0,07,000,00,2,3,15,B01
200700039196,0,31,000,00,0,8,02,A01
200700039197,0,01,000,01,0,2,01,B01
200700039197,0,07,000,00,2,6,00,A01
200700039198,0,33,000,00,2,1,01,A01
200700039198,0,07,000,15,2,5,01,B01
200700039199,0,07,000,00,1,2,01,A01
200700039200,0,31,000,14,0,8,02,A01
200700039200,0,07,000,00,2,5,23,B01
200700039201,0,07,000,00,2,8,11,A01
200700039201,0,33,000,00,2,7,01,B01
200700039202,0,07,000,00,1,2,01,A01
200700039203,0,10,000,00,1,2,01,A01
200700039204,0,10,000,00,2,2,12,A01
200700039204,0,33,000,00,0,3,03,B01
200700039205,0,07,000,04,0,6,01,A01
200700039205,1,07,000,00,2,2,14,B01
200700039206,0,32,000,00,0,8,01,A01
200700039206,1,07,000,00,2,2,12,B01
200700039207,0,32,000,00,0,0,01,A01
200700039208,0,07,000,00,1,8,01,A01
200700039208,1,07,000,01,0,1,02,B01
200700039209,0,33,000,00,2,1,00,A01
200700039209,1,10,000,00,0,4,11,B01
200700039210,0,07,000,00,2,1,02,A01
200700039210,0,07,000,00,0,4,02,B01
200700039211,0,07,000,00,2,2,14,A01
200700039211,0,07,000,00,0,6,01,B01
200700039212,0,31,000,00,2,1,03,A01
200700039212,0,07,000,00,0,7,12,B01
200700039213,0,33,000,00,0,1,01,A01
200700039213,1,07,000,00,0,0,00,B01
200700039214,0,07,000,00,2,8,11,A01
200700039214,0,31,000,00,0,7,03,B01
200700039215,0,33,000,00,0,0,01,A01
200700039216,0,33,000,00,2,1,02,A01
200700039216,0,07,000,00,0,4,02,B01
200700039217,0,33,000,00,0,0,03,A01
200700039218,0,07,000,00,2,3,12,A01
200700039218,0,07,000,00,2,5,02,B01
200700039219,0,10,000,00,2,1,02,A01
200700039219,0,10,000,00,2,4,02,B01
200700039219,0,10,000,00,0,4,02,C01
200700039220,0,07,000,00,2,2,12,A01
200700039220,0,33,000,00,0,1,01,B01
200700039221,0,32,000,00,2,1,02,A01
200700039221,0,07,000,00,0,4,02,B01
200700039222,0,07,000,00,2,2,12,A01
200700039222,0,32,000,00,0,8,01,B01
200700039223,0,07,000,10,2,6,00,A01
200700039223,0,14,000,00,0,2,00,B01
200700039223,0,07,000,00,0,8,01,C01
200700039224,0,31,000,00,2,1,03,A01
200700039224,0,10,000,00,0,5,12,B01
200700039225,0,07,000,00,0,6,11,A01
200700039225,0,33,000,00,2,7,02,B01
200700039226,0,07,000,00,2,5,12,A01
200700039226,0,31,000,00,0,8,03,B01
200700039227,0,10,000,00,2,1,02,A01
200700039227,0,07,000,00,2,4,02,B01
200700039227,0,07,000,00,0,1,02,C01
200700039228,0,07,000,00,2,7,02,C01
200700039228,0,07,000,00,0,3,11,A01
200700039228,0,15,000,00,2,2,02,B01
200700039229,0,10,000,00,2,1,02,A01
200700039229,0,10,000,00,0,4,02,B01
200700039230,0,32,000,00,2,1,02,A01
200700039230,0,07,000,00,0,4,02,B01
200700039231,0,07,000,00,2,3,11,A01
200700039231,0,31,000,00,2,7,02,B01
200700039232,0,31,000,00,2,8,03,A01
200700039232,0,07,000,00,0,7,02,B01
200700039233,0,07,000,00,2,1,02,A01
200700039233,0,07,000,00,2,4,02,B01
200700039233,0,07,000,00,0,4,02,C01
200700039234,0,31,000,00,2,1,02,A01
200700039234,0,07,000,00,2,4,02,B01
200700039235,0,07,000,00,0,0,12,A01
200700039235,0,33,000,00,2,0,03,B01
200700039235,0,07,000,00,0,4,01,C01
200700039235,0,31,000,00,2,1,02,D01
200700039236,0,07,000,00,0,3,11,A01
200700039236,0,33,000,00,2,1,01,B01
200700039236,0,07,000,00,0,5,01,C01
200700039237,0,07,000,00,2,2,17,A01
200700039237,0,07,000,00,2,3,13,B01
200700039237,0,07,000,04,2,3,01,C01
200700039238,0,07,000,00,0,2,11,A01
200700039238,0,31,000,00,0,8,02,B01
200700039239,0,33,000,00,0,1,01,A01
200700039240,0,33,000,00,0,3,01,B01
200700039240,0,07,000,00,2,2,12,A01
200700039241,0,07,000,04,2,6,11,A01
200700039241,0,33,000,00,0,7,03,B01
200700039242,0,33,000,00,0,8,13,A01
200700039243,0,07,000,00,0,1,02,A01
200700039243,0,07,000,00,0,4,02,B01
200700039244,0,33,000,00,2,1,01,A01
200700039244,1,99,000,00,0,4,11,B01
200700039245,0,33,000,00,2,3,02,A01
200700039245,0,07,000,00,0,5,02,B01
200700039246,0,33,000,00,0,0,02,A01
200700039247,0,32,000,00,0,7,00,A01
200700039248,0,33,000,01,2,1,01,A01
200700039248,0,07,000,00,0,4,01,B01
200700039249,0,07,000,00,2,3,02,A01
200700039249,0,07,000,00,0,5,02,B01
200700039250,0,33,000,00,2,1,12,A01
200700039250,0,10,000,00,0,5,01,B01
200700039251,0,07,000,00,0,5,12,A01
200700039251,0,33,000,00,2,3,03,B01
200700039251,0,07,000,00,2,4,01,C01
200700039252,0,31,000,00,2,8,03,A01
200700039252,0,07,000,00,0,7,01,B01
200700039253,0,33,000,00,0,8,11,A01
200700039254,0,07,000,00,2,1,02,A01
200700039254,0,07,000,00,2,4,02,B01
200700039254,0,07,000,00,0,4,02,C01
200700039255,0,33,000,00,2,1,03,A01
200700039255,0,07,000,00,0,0,01,B01
200700039255,0,07,000,00,0,5,01,C01
200700039256,0,31,000,00,2,1,03,A01
200700039256,0,07,000,00,0,2,12,B01
200700039257,0,07,000,00,0,5,01,B01
200700039257,0,33,000,00,2,1,03,A01
200700039258,0,07,000,00,2,3,11,A01
200700039258,0,07,000,00,2,5,02,B01
200700039258,0,07,000,00,0,6,02,C01
200700039259,0,10,000,00,2,2,02,A01
200700039259,0,07,000,00,0,4,02,C01
200700039259,0,07,000,00,0,6,01,F01
200700039259,0,07,000,00,2,6,02,B01
200700039259,0,07,000,00,0,5,01,E01
200700039259,0,07,000,00,2,4,01,D01
200700039260,0,33,000,00,2,7,03,A01
200700039260,0,10,000,00,0,8,11,B01
200700039261,0,07,000,00,2,1,02,A01
200700039261,0,07,000,00,0,4,02,B01
200700039262,0,07,000,00,2,1,02,A01
200700039262,0,07,000,00,0,4,02,B01
200700039263,0,07,000,00,2,3,15,A01
200700039263,0,02,000,00,2,1,01,B01
200700039264,0,07,000,00,2,1,01,A01
200700039264,0,07,000,00,2,9,23,B01
200700039264,0,07,000,00,2,9,23,C01
200700039264,0,07,000,00,2,9,24,D01
200700039264,0,07,000,00,2,4,23,E01
200700039265,0,07,000,08,0,1,01,A01
200700039266,0,07,000,00,2,3,01,A01
200700039266,0,30,000,00,2,3,01,B01
200700039267,0,07,000,00,2,2,01,A01
200700039267,0,30,000,00,2,6,01,B01
200700039268,0,07,000,00,2,1,01,A01
200700039268,0,07,000,00,2,4,01,B01
200700039268,0,07,000,00,2,4,01,C01
200700039268,0,07,000,00,2,4,01,D01
200700039269,0,07,000,00,1,1,01,A01
200700039270,0,02,000,00,2,1,01,A01
200700039270,0,07,000,00,2,4,01,B01
200700039271,0,37,005,00,2,2,01,A01
200700039271,0,01,000,00,2,0,09,B01
200700039272,0,07,000,00,2,3,01,B01
200700039272,0,07,000,00,0,3,01,A01
200700039273,0,07,000,00,2,1,00,A01
200700039273,0,07,000,00,2,6,01,B01
200700039274,0,07,000,00,9,1,09,A01
200700039274,0,01,000,00,2,5,02,B01
200700039275,0,03,000,15,0,9,00,A01
200700039276,0,07,000,01,0,1,16,A01
200700039277,0,30,000,00,0,1,01,B01
200700039278,0,07,000,00,2,1,01,A01
200700039278,0,07,000,00,2,7,01,B01
200700039278,0,07,000,00,2,7,23,C01
200700039279,0,07,000,08,2,3,16,A01
200700039279,0,07,000,00,0,6,01,B01
200700039280,0,33,000,00,2,1,01,A01
200700039280,0,07,000,00,2,3,15,B01
200700039281,0,14,000,00,9,5,16,B01
200700039281,0,30,000,00,2,2,18,A01
200700039282,0,07,000,00,1,3,01,A01
200700039283,0,07,000,00,2,2,01,A01