Num_Acc,senc,catv,occutc,obs,obsm,choc,manv,num_veh
200700039283,0,01,000,00,2,0,01,B01
200700039284,0,36,000,12,0,2,14,A01
200700039285,0,07,000,00,1,0,16,A01
200700039286,0,07,000,00,1,1,01,A01
200700039287,0,07,000,00,9,2,15,A01
200700039287,0,01,000,00,2,0,01,B01
200700039288,0,07,000,00,1,1,01,A01
200700039289,0,07,000,00,1,7,01,A01
200700039290,0,07,000,00,2,8,24,A01
200700039290,0,01,000,01,0,7,01,B01
200700039291,0,07,000,00,1,7,01,A01
200700039292,0,07,000,00,1,3,01,A01
200700039293,0,07,000,06,1,8,04,A01
200700039294,0,07,000,00,0,0,01,A01
200700039295,0,10,000,00,1,5,09,A01
200700039296,0,07,000,00,2,2,15,A01
200700039296,0,05,000,00,2,1,01,B01
200700039297,0,07,000,00,2,1,01,B01
200700039297,0,07,000,00,2,3,19,A01
200700039298,0,07,000,00,1,3,01,A01
200700039299,0,07,000,00,1,3,15,A01
200700039300,0,07,000,00,1,3,01,A01
200700039301,0,07,000,00,1,2,01,A01
200700039302,0,04,000,00,0,1,21,A01
200700039302,0,07,000,00,0,0,11,B01
200700039303,0,05,000,00,2,8,17,A01
200700039303,0,07,000,00,2,3,01,B01
200700039304,0,07,000,00,2,1,01,A01
200700039304,0,07,000,00,2,4,01,B01
200700039304,0,07,000,00,2,4,01,C01
200700039304,0,07,000,00,2,4,01,D01
200700039305,0,07,000,00,1,2,01,A01
200700039306,0,33,000,01,0,8,01,A01
200700039307,0,10,000,00,2,5,12,A01
200700039307,0,05,000,00,2,1,01,B01
200700039308,0,07,000,00,2,3,01,A01
200700039308,0,02,000,00,2,4,01,B01
200700039309,0,02,000,00,2,2,17,A01
200700039309,0,07,000,00,2,3,15,B01
200700039310,0,07,000,00,2,5,16,A01
200700039310,0,02,000,00,2,1,07,B01
200700039311,0,10,000,00,1,0,00,A01
200700039312,0,07,000,00,2,8,22,A01
200700039312,0,01,000,01,0,1,01,B01
200700039313,0,07,000,00,1,3,15,A01
200700039314,0,07,000,00,1,3,01,A01
200700039315,0,07,000,01,2,3,01,A01
200700039315,0,01,000,00,0,0,00,B02
200700039316,0,07,000,00,2,2,01,A01
200700039316,0,07,000,00,2,3,01,B02
200700039317,0,07,000,00,2,3,00,A01
200700039317,0,07,000,00,0,0,00,B02
200700039318,0,07,000,00,2,8,15,A01
200700039318,0,03,000,00,2,1,01,B02
200700039319,0,14,000,13,0,1,01,A01
200700039320,0,02,000,00,1,7,01,A01
200700039321,0,02,000,00,0,1,13,A01
200700039321,0,17,000,00,0,1,01,B02
200700039322,0,07,000,00,2,3,01,A01
200700039322,0,31,000,00,0,3,19,B02
200700039323,0,14,000,00,0,7,10,A01
200700039323,0,33,000,00,2,1,01,B02
200700039324,0,07,000,00,2,3,06,A01
200700039324,0,07,000,00,0,3,01,B02
200700039325,0,07,000,13,0,3,13,A01
200700039326,0,07,000,00,9,2,02,A01
200700039327,0,07,000,00,2,3,01,A01
200700039327,0,07,000,00,2,3,01,B02
200700039328,0,07,000,00,9,7,01,A01
200700039328,0,01,000,00,2,1,01,B02
200700039329,0,07,000,00,2,1,05,A01
200700039329,0,07,000,00,0,1,01,B02
200700039330,0,02,000,00,2,1,13,A01
200700039330,0,21,000,00,2,1,01,B02
200700039331,0,07,000,00,1,2,02,A01
200700039332,0,99,000,08,0,3,19,A01
200700039333,0,07,000,00,0,5,15,A01
200700039333,0,31,000,00,2,1,01,B02
200700039334,0,30,000,00,2,1,01,A01
200700039334,0,07,000,00,2,1,01,B02
200700039335,0,07,000,00,2,3,13,A01
200700039335,0,02,000,00,2,1,01,B02
200700039336,0,33,000,00,0,1,00,A01
200700039337,0,07,000,00,9,2,20,A01
200700039337,0,31,000,00,0,1,01,B02
200700039338,0,33,000,00,2,1,02,A01
200700039338,0,07,000,00,0,6,01,B02
200700039339,0,02,000,00,2,1,13,A01
200700039339,0,07,000,00,2,1,01,B02
200700039340,0,33,000,00,2,8,01,A01
200700039340,0,21,000,00,2,0,01,B02
200700039341,0,07,000,00,1,7,01,A01
200700039342,0,07,000,00,1,2,13,A01
200700039343,0,02,000,00,2,1,17,A01
200700039343,0,07,000,00,0,8,01,B02
200700039344,0,31,000,00,2,1,13,A01
200700039344,0,07,000,00,2,1,01,B02
200700039345,0,07,000,00,2,3,13,A01
200700039345,0,07,000,00,2,8,01,B02
200700039345,0,07,000,00,2,8,01,C03
200700039346,0,30,000,00,2,1,17,A01
200700039346,0,17,000,00,2,6,15,B02
200700039347,0,07,000,06,0,3,01,A01
200700039348,0,07,000,00,2,1,01,A01
200700039348,0,07,000,00,2,4,01,B02
200700039349,0,07,000,02,2,3,13,A01
200700039349,0,07,000,00,2,3,01,B02
200700039350,0,07,000,00,2,2,01,A01
200700039350,0,02,000,00,2,1,15,B02
200700039351,0,99,000,00,1,1,01,A01
200700039352,0,10,000,00,2,6,09,A01
200700039352,0,10,000,00,0,6,01,B02
200700039353,0,07,000,00,2,7,01,A01
200700039353,0,10,000,00,2,1,01,B02
200700039354,0,07,000,00,2,2,10,A01
200700039354,0,33,000,00,2,1,21,B02
200700039355,0,07,000,02,0,9,01,A01
200700039356,0,02,000,00,9,1,01,A01
200700039356,0,31,000,00,9,1,17,B02
200700039357,0,07,000,00,2,3,01,A01
200700039357,0,07,000,00,2,2,06,B02
200700039358,0,07,000,00,2,1,01,A01
200700039358,0,07,000,00,2,1,01,B02
200700039358,0,07,000,00,2,1,17,C03
200700039359,0,10,000,00,2,6,15,A01
200700039359,0,31,000,00,2,2,17,B02
200700039360,0,31,000,00,2,1,05,A01
200700039360,0,07,000,00,2,1,00,B02
200700039361,0,03,000,00,2,7,02,A01
200700039361,0,07,000,00,2,1,02,B02
200700039362,0,07,000,02,0,2,14,A01
200700039363,0,07,000,06,0,1,01,A01
200700039364,0,02,000,08,0,1,14,A01
200700039365,0,01,000,16,0,1,01,A01
200700039366,0,01,000,00,2,2,01,A01
200700039366,0,01,000,00,2,2,01,B02
200700039367,0,07,000,00,2,2,21,A01
200700039367,0,33,000,00,2,1,01,B02
200700039367,0,07,000,00,0,0,00,C03
200700039367,0,07,000,00,2,2,21,D04
200700039368,0,07,000,00,0,0,01,A01
200700039369,0,07,000,00,2,1,02,A01
200700039369,0,07,000,00,2,4,02,B02
200700039370,0,05,000,00,2,1,01,A01
200700039370,0,07,000,00,2,1,15,B02
200700039371,0,07,000,00,2,2,01,A01
200700039371,0,02,000,00,2,1,01,B02
200700039372,0,07,000,08,0,1,01,A01
200700039373,0,15,000,00,2,1,05,A01
200700039373,0,15,000,00,2,1,02,B02
200700039373,0,15,000,00,2,3,01,C03
200700039374,0,07,000,13,0,2,00,A01
200700039375,0,07,000,00,2,1,01,A01
200700039375,0,21,000,00,0,0,01,B02
200700039376,0,07,000,00,2,3,01,A01
200700039376,0,07,000,00,2,3,01,B02
200700039377,0,01,000,00,0,3,15,A01
200700039377,0,33,000,00,0,1,01,B02
200700039378,0,07,000,13,0,1,01,A01
200700039379,0,02,000,16,0,2,01,A01
200700039380,0,10,000,00,2,3,01,A01
200700039380,0,21,000,00,2,1,01,B02
200700039381,0,13,000,00,2,5,19,A01
200700039381,0,07,000,00,0,1,01,B02
200700039382,0,33,000,00,2,1,01,A01
200700039382,0,07,000,00,9,5,10,B02
200700039383,0,33,000,01,0,1,01,A01
200700039384,0,07,000,00,2,3,01,A01
200700039384,0,07,000,00,2,1,01,B02
200700039385,0,07,000,00,0,7,01,A01
200700039386,0,99,000,00,0,4,01,A01
200700039386,0,99,000,00,2,1,02,B02
200700039386,0,07,000,00,2,2,02,D04
200700039386,0,07,000,00,2,1,02,E05
200700039387,0,07,000,00,2,3,01,A01
200700039387,0,07,000,00,0,2,01,B02
200700039388,0,02,000,00,2,1,13,A01
200700039388,0,07,000,00,0,3,01,B02
200700039389,0,10,000,00,2,7,01,A01
200700039389,0,01,000,00,2,1,13,B02
200700039390,0,33,000,13,0,7,01,A01
200700039391,0,30,000,11,0,1,14,A01
200700039392,0,33,000,00,0,1,01,A01
200700039393,0,33,000,08,0,1,17,A01
200700039394,0,07,000,00,1,4,04,A01
200700039395,0,07,000,00,2,1,01,A01
200700039395,0,02,000,00,2,1,05,B02
200700039396,0,02,000,00,2,1,13,A01
200700039396,0,07,000,00,2,3,01,B02
200700039397,0,07,000,06,0,1,01,A01
200700039398,0,33,000,01,0,1,01,A01
200700039398,0,07,000,00,0,3,24,B02
200700039398,0,07,000,00,0,3,24,C03
200700039399,0,10,000,00,2,8,17,A01
200700039399,0,33,000,00,2,2,17,B02
200700039400,0,07,000,00,2,3,15,A01
200700039400,0,02,000,00,2,3,01,B02
200700039401,0,31,000,00,2,1,01,A01
200700039401,0,10,000,00,2,6,19,B02
200700039402,0,07,000,00,2,3,05,A01
200700039402,0,07,000,00,2,3,01,B02
200700039403,0,10,000,00,0,1,13,A01
200700039403,0,07,000,00,0,1,01,B02
200700039404,0,21,000,00,0,3,00,A01
200700039404,0,07,000,00,2,2,00,B02
200700039405,0,07,000,00,2,3,17,A01
200700039405,0,07,000,00,0,6,15,B02
200700039406,0,02,000,00,2,3,13,A01
200700039406,0,07,000,00,2,3,01,B02
200700039407,0,33,000,12,0,9,01,A01
200700039408,0,07,000,00,2,9,19,A01
200700039408,0,07,000,00,2,1,01,B02
200700039409,0,07,000,00,0,9,19,A01
200700039410,0,07,000,00,2,8,06,A01
200700039410,0,07,000,00,2,1,01,B02
200700039411,0,01,000,00,2,1,05,A01
200700039411,0,01,000,00,2,1,05,B02
200700039411,0,07,000,00,9,5,01,C03
200700039412,0,07,000,00,2,0,14,A01
200700039413,0,07,000,00,1,1,15,A01
200700039414,0,33,000,12,0,1,01,A01
200700039415,0,07,000,00,2,1,19,A01
200700039415,0,07,000,08,2,7,19,B02
200700039416,0,07,000,00,1,1,01,A01
200700039417,0,07,000,00,2,3,01,B02
200700039417,0,07,000,00,2,2,19,A01
200700039418,0,10,000,00,2,5,01,A01
200700039418,0,10,000,00,2,1,01,B02
200700039419,0,31,000,00,0,1,00,A01
200700039420,0,07,000,13,0,7,01,A01
200700039421,0,33,000,00,2,1,01,A01
200700039421,0,07,000,00,9,2,15,B02
200700039422,0,07,000,06,2,8,00,A01
200700039422,0,07,000,00,2,1,00,B02
200700039423,0,07,000,00,2,4,23,A01
200700039423,0,07,000,00,2,1,01,B02
200700039424,0,07,000,00,2,1,02,A01
200700039424,0,01,000,00,0,4,01,B02
200700039425,0,33,000,00,0,7,00,A01
200700039426,0,30,000,00,0,8,15,A01
200700039427,0,07,000,00,2,4,02,A01
200700039427,0,07,000,00,2,1,02,B02
200700039428,0,07,000,00,2,1,01,A01
200700039428,0,21,000,00,2,3,15,B02
200700039429,0,07,000,06,1,6,23,A01
200700039430,0,07,000,01,0,1,01,A01
200700039430,0,07,000,00,0,4,00,B02
200700039431,0,07,000,00,0,5,02,A01
200700039431,0,38,000,00,2,0,02,C03
200700039431,0,07,000,00,2,0,02,E05
200700039432,0,07,000,00,0,6,02,A01
200700039432,0,31,000,00,2,2,02,B02
200700039433,0,07,000,00,2,2,13,A01
200700039433,0,07,000,00,2,1,01,B02
200700039434,0,07,000,00,2,1,13,A01
200700039434,0,07,000,00,2,1,01,B02
200700039435,0,07,000,00,2,1,13,A01
200700039435,0,07,000,00,2,1,01,B02
200700039436,0,07,000,00,0,3,01,A01
200700039436,0,07,000,00,0,2,00,B02
200700039437,0,33,000,00,6,1,01,A01
200700039438,0,07,000,00,1,7,17,A01
200700039439,0,07,000,00,2,2,19,A01
200700039439,0,07,000,00,2,3,01,B02
200700039440,0,07,000,00,0,8,15,A01
200700039440,0,33,000,00,2,1,01,B02
200700039441,0,21,000,00,0,6,23,A01
200700039441,0,33,000,00,0,7,17,B02
200700039442,0,07,000,00,0,0,01,A01
200700039442,0,02,000,00,2,1,16,B02
200700039443,0,07,000,00,2,6,17,A01
200700039443,0,38,000,00,2,1,01,B02
200700039444,0,30,000,02,0,1,01,A01
200700039445,0,33,000,00,2,1,01,B02
200700039445,0,07,000,00,2,8,19,A01
200700039446,0,07,000,00,0,0,01,A01
200700039447,0,07,000,00,4,8,01,A01
200700039447,0,39,000,00,2,1,00,B02
200700039448,0,07,000,00,2,3,17,A01
200700039448,0,07,000,00,2,8,01,B02
200700039448,0,10,000,00,2,8,01,C03
200700039449,0,07,000,00,2,1,01,A01
200700039449,0,07,000,00,2,1,05,B02
200700039449,0,07,000,00,2,0,01,C03
200700039449,0,07,000,00,2,3,01,D04
200700039450,0,07,000,00,0,1,17,A01
200700039450,0,33,000,00,2,1,01,B02
200700039450,0,07,000,00,2,1,01,C03
200700039451,0,30,000,00,2,1,01,A01
200700039452,0,02,000,00,2,8,01,A01
200700039452,0,07,000,00,2,3,01,B02
200700039453,0,07,000,00,2,1,01,A01
200700039453,0,02,000,00,2,8,19,B02
200700039454,0,07,000,00,0,9,01,A01
200700039455,0,07,000,00,9,3,01,A01
200700039455,0,02,000,00,2,1,01,B02
200700039456,0,07,000,00,2,3,01,A01
200700039456,0,17,000,00,2,3,15,B02
200700039457,0,07,000,09,2,5,01,B02
200700039457,0,07,000,00,2,3,01,A01
200700039458,0,07,000,00,2,2,19,A01
200700039458,0,07,000,00,2,3,01,B02
200700039459,0,07,000,00,2,1,01,A01
200700039459,0,07,000,00,2,8,19,B02
200700039460,0,07,000,06,1,1,01,A01
200700039461,0,02,000,01,0,2,14,A01
200700039461,0,07,000,00,2,6,24,B02
200700039462,0,33,000,00,2,1,01,A01
200700039462,0,07,000,00,2,1,01,B02
200700039463,0,07,000,00,2,2,01,A01
200700039463,0,02,000,00,2,8,01,B02
200700039464,0,07,000,00,2,2,01,A01
200700039464,0,07,000,00,2,2,01,B02
200700039465,0,07,000,01,0,1,13,A01
200700039466,0,10,000,00,2,1,01,A01
200700039466,0,34,000,00,2,1,19,B02
200700039467,0,07,000,13,0,0,01,A01
200700039468,0,07,000,00,2,8,19,A01
200700039468,0,07,000,00,2,1,01,B02
200700039469,0,33,000,06,0,1,00,A01
200700039470,0,02,000,00,2,1,02,A01
200700039470,0,07,000,00,0,4,00,B02
200700039471,0,33,000,00,6,1,01,A01
200700039472,0,10,000,05,0,1,01,A01
200700039473,0,07,000,00,0,2,06,A01
200700039473,0,10,000,00,0,3,02,B02
200700039474,0,07,000,02,0,1,01,A01
200700039475,0,31,000,00,0,8,01,A01
200700039476,0,07,000,00,2,3,09,A01
200700039476,0,02,000,00,2,2,09,B02
200700039477,0,07,000,00,2,5,15,A01
200700039477,0,02,000,00,2,1,01,B02
200700039478,0,07,000,00,0,1,00,A01
200700039479,0,07,000,00,0,0,14,A01
200700039480,0,07,000,13,0,8,14,A01
200700039481,0,07,000,08,0,7,14,A01
200700039482,0,07,000,00,2,1,13,A01
200700039482,0,07,000,00,2,1,01,B02
200700039483,0,07,000,00,2,7,01,A01
200700039483,0,07,000,00,2,1,01,B02
200700039484,0,07,000,00,2,3,21,A01
200700039484,0,07,000,00,2,3,01,B02
200700039485,0,07,000,00,1,1,21,A01
200700039486,0,07,000,00,2,7,05,A01
200700039486,0,30,000,00,2,1,05,B02
200700039487,0,33,000,00,2,1,01,A01
200700039487,0,07,000,00,0,5,19,B02
200700039488,0,07,000,00,2,1,01,A01
200700039488,0,07,000,00,2,1,01,B02
200700039489,0,07,000,00,2,7,01,A01
200700039489,0,30,000,00,2,1,01,B02
200700039490,0,33,000,00,2,1,02,A01
200700039490,0,10,000,00,2,6,23,B02
200700039491,0,07,000,00,9,2,01,A01
200700039491,0,01,000,00,0,8,19,B02
200700039492,0,10,000,00,0,6,09,A01
200700039492,0,33,000,00,9,1,02,B02
200700039493,0,02,000,00,2,1,01,A01
200700039493,0,10,000,00,2,3,01,B02
200700039494,0,31,000,00,2,3,17,A01
200700039494,0,07,000,00,2,3,01,B02
200700039495,0,07,000,00,2,1,05,A01
200700039495,0,07,000,00,2,1,01,B02
200700039496,0,07,000,00,6,2,21,A01
200700039496,0,07,000,00,2,1,05,B02
200700039497,0,02,000,00,1,2,15,A01
200700039497,0,07,000,00,2,2,16,B02
200700039498,0,33,000,12,0,1,05,A01
200700039498,0,15,000,00,0,0,15,B02
200700039499,0,07,000,00,2,2,01,A01
200700039499,0,31,000,00,2,8,19,B02
200700039500,0,07,000,00,2,7,15,A01
200700039500,0,02,000,00,2,1,01,B02
200700039501,0,01,000,00,2,1,15,A01
200700039501,0,07,000,00,9,7,01,B02
200700039502,0,07,000,00,2,3,13,A01
200700039502,0,07,000,00,2,8,01,B02
200700039502,0,07,000,00,2,1,01,C03
200700039503,0,07,000,00,1,3,17,A01
200700039504,0,07,000,00,0,3,01,A01
200700039504,0,10,000,00,0,3,01,B02
200700039505,0,07,000,13,0,9,01,A01
200700039506,0,07,000,00,2,1,13,A01
200700039506,0,15,000,00,2,1,01,B02
200700039507,0,10,000,00,2,3,13,A01
200700039507,0,17,000,00,2,3,01,B02
200700039508,0,30,000,00,2,1,19,A01
200700039508,0,07,000,00,2,1,01,B02
200700039509,0,07,000,00,1,2,01,A01
200700039510,0,07,000,00,2,1,01,A01
200700039510,0,33,000,00,0,6,01,B02
200700039511,0,07,000,00,2,7,19,A01
200700039511,0,07,000,00,2,1,01,B02
200700039512,0,07,000,00,2,2,19,A01
200700039512,0,02,000,00,2,1,01,B02
200700039513,0,07,000,02,0,1,13,A01
200700039514,0,02,000,00,2,1,01,A01
200700039514,0,07,000,00,2,2,01,B02
200700039515,0,02,000,13,0,1,01,A01
200700039516,0,07,000,00,2,7,15,A01
200700039516,0,31,000,00,2,1,01,B02
200700039517,0,07,000,00,1,3,01,A01
200700039518,0,10,000,00,2,3,01,A01
200700039518,0,07,000,00,2,3,01,B02
200700039519,0,07,000,00,6,1,01,A01
200700039520,0,07,000,00,0,5,19,B02
200700039520,0,01,000,00,2,1,01,A01
200700039521,0,07,000,00,1,2,01,A01
200700039522,0,10,000,00,0,7,01,A01
200700039522,0,02,000,00,2,1,01,B02
200700039523,0,07,000,00,2,8,01,A01
200700039523,0,14,000,00,2,1,01,B02
200700039524,0,07,000,00,2,6,20,A01
200700039524,0,02,000,00,2,1,15,B02
200700039525,0,07,000,00,2,8,01,A01
200700039525,0,33,000,00,2,8,00,B02
200700039526,0,33,000,00,2,1,02,A01
200700039527,0,07,000,00,0,1,00,A01
200700039528,0,33,000,00,2,1,01,B02
200700039528,0,07,000,00,2,3,19,A01
200700039529,0,07,000,00,2,3,13,A01
200700039529,0,07,000,00,2,3,01,B02
200700039530,0,33,000,00,2,1,01,B02
200700039530,0,07,000,00,2,7,19,A01
200700039531,0,07,000,00,2,1,01,A01
200700039531,0,07,000,00,2,7,19,B02
200700039532,0,07,000,00,2,8,13,A01
200700039532,0,07,000,00,2,8,01,B02
200700039533,0,14,000,00,2,3,01,A01
200700039533,0,37,000,00,2,3,01,B02
200700039534,0,07,000,00,2,8,15,A01
200700039534,0,33,000,00,2,1,17,B02
200700039535,0,07,000,00,1,2,14,A01
200700039536,0,03,000,00,2,1,01,A01
200700039536,0,02,000,00,2,0,15,B02
200700039537,0,10,000,00,2,1,01,A01
200700039537,0,07,000,00,2,8,19,B02
200700039538,2,07,000,00,2,1,01,A01
200700039538,0,02,000,00,2,1,01,B02
200700039539,0,07,000,00,2,1,21,A01
200700039539,0,07,000,00,0,8,19,B02
200700039540,0,07,000,00,1,7,01,A01
200700039541,0,07,000,00,2,7,01,A01
200700039541,0,33,000,00,2,1,01,B02
200700039542,0,07,000,00,2,2,15,A01
200700039542,0,02,000,00,2,1,01,B02
200700039543,0,07,000,00,2,1,13,A01
200700039543,0,07,000,00,2,1,01,B02
200700039544,0,10,000,11,0,3,14,A01
200700039545,0,07,000,00,2,2,05,A01
200700039545,0,07,000,00,2,2,01,B02
200700039546,0,07,000,00,2,1,01,A01
200700039546,0,07,000,00,2,1,13,B02
200700039547,0,07,000,00,2,8,15,A01
200700039547,0,33,000,00,2,1,17,B02
200700039548,0,30,000,00,2,2,02,A01
200700039548,0,30,000,00,2,6,02,B02
200700039549,0,07,000,00,1,2,01,A01
200700039550,0,07,000,06,0,2,00,A01
200700039551,0,17,000,00,2,1,01,A01
200700039551,0,07,000,03,0,4,01,B02
200700039552,0,07,000,00,2,3,00,A01
200700039552,0,10,000,00,2,3,19,B02
200700039553,0,10,000,00,2,1,01,A01
200700039553,0,07,000,00,2,4,15,B02
200700039554,0,07,000,00,2,8,10,A01
200700039554,0,17,000,00,2,2,02,B02
200700039555,0,33,000,03,0,7,01,A01
200700039555,0,33,000,00,9,1,01,B02
200700039556,0,07,000,00,2,1,01,A01
200700039556,0,07,000,00,2,8,09,B02
200700039557,0,07,000,13,0,9,01,A01
200700039558,0,07,000,00,0,0,14,A01
200700039559,0,30,000,06,0,1,01,A01
200700039560,0,07,000,00,2,1,01,A01
200700039560,0,10,000,00,2,3,01,B02
200700039561,0,07,000,00,9,3,01,A01
200700039561,0,01,000,00,2,8,19,B02
200700039562,0,07,000,00,2,1,13,A01
200700039562,0,07,000,00,2,1,01,B02
200700039563,0,07,000,00,2,1,01,B02
200700039563,0,07,000,00,2,7,19,A01
200700039564,0,07,000,00,2,1,13,A01
200700039564,0,07,000,00,2,1,01,B02
200700039565,0,07,000,00,2,3,13,A01
200700039565,0,01,000,00,2,1,01,B02
200700039566,0,07,000,13,0,1,14,A01
200700039567,0,33,000,00,2,1,01,A01
200700039567,0,33,000,00,2,4,01,B02
200700039567,0,07,000,00,2,1,01,C03
200700039568,0,02,000,00,2,1,17,A01
200700039568,0,07,000,00,2,3,15,B02
200700039569,0,07,000,16,0,9,01,A01
200700039570,0,07,000,03,0,3,13,A01
200700039571,0,07,000,00,2,2,01,A01
200700039571,0,07,000,00,2,2,01,B02
200700039572,0,07,000,00,2,3,01,A01
200700039572,0,01,000,00,2,8,16,B02
200700039573,0,07,000,00,2,2,17,A01
200700039573,0,07,000,00,0,6,02,B02
200700039573,0,07,000,00,0,1,02,C03
200700039574,0,33,000,00,2,1,17,A01
200700039574,0,07,000,00,2,3,15,B02
200700039575,0,07,000,00,0,9,01,A01
200700039576,0,33,000,00,2,7,17,A01
200700039576,0,03,000,00,2,3,11,B02
200700039577,0,01,000,00,2,1,01,A01
200700039577,0,13,000,00,9,6,15,B02
200700039578,0,07,000,00,0,3,13,A01
200700039578,0,07,000,00,0,3,00,B02
200700039579,0,14,000,00,9,2,01,A01
200700039579,0,01,000,00,2,8,01,B02
200700039580,0,07,000,00,2,7,15,A01
200700039580,0,32,000,00,2,1,01,B02
200700039581,0,07,000,00,2,2,01,A01
200700039581,0,07,000,00,2,1,15,B02
200700039582,0,07,000,00,1,3,01,A01
200700039583,0,01,000,00,2,3,15,A01
200700039583,0,07,000,00,2,2,01,B02
200700039584,0,10,000,00,1,8,19,A01
200700039585,0,07,000,00,2,3,17,A01
200700039585,0,07,000,00,2,8,01,B02
200700039585,0,07,000,00,2,3,01,C03
200700039586,0,02,000,00,0,0,01,A01
200700039587,0,17,000,00,0,8,01,A01
200700039588,0,07,000,00,0,1,13,A01
200700039588,0,14,000,00,0,3,01,B02
200700039589,0,07,000,13,0,2,01,A01
200700039590,0,07,000,00,2,3,15,A01
200700039590,0,33,000,00,2,5,02,B02
200700039591,0,07,000,13,0,9,01,A01
200700039592,0,33,000,00,0,0,01,A01
200700039593,0,07,000,00,2,2,15,A01
200700039593,0,14,000,00,2,1,01,B02
200700039593,0,21,000,00,2,3,23,C03
200700039594,0,07,000,00,1,5,01,A01
200700039595,0,07,000,00,1,1,15,A01
200700039596,0,07,000,00,2,1,01,A01
200700039596,0,07,000,00,2,1,01,B02
200700039597,0,02,000,00,2,9,01,A01
200700039597,0,07,000,00,2,3,19,B02
200700039598,0,15,000,00,2,8,10,A01
200700039598,0,30,000,00,2,1,13,B02
200700039599,0,34,000,00,1,2,01,A01
200700039600,0,07,000,00,2,3,01,A01
200700039600,0,07,000,00,2,2,15,B02
200700039601,0,07,000,00,2,2,17,A01
200700039601,0,01,000,00,2,4,01,B02
200700039602,0,07,000,00,2,3,13,A01
200700039602,0,07,000,00,2,3,01,B02
200700039603,0,07,000,00,2,3,19,A01
200700039603,0,33,000,00,2,1,01,B02
200700039604,0,07,000,00,2,3,01,A01
200700039604,0,14,000,00,2,3,01,B02
200700039605,0,10,000,00,2,3,10,A01
200700039605,0,17,000,00,2,2,01,B02
200700039606,0,17,000,00,0,0,00,A01
200700039606,0,10,000,00,0,3,01,B02
200700039607,0,07,000,00,9,1,15,A01
200700039607,0,01,000,00,2,1,09,B02
200700039608,0,07,000,00,2,4,20,A01
200700039608,0,30,000,00,2,1,16,B02
200700039609,0,07,000,00,2,3,16,A01
200700039609,0,33,000,00,2,7,01,B02
200700039610,0,07,000,00,2,3,15,A01
200700039610,0,07,000,00,2,3,01,B02
200700039611,0,02,000,01,0,1,01,A01
200700039612,0,07,000,00,2,7,15,A01
200700039612,0,31,000,00,0,9,01,B02
200700039613,0,07,000,06,0,1,01,A01
200700039614,0,30,000,00,2,1,05,A01
200700039614,0,30,000,00,2,1,01,B02
200700039615,0,07,000,00,2,1,01,A01
200700039615,0,07,000,00,0,1,01,B02
200700039616,0,30,000,01,0,1,01,A01
200700039616,0,07,000,00,9,4,24,B02
200700039617,0,33,000,00,2,1,17,A01
200700039617,0,07,000,00,2,1,01,B02
200700039618,0,36,000,01,0,2,01,A01
200700039619,0,07,000,00,2,1,17,A01
200700039619,0,07,000,00,0,3,15,B02
200700039620,0,07,000,06,0,2,01,A01
200700039621,0,07,000,00,2,1,01,B02
200700039621,0,07,000,00,2,7,19,A01
200700039622,0,07,000,13,0,1,00,A01
200700039623,0,02,000,00,2,8,01,A01
200700039623,1,07,000,00,2,7,01,B02
200700039624,0,07,000,00,2,1,13,A01
200700039624,0,07,000,00,2,3,01,B02
200700039625,0,02,000,00,2,1,15,A01
200700039625,0,07,000,00,2,3,01,B02
200700039626,0,33,000,00,2,7,13,A01
200700039626,0,10,000,00,2,3,15,B02
200700039627,0,07,000,00,9,1,01,A01
200700039627,0,01,000,00,0,4,01,B02
200700039628,0,07,000,08,0,2,01,A01
200700039629,0,07,000,00,2,2,16,A01
200700039629,0,02,000,00,2,3,01,B02
200700039630,0,07,000,00,2,3,13,A01
200700039630,0,07,000,00,2,3,01,B02
200700039631,0,07,000,00,2,6,13,A01
200700039631,0,07,000,00,2,1,01,B02
200700039632,0,31,000,00,0,8,15,A01
200700039632,0,07,000,00,0,8,17,B02
200700039633,0,07,000,00,2,1,13,A01
200700039633,0,07,000,00,2,1,21,B02
200700039634,0,33,000,00,2,1,17,A01
200700039634,0,07,000,00,2,5,15,B02
200700039635,0,33,000,13,0,2,01,A01
200700039636,0,17,000,00,2,0,01,A01
200700039636,0,07,000,00,2,3,01,C03
200700039637,0,30,000,00,2,6,02,A01
200700039637,0,07,000,00,2,1,01,B02
200700039638,0,07,000,00,2,1,13,A01
200700039638,0,07,000,00,2,1,01,B02
200700039639,0,02,000,00,0,0,01,A01
200700039640,0,17,000,00,0,8,01,A01
200700039640,0,02,000,00,2,3,01,B02
200700039641,0,30,000,00,0,8,01,A01
200700039642,0,02,000,00,2,1,01,A01
200700039642,0,07,000,00,2,3,15,B02
200700039643,0,07,000,00,2,1,01,A01
200700039643,0,07,000,00,2,3,00,B02
200700039644,0,07,000,00,2,2,17,A01
200700039644,0,01,000,00,2,6,13,B02
200700039645,0,07,000,08,0,2,01,A01
200700039646,0,07,000,00,2,1,17,A01
200700039646,0,02,000,00,0,4,01,B02
200700039647,0,07,000,00,2,3,01,A01
200700039647,0,20,000,00,2,3,13,B02
200700039648,0,02,000,00,2,1,05,A01
200700039648,0,07,000,00,2,1,05,B02