Num_Acc,senc,catv,occutc,obs,obsm,choc,manv,num_veh
200700039649,0,31,000,00,2,1,01,A01
200700039649,0,07,000,00,2,3,21,B02
200700039650,0,10,000,03,2,1,09,A01
200700039650,0,17,000,00,2,1,01,B02
200700039651,0,33,000,00,2,7,01,A01
200700039651,0,07,000,00,2,5,04,B02
200700039652,0,07,000,00,2,1,13,A01
200700039652,0,07,000,00,2,2,01,B02
200700039652,0,07,000,00,2,1,02,C03
200700039653,0,07,000,02,0,2,01,A01
200700039654,0,10,000,00,2,1,01,A01
200700039654,0,07,000,00,2,6,19,B02
200700039655,0,14,000,00,2,3,01,A01
200700039655,0,07,000,00,2,1,05,B02
200700039656,0,33,000,00,2,1,17,A01
200700039656,0,99,000,00,0,0,15,B02
200700039657,0,33,000,00,2,1,01,A01
200700039657,0,07,000,00,0,4,01,B02
200700039658,0,10,000,00,2,1,01,A01
200700039658,0,33,000,00,2,8,01,B02
200700039659,0,07,000,00,2,1,01,A01
200700039659,0,07,000,00,2,7,15,B02
200700039659,0,07,000,00,2,3,01,C03
200700039660,0,33,000,03,0,1,01,A01
200700039661,0,07,000,02,0,1,01,A01
200700039662,0,01,000,00,2,1,15,A01
200700039662,0,07,000,00,9,7,01,B02
200700039663,0,07,000,00,2,8,15,A01
200700039663,0,33,000,00,2,1,01,B02
200700039664,0,33,000,00,2,1,17,A01
200700039664,0,31,000,00,0,8,15,B02
200700039665,0,07,000,00,2,1,19,A01
200700039665,0,33,000,00,2,1,13,B02
200700039666,0,07,000,00,2,2,15,A01
200700039666,0,07,000,00,2,2,01,B02
200700039666,0,07,000,00,2,3,01,C03
200700039667,0,07,000,00,2,2,15,A01
200700039667,0,07,000,00,2,1,01,B02
200700039668,0,33,000,00,2,0,01,A01
200700039668,0,10,000,00,1,2,01,B02
200700039669,0,07,000,00,0,0,01,A01
200700039670,0,30,000,00,5,1,01,A01
200700039671,0,31,000,13,0,1,01,A01
200700039672,0,33,000,00,2,1,01,A01
200700039672,0,07,000,00,2,2,15,B02
200700039672,0,07,000,00,2,1,01,C03
200700039673,0,02,000,00,0,0,00,A01
200700039673,0,07,000,00,2,2,01,B02
200700039674,0,07,000,00,2,3,09,A01
200700039674,0,01,000,00,2,7,15,B02
200700039675,0,33,000,00,2,3,01,A01
200700039675,0,10,000,00,2,3,01,B02
200700039676,0,07,000,00,2,1,01,A01
200700039676,0,07,000,00,2,2,01,B02
200700039677,0,07,000,00,2,8,15,A01
200700039677,0,33,000,00,2,1,00,B02
200700039678,0,30,000,13,0,1,13,A01
200700039679,0,07,000,00,1,0,02,A01
200700039680,0,33,000,00,2,1,01,A01
200700039680,0,07,000,00,0,5,01,B02
200700039681,0,33,000,00,2,1,01,A01
200700039681,0,07,000,00,2,8,15,B02
200700039682,0,33,000,01,2,3,01,A01
200700039682,0,07,000,00,2,8,01,B02
200700039682,0,07,000,00,0,2,24,C03
200700039683,0,07,000,00,2,7,19,A01
200700039683,0,15,000,00,2,3,01,B02
200700039684,0,10,000,06,0,1,01,A01
200700039685,0,07,000,00,2,1,00,B02
200700039685,0,10,000,00,2,3,17,A01
200700039686,0,02,000,00,0,1,01,A01
200700039686,0,07,000,00,0,2,01,B02
200700039687,0,07,000,00,2,3,13,A01
200700039687,0,07,000,00,2,3,01,B02
200700039688,0,07,000,13,0,3,14,A01
200700039689,0,33,000,00,2,1,17,A01
200700039689,0,07,000,00,9,3,01,B02
200700039690,0,10,000,00,2,1,15,A01
200700039690,0,02,000,00,2,1,01,B02
200700039691,0,07,000,00,2,3,19,A01
200700039691,0,07,000,00,2,1,01,B02
200700039692,0,02,000,00,2,1,01,A01
200700039692,0,07,000,00,2,7,01,B02
200700039693,0,07,000,13,0,2,01,A01
200700039694,0,07,000,02,0,1,00,A01
200700039695,0,07,000,00,0,8,15,A01
200700039695,0,07,000,00,2,1,01,B02
200700039696,0,07,000,00,2,3,17,A01
200700039696,0,33,000,00,2,1,01,B02
200700039697,0,02,000,00,2,7,13,A01
200700039697,0,07,000,00,2,7,13,B02
200700039698,0,02,000,08,0,1,14,A01
200700039699,0,07,000,13,0,9,02,A01
200700039700,0,07,000,13,0,3,01,A01
200700039701,0,31,000,00,0,1,01,A01
200700039702,0,33,000,00,2,7,01,A01
200700039702,0,07,000,00,2,8,01,B02
200700039703,0,10,000,01,1,9,01,A01
200700039703,0,07,000,00,9,3,23,B02
200700039704,0,07,000,13,0,1,01,A01
200700039705,0,33,000,00,2,3,13,A01
200700039705,0,07,000,00,2,3,01,B02
200700039706,0,07,000,00,1,1,02,A01
200700039707,0,07,000,00,2,1,01,A01
200700039707,0,17,000,00,0,4,01,B02
200700039708,0,07,000,00,9,2,00,A01
200700039708,0,01,000,00,2,4,00,B02
200700039709,0,07,000,00,2,3,13,A01
200700039709,0,07,000,00,2,1,01,B02
200700039710,0,07,000,00,2,1,02,A01
200700039710,0,07,000,00,0,4,23,B02
200700039710,0,07,000,00,0,4,23,C03
200700039711,0,07,000,00,2,1,13,A01
200700039711,0,07,000,00,2,8,01,B02
200700039712,0,31,000,13,0,1,01,A01
200700039713,0,33,000,00,2,3,05,A01
200700039713,0,07,000,00,2,2,02,B02
200700039714,0,33,000,00,2,1,01,A01
200700039714,0,07,000,00,0,6,01,B02
200700039715,0,07,000,00,1,2,01,A01
200700039716,0,07,000,00,2,3,06,A01
200700039716,0,07,000,00,2,3,01,B02
200700039717,0,07,000,00,9,1,00,A01
200700039718,0,07,000,00,0,1,01,A01
200700039718,0,07,000,00,0,7,19,B02
200700039719,0,07,000,00,0,1,01,A01
200700039720,0,02,000,00,2,8,15,A01
200700039720,0,07,000,00,2,3,01,B02
200700039721,0,07,000,14,0,1,01,A01
200700039722,0,07,000,00,2,3,01,A01
200700039722,0,01,000,00,2,2,15,B02
200700039723,0,21,000,00,2,1,15,B02
200700039723,0,07,000,00,2,1,01,A01
200700039724,0,30,000,00,2,2,01,A01
200700039724,0,07,000,00,2,6,23,B02
200700039724,0,07,000,00,2,8,01,C03
200700039725,0,07,000,00,1,2,01,A01
200700039726,0,07,000,13,0,3,13,A01
200700039727,0,07,000,00,0,8,15,A01
200700039727,0,02,000,00,0,1,01,B02
200700039728,0,07,000,00,2,3,01,A01
200700039728,0,14,000,00,2,3,01,B02
200700039729,0,07,000,00,2,3,15,A01
200700039729,0,31,000,00,2,1,17,B02
200700039730,0,10,000,13,0,3,13,A01
200700039731,0,07,000,00,2,2,15,A01
200700039731,0,33,000,00,2,1,01,B02
200700039732,0,07,000,00,9,5,02,A01
200700039732,0,01,000,00,2,3,02,B02
200700039733,0,30,000,00,2,1,01,A01
200700039733,0,07,000,00,2,2,16,B02
200700039734,0,07,000,04,0,3,01,A01
200700039735,0,07,000,13,0,7,01,A01
200700039736,0,07,000,00,2,9,13,A01
200700039736,0,07,000,00,2,2,00,B02
200700039737,0,07,000,00,0,3,02,A01
200700039737,0,07,000,00,0,7,02,B02
200700039738,0,33,000,00,2,8,01,A01
200700039738,0,07,000,00,2,3,01,B02
200700039739,0,07,000,00,2,2,00,A01
200700039739,0,02,000,00,2,1,00,B02
200700039740,0,07,000,00,1,3,01,A01
200700039741,0,07,000,13,0,1,01,A01
200700039742,0,07,000,15,2,7,13,A01
200700039742,0,07,000,00,2,1,01,B02
200700039743,0,07,000,00,2,1,13,A01
200700039743,0,07,000,00,2,1,01,B02
200700039744,0,07,000,00,2,2,02,A01
200700039744,0,07,000,00,2,5,15,B02
200700039745,0,07,000,08,0,2,13,A01
200700039746,0,07,000,06,0,7,01,A01
200700039747,0,03,000,00,0,8,09,A01
200700039747,0,07,000,00,2,1,00,B02
200700039748,0,07,000,02,0,1,00,A01
200700039749,0,30,000,00,2,3,01,A01
200700039749,0,07,000,00,2,2,01,B02
200700039750,0,07,000,08,0,1,13,A01
200700039751,0,15,000,00,2,2,15,A01
200700039751,0,07,000,00,2,1,01,B02
200700039752,0,30,000,00,0,2,01,A01
200700039753,0,10,000,06,0,2,01,A01
200700039754,0,07,000,00,2,2,01,A01
200700039754,0,02,000,00,2,3,15,B02
200700039755,0,21,000,00,2,3,01,A01
200700039755,0,02,000,00,2,1,01,B02
200700039756,0,33,000,00,2,7,17,A01
200700039756,0,21,000,00,2,6,01,B02
200700039757,0,31,000,00,2,1,17,A01
200700039757,0,07,000,00,0,8,15,B02
200700039758,0,33,000,13,0,7,01,A01
200700039759,0,02,000,00,0,1,01,A01
200700039760,0,07,000,00,2,1,01,A01
200700039760,0,07,000,00,2,8,15,B02
200700039761,0,21,000,00,2,6,01,A01
200700039761,0,33,000,00,2,1,01,B02
200700039762,0,07,000,00,2,8,15,A01
200700039762,0,33,000,00,2,2,01,B02
200700039763,0,07,000,00,2,1,13,A01
200700039763,0,07,000,00,2,3,00,B02
200700039764,0,07,000,00,2,7,17,A01
200700039764,0,10,000,00,2,8,01,B02
200700039765,0,07,000,06,2,6,15,A01
200700039765,0,33,000,00,2,1,17,B02
200700039766,0,07,000,00,9,2,01,A01
200700039766,0,02,000,00,2,1,19,B02
200700039767,0,07,000,00,2,1,01,A01
200700039767,0,02,000,00,2,1,05,B02
200700039768,0,02,000,00,2,3,01,A01
200700039768,0,07,000,00,2,3,01,B02
200700039769,0,02,000,00,1,1,01,A01
200700039770,0,03,000,00,2,1,13,A01
200700039770,0,10,000,00,2,1,01,B02
200700039771,0,07,000,00,0,2,10,A01
200700039772,0,99,000,00,2,1,16,A01
200700039772,0,07,000,00,2,3,01,B02
200700039773,0,07,000,13,0,9,01,A01
200700039774,0,07,000,00,0,8,10,A01
200700039774,0,33,000,00,2,1,13,B02
200700039775,0,02,000,00,1,1,17,A01
200700039776,0,07,000,00,2,5,15,A01
200700039776,0,30,000,00,2,1,18,B02
200700039777,0,07,000,00,0,1,01,A01
200700039777,0,31,000,00,0,7,00,B02
200700039778,0,07,000,00,2,8,10,A01
200700039778,0,33,000,00,2,1,17,B02
200700039779,0,07,000,00,0,3,13,A01
200700039779,0,07,000,00,2,3,01,B02
200700039780,0,07,000,13,0,9,01,A01
200700039781,0,07,000,06,0,1,01,A01
200700039782,0,07,000,02,2,1,01,A01
200700039782,0,02,000,02,2,4,01,B02
200700039783,0,07,000,00,2,7,01,B02
200700039783,0,07,000,00,2,3,01,A01
200700039784,0,07,000,13,0,3,01,A01
200700039785,0,07,000,00,1,2,16,A01
200700039786,0,07,000,00,1,1,01,A01
200700039787,0,07,000,00,0,6,19,A01
200700039787,0,33,000,00,0,1,01,B02
200700039788,0,32,000,00,0,1,15,A01
200700039789,0,31,000,00,2,1,10,A01
200700039789,0,02,000,00,2,1,01,B02
200700039790,0,30,000,00,0,0,00,A01
200700039790,0,07,000,00,0,0,00,B02
200700039791,0,07,000,00,2,3,13,A01
200700039791,0,07,000,00,2,3,01,B02
200700039792,0,07,000,13,0,1,01,A01
200700039793,0,07,000,00,1,4,01,A01
200700039793,0,10,000,00,2,1,01,B02
200700039794,0,31,000,00,0,7,01,A01
200700039795,0,07,000,00,2,6,23,A01
200700039795,0,30,000,00,2,1,02,B02
200700039796,0,03,000,13,0,1,17,A01
200700039797,0,07,000,02,0,1,00,A01
200700039798,0,10,000,00,1,0,16,A01
200700039799,0,33,000,00,2,2,01,A01
200700039799,0,07,000,00,2,2,15,B02
200700039800,0,33,000,00,0,9,14,A01
200700039801,0,33,000,00,2,1,00,A01
200700039801,0,07,000,00,2,2,00,B02
200700039802,0,10,000,00,2,5,17,A01
200700039802,0,30,000,00,2,1,18,B02
200700039803,0,07,000,00,2,2,17,A01
200700039803,0,07,000,00,0,8,15,B02
200700039804,0,07,000,08,0,3,01,A01
200700039805,0,33,000,00,2,8,01,A01
200700039805,0,07,000,00,2,1,23,B02
200700039805,0,07,000,00,2,2,19,C03
200700039806,0,07,000,00,2,3,17,A01
200700039806,0,07,000,00,2,3,01,B02
200700039807,0,07,000,00,2,8,19,A01
200700039807,0,07,000,00,2,1,01,B02
200700039808,0,30,000,00,2,1,01,A01
200700039808,0,07,000,00,2,3,01,B02
200700039809,0,01,000,00,6,1,00,A01
200700039810,0,07,000,00,2,3,01,A01
200700039810,0,07,000,00,2,3,01,B02
200700039811,0,07,000,02,0,9,01,A01
200700039812,0,07,000,00,2,1,17,A01
200700039812,0,07,000,00,2,1,01,B02
200700039813,0,36,000,00,0,0,01,A01
200700039814,0,07,000,13,0,9,01,A01
200700039815,0,07,000,13,0,1,17,A01
200700039816,0,07,000,08,0,8,01,A01
200700039817,0,07,000,02,0,7,01,A01
200700039818,0,07,000,00,2,6,15,A01
200700039818,0,33,000,00,2,1,01,B02
200700039819,0,07,000,16,0,1,01,A01
200700039820,0,10,000,08,6,8,21,A01
200700039821,0,33,000,00,2,1,13,A01
200700039821,0,07,000,00,2,3,15,B02
200700039822,0,07,000,00,2,3,15,A01
200700039822,0,33,000,00,2,3,01,B02
200700039823,0,07,000,00,2,2,05,A01
200700039823,0,07,000,00,2,1,01,B02
200700039824,0,31,000,00,2,1,13,A01
200700039824,0,07,000,00,2,0,01,B02
200700039825,0,07,000,16,0,1,01,A01
200700039826,0,10,000,08,0,7,13,A01
200700039827,0,07,000,00,2,3,00,A01
200700039827,0,33,000,00,2,1,01,B02
200700039828,0,33,000,00,2,1,09,A01
200700039828,0,07,000,00,2,1,21,B02
200700039829,0,07,000,00,1,2,01,A01
200700039830,0,07,000,00,2,4,23,A01
200700039830,0,07,000,00,0,4,23,B02
200700039830,0,07,000,01,0,1,01,C03
200700039831,0,07,000,13,0,1,01,A01
200700039832,0,07,000,00,2,3,15,A01
200700039832,0,07,000,00,2,2,01,B02
200700039833,0,07,000,08,0,9,14,A01
200700039834,0,07,000,00,0,1,13,A01
200700039834,0,14,000,00,0,1,01,B02
200700039835,0,33,000,00,2,1,01,A01
200700039835,0,14,000,00,2,3,09,B02
200700039836,0,07,000,00,1,3,01,A01
200700039837,0,07,000,00,2,1,17,A01
200700039837,0,07,000,06,0,6,15,B02
200700039838,0,07,000,02,0,2,14,A01
200700039839,0,07,000,13,0,9,14,A01
200700039840,0,07,000,00,2,2,01,A01
200700039840,0,01,000,00,0,4,01,B02
200700039841,0,07,000,00,2,1,13,A01
200700039841,0,07,000,00,2,1,01,B02
200700039841,0,07,000,00,2,1,01,C03
200700039842,0,07,000,00,2,3,13,A01
200700039842,0,07,000,00,2,3,21,B02
200700039842,0,07,000,00,2,1,01,C03
200700039843,0,07,000,00,0,9,00,A01
200700039844,0,07,000,00,2,1,17,A01
200700039844,0,07,000,00,2,3,15,B02
200700039845,0,07,000,00,0,6,15,B02
200700039845,0,33,000,00,2,1,00,A01
200700039846,0,07,000,00,2,1,17,A01
200700039846,0,14,000,00,2,1,01,B02
200700039847,0,07,000,02,0,8,13,A01
200700039848,0,33,000,13,0,8,01,A01
200700039849,0,10,000,00,9,3,15,A01
200700039849,0,33,000,00,2,1,01,B02
200700039850,0,07,000,00,2,2,13,A01
200700039850,0,07,000,00,2,1,01,B02
200700039851,0,02,000,00,0,3,01,A01
200700039851,0,07,000,00,0,3,01,B02
200700039852,0,07,000,00,2,3,02,A01
200700039852,0,07,000,00,2,3,13,B02
200700039853,1,07,000,00,2,8,13,A01
200700039853,0,33,000,00,2,2,17,B02
200700039854,0,07,000,00,2,3,01,A01
200700039854,0,07,000,00,2,3,01,B02
200700039855,0,07,000,00,2,1,01,B02
200700039855,0,07,000,00,2,8,01,A01
200700039856,0,07,000,00,2,5,19,A01
200700039856,0,33,000,00,2,1,01,B02
200700039857,0,31,000,00,1,1,01,A01
200700039858,0,07,000,00,0,0,17,A01
200700039858,0,33,000,00,0,0,17,B02
200700039859,0,07,000,00,2,4,23,A01
200700039859,0,33,000,01,0,1,01,B02
200700039860,0,07,000,00,2,2,17,A01
200700039860,0,07,000,00,2,6,15,B02
200700039861,0,07,000,00,0,0,19,A01
200700039861,0,33,000,00,0,1,01,B02
200700039862,0,07,000,13,0,1,13,A01
200700039863,0,07,000,00,2,1,01,A01
200700039863,0,07,000,00,0,8,19,B02
200700039864,0,14,000,15,2,1,19,A01
200700039864,0,07,000,00,2,7,01,B02
200700039864,0,07,000,00,0,2,23,C03
200700039865,0,33,000,13,0,1,01,A01
200700039866,0,07,000,00,2,1,13,A01
200700039866,0,14,000,00,0,3,01,B02
200700039866,0,14,000,00,0,1,01,C03
200700039867,0,07,000,10,0,3,01,A01
200700039868,0,07,000,00,2,1,01,A01
200700039868,0,07,000,00,2,4,15,B02
200700039868,0,07,000,00,2,1,01,C03
200700039869,0,33,000,00,2,2,17,A01
200700039869,0,07,000,00,0,6,15,B02
200700039870,0,15,000,06,0,2,14,A01
200700039871,0,07,000,06,0,3,01,A01
200700039872,0,17,000,00,2,5,17,A01
200700039872,0,01,000,00,2,3,01,B02
200700039873,0,07,000,13,0,3,01,A01
200700039874,0,03,000,00,2,3,01,A01
200700039874,0,10,000,00,2,3,01,B02
200700039875,0,07,000,00,2,6,09,A01
200700039875,0,33,000,00,2,1,01,B02
200700039876,0,07,000,00,2,2,05,A01
200700039876,0,07,000,00,2,2,01,B02
200700039877,0,02,000,00,0,0,00,A01
200700039877,0,07,000,00,2,8,01,B02
200700039878,0,07,000,00,2,1,01,B02
200700039878,0,07,000,00,2,8,19,A01
200700039879,0,07,000,00,2,1,19,A01
200700039879,0,07,000,00,2,2,01,B02
200700039880,0,02,000,00,2,8,19,A01
200700039880,0,07,000,13,2,3,02,B02
200700039881,0,31,000,00,2,3,13,A01
200700039881,0,10,000,00,2,5,17,B02
200700039882,0,10,000,00,2,3,15,A01
200700039882,0,07,000,00,2,2,01,B02
200700039883,0,33,000,00,2,6,01,A01
200700039883,0,07,000,00,2,1,09,B02
200700039884,0,30,000,00,0,2,01,A01
200700039884,0,07,000,00,2,1,15,B02
200700039885,0,07,000,16,0,1,01,A01
200700039886,0,10,000,00,2,1,02,A01
200700039886,0,07,000,00,2,6,15,B02
200700039887,0,07,000,00,2,1,01,A01
200700039887,0,07,000,00,0,4,15,B02
200700039888,0,07,000,13,0,1,01,A01
200700039889,0,30,000,00,0,0,01,A01
200700039890,0,07,000,00,4,2,00,A01
200700039890,0,39,000,00,2,3,00,B02
200700039891,0,07,000,00,2,1,13,A01
200700039891,0,07,000,00,2,7,05,B02
200700039892,0,07,000,00,2,3,01,A01
200700039892,0,01,000,00,2,8,19,B02
200700039893,0,07,000,00,2,1,01,A01
200700039893,0,01,000,00,2,4,15,B02
200700039894,0,07,000,00,2,6,15,A01
200700039894,0,33,000,00,2,1,02,B02
200700039895,0,07,000,00,2,2,15,A01
200700039895,0,07,000,00,2,1,01,B02
200700039896,0,32,000,00,1,1,19,A01
200700039897,0,07,000,00,1,2,01,A01
200700039898,0,07,000,13,0,1,01,A01
200700039899,0,07,000,02,0,1,13,A01
200700039900,0,33,000,00,0,8,02,A01
200700039900,0,01,000,00,0,1,02,B02
200700039901,0,02,000,00,2,1,01,A01
200700039901,0,07,000,00,2,6,01,B02
200700039902,0,07,000,00,2,1,01,A01
200700039902,0,02,000,00,2,8,10,B02
200700039903,0,01,000,00,2,1,00,B02
200700039903,0,07,000,00,2,3,19,A01
200700039904,0,07,000,00,2,7,13,A01
200700039904,0,07,000,00,2,1,01,B02
200700039905,0,07,000,00,0,5,02,A01
200700039905,0,33,000,00,2,2,02,B02
200700039906,0,36,000,01,0,3,01,A01
200700039907,0,33,000,00,0,8,01,A01
200700039908,0,07,000,00,2,2,01,A01
200700039908,0,02,000,00,0,4,01,B02
200700039909,0,31,000,02,0,1,01,A01
200700039910,0,02,000,11,0,1,01,A01
200700039911,0,30,000,00,2,1,01,A01
200700039911,0,07,000,00,0,4,01,B02
200700039912,0,33,000,00,0,8,01,A01
200700039913,0,07,000,13,0,3,01,A01
200700039914,0,07,000,00,2,1,13,A01
200700039914,0,07,000,00,2,1,01,B02
200700039915,0,32,000,00,2,1,01,B02
200700039915,0,10,000,00,9,3,19,A01
200700039916,0,30,000,00,2,7,19,B02
200700039916,0,17,000,00,2,3,01,A01
200700039917,0,33,000,00,0,8,01,A01
200700039918,0,10,000,00,0,3,00,A01
200700039918,0,02,000,00,0,8,15,B02
200700039919,0,07,000,00,2,1,01,A01
200700039919,0,20,000,00,2,1,01,B02
200700039920,0,31,000,00,2,3,01,A01
200700039920,0,07,000,00,2,8,15,B02
200700039921,0,07,000,00,0,1,01,A01
200700039921,0,17,000,00,0,1,00,B02
200700039922,0,01,000,00,2,2,15,A01
200700039922,0,07,000,00,2,3,01,B02
200700039923,0,07,000,00,0,9,13,A01
200700039924,0,07,000,13,0,3,01,A01
200700039925,0,07,000,00,2,1,01,B02
200700039925,0,07,000,00,2,8,19,A01
200700039926,0,07,000,00,2,3,19,A01
200700039927,0,07,000,00,9,3,01,B02
200700039927,0,02,000,00,2,3,15,A01
200700039928,0,07,000,00,2,2,13,A01
200700039928,0,21,000,00,2,3,01,B02
200700039929,0,33,000,00,2,1,01,A01
200700039929,0,07,000,00,2,2,15,B02
200700039930,0,07,000,13,0,3,01,A01
200700039931,0,07,000,00,2,3,01,A01
200700039931,0,07,000,00,2,5,15,B02
200700039932,0,02,000,00,0,1,01,A01
200700039933,0,07,000,00,1,1,01,A01
200700039934,0,17,000,03,2,5,11,A01
200700039934,0,16,000,16,2,8,01,B02
200700039935,0,07,000,00,2,2,01,B02
200700039935,0,30,000,00,2,3,01,A01
200700039936,0,02,000,00,2,1,17,A01
200700039936,0,07,000,00,2,3,15,B02
200700039937,0,01,000,00,2,4,02,A01
200700039937,0,07,000,00,2,2,02,B02
200700039938,0,07,000,16,0,9,01,A01
200700039939,0,02,000,00,2,1,19,A01
200700039939,0,02,000,00,0,0,00,B02
200700039940,0,31,000,16,0,8,01,A01
200700039941,0,07,000,06,0,6,01,A01
200700039942,0,30,000,00,2,1,01,A01
200700039942,0,30,000,00,2,7,15,B02
200700039943,0,07,000,00,2,7,13,A01
200700039943,0,07,000,00,2,1,01,B02
200700039944,0,02,000,00,1,1,01,A01
200700039945,0,02,000,00,2,1,13,A01
200700039945,0,07,000,00,1,3,00,B02
200700039946,0,07,000,00,2,2,01,A01
200700039946,0,02,000,00,2,7,01,B02
200700039947,0,07,000,00,2,2,01,A01
200700039947,0,01,000,00,0,8,15,B02
200700039948,0,10,000,00,2,2,02,A01
200700039948,0,10,000,00,2,6,01,B02
200700039948,0,01,000,00,0,1,23,C03
200700039949,0,33,000,00,2,3,01,A01
200700039949,0,07,000,00,2,4,01,B02
200700039949,0,07,000,00,2,3,01,C03
200700039950,0,32,000,00,0,0,00,A01
200700039951,0,07,000,00,1,2,01,A01
200700039952,0,07,000,00,2,1,01,A01
200700039952,0,07,000,00,2,1,15,B02
200700039953,0,07,000,00,2,7,01,A01
200700039953,0,10,000,00,2,3,01,B02
200700039954,0,07,000,13,0,3,01,A01
200700039955,0,07,000,00,2,2,15,A01
200700039955,0,14,000,00,2,1,01,B02
200700039955,0,07,000,00,2,1,01,C03
200700039956,0,10,000,00,2,1,15,A01
200700039956,0,33,000,00,2,1,01,B02
200700039957,0,33,000,07,0,8,01,A01
200700039958,0,07,000,00,2,1,01,A01
200700039958,0,01,000,00,2,8,19,B02
200700039959,0,07,000,00,2,2,15,A01
200700039959,0,07,000,00,2,1,01,B02
200700039960,0,21,000,00,2,7,15,A01
200700039960,0,32,000,00,2,1,01,B02
200700039961,0,07,000,00,2,2,11,A01
200700039961,0,01,000,00,2,8,19,B02
200700039962,0,30,000,00,2,3,13,A01
200700039962,0,07,000,00,0,3,01,B02
200700039963,0,01,000,00,2,8,15,A01
200700039963,0,10,000,00,2,2,01,B02
200700039964,0,07,000,08,0,1,02,A01
200700039965,0,03,000,13,0,1,01,A01
200700039966,0,30,000,00,2,1,01,A01
200700039966,0,07,000,00,2,4,15,B02
200700039967,0,07,000,00,2,1,01,A01
200700039967,0,07,000,00,2,7,19,B02
200700039968,0,30,000,15,0,1,13,A01
200700039969,0,02,000,00,0,7,01,A01
200700039969,0,07,000,00,2,1,01,B02
200700039970,0,14,000,00,2,3,01,A01
200700039970,0,07,000,00,2,3,01,B02
200700039971,0,07,000,02,0,3,01,A01
200700039972,0,02,000,00,2,1,17,A01
200700039972,0,07,000,00,2,1,02,B02
200700039973,0,07,000,08,0,1,01,A01
200700039974,0,30,000,00,1,1,01,A01
200700039975,0,02,000,00,2,1,17,A01
200700039975,0,07,000,00,0,8,15,B02
200700039976,0,30,000,06,0,1,01,A01
200700039977,0,07,000,08,0,1,01,A01
200700039978,0,10,000,00,2,2,15,A01
200700039978,0,02,000,00,2,1,01,B02
200700039979,0,07,000,16,0,9,01,A01
200700039980,0,33,000,00,2,1,13,A01
200700039980,0,07,000,00,2,1,01,B02
200700039981,0,07,000,00,2,2,01,A01
200700039981,0,30,000,00,2,1,13,B02
200700039982,0,02,000,00,2,3,01,A01
200700039982,0,21,000,00,2,3,01,B02
200700039983,0,02,000,12,0,1,13,A01
200700039984,0,07,000,00,2,7,19,A01
200700039984,0,07,000,00,2,1,19,B02
200700039985,0,14,000,00,0,7,01,A01
200700039985,0,07,000,00,0,8,01,B02
200700039986,0,02,000,03,0,1,01,A01
200700039987,0,07,000,06,0,2,01,A01
200700039988,0,30,000,00,2,1,02,A01
200700039988,0,30,000,00,2,6,02,B02
200700039989,0,07,000,03,0,1,01,A01
200700039990,0,10,000,00,1,3,01,A01
200700039991,0,07,000,14,0,3,02,A01
200700039991,0,07,000,00,2,9,15,B02
200700039991,0,07,000,00,2,3,01,C03
200700039992,0,07,000,00,2,7,13,A01
200700039992,0,07,000,00,2,1,01,B02
200700039993,0,31,000,00,0,0,02,A01
200700039994,0,07,000,13,0,2,01,A01
200700039995,0,07,000,02,0,1,01,A01
200700039996,0,01,000,00,0,0,00,A01
200700039997,0,07,000,00,2,1,16,A01
200700039997,0,07,000,00,2,3,01,B02
200700039998,0,10,000,00,0,3,01,A01
200700039998,0,20,000,00,0,3,01,B02
200700039999,0,02,000,00,2,7,21,A01
200700039999,0,30,000,00,2,8,23,B02
200700040000,0,07,000,00,2,3,13,A01
200700040000,0,10,000,00,2,6,00,B02
200700040001,0,02,000,06,0,1,01,A01
200700040002,0,07,000,02,0,3,01,A01
200700040003,0,33,000,00,2,1,01,A01
200700040003,0,14,000,00,2,1,01,B02
200700040004,0,10,000,00,1,7,01,A01
200700040005,0,30,000,00,0,7,01,A01
200700040006,0,07,000,13,0,1,01,A01
200700040007,0,31,000,02,0,1,01,A01
200700040008,0,07,000,00,2,1,19,A01
200700040008,0,35,000,00,2,3,15,B02
200700040009,0,07,000,13,0,1,13,A01
200700040010,0,33,000,00,2,3,13,A01
200700040010,0,10,000,13,2,8,01,B02
200700040011,0,07,000,14,0,9,01,A01
200700040012,0,07,000,13,0,1,01,A01
200700040012,0,33,000,00,0,8,01,B02
200700040013,0,30,000,08,0,1,01,A01
200700040014,0,30,000,13,0,0,01,A01
200700040015,0,07,000,00,1,7,02,A01
200700040016,0,10,000,00,0,1,01,A01
200700040016,0,07,000,00,2,3,13,B02
200700040016,0,07,000,00,2,8,01,C03
200700040017,0,33,000,16,0,1,15,A01
200700040018,0,33,000,00,0,0,00,A01
200700040019,0,30,000,00,2,1,01,A01
200700040019,0,07,000,00,2,3,01,B02
200700040020,0,31,000,13,0,8,01,A01
200700040021,0,02,000,00,2,1,01,A01
200700040021,0,07,000,00,0,6,01,B02
200700040022,0,07,000,00,2,3,19,A01
200700040022,0,31,000,00,2,1,01,B02
200700040023,0,07,000,00,2,1,01,A01
200700040023,0,10,000,00,2,1,01,B02
200700040024,0,33,000,00,2,1,02,A01
200700040024,0,07,000,00,0,4,01,B02
200700040025,0,07,000,15,2,1,01,A01
200700040025,0,31,000,12,2,6,01,B02
200700040026,0,07,000,13,0,1,01,A01