Num_Acc,senc,catv,occutc,obs,obsm,choc,manv,num_veh
200700040027,0,07,000,00,2,1,15,A01
200700040027,0,30,000,00,2,8,01,B02
200700040028,0,02,000,03,0,2,01,A01
200700040029,0,07,000,02,0,8,01,A01
200700040030,0,07,000,02,0,1,01,A01
200700040031,0,02,000,00,2,1,13,A01
200700040031,0,10,000,00,2,1,01,B02
200700040032,0,07,000,00,0,0,01,A01
200700040033,0,07,000,00,2,3,17,A01
200700040033,0,14,000,00,2,3,01,B02
200700040034,0,07,000,02,0,1,19,A01
200700040035,0,07,000,02,0,2,01,A01
200700040036,0,33,000,00,0,1,01,A01
200700040037,0,07,000,00,2,8,01,A01
200700040037,0,07,000,00,2,7,01,B02
200700040038,0,07,000,00,2,5,15,A01
200700040038,0,33,000,00,2,1,01,B02
200700040039,0,07,000,08,0,7,01,A01
200700040040,0,07,000,00,9,7,01,A01
200700040040,0,01,000,00,2,0,09,B02
200700040041,0,07,000,00,1,2,01,A01
200700040042,0,07,000,13,0,2,21,A01
200700040042,0,07,000,00,0,0,19,B02
200700040043,0,07,000,00,2,3,01,A01
200700040043,0,07,000,00,2,1,13,B02
200700040044,0,07,000,08,0,1,01,A01
200700040045,0,07,000,00,2,3,01,A01
200700040045,0,33,000,00,2,8,01,B02
200700040046,0,07,000,02,0,2,01,A01
200700040047,0,07,000,13,0,1,01,A01
200700040048,0,02,000,00,2,1,17,A01
200700040048,0,07,000,00,2,8,15,B02
200700040049,0,07,000,00,1,2,01,A01
200700040050,0,07,000,13,0,1,01,A01
200700040051,0,07,000,04,0,7,01,A01
200700040051,0,07,000,00,0,0,05,B02
200700040052,0,02,000,12,0,7,13,A01
200700040053,0,07,000,06,0,1,00,A01
200700040054,0,07,000,13,0,2,14,A01
200700040055,0,07,000,14,0,2,19,A01
200700040056,0,07,000,00,2,2,13,A01
200700040056,0,14,000,00,2,2,01,B02
200700040057,0,13,000,00,0,1,01,A01
200700040058,0,31,000,06,0,1,01,A01
200700040059,0,31,000,00,0,7,01,A01
200700040060,0,07,000,00,2,2,15,A01
200700040060,0,07,000,00,2,7,01,B02
200700040061,0,07,000,16,0,2,19,A01
200700040062,0,07,000,00,2,1,15,A01
200700040062,0,33,000,00,2,2,01,B02
200700040063,0,17,000,00,0,2,01,A01
200700040064,0,07,000,00,2,1,13,A01
200700040064,0,07,000,00,2,1,01,B02
200700040065,0,07,000,02,0,1,01,A01
200700040066,0,30,000,00,2,7,01,A01
200700040066,0,33,000,00,2,1,01,B02
200700040067,0,07,000,00,2,8,13,A01
200700040067,0,07,000,00,2,1,01,B02
200700040068,0,07,000,02,0,1,01,A01
200700040069,0,07,000,13,0,1,01,A01
200700040070,0,07,000,00,0,3,15,A01
200700040070,0,33,000,00,2,1,01,B02
200700040071,0,07,000,00,2,1,01,A01
200700040071,0,30,000,00,0,4,15,B02
200700040072,0,33,000,00,6,0,01,A01
200700040073,0,10,000,00,2,2,13,A01
200700040073,0,07,000,00,2,7,01,B02
200700040073,0,17,000,00,2,3,21,C03
200700040074,0,31,000,00,2,1,01,A01
200700040074,0,07,000,00,2,8,16,B02
200700040075,0,31,000,00,2,1,17,A01
200700040075,0,07,000,00,2,3,15,B02
200700040076,0,07,000,00,2,3,01,A01
200700040076,0,07,000,00,2,3,00,B02
200700040077,0,31,000,00,2,1,05,A01
200700040077,0,07,000,00,2,3,01,B02
200700040078,0,07,000,00,2,8,17,A01
200700040078,0,07,000,00,2,6,23,B02
200700040079,0,10,000,00,2,5,15,A01
200700040079,0,33,000,00,2,1,01,B02
200700040080,0,33,000,00,0,7,16,A01
200700040081,0,14,000,00,1,1,01,A01
200700040082,0,07,000,10,0,3,13,A01
200700040083,0,10,000,02,0,3,13,A01
200700040084,0,33,000,00,2,1,17,A01
200700040084,0,07,000,00,0,3,15,B02
200700040085,0,07,000,00,2,3,19,A01
200700040085,0,07,000,00,2,2,00,B02
200700040086,0,07,000,00,2,1,01,A01
200700040086,0,07,000,00,2,3,01,B02
200700040087,0,07,000,00,2,1,01,A01
200700040087,0,07,000,00,2,1,01,B02
200700040088,0,33,000,11,0,7,00,A01
200700040089,0,07,000,00,2,8,19,A01
200700040089,0,10,000,00,2,3,01,B02
200700040090,0,07,000,14,0,1,02,A01
200700040091,0,02,000,06,0,0,01,A01
200700040092,0,07,000,00,2,3,01,A01
200700040092,0,07,000,00,2,3,01,B02
200700040093,0,30,000,00,0,1,01,A01
200700040094,0,07,000,00,0,1,15,A01
200700040094,0,01,000,00,0,3,01,B02
200700040095,0,07,000,00,0,8,13,A01
200700040096,0,07,000,00,2,3,14,A01
200700040096,0,02,000,00,2,9,13,B02
200700040097,0,07,000,00,2,1,15,A01
200700040097,0,33,000,00,2,1,01,B02
200700040098,0,07,000,00,2,8,17,A01
200700040098,0,33,000,00,2,7,17,B02
200700040099,0,07,000,02,0,1,01,A01
200700040100,0,02,000,00,2,1,17,A01
200700040100,0,21,000,00,2,8,15,B02
200700040101,0,10,000,00,2,3,01,A01
200700040101,0,07,000,00,2,3,01,B02
200700040102,0,33,000,13,0,1,01,A01
200700040103,0,07,000,00,2,3,13,A01
200700040103,0,07,000,00,2,3,01,B02
200700040104,0,07,000,00,2,1,01,A01
200700040104,0,07,000,00,0,4,23,B02
200700040105,0,07,000,00,0,2,01,A01
200700040106,0,14,000,04,0,3,16,A01
200700040107,0,07,000,00,2,3,13,A01
200700040107,0,07,000,00,2,3,01,B02
200700040107,0,10,000,00,2,3,01,C03
200700040108,0,07,000,00,1,3,04,A01
200700040109,0,30,000,00,2,3,01,A01
200700040109,0,07,000,00,2,6,01,B02
200700040110,0,07,000,00,2,7,15,A01
200700040110,0,33,000,00,2,1,01,B02
200700040111,0,07,000,00,0,2,17,A01
200700040111,0,01,000,00,0,4,02,B02
200700040112,0,07,000,00,0,0,00,A01
200700040112,0,10,000,00,2,3,00,B02
200700040113,0,07,000,13,0,0,00,A01
200700040114,0,07,000,02,0,2,11,A01
200700040115,0,31,000,08,2,8,13,A01
200700040115,0,07,000,10,2,8,01,B02
200700040116,0,07,000,13,0,2,14,A01
200700040117,0,33,000,13,0,1,01,A01
200700040118,0,07,000,02,0,1,01,A01
200700040119,0,07,000,00,2,1,13,A01
200700040119,0,07,000,00,2,1,01,B02
200700040120,0,07,000,00,9,1,13,A01
200700040121,0,07,000,00,2,3,15,A01
200700040121,0,33,000,00,2,1,01,B02
200700040122,0,07,000,13,0,1,19,A01
200700040123,0,02,000,00,0,0,00,A01
200700040124,0,33,000,13,0,9,13,A01
200700040125,0,02,000,13,0,1,14,A01
200700040126,0,14,000,00,2,2,16,A01
200700040126,0,01,000,00,2,1,01,B02
200700040127,0,02,000,00,2,1,01,A01
200700040127,0,07,000,00,2,3,01,B02
200700040128,0,07,000,00,1,8,01,A01
200700040129,0,07,000,00,2,4,01,A01
200700040129,0,33,000,00,2,1,01,B02
200700040129,0,07,000,00,2,4,01,C03
200700040130,0,02,000,00,2,3,01,A01
200700040130,0,07,000,00,2,3,01,B02
200700040131,0,07,000,00,1,4,04,A01
200700040132,0,07,000,00,2,3,01,A01
200700040132,0,07,000,00,2,8,01,B02
200700040133,0,07,000,00,2,3,19,A01
200700040133,0,07,000,00,2,5,01,B02
200700040134,0,01,000,12,0,1,18,A01
200700040135,0,07,000,06,0,1,01,A01
200700040136,0,07,000,02,0,7,01,A01
200700040137,0,33,000,00,0,0,01,A01
200700040138,0,07,000,00,1,3,01,A01
200700040139,0,07,000,00,2,1,13,A01
200700040140,0,07,000,00,2,6,01,A01
200700040140,0,07,000,00,2,2,15,B02
200700040140,0,07,000,00,2,1,01,C03
200700040141,0,07,000,02,0,1,13,A01
200700040142,0,02,000,08,0,1,21,A01
200700040143,0,07,000,04,0,6,01,A01
200700040143,0,07,000,00,2,2,14,B02
200700040144,0,07,000,00,2,1,01,A01
200700040144,0,07,000,00,2,5,01,B02
200700040145,0,17,000,00,0,0,15,A01
200700040145,0,33,000,00,2,1,17,B02
200700040146,0,33,000,00,2,2,17,A01
200700040146,0,07,000,00,0,8,15,B02
200700040147,0,10,000,00,2,1,01,A01
200700040147,0,37,000,00,2,3,15,B02
200700040148,0,07,000,00,2,1,15,A01
200700040148,0,02,000,00,2,2,01,B02
200700040149,0,30,000,00,0,0,00,A01
200700040150,0,07,000,00,2,3,15,B02
200700040150,0,30,000,00,2,1,01,A01
200700040151,0,07,000,00,2,1,06,A01
200700040151,0,07,000,00,2,8,01,B02
200700040151,0,07,000,00,2,4,15,C03
200700040152,0,14,000,00,2,3,01,A01
200700040152,0,14,000,00,2,3,01,B02
200700040153,0,07,000,00,1,4,04,A01
200700040154,0,07,000,07,0,4,23,A01
200700040154,0,10,000,00,2,1,01,B02
200700040155,0,07,000,00,0,4,15,A01
200700040155,0,31,000,00,2,1,17,B02
200700040156,0,07,000,02,0,1,15,A01
200700040157,0,07,000,00,2,7,17,A01
200700040157,0,01,000,00,2,8,13,B02
200700040158,0,07,000,00,2,3,15,B02
200700040158,0,07,000,00,2,1,01,A01
200700040159,0,07,000,00,2,3,15,A01
200700040159,0,31,000,00,2,1,01,B02
200700040160,0,07,000,00,0,4,15,A01
200700040160,0,07,000,00,2,4,01,B02
200700040160,0,33,000,00,2,1,01,C03
200700040161,0,07,000,00,1,3,01,A01
200700040162,0,30,000,00,2,1,01,A01
200700040163,0,07,000,13,0,2,01,A01
200700040164,0,07,000,02,0,9,21,A01
200700040165,0,07,000,00,0,0,01,A01
200700040165,0,14,000,00,0,6,01,B02
200700040165,0,14,000,00,0,8,01,C03
200700040166,0,07,000,00,9,2,15,A01
200700040166,0,33,000,00,0,1,01,B02
200700040167,0,33,000,00,2,1,01,A01
200700040167,0,07,000,00,2,1,19,B02
200700040168,0,14,000,00,2,4,04,A01
200700040168,0,30,000,00,2,1,01,B02
200700040169,0,07,000,03,2,7,01,A01
200700040169,0,07,000,00,2,1,01,B02
200700040170,0,30,000,00,0,1,02,A01
200700040170,0,10,000,00,0,4,02,B02
200700040171,0,31,000,03,0,1,01,A01
200700040172,0,02,000,00,2,1,02,A01
200700040172,0,07,000,00,2,8,02,B02
200700040173,0,07,000,00,2,1,01,A01
200700040173,0,07,000,00,2,1,13,B02
200700040174,0,07,000,00,2,1,01,A01
200700040174,0,07,000,00,2,6,01,B02
200700040174,0,07,000,00,2,7,01,C03
200700040175,0,33,000,03,0,1,13,A01
200700040176,0,07,000,00,2,1,01,A01
200700040176,0,07,000,00,0,4,01,B02
200700040177,0,07,000,00,0,7,13,A01
200700040177,0,07,000,00,2,1,01,B02
200700040178,0,33,000,00,6,1,01,A01
200700040179,0,07,000,00,2,5,01,A01
200700040179,0,10,000,00,2,3,01,B02
200700040180,0,07,000,00,2,1,13,A01
200700040180,0,07,000,00,2,1,01,B02
200700040181,0,07,000,00,2,1,19,B02
200700040181,0,07,000,00,0,7,01,A01
200700040182,0,07,000,00,2,3,13,A01
200700040182,0,07,000,00,2,3,01,B02
200700040183,0,02,000,00,2,1,01,A01
200700040183,0,07,000,00,2,1,15,B02
200700040184,0,33,000,00,2,7,13,A01
200700040184,0,07,000,00,2,1,01,B02
200700040185,0,33,000,00,0,2,01,A01
200700040186,0,20,000,00,2,1,24,A01
200700040186,0,07,000,00,0,1,01,B02
200700040187,0,07,000,06,2,1,01,A01
200700040187,0,07,000,00,2,2,01,B02
200700040188,0,07,000,00,9,1,20,A01
200700040189,0,07,000,02,0,2,01,A01
200700040190,0,07,000,00,2,4,02,A01
200700040190,0,07,000,00,2,1,02,B02
200700040190,0,07,000,00,2,1,00,C03
200700040191,0,17,000,00,2,3,15,A01
200700040191,0,33,000,00,2,1,17,B02
200700040192,0,07,000,02,0,4,15,A01
200700040193,0,07,000,00,2,8,01,A01
200700040193,0,07,000,00,2,1,01,B02
200700040194,0,02,000,00,0,1,01,A01
200700040195,0,07,000,00,0,6,20,A01
200700040196,0,07,000,00,0,0,00,A01
200700040196,0,02,000,00,2,1,15,B02
200700040197,0,10,000,13,0,1,13,A01
200700040198,0,33,000,02,0,8,01,A01
200700040199,0,07,000,06,0,1,19,A01
200700040200,0,07,000,00,2,3,01,A01
200700040200,0,31,000,00,2,1,01,B02
200700040201,0,01,000,00,1,1,01,A01
200700040202,0,07,000,01,2,3,02,A01
200700040202,0,07,000,00,2,1,02,B02
200700040202,0,07,000,01,2,4,00,C03
200700040202,0,07,000,00,2,3,00,D04
200700040202,0,07,000,01,2,4,00,E05
200700040203,0,01,000,00,0,3,00,A01
200700040204,0,07,000,00,2,7,14,A01
200700040204,0,01,000,00,2,8,01,B02
200700040205,0,07,000,10,0,5,01,A01
200700040206,0,07,000,06,0,3,01,A01
200700040207,0,33,000,00,0,1,01,A01
200700040208,0,10,000,00,2,3,01,A01
200700040208,0,07,000,00,2,4,00,B02
200700040208,0,07,000,00,2,1,01,C03
200700040208,0,33,000,00,2,9,01,D04
200700040209,0,07,000,02,0,1,01,A01
200700040210,0,07,000,16,0,9,01,A01
200700040211,0,30,000,12,0,1,01,A01
200700040212,0,30,000,00,6,1,01,A01
200700040213,0,07,000,00,2,1,13,A01
200700040213,0,07,000,00,2,3,01,B02
200700040214,0,07,000,06,0,1,14,A01
200700040215,0,07,000,00,2,0,23,A01
200700040215,0,14,000,00,2,9,01,B02
200700040216,0,07,000,02,2,1,21,A01
200700040217,0,07,000,02,0,8,01,A01
200700040218,0,07,000,15,0,1,01,A01
200700040219,0,07,000,00,0,4,23,A01
200700040219,0,33,000,00,2,1,02,B02
200700040220,0,07,000,02,0,2,01,A01
200700040221,0,17,000,00,2,6,01,A01
200700040221,0,32,000,00,2,3,01,B02
200700040222,0,07,000,00,2,8,10,A01
200700040222,0,33,000,00,2,1,01,B02
200700040223,0,07,000,06,0,1,01,A01
200700040224,0,07,000,00,2,1,05,A01
200700040224,0,07,000,00,2,1,01,B02
200700040225,0,07,000,00,2,3,01,A01
200700040225,0,34,000,00,2,5,13,B02
200700040226,0,07,000,00,9,3,15,A01
200700040226,0,33,000,00,2,1,01,B02
200700040227,0,10,000,00,2,5,15,A01
200700040227,0,10,000,00,2,2,01,B02
200700040228,0,10,000,00,2,1,01,A01
200700040228,0,02,000,00,2,4,01,B02
200700040229,0,07,000,00,2,3,17,A01
200700040229,0,07,000,03,2,1,01,B02
200700040230,0,33,000,00,2,2,01,A01
200700040230,0,07,000,00,2,7,15,B02
200700040231,0,07,000,00,2,2,13,A01
200700040231,0,02,000,00,0,8,13,B02
200700040232,0,07,000,00,1,2,01,A01
200700040233,0,10,000,00,0,0,01,A01
200700040234,0,14,000,00,0,0,23,A01
200700040235,0,39,000,00,0,0,01,A01
200700040236,0,14,000,00,2,8,13,A01
200700040236,0,30,000,00,2,8,01,B02
200700040237,0,15,000,00,2,1,01,A01
200700040237,0,07,000,00,2,7,15,B02
200700040238,0,07,000,00,1,1,01,A01
200700040239,0,15,000,01,0,6,24,A01
200700040239,0,30,000,01,0,1,02,B02
200700040240,0,10,000,02,2,8,15,A01
200700040240,0,15,000,00,2,2,01,B02
200700040241,0,07,000,00,2,3,16,A01
200700040241,0,07,000,08,2,8,01,B02
200700040242,0,07,000,00,2,3,01,A01
200700040242,0,07,000,00,2,3,17,B02
200700040243,0,07,000,00,2,3,17,A01
200700040243,0,07,000,00,2,3,01,B02
200700040244,0,07,000,08,0,1,14,A01
200700040245,0,07,000,08,0,8,01,A01
200700040246,0,07,000,13,0,1,01,A01
200700040247,0,07,000,00,2,2,15,A01
200700040247,0,33,000,00,2,1,01,B02
200700040248,0,07,000,02,0,1,13,A01
200700040249,0,33,000,00,2,8,13,A01
200700040249,0,07,000,00,2,1,01,B02
200700040250,0,33,000,03,0,8,00,A01
200700040251,0,07,000,02,0,1,14,A01
200700040252,0,02,000,00,2,1,05,A01
200700040252,0,07,000,00,2,2,01,B02
200700040253,0,33,000,12,0,1,01,A01
200700040253,0,33,000,12,0,1,01,B02
200700040254,0,33,000,00,2,5,12,A01
200700040254,0,10,000,00,2,3,01,B02
200700040255,0,07,000,00,2,6,09,A01
200700040255,0,33,000,00,2,1,01,B02
200700040256,0,38,000,04,0,9,01,A01
200700040257,0,01,000,00,2,1,01,A01
200700040257,0,02,000,00,2,1,01,B02
200700040258,0,07,000,06,0,3,00,A01
200700040259,0,07,000,03,0,9,01,A01
200700040260,0,07,000,02,0,2,01,A01
200700040261,0,07,000,02,0,8,14,A01
200700040262,0,10,000,00,2,6,01,A01
200700040262,0,07,000,00,2,3,17,B02
200700040263,0,07,000,00,1,1,02,A01
200700040264,0,07,000,06,0,3,01,A01
200700040265,0,15,000,00,2,0,01,A01
200700040265,0,17,000,00,2,1,01,B02
200700040266,0,07,000,08,0,1,01,A01
200700040267,0,07,000,06,0,1,13,A01
200700040268,0,07,000,00,2,4,16,A01
200700040268,0,01,000,00,2,1,01,B02
200700040269,0,07,000,00,2,1,01,A01
200700040269,0,07,000,00,2,1,01,B02
200700040270,0,17,000,00,2,1,01,A01
200700040270,0,07,000,00,2,8,19,B02
200700040271,0,07,000,08,0,1,01,A01
200700040272,0,07,000,00,0,0,01,A01
200700040273,0,07,000,10,0,1,01,A01
200700040274,2,07,000,00,2,8,13,A01
200700040274,0,07,000,00,2,8,01,B02
200700040275,0,07,000,00,2,2,01,A01
200700040275,0,30,000,00,2,6,01,B02
200700040276,0,07,000,02,0,9,17,A01
200700040277,0,21,000,00,2,8,15,A01
200700040277,0,33,000,00,2,7,17,B02
200700040278,0,07,000,00,0,7,15,A01
200700040278,0,02,000,00,0,1,00,B02
200700040279,0,07,000,00,2,1,01,A01
200700040279,0,36,000,00,2,7,01,B02
200700040280,0,03,000,00,2,1,05,A01
200700040280,0,07,000,00,2,1,05,B02
200700040281,0,14,000,00,2,1,02,A01
200700040281,0,07,000,00,2,4,02,B02
200700040281,0,07,000,00,2,8,01,C03
200700040282,0,07,000,00,2,1,13,A01
200700040282,0,07,000,09,2,1,01,B02
200700040283,0,07,000,00,2,3,10,A01
200700040283,0,07,000,00,2,1,01,B02
200700040284,0,07,000,00,2,1,01,A01
200700040284,0,07,000,00,2,4,01,B02
200700040284,0,07,000,00,0,0,01,C03
200700040285,0,07,000,00,2,3,13,A01
200700040285,0,07,000,00,2,3,01,B02
200700040286,0,33,000,00,0,1,00,A01
200700040287,0,07,000,00,2,1,01,A01
200700040287,0,02,000,00,2,7,01,B02
200700040288,0,07,000,14,2,1,13,A01
200700040288,0,07,000,00,2,1,01,B02
200700040289,0,07,000,00,0,3,15,A01
200700040289,0,02,000,00,0,1,17,B02
200700040290,0,14,000,00,1,8,01,A01
200700040291,0,36,000,00,2,2,02,A01
200700040291,0,33,000,00,2,1,13,B02
200700040292,0,07,000,00,2,1,17,A01
200700040292,0,10,000,00,2,4,15,B02
200700040293,0,07,000,00,2,2,01,A01
200700040293,0,33,000,00,2,8,15,B02
200700040294,0,30,000,00,0,0,01,A01
200700040295,0,07,000,00,2,1,13,A01
200700040295,0,07,000,00,2,1,01,B02
200700040296,0,07,000,00,0,0,00,A01
200700040296,0,07,000,00,2,1,01,B02
200700040297,0,07,000,00,2,3,01,B02
200700040297,0,01,000,00,2,1,01,A01
200700040298,0,07,000,00,2,1,02,A01
200700040298,0,07,000,00,0,4,15,B02
200700040299,0,07,000,13,1,1,01,A01
200700040300,0,02,000,08,2,1,02,A01
200700040300,0,02,000,00,2,4,01,B02
200700040301,0,07,000,00,2,3,15,A01
200700040301,0,07,000,00,2,1,01,B02
200700040302,0,07,000,00,2,3,13,A01
200700040302,0,07,000,00,2,3,01,B02
200700040303,0,32,000,00,2,8,01,A01
200700040303,0,07,000,00,2,3,01,B02
200700040304,0,07,000,00,1,6,04,A01
200700040305,0,10,000,00,2,3,13,A01
200700040305,0,10,000,00,2,3,13,B02
200700040305,0,07,000,13,0,7,01,C03
200700040305,0,14,000,00,2,1,01,D04
200700040306,0,07,000,00,2,1,01,A01
200700040306,0,07,000,00,2,3,01,B02
200700040307,2,07,000,00,2,1,02,A01
200700040307,0,07,000,00,2,4,02,B02
200700040308,0,33,000,00,2,3,01,A01
200700040308,0,33,000,00,2,1,01,B02
200700040308,0,33,000,14,0,7,01,C03
200700040309,0,07,000,00,2,3,13,A01
200700040309,0,17,000,00,2,3,01,B02
200700040310,0,07,000,06,0,1,13,A01
200700040311,0,07,000,00,2,2,02,A01
200700040311,0,07,000,00,2,5,16,B02
200700040312,0,33,000,00,0,8,15,A01
200700040313,0,07,000,13,0,0,00,A01
200700040314,0,07,000,02,0,3,21,A01
200700040315,0,30,000,00,2,8,09,A01
200700040315,0,07,000,00,2,1,01,B02
200700040316,0,33,000,16,0,0,01,A01
200700040317,0,10,000,13,0,2,14,A01
200700040318,0,07,000,00,9,2,01,A01
200700040318,0,01,000,00,2,4,01,B02
200700040319,0,10,000,00,2,3,13,A01
200700040319,0,14,000,13,2,3,01,B02
200700040320,0,07,000,00,2,8,19,A01
200700040320,0,33,000,00,2,1,01,B02
200700040321,0,07,000,00,2,3,13,A01
200700040321,0,07,000,00,2,6,00,B02
200700040322,0,10,000,06,0,2,01,A01
200700040323,0,10,000,02,0,1,01,A01
200700040324,0,07,000,00,2,3,13,A01
200700040324,0,07,000,00,2,1,01,B02
200700040325,0,33,000,13,0,9,00,A01
200700040326,0,07,000,00,9,2,02,A01
200700040326,0,01,000,00,2,4,02,B02
200700040327,0,01,000,00,0,8,11,A01
200700040327,0,07,000,00,0,2,11,B02
200700040328,0,07,000,06,0,1,01,A01
200700040329,0,07,000,03,0,7,01,A01
200700040330,0,07,000,00,2,2,16,A01
200700040330,0,33,000,00,2,3,18,B02
200700040331,0,07,000,00,2,3,01,A01
200700040331,0,33,000,00,2,2,13,B02
200700040332,0,07,000,00,2,3,01,A01
200700040332,0,33,000,00,2,1,13,B02
200700040333,0,07,000,00,9,2,19,A01
200700040333,0,01,000,00,2,1,01,B02
200700040334,0,07,000,00,2,3,01,A01
200700040334,0,07,000,00,2,3,01,B02
200700040335,0,33,000,13,0,3,01,A01
200700040336,0,02,000,00,2,4,16,A01
200700040336,0,02,000,00,2,1,01,B02
200700040337,0,10,000,00,2,1,01,A01
200700040337,0,31,000,00,2,1,01,B02
200700040338,0,01,000,00,2,1,01,A01
200700040338,0,01,000,00,2,1,13,B02
200700040339,0,07,000,00,0,3,00,A01
200700040339,0,07,000,00,0,1,00,B02
200700040340,0,02,000,00,2,1,13,A01
200700040340,0,07,000,00,2,3,01,B02
200700040341,0,07,000,00,1,2,01,A01
200700040342,0,07,000,00,9,7,17,A01
200700040342,0,01,000,00,0,7,01,B02
200700040343,0,01,000,00,5,1,01,A01
200700040344,0,07,000,06,0,1,00,A01
200700040345,0,07,000,06,0,2,15,A01
200700040346,0,07,000,00,0,1,17,A01
200700040346,0,01,000,00,2,1,01,B02
200700040346,0,01,000,00,2,1,01,C03
200700040347,0,10,000,00,2,1,13,A01
200700040347,0,10,000,00,2,3,01,B02
200700040348,0,31,000,03,0,1,01,A01
200700040349,0,07,000,00,2,1,17,A01
200700040349,0,07,000,12,0,0,01,B02
200700040349,0,07,000,00,2,1,01,C03
200700040350,0,33,000,00,2,1,01,A01
200700040350,0,21,000,00,2,7,15,B02
200700040350,0,07,000,00,2,3,01,C03
200700040351,0,07,000,13,0,1,14,A01
200700040352,0,07,000,00,2,2,02,A01
200700040352,0,02,000,00,2,4,20,B02
200700040353,0,33,000,00,2,3,13,A01
200700040353,0,15,000,00,2,3,01,B02
200700040354,0,02,000,08,0,1,13,A01
200700040355,0,33,000,00,0,4,01,A01
200700040355,0,33,000,00,2,1,01,B02
200700040355,0,33,000,00,2,2,21,C03
200700040355,0,07,000,00,0,8,24,D04
200700040356,0,14,000,00,1,8,16,A01
200700040357,0,32,000,00,1,1,02,A01
200700040358,0,07,000,00,2,2,16,A01
200700040358,0,07,000,00,2,3,01,B02
200700040359,0,07,000,00,2,2,13,A01
200700040359,0,02,000,00,2,1,01,B02
200700040360,0,07,000,00,0,2,01,A01
200700040360,0,07,000,00,0,3,01,B02
200700040361,0,33,000,00,2,3,13,A01
200700040361,0,07,000,00,2,8,01,B02
200700040361,0,07,000,00,2,8,01,C03
200700040362,0,07,000,00,2,3,16,B02
200700040362,0,07,000,00,2,2,01,A01
200700040363,0,07,000,09,0,9,17,A01
200700040364,0,07,000,00,1,5,04,A01
200700040365,0,07,000,02,0,1,01,A01
200700040366,0,07,000,00,2,2,01,A01
200700040366,0,07,000,00,2,3,01,B02
200700040367,0,07,000,00,9,5,04,A01
200700040367,0,02,000,00,2,3,01,B02
200700040368,0,07,000,00,2,1,01,A01
200700040368,0,15,000,00,2,5,15,B02
200700040369,0,30,000,00,2,3,01,A01
200700040369,0,07,000,00,2,7,01,B02
200700040370,0,10,000,00,2,3,09,A01
200700040370,0,02,000,00,2,1,17,B02
200700040371,0,07,000,00,2,2,15,A01
200700040371,0,07,000,06,2,3,01,B02
200700040372,0,33,000,00,0,0,00,A01
200700040373,0,03,000,00,0,1,13,A01
200700040373,0,33,000,00,0,1,01,B02
200700040374,0,07,000,06,0,1,01,A01
200700040375,0,10,000,01,2,1,17,A01
200700040375,0,07,000,00,2,3,15,B02
200700040376,0,02,000,00,2,1,13,A01
200700040376,0,07,000,00,2,8,01,B02
200700040376,0,07,000,00,2,1,01,C03
200700040377,0,07,000,00,2,3,00,A01
200700040377,0,07,000,00,2,0,00,B02
200700040377,0,07,000,00,2,1,00,C03
200700040378,0,30,000,00,0,1,00,A01
200700040378,0,07,000,00,0,2,15,B02
200700040379,0,13,000,13,0,1,01,A01
200700040380,0,33,000,00,2,1,05,A01
200700040380,0,10,000,00,2,1,01,B02
200700040381,0,07,000,00,2,1,13,A01
200700040381,0,07,000,00,2,1,01,B02
200700040382,0,07,000,00,2,1,19,B02
200700040382,0,07,000,00,2,5,01,A01
200700040383,0,02,000,00,2,1,01,A01
200700040383,0,07,000,00,2,2,01,B02
200700040384,0,07,000,00,2,8,19,A01
200700040384,0,14,000,00,2,1,01,B02
200700040384,0,10,000,00,2,1,01,C03
200700040385,0,07,000,02,0,9,01,A01
200700040386,0,33,000,00,0,7,16,A01
200700040387,0,07,000,13,0,1,01,A01
200700040388,0,07,000,16,0,2,01,A01
200700040389,0,15,000,16,0,8,01,A01
200700040390,0,07,000,00,1,1,01,A01
200700040391,0,33,000,00,2,8,13,A01
200700040391,0,07,000,00,2,3,01,B02
200700040392,0,02,000,00,0,7,01,A01
200700040393,0,10,000,13,0,2,01,A01
200700040394,0,07,000,00,2,3,13,A01
200700040394,0,07,000,00,2,3,01,B02
200700040395,0,07,000,13,0,1,13,A01
200700040396,0,07,000,00,0,4,15,A01
200700040396,0,14,000,00,2,1,02,B02
200700040397,0,07,000,13,0,9,01,A01
200700040398,0,33,000,06,0,1,15,A01
200700040398,0,33,000,16,0,0,21,B02
200700040398,0,33,000,16,0,0,21,C03
200700040399,0,07,000,00,0,8,13,A01
200700040399,0,33,000,00,0,7,17,B02
200700040400,0,07,000,16,0,9,16,A01
200700040401,0,07,000,02,0,3,13,A01
200700040402,0,07,000,00,2,2,01,A01
200700040402,0,02,000,00,2,3,15,B02
200700040403,0,36,000,02,0,1,01,A01
200700040404,0,07,000,13,0,9,01,A01
200700040405,0,07,000,00,2,1,01,A01
200700040405,0,07,000,00,2,8,01,B02
200700040406,0,07,000,00,2,8,01,A01
200700040406,0,07,000,00,2,2,01,B02
200700040407,0,07,000,00,2,2,13,A01
200700040407,0,07,000,00,2,1,01,B02
200700040408,0,07,000,00,2,2,13,A01
200700040408,0,07,000,00,2,2,01,B02
200700040409,0,33,000,00,2,2,01,A01
200700040409,0,33,000,00,0,3,15,B02
200700040410,0,31,000,00,2,1,01,A01
200700040410,0,10,000,00,2,6,16,B02