Num_Acc,senc,catv,occutc,obs,obsm,choc,manv,num_veh
200700040410,0,33,000,00,2,1,01,C03
200700040410,0,33,000,00,2,7,01,D04
200700040411,0,07,000,13,0,3,13,A01
200700040412,0,07,000,00,2,3,17,A01
200700040412,0,07,000,00,2,3,01,B02
200700040413,0,14,000,16,0,1,01,A01
200700040414,0,33,000,00,0,8,01,A01
200700040415,0,31,000,00,0,0,01,A01
200700040416,0,30,000,13,0,2,14,A01
200700040417,0,07,000,00,2,1,19,A01
200700040417,0,07,000,00,2,8,01,B02
200700040418,0,03,000,00,1,1,01,A01
200700040419,0,07,000,00,2,1,01,A01
200700040419,0,07,000,00,2,1,01,B02
200700040419,0,07,000,00,2,3,01,C03
200700040420,0,07,000,00,1,3,01,A01
200700040421,0,07,000,13,2,1,17,A01
200700040421,0,07,000,00,2,2,17,B02
200700040422,0,10,000,13,0,1,21,A01
200700040423,0,07,000,00,2,2,01,A01
200700040423,0,30,000,00,2,1,05,B02
200700040424,0,07,000,00,2,5,15,A01
200700040424,0,07,000,00,2,1,01,B02
200700040424,0,07,000,00,2,2,02,C03
200700040425,0,07,000,00,2,7,13,A01
200700040425,0,07,000,00,2,3,01,B02
200700040426,0,07,000,00,2,1,01,B02
200700040426,0,07,000,00,2,2,19,A01
200700040427,0,07,000,00,0,1,01,A01
200700040427,0,07,000,00,0,7,15,B02
200700040428,0,31,000,00,2,1,17,A01
200700040428,0,10,000,00,2,3,01,B02
200700040429,0,07,000,02,0,9,01,A01
200700040430,0,07,000,03,9,9,13,A01
200700040431,0,07,000,00,2,1,17,A01
200700040431,0,17,000,00,2,3,01,B02
200700040431,0,17,000,00,0,0,00,C03
200700040431,0,07,000,00,2,1,01,D04
200700040431,0,07,000,00,2,4,01,E05
200700040432,0,07,000,00,2,7,19,A01
200700040432,0,07,000,00,2,1,01,B02
200700040433,0,07,000,06,0,2,01,A01
200700040434,0,07,000,00,0,0,17,A01
200700040434,0,31,000,00,0,8,17,B02
200700040435,0,31,000,03,0,1,14,A01
200700040436,0,30,000,00,2,1,21,A01
200700040436,0,07,000,00,9,3,01,B02
200700040437,0,07,000,02,0,8,01,A01
200700040438,0,07,000,16,0,1,01,A01
200700040439,0,30,000,00,0,7,01,A01
200700040440,0,07,000,00,1,1,01,A01
200700040441,0,07,000,00,1,6,04,A01
200700040442,0,15,000,16,0,9,01,A01
200700040443,0,10,000,00,2,2,01,B02
200700040443,0,07,000,00,2,3,15,A01
200700040444,0,07,000,02,0,8,01,A01
200700040445,0,10,000,00,2,3,15,A01
200700040445,0,33,000,00,2,2,01,B02
200700040446,0,07,000,02,0,1,01,A01
200700040447,0,07,000,00,0,3,01,A01
200700040448,0,31,000,00,2,1,01,A01
200700040448,0,02,000,00,2,1,01,B02
200700040449,0,07,000,02,0,8,13,A01
200700040450,0,30,000,00,2,1,13,A01
200700040450,0,07,000,00,2,3,01,B02
200700040451,0,07,000,00,2,3,19,A01
200700040451,0,07,000,00,2,7,09,B02
200700040452,0,07,000,04,0,9,01,A01
200700040452,0,07,000,00,2,7,01,B02
200700040453,0,07,000,04,0,1,01,A01
200700040454,0,07,000,15,2,2,19,A01
200700040454,0,07,000,00,2,2,01,B02
200700040455,0,10,000,00,2,3,15,A01
200700040455,0,02,000,00,2,1,00,B02
200700040456,0,07,000,00,2,2,15,A01
200700040456,0,07,000,00,2,1,01,B02
200700040457,0,07,000,13,0,2,01,A01
200700040458,0,17,000,13,0,7,01,A01
200700040459,0,07,000,00,2,8,19,A01
200700040459,0,07,000,00,2,1,01,B02
200700040460,0,07,000,00,2,3,13,A01
200700040460,0,07,000,00,2,1,01,B02
200700040461,0,07,000,00,0,2,14,A01
200700040462,0,07,000,00,1,2,01,A01
200700040463,0,07,000,00,0,1,01,A01
200700040463,0,07,000,00,0,4,15,B02
200700040464,0,07,000,00,0,0,12,A01
200700040464,0,07,000,00,2,9,01,B02
200700040465,1,10,000,00,9,0,00,A01
200700040465,0,01,000,00,2,1,00,B02
200700040466,0,07,000,00,2,3,01,A01
200700040466,0,30,000,00,2,1,13,B02
200700040467,0,33,000,08,0,9,02,A01
200700040468,0,31,000,00,0,2,01,A01
200700040469,0,07,000,02,0,1,01,A01
200700040470,0,07,000,00,2,1,15,A01
200700040470,0,02,000,00,2,7,01,B02
200700040471,0,07,000,00,0,1,01,A01
200700040472,0,33,000,01,0,1,14,A01
200700040473,0,07,000,00,2,1,13,A01
200700040473,0,15,000,00,2,3,01,B02
200700040474,0,33,000,00,2,1,13,A01
200700040474,0,07,000,00,2,6,19,B02
200700040475,0,33,000,01,0,1,21,A01
200700040475,0,07,000,00,0,0,20,B02
200700040476,0,30,000,03,0,1,14,A01
200700040477,0,07,000,02,0,7,17,A01
200700040478,0,07,000,00,0,3,01,A01
200700040479,0,17,000,00,2,3,01,A01
200700040479,0,07,000,00,0,0,00,B02
200700040480,0,07,000,00,2,1,15,A01
200700040480,0,33,000,00,2,1,01,B02
200700040481,0,31,000,00,2,8,01,A01
200700040481,0,07,000,00,0,7,15,B02
200700040482,0,07,000,00,2,8,15,A01
200700040482,0,07,000,00,2,1,01,B02
200700040483,0,10,000,03,0,7,02,A01
200700040484,0,07,000,00,2,4,01,A01
200700040484,0,07,000,00,2,1,01,B02
200700040485,0,07,000,00,2,8,13,A01
200700040485,0,07,000,00,2,6,01,B02
200700040486,0,10,000,00,2,7,19,A01
200700040486,0,33,000,00,2,1,01,B02
200700040487,0,30,000,00,2,1,01,A01
200700040487,0,07,000,00,2,2,20,B02
200700040488,0,07,000,02,0,8,01,A01
200700040489,0,07,000,00,2,1,15,B02
200700040489,0,07,000,00,2,2,01,A01
200700040490,0,07,000,00,2,3,15,A01
200700040490,0,30,000,00,2,1,01,B02
200700040491,0,07,000,00,0,0,00,A01
200700040491,0,07,000,00,2,3,01,B02
200700040492,0,07,000,00,1,2,15,A01
200700040493,0,07,000,06,0,3,01,A01
200700040494,0,07,000,00,1,1,01,A01
200700040495,0,07,000,08,0,8,01,A01
200700040496,0,07,000,13,0,1,09,A01
200700040497,0,07,000,13,0,1,01,A01
200700040498,0,07,000,00,2,3,01,A01
200700040498,0,33,000,00,2,3,01,B02
200700040499,0,07,000,13,0,1,14,A01
200700040500,0,07,000,00,2,2,01,A01
200700040500,0,07,000,00,2,3,01,B02
200700040501,0,07,000,00,2,7,19,A01
200700040501,0,07,000,00,2,1,01,B02
200700040502,0,05,000,13,0,1,01,A01
200700040503,0,07,000,13,0,1,13,A01
200700040504,0,07,000,00,0,0,00,A01
200700040505,0,31,000,13,0,1,01,A01
200700040506,0,07,000,00,2,1,17,A01
200700040506,0,07,000,00,2,1,16,B02
200700040507,0,15,000,00,2,5,15,A01
200700040507,0,33,000,00,2,0,01,B02
200700040508,0,07,000,00,0,0,01,A01
200700040508,0,07,000,00,9,6,01,B02
200700040509,0,07,000,00,2,1,01,A01
200700040509,0,07,000,00,2,1,01,B02
200700040510,0,07,000,02,0,1,13,A01
200700040511,0,30,000,00,9,0,01,A01
200700040512,0,07,000,00,2,2,15,A01
200700040512,0,02,000,00,2,1,01,B02
200700040513,0,07,000,13,0,1,01,A01
200700040514,0,10,000,00,2,1,01,A01
200700040514,0,21,000,00,2,1,16,B02
200700040515,0,10,000,00,9,3,01,A01
200700040515,0,02,000,00,2,1,01,B02
200700040516,0,07,000,00,0,3,01,A01
200700040516,0,07,000,00,0,1,19,B02
200700040517,0,07,000,00,2,2,01,A01
200700040517,0,07,000,00,2,2,01,B02
200700040518,0,07,000,02,0,1,00,A01
200700040519,0,07,000,06,0,2,01,A01
200700040520,0,10,000,00,0,9,01,A01
200700040521,0,02,000,00,2,7,01,A01
200700040521,0,10,000,00,2,2,09,B02
200700040522,0,07,000,00,2,3,15,A01
200700040522,0,31,000,00,2,1,05,B02
200700040523,0,07,000,13,0,1,01,A01
200700040524,0,10,000,14,0,3,01,A01
200700040525,0,07,000,02,0,1,12,A01
200700040526,0,07,000,00,0,1,02,A01
200700040526,0,07,000,00,0,4,02,B02
200700040527,0,10,000,00,2,1,01,A01
200700040527,0,10,000,00,2,1,09,B02
200700040528,0,36,000,00,0,0,01,A01
200700040529,0,02,000,00,9,1,13,A01
200700040529,0,16,000,00,0,3,01,B02
200700040530,0,07,000,13,0,3,01,A01
200700040531,0,07,000,00,2,2,01,A01
200700040531,0,02,000,00,2,1,05,B02
200700040532,0,07,000,08,0,9,01,A01
200700040533,0,07,000,13,0,1,01,A01
200700040534,0,15,000,00,0,3,01,A01
200700040534,0,01,000,00,0,1,01,B02
200700040535,0,07,000,00,0,8,15,A01
200700040535,0,01,000,00,2,1,17,B02
200700040536,0,07,000,00,2,8,22,A01
200700040536,0,10,000,01,0,2,01,B02
200700040537,0,07,000,00,2,1,15,A01
200700040537,0,07,000,00,2,2,01,B02
200700040538,0,07,000,00,2,1,13,A01
200700040538,0,17,000,00,2,1,01,B02
200700040539,0,07,000,00,2,1,01,A01
200700040539,0,15,000,00,2,8,01,B02
200700040540,0,10,000,00,2,4,11,A01
200700040540,0,10,000,00,2,1,01,B02
200700040541,0,07,000,13,0,9,01,A01
200700040542,0,07,000,02,0,3,01,A01
200700040543,0,30,000,00,2,1,05,A01
200700040543,0,07,000,00,9,1,00,B02
200700040544,0,07,000,00,0,3,15,A01
200700040544,0,33,000,00,0,1,01,B02
200700040545,0,07,000,00,0,4,23,A01
200700040545,0,07,000,00,2,1,02,B02
200700040546,0,07,000,14,0,2,01,A01
200700040547,0,07,000,00,2,7,01,A01
200700040547,0,02,000,00,2,1,13,B02
200700040548,0,07,000,01,1,2,01,A01
200700040549,0,33,000,02,0,1,01,A01
200700040550,0,07,000,00,0,0,23,A01
200700040550,1,07,000,00,1,0,17,B02
200700040551,0,07,000,00,2,2,15,A01
200700040551,0,07,000,00,2,1,01,B02
200700040552,0,07,000,00,1,3,15,A01
200700040553,0,07,000,16,0,9,01,A01
200700040554,0,07,000,02,0,8,01,A01
200700040555,0,07,000,00,0,8,15,C03
200700040555,0,15,000,00,0,1,01,A01
200700040556,0,07,000,00,0,0,01,A01
200700040557,0,33,000,00,9,2,17,A01
200700040557,0,01,000,00,2,6,15,B02
200700040558,0,07,000,00,0,4,23,A01
200700040558,0,07,000,00,2,4,23,B02
200700040558,0,07,000,00,2,1,02,C03
200700040559,0,07,000,00,2,1,17,A01
200700040559,0,07,000,00,2,8,15,B02
200700040560,0,07,000,00,1,1,01,A01
200700040560,0,07,000,00,2,2,01,B02
200700040560,0,07,000,00,2,3,01,C03
200700040560,0,07,000,00,2,3,00,D04
200700040561,0,07,000,02,0,1,13,A01
200700040562,0,01,000,00,0,4,01,A01
200700040562,0,01,000,00,2,1,01,B02
200700040563,0,07,000,00,1,2,01,A01
200700040564,0,07,000,02,0,1,01,A01
200700040565,0,33,000,00,2,3,13,A01
200700040565,0,33,000,00,2,3,01,B02
200700040566,0,01,000,01,0,0,01,A01
200700040566,0,07,000,00,2,0,22,B02
200700040567,0,33,000,00,0,8,01,A01
200700040568,0,07,000,00,2,2,13,A01
200700040568,0,07,000,00,2,3,01,B02
200700040569,0,10,000,00,0,1,19,A01
200700040569,0,10,000,00,0,7,01,B02
200700040570,0,07,000,00,2,1,01,B02
200700040570,0,05,000,00,0,7,01,A01
200700040571,0,07,000,00,2,2,01,A01
200700040571,0,33,000,00,2,6,16,B02
200700040572,0,07,000,16,0,1,01,A01
200700040573,0,07,000,00,2,2,17,A01
200700040573,0,30,000,00,2,6,01,B02
200700040574,0,07,000,00,1,3,15,A01
200700040575,0,02,000,00,0,8,01,A01
200700040576,0,30,000,00,2,1,01,A01
200700040576,0,07,000,00,2,1,16,B02
200700040577,0,33,000,00,2,1,01,A01
200700040577,0,07,000,00,2,7,21,B02
200700040578,0,07,000,00,2,1,13,A01
200700040578,0,07,000,00,0,1,01,B02
200700040579,0,33,000,13,0,0,15,A01
200700040580,0,07,000,00,1,2,02,A01
200700040581,0,33,000,00,2,1,01,A01
200700040581,0,07,000,00,2,3,15,B02
200700040582,0,07,000,09,0,2,01,A01
200700040583,0,33,000,00,2,8,13,A01
200700040583,0,07,000,02,2,8,01,B02
200700040584,0,07,000,02,0,1,01,A01
200700040585,0,02,000,13,0,1,01,A01
200700040586,0,07,000,00,0,9,01,A01
200700040587,0,33,000,00,2,1,01,A01
200700040587,0,07,000,00,0,5,15,B02
200700040588,0,07,000,00,2,1,01,A01
200700040588,0,07,000,00,0,1,00,B02
200700040589,0,33,000,00,2,1,13,A01
200700040589,0,33,000,00,2,1,15,B02
200700040590,0,31,000,06,0,1,15,A01
200700040591,0,15,000,00,2,3,15,A01
200700040591,0,33,000,00,2,2,17,B02
200700040592,0,07,000,00,0,6,15,A01
200700040592,0,33,000,00,2,1,17,B02
200700040593,0,02,000,00,2,1,05,A01
200700040593,0,02,000,00,2,1,01,B02
200700040594,0,10,000,00,6,0,01,A01
200700040594,0,10,000,14,0,4,01,B02
200700040594,0,07,000,05,0,2,01,C03
200700040594,0,14,000,14,0,5,01,D04
200700040595,0,33,000,00,2,1,13,A01
200700040595,0,07,000,00,2,3,01,B02
200700040595,0,07,000,00,2,1,01,C03
200700040596,0,07,000,00,0,6,23,A01
200700040596,0,07,000,01,0,2,02,B02
200700040597,0,07,000,00,0,3,00,A01
200700040598,0,02,000,13,0,1,14,A01
200700040599,0,07,000,00,0,4,23,A01
200700040599,0,01,000,00,2,2,01,B02
200700040600,0,07,000,13,2,1,01,A01
200700040600,0,07,000,00,2,5,01,B02
200700040601,0,07,000,00,1,1,01,A01
200700040602,0,31,000,01,0,1,13,A01
200700040603,0,07,000,00,0,0,01,A01
200700040604,0,07,000,00,2,9,13,A01
200700040604,0,07,000,00,2,1,01,B02
200700040604,0,07,000,00,2,2,01,C03
200700040605,0,07,000,00,9,3,02,A01
200700040605,0,30,000,00,0,5,01,B02
200700040606,0,33,000,13,0,8,01,A01
200700040607,0,07,000,13,2,3,13,A01
200700040607,0,07,000,02,2,3,01,B02
200700040608,0,07,000,08,0,1,01,A01
200700040609,0,07,000,00,2,1,17,A01
200700040609,0,07,000,00,2,1,01,B02
200700040609,0,13,000,00,0,1,01,C03
200700040610,0,33,000,00,2,1,01,A01
200700040610,0,21,000,00,2,6,19,B02
200700040611,0,07,000,03,0,1,14,A01
200700040612,0,07,000,00,2,1,13,A01
200700040612,0,07,000,00,2,1,01,B02
200700040613,0,10,000,00,0,9,01,A01
200700040614,0,30,000,00,0,0,01,A01
200700040615,0,07,000,00,0,1,14,A01
200700040616,0,36,000,00,0,0,01,A01
200700040617,0,33,000,03,0,1,17,A01
200700040618,0,07,000,00,0,1,13,A01
200700040619,0,17,000,00,0,0,15,A01
200700040620,0,31,000,06,0,1,01,A01
200700040621,0,07,000,13,0,1,01,A01
200700040622,0,07,000,00,2,7,13,A01
200700040622,0,07,000,00,2,1,01,B02
200700040623,0,33,000,06,0,1,01,A01
200700040624,0,07,000,00,9,3,01,A01
200700040624,0,01,000,00,2,1,19,B02
200700040625,0,02,000,00,2,1,13,A01
200700040625,0,07,000,00,2,3,01,B02
200700040626,0,10,000,00,2,2,02,A01
200700040626,0,01,000,00,2,4,02,B02
200700040627,0,02,000,00,0,1,01,A01
200700040628,0,07,000,00,1,1,01,A01
200700040629,0,07,000,00,2,1,01,A01
200700040629,0,01,000,00,2,4,01,B02
200700040630,0,36,000,08,0,1,01,A01
200700040631,0,07,000,00,2,1,01,A01
200700040631,0,07,000,00,2,1,01,B02
200700040632,0,33,000,00,2,7,17,A01
200700040632,0,99,000,00,2,7,17,B02
200700040633,0,30,000,00,2,3,02,A01
200700040633,0,07,000,00,0,5,15,B02
200700040634,0,21,000,00,0,0,16,A01
200700040635,0,07,000,13,0,7,01,A01
200700040636,0,07,000,00,9,2,15,A01
200700040636,0,01,000,00,2,1,01,B02
200700040637,0,07,000,00,2,2,19,A01
200700040637,0,07,000,00,2,1,01,B02
200700040638,0,07,000,00,2,2,21,A01
200700040638,0,07,000,00,2,1,02,B02
200700040638,0,10,000,00,2,1,02,C03
200700040638,0,10,000,00,2,4,02,D04
200700040638,0,33,000,00,2,1,01,E05
200700040639,0,33,000,11,0,9,13,A01
200700040639,0,33,000,16,0,0,14,B02
200700040640,0,07,000,13,0,3,01,A01
200700040641,0,07,000,00,2,0,01,A01
200700040641,0,07,000,00,2,3,13,B02
200700040642,0,07,000,08,0,1,13,A01
200700040643,0,07,000,02,0,5,01,A01
200700040644,0,07,000,06,0,1,13,A01
200700040645,0,02,000,00,2,7,19,A01
200700040645,0,07,000,00,2,2,01,B02
200700040646,0,07,000,00,2,7,15,A01
200700040646,0,07,000,00,2,2,01,B02
200700040647,0,10,000,00,2,2,15,A01
200700040647,0,07,000,00,2,1,01,B02
200700040648,0,10,000,02,0,1,01,A01
200700040649,0,31,000,05,0,1,14,A01
200700040650,0,07,000,00,0,4,02,A01
200700040650,0,32,000,00,2,1,02,B02
200700040651,0,07,000,13,0,9,01,A01
200700040652,0,07,000,00,2,7,06,A01
200700040652,0,17,000,00,2,2,01,B02
200700040653,0,02,000,00,0,0,00,A01
200700040653,0,07,000,00,2,3,16,B02
200700040654,0,07,000,00,1,3,01,A01
200700040655,0,10,000,00,1,2,01,A01
200700040656,0,07,000,00,1,5,04,A01
200700040657,0,03,000,00,9,3,13,A01
200700040657,0,21,000,00,0,1,01,B02
200700040658,0,07,000,00,1,1,01,A01
200700040659,0,07,000,00,1,2,01,A01
200700040660,0,07,000,07,0,1,14,A01
200700040661,0,07,000,00,2,3,13,A01
200700040661,0,15,000,00,2,3,01,B02
200700040662,0,10,000,13,0,2,01,A01
200700040663,0,07,000,00,2,8,01,A01
200700040663,0,02,000,00,2,1,01,B02
200700040664,0,07,000,05,2,3,17,A01
200700040664,0,07,000,03,2,5,17,B02
200700040665,0,07,000,16,0,1,01,A01
200700040666,0,10,000,00,2,1,02,A01
200700040666,0,10,000,00,0,4,02,B02
200700040667,0,07,000,04,0,3,13,A01
200700040668,0,07,000,00,0,8,14,A01
200700040669,0,10,000,00,2,3,15,A01
200700040669,0,33,000,00,2,1,00,B02
200700040670,0,07,000,15,0,2,00,A01
200700040671,0,33,000,00,2,2,17,A01
200700040671,0,07,000,00,2,3,15,B02
200700040672,0,07,000,02,0,8,13,A01
200700040673,0,32,000,00,0,8,01,B02
200700040673,0,07,000,00,2,2,19,A01
200700040674,0,07,000,16,2,9,01,A01
200700040674,0,07,000,00,2,1,13,B02
200700040675,0,07,000,00,2,1,13,A01
200700040675,0,07,000,00,2,1,01,B02
200700040675,0,07,000,00,2,1,01,C03
200700040676,0,07,000,00,2,7,19,A01
200700040676,0,07,000,00,2,1,01,B02
200700040677,0,07,000,02,0,7,01,A01
200700040678,0,01,000,00,2,8,19,A01
200700040678,0,33,000,00,2,2,01,B02
200700040679,0,32,000,07,0,1,01,A01
200700040680,0,10,000,00,2,1,01,A01
200700040680,0,10,000,00,2,1,01,B02
200700040681,0,07,000,00,2,1,01,A01
200700040681,0,21,000,00,2,3,19,B02
200700040682,0,33,000,16,0,3,17,A01
200700040683,0,33,000,06,0,1,15,A01
200700040684,0,07,000,00,2,3,01,A01
200700040684,0,07,000,00,2,3,13,B02
200700040685,0,01,000,00,2,3,15,A01
200700040685,0,07,000,00,2,1,01,B02
200700040686,0,07,000,00,2,1,15,A01
200700040686,0,30,000,00,2,2,01,B02
200700040687,0,10,000,13,0,1,01,A01
200700040688,0,01,000,01,0,1,02,A01
200700040688,0,14,000,00,0,6,24,B02
200700040689,0,07,000,00,2,1,01,A01
200700040689,0,07,000,00,2,4,15,B02
200700040689,0,10,000,00,2,8,01,C03
200700040690,0,07,000,00,2,3,15,A01
200700040690,0,07,000,00,2,2,01,B02
200700040691,0,07,000,00,2,2,01,A01
200700040691,0,07,000,00,2,3,15,B02
200700040692,0,07,000,00,2,2,01,A01
200700040692,0,07,000,00,2,3,01,B02
200700040693,0,07,000,00,9,3,00,A01
200700040693,0,01,000,00,2,7,19,B02
200700040694,0,07,000,00,2,2,13,A01
200700040694,0,07,000,00,2,1,01,B02
200700040695,0,10,000,03,0,2,01,A01
200700040696,0,07,000,15,0,7,01,A01
200700040697,0,07,000,02,0,3,00,A01
200700040698,0,07,000,00,2,7,19,A01
200700040698,0,07,000,00,2,1,01,B02
200700040699,0,07,000,00,2,1,01,A01
200700040699,0,07,000,00,2,1,01,B02
200700040700,0,31,000,00,2,1,17,A01
200700040700,0,07,000,00,2,3,01,B02
200700040700,0,02,000,00,2,4,01,C03
200700040701,0,07,000,00,1,7,01,A01
200700040702,0,07,000,06,1,4,05,A01
200700040702,0,01,000,00,0,8,00,B02
200700040703,0,10,000,00,0,0,01,A01
200700040703,0,02,000,00,2,3,01,C03
200700040704,0,07,000,00,1,2,04,A01
200700040705,0,07,000,00,1,6,01,A01
200700040706,0,07,000,00,0,9,01,A01
200700040707,0,07,000,10,0,9,02,A01
200700040708,0,30,000,08,0,1,01,A01
200700040709,0,07,000,13,0,3,01,A01
200700040710,0,30,000,08,0,1,01,A01
200700040711,0,17,000,00,2,8,01,B02
200700040711,0,10,000,06,2,1,19,A01
200700040712,0,07,000,00,2,2,01,B02
200700040712,0,07,000,00,2,3,01,A01
200700040713,0,07,000,00,2,3,13,A01
200700040713,0,07,000,00,2,1,01,B02
200700040713,0,07,000,00,2,1,01,C03
200700040713,0,07,000,00,2,3,01,D04
200700040714,0,30,000,00,0,7,00,A01
200700040715,0,07,000,02,0,1,13,A01
200700040716,0,15,000,00,2,1,01,A01
200700040716,0,10,000,00,2,1,17,B02
200700040717,0,07,000,00,0,5,02,A01
200700040717,0,33,000,00,0,1,02,B02
200700040718,0,07,000,02,0,2,01,A01
200700040719,0,07,000,00,2,8,19,A01
200700040719,0,33,000,00,2,1,01,B02
200700040720,0,30,000,00,2,1,15,A01
200700040720,0,07,000,00,2,3,01,B02
200700040721,0,10,000,00,2,1,01,B02
200700040721,0,07,000,00,2,8,15,A01
200700040722,0,07,000,00,2,2,01,A01
200700040722,0,01,000,00,2,1,19,B02
200700040723,0,07,000,00,2,2,15,A01
200700040723,0,33,000,00,2,1,01,B02
200700040724,0,07,000,00,2,1,01,A01
200700040724,0,07,000,00,2,2,01,B02
200700040725,0,07,000,00,2,1,01,A01
200700040725,0,07,000,00,2,3,15,B02
200700040726,0,07,000,13,0,3,01,A01
200700040727,0,07,000,00,2,7,15,A01
200700040727,0,33,000,00,2,1,01,B02
200700040728,0,07,000,08,0,8,01,A01
200700040729,0,07,000,06,0,3,01,A01
200700040730,0,03,000,00,2,4,01,A01
200700040730,0,07,000,00,2,1,02,B02
200700040731,0,07,000,06,0,3,13,A01
200700040732,0,07,000,00,2,8,15,A01
200700040732,0,17,000,00,2,1,01,B02
200700040733,0,31,000,00,2,1,13,A01
200700040733,0,07,000,00,2,1,01,B02
200700040734,0,07,000,13,0,9,16,A01
200700040735,0,07,000,00,2,1,13,A01
200700040735,0,07,000,00,2,1,01,B02
200700040736,0,07,000,00,2,3,13,A01
200700040736,0,07,000,00,2,8,01,B02
200700040736,0,07,000,00,2,8,01,C03
200700040737,0,07,000,13,0,7,21,A01
200700040738,0,01,000,00,2,8,19,A01
200700040738,0,07,000,00,2,1,01,B02
200700040739,0,02,000,00,2,7,01,A01
200700040739,0,07,000,00,2,3,01,B02
200700040740,0,30,000,06,0,1,14,A01
200700040741,0,07,000,00,2,1,13,A01
200700040741,0,07,000,00,2,2,21,B02
200700040742,0,07,000,03,0,1,01,A01
200700040743,0,02,000,16,0,0,00,A01
200700040744,0,07,000,13,0,1,01,A01
200700040745,0,07,000,00,2,2,15,A01
200700040745,0,30,000,00,2,1,01,B02
200700040746,0,30,000,00,0,8,00,A01
200700040747,0,10,000,00,2,7,15,A01
200700040747,0,07,000,00,2,3,16,B02
200700040748,0,07,000,13,0,1,13,A01
200700040749,0,07,000,00,2,2,15,A01
200700040749,0,07,000,14,2,1,01,B02
200700040749,0,07,000,00,0,3,23,C03
200700040750,0,07,000,00,2,7,01,B02
200700040750,0,07,000,00,2,1,01,A01
200700040751,0,07,000,13,0,3,01,A01
200700040752,0,07,000,00,2,1,13,A01
200700040752,0,07,000,00,2,1,01,B02
200700040753,0,07,000,00,0,9,01,A01
200700040754,0,33,000,08,0,0,01,A01
200700040755,0,07,000,13,0,1,01,A01
200700040756,0,07,000,13,0,3,01,A01
200700040757,0,10,000,00,2,1,02,A01
200700040757,0,07,000,00,0,4,02,B02
200700040758,0,33,000,00,2,1,01,A01
200700040758,0,01,000,00,2,5,16,B02
200700040759,0,07,000,00,2,3,01,A01
200700040759,0,07,000,00,2,8,01,B02
200700040760,0,33,000,00,2,1,01,A01
200700040760,0,07,000,00,2,2,19,B02
200700040761,0,07,000,00,2,8,10,A01
200700040761,0,07,000,00,2,1,02,B02
200700040762,0,07,000,08,0,1,01,A01
200700040763,0,01,000,00,2,7,14,A01
200700040763,0,07,000,00,9,1,01,B02
200700040764,0,07,000,16,0,0,01,A01
200700040765,0,07,000,08,0,8,01,A01
200700040766,0,07,000,01,0,8,14,A01
200700040767,0,07,000,08,0,7,01,A01
200700040768,0,13,000,00,0,0,00,A01
200700040768,0,07,000,00,2,8,24,B02
200700040769,0,31,000,00,2,1,01,A01
200700040769,0,10,000,00,2,7,15,B02
200700040770,0,07,000,02,0,8,01,A01
200700040771,0,07,000,00,2,0,17,A01
200700040772,0,07,000,06,0,2,01,A01
200700040773,0,07,000,08,0,8,01,A01
200700040774,0,30,000,00,2,1,09,A01
200700040774,0,10,000,00,2,2,01,B02
200700040775,0,21,000,00,2,7,19,A01
200700040775,0,33,000,00,2,1,01,B02
200700040776,0,33,000,00,2,1,13,A01
200700040776,0,10,000,00,2,6,01,B02
200700040777,0,07,000,00,2,1,13,A01
200700040777,0,30,000,00,2,1,01,B02
200700040778,0,07,000,00,2,3,13,A01
200700040778,0,17,000,00,2,3,01,B02
200700040779,0,33,000,00,2,1,13,A01
200700040779,0,14,000,00,2,3,01,B02
200700040780,0,07,000,00,2,1,09,A01
200700040780,0,07,000,00,2,3,01,B02
200700040781,0,33,000,00,2,1,17,A01
200700040781,0,07,000,00,2,6,15,B02
200700040782,0,07,000,00,0,9,17,A01
200700040782,0,33,000,00,2,1,21,B02
200700040783,0,07,000,00,2,1,15,A01
200700040783,0,02,000,00,2,1,01,B02
200700040784,0,07,000,00,1,1,01,A01
200700040785,0,07,000,00,2,6,21,A01
200700040785,0,07,000,00,2,3,01,B02
200700040786,0,33,000,00,2,1,01,A01
200700040787,0,02,000,01,0,1,01,A01
200700040787,0,21,000,00,0,1,24,B02
200700040788,0,07,000,00,2,3,01,A01
200700040788,0,02,000,00,2,1,13,B02
200700040789,0,07,000,02,0,2,14,A01
200700040790,0,33,000,00,2,7,13,A01
200700040790,0,07,000,00,2,1,01,B02
200700040791,0,10,000,00,2,4,01,A01
200700040791,0,07,000,03,2,1,01,B02
200700040792,0,07,000,00,2,1,13,A01
200700040792,0,07,000,00,2,3,01,B02
200700040793,0,07,000,06,0,2,01,A01
200700040794,0,07,000,00,0,7,13,A01
200700040794,0,07,000,00,2,1,01,B02
200700040795,0,33,000,16,0,8,01,A01
200700040796,0,07,000,00,0,7,01,A01
200700040796,0,07,000,00,0,1,00,B02
200700040797,0,33,000,00,2,1,05,A01
200700040797,0,14,000,00,2,3,05,B02
200700040798,0,10,000,00,2,1,13,A01
200700040798,0,07,000,00,2,1,01,B02
200700040799,0,07,000,06,0,1,00,A01
200700040800,0,01,000,00,2,7,19,A01
200700040800,0,17,000,00,2,2,01,B02
200700040801,0,07,000,00,2,8,17,A01
200700040801,0,07,000,00,2,8,01,B02
200700040801,0,07,000,00,2,1,01,C03
200700040801,0,10,000,00,2,1,01,D04
200700040801,0,07,000,00,2,2,01,E05