Num_Acc,senc,catv,occutc,obs,obsm,choc,manv,num_veh
200700040802,0,07,000,00,2,3,13,A01
200700040802,0,07,000,00,2,3,01,B02
200700040803,0,07,000,00,2,3,09,A01
200700040803,0,07,000,00,2,3,01,B02
200700040804,0,07,000,02,0,1,00,A01
200700040805,0,07,000,00,0,9,01,A01
200700040806,0,02,000,00,2,1,02,A01
200700040806,0,07,000,00,0,5,02,B02
200700040807,0,02,000,00,2,1,13,A01
200700040807,0,07,000,00,0,1,01,B02
200700040808,0,07,000,08,0,3,13,A01
200700040809,0,07,000,08,0,8,01,A01
200700040810,0,02,000,04,0,1,01,A01
200700040811,0,07,000,00,2,3,01,A01
200700040811,0,07,000,00,2,3,01,B02
200700040812,0,02,000,00,2,1,15,A01
200700040812,0,02,000,00,2,7,17,B02
200700040813,0,10,000,00,1,1,01,A01
200700040814,0,07,000,00,2,9,01,B02
200700040814,0,07,000,00,2,8,19,A01
200700040815,0,07,000,00,1,2,01,A01
200700040816,0,33,000,00,2,1,02,A01
200700040816,0,07,000,00,2,4,02,B02
200700040817,0,07,000,00,0,0,02,A01
200700040817,0,07,000,00,2,0,02,B02
200700040817,0,07,000,00,2,0,02,C03
200700040817,0,07,000,00,2,1,02,D04
200700040818,0,07,000,00,2,2,01,A01
200700040818,0,07,000,01,0,1,01,B02
200700040818,0,07,000,00,2,4,14,C03
200700040819,0,07,000,00,2,1,02,A01
200700040819,0,07,000,00,0,5,02,B02
200700040819,0,07,000,00,0,4,23,C03
200700040820,0,07,000,16,0,1,14,A01
200700040821,0,14,000,00,2,1,02,A01
200700040821,0,07,000,00,0,4,01,B02
200700040822,0,07,000,03,0,1,14,A01
200700040823,0,07,000,04,0,1,00,A01
200700040824,0,07,000,00,2,1,13,A01
200700040824,0,15,000,00,2,2,01,B02
200700040825,0,07,000,00,2,1,02,A01
200700040825,0,17,000,00,0,4,02,B02
200700040826,0,07,000,00,2,1,01,A01
200700040826,0,07,000,00,0,4,00,B02
200700040827,0,07,000,00,2,8,00,A01
200700040827,0,07,000,00,2,4,00,B02
200700040827,0,07,000,00,2,5,00,C03
200700040827,0,07,000,00,2,1,00,D04
200700040827,0,07,000,00,2,1,00,E05
200700040828,0,07,000,04,2,1,14,A01
200700040828,0,15,000,00,0,0,00,B02
200700040829,0,10,000,00,2,3,15,A01
200700040829,0,02,000,00,2,8,01,B02
200700040830,0,07,000,00,2,1,01,A01
200700040830,0,07,000,00,2,3,00,B02
200700040831,0,02,000,01,2,1,21,A01
200700040831,0,07,000,00,0,4,00,B02
200700040832,0,33,000,00,2,1,01,A01
200700040832,0,10,000,00,2,3,01,B02
200700040833,0,07,000,00,2,3,01,B02
200700040833,0,07,000,00,2,2,01,A01
200700040834,0,07,000,00,2,2,01,A01
200700040834,0,02,000,00,2,1,01,B02
200700040835,0,02,000,01,0,1,02,A01
200700040835,0,07,000,00,2,4,23,B02
200700040836,0,07,000,02,0,7,13,A01
200700040837,0,07,000,15,0,1,01,A01
200700040838,0,07,000,13,0,1,17,A01
200700040839,0,07,000,02,0,1,01,A01
200700040839,0,07,000,00,0,0,19,B02
200700040840,0,02,000,00,2,1,01,A01
200700040840,0,07,000,00,2,1,01,B02
200700040841,0,07,000,02,0,1,01,A01
200700040842,0,07,000,00,2,8,10,A01
200700040842,0,07,000,00,2,1,01,B02
200700040843,0,07,000,00,2,6,23,A01
200700040843,0,02,000,01,0,2,01,B02
200700040844,0,07,000,00,2,1,17,A01
200700040844,0,07,000,00,2,8,19,B02
200700040845,0,31,000,00,2,3,17,A01
200700040845,0,07,000,00,2,2,15,B02
200700040846,0,07,000,02,0,8,00,A01
200700040847,0,07,000,02,0,3,02,A01
200700040848,0,33,000,04,0,7,21,A01
200700040849,0,07,000,13,0,2,01,A01
200700040850,0,07,000,00,0,8,13,A01
200700040850,0,33,000,00,2,7,17,B02
200700040851,0,02,000,00,2,1,17,A01
200700040851,0,07,000,00,2,3,01,B02
200700040852,0,31,000,00,2,1,01,A01
200700040852,0,07,000,00,2,3,19,B02
200700040853,0,07,000,00,2,1,01,A01
200700040853,0,32,000,00,2,1,17,B02
200700040854,0,07,000,00,2,1,19,A01
200700040854,0,07,000,00,2,7,02,B02
200700040854,0,07,000,00,2,2,02,C03
200700040854,0,07,000,00,2,4,02,D04
200700040854,0,07,000,00,2,1,02,E05
200700040855,0,07,000,02,0,3,13,A01
200700040856,0,02,000,13,0,3,13,A01
200700040857,0,07,000,06,0,3,13,A01
200700040858,0,07,000,00,2,1,01,A01
200700040858,0,07,000,00,2,3,15,B02
200700040859,0,30,000,00,2,1,01,A01
200700040860,0,07,000,00,9,3,01,A01
200700040861,0,38,000,00,2,3,01,A01
200700040861,0,10,000,00,2,1,01,B02
200700040862,0,07,000,00,2,1,13,A01
200700040862,0,07,000,00,2,1,01,B02
200700040862,0,10,000,00,2,1,01,C03
200700040863,0,33,000,13,0,7,01,A01
200700040864,0,33,000,00,2,1,01,A01
200700040864,0,10,000,00,2,1,01,B02
200700040865,0,07,000,13,0,2,01,A01
200700040866,0,07,000,00,2,3,15,A01
200700040866,0,01,000,00,2,8,01,B02
200700040867,0,10,000,00,0,6,23,A01
200700040867,0,01,000,00,2,0,01,B02
200700040868,0,33,000,00,0,8,01,A01
200700040869,0,07,000,03,2,3,13,A01
200700040869,0,07,000,00,9,2,01,B02
200700040870,0,07,000,00,2,3,13,A01
200700040870,0,07,000,00,2,8,00,B02
200700040870,0,07,000,00,2,8,00,C03
200700040870,0,07,000,00,2,1,00,D04
200700040871,0,30,000,00,0,0,00,A01
200700040872,0,07,000,00,2,2,15,A01
200700040872,0,33,000,00,2,7,01,B02
200700040873,0,07,000,00,2,6,01,A01
200700040873,0,07,000,00,2,1,01,B02
200700040874,0,33,000,00,2,1,13,A01
200700040874,0,38,000,00,2,1,01,B02
200700040875,0,07,000,00,0,3,01,A01
200700040875,0,01,000,00,0,1,13,B02
200700040876,0,07,000,06,0,1,01,A01
200700040877,0,07,000,00,2,1,01,A01
200700040877,0,07,000,00,2,3,15,B02
200700040878,0,07,000,00,2,8,15,A01
200700040878,0,33,000,00,2,1,01,B02
200700040879,0,07,000,00,2,3,15,A01
200700040879,0,33,000,00,2,8,01,B02
200700040880,0,07,000,16,0,9,01,A01
200700040881,0,07,000,16,0,9,00,A01
200700040882,0,33,000,13,0,8,01,A01
200700040883,0,07,000,00,2,1,02,A01
200700040883,0,07,000,00,2,6,14,B02
200700040883,0,07,000,00,2,1,01,C03
200700040884,0,07,000,00,2,1,15,A01
200700040884,0,07,000,00,2,1,01,B02
200700040885,0,02,000,03,0,0,00,A01
200700040886,0,07,000,13,0,1,01,A01
200700040887,0,10,000,00,2,3,13,A01
200700040887,0,07,000,00,2,3,01,B02
200700040888,0,31,000,00,2,1,01,A01
200700040888,0,10,000,00,0,8,09,B02
200700040889,0,07,000,10,0,0,01,A01
200700040890,0,30,000,13,0,2,01,A01
200700040891,0,33,000,00,2,1,13,A01
200700040891,0,07,000,00,2,1,01,B02
200700040892,0,33,000,10,0,1,01,A01
200700040893,0,07,000,00,2,1,01,A01
200700040893,0,07,000,00,2,4,23,B02
200700040893,0,10,000,00,0,4,00,C03
200700040894,0,34,000,00,2,1,17,A01
200700040894,0,07,000,00,2,3,01,B02
200700040895,0,07,000,00,2,5,15,A01
200700040895,0,30,000,00,2,1,01,B02
200700040896,0,07,000,00,2,4,01,A01
200700040896,0,33,000,00,2,1,03,B02
200700040897,0,30,000,11,0,3,01,A01
200700040898,0,30,000,00,1,1,01,A01
200700040899,0,31,000,00,2,1,01,A01
200700040899,0,07,000,00,2,3,09,B02
200700040900,0,07,000,00,0,9,16,A01
200700040901,0,33,000,00,0,7,01,A01
200700040901,0,32,000,00,2,1,15,B02
200700040902,0,07,000,00,2,2,05,A01
200700040902,0,07,000,03,0,1,01,B02
200700040903,0,33,000,00,0,6,10,A01
200700040903,0,13,000,00,0,1,01,B02
200700040904,0,15,000,00,0,6,19,A01
200700040904,0,30,000,00,2,1,01,B02
200700040905,0,07,000,00,2,1,02,A01
200700040905,0,32,000,00,2,4,02,B02
200700040906,0,02,000,00,0,1,15,A01
200700040906,0,07,000,00,2,3,01,B02
200700040907,0,02,000,03,0,1,02,A01
200700040908,0,33,000,14,0,1,02,A01
200700040909,0,33,000,00,0,7,17,A01
200700040910,0,33,000,00,2,3,01,A01
200700040910,0,33,000,00,2,2,01,B02
200700040910,0,33,000,00,2,1,01,C03
200700040911,0,07,000,02,0,1,14,A01
200700040912,0,10,000,00,2,6,15,A01
200700040912,0,33,000,00,2,1,01,B02
200700040913,0,33,000,06,0,7,01,A01
200700040914,0,01,000,06,0,1,01,A01
200700040915,0,07,000,00,2,3,01,A01
200700040915,0,07,000,00,2,2,13,B02
200700040916,0,07,000,00,0,3,13,A01
200700040917,0,01,000,00,0,0,00,A01
200700040918,0,14,000,00,1,1,15,A01
200700040919,0,07,000,00,2,1,13,A01
200700040919,0,07,000,00,2,1,01,B02
200700040920,0,30,000,07,0,8,15,A01
200700040921,0,07,000,00,2,1,13,A01
200700040921,0,07,000,00,2,1,01,B02
200700040922,0,10,000,02,0,3,19,A01
200700040923,0,10,000,00,2,2,08,A01
200700040923,0,02,000,00,2,8,01,B02
200700040924,0,33,000,02,0,1,01,A01
200700040925,0,33,000,10,0,7,01,A01
200700040926,0,07,000,00,2,3,15,A01
200700040926,0,33,000,00,2,1,01,B02
200700040927,0,07,000,00,2,1,13,A01
200700040927,0,07,000,00,2,1,01,B02
200700040928,0,10,000,15,0,1,13,A01
200700040929,0,10,000,00,2,3,21,A01
200700040929,0,10,000,00,2,1,01,B02
200700040930,0,30,000,00,2,1,01,A01
200700040930,0,30,000,00,2,1,01,B02
200700040931,0,33,000,00,2,3,17,A01
200700040931,0,07,000,00,2,7,19,B02
200700040932,0,31,000,00,2,1,13,A01
200700040932,0,33,000,00,2,1,00,B02
200700040933,0,07,000,06,2,1,05,A01
200700040933,0,07,000,00,2,5,01,B02
200700040934,0,30,000,00,2,0,17,A01
200700040934,0,07,000,00,2,8,01,B02
200700040934,0,07,000,00,2,3,01,C03
200700040934,0,07,000,00,2,8,01,D04
200700040935,0,99,000,00,2,8,19,A01
200700040935,0,33,000,00,2,1,06,B02
200700040936,0,07,000,00,2,3,19,A01
200700040936,0,30,000,00,2,1,01,B02
200700040937,0,07,000,00,2,3,15,A01
200700040937,0,32,000,00,2,1,03,B02
200700040938,0,07,000,00,0,0,14,A01
200700040938,0,31,000,00,0,0,01,B02
200700040939,0,07,000,00,2,3,13,A01
200700040939,0,07,000,00,2,3,01,B02
200700040940,0,33,000,00,1,1,17,A01
200700040941,0,07,000,00,2,3,01,A01
200700040941,0,33,000,00,2,1,17,B02
200700040942,0,33,000,00,2,1,01,A01
200700040942,0,07,000,00,2,3,19,B02
200700040943,0,31,000,00,2,1,17,A01
200700040943,0,07,000,00,2,8,15,B02
200700040944,0,30,000,00,1,2,01,A01
200700040945,0,07,000,00,2,2,05,A01
200700040945,0,07,000,00,2,1,01,B02
200700040946,0,07,000,00,1,1,01,A01
200700040947,0,07,000,00,2,2,13,A01
200700040947,0,07,000,00,2,4,01,B02
200700040948,0,33,000,00,2,8,15,A01
200700040948,0,07,000,00,2,8,01,B02
200700040949,0,30,000,12,2,0,21,A01
200700040950,0,07,000,08,0,3,13,A01
200700040951,0,07,000,00,2,3,13,A01
200700040951,0,07,000,00,0,3,01,B02
200700040951,0,07,000,00,2,3,00,C03
200700040952,0,07,000,13,0,2,01,A01
200700040953,0,07,000,00,2,1,01,A01
200700040953,0,07,000,00,2,1,01,B02
200700040954,0,07,000,08,0,2,14,A01
200700040955,0,07,000,02,0,1,01,A01
200700040956,0,07,000,02,0,7,01,A01
200700040957,0,07,000,00,2,3,15,A01
200700040957,0,31,000,00,2,1,17,B02
200700040958,0,07,000,00,2,2,17,A01
200700040958,0,07,000,00,2,6,01,B02
200700040959,0,07,000,00,2,3,15,A01
200700040959,0,32,000,00,2,7,17,B02
200700040960,0,07,000,00,1,2,01,A01
200700040961,0,07,000,00,0,7,10,A01
200700040961,0,01,000,00,0,8,01,B02
200700040962,0,33,000,16,0,1,01,A01
200700040963,0,07,000,00,1,1,01,A01
200700040964,0,10,000,07,0,1,01,A01
200700040965,0,07,000,00,2,1,01,A01
200700040965,0,01,000,00,2,1,15,B02
200700040966,0,07,000,00,2,3,14,A01
200700040966,0,02,000,00,2,1,11,B02
200700040967,0,07,000,00,2,8,01,A01
200700040967,0,07,000,00,2,3,13,B02
200700040968,0,10,000,00,2,1,13,A01
200700040968,0,38,000,00,2,3,01,B02
200700040969,0,17,000,00,2,1,02,A01
200700040969,0,10,000,00,2,4,15,B02
200700040969,0,07,000,00,2,3,01,C03
200700040970,0,07,000,00,2,2,01,A01
200700040970,0,30,000,00,2,1,05,B02
200700040971,0,33,000,00,2,1,01,A01
200700040971,0,10,000,00,2,7,15,B02
200700040972,0,07,000,02,0,3,01,A01
200700040973,0,07,000,00,0,3,01,A01
200700040973,0,31,000,00,0,8,00,B02
200700040974,0,07,000,00,2,3,01,A01
200700040974,0,30,000,00,2,1,01,B02
200700040975,0,07,000,00,2,2,01,A01
200700040975,0,01,000,00,2,1,15,B02
200700040975,0,01,000,00,2,1,15,C03
200700040976,0,07,000,00,2,8,19,A01
200700040976,0,07,000,00,2,1,01,B02
200700040977,0,07,000,00,2,7,01,A01
200700040977,0,07,000,00,2,1,01,B02
200700040978,0,07,000,00,2,2,17,A01
200700040978,0,30,000,00,2,8,15,B02
200700040979,0,10,000,00,2,3,01,A01
200700040979,0,10,000,00,2,1,15,B02
200700040980,0,14,000,00,2,3,01,A01
200700040980,0,07,000,00,2,3,01,B02
200700040981,0,07,000,00,0,1,15,A01
200700040981,0,30,000,00,2,7,23,B02
200700040982,0,30,000,13,0,2,01,A01
200700040983,0,07,000,00,0,9,01,A01
200700040984,0,10,000,00,2,7,15,A01
200700040984,0,33,000,00,2,1,01,B02
200700040985,0,30,000,00,2,1,13,A01
200700040985,0,07,000,00,2,1,01,B02
200700040986,0,07,000,00,2,1,19,A01
200700040986,0,07,000,00,2,8,01,B02
200700040986,0,07,000,00,0,1,01,C03
200700040987,0,10,000,00,2,1,00,A01
200700040987,0,30,000,00,2,1,05,B02
200700040988,0,33,000,03,0,1,01,A01
200700040989,0,07,000,15,0,2,16,A01
200700040990,0,07,000,00,2,2,13,A01
200700040990,0,10,000,00,2,1,01,B02
200700040991,0,07,000,00,2,3,13,A01
200700040991,0,07,000,00,2,3,01,B02
200700040992,0,07,000,00,0,0,01,A01
200700040993,0,07,000,00,2,5,15,A01
200700040993,0,33,000,00,2,1,01,B02
200700040994,0,07,000,00,2,3,01,A01
200700040994,0,01,000,00,2,7,19,B02
200700040995,0,17,000,00,2,3,01,A01
200700040995,0,07,000,00,2,6,01,B02
200700040996,0,02,000,00,2,1,17,A01
200700040996,0,07,000,00,2,3,01,B02
200700040997,0,07,000,00,0,2,15,A01
200700040997,0,33,000,00,0,8,01,B02
200700040998,0,07,000,06,0,2,01,A01
200700040999,0,30,000,00,2,1,00,A01
200700040999,0,07,000,00,2,3,01,B02
200700041000,0,30,000,06,0,1,13,A01
200700041001,0,07,000,00,9,3,01,A01
200700041001,0,01,000,00,0,0,00,B02
200700041002,0,30,000,03,0,7,14,A01
200700041003,0,02,000,00,2,1,01,A01
200700041003,0,07,000,00,0,8,01,B02
200700041004,0,33,000,03,0,8,01,A01
200700041005,0,07,000,13,0,3,13,A01
200700041006,0,10,000,00,2,3,13,A01
200700041006,0,07,000,00,2,3,01,B02
200700041007,0,32,000,00,0,4,01,A01
200700041008,0,07,000,13,0,1,14,A01
200700041009,0,07,000,00,2,1,01,A01
200700041009,0,02,000,00,2,8,15,B02
200700041010,0,07,000,00,2,2,10,A01
200700041010,0,33,000,00,2,1,01,B02
200700041011,0,07,000,00,2,8,15,A01
200700041011,0,34,000,00,2,7,17,B02
200700041012,0,07,000,13,0,2,01,A01
200700041013,0,07,000,00,2,2,15,A01
200700041013,0,07,000,00,2,1,01,B02
200700041013,0,07,000,00,2,0,23,C03
200700041014,0,07,000,00,0,9,13,A01
200700041015,0,07,000,02,0,2,01,A01
200700041016,0,07,000,08,0,1,01,A01
200700041017,0,07,000,00,2,1,01,A01
200700041017,0,07,000,00,2,1,17,B02
200700041018,0,10,000,00,0,1,15,A01
200700041018,0,01,000,00,0,8,01,B02
200700041019,0,33,000,00,2,1,17,A01
200700041019,0,21,000,00,2,8,15,B02
200700041020,0,30,000,16,0,5,01,A01
200700041021,0,33,000,00,2,1,17,A01
200700041021,0,07,000,00,2,1,01,B02
200700041022,0,31,000,00,2,1,17,A01
200700041022,0,07,000,00,2,2,15,B02
200700041023,0,10,000,00,2,8,15,A01
200700041023,0,34,000,00,2,1,01,B02
200700041024,0,07,000,00,2,1,13,A01
200700041024,0,07,000,00,2,1,01,B02
200700041025,0,07,000,00,2,1,01,A01
200700041025,0,01,000,00,2,1,06,B02
200700041026,0,33,000,12,0,9,01,A01
200700041027,0,07,000,10,0,3,00,A01
200700041028,0,30,000,00,0,0,01,A01
200700041029,0,02,000,08,0,7,01,A01
200700041030,0,07,000,16,0,1,14,A01
200700041031,0,07,000,00,2,1,01,A01
200700041031,0,07,000,00,2,5,01,B02
200700041032,0,07,000,00,2,3,21,A01
200700041032,0,07,000,00,2,2,16,B02
200700041033,0,07,000,00,0,6,01,A01
200700041033,0,99,000,00,2,1,02,B02
200700041034,0,07,000,02,0,2,14,A01
200700041035,0,07,000,00,6,9,01,A01
200700041036,0,07,000,02,0,1,00,A01
200700041037,0,07,000,00,1,7,00,A01
200700041038,0,01,000,00,2,1,17,A01
200700041038,0,33,000,00,2,3,01,B02
200700041039,0,07,000,00,2,3,15,A01
200700041039,0,07,000,00,2,1,21,B02
200700041040,0,33,000,00,2,1,17,A01
200700041040,0,10,000,00,2,3,01,B02
200700041040,0,07,000,00,9,1,01,C03
200700041041,0,10,000,13,0,1,01,A01
200700041042,0,07,000,00,0,0,00,A01
200700041042,0,33,000,00,2,1,13,B02
200700041043,0,07,000,00,2,3,01,A01
200700041043,0,07,000,00,2,3,13,B02
200700041044,0,07,000,00,2,3,13,A01
200700041044,0,07,000,00,2,9,01,B02
200700041044,0,07,000,00,2,6,01,C03
200700041045,0,07,000,16,0,0,14,A01
200700041046,0,07,000,00,2,1,13,A01
200700041046,0,07,000,00,2,1,01,B02
200700041047,0,02,000,00,2,8,01,A01
200700041047,0,02,000,00,2,8,01,B02
200700041048,0,07,000,00,2,6,15,A01
200700041048,0,33,000,00,2,1,17,B02
200700041049,0,31,000,00,2,1,02,A01
200700041049,0,07,000,00,2,4,01,B02
200700041050,0,07,000,00,0,4,16,A01
200700041050,0,07,000,00,0,7,17,B02
200700041050,0,07,000,00,2,1,02,C03
200700041051,0,07,000,00,0,3,10,A01
200700041051,0,34,000,00,0,1,02,B02
200700041052,0,07,000,06,0,1,13,A01
200700041053,0,07,000,00,0,3,00,A01
200700041053,0,07,000,00,0,2,00,B02
200700041054,0,33,000,00,1,3,01,A01
200700041055,0,02,000,00,0,0,00,A01
200700041055,0,07,000,00,0,0,00,B02
200700041056,0,10,000,00,2,2,00,A01
200700041056,0,14,000,00,0,3,00,B02
200700041057,0,07,000,00,2,8,19,A01
200700041057,0,07,000,00,2,1,01,B02
200700041058,0,15,000,00,2,1,01,A01
200700041058,0,07,000,00,9,7,19,B02
200700041059,0,33,000,00,2,1,17,A01
200700041059,0,36,000,00,2,5,13,B02
200700041060,0,33,000,00,0,0,00,A01
200700041061,0,07,000,02,0,7,13,A01
200700041062,0,07,000,01,0,2,01,A01
200700041062,0,10,000,00,0,6,23,B02
200700041063,0,07,000,13,0,1,13,A01
200700041064,0,07,000,02,0,1,01,A01
200700041065,0,07,000,08,0,3,01,A01
200700041066,0,33,000,03,0,7,17,A01
200700041067,0,33,000,00,0,7,17,A01
200700041067,0,02,000,00,0,8,15,B02
200700041068,0,07,000,08,0,1,06,A01
200700041069,0,17,000,00,2,8,15,A01
200700041069,0,02,000,00,2,1,17,B02
200700041070,0,33,000,02,0,1,19,A01
200700041071,0,07,000,00,2,1,17,A01
200700041071,0,07,000,00,2,1,01,B02
200700041072,0,07,000,06,0,1,01,A01
200700041073,0,02,000,00,2,3,13,A01
200700041073,0,07,000,00,2,6,01,B02
200700041074,0,07,000,00,2,3,13,A01
200700041074,0,07,000,00,2,3,01,B02
200700041074,0,07,000,00,2,8,01,C03
200700041075,0,07,000,00,0,1,13,A01
200700041076,0,07,000,00,1,7,01,A01
200700041077,0,07,000,02,0,1,01,A01
200700041078,0,07,000,13,0,2,14,A01
200700041079,0,02,000,06,0,1,01,A01
200700041080,0,07,000,00,2,1,15,A01
200700041080,0,07,000,00,2,1,01,B02
200700041081,0,36,000,13,0,1,15,A01
200700041082,0,07,000,00,2,7,01,A01
200700041082,0,07,000,00,2,3,19,B02
200700041083,0,07,000,16,0,2,00,A01
200700041084,0,07,000,13,0,2,00,A01
200700041085,0,02,000,00,1,1,01,A01
200700041086,0,33,000,02,0,1,01,A01
200700041087,0,07,000,00,2,3,13,A01
200700041087,0,10,000,00,2,3,01,B02
200700041088,0,07,000,00,0,3,15,A01
200700041088,0,30,000,00,0,1,01,B02
200700041088,0,07,000,00,2,3,15,C03
200700041089,0,07,000,00,9,2,01,A01
200700041089,0,01,000,00,2,1,13,B02
200700041090,0,01,000,13,0,7,00,A01
200700041091,0,01,000,03,0,1,01,A01
200700041092,0,30,000,13,0,1,01,A01
200700041093,0,07,000,00,1,2,01,A01
200700041094,0,07,000,00,2,3,13,A01
200700041094,0,07,000,00,2,3,00,B02
200700041095,0,21,000,00,9,0,01,A01
200700041096,0,07,000,13,0,2,02,A01
200700041097,0,33,000,00,2,1,02,A01
200700041097,0,33,000,00,0,4,02,B02
200700041098,0,02,000,00,2,6,01,A01
200700041099,0,07,000,00,1,3,15,A01
200700041100,0,07,000,02,0,2,13,A01
200700041101,0,10,000,00,2,3,01,A01
200700041101,0,15,000,00,0,5,01,B02
200700041102,0,07,000,13,0,3,13,A01
200700041103,0,30,000,00,2,1,01,A01
200700041103,0,01,000,00,2,4,01,B02
200700041104,0,07,000,00,0,6,01,A01
200700041104,0,10,000,00,2,2,02,B02
200700041104,0,07,000,00,2,1,02,C03
200700041105,0,33,000,00,2,1,01,A01
200700041105,0,07,000,00,2,4,15,B02
200700041106,0,33,000,00,2,1,01,A01
200700041106,0,07,000,00,2,4,23,B02
200700041106,0,07,000,00,0,4,23,C03
200700041107,0,33,000,00,0,8,00,A01
200700041108,0,02,000,00,2,1,01,A01
200700041108,0,07,000,00,2,3,01,B02
200700041109,0,31,000,04,0,7,01,A01
200700041110,0,10,000,00,2,2,15,A01
200700041110,0,33,000,00,2,1,01,B02
200700041111,0,07,000,00,2,3,13,A01
200700041111,0,07,000,00,2,6,01,B02
200700041111,0,10,000,00,2,1,01,C03
200700041112,0,07,000,00,0,1,01,A01
200700041113,0,01,000,00,2,1,05,A01
200700041113,0,31,000,00,2,1,00,B02
200700041114,0,30,000,00,2,4,01,A01
200700041114,0,30,000,00,2,1,01,B02
200700041115,0,33,000,00,0,8,01,A01
200700041116,0,07,000,00,2,1,01,A01
200700041116,0,07,000,00,2,4,01,B02
200700041116,0,07,000,00,2,4,01,C03
200700041117,0,07,000,00,2,1,05,A01
200700041117,0,07,000,00,2,1,01,B02
200700041117,0,33,000,00,2,4,17,C03
200700041117,0,07,000,00,2,1,01,D04
200700041118,0,07,000,00,2,3,13,A01
200700041118,0,16,000,00,2,3,01,B02
200700041119,0,01,000,00,2,3,02,A01
200700041119,0,07,000,00,2,3,19,B02
200700041120,0,07,000,00,2,1,01,A01
200700041120,0,07,000,00,0,0,00,B02
200700041121,0,10,000,00,2,7,18,A01
200700041121,0,14,000,00,2,8,01,B02
200700041122,0,07,000,00,2,1,01,A01
200700041122,0,07,000,00,2,8,01,B02
200700041122,0,07,000,00,2,1,01,C03
200700041123,0,07,000,00,2,1,06,A01
200700041123,0,14,000,00,2,1,01,B02
200700041124,0,31,000,00,2,1,09,A01
200700041124,0,07,000,00,2,7,08,B02
200700041125,0,07,000,06,0,3,01,A01
200700041126,0,02,000,06,0,8,13,A01
200700041127,0,07,000,00,2,7,17,A01
200700041127,0,33,000,00,2,8,01,B02
200700041128,0,07,000,00,2,7,15,A01
200700041128,0,07,000,00,2,1,01,B02
200700041129,0,07,000,13,0,3,13,A01
200700041130,0,33,000,03,0,1,01,A01
200700041131,0,30,000,12,0,1,13,A01
200700041132,0,07,000,00,2,1,13,A01
200700041132,0,33,000,00,2,8,21,B02
200700041133,0,31,000,00,0,7,01,A01
200700041134,0,33,000,00,2,1,01,A01
200700041134,0,07,000,00,0,8,15,B02
200700041135,0,07,000,02,0,7,01,A01
200700041136,0,07,000,00,2,3,01,A01
200700041136,0,07,000,00,2,1,13,B02
200700041137,0,32,000,00,2,1,17,A01
200700041137,0,07,000,00,2,3,15,B02
200700041138,0,07,000,00,2,3,13,A01
200700041138,0,14,000,00,2,3,01,B02
200700041139,0,07,000,00,2,7,19,A01
200700041139,0,07,000,00,2,8,01,B02
200700041139,0,07,000,00,9,3,01,C03
200700041139,0,33,000,00,2,1,01,D04
200700041140,0,07,000,00,2,1,19,A01
200700041140,0,07,000,15,2,8,01,B02
200700041141,0,33,000,00,2,1,13,A01
200700041141,0,07,000,00,2,3,01,B02
200700041142,0,33,000,00,2,1,17,A01
200700041142,0,07,000,00,0,5,15,B02
200700041143,0,07,000,00,0,4,01,A01
200700041143,0,07,000,00,2,3,01,B02
200700041144,0,30,000,00,2,0,01,A01
200700041144,0,30,000,00,2,0,01,B02
200700041145,0,07,000,00,2,1,13,A01
200700041145,0,07,000,00,2,1,01,B02
200700041146,0,07,000,00,0,0,21,A01
200700041147,0,07,000,06,0,8,13,A01
200700041148,0,07,000,00,2,3,01,A01
200700041148,0,07,000,00,2,3,01,B02
200700041149,0,10,000,06,0,3,13,A01
200700041150,0,10,000,16,0,9,01,A01
200700041151,0,07,000,00,2,1,13,A01
200700041151,0,07,000,00,2,1,01,B02
200700041152,0,07,000,13,0,3,01,A01
200700041153,0,07,000,00,0,0,15,A01
200700041153,0,33,000,00,2,8,17,B02
200700041154,0,10,000,08,0,1,01,A01
200700041155,0,07,000,02,0,8,13,A01
200700041156,0,33,000,00,2,1,01,A01
200700041156,0,07,000,00,2,2,19,B02
200700041157,0,07,000,00,2,1,01,A01
200700041157,0,07,000,00,0,4,01,B02
200700041158,0,07,000,00,2,3,13,A01
200700041158,0,07,000,00,2,3,21,B02
200700041159,0,07,000,00,2,3,00,A01
200700041159,0,15,000,00,2,3,01,B02
200700041160,0,07,000,00,2,6,15,A01
200700041160,0,07,000,00,2,1,01,B02
200700041161,0,07,000,00,2,3,01,A01
200700041161,0,01,000,00,2,1,16,B02
200700041162,0,07,000,02,0,1,00,A01
200700041163,0,07,000,00,2,1,05,A01
200700041163,0,07,000,00,2,8,01,B02
200700041163,0,07,000,00,2,1,01,C03
200700041164,0,07,000,00,2,1,13,A01
200700041164,0,07,000,00,2,1,01,B02
200700041164,0,10,000,00,2,3,01,C03
200700041165,0,14,000,02,2,1,01,A01
200700041166,0,07,000,00,0,1,01,A01
200700041166,0,01,000,00,0,4,02,B02
200700041167,0,07,000,00,1,4,20,A01
200700041168,0,14,000,00,0,6,09,A01
200700041168,0,31,000,00,2,5,01,B02
200700041169,0,02,000,01,0,1,01,A01
200700041170,0,07,000,01,2,3,13,A01
200700041171,0,07,000,00,2,3,19,A01
200700041171,0,31,000,00,2,1,14,B02
200700041172,0,07,000,02,0,3,14,A01
200700041173,0,07,000,00,2,3,01,A01