Num_Acc,senc,catv,occutc,obs,obsm,choc,manv,num_veh
200700041173,0,34,000,00,2,1,13,B02
200700041174,0,14,000,00,2,7,11,A01
200700041175,0,07,000,02,0,1,01,A01
200700041176,0,02,000,00,2,3,16,B02
200700041176,0,07,000,00,2,3,01,A01
200700041177,0,33,000,00,2,1,01,A01
200700041177,0,33,000,00,0,6,10,B02
200700041178,0,33,000,00,2,1,01,A01
200700041178,0,07,000,00,0,8,15,B02
200700041179,0,17,000,00,2,6,02,A01
200700041179,0,07,000,00,2,1,02,B02
200700041180,0,07,000,00,2,6,24,A01
200700041180,0,07,000,01,0,1,12,B02
200700041180,0,07,000,00,2,3,01,C03
200700041181,0,33,000,00,0,7,01,A01
200700041182,0,31,000,00,2,8,01,A01
200700041182,0,07,000,00,0,3,19,B02
200700041183,0,31,000,00,0,8,00,A01
200700041184,0,07,000,00,2,9,13,A01
200700041184,0,13,000,00,2,3,01,B02
200700041184,0,07,000,00,2,1,02,C03
200700041185,0,33,000,00,2,1,17,A01
200700041185,0,07,000,00,2,2,01,B02
200700041186,0,07,000,00,2,6,09,A01
200700041186,0,17,000,00,2,2,01,B02
200700041186,0,33,000,00,2,1,17,C03
200700041187,0,07,000,00,0,1,01,A01
200700041187,0,01,000,00,0,8,15,B02
200700041188,0,10,000,00,2,1,01,A01
200700041188,0,07,000,00,2,1,13,B02
200700041189,0,33,000,00,2,5,00,A01
200700041189,0,07,000,00,2,2,02,B02
200700041190,0,07,000,00,2,3,01,A01
200700041190,0,10,000,00,2,3,01,B02
200700041191,0,10,000,06,0,1,13,A01
200700041192,0,07,000,02,0,8,01,A01
200700041193,0,31,000,07,0,1,01,A01
200700041194,0,07,000,00,2,2,15,A01
200700041194,0,07,000,00,2,1,01,B02
200700041194,0,07,000,00,2,8,15,C03
200700041195,0,07,000,00,2,2,01,A01
200700041195,0,02,000,00,2,8,15,B02
200700041196,0,07,000,02,0,1,01,A01
200700041197,0,07,000,00,2,3,01,A01
200700041197,0,07,000,00,2,1,13,B02
200700041198,0,14,000,00,0,7,00,A01
200700041198,0,01,000,00,2,1,01,B02
200700041199,0,33,000,00,2,1,13,A01
200700041199,0,07,000,00,2,3,01,B02
200700041200,0,07,000,00,2,1,02,A01
200700041200,0,21,000,00,2,0,16,B02
200700041201,0,33,000,00,2,1,01,A01
200700041201,0,10,000,00,2,2,05,B02
200700041202,0,02,000,00,2,1,01,A01
200700041202,0,07,000,00,2,7,01,B02
200700041203,0,07,000,00,2,2,17,A01
200700041203,0,07,000,00,2,3,01,B02
200700041204,0,01,000,00,0,4,01,A01
200700041204,0,07,000,00,9,2,02,B02
200700041205,0,07,000,00,0,0,01,A01
200700041206,0,07,000,00,2,3,19,A01
200700041206,0,07,000,00,2,1,01,B02
200700041207,0,07,000,00,0,2,00,A01
200700041207,0,07,000,00,0,2,00,B02
200700041208,0,07,000,00,2,1,01,A01
200700041208,0,07,000,00,2,3,00,B02
200700041209,0,07,000,00,0,4,01,A01
200700041209,0,07,000,00,2,4,01,B02
200700041209,0,07,000,00,2,0,01,C03
200700041209,0,07,000,00,2,1,01,D04
200700041210,0,33,000,00,0,1,01,A01
200700041211,0,07,000,02,0,1,01,A01
200700041212,0,02,000,00,0,7,13,A01
200700041212,0,07,000,00,0,2,01,B02
200700041213,0,07,000,13,0,1,13,A01
200700041214,0,01,000,00,0,8,00,A01
200700041214,0,10,000,00,0,1,00,B02
200700041215,0,10,000,02,0,2,14,A01
200700041216,0,07,000,00,2,2,15,A01
200700041216,0,33,000,00,2,8,01,B02
200700041217,0,03,000,00,0,4,01,A01
200700041217,0,15,000,00,2,2,01,B02
200700041218,0,02,000,16,0,1,01,A01
200700041219,0,07,000,00,2,8,19,A01
200700041219,0,07,000,00,2,2,01,B02
200700041220,0,07,000,13,0,3,01,A01
200700041221,0,07,000,00,2,1,01,A01
200700041221,0,07,000,00,2,8,09,B02
200700041222,0,07,000,00,0,0,01,A01
200700041223,0,07,000,00,1,2,16,A01
200700041224,0,33,000,00,0,0,01,A01
200700041225,0,33,000,13,0,2,13,A01
200700041226,0,07,000,00,2,3,15,A01
200700041226,0,07,000,00,2,2,01,B02
200700041227,0,07,000,00,0,4,23,A01
200700041227,0,07,000,00,2,1,02,B02
200700041228,0,07,000,13,0,2,01,A01
200700041229,0,07,000,13,0,1,01,A01
200700041230,0,07,000,00,2,1,13,A01
200700041230,0,07,000,00,2,3,13,B02
200700041231,0,31,000,00,2,8,01,A01
200700041231,0,07,000,00,2,1,19,B02
200700041232,0,33,000,00,2,1,17,A01
200700041232,0,21,000,00,2,8,15,B02
200700041233,0,07,000,12,0,2,01,A01
200700041234,0,07,000,13,0,1,00,A01
200700041235,0,07,000,00,2,1,15,A01
200700041235,0,07,000,00,2,2,01,B02
200700041236,0,07,000,00,2,1,13,A01
200700041236,0,07,000,00,2,8,01,B02
200700041237,0,07,000,00,2,1,01,B02
200700041237,0,07,000,00,2,3,19,A01
200700041238,0,10,000,00,2,1,01,A01
200700041238,0,10,000,00,2,1,01,B02
200700041238,0,10,000,00,0,3,00,C03
200700041239,0,07,000,00,6,1,12,A01
200700041240,0,01,000,00,0,5,02,A01
200700041240,0,02,000,02,9,1,02,B02
200700041241,0,33,000,00,2,7,13,A01
200700041241,0,21,000,00,0,0,15,B02
200700041242,0,36,000,12,0,3,01,A01
200700041243,0,07,000,00,2,1,01,A01
200700041243,0,07,000,00,0,8,15,B02
200700041244,0,07,000,00,2,1,13,A01
200700041244,0,15,000,00,2,3,01,B02
200700041245,0,07,000,00,2,1,15,A01
200700041245,0,07,000,00,2,1,01,B02
200700041246,0,07,000,00,0,2,01,A01
200700041247,0,07,000,00,2,1,02,A01
200700041247,0,07,000,00,0,4,15,B02
200700041248,0,07,000,08,0,8,01,A01
200700041249,0,07,000,06,0,1,01,A01
200700041250,0,07,000,00,2,1,01,A01
200700041250,0,02,000,00,2,5,01,B02
200700041251,0,01,000,00,2,1,15,A01
200700041252,0,33,000,13,0,1,01,A01
200700041253,0,07,000,00,2,1,01,A01
200700041253,0,01,000,00,2,8,15,B02
200700041254,0,33,000,00,6,7,21,A01
200700041255,0,07,000,02,0,3,13,A01
200700041256,0,14,000,00,2,2,01,A01
200700041256,0,07,000,00,2,3,19,B02
200700041257,0,31,000,00,2,0,17,A01
200700041257,0,07,000,00,2,6,15,B02
200700041258,0,07,000,00,2,1,01,A01
200700041258,0,07,000,00,2,3,01,B02
200700041259,0,07,000,08,0,1,01,A01
200700041260,0,10,000,08,0,1,01,A01
200700041261,0,07,000,13,0,1,17,A01
200700041262,0,07,000,00,2,3,01,B02
200700041262,0,01,000,00,2,1,19,A01
200700041263,0,07,000,00,2,1,15,A01
200700041263,0,30,000,00,2,5,01,B02
200700041264,0,07,000,00,2,8,01,A01
200700041264,0,07,000,00,2,1,01,B02
200700041265,0,02,000,00,0,0,01,A01
200700041266,0,10,000,00,9,1,01,A01
200700041266,0,07,000,00,2,1,21,B02
200700041266,0,14,000,00,2,3,01,C03
200700041266,0,14,000,00,2,3,01,D04
200700041266,0,07,000,00,2,8,17,E05
200700041267,0,14,000,13,0,1,01,A01
200700041268,0,07,000,00,2,7,17,A01
200700041268,0,07,000,00,2,1,01,B02
200700041269,0,01,000,00,2,3,19,A01
200700041269,0,07,000,00,2,2,01,B02
200700041270,0,07,000,00,1,3,21,A01
200700041271,0,31,000,00,0,7,01,A01
200700041272,0,07,000,00,2,1,13,A01
200700041272,0,07,000,00,2,1,01,B02
200700041273,0,10,000,00,1,2,02,A01
200700041274,0,02,000,00,2,7,01,A01
200700041274,0,36,000,00,2,1,19,B02
200700041275,0,07,000,00,2,1,01,A01
200700041275,0,10,000,00,2,3,23,B02
200700041276,0,33,000,00,2,1,01,A01
200700041276,0,10,000,00,2,8,09,B02
200700041277,0,07,000,00,2,3,17,A01
200700041277,0,07,000,00,2,3,01,B02
200700041278,0,07,000,00,2,3,01,A01
200700041278,0,07,000,00,2,3,01,B02
200700041279,0,07,000,00,0,2,13,A01
200700041279,0,30,000,00,0,1,01,B02
200700041280,0,07,000,00,2,1,15,A01
200700041280,0,07,000,00,2,1,01,B02
200700041281,0,07,000,00,0,2,00,A01
200700041282,0,07,000,00,0,1,01,A01
200700041283,0,36,000,13,0,2,01,A01
200700041284,0,07,000,06,0,1,21,A01
200700041285,0,07,000,00,2,1,01,A01
200700041285,0,07,000,00,2,7,19,B02
200700041285,0,10,000,00,2,3,23,C03
200700041286,0,07,000,10,0,3,13,A01
200700041287,0,15,000,00,0,0,17,A01
200700041287,0,33,000,13,0,7,21,B02
200700041288,0,07,000,00,2,1,13,A01
200700041288,0,10,000,00,2,3,01,B02
200700041289,0,07,000,16,0,1,14,A01
200700041290,0,07,000,00,2,6,01,A01
200700041290,0,02,000,00,2,1,01,B02
200700041291,0,07,000,00,0,0,00,A01
200700041292,0,07,000,06,0,8,01,A01
200700041293,0,30,000,00,2,1,17,A01
200700041293,0,07,000,00,2,1,01,B02
200700041293,0,07,000,00,2,3,01,C03
200700041294,0,30,000,05,0,7,14,A01
200700041295,0,07,000,00,2,2,17,A01
200700041295,0,07,000,06,2,6,01,B02
200700041296,0,07,000,00,2,8,01,A01
200700041296,0,30,000,00,2,3,01,B02
200700041297,0,07,000,00,1,1,01,A01
200700041298,0,33,000,00,2,8,13,A01
200700041298,0,02,000,00,2,8,01,B02
200700041299,0,33,000,00,0,1,01,A01
200700041300,0,07,000,00,2,3,15,A01
200700041300,0,07,000,00,2,1,01,B02
200700041301,0,07,000,00,2,2,01,A01
200700041301,0,07,000,00,2,3,01,B02
200700041302,0,30,000,00,2,1,01,A01
200700041302,0,07,000,00,2,3,15,B02
200700041303,0,07,000,00,2,5,01,A01
200700041303,0,07,000,00,2,2,01,B02
200700041304,0,21,000,00,2,2,19,A01
200700041304,0,07,000,00,2,8,01,B02
200700041305,0,07,000,00,9,1,01,A01
200700041305,0,07,000,00,2,1,01,B02
200700041306,0,30,000,00,2,1,01,A01
200700041306,0,07,000,00,2,7,15,B02
200700041307,0,07,000,00,0,0,01,A01
200700041308,0,07,000,00,1,1,01,A01
200700041309,0,07,000,13,0,2,21,A01
200700041310,1,07,000,00,1,2,02,A01
200700041311,0,30,000,00,2,1,02,A01
200700041311,0,07,000,00,2,4,02,B02
200700041312,0,36,000,00,2,3,02,A01
200700041312,0,36,000,00,0,5,23,B02
200700041313,0,07,000,00,1,2,01,A01
200700041314,0,10,000,00,2,3,01,A01
200700041314,0,10,000,00,2,3,01,B02
200700041315,0,07,000,08,0,9,13,A01
200700041316,0,07,000,13,0,1,17,A01
200700041317,0,07,000,00,2,1,00,A01
200700041317,0,07,000,00,2,2,00,B02
200700041317,0,02,000,00,2,8,05,C03
200700041318,0,02,000,00,9,1,01,A01
200700041319,0,10,000,00,2,6,15,A01
200700041319,0,33,000,00,2,1,17,B02
200700041320,0,33,000,03,2,3,13,A01
200700041321,0,07,000,00,2,2,01,B02
200700041321,0,07,000,00,0,3,16,A01
200700041322,0,07,000,00,0,2,01,A01
200700041323,0,10,000,00,2,2,15,A01
200700041323,0,07,000,00,2,1,01,B02
200700041324,0,33,000,00,5,2,00,A01
200700041325,0,33,000,13,0,1,01,A01
200700041326,0,07,000,00,0,2,21,A01
200700041327,0,33,000,00,2,7,01,A01
200700041328,0,07,000,00,1,1,01,A01
200700041329,0,10,000,00,2,7,01,A01
200700041329,0,01,000,00,2,1,01,B02
200700041330,0,07,000,00,2,1,03,A01
200700041330,0,07,000,00,2,4,01,B02
200700041330,0,10,000,00,2,8,09,C03
200700041331,0,17,000,00,2,3,13,A01
200700041331,0,07,000,00,2,7,01,B02
200700041332,0,07,000,00,0,0,00,A01
200700041333,0,07,000,00,2,2,11,A01
200700041333,0,10,000,00,2,1,21,B02
200700041334,0,10,000,00,0,6,23,A01
200700041334,0,17,000,01,0,2,21,B02
200700041335,0,07,000,00,2,2,01,A01
200700041335,0,07,000,00,2,3,15,B02
200700041336,0,07,000,00,2,1,19,A01
200700041336,0,07,000,00,2,7,01,B02
200700041337,0,07,000,00,2,1,02,A01
200700041337,0,10,000,00,0,4,15,B02
200700041338,0,07,000,06,0,1,01,A01
200700041339,0,07,000,00,2,1,05,A01
200700041339,0,07,000,00,2,2,01,B02
200700041339,0,07,000,00,2,3,01,C03
200700041340,0,07,000,00,2,2,19,A01
200700041340,0,07,000,00,2,1,01,B02
200700041341,0,10,000,13,0,1,14,A01
200700041342,0,10,000,00,2,2,02,A01
200700041342,0,10,000,00,0,6,00,B02
200700041343,0,07,000,14,0,1,14,A01
200700041344,0,07,000,13,0,7,16,A01
200700041345,0,14,000,04,0,3,13,A01
200700041346,0,07,000,04,0,3,16,A01
200700041347,0,07,000,04,0,2,00,A01
200700041348,0,14,000,00,2,2,02,A01
200700041348,0,10,000,00,2,6,02,B02
200700041349,0,07,000,00,0,1,02,A01
200700041349,0,07,000,00,0,4,02,B02
200700041349,0,07,000,00,0,4,02,C03
200700041349,0,07,000,00,0,7,02,D04
200700041350,0,07,000,09,0,1,01,A01
200700041351,0,07,000,00,2,1,02,A01
200700041351,0,38,000,00,0,4,02,B02
200700041352,0,07,000,00,2,1,02,A01
200700041352,0,07,000,00,0,4,02,B02
200700041353,0,15,000,00,0,4,00,A01
200700041353,0,07,000,00,2,2,02,B02
200700041354,0,07,000,00,0,4,23,A01
200700041354,0,14,000,00,2,1,01,B02
200700041355,0,14,000,00,1,4,04,A01
200700041356,0,07,000,03,0,1,02,A01
200700041357,0,07,000,00,2,3,00,A01
200700041357,0,07,000,00,2,8,17,B02
200700041358,0,10,000,00,2,1,02,A01
200700041358,0,07,000,14,2,4,01,B02
200700041359,0,07,000,08,0,1,01,A01
200700041360,0,10,000,03,0,3,01,A01
200700041361,0,33,000,00,0,8,01,A01
200700041362,0,07,000,00,2,1,02,A01
200700041362,0,07,000,00,2,4,00,B02
200700041363,0,15,000,00,2,1,02,A01
200700041364,0,07,000,00,2,3,05,A01
200700041364,0,07,000,00,2,3,01,B02
200700041365,0,07,000,03,0,2,00,A01
200700041366,0,15,000,00,2,6,01,A01
200700041366,0,10,000,00,2,2,02,B02
200700041367,0,07,000,04,0,1,14,A01
200700041368,0,07,000,00,2,2,14,A01
200700041368,0,07,000,00,2,5,02,B02
200700041369,0,10,000,00,2,2,01,A01
200700041369,0,17,000,00,0,6,01,B02
200700041370,0,17,000,00,2,8,01,A01
200700041370,0,10,000,00,2,1,01,B02
200700041371,0,07,000,00,2,2,01,A01
200700041371,0,10,000,00,0,6,01,B02
200700041372,0,07,000,00,0,8,23,A01
200700041372,0,07,000,00,2,2,14,B02
200700041373,0,07,000,00,0,6,04,A01
200700041373,0,07,000,00,2,3,01,B02
200700041374,0,07,000,00,2,6,02,A01
200700041374,0,07,000,00,0,3,02,B02
200700041375,0,02,000,00,2,6,01,A01
200700041376,0,07,000,01,0,2,01,A01
200700041376,0,07,000,01,0,6,24,B02
200700041377,0,02,000,00,2,7,16,A01
200700041377,0,02,000,00,2,1,01,B02
200700041378,0,33,000,00,0,0,01,A01
200700041379,0,07,000,00,0,1,02,A01
200700041379,0,07,000,00,0,4,00,B02
200700041380,0,07,000,00,2,7,14,A01
200700041380,0,15,000,00,2,8,01,B02
200700041380,0,07,000,03,0,8,01,C03
200700041381,0,07,000,00,0,9,00,A01
200700041382,0,07,000,04,0,1,01,A01
200700041383,0,07,000,04,0,1,14,A01
200700041384,0,07,000,04,0,2,01,A01
200700041385,0,07,000,13,0,1,14,A01
200700041386,0,33,000,00,0,0,01,A01
200700041387,0,33,000,00,2,1,13,A01
200700041387,0,07,000,00,2,1,01,B02
200700041388,0,10,000,00,2,2,17,A01
200700041388,0,10,000,00,0,6,15,B02
200700041389,0,07,000,13,0,0,01,A01
200700041390,0,07,000,00,2,3,13,A01
200700041390,0,07,000,00,2,3,01,B02
200700041391,0,07,000,00,2,2,14,A01
200700041391,0,07,000,00,0,4,01,B02
200700041392,0,07,000,04,0,3,01,A01
200700041393,0,10,000,03,0,1,01,A01
200700041394,0,07,000,03,0,1,12,A01
200700041395,0,07,000,13,0,2,17,A01
200700041396,0,10,000,13,0,2,14,A01
200700041397,0,01,000,00,2,7,17,A01
200700041398,0,07,000,15,0,2,21,A01
200700041399,0,07,000,00,0,0,01,A01
200700041400,0,10,000,02,0,1,01,A01
200700041401,0,07,000,00,2,1,01,A01
200700041401,0,02,000,00,2,8,16,B02
200700041402,0,07,000,02,0,4,01,A01
200700041403,0,07,000,00,2,1,21,A01
200700041403,0,07,000,03,2,9,06,B02
200700041403,0,07,000,00,0,4,01,C03
200700041403,0,14,000,03,2,3,21,D04
200700041404,0,07,000,05,0,2,14,A01
200700041405,0,07,000,03,2,3,02,A01
200700041405,0,13,000,03,2,4,01,B02
200700041406,0,07,000,03,0,1,02,A01
200700041407,0,07,000,03,2,8,13,A01
200700041407,0,07,000,03,2,1,01,B02
200700041407,0,10,000,00,0,0,09,C03
200700041408,0,07,000,00,2,1,01,A01
200700041408,0,07,000,00,0,6,01,B02
200700041409,0,17,000,00,2,2,02,A01
200700041409,0,07,000,00,0,4,01,B02
200700041410,0,10,000,03,0,8,01,A01
200700041411,0,07,000,00,0,0,01,A01
200700041412,0,17,000,06,0,2,14,A01
200700041412,0,07,000,00,2,1,01,B02
200700041412,0,07,000,00,2,1,01,C03
200700041412,0,14,000,00,2,1,01,D04
200700041413,0,17,000,13,0,2,01,A01
200700041414,0,07,000,08,0,2,13,A01
200700041415,0,30,000,00,2,1,01,A01
200700041415,0,07,000,00,0,8,01,B02
200700041416,0,30,000,00,0,7,01,B02
200700041416,0,07,000,00,0,2,11,A01
200700041417,0,07,000,00,1,4,04,A01
200700041418,0,07,000,00,2,3,02,A01
200700041418,0,07,000,00,2,1,02,B02
200700041418,0,07,000,00,2,6,02,C03
200700041418,0,07,000,00,0,4,02,D04
200700041419,0,31,000,00,2,2,01,A01
200700041419,0,07,000,00,2,1,23,B02
200700041419,0,10,000,00,0,0,19,C03
200700041420,0,07,000,00,2,2,02,A01
200700041420,0,10,000,00,2,6,01,B02
200700041421,0,07,000,01,0,2,21,A01
200700041421,0,99,000,00,0,5,24,B02
200700041422,0,07,000,00,0,0,05,A01
200700041422,0,07,000,00,2,1,02,B02
200700041422,0,07,000,00,2,4,02,C03
200700041422,0,07,000,00,0,4,02,D04
200700041423,0,07,000,03,2,2,02,A01
200700041423,0,07,000,03,2,6,02,B02
200700041424,0,07,000,08,0,7,02,A01
200700041425,0,07,000,00,1,2,02,A01
200700041426,0,07,000,13,0,1,01,A01
200700041427,0,07,000,11,0,2,14,A01
200700041428,0,07,000,00,2,4,02,A01
200700041428,0,07,000,00,2,1,02,B02
200700041429,0,07,000,00,2,1,02,A01
200700041429,0,07,000,00,2,4,02,B02
200700041429,0,07,000,00,2,4,02,C03
200700041430,0,10,000,00,2,1,02,A01
200700041430,0,15,000,00,0,4,02,B02
200700041431,0,17,000,03,9,3,01,A01
200700041432,0,07,000,04,0,1,02,A01
200700041433,0,10,000,13,0,2,14,A01
200700041434,0,17,000,00,2,2,17,A01
200700041434,0,07,000,03,2,5,01,B02
200700041435,0,07,000,03,0,6,01,A01
200700041436,0,15,000,01,2,2,06,A01
200700041436,0,14,000,00,0,6,23,B02
200700041436,0,07,000,00,2,1,01,C03
200700041437,0,07,000,04,2,6,01,A01
200700041437,0,07,000,03,2,2,01,B02
200700041437,0,17,000,00,2,2,12,C03
200700041438,0,07,000,04,0,1,14,A01
200700041439,0,07,000,00,2,3,16,A01
200700041439,0,32,000,00,2,1,15,B02
200700041440,0,17,000,00,0,0,00,A01
200700041440,0,07,000,00,0,5,00,B02
200700041441,0,07,000,03,0,1,01,A01
200700041442,0,07,000,00,0,7,01,A01
200700041443,0,07,000,04,0,3,01,A01
200700041444,0,07,000,00,2,2,14,A01
200700041444,0,17,000,00,0,6,01,B02
200700041445,0,07,000,00,0,0,01,A01
200700041446,0,07,000,03,0,1,01,A01
200700041447,0,07,000,00,2,5,02,A01
200700041447,0,10,000,00,2,3,12,B02
200700041448,0,07,000,00,2,1,02,A01
200700041448,0,07,000,00,0,4,00,B02
200700041448,0,07,000,00,0,4,00,C03
200700041449,0,07,000,00,2,1,01,A01
200700041449,0,07,000,00,0,4,01,B02
200700041449,0,07,000,00,0,4,01,C03
200700041450,0,07,000,03,0,7,14,A01
200700041451,0,14,000,13,0,9,14,A01
200700041452,0,07,000,00,2,1,05,A01
200700041452,0,07,000,00,2,1,01,B02
200700041452,0,07,000,00,2,3,01,C03
200700041453,0,07,000,00,2,1,13,A01
200700041453,0,07,000,00,2,2,00,B02
200700041454,0,07,000,06,0,7,01,A01
200700041455,0,07,000,06,0,3,01,A01
200700041456,0,07,000,00,2,3,01,A01
200700041456,0,07,000,00,2,3,01,B02
200700041457,0,07,000,00,2,2,09,A01
200700041457,0,33,000,01,2,1,01,B02
200700041457,0,07,000,00,2,8,24,C03
200700041458,0,07,000,00,2,1,13,A01
200700041458,0,07,000,00,2,1,01,B02
200700041459,0,07,000,00,2,4,01,A01
200700041459,0,07,000,00,2,9,01,B02
200700041459,0,07,000,00,2,1,01,C03
200700041460,0,10,000,00,2,1,02,A01
200700041460,0,17,000,00,0,4,02,B02
200700041461,0,07,000,13,0,2,17,A01
200700041462,0,07,000,00,2,2,17,A01
200700041462,0,07,000,00,0,6,01,B02
200700041463,0,07,000,13,0,1,01,A01
200700041464,0,07,000,01,0,8,02,A01
200700041464,0,10,000,00,0,5,24,B02
200700041465,0,07,000,00,1,1,01,A01
200700041466,0,07,000,00,2,2,01,A01
200700041466,0,07,000,00,0,5,13,B02
200700041467,0,33,000,08,0,1,15,A01
200700041468,0,07,000,06,0,2,14,A01
200700041469,0,07,000,00,2,1,00,A01
200700041469,0,07,000,00,2,1,02,B02
200700041469,0,07,000,00,2,1,00,C03
200700041470,0,33,000,00,0,8,01,A01
200700041471,0,07,000,13,0,2,21,A01
200700041472,0,17,000,00,2,5,01,A01
200700041472,0,07,000,00,2,3,12,B02
200700041473,0,07,000,00,0,1,17,A01
200700041474,0,31,000,00,0,0,00,A01
200700041475,0,07,000,02,0,7,01,A01
200700041476,0,02,000,00,2,1,02,A01
200700041476,0,07,000,00,2,4,23,B02
200700041477,0,33,000,01,2,1,17,A01
200700041477,0,07,000,00,2,3,15,B02
200700041477,0,07,000,00,0,0,15,C03
200700041478,0,07,000,00,2,3,15,A01
200700041478,0,07,000,00,2,3,01,B02
200700041478,0,07,000,00,0,3,23,C03
200700041478,0,07,000,00,0,4,24,D04
200700041479,0,32,000,00,2,1,17,A01
200700041479,0,07,000,00,0,0,15,B02
200700041480,0,14,000,00,1,8,15,A01
200700041480,0,01,000,00,2,7,23,B02
200700041481,0,07,000,02,2,4,09,A01
200700041481,0,31,000,00,2,1,01,B02
200700041482,0,02,000,00,0,8,01,A01
200700041483,0,02,000,12,0,7,01,A01
200700041484,0,10,000,00,2,1,02,A01
200700041484,0,07,000,00,0,8,00,B02
200700041485,0,07,000,00,2,1,01,A01
200700041485,0,07,000,00,0,4,01,B02
200700041486,0,02,000,07,0,1,01,A01
200700041487,0,31,000,00,2,1,01,A01
200700041487,0,10,000,00,2,3,19,B02
200700041488,0,07,000,00,0,0,02,A01
200700041488,0,10,000,00,0,4,02,B02
200700041489,0,07,000,00,2,5,15,A01
200700041489,0,33,000,00,2,1,01,B02
200700041490,0,33,000,13,0,2,01,A01
200700041491,0,33,000,00,2,3,13,A01
200700041491,0,33,000,00,2,1,13,B02
200700041492,0,07,000,13,0,2,17,A01
200700041493,0,07,000,01,0,1,01,A01
200700041493,0,07,000,00,2,4,24,B02
200700041494,0,10,000,00,2,1,13,A01
200700041494,0,10,000,00,2,5,02,B02
200700041494,0,07,000,00,2,6,02,C03
200700041494,0,07,000,00,2,4,02,D04
200700041494,0,07,000,00,2,5,01,E05
200700041495,0,07,000,07,0,2,01,A01
200700041496,0,03,000,00,0,4,01,A01
200700041496,0,07,000,00,2,1,01,B02
200700041497,0,10,000,13,0,1,01,A01
200700041498,0,07,000,00,2,2,17,A01
200700041498,0,17,000,00,2,8,01,B02
200700041499,0,07,000,00,2,2,02,A01
200700041500,0,10,000,06,2,1,13,A01
200700041500,0,14,000,00,2,3,21,B02
200700041500,0,07,000,00,2,3,01,C03
200700041501,0,10,000,00,2,1,13,A01
200700041501,0,07,000,00,2,3,01,B02
200700041502,0,33,000,13,0,8,01,A01
200700041502,0,07,000,00,2,2,01,B02
200700041503,0,07,000,00,2,3,13,A01
200700041503,0,07,000,00,2,6,01,B02
200700041504,0,07,000,02,0,1,01,A01
200700041505,0,07,000,00,2,7,15,A01
200700041505,0,10,000,00,2,2,01,B02
200700041506,0,33,000,00,0,1,00,A01
200700041507,0,07,000,06,0,3,14,A01
200700041508,0,07,000,00,2,1,17,A01
200700041508,0,17,000,00,2,6,01,B02
200700041509,0,31,000,00,2,1,01,A01
200700041509,0,10,000,00,2,3,15,B02
200700041510,0,07,000,00,1,8,01,A01
200700041511,0,33,000,00,2,1,02,A01
200700041511,0,36,000,00,2,6,11,B02
200700041512,0,10,000,00,1,4,02,A01
200700041512,0,10,000,00,2,9,02,B02
200700041512,0,10,000,00,2,1,02,C03
200700041513,0,07,000,00,2,1,01,A01
200700041513,0,10,000,00,0,4,01,B02
200700041514,0,07,000,16,0,1,13,A01
200700041515,0,07,000,13,0,2,01,A01
200700041516,0,07,000,13,0,1,01,A01
200700041517,0,07,000,04,0,1,01,A01
200700041518,0,10,000,00,2,1,02,A01
200700041518,0,17,000,00,0,4,02,B02
200700041519,0,30,000,00,2,3,15,A01
200700041519,0,07,000,00,2,3,01,B02
200700041520,0,07,000,06,0,2,14,A01
200700041521,0,30,000,00,2,2,01,A01
200700041521,0,07,000,00,2,3,15,B02
200700041522,0,07,000,00,0,0,01,A01
200700041523,0,07,000,03,0,1,00,A01
200700041524,0,07,000,03,0,3,01,A01
200700041525,0,07,000,00,2,9,21,A01
200700041525,0,07,000,00,0,0,02,B02
200700041526,0,07,000,13,2,6,13,A01
200700041526,0,07,000,00,0,2,11,B02
200700041527,0,07,000,13,0,2,01,A01
200700041528,0,07,000,03,0,1,01,A01
200700041529,0,34,000,06,0,1,01,A01
200700041530,0,33,000,00,2,1,01,A01
200700041530,0,07,000,00,2,3,15,B02
200700041531,0,07,000,00,2,1,17,A01
200700041531,0,30,000,00,2,8,01,B02
200700041532,0,07,000,03,0,2,01,A01
200700041533,0,07,000,00,0,1,13,A01
200700041533,0,14,000,00,0,1,02,B02
200700041533,0,07,000,00,0,3,01,C03
200700041534,0,02,000,03,0,2,01,A01
200700041535,0,33,000,06,0,8,01,A01
200700041536,0,07,000,00,2,3,09,A01
200700041536,0,33,000,00,2,2,01,B02
200700041537,0,07,000,00,2,6,09,A01
200700041537,0,07,000,00,2,2,01,B02
200700041538,0,31,000,00,0,8,01,A01
200700041539,0,07,000,03,0,1,01,A01
200700041540,0,17,000,04,0,8,13,A01
200700041541,0,07,000,04,0,7,01,A01
200700041542,0,33,000,04,0,1,02,A01
200700041542,0,33,000,04,0,4,02,B02
200700041543,0,07,000,04,0,3,13,A01
200700041544,0,07,000,11,0,3,01,A01
200700041545,0,07,000,13,0,2,01,A01
200700041546,0,07,000,13,0,2,17,A01
200700041547,0,07,000,00,2,8,11,A01
200700041547,0,17,000,00,0,4,01,B02
200700041548,0,33,000,06,0,7,01,A01
200700041549,0,07,000,03,0,8,17,A01
200700041550,0,07,000,13,0,1,01,A01
200700041551,0,07,000,08,0,1,14,A01
200700041552,0,07,000,04,0,1,01,A01
200700041553,0,07,000,00,2,2,13,A01
200700041553,0,07,000,00,0,6,01,B02
200700041554,0,07,000,13,0,2,14,A01