Num_Acc,senc,catv,occutc,obs,obsm,choc,manv,num_veh
200700041555,0,07,000,04,0,3,01,A01
200700041556,0,07,000,03,0,9,14,A01
200700041557,0,07,000,03,2,8,17,A01
200700041557,0,17,000,00,2,8,01,B02
200700041558,0,07,000,07,0,2,01,A01
200700041559,0,07,000,00,0,7,15,A01
200700041559,0,07,000,00,0,1,01,B02
200700041560,0,37,000,00,0,6,01,A01
200700041560,0,01,000,00,0,1,13,B02
200700041561,0,07,000,00,2,3,02,A01
200700041561,0,07,000,00,2,5,02,B02
200700041562,0,33,000,00,5,1,01,A01
200700041562,0,07,000,00,5,1,01,B02
200700041563,0,07,000,00,1,2,01,A01
200700041564,0,07,000,00,2,2,01,B02
200700041564,0,07,000,00,2,1,01,A01
200700041565,0,07,000,00,0,1,13,A01
200700041566,0,10,000,00,2,2,11,A01
200700041566,0,14,000,00,0,6,01,B02
200700041567,0,07,000,00,2,2,05,A01
200700041567,0,10,000,00,2,2,01,B02
200700041568,0,10,000,00,0,3,15,A01
200700041568,0,10,000,00,2,1,01,B02
200700041569,0,31,000,00,2,2,17,A01
200700041569,0,30,000,00,2,3,17,B02
200700041570,2,07,000,00,2,2,15,A01
200700041570,0,07,000,00,2,1,01,B02
200700041571,0,07,000,00,2,1,01,A01
200700041571,0,07,000,00,2,1,01,B02
200700041572,0,07,000,00,2,3,13,A01
200700041572,0,02,000,00,0,1,00,B02
200700041573,0,07,000,00,0,8,09,A01
200700041573,0,02,000,00,0,7,17,B02
200700041574,0,07,000,00,2,1,01,A01
200700041574,0,07,000,00,2,6,19,B02
200700041575,0,07,000,00,0,9,01,A01
200700041576,0,07,000,00,0,1,01,A01
200700041576,0,07,000,00,0,4,23,B02
200700041576,0,07,000,00,0,4,23,C03
200700041576,0,07,000,00,0,4,23,D04
200700041576,0,07,000,00,0,4,23,E05
200700041577,0,07,000,00,2,3,15,A01
200700041577,0,01,000,00,2,2,01,B02
200700041578,0,07,000,00,2,8,13,A01
200700041578,0,07,000,00,2,1,01,B02
200700041579,0,07,000,02,0,3,14,A01
200700041580,0,07,000,00,0,4,00,A01
200700041581,0,07,000,13,0,1,01,A01
200700041582,0,07,000,00,0,1,01,A01
200700041583,0,07,000,04,2,1,02,A01
200700041583,0,07,000,00,2,3,02,B02
200700041584,0,07,000,00,0,6,10,A01
200700041584,0,33,000,00,2,1,17,B02
200700041585,0,07,000,00,2,7,15,A01
200700041585,0,31,000,00,2,1,21,B02
200700041586,0,33,000,00,0,1,02,A01
200700041586,0,07,000,00,0,4,01,B02
200700041587,0,10,000,03,0,3,01,A01
200700041588,0,07,000,00,2,6,09,A01
200700041588,0,01,000,00,2,1,01,B02
200700041589,0,33,000,00,0,1,16,A01
200700041590,0,07,000,00,5,1,01,A01
200700041591,0,07,000,03,0,3,11,A01
200700041592,0,33,000,00,2,2,17,A01
200700041592,0,07,000,00,2,8,17,B02
200700041593,0,07,000,00,2,7,01,A01
200700041593,0,07,000,00,2,1,09,B02
200700041594,0,07,000,00,0,1,14,A01
200700041595,0,10,000,03,0,2,14,A01
200700041596,0,07,000,16,0,0,01,A01
200700041597,0,02,000,00,2,8,13,A01
200700041597,0,02,000,00,2,8,01,B02
200700041598,0,15,000,07,0,2,14,A01
200700041598,0,10,000,00,0,4,24,B02
200700041599,0,07,000,13,0,2,02,A01
200700041600,0,07,000,03,0,3,14,A01
200700041601,0,07,000,06,2,2,01,B01
200700041601,0,07,000,00,2,1,16,A01
200700041602,0,07,000,00,1,1,01,A01
200700041602,0,14,000,00,2,7,01,B01
200700041603,0,07,000,00,2,2,01,A01
200700041603,0,07,000,00,2,8,15,B01
200700041604,0,14,000,00,2,4,01,B01
200700041604,0,14,000,00,2,1,01,A01
200700041604,0,07,000,00,2,4,23,C01
200700041605,0,07,000,00,2,2,01,A01
200700041605,0,07,000,00,2,6,01,B01
200700041606,0,02,000,00,0,1,01,A01
200700041607,0,07,000,00,2,1,01,A01
200700041607,0,07,000,00,2,4,23,B01
200700041608,0,02,000,00,0,0,00,A01
200700041609,0,07,000,00,2,1,20,A01
200700041609,0,02,000,00,2,7,01,B01
200700041610,0,07,000,00,2,7,17,A01
200700041610,0,01,000,00,2,8,02,B01
200700041611,0,07,000,09,0,1,01,A01
200700041612,0,15,000,00,1,2,01,A01
200700041613,0,07,000,00,2,2,01,B01
200700041613,0,02,000,00,2,1,15,A01
200700041614,0,07,000,00,2,2,20,A01
200700041614,0,30,000,00,2,1,02,B01
200700041615,0,33,000,03,0,9,01,A01
200700041616,0,02,000,00,2,1,17,A01
200700041616,0,10,000,00,0,6,23,B01
200700041617,0,30,000,00,2,1,21,B01
200700041617,0,07,000,00,2,3,15,A01
200700041618,0,20,000,00,0,9,01,A01
200700041619,0,07,000,00,1,2,01,A01
200700041620,0,07,000,15,2,7,01,B01
200700041620,0,07,000,00,2,1,01,A01
200700041621,0,07,000,00,9,6,20,B01
200700041621,0,02,000,01,0,1,18,A01
200700041622,0,01,000,00,0,8,13,A01
200700041622,0,30,000,00,2,1,02,B01
200700041623,0,07,000,00,2,2,15,A01
200700041623,0,07,000,00,2,1,01,B01
200700041624,0,33,000,00,2,1,01,A01
200700041624,0,15,000,00,9,7,16,B01
200700041625,0,07,000,00,1,3,01,A01
200700041626,0,07,000,00,1,4,04,A01
200700041627,0,30,000,00,1,1,21,A01
200700041628,0,02,000,00,2,1,13,A01
200700041628,0,07,000,00,9,3,01,B01
200700041629,0,30,000,00,2,1,09,A01
200700041629,0,02,000,00,2,2,01,B01
200700041630,0,07,000,14,0,1,02,A01
200700041630,0,07,000,14,0,4,23,B01
200700041630,0,10,000,00,0,4,23,C01
200700041631,0,07,000,00,2,3,13,A01
200700041631,0,07,000,00,2,3,01,B01
200700041632,0,07,000,00,2,3,10,A01
200700041632,0,32,000,00,2,1,01,B01
200700041633,0,02,000,00,2,1,02,A01
200700041633,0,10,000,00,0,4,02,B01
200700041634,0,07,000,00,2,5,16,A01
200700041634,0,31,000,00,2,3,01,B01
200700041635,0,07,000,00,2,1,01,A01
200700041635,0,01,000,00,2,7,19,B01
200700041636,0,17,000,08,0,7,15,A01
200700041637,0,33,000,00,2,1,01,B01
200700041637,0,07,000,00,2,2,13,A01
200700041638,0,07,000,00,1,1,01,A01
200700041639,0,07,000,00,0,2,19,A01
200700041639,0,30,000,00,2,1,21,B01
200700041640,0,07,000,00,2,2,15,A01
200700041640,0,07,000,00,2,1,01,B01
200700041641,0,07,000,00,0,4,02,B01
200700041641,0,07,000,00,2,1,02,A01
200700041642,0,01,000,00,2,1,13,A01
200700041642,0,10,000,00,2,1,01,B01
200700041643,0,02,000,12,0,1,01,A01
200700041644,0,33,000,00,2,1,17,A01
200700041644,0,07,000,00,0,6,15,B01
200700041645,0,30,000,00,2,1,01,B01
200700041645,0,07,000,00,2,3,15,A01
200700041646,0,02,000,00,2,1,13,A01
200700041646,0,07,000,00,2,1,01,B01
200700041647,0,07,000,00,1,2,01,A01
200700041648,0,07,000,00,2,7,01,A01
200700041648,0,07,000,00,2,2,01,B01
200700041649,0,33,000,00,2,1,01,A01
200700041649,0,07,000,00,2,3,01,B01
200700041650,0,01,000,00,2,1,01,A01
200700041650,0,07,000,00,2,2,01,B01
200700041651,0,07,000,00,2,6,00,B01
200700041651,0,32,000,00,0,7,01,A01
200700041652,0,10,000,00,2,2,00,A01
200700041652,0,07,000,00,2,2,01,C01
200700041652,0,07,000,00,2,4,23,B01
200700041652,0,07,000,00,0,4,23,D01
200700041653,0,30,000,00,2,1,01,A01
200700041653,0,07,000,00,2,1,01,B01
200700041654,0,07,000,06,2,8,01,A01
200700041654,0,07,000,00,2,1,01,B01
200700041655,1,07,000,00,0,0,00,A01
200700041655,0,32,000,00,2,2,01,B01
200700041656,0,32,000,00,2,7,17,A01
200700041656,0,07,000,00,2,8,01,B01
200700041657,0,07,000,00,2,3,13,A01
200700041657,0,30,000,00,2,2,01,B01
200700041658,0,07,000,00,2,0,01,A01
200700041658,0,07,000,00,2,0,01,B01
200700041659,0,07,000,00,0,3,10,A01
200700041659,0,30,000,00,2,0,01,B01
200700041659,0,31,000,00,2,0,01,C01
200700041660,0,30,000,00,2,1,02,A01
200700041660,0,07,000,00,2,5,23,B01
200700041661,0,32,000,00,2,1,01,B01
200700041661,0,07,000,00,2,3,15,A01
200700041662,0,33,000,00,1,3,01,A01
200700041663,0,07,000,08,0,0,01,A01
200700041664,0,32,000,00,2,2,18,A01
200700041664,0,07,000,00,2,2,02,B01
200700041665,0,10,000,00,2,0,15,A01
200700041665,0,32,000,00,2,1,01,B01
200700041666,0,33,000,00,2,1,01,A01
200700041666,0,07,000,00,2,3,01,B01
200700041667,0,07,000,00,2,7,15,A01
200700041667,0,32,000,00,2,1,01,B01
200700041668,0,30,000,00,2,1,02,A01
200700041668,0,07,000,00,2,6,02,B01
200700041669,0,32,000,00,2,1,17,A01
200700041669,0,07,000,00,2,6,15,B01
200700041670,0,07,000,00,2,2,15,A01
200700041670,0,02,000,00,2,1,01,B01
200700041671,0,33,000,00,2,0,02,A01
200700041671,0,01,000,00,2,4,02,B01
200700041672,0,07,000,00,1,2,01,A01
200700041673,0,02,000,01,0,1,01,A01
200700041674,0,07,000,00,1,2,01,A01
200700041675,0,07,000,00,2,1,02,A01
200700041675,0,07,000,00,2,4,15,B01
200700041676,0,07,000,00,2,3,02,B01
200700041676,0,32,000,00,2,4,02,A01
200700041677,0,32,000,00,2,7,15,A01
200700041677,0,07,000,00,2,1,01,B01
200700041678,0,30,000,01,0,1,14,A01
200700041679,0,30,000,00,2,8,03,A01
200700041679,0,07,000,00,2,7,01,B01
200700041680,0,07,000,00,2,7,16,A01
200700041680,0,07,000,06,2,1,01,B01
200700041681,0,30,000,00,2,1,13,A01
200700041681,0,10,000,00,2,1,01,B01
200700041682,0,07,000,00,2,1,15,A01
200700041682,0,02,000,00,2,1,01,B01
200700041683,1,07,000,00,1,1,01,A01
200700041684,0,30,000,00,2,1,02,A01
200700041684,0,07,000,00,2,4,01,B01
200700041685,0,30,000,01,2,7,01,A01
200700041685,0,07,000,00,2,1,01,B01
200700041686,0,07,000,06,9,1,14,A01
200700041687,0,07,000,00,2,1,02,A01
200700041687,0,33,000,00,2,4,01,B01
200700041688,0,07,000,00,1,1,01,A01
200700041689,0,10,000,00,2,1,01,A01
200700041689,0,07,000,00,2,7,01,B01
200700041690,1,07,000,00,1,1,15,A01
200700041691,0,07,000,00,2,1,02,A01
200700041691,0,02,000,00,2,4,01,B01
200700041692,0,07,000,00,2,3,01,B01
200700041692,0,32,000,00,2,1,01,A01
200700041693,0,30,000,00,2,1,17,A01
200700041693,0,07,000,00,2,3,15,B01
200700041694,0,07,000,00,2,2,15,A01
200700041694,0,02,000,00,2,1,01,B01
200700041695,0,30,000,00,0,1,01,A01
200700041696,0,36,000,00,2,1,18,A01
200700041696,0,01,000,00,2,4,01,B01
200700041696,0,36,000,00,2,1,02,C01
200700041697,0,07,000,00,2,8,10,A01
200700041697,0,30,000,00,2,1,01,B01
200700041698,0,32,000,00,2,8,01,B01
200700041698,0,07,000,00,2,1,09,A01
200700041699,0,07,000,00,2,4,00,B01
200700041699,0,07,000,00,2,1,01,A01
200700041700,0,07,000,00,2,1,01,A01
200700041700,0,07,000,00,2,4,01,B01
200700041700,0,07,000,00,2,4,00,C01
200700041701,0,30,000,00,2,1,02,B01
200700041701,0,07,000,00,2,1,15,A01
200700041702,0,07,000,00,2,1,00,A01
200700041702,0,31,000,00,2,1,00,B01
200700041703,0,02,000,00,2,1,01,B01
200700041703,0,07,000,00,2,3,01,A01
200700041704,0,02,000,00,2,1,00,A01
200700041705,0,14,000,00,1,7,01,A01
200700041706,0,07,000,00,2,3,12,A01
200700041706,0,02,000,00,2,2,01,B01
200700041707,0,07,000,00,1,1,01,A01
200700041708,0,07,000,00,2,1,16,A01
200700041708,0,31,000,00,2,1,01,B01
200700041709,0,07,000,00,2,1,13,A01
200700041709,0,07,000,00,2,1,01,B01
200700041710,0,02,000,00,2,1,15,A01
200700041710,0,07,000,00,2,1,01,B01
200700041711,0,32,000,00,2,4,01,B01
200700041711,0,07,000,00,2,1,02,A01
200700041712,0,14,000,00,2,1,01,A01
200700041712,0,31,000,00,2,7,23,B01
200700041713,0,07,000,00,2,1,01,D01
200700041713,0,07,000,00,2,3,10,A01
200700041713,0,33,000,00,2,1,17,B01
200700041713,0,30,000,00,2,1,17,C01
200700041714,0,32,000,00,2,1,01,B01
200700041714,0,07,000,00,2,2,09,A01
200700041715,0,07,000,00,1,1,01,A01
200700041716,0,30,000,01,0,1,14,A01
200700041717,0,07,000,00,2,1,00,A01
200700041717,0,32,000,00,2,1,00,B01
200700041718,0,07,000,00,2,3,15,A01
200700041718,0,33,000,00,2,1,01,B01
200700041719,0,07,000,00,2,1,00,A01
200700041720,0,14,000,00,2,7,16,A01
200700041720,0,34,000,00,2,1,01,B01
200700041721,0,07,000,00,2,1,09,A01
200700041721,0,30,000,00,2,7,17,B01
200700041722,0,07,000,00,1,1,01,A01
200700041723,0,30,000,00,2,1,01,A01
200700041724,0,07,000,00,2,6,01,B01
200700041724,0,30,000,00,2,1,02,A01
200700041724,0,07,000,00,2,8,01,C01
200700041725,0,07,000,00,2,1,01,A01
200700041725,0,32,000,00,2,4,01,B01
200700041726,0,33,000,00,2,4,15,B01
200700041726,0,07,000,00,2,3,02,A01
200700041727,0,34,000,12,0,2,00,A01
200700041728,0,30,000,00,2,1,01,A01
200700041728,0,07,000,00,2,2,16,B01
200700041729,0,31,000,00,2,1,01,B01
200700041729,0,07,000,00,2,2,09,A01
200700041730,0,02,000,00,2,1,00,B01
200700041730,0,07,000,00,2,1,15,A01
200700041731,0,07,000,00,2,4,02,B01
200700041731,0,07,000,00,2,4,02,C01
200700041731,0,07,000,00,2,1,02,A01
200700041732,0,07,000,01,0,1,05,A01
200700041733,0,07,000,00,2,3,13,A01
200700041733,0,31,000,00,2,1,01,B01
200700041734,0,07,000,00,2,1,15,A01
200700041734,0,31,000,00,2,1,01,B01
200700041735,0,07,000,00,1,1,01,A01
200700041736,0,07,000,00,2,1,01,A01
200700041736,0,02,000,00,2,1,13,B01
200700041737,0,07,000,00,2,2,01,A01
200700041737,0,32,000,00,2,1,01,B01
200700041738,0,33,000,00,2,1,17,A01
200700041738,0,07,000,00,2,3,01,B01
200700041739,0,07,000,00,2,1,01,A01
200700041739,0,07,000,00,2,4,01,B01
200700041739,0,07,000,00,0,4,23,C01
200700041740,0,07,000,00,2,0,00,A01
200700041740,0,07,000,00,2,0,00,B01
200700041741,0,02,000,00,2,3,17,A01
200700041741,0,37,001,00,0,3,23,B01
200700041741,0,37,001,00,0,8,23,C01
200700041742,0,07,000,00,2,1,01,A01
200700041742,0,07,000,00,2,4,01,B01
200700041742,0,07,000,00,0,4,01,C01
200700041743,0,33,000,00,2,6,18,A01
200700041743,0,07,000,00,2,2,16,B01
200700041744,0,32,000,00,1,2,17,A01
200700041745,0,01,000,00,0,0,00,A01
200700041746,0,32,000,00,0,0,00,A01
200700041747,0,30,000,00,2,2,17,A01
200700041747,0,07,000,00,2,8,15,B01
200700041748,0,02,000,12,0,0,00,A01
200700041749,0,32,000,00,2,1,01,B01
200700041749,0,07,000,00,2,8,01,A01
200700041750,0,33,000,00,2,1,17,A01
200700041750,0,10,000,00,2,8,15,B01
200700041751,0,32,000,00,0,0,00,A01
200700041752,0,07,000,00,2,1,01,A01
200700041752,0,32,000,00,2,7,01,B01
200700041753,0,15,000,00,0,0,01,A01
200700041753,0,33,000,00,9,0,17,B01
200700041754,0,07,000,00,2,1,02,A01
200700041754,0,07,000,00,0,4,02,B01
200700041755,0,07,000,00,2,1,15,A01
200700041755,0,34,000,00,2,3,01,B01
200700041756,0,02,000,00,0,0,01,A01
200700041757,0,02,000,00,0,0,00,A01
200700041758,0,07,000,08,0,1,13,A01
200700041759,0,30,000,00,2,1,21,B01
200700041759,0,07,000,00,0,8,19,A01
200700041760,0,07,000,00,2,1,15,A01
200700041760,0,30,000,00,2,1,01,B01
200700041761,0,30,000,00,1,1,17,A01
200700041762,0,30,000,00,0,0,00,A01
200700041763,0,07,000,00,1,1,01,A01
200700041764,0,07,000,00,2,1,02,A01
200700041764,0,07,000,00,2,4,23,B01
200700041764,0,07,000,00,0,4,23,C01
200700041765,0,07,000,00,1,0,01,A01
200700041766,0,02,000,00,0,0,00,A01
200700041767,0,07,000,00,1,3,01,A01
200700041768,0,02,000,00,2,7,17,A01
200700041768,0,07,000,00,0,8,01,B01
200700041769,0,02,000,00,1,1,01,A01
200700041770,0,07,000,06,0,1,13,A01
200700041771,0,07,000,13,0,1,13,A01
200700041772,0,10,000,00,2,1,01,A01
200700041772,0,07,000,00,0,7,01,B01
200700041773,1,07,000,00,0,0,01,B01
200700041773,0,02,000,00,2,1,01,A01
200700041774,0,31,000,00,2,1,13,A01
200700041774,0,07,000,00,2,8,01,B01
200700041774,0,31,000,00,2,0,01,C01
200700041775,0,02,000,16,0,1,01,A01
200700041776,0,02,000,06,0,1,14,A01
200700041777,0,32,000,00,1,1,01,A01
200700041778,0,07,000,00,2,3,13,A01
200700041778,0,02,000,00,0,1,01,B01
200700041779,0,10,000,00,2,1,02,A01
200700041779,0,07,000,00,0,4,23,B01
200700041779,0,07,000,00,0,4,23,C01
200700041779,0,07,000,00,0,4,23,D01
200700041780,0,07,000,09,0,1,14,A01
200700041781,0,07,000,00,1,1,01,A01
200700041782,0,02,000,00,1,2,01,A01
200700041783,0,07,000,00,0,0,11,A01
200700041783,0,34,000,01,2,1,01,B01
200700041784,0,32,000,00,0,1,01,A01
200700041784,1,07,000,00,2,3,17,B01
200700041785,0,07,000,00,2,1,15,A01
200700041785,0,33,000,00,2,1,01,B01
200700041786,0,07,000,00,2,8,13,A01
200700041786,0,33,000,00,2,1,01,B01
200700041787,0,07,000,00,2,1,15,A01
200700041787,0,02,000,00,0,1,01,B01
200700041788,0,07,000,00,2,3,01,A01
200700041788,0,07,000,00,2,3,01,B01
200700041789,0,07,000,01,0,3,01,A01
200700041790,0,02,000,15,0,1,15,A01
200700041791,0,07,000,00,1,3,01,A01
200700041792,0,02,000,06,0,1,01,A01
200700041793,0,01,000,00,2,1,21,A01
200700041793,0,07,000,00,2,3,16,B01
200700041794,0,07,000,00,9,3,09,A01
200700041794,0,33,000,00,2,1,01,B01
200700041795,0,02,000,00,1,1,01,A01
200700041796,0,07,000,00,2,1,01,A01
200700041796,0,07,000,00,2,4,01,B01
200700041797,0,02,000,01,2,1,05,A01
200700041797,0,33,000,00,2,1,01,B01
200700041798,0,33,000,00,0,0,01,A01
200700041798,0,07,000,00,0,0,09,B01
200700041799,0,07,000,00,2,1,02,A01
200700041799,0,02,000,00,2,4,02,B01
200700041800,0,07,000,00,2,2,15,A01
200700041800,0,33,000,00,2,1,01,B01
200700041800,0,07,000,00,2,3,01,C01
200700041800,0,07,000,00,2,3,01,D01
200700041801,0,07,000,06,0,2,14,A01
200700041802,0,18,001,00,2,8,01,B01
200700041802,0,02,000,00,2,0,01,A01
200700041803,0,32,000,00,2,1,01,A01
200700041803,0,07,000,00,2,1,01,B01
200700041804,0,34,000,00,2,2,01,A01
200700041804,0,10,000,00,2,0,11,B01
200700041805,0,07,000,00,2,1,01,A01
200700041805,0,32,000,00,2,4,01,B01
200700041805,0,07,000,00,2,4,01,C01
200700041806,0,14,000,00,2,8,00,A01
200700041806,0,07,000,00,2,1,01,B01
200700041807,0,07,000,00,2,1,01,A01
200700041807,0,02,000,00,2,9,01,B01
200700041807,0,07,000,00,2,8,01,C01
200700041808,0,07,000,00,2,1,02,A01
200700041808,0,07,000,00,2,4,23,B01
200700041808,0,07,000,00,2,4,02,C01
200700041808,0,07,000,00,2,4,23,D01
200700041808,0,07,000,00,2,4,23,E01
200700041809,0,07,000,00,2,2,15,A01
200700041809,0,02,000,00,2,1,18,B01
200700041810,0,33,000,00,2,1,02,A01
200700041810,0,07,000,00,2,5,16,B01
200700041811,0,07,000,00,2,1,15,A01
200700041811,0,33,000,00,2,7,01,B01
200700041812,0,07,000,08,0,1,13,A01
200700041813,0,07,000,00,1,4,04,A01
200700041814,0,02,000,00,2,3,00,A01
200700041814,0,33,000,00,2,1,01,B01
200700041815,0,07,000,00,2,8,01,A01
200700041815,0,02,000,00,2,1,01,B01
200700041816,0,33,000,00,0,3,00,A01
200700041817,0,07,000,00,2,1,13,A01
200700041817,0,07,000,00,2,1,13,B01
200700041818,0,07,000,00,1,2,01,A01
200700041819,0,07,000,00,1,0,15,A01
200700041820,0,07,000,00,2,1,02,A01
200700041820,0,07,000,00,2,4,02,B01
200700041821,0,32,000,00,2,0,00,A01
200700041821,0,07,000,00,2,1,01,B01
200700041821,0,07,000,00,0,0,00,C01
200700041822,0,07,000,00,2,1,09,A01
200700041822,0,01,000,00,2,1,02,B01
200700041823,0,07,000,00,2,6,04,A01
200700041823,0,07,000,00,2,1,01,B01
200700041824,0,07,000,14,0,1,01,A01
200700041824,0,02,000,00,2,4,23,B01
200700041825,0,07,000,00,2,1,02,A01
200700041825,0,07,000,00,2,4,23,B01
200700041826,0,14,000,00,1,8,15,A01
200700041827,0,07,000,00,1,3,01,A01
200700041828,0,02,000,00,2,0,00,A01
200700041828,0,33,000,00,2,7,01,B01
200700041829,0,30,000,00,2,1,02,A01
200700041829,0,07,000,00,2,5,23,B01
200700041829,0,33,000,00,2,1,02,C01
200700041830,0,33,000,00,2,1,21,A01
200700041830,0,07,000,00,2,3,11,B01
200700041831,0,18,002,00,1,0,02,A01
200700041832,0,32,000,00,1,1,02,A01
200700041833,0,07,000,00,2,3,19,A01
200700041833,0,33,000,00,2,1,01,B01
200700041833,0,07,000,00,2,4,00,C01
200700041834,0,07,000,00,0,6,04,A01
200700041835,0,01,000,00,2,0,00,A01
200700041836,0,07,000,00,2,2,16,A01
200700041836,0,02,000,00,2,3,01,B01
200700041837,0,07,000,00,2,6,09,A01
200700041837,0,33,000,00,2,1,01,B01
200700041838,0,02,000,01,0,2,14,A01
200700041839,0,02,000,00,2,1,01,A01
200700041839,0,07,000,00,2,4,01,B01
200700041840,0,07,000,00,2,2,09,A01
200700041840,0,02,000,00,2,0,01,B01
200700041841,0,05,000,00,2,3,01,A01
200700041841,1,07,000,00,2,0,00,B01
200700041842,0,07,000,00,1,0,00,A01
200700041843,0,33,000,00,0,8,01,A01
200700041844,0,07,000,00,1,1,01,A01
200700041845,0,02,000,00,2,1,11,A01
200700041845,0,07,000,00,2,3,01,B01
200700041846,0,07,000,14,0,1,13,A01
200700041846,0,07,000,00,2,3,21,B01
200700041847,0,02,000,00,1,8,01,A01
200700041848,0,07,000,06,0,0,00,A01
200700041849,0,02,000,00,2,1,01,A01
200700041849,0,02,000,00,2,1,01,B01
200700041850,0,02,000,00,0,7,02,A01
200700041851,0,07,000,00,2,1,01,A01
200700041851,0,07,000,00,2,6,01,B01
200700041852,0,07,000,14,0,1,01,A01
200700041852,0,07,000,14,2,4,23,B01
200700041852,0,07,000,00,2,4,23,C01
200700041853,0,02,000,00,2,1,00,A01
200700041853,0,07,000,00,2,3,01,B01
200700041854,0,07,000,00,1,2,01,A01
200700041855,0,10,000,00,2,2,11,A01
200700041855,0,33,000,00,2,1,01,B01
200700041856,0,07,000,00,2,1,01,A01
200700041856,0,02,000,00,2,8,01,B01
200700041857,0,13,000,00,1,1,15,A01
200700041858,0,01,000,00,2,1,15,A01
200700041858,0,32,000,00,2,1,01,B01
200700041859,0,14,000,00,2,8,00,A01
200700041859,0,02,000,00,2,3,01,B01
200700041859,0,02,000,00,2,1,01,C01
200700041860,0,07,000,00,1,4,04,A01
200700041861,0,02,000,00,2,1,01,A01
200700041861,0,07,000,00,2,4,01,B01
200700041862,0,33,000,00,2,1,00,A01
200700041862,0,07,000,00,2,4,00,B01
200700041863,0,07,000,13,0,0,00,A01
200700041864,0,02,000,00,2,1,01,A01
200700041864,0,07,000,00,2,3,15,B01
200700041865,0,02,000,00,2,1,01,A01
200700041865,0,10,000,00,2,5,02,B01
200700041866,0,07,000,00,2,2,10,A01
200700041866,0,02,000,00,2,1,01,B01
200700041867,1,07,000,00,1,7,01,A01
200700041868,0,01,000,00,2,4,11,A01
200700041868,0,07,000,00,2,3,01,B01
200700041869,0,07,000,00,1,2,15,A01
200700041870,0,02,000,00,2,1,07,A01
200700041870,0,07,000,00,2,2,16,B01
200700041871,0,07,000,00,1,2,21,A01
200700041872,0,07,000,00,1,4,04,A01
200700041873,0,07,000,00,2,1,09,A01
200700041873,0,31,000,00,2,1,01,B01
200700041874,0,07,000,00,2,3,03,A01
200700041874,0,07,000,00,2,3,03,B01
200700041875,0,07,000,00,2,1,15,A01
200700041875,0,31,000,00,2,6,01,B01
200700041876,0,02,000,00,2,1,02,A01
200700041876,0,07,000,00,2,4,00,B01
200700041877,0,07,000,00,2,5,10,A01
200700041877,0,34,000,00,2,1,21,B01
200700041878,0,02,000,00,0,0,16,A01
200700041878,0,07,000,00,0,0,16,B01
200700041879,0,07,000,00,2,3,11,A01
200700041879,0,32,000,00,2,9,01,B01
200700041880,0,07,000,00,2,5,04,A01
200700041880,0,05,000,00,2,1,01,B01
200700041881,0,07,000,00,2,1,15,A01
200700041881,0,32,000,00,2,3,01,B01
200700041882,0,07,000,00,2,3,01,B01
200700041882,0,32,000,00,2,1,01,A01
200700041883,0,07,000,00,2,3,00,A01
200700041883,0,07,000,00,2,5,24,B01
200700041884,0,07,000,00,1,1,00,A01
200700041885,0,07,000,00,2,1,01,A01
200700041885,0,07,000,08,2,6,01,B01
200700041886,0,07,000,00,2,1,01,A01
200700041886,0,07,000,01,2,8,01,B01
200700041887,0,07,000,00,2,5,01,A01
200700041887,0,07,000,00,2,3,01,B01
200700041888,0,07,000,00,2,3,11,A01
200700041888,0,07,000,00,2,7,01,B01
200700041889,0,07,000,00,2,2,15,A01
200700041889,0,02,000,00,2,1,01,B01
200700041890,0,07,000,00,2,1,15,A01
200700041890,0,07,000,00,2,8,02,B01
200700041891,0,02,000,00,2,1,01,B01
200700041891,0,07,000,00,2,8,10,A01
200700041892,0,07,000,00,1,1,00,A01
200700041893,0,32,000,00,2,1,00,A01
200700041893,0,07,000,00,2,6,01,B01
200700041894,0,07,000,00,2,7,15,A01
200700041894,0,07,000,00,2,1,01,B01
200700041895,0,07,000,00,2,1,01,A01
200700041895,0,07,000,00,2,4,01,B01
200700041896,0,07,000,05,0,1,01,A01
200700041897,0,07,000,00,0,0,00,A01
200700041897,0,33,000,00,2,1,01,B01
200700041898,0,07,000,00,2,3,09,A01
200700041898,0,07,000,00,2,2,01,B01
200700041899,0,07,000,00,2,3,01,B01
200700041899,0,02,000,00,2,0,05,A01
200700041900,0,01,000,00,2,1,13,A01
200700041900,0,01,000,00,2,1,13,B01
200700041900,0,32,000,00,2,2,01,C01
200700041901,0,32,000,00,2,7,01,A01
200700041901,0,07,000,00,2,3,10,B01
200700041902,0,07,000,00,1,3,15,A01
200700041903,0,32,000,00,0,0,01,A01
200700041904,0,10,000,00,2,3,12,A01
200700041904,0,01,000,00,2,4,01,B01
200700041905,0,07,000,00,2,8,15,A01
200700041905,0,33,000,00,2,1,17,B01
200700041906,0,07,000,00,2,6,15,A01
200700041906,0,02,000,00,2,1,15,B01
200700041907,0,07,000,00,2,8,09,A01
200700041907,0,33,000,00,2,1,01,B01
200700041908,0,07,000,00,2,8,13,A01
200700041908,0,02,000,00,2,7,17,B01
200700041909,0,07,000,00,0,0,01,A01
200700041910,1,07,000,00,0,0,00,A01
200700041910,0,07,000,00,2,1,01,B01
200700041911,0,31,000,00,0,0,00,B01
200700041911,0,07,000,00,0,8,09,A01