Num_Acc,senc,catv,occutc,obs,obsm,choc,manv,num_veh
200700041912,0,05,000,00,2,3,17,A01
200700041912,0,18,001,00,2,3,01,B01
200700041912,0,18,001,00,2,3,01,C01
200700041913,0,07,000,00,2,3,01,A01
200700041913,0,33,000,00,2,3,01,B01
200700041914,0,32,000,00,2,1,01,A01
200700041914,0,07,000,00,2,3,01,B01
200700041915,0,02,000,00,2,1,01,A01
200700041915,0,07,000,00,2,6,00,B01
200700041916,0,07,000,02,0,1,01,A01
200700041917,0,33,000,00,2,2,02,A01
200700041917,0,07,000,00,2,3,09,B01
200700041918,0,07,000,00,2,1,01,A01
200700041918,0,33,000,00,2,1,01,B01
200700041919,0,32,000,00,2,1,01,B01
200700041919,0,07,000,00,2,2,01,A01
200700041920,0,02,000,00,0,2,00,A01
200700041921,0,33,000,00,2,3,01,A01
200700041921,0,07,000,00,2,3,01,B01
200700041922,0,10,000,00,2,7,01,A01
200700041922,0,05,000,00,2,9,01,B01
200700041923,0,07,000,00,2,1,01,A01
200700041923,0,07,000,00,2,4,01,B01
200700041924,0,07,000,00,2,1,10,A01
200700041924,0,32,000,00,2,0,01,B01
200700041925,0,02,000,00,2,1,10,A01
200700041925,0,33,000,00,2,8,01,B01
200700041926,0,07,000,00,2,8,02,A01
200700041926,0,02,000,00,2,3,02,B01
200700041927,0,07,000,00,0,0,04,A01
200700041928,0,33,000,00,2,1,01,A01
200700041928,0,07,000,00,2,1,01,B01
200700041929,0,07,000,00,2,4,04,A01
200700041929,0,02,000,00,2,2,01,B01
200700041930,0,07,000,12,2,3,13,A01
200700041930,0,07,000,00,2,3,01,B01
200700041931,0,07,000,00,1,7,01,A01
200700041932,0,30,000,00,2,8,15,B01
200700041932,0,07,000,00,2,1,01,A01
200700041933,0,07,000,00,2,2,01,B01
200700041933,0,07,000,00,2,3,15,A01
200700041934,0,07,000,00,2,3,01,B01
200700041934,0,01,000,00,2,7,15,A01
200700041935,0,33,000,00,2,1,02,A01
200700041935,0,07,000,00,2,4,02,B01
200700041936,0,31,000,02,0,1,01,A01
200700041937,0,32,000,00,2,1,01,B01
200700041937,0,07,000,00,2,3,11,A01
200700041938,0,33,000,06,0,1,01,A01
200700041939,0,99,000,00,2,1,01,B01
200700041939,0,07,000,00,2,1,13,A01
200700041940,0,07,000,00,2,3,01,A01
200700041940,0,07,000,00,2,3,15,B01
200700041941,0,32,000,00,2,1,01,B01
200700041941,0,07,000,00,2,3,15,A01
200700041942,0,02,000,06,0,1,01,A01
200700041943,0,33,000,00,2,1,21,A01
200700041943,0,07,000,00,2,6,01,B01
200700041944,0,07,000,00,2,1,01,A01
200700041944,0,07,000,00,2,7,01,B01
200700041945,0,07,000,03,0,1,10,A01
200700041946,0,07,000,00,2,8,22,A01
200700041946,0,01,000,00,2,1,01,B01
200700041947,0,07,000,00,2,2,15,B01
200700041947,0,07,000,00,2,1,01,A01
200700041948,0,30,000,01,0,1,11,A01
200700041948,0,20,000,00,2,3,23,B01
200700041949,0,07,000,00,1,3,02,A01
200700041950,0,07,000,06,1,1,16,A01
200700041951,0,02,000,15,0,1,01,A01
200700041952,1,07,000,00,1,0,01,A01
200700041953,0,05,000,00,2,1,01,A01
200700041953,0,07,000,00,2,7,16,B01
200700041954,0,05,000,00,2,0,01,A01
200700041954,1,07,000,00,2,0,02,B01
200700041955,0,07,000,00,1,1,01,A01
200700041956,0,10,000,01,0,1,01,A01
200700041957,0,10,000,00,2,1,02,A01
200700041957,0,10,000,00,0,4,23,B01
200700041958,0,10,000,00,2,1,13,A01
200700041958,0,10,000,00,2,3,01,B01
200700041959,0,07,000,00,2,8,10,A01
200700041960,0,33,000,00,0,4,16,A01
200700041961,0,07,000,03,0,7,00,A01
200700041962,0,07,000,00,0,6,01,B01
200700041962,0,33,000,00,2,1,00,A01
200700041963,0,07,000,00,1,2,01,A01
200700041964,0,07,000,00,1,4,00,A01
200700041965,0,07,000,00,0,0,00,B01
200700041965,0,07,000,00,2,1,02,A01
200700041966,0,13,000,00,1,7,02,A01
200700041967,0,07,000,00,2,1,01,A01
200700041967,0,07,000,00,2,4,01,B01
200700041968,0,07,000,00,2,4,02,C01
200700041968,0,07,000,00,2,4,02,B01
200700041968,0,07,000,00,2,1,02,A01
200700041968,0,07,000,00,0,4,02,D01
200700041969,0,07,000,00,0,4,02,B01
200700041969,0,07,000,00,2,1,02,A01
200700041970,0,07,000,00,2,2,00,A01
200700041970,0,07,000,00,2,5,02,B01
200700041971,0,30,000,00,2,1,00,B01
200700041971,0,07,000,00,2,5,15,A01
200700041972,0,31,000,00,2,0,10,A01
200700041972,0,07,000,00,2,2,01,B01
200700041973,0,33,000,00,0,8,01,A01
200700041974,0,07,000,00,1,0,01,A01
200700041975,0,32,000,00,2,1,02,A01
200700041975,0,07,000,00,2,4,01,B01
200700041976,0,32,000,09,0,1,00,A01
200700041977,0,07,000,00,2,1,01,B01
200700041977,1,07,000,00,2,1,05,A01
200700041978,0,07,000,00,1,1,01,A01
200700041979,1,07,000,00,2,8,13,A01
200700041979,0,07,000,00,2,8,01,B01
200700041980,0,07,000,00,2,8,15,A01
200700041980,0,07,000,00,2,1,01,B01
200700041981,0,07,000,03,2,8,09,A01
200700041981,0,17,000,00,2,7,01,B01
200700041982,0,30,000,01,0,1,01,A01
200700041982,0,07,000,00,9,8,22,B01
200700041983,0,07,000,02,0,9,01,A01
200700041984,0,07,000,00,2,1,01,A01
200700041984,0,99,000,00,2,6,15,B01
200700041985,0,07,000,00,0,9,01,A01
200700041986,0,01,000,00,0,0,01,B01
200700041986,0,07,000,00,0,0,15,A01
200700041987,0,02,000,00,2,1,09,A01
200700041987,0,07,000,00,2,3,01,B01
200700041988,0,07,000,00,2,4,16,A01
200700041988,0,01,000,00,2,1,01,B01
200700041989,0,07,000,03,0,1,01,A01
200700041990,0,07,000,11,0,1,13,A01
200700041991,0,01,000,00,1,1,01,A01
200700041992,0,07,000,00,1,6,01,A01
200700041993,0,07,000,02,0,9,01,A01
200700041994,0,30,000,00,0,8,01,A01
200700041995,1,07,000,00,1,0,15,A01
200700041996,0,34,000,00,2,1,01,B01
200700041996,0,07,000,00,2,3,15,A01
200700041997,0,07,000,00,0,0,13,A01
200700041997,0,30,000,00,0,2,21,B01
200700041998,0,07,000,00,2,3,15,A01
200700041998,0,34,000,00,2,1,01,B01
200700041998,0,07,000,00,2,8,23,C01
200700041999,0,30,000,00,1,1,00,A01
200700042000,0,07,000,02,0,2,01,A01
200700042001,0,07,000,00,0,6,10,A01
200700042001,0,33,000,00,2,1,01,B01
200700042002,0,15,000,00,2,2,15,A01
200700042002,0,34,000,00,2,1,01,B01
200700042003,0,02,000,00,2,1,02,A01
200700042003,0,07,000,00,0,4,02,B01
200700042004,0,07,000,00,2,2,15,A01
200700042004,0,07,000,00,2,2,01,B01
200700042005,0,07,000,04,2,6,05,A01
200700042005,0,07,000,11,2,3,06,B01
200700042006,0,15,000,00,1,3,01,A01
200700042007,0,07,000,00,0,1,02,A01
200700042007,0,07,000,00,0,4,02,B01
200700042007,0,07,000,00,0,4,02,C01
200700042008,0,07,000,00,2,1,02,A01
200700042008,0,07,000,00,2,4,02,B01
200700042008,0,07,000,00,2,4,02,C01
200700042009,0,07,000,00,0,0,09,A01
200700042009,0,32,000,00,0,1,17,B01
200700042010,0,07,000,00,0,5,04,A01
200700042010,0,33,000,00,0,1,02,B01
200700042011,0,07,000,00,0,1,02,A01
200700042011,0,07,000,00,0,9,02,B01
200700042011,0,07,000,00,0,4,02,C01
200700042012,0,33,000,02,0,1,00,A01
200700042013,0,07,000,00,2,8,11,A01
200700042013,0,07,000,00,2,8,01,B01
200700042014,0,31,000,00,2,8,02,B01
200700042014,1,07,000,00,2,2,00,A01
200700042015,0,07,000,00,0,0,00,A01
200700042016,0,36,000,06,0,1,01,A01
200700042017,0,07,000,01,2,0,00,A01
200700042017,0,07,000,00,2,0,00,B01
200700042018,1,07,000,00,2,1,01,A01
200700042018,0,07,000,00,2,3,00,B01
200700042019,0,07,000,00,2,1,05,A01
200700042019,0,07,000,00,2,1,01,B01
200700042020,0,07,000,00,2,1,01,A01
200700042020,0,07,000,00,2,4,01,B01
200700042021,0,30,000,00,0,1,00,A01
200700042022,0,07,000,00,2,8,06,A01
200700042022,0,07,000,00,2,8,01,B01
200700042023,0,33,000,00,2,1,01,A01
200700042023,0,07,000,00,2,7,15,B01
200700042024,0,07,000,00,2,1,01,A01
200700042024,0,07,000,00,0,4,23,B01
200700042025,0,07,000,00,0,1,02,A01
200700042025,0,07,000,00,0,4,23,B01
200700042025,0,07,000,00,0,4,23,C01
200700042026,0,07,000,00,0,9,01,A01
200700042027,0,07,000,01,0,5,02,A01
200700042027,0,07,000,00,0,6,00,B01
200700042028,0,07,000,00,1,5,00,A01
200700042029,0,33,000,00,2,1,01,A01
200700042029,0,07,000,00,2,5,01,B01
200700042030,0,33,000,00,2,7,09,A01
200700042030,0,32,000,00,2,8,01,B01
200700042031,0,07,000,00,2,1,02,A01
200700042031,0,07,000,00,0,4,02,B01
200700042032,0,07,000,00,2,3,13,A01
200700042032,0,07,000,00,2,3,23,B01
200700042032,0,07,000,00,2,1,02,C01
200700042033,0,07,000,00,2,1,02,A01
200700042033,0,07,000,00,2,4,02,B01
200700042034,1,30,000,00,0,0,00,A01
200700042035,0,32,000,02,2,7,02,A01
200700042035,0,07,000,00,0,8,15,B01
200700042036,0,33,000,00,2,3,13,A01
200700042036,0,33,000,00,2,3,00,B01
200700042036,1,07,000,00,2,8,21,C01
200700042037,1,30,000,00,0,1,00,A01
200700042038,0,07,000,06,2,8,01,A01
200700042038,1,99,000,00,2,2,15,B01
200700042039,0,30,000,00,0,8,02,A01
200700042040,1,07,000,00,0,1,02,A01
200700042040,0,07,000,00,2,4,01,B01
200700042041,0,33,000,00,2,7,17,A01
200700042041,0,07,000,00,2,3,00,B01
200700042042,0,34,000,00,2,1,02,A01
200700042042,0,07,000,00,2,5,02,B01
200700042043,1,07,000,00,1,8,00,A01
200700042044,0,31,000,00,2,3,02,B01
200700042044,0,07,000,00,2,2,16,A01
200700042045,1,99,000,00,1,0,01,A01
200700042046,0,34,000,00,2,7,17,A01
200700042046,0,07,000,00,2,8,13,B01
200700042047,0,34,000,00,1,2,01,A01
200700042048,0,07,000,00,1,7,16,A01
200700042049,0,33,000,00,0,0,21,A01
200700042050,0,33,000,00,2,1,21,A01
200700042050,0,07,000,00,2,8,01,B01
200700042050,0,33,000,00,0,0,23,C01
200700042051,0,07,000,00,2,7,24,A01
200700042051,0,07,000,00,2,8,01,B01
200700042052,0,07,000,00,2,1,02,A01
200700042052,0,07,000,00,2,1,02,B01
200700042052,0,10,000,00,0,4,02,C01
200700042053,0,07,000,00,1,2,00,A01
200700042054,0,30,000,00,2,1,02,A01
200700042054,1,07,000,00,2,4,02,B01
200700042055,0,30,000,00,0,2,01,B01
200700042055,0,07,000,00,0,3,19,A01
200700042056,0,07,000,00,1,1,16,A01
200700042057,0,07,000,00,2,3,02,A01
200700042057,0,07,000,00,2,5,02,B01
200700042058,0,30,000,00,2,7,01,A01
200700042058,1,07,000,00,2,1,09,B01
200700042059,0,07,000,07,0,1,00,A01
200700042060,0,32,000,00,0,0,01,A01
200700042061,0,07,000,00,9,2,16,A01
200700042061,0,30,000,00,2,1,18,B01
200700042062,0,32,000,00,1,1,01,A01
200700042063,0,07,000,00,2,8,15,A01
200700042063,0,31,000,00,2,7,01,B01
200700042064,0,07,000,00,2,8,15,A01
200700042064,0,02,000,00,2,7,17,B01
200700042065,0,07,000,08,0,2,01,A01
200700042066,0,10,000,00,1,3,00,A01
200700042067,0,07,000,00,2,1,01,B01
200700042067,0,07,000,00,0,3,01,A01
200700042068,0,10,000,00,2,1,02,A01
200700042068,0,10,000,00,2,1,02,B01
200700042068,0,10,000,00,2,4,02,C01
200700042069,0,30,000,00,2,8,09,B01
200700042069,0,07,000,00,9,3,01,A01
200700042070,0,07,000,00,2,3,02,A01
200700042070,0,07,000,00,2,4,23,B01
200700042071,0,07,000,00,2,3,15,A01
200700042071,0,30,000,00,2,2,15,B01
200700042072,0,07,000,00,2,4,01,A01
200700042072,0,07,000,00,2,4,01,B01
200700042072,0,07,000,00,2,4,01,C01
200700042073,0,32,000,00,2,1,01,B01
200700042073,0,07,000,00,2,3,15,A01
200700042074,2,10,000,01,1,1,02,A01
200700042075,1,07,000,00,2,1,02,A01
200700042075,0,30,000,00,0,4,02,B01
200700042076,0,30,000,00,0,7,01,A01
200700042077,0,02,000,00,2,0,01,A01
200700042078,0,33,000,00,2,1,01,B01
200700042078,0,99,000,00,0,2,15,A01
200700042079,0,07,000,00,0,3,19,A01
200700042079,0,30,000,00,0,7,01,B01
200700042080,0,02,000,00,0,0,00,A01
200700042081,0,33,000,00,2,1,16,A01
200700042081,0,07,000,00,0,4,16,B01
200700042082,0,32,000,00,1,1,01,A01
200700042083,0,33,000,00,2,0,00,A01
200700042083,0,07,000,00,0,6,01,B01
200700042083,0,17,000,00,0,0,01,C01
200700042084,0,07,000,00,0,1,12,A01
200700042084,0,01,000,00,2,7,00,B01
200700042085,0,07,000,00,2,2,15,A01
200700042085,0,32,000,00,2,1,01,B01
200700042086,0,07,000,00,2,1,02,A01
200700042086,0,34,000,00,2,4,02,B01
200700042087,0,07,000,00,0,7,22,A01
200700042087,0,33,000,14,0,1,18,B01
200700042088,0,07,000,00,1,3,01,A01
200700042089,0,07,000,00,0,0,00,A01
200700042089,0,33,000,00,0,0,00,B01
200700042090,0,07,000,00,2,2,00,A01
200700042090,0,07,000,00,2,6,00,B01
200700042091,0,07,000,00,2,1,02,A01
200700042091,0,07,000,00,0,4,02,B01
200700042092,0,07,000,00,2,3,01,A01
200700042092,0,37,002,00,2,8,00,B01
200700042093,0,07,000,00,2,3,00,B01
200700042093,0,07,000,00,2,1,00,A01
200700042094,0,07,000,06,2,2,01,A01
200700042094,0,07,000,00,2,3,15,B01
200700042095,0,32,000,12,0,1,01,A01
200700042096,0,30,000,00,2,1,01,A01
200700042096,0,07,000,00,2,4,23,B01
200700042097,0,07,000,00,2,3,09,A01
200700042097,0,30,000,00,2,7,01,B01
200700042098,0,33,000,06,0,1,13,A01
200700042099,0,02,000,00,2,1,17,A01
200700042099,0,07,000,00,9,8,15,B01
200700042100,0,07,000,06,0,1,01,A01
200700042101,0,07,000,00,1,3,01,A01
200700042102,0,02,000,00,1,0,02,A01
200700042103,0,07,000,00,2,1,02,A01
200700042103,0,07,000,00,2,4,02,B01
200700042104,0,02,000,00,0,0,00,A01
200700042105,0,32,000,00,0,0,01,A01
200700042106,0,07,000,00,1,1,01,A01
200700042107,0,07,000,00,2,2,10,A01
200700042107,0,34,000,00,2,1,02,B01
200700042108,0,33,000,00,2,1,01,A01
200700042108,0,07,000,00,2,3,15,B01
200700042109,0,32,000,00,0,0,02,A01
200700042110,0,07,000,00,2,3,02,A01
200700042110,0,07,000,00,2,6,15,B01
200700042111,0,07,000,00,1,6,04,A01
200700042112,0,33,000,00,2,5,01,A01
200700042112,0,07,000,00,2,6,15,B01
200700042113,0,30,000,00,0,2,01,A01
200700042114,0,07,000,00,0,4,01,A01
200700042114,2,07,000,00,0,1,00,B01
200700042115,0,07,000,00,0,4,02,A01
200700042115,0,07,000,00,0,4,02,B01
200700042115,0,07,000,00,0,4,02,C01
200700042116,0,07,000,00,2,3,00,A01
200700042116,0,32,000,00,2,1,00,B01
200700042117,0,30,000,00,0,0,00,A01
200700042118,0,30,000,04,0,8,02,A01
200700042119,0,07,000,00,0,6,15,A01
200700042119,0,32,000,00,2,1,17,B01
200700042120,0,07,000,00,2,3,09,A01
200700042120,0,07,000,00,2,1,01,B01
200700042121,0,07,000,00,0,2,02,A01
200700042122,0,34,000,00,1,1,01,A01
200700042123,0,10,000,00,1,1,01,A01
200700042124,0,07,000,00,2,8,17,A01
200700042124,0,30,000,00,2,7,17,B01
200700042125,0,07,000,00,0,5,04,A01
200700042125,0,32,000,00,0,1,02,B01
200700042126,0,33,000,00,2,1,01,A01
200700042126,0,07,000,00,2,2,00,B01
200700042127,0,34,000,00,2,1,00,A01
200700042127,0,07,000,00,2,8,00,B01
200700042128,0,34,000,00,2,1,02,A01
200700042128,0,07,000,00,2,4,02,B01
200700042129,0,07,000,00,2,1,02,A01
200700042129,0,07,000,00,0,4,02,B01
200700042130,0,07,000,00,2,1,02,A01
200700042130,0,07,000,00,0,4,15,B01
200700042131,0,02,000,00,2,8,01,A01
200700042131,0,07,000,00,0,2,01,B01
200700042132,0,02,000,00,2,1,02,A01
200700042132,0,07,000,00,0,5,01,B01
200700042133,0,34,000,00,2,8,08,A01
200700042133,0,37,000,00,2,5,15,B01
200700042134,0,30,000,00,2,8,02,B01
200700042134,1,07,000,00,0,0,00,A01
200700042135,0,02,000,00,0,8,00,A01
200700042136,0,07,000,00,2,7,15,A01
200700042136,0,07,000,00,2,8,16,B01
200700042137,0,30,000,00,2,1,01,A01
200700042137,0,07,000,00,2,4,01,B01
200700042138,0,07,000,00,0,0,00,A01
200700042139,0,07,000,00,9,6,19,A01
200700042139,0,33,000,00,2,3,02,B01
200700042140,0,07,000,00,1,0,00,A01
200700042141,0,31,000,00,2,2,01,A01
200700042141,0,07,000,00,2,3,00,B01
200700042142,0,32,000,00,2,2,02,A01
200700042142,0,07,000,00,2,2,02,B01
200700042143,0,10,000,00,2,3,02,A01
200700042143,0,07,000,01,2,3,02,B01
200700042144,0,30,000,00,2,5,16,B01
200700042144,0,07,000,00,2,1,01,A01
200700042145,0,30,000,00,0,0,00,A01
200700042146,0,32,000,00,0,3,01,A01
200700042147,0,07,000,00,2,1,02,A01
200700042147,0,07,000,00,2,9,02,B01
200700042147,0,07,000,00,2,9,02,C01
200700042147,0,07,000,00,2,4,02,D01
200700042148,0,30,000,00,1,1,17,A01
200700042149,0,07,000,00,2,7,16,A01
200700042149,0,34,000,00,2,1,02,B01
200700042150,0,30,000,00,2,1,17,A01
200700042150,0,07,000,00,2,3,15,B01
200700042151,0,07,000,00,2,2,01,A01
200700042151,0,30,000,00,2,0,02,B01
200700042152,0,30,000,00,2,0,01,A01
200700042152,0,30,000,00,2,0,01,B01
200700042153,0,07,000,00,2,1,02,A01
200700042153,0,32,000,00,2,9,23,B01
200700042153,0,07,000,00,2,4,23,C01
200700042154,0,31,000,00,2,1,05,A01
200700042154,0,07,000,00,2,8,15,B01
200700042155,0,07,000,00,1,1,01,A01
200700042156,0,07,000,00,0,4,02,A01
200700042156,0,07,000,00,2,1,02,B01
200700042157,1,99,000,00,0,0,15,A01
200700042157,0,31,000,00,0,0,02,B01
200700042158,0,07,000,00,1,6,04,A01
200700042159,0,07,000,00,1,0,01,A01
200700042160,0,33,000,00,2,1,00,B01
200700042160,0,07,000,00,2,3,00,A01
200700042161,0,07,000,00,0,3,01,B01
200700042161,0,32,000,00,2,8,17,A01
200700042162,0,07,000,00,1,1,00,A01
200700042163,0,07,000,08,0,1,16,A01
200700042164,0,10,000,00,1,4,04,A01
200700042165,0,07,000,00,2,4,02,B01
200700042165,0,07,000,00,2,1,02,A01
200700042166,0,32,000,00,2,2,01,B01
200700042166,0,07,000,00,2,5,12,A01
200700042167,0,32,000,00,2,1,18,A01
200700042167,0,07,000,00,2,2,15,B01
200700042168,0,07,000,00,1,1,02,A01
200700042169,0,32,000,00,9,8,01,B01
200700042169,0,07,000,00,0,0,15,A01
200700042170,0,07,000,00,2,1,01,B01
200700042170,0,30,000,00,2,8,01,A01
200700042171,0,07,000,00,2,0,00,B01
200700042171,0,02,000,00,2,0,00,A01
200700042172,1,99,000,00,0,0,00,A01
200700042173,0,07,000,00,0,0,00,B01
200700042173,0,07,000,00,0,0,00,A01
200700042174,0,07,000,00,2,4,02,B01
200700042174,0,33,000,00,2,1,02,A01
200700042175,0,33,000,00,2,1,17,B01
200700042175,0,07,000,00,2,8,15,A01
200700042176,0,30,000,00,2,1,01,B01
200700042176,0,07,000,00,2,3,11,A01
200700042177,0,07,000,00,0,2,00,A01
200700042178,0,07,000,00,2,3,15,B01
200700042178,0,33,000,00,2,1,17,A01
200700042179,0,07,000,00,2,1,02,B01
200700042179,0,07,000,00,2,2,15,A01
200700042180,1,99,000,00,9,0,05,A01
200700042180,0,02,000,00,2,8,01,B01
200700042181,0,07,000,00,2,8,00,B01
200700042181,0,30,000,00,2,1,01,A01
200700042182,0,07,000,00,2,4,23,B01
200700042182,0,30,000,00,2,1,02,A01
200700042183,0,33,000,00,2,1,02,B01
200700042183,0,07,000,00,0,6,00,A01
200700042184,0,07,000,00,2,8,13,B01
200700042184,0,33,000,00,2,1,03,A01
200700042185,1,32,000,00,1,0,00,A01
200700042186,1,07,000,00,0,0,00,A01
200700042187,0,07,000,00,1,2,02,A01
200700042188,1,07,000,00,1,3,01,A01
200700042189,1,07,000,00,2,1,00,C01
200700042189,0,07,000,00,2,4,23,B01
200700042189,0,07,000,00,2,4,23,A01
200700042190,0,07,000,00,2,1,02,A01
200700042190,0,07,000,00,0,4,23,B01
200700042191,0,07,000,00,9,7,16,A01
200700042191,0,01,000,00,2,3,15,B01
200700042192,0,07,000,00,2,1,00,A01
200700042192,0,07,000,00,2,4,00,B01
200700042193,0,30,000,00,2,1,21,A01
200700042193,0,07,000,00,2,8,01,B01
200700042194,0,07,000,00,2,1,02,A01
200700042194,0,07,000,06,2,9,16,B01
200700042195,0,07,000,00,0,0,13,A01
200700042195,0,32,000,00,2,7,01,B01
200700042196,1,07,000,01,0,0,00,A01
200700042196,0,07,000,00,2,4,23,B01
200700042197,0,02,000,11,0,1,17,A01
200700042198,0,33,000,00,2,1,01,A01
200700042198,0,07,000,00,2,0,00,B01
200700042199,0,07,000,00,2,1,02,A01
200700042199,0,07,000,00,2,4,02,B01
200700042200,0,20,000,15,0,8,14,A01
200700042201,0,33,000,14,0,1,01,A01
200700042201,0,37,000,00,0,4,23,B01
200700042202,0,07,000,00,2,3,21,A01
200700042202,0,07,000,00,2,2,09,B01
200700042203,0,07,000,00,1,7,01,A01
200700042204,0,07,000,00,1,2,01,A01
200700042205,0,07,000,00,2,3,15,A01
200700042205,0,02,000,00,2,7,15,B01
200700042206,0,07,000,00,1,1,01,A01
200700042207,0,07,000,00,2,4,04,A01
200700042207,0,30,000,00,2,1,02,B01
200700042208,0,07,000,00,1,1,02,A01
200700042209,0,07,000,00,2,2,03,A01
200700042209,0,07,000,14,2,3,11,B01
200700042210,0,07,000,00,2,1,02,A01
200700042210,0,07,000,00,2,4,02,B01
200700042211,0,02,000,00,2,1,18,A01
200700042211,0,07,000,00,2,5,13,B01
200700042212,0,34,000,14,0,8,01,A01
200700042213,0,07,000,00,2,3,15,A01
200700042213,0,32,000,00,2,1,01,B01
200700042214,0,07,000,00,2,8,15,A01
200700042214,0,31,000,00,2,8,01,B01
200700042215,0,32,000,00,2,8,18,A01
200700042215,0,10,000,00,2,2,16,B01
200700042216,0,07,000,00,2,0,01,A01
200700042216,0,32,000,00,2,8,15,B01
200700042217,0,33,000,00,2,7,01,B01
200700042217,0,07,000,00,2,8,15,A01
200700042218,0,10,000,00,0,2,12,A01
200700042218,0,14,000,00,0,3,02,B01
200700042219,0,07,000,00,0,8,15,A01
200700042219,0,30,000,00,2,1,17,B01
200700042220,0,07,000,00,2,1,19,A01
200700042220,0,34,000,00,2,7,01,B01
200700042221,0,07,000,00,2,3,02,A01
200700042221,0,07,000,00,0,0,02,B01
200700042222,0,30,000,00,2,2,01,A01
200700042222,0,07,000,00,2,1,01,B01
200700042223,0,33,000,00,0,0,01,A01
200700042224,0,07,000,00,2,8,11,A01
200700042224,0,32,000,00,2,1,01,B01
200700042225,0,34,000,00,2,1,13,A01
200700042225,0,07,000,00,2,2,16,B01
200700042226,0,07,000,00,2,2,01,A01
200700042226,0,07,000,00,2,2,15,B01
200700042227,0,32,000,00,2,8,16,A01
200700042227,0,07,000,00,2,7,01,B01
200700042228,0,07,000,00,2,1,01,A01
200700042228,0,07,000,00,2,7,01,B01
200700042229,0,07,000,00,2,2,00,A01
200700042229,0,33,000,00,2,8,00,B01
200700042230,0,03,000,00,2,3,10,A01
200700042230,0,34,000,00,2,1,21,B01
200700042231,0,07,000,00,2,7,16,A01
200700042231,0,37,000,00,0,8,00,B01
200700042232,0,07,000,00,0,0,00,B01
200700042232,1,07,000,00,0,0,00,A01
200700042233,0,07,000,00,2,1,01,A01
200700042233,0,07,000,00,2,4,01,B01
200700042234,0,07,000,00,9,1,01,A01
200700042234,0,01,000,00,2,0,09,B01
200700042235,1,07,000,00,0,0,00,A01
200700042236,0,32,000,00,0,0,00,A01
200700042236,0,07,000,00,0,0,00,B01
200700042237,0,07,000,00,2,3,15,A01
200700042237,0,30,000,00,2,1,01,B01
200700042238,0,07,000,00,0,8,15,A01
200700042238,0,30,000,00,0,1,01,B01
200700042239,0,07,000,06,0,0,00,A01
200700042240,0,07,000,00,2,1,01,A01
200700042240,0,07,000,00,2,1,01,B01
200700042241,0,07,000,00,2,7,16,A01
200700042241,0,07,000,00,2,3,01,B01
200700042242,0,07,000,00,2,1,00,A01
200700042242,0,07,000,00,0,0,01,B01
200700042243,0,07,000,14,0,1,01,A01
200700042244,0,07,000,00,2,7,09,A01
200700042244,0,07,000,00,2,1,01,B01
200700042245,0,07,000,00,2,3,01,B01
200700042245,0,07,000,00,2,3,15,A01
200700042246,0,30,000,00,0,0,00,A01
200700042247,0,07,000,00,2,5,02,B01
200700042247,0,07,000,00,2,1,01,A01
200700042248,0,30,000,00,0,0,02,B01
200700042248,0,07,000,00,9,5,01,A01
200700042249,0,07,000,00,0,3,02,A01
200700042250,0,07,000,00,2,2,00,A01
200700042250,0,07,000,00,2,3,00,B01
200700042251,0,07,000,00,2,8,15,A01
200700042251,0,31,000,00,2,1,01,B01
200700042252,0,07,000,00,0,0,15,B01
200700042252,0,31,000,00,2,1,17,A01
200700042253,0,07,000,00,2,7,01,A01
200700042253,0,30,000,00,2,8,01,B01
200700042254,0,07,000,00,2,1,02,A01
200700042254,0,17,000,00,2,6,01,B01
200700042255,0,07,000,00,2,2,19,A01
200700042255,0,07,000,00,2,8,23,C01
200700042255,0,07,000,14,2,9,01,B01
200700042255,0,07,000,00,2,3,23,E01
200700042255,0,07,000,00,2,8,23,D01
200700042256,0,33,000,00,1,7,17,A01
200700042257,0,07,000,08,0,1,01,A01
200700042258,0,07,000,04,0,1,13,A01
200700042259,0,01,000,00,2,1,01,B01
200700042259,0,10,000,00,2,1,15,A01
200700042260,0,15,000,00,0,8,01,B01
200700042260,0,07,000,00,2,2,14,A01
200700042261,0,01,000,00,2,1,16,A01
200700042261,0,07,000,00,2,1,01,B01
200700042262,0,07,000,04,2,2,02,C01
200700042262,0,10,000,00,2,4,02,B01
200700042262,0,07,000,00,2,1,02,A01
200700042263,0,07,000,14,0,9,01,A01
200700042264,0,07,000,00,2,4,01,B01
200700042264,0,07,000,00,2,1,01,A01
200700042265,0,17,000,02,0,1,01,A01
200700042266,0,30,000,08,0,1,00,A01
200700042267,0,17,000,13,0,9,01,A01
200700042268,0,07,000,00,0,3,24,B01
200700042268,0,37,001,01,0,2,01,A01
200700042269,0,17,000,08,0,4,14,A01
200700042270,0,33,000,02,0,0,02,A01
200700042271,0,07,000,00,2,7,06,A01
200700042271,0,07,000,00,2,1,01,B01
200700042272,0,07,000,00,0,9,00,A01
200700042273,0,07,000,00,2,4,02,B01
200700042273,0,07,000,00,0,4,02,C01
200700042273,0,07,000,00,2,2,02,A01
200700042274,0,07,000,00,2,3,02,A01
200700042274,0,07,000,00,2,2,15,B01
200700042275,0,33,000,00,0,0,01,A01
200700042276,0,33,000,00,2,0,02,A01