Num_Acc,senc,catv,occutc,obs,obsm,choc,manv,num_veh
200700042276,0,07,000,00,0,4,02,B01
200700042277,0,07,000,13,9,3,01,A01
200700042278,0,07,000,00,1,3,02,A01
200700042279,0,07,000,00,2,1,02,A01
200700042279,0,07,000,00,0,4,02,B01
200700042280,0,07,000,00,1,4,04,A01
200700042281,0,07,000,00,2,1,02,A01
200700042281,0,07,000,00,0,4,02,B01
200700042282,0,07,000,00,2,1,02,A01
200700042282,0,07,000,00,0,4,02,B01
200700042283,0,14,000,00,2,2,12,A01
200700042283,0,07,000,00,0,6,01,B01
200700042284,0,07,000,00,2,3,02,A01
200700042284,0,07,000,00,2,5,02,B01
200700042284,0,07,000,00,0,0,02,C01
200700042285,0,33,000,00,2,1,14,A01
200700042285,0,07,000,00,2,3,01,B01
200700042286,0,07,000,00,2,2,01,A01
200700042286,0,38,003,00,2,8,09,B01
200700042286,0,07,000,00,2,3,01,C01
200700042287,0,07,000,13,2,7,05,A01
200700042287,0,07,000,00,2,1,01,B01
200700042288,0,07,000,00,2,1,00,A01
200700042288,0,07,000,00,2,1,00,B01
200700042289,0,07,000,00,2,3,00,A01
200700042289,0,31,000,00,2,8,00,B01
200700042290,0,07,000,00,2,8,13,A01
200700042290,0,07,000,00,2,2,01,B01
200700042290,0,33,000,00,2,1,02,C01
200700042291,0,07,000,00,0,1,02,A01
200700042291,0,07,000,00,0,4,02,B01
200700042291,0,07,000,00,0,4,23,C01
200700042292,0,07,000,00,2,2,15,B01
200700042292,0,02,000,00,2,1,01,A01
200700042293,0,07,000,00,2,6,13,A01
200700042293,0,10,000,00,2,2,01,B01
200700042294,0,34,000,00,2,1,15,B01
200700042294,0,07,000,00,2,2,15,A01
200700042295,0,07,000,13,0,3,00,A01
200700042296,0,33,000,00,2,1,17,A01
200700042296,0,33,000,00,2,8,15,B01
200700042297,0,07,000,00,1,2,01,A01
200700042298,0,02,000,03,0,1,13,A01
200700042299,0,30,000,00,2,7,01,A01
200700042299,1,07,000,00,0,0,00,X01
200700042300,0,14,000,00,2,1,01,A01
200700042300,0,13,000,00,2,3,15,B01
200700042301,0,07,000,00,2,3,10,A01
200700042301,0,33,000,00,0,8,01,B01
200700042302,0,10,000,00,2,5,15,A01
200700042302,0,02,000,00,2,1,01,B01
200700042303,0,34,000,00,0,1,01,B01
200700042303,0,07,000,00,2,3,15,A01
200700042304,0,07,000,00,2,0,17,A01
200700042304,0,01,000,00,2,0,01,B01
200700042305,0,07,000,00,1,1,01,A01
200700042306,0,01,000,00,0,4,01,A01
200700042306,1,99,000,00,2,0,15,X01
200700042307,0,02,000,12,0,1,14,A01
200700042308,0,07,000,00,2,1,01,A01
200700042308,0,30,000,00,0,7,00,B01
200700042309,0,07,000,00,9,2,15,A01
200700042309,0,01,000,00,2,1,01,B01
200700042310,0,30,000,00,2,7,19,B01
200700042310,0,07,000,00,2,3,09,A01
200700042311,0,07,000,00,2,1,01,A01
200700042311,0,07,000,00,2,1,01,B01
200700042312,0,07,000,00,2,3,01,A01
200700042312,0,34,000,00,2,1,01,B01
200700042313,0,02,000,00,2,2,01,A01
200700042313,0,07,000,00,2,3,09,B01
200700042314,0,07,000,00,9,1,01,A01
200700042315,0,02,000,00,2,1,01,B01
200700042315,0,07,000,00,2,3,15,A01
200700042316,0,30,000,06,0,1,19,A01
200700042317,0,02,000,00,2,1,02,A01
200700042317,0,07,000,00,2,4,02,B01
200700042318,0,33,000,14,0,7,01,A01
200700042319,0,31,000,00,0,3,21,A01
200700042320,0,07,000,01,0,1,02,A01
200700042321,0,07,000,00,2,1,02,A01
200700042321,0,07,000,00,2,4,02,B01
200700042322,0,07,000,00,2,2,17,A01
200700042322,0,01,000,00,2,3,15,B01
200700042323,0,99,000,00,0,1,01,A01
200700042324,0,02,000,00,0,0,01,A01
200700042325,0,15,000,00,2,7,12,A01
200700042325,0,07,000,00,2,8,01,B01
200700042326,0,07,000,00,1,2,01,A01
200700042327,0,07,000,00,2,1,01,A01
200700042327,0,07,000,00,2,5,01,B01
200700042328,0,31,000,00,0,7,01,A01
200700042329,0,10,000,00,2,3,01,A01
200700042329,0,14,000,00,2,3,01,B01
200700042330,0,07,000,00,1,1,01,A01
200700042331,0,30,000,00,0,8,15,A01
200700042332,0,07,000,00,2,3,17,A01
200700042332,0,33,000,00,2,7,17,B01
200700042333,0,07,000,00,2,1,01,A01
200700042333,0,07,000,00,2,8,15,B01
200700042334,0,02,000,00,1,1,01,B01
200700042335,0,07,000,00,2,1,09,A01
200700042335,0,01,000,00,2,8,01,B01
200700042336,0,07,000,00,2,3,01,A01
200700042336,0,30,000,00,2,1,01,B01
200700042337,0,33,000,00,2,8,01,A01
200700042337,0,07,000,00,2,3,01,B01
200700042338,0,07,000,00,2,2,01,A01
200700042338,0,31,000,00,2,1,01,B01
200700042339,0,07,000,00,2,1,01,A01
200700042339,0,01,000,00,2,3,19,B01
200700042340,0,07,000,00,2,1,01,A01
200700042340,0,02,000,00,2,1,01,B01
200700042341,0,07,000,00,2,1,01,A01
200700042341,0,07,000,00,2,4,01,B01
200700042341,0,07,000,00,2,4,01,C01
200700042342,0,07,000,00,2,3,01,A01
200700042342,0,01,000,00,2,8,15,B01
200700042343,0,07,000,00,1,2,17,B01
200700042344,0,07,000,00,2,6,15,A01
200700042344,0,33,000,00,2,1,01,B01
200700042345,0,07,000,11,0,1,01,A01
200700042346,0,02,000,00,2,1,01,A01
200700042346,0,37,001,00,2,3,01,B01
200700042347,0,07,000,00,2,3,15,A01
200700042347,0,30,000,00,2,8,17,B01
200700042348,0,01,000,12,0,0,01,A01
200700042349,0,07,000,00,2,2,01,A01
200700042349,0,30,000,00,2,1,15,B01
200700042350,0,07,000,00,2,8,10,A01
200700042350,0,31,000,00,2,1,01,B01
200700042351,0,07,000,00,2,7,01,B01
200700042351,0,07,000,00,2,1,09,A01
200700042352,0,07,000,00,2,1,16,A01
200700042352,0,07,000,08,0,1,14,B01
200700042353,0,07,000,00,1,1,01,A01
200700042354,0,01,000,00,2,1,01,A01
200700042354,0,07,000,00,2,4,01,B01
200700042355,0,07,000,00,2,8,22,A01
200700042355,0,01,000,01,0,1,01,B01
200700042356,0,07,000,01,2,1,02,A01
200700042356,0,07,000,01,2,4,23,B01
200700042357,0,02,000,00,0,7,01,A01
200700042358,0,14,000,00,2,1,01,A01
200700042358,0,07,000,00,2,4,23,B01
200700042358,0,07,000,00,2,4,23,C01
200700042359,0,07,000,00,2,5,09,A01
200700042359,0,07,000,00,2,1,01,B01
200700042360,0,10,000,00,2,2,15,A01
200700042360,0,07,000,00,2,1,01,B01
200700042361,0,30,000,00,0,0,00,A01
200700042362,0,33,000,14,0,1,01,A01
200700042362,0,07,000,00,0,4,01,B01
200700042363,0,07,000,00,0,1,01,A01
200700042363,0,07,000,00,2,1,00,B01
200700042363,0,07,000,00,2,4,01,C01
200700042364,0,07,000,00,2,1,01,A01
200700042364,0,07,000,00,2,8,15,B01
200700042365,0,02,000,00,1,0,00,A01
200700042366,0,99,000,00,2,3,01,B01
200700042366,0,07,000,00,2,9,00,A01
200700042367,0,01,000,00,2,5,00,A01
200700042367,1,10,000,00,0,0,00,B01
200700042368,0,07,000,00,2,0,00,B01
200700042368,0,07,000,00,2,0,00,A01
200700042369,0,02,000,00,2,0,00,A01
200700042369,0,07,000,00,2,0,15,B01
200700042370,0,07,000,00,2,6,01,A01
200700042370,0,30,000,00,2,1,01,B01
200700042371,0,07,000,00,2,1,13,A01
200700042371,0,07,000,00,2,1,01,B01
200700042372,0,07,000,00,2,3,15,A01
200700042372,0,33,000,00,2,1,10,B01
200700042373,0,30,000,00,0,0,01,A01
200700042374,0,07,000,00,2,3,09,A01
200700042374,0,31,000,00,2,1,01,B01
200700042375,0,07,000,00,2,2,09,A01
200700042375,0,07,000,00,2,3,01,B01
200700042376,0,99,000,00,0,1,01,A01
200700042377,0,30,000,00,2,1,17,A01
200700042377,0,07,000,00,2,8,20,B01
200700042378,0,30,000,00,1,0,00,A01
200700042378,0,07,000,00,2,0,00,B01
200700042379,0,01,000,00,0,0,01,A01
200700042380,0,07,000,00,2,1,13,A01
200700042380,0,07,000,00,2,1,01,B01
200700042381,0,07,000,06,0,1,01,A01
200700042382,0,02,000,00,0,0,01,A01
200700042383,0,07,000,00,1,4,20,A01
200700042384,0,02,000,00,0,7,16,A01
200700042385,0,07,000,00,9,2,02,A01
200700042385,0,01,000,00,2,1,01,B01
200700042386,0,07,000,00,2,7,17,A01
200700042386,0,01,000,00,2,1,15,B01
200700042387,0,02,000,00,0,1,01,A01
200700042388,0,02,000,00,0,8,01,A01
200700042389,0,07,000,06,0,1,21,A01
200700042390,0,07,000,00,2,8,06,A01
200700042390,0,15,000,00,2,7,01,B01
200700042391,0,30,000,00,0,0,01,A01
200700042392,0,07,000,00,2,2,01,B01
200700042392,0,02,000,00,2,1,19,A01
200700042393,0,07,000,09,0,1,01,A01
200700042394,0,07,000,00,1,1,01,A01
200700042395,0,01,000,00,1,1,19,A01
200700042395,0,07,000,00,9,1,01,B01
200700042396,0,33,000,00,2,3,01,B01
200700042396,0,07,000,00,2,3,15,A01
200700042397,0,07,000,00,1,3,02,A01
200700042398,0,07,000,00,9,7,01,A01
200700042398,0,01,000,00,9,7,01,B01
200700042399,0,14,000,00,2,3,01,A01
200700042399,0,07,000,00,2,2,15,B01
200700042400,0,07,000,00,0,3,01,B01
200700042400,0,07,000,00,2,1,16,A01
200700042401,0,07,000,02,0,8,00,A01
200700042402,0,02,000,00,2,0,01,A01
200700042403,0,07,000,15,0,1,01,A01
200700042404,1,07,000,00,2,3,09,A01
200700042404,0,33,000,15,2,7,01,B01
200700042405,0,07,000,00,2,1,01,A01
200700042405,0,07,000,00,2,4,01,C01
200700042405,0,07,000,00,2,1,01,B01
200700042406,0,07,000,00,2,3,01,A01
200700042406,0,07,000,00,2,2,01,B01
200700042407,0,07,000,00,2,8,13,A01
200700042407,0,07,000,00,2,8,01,B01
200700042408,0,07,000,00,2,5,15,A01
200700042408,0,33,000,00,2,1,01,B01
200700042408,0,07,000,00,2,3,23,C01
200700042409,0,07,000,00,2,2,15,A01
200700042409,0,02,000,00,2,1,01,B01
200700042410,0,07,000,00,1,1,01,A01
200700042411,0,07,000,00,2,3,09,A01
200700042411,0,07,000,00,2,1,17,B01
200700042412,0,07,000,13,0,2,01,A01
200700042413,0,07,000,00,2,1,15,A01
200700042413,0,07,000,00,2,1,01,B01
200700042414,0,30,000,00,2,8,09,A01
200700042414,0,30,000,00,2,1,01,B01
200700042415,0,07,000,00,0,1,02,A01
200700042415,0,10,000,14,2,1,02,B01
200700042415,0,07,000,00,0,4,02,C01
200700042416,0,02,000,00,2,1,01,B01
200700042416,0,07,000,00,2,8,01,A01
200700042417,0,07,000,00,2,1,09,A01
200700042417,0,02,000,00,2,7,01,B01
200700042418,0,07,000,00,2,1,01,A01
200700042418,0,07,000,00,2,1,01,B01
200700042419,0,07,000,00,2,5,19,A01
200700042419,0,01,000,00,2,1,01,B01
200700042420,0,07,000,00,2,6,04,A01
200700042420,0,02,000,00,2,1,01,B01
200700042421,1,01,000,00,2,3,00,B01
200700042421,0,01,000,00,2,1,01,A01
200700042422,0,07,000,00,2,1,13,A01
200700042422,0,07,000,00,2,1,23,B01
200700042422,0,07,000,00,2,1,23,C01
200700042422,0,10,000,00,2,1,23,D01
200700042423,0,31,000,00,2,1,02,A01
200700042423,0,07,000,00,2,4,23,B01
200700042424,0,02,000,00,2,1,01,A01
200700042424,0,07,000,00,2,3,01,B01
200700042425,0,07,000,00,1,2,15,A01
200700042426,0,02,000,00,2,1,02,A01
200700042426,0,07,000,00,2,3,20,B01
200700042427,0,33,000,00,2,2,17,A01
200700042427,0,07,000,00,2,3,15,B01
200700042428,0,07,000,00,2,1,01,B01
200700042428,0,07,000,00,2,2,01,A01
200700042429,0,07,000,00,2,1,01,B01
200700042429,0,07,000,00,2,3,01,A01
200700042430,0,02,000,00,2,1,15,A01
200700042430,0,07,000,00,2,3,01,B01
200700042431,0,10,000,00,2,1,02,A01
200700042431,0,07,000,00,2,4,23,B01
200700042432,0,02,000,00,1,3,01,A01
200700042433,0,07,000,00,2,2,01,A01
200700042433,0,01,000,00,2,1,19,B01
200700042434,0,02,000,07,0,1,17,A01
200700042435,0,01,000,00,2,3,02,A01
200700042435,0,10,000,00,2,5,01,B01
200700042436,0,07,000,00,1,1,15,A01
200700042437,0,10,000,00,2,2,01,A01
200700042437,0,33,000,00,2,3,01,B01
200700042438,0,07,000,04,2,1,02,A01
200700042438,0,33,000,00,2,4,01,B01
200700042439,1,07,000,00,2,2,15,A01
200700042439,0,33,000,00,2,1,01,B01
200700042440,0,07,000,00,1,2,01,A01
200700042441,0,07,000,00,1,3,15,A01
200700042441,0,10,000,07,2,1,01,B01
200700042442,0,07,000,00,2,8,01,B01
200700042442,0,07,000,00,2,2,01,A01
200700042443,0,07,000,14,1,3,01,A01
200700042444,0,02,000,00,2,1,01,B01
200700042444,0,07,000,00,2,3,01,A01
200700042445,0,02,000,00,2,1,01,A01
200700042445,0,07,000,00,2,4,16,B01
200700042446,0,10,000,00,1,5,04,A01
200700042447,0,07,000,01,0,1,01,A01
200700042448,0,07,000,00,2,3,01,B01
200700042448,0,02,000,00,2,1,01,A01
200700042449,0,07,000,00,2,7,15,A01
200700042449,0,02,000,00,2,3,01,B01
200700042450,0,31,000,00,2,7,03,A01
200700042450,0,07,000,00,2,1,15,B01
200700042451,0,02,000,02,2,1,01,A01
200700042451,0,07,000,00,2,2,16,B01
200700042452,0,33,000,00,0,1,06,A01
200700042453,0,07,000,00,1,3,01,A01
200700042453,0,07,000,00,2,1,15,B01
200700042454,0,02,000,00,2,1,17,A01
200700042454,0,07,000,00,2,8,15,B01
200700042455,0,02,000,00,0,0,14,A01
200700042455,1,07,000,00,0,0,17,B01
200700042456,0,14,000,00,2,2,12,A01
200700042456,0,07,000,04,2,6,01,B01
200700042457,0,07,000,00,2,7,21,B01
200700042457,0,30,000,00,2,1,05,A01
200700042458,0,33,000,00,0,0,21,A01
200700042459,0,07,000,00,2,3,15,A01
200700042459,0,30,000,01,2,1,17,B01
200700042460,0,07,000,00,2,3,01,A01
200700042460,0,02,000,00,2,1,15,B01
200700042461,0,02,000,14,0,1,01,A01
200700042462,0,10,000,00,1,4,04,A01
200700042463,2,07,000,03,0,3,16,A01
200700042464,0,17,000,00,2,1,01,A01
200700042464,0,10,000,00,2,1,01,B01
200700042465,0,07,000,00,2,3,01,A01
200700042465,0,02,000,00,2,7,01,B01
200700042466,0,07,000,00,1,1,16,A01
200700042467,0,10,000,00,2,1,01,A01
200700042467,0,10,000,00,2,4,01,B01
200700042467,0,07,000,00,2,4,20,C01
200700042468,0,07,000,00,2,1,02,A01
200700042468,0,07,000,00,0,4,02,B01
200700042469,0,07,000,00,0,1,15,A01
200700042469,0,07,000,00,0,1,02,B01
200700042470,0,07,000,00,0,8,02,B01
200700042470,0,07,000,00,0,1,02,A01
200700042471,0,02,000,00,0,7,02,B01
200700042471,0,07,000,00,0,3,02,A01
200700042472,0,02,000,00,0,9,17,A01
200700042472,0,38,001,00,0,3,15,B01
200700042473,0,07,000,00,0,2,02,A01
200700042473,0,07,000,00,0,8,15,B01
200700042474,0,07,000,08,2,5,01,B01
200700042474,0,07,000,00,2,3,01,A01
200700042475,0,05,000,08,1,1,02,A01
200700042476,0,07,000,00,2,4,15,A01
200700042476,0,02,000,00,2,1,01,B01
200700042477,0,33,000,00,2,1,01,B01
200700042477,0,07,000,00,2,6,15,A01
200700042478,0,33,000,00,2,1,17,A01
200700042478,0,07,000,00,2,1,01,B01
200700042479,0,07,000,00,0,0,09,A01
200700042479,0,31,000,00,9,8,01,B01
200700042480,0,33,000,00,2,1,01,B01
200700042480,0,07,000,00,2,1,01,C01
200700042480,0,07,000,00,2,1,15,A01
200700042481,0,07,000,00,2,1,13,A01
200700042481,0,07,000,00,2,1,21,B01
200700042482,0,07,000,00,2,1,01,A01
200700042482,0,01,000,00,2,2,16,B01
200700042483,0,07,000,00,2,1,01,A01
200700042484,0,02,000,00,0,8,01,A01
200700042485,0,07,000,00,2,1,01,A01
200700042485,0,07,000,00,2,4,01,B01
200700042486,0,07,000,00,2,2,15,A01
200700042486,0,07,000,00,2,2,01,B01
200700042487,0,02,000,00,9,0,01,A01
200700042488,0,07,000,00,2,7,01,B01
200700042488,0,07,000,06,2,3,09,A01
200700042489,0,07,000,00,2,1,01,A01
200700042489,0,02,000,00,2,4,01,B01
200700042490,0,14,000,00,2,1,09,A01
200700042490,0,07,000,00,2,6,01,B01
200700042491,0,07,000,06,0,2,15,A01
200700042492,0,07,000,00,1,1,16,A01
200700042493,0,07,000,00,2,2,00,B01
200700042493,0,07,000,00,2,1,00,A01
200700042494,0,07,000,00,2,1,02,A01
200700042494,0,07,000,00,2,4,02,B01
200700042494,0,07,000,00,2,4,02,C01
200700042495,0,07,000,00,2,3,11,A01
200700042495,0,07,000,00,2,2,01,B01
200700042496,0,07,000,06,0,1,01,A01
200700042497,0,30,000,14,0,8,15,B01
200700042498,0,31,000,00,0,1,01,A01
200700042499,0,07,000,00,2,2,15,A01
200700042499,0,07,000,00,2,2,01,B01
200700042500,0,07,000,08,0,1,01,A01
200700042501,0,07,000,04,0,1,01,A01
200700042502,0,36,000,02,0,1,14,A01
200700042503,0,17,000,00,2,7,12,A01
200700042503,0,33,000,00,2,8,01,B01
200700042504,0,07,000,00,1,1,01,A01
200700042505,0,07,000,00,0,2,01,A01
200700042506,0,07,000,00,2,2,15,A01
200700042506,0,02,000,00,2,1,01,B01
200700042507,0,07,000,00,2,3,09,A01
200700042507,0,30,000,00,2,2,01,B01
200700042508,0,07,000,06,0,0,00,A01
200700042509,0,30,000,00,0,7,01,A01
200700042510,0,07,000,00,2,3,01,B01
200700042510,0,30,000,00,2,4,05,A01
200700042511,0,07,000,02,0,2,14,A01
200700042512,0,14,000,04,0,7,01,A01
200700042513,0,07,000,00,0,2,01,A01
200700042513,0,30,000,00,2,1,01,B01
200700042514,0,07,000,00,2,3,00,B01
200700042514,0,07,000,00,2,2,00,A01
200700042515,0,07,000,13,0,0,01,A01
200700042516,0,07,000,00,0,0,00,A01
200700042517,0,07,000,00,1,1,01,A01
200700042518,0,32,000,00,2,1,01,A01
200700042518,0,07,000,00,2,4,00,B01
200700042519,0,01,000,01,0,1,01,B01
200700042519,0,07,000,00,9,8,22,A01
200700042520,0,07,000,00,2,3,01,A01
200700042520,0,07,000,00,2,1,15,B01
200700042521,0,07,000,00,1,1,15,A01
200700042522,0,07,000,00,2,8,09,A01
200700042522,0,02,000,00,2,1,01,B01
200700042523,0,02,000,00,2,1,17,A01
200700042523,0,07,000,00,2,6,15,B01
200700042524,0,30,000,06,0,6,01,A01
200700042525,0,07,000,00,2,2,15,A01
200700042525,0,07,000,00,2,1,01,B01
200700042526,0,07,000,00,1,1,01,A01
200700042527,0,07,000,00,1,1,01,A01
200700042528,0,07,000,00,2,2,16,A01
200700042528,0,30,000,00,2,8,01,B01
200700042529,0,07,000,00,9,2,17,A01
200700042529,0,01,000,00,2,3,02,B01
200700042530,0,01,000,00,2,1,01,A01
200700042530,0,07,000,00,2,3,15,B01
200700042531,0,07,000,00,2,3,17,A01
200700042531,0,02,000,00,2,6,17,B01
200700042532,0,07,000,00,2,8,15,A01
200700042532,0,07,000,00,2,8,01,B01
200700042533,0,07,000,00,2,8,15,A01
200700042533,0,07,000,00,2,1,01,B01
200700042534,0,07,000,00,2,1,01,A01
200700042534,0,37,001,00,2,5,01,B01
200700042535,0,33,000,00,2,1,02,A01
200700042535,0,07,000,00,2,4,02,B01
200700042536,0,14,000,00,2,8,01,B01
200700042536,0,30,000,00,2,7,15,A01
200700042537,0,07,000,00,2,3,16,B01
200700042537,0,30,000,00,2,1,05,A01
200700042538,0,07,000,00,1,2,01,A01
200700042539,0,07,000,00,2,3,09,A01
200700042539,0,02,000,00,2,2,01,B01
200700042540,0,07,000,00,1,2,01,A01
200700042541,0,07,000,00,2,1,01,A01
200700042541,0,01,000,00,2,1,01,B01
200700042542,0,07,000,00,2,2,15,A01
200700042542,0,07,000,00,2,1,01,B01
200700042543,0,07,000,00,2,2,01,A01
200700042543,0,07,000,00,2,1,01,B01
200700042544,0,07,000,00,1,1,01,A01
200700042545,0,07,000,08,0,2,01,A01
200700042546,0,07,000,13,0,1,01,A01
200700042547,0,02,000,00,0,1,01,A01
200700042548,0,05,000,00,0,7,01,A01
200700042549,0,07,000,00,2,1,09,A01
200700042549,0,07,000,00,2,1,01,B01
200700042550,0,07,000,00,2,3,19,A01
200700042550,0,01,000,00,2,7,19,B01
200700042551,0,07,000,15,2,2,01,B01
200700042551,1,07,000,00,2,0,15,A01
200700042552,0,07,000,00,2,1,19,B01
200700042552,0,07,000,00,2,2,19,A01
200700042553,0,07,000,02,0,4,01,A01
200700042554,0,07,000,00,2,7,15,B01
200700042554,0,07,000,00,2,3,01,A01
200700042555,0,07,000,00,2,1,01,B01
200700042555,0,01,000,00,2,7,01,A01
200700042556,0,07,000,01,2,8,01,B01
200700042556,0,07,000,00,2,1,01,A01
200700042557,0,33,000,00,2,7,17,B01
200700042557,0,07,000,00,2,8,15,A01
200700042558,0,07,000,00,2,1,15,A01
200700042558,0,01,000,00,2,1,01,B01
200700042559,0,07,000,00,1,1,01,A01
200700042560,0,07,000,00,2,1,02,A01
200700042560,0,07,000,00,2,4,02,B01
200700042560,0,07,000,00,2,4,02,C01
200700042561,0,07,000,00,2,1,01,A01
200700042561,0,07,000,00,2,1,01,B01
200700042561,0,07,000,00,2,4,01,C01
200700042562,0,07,000,00,2,3,00,A01
200700042562,0,07,000,00,2,1,01,B01
200700042563,0,07,000,00,2,1,01,A01
200700042563,0,07,000,00,2,4,01,B01
200700042564,0,33,000,00,1,1,01,A01
200700042565,0,33,000,00,2,1,17,A01
200700042565,0,07,000,00,2,3,23,B01
200700042566,0,07,000,00,0,6,15,A01
200700042566,0,10,000,00,2,2,21,B01
200700042567,0,07,000,00,2,4,23,A01
200700042567,0,07,000,00,2,1,01,B01
200700042568,0,07,000,00,2,1,01,B01
200700042568,0,07,000,00,2,1,19,A01
200700042569,0,07,000,00,1,1,01,A01
200700042570,0,07,000,00,2,1,13,A01
200700042570,0,07,000,00,2,1,01,B01
200700042571,0,07,000,09,1,1,01,A01
200700042572,0,07,000,00,2,1,01,A01
200700042572,0,07,000,00,2,4,01,B01
200700042573,0,30,000,00,2,1,01,A01
200700042573,0,07,000,00,2,6,01,B01
200700042574,0,07,000,06,2,1,01,A01
200700042574,0,07,000,00,2,1,01,B01
200700042575,0,33,000,01,2,1,01,A01
200700042576,0,33,000,00,2,1,01,B01
200700042576,0,07,000,00,2,1,15,A01
200700042577,0,30,000,00,9,1,01,A01
200700042578,0,07,000,00,1,4,04,A01
200700042579,0,30,000,00,0,7,01,A01
200700042580,0,02,000,00,2,1,01,A01
200700042580,0,07,000,00,2,6,00,B01
200700042581,0,02,000,00,0,1,01,A01
200700042582,0,07,000,00,1,3,15,A01
200700042583,0,07,000,00,2,0,09,A01
200700042583,0,31,000,00,2,0,01,B01
200700042584,0,02,000,08,0,1,01,A01
200700042585,0,07,000,00,1,1,09,A01
200700042586,0,31,000,00,2,1,01,A01
200700042586,0,07,000,00,2,7,16,B01
200700042587,0,07,000,00,2,8,01,A01
200700042587,0,07,000,00,2,8,01,B01
200700042588,0,30,000,00,0,0,21,A01
200700042589,0,07,000,00,0,3,01,B01
200700042589,0,02,000,00,0,1,00,A01
200700042590,0,07,000,13,0,8,13,A01
200700042591,0,07,000,00,2,3,11,A01
200700042591,0,31,000,00,2,1,17,B01
200700042592,0,07,000,00,9,3,01,B01
200700042592,0,30,000,00,2,3,01,A01
200700042593,0,07,000,00,9,3,00,A01
200700042593,0,30,000,00,2,3,01,B01
200700042594,0,07,000,00,9,1,02,A01
200700042594,0,33,000,00,2,8,02,B01
200700042595,0,07,000,00,2,6,20,B01
200700042595,0,02,000,00,2,1,01,A01
200700042596,0,07,000,02,0,1,14,A01
200700042597,0,07,000,00,2,1,13,A01
200700042597,0,07,000,00,2,1,01,B01
200700042598,0,07,000,00,1,4,04,A01
200700042599,0,10,000,00,2,4,01,B01
200700042599,0,02,000,00,2,1,01,A01
200700042600,0,33,000,00,2,1,09,A01
200700042600,0,07,000,00,2,3,09,B01
200700042601,0,07,000,00,1,1,01,A01
200700042602,0,07,000,00,9,1,01,B01
200700042602,0,07,000,15,0,1,14,A01
200700042603,0,07,000,00,2,1,01,B01
200700042603,0,07,000,00,2,7,20,A01
200700042604,0,33,000,00,0,4,01,A01
200700042604,0,07,000,00,0,4,01,B01
200700042605,0,07,000,13,0,0,13,A01
200700042606,0,07,000,00,2,3,15,A01
200700042606,0,07,000,01,2,3,01,B01
200700042607,2,07,000,00,2,1,00,A01
200700042607,0,07,000,00,2,8,09,B01
200700042608,0,02,000,00,2,1,05,A01
200700042608,0,07,000,00,2,3,01,B01
200700042609,0,01,000,00,2,0,18,A01
200700042609,0,07,000,00,2,2,22,B01
200700042610,0,07,000,00,2,1,15,A01
200700042610,0,01,000,00,2,1,01,B01
200700042611,0,07,000,00,2,3,01,A01
200700042611,0,33,000,00,2,1,01,B01
200700042612,0,37,001,00,2,1,02,A01
200700042612,0,07,000,00,2,4,02,B01
200700042613,0,33,000,00,0,0,00,A01
200700042613,0,07,000,00,0,0,00,B01
200700042614,0,07,000,00,1,2,01,A01
200700042615,0,33,000,00,2,0,01,A01
200700042615,1,07,000,00,2,0,14,B01
200700042616,0,07,000,02,0,0,14,A01
200700042617,0,13,000,00,2,2,17,A01
200700042617,0,07,000,00,2,6,15,B01
200700042618,0,33,000,00,2,1,01,A01
200700042618,0,07,000,00,2,7,01,B01
200700042619,0,07,000,00,2,6,10,A01
200700042619,0,33,000,00,2,1,01,B01
200700042620,0,07,000,11,0,3,13,A01
200700042621,0,07,000,00,2,1,00,A01
200700042621,0,33,000,00,2,0,01,B01
200700042622,0,07,000,00,1,5,04,A01
200700042623,0,07,000,00,2,2,15,A01
200700042623,0,02,000,00,2,1,01,B01
200700042624,0,07,000,00,2,5,01,A01
200700042624,0,33,000,00,2,0,01,B01
200700042625,0,07,000,00,1,1,01,A01
200700042626,0,31,000,00,2,8,01,A01
200700042626,0,07,000,00,2,2,01,B01
200700042627,0,07,000,13,0,1,13,A01
200700042628,1,37,001,00,1,7,02,A01
200700042629,0,07,000,00,2,0,15,A01
200700042629,0,07,000,00,2,2,01,B01
200700042629,0,07,000,00,2,2,23,C01
200700042630,0,07,000,00,2,6,02,A01
200700042630,0,07,000,00,2,2,02,B01
200700042631,0,07,000,12,0,0,00,A01
200700042632,0,07,000,02,0,0,14,A01
200700042633,0,07,000,00,2,1,13,A01
200700042633,0,07,000,00,2,1,01,B01
200700042634,0,07,000,08,0,1,00,A01
200700042635,0,07,000,00,1,1,00,A01
200700042636,0,07,000,00,2,1,09,A01
200700042636,0,01,000,00,2,7,01,B01
200700042637,0,07,000,00,2,3,15,A01
200700042637,0,07,000,00,2,3,01,B01
200700042637,0,07,000,00,2,4,23,C01
200700042637,0,07,000,00,0,0,23,D01
200700042638,0,07,000,13,0,9,00,A01
200700042639,0,07,000,00,2,3,01,A01
200700042639,0,02,000,00,2,1,01,B01
200700042640,0,33,000,00,0,0,01,A01
200700042641,0,07,000,00,2,1,01,A01
200700042641,0,30,000,00,2,8,01,B01
200700042642,0,07,000,00,2,2,12,A01
200700042642,0,01,000,00,2,8,01,B01
200700042643,0,10,000,00,2,7,16,A01
200700042643,0,32,000,00,2,8,18,B01
200700042644,0,02,000,08,0,1,01,A01