Num_Acc,senc,catv,occutc,obs,obsm,choc,manv,num_veh
200700042645,0,14,000,06,0,1,01,A01
200700042646,0,33,000,00,2,0,01,A01
200700042646,0,13,000,00,2,0,01,B01
200700042647,0,30,000,00,0,1,16,A01
200700042648,0,02,000,00,2,1,18,A01
200700042648,0,07,000,00,2,5,01,B01
200700042648,0,07,000,00,2,5,01,C01
200700042649,1,33,000,00,1,1,00,A01
200700042650,0,07,000,00,1,1,01,A01
200700042651,0,07,000,00,2,1,09,A01
200700042651,0,01,000,00,2,2,08,B01
200700042652,0,07,000,00,2,1,02,A01
200700042652,0,07,000,00,2,4,23,B01
200700042652,0,07,000,00,2,4,23,C01
200700042652,0,07,000,00,2,4,23,D01
200700042653,0,02,000,00,2,1,15,A01
200700042653,0,10,000,00,2,1,01,B01
200700042654,0,07,000,00,2,1,01,A01
200700042654,0,37,009,00,2,2,01,B01
200700042655,0,07,000,00,0,7,01,A01
200700042655,0,01,000,00,0,1,12,B01
200700042656,0,32,000,00,0,0,01,A01
200700042657,0,30,000,00,0,1,00,A01
200700042658,0,10,000,00,2,1,02,A01
200700042658,0,07,000,00,2,4,02,B01
200700042659,0,30,000,12,0,7,01,A01
200700042660,0,07,000,00,0,1,01,A01
200700042661,0,10,000,00,2,1,19,A01
200700042661,0,10,000,00,2,8,02,B01
200700042662,0,07,000,15,2,8,01,B01
200700042662,0,07,000,00,2,1,01,A01
200700042663,0,07,000,00,1,1,01,A01
200700042664,0,10,000,00,1,4,04,A01
200700042665,0,30,000,00,2,7,01,A01
200700042665,0,07,000,00,2,1,01,B01
200700042666,0,07,000,01,0,1,01,A01
200700042666,0,07,000,00,0,4,23,B01
200700042667,0,30,000,00,2,3,21,A01
200700042667,0,07,000,00,2,5,02,B01
200700042668,0,10,000,00,0,7,13,A01
200700042669,0,07,000,00,2,4,09,A01
200700042669,0,07,000,00,2,1,01,B01
200700042670,0,02,000,00,0,0,00,A01
200700042671,0,07,000,00,1,7,01,A01
200700042672,0,33,000,00,2,7,01,A01
200700042672,1,07,000,00,2,8,13,B01
200700042673,0,07,000,00,2,1,01,A01
200700042673,0,07,000,00,0,4,01,B01
200700042674,0,33,000,00,1,1,01,A01
200700042675,0,01,000,00,2,1,01,A01
200700042675,0,01,000,00,2,1,01,B01
200700042676,0,01,000,00,0,0,00,A01
200700042677,0,01,000,00,2,4,16,A01
200700042677,0,07,000,00,2,3,01,B01
200700042678,0,30,000,00,2,6,01,A01
200700042679,0,33,000,00,0,0,00,A01
200700042680,0,07,000,00,1,1,01,A01
200700042681,0,15,000,00,2,1,00,A01
200700042681,0,07,000,04,9,4,01,B01
200700042681,0,07,000,00,2,2,00,C01
200700042682,0,20,000,00,2,1,01,A01
200700042682,0,07,000,00,9,4,01,B01
200700042683,0,07,000,00,9,2,11,A01
200700042683,0,37,004,00,2,6,23,B01
200700042684,0,07,000,00,2,1,01,A01
200700042684,0,07,000,00,2,4,24,B01
200700042685,0,07,000,00,2,1,01,A01
200700042685,0,14,000,01,2,2,16,B01
200700042686,0,33,000,00,2,1,17,A01
200700042686,0,07,000,00,2,3,00,B01
200700042687,0,10,000,00,9,8,00,A01
200700042687,0,31,000,00,2,1,00,B01
200700042688,0,07,000,00,0,0,04,A01
200700042688,0,01,000,00,1,1,00,B01
200700042689,0,30,000,00,1,1,01,A01
200700042690,0,07,000,00,2,7,01,A01
200700042690,0,07,000,00,2,1,15,B01
200700042691,0,07,000,00,1,2,01,A01
200700042691,0,07,000,00,2,1,02,B01
200700042692,0,07,000,00,2,1,00,A01
200700042692,0,07,000,00,2,1,01,B01
200700042693,0,07,000,00,1,2,01,A01
200700042694,0,07,000,00,2,8,00,A01
200700042694,0,02,000,00,2,1,01,B01
200700042694,0,10,000,00,9,7,23,C01
200700042695,0,10,000,00,9,3,15,A01
200700042695,0,33,000,00,2,3,01,B01
200700042696,0,10,000,00,9,7,16,A01
200700042696,0,31,000,00,2,1,01,B01
200700042697,0,07,000,00,2,1,15,A01
200700042697,0,01,000,00,2,1,01,B01
200700042698,0,07,000,00,1,1,00,A01
200700042699,0,07,000,00,9,1,15,A01
200700042699,0,34,000,00,2,2,01,B01
200700042700,0,07,000,00,2,1,01,A01
200700042700,0,07,000,00,0,0,01,B01
200700042700,0,07,000,00,2,6,02,C01
200700042700,0,07,000,00,1,4,02,D01
200700042701,0,13,000,00,2,1,01,A01
200700042701,0,07,000,00,2,4,01,B01
200700042701,0,07,000,00,2,4,02,C01
200700042702,0,33,000,00,2,1,17,A01
200700042702,0,07,000,00,9,6,15,B01
200700042703,0,07,000,00,9,6,00,A01
200700042703,0,34,000,00,2,1,01,B01
200700042704,0,07,000,00,2,3,00,A01
200700042704,0,07,000,00,2,2,00,B01
200700042705,0,07,000,04,2,3,11,A01
200700042705,0,07,000,00,2,1,01,B01
200700042706,0,07,000,00,2,1,02,A01
200700042706,0,10,000,00,2,4,02,B01
200700042706,0,07,000,00,2,6,02,C01
200700042707,1,07,000,00,9,1,02,A01
200700042707,0,02,000,00,2,7,02,B01
200700042708,0,07,000,02,2,1,01,A01
200700042708,0,07,000,00,2,7,01,B01
200700042709,0,36,000,01,0,1,00,A01
200700042710,0,31,000,09,0,1,00,A01
200700042711,0,10,000,00,9,0,22,A01
200700042711,0,01,000,00,2,1,17,B01
200700042712,1,07,000,00,1,0,00,A01
200700042713,0,07,000,00,2,2,17,A01
200700042713,0,10,000,00,2,3,15,B01
200700042714,0,33,000,00,2,1,02,A01
200700042714,0,02,000,00,2,4,02,B01
200700042715,0,10,000,00,2,3,01,B01
200700042715,0,07,000,00,2,1,01,A01
200700042716,0,07,000,00,2,7,14,A01
200700042716,0,33,000,00,2,3,01,B01
200700042717,1,07,000,00,1,0,00,A01
200700042718,0,10,000,00,2,1,02,A01
200700042718,0,07,000,00,2,4,02,B01
200700042719,0,07,000,04,0,9,00,A01
200700042720,0,07,000,00,2,2,14,A01
200700042720,0,07,000,00,2,6,01,B01
200700042720,0,07,000,00,2,8,01,C01
200700042721,2,07,000,00,0,0,00,A01
200700042721,0,07,000,00,2,4,02,B01
200700042721,0,07,000,00,2,4,02,C01
200700042722,0,07,000,00,2,1,11,A01
200700042722,0,07,000,00,2,2,01,B01
200700042723,0,07,000,00,2,2,15,A01
200700042723,0,10,000,09,2,1,13,B01
200700042723,0,07,000,00,2,2,01,C01
200700042724,0,07,000,00,2,3,13,A01
200700042724,0,07,000,00,2,3,01,B01
200700042725,0,07,000,00,2,3,01,B01
200700042725,0,07,000,00,2,2,15,A01
200700042726,0,07,000,00,2,1,02,A01
200700042726,0,07,000,00,2,4,02,B01
200700042727,0,07,000,00,2,1,01,A01
200700042727,0,07,000,00,2,1,16,B01
200700042728,0,07,000,14,0,3,01,A01
200700042729,0,10,000,00,2,3,15,A01
200700042729,0,33,000,00,2,1,02,B01
200700042730,1,07,000,00,1,0,00,A01
200700042731,0,07,000,00,1,2,16,A01
200700042732,0,07,000,00,2,8,15,A01
200700042732,0,33,000,00,2,1,01,B01
200700042733,0,01,000,00,1,1,00,A01
200700042734,0,14,000,00,0,0,01,A01
200700042734,0,33,000,00,9,1,17,B01
200700042735,0,07,000,00,2,1,11,A01
200700042735,0,33,000,00,0,0,00,B01
200700042736,0,07,000,00,2,1,14,A01
200700042736,0,31,000,00,2,0,01,B01
200700042737,0,07,000,00,1,1,01,A01
200700042738,0,01,000,00,0,8,09,A01
200700042738,0,07,000,00,2,1,01,B01
200700042739,0,31,000,00,2,1,02,A01
200700042739,0,07,000,00,2,4,01,B01
200700042740,0,07,000,00,2,2,15,A01
200700042740,0,34,000,00,2,1,01,B01
200700042741,0,07,000,00,0,8,22,A01
200700042741,0,02,000,00,2,1,01,B01
200700042742,0,07,000,04,0,1,14,A01
200700042743,0,07,000,00,2,2,07,A01
200700042743,0,33,000,00,2,1,07,B01
200700042743,0,07,000,00,2,7,01,C01
200700042744,0,30,000,00,9,1,01,A01
200700042745,0,07,000,00,1,2,01,A01
200700042746,0,07,000,00,2,1,02,A01
200700042746,0,07,000,00,0,4,02,B01
200700042747,0,07,000,00,2,9,01,A01
200700042747,0,07,000,00,2,5,15,B01
200700042747,0,07,000,00,2,3,01,C01
200700042748,0,30,000,00,0,7,02,A01
200700042749,0,07,000,00,2,3,15,A01
200700042749,0,07,000,00,2,5,01,B01
200700042750,0,07,000,00,0,8,02,B01
200700042750,0,07,000,00,2,3,02,A01
200700042751,0,07,000,00,1,1,02,A01
200700042752,0,07,000,00,1,3,17,A01
200700042753,0,10,000,00,2,1,01,A01
200700042753,0,07,000,00,2,4,01,B01
200700042754,1,07,000,00,2,5,01,A01
200700042754,0,30,000,00,2,1,01,B01
200700042755,0,33,000,00,2,1,17,A01
200700042755,0,07,000,00,2,8,15,B01
200700042756,0,33,000,00,6,1,01,A01
200700042757,0,07,000,00,2,8,24,A01
200700042757,0,01,000,01,0,1,01,B01
200700042758,0,30,000,00,2,1,01,A01
200700042758,0,14,000,00,2,8,20,B01
200700042759,0,31,000,00,2,7,17,A01
200700042759,0,10,000,00,2,8,15,B01
200700042760,0,07,000,00,2,1,13,A01
200700042760,0,07,000,00,2,1,01,B01
200700042761,0,07,000,00,2,3,13,A01
200700042761,0,07,000,00,2,3,01,B01
200700042762,0,07,000,00,2,7,01,A01
200700042762,0,07,000,00,2,8,01,B01
200700042762,0,07,000,00,2,1,01,C01
200700042762,1,07,000,00,0,0,17,X01
200700042763,0,07,000,00,1,1,01,A01
200700042764,0,33,000,00,2,1,01,A01
200700042764,0,07,000,00,2,5,12,B01
200700042765,0,02,000,00,2,5,16,A01
200700042765,0,02,000,00,2,3,01,B01
200700042766,0,07,000,00,2,1,01,A01
200700042766,0,07,000,01,0,7,01,B01
200700042767,0,07,000,00,1,1,01,A01
200700042768,0,10,000,00,2,1,15,A01
200700042768,0,07,000,00,2,1,01,B01
200700042769,0,07,000,01,0,4,04,A01
200700042769,0,07,000,01,0,1,24,B01
200700042770,0,07,000,00,2,1,01,A01
200700042770,0,07,000,00,2,7,01,B01
200700042771,0,07,000,00,2,7,15,A01
200700042771,0,33,000,00,2,1,01,B01
200700042772,0,37,062,00,2,3,01,A01
200700042772,0,07,000,00,0,6,16,B01
200700042773,0,02,000,00,1,1,01,A01
200700042774,0,07,000,14,0,2,01,A01
200700042774,0,07,000,00,0,4,23,B01
200700042775,0,33,000,00,2,1,13,A01
200700042775,0,15,000,00,2,8,01,B01
200700042776,0,07,000,00,2,1,01,A01
200700042776,0,07,000,00,0,4,01,B01
200700042777,0,07,000,00,2,2,01,A01
200700042778,0,02,000,00,0,7,01,A01
200700042779,0,07,000,00,0,8,10,A01
200700042779,0,02,000,00,2,1,21,B01
200700042780,0,07,000,00,2,1,01,A01
200700042780,0,07,000,00,2,2,01,B01
200700042781,0,07,000,00,2,1,01,A01
200700042781,0,07,000,00,2,2,01,B01
200700042782,0,01,000,00,2,1,16,A01
200700042782,0,40,000,00,2,3,01,B01
200700042783,0,07,000,06,2,8,09,A01
200700042783,0,07,000,00,2,1,01,B01
200700042784,0,14,000,00,2,1,01,A01
200700042784,0,07,000,00,0,4,01,B01
200700042785,0,07,000,00,2,3,13,A01
200700042785,0,07,000,00,2,3,01,B01
200700042786,0,07,000,00,2,1,01,A01
200700042786,0,07,000,00,0,4,01,B01
200700042787,0,07,000,00,1,1,01,A01
200700042788,0,02,000,00,2,1,05,A01
200700042788,0,07,000,00,2,3,01,B01
200700042789,0,33,000,00,2,1,01,A01
200700042789,0,07,000,00,2,3,01,B01
200700042790,0,37,062,00,2,1,01,A01
200700042790,0,07,000,00,2,4,02,B01
200700042791,0,15,000,00,4,3,15,A01
200700042791,0,40,000,00,2,2,01,B01
200700042792,0,07,000,00,2,1,02,A01
200700042792,0,07,000,00,2,4,23,B01
200700042792,0,07,000,00,2,4,23,C01
200700042793,0,07,000,00,2,3,09,A01
200700042793,0,07,000,00,2,7,01,B01
200700042794,0,07,000,00,2,1,01,A01
200700042794,0,07,000,00,2,4,02,B01
200700042795,0,10,000,00,2,2,11,A01
200700042796,0,07,000,07,0,2,01,A01
200700042797,0,10,000,08,2,7,00,A01
200700042797,0,07,000,00,2,1,01,B01
200700042798,0,01,000,00,2,1,00,A01
200700042798,0,07,000,00,2,3,01,B01
200700042799,0,13,000,00,2,2,01,A01
200700042799,0,07,000,00,2,2,01,B01
200700042800,0,07,000,00,0,1,01,A01
200700042800,0,07,000,00,2,4,02,B01
200700042800,0,07,000,00,2,9,02,C01
200700042800,0,17,000,00,0,4,02,D01
200700042801,0,01,000,00,2,4,16,A01
200700042801,0,02,000,00,2,8,01,B01
200700042802,0,07,000,00,0,7,16,A01
200700042802,0,02,000,00,0,8,02,B01
200700042803,0,07,000,00,2,3,01,A01
200700042803,0,07,000,00,2,2,01,B01
200700042804,0,01,000,00,1,1,01,A01
200700042805,1,01,000,00,1,1,01,A01
200700042806,0,02,000,00,2,1,01,A01
200700042806,0,07,000,00,2,2,01,B01
200700042807,0,10,000,00,2,1,01,A01
200700042807,0,33,000,00,2,4,01,B01
200700042808,0,07,000,00,2,2,01,A01
200700042808,0,07,000,00,2,3,01,B01
200700042809,0,03,000,00,2,1,01,A01
200700042809,0,07,000,00,2,4,02,B01
200700042810,0,07,000,00,2,3,01,A01
200700042810,0,07,000,00,2,4,02,B01
200700042811,0,02,000,00,0,9,01,A01
200700042812,0,01,000,00,2,1,15,A01
200700042812,0,01,000,00,2,1,01,B01
200700042813,0,14,000,00,2,5,01,A01
200700042813,0,33,000,00,2,1,01,B01
200700042814,0,01,000,00,2,1,01,A01
200700042814,0,37,001,00,2,6,23,B01
200700042815,0,07,000,00,2,1,01,A01
200700042815,0,07,000,00,2,6,01,B01
200700042816,0,07,000,00,2,2,01,B01
200700042816,0,07,000,00,2,4,15,A01
200700042817,0,07,000,00,2,7,16,A01
200700042817,0,30,000,00,2,9,01,B01
200700042818,0,10,000,00,2,3,01,A01
200700042818,0,07,000,00,2,5,02,B01
200700042819,0,07,000,00,2,9,01,A01
200700042819,0,10,000,00,2,1,01,B01
200700042820,0,07,000,00,2,3,01,A01
200700042820,0,02,000,00,2,0,15,B01
200700042821,0,07,000,00,2,1,01,A01
200700042821,0,07,000,00,2,2,01,B01
200700042822,0,14,000,00,2,2,17,A01
200700042822,0,10,000,00,2,3,15,B01
200700042823,0,07,000,00,2,1,13,A01
200700042823,0,10,000,00,2,1,01,B01
200700042824,0,07,000,00,2,2,01,A01
200700042824,0,07,000,00,1,4,02,B01
200700042825,0,07,000,00,2,7,15,A01
200700042825,0,02,000,00,2,1,01,B01
200700042826,0,07,000,00,2,2,16,A01
200700042827,0,01,000,00,2,4,01,A01
200700042827,0,02,000,00,2,1,16,B01
200700042828,0,10,000,00,2,7,15,A01
200700042828,0,02,000,00,0,1,01,B01
200700042829,1,07,000,00,1,0,00,A01
200700042830,0,01,000,00,2,1,01,A01
200700042830,0,07,000,00,2,2,15,B01
200700042831,0,01,000,00,2,1,16,A01
200700042831,0,07,000,00,2,2,01,B01
200700042832,0,07,000,00,2,9,13,A01
200700042833,0,07,000,00,2,1,01,A01
200700042833,0,07,000,00,2,8,01,B01
200700042834,0,31,000,07,0,2,01,A01
200700042835,0,07,000,00,2,0,16,A01
200700042835,0,31,000,00,2,8,01,B01
200700042836,0,10,000,00,0,0,01,A01
200700042836,0,01,000,00,2,0,01,B01
200700042837,0,07,000,00,2,3,01,A01
200700042837,0,01,000,00,2,2,09,B01
200700042838,0,07,000,00,2,3,15,A01
200700042838,0,31,000,00,2,3,01,B01
200700042839,0,07,000,00,0,1,01,A01
200700042840,0,07,000,00,1,6,04,A01
200700042841,0,07,000,00,1,2,16,A01
200700042841,0,02,000,00,1,6,01,B01
200700042842,0,07,000,00,2,5,10,A01
200700042842,0,07,000,00,2,1,01,B01
200700042843,0,07,000,00,2,1,15,A01
200700042843,0,01,000,00,0,1,01,B01
200700042844,0,01,000,00,2,1,05,A01
200700042844,0,07,000,00,2,3,01,B01
200700042845,0,07,000,00,2,3,15,A01
200700042845,0,34,000,00,2,6,01,B01
200700042846,0,07,000,00,2,1,01,A01
200700042846,0,07,000,00,2,9,02,B01
200700042846,0,07,000,00,2,9,02,C01
200700042846,0,07,000,00,2,9,02,D01
200700042846,0,07,000,00,2,4,02,E01
200700042847,0,07,000,00,2,3,16,A01
200700042847,0,02,000,00,2,3,01,B01
200700042848,0,07,000,00,2,2,01,A01
200700042848,0,40,000,00,2,0,01,B01
200700042849,0,07,000,00,2,1,01,A01
200700042849,0,31,000,00,2,7,01,B01
200700042850,0,07,000,00,2,1,01,A01
200700042850,0,07,000,00,0,4,01,B01
200700042851,0,07,000,00,2,2,15,A01
200700042851,0,02,000,00,2,7,01,B01
200700042852,0,07,000,01,0,1,13,A01
200700042853,0,07,000,00,2,8,01,A01
200700042853,0,10,000,00,2,1,01,B01
200700042854,0,07,000,00,1,2,01,A01
200700042855,0,31,000,00,2,7,01,A01
200700042855,0,07,000,00,2,3,15,B01
200700042856,0,10,000,00,2,2,01,A01
200700042856,0,01,000,00,2,3,13,B01
200700042857,0,37,029,00,2,1,02,A01
200700042857,0,07,000,00,0,4,01,B01
200700042858,0,07,000,00,2,1,15,A01
200700042858,0,33,000,00,2,1,01,B01
200700042859,0,07,000,00,1,3,15,A01
200700042859,0,31,000,00,2,1,00,B01
200700042860,0,07,000,00,1,3,01,A01
200700042861,1,01,000,00,1,1,01,A01
200700042862,0,33,000,00,0,0,01,A01
200700042863,0,01,000,00,2,8,02,A01
200700042863,0,30,000,00,2,1,02,B01
200700042864,0,07,000,00,2,3,02,B01
200700042864,0,10,000,12,2,3,13,A01
200700042865,0,07,000,05,2,1,09,A01
200700042865,0,07,000,00,0,6,00,B01
200700042866,0,33,000,12,0,3,13,A01
200700042867,0,33,000,13,0,8,00,A01
200700042868,0,07,000,00,0,0,00,A01
200700042868,0,01,000,00,2,1,01,B01
200700042869,0,07,000,00,0,0,00,A01
200700042869,0,34,000,00,0,0,00,B01
200700042870,0,02,000,00,2,2,01,A01
200700042870,0,07,000,00,0,2,10,B01
200700042871,0,02,000,00,0,7,02,A01
200700042872,0,07,000,02,0,8,00,A01
200700042873,0,07,000,00,2,3,02,A01
200700042873,0,07,000,00,0,5,02,B01
200700042874,1,07,000,00,2,2,19,A01
200700042874,0,34,000,00,2,7,01,B01
200700042875,0,07,000,00,1,5,04,A01
200700042876,0,07,000,13,0,0,00,A01
200700042877,0,07,000,00,2,1,02,A01
200700042877,0,07,000,00,2,4,00,B01
200700042877,0,07,000,00,0,4,00,C01
200700042878,0,30,000,00,2,1,02,A01
200700042878,0,07,000,00,2,4,23,B01
200700042879,0,07,000,00,2,1,01,A01
200700042879,0,07,000,00,0,6,01,B01
200700042880,0,30,000,00,1,0,00,A01
200700042881,0,07,000,00,0,4,02,B01
200700042881,0,10,000,00,2,1,02,A01
200700042882,0,07,000,00,2,1,01,A01
200700042882,0,07,000,00,2,6,23,B01
200700042883,0,07,000,00,2,8,10,A01
200700042883,0,33,000,00,2,1,01,B01
200700042884,0,30,000,00,2,1,02,A01
200700042884,0,07,000,00,0,6,11,B01
200700042885,0,32,000,00,1,2,00,A01
200700042886,0,07,000,00,2,1,01,A01
200700042886,0,07,000,00,2,8,01,B01
200700042887,0,07,000,00,0,0,00,A01
200700042888,0,07,000,00,2,1,01,A01
200700042888,0,07,000,00,0,0,01,B01
200700042889,0,07,000,00,2,3,13,A01
200700042889,0,07,000,00,2,3,01,B01
200700042890,0,07,000,00,0,1,00,A01
200700042890,0,30,000,00,0,4,00,B01
200700042891,0,07,000,10,0,1,06,A01
200700042892,0,07,000,12,0,0,00,A01
200700042893,0,33,000,00,0,0,00,A01
200700042894,0,30,000,00,0,0,01,A01
200700042895,0,33,000,00,2,1,01,A01
200700042895,0,07,000,00,2,4,11,B01
200700042896,0,07,000,00,1,1,00,A01
200700042897,0,07,000,00,0,0,02,A01
200700042897,0,33,000,00,2,0,02,B01
200700042898,0,07,000,00,2,8,10,A01
200700042898,0,02,000,00,2,0,21,B01
200700042899,0,07,000,13,0,1,01,A01
200700042900,0,07,000,00,1,4,04,A01
200700042901,0,07,000,00,1,0,01,A01
200700042902,0,07,000,00,2,0,05,A01
200700042902,0,07,000,00,2,0,01,B01
200700042903,0,07,000,00,2,1,02,A01
200700042903,0,07,000,00,2,4,23,B01
200700042904,0,07,000,00,2,2,02,A01
200700042904,0,07,000,00,2,6,02,B01
200700042904,0,07,000,00,0,4,15,C01
200700042905,0,02,000,00,2,7,02,A01
200700042906,0,07,000,01,2,3,13,A01
200700042906,0,17,000,00,0,8,01,B01
200700042907,0,07,000,06,0,1,01,A01
200700042908,0,07,000,09,2,7,02,A01
200700042908,0,07,000,00,2,1,02,B01
200700042909,0,01,000,00,2,4,01,B01
200700042910,0,07,000,08,0,8,01,A01
200700042911,0,07,000,00,2,8,10,A01
200700042911,0,33,000,00,2,1,01,B01
200700042912,0,07,000,00,2,2,16,A01
200700042912,0,33,000,00,2,1,01,B01
200700042913,0,30,000,12,0,0,01,A01
200700042914,0,07,000,04,0,3,01,A01
200700042915,0,07,000,00,2,1,02,A01
200700042915,0,07,000,00,2,5,02,B01
200700042915,0,07,000,00,2,4,02,C01
200700042916,0,07,000,00,2,2,16,A01
200700042916,0,07,000,00,2,8,01,B01
200700042917,0,10,000,00,0,4,01,B01
200700042917,0,31,000,00,2,1,01,C01
200700042917,0,30,000,00,0,0,16,A01
200700042918,1,07,000,00,2,3,15,A01
200700042918,0,31,000,00,2,8,01,B01
200700042919,0,07,000,00,2,1,05,A01
200700042919,0,07,000,00,2,1,01,B01
200700042920,0,32,000,00,0,0,01,A01
200700042921,0,07,000,00,2,1,01,A01
200700042921,0,07,000,00,2,8,15,B01
200700042922,0,30,000,00,2,1,18,A01
200700042922,0,10,000,00,0,2,16,B01
200700042923,0,33,000,00,2,4,01,B01
200700042923,0,07,000,00,2,1,02,A01
200700042924,0,33,000,00,2,1,01,B01
200700042924,0,07,000,00,2,2,10,A01
200700042925,0,07,000,00,0,1,14,A01
200700042926,0,32,000,00,2,7,01,B01
200700042926,0,07,000,00,2,3,01,A01
200700042927,0,38,001,00,2,4,23,B01
200700042927,0,33,000,01,0,1,01,A01
200700042928,0,01,000,00,2,4,13,B01
200700042928,0,10,000,00,2,2,01,A01
200700042929,0,33,000,00,2,1,17,B01
200700042929,0,07,000,00,2,3,10,A01
200700042930,0,07,000,00,1,1,01,A01
200700042931,0,07,000,00,2,2,02,A01
200700042931,0,20,000,00,2,3,02,B01
200700042932,0,01,000,00,2,1,01,B01
200700042932,0,17,000,00,2,3,03,A01
200700042933,0,33,000,00,2,1,01,B01
200700042933,0,07,000,00,2,3,15,A01
200700042934,0,34,000,00,2,1,01,A01
200700042934,0,01,000,00,2,8,19,B01
200700042935,0,33,000,00,2,1,00,B01
200700042935,0,07,000,00,2,3,15,A01
200700042936,0,32,000,00,2,1,13,B01
200700042936,0,07,000,00,2,3,15,A01
200700042937,0,07,000,00,1,1,01,A01
200700042938,0,10,000,00,1,1,01,A01
200700042939,0,33,000,00,2,3,15,B01
200700042939,0,02,000,00,2,1,01,A01
200700042940,0,02,000,00,2,2,01,B01
200700042940,0,07,000,00,2,3,20,A01
200700042941,0,32,000,14,0,1,01,A01
200700042942,0,07,000,00,2,8,02,D01
200700042942,0,10,000,00,2,8,02,C01
200700042942,0,10,000,00,2,6,02,B01
200700042942,0,02,000,00,2,7,02,A01
200700042943,0,01,000,11,0,1,01,A01
200700042944,0,07,000,00,2,8,15,A01
200700042944,0,10,000,00,2,1,01,B01
200700042945,0,01,000,00,2,1,01,B01
200700042945,0,10,000,00,2,3,15,A01
200700042946,0,01,000,00,2,8,15,A01
200700042946,0,31,000,00,2,2,01,B01
200700042947,0,07,000,00,2,3,15,A01
200700042947,0,33,000,00,2,2,17,B01
200700042948,0,07,000,00,2,3,10,A01
200700042948,0,33,000,00,2,1,01,B01
200700042949,0,07,000,00,2,9,01,A01
200700042949,0,07,000,00,2,6,23,B01
200700042950,0,07,000,00,2,1,01,A01
200700042950,0,02,000,00,2,1,01,B01
200700042951,0,02,000,00,2,7,17,A01
200700042951,0,07,000,00,2,3,15,B01
200700042952,0,10,000,00,2,2,15,A01
200700042952,0,07,000,00,2,1,01,B01
200700042953,0,07,000,00,1,3,01,A01
200700042954,0,07,000,00,2,8,22,A01
200700042954,0,01,000,00,2,1,01,B01
200700042955,0,01,000,00,2,1,01,A01
200700042955,0,07,000,00,2,4,23,B01
200700042956,0,02,000,00,2,8,09,B01
200700042956,0,07,000,00,2,3,16,A01
200700042957,0,30,000,00,2,1,01,A01
200700042957,0,07,000,00,2,7,16,B01
200700042957,0,07,000,00,2,8,23,C01
200700042958,0,07,000,00,2,0,17,A01
200700042958,0,01,000,00,2,0,01,B01
200700042959,0,33,000,00,2,0,00,A01
200700042959,0,07,000,00,2,5,01,B01
200700042960,0,07,000,00,2,1,01,A01
200700042960,0,07,000,03,2,7,01,B01
200700042961,0,07,000,03,0,3,01,B01
200700042961,0,10,000,00,0,0,11,A01
200700042962,0,07,000,02,0,1,00,A01
200700042963,0,01,000,00,0,0,00,A01
200700042964,0,07,000,00,2,1,02,A01
200700042964,0,07,000,00,2,4,02,B01
200700042965,0,07,000,00,2,3,01,A01
200700042965,0,07,000,00,2,5,23,B01
200700042966,0,07,000,00,1,1,01,A01
200700042967,0,07,000,00,2,3,01,A01
200700042967,0,07,000,00,2,4,01,B01
200700042968,0,07,000,00,1,8,15,A01
200700042969,0,07,000,00,1,2,01,A01
200700042970,0,01,000,00,2,1,00,B01
200700042970,0,07,000,00,2,0,00,A01
200700042971,0,07,000,00,2,1,15,A01
200700042971,0,01,000,00,2,1,01,B01
200700042972,0,07,000,00,2,1,01,B01
200700042972,0,07,000,00,2,1,05,A01
200700042973,0,30,000,00,0,0,01,A01
200700042974,0,02,000,00,2,1,17,A01
200700042974,0,07,000,00,2,3,01,B01
200700042975,0,07,000,03,0,3,13,A01
200700042976,0,30,000,00,0,0,00,A01
200700042977,0,02,000,00,2,8,13,A01
200700042977,0,07,000,00,2,2,01,B01
200700042978,0,07,000,01,0,1,13,A01
200700042979,0,30,000,00,2,1,02,B01
200700042979,0,07,000,00,2,7,19,A01
200700042980,0,07,000,00,2,5,02,A01
200700042980,0,30,000,00,2,1,02,B01
200700042981,0,07,000,00,9,8,15,A01
200700042981,0,30,000,00,2,1,17,B01
200700042982,0,02,000,00,2,1,01,A01
200700042982,0,07,000,00,2,2,15,B01
200700042983,0,07,000,00,2,7,12,A01
200700042983,0,01,000,00,2,1,01,B01
200700042984,0,07,000,01,0,2,01,A01
200700042985,1,07,000,00,2,7,17,A01
200700042985,0,33,000,00,2,3,01,B01
200700042986,0,30,000,01,0,1,01,A01
200700042987,0,02,000,00,2,1,18,A01
200700042987,0,07,000,00,2,2,20,B01
200700042988,0,33,000,00,2,1,17,A01
200700042988,0,30,000,00,2,6,15,B01
200700042989,0,01,000,00,0,0,01,A01
200700042990,0,01,000,00,1,0,01,A01
200700042991,0,07,000,00,2,3,15,A01
200700042991,0,10,000,00,2,1,01,B01
200700042992,0,07,000,00,2,4,01,A01
200700042992,0,14,000,00,2,1,01,B01
200700042993,0,10,000,00,2,1,02,A01
200700042993,0,07,000,00,2,4,23,B01
200700042993,0,07,000,00,2,4,23,C01
200700042994,0,07,000,00,1,3,01,A01
200700042995,0,07,000,00,2,1,13,A01
200700042995,0,10,000,00,0,1,01,B01
200700042996,0,07,000,00,2,1,16,A01
200700042996,0,07,000,00,2,3,15,B01
200700042997,0,07,000,00,2,5,15,A01
200700042997,0,33,000,00,2,1,09,B01
200700042998,0,07,000,00,2,3,01,A01