Num_Acc,senc,catv,occutc,obs,obsm,choc,manv,num_veh
200700042998,0,01,000,00,0,1,16,B01
200700042999,0,07,000,00,1,2,01,A01
200700043000,0,07,000,00,2,1,01,A01
200700043000,0,07,000,00,2,9,01,B01
200700043000,0,07,000,00,2,4,01,C01
200700043001,0,13,000,00,1,4,04,A01
200700043002,0,01,000,00,2,1,15,A01
200700043002,0,02,000,00,2,1,16,B01
200700043003,0,38,001,00,1,3,01,A01
200700043004,0,02,000,00,2,1,02,A01
200700043004,0,07,000,00,2,6,01,B01
200700043005,0,07,000,00,1,2,01,A01
200700043006,0,01,000,00,0,0,00,A01
200700043006,1,15,000,00,0,0,00,B01
200700043007,0,30,000,00,2,1,13,A01
200700043007,0,07,000,00,2,1,02,B01
200700043008,0,01,000,00,2,1,15,A01
200700043008,0,07,000,00,2,8,00,B01
200700043009,0,07,000,00,2,0,19,A01
200700043009,0,07,000,00,2,2,01,B01
200700043010,0,10,000,00,2,1,17,A01
200700043010,0,01,000,00,2,8,19,B01
200700043011,0,02,000,00,2,7,17,A01
200700043011,0,07,000,00,2,3,15,B01
200700043012,0,07,000,00,2,1,09,A01
200700043012,0,01,000,00,2,1,01,B01
200700043013,0,07,000,00,1,1,01,A01
200700043014,0,33,000,00,2,1,17,B01
200700043014,0,07,000,00,2,3,15,A01
200700043015,0,07,000,00,2,5,16,A01
200700043015,0,33,000,00,2,8,01,B01
200700043016,2,02,000,00,1,1,01,A01
200700043017,0,14,000,00,2,2,11,A01
200700043017,0,07,000,00,2,6,23,B01
200700043017,0,07,000,00,2,4,23,C01
200700043017,0,07,000,00,2,5,02,D01
200700043018,0,07,000,00,2,5,16,A01
200700043018,0,30,000,00,2,1,07,B01
200700043019,0,07,000,00,2,2,15,B01
200700043019,0,02,000,00,2,1,01,A01
200700043020,0,02,000,00,2,1,01,A01
200700043020,0,07,000,00,2,4,01,B01
200700043021,0,07,000,00,2,1,13,A01
200700043021,0,07,000,00,2,1,01,B01
200700043022,0,01,000,00,2,1,01,B01
200700043022,0,01,000,00,2,1,01,C01
200700043022,0,07,000,00,2,3,13,A01
200700043023,0,07,000,00,1,0,01,A01
200700043023,0,07,000,00,1,0,01,B01
200700043024,0,07,000,00,1,2,01,A01
200700043025,0,07,000,00,2,5,12,A01
200700043025,0,33,000,00,2,3,01,B01
200700043026,0,07,000,00,1,2,00,A01
200700043027,0,14,000,00,2,2,16,A01
200700043027,0,01,000,00,2,4,01,B01
200700043028,0,30,000,00,0,1,05,B01
200700043028,0,01,000,00,2,3,19,A01
200700043029,0,07,000,00,1,1,01,A01
200700043030,0,07,000,00,2,3,15,A01
200700043030,0,30,000,00,2,1,15,B01
200700043031,0,07,000,00,2,1,01,A01
200700043031,0,07,000,00,2,2,01,B01
200700043032,0,10,000,00,2,3,09,A01
200700043032,0,01,000,00,2,1,01,B01
200700043033,0,07,000,00,2,2,01,A01
200700043033,0,07,000,00,2,1,01,B01
200700043034,0,30,000,00,2,1,01,A01
200700043034,0,07,000,00,2,4,13,B01
200700043035,0,07,000,00,2,1,01,A01
200700043035,0,07,000,00,2,4,01,B01
200700043036,0,07,000,00,2,3,15,A01
200700043036,0,31,000,00,2,1,17,B01
200700043037,0,07,000,00,2,3,19,A01
200700043037,0,02,000,00,2,1,01,B01
200700043038,0,07,000,00,2,2,15,A01
200700043038,0,30,000,00,2,1,01,B01
200700043039,0,33,000,03,0,7,01,A01
200700043039,1,07,000,00,2,0,02,B01
200700043040,0,07,000,00,2,2,19,A01
200700043040,0,01,000,00,2,1,19,B01
200700043041,0,01,000,00,2,1,01,B01
200700043041,0,07,000,00,2,3,09,A01
200700043042,0,07,000,00,2,1,01,B01
200700043042,0,07,000,00,2,1,01,A01
200700043043,0,32,000,00,2,1,01,B01
200700043043,0,07,000,00,2,7,19,A01
200700043044,0,07,000,02,0,9,01,A01
200700043045,0,07,000,01,0,1,01,A01
200700043046,0,07,000,00,2,5,01,A01
200700043046,0,07,000,00,2,1,01,B01
200700043047,0,36,000,00,2,5,01,A01
200700043047,1,07,000,00,2,0,00,B01
200700043048,0,07,000,00,1,1,01,A01
200700043049,0,07,000,00,2,7,01,B01
200700043049,0,30,000,00,2,0,16,A01
200700043050,0,07,000,00,2,1,15,A01
200700043050,0,30,000,00,2,1,01,B01
200700043051,0,07,000,00,2,1,05,A01
200700043051,0,30,000,00,2,7,05,B01
200700043052,0,07,000,00,2,1,00,A01
200700043052,0,07,000,00,2,5,01,B01
200700043052,0,07,000,00,2,5,01,C01
200700043053,0,07,000,08,0,8,13,A01
200700043054,0,07,000,00,0,3,15,B01
200700043054,0,02,000,00,0,1,19,A01
200700043055,0,07,000,00,2,7,15,A01
200700043055,0,30,000,00,2,1,01,B01
200700043056,0,07,000,00,2,8,09,A01
200700043056,0,02,000,00,2,1,01,B01
200700043056,0,02,000,00,2,1,01,C01
200700043057,0,02,000,00,2,1,15,A01
200700043057,0,07,000,00,2,2,01,B01
200700043058,0,07,000,00,0,0,00,A01
200700043058,0,02,000,00,2,1,01,B01
200700043059,0,02,000,00,1,1,01,A01
200700043060,0,07,000,00,2,2,15,A01
200700043060,0,02,000,00,2,1,01,B01
200700043061,0,33,000,00,2,1,01,B01
200700043061,0,07,000,00,2,8,19,A01
200700043062,0,07,000,00,2,1,02,A01
200700043062,0,07,000,00,2,4,02,B01
200700043062,0,07,000,00,1,4,23,C01
200700043063,0,33,000,00,1,8,01,A01
200700043064,1,07,000,01,0,1,01,A01
200700043064,0,07,000,00,2,4,01,B01
200700043065,0,07,000,00,1,2,01,A01
200700043066,0,07,000,00,2,3,01,A01
200700043066,0,07,000,00,2,2,01,B01
200700043067,0,07,000,00,2,1,02,A01
200700043067,0,33,000,00,2,4,02,B01
200700043068,0,07,000,01,1,1,01,A01
200700043069,0,07,000,00,2,1,02,A01
200700043069,0,07,000,00,2,4,01,B01
200700043070,0,01,000,00,2,1,02,A01
200700043070,0,07,000,00,2,4,02,B01
200700043071,0,07,000,00,2,1,15,A01
200700043071,0,07,000,00,2,3,01,B01
200700043072,0,07,000,00,2,5,01,B01
200700043072,0,07,000,00,2,3,01,A01
200700043073,0,07,000,06,0,1,01,A01
200700043074,0,02,000,00,2,1,01,B01
200700043074,0,07,000,00,2,7,01,A01
200700043075,0,07,000,07,0,1,00,A01
200700043076,0,07,000,00,2,1,01,A01
200700043076,0,37,001,00,2,4,01,B01
200700043077,0,07,000,00,1,1,00,A01
200700043078,0,07,000,00,2,6,15,A01
200700043078,0,30,000,00,2,1,17,B01
200700043079,0,07,000,06,0,1,19,A01
200700043080,0,10,000,06,0,1,01,A01
200700043081,0,07,000,13,0,1,00,A01
200700043082,0,07,000,00,1,1,01,A01
200700043083,0,07,000,00,2,3,15,A01
200700043083,0,33,000,00,2,1,01,B01
200700043084,0,07,000,00,0,8,15,A01
200700043084,0,31,000,00,2,1,01,B01
200700043085,0,07,000,00,1,1,09,A01
200700043086,0,07,000,00,1,2,01,A01
200700043087,0,33,000,00,1,1,01,A01
200700043088,0,30,000,09,0,1,10,A01
200700043089,0,07,000,01,0,3,01,A01
200700043090,0,07,000,00,2,8,22,A01
200700043090,0,01,000,00,2,1,01,B01
200700043091,0,07,000,00,2,7,01,B01
200700043091,0,07,000,06,2,3,01,A01
200700043092,0,02,000,00,2,7,01,B01
200700043092,1,99,000,00,2,8,01,A01
200700043093,0,07,000,00,2,7,01,A01
200700043093,0,01,000,00,2,8,01,B01
200700043094,0,07,000,00,2,0,00,A01
200700043094,0,30,000,00,2,0,00,B01
200700043095,0,07,000,00,2,7,12,A01
200700043095,0,30,000,00,2,8,01,B01
200700043096,0,02,000,12,0,1,01,A01
200700043097,0,07,000,00,1,1,01,A01
200700043098,0,07,000,00,1,4,23,A01
200700043098,0,02,000,00,2,1,01,B01
200700043099,0,07,000,00,2,3,09,A01
200700043099,0,02,000,00,2,1,01,B01
200700043100,1,02,000,00,1,1,01,A01
200700043101,0,07,000,00,2,2,15,A01
200700043101,0,07,000,00,2,3,15,B01
200700043102,0,07,000,00,1,6,04,A01
200700043103,0,02,000,00,1,1,01,A01
200700043104,0,07,000,00,2,4,02,A01
200700043104,0,07,000,00,2,1,02,B01
200700043105,0,02,000,00,2,1,01,A01
200700043105,0,07,000,00,2,1,11,B01
200700043106,0,01,000,00,0,1,01,A01
200700043106,0,07,000,00,0,3,11,B01
200700043107,0,07,000,00,2,7,11,A01
200700043107,0,01,000,00,2,1,01,B01
200700043108,0,07,000,00,2,2,01,A01
200700043108,0,07,000,00,2,3,15,B01
200700043109,0,01,000,00,2,1,11,B01
200700043109,0,30,000,00,2,1,01,A01
200700043110,1,07,000,00,1,1,01,A01
200700043111,0,14,000,00,2,3,02,A01
200700043111,0,07,000,00,0,4,02,B01
200700043112,0,07,000,00,2,2,15,A01
200700043112,0,32,000,00,2,3,01,B01
200700043113,0,07,000,00,2,1,01,B01
200700043113,0,07,000,00,2,7,09,A01
200700043114,0,07,000,00,2,8,09,A01
200700043114,0,10,000,00,2,1,01,B01
200700043115,0,07,000,00,2,7,01,A01
200700043115,0,07,000,00,2,3,01,B01
200700043116,0,07,000,00,2,1,01,B01
200700043116,0,07,000,00,2,2,15,A01
200700043117,0,07,000,00,2,3,09,A01
200700043117,0,30,000,00,2,1,17,B01
200700043118,0,07,000,00,2,2,01,A01
200700043118,0,07,000,00,2,3,01,B01
200700043119,0,01,000,00,2,1,01,A01
200700043119,0,07,000,00,2,5,01,B01
200700043120,0,07,000,00,1,2,01,A01
200700043121,0,07,000,00,2,3,09,A01
200700043121,0,30,000,00,2,1,01,B01
200700043122,0,07,000,00,1,1,20,A01
200700043123,0,07,000,00,2,6,01,A01
200700043123,0,02,000,00,2,1,01,B01
200700043124,0,07,000,00,2,2,15,A01
200700043124,0,33,000,00,2,1,01,B01
200700043125,0,07,000,00,2,1,05,A01
200700043125,0,07,000,00,2,1,01,B01
200700043125,0,07,000,00,2,1,01,C01
200700043126,0,07,000,00,2,3,22,A01
200700043126,0,01,000,01,0,1,01,B01
200700043127,0,07,000,00,2,2,01,B01
200700043127,0,07,000,00,2,3,09,A01
200700043128,0,07,000,00,2,2,21,B01
200700043128,0,07,000,00,2,8,16,A01
200700043129,0,07,000,00,2,2,01,A01
200700043129,0,31,000,00,2,1,01,B01
200700043130,0,10,000,00,2,1,01,A01
200700043130,0,07,000,00,2,1,02,B01
200700043130,0,07,000,00,0,4,02,C01
200700043131,0,07,000,00,2,1,01,B01
200700043131,0,20,000,00,2,8,15,A01
200700043132,0,07,000,00,2,2,01,A01
200700043132,0,01,000,00,0,4,01,B01
200700043133,0,07,000,12,0,0,19,A01
200700043134,0,07,000,01,2,1,13,A01
200700043134,0,07,000,00,2,1,01,B01
200700043135,0,01,000,00,0,0,01,A01
200700043136,0,07,000,00,0,1,01,A01
200700043137,0,07,000,08,2,1,02,A01
200700043137,0,07,000,00,2,4,02,B01
200700043138,0,07,000,00,0,0,00,A01
200700043139,0,10,000,00,2,1,09,A01
200700043139,0,01,000,00,2,8,01,B01
200700043140,0,07,000,00,2,1,15,A01
200700043140,0,02,000,00,2,1,01,B01
200700043141,0,33,000,00,1,1,01,A01
200700043142,0,07,000,01,0,1,00,A01
200700043143,0,07,000,00,2,5,00,A01
200700043143,0,01,000,00,2,1,01,B01
200700043144,0,07,000,00,2,4,10,A01
200700043144,0,33,000,00,2,1,01,B01
200700043145,0,34,000,00,1,1,01,A01
200700043146,0,07,000,00,1,1,01,A01
200700043147,0,07,000,00,2,4,01,A01
200700043147,0,30,000,00,2,1,02,B01
200700043148,0,07,000,00,9,1,01,A01
200700043149,0,01,000,14,0,1,01,A01
200700043150,0,32,000,00,0,1,01,A01
200700043151,0,07,000,00,2,8,15,A01
200700043151,0,99,000,00,2,2,01,B01
200700043152,0,07,000,00,2,8,01,A01
200700043152,0,33,000,00,2,1,01,B01
200700043153,0,07,000,03,2,2,13,A01
200700043153,0,07,000,00,2,3,01,B01
200700043154,0,07,000,00,2,7,15,A01
200700043154,0,07,000,00,2,2,01,B01
200700043155,0,07,000,00,0,0,01,A01
200700043156,0,07,000,02,0,3,01,A01
200700043157,1,07,000,00,9,2,01,A01
200700043157,0,01,000,00,2,7,00,B01
200700043158,0,07,000,00,1,2,01,A01
200700043159,0,14,000,13,0,8,13,A01
200700043160,0,07,000,00,2,2,16,A01
200700043160,0,07,000,00,2,6,01,B01
200700043161,0,07,000,00,1,2,01,A01
200700043162,0,07,000,00,0,8,10,A01
200700043162,0,33,000,00,2,1,17,B01
200700043163,0,33,000,00,2,7,17,A01
200700043163,0,07,000,00,2,3,15,B01
200700043164,0,07,000,00,0,1,01,A01
200700043165,0,07,000,00,2,1,02,A01
200700043165,0,15,000,00,2,4,02,B01
200700043166,0,01,000,00,2,1,01,B01
200700043166,0,07,000,00,2,3,09,A01
200700043167,0,07,000,00,2,2,01,B01
200700043167,0,99,000,00,0,4,24,C01
200700043167,1,07,000,00,2,3,09,A01
200700043168,2,07,000,00,2,1,10,A01
200700043168,0,33,000,00,2,1,01,B01
200700043168,0,07,000,00,2,4,23,C01
200700043169,0,30,000,00,2,1,01,A01
200700043169,0,10,000,00,2,2,01,B01
200700043170,0,07,000,00,2,1,01,A01
200700043170,0,07,000,00,2,7,01,B01
200700043171,0,07,000,01,0,1,00,A01
200700043172,0,07,000,00,2,3,15,A01
200700043172,0,07,000,00,2,8,01,B01
200700043173,0,33,000,00,1,0,01,A01
200700043174,0,07,000,03,0,1,01,A01
200700043175,0,10,000,00,2,1,01,A01
200700043175,0,07,000,00,2,4,01,B01
200700043175,0,07,000,00,2,4,01,C01
200700043176,0,07,000,00,2,1,00,A01
200700043176,0,01,000,00,2,1,15,B01
200700043177,0,31,000,00,2,1,13,A01
200700043177,0,07,000,00,2,1,01,B01
200700043178,0,10,000,12,1,3,19,A01
200700043179,0,15,000,00,0,0,01,B01
200700043179,0,33,000,00,2,0,01,A01
200700043180,0,02,000,00,2,1,01,A01
200700043180,0,07,000,00,0,3,15,B01
200700043181,0,33,000,00,2,1,02,A01
200700043181,0,10,000,00,2,6,01,B01
200700043182,0,07,000,00,2,3,19,B01
200700043182,0,02,000,00,2,1,19,A01
200700043183,0,15,000,00,2,7,14,A01
200700043183,0,01,000,00,2,1,01,B01
200700043184,0,02,000,08,0,1,09,A01
200700043185,0,20,000,00,2,8,01,A01
200700043185,0,01,000,00,0,7,14,B01
200700043186,1,07,000,00,2,1,01,A01
200700043186,0,01,000,00,2,4,01,B01
200700043187,0,07,000,00,2,4,15,A01
200700043187,0,31,000,00,2,3,01,B01
200700043188,0,33,000,01,0,9,01,A01
200700043188,0,07,000,00,0,7,01,B01
200700043188,0,07,000,01,0,2,01,C01
200700043189,0,07,000,01,0,1,01,A01
200700043189,0,15,000,00,0,8,00,B01
200700043190,0,02,000,00,1,1,01,A01
200700043191,0,02,000,08,2,1,00,A01
200700043191,0,07,000,00,2,3,00,B01
200700043192,1,07,000,00,0,0,01,A01
200700043192,0,33,000,00,0,0,01,B01
200700043193,1,07,000,00,1,3,01,A01
200700043194,0,02,000,01,0,1,14,A01
200700043195,0,01,000,00,2,3,13,A01
200700043195,0,07,000,00,2,7,01,B01
200700043196,0,07,000,00,1,1,01,A01
200700043197,0,01,000,00,2,2,01,A01
200700043197,0,07,000,00,2,1,01,B01
200700043198,0,33,000,14,0,1,01,A01
200700043198,0,07,000,00,2,4,23,B01
200700043199,0,33,000,00,2,2,01,A01
200700043199,0,07,000,00,2,4,01,B01
200700043200,0,31,000,00,0,0,21,A01
200700043201,0,07,000,00,2,1,15,A01
200700043201,0,32,000,00,2,1,01,B01
200700043202,0,07,000,00,2,3,15,A01
200700043202,0,02,000,00,2,1,01,B01
200700043203,0,07,000,00,2,3,15,A01
200700043203,0,02,000,00,2,1,17,B01
200700043204,0,07,000,00,2,1,13,A01
200700043204,0,07,000,00,2,1,01,B01
200700043204,0,07,000,00,2,1,01,C01
200700043205,0,07,000,00,2,2,15,A01
200700043205,0,02,000,00,2,1,01,B01
200700043206,0,07,000,06,2,1,02,A01
200700043206,0,07,000,00,2,4,01,B01
200700043207,0,07,000,00,2,1,01,A01
200700043207,0,07,000,00,2,8,01,B01
200700043208,0,07,000,00,2,1,15,A01
200700043208,0,07,000,00,2,3,01,B01
200700043209,0,07,000,00,1,2,01,A01
200700043210,0,33,000,00,2,8,01,B01
200700043210,0,10,000,00,2,1,01,A01
200700043211,0,07,000,00,2,1,01,C01
200700043211,0,07,000,00,2,9,01,B01
200700043211,0,07,000,00,2,4,01,A01
200700043212,0,07,000,00,2,9,19,A01
200700043212,0,07,000,00,2,1,01,B01
200700043213,0,07,000,00,2,3,15,A01
200700043213,0,02,000,00,2,1,01,B01
200700043214,0,07,000,00,2,2,12,A01
200700043214,0,07,000,15,2,1,01,B01
200700043215,0,07,000,00,2,3,15,A01
200700043215,0,33,000,00,2,3,01,B01
200700043216,0,07,000,00,2,8,15,A01
200700043216,0,31,000,00,2,0,01,B01
200700043217,0,07,000,00,1,4,04,A01
200700043218,0,07,000,00,2,4,01,A01
200700043218,0,07,000,00,2,1,01,B01
200700043219,0,07,000,00,2,2,15,B01
200700043219,0,07,000,00,2,1,01,A01
200700043220,0,31,000,01,0,1,14,A01
200700043221,1,07,000,00,0,0,00,A01
200700043221,0,07,000,00,2,4,23,B01
200700043222,0,07,000,00,2,1,01,A01
200700043222,0,07,000,00,2,3,01,B01
200700043223,0,07,000,00,0,5,15,A01
200700043223,0,33,000,00,0,9,01,B01
200700043224,0,07,000,00,2,3,01,B01
200700043224,0,01,000,00,2,0,19,A01
200700043225,0,07,000,00,2,8,13,A01
200700043225,0,07,000,03,2,7,17,B01
200700043226,0,14,000,00,1,7,01,A01
200700043227,0,07,000,03,0,3,14,A01
200700043228,0,07,000,00,0,4,13,A01
200700043228,0,33,000,01,2,7,02,B01
200700043229,0,15,000,00,2,1,01,A01
200700043229,0,07,000,00,2,9,23,B01
200700043229,0,07,000,00,2,9,23,C01
200700043229,0,10,000,00,2,9,23,D01
200700043229,0,10,000,00,2,4,23,E01
200700043230,0,07,000,01,0,2,01,A01
200700043230,0,07,000,00,2,3,22,B01
200700043231,0,07,000,00,2,2,00,A01
200700043231,0,07,000,00,2,5,00,D01
200700043231,0,10,000,00,2,8,00,C01
200700043231,0,07,000,00,2,4,00,B01
200700043232,0,07,000,00,9,2,12,A01
200700043232,0,33,000,00,2,8,01,B01
200700043233,0,02,000,00,2,0,01,B01
200700043233,0,10,000,00,2,8,09,A01
200700043234,0,15,000,00,4,3,00,A01
200700043234,0,40,000,01,2,2,00,B01
200700043235,0,07,000,00,2,1,01,A01
200700043235,0,07,000,00,0,3,01,B01
200700043236,0,07,000,15,0,1,14,A01
200700043237,0,07,000,00,2,3,01,A01
200700043237,0,07,000,00,2,1,01,B01
200700043238,0,33,000,14,2,1,15,A01
200700043238,0,07,000,15,9,5,15,B01
200700043239,0,07,000,00,2,1,01,A01
200700043239,0,07,000,00,2,9,01,B01
200700043239,0,07,000,00,2,4,23,C01
200700043240,0,02,000,00,2,1,02,A01
200700043240,0,07,000,00,0,4,23,B01
200700043241,0,02,000,00,2,1,02,A01
200700043241,0,07,000,00,2,8,15,B01
200700043242,0,07,000,06,2,5,15,A01
200700043242,0,07,000,00,2,1,01,B01
200700043243,0,15,000,00,2,2,01,A01
200700043243,0,07,000,00,2,8,01,B01
200700043244,0,07,000,06,0,1,01,A01
200700043245,0,32,000,00,2,1,01,B01
200700043245,0,07,000,00,2,6,01,A01
200700043246,0,07,000,00,2,3,15,A01
200700043246,0,32,000,00,2,2,01,B01
200700043247,0,33,000,00,5,1,01,A01
200700043248,0,07,000,00,1,1,01,A01
200700043249,0,07,000,00,1,2,01,A01
200700043249,0,07,000,00,2,1,15,B01
200700043250,0,14,000,00,2,1,01,B01
200700043250,0,07,000,00,2,8,09,A01
200700043251,0,07,000,00,2,8,13,A01
200700043251,0,07,000,00,2,2,01,B01
200700043252,0,07,000,05,0,9,01,A01
200700043253,0,07,000,02,2,0,17,A01
200700043253,0,07,000,02,2,3,01,B01
200700043254,0,10,000,00,2,3,14,A01
200700043254,0,07,000,00,2,5,01,B01
200700043254,0,07,000,00,2,5,02,C01
200700043254,0,10,000,00,2,1,02,D01
200700043255,0,33,000,00,0,7,01,A01
200700043256,0,01,000,12,0,0,01,A01
200700043257,0,02,000,00,1,1,01,B01
200700043258,0,10,000,00,2,1,02,A01
200700043258,0,07,000,00,2,4,02,B01
200700043258,0,07,000,00,2,4,02,C01
200700043259,0,02,000,01,0,1,01,A01
200700043260,0,10,000,00,2,7,16,A01
200700043260,0,33,000,00,2,7,01,B01
200700043261,0,07,000,00,1,1,01,B01
200700043262,0,10,000,00,2,1,02,A01
200700043262,0,07,000,00,2,4,02,B01
200700043263,0,07,000,07,0,0,01,A01
200700043264,0,07,000,00,0,1,01,A01
200700043265,0,07,000,13,0,9,01,A01
200700043266,0,07,000,03,0,4,01,A01
200700043266,0,07,000,03,0,1,09,B01
200700043267,0,07,000,08,0,1,01,A01
200700043268,0,33,000,00,0,1,13,A01
200700043268,0,07,000,00,0,0,16,B01
200700043269,0,07,000,00,2,1,02,A01
200700043269,0,07,000,00,2,4,02,B01
200700043269,0,07,000,00,2,4,02,C01
200700043270,0,07,000,00,2,1,09,A01
200700043270,0,31,000,00,2,7,01,B01
200700043271,0,01,000,15,0,1,15,A01
200700043272,0,30,000,00,0,8,01,A01
200700043273,0,02,000,00,2,1,01,A01
200700043273,0,07,000,00,2,1,01,B01
200700043274,0,99,000,00,2,1,02,A01
200700043274,0,07,000,00,2,4,02,B01
200700043275,0,07,000,00,1,1,01,A01
200700043276,0,31,000,00,0,7,00,A01
200700043277,0,01,000,00,0,0,01,A01
200700043278,0,07,000,00,2,7,15,A01
200700043278,0,33,000,00,2,1,01,B01
200700043279,0,30,000,00,2,1,01,A01
200700043279,0,07,000,00,2,0,15,B01
200700043280,0,15,000,00,1,1,01,A01
200700043281,0,02,000,00,2,0,17,A01
200700043281,0,07,000,00,2,5,01,B01
200700043282,0,01,000,00,2,1,01,A01
200700043282,0,07,000,00,2,3,01,B01
200700043283,0,07,000,00,1,3,15,A01
200700043283,0,31,000,00,2,1,01,B01
200700043284,0,07,000,00,2,1,02,A01
200700043284,0,07,000,00,2,4,02,B01
200700043285,0,30,000,00,0,3,00,A01
200700043286,0,07,000,00,1,1,01,B01
200700043287,0,01,000,00,2,0,19,A01
200700043287,0,07,000,00,2,0,01,B01
200700043288,0,07,000,00,2,3,09,A01
200700043288,0,30,000,00,2,2,01,B01
200700043289,0,32,000,07,0,1,01,A01
200700043290,0,02,000,12,0,1,01,A01
200700043291,0,07,000,00,1,1,01,B01
200700043292,0,07,000,00,2,3,15,A01
200700043292,0,33,000,00,2,1,17,B01
200700043293,0,07,000,00,2,3,10,A01
200700043293,0,30,000,00,2,1,01,B01
200700043294,0,31,000,00,0,8,01,A01
200700043295,0,07,000,00,1,4,04,A01
200700043296,0,33,000,00,2,1,01,A01
200700043296,0,07,000,00,0,2,10,B01
200700043297,0,07,000,00,0,4,23,B01
200700043297,0,07,000,00,0,1,02,A01
200700043298,0,07,000,00,9,7,17,A01
200700043298,0,01,000,00,2,8,00,B01
200700043299,0,10,000,00,2,1,01,B01
200700043299,0,07,000,00,2,1,05,A01
200700043300,0,07,000,00,2,8,11,B01
200700043300,0,33,000,00,2,2,17,A01
200700043301,0,02,000,14,0,8,01,A01
200700043302,0,07,000,00,1,2,01,A01
200700043303,0,30,000,00,2,3,13,A01
200700043303,0,07,000,00,2,3,01,B01
200700043304,0,07,000,00,2,7,15,A01
200700043304,0,30,000,00,2,1,01,B01
200700043304,0,07,000,00,2,1,01,C01
200700043305,0,07,000,04,0,2,14,A01
200700043306,1,02,000,01,0,2,14,A01
200700043307,0,01,000,00,2,8,15,A01
200700043307,0,07,000,00,2,7,01,B01
200700043308,0,02,000,00,2,1,13,A01
200700043308,0,07,000,00,2,3,01,B01
200700043309,0,07,000,00,2,3,13,A01
200700043309,0,07,000,00,2,1,01,B01
200700043309,0,07,000,00,2,4,24,C01
200700043310,0,02,000,12,0,1,01,A01
200700043311,0,07,000,00,2,2,12,A01
200700043311,0,07,000,00,2,3,01,B01
200700043312,0,07,000,00,1,8,01,A01
200700043313,0,07,000,00,2,3,10,A01
200700043313,0,30,000,00,2,2,01,B01
200700043314,0,07,000,00,2,4,23,A01
200700043314,0,07,000,00,2,1,02,B01
200700043315,0,07,000,00,2,3,15,A01
200700043315,0,07,000,00,2,3,01,B01
200700043316,0,02,000,00,2,2,15,A01
200700043316,0,07,000,00,2,3,01,B01
200700043317,0,07,000,00,1,3,01,A01
200700043318,0,07,000,00,2,3,14,A01
200700043318,0,07,000,00,0,0,19,C01
200700043318,0,07,000,00,2,3,23,B01
200700043319,0,07,000,00,1,0,00,A01
200700043320,0,07,000,00,1,3,00,A01
200700043321,0,07,000,00,2,7,15,A01
200700043321,0,31,000,00,2,1,00,B01
200700043322,0,07,000,01,0,1,14,A01
200700043322,0,14,000,00,2,1,24,B01
200700043323,0,31,000,00,2,8,11,A01
200700043323,0,07,000,00,2,2,12,B01
200700043324,0,07,000,00,2,2,01,A01
200700043324,0,30,000,00,2,3,01,B01
200700043325,0,07,000,00,2,2,01,A01
200700043325,0,31,000,00,2,8,01,B01
200700043326,0,07,000,00,2,3,09,A01
200700043326,0,01,000,00,2,1,01,B01
200700043327,0,02,000,12,2,0,00,A01
200700043327,0,02,000,12,2,0,00,B01
200700043328,0,07,000,15,2,2,01,A01
200700043328,0,07,000,00,2,3,23,C01
200700043328,0,07,000,00,2,2,23,D01
200700043328,0,07,000,00,2,3,01,B01
200700043329,0,07,000,00,2,1,15,A01
200700043329,0,07,000,00,2,1,01,B01
200700043330,0,30,000,12,0,1,13,A01
200700043331,0,07,000,13,0,1,13,A01
200700043332,0,02,000,00,0,8,01,A01
200700043333,0,07,000,00,2,3,10,A01
200700043333,0,07,000,07,2,1,21,B01
200700043334,0,07,000,00,2,1,01,A01
200700043334,0,21,000,00,2,4,01,B01
200700043335,0,07,000,15,0,3,00,A01
200700043336,0,07,000,00,2,7,01,A01
200700043336,0,14,000,00,2,3,01,B01
200700043337,0,07,000,00,2,1,13,A01
200700043337,0,07,000,00,2,1,01,B01
200700043338,0,07,000,02,2,3,01,A01
200700043338,0,07,000,00,2,8,11,B01
200700043339,0,10,000,00,2,3,01,B01
200700043339,0,10,000,00,2,1,13,A01
200700043340,0,33,000,00,0,8,15,A01
200700043341,0,02,000,00,1,1,01,A01
200700043342,0,07,000,00,2,8,10,A01
200700043342,0,07,000,01,2,2,01,B01
200700043343,0,10,000,00,2,1,01,A01
200700043343,0,07,000,00,2,8,15,B01
200700043344,0,02,000,00,2,3,01,A01
200700043344,0,07,000,00,2,3,15,B01
200700043345,0,07,000,00,2,3,02,A01
200700043345,0,07,000,01,1,5,20,B01
200700043346,1,07,000,00,1,4,04,A01
200700043347,1,07,000,00,1,2,00,A01
200700043348,0,02,000,00,2,8,01,A01
200700043349,0,07,000,00,2,8,01,A01
200700043349,0,07,000,00,2,1,01,B01
200700043350,0,33,000,00,2,1,18,A01
200700043350,0,07,000,00,2,2,16,B01
200700043351,1,07,000,00,1,0,01,A01
200700043352,0,07,000,00,2,1,01,A01
200700043352,0,07,000,00,2,4,15,B01
200700043353,0,07,000,00,2,3,15,A01
200700043353,0,30,000,00,2,1,01,B01
200700043354,0,10,000,00,2,3,13,A01
200700043354,0,10,000,00,2,1,01,B01
200700043355,0,07,000,09,2,6,01,B01
200700043355,0,07,000,00,2,1,01,A01
200700043356,0,07,000,00,2,1,01,A01
200700043356,0,07,000,00,2,4,01,B01
200700043356,0,07,000,00,2,4,01,C01