Num_Acc,senc,catv,occutc,obs,obsm,choc,manv,num_veh
200700043357,0,07,000,00,2,1,01,B01
200700043357,0,07,000,00,2,3,16,A01
200700043358,0,30,000,00,2,1,15,A01
200700043358,0,07,000,00,2,2,01,B01
200700043359,0,07,000,00,1,1,01,A01
200700043360,0,03,000,00,2,3,11,A01
200700043360,0,07,000,00,2,2,23,B01
200700043361,0,07,000,00,1,3,01,A01
200700043362,0,07,000,00,1,2,01,A01
200700043363,0,01,000,00,2,1,02,A01
200700043363,0,10,000,00,2,5,23,B01
200700043364,0,07,000,00,2,1,02,A01
200700043364,0,07,000,00,2,4,15,B01
200700043365,0,07,000,00,2,1,06,A01
200700043365,0,07,000,00,2,1,01,B01
200700043366,0,07,000,00,2,1,02,A01
200700043366,0,07,000,00,2,4,23,B01
200700043367,0,07,000,00,2,3,01,A01
200700043367,0,07,000,00,2,3,15,B01
200700043368,0,07,000,00,2,1,01,A01
200700043368,0,07,000,00,2,4,01,B01
200700043369,0,07,000,00,2,3,09,A01
200700043369,0,01,000,00,2,1,01,B01
200700043370,0,07,000,00,1,7,01,A01
200700043371,0,07,000,00,1,1,01,A01
200700043372,0,02,000,00,2,2,01,A01
200700043372,0,07,000,00,2,1,01,B01
200700043373,0,10,000,00,2,1,02,A01
200700043373,0,07,000,00,2,4,23,B01
200700043374,0,07,000,00,2,4,23,B01
200700043374,0,10,000,00,2,1,01,A01
200700043375,0,07,000,00,2,1,09,A01
200700043375,0,02,000,00,2,7,01,B01
200700043376,0,07,000,00,1,5,16,A01
200700043377,0,07,000,06,0,2,01,A01
200700043378,0,07,000,00,2,2,15,A01
200700043378,0,07,000,00,2,3,01,B01
200700043379,0,07,000,00,2,1,09,A01
200700043379,0,33,000,00,2,7,01,B01
200700043380,1,01,000,00,1,1,01,A01
200700043381,0,07,000,08,2,2,01,B01
200700043381,0,07,000,00,2,3,15,A01
200700043382,0,07,000,00,1,3,01,A01
200700043383,0,07,000,00,1,2,01,A01
200700043384,0,33,000,01,0,1,01,A01
200700043385,0,07,000,00,2,3,01,B01
200700043385,0,07,000,00,2,1,01,A01
200700043386,0,33,000,00,2,0,01,A01
200700043386,0,07,000,00,2,8,11,B01
200700043387,0,07,000,06,0,1,16,A01
200700043388,0,30,000,00,0,0,01,A01
200700043389,0,07,000,00,2,1,01,A01
200700043389,0,07,000,00,2,4,01,B01
200700043390,0,33,000,00,6,1,01,A01
200700043391,0,10,000,00,2,1,01,A01
200700043391,0,02,000,00,2,4,01,B01
200700043392,0,07,000,00,2,1,01,A01
200700043392,0,07,000,00,0,4,01,B01
200700043393,0,30,000,00,2,1,01,A01
200700043393,0,30,000,00,2,3,09,B01
200700043394,0,07,000,00,2,2,01,A01
200700043394,0,07,000,00,2,3,01,B01
200700043395,0,07,000,00,2,3,13,A01
200700043395,0,07,000,00,2,3,01,B01
200700043396,0,07,000,00,2,1,01,A01
200700043396,0,07,000,00,2,3,01,B01
200700043397,0,33,000,00,2,2,01,B01
200700043397,0,07,000,00,2,1,15,A01
200700043398,0,07,000,00,2,0,22,A01
200700043398,0,01,000,01,0,1,01,B01
200700043399,0,07,000,00,2,1,01,A01
200700043399,0,07,000,00,2,1,01,B01
200700043400,0,07,000,00,1,3,01,A01
200700043401,0,30,000,08,0,1,01,A01
200700043402,0,30,000,00,0,0,01,A01
200700043403,0,07,000,00,2,1,02,A01
200700043403,0,07,000,00,2,4,23,B01
200700043403,0,07,000,00,2,4,23,C01
200700043404,0,02,000,00,2,1,15,A01
200700043404,0,07,000,00,2,3,15,B01
200700043405,1,07,000,00,1,0,00,A01
200700043406,0,07,000,00,1,4,04,A01
200700043407,0,01,000,00,0,0,00,A01
200700043408,0,07,000,14,2,2,01,A01
200700043408,0,07,000,08,2,2,01,B01
200700043409,0,07,000,00,0,4,01,B01
200700043409,0,02,000,00,2,1,01,A01
200700043410,0,01,000,00,0,0,01,A01
200700043411,0,31,000,12,0,3,01,A01
200700043412,0,01,000,09,0,1,01,A01
200700043413,0,02,000,00,0,8,01,A01
200700043414,0,07,000,00,2,7,01,A01
200700043414,0,07,000,00,2,1,01,B01
200700043415,0,02,000,00,2,1,01,A01
200700043415,0,07,000,00,2,2,01,B01
200700043416,0,30,000,00,2,1,04,A01
200700043416,0,37,000,00,0,6,23,B01
200700043417,0,02,000,00,2,1,02,A01
200700043417,0,07,000,00,2,4,23,B01
200700043418,0,31,000,12,0,1,01,A01
200700043419,0,33,000,00,2,1,01,B01
200700043419,0,10,000,00,2,8,10,A01
200700043420,0,07,000,00,2,1,01,A01
200700043420,0,02,000,00,2,4,02,B01
200700043421,0,07,000,00,2,1,01,B01
200700043421,0,01,000,00,2,8,13,A01
200700043422,0,07,000,03,2,2,21,A01
200700043422,0,10,000,00,2,5,01,B01
200700043423,0,07,000,00,0,0,19,B01
200700043423,0,31,000,00,0,0,01,A01
200700043424,0,07,000,00,2,4,02,B01
200700043424,0,07,000,00,2,1,02,A01
200700043425,0,10,000,00,1,7,21,A01
200700043426,0,07,000,00,2,4,02,B01
200700043426,0,07,000,00,2,1,02,A01
200700043427,0,10,000,00,2,3,01,A01
200700043427,0,07,000,00,2,6,15,B01
200700043428,0,07,000,00,2,1,15,A01
200700043428,0,07,000,00,2,1,01,B01
200700043429,0,07,000,00,2,2,02,A01
200700043429,0,01,000,00,2,4,02,B01
200700043430,0,07,000,00,1,0,01,A01
200700043431,0,07,000,00,1,4,04,A01
200700043432,0,07,000,00,2,8,15,B01
200700043432,0,02,000,00,2,1,17,A01
200700043433,0,07,000,00,1,2,01,A01
200700043434,0,07,000,15,0,0,01,A01
200700043435,0,01,000,00,2,1,19,A01
200700043435,0,07,000,00,2,7,01,B01
200700043436,0,02,000,00,0,8,01,A01
200700043437,0,10,000,00,2,1,15,A01
200700043437,0,02,000,00,2,1,01,B01
200700043438,0,07,000,00,1,3,13,A01
200700043439,0,07,000,09,2,1,01,A01
200700043439,0,14,000,00,2,2,16,B01
200700043440,0,07,000,00,2,1,02,A01
200700043440,0,07,000,00,2,4,02,B01
200700043440,0,07,000,00,2,4,02,C01
200700043440,0,07,000,00,2,4,02,D01
200700043440,0,07,000,00,2,4,02,E01
200700043441,0,03,000,00,1,4,04,A01
200700043442,0,33,000,00,2,1,01,B01
200700043442,0,07,000,00,2,8,15,A01
200700043443,0,02,000,00,2,1,09,A01
200700043443,0,07,000,00,0,3,01,B01
200700043444,1,07,000,00,9,2,05,A01
200700043444,0,01,000,00,2,1,01,B01
200700043445,0,30,000,00,2,1,02,A01
200700043445,0,07,000,00,2,4,01,B01
200700043446,0,07,000,00,1,3,17,A01
200700043447,0,07,000,00,2,8,01,A01
200700043447,0,07,000,00,2,1,01,B01
200700043448,0,07,000,00,2,4,12,A01
200700043448,0,07,000,02,2,1,01,B01
200700043449,0,07,000,00,2,1,01,B01
200700043449,0,07,000,00,2,3,15,A01
200700043450,0,07,000,00,2,3,01,A01
200700043451,0,07,000,00,2,1,09,A01
200700043451,0,31,000,00,2,2,01,B01
200700043452,0,07,000,00,2,1,01,B01
200700043452,0,07,000,00,2,1,15,A01
200700043453,0,10,000,00,2,1,02,A01
200700043453,0,07,000,00,2,4,02,B01
200700043453,0,10,000,00,2,4,02,C01
200700043454,0,07,000,01,0,1,01,A01
200700043455,0,07,000,00,2,3,01,A01
200700043455,0,07,000,00,2,2,01,B01
200700043456,0,02,000,11,2,2,17,A01
200700043456,0,07,000,00,2,8,01,B01
200700043457,0,07,000,00,2,5,15,A01
200700043457,0,01,000,00,2,1,01,B01
200700043458,0,07,000,00,1,1,01,A01
200700043459,0,02,000,00,2,1,17,A01
200700043459,0,07,000,00,2,6,15,B01
200700043460,1,07,000,07,2,1,01,A01
200700043460,0,20,000,00,0,4,01,B01
200700043461,0,07,000,00,2,1,01,A01
200700043461,0,33,000,00,2,8,01,B01
200700043462,0,07,000,00,2,3,15,A01
200700043462,0,07,000,00,2,3,15,B01
200700043463,0,15,000,00,0,7,01,A01
200700043464,0,07,000,00,2,3,15,A01
200700043464,0,32,000,00,2,1,01,B01
200700043465,0,07,000,00,2,1,01,A01
200700043465,0,07,000,00,2,3,15,B01
200700043466,0,07,000,00,2,1,23,A01
200700043466,0,07,000,00,2,4,23,B01
200700043466,0,07,000,00,2,4,23,C01
200700043467,0,07,000,00,2,2,19,A01
200700043467,0,32,000,00,2,1,01,B01
200700043468,0,07,000,00,1,3,01,A01
200700043469,0,01,000,00,2,1,01,B01
200700043469,1,07,000,00,2,1,16,A01
200700043470,0,07,000,00,0,0,17,A01
200700043470,0,07,000,00,2,6,01,B01
200700043470,0,30,000,00,2,1,01,C01
200700043471,0,10,000,00,2,1,01,A01
200700043471,0,07,000,00,2,2,01,B01
200700043472,0,07,000,00,0,0,09,A01
200700043472,0,31,000,00,0,0,00,B01
200700043473,0,02,000,00,2,1,16,A01
200700043473,0,07,000,00,2,1,01,B01
200700043474,0,07,000,00,0,0,15,A01
200700043474,0,33,000,00,2,0,01,B01
200700043475,0,33,000,00,0,1,01,A01
200700043476,0,02,000,00,0,8,09,A01
200700043477,0,02,000,00,9,0,01,A01
200700043478,1,07,000,00,1,0,02,A01
200700043478,0,30,000,00,2,8,02,B01
200700043479,0,07,000,00,1,1,01,A01
200700043480,0,02,000,00,1,1,01,A01
200700043481,0,14,000,14,0,1,01,A01
200700043481,0,07,000,14,0,4,23,B01
200700043481,0,07,000,00,0,4,23,C01
200700043482,0,02,000,00,2,1,18,A01
200700043482,0,07,000,00,2,7,16,B01
200700043483,0,07,000,00,2,1,02,A01
200700043483,0,30,000,00,0,0,02,B01
200700043484,0,07,000,00,1,2,01,A01
200700043485,0,07,000,00,2,1,01,A01
200700043485,0,07,000,00,2,6,15,B01
200700043486,0,36,000,00,2,1,13,A01
200700043486,0,10,000,00,2,3,01,B01
200700043487,0,30,000,01,0,1,01,A01
200700043488,0,07,000,06,0,1,01,A01
200700043489,1,07,000,01,0,2,20,A01
200700043489,0,07,000,00,0,5,24,C01
200700043490,1,30,000,00,1,1,00,A01
200700043491,0,30,000,00,0,1,17,A01
200700043491,0,07,000,00,0,3,15,B01
200700043492,0,07,000,00,0,3,09,A01
200700043492,0,30,000,00,2,1,21,B01
200700043493,0,07,000,01,9,8,22,A01
200700043493,0,01,000,01,0,8,01,B01
200700043494,0,33,000,00,2,1,02,A01
200700043494,0,10,000,00,2,8,11,B01
200700043495,0,07,000,00,2,3,09,A01
200700043495,0,02,000,00,2,1,09,B01
200700043496,0,30,000,14,0,1,02,A01
200700043497,0,02,000,00,0,1,17,A01
200700043497,0,30,000,00,0,8,15,B01
200700043498,0,07,000,00,2,1,01,B01
200700043498,0,10,000,00,2,1,01,A01
200700043499,2,30,000,00,1,1,01,A01
200700043500,2,07,000,15,2,6,01,B01
200700043500,0,10,000,00,2,3,01,A01
200700043501,0,07,000,00,2,1,01,B01
200700043501,0,02,000,00,2,1,01,A01
200700043502,0,01,000,00,2,1,01,A01
200700043502,0,07,000,00,2,1,01,B01
200700043503,0,07,000,00,9,1,01,A01
200700043503,0,02,000,00,0,4,15,B01
200700043504,0,07,000,08,0,2,01,A01
200700043505,0,07,000,00,1,1,01,A01
200700043506,0,07,000,00,1,2,01,A01
200700043507,0,07,000,00,2,7,15,A01
200700043507,0,33,000,00,2,1,01,B01
200700043508,0,07,000,00,1,2,17,A01
200700043509,0,07,000,00,2,3,20,A01
200700043509,0,32,000,00,2,1,01,B01
200700043510,0,07,000,00,2,3,06,A01
200700043510,0,31,000,00,2,1,01,B01
200700043511,0,07,000,00,2,1,01,A01
200700043511,0,01,000,00,2,4,01,B01
200700043512,0,07,000,00,1,7,01,A01
200700043513,0,07,000,00,2,0,01,A01
200700043513,0,01,000,00,2,0,19,B01
200700043514,0,07,000,00,1,1,01,A01
200700043515,1,07,000,00,2,0,17,A01
200700043515,0,02,000,00,2,0,01,B01
200700043516,0,10,000,00,1,0,15,A01
200700043517,0,02,000,12,0,1,01,A01
200700043518,0,07,000,08,0,1,06,A01
200700043519,0,07,000,00,1,2,01,A01
200700043520,0,01,000,00,2,4,01,A01
200700043520,1,07,000,00,2,0,02,B01
200700043521,0,07,000,00,1,3,01,A01
200700043522,0,07,000,01,9,3,13,A01
200700043523,0,30,000,00,0,8,01,A01
200700043524,0,33,000,16,2,8,16,A01
200700043525,0,14,000,00,2,6,15,A01
200700043525,0,02,000,00,2,1,02,B01
200700043526,0,30,000,00,2,8,18,A01
200700043526,0,07,000,00,2,7,16,B01
200700043527,0,07,000,00,2,3,02,A01
200700043527,0,01,000,00,2,1,15,B01
200700043528,0,10,000,00,2,3,01,A01
200700043528,0,07,000,00,2,9,01,B01
200700043529,0,07,000,00,1,1,01,A01
200700043530,0,01,000,00,2,1,19,A01
200700043530,0,07,000,00,2,2,01,B01
200700043531,0,02,000,00,2,1,17,A01
200700043531,0,07,000,00,2,8,01,B01
200700043532,0,15,000,00,9,5,16,A01
200700043532,0,01,000,00,9,1,01,B01
200700043533,0,07,000,14,1,1,01,A01
200700043533,0,07,000,00,2,1,23,B01
200700043533,0,07,000,00,2,4,01,C01
200700043534,0,07,000,14,0,1,01,A01
200700043534,0,07,000,00,2,4,23,B01
200700043535,0,07,000,00,1,0,01,A01
200700043536,0,10,000,14,0,1,01,A01
200700043536,0,07,000,14,2,9,23,B01
200700043536,0,07,000,00,2,4,23,C01
200700043537,0,07,000,08,0,1,02,A01
200700043538,0,07,000,02,0,1,01,A01
200700043539,0,07,000,02,2,3,00,A01
200700043539,0,07,000,00,2,3,15,B01
200700043540,1,33,000,00,2,2,00,A01
200700043540,0,01,000,00,2,1,19,B01
200700043541,0,07,000,14,0,1,01,A01
200700043541,0,07,000,14,2,9,23,B01
200700043541,0,07,000,00,2,4,23,C01
200700043542,0,07,000,00,2,1,01,A01
200700043542,0,07,000,00,2,7,01,B01
200700043543,0,07,000,00,2,2,15,A01
200700043543,0,07,000,00,2,3,01,B01
200700043544,0,07,000,00,9,1,16,A01
200700043544,0,33,000,00,2,1,01,B01
200700043545,0,07,000,00,2,1,13,A01
200700043545,0,13,000,00,2,1,01,B01
200700043546,0,07,000,07,2,1,01,A01
200700043546,0,07,000,00,2,1,15,B01
200700043547,0,07,000,00,2,3,01,B01
200700043547,0,07,000,00,2,3,15,A01
200700043548,0,07,000,13,0,1,01,A01
200700043549,0,02,000,01,2,1,17,A01
200700043549,0,07,000,00,2,3,15,B01
200700043550,0,07,000,10,0,1,12,A01
200700043551,0,07,000,00,2,1,20,A01
200700043551,0,07,000,00,2,1,01,B01
200700043552,0,07,000,00,2,8,24,A01
200700043552,0,01,000,00,2,1,01,B01
200700043553,0,07,000,00,1,2,01,A01
200700043554,0,07,000,01,0,1,01,A01
200700043555,0,10,000,00,1,1,02,A01
200700043556,0,07,000,00,1,1,01,A01
200700043557,0,07,000,00,2,2,15,A01
200700043557,0,02,000,00,2,1,01,B01
200700043558,0,07,000,00,1,2,01,A01
200700043559,0,07,000,06,0,1,01,A01
200700043560,0,10,000,00,2,2,15,A01
200700043560,0,07,000,00,2,1,01,B01
200700043561,0,07,000,00,2,6,10,A01
200700043561,0,32,000,00,2,1,01,B01
200700043562,0,07,000,00,2,6,15,A01
200700043562,0,02,000,00,2,1,17,B01
200700043563,0,07,000,00,2,0,15,A01
200700043563,0,33,000,00,2,1,01,B01
200700043564,0,07,000,00,2,7,01,A01
200700043564,0,07,000,00,2,1,01,B01
200700043565,0,15,000,00,2,2,10,A01
200700043565,0,33,000,00,2,1,01,B01
200700043566,0,33,000,02,0,1,01,A01
200700043567,0,07,000,00,2,2,15,A01
200700043567,0,07,000,00,2,1,01,B01
200700043568,0,07,000,00,2,3,20,A01
200700043568,0,02,000,00,2,1,01,B01
200700043569,0,07,000,00,2,2,15,A01
200700043569,0,07,000,00,2,1,01,B01
200700043570,0,02,000,00,2,1,01,A01
200700043570,0,07,000,00,0,4,01,B01
200700043571,0,07,000,00,2,3,01,A01
200700043571,0,30,000,00,2,1,01,B01
200700043572,0,07,000,00,1,0,01,A01
200700043573,0,07,000,01,2,7,15,A01
200700043573,0,07,000,00,2,1,01,B01
200700043573,0,07,000,00,2,3,23,C01
200700043574,0,07,000,00,1,0,01,A01
200700043575,0,02,000,00,0,7,01,A01
200700043576,0,07,000,01,2,9,01,A01
200700043577,0,07,000,00,2,3,15,A01
200700043577,0,02,000,00,2,1,01,B01
200700043578,0,07,000,00,1,0,01,A01
200700043579,0,07,000,00,2,1,16,A01
200700043579,0,01,000,00,2,0,02,B01
200700043580,0,07,000,00,1,1,19,A01
200700043580,0,02,000,00,2,9,01,B01
200700043581,0,07,000,00,2,1,02,A01
200700043581,0,07,000,00,2,9,23,B01
200700043581,0,07,000,00,2,4,23,C01
200700043582,0,07,000,00,2,1,15,B01
200700043582,0,07,000,00,2,1,01,A01
200700043583,0,01,000,00,2,0,17,A01
200700043584,0,02,000,00,2,1,01,A01
200700043584,0,07,000,00,2,2,01,B01
200700043585,0,07,000,00,1,0,01,A01
200700043586,0,07,000,00,1,0,15,A01
200700043587,0,07,000,00,2,1,13,A01
200700043587,0,07,000,00,2,1,01,B01
200700043588,0,07,000,00,1,0,01,A01
200700043589,0,33,000,01,2,9,01,B01
200700043589,0,07,000,00,2,3,15,A01
200700043590,0,07,000,01,2,7,01,A01
200700043591,0,07,000,00,2,1,09,A01
200700043591,0,02,000,00,2,7,01,B01
200700043592,0,07,000,00,1,0,04,A01
200700043593,0,07,000,00,1,0,04,A01
200700043594,0,02,000,00,2,1,01,A01
200700043594,0,07,000,00,2,3,15,B01
200700043595,0,07,000,01,2,7,15,A01
200700043595,0,07,000,00,2,1,01,B01
200700043596,0,02,000,00,2,8,17,A01
200700043597,0,07,000,00,2,5,16,A01
200700043597,0,02,000,00,2,7,02,B01
200700043598,0,07,000,00,2,1,16,B01
200700043598,0,07,000,00,2,1,13,A01
200700043599,0,07,000,00,1,0,01,A01
200700043600,0,07,000,01,2,9,01,B01
200700043600,0,07,000,01,2,1,10,A01
200700043601,0,07,000,00,2,1,01,B01
200700043601,0,07,000,00,2,3,01,A01
200700043602,0,07,000,00,2,1,15,A01
200700043602,0,07,000,00,2,3,01,B01
200700043603,0,07,000,00,2,1,15,A01
200700043603,0,07,000,00,2,3,01,B01
200700043604,0,07,000,00,2,6,05,A01
200700043604,0,02,000,00,2,7,01,B01
200700043605,0,07,000,00,2,3,16,B01
200700043605,0,07,000,00,2,3,05,A01
200700043606,0,07,000,00,2,3,13,A01
200700043606,0,07,000,00,2,3,01,B01
200700043607,0,07,000,00,2,7,15,A01
200700043607,0,33,000,00,2,8,21,B01
200700043608,0,07,000,00,2,3,15,A01
200700043608,0,31,000,00,2,7,17,B01
200700043609,0,30,000,00,9,0,01,A01
200700043609,0,01,000,00,2,2,01,B01
200700043610,0,01,000,00,0,4,02,A01
200700043611,0,07,000,00,2,3,15,A01
200700043611,0,30,000,00,2,1,17,B01
200700043612,1,07,000,00,0,0,00,A01
200700043613,0,07,000,00,0,2,01,A01
200700043614,0,02,000,00,2,1,01,A01
200700043614,0,07,000,00,0,3,15,B01
200700043615,0,30,000,00,0,1,01,A01
200700043615,0,07,000,00,0,3,09,B01
200700043616,0,07,000,09,2,1,17,A01
200700043616,0,07,000,00,2,2,23,C01
200700043616,0,07,000,00,2,1,19,B01
200700043617,0,07,000,06,0,1,00,A01
200700043618,0,07,000,00,2,7,09,A01
200700043618,0,07,000,00,2,6,01,B01
200700043619,0,07,000,00,2,1,16,A01
200700043619,0,07,000,00,1,4,23,B01
200700043620,0,07,000,00,2,3,15,A01
200700043620,0,30,000,00,2,1,01,B01
200700043621,0,30,000,16,0,0,01,A01
200700043622,0,07,000,00,2,3,10,A01
200700043622,0,33,000,00,2,1,01,B01
200700043623,0,07,000,00,2,1,13,A01
200700043623,0,07,000,00,2,1,01,B01
200700043624,0,07,000,00,1,1,01,A01
200700043625,0,07,000,00,2,1,01,A01
200700043625,0,33,000,00,2,1,01,B01
200700043626,0,02,000,00,0,1,01,A01
200700043627,0,07,000,13,0,1,01,A01
200700043628,0,02,000,00,2,1,01,A01
200700043628,0,07,000,00,2,1,01,B01
200700043629,0,07,000,00,2,8,01,A01
200700043629,0,02,000,00,2,1,01,B01
200700043630,0,07,000,00,2,1,01,A01
200700043630,0,07,000,00,2,1,01,B01
200700043631,0,30,000,00,2,1,01,A01
200700043631,0,07,000,00,2,7,01,B01
200700043632,0,07,000,00,2,2,15,A01
200700043632,0,02,000,00,2,1,01,B01
200700043633,0,33,000,00,2,1,02,A01
200700043633,0,07,000,00,0,8,15,B01
200700043634,0,10,000,00,0,0,15,A01
200700043634,0,07,000,00,2,3,21,B01
200700043634,0,07,000,00,2,3,01,C01
200700043634,0,07,000,00,2,1,01,D01
200700043635,0,07,000,00,2,3,01,B01
200700043635,0,02,000,00,2,1,01,A01
200700043636,0,02,000,00,2,1,15,A01
200700043636,0,07,000,00,2,1,01,B01
200700043637,1,02,000,00,1,1,00,A01
200700043638,0,07,000,00,2,8,01,B01
200700043638,0,02,000,00,2,1,01,A01
200700043639,0,02,000,12,0,1,01,A01
200700043640,0,07,000,00,1,2,00,A01
200700043641,0,33,000,09,0,1,00,A01
200700043642,0,07,000,03,0,3,01,A01
200700043643,0,07,000,00,2,2,01,A01
200700043643,0,37,004,00,2,3,15,B01
200700043644,0,07,000,00,2,1,01,A01
200700043644,0,07,000,00,2,6,09,B01
200700043645,0,07,000,00,2,1,01,B01
200700043645,0,07,000,00,2,7,19,A01
200700043646,0,07,000,00,1,1,16,A01
200700043647,0,10,000,00,1,1,01,A01
200700043648,0,32,000,08,0,1,01,A01
200700043649,0,07,000,00,2,3,13,A01
200700043649,0,15,000,00,2,3,01,B01
200700043650,0,07,000,01,0,2,01,A01
200700043651,0,33,000,00,2,1,01,A01
200700043651,0,07,000,00,2,3,00,B01
200700043652,0,07,000,00,2,3,15,A01
200700043652,0,02,000,00,2,1,01,B01
200700043653,0,07,000,15,0,1,02,A01
200700043654,0,01,000,00,2,8,19,B01
200700043654,0,07,000,00,9,1,01,A01
200700043655,0,07,000,00,2,3,01,A01
200700043655,0,07,000,00,2,2,01,B01
200700043656,0,17,000,00,0,7,15,A01
200700043657,0,07,000,13,0,9,01,A01
200700043658,0,07,000,06,1,2,14,A01
200700043659,0,07,000,15,0,1,00,A01
200700043660,0,02,000,06,0,1,14,A01
200700043661,0,07,000,00,2,2,15,A01
200700043661,0,07,000,00,2,1,01,B01
200700043662,0,33,000,00,1,1,00,A01
200700043663,0,02,000,00,2,1,09,A01
200700043663,0,07,000,00,2,3,01,B01
200700043664,0,07,000,00,1,2,01,A01
200700043665,0,07,000,00,1,1,00,A01
200700043666,0,07,000,00,1,0,00,A01
200700043667,0,07,000,00,1,4,04,A01
200700043668,0,30,000,00,2,1,00,A01
200700043668,0,07,000,00,2,1,01,B01
200700043669,0,07,000,00,2,1,15,A01
200700043669,0,02,000,00,2,1,01,B01
200700043670,0,33,000,11,0,1,15,A01
200700043671,1,10,000,00,2,0,02,A01
200700043671,0,01,000,00,2,8,02,B01
200700043672,0,07,000,00,2,1,01,A01
200700043672,0,02,000,00,2,3,16,B01
200700043673,0,02,000,00,2,1,01,A01
200700043673,0,07,000,00,2,3,15,B01
200700043674,0,33,000,00,2,9,17,A01
200700043674,0,07,000,00,9,2,01,B01
200700043675,0,02,000,00,2,2,17,A01
200700043675,0,07,000,00,2,8,15,B01
200700043676,0,33,000,06,0,1,01,A01
200700043677,0,07,000,06,0,1,02,A01
200700043678,0,01,000,00,2,1,19,A01
200700043678,0,07,000,00,2,1,01,B01
200700043679,0,07,000,00,2,1,02,B01
200700043679,0,02,000,00,2,1,13,A01
200700043680,0,07,000,00,2,5,01,B01
200700043680,0,07,000,00,2,1,19,A01
200700043681,0,07,000,00,2,1,13,A01
200700043681,0,07,000,00,2,1,01,B01
200700043682,0,33,000,02,0,1,00,A01
200700043683,0,07,000,00,2,3,10,A01
200700043683,0,30,000,00,2,1,01,B01
200700043684,0,33,000,00,2,1,01,B01
200700043684,0,07,000,00,2,4,10,A01
200700043685,0,07,000,00,2,1,00,A01
200700043685,0,15,000,00,2,4,00,B01
200700043686,0,07,000,00,2,7,20,A01
200700043686,0,10,000,00,2,1,01,B01
200700043687,0,07,000,00,2,1,01,B01
200700043687,0,07,000,00,2,1,01,C01
200700043687,0,07,000,00,2,8,16,A01
200700043688,0,02,000,00,2,1,01,A01
200700043688,0,07,000,00,2,3,15,B01
200700043689,0,07,000,09,0,1,14,A01
200700043690,0,07,000,08,0,1,18,A01
200700043691,0,02,000,01,0,1,01,A01
200700043692,0,02,000,00,9,5,16,A01
200700043692,0,33,000,00,9,3,18,B01
200700043693,0,07,000,00,2,3,15,A01
200700043693,0,30,000,00,2,1,01,B01
200700043694,0,02,000,00,2,1,01,A01
200700043694,0,07,000,00,9,8,16,B01
200700043695,0,07,000,00,1,1,21,A01
200700043696,0,30,000,00,2,6,16,A01
200700043696,0,07,000,00,9,2,16,B01
200700043697,0,07,000,00,2,1,01,A01
200700043697,0,07,000,00,2,7,01,B01
200700043698,0,02,000,00,2,7,01,B01
200700043698,0,07,000,00,9,1,19,A01
200700043699,0,30,000,01,0,1,01,A01
200700043700,0,01,000,00,2,8,19,B01
200700043700,1,07,000,00,1,1,01,A01
200700043701,0,07,000,00,2,8,10,A01
200700043701,0,02,000,00,2,1,01,B01
200700043702,1,07,000,00,1,2,00,A01
200700043703,0,07,000,00,2,3,05,A01
200700043703,0,07,000,00,2,3,01,B01
200700043704,0,07,000,00,2,1,01,A01
200700043704,0,07,000,00,0,4,02,B01
200700043705,0,07,000,00,0,3,01,A01
200700043706,0,30,000,12,0,1,01,A01
200700043707,0,07,000,00,2,4,02,B01
200700043707,0,07,000,00,2,3,02,A01
200700043707,0,07,000,00,0,6,02,C01
200700043708,0,07,000,00,2,7,15,A01
200700043708,0,33,000,00,2,1,01,B01
200700043709,0,07,000,00,1,2,01,A01
200700043710,0,02,000,06,0,1,01,A01
200700043711,0,07,000,00,2,1,13,A01
200700043711,0,07,000,06,0,3,01,B01
200700043712,0,33,000,00,2,1,18,A01
200700043712,0,07,000,00,2,6,01,B01
200700043713,0,07,000,08,0,1,01,A01
200700043714,0,10,000,00,2,8,15,A01
200700043714,0,02,000,00,2,1,13,B01
200700043715,0,01,000,00,0,8,19,A01
200700043715,0,07,000,00,2,2,01,B01
200700043716,0,07,000,00,2,3,01,B01
200700043716,0,07,000,00,2,1,01,A01
200700043717,1,07,000,00,1,7,01,A01
200700043718,0,07,000,00,1,1,01,A01
200700043719,0,07,000,00,2,8,01,A01
200700043719,0,07,000,00,0,1,01,B01
200700043720,0,33,000,00,2,1,01,A01
200700043720,0,33,000,00,0,4,01,B01
200700043721,0,07,000,00,2,2,15,A01
200700043721,0,02,000,00,2,1,01,B01
200700043722,0,07,000,00,2,1,01,A01
200700043722,0,10,000,03,2,7,01,B01
200700043723,0,07,000,00,0,5,01,A01
200700043723,0,07,000,00,2,1,01,B01
200700043724,0,02,000,00,2,7,15,A01
200700043724,0,07,000,00,2,1,15,B01
200700043725,0,20,000,01,0,0,01,A01
200700043726,1,07,000,00,1,3,15,A01
200700043727,0,02,000,00,0,0,01,A01
200700043728,0,07,000,00,1,1,01,A01
200700043729,0,07,000,00,2,2,15,A01
200700043729,0,07,000,00,2,1,01,B01
200700043730,2,07,000,00,2,3,15,A01
200700043730,0,33,000,00,0,2,01,B01
200700043731,1,07,000,00,2,8,01,A01
200700043731,0,01,000,00,2,7,01,B01
200700043732,0,07,000,00,2,1,01,A01
200700043732,0,07,000,00,2,4,01,B01
200700043733,0,07,000,00,1,1,01,A01
200700043734,0,07,000,00,1,2,01,A01