Num_Acc,senc,catv,occutc,obs,obsm,choc,manv,num_veh
200700043735,0,07,000,08,0,5,14,A01
200700043736,0,07,000,00,2,1,01,A01
200700043736,0,33,000,00,2,8,01,B01
200700043737,0,07,000,13,0,7,14,A01
200700043738,0,07,000,00,2,1,01,B01
200700043738,0,07,000,00,0,8,15,A01
200700043739,0,07,000,00,2,2,15,A01
200700043739,0,07,000,00,2,1,01,B01
200700043740,0,07,000,00,2,8,01,A01
200700043740,0,07,000,00,2,1,01,B01
200700043741,0,07,000,00,2,1,02,A01
200700043741,0,07,000,00,2,4,23,B01
200700043742,0,07,000,00,2,1,01,A01
200700043742,0,07,000,00,0,4,01,B01
200700043743,0,07,000,00,2,2,17,A01
200700043743,0,01,000,00,2,1,15,B01
200700043744,0,33,000,00,2,1,17,A01
200700043744,0,07,000,00,2,8,16,B01
200700043745,0,07,000,00,2,1,13,A01
200700043745,0,01,000,00,0,1,01,B01
200700043746,0,07,000,00,2,8,10,A01
200700043746,0,33,000,00,2,1,17,B01
200700043747,0,07,000,04,0,3,13,A01
200700043748,0,07,000,00,0,3,01,B01
200700043748,0,07,000,00,2,1,01,A01
200700043749,0,07,000,00,2,3,01,A01
200700043749,0,02,000,01,2,1,01,B01
200700043750,0,01,000,00,2,1,09,A01
200700043750,0,07,000,00,2,3,01,B01
200700043751,0,07,000,00,2,1,01,A01
200700043751,0,07,000,00,2,4,01,B01
200700043752,0,07,000,00,2,3,15,B01
200700043752,0,34,000,00,2,1,17,A01
200700043753,0,33,000,00,2,9,17,A01
200700043753,0,07,000,00,2,3,15,B01
200700043754,0,30,000,00,0,4,01,B01
200700043754,0,07,000,00,2,1,01,A01
200700043755,0,02,000,14,0,1,01,A01
200700043756,0,07,000,00,2,3,09,A01
200700043756,0,30,000,00,2,1,02,B01
200700043757,0,33,000,00,0,8,00,A01
200700043758,0,07,000,00,2,2,14,A01
200700043758,0,33,000,00,2,3,01,B01
200700043759,0,07,000,00,2,3,15,A01
200700043759,0,34,000,00,2,7,17,B01
200700043760,0,07,000,00,2,3,15,A01
200700043760,0,02,000,00,2,1,01,B01
200700043761,0,07,000,00,1,5,04,A01
200700043762,0,10,000,00,2,1,02,A01
200700043762,0,33,000,00,0,4,02,B01
200700043763,0,07,000,03,2,3,09,A01
200700043763,0,30,000,00,2,1,01,B01
200700043764,0,07,000,08,0,9,14,A01
200700043765,0,15,000,00,2,5,01,A01
200700043765,0,01,000,00,2,1,13,B01
200700043766,0,07,000,00,2,2,17,A01
200700043766,0,07,000,00,2,6,01,B01
200700043767,0,07,000,01,0,1,01,A01
200700043768,0,07,000,00,1,2,01,A01
200700043769,0,02,000,00,1,1,01,A01
200700043770,0,07,000,00,2,1,02,A01
200700043770,0,07,000,00,2,4,01,B01
200700043771,0,01,000,00,2,1,01,B01
200700043771,0,07,000,00,2,1,09,A01
200700043772,0,07,000,00,2,1,15,A01
200700043772,0,31,000,00,2,1,01,B01
200700043773,0,07,000,00,1,8,01,A01
200700043774,0,02,000,00,2,1,01,B01
200700043774,0,07,000,00,2,3,15,A01
200700043775,0,10,000,06,0,1,01,A01
200700043776,0,07,000,02,0,1,06,A01
200700043777,0,07,000,00,2,2,16,A01
200700043777,0,01,000,00,2,8,01,B01
200700043778,0,02,000,00,0,7,01,A01
200700043779,0,07,000,00,2,1,02,A01
200700043779,0,07,000,00,2,4,01,B01
200700043780,0,07,000,12,0,1,15,A01
200700043781,0,07,000,00,1,2,01,A01
200700043782,0,33,000,00,2,1,01,A01
200700043782,0,07,000,00,2,8,15,B01
200700043783,0,14,000,00,0,0,00,A01
200700043783,0,07,000,00,0,1,01,B01
200700043784,1,10,000,00,2,3,18,A01
200700043784,0,33,000,00,2,2,15,B01
200700043785,0,32,000,00,2,8,02,A01
200700043785,0,07,000,00,2,7,02,B01
200700043786,0,07,000,00,1,1,16,A01
200700043787,0,07,000,00,2,2,15,A01
200700043787,0,02,000,00,1,1,01,B01
200700043788,0,10,000,00,1,4,04,A01
200700043789,0,31,000,00,2,1,01,B01
200700043789,0,07,000,00,2,5,01,A01
200700043790,0,07,000,00,2,1,01,A01
200700043790,0,07,000,00,2,1,01,B01
200700043791,1,07,000,00,2,1,01,A01
200700043791,0,30,000,00,2,8,19,B01
200700043792,0,33,000,00,2,1,17,A01
200700043792,0,07,000,00,2,8,15,B01
200700043793,0,02,000,00,2,1,17,A01
200700043793,0,07,000,00,2,3,15,B01
200700043794,0,10,000,00,1,1,01,A01
200700043795,0,07,000,00,1,1,01,A01
200700043796,0,07,000,00,0,9,14,A01
200700043797,0,07,000,00,2,1,13,A01
200700043797,0,07,000,12,2,1,01,B01
200700043798,0,30,000,00,2,1,01,A01
200700043798,1,10,000,00,0,0,01,B01
200700043799,0,33,000,00,2,8,01,B01
200700043799,0,07,000,00,2,1,01,A01
200700043800,0,07,000,13,0,9,14,A01
200700043801,0,07,000,00,2,1,02,A01
200700043801,0,07,000,00,2,1,02,C01
200700043801,0,07,000,00,2,4,01,B01
200700043802,0,01,000,00,2,1,17,A01
200700043802,0,07,000,00,2,6,16,B01
200700043803,0,07,000,00,2,5,14,A01
200700043803,0,01,000,00,2,8,01,B01
200700043804,0,02,000,16,0,7,14,A01
200700043805,0,33,000,00,2,1,01,B01
200700043805,0,07,000,00,2,3,09,A01
200700043806,0,02,000,00,2,1,01,B01
200700043806,0,07,000,00,2,3,09,A01
200700043807,0,30,000,00,0,0,01,A01
200700043808,0,07,000,00,2,4,00,C01
200700043808,0,07,000,00,2,4,02,B01
200700043808,0,07,000,00,2,4,02,D01
200700043808,0,07,000,00,2,1,02,A01
200700043809,0,30,000,10,0,1,13,A01
200700043810,0,07,000,00,2,8,00,A01
200700043810,0,02,000,00,2,1,00,B01
200700043811,0,32,000,00,2,1,01,B01
200700043811,0,07,000,00,2,2,15,A01
200700043812,0,30,000,01,0,1,05,A01
200700043813,0,07,000,00,1,1,01,A01
200700043814,0,30,000,00,2,1,01,B01
200700043814,0,07,000,00,2,2,15,A01
200700043815,0,07,000,00,2,6,15,B01
200700043815,0,33,000,00,2,1,17,A01
200700043816,0,07,000,00,2,1,01,B01
200700043816,0,07,000,00,2,1,13,A01
200700043817,0,07,000,00,2,6,15,B01
200700043817,0,30,000,00,2,1,17,A01
200700043818,0,07,000,00,2,1,02,A01
200700043818,0,30,000,00,2,4,23,B01
200700043819,0,31,000,00,0,0,02,A01
200700043819,0,07,000,00,9,1,02,B01
200700043820,0,07,000,00,2,3,10,A01
200700043820,0,33,000,00,2,1,01,B01
200700043821,0,02,000,00,2,1,01,B01
200700043821,0,07,000,00,2,3,15,A01
200700043822,0,30,000,00,2,1,17,B01
200700043822,0,07,000,00,2,6,15,A01
200700043823,0,10,000,00,2,3,01,C01
200700043823,0,07,000,00,2,1,13,A01
200700043823,0,10,000,00,2,8,01,B01
200700043824,0,01,000,00,2,1,01,A01
200700043824,1,07,000,00,2,5,16,B01
200700043825,0,07,000,00,2,1,15,A01
200700043825,0,02,000,00,2,1,01,B01
200700043826,0,07,000,00,2,5,15,A01
200700043826,0,31,000,00,2,7,01,B01
200700043827,0,07,000,00,2,1,15,B01
200700043827,0,32,000,00,2,1,17,A01
200700043828,0,07,000,00,2,6,19,A01
200700043828,0,32,000,00,2,1,01,B01
200700043829,0,30,000,09,0,1,01,A01
200700043830,0,33,000,01,0,1,01,A01
200700043831,0,33,000,00,2,1,17,A01
200700043831,0,02,000,00,2,8,09,B01
200700043832,0,07,000,00,1,1,02,A01
200700043833,0,07,000,00,1,1,01,A01
200700043834,0,17,000,00,2,0,17,A01
200700043834,0,01,000,00,0,2,02,B01
200700043835,0,07,000,00,0,7,01,B01
200700043835,0,07,000,00,2,1,01,A01
200700043836,0,10,000,00,0,4,01,C01
200700043836,0,07,000,00,2,1,02,B01
200700043836,0,07,000,00,2,1,02,A01
200700043837,0,07,000,00,2,1,01,B01
200700043837,0,07,000,00,0,8,15,A01
200700043838,0,07,000,00,0,4,01,B01
200700043838,0,07,000,00,2,1,02,A01
200700043839,0,07,000,00,0,4,01,B01
200700043839,0,14,000,00,2,1,02,A01
200700043840,0,07,000,00,0,1,01,B01
200700043840,0,07,000,00,2,1,15,A01
200700043841,0,07,000,00,0,0,11,A01
200700043841,0,33,000,00,0,4,17,B01
200700043842,0,33,000,00,2,1,01,B01
200700043842,0,07,000,00,2,2,15,A01
200700043843,0,07,000,00,2,3,13,B01
200700043843,0,07,000,00,2,1,01,A01
200700043844,0,07,000,00,2,2,15,B01
200700043844,0,33,000,00,2,1,17,A01
200700043845,0,07,000,11,0,1,06,A01
200700043846,0,01,000,00,2,1,01,D01
200700043846,0,07,000,00,2,7,14,A01
200700043847,0,10,000,00,0,3,01,B01
200700043847,0,07,000,00,2,3,16,A01
200700043848,0,07,000,00,0,9,13,A01
200700043849,0,01,000,00,0,8,01,B01
200700043849,0,07,000,00,2,2,16,A01
200700043850,0,07,000,08,0,2,14,A01
200700043851,0,07,000,00,1,4,04,A01
200700043852,0,02,000,00,2,1,01,A01
200700043852,0,07,000,00,0,8,01,B01
200700043853,0,07,000,00,2,1,01,B01
200700043853,0,07,000,00,0,2,15,A01
200700043854,0,07,000,00,2,1,01,B01
200700043854,0,07,000,00,0,1,15,A01
200700043855,0,30,000,00,2,3,01,A01
200700043855,0,07,000,00,0,3,15,B01
200700043856,0,07,000,00,0,9,13,A01
200700043857,0,07,000,13,0,2,14,A01
200700043858,0,07,000,00,0,5,14,B01
200700043858,0,33,000,00,2,1,01,A01
200700043859,0,17,000,00,2,2,12,A01
200700043859,0,07,000,00,2,6,01,B01
200700043860,0,07,000,00,2,1,13,A01
200700043860,0,07,000,00,2,1,01,B01
200700043861,0,07,000,00,2,1,13,A01
200700043861,0,07,000,00,2,1,01,B01
200700043862,0,07,000,00,2,1,01,A01
200700043863,0,07,000,00,2,1,01,A01
200700043863,0,07,000,00,2,4,23,C01
200700043863,0,07,000,00,2,4,23,B01
200700043863,0,10,000,00,2,4,01,D01
200700043864,0,31,000,00,2,1,01,B01
200700043864,1,07,000,00,2,3,17,A01
200700043865,1,30,000,00,1,1,01,A01
200700043866,0,07,000,00,2,1,19,A01
200700043866,0,07,000,00,2,8,15,B01
200700043867,0,02,000,12,0,1,14,A01
200700043868,0,07,000,00,2,7,15,A01
200700043868,0,99,000,00,2,1,01,B01
200700043869,0,07,000,00,1,1,01,A01
200700043870,0,07,000,01,0,1,01,A01
200700043870,0,07,000,00,2,4,23,B01
200700043871,0,07,000,00,2,7,15,A01
200700043871,0,07,000,00,2,3,01,B01
200700043872,2,07,000,02,0,7,01,A01
200700043873,0,07,000,00,1,1,01,A01
200700043874,0,07,000,00,2,7,15,A01
200700043874,0,07,000,00,2,1,01,B01
200700043875,0,07,000,00,2,1,01,A01
200700043875,0,01,000,00,2,7,01,B01
200700043876,0,07,000,00,1,1,14,A01
200700043877,0,07,000,00,2,7,22,A01
200700043877,0,01,000,01,0,1,01,B01
200700043878,0,07,000,00,2,1,02,A01
200700043878,0,07,000,00,0,4,23,B01
200700043879,0,01,000,00,2,1,01,A01
200700043879,0,01,000,00,2,1,01,B01
200700043880,0,02,000,00,2,1,15,A01
200700043880,0,07,000,00,2,1,16,B01
200700043881,0,36,000,00,2,1,17,A01
200700043881,0,07,000,00,2,2,01,B01
200700043881,0,07,000,00,2,8,01,C01
200700043882,0,07,000,00,2,1,15,A01
200700043882,0,30,000,00,2,1,01,B01
200700043883,0,01,000,00,2,8,01,A01
200700043883,0,01,000,00,2,1,01,B01
200700043884,0,07,000,00,2,1,01,A01
200700043884,0,01,000,00,2,4,01,B01
200700043885,0,10,000,00,4,8,10,A01
200700043885,0,40,000,00,2,1,01,B01
200700043886,0,07,000,00,2,8,01,B01
200700043886,0,07,000,00,2,1,01,A01
200700043887,0,07,000,00,2,1,01,A01
200700043887,0,99,000,00,2,4,23,B01
200700043887,0,07,000,00,2,4,23,C01
200700043887,0,07,000,00,2,4,23,D01
200700043888,0,01,000,00,2,8,15,A01
200700043888,0,07,000,00,2,1,01,B01
200700043889,0,07,000,00,2,4,01,A01
200700043889,0,07,000,00,2,2,02,B01
200700043889,0,07,000,00,2,9,02,C01
200700043889,1,07,000,00,2,0,02,D01
200700043890,0,07,000,00,1,1,01,A01
200700043891,0,07,000,00,1,3,01,A01
200700043892,0,07,000,01,0,1,13,A01
200700043893,1,33,000,00,1,1,01,A01
200700043894,0,10,000,00,2,1,01,A01
200700043894,0,07,000,00,2,4,01,B01
200700043895,0,07,000,00,2,7,01,A01
200700043895,0,10,000,00,2,3,01,B01
200700043896,0,30,000,11,0,1,01,A01
200700043897,0,10,000,00,2,1,15,A01
200700043897,0,31,000,00,2,8,01,B01
200700043898,0,07,000,00,2,1,01,A01
200700043898,0,07,000,00,2,1,01,B01
200700043898,0,07,000,00,2,4,01,C01
200700043899,0,01,000,00,2,8,15,A01
200700043899,0,40,000,00,2,1,01,B01
200700043900,1,07,000,00,1,1,01,A01
200700043901,0,30,000,00,2,1,13,A01
200700043901,0,01,000,00,2,1,01,B01
200700043902,0,07,000,00,2,2,02,A01
200700043902,0,07,000,00,2,4,02,B01
200700043903,0,01,000,00,2,1,19,A01
200700043903,0,07,000,00,2,2,01,B01
200700043904,0,37,000,00,2,1,01,B01
200700043904,0,02,000,00,2,1,16,A01
200700043905,0,01,000,00,2,7,15,A01
200700043905,0,07,000,00,2,1,01,B01
200700043906,0,37,001,00,1,2,01,A01
200700043907,0,30,000,00,2,1,02,A01
200700043907,0,07,000,00,2,5,02,B01
200700043908,0,07,000,14,0,2,01,B01
200700043908,0,07,000,02,2,1,13,A01
200700043909,0,07,000,00,2,2,15,A01
200700043909,0,30,000,00,2,1,01,B01
200700043910,0,07,000,00,2,1,01,A01
200700043910,0,07,000,00,2,4,23,B01
200700043910,0,07,000,00,2,4,23,C01
200700043911,0,07,000,00,2,2,01,B01
200700043911,0,07,000,00,2,3,01,A01
200700043912,0,07,000,00,2,5,15,A01
200700043912,0,01,000,00,2,1,01,B01
200700043913,0,33,000,00,9,8,02,A01
200700043914,0,07,000,06,2,1,00,A01
200700043914,0,07,000,00,2,3,02,B01
200700043915,0,07,000,00,4,9,12,A01
200700043915,0,40,000,00,2,1,01,B01
200700043916,0,02,000,00,2,1,02,B01
200700043916,0,07,000,00,2,8,23,A01
200700043917,0,07,000,00,2,2,15,A01
200700043917,0,07,000,00,2,1,01,B01
200700043918,0,30,000,00,2,2,01,B01
200700043918,0,07,000,00,2,3,09,A01
200700043919,0,01,000,00,2,2,01,B01
200700043919,0,07,000,00,2,3,15,A01
200700043920,0,07,000,00,2,8,01,B01
200700043920,0,02,000,00,2,1,01,A01
200700043921,0,07,000,00,1,1,10,A01
200700043922,0,07,000,00,2,3,09,A01
200700043922,0,07,000,00,2,2,01,B01
200700043923,0,02,000,00,0,3,01,A01
200700043923,0,07,000,00,0,2,01,B01
200700043924,0,07,000,00,2,8,01,B01
200700043924,0,07,000,00,2,3,01,A01
200700043925,0,07,000,00,2,8,01,A01
200700043925,0,01,000,00,2,1,19,B01
200700043926,0,07,000,00,9,2,19,A01
200700043926,0,02,000,00,2,1,01,B01
200700043927,0,07,000,00,2,2,01,B01
200700043927,0,01,000,00,2,1,01,A01
200700043928,0,37,001,00,1,2,01,A01
200700043929,0,07,000,00,9,1,19,A01
200700043929,0,01,000,00,2,1,15,B01
200700043930,0,01,000,06,0,1,00,A01
200700043931,0,07,000,00,2,0,00,A01
200700043931,0,02,000,00,2,2,01,B01
200700043932,0,07,000,03,0,4,00,B01
200700043932,0,15,000,00,2,1,00,A01
200700043933,0,07,000,00,2,3,09,A01
200700043933,0,07,000,00,2,2,01,B01
200700043934,0,02,000,00,2,1,01,A01
200700043934,0,07,000,00,2,3,10,B01
200700043935,0,30,000,00,0,1,02,A01
200700043935,0,07,000,00,0,4,02,B01
200700043936,0,07,000,00,0,3,09,A01
200700043936,0,07,000,00,0,1,02,B01
200700043937,0,31,000,00,2,3,01,A01
200700043937,0,10,000,00,2,7,16,B01
200700043938,0,30,000,00,2,2,17,A01
200700043938,0,07,000,00,0,0,15,B01
200700043939,0,02,000,00,2,1,00,A01
200700043939,0,07,000,00,2,6,00,B01
200700043940,0,07,000,00,0,4,23,A01
200700043940,0,07,000,00,2,1,02,B01
200700043941,0,07,000,00,2,6,01,A01
200700043941,0,01,000,00,2,8,19,B01
200700043942,0,32,000,00,2,1,01,A01
200700043942,0,07,000,00,2,4,23,B01
200700043943,0,07,000,13,0,1,01,A01
200700043944,0,07,000,00,2,2,15,A01
200700043944,2,07,000,00,2,1,01,B01
200700043945,0,07,000,00,1,2,01,A01
200700043946,0,31,000,00,2,1,01,A01
200700043946,0,07,000,00,2,2,15,B01
200700043947,0,07,000,00,2,2,15,A01
200700043947,0,07,000,00,2,1,01,B01
200700043948,0,07,000,00,2,2,01,A01
200700043948,0,01,000,00,2,1,15,B01
200700043949,0,07,000,01,2,1,02,A01
200700043949,0,07,000,00,0,4,23,B01
200700043949,0,07,000,00,2,3,01,C01
200700043950,0,07,000,00,1,3,01,A01
200700043951,0,33,000,00,2,1,00,A01
200700043951,0,07,000,00,2,0,02,B01
200700043952,0,07,000,15,0,5,01,A01
200700043953,0,10,000,00,1,2,16,A01
200700043954,1,07,000,00,2,0,00,A01
200700043954,0,01,000,00,2,8,15,B01
200700043955,0,07,000,00,9,0,12,A01
200700043955,0,01,000,00,2,1,01,B01
200700043956,0,07,000,00,1,1,15,A01
200700043957,0,07,000,00,2,2,00,B01
200700043957,0,07,000,00,2,3,00,A01
200700043958,0,07,000,00,0,2,00,B01
200700043958,0,01,000,00,0,0,00,A01
200700043959,0,07,000,00,4,1,01,A01
200700043959,0,40,000,00,2,8,01,B01
200700043960,0,33,000,00,0,0,01,A01
200700043961,0,07,000,00,2,8,01,A01
200700043961,0,07,000,00,2,1,01,B01
200700043962,0,07,000,00,2,4,23,B01
200700043962,0,07,000,00,2,1,01,A01
200700043963,0,02,000,00,2,1,00,A01
200700043963,0,33,000,00,2,7,15,B01
200700043964,0,07,000,00,2,1,05,A01
200700043964,0,07,000,00,2,1,05,C01
200700043964,0,07,000,00,2,8,05,B01
200700043965,0,02,000,00,2,1,01,B01
200700043965,0,07,000,00,2,3,15,A01
200700043966,0,07,000,00,2,1,15,A01
200700043966,0,01,000,00,2,7,01,B01
200700043967,0,33,000,00,2,1,01,B01
200700043967,0,07,000,00,2,7,15,A01
200700043968,0,10,000,00,1,0,15,A01
200700043969,0,07,000,00,1,0,01,A01
200700043970,0,07,000,00,2,8,01,A01
200700043970,0,07,000,00,2,1,15,B01
200700043971,0,10,000,00,1,2,01,A01
200700043972,0,01,000,01,9,0,01,B01
200700043972,0,10,000,01,9,0,22,A01
200700043973,0,07,000,00,1,2,01,A01
200700043974,0,02,000,00,2,1,17,A01
200700043974,0,07,000,00,0,6,23,B01
200700043975,0,33,000,00,1,1,17,A01
200700043976,0,07,000,00,0,5,15,A01
200700043976,0,33,000,00,2,1,01,B01
200700043977,0,07,000,00,2,1,02,A01
200700043977,0,07,000,00,2,1,02,B01
200700043977,0,07,000,00,2,4,23,C01
200700043978,0,14,000,00,2,1,01,A01
200700043978,0,07,000,00,0,4,01,B01
200700043979,0,07,000,06,0,2,14,A01
200700043980,0,07,000,00,2,1,01,A01
200700043980,0,07,000,00,2,8,01,B01
200700043981,0,07,000,00,2,7,15,A01
200700043981,0,33,000,00,2,9,01,B01
200700043982,0,07,000,00,0,0,15,A01
200700043982,0,32,000,00,0,8,01,B01
200700043983,0,10,000,00,2,7,09,A01
200700043983,0,07,000,00,2,3,01,B01
200700043984,0,07,000,00,2,3,13,A01
200700043984,0,07,000,00,2,3,01,B01
200700043984,0,07,000,00,2,1,01,C01
200700043985,0,07,000,06,0,2,13,A01
200700043986,0,01,000,00,2,4,15,A01
200700043986,0,07,000,00,2,3,02,B01
200700043987,0,07,000,00,2,2,19,A01
200700043987,0,33,000,00,2,1,01,B01
200700043988,0,37,001,00,2,1,01,B01
200700043988,0,07,000,00,2,8,15,A01
200700043989,0,07,000,00,2,3,13,A01
200700043989,0,07,000,00,2,3,01,B01
200700043990,0,10,000,00,1,5,01,A01
200700043991,0,07,000,00,2,3,15,A01
200700043991,0,13,000,00,2,3,01,B01
200700043992,0,07,000,00,2,7,15,A01
200700043992,0,33,000,00,2,1,01,B01
200700043993,0,30,000,00,2,1,02,A01
200700043993,0,07,000,00,0,4,02,B01
200700043994,0,07,000,00,2,1,01,A01
200700043994,0,07,000,00,2,4,01,B01
200700043994,0,14,000,00,2,4,01,C01
200700043995,0,02,000,00,0,0,01,A01
200700043996,0,07,000,00,2,1,01,A01
200700043996,0,07,000,00,2,4,01,B01
200700043997,0,07,000,00,2,1,13,A01
200700043997,0,07,000,00,2,1,01,B01
200700043998,0,07,000,00,2,8,11,A01
200700043998,0,07,000,00,2,7,01,B01
200700043999,0,32,000,00,2,8,17,A01
200700043999,0,07,000,00,2,3,15,B01
200700044000,0,07,000,00,2,4,01,B01
200700044000,0,07,000,00,2,1,01,A01
200700044001,0,07,000,02,0,0,01,A01
200700044002,0,07,000,06,0,1,01,A01
200700044003,0,33,000,00,0,1,01,A01
200700044004,0,32,000,00,2,1,01,B01
200700044005,0,10,000,00,2,1,01,B01
200700044005,0,07,000,00,0,8,15,A01
200700044006,0,07,000,01,2,6,01,A01
200700044006,0,33,000,00,2,1,01,B01
200700044007,0,07,000,00,2,3,02,B01
200700044007,0,07,000,00,2,1,01,A01
200700044007,0,07,000,00,2,6,01,C01
200700044008,0,07,000,00,2,1,13,A01
200700044008,0,07,000,00,0,3,01,B01
200700044009,0,02,000,00,2,1,16,B01
200700044009,0,07,000,00,0,8,16,A01
200700044010,0,07,000,00,2,7,11,A01
200700044010,0,07,000,00,2,1,01,B01
200700044011,0,07,000,00,1,3,11,A01
200700044012,0,07,000,09,0,1,01,A01
200700044013,0,07,000,13,0,1,01,A01
200700044014,0,07,000,13,0,9,01,A01
200700044015,0,07,000,00,1,2,01,A01
200700044016,2,33,000,08,0,1,01,A01
200700044017,0,07,000,00,2,2,01,B01
200700044017,0,07,000,00,2,2,13,A01
200700044018,0,07,000,00,1,1,01,A01
200700044019,0,07,000,01,0,1,01,A01
200700044020,0,31,000,00,1,8,01,A01
200700044021,0,07,000,01,0,1,01,A01
200700044022,0,02,000,16,0,0,01,A01
200700044023,0,07,000,16,0,8,01,A01
200700044024,0,07,000,00,2,6,11,A01
200700044024,0,07,000,00,0,2,01,B01
200700044025,0,02,000,00,2,1,01,B01
200700044025,0,07,000,00,0,7,01,A01
200700044026,0,07,000,00,0,8,15,A01
200700044026,0,32,000,00,2,1,17,B01
200700044027,0,07,000,00,2,1,01,A01
200700044027,0,07,000,00,0,4,23,B01
200700044028,0,02,000,16,0,7,01,A01
200700044029,0,07,000,00,1,4,04,A01
200700044030,0,07,000,00,2,1,01,A01
200700044030,0,01,000,00,0,4,01,B01
200700044031,0,02,000,16,0,8,01,A01
200700044032,0,02,000,01,0,1,01,A01
200700044033,0,07,000,00,1,1,01,A01
200700044034,0,02,000,00,2,1,01,A01
200700044034,0,07,000,00,0,4,01,B01
200700044035,0,07,000,00,2,1,01,A01
200700044035,0,07,000,00,0,4,23,B01
200700044036,0,02,000,01,0,7,01,A01
200700044037,0,07,000,00,1,7,01,B01
200700044038,0,07,000,00,2,8,01,A01
200700044038,0,01,000,00,0,0,19,B01
200700044039,0,07,000,00,1,4,04,A01
200700044040,0,01,000,14,0,1,01,A01
200700044041,0,07,000,00,2,2,15,A01
200700044041,0,02,000,00,0,1,01,B01
200700044042,0,02,000,16,0,0,01,A01
200700044043,0,02,000,09,0,1,01,A01
200700044044,0,02,000,16,0,8,01,A01
200700044045,0,07,000,16,0,2,01,A01
200700044046,0,07,000,00,2,1,01,A01
200700044046,0,01,000,00,0,8,11,B01
200700044047,0,07,000,00,1,4,04,A01
200700044048,0,03,000,08,0,1,01,A01
200700044049,0,01,000,16,0,0,01,A01
200700044050,0,07,000,00,1,1,01,A01
200700044051,0,07,000,00,2,1,01,A01
200700044051,0,07,000,00,0,1,01,B01
200700044052,0,07,000,01,2,1,01,A01
200700044052,0,07,000,06,0,1,01,B01
200700044053,0,07,000,00,2,3,05,A01
200700044053,0,07,000,00,0,3,01,B01
200700044054,0,01,000,16,0,0,01,A01
200700044055,0,07,000,00,9,1,15,A01
200700044055,0,33,000,00,2,1,01,B01
200700044056,0,07,000,02,0,3,01,A01
200700044057,0,07,000,00,0,1,01,A01
200700044058,0,10,000,00,1,1,01,A01
200700044059,0,30,000,01,0,1,01,A01
200700044060,0,10,000,00,0,0,00,A01
200700044061,0,07,000,02,0,1,01,A01
200700044062,1,10,000,00,2,0,17,A01
200700044062,0,01,000,00,0,1,17,B01
200700044063,0,10,000,01,2,5,01,A01
200700044063,0,01,000,00,0,1,01,B01
200700044064,0,07,000,00,2,3,19,A01
200700044064,0,07,000,00,2,1,01,B01
200700044065,0,07,000,00,1,1,15,A01
200700044066,1,30,000,00,0,8,10,A01
200700044066,0,33,000,00,2,1,17,B01
200700044067,0,07,000,00,2,2,15,A01
200700044067,0,32,000,00,2,1,01,B01
200700044068,0,07,000,01,0,2,16,A01
200700044068,0,07,000,00,0,6,24,B01
200700044069,0,33,000,00,2,4,01,A01
200700044069,0,07,000,00,2,4,01,B01
200700044070,0,07,000,00,2,5,15,A01
200700044070,0,33,000,00,2,1,01,B01
200700044071,0,07,000,00,2,3,10,A01
200700044071,0,32,000,00,2,1,17,B01
200700044072,0,07,000,00,2,3,10,A01
200700044072,0,07,000,00,2,1,02,B01
200700044073,0,07,000,00,2,8,15,A01
200700044073,0,33,000,00,2,1,01,B01
200700044074,0,33,000,00,2,1,00,A01
200700044074,0,07,000,00,2,8,10,B01
200700044075,0,07,000,00,9,6,15,A01
200700044075,0,30,000,00,2,1,02,B01
200700044076,0,33,000,00,2,0,01,A01
200700044076,0,07,000,00,9,1,15,B01
200700044077,0,02,000,00,2,0,01,A01
200700044077,1,07,000,00,9,0,00,B01
200700044078,1,07,000,00,1,1,01,A01
200700044079,0,07,000,00,2,1,01,B01
200700044079,0,02,000,00,2,1,01,A01
200700044080,0,02,000,00,2,1,02,A01
200700044080,0,07,000,00,0,4,02,B01
200700044081,0,10,000,00,2,3,02,A01
200700044081,0,10,000,00,2,5,02,B01
200700044082,0,14,000,00,2,2,00,A01
200700044082,0,02,000,00,1,4,15,B01
200700044083,0,07,000,00,2,2,15,A01
200700044083,0,33,000,00,2,1,01,B01
200700044084,0,07,000,00,2,2,15,A01
200700044084,0,07,000,00,2,1,01,B01
200700044085,0,17,000,00,0,8,16,A01
200700044086,0,07,000,00,1,7,01,A01
200700044087,0,30,000,00,0,8,01,A01
200700044088,0,30,000,14,0,7,01,A01
200700044089,0,07,000,00,1,1,01,A01
200700044090,0,07,000,00,1,2,01,A01
200700044091,0,07,000,00,2,1,01,A01
200700044091,0,07,000,00,2,1,01,B01
200700044092,0,07,000,15,0,1,01,A01
200700044093,0,07,000,00,2,2,18,A01
200700044093,0,33,000,00,2,8,01,B01
200700044094,0,07,000,00,2,3,15,A01
200700044094,0,33,000,00,2,1,17,B01
200700044095,0,33,000,00,2,9,17,A01
200700044095,0,07,000,00,2,6,15,B01
200700044096,0,07,000,08,1,2,14,A01
200700044097,0,02,000,00,0,8,01,A01
200700044098,0,30,000,00,2,6,17,A01
200700044098,0,07,000,00,2,4,15,B01
200700044099,0,30,000,00,2,1,01,A01
200700044099,0,07,000,00,0,4,01,B01
200700044100,0,07,000,08,0,1,01,A01
200700044101,0,07,000,01,0,2,21,A01
200700044101,0,07,000,00,2,6,23,B01
200700044102,0,07,000,00,2,1,15,A01