Num_Acc,senc,catv,occutc,obs,obsm,choc,manv,num_veh
200700044102,0,07,000,00,2,3,01,B01
200700044103,0,33,000,00,2,1,00,B01
200700044103,0,07,000,00,2,6,00,A01
200700044104,0,02,000,00,2,1,05,A01
200700044104,0,07,000,00,0,1,02,B01
200700044105,0,07,000,00,2,1,01,B01
200700044105,0,30,000,00,2,8,01,A01
200700044106,0,07,000,04,0,3,01,A01
200700044107,0,02,000,16,0,7,01,A01
200700044108,0,07,000,00,2,8,19,A01
200700044108,0,33,000,00,2,1,16,B01
200700044109,0,10,000,02,2,8,13,A01
200700044109,0,07,000,00,2,2,01,B01
200700044110,0,30,000,00,2,1,01,A01
200700044110,0,07,000,00,2,5,02,B01
200700044111,0,33,000,00,0,9,00,A01
200700044112,0,07,000,00,2,2,15,A01
200700044112,0,33,000,00,2,1,01,B01
200700044113,0,07,000,00,2,1,02,A01
200700044113,0,07,000,00,2,2,01,B01
200700044114,0,30,000,00,0,9,01,A01
200700044115,0,33,000,12,0,7,14,A01
200700044116,0,07,000,00,9,1,01,A01
200700044116,0,01,000,00,2,8,01,B01
200700044117,0,07,000,01,0,1,01,A01
200700044118,0,07,000,05,2,9,00,A01
200700044118,0,17,000,00,0,6,02,B01
200700044119,0,07,000,00,2,4,04,A01
200700044119,0,01,000,00,2,1,02,B01
200700044120,0,07,000,16,0,2,17,A01
200700044121,0,33,000,00,0,0,01,A01
200700044122,0,07,000,00,2,1,01,A01
200700044122,0,07,000,00,2,4,02,B01
200700044123,0,02,000,00,2,1,01,A01
200700044123,0,07,000,00,2,6,02,B01
200700044124,0,02,000,09,0,8,13,A01
200700044125,0,30,000,00,2,1,01,A01
200700044125,0,07,000,00,2,3,09,B01
200700044126,0,07,000,00,2,0,00,B01
200700044126,0,07,000,00,2,2,00,A01
200700044127,0,07,000,13,0,0,00,A01
200700044128,0,07,000,08,0,7,00,A01
200700044129,0,07,000,00,0,1,02,A01
200700044130,0,33,000,00,2,2,17,A01
200700044130,0,07,000,00,2,8,15,B01
200700044131,0,07,000,00,2,6,02,A01
200700044131,0,07,000,00,2,3,02,B01
200700044131,0,07,000,00,0,5,02,C01
200700044132,0,07,000,07,0,1,16,A01
200700044133,0,07,000,00,2,1,02,A01
200700044133,0,07,000,00,0,4,02,B01
200700044134,0,07,000,13,0,3,02,A01
200700044135,0,07,000,00,2,1,09,A01
200700044135,0,07,000,00,2,2,01,B01
200700044136,0,07,000,02,0,1,00,A01
200700044137,0,33,000,01,0,2,01,A01
200700044138,0,07,000,00,2,1,13,A01
200700044138,0,07,000,00,2,3,02,B01
200700044139,0,07,000,01,0,2,01,A01
200700044139,0,33,000,00,0,8,24,B01
200700044140,0,07,000,13,0,9,01,A01
200700044141,0,07,000,02,2,1,01,A01
200700044141,0,07,000,00,2,3,01,B01
200700044142,0,07,000,00,2,1,01,A01
200700044142,0,07,000,00,2,1,01,B01
200700044143,0,07,000,00,2,1,02,A01
200700044143,0,07,000,00,0,4,02,C01
200700044143,0,07,000,00,0,4,02,D01
200700044143,0,07,000,00,0,4,01,B01
200700044144,0,07,000,02,0,1,06,A01
200700044145,0,02,000,00,2,8,15,A01
200700044145,0,07,000,00,2,2,01,B01
200700044146,0,07,000,00,2,3,13,A01
200700044146,0,07,000,00,2,3,01,B01
200700044147,0,07,000,13,0,9,01,A01
200700044148,0,10,000,00,2,5,12,B01
200700044148,0,07,000,02,1,3,01,A01
200700044149,0,07,000,00,2,1,05,A01
200700044149,0,10,000,00,2,3,01,B01
200700044150,0,33,000,00,2,1,11,A01
200700044150,0,07,000,00,2,6,15,B01
200700044151,0,07,000,00,2,8,01,A01
200700044151,0,33,000,00,2,7,12,B01
200700044152,0,30,000,01,0,1,00,A01
200700044153,0,07,000,08,0,3,13,A01
200700044154,0,07,000,00,0,3,01,A01
200700044154,0,01,000,00,0,0,01,B01
200700044155,2,07,000,00,0,4,15,A01
200700044155,0,33,000,00,2,1,17,B01
200700044156,0,07,000,01,0,3,00,A01
200700044157,0,30,000,00,0,0,00,A01
200700044158,0,07,000,00,0,1,00,A01
200700044158,0,07,000,00,0,4,00,B01
200700044159,0,07,000,04,0,1,00,A01
200700044160,0,30,000,00,0,1,17,B01
200700044160,0,07,000,00,0,3,15,A01
200700044161,0,31,000,14,0,7,02,A01
200700044162,0,33,000,00,2,1,01,B01
200700044162,0,37,001,00,2,1,15,A01
200700044163,0,33,000,00,2,1,01,B01
200700044163,0,07,000,00,0,5,10,A01
200700044164,0,07,000,06,0,1,01,A01
200700044165,0,07,000,09,1,1,03,A01
200700044166,0,07,000,05,6,9,01,A01
200700044167,0,07,000,00,2,1,06,A01
200700044167,0,33,000,00,2,8,01,B01
200700044168,0,07,000,00,0,0,15,A01
200700044168,0,33,000,00,0,3,17,B01
200700044169,0,07,000,00,2,3,09,A01
200700044169,0,33,000,00,2,1,01,B01
200700044170,0,07,000,00,2,3,01,A01
200700044170,0,07,000,00,2,3,01,B01
200700044171,0,33,000,00,2,1,21,A01
200700044171,1,07,000,00,0,0,17,B01
200700044172,0,07,000,00,0,1,01,B01
200700044172,0,03,000,00,0,3,16,A01
200700044173,0,07,000,00,1,2,01,A01
200700044174,0,07,000,00,0,4,02,B01
200700044174,0,07,000,00,2,1,02,A01
200700044175,0,07,000,00,2,7,01,B01
200700044175,0,07,000,00,2,3,01,A01
200700044176,0,07,000,02,0,1,01,A01
200700044177,0,07,000,00,2,3,01,B01
200700044177,0,07,000,00,2,3,13,A01
200700044178,2,07,000,00,2,1,13,A01
200700044178,0,07,000,00,2,1,01,B01
200700044179,0,14,000,08,0,1,01,A01
200700044180,0,07,000,00,2,2,15,A01
200700044180,0,07,000,00,2,1,01,B01
200700044181,0,07,000,00,1,2,01,A01
200700044182,0,07,000,00,2,2,15,A01
200700044182,0,07,000,00,2,1,01,B01
200700044183,0,07,000,11,0,0,00,B01
200700044183,0,07,000,00,0,0,01,A01
200700044184,0,07,000,00,1,1,15,B01
200700044185,0,10,000,00,2,4,01,A01
200700044185,0,15,000,00,2,1,01,B01
200700044185,0,07,000,00,2,1,02,C01
200700044186,0,07,000,00,2,8,00,B01
200700044186,0,07,000,00,2,1,02,A01
200700044187,0,33,000,00,0,1,01,A01
200700044188,0,33,000,00,2,3,02,B01
200700044188,0,07,000,00,0,5,12,A01
200700044189,0,13,000,00,2,5,02,A01
200700044189,0,01,000,00,2,1,19,B01
200700044190,0,32,000,00,0,8,01,A01
200700044191,0,07,000,00,0,0,00,A01
200700044191,0,07,000,00,0,0,00,B01
200700044192,0,07,000,00,2,1,13,A01
200700044192,0,33,000,00,2,1,02,B01
200700044193,0,30,000,00,2,1,02,A01
200700044193,0,07,000,00,0,6,02,B01
200700044194,0,07,000,00,2,3,15,A01
200700044194,0,33,000,00,2,1,02,B01
200700044195,0,07,000,00,2,1,15,A01
200700044195,0,07,000,00,2,3,01,B01
200700044196,0,03,000,00,2,2,12,B01
200700044196,0,07,000,00,2,1,01,A01
200700044197,0,07,000,00,2,1,15,A01
200700044197,0,07,000,00,2,1,01,B01
200700044197,0,07,000,01,0,8,24,C01
200700044198,0,32,000,00,2,2,02,A01
200700044198,0,07,000,00,2,3,16,B01
200700044199,0,14,000,00,1,3,01,A01
200700044200,0,07,000,00,2,1,02,A01
200700044200,0,07,000,00,2,4,02,B01
200700044200,0,07,000,00,2,4,02,C01
200700044201,0,07,000,00,1,1,01,A01
200700044202,1,07,000,00,2,0,13,A01
200700044202,0,33,000,00,2,2,01,B01
200700044203,0,07,000,00,2,1,01,A01
200700044203,0,01,000,00,2,8,00,B01
200700044204,0,07,000,00,2,4,01,C01
200700044204,0,07,000,00,2,1,01,A01
200700044204,0,07,000,00,2,4,01,B01
200700044205,0,07,000,00,2,6,14,A01
200700044205,0,02,000,00,2,8,02,B01
200700044206,1,99,000,01,1,0,14,A01
200700044207,0,07,000,00,1,1,00,A01
200700044208,0,07,000,00,2,2,05,A01
200700044208,0,07,000,00,2,5,21,B01
200700044209,0,07,000,00,2,0,00,A01
200700044209,0,07,000,00,0,1,00,B01
200700044210,0,07,000,00,2,1,00,A01
200700044210,0,07,000,00,0,4,00,B01
200700044211,0,07,000,00,2,2,01,B01
200700044211,0,07,000,00,2,2,15,A01
200700044212,0,01,000,00,2,3,05,A01
200700044212,0,07,000,00,2,1,00,C01
200700044212,0,07,000,00,2,8,01,B01
200700044213,0,07,000,00,1,1,01,A01
200700044214,0,07,000,00,1,1,00,A01
200700044215,0,07,000,00,2,2,01,C01
200700044215,0,07,000,00,2,0,15,A01
200700044215,0,07,000,00,2,1,01,B01
200700044216,0,33,000,00,1,1,01,A01
200700044217,0,07,000,00,1,5,00,A01
200700044218,0,07,000,00,2,6,01,A01
200700044218,0,33,000,00,2,1,01,B01
200700044219,0,10,000,00,9,5,00,A01
200700044219,0,01,000,00,2,1,01,B01
200700044220,0,30,000,00,2,9,01,A01
200700044220,0,07,000,00,2,3,01,B01
200700044221,0,34,000,00,2,1,01,A01
200700044221,0,07,000,00,2,6,01,B01
200700044222,0,07,000,01,0,1,01,A01
200700044223,0,07,000,14,0,9,00,A01
200700044224,0,07,000,02,0,8,01,A01
200700044225,0,07,000,00,0,1,15,A01
200700044226,0,33,000,00,2,8,01,B01
200700044226,0,10,000,00,2,2,15,A01
200700044227,0,07,000,00,0,1,01,A01
200700044228,0,33,000,00,2,1,02,A01
200700044228,0,07,000,00,2,4,02,B01
200700044229,0,07,000,00,1,2,01,A01
200700044230,0,07,000,00,2,3,13,A01
200700044230,0,31,000,00,2,7,02,B01
200700044231,0,07,000,00,2,3,10,A01
200700044231,0,07,000,00,2,1,21,B01
200700044232,0,07,000,00,2,6,11,A01
200700044232,0,33,000,00,2,1,01,B01
200700044233,0,07,000,00,2,4,01,A01
200700044233,0,07,000,00,2,2,01,B01
200700044234,0,07,000,00,2,2,01,A01
200700044234,0,07,000,00,2,3,23,C01
200700044234,0,07,000,00,2,1,01,B01
200700044235,0,07,000,00,2,3,11,A01
200700044235,0,33,000,00,2,8,01,B01
200700044235,0,07,000,00,9,3,01,C01
200700044235,0,07,000,00,2,1,01,D01
200700044236,0,07,000,00,2,2,01,B01
200700044236,0,30,000,00,2,1,01,A01
200700044237,0,07,000,00,2,2,15,A01
200700044237,0,30,000,00,2,1,01,B01
200700044238,0,10,000,00,1,2,01,A01
200700044239,0,07,000,00,2,7,15,A01
200700044239,0,07,000,00,2,1,01,B01
200700044240,0,07,000,00,2,8,19,A01
200700044240,0,07,000,00,2,1,01,B01
200700044241,0,15,000,00,2,2,01,B01
200700044241,0,33,000,00,2,1,19,A01
200700044242,0,30,000,00,2,2,01,A01
200700044242,0,07,000,00,2,1,01,B01
200700044243,0,07,000,09,0,1,01,A01
200700044243,0,15,000,00,0,0,11,B01
200700044244,0,01,000,00,2,1,05,A01
200700044244,0,14,000,00,2,7,09,B01
200700044245,0,07,000,00,1,1,01,A01
200700044246,0,07,000,00,2,8,01,B01
200700044246,0,07,000,00,2,3,15,A01
200700044246,0,07,000,00,2,1,23,C01
200700044247,0,07,000,00,1,3,01,A01
200700044248,0,07,000,00,2,1,02,A01
200700044248,0,07,000,00,0,4,02,B01
200700044249,0,07,000,00,1,1,15,A01
200700044250,0,07,000,00,2,8,24,B01
200700044250,0,01,000,00,2,7,01,A01
200700044251,0,15,000,00,2,6,02,A01
200700044251,0,07,000,08,2,3,01,B01
200700044252,0,07,000,00,1,1,15,A01
200700044253,0,05,000,00,2,2,01,A01
200700044253,0,07,000,00,2,8,01,B01
200700044254,0,07,000,00,1,0,01,A01
200700044255,0,07,000,00,0,5,23,A01
200700044255,0,01,000,01,0,1,01,B01
200700044256,0,07,000,00,0,0,10,A01
200700044256,0,32,000,00,0,7,01,B01
200700044257,0,07,000,00,1,1,01,A01
200700044258,0,07,000,00,2,1,15,A01
200700044258,0,07,000,00,2,1,01,B01
200700044259,0,07,000,00,1,7,01,A01
200700044260,0,07,000,00,2,1,13,A01
200700044260,0,07,000,00,2,1,01,B01
200700044261,0,14,000,14,2,2,01,A01
200700044261,0,02,000,00,2,7,06,B01
200700044262,0,07,000,00,2,2,02,A01
200700044262,0,21,000,00,2,4,02,B01
200700044263,0,02,000,01,0,1,13,A01
200700044264,0,07,000,00,2,6,15,A01
200700044264,0,02,000,00,2,1,01,B01
200700044265,0,07,000,00,2,8,15,A01
200700044265,0,33,000,00,2,1,17,B01
200700044266,0,07,000,00,2,1,01,A01
200700044266,0,33,000,00,2,1,01,B01
200700044267,0,07,000,08,0,1,01,A01
200700044268,0,07,000,15,0,1,01,A01
200700044269,0,10,000,00,1,4,04,A01
200700044270,0,07,000,00,2,4,01,B01
200700044270,0,07,000,00,2,1,01,A01
200700044271,0,02,000,00,2,7,17,A01
200700044271,0,07,000,00,2,3,15,B01
200700044272,0,13,000,00,2,1,02,A01
200700044272,0,10,000,00,2,4,01,B01
200700044272,0,07,000,00,2,4,01,C01
200700044273,0,07,000,01,2,1,01,A01
200700044273,0,07,000,00,2,1,01,B01
200700044274,0,07,000,00,2,1,01,A01
200700044274,0,07,000,00,2,4,00,B01
200700044275,0,32,000,00,2,8,01,A01
200700044275,0,10,000,00,2,7,15,B01
200700044276,0,01,000,00,2,1,01,A01
200700044276,0,07,000,00,2,1,01,B01
200700044277,0,10,000,00,2,7,16,A01
200700044277,0,01,000,00,2,1,01,B01
200700044278,0,02,000,00,2,1,17,A01
200700044278,0,07,000,00,2,4,01,B01
200700044279,0,33,000,00,2,1,01,A01
200700044279,0,33,000,00,2,8,01,B01
200700044280,0,07,000,00,2,1,15,A01
200700044280,0,02,000,00,2,7,01,B01
200700044281,0,02,000,01,0,1,01,A01
200700044282,0,07,000,02,0,8,01,A01
200700044283,0,02,000,12,1,1,01,A01
200700044284,0,07,000,13,0,1,01,A01
200700044285,0,07,000,06,0,1,01,A01
200700044286,0,07,000,00,2,1,01,C01
200700044286,0,07,000,00,2,1,01,A01
200700044286,0,07,000,00,2,4,01,B01
200700044287,0,07,000,00,2,1,01,A01
200700044287,0,33,000,00,2,4,01,B01
200700044288,0,07,000,00,1,2,01,A01
200700044289,0,07,000,00,2,3,13,A01
200700044289,0,10,000,00,2,3,01,B01
200700044290,0,07,000,00,2,5,15,A01
200700044290,0,32,000,00,2,1,01,B01
200700044291,0,31,000,00,0,0,01,B01
200700044291,0,07,000,00,2,7,00,A01
200700044292,0,33,000,13,0,1,21,A01
200700044293,0,07,000,00,2,1,02,A01
200700044293,0,07,000,00,2,9,02,B01
200700044293,0,07,000,00,0,4,02,C01
200700044294,0,01,000,00,2,1,01,A01
200700044294,0,07,000,00,0,4,01,B01
200700044295,0,10,000,02,0,2,14,A01
200700044296,0,07,000,00,1,1,01,A01
200700044297,0,07,000,00,2,1,15,A01
200700044297,0,07,000,00,2,1,01,B01
200700044298,0,30,000,00,0,2,16,A01
200700044299,0,33,000,00,2,2,21,A01
200700044299,0,07,000,00,0,6,02,B01
200700044299,0,38,004,00,2,3,01,C01
200700044300,0,07,000,00,2,1,02,A01
200700044300,0,07,000,00,2,4,02,B01
200700044301,0,07,000,00,1,2,02,A01
200700044302,0,33,000,00,2,1,19,A01
200700044302,0,07,000,00,2,1,19,B01
200700044303,0,07,000,01,0,7,02,A01
200700044303,0,17,000,00,2,5,24,B01
200700044304,0,07,000,16,0,9,01,A01
200700044305,0,07,000,00,2,0,15,A01
200700044305,0,30,000,00,0,8,01,B01
200700044306,0,07,000,00,1,1,01,A01
200700044307,0,07,000,00,1,1,01,A01
200700044308,0,07,000,12,0,1,06,A01
200700044309,0,07,000,00,2,7,16,A01
200700044309,0,02,000,00,2,7,19,B01
200700044310,0,07,000,13,0,1,14,A01
200700044311,0,07,000,00,2,7,15,A01
200700044311,0,05,000,00,2,1,01,B01
200700044312,0,10,000,00,2,1,15,A01
200700044312,0,07,000,00,2,1,01,B01
200700044313,0,05,000,00,2,1,01,B01
200700044313,0,07,000,00,2,8,15,A01
200700044314,0,07,000,00,1,3,16,A01
200700044315,0,07,000,00,1,3,01,A01
200700044316,0,07,000,06,2,9,01,A01
200700044316,0,07,000,00,0,6,01,B01
200700044316,0,07,000,00,2,1,01,C01
200700044317,0,07,000,00,2,1,05,A01
200700044317,0,07,000,00,2,6,02,B01
200700044317,0,07,000,00,2,1,02,C01
200700044318,0,07,000,00,2,7,15,A01
200700044318,0,32,000,00,2,1,01,B01
200700044318,0,07,000,00,9,3,01,C01
200700044319,0,07,000,15,0,1,00,A01
200700044320,0,33,000,02,0,1,14,A01
200700044321,0,32,000,00,0,0,01,A01
200700044322,0,07,000,00,9,7,15,A01
200700044322,0,33,000,00,2,1,01,B01
200700044323,0,07,000,00,2,3,10,A01
200700044323,0,32,000,00,2,1,01,B01
200700044323,0,07,000,00,2,8,01,C01
200700044324,0,31,000,00,2,1,00,A01
200700044324,0,07,000,00,2,8,15,B01
200700044325,0,07,000,00,2,3,15,A01
200700044325,0,33,000,00,2,1,01,B01
200700044326,0,07,000,00,2,3,15,A01
200700044326,0,07,000,00,2,2,17,B01
200700044327,0,07,000,00,2,1,09,A01
200700044327,0,30,000,00,2,4,02,B01
200700044328,0,07,000,00,2,1,13,A01
200700044328,0,07,000,00,2,8,01,B01
200700044329,0,07,000,00,2,3,15,A01
200700044329,0,33,000,00,2,1,01,B01
200700044330,0,31,000,00,2,1,01,B01
200700044330,0,07,000,00,2,3,11,A01
200700044331,0,07,000,00,1,1,16,A01
200700044332,0,32,000,00,2,1,17,A01
200700044332,0,07,000,00,2,3,15,B01
200700044333,0,32,000,00,2,7,21,B01
200700044333,0,07,000,00,2,2,15,A01
200700044334,1,03,000,00,1,2,01,A01
200700044335,0,07,000,00,2,1,09,A01
200700044335,0,02,000,00,2,7,15,B01
200700044336,0,07,000,00,2,4,04,A01
200700044336,0,32,000,00,2,7,01,B01
200700044337,0,02,000,08,0,0,01,A01
200700044338,0,07,000,00,2,1,19,A01
200700044338,0,32,000,00,2,1,01,B01
200700044339,0,07,000,00,1,1,15,A01
200700044340,0,33,000,00,2,1,01,B01
200700044340,0,07,000,00,2,2,15,A01
200700044341,0,07,000,00,1,2,01,A01
200700044342,0,07,000,00,2,2,12,A01
200700044342,0,02,000,00,2,3,07,B01
200700044343,0,02,000,00,0,0,00,A01
200700044344,0,07,000,00,2,3,13,A01
200700044344,0,07,000,00,2,3,01,B01
200700044345,0,07,000,00,2,7,01,A01
200700044345,0,07,000,00,2,1,01,B01
200700044346,0,32,000,01,2,1,17,A01
200700044346,0,07,000,00,2,8,15,B01
200700044347,0,32,000,00,2,2,02,B01
200700044347,0,07,000,00,2,2,15,A01
200700044348,0,07,000,00,2,7,23,B01
200700044348,0,07,000,00,2,1,06,A01
200700044349,0,32,000,00,0,7,01,A01
200700044349,1,07,000,00,9,0,16,B01
200700044350,0,02,000,00,1,1,01,A01
200700044351,0,07,000,00,2,1,02,A01
200700044351,0,07,000,00,2,4,01,B01
200700044352,0,33,000,14,0,1,01,A01
200700044353,0,30,000,00,2,1,01,B01
200700044353,0,07,000,00,2,3,15,A01
200700044354,0,07,000,00,1,1,00,A01
200700044355,0,07,000,00,1,2,01,A01
200700044356,0,07,000,00,2,1,01,A01
200700044356,0,07,000,00,2,3,01,B01
200700044357,0,07,000,00,2,1,02,A01
200700044357,0,07,000,00,0,0,00,B01
200700044358,0,03,000,00,0,0,00,A01
200700044358,0,03,000,00,0,0,00,B01
200700044359,0,07,000,00,1,3,01,A01
200700044360,0,07,000,00,2,1,02,A01
200700044360,0,07,000,00,2,4,02,B01
200700044360,0,07,000,00,0,4,23,C01
200700044361,0,01,000,00,1,1,01,A01
200700044362,0,10,000,00,2,4,04,A01
200700044362,0,32,000,00,2,1,01,B01
200700044363,0,07,000,00,0,0,15,A01
200700044363,0,33,000,00,0,0,21,B01
200700044364,0,02,000,00,2,2,00,A01
200700044364,1,07,000,00,2,3,00,B01
200700044365,1,03,000,00,0,0,00,A01
200700044366,0,07,000,00,2,4,15,B01
200700044366,0,02,000,00,2,1,01,A01
200700044367,0,07,000,15,0,1,01,A01
200700044368,0,13,000,00,0,6,00,A01
200700044368,0,01,000,01,0,1,01,B01
200700044369,0,07,000,00,2,8,15,A01
200700044369,0,34,000,00,2,1,00,B01
200700044370,0,07,000,00,0,6,11,A01
200700044370,0,33,000,00,0,1,01,B01
200700044371,0,07,000,00,2,1,01,A01
200700044371,0,07,000,00,2,8,15,B01
200700044372,0,02,000,14,0,1,11,A01
200700044373,0,07,000,00,2,5,01,A01
200700044373,0,33,000,00,2,1,01,B01
200700044374,0,07,000,00,2,2,15,A01
200700044374,0,07,000,00,2,3,01,B01
200700044375,0,07,000,00,1,2,14,A01
200700044375,0,07,000,00,0,0,00,B01
200700044376,0,34,000,00,2,2,17,B01
200700044376,0,07,000,00,2,6,15,A01
200700044377,0,07,000,00,2,1,02,A01
200700044377,0,07,000,00,0,4,02,B01
200700044378,0,07,000,00,2,3,15,A01
200700044378,0,07,000,00,2,8,01,B01
200700044379,0,32,000,00,2,4,01,A01
200700044379,0,33,000,00,9,4,16,B01
200700044380,0,07,000,00,2,1,02,A01
200700044380,0,07,000,00,0,4,00,B01
200700044381,0,30,000,00,2,1,01,A01
200700044381,0,07,000,00,2,1,23,C01
200700044381,0,07,000,00,2,3,15,B01
200700044382,0,07,000,06,0,3,01,A01
200700044383,0,13,000,00,2,1,02,A01
200700044383,0,15,000,00,2,4,02,B01
200700044383,0,07,000,00,2,4,23,C01
200700044384,0,07,000,00,2,2,01,A01
200700044384,0,01,000,00,2,1,05,B01
200700044385,0,37,005,00,2,2,01,B01
200700044385,0,07,000,00,2,1,01,A01
200700044386,0,07,000,00,1,1,01,A01
200700044387,0,07,000,00,2,1,01,A01
200700044387,0,10,000,00,2,4,01,B01
200700044387,0,10,000,00,2,4,01,C01
200700044388,0,07,000,00,2,1,01,A01
200700044388,0,07,000,00,2,4,01,B01
200700044388,0,07,000,00,2,4,01,C01
200700044389,0,07,000,00,2,3,01,B01
200700044389,0,07,000,00,2,3,01,A01
200700044390,0,07,000,00,2,2,15,A01
200700044390,0,32,000,00,2,1,01,B01
200700044391,0,07,000,00,2,3,15,A01
200700044391,0,33,000,00,2,8,15,B01
200700044392,0,07,000,00,2,1,00,B01
200700044392,0,01,000,00,2,2,05,A01
200700044393,0,31,000,00,2,1,01,B01
200700044393,0,07,000,00,2,3,15,A01
200700044394,1,07,000,00,2,3,13,A01
200700044394,0,32,000,00,2,2,17,B01
200700044395,0,14,000,00,2,1,01,A01
200700044395,0,07,000,00,2,4,23,B01
200700044396,0,07,000,00,1,8,07,A01
200700044397,0,07,000,00,2,1,01,A01
200700044397,0,07,000,00,0,4,01,B01
200700044398,0,33,000,00,0,0,00,A01
200700044399,0,17,000,00,2,5,15,A01
200700044399,0,07,000,00,2,8,23,B01
200700044399,0,37,001,00,2,8,23,C01
200700044400,1,36,000,00,1,0,01,X01
200700044401,0,10,000,00,2,1,01,A01
200700044401,0,07,000,00,2,4,23,B01
200700044401,0,07,000,00,2,4,23,C01
200700044402,0,07,000,13,0,9,00,A01
200700044403,0,07,000,00,2,3,09,A01
200700044403,0,01,000,00,2,7,15,B01
200700044404,0,33,000,00,2,2,01,A01
200700044404,0,07,000,00,2,6,11,B01
200700044405,0,31,000,00,0,0,00,A01
200700044406,0,14,000,00,1,8,00,A01
200700044407,0,07,000,02,0,3,15,A01
200700044408,0,10,000,00,2,1,02,A01
200700044408,0,07,000,00,2,4,01,B01
200700044409,0,07,000,00,2,3,01,B01
200700044409,0,33,000,00,2,7,17,A01
200700044410,0,07,000,00,2,1,13,A01
200700044410,0,07,000,00,2,8,01,B01
200700044411,0,07,000,00,2,3,19,A01
200700044411,0,07,000,00,2,1,01,B01
200700044412,0,07,000,08,0,9,16,A01
200700044413,0,07,000,00,2,8,01,B01
200700044413,0,07,000,00,0,6,09,A01
200700044414,0,07,000,00,2,3,09,A01
200700044414,0,33,000,00,2,1,11,B01
200700044415,0,33,000,00,2,1,21,B01
200700044415,0,07,000,00,2,6,15,A01
200700044416,0,07,000,00,0,8,01,B01
200700044416,0,07,000,00,2,5,09,A01
200700044417,0,07,000,00,1,1,01,A01
200700044418,0,07,000,00,2,8,15,A01
200700044418,0,31,000,00,2,1,01,B01
200700044418,0,07,000,00,2,1,01,C01
200700044419,0,37,002,00,2,1,01,A01
200700044419,0,07,000,00,2,4,01,B01
200700044420,0,07,000,00,2,6,11,A01
200700044420,0,32,000,00,2,1,02,B01
200700044421,0,01,000,00,2,1,05,A01
200700044421,0,07,000,00,2,1,00,B01
200700044422,0,07,000,02,0,1,02,A01
200700044423,0,02,000,00,2,1,02,B01
200700044423,0,07,000,00,2,2,19,A01
200700044424,0,07,000,00,0,1,00,A01
200700044425,1,07,000,00,1,1,02,A01
200700044426,0,07,000,00,1,1,02,A01
200700044427,0,02,000,00,2,1,02,A01
200700044427,0,07,000,00,0,4,02,B01
200700044428,0,07,000,00,2,1,02,A01
200700044428,0,07,000,00,2,4,23,B01
200700044428,0,07,000,00,2,4,23,C01
200700044429,0,07,000,00,2,8,10,A01
200700044429,0,02,000,00,2,1,01,B01
200700044430,0,99,000,00,0,1,02,A01
200700044431,0,07,000,00,2,1,02,A01
200700044431,0,07,000,00,2,4,23,B01
200700044432,0,02,000,01,2,2,17,A01
200700044432,0,07,000,00,2,3,15,B01
200700044433,0,07,000,06,0,1,01,A01
200700044434,0,33,000,00,2,1,17,A01
200700044434,0,07,000,00,2,6,15,B01
200700044435,0,07,000,13,0,1,13,A01
200700044436,0,33,000,00,2,1,01,A01
200700044436,0,07,000,00,2,6,02,B01
200700044437,0,07,000,06,0,1,13,A01
200700044438,0,07,000,10,0,9,13,A01
200700044439,0,02,000,00,2,9,13,A01
200700044439,0,07,000,00,2,6,01,B01
200700044439,0,07,000,00,2,1,01,C01
200700044440,0,07,000,00,2,1,01,A01
200700044440,0,37,001,00,2,8,15,B01
200700044441,0,02,000,00,2,1,15,A01
200700044441,0,07,000,00,2,3,01,B01
200700044442,0,07,000,00,2,8,22,A01
200700044442,0,01,000,01,0,0,01,B01
200700044443,0,10,000,00,2,1,02,A01
200700044443,0,07,000,00,2,4,02,B01
200700044443,0,07,000,00,2,4,02,C01
200700044444,0,07,000,00,2,1,01,A01
200700044444,0,07,000,00,2,3,01,B01
200700044445,0,07,000,00,2,6,10,A01
200700044445,0,02,000,00,2,1,01,B01
200700044446,0,02,000,00,2,1,01,A01
200700044446,0,07,000,00,2,4,02,B01
200700044447,0,07,000,00,1,2,01,A01
200700044448,0,10,000,00,2,1,10,A01
200700044448,0,07,000,00,2,3,01,B01
200700044449,0,07,000,00,2,1,02,A01
200700044449,0,07,000,00,2,4,02,B01
200700044450,0,14,000,00,0,0,00,C01
200700044450,0,07,000,00,2,4,01,B01
200700044450,0,07,000,00,2,0,01,A01
200700044451,0,01,000,00,0,0,01,A01
200700044452,0,07,000,00,2,1,19,A01
200700044452,0,33,000,00,2,1,01,B01
200700044453,0,30,000,01,0,1,01,A01
200700044454,0,02,000,00,0,0,02,A01
200700044454,0,07,000,00,2,8,01,B01
200700044455,0,02,000,00,0,0,01,A01
200700044456,0,07,000,00,2,0,09,A01
200700044456,0,07,000,00,2,0,01,B01
200700044457,0,07,000,00,2,1,02,A01
200700044457,0,07,000,00,2,4,02,B01
200700044458,0,07,000,04,0,1,02,A01
200700044459,0,07,000,00,0,9,02,A01
200700044460,0,01,000,14,0,1,19,A01
200700044461,0,07,000,00,2,1,15,A01
200700044461,0,07,000,00,2,1,02,B01
200700044462,0,07,000,01,0,9,01,A01
200700044463,0,07,000,08,0,1,01,A01
200700044464,0,31,000,00,2,1,17,A01
200700044464,0,07,000,00,2,8,15,B01