Num_Acc,senc,catv,occutc,obs,obsm,choc,manv,num_veh
200700044465,0,07,000,13,0,1,21,A01
200700044466,0,02,000,00,2,1,01,B01
200700044466,0,07,000,00,2,0,01,A01
200700044467,0,10,000,00,2,1,21,A01
200700044467,0,07,000,00,2,1,02,B01
200700044467,0,07,000,00,0,0,13,C01
200700044468,0,07,000,00,2,1,01,A01
200700044468,0,07,000,00,2,1,01,B01
200700044468,0,07,000,00,2,1,01,C01
200700044469,0,07,000,00,1,8,04,A01
200700044470,1,07,000,01,1,1,01,A01
200700044471,0,33,000,00,0,7,01,A01
200700044472,0,07,000,00,6,0,01,A01
200700044473,0,30,000,16,0,7,02,A01
200700044474,0,07,000,09,0,1,02,A01
200700044475,0,02,000,00,0,1,01,A01
200700044476,0,07,000,00,1,4,20,A01
200700044477,0,07,000,02,0,1,01,A01
200700044478,0,02,000,00,2,1,01,A01
200700044478,0,07,000,00,2,1,01,B01
200700044479,0,30,000,16,0,8,02,A01
200700044480,0,07,000,00,1,1,01,A01
200700044481,0,07,000,00,2,8,15,B01
200700044481,0,33,000,00,2,1,17,A01
200700044482,0,07,000,00,2,1,15,A01
200700044482,0,07,000,00,2,8,02,B01
200700044483,0,07,000,00,1,5,02,A01
200700044484,0,33,000,12,0,8,01,A01
200700044485,0,07,000,02,0,9,01,A01
200700044486,0,07,000,00,2,1,02,A01
200700044486,0,07,000,00,2,4,02,B01
200700044487,0,01,000,00,0,0,01,A01
200700044488,0,33,000,00,2,4,01,A01
200700044488,0,07,000,00,2,4,15,B01
200700044489,0,10,000,00,2,1,16,A01
200700044489,0,07,000,00,2,8,02,B01
200700044490,0,07,000,00,2,1,02,A01
200700044490,0,07,000,00,2,1,02,B01
200700044491,0,07,000,00,2,1,15,A01
200700044491,0,07,000,00,2,3,01,B01
200700044492,0,01,000,00,0,0,01,A01
200700044493,0,02,000,00,2,1,15,A01
200700044493,0,07,000,00,2,3,01,B01
200700044494,0,07,000,00,2,7,01,A01
200700044494,0,07,000,00,2,6,01,B01
200700044495,0,07,000,07,0,3,01,A01
200700044496,0,07,000,00,2,2,15,A01
200700044496,0,30,000,00,2,1,01,B01
200700044497,0,07,000,00,2,7,09,A01
200700044497,0,33,000,00,2,7,15,B01
200700044498,0,07,000,00,2,1,01,A01
200700044498,0,07,000,00,2,8,01,B01
200700044499,0,01,000,00,2,1,01,B01
200700044499,0,07,000,00,2,1,15,A01
200700044500,0,07,000,08,0,1,01,A01
200700044501,0,07,000,00,2,1,02,A01
200700044501,0,07,000,00,2,4,01,B01
200700044502,0,07,000,01,0,1,01,A01
200700044503,0,10,000,00,2,2,15,A01
200700044503,0,07,000,00,2,3,15,B01
200700044504,0,02,000,00,0,8,01,A01
200700044505,0,07,000,00,2,3,01,A01
200700044505,0,14,000,00,2,6,01,B01
200700044506,0,07,000,00,2,8,09,A01
200700044506,0,01,000,00,2,7,01,B01
200700044507,0,07,000,00,2,1,15,A01
200700044507,0,33,000,00,2,1,01,B01
200700044508,0,07,000,00,2,5,15,A01
200700044508,0,02,000,00,2,1,01,B01
200700044509,0,01,000,00,2,1,01,B01
200700044509,0,07,000,00,2,8,09,A01
200700044510,0,07,000,00,2,8,19,A01
200700044510,0,07,000,00,2,1,01,B01
200700044511,0,07,000,03,0,1,14,A01
200700044512,0,02,000,00,2,1,13,A01
200700044512,0,07,000,00,2,3,01,B01
200700044513,0,33,000,01,0,1,21,A01
200700044514,0,02,000,00,2,1,01,A01
200700044514,0,07,000,00,2,4,15,B01
200700044515,0,07,000,00,1,3,01,A01
200700044516,0,07,000,00,1,1,01,A01
200700044517,0,07,000,00,1,2,00,A01
200700044518,0,07,000,00,2,2,15,A01
200700044518,0,07,000,00,2,1,01,B01
200700044519,0,07,000,00,2,1,01,B01
200700044519,0,07,000,00,2,3,09,A01
200700044520,0,07,000,00,2,1,02,A01
200700044520,0,07,000,00,0,4,02,B01
200700044521,0,07,000,00,2,2,15,A01
200700044521,0,07,000,00,2,1,21,B01
200700044522,0,07,000,00,1,2,00,A01
200700044523,0,07,000,00,2,8,09,A01
200700044523,0,33,000,00,2,1,12,B01
200700044524,0,30,000,00,2,8,16,A01
200700044524,0,07,000,00,2,2,01,B01
200700044525,0,07,000,13,0,1,01,A01
200700044526,0,30,000,00,2,1,19,A01
200700044526,0,07,000,00,2,3,19,B01
200700044527,0,07,000,00,1,3,01,A01
200700044528,0,07,000,07,2,7,01,A01
200700044528,0,07,000,00,2,3,01,B01
200700044529,0,07,000,00,0,3,15,B01
200700044529,0,02,000,00,2,1,17,A01
200700044530,0,07,000,00,1,0,04,A01
200700044531,0,33,000,00,2,4,01,B01
200700044531,0,07,000,00,2,1,01,A01
200700044532,0,07,000,00,2,3,15,A01
200700044532,0,34,000,00,2,5,01,B01
200700044533,0,07,000,08,0,1,02,A01
200700044534,0,30,000,00,2,4,02,A01
200700044534,0,07,000,00,2,4,02,B01
200700044535,0,02,000,00,0,1,01,A01
200700044536,0,17,000,04,2,1,02,A01
200700044536,0,17,000,04,2,4,23,F01
200700044536,0,07,000,04,2,5,21,B01
200700044536,0,10,000,04,2,4,23,C01
200700044536,0,07,000,04,2,4,23,D01
200700044536,0,07,000,04,2,4,23,E01
200700044537,0,33,000,00,2,1,17,A01
200700044537,0,07,000,00,2,8,15,B01
200700044538,0,07,000,00,2,3,13,A01
200700044538,0,07,000,00,0,3,02,B01
200700044539,0,30,000,00,2,1,01,A01
200700044539,0,07,000,00,2,7,01,B01
200700044540,0,07,000,14,0,9,11,A01
200700044541,0,10,000,00,2,1,02,A01
200700044541,0,07,000,00,2,4,02,B01
200700044542,0,07,000,00,2,3,09,A01
200700044542,0,07,000,00,2,7,01,B01
200700044543,0,07,000,00,2,1,02,A01
200700044543,0,07,000,01,2,4,01,B01
200700044544,0,07,000,01,2,1,13,A01
200700044544,0,07,000,00,2,1,01,B01
200700044545,0,07,000,00,2,5,14,A01
200700044545,0,07,000,12,2,8,01,B01
200700044546,0,07,000,00,2,5,15,A01
200700044546,0,07,000,00,2,2,01,B01
200700044547,0,07,000,00,0,1,23,A01
200700044547,1,07,000,01,0,4,04,B01
200700044548,0,07,000,00,2,1,01,A01
200700044548,0,07,000,00,0,4,01,B01
200700044549,0,33,000,00,0,8,01,B01
200700044549,0,07,000,00,2,1,19,A01
200700044550,0,13,000,00,2,1,20,A01
200700044550,0,07,000,00,0,7,01,B01
200700044551,0,07,000,00,1,1,02,A01
200700044552,0,07,000,00,2,1,02,A01
200700044552,0,07,000,00,0,4,02,B01
200700044552,0,07,000,00,0,4,02,C01
200700044552,0,07,000,00,0,4,02,D01
200700044553,0,07,000,00,2,1,02,A01
200700044553,0,07,000,00,0,4,02,B01
200700044554,0,07,000,00,0,7,02,A01
200700044554,0,02,000,00,2,7,02,B01
200700044555,0,07,000,00,2,3,11,A01
200700044555,0,07,000,00,2,3,01,B01
200700044555,0,07,000,00,2,3,01,C01
200700044556,0,07,000,00,2,1,01,A01
200700044556,0,07,000,00,2,7,15,B01
200700044557,0,07,000,00,2,3,15,B01
200700044557,0,30,000,00,2,2,01,A01
200700044558,0,07,000,00,2,2,01,A01
200700044558,0,07,000,00,2,1,01,B01
200700044559,0,07,000,00,2,1,00,A01
200700044559,0,07,000,00,0,4,00,B01
200700044560,0,07,000,00,2,3,23,A01
200700044560,0,07,000,00,2,2,01,B01
200700044561,0,07,000,00,2,2,01,A01
200700044561,0,07,000,00,2,3,20,B01
200700044562,1,07,000,01,2,1,01,A01
200700044562,0,07,000,00,2,1,01,B01
200700044563,0,17,000,00,0,0,01,A01
200700044564,0,07,000,00,2,4,01,A01
200700044564,1,07,000,00,2,1,02,B01
200700044565,0,99,000,00,0,4,15,A01
200700044565,0,33,000,00,2,9,01,B01
200700044565,0,07,000,00,2,1,23,C01
200700044566,0,01,000,00,2,1,02,A01
200700044566,0,07,000,00,0,5,00,B01
200700044567,0,07,000,00,2,1,01,B01
200700044567,0,10,000,00,2,3,19,A01
200700044568,0,10,000,00,1,0,04,A01
200700044569,0,07,000,00,1,1,00,A01
200700044570,0,07,000,04,0,1,01,A01
200700044570,0,07,000,00,0,4,01,B01
200700044570,0,07,000,00,2,1,01,C01
200700044571,0,30,000,00,2,7,01,A01
200700044571,0,07,000,00,2,1,01,B01
200700044572,0,01,000,00,2,1,05,A01
200700044572,0,07,000,00,2,3,01,B01
200700044573,0,10,000,00,2,1,01,A01
200700044573,0,07,000,00,0,4,01,B01
200700044574,0,07,000,00,1,1,01,A01
200700044575,0,07,000,00,0,3,20,A01
200700044575,0,33,000,00,2,1,01,B01
200700044576,0,07,000,00,0,3,15,A01
200700044576,0,30,000,00,2,1,02,B01
200700044577,0,33,000,00,2,7,16,B01
200700044577,0,10,000,00,2,3,16,A01
200700044578,0,07,000,00,0,5,15,A01
200700044578,0,30,000,00,2,1,21,B01
200700044579,0,07,000,00,2,1,01,A01
200700044579,0,07,000,00,2,8,01,B01
200700044580,0,30,000,00,2,1,01,A01
200700044580,0,07,000,00,0,3,15,B01
200700044581,0,07,000,00,1,1,01,A01
200700044582,0,07,000,11,2,7,13,A01
200700044582,0,07,000,00,2,1,01,B01
200700044583,0,07,000,00,2,8,02,B01
200700044583,0,07,000,02,2,1,00,A01
200700044584,0,07,000,00,2,1,02,A01
200700044584,0,07,000,00,2,4,02,B01
200700044585,0,14,000,00,2,2,00,A01
200700044585,0,07,000,00,2,8,02,B01
200700044586,0,07,000,00,2,6,11,B01
200700044586,0,20,000,00,2,7,02,A01
200700044587,0,07,000,00,2,7,20,A01
200700044587,0,32,000,00,2,7,02,B01
200700044588,0,07,000,00,0,0,15,A01
200700044588,0,30,000,16,0,2,21,B01
200700044589,0,07,000,00,2,1,13,A01
200700044589,0,07,000,00,2,1,01,B01
200700044589,0,07,000,00,2,1,01,C01
200700044589,0,07,000,00,2,1,01,D01
200700044590,0,10,000,00,2,1,01,A01
200700044590,0,07,000,00,2,4,23,B01
200700044591,0,34,000,06,0,3,01,A01
200700044592,0,01,000,00,2,7,08,A01
200700044592,0,37,001,00,2,2,01,B01
200700044593,0,07,000,00,2,8,00,A01
200700044593,0,33,000,00,2,5,01,B01
200700044594,0,07,000,00,1,7,01,A01
200700044595,0,07,000,00,1,5,01,A01
200700044596,0,07,000,00,2,8,15,A01
200700044596,0,30,000,00,2,1,17,B01
200700044597,0,07,000,00,1,3,21,A01
200700044598,0,07,000,00,2,8,10,A01
200700044598,0,33,000,00,2,1,01,B01
200700044599,0,32,000,00,0,0,21,A01
200700044600,0,07,000,00,2,7,17,A01
200700044600,0,01,000,00,2,8,01,B01
200700044601,0,07,000,00,2,1,01,A01
200700044601,0,07,000,00,2,4,23,B01
200700044602,0,02,000,00,2,1,01,A01
200700044602,0,07,000,00,2,6,10,B01
200700044603,0,07,000,00,2,1,01,A01
200700044603,0,07,000,00,2,4,01,B01
200700044604,0,07,000,00,1,1,01,A01
200700044605,0,07,000,00,2,8,10,A01
200700044605,0,34,000,00,2,1,17,B01
200700044606,0,07,000,00,2,6,10,A01
200700044606,0,02,000,00,2,1,01,B01
200700044607,0,30,000,00,1,1,01,A01
200700044608,0,32,000,00,2,1,01,A01
200700044608,1,02,000,00,2,0,00,B01
200700044609,0,10,000,00,0,2,22,A01
200700044609,0,02,000,01,0,8,12,B01
200700044610,0,07,000,00,9,2,02,A01
200700044610,0,01,000,00,2,8,18,B01
200700044611,0,07,000,00,0,6,15,A01
200700044611,0,33,000,00,2,1,02,B01
200700044612,1,07,000,00,1,0,00,A01
200700044613,0,07,000,00,1,4,04,A01
200700044614,0,30,000,00,2,1,02,A01
200700044614,0,07,000,00,0,4,02,B01
200700044615,0,07,000,00,1,1,01,A01
200700044616,0,07,000,00,2,1,16,A01
200700044616,0,33,000,00,2,1,01,B01
200700044617,0,07,000,00,1,2,02,A01
200700044618,0,32,000,00,2,4,23,B01
200700044618,0,07,000,00,0,0,00,A01
200700044619,0,30,000,00,2,1,02,A01
200700044619,0,07,000,00,0,5,02,B01
200700044620,0,33,000,00,2,2,00,B01
200700044620,0,07,000,00,2,3,15,A01
200700044621,0,07,000,00,1,7,01,A01
200700044622,0,30,000,00,2,7,02,A01
200700044622,0,07,000,00,9,3,02,B01
200700044623,0,37,001,00,2,7,14,A01
200700044623,0,01,000,00,2,3,01,B01
200700044624,0,07,000,00,2,2,15,A01
200700044624,0,07,000,00,2,3,01,B01
200700044625,0,07,000,00,1,2,01,A01
200700044626,0,33,000,00,2,7,17,A01
200700044626,0,07,000,00,2,6,15,B01
200700044627,0,31,000,00,2,1,01,B01
200700044627,0,10,000,00,2,3,15,A01
200700044628,0,07,000,00,0,0,02,A01
200700044629,0,31,000,00,0,5,00,A01
200700044629,0,14,000,00,0,0,09,B01
200700044630,0,07,000,00,2,3,11,A01
200700044630,0,33,000,00,2,7,03,B01
200700044631,0,07,000,00,2,3,02,A01
200700044631,0,32,000,00,2,5,02,B01
200700044631,0,10,000,00,2,8,09,C01
200700044632,0,07,000,00,0,2,12,A01
200700044632,0,31,000,00,0,1,01,B01
200700044633,0,07,000,00,1,0,01,A01
200700044634,0,07,000,01,0,1,15,A01
200700044635,0,32,000,00,0,8,00,A01
200700044635,0,34,000,00,0,3,00,B01
200700044636,0,37,050,00,1,3,15,A01
200700044637,0,32,000,00,2,1,01,A01
200700044637,0,07,000,00,2,3,15,B01
200700044638,0,30,000,00,2,1,01,A01
200700044638,0,07,000,00,2,1,15,B01
200700044639,0,07,000,00,2,0,17,A01
200700044639,0,30,000,00,2,1,01,B01
200700044640,0,10,000,00,2,5,09,A01
200700044640,0,33,000,00,2,1,01,B01
200700044641,1,07,000,00,2,7,12,A01
200700044641,0,30,000,00,2,9,01,B01
200700044642,0,07,000,00,2,1,11,A01
200700044642,0,33,000,00,2,4,01,B01
200700044643,0,07,000,00,1,1,01,A01
200700044644,0,07,000,00,1,1,01,A01
200700044645,0,07,000,00,1,7,01,A01
200700044646,0,07,000,00,2,2,10,A01
200700044646,0,34,000,00,2,1,01,B01
200700044647,0,07,000,00,9,8,10,A01
200700044647,0,30,000,00,2,2,17,B01
200700044648,0,33,000,00,2,1,02,A01
200700044648,0,07,000,00,9,8,10,B01
200700044648,0,07,000,00,9,5,23,C01
200700044648,0,07,000,00,9,5,15,D01
200700044649,0,07,000,00,9,1,15,A01
200700044649,0,33,000,00,2,1,02,B01
200700044650,0,32,000,00,2,1,01,A01
200700044650,0,07,000,00,9,7,15,B01
200700044651,0,07,000,00,2,1,02,D01
200700044651,0,07,000,00,2,4,02,C01
200700044651,0,07,000,00,2,1,02,B01
200700044651,0,07,000,00,2,4,23,A01
200700044652,0,07,000,00,2,1,13,A01
200700044652,0,07,000,00,2,3,01,B01
200700044653,0,07,000,00,9,5,15,A01
200700044653,0,30,000,00,2,1,01,B01
200700044654,1,07,000,00,0,1,02,A01
200700044654,0,07,000,00,2,4,23,B01
200700044654,0,07,000,00,2,4,23,C01
200700044655,0,33,000,00,9,1,02,A01
200700044655,0,32,000,00,9,4,02,B01
200700044656,0,07,000,00,2,1,01,A01
200700044656,0,07,000,01,2,9,01,B01
200700044657,0,07,000,00,2,1,01,A01
200700044657,0,07,000,00,2,1,01,B01
200700044657,0,07,000,00,1,1,01,C01
200700044657,0,07,000,00,2,1,01,D01
200700044657,0,07,000,00,2,1,01,E01
200700044658,0,07,000,00,2,6,04,A01
200700044658,0,31,000,00,2,1,01,B01
200700044659,0,02,000,00,2,1,01,A01
200700044659,0,07,000,00,2,2,15,B01
200700044660,0,99,000,00,1,5,01,A01
200700044661,0,07,000,00,2,2,15,A01
200700044661,0,31,000,00,2,1,01,B01
200700044662,0,30,000,04,0,6,01,A01
200700044663,0,07,000,00,2,2,15,A01
200700044663,0,32,000,00,2,1,08,B01
200700044664,0,02,000,00,2,1,15,A01
200700044664,0,07,000,00,2,3,01,B01
200700044665,0,31,000,00,0,9,01,A01
200700044665,0,07,000,00,2,0,01,B01
200700044666,0,07,000,00,1,3,01,A01
200700044667,0,10,000,00,1,2,01,A01
200700044668,0,31,000,00,1,1,01,A01
200700044669,0,02,000,00,0,0,01,A01
200700044669,1,10,000,00,0,0,01,B01
200700044670,0,33,000,00,2,1,01,A01
200700044670,0,10,000,00,2,3,01,B01
200700044671,0,31,000,00,2,7,17,A01
200700044671,0,07,000,00,2,6,01,B01
200700044672,0,07,000,00,2,1,11,A01
200700044672,0,33,000,00,2,4,23,B01
200700044673,0,33,000,00,2,1,17,A01
200700044673,0,10,000,00,2,8,15,B01
200700044674,0,01,000,00,2,1,19,A01
200700044674,0,10,000,00,2,1,01,B01
200700044675,0,32,000,00,2,3,13,A01
200700044675,0,01,000,00,2,3,23,B01
200700044676,0,07,000,00,1,3,01,A01
200700044677,0,07,000,00,1,4,04,A01
200700044678,0,07,000,00,1,3,01,A01
200700044679,0,07,000,00,1,1,17,A01
200700044680,0,33,000,00,2,2,01,B01
200700044680,0,07,000,00,2,3,13,A01
200700044681,0,07,000,00,1,7,01,A01
200700044682,0,07,000,00,1,3,15,A01
200700044683,0,07,000,00,2,4,01,B01
200700044683,0,33,000,00,2,1,01,A01
200700044684,0,07,000,00,1,3,15,A01
200700044685,0,37,096,00,1,2,07,A01
200700044686,0,07,000,00,1,3,15,A01
200700044687,0,20,000,00,1,2,16,A01
200700044688,0,07,000,00,2,3,13,B01
200700044688,0,31,000,00,2,7,01,A01
200700044689,0,31,000,00,2,1,01,B01
200700044689,0,07,000,00,2,3,09,A01
200700044690,0,07,000,00,2,4,01,B01
200700044690,0,07,000,00,2,1,01,A01
200700044691,0,07,000,00,2,1,01,A01
200700044691,0,02,000,00,2,8,01,B01
200700044692,0,31,000,00,2,0,01,B01
200700044692,0,07,000,00,0,0,01,A01
200700044693,0,07,000,00,2,0,09,A01
200700044693,0,32,000,00,0,7,01,B01
200700044694,0,10,000,00,1,1,01,A01
200700044695,0,07,000,09,0,1,01,A01
200700044696,0,33,000,00,0,0,01,A01
200700044696,0,10,000,00,2,8,00,B01
200700044697,0,37,002,00,2,1,01,A01
200700044697,0,07,000,00,2,4,11,B01
200700044698,0,02,000,01,0,1,01,A01
200700044699,0,02,000,00,2,1,15,A01
200700044699,0,37,001,00,2,3,01,B01
200700044700,0,37,002,00,0,0,01,B01
200700044700,0,10,000,00,0,1,09,A01
200700044701,0,31,000,00,0,8,01,B01
200700044701,0,07,000,00,0,1,01,A01
200700044702,0,07,000,00,0,7,00,A01
200700044702,0,31,000,00,0,8,00,B01
200700044703,0,07,000,00,1,0,01,A01
200700044703,0,33,000,00,0,1,01,B01
200700044704,0,33,000,00,0,2,01,A01
200700044704,0,07,000,00,0,1,15,B01
200700044705,0,07,000,00,0,0,00,A01
200700044706,0,02,000,00,0,6,00,A01
200700044706,0,07,000,00,0,3,01,B01
200700044707,0,34,000,00,0,5,00,A01
200700044708,0,07,000,00,1,8,01,A01
200700044709,0,07,000,00,0,0,01,A01
200700044709,0,33,000,00,0,0,01,B01
200700044710,0,33,000,00,1,1,00,A01
200700044711,0,07,000,00,1,2,01,A01
200700044712,0,07,000,00,1,1,01,A01
200700044713,0,14,000,00,2,5,23,B01
200700044713,0,37,000,00,2,8,15,A01
200700044714,0,07,000,00,1,1,01,A01
200700044715,0,07,000,01,0,1,13,A01
200700044715,1,07,000,00,0,0,00,B01
200700044716,0,07,000,00,2,7,01,A01
200700044716,0,02,000,00,2,1,11,B01
200700044717,0,34,000,00,2,8,12,A01
200700044717,0,07,000,00,2,2,01,B01
200700044718,0,07,000,00,2,1,15,A01
200700044718,0,07,000,00,2,8,01,B01
200700044719,0,07,000,00,2,1,02,A01
200700044719,0,07,000,00,2,4,02,B01
200700044720,0,07,000,00,2,1,02,A01
200700044720,0,07,000,00,2,4,02,B01
200700044721,0,07,000,01,0,9,01,A01
200700044722,0,07,000,00,2,1,01,B01
200700044722,0,05,000,01,2,2,01,A01
200700044723,0,33,000,00,2,1,02,A01
200700044723,0,33,000,00,2,4,00,B01
200700044724,0,30,000,00,2,8,01,A01
200700044725,0,18,000,00,2,0,00,A01
200700044725,0,07,000,00,2,4,02,B01
200700044726,0,02,000,00,2,1,01,A01
200700044726,0,02,000,00,2,8,01,B01
200700044727,0,07,000,00,2,1,02,A01
200700044727,0,33,000,00,2,4,02,B01
200700044728,0,07,000,00,2,4,10,A01
200700044728,0,33,000,00,2,1,01,B01
200700044729,0,07,000,00,2,3,22,A01
200700044729,0,01,000,01,0,1,01,B01
200700044730,0,07,000,15,0,1,00,A01
200700044731,0,07,000,00,2,4,01,A01
200700044731,0,07,000,00,2,4,01,B01
200700044731,0,07,000,00,2,4,01,C01
200700044732,0,07,000,00,1,2,01,A01
200700044733,0,32,000,00,2,1,01,A01
200700044733,0,07,000,00,2,2,16,B01
200700044734,0,10,000,00,2,1,01,A01
200700044734,0,33,000,00,2,1,01,B01
200700044735,0,31,000,00,2,0,00,A01
200700044735,0,07,000,00,2,0,23,B01
200700044736,0,07,000,00,2,8,15,A01
200700044736,0,31,000,00,2,8,01,B01
200700044737,0,33,000,00,1,1,18,A01
200700044738,0,07,000,00,2,1,01,B01
200700044738,0,07,000,00,2,3,01,A01
200700044739,0,07,000,00,1,1,01,A01
200700044740,0,07,000,00,2,1,17,A01
200700044740,0,30,000,00,2,3,01,B01
200700044741,0,07,000,00,1,1,01,A01
200700044742,0,33,000,00,2,1,01,A01
200700044742,0,07,000,00,2,2,01,B01
200700044743,0,07,000,00,2,1,15,A01
200700044743,0,02,000,00,2,7,02,B01
200700044744,0,07,000,00,2,2,15,A01
200700044744,0,32,000,00,2,1,01,B01
200700044745,0,02,000,00,2,1,02,A01
200700044745,0,10,000,00,2,4,02,B01
200700044746,0,32,000,00,2,1,02,A01
200700044746,0,07,000,00,2,4,02,B01
200700044747,0,32,000,00,2,3,03,A01
200700044747,0,07,000,00,2,7,01,B01
200700044748,0,07,000,00,2,7,02,A01
200700044748,0,01,000,00,2,8,00,B01
200700044749,0,03,000,01,0,2,14,A01
200700044750,0,07,000,15,0,0,01,A01
200700044751,0,07,000,00,2,3,10,A01
200700044751,0,07,000,00,2,7,01,B01
200700044752,0,07,000,00,2,1,01,A01
200700044752,0,07,000,00,2,4,01,B01
200700044753,0,07,000,00,2,1,01,A01
200700044753,0,07,000,00,2,7,01,B01
200700044753,0,07,000,00,2,4,01,C01
200700044753,0,07,000,00,2,4,01,D01
200700044754,0,07,000,08,2,1,01,A01
200700044754,0,07,000,00,2,4,01,B01
200700044755,0,07,000,00,2,1,05,A01
200700044755,0,07,000,01,2,3,01,B01
200700044756,0,07,000,00,2,4,02,A01
200700044756,0,07,000,00,2,9,02,B01
200700044756,0,07,000,00,2,1,02,C01
200700044757,0,30,000,00,1,2,03,A01
200700044758,0,01,000,00,2,1,02,A01
200700044758,0,07,000,00,2,4,16,B01
200700044759,0,30,000,00,2,1,17,A01
200700044759,0,07,000,00,2,3,01,B01
200700044760,0,07,000,00,2,6,00,A01
200700044760,0,99,000,00,2,2,00,B01
200700044761,0,07,000,00,2,1,00,A01
200700044761,0,07,000,00,2,3,00,B01
200700044762,0,07,000,00,1,1,00,A01
200700044763,0,02,000,00,2,1,00,A01
200700044763,0,07,000,00,2,5,00,B01
200700044764,0,02,000,00,1,0,01,A01
200700044765,0,07,000,04,0,3,00,A01
200700044766,0,32,000,00,0,7,00,A01
200700044767,0,13,000,00,1,2,02,A01
200700044768,0,07,000,00,0,1,01,A01
200700044769,0,07,000,00,1,2,01,A01
200700044770,0,07,000,00,1,6,01,A01
200700044771,0,07,000,00,0,5,01,A01
200700044772,1,07,000,00,0,2,01,A01
200700044773,0,07,000,00,0,0,00,B01
200700044773,0,34,000,00,0,1,02,A01
200700044774,0,10,000,00,2,1,01,A01
200700044774,0,02,000,00,2,4,01,B01
200700044775,0,07,000,00,0,1,00,A01
200700044775,0,07,000,00,0,1,01,B01
200700044776,0,07,000,00,1,2,00,A01
200700044777,0,15,000,00,1,3,02,A01
200700044778,0,07,000,00,0,1,01,B01
200700044778,0,30,000,00,0,7,09,A01
200700044779,0,10,000,00,2,4,04,A01
200700044779,0,07,000,00,2,2,02,B01
200700044780,0,30,000,00,2,6,11,A01
200700044780,0,07,000,00,2,2,01,B01
200700044781,0,07,000,00,2,1,01,B01
200700044781,0,07,000,00,2,7,01,A01
200700044782,0,31,000,01,2,7,00,A01
200700044782,0,07,000,00,2,3,11,B01
200700044783,0,07,000,14,0,1,13,A01
200700044784,0,07,000,00,0,4,02,A01
200700044784,0,10,000,00,2,1,02,B01
200700044784,0,07,000,00,2,1,02,C01
200700044785,0,07,000,00,2,1,01,B01
200700044785,0,07,000,00,2,2,01,A01
200700044786,0,07,000,00,9,1,02,A01
200700044786,0,33,000,00,2,7,02,B01
200700044787,0,37,010,00,2,1,02,A01
200700044787,0,07,000,00,2,2,01,B01
200700044788,0,37,016,00,1,2,20,A01
200700044789,0,07,000,00,2,8,01,A01
200700044789,1,07,000,00,2,3,05,B01
200700044790,0,07,000,00,0,6,01,B01
200700044790,0,07,000,00,2,2,11,A01
200700044791,0,07,000,00,1,1,02,A01
200700044792,0,32,000,00,2,2,17,A01
200700044792,0,07,000,00,2,3,13,B01
200700044793,0,10,000,01,0,3,11,A01
200700044793,0,15,000,00,0,2,24,B01
200700044794,0,07,000,00,2,1,16,A01
200700044794,0,07,000,06,2,7,01,B01
200700044795,0,14,000,00,2,1,02,A01
200700044795,0,07,000,00,2,6,02,D01
200700044795,0,07,000,00,2,4,02,B01
200700044795,0,07,000,00,2,5,02,C01
200700044796,0,07,000,06,0,1,00,A01
200700044797,0,07,000,01,2,8,18,A01
200700044797,1,14,000,00,2,7,01,B01
200700044797,0,07,000,00,2,8,01,C01
200700044797,0,10,000,00,0,8,24,D01
200700044798,0,32,000,00,2,1,02,B01
200700044798,0,07,000,00,2,5,15,A01
200700044799,0,30,000,00,0,0,01,A01
200700044800,0,07,000,00,2,2,01,A01
200700044800,0,07,000,01,2,2,02,B01
200700044801,0,07,000,00,1,2,01,A01
200700044802,0,07,000,00,1,2,01,A01
200700044803,0,07,000,00,2,2,15,A01
200700044803,0,31,000,00,2,1,01,B01
200700044804,0,30,000,12,0,8,02,A01
200700044805,0,02,000,00,0,0,00,A01
200700044805,0,07,000,00,0,0,00,B01
200700044806,0,07,000,00,0,1,01,A01
200700044806,1,07,000,00,0,0,14,B01
200700044807,0,07,000,00,0,4,23,A01
200700044808,0,07,000,00,0,1,00,F01
200700044809,0,32,000,00,2,1,01,B01
200700044809,0,07,000,00,0,4,12,A01
200700044810,0,07,000,00,2,1,01,A01
200700044810,0,07,000,00,2,7,01,B01
200700044811,0,07,000,00,2,3,02,A01
200700044811,0,07,000,00,2,4,02,B01
200700044811,1,99,000,00,2,4,02,C01
200700044812,0,07,000,00,0,1,01,A01
200700044813,0,07,000,00,1,2,00,A01
200700044814,0,33,000,00,0,1,01,A01
200700044814,0,07,000,00,0,2,12,B01
200700044815,0,07,000,00,0,1,02,A01
200700044815,0,07,000,00,2,4,02,B01
200700044816,0,02,000,00,0,1,02,A01
200700044816,0,99,000,00,0,5,02,B01
200700044817,1,02,000,00,1,1,00,A01
200700044818,0,07,000,00,1,1,02,A01
200700044819,0,32,000,00,0,0,19,A01
200700044820,0,07,000,14,0,1,06,A01
200700044821,0,30,000,00,2,1,19,A01
200700044821,0,07,000,00,2,2,02,B01
200700044822,0,07,000,00,1,3,01,A01
200700044823,0,07,000,00,2,4,00,B01
200700044823,0,07,000,00,2,1,00,A01
200700044824,0,07,000,00,2,1,00,A01
200700044824,0,07,000,00,2,4,00,B01
200700044824,0,07,000,00,0,4,00,C01
200700044825,0,07,000,00,0,7,00,A01
200700044825,0,07,000,00,0,3,11,B01