Num_Acc,senc,catv,occutc,obs,obsm,choc,manv,num_veh
200700044825,0,99,000,00,0,0,00,C01
200700044826,0,07,000,00,2,9,12,A01
200700044826,0,15,000,00,0,0,00,B01
200700044827,0,07,000,00,2,7,01,B01
200700044827,0,07,000,00,2,3,21,A01
200700044828,0,13,000,00,0,2,12,A01
200700044828,0,07,000,00,0,8,01,B01
200700044829,0,30,000,00,2,2,17,A01
200700044829,0,07,000,00,2,6,15,B01
200700044830,0,07,000,00,2,1,15,B01
200700044830,0,30,000,00,2,1,21,A01
200700044831,0,32,000,00,2,1,21,A01
200700044831,0,07,000,00,2,4,23,B01
200700044832,0,33,000,00,2,1,01,A01
200700044832,0,07,000,00,2,3,15,B01
200700044833,0,07,000,00,2,1,01,A01
200700044833,0,02,000,00,2,1,21,B01
200700044834,0,07,000,00,2,1,01,A01
200700044834,0,01,000,00,2,1,01,B01
200700044835,0,13,000,00,0,3,01,A01
200700044835,0,07,000,00,0,8,19,B01
200700044836,0,07,000,00,0,8,05,A01
200700044836,0,07,000,00,0,7,09,B01
200700044837,0,07,000,00,2,3,02,A01
200700044837,0,07,000,00,0,4,02,B01
200700044838,0,32,000,00,2,2,02,A01
200700044838,0,07,000,00,2,3,02,B01
200700044839,0,07,000,01,0,0,00,A01
200700044840,0,07,000,00,2,2,13,A01
200700044840,0,32,000,00,2,1,02,B01
200700044841,0,07,000,00,0,6,01,A01
200700044842,0,32,000,00,0,1,17,A01
200700044842,0,01,000,00,0,1,00,B01
200700044842,0,07,000,00,0,6,00,C01
200700044843,0,99,000,00,2,1,00,A01
200700044843,0,37,000,00,2,7,01,B01
200700044844,0,33,000,00,2,4,00,A01
200700044844,0,01,000,00,0,4,00,B01
200700044845,0,07,000,02,0,1,14,A01
200700044846,0,07,000,01,0,2,02,A01
200700044847,0,07,000,00,0,2,01,B01
200700044847,1,07,000,00,2,3,00,A01
200700044848,0,07,000,00,2,3,01,B01
200700044848,0,07,000,00,2,2,19,A01
200700044849,0,32,000,00,2,1,00,B01
200700044849,0,07,000,00,0,3,15,A01
200700044850,0,07,000,14,0,3,01,A01
200700044851,0,07,000,00,1,2,00,A01
200700044852,1,35,000,00,1,0,01,A01
200700044853,2,99,000,00,1,0,00,A01
200700044854,0,07,000,00,0,3,15,A01
200700044854,0,33,000,00,2,1,00,B01
200700044855,0,30,000,00,1,7,21,A01
200700044856,0,07,000,00,2,3,00,A01
200700044856,0,32,000,00,2,1,00,B01
200700044857,0,02,000,00,1,1,00,A01
200700044858,0,02,000,00,0,8,09,A01
200700044858,0,07,000,00,2,7,01,B01
200700044859,0,20,000,00,1,6,04,A01
200700044860,0,07,000,00,0,2,01,A01
200700044861,0,07,000,00,2,2,19,A01
200700044861,0,31,000,00,2,1,01,B01
200700044862,0,07,000,00,2,2,19,A01
200700044862,0,07,000,00,2,2,01,B01
200700044863,0,07,000,00,0,3,00,B01
200700044863,0,33,000,00,0,1,00,A01
200700044864,0,07,000,00,2,1,01,A01
200700044864,0,07,000,00,2,1,01,C01
200700044864,0,07,000,00,2,9,01,B01
200700044865,0,33,000,00,0,7,01,A01
200700044866,0,07,000,08,0,1,01,A01
200700044867,0,10,000,00,1,3,01,A01
200700044868,0,33,000,00,0,3,02,A01
200700044868,1,07,000,00,2,2,14,B01
200700044869,0,07,000,00,1,7,01,A01
200700044870,0,07,000,00,2,3,09,B01
200700044870,0,07,000,00,2,3,01,A01
200700044871,0,07,000,00,1,3,01,A01
200700044872,0,07,000,08,2,9,02,B01
200700044872,0,07,000,00,2,2,16,A01
200700044873,0,07,000,00,2,8,13,A01
200700044873,0,32,000,00,2,2,01,B01
200700044874,0,07,000,00,0,1,01,A01
200700044874,0,33,000,00,2,8,16,B01
200700044875,0,02,000,15,0,2,14,A01
200700044875,0,02,000,00,2,8,21,B01
200700044876,0,07,000,00,1,1,00,A01
200700044877,0,07,000,00,2,1,00,A01
200700044877,0,32,000,00,2,8,01,B01
200700044878,0,32,000,00,1,1,00,A01
200700044879,0,14,000,00,2,7,02,A01
200700044879,0,07,000,00,2,1,13,B01
200700044880,0,07,000,00,1,3,01,A01
200700044881,0,33,000,00,2,2,01,A01
200700044881,0,33,000,00,2,3,15,B01
200700044882,0,07,000,00,9,7,16,A01
200700044882,0,37,020,00,2,3,02,B01
200700044883,0,07,000,00,2,2,11,A01
200700044883,0,07,000,00,2,6,17,B01
200700044884,0,07,000,00,0,0,00,A01
200700044884,0,31,000,00,0,0,00,B01
200700044885,0,02,000,00,0,0,02,A01
200700044885,0,02,000,00,0,0,02,B01
200700044886,0,07,000,00,2,3,02,A01
200700044886,0,07,000,00,2,3,02,B01
200700044887,0,07,000,08,2,1,02,A01
200700044887,0,07,000,00,2,4,02,B01
200700044888,0,07,000,01,0,1,09,A01
200700044888,0,14,000,00,2,6,24,B01
200700044889,0,07,000,00,2,6,00,A01
200700044889,0,07,000,00,2,9,00,B01
200700044889,0,07,000,00,2,3,00,C01
200700044890,0,07,000,00,2,1,01,A01
200700044890,0,07,000,00,2,4,15,B01
200700044891,0,07,000,00,1,0,04,A01
200700044892,0,07,000,00,0,0,00,A01
200700044892,0,01,000,00,0,0,00,B01
200700044893,0,07,000,00,2,3,01,B01
200700044893,0,10,000,00,2,2,01,A01
200700044894,1,07,000,00,0,3,15,A01
200700044894,0,02,000,00,2,1,17,B01
200700044895,0,07,000,00,2,1,01,B01
200700044895,0,07,000,00,0,7,02,C01
200700044895,0,07,000,00,2,7,10,A01
200700044896,0,07,000,00,0,1,10,A01
200700044896,0,33,000,00,2,8,02,B01
200700044897,0,07,000,00,2,8,22,A01
200700044897,0,07,000,01,0,2,02,B01
200700044898,0,02,000,00,0,1,00,A01
200700044899,0,07,000,00,1,2,01,A01
200700044900,0,32,000,00,0,8,01,B01
200700044900,1,07,000,00,0,2,01,A01
200700044901,0,07,000,00,1,2,16,A01
200700044902,0,07,000,00,1,1,01,A01
200700044903,0,07,000,00,1,0,00,A01
200700044904,0,07,000,00,2,1,02,B01
200700044904,0,31,000,00,2,3,00,A01
200700044905,0,07,000,00,2,1,01,A01
200700044905,0,07,000,00,0,6,15,B01
200700044906,0,07,000,00,2,7,12,A01
200700044906,0,02,000,00,2,3,01,B01
200700044907,0,07,000,00,2,7,15,B01
200700044907,0,99,000,00,2,0,00,A01
200700044908,0,14,000,00,2,3,13,A01
200700044908,0,02,000,00,2,1,21,B01
200700044909,0,07,000,00,2,1,02,A01
200700044909,0,07,000,00,0,4,01,B01
200700044910,0,32,000,00,2,8,01,A01
200700044910,0,07,000,00,2,7,01,B01
200700044911,0,07,000,01,0,1,21,A01
200700044911,0,07,000,00,2,6,23,B01
200700044912,0,07,000,00,1,0,01,A01
200700044913,0,07,000,00,2,2,16,A01
200700044913,0,34,000,00,2,0,18,B01
200700044914,0,07,000,00,2,3,20,A01
200700044914,0,37,000,00,2,7,16,B01
200700044915,0,01,000,12,0,1,00,A01
200700044916,0,07,000,00,2,3,01,A01
200700044916,0,07,000,00,2,8,01,B01
200700044917,0,07,000,00,1,1,01,A01
200700044918,0,07,000,00,2,3,10,A01
200700044918,0,33,000,01,2,2,01,B01
200700044919,0,07,000,00,0,0,02,A01
200700044919,0,30,000,00,0,0,02,B01
200700044920,0,07,000,00,1,1,17,A01
200700044921,0,07,000,00,2,2,15,B01
200700044921,0,30,000,00,2,2,05,A01
200700044922,0,07,000,00,2,1,01,B01
200700044922,0,07,000,00,2,1,01,A01
200700044923,0,33,000,00,2,2,01,A01
200700044923,0,07,000,00,2,3,11,B01
200700044924,0,07,000,00,1,7,01,A01
200700044925,0,07,000,00,2,4,01,A01
200700044925,0,10,000,00,2,1,02,B01
200700044926,0,07,000,00,1,2,16,A01
200700044927,0,07,000,00,0,3,15,B01
200700044927,0,37,054,00,0,2,02,A01
200700044928,0,07,000,00,2,7,11,A01
200700044928,0,32,000,00,2,8,18,B01
200700044929,0,38,002,00,2,3,02,B01
200700044929,0,30,000,00,2,1,05,A01
200700044930,0,07,000,00,1,3,00,A01
200700044931,0,37,000,00,0,2,02,A01
200700044932,0,07,000,00,0,4,15,B01
200700044932,0,07,000,00,2,1,02,A01
200700044933,0,07,000,00,2,0,00,B01
200700044933,0,07,000,00,0,1,00,A01
200700044934,0,30,000,00,2,1,01,B01
200700044934,0,07,000,00,2,2,15,A01
200700044935,0,30,000,12,1,1,06,A01
200700044936,0,01,000,00,2,0,19,B01
200700044936,0,07,000,00,1,1,02,A01
200700044937,0,07,000,00,2,1,02,A01
200700044937,0,07,000,00,2,4,00,B01
200700044938,0,30,000,00,2,1,05,A01
200700044938,0,07,000,00,2,7,05,B01
200700044939,0,07,000,01,1,0,00,A01
200700044940,0,07,000,00,2,3,01,B01
200700044940,0,01,000,00,2,8,00,C01
200700044940,0,07,000,00,0,1,17,A01
200700044941,0,07,000,00,2,2,15,A01
200700044941,0,07,000,00,2,1,01,B01
200700044942,0,32,000,00,9,1,02,A01
200700044942,0,01,000,00,0,4,02,B01
200700044943,0,30,000,00,2,1,02,A01
200700044943,0,07,000,00,0,5,02,B01
200700044944,0,10,000,00,2,3,13,B01
200700044944,0,07,000,00,2,1,16,A01
200700044945,0,07,000,12,0,7,01,B01
200700044945,0,07,000,00,2,1,01,A01
200700044946,0,07,000,00,2,2,01,A01
200700044946,0,01,000,00,2,3,11,B01
200700044947,0,07,000,00,1,1,15,A01
200700044948,0,07,000,00,2,2,09,A01
200700044948,0,07,000,00,2,3,01,B01
200700044949,0,07,000,00,2,6,19,A01
200700044949,0,07,000,00,0,1,01,B01
200700044950,0,07,000,00,2,3,15,B01
200700044950,0,02,000,01,2,1,01,A01
200700044951,0,02,000,00,2,1,01,B01
200700044951,1,07,000,00,2,1,16,A01
200700044952,0,07,000,00,2,8,15,A01
200700044952,0,33,000,00,2,7,01,B01
200700044953,0,07,000,00,2,8,24,A01
200700044953,0,01,000,01,0,1,01,B01
200700044954,0,07,000,06,2,6,01,A01
200700044954,0,07,000,00,2,1,01,B01
200700044955,0,07,000,00,2,3,01,A01
200700044955,0,01,000,00,2,1,19,B01
200700044956,0,01,000,00,2,8,19,A01
200700044956,0,07,000,00,2,0,15,B01
200700044957,0,07,000,00,2,4,01,B01
200700044957,0,02,000,00,2,1,02,A01
200700044958,0,07,000,00,2,1,15,A01
200700044958,0,07,000,00,2,3,01,B01
200700044959,0,07,000,00,2,1,01,A01
200700044959,0,07,000,00,2,3,15,B01
200700044960,0,07,000,00,2,2,05,A01
200700044960,0,07,000,00,2,2,01,B01
200700044960,0,07,000,00,2,1,02,C01
200700044961,0,14,000,00,2,2,09,A01
200700044961,0,07,000,00,2,1,09,B01
200700044962,0,07,000,16,2,7,01,A01
200700044962,0,07,000,00,2,1,02,B01
200700044963,0,33,000,00,2,2,17,B01
200700044963,2,07,000,00,2,6,17,A01
200700044964,0,07,000,00,2,1,13,A01
200700044964,0,07,000,00,2,1,01,B01
200700044965,0,07,000,00,2,1,02,A01
200700044965,0,07,000,00,0,4,02,B01
200700044966,0,07,000,02,1,1,02,A01
200700044967,0,07,000,00,0,1,00,A01
200700044967,0,07,000,00,0,4,00,B01
200700044967,0,07,000,00,0,4,00,C01
200700044968,0,99,000,00,2,0,01,A01
200700044968,0,30,000,00,2,0,00,B01
200700044969,0,07,000,00,2,2,01,A01
200700044969,0,07,000,00,2,5,01,B01
200700044970,0,37,000,00,1,2,01,A01
200700044971,0,07,000,00,2,8,10,A01
200700044971,0,07,000,00,2,1,01,B01
200700044972,0,31,000,00,0,0,00,A01
200700044972,0,07,000,00,2,2,00,B01
200700044973,0,10,000,00,2,1,02,A01
200700044973,0,07,000,00,0,4,02,B01
200700044974,0,07,000,00,2,8,15,A01
200700044974,0,07,000,00,2,1,01,B01
200700044975,0,07,000,00,1,7,01,A01
200700044976,0,07,000,00,2,1,02,A01
200700044976,0,07,000,00,0,4,23,B01
200700044977,0,07,000,00,0,3,10,A01
200700044977,0,02,000,00,2,1,01,B01
200700044978,0,07,000,00,2,7,01,A01
200700044978,0,33,000,00,2,0,01,B01
200700044979,0,31,000,00,1,1,17,A01
200700044980,0,32,000,14,0,3,01,A01
200700044980,0,07,000,00,0,2,15,B01
200700044981,0,07,000,00,1,3,00,A01
200700044982,0,02,000,15,0,1,15,A01
200700044983,0,07,000,00,2,1,02,A01
200700044983,0,31,000,00,2,4,02,B01
200700044983,1,07,000,00,2,1,02,C01
200700044984,0,07,000,00,1,1,02,A01
200700044985,0,07,000,00,2,3,00,A01
200700044985,0,32,000,00,2,0,00,B01
200700044986,0,07,000,00,1,1,01,A01
200700044987,0,07,000,00,2,1,02,A01
200700044987,0,07,000,00,2,4,02,B01
200700044987,0,07,000,00,2,4,02,C01
200700044987,0,07,000,00,2,4,00,D01
200700044988,0,32,000,00,2,1,17,A01
200700044988,0,07,000,00,2,3,15,B01
200700044989,0,07,000,00,1,1,15,A01
200700044990,0,37,015,00,2,2,01,A01
200700044990,0,07,000,00,2,2,15,B01
200700044991,0,10,000,00,2,1,09,A01
200700044991,0,07,000,00,2,4,09,B01
200700044992,0,02,000,00,2,1,02,A01
200700044992,0,07,000,00,2,4,15,B01
200700044993,0,30,000,00,2,1,01,A01
200700044993,0,07,000,00,2,8,15,B01
200700044994,0,33,000,00,2,9,01,A01
200700044994,0,07,000,00,2,6,02,B01
200700044995,0,07,000,00,2,1,15,A01
200700044995,0,34,000,00,2,1,01,B01
200700044996,0,07,000,00,2,2,05,A01
200700044996,0,02,000,00,2,1,01,B01
200700044997,0,07,000,00,2,1,01,B01
200700044997,0,07,000,00,2,9,01,A01
200700044998,0,07,000,00,2,1,12,A01
200700044998,0,33,000,00,2,4,01,B01
200700044999,0,07,000,00,2,1,01,A01
200700044999,0,07,000,00,2,9,01,B01
200700045000,0,33,000,00,2,1,00,A01
200700045000,0,07,000,00,2,8,00,B01
200700045001,0,33,000,00,0,5,15,A01
200700045001,0,07,000,00,2,3,01,B01
200700045002,0,07,000,00,2,5,15,A01
200700045002,0,07,000,00,2,1,00,B01
200700045003,0,32,000,00,2,1,02,A01
200700045003,0,07,000,00,2,4,02,B01
200700045004,0,10,000,00,2,2,15,A01
200700045004,0,07,000,00,2,3,00,B01
200700045005,0,07,000,00,1,4,04,A01
200700045006,0,31,000,00,0,0,00,A01
200700045006,0,07,000,00,0,0,00,B01
200700045007,0,07,000,00,0,1,00,A01
200700045007,0,07,000,00,0,1,00,B01
200700045008,0,07,000,00,0,0,00,A01
200700045009,0,07,000,00,0,0,00,A01
200700045010,0,07,000,00,0,0,00,A01
200700045010,0,32,000,00,0,0,00,B01
200700045011,0,07,000,00,0,1,00,A01
200700045011,0,07,000,00,0,4,00,B01
200700045012,0,34,000,00,2,8,02,B01
200700045012,1,34,000,00,0,0,02,A01
200700045013,0,07,000,00,0,0,00,A01
200700045013,0,07,000,00,0,0,00,B01
200700045014,0,07,000,00,0,0,00,A01
200700045014,1,07,000,00,0,0,00,B01
200700045015,0,02,000,00,0,0,00,A01
200700045015,1,07,000,00,0,0,00,B01
200700045016,1,07,000,00,1,0,02,A01
200700045017,0,02,000,00,0,0,00,A01
200700045018,0,31,000,00,0,0,00,A01
200700045019,0,07,000,00,2,3,02,A01
200700045019,0,01,000,00,2,6,19,B01
200700045020,0,07,000,00,1,1,00,A01
200700045021,0,07,000,00,0,8,10,A01
200700045021,0,07,000,00,0,1,00,B01
200700045022,0,31,000,00,2,7,02,A01
200700045022,0,07,000,00,2,3,15,B01
200700045023,1,07,000,00,0,0,00,A01
200700045023,0,31,000,00,0,2,00,B01
200700045024,0,07,000,00,1,1,02,A01
200700045025,0,07,000,00,0,1,01,A01
200700045025,0,07,000,00,0,1,01,B01
200700045026,0,07,000,00,2,1,01,A01
200700045026,0,07,000,00,2,7,01,B01
200700045027,0,07,000,00,2,6,11,A01
200700045027,0,33,000,00,2,2,01,B01
200700045028,0,07,000,00,2,4,01,A01
200700045028,1,10,000,00,2,0,00,B01
200700045029,0,37,002,00,0,0,02,A01
200700045029,0,07,000,00,0,0,00,B01
200700045030,0,07,000,00,2,2,15,A01
200700045030,0,33,000,00,2,1,02,B01
200700045031,0,33,000,00,1,1,01,A01
200700045032,0,07,000,00,1,1,04,A01
200700045033,0,07,000,01,0,8,01,A01
200700045034,0,07,000,00,2,3,00,A01
200700045034,0,07,000,00,2,2,00,B01
200700045035,0,07,000,00,0,1,06,A01
200700045036,0,32,000,00,2,3,15,A01
200700045036,0,07,000,00,2,3,01,B01
200700045037,0,07,000,01,0,3,00,A01
200700045037,0,07,000,00,0,0,00,B01
200700045038,0,07,000,00,2,2,10,A01
200700045038,0,33,000,00,2,1,01,B01
200700045039,0,07,000,00,2,5,15,A01
200700045039,0,33,000,00,2,1,01,B01
200700045040,0,30,000,01,2,6,01,A01
200700045040,0,07,000,00,2,8,01,B01
200700045041,0,31,000,00,2,6,01,A01
200700045041,0,07,000,00,2,6,00,B01
200700045042,0,02,000,14,2,0,00,A01
200700045043,0,07,000,00,1,4,01,A01
200700045043,0,07,000,00,2,1,01,B01
200700045044,0,35,000,00,2,0,00,A01
200700045045,0,33,000,00,9,0,00,A01
200700045046,0,07,000,00,1,1,01,A01
200700045047,0,07,000,14,0,9,01,A01
200700045048,0,07,000,00,2,0,00,A01
200700045048,0,31,000,00,2,1,00,B01
200700045049,0,07,000,00,1,1,01,A01
200700045050,0,07,000,00,2,1,01,A01
200700045050,0,07,000,00,0,1,15,B01
200700045051,1,01,000,00,1,1,01,A01
200700045052,0,14,000,00,1,1,09,A01
200700045053,0,07,000,00,0,4,01,B01
200700045053,0,07,000,00,2,1,01,A01
200700045054,0,07,000,00,2,8,10,A01
200700045054,0,31,000,00,2,1,01,B01
200700045055,0,32,000,00,2,1,13,A01
200700045055,0,15,000,00,2,1,17,B01
200700045056,0,07,000,00,1,1,00,A01
200700045057,0,30,000,00,2,1,17,A01
200700045057,0,07,000,00,2,3,01,B01
200700045058,0,07,000,00,2,1,01,A01
200700045058,0,07,000,00,2,4,20,B01
200700045059,0,07,000,00,1,1,02,A01
200700045060,0,15,000,00,2,1,02,A01
200700045060,0,07,000,00,2,4,02,B01
200700045061,0,07,000,00,0,1,01,A01
200700045062,0,30,000,00,0,1,01,A01
200700045063,0,07,000,00,2,6,16,A01
200700045063,0,01,000,00,2,8,19,B01
200700045064,0,07,000,00,9,7,01,A01
200700045064,0,01,000,00,2,0,01,B01
200700045065,0,07,000,00,1,1,00,A01
200700045066,0,07,000,00,2,1,02,A01
200700045066,0,07,000,00,2,4,02,B01
200700045067,0,13,000,00,1,5,01,A01
200700045068,1,33,000,00,1,0,00,A01
200700045069,0,10,000,00,9,1,01,A01
200700045069,0,01,000,00,2,7,01,B01
200700045070,0,10,000,00,2,2,20,A01
200700045070,0,32,000,00,2,8,09,B01
200700045071,0,07,000,00,2,7,12,A01
200700045071,0,33,000,00,2,8,01,B01
200700045072,0,07,000,00,0,1,01,A01
200700045073,0,99,000,00,2,3,01,A01
200700045073,0,07,000,00,2,2,15,B01
200700045074,0,32,000,00,2,3,09,A01
200700045074,0,07,000,00,9,3,00,B01
200700045075,1,10,000,00,2,3,10,A01
200700045075,0,33,000,00,2,1,17,B01
200700045076,0,32,000,00,2,8,21,B01
200700045076,0,07,000,00,2,0,15,A01
200700045077,0,32,000,00,2,3,01,A01
200700045077,0,07,000,00,2,3,01,B01
200700045078,0,10,000,06,2,2,01,B01
200700045078,0,10,000,00,2,2,01,A01
200700045079,0,10,000,00,2,1,01,A01
200700045079,0,07,000,00,0,4,23,B01
200700045080,0,02,000,12,1,8,02,A01
200700045080,0,07,000,00,0,0,02,B01
200700045081,0,07,000,00,2,3,09,A01
200700045081,0,32,000,00,2,1,13,B01
200700045082,0,07,000,00,2,3,15,A01
200700045082,0,32,000,00,2,1,01,B01
200700045083,0,32,000,00,2,7,18,A01
200700045083,0,07,000,00,2,7,16,B01
200700045084,0,07,000,02,2,1,16,A01
200700045084,0,07,000,00,2,6,23,B01
200700045085,0,07,000,00,2,3,01,A01
200700045085,0,31,000,00,2,6,01,B01
200700045086,0,07,000,00,2,2,15,A01
200700045086,0,33,000,00,2,1,01,B01
200700045087,0,33,000,00,2,1,02,A01
200700045087,0,07,000,00,2,1,21,B01
200700045088,0,07,000,00,2,1,17,A01
200700045088,0,07,000,08,2,4,01,B01
200700045089,0,10,000,00,2,1,15,A01
200700045089,0,37,001,00,2,1,01,B01
200700045090,0,07,000,00,2,1,01,A01
200700045090,0,07,000,00,2,4,01,B01
200700045091,1,07,000,00,0,0,00,A01
200700045091,0,07,000,00,2,1,01,B01
200700045092,0,07,000,00,2,1,21,A01
200700045092,0,10,000,00,0,5,23,B01
200700045093,0,07,000,00,2,3,15,A01
200700045093,0,32,000,00,2,7,05,B01
200700045094,0,07,000,00,2,7,09,A01
200700045094,0,31,000,00,2,7,01,B01
200700045095,0,07,000,00,0,3,00,B01
200700045095,0,32,000,00,2,1,02,A01
200700045096,0,07,000,00,2,2,05,A01
200700045096,0,07,000,00,0,3,15,B01
200700045097,0,07,000,08,0,1,00,A01
200700045098,0,10,000,00,1,4,04,A01
200700045099,0,07,000,00,2,1,15,A01
200700045099,0,07,000,00,2,8,01,B01
200700045100,0,07,000,00,2,3,15,A01
200700045100,0,07,000,00,2,3,01,B01
200700045101,0,07,000,09,2,8,01,A01
200700045101,0,07,000,00,2,1,01,B01
200700045102,0,02,000,00,2,7,01,A01
200700045102,0,07,000,00,2,1,15,B01
200700045103,0,07,000,00,1,2,01,A01
200700045104,0,07,000,00,2,4,02,B01
200700045104,0,99,000,00,2,4,02,A01
200700045105,0,37,001,00,2,3,01,B01
200700045105,0,07,000,00,2,1,16,A01
200700045106,0,10,000,00,2,5,01,B01
200700045106,0,02,000,00,2,3,14,A01
200700045107,0,07,000,00,1,1,16,A01
200700045108,0,07,000,00,2,4,02,B01
200700045108,0,14,000,00,2,1,02,A01
200700045109,0,07,000,00,2,7,01,B01
200700045109,0,01,000,00,2,1,13,A01
200700045110,0,30,000,00,2,7,17,A01
200700045110,0,07,000,00,2,8,01,B01
200700045111,0,07,000,00,2,1,15,A01
200700045111,0,01,000,00,2,1,01,B01
200700045112,0,07,000,15,0,0,01,A01
200700045113,0,07,000,12,0,0,01,A01
200700045114,0,07,000,00,1,2,01,A01
200700045115,0,32,000,16,0,8,01,A01
200700045116,0,07,000,08,0,1,01,A01
200700045117,0,07,000,00,2,3,01,A01
200700045117,0,07,000,00,2,5,01,B01
200700045118,0,07,000,00,2,5,04,A01
200700045118,0,33,000,00,2,2,15,B01
200700045119,0,30,000,00,2,1,01,A01
200700045119,0,07,000,00,2,3,15,B01
200700045120,0,33,000,00,0,0,01,A01
200700045120,1,07,000,00,0,0,00,B01
200700045121,0,07,000,00,2,1,01,A01
200700045121,0,07,000,00,2,4,02,B01
200700045121,0,10,000,00,2,2,00,C01
200700045122,0,30,000,00,2,1,01,A01
200700045122,0,07,000,00,2,6,15,B01
200700045123,0,07,000,00,2,3,01,A01
200700045123,0,01,000,00,2,1,01,B01
200700045124,0,02,000,00,2,7,17,A01
200700045124,0,15,000,00,0,0,01,B01
200700045125,0,07,000,00,0,7,24,A01
200700045125,0,01,000,01,0,0,01,B01
200700045126,0,07,000,00,9,5,16,B01
200700045126,0,01,000,00,2,1,01,A01
200700045127,0,07,000,00,1,1,01,A01
200700045128,1,07,000,00,1,8,01,A01
200700045128,0,01,000,00,2,8,15,B01
200700045129,0,33,000,06,0,1,01,A01
200700045130,0,07,000,00,2,1,05,A01
200700045130,0,07,000,00,2,1,01,B01
200700045131,0,33,000,00,0,1,01,B01
200700045131,0,07,000,00,0,2,15,A01
200700045132,0,07,000,00,0,2,02,B01
200700045132,0,33,000,00,0,1,00,A01
200700045133,0,07,000,00,1,2,02,A01
200700045134,0,07,000,00,2,3,05,A01
200700045134,0,07,000,12,2,3,01,B01
200700045135,0,31,000,00,0,8,02,A01
200700045136,0,01,000,00,2,1,01,A01
200700045136,0,07,000,00,2,3,19,B01
200700045137,0,07,000,00,2,2,01,A01
200700045138,0,07,000,00,2,4,04,A01
200700045138,0,30,000,00,2,1,23,B01
200700045139,0,07,000,00,2,1,13,A01
200700045139,0,07,000,00,2,1,01,B01
200700045140,0,07,000,00,2,1,02,A01
200700045140,0,07,000,00,2,4,02,B01
200700045141,2,30,000,00,1,1,01,A01
200700045142,0,07,000,00,2,1,01,A01
200700045142,0,01,000,00,2,5,19,B01
200700045143,0,07,000,00,1,2,15,A01
200700045144,0,07,000,00,2,1,09,A01
200700045144,0,01,000,00,2,1,09,B01
200700045145,0,07,000,00,2,7,02,A01
200700045145,0,07,000,00,2,3,02,B01
200700045146,0,07,000,09,1,1,02,A01
200700045147,0,07,000,00,2,8,11,A01
200700045147,0,30,000,00,2,7,11,B01
200700045148,0,07,000,14,0,1,02,A01
200700045148,0,07,000,00,0,4,02,B01
200700045149,0,07,000,00,2,1,01,A01
200700045149,0,07,000,00,2,3,00,B01
200700045150,0,02,000,00,2,3,01,B01
200700045150,0,07,000,00,2,7,15,A01
200700045151,0,02,000,00,2,4,01,A01
200700045151,0,07,000,00,2,4,01,B01
200700045152,0,32,000,00,2,6,01,B01
200700045152,0,07,000,00,2,2,15,A01
200700045153,0,07,000,00,2,3,09,A01
200700045153,0,30,000,00,2,1,01,B01
200700045154,0,02,000,14,0,7,01,A01
200700045155,0,02,000,09,0,2,01,A01
200700045156,0,30,000,00,0,0,01,A01
200700045157,0,07,000,00,2,1,01,A01
200700045157,0,07,000,00,0,8,01,C01
200700045157,0,07,000,03,0,8,15,B01
200700045158,0,30,000,00,2,1,15,A01
200700045158,0,07,000,00,2,1,01,B01
200700045159,0,02,000,00,2,1,13,A01
200700045159,0,07,000,00,2,2,16,B01
200700045160,0,07,000,00,2,7,15,A01
200700045160,0,10,000,00,2,4,01,B01
200700045161,0,07,000,00,9,7,15,A01
200700045161,0,01,000,00,2,1,01,B01
200700045162,0,07,000,00,1,4,04,A01
200700045163,0,02,000,00,2,1,16,A01
200700045163,0,07,000,00,2,8,01,B01
200700045164,0,07,000,00,2,1,09,A01
200700045164,0,33,000,00,2,8,01,B01
200700045165,0,33,000,00,2,1,17,A01
200700045165,0,10,000,00,2,8,15,B01
200700045166,0,07,000,00,1,1,01,A01
200700045167,0,07,000,00,2,6,20,A01
200700045168,0,07,000,00,2,1,02,A01
200700045168,0,07,000,00,2,4,02,B01
200700045169,0,07,000,00,1,1,20,A01
200700045170,0,07,000,00,2,1,02,A01
200700045170,0,07,000,00,2,4,02,B01
200700045171,0,07,000,00,2,3,01,A01
200700045171,0,31,000,00,2,3,13,B01
200700045172,0,07,000,00,2,1,12,A01
200700045172,0,31,000,00,2,4,01,B01
200700045173,0,33,000,00,2,1,01,A01
200700045173,0,07,000,00,2,5,15,B01
200700045174,0,10,000,00,2,1,02,A01
200700045174,0,07,000,00,2,4,02,B01
200700045174,0,07,000,00,2,4,02,C01
200700045175,0,07,000,00,2,1,02,A01
200700045175,0,07,000,00,2,4,02,B01
200700045176,0,07,000,00,9,8,09,A01
200700045176,0,02,000,00,2,7,09,B01
200700045177,1,33,000,01,1,1,01,A01
200700045178,0,33,000,00,2,1,02,A01
200700045178,0,07,000,00,9,3,02,B01
200700045179,0,07,000,00,2,1,02,A01
200700045179,0,07,000,00,2,5,00,B01
200700045180,0,02,000,00,2,2,01,A01
200700045181,0,07,000,00,2,6,02,A01
200700045181,0,33,000,01,0,1,02,B01
200700045182,0,07,000,00,2,8,11,A01
200700045182,0,07,000,00,2,7,01,B01
200700045183,0,07,000,00,1,3,01,A01
200700045184,0,07,000,00,2,3,09,A01
200700045184,0,33,000,00,2,7,02,B01
200700045185,0,07,000,00,2,2,09,A01