Num_Acc,senc,catv,occutc,obs,obsm,choc,manv,num_veh
200700045517,0,07,000,06,0,7,01,A01
200700045518,0,07,000,03,2,1,01,C01
200700045518,0,07,000,00,0,6,01,B01
200700045518,1,17,000,00,2,2,12,A01
200700045519,0,07,000,00,0,4,23,A01
200700045519,0,07,000,00,2,2,02,D01
200700045519,0,07,000,00,2,1,23,C01
200700045519,0,07,000,00,2,1,23,B01
200700045520,0,31,000,04,0,1,13,A01
200700045521,1,17,000,00,2,2,12,A01
200700045521,0,07,000,03,0,6,01,B01
200700045522,0,07,000,00,2,1,01,B01
200700045522,1,17,000,00,2,2,12,C01
200700045522,0,07,000,04,2,4,01,A01
200700045523,0,17,000,00,0,5,23,A01
200700045523,0,14,000,00,2,3,02,B01
200700045524,0,13,000,00,2,3,01,C01
200700045524,0,17,000,03,2,2,12,A01
200700045524,0,07,000,03,2,8,01,B01
200700045525,0,13,000,00,0,5,01,D01
200700045525,0,15,000,00,0,5,00,C01
200700045525,0,15,000,00,2,4,00,B01
200700045525,0,07,000,00,2,1,02,A01
200700045526,0,07,000,00,0,7,17,B01
200700045526,0,07,000,06,0,6,02,C01
200700045526,0,07,000,04,2,3,17,A01
200700045527,0,10,000,00,2,3,11,A01
200700045527,0,07,000,00,0,4,17,B01
200700045528,0,10,000,01,0,3,01,A01
200700045528,0,10,000,03,1,8,23,B01
200700045529,0,07,000,13,0,9,17,A01
200700045530,0,07,000,01,0,7,23,C01
200700045530,0,14,000,00,0,3,22,A01
200700045530,0,33,000,01,0,2,03,B01
200700045531,0,07,000,01,2,1,01,A01
200700045531,0,07,000,00,2,2,01,B01
200700045532,1,33,000,00,2,6,16,A01
200700045532,0,33,000,00,2,1,01,B01
200700045533,0,07,000,00,2,1,01,A01
200700045533,0,07,000,08,2,1,01,B01
200700045534,0,07,000,00,1,7,01,A01
200700045535,0,07,000,00,2,1,01,A01
200700045535,0,07,000,00,2,8,15,B01
200700045536,0,07,000,00,2,6,16,A01
200700045536,0,07,000,00,2,2,01,B01
200700045537,0,07,000,00,2,3,20,A01
200700045537,0,07,000,01,2,1,01,B01
200700045538,0,30,000,00,2,5,01,A01
200700045538,0,07,000,00,2,1,01,B01
200700045539,0,07,000,00,1,2,16,A01
200700045540,0,30,000,00,2,1,01,A01
200700045540,0,07,000,00,2,1,01,B01
200700045541,0,07,000,00,2,8,01,A01
200700045541,0,07,000,00,2,1,01,B01
200700045542,0,14,000,00,2,1,16,A01
200700045542,0,07,000,00,0,4,16,B01
200700045543,0,30,000,00,0,4,15,A01
200700045543,0,30,000,00,2,1,01,B01
200700045544,0,01,000,00,2,1,19,A01
200700045544,0,07,000,00,2,1,01,B01
200700045545,0,07,000,04,0,8,17,A01
200700045546,0,33,000,00,0,8,02,A01
200700045546,0,07,000,00,0,2,01,B01
200700045547,0,10,000,00,2,1,02,A01
200700045547,0,10,000,00,2,4,02,B01
200700045547,0,10,000,00,0,4,02,C01
200700045548,0,07,000,13,0,1,02,A01
200700045549,0,07,000,00,2,3,02,A01
200700045549,0,07,000,00,0,5,02,B01
200700045549,0,07,000,00,2,3,00,C01
200700045550,0,10,000,00,2,1,02,A01
200700045550,0,07,000,00,2,1,02,B01
200700045550,0,07,000,00,2,1,02,C01
200700045550,0,07,000,00,2,1,02,D01
200700045550,0,07,000,00,0,4,02,E01
200700045551,0,15,000,00,2,2,02,A01
200700045551,0,07,000,00,2,6,02,B01
200700045551,0,07,000,00,2,7,01,C01
200700045552,0,07,000,03,0,3,00,A01
200700045553,0,07,000,10,0,2,01,A01
200700045554,0,07,000,00,2,1,02,A01
200700045554,0,07,000,00,2,4,23,B01
200700045555,0,07,000,12,0,1,01,A01
200700045556,0,07,000,00,2,1,01,A01
200700045556,0,07,000,00,2,4,01,B01
200700045556,0,07,000,00,0,4,01,C01
200700045556,0,07,000,00,2,4,01,D01
200700045556,0,07,000,00,2,4,01,E01
200700045557,0,14,000,00,2,2,12,A01
200700045557,0,07,000,00,2,8,02,B01
200700045558,0,17,000,00,2,2,12,A01
200700045558,0,07,000,00,2,6,02,B01
200700045559,0,07,000,00,2,1,00,A01
200700045559,0,07,000,00,0,4,01,B01
200700045560,0,07,000,00,2,7,02,A01
200700045560,0,07,000,00,2,7,12,B01
200700045561,0,33,000,00,2,3,18,A01
200700045561,0,07,000,00,0,5,11,B01
200700045561,0,33,000,00,9,1,01,C01
200700045562,2,07,000,00,2,7,13,A01
200700045562,0,07,000,00,2,3,01,B01
200700045563,0,07,000,00,0,4,09,A01
200700045563,0,10,000,00,2,1,02,B01
200700045564,0,15,000,00,0,3,03,A01
200700045564,0,07,000,00,0,4,01,B01
200700045564,0,07,000,00,0,5,01,C01
200700045565,0,07,000,04,0,6,01,A01
200700045566,0,07,000,12,0,2,21,A01
200700045567,0,07,000,16,0,7,14,A01
200700045568,0,15,000,00,2,2,02,A01
200700045568,0,07,000,00,0,6,02,B01
200700045569,0,15,000,00,0,3,02,A01
200700045570,0,07,000,04,0,2,21,A01
200700045571,0,30,000,00,0,2,17,A01
200700045571,0,07,000,00,0,1,19,B01
200700045572,0,34,000,00,2,2,18,A01
200700045572,0,07,000,00,0,8,19,B01
200700045573,0,10,000,00,2,1,01,A01
200700045573,0,10,000,00,2,4,01,B01
200700045573,0,10,000,00,2,4,01,C01
200700045574,0,38,001,00,2,1,01,E01
200700045574,0,07,000,00,2,5,01,D01
200700045574,0,07,000,00,2,8,00,C01
200700045574,0,07,000,00,0,0,00,B01
200700045574,0,38,024,00,0,0,00,A01
200700045575,0,33,000,00,2,1,02,A01
200700045575,0,07,000,00,2,5,02,B01
200700045576,0,07,000,03,0,3,06,A01
200700045577,0,10,000,00,2,1,02,A01
200700045577,0,10,000,00,0,4,02,B01
200700045578,0,07,000,00,0,7,21,B01
200700045578,0,33,000,03,2,7,18,A01
200700045579,0,34,000,16,0,3,01,A01
200700045580,0,10,000,00,2,1,02,A01
200700045580,0,07,000,00,0,4,02,B01
200700045581,0,34,000,14,0,1,01,A01
200700045582,0,32,000,00,2,1,02,A01
200700045582,0,07,000,00,0,6,02,B01
200700045583,0,07,000,01,0,9,14,A01
200700045584,0,07,000,06,0,1,01,A01
200700045585,0,07,000,00,0,4,01,A01
200700045586,0,10,000,03,0,1,01,A01
200700045587,0,10,000,00,2,3,01,C01
200700045588,0,07,000,03,0,8,02,A01
200700045589,0,31,000,00,0,0,01,A01
200700045590,0,07,000,00,2,4,01,A01
200700045590,0,07,000,00,2,4,01,B01
200700045590,0,07,000,00,2,1,01,C01
200700045591,0,15,000,00,0,4,02,A01
200700045591,0,10,000,00,2,1,02,B01
200700045591,0,07,000,01,2,4,12,C01
200700045592,0,07,000,00,0,8,01,A01
200700045593,0,10,000,00,0,6,01,A01
200700045593,0,07,000,00,2,2,01,B01
200700045594,0,07,000,00,2,6,12,A01
200700045594,0,07,000,00,2,2,12,B01
200700045595,0,07,000,00,2,4,01,A01
200700045595,0,10,000,00,2,1,02,B01
200700045596,0,07,000,00,2,4,01,A01
200700045596,0,07,000,03,2,4,01,B01
200700045596,0,07,000,00,2,1,01,C01
200700045597,0,07,000,00,2,4,02,A01
200700045597,0,07,000,00,2,1,02,B01
200700045597,0,07,000,00,2,4,02,C01
200700045597,0,07,000,00,2,1,02,D01
200700045597,0,07,000,01,2,1,02,E01
200700045598,0,07,000,04,0,1,01,A01
200700045599,0,07,000,06,0,1,00,A01
200700045600,0,07,000,00,0,4,02,A01
200700045600,0,07,000,00,2,1,02,F01
200700045600,0,07,000,00,2,4,02,B01
200700045600,0,07,000,00,2,4,02,C01
200700045600,0,07,000,00,2,4,02,D01
200700045600,0,07,000,00,2,4,02,E01
200700045601,0,07,000,00,2,4,01,A01
200700045601,0,07,000,00,2,4,01,B01
200700045601,0,07,000,00,2,1,11,C01
200700045602,0,07,000,04,0,1,02,A01
200700045603,0,07,000,00,2,5,01,A01
200700045603,0,07,000,00,2,3,00,B01
200700045603,0,07,000,00,2,1,02,C01
200700045604,0,07,000,00,0,4,01,A01
200700045604,0,07,000,00,2,1,01,B01
200700045604,1,07,000,00,2,1,00,C01
200700045605,0,07,000,00,2,1,05,A01
200700045605,0,07,000,00,2,0,05,B01
200700045606,0,07,000,00,0,2,02,A01
200700045607,0,07,000,03,0,2,01,A01
200700045608,0,07,000,00,2,5,02,A01
200700045608,0,07,000,00,2,3,11,B01
200700045609,0,07,000,00,2,5,02,A01
200700045609,1,07,000,00,2,0,00,B01
200700045610,0,07,000,04,2,3,12,A01
200700045610,0,07,000,03,2,5,01,B01
200700045611,0,07,000,00,9,3,02,A01
200700045612,0,07,000,06,0,1,00,A01
200700045613,0,17,000,00,0,5,02,A01
200700045613,0,17,000,00,2,1,02,B01
200700045614,0,30,000,00,2,8,13,A01
200700045614,1,17,000,00,0,0,00,B01
200700045615,0,07,000,01,2,8,02,A01
200700045615,0,07,000,00,2,2,14,B01
200700045616,0,07,000,00,2,1,02,A01
200700045617,0,07,000,03,5,1,21,A01
200700045618,0,07,000,02,0,1,00,A01
200700045619,0,07,000,13,0,3,00,A01
200700045620,0,07,000,04,0,1,01,A01
200700045621,0,07,000,03,0,1,02,A01
200700045622,0,10,000,00,0,4,02,A01
200700045622,0,10,000,00,2,1,02,B01
200700045623,0,07,000,00,0,4,00,A01
200700045623,0,17,000,00,2,1,00,B01
200700045624,0,07,000,04,0,1,00,A01
200700045625,0,33,000,00,0,0,01,A01
200700045625,0,33,000,00,0,0,00,B01
200700045626,0,07,000,00,0,4,02,A01
200700045626,0,07,000,00,0,6,02,B01
200700045626,0,34,000,00,0,4,02,C01
200700045626,0,07,000,00,2,1,02,D01
200700045627,0,10,000,15,0,1,14,A01
200700045628,0,07,000,00,0,4,02,A01
200700045628,0,07,000,00,2,4,02,B01
200700045628,0,07,000,00,2,1,02,C01
200700045629,0,07,000,00,2,5,02,A01
200700045629,0,07,000,00,2,9,05,B01
200700045629,0,07,000,00,2,1,01,C01
200700045629,0,07,000,00,2,3,01,D01
200700045630,1,07,000,00,0,5,07,A01
200700045630,0,01,000,00,0,1,07,B01
200700045631,0,30,000,01,0,1,00,A01
200700045632,1,02,000,00,1,1,00,A01
200700045633,0,31,000,14,2,3,18,A01
200700045633,0,10,000,00,2,2,01,B01
200700045634,0,33,000,00,0,4,12,A01
200700045634,0,31,000,00,0,8,02,B01
200700045635,0,33,000,00,0,0,00,A01
200700045636,0,07,000,00,2,6,01,B01
200700045636,0,32,000,00,2,1,00,A01
200700045637,0,07,000,00,1,5,02,A01
200700045638,0,01,000,00,1,1,01,A01
200700045639,0,07,000,00,0,1,09,A01
200700045639,0,02,000,00,0,1,01,B01
200700045640,0,07,000,00,2,8,15,A01
200700045640,0,33,000,00,2,7,17,B01
200700045641,0,31,000,00,2,1,01,A01
200700045641,0,07,000,00,1,6,01,B01
200700045642,0,07,000,00,1,7,01,A01
200700045643,0,07,000,03,2,4,01,B01
200700045643,0,10,000,00,9,7,02,C01
200700045643,0,07,000,00,2,2,14,A01
200700045644,0,32,000,00,0,3,01,B01
200700045644,0,07,000,00,0,2,09,A01
200700045645,0,07,000,00,2,4,00,B01
200700045645,0,07,000,00,2,1,00,A01
200700045646,0,37,028,00,9,5,02,A01
200700045646,0,01,000,00,2,8,02,B01
200700045647,0,10,000,00,2,0,17,A01
200700045647,0,30,000,00,2,1,01,B01
200700045648,0,30,000,00,0,5,23,B01
200700045648,0,32,000,00,2,3,02,A01
200700045649,0,33,000,09,2,1,02,A01
200700045649,0,07,000,09,2,3,11,B01
200700045650,0,07,000,00,2,3,10,A01
200700045650,0,32,000,00,2,1,01,B01
200700045651,0,31,000,00,1,7,00,A01
200700045652,0,07,000,00,0,6,01,A01
200700045653,0,07,000,00,1,1,02,A01
200700045654,0,07,000,01,0,1,00,A01
200700045655,0,33,000,00,0,0,02,A01
200700045656,0,10,000,00,2,3,02,A01
200700045656,0,33,000,00,1,5,01,B01
200700045657,0,30,000,00,2,7,02,A01
200700045657,0,33,000,00,0,7,02,B01
200700045658,0,33,000,00,2,1,01,B01
200700045658,0,07,000,00,2,7,15,A01
200700045659,0,07,000,00,1,4,04,A01
200700045660,0,33,000,00,1,0,00,A01
200700045660,0,13,000,00,0,1,00,B01
200700045661,0,02,000,00,2,8,02,A01
200700045661,0,07,000,00,2,7,02,B01
200700045662,0,30,000,00,0,1,09,A01
200700045662,0,34,000,00,0,7,01,B01
200700045663,0,07,000,00,0,0,02,B01
200700045663,0,02,000,00,2,0,02,A01
200700045664,0,07,000,00,2,3,16,A01
200700045664,0,30,000,00,2,4,16,B01
200700045665,0,10,000,00,2,4,02,B01
200700045665,0,07,000,00,2,1,02,A01
200700045666,0,33,000,00,0,7,02,A01
200700045667,0,30,000,00,0,8,02,A01
200700045668,1,07,000,00,0,0,00,A01
200700045669,0,33,000,08,0,3,21,A01
200700045670,0,01,000,01,2,7,03,B01
200700045670,0,07,000,00,2,6,00,A01
200700045670,0,10,000,00,0,0,02,C01
200700045671,0,10,000,00,1,3,19,A01
200700045672,0,07,000,00,2,2,16,A01
200700045672,0,32,000,00,0,8,01,B01
200700045673,0,07,000,00,1,5,04,A01
200700045674,0,02,000,00,2,0,02,A01
200700045675,0,07,000,00,1,1,01,A01
200700045676,0,01,000,00,2,1,02,A01
200700045676,0,38,030,00,2,7,16,B01
200700045677,0,33,000,00,0,1,02,A01
200700045677,0,02,000,00,0,4,02,B01
200700045678,0,33,000,01,0,8,02,B01
200700045678,0,07,000,00,2,8,00,A01
200700045679,0,34,000,00,2,8,01,B01
200700045679,0,07,000,00,2,2,16,A01
200700045680,0,02,000,15,9,1,01,A01
200700045681,0,07,000,00,1,5,00,A01
200700045682,0,32,000,00,1,1,01,A01
200700045683,0,33,000,00,0,0,00,A01
200700045684,0,30,000,00,2,2,02,A01
200700045684,0,07,000,00,2,3,02,B01
200700045685,1,07,000,00,2,2,11,A01
200700045685,0,31,000,00,2,6,01,B01
200700045686,0,07,000,00,1,2,21,A01
200700045687,0,07,000,00,9,2,02,A01
200700045687,0,01,000,00,2,6,09,B01
200700045688,0,37,001,00,9,8,02,B01
200700045688,0,01,000,00,2,3,13,A01
200700045689,0,37,005,00,1,2,01,A01
200700045690,0,30,000,00,0,7,00,A01
200700045691,1,01,000,00,0,0,00,A01
200700045692,0,31,000,00,2,1,03,A01
200700045692,0,07,000,00,2,6,15,B01
200700045693,0,30,000,00,2,1,01,A01
200700045693,1,07,000,00,0,4,00,B01
200700045694,0,32,000,00,0,7,21,A01
200700045695,0,30,000,00,2,0,18,A01
200700045696,0,07,000,00,0,6,01,B01
200700045696,0,33,000,00,0,7,17,A01
200700045697,0,07,000,00,1,3,01,A01
200700045698,0,01,000,12,0,7,00,A01
200700045699,0,10,000,00,0,5,16,A01
200700045699,0,01,000,00,2,1,01,B01
200700045700,0,30,000,01,2,3,17,A01
200700045700,0,37,008,00,0,6,23,B01
200700045701,0,07,000,09,0,1,01,A01
200700045702,0,07,000,00,0,5,16,B01
200700045702,0,37,000,00,2,3,01,A01
200700045703,0,10,000,00,2,5,16,A01
200700045703,0,32,000,00,2,3,16,B01
200700045704,0,17,000,00,2,2,12,A01
200700045704,0,07,000,04,0,6,01,B01
200700045704,0,07,000,00,2,4,00,C01
200700045704,0,07,000,00,2,4,02,D01
200700045704,0,07,000,00,2,1,02,E01
200700045705,0,33,000,00,0,2,12,A01
200700045705,0,07,000,00,0,7,00,B01
200700045706,0,02,000,00,2,2,02,A01
200700045706,0,07,000,00,0,3,02,B01
200700045707,0,34,000,00,2,7,16,A01
200700045707,0,07,000,00,2,8,01,B01
200700045708,0,02,000,00,1,1,01,A01
200700045709,0,30,000,01,0,1,14,A01
200700045710,0,07,000,00,2,1,02,A01
200700045710,0,07,000,00,2,4,02,B01
200700045711,0,07,000,00,2,2,00,B01
200700045711,0,01,000,00,2,3,11,A01
200700045712,0,07,000,00,2,3,02,B01
200700045712,0,30,000,00,2,2,17,A01
200700045713,0,07,000,00,0,3,11,A01
200700045713,0,33,000,00,2,7,01,B01
200700045714,0,10,000,00,1,6,04,A01
200700045715,0,33,000,00,2,7,17,A01
200700045715,0,07,000,00,2,3,15,B01
200700045716,0,01,000,00,1,1,01,A01
200700045717,0,01,000,00,2,3,02,A01
200700045717,1,07,000,00,2,2,01,B01
200700045718,0,33,000,00,1,1,12,A01
200700045719,0,31,000,00,1,1,00,A01
200700045720,0,07,000,01,0,1,02,A01
200700045721,0,33,000,00,2,1,02,A01
200700045721,0,07,000,00,2,3,02,B01
200700045722,0,33,000,00,0,0,00,A01
200700045723,0,10,000,00,0,7,01,A01
200700045723,0,37,015,00,0,3,00,B01
200700045724,0,07,000,00,2,0,15,A01
200700045724,0,31,000,00,0,0,01,B01
200700045725,0,07,000,00,0,7,07,B01
200700045725,0,33,000,00,0,7,02,A01
200700045726,0,34,000,00,2,1,01,B01
200700045726,0,07,000,00,0,8,15,A01
200700045727,0,01,000,00,0,1,00,A01
200700045728,0,02,000,00,0,1,00,A01
200700045729,0,07,000,00,2,6,01,B01
200700045729,0,32,000,00,2,1,01,A01
200700045730,0,07,000,00,2,3,02,B01
200700045730,0,33,000,00,2,7,02,A01
200700045731,0,32,000,00,2,2,02,A01
200700045731,0,07,000,00,0,6,02,B01
200700045732,0,07,000,00,2,3,15,A01
200700045732,0,01,000,00,0,1,00,B01
200700045733,0,02,000,00,1,8,00,A01
200700045734,0,30,000,00,0,7,15,A01
200700045734,1,07,000,00,0,0,15,B01
200700045735,0,07,000,00,1,7,00,A01
200700045736,0,07,000,00,0,1,02,B01
200700045736,0,07,000,00,0,4,02,C01
200700045736,0,07,000,00,0,1,02,A01
200700045737,0,07,000,00,2,1,01,A01
200700045737,0,07,000,00,2,8,01,B01
200700045738,0,31,000,00,1,3,00,A01
200700045739,0,02,000,00,0,1,02,A01
200700045740,0,07,000,00,0,2,02,B01
200700045740,0,10,000,00,0,8,01,A01
200700045741,0,34,000,01,0,1,02,A01
200700045741,0,07,000,00,0,5,00,B01
200700045742,0,33,000,00,0,0,00,A01
200700045743,0,31,000,00,1,1,00,A01
200700045744,0,01,000,15,0,1,00,A01
200700045745,0,32,000,00,2,7,10,A01
200700045745,0,32,000,00,2,7,01,B01
200700045746,0,07,000,00,1,3,09,A01
200700045747,0,32,000,00,1,3,01,A01
200700045748,0,33,000,02,1,3,08,A01
200700045749,0,07,000,00,1,1,23,A01
200700045750,0,32,000,00,0,0,12,A01
200700045750,0,01,000,00,0,0,14,B01
200700045751,0,07,000,00,2,1,02,A01
200700045751,0,07,000,00,2,4,21,B01
200700045752,0,33,000,00,2,1,01,B01
200700045752,0,07,000,00,2,2,07,A01
200700045753,0,32,000,00,0,7,00,A01
200700045754,0,07,000,00,0,4,23,A01
200700045754,0,30,000,14,0,1,00,B01
200700045755,0,07,000,00,2,1,02,A01
200700045755,0,30,000,00,0,4,02,B01
200700045756,0,07,000,00,2,6,06,B01
200700045756,0,32,000,00,2,1,17,A01
200700045757,0,01,000,00,9,7,01,A01
200700045757,0,01,000,00,9,8,02,B01
200700045758,0,07,000,00,1,2,12,A01
200700045758,0,01,000,00,2,6,12,B01
200700045759,0,07,000,00,1,7,02,A01
200700045760,0,07,000,00,1,2,02,A01
200700045761,0,07,000,00,2,2,01,A01
200700045761,0,01,000,00,0,6,19,B01
200700045762,0,07,000,00,2,1,01,A01
200700045762,0,07,000,00,2,4,01,B01
200700045763,0,07,000,00,2,2,04,A01
200700045763,0,02,000,00,2,1,01,B01
200700045764,0,37,000,00,1,7,12,A01
200700045765,0,07,000,00,1,2,01,A01
200700045766,0,32,000,06,0,1,20,A01
200700045767,0,30,000,00,0,0,00,B01
200700045767,0,10,000,00,0,0,01,A01
200700045768,0,33,000,00,1,0,00,A01
200700045769,0,07,000,00,1,3,01,A01
200700045770,0,31,000,00,0,0,00,A01
200700045770,0,07,000,00,0,0,00,B01
200700045771,0,34,000,00,2,1,00,A01
200700045771,0,07,000,00,2,3,00,B01
200700045772,0,07,000,00,0,3,00,B01
200700045772,0,31,000,00,0,2,00,A01
200700045773,0,30,000,00,0,7,17,A01
200700045773,0,07,000,00,0,3,15,B01
200700045774,0,07,000,10,0,2,06,A01
200700045775,0,32,000,00,0,0,01,A01
200700045776,0,32,000,00,2,1,02,A01
200700045776,0,07,000,00,2,3,02,B01
200700045777,0,07,000,00,0,8,15,A01
200700045777,0,33,000,00,2,7,02,B01
200700045778,0,07,000,00,2,3,01,A01
200700045778,0,32,000,00,2,5,01,B01
200700045778,0,07,000,00,2,8,01,C01
200700045779,0,07,000,00,2,5,09,A01
200700045779,0,07,000,00,2,1,09,B01
200700045780,0,10,000,00,1,2,02,A01
200700045781,0,07,200,00,0,2,21,A01
200700045781,0,30,000,00,2,3,01,B01
200700045782,0,07,000,00,2,5,15,B01
200700045782,0,02,000,00,0,1,01,A01
200700045783,0,07,000,00,2,3,06,A01
200700045783,0,33,000,00,2,7,01,B01
200700045783,1,07,000,00,2,7,06,C01
200700045784,0,07,000,14,0,1,15,A01
200700045785,0,07,000,00,2,1,01,B01
200700045785,0,07,000,00,2,7,01,A01
200700045786,0,32,000,00,0,0,00,A01
200700045787,0,07,000,00,2,1,02,A01
200700045787,0,07,000,00,2,4,02,B01
200700045788,0,33,000,00,0,7,12,A01
200700045788,0,01,000,00,0,6,01,B01
200700045789,0,07,000,00,0,4,23,A01
200700045789,0,07,000,00,2,9,02,B01
200700045789,0,07,000,00,2,1,02,C01
200700045790,0,33,000,00,1,0,00,A01
200700045791,0,33,000,00,0,0,02,A01
200700045792,0,32,000,00,2,3,00,B01
200700045792,0,07,000,00,0,1,01,A01
200700045793,0,07,000,00,2,1,02,B01
200700045793,0,07,000,00,2,7,15,A01
200700045794,0,07,000,00,2,3,09,A01
200700045794,0,01,000,00,0,1,02,B01
200700045795,0,32,000,00,2,1,05,A01
200700045795,0,07,000,00,0,3,10,B01
200700045796,0,07,000,00,0,0,16,A01
200700045796,0,32,000,00,2,3,01,B01
200700045797,0,07,000,00,2,1,01,A01
200700045797,0,33,000,00,0,4,01,B01
200700045798,0,10,000,00,2,1,02,A01
200700045798,0,07,000,00,1,4,02,B01
200700045799,0,07,000,00,2,2,15,A01
200700045799,0,31,000,00,2,7,12,B01
200700045800,0,07,000,00,2,2,02,A01
200700045800,0,33,000,00,2,3,02,B01
200700045801,0,07,000,00,2,1,10,A01
200700045801,0,33,000,00,2,8,02,B01
200700045801,0,34,000,00,2,3,02,C01
200700045802,0,07,000,14,0,3,02,A01
200700045802,0,07,000,00,9,2,05,B01
200700045803,0,32,000,05,0,1,00,A01
200700045804,0,07,000,00,2,1,02,A01
200700045804,0,07,000,00,2,4,02,B01
200700045805,0,07,000,00,2,3,00,B01
200700045805,0,30,000,00,2,4,00,A01
200700045806,0,07,000,00,0,7,15,A01
200700045806,0,07,000,00,0,3,01,B01
200700045807,0,07,000,00,1,1,01,A01
200700045808,0,30,000,00,2,8,01,A01
200700045808,0,07,000,00,2,7,12,B01
200700045809,0,07,000,00,0,2,01,A01
200700045809,0,01,000,00,0,4,23,B01
200700045810,0,34,000,00,2,3,18,A01
200700045810,0,07,000,00,0,5,15,B01
200700045811,0,07,000,00,2,1,00,A01
200700045811,0,01,000,00,0,8,11,B01
200700045812,0,31,000,12,0,2,16,A01
200700045813,0,33,000,00,2,1,02,A01
200700045813,0,07,000,00,0,6,02,B01
200700045813,0,07,000,00,2,6,01,C01
200700045814,0,07,000,00,2,2,00,A01
200700045814,0,30,000,00,2,1,00,B01
200700045815,0,31,000,00,2,2,01,B01
200700045815,1,07,000,00,2,3,10,A01
200700045816,0,07,000,00,2,5,01,B01
200700045816,0,33,000,00,2,8,00,A01
200700045817,0,07,000,00,2,1,01,A01
200700045817,0,07,000,00,2,4,02,B01
200700045818,0,16,000,00,1,2,15,A01
200700045819,0,30,000,00,2,1,18,A01
200700045819,0,31,000,00,2,1,00,B01
200700045820,0,32,000,00,2,5,00,A01
200700045820,0,07,000,00,0,5,23,B01
200700045821,0,33,000,00,2,0,00,A01
200700045821,0,07,000,00,0,0,00,B01
200700045822,0,31,000,00,2,8,15,A01
200700045823,0,37,000,00,0,6,14,A01
200700045823,0,07,000,00,2,2,16,B01
200700045824,0,33,000,00,2,6,17,A01
200700045824,0,38,051,00,9,6,01,B01
200700045825,0,07,000,00,1,2,00,A01
200700045826,0,32,000,00,0,8,02,A01
200700045827,0,07,000,00,0,3,00,B01
200700045827,0,02,000,00,0,1,00,A01
200700045828,0,10,000,00,0,5,01,A01
200700045829,0,07,000,00,2,1,19,A01
200700045829,0,30,000,00,2,7,02,B01
200700045830,0,33,000,00,2,1,02,A01
200700045830,0,07,000,00,2,8,11,B01
200700045831,0,01,000,00,2,6,02,B01
200700045831,0,07,000,00,2,5,16,A01
200700045832,0,10,000,00,0,7,16,B01
200700045832,0,33,000,00,2,1,01,A01
200700045833,0,07,000,00,1,1,07,A01
200700045834,0,07,000,01,0,5,01,A01
200700045834,0,07,000,00,2,1,01,B01
200700045835,0,10,000,00,1,5,04,A01
200700045836,1,34,000,00,0,0,05,A01
200700045836,0,33,000,00,0,8,11,B01
200700045837,0,32,000,00,0,8,14,B01
200700045837,0,07,000,00,0,0,22,A01
200700045838,0,07,000,00,0,2,12,A01
200700045838,0,02,000,00,2,1,01,B01
200700045839,0,30,000,00,1,1,08,A01
200700045840,0,30,000,00,2,8,17,A01
200700045840,0,30,000,00,2,8,01,B01
200700045841,1,07,000,00,2,0,01,B01
200700045841,0,01,000,00,0,6,01,A01
200700045842,0,07,000,11,0,3,01,A01
200700045843,0,07,000,00,1,1,01,A01
200700045844,0,33,000,00,2,1,07,A01
200700045844,0,07,000,00,2,6,15,B01
200700045845,0,07,000,00,2,2,12,A01
200700045845,0,32,000,00,2,7,01,B01
200700045846,0,07,000,00,1,1,01,A01
200700045847,0,32,000,00,2,3,00,B01
200700045847,0,14,000,00,2,2,16,A01
200700045848,0,30,000,00,1,1,00,A01
200700045849,0,01,000,00,2,4,07,B01
200700045849,0,34,000,00,2,3,07,A01
200700045850,0,07,000,14,0,2,21,A01
200700045851,0,10,000,00,0,2,02,A01
200700045852,0,31,000,01,0,7,02,A01
200700045853,0,07,000,00,2,2,16,A01
200700045853,0,01,000,00,2,1,01,B01
200700045854,0,32,000,00,2,7,18,B01
200700045854,0,07,000,00,2,1,19,A01
200700045855,0,07,000,00,0,8,00,A01
200700045855,0,34,000,00,0,2,02,B01
200700045856,0,32,000,00,1,3,07,A01
200700045857,0,30,000,00,2,1,02,A01
200700045858,0,30,000,00,2,1,18,A01
200700045858,0,07,000,00,0,7,23,B01
200700045859,0,07,000,00,0,4,04,A01
200700045860,0,37,050,00,2,0,07,A01
200700045861,0,32,000,00,5,7,21,A01
200700045862,0,01,000,00,1,7,00,A01
200700045863,0,37,006,00,0,2,01,A01
200700045864,0,30,000,00,0,8,02,A01
200700045864,1,07,000,00,0,0,00,B01
200700045865,0,07,000,00,2,3,07,A01
200700045866,0,32,000,00,2,1,01,B01
200700045866,0,07,000,00,2,8,01,A01
200700045867,0,14,000,00,1,7,16,A01
200700045868,0,33,000,00,0,1,15,B01
200700045868,0,02,000,00,2,0,21,A01
200700045869,0,32,000,14,0,2,01,A01
200700045870,0,33,000,00,0,0,00,A01
200700045871,0,07,000,00,2,1,15,A01
200700045871,0,33,000,00,2,7,01,B01
200700045872,0,32,000,00,2,1,17,A01
200700045872,0,07,000,00,2,8,22,B01
200700045873,0,10,000,00,1,4,20,A01
200700045874,0,30,000,00,1,3,02,A01
200700045875,0,01,000,00,1,0,21,A01
200700045876,0,10,000,00,1,2,16,A01
200700045877,0,37,015,00,1,2,16,A01
200700045878,0,31,000,00,2,1,01,B01
200700045878,0,07,000,00,2,3,01,A01