Num_Acc,senc,catv,occutc,obs,obsm,choc,manv,num_veh
200700045879,0,32,000,00,2,0,00,A01
200700045879,0,32,000,00,2,7,16,B01
200700045880,0,01,000,00,2,7,01,A01
200700045880,0,30,000,00,2,1,01,B01
200700045881,0,07,000,00,2,8,10,A01
200700045881,1,07,000,00,2,1,02,B01
200700045882,0,07,000,00,0,3,11,A01
200700045882,0,32,000,00,0,2,13,B01
200700045883,0,32,000,00,2,3,15,A01
200700045883,0,33,000,00,2,3,01,B01
200700045884,0,07,000,01,0,1,00,A01
200700045885,0,07,000,00,0,0,01,A01
200700045886,0,07,000,00,1,1,15,A01
200700045887,0,32,000,00,1,1,00,A01
200700045888,0,30,000,00,2,8,16,A01
200700045888,0,07,000,01,2,6,16,B01
200700045889,0,02,000,00,2,0,02,A01
200700045890,0,10,000,00,2,8,15,B01
200700045890,0,32,000,00,2,2,02,A01
200700045891,0,07,000,00,1,4,04,A01
200700045892,0,32,000,00,2,1,01,B01
200700045892,0,07,000,00,0,3,11,A01
200700045893,0,30,000,00,2,8,06,B01
200700045893,1,07,000,00,0,0,00,A01
200700045894,0,07,000,00,1,1,01,A01
200700045895,0,07,000,00,2,7,01,A01
200700045895,0,07,000,00,2,3,01,B01
200700045896,0,07,000,01,0,4,02,A01
200700045897,0,99,000,00,1,2,01,A01
200700045898,0,07,000,00,0,2,01,A01
200700045898,0,30,000,00,2,0,09,B01
200700045899,0,31,000,00,0,3,02,B01
200700045899,0,07,000,00,2,2,14,A01
200700045900,0,30,000,00,2,0,00,A01
200700045901,0,07,000,00,2,4,01,A01
200700045901,0,32,000,00,0,4,00,B01
200700045902,0,10,000,00,1,5,02,A01
200700045903,0,07,000,00,1,3,01,A01
200700045904,0,30,000,00,0,0,02,A01
200700045905,0,07,000,12,2,3,01,B01
200700045905,0,07,000,00,2,1,09,A01
200700045906,1,02,000,00,1,1,18,A01
200700045907,0,02,000,00,2,6,02,A01
200700045907,0,32,000,00,0,8,23,B01
200700045908,0,01,000,00,1,1,01,A01
200700045909,0,32,000,00,2,2,00,A01
200700045909,0,07,000,00,2,1,01,B01
200700045910,0,07,000,00,0,0,01,B01
200700045910,0,02,000,00,0,2,02,A01
200700045911,0,32,000,00,0,2,01,A01
200700045912,0,07,000,00,1,1,00,A01
200700045913,0,02,000,00,1,1,01,A01
200700045914,0,07,000,01,0,3,13,A01
200700045915,0,07,000,00,0,2,15,A01
200700045915,0,33,000,00,0,1,01,B01
200700045916,0,07,000,00,0,3,10,A01
200700045916,0,02,000,00,2,1,02,B01
200700045917,0,10,000,15,2,5,16,A01
200700045917,1,07,000,00,2,1,02,B01
200700045918,0,07,000,00,2,5,01,A01
200700045918,0,32,000,00,2,1,01,B01
200700045919,0,30,000,00,1,2,01,A01
200700045920,0,07,000,00,2,3,22,A01
200700045920,0,01,000,00,0,1,01,B01
200700045921,0,33,000,00,0,8,02,A01
200700045922,0,30,000,00,0,1,00,A01
200700045922,1,07,000,00,0,0,00,B01
200700045923,0,07,000,00,0,4,01,B01
200700045923,0,32,000,00,2,1,01,A01
200700045924,0,07,000,00,0,3,10,A01
200700045924,0,33,000,00,2,1,02,B01
200700045925,0,07,000,00,0,2,10,A01
200700045925,0,32,000,00,2,1,01,B01
200700045926,0,02,000,00,2,2,01,A01
200700045926,0,10,000,00,0,3,10,B01
200700045927,0,07,000,00,2,1,02,A01
200700045927,0,07,000,00,0,4,02,B01
200700045928,0,07,000,00,2,4,02,B01
200700045928,1,07,000,00,0,0,00,A01
200700045929,0,07,000,00,2,5,01,B01
200700045929,0,33,000,00,0,1,03,A01
200700045930,0,32,000,00,0,2,09,A01
200700045931,0,01,000,00,0,3,02,A01
200700045932,0,07,000,00,0,2,02,A01
200700045932,0,07,000,00,0,6,23,B01
200700045933,0,32,000,00,2,0,02,A01
200700045934,0,07,000,00,2,2,02,A01
200700045934,0,13,000,00,2,4,02,B01
200700045934,0,07,000,00,0,4,02,C01
200700045935,0,07,000,00,1,6,04,A01
200700045936,0,32,000,16,0,7,00,A01
200700045937,0,02,000,14,0,1,02,A01
200700045938,0,07,000,00,2,3,11,B01
200700045938,0,10,000,00,2,7,12,A01
200700045939,0,07,000,00,2,8,22,A01
200700045939,0,02,000,01,0,7,01,B01
200700045940,1,30,000,00,0,0,00,A01
200700045941,0,02,000,00,2,2,17,A01
200700045941,0,07,000,00,2,8,13,B01
200700045942,0,07,000,00,2,1,02,A01
200700045942,0,32,000,00,2,4,02,B01
200700045943,0,07,000,01,0,8,22,A01
200700045943,0,01,000,01,0,1,13,B01
200700045944,0,02,000,00,2,0,11,A01
200700045944,0,07,000,00,0,6,01,B01
200700045945,0,30,000,00,1,8,02,A01
200700045946,0,07,000,14,0,1,01,A01
200700045947,0,07,000,00,0,0,15,A01
200700045947,0,32,000,00,2,7,02,B01
200700045948,0,02,000,00,0,0,00,B01
200700045948,0,07,000,00,0,1,00,A01
200700045949,0,07,000,00,2,2,12,A01
200700045949,0,33,000,00,2,8,01,B01
200700045950,0,32,000,00,2,1,02,B01
200700045950,0,07,000,00,2,2,15,A01
200700045951,0,30,000,00,2,1,19,B01
200700045951,0,07,000,00,1,2,19,A01
200700045952,0,30,000,16,0,7,01,A01
200700045953,0,07,000,00,2,3,15,B01
200700045953,0,33,000,01,2,1,02,A01
200700045954,0,07,000,01,1,3,00,A01
200700045955,0,32,000,00,0,4,02,B01
200700045955,0,32,000,00,2,1,02,A01
200700045956,0,07,000,00,2,2,01,A01
200700045956,0,32,000,00,0,8,01,B01
200700045957,2,07,000,00,2,1,05,A01
200700045957,0,07,000,00,2,1,23,B01
200700045958,0,10,000,00,0,6,15,B01
200700045958,0,31,000,00,0,1,02,A01
200700045959,0,02,000,00,0,7,16,A01
200700045960,0,02,000,00,2,1,01,A01
200700045960,0,07,000,00,2,3,01,B01
200700045961,0,07,000,04,0,1,13,A01
200700045962,0,07,000,00,9,2,00,A01
200700045962,0,33,000,00,2,3,02,B01
200700045963,0,07,000,14,0,3,00,A01
200700045963,0,32,000,00,0,8,11,B01
200700045964,0,01,000,00,9,7,02,A01
200700045964,0,01,000,00,9,8,02,B01
200700045965,0,07,000,00,0,8,15,A01
200700045965,0,31,000,00,0,1,17,B01
200700045966,0,07,000,00,2,2,09,B01
200700045966,0,07,000,00,2,3,09,A01
200700045967,0,32,000,15,2,4,02,A01
200700045967,0,32,000,15,2,4,02,B01
200700045968,0,33,000,00,0,8,01,A01
200700045969,0,30,000,00,2,1,02,B01
200700045969,0,07,000,00,0,7,15,A01
200700045970,0,07,000,00,9,8,24,A01
200700045970,0,01,000,01,0,1,02,B01
200700045971,0,02,000,00,2,8,01,B01
200700045971,0,07,000,00,2,2,12,A01
200700045972,0,07,000,09,0,1,06,A01
200700045973,0,31,000,00,0,0,00,B01
200700045973,1,07,000,00,0,0,00,A01
200700045974,0,37,004,00,2,3,03,A01
200700045974,1,07,000,00,2,5,12,B01
200700045975,0,32,000,00,0,7,09,A01
200700045976,0,07,000,00,2,5,01,B01
200700045976,0,32,000,00,0,8,00,A01
200700045977,0,31,000,00,0,8,13,A01
200700045978,0,07,000,00,2,4,23,B01
200700045978,0,07,000,00,2,1,01,A01
200700045979,0,07,000,00,2,8,10,A01
200700045979,0,31,000,00,2,2,17,B01
200700045980,0,07,000,00,1,3,01,A01
200700045981,0,07,000,00,0,2,15,A01
200700045981,0,01,000,00,2,1,08,B01
200700045982,0,07,000,00,2,3,15,A01
200700045982,0,33,000,00,2,0,21,B01
200700045983,0,07,000,00,2,2,01,A01
200700045983,0,30,000,00,2,6,03,B01
200700045984,0,02,000,00,2,1,02,A01
200700045984,0,07,000,00,0,5,02,B01
200700045985,0,07,000,00,1,4,04,A01
200700045986,0,07,000,00,1,3,00,A01
200700045987,0,31,000,00,2,1,02,A01
200700045987,0,07,000,00,2,6,06,B01
200700045988,0,07,000,00,2,6,11,B01
200700045988,0,33,000,01,2,1,02,A01
200700045989,0,07,000,00,2,8,11,A01
200700045989,0,02,000,00,2,2,00,B01
200700045990,0,07,000,00,9,6,15,A01
200700045990,0,32,000,00,2,4,02,B01
200700045991,0,34,000,00,0,0,00,A01
200700045991,0,07,000,00,2,2,15,B01
200700045992,0,32,000,12,2,2,12,A01
200700045992,0,14,000,00,2,2,12,B01
200700045993,0,07,000,00,1,1,02,A01
200700045993,0,01,000,00,2,4,02,B01
200700045994,0,30,000,00,0,3,01,A01
200700045995,0,33,000,00,1,2,01,A01
200700045996,0,07,000,00,2,1,15,A01
200700045996,0,07,000,00,2,3,00,B01
200700045997,1,07,000,00,0,0,00,A01
200700045997,0,01,000,00,0,0,00,B01
200700045998,0,07,000,00,0,6,11,B01
200700045998,0,33,000,00,0,2,17,A01
200700045999,0,33,000,01,2,5,02,A01
200700045999,0,07,000,00,2,5,02,B01
200700045999,0,07,000,01,0,5,02,C01
200700046000,0,34,000,00,0,8,02,B01
200700046000,0,07,000,00,0,0,11,A01
200700046001,0,07,000,00,2,4,04,A01
200700046001,0,01,000,00,2,1,16,B01
200700046002,0,07,000,00,9,0,15,A01
200700046002,0,31,000,00,0,0,00,B01
200700046003,0,07,000,00,0,0,15,A01
200700046003,0,02,000,00,2,0,01,B01
200700046004,0,07,000,00,1,3,02,A01
200700046005,0,30,000,00,2,8,09,A01
200700046005,0,07,000,00,2,8,09,B01
200700046005,0,07,000,00,2,7,09,C01
200700046006,0,07,000,00,1,3,00,A01
200700046007,0,07,000,00,9,3,00,A01
200700046007,0,33,000,00,0,2,02,B01
200700046008,0,01,000,01,0,3,01,A01
200700046008,2,07,000,00,0,3,22,B01
200700046009,0,07,000,00,2,6,10,A01
200700046009,0,33,000,00,2,1,01,B01
200700046010,0,32,000,00,2,8,01,A01
200700046010,0,07,000,00,9,1,01,B01
200700046011,0,01,000,00,2,8,13,A01
200700046011,0,10,000,00,0,7,15,B01
200700046012,0,10,000,00,0,0,22,A01
200700046012,0,01,000,00,2,1,01,B01
200700046013,1,99,000,00,0,0,00,A01
200700046014,0,32,000,00,2,4,01,A01
200700046014,0,07,000,00,9,2,16,B01
200700046015,0,30,000,00,0,0,17,A01
200700046016,0,07,000,00,2,1,02,A01
200700046016,0,07,000,00,2,4,02,B01
200700046017,0,30,000,00,0,3,00,A01
200700046018,1,01,000,00,1,0,01,A01
200700046019,0,30,000,00,2,7,02,B01
200700046019,0,10,000,00,2,6,15,A01
200700046020,0,01,000,00,2,8,15,B01
200700046020,0,32,000,00,2,7,01,A01
200700046021,0,07,000,00,2,4,10,A01
200700046021,0,33,000,00,2,1,01,B01
200700046022,0,33,000,00,1,2,17,A01
200700046023,0,07,000,00,1,1,15,A01
200700046024,0,07,000,00,2,4,02,B01
200700046024,0,07,000,00,2,1,02,A01
200700046025,0,07,000,00,2,2,00,A01
200700046025,0,02,000,00,2,6,02,B01
200700046026,0,32,000,00,1,1,01,A01
200700046027,0,07,000,00,2,3,01,B01
200700046027,0,30,000,00,2,7,17,A01
200700046028,0,07,000,00,1,5,01,A01
200700046029,0,34,000,00,2,7,01,A01
200700046029,0,07,000,00,2,1,01,B01
200700046030,0,01,000,01,0,1,14,A01
200700046031,0,07,000,00,2,0,16,A01
200700046031,0,30,000,00,2,0,21,B01
200700046032,0,34,000,00,2,8,02,A01
200700046032,0,10,000,00,0,5,02,B01
200700046033,0,07,000,00,2,3,11,A01
200700046033,0,10,000,00,2,2,01,B01
200700046033,0,10,000,00,2,3,05,C01
200700046033,0,10,000,00,0,8,23,D01
200700046033,0,10,000,00,0,5,23,E01
200700046034,0,30,000,00,2,7,02,A01
200700046034,0,07,000,00,2,8,02,C01
200700046034,0,07,000,00,2,8,02,B01
200700046035,0,01,000,00,2,3,02,A01
200700046035,1,10,000,00,2,8,16,B01
200700046036,0,07,000,00,1,2,02,A01
200700046037,0,01,000,00,0,0,02,A01
200700046038,0,07,000,00,0,7,02,A01
200700046038,0,33,000,14,0,1,02,B01
200700046039,0,07,000,07,0,1,15,A01
200700046040,1,07,000,00,0,0,00,A01
200700046041,0,07,000,00,9,2,01,B01
200700046041,0,02,000,00,2,8,02,A01
200700046042,0,10,000,00,1,2,14,A01
200700046043,0,07,000,00,2,3,10,A01
200700046043,0,30,000,00,2,1,01,B01
200700046044,0,07,000,00,0,2,00,A01
200700046044,0,01,000,00,0,1,00,B01
200700046045,0,31,000,00,1,0,01,A01
200700046046,0,07,000,00,1,1,01,A01
200700046047,0,33,000,00,2,1,02,A01
200700046047,0,07,000,00,0,8,09,B01
200700046048,0,31,000,00,0,7,16,A01
200700046049,0,33,000,00,2,1,01,B01
200700046049,0,07,000,00,2,2,19,A01
200700046050,0,14,000,00,0,3,15,A01
200700046050,0,30,000,00,0,0,17,B01
200700046051,0,07,000,00,0,8,02,B01
200700046051,0,32,000,00,2,7,02,A01
200700046052,0,99,000,00,2,1,02,A01
200700046052,0,07,000,00,0,4,03,B01
200700046053,0,33,000,01,0,1,07,A01
200700046053,0,13,000,00,0,4,24,B01
200700046054,1,07,000,00,1,6,04,A01
200700046055,0,01,000,00,1,0,05,A01
200700046056,0,34,000,00,2,6,02,B01
200700046056,0,10,000,00,2,3,15,A01
200700046057,0,07,000,00,0,2,12,A01
200700046057,0,33,000,00,0,3,09,B01
200700046058,0,30,000,00,2,1,15,A01
200700046058,0,01,000,00,2,3,05,B01
200700046059,0,32,000,00,0,8,02,A01
200700046060,0,07,000,00,0,0,01,B01
200700046060,0,30,000,00,2,0,02,A01
200700046061,0,32,000,14,0,1,17,A01
200700046062,0,01,000,01,0,0,02,A01
200700046063,0,38,001,00,2,3,15,A01
200700046063,0,30,000,00,2,7,15,B01
200700046064,0,07,000,00,2,1,09,A01
200700046064,0,07,000,00,2,1,09,B01
200700046065,0,30,000,01,0,1,14,A01
200700046066,0,01,000,00,0,0,11,A01
200700046066,0,07,000,00,9,0,01,B01
200700046067,0,31,000,00,0,7,12,A01
200700046068,0,07,000,00,2,4,02,C01
200700046068,0,07,000,00,2,4,02,B01
200700046068,0,07,000,00,0,1,02,A01
200700046069,1,07,000,00,0,0,00,A01
200700046070,0,33,000,00,1,1,00,A01
200700046071,0,02,000,00,0,1,02,B01
200700046071,0,07,000,00,0,4,02,A01
200700046072,0,30,000,00,2,2,01,A01
200700046072,0,07,000,00,0,6,15,B01
200700046073,0,33,000,00,2,3,00,B01
200700046073,0,07,000,00,2,2,09,A01
200700046074,0,07,000,00,0,4,02,B01
200700046074,0,07,000,00,2,4,02,A01
200700046075,0,30,000,00,2,6,02,B01
200700046075,0,07,000,00,0,6,00,A01
200700046076,0,07,000,00,2,2,16,A01
200700046076,0,30,000,00,2,3,01,B01
200700046077,0,07,000,08,2,7,13,A01
200700046077,0,01,000,00,0,4,14,B01
200700046078,0,07,000,00,2,8,11,A01
200700046078,0,32,000,00,2,7,01,B01
200700046079,0,07,000,00,1,2,00,A01
200700046080,0,33,000,00,2,1,02,A01
200700046080,0,07,000,00,0,4,02,B01
200700046081,0,02,000,00,2,1,09,A01
200700046081,0,07,000,00,9,7,00,B01
200700046082,0,31,000,00,2,1,01,A01
200700046082,0,07,000,00,0,6,10,B01
200700046083,0,31,000,00,2,3,15,A01
200700046083,0,14,000,00,0,6,15,B01
200700046084,0,07,000,00,0,3,22,A01
200700046084,0,32,000,00,0,2,00,B01
200700046085,0,07,000,00,2,2,00,B01
200700046085,0,30,000,00,0,8,01,A01
200700046086,0,07,000,00,1,6,04,A01
200700046087,0,07,000,00,1,1,01,A01
200700046088,0,07,000,00,1,6,04,A01
200700046089,0,07,000,00,0,0,00,A01
200700046089,0,07,000,00,0,3,00,B01
200700046090,0,30,000,00,2,1,00,B01
200700046090,0,07,000,00,2,7,01,A01
200700046091,0,32,000,00,2,0,00,A01
200700046092,0,10,000,00,0,3,16,A01
200700046093,0,07,000,00,2,1,02,A01
200700046093,0,07,000,00,0,6,09,B01
200700046094,0,30,000,00,2,8,00,B01
200700046094,0,07,000,00,2,7,19,A01
200700046095,0,32,000,00,0,0,21,A01
200700046096,0,10,000,00,0,3,10,A01
200700046096,0,02,000,00,2,3,02,B01
200700046097,1,30,000,01,0,0,00,A01
200700046098,0,07,000,00,2,2,09,B01
200700046098,0,30,000,00,2,8,09,A01
200700046099,0,07,000,00,0,7,00,A01
200700046099,0,30,000,00,2,1,01,B01
200700046100,0,30,000,00,1,1,02,A01
200700046101,0,01,000,01,0,1,00,A01
200700046102,0,07,000,01,0,4,00,B01
200700046102,0,07,000,00,0,1,00,A01
200700046103,0,33,000,00,0,2,21,A01
200700046104,0,07,000,00,1,2,00,A01
200700046105,0,02,000,00,0,0,00,A01
200700046106,0,02,000,00,2,2,00,A01
200700046106,0,07,000,00,9,3,11,B01
200700046107,0,34,000,00,1,1,19,A01
200700046108,0,30,000,14,0,1,00,A01
200700046109,0,30,000,00,0,3,00,B01
200700046109,0,07,000,00,2,2,01,A01
200700046110,0,07,000,00,2,1,00,A01
200700046110,0,07,000,00,2,4,02,B01
200700046111,0,30,000,00,0,7,00,A01
200700046112,0,07,000,14,0,2,09,A01
200700046112,0,33,000,14,0,8,09,B01
200700046113,0,02,000,00,0,8,00,A01
200700046114,0,30,000,00,2,1,02,A01
200700046114,0,07,000,00,0,4,23,B01
200700046115,0,07,000,00,1,4,04,A01
200700046116,0,07,000,00,2,3,01,B01
200700046116,0,02,000,00,2,1,05,A01
200700046117,0,33,000,00,2,6,11,B01
200700046117,0,07,000,00,2,2,12,A01
200700046118,0,01,000,00,0,8,01,A01
200700046119,0,02,000,00,0,4,15,A01
200700046119,0,30,000,00,0,0,01,B01
200700046120,1,07,000,00,0,0,00,A01
200700046121,0,33,000,00,2,1,02,A01
200700046121,0,07,000,00,2,5,12,B01
200700046122,0,07,000,00,2,4,02,B01
200700046122,0,07,000,00,2,4,02,A01
200700046122,0,07,000,00,2,2,02,C01
200700046123,0,32,000,00,0,3,02,A01
200700046124,0,32,000,00,2,1,00,A01
200700046124,0,07,000,00,2,6,00,B01
200700046125,0,02,000,00,2,7,00,A01
200700046125,0,07,000,00,2,0,00,B01
200700046126,0,02,000,01,0,1,00,A01
200700046127,0,32,000,00,2,7,17,A01
200700046127,0,07,000,00,2,8,15,B01
200700046128,0,32,000,00,2,1,17,A01
200700046128,0,07,000,00,2,6,19,B01
200700046129,0,07,000,00,1,5,20,A01
200700046130,0,02,000,00,0,8,02,A01
200700046131,0,07,000,00,2,3,10,A01
200700046131,0,32,000,00,2,2,03,B01
200700046132,0,30,000,00,2,1,00,A01
200700046132,0,07,000,00,2,7,02,B01
200700046132,0,07,000,00,0,5,00,C01
200700046133,0,30,000,00,0,1,01,A01
200700046133,0,34,000,00,2,8,02,B01
200700046134,0,07,000,00,2,3,15,A01
200700046134,0,31,000,00,2,8,01,B01
200700046135,0,30,000,00,0,3,02,A01
200700046135,0,33,000,00,0,5,23,B01
200700046136,0,30,000,00,0,0,01,A01
200700046137,0,33,000,00,0,0,00,A01
200700046138,0,32,000,00,0,3,00,A01
200700046139,0,07,000,01,2,1,09,A01
200700046139,0,33,000,00,2,4,20,B01
200700046140,0,33,000,11,0,3,00,A01
200700046141,0,07,000,00,2,1,01,A01
200700046141,0,07,000,00,0,4,02,B01
200700046142,0,34,000,00,1,0,07,A01
200700046143,0,07,000,00,2,2,10,A01
200700046143,0,32,000,00,2,8,01,B01
200700046144,0,02,000,00,0,3,00,A01
200700046144,0,07,000,00,2,1,00,B01
200700046145,0,33,000,00,1,3,17,A01
200700046146,0,07,000,00,1,6,04,A01
200700046147,0,07,000,00,0,8,22,A01
200700046147,0,31,000,01,2,3,21,B01
200700046148,0,07,000,00,0,3,01,B01
200700046148,0,32,000,00,2,1,00,A01
200700046149,0,02,000,00,2,0,00,A01
200700046149,0,07,000,00,0,0,20,B01
200700046150,0,31,000,00,0,8,00,A01
200700046151,0,34,000,00,1,1,01,A01
200700046152,0,31,000,01,1,1,00,A01
200700046153,0,07,000,00,2,1,01,A01
200700046153,0,07,000,00,2,8,01,B01
200700046154,0,07,000,00,2,7,12,A01
200700046154,0,33,000,00,2,8,03,B01
200700046155,0,07,000,00,2,3,02,A01
200700046155,0,34,000,00,2,2,02,B01
200700046156,0,07,000,01,2,3,00,B01
200700046156,0,07,000,00,2,7,00,C01
200700046156,0,02,000,00,2,3,01,A01
200700046157,1,07,000,00,0,0,01,A01
200700046157,0,31,000,00,2,8,02,B01
200700046158,0,32,000,00,2,1,01,B01
200700046158,0,07,000,00,2,1,11,A01
200700046159,0,07,000,00,0,3,00,B01
200700046159,0,30,000,00,0,1,13,A01
200700046160,0,07,000,00,0,3,24,A01
200700046160,0,01,000,01,0,1,01,B01
200700046161,0,02,000,00,2,3,02,A01
200700046161,0,07,000,00,0,7,02,B01
200700046162,0,07,000,00,1,6,04,A01
200700046163,0,07,000,00,2,2,01,A01
200700046163,0,07,000,00,2,3,10,B01
200700046164,0,07,000,00,0,8,10,A01
200700046164,0,33,000,00,2,1,01,B01
200700046165,0,07,000,00,1,2,02,A01
200700046166,0,10,000,00,1,2,16,A01
200700046167,0,07,000,00,1,3,01,A01
200700046168,0,02,000,00,2,1,01,A01
200700046168,0,07,000,00,2,5,16,B01
200700046169,0,30,000,01,0,1,18,A01
200700046169,0,32,000,00,9,2,20,B01
200700046169,0,07,000,00,0,6,00,C01
200700046170,0,01,000,00,1,1,00,A01
200700046171,0,07,000,14,0,3,02,A01
200700046171,0,01,000,14,0,1,06,B01
200700046172,0,07,000,00,0,0,00,A01
200700046172,0,01,000,00,0,0,00,B01
200700046173,0,32,000,00,0,8,11,A01
200700046173,0,07,000,00,0,7,01,B01
200700046174,0,07,000,00,9,0,04,A01
200700046174,0,30,000,00,2,3,15,B01
200700046175,0,07,000,00,2,5,16,A01
200700046175,0,34,000,00,2,5,02,B01
200700046176,0,03,000,00,1,0,01,A01
200700046177,0,07,000,00,0,6,01,B01
200700046177,0,07,000,01,0,1,01,A01
200700046178,0,10,000,00,0,8,02,A01
200700046178,0,31,000,00,1,7,02,B01
200700046179,0,33,000,00,1,0,00,A01
200700046180,0,07,000,00,2,2,09,A01
200700046180,0,33,000,00,2,1,02,B01
200700046181,0,07,000,00,1,1,15,A01
200700046182,0,07,000,00,0,3,11,A01
200700046182,0,30,000,00,0,2,02,B01
200700046183,0,07,000,00,2,3,01,B01
200700046183,0,02,000,00,2,2,01,A01
200700046184,0,07,000,00,1,3,09,A01
200700046185,0,07,000,00,0,3,15,A01
200700046185,0,33,000,00,0,7,17,B01
200700046186,0,02,000,14,0,0,01,A01
200700046187,0,07,000,00,0,1,02,B01
200700046187,0,07,000,00,0,7,01,A01
200700046188,0,07,000,00,1,1,01,A01
200700046189,1,10,000,00,0,0,01,A01
200700046189,0,30,000,00,2,6,01,B01
200700046190,1,34,000,00,0,0,01,A01
200700046191,0,01,000,00,0,0,00,A01
200700046192,1,07,000,00,0,0,12,A01
200700046192,0,30,000,00,0,0,01,B01
200700046193,0,30,000,14,0,7,03,A01
200700046194,0,33,000,01,0,0,02,A01
200700046195,0,37,020,16,1,0,18,A01
200700046196,0,07,000,00,0,4,02,C01
200700046196,0,07,000,00,0,1,02,A01
200700046196,0,07,000,00,0,4,02,B01
200700046197,0,33,000,00,1,2,02,A01
200700046198,0,02,000,01,0,8,18,A01
200700046199,0,07,000,00,2,2,16,B01
200700046199,0,02,000,00,2,1,01,A01
200700046200,0,10,000,15,1,3,06,A01
200700046201,0,07,000,00,0,3,00,A01
200700046201,0,30,000,00,0,3,17,B01
200700046202,0,30,000,00,0,0,01,A01
200700046203,0,02,000,00,2,1,02,B01
200700046203,0,07,000,00,2,7,00,A01
200700046204,0,34,000,00,1,1,01,A01
200700046205,0,07,000,00,0,3,09,A01
200700046205,0,33,000,00,0,2,02,B01
200700046206,0,07,000,00,2,1,01,A01
200700046206,0,32,000,00,1,4,01,B01
200700046207,0,02,000,00,2,7,02,A01
200700046208,0,07,000,00,2,3,02,A01
200700046208,0,32,000,00,2,2,02,B01
200700046209,0,32,000,00,0,1,01,B01
200700046209,0,07,000,00,0,3,01,A01
200700046210,0,07,000,00,2,1,02,A01
200700046210,0,13,000,00,2,4,02,B01
200700046211,0,07,000,00,0,5,10,B01
200700046211,0,02,000,00,2,1,02,A01
200700046212,0,02,000,00,0,3,02,A01
200700046212,0,07,000,00,9,2,02,B01
200700046213,0,32,000,00,1,3,18,A01
200700046214,0,07,000,00,1,7,00,A01
200700046215,0,10,000,12,2,7,09,A01
200700046215,0,07,000,00,0,8,01,B01
200700046215,0,07,000,00,0,6,02,C01
200700046215,0,07,000,00,0,6,00,D01
200700046216,0,07,000,00,0,1,21,A01
200700046216,0,07,000,00,0,4,23,B01
200700046217,0,31,000,00,2,1,18,A01
200700046218,0,02,000,00,0,0,00,A01
200700046219,0,07,000,00,2,0,00,B01
200700046219,0,07,000,00,2,4,02,C01
200700046219,0,07,000,00,2,1,02,A01
200700046220,0,07,000,00,0,3,10,A01
200700046220,0,37,001,00,2,2,01,B01
200700046221,0,33,000,00,2,8,02,C01
200700046221,0,32,000,00,0,4,02,B01
200700046221,1,07,000,00,2,1,02,A01
200700046222,0,07,000,00,0,2,10,A01
200700046222,0,32,000,00,2,4,15,B01
200700046223,0,10,000,00,2,1,02,B01
200700046223,0,02,000,00,0,7,01,A01
200700046224,0,07,000,01,0,2,01,A01
200700046225,0,01,000,00,1,1,01,A01
200700046226,0,01,000,00,1,7,05,A01
200700046227,0,07,000,00,1,4,04,A01
200700046228,0,32,000,00,9,7,05,A01
200700046228,0,13,000,01,0,8,22,B01
200700046229,0,31,000,00,0,8,21,A01
200700046230,0,33,000,00,0,8,01,A01
200700046231,0,07,000,00,1,7,02,A01
200700046232,1,07,000,01,2,4,00,A01
200700046232,0,07,000,01,0,6,02,B01
200700046233,0,01,000,00,1,1,00,A01
200700046234,0,34,000,04,0,7,00,A01
200700046235,0,02,000,01,2,1,01,A01
200700046235,0,07,000,00,2,8,09,B01
200700046236,0,07,000,00,0,3,01,A01
200700046237,0,02,000,12,0,2,14,A01
200700046238,0,07,000,00,0,2,01,A01
200700046238,0,07,000,00,0,3,01,B01
200700046239,0,02,000,00,2,3,11,A01
200700046239,0,07,000,00,2,3,01,B01
200700046239,0,07,000,00,2,3,01,C01
200700046240,0,07,000,00,2,3,01,B01
200700046240,0,30,000,00,2,1,16,A01
200700046240,0,32,000,00,2,3,00,C01
200700046241,0,33,000,00,1,1,17,A01
200700046242,0,30,000,00,2,1,02,A01
200700046242,0,07,000,00,2,3,10,B01
200700046243,0,30,000,00,0,8,00,A01
200700046244,0,13,000,00,0,3,09,A01
200700046245,0,02,000,00,1,0,01,A01
200700046246,0,07,000,14,1,2,07,A01
200700046246,0,07,000,00,2,2,01,B01
200700046246,0,07,000,00,2,5,23,C01
200700046247,0,30,000,00,2,8,18,A01
200700046247,1,07,000,00,2,2,16,B01
200700046248,0,37,000,00,1,1,00,A01
200700046249,1,07,000,00,1,0,00,A01
200700046250,0,37,018,00,1,2,01,A01
200700046251,0,07,000,00,0,2,01,A01
200700046251,0,07,000,00,2,1,01,B01
200700046252,0,07,000,00,1,3,17,A01
200700046253,0,32,000,00,1,2,02,A01
200700046254,0,17,000,00,2,5,16,A01
200700046254,0,37,045,00,2,3,01,B01
200700046255,0,30,000,01,0,4,01,B01
200700046255,1,07,000,01,0,1,01,A01
200700046256,0,30,000,00,1,1,03,A01
200700046257,0,07,000,00,0,8,05,A01
200700046257,0,30,000,00,0,1,01,B01
200700046258,0,07,000,00,0,2,02,A01
200700046258,0,02,000,00,2,3,02,B01
200700046259,0,34,000,00,0,0,12,A01
200700046260,0,07,000,00,1,7,01,A01
200700046261,0,13,000,00,0,4,04,A01
200700046262,0,01,000,00,0,3,01,A01