Num_Acc,senc,catv,occutc,obs,obsm,choc,manv,num_veh
200700046263,0,32,000,00,0,0,21,A01
200700046264,0,07,000,00,1,1,15,A01
200700046265,0,30,000,00,0,0,01,A01
200700046266,0,07,000,00,2,4,23,B01
200700046266,0,30,000,00,2,1,02,A01
200700046267,1,03,000,00,1,0,00,A01
200700046268,0,10,000,00,2,4,01,B01
200700046268,0,30,000,00,2,1,02,A01
200700046269,0,14,000,00,2,7,16,A01
200700046269,0,01,000,00,2,1,00,B01
200700046270,0,07,000,00,2,5,19,A01
200700046270,0,33,000,00,2,1,02,B01
200700046271,0,37,030,00,1,3,01,A01
200700046272,0,02,000,00,2,3,18,A01
200700046272,0,07,000,00,2,4,20,B01
200700046273,0,07,000,00,1,5,00,A01
200700046274,0,33,000,00,2,1,00,A01
200700046274,0,30,000,00,2,4,00,B01
200700046275,0,07,000,00,0,8,15,A01
200700046275,0,30,000,00,2,3,17,B01
200700046276,0,33,000,00,2,1,01,A01
200700046276,0,07,000,00,0,3,15,B01
200700046276,0,31,000,00,0,7,01,C01
200700046277,0,07,000,06,0,1,00,A01
200700046278,0,33,000,12,0,0,01,A01
200700046279,0,10,000,00,1,1,01,A01
200700046280,0,07,000,08,2,3,05,A01
200700046280,0,07,000,14,2,2,15,B01
200700046281,0,07,000,01,1,1,02,A01
200700046281,0,31,000,01,2,7,02,B01
200700046282,0,31,000,00,2,7,08,A01
200700046282,0,10,000,00,2,1,19,B01
200700046283,0,02,000,00,2,1,05,A01
200700046283,0,07,000,00,2,3,00,B01
200700046284,0,07,000,00,2,8,10,B01
200700046284,0,07,000,00,2,1,01,C01
200700046284,0,33,000,00,2,1,01,A01
200700046285,0,07,000,00,1,1,01,A01
200700046286,0,37,010,01,1,5,22,A01
200700046287,1,31,000,00,2,8,18,A01
200700046287,0,33,000,00,2,7,01,B01
200700046288,0,31,000,00,1,1,02,A01
200700046289,0,07,000,00,2,1,01,B01
200700046289,0,07,000,00,1,9,01,A01
200700046290,0,07,000,00,2,2,15,A01
200700046290,0,30,000,00,2,1,01,B01
200700046291,0,30,000,08,0,1,01,A01
200700046292,0,10,000,02,0,1,00,A01
200700046293,0,07,000,00,2,2,02,A01
200700046293,0,33,000,00,2,1,02,B01
200700046294,0,07,000,08,1,1,16,A01
200700046294,0,34,000,00,2,8,14,B01
200700046295,0,33,000,00,2,1,01,A01
200700046295,0,07,000,00,2,5,23,B01
200700046296,0,07,000,00,2,4,02,B01
200700046296,0,10,000,00,4,1,02,A01
200700046297,0,07,000,00,1,1,01,A01
200700046298,0,34,000,00,2,1,03,B01
200700046298,0,07,000,00,2,8,22,A01
200700046299,0,07,000,06,0,8,01,A01
200700046300,0,07,000,00,1,1,16,A01
200700046301,0,31,000,00,1,7,01,A01
200700046302,0,30,000,01,0,1,00,A01
200700046302,0,10,000,00,2,6,23,B01
200700046303,0,10,000,11,0,1,00,A01
200700046304,0,07,000,00,2,1,17,B01
200700046304,0,07,000,08,2,8,02,A01
200700046305,0,02,000,00,0,1,00,A01
200700046306,0,33,000,00,2,1,01,A01
200700046306,0,07,000,00,2,1,15,B01
200700046307,0,33,000,00,0,0,02,A01
200700046307,1,07,000,00,0,0,17,B01
200700046308,0,34,000,00,2,7,03,A01
200700046308,0,07,000,00,0,3,11,B01
200700046309,0,07,000,00,2,1,02,A01
200700046309,0,07,000,00,2,4,02,B01
200700046309,0,07,000,00,0,2,02,C01
200700046309,0,07,000,00,0,4,02,D01
200700046310,0,07,000,00,0,4,11,A01
200700046310,0,33,000,00,2,1,01,B01
200700046311,0,07,000,00,0,6,00,B01
200700046311,0,33,000,00,2,1,00,A01
200700046312,0,33,000,00,0,0,03,A01
200700046313,0,33,000,00,0,8,01,A01
200700046314,0,33,000,00,0,7,01,A01
200700046314,1,07,000,00,0,0,00,B01
200700046315,0,33,000,00,2,8,03,A01
200700046315,0,07,000,00,0,7,01,B01
200700046316,0,33,000,00,2,1,14,A01
200700046316,0,31,000,00,0,4,01,B01
200700046316,0,07,000,00,0,5,01,C01
200700046317,0,33,000,00,2,1,03,A01
200700046317,0,07,000,00,0,4,02,B01
200700046317,1,99,000,00,2,0,12,C01
200700046318,0,33,000,00,0,0,03,A01
200700046319,0,07,000,00,2,8,11,A01
200700046319,0,33,000,00,2,8,01,B01
200700046319,0,07,000,00,2,4,02,C01
200700046320,0,32,000,00,2,7,03,A01
200700046320,0,07,000,00,2,8,11,B01
200700046321,0,31,000,00,2,3,03,B01
200700046321,0,07,000,00,2,7,12,A01
200700046322,0,07,000,00,2,6,02,A01
200700046322,0,07,000,00,0,4,02,B01
200700046322,1,13,000,00,2,2,11,C01
200700046323,0,32,000,00,2,1,01,A01
200700046323,0,07,000,00,0,6,00,B01
200700046324,0,07,000,00,2,5,12,A01
200700046324,0,33,000,00,2,3,03,B01
200700046325,0,33,000,01,0,1,01,C01
200700046325,0,14,000,00,2,2,12,A01
200700046325,0,07,000,00,2,6,01,B01
200700046326,0,07,000,00,2,2,12,A01
200700046326,0,33,000,00,0,3,03,B01
200700046327,0,07,000,00,2,2,12,A01
200700046327,0,33,000,00,2,8,03,B01
200700046328,0,07,000,00,2,5,12,A01
200700046328,0,32,000,00,2,8,03,B01
200700046329,0,33,000,00,0,8,01,B01
200700046329,0,15,000,00,2,2,12,A01
200700046330,0,07,000,00,2,1,00,A01
200700046330,0,07,000,00,2,4,00,B01
200700046330,0,07,000,00,2,4,00,C01
200700046331,0,33,000,00,2,1,02,A01
200700046331,0,07,000,00,0,4,02,B01
200700046332,0,32,000,00,2,7,03,A01
200700046332,0,07,000,00,2,3,02,B01
200700046333,0,07,000,00,2,8,11,A01
200700046333,0,31,000,00,2,7,03,B01
200700046334,0,31,000,00,0,0,03,A01
200700046335,0,10,000,00,2,2,12,A01
200700046335,0,33,000,00,0,3,01,B01
200700046336,0,31,000,00,2,7,13,A01
200700046336,0,07,000,00,0,8,00,B01
200700046337,0,32,000,00,2,1,03,A01
200700046337,0,07,000,00,0,6,03,B01
200700046338,0,31,000,00,0,7,01,A01
200700046339,0,14,000,00,2,1,01,B01
200700046339,0,07,000,00,0,6,01,A01
200700046339,1,14,000,00,2,7,14,C01
200700046340,0,07,000,00,2,1,02,A01
200700046340,0,07,000,00,2,4,02,B01
200700046340,0,10,000,00,2,4,02,C01
200700046340,0,10,000,00,0,4,02,D01
200700046341,0,33,000,00,2,3,03,A01
200700046341,0,07,000,00,0,5,23,B01
200700046342,0,07,000,00,2,1,02,A01
200700046342,0,07,000,00,2,4,02,B01
200700046342,0,07,000,00,0,4,02,C01
200700046343,0,33,000,00,2,7,11,A01
200700046343,0,07,000,00,0,6,01,B01
200700046344,1,07,000,00,2,2,02,A01
200700046344,0,10,000,00,2,6,02,B01
200700046344,0,07,000,00,0,6,02,C01
200700046345,0,10,000,04,0,2,01,A01
200700046346,0,07,000,03,0,3,01,A01
200700046347,0,07,000,00,0,0,12,A01
200700046347,0,33,000,00,0,0,00,B01
200700046348,0,07,000,00,2,2,12,A01
200700046348,0,32,000,00,0,8,03,B01
200700046349,0,10,000,00,2,7,12,A01
200700046349,0,31,000,00,2,8,03,B01
200700046349,0,07,000,00,0,6,01,C01
200700046350,0,07,000,00,2,5,12,A01
200700046350,0,33,000,00,0,8,03,B01
200700046351,0,07,000,00,2,1,02,A01
200700046351,0,10,000,00,0,4,02,B01
200700046352,0,07,000,00,2,8,11,A01
200700046352,0,32,000,00,0,7,03,B01
200700046353,0,07,000,04,0,3,00,A01
200700046354,0,07,000,00,2,1,14,A01
200700046354,0,07,000,00,2,4,01,B01
200700046354,0,07,000,00,0,4,01,C01
200700046355,0,07,000,14,0,2,01,A01
200700046356,0,33,000,00,0,0,00,A01
200700046357,0,10,000,00,2,3,11,A01
200700046357,0,33,000,00,2,7,03,B01
200700046357,0,07,000,00,0,7,01,C01
200700046358,0,07,000,00,2,7,02,A01
200700046358,0,01,000,00,2,0,02,B01
200700046359,0,07,000,00,2,1,02,A01
200700046359,0,07,000,00,2,4,02,B01
200700046360,0,02,000,01,0,8,02,A01
200700046361,0,10,000,00,1,3,01,A01
200700046362,0,14,000,13,2,2,13,A01
200700046362,0,07,000,00,2,1,01,B01
200700046362,0,07,000,00,2,1,01,C01
200700046363,0,07,000,00,9,0,00,A01
200700046363,0,33,000,00,2,0,00,B01
200700046363,0,07,000,00,9,0,00,C01
200700046364,0,07,000,00,2,1,13,A01
200700046364,0,07,000,00,2,3,01,B01
200700046365,0,30,000,00,2,1,01,B01
200700046365,0,07,000,00,2,7,15,A01
200700046366,0,01,000,00,2,1,09,A01
200700046366,0,07,000,00,2,2,01,B01
200700046367,0,13,000,00,2,6,13,B01
200700046367,0,33,000,00,2,1,17,A01
200700046368,0,33,000,00,2,1,18,A01
200700046368,0,07,000,00,2,2,16,B01
200700046369,0,02,000,00,2,1,02,A01
200700046369,0,01,000,00,2,4,02,B01
200700046370,0,14,000,03,0,7,01,A01
200700046371,0,30,000,08,0,1,02,A01
200700046372,0,07,000,00,2,1,01,A01
200700046372,0,07,000,00,2,4,01,B01
200700046372,0,07,000,00,2,4,01,C01
200700046373,0,33,000,00,0,1,00,B01
200700046373,0,07,000,00,1,8,05,A01
200700046374,0,10,000,11,0,1,02,A01
200700046375,0,99,000,00,0,1,00,A01
200700046376,0,07,000,00,2,8,01,B01
200700046376,0,01,000,00,2,1,01,A01
200700046377,0,07,000,00,0,2,00,A01
200700046378,0,07,000,00,2,3,01,A01
200700046378,0,07,000,00,2,2,15,B01
200700046379,0,38,000,00,2,5,02,B01
200700046379,0,07,000,00,2,1,02,A01
200700046380,0,10,000,00,2,3,15,B01
200700046380,0,33,000,00,2,2,17,A01
200700046380,0,07,000,00,0,1,24,C01
200700046381,0,07,000,00,2,6,00,A01
200700046381,0,07,000,00,2,1,16,B01
200700046382,0,07,000,12,0,2,00,A01
200700046383,0,37,001,00,0,1,02,A01
200700046383,0,07,000,00,0,4,02,B01
200700046384,0,07,000,06,0,1,01,A01
200700046385,1,07,000,00,2,0,17,A01
200700046385,0,07,000,00,2,8,04,B01
200700046386,0,07,000,00,2,1,02,A01
200700046386,1,07,000,00,2,0,00,B01
200700046387,0,10,000,00,0,1,01,A01
200700046387,0,07,000,00,0,4,01,B01
200700046388,0,30,000,00,2,1,01,A01
200700046388,0,14,000,00,2,6,01,B01
200700046389,0,02,000,00,2,2,02,A01
200700046389,0,07,000,00,2,0,02,B01
200700046390,0,07,000,00,1,1,01,A01
200700046391,0,07,000,00,2,1,13,A01
200700046391,0,07,000,00,2,1,01,B01
200700046392,0,02,000,00,2,1,13,A01
200700046392,0,07,000,00,2,3,15,B01
200700046392,0,07,000,00,0,4,24,C01
200700046393,0,32,000,04,0,1,02,A01
200700046394,0,32,000,00,0,0,16,A01
200700046395,0,33,000,03,0,1,09,A01
200700046396,0,07,000,00,2,3,15,A01
200700046396,0,33,000,00,2,1,01,B01
200700046397,0,07,000,00,2,1,01,A01
200700046397,0,37,001,00,2,3,01,B01
200700046398,0,07,000,00,1,2,01,A01
200700046399,0,07,000,00,2,7,19,A01
200700046399,0,30,000,00,2,1,01,B01
200700046400,0,33,000,04,0,1,00,A01
200700046401,0,07,000,03,0,1,01,A01
200700046402,0,07,000,04,2,2,01,A01
200700046403,0,07,000,00,2,1,15,A01
200700046403,0,33,000,00,2,1,01,B01
200700046404,0,07,000,08,0,1,16,A01
200700046405,1,07,000,00,1,0,04,A01
200700046406,1,07,000,00,0,0,13,A01
200700046406,0,07,000,03,0,3,21,B01
200700046407,0,07,000,00,2,5,12,A01
200700046407,0,07,000,00,2,3,14,B01
200700046407,0,33,000,00,0,8,01,C01
200700046408,0,07,000,00,2,1,02,A01
200700046408,0,07,000,00,0,4,02,B01
200700046409,0,07,000,00,2,4,01,D01
200700046409,0,07,000,00,2,1,01,A01
200700046409,0,07,000,00,0,4,02,B01
200700046409,0,07,000,00,0,4,02,C01
200700046410,0,07,000,00,2,1,01,A01
200700046410,0,07,000,00,0,4,01,B01
200700046411,0,07,000,00,2,4,02,A01
200700046411,0,32,000,00,0,1,02,B01
200700046412,0,07,000,00,2,1,02,A01
200700046412,0,07,000,00,0,4,02,B01
200700046413,0,07,000,00,2,4,02,B01
200700046413,0,07,000,00,2,4,02,C01
200700046413,0,07,000,00,2,1,02,A01
200700046414,0,07,000,00,9,1,01,C01
200700046414,0,07,000,03,0,0,00,B01
200700046414,0,07,000,00,2,3,11,A01
200700046415,0,07,000,04,2,1,02,A01
200700046415,0,07,000,05,0,4,00,B01
200700046416,0,13,000,03,0,3,13,A01
200700046417,0,15,000,06,0,7,00,A01
200700046418,0,07,000,00,2,1,02,A01
200700046418,0,07,000,00,2,4,02,B01
200700046419,0,07,000,00,2,1,02,A01
200700046419,0,07,000,00,0,4,02,B01
200700046420,0,07,000,00,2,4,02,A01
200700046420,1,07,000,00,2,1,02,B01
200700046421,0,07,000,00,2,2,21,A01
200700046421,0,07,000,00,0,5,13,B01
200700046422,0,07,000,00,2,1,02,A01
200700046422,0,07,000,00,0,4,02,B01
200700046423,0,07,000,00,2,1,02,A01
200700046423,0,07,000,00,0,4,02,B01
200700046424,0,05,000,00,2,1,01,A01
200700046424,0,07,000,00,0,8,11,B01
200700046425,0,33,000,00,2,2,03,A01
200700046425,0,07,000,00,2,2,11,B01
200700046426,0,07,000,00,2,1,00,A01
200700046426,0,07,000,00,0,4,01,B01
200700046427,0,07,000,00,2,1,12,A01
200700046427,0,07,000,00,0,4,23,B01
200700046428,0,07,000,03,0,2,14,A01
200700046429,0,07,000,00,2,1,01,A01
200700046429,0,07,000,00,2,4,01,B01
200700046429,0,07,000,00,0,4,01,C01
200700046430,0,07,000,00,2,2,21,A01
200700046430,1,07,000,00,0,0,00,B01
200700046431,0,07,000,00,0,4,02,C01
200700046431,0,07,000,00,2,4,02,B01
200700046431,0,07,000,00,2,1,02,A01
200700046432,0,33,000,00,2,1,02,A01
200700046432,0,34,000,00,0,4,01,B01
200700046433,0,07,000,00,2,3,05,A01
200700046433,0,07,000,00,2,3,02,B01
200700046434,0,07,000,00,2,1,02,A01
200700046434,0,07,000,00,2,4,02,B01
200700046434,0,07,000,00,0,4,02,C01
200700046435,0,07,000,03,2,1,02,A01
200700046435,0,07,000,05,2,4,02,B01
200700046436,0,31,000,00,2,1,02,A01
200700046436,0,07,000,00,0,6,02,B01
200700046437,0,07,000,03,0,3,01,A01
200700046438,0,33,000,00,2,8,11,A01
200700046438,0,10,000,00,0,7,01,B01
200700046439,0,31,000,00,1,3,01,A01
200700046440,0,14,000,00,1,2,23,A01
200700046441,0,07,000,13,0,2,01,A01
200700046442,0,07,000,13,0,1,00,A01
200700046443,0,07,000,13,0,7,01,A01
200700046444,0,07,000,00,2,7,01,A01
200700046444,0,14,000,00,2,1,01,B02
200700046445,0,33,000,13,0,7,17,A01
200700046446,0,21,000,00,2,1,01,A01
200700046446,0,02,000,00,2,1,01,B02
200700046447,0,07,000,00,2,5,17,A01
200700046447,0,01,000,00,2,6,01,B02
200700046448,0,07,000,00,2,2,01,B02
200700046448,0,31,000,00,2,1,01,A01
200700046449,0,07,000,00,0,1,17,A01
200700046449,0,14,000,00,2,1,01,B02
200700046450,0,07,000,00,9,3,05,A01
200700046450,0,01,000,00,2,3,05,B02
200700046451,0,33,000,00,2,1,13,A01
200700046451,0,33,000,00,2,4,13,B02
200700046452,0,07,000,00,2,8,01,A01
200700046452,0,13,000,00,2,1,01,B02
200700046453,0,07,000,13,0,9,01,A01
200700046454,0,07,000,00,2,3,15,A01
200700046454,0,33,000,00,2,1,01,B02
200700046455,0,99,000,02,0,7,01,A01
200700046456,0,07,000,00,2,7,01,A01
200700046456,0,31,000,00,2,8,00,B02
200700046457,0,01,000,00,2,1,01,A01
200700046457,0,07,000,00,2,3,15,B02
200700046458,0,07,000,00,2,2,15,A01
200700046458,0,33,000,00,2,1,01,B02
200700046459,0,07,000,13,0,2,01,A01
200700046460,0,07,000,00,0,9,01,A01
200700046461,0,07,000,13,0,1,01,A01
200700046462,0,07,000,00,2,1,01,A01
200700046462,0,07,000,00,2,1,15,B02
200700046463,0,07,000,00,2,1,01,A01
200700046463,0,30,000,00,0,1,05,B02
200700046464,0,07,000,00,2,7,01,B02
200700046464,0,10,000,00,2,1,01,A01
200700046465,0,07,000,00,2,1,01,A01
200700046465,0,07,000,00,2,3,15,B02
200700046466,0,07,000,00,2,2,15,A01
200700046466,0,02,000,00,2,2,13,B02
200700046467,0,07,000,00,1,3,01,A01
200700046468,0,07,000,00,2,7,01,A01
200700046468,0,07,000,00,2,1,01,B02
200700046469,0,21,000,00,0,6,23,A01
200700046469,0,33,000,00,2,1,18,B02
200700046470,0,07,000,00,2,7,19,A01
200700046470,0,17,000,00,2,3,01,B02
200700046471,0,07,000,00,0,3,13,A01
200700046471,0,38,000,00,0,3,01,B02
200700046472,0,07,000,00,1,2,02,A01
200700046473,0,07,000,13,0,9,01,A01
200700046474,0,33,000,00,2,1,01,A01
200700046474,0,07,000,00,2,3,15,B02
200700046475,0,07,000,00,2,7,19,A01
200700046475,0,02,000,00,2,1,01,B02
200700046476,0,07,000,00,2,1,13,A01
200700046476,0,07,000,00,2,1,01,B02
200700046476,0,07,000,00,2,1,01,C03
200700046477,0,07,000,00,2,2,19,A01
200700046477,0,33,000,00,2,1,01,B02
200700046478,0,33,000,16,0,9,01,A01
200700046479,0,07,000,00,2,1,01,A01
200700046479,0,07,000,00,2,2,01,B02
200700046480,0,07,000,16,0,1,01,A01
200700046481,0,07,000,02,0,1,01,A01
200700046482,0,07,000,13,0,1,01,A01
200700046483,0,33,000,00,2,1,02,A01
200700046483,0,07,000,00,2,4,02,B02
200700046484,0,07,000,00,2,3,15,A01
200700046484,0,07,000,00,2,1,01,B02
200700046485,0,31,000,08,0,7,01,A01
200700046486,0,07,000,06,0,2,01,A01
200700046487,0,07,000,13,0,1,01,A01
200700046488,0,07,000,00,1,2,01,A01
200700046489,0,07,000,06,0,1,01,A01
200700046490,0,07,000,00,2,3,19,A01
200700046490,0,17,000,00,2,1,01,B02
200700046491,0,07,000,01,1,3,01,A01
200700046491,0,07,000,01,0,5,23,B02
200700046491,0,07,000,00,0,4,23,C03
200700046492,0,07,000,00,2,1,19,A01
200700046492,0,07,000,00,2,8,01,B02
200700046493,0,02,000,15,0,8,01,A01
200700046494,0,07,000,00,1,3,01,A01
200700046495,0,33,000,00,2,1,01,A01
200700046495,0,07,000,00,0,5,15,B02
200700046496,0,07,000,00,1,1,01,A01
200700046497,0,13,000,00,2,1,01,A01
200700046497,0,07,000,00,2,1,02,B02
200700046498,0,36,000,06,0,1,01,A01
200700046499,0,07,000,00,2,1,01,A01
200700046499,0,07,000,00,2,5,19,B02
200700046500,0,01,000,00,2,1,01,B02
200700046500,0,07,000,00,2,2,01,A01
200700046501,0,07,000,00,0,3,01,A01
200700046502,0,07,000,00,2,1,15,A01
200700046502,0,07,000,00,2,1,01,B02
200700046503,0,07,000,08,0,1,14,A01
200700046504,0,07,000,13,0,1,15,A01
200700046505,0,10,000,00,0,5,00,A01
200700046505,0,02,000,01,0,1,00,B02
200700046506,0,30,000,06,0,1,01,A01
200700046507,0,10,000,00,0,8,15,A01
200700046507,0,02,000,00,0,1,01,B02
200700046508,0,07,000,01,0,1,13,A01
200700046508,0,21,000,00,2,3,24,B02
200700046509,0,14,000,02,0,0,00,A01
200700046510,0,17,000,08,0,3,02,A01
200700046511,0,07,000,13,0,9,01,A01
200700046512,0,07,000,13,0,2,16,A01
200700046513,0,30,000,06,0,1,00,A01
200700046514,0,07,000,00,9,3,01,A01
200700046514,0,01,000,00,2,1,19,B02
200700046515,0,17,000,00,2,2,00,A01
200700046515,0,33,000,00,2,1,01,B02
200700046516,0,21,000,06,0,1,01,A01
200700046517,0,07,000,00,1,2,01,A01
200700046518,0,07,000,00,0,1,02,A01
200700046518,0,17,000,00,0,4,23,B02
200700046519,0,02,000,00,1,1,01,A01
200700046520,0,07,000,13,0,1,01,A01
200700046521,0,33,000,00,6,7,15,A01
200700046522,0,33,000,03,0,8,02,A01
200700046523,0,07,000,00,0,0,00,A01
200700046524,0,07,000,00,2,1,15,A01
200700046524,0,33,000,00,2,1,01,B02
200700046525,0,33,000,00,2,1,01,A01
200700046525,0,21,000,00,0,1,19,B02
200700046526,0,07,000,00,2,1,02,A01
200700046526,0,07,000,00,2,1,20,B02
200700046527,0,07,000,00,2,3,01,A01
200700046527,0,21,000,00,0,0,01,B02
200700046528,0,07,000,00,2,2,16,A01
200700046528,0,33,000,00,2,1,02,B02
200700046529,0,10,000,00,2,3,13,A01
200700046529,0,07,000,00,2,3,01,B02
200700046530,0,07,000,00,2,1,06,A01
200700046530,0,07,000,00,2,3,01,B02
200700046531,0,07,000,00,2,3,01,A01
200700046531,0,07,000,00,2,3,01,B02
200700046532,0,33,000,00,0,9,01,A01
200700046533,0,36,000,06,0,1,15,A01
200700046534,0,07,000,00,2,1,01,A01
200700046534,0,17,000,00,2,6,01,B02
200700046535,0,07,000,01,0,1,00,A01
200700046535,0,07,000,00,0,4,23,B02
200700046535,0,07,000,00,0,1,00,C03
200700046536,0,07,000,00,0,0,00,A01
200700046537,0,07,000,16,0,9,14,A01
200700046538,0,07,000,00,2,3,15,A01
200700046538,0,33,000,00,2,3,01,B02
200700046539,0,07,000,00,2,8,10,A01
200700046539,0,07,000,00,2,1,01,B02
200700046540,0,31,000,12,0,0,17,A01
200700046541,0,07,000,00,0,0,00,A01
200700046541,0,07,000,00,2,1,00,B02
200700046542,0,07,000,00,2,3,13,A01
200700046542,0,07,000,00,2,3,01,B02
200700046543,0,07,000,00,2,2,15,A01
200700046543,0,07,000,00,2,1,01,B02
200700046544,0,07,000,13,0,9,21,A01
200700046545,0,07,000,00,2,5,13,A01
200700046545,0,07,000,00,2,2,01,B02
200700046546,0,07,000,00,2,1,01,A01
200700046546,0,07,000,00,2,3,01,B02
200700046547,0,02,000,00,0,6,01,A01
200700046548,0,07,000,00,2,3,01,A01
200700046548,0,07,000,00,2,6,15,B02
200700046549,0,35,000,13,0,1,14,A01
200700046550,0,07,000,13,0,2,01,A01
200700046551,0,07,000,00,2,2,01,A01
200700046551,0,07,000,00,2,3,01,B02
200700046552,0,07,000,00,0,1,01,A01
200700046552,0,07,000,00,0,7,19,B02
200700046553,0,07,000,00,2,2,00,A01
200700046553,0,07,000,00,2,4,23,B02
200700046554,0,17,000,00,2,4,04,A01
200700046554,0,33,000,00,0,1,23,B02
200700046555,0,14,000,00,0,2,17,A01
200700046555,0,02,000,00,0,4,15,B02
200700046556,0,07,000,00,2,1,01,A01
200700046556,0,07,000,00,2,1,05,B02
200700046556,0,02,000,00,2,1,00,C03
200700046557,0,07,000,01,1,1,01,A01
200700046557,0,10,000,00,0,1,24,B02
200700046558,0,30,000,00,2,1,19,A01
200700046558,0,07,000,00,2,2,01,B02
200700046559,0,07,000,00,2,1,15,A01
200700046559,0,33,000,00,2,1,01,B02
200700046560,0,07,000,00,2,3,17,A01
200700046560,0,10,000,00,2,3,01,B02
200700046561,0,07,000,00,2,3,01,A01
200700046561,0,07,000,00,2,3,01,B02
200700046562,0,03,000,00,1,3,01,A01
200700046563,0,31,000,00,2,1,17,A01
200700046563,0,07,000,00,2,8,15,B02
200700046564,0,07,000,00,2,2,17,A01
200700046564,0,07,000,02,2,6,01,B02
200700046565,0,07,000,08,0,8,01,A01
200700046566,0,07,000,00,0,3,00,A01
200700046567,0,07,000,00,2,3,01,A01
200700046567,0,07,000,00,2,8,01,B02
200700046567,0,07,000,00,2,3,01,C03
200700046568,0,07,000,00,2,4,23,A01
200700046568,0,30,000,00,0,1,17,B02
200700046569,0,07,000,00,1,1,15,A01
200700046570,0,07,000,00,2,1,13,A01
200700046570,0,10,000,00,2,1,01,B02
200700046571,0,33,000,07,0,9,01,A01
200700046572,0,10,000,00,1,1,01,A01
200700046573,0,33,000,00,2,5,02,A01
200700046573,0,07,000,00,2,5,02,B02
200700046574,0,07,000,00,0,6,01,A01
200700046574,0,07,000,01,0,1,01,B02
200700046574,0,07,000,01,0,2,21,C03
200700046574,0,07,000,00,2,1,01,D04
200700046574,0,07,000,00,0,4,01,E05
200700046575,0,07,000,00,2,1,13,A01
200700046575,0,10,000,00,2,3,00,B02
200700046576,0,07,000,00,0,9,00,A01
200700046577,0,07,000,00,2,5,17,A01
200700046577,0,01,000,00,2,8,02,B02
200700046578,0,33,000,14,0,3,01,A01
200700046579,0,07,000,00,2,2,13,A01
200700046579,0,33,000,00,2,1,01,B02
200700046580,0,07,000,00,1,8,01,A01
200700046581,0,30,000,01,0,7,17,A01
200700046581,0,14,000,00,0,6,24,B02
200700046582,0,31,000,06,0,3,13,A01
200700046582,0,07,000,00,2,3,01,B02
200700046583,0,07,000,00,2,2,17,A01
200700046583,0,33,000,00,2,1,01,B02
200700046584,0,07,000,00,2,1,01,A01
200700046584,0,17,000,00,2,6,19,B02
200700046585,0,07,000,00,0,1,01,A01
200700046585,0,14,000,00,0,3,01,B02
200700046586,0,33,000,00,2,1,01,A01
200700046586,0,10,000,00,2,3,13,B02
200700046587,0,30,000,00,2,8,15,B02
200700046587,0,07,000,00,2,2,01,A01
200700046588,0,33,000,00,5,7,01,A01
200700046589,0,07,000,00,2,3,16,A01
200700046589,0,02,000,00,2,1,01,B02
200700046590,0,07,000,00,2,8,09,A01
200700046590,0,07,000,00,2,1,01,B02
200700046591,0,30,000,08,0,1,01,A01
200700046592,0,07,000,13,0,3,00,A01
200700046593,0,07,000,13,0,1,01,A01
200700046594,0,33,000,00,2,3,01,A01
200700046594,0,07,000,00,2,2,15,B02
200700046595,0,33,000,00,2,3,01,A01
200700046595,1,03,000,00,2,3,13,B02
200700046596,0,02,000,00,2,1,13,B02
200700046596,0,07,000,00,2,1,01,A01
200700046597,0,33,000,00,0,3,01,A01
200700046598,0,07,000,00,2,7,17,A01
200700046598,0,07,000,00,2,8,19,B02
200700046599,0,07,000,16,0,9,01,A01
200700046600,0,07,000,00,0,0,13,A01
200700046601,0,07,000,00,2,8,10,A01
200700046601,0,07,000,00,2,1,01,B02
200700046602,0,33,000,00,2,1,01,A01
200700046602,0,07,000,00,2,2,12,B02
200700046603,0,07,000,00,2,3,01,A01
200700046603,0,07,000,00,2,5,15,B02
200700046604,0,02,000,02,0,1,01,A01
200700046605,0,10,000,00,2,1,01,A01
200700046605,0,07,000,00,2,3,16,B02
200700046606,0,07,000,00,0,7,15,A01
200700046606,0,07,000,00,0,1,01,B02
200700046607,0,07,000,00,2,3,01,A01
200700046607,0,07,000,00,2,3,01,B02
200700046608,0,07,000,00,0,9,01,A01
200700046609,0,10,000,13,0,1,13,A01
200700046610,0,33,000,00,2,1,17,A01
200700046610,0,07,000,00,2,6,01,B02
200700046611,0,13,000,00,2,1,01,A01
200700046612,0,30,000,00,2,1,01,A01
200700046612,0,01,000,00,2,1,01,B02
200700046613,0,07,000,15,0,3,01,A01
200700046614,0,07,000,02,0,3,13,A01
200700046615,0,07,000,00,2,1,01,A01
200700046615,0,07,000,00,2,2,01,B02
200700046616,0,21,000,00,2,1,01,A01
200700046616,0,02,000,00,2,1,01,B02
200700046617,0,07,000,00,2,3,15,A01
200700046617,0,02,000,00,0,1,01,B02
200700046618,0,07,000,00,2,8,19,A01
200700046618,0,14,000,00,2,1,01,B02
200700046619,0,07,000,16,0,9,01,A01
200700046620,0,15,000,00,9,7,01,A01
200700046620,0,01,000,00,2,0,02,B02
200700046621,0,07,000,00,2,3,23,D04
200700046621,0,07,000,00,2,1,15,A01
200700046621,0,07,000,00,2,3,01,B02
200700046621,0,07,000,00,2,1,23,C03
200700046622,0,10,000,00,2,1,01,A01