Num_Acc,senc,catv,occutc,obs,obsm,choc,manv,num_veh
200700046622,0,07,000,00,2,2,15,B02
200700046623,0,07,000,00,2,6,15,A01
200700046623,0,31,000,00,2,1,01,B02
200700046624,0,07,000,00,2,2,15,A01
200700046624,0,07,000,00,2,1,01,B02
200700046625,0,33,000,00,2,1,01,A01
200700046625,0,07,000,00,9,1,01,B02
200700046625,0,10,000,00,2,3,01,C03
200700046626,0,10,000,00,2,5,01,A01
200700046626,0,10,000,00,2,2,21,B02
200700046627,0,07,000,13,0,1,01,A01
200700046628,0,36,000,00,2,8,13,A01
200700046628,0,30,000,00,2,7,01,B02
200700046629,0,10,000,00,9,2,13,A01
200700046629,0,01,000,00,2,1,01,B02
200700046630,0,01,000,00,0,0,00,A01
200700046631,0,17,000,00,2,5,15,A01
200700046631,0,33,000,00,2,3,01,B02
200700046632,0,07,000,02,0,3,01,A01
200700046633,0,07,000,00,2,3,01,A01
200700046633,0,30,000,00,2,8,15,B02
200700046634,0,07,000,00,2,1,01,A01
200700046634,0,07,000,00,2,2,17,B02
200700046635,0,07,000,00,2,3,17,A01
200700046635,0,10,000,00,2,3,01,B02
200700046636,0,03,000,08,0,1,14,A01
200700046637,0,10,000,00,2,2,01,A01
200700046637,0,30,000,00,2,1,01,B02
200700046638,0,07,000,00,2,7,15,A01
200700046638,0,03,000,00,2,1,01,B02
200700046639,0,33,000,00,2,1,17,A01
200700046639,0,07,000,00,2,3,15,B02
200700046640,0,07,000,00,2,8,01,A01
200700046640,0,07,000,00,2,1,19,B02
200700046641,0,02,000,00,2,8,19,A01
200700046641,0,02,000,00,2,1,02,B02
200700046642,0,07,000,00,2,3,19,A01
200700046642,0,02,000,00,2,1,01,B02
200700046643,0,07,000,00,2,8,19,A01
200700046643,0,07,000,00,2,1,01,B02
200700046644,0,02,000,00,2,1,01,A01
200700046644,0,07,000,00,0,4,01,B02
200700046645,0,07,000,06,0,4,01,A01
200700046646,0,30,000,00,2,1,01,A01
200700046646,0,07,000,00,2,5,23,B02
200700046647,0,33,000,00,2,0,21,A01
200700046648,0,33,000,13,0,1,01,A01
200700046648,0,07,000,00,9,1,01,B02
200700046649,0,10,000,00,2,3,09,A01
200700046649,0,07,000,00,2,3,01,B02
200700046650,0,07,000,13,0,3,01,A01
200700046651,0,07,000,00,2,9,01,A01
200700046651,0,07,000,00,2,6,01,B02
200700046651,0,07,000,00,2,2,01,C03
200700046652,0,07,000,02,0,1,00,A01
200700046653,0,07,000,00,2,1,02,A01
200700046653,0,07,000,00,0,4,02,B02
200700046654,0,07,000,00,2,1,01,A01
200700046654,0,07,000,00,2,1,01,B02
200700046655,0,07,000,00,2,3,01,A01
200700046655,0,33,000,00,2,1,01,B02
200700046656,0,07,000,00,2,7,01,A01
200700046656,0,02,000,00,2,8,15,B02
200700046657,0,07,000,00,0,7,14,A01
200700046657,0,02,000,00,0,8,01,B02
200700046658,0,33,000,13,0,2,01,A01
200700046659,0,02,000,06,0,1,01,A01
200700046660,0,10,000,00,2,7,01,A01
200700046660,0,10,000,00,2,2,15,B02
200700046661,0,07,000,00,0,1,01,A01
200700046661,0,07,000,00,0,1,01,B02
200700046662,0,07,000,00,2,3,01,A01
200700046662,0,10,000,00,2,3,01,B02
200700046662,0,10,000,00,2,3,01,C03
200700046663,0,07,000,02,0,1,01,A01
200700046664,0,21,000,13,0,2,01,A01
200700046665,0,07,000,01,0,2,14,A01
200700046665,0,17,000,00,0,1,23,B02
200700046666,0,07,000,00,2,2,13,A01
200700046666,0,07,000,00,2,3,01,B02
200700046667,0,10,000,03,0,1,01,A01
200700046668,0,07,000,00,2,3,13,A01
200700046668,0,07,000,00,2,3,21,B02
200700046669,1,33,000,00,1,1,09,A01
200700046670,0,30,000,00,2,1,01,A01
200700046670,0,30,000,00,2,4,01,B02
200700046671,0,33,000,00,2,3,01,A01
200700046671,0,07,000,00,0,5,06,B02
200700046672,0,33,000,00,0,0,00,A01
200700046673,0,30,000,00,2,1,01,A01
200700046673,0,07,000,00,2,1,11,B02
200700046674,0,31,000,00,2,1,17,A01
200700046674,0,07,000,00,2,3,15,B02
200700046675,0,07,000,00,0,6,01,A01
200700046675,0,31,000,00,2,1,01,B02
200700046676,0,10,000,00,1,3,01,A01
200700046677,0,07,000,00,9,1,15,A01
200700046677,0,02,000,00,2,1,01,B02
200700046678,0,07,000,00,2,2,17,A01
200700046678,0,02,000,00,2,8,15,B02
200700046679,0,07,000,00,2,3,15,A01
200700046679,0,33,000,00,2,1,01,B02
200700046680,0,02,000,12,0,1,01,A01
200700046681,0,07,000,00,2,1,01,A01
200700046681,0,10,000,00,2,1,01,B02
200700046682,0,33,000,00,2,1,01,B02
200700046682,0,07,000,00,2,3,15,A01
200700046683,0,07,000,00,2,2,01,A01
200700046683,0,35,000,00,2,5,19,B02
200700046684,0,07,000,00,2,3,01,A01
200700046684,0,30,000,00,2,1,13,B02
200700046685,0,02,000,00,2,8,10,A01
200700046685,0,07,000,00,2,1,17,B02
200700046686,0,07,000,13,0,0,14,A01
200700046687,0,02,000,00,1,1,01,A01
200700046688,0,07,000,00,2,1,01,A01
200700046688,0,07,000,00,2,8,19,B02
200700046689,0,07,000,00,0,2,02,A01
200700046689,0,01,000,00,0,4,02,B02
200700046690,0,33,000,13,0,1,01,A01
200700046691,0,07,000,00,2,2,15,A01
200700046691,0,07,000,00,2,1,01,B02
200700046692,0,07,000,13,0,1,01,A01
200700046693,0,07,000,00,1,1,01,A01
200700046694,0,07,000,06,1,1,23,A01
200700046695,0,33,000,09,0,1,01,A01
200700046696,0,07,000,00,2,2,15,A01
200700046696,0,33,000,00,2,1,01,B02
200700046697,0,33,000,00,2,1,01,A01
200700046697,0,33,000,00,2,8,01,B02
200700046697,0,10,000,00,2,6,01,C03
200700046698,0,07,000,00,2,8,01,A01
200700046698,0,02,000,00,2,1,19,B02
200700046699,0,07,000,00,1,1,01,A01
200700046700,0,07,000,00,2,2,19,A01
200700046700,0,33,000,00,2,1,01,B02
200700046701,0,07,000,00,2,3,09,A01
200700046701,0,30,000,00,2,2,01,B02
200700046702,0,07,000,00,2,3,11,A01
200700046702,0,30,000,00,2,7,17,B02
200700046703,0,07,000,00,2,1,15,A01
200700046703,0,33,000,00,2,1,21,B02
200700046704,0,07,000,00,2,6,01,A01
200700046704,0,31,000,00,2,1,01,B02
200700046704,0,07,000,00,2,1,01,C03
200700046705,0,07,000,00,9,2,15,A01
200700046705,0,01,000,00,2,1,01,B02
200700046706,0,02,000,00,2,3,03,A01
200700046706,0,07,000,00,9,3,01,B02
200700046707,0,07,000,08,0,1,00,A01
200700046708,0,21,000,13,0,9,17,A01
200700046708,0,07,000,00,0,0,23,B02
200700046709,0,07,000,00,2,3,13,A01
200700046709,0,33,000,00,2,3,01,B02
200700046709,0,33,000,00,2,6,01,C03
200700046710,0,07,000,00,2,2,19,A01
200700046710,0,07,000,00,2,3,01,B02
200700046711,0,33,000,00,2,7,05,A01
200700046711,0,07,000,00,2,3,00,B02
200700046712,0,14,000,06,0,7,01,A01
200700046713,0,30,000,00,5,7,19,A01
200700046714,0,30,000,00,0,8,01,A01
200700046715,0,07,000,00,2,3,01,A01
200700046715,0,07,000,00,2,3,01,B02
200700046716,0,07,000,02,0,7,01,A01
200700046717,0,07,000,00,0,9,00,A01
200700046718,0,07,000,13,0,1,01,A01
200700046719,0,33,000,00,2,7,02,A01
200700046719,0,07,000,00,0,4,00,B02
200700046720,0,07,000,00,1,2,01,A01
200700046721,0,07,000,00,2,3,01,A01
200700046721,0,07,000,00,2,3,01,B02
200700046722,0,10,000,13,0,2,21,A01
200700046723,0,07,000,00,2,3,01,A01
200700046723,0,15,000,00,2,5,01,B02
200700046724,0,33,000,00,0,1,02,A01
200700046724,0,07,000,00,0,4,02,B02
200700046725,0,07,000,00,2,1,01,A01
200700046725,0,02,000,00,2,1,01,B02
200700046726,0,07,000,00,0,0,00,A01
200700046726,0,07,000,00,2,8,01,B02
200700046727,0,07,000,00,2,2,15,A01
200700046727,0,33,000,00,2,1,01,B02
200700046728,0,07,000,00,2,9,17,A01
200700046728,0,07,000,00,0,0,21,B02
200700046728,0,07,000,00,2,9,01,C03
200700046728,0,07,000,00,2,3,01,D04
200700046728,0,07,000,08,2,3,01,E05
200700046729,0,07,000,00,0,1,01,A01
200700046730,0,07,000,00,2,1,01,A01
200700046730,0,07,000,00,2,1,05,B02
200700046731,0,07,000,02,0,3,00,A01
200700046732,0,07,000,00,2,8,19,A01
200700046732,0,05,000,00,2,1,21,B02
200700046733,0,07,000,00,1,3,01,A01
200700046734,0,21,000,00,9,8,02,A01
200700046734,0,01,000,00,2,3,02,B02
200700046735,0,33,000,14,5,7,01,A01
200700046736,0,07,000,00,2,1,13,A01
200700046736,0,17,000,00,2,3,01,B02
200700046737,0,15,000,00,2,6,01,A01
200700046737,0,07,000,00,2,1,01,B02
200700046738,0,33,000,16,0,1,00,A01
200700046739,0,33,000,00,5,1,01,A01
200700046740,0,33,000,00,0,7,01,A01
200700046741,0,10,000,00,2,2,01,A01
200700046741,0,33,000,00,2,9,21,B02
200700046742,0,07,000,00,2,8,01,A01
200700046742,0,33,000,00,2,8,13,B02
200700046743,0,07,000,00,0,8,19,B02
200700046743,0,33,000,00,2,1,01,A01
200700046744,0,07,000,00,1,3,01,A01
200700046745,0,02,000,00,2,7,14,A01
200700046745,0,02,000,00,2,8,01,B02
200700046746,0,07,000,00,1,3,01,A01
200700046747,0,07,000,00,0,0,19,A01
200700046747,0,33,000,00,0,0,00,B02
200700046748,0,07,000,00,2,7,01,A01
200700046748,0,30,000,00,2,1,19,B02
200700046749,0,07,000,00,2,3,15,A01
200700046749,0,07,000,13,2,2,17,B02
200700046750,0,07,000,06,0,3,13,A01
200700046751,0,07,000,16,0,9,01,A01
200700046752,0,07,000,00,2,1,15,A01
200700046752,0,07,000,00,2,2,01,B02
200700046753,0,07,000,00,2,8,01,A01
200700046753,0,02,000,00,2,1,19,B02
200700046754,0,10,000,00,0,6,10,A01
200700046754,0,31,000,00,0,1,01,B02
200700046755,0,07,000,00,2,7,01,A01
200700046755,0,07,000,00,2,1,16,B02
200700046756,0,21,000,00,2,3,15,A01
200700046756,0,33,000,00,2,2,17,B02
200700046757,0,07,000,06,0,2,01,A01
200700046758,0,07,000,00,2,2,15,A01
200700046758,0,07,000,00,2,3,01,B02
200700046759,0,07,000,13,0,4,01,A01
200700046760,0,07,000,00,2,2,13,A01
200700046760,0,07,000,00,2,2,01,B02
200700046761,0,07,000,00,2,3,01,A01
200700046761,0,07,000,00,2,3,03,B02
200700046762,0,10,000,00,2,2,15,A01
200700046762,0,07,000,00,2,1,01,B02
200700046763,0,07,000,01,0,2,01,A01
200700046764,0,07,000,00,0,4,01,A01
200700046764,0,30,000,00,2,1,01,B02
200700046765,0,07,000,02,0,1,01,A01
200700046766,0,07,000,02,0,1,14,A01
200700046767,0,07,000,00,2,3,01,A01
200700046767,0,02,000,00,2,5,01,B02
200700046768,0,07,000,00,0,7,19,B02
200700046768,0,07,000,00,2,1,01,A01
200700046769,0,07,000,13,0,1,15,A01
200700046770,0,07,000,00,2,1,01,A01
200700046770,0,07,000,00,2,1,19,B02
200700046771,0,31,000,00,1,2,17,A01
200700046772,0,07,000,00,2,3,05,A01
200700046772,0,07,000,00,2,8,01,B02
200700046773,0,07,000,00,0,2,01,A01
200700046774,0,14,000,00,2,3,16,A01
200700046774,0,33,000,00,2,1,01,B02
200700046775,0,02,000,08,0,1,14,A01
200700046776,0,07,000,00,2,3,00,A01
200700046776,0,30,000,00,2,7,00,B02
200700046777,0,33,000,01,0,3,02,A01
200700046777,0,07,000,00,0,5,23,B02
200700046777,0,07,000,00,0,0,23,C03
200700046778,0,36,000,00,0,0,14,A01
200700046779,0,07,000,00,2,2,13,A01
200700046779,0,07,000,00,2,1,01,B02
200700046780,0,07,000,00,2,1,01,A01
200700046780,0,07,000,00,0,8,19,B02
200700046781,0,33,000,00,2,1,01,A01
200700046781,0,01,000,00,2,4,01,B02
200700046782,0,07,000,13,0,1,01,A01
200700046783,0,07,000,00,2,1,06,A01
200700046783,0,07,000,00,2,1,01,B02
200700046784,0,10,000,00,2,2,02,A01
200700046784,0,01,000,00,2,3,02,B02
200700046785,0,07,000,00,2,7,11,A01
200700046785,0,30,000,00,2,1,01,B02
200700046786,0,07,000,00,2,3,15,A01
200700046786,0,33,000,00,2,1,01,B02
200700046787,0,07,000,00,2,3,15,A01
200700046787,0,33,000,00,2,1,01,B02
200700046788,0,07,000,00,9,3,01,A01
200700046788,0,01,000,00,2,1,15,B02
200700046789,0,07,000,00,1,3,01,A01
200700046790,0,33,000,00,0,0,01,A01
200700046791,0,07,000,00,2,2,15,A01
200700046791,0,07,000,00,2,6,01,B02
200700046792,0,07,000,00,1,1,13,A01
200700046793,0,10,000,00,2,6,09,A01
200700046793,0,33,000,00,2,2,00,B02
200700046794,0,07,000,00,0,2,13,A01
200700046794,0,07,000,00,0,3,01,B02
200700046795,0,10,000,08,0,1,00,A01
200700046796,0,07,000,08,0,1,14,A01
200700046797,0,07,000,00,2,3,01,A01
200700046797,0,07,000,00,2,3,11,B02
200700046798,0,07,000,13,0,2,01,A01
200700046799,0,07,000,00,2,2,15,A01
200700046799,0,33,000,00,2,9,01,B02
200700046800,0,33,000,08,0,0,01,A01
200700046801,0,07,000,00,2,4,00,A01
200700046801,0,30,000,00,2,1,01,B02
200700046802,0,07,000,00,2,7,00,A01
200700046802,0,10,000,00,2,1,01,B02
200700046802,0,07,000,00,2,8,19,C03
200700046803,0,07,000,08,0,1,01,A01
200700046804,0,30,000,00,0,0,00,A01
200700046805,0,17,000,00,2,1,01,B02
200700046805,0,07,000,00,2,8,19,A01
200700046806,0,07,000,00,2,8,19,A01
200700046806,0,07,000,00,2,3,01,B02
200700046807,0,33,000,03,0,1,09,A01
200700046808,0,07,000,00,2,7,15,A01
200700046808,0,33,000,00,2,1,01,B02
200700046809,0,02,000,06,0,1,01,A01
200700046810,0,33,000,00,2,1,17,A01
200700046810,0,07,000,00,2,8,15,B02
200700046811,0,10,000,00,2,3,19,A01
200700046811,0,33,000,00,2,4,13,B02
200700046812,0,07,000,00,2,1,13,A01
200700046812,0,07,000,00,2,1,01,B02
200700046812,0,07,000,00,2,1,01,C03
200700046813,0,07,000,04,2,2,17,A01
200700046813,0,07,000,00,2,2,02,B02
200700046814,0,02,000,00,2,1,13,A01
200700046814,0,02,000,00,2,1,13,B02
200700046815,0,07,000,00,2,5,15,A01
200700046815,0,31,000,00,2,1,01,B02
200700046816,0,07,000,00,1,1,01,A01
200700046817,0,30,000,00,2,1,15,A01
200700046817,0,07,000,00,2,3,01,B02
200700046818,0,07,000,00,2,3,19,C03
200700046818,0,07,000,00,2,1,01,A01
200700046818,0,07,000,00,2,1,16,B02
200700046819,0,33,000,13,0,1,17,A01
200700046819,0,21,000,00,0,0,15,B02
200700046820,0,33,000,03,0,8,13,A01
200700046821,1,07,000,00,1,0,01,A01
200700046822,0,10,000,00,2,8,20,A01
200700046822,0,02,000,00,2,1,01,B02
200700046823,0,07,000,13,0,9,01,A01
200700046824,0,07,000,13,0,1,13,A01
200700046825,0,01,000,00,2,8,13,A01
200700046825,0,07,000,00,2,8,01,B02
200700046826,0,07,000,02,0,1,01,A01
200700046827,0,07,000,02,0,8,01,A01
200700046828,0,02,000,13,0,2,01,A01
200700046829,0,30,000,15,0,7,01,A01
200700046830,0,32,000,00,0,8,01,A01
200700046831,0,02,000,00,2,8,19,A01
200700046831,0,07,000,00,2,3,01,B02
200700046832,0,07,000,00,2,2,13,A01
200700046832,0,07,000,00,2,1,01,B02
200700046833,0,33,000,00,2,1,02,A01
200700046833,0,07,000,00,2,2,19,B02
200700046834,0,07,000,00,2,2,01,A01
200700046834,0,07,000,00,2,3,00,B02
200700046835,0,21,000,00,2,5,19,A01
200700046835,0,02,000,00,2,1,01,B02
200700046836,0,33,000,00,2,3,09,A01
200700046836,0,07,000,00,0,7,01,B02
200700046837,0,07,000,00,2,7,01,A01
200700046837,0,07,000,00,2,1,01,B02
200700046838,0,07,000,00,1,2,01,A01
200700046839,0,21,000,00,1,0,01,A01
200700046840,0,07,000,00,9,3,13,A01
200700046840,0,07,000,00,0,3,00,B02
200700046840,0,07,000,00,0,1,00,C03
200700046841,0,07,000,00,0,4,15,A01
200700046841,0,07,000,00,2,4,23,B02
200700046841,0,07,000,00,2,4,23,C03
200700046841,0,07,000,00,2,1,02,D04
200700046842,0,07,000,13,0,0,01,A01
200700046843,0,07,000,13,0,3,01,A01
200700046844,0,07,000,13,0,1,01,A01
200700046845,0,31,000,13,0,0,13,A01
200700046846,0,33,000,13,0,1,19,A01
200700046847,0,07,000,00,0,7,00,A01
200700046847,0,07,000,00,0,2,00,B02
200700046848,0,02,000,00,2,1,15,A01
200700046848,0,07,000,00,2,1,20,B02
200700046849,0,07,000,13,0,3,01,A01
200700046850,0,07,000,15,0,3,01,A01
200700046851,0,07,000,00,2,1,05,A01
200700046851,0,17,000,00,2,1,01,B02
200700046852,0,07,000,08,0,1,00,A01
200700046853,0,33,000,00,2,1,05,A01
200700046853,0,14,000,00,2,1,01,B02
200700046854,0,01,000,00,2,1,17,A01
200700046854,0,07,000,00,2,3,01,B02
200700046855,0,07,000,00,1,2,01,A01
200700046856,0,01,000,00,2,8,13,A01
200700046856,0,07,000,00,9,8,01,B02
200700046856,0,02,000,00,9,8,01,C03
200700046857,0,07,000,00,2,3,13,A01
200700046857,0,15,000,00,2,3,01,B02
200700046858,0,01,000,00,0,7,01,A01
200700046858,0,32,000,00,9,1,18,B02
200700046859,0,30,000,00,2,1,01,A01
200700046859,0,07,000,00,0,5,15,B02
200700046860,0,07,000,00,2,2,15,A01
200700046860,0,33,000,00,2,1,01,B02
200700046861,0,33,000,00,2,1,18,A01
200700046861,0,21,000,00,0,4,15,B02
200700046862,0,07,000,00,2,3,15,A01
200700046862,0,33,000,00,2,1,01,B02
200700046863,0,07,000,00,2,3,02,A01
200700046863,0,07,000,00,2,4,15,B02
200700046864,0,07,000,00,2,2,01,A01
200700046864,0,01,000,00,2,4,02,B02
200700046865,0,33,000,00,2,1,13,A01
200700046865,0,07,000,00,2,3,01,B02
200700046866,0,30,000,00,2,3,01,A01
200700046866,0,07,000,00,2,3,23,B02
200700046867,0,02,000,00,2,8,01,A01
200700046867,0,07,000,00,2,3,01,B02
200700046868,0,07,000,00,2,1,19,B02
200700046868,0,07,000,14,0,8,01,A01
200700046869,0,33,000,00,6,2,01,A01
200700046870,0,33,000,01,0,3,13,A01
200700046871,0,07,000,00,2,1,13,A01
200700046871,0,07,000,00,2,1,01,B02
200700046872,0,07,000,00,0,1,13,A01
200700046873,0,07,000,00,1,3,01,A01
200700046874,0,07,000,00,2,8,15,B02
200700046874,0,07,000,00,2,1,01,A01
200700046875,0,07,000,02,0,1,13,A01
200700046876,0,33,000,00,2,1,17,A01
200700046876,0,07,000,00,2,8,15,B02
200700046877,0,33,000,00,0,7,01,A01
200700046878,0,07,000,02,0,1,01,A01
200700046879,0,30,000,00,1,0,01,A01
200700046880,0,02,000,00,2,1,01,A01
200700046880,0,07,000,00,2,3,01,B02
200700046881,0,07,000,00,0,0,01,A01
200700046882,0,07,000,02,0,2,01,A01
200700046883,0,10,000,00,0,8,01,A01
200700046884,0,07,000,00,2,3,02,A01
200700046884,0,07,000,00,2,3,13,B02
200700046885,0,14,000,00,1,2,01,A01
200700046886,0,07,000,00,2,2,01,A01
200700046886,0,01,000,00,2,2,01,B02
200700046887,0,10,000,00,2,1,15,A01
200700046887,0,33,000,00,2,1,01,B02
200700046888,0,07,000,00,2,2,01,A01
200700046888,0,07,000,00,2,3,01,B02
200700046889,0,07,000,16,0,0,16,A01
200700046890,0,33,000,00,2,7,17,A01
200700046890,0,07,000,00,2,8,13,B02
200700046891,0,07,000,00,1,2,01,A01
200700046892,0,33,000,00,2,1,01,A01
200700046892,0,07,000,00,2,1,01,B02
200700046893,0,07,000,00,0,1,00,A01
200700046893,0,07,000,00,2,1,00,B02
200700046894,0,07,000,03,0,1,14,A01
200700046895,0,07,000,00,2,1,01,A01
200700046895,0,07,000,00,2,1,01,B02
200700046896,0,30,000,00,2,1,01,B02
200700046896,0,07,000,00,2,2,19,A01
200700046897,0,07,000,00,0,1,01,A01
200700046898,0,30,000,00,2,1,01,A01
200700046898,0,07,000,00,2,8,01,B02
200700046899,0,07,000,00,2,3,01,B02
200700046899,0,10,000,00,2,2,19,A01
200700046900,0,07,000,00,9,7,15,A01
200700046900,0,01,000,00,2,1,01,B02
200700046901,0,33,000,05,0,7,01,A01
200700046902,0,07,000,13,0,1,13,A01
200700046903,0,10,000,02,0,8,01,A01
200700046904,0,03,000,00,2,6,01,A01
200700046904,0,33,000,00,2,1,02,B02
200700046905,0,33,000,00,0,1,01,A01
200700046906,0,02,000,01,0,1,13,A01
200700046907,0,07,000,00,2,3,19,A01
200700046907,0,33,000,00,2,3,01,B02
200700046908,0,32,000,00,0,0,21,A01
200700046909,0,33,000,12,0,1,01,A01
200700046910,0,31,000,00,2,1,17,A01
200700046910,0,07,000,00,2,3,01,B02
200700046911,0,07,000,02,0,1,00,A01
200700046912,0,07,000,00,2,3,13,A01
200700046912,0,07,000,00,2,3,01,B02
200700046913,0,07,000,00,2,3,01,A01
200700046913,0,07,000,00,2,1,01,B02
200700046914,0,07,000,00,2,3,15,A01
200700046914,0,33,000,00,2,1,15,B02
200700046915,0,21,000,13,0,7,14,A01
200700046916,0,07,000,00,2,3,15,A01
200700046916,0,33,000,00,2,1,17,B02
200700046917,0,01,000,13,0,0,01,A01
200700046918,0,02,000,00,2,1,13,A01
200700046918,0,07,000,00,9,3,01,B02
200700046919,0,07,000,16,0,1,01,A01
200700046920,0,36,000,08,0,1,01,A01
200700046921,0,33,000,00,2,1,21,A01
200700046921,0,10,000,00,0,5,01,B02
200700046922,0,07,000,00,2,1,13,A01
200700046922,0,07,000,00,2,1,01,B02
200700046923,0,07,000,00,2,2,01,A01
200700046923,0,02,000,00,2,1,15,B02
200700046924,0,33,000,00,2,1,02,A01
200700046924,0,30,000,00,2,4,02,B02
200700046925,0,07,000,00,2,2,01,A01
200700046925,0,07,000,02,2,6,01,B02
200700046926,0,07,000,00,2,2,19,A01
200700046926,0,07,000,00,2,3,01,B02
200700046927,0,07,000,00,2,3,17,A01
200700046927,0,07,000,00,2,3,01,B02
200700046928,0,33,000,13,0,1,01,A01
200700046929,0,07,000,00,2,3,01,A01
200700046929,0,07,000,00,2,1,01,B02
200700046930,0,07,000,00,2,7,01,A01
200700046930,0,07,000,00,2,1,01,B02
200700046931,0,30,000,00,2,1,01,A01
200700046931,0,07,000,00,2,1,15,B02
200700046932,0,01,000,00,0,8,15,A01
200700046932,0,07,000,00,2,2,17,B02
200700046933,0,07,000,00,2,2,13,A01
200700046933,0,07,000,00,2,1,01,B02
200700046934,0,31,000,13,0,1,00,A01
200700046935,0,10,000,00,1,8,01,A01
200700046936,0,07,000,00,2,7,19,B02
200700046936,0,33,000,00,2,1,01,A01
200700046937,0,07,000,00,9,3,01,A01
200700046937,0,02,000,00,2,2,19,B02
200700046938,0,99,000,09,0,1,01,A01
200700046939,0,07,000,00,2,1,01,A01
200700046939,0,07,000,00,2,1,13,B02
200700046940,0,07,000,00,0,3,00,A01
200700046941,0,30,000,00,0,0,00,A01
200700046942,0,07,000,00,2,3,13,A01
200700046942,0,07,000,00,2,3,01,B02
200700046943,0,30,000,00,9,1,01,A01
200700046943,0,01,000,00,9,1,01,B02
200700046944,0,07,000,00,2,8,19,B02
200700046944,0,07,000,00,2,1,01,A01
200700046945,0,07,000,00,2,7,13,A01
200700046945,0,10,000,00,2,1,01,B02
200700046946,0,07,000,00,2,1,13,A01
200700046946,0,10,000,00,2,1,01,B02
200700046947,0,07,000,00,2,6,19,B02
200700046947,0,33,000,00,2,1,01,A01
200700046948,0,07,000,09,2,1,06,A01
200700046948,0,07,000,00,2,3,15,B02
200700046949,0,07,000,00,2,8,01,A01
200700046949,0,10,000,00,2,3,01,B02
200700046949,0,07,000,00,2,1,01,C03
200700046950,0,07,000,07,2,7,01,B02
200700046950,0,10,000,00,2,3,01,A01
200700046951,0,07,000,00,0,3,01,A01
200700046951,0,01,000,00,0,7,16,B02
200700046952,0,07,000,00,2,3,01,A01
200700046952,0,07,000,00,2,3,00,B02
200700046953,0,07,000,00,2,7,13,A01
200700046953,0,07,000,00,2,1,01,B02
200700046954,0,02,000,08,0,1,01,A01
200700046955,0,07,000,00,0,3,13,A01
200700046955,0,07,000,00,2,3,01,B02
200700046956,0,33,000,00,0,1,01,A01
200700046956,0,07,000,00,0,4,01,B02
200700046957,0,33,000,00,0,9,01,A01
200700046958,0,07,000,13,0,1,21,A01
200700046959,0,07,000,02,0,7,01,A01
200700046960,0,07,000,00,0,3,13,A01
200700046960,0,07,000,00,2,3,01,B02
200700046961,0,07,000,13,0,1,13,A01
200700046962,0,07,000,10,0,3,13,A01
200700046963,0,33,000,11,0,1,13,A01
200700046964,0,15,000,00,2,7,17,A01
200700046964,0,30,000,00,2,8,01,B02
200700046965,0,07,000,08,0,1,13,A01
200700046966,0,07,000,01,0,1,13,A01
200700046967,0,07,000,00,2,3,13,A01
200700046967,0,07,000,00,2,8,17,B02
200700046968,0,02,000,06,0,8,01,A01
200700046969,0,07,000,00,2,2,01,A01
200700046969,0,02,000,00,2,8,19,B02
200700046970,0,07,000,00,0,1,01,A01
200700046971,0,07,000,00,2,1,01,A01
200700046971,0,03,000,00,2,1,15,B02
200700046972,0,07,000,00,2,1,13,A01
200700046972,0,07,000,00,2,1,21,B02
200700046972,0,07,000,00,2,1,02,C03
200700046973,0,07,000,00,2,3,13,A01
200700046973,0,10,000,00,2,1,01,B02
200700046974,0,07,000,00,1,3,01,A01
200700046975,0,07,000,00,0,3,19,A01
200700046975,0,30,000,00,2,1,01,B02
200700046976,0,07,000,00,0,0,00,A01
200700046976,0,07,000,00,0,3,02,B02
200700046977,0,33,000,00,2,8,17,A01
200700046977,0,07,000,00,2,8,01,B02
200700046977,0,07,000,00,2,8,01,C03
200700046977,0,07,000,00,2,4,01,D04
200700046978,0,10,000,13,0,1,01,A01
200700046979,0,02,000,00,2,1,17,A01
200700046979,0,07,000,00,2,3,01,B02
200700046980,0,07,000,00,2,2,13,A01
200700046980,0,07,000,00,2,1,01,B02
200700046981,0,07,000,00,2,3,13,A01
200700046981,0,07,000,00,2,3,01,B02
200700046982,0,07,000,00,2,1,13,A01
200700046982,0,07,000,00,2,1,01,B02
200700046983,0,07,000,13,0,1,00,A01
200700046984,0,10,000,00,2,2,21,A01
200700046984,0,07,000,00,2,2,13,B02
200700046985,0,07,000,00,2,2,13,A01
200700046985,0,07,000,00,2,2,01,B02
200700046986,0,33,000,00,6,1,01,A01
200700046987,0,07,000,02,0,1,01,A01
200700046988,0,33,000,03,0,2,01,A01
200700046989,0,07,000,00,2,3,15,A01
200700046989,0,33,000,00,2,1,00,B02
200700046990,0,07,000,00,2,1,01,A01
200700046990,0,07,000,00,2,1,15,B02
200700046991,0,33,000,00,2,2,17,A01
200700046991,0,07,000,00,2,3,15,B02
200700046992,0,07,000,00,2,7,15,A01
200700046992,0,33,000,00,2,1,01,B02
200700046993,0,10,000,00,0,1,13,A01
200700046993,0,10,000,00,0,1,01,B02
200700046994,0,33,000,00,2,1,01,A01
200700046994,0,07,000,00,0,7,15,B02
200700046995,0,33,000,00,2,1,01,A01
200700046995,0,07,000,00,0,6,15,B02
200700046996,0,07,000,00,2,1,13,A01
200700046996,0,07,000,00,2,1,01,B02
200700046997,0,33,000,00,2,1,17,A01