Num_Acc,senc,catv,occutc,obs,obsm,choc,manv,num_veh
200700046997,0,07,000,00,0,8,15,B02
200700046998,0,07,000,00,1,3,01,A01
200700046999,0,07,000,02,0,5,01,A01
200700047000,0,07,000,00,2,2,15,A01
200700047000,0,02,000,00,2,1,01,B02
200700047001,0,07,000,00,2,3,15,A01
200700047001,0,32,000,00,2,2,05,B02
200700047002,0,07,000,02,0,1,14,A01
200700047003,0,07,000,00,2,1,01,A01
200700047003,0,07,000,00,2,3,05,B02
200700047004,0,02,000,00,1,1,01,A01
200700047005,0,07,000,00,2,3,13,A01
200700047005,0,07,000,00,2,3,01,B02
200700047005,0,33,000,00,2,1,01,C03
200700047005,0,33,000,00,2,1,01,D04
200700047006,0,07,000,00,9,1,01,A01
200700047006,0,01,000,00,2,1,19,B02
200700047007,0,99,000,13,0,7,01,A01
200700047008,0,07,000,00,2,1,01,A01
200700047008,0,07,000,00,2,3,01,B02
200700047009,0,07,000,00,2,1,01,A01
200700047009,0,07,000,00,2,1,01,B02
200700047010,0,30,000,00,0,7,01,A01
200700047011,0,17,000,00,2,3,01,A01
200700047011,0,01,000,00,2,7,19,B02
200700047012,0,30,000,00,2,1,13,A01
200700047012,0,07,000,00,2,2,01,B02
200700047013,0,07,000,00,2,3,01,A01
200700047013,0,07,000,00,2,1,13,B02
200700047014,0,07,000,00,2,7,15,A01
200700047014,0,02,000,00,2,1,01,B02
200700047015,0,31,000,00,1,1,01,A01
200700047016,0,07,000,08,0,2,01,A01
200700047017,0,07,000,00,2,8,06,A01
200700047017,0,30,000,00,2,1,01,B02
200700047018,0,07,000,00,1,3,01,A01
200700047019,0,07,000,00,2,2,15,A01
200700047019,0,07,000,00,2,1,01,B02
200700047020,0,07,000,08,0,1,01,A01
200700047021,0,10,000,13,0,1,01,A01
200700047022,0,07,000,00,2,3,01,A01
200700047022,0,07,000,00,2,3,01,B02
200700047023,0,33,000,00,2,4,01,A01
200700047023,0,33,000,00,2,1,02,B02
200700047023,0,07,000,00,9,3,01,C03
200700047024,0,07,000,02,0,7,01,A01
200700047025,0,07,000,02,0,1,01,A01
200700047026,0,07,000,00,2,2,01,A01
200700047026,0,02,000,00,2,1,15,B02
200700047027,0,05,000,00,0,1,01,A01
200700047028,0,07,000,13,0,5,01,A01
200700047029,0,07,000,00,2,3,19,A01
200700047029,0,07,000,00,2,1,00,B02
200700047030,0,13,000,00,2,3,13,A01
200700047030,0,07,000,00,2,8,01,B02
200700047031,0,07,000,00,1,1,09,A01
200700047032,0,07,000,00,1,2,01,A01
200700047033,0,07,000,00,2,1,01,A01
200700047033,0,07,000,00,2,2,01,B02
200700047034,0,07,000,08,0,1,01,A01
200700047035,0,07,000,13,0,7,01,A01
200700047036,0,02,000,00,2,1,17,A01
200700047036,0,07,000,00,9,3,15,B02
200700047037,0,14,000,00,2,1,01,A01
200700047037,0,31,000,00,2,1,01,B02
200700047038,0,07,000,13,0,6,01,A01
200700047038,0,01,000,00,0,1,13,B02
200700047039,0,07,000,00,1,3,01,A01
200700047040,0,07,000,00,2,1,01,A01
200700047040,0,07,000,00,2,1,01,B02
200700047040,0,07,000,00,2,6,01,C03
200700047041,0,07,000,00,0,0,00,A01
200700047041,0,10,000,00,2,1,01,B02
200700047042,0,33,000,00,0,0,01,A01
200700047043,0,07,000,06,0,1,14,A01
200700047044,0,30,000,00,2,7,01,A01
200700047044,0,07,000,00,2,1,15,B02
200700047045,0,02,000,00,2,2,17,A01
200700047045,0,07,000,00,2,3,15,B02
200700047046,0,07,000,00,2,3,19,A01
200700047046,0,07,000,00,2,1,01,B02
200700047047,0,07,000,00,2,1,19,A01
200700047047,0,07,000,00,2,8,01,B02
200700047048,0,07,000,00,0,1,01,A01
200700047049,0,07,000,00,2,8,15,A01
200700047049,0,14,000,00,2,1,01,B02
200700047050,0,07,000,00,2,3,13,A01
200700047050,0,01,000,00,2,3,01,B02
200700047051,0,07,000,00,2,3,02,A01
200700047051,0,10,000,00,2,5,15,B02
200700047051,0,07,000,00,2,1,01,C03
200700047052,0,31,000,00,9,1,01,A01
200700047052,0,99,000,00,0,1,19,B02
200700047053,0,33,000,00,0,0,01,A01
200700047054,0,33,000,00,2,1,02,A01
200700047054,0,07,000,00,2,4,02,B02
200700047055,0,01,000,00,2,2,01,A01
200700047055,0,01,000,00,2,1,01,B02
200700047056,0,01,000,14,0,0,01,A01
200700047057,0,30,000,00,2,1,01,A01
200700047057,0,30,000,00,2,1,01,B02
200700047058,0,07,000,06,0,1,01,A01
200700047059,0,07,000,00,1,3,01,A01
200700047059,0,33,000,00,2,3,01,B02
200700047060,0,33,000,00,2,1,01,A01
200700047060,0,10,000,00,2,1,01,B02
200700047061,0,07,000,00,2,1,01,A01
200700047061,0,17,000,00,2,1,01,B02
200700047061,0,07,000,00,2,8,01,C03
200700047062,0,07,000,13,0,1,01,A01
200700047063,0,07,000,00,2,2,01,A01
200700047063,0,14,000,00,2,1,01,B02
200700047063,0,07,000,00,2,1,01,C03
200700047064,0,30,000,06,0,3,00,A01
200700047065,0,07,000,13,0,1,01,A01
200700047066,0,07,000,02,0,2,01,A01
200700047067,0,33,000,13,0,3,01,A01
200700047068,0,07,000,00,2,5,17,A01
200700047068,0,02,000,00,2,6,01,B02
200700047069,0,10,000,03,0,3,13,A01
200700047070,0,07,000,05,0,1,01,A01
200700047071,0,07,000,00,2,1,13,A01
200700047071,0,07,000,00,2,1,00,B02
200700047072,0,07,000,00,2,3,16,A01
200700047072,0,31,000,00,2,1,01,B02
200700047073,0,05,000,00,6,1,01,A01
200700047074,0,32,000,12,0,1,16,A01
200700047075,0,07,000,00,2,1,01,A01
200700047075,0,02,000,00,2,8,15,B02
200700047076,0,02,000,00,2,1,01,A01
200700047076,0,10,000,00,9,3,01,B02
200700047077,0,07,000,00,2,5,15,A01
200700047077,0,02,000,00,2,1,01,B02
200700047078,0,07,000,00,2,3,15,A01
200700047078,0,33,000,00,2,8,01,B02
200700047079,0,07,000,01,0,4,01,A01
200700047079,0,07,000,00,0,4,23,B02
200700047080,0,07,000,03,0,9,01,A01
200700047080,0,07,000,14,0,2,00,B02
200700047081,0,07,000,00,0,2,17,A01
200700047081,0,07,000,00,0,3,15,B02
200700047082,0,07,000,00,0,2,19,A01
200700047082,0,02,000,00,0,1,01,B02
200700047083,0,07,000,00,0,2,01,A01
200700047083,0,07,000,00,0,2,01,B02
200700047084,0,07,000,00,1,7,00,A01
200700047085,0,01,000,00,1,1,13,A01
200700047086,0,07,000,08,0,2,17,A01
200700047087,0,14,000,01,0,2,02,A01
200700047088,0,33,000,13,0,2,01,A01
200700047089,0,07,000,00,9,8,15,A01
200700047089,0,02,000,00,2,1,17,B02
200700047090,0,31,000,00,0,1,01,A01
200700047091,0,10,000,00,9,7,02,A01
200700047091,0,01,000,00,2,8,02,B02
200700047092,0,07,000,02,0,1,00,A01
200700047093,0,07,000,04,0,1,19,A01
200700047093,0,07,000,00,9,1,01,B02
200700047093,0,07,000,00,9,1,01,C03
200700047094,0,07,000,00,2,3,01,A01
200700047094,0,07,000,00,2,3,00,B02
200700047095,0,07,000,00,1,2,01,A01
200700047096,0,33,000,00,2,1,01,A01
200700047096,0,10,000,00,0,5,15,B02
200700047097,0,33,000,00,2,3,01,A01
200700047097,1,10,000,00,2,6,19,B02
200700047098,0,01,000,00,0,6,17,A01
200700047098,0,07,000,00,0,0,00,B02
200700047099,0,07,000,00,1,3,01,A01
200700047100,0,33,000,00,9,1,01,A01
200700047100,0,07,000,00,0,7,19,B02
200700047100,0,07,000,00,0,8,23,C03
200700047101,0,33,000,00,0,0,17,A01
200700047102,0,30,000,16,0,0,00,A01
200700047103,0,01,000,00,2,4,02,A01
200700047103,0,01,000,00,2,1,02,B02
200700047104,0,07,000,00,2,2,19,A01
200700047104,0,30,000,00,2,1,01,B02
200700047105,0,07,000,00,0,9,13,A01
200700047106,0,07,000,02,0,3,01,A01
200700047107,0,07,000,00,2,1,01,A01
200700047107,0,07,000,00,2,7,19,B02
200700047108,0,07,000,00,0,0,00,A01
200700047108,0,07,000,00,2,3,01,B02
200700047109,0,07,000,00,2,2,01,A01
200700047109,0,01,000,00,2,1,19,B02
200700047110,0,02,000,00,2,1,13,A01
200700047110,0,10,000,00,2,3,01,B02
200700047111,0,07,000,00,2,1,01,A01
200700047111,0,07,000,00,2,2,19,B02
200700047112,0,07,000,00,2,2,01,A01
200700047112,0,07,000,00,2,3,00,B02
200700047113,0,07,000,00,2,8,19,A01
200700047113,0,07,000,00,2,1,01,B02
200700047113,0,07,000,00,2,8,01,C03
200700047114,0,33,000,00,0,8,01,A01
200700047115,0,07,000,13,0,3,01,A01
200700047116,0,07,000,00,1,3,01,A01
200700047117,0,07,000,00,2,7,01,A01
200700047117,0,07,000,00,2,1,23,B02
200700047118,0,10,000,00,2,2,11,A01
200700047118,0,10,000,00,2,1,01,B02
200700047119,0,07,000,00,2,3,15,A01
200700047119,0,33,000,00,2,1,01,B02
200700047120,0,31,000,00,2,3,15,A01
200700047120,0,07,000,00,2,8,01,B02
200700047121,0,07,000,00,2,3,13,A01
200700047121,0,15,000,00,2,3,01,B02
200700047122,0,10,000,02,0,8,01,A01
200700047123,0,07,000,06,0,8,01,A01
200700047124,0,10,000,00,2,1,01,A01
200700047124,0,21,000,00,2,4,01,B02
200700047124,0,07,000,00,2,1,01,C03
200700047125,0,01,000,00,2,1,01,A01
200700047125,0,07,000,00,2,1,01,B02
200700047126,0,07,000,00,0,1,01,A01
200700047127,0,07,000,13,0,3,01,A01
200700047128,0,07,000,00,2,1,19,B02
200700047128,0,07,000,00,2,8,01,A01
200700047129,0,30,000,00,1,1,01,A01
200700047130,0,10,000,00,2,3,13,A01
200700047130,0,07,000,00,2,3,02,B02
200700047131,0,07,000,00,9,7,02,A01
200700047131,0,01,000,00,2,8,02,B02
200700047132,0,15,000,00,1,2,01,A01
200700047133,0,07,000,00,2,2,13,A01
200700047133,0,07,000,00,2,3,01,B02
200700047134,0,07,000,00,2,2,02,A01
200700047134,0,21,000,00,2,6,02,B02
200700047135,0,07,000,13,0,1,14,A01
200700047136,0,07,000,08,2,8,17,A01
200700047136,0,07,000,00,1,0,13,B02
200700047137,0,10,000,00,1,2,01,A01
200700047138,0,33,000,13,0,6,01,A01
200700047139,0,07,000,13,0,4,01,A01
200700047140,0,01,000,00,2,1,05,A01
200700047140,0,07,000,00,9,3,01,B02
200700047141,0,07,000,13,0,1,01,A01
200700047142,0,07,000,02,0,1,01,A01
200700047143,0,07,000,13,0,9,01,A01
200700047144,0,07,000,02,0,1,13,A01
200700047145,0,07,000,00,2,1,01,A01
200700047145,0,07,000,00,2,1,01,B02
200700047146,0,07,000,00,2,3,01,A01
200700047146,0,07,000,00,2,3,01,B02
200700047147,0,30,000,00,0,1,01,A01
200700047147,0,07,000,00,0,6,15,B02
200700047148,0,07,000,00,1,1,01,A01
200700047149,0,07,000,00,2,1,15,A01
200700047149,0,07,000,00,2,7,01,B02
200700047150,0,07,000,08,0,3,01,A01
200700047151,0,32,000,13,1,1,11,A01
200700047152,0,01,000,13,0,1,01,A01
200700047153,0,07,000,02,0,2,01,A01
200700047154,0,33,000,00,2,8,01,A01
200700047154,0,07,000,00,2,1,15,B02
200700047155,0,07,000,15,0,3,21,A01
200700047155,0,02,000,00,2,4,01,B02
200700047156,0,15,000,04,0,3,01,A01
200700047157,0,07,000,08,0,1,14,A01
200700047158,0,10,000,00,0,0,13,A01
200700047158,0,07,000,00,2,3,21,B02
200700047158,0,07,000,00,2,3,01,C03
200700047159,0,07,000,13,0,1,01,A01
200700047160,0,07,000,00,2,3,01,A01
200700047160,0,02,000,00,2,3,13,B02
200700047161,0,07,000,11,0,1,13,A01
200700047162,0,07,000,00,2,3,01,A01
200700047162,0,07,000,00,2,1,05,B02
200700047163,0,07,000,00,2,2,17,A01
200700047163,0,02,000,00,2,8,11,B02
200700047164,0,07,000,00,2,2,17,A01
200700047164,0,07,000,00,2,6,17,B02
200700047165,0,07,000,14,0,1,01,A01
200700047166,0,02,000,00,2,1,01,A01
200700047166,0,07,000,00,0,3,19,B02
200700047167,0,07,000,00,2,2,15,A01
200700047167,0,30,000,00,2,1,01,B02
200700047168,0,31,000,00,0,1,01,A01
200700047168,0,07,000,00,2,6,01,B02
200700047169,0,07,000,00,2,1,13,A01
200700047169,0,07,000,00,2,1,01,B02
200700047170,0,33,000,00,2,1,02,A01
200700047170,0,07,000,00,2,4,02,B02
200700047171,0,07,000,00,2,2,13,A01
200700047171,0,10,000,00,2,2,01,B02
200700047172,0,31,000,00,0,0,00,A01
200700047173,0,07,000,00,2,2,02,A01
200700047173,0,02,000,00,2,4,02,B02
200700047174,0,31,000,00,2,1,00,A01
200700047174,0,07,000,00,2,2,00,B02
200700047175,0,07,000,00,2,1,13,A01
200700047175,0,99,000,00,0,3,21,B02
200700047175,0,07,000,00,2,1,01,C03
200700047176,0,07,000,00,2,3,01,A01
200700047176,0,07,000,00,2,3,13,B02
200700047177,0,07,000,00,2,3,13,A01
200700047177,0,07,000,00,2,3,01,B02
200700047178,0,07,000,00,1,2,01,A01
200700047179,0,07,000,00,2,7,15,A01
200700047179,0,07,000,00,2,1,01,B02
200700047180,0,10,000,00,0,6,01,A01
200700047180,0,07,000,00,2,3,13,C03
200700047181,0,10,000,00,2,5,13,A01
200700047181,0,07,000,00,2,2,01,B02
200700047182,0,07,000,00,2,1,15,A01
200700047182,0,07,000,00,2,3,01,B02
200700047183,0,07,000,02,0,7,13,A01
200700047184,0,14,000,00,0,3,01,A01
200700047185,0,07,000,02,0,8,01,A01
200700047186,0,07,000,00,2,1,01,B02
200700047186,0,07,000,00,2,2,15,A01
200700047187,0,07,000,00,2,1,01,A01
200700047187,0,07,000,00,2,3,01,B02
200700047188,0,10,000,00,1,1,01,A01
200700047189,0,07,000,16,0,3,21,A01
200700047190,0,36,000,00,0,3,06,A01
200700047191,0,31,000,00,2,1,02,A01
200700047191,0,07,000,00,2,5,02,B02
200700047192,0,07,000,00,2,3,13,A01
200700047192,0,07,000,00,2,3,01,B02
200700047193,0,07,000,02,0,1,01,A01
200700047194,0,07,000,00,2,1,13,A01
200700047194,0,14,000,00,2,1,01,B02
200700047195,0,07,000,00,2,7,01,A01
200700047195,0,07,000,00,2,1,01,B02
200700047196,0,33,000,00,5,1,01,A01
200700047197,0,07,000,01,0,7,01,A01
200700047197,0,07,000,00,2,8,24,B02
200700047198,0,36,000,00,2,7,01,A01
200700047198,0,21,000,00,2,3,23,B02
200700047199,0,33,000,13,0,3,13,A01
200700047200,0,07,000,00,2,1,17,A01
200700047201,0,07,000,13,0,8,14,A01
200700047202,0,36,000,00,0,0,01,A01
200700047203,0,33,000,00,0,0,01,A01
200700047204,0,07,000,00,1,0,21,A01
200700047205,0,07,000,16,0,3,01,A01
200700047206,0,07,000,00,2,1,02,A01
200700047206,0,21,000,00,0,4,01,B02
200700047207,0,10,000,00,2,3,17,A01
200700047207,0,10,000,00,2,1,02,B02
200700047207,0,07,000,00,2,1,01,C03
200700047207,0,21,000,00,2,1,01,D04
200700047208,0,07,000,00,1,1,01,A01
200700047209,0,07,000,00,0,1,01,A01
200700047209,0,02,000,00,2,4,01,B02
200700047210,0,07,000,00,0,8,19,A01
200700047210,0,07,000,00,0,1,00,B02
200700047211,0,07,000,00,2,1,19,A01
200700047211,0,07,000,00,2,1,01,B02
200700047212,0,07,000,00,2,8,20,A01
200700047212,0,02,000,00,2,1,01,B02
200700047213,0,30,000,03,0,7,01,A01
200700047214,0,07,000,02,0,2,01,A01
200700047215,0,07,000,00,2,1,01,A01
200700047215,0,36,000,00,0,4,15,B02
200700047216,0,07,000,02,0,2,01,A01
200700047217,0,07,000,00,2,3,01,A01
200700047217,0,21,000,00,2,5,01,B02
200700047217,0,07,000,00,2,3,01,C03
200700047218,0,07,000,06,0,1,01,A01
200700047219,0,07,000,13,2,3,13,A01
200700047219,0,07,000,00,2,3,02,B02
200700047219,0,07,000,00,2,1,02,C03
200700047220,0,07,000,02,0,7,01,A01
200700047221,0,33,000,00,2,2,01,A01
200700047221,0,33,000,00,2,6,01,B02
200700047222,0,33,000,00,0,9,01,A01
200700047223,0,07,000,00,2,0,17,A01
200700047223,0,15,000,00,2,3,01,B02
200700047224,0,07,000,00,1,1,16,A01
200700047225,0,07,000,00,2,8,09,A01
200700047225,0,33,000,00,2,1,01,B02
200700047226,0,07,000,00,0,2,02,A01
200700047227,0,07,000,00,2,3,01,A01
200700047227,0,07,000,00,2,3,01,B02
200700047228,0,01,000,13,0,1,01,A01
200700047229,0,07,000,09,0,1,13,A01
200700047230,0,07,000,00,1,2,16,A01
200700047231,0,07,000,13,0,3,13,A01
200700047232,0,33,000,13,0,1,01,A01
200700047233,0,07,000,02,0,3,01,A01
200700047234,0,33,000,00,2,1,13,A01
200700047234,0,07,000,00,2,8,00,B02
200700047235,0,33,000,01,0,1,05,A01
200700047236,0,10,000,00,2,1,13,A01
200700047236,0,10,000,00,2,1,01,B02
200700047237,0,07,000,02,0,1,21,A01
200700047238,0,07,000,02,0,8,13,A01
200700047239,0,07,000,00,2,3,01,A01
200700047239,0,07,000,00,2,3,13,B02
200700047240,0,10,000,02,0,1,01,A01
200700047241,0,15,000,03,0,9,01,A01
200700047242,0,07,000,06,0,2,01,A01
200700047243,0,10,000,00,1,1,01,A01
200700047244,0,33,000,13,0,1,01,A01
200700047245,0,07,000,13,0,3,01,A01
200700047246,0,07,000,00,9,3,15,A01
200700047246,0,01,000,00,2,1,01,B02
200700047247,0,07,000,00,2,7,15,A01
200700047247,0,33,000,00,2,2,01,B02
200700047248,0,07,000,02,0,8,01,A01
200700047249,0,07,000,00,2,5,19,A01
200700047249,0,07,000,00,2,2,01,B02
200700047250,0,07,000,00,2,3,01,A01
200700047250,0,07,000,00,2,3,01,B02
200700047251,0,07,000,02,0,2,14,A01
200700047252,0,17,000,13,0,8,01,A01
200700047253,0,07,000,00,2,8,01,A01
200700047253,0,02,000,00,2,7,14,B02
200700047254,0,07,000,13,0,1,14,A01
200700047255,0,10,000,00,2,3,17,A01
200700047255,0,07,000,00,2,1,01,B02
200700047256,0,07,000,00,2,2,01,A01
200700047256,0,30,000,00,2,1,01,B02
200700047257,0,07,000,02,0,7,13,A01
200700047258,0,07,000,00,0,0,01,A01
200700047259,0,07,000,02,0,1,13,A01
200700047260,0,02,000,00,2,1,16,A01
200700047260,0,10,000,00,0,1,01,B02
200700047261,0,10,000,00,2,3,13,A01
200700047261,0,07,000,00,2,3,01,B02
200700047262,0,33,000,00,2,1,17,A01
200700047262,0,07,000,00,2,6,01,B02
200700047263,0,31,000,06,0,1,15,A01
200700047264,0,07,000,08,0,7,01,A01
200700047265,0,07,000,09,0,1,13,A01
200700047266,0,33,000,00,2,1,17,A01
200700047266,0,07,000,00,2,8,15,B02
200700047267,0,07,000,00,2,1,13,A01
200700047267,0,07,000,00,2,1,01,B02
200700047267,0,07,000,00,2,8,01,C03
200700047268,0,07,000,13,0,1,00,A01
200700047269,0,33,000,00,2,7,01,A01
200700047269,0,07,000,00,2,3,15,B02
200700047270,0,07,000,11,0,3,01,A01
200700047270,0,07,000,11,0,3,13,B02
200700047271,0,07,000,00,2,1,05,A01
200700047271,0,07,000,00,2,1,00,B02
200700047272,0,02,000,00,2,1,17,A01
200700047272,0,07,000,00,2,8,15,B02
200700047273,0,30,000,15,0,0,01,A01
200700047274,0,10,000,00,1,2,13,A01
200700047275,0,33,000,00,2,8,01,A01
200700047275,0,07,000,00,0,4,01,B02
200700047276,0,07,000,00,2,8,17,A01
200700047276,0,07,000,00,2,3,21,B02
200700047277,0,10,000,00,2,3,01,A01
200700047277,0,07,000,00,2,3,01,B02
200700047278,0,31,000,00,1,0,01,A01
200700047279,0,07,000,00,2,7,13,A01
200700047279,0,07,000,00,2,2,01,B02
200700047280,0,07,000,00,2,1,01,A01
200700047280,0,07,000,00,2,4,01,B02
200700047281,0,30,000,03,0,1,01,A01
200700047282,0,07,000,00,2,4,15,A01
200700047283,0,07,000,00,2,1,15,A01
200700047283,0,07,000,00,2,1,01,B02
200700047284,0,33,000,01,0,1,00,A01
200700047285,0,30,000,00,0,0,00,A01
200700047286,0,10,000,00,2,1,13,A01
200700047286,0,10,000,00,2,1,01,B02
200700047286,0,07,000,03,0,2,21,C03
200700047286,0,07,000,00,2,8,01,D04
200700047287,0,07,000,00,2,7,13,A01
200700047287,0,07,000,00,2,8,01,B02
200700047287,0,07,000,00,2,3,01,C03
200700047287,0,10,000,15,0,3,00,D04
200700047288,0,33,000,13,0,5,01,A01
200700047289,0,33,000,00,2,1,01,A01
200700047289,0,07,000,00,2,3,01,B02
200700047290,0,07,000,00,2,2,09,A01
200700047290,0,01,000,00,2,1,01,B02
200700047291,0,07,000,00,2,6,17,A01
200700047291,0,02,000,16,2,8,15,B02
200700047292,0,36,000,00,2,1,16,A01
200700047292,0,15,000,00,2,8,15,B02
200700047293,0,07,000,00,2,5,15,A01
200700047293,0,07,000,00,2,1,00,B02
200700047294,0,07,000,00,2,1,15,A01
200700047294,0,33,000,00,2,1,01,B02
200700047295,0,33,000,00,0,7,01,A01
200700047296,0,07,000,00,2,3,01,A01
200700047296,0,07,000,00,2,1,01,B02
200700047297,0,03,000,00,2,1,13,A01
200700047297,0,07,000,00,2,1,13,B02
200700047298,0,07,000,02,0,9,01,A01
200700047299,0,33,000,00,2,8,13,A01
200700047299,0,10,000,00,2,8,01,B02
200700047300,0,07,000,00,2,7,01,A01
200700047300,0,07,000,00,2,1,01,B02
200700047301,0,07,000,00,2,7,01,A01
200700047301,0,07,000,00,2,3,01,B02
200700047301,0,07,000,00,2,3,01,C03
200700047302,0,07,000,08,0,7,01,A01
200700047303,0,07,000,02,6,9,01,A01
200700047304,0,37,000,09,0,3,01,A01
200700047305,0,30,000,00,2,1,01,A01
200700047305,0,10,000,00,2,3,19,B02
200700047306,0,07,000,00,1,2,00,A01
200700047307,0,07,000,00,2,7,15,A01
200700047307,0,33,000,00,2,1,01,B02
200700047308,0,07,000,02,0,7,14,A01
200700047309,0,30,000,00,2,1,17,A01
200700047309,0,07,000,00,2,3,01,B02
200700047310,0,07,000,00,2,7,17,A01
200700047310,0,21,000,00,2,3,15,B02
200700047311,0,07,000,00,2,1,13,A01
200700047311,0,07,000,00,2,1,01,B02
200700047312,0,10,000,00,2,1,19,A01
200700047312,0,10,000,00,0,8,01,B02
200700047313,0,07,000,00,1,3,01,A01
200700047314,0,07,000,00,0,1,13,A01
200700047315,0,13,000,00,2,1,01,B02
200700047315,0,13,000,00,2,8,01,A01
200700047316,0,07,000,00,2,8,01,A01
200700047316,0,30,000,00,2,7,02,B02
200700047317,0,07,000,00,9,2,15,A01
200700047317,0,01,000,00,2,1,19,B02
200700047318,0,07,000,00,2,3,15,A01
200700047318,0,02,000,00,2,8,01,B02
200700047319,0,07,000,10,0,1,01,A01
200700047320,0,07,000,13,0,3,01,A01
200700047321,0,31,000,00,2,7,01,A01
200700047321,0,10,000,00,9,2,01,B02
200700047322,0,07,000,00,2,3,01,A01
200700047322,0,30,000,00,2,3,01,B02
200700047323,0,07,000,13,0,1,01,A01
200700047324,0,07,000,00,2,5,13,A01
200700047324,0,33,000,00,2,2,05,B02
200700047324,0,33,000,00,2,1,05,C03
200700047325,0,07,000,00,2,8,01,A01
200700047325,0,10,000,00,2,8,01,B02
200700047326,0,07,000,00,2,8,13,A01
200700047326,0,07,000,00,2,8,01,B02
200700047327,0,10,000,00,1,3,13,A01
200700047328,0,07,000,13,0,8,01,A01
200700047329,0,07,000,00,1,1,16,A01
200700047330,0,32,000,00,0,0,01,A01
200700047330,0,07,000,00,0,0,15,B02
200700047331,0,07,000,00,2,1,15,A01
200700047331,0,01,000,00,2,1,01,B02
200700047332,0,07,000,02,0,1,01,A01
200700047333,0,33,000,00,0,2,16,A01
200700047334,0,07,000,13,0,2,13,A01
200700047335,0,07,000,02,0,8,01,A01
200700047336,0,07,000,00,2,1,01,A01
200700047336,0,30,000,00,2,1,13,B02
200700047337,0,33,000,06,0,1,01,A01
200700047338,0,31,000,09,0,1,17,A01
200700047339,0,14,000,00,2,1,15,A01
200700047339,0,33,000,00,2,1,01,B02
200700047340,0,07,000,00,1,3,00,A01
200700047341,0,02,000,02,0,1,01,A01
200700047342,0,33,000,16,0,7,01,A01
200700047343,0,99,000,00,0,0,01,A01
200700047344,0,07,000,00,2,3,17,A01
200700047344,0,07,000,00,2,3,21,B02
200700047345,0,07,000,00,2,1,05,A01
200700047345,0,07,000,00,2,1,01,B02
200700047346,0,07,000,00,2,2,15,A01
200700047346,0,33,000,00,2,1,01,B02
200700047347,0,07,000,00,2,3,13,A01
200700047347,0,13,000,00,2,2,01,B02
200700047348,0,07,000,01,0,1,01,A01
200700047349,0,07,000,00,0,3,13,A01
200700047349,0,17,000,00,2,3,14,B02
200700047350,0,07,000,06,0,1,01,A01
200700047351,0,07,000,00,2,8,09,A01
200700047351,0,13,000,00,2,3,00,B02
200700047352,0,33,000,00,2,1,21,A01
200700047352,0,07,000,00,2,6,02,B02
200700047353,0,07,000,10,0,1,01,A01
200700047354,0,31,000,00,2,1,02,A01
200700047354,0,31,000,00,2,1,02,B02
200700047354,0,31,000,00,2,4,02,C03
200700047355,0,07,000,02,0,1,17,A01
200700047356,0,07,000,00,0,5,19,A01
200700047356,0,02,000,00,2,1,01,B02
200700047357,0,07,000,00,2,1,13,A01
200700047357,0,07,000,00,2,3,01,B02
200700047358,0,33,000,00,2,1,01,A01
200700047358,0,01,000,00,0,8,19,B02
200700047359,0,07,000,13,0,9,01,A01
200700047360,0,07,000,02,0,7,01,A01
200700047361,0,07,000,02,0,3,01,A01
200700047362,0,30,000,00,2,1,13,A01
200700047362,0,30,000,00,2,1,01,B02
200700047363,0,07,000,13,0,3,01,A01
200700047364,0,07,000,00,2,2,15,A01
200700047364,0,30,000,00,2,1,01,B02
200700047365,0,03,000,00,2,7,19,A01
200700047365,0,07,000,00,2,2,01,B02
200700047365,0,07,000,00,2,1,01,C03
200700047366,0,07,000,00,2,2,15,A01
200700047366,0,01,000,00,2,1,01,B02
200700047367,0,32,000,00,0,0,01,A01
200700047368,0,10,000,00,1,3,16,A01
200700047369,0,30,000,03,0,1,14,A01
200700047370,0,07,000,00,2,3,13,A01
200700047370,0,07,000,00,2,3,01,B02
200700047371,0,17,000,00,0,3,00,A01
200700047371,0,10,000,00,0,3,21,B02
200700047372,0,07,000,00,2,3,13,A01
200700047372,0,07,000,00,2,3,01,B02
200700047373,0,33,000,00,2,1,21,A01
200700047373,0,14,000,00,0,3,01,B02
200700047374,0,33,000,00,2,3,01,A01
200700047374,0,10,000,00,2,8,01,B02
200700047375,0,02,000,00,2,3,16,A01
200700047375,0,14,000,00,2,6,01,B02
200700047376,0,33,000,00,2,3,01,A01
200700047376,0,21,000,00,2,8,01,B02
200700047377,0,07,000,00,2,2,19,B02
200700047377,0,33,000,00,2,1,01,A01
200700047378,0,07,000,00,2,8,19,A01
200700047378,0,07,000,00,2,1,01,B02
200700047379,0,02,000,00,2,7,19,A01
200700047379,0,30,000,00,2,2,19,B02
200700047379,0,30,000,00,2,1,01,C03
200700047380,0,03,000,02,0,1,01,A01
200700047381,0,10,000,00,2,3,01,A01
200700047381,0,07,000,00,2,1,01,B02
200700047382,0,33,000,00,2,8,10,A01
200700047382,0,33,000,00,2,1,21,B02
200700047383,0,07,000,02,0,5,01,A01
200700047384,0,33,000,13,0,1,13,A01
200700047385,0,07,000,00,9,3,13,A01
200700047385,0,33,000,00,2,1,01,B02
200700047386,0,07,000,00,2,3,19,A01
200700047386,0,33,000,00,2,1,01,B02