Num_Acc,senc,catv,occutc,obs,obsm,choc,manv,num_veh
200700047387,0,07,000,00,2,3,19,A01
200700047387,0,30,000,00,2,1,01,B02
200700047388,0,10,000,00,2,3,19,A01
200700047388,0,07,000,00,2,8,01,B02
200700047389,0,07,000,00,2,3,01,A01
200700047389,0,07,000,00,2,3,01,B02
200700047390,0,07,000,00,2,1,01,A01
200700047390,0,07,000,00,0,6,06,B02
200700047391,0,07,000,00,2,3,01,A01
200700047391,0,07,000,00,2,3,01,B02
200700047392,0,07,000,13,2,1,21,A01
200700047393,0,07,000,13,0,9,01,A01
200700047394,0,07,000,00,2,1,02,A01
200700047394,0,30,000,00,0,8,19,B02
200700047395,0,30,000,00,0,1,05,A01
200700047395,0,07,000,00,0,3,01,B02
200700047396,0,02,000,08,0,1,00,A01
200700047397,0,07,000,01,1,1,01,A01
200700047397,0,07,000,00,2,6,23,B02
200700047398,0,02,000,00,2,7,02,A01
200700047398,0,17,000,00,2,8,01,B02
200700047399,0,07,000,00,2,3,09,A01
200700047399,0,30,000,00,2,2,12,B02
200700047400,0,07,000,00,0,2,01,A01
200700047401,0,07,000,00,1,2,01,A01
200700047402,0,31,000,06,0,1,14,A01
200700047403,0,10,000,00,2,1,17,A01
200700047403,0,07,000,00,0,8,15,B02
200700047404,0,07,000,00,2,3,01,A01
200700047404,0,30,000,00,2,7,06,B02
200700047405,0,07,000,13,0,1,01,A01
200700047406,0,07,000,00,2,1,13,A01
200700047406,0,07,000,00,2,1,01,B02
200700047407,0,07,000,00,1,1,01,A01
200700047408,0,30,000,00,2,1,01,A01
200700047408,0,07,000,00,2,2,15,B02
200700047409,0,07,000,00,2,1,01,A01
200700047409,0,07,000,00,2,3,13,B02
200700047410,0,01,000,13,0,1,21,A01
200700047410,0,21,000,00,0,0,15,B02
200700047411,0,30,000,00,2,1,19,A01
200700047411,0,07,000,00,2,3,01,B02
200700047412,0,07,000,13,0,1,16,A01
200700047413,0,10,000,00,0,0,19,A01
200700047413,0,30,000,00,2,1,01,B02
200700047414,0,07,000,13,0,9,16,A01
200700047415,0,07,000,13,0,3,01,A01
200700047416,0,07,000,00,2,1,01,A01
200700047416,0,07,000,00,2,8,15,B02
200700047417,0,07,000,00,2,8,19,A01
200700047417,0,33,000,00,2,1,01,B02
200700047418,0,07,000,00,2,3,15,A01
200700047418,0,32,000,00,2,1,17,B02
200700047419,0,07,000,06,0,2,01,A01
200700047420,0,33,000,00,2,1,01,A01
200700047420,0,07,000,00,2,2,15,B02
200700047421,0,07,000,00,2,5,10,A01
200700047421,0,07,000,00,2,2,21,B02
200700047422,0,07,000,13,0,7,01,A01
200700047423,0,10,000,00,2,3,19,A01
200700047423,0,07,000,00,2,2,01,B02
200700047423,0,01,000,00,2,3,01,C03
200700047424,0,07,000,13,0,1,01,A01
200700047425,0,30,000,00,2,0,01,A01
200700047426,0,07,000,13,0,9,14,A01
200700047427,0,33,000,00,2,1,13,A01
200700047427,0,07,000,00,2,1,01,B02
200700047428,0,33,000,00,2,1,02,A01
200700047428,0,10,000,00,2,4,15,B02
200700047429,0,07,000,00,2,1,13,A01
200700047429,0,07,000,00,2,1,01,B02
200700047430,0,31,000,00,2,0,15,A01
200700047430,0,30,000,00,2,1,01,B02
200700047431,0,33,000,00,2,8,13,A01
200700047431,0,13,000,00,2,8,00,B02
200700047432,0,07,000,00,2,3,13,A01
200700047432,0,07,000,00,2,3,01,B02
200700047433,0,07,000,00,2,3,01,A01
200700047433,0,07,000,00,2,3,01,B02
200700047434,0,07,000,00,2,2,09,A01
200700047434,0,33,000,08,2,1,01,B02
200700047435,0,07,000,00,2,2,01,A01
200700047435,0,31,000,00,2,8,15,B02
200700047436,0,07,000,00,0,3,15,A01
200700047436,0,31,000,00,0,8,01,B02
200700047437,0,10,000,00,1,1,19,A01
200700047437,0,01,000,00,2,8,01,B02
200700047438,0,07,000,02,0,1,01,A01
200700047439,0,07,000,13,0,1,13,A01
200700047440,0,02,000,16,0,1,01,A01
200700047441,0,07,000,00,2,1,13,A01
200700047441,0,15,000,00,2,3,01,B02
200700047442,0,30,000,01,0,1,23,A01
200700047442,0,07,000,00,9,6,01,B02
200700047443,0,07,000,00,2,3,17,A01
200700047443,0,02,000,00,2,1,01,B02
200700047444,0,07,000,06,0,2,00,A01
200700047445,0,33,000,00,0,1,00,A01
200700047446,0,10,000,00,2,1,13,A01
200700047446,0,07,000,00,2,1,01,B02
200700047447,0,07,000,00,0,7,01,A01
200700047448,0,07,000,00,2,3,15,A01
200700047448,0,33,000,00,2,1,01,B02
200700047449,0,07,000,13,0,3,13,A01
200700047450,0,33,000,00,0,0,00,A01
200700047450,0,07,000,00,2,1,00,B02
200700047450,0,07,000,00,2,7,13,C03
200700047451,0,07,000,00,2,1,01,A01
200700047451,0,07,000,00,2,3,01,B02
200700047452,0,10,000,00,2,6,17,A01
200700047452,0,33,000,00,2,2,17,B02
200700047453,0,14,000,00,2,6,15,A01
200700047453,0,07,000,00,2,2,01,B02
200700047454,0,14,000,00,2,3,09,A01
200700047454,0,33,000,00,2,8,01,B02
200700047455,0,33,000,00,2,1,01,A01
200700047455,0,07,000,00,2,4,16,B02
200700047456,0,33,000,00,2,1,17,A01
200700047456,0,07,000,00,2,3,01,B02
200700047457,0,36,000,03,0,2,15,A01
200700047458,0,07,000,00,2,8,13,A01
200700047458,0,10,000,00,2,1,01,B02
200700047459,0,07,000,13,0,1,01,A01
200700047460,0,07,000,00,2,4,01,A01
200700047460,0,33,000,00,2,1,01,B02
200700047461,0,02,000,00,0,0,01,A01
200700047462,0,07,000,00,2,1,13,A01
200700047462,0,17,000,00,2,1,01,B02
200700047463,0,07,000,00,2,8,15,A01
200700047463,0,07,000,00,2,1,01,B02
200700047464,0,07,000,06,1,5,00,A01
200700047465,0,30,000,00,2,1,01,A01
200700047465,0,07,000,00,2,3,01,B02
200700047466,0,07,000,00,2,6,10,A01
200700047466,0,33,000,00,2,1,17,B02
200700047467,0,07,000,02,0,1,00,A01
200700047468,0,07,000,06,0,9,01,A01
200700047469,0,07,000,00,2,1,01,A01
200700047469,0,07,000,00,2,3,01,B02
200700047470,0,07,000,02,0,1,01,A01
200700047471,0,07,000,02,0,3,01,A01
200700047472,0,07,000,10,0,1,01,A01
200700047473,0,33,000,00,0,3,13,A01
200700047473,0,07,000,00,2,3,01,B02
200700047474,0,03,000,02,0,1,01,A01
200700047475,0,33,000,00,2,1,02,A01
200700047475,0,01,000,00,0,6,11,B02
200700047476,0,30,000,14,0,0,01,A01
200700047477,0,07,000,00,0,3,21,A01
200700047478,0,10,000,00,0,5,09,A01
200700047478,0,33,000,00,2,1,02,B02
200700047479,0,07,000,00,2,3,15,A01
200700047479,0,33,000,00,2,1,01,B02
200700047480,0,33,000,00,2,1,01,B02
200700047480,0,07,000,00,2,6,15,A01
200700047481,0,07,000,00,2,2,01,A01
200700047481,0,02,000,00,2,1,13,B02
200700047482,0,31,000,00,2,1,21,A01
200700047482,0,31,000,00,2,8,15,B02
200700047483,0,07,000,00,0,1,01,B02
200700047483,0,14,000,00,0,2,01,A01
200700047484,0,31,000,00,0,2,01,A01
200700047485,0,30,000,00,2,1,01,A01
200700047485,0,21,000,00,2,8,23,B02
200700047486,0,07,000,00,9,3,01,A01
200700047486,0,30,000,00,2,3,16,B02
200700047487,0,07,000,00,2,1,06,A01
200700047487,0,07,000,00,2,4,01,B02
200700047487,0,07,000,00,2,1,01,C03
200700047487,0,07,000,13,0,4,01,D04
200700047488,0,07,000,13,0,4,02,A01
200700047488,0,07,000,13,2,1,02,B02
200700047489,0,17,000,00,2,1,05,A01
200700047489,0,07,000,00,2,6,01,B02
200700047489,0,07,000,00,2,1,01,C03
200700047489,0,07,000,00,2,3,05,D04
200700047489,0,07,000,00,2,8,01,E05
200700047490,0,07,000,00,0,0,01,A01
200700047490,0,99,000,00,2,3,00,B02
200700047490,0,07,000,00,2,3,01,C03
200700047490,0,07,000,00,2,3,01,D04
200700047491,0,07,000,00,2,1,01,A01
200700047491,0,07,000,00,0,8,01,B02
200700047492,0,07,000,00,0,4,15,A01
200700047492,0,07,000,00,2,1,01,B02
200700047493,0,07,000,00,2,1,13,A01
200700047493,0,07,000,00,2,1,01,B02
200700047494,0,30,000,00,2,1,15,A01
200700047494,0,07,000,00,2,2,01,B02
200700047495,0,10,000,06,0,3,01,A01
200700047496,0,07,000,16,0,9,01,A01
200700047497,0,07,000,00,2,1,01,A01
200700047497,0,07,000,00,2,8,11,B02
200700047497,0,07,000,00,0,0,15,C03
200700047498,0,10,000,00,2,1,06,A01
200700047498,0,01,000,00,2,3,01,B02
200700047499,0,33,000,08,0,7,01,A01
200700047500,0,07,000,00,2,8,15,A01
200700047500,0,31,000,00,2,1,01,B02
200700047501,0,07,000,06,0,8,05,A01
200700047502,0,30,000,00,2,3,11,A01
200700047502,0,07,000,00,2,7,17,B02
200700047503,0,07,000,00,2,3,15,A01
200700047503,0,01,000,00,2,8,01,B02
200700047504,0,31,000,13,0,4,01,A01
200700047505,0,01,000,00,0,4,01,A01
200700047505,0,10,000,00,9,3,02,B02
200700047506,0,07,000,00,0,8,10,A01
200700047506,0,07,000,00,2,7,02,B02
200700047507,0,07,000,13,0,1,13,A01
200700047508,0,07,000,00,2,1,01,A01
200700047508,0,07,000,00,2,4,01,B02
200700047509,0,36,000,00,0,8,01,A01
200700047510,0,07,000,06,0,1,14,A01
200700047510,0,10,000,00,0,0,00,B02
200700047511,0,31,000,08,0,1,01,A01
200700047512,0,31,000,00,0,0,01,A01
200700047513,0,07,000,06,0,8,01,A01
200700047514,0,21,000,00,0,3,01,A01
200700047514,0,31,000,00,2,4,13,B02
200700047515,0,07,000,00,0,2,13,A01
200700047515,0,14,000,00,2,1,00,B02
200700047516,0,33,000,00,2,1,13,A01
200700047516,0,07,000,00,2,1,01,B02
200700047517,0,21,000,00,0,3,01,A01
200700047517,0,02,000,00,2,1,01,B02
200700047518,0,07,000,00,1,3,00,A01
200700047518,0,07,000,00,1,3,00,B02
200700047519,0,33,000,00,2,1,01,A01
200700047519,0,07,000,00,2,3,19,B02
200700047520,0,07,000,13,0,1,01,A01
200700047521,0,21,000,00,2,3,01,A01
200700047521,0,31,000,00,2,1,01,B02
200700047522,0,33,000,00,2,7,17,A01
200700047522,0,07,000,00,2,3,15,B02
200700047523,0,07,000,02,0,8,01,A01
200700047524,0,07,000,00,2,8,19,A01
200700047524,0,33,000,00,2,1,01,B02
200700047525,0,10,000,00,2,6,04,A01
200700047525,0,10,000,00,2,3,01,B02
200700047526,0,07,000,00,2,3,01,A01
200700047526,0,17,000,00,2,3,01,B02
200700047527,0,07,000,00,0,7,00,A01
200700047528,0,07,000,02,0,3,00,A01
200700047529,0,07,000,00,0,9,13,A01
200700047530,0,07,000,00,1,1,01,A01
200700047531,0,07,000,00,2,3,01,A01
200700047531,0,07,000,00,2,3,01,B02
200700047532,0,02,000,00,2,6,19,A01
200700047532,0,07,000,00,2,3,01,B02
200700047533,0,02,000,14,0,4,01,A01
200700047534,0,07,000,00,2,1,01,A01
200700047534,0,07,000,00,2,3,01,B02
200700047535,0,07,000,00,2,2,15,A01
200700047535,0,07,000,00,2,1,01,B02
200700047536,0,07,000,02,0,3,01,A01
200700047537,0,33,000,00,0,7,01,A01
200700047538,0,07,000,02,0,0,01,A01
200700047539,0,33,000,00,0,1,13,A01
200700047540,0,10,000,00,1,0,04,A01
200700047541,0,03,000,00,0,0,00,A01
200700047541,0,07,000,00,2,2,01,B02
200700047542,0,35,000,01,0,1,02,A01
200700047542,0,35,000,00,0,4,00,B02
200700047543,0,07,000,00,0,1,01,A01
200700047543,0,07,000,00,0,1,01,B02
200700047544,0,07,000,00,2,3,00,A01
200700047544,0,38,000,00,2,3,00,B02
200700047545,0,07,000,08,0,3,01,A01
200700047546,0,07,000,00,2,8,13,A01
200700047546,0,07,000,00,2,8,01,B02
200700047546,0,17,000,00,0,0,17,C03
200700047547,0,07,000,00,1,9,13,A01
200700047548,0,07,000,00,2,4,15,A01
200700047548,0,33,000,00,2,1,17,B02
200700047549,0,07,000,00,2,2,19,A01
200700047549,0,33,000,00,2,1,01,B02
200700047550,0,07,000,00,2,7,01,A01
200700047550,0,07,000,00,2,8,01,B02
200700047551,0,10,000,00,0,1,01,A01
200700047552,0,33,000,13,0,1,01,A01
200700047553,0,07,000,00,2,1,01,B02
200700047553,0,07,000,00,2,2,01,A01
200700047554,0,33,000,00,2,1,17,A01
200700047554,0,07,000,00,2,1,01,B02
200700047555,0,07,000,00,1,3,13,A01
200700047556,0,30,000,00,0,1,02,A01
200700047557,0,07,000,00,0,7,10,A01
200700047557,0,33,000,00,2,1,01,B02
200700047558,0,10,000,00,1,4,04,A01
200700047559,0,33,000,00,2,1,02,A01
200700047559,0,07,000,00,9,3,02,B02
200700047560,0,07,000,00,2,1,13,A01
200700047560,0,07,000,00,2,1,21,B02
200700047561,0,07,000,13,0,1,14,A01
200700047562,0,07,000,00,1,2,01,A01
200700047563,0,07,000,00,2,3,01,A01
200700047563,0,07,000,00,2,1,13,B02
200700047564,0,07,000,00,2,3,13,A01
200700047564,0,17,000,00,2,3,01,B02
200700047565,0,07,000,02,0,1,01,A01
200700047566,0,07,000,16,0,1,01,A01
200700047567,0,07,000,00,0,3,00,A01
200700047568,0,07,000,00,2,7,01,A01
200700047568,0,07,000,00,2,1,01,B02
200700047569,0,33,000,00,0,0,13,A01
200700047570,0,02,000,00,2,2,01,A01
200700047570,0,21,000,00,2,1,19,B02
200700047571,0,07,000,00,0,4,02,A01
200700047571,0,07,000,00,2,1,02,B02
200700047572,0,30,000,09,0,3,15,A01
200700047572,0,30,000,00,0,3,00,B02
200700047573,0,33,000,00,0,1,01,A01
200700047573,0,31,000,00,0,7,01,B02
200700047574,0,07,000,00,2,1,01,A01
200700047574,0,33,000,00,2,1,01,B02
200700047575,0,07,000,00,2,3,01,A01
200700047575,0,07,000,00,2,1,09,B02
200700047576,0,02,000,00,2,1,19,A01
200700047576,0,07,000,00,2,7,01,B02
200700047577,0,07,000,00,2,1,02,A01
200700047577,0,17,000,00,2,1,02,B02
200700047578,0,30,000,00,2,1,01,A01
200700047578,0,07,000,00,2,2,13,B02
200700047579,0,30,000,12,0,1,01,A01
200700047580,0,07,000,00,1,3,01,A01
200700047581,0,02,000,00,2,1,01,A01
200700047581,0,07,000,00,0,8,01,B02
200700047582,0,07,000,15,0,3,01,A01
200700047583,0,10,000,00,2,4,01,A01
200700047583,0,17,000,00,0,4,01,B02
200700047584,0,07,000,00,2,2,15,A01
200700047584,0,07,000,00,2,1,01,B02
200700047584,0,07,000,00,2,2,23,C03
200700047585,0,07,000,00,2,3,15,A01
200700047585,0,31,000,00,2,1,01,B02
200700047586,0,07,000,08,0,1,13,A01
200700047587,0,07,000,00,1,1,01,A01
200700047588,0,07,000,06,0,2,01,A01
200700047589,0,07,000,00,2,2,17,A01
200700047589,0,30,000,00,2,8,15,B02
200700047590,0,07,000,00,0,3,16,A01
200700047591,0,07,000,00,2,2,01,A01
200700047591,0,21,000,00,2,3,09,B02
200700047592,0,33,000,00,0,4,01,A01
200700047593,0,07,000,00,1,6,15,A01
200700047594,0,30,000,00,0,6,15,A01
200700047594,0,30,000,00,0,1,17,B02
200700047595,0,07,000,06,0,3,01,A01
200700047596,0,07,000,08,0,7,00,A01
200700047597,0,07,000,13,0,4,01,A01
200700047598,0,07,000,00,2,3,01,A01
200700047598,0,07,000,00,2,3,01,B02
200700047599,0,07,000,00,2,2,01,B02
200700047599,0,07,000,00,2,5,19,A01
200700047600,0,07,000,00,1,3,02,A01
200700047601,0,31,000,00,2,8,13,A01
200700047601,0,07,000,00,2,3,01,B02
200700047602,0,07,000,00,2,1,01,A01
200700047602,0,01,000,00,2,0,09,B02
200700047603,0,33,000,03,0,0,01,A01
200700047604,0,07,000,02,0,3,00,A01
200700047605,0,07,000,04,0,8,01,A01
200700047606,0,35,000,00,0,6,01,A01
200700047606,0,31,000,00,0,1,01,B02
200700047607,0,33,000,13,0,1,01,A01
200700047608,0,33,000,16,0,0,01,A01
200700047609,0,10,000,00,2,2,15,A01
200700047609,0,31,000,00,2,1,01,B02
200700047610,0,21,000,00,0,0,01,A01
200700047611,0,07,000,02,0,6,01,A01
200700047612,0,07,000,00,2,2,15,A01
200700047612,0,33,000,00,2,1,01,B02
200700047613,0,07,000,00,0,6,12,A01
200700047614,0,33,000,00,6,1,01,A01
200700047615,0,02,000,00,2,8,01,A01
200700047615,0,07,000,00,2,7,17,B02
200700047616,0,10,000,03,0,7,01,A01
200700047617,0,36,000,00,2,1,19,A01
200700047617,0,07,000,00,2,1,01,B02
200700047618,0,07,000,00,2,1,01,B02
200700047618,0,07,000,00,2,8,19,A01
200700047619,0,07,000,00,2,2,01,A01
200700047619,0,02,000,00,2,6,10,B02
200700047620,0,07,000,00,2,4,13,A01
200700047620,0,07,000,00,2,1,01,B02
200700047621,0,07,000,00,2,1,01,A01
200700047621,0,07,000,00,2,1,00,B02
200700047622,0,07,000,02,0,1,01,A01
200700047623,0,07,000,00,2,3,13,A01
200700047623,0,07,000,00,2,1,01,B02
200700047623,0,07,000,00,2,1,23,C03
200700047624,0,07,000,00,0,8,01,A01
200700047624,0,02,000,00,2,1,15,B02
200700047625,0,07,000,00,2,8,15,A01
200700047625,0,33,000,00,2,2,17,B02
200700047626,0,33,000,00,2,1,02,A01
200700047626,0,07,000,00,0,4,02,B02
200700047627,0,07,000,16,0,2,15,A01
200700047628,0,33,000,00,2,1,01,A01
200700047628,0,30,000,00,0,2,15,B02
200700047629,0,07,000,00,2,3,15,A01
200700047629,0,07,000,00,2,2,01,B02
200700047630,0,07,000,00,2,2,10,A01
200700047630,0,33,000,00,2,1,01,B02
200700047631,0,33,000,06,0,1,13,A01
200700047632,0,07,000,00,2,2,15,A01
200700047632,0,01,000,00,2,0,01,B02
200700047633,0,07,000,00,2,1,01,A01
200700047633,0,07,000,00,2,1,15,B02
200700047634,0,10,000,00,5,1,01,A01
200700047635,0,07,000,02,0,8,01,A01
200700047636,0,07,000,01,0,1,01,A01
200700047637,0,33,000,00,0,7,18,A01
200700047638,0,33,000,12,0,1,01,A01
200700047639,0,33,000,16,0,1,17,A01
200700047640,0,07,000,00,2,8,19,A01
200700047640,0,07,000,00,2,3,01,B02
200700047641,0,07,000,00,9,1,15,A01
200700047641,0,01,000,00,2,1,01,B02
200700047642,0,30,000,00,2,3,13,A01
200700047642,0,30,000,00,2,3,01,B02
200700047643,0,07,000,02,0,1,01,A01
200700047644,0,07,000,00,1,3,00,A01
200700047645,0,07,000,03,0,3,13,A01
200700047646,0,07,000,00,9,2,00,A01
200700047646,0,01,000,00,2,0,00,B02
200700047647,0,30,000,00,2,1,01,A01
200700047647,0,07,000,00,0,6,15,B02
200700047648,0,33,000,00,2,1,13,A01
200700047648,0,07,000,00,2,8,01,B02
200700047648,0,33,000,00,2,1,01,C03
200700047649,0,07,000,02,0,1,17,A01
200700047650,0,07,000,00,2,8,19,A01
200700047650,0,33,000,00,2,1,01,B02
200700047651,0,07,000,00,2,2,01,A01
200700047651,0,07,000,00,2,2,13,B02
200700047652,0,10,000,00,1,6,20,A01
200700047653,0,21,000,00,0,7,00,A01
200700047654,0,07,000,02,0,3,01,A01
200700047655,0,30,000,00,6,1,02,A01
200700047656,0,02,000,00,0,9,01,A01
200700047657,0,07,000,02,0,1,01,A01
200700047658,0,07,000,00,1,1,16,A01
200700047659,0,07,000,00,1,2,01,A01
200700047660,0,33,000,00,2,1,17,A01
200700047660,0,07,000,00,2,3,15,B02
200700047661,0,07,000,00,2,3,15,A01
200700047661,0,30,000,00,2,1,01,B02
200700047662,0,33,000,00,6,1,15,A01
200700047663,0,33,000,00,2,1,02,A01
200700047663,0,07,000,00,2,4,02,B02
200700047664,0,31,000,00,0,1,13,A01
200700047665,0,07,000,00,2,1,17,A01
200700047665,0,07,000,00,2,1,15,B02
200700047666,0,07,000,00,2,1,05,A01
200700047666,0,07,000,00,2,1,01,B02
200700047667,0,07,000,06,0,1,01,A01
200700047668,0,07,000,00,2,2,01,A01
200700047668,0,17,000,00,2,8,01,B02
200700047669,0,07,000,00,2,3,13,A01
200700047669,0,07,000,00,2,3,01,B02
200700047669,0,07,000,03,0,0,01,C03
200700047670,0,07,000,00,2,3,15,A01
200700047670,0,07,000,00,2,1,16,B02
200700047671,0,07,000,03,0,1,15,A01
200700047672,0,07,000,02,0,3,13,A01
200700047673,0,02,000,08,0,3,01,A01
200700047674,0,07,000,00,2,8,10,A01
200700047674,0,33,000,00,2,1,01,B02
200700047675,0,21,000,00,2,3,11,A01
200700047675,0,07,000,00,2,3,01,B02
200700047676,0,31,000,03,0,1,02,A01
200700047677,0,07,000,00,2,7,01,A01
200700047677,0,01,000,00,2,1,00,B02
200700047677,0,01,000,00,2,1,00,C03
200700047678,0,30,000,06,0,8,13,A01
200700047679,0,07,000,00,2,1,13,A01
200700047679,0,33,000,00,2,3,01,B02
200700047680,0,30,000,00,2,1,13,A01
200700047680,0,07,000,00,2,1,13,B02
200700047681,0,07,000,13,0,1,01,A01
200700047682,0,31,000,00,2,1,02,A01
200700047682,0,07,000,00,2,4,02,B02
200700047683,0,33,000,08,0,1,01,A01
200700047684,0,10,000,00,2,2,01,A01
200700047684,0,07,000,00,2,3,19,B02
200700047685,0,07,000,00,1,2,01,A01
200700047686,0,33,000,00,2,1,02,A01
200700047686,0,10,000,00,2,8,02,B02
200700047687,0,07,000,08,0,5,01,A01
200700047688,0,32,000,00,1,1,17,A01
200700047688,0,07,000,00,2,3,23,B02
200700047689,0,07,000,00,2,3,13,A01
200700047689,0,07,000,00,2,3,01,B02
200700047690,0,07,000,00,2,3,01,B02
200700047690,0,07,000,00,2,5,01,A01
200700047691,0,17,000,00,0,0,01,A01
200700047691,0,33,000,00,9,0,02,B02
200700047692,0,07,000,00,0,1,01,A01
200700047693,0,07,000,13,0,2,01,A01
200700047694,0,07,000,00,0,5,01,A01
200700047694,0,30,000,00,2,1,16,B02
200700047695,0,10,000,00,0,0,01,A01
200700047695,0,07,000,13,9,1,01,B02
200700047696,0,07,000,02,0,1,01,A01
200700047697,0,07,000,06,0,1,01,A01
200700047698,0,02,000,00,2,1,19,A01
200700047698,0,07,000,00,0,0,01,B02
200700047699,0,07,000,00,1,7,01,A01
200700047700,0,33,000,00,2,8,13,A01
200700047700,0,07,000,00,2,7,21,B02
200700047701,0,07,000,00,9,2,15,A01
200700047701,0,02,000,00,2,1,01,B02
200700047702,0,07,000,00,1,7,01,A01
200700047703,0,07,000,16,0,9,00,A01
200700047704,0,07,000,00,2,1,15,A01
200700047704,0,30,000,00,2,8,01,B02
200700047705,0,07,000,00,2,8,19,A01
200700047705,0,10,000,00,2,1,01,B02
200700047706,0,10,000,00,0,6,00,A01
200700047707,0,07,000,00,0,0,00,A01
200700047708,0,07,000,00,2,7,19,A01
200700047708,0,07,000,00,2,1,01,B02
200700047708,0,10,000,00,2,3,23,C03
200700047709,0,07,000,00,2,1,13,A01
200700047709,0,07,000,00,2,1,01,B02
200700047710,0,07,000,13,0,3,01,A01
200700047711,0,07,000,00,9,1,14,A01
200700047712,0,07,000,02,0,1,14,A01
200700047713,0,07,000,00,2,2,01,A01
200700047713,0,07,000,00,2,2,01,B02
200700047714,0,07,000,00,2,3,01,A01
200700047714,0,02,000,00,0,6,15,B02
200700047715,0,07,000,00,1,3,01,A01
200700047716,0,07,000,00,2,8,01,A01
200700047716,0,07,000,00,2,1,19,B02
200700047717,0,07,000,00,2,9,13,A01
200700047717,0,07,000,00,2,1,01,B02
200700047717,0,07,000,00,2,3,01,C03
200700047718,0,07,000,00,0,3,00,A01
200700047718,0,07,000,00,0,3,00,B02
200700047719,0,07,000,00,0,1,01,A01
200700047720,0,07,000,00,1,2,01,A01
200700047721,0,07,000,02,0,2,01,A01
200700047722,0,33,000,00,2,1,13,A01
200700047722,0,33,000,00,2,7,00,B02
200700047722,0,33,000,02,0,1,00,C03
200700047722,0,07,000,08,9,1,00,D04
200700047722,0,07,000,00,2,1,00,E05
200700047723,0,07,000,02,0,7,01,A01
200700047724,0,07,000,02,0,9,01,A01
200700047725,0,07,000,00,1,2,00,A01
200700047726,0,07,000,00,2,2,01,A01
200700047726,0,07,000,00,2,2,19,B02
200700047727,0,33,000,00,2,8,16,A01
200700047727,0,07,000,00,2,2,01,B02
200700047728,0,07,000,00,2,3,01,A01
200700047728,0,07,000,00,2,3,01,B02
200700047729,0,10,000,00,2,3,01,A01
200700047729,0,14,000,00,2,3,01,B02
200700047730,0,07,000,00,0,8,15,A01
200700047730,0,07,000,00,0,7,17,B02
200700047731,0,33,000,16,0,0,01,A01
200700047732,0,02,000,06,0,3,19,A01
200700047733,0,07,000,06,0,3,01,A01
200700047734,0,02,000,00,2,1,02,A01
200700047734,0,07,000,00,2,5,23,B02
200700047735,0,07,000,02,0,1,01,A01
200700047736,0,31,000,00,1,1,17,A01
200700047737,0,31,000,00,2,1,21,A01
200700047737,0,07,000,00,2,1,01,B02
200700047738,0,30,000,02,0,1,13,A01
200700047739,0,07,000,00,0,1,15,A01
200700047739,0,33,000,00,0,1,01,B02
200700047740,0,07,000,00,2,1,13,A01
200700047740,0,07,000,00,2,1,01,B02
200700047741,0,07,000,06,0,1,00,A01
200700047742,0,30,000,00,2,4,13,A01
200700047742,0,33,000,00,2,1,17,B02
200700047743,0,07,000,13,0,1,01,A01
200700047744,0,07,000,13,0,3,13,A01
200700047745,0,33,000,00,2,1,01,A01
200700047745,0,07,000,00,2,8,23,B02
200700047745,0,07,000,00,0,3,23,C03
200700047745,0,07,000,00,2,1,19,D04
200700047746,0,07,000,00,2,1,01,A01
200700047746,0,07,000,00,2,3,01,B02
200700047747,0,30,000,06,0,1,01,A01
200700047748,0,07,000,00,0,3,23,A01
200700047748,0,07,000,00,2,1,01,B02
200700047748,0,07,000,00,0,2,15,C03
200700047749,0,07,000,00,1,8,09,A01
200700047749,0,01,000,00,2,1,01,B02
200700047750,0,33,000,13,0,0,01,A01
200700047751,0,07,000,00,2,0,01,A01
200700047751,0,07,000,00,2,1,01,B02
200700047752,0,07,000,01,1,2,01,A01
200700047752,0,07,000,00,2,6,23,B02
200700047753,0,07,000,06,0,1,01,A01
200700047754,0,07,000,00,2,3,13,A01
200700047754,0,07,000,00,2,3,01,B02
200700047755,0,07,000,13,0,3,01,A01
200700047756,0,07,000,00,2,3,01,A01
200700047756,0,07,000,00,2,5,15,B02
200700047756,0,07,000,00,2,3,05,C03
200700047757,0,07,000,00,2,6,13,A01
200700047757,0,07,000,00,2,1,01,B02
200700047758,0,07,000,00,2,5,19,A01
200700047758,0,07,000,00,2,1,01,B02
200700047759,0,07,000,00,1,3,01,A01
200700047760,0,07,000,02,0,3,01,A01
200700047761,0,07,000,00,2,3,01,A01
200700047761,0,07,000,00,2,2,00,B02
200700047762,0,07,000,13,0,2,13,A01
200700047763,0,07,000,00,2,1,01,A01
200700047763,0,07,000,00,2,2,01,B02
200700047764,0,07,000,00,2,3,01,A01
200700047764,0,31,000,00,2,2,15,B02
200700047765,0,07,000,00,2,3,01,A01
200700047765,0,10,000,00,2,8,01,B02
200700047766,0,02,000,00,0,2,01,A01
200700047767,0,07,000,00,0,1,01,A01
200700047768,0,07,000,00,2,2,05,A01
200700047768,0,01,000,00,2,1,01,B02
200700047769,0,07,000,00,0,0,01,A01
200700047769,0,07,000,08,2,1,17,B02
200700047770,0,07,000,00,2,8,10,A01
200700047770,0,33,000,00,2,1,01,B02
200700047771,0,07,000,00,2,3,01,A01
200700047771,0,30,000,00,2,1,19,B02
200700047772,0,07,000,13,0,9,14,A01