Num_Acc,senc,catv,occutc,obs,obsm,choc,manv,num_veh
200700047773,0,07,000,16,0,0,01,A01
200700047774,0,33,000,00,0,0,01,A01
200700047775,0,07,000,07,0,1,14,A01
200700047776,0,31,000,16,0,0,01,A01
200700047777,0,02,000,00,0,0,00,A01
200700047777,0,33,000,00,2,1,01,B02
200700047778,0,31,000,06,0,7,02,A01
200700047779,0,07,000,00,2,1,13,A01
200700047779,0,07,000,00,2,1,01,B02
200700047780,0,07,000,00,0,0,00,A01
200700047781,0,07,000,00,2,2,15,A01
200700047781,0,07,000,00,2,2,01,B02
200700047782,0,30,000,00,2,1,01,A01
200700047782,0,07,000,00,2,3,15,B02
200700047783,0,07,000,00,2,3,17,A01
200700047783,0,01,000,00,2,1,01,B02
200700047784,0,07,000,00,2,2,01,A01
200700047784,0,01,000,00,2,1,05,B02
200700047785,0,07,000,00,2,7,01,A01
200700047786,0,07,000,00,2,8,01,A01
200700047786,0,33,000,02,2,1,13,B02
200700047787,0,07,000,00,1,1,01,A01
200700047788,0,07,000,00,2,8,19,A01
200700047788,0,07,000,00,2,1,01,B02
200700047789,0,07,000,00,1,1,01,A01
200700047790,0,33,000,13,0,9,01,A01
200700047791,0,07,000,00,2,3,01,A01
200700047791,0,01,000,00,2,1,15,B02
200700047792,0,07,000,00,2,3,13,A01
200700047792,0,07,000,00,2,3,01,B02
200700047793,0,33,000,13,0,8,21,A01
200700047794,0,07,000,13,0,3,01,A01
200700047795,0,33,000,00,2,1,01,A01
200700047795,0,10,000,00,0,3,19,B02
200700047796,0,07,000,00,2,7,13,A01
200700047796,0,07,000,00,2,6,01,B02
200700047796,0,07,000,00,2,1,01,C03
200700047797,0,07,000,06,0,2,00,A01
200700047798,0,07,000,00,2,3,15,A01
200700047798,0,02,000,00,2,1,01,B02
200700047799,0,07,000,02,0,8,01,A01
200700047800,0,07,000,00,2,7,13,A01
200700047800,0,07,000,00,2,1,01,B02
200700047801,0,10,000,00,2,1,01,A01
200700047801,0,14,000,00,2,3,01,B02
200700047802,0,02,000,00,6,1,01,A01
200700047803,0,33,000,00,2,1,01,A01
200700047803,0,10,000,00,2,2,19,B02
200700047804,0,07,000,00,2,2,01,A01
200700047804,0,02,000,00,2,1,15,B02
200700047805,0,07,000,00,1,3,01,A01
200700047806,0,31,000,13,0,2,14,A01
200700047807,0,07,000,00,2,1,01,A01
200700047807,0,02,000,00,2,1,05,B02
200700047808,0,07,000,00,2,3,13,A01
200700047808,0,14,000,00,2,3,01,B02
200700047809,0,33,000,00,2,2,02,A01
200700047809,0,10,000,00,2,4,01,B02
200700047810,0,07,000,00,0,0,01,A01
200700047810,0,07,000,00,2,1,01,B02
200700047811,0,07,000,00,2,1,13,A01
200700047811,0,07,000,00,2,1,01,B02
200700047812,0,07,000,00,1,6,04,A01
200700047813,0,07,000,00,2,8,19,A01
200700047813,0,02,000,00,2,1,01,B02
200700047814,0,02,000,14,0,0,01,A01
200700047814,0,02,000,00,0,0,23,B02
200700047815,0,07,000,02,0,8,01,A01
200700047816,0,07,000,13,0,8,01,A01
200700047817,0,07,000,13,0,7,02,A01
200700047818,0,07,000,00,2,1,17,A01
200700047818,0,02,000,00,2,8,09,B02
200700047819,0,02,000,00,2,1,13,A01
200700047819,0,07,000,00,2,3,01,B02
200700047820,0,02,000,00,2,1,13,A01
200700047820,0,07,000,00,2,8,01,B02
200700047821,0,07,000,00,2,3,13,A01
200700047821,0,07,000,00,2,3,01,B02
200700047822,0,07,000,00,2,3,01,A01
200700047822,0,02,000,00,2,1,05,B02
200700047823,0,01,000,00,2,1,01,A01
200700047823,0,14,000,00,2,5,18,B02
200700047824,0,30,000,00,2,1,18,A01
200700047824,0,07,000,00,2,7,16,B02
200700047825,0,02,000,00,2,2,01,A01
200700047825,0,21,000,00,2,1,19,B02
200700047826,0,02,000,00,2,1,05,A01
200700047826,0,02,000,00,2,1,01,B02
200700047827,0,02,000,02,0,3,02,A01
200700047828,0,07,000,16,0,1,01,A01
200700047829,0,14,000,00,2,0,00,A01
200700047829,0,14,000,00,2,4,02,B02
200700047830,0,07,000,04,0,9,01,A01
200700047831,0,17,000,00,2,1,02,A01
200700047831,0,17,000,00,0,4,01,B02
200700047832,0,17,000,04,0,3,01,A01
200700047833,0,07,000,00,2,2,14,A01
200700047833,0,10,000,00,2,7,01,B02
200700047834,0,07,000,04,2,3,21,A01
200700047834,0,17,000,00,2,3,01,B02
200700047835,0,14,000,03,0,0,01,A01
200700047836,0,07,000,00,2,1,03,A01
200700047836,0,07,000,00,2,4,01,B02
200700047836,0,17,000,00,2,6,01,C03
200700047837,0,07,000,00,2,1,02,A01
200700047837,0,07,000,00,2,4,02,B02
200700047837,0,07,000,00,2,7,02,C03
200700047838,0,33,000,00,2,1,00,A01
200700047838,0,07,000,00,2,2,00,B02
200700047839,0,07,000,00,2,1,01,A01
200700047839,0,07,000,00,2,2,01,B02
200700047840,0,07,000,02,0,7,01,A01
200700047841,0,14,000,00,0,7,15,A01
200700047842,0,07,000,00,2,1,01,A01
200700047842,0,07,000,00,2,1,13,B02
200700047843,0,07,000,00,2,3,01,A01
200700047843,0,07,000,00,2,1,13,B02
200700047844,0,07,000,13,0,1,13,A01
200700047845,0,07,000,00,2,3,02,A01
200700047845,0,07,000,00,2,3,02,B02
200700047846,0,07,000,00,2,3,01,A01
200700047846,0,07,000,00,2,3,01,B02
200700047847,0,30,000,12,0,1,19,A01
200700047848,0,07,000,00,2,3,01,A01
200700047848,0,14,000,00,2,3,01,B02
200700047849,0,31,000,03,0,7,01,A01
200700047850,0,01,000,00,2,0,01,A01
200700047850,0,14,000,00,9,5,01,B02
200700047850,0,07,000,00,9,2,01,C03
200700047851,0,07,000,00,2,2,01,A01
200700047851,0,07,000,00,2,4,01,B02
200700047852,0,07,000,00,2,3,09,A01
200700047852,0,07,000,00,2,2,01,B02
200700047853,0,07,000,02,0,1,01,A01
200700047854,0,07,000,00,2,2,11,A01
200700047854,0,07,000,00,2,3,01,B02
200700047855,0,33,000,00,0,7,01,A01
200700047856,0,07,000,00,2,3,15,A01
200700047856,0,33,000,00,2,1,01,B02
200700047857,0,07,000,00,0,0,19,A01
200700047857,0,07,000,00,2,0,01,B02
200700047857,0,07,000,00,2,4,01,C03
200700047857,0,07,000,00,2,1,01,D04
200700047857,0,07,000,00,2,1,01,E05
200700047858,0,07,000,00,2,3,15,A01
200700047858,0,31,000,00,2,1,01,B02
200700047859,0,33,000,00,0,1,17,A01
200700047860,0,07,000,02,0,1,00,A01
200700047861,0,07,000,00,2,1,13,A01
200700047861,0,07,000,00,2,1,01,B02
200700047862,0,03,000,00,2,7,01,A01
200700047862,0,01,000,00,2,8,01,B02
200700047863,0,10,000,00,2,1,01,A01
200700047863,0,07,000,00,0,7,01,B02
200700047864,0,07,000,00,2,1,13,A01
200700047864,0,10,000,00,2,1,00,B02
200700047865,0,33,000,00,2,1,02,A01
200700047865,0,07,000,00,2,4,02,B02
200700047866,0,30,000,10,0,1,01,A01
200700047867,0,07,000,02,0,5,01,A01
200700047868,0,07,000,00,2,5,15,A01
200700047868,0,33,000,00,2,1,01,B02
200700047869,0,07,000,00,2,2,01,A01
200700047869,0,15,000,00,2,7,01,B02
200700047870,0,07,000,01,0,1,01,A01
200700047870,0,07,000,16,0,1,23,B02
200700047871,0,31,000,00,0,8,14,A01
200700047872,0,33,000,00,0,8,17,A01
200700047873,0,07,000,05,0,1,14,A01
200700047874,0,30,000,13,0,1,01,A01
200700047875,0,07,000,00,2,2,01,A01
200700047875,0,07,000,00,2,3,19,B02
200700047876,0,07,000,02,0,7,14,A01
200700047877,0,07,000,00,2,1,02,A01
200700047877,0,01,000,00,2,4,02,B02
200700047878,0,07,000,00,2,3,01,B02
200700047878,0,07,000,00,2,3,15,A01
200700047879,0,31,000,13,0,2,01,A01
200700047880,0,07,000,02,0,6,13,A01
200700047881,0,07,000,00,2,1,01,A01
200700047881,0,07,000,00,2,7,16,B02
200700047882,0,10,000,00,2,2,01,A01
200700047882,0,10,000,00,2,3,13,B02
200700047883,0,10,000,01,0,3,01,A01
200700047883,0,10,000,00,2,3,24,B02
200700047884,0,07,000,16,0,2,01,A01
200700047885,0,10,000,00,2,3,13,A01
200700047885,0,10,000,00,2,3,01,B02
200700047886,0,07,000,13,0,9,01,A01
200700047887,0,30,000,00,2,8,13,A01
200700047887,0,07,000,00,2,8,01,B02
200700047888,0,33,000,00,0,1,15,A01
200700047889,0,33,000,03,0,2,14,A01
200700047890,1,07,000,00,0,3,00,A01
200700047890,0,30,000,00,0,8,01,B02
200700047891,0,07,000,00,2,3,01,A01
200700047891,0,33,000,00,2,1,01,B02
200700047891,0,07,000,00,2,6,01,C03
200700047892,0,30,000,00,0,7,14,A01
200700047893,0,07,000,00,2,3,15,A01
200700047893,0,02,000,00,2,7,01,B02
200700047894,0,07,000,00,0,2,00,A01
200700047895,0,07,000,02,0,1,01,A01
200700047896,0,33,000,04,0,2,01,A01
200700047897,0,07,000,13,0,3,01,A01
200700047898,0,07,000,00,0,6,01,A01
200700047898,0,01,000,00,2,1,01,B02
200700047899,0,07,000,06,0,3,01,A01
200700047900,0,07,000,00,2,3,01,A01
200700047900,0,07,000,00,2,3,15,B02
200700047901,0,10,000,01,1,2,01,A01
200700047901,0,10,000,00,0,3,23,B02
200700047902,0,32,000,00,2,2,13,A01
200700047902,0,07,000,00,2,8,01,B02
200700047903,0,07,000,01,0,1,20,A01
200700047903,0,07,000,00,2,4,24,B02
200700047904,0,07,000,00,2,3,01,A01
200700047904,0,02,000,00,2,1,17,B02
200700047905,0,01,000,00,2,8,15,A01
200700047905,0,07,000,00,0,5,17,B02
200700047906,0,07,000,00,1,2,01,A01
200700047907,0,07,000,00,2,1,05,A01
200700047907,0,14,000,00,2,3,01,B02
200700047908,0,30,000,04,0,1,01,A01
200700047909,0,02,000,00,0,3,01,A01
200700047910,0,33,000,13,0,3,00,A01
200700047911,0,07,000,00,0,9,01,A01
200700047912,0,07,000,10,0,3,21,A01
200700047912,1,07,000,00,0,0,13,B02
200700047913,0,33,000,00,2,1,17,A01
200700047913,0,07,000,00,2,4,15,B02
200700047914,0,01,000,00,0,1,13,A01
200700047914,0,33,000,00,0,1,01,B02
200700047915,0,07,000,00,0,6,09,A01
200700047915,0,33,000,00,2,3,01,B02
200700047916,0,10,000,00,0,7,15,A01
200700047916,0,33,000,00,0,1,01,B02
200700047916,0,07,000,00,0,3,00,C03
200700047917,0,33,000,00,2,1,05,A01
200700047917,0,07,000,00,2,2,01,B02
200700047918,0,10,000,00,0,2,15,A01
200700047918,0,10,000,00,0,1,01,B02
200700047919,0,07,000,00,2,3,01,A01
200700047919,0,33,000,00,2,1,14,B02
200700047920,0,07,000,02,0,3,00,A01
200700047921,0,07,000,00,2,1,01,A01
200700047921,0,07,000,00,0,4,01,B02
200700047922,0,33,000,10,0,3,01,A01
200700047923,0,33,000,03,0,2,01,A01
200700047924,0,07,000,00,2,2,01,A01
200700047924,0,07,000,00,2,3,01,B02
200700047924,0,07,000,00,0,6,23,C03
200700047924,0,07,000,00,0,6,23,D04
200700047925,0,07,000,13,0,1,01,A01
200700047926,0,99,000,00,0,9,01,A01
200700047927,0,07,000,00,0,9,13,A01
200700047928,0,07,000,08,0,1,01,A01
200700047929,0,07,000,00,1,3,00,A01
200700047930,0,99,000,00,2,1,01,A01
200700047931,0,07,000,02,0,0,00,A01
200700047932,0,33,000,00,2,3,13,A01
200700047932,0,07,000,00,2,3,01,B02
200700047933,0,07,000,00,0,1,17,A01
200700047934,0,33,000,00,2,9,17,A01
200700047934,0,07,000,00,2,3,01,B02
200700047935,0,10,000,00,2,1,15,A01
200700047935,0,10,000,00,2,7,01,B02
200700047936,0,07,000,03,0,6,02,A01
200700047936,0,34,000,03,0,1,02,B02
200700047937,0,33,000,00,2,1,17,A01
200700047937,0,07,000,00,2,8,15,B02
200700047938,0,07,000,00,2,3,19,A01
200700047938,0,31,000,00,2,1,15,B02
200700047939,0,07,000,00,2,8,10,A01
200700047939,0,33,000,00,2,1,01,B02
200700047940,0,32,000,00,2,1,17,A01
200700047940,0,07,000,00,2,3,09,B02
200700047941,0,99,000,00,2,1,01,A01
200700047941,0,07,000,00,2,3,01,B02
200700047942,0,02,000,00,2,1,17,A01
200700047942,0,10,000,00,2,8,15,B02
200700047943,0,07,000,00,2,8,15,A01
200700047943,0,31,000,00,2,1,17,B02
200700047944,0,30,000,00,2,1,01,A01
200700047944,0,07,000,00,2,8,20,B02
200700047945,0,07,000,00,2,4,01,A01
200700047945,0,33,000,00,2,1,02,B02
200700047946,0,07,000,00,2,3,10,A01
200700047946,0,02,000,00,2,1,17,B02
200700047947,0,07,000,00,2,1,01,A01
200700047947,0,07,000,00,2,1,13,B02
200700047948,0,02,000,00,0,0,00,A01
200700047948,0,07,000,00,2,4,01,B02
200700047949,0,31,000,02,0,1,01,A01
200700047950,0,99,000,00,2,3,10,A01
200700047950,0,30,000,00,2,1,17,B02
200700047951,0,10,000,00,2,3,15,A01
200700047951,0,32,000,00,2,2,01,B02
200700047952,0,07,000,02,0,1,00,A01
200700047953,0,02,000,08,0,2,01,A01
200700047954,0,33,000,00,2,2,17,A01
200700047954,0,07,000,00,2,3,15,B02
200700047955,0,30,000,01,0,1,14,A01
200700047956,0,33,000,00,2,1,01,A01
200700047956,0,07,000,00,2,2,19,B02
200700047957,0,30,000,00,2,1,01,A01
200700047957,0,07,000,00,9,5,01,B02
200700047958,0,32,000,00,2,3,13,A01
200700047958,0,07,000,00,2,3,01,B02
200700047959,0,33,000,13,0,1,17,A01
200700047960,0,07,000,00,2,3,15,A01
200700047960,0,31,000,00,2,2,17,B02
200700047961,0,07,000,00,1,2,01,A01
200700047961,0,01,000,00,0,8,19,B02
200700047962,0,33,000,03,0,1,09,A01
200700047963,0,07,000,00,2,2,15,A01
200700047963,0,33,000,00,2,1,01,B02
200700047964,0,07,000,00,2,8,01,A01
200700047964,0,31,000,00,2,8,13,B02
200700047965,0,07,000,00,2,3,13,A01
200700047965,0,33,000,00,2,8,01,B02
200700047965,0,33,000,13,0,9,01,C03
200700047966,0,10,000,00,0,6,15,A01
200700047966,0,33,000,00,2,1,17,B02
200700047967,0,07,000,00,2,1,17,A01
200700047967,0,07,000,00,2,1,01,B02
200700047967,0,07,000,00,2,8,01,C03
200700047968,0,07,000,00,0,7,13,A01
200700047968,0,10,000,00,2,3,01,B02
200700047969,0,07,000,00,2,8,09,A01
200700047969,0,07,000,00,2,2,01,B02
200700047970,0,02,000,02,0,1,01,A01
200700047971,0,31,000,00,2,1,01,A01
200700047971,0,07,000,00,2,7,19,B02
200700047972,0,10,000,01,0,2,17,A01
200700047972,0,14,000,00,0,6,24,B02
200700047972,0,07,000,00,2,8,21,C03
200700047973,0,07,000,00,2,1,02,A01
200700047973,0,07,000,00,0,4,15,B02
200700047974,0,07,000,00,2,3,13,A01
200700047974,0,10,000,00,2,3,01,B02
200700047975,0,30,000,00,0,3,01,A01
200700047976,0,10,000,08,0,1,13,A01
200700047977,0,07,000,00,2,3,13,A01
200700047977,0,15,000,00,2,3,01,B02
200700047978,0,07,000,06,0,8,14,A01
200700047979,0,33,000,00,0,1,14,A01
200700047980,0,31,000,15,0,4,01,A01
200700047981,0,07,000,06,0,1,01,A01
200700047982,0,10,000,00,1,2,01,A01
200700047983,0,02,000,00,2,1,01,A01
200700047983,0,10,000,00,2,2,15,B02
200700047984,0,07,000,08,0,1,01,A01
200700047985,0,07,000,01,0,2,14,A01
200700047985,0,07,000,01,0,6,24,B02
200700047986,0,02,000,00,1,1,21,A01
200700047987,0,07,000,13,0,7,01,A01
200700047988,0,07,000,00,1,3,01,A01
200700047989,0,10,000,00,2,4,02,A01
200700047989,0,33,000,00,2,1,02,B02
200700047990,0,07,000,00,2,7,09,A01
200700047990,0,30,000,00,2,1,09,B02
200700047991,0,33,000,00,0,0,01,A01
200700047992,0,07,000,00,0,0,00,A01
200700047992,0,99,000,00,2,3,01,B02
200700047993,0,07,000,00,2,3,15,A01
200700047994,0,07,000,02,0,9,14,A01
200700047995,0,07,000,00,2,1,13,A01
200700047995,0,07,000,00,2,1,01,B02
200700047996,0,07,000,00,2,1,05,A01
200700047996,0,07,000,00,2,1,01,B02
200700047997,0,07,000,06,0,8,01,A01
200700047998,0,02,000,13,0,1,14,A01
200700047999,0,07,000,00,2,3,13,A01
200700047999,0,17,000,00,2,3,01,B02
200700048000,0,07,000,06,0,1,01,A01
200700048001,0,07,000,00,2,2,01,A01
200700048001,0,02,000,00,2,1,01,B02
200700048002,0,07,000,16,0,9,13,A01
200700048003,0,17,000,00,1,2,01,A01
200700048004,0,02,000,00,2,1,01,A01
200700048004,0,07,000,00,2,8,15,B02
200700048005,0,07,000,04,0,1,13,A01
200700048006,0,33,000,00,2,9,00,A01
200700048006,0,07,000,00,2,1,01,B02
200700048007,0,10,000,00,2,3,13,A01
200700048007,0,10,000,00,2,3,01,B02
200700048008,0,07,000,02,0,8,01,A01
200700048009,0,31,000,08,0,7,01,A01
200700048010,0,07,000,00,2,1,01,A01
200700048010,0,07,000,00,2,1,13,B02
200700048011,0,30,000,16,0,2,01,A01
200700048012,0,07,000,15,0,1,13,A01
200700048013,0,33,000,00,2,1,01,A01
200700048013,0,01,000,00,2,7,19,B02
200700048014,0,07,000,00,2,3,13,A01
200700048014,0,07,000,00,2,3,01,B02
200700048015,0,33,000,00,0,1,17,A01
200700048015,0,07,000,00,0,5,15,B02
200700048016,0,07,000,00,2,1,01,A01
200700048016,0,07,000,00,2,3,15,B02
200700048017,0,07,000,06,0,9,01,A01
200700048018,0,07,000,00,2,1,05,A01
200700048018,0,07,000,00,2,1,01,B02
200700048019,0,07,000,00,2,1,01,C03
200700048019,0,07,000,00,2,1,01,A01
200700048019,0,07,000,00,2,1,00,B02
200700048020,0,07,000,13,0,2,01,A01
200700048021,0,07,000,13,0,9,15,A01
200700048022,0,07,000,14,0,1,01,A01
200700048023,0,07,000,00,2,5,01,A01
200700048023,0,07,000,00,2,1,01,B02
200700048023,0,07,000,00,2,1,23,C03
200700048024,0,07,000,00,1,2,01,A01
200700048025,0,07,000,00,2,3,02,A01
200700048025,0,31,000,00,2,1,01,B02
200700048026,0,07,000,00,0,6,15,A01
200700048026,0,31,000,00,0,1,17,B02
200700048027,0,07,000,00,2,3,13,A01
200700048027,0,07,000,00,2,1,01,B02
200700048028,0,30,000,06,0,1,01,A01
200700048029,0,07,000,00,0,3,09,A01
200700048029,0,33,000,00,0,1,01,B02
200700048030,0,10,000,00,0,8,01,A01
200700048031,0,07,000,00,2,8,10,A01
200700048031,0,07,000,00,2,1,01,B02
200700048032,0,33,000,00,2,1,01,A01
200700048032,0,07,000,00,2,4,01,B02
200700048033,0,33,000,00,2,1,01,A01
200700048033,0,14,000,00,9,1,01,B02
200700048034,0,33,000,00,0,8,01,A01
200700048035,0,07,000,06,0,3,01,A01
200700048036,0,07,000,00,2,3,19,A01
200700048036,0,30,000,00,2,1,01,B02
200700048037,0,33,000,00,0,8,01,A01
200700048038,0,07,000,00,2,7,17,A01
200700048038,0,02,000,00,2,8,15,B02
200700048039,0,07,000,02,0,8,01,A01
200700048040,0,07,000,00,2,2,17,A01
200700048040,0,07,000,00,2,6,01,B02
200700048041,0,07,000,00,2,0,00,A01
200700048041,0,07,000,00,2,0,00,B02
200700048041,0,07,000,00,2,0,00,C03
200700048041,0,07,000,03,2,1,01,D04
200700048042,0,99,000,00,2,1,02,A01
200700048042,0,99,000,00,2,4,02,B02
200700048042,0,99,000,00,2,4,02,C03
200700048043,0,07,000,00,2,1,19,A01
200700048043,0,07,000,00,2,7,01,B02
200700048044,0,07,000,00,1,6,04,A01
200700048045,0,07,000,00,9,3,19,A01
200700048046,0,07,000,06,0,1,01,A01
200700048047,0,33,000,00,2,1,17,A01
200700048047,0,99,000,00,2,6,23,B02
200700048048,0,07,000,00,1,2,01,A01
200700048049,0,07,000,00,9,7,14,A01
200700048049,0,07,000,00,9,3,01,B02
200700048049,0,01,000,00,2,9,01,C03
200700048050,0,07,000,00,2,1,13,A01
200700048050,0,07,000,00,2,1,01,B02
200700048051,0,07,000,00,1,3,01,A01
200700048052,0,10,000,00,2,1,13,A01
200700048052,0,10,000,00,2,1,01,B02
200700048053,0,07,000,00,2,3,15,A01
200700048053,0,07,000,00,2,3,01,B02
200700048054,0,33,000,00,0,8,01,A01
200700048055,0,33,000,00,2,1,01,A01
200700048056,0,07,000,13,0,9,01,A01
200700048057,0,33,000,00,2,1,01,A01
200700048057,0,01,000,00,2,3,19,B02
200700048058,0,33,000,12,0,1,06,A01
200700048059,0,07,000,02,0,7,01,A01
200700048060,0,07,000,00,2,5,13,A01
200700048060,0,07,000,00,2,1,01,B02
200700048061,0,14,000,13,0,1,06,A01
200700048062,0,07,000,00,2,1,01,A01
200700048062,0,07,000,00,2,1,15,B02
200700048063,0,07,000,00,0,1,01,A01
200700048064,0,07,000,00,1,2,01,A01
200700048065,0,07,000,00,2,1,01,A01
200700048065,0,07,000,00,2,8,00,B02
200700048066,0,07,000,00,2,1,01,A01
200700048066,0,07,000,00,2,1,01,B02
200700048067,0,07,000,00,2,1,15,A01
200700048067,0,07,000,00,2,8,01,B02
200700048068,0,07,000,00,2,6,01,A01
200700048068,0,07,000,00,2,1,01,B02
200700048068,0,33,000,00,2,1,13,C03
200700048069,0,07,000,00,2,3,13,A01
200700048069,0,07,000,00,2,1,00,B02
200700048070,0,07,000,00,1,1,01,A01
200700048071,0,07,000,01,0,8,00,A01
200700048072,0,07,000,00,2,2,17,A01
200700048072,0,14,000,00,2,3,15,B02
200700048073,0,07,000,00,2,3,15,A01
200700048073,0,31,000,00,2,1,17,B02
200700048074,0,31,000,00,6,1,01,A01
200700048075,0,07,000,00,0,5,16,A01
200700048075,0,31,000,00,2,1,01,B02
200700048076,0,07,000,00,2,3,15,A01
200700048076,0,02,000,00,2,1,01,B02
200700048077,0,07,000,00,0,0,00,A01
200700048077,0,07,000,00,0,0,00,B02
200700048077,0,07,000,00,0,3,23,C03
200700048078,0,10,000,02,0,1,01,A01
200700048079,0,01,000,16,0,1,01,A01
200700048080,0,07,000,08,0,7,14,A01
200700048081,0,07,000,00,2,2,01,A01
200700048081,2,10,000,00,2,8,19,B02
200700048082,0,10,000,00,2,1,13,A01
200700048082,0,15,000,00,2,8,01,B02
200700048083,0,07,000,00,2,2,19,A01
200700048083,0,07,000,00,2,3,01,B02
200700048084,0,07,000,08,0,3,01,A01
200700048085,0,07,000,13,2,7,01,A01
200700048085,0,37,000,00,2,3,01,B02
200700048086,0,33,000,00,2,8,03,A01
200700048086,0,07,000,00,2,8,01,B02
200700048087,0,30,000,00,2,7,19,A01
200700048087,0,07,000,00,2,2,01,B02
200700048088,0,07,000,00,2,1,01,A01
200700048088,0,31,000,00,2,7,01,B02
200700048089,0,33,000,00,2,7,01,A01
200700048089,0,07,000,00,2,1,19,B02
200700048090,0,07,000,00,2,3,13,A01
200700048090,0,07,000,00,2,3,01,B02
200700048091,0,03,000,00,2,8,09,A01
200700048091,0,07,000,00,2,1,01,B02
200700048092,0,10,000,13,0,7,01,A01
200700048093,0,33,000,13,0,1,01,A01
200700048094,0,99,000,10,0,3,01,A01
200700048095,0,07,000,00,2,5,15,A01
200700048095,0,33,000,00,2,1,01,B02
200700048096,0,07,000,00,0,0,00,A01
200700048097,0,07,000,00,1,1,00,A01
200700048098,0,02,000,00,2,1,13,A01
200700048098,0,14,000,00,2,1,01,B02
200700048099,0,31,000,00,2,1,13,A01
200700048099,0,07,000,00,2,2,01,B02
200700048100,0,07,000,13,0,1,01,A01
200700048101,0,07,000,00,5,3,01,A01
200700048102,0,07,000,06,0,2,14,A01
200700048103,0,07,000,13,0,9,01,A01
200700048104,0,07,000,06,0,2,13,A01
200700048105,0,33,000,00,0,0,01,A01
200700048106,0,07,000,00,2,7,17,A01
200700048106,0,07,000,00,2,3,15,B02
200700048107,0,07,000,00,2,1,01,A01
200700048107,0,07,000,00,2,1,21,B02
200700048108,0,31,000,00,1,7,01,A01
200700048109,0,33,000,00,2,2,13,A01
200700048109,0,07,000,00,2,2,01,B02
200700048110,0,33,000,00,2,1,17,A01
200700048110,0,07,000,00,2,8,15,B02
200700048111,0,33,000,04,0,1,01,A01
200700048112,0,07,000,13,0,2,01,A01
200700048113,0,07,000,00,1,1,01,A01
200700048114,0,07,000,00,2,5,15,A01
200700048114,0,99,000,00,2,1,01,B02
200700048115,0,07,000,00,2,8,13,A01
200700048115,0,07,000,00,2,8,01,B02
200700048115,0,07,000,00,2,8,00,C03
200700048115,0,33,000,00,2,8,00,D04
200700048116,0,07,000,16,0,9,20,A01
200700048117,0,30,000,01,0,1,02,A01
200700048117,0,10,000,00,0,5,23,B02
200700048118,0,07,000,10,0,1,14,A01
200700048119,0,10,000,00,0,0,13,A01
200700048119,0,07,000,00,2,1,01,C03
200700048120,0,33,000,00,0,1,01,A01
200700048121,0,07,000,00,1,1,01,A01
200700048122,0,30,000,00,0,8,20,A01
200700048123,0,10,000,00,9,3,09,A01
200700048123,0,02,000,00,2,1,01,B02
200700048124,0,33,000,00,2,1,13,A01
200700048124,0,07,000,00,2,3,01,B02
200700048125,0,33,000,00,2,1,17,A01
200700048125,0,10,000,00,2,6,15,B02
200700048126,0,07,000,13,0,2,01,A01
200700048127,0,10,000,00,2,1,01,A01
200700048127,0,10,000,00,2,7,19,B02
200700048128,0,07,000,00,2,1,17,A01
200700048128,0,07,000,00,2,6,15,B02
200700048129,0,07,000,00,2,3,09,A01
200700048129,0,02,000,00,2,5,01,B02
200700048130,0,07,000,00,0,9,01,A01
200700048131,0,07,000,00,0,3,15,A01
200700048131,0,07,000,13,2,2,17,B02
200700048132,0,10,000,06,0,3,01,A01
200700048133,0,07,000,00,0,9,00,A01
200700048134,0,07,000,00,0,4,04,A01
200700048134,0,10,000,00,0,1,23,B02
200700048135,0,07,000,00,0,0,00,A01
200700048136,0,10,000,00,2,1,21,A01
200700048136,0,07,000,00,2,4,23,B02
200700048136,0,17,000,00,0,0,00,C03
200700048136,0,99,000,00,2,4,23,D04
200700048136,0,07,000,00,0,0,23,E05
200700048136,0,07,000,00,2,7,01,F06
200700048136,0,07,000,00,2,4,23,G07
200700048136,0,07,000,00,2,6,23,H08
200700048137,0,36,000,16,0,9,01,A01
200700048138,0,02,000,00,2,1,13,A01
200700048138,0,07,000,00,2,1,01,B02
200700048139,0,33,000,00,0,0,01,A01
200700048140,0,07,000,00,2,1,13,A01
200700048140,0,07,000,00,2,1,01,B02
200700048141,0,34,000,00,0,6,00,A01
200700048141,0,07,000,00,0,3,05,B02
200700048142,0,32,000,00,0,0,00,A01
200700048143,0,32,000,12,0,1,13,A01
200700048144,0,07,000,13,0,3,01,A01
200700048145,0,07,000,00,2,6,20,A01
200700048145,0,33,000,00,2,3,01,B02
200700048145,0,07,000,00,0,4,24,C03
200700048146,0,07,000,00,2,1,05,A01
200700048146,0,07,000,00,2,1,01,B02
200700048147,0,07,000,00,9,3,01,A01
200700048147,0,34,000,00,2,1,01,B02
200700048148,0,07,000,00,2,5,15,A01
200700048148,0,01,000,00,2,1,01,B02
200700048149,0,07,000,00,1,1,14,A01
200700048150,0,07,000,00,2,3,01,A01
200700048150,0,31,000,00,2,1,01,B02
200700048151,1,10,000,00,2,1,01,A01
200700048151,0,07,000,00,0,4,01,B02
200700048152,0,33,000,00,0,0,14,A01
200700048152,0,07,000,00,2,1,01,B02
200700048153,0,07,000,00,0,0,01,A01
200700048154,0,07,000,02,0,1,01,A01
200700048155,0,07,000,00,9,3,15,A01
200700048155,0,33,000,00,2,1,01,B02
200700048156,0,07,000,03,0,1,01,A01