Num_Acc,senc,catv,occutc,obs,obsm,choc,manv,num_veh
200700048157,0,07,000,02,0,7,13,A01
200700048158,0,33,000,00,6,3,01,A01
200700048159,0,07,000,00,2,3,13,A01
200700048159,0,07,000,00,2,6,01,B02
200700048160,0,07,000,02,2,2,13,A01
200700048160,0,07,000,00,2,7,01,B02
200700048161,0,07,000,00,2,3,13,A01
200700048161,0,07,000,00,2,3,01,B02
200700048162,0,07,000,00,2,3,13,A01
200700048162,0,07,000,00,2,2,21,B02
200700048163,0,07,000,00,2,3,13,A01
200700048163,0,07,000,00,2,3,01,B02
200700048163,0,07,000,00,2,3,21,C03
200700048164,0,07,000,00,2,3,13,A01
200700048164,0,14,000,00,2,3,01,B02
200700048165,0,07,000,00,2,8,15,A01
200700048165,0,07,000,00,2,2,17,B02
200700048166,0,10,000,00,2,8,17,A01
200700048166,0,13,000,00,2,2,01,B02
200700048167,0,34,000,00,2,1,01,A01
200700048167,0,10,000,00,2,1,15,B02
200700048168,0,14,000,12,0,8,01,A01
200700048169,0,10,000,04,0,7,01,A01
200700048170,0,07,000,13,0,1,00,A01
200700048171,0,07,000,00,2,1,15,A01
200700048172,0,02,000,00,0,3,01,A01
200700048172,0,07,000,00,0,3,01,B02
200700048173,0,07,000,02,0,1,00,A01
200700048174,0,07,000,00,2,2,19,A01
200700048174,0,07,000,00,2,1,01,B02
200700048175,0,07,000,00,2,2,02,A01
200700048175,0,07,000,00,2,4,00,B02
200700048176,0,30,000,14,2,1,01,A01
200700048176,0,07,000,00,0,1,01,B02
200700048176,0,07,000,00,0,4,23,C03
200700048177,0,33,000,00,2,1,01,A01
200700048177,1,07,000,00,2,2,10,B02
200700048178,0,07,000,00,2,2,19,A01
200700048178,0,07,000,00,2,3,01,B02
200700048179,0,17,000,00,2,1,02,A01
200700048179,0,17,000,00,2,6,02,B02
200700048180,0,17,000,00,0,2,11,A01
200700048180,0,21,000,00,0,6,01,B02
200700048181,0,07,000,00,0,1,02,A01
200700048181,0,07,000,00,0,4,00,B02
200700048182,0,33,000,00,0,0,17,A01
200700048183,0,33,000,00,0,2,01,A01
200700048184,0,07,000,00,2,1,02,A01
200700048184,0,07,000,00,2,4,01,B02
200700048185,0,07,000,02,0,1,01,A01
200700048186,0,33,000,00,2,1,01,A01
200700048186,1,10,000,00,0,4,01,B02
200700048187,0,07,000,00,9,2,01,A01
200700048187,0,99,000,00,2,1,00,B02
200700048188,0,07,000,01,0,1,01,A01
200700048189,0,10,000,00,2,1,15,A01
200700048189,0,07,000,00,2,1,01,B02
200700048190,0,33,000,00,2,1,17,A01
200700048190,0,07,000,00,0,6,01,B02
200700048191,0,07,000,00,0,9,01,A01
200700048191,0,07,000,04,0,7,17,B02
200700048192,0,31,000,00,2,1,01,A01
200700048192,0,07,000,00,2,2,24,B02
200700048193,0,10,000,00,2,8,15,A01
200700048193,0,31,000,00,2,1,17,B02
200700048194,0,07,000,00,0,3,13,A01
200700048195,0,10,000,00,1,1,01,A01
200700048196,0,07,000,00,2,7,01,A01
200700048196,0,07,000,00,2,8,01,B02
200700048197,0,07,000,00,0,1,01,A01
200700048198,0,07,000,00,2,3,13,A01
200700048198,0,07,000,00,2,3,01,B02
200700048199,0,07,000,00,2,1,19,A01
200700048199,0,07,000,00,2,3,01,B02
200700048200,0,07,000,00,0,9,01,A01
200700048201,0,33,000,00,0,1,01,A01
200700048202,0,14,000,00,2,1,01,A01
200700048202,0,07,000,00,2,8,01,B02
200700048203,0,07,000,00,0,3,00,A01
200700048204,0,07,000,00,2,7,01,A01
200700048204,0,07,000,00,2,1,01,B02
200700048205,0,07,000,00,2,3,17,A01
200700048205,0,14,000,00,2,3,01,B02
200700048206,0,07,000,00,0,0,13,A01
200700048207,0,10,000,00,0,0,11,A01
200700048207,0,01,000,00,0,0,00,B02
200700048207,0,01,000,00,0,0,00,C03
200700048207,0,01,000,00,0,0,00,D04
200700048208,0,36,000,06,0,2,01,A01
200700048209,0,10,000,00,0,0,01,A01
200700048210,0,10,000,13,0,2,01,A01
200700048211,0,07,000,08,0,7,01,A01
200700048212,0,10,000,00,2,3,13,A01
200700048212,0,10,000,00,2,3,01,B02
200700048213,0,07,000,00,0,1,02,A01
200700048213,0,33,000,00,0,4,23,B02
200700048214,0,07,000,00,2,2,05,A01
200700048214,0,31,000,00,0,1,05,B02
200700048215,0,07,000,00,2,1,13,A01
200700048215,0,07,000,00,2,8,01,B02
200700048215,0,07,000,00,2,3,01,C03
200700048215,0,07,000,00,2,2,01,D04
200700048215,0,10,000,00,0,4,01,E05
200700048215,0,07,000,00,2,2,01,F06
200700048216,0,07,000,00,2,2,13,A01
200700048216,0,07,000,00,2,2,01,B02
200700048217,0,07,000,01,0,7,15,A01
200700048217,0,07,000,00,2,1,01,B02
200700048217,0,07,000,00,2,1,23,C03
200700048218,0,30,000,00,0,0,01,A01
200700048219,0,07,000,00,0,3,13,A01
200700048219,0,07,000,08,0,8,01,B02
200700048220,0,07,000,00,2,3,13,A01
200700048220,0,07,000,00,2,3,01,B02
200700048221,0,07,000,00,0,3,13,A01
200700048221,0,07,000,00,0,3,01,B02
200700048222,0,02,000,00,2,1,13,A01
200700048222,0,07,000,00,2,1,01,B02
200700048223,0,33,000,06,0,1,01,A01
200700048224,0,07,000,00,2,1,10,A01
200700048224,0,33,000,00,2,3,21,B02
200700048225,0,10,000,00,6,9,01,A01
200700048226,0,07,000,02,0,1,01,A01
200700048227,0,10,000,00,2,2,00,A01
200700048227,0,33,000,00,2,2,01,B02
200700048228,0,33,000,06,0,1,01,A01
200700048229,0,33,000,08,0,2,01,A01
200700048230,0,07,000,02,0,1,16,A01
200700048231,0,07,000,00,2,3,02,A01
200700048231,0,07,000,00,0,3,15,B02
200700048232,0,10,000,00,2,3,01,A01
200700048232,0,07,000,00,2,8,15,B02
200700048233,0,07,000,02,0,7,01,A01
200700048234,0,02,000,12,0,8,01,A01
200700048235,0,07,000,16,0,1,00,A01
200700048236,0,31,000,08,0,1,01,A01
200700048237,0,07,000,13,0,2,01,A01
200700048238,0,07,000,00,1,1,01,A01
200700048239,0,31,000,00,2,1,01,A01
200700048239,0,07,000,00,2,2,19,B02
200700048240,0,07,000,00,2,7,19,A01
200700048240,0,07,000,00,2,1,01,B02
200700048241,0,33,000,14,0,1,14,A01
200700048242,0,07,000,00,2,3,01,A01
200700048242,0,07,000,00,2,7,19,B02
200700048243,0,31,000,00,2,1,01,A01
200700048243,0,99,000,00,2,1,05,B02
200700048244,0,30,000,15,0,1,01,A01
200700048244,0,07,000,00,0,0,01,B02
200700048245,1,10,000,00,2,7,01,A01
200700048245,0,33,000,00,2,8,01,B02
200700048246,2,07,000,00,2,3,13,A01
200700048246,0,07,000,03,2,3,01,B02
200700048247,0,07,000,00,2,3,16,B02
200700048247,0,07,000,00,2,7,01,A01
200700048248,0,07,000,00,0,9,01,A01
200700048249,0,02,000,00,2,1,05,A01
200700048249,0,07,000,00,2,2,01,B02
200700048250,0,07,000,00,0,7,01,B02
200700048250,0,01,000,00,0,8,01,A01
200700048251,0,07,000,08,0,9,01,A01
200700048252,0,07,000,00,2,3,01,B02
200700048252,0,07,000,00,2,2,19,A01
200700048253,0,30,000,11,0,1,01,A01
200700048254,0,33,000,15,0,1,01,A01
200700048255,0,31,000,13,0,1,01,A01
200700048256,0,07,000,00,2,4,17,A01
200700048256,0,07,000,00,2,1,17,B02
200700048257,0,07,000,13,0,1,01,A01
200700048258,0,02,000,03,0,7,01,A01
200700048259,0,07,000,00,2,2,01,A01
200700048259,0,99,000,00,2,8,19,B02
200700048260,0,30,000,13,0,1,01,A01
200700048261,0,07,000,00,0,9,00,A01
200700048262,0,03,000,08,0,1,12,A01
200700048263,0,31,000,00,2,1,23,A01
200700048263,0,07,000,00,0,4,23,B02
200700048264,0,07,000,00,2,1,17,A01
200700048264,0,02,000,00,2,6,15,B02
200700048265,0,30,000,00,2,4,15,A01
200700048265,0,14,000,00,2,7,17,B02
200700048266,0,17,000,00,2,2,17,A01
200700048266,0,21,000,00,2,6,15,B02
200700048267,0,33,000,00,0,0,01,A01
200700048268,0,10,000,00,2,3,02,A01
200700048268,0,07,000,00,0,5,23,B02
200700048269,0,07,000,13,0,9,01,A01
200700048270,0,07,000,13,0,8,01,A01
200700048271,0,02,000,13,0,1,01,A01
200700048272,0,07,000,00,0,3,13,A01
200700048273,0,07,000,00,2,1,17,A01
200700048273,0,07,000,00,2,1,01,B02
200700048273,0,07,000,00,2,1,01,C03
200700048274,0,07,000,00,1,1,09,A01
200700048275,0,07,000,00,2,2,05,A01
200700048275,0,03,000,00,2,1,01,B02
200700048276,0,07,000,02,0,4,13,A01
200700048277,0,07,000,00,2,1,01,A01
200700048277,0,30,000,00,2,8,15,B02
200700048278,0,07,000,00,2,1,09,A01
200700048278,0,33,000,00,2,7,01,B02
200700048279,0,07,000,02,0,9,01,A01
200700048280,0,02,000,00,2,1,02,A01
200700048280,0,02,000,00,2,4,16,B02
200700048281,0,07,000,00,2,8,19,A01
200700048281,0,07,000,00,2,1,01,B02
200700048282,0,07,000,00,2,2,01,A01
200700048282,0,07,000,00,2,3,16,B02
200700048283,0,07,000,00,2,1,17,A01
200700048283,0,10,000,00,2,1,01,B02
200700048284,0,07,000,00,2,3,19,A01
200700048284,0,07,000,00,2,1,01,B02
200700048285,0,07,000,00,0,3,00,A01
200700048286,0,07,000,00,2,3,13,A01
200700048286,0,07,000,00,2,3,01,B02
200700048287,0,33,000,13,6,1,01,A01
200700048288,0,14,000,00,2,6,00,A01
200700048288,0,33,000,00,2,1,01,B02
200700048289,0,33,000,00,2,7,01,A01
200700048289,0,07,000,00,2,8,19,B02
200700048290,0,07,000,00,2,1,13,A01
200700048290,0,15,000,00,2,1,01,B02
200700048291,0,07,000,01,0,1,01,A01
200700048292,0,07,000,00,2,2,01,A01
200700048292,0,21,000,00,2,3,15,B02
200700048293,0,07,000,00,2,1,13,A01
200700048293,0,07,000,00,2,3,01,B02
200700048294,0,02,000,00,2,1,13,A01
200700048294,0,14,000,00,2,6,01,B02
200700048295,0,07,000,00,2,6,01,B02
200700048295,0,07,000,00,2,1,01,A01
200700048296,0,33,000,00,2,1,01,A01
200700048296,0,07,000,00,2,7,19,B02
200700048297,0,07,000,16,0,1,01,A01
200700048298,0,07,000,00,1,6,04,A01
200700048299,0,07,000,00,2,3,15,A01
200700048299,0,02,000,00,2,8,15,B02
200700048300,0,02,000,12,0,7,01,A01
200700048301,0,21,000,00,2,3,00,A01
200700048301,0,30,000,00,0,0,00,B02
200700048302,0,07,000,13,0,1,01,A01
200700048303,0,07,000,00,2,3,19,A01
200700048303,0,07,000,00,2,2,01,B02
200700048304,0,10,000,13,0,3,01,A01
200700048305,0,10,000,00,0,8,15,A01
200700048305,0,33,000,00,2,1,01,B02
200700048306,0,07,000,00,2,8,15,B02
200700048306,0,33,000,00,2,3,01,A01
200700048307,0,33,000,01,0,1,14,A01
200700048308,0,07,000,00,0,9,01,A01
200700048309,0,33,000,00,0,0,15,A01
200700048310,0,02,000,00,2,1,17,A01
200700048310,0,07,000,00,2,3,15,B02
200700048311,0,07,000,00,9,2,01,A01
200700048311,0,01,000,00,2,1,19,B02
200700048312,0,33,000,00,2,1,01,A01
200700048312,0,07,000,00,2,6,15,B02
200700048313,0,07,000,00,9,3,10,A01
200700048313,0,33,000,00,2,1,02,B02
200700048314,0,07,000,00,2,3,13,A01
200700048314,0,07,000,00,2,3,01,B02
200700048315,0,07,000,00,2,1,13,A01
200700048315,0,07,000,00,2,3,01,B02
200700048315,0,07,000,00,2,7,01,C03
200700048316,0,07,000,00,2,1,14,A01
200700048316,0,17,000,00,0,8,19,B02
200700048317,0,02,000,00,2,1,19,A01
200700048317,0,10,000,06,0,8,01,B02
200700048318,0,33,000,00,2,7,17,A01
200700048318,0,02,000,00,2,1,10,B02
200700048319,0,33,000,00,2,1,17,A01
200700048319,0,07,000,00,2,8,10,B02
200700048320,0,07,000,00,2,1,02,A01
200700048320,0,20,000,00,2,6,01,B02
200700048321,0,07,000,02,0,9,01,A01
200700048322,0,07,000,00,9,2,01,A01
200700048322,0,01,000,00,2,3,13,B02
200700048323,0,07,000,02,0,3,01,A01
200700048324,0,10,000,13,0,1,01,A01
200700048325,0,30,000,01,0,7,00,A01
200700048326,0,10,000,04,0,3,13,A01
200700048327,0,07,000,04,0,3,13,A01
200700048328,0,07,000,00,2,4,19,A01
200700048328,0,17,000,00,2,1,01,B02
200700048329,0,07,000,03,0,2,14,A01
200700048330,0,07,000,04,0,3,01,A01
200700048331,0,07,000,04,0,3,01,A01
200700048332,0,07,000,00,2,2,14,A01
200700048332,0,17,000,00,2,8,01,B02
200700048333,0,07,000,04,0,2,01,A01
200700048333,0,07,000,14,0,1,01,B02
200700048333,0,07,000,14,0,1,01,C03
200700048334,0,10,000,01,1,1,16,A01
200700048334,0,07,000,00,2,4,23,B02
200700048334,0,07,000,00,2,2,01,C03
200700048334,0,07,000,00,0,0,24,D04
200700048335,0,07,000,04,0,7,01,A01
200700048336,0,07,000,00,2,1,14,A01
200700048336,0,17,000,00,0,4,00,B02
200700048337,0,14,000,03,0,2,01,A01
200700048338,0,07,000,04,0,3,01,A01
200700048339,0,99,000,13,6,1,21,A01
200700048340,0,07,000,00,2,1,05,A01
200700048340,0,07,000,00,2,7,24,B02
200700048340,0,07,000,00,2,3,13,C03
200700048341,0,07,000,04,0,3,01,A01
200700048342,0,07,000,04,0,3,01,A01
200700048343,0,07,000,00,2,1,02,A01
200700048343,0,07,000,00,2,2,02,B02
200700048343,0,07,000,00,0,4,02,C03
200700048344,0,31,000,11,0,8,01,A01
200700048345,0,07,000,00,2,1,02,A01
200700048345,0,07,000,00,2,4,02,B02
200700048345,0,07,000,00,2,4,02,C03
200700048345,0,07,000,00,2,4,02,D04
200700048346,0,07,000,04,0,1,01,A01
200700048347,0,07,000,00,2,7,14,A01
200700048347,0,17,000,00,2,8,01,B02
200700048348,0,07,000,16,0,2,21,A01
200700048349,0,07,000,00,0,0,09,A01
200700048349,0,07,000,13,0,1,01,B02
200700048350,0,07,000,02,0,2,01,A01
200700048351,0,33,000,00,2,1,01,A01
200700048351,0,07,000,00,2,2,15,B02
200700048352,0,07,000,00,2,3,15,A01
200700048352,0,07,000,00,2,1,01,B02
200700048353,0,07,000,00,2,2,17,A01
200700048353,0,17,000,00,0,6,11,B02
200700048354,0,07,000,03,0,2,11,A01
200700048355,0,15,000,03,0,2,00,A01
200700048356,0,07,000,00,2,1,02,A01
200700048356,0,17,000,00,0,4,02,B02
200700048357,0,07,000,00,2,4,02,A01
200700048357,0,15,000,01,0,2,02,B02
200700048358,0,17,000,03,0,1,13,A01
200700048358,0,17,000,03,0,3,21,B02
200700048359,0,07,000,00,2,3,17,A01
200700048359,0,01,000,00,0,4,01,B02
200700048360,0,07,000,00,2,1,01,A01
200700048360,0,32,000,00,2,1,01,B02
200700048361,0,07,000,00,2,2,05,A01
200700048361,0,07,000,00,2,2,01,B02
200700048362,0,07,000,03,0,7,21,A01
200700048363,0,07,000,00,2,2,01,A01
200700048363,0,07,000,00,2,8,02,B02
200700048364,0,07,000,00,0,0,00,A01
200700048364,0,07,000,00,0,0,02,B02
200700048364,0,07,000,00,0,4,02,C03
200700048365,0,07,000,02,0,1,00,A01
200700048366,0,07,000,00,1,1,01,A01
200700048367,0,07,000,00,2,4,01,A01
200700048367,0,07,000,00,2,1,01,B02
200700048368,0,30,000,00,2,2,01,A01
200700048368,0,07,000,00,0,6,02,C03
200700048368,0,07,000,00,0,6,02,D04
200700048369,0,07,000,00,2,1,02,A01
200700048369,0,07,000,00,2,4,23,B02
200700048369,0,07,000,00,0,4,23,C03
200700048370,0,07,000,00,2,2,01,A01
200700048370,0,30,000,00,2,1,15,B02
200700048371,0,07,000,00,2,2,15,A01
200700048371,0,07,000,00,2,3,02,B02
200700048372,0,07,000,00,0,1,01,A01
200700048372,0,02,000,00,0,1,13,B02
200700048373,0,10,000,00,2,2,02,A01
200700048373,0,14,000,00,0,6,01,B02
200700048374,0,07,000,00,0,4,02,A01
200700048374,0,33,000,00,2,1,02,B02
200700048375,0,07,000,00,0,0,01,A01
200700048376,0,07,000,04,0,3,01,A01
200700048377,0,07,000,00,2,3,01,A01
200700048377,0,07,000,00,2,8,00,B02
200700048378,0,07,000,00,2,2,01,A01
200700048378,0,07,000,00,2,6,01,B02
200700048379,0,07,000,02,0,1,01,A01
200700048380,0,07,000,13,0,2,14,A01
200700048381,0,33,000,03,0,1,01,A01
200700048382,0,07,000,00,0,7,09,A01
200700048382,0,10,000,00,2,1,01,B02
200700048383,0,33,000,00,0,8,02,A01
200700048384,0,07,000,00,0,6,01,A01
200700048384,0,07,000,00,2,2,02,B02
200700048384,0,07,000,00,2,1,02,C03
200700048384,0,07,000,00,2,1,02,D04
200700048385,0,17,000,03,0,3,01,A01
200700048386,0,07,000,00,2,1,01,A01
200700048386,0,17,000,00,2,4,00,B02
200700048387,0,17,000,00,2,1,02,A01
200700048387,0,07,000,00,2,4,02,B02
200700048388,0,07,000,13,0,9,01,A01
200700048389,0,07,000,00,2,4,01,A01
200700048389,0,07,000,00,2,1,02,B02
200700048390,0,07,000,00,2,2,03,A01
200700048390,0,07,000,00,0,6,01,B02
200700048391,0,31,000,01,0,1,01,A01
200700048392,0,33,000,06,0,1,01,A01
200700048393,0,07,000,03,2,1,02,A01
200700048393,0,14,000,00,2,6,02,B02
200700048394,0,14,000,00,2,6,01,A01
200700048394,0,07,000,00,2,1,02,B02
200700048395,0,07,000,00,0,3,13,A01
200700048396,0,07,000,03,0,1,01,A01
200700048397,0,07,000,00,2,1,03,A01
200700048397,0,07,000,00,2,4,01,B02
200700048397,0,07,000,00,2,4,00,C03
200700048398,0,07,000,00,1,2,01,A01
200700048399,0,10,000,00,2,7,01,A01
200700048399,0,07,000,00,2,8,01,B02
200700048399,0,15,000,00,2,8,01,C03
200700048399,0,07,000,00,9,1,01,D04
200700048400,0,07,000,01,0,2,00,A01
200700048400,0,10,000,00,2,6,14,B02
200700048401,0,33,000,03,0,8,17,A01
200700048402,0,07,000,06,0,1,01,A01
200700048403,0,33,000,00,2,7,17,A01
200700048403,1,07,000,00,0,0,17,B02
200700048404,0,07,000,02,0,9,14,A01
200700048405,0,07,000,00,2,1,13,A01
200700048405,0,07,000,00,2,0,01,B02
200700048406,0,01,000,00,2,6,15,A01
200700048406,0,07,000,00,2,2,01,B02
200700048407,0,31,000,00,2,1,13,A01
200700048407,0,07,000,00,2,2,01,B02
200700048408,0,36,000,00,0,1,01,A01
200700048409,0,07,000,00,2,2,01,A01
200700048409,0,30,000,00,2,1,19,B02
200700048410,0,07,000,03,0,0,00,A01
200700048411,0,07,000,00,2,3,00,A01
200700048411,0,15,000,00,2,8,01,B02
200700048412,0,10,000,13,0,1,14,A01
200700048413,0,07,000,00,2,1,02,A01
200700048413,0,07,000,00,0,4,02,B02
200700048413,0,07,000,00,2,3,02,C03
200700048413,0,17,000,00,2,1,23,D04
200700048414,0,15,000,01,1,0,00,A01
200700048415,0,07,000,00,2,1,02,A01
200700048415,0,14,000,00,0,6,02,B02
200700048416,0,07,000,13,0,9,01,A01
200700048417,0,07,000,13,0,9,14,A01
200700048418,0,07,000,00,2,2,13,A01
200700048418,0,07,000,00,2,3,01,B02
200700048419,0,07,000,00,2,1,05,A01
200700048419,0,33,000,00,2,1,01,B02
200700048420,0,07,000,00,2,3,01,A01
200700048420,0,33,000,00,2,8,01,B02
200700048421,0,15,000,00,0,7,01,A01
200700048422,0,07,000,04,2,1,01,A01
200700048422,0,07,000,00,0,4,02,B02
200700048423,0,07,000,00,2,3,15,A01
200700048423,0,30,000,00,2,2,17,B02
200700048424,0,07,000,00,0,9,01,A01
200700048425,0,07,000,00,0,2,17,A01
200700048425,0,01,000,00,0,4,00,B02
200700048425,0,01,000,00,0,4,00,C03
200700048426,0,17,000,13,0,3,13,A01
200700048427,0,33,000,00,0,7,17,A01
200700048428,0,07,000,03,0,3,01,A01
200700048429,0,33,000,00,1,1,01,A01
200700048430,0,33,000,00,2,5,17,A01
200700048430,1,07,000,00,9,0,13,B02
200700048431,0,07,000,00,2,8,16,A01
200700048431,0,01,000,00,2,8,01,B02
200700048432,0,07,000,00,2,3,00,A01
200700048432,0,07,000,00,2,1,05,B02
200700048433,0,07,000,06,0,1,01,A01
200700048434,0,07,000,00,2,1,15,A01
200700048434,0,31,000,00,2,1,01,B02
200700048435,0,07,000,00,0,9,17,A01
200700048436,0,07,000,00,0,9,01,A01
200700048437,0,07,000,00,2,1,13,A01
200700048437,0,07,000,00,2,3,01,B02
200700048438,0,07,000,03,0,9,01,A01
200700048439,0,31,000,00,2,1,17,A01
200700048439,0,07,000,00,2,8,15,B02
200700048440,0,33,000,00,0,2,00,A01
200700048441,0,07,000,00,2,1,05,A01
200700048441,0,07,000,00,2,2,01,B02
200700048442,0,07,000,01,0,3,21,A01
200700048443,0,02,000,13,0,7,01,A01
200700048444,0,07,000,00,2,2,13,A01
200700048444,0,07,000,00,2,1,01,B02
200700048445,0,17,000,13,0,2,14,A01
200700048446,0,07,000,00,1,2,01,A01
200700048447,0,07,000,00,1,1,20,A01
200700048448,0,07,000,06,0,1,13,A01
200700048449,0,07,000,00,1,2,01,A01
200700048450,0,07,000,00,9,3,13,A01
200700048450,0,33,000,00,2,3,01,B02
200700048451,0,07,000,00,2,2,02,A01
200700048451,0,01,000,00,2,4,02,B02
200700048452,0,07,000,00,2,6,01,A01
200700048452,0,07,000,00,2,1,19,B02
200700048453,0,07,000,00,1,2,01,A01
200700048454,0,07,000,04,0,1,01,A01
200700048455,0,17,000,00,0,0,02,A01
200700048455,0,10,000,04,2,2,11,B02
200700048456,0,07,000,00,2,1,19,A01
200700048456,0,07,000,00,2,8,01,B02
200700048457,0,07,000,03,0,3,13,A01
200700048458,0,07,000,00,0,1,00,A01
200700048459,0,07,000,00,0,1,00,A01
200700048460,0,10,000,13,0,9,01,A01
200700048461,0,07,000,04,0,1,00,A01
200700048462,0,07,000,00,2,3,01,A01
200700048462,0,07,000,00,2,3,01,B02
200700048463,0,07,000,00,2,1,13,A01
200700048463,0,33,000,00,2,1,01,B02
200700048464,0,02,000,00,2,1,13,A01
200700048464,0,07,000,00,2,1,21,B02
200700048465,0,07,000,00,2,4,02,A01
200700048465,0,10,000,00,2,1,02,B02
200700048466,0,07,000,03,0,9,13,A01
200700048467,0,07,000,00,2,2,02,A01
200700048467,0,07,000,00,2,6,02,B02
200700048467,0,07,000,00,2,4,23,C03
200700048467,0,07,000,00,0,4,23,D04
200700048468,0,07,000,00,1,2,01,A01
200700048469,0,33,000,00,0,7,01,A01
200700048470,0,33,000,00,2,1,01,A01
200700048470,0,07,000,00,2,8,19,B02
200700048471,0,99,000,03,0,3,13,A01
200700048472,0,07,000,03,0,4,01,A01
200700048472,0,07,000,00,2,1,01,B02
200700048473,0,07,000,03,2,0,01,A01
200700048473,0,07,000,03,2,0,17,B02
200700048474,0,10,000,03,0,3,01,A01
200700048475,0,34,000,00,2,1,01,A01
200700048475,0,07,000,00,2,3,15,B02
200700048476,0,13,000,11,0,0,00,A01
200700048477,0,07,000,00,2,5,17,A01
200700048477,0,07,000,00,2,8,01,B02
200700048478,0,07,000,00,2,1,02,A01
200700048478,0,07,000,00,2,4,02,B02
200700048479,0,07,000,00,0,0,02,A01
200700048479,0,07,000,00,2,4,02,B02
200700048480,0,07,000,00,2,2,03,A01
200700048480,0,10,000,00,2,6,01,B02
200700048481,0,07,000,00,9,2,02,A01
200700048481,0,01,000,00,2,0,15,B02
200700048482,0,07,000,03,0,3,00,A01
200700048483,0,07,000,00,0,7,21,A01
200700048483,0,01,000,00,2,1,00,B02
200700048484,0,15,000,00,0,6,02,A01
200700048484,0,10,000,00,2,1,02,B02
200700048485,0,07,000,00,2,2,02,A01
200700048485,0,15,000,00,2,5,02,B02
200700048486,0,07,000,00,2,1,13,A01
200700048486,0,07,000,00,2,1,01,B02
200700048487,0,07,000,00,2,3,02,A01
200700048487,0,07,000,00,2,5,02,B02
200700048488,0,33,000,03,0,7,14,A01
200700048489,0,07,000,03,0,1,01,A01
200700048490,0,31,000,04,0,8,21,A01
200700048491,0,07,000,00,0,7,14,A01
200700048492,0,07,000,00,0,4,24,A01
200700048492,0,15,000,01,0,2,02,B02
200700048493,0,07,000,13,0,1,02,A01
200700048494,0,07,000,13,0,1,01,A01
200700048495,0,07,000,13,0,1,01,A01
200700048496,0,07,000,00,2,3,05,A01
200700048496,0,07,000,00,2,3,01,B02
200700048497,0,07,000,04,0,1,02,A01
200700048498,0,07,000,04,0,2,01,A01
200700048499,0,07,000,00,2,1,02,A01
200700048499,0,07,000,00,0,4,02,B02
200700048499,0,07,000,00,0,4,02,C03
200700048499,0,07,000,00,2,1,02,D04
200700048500,0,07,000,13,0,3,01,A01
200700048501,0,07,000,03,0,3,02,A01
200700048501,0,07,000,00,2,9,17,B02
200700048501,0,07,000,00,2,6,02,C03
200700048502,0,07,000,00,2,3,02,A01
200700048502,0,07,000,00,2,5,02,B02
200700048503,0,38,000,00,0,7,11,A01
200700048503,0,33,000,00,0,1,01,B02
200700048504,0,07,000,08,0,1,00,A01
200700048505,0,30,000,00,2,1,13,A01
200700048505,0,31,000,00,2,1,01,B02
200700048506,0,07,000,00,0,0,17,A01
200700048507,0,07,000,13,0,2,02,A01
200700048508,0,10,000,13,0,2,14,A01
200700048509,0,07,000,13,0,1,14,A01
200700048510,0,07,000,13,0,1,14,A01
200700048511,0,01,000,00,2,4,19,A01
200700048512,0,07,000,06,0,1,01,A01
200700048513,0,07,000,00,2,2,17,A01
200700048513,0,10,000,00,0,6,01,B02
200700048514,0,07,000,13,0,3,13,A01
200700048515,0,07,000,00,2,7,19,A01
200700048515,0,10,000,00,2,1,01,B02
200700048516,0,07,000,01,0,1,01,A01
200700048516,0,10,000,00,2,1,23,B02
200700048517,0,07,000,00,2,1,20,A01
200700048517,0,33,000,00,2,7,01,B02
200700048518,0,07,000,06,0,1,01,A01
200700048519,0,31,000,00,2,1,01,B02
200700048519,0,07,000,00,2,3,19,A01
200700048520,0,07,000,00,1,1,20,A01
200700048521,0,07,000,00,2,7,01,A01
200700048521,0,07,000,00,2,3,00,B02
200700048522,0,07,000,00,2,1,19,A01
200700048522,0,07,000,00,2,2,01,B02
200700048523,0,31,000,14,0,1,02,A01
200700048524,0,07,000,00,2,3,13,A01
200700048524,0,33,000,00,2,1,01,B02
200700048525,0,33,000,00,2,1,01,A01
200700048525,0,07,000,00,2,8,15,B02
200700048526,0,07,000,13,0,9,13,A01
200700048527,0,07,000,00,2,3,13,A01
200700048528,0,07,000,00,2,7,01,A01
200700048528,0,07,000,00,2,1,01,B02
200700048529,0,30,000,00,2,1,17,A01
200700048529,0,07,000,00,0,3,15,B02
200700048530,0,07,000,02,2,3,01,A01
200700048530,0,07,000,12,2,2,01,B02
200700048531,0,33,000,00,0,3,01,A01
200700048532,0,07,000,00,2,2,13,A01
200700048532,0,07,000,00,2,3,01,B02
200700048533,0,07,000,00,1,2,01,A01
200700048534,0,07,000,00,2,3,13,A01
200700048534,0,07,000,00,2,3,16,B02
200700048535,0,07,000,00,2,1,02,A01
200700048535,0,07,000,00,2,4,02,B02
200700048536,0,07,000,00,2,1,01,A01
200700048536,0,07,000,00,9,1,13,B02
200700048537,0,07,000,00,0,4,23,A01
200700048537,0,14,000,14,0,2,02,B02
200700048538,0,07,000,00,2,3,19,A01
200700048538,0,33,000,00,2,9,01,B02
200700048539,0,07,000,00,0,3,01,A01
200700048539,0,33,000,00,2,2,12,B02
200700048540,0,01,000,00,0,1,01,A01