Num_Acc,senc,catv,occutc,obs,obsm,choc,manv,num_veh
200700048540,0,07,000,00,0,3,19,B02
200700048541,0,14,000,00,0,9,16,A01
200700048542,0,02,000,00,2,2,01,A01
200700048542,0,07,000,00,2,3,01,B02
200700048543,0,33,000,03,0,3,01,A01
200700048544,0,07,000,00,2,7,19,B02
200700048544,0,07,000,00,2,1,01,A01
200700048545,0,07,000,00,9,1,09,A01
200700048545,0,01,000,00,0,4,01,B02
200700048546,0,07,000,13,0,1,01,A01
200700048547,0,07,000,13,0,1,01,A01
200700048548,0,07,000,15,0,2,00,A01
200700048549,0,07,000,00,2,1,01,A01
200700048549,0,07,000,00,2,7,01,B01
200700048550,0,07,000,00,1,2,15,A01
200700048551,0,07,000,00,2,8,22,A01
200700048551,0,01,000,01,0,1,01,B01
200700048552,0,07,000,00,2,1,01,A01
200700048552,0,30,000,00,2,5,01,B01
200700048553,0,07,000,00,2,3,01,B01
200700048553,0,15,000,00,2,3,15,A01
200700048554,0,07,000,00,9,7,01,B01
200700048554,0,01,000,01,2,1,16,A01
200700048555,0,07,000,00,2,3,13,A01
200700048555,0,15,000,00,2,3,02,B01
200700048556,0,02,000,00,2,1,01,A01
200700048556,0,01,000,00,2,2,19,B01
200700048557,0,07,000,08,2,1,01,A01
200700048557,0,07,000,00,2,5,23,B01
200700048558,0,07,000,00,2,1,13,A01
200700048558,0,07,000,00,2,1,01,B01
200700048559,0,02,000,00,2,3,03,A01
200700048559,0,07,000,00,2,5,15,B01
200700048560,0,37,000,00,1,3,01,A01
200700048561,0,07,000,08,0,1,01,A01
200700048562,0,02,000,11,0,1,12,A01
200700048563,0,07,000,00,2,3,13,B01
200700048563,0,02,000,00,0,0,13,A01
200700048563,0,07,000,00,2,3,01,C01
200700048563,0,07,000,00,2,3,01,D01
200700048564,0,07,000,13,0,7,14,A01
200700048565,0,07,000,00,1,2,01,A01
200700048566,0,07,000,00,2,4,01,B01
200700048566,0,30,000,00,2,1,02,A01
200700048567,0,07,000,06,0,1,01,A01
200700048568,0,14,000,00,1,0,00,A01
200700048569,0,07,000,00,2,8,00,B01
200700048569,0,30,000,00,2,1,00,A01
200700048570,0,07,000,00,2,3,01,A01
200700048570,0,30,000,00,2,1,01,B01
200700048571,0,07,000,00,2,7,01,B01
200700048571,0,07,000,00,2,1,19,A01
200700048572,0,33,000,00,0,0,01,A01
200700048573,0,10,000,01,2,3,01,A01
200700048573,0,07,000,00,0,5,15,B01
200700048574,0,02,000,00,2,1,17,A01
200700048574,0,10,000,00,0,8,15,B01
200700048575,0,07,000,02,0,1,01,A01
200700048576,0,32,000,00,2,1,17,B01
200700048576,0,07,000,00,2,1,15,A01
200700048577,0,33,000,00,2,1,01,B01
200700048577,0,07,000,00,2,3,15,A01
200700048578,0,07,000,00,2,2,01,A01
200700048578,0,07,000,00,0,6,23,B01
200700048579,0,07,000,00,2,7,15,A01
200700048579,0,01,000,00,2,1,01,B01
200700048580,0,02,000,00,2,1,17,A01
200700048580,0,10,000,00,2,2,15,B01
200700048581,0,07,000,02,0,2,01,A01
200700048582,0,07,000,00,2,1,01,A01
200700048582,0,07,000,00,2,8,01,B01
200700048583,0,07,000,00,2,7,16,A01
200700048583,0,34,000,00,2,8,18,B01
200700048584,0,07,000,00,0,6,10,A01
200700048584,0,32,000,00,2,1,02,B01
200700048585,0,02,000,00,0,0,00,B01
200700048585,1,07,000,00,0,0,00,A01
200700048586,0,02,000,12,0,1,01,A01
200700048587,0,07,000,02,0,5,01,A01
200700048588,0,33,000,00,2,1,00,A01
200700048588,0,07,000,00,0,0,00,B01
200700048589,0,07,000,00,0,0,11,A01
200700048589,0,34,000,00,2,1,02,B01
200700048589,0,07,000,00,0,7,14,C01
200700048589,0,07,000,00,0,4,18,D01
200700048590,0,07,000,00,2,3,10,A01
200700048590,0,01,000,00,2,1,01,B01
200700048591,0,07,000,00,2,3,15,A01
200700048591,0,32,000,00,2,1,01,B01
200700048592,0,33,000,00,2,1,01,B01
200700048592,0,07,000,00,2,2,19,A01
200700048593,0,07,000,01,0,2,20,A01
200700048593,0,32,000,01,0,4,24,B01
200700048594,0,07,000,00,2,5,15,A01
200700048594,0,33,000,00,2,1,01,B01
200700048595,0,07,000,00,2,8,15,A01
200700048595,0,32,000,00,2,2,17,B01
200700048596,0,07,000,00,2,2,01,A01
200700048596,0,07,000,00,2,1,01,B01
200700048597,0,32,000,00,2,1,01,B01
200700048597,0,07,000,00,2,8,09,A01
200700048598,0,07,000,00,2,3,11,A01
200700048598,0,30,000,00,2,1,15,B01
200700048599,0,07,000,00,2,4,02,B01
200700048599,0,07,000,00,2,1,02,A01
200700048599,0,07,000,00,2,0,02,C01
200700048600,0,07,000,00,0,5,01,B01
200700048600,0,31,000,00,2,1,01,A01
200700048601,0,07,000,00,2,1,01,A01
200700048601,0,03,000,00,2,1,01,B01
200700048601,0,07,000,00,2,4,01,C01
200700048602,0,07,000,00,2,3,13,A01
200700048602,0,31,000,00,2,7,17,B01
200700048603,0,02,000,00,2,1,01,B01
200700048603,0,14,000,00,2,4,04,A01
200700048604,0,30,000,00,2,1,00,A01
200700048604,0,34,000,00,2,1,00,B01
200700048605,0,31,000,00,2,7,17,A01
200700048605,0,07,000,00,2,3,16,B01
200700048606,0,07,000,00,0,2,10,A01
200700048606,0,33,000,00,2,2,17,B01
200700048607,0,33,000,00,2,7,01,B01
200700048607,0,07,000,00,2,7,01,A01
200700048608,0,07,000,08,1,1,00,A01
200700048609,0,07,000,00,2,7,12,A01
200700048609,0,02,000,00,2,1,14,B01
200700048610,0,10,000,00,1,2,01,A01
200700048611,0,30,000,00,1,1,01,A01
200700048612,0,07,000,00,2,8,10,A01
200700048612,0,33,000,00,2,1,01,B01
200700048613,0,07,000,00,2,2,15,A01
200700048613,0,02,000,00,2,1,01,B01
200700048614,0,07,000,00,2,3,15,A01
200700048614,0,07,000,00,2,5,01,B01
200700048615,0,30,000,00,2,1,01,A01
200700048615,0,07,000,00,2,4,15,B01
200700048616,0,07,000,00,2,1,02,A01
200700048616,0,07,000,00,2,4,23,B01
200700048617,0,07,000,00,2,2,16,A01
200700048617,0,07,000,00,2,1,01,B01
200700048617,0,07,000,00,2,8,23,C01
200700048618,0,07,000,00,2,6,11,A01
200700048618,0,33,000,00,2,1,01,B01
200700048619,0,07,000,00,2,1,10,A01
200700048619,0,31,000,00,2,1,02,B01
200700048619,0,07,000,00,2,4,02,C01
200700048620,0,31,000,00,2,1,02,A01
200700048620,0,07,000,00,2,3,23,B01
200700048621,0,01,000,00,2,2,01,B01
200700048621,0,07,000,00,2,3,20,A01
200700048622,0,10,000,00,2,5,15,A01
200700048622,0,30,000,00,2,1,01,B01
200700048623,0,02,000,00,1,1,01,A01
200700048624,0,07,000,00,1,2,21,A01
200700048625,0,07,000,14,0,1,01,A01
200700048626,0,31,000,00,2,1,15,A01
200700048626,0,07,000,00,2,3,01,B01
200700048627,0,07,000,00,2,7,15,A01
200700048627,0,33,000,00,2,1,01,B01
200700048628,0,07,000,01,2,1,13,A01
200700048628,0,07,000,00,2,3,01,B01
200700048628,0,32,000,00,2,1,01,C01
200700048629,0,07,000,00,2,1,13,A01
200700048629,0,07,000,00,2,3,01,B01
200700048630,0,30,000,00,2,1,01,A01
200700048630,0,07,000,00,2,3,01,B01
200700048631,0,07,000,10,2,8,01,A01
200700048631,0,07,000,00,2,8,01,B01
200700048632,0,07,000,00,2,3,15,A01
200700048632,0,02,000,00,2,1,17,B01
200700048633,0,07,000,00,2,3,15,A01
200700048633,0,31,000,00,2,1,01,B01
200700048634,0,07,000,00,2,2,15,A01
200700048634,0,02,000,00,2,1,01,B01
200700048635,0,33,000,00,2,1,01,A01
200700048635,0,07,000,00,4,5,01,B01
200700048636,0,34,000,00,2,4,16,B01
200700048636,0,07,000,00,1,2,02,A01
200700048637,0,07,000,01,0,3,00,A01
200700048638,0,32,000,01,2,6,01,B01
200700048638,0,07,000,00,2,2,10,A01
200700048639,0,07,000,00,4,2,09,A01
200700048639,0,30,000,00,2,2,01,B01
200700048640,0,02,000,00,2,1,01,B01
200700048640,0,07,000,00,2,1,20,A01
200700048641,0,32,000,00,2,1,01,B01
200700048641,0,07,000,00,2,1,15,A01
200700048642,0,07,000,00,2,1,01,A01
200700048642,0,32,000,00,2,1,01,B01
200700048643,0,30,000,01,2,1,18,A01
200700048643,0,07,000,00,2,2,01,B01
200700048644,0,07,000,00,1,1,01,A01
200700048645,0,07,000,00,2,1,01,B01
200700048645,0,07,000,00,2,1,01,A01
200700048646,0,01,000,00,2,4,01,B01
200700048646,0,07,000,00,2,5,16,A01
200700048647,0,30,000,00,2,5,01,A01
200700048647,0,10,000,00,2,1,01,B01
200700048648,0,07,000,00,2,1,00,A01
200700048649,0,32,000,00,2,1,01,B01
200700048649,0,07,000,00,2,1,01,A01
200700048650,0,07,000,00,2,3,10,A01
200700048650,0,30,000,00,2,1,01,B01
200700048651,0,07,000,00,2,1,16,A01
200700048651,0,30,000,00,1,1,18,B01
200700048652,0,30,000,12,0,1,00,A01
200700048653,0,07,000,00,2,2,16,A01
200700048653,0,30,000,00,2,1,07,B01
200700048654,0,31,000,00,2,1,00,A01
200700048655,0,30,000,00,2,1,01,A01
200700048655,0,07,000,00,2,4,00,B01
200700048656,0,07,000,00,2,1,01,A01
200700048656,0,07,000,00,2,4,01,B01
200700048657,0,32,000,00,1,2,01,A01
200700048658,0,07,000,00,2,1,06,A01
200700048658,0,32,000,00,2,1,01,B01
200700048659,0,01,000,00,1,1,00,A01
200700048660,0,07,000,00,2,2,15,A01
200700048660,0,31,000,00,2,1,01,B01
200700048661,0,30,000,00,2,1,00,A01
200700048661,0,33,000,00,2,2,00,B01
200700048662,0,07,000,00,2,7,15,A01
200700048662,0,32,000,00,2,1,18,B01
200700048663,0,30,000,00,2,4,00,B01
200700048663,0,07,000,00,2,1,00,A01
200700048664,0,07,000,00,2,1,02,A01
200700048664,0,07,000,00,2,4,01,B01
200700048665,0,30,000,00,2,1,01,A01
200700048665,0,30,000,01,2,1,01,B01
200700048666,0,30,000,00,2,1,09,A01
200700048666,0,07,000,00,2,1,01,B01
200700048667,0,07,000,00,2,1,01,B01
200700048667,0,07,000,00,2,2,15,A01
200700048668,0,32,000,00,2,1,11,A01
200700048668,0,07,000,00,2,5,01,B01
200700048669,0,30,000,00,2,1,01,A01
200700048669,0,07,000,00,2,4,01,B01
200700048670,0,07,000,00,2,3,15,A01
200700048670,0,33,000,00,2,1,17,B01
200700048671,0,07,000,00,2,3,11,A01
200700048671,0,33,000,00,2,1,01,B01
200700048671,0,07,000,00,2,4,02,C01
200700048672,0,32,000,00,2,1,01,A01
200700048672,0,07,000,00,2,3,15,B01
200700048673,0,07,000,00,2,2,22,A01
200700048673,0,32,000,00,2,1,01,B01
200700048674,0,07,000,00,2,1,01,B01
200700048674,0,07,000,00,2,3,09,A01
200700048675,0,07,000,00,2,3,15,A01
200700048675,0,30,000,00,2,1,01,B01
200700048676,0,07,000,00,2,1,14,A01
200700048676,0,30,000,00,2,1,01,B01
200700048677,1,07,000,00,2,1,12,A01
200700048677,0,32,000,00,2,4,23,B01
200700048678,0,31,000,00,0,1,01,A01
200700048679,0,07,000,00,2,8,15,A01
200700048679,0,30,000,00,2,1,17,B01
200700048680,0,32,000,00,2,1,01,A01
200700048680,0,07,000,00,2,3,15,B01
200700048681,0,02,000,01,0,1,01,A01
200700048682,0,30,000,00,2,1,02,A01
200700048682,0,07,000,00,2,5,01,B01
200700048683,0,07,000,00,2,5,15,A01
200700048683,0,33,000,00,2,1,01,B01
200700048684,0,02,000,00,2,1,02,A01
200700048684,0,07,000,00,2,4,01,B01
200700048685,0,07,000,00,1,3,01,A01
200700048686,0,02,000,00,0,0,01,A01
200700048687,0,33,000,00,2,7,01,B01
200700048687,0,07,000,00,2,1,09,A01
200700048688,0,02,000,00,2,1,18,A01
200700048688,0,07,000,00,0,7,15,B01
200700048689,0,07,000,00,1,2,01,A01
200700048690,0,30,000,00,2,1,13,A01
200700048690,0,10,000,00,0,8,14,B01
200700048691,0,07,000,01,0,2,14,A01
200700048692,0,30,000,00,0,0,00,A01
200700048693,0,01,000,00,0,0,00,A01
200700048694,0,07,000,00,1,2,01,A01
200700048695,0,30,000,00,0,0,01,A01
200700048696,0,07,000,10,0,0,00,A01
200700048697,0,07,000,02,0,1,00,A01
200700048698,0,30,000,00,2,0,02,A01
200700048699,0,07,000,00,1,1,01,A01
200700048700,0,32,000,00,0,0,00,A01
200700048701,0,02,000,00,0,0,00,A01
200700048702,0,10,000,00,2,1,01,A01
200700048702,0,07,000,00,0,4,02,B01
200700048703,0,30,000,00,0,0,00,A01
200700048704,0,01,000,00,0,4,01,A01
200700048704,1,30,000,00,2,2,17,B01
200700048705,0,07,000,00,2,1,02,A01
200700048705,0,07,000,00,0,4,23,B01
200700048706,0,10,000,00,2,3,13,A01
200700048706,0,10,000,00,0,3,01,B01
200700048707,0,07,000,00,2,1,00,A01
200700048707,0,07,000,00,0,1,01,B01
200700048708,0,07,000,00,1,1,01,A01
200700048709,0,30,000,00,2,1,02,A01
200700048709,0,07,000,00,0,4,16,B01
200700048710,0,33,000,00,0,0,00,A01
200700048711,0,07,000,00,2,1,13,A01
200700048711,0,07,000,00,0,1,23,B01
200700048712,0,07,000,00,1,0,01,A01
200700048713,0,07,000,02,2,6,15,A01
200700048713,0,34,000,00,2,1,21,B01
200700048714,0,02,000,00,2,1,01,A01
200700048714,0,07,000,00,0,8,01,B01
200700048715,0,31,000,00,2,1,17,A01
200700048715,0,10,000,00,0,3,01,B01
200700048716,1,30,000,00,2,0,00,A01
200700048716,0,32,000,00,2,0,01,B01
200700048717,0,32,000,00,5,0,01,A01
200700048718,0,07,000,00,2,3,15,A01
200700048718,0,33,000,00,2,7,01,B01
200700048719,0,33,000,03,0,3,21,A01
200700048720,0,07,000,00,2,8,15,A01
200700048721,0,07,000,00,2,2,09,A01
200700048721,0,05,000,00,2,3,13,B01
200700048722,0,07,000,00,2,8,02,A01
200700048722,0,05,000,00,2,0,02,B01
200700048723,0,33,000,00,1,1,01,A01
200700048724,0,01,000,00,2,1,05,A01
200700048724,0,07,000,00,2,3,01,B01
200700048725,0,33,000,12,0,9,01,A01
200700048726,0,07,000,00,2,1,02,A01
200700048726,0,07,000,00,2,4,02,B01
200700048727,0,32,000,00,2,1,02,B01
200700048727,0,07,000,00,2,3,09,A01
200700048728,0,30,000,00,1,1,07,A01
200700048729,0,02,000,00,2,1,02,A01
200700048729,0,31,000,00,2,4,02,B01
200700048730,0,02,000,00,2,1,01,A01
200700048730,0,07,000,00,2,4,23,B01
200700048731,0,02,000,00,2,0,01,B01
200700048731,1,07,000,00,2,0,01,A01
200700048732,0,07,000,01,2,1,01,A01
200700048732,0,34,000,00,2,3,01,B01
200700048733,0,07,000,00,2,2,01,A01
200700048733,0,07,000,00,2,1,01,B01
200700048734,0,07,000,00,2,3,01,B01
200700048734,1,07,000,00,2,3,01,A01
200700048735,0,07,000,01,0,3,01,A01
200700048736,0,07,000,00,2,3,15,A01
200700048736,0,33,000,00,2,7,02,B01
200700048737,0,07,000,00,2,8,15,A01
200700048737,0,32,000,00,2,7,17,B01
200700048738,0,31,000,00,2,2,02,A01
200700048738,0,02,000,00,2,1,01,B01
200700048739,0,05,000,00,2,1,00,A01
200700048739,0,07,000,00,2,6,01,B01
200700048740,0,10,000,00,2,3,16,A01
200700048740,0,07,000,00,2,8,01,B01
200700048741,0,07,000,00,0,0,00,A01
200700048741,0,02,000,00,0,1,01,B01
200700048742,1,07,000,00,2,0,13,A01
200700048742,0,05,000,01,2,7,02,B01
200700048743,0,07,000,00,2,1,02,A01
200700048743,0,07,000,00,2,4,02,B01
200700048744,0,07,000,00,0,0,00,A01
200700048745,0,30,000,00,2,8,15,A01
200700048745,0,07,000,00,2,6,01,B01
200700048746,0,02,000,00,1,1,11,A01
200700048747,0,07,000,00,2,8,00,A01
200700048747,0,32,000,00,2,1,03,B01
200700048748,0,07,000,00,2,1,02,A01
200700048748,0,01,000,00,2,0,00,B01
200700048749,0,07,000,00,2,1,05,A01
200700048749,0,02,000,00,2,8,02,B01
200700048750,0,07,000,00,2,1,01,A01
200700048751,0,07,000,00,2,3,01,A01
200700048751,0,10,000,00,2,5,01,B01
200700048752,0,07,000,00,2,6,11,A01
200700048752,0,01,000,00,2,2,01,B01
200700048753,0,02,000,00,2,1,01,A01
200700048753,0,07,000,00,2,2,01,B01
200700048754,0,07,000,00,2,7,01,A01
200700048755,0,13,000,00,1,1,01,A01
200700048756,0,07,000,14,0,1,17,A01
200700048756,0,32,000,00,0,4,23,B01
200700048757,0,32,000,00,2,1,02,A01
200700048757,0,07,000,00,2,5,16,B01
200700048758,0,07,000,00,2,1,02,A01
200700048758,0,07,000,00,2,2,02,B01
200700048759,0,07,000,00,2,2,16,A01
200700048759,0,02,000,00,2,8,07,B01
200700048760,0,99,000,00,2,3,09,A01
200700048760,0,32,000,00,2,2,21,B01
200700048761,0,07,000,00,2,1,01,A01
200700048761,0,07,000,00,2,3,01,B01
200700048762,0,01,000,00,1,1,01,A01
200700048763,0,30,000,00,2,1,02,A01
200700048763,0,07,000,00,2,6,15,B01
200700048764,0,02,000,00,2,7,00,A01
200700048764,0,07,000,00,2,6,00,B01
200700048765,0,07,000,00,2,7,01,A01
200700048765,0,07,000,00,2,3,01,B01
200700048766,0,07,000,08,2,1,14,A01
200700048766,0,37,000,00,2,0,01,B01
200700048767,0,07,000,00,2,6,10,A01
200700048767,0,31,000,00,2,1,17,B01
200700048768,0,02,000,00,2,8,01,A01
200700048768,0,07,000,00,2,2,16,B01
200700048769,0,31,000,00,2,2,09,A01
200700048769,0,07,000,00,2,4,01,B01
200700048770,0,07,000,00,2,1,02,A01
200700048770,0,01,000,00,2,0,02,B01
200700048771,0,05,000,00,2,1,01,A01
200700048771,0,07,000,00,2,5,01,B01
200700048772,0,07,000,00,2,1,01,A01
200700048772,0,07,000,14,0,4,01,B01
200700048773,0,02,000,00,2,3,01,A01
200700048773,0,31,000,00,2,1,01,B01
200700048774,0,32,000,00,2,1,02,A01
200700048774,0,31,000,00,2,4,01,B01
200700048775,0,33,000,00,2,1,02,A01
200700048775,0,17,000,00,2,4,02,B01
200700048776,0,07,000,00,1,1,15,A01
200700048777,0,02,000,03,0,0,14,A01
200700048778,0,30,000,00,2,1,01,A01
200700048778,0,07,000,00,2,6,00,B01
200700048779,0,02,000,01,2,2,18,A01
200700048779,0,07,000,00,2,0,02,B01
200700048780,0,02,000,00,2,1,01,A01
200700048780,0,07,000,00,2,5,01,B01
200700048781,0,32,000,00,2,1,01,B01
200700048781,0,07,000,00,2,7,09,A01
200700048782,0,07,000,00,2,3,06,A01
200700048782,0,02,000,00,2,1,09,B01
200700048783,0,07,000,00,1,1,02,A01
200700048784,0,07,000,00,2,7,12,A01
200700048784,0,32,000,00,2,8,01,B01
200700048785,0,02,000,00,2,1,01,A01
200700048785,0,07,000,00,2,3,01,B01
200700048786,0,02,000,00,2,1,02,A01
200700048786,0,07,000,00,0,4,02,B01
200700048787,0,02,000,05,0,7,01,A01
200700048788,0,07,000,00,0,0,01,B01
200700048788,0,07,000,00,2,6,01,A01
200700048789,0,07,000,00,2,3,17,A01
200700048789,0,33,000,01,2,3,01,B01
200700048790,0,32,000,00,2,3,16,A01
200700048790,0,07,000,00,1,8,20,B01
200700048791,0,33,000,00,1,1,02,A01
200700048792,0,07,000,00,2,1,01,B01
200700048792,0,32,000,00,2,1,15,A01
200700048793,0,32,000,00,2,0,21,A01
200700048793,0,07,000,00,0,0,10,B01
200700048794,0,07,000,00,1,0,02,A01
200700048795,0,02,000,00,2,3,16,A01
200700048795,0,07,000,00,2,5,02,B01
200700048796,0,05,000,00,2,8,01,B01
200700048796,0,07,000,00,2,3,01,A01
200700048797,0,02,000,00,2,6,01,A01
200700048797,0,07,000,00,2,3,00,B01
200700048798,0,37,001,00,2,3,01,B01
200700048798,0,07,000,00,2,1,01,A01
200700048799,0,07,000,00,2,3,00,A01
200700048799,0,07,000,00,2,5,00,B01
200700048800,1,02,000,00,1,1,00,A01
200700048801,0,02,000,00,2,1,01,B01
200700048801,0,07,000,00,2,3,15,A01
200700048802,0,07,000,00,2,1,01,A01
200700048802,0,07,000,00,2,4,01,B01
200700048803,0,02,000,00,2,1,02,A01
200700048803,0,07,000,00,2,4,02,B01
200700048804,0,07,000,00,1,1,01,A01
200700048805,0,07,000,00,2,1,01,A01
200700048805,0,14,000,00,2,2,15,B01
200700048806,0,02,000,00,2,8,01,A01
200700048806,0,07,000,00,2,7,01,B01
200700048807,0,07,000,00,2,3,15,A01
200700048807,0,30,000,00,2,1,01,B01
200700048808,0,07,000,00,2,3,01,A01
200700048808,0,05,000,00,2,1,01,B01
200700048809,0,07,000,00,1,4,04,A01
200700048810,0,02,000,00,2,1,02,A01
200700048810,0,07,000,00,2,1,02,B01
200700048811,0,30,000,00,0,7,16,A01
200700048812,0,10,000,00,2,2,15,A01
200700048812,0,07,000,00,0,6,23,B01
200700048813,0,05,000,00,2,1,02,B01
200700048813,0,07,000,00,2,2,16,A01
200700048814,0,07,000,00,2,1,02,A01
200700048814,0,07,000,00,2,4,23,B01
200700048814,0,07,000,00,2,4,23,C01
200700048815,0,07,000,00,2,1,01,A01
200700048815,0,07,000,00,2,4,01,B01
200700048816,0,07,000,00,2,3,01,A01
200700048816,0,07,000,00,2,1,01,B01
200700048817,0,99,000,00,2,3,15,A01
200700048817,0,02,000,00,2,7,17,B01
200700048818,0,31,000,00,2,2,17,A01
200700048818,0,07,000,00,2,1,09,B01
200700048819,0,07,000,00,2,2,02,A01
200700048819,0,07,000,00,2,1,02,B01
200700048820,0,02,000,00,2,1,01,A01
200700048820,0,07,000,00,2,4,01,B01
200700048821,0,05,000,00,2,2,01,A01
200700048821,0,02,000,00,2,3,01,B01
200700048822,0,02,000,00,2,7,01,A01
200700048822,0,07,000,00,2,1,01,B01
200700048823,0,07,000,00,2,2,01,A01
200700048823,0,07,000,00,2,1,01,B01
200700048824,0,07,000,00,2,3,15,A01
200700048824,0,02,000,00,2,7,01,B01
200700048825,0,07,000,05,0,7,01,A01
200700048826,0,37,001,00,2,2,16,A01
200700048826,0,01,000,00,2,4,01,B01
200700048827,0,07,000,00,2,1,01,A01
200700048827,0,07,000,14,2,2,01,B01
200700048828,0,07,000,00,2,3,09,A01
200700048828,0,02,000,00,2,1,02,B01
200700048829,0,07,000,00,2,6,15,A01
200700048829,0,33,000,00,2,0,01,B01
200700048830,0,02,000,00,2,0,00,A01
200700048830,0,07,000,00,2,8,01,B01
200700048831,0,07,000,00,2,1,15,A01
200700048831,0,31,000,00,2,2,01,B01
200700048832,0,07,000,00,2,7,00,A01
200700048832,0,07,000,00,2,8,01,B01
200700048833,0,07,000,00,2,1,15,A01
200700048833,0,30,000,00,2,3,01,B01
200700048834,0,07,000,00,2,8,24,A01
200700048834,0,33,000,00,2,2,18,B01
200700048834,0,07,000,00,2,7,23,C01
200700048835,0,07,000,00,2,3,15,A01
200700048835,0,18,000,00,2,1,01,B01
200700048836,0,07,000,00,2,3,15,A01
200700048836,0,05,000,00,2,1,17,B01
200700048837,0,07,000,00,2,3,01,A01
200700048837,0,02,000,00,2,4,15,B01
200700048838,0,07,000,00,2,2,01,A01
200700048838,0,07,000,00,2,8,01,B01
200700048839,0,07,000,00,2,7,01,A01
200700048839,0,05,000,00,2,9,01,B01
200700048840,0,32,000,00,2,1,01,A01
200700048840,0,33,000,00,2,4,01,B01
200700048841,0,07,000,00,2,2,15,A01
200700048841,0,30,000,00,2,2,01,B01
200700048842,0,07,000,00,1,2,01,A01
200700048843,0,07,000,00,2,5,01,A01
200700048843,0,07,000,00,2,1,16,B01
200700048844,0,07,000,00,2,2,10,A01
200700048844,0,33,000,00,2,8,01,B01
200700048845,0,10,000,00,2,3,15,A01
200700048845,0,02,000,00,2,1,17,B01
200700048846,0,07,000,01,1,3,00,A01
200700048847,0,33,000,00,2,1,01,B01
200700048847,0,07,000,00,2,8,01,A01
200700048848,0,34,000,00,0,8,17,A01
200700048849,0,01,000,00,2,7,17,A01
200700048849,0,07,000,00,2,8,01,B01
200700048850,0,07,000,00,2,1,01,A01
200700048850,0,02,000,00,2,1,01,B01
200700048851,0,07,000,06,0,1,13,A01
200700048852,0,07,000,00,2,1,15,A01
200700048852,0,02,000,00,2,7,00,B01
200700048853,0,07,000,00,2,3,01,B01
200700048853,0,02,000,00,2,1,01,A01
200700048854,0,07,000,00,2,1,01,A01
200700048854,0,07,000,00,2,4,01,B01
200700048854,0,07,000,00,0,4,01,C01
200700048855,1,07,000,00,2,1,01,A01
200700048855,0,07,000,00,0,4,23,B01
200700048856,0,10,000,01,1,4,04,A01
200700048857,0,07,000,06,0,1,14,A01
200700048858,0,07,000,00,1,2,20,A01
200700048859,0,07,000,00,2,1,15,A01
200700048859,0,30,000,00,2,1,01,B01
200700048860,0,33,000,01,0,9,02,A01
200700048861,0,07,000,00,2,7,19,A01
200700048861,0,07,000,00,2,1,01,B01
200700048862,0,07,000,02,2,1,07,A01
200700048862,0,07,000,00,2,7,01,B01
200700048863,0,05,000,00,2,1,01,B01
200700048863,0,07,000,00,2,2,15,A01
200700048864,0,07,000,00,2,2,01,B01
200700048864,0,07,000,00,2,1,15,A01
200700048865,0,07,000,00,2,1,13,A01
200700048865,0,05,000,00,2,1,01,B01
200700048866,2,07,000,06,0,1,00,A01
200700048867,0,07,000,02,0,1,01,A01
200700048868,0,02,000,00,2,3,17,A01
200700048868,0,10,000,00,2,3,15,B01
200700048869,0,07,000,00,2,5,02,C01
200700048869,0,07,000,00,2,3,02,B01
200700048869,0,07,000,00,2,1,02,A01
200700048870,0,07,000,00,2,1,02,B01
200700048870,0,07,000,00,0,4,02,A01
200700048871,0,07,000,00,2,1,02,A01
200700048871,0,32,000,00,2,0,13,B01
200700048872,0,07,000,00,2,8,10,A01
200700048872,0,33,000,00,2,8,02,B01
200700048873,0,07,000,00,1,1,02,A01
200700048874,0,33,000,00,2,1,02,A01
200700048874,0,07,000,00,0,5,23,B01
200700048875,0,07,000,00,2,2,12,B01
200700048875,0,31,000,00,2,1,01,A01
200700048876,0,33,000,00,2,7,01,B01
200700048876,1,07,000,00,2,1,16,A01
200700048877,0,02,000,00,2,1,01,A01
200700048877,0,07,000,00,2,4,01,B01
200700048878,0,15,000,00,0,7,15,A01
200700048879,0,07,000,00,2,1,01,A01
200700048879,0,02,000,00,2,1,01,B01
200700048880,0,07,000,00,2,4,15,A01
200700048880,0,33,000,00,2,1,01,B01
200700048881,0,07,000,00,1,1,16,A01
200700048882,0,07,000,00,2,2,17,A01
200700048882,0,07,000,00,2,3,17,B01
200700048883,0,07,000,00,2,1,01,A01
200700048883,0,07,000,00,2,2,01,B01
200700048884,0,33,000,05,0,2,00,A01
200700048885,0,31,000,00,1,1,01,A01
200700048886,0,34,000,00,1,1,01,A01
200700048887,0,33,000,00,2,1,00,A01
200700048887,0,15,000,00,2,3,00,B01
200700048888,0,13,000,00,2,2,17,A01
200700048888,0,17,000,00,0,6,02,B01
200700048889,0,30,000,00,0,8,19,A01
200700048889,0,17,000,00,2,2,02,B01
200700048890,0,07,000,00,2,3,16,A01
200700048890,0,07,000,00,2,3,01,B01
200700048891,0,01,000,00,2,1,05,A01
200700048891,0,07,000,00,9,1,01,B01
200700048892,0,07,000,00,2,1,01,A01
200700048892,0,07,000,00,2,8,01,B01
200700048893,0,07,000,00,0,0,00,A01
200700048893,0,02,000,00,0,0,00,B01
200700048894,2,99,000,00,2,1,17,A01
200700048894,0,07,000,00,2,8,11,B01