Num_Acc,senc,catv,occutc,obs,obsm,choc,manv,num_veh
200700048895,0,33,000,00,2,1,02,A01
200700048895,0,07,000,00,0,5,02,B01
200700048896,0,30,000,00,0,8,01,A01
200700048897,0,30,000,00,0,0,00,A01
200700048898,0,99,000,00,0,1,02,A01
200700048898,0,07,000,00,0,4,02,B01
200700048898,0,07,000,00,0,6,02,C01
200700048899,0,07,000,00,9,8,16,A01
200700048899,0,01,000,00,2,1,21,B01
200700048900,0,07,000,00,9,8,00,A01
200700048900,0,01,000,00,2,1,00,B01
200700048901,0,07,000,00,1,0,00,A01
200700048902,0,07,000,00,1,0,20,A01
200700048903,0,07,000,00,2,0,10,A01
200700048903,0,01,000,00,2,0,01,B01
200700048904,0,30,000,00,2,1,05,A01
200700048904,0,07,000,00,2,3,05,B01
200700048905,0,07,000,00,2,7,00,A01
200700048905,0,07,000,01,2,8,00,B01
200700048906,0,07,000,00,1,3,01,A01
200700048907,0,32,000,00,2,2,17,A01
200700048907,0,07,000,00,2,8,15,B01
200700048908,0,33,000,00,2,6,03,A01
200700048908,0,07,000,00,2,3,16,B01
200700048908,0,07,000,00,2,3,01,C01
200700048909,0,07,000,00,2,4,02,A01
200700048910,1,32,000,00,1,1,00,A01
200700048911,0,01,000,00,0,0,01,A01
200700048912,0,07,000,15,0,1,02,A01
200700048913,0,07,000,00,2,3,00,A01
200700048913,0,07,000,01,0,2,00,B01
200700048914,0,07,000,00,0,0,00,A01
200700048914,0,30,000,00,0,0,00,B01
200700048915,0,07,000,00,2,6,21,A01
200700048915,0,32,000,00,2,1,01,B01
200700048915,1,07,000,00,0,0,06,C01
200700048916,0,32,000,04,0,7,13,A01
200700048917,0,07,000,00,2,3,00,A01
200700048917,0,02,000,00,2,1,05,B01
200700048918,2,07,000,01,0,2,01,A01
200700048918,0,07,000,00,2,6,00,B01
200700048919,0,33,000,00,2,1,17,A01
200700048919,0,07,000,00,2,3,15,B01
200700048920,0,30,000,00,0,1,00,A01
200700048921,0,07,000,00,0,0,00,A01
200700048921,0,02,000,00,0,0,00,B01
200700048922,0,07,000,07,0,3,11,A01
200700048923,0,33,000,00,2,2,01,A01
200700048923,0,07,000,00,2,3,01,C01
200700048923,0,10,000,00,2,2,01,B01
200700048924,0,30,000,00,2,0,00,A01
200700048924,1,07,000,00,0,0,00,B01
200700048925,0,30,000,00,2,3,07,A01
200700048925,0,07,000,00,2,2,02,B01
200700048926,0,33,000,00,2,2,01,B01
200700048926,0,07,000,00,2,7,15,A01
200700048927,0,30,000,00,2,2,13,B01
200700048927,1,07,000,00,0,0,10,A01
200700048928,0,32,000,00,2,2,02,A01
200700048928,0,07,000,00,2,6,02,B01
200700048929,0,07,000,00,2,2,09,A01
200700048929,0,07,000,00,2,3,02,B01
200700048930,0,07,000,00,2,1,02,A01
200700048930,0,07,000,00,0,4,23,B01
200700048930,0,07,000,00,2,4,23,C01
200700048931,0,07,000,00,0,8,15,A01
200700048931,0,07,000,00,2,1,01,B01
200700048932,0,07,000,00,2,1,00,A01
200700048932,0,30,000,00,2,1,05,B01
200700048933,0,07,000,00,2,2,15,A01
200700048933,0,07,000,00,2,1,01,B01
200700048934,0,07,000,00,2,2,19,A01
200700048934,0,32,000,00,2,1,01,B01
200700048935,0,07,000,00,2,1,02,A01
200700048935,0,07,000,00,0,4,02,B01
200700048936,0,30,000,00,0,0,01,A01
200700048937,0,37,044,00,0,0,00,A01
200700048938,0,07,000,00,1,2,00,A01
200700048939,0,30,000,00,2,1,17,A01
200700048939,0,07,000,00,2,3,15,B01
200700048940,0,07,000,00,2,8,02,B01
200700048940,0,32,000,00,2,7,00,C01
200700048940,0,10,000,00,2,2,01,A01
200700048941,0,33,000,00,2,0,00,B01
200700048941,1,07,000,00,2,0,00,A01
200700048942,0,32,000,00,0,1,01,A01
200700048942,1,07,000,00,0,3,15,B01
200700048943,0,07,000,00,0,2,00,A01
200700048944,0,10,000,00,2,2,02,A01
200700048944,0,07,000,00,2,4,23,B01
200700048945,0,33,000,00,2,1,00,A01
200700048945,0,07,000,00,0,6,00,B01
200700048946,0,07,000,00,2,1,15,A01
200700048946,0,32,000,00,2,1,01,B01
200700048947,0,07,000,00,2,6,15,A01
200700048947,0,33,000,00,2,1,17,B01
200700048948,0,07,000,00,2,7,05,A01
200700048948,0,07,000,00,2,1,01,B01
200700048949,0,07,000,00,1,1,01,A01
200700048950,0,07,000,00,2,2,13,A01
200700048950,0,30,000,00,2,1,01,B01
200700048951,0,30,000,00,2,0,01,A01
200700048951,0,07,000,00,2,0,01,B01
200700048952,0,31,000,00,0,0,00,A01
200700048952,0,07,000,00,0,3,00,B01
200700048953,0,07,000,00,2,1,02,A01
200700048953,0,07,000,00,2,4,02,B01
200700048953,0,07,000,00,2,4,02,C01
200700048953,0,07,000,00,2,4,02,D01
200700048954,0,07,000,00,1,1,02,A01
200700048955,0,30,000,00,0,3,07,A01
200700048956,0,32,000,00,2,8,01,B01
200700048956,0,07,000,00,2,1,01,A01
200700048957,0,07,000,00,0,3,09,A01
200700048957,0,31,000,00,0,0,00,B01
200700048958,0,07,000,00,2,1,15,A01
200700048958,0,07,000,00,2,6,02,B01
200700048958,0,07,000,00,2,1,02,C01
200700048959,0,07,000,00,0,0,00,A01
200700048959,0,34,000,00,0,0,00,B01
200700048960,0,02,000,00,2,3,09,A01
200700048960,0,37,000,00,9,3,00,B01
200700048961,0,07,000,08,0,1,14,A01
200700048962,0,30,000,00,2,1,02,A01
200700048962,0,07,000,00,2,4,02,B01
200700048963,0,07,000,00,2,4,04,A01
200700048963,0,02,000,00,2,1,01,B01
200700048964,0,07,000,00,2,1,02,A01
200700048964,0,07,000,00,2,4,02,B01
200700048965,0,07,000,00,2,7,00,A01
200700048965,0,33,000,00,2,0,02,B01
200700048965,0,07,000,00,2,8,00,C01
200700048966,0,30,000,00,2,1,02,B01
200700048966,0,33,000,00,2,7,02,A01
200700048967,0,07,000,00,2,2,15,A01
200700048967,0,30,000,00,2,1,05,B01
200700048968,0,30,000,00,2,7,01,B01
200700048968,0,07,000,00,2,1,01,A01
200700048969,0,07,000,12,0,0,00,A01
200700048970,0,31,000,00,2,1,01,A01
200700048970,0,07,000,00,0,6,13,B01
200700048971,1,07,000,00,2,2,12,A01
200700048971,0,10,000,08,0,9,01,B01
200700048972,0,14,000,08,0,1,19,A01
200700048973,0,07,000,00,2,7,00,A01
200700048973,0,34,000,00,2,8,00,B01
200700048974,0,07,000,00,1,2,01,A01
200700048975,0,07,000,00,2,1,02,A01
200700048975,0,07,000,00,2,4,02,B01
200700048976,0,07,000,11,2,7,16,A01
200700048976,0,07,000,00,2,8,15,B01
200700048977,0,07,000,00,2,3,09,A01
200700048977,0,32,000,00,2,7,21,B01
200700048978,0,02,000,00,2,1,15,A01
200700048978,0,07,000,00,2,8,15,B01
200700048979,0,33,000,00,2,1,02,A01
200700048979,0,07,000,00,2,3,15,B01
200700048980,0,07,000,00,2,3,13,A01
200700048980,0,07,000,00,2,3,01,B01
200700048981,0,07,000,00,0,1,01,A01
200700048982,0,07,000,00,2,3,15,A01
200700048982,0,02,000,00,2,1,02,B01
200700048983,0,07,000,00,1,1,02,A01
200700048984,0,30,000,00,2,1,05,A01
200700048984,0,07,000,00,2,8,16,B01
200700048985,0,02,000,00,2,2,05,A01
200700048985,0,07,000,00,2,3,00,B01
200700048986,0,07,000,00,2,3,00,B01
200700048986,0,07,000,00,2,2,00,A01
200700048987,0,31,000,00,0,3,02,A01
200700048987,0,15,000,00,0,7,02,B01
200700048988,0,30,000,00,2,2,01,A01
200700048988,0,07,000,00,2,3,01,B01
200700048989,0,07,000,00,0,3,10,A01
200700048989,0,33,000,00,2,1,00,B01
200700048990,0,02,000,00,2,1,01,A01
200700048990,0,07,000,00,0,4,23,B01
200700048991,0,14,000,00,2,1,01,A01
200700048991,0,07,000,00,0,4,01,B01
200700048992,0,32,000,00,0,1,00,A01
200700048993,0,07,000,06,1,1,01,A01
200700048994,0,07,000,00,2,4,02,A01
200700048994,0,07,000,00,0,4,02,B01
200700048994,1,07,000,00,2,0,02,C01
200700048995,0,01,000,00,0,0,11,A01
200700048996,0,07,000,00,2,8,06,A01
200700048996,0,33,000,00,2,1,01,B01
200700048997,0,07,000,00,2,1,01,A01
200700048997,0,07,000,00,0,4,01,B01
200700048998,0,30,000,00,2,1,01,A01
200700048998,0,07,000,00,2,2,01,B01
200700048999,0,07,000,00,2,3,15,A01
200700048999,0,34,000,00,2,3,01,B01
200700049000,0,07,000,00,2,1,13,A01
200700049000,0,07,000,00,2,1,01,B01
200700049001,1,30,000,00,1,2,00,A01
200700049002,0,07,000,00,0,6,04,A01
200700049003,0,07,000,00,2,3,00,A01
200700049003,0,07,000,00,2,6,00,B01
200700049004,0,32,000,00,0,0,00,A01
200700049005,0,07,000,00,2,3,15,A01
200700049005,0,32,000,00,2,1,17,B01
200700049006,0,30,000,00,2,1,03,A01
200700049006,0,07,000,00,2,3,15,B01
200700049007,0,07,000,00,2,2,02,A01
200700049007,0,33,000,00,2,1,01,B01
200700049008,0,07,000,01,0,3,01,A01
200700049009,0,32,000,00,2,2,02,A01
200700049009,0,07,000,00,2,8,02,B01
200700049010,0,07,000,00,2,3,15,A01
200700049010,0,31,000,00,2,7,17,B01
200700049011,0,34,000,00,2,6,09,A01
200700049011,0,34,000,00,2,3,09,B01
200700049012,0,07,000,00,2,7,09,A01
200700049012,0,31,000,00,2,1,01,B01
200700049013,0,33,000,00,2,2,17,A01
200700049013,0,07,000,00,2,8,15,B01
200700049014,0,07,000,00,2,1,17,A01
200700049015,0,07,000,01,0,2,01,A01
200700049016,0,07,000,00,2,7,15,A01
200700049016,0,07,000,00,2,1,01,B01
200700049017,0,07,000,00,2,3,15,A01
200700049017,0,31,000,00,2,1,01,B01
200700049018,0,07,000,00,2,3,15,A01
200700049018,0,32,000,00,2,1,02,B01
200700049019,0,13,000,00,5,1,21,A01
200700049019,0,07,000,00,0,0,01,B01
200700049020,0,07,000,00,1,3,16,A01
200700049021,0,10,000,12,2,1,09,A01
200700049021,0,07,000,06,2,2,02,B01
200700049022,0,07,000,00,2,1,02,B01
200700049022,0,07,000,00,2,8,15,A01
200700049023,0,07,000,00,2,0,15,A01
200700049023,0,33,000,00,2,0,21,B01
200700049024,0,07,000,01,1,2,21,A01
200700049024,0,07,000,00,2,3,00,B01
200700049025,0,07,000,00,0,4,02,A01
200700049025,0,07,000,00,2,1,02,B01
200700049026,0,31,000,00,2,1,01,A01
200700049026,0,07,000,00,0,3,09,B01
200700049027,0,07,000,00,2,1,02,A01
200700049027,0,07,000,00,2,4,02,B01
200700049028,0,30,000,00,0,8,01,A01
200700049029,0,34,000,00,0,0,00,A01
200700049030,0,07,000,00,1,7,01,A01
200700049031,0,07,000,00,2,2,10,A01
200700049031,0,99,000,00,2,3,01,B01
200700049032,0,07,000,00,2,7,20,A01
200700049032,0,01,000,00,2,1,01,B01
200700049033,0,07,000,00,2,6,15,A01
200700049033,0,34,000,00,2,1,02,B01
200700049034,0,07,000,00,2,8,11,A01
200700049034,0,33,000,00,2,7,01,B01
200700049035,0,34,000,00,0,1,00,A01
200700049036,0,02,000,00,2,7,17,B01
200700049036,1,99,000,00,2,3,15,A01
200700049037,0,07,000,01,0,2,01,A01
200700049038,0,07,000,04,0,1,02,A01
200700049039,0,31,000,00,0,7,00,A01
200700049040,0,07,000,00,0,4,23,B01
200700049040,0,07,000,00,2,1,01,A01
200700049041,0,07,000,00,2,4,02,C01
200700049041,0,07,000,00,2,9,02,B01
200700049041,0,07,000,00,2,1,02,A01
200700049042,0,07,000,00,2,7,01,B01
200700049042,0,07,000,00,2,3,01,A01
200700049043,0,33,000,00,2,7,17,B01
200700049043,0,07,000,00,0,8,10,A01
200700049044,2,30,000,00,2,3,01,A01
200700049044,0,02,000,00,2,7,00,B01
200700049045,0,07,000,00,0,4,00,B01
200700049045,0,07,000,00,2,1,02,A01
200700049046,0,07,000,00,2,1,02,B01
200700049046,0,30,000,00,2,7,02,A01
200700049047,0,30,000,00,2,3,01,B01
200700049047,0,07,000,00,2,1,15,A01
200700049048,0,07,000,00,0,0,00,C01
200700049048,0,07,000,00,0,0,00,B01
200700049048,0,07,000,00,0,0,00,A01
200700049049,0,33,000,00,2,4,01,B01
200700049049,0,32,000,00,2,1,12,A01
200700049050,0,07,000,00,2,2,09,B01
200700049050,0,07,000,15,2,1,12,A01
200700049051,0,07,000,00,2,3,01,B01
200700049051,0,07,000,00,2,3,16,A01
200700049052,0,33,000,00,2,8,00,B01
200700049052,0,07,000,00,2,2,00,A01
200700049053,0,07,000,00,2,8,01,B01
200700049053,0,07,000,00,2,1,01,A01
200700049054,0,07,000,00,2,6,19,B01
200700049054,0,30,000,00,2,1,00,A01
200700049055,0,33,000,00,2,1,01,B01
200700049055,0,07,000,00,2,8,10,A01
200700049056,0,10,000,00,1,1,01,A01
200700049057,0,07,000,00,2,4,02,B01
200700049057,0,07,000,00,2,1,02,A01
200700049058,0,07,000,00,2,2,01,B01
200700049058,0,32,000,00,2,6,01,A01
200700049059,0,33,000,00,1,1,00,A01
200700049060,0,07,000,00,1,1,15,A01
200700049061,0,34,000,00,2,1,17,B01
200700049061,0,07,000,00,2,8,15,A01
200700049062,1,07,000,00,2,1,00,A01
200700049062,0,32,000,00,2,1,00,B01
200700049063,0,17,000,00,2,6,24,B01
200700049063,0,30,000,01,0,6,01,A01
200700049064,0,07,000,00,1,4,04,A01
200700049065,0,07,000,00,1,3,04,A01
200700049066,0,33,000,01,0,1,01,B01
200700049066,0,07,000,00,2,0,10,A01
200700049067,0,07,000,00,0,5,00,B01
200700049067,0,02,000,00,2,1,01,A01
200700049068,0,07,000,00,0,3,01,B01
200700049068,0,32,000,00,1,1,02,A01
200700049069,0,07,000,00,2,3,01,B01
200700049069,0,07,000,00,2,2,19,A01
200700049070,0,07,000,00,0,4,00,A01
200700049071,0,37,004,00,0,5,02,A01
200700049072,0,07,000,00,1,1,00,A01
200700049073,0,14,000,00,0,2,01,C01
200700049073,0,07,000,00,0,8,01,B01
200700049073,0,32,000,00,2,7,03,A01
200700049074,0,32,000,00,2,1,02,B01
200700049074,0,07,000,00,2,2,15,A01
200700049075,0,33,000,00,0,8,02,A01
200700049076,0,07,000,00,2,1,05,B01
200700049076,0,07,000,00,2,2,05,A01
200700049077,0,07,000,00,2,3,01,B01
200700049077,0,07,000,00,2,2,09,A01
200700049078,0,33,000,00,2,3,01,B01
200700049078,0,10,000,00,2,3,15,A01
200700049079,0,34,000,00,0,4,01,B01
200700049079,0,07,000,00,0,1,01,A01
200700049080,0,01,000,00,2,2,01,B01
200700049080,0,07,000,00,2,3,15,A01
200700049081,0,32,000,00,2,8,02,B01
200700049081,0,07,000,00,0,2,14,A01
200700049082,0,07,000,00,2,6,24,C01
200700049082,0,07,000,00,2,5,15,B01
200700049082,0,07,000,00,2,1,00,A01
200700049083,0,31,000,00,2,5,01,B01
200700049083,0,15,000,00,9,3,15,A01
200700049084,0,07,000,00,0,4,02,B01
200700049084,0,07,000,00,2,1,02,A01
200700049085,0,30,000,00,2,8,01,B01
200700049085,0,17,000,00,2,5,17,A01
200700049086,0,99,000,00,2,1,17,B01
200700049086,0,07,000,00,0,3,13,A01
200700049087,0,33,000,14,0,1,01,A01
200700049088,0,07,000,00,2,4,01,C01
200700049088,0,07,000,00,2,4,23,B01
200700049088,0,07,000,00,2,1,01,A01
200700049089,0,37,000,00,9,5,17,A01
200700049090,0,33,000,00,2,1,01,A01
200700049090,0,07,000,00,2,5,09,B01
200700049091,0,07,000,00,9,1,01,A01
200700049091,0,30,000,00,0,0,01,B01
200700049092,0,30,000,00,2,7,09,A01
200700049092,0,07,000,00,2,3,02,B01
200700049093,0,37,000,00,1,2,07,A01
200700049094,0,07,000,00,2,2,15,A01
200700049094,0,07,000,00,2,1,01,B01
200700049095,0,07,000,00,2,3,09,A01
200700049095,0,30,000,00,2,1,02,B01
200700049096,0,32,000,00,0,2,23,A01
200700049097,0,30,000,00,2,1,01,A01
200700049098,0,07,000,00,0,7,12,A01
200700049098,0,32,000,00,2,1,02,B01
200700049099,0,07,000,00,0,2,10,A01
200700049099,0,31,000,00,2,1,03,B01
200700049100,0,07,000,08,0,1,01,A01
200700049101,0,07,000,08,0,1,01,A01
200700049102,0,32,000,00,2,1,17,B01
200700049102,0,07,000,00,2,1,15,A01
200700049103,0,07,000,00,2,3,19,A01
200700049103,0,32,000,00,2,1,02,B01
200700049104,0,37,004,00,9,2,01,B01
200700049104,0,10,000,00,9,3,00,A01
200700049105,0,31,000,08,0,3,02,A01
200700049105,0,07,000,00,0,3,11,B01
200700049106,0,07,000,00,2,3,00,A01
200700049106,0,34,000,00,2,5,01,B01
200700049107,0,02,000,00,2,1,00,A01
200700049107,0,07,000,00,2,3,09,B01
200700049108,0,32,000,00,1,1,01,A01
200700049109,0,07,000,00,2,1,01,B01
200700049109,0,10,000,00,2,1,01,A01
200700049110,0,33,000,00,2,1,02,A01
200700049110,0,07,000,00,2,4,02,B01
200700049111,0,02,000,00,2,1,15,A01
200700049111,0,07,000,00,2,2,15,B01
200700049112,0,07,000,00,2,3,11,A01
200700049112,0,33,000,00,2,1,01,B01
200700049113,1,07,000,00,0,0,00,A01
200700049113,0,07,000,00,2,4,09,B01
200700049113,0,34,000,00,0,4,02,C01
200700049114,0,15,000,00,2,8,01,B01
200700049114,0,07,000,00,2,8,05,A01
200700049115,0,07,000,00,1,3,01,A01
200700049116,0,10,000,00,1,0,01,A01
200700049117,0,07,000,00,2,3,01,B01
200700049117,0,33,000,08,2,7,16,A01
200700049118,0,07,000,00,2,1,02,A01
200700049118,0,07,000,03,2,4,02,B01
200700049119,0,07,000,00,0,9,16,A01
200700049120,0,10,000,00,2,1,01,A01
200700049120,0,10,000,00,0,4,02,B01
200700049121,0,10,000,00,0,4,01,B01
200700049121,0,10,000,00,2,1,01,A01
200700049122,0,33,000,00,0,1,16,A01
200700049123,0,31,000,00,2,8,01,B01
200700049123,0,07,000,00,2,2,14,A01
200700049124,0,07,000,03,0,9,01,A01
200700049125,0,10,000,00,0,1,14,A01
200700049126,0,07,000,00,2,6,15,B01
200700049126,0,30,000,00,2,1,17,A01
200700049127,0,07,000,00,2,1,17,A01
200700049128,0,07,000,00,0,4,02,B01
200700049128,0,07,000,00,2,1,02,A01
200700049129,0,07,000,00,1,6,04,A01
200700049130,0,07,000,00,0,9,00,A01
200700049131,0,17,000,03,0,7,00,A01
200700049132,0,33,000,00,0,0,01,A01
200700049133,0,15,000,00,0,5,00,B01
200700049133,0,02,000,00,2,1,01,A01
200700049134,0,07,000,00,2,5,19,A01
200700049134,0,30,000,00,2,1,01,B01
200700049135,0,07,000,00,2,2,15,A01
200700049135,0,33,000,00,2,3,00,B01
200700049136,0,07,000,00,0,9,01,A01
200700049137,0,07,000,06,0,1,06,A01
200700049138,0,30,000,00,2,1,01,B01
200700049138,0,07,000,00,2,3,09,A01
200700049139,0,01,000,00,2,1,13,A01
200700049139,0,07,000,00,9,1,13,B01
200700049140,0,07,000,00,2,7,01,B01
200700049140,0,02,000,00,2,1,09,A01
200700049141,0,32,000,00,1,1,01,A01
200700049142,0,07,000,00,2,6,10,A01
200700049142,0,33,000,00,2,1,02,B01
200700049143,0,07,000,00,1,4,04,A01
200700049144,0,07,000,01,0,2,20,A01
200700049145,0,07,000,00,2,4,02,A01
200700049145,0,07,000,00,2,1,02,B01
200700049146,0,07,000,00,2,1,09,A01
200700049146,0,07,000,00,0,4,09,B01
200700049147,0,10,000,00,2,1,15,A01
200700049147,0,07,000,00,2,2,01,B01
200700049148,0,07,000,00,2,3,01,B01
200700049148,0,07,000,00,2,3,01,A01
200700049149,0,07,000,00,2,1,09,B01
200700049149,0,10,000,00,2,2,01,A01
200700049149,0,07,000,00,2,2,01,C01
200700049149,0,07,000,00,2,1,09,D01
200700049150,0,07,000,12,2,1,05,A01
200700049150,0,07,000,00,2,1,01,B01
200700049151,0,15,000,00,2,1,02,A01
200700049151,0,07,000,00,2,4,02,B01
200700049151,0,07,000,00,2,4,02,C01
200700049151,0,07,000,00,2,4,02,D01
200700049152,0,07,000,00,1,5,12,A01
200700049152,0,33,000,00,2,8,12,B01
200700049153,0,07,000,00,2,3,19,A01
200700049153,0,07,000,00,2,1,01,B01
200700049154,0,07,000,00,2,3,09,A01
200700049154,0,30,000,00,2,1,01,B01
200700049155,0,02,000,00,2,1,15,A01
200700049155,0,07,000,00,2,2,01,B01
200700049156,0,07,000,00,0,4,23,B01
200700049156,1,07,000,14,0,1,01,A01
200700049157,0,07,000,13,0,1,01,A01
200700049158,0,02,000,00,2,1,05,A01
200700049158,0,07,000,00,0,3,15,B01
200700049159,0,07,000,14,0,3,02,A01
200700049159,0,10,000,00,0,5,02,B01
200700049160,1,07,000,00,2,5,15,A01
200700049160,0,33,000,00,0,1,01,B01
200700049161,0,07,000,00,0,8,15,B01
200700049161,0,33,000,00,2,1,01,A01
200700049162,0,02,000,00,2,1,13,A01
200700049162,0,07,000,00,2,1,01,B01
200700049163,0,10,000,00,1,1,01,A01
200700049164,0,31,000,00,2,1,01,A01
200700049164,0,10,000,00,2,1,01,B01
200700049165,0,07,000,00,2,5,01,A01
200700049165,0,33,000,00,2,1,00,B01
200700049166,0,07,000,00,2,1,05,A01
200700049166,0,07,000,00,2,1,01,B01
200700049167,0,03,000,00,0,4,02,B01
200700049167,0,02,000,00,2,1,02,A01
200700049168,0,07,000,00,1,1,01,A01
200700049169,0,07,000,00,1,1,13,A01
200700049170,0,07,000,00,2,4,02,A01
200700049170,0,07,000,00,0,4,00,B01
200700049171,0,07,000,00,2,1,02,A01
200700049171,0,07,000,00,2,4,02,B01
200700049172,0,33,000,00,2,1,17,A01
200700049172,0,10,000,00,2,8,15,B01
200700049173,0,07,000,00,2,2,16,A01
200700049173,0,01,000,00,2,6,01,B01
200700049174,0,30,000,15,0,1,01,A01
200700049175,0,33,000,00,2,1,01,B01
200700049175,0,07,000,00,2,3,15,A01
200700049176,0,02,000,00,2,2,17,A01
200700049176,0,07,000,00,2,3,15,B01
200700049177,0,07,000,00,2,1,15,A01
200700049177,0,07,000,00,2,4,15,B01
200700049178,0,02,000,00,2,5,01,B01
200700049178,0,07,000,00,2,2,01,A01
200700049179,0,33,000,00,2,1,01,A01
200700049179,0,07,000,00,2,6,01,B01
200700049180,0,01,000,01,0,1,01,A01
200700049181,0,07,000,00,2,3,01,B01
200700049181,0,02,000,00,2,1,05,A01
200700049182,0,07,000,01,2,2,01,A01
200700049182,0,07,000,00,2,1,01,B01
200700049183,0,02,000,00,2,1,17,A01
200700049183,0,10,000,00,2,3,01,B01
200700049184,0,02,000,00,2,1,01,B01
200700049184,0,07,000,00,2,2,01,A01
200700049185,0,07,000,00,2,1,01,A01
200700049185,0,07,000,00,2,4,23,B01
200700049185,0,07,000,00,2,4,23,C01
200700049186,0,07,000,00,2,8,24,A01
200700049186,0,01,000,01,0,1,01,B01
200700049187,1,07,000,00,2,1,01,A01
200700049187,0,01,000,00,2,4,01,B01
200700049188,0,07,000,00,2,3,13,A01
200700049188,0,30,000,00,2,3,01,B01
200700049189,0,07,000,00,2,3,01,A01
200700049189,0,07,000,00,2,5,23,B01
200700049190,0,07,000,00,2,7,01,B01
200700049190,0,07,000,00,2,1,09,A01
200700049191,0,02,000,14,0,1,01,A01
200700049192,0,07,000,00,2,1,01,A01
200700049192,0,07,000,00,2,4,01,B01
200700049193,0,07,000,00,2,2,01,A01
200700049193,0,07,000,00,2,8,13,B01
200700049193,0,07,000,00,2,8,14,C01
200700049194,0,33,000,00,2,7,16,A01
200700049194,0,01,000,00,2,6,01,B01
200700049195,0,02,000,12,0,0,00,A01
200700049196,0,03,000,00,2,7,15,A01
200700049196,0,07,000,00,2,1,01,B01
200700049197,0,07,000,00,2,1,01,A01
200700049198,0,07,000,00,2,4,16,A01
200700049198,0,02,000,00,2,1,02,B01
200700049199,0,07,000,00,2,1,02,A01
200700049199,0,07,000,00,2,4,23,B01
200700049200,0,30,000,01,0,7,01,A01
200700049201,0,07,000,00,2,7,10,A01
200700049201,0,07,000,00,2,1,01,B01
200700049202,0,07,000,02,0,7,14,A01
200700049203,0,07,000,00,2,2,01,B01
200700049203,0,02,000,00,2,5,01,A01
200700049204,0,10,000,00,2,1,01,A01
200700049204,0,07,000,00,2,4,23,B01
200700049204,0,07,000,00,2,4,23,C01
200700049205,0,33,000,00,2,7,01,A01
200700049205,0,07,000,00,2,4,01,B01
200700049206,0,07,000,00,2,2,15,A01
200700049206,0,07,000,00,2,8,01,B01
200700049207,1,07,000,00,2,7,17,A01
200700049207,0,02,000,00,2,2,01,B01
200700049208,0,07,000,00,2,1,01,A01
200700049208,0,07,000,00,2,4,01,B01
200700049209,0,07,000,00,1,1,01,A01
200700049210,0,02,000,00,2,1,01,A01
200700049210,0,07,000,00,2,4,01,B01
200700049211,0,30,000,01,0,1,14,A01
200700049212,0,07,000,15,0,1,01,A01
200700049213,0,07,000,00,2,1,01,A01
200700049213,0,07,000,00,2,1,01,B01
200700049214,0,07,000,08,0,3,13,A01
200700049215,0,10,000,13,0,7,01,A01
200700049216,0,07,000,00,1,1,01,A01
200700049217,0,30,000,00,2,5,05,B01
200700049217,0,07,000,00,2,1,15,A01
200700049218,0,32,000,00,1,1,17,A01
200700049219,0,33,000,00,2,1,13,A01
200700049219,0,07,000,00,2,8,01,B01
200700049220,0,07,000,00,2,7,01,A01
200700049220,0,34,000,00,2,1,01,B01
200700049221,0,07,000,00,2,1,00,A01
200700049221,0,07,000,00,2,1,00,B01
200700049222,0,07,000,00,2,7,01,B01
200700049222,0,30,000,00,2,1,01,A01
200700049223,0,07,000,00,1,2,00,A01
200700049224,0,99,000,00,0,0,00,A01
200700049225,0,07,000,00,0,1,01,A01
200700049225,0,07,000,00,2,4,01,B01
200700049225,0,07,000,00,2,4,01,C01
200700049226,0,02,000,00,2,1,17,A01
200700049226,0,07,000,00,0,3,15,B01
200700049227,0,02,000,00,2,1,01,A01
200700049227,0,07,000,00,2,7,01,B01
200700049228,0,07,000,00,2,0,00,A01
200700049228,0,02,000,00,0,0,00,B01
200700049229,0,33,000,00,2,8,01,A01
200700049229,0,07,000,00,2,3,15,B01
200700049229,0,07,000,00,2,1,01,C01
200700049230,0,07,000,00,1,1,01,A01
200700049231,0,07,000,00,2,2,01,B01
200700049231,0,07,000,00,2,3,01,A01
200700049232,0,07,000,00,2,2,01,A01
200700049232,0,07,000,01,0,1,01,B01
200700049233,0,07,000,00,2,1,01,B01
200700049233,0,07,000,00,2,3,09,A01
200700049234,0,33,000,00,2,1,17,A01
200700049234,0,07,000,00,2,8,01,B01
200700049235,0,07,000,00,1,1,01,A01
200700049236,0,02,000,00,2,8,01,A01
200700049236,0,33,000,00,0,1,01,B01
200700049237,0,07,000,00,1,4,04,A01
200700049238,0,07,000,00,2,8,13,A01
200700049238,0,07,000,00,2,8,01,B01
200700049239,0,01,000,00,2,0,13,A01
200700049239,0,07,000,00,2,2,01,B01
200700049240,0,07,000,08,0,1,01,A01
200700049241,0,07,000,00,0,0,01,A01
200700049242,0,07,000,00,1,1,01,A01
200700049243,0,07,000,01,0,2,01,A01
200700049244,0,07,000,00,2,1,15,A01
200700049244,0,07,000,00,2,3,01,B01
200700049245,0,07,000,00,2,1,15,A01
200700049245,0,07,000,00,2,1,01,B01
200700049246,0,01,000,00,2,1,19,A01
200700049246,0,07,000,00,2,2,15,B01
200700049247,0,33,000,00,9,0,02,A01
200700049247,0,10,000,00,0,0,02,B01
200700049248,0,07,000,00,1,2,01,A01
200700049249,0,07,000,00,0,1,01,B01