Num_Acc,senc,catv,occutc,obs,obsm,choc,manv,num_veh
200700049249,0,07,000,00,0,7,01,A01
200700049250,0,07,000,02,0,1,01,A01
200700049251,0,07,000,00,1,1,01,A01
200700049252,0,07,000,00,2,1,15,A01
200700049252,0,33,000,00,0,3,01,B01
200700049253,0,10,000,00,1,2,01,A01
200700049254,0,07,000,00,2,2,01,A01
200700049254,0,02,000,00,2,1,01,B01
200700049255,0,07,000,00,2,2,01,A01
200700049255,0,01,000,00,2,2,11,B01
200700049256,0,07,000,00,2,1,01,A01
200700049256,0,07,000,00,0,4,15,B01
200700049257,0,02,000,00,2,1,13,A01
200700049257,0,07,000,00,2,3,01,B01
200700049258,0,02,000,00,2,1,01,A01
200700049258,0,07,000,00,2,1,01,B01
200700049259,0,02,000,08,2,2,01,B01
200700049259,0,07,000,00,2,3,09,A01
200700049260,0,07,000,00,2,2,15,A01
200700049260,0,02,000,00,2,1,01,B01
200700049261,0,07,000,00,2,6,15,A01
200700049261,0,02,000,00,2,1,01,B01
200700049262,0,07,000,00,2,4,04,A01
200700049262,0,02,000,00,2,1,01,B01
200700049263,0,07,000,00,2,6,09,A01
200700049263,0,33,000,00,2,1,17,B01
200700049263,0,07,000,00,2,8,01,C01
200700049264,0,03,000,06,0,1,01,A01
200700049265,0,07,000,00,2,2,17,A01
200700049265,0,07,000,00,2,8,15,B01
200700049266,0,02,000,00,2,1,02,A01
200700049266,0,07,000,00,2,3,01,B01
200700049267,0,07,000,00,2,3,15,A01
200700049267,0,02,000,00,2,1,01,B01
200700049268,0,07,000,00,1,2,15,A01
200700049269,0,07,000,00,2,1,01,A01
200700049269,0,07,000,00,2,4,02,B01
200700049269,0,17,000,00,2,4,02,C01
200700049270,0,07,000,00,0,7,19,A01
200700049270,0,07,000,00,2,1,01,B01
200700049270,0,07,000,00,2,3,02,C01
200700049271,0,30,000,06,0,1,01,A01
200700049272,0,10,000,06,0,1,01,A01
200700049273,0,07,000,00,1,6,04,A01
200700049274,1,07,000,00,0,0,00,A01
200700049275,0,07,000,00,2,4,01,A01
200700049275,0,07,000,00,2,4,02,B01
200700049275,0,07,000,00,2,1,01,C01
200700049276,0,07,000,00,2,1,01,A01
200700049276,0,07,000,00,2,7,01,B01
200700049276,0,17,000,00,2,1,23,C01
200700049277,0,07,000,00,2,7,15,A01
200700049277,0,02,000,00,2,1,01,B01
200700049278,0,02,000,00,2,1,01,A01
200700049278,0,07,000,00,2,3,16,B01
200700049279,0,02,000,00,2,1,01,A01
200700049279,0,07,000,00,2,3,23,B01
200700049280,0,07,000,00,2,3,15,A01
200700049280,0,33,000,00,2,7,17,B01
200700049281,0,07,000,00,1,2,01,A01
200700049282,0,07,000,00,2,1,01,A01
200700049282,0,07,000,00,2,8,01,B01
200700049283,0,07,000,00,2,2,15,A01
200700049283,0,07,000,00,2,3,01,B01
200700049284,0,02,000,00,2,2,17,A01
200700049284,0,07,000,00,2,3,15,B01
200700049285,0,07,000,00,2,3,20,A01
200700049285,0,02,000,00,2,2,01,B01
200700049286,0,07,000,00,2,1,15,A01
200700049286,0,07,000,00,2,3,01,B01
200700049287,0,07,000,00,2,2,01,A01
200700049287,0,02,000,00,2,8,16,B01
200700049288,0,07,000,00,2,1,02,A01
200700049288,0,07,000,00,2,6,02,B01
200700049289,0,07,000,00,2,2,15,A01
200700049289,0,07,000,00,2,3,01,B01
200700049290,0,14,000,16,0,8,16,A01
200700049291,0,02,000,00,2,6,19,A01
200700049291,0,07,000,00,2,1,01,B01
200700049292,0,33,000,00,2,5,12,A01
200700049292,0,07,000,00,2,3,16,B01
200700049293,0,07,000,00,2,3,15,A01
200700049293,0,33,000,00,2,7,16,B01
200700049294,0,07,000,00,2,1,02,A01
200700049294,0,07,000,00,2,4,02,B01
200700049294,0,07,000,00,2,4,02,C01
200700049295,0,07,000,00,2,1,01,A01
200700049295,0,07,000,00,2,4,02,B01
200700049295,0,07,000,00,2,4,15,C01
200700049296,0,07,000,00,2,4,20,B01
200700049296,0,07,000,00,2,4,24,C01
200700049296,0,07,000,00,2,1,15,A01
200700049297,0,07,000,03,0,9,01,A01
200700049298,0,07,000,00,2,1,01,A01
200700049299,0,07,000,00,2,3,15,A01
200700049299,0,02,000,00,2,1,17,B01
200700049300,0,07,000,00,2,7,01,B01
200700049300,0,02,000,00,2,1,09,A01
200700049301,0,07,000,00,2,5,11,B01
200700049301,0,30,000,00,2,1,11,A01
200700049302,0,99,000,00,0,5,00,B01
200700049302,0,30,000,00,2,5,19,A01
200700049303,0,02,000,16,0,0,09,A01
200700049304,0,10,000,00,2,3,01,A01
200700049304,0,07,000,00,2,4,15,B01
200700049304,0,07,000,00,2,1,01,C01
200700049305,0,07,000,00,2,8,15,A01
200700049305,0,02,000,00,2,1,01,B01
200700049306,0,07,000,15,0,3,13,A01
200700049307,0,02,000,00,0,7,09,A01
200700049308,0,07,000,15,0,2,02,A01
200700049309,0,07,000,00,2,1,02,A01
200700049309,0,07,000,00,0,4,02,B01
200700049310,0,02,000,00,2,3,09,A01
200700049310,0,07,000,00,2,2,01,B01
200700049311,0,07,000,00,1,6,20,A01
200700049312,0,07,000,14,0,1,01,A01
200700049312,0,07,000,14,0,4,23,B01
200700049312,0,07,000,00,2,4,23,C01
200700049313,0,07,000,00,2,3,17,A01
200700049313,0,07,000,00,2,3,01,B01
200700049314,0,07,000,00,2,8,15,B01
200700049314,0,02,000,00,2,8,15,A01
200700049315,0,01,000,14,0,1,01,A01
200700049316,0,07,000,00,2,1,01,B01
200700049316,0,32,000,00,2,1,09,A01
200700049317,0,07,000,16,0,9,14,A01
200700049318,0,07,000,00,1,8,01,A01
200700049319,0,07,000,00,2,3,01,A01
200700049319,0,07,000,00,2,8,09,B01
200700049320,0,30,000,00,2,1,01,A01
200700049320,0,07,000,00,2,8,01,B01
200700049321,0,07,000,00,2,8,15,A01
200700049321,0,07,000,00,2,1,02,B01
200700049322,0,07,000,00,2,3,15,A01
200700049322,0,05,000,00,2,1,01,B01
200700049323,0,07,000,00,2,7,15,A01
200700049323,0,05,000,00,2,1,01,B01
200700049324,0,15,000,14,0,1,02,A01
200700049324,0,07,000,06,0,4,23,B01
200700049325,0,07,000,14,0,1,02,A01
200700049326,0,01,000,00,2,1,02,B01
200700049326,0,07,000,00,0,1,02,A01
200700049327,0,01,000,00,2,1,13,A01
200700049327,0,07,000,00,2,6,01,B01
200700049328,0,07,000,00,2,1,01,A01
200700049328,0,01,000,00,2,8,19,B01
200700049329,0,07,000,01,2,1,01,A01
200700049329,0,07,000,00,2,4,01,B01
200700049329,0,13,000,00,2,1,01,C01
200700049330,0,02,000,00,2,1,13,A01
200700049330,0,07,000,00,2,6,01,B01
200700049331,0,07,000,00,1,2,01,A01
200700049332,0,02,000,00,2,1,01,A01
200700049332,0,07,000,00,2,6,16,B01
200700049333,0,07,000,00,2,8,19,A01
200700049333,0,30,000,00,2,1,01,B01
200700049334,0,03,000,00,2,1,01,A01
200700049335,0,07,000,00,2,6,15,A01
200700049335,0,02,000,00,2,1,01,B01
200700049336,0,07,000,00,2,2,10,A01
200700049336,0,31,000,00,2,1,01,B01
200700049337,0,07,000,00,2,6,10,A01
200700049337,0,02,000,00,2,8,17,B01
200700049338,0,31,000,00,0,0,00,A01
200700049339,0,07,000,12,0,1,00,A01
200700049340,0,02,000,00,9,2,01,A01
200700049341,0,30,000,01,0,1,19,A01
200700049342,0,07,000,13,0,7,01,A01
200700049343,0,07,000,00,2,3,09,A01
200700049343,0,07,000,00,2,2,01,B01
200700049344,0,30,000,00,2,3,01,A01
200700049344,0,07,000,00,2,5,15,B01
200700049345,0,07,000,00,2,3,15,A01
200700049345,0,07,000,00,2,2,01,B01
200700049346,0,07,000,00,0,5,15,A01
200700049346,0,02,000,00,2,1,01,B01
200700049347,0,31,000,13,0,2,01,A01
200700049348,2,07,000,01,0,3,05,A01
200700049348,0,07,000,00,2,3,01,B01
200700049349,0,07,000,00,1,3,01,A01
200700049350,0,07,000,00,2,1,01,A01
200700049350,0,07,000,00,2,3,15,B01
200700049351,0,07,000,00,2,3,11,A01
200700049351,0,07,000,00,2,1,01,B01
200700049352,0,15,000,13,0,2,01,A01
200700049353,0,07,000,00,2,7,15,A01
200700049353,0,33,000,00,2,1,01,B01
200700049354,0,07,000,00,2,0,09,A01
200700049354,0,30,000,00,2,7,00,B01
200700049355,1,07,000,00,0,0,00,A01
200700049356,0,07,000,00,2,2,02,A01
200700049356,0,07,000,00,0,4,01,B01
200700049357,0,02,000,00,2,4,01,A01
200700049357,0,07,000,00,2,3,01,B01
200700049358,0,07,000,04,2,1,06,A01
200700049358,0,07,000,00,2,1,23,B01
200700049359,0,03,000,00,2,1,13,A01
200700049359,0,01,000,00,2,1,01,B01
200700049360,0,02,000,00,2,7,01,B01
200700049360,0,07,000,00,2,8,09,A01
200700049361,0,07,000,00,2,4,04,A01
200700049361,0,01,000,00,2,8,01,B01
200700049362,0,02,000,06,2,1,17,A01
200700049362,0,07,000,00,2,3,15,B01
200700049363,0,01,000,00,1,8,19,B01
200700049363,0,07,000,00,2,1,01,A01
200700049364,0,07,000,00,2,6,01,B01
200700049364,0,07,000,00,2,1,15,A01
200700049365,0,31,000,00,0,7,02,A01
200700049366,0,07,000,00,2,8,24,A01
200700049366,0,01,000,00,2,1,01,B01
200700049367,0,07,000,06,0,2,01,A01
200700049368,0,02,000,10,0,1,01,A01
200700049369,0,07,000,00,1,7,02,A01
200700049370,0,07,000,00,0,1,01,A01
200700049371,1,07,000,00,1,1,07,A01
200700049372,0,07,000,02,0,1,01,A01
200700049373,0,07,000,00,2,1,09,A01
200700049373,0,30,000,00,2,7,01,B01
200700049374,0,07,000,00,2,1,02,A01
200700049374,0,07,000,00,2,4,02,B01
200700049374,0,07,000,00,2,4,02,C01
200700049374,0,07,000,00,2,4,02,D01
200700049374,0,07,000,00,2,4,02,E01
200700049375,0,07,000,00,2,1,02,A01
200700049375,0,07,000,00,2,6,15,B01
200700049376,0,07,000,00,1,2,01,A01
200700049377,0,07,000,00,2,1,17,A01
200700049377,0,07,000,00,2,3,15,B01
200700049378,0,07,000,00,2,6,15,A01
200700049378,0,10,000,00,2,1,01,B01
200700049379,0,07,000,02,0,1,01,A01
200700049380,0,02,000,00,2,1,01,A01
200700049380,0,07,000,00,2,4,01,B01
200700049381,0,07,000,00,2,2,15,A01
200700049381,0,33,000,00,2,1,01,B01
200700049382,0,07,000,00,2,3,10,A01
200700049382,0,02,000,00,2,1,01,B01
200700049383,0,07,000,00,2,7,14,A01
200700049383,0,17,000,00,2,6,01,B01
200700049384,0,07,000,00,1,1,01,A01
200700049385,0,07,000,00,2,3,01,B01
200700049385,0,07,000,00,2,5,15,A01
200700049386,0,07,000,00,2,3,01,B01
200700049386,0,07,000,00,2,8,09,A01
200700049387,0,10,000,00,2,1,02,A01
200700049387,0,07,000,00,2,4,02,B01
200700049387,0,07,000,00,2,4,02,C01
200700049388,0,01,000,00,2,1,19,A01
200700049388,0,07,000,00,2,2,01,B01
200700049389,0,07,000,00,2,1,01,B01
200700049389,0,07,000,06,2,1,19,A01
200700049390,2,07,000,01,0,1,01,A01
200700049391,0,02,000,12,0,7,01,A01
200700049392,0,07,000,00,2,3,01,B01
200700049392,0,07,000,00,2,3,01,A01
200700049393,0,07,000,00,2,4,01,B01
200700049393,0,07,000,00,2,1,01,A01
200700049394,0,07,000,06,0,1,01,A01
200700049395,0,07,000,00,2,1,19,A01
200700049395,0,07,000,00,2,3,01,B01
200700049396,0,07,000,00,2,5,15,A01
200700049396,0,31,000,00,2,1,01,B01
200700049397,0,07,000,00,2,1,00,A01
200700049397,0,07,000,00,2,8,00,B01
200700049398,0,30,000,00,1,1,00,A01
200700049399,0,07,000,00,2,9,15,A01
200700049399,0,07,000,00,2,1,01,B01
200700049399,0,07,000,00,2,1,15,C01
200700049400,0,07,000,00,2,1,13,A01
200700049400,0,02,000,00,2,1,01,B01
200700049401,0,07,000,01,0,5,00,A01
200700049401,0,02,000,00,2,1,24,B01
200700049402,0,02,000,00,2,1,02,A01
200700049402,0,07,000,00,2,4,02,B01
200700049403,1,07,000,00,2,1,15,A01
200700049403,0,07,000,00,2,1,01,B01
200700049404,0,07,000,00,2,6,15,A01
200700049404,0,33,000,00,2,1,01,B01
200700049405,0,33,000,00,2,1,00,A01
200700049405,0,07,000,00,0,4,23,B01
200700049406,0,02,000,00,2,1,01,A01
200700049406,0,07,000,00,2,5,15,B01
200700049407,0,33,000,00,2,1,17,A01
200700049407,0,17,000,00,2,4,01,B01
200700049408,0,07,000,00,2,3,13,A01
200700049408,0,15,000,00,2,3,01,B01
200700049409,0,07,000,00,2,2,12,A01
200700049409,0,07,000,00,2,8,01,B01
200700049410,0,07,000,00,2,3,15,A01
200700049410,0,33,000,00,2,1,01,B01
200700049411,0,07,000,00,2,1,16,A01
200700049411,0,07,000,00,2,7,01,B01
200700049412,0,02,000,01,0,1,01,A01
200700049413,0,36,000,13,0,1,01,A01
200700049414,0,33,000,08,2,7,17,A01
200700049414,0,07,000,00,2,8,15,B01
200700049415,0,07,000,00,2,3,17,A01
200700049415,0,07,000,00,2,2,17,B01
200700049416,0,33,000,00,2,7,01,B01
200700049416,1,07,000,00,0,0,00,A01
200700049417,0,07,000,00,2,7,01,A01
200700049417,0,01,000,00,2,6,01,B01
200700049418,0,01,000,00,0,1,01,B01
200700049418,1,30,000,00,0,0,09,A01
200700049419,0,30,000,00,2,1,16,A01
200700049420,0,02,000,00,2,1,01,A01
200700049420,0,07,000,00,2,1,15,B01
200700049421,0,07,000,09,0,9,01,A01
200700049422,0,07,000,00,2,2,01,A01
200700049422,0,33,000,00,2,7,01,B01
200700049423,0,07,000,00,2,1,01,A01
200700049423,0,30,000,00,2,1,01,B01
200700049424,0,07,000,00,1,1,01,A01
200700049425,0,07,000,00,0,0,00,A01
200700049426,0,10,000,00,0,7,12,A01
200700049427,0,07,000,11,0,1,02,A01
200700049428,0,07,000,00,0,8,10,A01
200700049428,0,07,000,00,2,2,02,B01
200700049429,0,07,000,00,2,1,13,A01
200700049429,0,07,000,00,2,8,02,B01
200700049430,0,07,000,00,2,1,02,B01
200700049430,0,07,000,00,2,1,02,C01
200700049430,0,07,000,00,2,1,02,D01
200700049430,1,07,000,00,0,4,02,A01
200700049431,0,07,000,00,9,3,15,A01
200700049431,0,01,000,00,2,1,01,B01
200700049432,0,02,000,12,0,1,01,A01
200700049433,0,31,000,00,2,7,16,A01
200700049433,0,07,000,00,2,8,15,B01
200700049434,0,33,000,00,2,3,01,B01
200700049434,0,07,000,00,2,2,01,A01
200700049435,0,07,000,00,2,3,09,A01
200700049435,0,02,000,00,2,1,01,B01
200700049436,0,33,000,00,2,6,17,A01
200700049436,0,07,000,00,2,6,15,B01
200700049437,0,07,000,00,2,1,01,B01
200700049437,0,07,000,00,2,3,09,A01
200700049438,0,07,000,00,2,3,02,A01
200700049438,0,07,000,00,2,4,02,B01
200700049439,0,07,000,00,1,1,01,A01
200700049440,0,07,000,00,2,1,13,A01
200700049440,0,07,000,00,2,1,01,B01
200700049441,0,33,000,00,2,1,13,A01
200700049441,0,07,000,00,2,1,01,B01
200700049442,0,10,000,07,2,1,13,A01
200700049442,0,07,000,00,2,1,01,B01
200700049443,0,07,000,00,0,0,00,A01
200700049444,0,02,000,06,0,1,01,A01
200700049445,0,02,000,12,0,0,00,A01
200700049446,0,07,000,00,2,1,01,B01
200700049446,0,07,000,00,2,3,15,A01
200700049447,0,33,000,00,2,1,17,A01
200700049447,0,07,000,00,2,8,15,B01
200700049448,0,07,000,00,2,1,01,A01
200700049448,0,33,000,00,2,4,01,B01
200700049449,0,07,000,00,2,1,01,A01
200700049449,0,07,000,00,2,4,01,B01
200700049450,0,07,000,01,0,3,00,A01
200700049451,0,07,000,00,2,1,01,A01
200700049451,0,07,000,00,2,4,01,B01
200700049452,0,14,000,00,2,1,01,A01
200700049452,0,07,000,00,2,4,01,B01
200700049453,0,07,000,00,1,3,01,A01
200700049454,0,07,000,00,2,1,15,B01
200700049454,0,34,000,00,2,7,01,A01
200700049455,0,07,000,01,0,0,01,A01
200700049456,0,07,000,02,0,1,01,A01
200700049457,0,07,000,00,2,2,00,A01
200700049457,0,33,000,00,2,8,01,B01
200700049458,0,07,000,00,1,1,01,A01
200700049459,0,07,000,00,1,1,01,A01
200700049460,0,07,000,00,2,2,13,A01
200700049460,0,33,000,00,2,1,01,B01
200700049461,0,30,000,00,1,1,01,A01
200700049462,0,07,000,00,1,4,04,A01
200700049463,0,02,000,00,2,1,01,A01
200700049463,0,01,000,00,2,0,01,B01
200700049464,0,07,000,00,2,1,01,A01
200700049464,0,07,000,00,2,4,01,B01
200700049465,0,07,000,00,2,1,01,A01
200700049465,0,07,000,00,2,4,01,B01
200700049466,0,07,000,00,2,1,01,A01
200700049466,0,07,000,00,2,4,01,B01
200700049467,0,07,000,08,0,0,01,A01
200700049468,0,07,000,15,0,3,01,A01
200700049469,0,07,000,01,0,2,01,A01
200700049470,0,07,000,00,2,1,01,A01
200700049470,0,10,000,00,2,4,01,B01
200700049471,0,07,000,00,2,0,22,A01
200700049471,0,01,000,01,0,1,01,B01
200700049472,0,07,000,00,2,1,01,A01
200700049472,0,07,000,00,2,4,01,B01
200700049472,0,10,000,00,2,4,01,C01
200700049473,0,07,000,00,2,1,15,A01
200700049473,0,10,000,00,2,8,01,B01
200700049473,0,07,000,00,2,3,23,C01
200700049474,0,07,000,00,1,5,04,A01
200700049475,0,30,000,00,2,3,01,A01
200700049475,0,07,000,00,0,8,15,B01
200700049476,0,33,000,00,2,8,01,B01
200700049476,0,07,000,00,2,1,06,A01
200700049477,0,02,000,01,0,1,01,A01
200700049478,0,01,000,00,2,3,02,A01
200700049478,0,07,000,00,9,2,02,B01
200700049479,0,10,000,00,2,1,15,A01
200700049479,0,33,000,00,2,0,01,B01
200700049480,0,01,000,00,2,1,05,A01
200700049480,0,33,000,00,9,3,00,B01
200700049481,0,07,000,00,2,1,01,A01
200700049481,0,07,000,00,2,1,01,B01
200700049482,0,33,000,00,2,1,01,A01
200700049482,0,07,000,00,2,1,01,B01
200700049483,0,33,000,00,2,1,01,A01
200700049484,0,07,000,02,2,5,01,A01
200700049484,0,07,000,00,2,1,16,B01
200700049485,0,14,000,00,2,0,01,A01
200700049485,0,07,000,00,9,8,01,B01
200700049486,0,01,000,00,2,0,00,A01
200700049486,0,33,000,08,2,1,00,B01
200700049487,0,07,000,00,2,1,01,A01
200700049487,0,07,000,00,2,2,01,B01
200700049488,2,07,000,00,2,3,01,A01
200700049488,0,07,000,00,2,3,01,B01
200700049489,0,07,000,00,9,3,00,A01
200700049490,0,07,000,00,9,3,00,A01
200700049490,0,33,000,00,2,1,00,B01
200700049491,0,07,000,00,9,3,09,A01
200700049491,0,02,000,00,2,3,01,B01
200700049492,0,02,000,01,0,3,00,A01
200700049493,0,01,000,00,0,7,19,A01
200700049493,0,07,000,00,2,1,01,B01
200700049494,0,07,000,00,9,1,00,A01
200700049494,1,07,000,00,2,6,00,B01
200700049495,0,07,000,04,0,1,00,A01
200700049496,1,07,000,00,9,1,02,A01
200700049496,0,01,000,00,2,4,02,B01
200700049497,0,10,000,00,2,3,01,A01
200700049497,0,07,000,12,2,3,01,B01
200700049497,0,07,000,00,2,7,01,C01
200700049498,0,07,000,00,9,8,24,A01
200700049498,0,33,000,00,1,1,00,B01
200700049499,0,07,000,00,9,7,24,A01
200700049499,0,01,000,00,2,1,01,B01
200700049500,0,07,000,00,9,3,22,A01
200700049500,0,01,000,00,2,1,01,B01
200700049501,0,07,000,00,2,1,02,A01
200700049501,0,07,000,00,2,4,02,B01
200700049502,0,02,000,00,2,2,01,A01
200700049502,0,07,000,00,2,3,15,B01
200700049503,0,33,000,00,5,1,01,A01
200700049504,0,31,000,00,2,3,01,A01
200700049505,0,07,000,00,1,2,01,A01
200700049506,0,07,000,00,1,4,04,A01
200700049507,0,30,000,00,2,1,03,A01
200700049507,0,07,000,00,2,8,15,B01
200700049508,0,07,000,06,0,1,14,A01
200700049509,0,02,000,00,2,1,13,A01
200700049509,0,07,000,00,2,7,01,B01
200700049510,0,07,000,00,1,2,01,A01
200700049511,0,30,000,00,2,2,01,A01
200700049511,0,07,000,00,2,1,15,B01
200700049512,0,07,000,00,2,1,12,A01
200700049512,0,07,000,00,2,4,02,B01
200700049512,0,38,001,00,2,4,02,C01
200700049513,0,07,000,00,2,5,24,A01
200700049513,1,07,000,01,0,3,00,B01
200700049514,0,07,000,00,2,8,11,A01
200700049514,0,32,000,00,2,7,01,B01
200700049515,0,07,000,00,2,1,01,A01
200700049515,0,07,000,00,0,3,01,B01
200700049516,0,31,000,00,2,3,12,A01
200700049516,0,07,000,00,2,5,12,B01
200700049517,0,10,000,00,1,4,04,A01
200700049518,0,07,000,15,0,1,14,A01
200700049519,0,33,000,00,2,1,05,A01
200700049519,0,07,000,00,2,4,15,B01
200700049520,0,07,000,00,2,1,14,A01
200700049520,0,07,000,00,0,5,01,B01
200700049520,0,07,000,00,0,6,01,C01
200700049521,0,07,000,15,0,1,13,A01
200700049522,0,07,000,04,0,8,09,A01
200700049522,0,14,000,06,2,2,13,B01
200700049522,0,07,000,04,0,7,01,C01
200700049523,0,31,000,00,2,1,01,A01
200700049523,0,07,000,00,2,3,15,B01
200700049524,0,07,000,04,0,9,01,A01
200700049525,0,07,000,00,2,2,15,A01
200700049525,0,32,000,00,2,1,01,B01
200700049526,0,07,000,00,2,1,15,A01
200700049526,0,07,000,00,2,3,01,B01
200700049527,1,07,000,00,1,0,00,A01
200700049528,0,07,000,00,2,2,14,A01
200700049528,0,07,000,00,2,4,23,B01
200700049528,0,07,000,04,0,5,14,C01
200700049529,0,02,000,12,0,1,01,A01
200700049530,0,07,000,01,2,8,01,B01
200700049530,0,07,000,00,2,2,15,A01
200700049531,0,07,000,00,2,1,15,A01
200700049531,0,07,000,00,2,1,01,B01
200700049532,0,07,000,00,2,1,00,A01
200700049532,0,07,000,00,2,4,00,B01
200700049533,0,33,000,05,2,7,00,A01
200700049533,0,07,000,00,2,2,01,B01
200700049534,0,07,000,00,2,1,00,A01
200700049534,0,01,000,00,2,1,00,B01
200700049535,0,07,000,06,0,2,00,A01
200700049536,0,07,000,00,2,1,15,A01
200700049536,0,30,000,00,2,1,01,B01
200700049537,0,10,000,08,0,1,13,A01
200700049538,0,07,000,00,2,3,09,A01
200700049538,0,34,000,00,2,1,01,B01
200700049539,0,07,000,00,1,7,16,A01
200700049540,0,07,000,02,0,1,01,A01
200700049541,0,34,000,01,0,9,00,A01
200700049542,0,30,000,00,2,1,01,A01
200700049542,0,07,000,00,2,3,19,B01
200700049543,0,33,000,06,0,1,14,A01
200700049544,0,02,000,00,2,1,02,A01
200700049544,0,02,000,00,2,4,23,B01
200700049545,0,07,000,00,2,8,10,A01
200700049545,0,07,000,00,2,1,01,B01
200700049546,0,02,000,00,2,2,17,A01
200700049546,0,07,000,00,2,8,15,B01
200700049547,0,07,000,00,2,1,16,A01
200700049548,0,01,000,00,2,1,01,A01
200700049548,0,07,000,00,2,4,23,B01
200700049549,0,07,000,00,1,1,01,A01
200700049550,0,07,000,00,2,1,01,A01
200700049550,0,07,000,00,2,4,23,B01
200700049551,0,07,000,00,2,5,15,A01
200700049551,0,30,000,00,2,1,01,B01
200700049552,0,33,000,01,2,7,17,A01
200700049553,0,02,000,00,2,1,13,A01
200700049553,0,07,000,00,0,5,23,B01
200700049554,0,07,000,00,2,1,02,A01
200700049554,0,07,000,00,2,4,23,B01
200700049554,0,07,000,15,2,7,01,C01
200700049555,0,07,000,14,0,1,02,A01
200700049555,0,07,000,00,0,1,02,B01
200700049555,0,07,000,00,0,4,23,C01
200700049556,0,07,000,00,1,1,01,A01
200700049557,0,07,000,01,2,3,01,B01
200700049557,0,07,000,00,2,6,17,A01
200700049558,0,07,000,06,0,1,01,A01
200700049558,0,07,000,00,0,0,15,B01
200700049559,0,07,000,00,2,3,15,A01
200700049559,0,32,000,00,2,1,17,B01
200700049560,0,07,000,00,2,2,16,A01
200700049560,0,02,000,00,2,1,01,B01
200700049561,0,07,000,00,1,3,15,A01
200700049561,0,33,000,00,2,1,01,B01
200700049562,0,07,000,00,2,8,15,A01
200700049562,0,33,000,00,2,1,01,B01
200700049563,0,07,000,00,2,7,13,A01
200700049563,0,33,000,00,2,1,01,B01
200700049564,0,02,000,00,2,3,15,A01
200700049564,0,07,000,00,2,7,01,B01
200700049565,0,07,000,00,2,1,01,A01
200700049565,0,30,000,00,2,1,15,B01
200700049566,0,07,000,00,2,1,01,A01
200700049566,0,07,000,00,2,4,01,B01
200700049567,0,07,000,00,2,1,01,A01
200700049567,0,01,000,00,2,8,19,B01
200700049568,0,07,000,00,2,1,01,A01
200700049568,0,01,000,00,2,8,01,B01
200700049569,0,07,000,00,2,1,01,A01
200700049569,0,07,000,00,2,4,15,B01
200700049570,0,01,000,00,2,1,19,A01
200700049570,0,07,000,00,0,3,01,B01
200700049571,0,02,000,00,2,9,00,A01
200700049571,0,33,000,00,2,2,01,B01
200700049572,0,07,000,00,2,3,15,A01
200700049572,0,02,000,00,2,1,17,B01
200700049573,0,07,000,09,0,1,01,A01
200700049574,0,33,000,00,0,8,01,A01
200700049575,0,07,000,00,2,1,11,A01
200700049575,0,01,000,00,0,4,11,B01
200700049576,0,02,000,00,2,1,01,A01
200700049576,0,07,000,00,2,2,16,B01
200700049577,0,07,000,00,2,2,15,A01
200700049577,0,31,000,00,2,1,01,B01
200700049578,0,07,000,00,2,2,10,A01
200700049578,0,37,062,00,2,3,01,B01
200700049579,0,02,000,00,1,1,01,A01
200700049580,0,02,000,00,2,1,13,A01
200700049580,0,07,000,00,2,1,01,B01
200700049581,0,07,000,00,1,1,01,A01
200700049582,0,07,000,14,0,1,02,A01
200700049582,0,07,000,14,0,4,23,B01
200700049582,0,07,000,00,0,4,23,C01
200700049583,0,33,000,00,2,1,17,A01
200700049583,0,13,000,00,0,8,15,B01
200700049584,0,02,000,14,2,8,18,A01
200700049584,0,07,000,00,2,2,16,B01
200700049584,0,07,000,00,2,8,23,C01
200700049585,0,02,000,00,2,1,01,A01
200700049585,0,07,000,00,2,1,01,B01
200700049586,0,07,000,00,2,1,15,A01
200700049586,0,31,000,00,2,1,01,B01
200700049587,0,07,000,00,2,3,15,A01
200700049587,0,01,000,00,2,3,15,B01
200700049588,0,07,000,00,2,7,16,A01
200700049588,0,01,000,00,2,3,01,B01
200700049589,0,07,000,00,2,2,01,A01
200700049589,0,31,000,00,2,1,01,B01
200700049590,0,40,000,00,1,0,01,A01
200700049591,0,07,000,00,2,2,15,A01
200700049591,0,01,000,00,2,1,01,B01
200700049592,0,07,000,06,2,1,01,A01
200700049592,0,07,000,00,2,1,01,B01
200700049593,0,07,000,00,2,1,01,A01
200700049593,0,07,000,00,2,8,01,B01
200700049594,0,02,000,14,0,1,01,A01
200700049594,0,07,000,00,0,4,23,B01
200700049595,0,02,000,07,0,1,01,A01
200700049596,0,30,000,00,5,1,21,A01
200700049597,0,33,000,00,2,1,13,A01
200700049597,0,07,000,00,2,1,01,B01
200700049598,0,07,000,00,2,8,10,A01
200700049598,0,30,000,00,2,1,01,B01
200700049599,0,30,000,00,2,3,16,A01
200700049599,0,07,000,00,0,0,16,B01
200700049600,0,02,000,14,0,1,01,A01
200700049600,0,07,000,00,0,4,23,B01
200700049601,0,37,001,14,0,1,02,A01
200700049601,0,07,000,14,0,4,23,B01
200700049601,0,07,000,00,0,4,23,C01
200700049602,0,17,000,09,0,4,15,A01
200700049603,0,07,000,00,1,1,01,A01
200700049604,0,07,000,00,1,8,01,A01