Num_Acc,senc,catv,occutc,obs,obsm,choc,manv,num_veh
200700049605,0,13,000,00,2,1,01,A01
200700049605,0,07,000,00,2,2,01,B01
200700049606,0,07,000,00,2,3,22,A01
200700049606,0,14,000,01,0,7,01,B01
200700049607,0,07,000,00,1,8,01,A01
200700049608,0,07,000,14,0,1,01,A01
200700049608,0,07,000,00,0,5,23,B01
200700049609,0,10,000,00,2,2,01,A01
200700049609,0,10,000,00,2,3,01,B01
200700049610,0,07,000,00,2,1,15,A01
200700049610,0,02,000,00,2,0,01,B01
200700049611,0,02,000,07,0,0,00,A01
200700049611,0,07,000,00,2,1,01,B01
200700049612,0,07,000,00,1,4,04,A01
200700049613,0,07,000,02,0,7,01,A01
200700049614,0,02,000,00,2,1,01,A01
200700049614,0,07,000,00,2,3,01,B01
200700049615,0,07,000,06,0,1,01,A01
200700049616,0,02,000,01,2,3,01,A01
200700049616,0,07,000,00,2,2,01,B01
200700049617,0,07,000,14,0,1,01,A01
200700049617,0,07,000,00,0,4,23,B01
200700049618,0,07,000,00,1,1,01,A01
200700049619,0,07,000,00,2,2,15,A01
200700049619,0,30,000,00,2,1,01,B01
200700049620,0,07,000,00,2,3,10,A01
200700049620,0,33,000,00,2,2,17,B01
200700049621,0,07,000,00,1,1,01,A01
200700049622,0,07,000,00,2,3,10,A01
200700049622,0,07,000,00,2,2,01,B01
200700049623,0,07,000,00,2,1,15,A01
200700049623,0,33,000,00,2,2,01,B01
200700049624,0,07,000,00,2,1,01,A01
200700049624,0,07,000,00,2,4,02,B01
200700049625,0,02,000,01,0,1,01,A01
200700049626,0,33,000,00,0,1,01,A01
200700049627,0,07,000,00,1,8,01,A01
200700049628,0,31,000,00,2,1,01,A01
200700049628,0,07,000,00,2,9,02,B01
200700049628,0,07,000,00,2,4,02,C01
200700049629,0,07,000,00,2,3,15,A01
200700049629,0,07,000,00,2,1,01,B01
200700049630,0,07,000,00,2,3,01,A01
200700049630,0,07,000,00,2,8,01,B01
200700049631,0,01,000,00,2,8,13,A01
200700049631,0,40,000,00,0,2,01,B01
200700049632,0,07,000,00,2,2,09,A01
200700049632,0,07,000,00,2,3,01,B01
200700049633,0,02,000,00,2,8,01,A01
200700049633,0,07,000,00,2,2,16,B01
200700049634,0,34,000,00,1,1,01,A01
200700049635,0,07,000,00,2,7,16,A01
200700049635,0,33,000,00,2,1,01,B01
200700049636,0,07,000,00,2,2,09,A01
200700049636,0,07,000,00,2,6,09,B01
200700049637,0,07,000,00,0,1,16,A01
200700049638,0,07,000,00,2,2,01,A01
200700049638,0,07,000,00,2,6,15,B01
200700049639,0,10,000,00,2,1,09,A01
200700049639,0,99,000,00,2,8,01,B01
200700049640,0,07,000,00,2,2,15,A01
200700049640,0,01,000,00,2,1,01,B01
200700049641,0,33,000,00,2,8,01,A01
200700049641,0,07,000,00,2,2,16,B01
200700049642,0,07,000,00,2,1,01,A01
200700049642,0,07,000,14,2,4,02,B01
200700049642,0,07,000,00,0,4,23,C01
200700049643,0,07,000,00,2,7,16,A01
200700049643,0,30,000,00,2,1,01,B01
200700049644,0,07,000,00,0,1,01,A01
200700049645,0,37,001,14,0,1,01,A01
200700049645,0,07,000,14,0,4,23,B01
200700049645,0,07,000,00,0,4,23,C01
200700049646,0,10,000,00,2,1,01,A01
200700049646,0,10,000,00,2,2,01,B01
200700049647,0,07,000,00,2,1,15,A01
200700049647,0,07,000,00,2,3,01,B01
200700049648,0,07,000,00,2,1,02,A01
200700049648,0,07,000,00,2,4,23,B01
200700049648,0,07,000,00,0,4,23,C01
200700049649,0,07,000,14,0,1,01,A01
200700049649,0,07,000,00,0,4,23,B01
200700049650,0,02,000,00,2,1,18,A01
200700049650,0,07,000,00,0,7,01,B01
200700049651,0,07,000,00,2,3,15,A01
200700049651,0,30,000,00,2,8,01,B01
200700049652,0,10,000,00,1,4,04,A01
200700049653,0,30,000,00,2,1,01,A01
200700049653,0,07,000,00,0,4,01,B01
200700049654,0,02,000,00,2,1,01,B01
200700049654,0,07,000,00,2,1,01,A01
200700049655,0,01,000,00,2,0,09,A01
200700049655,0,07,000,00,2,5,01,B01
200700049656,0,07,000,00,2,1,01,A01
200700049656,0,07,000,00,2,9,02,B01
200700049656,0,07,000,00,2,4,02,C01
200700049657,0,07,000,14,0,1,01,A01
200700049657,0,07,000,00,0,4,23,B01
200700049658,0,30,000,00,2,1,01,A01
200700049658,0,07,000,00,2,1,15,B01
200700049659,0,07,000,00,1,2,16,A01
200700049659,0,07,000,00,2,2,15,B01
200700049660,0,07,000,00,2,1,01,A01
200700049660,0,07,000,00,2,4,02,B01
200700049661,0,07,000,00,2,3,05,A01
200700049661,0,07,000,00,2,3,01,B01
200700049662,0,32,000,00,1,0,01,A01
200700049663,0,30,000,00,2,0,00,A01
200700049663,0,07,000,00,0,3,01,B01
200700049664,0,07,000,00,2,0,01,A01
200700049664,0,30,000,00,0,0,01,B01
200700049665,1,07,000,00,2,1,01,A01
200700049665,0,33,000,00,2,5,01,B01
200700049666,0,33,000,00,2,1,01,B01
200700049666,0,07,000,00,2,5,15,A01
200700049667,0,30,000,00,2,1,17,B01
200700049667,0,07,000,00,2,3,15,A01
200700049668,0,07,000,00,2,3,05,A01
200700049668,0,07,000,00,2,3,01,B01
200700049668,0,31,000,00,2,1,00,C01
200700049669,0,07,000,00,2,1,15,A01
200700049669,0,07,000,00,2,8,01,B01
200700049670,0,02,000,00,2,8,21,A01
200700049670,0,07,000,00,2,6,15,B01
200700049671,0,32,000,03,0,7,14,A01
200700049672,0,07,000,00,2,1,13,A01
200700049672,0,07,000,00,2,1,01,B01
200700049673,1,07,000,00,2,7,15,A01
200700049673,0,02,000,00,2,1,01,B01
200700049674,0,02,000,00,2,1,02,A01
200700049674,0,07,000,00,2,4,01,B01
200700049675,0,02,000,00,0,7,14,A01
200700049676,0,07,000,03,0,7,14,A01
200700049677,0,02,000,00,2,1,01,A01
200700049677,0,01,000,00,2,7,19,B01
200700049678,0,33,000,13,0,7,14,A01
200700049679,0,07,000,00,2,1,01,B01
200700049679,0,07,000,00,2,5,19,A01
200700049680,0,07,000,00,2,8,15,A01
200700049680,0,30,000,00,2,1,01,B01
200700049681,0,02,000,01,0,1,01,A01
200700049682,0,07,000,00,2,1,01,A01
200700049682,0,07,000,00,2,7,01,B01
200700049683,0,31,000,00,0,7,14,A01
200700049684,0,07,000,00,2,1,13,A01
200700049684,0,07,000,00,2,1,01,B01
200700049685,0,07,000,00,2,6,16,A01
200700049685,0,01,000,00,2,4,02,B01
200700049686,0,02,000,09,0,7,16,A01
200700049687,0,10,000,00,1,4,04,A01
200700049688,0,07,000,13,0,8,13,A01
200700049689,0,07,000,00,2,1,21,A01
200700049689,0,07,000,00,2,8,15,B01
200700049690,0,31,000,16,0,6,00,A01
200700049691,0,07,000,00,0,8,15,B01
200700049691,0,10,000,00,2,1,01,A01
200700049692,0,07,000,00,2,1,02,A01
200700049692,0,07,000,00,2,4,01,B01
200700049693,0,02,000,00,2,3,01,A01
200700049693,0,10,000,00,2,2,01,B01
200700049694,0,07,000,00,2,8,15,A01
200700049694,0,07,000,00,2,1,01,B01
200700049695,0,10,000,00,2,7,01,B01
200700049695,0,30,000,00,2,3,09,A01
200700049696,0,07,000,00,2,1,02,A01
200700049696,0,07,000,00,2,4,02,B01
200700049696,0,07,000,00,2,4,02,C01
200700049697,2,07,000,00,1,1,00,A01
200700049698,0,07,000,00,1,2,01,A01
200700049699,0,31,000,00,2,1,17,A01
200700049699,0,07,000,00,2,8,15,B01
200700049700,0,07,000,00,2,5,01,B01
200700049700,0,33,000,00,2,1,03,A01
200700049701,0,33,000,00,2,1,01,B01
200700049701,0,07,000,00,2,1,15,A01
200700049702,0,02,000,00,2,1,01,B01
200700049702,0,07,000,00,2,5,15,A01
200700049703,0,30,000,12,0,1,15,A01
200700049704,0,07,000,13,0,2,01,A01
200700049705,0,07,000,00,2,4,01,B01
200700049705,0,07,000,00,2,1,02,A01
200700049706,0,07,000,04,0,1,01,A01
200700049707,0,07,000,02,0,3,01,A01
200700049708,0,07,000,02,0,7,01,A01
200700049709,0,40,000,00,2,7,01,B01
200700049709,0,17,000,00,4,1,19,A01
200700049710,0,30,000,00,2,1,19,A01
200700049710,0,07,000,00,2,8,01,B01
200700049711,0,07,000,00,1,7,01,A01
200700049712,0,01,000,14,0,1,01,A01
200700049713,0,07,000,09,2,7,01,A01
200700049713,0,07,000,00,2,3,01,B01
200700049714,0,07,000,00,2,1,01,A01
200700049714,0,07,000,00,2,3,01,B01
200700049715,0,07,000,00,2,2,08,B01
200700049715,0,07,000,00,2,3,13,A01
200700049716,0,07,000,00,2,3,23,D01
200700049716,0,07,000,00,2,4,23,C01
200700049716,0,07,000,00,2,4,23,B01
200700049716,0,99,000,11,2,1,21,E01
200700049716,1,07,000,00,0,0,00,A01
200700049717,0,33,000,00,2,1,01,A01
200700049717,0,07,000,00,0,8,01,B01
200700049718,0,10,000,00,2,2,16,B01
200700049718,0,32,000,00,2,1,21,A01
200700049719,0,30,000,00,2,1,01,A01
200700049719,0,07,000,00,2,7,01,B01
200700049720,0,07,000,00,2,1,01,A01
200700049720,0,07,000,00,2,1,01,B01
200700049721,0,07,000,00,2,2,01,A01
200700049721,0,33,000,12,2,7,01,B01
200700049722,0,07,000,00,0,3,15,B01
200700049722,0,30,000,00,2,1,17,A01
200700049723,0,07,000,00,1,1,01,A01
200700049724,0,30,000,14,0,1,01,A01
200700049725,0,02,000,11,0,8,00,A01
200700049726,0,07,000,00,2,1,16,B01
200700049726,0,07,000,00,2,1,02,A01
200700049727,0,07,000,06,1,1,14,A01
200700049728,1,07,000,00,1,2,01,A01
200700049729,0,10,000,00,1,4,04,A01
200700049730,0,30,000,00,1,1,01,A01
200700049731,0,07,000,00,0,8,15,B01
200700049731,0,33,000,00,2,1,01,A01
200700049732,0,02,000,00,2,2,01,B01
200700049732,0,07,000,00,2,8,09,A01
200700049733,0,07,000,00,2,8,15,B01
200700049733,0,33,000,00,2,1,05,A01
200700049734,0,07,000,00,1,1,01,A01
200700049735,0,07,000,00,2,3,01,B01
200700049735,0,07,000,00,2,2,15,A01
200700049736,0,07,000,00,0,4,01,B01
200700049736,0,33,000,00,2,1,01,A01
200700049737,0,07,000,00,0,4,02,C01
200700049737,0,07,000,00,2,1,01,B01
200700049737,0,07,000,00,2,1,01,A01
200700049738,0,07,000,00,2,8,00,B01
200700049738,0,33,000,00,2,1,07,A01
200700049739,0,07,000,00,2,1,01,A01
200700049739,0,07,000,00,2,8,01,B01
200700049740,0,07,000,00,2,1,01,B01
200700049740,0,07,000,00,2,7,15,A01
200700049741,0,33,000,00,2,1,01,B01
200700049741,0,07,000,00,2,8,15,A01
200700049742,0,33,000,00,2,2,01,B01
200700049742,0,07,000,00,0,8,13,A01
200700049743,0,07,000,00,2,8,15,A01
200700049743,0,07,000,00,2,1,01,B01
200700049744,0,07,000,00,2,8,01,B01
200700049744,0,10,000,00,2,1,01,A01
200700049745,0,07,000,00,2,1,01,B01
200700049745,0,10,000,00,2,3,15,A01
200700049746,0,02,000,14,0,8,13,A01
200700049747,0,07,000,04,0,1,14,A01
200700049748,0,07,000,00,2,3,10,A01
200700049748,0,31,000,00,2,1,01,B01
200700049749,0,07,000,00,2,3,16,A01
200700049749,0,31,000,00,2,7,16,B01
200700049750,0,07,000,04,0,2,13,A01
200700049751,0,10,000,00,1,1,16,A01
200700049752,0,07,000,00,2,3,15,A01
200700049752,0,31,000,00,2,1,01,B01
200700049753,0,07,000,00,2,8,15,A01
200700049753,0,31,000,00,2,7,17,B01
200700049754,0,07,000,00,1,2,01,A01
200700049755,0,10,000,00,2,8,15,A01
200700049755,0,10,000,00,2,2,01,B01
200700049756,0,02,000,00,2,8,01,B01
200700049756,0,07,000,00,2,3,19,A01
200700049757,0,07,000,00,2,2,01,A01
200700049757,0,01,000,00,2,0,19,B01
200700049758,0,02,000,00,2,3,01,A01
200700049758,0,07,000,00,2,5,15,B01
200700049759,0,31,000,00,0,7,00,A01
200700049760,0,07,000,03,2,9,01,A01
200700049760,0,17,000,00,2,2,12,B01
200700049761,0,07,000,00,2,1,01,A01
200700049761,0,07,000,00,2,4,23,B01
200700049761,0,07,000,00,2,4,23,C01
200700049762,0,10,000,00,2,8,15,A01
200700049762,0,30,000,00,2,1,01,B01
200700049763,0,07,000,00,2,1,05,A01
200700049763,0,01,000,00,2,9,01,B01
200700049764,0,07,000,03,0,8,02,A01
200700049765,0,07,000,01,0,1,13,A01
200700049766,0,07,000,00,2,1,02,A01
200700049766,0,07,000,00,2,9,02,B01
200700049766,0,07,000,00,2,0,02,C01
200700049767,0,07,000,13,0,1,21,A01
200700049768,0,07,000,08,0,1,05,A01
200700049769,1,07,000,00,1,0,00,A01
200700049770,0,10,000,00,2,2,01,A01
200700049770,0,07,000,00,2,4,23,B01
200700049771,0,02,000,00,2,1,01,A01
200700049771,0,07,000,00,2,8,01,B01
200700049772,0,30,000,11,0,1,01,A01
200700049773,0,07,000,00,2,2,16,A01
200700049773,0,33,000,00,2,4,23,B01
200700049774,0,07,000,00,1,2,00,A01
200700049775,0,07,000,00,2,1,15,A01
200700049775,0,01,000,00,2,0,01,B01
200700049776,0,07,000,00,2,2,13,A01
200700049776,0,07,000,00,2,1,02,B01
200700049777,0,14,000,14,0,1,01,A01
200700049778,0,30,000,00,1,1,01,A01
200700049779,0,07,000,00,2,2,19,A01
200700049779,0,33,000,00,2,1,01,B01
200700049780,0,07,000,00,2,1,02,A01
200700049780,0,07,000,00,2,4,01,B01
200700049781,0,30,000,00,0,0,00,A01
200700049782,0,30,000,00,0,2,00,A01
200700049783,0,07,000,00,0,0,01,B01
200700049783,0,01,000,00,2,4,00,A01
200700049783,1,07,000,00,2,0,02,C01
200700049784,0,07,000,00,1,1,01,A01
200700049785,0,33,000,00,2,3,01,A01
200700049785,0,07,000,00,2,3,15,B01
200700049786,0,31,000,00,0,0,00,A01
200700049787,0,07,000,00,2,1,02,A01
200700049787,0,07,000,00,2,9,23,B01
200700049787,0,07,000,00,2,4,23,C01
200700049788,0,07,000,00,2,9,15,A01
200700049788,0,07,000,00,2,1,01,B01
200700049788,0,07,000,00,2,3,23,C01
200700049788,0,07,000,00,2,3,23,D01
200700049789,0,07,000,00,2,2,15,A01
200700049789,0,07,000,00,2,0,15,B01
200700049789,0,33,000,00,2,1,01,C01
200700049790,0,07,000,06,0,1,01,A01
200700049791,0,07,000,00,2,3,01,A01
200700049791,0,02,000,00,2,7,01,B01
200700049792,0,30,000,00,2,1,02,A01
200700049792,0,07,000,00,2,4,02,B01
200700049793,0,07,000,00,5,1,01,A01
200700049793,0,07,000,00,5,1,01,B01
200700049794,0,07,000,01,2,1,01,A01
200700049794,0,33,000,00,2,4,01,B01
200700049795,0,02,000,00,2,1,01,B01
200700049795,0,07,000,01,2,1,01,A01
200700049796,0,07,000,00,2,8,01,B01
200700049796,1,07,000,00,2,1,00,A01
200700049797,0,30,000,00,0,0,01,A01
200700049798,0,07,000,00,2,1,01,A01
200700049798,0,07,000,00,2,4,01,B01
200700049798,0,07,000,00,2,4,01,C01
200700049798,0,07,000,00,2,4,01,D01
200700049798,0,07,000,00,2,4,01,E01
200700049799,0,07,000,00,2,2,15,A01
200700049799,0,07,000,00,2,1,01,B01
200700049800,1,07,000,00,2,3,09,B01
200700049800,0,07,000,00,2,7,15,A01
200700049801,0,01,000,00,0,0,01,A01
200700049802,0,02,000,00,2,1,01,A01
200700049802,0,07,000,00,2,4,23,B01
200700049803,0,02,000,00,2,1,01,A01
200700049803,0,07,000,00,2,3,01,B01
200700049804,0,07,000,00,2,3,22,A01
200700049804,0,01,000,01,1,1,03,B01
200700049805,0,14,000,00,2,1,01,A01
200700049805,0,07,000,00,2,4,01,B01
200700049806,0,01,000,00,2,7,09,A01
200700049806,0,07,000,00,2,1,01,B01
200700049807,0,07,000,00,1,1,01,A01
200700049808,0,33,000,00,0,0,01,A01
200700049809,0,02,000,00,2,2,01,A01
200700049809,0,07,000,00,2,1,01,B01
200700049810,0,07,000,00,2,1,01,A01
200700049810,0,31,000,00,2,7,01,B01
200700049811,0,07,000,00,2,3,05,A01
200700049811,0,07,000,00,2,0,02,B01
200700049812,0,02,000,10,0,7,00,A01
200700049813,0,07,000,00,2,7,22,A01
200700049813,0,01,000,00,2,1,01,B01
200700049814,0,07,000,00,2,2,04,A01
200700049814,0,07,000,00,2,3,01,B01
200700049815,0,07,000,00,2,3,19,A01
200700049815,0,02,000,00,2,2,01,B01
200700049816,0,10,000,00,1,3,00,A01
200700049817,0,07,000,00,1,1,15,A01
200700049818,0,10,000,00,2,3,10,A01
200700049818,0,33,000,00,2,3,01,B01
200700049819,0,07,000,00,2,1,02,A01
200700049819,0,15,000,00,2,4,02,B01
200700049820,0,14,000,00,2,1,02,A01
200700049820,0,07,000,00,2,4,02,B01
200700049821,0,10,000,00,1,4,04,A01
200700049822,0,07,000,00,2,7,12,A01
200700049822,0,07,000,01,2,9,01,B01
200700049823,0,07,000,00,2,6,15,A01
200700049823,0,33,000,00,2,1,01,B01
200700049824,0,14,000,00,2,3,15,A01
200700049824,0,02,000,00,2,8,01,B01
200700049825,0,07,000,04,0,1,09,A01
200700049826,0,07,000,13,0,9,09,A01
200700049827,0,32,000,00,2,1,01,A01
200700049827,0,01,000,00,2,1,15,B01
200700049828,0,07,000,00,2,3,01,A01
200700049828,0,01,000,00,2,4,17,B01
200700049829,0,07,000,00,1,6,04,A01
200700049830,0,07,000,00,2,7,16,A01
200700049830,0,30,000,00,2,1,01,B01
200700049831,0,33,000,00,1,2,01,A01
200700049832,0,07,000,00,1,2,01,A01
200700049833,0,07,000,00,1,2,01,A01
200700049834,0,30,000,00,2,1,01,A01
200700049834,1,31,000,00,2,0,16,B01
200700049835,0,07,000,00,1,1,01,A01
200700049836,0,07,000,00,2,3,15,A01
200700049836,0,33,000,00,2,1,17,B01
200700049837,0,07,000,00,2,1,02,A01
200700049837,0,07,000,00,2,4,02,B01
200700049838,0,07,000,00,2,8,22,A01
200700049838,0,01,000,01,0,1,01,B01
200700049838,0,01,000,14,0,1,01,C01
200700049838,0,01,000,14,0,1,01,D01
200700049839,0,07,000,00,2,7,16,A01
200700049839,0,33,000,00,2,3,01,B01
200700049840,0,13,000,00,2,1,02,A01
200700049840,0,07,000,00,2,4,23,B01
200700049841,0,14,000,00,2,1,01,A01
200700049841,0,07,000,00,2,5,01,B01
200700049841,0,10,000,00,2,3,01,C01
200700049842,0,07,000,00,2,2,09,A01
200700049842,0,33,000,00,2,1,17,B01
200700049843,0,10,000,00,2,1,01,A01
200700049843,0,07,000,00,2,9,23,B01
200700049843,0,07,000,00,2,7,15,C01
200700049844,0,07,000,13,0,9,13,A01
200700049845,0,30,000,00,2,1,02,A01
200700049845,0,07,000,00,9,4,23,B01
200700049846,0,07,000,00,9,3,15,A01
200700049846,0,33,000,00,2,1,17,B01
200700049847,0,07,000,00,2,3,10,A01
200700049847,0,33,000,00,2,1,17,B01
200700049848,0,07,000,00,1,4,04,A01
200700049849,0,02,000,00,2,1,01,B01
200700049849,0,07,000,00,2,3,15,A01
200700049850,0,07,000,00,2,2,00,A01
200700049850,0,10,000,00,2,6,00,B01
200700049851,0,07,000,00,2,4,02,A01
200700049851,0,02,000,00,2,2,02,B01
200700049852,0,02,000,00,2,7,01,A01
200700049852,0,02,000,00,2,8,09,B01
200700049853,0,07,000,00,2,4,02,A01
200700049853,0,07,000,00,2,1,02,B01
200700049854,0,07,000,00,2,1,01,B01
200700049854,0,07,000,00,2,1,15,A01
200700049855,0,07,000,00,2,7,01,A01
200700049855,0,07,000,00,2,3,09,B01
200700049856,0,07,000,00,2,8,15,A01
200700049856,0,07,000,00,2,1,01,B01
200700049857,0,01,000,00,2,1,15,B01
200700049857,0,07,000,00,2,1,01,A01
200700049858,0,02,000,00,0,7,01,A01
200700049859,0,07,000,00,1,4,04,A01
200700049860,0,07,000,00,2,1,15,A01
200700049860,0,33,000,08,2,1,01,B01
200700049861,0,07,000,00,2,7,05,A01
200700049861,0,10,000,00,2,3,01,B01
200700049861,0,07,000,00,2,1,01,C01
200700049862,0,34,000,00,2,1,01,B01
200700049862,0,07,000,00,2,8,01,A01
200700049863,0,07,000,00,2,6,15,A01
200700049863,0,02,000,00,2,1,01,B01
200700049864,0,07,000,00,2,7,15,A01
200700049864,0,07,000,00,2,1,01,B01
200700049865,0,07,000,00,2,1,15,A01
200700049865,0,07,000,00,2,1,01,B01
200700049866,0,07,000,00,2,1,13,A01
200700049866,0,07,000,00,2,3,00,B01
200700049866,0,07,000,00,2,1,00,C01
200700049867,0,07,000,00,2,1,19,A01
200700049867,0,07,000,00,2,1,01,B01
200700049868,0,30,000,01,0,1,01,A01
200700049869,0,07,000,02,0,0,13,A01
200700049870,0,07,000,00,1,1,15,A01
200700049871,0,10,000,00,2,3,15,A01
200700049871,0,07,000,00,2,2,01,B01
200700049872,0,33,000,12,0,0,00,A01
200700049873,0,07,000,00,2,1,13,A01
200700049873,0,07,000,00,2,1,00,B01
200700049874,0,07,000,13,0,1,00,A01
200700049875,0,02,000,00,2,1,01,A01
200700049875,0,07,000,00,2,3,15,B01
200700049876,0,07,000,00,2,1,01,A01
200700049876,0,07,000,00,2,1,01,B01
200700049877,0,07,000,00,2,1,16,A01
200700049877,0,07,000,00,2,8,01,B01
200700049878,0,07,000,01,0,8,09,A01
200700049878,0,31,000,00,2,1,01,B01
200700049879,0,07,000,00,2,8,00,B01
200700049879,0,07,000,00,2,8,01,C01
200700049879,0,07,000,00,2,1,01,A01
200700049880,0,07,000,00,2,3,15,A01
200700049880,0,02,000,00,2,1,01,B01
200700049881,0,07,000,00,2,2,17,A01
200700049881,0,02,000,00,2,9,15,B01
200700049882,0,07,000,00,2,1,01,A01
200700049882,0,07,000,00,2,4,23,B01
200700049883,0,07,000,00,2,8,15,A01
200700049883,0,02,000,00,2,1,17,B01
200700049884,0,07,000,13,0,1,01,A01
200700049885,0,07,000,00,2,1,02,B01
200700049885,0,07,000,00,2,7,06,A01
200700049886,0,02,000,01,2,1,01,A01
200700049886,0,07,000,00,2,2,01,B01
200700049887,0,01,000,00,2,1,01,A01
200700049887,0,02,000,00,2,1,15,B01
200700049888,0,30,000,00,2,7,01,A01
200700049888,1,99,000,00,2,8,20,B01
200700049889,0,07,000,00,2,7,12,A01
200700049889,0,30,000,00,2,8,01,B01
200700049890,0,01,000,00,2,5,01,B01
200700049890,0,07,000,00,2,3,11,A01
200700049891,0,02,000,00,2,7,01,A01
200700049891,1,99,000,00,2,8,21,B01
200700049892,0,07,000,03,2,1,13,A01
200700049892,0,07,000,03,2,1,01,B01
200700049893,0,07,000,00,2,7,02,B01
200700049893,0,07,000,00,2,2,15,A01
200700049894,0,07,000,00,2,1,02,A01
200700049894,0,07,000,00,2,4,23,B01
200700049895,0,07,000,00,1,2,01,A01
200700049896,0,02,000,00,1,1,01,A01
200700049897,0,02,000,00,2,1,18,A01
200700049897,0,07,000,00,2,2,16,B01
200700049898,0,07,000,00,2,6,02,B01
200700049898,0,07,000,00,2,2,02,A01
200700049899,0,07,000,00,2,1,02,A01
200700049899,0,07,000,15,2,4,16,B01
200700049900,0,05,000,00,2,1,01,A01
200700049900,0,07,000,00,0,4,01,B01
200700049901,0,07,000,00,2,2,01,B01
200700049901,0,07,000,00,2,3,01,A01
200700049902,0,07,000,00,2,6,01,A01
200700049902,0,05,000,00,2,1,01,B01
200700049903,0,07,000,00,2,5,01,B01
200700049903,0,07,000,00,2,3,15,A01
200700049904,0,07,000,00,2,8,24,A01
200700049904,0,01,000,00,2,1,01,B01
200700049905,0,07,000,00,1,7,01,A01
200700049906,0,07,000,00,2,3,01,B01
200700049906,0,07,000,00,2,2,09,A01
200700049907,0,10,000,00,1,2,01,A01
200700049908,0,07,000,00,2,1,02,A01
200700049908,0,07,000,00,0,4,02,B01
200700049909,0,10,000,00,2,7,12,A01
200700049909,0,05,000,00,2,8,01,B01
200700049910,0,07,000,00,2,3,13,A01
200700049910,0,07,000,00,2,3,01,B01
200700049911,0,07,000,00,1,8,15,A01
200700049912,0,07,000,00,2,3,15,B01
200700049912,0,02,000,00,2,1,01,A01
200700049913,0,32,000,00,2,1,01,A01
200700049913,0,01,000,00,2,6,11,B01
200700049914,0,07,000,00,1,1,01,A01
200700049915,0,07,000,00,2,1,00,A01
200700049915,0,33,000,00,2,5,01,B01
200700049916,0,07,000,00,1,4,01,A01
200700049917,0,07,000,03,0,1,01,A01
200700049918,0,30,000,00,2,1,01,B01
200700049918,0,07,000,00,2,3,01,A01
200700049919,0,07,000,00,2,1,01,B01
200700049919,0,07,000,00,2,3,09,A01
200700049920,0,07,000,00,2,1,01,B01
200700049920,0,07,000,00,2,3,09,A01
200700049921,0,30,000,00,1,1,01,A01
200700049922,0,01,000,00,2,1,01,A01
200700049922,0,07,000,00,2,7,00,B01
200700049923,0,01,000,00,2,1,01,A01
200700049923,0,07,000,00,2,3,01,B01
200700049924,0,01,000,00,2,1,00,A01
200700049924,0,07,000,00,2,4,01,B01
200700049925,0,30,000,00,2,0,01,A01
200700049925,0,01,000,00,2,3,00,B01
200700049926,0,07,000,00,1,1,01,A01
200700049927,0,07,000,00,2,3,09,A01
200700049927,0,30,000,00,2,1,01,B01
200700049928,0,07,000,01,0,3,01,A01
200700049929,0,01,000,00,0,4,02,B01
200700049929,0,02,000,14,0,1,23,A01
200700049930,0,02,000,02,0,1,16,A01
200700049931,0,07,000,00,2,1,01,B01
200700049931,0,01,000,00,2,8,19,A01
200700049932,0,33,000,11,0,1,13,A01
200700049933,0,30,000,00,2,1,01,A01
200700049933,0,10,000,00,2,3,01,B01
200700049934,0,02,000,00,2,1,13,A01
200700049934,0,07,000,00,2,3,01,B01
200700049935,0,07,000,00,2,0,12,A01
200700049935,0,32,000,00,2,1,01,B01
200700049936,0,07,000,00,2,7,15,A01
200700049936,0,02,000,00,2,1,01,B01
200700049937,0,33,000,00,9,7,01,A01
200700049938,0,07,000,00,2,3,01,A01
200700049938,0,07,000,00,2,1,01,B01
200700049939,0,10,000,00,2,3,01,A01
200700049939,0,10,000,00,2,7,01,B01
200700049940,0,01,000,00,2,7,01,B01
200700049940,1,07,000,00,2,1,09,A01
200700049941,1,07,000,00,1,1,01,A01
200700049942,0,07,000,00,0,0,01,A01
200700049942,0,30,000,00,0,0,01,B01
200700049943,0,07,000,00,2,0,00,A01
200700049943,0,07,000,00,2,0,00,B01
200700049944,0,32,000,00,1,1,01,A01
200700049945,0,07,000,00,2,1,02,A01
200700049945,0,07,000,00,2,1,02,B01
200700049946,0,30,000,00,2,3,09,A01
200700049946,0,07,000,00,2,2,01,B01
200700049947,0,02,000,00,2,1,01,A01
200700049947,0,07,000,00,2,2,01,B01
200700049948,0,31,000,00,2,1,02,A01
200700049948,0,07,000,00,0,4,23,B01
200700049949,0,99,000,00,2,1,15,A01
200700049949,0,07,000,00,2,3,01,B01
200700049950,0,07,000,00,1,1,01,A01
200700049951,0,07,000,00,2,1,02,A01
200700049951,0,07,000,00,0,4,02,B01
200700049952,0,07,000,00,2,3,01,A01
200700049952,0,33,000,00,2,7,01,B01
200700049953,0,07,000,00,2,1,01,A01
200700049953,0,07,000,00,2,4,01,B01
200700049954,0,07,000,00,2,1,01,B01
200700049954,0,01,000,00,2,5,01,A01
200700049955,0,02,000,00,2,3,01,A01
200700049955,0,07,000,00,2,7,16,B01
200700049956,0,30,000,00,2,1,01,A01
200700049956,0,10,000,00,2,7,16,B01
200700049957,0,07,000,00,2,1,21,B01
200700049957,0,01,000,00,2,0,19,A01
200700049958,0,07,000,00,2,5,01,A01