Num_Acc,senc,catv,occutc,obs,obsm,choc,manv,num_veh
200700049958,0,01,000,00,2,3,01,B01
200700049959,0,07,000,14,2,3,06,A01
200700049959,0,07,000,00,2,6,01,B01
200700049960,0,01,000,00,2,1,19,A01
200700049960,0,07,000,00,2,3,01,B01
200700049961,0,10,000,00,2,3,15,A01
200700049961,0,33,000,00,2,1,01,B01
200700049962,0,07,000,00,2,1,01,A01
200700049962,0,34,000,00,2,1,01,B01
200700049962,0,07,000,00,2,4,01,C01
200700049963,0,30,000,00,2,2,01,A01
200700049963,0,10,000,00,2,3,01,B01
200700049964,0,10,000,00,0,9,00,A01
200700049965,0,02,000,00,2,1,01,A01
200700049965,0,07,000,00,2,3,01,B01
200700049966,0,01,000,00,2,8,19,A01
200700049966,0,07,000,00,9,3,01,B01
200700049967,0,10,000,00,2,1,02,A01
200700049967,0,07,000,00,0,4,02,B01
200700049968,0,07,000,00,2,1,01,A01
200700049968,0,07,000,00,0,4,01,B01
200700049969,0,02,000,00,1,1,02,A01
200700049970,0,07,000,00,9,1,01,A01
200700049970,0,01,000,00,2,8,01,B01
200700049971,0,07,000,07,2,7,01,A01
200700049971,0,07,000,00,2,1,01,B01
200700049972,0,02,000,00,2,1,01,A01
200700049972,0,07,000,00,9,3,16,B01
200700049973,0,07,000,00,2,3,09,A01
200700049973,0,32,000,00,2,1,03,B01
200700049974,0,10,000,00,2,1,15,A01
200700049974,0,33,000,00,2,1,01,B01
200700049975,0,02,000,00,2,1,01,A01
200700049975,0,07,000,00,2,3,10,B01
200700049976,1,07,000,00,1,0,01,A01
200700049977,0,02,000,00,2,1,01,A01
200700049977,0,07,000,00,2,8,01,B01
200700049978,0,33,000,00,1,2,01,A01
200700049979,0,07,000,00,2,1,01,A01
200700049979,0,07,000,00,2,4,23,B01
200700049980,0,07,000,00,2,2,16,A01
200700049980,0,01,000,00,2,0,01,B01
200700049981,1,07,000,00,1,1,01,A01
200700049982,0,07,000,15,0,3,13,A01
200700049983,0,07,000,00,2,1,01,A01
200700049983,0,07,000,00,2,4,01,B01
200700049984,0,02,000,00,0,0,01,A01
200700049985,0,35,000,00,2,1,13,A01
200700049985,0,14,000,00,9,2,23,B01
200700049986,0,07,000,00,2,1,01,A01
200700049986,0,07,000,00,2,3,01,B01
200700049987,0,07,000,00,2,3,01,A01
200700049987,0,07,000,00,2,1,01,B01
200700049988,0,37,001,00,2,8,15,A01
200700049988,0,02,000,00,2,1,01,B01
200700049989,0,07,000,00,2,5,17,A01
200700049989,0,30,000,00,2,3,01,B01
200700049990,0,34,000,00,2,1,17,A01
200700049990,0,37,001,00,2,3,15,B01
200700049991,0,07,000,00,2,4,02,A01
200700049991,0,07,000,00,2,1,02,B01
200700049992,0,07,000,00,2,8,17,A01
200700049992,0,07,000,00,2,8,23,B01
200700049993,0,07,000,00,2,7,13,A01
200700049993,0,07,000,00,2,1,01,B01
200700049994,0,07,000,00,1,3,01,A01
200700049995,0,33,000,00,2,1,13,B01
200700049995,0,07,000,00,2,8,09,A01
200700049996,0,33,000,00,2,7,02,A01
200700049996,0,01,000,00,0,4,13,B01
200700049997,0,33,000,00,1,1,01,A01
200700049998,0,07,000,13,0,3,13,A01
200700049999,0,01,000,00,2,6,00,A01
200700049999,0,33,000,00,2,1,01,B01
200700050000,0,33,000,00,0,0,00,A01
200700050001,0,07,000,00,2,2,01,A01
200700050001,0,07,000,00,2,3,01,B01
200700050002,0,07,000,00,2,3,15,A01
200700050002,0,30,000,00,2,1,01,B01
200700050003,0,33,000,07,0,1,01,A01
200700050004,0,07,000,00,2,1,00,A01
200700050004,0,07,000,00,2,1,00,B01
200700050005,0,07,000,00,2,1,16,A01
200700050005,0,01,000,00,2,8,01,B01
200700050006,0,02,000,08,0,1,00,A01
200700050007,0,01,000,00,0,0,01,A01
200700050008,0,07,000,00,2,1,02,A01
200700050008,0,07,000,00,2,4,02,B01
200700050009,0,33,000,00,2,1,02,A01
200700050009,0,07,000,00,2,3,23,B01
200700050010,0,07,000,00,2,3,15,A01
200700050010,0,33,000,00,2,1,01,B01
200700050011,1,07,000,00,2,0,00,A01
200700050011,0,01,000,00,2,0,00,B01
200700050012,0,33,000,00,2,2,01,B01
200700050012,0,07,000,00,2,3,15,A01
200700050013,0,07,000,00,1,4,04,A01
200700050014,0,07,000,02,0,1,01,A01
200700050015,0,07,000,08,0,1,01,A01
200700050016,0,02,000,00,2,1,01,A01
200700050016,0,07,000,00,2,7,01,B01
200700050017,0,10,000,09,0,1,01,A01
200700050018,0,02,000,00,0,0,01,A01
200700050019,0,07,000,06,0,3,02,A01
200700050020,0,07,000,00,2,1,02,A01
200700050020,0,07,000,00,2,4,02,B01
200700050020,0,07,000,00,2,8,01,C01
200700050021,0,07,000,00,2,7,16,A01
200700050021,0,02,000,00,2,3,01,B01
200700050022,0,07,000,00,0,0,00,A01
200700050022,0,02,000,01,0,3,00,B01
200700050023,0,30,000,00,2,1,02,A01
200700050023,0,07,000,00,2,4,23,B01
200700050024,0,07,000,00,2,2,20,A01
200700050024,0,30,000,00,2,1,07,B01
200700050025,0,02,000,00,2,1,01,B01
200700050025,0,07,000,00,2,3,19,A01
200700050026,0,07,000,00,2,7,16,A01
200700050026,0,01,000,00,2,8,01,B01
200700050027,0,07,000,00,0,3,00,B01
200700050027,0,07,000,00,2,1,05,A01
200700050028,0,07,000,00,1,1,01,A01
200700050029,0,07,000,00,2,2,01,B01
200700050029,0,07,000,09,2,1,01,A01
200700050030,0,33,000,00,2,1,01,A01
200700050030,0,07,000,00,2,1,01,B01
200700050031,0,30,000,01,0,1,01,A01
200700050032,0,02,000,00,1,1,01,A01
200700050033,0,07,000,00,2,1,15,A01
200700050033,0,02,000,00,2,1,01,B01
200700050034,0,02,000,00,2,1,01,A01
200700050034,0,07,000,00,2,3,23,B01
200700050035,0,33,000,12,0,3,01,A01
200700050036,0,02,000,00,2,2,17,A01
200700050036,0,07,000,00,2,3,15,B01
200700050037,0,30,000,00,2,1,01,A01
200700050037,0,07,000,00,0,4,23,B01
200700050038,0,30,000,00,2,8,02,B01
200700050038,1,10,000,00,2,2,02,A01
200700050039,0,10,000,00,1,0,04,A01
200700050040,0,07,000,00,0,4,01,B01
200700050040,0,02,000,00,2,1,01,A01
200700050041,0,99,000,00,1,1,00,A01
200700050042,0,07,000,00,2,2,09,A01
200700050042,0,30,000,00,2,1,01,B01
200700050043,0,02,000,00,1,7,14,A01
200700050044,0,07,000,00,1,3,01,A01
200700050045,0,07,000,00,2,2,03,A01
200700050045,0,17,000,00,2,6,03,B01
200700050046,0,01,000,00,2,7,05,A01
200700050046,0,07,000,00,2,3,15,B01
200700050047,0,07,000,09,0,2,06,A01
200700050048,0,07,000,00,1,3,01,A01
200700050049,0,02,000,00,2,1,01,A01
200700050049,0,07,000,00,2,2,01,B01
200700050050,0,02,000,00,2,1,15,A01
200700050050,0,07,000,00,2,1,01,B01
200700050051,0,02,000,08,0,0,09,A01
200700050052,0,07,000,00,1,4,04,A01
200700050053,0,07,000,00,2,8,09,A01
200700050053,0,07,000,00,2,5,15,B01
200700050054,0,07,000,13,0,1,21,A01
200700050055,0,07,000,00,2,1,01,A01
200700050055,0,07,000,00,2,4,23,B01
200700050056,0,10,000,00,2,7,17,A01
200700050056,0,01,000,00,2,8,01,B01
200700050057,0,07,000,00,1,1,15,A01
200700050058,0,07,000,00,2,7,01,B01
200700050058,1,10,000,00,2,1,16,A01
200700050059,0,02,000,00,2,1,13,A01
200700050059,0,07,000,00,2,4,04,B01
200700050060,0,07,000,00,1,1,02,A01
200700050061,0,07,000,00,2,1,02,A01
200700050061,0,07,000,00,2,3,19,B01
200700050062,0,30,000,00,2,1,02,A01
200700050062,0,07,000,00,2,2,02,B01
200700050063,0,07,000,00,1,1,15,A01
200700050064,0,07,000,00,2,8,15,A01
200700050064,0,30,000,00,2,7,17,B01
200700050065,0,07,000,01,2,1,01,A01
200700050066,0,07,000,00,0,8,10,A01
200700050066,0,33,000,00,2,1,01,B01
200700050067,0,07,000,00,2,2,01,A01
200700050067,0,33,000,00,2,7,23,B01
200700050068,0,07,000,00,2,3,05,A01
200700050068,0,01,000,00,2,1,01,B01
200700050069,0,07,000,00,2,1,01,A01
200700050069,0,07,000,00,2,1,01,B01
200700050070,0,07,000,00,2,2,17,A01
200700050070,0,01,000,00,2,4,01,B01
200700050071,0,07,000,00,2,7,15,A01
200700050071,0,07,000,00,2,1,01,B01
200700050072,0,07,000,00,2,3,01,B01
200700050072,0,01,000,00,2,1,01,A01
200700050073,0,07,000,00,2,1,01,A01
200700050073,0,07,000,00,2,4,23,B01
200700050074,0,07,000,00,2,2,00,A01
200700050074,0,01,000,00,0,0,00,B01
200700050075,1,30,000,00,1,1,00,A01
200700050076,0,07,000,00,1,1,15,A01
200700050077,0,07,000,00,2,1,02,A01
200700050077,0,07,000,00,2,4,02,B01
200700050078,0,07,000,00,1,4,04,A01
200700050079,0,07,000,08,2,2,15,A01
200700050079,0,07,000,00,2,8,01,B01
200700050080,0,07,000,00,1,1,01,A01
200700050081,0,10,000,00,2,2,15,A01
200700050081,0,07,000,00,2,1,01,B01
200700050082,0,07,000,00,1,2,01,A01
200700050083,0,07,000,00,2,2,09,A01
200700050083,0,32,000,00,2,8,01,B01
200700050084,0,33,000,00,2,0,01,A01
200700050084,0,01,000,00,2,0,01,B01
200700050085,0,07,000,00,2,1,02,A01
200700050085,0,07,000,00,2,4,01,B01
200700050086,0,10,000,00,2,1,01,A01
200700050086,0,07,000,00,2,3,01,B01
200700050087,1,07,000,00,1,1,00,A01
200700050088,0,07,000,00,1,1,09,A01
200700050089,0,07,000,00,2,8,01,B01
200700050089,0,32,000,00,2,1,15,A01
200700050090,0,03,000,00,2,1,15,A01
200700050090,0,07,000,00,2,8,01,B01
200700050091,0,07,000,00,2,1,15,A01
200700050091,0,32,000,00,2,1,01,B01
200700050092,0,07,000,00,2,6,10,A01
200700050092,0,33,000,00,2,1,01,B01
200700050093,0,07,000,00,2,8,10,A01
200700050093,0,31,000,00,2,1,01,B01
200700050094,0,07,000,08,0,7,01,A01
200700050095,0,33,000,00,2,1,01,A01
200700050095,0,07,000,00,2,7,16,B01
200700050096,0,07,000,00,2,8,01,A01
200700050096,0,31,000,00,2,7,01,B01
200700050097,0,30,000,00,2,1,01,A01
200700050097,0,07,000,00,2,0,01,B01
200700050098,0,07,000,00,2,2,01,A01
200700050098,0,07,000,08,2,2,00,B01
200700050099,0,07,000,00,2,1,05,A01
200700050099,0,07,000,00,2,1,01,B01
200700050099,0,07,000,00,0,0,01,C01
200700050100,0,10,000,00,2,1,01,A01
200700050100,0,01,000,00,2,1,19,B01
200700050101,0,01,000,00,2,1,01,A01
200700050101,0,33,000,00,2,7,23,B01
200700050102,0,02,000,00,1,1,17,A01
200700050103,0,02,000,01,0,0,01,A01
200700050103,0,07,000,00,0,3,23,B01
200700050104,0,07,000,00,2,1,01,A01
200700050104,0,30,000,00,2,4,01,B01
200700050105,0,07,000,00,1,4,04,A01
200700050106,0,02,000,00,0,1,01,A01
200700050107,0,07,000,00,1,0,01,A01
200700050108,0,07,000,16,0,9,01,A01
200700050109,0,30,000,00,2,2,01,B01
200700050109,0,07,000,00,2,1,01,A01
200700050110,0,07,000,00,2,8,09,A01
200700050110,0,33,000,00,2,1,01,B01
200700050111,0,01,000,00,0,7,01,A01
200700050112,0,07,000,00,1,4,04,A01
200700050113,0,07,000,00,1,5,01,A01
200700050114,0,33,000,00,2,2,01,B01
200700050114,0,07,000,00,2,6,01,A01
200700050115,0,07,000,00,2,0,01,A01
200700050115,0,07,000,00,2,8,01,B01
200700050116,0,31,000,12,0,7,01,A01
200700050117,0,07,000,00,2,3,09,A01
200700050117,0,31,000,00,2,2,01,B01
200700050118,0,07,000,00,2,1,01,A01
200700050118,0,07,000,00,2,1,23,B01
200700050118,0,07,000,00,0,4,23,C01
200700050119,0,07,000,00,2,1,01,A01
200700050119,0,07,000,00,2,1,01,B01
200700050120,0,07,000,03,2,1,01,A01
200700050120,0,07,000,01,0,6,24,B01
200700050120,0,07,000,00,2,4,23,C01
200700050121,0,07,000,00,2,1,13,A01
200700050121,0,07,000,00,2,1,01,B01
200700050122,0,07,000,01,2,2,01,A01
200700050122,0,01,000,00,2,1,15,B01
200700050123,0,33,000,00,2,1,17,A01
200700050123,0,07,000,00,2,6,15,B01
200700050124,0,07,000,04,0,3,01,A01
200700050125,0,02,000,12,2,1,00,A01
200700050125,0,07,000,00,2,1,01,B01
200700050126,0,33,000,00,0,8,01,A01
200700050127,0,02,000,07,0,1,01,A01
200700050128,0,07,000,00,2,1,16,A01
200700050128,0,07,000,00,2,1,01,B01
200700050129,1,07,000,00,1,0,01,A01
200700050130,0,07,000,00,2,1,01,A01
200700050130,0,07,000,08,2,4,16,B01
200700050131,0,33,000,00,2,1,01,B01
200700050131,0,07,000,00,2,1,15,A01
200700050132,0,37,000,00,0,0,00,A01
200700050133,0,07,000,01,0,1,13,A01
200700050134,0,07,000,00,1,1,01,A01
200700050135,0,02,000,00,0,0,01,A01
200700050136,0,07,000,00,1,1,01,A01
200700050137,0,01,000,00,2,8,03,B01
200700050137,0,07,000,00,2,1,09,A01
200700050138,0,07,000,00,2,8,06,A01
200700050138,0,33,000,00,2,0,06,B01
200700050139,0,07,000,00,2,1,01,B01
200700050139,0,30,000,00,2,1,05,A01
200700050140,0,07,000,00,2,4,02,C01
200700050140,0,07,000,00,2,4,02,B01
200700050140,0,07,000,00,2,1,02,A01
200700050141,0,33,000,00,2,3,01,B01
200700050141,0,07,000,00,2,3,15,A01
200700050142,0,31,000,00,2,1,17,B01
200700050142,0,07,000,00,2,3,10,A01
200700050143,0,10,000,00,1,4,05,A01
200700050144,0,07,000,15,0,0,00,A01
200700050145,0,07,000,00,2,4,02,D01
200700050145,0,07,000,00,2,4,02,C01
200700050145,0,07,000,14,0,1,02,B01
200700050145,0,07,000,14,0,1,02,A01
200700050146,1,07,000,00,1,1,14,A01
200700050147,0,02,000,00,0,0,01,A01
200700050148,0,07,000,00,2,1,02,A01
200700050148,0,10,000,00,0,4,15,B01
200700050149,0,07,000,00,1,2,01,A01
200700050150,0,07,000,00,1,1,01,A01
200700050151,0,07,000,00,2,3,17,A01
200700050151,0,02,000,00,2,3,15,B01
200700050152,0,07,000,06,2,3,09,A01
200700050152,0,01,000,00,2,8,01,B01
200700050152,0,01,000,00,2,8,01,C01
200700050153,0,07,000,00,1,1,01,A01
200700050154,0,07,000,00,2,2,01,B01
200700050154,0,02,000,00,2,1,13,A01
200700050155,0,07,000,00,1,3,01,A01
200700050156,0,07,000,00,2,2,17,A01
200700050156,0,01,000,00,2,8,01,B01
200700050157,1,31,000,00,1,0,01,A01
200700050158,0,07,000,00,2,8,09,A01
200700050158,0,31,000,00,2,1,17,B01
200700050159,0,30,000,00,2,1,01,B01
200700050159,0,07,000,00,2,8,15,A01
200700050160,0,07,000,00,2,1,01,A01
200700050160,0,07,000,00,2,4,09,B01
200700050161,0,02,000,00,2,1,01,A01
200700050161,0,07,000,00,2,8,15,B01
200700050162,0,07,000,00,2,1,01,A01
200700050162,0,07,000,00,2,4,23,B01
200700050163,0,03,000,16,0,1,01,A01
200700050164,0,31,000,00,2,1,18,A01
200700050164,0,07,000,00,2,2,16,B01
200700050165,0,07,000,06,0,1,01,A01
200700050166,0,30,000,00,2,1,01,B01
200700050166,0,07,000,00,2,2,15,A01
200700050167,0,07,000,00,2,3,15,A01
200700050167,0,02,000,00,2,1,17,B01
200700050168,0,07,000,00,2,2,01,B01
200700050168,0,01,000,00,2,1,09,A01
200700050169,0,07,000,00,2,3,15,A01
200700050169,0,07,000,00,2,1,01,B01
200700050170,0,07,000,00,2,1,01,A01
200700050170,0,07,000,00,2,1,01,B01
200700050171,0,02,000,00,2,1,01,B01
200700050171,0,07,000,00,2,2,19,A01
200700050172,0,07,000,09,0,3,01,A01
200700050173,0,33,000,00,0,0,01,A01
200700050174,0,07,000,00,2,3,10,A01
200700050174,0,33,000,00,2,1,01,B01
200700050175,0,07,000,00,2,1,09,A01
200700050175,0,07,000,00,2,7,00,B01
200700050176,0,07,000,00,1,1,15,A01
200700050177,0,10,000,00,2,3,01,B01
200700050177,0,10,000,00,2,2,01,A01
200700050178,0,07,000,00,2,1,19,A01
200700050178,0,07,000,00,2,8,01,B01
200700050179,0,07,000,00,2,1,01,A01
200700050179,0,07,000,00,2,4,01,B01
200700050179,0,07,000,00,2,4,01,C01
200700050180,0,30,000,00,2,3,01,B01
200700050180,0,07,000,00,2,2,19,A01
200700050181,0,07,000,04,0,3,01,A01
200700050182,0,07,000,00,2,3,15,A01
200700050182,0,07,000,00,2,3,01,B01
200700050183,0,07,000,00,2,3,15,A01
200700050183,0,02,000,00,2,1,01,B01
200700050184,0,07,000,00,2,8,01,B01
200700050184,0,07,000,00,2,1,01,A01
200700050185,0,07,000,00,2,2,13,A01
200700050185,0,07,000,00,2,1,01,B01
200700050186,0,07,000,08,0,3,01,A01
200700050187,0,07,000,00,1,1,09,A01
200700050188,0,07,000,00,2,3,15,A01
200700050188,0,33,000,00,2,1,01,B01
200700050189,0,02,000,00,0,0,16,A01
200700050190,0,07,000,00,2,8,01,B01
200700050190,0,07,000,00,2,1,01,A01
200700050191,0,07,000,00,2,8,01,B01
200700050191,0,07,000,00,2,1,01,A01
200700050192,0,02,000,00,2,8,13,A01
200700050192,0,07,000,00,2,2,17,B01
200700050193,0,07,000,00,2,1,01,A01
200700050193,0,07,000,00,2,8,01,B01
200700050194,0,02,000,00,2,1,02,A01
200700050194,0,07,000,00,0,4,02,B01
200700050195,0,02,000,00,2,1,15,A01
200700050195,0,07,000,00,2,7,01,B01
200700050196,0,07,000,00,2,1,02,A01
200700050196,0,07,000,00,0,4,02,B01
200700050197,0,07,000,00,2,1,01,A01
200700050197,0,07,000,00,2,3,01,B01
200700050198,0,02,000,00,2,1,02,A01
200700050198,0,07,000,00,0,4,02,B01
200700050198,0,30,000,00,0,5,02,C01
200700050199,0,07,000,02,0,1,14,A01
200700050200,0,01,000,01,0,2,00,A01
200700050201,0,07,000,00,2,7,01,A01
200700050201,0,01,000,00,2,3,15,B01
200700050202,0,07,000,08,2,7,01,A01
200700050202,0,07,000,00,2,1,01,B01
200700050203,0,33,000,00,0,7,01,A01
200700050204,0,31,000,00,2,1,05,A01
200700050204,0,07,000,00,2,2,01,B01
200700050205,0,30,000,01,0,1,15,A01
200700050206,1,07,000,00,0,7,00,A01
200700050207,0,07,000,00,2,2,15,A01
200700050207,0,32,000,00,2,1,01,B01
200700050208,0,02,000,13,0,1,14,A01
200700050209,0,33,000,00,2,8,18,A01
200700050209,0,07,000,00,0,2,16,B01
200700050210,0,17,000,00,9,6,18,A01
200700050210,0,30,000,00,0,7,14,B01
200700050211,0,07,000,00,1,5,01,A01
200700050212,0,07,000,00,1,1,01,A01
200700050213,0,01,000,00,2,7,19,A01
200700050213,0,33,000,00,2,1,01,B01
200700050214,0,31,000,12,0,2,01,A01
200700050215,1,07,000,00,2,1,01,A01
200700050215,0,01,000,00,2,4,01,B01
200700050216,0,07,000,06,2,2,01,A01
200700050216,0,07,000,00,2,8,01,B01
200700050217,0,07,000,00,2,0,15,A01
200700050217,0,30,000,00,2,1,01,B01
200700050218,0,07,000,00,2,1,02,A01
200700050218,0,07,000,00,2,4,02,B01
200700050218,0,07,000,00,2,4,02,C01
200700050219,0,07,000,00,2,3,11,A01
200700050219,0,30,000,00,2,1,01,B01
200700050220,1,07,000,00,1,2,01,A01
200700050221,0,07,000,00,2,5,12,A01
200700050221,0,02,000,00,2,3,15,B01
200700050222,0,02,000,11,0,1,01,A01
200700050223,0,30,000,00,2,1,01,A01
200700050223,0,07,000,00,2,1,01,B01
200700050224,0,07,000,00,0,8,10,A01
200700050224,0,02,000,00,0,1,21,B01
200700050225,0,01,000,01,0,1,01,B01
200700050226,0,07,000,00,1,1,15,A01
200700050227,0,07,000,00,2,1,01,A01
200700050227,0,01,000,00,2,1,01,B01
200700050228,0,07,000,00,1,0,01,A01
200700050229,1,07,000,00,0,0,00,A01
200700050229,0,01,000,00,2,0,01,B01
200700050230,0,07,000,00,2,5,04,A01
200700050230,0,30,000,00,2,1,01,B01
200700050231,0,07,000,00,2,3,15,A01
200700050231,0,07,000,00,2,1,01,B01
200700050232,1,07,000,00,2,7,01,A01
200700050232,0,01,000,00,2,5,23,B01
200700050233,0,01,000,00,2,1,05,A01
200700050233,0,07,000,00,2,3,01,B01
200700050234,0,01,000,00,2,1,01,A01
200700050234,0,07,000,00,2,4,16,B01
200700050235,0,02,000,00,2,1,01,B01
200700050235,0,07,000,00,2,3,15,A01
200700050236,0,02,000,00,2,0,17,A01
200700050236,0,07,000,00,2,8,15,B01
200700050237,0,33,000,01,2,2,14,A01
200700050237,0,07,000,00,2,5,02,C01
200700050238,0,01,000,00,2,1,00,A01
200700050239,2,33,000,00,0,0,01,C01
200700050239,0,07,000,09,0,1,01,A01
200700050239,0,33,000,00,0,0,00,B01
200700050240,0,07,000,13,0,9,01,A01
200700050241,0,07,000,01,0,2,01,A01
200700050241,0,07,000,00,2,6,24,B01
200700050242,0,07,000,00,1,2,01,A01
200700050243,0,07,000,00,1,0,01,A01
200700050244,0,07,000,00,2,3,15,A01
200700050244,0,07,000,00,2,1,01,B01
200700050245,0,07,000,00,9,8,01,B01
200700050245,0,30,000,00,2,0,15,A01
200700050246,0,33,000,00,2,2,01,A01
200700050246,0,07,000,00,2,6,01,B01
200700050247,0,10,000,00,2,3,01,A01
200700050247,0,07,000,00,2,2,15,B01
200700050248,0,07,000,00,2,3,10,A01
200700050248,0,33,000,00,2,1,01,B01
200700050249,0,30,000,00,2,1,15,A01
200700050249,0,07,000,00,2,1,01,B01
200700050250,0,10,000,06,0,1,01,A01
200700050251,0,07,000,00,2,3,23,A01
200700050251,0,01,000,00,2,1,01,B01
200700050252,0,07,000,00,1,0,01,A01
200700050253,0,10,000,00,2,1,01,A01
200700050253,0,07,000,00,2,1,15,B01
200700050254,0,10,000,00,2,3,15,A01
200700050254,0,34,000,00,2,1,01,B01
200700050255,0,30,000,00,1,1,01,A01
200700050256,0,07,000,00,1,1,01,A01
200700050257,0,07,000,00,2,3,01,A01
200700050257,0,07,000,00,2,2,01,B01
200700050258,0,07,000,00,2,1,01,A01
200700050258,0,07,000,00,2,4,01,B01
200700050259,0,01,000,00,2,1,15,A01
200700050259,0,07,000,00,2,1,01,B01
200700050260,0,07,000,00,2,2,16,A01
200700050260,0,01,000,00,2,1,02,B01
200700050261,0,01,000,00,2,1,01,A01
200700050261,0,07,000,00,2,8,01,B01
200700050262,0,07,000,00,2,3,15,A01
200700050262,0,33,000,00,2,1,17,B01
200700050263,0,10,000,00,2,1,01,A01
200700050263,0,07,000,00,2,4,01,B01
200700050264,0,10,000,00,1,1,01,B01
200700050265,0,01,000,00,0,0,00,A01
200700050266,0,30,000,00,2,1,01,B01
200700050266,0,07,000,00,2,3,16,A01
200700050267,0,07,000,00,1,1,01,A01
200700050268,0,07,000,00,9,7,00,A01
200700050268,0,01,000,00,2,0,01,B01
200700050269,0,07,000,00,0,2,10,A01
200700050269,0,33,000,00,2,8,01,B01
200700050270,0,17,000,14,0,1,01,A01
200700050270,0,07,000,14,0,4,23,B01
200700050270,0,07,000,00,0,4,23,C01
200700050271,0,10,000,00,2,2,15,A01
200700050271,0,31,000,00,0,8,01,B01
200700050272,0,07,000,00,2,3,11,A01
200700050272,0,07,000,00,2,2,01,B01
200700050273,0,07,000,00,2,3,13,A01
200700050273,0,07,000,00,2,1,01,B01
200700050274,0,07,000,00,2,9,01,A01
200700050274,0,07,000,00,2,1,01,B01
200700050275,0,07,000,00,2,3,13,A01
200700050275,0,31,000,00,2,7,17,B01
200700050276,0,02,000,00,1,0,05,A01
200700050277,0,07,000,00,0,1,01,A01
200700050278,0,07,000,00,2,1,01,A01
200700050278,0,07,000,00,2,4,02,B01
200700050279,2,07,000,00,2,3,01,A01
200700050280,1,07,000,00,1,2,01,A01
200700050281,0,30,000,01,0,1,01,A01
200700050282,0,07,000,00,1,0,01,A01
200700050283,0,07,000,00,1,0,01,A01
200700050284,0,07,000,00,1,1,15,A01
200700050285,0,07,000,00,1,2,01,A01
200700050286,0,07,000,00,2,1,15,A01
200700050286,0,07,000,00,2,1,01,B01
200700050287,0,02,000,00,2,9,17,A01
200700050287,0,07,000,00,2,8,20,B01
200700050288,0,07,000,00,2,5,15,A01
200700050288,0,02,000,00,2,1,01,B01
200700050289,0,37,000,01,1,7,01,A01
200700050289,0,07,000,00,2,3,22,B01
200700050290,0,07,000,00,1,8,01,B01
200700050290,0,07,000,14,2,1,01,A01
200700050291,0,99,000,00,2,1,19,A01
200700050291,0,07,000,00,2,0,01,B01
200700050292,0,07,000,09,0,9,01,A01
200700050293,0,07,000,00,2,1,01,B01
200700050293,0,07,000,00,2,3,01,A01
200700050294,0,02,000,00,2,3,13,A01
200700050294,0,07,000,00,2,5,17,B01
200700050295,0,07,000,00,2,6,01,A01
200700050295,0,01,000,00,2,0,01,B01
200700050296,0,07,000,02,0,7,14,A01
200700050297,0,07,000,11,1,2,01,A01
200700050298,0,30,000,00,2,1,18,A01
200700050298,0,07,000,00,2,2,16,B01
200700050299,0,07,000,00,0,1,15,A01
200700050299,0,31,000,00,0,2,19,B01
200700050300,0,30,000,00,1,1,00,A01
200700050301,0,07,000,00,0,1,01,B01
200700050301,0,33,000,00,0,1,13,A01
200700050302,0,33,000,12,0,1,01,A01
200700050303,0,32,000,05,0,1,01,A01
200700050304,0,33,000,00,2,1,15,A01
200700050304,0,01,000,00,2,1,01,B01
200700050304,0,07,000,00,0,3,00,C01
200700050305,0,01,000,00,1,1,01,A01
200700050306,0,07,000,00,2,1,01,B01
200700050306,0,07,000,00,2,3,19,A01
200700050307,0,07,000,00,2,2,14,A01
200700050307,0,33,000,00,2,3,01,B01
200700050308,0,07,000,00,2,3,09,A01
200700050308,0,07,000,00,2,1,01,B01
200700050309,0,02,000,00,2,1,01,B01
200700050309,0,07,000,00,2,3,09,A01
200700050310,0,07,000,00,2,2,15,A01
200700050310,0,30,000,00,2,1,01,B01
200700050311,1,07,000,00,2,7,00,A01
200700050311,0,02,000,00,2,8,01,B01
200700050312,0,30,000,14,0,1,01,A01
200700050313,0,30,000,02,0,1,00,A01
200700050314,0,07,000,00,0,2,15,B01
200700050314,0,02,000,00,2,1,09,A01
200700050315,0,07,000,00,2,1,15,A01
200700050315,0,07,000,00,2,1,01,B01
200700050316,0,07,000,11,0,6,01,A01
200700050316,0,01,000,00,0,0,00,B01
200700050317,0,07,000,12,2,5,01,A01
200700050317,0,07,000,00,2,1,09,B01
200700050318,0,10,000,00,2,2,19,A01
200700050318,0,33,000,00,2,1,01,B01
200700050319,0,07,000,00,1,8,15,A01
200700050320,0,07,000,00,2,1,01,B01
200700050320,0,07,000,00,2,6,19,A01
200700050321,0,07,000,00,2,2,01,A01
200700050321,0,30,000,00,2,8,01,B01
200700050322,0,07,000,16,0,7,00,A01
200700050323,1,07,000,00,0,0,15,B01
200700050323,0,02,000,12,0,1,01,A01
200700050324,0,07,000,06,0,1,00,A01
200700050325,0,07,000,00,2,8,01,A01
200700050325,0,07,000,00,2,1,01,B01
200700050326,0,10,000,13,0,9,01,A01
200700050327,2,02,000,00,2,1,13,A01
200700050327,0,07,000,00,0,8,01,B01
200700050328,0,07,000,08,0,1,13,A01
200700050329,0,30,000,00,0,8,01,A01
200700050329,1,07,000,00,2,7,17,B01
200700050330,0,07,000,08,2,2,10,A01
200700050330,0,07,000,01,2,1,01,B01
200700050331,0,07,000,00,2,2,15,A01