Num_Acc,senc,catv,occutc,obs,obsm,choc,manv,num_veh
200700050331,0,30,000,00,2,1,01,B01
200700050332,0,07,000,08,0,1,11,A01
200700050332,0,07,000,00,0,1,01,B01
200700050333,1,07,000,00,2,1,02,A01
200700050333,0,02,000,00,2,4,02,B01
200700050334,0,30,000,00,0,1,13,A01
200700050334,0,07,000,00,2,3,21,B01
200700050335,0,15,000,00,1,1,09,A01
200700050336,0,07,000,02,0,2,14,A01
200700050337,0,33,000,00,1,1,17,A01
200700050338,0,02,000,00,2,1,01,B01
200700050338,0,07,000,00,2,2,00,A01
200700050339,0,07,000,00,2,1,01,A01
200700050339,0,07,000,00,0,4,23,B01
200700050339,0,07,000,00,0,4,23,C01
200700050340,0,07,000,00,2,6,15,A01
200700050340,0,33,000,00,2,1,01,B01
200700050341,0,07,000,00,2,3,01,A01
200700050341,0,07,000,00,2,1,01,B01
200700050342,0,02,000,00,2,3,00,A01
200700050342,1,07,000,00,2,3,00,B01
200700050343,0,07,000,00,1,5,20,A01
200700050344,0,07,000,00,2,5,15,A01
200700050344,0,33,000,00,2,1,01,B01
200700050345,0,07,000,00,2,5,04,A01
200700050345,0,30,000,00,2,1,01,B01
200700050346,0,07,000,00,1,2,01,A01
200700050347,0,07,000,00,2,3,15,A01
200700050347,0,33,000,00,2,1,01,B01
200700050348,0,07,000,00,2,0,02,A01
200700050348,0,01,000,00,2,0,02,B01
200700050349,0,31,000,00,2,1,17,A01
200700050349,0,07,000,15,2,8,15,B01
200700050350,0,07,000,00,2,7,17,A01
200700050350,0,01,000,00,2,8,13,B01
200700050351,0,07,000,00,2,1,01,A01
200700050351,0,30,000,00,2,1,01,B01
200700050352,0,07,000,00,1,1,01,A01
200700050353,0,36,000,08,0,1,14,A01
200700050354,1,07,000,00,1,1,13,A01
200700050355,2,07,000,02,0,2,01,A01
200700050356,0,07,000,07,2,1,01,A01
200700050356,0,07,000,07,2,0,01,B01
200700050356,0,07,000,00,2,0,15,C01
200700050357,0,02,000,00,2,0,09,A01
200700050357,0,07,000,00,2,3,09,B01
200700050358,0,07,000,09,2,2,09,A01
200700050358,0,07,000,09,2,6,09,B01
200700050359,0,02,000,00,2,7,01,A01
200700050359,0,07,000,00,9,1,01,B01
200700050360,0,07,000,00,2,9,01,A01
200700050360,0,10,000,00,2,1,01,B01
200700050361,0,33,000,00,0,0,00,A01
200700050362,0,10,000,00,2,1,01,A01
200700050362,0,07,000,00,2,3,01,B01
200700050363,0,07,000,00,9,2,15,A01
200700050363,0,33,000,00,2,1,01,B01
200700050364,0,07,000,00,2,2,15,A01
200700050364,0,07,000,00,2,1,01,B01
200700050365,0,07,000,00,2,2,01,B01
200700050365,0,07,000,00,2,1,17,A01
200700050366,0,10,000,00,2,1,01,A01
200700050366,0,07,000,00,2,4,16,B01
200700050367,0,07,000,01,0,2,20,A01
200700050367,0,07,000,00,2,6,24,B01
200700050368,0,33,000,00,1,0,16,A01
200700050369,0,02,000,00,9,8,01,A01
200700050369,0,33,000,00,9,7,17,B01
200700050370,0,15,000,00,2,2,01,A01
200700050370,0,10,000,00,9,8,15,B01
200700050371,0,07,000,00,1,2,01,A01
200700050372,0,07,000,00,2,1,01,A01
200700050372,0,07,000,00,2,3,01,B01
200700050373,0,02,000,00,1,1,01,A01
200700050374,0,07,000,09,0,1,05,A01
200700050375,0,07,000,09,0,9,01,A01
200700050376,0,07,000,06,0,1,14,A01
200700050377,0,30,000,08,0,1,13,A01
200700050378,1,99,000,01,1,1,00,A01
200700050379,0,07,000,00,0,3,01,B01
200700050379,0,07,000,00,2,1,01,A01
200700050380,0,10,000,10,0,1,01,A01
200700050381,0,07,000,00,2,2,15,A01
200700050381,0,07,000,00,2,1,01,B01
200700050382,0,07,000,00,2,7,16,A01
200700050382,0,30,000,00,2,3,01,B01
200700050383,0,02,000,00,2,1,01,A01
200700050384,0,40,000,00,1,1,01,A01
200700050385,0,07,000,00,2,8,15,A01
200700050385,0,33,000,00,2,0,00,B01
200700050386,0,07,000,00,2,3,01,A01
200700050386,0,07,000,00,2,7,01,B01
200700050387,0,07,000,00,0,1,01,A01
200700050387,0,07,000,00,2,2,01,B01
200700050388,0,07,000,00,2,8,15,A01
200700050388,0,01,000,00,2,1,01,B01
200700050389,0,07,000,02,0,1,01,A01
200700050390,0,07,000,00,2,7,01,A01
200700050390,0,07,000,00,2,1,15,B01
200700050391,0,07,000,00,2,1,01,B01
200700050391,0,07,000,09,2,8,01,A01
200700050392,0,07,000,01,0,1,01,A01
200700050393,0,07,000,16,2,2,14,A01
200700050394,0,07,000,08,0,1,01,A01
200700050395,0,07,000,00,2,1,01,A01
200700050395,0,07,000,00,2,4,01,B01
200700050395,0,07,000,00,2,4,01,C01
200700050396,0,01,000,01,0,1,14,A01
200700050397,0,07,000,00,1,3,15,A01
200700050398,0,33,000,16,0,0,00,A01
200700050399,0,07,000,00,2,1,02,A01
200700050399,0,07,000,00,2,4,02,B01
200700050400,0,07,000,00,2,1,05,A01
200700050400,0,07,000,00,2,1,01,B01
200700050401,0,07,000,00,2,7,15,A01
200700050401,0,07,000,00,2,1,01,B01
200700050402,0,07,000,00,2,7,01,A01
200700050402,0,07,000,00,2,3,01,B01
200700050403,0,07,000,00,2,1,01,A01
200700050403,0,07,000,00,2,1,01,B01
200700050404,0,10,000,00,2,1,15,A01
200700050404,0,32,000,00,2,1,01,B01
200700050405,0,10,000,00,2,8,10,A01
200700050405,0,07,000,00,2,1,01,B01
200700050406,0,07,000,00,2,1,01,A01
200700050406,0,07,000,00,2,1,01,B01
200700050407,0,07,000,00,2,8,19,A01
200700050407,0,31,000,00,2,1,01,B01
200700050408,0,07,000,12,2,3,02,A01
200700050408,0,07,000,00,2,4,23,B01
200700050408,0,07,000,00,2,4,23,C01
200700050409,0,07,000,00,2,2,01,A01
200700050409,0,07,000,00,2,1,01,B01
200700050410,0,07,000,00,2,8,15,A01
200700050410,0,01,000,00,2,2,17,B01
200700050411,0,07,000,00,2,7,01,B01
200700050411,0,07,000,00,2,1,19,A01
200700050412,0,07,000,00,1,5,01,A01
200700050413,0,07,000,00,1,1,01,A01
200700050414,0,07,000,00,2,3,11,A01
200700050414,0,33,000,00,2,1,01,B01
200700050415,0,07,000,06,0,1,01,A01
200700050416,0,07,000,00,2,1,01,A01
200700050416,0,07,000,00,0,4,02,B01
200700050417,0,07,000,00,2,7,01,A01
200700050417,0,33,000,00,2,3,01,B01
200700050418,0,07,000,00,2,1,01,A01
200700050418,0,07,000,00,2,4,23,B01
200700050419,0,07,000,00,2,2,00,A01
200700050419,0,02,000,00,2,8,00,B01
200700050420,0,02,000,11,0,1,15,A01
200700050421,0,07,000,00,2,3,10,A01
200700050421,0,07,000,00,2,2,01,B01
200700050422,0,07,000,00,2,3,05,A01
200700050422,0,07,000,00,2,3,01,B01
200700050423,0,17,000,00,2,3,09,A01
200700050423,0,02,000,00,2,7,01,B01
200700050424,0,07,000,02,0,3,01,A01
200700050425,0,07,000,00,1,3,01,A01
200700050426,0,07,000,00,2,8,01,A01
200700050426,0,07,000,00,2,8,01,B01
200700050427,0,31,000,00,2,2,14,A01
200700050427,0,07,000,00,2,3,01,B01
200700050428,0,02,000,03,0,1,18,A01
200700050429,0,10,000,00,2,7,01,B01
200700050429,0,02,000,00,2,8,01,A01
200700050430,0,07,000,00,2,3,02,A01
200700050430,0,07,000,00,2,6,02,B01
200700050430,0,07,000,00,2,3,01,C01
200700050431,0,32,000,00,2,7,01,B01
200700050431,0,07,000,00,2,2,19,A01
200700050432,0,33,000,00,5,1,01,A01
200700050433,0,07,000,09,0,1,01,A01
200700050434,0,07,000,00,2,6,15,A01
200700050434,0,30,000,00,2,1,17,B01
200700050435,0,02,000,00,2,8,01,B01
200700050435,2,07,000,00,2,1,01,A01
200700050436,0,02,000,00,2,1,01,A01
200700050436,0,10,000,00,2,4,01,B01
200700050437,0,07,000,00,9,4,04,A01
200700050437,0,31,000,00,2,7,23,B01
200700050438,0,33,000,00,2,1,17,A01
200700050438,0,07,000,00,2,3,15,B01
200700050439,0,31,000,00,2,2,17,A01
200700050439,0,07,000,00,2,8,02,B01
200700050440,0,07,000,00,2,1,02,A01
200700050440,0,07,000,00,2,4,02,B01
200700050440,0,07,000,00,2,4,02,C01
200700050440,0,07,000,00,2,4,02,D01
200700050441,0,07,000,00,1,3,01,A01
200700050442,0,07,000,00,2,6,15,A01
200700050442,0,33,000,00,2,1,15,B01
200700050443,0,07,000,00,2,1,01,A01
200700050443,0,07,000,00,2,4,01,B01
200700050443,0,07,000,00,2,4,01,C01
200700050444,0,01,000,00,2,1,15,B01
200700050444,0,10,000,00,2,7,15,A01
200700050445,0,32,000,12,0,1,00,A01
200700050446,0,07,000,00,2,1,02,A01
200700050446,0,07,000,01,2,4,02,B01
200700050447,0,02,000,00,2,1,02,A01
200700050447,0,07,000,00,2,4,02,B01
200700050448,0,30,000,00,2,1,01,A01
200700050448,0,07,000,00,2,7,16,B01
200700050449,0,30,000,00,2,1,00,A01
200700050449,0,07,000,00,2,4,16,B01
200700050450,0,10,000,00,2,8,15,A01
200700050450,0,33,000,00,2,1,01,B01
200700050451,0,01,000,00,2,4,16,A01
200700050451,0,07,000,00,2,1,01,B01
200700050452,0,07,000,00,2,1,01,A01
200700050452,0,07,000,00,2,4,01,B01
200700050453,0,07,000,00,2,2,15,A01
200700050453,0,02,000,00,2,1,01,B01
200700050454,0,07,000,00,2,8,13,A01
200700050454,0,33,000,00,2,1,00,B01
200700050455,0,30,000,00,1,1,15,A01
200700050455,0,07,000,00,2,3,01,B01
200700050456,0,07,000,00,2,1,01,B01
200700050456,0,01,000,00,2,1,15,A01
200700050457,0,07,000,00,2,0,13,A01
200700050457,0,07,000,00,2,1,01,B01
200700050458,0,07,000,00,2,8,09,A01
200700050458,0,32,000,00,2,1,01,B01
200700050459,0,33,000,00,2,1,17,A01
200700050459,0,07,000,00,2,8,15,B01
200700050460,0,30,000,00,2,1,02,A01
200700050460,0,30,000,00,2,4,00,B01
200700050461,0,31,000,16,0,8,13,A01
200700050461,0,07,000,00,0,0,01,B01
200700050462,0,31,000,00,2,8,01,B01
200700050462,0,07,000,00,2,3,09,A01
200700050463,0,07,000,00,2,1,02,A01
200700050463,0,10,000,00,2,4,01,B01
200700050464,0,02,000,16,0,8,13,A01
200700050465,0,07,000,00,2,2,02,A01
200700050465,0,01,000,00,2,8,02,B01
200700050466,0,01,000,00,1,1,01,A01
200700050467,0,30,000,00,1,1,17,A01
200700050468,0,07,000,00,2,6,10,B01
200700050468,0,33,000,00,2,1,17,A01
200700050469,0,33,000,00,2,1,17,B01
200700050469,0,07,000,00,2,3,10,A01
200700050470,0,07,000,00,2,4,02,B01
200700050470,0,07,000,00,2,1,02,A01
200700050471,0,07,000,00,2,3,09,A01
200700050471,0,30,000,00,2,1,01,B01
200700050472,0,07,000,00,2,1,01,B01
200700050472,0,07,000,00,2,1,13,A01
200700050473,0,33,000,00,0,0,10,A01
200700050474,0,32,000,01,0,1,13,A01
200700050475,0,07,000,00,1,2,01,A01
200700050476,0,32,000,00,2,1,17,A01
200700050477,0,07,000,00,2,1,09,B01
200700050477,0,30,000,00,2,1,17,A01
200700050478,0,15,000,00,2,8,01,B01
200700050478,0,02,000,00,2,1,13,A01
200700050479,0,07,000,00,2,3,10,A01
200700050479,0,34,000,00,2,1,17,B01
200700050480,0,07,000,00,2,3,01,B01
200700050480,0,07,000,00,2,1,13,A01
200700050480,0,07,000,00,2,1,02,D01
200700050480,0,07,000,00,2,4,01,C01
200700050481,0,20,000,00,1,5,04,A01
200700050482,0,07,000,00,2,4,02,B01
200700050482,0,30,000,00,2,1,02,A01
200700050483,0,01,000,00,2,1,09,A01
200700050483,0,20,000,00,2,6,15,B01
200700050484,0,07,000,00,0,4,02,C01
200700050484,0,07,000,00,2,4,02,B01
200700050484,0,07,000,00,2,1,02,A01
200700050485,0,33,000,00,1,3,01,A01
200700050486,0,02,000,00,2,5,01,A01
200700050486,0,07,000,00,2,1,15,B01
200700050487,0,07,000,00,0,4,23,B01
200700050487,0,01,000,00,2,1,01,A01
200700050488,0,07,000,00,0,4,23,B01
200700050488,0,02,000,00,2,1,01,A01
200700050489,0,07,000,00,0,1,01,B01
200700050489,0,14,000,00,2,1,13,A01
200700050490,0,07,000,06,0,2,13,A01
200700050491,0,07,000,00,0,8,15,B01
200700050491,0,31,000,00,2,1,17,A01
200700050492,0,10,000,00,2,1,01,A01
200700050492,0,37,001,00,2,3,15,B01
200700050493,0,07,000,00,2,4,01,B01
200700050493,0,07,000,00,2,1,01,A01
200700050494,0,07,000,08,0,8,01,A01
200700050495,0,01,000,01,0,1,01,B01
200700050495,0,07,000,00,2,8,24,A01
200700050496,0,07,000,00,2,8,01,B01
200700050496,0,10,000,00,2,0,13,A01
200700050497,0,07,000,00,2,8,15,B01
200700050497,0,30,000,00,2,1,01,A01
200700050498,0,07,000,00,2,8,01,B01
200700050498,0,30,000,00,2,1,01,A01
200700050499,0,07,000,00,2,1,02,A01
200700050499,2,07,000,00,2,2,02,B01
200700050499,0,07,000,00,2,2,02,C01
200700050500,0,07,000,00,2,4,02,B01
200700050500,0,07,000,00,2,1,01,A01
200700050501,0,07,000,00,2,3,01,A01
200700050501,0,07,000,00,2,3,01,B01
200700050502,0,07,000,00,1,7,01,A01
200700050503,0,07,000,00,2,1,01,A01
200700050503,0,07,000,00,2,4,01,B01
200700050504,1,07,000,00,2,0,01,A01
200700050504,0,07,000,00,2,7,01,B01
200700050505,0,10,000,00,2,8,15,A01
200700050505,0,33,000,00,2,1,01,B01
200700050506,0,33,000,00,2,1,01,B01
200700050506,0,10,000,00,2,8,10,A01
200700050507,0,07,000,00,2,3,01,B01
200700050507,0,07,000,00,2,2,19,A01
200700050508,0,07,000,00,1,2,01,A01
200700050509,0,07,000,00,2,3,15,A01
200700050509,0,02,000,00,2,1,01,B01
200700050510,0,33,000,16,0,9,01,A01
200700050511,0,01,000,00,2,1,15,A01
200700050511,0,07,000,00,2,1,01,B01
200700050512,0,07,000,00,1,1,01,A01
200700050513,0,07,000,00,2,1,01,A01
200700050513,0,07,000,00,2,1,01,B01
200700050514,0,07,000,00,2,3,09,A01
200700050514,0,01,000,00,2,1,01,B01
200700050515,0,33,000,00,2,3,01,A01
200700050515,0,07,000,00,2,1,15,B01
200700050516,0,30,000,00,2,7,02,A01
200700050516,0,07,000,00,2,3,02,B01
200700050517,0,02,000,00,0,0,01,A01
200700050518,0,34,000,00,9,0,01,A01
200700050518,1,07,000,00,0,0,01,B01
200700050518,0,01,000,00,0,0,10,C01
200700050519,0,01,000,00,2,8,19,B01
200700050519,0,07,000,00,2,1,01,A01
200700050520,0,01,000,00,2,7,19,A01
200700050520,0,07,000,00,2,1,01,B01
200700050521,0,07,000,00,1,2,01,A01
200700050522,0,07,000,00,2,8,01,A01
200700050522,0,01,000,00,2,1,01,B01
200700050523,0,07,000,00,2,2,20,A01
200700050523,0,31,000,00,2,3,01,B01
200700050524,0,07,000,12,0,1,00,A01
200700050525,0,07,000,00,2,8,09,A01
200700050525,0,30,000,00,2,1,01,B01
200700050526,0,07,000,00,2,3,13,A01
200700050526,0,07,000,00,2,1,01,B01
200700050527,0,07,000,00,2,2,00,A01
200700050527,0,07,000,00,2,1,00,B01
200700050528,0,07,000,00,2,1,01,A01
200700050528,0,07,000,00,2,4,23,B01
200700050529,0,33,000,00,2,2,17,A01
200700050529,0,07,000,00,2,3,15,B01
200700050530,1,07,000,00,2,1,02,A01
200700050530,0,30,000,00,2,4,02,B01
200700050531,0,02,000,00,2,8,01,B01
200700050531,1,07,000,00,2,0,16,A01
200700050532,0,02,000,00,0,0,01,A01
200700050533,0,30,000,00,0,0,00,A01
200700050534,0,07,000,00,1,1,01,A01
200700050535,0,07,000,00,1,1,14,A01
200700050536,0,07,000,00,2,1,01,A01
200700050536,0,07,000,00,2,4,01,B01
200700050536,0,07,000,00,2,4,01,C01
200700050537,0,10,000,00,2,2,20,A01
200700050537,0,02,000,00,2,1,01,B01
200700050538,0,01,000,00,2,8,19,A01
200700050538,0,07,000,00,2,1,01,B01
200700050539,0,07,000,00,2,2,16,A01
200700050539,0,02,000,00,2,3,07,B01
200700050540,0,02,000,00,2,1,01,A01
200700050540,0,07,000,00,2,5,23,B01
200700050541,0,07,000,00,2,8,01,A01
200700050541,1,07,000,00,2,7,12,B01
200700050542,0,07,000,00,2,1,01,A01
200700050542,0,07,000,00,2,4,01,B01
200700050543,0,07,000,00,1,1,01,A01
200700050544,0,07,000,00,2,7,01,A01
200700050544,0,07,000,00,2,2,21,B01
200700050545,0,02,000,00,2,1,01,A01
200700050545,0,07,000,00,2,4,01,B01
200700050546,0,07,000,00,2,1,01,A01
200700050546,0,01,000,00,2,1,19,B01
200700050547,0,07,000,00,2,8,01,B01
200700050547,0,07,000,00,2,1,01,A01
200700050548,0,07,000,00,2,1,00,A01
200700050548,0,07,000,00,2,3,00,B01
200700050549,0,01,000,00,2,4,19,A01
200700050549,1,13,000,00,2,1,01,B01
200700050550,0,07,000,00,2,4,01,B01
200700050550,0,07,000,00,2,1,01,A01
200700050551,1,07,000,00,2,1,02,A01
200700050551,0,07,000,00,2,4,01,B01
200700050551,0,07,000,00,2,4,23,C01
200700050552,1,07,000,00,2,2,14,A01
200700050552,0,30,000,00,2,8,01,B01
200700050553,0,33,000,00,2,0,01,A01
200700050553,0,07,000,00,2,8,15,B01
200700050554,0,01,000,00,2,1,01,B01
200700050554,0,01,000,00,2,0,19,A01
200700050555,0,07,000,00,2,3,11,A01
200700050555,0,33,000,00,2,1,01,B01
200700050556,0,07,000,01,2,7,01,A01
200700050556,0,10,000,00,2,3,01,B01
200700050557,0,07,000,00,2,1,01,A01
200700050557,0,01,000,00,2,3,01,B01
200700050558,0,07,000,02,2,1,01,A01
200700050558,0,07,000,00,0,8,15,B01
200700050559,0,02,000,00,1,1,01,A01
200700050560,0,30,000,00,2,8,01,B01
200700050560,0,07,000,00,2,1,01,A01
200700050561,0,07,000,00,2,8,15,B01
200700050561,0,07,000,06,2,1,17,A01
200700050562,0,07,000,00,0,9,01,A01
200700050563,0,07,000,15,2,6,19,B01
200700050563,0,07,000,00,2,1,09,A01
200700050564,0,07,000,00,1,2,02,B01
200700050564,0,07,000,00,2,3,02,C01
200700050564,0,07,000,00,2,1,01,A01
200700050565,0,07,000,00,2,1,15,A01
200700050565,0,02,000,00,2,0,18,B01
200700050566,0,07,000,00,9,1,15,A01
200700050566,0,33,000,00,2,1,01,B01
200700050567,0,07,000,00,2,7,15,A01
200700050567,0,07,000,00,2,1,01,B01
200700050568,0,07,000,00,2,1,15,A01
200700050568,0,33,000,00,2,1,01,B01
200700050569,0,07,000,01,0,2,01,A01
200700050570,0,07,000,00,2,3,15,A01
200700050570,0,02,000,00,2,8,01,B01
200700050571,0,02,000,00,2,2,01,A01
200700050571,1,02,000,00,2,0,19,B01
200700050572,0,07,000,00,1,1,00,A01
200700050573,0,07,000,00,1,1,00,A01
200700050574,0,07,000,09,1,1,00,A01
200700050575,0,10,000,00,2,1,06,A01
200700050575,0,07,000,00,2,3,00,B01
200700050576,0,07,000,00,0,3,15,A01
200700050576,0,31,000,00,2,1,13,B01
200700050577,0,01,000,00,2,1,19,A01
200700050577,0,07,000,09,9,1,01,B01
200700050578,0,30,000,02,0,1,21,A01
200700050579,0,07,000,00,1,1,01,A01
200700050580,0,07,000,00,2,2,15,A01
200700050580,0,33,000,00,2,9,02,B01
200700050581,0,07,000,00,1,1,01,A01
200700050582,0,32,000,00,1,1,17,A01
200700050583,0,33,000,00,2,8,16,B01
200700050583,0,07,000,00,2,2,16,A01
200700050584,0,07,000,00,9,1,01,A01
200700050584,0,01,000,00,2,1,11,B01
200700050585,0,07,000,00,1,1,01,A01
200700050586,0,07,000,00,2,3,13,A01
200700050586,0,07,000,00,2,9,01,B01
200700050587,0,07,000,00,2,6,02,B01
200700050587,0,30,000,00,2,1,02,A01
200700050588,0,07,000,00,1,3,01,A01
200700050589,0,10,000,00,1,1,00,A01
200700050590,0,07,000,00,0,2,15,B01
200700050590,0,07,000,00,2,1,16,A01
200700050591,0,07,000,00,1,2,01,A01
200700050592,0,31,000,00,2,1,13,A01
200700050592,0,07,000,00,2,3,23,B01
200700050593,0,07,000,00,2,3,01,A01
200700050593,0,01,000,00,2,2,01,B01
200700050594,0,07,000,00,2,1,07,A01
200700050594,0,37,010,00,2,5,01,B01
200700050595,0,01,000,00,2,7,01,B01
200700050595,0,10,000,00,2,1,01,A01
200700050596,0,33,000,00,2,1,01,B01
200700050596,0,07,000,00,0,5,19,A01
200700050597,0,07,000,00,2,3,01,A01
200700050597,0,07,000,00,2,3,01,B01
200700050598,0,07,000,00,2,8,15,A01
200700050598,0,33,000,00,2,1,01,B01
200700050599,0,07,000,00,2,2,17,A01
200700050599,0,07,000,00,2,3,15,B01
200700050600,0,07,000,00,1,2,01,A01
200700050601,0,07,000,00,1,7,01,A01
200700050602,0,30,000,00,0,8,01,A01
200700050603,0,07,000,00,2,3,14,B01
200700050603,0,30,000,00,2,1,19,A01
200700050604,0,07,000,07,2,8,01,B01
200700050604,0,07,000,00,2,1,01,A01
200700050605,0,07,000,00,2,7,17,A01
200700050605,0,07,000,00,2,3,01,B01
200700050605,0,07,000,00,2,1,01,C01
200700050606,0,30,000,00,9,4,02,A01
200700050607,0,07,000,00,2,1,01,A01
200700050607,0,07,000,00,2,7,01,B01
200700050608,0,07,000,00,2,2,13,A01
200700050608,0,07,000,00,2,3,01,B01
200700050609,0,30,000,00,2,2,01,A01
200700050609,0,07,000,00,2,8,15,B01
200700050610,0,07,000,00,2,2,12,A01
200700050610,0,07,000,00,2,8,01,B01
200700050611,0,30,000,00,2,7,01,A01
200700050612,0,32,000,00,0,0,01,A01
200700050613,0,07,000,00,1,7,01,A01
200700050614,0,36,000,00,2,8,01,A01
200700050614,0,07,000,00,2,3,01,B01
200700050615,0,17,000,00,2,1,01,A01
200700050615,0,07,000,00,2,4,01,B01
200700050616,0,07,000,00,2,2,01,A01
200700050616,0,07,000,00,2,4,01,B01
200700050617,0,07,000,00,2,5,01,A01
200700050617,0,30,000,01,2,1,01,B01
200700050618,0,30,000,01,2,1,01,A01
200700050618,0,07,000,00,2,2,01,B01
200700050619,0,33,000,16,0,1,01,A01
200700050620,0,01,000,00,0,7,14,A01
200700050620,0,07,000,00,2,1,01,B01
200700050621,0,30,000,09,0,1,14,A01
200700050622,0,02,000,00,2,1,01,B01
200700050622,1,07,000,00,2,0,15,A01
200700050623,0,07,000,00,1,2,01,A01
200700050624,0,02,000,00,2,2,01,A01
200700050624,0,07,000,00,2,3,15,B01
200700050625,0,07,000,00,0,7,01,A01
200700050625,0,07,000,00,2,1,01,B01
200700050626,0,02,000,00,0,0,01,A01
200700050627,0,07,000,00,2,8,10,A01
200700050627,0,07,000,01,2,1,01,B01
200700050628,0,33,000,00,1,2,01,A01
200700050629,0,02,000,01,0,1,01,A01
200700050630,0,07,000,14,0,1,05,A01
200700050631,0,07,000,00,0,0,17,A01
200700050631,0,32,000,00,0,8,15,B01
200700050632,0,30,000,12,0,8,01,A01
200700050633,0,07,000,00,1,8,01,A01
200700050634,1,07,000,00,1,0,00,A01
200700050635,0,01,000,00,0,1,19,A01
200700050635,0,07,000,00,2,2,01,B01
200700050636,0,07,000,09,0,1,01,A01
200700050637,0,14,000,00,1,7,16,A01
200700050638,0,02,000,00,2,8,15,A01
200700050638,0,33,000,01,0,2,17,B01
200700050639,0,02,000,00,0,8,15,A01
200700050639,0,37,001,00,2,2,01,B01
200700050640,0,02,000,16,0,8,01,A01
200700050641,0,07,000,16,0,0,01,A01
200700050642,0,02,000,16,0,0,01,A01
200700050643,0,07,000,00,2,2,01,A01
200700050643,0,07,000,00,2,1,01,B01
200700050644,0,07,000,00,0,8,01,B01
200700050644,0,07,000,00,2,1,01,A01
200700050645,0,07,000,00,2,2,01,A01
200700050645,0,34,000,00,0,1,01,B01
200700050646,0,07,000,00,2,8,22,A01
200700050646,0,01,000,00,0,0,01,B01
200700050647,0,02,000,16,0,0,01,A01
200700050648,0,07,000,00,2,1,15,A01
200700050648,0,02,000,00,0,0,01,B01
200700050649,0,10,000,00,0,0,01,A01
200700050649,0,33,000,00,0,8,15,B01
200700050650,0,01,000,00,0,1,01,A01
200700050651,0,37,001,00,1,2,01,A01
200700050652,0,07,000,00,1,1,01,A01
200700050653,0,07,000,00,2,8,01,A01
200700050653,0,30,000,00,2,1,01,B01
200700050654,0,07,000,00,1,1,01,A01
200700050655,0,07,000,00,1,2,00,A01
200700050656,0,30,000,09,9,2,00,A01
200700050657,0,07,000,00,2,2,15,A01
200700050657,0,33,000,00,2,1,01,B01
200700050658,0,02,000,14,0,1,01,A01
200700050659,0,07,000,00,1,1,01,A01
200700050660,0,07,000,00,2,2,15,A01
200700050660,0,01,000,00,0,1,15,B01
200700050661,0,07,000,00,2,1,02,A01
200700050661,0,07,000,00,0,4,02,B01
200700050662,0,07,000,00,9,3,13,A01
200700050662,0,31,000,00,2,3,01,B01
200700050663,0,30,000,00,2,1,01,A01
200700050663,0,07,000,00,9,3,15,B01
200700050664,0,07,000,00,9,2,17,A01
200700050664,0,32,000,00,2,3,15,B01
200700050665,0,10,000,00,1,4,04,A01
200700050666,0,07,000,00,2,1,02,A01
200700050666,0,07,000,00,2,4,02,B01
200700050666,0,07,000,00,2,4,02,C01
200700050666,0,07,000,00,2,4,02,D01
200700050667,0,07,000,00,1,0,01,A01
200700050668,0,07,000,00,2,1,02,A01
200700050668,0,07,000,00,2,4,02,B01
200700050669,0,07,000,00,2,1,02,A01
200700050669,0,07,000,00,2,4,23,B01
200700050670,0,31,000,00,2,1,00,A01
200700050670,0,07,000,00,9,3,01,B01
200700050671,0,33,000,00,2,0,01,A01
200700050671,0,21,000,00,2,0,01,B01
200700050672,0,07,000,00,1,1,01,A01
200700050673,0,15,000,00,2,3,13,A01
200700050673,0,07,000,00,2,8,01,B01
200700050674,0,07,000,00,2,3,15,B01
200700050674,0,33,000,00,2,1,17,A01
200700050675,0,34,000,00,2,1,05,B01
200700050675,0,07,000,00,9,3,15,A01
200700050676,0,33,000,02,0,8,01,A01
200700050677,0,07,000,11,0,9,14,A01
200700050678,0,02,000,00,0,0,00,A01
200700050679,0,07,000,00,2,1,01,A01
200700050679,0,07,000,00,2,4,01,B01
200700050680,0,07,000,04,2,4,02,A01
200700050680,0,07,000,04,2,4,02,B01
200700050681,0,07,000,00,2,1,01,A01
200700050681,0,07,000,00,2,4,02,B01
200700050682,0,02,000,00,2,1,15,A01
200700050682,0,33,000,00,2,3,01,B01
200700050683,1,07,000,00,1,0,01,A01
200700050684,0,07,000,00,2,1,15,A01
200700050684,0,07,000,00,2,6,01,B01
200700050685,0,33,000,00,2,1,01,A01
200700050685,0,07,000,02,0,3,15,B01
200700050686,0,07,000,00,2,1,02,A01
200700050686,0,10,000,00,2,4,02,B01
200700050687,1,07,000,00,1,4,04,A01
200700050688,0,37,046,00,0,0,21,A01
200700050689,0,07,000,00,2,3,02,A01
200700050689,0,32,000,00,2,1,01,B01
200700050690,0,02,000,00,2,1,01,A01
200700050690,0,07,000,00,2,4,01,B01
200700050691,0,07,000,00,2,2,19,A01
200700050691,0,02,000,00,2,1,19,B01
200700050692,0,13,000,01,0,3,14,A01
200700050693,0,02,000,00,2,1,01,A01
200700050693,0,07,000,00,2,4,02,B01
200700050694,0,07,000,00,2,2,01,A01
200700050694,0,30,000,00,2,1,01,B01
200700050695,0,07,000,00,2,2,15,A01
200700050695,0,31,000,00,2,1,00,B01
200700050696,0,33,000,00,0,9,01,A01
200700050696,0,30,000,00,2,0,02,B01