Num_Acc,senc,catv,occutc,obs,obsm,choc,manv,num_veh
200700050697,0,07,000,00,2,3,10,A01
200700050697,0,02,000,00,2,1,01,B01
200700050698,0,33,000,01,0,8,01,A01
200700050699,0,31,000,00,2,7,01,B01
200700050699,0,07,000,00,2,3,01,A01
200700050700,0,07,000,06,0,9,00,A01
200700050701,0,07,000,00,2,2,01,B01
200700050701,0,07,000,00,2,1,15,A01
200700050702,0,30,000,12,0,2,14,A01
200700050703,0,02,000,00,2,1,01,A01
200700050703,0,07,000,00,2,1,01,B01
200700050704,0,07,000,01,0,1,20,A01
200700050705,0,33,000,00,2,7,17,B01
200700050705,0,07,000,00,2,3,13,A01
200700050706,0,07,000,00,0,9,02,A01
200700050707,0,30,000,16,0,8,01,A01
200700050708,0,07,000,00,1,2,09,A01
200700050709,0,33,000,00,0,8,00,A01
200700050710,0,01,000,00,0,1,00,A01
200700050711,0,30,000,06,0,7,02,A01
200700050712,0,07,000,09,0,1,19,A01
200700050713,0,30,000,16,0,7,01,A01
200700050714,0,01,000,01,0,5,01,A01
200700050715,0,01,000,00,1,8,00,A01
200700050716,0,07,000,00,1,2,01,A01
200700050717,0,07,000,00,1,5,04,A01
200700050718,0,07,000,15,0,1,01,A01
200700050719,0,07,000,02,0,1,01,A01
200700050720,0,07,000,00,2,1,00,A01
200700050720,0,07,000,00,1,4,02,B01
200700050721,0,07,000,00,2,3,01,B01
200700050721,0,07,000,00,2,1,09,A01
200700050722,0,02,000,09,0,1,01,A01
200700050723,0,07,000,00,2,8,09,A01
200700050723,0,33,000,00,2,1,01,B01
200700050724,0,02,000,00,2,8,09,A01
200700050724,0,07,000,00,2,2,01,B01
200700050725,0,07,000,00,2,1,01,A01
200700050725,0,07,000,00,2,7,15,B01
200700050726,0,07,000,03,2,2,17,A01
200700050726,0,02,000,00,2,8,01,B01
200700050727,0,33,000,16,0,0,15,A01
200700050728,0,07,000,00,0,0,00,A01
200700050728,0,01,000,00,0,0,00,B01
200700050729,0,15,000,01,0,2,01,A01
200700050729,0,07,000,00,2,6,01,B01
200700050730,0,07,000,00,2,0,01,A01
200700050730,0,33,000,00,2,0,01,B01
200700050731,0,01,000,00,2,1,01,B01
200700050731,0,07,000,00,9,1,00,A01
200700050732,0,02,000,00,2,0,00,A01
200700050732,1,99,000,00,0,0,00,B01
200700050733,0,33,000,00,0,8,02,A01
200700050734,0,07,000,00,1,2,01,A01
200700050735,0,37,000,00,0,1,23,B01
200700050735,0,31,000,00,2,1,16,A01
200700050736,0,07,000,00,0,3,01,A01
200700050736,0,02,000,00,2,1,05,B01
200700050737,0,07,000,09,0,4,02,A01
200700050737,0,02,000,09,0,1,02,B01
200700050738,0,07,000,00,0,7,01,A01
200700050738,0,07,000,00,0,1,01,B01
200700050739,0,10,000,00,2,1,02,B01
200700050739,0,30,000,00,2,1,02,A01
200700050740,0,07,000,06,0,2,14,A01
200700050741,0,07,000,00,1,1,15,A01
200700050742,0,07,000,00,0,2,15,A01
200700050742,0,02,000,00,0,1,00,B01
200700050743,0,07,000,00,1,0,01,A01
200700050744,0,07,000,01,0,2,01,A01
200700050745,0,10,000,00,2,1,01,A01
200700050745,0,31,000,00,2,2,15,B01
200700050746,0,07,000,00,2,1,01,B01
200700050746,0,07,000,00,2,2,01,A01
200700050747,0,07,000,00,1,3,01,A01
200700050748,0,02,000,00,2,1,15,B01
200700050748,0,07,000,00,2,7,15,A01
200700050749,0,07,000,00,1,1,01,A01
200700050750,0,10,000,00,2,1,01,B01
200700050750,0,07,000,00,2,7,19,A01
200700050750,0,07,000,00,2,1,23,C01
200700050751,0,07,000,00,2,1,09,A01
200700050751,0,07,000,00,2,3,01,B01
200700050752,0,07,000,00,2,3,01,A01
200700050752,0,02,000,00,2,9,15,B01
200700050753,0,14,000,01,0,4,04,A01
200700050753,0,07,000,00,2,4,24,B01
200700050754,0,01,000,00,0,2,01,B01
200700050754,0,07,000,00,9,2,01,A01
200700050755,0,01,000,00,2,8,19,A01
200700050755,0,07,000,00,9,2,01,B01
200700050756,0,07,000,00,2,2,01,B01
200700050756,2,07,000,00,2,3,09,A01
200700050757,0,07,000,12,0,1,13,A01
200700050758,0,07,000,00,2,1,02,A01
200700050758,0,07,000,00,0,4,01,B01
200700050759,0,30,000,12,0,1,01,A01
200700050760,0,07,000,07,0,3,01,A01
200700050761,0,07,000,00,2,1,02,A01
200700050761,0,07,000,00,0,4,00,C01
200700050761,0,07,000,00,0,4,02,B01
200700050762,0,33,000,00,2,1,01,A01
200700050762,0,03,000,00,0,4,01,B01
200700050763,1,07,000,00,9,0,00,A01
200700050764,0,30,000,00,2,1,01,A01
200700050764,0,07,000,00,2,5,01,B01
200700050765,0,07,000,00,1,4,04,A01
200700050766,0,02,000,12,0,1,01,A01
200700050767,0,07,000,08,0,1,01,A01
200700050768,0,07,000,00,9,5,16,A01
200700050768,0,01,000,00,2,8,01,B01
200700050769,0,07,000,00,0,0,01,A01
200700050770,0,07,000,00,2,1,02,A01
200700050770,0,31,000,00,2,4,02,B01
200700050771,0,15,000,00,2,2,12,A01
200700050771,0,07,000,00,2,8,01,B01
200700050772,0,01,000,00,2,7,01,B01
200700050772,0,07,000,00,2,1,15,A01
200700050773,0,33,000,00,2,1,00,A01
200700050773,0,07,000,00,2,1,00,B01
200700050774,0,33,000,00,2,1,00,A01
200700050774,0,07,000,00,2,3,00,B01
200700050774,0,07,000,00,2,3,00,C01
200700050775,1,07,000,00,2,1,00,A01
200700050775,0,07,000,00,2,4,00,B01
200700050776,0,07,000,00,2,2,01,B01
200700050776,0,07,000,00,2,7,16,A01
200700050777,0,07,000,00,2,1,01,A01
200700050777,0,07,000,00,2,1,15,B01
200700050778,0,07,000,00,2,8,01,B01
200700050778,0,07,000,00,2,3,15,A01
200700050779,0,07,000,14,2,1,13,A01
200700050779,0,07,000,00,2,8,01,B01
200700050779,0,07,000,00,2,1,01,C01
200700050780,0,07,000,00,2,5,01,B01
200700050780,0,07,000,00,2,3,16,A01
200700050781,0,33,000,00,1,1,01,A01
200700050782,1,07,000,00,1,1,01,A01
200700050783,0,07,000,16,0,9,01,A01
200700050784,0,31,000,08,0,1,01,A01
200700050785,0,32,000,00,2,7,17,A01
200700050785,0,07,000,00,2,8,15,B01
200700050786,1,07,000,00,1,0,04,A01
200700050787,0,07,000,00,1,1,01,A01
200700050787,0,07,000,01,2,1,01,B01
200700050788,0,07,000,00,2,8,10,A01
200700050788,0,33,000,00,2,1,01,B01
200700050789,0,07,000,00,2,1,02,A01
200700050789,0,07,000,00,2,4,02,B01
200700050790,0,07,000,00,1,1,01,A01
200700050791,0,07,000,00,2,2,15,A01
200700050791,0,07,000,00,2,1,01,B01
200700050792,0,07,000,00,1,2,01,A01
200700050793,0,02,000,00,2,1,02,A01
200700050793,0,02,000,00,2,4,02,B01
200700050794,0,07,000,00,2,3,01,B01
200700050794,0,07,000,00,2,2,15,A01
200700050795,0,33,000,12,2,3,12,A01
200700050795,0,07,000,00,0,5,01,B01
200700050796,0,07,000,00,1,1,01,A01
200700050797,0,18,029,00,1,3,01,A01
200700050798,0,07,000,00,2,3,11,A01
200700050798,0,05,000,00,2,2,01,B01
200700050799,0,18,044,00,2,8,01,B01
200700050799,0,07,000,00,2,3,15,A01
200700050800,0,07,000,00,2,4,01,B01
200700050800,0,07,000,00,2,1,01,A01
200700050801,0,07,000,00,2,1,01,A01
200700050801,0,07,000,00,2,8,10,B01
200700050802,0,32,000,03,0,0,01,A01
200700050803,0,03,000,08,0,2,01,A01
200700050804,0,07,000,06,0,1,00,A01
200700050805,0,07,000,00,2,3,09,A01
200700050805,0,02,000,00,2,5,15,B01
200700050806,0,33,000,00,2,1,01,A01
200700050806,0,07,000,00,0,6,15,B01
200700050807,0,07,000,00,2,8,10,A01
200700050807,0,07,000,00,2,1,01,B01
200700050808,0,01,000,00,2,1,19,A01
200700050808,0,07,000,00,2,2,16,B01
200700050809,0,33,000,13,0,1,01,A01
200700050810,0,07,000,02,0,1,01,A01
200700050811,0,07,000,00,2,2,01,A01
200700050811,0,02,000,00,2,3,01,B01
200700050812,0,07,000,00,1,1,01,A01
200700050813,0,07,000,00,2,1,15,A01
200700050813,0,01,000,00,2,1,01,B01
200700050814,0,07,000,00,2,8,10,A01
200700050814,0,33,000,00,2,2,01,B01
200700050815,0,07,000,00,2,5,15,A01
200700050815,0,33,000,00,2,1,01,B01
200700050816,0,07,000,00,2,1,15,A01
200700050816,0,33,000,00,2,3,01,B01
200700050817,0,33,000,02,0,7,01,A01
200700050818,0,07,000,00,2,8,10,A01
200700050818,0,07,000,00,2,1,01,B01
200700050819,0,02,000,00,2,1,01,A01
200700050819,0,07,000,00,2,2,01,B01
200700050820,0,03,000,00,2,1,01,A01
200700050820,0,10,000,00,2,4,01,B01
200700050821,0,02,000,00,2,1,01,A01
200700050821,0,07,000,00,2,2,15,B01
200700050822,0,07,000,00,2,1,01,A01
200700050822,0,07,000,00,2,4,01,C01
200700050822,0,07,000,00,2,4,01,D01
200700050822,0,07,000,00,2,4,01,B01
200700050823,0,07,000,00,2,8,09,A01
200700050823,0,33,000,00,2,2,01,B01
200700050824,0,10,000,03,0,1,01,A01
200700050825,0,07,000,00,2,5,12,A01
200700050825,0,02,000,00,2,3,01,B01
200700050826,0,02,000,00,2,2,17,A01
200700050826,0,07,000,00,2,3,15,B01
200700050827,0,10,000,00,1,6,01,A01
200700050828,0,07,000,00,2,1,01,A01
200700050828,0,07,000,00,2,4,01,B01
200700050828,0,10,000,00,2,1,01,C01
200700050829,0,07,000,00,2,8,09,A01
200700050829,0,33,000,00,2,1,01,B01
200700050830,0,07,000,00,0,0,01,A01
200700050831,0,07,000,01,2,5,16,A01
200700050831,0,02,000,00,2,1,18,B01
200700050832,0,07,000,00,0,7,01,A01
200700050833,0,10,000,00,2,2,09,A01
200700050833,0,33,000,00,2,1,01,B01
200700050834,0,07,000,00,1,1,01,A01
200700050835,0,07,000,00,2,1,10,A01
200700050835,0,30,000,00,2,1,01,B01
200700050836,1,07,000,00,2,6,18,A01
200700050836,0,01,000,00,2,2,01,B01
200700050837,0,07,000,05,2,7,01,A01
200700050837,0,07,000,00,2,6,01,B01
200700050838,0,07,000,00,2,1,01,B01
200700050838,0,07,000,00,2,8,15,A01
200700050839,0,07,000,00,2,3,15,A01
200700050839,0,33,000,00,2,1,00,B01
200700050840,0,07,000,13,2,2,17,A01
200700050840,0,02,000,00,2,4,15,B01
200700050841,0,33,000,00,2,1,01,B01
200700050841,0,07,000,00,2,2,15,A01
200700050842,2,07,000,00,0,0,17,A01
200700050842,0,07,000,00,2,4,02,B01
200700050842,0,07,000,00,2,1,02,C01
200700050843,0,07,000,00,2,3,15,A01
200700050843,0,30,000,00,2,8,01,B01
200700050844,0,01,000,00,2,4,09,B01
200700050844,0,07,000,00,2,1,09,A01
200700050845,0,07,000,00,2,1,01,A01
200700050845,0,14,000,00,2,3,01,B01
200700050846,0,07,000,00,2,3,09,A01
200700050846,0,07,000,00,2,1,09,B01
200700050847,0,07,000,00,2,2,01,A01
200700050847,0,10,000,06,2,2,15,B01
200700050848,0,07,000,16,0,9,13,A01
200700050849,0,32,000,00,2,4,02,A01
200700050849,0,07,000,00,2,1,02,B01
200700050850,0,07,000,00,2,8,15,A01
200700050850,0,33,000,00,2,1,17,B01
200700050851,0,07,000,00,2,1,11,A01
200700050851,0,01,000,00,2,1,01,B01
200700050852,0,10,000,00,2,1,00,A01
200700050852,0,01,000,00,2,1,00,B01
200700050853,0,07,000,00,2,1,01,A01
200700050853,0,02,000,00,2,1,05,B01
200700050854,0,30,000,00,9,1,17,B01
200700050854,0,10,000,00,9,4,04,A01
200700050855,0,33,000,00,2,8,13,A01
200700050855,0,31,000,00,2,8,00,B01
200700050855,0,07,000,00,2,8,23,C01
200700050856,1,07,000,00,2,8,15,A01
200700050856,0,07,000,00,2,8,01,B01
200700050857,0,99,000,00,2,8,13,A01
200700050857,0,07,000,00,2,8,00,B01
200700050858,0,01,000,00,2,8,01,B01
200700050858,0,07,000,00,2,1,09,A01
200700050859,0,07,000,00,2,2,15,A01
200700050859,0,33,000,00,2,8,01,B01
200700050860,0,30,000,00,2,8,02,A01
200700050861,0,33,000,00,2,7,05,A01
200700050861,0,07,000,00,0,7,19,B01
200700050862,0,02,000,00,0,0,01,A01
200700050863,0,30,000,01,2,1,05,A01
200700050863,0,32,000,01,2,1,01,B01
200700050864,0,30,000,00,2,1,18,B01
200700050864,0,07,000,00,2,2,15,A01
200700050865,0,07,000,00,2,3,09,A01
200700050865,0,02,000,00,2,7,01,B01
200700050866,0,07,000,00,2,1,09,A01
200700050866,0,32,000,00,2,7,01,B01
200700050867,0,33,000,00,2,7,17,B01
200700050867,0,07,000,00,2,1,15,A01
200700050868,0,07,000,00,2,1,02,A01
200700050868,0,07,000,00,0,4,15,B01
200700050869,0,10,000,00,1,4,04,A01
200700050870,0,10,000,00,2,2,15,A01
200700050870,0,01,000,00,2,1,01,B01
200700050871,0,07,000,00,2,2,09,A01
200700050871,0,30,000,00,2,2,01,B01
200700050872,0,10,000,00,1,0,00,A01
200700050873,0,02,000,00,2,1,00,A01
200700050873,0,10,000,00,2,1,01,B01
200700050874,0,33,000,00,2,1,17,A01
200700050874,0,07,000,00,2,1,01,B01
200700050874,0,07,000,00,0,0,01,C01
200700050875,0,33,000,00,2,1,11,A01
200700050875,0,07,000,00,2,3,01,B01
200700050876,2,07,000,00,2,1,01,A01
200700050876,0,07,000,00,2,1,01,B01
200700050876,0,07,000,00,2,6,01,C01
200700050877,0,02,000,00,2,1,17,A01
200700050877,0,07,000,00,2,3,01,B01
200700050878,0,07,000,00,2,3,19,A01
200700050878,0,33,000,00,2,7,01,B01
200700050879,0,32,000,00,2,1,02,A01
200700050879,1,07,000,00,2,5,11,B01
200700050880,0,02,000,01,0,1,02,A01
200700050880,0,07,000,00,0,4,01,B01
200700050881,0,07,000,02,2,7,19,A01
200700050881,0,07,000,00,2,1,19,B01
200700050882,0,07,000,00,0,5,01,A01
200700050882,0,33,000,00,2,1,02,B01
200700050883,0,30,000,00,2,3,07,A01
200700050883,0,07,000,00,2,2,16,B01
200700050884,0,07,000,00,1,6,01,A01
200700050885,0,37,000,00,1,5,07,A01
200700050886,0,34,000,00,2,7,17,A01
200700050886,0,07,000,00,2,8,15,B01
200700050887,0,37,015,00,1,2,07,A01
200700050888,0,30,000,00,2,1,02,A01
200700050888,0,07,000,00,0,6,02,B01
200700050889,0,07,000,00,2,3,15,A01
200700050889,0,33,000,00,2,1,01,B01
200700050890,0,02,000,11,0,1,01,A01
200700050891,0,07,000,00,2,3,06,A01
200700050891,0,07,000,00,2,3,01,B01
200700050892,0,30,000,00,2,2,17,A01
200700050892,0,07,000,00,0,8,15,B01
200700050893,0,07,000,00,2,7,09,A01
200700050893,0,33,000,00,2,7,02,B01
200700050894,0,07,000,00,0,7,10,A01
200700050894,0,10,000,00,2,1,01,B01
200700050895,0,02,000,00,2,2,01,A01
200700050895,0,10,000,00,2,3,23,B01
200700050896,0,33,000,00,0,8,00,A01
200700050896,0,07,000,00,0,0,09,B01
200700050897,0,07,000,00,1,1,15,A01
200700050898,0,02,000,00,2,1,17,A01
200700050898,0,07,000,00,2,1,01,B01
200700050899,0,37,001,01,0,1,00,A01
200700050900,0,07,000,00,1,2,01,A01
200700050901,0,07,000,00,0,1,00,A01
200700050901,0,01,000,00,2,1,00,B01
200700050902,0,07,000,00,2,1,02,A01
200700050902,0,07,000,00,0,4,02,B01
200700050903,0,07,000,03,0,1,00,A01
200700050904,0,02,000,00,2,1,01,A01
200700050904,0,02,000,00,2,4,15,B01
200700050905,0,07,000,00,1,3,15,A01
200700050906,2,32,000,00,2,1,01,A01
200700050906,0,07,000,00,2,1,01,B01
200700050907,0,07,000,00,1,1,16,A01
200700050908,0,07,000,00,2,0,00,A01
200700050908,0,14,000,00,2,0,00,B01
200700050908,0,13,000,00,2,0,00,C01
200700050909,0,07,000,00,2,2,01,B01
200700050909,0,07,000,00,2,3,15,A01
200700050910,0,07,000,00,1,8,01,A01
200700050911,0,07,000,00,1,1,01,A01
200700050912,0,07,000,00,2,1,01,A01
200700050912,0,32,000,00,2,4,23,B01
200700050913,0,07,000,00,2,2,15,A01
200700050913,0,07,000,00,2,1,01,B01
200700050914,0,07,000,08,0,2,01,A01
200700050915,0,01,000,00,1,1,05,A01
200700050916,0,07,000,00,2,1,13,A01
200700050916,0,07,000,00,0,1,01,B01
200700050917,0,07,000,00,2,2,17,A01
200700050917,0,07,000,00,0,3,01,B01
200700050918,0,10,000,01,0,1,14,A01
200700050918,0,17,000,00,2,4,24,B01
200700050919,0,07,000,00,1,1,01,A01
200700050920,0,10,000,00,1,4,04,A01
200700050921,0,07,000,00,2,1,17,A01
200700050921,0,07,000,00,2,1,01,B01
200700050922,0,07,000,00,2,4,02,B01
200700050922,0,07,000,00,2,1,02,A01
200700050923,0,07,000,00,2,2,02,A01
200700050923,0,07,000,00,0,4,02,C01
200700050923,0,07,000,00,2,4,02,B01
200700050924,0,07,000,00,2,3,02,B01
200700050924,0,07,000,00,2,1,02,A01
200700050925,0,04,000,00,1,1,02,A01
200700050926,0,04,000,03,9,2,02,A01
200700050927,0,07,000,04,2,1,01,A01
200700050927,0,10,000,00,0,4,24,B01
200700050928,0,07,000,15,0,9,02,A01
200700050929,0,05,000,15,0,9,02,A01
200700050930,0,07,000,00,2,1,19,A01
200700050930,0,07,000,00,2,7,19,B01
200700050930,0,07,000,00,2,3,19,C01
200700050931,0,07,000,00,2,5,20,A01
200700050931,0,01,000,00,2,1,02,B01
200700050932,0,31,000,00,2,8,01,B01
200700050932,0,07,000,00,2,1,15,A01
200700050933,0,07,000,00,2,5,17,A01
200700050933,0,17,000,00,2,3,01,B01
200700050934,0,07,000,00,2,1,15,A01
200700050934,0,07,000,00,2,3,01,B01
200700050935,0,30,000,00,2,1,01,A01
200700050935,0,07,000,00,2,7,01,B01
200700050936,0,07,000,00,2,1,02,A01
200700050936,0,15,000,00,2,4,02,B01
200700050937,0,07,000,00,1,6,01,A01
200700050938,0,07,000,00,2,1,02,A01
200700050938,0,07,000,00,2,4,02,B01
200700050938,0,07,000,00,2,4,02,C01
200700050939,0,33,000,00,0,8,01,A01
200700050940,0,07,000,09,0,1,13,A01
200700050941,0,07,000,08,0,1,13,A01
200700050942,0,07,000,00,2,8,01,B01
200700050942,0,07,000,09,2,3,16,A01
200700050943,0,07,000,00,2,5,12,A01
200700050943,0,15,000,00,2,3,01,B01
200700050944,0,07,000,00,2,1,01,A01
200700050944,0,07,000,00,2,4,02,B01
200700050945,0,07,000,02,0,1,01,A01
200700050946,0,07,000,00,2,2,15,A01
200700050946,0,01,000,00,2,1,01,B01
200700050947,0,31,000,00,2,8,00,A01
200700050947,0,07,000,00,2,1,09,B01
200700050948,0,07,000,00,2,1,15,A01
200700050948,0,07,000,00,2,1,01,B01
200700050949,0,30,000,00,2,1,01,A01
200700050949,1,10,000,00,2,5,17,B01
200700050950,0,07,000,03,0,3,01,A01
200700050951,0,07,000,00,2,1,15,A01
200700050951,0,07,000,00,2,1,01,B01
200700050952,0,02,000,00,0,0,01,A01
200700050953,0,10,000,00,2,1,01,A01
200700050953,0,07,000,00,2,4,01,B01
200700050954,0,07,000,00,2,2,10,A01
200700050954,0,07,000,00,2,2,01,B01
200700050955,0,07,000,00,2,1,01,A01
200700050955,0,10,000,00,2,3,01,B01
200700050956,0,17,000,13,0,1,01,A01
200700050957,0,07,000,00,2,1,02,A01
200700050957,0,07,000,00,2,1,02,B01
200700050957,0,07,000,00,2,4,01,C01
200700050958,0,07,000,00,2,4,01,A01
200700050958,1,07,000,00,2,1,02,B01
200700050959,0,10,000,00,2,3,13,A01
200700050959,0,31,000,00,2,2,01,B01
200700050960,0,07,000,01,0,1,01,A01
200700050961,0,07,000,00,2,3,09,A01
200700050961,0,33,000,00,2,1,01,B01
200700050962,0,33,000,12,0,1,02,A01
200700050963,0,07,000,07,0,3,01,A01
200700050964,0,07,000,00,2,1,09,A01
200700050964,0,10,000,00,2,3,01,B01
200700050965,0,07,000,00,2,7,02,B01
200700050965,0,07,000,00,2,1,02,A01
200700050966,0,01,000,16,0,1,02,A01
200700050967,0,07,000,00,1,4,20,A01
200700050968,0,07,000,00,2,1,15,A01
200700050968,0,07,000,00,2,1,01,B01
200700050969,0,07,000,00,2,2,01,A01
200700050969,0,07,000,00,2,3,01,B01
200700050970,0,07,000,03,0,7,01,A01
200700050971,0,07,000,00,2,7,02,B01
200700050971,0,07,000,00,2,8,15,A01
200700050972,2,07,000,00,2,1,02,A01
200700050972,0,07,000,00,2,7,02,B01
200700050973,0,01,000,00,0,1,02,A01
200700050974,0,07,000,00,2,8,02,B01
200700050974,0,07,000,00,2,3,02,A01
200700050975,0,07,000,03,2,1,01,A01
200700050975,0,07,000,00,2,1,01,B01
200700050976,0,07,000,08,0,7,01,A01
200700050977,0,07,000,13,2,9,01,A01
200700050977,0,07,000,00,2,1,01,B01
200700050978,0,07,000,13,0,1,01,A01
200700050979,0,02,000,00,2,1,17,A01
200700050979,0,07,000,00,2,3,15,B01
200700050980,0,30,000,00,1,1,01,A01
200700050981,0,30,000,00,0,1,00,A01
200700050982,0,33,000,01,0,1,01,A01
200700050983,0,07,000,00,2,3,09,A01
200700050983,0,31,000,00,2,1,01,B01
200700050984,0,02,000,00,0,0,01,A01
200700050985,0,07,000,00,2,8,15,A01
200700050985,0,07,000,00,2,2,01,B01
200700050986,0,07,000,03,2,1,01,A01
200700050986,0,07,000,03,2,9,01,B01
200700050987,0,07,000,00,2,8,02,A01
200700050987,0,07,000,00,2,7,02,B01
200700050988,0,30,000,00,2,1,01,A01
200700050988,0,07,000,00,2,4,02,B01
200700050989,1,07,000,00,0,0,01,C01
200700050989,0,03,000,00,2,7,01,A01
200700050989,0,07,000,00,2,3,01,B01
200700050990,0,07,000,03,0,1,01,A01
200700050991,0,07,000,00,2,8,09,A01
200700050991,0,30,000,00,2,1,01,B01
200700050992,0,07,000,00,2,8,09,A01
200700050992,0,14,000,00,2,2,12,B01
200700050993,0,30,000,00,2,1,15,A01
200700050993,0,07,000,00,2,3,01,B01
200700050994,0,07,000,00,2,8,15,B01
200700050994,0,33,000,00,2,7,17,A01
200700050995,0,07,000,00,2,3,01,A01
200700050995,0,07,000,00,2,6,15,B01
200700050996,0,07,000,00,2,2,15,A01
200700050996,0,03,000,00,2,1,01,B01
200700050997,0,07,000,00,2,3,01,A01
200700050997,0,30,000,00,2,7,21,B01
200700050998,0,02,000,00,2,1,01,A01
200700050998,0,07,000,00,2,4,23,B01
200700050999,0,07,000,00,2,8,01,B01
200700050999,0,07,000,00,2,2,01,A01
200700051000,0,30,000,00,2,1,01,A01
200700051000,0,07,000,00,2,4,15,B01
200700051001,0,02,000,00,2,1,01,A01
200700051002,0,07,000,00,2,2,15,A01
200700051002,0,30,000,00,2,1,01,B01
200700051003,0,10,000,08,0,1,01,A01
200700051004,0,07,000,00,2,1,01,B01
200700051004,0,99,000,00,2,7,01,A01
200700051005,0,07,000,00,2,2,13,A01
200700051005,0,33,000,00,2,1,01,B01
200700051006,0,02,000,01,0,2,16,A01
200700051007,0,33,000,00,2,1,17,A01
200700051007,0,07,000,00,2,6,15,B01
200700051008,0,07,000,00,1,4,04,A01
200700051009,0,07,000,00,2,3,01,A01
200700051009,0,02,000,00,2,8,05,B01
200700051010,0,07,000,00,2,8,13,A01
200700051010,0,02,000,00,2,1,01,B01
200700051011,0,07,000,00,2,1,01,B01
200700051011,0,07,000,00,2,3,00,A01
200700051012,0,01,000,00,2,4,01,B01
200700051012,0,07,000,00,2,1,00,A01
200700051013,0,07,000,00,1,8,01,A01
200700051014,0,07,000,00,2,1,01,A01
200700051014,0,07,000,00,0,6,23,B01
200700051015,0,02,000,00,2,7,15,A01
200700051015,0,07,000,00,2,1,01,B01
200700051016,0,02,000,12,0,0,01,A01
200700051017,0,30,000,00,0,8,00,A01
200700051018,0,07,000,00,2,1,02,A01
200700051018,0,07,000,00,2,0,02,B01
200700051018,0,07,000,00,0,4,02,C01
200700051019,0,33,000,12,0,1,01,A01
200700051020,0,07,000,00,9,1,02,A01
200700051020,0,32,000,00,0,4,12,B01
200700051021,0,07,000,03,2,1,15,A01
200700051021,0,07,000,00,2,1,01,B01
200700051022,0,10,000,00,2,1,02,A01
200700051022,0,07,000,00,2,4,02,B01
200700051022,0,07,000,00,0,4,02,C01
200700051023,0,01,000,00,2,4,01,B01
200700051023,0,07,000,00,9,2,16,A01
200700051024,0,30,000,00,2,1,01,A01
200700051024,0,07,000,00,2,4,01,B01
200700051025,0,32,000,00,9,1,01,A01
200700051025,0,01,000,00,2,8,19,B01
200700051026,0,07,000,00,9,4,15,A01
200700051026,0,01,000,00,2,1,01,B01
200700051027,0,07,000,00,2,7,15,A01
200700051027,0,07,000,00,2,1,01,B01
200700051028,0,07,000,00,2,1,01,B01
200700051028,0,07,000,00,2,1,13,A01
200700051029,0,10,000,00,9,3,01,A01
200700051030,0,07,000,00,2,7,02,B01
200700051030,1,07,000,00,2,1,05,A01
200700051031,0,14,000,00,2,2,02,A01
200700051031,0,07,000,00,2,3,09,B01
200700051032,0,07,000,01,0,1,02,A01
200700051033,0,34,000,00,6,1,02,A01
200700051034,0,07,000,02,0,1,02,A01
200700051035,0,33,000,00,0,9,02,A01
200700051036,0,07,000,00,1,7,02,A01
200700051037,0,30,000,00,2,7,02,B01
200700051037,0,07,000,00,2,1,02,A01
200700051038,0,10,000,00,2,1,02,A01
200700051038,0,07,000,00,2,4,02,B01
200700051039,0,07,000,00,2,8,01,A01
200700051039,0,02,000,00,2,7,02,B01
200700051040,0,07,000,00,0,7,01,A01
200700051041,0,30,000,00,2,1,01,A01
200700051041,0,07,000,00,2,1,01,B01
200700051042,0,07,000,04,0,8,01,A01
200700051043,0,01,000,00,2,1,05,A01
200700051043,0,07,000,00,2,3,01,B01
200700051044,0,07,000,00,2,1,02,A01
200700051044,0,07,000,00,0,4,01,B01
200700051045,0,07,000,00,2,2,09,A01
200700051045,0,07,000,00,2,1,01,B01
200700051046,0,07,000,00,2,2,15,A01
200700051046,0,07,000,00,2,3,01,B01
200700051047,0,30,000,00,1,0,01,A01
200700051048,1,99,000,00,1,0,00,A01
200700051049,0,07,000,11,0,9,06,A01
200700051050,0,07,000,00,2,3,15,A01
200700051050,0,31,000,00,2,1,01,B01
200700051051,0,07,000,00,2,2,15,A01
200700051051,0,33,000,09,2,9,01,B01
200700051052,0,33,000,00,2,0,10,A01
200700051052,0,33,000,00,2,4,01,B01
200700051053,0,07,000,00,9,3,00,A01
200700051053,0,02,000,00,2,2,01,B01
200700051054,0,33,000,00,0,2,01,A01
200700051054,0,10,000,00,0,3,01,B01
200700051055,0,07,000,06,0,4,04,A01
200700051056,0,07,000,00,2,1,02,A01
200700051056,0,17,000,00,2,4,02,B01
200700051057,0,01,000,00,2,1,19,B01
200700051057,0,07,000,00,2,1,15,A01
200700051058,0,10,000,00,2,2,09,A01
200700051058,0,07,000,00,2,8,16,B01
200700051059,0,07,000,00,1,1,01,A01
200700051060,0,07,000,00,2,3,15,A01
200700051060,0,02,000,00,2,1,01,B01
200700051061,0,07,000,00,1,2,01,A01
200700051062,0,33,000,00,2,4,02,A01
200700051062,0,07,000,00,0,4,02,B01
200700051063,0,01,000,00,1,1,00,A01
200700051064,0,07,000,00,2,0,16,A01
200700051064,0,33,000,00,2,1,01,B01
200700051065,0,07,000,00,2,2,15,A01
200700051065,0,02,000,00,2,6,01,B01
200700051066,0,07,000,00,1,2,01,A01
200700051067,0,07,000,00,1,0,04,A01