Num_Acc,senc,catv,occutc,obs,obsm,choc,manv,num_veh
200700051068,0,10,000,00,1,4,04,A01
200700051069,0,32,000,00,2,8,02,A01
200700051069,0,07,000,00,2,7,16,B01
200700051070,0,33,000,00,2,0,01,A01
200700051070,0,07,000,00,2,0,15,B01
200700051071,0,32,000,00,2,0,21,A01
200700051071,0,07,000,00,0,0,15,B01
200700051072,0,10,000,00,2,3,15,A01
200700051072,0,31,000,00,2,1,01,B01
200700051073,0,31,000,00,2,8,23,A01
200700051073,0,07,000,14,0,3,01,B01
200700051074,0,02,000,00,1,1,00,A01
200700051075,0,07,000,00,2,3,22,A01
200700051075,0,30,000,01,0,1,00,B01
200700051076,0,07,000,01,0,1,00,B01
200700051076,0,07,000,00,2,0,00,A01
200700051077,0,07,000,00,2,8,00,B01
200700051077,0,02,000,00,2,1,17,A01
200700051078,0,30,000,00,2,7,17,A01
200700051078,0,07,000,00,2,1,00,B01
200700051079,0,07,000,00,1,1,01,A01
200700051080,0,07,000,00,2,3,15,A01
200700051080,0,33,000,00,2,2,17,B01
200700051081,0,07,000,00,1,6,04,A01
200700051082,0,07,000,00,2,1,01,A01
200700051082,0,32,000,00,2,4,01,B01
200700051083,0,10,000,00,2,1,01,A01
200700051083,0,10,000,00,2,1,02,B01
200700051084,0,07,000,00,1,8,24,A01
200700051085,0,07,000,00,2,1,02,A01
200700051085,0,07,000,08,2,1,02,B01
200700051086,0,07,000,00,1,4,04,A01
200700051087,0,07,000,00,0,8,10,A01
200700051087,0,31,000,00,2,1,02,B01
200700051088,0,07,000,00,0,0,00,A01
200700051088,0,02,000,00,0,0,00,B01
200700051089,0,07,000,00,1,1,01,A01
200700051090,0,02,000,00,2,1,13,A01
200700051090,0,07,000,00,2,8,01,B01
200700051091,0,07,000,00,2,7,15,A01
200700051091,0,33,000,00,2,1,01,B01
200700051092,0,02,000,14,0,1,01,A01
200700051093,0,07,000,03,0,1,01,A01
200700051094,0,07,000,00,2,2,15,A01
200700051094,0,33,000,00,2,1,07,B01
200700051095,0,03,000,00,2,2,15,A01
200700051095,0,07,000,00,2,3,01,B01
200700051096,0,07,000,00,0,1,00,A01
200700051096,0,07,000,00,0,7,01,B01
200700051097,0,07,000,00,1,0,00,A01
200700051098,0,07,000,00,1,6,20,A01
200700051099,0,02,000,00,0,1,15,A01
200700051099,0,07,000,00,0,1,01,B01
200700051100,0,07,000,00,2,1,23,A01
200700051100,0,32,000,00,2,1,01,B01
200700051101,0,07,000,00,0,1,02,A01
200700051101,0,07,000,00,0,0,02,B01
200700051102,0,33,000,00,2,1,02,A01
200700051102,0,10,000,00,0,6,02,B01
200700051103,0,30,000,00,0,1,02,B01
200700051103,0,10,000,00,0,8,01,A01
200700051104,0,02,000,00,2,1,01,A01
200700051104,0,07,000,00,2,4,01,B01
200700051105,0,32,000,00,2,1,01,A01
200700051105,0,07,000,00,2,6,01,B01
200700051106,0,30,000,00,2,1,01,A01
200700051106,0,07,000,00,2,2,16,B01
200700051107,0,07,000,00,2,1,02,A01
200700051107,0,07,000,00,2,4,23,B01
200700051107,0,07,000,00,2,4,23,C01
200700051108,0,07,000,00,1,8,01,A01
200700051109,0,07,000,00,1,3,01,A01
200700051110,0,07,000,00,2,2,01,A01
200700051110,0,07,000,00,2,3,15,B01
200700051111,0,07,000,00,2,3,10,A01
200700051111,0,31,000,00,2,1,01,B01
200700051112,0,07,000,00,1,5,01,A01
200700051113,0,07,000,00,2,1,01,A01
200700051113,0,32,000,00,2,4,01,B01
200700051114,0,07,000,00,1,4,04,A01
200700051115,0,07,000,00,9,3,15,A01
200700051115,0,30,000,00,2,1,02,B01
200700051116,0,32,000,00,2,1,17,A01
200700051116,0,07,000,00,9,6,02,B01
200700051117,0,02,000,00,2,3,15,A01
200700051117,0,07,000,00,9,3,02,B01
200700051118,0,07,000,00,2,7,15,A01
200700051118,0,07,000,00,2,2,02,B01
200700051119,0,07,000,00,2,3,20,A01
200700051119,0,31,000,00,2,1,01,B01
200700051120,0,33,000,01,0,1,01,A01
200700051120,0,14,000,00,2,0,00,B01
200700051121,0,33,000,00,2,7,01,A01
200700051121,0,01,000,00,2,8,11,B01
200700051122,0,07,000,00,2,1,01,A01
200700051122,0,07,000,00,2,4,23,B01
200700051122,0,07,000,00,2,4,23,C01
200700051123,0,02,000,00,2,1,01,A01
200700051123,0,07,000,00,2,4,01,B01
200700051124,0,30,000,00,2,1,01,A01
200700051124,0,30,000,00,2,1,05,B01
200700051125,0,07,000,00,2,8,01,A01
200700051126,0,07,000,00,1,1,01,A01
200700051127,0,07,000,15,2,7,01,A01
200700051127,0,07,000,15,2,1,01,B01
200700051128,0,07,000,00,2,8,00,A01
200700051128,0,01,000,00,2,1,17,B01
200700051129,0,10,000,00,2,6,00,A01
200700051129,0,33,000,00,2,1,01,B01
200700051130,0,07,000,00,1,1,13,A01
200700051131,0,07,000,08,2,3,05,A01
200700051131,0,10,000,00,2,8,01,B01
200700051132,0,33,000,00,2,1,17,A01
200700051132,0,10,000,00,2,8,15,B01
200700051133,0,07,000,00,2,1,01,A01
200700051133,0,07,000,00,2,4,23,B01
200700051134,0,07,000,00,1,7,01,A01
200700051135,0,07,000,00,2,1,01,A01
200700051135,0,07,000,00,2,4,23,B01
200700051136,0,32,000,00,2,8,01,B01
200700051136,0,07,000,00,2,7,01,A01
200700051137,0,07,000,00,2,8,23,C01
200700051137,0,32,000,00,0,4,23,B01
200700051137,0,02,000,00,2,1,02,A01
200700051138,0,31,000,00,2,1,01,A01
200700051138,0,07,000,00,2,3,01,B01
200700051139,0,07,000,00,2,4,01,C01
200700051139,0,07,000,00,2,4,01,B01
200700051139,0,07,000,00,2,1,01,A01
200700051140,0,07,000,00,2,7,01,A01
200700051140,0,07,000,00,2,1,01,B01
200700051141,0,07,000,00,1,1,01,A01
200700051142,0,07,000,00,2,1,01,A01
200700051142,0,07,000,00,2,3,01,B01
200700051143,0,33,000,00,2,1,01,A01
200700051143,0,07,000,00,2,4,01,B01
200700051144,0,07,000,00,2,1,15,A01
200700051144,0,07,000,00,2,1,01,B01
200700051145,0,07,000,00,0,1,15,A01
200700051145,0,32,000,00,0,1,01,B01
200700051146,0,10,000,00,0,6,15,A01
200700051146,0,32,000,00,0,1,01,B01
200700051147,0,07,000,00,0,2,01,A01
200700051147,0,07,000,00,0,1,01,B01
200700051148,0,07,000,00,0,1,01,A01
200700051148,0,01,000,00,0,0,19,B01
200700051149,0,20,000,00,0,1,00,A01
200700051149,0,07,000,00,0,4,23,B01
200700051150,0,07,000,00,0,2,15,A01
200700051150,0,33,000,00,0,8,01,B01
200700051151,0,07,000,14,1,1,01,A01
200700051152,0,07,000,00,0,7,01,A01
200700051152,0,07,000,00,0,1,01,B01
200700051153,0,36,000,14,0,3,00,A01
200700051154,0,07,000,00,2,3,23,A01
200700051154,0,30,000,00,2,3,01,B01
200700051155,0,34,000,00,0,7,01,A01
200700051155,0,07,000,00,0,0,01,B01
200700051156,0,10,000,00,1,7,01,A01
200700051157,0,10,000,00,2,1,02,A01
200700051157,0,07,000,00,2,4,02,B01
200700051158,0,32,000,00,2,1,18,A01
200700051158,0,07,000,00,0,0,02,B01
200700051159,0,07,000,14,0,1,01,A01
200700051160,0,10,000,00,1,3,01,A01
200700051161,0,07,000,00,2,1,01,B01
200700051161,0,07,000,15,2,5,01,A01
200700051162,0,07,000,00,2,1,02,A01
200700051162,0,07,000,00,0,4,02,B01
200700051163,0,07,000,00,2,1,01,A01
200700051163,0,33,000,00,2,4,23,B01
200700051164,0,30,000,12,0,1,16,A01
200700051165,0,07,000,00,0,0,01,A01
200700051165,0,31,000,00,0,0,01,B01
200700051166,0,07,000,00,2,2,15,A01
200700051166,0,07,000,00,2,1,01,B01
200700051167,0,07,000,00,1,0,01,A01
200700051168,0,07,000,00,2,1,02,A01
200700051168,0,33,000,00,2,4,02,B01
200700051169,0,07,000,01,0,1,02,A01
200700051169,0,14,000,00,2,6,24,B01
200700051170,0,07,000,00,1,7,01,A01
200700051171,0,32,000,00,2,1,02,A01
200700051171,0,07,000,00,2,5,02,B01
200700051172,0,33,000,00,2,1,02,A01
200700051172,0,07,000,00,2,4,23,B01
200700051173,0,07,000,00,2,2,10,A01
200700051173,0,07,000,00,2,1,01,B01
200700051174,0,30,000,00,2,6,13,A01
200700051174,0,07,000,00,2,2,01,B01
200700051175,0,07,000,00,2,1,02,A01
200700051175,0,07,000,00,2,4,00,B01
200700051175,0,30,000,00,2,9,02,C01
200700051175,0,10,000,00,2,5,01,D01
200700051176,0,02,000,00,2,1,01,A01
200700051176,0,07,000,00,2,4,01,B01
200700051177,0,07,000,09,0,3,00,A01
200700051178,0,07,000,00,2,1,01,A01
200700051178,0,32,000,00,2,4,00,B01
200700051178,0,07,000,00,0,7,00,C01
200700051179,0,07,000,00,2,2,15,A01
200700051179,0,33,000,00,2,1,01,B01
200700051180,0,07,000,00,1,1,01,A01
200700051181,0,10,000,00,2,1,01,A01
200700051181,0,07,000,00,2,4,01,B01
200700051182,0,10,000,00,1,3,15,A01
200700051183,0,01,000,00,2,1,01,B01
200700051183,0,10,000,00,2,5,16,A01
200700051184,0,07,000,00,2,3,09,A01
200700051184,0,02,000,00,2,7,01,B01
200700051185,0,33,000,00,2,1,15,A01
200700051185,0,30,000,00,2,1,01,B01
200700051186,0,07,000,00,2,2,17,A01
200700051186,0,07,000,00,2,6,15,B01
200700051187,0,37,030,00,1,2,01,A01
200700051188,0,07,000,00,2,2,15,A01
200700051188,0,30,000,00,2,1,01,B01
200700051189,0,31,000,00,0,3,01,A01
200700051190,0,14,000,00,2,7,12,A01
200700051190,0,07,000,00,2,8,02,B01
200700051191,0,32,000,00,2,3,18,A01
200700051191,0,15,000,00,2,7,16,B01
200700051192,0,07,000,00,0,0,11,A01
200700051192,0,33,000,00,0,0,21,B01
200700051193,0,32,000,00,2,1,01,A01
200700051193,0,07,000,00,0,3,15,B01
200700051194,0,32,000,00,0,6,01,B01
200700051194,0,07,000,00,2,2,02,A01
200700051195,0,07,000,00,2,1,02,A01
200700051195,0,01,000,00,2,6,00,B01
200700051196,0,07,000,00,0,3,01,A01
200700051196,2,07,000,00,2,8,01,B01
200700051197,0,07,000,00,2,1,01,A01
200700051197,0,07,000,00,0,4,02,B01
200700051198,0,07,000,00,2,1,02,A01
200700051198,0,07,000,00,2,4,02,B01
200700051199,0,33,000,00,9,1,02,A01
200700051199,0,37,000,00,0,4,02,B01
200700051200,0,07,000,00,2,1,02,A01
200700051200,0,07,000,00,2,4,02,B01
200700051201,0,07,000,00,0,1,00,A01
200700051202,0,03,000,02,0,1,01,A01
200700051203,0,31,000,00,2,1,01,A01
200700051203,0,07,000,00,2,4,01,B01
200700051204,1,07,000,00,1,1,00,A01
200700051205,0,02,000,00,2,1,00,A01
200700051205,0,14,000,12,0,1,00,B01
200700051206,0,07,000,00,2,1,01,A01
200700051206,0,07,000,00,2,1,01,B01
200700051206,0,31,000,00,2,4,01,C01
200700051206,0,07,000,00,0,4,01,D01
200700051207,0,07,000,00,2,3,00,A01
200700051207,0,07,000,00,2,2,01,B01
200700051208,0,07,000,00,0,3,10,A01
200700051208,0,33,000,00,2,9,01,B01
200700051209,0,07,000,00,1,2,01,A01
200700051210,0,30,000,01,0,1,00,A01
200700051211,0,07,000,00,0,4,02,A01
200700051211,0,10,000,00,2,1,02,B01
200700051212,0,07,000,00,1,2,00,A01
200700051213,0,07,000,00,9,1,00,A01
200700051213,0,01,000,00,2,1,00,B01
200700051214,0,07,000,00,1,1,01,A01
200700051215,0,01,000,00,0,1,02,A01
200700051216,0,03,000,02,0,1,02,A01
200700051217,0,33,000,00,0,0,09,B01
200700051217,0,07,000,00,0,1,09,A01
200700051218,0,07,000,00,2,8,01,B01
200700051218,0,02,000,00,2,1,05,A01
200700051219,0,36,000,00,0,0,15,A01
200700051220,0,32,000,11,2,1,02,A01
200700051220,0,37,001,00,2,1,02,B01
200700051221,0,07,000,00,1,0,04,A01
200700051222,0,33,000,00,0,3,01,B01
200700051223,0,20,000,00,2,8,01,B01
200700051223,0,20,000,15,0,3,07,A01
200700051224,0,99,000,00,2,1,00,A01
200700051224,0,99,000,00,2,7,00,B01
200700051225,0,07,000,00,1,1,00,A01
200700051226,0,07,000,00,2,1,02,A01
200700051226,0,07,000,00,2,0,02,B01
200700051226,0,07,000,00,2,6,02,C01
200700051227,0,34,000,00,2,0,02,A01
200700051227,0,37,001,00,0,8,01,B01
200700051228,0,30,000,00,2,2,13,A01
200700051228,0,07,000,00,2,3,15,B01
200700051229,0,07,000,00,2,1,01,B01
200700051229,1,07,000,14,2,1,01,A01
200700051230,0,32,000,00,2,1,00,A01
200700051230,0,07,000,00,2,2,00,B01
200700051231,0,02,000,00,0,0,00,B01
200700051231,0,07,000,00,0,0,00,C01
200700051231,0,07,000,00,0,5,00,A01
200700051232,0,07,000,00,2,3,01,A01
200700051232,0,01,000,00,2,1,05,B01
200700051233,0,07,000,00,0,7,14,A01
200700051233,0,32,000,00,0,7,02,B01
200700051234,0,07,000,00,1,2,00,A01
200700051235,0,13,000,01,0,4,15,A01
200700051236,0,07,000,00,2,3,19,A01
200700051236,0,30,000,00,2,1,01,B01
200700051237,0,07,000,00,1,1,01,A01
200700051238,0,07,000,00,2,1,16,A01
200700051238,0,01,000,00,2,1,01,B01
200700051239,0,07,000,00,1,1,00,A01
200700051240,0,01,000,00,2,1,02,A01
200700051240,0,07,000,00,2,7,16,B01
200700051241,0,07,000,00,2,1,01,B01
200700051241,0,07,000,00,2,1,13,A01
200700051242,0,07,000,00,0,1,02,A01
200700051242,0,07,000,00,0,4,02,B01
200700051242,0,07,000,00,0,4,02,C01
200700051243,0,07,000,00,0,7,03,A01
200700051243,0,07,000,00,0,3,09,B01
200700051244,0,07,000,00,1,4,04,A01
200700051245,0,20,000,01,0,1,00,A01
200700051246,0,31,000,00,2,1,01,B01
200700051246,0,30,000,00,2,1,15,A01
200700051247,0,07,000,00,2,2,01,A01
200700051247,0,33,000,00,2,3,15,B01
200700051248,0,07,000,00,2,1,15,A01
200700051248,0,32,000,00,2,8,01,B01
200700051249,0,07,000,00,2,3,01,A01
200700051249,0,07,000,01,2,6,01,B01
200700051250,0,07,000,15,0,3,00,A01
200700051251,0,07,000,08,0,1,00,A01
200700051252,0,07,000,01,0,1,01,A01
200700051253,0,07,000,00,0,6,11,A01
200700051253,0,07,000,00,2,1,02,B01
200700051254,0,07,000,00,0,4,11,A01
200700051254,0,07,000,00,0,0,00,B01
200700051255,0,14,000,00,2,5,04,A01
200700051255,0,07,000,00,2,1,02,B01
200700051256,0,20,000,00,2,1,10,A01
200700051256,0,34,000,00,2,1,01,B01
200700051257,0,07,000,00,0,2,01,A01
200700051257,0,07,000,00,0,3,01,B01
200700051258,0,07,000,00,2,1,15,A01
200700051258,0,33,000,00,2,6,01,B01
200700051259,0,07,000,01,0,5,01,B01
200700051259,0,07,000,00,0,1,01,A01
200700051260,0,14,000,00,1,1,11,A01
200700051261,0,07,000,00,2,4,02,A01
200700051261,0,07,000,00,2,1,02,B01
200700051261,0,07,000,00,2,1,02,C01
200700051262,0,07,000,00,2,4,00,A01
200700051262,0,33,000,00,2,1,00,B01
200700051262,1,07,000,00,2,0,00,C01
200700051263,0,07,000,00,0,3,15,A01
200700051263,0,33,000,00,2,0,00,B01
200700051264,0,33,000,00,2,7,11,A01
200700051264,0,07,000,00,2,1,01,B01
200700051264,1,15,000,00,2,0,00,C01
200700051265,0,07,000,00,2,1,01,A01
200700051265,0,07,000,15,2,3,02,B01
200700051266,0,07,000,00,0,1,02,B01
200700051266,0,10,000,00,0,7,16,A01
200700051267,1,07,000,00,1,1,01,A01
200700051268,0,14,000,00,1,2,00,A01
200700051269,0,32,000,00,2,2,02,A01
200700051269,0,01,000,00,2,4,01,B01
200700051270,0,07,000,00,2,3,09,A01
200700051270,0,07,000,00,2,2,21,B01
200700051271,0,07,000,00,2,7,15,A01
200700051271,0,32,000,00,2,1,02,B01
200700051272,1,07,000,00,1,0,00,A01
200700051273,0,99,000,00,2,7,19,A01
200700051273,0,07,000,00,2,3,01,B01
200700051274,0,99,000,00,1,7,09,A01
200700051275,0,07,000,00,2,3,08,A01
200700051275,0,33,000,00,2,1,00,B01
200700051276,0,07,000,00,2,3,15,A01
200700051276,0,30,000,00,2,7,17,B01
200700051277,0,07,000,00,2,4,02,A01
200700051277,0,07,000,00,0,1,02,B01
200700051278,0,07,000,00,1,2,00,B01
200700051279,0,07,000,00,2,5,02,A01
200700051279,0,07,000,00,2,5,15,B01
200700051280,0,07,000,00,0,2,23,A01
200700051280,0,01,000,01,0,3,18,B01
200700051281,0,07,000,00,0,1,01,A01
200700051281,0,10,000,00,0,4,01,B01
200700051282,0,07,000,08,0,1,01,A01
200700051283,0,37,000,00,0,2,01,A01
200700051284,0,07,000,00,1,3,01,A01
200700051285,0,37,000,00,1,2,15,A01
200700051286,0,14,000,00,0,3,04,A01
200700051286,0,07,000,00,2,7,02,B01
200700051287,0,07,000,00,1,2,01,A01
200700051288,0,10,000,01,1,5,01,A01
200700051289,0,07,000,00,2,3,01,A01
200700051289,0,31,000,00,2,1,01,B01
200700051290,0,07,000,00,0,1,15,A01
200700051290,0,32,000,00,2,1,01,B01
200700051291,0,07,000,00,1,2,01,A01
200700051292,0,07,000,00,0,1,15,A01
200700051292,0,07,000,00,0,1,01,B01
200700051293,1,07,000,00,1,0,00,A01
200700051294,0,07,000,00,2,2,15,A01
200700051294,0,33,000,00,2,1,01,B01
200700051295,0,02,000,00,2,2,01,A01
200700051295,0,07,000,00,2,8,15,B01
200700051296,0,07,000,00,2,6,11,A01
200700051296,0,10,000,00,2,2,01,B01
200700051297,0,07,000,00,2,7,15,A01
200700051297,0,33,000,00,2,1,01,B01
200700051298,2,07,000,04,0,1,01,A01
200700051299,2,31,000,00,0,1,02,A01
200700051300,0,32,000,00,0,8,01,A01
200700051301,0,10,000,00,2,1,01,A01
200700051301,0,10,000,00,0,2,01,B01
200700051302,0,07,000,00,2,8,01,B01
200700051302,0,07,000,00,2,2,12,A01
200700051303,0,07,000,00,2,3,05,A01
200700051303,0,07,000,00,2,6,05,B01
200700051304,0,07,000,00,1,3,01,A01
200700051305,2,32,000,00,2,1,05,A01
200700051305,0,07,000,00,0,3,01,B01
200700051306,0,07,000,00,0,0,00,B01
200700051306,0,07,000,00,0,3,00,A01
200700051307,0,32,000,15,0,3,02,A01
200700051308,0,30,000,00,1,1,00,A01
200700051309,0,31,000,00,2,1,17,B01
200700051309,0,07,000,00,0,3,15,A01
200700051310,0,07,000,14,0,1,02,A01
200700051311,0,07,000,00,2,1,01,B01
200700051311,0,07,000,00,2,7,01,A01
200700051312,0,33,000,00,0,2,02,B01
200700051312,0,07,000,00,0,3,02,A01
200700051313,0,07,000,00,1,0,01,A01
200700051314,0,10,000,00,2,2,00,B01
200700051314,0,07,000,00,2,3,11,A01
200700051315,0,13,000,00,2,3,15,A01
200700051315,0,07,000,00,2,3,02,B01
200700051316,0,10,000,00,9,6,04,A01
200700051316,0,01,000,00,2,2,01,B01
200700051317,0,07,000,00,0,3,13,V01
200700051317,0,31,000,00,0,7,17,C01
200700051318,0,07,000,00,2,3,15,A01
200700051318,0,01,000,00,2,3,01,B01
200700051319,0,33,000,02,2,1,02,A01
200700051319,0,07,000,00,2,3,15,B01
200700051320,0,07,000,11,0,1,00,A01
200700051321,0,33,000,00,2,1,01,A01
200700051321,0,20,000,00,2,4,04,B01
200700051322,0,07,000,00,2,1,11,A01
200700051322,0,07,000,00,0,4,23,B01
200700051322,0,07,000,00,0,8,14,C01
200700051323,0,99,000,00,0,6,00,A01
200700051323,0,33,000,14,0,9,12,B01
200700051324,0,07,000,00,1,5,04,A01
200700051325,0,07,000,00,2,4,02,B01
200700051325,0,07,000,00,2,4,02,C01
200700051325,0,07,000,00,0,4,02,D01
200700051325,1,07,000,00,2,1,02,A01
200700051326,0,07,000,00,2,2,15,A01
200700051326,0,07,000,00,2,3,01,B01
200700051327,0,07,000,00,2,1,01,A01
200700051327,0,07,000,00,2,6,01,B01
200700051328,0,07,000,00,2,1,15,A01
200700051328,0,07,000,00,2,3,01,B01
200700051329,0,33,000,15,2,1,03,A01
200700051329,0,07,000,00,2,3,15,B01
200700051330,0,07,000,14,0,7,09,A01
200700051330,0,07,000,14,0,1,01,B01
200700051331,0,33,000,00,2,7,00,A01
200700051331,0,07,000,00,0,2,01,B01
200700051332,0,33,000,00,0,7,01,A01
200700051333,0,07,000,15,0,1,14,A01
200700051334,0,07,000,00,1,3,20,A01
200700051335,0,07,000,00,2,2,15,B01
200700051335,0,07,000,11,2,5,15,A01
200700051336,1,07,000,00,1,3,01,A01
200700051337,0,07,000,00,2,2,01,B01
200700051337,0,01,000,00,2,0,00,A01
200700051338,0,37,030,00,1,8,01,A01
200700051339,0,30,000,00,2,1,01,A01
200700051339,0,07,000,00,2,1,01,B01
200700051340,0,10,000,00,1,4,04,A01
200700051341,0,31,000,00,0,4,02,B01
200700051341,0,07,000,00,2,1,02,A01
200700051341,0,07,000,00,2,1,02,C01
200700051342,0,37,058,00,2,1,02,A01
200700051342,0,07,000,00,2,4,23,B01
200700051343,0,32,000,00,2,1,05,A01
200700051343,0,07,000,00,2,8,01,B01
200700051344,0,07,000,00,2,1,02,A01
200700051344,0,07,000,00,2,4,02,B01
200700051344,0,07,000,00,2,6,00,C01
200700051345,0,07,000,00,2,1,02,A01
200700051345,0,07,000,00,2,9,02,B01
200700051345,0,07,000,00,2,4,02,C01
200700051346,0,02,000,01,0,1,00,A01
200700051347,0,30,000,01,0,1,02,A01
200700051347,0,07,000,00,0,4,23,B01
200700051348,0,07,000,00,2,2,12,A01
200700051348,0,31,000,00,2,3,01,B01
200700051349,0,07,000,01,0,1,01,A01
200700051349,0,33,000,00,0,4,23,B01
200700051350,0,07,000,00,2,8,15,A01
200700051350,0,32,000,00,2,8,17,B01
200700051351,0,02,000,00,2,7,01,A01
200700051351,0,07,000,00,2,1,19,B01
200700051352,0,02,000,14,0,1,02,A01
200700051352,0,07,000,00,2,4,23,B01
200700051353,0,07,000,03,0,1,15,A01
200700051354,0,07,000,00,2,1,00,A01
200700051354,0,07,000,00,2,8,00,B01
200700051355,0,32,000,00,2,2,01,B01
200700051355,0,07,000,00,2,8,00,A01
200700051356,0,07,000,00,1,0,00,A01
200700051357,0,33,000,00,0,0,02,A01
200700051357,0,07,000,00,0,0,02,B01
200700051358,0,18,025,00,2,7,02,B01
200700051358,0,15,000,00,2,3,15,A01
200700051359,0,02,000,00,2,1,00,A01
200700051359,0,07,000,00,2,0,00,B01
200700051360,0,07,000,00,2,3,16,A01
200700051360,0,33,000,00,2,1,15,B01
200700051361,0,07,000,00,2,1,00,A01
200700051361,0,07,000,00,2,4,00,B01
200700051362,0,31,000,00,0,1,00,A01
200700051363,0,07,000,00,0,1,00,A01
200700051363,0,07,000,00,0,8,00,B01
200700051364,0,07,000,00,0,1,00,A01
200700051364,0,31,000,01,0,0,00,B01
200700051365,0,10,000,00,0,0,00,A01
200700051366,0,07,000,00,2,1,02,A01
200700051366,0,07,000,00,0,4,02,B01
200700051367,0,33,000,00,0,0,00,A01
200700051367,0,07,000,00,0,0,00,B01
200700051368,0,07,000,00,0,0,00,A01
200700051368,0,01,000,00,0,0,00,B01
200700051369,0,07,000,00,2,0,00,A01
200700051369,0,31,000,00,2,0,00,B01
200700051370,0,02,000,00,2,1,00,A01
200700051370,0,07,000,00,2,1,00,B01
200700051371,0,07,000,00,2,2,15,A01
200700051371,0,07,000,00,2,1,01,B01
200700051372,0,01,000,01,0,1,01,A01
200700051373,0,07,000,00,2,1,01,A01
200700051373,0,32,000,00,2,8,15,B01
200700051374,0,07,000,00,1,3,01,A01
200700051375,0,07,000,00,2,1,15,A01
200700051375,0,07,000,00,2,1,15,B01
200700051376,0,07,000,00,1,1,01,A01
200700051377,0,07,000,00,2,1,01,B01
200700051377,0,07,000,00,2,2,05,A01
200700051378,0,33,000,00,0,1,01,A01
200700051379,0,01,000,00,2,1,01,B01
200700051379,0,07,000,00,2,8,15,A01
200700051380,1,07,000,00,2,1,01,A01
200700051380,0,30,000,00,2,8,01,B01
200700051380,0,07,000,00,2,4,01,C01
200700051381,0,32,000,00,0,1,01,A01
200700051382,0,07,000,00,2,7,16,A01
200700051382,0,14,000,00,2,3,02,B01
200700051383,0,07,000,00,0,7,00,A01
200700051383,0,31,000,00,0,1,00,B01
200700051384,0,02,000,00,0,1,01,A01
200700051385,0,07,000,00,0,1,01,A01
200700051386,0,07,000,00,2,1,09,A01
200700051386,0,07,000,00,2,4,01,B01
200700051387,0,07,000,04,0,0,09,A01
200700051388,0,07,000,00,0,1,01,A01
200700051389,0,07,000,00,2,8,15,A01
200700051389,0,02,000,00,2,1,01,B01
200700051390,0,30,000,00,1,1,01,A01
200700051391,0,10,000,00,1,3,23,B01
200700051391,0,07,000,00,2,1,16,A01
200700051392,0,33,000,00,2,0,00,A01
200700051392,0,07,000,00,2,4,00,B01
200700051393,0,07,000,00,2,2,16,B01
200700051393,0,30,000,00,2,1,16,A01
200700051394,0,07,000,00,1,0,01,A01
200700051395,0,02,000,00,2,1,01,A01
200700051395,0,32,000,00,2,1,11,B01
200700051396,0,01,000,00,0,0,00,A01
200700051397,0,07,000,00,2,7,01,A01
200700051397,0,32,000,01,2,3,11,B01
200700051398,0,33,000,00,2,7,17,A01
200700051398,0,07,000,00,2,8,15,B01
200700051399,0,14,000,00,2,1,02,A01
200700051399,0,07,000,00,2,4,23,B01
200700051400,0,07,000,00,0,7,10,A01
200700051400,0,33,000,00,2,1,01,B01
200700051401,0,33,000,00,2,3,19,A01
200700051401,1,07,000,00,2,0,19,B01
200700051402,0,07,000,00,0,0,11,A01
200700051402,0,33,000,00,0,0,06,B01
200700051402,0,07,000,00,9,1,01,C01
200700051403,0,07,000,00,2,8,01,B01
200700051403,0,07,000,00,2,1,15,A01
200700051404,0,02,000,00,2,1,01,B01
200700051404,0,07,000,00,9,2,01,A01
200700051405,0,07,000,00,2,7,01,A01
200700051405,0,07,000,00,2,1,01,B01
200700051406,0,07,000,01,0,3,01,A01
200700051407,0,07,000,00,2,2,09,A01
200700051407,0,07,000,00,2,6,01,B01
200700051408,0,32,000,00,2,1,17,A01
200700051408,0,07,000,00,2,8,15,B01
200700051409,0,10,000,00,2,1,02,A01
200700051409,0,07,000,00,2,4,01,B01
200700051410,0,07,000,00,2,2,24,A01
200700051410,0,02,000,00,2,7,02,B01
200700051411,0,07,000,00,2,1,01,A01
200700051411,0,07,000,00,2,8,01,B01
200700051412,0,07,000,00,2,3,11,A01
200700051412,0,31,000,00,2,1,01,B01
200700051413,0,07,000,00,2,6,13,A01
200700051413,0,01,000,00,2,1,17,B01
200700051414,0,36,000,00,2,1,00,A01
200700051414,0,07,000,00,9,1,00,B01
200700051415,0,02,000,01,0,1,01,A01
200700051416,0,07,000,00,2,1,02,A01
200700051416,0,07,000,00,2,9,00,B01
200700051416,0,07,000,00,2,4,00,C01
200700051417,0,07,000,00,1,2,01,A01
200700051418,0,02,000,00,9,1,00,A01
200700051418,0,33,000,00,9,7,00,B01
200700051419,0,01,000,00,0,7,02,A01
200700051419,1,32,000,00,2,1,02,B01
200700051420,0,32,000,00,0,9,01,A01
200700051421,0,07,000,00,2,1,02,A01
200700051421,0,07,000,00,2,4,00,B01
200700051422,0,07,000,00,0,0,22,A01
200700051422,0,01,000,00,0,0,02,B01
200700051423,0,07,000,01,0,1,09,A01
200700051424,0,07,000,00,1,2,20,A01
200700051425,0,10,000,00,0,5,02,A01
200700051425,0,33,000,00,2,1,02,B01