Num_Acc,senc,catv,occutc,obs,obsm,choc,manv,num_veh
200700051426,0,31,000,12,0,7,16,A01
200700051427,0,10,000,00,2,7,14,A01
200700051427,0,01,000,00,2,1,02,B01
200700051428,0,33,000,01,0,0,00,A01
200700051429,0,07,000,00,1,1,01,A01
200700051430,0,01,000,15,0,1,01,A01
200700051430,0,07,000,00,2,7,23,B01
200700051431,0,02,000,00,1,1,01,A01
200700051432,0,10,000,00,2,1,01,A01
200700051432,0,33,000,00,2,1,00,B01
200700051433,0,33,000,00,1,1,00,A01
200700051434,0,07,000,00,2,0,00,A01
200700051434,0,07,000,00,2,0,00,B01
200700051435,0,07,000,00,2,1,00,B01
200700051435,0,07,000,00,2,1,00,A01
200700051436,0,30,000,00,2,3,10,A01
200700051436,0,31,000,00,2,3,01,B01
200700051437,0,07,000,00,2,7,00,B01
200700051437,0,32,000,00,2,1,00,A01
200700051438,0,07,000,00,1,2,01,A01
200700051439,0,07,000,08,0,1,13,A01
200700051440,0,31,000,16,0,1,01,A01
200700051441,1,33,000,00,1,1,01,A01
200700051442,0,30,000,16,0,8,01,A01
200700051443,0,37,000,00,1,2,01,A01
200700051444,0,07,000,14,0,1,01,A01
200700051444,1,07,000,00,0,0,00,B01
200700051445,0,07,000,00,2,1,01,A01
200700051445,0,07,000,00,2,4,01,B01
200700051446,0,07,000,15,0,3,01,A01
200700051447,0,07,000,00,2,3,01,B01
200700051447,0,07,000,00,2,3,01,C01
200700051447,0,07,000,00,2,1,01,A01
200700051448,0,07,000,12,2,2,13,A01
200700051448,0,07,000,00,2,3,01,B01
200700051449,0,30,000,02,0,1,01,A01
200700051450,0,30,000,00,2,7,17,A01
200700051450,0,07,000,00,2,3,15,B01
200700051451,0,07,000,00,2,5,01,A01
200700051451,0,07,000,00,2,1,01,B01
200700051452,1,32,000,00,1,0,01,A01
200700051453,0,07,000,00,1,7,01,A01
200700051454,1,07,000,00,0,2,15,A01
200700051454,0,31,000,00,2,1,01,B01
200700051455,0,01,000,00,2,1,02,A01
200700051455,0,07,000,00,0,4,02,B01
200700051456,0,07,000,00,0,3,01,A01
200700051456,0,01,000,00,2,1,01,B01
200700051457,0,07,000,00,1,2,01,A01
200700051458,0,07,000,09,0,9,13,A01
200700051459,0,07,000,00,1,2,01,A01
200700051460,0,01,000,00,2,1,05,A01
200700051460,0,07,000,00,2,2,01,B01
200700051461,0,07,000,00,2,1,17,A01
200700051461,0,33,000,00,2,6,15,B01
200700051462,0,07,000,08,0,6,11,A01
200700051463,0,07,000,00,2,1,01,A01
200700051463,0,07,000,00,2,4,01,B01
200700051464,0,07,000,00,2,8,01,A01
200700051464,0,30,000,00,2,2,15,B01
200700051465,0,07,000,00,1,2,15,A01
200700051466,0,07,000,09,0,1,01,A01
200700051467,0,33,000,00,0,2,01,A01
200700051468,0,02,000,00,0,7,01,A01
200700051469,0,31,000,00,2,1,01,B01
200700051469,0,07,000,00,2,3,10,A01
200700051470,0,07,000,00,2,1,01,A01
200700051470,0,07,000,00,2,4,01,B01
200700051471,0,07,000,01,0,1,01,A01
200700051472,0,14,000,00,2,8,10,A01
200700051472,0,02,000,00,2,1,01,B01
200700051473,0,07,000,00,2,1,14,A01
200700051473,0,07,000,00,2,6,23,B01
200700051473,0,07,000,00,2,3,23,C01
200700051474,0,01,000,00,2,1,05,A01
200700051474,0,10,000,00,2,1,01,B01
200700051475,0,07,000,00,2,2,09,A01
200700051475,0,33,000,00,2,1,01,B01
200700051476,0,07,000,00,2,7,01,A01
200700051476,0,32,000,00,2,1,01,B01
200700051477,0,07,000,00,2,1,02,A01
200700051477,0,07,000,00,2,4,02,B01
200700051478,0,07,000,00,2,1,02,A01
200700051478,0,07,000,00,2,4,02,B01
200700051479,0,07,000,00,2,8,09,B01
200700051479,0,07,000,00,2,8,15,A01
200700051480,0,07,000,00,2,1,02,A01
200700051480,0,07,000,00,2,1,02,B01
200700051480,0,07,000,00,2,4,02,C01
200700051480,0,07,000,01,0,0,02,D01
200700051481,0,33,000,00,2,3,01,A01
200700051481,0,07,000,00,2,2,01,B01
200700051482,0,32,000,00,2,3,01,A01
200700051482,0,07,000,00,2,2,02,B01
200700051483,0,07,000,00,2,3,02,A01
200700051483,0,32,000,00,0,5,02,B01
200700051484,0,07,000,00,2,3,01,A01
200700051484,0,02,000,00,2,3,01,B01
200700051485,0,31,000,00,2,3,01,A01
200700051485,0,07,000,00,2,1,01,B01
200700051486,0,02,000,00,2,8,01,A01
200700051486,1,07,000,00,2,2,00,B01
200700051487,0,07,000,00,2,7,15,A01
200700051487,0,02,000,00,2,1,01,B01
200700051488,0,07,000,00,2,3,15,A01
200700051488,0,02,000,00,2,7,17,B01
200700051489,0,07,000,00,0,9,01,A01
200700051490,0,07,000,00,1,1,01,A01
200700051491,0,07,000,00,2,1,01,A01
200700051491,0,07,000,00,2,4,01,B01
200700051492,0,07,000,00,1,1,01,A01
200700051493,0,07,000,00,2,2,09,A01
200700051493,0,02,000,00,2,3,01,B01
200700051494,0,07,000,00,2,3,15,A01
200700051494,0,32,000,00,2,2,01,B01
200700051495,0,07,000,00,2,5,15,A01
200700051495,0,33,000,00,2,8,01,B01
200700051496,0,07,000,00,2,8,11,A01
200700051496,0,07,000,00,2,7,01,B01
200700051497,0,07,000,00,2,3,13,A01
200700051497,0,31,000,00,2,2,01,B01
200700051497,0,07,000,00,0,3,24,C01
200700051498,0,07,000,00,2,1,15,A01
200700051498,0,31,000,00,2,3,01,B01
200700051499,0,10,000,00,1,1,16,A01
200700051500,0,07,000,00,2,3,01,B01
200700051500,0,02,000,00,2,1,01,A01
200700051501,0,32,000,00,0,8,01,A01
200700051502,0,33,000,12,0,1,13,A01
200700051503,0,07,000,02,0,8,00,A01
200700051504,0,10,000,04,2,2,14,A01
200700051504,0,10,000,00,2,1,01,B01
200700051504,0,17,000,00,0,3,21,C01
200700051505,0,16,000,03,0,2,02,A01
200700051506,0,07,000,00,0,8,11,A01
200700051506,0,31,000,00,2,1,03,B01
200700051507,0,36,000,07,0,0,01,A01
200700051508,0,10,000,00,2,1,01,B01
200700051508,0,07,000,00,2,3,13,A01
200700051509,0,07,000,16,0,9,21,A01
200700051510,0,33,000,00,0,7,14,A01
200700051511,0,07,000,06,0,9,00,A01
200700051512,0,07,000,04,2,3,02,A01
200700051512,0,07,000,00,0,6,02,B01
200700051513,0,07,000,05,0,1,02,A01
200700051514,0,07,000,00,2,3,11,A01
200700051514,0,15,000,00,2,7,12,B01
200700051515,0,07,000,00,0,4,00,A01
200700051515,0,07,000,00,2,1,02,B01
200700051516,0,07,000,03,0,3,00,A01
200700051517,0,07,000,15,0,1,11,A01
200700051518,0,07,000,00,0,1,01,A01
200700051518,0,07,000,04,0,6,09,B01
200700051519,0,07,000,00,0,0,00,A01
200700051520,0,07,000,04,0,1,11,A01
200700051521,0,07,000,07,2,8,01,A01
200700051521,0,07,000,03,2,2,14,B01
200700051522,0,07,000,00,2,1,02,A01
200700051522,0,07,000,00,2,4,02,B01
200700051522,0,07,000,00,2,4,02,C01
200700051523,0,07,000,00,2,1,02,A01
200700051523,0,07,000,00,2,4,02,B01
200700051523,0,07,000,00,2,4,02,C01
200700051524,0,07,000,04,0,4,11,A01
200700051524,0,07,000,03,2,3,02,B01
200700051524,0,07,000,04,2,1,02,C01
200700051525,0,07,000,04,0,1,00,A01
200700051526,0,14,000,00,2,2,12,A01
200700051526,0,07,000,00,0,6,01,B01
200700051526,0,32,000,00,2,1,01,C01
200700051526,0,07,000,00,0,3,01,D01
200700051527,0,34,000,00,2,8,00,A01
200700051527,0,07,000,00,2,7,01,B01
200700051528,0,33,000,00,2,7,01,A01
200700051528,0,07,000,00,2,8,11,B01
200700051529,0,17,000,00,2,1,21,A01
200700051529,0,15,000,00,2,4,23,F01
200700051529,0,07,000,00,2,4,23,B01
200700051529,0,07,000,00,2,4,23,C01
200700051529,0,07,000,00,2,4,23,D01
200700051529,0,07,000,00,2,4,23,E01
200700051530,0,07,000,00,2,7,12,A01
200700051530,0,33,000,00,2,1,03,B01
200700051531,0,07,000,00,2,6,00,C01
200700051531,0,33,000,04,2,1,03,B01
200700051531,0,07,000,00,2,3,11,A01
200700051532,0,07,000,04,0,1,00,A01
200700051533,0,07,000,00,2,6,09,A01
200700051533,0,15,000,00,0,2,21,B01
200700051534,0,07,000,00,2,1,00,A01
200700051534,0,15,000,00,0,4,00,B01
200700051535,0,07,000,00,2,2,01,B01
200700051535,0,15,000,00,0,6,01,A01
200700051536,0,07,000,00,0,9,02,A01
200700051537,0,07,000,00,0,3,01,A01
200700051538,0,07,000,00,2,1,02,B01
200700051538,0,07,000,03,2,3,00,A01
200700051539,0,07,000,04,0,9,00,A01
200700051540,0,10,000,03,0,1,15,A01
200700051541,0,07,000,04,0,6,21,A01
200700051542,0,07,000,00,0,1,01,A01
200700051543,0,07,000,00,0,8,01,A01
200700051544,0,17,000,03,0,3,00,A01
200700051545,0,33,000,00,0,7,00,A01
200700051546,0,07,000,00,0,9,02,A01
200700051547,0,07,000,04,0,2,00,A01
200700051548,0,07,000,04,0,3,00,A01
200700051549,0,07,000,00,2,1,01,B01
200700051549,0,07,000,00,0,4,01,A01
200700051550,0,10,000,03,0,1,00,A01
200700051551,0,07,000,04,0,1,00,A01
200700051552,0,07,000,03,0,3,17,A01
200700051553,0,07,000,03,0,2,01,A01
200700051554,0,07,000,00,2,1,00,A01
200700051554,0,13,000,00,2,4,00,B01
200700051554,0,07,000,00,0,4,00,C01
200700051555,0,07,000,03,0,1,01,A01
200700051556,0,07,000,03,0,6,02,B01
200700051556,0,15,000,00,2,2,01,A01
200700051557,0,07,000,00,2,6,00,B01
200700051557,0,07,000,00,2,2,00,A01
200700051558,0,07,000,04,0,1,13,A01
200700051559,0,07,000,04,0,2,01,A01
200700051559,0,07,000,00,2,1,01,B01
200700051560,0,07,000,03,0,2,00,A01
200700051561,0,07,000,04,0,1,01,A01
200700051562,0,07,000,00,2,8,11,B01
200700051562,0,07,000,00,2,7,02,A01
200700051563,0,07,000,00,2,4,02,B01
200700051563,0,07,000,03,2,1,02,A01
200700051564,0,07,000,04,0,1,01,A01
200700051565,0,07,000,04,0,2,02,A01
200700051566,0,07,000,00,0,7,01,A01
200700051566,0,07,000,00,2,3,01,B01
200700051567,0,07,000,00,0,8,21,B01
200700051567,0,07,000,00,0,8,01,A01
200700051568,2,07,000,00,2,2,13,B01
200700051568,0,07,000,00,0,5,23,A01
200700051569,0,07,000,00,2,6,02,B01
200700051569,0,15,000,00,2,1,02,A01
200700051570,0,07,000,00,0,4,00,B01
200700051570,0,07,000,00,2,1,01,A01
200700051571,0,07,000,04,0,2,14,A01
200700051572,0,07,000,04,0,3,01,A01
200700051573,0,07,000,00,2,0,00,B01
200700051573,0,07,000,00,2,0,00,A01
200700051574,0,07,000,00,0,1,01,A01
200700051575,0,07,000,00,0,3,01,A01
200700051576,0,07,000,04,0,1,01,A01
200700051577,0,07,000,00,0,1,01,A01
200700051578,0,07,000,00,0,3,11,A01
200700051579,0,07,000,04,0,3,01,A01
200700051580,0,07,000,00,0,9,11,A01
200700051581,0,07,000,04,0,1,01,A01
200700051582,0,33,000,00,0,8,09,A01
200700051583,0,07,000,00,0,6,11,B01
200700051583,0,30,000,00,2,1,03,A01
200700051584,0,07,000,00,0,3,01,A01
200700051585,0,15,000,00,2,6,02,B01
200700051585,0,07,000,00,2,6,11,A01
200700051586,0,07,000,03,0,2,01,A01
200700051587,0,07,000,00,0,1,00,A01
200700051588,0,07,000,00,2,9,01,B01
200700051588,0,15,000,00,2,2,12,A01
200700051589,0,07,000,04,0,1,01,A01
200700051590,0,07,000,03,0,2,00,A01
200700051591,0,07,000,00,0,0,12,B01
200700051591,0,07,000,00,2,0,12,A01
200700051592,0,10,000,00,0,3,01,A01
200700051593,0,15,000,00,0,5,00,C01
200700051593,0,10,000,00,9,2,00,B01
200700051593,0,10,000,00,9,1,00,A01
200700051594,0,33,000,04,2,7,02,C01
200700051594,0,07,000,04,2,8,02,B01
200700051594,0,07,000,04,0,1,01,A01
200700051595,0,07,000,01,0,3,02,B01
200700051595,0,07,000,04,0,1,00,A01
200700051596,0,07,000,04,0,1,01,A01
200700051597,0,07,000,00,0,2,00,A01
200700051598,0,07,000,03,0,1,01,A01
200700051599,0,07,000,04,0,2,00,A01
200700051600,0,07,000,00,0,1,01,A01
200700051601,0,07,000,04,0,1,00,A01
200700051602,0,07,000,03,0,1,00,A01
200700051603,0,07,000,00,0,2,00,A01
200700051604,0,07,000,00,2,4,00,B01
200700051604,0,07,000,00,2,1,00,A01
200700051605,0,07,000,04,0,9,00,A01
200700051606,0,07,000,04,0,1,00,A01
200700051607,0,33,000,00,0,7,01,A01
200700051607,0,07,000,00,2,6,02,B01
200700051608,0,07,000,04,0,1,00,A01
200700051609,0,07,000,04,0,1,00,A01
200700051610,0,07,000,00,2,3,01,A01
200700051610,0,07,000,00,2,5,14,B01
200700051611,1,07,000,00,0,0,00,C01
200700051611,0,07,000,00,2,5,00,B01
200700051611,0,07,000,00,2,6,00,A01
200700051612,0,10,000,00,2,1,02,A01
200700051613,0,33,000,00,0,5,01,A01
200700051613,1,14,000,00,2,1,01,B01
200700051614,0,07,000,03,0,1,00,A01
200700051615,0,10,000,00,2,1,01,A01
200700051615,0,07,000,00,0,4,02,B01
200700051616,0,33,000,00,0,8,01,A01
200700051617,0,07,000,00,0,4,02,B01
200700051617,0,07,000,00,2,1,02,A01
200700051618,0,07,000,10,2,5,01,B01
200700051618,0,07,000,10,2,3,13,A01
200700051619,0,10,000,13,0,2,01,A01
200700051620,0,07,000,00,0,0,00,A01
200700051621,0,07,000,00,2,1,01,A01
200700051621,0,33,000,00,0,3,02,B01
200700051622,0,07,000,00,0,1,01,A01
200700051623,0,07,000,04,0,3,00,A01
200700051624,0,10,000,04,0,2,02,A01
200700051625,0,33,000,00,2,1,00,B01
200700051625,0,07,000,00,2,4,01,A01
200700051626,0,07,000,00,2,8,11,A01
200700051626,0,32,000,00,2,7,01,B01
200700051627,0,07,000,00,0,1,02,A01
200700051628,0,07,000,00,0,4,02,A01
200700051628,0,07,000,00,2,1,02,B01
200700051629,0,33,000,00,2,8,01,B01
200700051629,0,07,000,00,2,2,12,A01
200700051630,0,07,000,00,0,6,02,B01
200700051630,0,17,000,00,2,2,12,A01
200700051631,0,32,000,00,2,1,02,B01
200700051631,0,10,000,00,0,4,02,A01
200700051632,0,33,000,00,0,0,01,A01
200700051633,0,07,000,00,6,9,02,A01
200700051634,0,32,000,00,0,8,01,A01
200700051635,0,07,000,00,0,6,01,A01
200700051635,0,07,000,00,2,2,01,B01
200700051636,0,07,000,00,2,1,02,D01
200700051636,0,07,000,00,2,4,02,C01
200700051636,0,07,000,00,2,1,02,B01
200700051636,0,07,000,03,2,4,02,A01
200700051637,0,07,000,00,2,1,01,B01
200700051637,0,07,000,00,2,1,00,A01
200700051638,0,07,000,04,2,4,02,A01
200700051638,0,07,000,00,2,1,02,B01
200700051639,0,15,000,04,0,6,01,A01
200700051640,0,07,000,03,0,2,01,A01
200700051641,0,07,000,00,2,3,02,B01
200700051641,0,07,000,00,2,1,00,A01
200700051642,0,33,000,00,0,7,02,A01
200700051643,0,14,000,06,0,9,02,A01
200700051644,0,07,000,03,0,9,01,A01
200700051645,0,33,000,00,2,3,01,B01
200700051645,0,07,000,00,2,2,12,A01
200700051646,0,10,000,00,2,1,01,A01
200700051646,0,07,000,01,0,4,04,B01
200700051647,0,07,000,10,6,3,21,A01
200700051648,0,33,000,00,0,7,02,B01
200700051648,0,07,000,00,2,8,02,A01
200700051649,0,15,000,00,0,1,12,B01
200700051649,0,07,000,00,0,8,01,A01
200700051650,0,10,000,00,2,1,02,B01
200700051650,0,07,000,00,0,4,01,A01
200700051651,1,07,000,00,0,0,03,A01
200700051651,0,07,000,00,2,1,02,B01
200700051651,0,07,000,00,2,4,02,C01
200700051652,0,33,000,00,0,8,03,A01
200700051653,0,07,000,00,0,0,01,A01
200700051654,0,07,000,00,0,1,01,A01
200700051655,0,07,000,00,2,0,21,D01
200700051655,0,07,000,00,2,0,21,C01
200700051655,0,07,000,00,2,0,21,E01
200700051655,0,07,000,00,2,0,21,B01
200700051655,0,07,000,00,2,3,21,A01
200700051656,0,10,000,00,0,0,02,A01
200700051657,0,07,000,04,0,2,01,A01
200700051658,0,07,000,05,0,2,21,A01
200700051659,0,07,000,00,2,4,02,A01
200700051659,0,15,000,00,2,2,11,B01
200700051660,0,07,000,00,2,1,14,B01
200700051660,0,07,000,03,0,6,01,A01
200700051661,0,07,000,04,0,5,05,A01
200700051662,0,07,000,00,2,4,01,A01
200700051662,0,07,000,00,2,1,02,B01
200700051663,0,07,000,04,0,2,01,A01
200700051664,0,07,000,00,0,3,01,B01
200700051664,0,07,000,03,2,2,21,A01
200700051665,0,33,000,03,0,0,02,A01
200700051666,0,07,000,00,2,1,01,B01
200700051666,0,07,000,00,2,8,11,A01
200700051667,0,07,000,05,9,9,21,A01
200700051668,0,10,000,04,0,9,00,A01
200700051669,0,10,000,00,2,1,02,B01
200700051669,0,10,000,00,2,6,02,A01
200700051670,0,07,000,00,2,3,01,D01
200700051670,0,07,000,00,0,4,01,C01
200700051670,0,07,000,00,2,4,01,E01
200700051670,0,07,000,00,2,3,01,B01
200700051670,0,07,000,04,0,1,01,A01
200700051671,0,07,000,00,0,1,00,A01
200700051672,0,10,000,04,0,1,01,A01
200700051673,0,33,000,00,0,7,00,A01
200700051674,0,07,000,03,0,7,00,A01
200700051675,0,10,000,00,0,6,02,A01
200700051675,0,33,000,00,0,1,02,B01
200700051676,0,07,000,13,0,9,00,A01
200700051677,0,10,000,00,2,1,02,B01
200700051677,0,07,000,00,0,4,02,A01
200700051677,0,07,000,00,2,1,02,C01
200700051678,0,07,000,06,0,8,11,A01
200700051679,0,10,000,03,0,1,11,A01
200700051680,0,15,000,14,0,2,02,A01
200700051681,0,07,000,03,0,0,00,A01
200700051682,0,32,000,00,2,1,01,D01
200700051682,0,07,000,00,0,5,21,B01
200700051682,0,07,000,00,0,4,23,A01
200700051682,0,07,000,00,2,3,21,C01
200700051683,0,32,000,00,0,1,02,B01
200700051683,0,07,000,00,0,4,02,A01
200700051684,0,07,000,00,2,7,02,C01
200700051684,0,31,000,14,0,1,03,B01
200700051684,0,07,000,00,0,3,02,A01
200700051685,0,07,000,13,0,1,21,A01
200700051686,0,07,000,00,2,8,10,B01
200700051686,0,33,000,00,2,1,17,A01
200700051687,0,07,000,00,2,7,01,B01
200700051687,0,07,000,00,2,1,15,A01
200700051688,0,07,000,00,2,1,01,A01
200700051688,0,07,000,00,2,1,01,B01
200700051689,0,32,000,00,0,7,13,A01
200700051689,0,07,000,00,2,3,01,B01
200700051690,0,32,000,00,2,1,02,A01
200700051690,0,32,000,00,2,4,02,B01
200700051691,0,32,000,00,2,1,06,A01
200700051691,0,07,000,00,2,0,01,B01
200700051692,0,07,000,00,2,1,02,A01
200700051692,0,07,000,00,2,1,02,B01
200700051692,0,07,000,00,2,4,02,C01
200700051692,0,07,000,00,2,4,02,D01
200700051693,0,07,000,00,2,1,09,A01
200700051693,0,07,000,00,2,1,01,B01
200700051694,0,07,000,13,0,0,01,A01
200700051695,0,10,000,00,2,2,02,A01
200700051695,0,07,000,00,2,4,02,B01
200700051696,0,32,000,00,2,7,13,A01
200700051696,0,07,000,00,2,8,01,B01
200700051697,0,07,000,00,1,0,01,A01
200700051698,0,30,000,00,2,1,15,A01
200700051698,0,07,000,00,2,2,01,B01
200700051699,0,33,000,07,0,0,01,A01
200700051700,0,07,000,06,0,1,01,A01
200700051701,0,07,000,00,2,0,02,A01
200700051701,0,07,000,00,2,4,02,B01
200700051702,0,07,000,06,0,0,01,A01
200700051703,0,07,000,00,9,3,22,A01
200700051703,0,99,000,00,2,7,01,B01
200700051704,0,31,000,00,2,4,01,A01
200700051705,0,07,000,00,2,2,01,A01
200700051705,0,07,000,00,2,0,13,B01
200700051706,0,30,000,00,2,8,01,A01
200700051706,0,07,000,00,2,2,01,B01
200700051707,0,33,000,00,0,8,01,A01
200700051708,0,13,000,00,2,1,02,A01
200700051708,0,07,000,00,2,4,02,B01
200700051708,0,07,000,00,2,1,02,C01
200700051709,0,07,000,00,1,0,01,A01
200700051710,0,07,000,00,1,0,01,A01
200700051711,0,07,000,00,2,0,01,A01
200700051711,0,33,000,00,2,0,17,B01
200700051711,0,07,000,00,2,4,01,C01
200700051712,0,07,000,00,2,7,15,B01
200700051712,0,33,000,00,2,3,01,A01
200700051713,0,30,000,11,0,3,00,A01
200700051714,1,07,000,00,0,0,00,A01
200700051715,0,10,000,00,1,4,04,A01
200700051716,0,07,000,01,2,9,01,A01
200700051717,0,07,000,00,2,1,05,A01
200700051717,0,07,000,00,2,1,02,B01
200700051718,0,07,000,00,0,0,00,A01
200700051718,0,07,000,00,0,0,00,B01
200700051719,0,14,000,03,0,0,00,A01
200700051720,0,07,000,00,0,0,00,A01
200700051720,0,07,000,00,0,0,00,B01
200700051721,0,17,000,03,0,0,00,A01
200700051722,0,07,000,00,0,9,18,A01
200700051723,0,07,000,00,0,0,00,A01
200700051723,0,07,000,00,0,0,00,B01
200700051724,0,07,000,00,0,0,00,A01
200700051725,0,07,000,03,0,0,13,A01
200700051726,0,07,000,00,0,0,00,A01
200700051727,1,07,000,00,0,0,09,A01
200700051727,0,07,000,00,0,4,02,B01
200700051727,0,07,000,00,0,1,02,C01
200700051728,0,37,045,03,0,1,00,A01
200700051729,0,07,000,04,0,0,00,A01
200700051730,0,15,000,00,0,1,00,A01
200700051730,0,14,000,00,0,4,00,B01
200700051731,0,07,000,03,0,0,17,A01
200700051731,0,37,001,00,0,0,01,B01
200700051732,0,07,000,03,0,0,00,A01
200700051733,0,07,000,04,0,9,01,A01
200700051734,0,07,000,04,0,9,00,A01
200700051735,0,07,000,00,0,1,01,A01
200700051736,0,07,000,00,0,1,02,A01
200700051736,0,07,000,00,0,0,02,B01
200700051737,0,07,000,03,0,1,14,A01
200700051738,0,07,000,03,0,1,14,A01
200700051739,0,33,000,00,0,0,00,A01
200700051739,0,07,000,00,0,0,00,B01
200700051740,0,10,000,00,0,0,00,A01
200700051740,0,33,000,14,0,1,02,B01
200700051741,0,17,000,00,0,2,12,A01
200700051741,0,07,000,00,0,8,01,B01
200700051742,0,07,000,00,0,1,02,A01
200700051742,0,10,000,00,0,4,02,B01
200700051742,0,07,000,00,0,4,02,C01
200700051743,0,07,000,04,0,0,00,A01
200700051744,0,10,000,00,0,2,17,A01
200700051744,0,07,000,00,0,6,03,B01
200700051745,0,07,000,03,0,1,14,A01
200700051746,0,07,000,00,0,9,14,A01
200700051747,0,07,000,03,0,1,13,A01
200700051748,0,07,000,00,2,1,13,A01
200700051748,0,10,000,00,0,7,01,B01
200700051749,0,14,000,00,0,2,12,A01
200700051749,0,07,000,00,0,7,01,B01
200700051750,0,33,000,00,0,0,01,A01
200700051750,0,33,000,00,0,0,01,B01
200700051751,0,15,000,03,0,1,00,A01
200700051752,0,17,000,00,0,0,01,A01
200700051752,0,07,000,00,0,1,00,B01
200700051753,0,07,000,00,2,1,01,A01
200700051753,0,07,000,00,0,4,02,B01
200700051754,0,07,000,00,2,1,01,A01
200700051754,0,07,000,00,0,4,02,B01
200700051755,0,07,000,00,2,1,02,A01
200700051755,0,07,000,00,0,4,01,B01
200700051756,0,07,000,00,2,1,01,A01
200700051756,0,16,000,00,0,4,02,B01
200700051757,0,07,000,03,0,1,14,A01
200700051758,0,07,000,03,0,1,14,A01
200700051759,0,07,000,03,2,1,19,A01
200700051759,0,07,000,00,0,4,02,B01
200700051760,0,07,000,00,1,1,01,A01
200700051761,0,07,000,04,0,1,17,A01
200700051762,0,07,000,00,2,1,14,A01
200700051762,0,10,000,00,2,4,02,B01
200700051762,0,07,000,00,2,4,02,C01
200700051763,0,10,000,03,0,1,01,A01
200700051764,0,07,000,03,0,3,13,A01
200700051765,0,10,000,00,0,0,01,A01
200700051765,0,07,000,04,0,1,14,B01
200700051765,0,07,000,00,2,1,01,C01
200700051766,0,15,000,00,2,1,01,A01
200700051766,0,10,000,00,2,4,01,B01
200700051766,0,07,000,00,2,0,00,C01
200700051766,0,07,000,00,0,0,00,D01
200700051767,0,17,000,01,0,1,01,A01
200700051767,0,10,000,00,2,4,24,B01
200700051767,0,17,000,00,2,4,24,C01
200700051768,0,07,000,04,2,4,00,A01
200700051768,1,15,000,00,2,1,11,B01
200700051769,0,07,000,00,2,1,12,A01
200700051769,0,17,000,00,2,4,01,B01
200700051770,0,07,000,00,0,0,13,A01
200700051770,0,07,000,00,0,9,01,B01
200700051771,0,01,000,00,2,3,01,A01
200700051771,0,37,000,00,2,2,01,B01
200700051772,0,07,000,00,2,1,05,A01
200700051772,0,37,050,00,2,7,01,B01
200700051773,0,07,000,00,2,2,01,A01
200700051773,0,07,000,00,2,6,01,B01
200700051774,0,07,000,00,1,2,01,A01
200700051775,0,02,000,00,2,1,01,A01
200700051775,0,07,000,00,2,3,01,B01
200700051776,0,07,000,12,0,1,13,A01
200700051777,0,07,000,00,1,4,04,A01
200700051778,0,07,000,00,2,2,15,A01
200700051778,0,07,000,00,2,1,01,B01
200700051779,0,03,000,00,2,1,01,A01
200700051779,0,07,000,00,2,4,01,B01
200700051780,0,07,000,00,2,1,02,A01
200700051780,0,07,000,08,2,4,02,B01
200700051781,0,07,000,00,2,1,01,A01
200700051781,0,07,000,00,2,4,01,B01
200700051781,0,07,000,00,2,4,02,C01
200700051781,0,07,000,00,2,4,02,D01
200700051782,0,01,000,00,2,1,02,A01
200700051782,0,07,000,00,2,4,02,B01
200700051783,0,07,000,00,9,2,16,A01
200700051783,0,01,000,00,2,1,07,B01
200700051784,0,07,000,00,2,3,20,A01
200700051784,0,33,000,01,2,7,01,B01
200700051785,0,40,000,00,1,3,01,A01
200700051786,0,30,000,00,2,1,02,A01
200700051786,0,07,000,00,0,4,02,B01
200700051787,0,07,000,00,2,1,13,A01
200700051787,0,33,000,00,0,1,01,B01
200700051788,0,07,000,04,0,1,02,A01
200700051789,0,07,000,00,2,2,02,A01
200700051789,0,07,000,00,0,6,02,B01
200700051790,0,07,000,00,2,1,09,A01
200700051790,0,07,000,00,0,4,02,B01
200700051791,0,07,000,00,2,1,02,A01
200700051791,0,10,000,00,0,4,02,B01
200700051792,0,17,000,00,2,2,12,A01
200700051792,0,07,000,00,2,6,02,B01
200700051792,0,07,000,00,0,7,02,C01
200700051793,0,05,000,00,2,1,02,A01
200700051793,0,07,000,00,0,5,02,B01
200700051794,0,07,000,00,2,2,14,A01
200700051794,0,07,000,00,0,2,02,B01
200700051795,1,07,000,00,2,2,02,A01
200700051795,0,07,000,05,0,6,02,B01
200700051796,0,07,000,04,0,3,02,A01
200700051797,0,07,000,03,0,8,02,A01
200700051798,0,07,000,04,0,1,02,A01
200700051799,0,07,000,04,0,3,02,A01
200700051800,0,07,000,04,0,1,02,A01
200700051801,0,07,000,04,0,2,02,A01
200700051802,0,07,000,04,0,0,02,A01
200700051803,0,07,000,04,0,1,02,A01
200700051804,0,07,000,04,0,1,02,A01
200700051805,0,05,000,00,0,8,02,A01
200700051806,0,07,000,04,0,1,02,A01
200700051807,0,05,000,00,0,8,02,A01
200700051808,0,07,000,04,0,2,02,A01
200700051809,0,07,000,04,0,1,02,A01
200700051810,0,07,000,00,0,0,02,A01
200700051811,0,07,000,00,0,4,02,A01
200700051812,0,07,000,04,0,1,02,A01
200700051813,0,07,000,00,2,1,02,A01
200700051813,0,07,000,00,2,4,02,B01
200700051813,0,07,000,00,0,4,02,C01
200700051814,0,07,000,04,0,1,02,A01