Num_Acc,senc,catv,occutc,obs,obsm,choc,manv,num_veh
200700051815,0,07,000,00,2,1,02,A01
200700051815,0,07,000,00,2,4,02,B01
200700051815,0,07,000,00,0,4,02,C01
200700051816,0,07,000,00,2,1,02,A01
200700051816,0,17,000,00,0,4,02,B01
200700051817,0,07,000,00,1,1,01,A01
200700051818,0,07,000,03,0,3,01,B01
200700051818,0,07,000,00,2,7,12,A01
200700051819,0,07,000,00,2,3,02,C01
200700051819,0,17,000,00,2,2,12,B01
200700051819,0,07,000,03,0,3,01,A01
200700051820,0,07,000,04,0,8,01,B01
200700051820,0,17,000,00,2,2,12,A01
200700051821,0,10,000,00,0,4,02,B01
200700051821,0,07,000,00,2,1,02,A01
200700051822,0,07,000,03,2,6,23,B01
200700051822,0,07,000,01,9,6,14,A01
200700051823,0,15,000,03,2,1,21,A01
200700051823,0,15,000,00,0,6,01,B01
200700051824,0,07,000,13,0,1,14,A01
200700051825,0,07,000,00,2,3,13,A01
200700051825,0,07,000,00,0,7,01,B01
200700051826,0,10,000,00,2,1,15,A01
200700051826,0,33,000,08,2,1,21,B01
200700051827,0,02,000,00,1,1,15,A01
200700051828,0,07,000,00,2,2,01,A01
200700051828,0,07,000,00,2,3,01,B01
200700051829,0,07,000,00,2,1,01,B01
200700051829,0,07,000,00,2,7,01,A01
200700051830,0,07,000,00,2,1,15,A01
200700051830,0,07,000,00,2,3,01,B01
200700051831,0,07,000,00,1,1,15,A01
200700051832,0,33,000,00,1,7,01,A01
200700051833,0,07,000,00,2,2,15,A01
200700051833,0,07,000,00,2,1,01,B01
200700051834,0,14,000,00,2,1,01,B01
200700051834,0,07,000,00,2,3,01,A01
200700051835,0,07,000,00,2,1,02,A01
200700051835,0,10,000,00,2,1,02,B01
200700051836,0,01,000,00,2,4,15,A01
200700051836,0,07,000,00,2,3,01,B01
200700051837,0,07,000,00,2,0,01,A01
200700051837,0,07,000,00,2,1,15,B01
200700051838,0,33,000,04,2,2,02,A01
200700051838,0,07,000,00,0,8,02,B01
200700051839,0,33,000,00,0,7,12,A01
200700051839,0,15,000,00,0,6,01,B01
200700051840,0,07,000,00,2,1,02,A01
200700051840,0,07,000,00,2,4,02,B01
200700051840,0,07,000,00,2,4,02,C01
200700051841,0,07,000,03,0,2,14,A01
200700051842,0,07,000,04,0,3,00,A01
200700051843,0,07,000,00,2,1,01,A01
200700051843,0,10,000,00,2,4,01,B01
200700051843,1,07,000,00,0,0,01,C01
200700051844,0,15,000,00,2,3,13,A01
200700051844,0,07,000,04,2,7,02,B01
200700051844,0,07,000,00,2,1,02,C01
200700051844,0,07,000,00,2,4,02,D01
200700051844,0,07,000,00,2,4,02,E02
200700051845,0,10,000,00,2,1,02,A01
200700051845,0,17,000,00,2,4,02,B01
200700051846,0,07,000,00,2,2,01,A01
200700051846,0,07,000,00,2,8,01,B01
200700051847,0,07,000,04,0,1,11,A01
200700051848,0,07,000,04,0,3,02,A01
200700051849,0,33,000,00,2,1,02,A01
200700051849,0,33,000,00,0,4,02,B01
200700051850,0,33,000,00,2,2,21,A01
200700051850,0,07,000,00,2,4,02,B01
200700051851,0,07,000,00,2,1,01,A01
200700051851,0,07,000,00,0,4,01,B01
200700051851,0,07,000,00,0,7,01,C01
200700051852,0,10,000,01,0,2,14,A01
200700051852,0,07,000,00,0,6,23,B01
200700051853,0,07,000,00,0,3,09,A01
200700051854,0,15,000,13,0,1,01,A01
200700051855,0,07,000,00,0,7,10,A01
200700051855,0,07,000,00,2,1,21,B01
200700051856,0,07,000,00,2,1,02,A01
200700051856,0,07,000,00,2,4,01,B01
200700051857,0,07,000,00,2,4,23,B01
200700051857,0,07,000,14,0,1,02,A01
200700051858,2,07,000,00,0,1,01,A01
200700051858,0,07,000,00,2,1,01,B01
200700051859,0,07,000,00,2,2,00,A01
200700051859,0,02,000,00,2,7,00,B01
200700051860,0,30,000,00,2,1,01,A01
200700051860,0,07,000,00,2,7,00,B01
200700051861,0,07,000,00,1,1,02,A01
200700051862,0,07,000,13,0,5,02,A01
200700051862,0,07,000,08,0,2,02,B01
200700051863,0,07,000,00,2,7,12,A01
200700051863,0,07,000,03,2,3,01,B01
200700051864,2,10,000,00,0,8,11,A01
200700051864,0,33,000,03,2,1,01,B01
200700051865,0,07,000,03,2,3,11,A01
200700051865,0,07,000,03,0,2,01,B01
200700051866,0,07,000,00,2,1,02,A01
200700051866,0,07,000,00,0,4,02,B01
200700051867,0,07,000,03,0,2,01,A01
200700051868,0,33,000,00,0,8,00,A01
200700051869,0,07,000,03,0,2,01,A01
200700051869,0,07,000,00,2,1,01,B01
200700051870,0,07,000,00,0,8,10,A01
200700051870,0,31,000,00,2,1,01,B01
200700051871,0,07,000,00,2,4,19,A01
200700051871,0,07,000,00,2,1,01,B01
200700051872,0,32,000,00,2,1,01,A01
200700051872,0,07,000,00,0,4,01,B01
200700051872,1,03,000,00,2,0,00,C01
200700051873,0,10,000,03,0,7,01,A01
200700051874,0,07,000,05,0,8,01,A01
200700051875,0,07,000,03,0,1,00,A01
200700051875,0,07,000,00,0,3,00,B01
200700051876,0,07,000,04,0,3,13,A01
200700051877,0,33,000,14,9,1,00,A01
200700051878,0,07,000,00,0,4,02,A01
200700051878,0,07,000,00,2,4,02,B01
200700051878,0,07,000,00,2,4,02,C01
200700051878,0,07,000,00,2,1,02,D01
200700051879,0,07,000,00,0,4,01,A01
200700051879,0,07,000,00,2,4,02,B01
200700051879,0,07,000,00,2,1,02,C01
200700051880,0,07,000,00,0,4,02,A01
200700051880,0,07,000,00,2,4,02,B01
200700051880,0,07,000,00,2,1,02,C01
200700051881,0,07,000,03,0,3,21,A01
200700051882,0,10,000,15,0,9,12,A01
200700051883,0,07,000,00,0,4,01,A01
200700051883,0,07,000,00,2,1,02,B01
200700051884,0,14,000,00,2,4,02,A01
200700051884,0,14,000,00,2,1,02,B01
200700051885,0,07,000,04,0,9,00,A01
200700051886,0,07,000,13,0,7,00,A01
200700051887,0,07,000,00,0,4,02,A01
200700051887,0,07,000,00,0,1,02,B01
200700051888,0,07,000,00,2,4,00,A01
200700051888,0,07,000,00,2,4,02,B01
200700051888,1,99,000,00,0,0,00,C01
200700051889,0,07,000,00,0,6,01,A01
200700051890,0,07,000,03,0,9,21,A01
200700051891,0,07,000,00,0,1,02,A01
200700051891,0,07,000,00,0,4,02,B01
200700051892,0,10,000,00,0,4,02,A01
200700051892,0,10,000,00,2,1,02,B01
200700051893,0,07,000,03,0,1,00,A01
200700051894,0,07,000,04,0,1,02,A01
200700051895,0,07,000,00,0,1,02,A01
200700051896,0,07,000,04,0,2,13,A01
200700051897,0,07,000,03,0,1,02,A01
200700051898,0,07,000,03,0,1,06,A01
200700051899,0,10,000,00,2,1,01,A01
200700051900,0,07,000,00,0,4,02,A01
200700051900,0,07,000,00,2,1,12,B01
200700051901,0,07,000,04,0,1,01,A01
200700051902,0,07,000,00,2,4,01,A01
200700051902,0,17,000,00,2,1,01,B01
200700051903,0,10,000,00,2,4,02,A01
200700051903,0,10,000,00,2,4,02,B01
200700051903,0,10,000,00,2,1,02,C01
200700051904,0,07,000,00,2,6,02,A01
200700051904,0,31,000,00,2,1,02,B01
200700051905,0,07,000,00,0,0,11,A01
200700051905,0,07,000,03,0,8,01,B01
200700051906,0,30,000,00,0,7,01,A01
200700051907,0,10,000,03,0,7,01,A01
200700051908,0,32,000,00,0,0,00,A01
200700051909,0,07,000,16,0,9,02,A01
200700051910,0,07,000,00,0,4,01,A01
200700051910,0,07,000,00,2,4,02,B01
200700051910,0,07,000,00,2,1,02,C01
200700051911,0,07,000,00,0,6,02,A01
200700051911,0,07,000,00,0,5,02,B01
200700051911,0,10,000,00,2,3,13,C01
200700051912,0,07,000,00,0,4,02,A01
200700051912,0,07,000,00,2,1,02,B01
200700051912,0,07,000,00,2,3,14,C01
200700051913,0,14,000,00,0,0,01,A01
200700051913,0,07,000,00,0,2,01,B01
200700051913,0,07,000,00,0,2,01,C01
200700051914,0,13,000,00,0,6,00,A01
200700051914,0,07,000,01,0,2,01,B01
200700051915,0,34,000,00,0,0,21,A01
200700051916,0,07,000,00,0,4,01,A01
200700051916,0,07,000,00,2,4,02,B01
200700051916,0,10,000,00,2,1,02,C01
200700051916,0,07,000,00,2,4,01,D01
200700051916,0,07,000,00,2,2,03,E01
200700051917,0,30,000,00,2,1,02,A01
200700051918,0,31,000,00,0,7,01,A01
200700051919,0,07,000,00,2,1,02,A01
200700051919,0,07,000,00,0,4,02,B01
200700051920,0,10,000,00,9,2,09,A01
200700051920,0,01,000,00,2,7,01,B01
200700051921,0,10,000,01,0,2,24,A01
200700051921,0,01,000,01,0,1,01,B01
200700051922,0,33,000,00,1,1,01,A01
200700051923,0,07,000,00,2,5,02,A01
200700051923,0,32,000,00,2,3,02,B01
200700051924,0,33,000,12,0,2,02,A01
200700051925,0,07,000,00,1,3,15,A01
200700051926,1,99,000,00,0,0,00,A01
200700051926,0,30,000,00,2,8,02,B01
200700051927,0,07,000,00,2,3,01,B01
200700051927,0,33,000,00,2,8,19,A01
200700051928,0,07,000,11,0,3,21,A01
200700051929,0,33,000,00,2,1,02,B01
200700051929,0,07,000,00,2,3,10,A01
200700051930,0,32,000,00,2,3,02,A01
200700051930,0,07,000,00,0,5,23,B01
200700051931,0,07,000,12,0,7,07,A01
200700051931,0,01,000,00,0,3,07,B01
200700051932,0,31,000,00,0,0,02,A01
200700051933,0,33,000,00,2,1,02,A01
200700051933,0,07,000,00,2,5,16,B01
200700051934,0,30,000,00,2,2,02,B01
200700051934,0,07,000,00,9,1,02,A01
200700051935,0,07,000,00,2,2,02,A01
200700051935,0,33,000,00,2,1,01,B01
200700051936,0,01,000,00,0,6,11,A01
200700051936,0,32,000,00,0,2,01,B01
200700051937,0,32,000,00,2,1,02,A01
200700051937,0,07,000,00,0,5,02,B01
200700051938,0,38,030,15,0,7,02,A01
200700051939,0,07,000,00,2,3,02,A01
200700051939,0,33,000,00,0,4,23,B01
200700051940,0,01,000,00,2,3,01,A01
200700051940,0,01,000,00,0,5,02,B01
200700051941,0,37,001,00,0,5,00,A01
200700051942,0,01,000,00,2,1,02,A01
200700051942,0,01,000,00,0,4,02,B01
200700051943,0,30,000,00,0,1,01,B01
200700051943,0,07,000,00,2,2,01,A01
200700051944,0,07,000,00,0,0,14,B01
200700051944,0,01,000,00,0,0,02,A01
200700051945,0,07,000,00,0,4,00,B01
200700051945,0,02,000,00,2,1,00,A01
200700051946,0,07,000,00,0,5,02,B01
200700051946,0,01,000,00,2,1,02,A01
200700051947,0,01,000,00,1,1,01,A01
200700051948,0,37,004,00,0,7,07,A01
200700051948,0,01,000,00,0,0,07,B01
200700051949,0,14,000,06,0,3,02,A01
200700051950,0,32,000,14,0,1,14,A01
200700051951,0,33,000,00,2,1,02,A01
200700051951,0,07,000,00,2,8,00,B01
200700051952,1,30,000,00,0,0,00,A01
200700051953,0,07,000,00,2,6,02,A01
200700051953,1,07,000,01,2,0,12,B01
200700051954,0,10,000,00,1,4,04,A01
200700051955,0,07,000,00,0,6,00,B01
200700051955,0,10,000,00,0,1,01,A01
200700051956,0,30,000,00,1,3,01,A01
200700051957,0,32,000,14,0,7,02,A01
200700051958,0,37,035,00,2,7,02,A01
200700051958,0,01,000,00,2,3,07,B01
200700051959,0,07,000,00,0,6,10,B01
200700051959,0,32,000,00,2,3,17,A01
200700051960,0,34,000,00,0,1,02,B01
200700051960,0,07,000,00,2,4,02,A01
200700051961,0,30,000,00,2,7,14,A01
200700051962,0,07,000,00,0,0,02,A01
200700051963,0,31,000,00,1,0,01,A01
200700051964,0,07,000,00,2,3,01,A01
200700051964,0,31,000,00,2,2,01,B01
200700051965,0,07,000,00,0,8,15,A01
200700051965,0,33,000,00,2,2,01,B01
200700051966,0,07,000,00,0,5,16,A01
200700051967,0,02,000,00,0,8,11,A01
200700051967,0,07,000,00,2,7,01,B01
200700051968,0,34,000,00,2,1,02,A01
200700051968,0,02,000,00,2,3,01,B01
200700051969,0,02,000,00,2,8,19,B01
200700051969,0,37,010,00,2,1,19,A01
200700051970,0,07,000,00,2,5,09,A01
200700051970,0,30,000,00,0,0,00,B01
200700051971,0,07,000,00,9,3,11,A01
200700051971,0,01,000,00,0,5,01,B01
200700051972,0,37,015,00,0,3,02,A01
200700051973,0,07,000,00,0,1,00,A01
200700051973,0,30,000,00,0,1,00,B01
200700051974,0,07,000,09,9,5,01,B01
200700051974,0,07,000,00,2,2,19,A01
200700051975,0,07,000,00,1,2,02,A01
200700051976,0,07,000,00,1,3,01,A01
200700051977,0,07,000,00,1,3,16,A01
200700051978,0,30,000,00,0,0,02,A01
200700051979,0,02,000,12,2,6,00,B01
200700051979,1,07,000,00,0,0,00,A01
200700051980,0,10,000,00,0,2,02,A01
200700051980,0,07,000,00,2,6,02,B01
200700051981,0,07,000,00,1,1,00,A01
200700051982,0,32,000,00,2,7,01,B01
200700051982,0,07,000,00,2,1,01,A01
200700051983,0,07,000,00,2,6,02,B01
200700051983,0,10,000,00,2,2,02,A01
200700051984,0,07,000,00,0,8,10,A01
200700051984,0,31,000,00,2,2,01,B01
200700051985,0,07,000,00,2,1,02,A01
200700051985,0,07,000,00,2,9,02,B01
200700051985,0,07,000,00,0,4,02,C01
200700051986,0,01,000,01,0,1,01,B01
200700051986,0,07,000,01,0,3,22,A01
200700051987,0,07,000,00,2,1,02,A01
200700051987,0,07,000,00,2,4,02,B01
200700051987,0,01,000,00,0,7,19,C01
200700051988,1,07,000,01,0,0,21,A01
200700051989,0,07,000,01,0,6,13,A01
200700051990,0,30,000,00,0,3,18,A01
200700051990,0,13,000,00,0,2,16,B01
200700051991,0,07,000,00,0,2,01,A01
200700051992,0,31,000,00,2,7,17,A01
200700051992,0,07,000,00,2,3,15,B01
200700051993,0,10,000,06,0,1,09,A01
200700051994,0,07,000,00,2,5,09,B01
200700051994,0,31,000,00,2,1,09,A01
200700051995,0,07,000,02,2,1,02,B01
200700051995,2,07,000,00,2,1,00,A01
200700051996,0,07,000,00,2,7,02,A01
200700051996,0,07,000,00,2,1,02,B01
200700051997,0,07,000,01,2,3,22,A01
200700051997,0,32,000,00,2,2,01,B01
200700051998,0,33,000,00,5,1,01,A01
200700051999,0,32,000,00,2,7,00,B01
200700051999,0,07,000,00,2,3,00,A01
200700052000,0,07,000,00,2,3,01,B01
200700052000,0,07,000,00,2,2,01,A01
200700052001,0,32,000,00,1,1,02,A01
200700052002,0,33,000,00,1,3,00,A01
200700052003,0,07,000,00,0,6,00,B01
200700052003,0,32,000,00,2,1,00,A01
200700052004,0,02,000,00,0,8,00,A01
200700052005,0,07,000,00,2,2,00,A01
200700052005,0,07,000,00,0,3,01,B01
200700052006,0,07,000,00,2,2,11,A01
200700052006,0,07,000,01,0,1,01,B01
200700052007,0,07,000,00,0,8,10,A01
200700052007,0,32,000,00,0,1,01,B01
200700052008,0,07,000,00,2,2,00,A01
200700052008,0,33,000,00,2,8,15,B01
200700052009,0,33,000,08,0,7,02,A01
200700052009,0,07,000,00,0,8,15,B01
200700052010,0,31,000,00,2,8,01,A01
200700052011,0,07,000,04,0,1,02,A01
200700052012,0,30,000,00,2,1,02,B01
200700052012,0,07,000,00,2,3,15,A01
200700052013,0,32,000,00,1,2,21,A01
200700052014,0,03,000,00,1,3,01,A01
200700052015,0,07,000,00,0,1,15,A01
200700052016,0,07,000,00,1,2,01,A01
200700052017,0,07,000,08,0,1,02,A01
200700052018,0,31,000,00,2,3,08,A01
200700052018,0,07,000,00,2,2,15,B01
200700052019,0,33,000,00,2,1,01,A01
200700052019,0,07,000,00,2,5,15,B01
200700052020,0,07,000,00,0,3,15,A01
200700052020,0,31,000,00,2,3,19,B01
200700052021,0,31,000,01,0,3,02,A01
200700052022,0,07,000,00,1,3,00,A01
200700052023,0,37,003,00,1,2,01,A01
200700052024,0,07,000,00,0,2,01,A01
200700052024,0,32,000,00,0,6,16,B01
200700052025,0,32,000,00,0,8,01,A01
200700052026,0,07,000,00,0,4,04,A01
200700052027,0,99,000,00,1,3,01,A01
200700052028,0,07,000,00,1,2,00,A01
200700052029,0,01,000,00,0,1,02,A01
200700052030,0,02,000,00,2,1,07,A01
200700052030,0,07,000,00,2,7,16,B01
200700052031,0,31,000,00,1,1,20,A01
200700052032,1,07,000,00,1,0,04,A01
200700052033,0,07,000,00,1,2,16,A01
200700052034,0,30,000,00,0,7,00,A01
200700052035,0,07,000,00,2,8,15,A01
200700052035,0,33,000,00,2,7,01,B01
200700052036,0,02,000,00,0,7,02,A01
200700052037,0,37,002,00,2,2,02,A01
200700052037,0,07,000,00,2,5,07,C01
200700052037,0,10,000,00,2,5,07,B01
200700052038,0,07,000,00,1,4,04,A01
200700052039,0,33,000,00,2,1,01,A01
200700052039,0,07,000,00,2,3,00,B01
200700052040,0,07,000,01,0,1,02,A01
200700052041,0,32,000,01,0,2,01,A01
200700052042,0,30,000,00,0,1,01,A01
200700052042,0,07,000,00,0,2,16,B01
200700052043,0,07,000,00,0,3,12,A01
200700052043,0,07,000,00,0,5,23,B01
200700052044,0,07,000,00,0,3,16,A01
200700052044,0,33,000,00,0,3,02,B01
200700052045,0,37,001,00,2,1,00,A01
200700052045,0,01,000,00,2,1,00,B01
200700052046,0,30,000,00,0,3,14,A01
200700052046,0,14,000,00,0,4,23,B01
200700052047,0,07,000,00,1,2,07,A01
200700052048,0,07,000,09,0,3,03,A01
200700052049,0,01,000,00,2,1,01,A01
200700052049,0,07,000,00,0,6,16,B01
200700052050,0,07,000,00,2,1,02,A01
200700052050,0,33,000,00,2,7,15,B01
200700052051,0,32,000,00,0,3,00,A01
200700052052,0,01,000,00,0,0,01,A01
200700052053,0,07,000,00,0,7,16,A01
200700052053,0,30,000,00,2,1,01,B01
200700052054,0,32,000,00,2,2,00,A01
200700052054,0,13,000,00,2,2,07,B01
200700052055,1,07,000,00,2,0,07,A01
200700052055,0,01,000,00,2,8,07,B01
200700052056,0,07,000,00,2,3,09,B01
200700052056,0,32,000,09,2,1,01,A01
200700052057,0,07,000,00,2,3,07,A01
200700052057,0,07,000,00,2,2,01,C01
200700052057,0,01,000,00,2,4,07,B01
200700052058,0,30,000,00,2,7,01,A01
200700052058,0,07,000,00,2,1,01,B01
200700052059,0,32,000,00,2,4,23,B01
200700052059,0,13,000,00,1,3,02,A01
200700052060,0,07,000,00,0,3,01,A01
200700052060,0,01,000,00,0,0,00,B01
200700052061,0,07,000,00,1,1,01,A01
200700052062,0,10,000,00,0,1,09,A01
200700052062,0,31,000,00,2,1,02,B01
200700052063,0,07,000,00,0,2,00,A01
200700052063,0,31,000,00,2,3,01,B01
200700052064,0,01,000,00,0,4,02,B01
200700052064,0,07,000,00,2,1,02,A01
200700052065,0,07,000,00,2,3,15,B01
200700052065,0,31,000,00,2,1,01,A01
200700052066,0,07,000,00,2,1,01,B01
200700052066,0,14,000,00,2,2,01,A01
200700052067,0,07,000,00,1,1,09,A01
200700052068,0,13,000,00,0,2,11,A01
200700052068,0,31,000,00,0,1,01,B01
200700052069,0,30,000,00,0,7,01,A01
200700052070,0,33,000,00,2,0,01,B01
200700052070,0,07,000,00,2,7,01,A01
200700052071,0,33,000,00,1,1,02,A01
200700052072,0,07,000,00,2,3,20,A01
200700052072,0,31,000,00,2,1,02,B01
200700052073,0,07,000,00,2,3,01,B01
200700052073,0,10,000,00,0,2,15,A01
200700052074,0,30,000,14,0,8,01,A01
200700052075,0,32,000,00,0,7,01,A01
200700052076,0,10,000,00,0,2,20,A01
200700052076,0,02,000,00,2,8,01,B01
200700052077,0,32,000,00,1,1,01,A01
200700052078,0,02,000,00,2,1,02,A01
200700052078,0,07,000,00,0,6,02,B01
200700052079,0,32,000,00,2,0,01,A01
200700052080,0,32,000,01,0,8,02,A01
200700052081,0,33,000,00,0,0,02,A01
200700052082,0,33,000,00,2,2,02,B01
200700052082,0,07,000,00,2,6,15,A01
200700052083,0,07,000,09,0,2,16,A01
200700052084,0,01,000,00,2,1,05,A01
200700052084,0,31,000,00,2,1,01,B01
200700052085,0,07,000,00,2,7,15,B01
200700052085,0,10,000,00,2,3,01,A01
200700052086,0,02,000,00,2,1,02,A01
200700052087,0,07,000,00,2,1,03,A01
200700052087,0,07,000,00,2,4,02,B01
200700052087,0,07,000,00,2,8,01,C01
200700052088,0,07,000,00,0,7,12,A01
200700052088,0,30,000,00,0,8,00,B01
200700052089,0,07,000,00,0,4,04,A01
200700052090,0,33,000,00,0,8,01,A01
200700052091,0,13,000,00,0,7,00,B01
200700052091,0,02,000,00,0,8,00,A01
200700052092,0,07,000,00,2,2,01,A01
200700052092,0,07,000,00,2,6,15,B01
200700052093,0,07,000,00,2,3,10,A01
200700052093,0,02,000,00,2,7,03,B01
200700052094,0,31,000,14,0,1,01,A01
200700052095,0,07,000,00,9,1,01,A01
200700052095,0,01,000,00,2,8,19,B01
200700052096,0,01,000,00,0,0,00,A01
200700052097,0,01,000,00,0,0,00,A01
200700052098,0,07,000,06,0,2,01,B01
200700052098,0,01,000,06,0,3,01,A01
200700052099,0,07,000,08,0,1,15,A01
200700052100,0,31,000,00,2,2,00,A01
200700052100,0,10,000,00,2,2,15,B01
200700052101,0,01,000,00,0,4,02,B01
200700052101,0,07,000,00,2,1,02,A01
200700052102,0,32,000,00,0,3,16,A01
200700052102,1,07,000,00,0,7,16,B01
200700052103,0,07,000,00,2,5,15,A01
200700052103,0,32,000,00,2,7,01,B01
200700052104,0,07,000,00,0,5,04,A01
200700052105,0,33,000,14,0,3,13,B01
200700052105,0,07,000,00,0,0,09,A01
200700052106,0,07,000,00,0,1,01,A01
200700052106,0,07,000,00,0,4,23,B01
200700052107,0,32,000,00,0,7,01,A01
200700052108,0,32,000,00,2,1,01,A01
200700052108,0,20,000,00,2,8,10,B01
200700052109,0,33,000,00,2,0,01,A01
200700052109,0,32,000,00,2,0,01,B01
200700052110,0,32,000,00,2,8,02,B01
200700052110,0,07,000,00,2,7,02,A01
200700052111,0,01,000,16,0,7,02,A01
200700052112,0,30,000,00,2,1,13,A01
200700052112,0,07,000,00,0,3,15,B01
200700052113,0,33,000,00,2,2,01,A01
200700052113,0,07,000,00,2,3,01,B01
200700052114,0,10,000,00,0,5,04,A01
200700052115,0,07,000,00,1,3,00,A01
200700052116,0,07,000,00,0,7,01,A01
200700052116,0,33,000,00,2,1,03,B01
200700052116,0,07,000,00,2,8,01,C01
200700052117,0,07,000,00,2,3,09,A01
200700052117,0,33,000,00,2,3,11,B01
200700052118,0,33,000,00,1,2,01,A01
200700052119,0,33,000,00,2,1,01,B01
200700052119,0,07,000,00,0,6,10,A01
200700052120,0,32,000,00,2,1,01,A01
200700052120,0,07,000,00,2,1,11,B01
200700052121,0,34,000,01,0,3,01,A01
200700052122,0,07,000,00,2,2,16,A01
200700052122,0,07,000,00,2,3,07,B01
200700052123,0,07,000,00,2,3,15,A01
200700052123,0,33,000,00,2,8,00,B01
200700052124,0,07,000,00,2,2,15,A01
200700052124,0,37,015,00,2,3,19,B01
200700052125,0,02,000,00,2,1,02,B01
200700052126,0,07,000,00,2,1,00,A01
200700052126,0,01,000,00,2,6,11,B01
200700052127,0,07,000,00,2,2,10,A01
200700052127,0,02,000,00,2,1,01,B01
200700052128,0,30,000,00,2,0,01,A01
200700052129,1,07,000,00,9,1,22,A01
200700052129,0,01,000,00,9,1,22,B01
200700052130,0,07,000,00,0,2,19,B01
200700052130,0,07,000,00,2,2,19,A01
200700052131,1,07,000,00,1,0,01,A01
200700052132,0,07,000,00,1,4,04,A01
200700052133,0,30,000,12,0,7,02,A01
200700052134,0,07,000,00,2,1,02,A01
200700052134,0,07,000,00,2,4,15,B01
200700052135,0,07,000,00,2,3,02,A01
200700052135,0,07,000,00,2,5,02,B01
200700052136,0,10,000,00,2,1,01,A01
200700052136,0,07,000,00,2,8,01,B01
200700052137,0,07,000,00,2,3,09,A01
200700052137,0,32,000,00,2,7,13,B01
200700052138,0,30,000,00,2,1,02,A01
200700052138,0,30,000,00,2,4,02,B01
200700052138,0,07,000,00,0,0,02,C01
200700052139,1,07,000,00,9,0,10,A01
200700052139,0,30,000,00,2,2,02,B01
200700052140,0,07,000,00,2,1,02,A01
200700052140,0,07,000,00,0,4,23,B01
200700052141,0,07,000,01,0,2,14,A01
200700052142,0,07,000,00,0,3,01,B01
200700052142,0,30,000,00,2,7,02,A01
200700052143,0,07,000,01,1,2,21,A01
200700052144,0,07,000,00,0,8,22,A01
200700052144,0,17,000,01,0,0,01,B01
200700052145,0,32,000,00,1,1,02,B01
200700052145,0,01,000,00,0,3,10,A01
200700052146,0,32,000,00,2,1,01,B01
200700052146,0,07,000,00,2,8,15,A01
200700052147,0,02,000,00,0,7,01,A01
200700052148,0,07,000,00,2,3,02,A01
200700052148,0,07,000,00,2,5,02,B01
200700052149,0,07,000,00,2,6,01,B01
200700052149,0,30,000,00,2,1,01,A01
200700052150,0,30,000,00,2,8,19,B01
200700052150,0,10,000,00,2,2,19,A01
200700052151,0,32,000,00,0,1,01,A01
200700052151,0,10,000,00,0,2,09,B01
200700052152,0,33,000,00,0,7,01,A01
200700052153,0,30,000,00,2,3,01,A01
200700052153,1,07,000,00,0,0,00,B01
200700052154,0,07,000,00,0,4,01,A01
200700052154,0,07,000,00,2,1,01,B01
200700052155,0,31,000,00,2,6,17,B01
200700052155,0,14,000,00,2,3,15,A01
200700052156,0,07,000,00,1,6,04,A01
200700052157,0,07,000,00,9,8,00,A01
200700052157,0,01,000,01,0,1,03,B01
200700052157,0,37,050,00,0,0,01,C01
200700052158,0,07,000,00,2,8,15,A01
200700052158,0,32,000,00,2,1,01,B01
200700052159,0,31,000,00,2,1,01,B01
200700052159,0,10,000,00,2,5,19,A01
200700052160,0,07,000,00,2,3,10,A01
200700052160,0,33,000,00,2,1,01,B01
200700052161,0,02,000,00,0,3,01,A01
200700052162,0,30,000,00,0,0,01,A01
200700052163,0,07,000,01,0,1,00,A01
200700052164,0,31,000,00,1,2,01,A01
200700052165,0,30,000,00,0,7,17,A01
200700052165,0,07,000,00,0,8,13,B01
200700052166,0,01,000,00,2,1,02,A01
200700052166,0,02,000,00,2,1,02,B01
200700052167,0,07,000,07,0,3,00,A01
200700052168,0,07,000,00,2,3,02,B01
200700052168,0,31,000,00,2,2,09,A01
200700052169,0,07,000,00,1,3,00,A01
200700052170,0,07,000,00,0,5,02,B01
200700052170,0,01,000,00,0,0,02,A01
200700052171,0,07,000,00,1,7,07,A01
200700052172,0,07,000,00,2,4,02,B01
200700052172,0,10,000,00,0,1,02,A01
200700052172,0,07,000,00,0,4,02,C01
200700052173,0,33,000,00,2,1,21,B01
200700052173,0,07,000,00,2,7,09,A01
200700052174,0,02,000,00,2,3,02,A01
200700052174,0,07,000,00,2,5,02,B01
200700052175,0,10,000,00,2,2,09,A01
200700052175,0,07,000,00,2,3,01,B01
200700052176,0,07,000,00,2,1,02,A01
200700052176,0,07,000,00,0,4,02,B01
200700052177,0,07,000,00,2,1,02,A01
200700052177,0,07,000,00,0,4,02,B01
200700052178,0,07,000,00,0,0,15,A01
200700052179,0,02,000,00,0,4,12,B01
200700052179,0,33,000,00,2,4,12,A01
200700052180,0,01,000,00,0,0,11,A01
200700052180,0,07,000,00,2,2,01,B01
200700052181,0,30,000,00,2,8,02,A01
200700052182,0,02,000,01,0,8,02,A01
200700052183,0,32,000,00,0,0,00,A01
200700052184,2,07,000,00,1,2,00,A01
200700052185,0,32,000,00,0,7,01,A01
200700052186,0,07,000,00,1,2,15,A01
200700052187,0,10,000,00,1,4,04,A01
200700052188,0,30,000,00,0,0,00,A01
200700052189,0,10,000,00,2,5,16,A01
200700052189,0,33,000,00,2,1,02,B01