Num_Acc,senc,catv,occutc,obs,obsm,choc,manv,num_veh
200700052190,0,07,000,01,0,3,13,A01
200700052191,0,31,000,00,2,3,02,A01
200700052191,0,10,000,00,2,2,02,B01
200700052192,0,07,000,00,1,1,01,A01
200700052193,0,07,000,00,2,2,12,A01
200700052193,0,32,000,00,2,3,01,B01
200700052194,0,07,000,00,0,2,22,A01
200700052194,0,31,000,01,0,1,01,B01
200700052195,0,32,000,00,1,0,01,A01
200700052196,0,07,000,00,2,1,02,A01
200700052196,0,07,000,00,0,4,02,B01
200700052197,0,07,000,00,2,1,01,A01
200700052198,0,07,000,00,2,2,01,A01
200700052198,0,07,000,00,2,1,15,B01
200700052199,0,34,000,00,0,0,11,A01
200700052200,0,07,000,00,1,2,02,A01
200700052201,0,32,000,00,0,0,17,A01
200700052202,0,10,000,00,0,1,00,A01
200700052203,0,02,000,00,2,7,00,B01
200700052203,0,07,000,00,2,2,00,A01
200700052204,0,07,000,00,2,6,01,B01
200700052204,0,02,000,00,2,1,01,A01
200700052205,0,07,000,00,0,2,15,A01
200700052205,0,32,000,00,2,1,02,B01
200700052206,0,07,000,01,0,1,00,A01
200700052207,0,07,000,00,0,5,16,A01
200700052207,0,32,000,00,2,3,03,B01
200700052208,0,07,000,00,1,3,02,A01
200700052209,0,07,000,02,0,4,02,A01
200700052209,1,07,000,00,2,1,02,B01
200700052210,0,33,000,00,2,3,02,B01
200700052210,0,10,000,00,2,2,15,A01
200700052211,0,33,000,00,0,8,01,A01
200700052212,0,01,000,00,0,1,00,A01
200700052213,0,32,000,00,0,7,21,A01
200700052214,0,07,000,00,1,3,01,A01
200700052215,0,30,000,11,2,3,13,B01
200700052216,0,10,000,00,0,3,15,A01
200700052216,0,31,000,00,2,1,01,B01
200700052217,0,07,000,00,0,0,15,A01
200700052217,0,32,000,00,0,0,21,B01
200700052218,0,30,000,00,0,7,01,A01
200700052219,0,31,000,00,0,7,21,A01
200700052220,0,07,000,00,0,3,02,B01
200700052220,0,32,000,00,2,0,02,A01
200700052221,0,01,000,00,2,1,02,A01
200700052221,0,01,000,00,2,0,02,B01
200700052221,0,01,000,00,2,0,01,C01
200700052221,0,01,000,00,2,0,02,D01
200700052222,0,30,000,00,1,8,00,A01
200700052223,0,32,000,00,0,0,00,A01
200700052224,0,07,000,00,2,8,15,A01
200700052224,0,32,000,00,2,2,17,B01
200700052225,0,07,000,00,2,3,02,A01
200700052225,0,33,000,00,2,7,02,B01
200700052226,0,07,000,00,2,1,02,A01
200700052226,0,07,000,00,2,4,02,B01
200700052227,0,33,000,00,2,7,01,B01
200700052227,0,07,000,00,2,8,15,A01
200700052228,0,31,000,00,2,1,19,A01
200700052228,0,07,000,00,0,3,19,B01
200700052229,0,07,000,00,1,2,00,A01
200700052230,0,14,000,06,0,0,01,A01
200700052231,0,07,000,00,0,3,10,A01
200700052231,0,33,000,00,2,1,01,B01
200700052232,0,07,000,01,0,1,00,A01
200700052233,0,32,000,00,0,7,12,A01
200700052234,0,07,000,00,1,1,00,A01
200700052235,0,07,000,00,2,8,22,A01
200700052235,0,01,000,01,0,7,00,B01
200700052236,0,07,000,00,0,1,01,A01
200700052236,0,07,000,00,0,4,01,B01
200700052237,0,07,000,00,2,7,00,A01
200700052237,0,30,000,00,2,1,02,B01
200700052238,0,01,000,00,1,1,01,A01
200700052239,0,33,000,00,0,8,16,A01
200700052240,0,10,000,00,1,5,04,A01
200700052241,0,07,000,00,2,3,10,A01
200700052241,0,33,000,00,2,1,17,B01
200700052242,0,07,000,00,2,2,02,B01
200700052242,0,07,000,00,2,3,11,A01
200700052243,0,07,000,00,0,7,12,A01
200700052243,0,02,000,00,2,8,02,B01
200700052244,0,07,000,00,2,1,11,A01
200700052244,0,33,000,00,0,8,00,B01
200700052245,0,33,000,00,0,7,11,B01
200700052245,0,07,000,00,2,2,01,A01
200700052246,0,30,000,00,1,0,00,A01
200700052247,0,07,000,06,0,1,02,A01
200700052248,0,07,000,00,1,1,01,A01
200700052249,0,07,000,00,2,6,15,B01
200700052249,0,30,000,00,2,1,17,A01
200700052250,0,07,000,00,2,2,12,A01
200700052250,0,30,000,00,2,1,01,B01
200700052251,1,07,000,00,1,0,00,A01
200700052252,0,07,000,00,2,2,01,A01
200700052252,0,07,000,09,0,6,01,B01
200700052253,0,07,000,00,0,1,02,A01
200700052253,0,07,000,00,0,4,02,B01
200700052254,0,07,000,00,2,5,02,B01
200700052254,0,32,000,00,2,1,00,A01
200700052255,0,30,000,00,1,0,00,A01
200700052256,0,33,000,00,2,1,01,A01
200700052256,0,07,000,00,2,8,11,B01
200700052257,0,07,000,00,1,2,02,A01
200700052258,0,07,000,01,0,1,14,A01
200700052258,0,14,000,00,0,4,24,B01
200700052259,0,07,000,00,2,8,00,B01
200700052259,0,31,000,00,2,8,00,A01
200700052260,0,33,000,00,0,1,00,A01
200700052261,0,07,000,00,0,1,10,A01
200700052261,0,32,000,00,0,3,02,B01
200700052262,0,07,000,00,0,3,01,A01
200700052263,0,31,000,00,2,8,02,A01
200700052263,1,07,000,00,0,0,02,B01
200700052264,0,33,000,00,1,1,00,A01
200700052265,0,07,000,00,0,6,11,A01
200700052265,0,33,000,00,2,7,00,B01
200700052266,0,30,000,00,1,0,05,A01
200700052267,0,07,000,00,1,1,02,A01
200700052268,0,07,000,00,1,7,01,A01
200700052269,0,07,000,08,0,1,01,A01
200700052270,0,32,000,00,2,1,02,B01
200700052270,0,07,000,00,2,3,02,A01
200700052271,0,07,000,01,0,5,16,A01
200700052271,2,07,000,00,0,1,02,B01
200700052272,0,07,000,08,0,9,00,A01
200700052273,0,07,000,01,0,2,07,A01
200700052273,0,07,000,02,0,6,00,B01
200700052274,0,07,000,00,9,2,16,A01
200700052274,0,01,000,00,2,1,02,B01
200700052275,1,01,000,00,1,0,02,A01
200700052276,0,07,000,00,1,3,00,A01
200700052277,0,32,000,00,0,4,02,A01
200700052277,1,07,000,00,0,0,00,B01
200700052278,0,33,000,00,2,6,00,A01
200700052278,0,07,000,00,2,2,00,B01
200700052279,0,07,000,00,2,3,02,B01
200700052279,0,02,000,00,2,7,02,A01
200700052280,0,07,000,06,0,1,02,A01
200700052281,0,07,000,00,1,1,01,A01
200700052282,0,31,000,00,0,8,00,A01
200700052283,0,07,000,00,1,2,01,A01
200700052284,0,07,000,00,1,8,02,A01
200700052285,0,07,000,00,2,8,10,A01
200700052285,0,30,000,00,2,1,02,B01
200700052286,0,07,000,00,1,2,02,A01
200700052287,0,30,000,00,2,3,18,B01
200700052287,0,07,000,00,2,5,16,A01
200700052288,0,07,000,14,0,1,02,A01
200700052288,0,07,000,14,2,4,01,C01
200700052288,0,32,000,14,2,9,02,B01
200700052289,0,07,000,14,0,1,01,A01
200700052290,0,07,000,00,1,2,01,A01
200700052291,0,07,000,00,2,2,16,A01
200700052291,0,32,000,09,2,3,07,B01
200700052292,0,31,000,00,1,1,01,A01
200700052293,0,10,000,00,2,3,10,A01
200700052293,0,13,000,00,2,2,17,B01
200700052294,0,07,000,14,0,1,01,A01
200700052295,0,01,000,00,0,0,00,A01
200700052296,0,07,000,00,0,1,15,A01
200700052296,0,31,000,00,2,2,02,B01
200700052297,0,07,000,00,1,1,11,A01
200700052298,0,07,000,00,1,5,04,A01
200700052299,0,32,000,00,0,2,03,A01
200700052299,0,07,000,00,0,3,15,B01
200700052300,0,30,000,00,0,3,01,A01
200700052301,0,07,000,00,0,3,01,A01
200700052301,0,01,000,00,2,1,01,B01
200700052302,0,07,000,01,0,2,02,A01
200700052303,0,30,000,00,2,8,07,A01
200700052303,0,07,000,00,0,5,01,B01
200700052304,0,07,000,00,0,5,02,A01
200700052305,0,07,000,00,1,2,01,A01
200700052306,0,14,000,00,2,5,02,A01
200700052306,0,07,000,00,2,8,13,B01
200700052307,0,07,000,00,0,1,00,A01
200700052308,0,10,000,00,1,2,01,A01
200700052309,0,02,000,00,0,1,01,A01
200700052310,0,02,000,00,0,3,00,A01
200700052311,0,07,000,00,2,3,11,A01
200700052311,0,30,000,00,2,3,19,B01
200700052312,0,07,000,00,0,1,02,A01
200700052312,0,07,000,00,0,4,01,B01
200700052313,0,07,000,00,1,1,00,A01
200700052314,0,07,000,00,1,2,01,A01
200700052315,0,07,000,00,2,3,15,A01
200700052315,0,30,000,00,2,1,01,B01
200700052316,0,30,000,00,0,0,00,A01
200700052316,0,07,000,00,0,6,10,B01
200700052317,0,07,000,00,1,2,01,A01
200700052318,0,07,000,00,2,1,13,A01
200700052318,0,10,000,00,2,1,02,B01
200700052319,0,32,000,00,2,1,00,A01
200700052319,0,07,000,00,2,7,00,B01
200700052320,0,02,000,00,5,2,01,A01
200700052321,0,13,000,00,2,1,02,A01
200700052321,0,07,000,00,0,5,01,B01
200700052322,0,07,000,00,1,2,00,A01
200700052323,0,07,000,00,1,3,00,A01
200700052324,0,30,000,00,0,7,02,A01
200700052325,0,07,000,00,2,1,16,A01
200700052325,0,01,000,00,2,8,01,B01
200700052326,0,02,000,14,2,1,12,A01
200700052327,0,14,000,00,1,8,00,A01
200700052328,0,10,000,00,1,3,01,A01
200700052329,0,01,000,00,0,1,01,A01
200700052330,0,07,000,00,2,3,11,A01
200700052330,0,32,000,00,2,1,00,B01
200700052331,1,07,000,00,1,3,00,A01
200700052332,0,02,000,00,2,1,01,B01
200700052332,0,07,000,00,0,7,15,A01
200700052333,0,30,000,00,2,1,02,A01
200700052333,1,14,000,00,0,0,00,B01
200700052334,0,07,000,00,2,1,09,A01
200700052334,0,33,000,01,2,2,00,B01
200700052335,0,32,000,00,2,1,01,A01
200700052335,0,07,000,00,0,6,00,B01
200700052336,0,07,000,00,2,2,15,B01
200700052336,0,32,000,00,2,1,01,A01
200700052337,1,07,000,00,2,1,02,A01
200700052337,0,01,000,00,0,4,02,B01
200700052338,0,07,000,00,0,4,02,B01
200700052338,2,10,000,00,0,1,02,A01
200700052339,1,07,000,01,0,3,00,A01
200700052340,0,07,000,00,0,0,09,A01
200700052340,0,34,000,00,0,0,01,B01
200700052341,0,30,000,01,0,0,01,A01
200700052342,0,32,000,00,1,1,01,A01
200700052343,0,07,000,00,2,2,00,B01
200700052343,0,07,000,12,0,5,00,A01
200700052344,0,07,000,00,1,4,04,A01
200700052345,0,07,000,00,2,8,02,A01
200700052345,0,02,000,00,2,1,09,B01
200700052346,0,07,000,08,0,1,14,B01
200700052346,0,07,000,00,2,2,00,A01
200700052347,0,01,000,00,0,0,02,A01
200700052348,0,07,000,01,0,5,01,A01
200700052349,1,07,000,00,1,3,09,A01
200700052350,0,10,000,00,1,3,01,A01
200700052351,0,30,000,00,2,0,18,A01
200700052351,0,33,000,00,2,6,15,B01
200700052352,0,07,000,00,0,3,02,B01
200700052352,0,02,000,00,2,1,01,A01
200700052353,0,33,000,00,0,7,01,A01
200700052354,0,33,000,09,0,1,01,A01
200700052355,0,07,000,00,2,7,11,A01
200700052355,0,32,000,00,2,7,01,B01
200700052356,0,13,000,00,1,7,16,A01
200700052356,0,01,000,00,2,8,01,B01
200700052357,0,14,000,00,9,0,16,A01
200700052357,0,01,000,00,2,0,00,B01
200700052358,0,01,000,00,0,0,00,A01
200700052359,0,30,000,00,0,3,00,A01
200700052360,0,33,000,00,2,2,14,A01
200700052360,0,07,000,00,2,6,13,B01
200700052361,0,07,000,00,2,1,02,A01
200700052361,0,07,000,00,2,4,23,B01
200700052362,0,07,000,00,2,1,15,A01
200700052362,0,13,000,00,2,3,01,B01
200700052363,0,33,000,00,1,1,17,A01
200700052364,0,07,000,00,1,3,07,A01
200700052365,0,30,000,15,0,0,20,A01
200700052366,0,14,000,00,2,2,16,A01
200700052366,0,01,000,00,2,1,19,B01
200700052367,0,30,000,00,2,1,01,B01
200700052367,0,10,000,00,2,3,01,A01
200700052368,0,01,000,00,9,4,02,A01
200700052369,0,07,000,00,1,7,01,A01
200700052370,0,07,000,00,0,4,00,A01
200700052370,0,33,000,01,0,1,02,B01
200700052371,0,07,000,12,2,2,19,A01
200700052371,0,07,000,00,2,1,01,B01
200700052372,0,07,000,00,2,1,15,A01
200700052372,0,30,000,00,2,8,01,B01
200700052373,0,01,000,00,2,1,02,A01
200700052373,0,07,000,00,2,4,02,B01
200700052374,0,37,018,15,0,7,01,A01
200700052375,0,10,000,00,1,3,15,A01
200700052376,0,32,000,12,0,8,01,A01
200700052377,1,30,000,00,1,0,00,A01
200700052378,0,07,000,00,2,8,00,B01
200700052378,0,30,000,00,2,1,00,A01
200700052379,0,07,000,11,0,8,01,A01
200700052380,0,07,000,00,1,1,01,A01
200700052381,0,07,000,00,2,5,02,B01
200700052381,0,07,000,00,2,2,02,A01
200700052382,0,10,000,09,0,1,21,A01
200700052382,1,07,000,00,0,0,13,B01
200700052383,0,07,000,00,2,3,02,B01
200700052383,0,07,000,00,2,1,15,A01
200700052384,0,31,000,00,2,3,00,A01
200700052384,0,07,000,00,2,2,09,B01
200700052385,1,07,000,00,1,0,01,A01
200700052386,0,07,000,00,2,1,05,E01
200700052386,0,32,000,00,2,8,00,A01
200700052386,0,07,000,00,2,1,01,C01
200700052386,0,07,000,00,2,3,01,D01
200700052386,0,07,000,00,2,0,00,B01
200700052387,0,14,000,00,0,0,02,A01
200700052388,0,07,000,00,2,5,12,A01
200700052388,0,02,000,00,2,6,01,B01
200700052389,0,02,000,12,2,1,01,A01
200700052389,0,07,000,00,0,2,01,B01
200700052390,0,07,000,00,2,8,15,A01
200700052390,0,07,000,00,2,2,01,B01
200700052391,0,07,000,00,2,1,15,A01
200700052391,0,31,000,00,2,1,01,B01
200700052392,0,02,000,14,0,1,17,A01
200700052393,0,37,062,00,1,2,16,A01
200700052394,0,10,000,00,1,1,01,A01
200700052395,0,07,000,08,2,3,11,A01
200700052395,0,07,000,00,0,2,01,B01
200700052396,0,07,000,00,2,3,22,A01
200700052396,0,31,000,00,2,2,03,B01
200700052396,0,07,000,00,0,2,01,C01
200700052396,0,10,000,00,0,5,01,D01
200700052397,0,33,000,00,0,0,01,A01
200700052398,0,33,000,00,2,1,03,A01
200700052398,0,10,000,00,2,5,01,B01
200700052398,0,07,000,00,0,4,01,C01
200700052399,0,07,000,00,2,2,12,A01
200700052399,0,33,000,00,0,8,03,B01
200700052400,0,07,000,05,0,1,02,A01
200700052400,0,10,000,01,0,1,02,B01
200700052401,0,07,000,00,2,6,11,A01
200700052401,0,33,000,00,0,2,01,B01
200700052402,0,07,000,04,0,2,01,A01
200700052403,0,07,000,15,0,1,01,A01
200700052404,0,33,000,00,9,1,14,A01
200700052405,0,15,000,00,2,2,12,A01
200700052405,0,07,000,00,0,8,02,B01
200700052406,0,33,000,00,0,8,01,A01
200700052406,0,07,000,00,0,6,01,B01
200700052407,0,32,000,04,0,8,13,A01
200700052408,0,07,000,00,2,1,02,A01
200700052408,0,07,000,00,0,4,02,B01
200700052408,0,07,000,00,2,1,02,C01
200700052409,0,31,000,00,2,8,03,A01
200700052409,0,07,000,00,2,2,02,B01
200700052410,0,10,000,00,0,5,00,B01
200700052410,0,31,000,00,2,1,03,A01
200700052411,0,07,000,04,0,3,01,A01
200700052412,0,07,000,04,0,1,13,A01
200700052413,0,33,000,00,0,8,00,A01
200700052414,0,31,000,12,0,1,12,A01
200700052415,0,33,000,00,2,1,02,A01
200700052415,0,07,000,00,0,6,02,B01
200700052416,0,31,000,00,0,0,01,A01
200700052417,0,31,000,00,0,0,01,A01
200700052418,0,07,000,00,2,8,11,A01
200700052418,0,33,000,00,0,1,01,B01
200700052419,0,07,000,00,2,6,02,A01
200700052419,1,07,000,00,0,0,00,B01
200700052420,0,07,000,04,0,3,01,A01
200700052421,0,07,000,06,0,7,17,A01
200700052422,0,31,000,00,2,7,00,A01
200700052422,0,10,000,00,0,4,01,B01
200700052423,0,07,000,04,0,7,01,A01
200700052424,0,07,000,00,2,1,02,A01
200700052424,0,07,000,00,0,4,02,B01
200700052425,0,07,000,00,0,4,02,B01
200700052425,0,07,000,00,2,1,02,A01
200700052426,0,14,000,00,2,2,12,A01
200700052426,0,07,000,00,0,3,01,B01
200700052427,0,07,000,04,0,1,00,A01
200700052428,0,31,000,00,2,6,02,A01
200700052429,0,10,000,00,2,1,02,A01
200700052429,0,07,000,00,2,4,02,B01
200700052429,0,07,000,00,2,4,02,C01
200700052429,0,07,000,00,0,4,02,D01
200700052430,0,07,000,00,2,1,02,A01
200700052430,0,10,000,00,0,4,02,B01
200700052431,0,07,000,00,2,8,01,A01
200700052431,0,07,000,00,0,2,01,B01
200700052431,1,17,000,00,2,2,12,C01
200700052432,0,10,000,00,0,4,02,B01
200700052432,0,07,000,00,2,1,01,A01
200700052433,0,10,000,00,2,3,00,A01
200700052433,0,33,000,00,2,7,00,B01
200700052433,0,07,000,00,0,6,01,C01
200700052434,0,33,000,00,0,0,01,A01
200700052435,0,07,000,04,0,3,00,A01
200700052436,0,07,000,00,2,6,02,B01
200700052436,0,07,000,04,2,6,02,A01
200700052436,1,07,000,00,2,0,00,C01
200700052437,0,07,000,00,2,8,11,A01
200700052437,0,33,000,00,0,7,03,B01
200700052438,0,07,000,00,2,2,02,B01
200700052438,0,07,000,00,2,1,13,A01
200700052439,0,07,000,00,2,2,15,A01
200700052439,0,30,000,00,2,1,07,B01
200700052440,0,07,000,00,1,4,04,A01
200700052441,0,07,000,00,2,8,10,A01
200700052441,0,33,000,00,2,0,01,B01
200700052442,0,99,000,00,2,8,13,A01
200700052442,0,99,000,00,2,7,14,B01
200700052443,0,07,000,00,2,1,01,B01
200700052443,0,07,000,00,2,7,01,A01
200700052444,0,14,000,00,2,1,02,A01
200700052444,0,07,000,00,0,4,02,B01
200700052445,0,07,000,00,2,8,22,A01
200700052445,0,33,000,01,0,1,02,B01
200700052446,0,30,000,00,2,1,15,A01
200700052446,0,07,000,00,2,1,01,B01
200700052447,0,07,000,00,2,1,01,A01
200700052447,0,07,000,00,2,3,01,B01
200700052448,0,07,000,00,0,7,16,A01
200700052448,0,37,100,00,2,1,07,B01
200700052449,0,07,000,00,2,2,15,A01
200700052449,0,33,000,00,2,1,05,B01
200700052450,0,33,000,00,2,1,01,A01
200700052450,0,07,000,00,2,3,15,B01
200700052451,0,07,000,00,1,3,01,A01
200700052452,0,33,000,00,0,0,00,A01
200700052453,0,32,000,00,0,0,00,B01
200700052453,0,02,000,00,0,1,02,A01
200700052454,0,30,000,00,2,0,01,A01
200700052454,1,99,000,00,0,0,00,B01
200700052455,0,33,000,00,2,6,02,A01
200700052455,1,07,000,00,0,0,00,B01
200700052456,0,07,000,00,1,7,02,A01
200700052457,0,30,000,00,2,1,01,A01
200700052457,0,07,000,00,2,8,15,B01
200700052458,0,99,000,00,1,8,01,A01
200700052459,0,07,000,00,2,1,05,B01
200700052459,0,02,000,00,2,1,05,A01
200700052460,0,07,000,15,0,1,11,A01
200700052461,0,07,000,00,1,4,04,A01
200700052462,0,07,000,00,2,3,15,B01
200700052462,0,32,000,00,2,7,17,A01
200700052463,1,02,000,00,1,1,00,A01
200700052464,0,02,000,00,0,0,01,A01
200700052465,0,07,000,00,0,5,04,B01
200700052465,0,07,000,00,0,3,01,A01
200700052466,0,02,000,00,0,0,00,A01
200700052467,0,07,000,00,2,2,02,A01
200700052467,2,07,000,00,2,1,02,B01
200700052468,0,07,000,00,0,0,01,A01
200700052468,0,99,000,00,0,1,01,B01
200700052469,0,07,000,00,2,7,12,A01
200700052469,0,02,000,00,2,7,00,B01
200700052470,0,07,000,00,2,4,01,A01
200700052470,0,07,000,00,2,1,01,B01
200700052470,0,07,000,00,2,1,01,C01
200700052471,0,33,000,00,2,7,01,B01
200700052471,1,32,000,00,2,0,01,A01
200700052472,0,07,000,00,1,1,15,A01
200700052473,0,32,000,00,1,0,00,A01
200700052474,0,32,000,00,2,7,17,A01
200700052474,0,07,000,00,2,8,13,B01
200700052475,0,07,000,00,2,3,10,A01
200700052475,0,30,000,00,2,1,01,B01
200700052476,0,07,000,01,0,2,02,A01
200700052476,0,07,000,00,2,4,02,B01
200700052477,0,30,000,00,2,1,01,A01
200700052477,0,07,000,00,9,3,00,B01
200700052478,0,30,000,14,0,1,18,A01
200700052478,0,14,000,00,2,5,23,B01
200700052479,0,33,000,00,1,1,21,A01
200700052480,0,07,000,00,2,7,12,A01
200700052480,0,32,000,00,2,1,01,B01
200700052481,0,07,000,00,2,3,01,B01
200700052481,0,02,000,00,2,1,01,A01
200700052482,0,07,000,00,2,6,04,A01
200700052482,0,33,000,00,2,1,02,B01
200700052483,0,07,000,00,2,3,15,A01
200700052483,0,31,000,01,2,2,01,B01
200700052484,0,32,000,00,2,1,00,A01
200700052484,0,07,000,00,2,3,01,B01
200700052485,0,07,000,00,1,1,01,A01
200700052486,0,07,000,00,2,1,01,A01
200700052486,0,07,000,12,2,4,01,B01
200700052487,0,99,000,00,0,3,15,B01
200700052487,0,99,000,00,2,1,17,A01
200700052488,0,07,000,00,1,1,01,A01
200700052489,0,10,000,00,1,4,04,A01
200700052490,0,33,000,00,2,8,00,B01
200700052490,0,07,000,00,2,0,00,A01
200700052491,0,33,000,00,2,7,17,A01
200700052491,1,07,000,00,2,0,14,B01
200700052492,0,07,000,00,0,3,13,A01
200700052492,0,32,000,00,0,1,00,B01
200700052493,0,02,000,00,2,1,00,A01
200700052493,0,07,000,00,0,2,01,B01
200700052494,0,30,000,00,2,1,01,B01
200700052494,0,07,000,00,2,2,10,A01
200700052495,0,30,000,00,0,8,15,A01
200700052495,0,32,000,00,2,1,02,B01
200700052496,0,07,000,00,0,4,02,B01
200700052496,0,01,000,00,2,1,02,A01
200700052497,0,07,000,00,9,1,01,A01
200700052497,0,01,000,00,2,1,01,B01
200700052498,0,02,000,00,2,0,00,A01
200700052498,0,07,000,00,0,0,00,B01
200700052499,0,07,000,02,0,1,13,A01
200700052500,0,01,000,00,2,8,01,B01
200700052500,0,07,000,00,2,1,16,A01
200700052501,0,07,000,00,2,4,15,B01
200700052501,0,07,000,00,2,1,01,A01
200700052501,0,07,000,00,2,1,01,C01
200700052502,0,33,000,00,2,1,17,A01
200700052502,0,07,000,00,2,8,15,B01
200700052503,0,07,000,00,9,1,01,A01
200700052503,0,33,000,16,0,0,01,B01
200700052504,0,33,000,00,2,8,01,A01
200700052504,0,07,000,00,9,3,15,B01
200700052505,0,07,000,02,0,1,01,A01
200700052506,0,07,000,01,0,2,01,A01
200700052507,0,33,000,00,2,1,17,B01
200700052507,0,07,000,00,2,8,15,A01
200700052508,0,07,000,00,2,2,10,A01
200700052508,0,30,000,00,2,1,01,B01
200700052509,0,02,000,00,0,7,00,A01
200700052510,0,07,000,14,0,1,00,A01
200700052511,0,07,000,03,0,1,13,A01
200700052512,0,07,000,00,2,3,15,A01
200700052512,0,33,000,00,2,1,17,B01
200700052513,0,01,000,00,0,1,19,A01
200700052513,0,07,000,00,2,1,16,B01
200700052514,0,07,000,00,0,0,00,A01
200700052515,0,07,000,00,2,8,15,A01
200700052515,0,18,001,00,2,1,01,B01
200700052516,1,07,000,00,2,0,16,A01
200700052516,0,01,000,00,2,8,19,B01
200700052517,0,07,000,00,0,7,15,A01
200700052517,0,05,000,00,2,1,01,B01
200700052518,0,07,000,00,2,3,01,B01
200700052518,0,02,000,00,2,0,17,A01
200700052519,0,07,000,00,2,0,01,A01
200700052519,0,01,000,00,2,0,01,B01
200700052520,0,07,000,00,2,0,09,A01
200700052520,0,30,000,00,2,0,01,B01
200700052521,0,07,000,00,2,1,02,A01
200700052521,0,07,000,00,2,4,23,B01
200700052521,0,03,000,00,2,4,23,C01
200700052521,0,07,000,00,2,8,23,D01
200700052522,0,10,000,00,1,2,15,A01
200700052523,0,31,000,00,0,0,01,A01
200700052524,0,07,000,00,2,1,01,A01
200700052524,0,01,000,00,2,0,00,B01
200700052525,0,32,000,00,2,1,01,B01
200700052525,0,07,000,00,2,7,19,A01
200700052526,0,07,000,00,2,2,01,B01
200700052526,0,10,000,06,2,9,01,A01
200700052527,0,34,000,00,2,7,01,A01
200700052527,0,10,000,00,2,0,10,B01
200700052528,0,33,000,00,2,7,09,B01
200700052528,0,07,000,00,2,1,09,A01
200700052529,0,07,000,00,2,3,00,A01
200700052529,0,07,000,00,2,2,01,B01
200700052530,0,20,000,00,0,1,00,A01
200700052530,0,30,000,00,0,0,00,B01
200700052531,0,07,000,00,1,2,00,A01
200700052532,0,10,000,00,2,3,16,A01
200700052532,0,33,000,00,2,7,02,B01
200700052533,0,01,000,00,0,0,00,B01
200700052534,0,07,000,00,0,3,00,A01
200700052534,0,99,000,00,0,9,00,B01
200700052535,0,99,000,00,0,8,06,A01
200700052535,0,33,000,00,0,1,21,B01
200700052536,0,07,000,00,2,5,06,A01
200700052536,0,02,000,00,2,1,02,B01
200700052537,0,07,000,00,2,2,02,A01
200700052537,0,07,000,00,2,5,15,B01
200700052538,0,07,000,03,0,6,01,A01
200700052538,0,07,000,00,2,1,02,B01
200700052538,0,07,000,00,2,4,02,C01
200700052538,0,07,000,00,0,4,01,D01
200700052538,1,17,000,00,0,0,00,E01
200700052539,0,07,000,00,0,3,01,A01
200700052539,0,07,000,00,9,1,01,B01
200700052540,0,07,000,00,2,4,02,A01
200700052540,1,07,000,00,2,0,14,B01
200700052541,0,10,000,03,2,8,11,A01
200700052541,0,17,000,00,2,7,01,B01
200700052542,0,07,000,04,0,5,01,A01
200700052543,0,15,000,04,0,8,14,A01
200700052544,0,07,000,00,2,4,02,A01
200700052544,0,07,000,00,2,1,02,B01
200700052545,0,07,000,04,2,8,00,A01
200700052545,0,07,000,00,2,3,11,B01
200700052545,0,33,000,00,2,1,01,C01
200700052545,1,15,000,00,2,0,13,D01
200700052546,0,07,000,00,2,1,02,A01
200700052546,0,07,000,04,0,1,00,B01
200700052547,0,07,000,00,2,1,02,A01
200700052548,0,07,000,00,2,1,02,A01
200700052548,0,07,000,04,0,4,02,B01
200700052549,0,31,000,00,2,8,00,A01
200700052549,0,07,000,00,2,7,03,B01
200700052550,0,07,000,00,2,1,02,A01
200700052550,0,07,000,00,2,4,02,B01
200700052551,0,07,000,00,0,1,01,A01
200700052552,0,07,000,00,2,1,02,A01
200700052552,0,07,000,00,2,4,02,B01
200700052552,0,07,000,00,2,4,02,C01
200700052552,0,07,000,00,2,4,02,D01
200700052552,0,07,000,00,2,4,02,E01
200700052553,0,07,000,08,0,7,00,A01
200700052554,0,07,000,06,0,1,01,A01
200700052554,1,15,000,00,0,0,12,B01
200700052555,0,33,000,03,0,8,01,A01
200700052556,0,10,000,04,0,3,01,A01
200700052557,0,07,000,00,2,1,02,A01
200700052557,0,07,000,00,2,4,02,B01
200700052558,0,07,000,11,0,2,14,A01
200700052559,0,07,000,00,2,5,09,A01
200700052559,0,07,000,03,2,7,01,B01
200700052559,0,07,000,00,2,8,02,C01
200700052560,0,07,000,00,2,1,02,A01
200700052560,0,07,000,00,2,4,23,B01
200700052560,0,07,000,00,2,4,23,C01
200700052561,0,07,000,00,2,8,11,A01
200700052561,0,07,000,00,0,2,01,B01
200700052562,0,07,000,00,2,1,02,A01
200700052562,0,07,000,00,0,4,02,B01
200700052563,0,07,000,00,2,1,02,A01
200700052563,0,07,000,00,2,4,02,B01
200700052563,0,07,000,00,0,4,00,C01
200700052564,0,07,000,00,2,7,12,A01
200700052564,0,02,000,12,0,8,01,B01
200700052565,0,07,000,00,2,5,12,A01
200700052565,0,07,000,00,2,3,01,B01
200700052566,0,33,000,04,0,1,01,A01
200700052567,0,17,000,01,0,2,14,A01
200700052567,0,07,000,00,0,6,23,B01
200700052568,0,07,000,07,0,1,16,A01
200700052569,0,07,000,00,2,6,15,A01
200700052569,0,15,000,00,2,2,01,B01
200700052570,2,07,000,04,2,1,00,A01