Num_Acc,senc,catv,occutc,obs,obsm,choc,manv,num_veh
200700052570,0,07,000,00,2,8,01,B01
200700052571,0,07,000,00,2,7,01,A01
200700052571,0,33,000,00,2,8,01,B01
200700052572,0,07,000,00,2,1,02,A01
200700052572,0,07,000,00,2,4,09,B01
200700052572,0,07,000,00,0,4,02,C01
200700052573,0,07,000,00,2,1,02,A01
200700052573,0,07,000,00,2,4,02,B01
200700052573,0,07,000,00,0,4,02,C01
200700052574,0,07,000,04,0,3,12,A01
200700052574,1,07,000,00,2,1,14,B01
200700052575,0,07,000,14,2,2,02,A01
200700052575,0,07,000,00,2,3,02,B01
200700052575,0,07,000,00,9,5,01,C01
200700052576,0,07,000,04,0,1,01,A01
200700052577,0,07,000,00,0,0,11,A01
200700052577,0,33,000,00,0,8,01,B01
200700052578,0,17,000,00,2,2,12,A01
200700052578,0,07,000,00,0,8,00,B01
200700052579,0,07,000,04,0,3,11,A01
200700052580,0,07,000,00,2,1,02,A01
200700052580,0,32,000,00,0,4,02,B01
200700052581,0,10,000,00,2,1,02,A01
200700052581,0,33,000,00,0,4,02,B01
200700052582,0,07,000,01,0,1,14,A01
200700052582,0,07,000,00,0,4,23,B01
200700052583,0,07,000,00,2,3,01,A01
200700052583,0,07,000,00,2,1,01,B01
200700052584,0,07,000,00,2,1,02,A01
200700052584,0,07,000,00,0,4,02,B01
200700052585,0,17,000,16,0,8,00,A01
200700052586,0,07,000,00,2,7,10,A01
200700052586,0,07,000,00,2,1,01,B01
200700052587,0,33,000,00,2,2,01,A01
200700052587,0,07,000,00,2,3,01,B01
200700052588,0,10,000,13,0,9,01,A01
200700052589,0,07,000,00,0,4,02,A01
200700052589,0,14,000,00,2,1,02,B01
200700052589,0,07,000,00,2,1,02,C01
200700052590,0,15,000,00,9,3,06,A01
200700052591,0,07,000,04,2,3,11,A01
200700052591,0,07,000,04,2,2,01,B01
200700052592,0,07,000,00,0,0,00,A01
200700052592,0,17,000,00,0,0,01,B01
200700052593,0,07,000,00,2,1,02,A01
200700052593,0,07,000,00,2,1,02,B01
200700052594,0,10,000,00,2,1,02,A01
200700052594,0,07,000,00,2,4,02,B01
200700052594,0,07,000,00,2,4,02,C01
200700052595,0,15,000,00,2,3,09,A01
200700052595,0,10,000,03,0,4,02,B01
200700052596,0,33,000,00,0,0,02,A01
200700052597,0,07,000,03,0,9,21,A01
200700052597,0,10,000,00,0,0,01,B01
200700052598,0,07,000,03,0,7,00,A01
200700052599,0,33,000,04,0,3,21,A01
200700052599,0,07,000,00,9,3,02,B01
200700052600,0,07,000,00,2,2,15,A01
200700052600,0,07,000,00,2,3,01,B01
200700052601,0,07,000,04,0,1,19,A01
200700052602,0,07,000,00,2,1,02,A01
200700052602,0,07,000,00,2,4,02,B01
200700052602,0,07,000,00,2,4,02,C01
200700052603,0,07,000,04,0,3,01,A01
200700052604,0,33,000,00,2,7,01,A01
200700052605,0,17,000,00,2,1,02,A01
200700052605,0,07,000,04,0,4,02,B01
200700052606,0,07,000,04,0,1,00,A01
200700052607,0,17,000,00,2,7,12,A01
200700052607,0,15,000,04,2,3,21,B01
200700052607,0,07,000,04,2,8,01,C01
200700052608,0,07,000,04,0,1,02,A01
200700052609,0,07,000,00,0,9,21,A01
200700052610,0,07,000,04,0,8,00,A01
200700052611,0,07,000,04,0,2,00,A01
200700052612,0,15,000,00,2,2,12,A01
200700052612,0,07,000,00,2,8,01,B01
200700052613,0,03,000,04,0,3,13,A01
200700052614,0,07,000,04,0,3,00,A01
200700052615,0,07,000,00,2,1,02,A01
200700052615,0,07,000,00,0,4,02,B02
200700052616,0,07,000,00,2,3,24,A01
200700052616,0,01,000,01,0,1,01,B02
200700052617,0,33,000,12,0,1,01,A01
200700052618,0,07,000,06,0,8,13,A01
200700052619,0,07,000,00,2,3,17,A01
200700052619,0,07,000,00,2,3,01,B02
200700052620,0,07,000,13,0,1,01,A01
200700052621,0,07,000,13,0,1,01,A01
200700052622,0,32,000,00,2,1,13,A01
200700052622,0,07,000,00,2,8,01,B02
200700052623,0,07,000,02,0,1,19,A01
200700052624,0,07,000,00,2,8,17,A01
200700052624,0,33,000,00,2,8,02,B02
200700052625,0,07,000,13,0,2,01,A01
200700052626,0,07,000,02,0,1,01,A01
200700052627,0,99,000,00,0,3,13,A01
200700052627,0,99,000,00,0,1,01,B02
200700052628,0,07,000,00,2,8,19,A01
200700052628,0,07,000,00,2,1,01,B02
200700052629,0,07,000,00,2,1,15,A01
200700052629,0,15,000,00,2,7,01,B02
200700052630,0,07,000,00,1,6,04,A01
200700052631,0,14,000,00,2,6,19,A01
200700052631,0,33,000,00,2,1,01,B02
200700052632,0,07,000,00,9,3,02,A01
200700052632,0,30,000,00,0,0,00,B02
200700052633,0,07,000,00,9,2,17,A01
200700052634,0,07,000,00,2,3,13,A01
200700052634,0,07,000,00,2,3,02,B02
200700052635,0,07,000,01,0,7,01,A01
200700052635,0,15,000,00,0,1,24,B02
200700052636,0,07,000,06,0,1,01,A01
200700052637,0,07,000,00,2,6,15,A01
200700052637,0,33,000,00,2,1,17,B02
200700052638,0,36,000,06,0,1,01,A01
200700052639,0,07,000,00,2,3,01,A01
200700052639,0,07,000,00,2,3,01,B02
200700052640,0,07,000,00,0,1,01,A01
200700052640,0,01,000,00,0,0,00,B02
200700052641,0,07,000,00,9,3,01,A01
200700052641,0,01,000,00,2,6,15,B02
200700052642,0,07,000,14,0,1,09,A01
200700052643,0,30,000,00,2,1,01,A01
200700052643,0,07,000,00,2,3,15,B02
200700052644,0,02,000,00,2,8,19,A01
200700052644,0,07,000,00,2,3,01,B02
200700052645,0,07,000,02,0,8,01,A01
200700052646,0,07,000,00,2,1,15,A01
200700052646,0,33,000,00,2,1,01,B02
200700052647,0,30,000,00,2,8,01,A01
200700052647,0,07,000,00,2,8,01,B02
200700052648,0,07,000,00,1,3,01,A01
200700052649,0,33,000,00,0,8,02,A01
200700052650,0,10,000,00,1,2,01,A01
200700052651,0,07,000,02,0,1,13,A01
200700052652,0,33,000,13,0,9,01,A01
200700052653,0,14,000,00,2,1,02,A01
200700052653,0,07,000,00,2,4,02,B02
200700052653,0,07,000,00,2,4,02,C03
200700052653,0,07,000,00,2,4,02,D04
200700052654,0,07,000,06,0,1,01,A01
200700052655,0,33,000,00,2,1,17,B02
200700052655,0,33,000,00,2,4,01,C03
200700052655,0,07,000,00,2,1,01,D04
200700052656,0,10,000,00,2,1,17,A01
200700052656,0,10,000,00,0,3,01,B02
200700052657,0,07,000,00,9,3,15,A01
200700052657,0,31,000,00,2,1,01,B02
200700052658,0,10,000,00,1,3,15,A01
200700052659,0,07,000,02,0,8,01,A01
200700052660,0,07,000,00,0,8,15,A01
200700052660,0,33,000,00,0,1,17,B02
200700052661,0,07,000,00,0,1,01,A01
200700052662,0,07,000,00,2,2,20,A01
200700052662,0,30,000,00,2,1,01,B02
200700052663,0,07,000,00,2,1,01,A01
200700052663,0,99,000,00,2,1,05,B02
200700052664,0,07,000,00,2,3,13,A01
200700052664,0,07,000,00,2,3,01,B02
200700052664,0,17,000,02,2,1,01,C03
200700052665,0,07,000,13,0,3,01,A01
200700052666,0,30,000,00,2,1,17,A01
200700052666,0,07,000,00,0,6,13,B02
200700052667,0,30,000,00,1,1,21,A01
200700052668,0,07,000,00,2,1,01,A01
200700052668,0,10,000,00,2,1,01,B02
200700052669,0,17,000,00,2,1,01,A01
200700052669,0,07,000,00,2,1,01,B02
200700052670,0,32,000,00,2,7,19,A01
200700052670,0,17,000,00,2,1,01,B02
200700052671,0,07,000,16,0,3,01,A01
200700052672,0,33,000,00,2,7,01,A01
200700052672,0,07,000,00,2,3,16,B02
200700052673,0,07,000,13,0,1,13,A01
200700052674,0,31,000,01,0,1,09,A01
200700052674,0,07,000,01,0,2,01,B02
200700052675,0,33,000,06,0,7,01,A01
200700052676,0,07,000,00,0,3,01,A01
200700052677,0,07,000,15,0,1,16,A01
200700052678,0,33,000,00,2,7,13,A01
200700052678,0,07,000,00,2,1,01,B02
200700052679,0,07,000,00,9,3,15,A01
200700052679,0,01,000,00,0,0,00,B02
200700052680,0,07,000,00,9,1,17,A01
200700052680,0,01,000,00,2,8,15,B02
200700052681,0,10,000,00,2,1,01,A01
200700052681,0,01,000,00,0,4,11,B02
200700052682,0,07,000,00,2,3,13,A01
200700052682,0,02,000,00,2,1,01,B02
200700052683,0,30,000,06,0,3,01,A01
200700052684,0,33,000,00,2,1,17,A01
200700052684,0,07,000,00,2,6,15,B02
200700052685,0,02,000,00,2,3,10,A01
200700052685,0,07,000,00,2,1,01,B02
200700052686,0,07,000,02,0,1,13,A01
200700052687,0,38,000,00,2,2,19,A01
200700052687,0,07,000,00,2,3,01,B02
200700052688,0,33,000,00,2,1,01,B02
200700052688,0,07,000,00,2,7,19,A01
200700052689,0,07,000,00,2,1,19,A01
200700052689,0,30,000,00,2,8,01,B02
200700052690,0,17,000,00,0,6,01,A01
200700052690,0,07,000,00,2,1,01,B02
200700052691,0,07,000,00,1,1,00,A01
200700052692,0,07,000,00,0,7,01,A01
200700052692,0,07,000,00,2,1,01,B02
200700052693,0,07,000,00,2,8,01,B02
200700052693,0,07,000,00,2,2,01,A01
200700052694,0,02,000,00,2,1,01,A01
200700052694,0,07,000,00,2,2,15,B02
200700052695,0,10,000,00,2,2,15,A01
200700052695,0,30,000,00,2,1,05,B02
200700052696,0,07,000,00,2,3,13,A01
200700052696,0,07,000,00,2,3,01,B02
200700052697,0,07,000,08,0,1,17,A01
200700052698,0,07,000,02,0,2,14,A01
200700052699,0,07,000,08,0,6,01,A01
200700052700,0,07,000,00,1,3,01,A01
200700052701,0,30,000,00,0,7,01,A01
200700052702,0,07,000,13,0,3,17,A01
200700052703,0,07,000,00,2,1,01,A01
200700052703,0,07,000,00,2,6,19,B02
200700052704,0,33,000,03,0,1,01,A01
200700052705,0,02,000,00,0,0,01,A01
200700052706,0,14,000,00,2,7,15,A01
200700052706,0,07,000,00,2,1,01,B02
200700052707,0,02,000,06,0,1,01,A01
200700052708,0,07,000,00,0,0,00,A01
200700052708,0,07,000,00,2,8,01,B02
200700052709,0,07,000,13,0,1,01,A01
200700052710,0,07,000,00,2,1,01,A01
200700052710,0,07,000,00,2,7,19,B02
200700052711,0,10,000,00,2,7,19,A01
200700052711,0,33,000,00,2,1,01,B02
200700052712,0,07,000,00,2,1,13,A01
200700052712,0,17,000,00,2,3,01,B02
200700052713,0,07,000,00,2,3,13,A01
200700052713,0,21,000,00,2,8,01,B02
200700052714,0,07,000,00,2,1,01,A01
200700052714,0,15,000,00,2,1,01,B02
200700052715,0,07,000,02,0,8,01,A01
200700052716,0,07,000,00,2,7,00,A01
200700052716,0,07,000,00,2,1,02,B02
200700052717,0,07,000,13,0,2,01,A01
200700052718,0,07,000,00,2,0,00,A01
200700052719,0,07,000,06,0,1,01,A01
200700052720,0,02,000,00,2,1,13,A01
200700052720,0,07,000,00,2,8,01,B02
200700052721,0,07,000,00,2,3,16,A01
200700052721,0,21,000,00,2,1,15,B02
200700052722,0,07,000,00,2,6,19,A01
200700052722,0,33,000,00,2,1,01,B02
200700052723,0,07,000,13,0,1,01,A01
200700052724,0,07,000,00,2,2,19,A01
200700052724,0,07,000,00,2,1,01,B02
200700052725,0,07,000,00,2,9,15,A01
200700052725,0,07,000,00,2,2,01,B02
200700052725,0,07,000,00,2,3,23,C03
200700052726,0,07,000,13,0,2,01,A01
200700052727,0,03,000,00,2,3,19,A01
200700052727,0,07,000,00,2,2,01,B02
200700052728,0,07,000,00,0,7,15,A01
200700052728,0,07,000,00,0,1,00,B02
200700052728,0,33,000,00,0,1,00,C03
200700052729,0,07,000,00,1,3,01,A01
200700052730,0,07,000,00,2,3,13,A01
200700052730,0,07,000,00,2,3,01,B02
200700052731,0,30,000,06,0,1,00,A01
200700052732,0,07,000,00,2,3,09,A01
200700052732,0,30,000,00,2,1,01,B02
200700052733,0,07,000,00,1,2,01,A01
200700052734,0,07,000,00,2,3,15,A01
200700052734,0,02,000,00,2,8,01,B02
200700052735,0,30,000,00,2,3,01,A01
200700052735,0,07,000,00,2,3,01,B02
200700052736,0,07,000,02,0,4,01,A01
200700052737,0,07,000,00,2,2,17,A01
200700052737,0,07,000,00,2,1,15,B02
200700052738,0,31,000,00,0,1,01,A01
200700052739,0,07,000,00,0,5,01,A01
200700052739,0,07,000,00,0,3,02,B02
200700052740,0,10,000,00,2,2,00,A01
200700052740,0,07,000,00,2,1,02,B02
200700052740,0,07,000,00,2,6,00,C03
200700052741,0,07,000,00,2,3,13,A01
200700052741,0,07,000,00,0,8,01,B02
200700052742,0,30,000,00,2,1,01,A01
200700052742,0,07,000,00,2,5,01,B02
200700052743,0,07,000,02,0,1,01,A01
200700052744,0,07,000,00,2,3,01,A01
200700052744,0,07,000,00,2,7,19,B02
200700052745,0,07,000,00,2,2,02,A01
200700052745,0,07,000,00,0,6,01,B02
200700052746,0,30,000,12,0,1,01,A01
200700052747,0,07,000,00,0,9,01,A01
200700052748,0,33,000,00,2,3,02,A01
200700052748,0,10,000,00,2,5,02,B02
200700052749,0,07,000,14,0,1,01,A01
200700052750,0,07,000,02,0,7,13,A01
200700052751,0,07,000,00,2,1,05,A01
200700052751,0,07,000,00,2,1,01,B02
200700052752,0,07,000,02,0,3,00,A01
200700052753,0,07,000,00,2,1,00,A01
200700052753,0,07,000,00,2,6,10,B02
200700052754,0,07,000,00,0,3,13,A01
200700052754,0,01,000,00,0,1,01,B02
200700052755,0,02,000,01,2,1,01,A01
200700052755,0,07,000,00,2,3,15,B02
200700052756,0,33,000,08,0,1,01,A01
200700052757,0,32,000,00,2,1,01,A01
200700052757,0,10,000,00,2,3,23,B02
200700052758,0,07,000,00,0,0,00,A01
200700052758,0,02,000,00,2,3,01,B02
200700052759,0,30,000,06,0,1,14,A01
200700052760,0,07,000,00,2,7,17,A01
200700052760,0,07,000,00,2,3,01,B02
200700052761,0,07,000,01,0,1,01,A01
200700052762,0,07,000,13,0,1,00,A01
200700052763,0,33,000,00,2,8,01,A01
200700052764,0,07,000,00,2,8,16,A01
200700052764,0,31,000,00,2,1,01,B02
200700052765,0,07,000,00,2,1,01,A01
200700052765,0,07,000,00,2,6,19,B02
200700052766,0,07,000,13,0,1,01,A01
200700052767,0,07,000,00,2,2,13,A01
200700052767,0,02,000,00,2,1,01,B02
200700052768,0,07,000,00,2,7,15,A01
200700052768,0,33,000,00,2,1,01,B02
200700052769,0,07,000,00,2,3,15,A01
200700052769,0,33,000,00,2,1,01,B02
200700052770,0,33,000,00,2,1,01,A01
200700052770,0,07,000,00,2,3,15,B02
200700052771,0,07,000,00,2,1,01,A01
200700052771,0,31,000,00,2,1,19,B02
200700052772,0,33,000,00,2,1,01,A01
200700052772,0,21,000,00,0,2,15,B02
200700052773,0,07,000,13,0,1,01,A01
200700052774,0,07,000,00,2,3,13,A01
200700052774,0,07,000,00,2,3,01,B02
200700052774,0,07,000,00,2,6,01,C03
200700052775,0,07,000,00,2,3,01,A01
200700052775,0,07,000,00,2,1,01,B02
200700052776,0,33,000,00,2,7,17,A01
200700052776,0,07,000,00,2,8,13,B02
200700052777,0,07,000,00,2,1,01,A01
200700052777,0,07,000,00,2,3,16,B02
200700052778,0,33,000,00,0,1,01,A01
200700052779,0,07,000,08,0,1,01,A01
200700052780,0,33,000,00,2,3,13,A01
200700052780,0,33,000,00,2,3,01,B02
200700052781,0,07,000,00,2,3,10,A01
200700052781,0,31,000,00,2,1,02,B02
200700052782,0,21,000,00,2,5,15,A01
200700052782,0,30,000,00,2,1,01,B02
200700052783,0,17,000,14,0,8,03,A01
200700052784,0,07,000,00,1,3,01,A01
200700052785,0,07,000,00,2,7,19,A01
200700052785,0,01,000,00,2,1,01,B02
200700052786,0,07,000,02,0,4,01,A01
200700052787,0,07,000,00,2,6,17,A01
200700052787,0,07,000,00,2,3,21,B02
200700052787,0,07,000,00,2,8,21,C03
200700052788,0,07,000,00,0,2,15,A01
200700052788,0,07,000,00,0,2,00,B02
200700052789,0,30,000,15,0,0,00,A01
200700052790,0,07,000,00,1,1,01,A01
200700052791,0,33,000,00,2,1,17,A01
200700052791,0,37,000,00,2,6,23,B02
200700052791,0,07,000,01,2,3,00,C03
200700052792,0,07,000,08,2,8,01,B02
200700052792,0,07,000,00,2,1,19,A01
200700052793,0,07,000,01,0,8,01,A01
200700052794,0,02,000,00,0,8,15,A01
200700052795,0,07,000,00,0,5,19,B02
200700052795,0,07,000,00,0,1,01,A01
200700052796,0,10,000,00,2,2,19,A01
200700052796,0,10,000,00,2,3,01,B02
200700052797,0,07,000,00,2,2,19,A01
200700052797,0,07,000,00,2,1,00,B02
200700052798,0,07,000,13,0,1,01,A01
200700052799,0,07,000,00,2,3,15,A01
200700052799,0,07,000,00,2,1,01,B02
200700052800,0,10,000,00,2,1,01,A01
200700052800,0,07,000,00,2,8,01,B02
200700052801,0,07,000,05,0,3,13,A01
200700052802,0,07,000,00,2,1,01,B02
200700052802,0,07,000,00,2,7,01,A01
200700052803,0,33,000,00,2,1,01,A01
200700052803,0,07,000,00,2,4,01,B02
200700052804,0,07,000,00,2,1,05,A01
200700052804,0,07,000,00,2,1,05,B02
200700052805,0,07,000,02,0,2,14,A01
200700052806,0,07,000,00,0,0,00,A01
200700052807,0,07,000,00,2,3,19,A01
200700052807,0,07,000,00,2,1,01,B02
200700052808,0,07,000,00,2,5,19,A01
200700052808,0,33,000,00,2,9,21,B02
200700052809,0,07,000,00,2,3,13,A01
200700052809,0,07,000,00,2,3,21,B02
200700052810,0,07,000,00,0,3,15,A01
200700052810,0,07,000,00,0,3,01,B02
200700052811,0,33,000,00,2,3,13,A01
200700052811,0,07,000,00,2,3,01,B02
200700052812,0,32,000,00,2,1,13,A01
200700052812,0,32,000,00,2,1,00,B02
200700052813,0,07,000,00,2,1,01,A01
200700052813,0,07,000,00,2,1,01,B02
200700052814,0,07,000,00,2,8,01,A01
200700052814,0,07,000,00,2,1,01,B02
200700052815,0,07,000,00,1,2,01,A01
200700052815,0,99,000,00,2,0,19,B02
200700052816,0,07,000,00,1,1,00,A01
200700052817,0,07,000,00,2,3,09,A01
200700052817,0,02,000,00,2,1,01,B02
200700052818,0,07,000,00,2,5,04,A01
200700052818,0,31,000,00,2,1,01,B02
200700052819,0,07,000,00,0,7,01,A01
200700052819,0,07,000,00,2,1,01,B02
200700052820,0,07,000,00,0,2,01,A01
200700052821,0,31,000,00,0,0,00,A01
200700052822,0,14,000,00,0,1,03,A01
200700052822,0,01,000,00,0,4,01,B02
200700052823,0,07,000,00,2,3,19,A01
200700052823,0,30,000,00,2,8,01,B02
200700052824,0,33,000,00,2,1,17,A01
200700052824,0,21,000,00,2,3,15,B02
200700052825,0,07,000,00,2,5,15,A01
200700052825,0,33,000,00,2,2,01,B02
200700052826,0,07,000,13,0,1,13,A01
200700052827,0,10,000,00,0,1,17,A01
200700052827,0,07,000,04,0,8,15,B02
200700052828,0,14,000,00,0,1,01,A01
200700052829,0,07,000,00,2,5,17,A01
200700052829,0,33,000,00,2,1,01,B02
200700052830,0,30,000,00,2,1,01,A01
200700052830,0,07,000,00,2,3,01,B02
200700052831,0,07,000,00,2,8,22,A01
200700052831,0,32,000,01,0,1,01,B02
200700052832,0,02,000,00,0,0,14,A01
200700052833,0,31,000,13,0,0,01,A01
200700052834,0,10,000,00,1,2,01,A01
200700052835,0,07,000,00,2,7,01,B02
200700052835,0,07,000,00,2,1,01,A01
200700052836,0,07,000,00,2,1,13,A01
200700052836,0,07,000,00,2,1,01,B02
200700052836,0,07,000,00,2,3,01,C03
200700052837,0,38,000,00,9,1,09,A01
200700052837,0,01,000,00,2,7,01,B02
200700052838,0,07,000,00,1,3,00,A01
200700052839,0,07,000,00,1,1,01,A01
200700052839,0,07,000,00,1,3,01,B02
200700052840,0,07,000,15,0,1,01,A01
200700052841,0,07,000,16,0,1,01,A01
200700052842,0,30,000,06,0,1,01,A01
200700052843,0,07,000,13,0,9,01,A01
200700052844,0,07,000,00,0,1,00,A01
200700052845,2,07,000,06,0,1,00,A01
200700052846,0,10,000,00,2,1,01,A01
200700052846,0,30,000,00,2,8,19,B02
200700052847,0,15,000,00,2,0,02,A01
200700052847,0,01,000,00,0,0,02,B02
200700052848,0,02,000,00,2,1,01,A01
200700052848,0,07,000,00,2,5,23,B02
200700052849,0,07,000,13,0,1,01,A01
200700052850,0,17,000,00,2,2,15,A01
200700052850,0,07,000,00,2,1,01,B02
200700052851,0,10,000,00,0,3,15,A01
200700052851,0,35,000,00,0,0,01,B02
200700052852,0,07,000,13,0,0,01,A01
200700052853,0,14,000,00,2,2,17,A01
200700052853,0,21,000,00,2,3,15,B02
200700052854,0,33,000,08,0,1,13,A01
200700052855,0,07,000,00,2,1,15,B02
200700052855,0,32,000,00,2,7,01,A01
200700052856,0,07,000,13,0,3,01,A01
200700052857,0,07,000,00,2,8,19,B02
200700052857,0,07,000,00,2,1,01,A01
200700052858,0,07,000,00,0,7,15,A01
200700052858,0,07,000,00,0,1,01,B02
200700052859,0,30,000,00,2,2,01,A01
200700052859,0,10,000,00,2,3,20,B02
200700052860,0,07,000,13,0,1,01,A01
200700052861,0,07,000,00,1,3,15,A01
200700052862,0,10,000,00,2,7,19,A01
200700052862,0,07,000,00,2,1,01,B02
200700052863,0,33,000,00,2,2,01,A01
200700052863,0,07,000,00,2,5,15,B02
200700052863,0,07,000,00,2,3,21,C03
200700052864,0,07,000,00,2,7,17,A01
200700052864,0,07,000,00,2,1,01,B02
200700052864,0,14,000,00,2,8,01,C03
200700052865,0,07,000,00,2,1,13,A01
200700052865,0,07,000,00,2,1,01,B02
200700052865,0,07,000,00,2,1,01,C03
200700052866,0,07,000,00,2,5,01,A01
200700052866,0,33,000,00,2,1,01,B02
200700052867,0,07,000,00,2,3,19,A01
200700052867,0,33,000,00,2,7,01,B02
200700052868,0,07,000,06,0,1,01,A01
200700052869,0,07,000,00,2,6,00,A01
200700052869,0,30,000,00,2,1,00,B02
200700052870,0,07,000,00,2,1,05,A01
200700052870,0,07,000,00,2,1,01,B02
200700052870,0,07,000,03,0,3,21,C03
200700052871,0,30,000,00,2,1,01,A01
200700052871,0,02,000,00,2,1,01,B02
200700052872,0,07,000,00,2,1,01,A01
200700052872,0,07,000,00,2,1,13,B02
200700052873,0,07,000,00,2,1,13,A01
200700052873,0,07,000,00,2,8,01,B02
200700052874,0,07,000,00,2,1,01,A01
200700052874,0,07,000,00,2,8,01,B02
200700052875,0,07,000,00,2,1,01,A01
200700052875,0,07,000,00,2,2,19,B02
200700052876,0,07,000,00,0,8,15,A01
200700052876,0,07,000,00,0,1,17,B02
200700052877,0,07,000,00,2,1,01,A01
200700052877,0,07,000,00,2,3,01,B02
200700052878,0,07,000,00,1,3,01,A01
200700052879,0,07,000,00,0,3,01,A01
200700052879,0,07,000,00,0,3,01,B02
200700052880,0,07,000,16,0,9,00,A01
200700052881,0,33,000,00,2,4,01,A01
200700052881,0,07,000,00,2,3,02,B02
200700052882,0,30,000,00,2,1,01,A01
200700052882,0,07,000,00,2,6,09,B02
200700052883,0,07,000,00,2,3,01,A01
200700052883,0,10,000,00,2,3,01,B02
200700052884,0,07,000,00,1,1,01,A01
200700052885,0,10,000,12,0,7,15,A01
200700052886,0,07,000,00,2,8,15,A01
200700052886,0,07,000,00,2,1,01,B02
200700052887,0,07,000,00,2,2,15,A01
200700052887,0,02,000,00,2,1,01,B02
200700052888,0,07,000,00,1,8,01,A01
200700052889,0,31,000,00,1,1,13,A01
200700052890,1,07,000,00,1,8,13,A01
200700052891,0,07,000,00,2,3,15,A01
200700052891,0,02,000,00,2,1,01,B02
200700052892,0,07,000,00,2,2,19,B02
200700052892,0,10,000,06,2,3,01,A01
200700052893,0,07,000,13,0,1,13,A01
200700052894,0,07,000,02,0,2,01,A01
200700052895,0,07,000,00,2,1,02,A01
200700052895,0,07,000,00,0,4,01,B02
200700052896,0,07,000,00,2,1,13,A01
200700052896,0,07,000,00,2,1,01,B02
200700052897,0,01,000,00,2,8,15,A01
200700052897,0,07,000,00,2,1,01,B02
200700052898,0,07,000,00,2,2,13,A01
200700052898,0,07,000,00,2,1,01,B02
200700052899,0,07,000,00,1,3,15,A01
200700052900,0,07,000,13,0,0,01,A01
200700052901,0,30,000,00,2,1,13,A01
200700052901,0,07,000,00,2,1,01,B02
200700052902,0,07,000,02,0,3,00,A01
200700052903,0,10,000,08,0,2,01,A01
200700052904,0,99,000,00,2,1,01,A01
200700052905,0,07,000,00,2,1,02,A01
200700052905,0,33,000,00,0,4,02,B02
200700052906,0,33,000,00,2,1,01,A01
200700052906,0,07,000,00,2,7,15,B02
200700052907,0,07,000,00,2,0,10,A01
200700052907,0,30,000,00,2,0,21,B02
200700052908,0,30,000,00,0,4,23,A01
200700052908,0,30,000,00,2,1,21,B02
200700052909,0,07,000,00,2,1,05,A01
200700052909,0,15,000,00,2,3,01,B02
200700052910,0,07,000,00,2,5,14,A01
200700052910,0,30,000,00,2,3,01,B02
200700052911,0,07,000,08,0,1,01,A01
200700052912,0,07,000,13,0,1,01,A01
200700052913,0,07,000,13,0,9,01,A01
200700052914,0,07,000,00,2,3,15,A01
200700052914,0,02,000,00,2,1,01,B02
200700052915,0,10,000,00,1,3,01,A01
200700052916,0,07,000,00,2,3,13,A01
200700052916,0,07,000,00,2,3,01,B02
200700052917,0,07,000,00,1,1,00,A01
200700052918,0,33,000,03,0,1,01,A01
200700052919,0,07,000,00,2,8,19,A01
200700052919,0,33,000,00,2,1,01,B02
200700052920,0,07,000,06,0,8,14,A01
200700052921,0,07,000,08,0,1,01,A01
200700052922,0,01,000,00,2,8,15,A01
200700052922,0,07,000,00,9,1,01,B02
200700052923,0,33,000,00,2,1,01,A01
200700052923,0,07,000,00,0,5,01,B02
200700052924,0,33,000,00,2,1,15,A01
200700052924,0,07,000,00,2,6,15,B02
200700052925,0,07,000,10,0,1,01,A01
200700052926,0,07,000,00,2,3,15,A01
200700052926,0,33,000,00,2,1,01,B02
200700052927,0,07,000,00,2,3,01,A01
200700052927,0,33,000,00,2,1,01,B02
200700052928,0,07,000,00,2,2,01,A01
200700052928,0,07,000,00,2,1,16,B02
200700052929,0,33,000,00,2,1,17,A01
200700052929,0,07,000,00,0,4,01,B02
200700052930,0,07,000,00,2,8,19,A01
200700052930,0,07,000,00,2,1,01,B02
200700052931,0,07,000,02,0,3,13,A01
200700052932,0,10,000,13,0,7,01,A01
200700052933,0,10,000,00,2,3,09,A01
200700052933,0,10,000,00,2,2,01,B02
200700052934,0,30,000,00,2,1,01,B02
200700052934,0,07,000,00,2,2,06,A01
200700052935,0,33,000,00,2,1,17,A01
200700052935,0,07,000,00,2,3,01,B02
200700052936,0,13,000,00,0,4,01,A01
200700052936,0,30,000,00,0,0,02,B02
200700052937,0,07,000,00,0,3,15,A01
200700052937,0,01,000,00,0,1,01,B02
200700052938,0,07,000,00,2,8,15,A01
200700052938,0,33,000,00,2,1,01,B02
200700052939,0,07,000,13,0,9,13,A01
200700052940,0,02,000,00,2,1,02,A01
200700052940,0,07,000,00,0,6,23,B02
200700052941,0,10,000,00,9,3,01,A01
200700052941,0,01,000,00,2,7,15,B02
200700052942,0,07,000,00,2,1,01,A01
200700052942,0,30,000,00,2,1,13,B02
200700052943,0,17,000,02,0,1,01,A01
200700052944,0,02,000,00,2,1,17,A01
200700052944,0,14,000,00,0,3,15,B02
200700052945,0,07,000,00,2,1,01,A01
200700052945,0,31,000,00,2,4,15,B02
200700052946,0,07,000,00,2,1,19,A01
200700052946,0,33,000,00,2,7,15,B02
200700052947,0,33,000,00,2,1,01,A01
200700052947,0,07,000,00,2,6,09,B02