Num_Acc,senc,catv,occutc,obs,obsm,choc,manv,num_veh
200700052948,0,30,000,00,1,1,21,A01
200700052949,0,07,000,13,0,1,13,A01
200700052950,0,07,000,00,2,1,01,A01
200700052950,0,07,000,00,0,4,15,B02
200700052950,0,07,000,00,0,1,05,C03
200700052951,0,07,000,00,1,3,01,A01
200700052952,0,02,000,00,2,1,13,A01
200700052952,0,07,000,00,2,3,01,B02
200700052953,0,07,000,00,0,0,17,A01
200700052953,0,07,000,00,2,3,01,B02
200700052953,0,10,000,00,2,6,01,C03
200700052953,0,10,000,00,2,1,01,D04
200700052954,0,30,000,11,0,1,01,A01
200700052955,0,07,000,02,0,1,14,A01
200700052956,0,33,000,14,0,1,01,A01
200700052957,0,07,000,00,2,6,01,A01
200700052957,0,07,000,00,2,3,01,B02
200700052958,0,07,000,02,0,1,01,A01
200700052959,0,30,000,00,2,1,17,A01
200700052959,0,07,000,00,2,6,15,B02
200700052960,0,07,000,01,0,6,15,A01
200700052960,0,31,000,00,0,3,01,B02
200700052961,0,07,000,00,2,6,13,A01
200700052961,0,33,000,00,2,1,02,B02
200700052962,0,30,000,00,2,8,00,A01
200700052962,1,10,000,00,0,0,00,B02
200700052963,0,07,000,00,2,3,13,A01
200700052963,0,07,000,00,2,3,01,B02
200700052964,0,14,000,00,2,7,17,A01
200700052964,0,02,000,00,2,8,15,B02
200700052965,0,36,000,02,0,3,01,A01
200700052966,0,07,000,00,1,2,01,A01
200700052967,0,07,000,00,5,1,01,A01
200700052968,0,07,000,00,2,3,13,A01
200700052968,0,10,000,00,2,3,01,B02
200700052969,0,07,000,00,2,2,17,A01
200700052969,0,31,000,00,2,1,01,B02
200700052969,0,07,000,00,2,1,01,C03
200700052969,0,07,000,00,2,1,02,D04
200700052970,0,07,000,00,2,1,15,A01
200700052970,0,02,000,00,2,1,01,B02
200700052971,0,07,000,00,2,1,13,A01
200700052971,0,07,000,00,2,3,01,B02
200700052971,0,07,000,00,2,3,01,C03
200700052972,0,10,000,00,2,2,01,A01
200700052972,0,30,000,00,2,3,13,B02
200700052973,0,07,000,00,2,8,15,A01
200700052973,0,33,000,00,2,1,01,B02
200700052974,0,07,000,00,2,4,02,A01
200700052974,0,07,000,00,2,2,01,B02
200700052975,0,07,000,00,2,3,17,A01
200700052975,0,07,000,00,0,3,01,B02
200700052976,0,07,000,00,2,7,17,A01
200700052976,0,07,000,02,2,8,01,B02
200700052977,0,10,000,02,0,3,01,A01
200700052978,0,07,000,00,2,8,17,A01
200700052978,0,07,000,00,2,8,01,B02
200700052979,0,01,000,00,2,6,19,A01
200700052979,0,07,000,00,9,3,01,B02
200700052980,0,07,000,00,0,0,17,A01
200700052981,0,07,000,00,2,7,15,A01
200700052981,0,07,000,00,2,1,01,B02
200700052982,0,33,000,00,5,0,01,A01
200700052983,0,03,000,00,2,2,13,A01
200700052983,0,07,000,00,2,2,01,B02
200700052984,0,33,000,00,0,7,01,A01
200700052985,0,07,000,00,2,5,15,A01
200700052985,0,30,000,00,2,1,02,B02
200700052986,0,07,000,00,2,3,17,A01
200700052986,0,02,000,00,2,3,01,B02
200700052987,0,07,000,00,1,9,01,A01
200700052988,0,07,000,00,2,3,05,A01
200700052988,0,07,000,00,2,3,01,B02
200700052988,0,31,000,00,2,1,01,C03
200700052989,0,21,000,00,2,3,15,A01
200700052989,0,33,000,00,2,1,17,B02
200700052990,0,10,000,09,2,1,17,A01
200700052990,0,07,000,13,0,8,15,B02
200700052991,0,07,000,00,2,3,05,A01
200700052991,0,33,000,00,2,1,01,B02
200700052992,0,07,000,00,2,1,13,A01
200700052992,0,07,000,00,2,1,01,B02
200700052993,0,30,000,00,2,7,09,A01
200700052993,0,07,000,00,2,3,09,B02
200700052994,0,31,000,00,5,1,01,A01
200700052995,0,07,000,00,2,1,17,A01
200700052995,0,38,000,03,2,1,01,B02
200700052995,0,07,000,00,2,8,01,C03
200700052996,0,07,000,00,2,2,05,A01
200700052996,0,07,000,00,2,2,01,B02
200700052997,0,07,000,00,2,1,01,A01
200700052997,0,07,000,00,0,4,01,B02
200700052998,0,07,000,00,2,1,01,A01
200700052998,0,15,000,00,0,5,01,B02
200700052999,0,07,000,00,2,1,13,A01
200700052999,0,07,000,00,2,1,01,B02
200700053000,0,07,000,00,2,2,17,A01
200700053000,0,02,000,00,2,7,01,B02
200700053001,0,30,000,00,2,1,01,A01
200700053001,0,10,000,00,2,4,15,B02
200700053002,0,33,000,00,2,1,18,A01
200700053002,0,07,000,00,2,1,15,B02
200700053003,0,30,000,06,0,2,14,A01
200700053004,0,31,000,03,0,8,01,A01
200700053005,0,32,000,08,0,2,01,A01
200700053006,0,07,000,00,2,2,05,A01
200700053006,0,17,000,00,2,1,01,B02
200700053007,1,99,000,00,1,0,00,A01
200700053008,0,07,000,00,2,1,01,A01
200700053008,0,07,000,00,2,3,01,B02
200700053008,0,07,000,00,2,3,01,C03
200700053009,0,07,000,00,2,8,15,A01
200700053009,0,07,000,15,2,3,01,B02
200700053010,0,07,000,00,2,3,01,A01
200700053010,0,07,000,00,2,0,19,B02
200700053011,0,07,000,00,2,3,13,A01
200700053011,0,07,000,00,2,3,01,B02
200700053012,0,30,000,12,0,7,16,A01
200700053013,0,10,000,00,0,7,01,A01
200700053014,0,07,000,00,1,3,15,A01
200700053015,0,07,000,00,2,2,05,A01
200700053015,0,07,000,00,2,2,01,B02
200700053016,0,07,000,13,0,3,13,A01
200700053017,0,30,000,06,0,1,21,A01
200700053018,0,07,000,00,0,1,00,A01
200700053019,0,07,000,00,2,1,01,A01
200700053019,0,07,000,00,2,3,01,B02
200700053020,0,07,000,00,2,2,05,A01
200700053020,0,07,000,00,2,2,01,B02
200700053021,0,07,000,13,0,2,14,A01
200700053022,0,07,000,00,1,2,01,A01
200700053023,0,10,000,02,0,1,01,A01
200700053024,0,32,000,00,0,7,01,A01
200700053025,0,33,000,00,2,1,17,A01
200700053025,0,07,000,00,2,3,15,B02
200700053025,0,07,000,00,2,1,24,C03
200700053026,0,07,000,03,0,3,01,A01
200700053027,0,31,000,00,2,1,01,A01
200700053027,0,07,000,00,2,7,15,B02
200700053028,0,07,000,03,0,9,01,A01
200700053029,0,07,000,00,0,5,23,A01
200700053029,0,02,000,00,2,1,02,B02
200700053030,0,10,000,00,2,3,13,A01
200700053030,0,07,000,00,2,3,01,B02
200700053031,0,07,000,00,2,1,01,A01
200700053031,0,07,000,00,2,8,01,B02
200700053032,0,02,000,00,2,1,05,A01
200700053032,0,07,000,00,2,2,01,B02
200700053033,0,33,000,13,0,3,01,A01
200700053034,0,02,000,00,2,1,01,A01
200700053034,0,07,000,00,2,3,01,B02
200700053035,0,17,000,00,1,2,01,A01
200700053036,0,07,000,00,2,3,10,A01
200700053036,0,33,000,00,2,1,01,B02
200700053037,0,07,000,00,2,1,13,A01
200700053037,0,07,000,00,2,1,13,B02
200700053038,0,02,000,00,2,0,16,A01
200700053038,0,01,000,00,0,0,16,B02
200700053039,0,07,000,00,2,1,13,A01
200700053039,0,07,000,00,2,1,01,B02
200700053040,0,07,000,00,2,7,00,A01
200700053040,0,07,000,00,2,1,00,B02
200700053041,0,33,000,13,0,1,13,A01
200700053042,0,07,000,00,2,1,13,A01
200700053042,0,07,000,00,2,1,01,B02
200700053043,0,30,000,00,1,1,01,A01
200700053044,0,07,000,00,2,3,13,A01
200700053044,0,30,000,00,2,1,01,B02
200700053045,0,07,000,00,2,1,05,A01
200700053045,0,07,000,00,2,1,01,B02
200700053046,0,07,000,13,0,1,01,A01
200700053047,0,33,000,03,0,3,13,A01
200700053048,0,33,000,00,0,2,01,A01
200700053049,0,07,000,00,2,1,17,A01
200700053049,0,07,000,00,2,8,15,B02
200700053050,0,33,000,00,2,1,00,A01
200700053050,0,07,000,00,2,8,00,B02
200700053050,0,07,000,00,2,5,02,C03
200700053050,0,33,000,00,2,1,23,D04
200700053051,0,07,000,13,0,2,01,A01
200700053052,0,31,000,10,0,2,01,A01
200700053053,0,33,000,00,2,1,13,A01
200700053053,0,07,000,00,2,1,01,B02
200700053054,0,30,000,00,2,1,01,A01
200700053054,0,07,000,00,2,1,01,B02
200700053055,0,07,000,16,0,9,13,A01
200700053056,0,02,000,00,2,1,13,A01
200700053056,0,07,000,00,2,1,14,B02
200700053057,0,07,000,00,2,7,13,A01
200700053057,0,07,000,00,2,1,01,B02
200700053058,0,07,000,02,0,1,01,A01
200700053059,0,03,000,00,1,3,01,A01
200700053060,0,07,000,00,1,6,04,A01
200700053061,0,07,000,00,1,1,13,A01
200700053062,0,33,000,00,2,1,13,A01
200700053062,0,07,000,00,2,3,01,B02
200700053063,0,33,000,00,1,1,17,A01
200700053063,0,07,000,00,0,0,23,B02
200700053064,0,07,000,00,2,1,01,A01
200700053064,0,07,000,00,2,3,15,B02
200700053065,0,07,000,00,2,4,01,A01
200700053065,0,15,000,00,2,3,01,B02
200700053066,0,10,000,00,2,1,02,A01
200700053066,0,38,000,00,5,6,02,B02
200700053067,0,07,000,06,0,2,01,A01
200700053068,0,30,000,00,2,1,01,A01
200700053068,0,30,000,00,2,1,00,B02
200700053068,0,30,000,00,2,1,00,C03
200700053068,0,07,000,00,2,5,09,D04
200700053069,0,07,000,06,0,3,01,A01
200700053070,0,07,000,00,1,2,01,A01
200700053071,0,07,000,00,2,3,15,A01
200700053071,0,02,000,00,2,1,01,B02
200700053072,0,30,000,00,1,2,01,A01
200700053073,0,07,000,00,2,3,01,A01
200700053073,0,30,000,00,2,1,13,B02
200700053074,0,07,000,00,2,2,17,A01
200700053074,0,30,000,00,0,3,00,B02
200700053075,0,31,000,06,0,0,01,A01
200700053076,0,07,000,00,2,8,13,A01
200700053076,0,07,000,00,2,8,01,B02
200700053077,0,10,000,00,2,2,17,A01
200700053077,0,21,000,00,2,6,01,B02
200700053078,0,07,000,00,2,2,22,A01
200700053078,0,07,000,00,2,6,13,B02
200700053079,0,30,000,00,2,3,13,A01
200700053079,0,07,000,00,2,3,01,B02
200700053080,0,07,000,00,2,5,01,A01
200700053080,0,33,000,00,2,1,01,B02
200700053081,0,07,000,00,2,7,01,A01
200700053081,0,02,000,00,2,1,19,B02
200700053082,0,07,000,00,2,3,01,A01
200700053082,0,07,000,00,2,3,13,B02
200700053082,0,07,000,00,2,1,02,C03
200700053083,0,07,000,00,2,3,13,A01
200700053083,0,10,000,00,2,3,01,B02
200700053084,0,33,000,00,2,1,01,A01
200700053084,0,07,000,00,2,3,19,B02
200700053085,0,02,000,00,0,8,01,A01
200700053086,0,07,000,00,2,3,13,A01
200700053086,0,33,000,00,2,8,01,B02
200700053087,0,33,000,00,0,9,01,A01
200700053088,0,33,000,00,0,0,01,A01
200700053089,0,31,000,00,2,1,01,B02
200700053089,0,07,000,00,2,2,19,A01
200700053090,0,07,000,00,2,7,15,A01
200700053090,0,33,000,00,2,1,01,B02
200700053091,0,14,000,00,0,1,02,A01
200700053092,0,33,000,12,0,1,01,A01
200700053093,0,07,000,00,2,1,19,A01
200700053093,0,02,000,00,0,7,05,B02
200700053094,0,02,000,08,0,1,01,A01
200700053095,0,07,000,00,2,1,01,A01
200700053095,0,01,000,00,2,6,19,B02
200700053096,0,07,000,00,2,1,01,A01
200700053096,0,07,000,00,2,3,19,B02
200700053097,0,07,000,08,2,8,13,A01
200700053097,0,07,000,00,2,8,01,B02
200700053098,0,07,000,00,9,2,02,A01
200700053098,0,01,000,00,2,4,02,B02
200700053098,0,01,000,00,2,4,02,C03
200700053099,0,07,000,00,1,3,01,A01
200700053100,0,33,000,00,2,1,17,A01
200700053100,0,07,000,00,2,4,13,B02
200700053101,0,02,000,13,0,7,01,A01
200700053102,0,07,000,02,0,1,14,A01
200700053103,0,07,000,00,2,3,01,A01
200700053103,0,99,000,00,2,2,19,B02
200700053104,0,14,000,00,2,3,01,A01
200700053104,0,15,000,00,2,3,01,B02
200700053105,0,07,000,13,0,1,01,A01
200700053106,0,07,000,00,2,6,01,A01
200700053106,0,30,000,00,2,1,01,B02
200700053107,0,07,000,00,2,3,01,A01
200700053107,0,17,000,00,2,3,01,B02
200700053108,0,07,000,02,0,7,01,A01
200700053109,0,07,000,00,0,9,00,A01
200700053110,0,07,000,00,0,1,09,A01
200700053110,0,30,000,00,0,8,02,B02
200700053111,0,17,000,02,0,8,01,A01
200700053112,0,07,000,00,1,2,01,A01
200700053113,0,33,000,00,2,0,17,A01
200700053113,0,07,000,06,2,8,15,B02
200700053114,0,07,000,00,0,3,13,A01
200700053114,0,07,000,00,0,3,01,B02
200700053115,0,07,000,00,1,0,04,A01
200700053116,0,07,000,02,0,7,01,A01
200700053117,0,33,000,00,2,8,13,A01
200700053117,0,17,000,00,2,6,01,B02
200700053118,0,33,000,00,2,0,21,A01
200700053118,0,33,000,00,2,9,21,B02
200700053119,0,31,000,00,0,8,14,A01
200700053120,0,07,000,02,0,1,01,A01
200700053121,0,37,000,00,2,3,15,A01
200700053121,0,01,000,00,2,1,01,B02
200700053122,0,07,000,00,9,7,15,A01
200700053122,0,01,000,00,2,2,01,B02
200700053122,0,15,000,00,9,7,01,C03
200700053123,0,14,000,00,2,2,15,A01
200700053123,0,07,000,00,2,1,01,B02
200700053124,0,07,000,13,0,1,01,A01
200700053125,0,17,000,00,1,0,01,A01
200700053126,0,10,000,00,1,7,01,A01
200700053127,0,07,000,00,2,4,09,A01
200700053127,0,30,000,00,2,1,01,B02
200700053128,0,15,000,00,2,3,01,A01
200700053128,0,07,000,00,2,8,19,B02
200700053129,0,07,000,02,0,5,17,A01
200700053130,0,30,000,00,2,1,19,A01
200700053130,0,07,000,00,2,7,01,B02
200700053131,0,07,000,10,0,2,01,A01
200700053132,0,07,000,00,2,3,15,A01
200700053132,0,07,000,00,2,1,01,B02
200700053132,0,07,000,00,2,3,01,C03
200700053133,0,07,000,13,0,1,14,A01
200700053134,0,07,000,13,0,8,01,A01
200700053135,0,07,000,02,0,1,01,A01
200700053136,0,33,000,00,2,3,01,A01
200700053136,0,07,000,00,2,5,15,B02
200700053137,0,07,000,00,2,1,01,A01
200700053137,0,07,000,00,2,1,13,B02
200700053138,0,07,000,02,0,1,01,A01
200700053139,0,33,000,00,2,1,13,A01
200700053139,0,07,000,00,2,3,01,B02
200700053140,0,07,000,00,2,1,01,A01
200700053140,0,07,000,00,2,4,15,B02
200700053141,0,07,000,00,2,3,17,A01
200700053141,0,07,000,00,2,3,01,B02
200700053142,0,07,000,13,0,3,00,A01
200700053143,0,07,000,02,0,7,13,A01
200700053144,0,07,000,00,2,3,15,A01
200700053144,0,07,000,00,2,2,01,B02
200700053145,0,07,000,00,2,3,13,A01
200700053145,0,02,000,00,2,1,01,B02
200700053146,0,02,000,00,0,0,01,A01
200700053147,0,07,000,00,1,1,19,A01
200700053148,0,07,000,00,2,8,15,A01
200700053148,0,31,000,00,2,7,17,B02
200700053149,0,07,000,00,2,3,15,A01
200700053149,0,33,000,00,2,1,01,B02
200700053150,0,07,000,00,2,8,19,A01
200700053150,0,07,000,00,2,1,01,B02
200700053151,0,07,000,13,0,2,01,A01
200700053152,0,07,000,00,2,1,01,A01
200700053152,0,07,000,00,2,1,01,B02
200700053153,0,17,000,03,0,7,01,A01
200700053154,0,33,000,13,0,1,01,A01
200700053155,0,33,000,00,2,1,17,A01
200700053155,0,37,000,00,2,8,15,B02
200700053156,0,07,000,00,0,2,01,A01
200700053156,0,07,000,00,0,3,01,B02
200700053157,0,07,000,00,2,1,15,A01
200700053158,0,30,000,00,0,0,01,A01
200700053159,0,07,000,06,0,2,00,A01
200700053160,0,07,000,00,0,0,00,A01
200700053160,0,02,000,00,2,1,01,B02
200700053161,0,07,000,00,2,1,05,A01
200700053161,0,07,000,00,2,1,01,B02
200700053162,0,02,000,00,2,1,01,A01
200700053162,0,07,000,00,2,1,15,B02
200700053163,0,07,000,16,2,2,19,B02
200700053163,0,07,000,00,2,3,21,A01
200700053164,0,07,000,00,0,3,20,A01
200700053164,0,33,000,00,2,1,17,B02
200700053165,0,07,000,00,1,8,02,A01
200700053166,0,36,000,06,0,0,15,A01
200700053167,0,07,000,00,2,8,01,A01
200700053167,0,07,000,00,2,1,19,B02
200700053168,0,31,000,00,0,7,01,A01
200700053169,0,07,000,00,2,5,15,A01
200700053169,0,02,000,00,2,1,01,B02
200700053170,0,07,000,00,2,2,01,A01
200700053170,0,10,000,00,0,6,19,B02
200700053171,0,33,000,00,6,1,01,A01
200700053172,0,33,000,13,0,1,01,A01
200700053173,0,07,000,13,0,8,01,A01
200700053174,0,33,000,13,0,1,01,A01
200700053175,0,07,000,00,1,1,01,A01
200700053176,0,33,000,08,0,1,01,A01
200700053177,0,10,000,13,0,2,01,A01
200700053178,0,07,000,00,2,3,01,A01
200700053178,0,21,000,00,2,2,19,B02
200700053179,0,07,000,00,1,1,01,A01
200700053180,0,07,000,00,1,2,01,A01
200700053181,0,07,000,08,0,1,14,A01
200700053182,0,07,000,00,2,7,21,A01
200700053182,0,07,000,00,2,2,13,B02
200700053183,0,07,000,00,2,8,16,B02
200700053183,0,07,000,00,2,2,01,A01
200700053184,0,02,000,16,0,1,01,A01
200700053185,0,17,000,00,1,2,01,A01
200700053186,0,07,000,02,0,3,01,A01
200700053187,0,07,000,00,2,2,15,A01
200700053187,0,33,000,00,2,1,01,B02
200700053188,0,33,000,00,0,0,01,A01
200700053189,0,07,000,00,9,1,02,A01
200700053189,0,01,000,00,2,4,01,B02
200700053190,0,30,000,15,0,7,15,A01
200700053191,0,07,000,06,0,1,01,A01
200700053192,0,07,000,06,0,1,01,A01
200700053193,0,07,000,00,0,0,16,A01
200700053193,0,01,000,00,0,0,01,B02
200700053194,0,30,000,00,2,1,13,A01
200700053194,0,07,000,00,2,3,14,B02
200700053195,0,07,000,03,2,7,19,A01
200700053195,0,07,000,00,2,1,21,B02
200700053195,0,10,000,00,2,5,21,C03
200700053196,0,33,000,12,0,1,01,A01
200700053197,0,07,000,00,2,3,01,A01
200700053197,0,10,000,00,2,3,01,B02
200700053198,0,33,000,09,0,1,01,A01
200700053199,0,07,000,00,2,8,01,A01
200700053199,0,07,000,00,2,1,01,B02
200700053200,0,07,000,00,0,0,17,A01
200700053200,0,33,000,00,0,0,17,B02
200700053201,0,07,000,00,2,1,01,B02
200700053201,0,07,000,00,2,8,15,A01
200700053202,0,07,000,00,2,2,01,A01
200700053202,0,01,000,00,0,6,01,B02
200700053203,0,07,000,00,2,2,01,A01
200700053203,0,07,000,00,2,3,01,B02
200700053204,0,07,000,00,0,7,01,B02
200700053204,0,31,000,00,2,1,15,A01
200700053205,0,31,000,13,0,8,02,A01
200700053206,0,33,000,00,2,8,01,A01
200700053206,0,07,000,00,1,3,01,B02
200700053207,0,30,000,12,0,1,13,A01
200700053208,0,07,000,13,0,1,01,A01
200700053209,0,30,000,00,2,1,01,A01
200700053209,0,07,000,00,2,8,01,B02
200700053210,0,07,000,00,2,5,15,A01
200700053210,0,33,000,00,2,1,01,B02
200700053211,0,07,000,00,2,3,13,A01
200700053211,0,15,000,00,2,3,01,B02
200700053212,0,07,000,00,0,4,01,A01
200700053212,0,07,000,00,2,1,01,B02
200700053212,0,07,000,01,0,4,01,C03
200700053212,0,07,000,00,2,1,01,D04
200700053213,0,07,000,00,0,3,15,A01
200700053213,0,31,000,00,0,1,00,B02
200700053214,0,07,000,00,2,1,01,A01
200700053214,0,30,000,00,2,1,15,B02
200700053215,0,21,000,00,2,3,01,A01
200700053215,0,10,000,00,2,0,01,B02
200700053216,0,07,000,00,2,3,13,A01
200700053216,0,07,000,00,2,3,01,B02
200700053217,0,01,000,00,2,1,13,A01
200700053217,0,07,000,00,2,2,01,B02
200700053218,0,13,000,00,2,7,19,A01
200700053218,0,07,000,00,2,1,01,B02
200700053219,0,07,000,00,2,1,13,A01
200700053219,0,07,000,00,2,1,01,B02
200700053220,0,07,000,00,1,3,01,A01
200700053221,0,07,000,00,2,3,13,A01
200700053221,0,07,000,00,0,0,01,B02
200700053222,0,10,000,00,2,1,17,A01
200700053222,0,07,000,00,2,4,15,B02
200700053223,0,07,000,00,2,3,01,A01
200700053223,0,07,000,00,2,3,01,B02
200700053224,0,07,000,08,0,7,17,A01
200700053225,0,33,000,00,2,1,02,A01
200700053225,0,10,000,00,0,6,15,B02
200700053226,0,07,000,00,0,0,13,A01
200700053226,0,33,000,13,2,1,21,B02
200700053226,0,10,000,00,2,8,13,C03
200700053227,0,15,000,00,0,8,01,A01
200700053228,0,33,000,00,2,7,01,A01
200700053228,0,07,000,00,2,8,01,B02
200700053229,0,31,000,00,2,1,01,A01
200700053229,0,10,000,00,2,5,01,B02
200700053230,0,07,000,00,2,3,16,A01
200700053230,0,14,000,00,2,3,01,B02
200700053231,0,33,000,00,2,8,13,A01
200700053231,0,07,000,00,9,8,05,B02
200700053232,0,10,000,00,2,3,00,A01
200700053232,0,07,000,00,2,3,00,B02
200700053233,0,07,000,13,0,3,02,A01
200700053234,0,10,000,00,5,2,01,A01
200700053235,0,33,000,00,0,1,01,A01
200700053236,0,33,000,13,0,9,01,A01
200700053237,0,07,000,00,2,3,01,A01
200700053237,0,07,000,00,2,1,11,B02
200700053238,0,07,000,13,0,7,01,A01
200700053239,0,07,000,00,0,9,01,A01
200700053240,0,02,000,08,0,1,01,A01
200700053241,0,07,000,00,2,1,05,A01
200700053241,0,07,000,00,2,1,05,B02
200700053242,2,30,000,00,1,1,01,A01
200700053243,0,07,000,06,0,1,17,A01
200700053244,0,33,000,13,0,8,14,A01
200700053245,0,02,000,00,0,7,01,A01
200700053246,0,33,000,00,0,7,13,A01
200700053247,0,02,000,13,0,1,01,A01
200700053248,0,07,000,00,0,4,02,A01
200700053248,0,30,000,00,2,1,02,B02
200700053249,0,33,000,00,2,7,01,A01
200700053249,0,07,000,00,9,1,00,B02
200700053250,0,07,000,00,0,8,15,A01
200700053250,0,33,000,00,0,1,00,B02
200700053251,0,33,000,00,0,7,01,A01
200700053252,0,33,000,01,0,2,00,A01
200700053253,0,07,000,02,0,1,13,A01
200700053254,0,07,000,00,0,2,01,A01
200700053254,0,07,000,00,0,3,01,B02
200700053255,0,07,000,00,2,7,15,A01
200700053255,0,32,000,00,2,1,01,B02
200700053256,0,07,000,00,1,3,15,A01
200700053257,0,07,000,00,2,1,15,A01
200700053257,0,99,000,00,0,1,01,B02
200700053258,0,07,000,00,2,3,00,A01
200700053258,0,07,000,00,2,2,00,B02
200700053259,0,30,000,00,5,1,01,A01
200700053260,0,07,000,00,2,1,01,A01
200700053260,0,07,000,00,2,8,19,B02
200700053261,0,07,000,06,0,3,01,A01
200700053262,0,07,000,03,0,3,01,A01
200700053263,0,14,000,00,2,1,13,A01
200700053263,0,07,000,00,2,1,01,B02
200700053264,0,07,000,00,2,7,15,A01
200700053264,0,07,000,00,2,1,01,B02
200700053265,0,07,000,00,2,1,13,A01
200700053265,0,07,000,00,2,3,01,B02
200700053266,0,07,000,02,0,2,13,A01
200700053267,0,33,000,00,0,1,14,A01
200700053268,0,07,000,08,0,1,01,A01
200700053269,0,10,000,00,1,4,04,A01
200700053270,0,07,000,00,0,9,13,A01
200700053271,0,33,000,00,1,1,01,A01
200700053272,0,07,000,00,2,7,17,A01
200700053272,0,01,000,00,0,1,19,B02
200700053273,0,07,000,00,6,1,21,A01
200700053274,0,07,000,00,2,3,01,A01
200700053274,0,07,000,00,2,3,01,B02
200700053275,0,07,000,00,0,3,15,A01
200700053275,0,33,000,00,0,7,21,B02
200700053276,0,07,000,00,1,2,01,A01
200700053277,0,33,000,00,2,1,19,A01
200700053277,0,10,000,00,9,1,01,B02
200700053278,0,07,000,13,0,1,01,A01
200700053279,0,10,000,00,2,8,13,A01
200700053279,0,33,000,00,2,7,17,B02
200700053280,0,07,000,00,2,2,20,A01
200700053280,0,33,000,00,2,1,01,B02
200700053281,0,07,000,00,2,3,01,A01
200700053281,0,15,000,00,2,6,01,B02
200700053281,0,10,000,00,2,1,01,C03
200700053282,0,33,000,00,2,1,17,A01
200700053282,0,07,000,00,0,6,01,B02
200700053283,0,14,000,00,2,3,13,A01
200700053283,0,15,000,00,2,3,01,B02
200700053284,0,07,000,00,2,3,01,A01
200700053284,0,07,000,00,2,3,01,B02
200700053284,0,07,000,00,2,3,01,C03
200700053285,0,31,000,00,2,8,01,A01
200700053285,0,07,000,00,2,8,01,B02
200700053286,0,07,000,00,2,3,13,A01
200700053286,0,10,000,00,2,3,01,B02
200700053287,0,36,000,02,0,3,01,A01
200700053288,0,07,000,00,2,1,13,A01
200700053288,0,07,000,00,2,1,01,B02
200700053289,0,07,000,13,0,1,01,A01
200700053290,0,07,000,13,0,3,01,A01
200700053291,0,33,000,03,0,3,00,A01
200700053292,0,07,000,02,0,2,13,A01
200700053293,0,07,000,02,0,7,01,A01
200700053294,0,07,000,00,2,3,01,A01
200700053294,0,07,000,00,2,0,01,B02
200700053295,0,07,000,00,1,1,13,A01
200700053296,0,07,000,13,0,2,01,A01
200700053297,0,33,000,16,0,0,01,A01
200700053298,0,07,000,00,2,2,15,A01
200700053298,0,07,000,00,2,1,01,B02
200700053299,0,07,000,02,0,3,01,A01
200700053300,0,07,000,03,0,2,01,A01
200700053301,0,07,000,00,2,1,13,A01
200700053301,0,07,000,00,2,1,01,B02
200700053302,0,07,000,12,1,1,01,A01
200700053303,0,07,000,00,2,1,13,A01
200700053303,0,07,000,00,2,1,01,B02
200700053304,0,07,000,02,0,1,02,A01
200700053305,0,07,000,00,1,2,01,A01
200700053306,0,33,000,13,0,1,01,A01
200700053307,0,07,000,13,0,1,02,A01
200700053308,0,07,000,02,0,9,01,A01
200700053309,0,33,000,00,0,0,01,A01
200700053310,0,07,000,00,1,2,01,A01
200700053311,0,07,000,02,0,1,01,A01
200700053312,0,33,000,08,0,1,01,A01
200700053313,0,33,000,00,2,8,01,A01
200700053313,0,07,000,00,2,8,01,B02
200700053314,0,07,000,02,0,1,01,A01
200700053315,0,07,000,00,2,3,13,A01
200700053315,0,07,000,00,2,3,01,B02
200700053316,0,10,000,00,2,3,15,A01
200700053316,0,33,000,00,2,1,01,B02
200700053317,0,07,000,00,2,8,01,A01
200700053317,0,30,000,00,2,1,01,B02
200700053318,0,07,000,00,2,1,13,A01
200700053318,0,07,000,00,2,6,01,B02
200700053318,0,07,000,00,2,1,09,C03
200700053318,0,07,000,00,2,2,23,D04
200700053319,0,31,000,00,0,0,17,A01
200700053320,0,02,000,00,4,8,21,A01
200700053320,0,39,000,00,9,1,01,B02
200700053321,0,07,000,15,0,3,13,A01
200700053322,0,07,000,00,0,2,16,A01
200700053322,0,33,000,00,0,1,02,B02
200700053323,0,07,000,02,0,7,01,A01
200700053324,0,33,000,00,2,8,01,B02
200700053324,0,07,000,00,0,6,01,A01
200700053325,0,07,000,00,2,8,17,A01
200700053325,0,31,000,00,2,8,01,B02
200700053326,0,07,000,02,0,3,13,A01
200700053327,0,10,000,02,2,1,01,A01
200700053327,0,07,000,00,2,8,15,B02
200700053328,0,07,000,00,1,2,00,A01
200700053329,0,33,000,00,2,1,13,A01
200700053329,0,10,000,00,0,8,00,B02
200700053330,0,07,000,00,2,7,01,A01
200700053330,0,07,000,00,2,3,01,B02
200700053330,0,10,000,00,2,1,01,C03
200700053331,0,07,000,00,9,7,02,A01
200700053331,0,01,000,00,2,2,15,B02
200700053332,0,07,000,00,2,3,01,B02
200700053332,0,07,000,00,2,1,19,A01
200700053333,0,07,000,00,2,2,01,A01
200700053333,0,10,000,03,2,1,01,B02
200700053334,0,33,000,02,0,1,13,A01
200700053335,0,07,000,02,0,2,01,A01
200700053336,0,01,000,13,5,1,01,A01
200700053337,0,07,000,06,0,1,00,A01
200700053338,0,07,000,01,0,1,02,A01
200700053339,0,02,000,00,0,0,01,A01