Num_Acc,senc,catv,occutc,obs,obsm,choc,manv,num_veh
200700053340,0,02,000,00,2,8,09,A01
200700053340,0,07,000,00,2,2,01,B02
200700053341,0,02,000,01,2,1,01,A01
200700053341,0,07,000,00,2,4,01,B02
200700053342,0,07,000,00,0,0,15,A01
200700053342,0,07,000,00,2,1,13,B02
200700053342,0,07,000,00,2,1,01,C03
200700053343,0,33,000,00,2,8,13,A01
200700053343,0,07,000,00,2,8,01,B02
200700053343,0,10,000,00,2,3,01,C03
200700053344,1,07,000,00,2,0,17,A01
200700053344,0,99,000,00,0,8,01,B02
200700053345,0,07,000,13,0,1,01,A01
200700053346,0,07,000,02,0,4,01,A01
200700053347,0,33,000,00,2,1,17,A01
200700053347,0,10,000,00,2,1,01,B02
200700053348,0,33,000,00,2,1,01,A01
200700053348,0,07,000,00,0,3,19,B02
200700053349,0,07,000,00,2,1,13,A01
200700053349,0,07,000,00,2,1,01,B02
200700053350,0,07,000,00,1,7,01,A01
200700053351,0,30,000,00,0,1,13,A01
200700053351,0,33,000,00,0,1,01,B02
200700053352,0,07,000,00,0,0,00,A01
200700053352,0,07,000,00,2,1,01,B02
200700053353,0,02,000,00,2,1,01,A01
200700053354,1,07,000,00,1,2,01,A01
200700053355,0,07,000,00,1,2,15,A01
200700053356,0,33,000,00,2,1,02,A01
200700053356,0,10,000,00,2,6,02,B02
200700053357,0,30,000,00,2,1,16,A01
200700053357,0,07,000,00,2,8,16,B02
200700053358,0,07,000,00,2,8,01,A01
200700053358,0,31,000,00,2,1,01,B02
200700053359,0,33,000,00,2,1,01,A01
200700053359,0,07,000,00,2,2,15,B02
200700053360,0,33,000,04,0,7,00,A01
200700053361,0,07,000,00,2,3,15,A01
200700053361,0,33,000,00,2,1,01,B02
200700053362,0,07,000,00,2,0,01,A01
200700053362,0,07,000,00,2,1,13,B02
200700053363,0,30,000,00,2,1,15,A01
200700053363,0,07,000,00,2,3,01,B02
200700053364,0,33,000,08,0,8,01,A01
200700053365,0,07,000,09,0,9,13,A01
200700053366,0,07,000,13,0,1,01,A01
200700053367,0,07,000,13,0,9,01,A01
200700053368,0,30,000,00,0,8,01,A01
200700053369,0,01,000,00,0,1,00,A01
200700053370,0,31,000,02,0,3,01,A01
200700053371,0,01,000,00,5,2,00,A01
200700053372,0,33,000,00,2,1,01,A01
200700053372,0,07,000,00,2,3,23,B02
200700053373,0,07,000,00,2,3,15,A01
200700053373,0,30,000,00,2,3,01,B02
200700053374,0,99,000,00,0,6,19,A01
200700053374,0,31,000,00,9,1,01,B02
200700053375,0,31,000,08,0,3,13,A01
200700053376,0,07,000,03,2,8,01,A01
200700053376,0,07,000,00,2,8,01,B02
200700053377,0,07,000,00,2,2,06,A01
200700053377,0,33,000,00,2,1,01,B02
200700053378,0,33,000,06,0,3,21,A01
200700053379,0,07,000,00,2,3,13,A01
200700053379,0,07,000,00,2,2,01,B02
200700053380,0,01,000,00,2,1,01,A01
200700053380,0,07,000,00,0,5,23,B02
200700053381,0,31,000,12,0,0,01,A01
200700053382,0,07,000,00,2,3,15,A01
200700053382,0,33,000,00,2,2,01,B02
200700053383,0,07,000,00,2,2,21,A01
200700053383,0,07,000,00,0,8,19,B02
200700053384,0,07,000,00,0,9,14,A01
200700053385,0,31,000,01,2,1,17,A01
200700053385,0,07,000,00,0,0,23,B02
200700053385,0,07,000,00,2,3,19,C03
200700053386,0,10,000,00,0,3,13,A01
200700053387,0,07,000,13,0,2,14,A01
200700053388,0,07,000,00,2,3,01,A01
200700053388,0,07,000,00,2,6,01,B02
200700053389,0,07,000,08,0,2,01,A01
200700053390,0,07,000,00,2,1,02,A01
200700053390,0,07,000,00,0,4,01,B02
200700053391,0,07,000,00,2,1,01,A01
200700053391,0,14,000,00,2,1,01,B02
200700053392,0,10,000,00,2,6,19,B02
200700053392,0,31,000,00,2,1,01,A01
200700053393,0,07,000,00,2,3,01,A01
200700053393,0,07,000,00,2,8,15,B02
200700053394,0,07,000,00,2,3,13,A01
200700053394,0,33,000,00,2,1,01,B02
200700053395,0,31,000,00,2,1,01,A01
200700053395,0,07,000,00,0,8,01,B02
200700053396,0,33,000,12,0,1,21,A01
200700053397,0,07,000,00,2,3,13,A01
200700053397,0,07,000,00,2,3,01,B02
200700053398,0,07,000,02,0,1,01,A01
200700053399,0,07,000,00,2,1,01,B02
200700053399,0,07,000,00,2,8,19,A01
200700053400,0,07,000,00,2,5,01,A01
200700053400,0,14,000,00,0,3,10,B02
200700053401,0,14,000,00,2,3,02,A01
200700053401,0,07,000,00,2,4,02,B02
200700053401,0,07,000,00,2,1,00,C03
200700053402,0,07,000,00,2,7,15,A01
200700053402,0,10,000,00,2,2,01,B02
200700053403,0,07,000,00,0,1,01,A01
200700053404,0,21,000,00,1,0,01,A01
200700053405,0,02,000,00,9,7,17,A01
200700053405,0,02,000,00,9,8,01,B02
200700053406,0,07,000,00,2,8,09,B02
200700053406,0,07,000,00,2,1,01,A01
200700053407,0,07,000,00,1,4,04,A01
200700053408,0,07,000,00,2,2,17,A01
200700053408,0,32,000,00,0,1,10,B02
200700053409,0,02,000,12,0,1,01,A01
200700053410,0,07,000,00,2,3,17,A01
200700053410,0,33,000,00,2,8,01,B02
200700053411,0,31,000,02,0,1,00,A01
200700053412,0,07,000,00,2,3,13,A01
200700053412,0,17,000,00,2,3,21,B02
200700053413,0,17,000,00,2,1,01,A01
200700053413,0,07,000,00,2,8,01,B02
200700053414,0,07,000,12,0,1,01,A01
200700053415,0,07,000,00,2,1,01,A01
200700053415,0,07,000,11,2,7,19,B02
200700053416,0,07,000,02,0,2,01,A01
200700053417,0,07,000,00,0,2,01,A01
200700053418,0,07,000,00,2,1,01,A01
200700053418,0,32,000,00,2,3,15,B02
200700053419,0,07,000,00,2,6,15,A01
200700053419,0,31,000,00,2,7,17,B02
200700053420,0,07,000,00,2,2,15,A01
200700053420,0,33,000,00,2,1,01,B02
200700053421,0,10,000,08,0,3,13,A01
200700053422,0,07,000,00,2,3,15,A01
200700053422,0,02,000,00,2,1,00,B02
200700053423,0,07,000,00,0,5,15,A01
200700053423,0,33,000,00,0,3,00,B02
200700053424,0,07,000,00,2,2,01,A01
200700053424,0,30,000,00,2,4,15,B02
200700053425,0,07,000,00,2,1,09,A01
200700053425,0,07,000,00,2,2,01,B02
200700053426,0,33,000,13,0,7,01,A01
200700053427,0,07,000,00,2,1,15,A01
200700053427,0,33,000,00,2,1,01,B02
200700053428,0,07,000,13,0,3,01,A01
200700053429,0,07,000,00,1,1,15,A01
200700053430,0,21,000,00,0,4,01,A01
200700053431,0,01,000,12,0,1,00,A01
200700053432,0,10,000,00,0,6,15,A01
200700053432,0,33,000,00,0,1,01,B02
200700053433,0,07,000,00,0,3,15,A01
200700053433,0,31,000,00,2,2,17,B02
200700053434,0,07,000,00,2,3,15,A01
200700053434,0,31,000,00,2,1,17,B02
200700053435,0,33,000,00,2,1,01,A01
200700053435,0,07,000,00,2,4,15,B02
200700053436,0,07,000,05,2,3,01,A01
200700053436,0,14,000,00,0,3,01,B02
200700053437,0,07,000,13,0,1,00,A01
200700053438,0,36,000,00,0,9,00,A01
200700053439,0,07,000,00,2,2,14,A01
200700053439,0,01,000,00,2,4,02,B02
200700053440,0,02,000,00,2,1,00,A01
200700053440,0,07,000,00,2,7,01,B02
200700053441,0,07,000,02,0,3,13,A01
200700053442,0,33,000,13,0,7,17,A01
200700053443,0,36,000,02,0,1,00,A01
200700053444,0,07,000,00,2,2,17,A01
200700053444,0,07,000,00,2,8,15,B02
200700053445,0,07,000,00,2,3,01,A01
200700053445,0,07,000,00,2,6,19,B02
200700053446,0,07,000,00,2,2,15,A01
200700053446,0,07,000,00,2,3,01,B02
200700053447,0,07,000,00,2,3,01,A01
200700053447,0,07,000,00,2,4,01,B02
200700053447,0,07,000,00,2,1,01,C03
200700053448,0,07,000,00,2,8,15,A01
200700053448,0,07,000,00,2,1,05,B02
200700053448,0,07,000,00,2,1,01,C03
200700053449,0,07,000,08,0,0,00,A01
200700053450,0,07,000,13,0,9,01,A01
200700053451,0,07,000,00,2,2,19,A01
200700053451,0,07,000,00,2,3,01,B02
200700053452,0,07,000,00,1,2,01,A01
200700053453,0,07,000,02,0,1,01,A01
200700053454,0,07,000,00,2,3,13,A01
200700053454,0,01,000,00,2,1,01,B02
200700053455,0,10,000,00,0,6,02,A01
200700053455,0,30,000,01,0,2,02,B02
200700053456,0,07,000,16,2,1,16,A01
200700053456,0,01,000,00,2,7,01,B02
200700053457,0,33,000,00,0,8,15,A01
200700053457,0,33,000,00,0,8,15,B02
200700053458,0,07,000,00,2,1,01,A01
200700053458,0,30,000,00,2,8,01,B02
200700053459,0,33,000,06,0,1,02,A01
200700053460,0,99,000,00,2,1,01,A01
200700053460,0,07,000,00,9,3,15,B02
200700053461,0,17,000,00,0,8,16,A01
200700053461,0,17,000,00,0,0,23,B02
200700053462,0,07,000,00,2,3,13,A01
200700053462,0,07,000,00,2,2,01,B02
200700053463,0,02,000,08,0,8,15,A01
200700053464,0,33,000,00,0,7,01,A01
200700053465,0,01,000,01,0,1,01,A01
200700053465,0,14,000,00,0,4,24,B02
200700053466,0,07,000,00,2,1,13,A01
200700053466,0,07,000,00,2,1,01,B02
200700053467,0,33,000,00,0,8,01,A01
200700053468,0,07,000,00,6,9,01,A01
200700053469,0,07,000,00,2,7,16,A01
200700053469,0,07,000,00,2,1,02,B02
200700053470,0,07,000,00,2,3,01,A01
200700053470,0,21,000,00,2,3,01,B02
200700053470,0,15,000,00,0,0,17,D04
200700053471,0,07,000,00,2,2,15,A01
200700053471,0,33,000,00,2,1,01,B02
200700053472,0,07,000,00,2,7,15,A01
200700053472,0,07,000,00,0,0,00,B02
200700053473,0,02,000,00,2,1,01,A01
200700053473,0,07,000,00,0,4,16,B02
200700053474,1,07,000,00,1,1,01,A01
200700053474,0,07,000,00,1,7,01,B02
200700053475,0,07,000,13,0,1,13,A01
200700053476,0,07,000,00,2,1,11,A01
200700053476,0,07,000,00,2,2,00,B02
200700053477,0,07,000,00,2,3,01,A01
200700053477,0,07,000,00,2,3,01,B02
200700053478,0,03,000,00,2,1,05,A01
200700053478,0,07,000,00,2,1,01,B02
200700053479,0,33,000,13,0,1,01,A01
200700053480,0,07,000,08,0,8,13,A01
200700053481,0,14,000,00,2,1,01,A01
200700053481,0,07,000,00,2,4,15,B02
200700053482,0,17,000,00,2,1,01,A01
200700053482,0,07,000,00,2,7,19,B02
200700053483,0,07,000,13,0,3,19,A01
200700053484,0,07,000,00,2,6,17,A01
200700053484,0,33,000,00,2,1,17,B02
200700053485,0,33,000,13,0,1,01,A01
200700053486,0,07,000,02,0,2,01,A01
200700053487,0,07,000,01,0,1,01,A01
200700053487,0,07,000,00,2,4,23,B02
200700053488,0,07,000,00,0,3,01,A01
200700053489,0,07,000,00,2,3,15,A01
200700053489,0,33,000,00,2,1,01,B02
200700053490,0,07,000,00,2,8,19,A01
200700053490,0,14,000,00,2,2,01,B02
200700053491,0,33,000,00,0,7,01,A01
200700053492,0,33,000,00,2,1,17,A01
200700053492,0,07,000,00,2,4,15,B02
200700053493,0,07,000,16,0,0,09,A01
200700053494,0,07,000,00,2,3,15,A01
200700053494,0,07,000,00,2,1,01,B02
200700053495,0,34,000,00,2,3,01,A01
200700053495,0,10,000,00,0,3,01,B02
200700053496,0,01,000,00,1,2,01,A01
200700053496,2,07,000,00,2,2,00,B02
200700053497,0,07,000,00,1,1,01,A01
200700053498,0,07,000,00,2,3,19,A01
200700053498,0,31,000,00,2,1,00,B02
200700053499,0,07,000,00,0,7,15,A01
200700053499,0,30,000,00,2,1,01,B02
200700053500,0,07,000,00,2,1,01,A01
200700053500,0,01,000,00,2,8,15,B02
200700053500,0,01,000,00,2,8,15,C03
200700053501,0,07,000,00,2,3,13,A01
200700053501,0,07,000,00,2,3,01,B02
200700053502,0,30,000,00,2,1,01,A01
200700053502,0,07,000,00,2,4,01,B02
200700053503,0,07,000,00,2,2,01,A01
200700053503,0,07,000,00,2,8,19,B02
200700053504,0,31,000,00,2,1,17,A01
200700053504,0,07,000,00,0,0,01,B02
200700053504,0,07,000,00,2,3,01,C03
200700053505,0,36,000,16,0,9,01,A01
200700053506,0,33,000,13,0,0,01,A01
200700053507,0,07,000,00,2,8,01,A01
200700053507,0,10,000,00,2,1,01,B02
200700053508,0,07,000,00,0,1,15,A01
200700053508,0,01,000,00,0,0,15,B02
200700053509,0,02,000,06,0,1,01,A01
200700053510,0,33,000,00,2,8,17,A01
200700053510,0,07,000,00,2,8,01,B02
200700053511,0,10,000,00,2,3,15,B02
200700053511,0,07,000,00,2,1,01,A01
200700053512,0,07,000,13,0,9,01,A01
200700053513,0,07,000,02,0,2,01,A01
200700053514,0,33,000,00,0,0,00,A01
200700053514,0,33,000,00,2,1,01,B02
200700053515,0,33,000,14,2,1,13,A01
200700053515,0,07,000,00,2,1,21,B02
200700053516,0,01,000,00,2,1,01,A01
200700053516,0,07,000,00,9,7,15,B02
200700053517,0,07,000,00,2,3,19,A01
200700053517,0,07,000,00,2,2,01,B02
200700053518,0,07,000,00,2,1,13,A01
200700053518,0,07,000,14,2,3,01,B02
200700053519,0,33,000,06,2,1,17,A01
200700053519,0,07,000,00,0,3,15,B02
200700053520,0,07,000,00,2,1,01,A01
200700053520,0,07,000,00,2,3,16,B02
200700053521,0,07,000,13,0,1,14,A01
200700053522,0,33,000,03,0,1,01,A01
200700053523,0,33,000,00,0,8,01,A01
200700053524,0,07,000,00,2,1,01,A01
200700053524,0,07,000,00,2,5,15,B02
200700053525,0,33,000,00,0,3,01,A01
200700053526,0,07,000,00,1,6,04,A01
200700053527,0,07,000,00,1,3,15,A01
200700053528,0,07,000,00,0,1,01,A01
200700053529,0,07,000,00,2,7,13,A01
200700053529,0,07,000,00,2,1,01,B02
200700053530,0,07,000,02,0,1,01,A01
200700053531,0,07,000,00,2,1,13,A01
200700053531,0,07,000,00,2,1,00,B02
200700053532,0,07,000,00,2,2,21,A01
200700053532,0,07,000,00,2,1,05,B02
200700053533,0,33,000,00,2,1,13,A01
200700053533,0,33,000,00,2,1,01,B02
200700053533,0,33,000,00,0,8,01,C03
200700053534,0,30,000,00,2,8,01,A01
200700053535,0,07,000,00,2,5,15,A01
200700053535,0,07,000,00,2,2,01,B02
200700053536,0,30,000,12,0,0,01,A01
200700053537,0,07,000,00,2,3,01,A01
200700053537,0,01,000,00,2,0,15,B02
200700053538,0,01,000,00,2,3,02,A01
200700053539,0,07,000,08,0,2,01,A01
200700053540,0,07,000,13,0,9,01,A01
200700053541,0,07,000,00,2,3,17,A01
200700053541,0,10,000,00,2,2,01,B02
200700053542,0,07,000,08,0,7,00,A01
200700053543,0,33,000,06,0,1,01,A01
200700053544,0,07,000,00,2,3,19,A01
200700053544,0,33,000,00,2,1,01,B02
200700053545,0,07,000,00,2,1,17,A01
200700053545,0,07,000,00,2,1,01,B02
200700053545,0,07,000,00,2,8,01,C03
200700053546,0,01,000,00,0,1,21,A01
200700053547,0,07,000,02,0,2,00,A01
200700053548,0,07,000,00,0,0,02,A01
200700053549,0,01,000,00,0,1,00,A01
200700053549,0,07,000,00,0,2,00,B02
200700053550,0,07,000,00,0,3,01,A01
200700053550,0,01,000,00,0,1,16,B02
200700053551,0,07,000,00,2,2,15,A01
200700053551,0,02,000,00,2,1,01,B02
200700053552,0,33,000,00,0,1,01,A01
200700053553,0,07,000,00,2,6,23,A01
200700053553,0,15,000,00,2,1,01,B02
200700053553,0,02,000,00,2,1,21,C03
200700053554,0,10,000,00,2,1,01,A01
200700053554,0,10,000,00,2,1,13,B02
200700053555,0,07,000,00,2,3,01,A01
200700053555,0,07,000,00,2,3,01,B02
200700053556,0,07,000,02,0,1,13,A01
200700053557,0,07,000,00,1,3,09,A01
200700053558,0,07,000,00,2,2,16,A01
200700053558,0,01,000,00,2,1,19,B02
200700053559,0,33,000,03,0,0,17,A01
200700053560,0,07,000,00,6,8,01,A01
200700053560,0,10,000,00,6,3,01,B02
200700053561,0,17,000,00,2,6,01,A01
200700053561,0,07,000,00,2,8,01,B02
200700053562,0,07,000,00,6,4,23,A01
200700053562,0,07,000,14,0,4,21,B02
200700053562,0,33,000,00,2,1,21,C03
200700053563,0,07,000,00,1,2,01,A01
200700053564,0,07,000,00,2,6,10,A01
200700053564,0,32,000,00,2,1,17,B02
200700053565,0,14,000,00,2,6,01,A01
200700053565,0,10,000,00,2,3,01,B02
200700053566,0,07,000,00,2,5,01,A01
200700053566,0,10,000,00,2,1,01,B02
200700053567,0,07,000,00,2,7,17,A01
200700053567,0,21,000,00,2,8,01,B02
200700053568,0,07,000,02,0,3,14,A01
200700053569,0,07,000,01,0,1,01,A01
200700053569,0,07,000,00,2,4,00,B02
200700053570,0,07,000,00,1,2,01,A01
200700053571,0,07,000,13,0,9,01,A01
200700053572,0,10,000,00,2,1,05,A01
200700053572,0,07,000,00,2,1,01,B02
200700053573,0,10,000,06,0,2,01,A01
200700053574,0,07,000,08,0,8,13,A01
200700053575,0,07,000,00,2,2,01,A01
200700053575,0,02,000,00,2,1,01,B02
200700053576,0,07,000,00,2,1,13,A01
200700053576,0,07,000,00,2,3,01,B02
200700053577,0,07,000,13,0,1,01,A01
200700053578,0,07,000,06,0,9,01,A01
200700053579,0,30,000,16,0,0,01,A01
200700053580,0,02,000,00,2,1,01,B02
200700053580,0,07,000,00,2,2,01,A01
200700053581,0,07,000,13,0,1,13,A01
200700053582,0,07,000,00,2,3,15,A01
200700053582,0,31,000,00,2,1,01,B02
200700053583,0,07,000,00,0,2,01,A01
200700053584,0,07,000,08,0,1,01,A01
200700053585,0,21,000,00,2,3,01,A01
200700053585,0,30,000,00,2,1,01,B02
200700053586,0,07,000,00,2,3,19,A01
200700053586,0,02,000,00,2,1,17,B02
200700053587,0,07,000,00,1,1,01,A01
200700053588,0,07,000,06,0,1,01,A01
200700053589,0,07,000,01,1,4,20,A01
200700053590,0,07,000,00,1,3,00,A01
200700053591,0,10,000,00,0,0,01,A01
200700053591,0,07,000,00,0,0,01,B02
200700053592,0,07,000,00,2,1,13,A01
200700053592,0,33,000,00,2,1,21,B02
200700053592,0,33,000,00,2,1,21,C03
200700053593,0,07,000,13,0,1,01,A01
200700053594,0,33,000,07,0,9,15,A01
200700053595,0,07,000,00,2,3,01,A01
200700053595,0,07,000,00,2,3,01,B02
200700053596,0,15,000,00,1,2,02,A01
200700053597,0,14,000,00,2,1,19,A01
200700053597,0,07,000,00,2,6,01,B02
200700053598,0,07,000,08,0,2,01,A01
200700053599,0,21,000,00,2,2,19,A01
200700053599,0,01,000,00,2,1,15,B02
200700053600,0,02,000,00,2,1,15,A01
200700053600,0,07,000,00,2,3,01,B02
200700053601,0,10,000,00,2,1,01,A01
200700053601,0,07,000,00,2,4,01,B02
200700053601,0,07,000,00,2,4,01,C03
200700053602,0,07,000,13,0,1,01,A01
200700053603,0,07,000,00,2,1,01,B02
200700053603,0,10,000,00,2,7,01,A01
200700053604,0,07,000,00,2,1,17,A01
200700053604,0,07,000,00,2,1,01,B02
200700053605,0,33,000,11,0,1,01,A01
200700053606,0,07,000,03,2,8,15,A01
200700053606,0,07,000,00,2,1,01,B02
200700053607,0,07,000,08,2,6,09,A01
200700053607,0,33,000,00,2,1,19,B02
200700053608,0,07,000,00,2,2,01,A01
200700053608,0,07,000,00,2,8,15,B02
200700053609,0,30,000,00,2,3,15,A01
200700053609,0,07,000,00,2,2,17,B02
200700053610,0,07,000,00,2,2,01,A01
200700053610,0,07,000,00,2,3,01,B02
200700053611,0,33,000,12,0,1,15,A01
200700053612,0,01,000,13,0,1,01,A01
200700053613,0,07,000,13,0,1,13,A01
200700053614,0,07,000,00,2,8,19,A01
200700053614,0,13,000,00,2,3,01,B02
200700053615,0,01,000,00,2,1,01,A01
200700053615,0,21,000,00,9,6,15,B02
200700053616,0,07,000,00,2,8,01,A01
200700053616,0,07,000,00,2,8,01,B02
200700053617,0,03,000,00,1,2,01,A01
200700053618,0,07,000,00,2,3,21,A01
200700053618,0,33,000,00,2,1,01,B02
200700053619,0,07,000,00,2,7,01,A01
200700053619,0,31,000,00,2,1,01,B02
200700053620,0,30,000,00,0,7,15,A01
200700053620,0,07,000,00,0,3,01,B02
200700053621,0,07,000,02,0,3,01,A01
200700053622,0,07,000,00,2,2,15,A01
200700053623,0,07,000,00,2,2,01,A01
200700053623,0,07,000,00,2,3,01,B02
200700053624,0,07,000,00,0,9,01,A01
200700053625,0,07,000,00,2,2,14,A01
200700053625,0,07,000,00,2,3,15,B02
200700053626,0,01,000,16,0,0,16,A01
200700053627,0,31,000,06,0,1,01,A01
200700053628,0,02,000,00,2,8,16,A01
200700053628,0,07,000,00,2,8,00,B02
200700053629,0,07,000,00,2,1,01,A01
200700053629,0,07,000,08,2,1,01,B02
200700053630,0,07,000,13,0,3,01,A01
200700053631,0,10,000,00,2,1,01,B02
200700053631,0,02,000,00,2,7,15,A01
200700053632,0,33,000,00,2,8,01,A01
200700053632,0,31,000,00,2,0,20,B02
200700053633,0,07,000,00,2,1,01,A01
200700053633,0,07,000,00,2,7,01,B02
200700053634,0,07,000,00,2,2,13,A01
200700053634,0,07,000,00,2,2,02,B02
200700053635,0,31,000,00,0,7,01,A01
200700053636,0,07,000,00,1,2,01,A01
200700053637,0,07,000,02,0,3,13,A01
200700053638,0,07,000,00,2,3,01,A01
200700053638,0,33,000,00,2,7,16,B02
200700053639,0,07,000,00,2,1,13,A01
200700053639,0,07,000,00,2,1,01,B02
200700053640,0,02,000,01,0,7,01,A01
200700053640,0,07,000,00,2,8,24,B02
200700053641,0,07,000,02,0,1,01,A01
200700053642,0,07,000,03,0,0,01,A01
200700053643,0,07,000,00,2,2,02,A01
200700053643,0,02,000,00,2,4,02,B02
200700053644,0,07,000,00,1,1,01,A01
200700053645,0,30,000,00,2,1,17,A01
200700053645,0,07,000,00,2,3,15,B02
200700053645,0,07,000,01,2,4,00,C03
200700053646,0,07,000,00,2,8,10,A01
200700053646,0,15,000,00,2,1,01,B02
200700053647,0,07,000,06,0,1,19,A01
200700053648,0,07,000,00,2,2,17,A01
200700053648,0,07,000,02,0,6,17,B02
200700053649,0,07,000,08,0,9,01,A01
200700053650,0,07,000,00,2,7,19,A01
200700053650,0,02,000,00,2,1,01,B02
200700053651,0,07,000,13,0,0,01,A01
200700053652,0,07,000,00,2,1,13,A01
200700053652,0,07,000,00,2,3,01,B02
200700053653,0,07,000,02,0,1,01,A01
200700053654,0,33,000,16,0,0,01,A01
200700053655,0,10,000,00,2,3,01,A01
200700053655,0,10,000,00,2,1,01,B02
200700053655,0,10,000,00,2,1,00,C03
200700053656,0,07,000,00,0,3,09,A01
200700053656,0,30,000,00,0,1,01,B02
200700053657,0,02,000,01,0,1,16,A01
200700053658,0,07,000,00,0,8,10,A01
200700053658,0,14,000,00,2,2,02,B02
200700053659,0,33,000,05,0,1,01,A01
200700053660,0,07,000,00,0,9,01,A01
200700053661,0,07,000,00,2,1,01,A01
200700053661,0,30,000,00,2,1,13,B02
200700053662,0,07,000,00,2,1,17,A01
200700053662,0,31,000,00,2,1,01,B02
200700053663,0,07,000,02,0,1,01,A01
200700053664,0,33,000,08,0,1,01,A01
200700053665,0,07,000,00,2,1,01,A01
200700053665,0,99,000,00,2,6,01,B02
200700053666,0,21,000,00,2,1,19,A01
200700053666,0,07,000,00,2,2,01,B02
200700053667,0,15,000,13,0,2,01,A01
200700053668,0,07,000,07,0,1,01,A01
200700053669,0,07,000,00,6,1,21,A01
200700053670,0,07,000,02,0,2,01,A01
200700053671,0,07,000,02,0,1,01,A01
200700053672,0,30,000,00,0,7,01,A01
200700053673,0,10,000,00,2,1,01,A01
200700053673,0,15,000,00,2,4,01,B02
200700053674,0,07,000,00,2,2,19,A01
200700053674,0,02,000,00,2,1,01,B02
200700053675,0,07,000,00,2,3,15,A01
200700053675,0,33,000,00,2,2,17,B02
200700053676,0,07,000,00,0,3,01,A01
200700053677,0,07,000,02,0,1,01,A01
200700053678,0,07,000,06,0,1,00,A01
200700053679,0,07,000,03,0,2,17,A01
200700053680,0,07,000,00,0,9,02,A01
200700053681,0,10,000,00,2,3,13,A01
200700053681,0,07,000,00,2,8,01,B02
200700053681,0,07,000,00,2,1,01,C03
200700053682,0,07,000,00,0,7,00,A01
200700053682,0,07,000,00,0,2,00,B02
200700053683,0,31,000,00,0,0,01,A01
200700053684,0,33,000,00,0,0,01,A01
200700053685,0,33,000,15,0,1,01,A01
200700053686,0,07,000,13,0,2,01,A01
200700053687,0,07,000,13,0,3,01,A01
200700053688,0,33,000,00,6,1,01,A01
200700053689,0,33,000,06,0,1,01,A01
200700053690,0,33,000,00,2,1,02,A01
200700053690,0,07,000,00,0,3,02,B02
200700053691,0,07,000,13,0,1,14,A01
200700053692,0,07,000,16,0,2,01,A01
200700053693,0,33,000,00,2,8,13,A01
200700053693,0,37,000,00,2,3,01,B02
200700053694,0,07,000,13,0,3,13,A01
200700053695,0,07,000,13,0,1,13,A01
200700053696,0,33,000,00,0,1,21,A01
200700053697,0,07,000,00,2,7,15,A01
200700053697,0,33,000,00,2,1,01,B02
200700053698,0,30,000,00,0,8,02,A01
200700053699,0,07,000,00,2,2,17,A01
200700053699,0,33,000,00,2,0,01,B02
200700053700,0,07,000,00,2,3,05,A01
200700053700,0,21,000,00,2,6,05,B02
200700053701,0,07,000,06,0,7,01,A01
200700053702,0,07,000,00,2,2,15,A01
200700053702,0,05,000,00,2,3,01,B02
200700053703,0,01,000,09,1,1,00,A01
200700053704,0,07,000,00,2,1,13,A01
200700053704,0,07,000,00,2,1,13,B02
200700053705,0,01,000,00,2,1,01,A01
200700053705,0,07,000,00,2,8,19,B02
200700053706,0,33,000,00,0,1,01,A01
200700053707,0,07,000,00,2,1,13,A01
200700053707,0,33,000,00,2,1,01,B02
200700053708,0,07,000,02,0,7,19,A01
200700053709,0,07,000,00,2,1,17,A01
200700053709,0,07,000,00,2,1,01,B02
200700053710,0,07,000,00,2,3,09,A01
200700053710,0,01,000,00,2,5,01,B02
200700053711,0,30,000,00,2,7,10,A01
200700053711,0,33,000,00,2,1,17,B02
200700053712,0,15,000,00,2,1,02,A01
200700053712,0,15,000,00,2,4,02,B02
200700053712,0,07,000,00,2,4,02,C03
200700053713,0,07,000,00,2,3,13,A01
200700053713,0,14,000,00,2,3,01,B02
200700053714,0,07,000,00,2,2,01,A01
200700053714,0,36,000,00,2,3,01,B02
200700053715,0,07,000,00,1,2,01,A01
200700053716,0,07,000,00,2,6,13,A01
200700053716,0,17,000,00,2,3,01,B02
200700053716,0,07,000,00,0,1,01,C03
200700053717,0,07,000,00,2,5,15,A01
200700053717,0,01,000,00,2,1,01,B02
200700053718,0,07,000,15,2,5,19,A01
200700053718,0,10,000,00,2,1,01,B02
200700053719,0,33,000,13,0,1,01,A01
200700053720,0,02,000,00,2,1,01,A01
200700053720,0,07,000,00,2,1,15,B02
200700053721,0,02,000,06,0,1,01,A01
200700053722,0,07,000,03,2,2,13,A01
200700053722,0,07,000,00,2,3,01,B02
200700053723,0,33,000,16,0,0,17,A01
200700053724,0,07,000,02,0,1,13,A01
200700053725,0,31,000,03,0,1,01,A01
200700053726,0,07,000,02,0,1,00,A01
200700053727,0,07,000,00,2,5,09,A01
200700053727,0,07,000,00,2,1,01,B02
200700053728,0,02,000,00,2,1,13,A01
200700053728,0,33,000,00,2,1,01,B02
200700053729,0,07,000,02,0,7,00,A01
200700053730,0,07,000,00,2,1,13,A01
200700053730,0,07,000,00,2,3,01,B02
200700053731,0,07,000,00,2,7,01,A01
200700053731,0,03,000,00,2,1,01,B02
200700053732,0,21,000,01,0,2,21,A01