Num_Acc,senc,catv,occutc,obs,obsm,choc,manv,num_veh
200700053732,0,10,000,00,2,8,24,B02
200700053733,0,07,000,06,0,9,13,A01
200700053734,0,07,000,00,2,1,13,A01
200700053734,0,07,000,00,2,1,01,B02
200700053735,0,07,000,08,0,2,01,A01
200700053736,0,07,000,02,0,3,01,A01
200700053737,0,07,000,00,2,3,01,A01
200700053737,0,02,000,00,2,1,01,B02
200700053738,0,07,000,00,2,1,15,A01
200700053738,0,02,000,00,2,1,01,B02
200700053739,0,30,000,00,2,1,01,A01
200700053739,0,07,000,00,2,2,01,B02
200700053740,0,02,000,00,2,2,05,A01
200700053740,0,07,000,00,2,2,01,B02
200700053741,0,07,000,02,0,9,01,A01
200700053742,0,07,000,09,0,1,00,A01
200700053743,0,33,000,07,0,1,01,A01
200700053744,0,07,000,00,1,2,02,A01
200700053745,0,02,000,00,2,3,13,A01
200700053745,0,07,000,00,2,3,01,B02
200700053746,0,30,000,00,0,0,02,A01
200700053746,0,07,000,00,0,0,02,B02
200700053747,0,33,000,16,0,1,14,A01
200700053748,0,33,000,00,2,4,01,A01
200700053748,0,07,000,00,2,1,01,B02
200700053749,0,07,000,02,0,3,01,A01
200700053750,0,33,000,13,0,5,09,A01
200700053751,0,07,000,09,0,0,01,A01
200700053752,0,07,000,00,2,1,01,A01
200700053752,0,14,000,00,2,8,01,B02
200700053753,0,33,000,10,0,1,13,A01
200700053754,0,30,000,00,2,1,13,A01
200700053754,0,07,000,00,2,3,01,B02
200700053755,0,32,000,00,0,1,00,A01
200700053756,0,07,000,00,0,3,17,A01
200700053757,0,30,000,00,0,8,15,A01
200700053757,0,07,000,00,0,1,15,B02
200700053758,0,30,000,00,2,1,01,A01
200700053758,0,07,000,00,2,6,01,B02
200700053759,0,07,000,00,0,6,01,A01
200700053759,0,02,000,00,2,1,01,B02
200700053760,0,07,000,00,0,3,10,A01
200700053760,0,07,000,00,2,1,10,B02
200700053761,0,07,000,00,2,3,11,A01
200700053761,0,33,000,00,2,7,01,B02
200700053762,0,33,000,00,2,2,02,A01
200700053762,0,07,000,00,2,6,02,B02
200700053763,0,30,000,00,2,1,00,A01
200700053763,0,07,000,00,2,4,15,B02
200700053764,0,30,000,00,2,1,01,A01
200700053764,0,10,000,00,0,7,15,B02
200700053765,0,32,000,00,2,1,01,B02
200700053765,0,07,000,00,2,6,15,A01
200700053766,0,02,000,00,2,7,01,A01
200700053766,0,07,000,00,2,3,09,B02
200700053767,0,07,000,00,9,3,00,A01
200700053767,0,01,000,00,2,1,17,B02
200700053768,0,07,000,00,1,1,01,A01
200700053769,0,30,000,00,2,1,13,A01
200700053769,0,07,000,00,2,3,01,B02
200700053770,0,07,000,00,2,1,02,A01
200700053770,0,33,000,00,2,4,01,B02
200700053771,0,07,000,00,1,4,04,A01
200700053772,0,10,000,13,0,0,13,A01
200700053773,0,07,000,00,2,1,01,A01
200700053773,0,07,000,00,2,1,13,B02
200700053774,0,10,000,06,0,3,01,A01
200700053775,0,10,000,00,2,3,13,A01
200700053775,0,14,000,00,2,3,00,B02
200700053775,0,07,000,00,2,4,21,C03
200700053776,0,07,000,00,9,2,01,A01
200700053776,0,01,000,00,2,1,01,B02
200700053777,0,07,000,00,0,0,17,A01
200700053778,0,30,000,00,2,1,01,A01
200700053778,0,07,000,00,2,8,01,B02
200700053778,0,07,000,00,2,1,01,C03
200700053778,0,07,000,00,2,1,01,D04
200700053779,0,14,000,00,2,2,14,A01
200700053779,0,99,000,00,0,5,01,B02
200700053780,0,02,000,00,2,8,19,A01
200700053780,0,07,000,00,2,1,01,B02
200700053781,0,10,000,00,2,2,15,A01
200700053781,0,02,000,00,2,7,01,B02
200700053782,0,07,000,00,2,1,13,A01
200700053782,0,07,000,00,2,1,01,B02
200700053783,0,07,000,03,0,3,01,A01
200700053784,0,32,000,00,6,0,01,A01
200700053785,0,07,000,00,2,8,19,A01
200700053785,0,02,000,00,2,1,01,B02
200700053786,0,07,000,00,1,1,15,A01
200700053787,0,07,000,13,0,1,01,A01
200700053788,0,17,000,00,2,3,00,A01
200700053788,0,33,000,00,2,1,17,B02
200700053789,0,07,000,00,1,7,01,A01
200700053790,0,21,000,00,2,4,02,A01
200700053790,0,14,000,00,0,4,02,B02
200700053790,0,07,000,00,2,1,02,C03
200700053791,0,07,000,00,2,8,00,A01
200700053791,0,33,000,00,2,3,13,B02
200700053792,0,07,000,02,0,1,01,A01
200700053793,0,02,000,00,2,1,17,A01
200700053793,0,02,000,00,2,8,01,B02
200700053793,0,10,000,00,2,3,01,C03
200700053794,0,33,000,00,0,0,01,A01
200700053794,0,17,000,00,0,0,01,B02
200700053795,0,07,000,16,0,3,01,A01
200700053796,0,30,000,00,2,8,17,A01
200700053796,0,07,000,00,0,7,15,B02
200700053797,0,07,000,13,0,4,01,A01
200700053798,0,30,000,00,1,1,01,A01
200700053799,0,10,000,00,1,4,04,A01
200700053800,0,17,000,00,0,7,01,A01
200700053801,0,07,000,06,0,2,14,A01
200700053802,0,07,000,06,0,3,01,A01
200700053803,0,33,000,11,0,1,17,A01
200700053804,0,02,000,00,2,1,17,A01
200700053804,0,07,000,00,2,6,15,B02
200700053805,0,07,000,00,2,1,02,A01
200700053805,0,01,000,00,2,4,02,B02
200700053806,0,33,000,12,0,1,01,A01
200700053807,0,07,000,00,0,6,15,A01
200700053807,0,33,000,00,2,1,17,B02
200700053808,0,10,000,16,0,1,01,A01
200700053809,0,02,000,00,2,1,01,A01
200700053809,0,17,000,00,2,1,15,B02
200700053810,0,30,000,00,0,1,01,A01
200700053811,0,07,000,13,0,3,00,A01
200700053812,0,07,000,00,1,7,01,A01
200700053813,0,14,000,00,2,5,15,A01
200700053813,0,07,000,00,2,1,01,B02
200700053814,0,07,000,00,2,3,13,A01
200700053814,0,10,000,00,2,3,01,B02
200700053814,0,07,000,00,2,3,01,C03
200700053815,0,07,000,13,0,9,01,A01
200700053816,0,07,000,15,0,2,01,A01
200700053817,0,07,000,00,2,1,15,A01
200700053817,0,07,000,00,2,1,01,B02
200700053818,0,36,000,13,0,7,01,A01
200700053819,0,07,000,00,0,3,01,A01
200700053820,0,31,000,00,2,8,18,A01
200700053820,0,07,000,00,2,2,20,B02
200700053821,0,02,000,06,0,1,14,A01
200700053822,0,07,000,13,0,2,14,A01
200700053823,0,07,000,00,2,9,19,A01
200700053823,0,15,000,00,2,1,01,B02
200700053824,0,07,000,00,2,3,13,A01
200700053824,0,38,000,00,2,3,01,B02
200700053825,0,33,000,00,2,1,01,A01
200700053825,0,07,000,00,2,7,19,B02
200700053826,0,33,000,00,2,1,01,A01
200700053826,0,07,000,00,2,7,16,B02
200700053827,0,07,000,00,2,3,01,A01
200700053827,0,07,000,00,2,1,01,B02
200700053827,0,07,000,00,2,2,01,C03
200700053828,0,07,000,00,2,5,01,A01
200700053828,0,01,000,00,2,1,01,B02
200700053829,0,30,000,00,2,1,01,A01
200700053829,0,10,000,00,2,3,01,B02
200700053830,0,07,000,00,1,1,01,A01
200700053831,0,07,000,13,0,9,15,A01
200700053832,0,15,000,03,0,7,15,A01
200700053833,0,02,000,00,2,1,01,A01
200700053833,0,07,000,00,2,3,19,B02
200700053834,0,10,000,00,2,1,13,A01
200700053834,0,10,000,00,2,1,01,B02
200700053835,0,07,000,13,0,2,14,A01
200700053836,0,07,000,00,1,2,17,A01
200700053837,0,07,000,13,0,9,01,A01
200700053838,0,07,000,00,2,1,01,B02
200700053838,0,07,000,00,2,2,01,A01
200700053839,0,07,000,02,0,9,16,A01
200700053840,0,07,000,00,2,3,01,B02
200700053840,0,07,000,00,0,4,02,C03
200700053840,0,07,000,00,2,8,01,D04
200700053841,0,07,000,13,0,9,01,A01
200700053842,0,07,000,13,0,3,17,A01
200700053843,0,07,000,00,0,1,13,A01
200700053843,0,07,000,00,0,8,16,B02
200700053844,0,07,000,13,0,9,01,A01
200700053845,0,38,000,00,2,3,01,A01
200700053845,0,21,000,00,2,3,01,B02
200700053846,0,07,000,02,0,1,01,A01
200700053847,0,33,000,00,2,1,13,A01
200700053847,0,07,000,00,2,1,01,B02
200700053848,0,07,000,00,2,2,15,A01
200700053848,0,07,000,00,2,8,01,B02
200700053849,0,10,000,00,1,3,19,A01
200700053850,0,07,000,00,2,2,05,A01
200700053850,0,07,000,00,2,2,01,B02
200700053851,0,07,000,06,0,2,14,A01
200700053852,0,17,000,00,2,3,01,A01
200700053852,0,07,000,00,2,3,01,B02
200700053853,0,07,000,00,2,3,13,A01
200700053853,0,07,000,00,2,3,01,B02
200700053854,0,07,000,00,2,3,01,A01
200700053854,0,31,000,00,2,3,01,B02
200700053855,0,30,000,00,9,8,01,A01
200700053855,0,01,000,00,0,4,01,B02
200700053855,0,01,000,00,0,4,00,C03
200700053856,0,30,000,16,0,1,01,A01
200700053857,0,07,000,00,2,5,13,A01
200700053857,0,30,000,00,2,1,01,B02
200700053857,0,07,000,00,2,2,01,C03
200700053858,0,07,000,13,0,3,01,A01
200700053859,0,07,000,15,2,1,13,A01
200700053859,0,07,000,00,2,1,01,B02
200700053860,0,33,000,00,2,1,02,A01
200700053860,0,07,000,00,0,4,02,B02
200700053861,0,05,000,00,2,1,02,A01
200700053861,0,05,000,00,2,4,02,B02
200700053862,0,07,000,00,0,1,01,A01
200700053862,0,01,000,00,0,1,13,B02
200700053863,0,07,000,00,2,3,01,A01
200700053863,0,10,000,00,2,3,01,B02
200700053864,0,07,000,00,2,1,01,A01
200700053864,0,33,000,00,2,4,23,B02
200700053864,0,07,000,00,1,4,23,C03
200700053865,0,07,000,00,0,0,00,A01
200700053865,0,10,000,00,2,3,01,B02
200700053866,0,07,000,00,2,3,01,B02
200700053866,0,07,000,00,2,1,01,A01
200700053867,0,01,000,00,2,7,01,A01
200700053867,0,18,000,00,0,3,16,B02
200700053868,0,07,000,02,0,8,01,A01
200700053869,0,33,000,00,0,2,00,A01
200700053870,0,02,000,00,2,3,16,A01
200700053870,0,07,000,00,2,1,01,B02
200700053871,0,07,000,02,0,1,01,A01
200700053872,0,30,000,00,2,8,15,A01
200700053872,0,33,000,00,2,1,01,B02
200700053873,0,07,000,00,0,3,00,A01
200700053874,0,07,000,01,0,1,13,A01
200700053874,0,07,000,00,2,1,00,B02
200700053875,0,07,000,06,0,1,01,A01
200700053876,0,33,000,00,2,1,01,A01
200700053876,0,01,000,00,2,1,01,B02
200700053877,0,30,000,01,0,1,01,A01
200700053878,0,21,000,00,0,0,16,A01
200700053879,0,03,000,00,1,1,01,A01
200700053880,0,07,000,00,1,2,01,A01
200700053881,0,33,000,16,0,1,01,A01
200700053882,0,07,000,00,2,2,01,A01
200700053882,0,07,000,00,2,1,01,B02
200700053883,0,07,000,00,1,2,01,A01
200700053884,0,07,000,00,0,1,01,A01
200700053884,0,07,000,00,0,4,00,B02
200700053884,0,07,000,00,0,4,00,C03
200700053884,0,07,000,00,0,4,00,D04
200700053885,0,21,000,01,0,2,01,A01
200700053885,0,07,000,00,0,6,24,B02
200700053885,0,07,000,01,0,6,00,C03
200700053886,0,07,000,00,0,3,13,A01
200700053887,0,30,000,01,0,7,01,A01
200700053888,1,07,000,00,2,2,01,A01
200700053889,0,33,000,00,2,1,01,B02
200700053889,0,07,000,00,2,3,15,A01
200700053890,0,17,000,03,0,9,01,A01
200700053891,0,33,000,00,9,3,01,A01
200700053891,0,01,000,00,2,2,16,B02
200700053892,0,07,000,13,0,9,01,A01
200700053893,0,07,000,00,2,6,17,A01
200700053893,0,07,000,00,2,3,01,B02
200700053894,0,33,000,00,2,2,17,A01
200700053894,0,07,000,00,0,8,17,B02
200700053895,0,07,000,02,0,8,01,A01
200700053896,0,07,000,00,0,4,15,A01
200700053896,0,02,000,00,2,1,01,B02
200700053897,0,07,000,00,9,3,01,A01
200700053897,0,33,000,00,2,1,13,B02
200700053898,0,07,000,00,1,8,01,A01
200700053899,0,30,000,00,2,1,15,A01
200700053899,0,07,000,00,2,2,01,B02
200700053900,0,02,000,00,2,7,02,A01
200700053900,0,10,000,00,2,8,02,B02
200700053901,0,07,000,00,2,2,19,A01
200700053901,0,02,000,00,2,1,01,B02
200700053902,0,15,000,00,2,2,21,A01
200700053902,0,07,000,00,2,1,15,B02
200700053903,0,07,000,00,2,7,17,A01
200700053903,0,07,000,00,2,8,01,B02
200700053904,0,07,000,00,1,3,01,A01
200700053905,0,07,000,00,2,9,13,A01
200700053905,0,07,000,00,2,3,01,B02
200700053905,0,10,000,00,2,3,01,C03
200700053905,0,14,000,00,2,1,01,D04
200700053906,0,02,000,00,2,3,01,A01
200700053906,0,07,000,00,9,3,01,B02
200700053907,0,33,000,00,2,1,01,A01
200700053907,0,07,000,00,2,5,15,B02
200700053908,0,07,000,00,2,1,01,A01
200700053908,0,07,000,00,2,1,01,B02
200700053909,0,33,000,03,0,1,14,A01
200700053910,0,07,000,00,2,3,01,A01
200700053910,0,10,000,00,2,3,01,B02
200700053911,0,07,000,02,0,3,13,A01
200700053912,0,07,000,00,0,7,17,A01
200700053912,0,02,000,00,0,1,01,B02
200700053913,0,02,000,03,0,2,01,A01
200700053914,0,99,000,00,2,8,01,A01
200700053914,0,99,000,00,2,1,01,B02
200700053914,0,07,000,00,2,1,13,C03
200700053915,0,02,000,00,2,1,02,A01
200700053915,0,07,000,00,0,4,02,B02
200700053916,0,02,000,13,0,2,01,A01
200700053917,0,14,000,00,2,5,15,A01
200700053917,0,02,000,00,2,4,01,B02
200700053918,0,17,000,00,2,1,01,A01
200700053918,0,07,000,00,2,1,01,B02
200700053919,0,30,000,00,2,1,09,A01
200700053919,0,07,000,00,2,7,01,B02
200700053920,0,10,000,00,0,0,11,A01
200700053920,0,07,000,04,0,9,01,B02
200700053921,0,07,000,00,2,2,12,A01
200700053921,0,17,000,00,2,6,01,B02
200700053922,0,17,000,00,0,8,13,A01
200700053922,0,17,000,00,2,7,21,B02
200700053922,0,07,000,00,2,7,21,C03
200700053923,0,07,000,00,0,5,01,A01
200700053923,0,07,000,00,2,3,01,B02
200700053924,0,07,000,01,0,6,20,A01
200700053924,0,07,000,00,2,5,24,B02
200700053925,0,33,000,14,2,8,00,A01
200700053925,0,10,000,00,2,1,01,B02
200700053926,0,10,000,00,0,4,02,A01
200700053926,0,10,000,00,2,1,02,B02
200700053926,0,33,000,00,2,1,02,C03
200700053927,0,07,000,00,2,3,15,A01
200700053927,0,33,000,00,2,1,17,B02
200700053928,0,07,000,00,2,1,01,A01
200700053928,0,07,000,00,2,3,13,B02
200700053929,0,07,000,00,2,1,15,A01
200700053929,0,34,000,00,2,7,01,B02
200700053930,0,07,000,01,0,6,04,A01
200700053931,0,07,000,00,2,3,01,A01
200700053931,0,07,000,00,2,7,13,B02
200700053932,0,07,000,00,2,3,15,A01
200700053932,0,30,000,00,2,6,01,B02
200700053933,0,07,000,00,2,1,01,A01
200700053933,0,07,000,00,2,1,00,B02
200700053934,0,10,000,00,2,1,01,A01
200700053934,0,07,000,00,2,7,19,B02
200700053935,0,07,000,00,2,1,01,A01
200700053935,0,07,000,00,2,2,01,B02
200700053935,0,17,000,00,0,6,24,C03
200700053935,0,07,000,01,0,1,21,D04
200700053936,0,07,000,00,2,1,13,A01
200700053936,0,13,000,00,2,1,01,B02
200700053937,0,07,000,00,1,1,01,A01
200700053938,0,30,000,00,2,2,19,A01
200700053938,0,10,000,00,2,3,01,B02
200700053939,0,33,000,00,2,1,02,A01
200700053939,0,07,000,00,0,6,02,B02
200700053940,0,07,000,00,2,1,01,A01
200700053940,0,07,000,00,2,9,15,B02
200700053940,0,14,000,00,2,1,01,C03
200700053941,0,15,000,02,2,2,01,A01
200700053941,0,07,000,13,2,3,15,B02
200700053942,0,07,000,13,0,2,01,A01
200700053943,0,07,000,00,2,3,15,A01
200700053943,0,02,000,00,2,1,01,B02
200700053944,0,02,000,00,2,1,13,A01
200700053944,0,07,000,00,2,3,01,B02
200700053945,0,33,000,00,2,1,02,A01
200700053945,0,07,000,00,0,4,15,B02
200700053946,0,33,000,00,2,1,13,A01
200700053946,0,07,000,00,2,1,01,B02
200700053947,0,31,000,00,2,1,02,A01
200700053947,0,07,000,00,0,5,02,B02
200700053948,0,07,000,03,2,8,19,A01
200700053948,0,33,000,00,2,1,01,B02
200700053949,0,10,000,00,2,2,02,A01
200700053949,0,01,000,00,0,4,01,B02
200700053950,0,07,000,00,0,6,01,A01
200700053951,0,07,000,00,2,2,05,A01
200700053951,0,07,000,00,2,2,00,B02
200700053952,0,07,000,00,2,1,01,A01
200700053952,0,01,000,00,2,8,19,B02
200700053953,0,07,000,00,2,7,01,A01
200700053953,0,01,000,00,2,8,01,B02
200700053954,0,07,000,08,0,1,01,A01
200700053955,0,07,000,00,0,9,00,A01
200700053956,0,07,000,02,0,8,01,A01
200700053957,0,33,000,00,2,1,03,B02
200700053957,0,07,000,00,2,8,15,A01
200700053958,0,07,000,00,2,1,01,A01
200700053958,0,07,000,00,2,1,00,B02
200700053959,0,07,000,00,1,1,01,A01
200700053960,0,07,000,00,0,7,15,A01
200700053960,0,31,000,00,0,2,01,B02
200700053961,0,31,000,06,0,2,01,A01
200700053962,0,07,000,00,0,3,15,A01
200700053962,0,01,000,00,0,3,01,B02
200700053963,0,07,000,00,2,3,13,A01
200700053963,0,07,000,00,2,8,01,B02
200700053964,0,07,000,02,0,3,14,A01
200700053965,0,07,000,00,2,3,13,A01
200700053965,0,07,000,00,2,8,01,B02
200700053965,0,07,000,00,2,8,01,C03
200700053965,0,07,000,00,2,8,01,D04
200700053965,0,07,000,00,2,8,00,E05
200700053966,0,31,000,00,2,1,01,A01
200700053966,0,07,000,00,0,6,15,B02
200700053967,0,07,000,00,2,1,01,A01
200700053967,0,07,000,00,0,4,23,B02
200700053968,0,07,000,00,2,1,05,A01
200700053968,0,07,000,00,2,1,01,B02
200700053969,0,33,000,00,2,8,13,A01
200700053969,0,38,000,00,2,8,01,B02
200700053970,0,30,000,00,1,1,01,A01
200700053971,0,10,000,00,2,1,01,A01
200700053971,0,10,000,00,2,4,02,B02
200700053972,0,07,000,00,1,7,15,A01
200700053973,0,07,000,00,2,1,13,A01
200700053973,0,33,000,00,2,1,01,B02
200700053974,0,07,000,08,0,3,01,A01
200700053975,0,07,000,08,0,1,13,A01
200700053976,0,33,000,06,0,1,01,A01
200700053977,0,07,000,00,2,1,13,A01
200700053977,0,07,000,00,2,1,01,B02
200700053978,0,07,000,00,1,3,01,A01
200700053979,0,07,000,00,0,2,15,A01
200700053979,0,30,000,00,0,8,01,B02
200700053980,0,14,000,00,2,3,01,A01
200700053980,0,07,000,00,0,1,19,B02
200700053981,0,32,000,00,2,1,02,A01
200700053981,0,07,000,00,0,5,12,B02
200700053982,0,10,000,00,2,1,01,A01
200700053982,0,14,000,00,2,7,05,B02
200700053983,0,07,000,00,2,2,14,A01
200700053983,0,33,000,00,2,8,01,B02
200700053984,0,07,000,00,2,2,13,A01
200700053984,0,07,000,00,2,3,01,B02
200700053985,0,30,000,12,0,1,02,A01
200700053986,0,07,000,14,1,1,01,A01
200700053987,0,07,000,00,2,1,05,A01
200700053987,0,07,000,00,2,1,00,B02
200700053988,0,07,000,00,1,5,04,A01
200700053989,0,33,000,00,9,4,01,A01
200700053990,0,07,000,00,1,2,15,A01
200700053991,0,07,000,00,2,1,01,A01
200700053991,0,07,000,00,2,1,13,B02
200700053992,0,07,000,00,0,3,10,A01
200700053992,0,02,000,00,0,1,17,B02
200700053993,0,02,000,00,2,1,17,A01
200700053993,0,10,000,00,2,3,01,B02
200700053994,0,07,000,00,2,7,15,A01
200700053994,0,31,000,00,2,1,01,B02
200700053995,0,32,000,00,2,1,17,A01
200700053995,0,10,000,00,0,8,19,B02
200700053996,0,07,000,00,2,1,13,A01
200700053996,0,07,000,00,2,8,19,B02
200700053997,0,07,000,00,2,8,15,A01
200700053997,0,02,000,00,2,1,17,B02
200700053998,0,33,000,03,0,7,01,A01
200700053999,0,33,000,06,0,7,00,A01
200700054000,0,07,000,00,2,3,01,A01
200700054000,0,31,000,00,2,1,17,B02
200700054001,0,33,000,00,2,1,13,A01
200700054001,0,07,000,00,2,2,01,B02
200700054002,0,33,000,00,2,1,01,A01
200700054002,0,31,000,00,2,1,15,B02
200700054003,0,07,000,00,2,5,15,A01
200700054003,0,33,000,00,2,1,01,B02
200700054004,0,33,000,00,2,1,13,A01
200700054004,0,10,000,00,2,8,01,B02
200700054005,0,33,000,03,0,4,01,A01
200700054006,0,07,000,00,2,3,19,A01
200700054006,0,33,000,00,2,1,01,B02
200700054007,0,33,000,00,2,1,01,A01
200700054008,0,33,000,00,2,2,17,A01
200700054008,0,07,000,00,2,8,15,B02
200700054009,0,07,000,06,2,1,13,A01
200700054009,0,07,000,00,2,6,01,B02
200700054009,0,07,000,00,2,6,01,C03
200700054009,0,07,000,00,2,1,01,D04
200700054010,0,07,000,13,0,1,01,A01
200700054011,0,33,000,00,2,3,13,A01
200700054011,0,13,000,00,2,8,01,B02
200700054012,0,07,000,02,0,3,01,A01
200700054013,0,17,000,00,2,4,15,A01
200700054013,0,33,000,00,2,1,02,B02
200700054014,0,07,000,00,2,3,01,A01
200700054014,0,02,000,00,2,1,01,B02
200700054015,0,07,000,00,0,1,05,A01
200700054015,0,07,000,00,0,1,01,B02
200700054016,0,33,000,03,0,1,01,A01
200700054017,0,33,000,13,0,1,01,A01
200700054018,0,33,000,09,0,7,01,A01
200700054019,0,07,000,00,2,2,01,A01
200700054019,0,33,000,00,2,1,13,B02
200700054020,0,07,000,00,2,3,02,A01
200700054020,0,33,000,00,2,2,17,B02
200700054021,0,07,000,13,0,9,01,A01
200700054022,0,07,000,00,2,1,17,A01
200700054022,0,33,000,00,2,1,01,B02
200700054022,0,21,000,00,2,1,01,C03
200700054023,0,07,000,00,2,6,10,A01
200700054023,0,33,000,00,2,1,01,B02
200700054024,0,07,000,00,2,1,13,A01
200700054024,0,07,000,00,2,3,01,B02
200700054025,0,07,000,02,0,2,01,A01
200700054026,0,07,000,08,0,1,01,A01
200700054027,0,17,000,00,2,2,02,A01
200700054027,0,21,000,00,0,6,01,B02
200700054028,0,07,000,08,0,1,00,A01
200700054029,0,07,000,02,0,1,02,A01
200700054029,0,07,000,00,0,0,17,B02
200700054030,0,21,000,00,0,8,15,A01
200700054030,0,01,000,00,2,1,17,B02
200700054030,0,01,000,00,2,1,17,C03
200700054031,0,33,000,06,0,1,01,A01
200700054032,0,07,000,08,0,2,13,A01
200700054033,0,07,000,13,0,9,01,A01
200700054034,0,02,000,00,2,7,19,A01
200700054034,0,07,000,00,2,2,01,B02
200700054035,0,07,000,00,1,2,01,A01
200700054036,0,30,000,13,0,1,01,A01
200700054037,0,07,000,00,0,1,00,A01
200700054037,0,07,000,00,0,1,17,B02
200700054037,0,07,000,00,0,5,00,C03
200700054038,0,07,000,00,2,1,15,A01
200700054038,0,32,000,00,2,8,01,B02
200700054039,0,31,000,00,2,8,01,A01
200700054040,0,10,000,00,2,1,01,A01
200700054040,0,99,000,00,0,4,02,B02
200700054040,0,99,000,00,0,4,02,C03
200700054041,0,31,000,00,1,1,01,A01
200700054042,0,31,000,00,2,1,17,A01
200700054042,0,07,000,00,2,1,01,B02
200700054043,0,07,000,00,2,3,13,A01
200700054043,0,10,000,00,2,6,01,B02
200700054043,0,07,000,00,2,3,01,C03
200700054044,0,07,000,00,2,3,19,A01
200700054044,0,30,000,00,2,1,01,B02
200700054045,0,07,000,00,1,1,01,A01
200700054046,0,07,000,00,2,7,15,A01
200700054046,0,31,000,00,2,1,01,B02
200700054047,0,07,000,02,2,8,01,A01
200700054047,0,34,000,13,2,8,01,B02
200700054048,0,07,000,00,2,3,01,A01
200700054048,0,07,000,00,2,3,13,B02
200700054049,0,10,000,13,0,1,01,A01
200700054050,0,33,000,03,0,1,01,A01
200700054050,0,07,000,00,2,1,01,B02
200700054051,0,33,000,12,0,1,14,A01
200700054052,0,30,000,00,2,4,01,A01
200700054053,0,07,000,02,0,4,01,A01
200700054054,0,30,000,10,0,1,14,A01
200700054055,0,33,000,03,0,3,02,A01
200700054056,0,33,000,00,2,1,17,A01
200700054056,0,07,000,00,2,1,01,B02
200700054057,0,07,000,00,2,2,02,A01
200700054057,0,30,000,00,2,1,15,B02
200700054058,0,07,000,06,0,3,01,A01
200700054059,0,07,000,02,0,6,00,A01
200700054060,0,07,000,02,0,1,01,A01
200700054061,0,21,000,00,0,6,14,A01
200700054061,0,17,000,00,2,2,02,B02
200700054062,0,07,000,00,2,1,05,A01
200700054062,0,07,000,00,2,1,01,B02
200700054062,0,07,000,00,2,1,01,C03
200700054063,0,01,000,00,2,2,02,A01
200700054063,0,33,000,00,2,2,01,B02
200700054064,0,07,000,13,0,1,01,A01
200700054065,0,10,000,00,2,3,05,A01
200700054065,0,33,000,00,2,1,01,B02
200700054066,0,38,000,00,2,2,01,A01
200700054066,0,30,000,00,2,8,16,B02
200700054067,0,33,000,00,5,1,00,A01
200700054068,0,07,000,00,1,3,01,A01
200700054069,0,07,000,00,1,2,01,A01
200700054070,0,07,000,00,0,6,06,A01
200700054070,0,33,000,00,2,1,01,B02
200700054071,0,07,000,00,2,3,01,A01
200700054071,0,07,000,00,2,6,15,B02
200700054072,0,07,000,00,9,1,02,A01
200700054072,0,21,000,00,0,6,02,B02
200700054073,0,02,000,00,2,1,01,A01
200700054073,0,02,000,00,2,1,01,B02
200700054074,0,30,000,00,2,1,01,A01
200700054074,0,10,000,00,2,7,16,B02
200700054075,0,31,000,00,2,1,02,A01
200700054075,0,07,000,00,2,6,15,B02
200700054076,0,07,000,00,2,7,01,B02
200700054076,0,14,000,00,2,1,01,A01
200700054077,0,33,000,00,0,8,01,A01
200700054078,0,07,000,00,0,7,19,A01
200700054078,0,31,000,00,2,1,01,B02
200700054079,0,07,000,00,2,2,19,A01
200700054079,0,31,000,00,2,1,21,B02
200700054080,0,07,000,13,0,3,21,A01
200700054081,0,07,000,00,2,7,19,A01
200700054081,0,10,000,00,2,1,01,B02
200700054082,0,07,000,00,2,2,01,A01
200700054082,0,02,000,00,2,6,01,B02
200700054083,0,07,000,00,2,3,13,A01
200700054083,0,07,000,00,2,3,01,B02
200700054083,0,07,000,12,0,2,01,C03
200700054084,0,30,000,00,2,1,01,A01
200700054084,0,07,000,00,2,1,01,B02
200700054085,0,07,000,00,0,9,01,A01
200700054086,0,07,000,00,1,1,01,A01
200700054087,0,33,000,02,0,1,01,A01
200700054088,0,10,000,00,2,3,13,A01
200700054088,0,10,000,00,2,3,01,B02
200700054089,0,32,000,11,0,9,01,A01
200700054090,0,14,000,00,0,7,01,A01
200700054091,0,10,000,00,2,1,02,A01
200700054091,0,30,000,00,2,4,02,B02
200700054092,0,07,000,08,0,1,13,A01
200700054093,0,07,000,00,1,7,00,A01
200700054094,0,21,000,00,2,6,15,A01
200700054094,0,07,000,00,2,1,01,B02
200700054095,0,07,000,00,2,3,01,A01
200700054095,0,30,000,00,2,1,05,B02
200700054096,0,07,000,00,1,2,13,A01
200700054097,0,07,000,02,2,7,01,A01
200700054097,0,07,000,00,2,1,01,B02
200700054098,0,07,000,00,2,8,05,A01
200700054098,0,33,000,00,2,3,01,B02
200700054099,0,32,000,05,0,1,01,A01
200700054100,0,07,000,10,0,1,13,A01
200700054101,0,31,000,00,2,2,01,A01
200700054101,0,07,000,00,2,3,10,B02
200700054102,0,33,000,06,0,0,01,A01
200700054103,0,07,000,06,0,1,14,A01
200700054104,0,07,000,00,9,2,01,A01
200700054104,0,01,000,00,2,1,01,B02
200700054105,0,07,000,13,0,2,01,A01
200700054106,0,07,000,03,0,2,13,A01
200700054106,0,07,000,00,2,2,01,B02
200700054107,0,07,000,00,2,1,01,A01