Num_Acc,senc,catv,occutc,obs,obsm,choc,manv,num_veh
200700054107,0,07,000,00,0,4,01,B02
200700054108,0,03,000,00,2,3,17,A01
200700054108,0,07,000,00,2,4,15,B02
200700054109,0,07,000,13,0,1,01,A01
200700054110,0,07,000,00,2,3,15,A01
200700054110,0,07,000,02,2,1,13,B02
200700054110,0,07,000,00,2,3,23,C03
200700054111,0,07,000,00,0,4,16,A01
200700054111,0,07,000,00,2,2,02,B02
200700054112,0,07,000,02,0,1,01,A01
200700054113,0,07,000,13,2,1,17,A01
200700054113,0,10,000,00,2,6,01,B02
200700054114,0,10,000,00,2,3,15,A01
200700054114,0,31,000,00,2,3,01,B02
200700054115,0,07,000,00,2,3,15,A01
200700054115,0,33,000,00,2,1,17,B02
200700054116,0,07,000,00,2,2,15,A01
200700054116,0,07,000,00,2,1,01,B02
200700054117,0,07,000,00,2,3,13,A01
200700054117,0,36,000,00,2,1,15,B02
200700054118,0,07,000,00,2,8,19,A01
200700054118,0,33,000,00,2,1,01,B02
200700054119,0,33,000,16,0,1,01,A01
200700054120,0,10,000,00,1,2,06,A01
200700054121,0,14,000,00,0,9,21,A01
200700054122,0,07,000,00,0,3,17,A01
200700054123,0,07,000,08,0,1,01,A01
200700054124,0,07,000,00,1,1,01,A01
200700054125,0,07,000,00,2,8,13,A01
200700054125,0,33,000,00,2,8,17,B02
200700054126,0,07,000,00,2,3,01,A01
200700054126,0,30,000,00,2,3,01,B02
200700054127,0,07,000,00,2,1,01,A01
200700054127,0,07,000,00,0,4,23,B02
200700054127,0,07,000,00,2,3,01,C03
200700054128,0,07,000,00,2,1,01,A01
200700054128,0,07,000,00,2,3,11,B02
200700054129,0,07,000,00,2,2,01,A01
200700054129,0,02,000,00,2,1,01,B02
200700054130,0,01,000,00,2,4,01,A01
200700054131,0,07,000,00,2,3,16,A01
200700054131,0,33,000,00,2,2,01,B02
200700054132,0,07,000,00,2,1,05,A01
200700054132,0,07,000,00,2,3,00,B02
200700054132,0,07,000,00,2,4,00,C03
200700054132,0,07,000,00,2,1,00,D04
200700054133,0,30,000,00,2,8,02,A01
200700054133,0,07,000,00,2,7,17,B02
200700054134,0,07,000,00,2,1,13,A01
200700054134,0,17,000,00,2,1,01,B02
200700054135,0,07,000,00,2,8,15,A01
200700054135,0,14,000,00,2,3,01,B02
200700054136,0,07,000,00,1,1,01,A01
200700054137,0,07,000,00,1,6,09,A01
200700054138,0,30,000,06,0,1,01,A01
200700054139,0,07,000,00,2,3,01,A01
200700054139,0,30,000,00,2,2,00,B02
200700054140,0,10,000,00,1,4,04,A01
200700054141,0,07,000,02,0,3,14,A01
200700054142,0,07,000,00,2,5,15,A01
200700054142,0,33,000,00,2,1,01,B02
200700054143,0,07,000,00,0,0,00,A01
200700054144,0,02,000,00,4,1,01,A01
200700054144,0,39,000,00,2,3,01,B02
200700054145,0,07,000,00,1,1,17,A01
200700054146,0,07,000,00,1,7,01,A01
200700054147,0,31,000,00,2,1,17,A01
200700054147,0,07,000,00,2,3,01,B02
200700054148,0,07,000,00,0,3,01,A01
200700054148,0,32,000,00,0,1,00,B02
200700054149,0,10,000,00,2,1,17,A01
200700054149,0,07,000,00,2,8,15,B02
200700054150,0,31,000,02,0,1,00,A01
200700054151,0,07,000,00,2,1,17,A01
200700054151,0,38,000,00,2,3,01,B02
200700054152,0,07,000,00,9,8,10,A01
200700054152,0,33,000,00,2,1,13,B02
200700054153,0,36,000,00,0,1,00,A01
200700054154,0,07,000,00,0,2,14,A01
200700054155,0,07,000,02,0,2,14,A01
200700054156,0,07,000,00,2,3,13,A01
200700054156,0,07,000,00,2,3,01,B02
200700054157,0,33,000,00,2,1,01,A01
200700054157,0,14,000,00,0,7,15,B02
200700054158,0,07,000,10,0,1,02,A01
200700054159,0,33,000,10,0,1,01,A01
200700054160,0,30,000,05,0,1,01,A01
200700054161,0,33,000,06,0,1,02,A01
200700054162,0,07,000,00,2,1,17,A01
200700054162,0,07,000,00,2,1,01,B02
200700054163,0,33,000,00,2,1,17,A01
200700054163,0,10,000,00,2,8,15,B02
200700054164,0,07,000,00,2,1,13,A01
200700054164,0,10,000,00,2,3,01,B02
200700054165,0,07,000,02,0,3,13,A01
200700054166,0,33,000,13,0,1,01,A01
200700054167,0,07,000,00,2,2,15,A01
200700054167,0,10,000,00,2,3,01,B02
200700054168,0,07,000,03,0,2,01,A01
200700054169,0,07,000,00,2,1,01,A01
200700054169,0,01,000,00,2,4,13,B02
200700054170,0,07,000,00,2,3,15,A01
200700054170,0,01,000,00,2,5,19,B02
200700054171,0,07,000,00,0,1,13,A01
200700054171,0,31,000,00,0,1,00,B02
200700054172,0,07,000,00,2,8,15,A01
200700054172,0,31,000,00,2,1,17,B02
200700054173,0,31,000,04,0,1,00,A01
200700054174,0,07,000,00,9,2,01,A01
200700054174,0,01,000,00,2,1,15,B02
200700054175,0,07,000,00,2,3,15,A01
200700054175,0,33,000,00,2,3,01,B02
200700054176,0,99,000,00,2,1,17,A01
200700054176,0,07,000,00,2,1,01,B02
200700054177,0,07,000,00,2,1,01,A01
200700054177,0,33,000,00,2,8,01,B02
200700054178,0,02,000,00,2,1,01,A01
200700054178,0,07,000,00,2,1,16,B02
200700054179,0,99,000,00,2,3,01,A01
200700054179,0,30,000,00,2,1,13,B02
200700054180,0,07,000,00,1,2,01,A01
200700054181,0,02,000,00,2,1,01,A01
200700054181,0,07,000,00,2,4,01,B02
200700054182,0,07,000,00,2,1,13,A01
200700054182,0,07,000,00,2,1,01,B02
200700054183,0,07,000,00,1,2,00,A01
200700054184,0,33,000,00,2,1,01,A01
200700054184,0,10,000,00,0,6,01,B02
200700054185,0,07,000,00,2,1,13,A01
200700054185,0,07,000,00,2,1,01,B02
200700054186,0,07,000,00,2,3,13,A01
200700054186,0,33,000,00,2,3,01,B02
200700054187,0,01,000,00,2,1,13,A01
200700054187,0,07,000,00,2,2,01,B02
200700054188,0,30,000,00,2,1,01,A01
200700054188,0,07,000,00,2,1,01,B02
200700054189,0,07,000,00,2,1,17,A01
200700054189,0,38,000,00,2,1,01,B02
200700054190,0,10,000,00,2,1,01,A01
200700054190,0,07,000,00,2,1,06,B02
200700054191,0,07,000,00,1,8,00,A01
200700054192,0,07,000,00,0,2,19,A01
200700054192,0,33,000,00,0,1,01,B02
200700054193,0,01,000,10,0,1,01,A01
200700054194,0,07,000,00,2,1,13,A01
200700054194,0,07,000,00,2,1,01,B02
200700054195,0,10,000,00,2,1,02,A01
200700054195,0,07,000,00,2,4,02,B02
200700054195,0,07,000,00,2,4,02,C03
200700054195,0,07,000,00,2,4,02,D04
200700054195,0,07,000,00,2,1,02,E05
200700054196,0,33,000,16,0,1,01,A01
200700054197,0,07,000,00,2,5,15,A01
200700054197,0,30,000,00,2,1,01,B02
200700054198,0,36,000,10,0,0,01,A01
200700054199,0,07,000,00,2,8,01,A01
200700054199,0,07,000,00,2,8,13,B02
200700054200,0,07,000,00,2,2,15,A01
200700054200,0,07,000,00,2,3,01,B02
200700054201,0,02,000,00,2,1,02,A01
200700054201,0,07,000,00,2,4,23,B02
200700054202,0,07,000,00,1,1,01,A01
200700054203,0,07,000,06,0,1,01,A01
200700054204,0,33,000,00,2,1,13,A01
200700054204,0,07,000,00,2,3,14,B02
200700054205,0,07,000,00,2,1,13,A01
200700054205,0,07,000,00,2,3,01,B02
200700054206,0,07,000,00,6,1,01,A01
200700054207,0,07,000,00,1,9,01,A01
200700054208,0,07,000,00,0,8,10,A01
200700054208,0,07,000,00,2,1,01,B02
200700054209,0,07,000,00,6,2,01,A01
200700054210,0,33,000,00,2,7,21,A01
200700054211,0,07,000,00,2,1,01,A01
200700054211,0,07,000,00,2,1,00,B02
200700054212,0,07,000,00,2,1,01,A01
200700054212,0,07,000,00,2,3,01,B02
200700054212,0,01,000,00,2,8,01,C03
200700054213,0,33,000,00,0,8,15,A01
200700054214,0,10,000,02,0,7,01,A01
200700054215,0,07,000,00,0,4,00,A01
200700054215,0,07,000,00,2,1,02,B02
200700054216,0,33,000,00,2,8,13,A01
200700054216,0,07,000,00,2,3,02,B02
200700054217,0,07,000,02,0,1,14,A01
200700054218,0,07,000,00,0,8,01,A01
200700054218,0,07,000,00,2,1,15,B02
200700054219,0,07,000,01,0,1,02,A01
200700054220,0,07,000,00,1,1,01,A01
200700054221,0,31,000,12,0,0,13,A01
200700054222,0,07,000,14,0,8,01,A01
200700054223,0,10,000,00,2,7,19,B02
200700054223,0,07,000,00,2,1,01,A01
200700054224,0,07,000,02,0,1,01,A01
200700054225,0,30,000,15,0,2,01,A01
200700054226,0,30,000,00,2,1,05,A01
200700054226,0,07,000,00,2,3,05,B02
200700054227,0,37,000,00,1,2,01,A01
200700054228,0,01,000,11,0,1,13,A01
200700054228,0,01,000,11,0,1,01,B02
200700054228,0,01,000,00,0,1,02,C03
200700054229,0,10,000,08,0,8,01,A01
200700054230,0,07,000,00,1,7,01,A01
200700054231,0,07,000,00,2,2,15,A01
200700054231,0,31,000,00,2,1,21,B02
200700054232,0,07,000,00,2,3,15,A01
200700054232,0,33,000,00,2,1,01,B02
200700054233,0,07,000,00,0,0,15,A01
200700054233,0,07,000,13,0,9,21,B02
200700054234,0,07,000,02,0,3,14,A01
200700054235,0,30,000,15,2,1,21,A01
200700054236,0,31,000,00,2,1,01,A01
200700054236,0,07,000,00,2,3,20,B02
200700054237,0,33,000,01,0,1,01,A01
200700054238,0,07,000,00,2,1,01,B02
200700054238,0,07,000,00,2,8,01,A01
200700054239,0,07,000,00,0,1,05,A01
200700054239,0,07,000,00,0,1,05,B02
200700054240,0,14,000,00,0,0,01,A01
200700054241,0,07,000,02,0,1,01,A01
200700054242,0,07,000,00,0,2,15,A01
200700054242,0,30,000,00,0,1,01,B02
200700054243,0,07,000,00,0,7,19,A01
200700054243,0,30,000,00,0,1,01,B02
200700054244,0,07,000,00,1,1,01,A01
200700054245,0,07,000,13,0,0,19,A01
200700054246,0,36,000,00,0,7,01,A01
200700054247,0,07,000,00,2,3,01,A01
200700054247,0,21,000,00,2,3,01,B02
200700054248,0,07,000,03,2,9,03,A01
200700054248,0,07,000,00,0,7,17,B02
200700054248,0,07,000,00,0,8,01,C03
200700054249,0,07,000,00,0,2,01,A01
200700054250,0,15,000,07,0,1,14,A01
200700054251,0,10,000,00,0,2,15,A01
200700054251,0,07,000,00,0,1,01,B02
200700054252,0,07,000,00,2,2,15,A01
200700054252,0,07,000,00,2,1,01,B02
200700054253,0,07,000,00,2,1,13,A01
200700054253,0,07,000,00,2,1,01,B02
200700054254,0,33,000,00,0,8,01,A01
200700054255,0,07,000,00,2,1,17,A01
200700054255,0,07,000,00,2,1,01,B02
200700054256,0,07,000,00,2,3,15,A01
200700054256,0,07,000,00,2,1,01,B02
200700054257,0,07,000,00,2,3,13,A01
200700054257,0,07,000,00,2,3,01,B02
200700054258,0,07,000,13,0,3,01,A01
200700054259,0,07,000,00,2,1,01,A01
200700054259,0,07,000,00,2,4,23,B02
200700054259,0,07,000,00,2,4,23,C03
200700054260,0,07,000,02,0,3,17,A01
200700054261,0,07,000,13,0,1,01,A01
200700054262,0,07,000,08,2,8,01,A01
200700054262,0,17,000,00,2,8,01,B02
200700054263,0,07,000,02,0,0,14,A01
200700054264,0,07,000,00,1,3,01,A01
200700054265,0,07,000,00,0,3,06,A01
200700054265,0,07,000,00,0,3,01,B02
200700054266,0,10,000,00,2,1,13,A01
200700054266,0,07,000,00,2,2,21,B02
200700054266,0,07,000,00,2,3,01,C03
200700054267,0,01,000,00,2,1,15,A01
200700054267,0,07,000,00,2,1,01,B02
200700054268,0,07,000,10,0,1,01,A01
200700054269,0,07,000,00,1,2,01,A01
200700054270,0,07,000,02,0,2,01,A01
200700054271,0,38,000,00,2,2,01,A01
200700054271,0,30,000,00,2,3,10,B02
200700054272,0,33,000,01,9,1,02,A01
200700054272,0,01,000,00,0,3,01,B02
200700054273,0,07,000,00,2,3,13,A01
200700054273,0,10,000,00,2,3,01,B02
200700054274,0,33,000,08,0,1,01,A01
200700054275,0,07,000,00,2,3,13,A01
200700054275,0,17,000,00,2,3,01,B02
200700054275,0,14,000,00,2,3,00,C03
200700054276,0,14,000,13,0,1,01,A01
200700054277,0,07,000,00,2,2,01,A01
200700054277,0,02,000,00,2,1,01,B02
200700054278,0,07,000,00,1,7,02,A01
200700054279,0,02,000,00,2,2,17,A01
200700054279,0,01,000,00,2,6,01,B02
200700054279,0,01,000,00,2,6,01,C03
200700054280,0,30,000,01,0,1,01,A01
200700054281,0,07,000,00,0,3,01,A01
200700054282,0,07,000,02,0,3,17,A01
200700054283,0,07,000,02,0,1,00,A01
200700054284,0,07,000,00,2,2,01,A01
200700054284,0,33,000,00,2,1,01,B02
200700054285,0,07,000,16,0,9,00,A01
200700054286,0,33,000,02,0,1,01,A01
200700054287,0,07,000,00,0,0,00,A01
200700054287,0,07,000,00,0,1,02,B02
200700054288,0,07,000,00,2,6,04,A01
200700054288,0,02,000,00,0,1,01,B02
200700054289,0,31,000,06,1,1,01,A01
200700054290,0,07,000,00,1,2,01,A01
200700054291,0,31,000,00,2,2,21,A01
200700054291,0,07,000,00,2,3,01,B02
200700054292,0,07,000,13,0,1,01,A01
200700054293,0,33,000,00,2,8,01,A01
200700054293,0,07,000,00,2,8,13,B02
200700054294,0,07,000,00,2,3,13,A01
200700054294,0,07,000,00,2,2,01,B02
200700054295,0,07,000,13,0,3,13,A01
200700054296,0,03,000,08,0,0,21,A01
200700054296,0,01,000,12,0,0,01,B02
200700054297,0,07,000,00,2,1,13,A01
200700054297,0,07,000,00,2,1,00,B02
200700054298,0,30,000,00,2,1,05,A01
200700054298,0,07,000,00,9,2,01,B02
200700054299,0,07,000,00,2,1,01,A01
200700054299,0,01,000,00,2,7,01,B02
200700054300,0,07,000,00,2,7,15,A01
200700054300,0,33,000,00,2,1,01,B02
200700054300,0,33,000,00,2,1,01,C03
200700054301,1,07,000,00,0,8,19,A01
200700054301,0,33,000,00,2,1,01,B02
200700054302,0,07,000,00,0,1,01,B02
200700054302,0,07,000,00,0,7,19,A01
200700054303,0,31,000,00,2,8,01,A01
200700054303,0,07,000,00,2,1,19,B02
200700054304,0,07,000,00,1,3,21,A01
200700054305,0,07,000,00,2,1,05,A01
200700054305,0,07,000,00,2,1,01,B02
200700054306,0,07,000,15,0,1,01,A01
200700054307,0,01,000,00,0,4,16,A01
200700054307,0,07,000,00,0,2,01,B02
200700054308,0,30,000,00,0,1,02,A01
200700054309,0,07,000,00,2,1,01,A01
200700054309,0,07,000,00,2,7,19,B02
200700054310,0,36,000,00,0,9,01,A01
200700054311,0,07,000,01,0,1,13,A01
200700054311,0,07,000,00,2,1,23,B02
200700054311,0,07,000,00,2,3,23,C03
200700054312,0,07,000,13,2,7,01,A01
200700054312,0,07,000,00,2,1,01,B02
200700054313,0,30,000,00,2,1,11,A01
200700054313,0,07,000,00,2,3,01,B02
200700054314,0,33,000,00,2,1,17,A01
200700054314,0,10,000,00,0,4,01,B02
200700054315,0,07,000,08,0,3,15,A01
200700054316,0,07,000,06,0,3,13,A01
200700054317,0,07,000,02,0,7,13,A01
200700054318,0,07,000,00,2,1,15,A01
200700054318,0,30,000,00,2,8,01,B02
200700054319,0,07,000,00,2,1,13,A01
200700054319,0,07,000,00,2,1,01,B02
200700054320,0,30,000,00,2,5,16,A01
200700054320,0,07,000,00,2,1,01,B02
200700054321,0,33,000,03,0,1,21,A01
200700054322,0,07,000,00,2,7,01,A01
200700054322,0,17,000,00,2,2,01,B02
200700054323,0,07,000,16,0,2,13,A01
200700054324,0,07,000,00,0,7,15,A01
200700054324,0,02,000,00,2,1,01,B02
200700054325,0,10,000,13,0,2,01,A01
200700054326,0,30,000,08,0,1,01,A01
200700054327,0,07,000,13,0,1,15,A01
200700054328,0,07,000,00,2,3,15,A01
200700054328,0,07,000,00,2,7,01,B02
200700054329,0,07,000,00,2,1,13,A01
200700054329,0,33,000,00,2,1,01,B02
200700054330,0,07,000,00,2,3,05,A01
200700054330,0,07,000,00,2,1,01,B02
200700054331,0,33,000,03,2,1,02,A01
200700054331,0,07,000,13,0,6,02,B02
200700054332,0,07,000,00,2,2,01,A01
200700054332,0,02,000,00,2,1,01,B02
200700054333,0,07,000,00,2,1,21,A01
200700054333,0,07,000,00,0,8,19,B02
200700054334,0,38,000,00,2,1,01,A01
200700054334,0,37,000,00,0,4,01,B02
200700054335,0,31,000,00,2,2,17,A01
200700054335,0,07,000,00,2,3,01,B02
200700054336,0,07,000,08,0,8,01,A01
200700054337,0,33,000,00,0,8,01,A01
200700054338,0,01,000,00,2,1,19,A01
200700054338,0,07,000,00,2,3,01,B02
200700054339,0,10,000,13,0,1,13,A01
200700054340,0,07,000,09,2,1,01,B02
200700054340,0,07,000,06,2,8,00,A01
200700054341,0,33,000,00,2,3,01,A01
200700054341,0,07,000,00,2,8,01,B02
200700054342,0,07,000,00,0,1,00,A01
200700054342,0,07,000,00,2,1,00,B02
200700054343,0,33,000,11,0,8,01,A01
200700054344,0,10,000,00,2,1,19,B02
200700054344,0,07,000,00,2,7,01,A01
200700054345,0,31,000,00,2,1,19,A01
200700054345,0,07,000,00,2,7,01,B02
200700054346,0,07,000,00,2,1,13,A01
200700054346,0,07,000,00,2,1,01,B02
200700054346,0,07,000,00,2,8,01,C03
200700054347,0,07,000,13,0,9,13,A01
200700054348,0,07,000,00,2,3,19,A01
200700054348,0,33,000,00,2,1,01,B02
200700054349,0,07,000,00,0,1,00,A01
200700054350,0,07,000,08,0,8,21,A01
200700054351,0,10,000,00,2,8,01,A01
200700054351,0,07,000,00,2,1,19,B02
200700054352,0,07,000,00,0,2,19,A01
200700054352,0,07,000,00,2,3,01,B02
200700054353,0,10,000,00,2,7,19,A01
200700054353,0,07,000,00,2,1,01,B02
200700054354,0,07,000,00,2,2,01,A01
200700054354,0,07,000,00,2,1,01,B02
200700054354,0,07,000,00,2,1,01,C03
200700054355,0,07,000,13,0,1,01,A01
200700054356,0,10,000,13,2,8,01,A01
200700054356,0,07,000,00,2,8,21,B02
200700054357,0,07,000,00,2,1,01,A01
200700054357,0,07,000,00,2,8,01,B02
200700054358,0,07,000,00,2,1,01,A01
200700054358,0,07,000,00,2,1,15,B02
200700054359,0,33,000,10,0,1,01,A01
200700054360,0,07,000,00,2,2,09,A01
200700054360,0,01,000,00,0,4,02,B02
200700054361,0,07,000,00,2,1,02,A01
200700054361,0,07,000,00,0,6,02,B02
200700054361,0,07,000,00,0,6,01,C03
200700054362,0,07,000,07,0,1,00,A01
200700054363,0,30,000,00,0,6,00,A01
200700054364,0,07,000,00,2,1,15,A01
200700054364,0,33,000,00,2,1,02,B02
200700054365,0,07,000,00,1,2,16,A01
200700054366,0,33,000,00,2,1,01,A01
200700054366,0,14,000,00,2,1,19,B02
200700054367,0,07,000,00,2,8,19,B02
200700054367,0,07,000,00,2,1,01,A01
200700054368,0,07,000,00,2,3,10,A01
200700054368,0,33,000,00,0,1,13,B02
200700054369,0,07,000,00,0,3,13,A01
200700054369,0,07,000,00,0,3,00,B02
200700054370,0,07,000,00,0,6,15,A01
200700054370,0,33,000,00,2,1,01,B02
200700054371,0,07,000,00,0,3,15,A01
200700054371,0,07,000,01,0,1,01,B02
200700054372,0,07,000,00,2,1,15,A01
200700054372,0,02,000,00,2,1,01,B02
200700054373,0,33,000,00,0,1,01,A01
200700054374,0,07,000,00,2,1,01,A01
200700054374,0,01,000,00,0,4,16,B02
200700054375,0,07,000,00,2,8,15,A01
200700054375,0,07,000,00,2,1,01,B02
200700054376,0,15,000,00,2,4,01,A01
200700054376,0,15,000,00,2,1,01,B02
200700054377,0,07,000,00,2,8,10,A01
200700054377,0,31,000,00,2,1,01,B02
200700054378,0,07,000,00,2,7,02,A01
200700054378,0,01,000,00,2,6,02,B02
200700054379,0,07,000,03,0,2,01,A01
200700054380,0,30,000,00,1,1,16,A01
200700054381,0,33,000,00,2,1,17,A01
200700054381,0,10,000,00,2,3,01,B02
200700054382,0,07,000,13,0,2,01,A01
200700054383,0,07,000,00,2,2,17,A01
200700054383,0,17,000,00,2,6,02,B02
200700054384,0,07,000,07,0,9,01,A01
200700054385,0,10,000,00,9,2,17,A01
200700054385,0,01,000,00,2,4,01,B02
200700054386,0,07,000,00,0,4,09,A01
200700054386,0,33,000,00,2,1,02,B02
200700054386,0,07,000,00,0,0,02,C03
200700054387,0,07,000,00,2,6,13,A01
200700054387,0,07,000,00,2,2,01,B02
200700054387,0,20,000,00,2,3,01,C03
200700054388,0,33,000,00,0,0,01,A01
200700054389,0,33,000,06,0,1,01,A01
200700054390,0,07,000,00,2,3,17,A01
200700054390,0,07,000,00,2,6,05,B02
200700054390,0,07,000,00,2,3,05,C03
200700054390,0,07,000,14,2,3,05,D04
200700054391,0,15,000,00,2,4,02,A01
200700054391,0,10,000,00,2,0,02,B02
200700054392,0,07,000,13,0,1,14,A01
200700054393,0,07,000,00,2,2,01,A01
200700054393,0,14,000,00,2,6,01,B02
200700054394,0,07,000,04,0,3,01,A01
200700054395,0,07,000,04,2,3,17,A01
200700054395,0,07,000,00,2,8,01,B02
200700054395,0,17,000,00,2,8,01,C03
200700054396,0,07,000,00,2,3,14,A01
200700054396,0,99,000,00,2,5,01,B02
200700054397,0,07,000,00,0,7,01,A01
200700054398,0,07,000,04,0,3,01,A01
200700054399,0,10,000,13,0,1,01,A01
200700054400,0,07,000,00,0,4,23,A01
200700054400,0,17,000,00,2,4,02,B02
200700054400,0,15,000,00,2,1,02,C03
200700054401,0,07,000,04,0,1,01,A01
200700054402,0,10,000,00,2,2,11,A01
200700054402,0,16,000,00,2,8,01,B02
200700054403,0,10,000,03,2,2,17,A01
200700054403,0,17,000,00,0,6,01,B02
200700054404,0,07,000,03,0,3,01,A01
200700054405,0,38,000,00,2,1,01,A01
200700054405,0,10,000,00,0,4,01,B02
200700054406,0,07,000,13,0,1,01,A01
200700054407,0,07,000,04,0,3,01,A01
200700054408,0,07,000,03,0,3,01,A01
200700054408,0,07,000,00,0,1,01,B02
200700054409,0,33,000,00,2,1,13,A01
200700054409,0,07,000,00,2,3,01,B02
200700054410,0,07,000,00,2,1,01,A01
200700054410,0,15,000,00,0,4,00,B02
200700054411,0,14,000,00,2,1,02,A01
200700054411,0,17,000,00,2,4,02,B02
200700054412,0,07,000,00,2,8,01,A01
200700054412,0,07,000,00,0,0,14,B02
200700054412,0,17,000,00,2,1,01,C03
200700054413,0,33,000,00,0,7,01,A01
200700054414,0,07,000,03,1,8,14,A01
200700054415,0,15,000,00,0,6,17,A01
200700054415,0,07,000,00,2,2,02,B02
200700054416,0,15,000,00,0,0,13,A01
200700054416,0,07,000,03,0,8,13,B02
200700054416,0,07,000,03,0,3,00,C03
200700054417,0,32,000,11,0,1,01,A01
200700054418,0,33,000,02,0,0,01,A01
200700054419,0,07,000,00,2,1,13,A01
200700054419,0,07,000,00,2,3,01,B02
200700054420,0,07,000,04,0,3,05,A01
200700054421,0,07,000,00,2,1,00,A01
200700054421,0,07,000,00,2,4,00,B02
200700054422,0,10,000,03,0,3,01,A01
200700054422,0,07,000,14,0,1,01,B02
200700054422,0,07,000,00,0,0,00,C03
200700054423,0,10,000,04,0,9,02,A01
200700054424,0,07,000,00,2,1,02,A01
200700054424,0,07,000,00,0,4,02,B02
200700054425,0,32,000,03,0,8,13,A01
200700054426,0,07,000,04,2,3,01,A01
200700054426,0,07,000,00,2,1,01,B02
200700054427,0,14,000,03,0,2,02,A01
200700054428,0,07,000,00,2,2,02,A01
200700054428,0,14,000,00,0,6,02,B02
200700054429,0,30,000,00,2,2,01,A01
200700054429,0,07,000,00,2,3,15,B02
200700054430,0,33,000,13,0,0,17,A01
200700054431,0,07,000,13,0,8,01,A01
200700054432,0,07,000,13,0,1,01,A01
200700054433,0,07,000,13,0,2,01,A01
200700054434,0,07,000,00,2,1,13,A01
200700054434,0,33,000,00,2,1,01,B02
200700054435,0,07,000,00,0,1,05,A01
200700054435,0,07,000,00,0,1,01,B02
200700054436,0,33,000,00,2,1,13,A01
200700054436,0,07,000,00,9,3,01,B02
200700054437,0,07,000,00,2,2,01,A01
200700054437,0,02,000,00,2,1,19,B02
200700054438,0,17,000,04,0,3,01,A01
200700054439,0,07,000,03,0,3,17,A01
200700054440,0,07,000,04,0,3,13,A01
200700054441,0,07,000,02,0,7,14,A01
200700054442,0,07,000,02,0,1,00,A01
200700054442,0,07,000,14,0,9,21,B02
200700054443,0,07,000,06,0,1,01,A01
200700054444,0,02,000,01,1,2,01,A01
200700054445,0,07,000,00,1,2,01,A01
200700054446,0,07,000,00,1,1,01,A01
200700054447,0,07,000,00,2,2,15,A01
200700054447,0,02,000,00,2,1,01,B02
200700054448,0,07,000,00,0,4,02,A01
200700054448,0,07,000,00,2,1,02,B02
200700054449,0,33,000,00,2,2,17,A01
200700054449,0,07,000,00,2,1,01,B02
200700054450,0,33,000,04,0,2,01,A01
200700054451,0,07,000,00,2,2,01,A01
200700054451,0,15,000,00,0,6,01,B02
200700054452,0,14,000,00,1,2,20,A01
200700054453,0,14,000,00,9,7,16,A01
200700054453,0,01,000,00,2,1,01,B02
200700054454,0,10,000,00,2,6,21,A01
200700054454,0,07,000,00,2,2,01,B02
200700054455,0,33,000,03,0,3,01,A01
200700054456,0,15,000,00,1,3,01,A01
200700054457,1,10,000,00,2,0,09,A01
200700054457,0,33,000,01,2,1,01,B02
200700054457,0,07,000,00,2,8,00,C03
200700054457,0,07,000,00,2,8,00,D04
200700054458,0,33,000,00,0,1,01,A01
200700054459,0,33,000,00,0,8,17,A01
200700054460,0,07,000,00,2,5,15,A01
200700054460,0,33,000,00,2,1,18,B02
200700054461,0,07,000,03,0,2,01,A01
200700054462,0,07,000,03,0,1,01,A01
200700054463,0,07,000,00,1,2,01,A01
200700054464,0,07,000,00,0,5,23,A01
200700054464,0,07,000,01,0,3,23,B02
200700054464,0,07,000,01,0,3,02,C03
200700054465,0,07,000,00,2,4,02,A01
200700054465,0,07,000,00,2,1,02,B02
200700054466,0,07,000,00,1,2,02,A01
200700054467,0,07,000,00,0,4,00,A01
200700054467,0,07,000,00,2,1,01,B02
200700054467,0,07,000,00,0,4,01,C03
200700054467,0,07,000,00,2,1,21,D04
200700054467,0,07,000,03,2,3,21,E05
200700054467,0,07,000,00,2,1,21,F06
200700054467,0,07,000,00,0,4,21,G07
200700054467,0,07,000,00,2,4,21,H08
200700054467,0,07,000,00,2,3,11,I09
200700054468,0,07,000,03,2,2,01,A01
200700054468,0,07,000,00,0,8,01,B02
200700054469,0,07,000,00,2,5,02,A01
200700054469,0,07,000,00,0,4,02,B02
200700054469,0,15,000,00,0,6,01,C03
200700054470,0,07,000,00,2,2,17,A01
200700054470,0,17,000,00,2,6,01,B02
200700054471,0,10,000,00,0,1,02,A01
200700054471,0,07,000,00,0,4,02,B02
200700054471,0,07,000,00,0,4,02,C03
200700054471,0,07,000,00,0,4,02,D04
200700054471,0,07,000,00,0,4,02,E05
200700054472,0,07,000,00,2,5,01,A01
200700054472,0,33,000,00,2,3,01,B02
200700054473,0,38,000,00,2,2,16,A01
200700054473,0,32,000,00,2,1,01,B02
200700054474,0,07,000,00,1,3,01,A01
200700054475,0,01,000,00,2,1,01,A01
200700054475,0,17,000,00,9,6,01,B02
200700054476,0,15,000,03,0,7,11,A01
200700054477,0,07,000,00,2,2,15,A01
200700054477,0,01,000,00,2,1,01,B02
200700054478,0,07,000,00,0,0,10,A01
200700054478,0,33,000,05,2,1,01,B02
200700054479,0,15,000,03,2,8,13,A01
200700054479,0,10,000,03,2,7,17,B02
200700054480,0,17,000,03,0,2,14,A01
200700054481,0,07,000,00,6,1,01,A01