Num_Acc,senc,catv,occutc,obs,obsm,choc,manv,num_veh
200700054482,0,07,000,13,0,2,14,A01
200700054483,0,33,000,00,0,7,17,A01
200700054483,0,07,000,00,2,6,15,B02
200700054484,0,07,000,00,2,2,15,A01
200700054484,0,07,000,00,2,3,01,B02
200700054485,0,07,000,00,0,9,01,A01
200700054486,0,10,000,00,0,6,24,A01
200700054486,0,01,000,00,2,1,02,B02
200700054487,0,33,000,00,2,6,01,A01
200700054487,0,07,000,00,2,7,15,B02
200700054488,0,10,000,00,2,3,13,A01
200700054488,0,07,000,00,2,3,00,B02
200700054489,0,31,000,03,0,1,01,A01
200700054490,0,14,000,00,1,0,01,A01
200700054491,0,33,000,06,0,2,02,A01
200700054492,0,07,000,00,2,4,23,A01
200700054492,0,07,000,00,2,1,01,B02
200700054493,0,07,000,03,0,2,01,A01
200700054494,0,33,000,03,0,1,17,A01
200700054494,0,07,000,00,2,2,02,B02
200700054494,0,07,000,00,2,2,20,C03
200700054494,0,07,000,00,2,1,21,D04
200700054494,0,10,000,00,0,0,23,E05
200700054494,0,10,000,00,2,8,23,F06
200700054495,0,07,000,13,0,5,01,A01
200700054496,0,07,000,00,1,1,01,A01
200700054497,0,33,000,00,2,1,01,A01
200700054497,0,07,000,00,0,4,01,B02
200700054497,0,07,000,00,9,3,01,C03
200700054498,0,07,000,00,0,9,01,A01
200700054499,0,30,000,00,9,1,01,A01
200700054500,0,07,000,13,0,3,19,A01
200700054501,0,10,000,00,2,3,13,A01
200700054501,0,33,000,00,2,3,01,B02
200700054502,0,07,000,00,2,6,13,A01
200700054502,0,07,000,00,2,3,17,B02
200700054503,0,07,000,00,5,2,01,A01
200700054504,0,07,000,06,0,2,01,A01
200700054505,0,07,000,00,2,3,13,A01
200700054505,0,07,000,00,2,3,01,B02
200700054506,0,33,000,00,2,7,02,A01
200700054506,0,10,000,00,2,3,02,B02
200700054507,0,33,000,00,2,1,01,A01
200700054507,0,07,000,00,0,5,06,B02
200700054508,0,33,000,00,2,1,17,A01
200700054508,0,07,000,00,2,6,15,B02
200700054509,0,07,000,02,0,7,01,A01
200700054510,0,07,000,00,0,1,01,A01
200700054511,0,07,000,00,2,3,15,A01
200700054511,0,30,000,00,0,3,01,B02
200700054512,0,02,000,06,0,7,01,A01
200700054513,0,07,000,00,2,0,00,A01
200700054513,0,07,000,00,2,1,13,B02
200700054514,0,07,000,00,0,6,02,A01
200700054514,0,02,000,00,2,1,02,B02
200700054515,0,07,000,00,0,0,19,A01
200700054515,0,33,000,00,0,0,00,B02
200700054516,0,31,000,00,2,8,18,A01
200700054516,0,17,000,00,2,5,09,B02
200700054517,0,07,000,13,0,1,01,A01
200700054518,0,07,000,00,2,1,01,A01
200700054518,0,07,000,00,2,1,01,B02
200700054519,0,33,000,13,0,1,17,A01
200700054520,0,07,000,00,2,3,15,B02
200700054520,0,30,000,00,2,1,17,A01
200700054521,0,33,000,03,2,8,17,A01
200700054521,0,07,000,00,2,7,17,B02
200700054521,0,15,000,00,2,3,01,C03
200700054522,0,10,000,03,0,3,17,A01
200700054523,0,17,000,00,2,3,13,A01
200700054523,0,07,000,00,0,2,17,B02
200700054524,0,07,000,04,5,2,21,A01
200700054525,0,10,000,03,0,1,01,A01
200700054526,0,07,000,13,0,9,01,A01
200700054527,0,07,000,16,0,2,01,A01
200700054528,0,07,000,05,0,1,14,A01
200700054529,0,31,000,03,0,0,01,A01
200700054530,0,13,000,03,0,3,13,A01
200700054531,0,30,000,08,0,7,14,A01
200700054532,0,07,000,00,2,5,15,A01
200700054532,0,02,000,00,2,1,01,B02
200700054533,0,02,000,00,2,2,01,A01
200700054533,0,07,000,00,2,3,01,B02
200700054534,0,07,000,00,2,1,19,A01
200700054534,0,02,000,00,2,1,01,B02
200700054535,0,07,000,00,9,1,15,A01
200700054535,0,01,000,00,2,8,01,B02
200700054536,0,07,000,00,2,2,15,A01
200700054536,0,07,000,00,2,1,01,B02
200700054537,0,07,000,00,2,1,15,A01
200700054537,0,07,000,02,2,3,09,B02
200700054538,0,07,000,03,0,1,14,A01
200700054538,0,07,000,00,2,2,01,B02
200700054538,0,17,000,00,2,3,01,C03
200700054538,0,07,000,00,2,1,01,D04
200700054539,0,15,000,01,0,2,01,A01
200700054539,0,17,000,00,0,6,24,B02
200700054539,0,10,000,00,2,2,01,C03
200700054540,0,07,000,00,2,3,12,A01
200700054540,0,17,000,00,0,5,01,B02
200700054541,0,13,000,00,2,2,02,A01
200700054541,0,10,000,00,2,6,02,B02
200700054542,0,07,000,00,0,1,01,A01
200700054542,0,30,000,00,0,7,01,B02
200700054543,0,07,000,00,2,1,02,A01
200700054543,0,17,000,00,2,4,02,B02
200700054544,0,07,000,00,2,3,11,A01
200700054544,0,07,000,03,2,5,01,B02
200700054545,0,07,000,13,0,1,00,A01
200700054546,0,01,000,00,2,4,01,A01
200700054546,0,07,000,00,2,7,01,B02
200700054547,0,07,000,00,2,1,13,A01
200700054547,0,07,000,00,2,1,01,B02
200700054548,0,33,000,03,0,1,01,A01
200700054549,0,07,000,00,0,4,01,A01
200700054550,0,07,000,00,2,1,02,A01
200700054550,0,17,000,00,2,4,02,B02
200700054551,0,17,000,03,0,2,01,A01
200700054551,0,07,000,03,0,1,01,B02
200700054551,0,07,000,03,0,1,01,C03
200700054552,0,07,000,13,0,2,01,A01
200700054553,0,07,000,07,0,2,01,A01
200700054554,0,07,000,16,0,1,01,A01
200700054555,0,07,000,04,0,3,01,A01
200700054556,0,33,000,04,0,1,01,A01
200700054556,0,33,000,00,0,1,01,B02
200700054557,0,17,000,00,2,0,01,A01
200700054557,0,07,000,00,9,1,01,B02
200700054558,0,17,000,00,2,2,21,A01
200700054558,0,99,000,13,0,6,02,B02
200700054559,0,07,000,00,5,1,01,A01
200700054560,0,07,000,00,0,0,00,A01
200700054560,0,14,000,00,0,6,02,B02
200700054561,0,07,000,03,0,6,01,A01
200700054562,0,07,000,04,0,3,00,A01
200700054563,0,07,000,13,0,2,01,A01
200700054564,0,07,000,00,2,2,02,A01
200700054564,0,07,000,00,2,6,01,B02
200700054565,0,07,000,00,2,7,02,A01
200700054565,0,07,000,00,2,8,02,B02
200700054566,0,33,000,11,0,3,15,A01
200700054567,0,07,000,00,2,4,02,A01
200700054567,0,07,000,00,2,1,02,B02
200700054568,0,07,000,02,0,3,01,A01
200700054569,0,30,000,00,2,1,13,A01
200700054569,0,15,000,00,2,2,01,B02
200700054570,0,33,000,00,2,1,01,A01
200700054570,0,07,000,00,2,3,19,B02
200700054571,0,07,000,03,0,9,14,A01
200700054572,0,07,000,00,0,2,14,A01
200700054573,0,07,000,00,1,2,00,A01
200700054574,0,07,000,00,2,7,15,A01
200700054574,0,07,000,00,2,1,01,B02
200700054575,0,13,000,02,0,1,01,A01
200700054576,0,07,000,13,0,1,14,A01
200700054577,0,07,000,00,2,7,15,A01
200700054577,0,33,000,00,2,1,01,B02
200700054578,0,07,000,00,0,7,16,A01
200700054578,0,02,000,00,2,1,01,B02
200700054579,0,07,000,00,2,1,12,A01
200700054579,0,07,000,03,2,4,02,B02
200700054580,0,07,000,00,2,2,15,A01
200700054580,0,31,000,00,2,3,01,B02
200700054581,0,07,000,00,2,1,13,A01
200700054581,0,07,000,00,2,8,01,B02
200700054581,0,07,000,00,2,1,01,C03
200700054582,0,07,000,02,2,7,17,A01
200700054582,0,07,000,00,0,8,02,B02
200700054583,0,07,000,00,2,3,01,B02
200700054583,0,07,000,00,0,6,01,A01
200700054584,0,07,000,00,2,1,17,A01
200700054584,0,03,000,00,2,9,15,B02
200700054585,0,07,000,13,0,1,01,A01
200700054586,0,07,000,00,2,2,15,A01
200700054586,0,32,000,00,2,1,01,B02
200700054587,0,10,000,08,0,1,00,A01
200700054588,0,10,000,00,2,3,13,A01
200700054588,0,10,000,00,2,3,01,B02
200700054588,0,10,000,00,2,1,01,C03
200700054589,0,07,000,04,0,3,01,A01
200700054590,0,07,000,02,0,0,13,A01
200700054591,0,33,000,00,2,8,21,A01
200700054591,0,33,000,00,9,8,00,B02
200700054592,0,10,000,00,2,3,01,A01
200700054592,0,07,000,00,2,3,01,B02
200700054592,0,07,000,00,2,3,01,C03
200700054593,0,10,000,00,2,1,02,A01
200700054593,0,21,000,00,2,4,02,B02
200700054594,0,07,000,04,0,9,13,A01
200700054595,0,07,000,02,0,1,01,A01
200700054596,0,10,000,03,0,3,01,A01
200700054597,0,01,000,00,1,1,05,A01
200700054598,0,07,000,00,2,8,01,A01
200700054598,0,07,000,00,2,7,13,B02
200700054599,0,30,000,00,0,4,01,A01
200700054599,0,30,000,00,2,1,02,B02
200700054600,0,03,000,00,2,1,05,A01
200700054600,0,10,000,00,2,3,17,B02
200700054601,0,10,000,13,0,1,01,A01
200700054602,0,07,000,00,2,4,02,A01
200700054603,0,07,000,00,2,3,15,A01
200700054603,0,33,000,00,0,7,17,B02
200700054604,0,31,000,00,0,8,00,A01
200700054604,0,31,000,00,0,1,01,B02
200700054605,0,07,000,14,0,3,01,A01
200700054606,0,33,000,16,0,1,21,A01
200700054606,0,16,000,00,0,0,19,B02
200700054607,0,31,000,00,2,1,02,A01
200700054607,0,07,000,00,0,4,23,B02
200700054608,0,07,000,16,0,9,14,A01
200700054609,0,07,000,00,1,2,01,A01
200700054610,0,07,000,00,2,3,15,A01
200700054610,0,01,000,00,2,1,01,B02
200700054611,0,37,058,00,2,2,01,B01
200700054611,0,07,000,00,2,6,00,A01
200700054612,0,15,000,00,2,7,16,A01
200700054612,0,30,000,00,2,8,23,B01
200700054612,0,99,000,00,0,8,23,C01
200700054613,0,02,000,00,2,1,13,A01
200700054613,0,07,000,00,2,3,23,B01
200700054614,0,10,000,00,2,5,15,A01
200700054614,0,07,000,00,2,2,01,B01
200700054615,0,01,000,00,1,1,05,A01
200700054615,0,07,000,00,2,1,19,B01
200700054616,0,33,000,00,2,1,01,B01
200700054616,0,07,000,00,2,3,15,A01
200700054617,0,07,000,00,2,7,15,A01
200700054617,0,30,000,00,2,1,01,B01
200700054618,0,15,000,00,2,2,23,C01
200700054618,0,07,000,00,2,7,15,A01
200700054618,0,07,000,00,2,1,19,B01
200700054619,0,30,000,00,2,1,02,A01
200700054619,0,07,000,00,0,4,23,B01
200700054620,0,07,000,08,1,1,01,A01
200700054620,0,01,000,00,2,1,01,B01
200700054621,0,07,000,03,0,8,01,A01
200700054622,0,07,000,00,2,1,13,A01
200700054622,0,07,000,00,2,1,01,B01
200700054623,0,07,000,00,1,3,01,A01
200700054624,0,07,000,00,2,2,00,A01
200700054624,0,01,000,00,2,4,01,B01
200700054625,0,07,000,00,2,2,15,A01
200700054625,0,07,000,00,2,2,01,B01
200700054626,0,07,000,00,2,4,01,B01
200700054626,0,07,000,00,2,6,01,C01
200700054626,0,07,000,00,2,2,01,D01
200700054626,0,07,000,06,2,3,01,E01
200700054626,0,07,000,00,2,1,01,A01
200700054627,0,20,000,00,2,8,09,A01
200700054627,0,33,000,00,2,1,01,B01
200700054628,0,07,000,00,1,1,01,A01
200700054629,0,02,000,00,2,1,01,B01
200700054629,0,07,000,00,9,3,15,A01
200700054630,0,07,000,00,9,4,01,B01
200700054630,0,33,000,00,2,1,01,A01
200700054631,0,07,000,00,2,3,01,B01
200700054631,0,30,000,00,2,1,13,A01
200700054632,0,07,000,00,1,1,01,A01
200700054633,0,07,000,00,0,7,11,A01
200700054633,0,07,000,00,2,1,00,B01
200700054633,0,07,000,00,0,8,23,C01
200700054634,0,07,000,00,0,6,01,B01
200700054634,0,07,000,00,1,1,01,C01
200700054634,0,02,000,00,2,6,17,A01
200700054635,0,07,000,00,2,7,15,A01
200700054635,0,02,000,00,2,1,01,B01
200700054636,0,07,000,00,2,3,13,A01
200700054636,0,07,000,00,2,3,01,B01
200700054637,0,07,000,00,2,2,15,A01
200700054637,0,30,000,00,2,1,01,B01
200700054638,0,07,000,00,2,3,15,A01
200700054638,0,33,000,00,2,8,02,B01
200700054639,0,07,000,00,2,3,01,A01
200700054639,0,07,000,00,2,8,01,B01
200700054640,0,07,000,08,0,3,13,A01
200700054641,0,07,000,14,0,1,02,A01
200700054641,0,07,000,00,1,1,00,B01
200700054642,0,07,000,00,2,3,15,A01
200700054642,0,33,000,00,2,2,17,B01
200700054643,0,30,000,00,0,8,01,A01
200700054644,0,07,000,00,2,1,01,A01
200700054644,0,07,000,00,0,3,15,B01
200700054645,0,07,000,00,2,1,01,A01
200700054645,0,33,000,00,2,8,01,B01
200700054646,0,07,000,00,2,8,15,A01
200700054646,0,07,000,00,2,1,01,B01
200700054647,0,07,000,00,2,5,17,A01
200700054647,0,01,000,00,2,1,15,B01
200700054648,0,07,000,00,2,7,09,A01
200700054648,0,07,000,00,2,1,01,B01
200700054649,0,07,000,00,2,1,01,A01
200700054649,0,02,000,00,2,2,15,B01
200700054650,0,07,000,00,1,2,01,A01
200700054651,0,07,000,00,2,6,09,A01
200700054651,0,33,000,00,2,1,01,B01
200700054652,0,37,001,00,2,1,02,B01
200700054652,0,07,000,00,2,3,09,A01
200700054653,0,07,000,00,2,7,15,A01
200700054653,0,33,000,00,2,1,01,B01
200700054654,0,07,000,00,1,1,01,A01
200700054655,0,07,000,01,0,1,14,A01
200700054656,0,07,000,01,1,1,14,A01
200700054657,0,07,000,00,2,3,15,B01
200700054657,0,02,000,00,2,1,17,A01
200700054658,0,07,000,02,0,1,14,A01
200700054659,0,07,000,01,0,1,14,A01
200700054659,0,10,000,00,2,4,24,B01
200700054660,0,07,000,00,0,4,01,B01
200700054660,0,07,000,00,2,1,02,A01
200700054661,0,15,000,00,2,5,17,A01
200700054661,0,30,000,00,2,3,01,B01
200700054662,0,07,000,00,2,1,13,A01
200700054662,0,33,000,00,2,1,01,B01
200700054663,0,07,000,00,0,4,24,A01
200700054664,0,33,000,00,0,0,02,A01
200700054665,0,14,000,00,2,4,01,A01
200700054665,0,07,000,00,0,4,15,B01
200700054666,0,30,000,00,2,3,01,B01
200700054666,0,07,000,00,2,3,15,A01
200700054667,1,17,000,00,2,8,01,A01
200700054667,0,02,000,00,2,3,01,B01
200700054668,0,02,000,00,2,4,01,A01
200700054668,0,01,000,00,2,4,14,B01
200700054669,0,07,000,00,2,3,05,A01
200700054669,0,07,000,00,2,2,01,B01
200700054670,0,33,000,00,2,7,17,A01
200700054670,0,15,000,00,2,6,16,B01
200700054671,0,30,000,00,2,1,13,A01
200700054671,0,07,000,00,2,1,00,B01
200700054672,0,10,000,00,2,1,02,A01
200700054672,0,07,000,00,2,4,01,B01
200700054672,0,10,000,00,0,4,01,C01
200700054673,0,07,000,00,1,1,01,A01
200700054674,0,31,000,00,2,3,21,B01
200700054674,0,07,000,00,2,2,15,A01
200700054675,0,07,000,00,2,2,02,A01
200700054675,0,01,000,00,2,8,02,B01
200700054676,0,07,000,00,2,8,01,A01
200700054676,0,02,000,00,2,7,01,B01
200700054677,0,01,000,00,2,3,00,A01
200700054677,0,07,000,00,0,7,00,B01
200700054678,0,07,000,00,2,8,09,A01
200700054678,0,02,000,00,2,1,19,B01
200700054679,0,07,000,00,0,5,00,B01
200700054679,0,01,000,00,2,1,02,A01
200700054680,0,31,000,00,2,3,05,A01
200700054680,0,33,000,00,2,3,01,B01
200700054681,0,07,000,00,1,1,01,A01
200700054682,0,07,000,00,2,1,01,B01
200700054682,0,07,000,00,2,8,23,C01
200700054682,0,07,000,01,2,8,01,A01
200700054683,0,02,000,00,2,7,01,B01
200700054683,0,07,000,00,2,0,15,A01
200700054684,0,07,000,00,0,0,00,A01
200700054684,0,07,000,00,0,0,00,B01
200700054685,0,07,000,00,2,4,02,B01
200700054685,0,07,000,00,2,4,02,C01
200700054685,0,07,000,00,2,1,02,A01
200700054686,0,07,000,00,2,3,15,A01
200700054686,0,33,000,00,2,1,01,B01
200700054687,0,07,000,00,1,2,15,A01
200700054688,0,31,000,00,1,1,01,A01
200700054689,0,31,000,00,2,1,01,A01
200700054689,0,07,000,00,2,2,15,B01
200700054690,0,07,000,00,2,1,02,A01
200700054690,0,07,000,00,2,4,02,B01
200700054691,0,30,000,00,2,1,01,A01
200700054691,0,10,000,00,2,4,02,B01
200700054692,0,02,000,00,1,1,01,A01
200700054693,0,02,000,00,1,0,01,A01
200700054694,0,07,000,00,1,5,01,A01
200700054695,0,32,000,00,1,2,01,A01
200700054696,0,32,000,00,2,7,02,A01
200700054696,0,07,000,00,2,2,02,B01
200700054697,0,07,000,00,2,3,11,A01
200700054697,0,33,000,00,2,7,01,B01
200700054698,0,07,000,00,1,2,01,A01
200700054699,0,10,000,00,2,8,15,A01
200700054699,0,30,000,00,2,1,01,B01
200700054700,0,30,000,00,2,1,13,A01
200700054700,0,07,000,00,2,1,00,B01
200700054701,0,30,000,00,0,1,00,A01
200700054702,0,07,000,00,2,1,01,A01
200700054703,0,02,000,01,0,1,14,A01
200700054703,0,07,000,00,2,6,24,B01
200700054704,0,07,000,00,2,6,15,A01
200700054704,0,02,000,00,2,1,00,B01
200700054705,0,07,000,00,2,3,01,B01
200700054705,0,30,000,00,2,1,01,A01
200700054706,1,10,000,00,2,5,04,A01
200700054706,0,30,000,00,2,1,01,B01
200700054707,0,07,000,00,2,1,09,A01
200700054707,0,30,000,00,2,1,17,B01
200700054708,0,07,000,00,2,1,15,A01
200700054708,0,02,000,00,2,1,01,B01
200700054709,0,07,000,00,2,1,01,A01
200700054710,0,10,000,00,2,1,15,A01
200700054710,0,33,000,00,2,1,01,B01
200700054711,0,07,000,00,4,1,01,A01
200700054711,0,07,000,00,2,5,02,B01
200700054711,0,07,000,00,2,4,01,C01
200700054712,0,30,000,00,2,7,17,A01
200700054712,0,07,000,00,2,8,15,B01
200700054713,0,30,000,00,2,4,01,A01
200700054713,0,32,000,00,2,1,01,B01
200700054714,0,33,000,00,1,1,01,A01
200700054715,0,32,000,00,2,1,01,B01
200700054715,0,07,000,00,2,1,15,A01
200700054716,0,07,000,00,2,4,01,B01
200700054716,0,30,000,00,2,1,13,A01
200700054717,0,30,000,00,2,1,00,A01
200700054717,0,07,000,00,2,4,01,B01
200700054717,1,07,000,00,2,1,01,C01
200700054718,0,07,000,00,2,7,01,A01
200700054718,0,01,000,00,2,1,01,B01
200700054719,0,31,000,00,1,2,01,A01
200700054720,0,02,000,00,2,1,00,B01
200700054721,0,30,000,00,2,1,00,A01
200700054722,0,02,000,00,2,5,16,A01
200700054722,0,30,000,00,2,1,01,B01
200700054723,0,01,000,01,2,1,01,B01
200700054723,0,02,000,00,2,1,01,A01
200700054724,0,07,000,00,2,1,01,A01
200700054724,0,07,000,00,2,4,01,B01
200700054724,0,07,000,00,2,4,01,D01
200700054724,0,07,000,00,2,4,01,E01
200700054724,0,07,000,00,2,4,02,C01
200700054725,0,07,000,11,2,1,15,A01
200700054726,0,30,000,00,1,1,01,A01
200700054727,0,07,000,00,2,3,09,A01
200700054727,0,33,000,00,2,1,01,B01
200700054727,0,07,000,00,2,5,01,C01
200700054728,0,02,000,00,2,1,00,A01
200700054728,0,07,000,00,2,1,00,B01
200700054729,0,07,000,00,2,2,15,A01
200700054729,0,33,000,00,2,1,01,B01
200700054730,0,07,000,00,2,1,01,A01
200700054730,0,32,000,00,2,1,17,B01
200700054731,0,30,000,00,2,1,01,A01
200700054731,0,07,000,00,2,5,16,B01
200700054732,0,30,000,00,2,1,00,B01
200700054732,0,07,000,00,2,3,10,A01
200700054733,1,30,000,00,1,1,01,A01
200700054734,0,30,000,00,2,1,01,A01
200700054735,0,07,000,00,2,1,01,A01
200700054735,0,07,000,01,2,3,01,B01
200700054736,0,07,000,00,2,4,01,B01
200700054736,0,07,000,00,2,1,01,A01
200700054736,0,37,001,01,2,8,01,C01
200700054737,0,07,000,00,2,1,13,A01
200700054737,0,07,000,00,2,3,01,B01
200700054738,0,30,000,00,2,1,00,B01
200700054738,0,07,000,00,2,1,00,A01
200700054739,0,30,000,00,2,1,01,A01
200700054739,0,07,000,00,2,1,01,B01
200700054740,0,07,000,00,2,1,09,A01
200700054741,0,07,000,00,2,3,09,A01
200700054741,0,34,000,00,2,1,17,B01
200700054742,0,30,000,00,2,4,01,B01
200700054742,0,07,000,00,2,1,01,A01
200700054743,0,07,000,14,0,0,00,A01
200700054744,0,02,000,01,0,1,00,A01
200700054745,0,33,000,00,2,1,17,A01
200700054745,0,07,000,00,0,8,15,B01
200700054746,0,02,000,00,2,1,01,A01
200700054746,0,07,000,00,0,4,23,B01
200700054747,0,02,000,00,0,0,00,A01
200700054748,0,10,000,02,0,1,00,A01
200700054749,0,03,000,00,0,0,00,A01
200700054750,0,07,000,00,0,6,15,A01
200700054750,0,30,000,00,2,1,01,B01
200700054751,0,07,000,00,2,2,02,A01
200700054751,0,07,000,00,2,8,15,B01
200700054752,0,02,000,00,2,1,01,A01
200700054752,0,07,000,00,2,3,01,B01
200700054753,0,02,000,00,2,1,01,A01
200700054753,0,07,000,00,0,4,15,B01
200700054754,0,07,000,00,2,3,02,A01
200700054754,0,01,000,00,0,5,02,B01
200700054755,0,02,000,00,2,1,01,A01
200700054755,0,17,000,00,0,4,23,B01
200700054756,0,07,000,00,0,5,04,A01
200700054756,0,02,000,00,2,1,01,B01
200700054757,0,07,000,00,2,3,13,A01
200700054757,0,07,000,00,0,4,01,B01
200700054758,0,07,000,00,2,1,02,A01
200700054758,0,07,000,00,0,4,23,B01
200700054759,0,02,000,00,2,1,17,A01
200700054759,0,10,000,00,0,8,15,B01
200700054760,0,07,000,00,0,0,15,A01
200700054760,0,33,000,00,2,7,01,B01
200700054760,0,07,000,00,2,3,01,C01
200700054761,0,10,000,00,2,1,02,A01
200700054761,0,07,000,00,0,4,02,B01
200700054762,0,07,000,00,0,0,00,A01
200700054762,0,07,000,00,0,0,00,B01
200700054763,0,07,000,00,2,1,11,A01
200700054763,0,07,000,00,2,1,01,B01
200700054764,0,07,000,00,2,8,13,A01
200700054764,0,38,020,00,2,3,01,B01
200700054765,0,31,000,00,2,1,13,A01
200700054765,0,07,000,00,2,1,01,B01
200700054766,0,07,000,00,2,1,13,A01
200700054766,0,01,000,00,2,1,01,B01
200700054767,0,07,000,00,2,2,15,A01
200700054767,0,07,000,00,2,8,01,B01
200700054768,0,07,000,00,2,1,15,A01
200700054768,0,31,000,00,2,2,01,B01
200700054769,0,07,000,00,2,8,15,A01
200700054769,0,30,000,00,2,2,17,B01
200700054770,0,07,000,00,2,1,13,A01
200700054770,0,07,000,00,2,1,16,B01
200700054771,0,07,000,00,2,1,02,A01
200700054771,0,07,000,00,0,4,01,B01
200700054772,0,02,000,00,0,0,01,A01
200700054773,0,07,000,06,0,1,14,A01
200700054774,0,10,000,08,0,2,00,A01
200700054775,0,07,000,00,2,1,13,A01
200700054775,0,07,000,00,0,8,01,B01
200700054775,0,07,000,00,0,3,01,C01
200700054776,0,30,000,00,2,1,01,A01
200700054776,0,07,000,00,0,4,01,B01
200700054777,0,02,000,12,0,7,01,A01
200700054778,0,07,000,00,1,1,01,A01
200700054779,0,07,000,06,2,7,17,A01
200700054779,0,07,000,00,0,8,01,B01
200700054780,0,33,000,00,0,7,01,A01
200700054780,0,07,000,00,2,2,01,B01
200700054781,0,32,000,06,2,1,17,A01
200700054781,0,07,000,00,2,8,15,B01
200700054782,0,02,000,00,2,0,17,A01
200700054782,0,07,000,00,0,6,23,B01
200700054783,0,33,000,00,2,7,01,B01
200700054783,0,07,000,00,0,2,15,A01
200700054784,0,31,000,00,1,1,01,A01
200700054785,0,05,000,00,1,1,01,A01
200700054786,0,31,000,00,2,8,18,A01
200700054786,0,07,000,00,2,2,12,B01
200700054787,0,07,000,00,2,3,02,A01
200700054787,0,33,000,00,2,1,15,B01
200700054788,0,02,000,00,2,1,02,A01
200700054788,0,07,000,00,2,4,23,B01
200700054789,0,07,000,00,2,1,02,B01
200700054789,0,07,000,00,2,8,02,A01
200700054790,0,07,000,09,0,2,14,A01
200700054791,0,10,000,08,0,0,00,A01
200700054792,0,02,000,00,2,1,01,A01
200700054792,0,07,000,00,2,4,01,B01
200700054793,0,07,000,00,2,1,01,A01
200700054793,0,01,000,00,2,5,01,B01
200700054794,0,33,000,00,2,1,01,B01
200700054794,0,10,000,00,2,2,15,A01
200700054795,0,07,000,00,1,1,01,A01
200700054796,0,30,000,00,2,7,01,A01
200700054796,0,07,000,00,2,5,15,B01
200700054797,0,07,000,00,1,3,15,A01
200700054798,0,07,000,00,2,3,01,B01
200700054798,0,07,000,00,2,2,09,A01
200700054799,0,01,000,00,1,1,01,A01
200700054800,0,07,000,00,2,3,15,A01
200700054800,0,33,000,00,2,7,15,B01
200700054801,0,07,000,00,2,7,15,A01
200700054801,0,33,000,00,2,1,01,B01
200700054802,0,02,000,00,2,1,03,A01
200700054802,0,07,000,00,2,2,16,B01
200700054803,0,07,000,00,2,5,15,A01
200700054803,0,32,000,00,2,1,01,B01
200700054804,0,32,000,00,1,1,01,A01
200700054805,0,32,000,00,2,2,01,A01
200700054805,0,13,000,00,2,6,01,B01
200700054806,0,02,000,00,2,8,15,A01
200700054806,0,10,000,00,2,1,01,B01
200700054807,0,33,000,00,2,0,01,A01
200700054807,0,07,000,00,2,3,15,B01
200700054808,0,33,000,00,2,1,01,A01
200700054808,0,07,000,00,2,5,21,B01
200700054809,0,30,000,00,1,8,01,A01
200700054809,0,30,000,00,2,5,01,B01
200700054810,0,07,000,00,2,2,01,B01
200700054810,0,02,000,00,2,1,15,A01
200700054811,0,07,000,00,2,1,09,A01
200700054811,0,33,000,00,2,2,18,B01
200700054812,0,02,000,00,2,7,00,A01
200700054813,0,32,000,00,2,1,15,A01
200700054813,0,07,000,00,2,3,01,B01
200700054814,0,10,000,00,2,0,11,A01
200700054814,0,31,000,00,2,1,01,B01
200700054815,0,07,000,00,2,6,02,B01
200700054815,0,02,000,00,2,1,02,A01
200700054816,0,07,000,00,2,7,11,A01
200700054816,0,02,000,00,2,1,01,B01
200700054817,0,07,000,00,1,1,02,A01
200700054818,0,07,000,00,2,1,01,A01
200700054818,0,02,000,00,2,9,15,B01
200700054819,0,34,000,00,2,1,01,B01
200700054819,0,07,000,00,2,8,09,A01
200700054820,0,07,000,00,2,5,15,A01
200700054820,0,07,000,00,2,1,01,B01
200700054821,0,07,000,00,2,3,13,A01
200700054821,0,07,000,00,2,3,01,B01
200700054822,0,32,000,11,0,1,01,A01
200700054823,0,02,000,09,0,1,01,A01
200700054824,0,01,000,00,9,0,01,B01
200700054824,0,01,000,00,9,1,19,A01
200700054825,0,07,000,00,2,3,01,A01
200700054825,0,02,000,00,2,1,01,B01
200700054826,0,07,000,00,2,1,01,A01
200700054826,0,07,000,00,2,4,01,B01
200700054827,0,07,000,00,1,3,01,A01
200700054828,0,02,000,00,1,1,02,A01
200700054829,0,32,000,00,2,1,02,A01
200700054829,0,07,000,00,2,3,09,B01
200700054830,0,31,000,00,0,0,01,A01
200700054831,0,07,000,00,1,6,04,A01
200700054832,0,07,000,00,2,8,11,A01
200700054832,0,31,000,00,2,1,01,B01
200700054833,0,07,000,00,2,2,15,A01
200700054833,0,02,000,00,2,1,01,B01
200700054834,0,07,000,00,2,1,09,A01
200700054834,0,33,000,00,2,1,17,B01
200700054835,0,07,000,00,2,8,01,B01
200700054835,0,07,000,00,2,8,09,A01
200700054836,0,07,000,00,2,7,16,A01
200700054836,0,33,000,00,2,1,18,B01
200700054837,0,18,001,00,2,2,01,A01
200700054837,0,07,000,00,2,3,15,B01
200700054838,0,07,000,00,0,0,00,A01
200700054838,0,01,000,00,2,0,00,B01
200700054839,0,02,000,00,2,1,05,A01
200700054839,0,33,000,00,2,1,01,B01
200700054840,0,32,000,00,1,1,02,A01
200700054841,0,02,000,00,2,1,01,A01