Num_Acc,senc,catv,occutc,obs,obsm,choc,manv,num_veh
200700054841,0,13,000,00,2,7,15,B01
200700054842,0,02,000,00,2,1,01,B01
200700054842,0,07,000,00,2,8,09,A01
200700054843,0,01,000,00,2,1,15,A01
200700054843,0,07,000,00,2,3,01,B01
200700054844,0,05,000,00,2,6,18,A01
200700054844,0,07,000,00,2,2,01,B01
200700054845,0,02,000,00,0,0,00,A01
200700054846,0,02,000,00,2,1,01,A01
200700054846,0,32,000,00,2,4,01,B01
200700054847,0,07,000,00,2,6,13,A01
200700054847,0,33,000,00,2,2,02,B01
200700054848,0,07,000,00,2,3,01,A01
200700054848,0,33,000,00,2,1,01,B01
200700054849,0,07,000,00,1,1,02,A01
200700054850,0,07,000,00,2,2,01,A01
200700054850,0,31,000,00,2,1,01,B01
200700054851,0,02,000,00,2,2,01,B01
200700054851,0,07,000,00,2,1,23,A01
200700054852,0,07,000,00,2,2,01,A01
200700054852,0,02,000,00,2,1,01,B01
200700054853,0,07,000,00,2,4,01,A01
200700054853,0,07,000,00,2,1,01,B01
200700054854,0,07,000,00,2,2,14,A01
200700054854,0,07,000,00,2,1,01,B01
200700054855,0,07,000,00,2,3,00,A01
200700054855,0,02,000,00,2,1,00,B01
200700054856,0,07,000,00,1,1,01,A01
200700054857,0,07,000,00,2,0,15,A01
200700054857,0,32,000,00,2,1,01,B01
200700054858,0,07,000,00,2,3,09,A01
200700054858,0,31,000,00,2,1,01,B01
200700054859,0,02,000,00,2,1,15,A01
200700054859,0,07,000,00,2,3,01,B01
200700054860,0,02,000,00,2,0,02,A01
200700054860,0,07,000,00,2,6,02,B01
200700054861,0,33,000,00,2,3,16,A01
200700054861,0,07,000,00,2,2,16,B01
200700054862,0,07,000,00,1,1,15,A01
200700054863,0,07,000,00,2,5,15,A01
200700054863,0,33,000,00,2,3,01,B01
200700054864,0,07,000,01,2,2,15,A01
200700054864,0,07,000,00,2,3,01,B01
200700054864,0,07,000,00,2,4,24,C01
200700054864,0,07,000,00,2,4,24,D01
200700054865,0,32,000,00,2,1,21,A01
200700054865,0,07,000,00,2,4,01,B01
200700054866,0,07,000,00,2,1,01,A01
200700054866,0,07,000,00,2,4,01,B01
200700054867,0,14,000,08,0,1,01,A01
200700054867,0,07,000,00,9,1,01,B01
200700054868,1,07,000,00,0,0,00,A01
200700054868,0,33,000,00,0,7,01,B01
200700054869,0,32,000,00,1,2,01,A01
200700054870,0,05,000,00,2,1,00,A01
200700054870,0,07,000,00,2,1,00,B01
200700054871,0,02,000,00,2,1,17,A01
200700054871,0,07,000,00,2,3,15,B01
200700054872,0,33,000,00,2,8,00,A01
200700054872,0,07,000,00,2,7,00,B01
200700054873,0,02,000,00,2,1,02,B01
200700054873,0,07,000,00,2,3,09,A01
200700054874,0,07,000,00,2,8,13,A01
200700054874,0,05,000,00,2,2,17,B01
200700054875,1,07,000,00,2,3,10,A01
200700054875,0,02,000,00,2,1,01,B01
200700054876,0,05,000,00,1,1,00,A01
200700054877,0,07,000,00,1,1,01,A01
200700054878,0,07,000,00,2,3,15,A01
200700054878,0,05,000,00,2,1,17,B01
200700054879,0,07,000,00,2,1,09,A01
200700054879,0,05,000,00,2,1,17,B01
200700054880,0,10,000,00,2,1,02,A01
200700054880,0,05,000,00,2,5,02,B01
200700054881,0,02,000,00,1,1,17,A01
200700054882,0,07,000,00,2,1,02,A01
200700054882,0,07,000,01,2,4,02,B01
200700054883,0,07,000,00,2,0,17,B01
200700054883,0,05,000,00,2,6,15,A01
200700054884,0,07,000,00,2,6,11,A01
200700054884,0,05,000,00,2,7,01,B01
200700054885,0,07,000,00,2,2,15,A01
200700054885,0,05,000,00,2,9,01,B01
200700054886,0,02,000,00,2,2,01,A01
200700054886,0,07,000,00,2,3,01,B01
200700054887,0,02,000,00,1,1,00,A01
200700054888,0,07,000,16,0,1,21,A01
200700054888,0,07,000,00,2,6,01,B01
200700054889,0,05,000,00,2,1,01,B01
200700054889,0,07,000,00,2,2,15,A01
200700054890,0,05,000,00,2,2,01,A01
200700054890,0,07,000,00,2,2,15,B01
200700054891,0,07,000,00,1,1,01,A01
200700054892,0,05,000,00,2,2,01,A01
200700054892,0,02,000,00,2,6,01,B01
200700054893,0,07,000,00,2,3,01,A01
200700054893,0,02,000,00,2,1,01,B01
200700054894,0,07,000,00,2,3,13,A01
200700054894,0,07,000,00,2,3,01,B01
200700054895,0,07,000,00,2,1,02,A01
200700054895,0,07,000,00,2,4,01,B01
200700054896,1,07,000,00,2,1,02,A01
200700054896,0,07,000,00,2,7,02,B01
200700054897,0,07,000,00,2,8,01,B01
200700054897,0,07,000,00,2,1,01,A01
200700054898,0,02,000,09,2,1,16,A01
200700054898,0,07,000,00,2,3,15,B01
200700054899,0,07,000,00,2,0,15,A01
200700054899,0,32,000,00,2,7,01,B01
200700054900,0,02,000,00,2,1,00,A01
200700054900,0,07,000,00,2,1,00,B01
200700054901,0,02,000,00,1,1,02,A01
200700054902,0,05,000,00,2,1,05,A01
200700054902,0,07,000,00,2,8,15,B01
200700054903,0,07,000,00,2,7,15,A01
200700054903,0,05,000,00,2,3,02,B01
200700054904,0,99,000,00,2,5,02,A01
200700054904,0,05,000,00,2,1,02,B01
200700054905,0,02,000,00,2,7,17,A01
200700054905,0,07,000,00,2,1,15,B01
200700054906,0,02,000,00,2,1,00,A01
200700054906,0,07,000,00,2,0,00,B01
200700054907,0,07,000,00,2,2,16,A01
200700054908,0,07,000,00,2,1,15,A01
200700054908,0,02,000,00,2,1,01,B01
200700054909,0,07,000,00,2,7,23,A01
200700054909,0,05,000,00,2,3,18,B01
200700054910,0,05,000,01,2,1,01,A01
200700054910,0,01,000,00,2,4,02,B01
200700054911,0,05,000,00,2,1,17,A01
200700054911,0,07,000,00,2,0,00,B01
200700054911,0,07,000,00,2,3,23,C01
200700054912,0,18,001,00,1,5,01,A01
200700054913,0,07,000,00,2,1,01,A01
200700054913,0,07,000,00,2,4,01,B01
200700054914,0,07,000,00,1,1,01,A01
200700054915,0,10,000,00,2,2,12,A01
200700054915,0,05,000,00,2,8,01,B01
200700054916,0,07,000,00,2,5,16,A01
200700054916,0,05,000,00,2,1,18,B01
200700054917,0,05,000,00,2,3,15,A01
200700054917,0,07,000,00,2,6,01,B01
200700054918,0,10,000,00,2,3,09,A01
200700054918,0,02,000,00,2,1,00,B01
200700054919,0,07,000,08,0,0,18,A01
200700054920,0,01,000,00,2,1,01,A01
200700054920,0,07,000,00,2,3,01,B01
200700054921,0,07,000,00,2,0,00,A01
200700054921,0,04,000,00,2,1,01,B01
200700054922,0,02,000,14,0,1,01,A01
200700054922,0,07,000,00,2,4,23,B01
200700054923,0,02,000,00,5,1,01,A01
200700054924,0,07,000,00,2,5,14,A01
200700054924,0,02,000,00,2,1,18,B01
200700054925,0,05,000,05,0,1,14,A01
200700054926,0,05,000,00,2,1,17,B01
200700054926,0,07,000,00,2,6,11,A01
200700054927,0,07,000,00,1,2,01,A01
200700054928,0,05,000,00,2,4,01,A01
200700054928,0,07,000,00,2,2,01,B01
200700054929,0,02,000,00,2,0,00,A01
200700054929,0,07,000,00,2,0,00,B01
200700054930,0,07,000,00,2,3,15,A01
200700054930,0,02,000,00,2,1,17,B01
200700054931,0,02,000,00,2,7,01,A01
200700054931,0,07,000,00,2,1,01,B01
200700054932,0,99,000,00,2,7,01,A01
200700054932,0,02,000,00,2,1,07,B01
200700054933,0,07,000,00,2,5,01,A01
200700054933,0,02,000,00,2,1,01,B01
200700054934,0,07,000,01,0,9,01,A01
200700054935,0,07,000,00,2,2,15,A01
200700054935,0,07,000,00,2,3,01,B01
200700054936,0,07,000,00,1,2,15,A01
200700054937,0,07,000,00,1,1,01,A01
200700054938,0,07,000,00,1,2,00,A01
200700054939,0,07,000,00,0,5,02,B01
200700054939,0,02,000,00,2,1,02,A01
200700054940,0,30,000,08,0,0,00,A01
200700054941,0,07,000,00,2,1,01,A01
200700054941,0,07,000,00,2,1,01,B01
200700054942,0,33,000,00,2,1,01,B01
200700054942,0,07,000,00,2,8,09,A01
200700054943,0,07,000,00,2,1,13,A01
200700054943,0,07,000,00,2,6,01,B01
200700054944,0,07,000,00,2,7,15,A01
200700054944,0,33,000,00,2,1,01,B01
200700054945,0,33,000,00,0,3,01,A01
200700054946,0,07,000,08,0,3,01,B01
200700054946,0,10,000,00,0,0,15,A01
200700054947,0,10,000,00,2,3,15,A01
200700054947,0,31,000,00,2,8,01,B01
200700054948,0,33,000,00,2,1,01,A01
200700054948,0,07,000,00,2,8,01,B01
200700054948,0,07,000,00,2,8,01,C01
200700054949,0,07,000,00,2,1,13,A01
200700054949,0,07,000,00,2,1,01,B01
200700054949,0,07,000,00,2,1,01,C01
200700054950,0,36,000,00,2,1,01,B01
200700054950,0,07,000,00,2,1,15,A01
200700054951,0,07,000,00,1,3,15,A01
200700054952,0,07,000,00,9,2,02,A01
200700054952,0,01,000,00,2,0,02,B01
200700054953,0,07,000,01,0,3,22,A01
200700054953,0,01,000,01,0,1,21,B01
200700054954,0,07,000,00,1,7,01,A01
200700054955,0,33,000,00,2,1,01,A01
200700054955,0,07,000,00,2,4,00,B01
200700054956,0,33,000,03,0,1,01,A01
200700054957,0,07,000,00,1,1,01,A01
200700054958,0,15,000,00,2,4,04,A01
200700054958,0,02,000,00,2,3,17,B01
200700054959,0,07,000,00,2,2,23,B01
200700054959,0,01,000,14,0,1,15,A01
200700054960,0,33,000,00,2,1,11,A01
200700054960,0,07,000,00,2,5,12,B01
200700054961,0,07,000,06,0,2,00,A01
200700054961,0,07,000,00,2,0,01,B01
200700054961,0,07,000,00,2,5,01,C01
200700054962,0,02,000,00,2,1,15,A01
200700054962,0,07,000,00,2,6,15,B01
200700054963,0,07,000,00,2,3,15,A01
200700054963,0,31,000,00,2,1,17,B01
200700054964,0,07,000,00,2,2,15,A01
200700054964,0,02,000,00,2,1,01,B01
200700054965,0,10,000,00,2,1,15,A01
200700054965,0,33,000,00,2,1,01,B01
200700054966,0,01,000,00,2,1,15,A01
200700054966,0,07,000,00,2,1,01,B01
200700054967,0,02,000,00,0,0,00,A01
200700054968,0,07,000,00,2,2,13,A01
200700054968,0,07,000,00,2,2,02,B01
200700054969,0,07,000,00,2,3,15,A01
200700054969,0,02,000,00,2,1,01,B01
200700054970,0,07,000,00,2,1,15,A01
200700054970,0,07,000,00,2,1,01,B01
200700054971,0,07,000,00,1,1,01,A01
200700054972,0,07,000,00,2,3,15,A01
200700054972,0,07,000,00,2,1,01,B01
200700054973,0,30,000,00,2,0,01,A01
200700054973,0,07,000,00,2,3,01,B01
200700054974,0,04,000,00,2,1,21,A01
200700054974,0,05,000,00,0,4,01,B01
200700054975,0,07,000,00,0,0,01,A01
200700054975,0,07,000,00,0,0,01,B01
200700054976,0,07,000,00,2,2,01,A01
200700054976,0,07,000,00,2,7,23,B01
200700054977,0,07,000,00,2,2,01,B01
200700054977,0,02,000,00,2,7,15,A01
200700054978,0,17,000,00,1,3,20,A01
200700054979,0,01,000,00,1,1,02,A01
200700054980,0,31,000,00,2,1,01,A01
200700054980,0,07,000,00,2,4,19,B01
200700054981,0,10,000,01,2,1,13,A01
200700054981,0,10,000,00,2,1,01,B01
200700054982,0,07,000,00,1,2,01,A01
200700054983,0,07,000,00,2,1,01,A01
200700054983,0,01,000,00,2,1,15,B01
200700054984,0,30,000,00,2,1,01,B01
200700054984,0,07,000,00,2,3,15,A01
200700054985,0,07,000,00,2,5,02,B01
200700054985,0,07,000,00,2,3,02,A01
200700054986,0,10,000,00,2,8,01,B01
200700054986,1,14,000,00,2,8,01,A01
200700054987,0,07,000,00,2,4,01,B01
200700054987,1,07,000,00,2,1,00,A01
200700054988,0,33,000,00,2,1,01,A01
200700054988,0,07,000,00,2,7,15,B01
200700054989,0,07,000,00,0,4,01,B01
200700054989,0,07,000,14,0,1,06,A01
200700054990,0,07,000,00,2,1,00,A01
200700054990,0,07,000,00,2,1,01,B01
200700054991,0,32,000,00,2,1,02,A01
200700054991,0,07,000,00,2,4,02,B01
200700054992,0,03,000,00,2,8,19,A01
200700054992,0,01,000,00,2,7,01,B01
200700054993,0,07,000,00,2,1,02,A01
200700054993,0,07,000,00,2,4,02,B01
200700054994,0,32,000,00,2,3,01,A01
200700054994,0,07,000,00,2,3,01,B01
200700054995,0,30,000,00,2,1,10,A01
200700054995,0,01,000,00,2,0,01,B01
200700054996,0,32,000,00,2,7,01,B01
200700054996,0,07,000,00,2,3,16,A01
200700054997,0,01,000,00,2,7,01,B01
200700054997,0,07,000,00,2,2,09,A01
200700054998,0,02,000,00,2,1,01,A01
200700054998,0,07,000,00,2,2,16,B01
200700054999,0,07,000,07,0,1,01,A01
200700055000,0,01,000,00,2,0,01,B01
200700055000,1,07,000,00,9,0,02,A01
200700055001,0,07,000,00,2,1,01,A01
200700055001,0,07,000,00,0,4,20,B01
200700055002,0,01,000,00,0,0,15,A01
200700055002,0,33,000,06,0,7,21,B01
200700055003,0,07,000,01,0,1,01,A01
200700055003,0,07,000,00,2,6,24,B01
200700055004,0,07,000,00,2,1,15,A01
200700055004,0,31,000,00,2,5,01,B01
200700055005,0,07,000,02,0,0,13,A01
200700055006,0,33,000,00,2,0,01,B01
200700055006,0,07,000,00,0,0,23,A01
200700055007,0,15,000,00,2,0,01,A01
200700055007,0,07,000,03,2,0,01,B01
200700055008,0,07,000,00,2,3,13,A01
200700055008,0,07,000,00,2,3,01,B01
200700055009,0,31,000,00,1,1,18,A01
200700055010,0,32,000,00,1,1,17,A01
200700055011,0,07,000,00,2,7,01,A01
200700055011,0,30,000,00,2,1,15,B01
200700055012,0,02,000,00,2,7,13,A01
200700055012,0,07,000,00,2,2,01,B01
200700055013,0,15,000,00,0,0,02,A01
200700055014,0,13,000,00,1,2,02,A01
200700055015,0,13,000,00,1,2,01,A01
200700055016,0,32,000,00,2,1,02,A01
200700055016,1,17,000,00,2,1,02,B01
200700055017,0,32,000,00,2,1,01,B01
200700055017,0,30,000,00,2,1,01,A01
200700055017,0,13,000,00,0,1,15,C01
200700055018,0,07,000,00,2,8,19,A01
200700055018,0,07,000,00,2,1,01,B01
200700055019,0,07,000,00,1,1,01,A01
200700055020,0,07,000,00,2,1,01,B01
200700055020,0,07,000,00,2,3,15,A01
200700055021,0,07,000,00,1,2,01,A01
200700055022,0,07,000,00,2,1,02,A01
200700055022,0,07,000,00,2,4,23,B01
200700055022,0,07,000,00,2,4,23,C01
200700055023,0,07,000,00,2,1,05,A01
200700055023,0,07,000,00,2,1,16,B01
200700055024,0,33,000,00,2,7,01,B01
200700055024,0,07,000,00,2,1,09,A01
200700055025,0,07,000,06,2,1,00,B01
200700055025,0,07,000,06,2,1,00,A01
200700055026,0,07,000,15,0,3,09,A01
200700055027,0,99,000,00,0,2,02,B01
200700055027,0,07,000,00,0,1,01,A01
200700055028,0,07,000,00,2,6,15,B01
200700055028,0,07,000,00,2,1,21,A01
200700055029,0,07,000,00,2,1,01,B01
200700055029,0,07,000,00,2,3,15,A01
200700055030,0,07,000,00,0,5,15,A01
200700055030,0,33,000,00,2,1,21,B01
200700055031,0,07,000,00,2,3,15,A01
200700055031,0,30,000,00,2,1,17,B01
200700055032,0,07,000,00,0,0,00,A01
200700055032,0,32,000,00,0,0,00,B01
200700055033,0,02,000,00,0,4,23,B01
200700055033,0,07,000,00,2,1,02,A01
200700055034,0,30,000,00,0,0,06,A01
200700055035,1,07,000,00,1,0,00,A01
200700055036,0,33,000,01,1,1,00,A01
200700055037,0,07,000,00,2,1,01,B01
200700055037,0,07,000,00,2,7,00,A01
200700055038,1,99,000,00,0,0,00,A01
200700055039,0,07,000,00,1,1,01,A01
200700055040,0,07,000,00,2,2,13,A01
200700055040,0,31,000,00,2,1,02,B01
200700055041,1,07,000,00,0,0,00,A01
200700055042,0,07,000,00,2,8,13,A01
200700055042,0,30,000,00,2,7,02,B01
200700055043,0,33,000,00,0,0,01,A01
200700055044,0,07,000,00,0,4,00,B01
200700055044,0,07,000,00,0,1,00,A01
200700055045,0,33,000,00,2,1,02,B01
200700055045,0,07,000,08,2,8,15,A01
200700055046,1,07,000,00,0,0,00,A01
200700055046,0,07,000,00,2,1,13,B01
200700055046,0,07,000,00,2,1,15,C01
200700055047,0,30,000,08,0,1,00,A01
200700055048,0,33,000,12,0,2,14,A01
200700055049,0,02,000,00,1,1,01,A01
200700055050,0,01,000,00,0,4,00,B01
200700055050,0,07,000,00,9,1,00,A01
200700055051,0,07,000,00,1,0,00,A01
200700055052,0,07,000,00,1,1,00,A01
200700055053,0,07,000,00,2,5,16,B01
200700055053,0,37,000,00,2,3,01,A01
200700055054,0,34,000,00,0,7,01,B01
200700055054,0,07,000,00,0,6,13,A01
200700055055,0,07,000,00,2,1,00,B01
200700055055,0,07,000,00,2,3,00,A01
200700055056,0,02,000,08,6,7,01,A01
200700055057,0,07,000,00,2,4,02,B01
200700055057,0,07,000,00,2,3,02,A01
200700055058,0,07,000,00,2,8,00,B01
200700055058,0,33,000,00,2,1,17,A01
200700055059,0,30,000,00,2,1,01,B01
200700055059,0,07,000,00,2,2,16,A01
200700055060,0,07,000,00,0,4,02,B01
200700055060,0,07,000,00,2,1,02,A01
200700055061,0,07,000,00,2,9,15,C01
200700055061,0,07,000,00,2,1,02,B01
200700055061,0,07,000,00,2,1,02,A01
200700055062,0,07,000,00,0,1,00,B01
200700055062,0,07,000,00,2,1,00,A01
200700055063,0,14,000,00,1,2,01,A01
200700055064,0,07,000,00,2,1,01,B01
200700055064,0,07,000,00,2,1,11,A01
200700055065,0,37,015,00,2,2,01,B01
200700055065,0,07,000,00,2,3,09,A01
200700055066,0,07,000,00,2,2,01,A01
200700055066,0,02,000,00,2,8,01,B01
200700055067,0,30,000,00,2,1,01,B01
200700055067,0,07,000,00,2,2,15,A01
200700055068,0,07,000,00,2,7,00,A01
200700055068,0,07,000,00,2,1,01,B01
200700055069,0,07,000,00,2,3,01,A01
200700055069,0,31,000,00,2,3,15,B01
200700055070,0,32,000,00,2,8,03,A01
200700055070,0,07,000,00,2,5,00,B01
200700055071,1,99,000,00,1,8,17,A01
200700055072,0,07,000,00,2,1,02,A01
200700055072,0,07,000,00,2,4,02,B01
200700055072,0,07,000,00,2,4,23,C01
200700055073,0,07,000,00,2,8,22,A01
200700055073,0,01,000,01,0,1,02,B01
200700055074,0,07,000,00,2,5,00,A01
200700055074,0,37,005,00,2,3,01,B01
200700055075,0,02,000,00,0,8,00,A01
200700055075,0,07,000,00,0,2,00,B01
200700055076,0,07,000,00,0,3,13,A01
200700055076,0,02,000,00,2,3,01,B01
200700055077,0,30,000,00,2,1,02,A01
200700055077,0,07,000,00,2,4,02,B01
200700055078,0,32,000,00,2,1,17,A01
200700055078,0,07,000,00,0,3,15,B01
200700055079,0,07,000,00,1,4,20,A01
200700055080,0,07,000,15,0,3,00,A01
200700055081,0,30,000,00,2,4,07,B01
200700055081,0,37,000,00,2,1,07,A01
200700055082,0,07,000,00,2,6,01,A01
200700055082,0,33,000,00,2,7,01,B01
200700055083,0,30,000,00,0,7,02,A01
200700055084,0,07,000,00,2,2,11,A01
200700055084,0,07,000,00,2,6,23,B01
200700055085,0,33,000,00,2,1,13,A01
200700055085,0,10,000,00,2,8,01,B01
200700055086,0,07,000,01,0,4,04,A01
200700055087,0,07,000,10,0,1,21,A01
200700055087,0,07,000,00,0,0,01,B01
200700055087,0,07,000,00,0,7,01,C01
200700055088,0,07,000,00,1,2,01,A01
200700055089,0,32,000,00,1,2,02,A01
200700055090,0,31,000,00,2,1,02,A01
200700055090,1,07,000,00,2,1,01,B01
200700055091,0,07,000,00,2,1,01,B01
200700055091,0,07,000,00,2,3,23,C01
200700055091,0,07,000,00,2,1,09,A01
200700055092,0,07,000,00,2,1,19,A01
200700055092,0,32,000,00,2,1,01,B01
200700055093,0,33,000,00,2,8,02,B01
200700055093,0,07,000,00,2,1,15,A01
200700055094,0,34,000,01,2,3,00,B01
200700055094,1,07,000,00,2,3,00,A01
200700055095,0,07,000,00,1,2,15,A01
200700055096,0,07,000,00,1,1,15,A01
200700055096,0,07,000,00,2,3,15,B01
200700055097,0,40,000,00,1,0,01,A01
200700055098,0,07,000,00,2,2,16,A01
200700055098,0,07,000,00,2,3,15,B01
200700055099,0,07,000,00,2,3,02,A01
200700055099,0,07,000,00,2,5,16,B01
200700055100,0,07,000,00,1,1,02,A01
200700055101,0,07,000,00,2,8,13,A01
200700055101,0,31,000,00,2,7,17,B01
200700055102,0,33,000,00,2,1,01,B01
200700055102,0,07,000,00,2,2,15,A01
200700055103,0,99,000,06,0,7,15,A01
200700055104,0,07,000,00,2,1,02,A01
200700055104,0,07,000,00,2,4,02,B01
200700055105,0,07,000,00,0,0,00,A01
200700055105,0,07,000,00,0,0,00,B01
200700055106,0,37,000,00,1,0,00,A01
200700055107,0,07,000,00,2,3,09,A01
200700055107,0,30,000,00,2,1,17,B01
200700055108,0,07,000,00,1,2,01,A01
200700055109,0,30,000,00,2,3,02,A01
200700055109,0,07,000,00,2,2,02,B01
200700055110,0,30,000,00,2,3,15,A01
200700055110,0,32,000,00,2,2,17,B01
200700055111,0,07,000,00,2,7,09,A01
200700055111,0,33,000,00,2,1,01,B01
200700055112,0,07,000,00,2,7,10,A01
200700055112,0,33,000,00,2,1,02,B01
200700055113,0,33,000,00,2,1,00,B01
200700055113,0,07,000,00,2,6,00,A01
200700055114,0,07,000,00,1,1,15,A01
200700055115,0,31,000,00,2,2,02,A01
200700055115,0,07,000,00,2,3,15,B01
200700055116,0,07,000,00,0,3,20,A01
200700055116,0,34,000,00,2,2,02,B01
200700055117,0,07,000,00,1,2,01,A01
200700055118,0,07,000,00,2,1,00,A01
200700055118,0,32,000,00,2,4,02,B01
200700055119,0,07,000,00,2,0,16,A01
200700055119,0,34,000,00,2,2,02,B01
200700055120,0,07,000,00,2,8,23,A01
200700055120,0,30,000,00,2,1,00,B01
200700055121,0,07,000,00,2,1,01,A01
200700055121,0,07,000,00,0,4,01,B01
200700055122,0,07,000,00,1,3,15,A01
200700055123,0,07,000,00,2,2,15,A01
200700055123,0,34,000,00,2,3,01,B01
200700055124,0,01,000,00,2,3,01,A01
200700055124,0,07,000,00,9,2,16,B01
200700055125,0,07,000,00,2,7,02,A01
200700055125,0,30,000,00,2,7,02,B01
200700055126,0,33,000,00,2,1,01,A01
200700055126,0,07,000,00,2,2,16,B01
200700055127,0,07,000,00,1,4,04,A01
200700055128,0,34,000,00,2,9,02,A01
200700055128,0,07,000,00,9,1,09,B01
200700055129,0,02,000,00,2,8,02,A01
200700055129,0,07,000,00,2,2,01,B01
200700055130,0,07,000,00,2,2,02,A01
200700055130,0,07,000,00,2,4,02,B01
200700055131,0,07,000,00,1,1,15,A01
200700055132,0,07,000,00,1,2,00,A01
200700055133,0,07,000,00,1,1,15,A01
200700055134,0,10,000,00,2,8,24,A01
200700055134,0,33,000,00,2,1,00,B01
200700055135,1,07,000,01,1,2,01,A01
200700055136,0,07,000,00,1,0,01,B01
200700055137,0,31,000,01,2,3,01,A01
200700055137,0,07,000,00,2,8,15,B01
200700055137,0,07,000,00,2,3,00,C01
200700055138,0,07,000,00,1,6,04,A01
200700055139,0,07,000,00,2,5,02,A01
200700055139,0,02,000,01,2,8,01,B01
200700055140,0,07,000,00,2,3,10,A01
200700055140,0,30,000,00,2,1,01,B01
200700055141,0,10,000,00,2,1,01,A01
200700055141,0,07,000,00,2,1,01,B01
200700055142,0,07,000,00,2,7,15,A01
200700055142,0,33,000,00,2,1,05,B01
200700055143,0,07,000,00,2,5,00,A01
200700055143,0,07,000,00,2,8,01,B01
200700055144,0,32,000,00,2,3,01,A01
200700055144,0,07,000,00,2,1,01,B01
200700055145,0,33,000,00,2,8,02,A01
200700055145,0,07,000,00,2,7,02,B01
200700055146,0,01,000,00,2,1,08,B01
200700055146,0,10,000,00,9,3,19,A01
200700055147,0,07,000,00,2,2,01,B01
200700055147,0,07,000,00,2,1,01,A01
200700055148,0,30,000,00,2,3,00,A01
200700055148,0,07,000,00,9,3,00,B01
200700055149,0,07,000,00,2,3,15,A01
200700055149,0,33,000,00,2,7,17,B01
200700055150,0,30,000,00,2,1,17,A01
200700055150,0,07,000,00,2,3,15,B01
200700055151,0,07,000,00,1,1,01,A01
200700055152,0,32,000,00,2,9,17,A01
200700055152,0,07,000,00,0,8,15,B01
200700055153,0,30,000,00,2,1,02,A01
200700055153,1,33,000,00,2,0,13,B01
200700055154,0,31,000,00,0,0,13,A01
200700055154,0,07,000,00,0,0,00,B01
200700055155,0,07,000,00,1,3,02,A01
200700055156,0,30,000,00,2,4,01,B01
200700055156,0,07,000,00,2,1,02,A01
200700055157,0,07,000,00,2,7,20,A01
200700055157,0,30,000,00,2,1,18,B01
200700055158,0,07,000,00,2,3,01,A01
200700055158,0,07,000,00,2,8,15,B01
200700055159,0,30,000,00,2,8,01,B01
200700055159,0,07,000,00,2,3,15,A01
200700055160,0,07,000,00,2,1,01,A01
200700055160,0,07,000,00,2,4,02,B01
200700055160,0,07,000,00,0,4,02,C01
200700055161,0,07,000,00,2,3,00,A01
200700055161,0,33,000,00,2,1,01,B01
200700055162,0,32,000,00,0,0,00,A01
200700055162,1,99,000,00,0,0,00,B01
200700055163,0,30,000,00,1,1,17,A01
200700055164,0,07,000,00,0,4,00,B01
200700055164,0,07,000,00,2,2,02,A01
200700055165,0,07,000,00,1,0,19,A01
200700055166,0,30,000,00,0,8,02,A01
200700055166,0,07,000,00,2,2,15,B01
200700055167,0,07,000,00,0,1,02,A01
200700055167,0,07,000,00,0,2,15,B01
200700055168,0,32,000,00,0,7,02,A01
200700055168,0,07,000,00,0,8,02,B01
200700055169,0,32,000,00,2,1,02,A01
200700055169,0,32,000,00,0,4,02,B01
200700055169,0,07,000,00,0,0,11,C01
200700055170,0,32,000,12,0,0,00,A01
200700055171,0,07,000,00,2,5,04,A01
200700055171,0,07,000,00,2,3,01,B01
200700055172,0,07,000,00,0,0,17,A01
200700055172,0,31,000,00,0,0,01,B01
200700055173,0,07,000,08,0,1,16,A01
200700055174,0,07,000,00,2,1,05,A01
200700055174,0,07,000,00,2,1,09,B01
200700055175,0,07,000,08,0,7,21,B01
200700055175,1,30,000,00,0,0,00,A01
200700055176,0,02,000,00,2,1,00,A01
200700055176,0,07,000,00,2,3,00,B01
200700055177,0,13,000,00,2,7,12,A01
200700055177,0,13,000,00,1,8,01,B01
200700055178,0,07,000,00,2,3,01,A01
200700055178,0,32,000,06,2,7,01,B01
200700055179,0,30,000,00,2,1,02,A01
200700055179,0,07,000,00,2,4,23,B01
200700055180,0,07,000,00,2,1,09,B01
200700055180,0,07,000,00,2,8,19,A01
200700055181,0,31,000,00,0,0,21,A01
200700055182,0,07,000,01,0,0,00,A01
200700055182,0,01,000,01,0,0,00,B01
200700055183,0,07,000,00,2,1,02,A01
200700055183,0,07,000,00,0,4,00,B01
200700055184,0,07,000,01,0,8,01,A01
200700055184,0,07,000,00,2,7,00,B01
200700055185,0,07,000,00,2,3,01,A01
200700055185,0,07,000,00,2,3,15,B01
200700055186,0,07,000,00,2,2,15,A01
200700055186,0,32,000,00,2,1,01,B01
200700055187,0,07,000,00,0,1,00,A01
200700055188,0,02,000,00,0,7,01,A01
200700055189,1,07,000,00,0,0,00,A01
200700055190,0,07,000,00,2,5,15,A01
200700055190,0,30,000,00,2,0,01,B01
200700055191,0,30,000,00,2,7,01,B01
200700055191,0,07,000,00,2,1,01,A01
200700055192,0,07,000,15,2,2,01,A01
200700055192,0,07,000,00,2,1,00,B01
200700055193,0,07,000,00,2,1,02,A01
200700055193,0,07,000,00,2,1,02,B01
200700055193,0,07,000,00,2,4,02,C01