Num_Acc,senc,catv,occutc,obs,obsm,choc,manv,num_veh
200700055194,0,07,000,00,2,2,02,A01
200700055194,0,07,000,00,2,4,02,B01
200700055194,0,07,000,00,2,4,02,C01
200700055195,0,07,000,00,2,3,10,A01
200700055195,0,32,000,00,2,1,17,B01
200700055196,0,07,000,00,2,2,15,A01
200700055196,0,02,000,00,2,1,01,B01
200700055197,0,07,000,00,2,4,01,A01
200700055197,0,02,000,00,2,4,01,B01
200700055197,0,02,000,00,2,1,01,C01
200700055198,0,07,000,00,2,3,10,A01
200700055198,0,32,000,00,2,2,17,B01
200700055199,1,07,000,00,1,0,00,A01
200700055200,1,07,000,00,0,0,00,B01
200700055200,0,01,000,00,0,0,00,A01
200700055201,0,33,000,00,0,1,01,B01
200700055201,0,07,000,00,0,8,09,A01
200700055202,0,07,000,00,2,3,15,A01
200700055202,0,30,000,00,2,2,17,B01
200700055203,0,07,000,00,1,1,15,A01
200700055204,0,30,000,00,2,1,01,A01
200700055204,0,07,000,00,2,2,01,B01
200700055205,0,07,000,00,2,2,15,A01
200700055205,0,07,000,00,2,4,01,B01
200700055206,0,07,000,00,2,3,01,A01
200700055206,0,07,000,00,2,2,02,B01
200700055207,0,07,000,00,2,7,14,A01
200700055207,0,33,000,00,2,3,02,B01
200700055208,0,30,000,00,2,1,17,A01
200700055208,0,07,000,00,2,3,01,B01
200700055209,0,02,000,12,0,4,01,A01
200700055210,0,07,000,00,9,0,01,A01
200700055210,0,01,000,00,0,8,01,B01
200700055211,0,07,000,00,2,6,15,A01
200700055211,0,07,000,00,2,1,01,B01
200700055212,0,31,000,00,2,4,01,B01
200700055212,0,07,000,00,2,1,01,A01
200700055213,0,33,000,00,2,1,02,B01
200700055213,0,07,000,00,2,6,10,A01
200700055214,0,13,000,00,2,3,02,B01
200700055214,0,07,000,08,2,2,09,A01
200700055215,0,07,000,00,2,4,02,B01
200700055215,0,07,000,00,0,1,02,A01
200700055216,0,37,000,00,1,2,14,A01
200700055217,0,07,000,00,2,4,02,C01
200700055217,0,07,000,00,2,4,02,B01
200700055217,0,10,000,00,2,1,02,A01
200700055218,0,07,000,00,2,5,00,A01
200700055218,0,07,000,00,2,3,00,B01
200700055219,0,07,000,00,2,4,23,B01
200700055219,0,07,000,00,2,1,02,A01
200700055220,0,07,000,00,2,1,01,B01
200700055220,0,07,000,00,0,8,09,A01
200700055221,0,33,000,00,2,7,21,B01
200700055221,0,07,000,00,0,3,10,A01
200700055222,0,07,000,00,0,2,21,A01
200700055222,0,32,000,00,0,3,02,B01
200700055223,1,07,000,00,2,1,01,A01
200700055223,0,07,000,00,2,8,01,B01
200700055224,0,07,000,00,2,4,23,B01
200700055224,0,07,000,14,0,3,12,A01
200700055225,0,07,000,00,2,4,02,B01
200700055225,0,07,000,00,2,1,02,A01
200700055226,0,07,000,00,0,4,23,B01
200700055226,0,07,000,01,0,1,21,A01
200700055227,0,32,000,00,2,1,01,B01
200700055227,0,07,000,00,2,6,11,A01
200700055228,0,02,000,00,2,4,01,B01
200700055228,1,07,000,00,2,1,01,A01
200700055229,0,07,000,00,1,7,01,A01
200700055230,0,10,000,00,0,0,02,C01
200700055230,0,07,000,00,2,4,02,B01
200700055230,0,07,000,00,2,1,02,A01
200700055231,0,32,000,00,2,1,01,B01
200700055231,0,07,000,00,2,2,16,A01
200700055232,0,07,000,00,1,3,01,A01
200700055233,0,30,000,00,2,1,01,B01
200700055233,0,30,000,00,2,1,17,A01
200700055234,0,30,000,00,2,2,01,B01
200700055234,0,07,000,00,0,3,10,A01
200700055235,0,01,000,00,2,4,02,A01
200700055235,0,07,000,00,9,1,15,B01
200700055236,1,07,000,00,2,3,15,A01
200700055236,0,02,000,00,2,1,01,B01
200700055237,0,07,000,00,0,9,16,C01
200700055237,0,30,000,00,0,1,16,B01
200700055237,0,30,000,00,2,1,16,A01
200700055238,0,07,000,00,1,1,02,A01
200700055239,0,31,000,00,1,4,00,A01
200700055240,0,34,000,00,2,7,01,B01
200700055240,0,07,000,00,2,3,01,A01
200700055241,0,32,000,00,2,3,01,B01
200700055241,0,07,000,00,2,5,12,A01
200700055242,0,33,000,00,2,1,17,B01
200700055242,0,07,000,00,0,6,15,A01
200700055243,0,07,000,00,0,4,02,B01
200700055243,0,07,000,00,2,1,01,A01
200700055244,0,99,000,00,0,0,02,A01
200700055244,0,13,000,06,0,1,02,B01
200700055244,0,07,000,12,0,2,02,C01
200700055244,0,33,000,00,0,3,09,D01
200700055245,0,07,000,00,2,3,15,A01
200700055245,0,02,000,00,0,0,00,B01
200700055246,0,07,000,00,2,7,17,A01
200700055246,0,10,000,00,2,1,00,B01
200700055247,0,07,000,00,0,6,20,A01
200700055247,0,02,000,00,0,1,01,B01
200700055248,0,07,000,00,0,0,00,B01
200700055248,0,30,000,00,0,0,00,A01
200700055249,0,07,000,00,1,1,02,A01
200700055250,0,02,000,00,2,3,01,A01
200700055250,0,32,000,00,0,7,16,B01
200700055251,0,07,000,00,1,1,15,A01
200700055252,0,02,000,00,2,1,17,A01
200700055252,0,07,000,00,2,3,15,B01
200700055253,0,30,000,00,2,1,05,A01
200700055253,0,07,000,00,2,1,01,B01
200700055254,0,30,000,00,2,1,02,A01
200700055254,0,07,000,00,0,3,10,B01
200700055255,0,07,000,00,1,1,01,A01
200700055256,0,31,000,16,1,3,00,A01
200700055256,0,07,000,00,0,7,00,B01
200700055257,0,02,000,01,0,0,13,A01
200700055258,0,30,000,00,2,1,18,A01
200700055258,0,07,000,00,2,7,14,B01
200700055259,0,07,000,00,1,3,01,A01
200700055260,0,07,000,00,1,1,00,A01
200700055261,0,33,000,00,2,1,01,A01
200700055261,0,07,000,00,0,6,11,B01
200700055262,0,07,000,01,0,1,01,A01
200700055262,0,01,000,00,2,4,23,B01
200700055263,1,07,000,06,0,1,02,A01
200700055264,0,07,000,14,0,1,00,A01
200700055264,0,07,000,14,0,9,23,B01
200700055264,0,07,000,00,0,4,23,C01
200700055265,0,02,000,00,0,1,17,A01
200700055265,0,10,000,00,0,6,00,B01
200700055266,0,07,000,00,2,2,09,A01
200700055266,0,31,000,00,2,3,00,B01
200700055267,1,99,000,00,1,0,00,A01
200700055268,0,32,000,00,2,8,09,A01
200700055268,0,15,000,00,2,1,02,B01
200700055269,0,30,000,00,0,3,12,A01
200700055270,0,07,000,00,2,3,02,A01
200700055270,0,02,000,00,2,7,02,B01
200700055271,0,07,000,00,0,3,10,A01
200700055271,0,33,000,00,0,0,02,B01
200700055272,1,99,000,00,0,0,00,A01
200700055273,0,07,000,00,2,3,09,A01
200700055273,0,02,000,00,2,1,09,B01
200700055274,0,07,000,00,2,3,15,A01
200700055274,0,34,000,00,2,1,17,B01
200700055275,0,07,000,00,2,3,15,A01
200700055275,0,33,000,00,2,8,01,B01
200700055276,0,07,000,00,2,3,15,A01
200700055276,0,30,000,00,2,1,01,B01
200700055277,0,32,000,00,1,1,01,A01
200700055278,0,07,000,00,1,3,01,A01
200700055279,0,07,000,00,1,3,00,A01
200700055280,0,30,000,00,2,3,00,A01
200700055280,0,07,000,00,2,0,00,B01
200700055281,0,10,000,00,2,5,12,A01
200700055281,0,07,000,00,2,3,01,B01
200700055282,0,07,000,00,2,2,15,A01
200700055282,0,07,000,00,2,1,01,B01
200700055283,0,07,000,00,1,2,09,A01
200700055284,0,07,000,00,0,0,00,A01
200700055284,0,07,000,00,0,0,00,B01
200700055285,0,07,000,00,0,0,00,A01
200700055285,0,33,000,00,0,0,00,B01
200700055286,0,07,000,00,0,3,04,A01
200700055286,0,33,000,00,0,1,02,B01
200700055287,0,07,000,02,0,2,14,A01
200700055288,0,07,000,00,9,7,16,A01
200700055288,0,30,000,00,2,1,01,B01
200700055289,0,30,000,00,2,7,01,B01
200700055289,0,07,000,00,2,8,15,A01
200700055290,0,14,000,00,0,6,24,B01
200700055290,0,10,000,01,0,2,02,A01
200700055291,0,07,000,00,2,3,01,B01
200700055291,0,07,000,00,2,3,16,A01
200700055292,0,07,000,00,2,3,01,B01
200700055292,0,07,000,00,2,3,15,A01
200700055293,0,07,000,00,0,4,01,B01
200700055293,0,07,000,00,2,1,02,A01
200700055294,0,07,000,00,1,1,01,A01
200700055295,0,01,000,00,2,1,15,B01
200700055295,0,07,000,00,2,3,01,A01
200700055296,0,07,000,06,0,4,02,B01
200700055296,0,07,000,00,2,2,02,A01
200700055297,0,07,000,00,2,8,01,B01
200700055297,0,02,000,00,2,7,15,A01
200700055298,0,07,000,00,2,1,01,A01
200700055298,0,07,000,00,2,3,00,B01
200700055298,0,07,000,00,0,1,23,C01
200700055299,0,07,000,00,9,5,02,B01
200700055299,0,30,000,00,2,5,02,A01
200700055300,0,07,000,03,2,7,13,A01
200700055300,0,07,000,00,2,1,00,B01
200700055301,0,15,000,00,1,5,16,A01
200700055302,0,07,000,00,0,8,01,A01
200700055303,0,07,000,00,2,1,01,B01
200700055303,0,07,000,00,2,8,09,A01
200700055304,0,07,000,00,2,3,01,A01
200700055304,0,34,000,00,2,8,01,B01
200700055304,0,07,000,00,2,3,02,C01
200700055305,0,10,000,00,1,3,01,A01
200700055306,0,31,000,00,2,1,02,A01
200700055306,0,07,000,00,0,6,02,B01
200700055307,0,15,000,00,0,7,09,B01
200700055307,0,07,000,00,2,3,01,A01
200700055308,0,07,000,00,1,2,01,A01
200700055309,0,07,000,00,2,3,02,A01
200700055309,0,07,000,00,0,5,02,B01
200700055310,0,38,002,00,1,2,02,A01
200700055311,0,17,000,00,2,7,19,A01
200700055311,0,33,000,00,2,1,01,B01
200700055312,0,07,000,00,2,2,02,A01
200700055312,0,07,000,00,0,4,02,B01
200700055313,0,07,000,00,0,0,02,A01
200700055313,0,01,000,00,0,1,01,B01
200700055314,0,07,000,15,0,3,13,A01
200700055315,0,07,000,09,0,1,13,A01
200700055316,1,07,000,00,2,7,15,A01
200700055316,0,33,000,00,2,1,01,B01
200700055317,0,07,000,00,2,5,15,A01
200700055317,0,07,000,00,0,1,01,B01
200700055318,0,01,000,12,0,1,01,A01
200700055319,0,07,000,00,2,7,10,A01
200700055319,0,33,000,00,2,1,01,B01
200700055320,0,07,000,03,2,3,05,A01
200700055320,0,07,000,03,2,3,01,B01
200700055321,0,10,000,00,2,1,01,B01
200700055321,0,07,000,00,2,7,01,A01
200700055322,1,07,000,00,4,3,01,A01
200700055322,0,40,000,00,2,2,01,B01
200700055323,0,32,000,00,0,0,01,A01
200700055324,0,07,000,00,1,1,01,A01
200700055325,0,07,000,15,0,4,01,A01
200700055325,0,10,000,00,2,1,01,B01
200700055326,0,07,000,00,2,6,02,A01
200700055326,0,33,000,00,2,1,02,B01
200700055327,0,07,000,00,1,3,01,A01
200700055328,0,07,000,00,2,3,15,A01
200700055328,0,37,001,00,2,2,01,B01
200700055329,0,33,000,00,2,1,00,B01
200700055329,1,07,000,00,2,1,01,A01
200700055330,0,10,000,00,2,1,00,A01
200700055330,0,02,000,00,2,4,02,B01
200700055331,0,07,000,00,1,3,01,A01
200700055332,0,07,000,00,2,2,01,A01
200700055332,0,02,000,00,2,3,16,B01
200700055333,0,33,000,01,0,1,01,A01
200700055334,0,07,000,00,2,4,02,C01
200700055334,0,07,000,00,2,1,02,B01
200700055334,0,07,000,00,2,1,02,A01
200700055335,0,30,000,00,2,1,01,A01
200700055335,0,07,000,00,2,4,01,B01
200700055336,0,07,000,01,0,8,22,A01
200700055336,0,02,000,01,0,1,01,B01
200700055337,0,07,000,00,2,1,01,A01
200700055337,0,07,000,00,2,4,01,B01
200700055337,0,07,000,00,2,4,01,C01
200700055337,0,07,000,00,2,4,01,D01
200700055338,0,10,000,01,2,1,01,A01
200700055338,0,07,000,00,2,1,01,B01
200700055339,0,30,000,00,1,1,17,A01
200700055340,0,07,000,00,2,1,13,A01
200700055340,0,07,000,00,2,1,01,B01
200700055341,0,31,000,15,2,1,17,A01
200700055341,0,07,000,00,2,3,15,B01
200700055342,0,01,000,00,0,0,01,A01
200700055343,0,07,000,02,0,2,01,A01
200700055344,0,33,000,00,0,3,11,A01
200700055345,0,07,000,00,2,7,01,A01
200700055345,0,01,000,00,2,8,01,B01
200700055346,0,07,000,16,9,2,02,A01
200700055346,0,02,000,00,0,4,02,B01
200700055347,0,07,000,00,2,3,19,A01
200700055347,0,02,000,00,2,1,01,B01
200700055348,0,33,000,00,0,8,01,A01
200700055349,0,02,000,00,2,7,07,A01
200700055349,0,07,000,00,2,2,01,B01
200700055350,0,30,000,00,0,5,01,A01
200700055351,0,07,000,00,2,4,01,A01
200700055351,0,02,000,00,2,4,17,B01
200700055352,0,07,000,00,2,1,01,A01
200700055352,0,07,000,00,2,4,01,B01
200700055352,0,07,000,00,0,4,01,C01
200700055353,0,10,000,00,2,1,02,A01
200700055353,0,07,000,00,2,4,23,B01
200700055354,0,33,000,01,2,1,01,A01
200700055354,0,07,000,00,2,4,01,B01
200700055355,0,07,000,00,2,1,01,A01
200700055355,0,01,000,00,2,7,15,B01
200700055356,0,02,000,00,2,1,01,A01
200700055356,0,07,000,00,2,4,01,B01
200700055357,0,07,000,00,2,3,24,A01
200700055357,0,01,000,00,2,1,01,B01
200700055358,0,02,000,00,2,1,01,A01
200700055358,0,07,000,00,2,2,01,B01
200700055359,0,07,000,00,2,4,01,A01
200700055359,0,30,000,00,2,1,01,B01
200700055360,0,30,000,00,2,1,15,A01
200700055360,0,07,000,00,2,1,01,B01
200700055361,0,07,000,00,2,1,15,A01
200700055361,0,02,000,00,2,2,01,B01
200700055362,0,07,000,00,1,3,01,A01
200700055363,0,07,000,04,2,3,11,A01
200700055363,0,07,000,00,2,1,13,B01
200700055363,0,07,000,00,2,3,21,C01
200700055364,0,02,000,00,2,1,01,B01
200700055364,0,07,000,00,2,2,09,A01
200700055365,0,30,000,00,0,5,01,A01
200700055366,0,01,000,01,0,3,01,A01
200700055367,0,07,000,00,2,2,15,A01
200700055367,0,30,000,00,2,1,01,B01
200700055368,0,31,000,00,2,1,01,A01
200700055368,0,10,000,00,2,3,13,B01
200700055369,0,07,000,08,0,1,01,A01
200700055370,0,07,000,00,2,1,13,A01
200700055370,0,07,000,00,2,1,13,B01
200700055371,0,07,000,11,0,2,01,A01
200700055372,0,14,000,00,1,5,15,A01
200700055373,0,07,000,00,2,2,15,A01
200700055373,0,02,000,00,2,1,01,B01
200700055374,0,30,000,00,0,9,01,A01
200700055375,0,07,000,00,2,3,15,A01
200700055375,0,31,000,00,2,1,01,B01
200700055376,0,33,000,00,2,2,14,A01
200700055376,0,07,000,00,2,6,01,B01
200700055377,0,33,000,00,0,9,01,A01
200700055378,0,07,000,00,2,2,16,A01
200700055378,0,01,000,00,2,4,01,B01
200700055379,0,01,000,00,1,1,01,A01
200700055380,0,07,000,00,2,8,01,B01
200700055380,0,07,000,00,2,1,13,A01
200700055381,0,07,000,01,0,2,01,B01
200700055381,0,07,000,00,2,8,24,A01
200700055382,0,07,000,01,0,1,14,A01
200700055383,0,07,000,08,0,1,01,A01
200700055384,0,02,000,00,2,1,01,A01
200700055384,0,07,000,00,2,4,01,B01
200700055385,0,07,000,00,2,7,16,A01
200700055385,0,01,000,00,2,1,01,B01
200700055386,0,33,000,01,0,1,01,A01
200700055387,0,07,000,00,2,5,09,A01
200700055387,0,33,000,00,2,1,01,B01
200700055388,0,33,000,00,2,1,01,B01
200700055388,0,07,000,00,2,3,15,A01
200700055389,0,07,000,00,2,1,01,A01
200700055389,0,07,000,00,2,4,01,B01
200700055390,0,07,000,00,2,8,13,A01
200700055390,0,03,000,00,2,3,01,B01
200700055391,0,30,000,00,2,1,01,A01
200700055391,0,07,000,00,2,6,15,B01
200700055392,0,07,000,00,2,1,01,A01
200700055392,0,07,000,00,2,4,01,B01
200700055393,0,30,000,00,2,2,01,B01
200700055393,0,10,000,00,2,1,15,A01
200700055394,0,07,000,00,2,7,15,A01
200700055394,0,32,000,00,2,1,01,B01
200700055395,0,30,000,00,2,8,15,A01
200700055395,0,33,000,00,2,1,01,B01
200700055396,0,02,000,15,0,1,01,A01
200700055397,0,07,000,08,0,1,14,A01
200700055397,0,07,000,00,9,2,01,B01
200700055397,0,14,000,00,9,1,01,C01
200700055398,0,07,000,00,2,2,01,A01
200700055398,0,01,000,00,2,3,15,B01
200700055399,0,07,000,00,2,1,01,A01
200700055399,0,07,000,00,2,4,01,B01
200700055399,0,07,000,00,2,4,01,C01
200700055400,0,33,000,00,0,7,00,A01
200700055401,0,10,000,08,0,7,01,A01
200700055402,0,30,000,00,2,1,01,A01
200700055402,0,07,000,00,2,4,01,B01
200700055403,0,07,000,00,2,1,15,B01
200700055403,0,33,000,00,2,1,00,A01
200700055404,0,32,000,00,2,1,17,A01
200700055404,0,07,000,00,2,3,01,B01
200700055405,0,07,000,15,2,1,01,B01
200700055405,0,07,000,00,2,7,15,A01
200700055406,0,07,000,00,2,7,19,A01
200700055406,0,07,000,00,0,0,01,B01
200700055407,0,07,000,00,2,4,01,B01
200700055407,0,07,000,00,2,1,01,A01
200700055408,0,33,000,00,2,2,01,B01
200700055408,0,07,000,00,2,1,15,A01
200700055409,0,02,000,00,1,1,17,A01
200700055410,0,07,000,00,2,2,15,A01
200700055410,0,02,000,00,2,1,01,B01
200700055411,0,10,000,00,2,1,02,A01
200700055411,0,07,000,00,2,4,02,B01
200700055411,0,07,000,00,0,4,02,C01
200700055412,0,07,000,00,2,2,09,A01
200700055412,0,07,000,00,0,5,01,B01
200700055413,0,02,000,00,2,1,17,A01
200700055413,0,07,000,00,0,8,15,B01
200700055414,0,02,000,00,2,1,17,A01
200700055414,0,07,000,00,0,8,15,B01
200700055415,0,07,000,00,2,1,02,A01
200700055415,0,07,000,00,2,1,02,B01
200700055415,0,10,000,00,0,4,02,C01
200700055416,0,33,000,00,0,8,01,A01
200700055416,1,07,000,00,0,0,17,B01
200700055417,0,17,000,00,2,3,01,B01
200700055417,0,07,000,00,2,1,13,A01
200700055418,0,07,000,00,1,3,20,A01
200700055419,0,30,000,00,1,1,17,A01
200700055420,0,07,000,00,2,8,15,B01
200700055420,0,02,000,00,2,1,17,A01
200700055421,0,07,000,00,2,1,01,A01
200700055421,0,07,000,00,2,1,01,B01
200700055422,0,07,000,00,2,1,02,A01
200700055422,0,31,000,00,0,4,02,B01
200700055423,0,17,000,00,2,0,12,A01
200700055423,0,07,000,00,2,6,00,B01
200700055424,0,07,000,00,2,2,15,A01
200700055424,0,07,000,00,2,1,01,B01
200700055425,0,07,000,00,2,7,15,A01
200700055425,0,07,000,00,2,1,01,B01
200700055426,0,07,000,00,2,3,15,B01
200700055426,0,02,000,00,2,1,01,A01
200700055427,0,02,000,10,0,1,01,A01
200700055428,0,31,000,00,2,1,13,A01
200700055428,0,07,000,00,2,3,10,B01
200700055429,0,07,000,00,1,1,02,A01
200700055430,0,07,000,02,0,7,14,A01
200700055431,0,07,000,00,9,2,01,A01
200700055431,0,30,000,00,0,4,02,B01
200700055432,0,07,000,08,2,1,01,A01
200700055432,0,07,000,00,2,1,01,B01
200700055433,0,07,000,00,0,3,00,A01
200700055433,0,07,000,00,2,1,00,B01
200700055434,0,07,000,00,2,1,02,A01
200700055434,0,07,000,00,2,4,02,B01
200700055434,0,07,000,00,2,4,02,C01
200700055435,0,17,000,00,2,5,14,A01
200700055435,0,07,000,00,4,8,23,B01
200700055436,0,07,000,00,2,1,01,A01
200700055436,0,07,000,00,2,4,23,B01
200700055437,0,07,000,00,2,3,15,A01
200700055437,0,02,000,00,2,8,17,B01
200700055438,0,33,000,03,0,1,17,A01
200700055439,0,07,000,00,0,0,15,A01
200700055439,0,33,000,00,0,8,01,B01
200700055440,0,02,000,00,2,1,01,A01
200700055440,0,10,000,00,2,4,01,B01
200700055441,0,02,000,00,2,1,01,A01
200700055441,0,07,000,00,2,6,01,B01
200700055442,0,07,000,00,2,8,15,A01
200700055442,0,02,000,00,2,1,17,B01
200700055443,0,07,000,00,2,8,11,A01
200700055443,0,33,000,00,2,1,17,B01
200700055444,0,07,000,00,2,1,02,A01
200700055444,0,07,000,00,2,4,01,B01
200700055445,0,02,000,00,1,4,01,A01
200700055446,0,02,000,00,2,1,02,A01
200700055446,0,07,000,00,2,4,01,B01
200700055447,0,05,000,11,0,1,01,A01
200700055448,0,07,000,00,2,4,01,B01
200700055448,0,04,000,00,2,1,01,A01
200700055449,0,02,000,00,2,1,17,A01
200700055449,0,17,000,00,2,8,15,B01
200700055450,0,02,000,00,2,1,17,A01
200700055450,0,07,000,00,2,3,01,B01
200700055451,0,01,000,00,2,1,01,A01
200700055452,0,05,000,00,2,1,01,A01
200700055452,0,07,000,00,1,4,01,B01
200700055453,0,02,000,00,2,2,01,B01
200700055453,0,07,000,00,2,1,15,A01
200700055454,0,07,000,00,2,1,00,A01
200700055454,0,01,000,00,2,2,15,B01
200700055455,0,07,000,02,0,1,01,A01
200700055456,0,01,000,00,2,1,02,A01
200700055456,0,07,000,00,2,5,02,B01
200700055457,0,07,000,00,2,1,01,A01
200700055457,0,07,000,00,2,8,01,B01
200700055458,0,07,000,08,0,1,01,A01
200700055459,0,01,000,00,1,1,01,A01
200700055460,0,07,000,00,2,3,15,A01
200700055460,0,07,000,00,2,1,01,B01
200700055461,0,07,000,00,2,8,01,A01
200700055461,0,07,000,00,2,1,01,B01
200700055462,0,07,000,00,2,4,09,A01
200700055462,0,33,000,00,2,3,01,B01
200700055463,0,02,000,00,2,1,02,A01
200700055463,0,07,000,00,2,4,02,B01
200700055464,0,33,000,00,2,3,02,A01
200700055464,0,07,000,00,2,1,02,B01
200700055465,0,07,000,00,2,1,02,A01
200700055465,0,07,000,00,2,4,02,B01
200700055465,0,07,000,00,2,4,02,C01
200700055466,0,31,000,00,2,2,17,A01
200700055466,0,07,000,00,2,3,15,B01
200700055467,0,31,000,00,1,1,01,A01
200700055468,0,07,000,00,2,1,02,A01
200700055468,0,07,000,00,2,4,02,B01
200700055468,0,07,000,00,2,4,02,C01
200700055469,0,33,000,00,2,1,21,A01
200700055469,0,10,000,00,2,6,23,B01
200700055469,0,07,000,00,2,5,23,C01
200700055469,0,07,000,00,2,4,23,D01
200700055470,0,10,000,00,2,2,01,A01
200700055470,0,07,000,00,2,3,01,B01
200700055471,0,07,000,00,2,1,01,A01
200700055471,0,10,000,00,2,2,15,B01
200700055472,0,07,000,02,0,0,01,A01
200700055473,0,10,000,00,1,2,16,A01
200700055474,0,07,000,04,0,3,01,A01
200700055475,0,07,000,08,0,1,01,A01
200700055476,0,02,000,00,2,3,16,A01
200700055476,0,07,000,00,2,1,01,B01
200700055477,0,07,000,00,2,1,02,A01
200700055477,0,07,000,00,2,4,23,B01
200700055478,1,02,000,00,1,1,01,A01
200700055479,0,07,000,02,0,1,21,A01
200700055480,0,07,000,00,2,3,15,A01
200700055480,0,02,000,00,2,1,01,B01
200700055481,0,07,000,00,2,1,15,A01
200700055481,0,07,000,01,2,1,16,B01
200700055482,0,07,000,00,1,1,01,A01
200700055483,0,07,000,00,1,2,01,A01
200700055484,0,02,000,01,0,1,01,A01
200700055485,0,07,000,00,2,1,01,B01
200700055485,0,07,000,00,2,1,15,A01
200700055486,0,02,000,00,2,1,13,A01
200700055486,0,07,000,00,2,1,01,B01
200700055487,0,07,000,06,2,1,01,A01
200700055487,0,07,000,00,2,7,01,B01
200700055488,0,07,000,00,2,3,01,B01
200700055488,0,07,000,00,2,1,01,A01
200700055489,0,07,000,00,2,1,01,A01
200700055489,0,07,000,00,2,3,01,B01
200700055490,0,07,000,02,0,7,01,A01
200700055491,0,07,000,00,1,1,01,A01
200700055492,0,07,000,00,1,2,01,A01
200700055493,0,30,000,00,2,1,17,A01
200700055493,0,07,000,00,2,3,19,B01
200700055494,0,07,000,00,2,4,23,B01
200700055494,0,07,000,14,2,1,01,A01
200700055495,0,02,000,00,0,0,01,A01
200700055496,0,02,000,00,2,7,01,B01
200700055496,0,01,000,00,2,0,09,A01
200700055497,0,02,000,00,0,0,01,A01
200700055498,0,01,000,00,2,4,01,B01
200700055498,0,07,000,00,2,2,09,A01
200700055499,0,01,000,00,2,1,01,B01
200700055499,0,07,000,00,2,2,15,A01
200700055500,0,07,000,00,2,1,09,A01
200700055500,0,07,000,00,2,8,01,B01
200700055501,0,07,000,00,2,3,01,B01
200700055501,0,02,000,00,2,8,13,A01
200700055502,0,07,000,00,2,7,01,B01
200700055502,0,30,000,00,2,1,09,A01
200700055503,0,07,000,00,1,1,11,A01
200700055504,0,07,000,00,2,4,01,B01
200700055504,0,33,000,00,2,1,01,A01
200700055504,0,07,000,00,0,4,01,C01
200700055505,0,02,000,00,0,1,02,B01
200700055505,0,07,000,00,2,3,15,A01
200700055506,0,02,000,00,2,1,01,B01
200700055506,0,07,000,00,2,3,10,A01
200700055507,0,33,000,12,0,3,01,A01
200700055508,0,30,000,00,2,1,01,B01
200700055508,0,07,000,00,2,3,15,A01
200700055509,2,07,000,15,0,0,01,A01
200700055510,0,01,000,00,2,1,19,A01
200700055510,0,07,000,00,2,1,01,B01
200700055511,0,07,000,00,1,1,14,A01
200700055512,0,07,000,00,1,6,00,A01
200700055513,0,30,000,00,0,8,01,A01
200700055514,0,30,000,00,2,1,01,B01
200700055514,0,07,000,00,0,1,15,A01
200700055515,0,02,000,00,9,0,00,A01
200700055516,0,30,000,11,0,1,01,A01
200700055517,0,07,000,00,1,1,16,A01
200700055518,0,13,000,00,2,1,15,A01
200700055518,0,33,000,00,2,1,01,B01
200700055519,0,01,000,00,2,8,15,A01
200700055519,0,07,000,00,2,3,01,B01
200700055520,0,07,000,00,2,7,15,A01
200700055520,0,02,000,00,2,8,02,B01
200700055521,0,07,000,00,2,7,02,A01
200700055521,0,01,000,00,2,1,02,B01
200700055522,0,07,000,14,0,2,02,A01
200700055522,0,07,000,00,0,3,22,B01
200700055523,0,07,000,00,2,1,02,B01
200700055523,0,07,000,15,2,8,15,A01
200700055524,0,14,000,00,2,8,13,A01
200700055524,0,30,000,00,2,9,02,B01
200700055525,0,02,000,00,2,1,01,A01
200700055525,0,07,000,00,2,8,15,B01
200700055526,0,07,000,00,2,1,15,A01
200700055526,0,07,000,00,2,3,01,B01
200700055527,0,07,000,00,2,1,01,A01
200700055527,0,07,000,01,2,4,01,B01
200700055527,0,07,000,00,2,4,02,C01
200700055528,0,07,000,00,2,1,01,A01
200700055528,0,07,000,00,2,4,01,B01
200700055528,0,07,000,00,0,4,01,C01
200700055529,0,07,000,00,0,3,09,A01
200700055529,0,02,000,00,2,2,01,B01
200700055529,0,07,000,00,0,6,01,C01
200700055530,0,33,000,00,2,1,00,B01
200700055530,0,07,000,00,0,8,01,A01
200700055531,0,07,000,00,2,2,09,A01
200700055531,0,02,000,00,2,1,01,B01
200700055532,0,07,000,00,2,8,01,C01
200700055532,0,07,000,00,2,4,02,B01
200700055532,0,07,000,00,2,1,01,A01
200700055533,0,07,000,01,0,2,01,A01
200700055533,0,07,000,00,2,8,20,B01
200700055534,0,07,000,00,2,1,09,A01
200700055534,0,07,000,00,2,4,01,B01
200700055535,0,07,000,00,2,2,01,B01
200700055535,0,01,000,00,2,1,15,A01
200700055536,0,31,000,01,2,1,11,A01
200700055536,0,07,000,00,0,3,15,B01
200700055537,0,07,000,00,9,1,09,A01
200700055537,0,01,000,00,2,4,09,B01
200700055538,0,07,000,00,0,7,15,A01
200700055538,0,02,000,00,2,1,01,B01
200700055539,0,07,000,00,2,4,23,E01
200700055539,0,07,000,00,2,9,23,D01
200700055539,0,07,000,00,2,9,23,C01
200700055539,0,07,000,00,2,9,23,B01
200700055539,0,07,000,00,2,1,02,A01
200700055540,0,07,000,06,0,2,14,A01
200700055541,0,07,000,00,2,1,01,A01
200700055541,0,33,000,00,2,1,01,B01
200700055541,0,07,000,00,0,4,01,C01