Num_Acc,senc,catv,occutc,obs,obsm,choc,manv,num_veh
200700055542,0,07,000,01,0,6,23,B01
200700055542,0,07,000,01,0,2,01,A01
200700055543,0,07,000,00,2,3,01,B01
200700055543,2,07,000,11,2,7,12,A01
200700055544,0,07,000,00,1,2,01,A01
200700055545,0,07,000,00,9,3,01,B01
200700055545,0,01,000,00,2,1,01,A01
200700055546,0,33,000,00,2,1,01,B01
200700055546,0,07,000,00,2,2,15,A01
200700055547,0,10,000,00,2,1,01,A01
200700055547,0,07,000,00,0,4,16,B01
200700055548,0,17,000,00,2,2,12,A01
200700055548,0,07,000,00,2,8,01,B01
200700055549,0,07,000,08,0,7,13,A01
200700055550,0,07,000,00,2,2,01,A01
200700055550,0,07,000,00,2,8,00,B01
200700055551,0,07,000,00,2,7,15,A01
200700055551,0,33,000,00,2,2,01,B01
200700055552,0,07,000,00,2,2,15,A01
200700055552,0,02,000,00,2,1,01,B01
200700055553,0,07,000,00,2,1,02,A01
200700055553,0,07,000,00,0,4,23,B01
200700055554,0,07,000,00,2,2,01,B01
200700055554,0,01,000,00,2,1,01,A01
200700055555,0,07,000,00,2,1,01,B01
200700055555,0,07,000,00,2,2,09,A01
200700055556,0,07,000,00,2,1,01,A01
200700055556,0,01,000,00,2,1,15,B01
200700055557,0,01,000,00,2,1,13,A01
200700055557,0,07,000,00,2,8,01,B01
200700055558,0,02,000,00,2,1,13,A01
200700055558,0,07,000,00,2,3,21,B01
200700055559,0,07,000,04,0,1,01,A01
200700055560,0,07,000,00,2,1,02,A01
200700055560,0,07,000,00,0,6,02,B01
200700055561,0,07,000,00,2,2,12,A01
200700055561,0,07,000,00,2,6,01,B01
200700055562,0,07,000,00,0,4,02,A01
200700055562,0,30,000,00,2,1,02,B01
200700055563,0,31,000,00,2,1,00,B01
200700055563,0,07,000,00,2,2,15,A01
200700055564,0,07,000,00,2,3,15,A01
200700055564,0,02,000,00,2,1,01,B01
200700055565,0,07,000,00,0,2,01,A01
200700055566,0,07,000,00,2,8,01,A01
200700055566,0,07,000,00,2,3,01,B01
200700055567,0,07,000,00,1,1,01,A01
200700055568,0,07,000,00,1,4,04,A01
200700055569,0,07,000,00,2,2,01,B01
200700055569,0,02,000,00,2,3,05,A01
200700055570,0,30,000,00,2,1,01,A01
200700055570,0,07,000,00,0,4,23,B01
200700055571,0,07,000,08,0,1,14,A01
200700055572,0,02,000,00,2,4,01,A01
200700055572,0,07,000,00,0,6,23,B01
200700055573,0,02,000,00,2,1,01,A01
200700055573,0,07,000,00,2,6,15,B01
200700055574,0,01,000,00,2,1,01,A01
200700055574,0,01,000,00,2,4,01,B01
200700055575,0,07,000,00,1,0,01,A01
200700055576,0,07,000,03,1,3,01,A01
200700055577,0,07,000,00,2,7,01,A01
200700055577,0,30,000,00,2,3,01,B01
200700055578,0,01,000,00,2,7,19,A01
200700055578,0,07,000,00,2,1,01,B01
200700055579,0,07,000,00,2,1,09,A01
200700055579,0,33,000,00,2,7,01,B01
200700055580,0,07,000,00,1,0,01,A01
200700055581,0,01,000,00,2,1,01,A01
200700055581,0,01,000,00,2,8,15,B01
200700055582,0,03,000,00,1,4,04,A01
200700055582,0,01,000,00,2,0,23,B01
200700055583,0,07,000,00,2,1,01,A01
200700055583,0,07,000,00,2,1,01,B01
200700055583,0,07,000,00,2,4,01,C01
200700055584,0,07,000,00,0,2,01,A01
200700055585,0,37,001,00,2,1,01,A01
200700055585,0,07,000,00,2,4,01,B01
200700055585,0,03,000,00,2,6,23,C01
200700055586,0,10,000,00,2,5,02,A01
200700055586,0,07,000,00,2,6,02,B01
200700055587,0,30,000,00,2,1,18,A01
200700055587,0,07,000,00,2,1,15,B01
200700055587,0,14,000,00,0,0,15,C01
200700055588,0,07,000,00,2,8,13,A01
200700055588,0,15,000,00,2,2,01,B01
200700055589,0,07,000,00,1,3,01,A01
200700055590,0,07,000,00,1,2,01,A01
200700055591,0,10,000,00,2,1,15,A01
200700055591,0,07,000,00,2,3,01,B01
200700055592,0,33,000,00,1,2,01,A01
200700055593,0,07,000,00,2,1,01,A01
200700055593,0,01,000,00,2,1,05,B01
200700055594,0,33,000,00,2,1,17,A01
200700055594,0,07,000,00,2,3,15,B01
200700055595,0,07,000,00,2,2,15,A01
200700055595,0,33,000,00,2,1,01,B01
200700055596,0,07,000,00,2,3,01,B01
200700055596,0,02,000,00,2,1,01,A01
200700055597,0,07,000,00,2,3,01,A01
200700055597,0,31,000,00,2,1,01,B01
200700055598,0,02,000,00,2,1,01,A01
200700055598,0,07,000,00,2,3,01,B01
200700055599,0,31,000,00,2,1,13,A01
200700055599,0,07,000,00,2,2,01,B01
200700055600,0,02,000,00,2,1,17,A01
200700055600,0,07,000,00,0,3,09,B01
200700055601,0,07,000,00,1,4,02,B01
200700055601,0,07,000,00,2,1,02,A01
200700055602,0,07,000,00,2,2,17,A01
200700055602,0,01,000,00,2,4,13,B01
200700055603,0,02,000,00,2,8,01,A01
200700055604,0,07,000,00,2,3,02,A01
200700055604,0,07,000,00,2,4,02,B01
200700055605,0,33,000,08,2,1,17,A01
200700055605,0,07,000,00,2,3,15,B01
200700055606,0,01,000,00,2,8,01,B01
200700055606,0,07,000,00,0,2,19,A01
200700055607,0,02,000,00,0,0,01,A01
200700055608,0,33,000,00,0,0,01,A01
200700055609,0,30,000,00,2,1,18,B01
200700055609,0,07,000,00,2,7,23,A01
200700055610,0,07,000,00,2,1,01,A01
200700055610,0,07,000,00,2,7,01,B01
200700055611,0,07,000,00,2,4,01,B01
200700055611,0,30,000,00,2,1,01,A01
200700055612,0,07,000,00,2,1,01,C01
200700055612,0,07,000,00,2,1,01,B01
200700055612,0,07,000,00,2,4,01,A01
200700055613,0,31,000,00,2,1,01,A01
200700055613,0,07,000,00,2,5,01,B01
200700055614,0,10,000,00,2,1,01,B01
200700055614,0,07,000,00,2,4,01,A01
200700055615,0,07,000,00,1,5,00,A01
200700055616,0,31,000,00,2,1,00,A01
200700055616,0,07,000,00,2,6,00,B01
200700055617,0,02,000,00,2,1,01,A01
200700055617,0,07,000,00,2,4,01,B01
200700055617,0,07,000,00,2,1,01,C01
200700055618,0,07,000,00,2,7,09,A01
200700055618,0,33,000,00,2,1,01,B01
200700055619,0,07,000,00,1,1,01,A01
200700055620,0,07,000,00,2,5,11,A01
200700055620,0,02,000,00,2,1,01,B01
200700055621,0,07,000,00,1,1,01,A01
200700055622,0,02,000,00,2,3,00,A01
200700055622,0,10,000,00,2,2,00,B01
200700055623,0,30,000,00,0,1,00,A01
200700055623,0,07,000,00,2,1,00,B01
200700055624,0,07,000,00,2,1,02,A01
200700055624,0,07,000,00,2,4,01,B01
200700055625,0,07,000,00,2,1,00,A01
200700055625,0,07,000,00,2,3,01,B01
200700055626,0,07,000,00,2,2,00,B01
200700055626,1,07,000,00,2,1,00,A01
200700055627,0,07,000,00,2,2,15,A01
200700055627,0,07,000,00,2,1,01,B01
200700055628,0,33,000,00,2,1,01,B01
200700055628,0,07,000,00,2,3,15,A01
200700055629,0,07,000,00,2,1,00,A01
200700055629,0,35,000,00,2,1,01,B01
200700055630,0,07,000,03,1,7,09,A01
200700055631,0,10,000,00,2,3,01,B01
200700055631,0,30,000,00,2,1,01,A01
200700055632,0,07,000,00,1,3,01,A01
200700055633,0,07,000,00,2,1,09,A01
200700055633,0,33,000,00,2,2,01,B01
200700055634,0,30,000,00,0,1,01,A01
200700055635,0,07,000,16,0,3,01,A01
200700055636,0,07,000,00,2,1,01,A01
200700055636,0,07,000,01,2,4,01,B01
200700055637,0,07,000,00,2,1,15,A01
200700055637,0,07,000,00,2,1,01,B01
200700055638,0,07,000,00,2,1,01,A01
200700055638,0,33,000,00,2,4,01,B01
200700055639,0,02,000,00,2,1,01,B01
200700055639,1,07,000,00,2,0,00,A01
200700055640,0,07,000,00,2,1,01,A01
200700055640,0,07,000,00,2,1,01,B01
200700055641,0,33,000,00,2,1,01,B01
200700055641,0,07,000,00,2,8,01,A01
200700055642,0,07,000,00,2,1,15,A01
200700055642,0,33,000,00,2,1,01,B01
200700055643,0,07,000,00,0,0,00,A01
200700055643,0,02,000,00,2,0,00,B01
200700055644,0,07,000,06,0,1,01,A01
200700055645,1,07,000,00,2,0,00,A01
200700055646,0,07,000,00,2,1,09,A01
200700055646,0,30,000,00,1,1,01,B01
200700055646,0,07,000,00,2,3,01,C01
200700055647,0,07,000,00,2,7,15,A01
200700055647,0,07,000,00,2,1,01,B01
200700055648,0,02,000,01,0,0,01,A01
200700055649,0,07,000,00,2,6,01,A01
200700055649,0,07,000,00,2,8,01,B01
200700055650,0,07,000,00,2,7,01,A01
200700055650,0,30,000,00,2,1,00,B01
200700055651,0,07,000,00,1,2,01,A01
200700055652,0,30,000,00,0,0,01,A01
200700055652,0,07,000,00,0,3,15,B01
200700055653,0,07,000,06,0,2,01,A01
200700055654,0,01,000,00,2,8,02,B01
200700055655,0,07,000,00,2,1,00,B01
200700055655,0,07,000,00,2,7,10,A01
200700055656,0,07,000,00,2,7,12,A01
200700055656,0,02,000,00,2,8,01,B01
200700055657,0,33,000,00,2,1,00,A01
200700055657,1,07,000,00,0,0,00,B01
200700055658,0,07,000,00,2,7,14,A01
200700055658,0,01,000,00,2,8,01,B01
200700055659,0,07,000,00,2,7,01,A01
200700055659,0,07,000,00,2,3,01,B01
200700055660,0,07,000,00,2,3,01,A01
200700055660,0,07,000,00,2,3,01,B01
200700055661,0,07,000,02,0,3,13,A01
200700055662,0,07,000,00,1,6,04,A01
200700055663,0,07,000,00,2,1,11,A01
200700055663,0,07,000,08,2,1,01,B01
200700055664,0,33,000,00,2,1,01,B01
200700055664,0,07,000,00,2,6,09,A01
200700055665,0,07,000,00,2,1,01,A01
200700055665,0,07,000,00,2,6,01,B01
200700055666,0,07,000,00,2,1,01,A01
200700055666,0,15,000,00,2,6,15,B01
200700055667,0,07,000,00,2,1,01,A01
200700055667,0,03,000,00,2,4,00,B01
200700055668,0,07,000,00,2,3,01,A01
200700055668,0,07,000,00,2,2,01,B01
200700055669,0,07,000,00,2,1,00,A01
200700055669,0,07,000,00,2,4,01,B01
200700055670,0,10,000,00,2,2,00,A01
200700055670,0,30,000,00,2,3,00,B01
200700055671,0,07,000,00,2,3,15,A01
200700055671,0,01,000,00,2,1,01,B01
200700055672,0,10,000,00,2,7,15,A01
200700055672,0,33,000,00,2,1,01,B01
200700055673,0,15,000,00,0,6,01,A01
200700055674,0,07,000,00,2,1,01,A01
200700055674,0,07,000,00,2,8,00,B01
200700055675,0,07,000,00,2,2,01,A01
200700055675,0,07,000,00,2,1,01,B01
200700055676,0,03,000,00,2,1,01,A01
200700055676,0,10,000,00,2,4,01,B01
200700055677,0,33,000,00,2,1,01,A01
200700055677,0,07,000,00,2,4,01,B01
200700055678,0,07,000,00,0,0,01,A01
200700055679,0,07,000,00,1,0,16,A01
200700055680,0,07,000,00,2,3,01,A01
200700055680,0,33,000,00,2,1,01,B01
200700055681,0,07,000,00,9,3,01,A01
200700055682,0,07,000,00,0,3,01,A01
200700055682,0,07,000,00,2,3,01,B01
200700055683,0,02,000,00,1,1,01,A01
200700055684,1,07,000,00,2,4,04,A01
200700055684,0,01,000,00,2,6,01,B01
200700055685,0,07,000,00,0,5,04,A01
200700055685,0,30,000,01,0,1,15,B01
200700055686,0,32,000,08,0,1,01,A01
200700055687,0,07,000,00,1,2,16,A01
200700055688,0,14,000,00,2,1,01,A01
200700055688,0,07,000,00,2,1,01,B01
200700055689,0,33,000,00,2,1,01,A01
200700055689,0,07,000,00,2,6,01,B01
200700055689,0,07,000,00,2,7,01,C01
200700055690,0,07,000,00,2,2,09,A01
200700055690,0,07,000,00,2,7,01,B01
200700055691,0,10,000,00,2,1,01,A01
200700055691,0,02,000,00,2,1,01,B01
200700055692,0,07,000,00,1,2,01,A01
200700055693,1,07,000,00,2,7,01,A01
200700055693,0,02,000,00,2,1,01,B01
200700055694,0,07,000,00,2,3,01,A01
200700055694,0,30,000,00,2,1,17,C01
200700055694,0,07,000,00,2,2,09,B01
200700055695,0,33,000,00,2,1,01,A01
200700055695,0,07,000,00,2,1,01,B01
200700055695,0,07,000,00,0,6,01,C01
200700055696,0,07,000,00,2,5,23,A01
200700055696,0,02,000,01,0,1,01,B01
200700055697,0,07,000,00,1,0,01,A01
200700055698,0,07,000,00,1,1,01,A01
200700055699,0,07,000,00,2,3,01,A01
200700055699,0,01,000,00,2,1,01,B01
200700055700,0,07,000,00,1,1,00,A01
200700055701,0,31,000,00,2,1,01,A01
200700055701,0,13,000,00,2,1,01,B01
200700055702,0,30,000,00,9,8,02,A01
200700055702,0,37,000,00,0,5,02,B01
200700055703,0,07,000,00,0,4,01,A01
200700055703,0,07,000,00,2,9,01,B01
200700055703,0,07,000,00,2,9,01,C01
200700055703,0,07,000,00,2,9,01,D01
200700055703,0,07,000,00,2,1,01,E01
200700055704,1,30,000,00,1,1,00,A01
200700055705,0,01,000,00,2,1,02,A01
200700055706,0,07,000,00,2,1,17,B01
200700055706,0,02,000,00,2,1,01,C01
200700055707,0,07,000,00,2,1,01,A01
200700055707,0,07,000,00,2,1,01,B01
200700055707,0,07,000,00,2,4,01,C01
200700055708,0,07,000,00,2,8,01,A01
200700055708,0,07,000,00,2,3,01,B01
200700055709,0,33,000,00,2,8,01,B01
200700055709,0,07,000,00,2,1,15,A01
200700055710,0,07,000,00,2,3,23,B01
200700055710,0,01,000,15,0,1,01,A01
200700055711,0,07,000,00,2,7,12,A01
200700055711,0,01,000,00,2,1,01,B01
200700055712,0,32,000,00,0,7,00,A01
200700055713,0,07,000,15,0,7,01,A01
200700055714,1,07,000,00,2,1,09,A01
200700055714,0,02,000,00,2,7,01,B01
200700055715,0,01,000,00,0,0,01,A01
200700055715,0,07,000,00,0,0,16,B01
200700055716,0,17,000,00,0,0,15,A01
200700055716,0,02,000,11,2,1,21,B01
200700055716,0,07,000,00,0,3,23,C01
200700055717,0,02,000,00,2,7,00,B01
200700055717,0,07,000,00,2,1,01,A01
200700055718,0,07,000,00,2,8,19,A01
200700055718,0,07,000,00,2,1,01,B01
200700055719,0,07,000,00,2,3,15,A01
200700055719,0,34,000,00,2,8,01,B01
200700055720,0,33,000,00,1,1,01,A01
200700055721,1,07,000,00,1,1,01,A01
200700055722,0,07,000,00,2,5,10,A01
200700055722,0,33,000,00,2,1,01,B01
200700055723,0,07,000,00,2,3,15,A01
200700055723,0,31,000,00,2,2,01,B01
200700055724,0,30,000,00,2,3,01,A01
200700055724,0,99,001,00,0,3,15,B01
200700055725,0,30,000,00,2,1,11,A01
200700055725,0,07,000,00,2,2,15,B01
200700055726,0,07,000,00,2,3,20,A01
200700055726,0,33,000,00,2,1,01,B01
200700055727,0,31,000,00,0,0,01,A01
200700055728,0,01,000,00,0,0,00,A01
200700055729,0,07,000,00,2,2,15,A01
200700055729,0,33,000,00,2,1,01,B01
200700055730,0,33,000,00,2,3,01,A01
200700055730,0,14,000,00,2,2,16,B01
200700055731,0,07,000,00,2,6,11,A01
200700055731,0,33,000,00,2,1,01,B01
200700055731,0,10,000,00,2,1,01,C01
200700055732,0,07,000,00,2,3,15,A01
200700055732,0,02,000,00,2,1,01,B01
200700055733,0,07,000,01,0,1,14,A01
200700055734,0,32,000,00,2,1,15,A01
200700055734,0,33,000,00,2,1,01,B01
200700055735,0,33,000,00,2,3,05,A01
200700055735,0,07,000,00,2,1,01,B01
200700055736,0,33,000,00,2,3,01,A01
200700055736,0,07,000,00,2,2,16,B01
200700055737,0,02,000,00,2,2,01,A01
200700055737,0,07,000,00,0,3,01,B01
200700055738,0,07,000,00,9,1,15,A01
200700055738,0,01,000,00,2,1,01,B01
200700055739,0,07,000,00,0,0,00,A01
200700055739,0,07,000,00,0,0,00,B01
200700055740,0,33,000,00,2,1,01,A01
200700055740,1,13,000,00,2,4,11,B01
200700055741,0,07,000,00,2,1,02,A01
200700055741,0,07,000,00,2,4,23,B01
200700055741,0,07,000,00,0,4,23,C01
200700055742,0,01,000,00,2,3,19,A01
200700055742,0,07,000,00,2,2,01,B01
200700055743,0,07,000,00,2,1,01,A01
200700055743,0,07,000,00,2,4,02,B01
200700055743,0,07,000,00,2,4,02,C01
200700055744,0,07,000,00,2,1,01,A01
200700055744,0,31,000,00,2,1,01,B01
200700055745,0,01,000,00,2,3,01,A01
200700055746,0,07,000,08,0,1,00,A01
200700055747,0,10,000,00,5,9,01,A01
200700055748,0,07,000,05,0,1,14,A01
200700055749,0,07,000,04,0,7,13,A01
200700055749,1,07,000,00,0,0,13,B01
200700055750,0,07,000,14,2,2,14,A01
200700055750,0,07,000,00,2,3,01,B01
200700055751,0,07,000,01,0,1,13,A01
200700055752,0,07,000,00,2,1,15,A01
200700055752,0,02,000,00,2,1,01,B01
200700055753,0,31,000,00,1,1,07,A01
200700055754,0,31,000,00,0,0,01,A01
200700055755,0,07,000,00,1,6,04,A01
200700055756,0,07,000,01,0,3,13,A01
200700055757,0,07,000,00,1,0,02,A01
200700055758,0,07,000,00,2,1,01,A01
200700055758,0,07,000,00,0,4,23,B01
200700055758,0,07,000,00,0,4,23,C01
200700055759,0,33,000,00,2,1,18,A01
200700055759,0,07,000,00,0,5,22,B01
200700055760,0,07,000,00,1,1,01,A01
200700055761,0,07,000,00,1,1,01,A01
200700055762,0,30,000,07,0,0,01,A01
200700055763,0,33,000,01,2,3,01,B01
200700055763,0,07,000,00,2,5,12,A01
200700055764,0,07,000,00,2,7,13,A01
200700055764,0,07,000,00,2,1,01,B01
200700055765,0,33,000,00,2,0,03,A01
200700055765,0,07,000,00,2,0,23,B01
200700055765,0,10,000,00,2,0,23,C01
200700055766,0,07,000,00,2,1,01,A01
200700055766,0,07,000,00,2,4,02,B01
200700055766,0,07,000,00,0,4,02,C01
200700055767,0,07,000,00,2,3,15,A01
200700055767,0,07,000,00,2,2,01,B01
200700055768,0,07,000,00,1,1,16,A01
200700055769,0,07,000,00,2,1,01,A01
200700055769,0,07,000,00,2,2,23,B01
200700055770,0,32,000,00,2,1,01,A01
200700055770,0,07,000,00,2,8,01,B01
200700055771,0,02,000,00,2,1,01,A01
200700055771,0,07,000,00,0,3,09,B01
200700055772,0,02,000,00,2,1,05,A01
200700055772,0,07,000,00,2,1,01,B01
200700055773,0,07,000,00,0,0,00,A01
200700055773,0,07,000,01,2,5,24,B01
200700055774,0,01,000,00,1,1,01,A01
200700055775,0,07,000,00,2,2,01,A01
200700055775,0,07,000,00,2,3,01,B01
200700055776,2,07,000,00,2,1,05,A01
200700055776,0,07,000,00,2,3,15,B01
200700055777,0,07,000,03,0,2,14,A01
200700055778,0,07,000,03,0,1,14,A01
200700055779,0,07,000,00,2,6,15,A01
200700055779,0,14,000,00,2,0,15,B01
200700055780,0,07,000,00,2,0,00,A01
200700055780,0,07,000,00,2,0,01,B01
200700055781,0,02,000,00,2,1,01,B01
200700055781,0,07,000,00,2,3,09,A01
200700055782,0,07,000,00,2,3,01,A01
200700055782,0,07,000,00,2,4,02,B01
200700055782,0,07,000,00,0,4,02,C01
200700055783,0,07,000,00,2,2,16,A01
200700055783,0,31,000,01,2,1,07,B01
200700055784,0,07,000,00,2,8,15,A01
200700055784,0,07,000,00,2,1,01,B01
200700055785,0,02,000,00,2,1,01,A01
200700055785,0,07,000,00,2,4,23,B01
200700055786,0,07,000,00,2,5,16,A01
200700055786,0,02,000,00,2,1,01,B01
200700055787,0,01,000,00,2,1,15,A01
200700055787,0,07,000,00,2,1,01,B01
200700055788,0,34,000,00,2,1,17,A01
200700055788,0,07,000,00,2,2,15,B01
200700055789,1,31,000,00,2,2,16,A01
200700055789,0,01,000,00,2,8,16,B01
200700055790,0,34,000,00,0,5,01,A01
200700055791,0,07,000,02,2,1,01,A01
200700055791,0,07,000,08,2,1,01,B01
200700055792,0,07,000,00,2,5,23,B01
200700055792,0,07,000,00,2,5,23,C01
200700055792,0,32,000,00,2,1,01,A01
200700055793,0,13,000,00,0,2,15,A01
200700055793,0,34,000,00,2,1,01,B01
200700055794,0,10,000,00,2,1,02,A01
200700055794,0,07,000,00,2,4,02,B01
200700055794,0,07,000,00,0,4,01,C01
200700055794,1,07,000,00,0,0,01,D01
200700055795,0,14,000,00,2,2,12,A01
200700055795,0,07,000,00,2,6,01,B01
200700055796,0,07,000,00,9,1,15,A01
200700055796,0,30,000,00,2,1,01,B01
200700055797,0,02,000,00,0,2,14,A01
200700055798,0,07,000,00,2,7,15,A01
200700055798,0,02,000,00,2,1,01,B01
200700055799,0,07,000,00,0,5,15,A01
200700055799,0,02,000,00,2,1,01,B01
200700055800,0,07,000,00,2,1,02,A01
200700055800,0,07,000,00,2,4,23,B01
200700055800,0,07,000,00,0,4,23,C01
200700055801,0,07,000,00,1,2,01,A01
200700055802,0,07,000,00,2,1,02,A01
200700055802,0,07,000,00,2,4,02,B01
200700055802,0,07,000,00,2,4,02,C01
200700055802,0,10,000,00,2,4,02,D01
200700055802,0,14,000,00,2,5,02,E01
200700055803,0,10,000,00,2,1,15,A01
200700055803,0,07,000,00,2,3,01,B01
200700055804,0,07,000,00,1,1,01,A01
200700055805,0,33,000,00,2,1,02,A01
200700055805,0,07,000,00,2,4,02,B01
200700055805,0,07,000,00,9,0,11,C01
200700055806,0,33,000,00,2,1,01,A01
200700055806,0,07,000,00,2,4,01,B01
200700055807,0,33,000,15,0,1,01,A01
200700055808,0,07,000,00,4,1,02,A01
200700055808,0,07,000,00,2,4,02,B01
200700055809,0,07,000,00,1,0,00,A01
200700055810,0,07,000,04,0,3,01,A01
200700055811,0,07,000,00,1,2,16,A01
200700055812,0,07,000,00,2,7,16,A01
200700055812,0,02,000,00,2,8,01,B01
200700055813,0,30,000,00,2,3,13,A01
200700055813,0,07,000,00,2,2,01,B01
200700055814,0,07,000,00,2,2,01,A01
200700055814,0,07,000,00,2,3,01,B01
200700055815,0,07,000,00,2,0,00,A01
200700055815,0,33,000,00,2,1,00,B01
200700055816,0,07,000,00,9,2,01,A01
200700055816,0,01,000,00,2,0,00,B01
200700055817,0,07,000,00,2,1,02,A01
200700055817,0,07,000,00,2,4,02,B01
200700055817,0,07,000,00,2,4,02,C01
200700055818,0,02,000,00,2,1,13,A01
200700055818,0,07,000,00,9,8,15,B01
200700055819,0,07,000,00,2,2,14,A01
200700055819,0,32,000,00,2,8,01,B01
200700055820,0,07,000,00,2,1,01,A01
200700055820,0,07,000,00,2,1,15,B01
200700055821,0,07,000,00,1,1,01,A01
200700055822,0,07,000,04,2,2,14,A01
200700055822,0,33,000,00,2,1,01,B01
200700055823,0,07,000,00,2,2,17,A01
200700055823,0,07,000,00,2,3,09,B01
200700055824,0,07,000,04,2,1,01,A01
200700055824,0,07,000,00,2,1,01,B01
200700055825,0,07,000,00,2,2,01,A01
200700055825,0,07,000,00,2,1,01,B01
200700055826,0,37,001,00,1,2,01,A01
200700055827,0,07,000,00,1,1,14,A01
200700055828,0,07,000,00,2,1,13,A01
200700055828,0,07,000,00,2,1,01,B01
200700055829,0,07,000,00,2,1,01,A01
200700055829,0,07,000,00,0,1,01,B01
200700055830,0,07,000,08,0,2,14,A01
200700055831,0,07,000,00,2,1,01,A01
200700055831,0,07,000,00,2,4,23,B01
200700055831,0,07,000,00,2,4,23,C01
200700055832,0,07,000,00,2,1,09,A01
200700055832,0,01,000,00,2,1,01,B01
200700055833,0,07,000,02,0,1,01,A01
200700055834,0,07,000,00,2,1,01,A01
200700055834,0,07,000,00,2,4,01,B01
200700055835,0,07,000,00,2,6,09,A01
200700055835,0,33,000,00,2,1,01,B01
200700055836,0,07,000,00,1,1,01,A01
200700055837,0,07,000,00,2,6,23,B01
200700055837,0,02,000,00,2,1,02,A01
200700055838,0,30,000,00,0,0,02,A01
200700055839,0,07,000,00,0,7,02,B01
200700055839,0,07,000,00,2,1,15,A01
200700055840,0,07,000,00,2,1,01,B01
200700055840,0,07,000,00,2,1,15,A01
200700055841,0,07,000,00,2,1,01,B01
200700055841,0,07,000,00,0,1,02,C01
200700055841,0,07,000,00,2,3,13,A01
200700055842,0,03,000,00,2,3,13,A01
200700055842,0,07,000,00,2,3,01,B01
200700055843,0,07,000,00,1,4,04,A01
200700055844,0,30,000,00,2,1,01,A01
200700055844,0,07,000,00,2,8,15,B01
200700055845,0,30,000,00,2,1,00,A01
200700055845,0,07,000,00,2,4,23,B01
200700055846,0,30,000,00,2,8,01,B01
200700055846,0,07,000,00,0,3,15,A01
200700055847,0,33,000,00,2,1,01,A01
200700055847,0,07,000,00,0,5,15,B01
200700055848,0,07,000,00,2,3,15,A01
200700055848,0,31,000,00,2,2,17,B01
200700055848,0,01,000,00,0,9,01,C01
200700055849,0,07,000,00,2,1,01,A01
200700055849,0,07,000,00,0,3,23,C01
200700055849,0,07,000,14,0,1,01,B01
200700055850,0,07,000,00,1,2,01,A01
200700055851,0,30,000,00,2,1,01,A01
200700055851,0,07,000,00,0,6,16,B01
200700055852,0,01,000,00,2,8,05,A01
200700055852,0,07,000,00,2,1,01,B01
200700055853,0,02,000,01,0,1,01,A01
200700055854,0,30,000,00,1,1,01,A01
200700055855,1,10,000,00,2,0,17,A01
200700055855,0,07,000,13,2,7,21,B01
200700055856,0,33,000,00,1,1,01,A01
200700055857,1,10,000,00,2,0,16,A01
200700055858,0,33,000,00,2,2,01,A01
200700055858,0,07,000,00,2,3,15,B01
200700055859,0,07,000,00,1,1,15,A01
200700055860,0,07,000,00,1,2,01,A01
200700055861,0,07,000,00,0,6,13,A01
200700055861,0,31,000,00,2,1,01,B01
200700055862,0,07,000,00,0,4,23,A01
200700055862,0,07,000,14,0,4,23,B01
200700055862,0,07,000,14,0,1,02,C01
200700055863,0,02,000,00,2,1,17,A01
200700055863,0,07,000,00,2,3,15,B01
200700055864,0,07,000,14,0,1,01,A01
200700055864,0,07,000,00,0,4,23,B01
200700055865,0,40,000,00,1,1,01,A01
200700055866,0,02,000,00,2,8,01,A01
200700055866,0,33,000,00,2,1,01,B01
200700055867,0,07,000,00,2,5,15,B01
200700055867,0,02,000,00,2,4,15,A01
200700055868,0,07,000,00,2,1,15,A01
200700055868,0,07,000,00,2,1,16,B01
200700055869,0,02,000,00,2,1,01,A01
200700055869,0,07,000,00,2,4,02,B01
200700055870,0,07,000,00,2,8,15,A01
200700055870,0,39,000,00,2,2,01,B01
200700055871,0,02,000,00,2,0,18,A01
200700055871,0,07,000,00,2,2,01,B01
200700055872,0,07,000,00,2,1,01,A01
200700055872,0,07,000,00,2,4,01,B01
200700055873,0,07,000,00,1,3,01,A01
200700055874,0,02,000,00,2,1,01,A01
200700055874,0,07,000,00,2,3,01,B01
200700055875,0,33,000,00,2,3,01,A01
200700055875,0,40,000,00,2,2,01,B01
200700055876,0,07,000,00,2,2,01,A01
200700055876,0,31,000,00,2,8,02,B01
200700055877,0,07,000,00,1,4,04,A01
200700055878,0,07,000,00,1,1,01,A01
200700055879,0,07,000,14,0,1,01,A01
200700055879,0,07,000,00,0,4,23,B01
200700055880,0,07,000,00,2,1,01,A01
200700055880,0,33,000,00,0,4,01,B01
200700055881,0,31,000,00,2,1,01,A01
200700055881,0,07,000,00,2,7,15,B01
200700055882,0,07,000,00,2,1,15,A01
200700055882,0,02,000,00,2,7,01,B01
200700055883,0,07,000,00,2,1,16,A01
200700055883,0,01,000,00,0,4,01,B01
200700055884,0,07,000,00,2,1,01,A01
200700055884,0,07,000,00,2,4,01,B01
200700055884,0,07,000,00,0,4,01,C01
200700055885,0,30,000,14,0,1,01,A01
200700055885,0,07,000,00,0,4,23,B01
200700055886,0,07,000,00,2,6,15,A01
200700055886,0,33,000,00,2,1,01,B01
200700055887,0,31,000,00,1,1,01,A01
200700055888,0,01,000,00,2,3,13,A01