Num_Acc,senc,catv,occutc,obs,obsm,choc,manv,num_veh
200700055888,0,07,000,00,2,3,01,B01
200700055889,0,10,000,00,2,2,15,A01
200700055889,0,02,000,00,2,1,01,B01
200700055890,0,02,000,00,2,1,01,A01
200700055890,0,07,000,00,2,4,15,B01
200700055891,0,07,000,00,2,3,01,A01
200700055891,0,07,000,00,0,4,01,B01
200700055892,0,07,000,00,2,3,01,A01
200700055892,0,37,001,00,2,1,00,B01
200700055893,0,02,000,00,2,3,01,A01
200700055893,0,07,000,00,2,3,01,B01
200700055894,0,32,000,00,2,1,01,A01
200700055894,0,07,000,00,0,5,15,B01
200700055895,0,01,000,00,0,0,00,A01
200700055896,0,07,000,10,0,1,21,A01
200700055897,0,07,000,00,2,1,01,A01
200700055897,0,07,000,00,2,4,02,B01
200700055898,0,33,000,00,2,1,01,A01
200700055898,1,07,000,00,2,6,01,B01
200700055899,0,07,000,00,2,2,01,A01
200700055899,0,01,000,00,2,0,01,B01
200700055900,0,07,000,00,0,5,01,A01
200700055900,0,30,000,00,2,1,01,B01
200700055901,0,07,000,02,0,4,01,A01
200700055902,0,07,000,00,2,1,01,A01
200700055902,0,07,000,00,2,9,02,B01
200700055902,0,07,000,00,2,4,02,C01
200700055903,0,07,000,00,2,1,01,A01
200700055903,0,07,000,00,0,4,02,B01
200700055904,0,33,000,00,1,8,01,A01
200700055905,0,07,000,00,2,8,13,A01
200700055905,0,34,000,01,2,9,01,B01
200700055906,0,07,000,00,2,8,01,A01
200700055906,0,40,000,00,2,1,01,B01
200700055907,0,30,000,00,2,7,01,A01
200700055907,0,10,000,00,2,2,16,B01
200700055908,0,01,000,00,1,1,01,A01
200700055909,0,30,000,00,2,1,01,A01
200700055909,0,07,000,00,2,3,01,B01
200700055910,0,10,000,00,2,2,01,A01
200700055910,0,01,000,00,2,0,01,B01
200700055911,0,07,000,00,2,1,01,A01
200700055911,0,07,000,00,2,4,02,B01
200700055911,0,07,000,00,0,4,02,C01
200700055912,0,01,000,00,2,1,01,A01
200700055912,0,07,000,00,2,1,01,B01
200700055913,0,33,000,00,0,1,01,A01
200700055914,0,02,000,00,2,1,01,A01
200700055914,0,07,000,00,2,4,02,B01
200700055915,0,07,000,00,1,3,01,A01
200700055916,0,07,000,00,2,2,16,A01
200700055916,0,02,000,00,2,1,18,B01
200700055917,0,07,000,14,0,2,01,A01
200700055917,0,02,000,00,0,4,23,B01
200700055918,0,10,000,00,1,1,15,A01
200700055919,0,37,022,00,2,1,01,A01
200700055919,0,07,000,00,0,4,01,B01
200700055920,0,07,000,00,2,3,13,A01
200700055920,0,07,000,00,2,8,01,B01
200700055921,0,07,000,00,2,8,13,A01
200700055921,0,33,000,00,2,7,01,B01
200700055922,0,36,000,00,1,2,01,A01
200700055923,0,07,000,00,0,0,01,A01
200700055923,0,33,000,00,0,8,21,B01
200700055924,0,07,000,00,2,2,16,A01
200700055924,0,02,000,00,2,1,18,B01
200700055925,0,07,000,08,0,7,01,A01
200700055925,0,07,000,00,2,1,01,B01
200700055926,0,31,000,00,2,1,18,A01
200700055926,0,10,000,00,2,7,16,B01
200700055927,0,07,000,00,2,1,01,A01
200700055927,0,07,000,00,0,5,01,B01
200700055928,0,02,000,00,2,2,15,A01
200700055928,0,33,000,00,2,1,01,B01
200700055929,0,07,000,00,2,1,09,A01
200700055929,0,02,000,00,2,1,09,B01
200700055930,0,01,000,00,2,1,01,A01
200700055930,0,07,000,00,2,3,01,B01
200700055931,0,07,000,00,2,3,15,A01
200700055931,0,30,000,00,2,1,01,B01
200700055932,0,33,000,00,2,1,01,A01
200700055932,0,33,000,00,0,7,01,B01
200700055933,0,07,000,00,2,3,01,A01
200700055933,0,02,000,00,2,1,01,B01
200700055934,0,07,000,00,1,1,15,A01
200700055935,0,31,000,00,2,1,05,A01
200700055935,0,07,000,00,2,1,01,B01
200700055936,0,31,000,00,1,1,01,A01
200700055937,0,07,000,00,2,3,15,A01
200700055937,0,01,000,00,2,1,01,B01
200700055938,0,07,000,00,2,7,12,A01
200700055938,0,02,000,00,2,8,01,B01
200700055939,0,07,000,00,1,1,01,A01
200700055940,0,07,000,00,0,0,15,A01
200700055940,0,02,000,00,2,1,01,B01
200700055941,0,07,000,00,2,2,01,A01
200700055941,0,07,000,00,0,3,20,B01
200700055942,0,07,000,00,2,1,15,A01
200700055942,0,30,000,00,2,8,01,B01
200700055943,0,07,000,14,0,1,01,A01
200700055943,0,07,000,00,0,4,23,B01
200700055944,0,07,000,00,2,2,15,A01
200700055944,0,07,000,00,2,1,01,B01
200700055945,0,07,000,00,2,1,15,B01
200700055945,0,33,000,00,2,8,01,A01
200700055946,0,07,000,00,2,0,01,A01
200700055946,0,30,000,00,2,2,01,B01
200700055947,0,07,000,00,2,9,01,A01
200700055947,0,07,000,00,2,8,01,B01
200700055947,0,07,000,00,1,1,01,C01
200700055948,0,07,000,00,2,4,04,A01
200700055948,0,07,000,00,2,1,01,B01
200700055949,0,07,000,00,1,2,01,A01
200700055950,0,07,000,00,2,8,01,A01
200700055950,0,01,000,00,2,1,01,B01
200700055951,0,14,000,00,2,2,01,A01
200700055951,0,07,000,00,2,8,01,B01
200700055952,0,01,000,00,2,1,05,A01
200700055952,0,07,000,00,2,1,01,B01
200700055953,0,07,000,00,2,6,15,A01
200700055953,0,02,000,00,2,2,17,B01
200700055954,0,02,000,00,0,1,01,A01
200700055955,0,30,000,14,0,2,01,A01
200700055955,0,07,000,00,2,4,23,B01
200700055956,0,10,000,00,2,3,15,A01
200700055956,0,33,000,00,2,3,01,B01
200700055957,0,07,000,00,2,3,15,A01
200700055957,0,30,000,00,2,7,01,B01
200700055958,0,07,000,00,2,1,15,A01
200700055958,0,02,000,00,2,1,18,B01
200700055958,0,30,000,00,0,1,21,C01
200700055959,0,10,000,00,2,1,01,A01
200700055959,0,07,000,00,2,1,01,B01
200700055960,0,07,000,00,2,6,09,A01
200700055960,0,01,000,00,2,1,01,B01
200700055961,0,30,000,00,2,1,01,A01
200700055961,0,07,000,00,2,2,15,B01
200700055962,0,33,000,00,2,2,01,A01
200700055962,0,07,000,00,2,1,15,B01
200700055963,0,02,000,00,1,1,01,A01
200700055964,0,07,000,00,2,3,01,A01
200700055964,0,07,000,00,2,5,16,B01
200700055965,0,10,000,00,2,2,15,A01
200700055965,0,01,000,00,2,1,16,B01
200700055966,0,33,000,00,2,3,01,A01
200700055966,0,07,000,00,1,3,15,B01
200700055967,0,02,000,00,2,1,01,A01
200700055967,0,07,000,00,2,3,01,B01
200700055968,0,07,000,00,2,1,01,A01
200700055968,0,07,000,00,2,2,01,B01
200700055969,0,01,000,00,2,0,01,A01
200700055969,0,07,000,00,2,3,01,B01
200700055970,0,07,000,00,2,7,15,A01
200700055970,0,02,000,00,2,1,01,B01
200700055971,0,10,000,00,2,2,15,A01
200700055971,0,31,000,00,2,1,01,B01
200700055972,0,02,000,00,2,8,18,A01
200700055972,0,07,000,00,2,7,01,B01
200700055973,0,07,000,00,2,1,14,A01
200700055973,0,02,000,00,2,4,01,B01
200700055974,0,02,000,00,2,8,01,A01
200700055974,0,07,000,00,2,0,15,B01
200700055975,1,07,000,00,2,1,01,A01
200700055975,0,33,000,00,0,4,02,B01
200700055976,0,07,000,00,2,1,01,A01
200700055976,0,07,000,00,2,7,01,B01
200700055977,0,07,000,00,2,2,15,A01
200700055977,0,14,000,00,2,3,01,B01
200700055977,0,07,000,00,2,8,23,C01
200700055978,0,07,000,00,2,0,15,A01
200700055978,0,02,000,00,2,1,01,B01
200700055979,0,07,000,13,5,9,21,A01
200700055980,0,07,000,00,2,3,01,A01
200700055981,0,02,000,00,2,3,01,A01
200700055981,0,07,000,00,1,2,01,B01
200700055982,0,10,000,00,2,3,22,A01
200700055982,0,33,000,01,0,1,21,B01
200700055983,0,07,000,00,2,5,15,A01
200700055983,0,30,000,00,2,1,01,B01
200700055984,0,10,000,00,2,2,10,A01
200700055984,0,33,000,00,2,1,01,B01
200700055985,0,30,000,00,2,0,01,A01
200700055985,1,07,000,00,2,0,01,B01
200700055986,0,31,000,00,2,1,01,A01
200700055986,0,07,000,00,0,3,02,B01
200700055987,0,07,000,00,2,6,16,A01
200700055987,0,31,000,00,2,7,01,B01
200700055988,0,07,000,00,2,8,01,A01
200700055988,0,07,000,00,2,2,01,B01
200700055989,0,07,000,00,2,8,01,A01
200700055989,0,07,000,00,2,1,15,B01
200700055990,0,33,000,00,2,1,02,A01
200700055990,0,07,000,00,0,6,10,B01
200700055991,0,33,000,00,2,4,02,A01
200700055991,0,33,000,00,2,4,02,B01
200700055992,0,07,000,00,2,1,16,A01
200700055992,0,07,000,00,2,4,02,B01
200700055992,0,07,000,00,2,4,02,C01
200700055993,0,01,000,00,2,1,02,A01
200700055993,0,07,000,00,2,4,02,B01
200700055994,0,07,000,00,2,7,10,A01
200700055994,0,33,000,00,2,1,01,B01
200700055995,0,07,000,00,2,3,00,A01
200700055995,0,33,000,00,2,7,02,B01
200700055996,0,07,000,00,2,1,15,A01
200700055996,0,34,000,00,0,0,01,B01
200700055997,0,07,000,00,2,2,01,A01
200700055997,0,02,000,00,0,6,00,B01
200700055998,0,02,000,09,0,1,14,A01
200700055999,0,31,000,01,0,1,13,A01
200700056000,0,07,000,00,1,1,00,A01
200700056001,0,02,000,00,0,0,13,A01
200700056002,1,07,000,00,1,7,01,A01
200700056003,0,07,000,00,2,7,15,A01
200700056003,0,15,000,00,2,1,01,B01
200700056003,0,14,000,00,2,1,23,C01
200700056004,0,30,000,00,2,1,16,A01
200700056004,0,07,000,00,2,1,01,B01
200700056005,0,07,000,00,2,7,15,A01
200700056005,0,15,000,00,2,1,01,B01
200700056006,0,07,000,00,2,4,11,A01
200700056006,0,31,000,00,2,1,01,B01
200700056007,0,07,000,00,2,8,01,B01
200700056007,0,07,000,00,2,1,15,A01
200700056008,0,30,000,13,0,8,13,A01
200700056009,0,07,000,00,2,5,02,B01
200700056009,0,07,000,00,2,3,16,A01
200700056010,0,07,000,00,1,1,15,A01
200700056011,1,07,000,00,2,2,02,A01
200700056011,0,07,000,00,2,8,01,B01
200700056012,0,30,000,12,2,2,05,A01
200700056012,0,07,000,00,2,3,15,B01
200700056013,0,07,000,00,2,1,02,A01
200700056013,0,07,000,00,0,4,01,B01
200700056014,0,07,000,13,0,9,00,A01
200700056015,0,34,000,00,2,7,02,A01
200700056015,0,07,000,00,2,8,14,B01
200700056016,1,07,000,00,2,2,00,A01
200700056016,0,07,000,00,2,2,09,B01
200700056017,0,30,000,00,0,0,02,A01
200700056018,0,07,000,00,1,2,02,A01
200700056019,0,37,000,00,1,0,02,A01
200700056020,0,01,000,00,0,0,00,A01
200700056021,0,07,000,03,2,1,02,A01
200700056021,0,07,000,00,0,4,02,B01
200700056022,0,07,000,00,2,5,21,A01
200700056022,0,33,000,00,2,1,01,B01
200700056023,0,07,000,00,2,8,15,A01
200700056023,0,33,000,00,2,1,21,B01
200700056024,0,07,000,06,0,1,01,A01
200700056025,0,02,000,00,0,0,01,A01
200700056026,0,07,000,00,2,0,00,A01
200700056026,0,01,000,00,2,0,00,B01
200700056027,0,07,000,00,2,4,01,A01
200700056027,0,07,000,00,2,2,02,B01
200700056027,0,07,000,00,2,1,02,C01
200700056027,1,07,000,00,2,0,02,D01
200700056028,0,07,000,00,2,2,11,A01
200700056028,0,30,000,00,2,3,00,B01
200700056029,0,07,000,00,2,1,02,A01
200700056029,0,33,000,00,2,4,02,B01
200700056029,0,07,000,00,2,4,02,C01
200700056030,0,07,000,00,2,3,15,A01
200700056030,0,31,000,00,2,1,01,B01
200700056031,0,02,000,00,0,0,01,A01
200700056032,0,07,000,13,0,7,14,A01
200700056033,0,07,000,00,2,1,01,B01
200700056033,0,01,000,00,0,6,19,A01
200700056034,0,07,000,00,2,1,01,A01
200700056034,0,07,000,00,0,7,01,B01
200700056035,0,07,000,00,0,4,02,A01
200700056035,0,31,000,00,2,1,01,B01
200700056036,0,40,000,00,2,2,01,A01
200700056037,0,07,000,00,2,1,01,B01
200700056037,0,07,000,00,2,1,13,A01
200700056038,0,40,000,00,2,1,01,B01
200700056038,0,07,000,00,0,7,16,A01
200700056039,0,01,000,00,2,1,01,B01
200700056039,0,07,000,00,2,2,15,A01
200700056040,0,33,000,00,2,1,01,A01
200700056040,0,07,000,00,2,1,05,B01
200700056041,1,07,000,00,0,4,02,C01
200700056041,0,07,000,08,2,6,02,B01
200700056041,0,07,000,00,2,2,02,A01
200700056042,0,10,000,00,1,1,01,A01
200700056043,0,07,000,00,2,1,01,B01
200700056043,0,07,000,00,2,8,19,A01
200700056044,0,32,000,12,0,0,01,A01
200700056045,0,07,000,00,2,4,01,B01
200700056045,0,30,000,00,2,1,01,A01
200700056046,0,07,000,00,0,4,01,C01
200700056046,0,07,000,00,2,4,01,B01
200700056046,0,07,000,00,2,1,01,A01
200700056047,0,10,000,00,0,0,11,A01
200700056047,0,02,000,00,2,0,01,B01
200700056048,0,07,000,00,2,3,15,B01
200700056048,0,33,000,00,2,2,08,A01
200700056049,0,33,000,00,2,1,01,B01
200700056049,0,07,000,00,2,2,15,A01
200700056050,0,31,000,00,0,0,21,B01
200700056050,0,07,000,00,0,0,19,A01
200700056051,0,30,000,00,0,4,02,B01
200700056051,0,07,000,00,2,1,02,A01
200700056052,0,07,000,00,2,1,15,A01
200700056052,0,33,000,00,2,7,01,B01
200700056053,0,07,000,00,1,4,04,A01
200700056054,0,32,000,00,2,7,08,A01
200700056054,0,07,000,00,2,1,19,B01
200700056055,0,01,000,00,1,7,00,A01
200700056056,0,33,000,00,2,7,01,A01
200700056056,0,10,000,00,2,1,01,B01
200700056057,1,07,000,00,1,0,00,A01
200700056058,0,33,000,14,0,1,01,A01
200700056059,0,07,000,00,1,4,04,A01
200700056060,0,07,000,00,2,3,15,A01
200700056060,0,01,000,00,2,2,16,B01
200700056061,0,07,000,14,0,1,00,A01
200700056062,0,33,000,00,0,0,02,B01
200700056062,0,07,000,00,0,0,09,A01
200700056063,0,07,000,00,2,1,01,A01
200700056063,0,07,000,00,2,4,23,B01
200700056064,0,07,000,00,2,7,16,A01
200700056064,0,01,000,00,2,1,15,B01
200700056065,0,07,000,00,2,1,02,A01
200700056065,0,07,000,00,0,4,02,B01
200700056066,0,30,000,00,2,1,09,A01
200700056066,0,07,000,00,2,2,01,B01
200700056067,0,07,000,00,9,3,09,A01
200700056067,0,01,000,00,2,8,01,B01
200700056068,0,07,000,00,0,8,01,A01
200700056068,0,02,000,00,2,1,01,B01
200700056069,0,07,000,00,2,1,15,A01
200700056069,0,34,000,00,2,1,02,B01
200700056070,0,07,000,00,2,1,01,B01
200700056070,0,01,000,00,2,1,05,A01
200700056071,0,07,000,00,1,3,01,A01
200700056072,0,07,000,00,2,1,02,A01
200700056072,0,07,000,00,2,4,01,B01
200700056073,0,34,000,00,0,7,21,A01
200700056073,0,07,000,00,0,0,10,B01
200700056074,0,01,000,00,2,9,01,A01
200700056074,0,07,000,00,0,8,01,B01
200700056075,0,07,000,06,0,0,00,A01
200700056076,0,07,000,00,2,3,01,A01
200700056077,0,01,000,00,2,1,02,A01
200700056077,0,07,000,00,2,1,15,B01
200700056078,0,07,000,00,2,7,16,A01
200700056078,0,30,000,00,2,8,01,B01
200700056079,0,31,000,00,2,8,19,A01
200700056079,0,07,000,00,2,3,01,B01
200700056080,0,33,000,00,1,1,17,A01
200700056081,0,07,000,07,0,1,01,A01
200700056082,0,33,000,00,2,2,17,A01
200700056082,0,07,000,00,2,3,01,B01
200700056082,0,07,000,00,2,1,02,C01
200700056082,0,07,000,00,2,1,02,D01
200700056083,0,07,000,00,2,1,02,A01
200700056083,0,07,000,00,0,4,02,B01
200700056084,0,07,000,00,2,3,01,B01
200700056084,0,07,000,00,2,6,15,A01
200700056085,0,02,000,00,2,1,01,A01
200700056085,0,07,000,00,2,3,01,B01
200700056086,0,33,000,00,0,0,17,A01
200700056086,0,07,000,00,0,0,23,B01
200700056087,0,10,000,00,2,3,14,A01
200700056087,0,02,000,00,2,1,01,B01
200700056088,0,07,000,00,1,3,15,A01
200700056089,0,14,000,00,1,3,01,A01
200700056090,0,07,000,15,0,2,14,A01
200700056091,0,31,000,00,2,1,17,B01
200700056091,0,01,000,00,0,1,19,A01
200700056092,0,99,000,00,2,1,01,A01
200700056092,0,07,000,00,2,1,15,B01
200700056093,0,07,000,00,2,8,10,A01
200700056093,0,14,000,00,2,1,01,B01
200700056094,0,07,000,00,1,1,01,A01
200700056095,0,07,000,00,2,0,15,A01
200700056095,0,33,000,00,2,0,01,B01
200700056095,0,07,000,00,2,8,01,C01
200700056096,0,07,000,00,2,1,13,A01
200700056096,0,07,000,00,2,1,01,B01
200700056097,0,07,000,00,2,3,01,B01
200700056097,0,07,000,00,2,1,13,A01
200700056098,0,07,000,00,2,4,02,A01
200700056098,0,02,000,00,2,1,02,B01
200700056099,0,07,000,00,2,1,01,B01
200700056099,2,07,000,00,2,1,15,A01
200700056100,0,15,000,03,0,3,01,A01
200700056101,0,01,000,00,2,0,01,B01
200700056101,0,07,000,00,2,0,19,A01
200700056102,0,30,000,00,0,0,00,A01
200700056103,0,33,000,00,0,0,01,A01
200700056104,0,33,000,00,2,1,02,A01
200700056104,0,10,000,00,2,6,02,B01
200700056105,0,07,000,00,2,3,15,A01
200700056105,0,07,000,00,2,2,01,B01
200700056106,0,07,000,00,2,2,23,A01
200700056106,0,07,000,00,2,3,16,B01
200700056107,0,30,000,14,0,0,17,A01
200700056108,0,07,000,00,2,2,15,A01
200700056108,0,30,000,00,2,4,01,B01
200700056109,0,07,000,00,2,5,01,A01
200700056109,1,07,000,00,2,0,18,B01
200700056110,0,07,000,00,1,4,04,A01
200700056111,0,07,000,00,2,9,14,A01
200700056111,0,13,000,00,2,3,01,B01
200700056112,0,07,000,00,2,1,01,A01
200700056112,0,07,000,00,2,9,01,B01
200700056112,0,07,000,00,2,4,01,C01
200700056113,1,07,000,00,1,0,01,A01
200700056114,1,07,000,00,2,0,00,A01
200700056114,0,07,000,00,2,4,23,B01
200700056115,0,33,000,00,2,9,01,A01
200700056115,0,07,000,00,2,4,01,B01
200700056116,0,07,000,00,2,3,15,A01
200700056116,0,33,000,00,2,9,01,B01
200700056117,0,07,000,00,1,1,01,A01
200700056118,0,07,000,00,2,2,16,A01
200700056118,0,30,000,00,2,1,01,B01
200700056119,0,10,000,00,2,2,15,A01
200700056119,0,02,000,00,2,1,01,B01
200700056120,0,07,000,00,2,1,15,A01
200700056120,0,07,000,00,2,3,01,B01
200700056121,0,07,000,00,2,3,01,B01
200700056121,0,01,000,00,2,0,01,A01
200700056122,0,07,000,00,2,8,01,B01
200700056122,0,02,000,00,2,1,01,A01
200700056123,0,10,000,00,2,2,01,A01
200700056123,0,07,000,00,2,6,16,B01
200700056124,1,07,000,00,2,0,16,A01
200700056124,0,01,000,00,2,0,01,B01
200700056125,1,30,000,00,2,0,00,A01
200700056125,0,01,000,00,2,9,01,B01
200700056125,0,07,000,00,2,2,17,C01
200700056126,0,07,000,00,2,7,15,A01
200700056126,0,01,000,00,2,0,01,B01
200700056127,0,37,000,00,1,2,01,A01
200700056128,0,30,000,00,0,0,00,A01
200700056129,0,07,000,00,2,1,01,A01
200700056129,0,02,000,00,2,1,01,B01
200700056130,0,37,000,00,1,3,01,A01
200700056131,0,07,000,00,2,1,01,A01
200700056131,0,02,000,00,2,1,15,B01
200700056132,0,33,000,00,2,1,00,A01
200700056132,0,07,000,00,2,8,00,B01
200700056133,0,07,000,00,2,1,00,A01
200700056133,0,07,000,00,2,9,00,B01
200700056133,0,07,000,00,2,1,00,C01
200700056134,0,07,000,00,2,8,00,B01
200700056134,0,07,000,00,2,3,00,A01
200700056135,0,07,000,00,2,7,15,A01
200700056135,0,07,000,00,2,1,01,B01
200700056136,0,30,000,00,2,9,01,A01
200700056136,0,07,000,00,2,1,15,B01
200700056137,0,30,000,00,0,9,00,A01
200700056138,0,07,000,00,1,2,01,A01
200700056139,0,37,001,00,2,8,11,A01
200700056139,0,01,000,00,2,2,01,B01
200700056140,0,07,000,05,0,8,00,A01
200700056141,0,30,000,00,2,1,01,A01
200700056141,0,07,000,00,2,5,01,B01
200700056142,0,07,000,00,2,6,15,A01
200700056142,0,33,000,00,2,1,01,B01
200700056143,0,07,000,00,2,3,10,A01
200700056143,0,07,000,00,2,3,01,B01
200700056144,0,07,000,00,2,1,01,A01
200700056144,0,07,000,00,2,9,01,B01
200700056144,0,07,000,00,2,4,01,C01
200700056145,0,07,000,00,2,8,01,A01
200700056145,0,31,000,00,2,1,01,B01
200700056146,0,07,000,00,1,6,04,A01
200700056147,0,33,000,00,2,1,01,A01
200700056147,0,07,000,00,2,8,09,B01
200700056148,0,07,000,00,2,1,02,A01
200700056148,0,30,000,00,2,8,09,B01
200700056149,0,07,000,00,2,1,02,A01
200700056149,0,07,000,00,2,4,23,B01
200700056149,0,07,000,00,2,4,23,C01
200700056150,0,07,000,00,2,1,01,B01
200700056150,0,01,000,00,2,1,01,A01
200700056151,0,07,000,00,2,4,23,C01
200700056151,0,07,000,00,2,4,23,D01
200700056151,0,07,000,00,2,1,01,A01
200700056151,0,07,000,00,2,4,23,B01
200700056152,0,07,000,00,2,3,02,B01
200700056152,0,07,000,00,2,2,01,A01
200700056153,0,07,000,00,2,8,10,A01
200700056153,0,02,000,00,2,1,01,B01
200700056154,0,07,000,00,2,2,15,A01
200700056154,0,02,000,00,2,1,18,B01
200700056155,0,07,000,00,0,0,14,A01
200700056156,0,07,000,00,1,1,01,A01
200700056157,0,07,000,00,2,3,09,A01
200700056157,0,02,000,00,2,1,01,B01
200700056158,0,02,000,00,0,0,01,A01
200700056159,0,02,000,00,0,0,01,A01
200700056160,0,30,000,00,2,2,02,A01
200700056160,0,30,000,00,2,3,15,B01
200700056161,0,07,000,00,2,2,15,A01
200700056161,0,01,000,00,2,1,01,B01
200700056162,0,30,000,00,0,0,00,A01
200700056163,0,07,000,00,2,6,01,B01
200700056163,0,02,000,00,2,2,01,A01
200700056164,0,07,000,00,2,3,01,A01
200700056164,0,07,000,00,2,6,15,B01
200700056165,0,07,000,00,0,0,01,A01
200700056166,0,07,000,00,2,1,01,A01
200700056166,0,07,000,00,2,9,01,B01
200700056166,0,07,000,00,1,4,01,C01
200700056167,0,07,000,11,0,3,15,A01
200700056168,0,07,000,01,0,1,01,A01
200700056169,0,33,000,00,2,1,01,A01
200700056169,0,07,000,00,2,7,16,B01
200700056170,0,02,000,00,2,1,02,A01
200700056170,0,07,000,00,2,4,15,B01
200700056171,0,07,000,00,2,7,01,A01
200700056171,0,07,000,00,2,1,01,B01
200700056172,0,07,000,00,2,1,01,A01
200700056172,0,07,000,00,2,4,01,B01
200700056172,0,07,000,00,2,4,01,C01
200700056172,0,07,000,00,0,4,01,D01
200700056173,0,07,000,00,2,6,19,A01
200700056173,0,33,000,00,2,1,17,B01
200700056174,0,02,000,01,0,7,00,A01
200700056175,0,10,000,00,2,1,01,A01
200700056175,0,01,000,00,2,7,19,B01
200700056176,0,07,000,00,1,2,01,A01
200700056177,0,07,000,00,1,1,15,A01
200700056178,0,07,000,00,2,6,04,A01
200700056178,0,31,000,00,2,1,01,B01
200700056179,0,07,000,00,2,3,09,A01
200700056179,0,31,000,00,2,1,01,B01
200700056180,0,07,000,00,2,2,15,A01
200700056180,0,34,000,00,2,1,01,B01
200700056181,0,07,000,00,2,2,01,A01
200700056181,0,01,000,00,0,0,01,B01
200700056182,0,30,000,00,0,7,24,A01
200700056182,1,07,000,01,0,3,16,B01
200700056183,0,07,000,00,2,1,01,A01
200700056183,0,07,000,00,2,4,01,B01
200700056184,0,01,000,00,2,7,01,A01
200700056184,0,07,000,00,2,1,16,B01
200700056185,0,33,000,00,2,3,18,A01
200700056185,1,07,000,00,2,5,12,B01
200700056186,0,37,024,00,2,1,16,A01
200700056186,0,07,000,00,2,3,16,B01
200700056186,0,07,000,00,2,4,16,C01
200700056187,0,07,000,00,2,3,01,B01
200700056187,0,01,000,00,2,4,01,A01
200700056188,0,07,000,00,1,1,01,A01
200700056189,0,01,000,00,2,1,01,A01
200700056189,0,07,000,00,2,4,23,B01
200700056190,0,33,000,00,0,7,01,A01
200700056191,0,07,000,00,2,2,01,A01
200700056191,0,30,000,00,2,1,05,B01
200700056192,0,07,000,00,2,2,01,A01
200700056192,0,01,000,00,2,1,09,B01
200700056193,0,07,000,00,2,7,01,A01
200700056193,0,01,000,00,2,1,01,B01
200700056194,0,01,000,00,2,7,01,A01
200700056194,1,07,000,00,2,2,15,B01
200700056195,0,10,000,00,1,1,15,A01
200700056196,0,07,000,04,2,2,09,A01
200700056196,0,13,000,00,2,2,02,B01
200700056197,0,07,000,00,2,8,09,A01
200700056197,0,07,000,00,2,1,01,B01
200700056198,0,07,000,00,2,8,23,A01
200700056198,0,10,000,15,2,2,14,B01
200700056199,0,07,000,00,2,1,01,A01
200700056199,0,07,000,00,2,4,01,B01
200700056200,0,10,000,00,2,3,15,A01
200700056200,0,30,000,00,2,1,17,B01
200700056201,0,30,000,00,2,1,01,A01
200700056201,0,07,000,00,2,2,16,B01
200700056202,0,07,000,00,2,3,15,A01
200700056202,0,32,000,00,2,1,01,B01
200700056203,0,03,000,01,0,1,01,A01
200700056204,0,07,000,00,2,2,15,A01
200700056204,0,01,000,01,2,4,01,B01
200700056205,0,07,000,00,2,2,15,A01
200700056205,0,34,000,00,2,1,01,B01
200700056206,0,32,000,00,2,1,18,A01
200700056206,0,07,000,00,2,2,16,B01
200700056207,0,01,000,00,2,1,01,A01
200700056207,0,07,000,00,2,3,01,B01
200700056208,0,07,000,00,1,1,01,A01
200700056209,0,07,000,00,2,2,23,A01
200700056209,0,01,000,01,0,1,01,B01
200700056210,0,07,000,00,2,1,15,A01
200700056210,0,07,000,00,2,3,01,B01
200700056211,0,07,000,00,1,1,01,A01
200700056212,0,10,000,00,1,4,04,A01
200700056213,0,07,000,00,1,3,01,A01
200700056214,0,40,000,00,1,2,01,A01
200700056215,0,07,000,00,2,1,01,A01
200700056215,0,07,000,00,2,3,01,B01
200700056216,0,02,000,00,2,8,00,A01
200700056216,0,07,000,00,2,1,15,B01
200700056217,0,07,000,00,1,1,01,A01
200700056218,0,07,000,00,2,7,00,A01
200700056218,0,05,000,00,2,9,00,B01
200700056219,0,07,000,00,1,2,16,A01
200700056220,0,07,000,00,2,1,01,A01
200700056220,0,07,000,00,2,3,17,B01
200700056221,0,07,000,00,0,3,01,A01
200700056222,0,07,000,08,2,1,01,A01
200700056222,0,07,000,00,2,2,01,B01
200700056223,0,07,000,00,2,2,13,A01
200700056223,0,07,000,00,2,1,01,B01
200700056224,0,07,000,00,2,3,00,B01
200700056224,0,07,000,00,2,3,15,A01
200700056225,0,02,000,00,2,1,19,B01
200700056225,0,07,000,00,2,3,19,A01
200700056226,0,07,000,00,1,1,16,A01
200700056227,0,07,000,00,2,3,15,A01
200700056227,0,02,000,00,2,1,01,B01
200700056228,0,02,000,00,2,1,01,A01
200700056228,0,10,000,00,2,2,00,B01
200700056229,0,07,000,00,1,8,02,A01
200700056230,0,07,000,00,9,3,15,A01
200700056230,0,01,000,00,2,1,01,B01
200700056231,1,31,000,00,1,2,01,A01
200700056232,0,07,000,00,2,2,17,A01
200700056232,0,01,000,00,2,8,15,B01
200700056233,0,02,000,00,1,1,01,A01
200700056234,0,07,000,00,2,7,01,A01
200700056234,0,02,000,00,2,8,01,B01
200700056235,0,10,000,00,2,2,02,A01
200700056235,0,07,000,00,2,8,11,B01
200700056236,0,07,000,00,2,8,15,A01
200700056236,0,33,000,00,2,1,17,B01
200700056237,0,07,000,00,2,0,01,A01