Num_Acc,senc,catv,occutc,obs,obsm,choc,manv,num_veh
200700056237,0,01,000,00,2,7,01,B01
200700056238,0,07,000,00,2,2,01,A01
200700056238,0,07,000,00,2,8,01,B01
200700056239,0,07,000,00,1,2,01,A01
200700056240,0,07,000,04,0,1,01,A01
200700056241,0,02,000,01,0,1,01,A01
200700056241,0,07,000,00,2,2,24,B01
200700056242,0,07,000,01,2,5,15,B01
200700056242,0,02,000,00,2,1,01,A01
200700056243,0,07,000,00,1,1,01,A01
200700056244,0,07,000,00,9,1,01,A01
200700056244,0,02,000,00,2,1,03,B01
200700056245,0,37,001,00,2,4,01,A01
200700056245,0,07,000,00,2,4,02,B01
200700056246,0,07,000,00,2,2,01,A01
200700056246,0,37,001,00,2,6,00,B01
200700056247,0,02,000,00,1,1,17,A01
200700056248,0,07,000,00,2,3,01,A01
200700056248,0,07,000,00,2,3,01,B01
200700056249,0,07,000,00,1,7,01,A01
200700056250,0,07,000,00,2,1,00,B01
200700056250,0,07,000,00,2,2,13,A01
200700056251,0,01,000,00,0,0,01,A01
200700056252,0,10,000,00,2,6,02,B01
200700056252,0,33,000,00,2,1,02,A01
200700056253,0,07,000,00,2,1,00,B01
200700056253,0,07,000,00,5,7,09,A01
200700056254,0,07,000,00,2,4,01,B01
200700056254,0,31,000,00,2,1,01,A01
200700056255,0,07,000,00,2,1,02,A01
200700056255,0,07,000,06,2,4,02,B01
200700056256,0,07,000,03,0,1,01,A01
200700056257,0,07,000,15,0,1,00,A01
200700056258,0,07,000,00,0,0,01,A01
200700056259,0,07,000,13,0,1,00,A01
200700056260,0,07,000,13,0,1,01,A01
200700056261,0,30,000,00,2,1,01,A01
200700056261,0,07,000,00,0,3,15,B01
200700056262,0,07,000,00,2,1,01,A01
200700056262,0,07,000,00,0,4,23,B01
200700056263,0,07,000,00,2,1,06,A01
200700056263,0,38,001,00,2,3,01,B01
200700056264,0,07,000,00,2,7,01,B01
200700056264,0,01,000,00,2,1,01,A01
200700056265,0,07,000,00,2,3,09,A01
200700056265,0,02,000,00,2,1,01,B01
200700056266,0,07,000,00,1,1,01,A01
200700056267,0,02,000,00,2,3,19,B01
200700056267,0,07,000,00,2,1,01,A01
200700056268,0,07,000,00,1,1,01,A01
200700056269,0,07,000,00,2,1,01,A01
200700056269,0,07,000,00,2,4,23,B01
200700056270,0,07,000,00,2,5,16,A01
200700056270,0,02,000,00,2,3,18,B01
200700056271,0,07,000,00,2,2,01,A01
200700056271,0,07,000,00,2,1,09,B01
200700056272,0,01,000,01,0,1,01,B01
200700056273,0,07,000,00,2,3,15,A01
200700056273,0,02,000,00,2,7,17,B01
200700056274,0,07,000,00,2,8,15,A01
200700056274,0,33,000,00,2,1,01,B01
200700056275,0,30,000,11,0,1,01,A01
200700056276,0,30,000,00,2,1,01,A01
200700056277,0,02,000,00,2,1,01,A01
200700056277,0,07,000,00,2,3,01,B01
200700056278,0,07,000,00,1,1,01,A01
200700056279,0,07,000,00,2,1,13,A01
200700056279,0,30,000,00,2,1,01,B01
200700056280,0,07,000,00,2,1,01,A01
200700056280,0,07,000,00,2,1,20,B01
200700056281,0,07,000,00,1,1,15,A01
200700056282,0,07,000,01,2,3,22,A01
200700056282,0,01,000,00,2,3,01,B01
200700056283,0,07,000,00,2,3,13,A01
200700056283,0,07,000,00,2,3,01,B01
200700056284,0,07,000,00,2,3,17,A01
200700056284,0,07,000,00,2,3,01,B01
200700056285,0,07,000,00,2,9,01,A01
200700056286,0,07,000,00,2,1,10,A01
200700056286,0,07,000,00,2,1,01,B01
200700056287,0,02,000,00,1,1,01,A01
200700056288,0,07,000,00,1,1,01,A01
200700056289,0,33,000,00,2,1,01,A01
200700056289,0,07,000,00,2,4,01,B01
200700056290,0,07,000,00,2,1,01,A01
200700056290,0,07,000,00,2,4,23,B01
200700056290,0,07,000,00,2,4,23,C01
200700056290,0,07,000,00,2,4,23,D01
200700056291,0,31,000,00,2,7,01,B01
200700056291,0,07,000,00,9,1,00,A01
200700056292,0,02,000,00,2,1,16,B01
200700056292,0,07,000,00,2,7,01,A01
200700056293,0,07,000,00,1,2,01,A01
200700056294,0,07,000,00,2,1,02,A01
200700056294,0,07,000,00,0,4,02,B01
200700056295,0,07,000,00,2,3,01,A01
200700056295,0,04,000,00,2,1,13,B01
200700056296,0,07,000,00,2,1,01,A01
200700056296,0,07,000,00,2,2,01,B01
200700056297,0,07,000,00,2,3,15,A01
200700056297,0,05,000,00,2,3,01,B01
200700056298,0,07,000,00,2,3,01,A01
200700056298,0,07,000,00,2,3,15,B01
200700056299,0,07,000,00,1,3,15,A01
200700056300,0,07,000,00,2,8,24,A01
200700056300,0,01,000,01,0,1,01,B01
200700056301,0,18,001,00,2,3,15,A01
200700056301,0,07,000,00,2,8,01,B01
200700056302,0,07,000,00,2,7,10,A01
200700056302,0,07,000,00,2,1,01,B01
200700056303,0,07,000,00,2,7,21,B01
200700056303,0,01,000,00,2,1,05,A01
200700056304,0,04,000,00,2,3,00,A01
200700056304,0,07,000,00,2,2,01,B01
200700056305,0,07,000,00,2,1,02,A01
200700056305,0,07,000,00,0,4,02,B01
200700056306,0,07,000,00,2,3,01,A01
200700056306,0,18,000,00,0,5,23,B01
200700056307,0,07,000,00,0,2,02,A01
200700056307,0,07,000,00,2,6,01,B01
200700056308,0,07,000,00,2,1,13,A01
200700056308,0,10,000,00,2,2,21,B01
200700056309,0,10,000,00,1,5,04,A01
200700056310,0,07,000,00,2,2,02,A01
200700056310,0,07,000,00,0,6,02,B01
200700056311,0,07,000,00,2,1,02,A01
200700056311,0,07,000,00,2,6,02,B01
200700056311,0,07,000,00,2,5,15,C01
200700056312,0,07,000,00,2,2,01,A01
200700056312,0,07,000,00,2,3,01,B01
200700056313,0,07,000,00,1,2,01,A01
200700056314,0,10,000,00,2,1,01,A01
200700056314,0,07,000,00,2,3,15,B01
200700056315,0,07,000,00,2,1,17,A01
200700056315,0,07,000,00,0,1,14,B01
200700056316,0,07,000,00,2,2,01,A01
200700056316,0,10,000,00,2,1,02,B01
200700056317,0,07,000,00,2,2,01,B01
200700056317,0,07,000,00,2,3,15,A01
200700056318,0,02,000,00,2,1,17,A01
200700056318,0,07,000,00,2,1,01,B01
200700056319,0,30,000,11,0,1,17,A01
200700056320,0,07,000,00,1,3,15,A01
200700056321,0,07,000,00,1,1,00,A01
200700056322,0,07,000,00,2,2,23,A01
200700056322,0,02,000,00,2,1,01,B01
200700056323,0,07,000,00,1,1,01,A01
200700056324,0,07,000,00,2,1,05,A01
200700056324,0,02,000,00,2,1,01,B01
200700056325,0,31,000,00,2,1,16,A01
200700056325,0,07,000,00,9,2,16,B01
200700056326,0,07,000,00,2,6,09,A01
200700056326,0,01,000,00,2,4,01,B01
200700056327,0,07,000,03,0,8,01,A01
200700056328,0,01,000,00,2,1,01,A01
200700056328,0,07,000,00,2,4,01,B01
200700056329,0,07,000,00,1,1,01,A01
200700056330,0,07,000,00,1,1,01,A01
200700056331,0,33,000,00,2,1,17,A01
200700056331,0,07,000,00,2,6,15,B01
200700056332,0,07,000,01,1,3,15,A01
200700056333,1,07,000,00,2,7,15,A01
200700056333,0,02,000,00,2,1,01,B01
200700056334,0,01,000,00,2,3,19,A01
200700056334,0,10,000,00,2,2,01,B01
200700056335,0,07,000,00,2,2,17,A01
200700056335,0,07,000,00,2,3,15,B01
200700056335,0,07,000,00,2,3,00,C01
200700056335,0,07,000,00,2,5,00,D01
200700056335,0,07,000,00,2,3,00,E01
200700056336,0,07,000,00,1,2,01,A01
200700056337,0,07,000,00,2,3,02,A01
200700056337,0,07,000,00,2,3,02,B01
200700056338,0,07,000,00,1,3,01,A01
200700056339,0,07,000,00,2,1,05,A01
200700056339,0,33,000,00,2,0,01,B01
200700056340,0,07,000,00,2,1,02,A01
200700056340,0,07,000,00,0,4,02,B01
200700056340,0,07,000,00,0,4,02,C01
200700056341,0,02,000,00,2,1,01,A01
200700056341,0,02,000,00,2,1,00,B01
200700056342,0,01,000,00,2,7,01,A01
200700056342,0,10,000,00,2,1,01,B01
200700056343,0,07,000,00,1,1,01,B01
200700056344,0,07,000,08,0,9,01,A01
200700056345,0,07,000,08,0,9,00,A01
200700056346,0,07,000,00,2,0,01,A01
200700056346,0,01,000,00,2,8,15,B01
200700056347,0,33,000,00,2,1,17,A01
200700056347,0,07,000,00,2,3,15,B01
200700056348,0,13,000,00,2,1,02,A01
200700056348,0,07,000,00,2,4,02,B01
200700056349,0,07,000,00,2,1,02,A01
200700056349,0,10,000,00,2,4,01,B01
200700056349,0,10,000,00,2,4,01,C01
200700056349,0,07,000,00,2,4,02,D01
200700056349,0,14,000,00,2,4,01,E01
200700056350,0,07,000,00,2,3,15,A01
200700056350,0,33,000,00,2,2,17,B01
200700056351,0,07,000,00,2,1,19,A01
200700056351,0,33,000,01,2,7,01,B01
200700056351,0,33,000,00,2,7,01,C01
200700056352,0,10,000,09,0,1,01,A01
200700056353,0,07,000,00,2,1,01,A01
200700056353,0,01,000,00,2,4,01,B01
200700056354,0,07,000,01,2,8,00,A01
200700056354,0,02,000,00,0,0,00,B01
200700056355,2,07,000,00,2,1,01,A01
200700056355,0,07,000,00,0,2,01,B01
200700056356,0,07,000,00,1,1,01,A01
200700056357,0,07,000,06,2,1,01,B01
200700056357,0,07,000,00,2,1,01,A01
200700056358,0,07,000,00,1,3,01,A01
200700056359,0,31,000,00,2,1,01,A01
200700056359,0,07,000,00,2,7,19,B01
200700056360,0,02,000,00,2,1,01,A01
200700056360,0,07,000,00,2,6,00,B01
200700056361,0,07,000,00,2,1,01,A01
200700056361,0,07,000,00,0,0,01,B01
200700056362,0,01,000,00,2,1,01,A01
200700056362,0,07,000,00,2,6,01,B01
200700056363,0,33,000,00,2,0,17,A01
200700056363,0,07,000,00,2,8,15,B01
200700056364,0,07,000,00,2,8,13,A01
200700056364,0,15,000,00,2,1,01,B01
200700056365,0,02,000,00,1,1,01,A01
200700056366,0,07,000,00,2,5,15,A01
200700056366,0,02,000,00,2,1,01,B01
200700056367,0,07,000,00,2,1,09,A01
200700056367,0,33,000,00,2,0,01,B01
200700056368,0,07,000,00,1,4,04,A01
200700056369,0,07,000,00,2,5,15,A01
200700056369,0,02,000,00,2,1,02,B01
200700056370,0,07,000,00,1,2,15,A01
200700056371,0,07,000,00,1,3,01,A01
200700056372,0,07,000,00,2,1,01,A01
200700056372,0,07,000,00,1,4,23,B01
200700056373,0,02,000,00,1,1,01,A01
200700056374,0,07,000,00,2,1,01,A01
200700056374,0,07,000,00,0,4,23,B01
200700056374,0,07,000,00,0,4,23,C01
200700056375,0,02,000,00,2,3,01,A01
200700056375,0,07,000,00,2,2,01,B01
200700056376,0,07,000,00,1,2,01,A01
200700056377,0,02,000,00,2,1,00,A01
200700056377,0,07,000,00,2,6,00,B01
200700056378,0,14,000,00,2,2,16,A01
200700056378,0,02,000,00,0,3,01,B01
200700056379,0,14,000,00,2,1,01,A01
200700056379,0,14,000,00,0,4,01,B01
200700056380,0,01,000,00,2,0,01,A01
200700056381,1,99,000,00,1,0,17,A01
200700056382,0,07,000,00,1,1,01,A01
200700056383,0,07,000,00,1,1,02,A01
200700056384,0,02,000,00,2,1,01,A01
200700056384,0,07,000,00,2,4,01,B01
200700056385,0,07,000,00,2,3,09,A01
200700056385,0,01,000,00,2,5,01,B01
200700056386,0,07,000,00,2,2,15,A01
200700056386,0,07,000,00,2,3,01,B01
200700056387,0,30,000,00,2,1,13,A01
200700056387,0,07,000,00,2,3,01,B01
200700056388,0,07,000,00,2,7,15,A01
200700056388,0,33,000,00,2,2,01,B01
200700056389,0,02,000,00,2,8,01,B01
200700056389,1,07,000,00,2,7,02,A01
200700056390,0,30,000,00,2,3,17,A01
200700056390,0,07,000,00,2,4,01,B01
200700056391,1,07,000,00,2,1,00,A01
200700056391,0,31,000,00,2,0,00,B01
200700056392,1,07,000,00,0,0,05,A01
200700056392,0,30,000,00,0,0,01,B01
200700056393,0,02,000,00,2,9,01,A01
200700056393,1,07,000,00,2,5,01,B01
200700056394,0,30,000,00,2,3,17,A01
200700056394,0,07,000,00,2,6,01,B01
200700056395,0,07,000,00,2,3,20,A01
200700056395,0,30,000,01,0,5,01,B01
200700056396,0,07,000,00,1,1,01,A01
200700056397,0,33,000,00,9,1,17,A01
200700056397,0,33,000,00,9,1,17,B01
200700056398,0,07,000,00,2,2,16,A01
200700056398,0,01,000,00,2,8,15,B01
200700056399,0,07,000,00,2,8,01,B01
200700056399,0,33,000,00,0,1,01,A01
200700056400,0,07,000,00,2,1,15,A01
200700056400,0,07,000,00,2,1,01,B01
200700056401,0,07,000,00,1,2,01,A01
200700056402,0,07,000,00,2,1,01,A01
200700056402,0,07,000,00,2,4,01,B01
200700056403,0,07,000,00,2,1,13,A01
200700056403,0,07,000,00,2,3,01,B01
200700056403,0,07,000,00,2,1,01,C01
200700056404,0,38,001,04,2,2,11,A01
200700056404,0,99,000,04,0,1,01,B01
200700056405,0,01,000,00,1,1,01,A01
200700056406,0,01,000,00,2,8,01,A01
200700056406,0,07,000,00,9,2,16,B01
200700056407,0,07,000,01,0,1,01,A01
200700056407,0,07,000,01,0,4,23,B01
200700056407,0,07,000,01,0,4,23,C01
200700056408,0,07,000,00,2,1,15,A01
200700056408,0,02,000,00,2,1,01,B01
200700056409,0,07,000,00,1,1,00,A01
200700056410,0,40,000,00,1,7,00,A01
200700056411,0,10,000,00,0,0,00,A01
200700056412,0,02,000,00,2,0,00,A01
200700056412,0,37,000,00,1,0,23,B01
200700056413,0,01,000,00,0,0,00,A01
200700056413,0,10,000,00,2,4,00,B01
200700056414,0,10,000,00,2,8,00,B01
200700056414,0,10,000,00,2,3,00,A01
200700056415,0,33,000,00,2,0,00,A01
200700056415,0,01,000,00,2,0,00,B01
200700056416,0,01,000,00,2,1,00,A01
200700056416,0,10,000,00,2,7,00,B01
200700056417,0,01,000,00,2,0,00,A01
200700056417,0,10,000,00,2,3,00,B01
200700056418,0,31,000,00,2,0,00,A01
200700056418,0,10,000,00,2,0,00,B01
200700056419,0,10,000,00,0,1,00,A01
200700056419,0,10,000,00,2,7,00,B01
200700056420,0,10,000,00,2,3,00,A01
200700056420,0,13,000,00,2,0,00,B01
200700056421,0,10,000,00,1,1,15,A01
200700056422,0,33,000,00,2,1,00,A01
200700056422,0,10,000,00,2,4,00,B01
200700056423,0,10,000,00,4,2,16,A01
200700056423,0,40,000,00,2,1,01,B01
200700056424,0,07,000,00,2,6,01,B01
200700056424,0,01,000,00,2,1,12,A01
200700056425,0,10,000,00,2,8,14,A01
200700056425,0,02,000,00,2,1,01,B01
200700056426,0,07,000,00,1,1,01,A01
200700056427,0,07,000,00,2,1,01,A01
200700056427,0,07,000,00,2,4,23,B01
200700056427,0,07,000,00,2,4,23,C01
200700056428,0,01,000,00,2,1,01,A01
200700056428,0,07,000,00,9,4,23,B01
200700056429,0,07,000,00,2,1,01,A01
200700056429,0,07,000,00,0,4,01,B01
200700056430,0,07,000,00,2,1,01,A01
200700056430,0,07,000,00,1,4,01,B01
200700056431,0,02,000,00,9,1,01,A01
200700056431,0,01,000,00,2,1,16,B01
200700056432,0,02,000,00,2,1,01,A01
200700056432,0,07,000,00,2,4,01,B01
200700056433,0,01,000,00,2,8,05,A01
200700056433,0,07,000,00,2,1,01,B01
200700056434,0,07,000,00,1,7,01,A01
200700056435,0,07,000,00,1,5,01,A01
200700056436,0,07,000,00,2,3,01,B01
200700056436,1,07,000,00,2,1,15,A01
200700056437,0,07,000,00,2,2,16,B01
200700056437,0,02,000,00,2,1,18,A01
200700056438,0,07,000,00,2,5,15,A01
200700056438,0,01,000,00,1,1,01,B01
200700056439,0,32,000,00,2,8,01,A01
200700056439,0,07,000,00,2,7,17,B01
200700056440,0,33,000,00,2,7,01,A01
200700056440,0,07,000,00,2,7,15,B01
200700056441,0,02,000,00,2,7,17,A01
200700056441,0,07,000,00,2,8,15,B01
200700056442,0,07,000,00,2,1,13,A01
200700056442,0,07,000,00,2,3,01,B01
200700056443,0,02,000,00,2,1,01,B01
200700056443,0,07,000,00,2,3,15,A01
200700056444,0,02,000,00,1,1,01,A01
200700056445,0,01,000,00,9,1,02,A01
200700056445,0,10,000,00,0,2,02,B01
200700056446,0,07,000,00,2,3,01,A01
200700056446,0,30,000,00,2,1,01,B01
200700056447,0,07,000,00,1,1,02,A01
200700056448,0,07,000,02,0,1,01,A01
200700056449,0,07,000,00,2,1,13,A01
200700056449,0,07,000,00,2,1,00,B01
200700056449,0,07,000,00,2,1,02,C01
200700056450,0,01,000,00,9,0,01,A01
200700056450,0,01,000,00,9,0,01,B01
200700056451,0,07,000,00,2,1,01,A01
200700056451,0,07,000,00,2,4,01,B01
200700056451,0,07,000,00,2,4,01,C01
200700056452,0,07,000,00,2,3,09,A01
200700056452,0,07,000,00,2,1,01,B01
200700056453,0,02,000,00,0,8,01,A01
200700056454,0,01,000,01,0,3,02,A01
200700056454,0,07,000,00,0,3,00,B01
200700056455,0,07,000,00,2,6,15,A01
200700056455,0,33,000,00,2,1,01,B01
200700056456,0,07,000,00,2,1,01,A01
200700056456,0,15,000,00,2,1,01,B01
200700056457,0,07,000,00,0,6,09,A01
200700056457,0,07,000,00,2,2,01,B01
200700056458,0,01,000,12,0,0,14,A01
200700056459,0,02,000,00,2,1,17,A01
200700056459,0,07,000,00,2,3,15,B01
200700056460,0,30,000,01,0,0,01,A01
200700056461,0,02,000,00,2,1,02,A01
200700056461,0,07,000,00,2,4,02,B01
200700056462,0,07,000,00,2,2,16,A01
200700056462,0,02,000,00,2,1,01,B01
200700056463,0,07,000,00,2,6,20,A01
200700056463,0,02,000,01,2,1,17,B01
200700056464,0,07,000,00,2,2,15,A01
200700056464,0,30,000,00,2,1,01,B01
200700056465,0,02,000,01,0,7,01,A01
200700056466,0,30,000,00,2,1,02,A01
200700056466,0,07,000,00,2,5,02,B01
200700056467,1,07,000,00,1,0,00,A01
200700056468,0,07,000,00,0,0,01,A01
200700056469,0,33,000,00,0,2,01,A01
200700056470,0,01,000,00,0,0,01,A01
200700056471,0,07,000,00,1,1,01,A01
200700056472,0,07,000,00,2,5,15,A01
200700056472,0,37,002,00,2,1,01,B01
200700056473,0,01,000,00,2,0,19,A01
200700056473,0,07,000,00,2,3,15,B01
200700056474,0,30,000,00,0,8,01,A01
200700056475,0,10,000,00,2,0,16,A01
200700056475,0,01,000,00,2,0,02,B01
200700056476,0,30,000,00,2,7,16,B01
200700056476,0,10,000,00,2,8,09,A01
200700056477,0,30,000,00,2,7,01,B01
200700056477,0,07,000,00,2,0,09,A01
200700056478,0,07,000,00,2,1,02,A01
200700056478,0,07,000,00,2,4,02,B01
200700056479,0,33,000,02,0,1,01,A01
200700056480,0,07,000,00,2,1,09,A01
200700056480,0,02,000,00,2,4,16,B01
200700056481,0,07,000,00,2,1,02,A01
200700056481,0,07,000,01,2,4,02,B01
200700056481,0,07,000,00,2,4,02,C01
200700056482,0,07,000,06,0,1,01,A01
200700056483,0,07,000,13,0,9,01,A01
200700056484,0,30,000,00,0,0,01,A01
200700056485,0,07,000,00,2,1,09,A01
200700056485,0,99,000,01,2,1,01,B01
200700056486,0,02,000,00,0,0,01,A01
200700056487,0,07,000,00,2,5,16,A01
200700056487,0,37,003,00,2,1,01,B01
200700056488,0,30,000,00,0,8,01,A01
200700056489,0,07,000,00,2,5,15,A01
200700056489,0,07,000,00,2,2,01,B01
200700056490,0,07,000,00,1,1,01,A01
200700056491,0,30,000,00,0,0,01,A01
200700056492,0,01,000,00,2,4,15,A01
200700056492,0,07,000,00,2,1,01,B01
200700056493,0,30,000,00,0,7,01,A01
200700056494,0,07,000,03,0,9,01,A01
200700056495,0,30,000,00,0,8,01,A01
200700056496,0,01,000,00,0,0,01,A01
200700056497,0,30,000,00,0,1,01,A01
200700056498,0,07,000,00,2,8,01,A01
200700056498,0,31,000,00,2,1,01,B01
200700056499,0,07,000,00,2,8,10,A01
200700056499,0,07,000,00,2,1,01,B01
200700056500,0,10,000,00,2,1,15,A01
200700056500,0,33,000,00,2,1,01,B01
200700056501,0,30,000,00,1,1,01,A01
200700056502,1,07,000,00,2,0,01,A01
200700056502,0,30,000,00,2,8,01,B01
200700056503,0,37,001,00,1,3,01,A01
200700056504,0,33,000,07,0,1,01,A01
200700056505,0,30,000,00,2,1,01,A01
200700056505,0,07,000,00,2,3,01,B01
200700056506,0,07,000,13,0,1,01,A01
200700056507,0,33,000,00,2,1,17,A01
200700056507,0,07,000,00,2,8,15,B01
200700056508,0,30,000,00,2,7,01,B01
200700056508,0,07,000,00,2,3,09,A01
200700056509,0,33,000,00,2,1,01,A01
200700056509,0,15,000,00,2,3,01,B01
200700056510,0,07,000,00,2,2,01,B01
200700056510,0,07,000,00,2,2,10,A01
200700056511,2,07,000,00,1,1,01,A01
200700056512,0,30,000,00,2,5,01,B01
200700056512,0,07,000,00,0,8,11,A01
200700056513,0,07,000,00,1,1,00,A01
200700056514,0,07,000,00,1,4,04,A01
200700056515,0,32,000,00,2,1,02,A01
200700056515,0,07,000,00,2,4,23,B01
200700056516,0,30,000,00,2,1,01,A01
200700056516,0,07,000,00,2,4,23,B01
200700056517,0,30,000,00,2,1,02,A01
200700056517,0,07,000,00,2,4,01,B01
200700056518,0,07,000,00,2,2,13,A01
200700056518,0,07,000,00,2,3,01,B01
200700056519,0,07,000,00,1,1,01,A01
200700056520,0,07,000,00,1,1,01,A01
200700056521,0,07,000,00,2,2,09,A01
200700056521,0,02,000,00,2,1,01,B01
200700056522,0,07,000,00,1,1,01,A01
200700056523,0,07,000,01,0,3,13,A01
200700056524,0,07,000,00,2,8,15,A01
200700056524,0,30,000,00,2,1,17,B01
200700056525,0,07,000,00,2,1,02,A01
200700056525,0,07,000,00,2,4,01,B01
200700056526,0,33,000,12,0,1,13,A01
200700056527,0,33,000,00,2,8,13,A01
200700056527,0,07,000,00,2,3,09,B01
200700056528,0,30,000,00,2,1,01,A01
200700056528,0,07,000,00,2,4,23,B01
200700056529,0,01,000,00,1,1,01,A01
200700056530,0,07,000,00,2,1,02,A01
200700056530,0,07,000,00,2,4,01,B01
200700056531,1,07,000,00,2,1,02,A01
200700056531,0,30,000,00,2,4,01,B01
200700056532,1,30,000,00,1,1,01,A01
200700056533,0,07,000,00,2,2,01,A01
200700056533,0,07,000,00,2,1,01,B01
200700056534,0,07,000,00,2,3,15,A01
200700056534,0,33,000,00,2,3,01,B01
200700056535,0,07,000,08,0,8,14,A01
200700056536,0,07,000,15,0,2,14,A01
200700056537,0,07,000,08,0,0,02,A01
200700056538,0,10,000,11,0,1,01,A01
200700056539,1,07,000,00,2,1,01,A01
200700056539,0,30,000,00,0,4,15,B01
200700056540,0,02,000,00,2,1,17,A01
200700056540,0,07,000,00,2,8,15,B01
200700056541,0,07,000,15,0,3,13,A01
200700056542,0,07,000,00,1,2,01,A01
200700056543,0,07,000,13,0,9,01,A01
200700056544,0,07,000,00,2,1,01,A01
200700056545,0,07,000,06,2,1,05,A01
200700056545,0,07,000,00,2,3,23,B01
200700056546,0,07,000,00,9,8,02,A01
200700056546,0,01,000,00,2,8,02,B01
200700056547,0,07,000,00,2,1,10,A01
200700056547,0,32,000,01,2,0,01,B01
200700056548,0,07,000,01,2,2,01,A01
200700056548,0,07,000,01,2,1,00,B01
200700056549,0,30,000,00,2,1,13,A01
200700056549,0,07,000,00,2,3,01,B01
200700056550,0,07,000,03,0,5,17,A01
200700056551,0,30,000,00,2,8,01,A01
200700056551,0,07,000,00,2,2,01,B01
200700056552,0,07,000,00,1,3,01,A01
200700056553,0,32,000,00,2,3,17,A01
200700056553,0,07,000,00,2,3,01,B01
200700056554,0,07,000,00,1,1,11,A01
200700056555,0,07,000,00,2,1,01,A01
200700056555,0,07,000,00,2,4,23,B01
200700056556,0,02,000,02,0,1,14,A01
200700056557,0,10,000,00,2,2,15,A01
200700056557,0,07,000,00,2,3,01,B01
200700056558,0,07,000,00,2,1,21,A01
200700056558,0,07,000,00,2,4,16,B01
200700056559,0,30,000,00,2,1,21,B01
200700056559,0,07,000,00,2,3,15,A01
200700056560,0,03,000,00,2,1,15,A01
200700056560,0,02,000,00,2,1,01,B01
200700056561,0,07,000,00,1,1,01,A01
200700056562,0,10,000,00,1,4,04,A01
200700056563,0,07,000,00,2,1,01,A01
200700056563,0,30,000,00,2,8,15,B01
200700056564,0,07,000,00,2,3,01,B01
200700056564,0,01,000,00,2,1,01,A01
200700056565,0,07,000,00,2,4,04,A01
200700056565,0,07,000,00,2,1,02,B01
200700056566,0,33,000,00,0,1,02,A01
200700056567,0,07,000,00,2,3,15,A01
200700056567,0,32,000,00,2,3,02,B01
200700056568,0,07,000,00,2,9,02,B01
200700056568,0,07,000,00,2,1,19,A01
200700056569,0,07,000,00,2,1,02,A01
200700056569,0,07,000,00,2,8,01,B01
200700056570,0,01,000,00,2,6,19,A01
200700056570,0,07,000,00,2,2,02,B01
200700056571,0,07,000,00,2,3,02,B01
200700056571,0,31,000,00,2,1,05,A01
200700056572,0,15,000,00,2,6,09,A01
200700056572,0,07,000,00,2,2,02,B01
200700056573,0,07,000,00,2,1,02,A01
200700056573,0,07,000,00,2,8,02,B01
200700056574,0,07,000,02,0,1,00,A01
200700056575,0,07,000,00,2,1,01,A01
200700056575,0,01,000,00,2,4,01,B01
200700056576,0,07,000,00,2,1,01,A01
200700056576,0,01,000,00,2,1,13,B01
200700056577,0,07,000,00,2,2,19,A01
200700056577,0,02,000,00,2,1,01,B01
200700056578,0,02,000,00,2,5,01,B01
200700056578,0,07,000,00,2,3,09,A01
200700056579,0,07,000,00,1,1,16,A01
200700056580,0,10,000,00,2,1,01,A01
200700056580,0,10,000,00,2,1,01,B01
200700056581,0,07,000,00,2,1,01,B01
200700056581,0,07,000,00,2,1,01,A01
200700056581,0,07,000,00,2,1,01,C01
200700056582,0,01,000,00,2,1,15,B01
200700056582,0,07,000,00,0,0,00,A01
200700056583,0,07,000,00,2,1,13,A01
200700056583,0,07,000,00,2,1,01,B01
200700056584,0,07,000,00,9,3,13,A01
200700056584,0,30,000,00,2,6,19,B01
200700056585,0,07,000,00,2,1,01,B01
200700056585,0,07,000,00,2,2,01,A01
200700056586,0,07,000,00,2,7,01,B01
200700056586,0,07,000,00,2,8,13,A01
200700056587,0,01,000,00,2,7,19,A01
200700056587,0,07,000,00,2,1,01,B01
200700056588,0,07,000,00,2,6,23,C01
200700056588,0,10,000,00,2,1,02,A01
200700056588,0,07,000,00,2,4,23,B01
200700056589,0,10,000,00,2,7,14,A01
200700056589,0,33,000,00,2,2,01,B01
200700056590,0,02,000,00,2,8,13,A01
200700056590,0,02,000,00,2,1,00,B01
200700056591,0,07,000,00,2,8,15,A01
200700056591,0,31,000,08,2,1,17,B01
200700056592,0,07,000,00,2,8,10,A01
200700056592,0,02,000,00,2,1,17,B01
200700056593,1,07,000,00,1,4,20,A01
200700056594,0,07,000,15,2,7,15,A01
200700056594,0,31,000,00,2,1,01,B01
200700056595,0,07,000,00,2,1,00,A01
200700056596,0,07,000,00,2,1,01,A01
200700056596,0,07,000,00,2,4,23,B01
200700056596,0,07,000,00,2,4,23,C01
200700056597,0,07,000,15,0,3,01,A01
200700056598,0,07,000,00,2,8,16,A01
200700056598,0,10,000,00,2,1,01,B01
200700056599,0,02,000,00,2,1,01,A01
200700056599,1,10,000,00,2,6,09,B01
200700056600,1,35,000,00,1,1,00,A01
200700056601,0,07,000,00,2,1,02,A01
200700056601,0,31,000,00,2,4,23,B01
200700056602,0,07,000,00,1,1,16,A01
200700056603,0,07,000,00,2,6,10,A01
200700056603,0,33,000,00,2,1,01,B01
200700056604,2,07,000,00,2,1,01,A01