Num_Acc,senc,catv,occutc,obs,obsm,choc,manv,num_veh
200700056604,0,07,000,00,2,8,01,B01
200700056605,0,07,000,00,2,1,02,A01
200700056605,0,07,000,00,2,4,02,B01
200700056606,0,07,000,00,2,1,15,A01
200700056606,0,33,000,00,2,7,01,B01
200700056607,0,07,000,00,1,7,01,A01
200700056608,0,07,000,00,2,7,01,A01
200700056608,0,33,000,00,2,1,15,B01
200700056609,0,07,000,13,0,1,01,A01
200700056610,0,07,000,00,2,1,01,A01
200700056610,0,07,000,00,2,8,01,B01
200700056611,0,07,000,00,2,2,01,A01
200700056611,0,01,000,00,2,1,01,B01
200700056612,0,07,000,00,2,1,02,A01
200700056612,0,07,000,00,2,4,02,B01
200700056613,0,02,000,00,2,1,01,B01
200700056613,0,07,000,00,2,3,15,A01
200700056614,0,07,000,00,2,7,22,A01
200700056614,0,01,000,01,0,8,01,B01
200700056615,0,07,000,00,2,8,15,A01
200700056615,0,13,000,00,2,1,01,B01
200700056616,0,10,000,00,2,1,01,A01
200700056616,0,10,000,00,2,4,15,B01
200700056617,1,07,000,00,2,0,00,A01
200700056617,0,30,000,00,2,8,00,B01
200700056618,0,07,000,00,1,1,01,A01
200700056619,0,31,000,00,2,1,01,B01
200700056619,0,07,000,00,2,3,16,A01
200700056620,0,07,000,00,1,1,15,A01
200700056621,0,33,000,00,0,0,01,B01
200700056621,0,07,000,00,0,0,15,A01
200700056622,0,07,000,00,2,7,10,A01
200700056622,0,02,000,00,2,1,01,B01
200700056623,0,07,000,00,1,1,13,A01
200700056624,0,07,000,00,2,3,01,A01
200700056624,0,33,000,00,2,4,23,B01
200700056624,0,07,000,00,2,4,23,C01
200700056625,0,07,000,00,2,2,15,A01
200700056625,0,07,000,00,2,1,01,B01
200700056626,0,10,000,00,1,8,01,A01
200700056627,0,02,000,00,2,1,15,A01
200700056627,0,07,000,00,2,1,01,B01
200700056628,0,10,000,00,1,3,01,A01
200700056629,0,32,000,01,0,1,01,A01
200700056630,0,07,000,00,2,2,01,A01
200700056630,0,02,000,00,2,8,01,B01
200700056631,0,07,000,01,2,7,01,A01
200700056631,0,07,000,15,2,1,01,B01
200700056632,0,10,000,00,1,2,01,A01
200700056633,0,07,000,01,0,1,01,A01
200700056634,0,07,000,00,2,7,01,B01
200700056634,0,07,000,00,2,1,09,A01
200700056635,0,07,000,00,2,1,01,A01
200700056635,0,07,000,00,2,4,01,B01
200700056636,0,07,000,00,1,2,01,A01
200700056637,0,07,000,00,2,1,16,A01
200700056637,0,37,001,00,2,7,01,B01
200700056638,0,02,000,00,0,8,01,A01
200700056638,1,10,000,00,0,0,00,B01
200700056639,0,07,000,10,2,5,01,A01
200700056639,0,07,000,00,2,1,01,B01
200700056640,0,30,000,00,1,1,13,A01
200700056641,1,07,000,00,1,1,01,A01
200700056642,0,02,000,00,2,1,01,A01
200700056642,0,01,000,00,2,8,15,B01
200700056643,0,37,035,00,0,7,01,A01
200700056643,0,01,000,00,2,0,19,B01
200700056644,0,07,000,00,2,1,01,A01
200700056644,0,07,000,00,2,4,01,B01
200700056644,0,07,000,00,0,0,01,C01
200700056645,0,07,000,00,1,1,01,A01
200700056646,0,10,000,05,0,1,01,A01
200700056647,0,31,000,13,0,7,01,A01
200700056648,0,07,000,13,0,0,14,A01
200700056649,0,33,000,00,1,1,21,A01
200700056650,0,07,000,00,2,1,01,A01
200700056650,0,07,000,00,0,4,23,B01
200700056651,0,07,000,00,2,8,15,A01
200700056651,0,33,000,00,2,1,17,B01
200700056652,0,30,000,00,0,0,01,A01
200700056653,0,07,000,00,2,7,15,A01
200700056653,0,30,000,00,2,1,01,B01
200700056654,0,07,000,00,1,1,01,A01
200700056655,0,02,000,11,0,1,01,A01
200700056656,0,02,000,00,2,1,01,A01
200700056656,0,07,000,00,9,4,01,B01
200700056657,0,07,000,14,0,1,00,A01
200700056657,0,07,000,00,2,4,23,B01
200700056658,0,07,000,00,1,0,01,A01
200700056659,0,30,000,00,0,0,01,A01
200700056660,0,07,000,00,2,1,01,A01
200700056660,0,01,000,00,2,7,19,B01
200700056661,0,10,000,04,0,9,01,A01
200700056662,0,02,000,00,2,1,14,A01
200700056662,0,03,000,00,2,6,01,B01
200700056663,0,30,000,00,2,1,01,A01
200700056663,0,07,000,00,2,4,23,B01
200700056664,0,02,000,00,2,1,17,A01
200700056664,0,07,000,00,2,8,10,B01
200700056665,0,02,000,00,2,1,01,A01
200700056665,0,02,000,00,2,1,15,B01
200700056666,0,07,000,00,2,1,01,A01
200700056666,0,07,000,00,2,4,01,B01
200700056666,0,07,000,00,2,4,01,C01
200700056666,0,07,000,00,2,4,01,D01
200700056667,0,02,000,00,0,0,01,A01
200700056668,0,30,000,00,0,0,01,A01
200700056669,0,31,000,00,2,1,02,A01
200700056669,0,07,000,00,2,4,23,B01
200700056670,0,33,000,00,2,1,01,A01
200700056670,0,07,000,00,2,3,09,B01
200700056671,0,07,000,00,2,2,15,A01
200700056671,0,30,000,00,2,1,01,B01
200700056672,0,02,000,00,2,1,01,A01
200700056672,0,02,000,00,2,8,15,B01
200700056673,1,02,000,00,2,0,01,A01
200700056673,0,30,000,00,2,8,15,B01
200700056674,0,07,000,00,2,1,02,A01
200700056674,0,07,000,00,2,4,02,B01
200700056674,0,07,000,00,2,4,02,C01
200700056675,0,07,000,00,2,5,15,A01
200700056675,0,31,000,00,2,8,01,B01
200700056676,0,07,000,00,2,3,01,A01
200700056676,0,01,000,00,2,1,01,B01
200700056677,0,07,000,00,2,2,15,A01
200700056677,0,33,000,00,2,1,01,B01
200700056678,0,07,000,02,0,1,13,A01
200700056679,0,30,000,00,2,1,01,B01
200700056679,0,07,000,00,2,3,15,A01
200700056680,0,07,000,00,2,4,02,C01
200700056680,0,33,000,00,2,1,02,A01
200700056680,0,33,000,00,2,8,01,B01
200700056681,0,07,000,00,1,1,01,A01
200700056682,0,07,000,00,2,1,01,B01
200700056682,0,07,000,00,2,2,15,A01
200700056683,0,30,000,00,2,1,01,B01
200700056683,0,07,000,00,2,2,05,A01
200700056684,0,02,000,00,2,1,01,B01
200700056684,0,07,000,00,2,5,15,A01
200700056685,0,02,000,00,2,7,17,B01
200700056685,0,07,000,00,2,1,15,A01
200700056686,0,07,000,02,0,1,14,A01
200700056687,0,07,000,00,2,3,15,A01
200700056687,0,01,000,00,2,3,13,B01
200700056688,0,07,000,00,2,4,02,A01
200700056688,0,07,000,00,2,4,23,B01
200700056688,0,10,000,00,2,4,23,C01
200700056689,0,07,000,00,2,1,11,A01
200700056689,0,02,000,00,2,9,01,B01
200700056690,0,07,000,00,1,2,01,A01
200700056691,0,07,000,03,2,8,00,B01
200700056691,0,07,000,00,0,3,13,A01
200700056692,0,07,000,00,2,2,13,A01
200700056692,0,10,000,00,2,1,01,B01
200700056693,0,30,000,00,2,1,01,B01
200700056693,1,07,000,00,2,3,09,A01
200700056694,0,07,000,00,2,6,23,B01
200700056694,0,02,000,00,2,2,02,A01
200700056695,0,07,000,00,9,4,23,B01
200700056695,0,02,000,01,0,4,01,A01
200700056696,0,07,000,00,9,2,01,B01
200700056696,0,01,000,00,2,1,09,A01
200700056697,0,07,000,00,2,5,01,B01
200700056697,0,02,000,00,2,1,01,A01
200700056698,0,01,000,00,2,8,19,B01
200700056698,0,07,000,09,2,1,15,A01
200700056699,0,02,000,00,2,1,01,B01
200700056699,0,07,000,00,2,3,01,A01
200700056700,0,07,000,00,0,0,01,A01
200700056700,0,33,000,00,2,3,01,B01
200700056701,0,07,000,00,2,3,15,A01
200700056701,0,02,000,00,2,1,17,B01
200700056702,0,02,000,00,2,1,05,A01
200700056702,0,07,000,00,2,3,01,B01
200700056703,0,07,000,00,2,1,05,A01
200700056703,0,07,000,00,2,1,01,B01
200700056704,0,07,000,00,2,3,01,A01
200700056705,0,07,000,00,2,5,15,A01
200700056705,0,02,000,00,2,1,01,B01
200700056706,0,02,000,00,2,1,01,B01
200700056706,0,07,000,00,2,3,09,A01
200700056707,0,07,000,00,2,3,01,A01
200700056707,0,07,000,00,2,1,01,B01
200700056707,0,07,000,00,0,0,01,C01
200700056708,0,07,000,00,1,2,01,A01
200700056709,0,30,000,00,2,1,02,A01
200700056709,0,07,000,00,2,4,02,B01
200700056710,0,07,000,00,2,1,09,A01
200700056710,0,07,000,00,2,2,01,B01
200700056710,0,07,000,00,2,2,24,C01
200700056711,0,01,000,00,2,1,01,B01
200700056711,0,07,000,00,9,2,15,A01
200700056712,0,07,000,00,1,1,01,A01
200700056713,0,02,000,00,2,7,17,A01
200700056713,0,07,000,00,2,2,15,B01
200700056714,0,33,000,00,2,1,14,A01
200700056714,0,15,000,01,2,6,24,B01
200700056715,0,33,000,00,2,1,17,A01
200700056715,0,07,000,00,2,8,15,B01
200700056716,0,07,000,00,1,1,01,A01
200700056717,0,10,000,00,2,7,15,A01
200700056717,0,02,000,00,2,1,01,B01
200700056718,0,07,000,00,2,3,01,A01
200700056718,0,07,000,00,2,3,01,B01
200700056719,0,07,000,00,9,5,15,A01
200700056719,0,33,000,00,2,1,01,B01
200700056720,0,02,000,00,2,1,01,A01
200700056720,0,07,000,00,9,3,01,B01
200700056721,0,07,000,00,2,1,01,A01
200700056721,0,07,000,00,2,3,01,B01
200700056722,0,02,000,00,1,1,01,A01
200700056722,0,07,000,00,2,3,24,B01
200700056723,0,07,000,04,0,2,17,A01
200700056724,0,02,000,00,2,1,01,A01
200700056724,0,07,000,00,2,4,01,B01
200700056725,0,07,000,00,1,1,01,A01
200700056726,0,07,000,00,2,6,09,A01
200700056726,0,02,000,00,2,2,01,B01
200700056727,0,07,000,00,2,3,09,A01
200700056727,0,33,000,00,2,1,01,B01
200700056728,0,10,000,00,2,2,01,B01
200700056728,0,10,000,00,2,1,09,A01
200700056729,0,07,000,00,2,3,19,A01
200700056729,0,02,000,00,2,1,01,B01
200700056730,0,02,000,00,2,8,18,A01
200700056730,0,07,000,00,2,5,01,B01
200700056731,0,07,000,00,1,1,15,A01
200700056732,0,33,000,00,2,1,01,A01
200700056732,0,07,000,00,2,0,12,B01
200700056733,0,14,000,09,1,2,04,A01
200700056734,0,33,000,00,2,1,17,A01
200700056734,0,07,000,00,2,3,15,B01
200700056735,0,33,000,00,2,1,01,B01
200700056735,0,07,000,00,2,3,09,A01
200700056736,0,07,000,00,2,1,15,A01
200700056736,0,02,000,00,2,2,01,B01
200700056737,0,07,000,08,0,1,16,A01
200700056738,0,07,000,00,2,1,02,A01
200700056738,0,07,000,00,2,4,01,B01
200700056739,0,07,000,00,1,1,15,A01
200700056740,0,07,000,00,2,1,01,A01
200700056740,0,07,000,00,2,4,23,B01
200700056741,0,07,000,00,1,1,01,A01
200700056742,0,07,000,00,2,1,01,A01
200700056742,0,07,000,00,2,4,01,B01
200700056743,0,07,000,00,2,3,13,A01
200700056743,0,07,000,00,2,1,01,B01
200700056744,0,07,000,00,2,3,13,A01
200700056744,0,07,000,00,2,3,01,B01
200700056745,0,30,000,00,0,1,01,A01
200700056746,0,07,000,00,1,4,04,A01
200700056747,0,02,000,00,1,1,17,A01
200700056748,0,07,000,00,2,1,09,A01
200700056748,0,07,000,01,0,5,01,B01
200700056749,0,01,000,00,2,1,01,A01
200700056749,0,07,000,00,2,5,15,B01
200700056750,0,30,000,00,2,7,15,A01
200700056750,0,07,000,00,2,1,01,B01
200700056751,0,07,000,00,2,2,01,B01
200700056751,0,07,000,00,2,7,15,A01
200700056752,0,02,000,00,1,1,01,A01
200700056753,0,07,000,00,2,1,19,A01
200700056753,0,07,000,00,2,8,01,B01
200700056754,0,07,000,14,0,1,00,A01
200700056755,0,02,000,16,0,1,01,A01
200700056756,0,07,000,00,9,2,01,A01
200700056756,0,01,000,00,2,8,00,B01
200700056757,0,07,000,00,2,1,02,A01
200700056757,0,07,000,00,0,4,02,B01
200700056758,0,07,000,00,2,1,02,A01
200700056758,0,07,000,00,0,4,11,B01
200700056759,1,07,000,00,1,0,00,A01
200700056760,0,30,000,01,2,1,01,A01
200700056760,0,07,000,00,2,0,01,B01
200700056761,0,07,000,00,2,3,00,A01
200700056761,0,07,000,01,2,3,00,B01
200700056762,0,07,000,00,2,2,15,A01
200700056762,0,07,000,00,2,1,01,B01
200700056763,0,30,000,00,2,1,01,A01
200700056763,0,07,000,00,2,1,15,B01
200700056763,0,07,000,00,0,0,01,C01
200700056764,0,30,000,01,2,1,17,A01
200700056764,0,07,000,00,2,3,15,B01
200700056765,0,07,000,00,2,1,15,A01
200700056765,0,07,000,00,2,1,01,B01
200700056766,0,07,000,00,1,0,16,A01
200700056767,0,30,000,00,2,1,17,A01
200700056767,0,07,000,00,2,8,15,B01
200700056768,0,07,000,00,2,3,01,B01
200700056768,0,30,000,00,2,1,01,A01
200700056769,0,07,000,01,1,1,01,A01
200700056770,0,07,000,00,2,7,01,A01
200700056770,0,02,000,00,2,2,09,B01
200700056771,0,07,000,00,2,1,01,B01
200700056771,0,01,000,00,2,3,00,A01
200700056772,0,33,000,00,2,1,08,A01
200700056772,0,07,000,00,2,3,15,B01
200700056773,0,03,000,08,0,3,01,A01
200700056774,0,07,000,00,2,5,15,A01
200700056774,0,33,000,00,2,1,01,B01
200700056775,0,02,000,09,0,1,01,A01
200700056776,0,07,000,00,2,1,01,B01
200700056776,0,07,000,15,2,2,01,A01
200700056777,0,03,000,01,0,1,13,A01
200700056778,0,31,000,12,0,3,00,A01
200700056779,0,10,000,00,0,0,20,A01
200700056779,0,01,000,00,2,1,01,B01
200700056780,0,07,000,01,2,1,13,A01
200700056780,0,07,000,00,2,7,01,B01
200700056781,0,07,000,00,2,1,01,A01
200700056781,0,10,000,00,2,6,01,B01
200700056782,0,14,000,00,2,1,01,A01
200700056782,0,10,000,00,2,3,15,B01
200700056783,0,07,000,00,1,2,01,A01
200700056784,0,30,000,00,2,1,01,A01
200700056784,0,07,000,00,2,1,01,B01
200700056785,0,07,000,00,1,4,04,A01
200700056786,0,07,000,00,2,1,02,A01
200700056786,0,07,000,00,2,4,23,B01
200700056787,0,07,000,00,2,1,01,A01
200700056787,0,33,000,00,2,1,02,B01
200700056788,1,15,000,00,2,0,15,A01
200700056788,0,02,000,00,2,1,01,B01
200700056789,2,07,000,01,2,9,01,A01
200700056789,0,07,000,00,2,8,13,B01
200700056790,0,07,000,00,1,1,02,A01
200700056791,0,07,000,01,2,9,01,A01
200700056792,0,07,000,00,2,3,15,A01
200700056792,0,02,000,00,2,1,17,B01
200700056793,0,01,000,00,2,1,01,A01
200700056793,0,07,000,00,2,0,01,B01
200700056794,0,01,000,00,2,7,01,A01
200700056794,0,37,000,00,2,7,01,B01
200700056795,0,07,000,02,2,9,01,A01
200700056795,0,07,000,00,2,8,01,B01
200700056796,0,30,000,00,2,2,17,A01
200700056796,0,07,000,00,2,3,15,B01
200700056797,0,07,000,00,2,1,15,A01
200700056797,0,31,000,00,2,1,01,B01
200700056798,0,07,000,00,2,1,15,A01
200700056798,0,01,000,00,2,7,01,B01
200700056799,0,02,000,00,2,1,01,A01
200700056799,0,30,000,00,2,1,13,B01
200700056800,0,07,000,00,2,2,02,A01
200700056800,0,07,000,00,2,2,02,B01
200700056801,0,07,000,00,2,7,01,A01
200700056802,0,07,000,00,2,3,10,A01
200700056802,0,01,000,00,2,1,17,B01
200700056803,0,07,000,00,2,8,10,A01
200700056803,0,30,000,00,2,1,01,B01
200700056804,0,07,000,14,0,1,01,A01
200700056804,0,07,000,00,2,4,23,B01
200700056805,0,01,000,00,2,1,15,A01
200700056805,0,07,000,00,2,3,02,B01
200700056806,0,07,000,00,2,4,04,A01
200700056806,0,02,000,00,2,1,01,B01
200700056807,0,07,000,00,2,3,15,A01
200700056807,0,01,000,00,2,1,01,B01
200700056808,0,07,000,00,2,4,04,A01
200700056808,0,07,000,00,2,1,01,B01
200700056809,0,07,000,00,2,1,15,A01
200700056809,0,33,000,00,2,1,01,B01
200700056810,0,30,000,00,2,1,00,A01
200700056810,0,07,000,00,2,6,01,B01
200700056811,0,07,000,00,1,1,15,A01
200700056812,0,01,000,00,2,4,01,A01
200700056812,0,07,000,00,2,1,15,B01
200700056813,0,07,000,06,5,1,01,A01
200700056814,0,31,000,00,0,0,01,A01
200700056815,0,33,000,00,0,0,16,A01
200700056816,0,10,000,00,2,8,22,A01
200700056816,0,01,000,01,0,7,01,B01
200700056817,0,07,000,00,2,1,09,A01
200700056817,0,07,000,01,2,9,01,B01
200700056818,0,07,000,00,2,5,16,A01
200700056818,0,07,000,00,2,1,01,B01
200700056818,0,07,000,00,2,3,23,C01
200700056819,0,07,000,00,2,1,01,A01
200700056819,0,07,000,00,2,4,23,B01
200700056820,0,02,000,00,2,1,01,A01
200700056820,0,10,000,00,2,4,00,B01
200700056821,0,07,000,02,0,2,01,A01
200700056822,0,07,000,00,1,1,01,A01
200700056823,0,30,000,00,2,1,02,A01
200700056823,0,07,000,00,2,4,16,B01
200700056824,0,01,000,00,2,1,01,A01
200700056824,0,17,000,00,2,7,16,B01
200700056825,0,07,000,00,2,1,15,A01
200700056825,0,02,000,00,2,1,01,B01
200700056826,0,10,000,00,2,3,15,A01
200700056826,0,07,000,00,1,7,02,B01
200700056827,1,33,000,00,1,7,01,A01
200700056828,0,07,000,00,2,1,01,A01
200700056828,0,01,000,00,2,1,01,B01
200700056829,1,07,000,00,1,3,01,A01
200700056830,0,07,000,00,2,8,15,A01
200700056830,0,02,000,00,2,1,01,B01
200700056831,0,07,000,00,2,3,01,A01
200700056832,0,07,000,00,1,1,13,A01
200700056833,0,10,000,00,2,1,13,A01
200700056833,0,07,000,00,2,3,02,B01
200700056834,0,02,000,00,1,7,01,A01
200700056835,0,30,000,00,0,0,00,A01
200700056836,0,01,000,00,2,1,01,A01
200700056836,0,07,000,00,9,4,23,B01
200700056837,0,07,000,00,2,2,15,A01
200700056837,0,01,000,00,2,1,02,B01
200700056838,0,07,000,00,2,1,18,A01
200700056838,0,07,000,00,2,1,20,B01
200700056839,0,07,000,00,9,3,15,A01
200700056839,0,33,000,00,2,8,01,B01
200700056840,0,02,000,01,2,1,01,B01
200700056840,0,07,000,00,2,2,15,A01
200700056841,0,07,000,00,2,3,10,A01
200700056841,0,30,000,00,2,1,01,B01
200700056842,0,02,000,00,2,1,01,A01
200700056842,0,07,000,00,2,1,01,B01
200700056843,0,07,000,00,2,3,15,A01
200700056843,0,07,000,00,2,6,01,B01
200700056844,0,07,000,00,2,8,10,A01
200700056844,0,07,000,00,2,2,01,B01
200700056844,0,07,000,00,2,2,01,C01
200700056845,0,07,000,00,2,0,15,A01
200700056845,0,33,000,00,2,1,21,B01
200700056846,0,02,000,15,1,1,00,A01
200700056847,0,07,000,01,2,1,13,A01
200700056847,0,07,000,14,2,1,01,B01
200700056848,0,07,000,00,1,1,01,A01
200700056849,0,07,000,00,2,3,19,A01
200700056849,0,07,000,00,2,1,01,B01
200700056850,0,07,000,00,2,3,00,A01
200700056850,0,02,000,00,2,1,01,B01
200700056851,0,02,000,08,0,9,01,A01
200700056852,0,07,000,01,2,7,01,A01
200700056852,0,07,000,00,2,1,15,B01
200700056853,0,07,000,14,0,1,01,A01
200700056853,0,07,000,14,2,9,23,B01
200700056853,0,07,000,00,2,4,23,C01
200700056854,0,07,000,00,2,2,01,A01
200700056854,0,01,000,00,2,0,19,B01
200700056855,0,07,000,00,2,8,24,A01
200700056855,0,01,000,00,2,1,01,B01
200700056856,0,02,000,00,9,8,01,A01
200700056856,0,14,000,00,9,7,16,B01
200700056857,1,07,000,00,2,4,01,B01
200700056857,0,02,000,00,2,1,01,A01
200700056858,0,07,000,00,2,9,01,A01
200700056859,0,37,001,00,1,1,01,A01
200700056860,0,07,000,03,0,1,01,A01
200700056861,0,07,000,13,0,2,13,A01
200700056862,0,33,000,00,2,7,01,B01
200700056862,0,07,000,00,0,1,01,C01
200700056862,0,03,000,00,2,1,09,A01
200700056863,0,30,000,00,2,1,01,B01
200700056863,0,07,000,00,2,3,09,A01
200700056864,0,07,000,00,2,3,15,A01
200700056864,0,02,000,00,2,3,01,B01
200700056865,0,07,000,01,1,3,17,A01
200700056866,0,07,000,00,2,1,01,B01
200700056866,0,07,000,14,2,7,01,A01
200700056867,0,07,000,01,0,1,01,A01
200700056868,0,13,000,00,2,8,16,A01
200700056868,0,01,000,00,2,9,16,B01
200700056869,0,07,000,00,1,0,01,A01
200700056870,0,02,000,00,2,9,17,A01
200700056870,0,07,000,00,2,2,01,B01
200700056871,0,07,000,00,1,1,01,A01
200700056872,0,07,000,00,2,0,01,A01
200700056872,0,01,000,00,2,0,01,B01
200700056873,0,07,000,14,2,9,01,A01
200700056873,0,07,000,00,2,9,01,B01
200700056874,0,07,000,01,1,7,01,A01
200700056875,0,02,000,00,0,9,01,A01
200700056876,0,07,000,00,2,8,01,A01
200700056876,0,01,000,00,2,4,01,B01
200700056877,0,07,000,00,1,7,01,A01
200700056878,0,07,000,00,2,8,01,A01
200700056878,0,02,000,00,2,7,17,B01
200700056879,0,07,000,00,0,9,01,A01
200700056880,0,07,000,00,2,1,20,A01
200700056880,0,07,000,00,2,1,01,B01
200700056881,0,07,000,00,2,7,16,A01
200700056881,0,02,000,00,2,8,01,B01
200700056882,0,07,000,00,2,1,01,A01
200700056882,0,07,000,00,2,9,01,B01
200700056882,0,07,000,00,2,3,01,C01
200700056883,0,01,000,00,2,0,10,A01
200700056883,0,07,000,00,2,0,17,B01
200700056884,0,02,000,00,2,1,17,A01
200700056884,0,07,000,00,2,1,15,B01
200700056885,0,07,000,01,1,0,01,A01
200700056886,0,07,000,01,2,2,15,A01
200700056886,0,02,000,00,2,1,01,B01
200700056887,0,07,000,00,2,3,01,B01
200700056887,0,07,000,00,2,2,01,A01
200700056888,0,07,000,00,1,0,01,A01
200700056889,0,33,000,00,2,1,17,A01
200700056889,0,07,000,00,2,8,15,B01
200700056890,0,07,000,00,2,7,01,A01
200700056890,0,01,000,00,2,0,01,B01
200700056891,0,07,000,00,1,0,01,A01
200700056892,0,01,000,00,1,0,01,A01
200700056893,0,07,000,00,2,3,10,A01
200700056893,0,07,000,00,2,2,01,B01
200700056894,0,07,000,02,2,1,01,A01
200700056895,0,07,000,00,1,1,01,A01
200700056896,0,07,000,00,2,0,10,A01
200700056896,0,01,000,00,2,0,17,B01
200700056897,0,07,000,00,2,2,17,A01
200700056897,0,02,000,00,2,9,01,B01
200700056898,0,07,000,01,1,0,01,A01
200700056899,0,07,000,00,1,0,01,A01
200700056900,0,02,000,00,2,1,01,A01
200700056900,0,07,000,00,2,4,02,B01
200700056901,0,07,000,00,2,3,20,A01
200700056901,0,32,000,00,2,7,01,B01
200700056902,0,07,000,00,2,3,01,A01
200700056902,0,02,000,00,2,8,15,B01
200700056903,0,07,000,01,0,1,00,A01
200700056904,0,07,000,00,2,1,19,B01
200700056904,0,07,000,00,2,1,19,A01
200700056905,0,02,000,00,2,6,15,A01
200700056905,0,07,000,00,9,2,17,B01
200700056906,0,07,000,00,1,7,00,A01
200700056907,0,30,000,00,1,1,01,A01
200700056908,0,30,000,14,0,1,02,A01
200700056909,0,07,000,00,1,4,04,A01
200700056910,0,07,000,00,9,1,23,B01
200700056910,0,30,000,00,0,1,16,A01
200700056911,0,01,000,00,2,2,00,A01
200700056911,0,07,000,00,2,1,01,B01
200700056911,0,07,000,00,2,8,00,C01
200700056912,0,33,000,00,2,0,00,A01
200700056912,0,07,000,00,2,0,00,B01
200700056913,0,33,000,00,2,1,01,B01
200700056913,0,07,000,00,2,3,19,A01
200700056914,0,02,000,00,2,1,01,B01
200700056914,0,07,000,00,2,3,15,A01
200700056915,0,07,000,00,0,3,10,A01
200700056915,0,30,000,00,0,5,17,B01
200700056916,0,01,000,00,2,8,16,B01
200700056916,1,07,000,00,1,0,00,A01
200700056917,0,07,000,06,0,1,21,A01
200700056918,0,01,000,00,2,1,01,B01
200700056918,0,07,000,00,0,8,16,A01
200700056919,0,01,000,00,2,7,01,B01
200700056919,0,07,000,00,2,8,01,A01
200700056920,0,07,000,00,2,1,01,B01
200700056920,0,07,000,00,0,4,01,A01
200700056920,0,10,000,00,2,1,01,C01
200700056921,0,07,000,00,1,1,05,A01
200700056922,0,07,000,00,0,7,12,A01
200700056922,0,02,000,00,2,1,01,B01
200700056923,0,05,000,00,2,8,00,A01
200700056923,0,07,000,00,2,7,20,B01
200700056924,0,07,000,00,1,2,01,A01
200700056925,0,07,000,00,1,1,01,A01
200700056926,0,07,000,00,0,2,15,A01
200700056926,0,02,000,00,2,1,01,B01
200700056927,0,07,000,00,2,7,16,A01
200700056927,0,04,000,00,2,1,01,B01
200700056928,0,02,000,00,2,5,01,A01
200700056928,0,07,000,00,2,1,01,B01
200700056929,0,07,000,00,1,2,01,A01
200700056930,0,07,000,00,2,7,15,A01
200700056930,0,02,000,00,2,1,01,B01
200700056931,0,34,000,06,9,0,01,A01
200700056932,0,33,000,00,2,1,01,A01
200700056932,0,07,000,00,2,6,01,B01
200700056933,0,07,000,00,1,1,01,A01
200700056934,0,07,000,00,2,1,13,A01
200700056934,0,17,000,00,2,1,00,B01
200700056935,0,07,000,00,1,1,01,A01
200700056936,0,07,000,15,0,1,01,A01
200700056937,0,07,000,00,0,8,10,A01
200700056937,0,33,000,00,2,1,01,B01
200700056938,0,07,000,00,0,9,00,A01
200700056939,0,33,000,00,0,9,01,A01
200700056940,0,33,000,14,0,8,00,A01
200700056941,0,33,000,00,2,2,17,A01
200700056941,0,10,000,08,2,8,15,B01
200700056942,0,07,000,00,1,3,01,A01
200700056943,0,02,000,00,2,1,15,A01
200700056943,0,07,000,00,2,3,01,B01
200700056944,0,30,000,00,2,1,01,B01
200700056944,0,07,000,00,2,6,15,A01
200700056945,0,07,000,06,0,3,01,A01
200700056946,0,13,000,00,2,1,01,A01
200700056946,0,17,000,00,2,8,01,B01
200700056947,0,07,000,00,0,7,17,A01
200700056947,0,01,000,00,0,4,02,B01
200700056948,0,15,000,00,0,3,01,B01
200700056948,0,30,000,00,2,3,15,A01
200700056949,0,07,000,01,2,2,01,A01
200700056950,0,33,000,00,2,1,01,B01
200700056950,0,07,000,00,2,1,15,A01
200700056951,0,07,000,00,2,1,01,B01
200700056951,0,07,000,00,2,8,01,A01
200700056952,0,07,000,00,1,2,01,A01
200700056953,0,31,000,00,0,1,01,A01
200700056954,0,07,000,00,2,1,01,B01
200700056954,0,07,000,00,2,3,09,A01
200700056955,0,10,000,00,2,1,05,A01
200700056955,0,07,000,00,2,1,01,B01
200700056956,0,07,000,01,0,1,01,A01
200700056957,0,07,000,00,1,1,01,A01
200700056958,0,07,000,00,9,3,02,A01
200700056958,0,01,000,00,2,3,11,B01
200700056959,0,33,000,00,2,1,17,A01
200700056959,0,07,000,00,2,6,02,B01
200700056960,0,31,000,00,1,1,02,A01
200700056961,0,07,000,15,0,3,01,A01
200700056962,0,33,000,06,0,1,00,A01
200700056963,0,07,000,04,0,1,00,A01
200700056964,0,07,000,00,2,3,01,B01
200700056964,0,07,000,00,2,2,01,A01
200700056965,1,30,000,00,1,0,01,A01
200700056966,0,07,000,00,2,8,15,A01
200700056966,0,30,000,00,2,1,17,B01
200700056967,0,07,000,00,2,6,15,A01
200700056967,0,30,000,00,2,1,01,B01
200700056968,0,01,000,00,0,7,01,A01
200700056969,0,07,000,08,0,8,02,A01
200700056970,0,02,000,00,2,1,01,A01
200700056970,0,07,000,00,2,3,01,B01
200700056971,0,30,000,00,2,7,01,B01
200700056971,0,07,000,00,2,8,09,A01
200700056972,0,13,000,00,2,5,16,A01
200700056972,0,02,000,00,2,1,01,B01
200700056973,0,30,000,12,0,3,01,A01
200700056974,0,07,000,00,0,7,15,A01
200700056974,0,02,000,00,2,1,01,B01