Num_Acc,senc,catv,occutc,obs,obsm,choc,manv,num_veh
200700056975,0,33,000,00,2,8,19,B01
200700056975,0,07,000,00,0,8,15,A01
200700056976,0,33,000,00,2,1,00,B01
200700056976,0,07,000,00,2,1,15,A01
200700056977,0,33,000,00,2,1,17,A01
200700056977,0,07,000,00,0,6,23,B01
200700056978,0,07,000,00,1,1,00,A01
200700056979,0,07,000,00,2,2,00,A01
200700056979,0,30,000,00,2,1,00,B01
200700056980,0,07,000,00,2,1,00,A01
200700056980,0,07,000,00,2,3,00,B01
200700056980,0,99,000,01,2,1,00,C01
200700056981,0,99,000,00,1,1,01,A01
200700056982,0,07,000,00,1,2,01,A01
200700056983,0,07,000,00,2,5,01,A01
200700056983,0,01,000,00,2,8,13,B01
200700056984,0,07,000,00,2,1,13,A01
200700056984,0,07,000,00,2,1,01,B01
200700056985,0,07,000,00,2,7,01,A01
200700056985,0,01,000,00,2,8,01,B01
200700056986,0,33,000,00,2,1,17,A01
200700056986,0,07,000,00,2,3,15,B01
200700056987,0,07,000,00,1,1,01,A01
200700056988,0,07,000,00,2,1,01,B01
200700056988,0,01,000,00,2,1,15,A01
200700056989,0,33,000,00,0,0,01,A01
200700056990,0,02,000,00,2,7,01,B01
200700056990,0,07,000,00,2,3,09,A01
200700056991,0,07,000,01,2,1,13,A01
200700056991,0,07,000,00,2,4,24,C01
200700056991,0,07,000,00,2,3,01,B01
200700056992,0,01,000,01,2,8,01,B01
200700056992,0,07,000,00,2,3,13,A01
200700056993,0,02,000,00,1,3,01,B01
200700056993,0,07,000,00,2,3,13,A01
200700056994,0,07,000,00,2,6,01,B01
200700056994,0,07,000,00,2,1,15,A01
200700056995,0,30,000,00,2,1,01,B01
200700056995,0,07,000,00,2,3,19,A01
200700056996,0,07,000,00,1,0,01,A01
200700056997,0,02,000,00,2,1,01,B01
200700056997,0,07,000,00,2,6,15,A01
200700056998,1,07,000,00,9,1,02,C01
200700056998,0,02,000,00,2,1,02,A01
200700056998,0,20,000,00,9,4,02,B01
200700056999,0,02,000,00,2,1,01,A01
200700056999,0,07,000,00,9,8,04,B01
200700057000,0,99,000,15,0,1,13,A01
200700057001,0,07,000,00,2,1,01,B01
200700057001,0,07,000,00,2,7,15,A01
200700057002,0,30,000,00,2,7,01,B01
200700057002,1,07,000,00,9,3,16,A01
200700057003,0,07,000,00,9,7,23,B01
200700057003,0,02,000,01,0,1,16,A01
200700057004,0,07,000,00,2,1,15,A01
200700057004,0,07,000,00,2,1,01,B01
200700057005,0,31,000,00,2,1,01,A01
200700057005,0,07,000,00,9,3,01,B01
200700057006,0,07,000,00,2,1,15,A01
200700057006,0,33,000,00,2,8,01,B01
200700057007,0,07,000,00,2,1,05,A01
200700057007,0,07,000,00,2,6,01,B01
200700057007,0,07,000,00,2,2,01,D01
200700057007,0,07,000,00,2,1,01,C01
200700057008,0,30,000,00,2,1,01,A01
200700057008,0,01,000,00,2,0,02,B01
200700057009,0,07,000,00,2,1,09,A01
200700057009,0,02,000,00,2,1,01,B01
200700057010,0,07,000,00,2,1,00,B01
200700057010,0,07,000,00,2,1,00,A01
200700057011,0,07,000,00,2,2,15,A01
200700057011,0,02,000,00,2,1,01,B01
200700057012,0,07,000,00,2,1,02,A01
200700057012,0,07,000,00,2,4,02,B01
200700057013,0,07,000,00,2,1,11,A01
200700057013,0,02,000,00,2,1,01,B01
200700057013,0,07,000,00,2,1,00,C01
200700057014,0,30,000,00,2,4,00,B01
200700057014,0,33,000,00,2,1,01,A01
200700057015,0,32,000,13,0,2,01,A01
200700057016,0,07,000,00,2,2,15,A01
200700057016,0,01,000,00,2,1,19,B01
200700057017,0,33,000,00,0,1,01,B01
200700057017,0,07,000,00,0,5,01,A01
200700057018,0,01,000,00,2,1,01,B01
200700057018,0,07,000,00,9,1,00,A01
200700057019,0,07,000,00,2,1,01,B01
200700057019,0,07,000,00,2,8,00,A01
200700057020,0,02,000,00,0,0,00,A01
200700057021,0,02,000,01,0,1,15,A01
200700057022,1,07,000,00,2,8,15,A01
200700057022,0,07,000,00,1,2,01,B01
200700057023,0,07,000,00,1,3,01,A01
200700057024,0,07,000,00,2,1,01,A01
200700057024,0,07,000,00,2,1,02,B01
200700057024,0,07,000,00,0,4,02,C01
200700057025,0,07,000,00,2,7,01,B01
200700057025,0,07,000,00,2,1,09,A01
200700057026,0,30,000,00,0,0,01,A01
200700057027,0,07,000,00,2,2,16,A01
200700057027,0,02,000,00,2,1,01,B01
200700057028,0,14,000,00,2,2,12,A01
200700057028,0,07,000,00,0,8,01,B01
200700057029,0,07,000,00,2,1,02,A01
200700057029,0,07,000,00,0,4,01,B01
200700057030,0,30,000,00,0,0,01,A01
200700057031,0,07,000,06,2,3,01,A01
200700057031,0,07,000,00,2,2,01,B01
200700057032,0,07,000,00,0,8,01,B01
200700057032,0,01,000,00,2,1,01,A01
200700057033,0,07,000,00,2,2,15,A01
200700057033,0,07,000,00,2,1,01,B01
200700057034,0,07,000,00,1,1,15,A01
200700057035,0,07,000,00,1,4,04,A01
200700057036,0,07,000,00,2,2,15,A01
200700057036,0,07,000,00,2,2,01,B01
200700057036,0,07,000,00,2,3,01,C01
200700057037,0,10,000,00,2,2,15,A01
200700057037,0,33,000,00,2,8,01,B01
200700057038,0,07,000,00,2,1,01,A01
200700057038,0,07,000,00,2,1,02,B01
200700057038,0,07,000,00,2,4,02,C01
200700057039,0,07,000,00,0,1,01,A01
200700057039,0,07,000,00,2,3,15,B01
200700057040,0,07,000,00,2,1,01,A01
200700057040,0,07,000,00,2,4,23,B01
200700057041,0,30,000,00,2,1,01,B01
200700057041,0,07,000,00,2,4,16,A01
200700057042,0,30,000,00,2,1,01,A01
200700057042,0,07,000,00,2,6,01,B01
200700057042,0,07,000,00,2,2,00,C01
200700057043,0,01,000,00,2,3,00,A01
200700057043,0,07,000,00,2,2,01,B01
200700057044,0,10,000,00,2,1,01,A01
200700057044,0,07,000,00,0,4,23,B01
200700057045,0,02,000,00,2,1,01,A01
200700057045,0,07,000,00,2,4,23,B01
200700057046,0,07,000,00,2,1,15,A01
200700057046,0,02,000,00,2,7,01,B01
200700057047,0,02,000,00,0,1,01,A01
200700057048,0,07,000,00,2,6,10,A01
200700057048,0,32,000,00,2,1,01,B01
200700057049,0,02,000,00,0,2,01,A01
200700057050,0,07,000,00,1,3,01,A01
200700057051,0,07,000,00,1,1,01,A01
200700057052,0,07,000,00,2,2,15,A01
200700057052,0,07,000,00,2,3,01,B01
200700057053,0,07,000,00,2,1,02,A01
200700057053,0,33,000,00,0,4,01,B01
200700057054,0,07,000,00,2,1,01,B01
200700057054,0,07,000,00,2,1,01,A01
200700057055,0,07,000,00,2,4,01,B01
200700057055,0,07,000,00,0,4,02,C01
200700057055,0,07,000,00,2,1,01,A01
200700057056,0,03,000,00,2,8,01,B01
200700057056,0,07,000,00,2,2,16,A01
200700057057,0,07,000,00,1,2,15,A01
200700057058,0,07,000,00,1,2,01,A01
200700057059,1,07,000,00,9,1,00,A01
200700057059,0,01,000,00,2,6,00,B01
200700057060,0,01,000,00,2,1,01,A01
200700057060,0,07,000,00,2,1,01,B01
200700057061,0,07,000,00,1,1,01,A01
200700057062,0,31,000,01,0,1,13,A01
200700057063,0,10,000,00,1,1,01,A01
200700057064,0,02,000,00,0,8,15,A01
200700057065,0,07,000,00,1,2,01,A01
200700057066,0,07,000,00,2,1,01,A01
200700057067,0,07,000,00,2,3,16,A01
200700057067,0,07,000,00,2,3,01,B01
200700057068,0,07,000,00,2,8,15,B01
200700057068,0,32,000,00,2,1,17,A01
200700057069,0,07,000,00,1,3,01,A01
200700057070,0,07,000,00,2,8,15,A01
200700057070,0,31,000,00,2,7,17,B01
200700057071,0,15,000,00,2,6,09,A01
200700057071,0,07,000,00,2,3,01,B01
200700057072,0,01,000,00,2,1,01,B01
200700057072,0,07,000,00,2,1,01,A01
200700057073,0,33,000,00,2,1,02,A01
200700057073,0,07,000,00,2,6,02,B01
200700057074,0,33,000,00,2,6,11,A01
200700057074,0,30,000,00,2,1,00,B01
200700057075,0,07,000,00,2,9,12,A01
200700057075,0,07,000,00,2,3,01,B01
200700057076,0,31,000,00,2,1,01,B01
200700057076,0,07,000,00,2,3,19,A01
200700057077,0,02,000,00,2,6,13,A01
200700057077,0,07,000,00,2,3,01,B01
200700057078,1,07,000,00,2,0,01,A01
200700057078,0,01,000,00,2,3,01,B01
200700057079,0,07,000,00,2,2,01,A01
200700057079,0,01,000,00,2,8,19,B01
200700057080,0,31,000,00,2,1,02,A01
200700057080,0,10,000,00,2,4,02,B01
200700057081,0,02,000,00,2,1,09,A01
200700057082,0,07,000,00,2,1,02,A01
200700057082,0,07,000,00,2,4,02,B01
200700057082,0,07,000,00,2,4,02,C01
200700057083,0,07,000,00,9,2,01,A01
200700057083,0,02,000,00,2,3,15,B01
200700057084,0,07,000,00,9,8,15,A01
200700057084,0,02,000,00,2,7,01,B01
200700057085,0,02,000,00,2,3,13,A01
200700057085,0,99,000,00,9,2,01,B01
200700057086,0,30,000,00,2,1,01,B01
200700057086,0,07,000,00,9,3,16,A01
200700057087,0,07,000,00,2,3,01,A01
200700057087,0,32,000,00,2,1,01,B01
200700057088,0,07,000,00,9,1,09,A01
200700057088,0,02,000,00,2,2,01,B01
200700057089,0,02,000,00,1,8,01,A01
200700057090,0,02,000,00,2,1,01,A01
200700057090,0,07,000,00,2,4,01,B01
200700057091,0,07,000,00,2,2,16,A01
200700057091,0,01,000,00,2,7,01,B01
200700057092,1,07,000,00,2,1,02,A01
200700057092,0,07,000,00,2,4,01,B01
200700057093,0,07,000,00,2,7,15,A01
200700057093,0,32,000,00,2,1,01,B01
200700057094,0,07,000,00,2,0,10,A01
200700057094,0,02,000,00,2,1,01,B01
200700057095,0,07,000,08,0,1,14,A01
200700057096,0,33,000,00,2,1,02,A01
200700057096,0,07,000,00,2,4,15,B01
200700057097,0,02,000,00,1,1,01,A01
200700057098,0,07,000,06,0,0,09,A01
200700057099,1,07,000,00,9,7,01,A01
200700057099,0,01,000,00,2,8,01,B01
200700057100,0,07,000,00,2,3,09,A01
200700057100,0,01,000,00,2,7,01,B01
200700057101,0,07,000,00,2,1,02,A01
200700057101,0,07,000,00,2,4,01,B01
200700057102,0,07,000,00,2,0,22,A01
200700057102,0,01,000,00,2,4,13,B01
200700057102,1,07,000,00,2,2,13,C01
200700057103,0,02,000,00,2,2,17,A01
200700057103,0,07,000,00,2,3,15,B01
200700057104,0,07,000,00,2,1,02,A01
200700057104,0,07,000,00,2,4,01,B01
200700057104,0,07,000,00,2,4,01,C01
200700057105,0,07,000,00,1,2,01,A01
200700057106,0,02,000,00,2,1,01,A01
200700057106,0,07,000,00,2,4,23,B01
200700057107,0,07,000,00,2,2,15,A01
200700057107,0,02,000,00,2,8,01,B01
200700057108,0,07,000,00,2,3,15,A01
200700057108,0,07,000,00,2,1,01,B01
200700057109,0,02,000,00,2,1,01,B01
200700057109,0,07,000,00,2,8,19,A01
200700057110,0,07,000,00,2,7,15,A01
200700057110,0,07,000,00,2,1,01,B01
200700057111,0,07,000,00,2,4,10,A01
200700057111,0,17,000,00,2,1,02,B01
200700057112,0,07,000,01,0,1,01,A01
200700057113,0,30,000,00,2,3,02,A01
200700057113,0,10,000,00,2,7,16,B01
200700057114,0,07,000,00,2,1,15,A01
200700057114,0,01,000,00,2,1,01,B01
200700057115,0,07,000,00,2,2,09,A01
200700057115,0,30,000,00,2,4,01,B01
200700057116,0,33,000,11,0,0,01,A01
200700057117,0,07,000,08,0,7,01,A01
200700057118,0,07,000,00,1,1,01,A01
200700057119,0,07,000,00,2,3,15,B01
200700057119,0,02,000,00,2,1,17,A01
200700057120,0,07,000,00,2,3,15,B01
200700057120,0,02,000,00,2,1,02,A01
200700057121,0,07,000,00,2,1,01,B01
200700057121,0,07,000,00,2,1,13,A01
200700057122,0,07,000,00,2,4,23,C01
200700057122,0,07,000,00,2,4,23,B01
200700057122,0,07,000,00,2,1,02,A01
200700057123,0,07,000,00,2,4,02,C01
200700057123,0,07,000,00,2,4,02,B01
200700057123,0,07,000,00,2,1,02,A01
200700057124,0,30,000,00,2,1,16,B01
200700057124,0,02,000,00,2,1,01,A01
200700057125,0,02,000,00,2,1,01,B01
200700057125,0,07,000,00,2,5,04,A01
200700057126,1,07,000,00,2,8,13,A01
200700057126,0,32,000,01,0,1,21,B01
200700057127,0,33,000,00,2,1,17,B01
200700057127,0,07,000,00,2,2,15,A01
200700057128,0,07,000,15,0,1,00,A01
200700057129,0,07,000,02,2,4,23,B01
200700057129,0,07,000,14,0,1,02,A01
200700057130,0,01,000,00,0,4,01,B01
200700057130,0,33,000,00,2,4,01,A01
200700057130,0,07,000,00,0,0,01,C01
200700057131,0,07,000,00,1,1,01,A01
200700057132,0,31,000,00,2,7,01,B01
200700057132,0,07,000,00,2,3,11,A01
200700057133,0,07,000,00,0,8,01,B01
200700057133,0,07,000,00,2,2,15,A01
200700057134,0,07,000,00,2,1,01,A01
200700057134,0,07,000,00,0,8,15,B01
200700057135,0,33,000,00,2,1,01,B01
200700057135,0,07,000,00,0,8,10,A01
200700057136,0,10,000,00,0,3,01,B01
200700057136,0,07,000,00,2,3,13,A01
200700057137,0,07,000,08,0,2,14,A01
200700057138,0,01,000,00,2,7,01,B01
200700057138,0,07,000,00,0,8,22,A01
200700057139,0,07,000,00,1,1,00,A01
200700057140,0,07,000,00,1,2,01,A01
200700057141,0,02,000,00,2,1,17,B01
200700057141,0,07,000,00,0,2,15,A01
200700057142,0,07,000,00,0,8,15,B01
200700057142,0,02,000,00,2,1,17,A01
200700057143,0,07,000,00,2,8,01,B01
200700057143,0,33,000,01,2,1,16,A01
200700057144,0,33,000,00,2,8,01,A01
200700057144,0,07,000,00,2,3,01,B01
200700057145,0,33,000,00,0,8,01,A01
200700057145,1,07,000,00,0,5,14,B01
200700057146,0,07,000,00,0,3,01,B01
200700057146,0,07,000,00,2,3,13,A01
200700057147,0,30,000,00,2,1,01,B01
200700057147,0,07,000,00,0,3,16,A01
200700057148,0,07,000,00,2,1,02,A01
200700057148,0,07,000,00,0,4,01,B01
200700057149,0,07,000,08,0,1,13,A01
200700057150,0,02,000,00,2,1,02,B01
200700057150,0,07,000,00,2,5,03,A01
200700057151,0,07,000,00,0,0,02,A01
200700057152,0,07,000,00,2,5,10,A01
200700057152,0,33,000,00,2,1,01,B01
200700057153,0,07,000,12,0,1,01,A01
200700057154,0,07,000,00,2,1,01,B01
200700057154,0,01,000,00,2,0,01,A01
200700057155,0,07,000,00,2,6,15,B01
200700057155,0,33,000,00,2,1,01,A01
200700057156,0,33,000,06,0,1,01,A01
200700057157,0,30,000,12,0,8,01,A01
200700057158,0,07,000,00,1,2,01,A01
200700057159,0,07,000,00,2,1,13,A01
200700057159,0,07,000,00,2,1,01,B01
200700057160,0,07,000,00,2,2,01,B01
200700057160,1,07,000,00,2,8,10,A01
200700057161,0,07,000,00,2,2,15,A01
200700057161,0,02,000,00,2,0,01,B01
200700057162,0,07,000,01,0,3,01,A01
200700057162,0,07,000,00,2,5,24,C01
200700057163,0,07,000,00,1,7,13,A01
200700057164,1,07,000,00,1,1,01,A01
200700057165,0,07,000,00,2,3,15,A01
200700057165,0,02,000,00,2,1,01,B01
200700057166,0,07,000,00,1,1,04,A01
200700057167,0,07,000,00,0,8,24,B01
200700057167,1,07,000,01,2,2,00,A01
200700057168,0,01,000,00,2,1,01,A01
200700057168,0,07,000,00,2,2,02,B01
200700057169,0,07,000,00,2,1,01,B01
200700057169,0,07,000,00,2,3,15,A01
200700057170,0,07,000,02,0,9,13,A01
200700057171,0,07,000,06,0,1,01,A01
200700057172,0,30,000,00,2,1,01,A01
200700057172,0,01,000,00,2,1,01,B01
200700057173,0,01,000,00,2,8,00,A01
200700057173,0,07,000,00,9,3,01,B01
200700057174,0,10,000,06,2,2,17,A01
200700057174,0,10,000,00,2,3,15,B01
200700057175,0,07,000,00,2,8,11,A01
200700057175,0,07,000,00,2,7,01,B01
200700057176,0,01,000,00,2,1,01,A01
200700057176,0,01,000,00,2,1,01,B01
200700057177,0,01,000,00,2,1,19,A01
200700057177,0,07,000,00,2,1,01,B01
200700057178,0,07,000,00,1,1,01,A01
200700057179,0,07,000,00,2,1,01,B01
200700057179,0,07,000,00,2,1,15,A01
200700057180,1,07,000,00,2,1,01,A01
200700057180,0,34,000,00,2,8,01,B01
200700057181,1,07,000,00,2,2,17,A01
200700057181,0,01,000,00,2,4,01,B01
200700057182,0,07,000,00,2,3,15,A01
200700057182,0,01,000,00,2,1,01,B01
200700057183,0,07,000,00,1,1,01,A01
200700057184,0,07,000,00,2,1,01,B01
200700057184,0,07,000,00,2,2,15,A01
200700057185,0,07,000,00,0,1,01,A01
200700057186,0,32,000,00,2,1,01,A01
200700057186,0,07,000,00,2,3,11,B01
200700057187,0,07,000,00,2,1,01,A01
200700057187,0,07,000,00,2,4,01,B01
200700057187,0,07,000,00,2,4,01,C01
200700057187,0,07,000,00,2,4,01,D01
200700057188,0,07,000,00,1,3,01,A01
200700057189,0,07,000,00,1,1,16,A01
200700057190,0,07,000,00,2,8,01,A01
200700057190,0,07,000,00,2,1,01,B01
200700057191,0,07,000,00,2,1,14,A01
200700057191,0,10,000,00,2,7,01,B01
200700057192,0,07,000,00,2,1,01,B01
200700057192,0,30,000,00,2,2,01,A01
200700057193,0,07,000,00,2,1,15,A01
200700057193,0,07,000,00,2,3,15,B01
200700057194,0,07,000,00,2,7,15,A01
200700057194,0,30,000,00,2,1,01,B01
200700057195,0,03,000,00,2,1,17,A01
200700057195,0,07,000,00,2,4,23,B01
200700057195,0,07,000,00,2,1,01,C01
200700057196,0,07,000,00,1,1,01,A01
200700057197,0,33,000,00,0,8,01,A01
200700057198,0,07,000,00,2,7,15,A01
200700057198,0,07,000,00,2,1,01,B01
200700057199,0,01,000,00,2,3,15,A01
200700057199,0,07,000,00,2,1,01,B01
200700057200,0,07,000,00,2,8,16,A01
200700057200,0,01,000,00,2,1,19,B01
200700057201,0,07,000,00,2,1,01,A01
200700057201,0,07,000,00,2,4,01,B01
200700057202,1,01,000,00,1,1,01,A01
200700057203,0,07,000,00,2,1,01,A01
200700057203,0,07,000,00,2,7,01,B01
200700057204,0,07,000,00,2,1,09,A01
200700057204,0,01,000,00,2,1,01,B01
200700057205,0,07,000,00,2,1,01,A01
200700057205,0,01,000,00,2,3,15,B01
200700057206,1,07,000,00,2,3,15,A01
200700057206,0,33,000,00,2,3,23,B01
200700057206,0,07,000,00,2,1,23,C01
200700057207,0,07,000,07,0,1,01,A01
200700057208,0,07,000,06,0,1,15,A01
200700057209,0,07,000,00,2,8,01,B01
200700057209,0,07,000,00,2,1,01,A01
200700057210,0,07,000,00,2,1,00,A01
200700057210,0,07,000,00,2,7,01,B01
200700057211,0,07,000,00,2,1,01,A01
200700057211,0,07,000,00,2,4,01,B01
200700057212,0,07,000,00,2,2,10,A01
200700057212,0,32,000,00,2,1,01,B01
200700057213,0,07,000,00,2,4,01,B01
200700057213,0,02,000,00,2,1,01,A01
200700057214,0,37,001,00,1,2,00,A01
200700057215,0,07,000,00,2,3,01,A01
200700057215,0,30,000,00,2,4,23,B01
200700057216,0,07,000,00,2,3,01,A01
200700057216,0,01,000,00,2,1,15,B01
200700057217,0,07,000,00,2,1,01,B01
200700057217,0,07,000,00,2,7,01,A01
200700057218,0,01,000,00,2,3,19,A01
200700057218,0,07,000,00,2,1,01,B01
200700057219,0,01,000,00,2,1,01,A01
200700057219,0,07,000,00,2,7,01,B01
200700057220,0,30,000,00,2,1,01,B01
200700057220,0,07,000,00,2,0,00,A01
200700057221,0,07,000,00,1,2,01,A01
200700057222,0,07,000,00,2,3,01,B01
200700057222,0,34,000,00,2,1,01,A01
200700057223,0,01,000,00,2,0,00,B01
200700057223,1,07,000,00,2,0,01,A01
200700057224,0,01,000,00,2,1,01,A01
200700057224,0,07,000,00,2,1,01,B01
200700057225,1,07,000,00,2,3,11,A01
200700057225,0,02,000,00,2,7,01,B01
200700057226,0,01,000,00,1,1,01,A01
200700057227,0,07,000,00,1,7,01,A01
200700057228,0,07,000,00,2,6,02,A01
200700057228,0,02,000,00,2,1,02,B01
200700057229,0,01,000,00,2,0,01,B01
200700057229,0,14,000,00,2,1,16,A01
200700057230,0,01,000,00,2,8,05,B01
200700057230,0,07,000,00,2,1,16,A01
200700057231,0,07,000,00,2,7,15,A01
200700057231,0,07,000,00,2,1,01,B01
200700057232,0,07,000,00,1,2,01,A01
200700057233,0,07,000,00,2,2,01,A01
200700057233,0,01,000,00,2,1,01,B01
200700057234,0,07,000,00,1,4,04,A01
200700057235,0,30,000,00,2,2,01,B01
200700057235,0,02,000,01,0,1,14,A01
200700057236,1,10,000,00,2,2,17,A01
200700057236,0,01,000,00,2,3,01,B01
200700057237,0,30,000,00,2,1,01,A01
200700057237,0,07,000,00,2,1,15,B01
200700057238,0,07,000,04,2,7,05,A01
200700057238,0,07,000,00,2,1,00,B01
200700057239,0,07,000,00,1,1,01,A01
200700057240,0,07,000,00,2,1,17,A01
200700057240,0,07,000,09,0,8,15,B01
200700057241,0,02,000,00,0,9,01,A01
200700057241,0,38,001,00,0,3,01,B01
200700057242,0,07,000,00,2,3,10,A01
200700057242,0,07,000,00,2,2,01,B01
200700057243,0,07,000,00,2,1,15,A01
200700057243,0,02,000,00,2,1,05,B01
200700057244,0,30,000,00,2,1,01,A01
200700057244,0,07,000,00,2,3,01,B01
200700057245,0,33,000,00,2,0,21,A01
200700057246,0,10,000,00,1,2,01,A01
200700057247,0,07,000,00,2,1,01,A01
200700057247,0,10,000,00,2,4,02,B01
200700057247,0,07,000,00,0,4,02,C01
200700057248,0,01,000,00,0,4,02,B01
200700057248,0,30,000,00,2,1,02,A01
200700057249,0,07,000,00,1,1,01,A01
200700057250,0,07,000,00,2,1,02,A01
200700057250,0,03,000,00,2,4,02,B01
200700057250,0,07,000,00,2,4,02,C01
200700057251,0,02,000,01,2,1,19,A01
200700057251,0,07,000,00,2,3,01,B01
200700057252,0,07,000,00,2,3,01,B01
200700057252,0,07,000,00,2,2,01,A01
200700057253,1,07,000,00,1,1,02,A01
200700057254,0,07,000,00,1,1,01,A01
200700057255,0,07,000,00,1,1,01,A01
200700057256,0,07,000,00,2,3,13,A01
200700057256,0,07,000,00,2,3,01,B01
200700057257,0,07,000,00,2,1,02,A01
200700057257,0,07,000,00,2,1,02,B01
200700057258,0,07,000,00,0,8,15,A01
200700057258,0,33,000,00,2,8,21,B01
200700057259,0,07,000,00,0,3,00,A01
200700057259,0,01,000,00,2,2,15,B01
200700057260,0,07,000,00,0,5,15,A01
200700057260,0,02,000,00,2,1,21,B01
200700057261,0,07,000,00,2,1,01,A01
200700057261,0,10,000,00,2,3,01,B01
200700057262,0,33,000,00,2,1,01,A01
200700057262,0,07,000,00,2,8,15,B01
200700057263,0,34,000,00,2,1,01,A01
200700057263,0,07,000,00,2,4,23,B01
200700057264,0,07,000,00,2,1,01,A01
200700057264,0,07,000,00,2,4,01,B01
200700057264,0,07,000,00,0,4,01,C01
200700057265,0,33,000,00,2,1,01,A01
200700057265,0,07,000,00,2,1,15,B01
200700057266,0,15,000,00,1,2,01,A01
200700057267,0,07,000,00,2,3,15,A01
200700057267,0,33,000,00,2,1,01,B01
200700057268,0,33,000,00,2,2,01,A01
200700057268,0,07,000,00,2,1,09,B01
200700057269,0,30,000,00,0,7,01,A01
200700057270,0,18,000,00,9,7,02,A01
200700057270,0,01,000,00,2,1,02,B01
200700057271,0,32,000,00,0,7,01,B01
200700057271,0,07,000,00,0,2,09,A01
200700057272,0,07,000,00,1,1,16,A01
200700057273,0,07,000,00,1,1,01,A01
200700057274,0,34,000,00,2,1,17,B01
200700057274,0,10,000,00,2,8,15,A01
200700057275,0,07,000,12,2,3,01,B01
200700057275,0,07,000,00,2,3,15,A01
200700057276,0,14,000,00,2,8,11,B01
200700057276,0,30,000,00,2,8,01,A01
200700057277,0,02,000,00,2,1,17,B01
200700057277,0,07,000,00,2,3,15,A01
200700057278,0,33,000,00,2,1,01,B01
200700057278,0,07,000,00,2,5,15,A01
200700057279,0,07,000,00,2,7,01,A01
200700057279,0,07,000,00,2,1,01,B01
200700057280,0,07,000,00,2,2,15,A01
200700057280,0,07,000,12,2,3,01,B01
200700057281,0,07,000,00,2,6,15,A01
200700057281,0,30,000,00,2,1,13,B01
200700057282,0,07,000,00,9,1,00,A01
200700057283,0,07,000,00,1,1,01,A01
200700057284,0,10,000,00,2,1,01,A01
200700057284,0,07,000,00,0,4,01,B01
200700057285,0,07,000,00,2,3,01,A01
200700057285,0,07,000,00,2,1,01,B01
200700057286,0,07,000,00,2,8,19,A01
200700057286,0,33,000,00,2,1,01,B01
200700057287,0,07,000,00,9,1,01,A01
200700057287,0,01,000,00,2,7,00,B01
200700057288,0,30,000,00,2,1,00,B01
200700057288,0,03,000,00,2,3,00,A01
200700057289,0,30,000,00,2,0,00,A01
200700057289,1,07,000,00,2,0,00,B01
200700057290,0,07,000,01,2,9,01,A01
200700057290,0,07,000,00,0,3,01,B01
200700057291,0,07,000,00,2,7,01,A01
200700057291,0,32,000,00,2,1,01,B01
200700057292,0,01,000,00,1,1,01,A01
200700057293,0,07,000,00,2,6,01,B01
200700057293,0,30,000,00,2,2,17,A01
200700057294,1,07,000,00,1,1,01,A01
200700057295,0,33,000,00,2,4,01,B01
200700057295,0,07,000,00,2,1,01,A01
200700057295,0,07,000,00,2,4,01,C01
200700057296,0,02,000,00,2,8,01,B01
200700057296,0,07,000,00,2,3,15,A01
200700057297,0,07,000,00,1,2,16,A01
200700057298,0,07,000,00,2,1,01,B01
200700057298,0,07,000,00,2,3,13,A01
200700057299,0,02,000,15,2,0,19,A01
200700057299,0,07,000,00,2,1,01,B01
200700057300,0,07,000,00,2,7,01,B01
200700057300,0,07,000,00,2,3,01,C01
200700057300,0,07,000,00,2,2,15,A01
200700057301,0,02,000,00,2,1,17,A01
200700057301,0,07,000,00,0,3,09,B01
200700057302,0,07,000,00,1,2,01,A01
200700057303,0,01,000,00,2,8,11,A01
200700057303,1,07,000,00,2,8,01,B01
200700057304,0,07,000,00,2,7,15,A01
200700057304,0,07,000,00,2,2,01,B01
200700057305,0,14,000,00,2,2,01,A01
200700057305,0,07,000,00,2,4,01,B01
200700057305,0,10,000,00,2,4,01,C01
200700057306,1,07,000,00,1,2,01,A01
200700057307,0,30,000,00,2,1,15,A01
200700057307,0,07,000,00,9,3,01,B01
200700057307,0,07,000,00,9,3,01,C01
200700057308,0,07,000,00,1,1,01,A01
200700057309,0,07,000,00,1,1,01,A01
200700057310,0,33,000,00,2,1,21,A01
200700057310,0,01,000,00,0,3,15,B01
200700057311,0,07,000,00,2,1,01,A01
200700057311,0,07,000,00,2,4,16,B01
200700057312,0,30,000,01,2,1,02,A01
200700057312,0,07,000,00,2,5,23,B01
200700057313,0,07,000,00,0,0,01,A01
200700057314,0,02,000,00,2,8,18,A01
200700057314,0,07,000,00,2,5,01,B01
200700057314,0,07,000,00,2,7,01,C01
200700057314,0,07,000,06,2,2,13,D01
200700057315,0,10,000,00,2,6,23,A01
200700057315,0,30,000,00,2,1,01,B01
200700057316,0,33,000,00,0,0,01,B01
200700057316,0,07,000,00,9,7,15,A01
200700057317,0,07,000,00,2,1,01,A01
200700057317,0,07,000,00,2,7,01,B01
200700057318,0,07,000,00,2,2,15,A01
200700057318,0,02,000,00,2,1,01,B01
200700057319,0,07,000,00,2,8,01,B01
200700057319,0,07,000,00,2,7,01,A01
200700057320,0,14,000,00,2,2,01,B01
200700057320,0,07,000,00,2,1,15,A01
200700057321,0,07,000,00,2,6,15,B01