Num_Acc,senc,catv,occutc,obs,obsm,choc,manv,num_veh
200700057321,0,07,000,00,2,8,01,A01
200700057322,0,07,000,00,1,0,01,A01
200700057323,0,07,000,00,2,1,00,A01
200700057323,0,33,000,00,2,4,01,C01
200700057323,0,07,000,00,2,5,01,B01
200700057324,0,07,000,00,2,1,01,A01
200700057324,0,07,000,00,2,1,01,B01
200700057325,0,07,000,00,2,1,15,A01
200700057325,0,07,000,00,2,1,01,B01
200700057326,0,07,000,00,2,1,05,A01
200700057326,0,07,000,00,2,3,13,B01
200700057327,0,07,000,00,9,2,01,B01
200700057327,0,01,000,00,2,2,00,A01
200700057328,0,02,000,12,0,7,14,A01
200700057329,0,30,000,14,0,1,13,A01
200700057330,0,02,000,00,2,1,17,A01
200700057330,0,07,000,00,0,8,01,B01
200700057331,0,01,000,00,0,7,05,A01
200700057331,0,07,000,00,2,1,01,B01
200700057332,0,07,000,00,2,1,02,A01
200700057332,0,07,000,01,0,4,01,B01
200700057332,0,07,000,00,0,4,24,C01
200700057333,0,07,000,00,2,1,01,A01
200700057333,0,02,000,00,0,7,01,B01
200700057334,0,07,000,00,2,1,02,A01
200700057334,0,07,000,00,0,4,01,B01
200700057335,0,01,000,06,0,1,01,A01
200700057336,0,30,000,00,2,1,16,A01
200700057336,0,07,000,00,2,8,01,B01
200700057337,0,30,000,00,2,1,01,A01
200700057337,0,07,000,00,2,6,01,B01
200700057338,0,30,000,00,2,1,01,A01
200700057338,0,07,000,00,0,5,15,B01
200700057339,0,07,000,00,2,2,01,B01
200700057339,0,07,000,00,2,3,15,A01
200700057340,0,07,000,06,0,1,01,A01
200700057341,0,07,000,06,2,7,01,A01
200700057342,0,02,000,00,2,8,01,A01
200700057342,0,07,000,00,2,1,15,B01
200700057343,0,07,000,00,2,1,01,A01
200700057343,0,07,000,00,0,4,23,B01
200700057344,0,33,000,00,0,0,01,A01
200700057345,0,07,000,00,2,3,15,A01
200700057345,0,33,000,00,2,1,01,B01
200700057346,0,01,000,00,2,1,15,A01
200700057346,0,07,000,00,2,7,01,B01
200700057347,0,02,000,00,2,1,17,A01
200700057347,0,07,000,00,2,3,15,B01
200700057348,0,02,000,00,0,7,01,A01
200700057349,0,02,000,00,2,1,17,B01
200700057349,0,07,000,00,2,3,15,A01
200700057350,0,10,000,00,1,6,04,A01
200700057351,0,02,000,16,0,1,01,A01
200700057352,0,07,000,00,1,1,17,A01
200700057353,0,07,000,00,2,7,15,A01
200700057353,0,07,000,00,0,1,01,B01
200700057354,0,07,000,00,1,7,01,A01
200700057355,0,07,000,00,2,4,10,A01
200700057355,0,02,000,00,0,1,01,B01
200700057356,0,37,001,00,1,2,01,A01
200700057357,0,02,000,00,2,1,01,A01
200700057357,0,07,000,00,0,4,23,B01
200700057358,0,07,000,00,2,7,15,A01
200700057358,0,31,000,00,0,1,01,B01
200700057359,0,07,000,00,1,1,01,A01
200700057360,0,07,000,16,0,1,01,A01
200700057361,0,02,000,00,0,7,01,A01
200700057361,0,07,000,00,2,1,01,B01
200700057362,0,02,000,00,2,1,01,A01
200700057362,0,07,000,00,0,1,15,B01
200700057363,0,07,000,00,1,1,01,A01
200700057364,0,02,000,16,0,8,01,A01
200700057364,0,20,000,00,2,0,01,B01
200700057365,0,07,000,00,2,1,01,A01
200700057365,0,07,000,00,0,4,23,B01
200700057366,0,01,000,16,0,0,01,A01
200700057367,0,02,000,00,2,1,01,B01
200700057367,0,07,000,00,0,1,15,A01
200700057368,0,07,000,00,2,1,01,A01
200700057369,0,33,000,16,0,1,15,A01
200700057370,0,33,000,00,2,1,01,A01
200700057370,0,07,000,00,0,1,15,B01
200700057371,0,02,000,14,0,0,01,A01
200700057372,0,02,000,00,0,1,01,A01
200700057372,0,07,000,00,2,7,16,B01
200700057373,0,07,000,00,2,8,22,A01
200700057373,0,01,000,01,0,7,01,B01
200700057374,0,07,000,00,1,1,01,A01
200700057375,0,01,000,00,2,1,01,A01
200700057375,0,07,000,00,0,1,01,B01
200700057376,0,07,000,00,2,3,11,A01
200700057376,0,07,000,00,0,5,01,B01
200700057377,0,07,000,00,2,1,01,B01
200700057377,0,10,000,00,0,5,01,A01
200700057378,0,02,000,00,2,7,17,A01
200700057378,0,02,000,00,0,1,01,B01
200700057379,0,07,000,00,2,2,01,A01
200700057379,0,07,000,00,0,1,01,B01
200700057380,0,07,000,00,0,1,01,A01
200700057380,0,33,000,00,0,4,01,B01
200700057381,0,02,000,00,0,2,01,B01
200700057381,0,07,000,00,2,3,09,A01
200700057382,0,07,000,00,2,1,01,A01
200700057382,0,07,000,00,0,1,01,C01
200700057382,0,07,000,00,2,1,16,B01
200700057383,0,20,000,00,1,1,01,A01
200700057384,0,07,000,00,0,2,15,B01
200700057384,0,33,000,00,2,3,01,A01
200700057385,0,02,000,00,2,2,01,A01
200700057385,0,07,000,00,0,3,09,B01
200700057386,0,07,000,00,0,8,15,B01
200700057386,0,07,000,00,2,3,01,A01
200700057387,0,02,000,00,2,7,01,A01
200700057387,0,07,000,00,0,6,23,B01
200700057388,0,07,000,16,0,1,01,A01
200700057389,0,02,000,00,2,3,01,A01
200700057390,0,07,000,06,0,1,01,A01
200700057391,0,33,000,16,0,1,01,A01
200700057392,0,07,000,06,0,1,01,A01
200700057393,0,07,000,00,1,2,01,A01
200700057394,0,07,000,00,1,1,01,A01
200700057395,0,07,000,00,1,3,01,A01
200700057396,0,07,000,00,0,0,20,A01
200700057396,0,33,000,00,0,7,21,B01
200700057397,0,33,000,00,2,1,00,B01
200700057397,0,07,000,00,0,3,15,A01
200700057398,0,30,000,00,2,2,05,A01
200700057398,0,10,000,00,9,3,06,B01
200700057399,0,14,000,00,2,8,00,A01
200700057399,0,07,000,00,2,3,00,B01
200700057400,0,13,000,00,1,3,00,A01
200700057401,0,07,000,00,2,1,02,A01
200700057401,0,07,000,00,0,4,01,B01
200700057402,0,33,000,03,0,8,17,A01
200700057402,1,07,000,00,0,0,13,B01
200700057403,0,07,000,00,2,1,02,A01
200700057403,0,07,000,00,0,4,01,B01
200700057404,0,07,000,00,1,1,01,A01
200700057405,0,07,000,00,1,1,01,A01
200700057406,0,17,000,00,2,3,13,A01
200700057406,0,07,000,00,0,1,01,B01
200700057407,0,02,000,00,0,0,01,A01
200700057408,0,32,000,00,2,8,13,A01
200700057408,0,07,000,00,9,3,01,B01
200700057409,0,07,000,00,1,1,15,A01
200700057410,0,07,000,00,2,2,15,A01
200700057410,0,02,000,00,2,1,17,B01
200700057411,0,07,000,00,2,1,02,A01
200700057411,0,07,000,00,0,4,02,B01
200700057412,0,31,000,00,2,0,18,A01
200700057412,0,07,000,00,9,0,20,B01
200700057413,0,02,000,00,2,7,15,B01
200700057413,0,07,000,00,2,3,01,A01
200700057414,0,02,000,00,2,1,09,A01
200700057414,0,07,000,00,2,3,01,B01
200700057415,0,07,000,00,2,1,02,A01
200700057415,0,07,000,00,2,4,02,B01
200700057415,0,07,000,00,2,4,02,C01
200700057416,0,10,000,00,1,4,04,A01
200700057417,0,02,000,08,0,1,01,A01
200700057418,0,15,000,14,2,1,17,A01
200700057418,0,07,000,00,2,4,23,B01
200700057418,0,07,000,14,0,4,17,C01
200700057419,0,07,000,01,0,9,01,A01
200700057420,0,07,000,00,2,7,15,A01
200700057420,0,07,000,00,2,3,00,B01
200700057421,0,33,000,00,2,1,13,A01
200700057421,0,37,001,00,2,1,01,B01
200700057422,0,10,000,00,1,1,01,A01
200700057423,0,07,000,00,9,6,00,A01
200700057423,0,01,000,00,2,1,00,B01
200700057424,0,07,000,00,1,1,01,A01
200700057425,0,07,000,00,1,1,01,A01
200700057426,0,07,000,00,2,1,01,A01
200700057426,0,07,000,00,2,4,01,B01
200700057427,0,33,000,12,0,1,01,A01
200700057428,2,07,000,00,2,1,15,A01
200700057428,0,07,000,00,2,1,01,B01
200700057429,0,07,000,09,0,1,01,A01
200700057430,1,30,000,00,1,7,17,A01
200700057431,0,07,000,00,1,1,15,A01
200700057432,0,07,000,01,2,7,01,A01
200700057432,0,33,000,00,2,1,01,B01
200700057433,0,07,000,00,2,7,15,A01
200700057433,0,30,000,00,2,1,01,B01
200700057434,0,07,000,08,0,3,00,A01
200700057435,2,07,000,00,9,1,01,A01
200700057435,0,30,000,00,0,4,01,B01
200700057436,0,07,000,05,0,1,01,A01
200700057437,0,01,000,00,0,1,00,A01
200700057438,0,33,000,01,2,9,13,A01
200700057438,0,30,000,00,2,1,01,B01
200700057439,0,17,000,00,2,2,01,A01
200700057439,0,07,000,00,2,8,15,B01
200700057440,0,07,000,00,2,1,01,A01
200700057440,0,31,000,04,2,0,02,B01
200700057441,0,07,000,00,2,2,15,A01
200700057441,0,07,000,00,2,2,01,B01
200700057442,0,31,000,00,2,1,21,B01
200700057442,0,07,000,00,2,2,15,A01
200700057443,0,07,000,00,2,1,01,A01
200700057443,0,07,000,00,2,1,02,B01
200700057443,0,07,000,00,2,4,01,C01
200700057444,0,33,000,00,0,2,02,A01
200700057445,0,01,000,00,2,1,13,A01
200700057445,0,30,000,00,2,1,17,B01
200700057446,0,07,000,13,0,1,01,A01
200700057447,0,07,000,00,2,3,15,A01
200700057447,0,07,000,00,2,7,15,B01
200700057448,0,07,000,00,1,4,20,A01
200700057449,0,07,000,00,2,6,11,A01
200700057449,0,33,000,00,2,7,01,B01
200700057450,0,07,000,00,2,1,13,A01
200700057450,0,07,000,00,2,3,01,B01
200700057451,0,07,000,00,2,2,01,A01
200700057451,0,07,000,00,2,3,01,B01
200700057452,0,07,000,00,2,3,02,A01
200700057452,0,07,000,00,0,6,13,B01
200700057453,0,02,000,00,1,1,01,A01
200700057454,0,07,000,00,1,3,13,A01
200700057454,0,01,000,00,2,0,00,B01
200700057455,0,07,000,00,2,1,02,A01
200700057455,0,07,000,00,2,1,02,B01
200700057455,0,07,000,00,9,4,02,C01
200700057456,0,07,000,14,2,3,01,A01
200700057456,0,07,000,00,2,1,01,B01
200700057457,0,07,000,00,0,0,00,A01
200700057457,0,07,000,00,0,0,00,C01
200700057457,0,07,000,00,0,0,00,B01
200700057458,0,07,000,00,0,0,00,A01
200700057459,1,07,000,00,1,1,15,A01
200700057460,0,02,000,00,2,1,01,A01
200700057460,0,07,000,00,2,6,15,B01
200700057461,0,33,000,12,0,7,02,A01
200700057462,0,30,000,00,2,1,15,A01
200700057462,0,07,000,00,0,6,15,B01
200700057463,0,33,000,05,0,8,01,A01
200700057464,0,07,000,09,0,1,01,A01
200700057465,0,31,000,09,2,1,01,B01
200700057465,0,07,000,00,2,5,15,A01
200700057466,0,15,000,01,0,7,20,A01
200700057467,0,37,000,00,2,7,01,A01
200700057467,0,01,000,00,2,0,17,B01
200700057468,0,07,000,00,2,1,02,A01
200700057468,0,33,000,00,2,4,02,B01
200700057469,0,07,000,00,1,2,01,A01
200700057470,0,07,000,00,2,3,15,A01
200700057470,0,10,000,00,2,7,01,B01
200700057471,0,07,000,00,1,2,01,A01
200700057472,0,07,000,00,2,5,17,A01
200700057472,0,33,000,04,2,1,17,B01
200700057473,0,07,000,00,2,5,02,A01
200700057473,0,07,000,00,2,3,02,B01
200700057474,0,07,000,00,1,2,04,A01
200700057475,0,35,000,00,0,0,00,A01
200700057476,0,07,000,00,2,3,00,A01
200700057476,0,07,000,00,2,3,01,B01
200700057477,0,20,000,00,2,2,15,A01
200700057477,0,02,000,00,2,1,01,B01
200700057478,0,17,000,02,2,1,14,A01
200700057478,0,07,000,00,2,2,01,B01
200700057479,0,07,000,00,1,7,01,A01
200700057480,0,33,000,16,0,1,00,A01
200700057481,0,07,000,04,0,4,01,A01
200700057482,0,30,000,00,2,1,01,B01
200700057482,0,07,000,00,2,3,10,A01
200700057483,0,07,000,00,0,9,01,A01
200700057484,0,07,000,12,2,5,04,A01
200700057484,0,02,000,00,2,1,01,B01
200700057485,0,07,000,02,2,1,13,A01
200700057485,0,07,000,00,2,1,01,B01
200700057486,0,33,000,00,2,1,02,A01
200700057486,0,07,000,00,2,4,01,B01
200700057487,0,07,000,09,2,0,00,A01
200700057487,0,07,000,00,2,6,01,B01
200700057488,0,07,000,09,0,1,05,A01
200700057489,0,33,000,00,2,1,01,B01
200700057489,0,07,000,00,9,8,15,A01
200700057490,0,33,000,04,0,8,14,A01
200700057491,1,34,000,00,1,1,01,A01
200700057492,0,02,000,00,2,1,01,B01
200700057492,0,07,000,00,2,1,09,A01
200700057493,0,07,000,00,9,3,09,B01
200700057493,0,32,000,00,2,1,01,A01
200700057494,0,30,000,13,0,0,01,A01
200700057495,0,07,000,00,0,3,17,A01
200700057495,0,10,000,00,0,0,21,B01
200700057496,0,07,000,00,2,1,01,A01
200700057496,0,10,000,00,2,4,02,B01
200700057496,0,07,000,00,0,4,23,C01
200700057497,0,30,000,00,1,1,17,A01
200700057498,0,07,000,00,2,3,10,A01
200700057498,0,33,000,00,2,7,21,B01
200700057499,0,07,000,00,6,9,01,A01
200700057500,0,02,000,00,2,2,17,A01
200700057500,0,07,000,00,2,8,15,B01
200700057501,0,01,000,13,0,1,05,A01
200700057501,0,01,000,13,0,1,00,B01
200700057502,0,07,000,00,2,2,19,A01
200700057502,0,07,000,00,2,1,01,B01
200700057503,0,07,000,00,1,2,01,A01
200700057504,0,07,000,02,0,3,14,A01
200700057505,0,07,000,00,2,3,01,A01
200700057505,0,07,000,00,2,3,02,B01
200700057506,0,07,000,00,1,1,15,A01
200700057507,0,33,000,00,2,2,05,A01
200700057507,0,07,000,00,2,3,00,B01
200700057508,0,07,000,14,2,3,01,A01
200700057508,0,07,000,00,2,8,01,B01
200700057508,0,07,000,00,2,1,23,C01
200700057509,0,07,000,00,2,8,01,A01
200700057509,0,10,000,00,2,1,01,B01
200700057510,0,17,000,00,2,3,01,A01
200700057510,0,07,000,00,2,3,01,B01
200700057511,0,33,000,00,2,1,17,A01
200700057511,0,07,000,00,2,8,15,B01
200700057512,0,07,000,00,1,7,04,A01
200700057513,0,07,000,00,2,8,15,A01
200700057513,0,07,000,06,2,2,01,B01
200700057514,0,07,000,00,1,2,01,A01
200700057515,0,37,001,00,2,1,02,A01
200700057515,0,07,000,00,0,4,01,B01
200700057516,0,38,001,00,2,1,02,A01
200700057516,0,07,000,00,0,4,01,B01
200700057517,0,30,000,00,1,1,01,A01
200700057518,0,07,000,00,2,8,11,A01
200700057518,0,02,000,00,2,1,01,B01
200700057519,0,07,000,00,1,2,01,A01
200700057520,0,07,000,00,2,7,04,A01
200700057520,0,07,000,00,2,2,01,B01
200700057521,0,02,000,00,0,7,01,A01
200700057522,0,07,000,00,2,1,02,A01
200700057522,0,07,000,00,2,4,23,B01
200700057522,0,07,000,00,2,4,23,C01
200700057523,0,07,000,00,2,1,01,B01
200700057523,0,07,000,00,2,8,09,A01
200700057524,0,07,000,12,1,8,01,A01
200700057525,0,30,000,08,0,1,01,A01
200700057526,0,07,000,00,2,2,02,A01
200700057526,0,01,000,00,0,4,01,B01
200700057527,0,07,000,00,2,1,02,A01
200700057527,0,30,000,00,0,4,02,B01
200700057528,0,07,000,00,1,3,01,A01
200700057529,0,07,000,00,2,1,01,B01
200700057529,0,07,000,00,2,8,01,A01
200700057530,0,07,000,00,2,3,15,A01
200700057530,0,01,000,00,2,1,01,B01
200700057531,0,01,000,00,1,1,01,A01
200700057532,0,10,000,00,2,3,10,A01
200700057532,0,33,000,00,2,1,01,B01
200700057533,0,02,000,00,2,1,02,B01
200700057533,0,07,000,00,2,3,09,A01
200700057534,0,30,000,00,2,7,01,A01
200700057534,0,07,000,00,2,1,09,B01
200700057535,0,07,000,00,0,0,00,A01
200700057535,0,32,000,00,0,0,00,B01
200700057536,0,15,000,00,2,3,02,A01
200700057536,0,07,000,00,2,4,02,B01
200700057536,0,07,000,00,2,4,00,C01
200700057537,0,07,000,00,2,1,01,A01
200700057537,0,07,000,00,2,4,01,B01
200700057538,0,07,000,00,0,0,00,A01
200700057539,0,14,000,00,0,0,00,A01
200700057540,0,07,000,11,0,1,01,A01
200700057541,0,07,000,00,9,7,21,A01
200700057541,0,01,000,00,0,8,13,B01
200700057542,0,07,000,00,2,2,01,B01
200700057542,0,07,000,00,2,3,15,A01
200700057543,0,30,000,00,2,1,01,A01
200700057543,0,07,000,00,0,4,23,B01
200700057544,0,07,000,00,1,1,01,A01
200700057545,0,07,000,00,2,3,02,B01
200700057545,0,33,000,00,2,1,16,A01
200700057546,0,33,000,00,2,1,13,A01
200700057546,0,07,000,00,2,3,01,B01
200700057546,0,33,000,00,2,1,01,C01
200700057547,0,07,000,00,9,2,01,B01
200700057547,0,30,000,00,2,3,01,A01
200700057548,0,07,000,00,2,1,01,B01
200700057548,0,07,000,00,2,7,05,A01
200700057549,0,07,000,00,1,2,01,A01
200700057550,0,33,000,09,0,1,01,A01
200700057551,0,33,000,00,0,4,23,B01
200700057551,0,07,000,00,0,1,02,A01
200700057552,0,02,000,00,2,1,01,A01
200700057553,0,07,000,08,0,7,02,A01
200700057554,0,07,000,00,2,5,01,A01
200700057554,0,33,000,00,2,1,01,B01
200700057555,0,33,000,00,2,1,01,A01
200700057555,0,07,000,00,2,3,15,B01
200700057556,0,10,000,00,2,1,01,A01
200700057556,0,07,000,00,2,4,23,B01
200700057557,0,07,000,00,1,2,01,A01
200700057558,0,30,000,00,0,8,00,B01
200700057558,0,13,000,00,0,8,00,A01
200700057559,0,07,000,00,2,1,02,A01
200700057559,0,02,000,00,2,4,23,B01
200700057560,0,07,000,00,2,3,10,A01
200700057560,0,02,000,00,2,7,01,B01
200700057561,0,07,000,00,2,5,23,B01
200700057561,0,07,000,00,2,1,20,A01
200700057562,0,07,000,00,1,1,01,A01
200700057563,0,07,000,00,1,2,16,A01
200700057564,0,10,000,00,2,3,01,A01
200700057564,0,30,000,00,2,1,01,B01
200700057565,0,10,000,00,2,2,01,B01
200700057565,0,07,000,00,2,1,01,A01
200700057566,0,07,000,00,2,3,13,A01
200700057566,0,07,000,00,2,3,01,B01
200700057567,0,01,000,00,2,7,01,B01
200700057567,0,07,000,00,2,1,09,A01
200700057568,0,07,000,00,1,7,01,A01
200700057569,0,07,000,00,2,1,02,A01
200700057569,0,07,000,00,0,4,23,B01
200700057570,0,07,000,00,2,1,01,A01
200700057570,0,07,000,00,0,4,01,B01
200700057571,0,10,000,00,2,5,20,A01
200700057571,0,01,000,00,2,8,01,B01
200700057572,0,33,000,00,2,1,01,B01
200700057572,0,07,000,00,2,2,15,A01
200700057573,0,07,000,00,2,2,10,A01
200700057573,0,10,000,00,2,1,01,B01
200700057574,0,10,000,00,2,6,15,A01
200700057574,0,33,000,00,2,1,01,B01
200700057575,0,01,000,00,2,2,19,A01
200700057575,0,07,000,00,2,1,01,B01
200700057576,0,07,000,00,2,1,02,A01
200700057576,0,07,000,00,0,4,01,B01
200700057577,0,07,000,00,2,1,01,A01
200700057577,0,10,000,00,2,4,23,B01
200700057578,0,07,000,00,1,1,01,A01
200700057579,0,01,000,00,2,7,01,A01
200700057579,0,07,000,00,2,1,01,B01
200700057580,0,33,000,02,0,8,01,A01
200700057581,0,30,000,00,2,8,02,A01
200700057581,0,07,000,00,0,5,02,B01
200700057582,0,10,000,00,0,1,01,A01
200700057583,0,33,000,08,0,8,02,A01
200700057584,0,33,000,00,2,7,17,A01
200700057584,0,07,000,00,2,8,15,B01
200700057585,0,07,000,00,1,1,01,A01
200700057586,0,07,000,00,2,2,01,A01
200700057586,0,07,000,00,0,4,01,B01
200700057587,0,07,000,00,2,8,11,A01
200700057587,0,07,000,00,2,2,01,B01
200700057588,0,33,000,00,2,0,21,B01
200700057588,0,07,000,01,9,0,09,A01
200700057589,0,30,000,00,2,1,02,A01
200700057589,0,07,000,00,2,3,11,B01
200700057590,0,33,000,00,0,8,01,A01
200700057591,0,30,000,12,2,1,01,B01
200700057591,0,10,000,00,2,3,11,A01
200700057592,0,13,000,00,2,1,09,A01
200700057592,0,33,000,00,2,1,00,B01
200700057593,0,13,000,00,2,3,13,A01
200700057593,0,33,000,12,2,1,17,B01
200700057594,0,15,000,00,1,2,01,A01
200700057595,0,13,000,15,0,9,00,A01
200700057596,0,07,000,02,0,1,14,A01
200700057597,0,02,000,00,2,1,01,A01
200700057597,0,07,000,00,0,4,01,B01
200700057598,0,33,000,00,0,1,01,A01
200700057599,0,07,000,00,2,2,20,A01
200700057599,0,30,000,00,2,8,02,B01
200700057600,0,07,000,00,2,1,02,B01
200700057600,0,07,000,00,2,1,02,A01
200700057601,0,07,000,08,0,1,02,A01
200700057602,0,10,000,00,0,1,02,A01
200700057603,0,07,000,02,0,1,02,A01
200700057604,0,07,000,00,0,1,02,A01
200700057604,0,07,000,00,0,4,02,B01
200700057605,0,02,000,00,2,1,02,A01
200700057605,0,37,015,00,2,4,24,B01
200700057606,0,07,000,00,2,2,12,A01
200700057606,0,07,000,00,2,3,02,B01
200700057607,0,07,000,00,2,4,00,C01
200700057607,0,07,000,00,2,1,02,A01
200700057607,0,07,000,00,2,4,02,B01
200700057608,0,10,000,00,2,6,00,A01
200700057608,0,07,000,00,2,5,00,B01
200700057608,0,07,000,00,0,5,00,C01
200700057609,0,02,000,00,2,1,02,A01
200700057609,0,07,000,00,2,4,01,B01
200700057610,0,07,000,00,2,1,00,A01
200700057610,0,02,000,00,0,7,00,B01
200700057611,0,07,000,00,2,1,01,A01
200700057611,0,07,000,00,2,3,15,B01
200700057612,0,07,000,00,2,3,01,A01
200700057612,0,07,000,00,2,6,15,B01
200700057613,0,31,000,00,2,1,17,A01
200700057613,0,07,000,00,2,6,16,B01
200700057614,0,07,000,00,2,1,01,B01
200700057614,0,07,000,00,2,1,01,A01
200700057615,0,07,000,00,2,1,02,A01
200700057615,0,37,001,00,2,4,02,B01
200700057616,0,15,000,00,2,7,01,A01
200700057616,0,37,000,00,2,2,16,B01
200700057617,0,07,000,00,2,1,15,A01
200700057617,0,33,000,00,2,1,01,B01
200700057618,0,07,000,00,2,1,01,B01
200700057618,0,07,000,00,2,3,15,A01
200700057619,0,37,015,00,1,0,01,A01
200700057620,0,32,000,00,2,3,01,A01
200700057620,0,07,000,00,2,3,01,B01
200700057621,0,07,000,00,2,7,15,A01
200700057621,0,07,000,00,0,1,01,B01
200700057622,0,07,000,00,2,7,01,B01
200700057622,0,07,000,00,2,3,01,A01
200700057623,0,07,000,00,2,2,12,A01
200700057623,0,02,000,00,0,7,12,B01
200700057624,0,07,000,00,0,6,20,B01
200700057624,0,07,000,00,2,2,01,A01
200700057625,0,30,000,00,0,8,01,A01
200700057626,0,07,000,00,2,2,13,A01
200700057626,0,07,000,00,0,3,01,B01
200700057627,0,31,000,00,2,1,01,B01
200700057627,0,07,000,00,2,3,09,A01
200700057628,0,10,000,00,9,4,04,A01
200700057629,0,07,000,00,2,2,01,A01
200700057629,0,07,000,00,2,3,23,B01
200700057630,0,07,000,00,0,0,09,A01
200700057630,0,32,000,00,0,8,01,B01
200700057631,0,07,000,00,2,1,02,A01
200700057631,0,07,000,00,2,4,02,B01
200700057632,1,07,000,00,2,8,13,A01
200700057632,0,02,000,00,2,8,01,B01
200700057633,0,07,000,00,1,1,16,A01
200700057634,0,10,000,00,1,3,01,A01
200700057635,0,07,000,00,2,1,01,A01
200700057635,0,14,000,00,2,1,01,B01
200700057636,0,07,000,00,2,2,12,A01
200700057636,0,07,000,00,2,3,01,B01
200700057637,0,02,000,00,2,1,01,A01
200700057637,0,07,000,00,2,2,15,B01
200700057638,0,07,000,00,1,1,16,A01
200700057639,0,07,000,00,2,3,09,A01
200700057639,0,02,000,00,2,1,01,B01
200700057640,0,02,000,00,2,1,01,A01
200700057640,0,10,000,00,0,6,01,B01
200700057641,0,07,000,01,2,4,20,A01
200700057641,0,07,000,01,2,6,20,B01
200700057642,0,07,000,00,2,2,06,A01
200700057642,0,32,000,00,2,1,01,B01
200700057643,0,07,000,14,0,1,02,A01
200700057643,0,07,000,00,0,4,02,B01
200700057644,0,10,000,00,2,1,01,A01
200700057644,0,07,000,00,2,4,02,B01
200700057645,0,07,000,00,2,7,09,A01
200700057645,0,07,000,00,2,1,01,B01
200700057646,1,07,000,00,0,0,05,A01
200700057646,0,02,000,01,0,1,14,B01
200700057647,0,07,000,00,2,1,01,A01
200700057647,0,01,000,00,2,4,01,B01
200700057648,0,07,000,00,0,0,13,A01
200700057648,0,33,000,03,0,7,17,B01
200700057649,0,33,000,00,2,1,02,A01
200700057649,0,07,000,00,1,5,01,B01
200700057650,0,07,000,06,0,1,01,A01
200700057651,0,07,000,00,2,3,01,A01
200700057651,0,05,000,00,2,7,01,B01
200700057652,0,05,000,00,2,6,01,B01
200700057652,0,07,000,00,2,0,15,A01
200700057653,0,07,000,00,2,1,01,A01
200700057653,0,07,000,00,2,4,01,B01
200700057654,0,05,000,00,2,7,01,A01
200700057654,0,07,000,00,2,1,01,B01
200700057655,0,07,000,00,2,1,01,A01
200700057655,0,07,000,00,2,4,01,B01
200700057655,0,07,000,00,0,4,01,C01
200700057656,0,05,000,00,2,2,02,B01
200700057656,0,07,000,00,2,2,09,A01
200700057657,0,01,000,00,2,1,16,A01
200700057657,0,01,000,00,2,4,01,B01
200700057658,0,14,000,00,2,5,21,A01
200700057658,0,01,000,12,2,1,01,B01
200700057659,0,07,000,00,2,1,02,B01
200700057659,0,07,000,00,2,8,15,A01
200700057660,0,07,000,00,2,2,01,A01
200700057661,0,07,000,00,2,1,02,A01
200700057661,0,07,000,00,2,4,01,B01
200700057661,0,07,000,00,0,4,01,C01
200700057662,0,07,000,00,2,8,09,A01
200700057662,0,05,000,00,2,1,01,B01
200700057663,0,07,000,09,0,9,01,A01
200700057664,0,04,000,12,0,7,01,A01
200700057665,0,07,000,00,2,3,01,B01
200700057665,0,07,000,00,0,3,01,C01
200700057665,0,07,000,00,0,3,16,A01
200700057666,0,07,000,00,2,7,15,A01
200700057666,0,33,000,00,2,1,01,B01
200700057667,0,07,000,00,2,1,01,A01
200700057667,0,33,000,00,2,2,01,B01
200700057668,0,07,000,00,1,3,01,A01
200700057669,0,07,000,00,1,1,15,A01
200700057670,0,07,000,00,2,1,01,A01
200700057670,0,07,000,00,2,4,01,B01
200700057671,0,02,000,00,2,1,01,A01
200700057671,0,07,000,00,2,4,01,B01
200700057672,0,07,000,00,1,3,01,A01
200700057673,0,01,000,00,2,1,01,A01
200700057673,0,07,000,00,2,4,01,B01
200700057674,0,02,000,00,2,1,01,A01
200700057674,0,01,000,00,2,3,19,B01
200700057675,0,07,000,00,2,1,01,A01
200700057675,0,07,000,00,2,4,01,B01
200700057676,0,07,000,01,0,3,01,A01
200700057677,0,02,000,00,2,1,01,A01
200700057677,0,07,000,00,2,4,01,B01
200700057678,0,07,000,00,1,1,01,A01
200700057679,0,07,000,00,1,2,01,A01
200700057680,0,07,000,00,1,1,01,A01
200700057681,0,01,000,00,1,1,01,A01
200700057682,0,07,000,00,2,0,15,A01
200700057682,0,30,000,00,2,7,17,B01
200700057683,1,07,000,00,1,1,01,A01
200700057684,0,07,000,00,2,1,01,A01
200700057684,0,07,000,00,2,7,01,B01
200700057685,0,07,000,16,0,9,01,A01
200700057686,0,33,000,00,2,1,01,A01
200700057686,0,07,000,00,2,3,01,B01
200700057687,0,07,000,06,2,1,01,A01
200700057687,0,07,000,00,2,2,23,B01
200700057688,0,02,000,00,2,1,01,A01
200700057688,0,07,000,00,2,1,15,B01
200700057689,0,07,000,00,2,7,15,A01
200700057689,0,07,000,00,2,1,01,B01
200700057690,0,35,000,08,0,1,01,A01
200700057691,0,02,000,00,2,1,01,A01
200700057691,0,07,000,00,2,6,16,B01
200700057692,0,07,000,00,1,1,01,A01
200700057693,0,07,000,00,2,3,01,A01
200700057693,0,33,000,00,2,4,01,B01