Num_Acc,senc,catv,occutc,obs,obsm,choc,manv,num_veh
200700057694,0,10,000,00,1,5,04,A01
200700057695,0,07,000,08,0,1,01,A01
200700057696,0,07,000,00,2,1,01,A01
200700057696,0,07,000,00,2,4,01,B01
200700057697,0,07,000,00,1,1,01,A01
200700057698,0,07,000,00,2,1,01,A01
200700057698,0,01,000,01,2,7,01,B01
200700057699,0,02,000,00,2,1,01,A01
200700057699,0,07,000,00,2,8,20,B01
200700057700,0,07,000,03,0,9,01,A01
200700057701,0,07,000,00,2,1,01,A01
200700057701,0,01,000,00,0,4,01,B01
200700057702,0,07,000,15,0,1,01,A01
200700057703,0,30,000,02,2,1,05,A01
200700057703,0,07,000,00,2,2,01,B01
200700057704,0,07,000,00,2,1,01,A01
200700057704,0,07,000,00,2,4,01,B01
200700057705,0,02,000,00,2,1,01,A01
200700057705,0,07,000,00,2,4,23,B01
200700057706,0,07,000,00,2,1,09,A01
200700057706,0,07,000,00,2,2,01,B01
200700057707,0,30,000,00,2,1,11,A01
200700057707,0,07,000,00,2,5,01,B01
200700057708,0,33,000,01,2,1,17,A01
200700057708,0,07,000,00,2,1,15,B01
200700057709,0,07,000,08,0,1,01,A01
200700057710,0,07,000,13,0,8,01,A01
200700057711,0,07,000,13,0,7,01,A01
200700057712,0,07,000,00,0,0,09,A01
200700057712,0,31,000,12,0,1,21,B01
200700057713,0,07,000,00,0,8,15,A01
200700057713,0,30,000,00,2,2,17,B01
200700057714,0,07,000,00,2,1,01,A01
200700057714,0,07,000,00,0,4,23,B01
200700057715,0,07,000,00,2,3,13,A01
200700057715,0,07,000,00,2,3,01,B01
200700057716,0,07,000,00,2,1,00,A01
200700057716,1,10,000,15,2,2,00,B01
200700057717,0,02,000,00,0,1,01,A01
200700057717,1,07,000,00,2,3,13,B01
200700057718,0,07,000,00,2,3,15,A01
200700057718,0,33,000,00,2,7,17,B01
200700057719,0,07,000,00,2,2,15,A01
200700057719,0,02,000,00,2,1,05,B01
200700057720,0,07,000,00,2,9,17,A01
200700057720,0,10,000,00,2,2,15,B01
200700057721,0,07,000,00,0,5,00,A01
200700057721,0,07,000,00,0,1,05,B01
200700057722,0,10,000,13,0,9,14,A01
200700057723,0,15,000,00,2,1,02,A01
200700057723,0,07,000,00,2,4,23,B01
200700057724,0,07,000,00,1,3,01,A01
200700057725,0,07,000,00,2,1,13,A01
200700057725,0,07,000,00,2,3,01,B01
200700057726,0,07,000,00,2,2,17,A01
200700057726,0,07,000,00,2,2,15,B01
200700057727,0,07,000,15,2,8,01,B01
200700057727,0,07,000,00,2,3,19,A01
200700057728,0,07,000,00,2,1,02,A01
200700057728,0,07,000,00,2,4,02,B01
200700057729,0,07,000,00,2,1,09,A01
200700057729,0,02,000,00,2,1,19,B01
200700057730,0,10,000,00,2,3,15,A01
200700057730,0,07,000,00,2,3,01,B01
200700057731,0,07,000,15,0,1,01,A01
200700057732,0,33,000,00,2,7,17,A01
200700057732,0,07,000,00,2,8,15,B01
200700057733,0,07,000,00,1,1,00,A01
200700057734,0,07,000,00,2,1,02,A01
200700057734,0,07,000,00,2,4,02,B01
200700057735,0,07,000,13,0,1,00,A01
200700057736,0,02,000,00,2,1,01,A01
200700057736,0,07,000,00,2,2,15,B01
200700057737,0,07,000,15,0,7,01,B01
200700057737,0,07,000,13,0,1,14,A01
200700057738,0,02,000,00,2,8,19,A01
200700057738,0,07,000,00,2,1,01,B01
200700057739,0,07,000,00,1,1,15,A01
200700057740,0,34,000,13,6,9,01,A01
200700057741,0,07,000,09,2,1,01,B01
200700057741,0,07,000,03,2,5,19,A01
200700057742,0,01,000,00,2,1,02,B01
200700057742,0,07,000,00,9,5,04,A01
200700057743,0,07,000,00,2,8,15,A01
200700057743,0,32,000,00,2,1,17,B01
200700057744,0,07,000,00,2,7,15,A01
200700057744,0,02,000,00,2,1,01,B01
200700057745,0,07,000,00,2,3,15,A01
200700057745,0,33,000,00,2,8,01,B01
200700057746,0,07,000,00,2,2,17,A01
200700057746,0,07,000,00,2,6,02,B01
200700057746,0,07,000,00,2,2,05,C01
200700057746,0,07,000,00,2,1,02,D01
200700057747,0,07,000,00,2,3,13,A01
200700057747,0,07,000,00,2,3,02,B01
200700057748,0,33,000,00,2,1,02,A01
200700057748,0,07,000,00,0,4,02,B01
200700057749,0,07,000,06,0,3,00,A01
200700057750,0,07,000,13,2,3,15,A01
200700057750,0,33,000,00,2,1,17,B01
200700057751,0,07,000,00,0,0,17,C01
200700057751,0,32,000,00,2,1,02,A01
200700057751,0,07,000,00,2,4,02,B01
200700057752,0,32,000,00,2,1,01,B01
200700057752,0,07,000,00,2,2,15,A01
200700057753,0,07,000,00,2,2,01,A01
200700057753,0,31,000,00,2,1,01,B01
200700057754,0,07,000,06,0,1,01,A01
200700057755,0,07,000,00,2,8,15,A01
200700057755,0,31,000,00,2,1,01,B01
200700057756,0,07,000,00,9,0,23,A01
200700057756,0,01,000,12,2,0,01,B01
200700057757,0,34,000,00,2,1,01,A01
200700057757,0,07,000,00,2,6,20,B01
200700057758,0,07,000,00,1,3,01,A01
200700057759,0,02,000,00,0,7,00,A01
200700057760,0,01,000,15,2,0,02,A01
200700057760,0,07,000,00,2,7,02,B01
200700057761,0,07,000,00,1,2,01,A01
200700057762,0,07,000,00,2,3,10,A01
200700057762,0,33,000,00,2,5,01,B01
200700057763,0,07,000,00,2,7,12,A01
200700057763,0,33,000,00,2,8,01,B01
200700057764,0,07,000,00,2,1,15,B01
200700057764,0,30,000,00,2,2,01,A01
200700057765,0,10,000,00,2,2,15,A01
200700057765,0,07,000,00,2,1,01,B01
200700057766,0,07,000,01,1,1,11,A01
200700057767,0,07,000,00,2,3,02,A01
200700057767,0,07,000,00,2,5,00,B01
200700057768,0,33,000,00,0,0,21,B01
200700057768,0,07,000,00,2,7,23,A01
200700057769,0,07,000,00,2,3,06,A01
200700057769,0,07,000,00,2,8,23,B01
200700057770,0,33,000,00,2,1,02,A01
200700057770,0,33,000,00,2,6,02,B01
200700057771,0,07,000,00,2,8,01,B01
200700057771,1,07,000,00,2,0,00,A01
200700057772,0,07,000,00,1,2,01,A01
200700057773,0,33,000,00,2,1,01,A01
200700057773,0,07,000,00,2,3,15,B01
200700057774,0,07,000,00,1,2,00,A01
200700057775,0,33,000,00,2,1,01,A01
200700057775,1,99,000,00,2,3,13,B01
200700057776,0,07,000,00,0,3,19,A01
200700057776,0,31,000,00,2,7,01,B01
200700057777,0,07,000,00,1,3,01,A01
200700057778,0,07,000,00,2,1,02,A01
200700057778,0,02,000,00,2,4,01,B01
200700057779,0,07,000,00,2,7,01,A01
200700057779,0,07,000,00,2,1,01,B01
200700057780,0,07,000,00,2,1,02,A01
200700057780,0,07,000,00,2,4,15,B01
200700057781,0,37,010,00,2,1,01,A01
200700057781,0,07,000,00,0,4,01,B01
200700057782,0,02,000,00,2,8,01,A01
200700057782,1,10,000,00,0,0,02,B01
200700057783,0,07,000,14,0,1,02,A01
200700057783,0,07,000,00,0,4,23,B01
200700057784,0,07,000,00,1,3,01,A01
200700057785,0,07,000,00,1,7,01,A01
200700057786,0,33,000,00,2,1,03,A01
200700057786,0,07,000,00,2,3,01,B01
200700057787,0,33,000,09,0,1,14,A01
200700057788,0,07,000,00,0,4,23,B01
200700057788,0,07,000,00,2,1,02,A01
200700057789,0,07,000,00,0,3,01,A01
200700057790,0,07,000,00,0,8,06,B01
200700057790,0,07,000,12,2,2,06,A01
200700057791,0,07,000,00,2,1,01,B01
200700057791,0,07,000,00,2,8,15,A01
200700057792,0,07,000,00,1,1,01,A01
200700057793,1,07,000,00,0,0,00,B01
200700057793,0,07,000,11,0,1,00,A01
200700057794,0,07,000,00,1,1,15,A01
200700057795,0,10,000,00,1,4,04,A01
200700057796,0,07,000,00,1,1,01,A01
200700057797,0,30,000,00,2,1,01,A01
200700057797,0,07,000,00,0,3,01,B01
200700057798,0,07,000,00,2,7,00,A01
200700057798,0,33,000,00,2,8,00,B01
200700057799,0,07,000,00,1,2,01,A01
200700057800,0,07,000,00,1,2,00,A01
200700057801,0,07,000,00,2,3,01,A01
200700057801,0,07,000,00,2,2,01,B01
200700057802,0,07,000,00,2,2,15,A01
200700057802,0,32,000,00,2,1,01,B01
200700057803,0,33,000,00,2,2,21,B01
200700057803,0,07,000,00,2,8,23,C01
200700057803,0,07,000,00,2,3,15,A01
200700057804,0,07,000,00,2,8,01,A01
200700057804,1,07,000,00,2,8,13,B01
200700057805,0,30,000,00,2,1,17,A01
200700057805,0,07,000,00,2,3,15,B01
200700057806,0,07,000,00,0,0,00,A01
200700057806,0,07,000,00,0,0,00,B01
200700057807,0,07,000,00,1,1,15,A01
200700057808,0,07,000,00,2,1,05,A01
200700057808,0,07,000,00,2,1,01,B01
200700057809,0,31,000,00,2,1,01,A01
200700057809,0,07,000,00,2,2,01,B01
200700057810,0,01,000,00,0,1,00,A01
200700057811,0,30,000,00,2,1,17,A01
200700057811,0,07,000,00,2,6,15,B01
200700057812,0,33,000,00,2,7,02,A01
200700057812,1,07,000,00,0,1,09,B01
200700057813,0,02,000,00,2,0,00,A01
200700057813,0,07,000,00,2,0,00,B01
200700057813,0,02,000,00,0,0,00,C01
200700057814,0,30,000,00,1,1,03,A01
200700057815,0,07,000,00,2,2,01,A01
200700057815,0,07,000,00,2,3,01,B01
200700057816,0,07,000,00,2,3,01,A01
200700057816,0,07,000,00,2,8,19,B01
200700057817,0,07,000,00,2,2,01,A01
200700057817,0,07,000,00,2,3,01,B01
200700057818,0,07,000,01,0,0,00,A01
200700057819,0,07,000,00,1,1,01,A01
200700057820,0,07,000,00,2,2,01,A01
200700057820,0,07,000,00,2,3,01,B01
200700057821,0,07,000,00,2,8,13,A01
200700057821,0,14,000,00,2,2,01,B01
200700057822,0,07,000,00,2,2,01,A01
200700057822,0,07,000,00,2,1,01,B01
200700057823,0,33,000,00,1,1,01,A01
200700057824,0,07,000,00,1,1,12,A01
200700057825,0,07,000,00,2,3,15,A01
200700057825,0,30,000,00,2,1,01,B01
200700057826,0,07,000,00,2,3,15,A01
200700057826,0,34,000,00,2,1,01,B01
200700057827,0,07,000,00,2,1,13,A01
200700057827,0,07,000,00,1,8,01,B01
200700057828,0,10,000,00,2,1,12,A01
200700057828,0,01,000,00,2,8,01,B01
200700057829,0,07,000,12,0,1,01,A01
200700057830,0,07,000,00,2,0,00,A01
200700057830,0,02,000,00,2,0,00,B01
200700057831,0,07,000,16,0,9,01,A01
200700057832,0,01,000,00,2,1,01,B01
200700057832,0,17,000,00,2,7,16,A01
200700057833,0,07,000,00,2,1,17,A01
200700057833,0,33,000,00,2,1,01,B01
200700057834,0,33,000,00,2,2,17,A01
200700057834,0,07,000,00,0,6,17,B01
200700057835,0,07,000,00,2,1,15,A01
200700057835,0,32,000,00,2,1,01,B01
200700057836,0,07,000,00,2,1,01,B01
200700057836,0,07,000,00,2,3,19,A01
200700057837,0,33,000,00,1,1,17,A01
200700057838,0,07,000,00,2,3,15,A01
200700057838,0,01,000,00,2,1,01,B01
200700057839,0,33,000,00,2,8,17,A01
200700057839,0,07,000,00,2,8,09,B01
200700057840,0,07,000,00,1,3,15,A01
200700057841,0,07,000,00,5,1,01,A01
200700057842,0,07,000,00,2,7,15,A01
200700057842,0,07,000,00,2,1,01,B01
200700057843,0,07,000,00,2,6,15,A01
200700057843,0,02,000,00,2,1,02,B01
200700057844,0,33,000,00,1,1,01,A01
200700057845,0,02,000,08,0,1,01,A01
200700057846,0,04,000,00,0,1,02,B01
200700057846,0,01,000,00,0,0,02,A01
200700057847,0,07,000,00,2,1,02,A01
200700057847,0,07,000,00,2,4,02,B01
200700057847,0,07,000,00,2,4,02,C01
200700057847,0,07,000,00,2,4,02,D01
200700057848,0,05,000,00,2,2,02,B01
200700057848,0,07,000,00,2,3,15,A01
200700057849,0,07,000,00,2,2,15,A01
200700057849,0,02,000,00,2,1,16,B01
200700057850,0,07,000,04,0,9,02,A01
200700057851,0,05,000,00,2,1,01,A01
200700057851,0,07,000,00,2,3,10,B01
200700057852,0,02,000,00,2,1,17,A01
200700057852,0,01,000,00,2,4,15,B01
200700057853,0,01,000,00,2,1,02,A01
200700057853,0,01,000,00,2,1,19,B01
200700057854,0,02,000,00,2,1,09,A01
200700057854,0,07,000,00,2,2,02,B01
200700057855,0,07,000,00,2,3,22,A01
200700057855,0,01,000,00,2,1,02,B01
200700057856,0,07,000,00,2,7,16,A01
200700057856,0,04,000,00,2,2,02,B01
200700057857,0,02,000,00,2,1,01,A01
200700057857,0,02,000,00,2,1,01,B01
200700057858,0,33,000,00,2,1,01,A01
200700057858,0,07,000,00,9,1,15,B01
200700057859,0,07,000,00,2,1,01,A01
200700057859,0,07,000,00,2,4,02,B01
200700057859,0,07,000,00,2,4,02,C01
200700057860,0,07,000,00,2,1,01,A01
200700057860,0,10,000,00,2,4,02,B01
200700057860,0,07,000,00,2,4,02,C01
200700057861,0,07,000,00,2,1,01,A01
200700057861,0,07,000,00,2,4,02,B01
200700057861,0,07,000,00,2,4,02,C01
200700057861,0,07,000,00,2,4,02,D01
200700057862,0,15,000,00,2,2,19,A01
200700057862,0,07,000,00,2,3,01,B01
200700057863,0,10,000,00,2,1,02,A01
200700057863,0,07,000,00,2,4,02,B01
200700057864,0,07,000,00,2,5,15,A01
200700057864,0,33,000,00,2,1,01,B01
200700057865,0,37,001,00,2,5,01,A01
200700057865,0,02,000,00,2,8,07,B01
200700057866,0,01,000,00,2,5,01,B01
200700057866,0,07,000,00,2,2,01,A01
200700057867,0,07,000,00,1,1,15,A01
200700057868,0,07,000,00,1,1,01,A01
200700057869,0,07,000,00,2,8,09,A01
200700057869,0,07,000,00,2,1,01,B01
200700057870,0,07,000,00,2,2,15,A01
200700057870,0,02,000,00,2,1,01,B01
200700057871,0,07,000,00,2,8,01,A01
200700057871,0,10,000,00,2,2,16,B01
200700057872,0,07,000,00,2,1,02,A01
200700057872,0,07,000,00,2,4,02,B01
200700057873,0,07,000,00,1,1,01,A01
200700057874,1,07,000,00,2,1,01,A01
200700057874,0,07,000,00,2,4,02,B01
200700057875,0,07,000,00,2,1,01,A01
200700057875,0,07,000,00,2,4,23,B01
200700057876,0,07,000,08,0,1,14,A01
200700057877,0,07,000,00,2,1,15,A01
200700057877,0,07,000,00,2,1,01,B01
200700057878,0,07,000,00,2,2,11,A01
200700057878,0,33,000,00,2,2,01,B01
200700057879,0,30,000,00,1,7,01,A01
200700057880,0,07,000,00,1,8,02,A01
200700057881,0,07,000,00,1,3,02,A01
200700057882,0,30,000,00,2,8,01,A01
200700057882,0,07,000,00,2,5,15,B01
200700057883,0,07,000,00,1,1,01,A01
200700057884,0,30,000,12,0,1,02,A01
200700057885,0,30,000,00,2,7,09,A01
200700057885,0,07,000,00,2,2,02,B01
200700057886,0,33,000,00,0,0,02,A01
200700057887,0,30,000,00,2,1,02,A01
200700057887,0,07,000,00,2,6,02,B01
200700057888,0,07,000,00,2,2,15,B01
200700057888,0,10,000,00,2,1,01,A01
200700057889,0,07,000,00,2,1,02,B01
200700057889,0,07,000,00,2,2,02,A01
200700057890,0,30,000,00,2,1,02,A01
200700057890,0,02,000,00,2,1,02,B01
200700057891,0,07,000,00,2,8,22,A01
200700057891,0,01,000,01,0,1,02,B01
200700057892,0,07,000,00,2,1,02,A01
200700057892,0,07,000,00,2,4,01,B01
200700057892,0,07,000,00,2,1,02,C01
200700057893,0,02,000,00,0,0,01,A01
200700057894,0,31,000,00,2,1,17,A01
200700057894,0,07,000,00,2,8,15,B01
200700057895,0,01,000,00,0,0,01,A01
200700057896,0,37,053,00,2,1,02,A01
200700057897,0,07,000,00,2,6,09,A01
200700057897,0,33,000,00,2,1,01,B01
200700057898,0,07,000,00,1,7,16,A01
200700057899,0,07,000,00,2,1,01,A01
200700057899,0,07,000,00,2,1,01,B01
200700057899,0,07,000,00,0,4,01,C01
200700057900,0,30,000,00,0,0,01,A01
200700057901,0,07,000,00,2,1,01,B01
200700057901,0,30,000,00,2,1,15,A01
200700057902,0,30,000,01,0,1,02,A01
200700057903,0,07,000,00,2,1,02,A01
200700057903,0,07,000,00,2,4,01,B01
200700057904,0,02,000,12,0,7,02,A01
200700057905,0,31,000,00,0,0,01,A01
200700057906,0,07,000,15,0,1,01,A01
200700057907,0,02,000,00,2,1,05,A01
200700057907,0,10,000,00,2,1,01,B01
200700057908,0,07,000,16,0,0,01,A01
200700057909,0,02,000,00,2,1,17,A01
200700057909,0,10,000,00,2,3,15,B01
200700057910,0,07,000,00,1,1,01,A01
200700057911,0,07,000,00,2,3,09,A01
200700057911,0,07,000,00,2,1,02,B01
200700057911,0,07,000,00,2,3,02,C01
200700057912,0,07,000,13,0,1,02,A01
200700057913,0,07,000,00,2,2,01,B01
200700057913,0,30,000,00,2,1,09,A01
200700057914,0,07,000,13,0,1,02,A01
200700057915,0,07,000,00,0,0,01,A01
200700057916,0,07,000,16,0,9,01,A01
200700057917,0,07,000,02,0,2,01,A01
200700057918,0,07,000,00,2,1,15,A01
200700057918,0,32,000,00,2,2,02,B01
200700057919,0,07,000,00,1,2,02,A01
200700057920,0,07,000,00,2,8,10,A01
200700057920,0,33,000,00,2,1,02,B01
200700057921,0,07,000,00,2,1,01,A01
200700057921,0,07,000,00,2,4,01,B01
200700057922,0,01,000,00,1,1,01,A01
200700057923,0,07,000,15,0,9,01,A01
200700057924,0,07,000,00,2,1,02,A01
200700057924,0,07,000,00,2,4,01,B01
200700057925,0,07,000,00,1,2,02,A01
200700057926,0,10,000,00,2,1,02,A01
200700057926,0,07,000,00,2,4,01,B01
200700057927,0,10,000,00,2,1,02,A01
200700057927,0,07,000,00,2,4,01,B01
200700057928,0,07,000,00,2,7,09,A01
200700057928,0,07,000,00,2,3,02,B01
200700057929,0,07,000,00,2,3,02,B01
200700057929,0,01,000,00,2,1,02,A01
200700057930,0,33,000,00,2,1,01,B01
200700057930,0,07,000,00,2,6,19,A01
200700057931,0,07,000,13,0,9,01,A01
200700057932,0,07,000,00,2,1,02,A01
200700057932,0,07,000,00,2,4,02,B01
200700057933,0,07,000,00,2,8,19,A01
200700057933,0,10,000,00,2,1,01,B01
200700057934,0,07,000,00,2,1,15,A01
200700057934,0,07,000,00,2,7,02,B01
200700057935,0,07,000,00,2,3,17,A01
200700057935,0,33,000,00,2,7,17,B01
200700057936,0,07,000,00,0,9,02,B01
200700057936,0,07,000,00,2,1,01,A01
200700057937,0,14,000,00,0,4,02,B01
200700057937,0,31,000,00,2,1,02,A01
200700057938,0,07,000,00,2,1,02,A01
200700057938,0,07,000,00,2,4,02,B01
200700057939,0,07,000,00,1,7,01,A01
200700057940,0,07,000,00,2,2,02,A01
200700057940,0,01,000,00,2,4,01,B01
200700057941,0,20,000,00,2,1,05,A01
200700057941,0,07,000,00,2,1,01,B01
200700057942,0,07,000,00,2,5,15,A01
200700057942,0,30,000,00,2,1,01,B01
200700057943,0,07,000,00,2,3,17,A01
200700057943,0,15,000,00,2,3,21,B01
200700057944,0,02,000,00,0,8,01,A01
200700057944,0,30,000,00,2,7,02,B01
200700057945,0,10,000,06,0,2,14,A01
200700057946,0,07,000,06,0,2,14,A01
200700057947,0,07,000,13,0,9,01,A01
200700057948,0,07,000,00,2,8,09,A01
200700057948,0,02,000,00,2,1,01,B01
200700057949,0,10,000,06,0,3,01,A01
200700057950,0,07,000,00,1,3,16,A01
200700057951,0,33,000,00,2,7,01,B01
200700057951,0,07,000,00,2,8,23,C01
200700057951,0,07,000,00,2,1,01,A01
200700057952,0,07,000,01,0,7,01,A01
200700057952,0,13,000,00,2,8,23,B01
200700057953,0,33,000,00,0,7,00,A01
200700057954,0,07,000,00,2,1,00,A01
200700057954,0,33,000,00,2,1,01,B01
200700057955,0,07,000,02,0,1,13,A01
200700057956,0,01,000,00,2,1,01,A01
200700057956,0,01,000,00,2,1,01,B01
200700057957,0,33,000,00,2,1,05,A01
200700057957,0,07,000,00,2,8,15,B01
200700057958,0,07,000,00,1,2,01,A01
200700057959,0,07,000,00,1,1,15,A01
200700057960,0,07,000,00,0,4,17,A01
200700057960,0,07,000,00,2,1,01,B01
200700057961,0,07,000,00,2,8,09,A01
200700057961,0,33,000,00,2,1,01,B01
200700057962,0,07,000,00,1,1,02,A01
200700057963,0,07,000,00,0,3,02,B01
200700057963,0,02,000,00,2,1,02,A01
200700057964,0,07,000,06,0,3,01,A01
200700057964,0,02,000,00,0,7,01,B01
200700057965,0,07,000,00,0,7,04,A01
200700057965,0,33,000,00,0,1,01,B01
200700057966,0,02,000,00,2,1,17,A01
200700057966,0,07,000,00,9,4,15,B01
200700057967,0,31,000,12,0,1,01,A01
200700057968,0,33,000,01,0,1,07,A01
200700057968,0,07,000,00,2,4,23,B01
200700057969,0,07,000,00,2,4,09,A01
200700057969,0,31,000,00,2,1,01,B01
200700057970,0,02,000,00,2,1,01,A01
200700057970,0,07,000,00,0,4,00,B01
200700057971,0,07,000,00,9,1,01,A01
200700057971,0,01,000,00,2,8,01,B01
200700057972,0,32,000,00,2,1,01,A01
200700057972,0,07,000,00,2,2,13,B01
200700057973,0,07,000,00,1,7,01,A01
200700057974,0,07,000,13,0,0,01,A01
200700057975,1,07,000,00,1,1,01,A01
200700057976,0,07,000,00,0,0,15,A01
200700057976,0,33,000,00,2,2,01,B01
200700057976,0,33,000,00,2,5,01,C01
200700057977,0,01,000,00,2,1,01,A01
200700057977,1,07,000,00,9,7,01,B01
200700057978,0,07,000,00,9,1,01,A01
200700057978,0,01,000,00,2,1,01,B01
200700057979,0,07,000,00,2,8,01,A01
200700057979,0,30,000,00,2,1,01,B01
200700057980,0,30,000,00,2,1,00,A01
200700057980,0,32,000,00,2,4,00,B01
200700057981,0,30,000,00,2,1,01,A01
200700057981,0,10,000,00,2,4,01,B01
200700057982,0,07,000,00,0,9,01,A01
200700057983,0,07,000,00,1,1,00,A01
200700057984,0,33,000,00,2,6,02,B01
200700057984,0,07,000,00,2,8,01,A01
200700057985,0,07,000,00,2,1,02,A01
200700057985,0,07,000,00,2,4,02,B01
200700057986,0,07,000,00,0,0,01,A01
200700057987,0,32,000,01,0,0,00,A01
200700057988,0,07,000,00,2,1,02,B01
200700057988,0,07,000,00,2,8,09,A01
200700057989,0,07,000,00,2,7,14,A01
200700057989,0,33,000,00,2,3,01,B01
200700057990,0,10,000,00,2,4,09,A01
200700057990,0,02,000,00,2,4,00,B01
200700057991,0,07,000,00,2,1,02,A01
200700057991,0,07,000,00,0,4,02,B01
200700057992,0,07,000,00,0,1,19,A01
200700057992,0,07,000,00,0,1,01,B01
200700057993,0,07,000,00,1,2,15,A01
200700057993,0,01,000,00,2,1,01,B01
200700057994,0,37,000,00,2,7,00,B01
200700057994,0,07,000,00,2,3,00,A01
200700057995,0,07,000,00,1,2,01,A01
200700057996,0,02,000,00,1,1,01,A01
200700057997,1,99,000,00,2,1,02,A01
200700057997,0,07,000,00,2,4,02,B01
200700057998,0,31,000,00,2,1,01,A01
200700057998,0,07,000,00,2,2,10,B01
200700057999,0,07,000,00,0,3,00,A01
200700058000,0,02,000,00,2,0,01,B01
200700058000,0,07,000,00,2,3,19,A01
200700058001,0,02,000,00,2,1,02,A01
200700058001,0,07,000,00,0,4,02,B01
200700058002,0,07,000,00,0,4,01,B01
200700058002,0,07,000,00,0,4,01,C01
200700058002,1,07,000,00,0,0,00,A01
200700058003,0,07,000,00,0,2,09,A01
200700058003,0,33,000,00,0,1,01,B01
200700058004,0,33,000,14,0,1,01,A01
200700058005,0,07,000,00,1,3,01,A01
200700058006,0,07,000,00,2,1,01,A01
200700058006,0,07,000,00,2,1,01,B01
200700058007,1,07,000,00,2,1,05,A01
200700058007,0,07,000,00,2,1,01,B01
200700058007,0,07,000,00,2,1,01,C01
200700058007,0,07,000,00,2,1,01,D01
200700058008,0,33,000,00,0,7,01,A01
200700058009,0,07,000,00,1,7,01,A01
200700058010,0,33,000,04,1,1,01,A01
200700058011,0,07,000,00,2,1,02,A01
200700058011,0,07,000,00,2,4,02,B01
200700058012,0,07,000,00,2,1,01,A01
200700058012,0,07,000,01,2,2,01,B01
200700058013,0,31,000,00,2,1,01,A01
200700058013,0,07,000,00,0,8,15,B01
200700058014,0,07,000,00,1,1,01,A01
200700058015,0,07,000,00,2,1,00,A01
200700058015,0,31,000,00,2,1,01,B01
200700058016,1,07,000,00,1,1,01,A01
200700058017,1,07,000,09,2,4,04,A01
200700058017,0,07,000,00,2,1,23,B01
200700058018,0,07,000,00,1,1,01,A01
200700058019,0,07,000,00,2,4,23,A01
200700058019,0,01,000,00,2,1,02,B01
200700058020,0,07,000,12,2,1,01,A01
200700058020,0,07,000,00,2,1,01,B01
200700058021,0,07,000,00,2,1,00,A01
200700058021,0,07,000,00,0,4,00,B01
200700058022,0,02,000,00,2,8,02,B01
200700058022,0,07,000,00,2,2,02,A01
200700058023,0,02,000,00,2,8,01,B01
200700058023,0,07,000,00,2,1,01,A01
200700058024,0,07,000,00,2,4,01,B01
200700058024,0,07,000,00,2,1,02,A01
200700058025,0,10,000,00,1,2,16,A01
200700058026,0,10,000,00,2,2,09,A01
200700058026,0,32,000,00,2,1,01,B01
200700058027,0,07,000,00,2,8,15,A01
200700058027,0,32,000,00,2,7,17,B01
200700058028,0,33,000,00,2,1,01,A01
200700058028,0,07,000,00,2,4,23,B01
200700058029,0,07,000,00,9,1,00,A01
200700058029,0,01,000,00,2,4,00,B01
200700058030,0,01,000,00,1,1,21,A01
200700058031,0,07,000,00,2,3,00,B01
200700058031,0,30,000,00,2,1,00,A01
200700058032,0,07,000,00,2,1,01,A01
200700058032,0,33,000,00,2,4,01,B01
200700058033,0,07,000,00,2,7,10,A01
200700058033,0,32,000,00,2,1,01,B01
200700058034,0,32,000,00,2,7,17,A01
200700058034,0,07,000,00,2,3,15,B01
200700058035,0,10,000,00,2,1,01,A01
200700058035,0,01,000,00,2,8,19,B01
200700058036,0,07,000,00,1,3,00,A01
200700058037,0,07,000,00,2,8,15,B01
200700058037,0,07,000,00,2,3,01,A01
200700058038,0,10,000,00,1,1,01,A01
200700058039,0,07,000,00,2,0,00,A01
200700058039,0,07,000,00,2,0,00,B01
200700058039,0,07,000,00,2,0,00,C01
200700058040,0,07,000,00,1,1,01,A01
200700058041,0,33,000,00,2,1,01,B01
200700058041,0,07,000,00,2,4,01,A01
200700058042,0,01,000,00,2,1,21,A01
200700058042,0,01,000,00,0,4,02,B01
200700058043,0,32,000,00,2,1,01,A01
200700058043,0,07,000,00,2,4,01,B01
200700058044,0,07,000,00,2,1,01,A01
200700058044,0,07,000,00,2,4,23,B01
200700058045,0,07,000,00,1,1,01,A01
200700058046,0,07,000,00,1,1,02,A01
200700058047,0,07,000,00,1,2,02,A01
200700058048,0,07,000,01,1,1,01,A01
200700058049,0,07,000,00,0,4,02,A01
200700058049,0,33,000,00,2,1,02,B01
200700058050,0,32,000,00,1,1,13,A01
200700058051,0,07,000,00,2,0,00,A01
200700058051,0,07,000,00,2,1,01,B01
200700058052,0,07,000,00,1,0,01,A01
200700058053,0,32,000,00,1,1,01,A01
200700058054,0,34,000,00,2,1,00,A01
200700058054,0,07,000,00,2,1,15,B01
200700058055,0,30,000,00,2,1,02,B01
200700058055,0,07,000,00,2,3,02,A01
200700058056,0,31,000,00,2,1,02,A01
200700058056,0,07,000,00,2,1,15,B01
200700058057,0,07,000,00,1,0,01,A01
200700058058,1,07,000,00,2,0,20,A01
200700058058,0,32,000,00,2,1,02,B01
200700058059,0,07,000,00,0,4,09,A01
200700058059,0,07,000,00,2,1,00,B01
200700058060,0,33,000,00,2,1,02,A01
200700058060,0,33,000,00,2,1,02,B01
200700058061,0,07,000,00,1,6,20,A01
200700058062,0,07,000,00,1,2,15,A01