Num_Acc,senc,catv,occutc,obs,obsm,choc,manv,num_veh
200700058063,0,07,000,00,1,8,01,A01
200700058064,0,33,000,00,2,8,01,B01
200700058064,0,07,000,00,2,2,15,A01
200700058065,0,07,000,06,2,7,01,A01
200700058065,0,07,000,00,2,1,01,B01
200700058066,0,07,000,00,0,8,22,A01
200700058066,0,01,000,00,2,2,01,B01
200700058067,0,07,000,00,2,2,15,A01
200700058067,0,33,000,00,2,1,01,B01
200700058068,0,07,000,00,0,1,15,A01
200700058068,0,32,000,00,0,1,01,B01
200700058069,0,07,000,00,0,5,01,A01
200700058069,0,07,000,00,0,3,15,B01
200700058070,0,07,000,00,0,3,01,A01
200700058071,0,07,000,00,0,0,02,A01
200700058071,0,31,000,00,0,0,02,B01
200700058072,0,10,000,00,0,0,00,A01
200700058073,0,07,000,00,2,1,01,A01
200700058073,0,30,000,00,2,4,01,B01
200700058074,0,07,000,00,2,1,09,A01
200700058074,0,33,000,00,2,7,01,B01
200700058075,0,07,000,00,2,1,01,B01
200700058075,0,07,000,00,2,3,09,A01
200700058076,0,07,000,00,1,7,01,A01
200700058077,0,33,000,00,9,1,01,A01
200700058077,0,01,000,00,2,4,12,B01
200700058078,0,07,000,00,1,1,01,A01
200700058079,0,07,000,00,2,2,01,A01
200700058079,0,07,000,00,2,3,01,B01
200700058080,0,07,000,00,1,1,15,A01
200700058081,0,10,000,00,2,1,15,A01
200700058081,0,10,000,00,2,8,16,B01
200700058082,0,07,000,00,9,8,15,A01
200700058082,0,32,000,00,2,1,02,B01
200700058083,0,10,000,00,2,1,02,A01
200700058083,0,10,000,00,2,4,02,B01
200700058083,0,07,000,00,2,4,02,C01
200700058084,0,13,000,00,1,2,02,A01
200700058085,0,33,000,00,9,1,17,A01
200700058085,0,02,000,00,9,8,15,B01
200700058086,0,10,000,00,2,1,02,A01
200700058086,0,10,000,00,2,4,02,B01
200700058086,0,14,000,00,2,4,02,C01
200700058087,0,32,000,00,2,1,02,A01
200700058087,0,10,000,00,9,5,15,B01
200700058088,0,07,000,00,1,5,02,A01
200700058089,0,07,000,00,1,3,02,A01
200700058090,0,07,000,00,2,4,01,A01
200700058090,0,33,000,00,2,1,01,B01
200700058091,2,07,000,00,2,4,01,A01
200700058091,0,07,000,00,2,4,20,B01
200700058092,0,33,000,00,2,2,15,A01
200700058092,0,07,000,00,2,8,15,B01
200700058093,0,07,000,00,2,3,09,A01
200700058093,0,33,000,00,2,7,01,B01
200700058094,0,33,000,00,2,2,01,A01
200700058095,0,31,000,00,2,1,01,A01
200700058095,0,07,000,00,2,2,15,B01
200700058096,0,07,000,00,2,2,15,A01
200700058096,0,02,000,00,2,1,01,B01
200700058097,0,33,000,00,2,1,01,A01
200700058097,0,07,000,00,2,2,15,B01
200700058098,0,07,000,00,2,2,15,A01
200700058098,0,33,000,00,2,1,01,B01
200700058099,0,07,000,00,2,8,16,B01
200700058099,0,34,000,00,2,1,01,A01
200700058100,0,07,000,00,1,1,01,A01
200700058101,0,33,000,00,2,3,01,A01
200700058101,0,07,000,00,2,2,15,B01
200700058102,0,07,000,00,1,8,01,A01
200700058103,0,07,000,00,2,3,10,A01
200700058103,0,32,000,00,2,1,01,B01
200700058104,0,07,000,00,2,3,15,A01
200700058104,0,33,000,00,2,1,01,B01
200700058105,0,07,000,00,1,1,15,A01
200700058106,0,32,000,00,2,1,17,A01
200700058106,0,07,000,00,2,3,09,B01
200700058107,0,07,000,15,0,1,21,A01
200700058108,0,07,000,00,2,1,05,A01
200700058108,0,07,000,00,2,3,01,B01
200700058109,0,32,000,00,2,2,17,A01
200700058109,0,07,000,00,2,8,15,B01
200700058110,0,07,000,00,2,1,09,A01
200700058110,0,01,000,00,0,4,01,B01
200700058111,0,07,000,00,2,3,15,A01
200700058111,0,33,000,00,2,3,01,B01
200700058112,0,37,150,00,1,7,09,A01
200700058113,0,10,000,00,2,7,16,A01
200700058113,0,30,000,00,2,1,18,B01
200700058114,0,10,000,00,2,8,09,A01
200700058114,0,33,000,00,2,2,01,B01
200700058115,0,07,000,00,2,2,16,A01
200700058115,0,30,000,00,2,8,18,B01
200700058116,0,01,000,00,1,1,01,A01
200700058117,0,10,000,00,2,7,16,A01
200700058117,0,30,000,00,2,3,18,B01
200700058118,0,34,000,00,2,3,01,B01
200700058118,0,07,000,00,2,5,04,A01
200700058119,0,07,000,00,1,2,09,A01
200700058120,0,07,000,00,2,5,04,B01
200700058120,0,32,000,00,2,1,00,A01
200700058121,0,07,000,00,2,2,16,B01
200700058121,0,30,000,00,2,3,18,A01
200700058122,0,07,000,00,2,8,10,A01
200700058122,0,07,000,00,2,2,01,B01
200700058123,0,31,000,00,2,7,01,B01
200700058123,0,07,000,00,2,1,09,A01
200700058124,0,32,000,00,2,1,02,B01
200700058124,0,07,000,00,2,7,03,A01
200700058125,1,30,000,00,2,1,01,A01
200700058125,0,31,000,00,2,5,01,B01
200700058126,0,33,000,00,2,1,02,B01
200700058126,0,07,000,00,2,1,02,A01
200700058127,0,07,000,00,2,2,01,A01
200700058127,0,32,000,00,2,1,01,B01
200700058128,0,07,000,00,2,5,15,A01
200700058128,0,30,000,00,2,1,01,B01
200700058129,0,31,000,08,0,0,01,A01
200700058130,0,30,000,00,2,2,17,A01
200700058130,0,07,000,00,2,3,01,B01
200700058131,0,30,000,00,0,0,01,A01
200700058132,0,07,000,00,0,1,00,A01
200700058133,0,32,000,14,0,0,00,A01
200700058134,0,07,000,00,0,2,00,A01
200700058134,0,32,000,00,0,0,01,B01
200700058135,0,33,000,00,0,0,01,A01
200700058135,1,07,000,00,0,0,15,B01
200700058136,0,32,000,00,0,0,01,A01
200700058137,0,07,000,00,0,1,00,A01
200700058138,0,07,000,00,0,1,15,A01
200700058138,0,32,000,00,0,8,01,B01
200700058139,0,07,000,00,0,4,01,B01
200700058139,0,07,000,00,0,1,01,A01
200700058140,0,37,001,14,0,1,01,A01
200700058140,0,07,000,14,0,1,16,B01
200700058141,0,33,000,00,1,0,01,A01
200700058142,0,10,000,00,2,7,01,B01
200700058142,0,07,000,00,2,1,01,A01
200700058143,1,30,000,00,1,1,00,A01
200700058144,0,07,000,00,2,4,16,A01
200700058144,0,01,000,00,2,3,01,B01
200700058145,0,32,000,00,0,8,01,A01
200700058146,0,07,000,00,1,1,01,A01
200700058147,0,07,000,02,0,9,01,A01
200700058148,0,07,000,00,0,1,01,A01
200700058149,0,07,000,00,1,1,01,A01
200700058150,0,07,000,00,2,8,24,A01
200700058150,0,37,000,01,2,7,00,B01
200700058151,0,07,000,00,2,3,01,A01
200700058151,0,33,000,00,2,4,01,B01
200700058152,0,07,000,00,2,1,23,B01
200700058152,0,07,000,00,2,1,01,A01
200700058152,0,07,000,00,2,4,23,C01
200700058153,1,07,000,00,2,1,00,A01
200700058153,0,07,000,00,2,4,01,B01
200700058154,0,05,000,00,2,1,01,A01
200700058154,0,07,000,00,2,5,15,B01
200700058155,0,05,000,00,2,9,02,A01
200700058155,0,14,000,00,2,0,02,B01
200700058156,0,05,000,00,2,1,01,A01
200700058156,0,07,000,00,2,4,01,B01
200700058157,0,07,000,00,2,1,02,A01
200700058157,0,32,000,00,2,4,23,B01
200700058158,0,33,000,00,2,1,02,A01
200700058158,0,07,000,00,2,6,02,B01
200700058158,0,07,000,00,2,5,01,C01
200700058158,0,07,000,00,0,0,01,D01
200700058159,0,07,000,00,1,1,00,A01
200700058160,0,07,000,05,2,3,05,A01
200700058160,0,05,000,00,2,4,01,B01
200700058161,1,07,000,00,2,1,11,A01
200700058161,0,32,000,00,2,1,01,B01
200700058162,0,14,000,00,2,2,01,A01
200700058162,0,07,000,00,2,6,13,B01
200700058163,0,07,000,00,1,1,16,A01
200700058164,0,02,000,00,2,2,01,A01
200700058164,0,07,000,00,2,3,15,B01
200700058165,0,07,000,00,1,4,04,A01
200700058166,0,07,000,00,2,1,02,A01
200700058166,0,07,000,00,2,4,02,B01
200700058167,0,07,000,09,0,1,15,A01
200700058168,0,07,000,00,1,4,04,A01
200700058169,0,33,000,00,2,1,05,A01
200700058169,0,30,000,00,2,1,01,B01
200700058170,0,07,000,00,1,2,16,A01
200700058171,0,07,000,00,2,4,01,B01
200700058171,0,07,000,00,2,1,01,A01
200700058172,0,07,000,00,0,4,01,B01
200700058172,1,99,000,00,2,4,02,A01
200700058173,0,07,000,00,0,6,01,A01
200700058173,0,33,000,00,2,2,01,B01
200700058174,0,07,000,00,2,3,01,B01
200700058174,0,32,000,00,2,1,01,A01
200700058175,0,07,000,00,1,7,01,A01
200700058176,0,30,000,00,2,1,02,A01
200700058176,0,07,000,00,2,4,02,B01
200700058177,0,07,000,00,2,1,01,A01
200700058177,0,07,000,00,2,4,23,B01
200700058178,0,07,000,00,2,1,15,A01
200700058178,0,32,000,00,2,8,01,B01
200700058179,0,30,000,00,2,1,17,A01
200700058179,0,07,000,00,2,8,15,B01
200700058180,0,30,000,00,1,1,18,A01
200700058181,0,14,000,00,2,1,02,A01
200700058181,0,07,000,00,2,4,23,B01
200700058181,0,07,000,00,2,4,23,C01
200700058182,0,07,000,00,1,1,01,A01
200700058183,0,30,000,00,0,0,17,A01
200700058184,0,07,000,02,2,4,10,A01
200700058184,0,31,000,00,2,1,17,B01
200700058185,0,33,000,00,2,2,17,A01
200700058185,0,07,000,00,2,3,01,B01
200700058186,0,02,000,00,2,0,03,A01
200700058186,0,07,000,00,2,8,23,B01
200700058187,0,30,000,00,2,1,13,A01
200700058187,0,31,000,00,2,1,02,B01
200700058188,0,07,000,07,0,1,13,A01
200700058189,0,02,000,00,0,0,01,A01
200700058190,0,07,000,00,1,1,01,A01
200700058191,0,07,000,00,1,1,01,A01
200700058192,0,07,000,00,2,1,01,B01
200700058192,0,07,000,00,2,8,01,A01
200700058193,0,02,000,00,0,0,01,A01
200700058194,0,07,000,00,2,1,02,A01
200700058194,0,07,000,00,2,4,23,B01
200700058195,0,07,000,00,1,1,02,A01
200700058196,0,31,000,00,2,1,17,B01
200700058196,0,07,000,00,2,8,09,A01
200700058197,0,33,000,00,2,1,01,B01
200700058197,0,07,000,00,2,3,15,A01
200700058198,0,07,000,00,1,1,01,A01
200700058199,0,02,000,11,0,1,01,A01
200700058200,0,02,000,00,0,8,00,A01
200700058201,0,33,000,00,2,3,17,A01
200700058201,0,07,000,00,2,2,09,B01
200700058202,0,14,000,00,1,2,01,A01
200700058203,0,07,000,00,1,4,20,A01
200700058204,0,32,000,00,2,1,01,B01
200700058204,0,32,000,00,2,1,01,C01
200700058204,2,07,000,00,2,1,15,D01
200700058204,0,10,000,00,2,5,04,A01
200700058205,0,30,000,00,1,1,01,A01
200700058206,0,32,000,00,2,1,17,A01
200700058206,0,07,000,00,2,3,15,B01
200700058207,0,32,000,00,2,4,01,A01
200700058207,0,33,000,00,2,2,02,B01
200700058208,0,07,000,00,0,0,09,A01
200700058208,0,32,000,00,2,0,00,B01
200700058209,0,10,000,00,1,2,21,A01
200700058209,0,10,000,01,0,0,24,B01
200700058210,0,07,000,00,1,3,15,A01
200700058211,0,07,000,00,2,7,00,A01
200700058211,0,07,000,00,2,3,00,B01
200700058212,0,34,000,00,2,7,07,A01
200700058212,0,07,000,00,0,7,20,B01
200700058213,0,07,000,00,2,1,02,A01
200700058214,0,07,000,00,2,3,01,B01
200700058214,0,30,000,00,2,1,05,A01
200700058215,0,34,000,00,2,7,02,B01
200700058215,0,07,000,00,2,6,02,A01
200700058216,1,02,000,00,9,0,05,A01
200700058216,0,01,000,00,9,1,00,B01
200700058217,0,07,000,00,2,3,11,B01
200700058217,0,34,000,00,2,7,02,A01
200700058218,0,07,000,00,1,4,04,A01
200700058219,0,30,000,00,9,2,01,B01
200700058219,0,01,000,00,2,1,19,A01
200700058220,0,01,000,00,1,0,00,A01
200700058221,0,07,000,00,2,1,02,B01
200700058221,0,07,000,00,0,4,02,A01
200700058222,0,07,000,00,1,3,02,A01
200700058223,0,07,000,00,0,1,23,C01
200700058223,0,07,000,00,2,1,15,B01
200700058223,0,07,000,00,0,1,05,A01
200700058224,0,07,000,00,0,7,12,A01
200700058224,0,01,000,00,0,3,01,B01
200700058225,0,07,000,00,2,1,02,A01
200700058225,0,07,000,00,2,4,02,B01
200700058226,1,10,000,15,0,2,00,A01
200700058227,0,07,000,00,2,1,02,A01
200700058227,0,07,000,00,0,4,02,B01
200700058228,0,07,000,00,2,4,01,A01
200700058228,0,07,000,00,2,1,01,B01
200700058229,0,33,000,12,0,7,02,A01
200700058230,0,30,000,00,1,0,00,A01
200700058231,0,07,000,00,1,1,01,A01
200700058232,0,07,000,00,2,2,01,A01
200700058232,0,07,000,00,2,3,05,B01
200700058233,0,07,000,00,2,3,15,A01
200700058233,0,32,000,00,2,2,17,B01
200700058234,1,07,000,00,1,3,00,A01
200700058235,0,07,000,14,0,1,00,A01
200700058236,0,07,000,12,2,5,19,A01
200700058236,0,07,000,00,2,1,19,B01
200700058237,0,07,000,00,2,2,02,B01
200700058237,0,07,000,00,2,3,00,A01
200700058238,0,33,000,00,2,1,02,B01
200700058238,0,07,000,00,2,3,19,A01
200700058239,0,07,000,00,1,1,01,A01
200700058240,0,07,000,00,1,2,02,A01
200700058241,0,30,000,00,2,1,01,A01
200700058241,0,07,000,00,2,2,12,B01
200700058242,0,07,000,00,0,2,12,A01
200700058242,0,32,000,00,0,8,02,B01
200700058243,0,33,000,00,2,1,02,A01
200700058243,0,07,000,00,0,5,02,B01
200700058244,0,07,000,00,2,1,06,A01
200700058244,0,33,000,00,0,8,02,B01
200700058245,0,15,000,00,0,5,04,A01
200700058245,0,07,000,00,0,3,01,B01
200700058246,0,37,000,00,0,2,16,A01
200700058247,0,07,000,00,0,4,02,B01
200700058247,0,07,000,00,0,1,02,A01
200700058248,0,07,000,00,1,2,01,A01
200700058249,0,33,000,00,2,7,18,A01
200700058249,0,07,000,00,2,7,12,B01
200700058250,0,07,000,00,0,3,09,A01
200700058250,0,17,000,00,0,2,01,B01
200700058251,0,07,000,00,0,4,23,B01
200700058251,0,07,000,00,2,1,01,A01
200700058252,0,07,000,00,1,1,01,A01
200700058253,0,07,000,00,2,2,00,A01
200700058253,0,07,000,06,2,6,00,B01
200700058254,0,07,000,00,9,2,01,A01
200700058254,0,30,000,00,2,3,01,B01
200700058255,0,07,000,11,0,3,02,A01
200700058256,0,07,000,00,1,0,00,A01
200700058257,0,07,000,00,9,3,00,X01
200700058258,0,07,000,00,0,8,15,B01
200700058258,0,33,000,00,2,1,17,A01
200700058259,0,33,000,00,2,1,00,A01
200700058259,0,07,000,00,2,7,01,B01
200700058260,0,07,000,00,1,3,00,A01
200700058261,0,07,000,00,2,2,09,A01
200700058261,0,07,000,00,2,3,15,B01
200700058262,0,07,000,00,0,4,02,A01
200700058262,0,07,000,00,2,1,02,B01
200700058263,0,13,000,00,0,1,00,A01
200700058263,0,07,000,00,0,2,00,B01
200700058263,0,07,000,00,0,8,00,C01
200700058264,0,10,000,00,0,8,01,A01
200700058264,0,33,000,00,0,1,02,B01
200700058265,0,07,000,00,2,2,15,A01
200700058265,0,07,000,00,2,1,01,B01
200700058266,0,07,000,00,2,1,01,A01
200700058266,0,07,000,00,0,3,09,B01
200700058267,0,07,000,00,1,1,01,A01
200700058268,0,30,000,00,2,1,16,A01
200700058268,0,07,000,00,2,5,15,B01
200700058269,1,07,000,00,1,1,00,A01
200700058270,0,02,000,00,2,1,01,B01
200700058270,0,07,000,00,2,2,15,A01
200700058271,0,07,000,00,2,1,01,A01
200700058271,0,37,000,00,2,4,23,B01
200700058272,1,02,000,00,1,1,01,A01
200700058273,0,02,000,00,2,1,18,A01
200700058273,0,07,000,00,2,2,14,B01
200700058274,0,30,000,00,0,8,10,A01
200700058274,0,07,000,00,0,2,01,B01
200700058275,0,07,000,00,2,3,02,A01
200700058275,0,30,000,00,2,7,02,B01
200700058276,0,30,000,00,2,3,02,A01
200700058277,0,07,000,15,0,2,02,A01
200700058278,0,07,000,00,1,3,01,A01
200700058279,0,07,000,00,2,8,10,A01
200700058279,0,33,000,00,2,1,00,B01
200700058280,0,07,000,00,0,3,09,A01
200700058280,0,30,000,00,0,1,01,B01
200700058281,0,99,000,00,0,4,02,A01
200700058281,0,07,000,00,0,0,02,B01
200700058282,0,07,000,00,0,3,09,A01
200700058283,0,10,000,00,2,2,00,A01
200700058283,1,99,000,00,2,0,00,B01
200700058284,0,07,000,00,1,1,01,A01
200700058285,0,07,000,00,1,3,01,A01
200700058286,0,07,000,00,1,2,00,A01
200700058287,0,07,000,00,1,1,01,A01
200700058288,0,33,000,12,0,1,06,A01
200700058289,0,07,000,00,2,8,15,A01
200700058289,0,32,000,00,2,7,15,B01
200700058290,0,33,000,00,2,8,02,A01
200700058290,0,07,000,00,2,5,12,B01
200700058291,0,07,000,00,0,3,01,A01
200700058291,0,07,000,00,0,8,09,B01
200700058292,0,10,000,00,2,3,01,B01
200700058292,0,07,000,00,2,8,15,A01
200700058293,0,07,000,00,1,1,16,A01
200700058294,0,01,000,00,0,0,19,B01
200700058294,0,07,000,00,0,2,15,A01
200700058295,0,07,000,00,0,4,02,A01
200700058295,0,07,000,00,2,1,02,B01
200700058296,0,02,000,00,2,1,01,B01
200700058296,0,07,000,00,2,8,00,A01
200700058297,0,07,000,00,0,3,00,B01
200700058297,0,02,000,00,0,9,12,A01
200700058298,0,07,000,00,1,3,01,A01
200700058299,0,15,000,00,0,6,01,A01
200700058299,0,07,000,01,0,1,03,B01
200700058300,0,07,000,00,2,8,03,A01
200700058300,0,34,000,00,2,1,11,B01
200700058301,0,30,000,00,1,1,00,A01
200700058302,0,07,000,00,1,6,04,A01
200700058303,0,07,000,06,1,1,01,A01
200700058304,0,07,000,01,0,2,00,A01
200700058305,0,02,000,00,0,1,01,A01
200700058306,0,07,000,00,2,7,09,A01
200700058306,0,30,000,00,2,1,01,B01
200700058307,0,31,000,00,0,8,01,A01
200700058308,0,07,000,00,0,4,00,A01
200700058309,0,30,000,00,0,0,00,B01
200700058309,1,07,000,00,0,0,00,A01
200700058310,0,07,000,00,2,7,15,A01
200700058310,0,31,000,00,2,8,21,B01
200700058311,0,30,000,00,0,1,01,A01
200700058311,0,07,000,00,0,8,01,B01
200700058312,0,07,000,00,0,0,00,A01
200700058313,0,33,000,00,2,1,01,A01
200700058313,0,03,000,00,2,5,12,B01
200700058314,0,07,000,00,1,3,00,A01
200700058315,0,33,000,00,0,7,01,B01
200700058315,0,07,000,00,0,3,15,A01
200700058316,0,33,000,00,2,1,01,A01
200700058316,0,07,000,00,2,5,01,B01
200700058317,0,07,000,00,0,0,00,B01
200700058317,0,01,000,00,0,0,00,A01
200700058318,0,07,000,00,0,1,00,A01
200700058319,0,07,000,00,2,1,15,A01
200700058319,0,07,000,00,2,3,01,B01
200700058320,1,07,000,00,0,8,02,A01
200700058320,0,32,000,00,0,7,11,B01
200700058321,0,07,000,00,9,1,10,A01
200700058321,0,01,000,00,2,8,01,B01
200700058322,0,07,000,00,0,2,10,A01
200700058322,0,32,000,00,2,3,01,B01
200700058323,2,03,000,00,2,1,02,A01
200700058323,0,03,000,00,2,4,23,B01
200700058323,0,03,000,00,0,4,23,C01
200700058324,0,30,000,12,0,7,01,A01
200700058325,0,07,000,00,2,1,00,A01
200700058325,0,07,000,00,2,8,01,B01
200700058326,0,07,000,00,2,1,01,A01
200700058326,0,07,000,00,2,4,01,B01
200700058326,0,07,000,00,2,4,01,C01
200700058327,0,07,000,00,2,3,01,A01
200700058327,0,33,000,00,2,6,11,B01
200700058328,0,33,000,00,2,1,21,A01
200700058328,0,37,001,00,2,3,21,B01
200700058328,0,07,000,00,2,3,01,C01
200700058329,0,10,000,00,9,4,04,A01
200700058329,0,01,000,00,2,1,02,B01
200700058330,0,31,000,00,2,2,01,A01
200700058330,0,07,000,00,2,3,15,B01
200700058331,0,30,000,00,2,1,17,A01
200700058331,0,07,000,00,2,3,15,B01
200700058332,0,10,000,00,1,4,04,A01
200700058333,0,07,000,00,9,8,10,A01
200700058333,0,30,000,00,2,2,01,B01
200700058334,1,07,000,00,1,0,00,A01
200700058335,0,10,000,00,2,5,15,A01
200700058335,0,31,000,00,2,1,00,B01
200700058336,0,07,000,01,0,1,00,A01
200700058337,0,07,000,00,1,2,02,A01
200700058338,0,33,000,00,0,1,02,A01
200700058338,0,07,000,00,2,3,15,B01
200700058339,1,07,000,00,2,1,01,B01
200700058339,0,07,000,00,2,8,09,A01
200700058340,0,07,000,00,2,7,02,A01
200700058340,0,07,000,00,2,1,02,B01
200700058341,0,07,000,00,0,1,01,B01
200700058341,0,02,000,00,2,8,16,A01
200700058342,0,32,000,00,0,0,01,B01
200700058342,0,32,000,00,0,6,11,A01
200700058343,0,30,000,00,2,1,02,B01
200700058343,0,07,000,00,2,7,02,A01
200700058344,0,07,000,00,2,1,15,A01
200700058344,0,33,000,00,2,1,01,B01
200700058344,0,07,000,00,2,3,23,C01
200700058345,0,01,000,00,2,1,01,A01
200700058345,0,01,000,00,2,1,05,B01
200700058346,0,07,000,00,2,2,01,A01
200700058346,0,37,000,00,2,3,01,B01
200700058347,0,03,000,00,2,9,02,A01
200700058347,0,03,000,00,0,4,23,B01
200700058347,0,03,000,00,2,1,02,C01
200700058348,0,10,000,00,2,5,19,A01
200700058348,0,37,003,00,2,1,15,B01
200700058349,0,99,000,00,2,1,02,A01
200700058349,0,07,000,00,2,1,02,B01
200700058349,0,07,000,00,2,1,02,C01
200700058349,0,07,000,00,2,1,03,D01
200700058350,0,07,000,00,1,2,00,A01
200700058351,0,07,000,00,0,3,24,A01
200700058351,0,02,000,01,0,1,01,B01
200700058352,0,07,000,07,2,2,02,A01
200700058352,1,07,000,00,0,0,02,B01
200700058353,0,07,000,00,1,0,00,A01
200700058354,0,07,000,00,1,2,01,A01
200700058355,0,02,000,00,2,1,00,A01
200700058355,0,37,020,00,2,3,00,B01
200700058356,0,32,000,00,2,8,01,B01
200700058356,0,07,000,00,2,2,16,A01
200700058357,1,07,000,00,1,0,00,A01
200700058358,0,07,000,00,2,4,02,A01
200700058358,0,07,000,00,2,1,02,B01
200700058359,0,07,000,00,2,3,09,A01
200700058359,0,07,000,00,2,2,01,B01
200700058360,0,33,000,00,2,1,13,A01
200700058360,0,07,000,00,0,6,15,B01
200700058361,0,07,000,00,1,4,04,A01
200700058362,0,07,000,00,9,1,01,A01
200700058362,0,01,000,00,2,1,19,B01
200700058363,0,10,000,00,2,3,15,A01
200700058363,0,33,000,00,2,1,01,B01
200700058364,0,07,000,00,1,1,16,A01
200700058365,0,07,000,01,0,8,20,A01
200700058365,0,07,000,00,0,9,21,B01
200700058365,0,33,000,00,2,3,01,C01
200700058366,0,07,000,00,1,1,01,A01
200700058367,0,07,000,00,0,9,02,A01
200700058368,0,07,000,00,1,3,01,A01
200700058369,0,07,000,00,1,3,23,A01
200700058370,0,07,000,00,1,2,01,A01
200700058371,0,33,000,00,2,1,01,A01
200700058371,0,07,000,00,2,3,01,B01
200700058372,0,07,000,00,2,2,09,A01
200700058372,0,07,000,00,2,3,01,B01
200700058373,0,07,000,00,1,3,15,A01
200700058374,0,07,000,00,1,2,02,A01
200700058375,0,10,000,01,0,7,09,A01
200700058375,0,02,000,00,0,8,01,B01
200700058376,1,02,000,00,1,1,00,A01
200700058377,1,07,000,00,2,5,10,A01
200700058377,0,07,000,00,2,1,02,B01
200700058378,0,30,000,00,2,1,01,A01
200700058378,0,07,000,00,2,5,09,B01
200700058379,0,07,000,00,1,2,12,A01
200700058380,0,07,000,00,0,0,00,A01
200700058380,0,15,000,00,0,0,00,B01
200700058380,0,10,000,00,0,0,00,C01
200700058381,0,07,000,12,0,3,06,A01
200700058382,0,07,000,00,0,6,01,B01
200700058382,0,33,000,00,2,7,01,A01
200700058383,0,07,000,04,0,1,19,A01
200700058384,0,32,000,00,2,1,01,B01
200700058384,0,07,000,00,2,3,01,A01
200700058385,0,07,000,00,2,6,00,B01
200700058385,0,30,000,00,2,1,02,A01
200700058386,0,07,000,00,1,1,00,A01
200700058387,0,07,000,00,1,1,02,A01
200700058388,0,07,000,00,0,0,00,D01
200700058388,0,32,000,00,0,0,00,B01
200700058388,0,33,000,00,2,8,23,C01
200700058388,0,33,000,00,0,2,00,A01
200700058389,0,13,000,00,0,4,00,B01
200700058389,0,32,000,00,2,1,02,A01
200700058390,0,07,000,00,1,1,01,B01
200700058391,1,99,000,00,0,0,00,A01
200700058392,0,03,000,08,0,1,00,A01
200700058393,0,31,000,00,0,1,00,B01
200700058393,0,07,000,00,0,0,00,A01
200700058394,0,02,000,00,2,1,05,A01
200700058394,0,02,000,00,2,1,15,B01
200700058395,0,10,000,00,2,2,11,A01
200700058395,0,99,000,00,2,1,02,B01
200700058396,0,07,000,01,0,1,01,A01
200700058397,0,33,000,00,2,1,18,A01
200700058397,0,10,000,00,0,0,16,B01
200700058398,0,32,000,00,0,7,01,A01
200700058398,1,99,000,00,0,0,10,B01
200700058399,0,33,000,00,2,1,05,B01
200700058399,0,07,000,00,2,8,15,A01
200700058400,0,10,000,00,1,1,02,A01
200700058401,0,30,000,00,2,1,02,A01
200700058401,0,10,000,00,2,4,02,B01
200700058402,0,30,000,00,2,2,01,A01
200700058402,0,07,000,00,2,3,15,B01
200700058403,0,30,000,00,2,1,22,A01
200700058403,0,07,000,00,0,8,22,B01
200700058404,0,07,000,00,0,2,02,B01
200700058404,0,01,000,00,0,0,00,C01
200700058404,0,07,000,09,2,8,16,A01
200700058405,0,07,000,00,0,3,02,A01
200700058406,0,07,000,00,0,0,00,B01
200700058406,0,07,000,00,0,4,02,A01
200700058406,0,07,000,00,0,1,02,C01
200700058407,0,01,000,00,2,4,02,A01
200700058407,1,02,000,00,2,1,02,B01
200700058408,0,02,000,00,2,1,09,B01
200700058408,0,07,000,00,2,1,01,A01
200700058409,0,07,000,00,9,1,01,A01
200700058409,0,01,000,00,2,8,19,B01
200700058410,0,34,000,00,9,1,02,A01
200700058410,0,01,000,00,9,4,00,B01
200700058411,0,02,000,00,1,0,00,A01
200700058412,0,07,000,00,1,1,02,B01
200700058413,0,07,000,00,1,1,16,A01
200700058414,0,07,000,00,1,6,04,A01
200700058415,0,07,000,00,1,2,01,A01
200700058416,2,07,000,09,0,1,02,A01
200700058416,0,07,000,09,0,5,02,B01
200700058417,0,07,000,00,1,3,16,A01
200700058418,0,07,000,00,2,2,01,A01
200700058418,0,07,000,00,2,3,01,B01
200700058419,0,33,000,00,2,1,03,A01
200700058419,0,10,000,00,2,2,12,B01
200700058420,0,07,000,02,0,1,16,A01
200700058421,0,37,001,00,2,8,09,A01
200700058421,0,15,000,00,2,8,01,B01
200700058422,0,07,000,00,2,3,15,B01
200700058422,0,07,000,00,2,1,13,A01
200700058423,0,07,000,00,2,2,01,A01
200700058423,0,07,000,00,2,3,15,B01
200700058424,0,33,000,00,2,8,01,A01
200700058424,0,07,000,00,2,3,15,B01
200700058425,0,07,000,00,1,2,15,A01
200700058426,0,02,000,00,2,7,01,A01
200700058426,0,07,000,00,2,1,06,B01
200700058427,0,33,000,00,2,1,05,A01
200700058427,0,07,000,00,2,1,01,B01
200700058428,0,30,000,00,2,1,17,B01
200700058428,0,07,000,00,2,3,10,A01
200700058429,0,07,000,00,0,4,02,B01
200700058429,0,07,000,00,0,1,02,A01
200700058430,0,33,000,00,2,1,17,A01
200700058430,0,07,000,00,0,8,15,B01
200700058431,0,07,000,00,2,2,10,A01
200700058431,0,07,000,00,2,3,01,B01
200700058431,0,07,000,00,2,1,23,C01
200700058432,0,07,000,00,0,1,13,A01
200700058432,0,37,000,00,0,1,01,B01
200700058433,0,07,000,00,2,1,01,B01
200700058433,0,07,000,00,2,3,15,A01