Num_Acc,senc,catv,occutc,obs,obsm,choc,manv,num_veh
200700058434,1,07,000,00,1,1,13,A01
200700058435,2,10,000,00,0,0,00,A01
200700058435,0,33,000,00,2,2,01,B01
200700058436,0,02,000,00,2,7,00,A01
200700058436,0,07,000,00,2,1,00,B01
200700058437,0,07,000,00,1,3,01,A01
200700058438,0,07,000,00,2,3,09,A01
200700058438,0,31,000,01,2,2,17,B01
200700058439,0,32,000,00,0,1,01,A01
200700058439,0,02,000,00,2,3,01,B01
200700058440,0,02,000,00,2,0,01,A01
200700058440,0,07,000,00,2,3,00,B01
200700058441,0,07,000,00,1,3,01,A01
200700058442,0,02,000,00,1,1,00,A01
200700058443,0,03,000,00,2,1,05,A01
200700058443,0,07,000,00,2,3,20,B01
200700058444,0,07,000,12,2,3,15,A01
200700058444,0,05,000,00,2,3,23,B01
200700058444,0,07,000,00,2,3,00,C01
200700058445,0,07,000,00,2,2,01,A01
200700058445,0,07,000,00,2,3,00,B01
200700058446,0,32,000,00,2,1,01,A01
200700058446,0,07,000,00,2,6,01,B01
200700058447,0,05,000,00,2,1,02,A01
200700058447,0,05,000,01,0,4,02,B01
200700058448,0,07,000,00,1,1,00,A01
200700058449,0,10,000,00,2,1,01,A01
200700058449,0,01,000,00,2,1,09,B01
200700058450,0,33,000,00,2,1,02,A01
200700058450,0,07,000,00,0,6,02,B01
200700058451,0,07,000,00,1,2,01,A01
200700058452,0,07,000,00,0,6,00,B01
200700058452,0,01,000,00,0,1,02,A01
200700058453,0,07,000,00,0,5,15,A01
200700058453,0,30,000,00,2,1,01,B01
200700058454,0,30,000,00,0,0,01,A01
200700058454,0,01,000,00,0,0,01,B01
200700058455,0,07,000,00,2,8,15,B01
200700058455,0,33,000,00,2,1,01,A01
200700058456,0,07,000,00,2,6,09,A01
200700058456,0,33,000,00,2,1,01,B01
200700058457,0,07,000,00,2,8,13,A01
200700058457,0,07,000,00,2,8,02,C01
200700058457,0,07,000,00,2,6,02,B01
200700058458,0,07,000,00,9,0,00,A01
200700058458,0,01,000,00,0,0,19,B01
200700058459,0,33,000,00,1,0,02,A01
200700058460,0,33,000,00,2,1,00,B01
200700058460,0,30,000,00,2,4,00,A01
200700058461,0,30,000,00,2,1,02,A01
200700058461,1,07,000,00,0,4,11,B01
200700058462,0,07,000,00,1,0,00,A01
200700058463,2,07,000,00,2,1,02,A01
200700058463,0,07,000,00,2,3,02,B01
200700058464,0,30,000,00,2,7,00,A01
200700058464,0,07,000,00,2,2,16,B01
200700058465,0,07,000,00,2,1,00,A01
200700058465,0,07,000,00,2,1,00,B01
200700058466,0,02,000,00,2,1,01,B01
200700058466,0,07,000,00,2,2,15,A01
200700058467,0,01,000,00,2,4,01,B01
200700058467,1,07,000,00,9,2,15,A01
200700058468,0,04,000,00,2,3,09,A01
200700058468,0,07,000,00,0,3,09,B01
200700058469,0,07,000,00,1,0,01,A01
200700058470,0,07,000,00,2,1,02,A01
200700058470,0,07,000,00,2,4,01,B01
200700058470,0,07,000,00,0,4,02,C01
200700058471,0,07,000,00,0,0,00,A01
200700058471,0,02,000,00,0,0,00,B01
200700058472,0,07,000,00,0,0,00,A01
200700058472,0,07,000,00,0,0,00,B01
200700058473,0,07,000,00,0,0,00,A01
200700058474,0,07,000,00,2,3,15,A01
200700058474,0,33,000,00,2,1,01,B01
200700058475,0,02,000,00,2,1,02,A01
200700058475,0,07,000,00,0,4,23,B01
200700058476,0,07,000,00,2,8,01,B01
200700058476,0,07,000,00,2,1,10,A01
200700058477,0,07,000,00,2,1,02,A01
200700058477,0,07,000,00,2,4,02,B01
200700058478,0,07,000,00,2,1,00,A01
200700058478,0,07,000,00,2,8,00,B01
200700058479,0,07,000,00,0,0,00,A01
200700058479,0,07,000,00,0,0,00,B01
200700058480,0,07,000,01,0,3,00,A01
200700058481,0,07,000,00,2,3,15,A01
200700058481,0,01,000,00,2,1,00,B01
200700058482,0,07,000,00,0,0,00,A01
200700058483,0,07,000,00,2,1,02,A01
200700058483,0,07,000,00,1,4,23,B01
200700058484,0,31,000,00,2,7,16,A01
200700058484,0,07,000,00,2,1,01,B01
200700058485,0,07,000,00,0,0,00,A01
200700058485,0,07,000,00,0,0,00,B01
200700058486,0,07,000,00,0,0,00,A01
200700058486,0,07,000,00,0,0,00,B01
200700058487,0,07,000,00,0,0,00,A01
200700058487,0,07,000,00,0,0,00,B01
200700058488,0,07,000,00,0,0,00,A01
200700058489,0,07,000,00,0,0,00,A01
200700058489,0,07,000,00,0,0,00,B01
200700058489,0,07,000,00,0,0,00,C01
200700058489,0,07,000,00,0,0,00,D01
200700058489,0,07,000,00,0,0,00,E01
200700058490,0,07,000,00,2,2,15,A01
200700058490,0,07,000,00,2,1,00,B01
200700058491,0,30,000,00,2,1,00,A01
200700058491,0,07,000,00,2,4,00,B01
200700058492,0,33,000,00,2,7,00,A01
200700058492,0,07,000,00,2,8,11,B01
200700058493,0,07,000,00,9,2,01,A01
200700058493,0,01,000,00,2,0,01,B01
200700058494,0,07,000,00,2,2,01,A01
200700058494,0,07,000,00,2,3,00,B01
200700058495,0,07,000,00,1,1,01,A01
200700058496,0,07,000,00,2,1,15,A01
200700058496,0,30,000,00,2,2,01,B01
200700058497,0,07,000,00,2,0,02,A01
200700058497,0,07,000,00,2,0,02,B01
200700058498,0,07,000,00,2,3,01,B01
200700058498,0,07,000,00,2,1,15,A01
200700058499,0,30,000,00,0,2,01,A01
200700058500,0,07,000,00,2,1,01,A01
200700058500,0,07,000,00,2,3,01,B01
200700058501,0,07,000,01,0,1,00,A01
200700058502,0,07,000,00,1,1,16,A01
200700058503,0,07,000,00,2,4,01,A01
200700058503,0,07,000,00,2,1,01,B01
200700058504,0,07,000,00,2,6,01,A01
200700058504,0,07,000,00,2,5,01,B01
200700058505,0,07,000,00,2,3,10,A01
200700058505,0,31,000,00,2,1,01,B01
200700058506,0,07,000,00,2,2,10,A01
200700058506,0,33,000,00,2,1,01,B01
200700058507,0,07,000,00,2,3,24,A01
200700058507,0,34,000,01,2,1,01,B01
200700058508,0,07,000,00,2,5,14,A01
200700058508,0,01,000,00,1,1,01,B01
200700058509,0,99,000,00,1,2,07,A01
200700058510,0,32,000,00,2,3,15,A01
200700058510,0,07,000,00,2,1,17,B01
200700058511,0,07,000,00,2,2,15,A01
200700058511,0,33,000,00,2,1,01,B01
200700058512,0,33,000,00,0,1,01,A01
200700058513,0,07,000,00,2,8,10,A01
200700058513,0,33,000,00,2,1,01,B01
200700058514,0,07,000,00,0,1,00,A01
200700058515,0,13,000,00,2,2,01,A01
200700058515,0,07,000,00,2,3,19,B01
200700058516,0,34,000,00,2,2,17,A01
200700058516,0,07,000,00,9,5,15,B01
200700058517,0,33,000,00,2,1,17,A01
200700058517,0,07,000,00,2,3,23,C01
200700058517,0,07,000,00,2,8,19,B01
200700058518,0,07,000,00,2,1,02,A01
200700058518,0,07,000,00,2,4,23,B01
200700058519,0,07,000,00,2,2,01,A01
200700058519,0,07,000,00,2,2,01,B01
200700058520,0,34,000,01,0,1,01,A01
200700058521,0,07,000,00,2,3,09,A01
200700058521,0,30,000,00,2,1,01,B01
200700058522,0,30,000,00,2,1,02,A01
200700058522,0,07,000,00,2,4,00,B01
200700058523,0,37,000,00,1,7,01,A01
200700058524,0,07,000,00,1,1,15,A01
200700058525,0,07,000,00,0,8,10,A01
200700058525,0,32,000,00,2,1,17,B01
200700058526,0,07,000,00,2,3,12,A01
200700058526,0,02,000,00,2,1,01,B01
200700058527,0,07,000,00,2,1,01,A01
200700058527,0,07,000,00,2,3,16,B01
200700058528,0,30,000,00,2,1,01,A01
200700058528,0,10,000,00,2,3,16,B01
200700058529,0,33,000,00,2,1,01,A01
200700058529,0,07,000,00,0,4,11,B01
200700058530,0,07,000,00,0,4,14,A01
200700058530,0,33,000,00,2,3,00,B01
200700058531,0,10,000,00,2,1,01,A01
200700058531,0,14,000,00,2,8,00,B01
200700058532,0,30,000,00,0,8,00,A01
200700058533,0,10,000,00,1,4,04,A01
200700058534,0,07,000,00,1,1,01,A01
200700058534,0,07,000,00,2,4,01,B01
200700058534,0,07,000,00,2,1,01,C01
200700058535,0,07,000,00,1,4,01,B01
200700058535,0,02,000,00,0,1,01,A01
200700058536,0,07,000,00,2,1,01,B01
200700058536,0,10,000,00,2,7,01,A01
200700058537,0,10,000,00,1,1,01,A01
200700058538,0,07,000,00,1,1,01,A01
200700058539,0,01,000,00,2,3,02,A01
200700058539,0,37,001,00,2,2,17,B01
200700058540,0,10,000,00,2,1,10,A01
200700058540,0,02,000,00,2,1,09,B01
200700058541,1,07,000,00,0,3,00,B01
200700058541,0,02,000,00,2,1,01,A01
200700058542,1,38,003,01,1,1,01,A01
200700058543,0,33,000,00,0,1,17,A01
200700058543,0,07,000,00,0,8,15,B01
200700058544,0,02,000,00,0,0,00,A01
200700058545,0,07,000,00,2,2,05,A01
200700058545,0,07,000,00,2,1,01,B01
200700058546,0,31,000,00,2,1,01,A01
200700058546,0,07,000,00,2,3,15,B01
200700058547,0,33,000,00,2,0,17,A01
200700058547,0,07,000,00,2,6,23,B01
200700058548,0,07,000,00,2,7,01,A01
200700058548,0,07,000,00,2,1,01,B01
200700058549,0,07,000,00,1,2,01,A01
200700058550,0,07,000,14,2,1,01,A01
200700058550,0,30,000,14,2,1,23,B01
200700058550,0,07,000,14,2,4,23,C01
200700058551,0,07,000,00,2,7,01,A01
200700058551,0,07,000,00,2,1,15,B01
200700058552,0,07,000,00,2,1,01,A01
200700058552,0,30,000,00,2,1,01,B01
200700058553,0,07,000,00,1,3,01,A01
200700058554,0,07,000,00,2,1,17,A01
200700058554,0,07,000,00,2,6,15,B01
200700058555,0,01,000,00,2,1,11,A01
200700058555,0,10,000,00,9,7,02,B01
200700058556,0,02,000,00,2,1,01,A01
200700058556,0,07,000,00,2,8,15,B01
200700058557,0,07,000,00,2,2,15,A01
200700058557,0,31,000,00,1,4,02,B01
200700058558,0,31,000,00,1,0,02,A01
200700058559,0,33,000,00,2,1,12,A01
200700058559,0,14,000,00,2,5,01,B01
200700058559,0,10,000,00,2,3,01,C01
200700058560,0,07,000,06,0,0,00,A01
200700058561,0,07,000,00,1,4,04,A01
200700058562,0,33,000,00,2,1,09,A01
200700058562,0,07,000,00,2,1,01,B01
200700058563,0,07,000,06,0,1,00,A01
200700058564,0,37,001,00,1,3,09,A01
200700058565,0,13,000,00,2,7,10,A01
200700058565,0,31,000,00,0,1,01,B01
200700058566,0,33,000,00,2,1,02,A01
200700058566,0,07,000,00,2,1,02,B01
200700058566,0,10,000,00,0,6,02,C01
200700058567,0,07,000,00,2,1,02,A01
200700058567,0,14,000,00,0,4,02,B01
200700058568,0,07,000,00,1,3,00,A01
200700058569,0,07,000,00,2,0,00,B01
200700058569,0,07,000,00,2,0,00,A01
200700058570,0,02,000,00,1,1,01,A01
200700058571,0,14,000,00,1,2,01,A01
200700058572,0,33,000,00,2,1,01,A01
200700058572,0,07,000,00,0,5,01,B01
200700058573,0,10,000,00,2,5,01,A01
200700058573,0,33,000,00,2,1,01,B01
200700058574,0,02,000,00,0,1,01,A01
200700058575,0,02,000,00,2,1,01,A01
200700058575,0,10,000,00,2,3,01,B01
200700058576,0,07,000,00,2,8,01,B01
200700058576,0,02,000,00,2,1,01,A01
200700058577,1,07,000,00,0,5,15,A01
200700058577,0,33,000,00,2,1,01,B01
200700058578,0,14,000,00,1,4,04,A01
200700058579,0,07,000,00,2,2,01,A01
200700058579,0,07,000,00,2,3,01,B01
200700058580,0,07,000,00,2,1,02,B01
200700058580,0,07,000,00,2,1,01,A01
200700058581,0,07,000,00,2,8,11,B01
200700058581,0,30,000,00,2,1,02,A01
200700058582,0,10,000,00,1,2,01,A01
200700058583,1,30,000,00,1,1,01,A01
200700058584,0,37,000,00,1,2,01,A01
200700058585,0,10,000,00,2,8,01,C01
200700058585,0,10,000,00,2,1,13,B01
200700058585,0,10,000,00,2,1,01,A01
200700058586,0,30,000,00,2,1,01,A01
200700058586,0,30,000,00,2,1,01,B01
200700058587,0,07,000,00,2,2,15,A01
200700058587,0,34,000,00,2,1,01,B01
200700058588,0,07,000,00,2,2,16,B01
200700058588,0,02,000,00,2,1,07,A01
200700058589,0,10,000,00,1,4,04,A01
200700058590,0,01,000,00,1,1,17,A01
200700058591,0,07,000,00,1,2,16,A01
200700058592,0,14,000,00,2,8,10,A01
200700058592,0,07,000,00,2,1,01,B01
200700058593,0,07,000,00,2,2,15,A01
200700058593,0,02,000,00,2,3,01,B01
200700058594,0,07,000,00,2,3,15,A01
200700058594,0,30,000,00,2,1,01,B01
200700058595,0,07,000,00,1,2,01,A01
200700058596,0,02,000,16,0,7,01,A01
200700058597,0,07,000,00,1,3,01,A01
200700058598,0,07,000,00,2,1,23,A01
200700058598,0,33,000,00,2,6,02,B01
200700058599,0,33,000,00,1,8,17,A01
200700058600,0,07,000,00,1,2,01,A01
200700058601,0,07,000,00,1,4,04,A01
200700058602,0,10,000,00,2,1,01,A01
200700058602,0,10,000,00,2,4,02,B01
200700058602,0,07,000,00,2,4,02,C01
200700058603,0,07,000,00,2,1,01,A01
200700058603,0,33,000,00,2,4,02,B01
200700058604,0,07,000,00,1,3,15,A01
200700058605,0,32,000,01,2,1,01,A01
200700058605,0,07,000,00,2,1,01,B01
200700058606,0,32,000,00,1,1,17,A01
200700058606,0,07,000,00,2,6,00,B01
200700058606,0,07,000,00,2,1,01,C01
200700058607,0,07,000,04,2,8,13,A01
200700058607,0,07,000,00,2,8,01,B01
200700058608,0,99,000,00,2,2,01,A01
200700058608,0,07,000,00,2,3,01,B01
200700058609,0,31,000,00,2,1,01,A01
200700058609,0,07,000,00,2,4,01,B01
200700058610,0,07,000,00,2,7,01,A01
200700058610,0,07,000,00,2,8,01,B01
200700058611,0,32,000,00,2,1,18,A01
200700058611,0,07,000,00,2,1,15,B01
200700058612,0,31,000,00,2,0,01,A01
200700058612,0,07,000,00,2,3,23,B01
200700058613,0,07,000,00,1,4,20,A01
200700058614,0,07,000,14,2,1,01,A01
200700058614,0,07,000,00,2,3,01,B01
200700058615,0,07,000,00,1,2,17,A01
200700058616,0,02,000,00,2,7,01,B01
200700058616,0,07,000,00,0,1,15,A01
200700058617,0,01,000,00,2,1,01,B01
200700058617,0,07,000,00,9,1,01,A01
200700058618,0,07,000,00,1,1,20,A01
200700058619,0,34,000,12,0,1,01,A01
200700058620,0,33,000,00,2,1,01,A01
200700058620,0,07,000,00,2,8,01,B01
200700058621,1,07,000,00,2,1,01,B01
200700058621,0,33,000,00,2,1,01,A01
200700058622,0,33,000,00,2,5,12,A01
200700058622,0,37,008,00,2,1,01,B01
200700058623,1,07,000,00,0,0,00,A01
200700058624,0,07,000,00,2,3,01,A01
200700058624,0,33,000,00,2,9,01,B01
200700058625,0,14,000,00,0,0,00,A01
200700058625,0,07,000,00,0,5,23,B01
200700058626,0,07,000,00,9,3,15,A01
200700058626,0,01,000,00,2,1,01,B01
200700058627,0,33,000,00,2,1,13,A01
200700058627,0,07,000,00,2,1,16,B01
200700058628,0,07,000,00,1,7,04,A01
200700058628,0,01,000,00,2,1,01,B01
200700058629,0,32,000,00,2,7,01,A01
200700058629,1,99,000,00,0,0,00,B01
200700058630,0,07,000,00,1,2,15,A01
200700058631,0,07,000,00,2,1,02,A01
200700058631,0,07,000,00,2,4,03,B01
200700058632,0,07,000,01,2,5,01,B01
200700058632,1,07,000,00,2,1,01,A01
200700058633,0,01,000,00,2,7,15,A01
200700058633,0,31,000,00,2,8,15,B01
200700058634,0,07,000,00,2,1,01,A01
200700058634,0,07,000,00,2,4,01,B01
200700058635,0,02,000,00,2,1,02,A01
200700058635,0,07,000,00,2,3,15,B01
200700058636,0,07,000,00,1,2,01,A01
200700058637,0,31,000,00,2,1,01,A01
200700058637,0,07,000,00,2,3,15,B01
200700058638,0,07,000,00,1,1,01,A01
200700058639,0,07,000,00,2,1,05,A01
200700058639,0,07,000,00,2,8,15,B01
200700058640,0,07,000,00,1,8,01,A01
200700058641,0,07,000,00,1,3,01,A01
200700058642,0,01,000,00,0,4,00,A01
200700058642,0,07,000,00,0,3,09,B01
200700058643,0,33,000,00,2,1,01,B01
200700058643,0,07,000,00,9,5,00,A01
200700058644,0,02,000,00,2,8,03,A01
200700058644,0,07,000,00,9,7,00,B01
200700058645,0,33,000,01,0,1,00,A01
200700058645,0,33,000,00,0,4,00,B01
200700058646,0,02,000,00,0,1,01,A01
200700058647,0,07,000,00,9,7,09,A01
200700058647,0,33,000,00,2,8,01,B01
200700058648,0,02,000,00,2,3,01,A01
200700058648,0,07,000,01,2,1,19,B01
200700058649,0,07,000,10,0,6,02,A01
200700058650,0,07,000,00,0,6,15,A01
200700058650,0,33,000,00,2,2,17,B01
200700058651,0,07,000,00,2,7,15,A01
200700058651,0,32,000,00,2,1,01,B01
200700058652,0,10,000,00,2,1,01,A01
200700058652,0,10,000,00,2,3,01,B01
200700058653,0,10,000,00,2,1,00,A01
200700058653,0,10,000,00,2,1,01,B01
200700058654,0,07,000,00,2,7,17,A01
200700058654,0,31,000,00,2,7,01,B01
200700058655,0,10,000,00,2,1,01,A01
200700058655,0,10,000,00,2,1,15,B01
200700058656,0,10,000,00,2,1,01,A01
200700058656,0,07,000,00,2,1,01,B01
200700058656,0,07,000,00,2,4,01,C01
200700058657,0,07,000,00,2,3,01,A01
200700058657,0,07,000,00,2,3,15,B01
200700058658,0,07,000,00,2,2,01,A01
200700058658,0,33,000,00,2,1,01,B01
200700058659,0,33,000,00,2,2,17,A01
200700058659,0,07,000,00,2,3,01,B01
200700058660,0,07,000,00,1,1,01,A01
200700058661,0,02,000,00,2,2,17,A01
200700058661,0,07,000,00,2,3,15,B01
200700058662,0,32,000,00,2,1,17,A01
200700058662,0,07,000,00,2,3,15,B01
200700058663,0,32,000,00,2,1,01,B01
200700058663,0,07,000,00,2,3,01,A01
200700058664,0,14,000,00,1,1,01,A01
200700058665,0,31,000,00,2,2,17,A01
200700058665,0,07,000,00,2,3,11,B01
200700058666,0,07,000,06,0,1,00,A01
200700058667,0,02,000,00,2,2,17,B01
200700058667,0,07,000,00,2,3,09,A01
200700058668,0,07,000,00,2,7,12,A01
200700058668,0,07,000,00,2,8,01,B01
200700058669,0,07,000,00,2,2,15,A01
200700058669,0,33,000,00,2,2,01,B01
200700058670,0,31,000,00,2,1,01,A01
200700058670,0,07,000,00,2,6,01,B01
200700058670,0,07,000,00,2,1,01,C01
200700058671,0,10,000,00,2,3,01,A01
200700058671,0,07,000,00,2,3,01,B01
200700058672,0,07,000,00,2,1,01,A01
200700058672,0,07,000,00,2,4,01,B01
200700058673,0,07,000,00,1,2,01,A01
200700058674,0,02,000,00,2,1,01,A01
200700058674,0,07,000,00,2,4,01,B01
200700058675,0,07,000,00,2,1,15,B01
200700058675,0,02,000,00,2,1,01,A01
200700058676,0,10,000,00,2,3,09,A01
200700058676,0,33,000,00,2,2,01,B01
200700058677,0,07,000,00,2,4,11,A01
200700058677,0,33,000,00,2,1,02,B01
200700058678,1,15,000,00,2,0,12,A01
200700058678,0,07,000,03,2,6,00,B01
200700058679,0,07,000,00,2,7,12,A01
200700058679,0,33,000,00,2,3,03,B01
200700058680,0,07,000,00,0,3,02,A01
200700058680,0,33,000,00,2,1,03,B01
200700058681,0,07,000,00,2,6,01,A01
200700058681,0,33,000,00,2,1,00,B01
200700058682,0,07,000,11,0,0,19,A01
200700058683,0,07,000,03,0,1,00,A01
200700058684,0,07,000,00,2,8,01,A01
200700058684,0,15,000,00,2,2,12,B01
200700058685,0,07,000,00,9,4,02,A01
200700058685,0,31,000,00,2,7,02,B01
200700058685,0,07,000,00,2,7,00,C01
200700058686,0,17,000,00,0,0,01,A01
200700058686,0,33,000,00,2,8,01,F01
200700058686,0,17,000,00,2,2,01,E01
200700058686,0,33,000,00,2,1,03,I01
200700058686,0,07,000,00,2,4,01,D01
200700058686,0,10,000,00,2,8,09,G01
200700058686,0,07,000,00,2,4,01,C01
200700058686,0,10,000,00,2,2,01,H01
200700058686,0,07,000,00,0,4,01,B01
200700058687,0,33,000,00,9,1,02,A01
200700058688,0,07,000,00,2,5,00,A01
200700058688,0,33,000,00,2,5,02,B01
200700058689,0,33,000,00,0,3,00,A01
200700058689,1,07,000,00,0,7,12,B01
200700058690,0,07,000,00,2,7,12,A01
200700058690,0,33,000,00,2,8,03,B01
200700058691,0,07,000,00,0,0,11,A01
200700058691,0,34,000,00,0,8,17,B01
200700058692,0,07,000,04,2,3,01,A01
200700058692,0,14,000,00,2,5,12,B01
200700058693,0,07,000,00,2,4,11,A01
200700058693,0,32,000,00,2,8,03,B01
200700058694,0,07,000,00,0,6,11,A01
200700058694,0,33,000,00,0,1,03,B01
200700058695,0,07,000,00,0,5,01,A01
200700058695,0,07,000,00,0,8,11,B01
200700058695,0,32,000,00,2,2,03,C01
200700058696,0,07,000,04,2,4,02,A01
200700058696,0,07,000,03,2,5,01,B01
200700058696,0,17,000,00,2,1,02,C01
200700058697,0,33,000,00,2,1,03,A01
200700058697,0,33,000,03,0,4,03,B01
200700058697,0,07,000,00,2,7,01,C01
200700058698,0,07,000,00,9,1,02,B01
200700058698,0,33,000,00,2,4,02,A01
200700058699,0,07,000,00,2,5,12,A01
200700058699,0,33,000,00,2,1,03,B01
200700058700,0,33,000,00,2,1,03,B01
200700058700,0,07,000,00,2,2,12,C01
200700058700,0,15,000,00,2,6,02,A01
200700058701,0,99,000,00,2,1,02,A01
200700058701,0,99,000,00,2,4,02,B01
200700058701,0,15,000,00,0,4,02,C01
200700058702,0,07,000,04,2,0,21,A01
200700058703,0,07,000,00,2,7,12,A01
200700058703,0,32,000,00,2,8,01,B01
200700058704,0,07,000,00,2,4,11,A01
200700058704,0,33,000,00,2,1,03,B01
200700058705,0,07,000,00,0,0,11,A01
200700058705,0,07,000,03,0,1,21,B01
200700058706,0,07,000,00,2,7,12,A01
200700058706,0,33,000,00,2,1,03,B01
200700058707,0,07,000,00,2,5,12,A01
200700058707,0,33,000,00,2,1,03,B01
200700058708,0,10,000,00,0,6,01,A01
200700058708,0,07,000,00,2,6,02,B01
200700058708,0,33,000,00,2,2,02,C01
200700058709,0,07,000,00,0,6,01,A01
200700058709,0,17,000,00,2,2,12,B01
200700058710,0,07,000,00,0,4,02,A01
200700058710,0,07,000,00,2,4,02,B01
200700058710,0,07,000,00,2,4,02,C01
200700058710,0,07,000,00,2,1,02,D01
200700058711,0,07,000,00,0,4,02,A01
200700058711,0,13,000,00,2,4,02,B01
200700058711,0,13,000,00,2,1,02,C01
200700058712,0,07,000,00,0,4,23,A01
200700058712,0,07,000,00,2,4,23,B01
200700058712,0,07,000,00,2,4,23,C01
200700058712,0,37,001,00,2,1,21,D01
200700058713,0,07,000,00,2,3,11,A01
200700058713,0,15,000,00,2,2,02,B01
200700058714,0,07,000,04,0,3,01,A01
200700058715,0,07,000,00,2,7,01,A01
200700058715,0,33,000,00,2,8,03,B01
200700058716,0,07,000,00,2,1,01,A01
200700058717,0,07,000,00,0,6,01,A01
200700058717,0,07,000,00,2,1,14,B01
200700058718,0,07,000,00,0,3,02,A01
200700058718,0,33,000,00,2,1,03,B01
200700058719,0,33,000,00,0,0,02,A01
200700058720,0,07,000,04,0,2,02,A01
200700058721,0,07,000,00,1,2,01,A01
200700058722,0,07,000,00,2,4,02,B01
200700058722,0,15,000,00,2,1,12,A01
200700058723,0,07,000,00,0,9,21,A01
200700058724,0,07,000,00,0,8,11,B01
200700058724,0,33,000,00,2,1,02,A01
200700058725,0,07,000,00,2,2,12,B01
200700058725,0,10,000,00,2,3,02,A01
200700058726,0,07,000,00,0,4,02,C01
200700058726,0,07,000,00,2,4,02,B01
200700058726,0,07,000,00,2,1,02,A01
200700058727,0,14,000,00,2,2,00,B01
200700058727,0,07,000,00,2,4,00,A01
200700058728,0,33,000,00,2,7,03,A01
200700058728,1,99,000,00,0,0,00,B01
200700058729,0,07,000,00,2,1,00,A01
200700058729,0,14,000,00,2,4,02,B01
200700058729,0,07,000,00,0,4,02,C01
200700058730,0,07,000,00,0,4,01,B01
200700058730,0,07,000,00,2,1,01,A01
200700058731,0,33,000,00,2,7,18,B01
200700058731,0,07,000,00,2,8,11,A01
200700058732,0,33,000,00,0,0,02,A01
200700058733,0,07,000,00,0,1,00,A01
200700058734,0,15,000,00,2,2,12,B01
200700058734,0,07,000,00,2,3,01,A01
200700058735,0,33,000,00,0,0,02,A01
200700058736,0,07,000,03,0,1,00,A01
200700058737,0,13,000,00,2,1,02,A01
200700058737,0,07,000,00,0,4,02,B01
200700058738,0,07,000,00,2,6,03,C01
200700058738,0,07,000,00,2,2,01,B01
200700058738,0,07,000,00,2,3,01,A01
200700058739,0,33,000,00,0,2,21,A01
200700058739,0,07,000,00,0,0,21,F01
200700058739,0,07,000,03,2,1,21,E01
200700058739,0,10,000,05,0,1,21,D01
200700058739,0,07,000,01,0,1,21,C01
200700058739,0,07,000,03,0,3,21,B01
200700058740,0,07,000,00,0,4,02,B01
200700058740,0,07,000,00,0,1,02,A01
200700058741,0,07,000,00,2,1,02,C01
200700058741,0,07,000,00,2,4,02,B01
200700058741,0,07,000,00,0,4,02,A01
200700058742,0,07,000,03,0,1,12,A01
200700058743,0,07,000,00,2,3,02,C01
200700058743,0,07,000,04,2,6,02,B01
200700058743,0,15,000,00,2,2,12,A01
200700058744,1,99,000,00,0,0,00,B01
200700058744,0,07,000,00,2,6,00,A01
200700058745,0,07,000,00,2,4,02,B01
200700058745,0,07,000,00,2,1,02,A01
200700058746,0,07,000,00,2,1,02,E01
200700058746,0,07,000,00,2,1,02,D01
200700058746,0,07,000,00,2,4,02,C01
200700058746,0,07,000,00,2,4,02,B01
200700058746,0,07,000,00,2,4,02,A01
200700058747,0,07,000,04,2,3,13,A01
200700058748,0,07,000,01,0,2,02,B01
200700058748,0,99,000,00,0,6,00,A01
200700058749,2,07,000,00,2,1,02,A01
200700058749,0,07,000,00,0,4,01,B01
200700058749,0,07,000,00,0,4,01,C01
200700058750,0,31,000,00,0,0,00,B01
200700058750,0,07,000,00,0,0,00,A01
200700058751,0,07,000,00,0,4,02,B01
200700058751,0,13,000,00,2,1,02,A01
200700058752,0,07,000,00,0,6,02,A01
200700058752,0,07,000,00,2,2,09,B01
200700058753,0,07,000,00,2,3,01,B01
200700058753,0,07,000,00,0,2,01,A01
200700058754,0,32,000,00,0,0,01,A01
200700058755,0,07,000,00,2,4,02,C01
200700058755,0,07,000,00,2,4,02,B01
200700058755,0,07,000,00,2,1,02,A01
200700058756,0,07,000,00,2,4,02,B01
200700058756,0,07,000,00,2,1,02,A01
200700058757,0,07,000,00,2,3,00,B01
200700058757,0,07,000,00,2,2,12,A01
200700058758,0,15,000,00,2,1,00,B01
200700058758,0,07,000,00,2,8,00,A01
200700058759,0,32,000,00,2,1,18,B01
200700058759,0,07,000,00,2,4,03,A01
200700058760,0,33,000,00,2,1,03,A01
200700058760,0,07,000,00,0,8,11,B01
200700058761,0,10,000,00,2,0,01,A01
200700058762,0,15,000,00,2,2,12,B01
200700058762,0,07,000,00,2,8,01,A01
200700058763,0,07,000,04,2,1,13,A01
200700058763,0,07,000,00,2,3,02,B01
200700058764,0,07,000,04,0,3,01,A01
200700058764,0,10,000,00,2,2,21,B01
200700058765,0,33,000,00,2,8,12,A01
200700058765,0,07,000,00,2,7,12,B01
200700058766,0,07,000,00,2,4,02,A01
200700058766,0,33,000,00,2,1,02,B01
200700058767,0,07,000,00,0,4,02,A01
200700058767,0,07,000,14,2,4,02,B01
200700058767,0,07,000,00,2,1,02,C01
200700058768,0,07,000,04,0,3,00,A01
200700058769,0,33,000,04,0,1,01,A01