Num_Acc,senc,catv,occutc,obs,obsm,choc,manv,num_veh
200700058770,0,07,000,00,2,3,01,A01
200700058770,0,07,000,00,2,5,02,B01
200700058770,0,33,000,00,0,4,01,C01
200700058771,0,07,000,00,2,6,11,B01
200700058771,0,33,000,00,2,1,00,A01
200700058772,0,10,000,12,0,2,01,A01
200700058773,0,07,000,03,0,1,00,A01
200700058774,0,07,000,00,0,6,01,A01
200700058774,0,32,000,00,2,1,00,B01
200700058775,0,34,000,00,2,2,03,A01
200700058775,0,07,000,00,0,7,01,B01
200700058775,0,07,000,00,0,8,01,C01
200700058775,0,07,000,00,0,8,01,D01
200700058776,0,34,000,00,2,3,02,A01
200700058776,0,07,000,00,2,5,02,B01
200700058777,0,33,000,04,0,7,15,A01
200700058778,0,07,000,04,0,1,01,A01
200700058779,0,33,000,00,0,7,09,A01
200700058780,0,10,000,00,2,1,02,A01
200700058780,0,07,000,00,2,4,02,B01
200700058781,0,07,000,04,2,6,11,A01
200700058781,0,15,000,04,0,2,02,B01
200700058782,0,32,000,00,0,9,01,A01
200700058783,0,33,000,00,2,2,00,A01
200700058783,1,99,000,00,0,0,00,B01
200700058784,0,07,000,00,2,1,02,A01
200700058784,0,07,000,00,2,4,02,B01
200700058785,0,33,000,04,0,3,06,A01
200700058786,0,07,000,00,2,8,02,A01
200700058786,0,07,000,00,2,1,02,B01
200700058787,0,07,000,04,0,7,00,A01
200700058788,0,33,000,00,2,1,00,A01
200700058788,0,07,000,00,2,4,00,B01
200700058789,0,15,000,00,2,1,02,A01
200700058789,0,15,000,00,0,4,02,B01
200700058790,0,07,000,00,0,9,01,A01
200700058791,0,07,000,00,2,1,02,A01
200700058791,0,07,000,00,2,4,02,B01
200700058792,0,10,000,00,2,1,12,A01
200700058792,0,10,000,00,2,4,23,B01
200700058793,0,07,000,00,2,4,01,A01
200700058793,0,33,000,00,2,1,03,B01
200700058794,0,33,000,00,2,1,21,A01
200700058794,0,10,000,00,0,4,11,B01
200700058795,0,07,000,04,0,3,00,A01
200700058796,0,07,000,00,0,2,00,A01
200700058797,0,07,000,00,2,6,01,A01
200700058797,0,14,000,00,2,2,12,B01
200700058798,0,07,000,00,2,0,11,A01
200700058798,0,32,000,00,2,0,02,B01
200700058799,1,99,000,00,0,0,00,D01
200700058799,0,07,000,00,2,3,02,A01
200700058799,0,07,000,00,2,4,12,B01
200700058799,0,07,000,00,2,7,02,C01
200700058800,0,07,000,04,0,0,00,A01
200700058801,0,07,000,00,2,3,13,A01
200700058801,0,17,000,00,2,5,01,B01
200700058802,0,07,000,04,0,1,00,A01
200700058803,0,07,000,00,0,0,11,A01
200700058803,0,33,000,00,2,0,21,B01
200700058804,0,07,000,00,2,3,01,A01
200700058804,0,07,000,00,2,5,12,B01
200700058805,0,07,000,00,2,2,02,A01
200700058805,0,14,000,00,2,7,00,B01
200700058806,0,07,000,04,0,1,21,A01
200700058807,0,07,000,04,0,1,17,A01
200700058808,0,07,000,00,2,3,02,A01
200700058808,0,07,000,00,2,3,11,B01
200700058809,0,07,000,00,0,1,00,A01
200700058810,0,07,000,00,0,1,00,A01
200700058811,0,07,000,04,0,2,00,A01
200700058812,0,07,000,00,0,9,01,A01
200700058813,0,07,000,00,0,2,00,A01
200700058814,0,33,000,00,0,7,21,A01
200700058815,0,07,000,00,0,9,02,A01
200700058816,0,07,000,00,2,1,01,A01
200700058816,0,07,000,00,2,9,02,B01
200700058817,0,07,000,04,0,6,00,A01
200700058818,0,07,000,00,2,2,01,A01
200700058818,0,07,000,00,2,1,01,B01
200700058818,1,10,000,00,2,3,11,C01
200700058819,0,07,000,04,0,3,21,A01
200700058820,0,33,000,04,9,8,01,A01
200700058821,1,07,000,00,2,5,17,A01
200700058821,0,07,000,00,2,8,01,B01
200700058822,0,33,000,00,2,8,02,B01
200700058822,0,07,000,00,2,2,12,A01
200700058823,0,07,000,04,0,1,14,A01
200700058824,0,07,000,00,0,1,02,C01
200700058824,0,07,000,00,0,1,02,B01
200700058824,0,07,000,00,0,4,02,A01
200700058825,0,10,000,00,0,2,00,B01
200700058825,0,10,000,00,0,6,00,A01
200700058826,0,07,000,00,0,4,01,B01
200700058826,0,15,000,00,0,0,01,A01
200700058827,0,07,000,00,0,6,00,A01
200700058827,0,07,000,00,2,3,01,B01
200700058828,0,07,000,00,2,1,12,B01
200700058828,0,10,000,00,0,6,04,A01
200700058829,0,07,000,00,0,6,00,A01
200700058829,0,07,000,00,2,3,12,B01
200700058830,0,07,000,02,0,1,00,A01
200700058831,0,33,000,00,2,1,03,B01
200700058831,0,07,000,00,2,5,12,A01
200700058832,0,33,000,00,0,0,14,A01
200700058833,0,07,000,00,2,1,01,B01
200700058833,0,33,000,00,0,3,01,A01
200700058834,0,07,000,00,2,8,02,D01
200700058834,0,07,000,00,2,4,02,B01
200700058834,0,07,000,00,2,5,01,A01
200700058834,0,07,000,00,2,3,02,C01
200700058835,0,07,000,00,2,6,01,B01
200700058835,0,33,000,00,2,5,01,A01
200700058836,0,07,000,04,0,1,21,A01
200700058837,0,07,000,00,0,2,12,B01
200700058837,0,33,000,00,0,3,03,A01
200700058838,0,07,000,04,0,3,01,A01
200700058839,0,07,000,00,0,4,02,B01
200700058839,0,33,000,00,2,1,02,A01
200700058840,0,07,000,00,0,7,01,B01
200700058840,0,07,000,00,0,7,01,A01
200700058840,0,33,000,00,2,3,03,C01
200700058841,0,07,000,00,2,6,12,B01
200700058841,0,07,000,06,2,7,02,A01
200700058842,0,10,000,00,2,2,02,A01
200700058842,0,07,000,00,2,2,02,B01
200700058843,1,14,000,00,2,5,01,C01
200700058843,0,15,000,00,2,6,01,B01
200700058843,0,33,000,00,2,3,03,A01
200700058844,0,07,000,00,2,4,14,B01
200700058844,0,33,000,00,2,1,21,A01
200700058845,0,07,000,03,0,9,00,A01
200700058846,0,07,000,00,2,5,01,C01
200700058846,0,33,000,00,0,7,18,B01
200700058846,0,07,000,00,0,8,11,A01
200700058847,0,33,000,00,2,1,00,A01
200700058847,0,07,000,00,0,6,00,B01
200700058848,0,33,000,00,2,1,03,B01
200700058848,0,07,000,00,0,5,12,A01
200700058849,0,07,000,00,2,1,02,B01
200700058849,0,07,000,00,2,4,02,A01
200700058850,0,07,000,00,0,4,01,B01
200700058850,0,15,000,00,2,1,01,A01
200700058851,0,33,000,00,0,7,01,A01
200700058852,0,07,000,00,2,1,00,A01
200700058852,0,10,000,00,2,4,00,B01
200700058853,0,07,000,04,2,2,02,C01
200700058853,0,13,000,04,2,6,02,B01
200700058853,0,07,000,04,2,6,11,A01
200700058854,0,31,000,04,0,7,02,A01
200700058855,0,17,000,00,0,5,02,B01
200700058855,0,07,000,00,2,3,02,A01
200700058856,0,33,000,00,2,1,02,B01
200700058856,0,07,000,00,0,4,01,A01
200700058857,0,01,000,00,2,8,19,B01
200700058857,0,07,000,00,9,1,01,A01
200700058858,0,33,000,00,2,7,11,B01
200700058858,0,07,000,00,2,8,11,A01
200700058859,0,07,000,00,2,8,12,B01
200700058859,0,33,000,00,2,2,03,A01
200700058860,0,07,000,00,0,1,00,B01
200700058860,0,07,000,00,0,4,00,A01
200700058861,0,33,000,00,2,1,14,B01
200700058861,0,10,000,00,2,5,02,A01
200700058862,0,07,000,04,2,8,11,A01
200700058862,0,10,000,00,2,3,02,B01
200700058863,0,33,000,00,0,8,01,A01
200700058864,0,07,000,03,4,1,00,A01
200700058865,0,07,000,00,0,4,02,B01
200700058865,0,07,000,00,2,1,02,A01
200700058866,0,07,000,00,0,0,00,B01
200700058866,0,07,000,00,2,1,00,C01
200700058866,0,07,000,00,2,4,00,A01
200700058866,0,07,000,00,2,0,00,E01
200700058866,0,10,000,00,2,6,00,D01
200700058867,0,07,000,04,0,1,01,A01
200700058868,0,15,000,00,2,6,13,B01
200700058868,0,07,000,00,2,7,00,A01
200700058869,0,07,000,00,2,4,02,B01
200700058869,0,15,000,00,0,4,01,A01
200700058869,0,07,000,00,2,4,02,C01
200700058869,0,38,001,00,2,1,02,D01
200700058870,0,07,000,13,0,9,02,A01
200700058871,0,33,000,00,0,7,02,A01
200700058872,0,07,000,00,2,6,02,B01
200700058872,0,33,000,00,2,1,02,A01
200700058873,0,32,000,00,0,2,21,A01
200700058874,0,33,000,00,0,8,00,A01
200700058875,0,32,000,00,0,8,21,A01
200700058876,0,07,000,04,0,6,00,A01
200700058877,0,14,000,06,0,1,01,A01
200700058878,0,07,000,00,2,1,00,B01
200700058878,0,07,000,00,2,3,09,A01
200700058879,0,31,000,00,2,7,03,B01
200700058879,0,17,000,00,0,8,01,A01
200700058880,0,07,000,03,0,7,02,A01
200700058881,0,07,000,06,0,7,02,A01
200700058882,0,07,000,03,0,9,00,A01
200700058883,0,30,000,16,0,1,01,A01
200700058884,0,07,000,16,0,9,01,A01
200700058885,0,07,000,00,2,1,01,A01
200700058885,0,07,000,00,2,4,01,B01
200700058886,0,07,000,00,2,1,01,A01
200700058886,0,07,000,00,2,4,01,B01
200700058887,0,07,000,00,2,7,01,A01
200700058887,0,38,001,00,2,8,01,B01
200700058888,0,02,000,00,2,6,00,A01
200700058888,0,07,000,00,2,0,00,B01
200700058889,0,07,000,00,2,9,01,A01
200700058889,0,07,000,08,2,4,01,B01
200700058890,0,07,000,00,2,1,01,A01
200700058890,0,07,000,00,2,4,01,B01
200700058890,0,07,000,00,0,4,02,C01
200700058891,0,07,000,00,2,1,13,A01
200700058891,0,07,000,00,2,1,01,B01
200700058892,0,07,000,00,2,1,20,A01
200700058892,0,07,000,00,2,7,01,B01
200700058893,0,07,000,00,2,1,01,A01
200700058893,0,07,000,00,2,8,01,B01
200700058894,0,07,000,00,2,1,01,A01
200700058894,0,07,000,00,2,1,01,B01
200700058895,0,07,000,00,2,1,01,A01
200700058895,0,07,000,00,2,1,01,B01
200700058896,0,07,000,00,2,1,01,B01
200700058896,0,02,000,00,2,1,01,A01
200700058897,0,07,000,00,2,1,13,A01
200700058897,0,07,000,00,2,1,01,B01
200700058897,0,07,000,00,2,1,01,C01
200700058898,0,07,000,07,0,1,01,A01
200700058899,0,07,000,00,2,4,02,A01
200700058899,0,13,000,00,2,0,02,B01
200700058900,0,07,000,00,2,2,02,A01
200700058900,0,07,000,00,2,6,02,B01
200700058901,0,07,000,00,2,7,17,A01
200700058901,0,30,000,00,2,8,02,B01
200700058902,0,99,000,00,2,2,00,A01
200700058902,0,15,000,00,2,3,11,B01
200700058903,0,07,000,00,1,1,01,A01
200700058904,0,33,000,00,0,4,00,B01
200700058904,0,10,000,00,2,3,01,A01
200700058905,0,02,000,00,1,2,01,A01
200700058906,0,07,000,00,2,1,02,A01
200700058906,0,07,000,00,2,4,23,B01
200700058906,0,07,000,00,0,4,23,C01
200700058907,0,34,000,11,2,7,01,A01
200700058907,0,07,000,00,2,8,11,B01
200700058908,0,30,000,00,2,1,02,A01
200700058908,0,10,000,00,0,4,23,B01
200700058909,0,01,000,00,2,7,01,A01
200700058909,0,07,000,00,9,3,01,B01
200700058910,0,07,000,00,0,3,01,B01
200700058910,1,07,000,00,2,5,12,A01
200700058911,0,07,000,00,2,1,11,A01
200700058911,0,07,000,00,2,1,02,B01
200700058911,0,15,000,00,2,4,02,C01
200700058912,0,07,000,04,2,1,11,A01
200700058912,0,07,000,00,2,4,01,B01
200700058913,0,33,000,00,2,1,01,A01
200700058913,0,07,000,00,0,4,01,B01
200700058913,0,07,000,00,0,4,01,C01
200700058914,0,07,000,00,2,1,00,A01
200700058914,0,07,000,00,0,4,01,B01
200700058915,0,07,000,00,2,1,05,A01
200700058915,0,07,000,00,2,1,01,B01
200700058916,0,07,000,03,0,1,01,A01
200700058917,0,07,000,00,2,1,01,A01
200700058917,0,37,000,00,0,4,02,B01
200700058918,0,07,000,00,0,9,01,A01
200700058919,0,07,000,00,2,7,12,A01
200700058919,0,33,000,00,2,8,01,B01
200700058920,0,07,000,00,2,1,01,A01
200700058920,0,07,000,00,0,4,02,B01
200700058920,0,07,000,00,0,4,02,C01
200700058920,0,07,000,00,0,4,02,D01
200700058921,0,07,000,00,0,0,17,A01
200700058922,0,33,000,01,0,0,01,A01
200700058922,0,10,000,00,0,4,24,B01
200700058923,0,07,000,00,0,9,00,A01
200700058924,0,07,000,04,0,9,17,A01
200700058925,0,07,000,04,0,1,14,A01
200700058926,0,07,000,00,0,0,00,A01
200700058927,0,07,000,00,2,1,01,A01
200700058927,0,07,000,00,2,4,01,B01
200700058927,0,07,000,00,0,4,00,C01
200700058928,0,10,000,00,2,4,00,A01
200700058928,0,07,000,00,0,4,00,B01
200700058929,0,33,000,00,2,1,01,A01
200700058929,0,17,000,00,0,4,02,B01
200700058930,0,33,000,00,2,1,00,A01
200700058930,0,07,000,00,2,4,00,B01
200700058931,0,07,000,00,2,2,12,A01
200700058931,0,07,000,00,2,3,00,B01
200700058932,0,07,000,00,2,8,11,A01
200700058932,0,33,000,00,2,7,17,B01
200700058933,0,07,000,00,0,0,00,A01
200700058933,0,07,000,00,0,0,00,B01
200700058933,0,07,000,00,0,0,00,C01
200700058933,0,07,000,00,0,0,01,D01
200700058934,0,07,000,06,0,0,00,A01
200700058935,0,07,000,00,2,0,00,A01
200700058935,0,07,000,00,2,0,00,B01
200700058935,0,07,000,00,0,0,00,C01
200700058936,0,07,000,00,2,1,02,A01
200700058936,0,07,000,00,2,4,02,B01
200700058937,0,07,000,00,0,0,00,A01
200700058937,0,07,000,00,0,0,00,B01
200700058938,0,07,000,00,2,1,02,A01
200700058938,0,10,000,00,2,4,02,B01
200700058939,0,17,000,00,0,0,00,A01
200700058939,0,07,000,00,0,0,00,F01
200700058939,0,07,000,00,0,0,00,B01
200700058939,0,13,000,00,0,0,00,G01
200700058939,0,07,000,00,0,0,00,C01
200700058939,0,07,000,00,0,0,00,D01
200700058939,0,07,000,00,0,0,00,E01
200700058940,0,07,000,00,0,9,00,A01
200700058941,0,10,000,11,0,1,00,A01
200700058942,0,07,000,04,0,0,00,A01
200700058943,0,07,000,04,0,0,00,A01
200700058944,0,07,000,00,0,0,00,A01
200700058944,0,07,000,00,0,0,00,B01
200700058945,0,07,000,00,0,0,00,A01
200700058946,0,07,000,00,0,0,00,A01
200700058947,0,07,000,00,2,0,12,A01
200700058947,0,07,000,00,2,0,01,B01
200700058948,0,07,000,00,1,1,01,A01
200700058949,0,07,000,00,2,1,01,A01
200700058949,0,07,000,00,2,4,23,B01
200700058950,0,07,000,00,1,2,15,A01
200700058951,0,07,000,00,2,2,01,A01
200700058951,0,07,000,00,2,3,01,B01
200700058952,0,07,000,00,9,2,12,A01
200700058952,0,01,000,00,2,8,01,B01
200700058953,0,01,000,00,2,1,01,A01
200700058953,0,01,000,00,2,1,01,B01
200700058954,0,07,000,00,2,1,01,A01
200700058954,0,07,000,00,2,6,01,B01
200700058955,0,07,000,00,2,7,01,A01
200700058955,0,07,000,00,2,1,01,B01
200700058956,0,30,000,00,2,1,01,A01
200700058956,0,07,000,00,2,7,16,B01
200700058957,0,07,000,00,2,1,01,A01
200700058957,0,07,000,00,2,8,01,B01
200700058958,0,07,000,00,1,3,14,A01
200700058959,0,07,000,00,2,3,13,A01
200700058959,0,33,000,01,2,1,01,B01
200700058960,0,07,000,00,2,2,15,A01
200700058960,0,30,000,00,2,1,01,B01
200700058961,0,32,000,00,0,2,12,A01
200700058961,0,07,000,00,0,0,01,B01
200700058962,0,10,000,00,2,3,22,A01
200700058962,0,01,000,01,0,1,01,B01
200700058963,0,13,000,00,2,0,24,B01
200700058963,0,35,000,01,0,1,01,A01
200700058964,0,07,000,00,2,2,01,A01
200700058964,0,07,000,00,2,3,01,B01
200700058965,0,07,000,06,0,1,01,A01
200700058966,0,33,000,00,2,1,14,A01
200700058966,0,07,000,00,2,3,01,B01
200700058967,0,07,000,00,2,1,01,A01
200700058967,0,33,000,00,2,7,01,B01
200700058968,0,07,000,00,1,0,15,A01
200700058969,0,31,000,00,9,1,01,A01
200700058969,0,40,000,00,2,1,01,B01
200700058970,0,07,000,00,1,2,01,A01
200700058971,0,07,000,00,9,1,09,A01
200700058971,0,01,000,00,2,1,01,B01
200700058972,0,07,000,00,2,1,01,A01
200700058972,0,07,000,00,2,4,09,B01
200700058973,0,07,000,00,2,8,09,A01
200700058973,0,32,000,00,2,1,01,B01
200700058974,0,07,000,00,1,2,01,A01
200700058975,1,10,000,08,1,2,15,A01
200700058976,0,07,000,00,2,3,01,A01
200700058976,0,07,000,00,2,2,01,B01
200700058977,0,07,000,00,1,2,16,A01
200700058978,0,07,000,00,1,1,15,A01
200700058979,0,02,000,00,2,1,19,A01
200700058979,0,07,000,00,2,2,01,B01
200700058980,0,07,000,00,0,7,22,A01
200700058980,0,01,000,00,2,1,03,B01
200700058981,0,07,000,00,0,1,01,A01
200700058981,0,33,000,00,2,4,01,B01
200700058982,0,07,000,00,0,4,23,A01
200700058982,0,32,000,00,2,1,02,B01
200700058983,0,07,000,11,2,1,02,A01
200700058983,0,07,000,00,2,5,02,B01
200700058984,0,07,000,00,2,3,02,A01
200700058984,0,07,000,03,0,4,02,B01
200700058985,0,17,000,00,2,1,02,A01
200700058985,0,17,000,00,0,4,02,B01
200700058986,0,07,000,00,2,2,06,A01
200700058986,0,07,000,00,0,3,02,B01
200700058987,0,07,000,00,2,1,02,A01
200700058987,0,10,000,00,0,4,23,B01
200700058988,0,15,000,00,2,6,12,A01
200700058988,0,07,000,00,2,3,02,B01
200700058989,0,05,000,00,0,3,02,A01
200700058990,0,07,000,04,2,3,13,A01
200700058990,0,07,000,00,2,1,02,B01
200700058991,0,07,000,03,2,3,02,B01
200700058991,0,15,000,00,2,3,12,A01
200700058992,0,07,000,03,0,7,14,A01
200700058993,0,15,000,02,0,4,11,A01
200700058994,0,15,000,00,2,2,02,A01
200700058994,0,15,000,00,2,6,02,B01
200700058995,0,15,000,00,2,2,17,A01
200700058995,0,07,000,00,0,8,02,B01
200700058996,0,05,000,00,0,0,02,A01
200700058997,0,07,000,07,0,3,15,A01
200700058998,0,07,000,00,2,5,02,A01
200700058998,0,05,000,00,2,3,02,B01
200700058999,0,15,000,00,2,6,17,A01
200700058999,0,07,000,00,2,1,02,B01
200700059000,0,07,000,00,2,2,12,A01
200700059000,0,07,000,04,0,6,02,B01
200700059001,0,05,000,00,2,1,02,A01
200700059001,0,07,000,00,2,2,12,B01
200700059002,0,17,000,00,2,2,11,A01
200700059002,0,07,000,00,0,5,02,B01
200700059003,0,07,000,00,2,3,01,A01
200700059003,0,01,000,00,2,7,19,B01
200700059004,0,07,000,00,1,2,15,A01
200700059005,0,37,000,00,1,5,16,A01
200700059006,0,07,000,00,2,2,16,A01
200700059006,0,30,000,00,2,3,18,B01
200700059007,0,30,000,00,2,1,00,A01
200700059007,0,07,000,00,2,2,15,B01
200700059008,0,07,000,00,1,3,01,A01
200700059009,0,07,000,00,2,1,02,B01
200700059009,0,07,000,00,0,4,01,A01
200700059010,0,10,000,00,2,5,02,C01
200700059010,0,10,000,01,2,1,14,A01
200700059010,0,17,000,00,0,3,24,B01
200700059011,0,07,000,06,0,4,02,B01
200700059011,0,07,000,03,2,1,02,A01
200700059012,0,13,000,00,1,1,02,A01
200700059012,0,13,000,00,0,4,24,B01
200700059013,0,07,000,05,0,3,01,A01
200700059014,0,07,000,00,0,6,01,B01
200700059014,0,15,000,00,2,2,12,A01
200700059015,0,05,000,00,0,7,01,A01
200700059016,0,07,000,00,0,4,02,C01
200700059016,0,07,000,03,2,5,02,B01
200700059016,0,07,000,00,2,3,02,A01
200700059017,0,07,000,00,0,7,17,B01
200700059017,0,10,000,03,2,3,13,A01
200700059018,0,17,000,01,0,2,14,A01
200700059018,0,10,000,00,0,6,23,B01
200700059019,0,07,000,00,0,4,02,B01
200700059019,0,07,000,00,2,1,02,A01
200700059020,0,07,000,03,2,7,17,A01
200700059020,0,07,000,00,2,8,01,B01
200700059020,0,07,000,00,0,8,01,C01
200700059021,0,33,000,15,0,1,01,A01
200700059022,0,07,000,00,1,1,15,A01
200700059023,0,01,000,00,2,3,15,A01
200700059023,0,33,000,00,2,1,01,B01
200700059024,0,01,000,00,1,1,01,A01
200700059025,0,02,000,00,2,1,01,A01
200700059025,0,07,000,00,2,6,01,B01
200700059026,0,07,000,00,1,1,15,A01
200700059027,0,07,000,00,1,3,01,A01
200700059028,0,07,000,00,1,1,16,A01
200700059029,0,15,000,00,2,5,15,A01
200700059029,0,07,000,00,2,8,01,B01
200700059030,0,01,000,00,2,1,01,A01
200700059030,1,07,000,00,2,0,01,B01
200700059031,0,07,000,00,1,3,01,A01
200700059032,0,07,000,00,2,8,10,A01
200700059032,0,30,000,00,2,1,01,B01
200700059033,0,30,000,00,2,1,01,A01
200700059033,0,10,000,00,2,3,15,B01
200700059034,0,07,000,00,2,2,01,A01
200700059034,0,30,000,00,2,1,01,B01
200700059035,0,02,000,00,2,1,15,A01
200700059035,0,07,000,00,2,3,01,B01
200700059036,0,37,050,00,2,3,01,A01
200700059036,0,07,000,00,0,0,15,B01
200700059037,0,07,000,01,0,2,01,A01
200700059038,0,07,000,00,2,5,15,A01
200700059038,0,07,000,00,2,1,01,B01
200700059039,0,02,000,00,2,1,01,A01
200700059039,0,07,000,00,2,2,16,B01
200700059040,0,33,000,00,2,1,01,A01
200700059040,0,07,000,00,2,3,15,B01
200700059041,0,07,000,00,2,1,01,A01
200700059041,0,07,000,00,2,9,01,B01
200700059041,0,07,000,00,2,4,01,C01
200700059042,0,07,000,00,2,3,01,A01
200700059042,0,07,000,14,2,0,15,B01
200700059043,0,07,000,00,2,1,02,A01
200700059043,0,07,000,03,2,4,02,B01
200700059043,0,07,000,00,0,4,02,C01
200700059043,0,07,000,00,2,1,02,D01
200700059044,0,07,000,06,0,2,01,A01
200700059045,0,14,000,00,2,1,02,A01
200700059045,0,07,000,00,2,4,02,B01
200700059045,0,07,000,00,0,4,02,C01
200700059046,0,07,000,00,0,5,02,A01
200700059046,0,15,000,00,0,3,11,B01
200700059047,0,33,000,00,2,2,21,A01
200700059047,0,07,000,00,0,6,01,B01
200700059048,0,07,000,00,2,2,02,A01
200700059048,0,07,000,00,0,6,02,B01
200700059049,0,07,000,00,0,9,00,A01
200700059050,0,02,000,04,0,2,01,A01
200700059051,0,33,000,00,2,1,09,A01
200700059051,0,07,000,00,2,2,01,B01
200700059052,0,10,000,00,2,1,02,A01
200700059052,0,07,000,00,2,4,02,B01
200700059053,0,07,000,04,2,1,12,A01
200700059053,0,07,000,00,2,1,01,B01
200700059054,0,31,000,00,0,7,01,A01
200700059055,0,15,000,04,0,8,12,A01
200700059055,0,07,000,04,2,8,12,B01
200700059056,0,32,000,00,2,1,02,A01
200700059057,0,31,000,00,2,7,03,A01
200700059057,0,07,000,00,2,7,01,B01
200700059058,0,33,000,00,0,8,01,A01
200700059059,0,07,000,00,2,2,12,A01
200700059059,0,15,000,00,0,0,00,B01
200700059060,0,07,000,00,2,1,01,A01
200700059060,0,07,000,00,0,4,01,B01
200700059060,0,07,000,00,2,1,01,C01
200700059061,0,17,000,00,2,2,12,A01
200700059061,0,07,000,00,2,8,01,B01
200700059062,0,07,000,00,2,1,02,A01
200700059062,0,07,000,00,2,4,02,B01
200700059062,0,07,000,00,0,4,02,C01
200700059063,0,07,000,00,0,0,11,A01
200700059063,0,33,000,00,0,0,02,B01
200700059064,0,17,000,03,2,8,00,A01
200700059064,0,07,000,00,2,2,00,B01
200700059065,0,07,000,00,2,1,02,A01
200700059065,0,07,000,00,2,4,02,B01
200700059065,0,07,000,00,0,4,02,C01
200700059066,0,10,000,00,2,1,02,A01
200700059066,0,07,000,14,2,4,02,B01
200700059066,0,07,000,14,0,4,02,C01
200700059067,0,07,000,00,2,1,02,A01
200700059067,0,07,000,00,2,4,02,B01
200700059067,0,07,000,00,0,4,01,C01
200700059068,0,15,000,00,2,1,02,A01
200700059068,0,07,000,00,0,4,02,B01
200700059069,0,07,000,00,2,2,12,A01
200700059069,0,17,000,00,2,6,01,B01
200700059070,0,07,000,12,0,1,01,A01
200700059070,0,07,000,15,2,1,01,B01
200700059070,0,07,000,00,0,6,23,C01
200700059071,0,07,000,04,0,3,00,A01
200700059072,0,33,000,00,2,1,02,A01
200700059072,0,07,000,00,0,4,02,B01
200700059073,0,07,000,04,0,3,01,A01
200700059074,0,07,000,04,0,1,17,A01
200700059075,0,07,000,04,0,2,09,A01
200700059076,0,07,000,08,0,2,01,A01
200700059077,0,10,000,03,0,2,01,A01
200700059078,0,30,000,14,0,1,11,A01
200700059079,0,07,000,00,1,6,04,A01
200700059080,0,34,000,00,2,1,18,A01
200700059080,0,07,000,00,9,5,19,B01
200700059081,0,07,000,00,1,3,01,A01
200700059082,0,07,000,00,9,5,15,A01
200700059082,0,01,000,00,2,1,01,B01
200700059083,0,07,000,00,2,3,09,A01
200700059083,0,10,000,00,2,1,00,B01
200700059084,0,30,000,00,1,3,03,A01
200700059085,0,02,000,00,2,1,02,B01
200700059085,0,07,000,00,2,3,09,A01
200700059086,0,07,000,00,2,1,15,A01
200700059086,0,07,000,00,2,8,15,B01
200700059087,0,30,000,00,2,1,01,B01
200700059087,0,07,000,00,0,2,15,A01
200700059088,0,07,000,01,2,1,13,A01
200700059088,0,07,000,00,2,1,01,B01
200700059089,0,07,000,00,2,8,02,B01
200700059089,0,07,000,00,2,2,01,A01
200700059090,0,33,000,00,2,7,17,B01
200700059090,1,37,000,00,2,8,11,A01
200700059091,0,07,000,07,0,2,01,A01
200700059092,0,10,000,00,2,1,02,A01
200700059092,0,07,000,00,0,4,02,B01
200700059093,0,07,000,00,2,1,02,A01
200700059093,0,07,000,00,2,4,02,B01
200700059093,0,07,000,00,0,4,02,C01
200700059094,0,33,000,00,0,8,21,A01
200700059095,0,07,000,00,2,1,02,A01
200700059095,0,07,000,00,0,4,02,B01
200700059095,0,13,000,00,0,4,02,C01
200700059096,0,07,000,04,0,3,13,A01
200700059097,0,07,000,00,2,1,02,A01
200700059097,0,07,000,00,0,6,01,B01
200700059097,0,07,000,00,0,4,01,C01
200700059098,0,33,000,00,0,0,17,A01
200700059099,0,07,000,00,2,1,02,A01
200700059099,0,07,000,00,2,4,02,B01
200700059099,0,07,000,00,0,4,02,C01
200700059100,0,32,000,00,0,3,21,A01
200700059101,0,07,000,13,0,1,01,A01
200700059102,0,15,000,00,2,2,12,A01
200700059102,0,07,000,00,2,3,01,B01
200700059102,0,07,000,00,2,1,01,C01
200700059103,0,07,000,00,2,4,02,A01
200700059103,0,07,000,00,2,1,01,B01
200700059104,0,07,000,00,0,4,02,A01
200700059104,0,07,000,00,2,1,12,B01
200700059105,0,10,000,00,0,4,02,A01
200700059105,0,33,000,00,2,1,02,B01
200700059106,0,07,000,00,2,2,12,A01
200700059106,0,33,000,00,2,3,01,B01
200700059107,0,10,000,03,0,1,02,A01
200700059108,0,33,000,15,0,1,14,A01
200700059109,0,07,000,00,2,8,11,A01
200700059109,0,33,000,00,2,2,21,B01
200700059110,0,33,000,00,0,8,02,A01
200700059111,0,07,000,03,0,1,02,A01
200700059112,0,17,000,03,0,3,01,A01
200700059113,0,07,000,00,0,4,02,A01
200700059113,0,07,000,00,2,1,02,B01
200700059114,0,07,000,00,0,4,02,A01
200700059114,0,07,000,01,2,4,02,B01
200700059115,0,07,000,03,2,8,03,A01
200700059115,0,17,000,00,2,2,01,B01
200700059116,0,14,000,00,0,4,01,A01
200700059116,0,10,000,00,2,1,00,B01
200700059117,0,32,000,14,0,0,00,A01
200700059117,0,07,000,00,9,1,02,B01
200700059117,1,07,000,00,0,0,03,C01
200700059118,0,07,000,03,0,1,13,A01
200700059119,0,07,000,00,0,4,02,A01
200700059119,0,07,000,00,2,1,02,B01