Num_Acc,senc,catv,occutc,obs,obsm,choc,manv,num_veh
200700059120,0,07,000,04,0,1,21,A01
200700059120,0,07,000,00,2,1,00,B01
200700059121,0,07,000,11,0,1,00,A01
200700059121,0,07,000,00,9,1,00,B01
200700059122,0,07,000,04,0,7,21,A01
200700059123,0,07,000,03,0,2,14,A01
200700059124,0,07,000,00,0,6,00,A01
200700059124,0,07,000,01,0,5,00,B01
200700059125,0,07,000,00,2,4,02,B01
200700059126,0,07,000,10,2,4,01,A01
200700059126,0,07,000,06,2,1,02,B01
200700059127,0,17,000,00,2,3,02,A01
200700059127,0,99,000,03,2,5,12,B01
200700059128,0,07,000,13,0,9,00,A01
200700059129,0,07,000,00,2,4,00,A01
200700059129,0,07,000,00,2,1,02,B01
200700059129,0,07,000,00,2,1,02,C01
200700059130,0,07,000,00,2,6,10,A01
200700059130,0,07,000,00,2,8,02,B01
200700059131,0,07,000,00,0,4,02,A01
200700059131,0,07,000,00,2,1,02,B01
200700059132,0,07,000,00,0,4,01,A01
200700059132,0,10,000,00,2,1,02,B01
200700059133,0,07,000,00,2,7,14,A01
200700059133,0,33,000,00,2,8,18,B01
200700059134,0,10,000,03,0,1,01,A01
200700059135,0,07,000,00,2,4,02,A01
200700059135,0,07,000,00,2,3,02,B01
200700059135,0,07,000,00,2,2,02,C01
200700059135,0,07,000,00,2,4,02,D01
200700059135,0,07,000,00,2,1,00,E01
200700059136,0,07,000,00,0,8,00,A01
200700059136,0,16,000,00,0,7,12,B01
200700059137,0,38,001,00,0,3,01,A01
200700059137,0,32,000,00,2,1,12,B01
200700059138,0,07,000,09,0,1,14,A01
200700059139,0,07,000,06,0,1,01,A01
200700059140,0,07,000,13,0,2,01,A01
200700059141,0,07,000,00,2,4,02,A01
200700059141,0,07,000,00,2,4,02,B01
200700059141,0,07,000,00,2,4,02,C01
200700059141,0,07,000,00,2,1,02,D01
200700059142,0,07,000,03,0,2,00,A01
200700059143,0,01,000,00,2,7,15,A01
200700059143,0,33,000,00,9,1,01,B01
200700059144,0,32,000,00,2,1,01,A01
200700059144,0,07,000,00,2,7,16,B01
200700059145,0,01,000,00,2,5,09,A01
200700059145,0,33,000,00,2,3,01,B01
200700059146,0,01,000,00,0,1,01,B01
200700059146,0,32,000,00,0,3,11,A01
200700059147,0,07,000,00,2,4,02,B01
200700059147,0,33,000,00,2,1,02,A01
200700059148,0,30,000,00,0,0,17,A01
200700059149,0,02,000,12,0,8,21,A01
200700059150,0,07,000,00,0,2,01,B01
200700059150,0,07,000,00,2,8,07,A01
200700059151,0,37,000,00,2,4,02,A01
200700059151,0,07,000,00,0,4,02,B01
200700059152,0,32,000,00,2,8,01,B01
200700059152,0,07,000,00,2,1,11,A01
200700059153,0,01,000,00,0,6,11,A01
200700059153,0,33,000,00,0,1,01,B01
200700059154,0,37,000,00,1,2,07,A01
200700059155,0,07,000,00,0,4,01,A01
200700059155,1,07,000,00,2,1,02,B01
200700059156,0,07,000,00,1,3,01,A01
200700059157,0,07,000,00,2,3,09,A01
200700059157,0,30,000,00,2,1,01,B01
200700059158,0,10,000,00,2,2,03,A01
200700059158,0,37,001,00,2,3,01,B01
200700059159,2,30,000,00,1,1,17,A01
200700059160,0,32,000,14,0,7,11,A01
200700059161,0,01,000,00,1,0,01,A01
200700059162,0,07,000,00,1,1,01,A01
200700059163,0,34,000,00,0,8,02,A01
200700059164,2,32,000,00,1,1,01,A01
200700059165,0,01,000,00,0,8,11,A01
200700059165,0,07,000,00,0,2,01,B01
200700059166,0,32,000,00,1,1,01,A01
200700059167,0,10,000,00,0,8,15,A01
200700059167,0,32,000,00,0,7,17,B01
200700059168,0,33,000,00,0,2,00,B01
200700059168,0,07,000,00,0,3,00,A01
200700059169,0,02,000,00,2,1,01,B01
200700059169,0,07,000,00,2,5,01,A01
200700059170,0,30,000,00,0,3,24,A01
200700059170,0,03,000,00,0,0,02,B01
200700059171,0,07,000,00,1,3,01,A01
200700059172,0,07,000,00,0,6,02,B01
200700059172,0,32,000,00,0,2,00,A01
200700059173,0,32,000,00,1,1,00,A01
200700059174,0,32,000,00,0,0,21,A01
200700059175,0,07,000,00,9,2,16,A01
200700059175,0,32,000,00,2,3,02,B01
200700059176,0,10,000,00,0,3,01,A01
200700059176,0,32,000,00,0,1,02,B01
200700059176,0,07,000,00,0,2,02,C01
200700059177,0,31,000,00,2,0,01,B01
200700059177,0,07,000,00,2,0,01,A01
200700059178,0,30,000,00,2,1,02,A01
200700059179,0,32,000,00,0,1,02,A01
200700059179,0,07,000,00,0,3,02,B01
200700059180,0,10,000,00,0,8,15,A01
200700059180,0,32,000,00,0,7,01,B01
200700059181,0,31,000,00,2,1,02,A01
200700059181,0,07,000,00,0,6,02,B01
200700059182,0,07,000,00,9,8,22,A01
200700059182,0,01,000,01,0,7,01,B01
200700059182,1,07,000,00,0,0,00,C01
200700059183,0,07,000,00,2,5,12,A01
200700059183,0,02,000,00,2,8,12,B01
200700059184,0,10,000,00,2,3,00,A01
200700059184,0,01,000,00,2,1,01,B01
200700059185,0,31,000,00,2,3,02,B01
200700059185,0,10,000,00,2,3,03,A01
200700059186,0,32,000,00,2,4,02,A01
200700059186,1,10,000,00,2,1,02,B01
200700059187,0,33,000,01,0,1,03,A01
200700059187,0,03,000,00,0,4,24,B01
200700059188,0,01,000,00,1,7,01,A01
200700059189,0,31,000,00,0,0,01,A01
200700059190,0,01,000,00,1,0,05,A01
200700059191,0,32,000,00,0,0,21,A01
200700059192,0,07,000,00,1,2,01,A01
200700059193,0,32,000,00,0,0,00,A01
200700059194,0,07,000,00,1,1,01,A01
200700059195,0,31,000,00,2,1,02,A01
200700059195,0,07,000,00,0,4,02,B01
200700059196,0,02,000,00,0,8,00,A01
200700059197,0,32,000,00,0,0,02,A01
200700059198,0,34,000,14,2,7,05,A01
200700059198,0,07,000,11,0,3,15,B01
200700059199,0,07,000,00,0,5,02,A01
200700059199,0,07,000,00,2,3,02,B01
200700059200,0,07,000,00,2,1,02,B01
200700059200,0,07,000,00,2,1,02,A01
200700059201,0,33,000,00,9,1,01,A01
200700059202,1,02,000,00,0,7,05,A01
200700059203,0,07,000,00,1,2,01,A01
200700059204,0,33,000,00,2,4,02,A01
200700059204,0,07,000,00,0,5,00,B01
200700059205,0,10,000,00,2,3,13,A01
200700059205,0,30,000,00,2,7,02,B01
200700059206,0,07,000,00,0,0,20,A01
200700059206,0,01,000,00,0,0,02,B01
200700059207,0,07,000,00,1,1,01,A01
200700059208,0,32,000,00,0,8,02,A01
200700059209,0,02,000,00,0,1,02,A01
200700059209,0,02,000,00,0,7,02,B01
200700059210,0,07,000,00,0,8,15,A01
200700059210,0,30,000,00,2,2,01,B01
200700059211,0,07,000,00,1,6,04,A01
200700059212,0,30,000,00,2,3,18,A01
200700059212,0,10,000,00,0,7,16,B01
200700059213,0,10,000,00,1,1,02,A01
200700059214,1,30,000,00,0,0,00,A01
200700059214,0,07,000,00,0,5,01,B01
200700059215,0,01,000,00,1,1,07,A01
200700059216,0,01,000,00,1,7,01,A01
200700059217,0,07,000,00,2,3,15,A01
200700059217,0,33,000,00,2,1,17,B01
200700059218,0,07,000,16,2,8,22,A01
200700059218,0,01,000,01,0,7,07,B01
200700059219,0,01,000,08,0,1,05,A01
200700059220,0,32,000,00,2,2,01,B01
200700059220,0,07,000,00,2,2,11,A01
200700059221,0,33,000,00,2,0,01,A01
200700059222,0,07,000,00,2,1,19,A01
200700059222,0,01,000,00,2,8,19,B01
200700059223,0,07,000,00,0,0,01,A01
200700059224,0,01,000,00,2,7,19,A01
200700059224,0,33,000,00,2,1,02,B01
200700059225,0,30,000,00,0,7,00,A01
200700059226,0,07,000,00,0,3,15,A01
200700059226,0,32,000,00,2,2,01,B01
200700059227,0,32,000,00,2,1,02,A01
200700059227,0,07,000,00,2,6,01,B01
200700059228,0,07,000,14,0,1,15,A01
200700059229,0,02,000,00,1,3,00,A01
200700059230,0,01,000,00,1,7,19,A01
200700059230,0,33,000,00,0,1,19,B01
200700059231,0,02,000,00,0,2,02,B01
200700059231,0,07,000,00,2,3,02,A01
200700059232,0,07,000,00,2,2,05,A01
200700059232,0,32,000,00,2,1,01,B01
200700059233,0,02,000,01,0,0,21,A01
200700059234,0,32,000,15,0,1,02,A01
200700059235,0,07,000,00,0,3,10,A01
200700059235,0,33,000,00,0,1,00,B01
200700059236,0,10,000,01,0,8,11,A01
200700059236,0,33,000,00,0,0,00,B01
200700059237,0,07,000,00,1,1,01,A01
200700059238,0,07,000,00,2,0,04,B01
200700059238,0,33,000,00,2,0,01,A01
200700059239,0,30,000,00,2,7,18,A01
200700059239,0,10,000,00,2,7,02,B01
200700059240,0,32,000,00,0,0,21,A01
200700059241,0,01,000,00,0,1,01,A01
200700059242,0,01,000,00,2,3,02,A01
200700059242,0,38,050,00,9,7,17,B01
200700059243,0,07,000,00,2,2,23,B01
200700059243,0,32,000,00,2,1,01,A01
200700059244,0,07,000,00,1,2,01,A01
200700059245,0,30,000,00,2,1,02,A01
200700059246,0,31,000,00,1,1,02,A01
200700059247,0,07,000,00,1,4,04,A01
200700059248,0,02,000,00,2,1,02,A01
200700059249,0,02,000,00,1,1,21,A01
200700059250,0,30,000,01,0,3,00,A01
200700059251,0,33,000,00,2,1,03,A01
200700059251,0,07,000,01,0,3,07,B01
200700059251,0,07,000,00,2,2,02,C01
200700059252,0,07,000,00,1,7,02,A01
200700059253,0,30,000,00,0,0,00,A01
200700059254,0,32,000,00,1,0,01,A01
200700059255,0,37,050,00,1,3,01,A01
200700059256,0,01,000,01,0,1,02,B01
200700059256,0,07,000,00,0,0,02,A01
200700059257,0,07,000,00,2,2,09,A01
200700059257,0,02,000,00,2,3,21,B01
200700059258,0,32,000,00,0,2,02,B01
200700059258,0,07,000,00,2,1,15,A01
200700059259,0,30,000,00,0,0,01,A01
200700059260,0,31,000,00,0,0,00,A01
200700059261,0,07,000,00,2,1,05,A01
200700059261,0,32,000,00,2,1,21,B01
200700059262,0,07,000,00,0,3,00,A01
200700059262,0,31,000,01,0,7,00,B01
200700059263,0,30,000,15,0,0,00,A01
200700059264,0,02,000,00,0,0,02,A01
200700059265,0,30,000,00,2,4,02,A01
200700059265,0,13,000,00,0,4,02,B01
200700059266,0,32,000,00,2,7,16,A01
200700059266,0,07,000,00,2,7,01,B01
200700059267,0,10,000,01,1,6,23,A01
200700059267,0,01,000,00,2,1,02,B01
200700059268,0,07,000,00,2,1,15,A01
200700059268,0,33,000,00,2,8,01,B01
200700059269,0,33,000,00,0,7,11,A01
200700059270,0,01,000,00,0,1,02,B01
200700059270,0,37,040,00,0,5,02,A01
200700059271,0,07,000,00,0,8,24,A01
200700059271,0,32,000,00,0,3,01,B01
200700059272,0,31,000,00,2,3,02,B01
200700059272,0,07,000,00,2,2,09,A01
200700059273,0,07,000,00,1,3,02,A01
200700059274,0,38,060,00,0,5,15,B01
200700059274,0,07,000,00,0,6,15,A01
200700059275,0,07,000,06,0,1,20,A01
200700059276,0,07,000,11,0,3,01,A01
200700059277,0,07,000,00,2,7,09,B01
200700059277,0,07,000,00,2,1,00,A01
200700059278,0,07,000,12,0,9,01,A01
200700059279,0,07,000,00,0,5,22,A01
200700059279,0,33,000,00,0,1,01,B01
200700059280,0,30,000,00,2,2,02,A01
200700059280,0,07,000,00,0,6,15,B01
200700059281,0,07,000,00,0,8,02,A01
200700059281,0,32,000,12,0,1,02,B01
200700059282,0,07,000,00,0,4,23,B01
200700059282,0,01,000,00,0,1,02,A01
200700059283,0,07,000,00,1,2,23,A01
200700059284,0,31,000,00,9,3,02,A01
200700059284,0,07,000,00,0,5,23,B01
200700059285,0,07,000,00,1,4,04,A01
200700059286,0,31,000,00,0,0,21,A01
200700059287,0,32,000,00,2,7,16,A01
200700059288,0,32,000,00,2,1,00,A01
200700059288,0,32,000,00,2,4,00,B01
200700059289,0,10,000,14,0,1,02,A01
200700059290,0,02,000,00,2,8,16,A01
200700059290,0,14,000,00,2,7,16,B01
200700059291,0,31,000,01,1,1,01,A01
200700059292,0,10,000,00,2,2,16,A01
200700059292,0,02,000,00,2,3,16,B01
200700059293,0,07,000,00,1,2,02,A01
200700059294,0,33,000,00,0,2,00,A01
200700059295,0,01,000,00,1,1,00,A01
200700059296,0,07,000,00,0,8,02,B01
200700059296,0,30,000,00,2,1,02,A01
200700059297,0,31,000,00,2,7,17,B01
200700059297,0,07,000,00,0,8,23,A01
200700059298,0,10,000,00,0,3,10,A01
200700059298,0,31,000,00,2,1,01,B01
200700059299,0,07,000,00,1,2,01,A01
200700059300,0,30,000,00,0,0,00,A01
200700059301,0,32,000,00,2,1,01,A01
200700059301,1,07,000,00,0,0,15,B01
200700059302,0,07,000,00,0,2,00,A01
200700059302,0,02,000,00,2,6,00,B01
200700059303,0,34,000,00,2,4,02,A01
200700059303,0,10,000,00,1,4,02,B01
200700059304,0,32,000,00,2,1,01,A01
200700059304,0,07,000,00,0,8,00,B01
200700059305,0,07,000,14,0,3,00,A01
200700059306,0,07,000,00,2,1,00,A01
200700059306,0,33,000,00,2,4,02,B01
200700059307,0,30,000,00,0,8,21,A01
200700059308,0,32,000,00,0,4,02,B01
200700059308,0,34,000,00,2,1,02,A01
200700059309,0,07,000,00,2,2,02,A01
200700059309,0,32,000,00,0,6,02,B01
200700059310,0,01,000,00,2,1,01,A01
200700059310,0,07,000,00,9,3,01,B01
200700059311,0,07,000,00,1,1,01,A01
200700059312,0,30,000,00,2,7,16,A01
200700059312,1,07,000,00,0,3,09,B01
200700059313,0,02,000,00,0,1,02,A01
200700059313,0,07,000,08,0,1,00,B01
200700059314,0,37,000,00,1,2,07,A01
200700059315,0,02,000,01,2,2,18,A01
200700059315,0,07,000,00,0,7,16,B01
200700059316,0,07,000,00,0,3,00,A01
200700059316,0,01,000,01,0,1,01,B01
200700059317,0,01,000,00,0,0,00,A01
200700059318,0,31,000,00,0,0,01,A01
200700059319,0,32,000,00,0,8,00,A01
200700059320,0,31,000,00,2,1,01,B01
200700059320,0,02,000,00,2,1,15,A01
200700059321,0,32,000,00,0,0,21,A01
200700059322,0,32,000,00,1,1,02,A01
200700059323,0,07,000,00,1,6,04,A01
200700059324,0,10,000,00,2,2,15,A01
200700059324,0,30,000,00,2,8,03,B01
200700059325,0,02,000,00,2,3,01,A01
200700059326,0,07,000,01,0,1,02,A01
200700059327,0,30,000,00,2,0,02,A01
200700059328,0,32,000,15,2,8,19,A01
200700059328,0,07,000,00,2,2,00,B01
200700059329,0,10,000,15,1,7,20,A01
200700059330,0,32,000,01,2,2,05,A01
200700059330,0,07,000,00,2,6,24,C01
200700059330,0,07,000,00,2,3,02,B01
200700059331,0,07,000,00,1,3,01,A01
200700059332,0,13,000,14,9,5,04,A01
200700059332,0,10,000,00,2,2,00,B01
200700059333,0,32,000,00,0,8,07,A01
200700059333,0,10,000,00,0,2,09,B01
200700059334,0,32,000,12,0,8,01,A01
200700059335,0,32,000,00,2,1,01,A01
200700059335,0,33,000,00,0,4,01,B01
200700059336,0,02,000,08,0,9,01,A01
200700059337,1,07,000,01,2,0,00,B01
200700059337,0,07,000,15,2,8,01,A01
200700059338,0,37,010,01,0,2,20,A01
200700059339,0,07,000,00,1,3,11,A01
200700059340,0,07,000,00,1,2,13,A01
200700059341,0,34,000,00,1,1,01,A01
200700059342,0,07,000,00,0,2,01,A01
200700059342,0,30,000,00,0,0,01,B01
200700059343,0,33,000,00,1,1,00,A01
200700059344,0,32,000,00,1,1,02,A01
200700059345,0,37,000,00,0,2,01,A01
200700059346,0,32,000,00,2,6,01,A01
200700059346,0,07,000,01,0,6,24,B01
200700059347,0,38,080,00,1,2,07,A01
200700059348,0,01,000,00,1,1,02,A01
200700059349,0,07,000,00,0,0,02,B01
200700059349,0,32,000,12,2,0,02,A01
200700059350,0,07,000,00,2,3,15,A01
200700059350,0,07,000,00,2,9,01,B01
200700059350,0,31,000,00,2,7,01,C01
200700059351,0,31,000,00,1,1,07,A01
200700059352,0,30,000,00,0,0,00,A01
200700059353,0,07,000,00,2,8,15,A01
200700059353,0,32,000,00,2,1,01,B01
200700059354,0,07,000,00,2,3,07,A01
200700059354,0,32,000,00,2,5,07,B01
200700059355,0,30,000,00,2,6,07,A01
200700059355,0,37,001,00,2,2,02,B01
200700059356,0,07,000,00,1,2,02,A01
200700059357,0,10,000,00,1,8,01,A01
200700059358,0,07,000,00,2,3,15,A01
200700059358,0,31,000,00,2,2,17,B01
200700059359,0,32,000,00,1,1,01,A01
200700059360,0,34,000,00,2,1,02,A01
200700059360,0,07,000,00,2,5,12,B01
200700059361,0,01,000,00,0,4,01,B01
200700059361,0,07,000,00,0,5,16,A01
200700059362,0,07,000,00,2,2,11,A01
200700059362,0,30,000,00,2,1,01,B01
200700059363,0,32,000,00,0,0,00,A01
200700059364,0,07,000,07,0,1,00,A01
200700059365,0,07,000,00,2,8,11,A01
200700059365,0,01,000,00,2,2,01,B01
200700059366,0,34,000,00,2,1,11,A01
200700059366,0,07,000,00,2,2,01,B01
200700059367,0,31,000,00,2,0,01,A01
200700059368,0,07,000,08,0,9,02,A01
200700059369,0,07,000,01,2,3,20,A01
200700059369,0,33,000,00,2,2,01,B01
200700059370,1,01,000,00,2,4,19,B01
200700059370,0,37,000,00,9,3,09,A01
200700059371,0,31,000,00,0,8,01,A01
200700059371,0,10,000,00,0,0,01,B01
200700059372,0,07,000,00,1,1,01,A01
200700059373,0,07,000,00,2,1,01,B01
200700059373,0,07,000,00,2,3,01,A01
200700059374,0,07,000,00,1,7,01,A01
200700059375,0,30,000,09,0,8,01,A01
200700059376,0,07,000,08,0,1,11,A01
200700059377,0,07,000,00,0,7,15,A01
200700059377,0,01,000,00,2,1,01,B01
200700059378,0,07,000,00,0,3,13,A01
200700059378,0,30,000,00,2,1,01,B01
200700059379,0,30,000,16,0,0,01,A01
200700059380,0,02,000,00,2,1,02,A01
200700059380,0,07,000,00,0,8,10,B01
200700059381,0,07,000,14,1,1,01,A01
200700059382,0,33,000,00,2,1,15,A01
200700059382,0,07,000,00,2,2,01,B01
200700059383,0,07,000,00,0,8,10,A01
200700059383,0,31,000,00,2,1,17,B01
200700059384,0,32,000,01,0,1,21,A01
200700059385,0,07,000,14,2,8,00,A01
200700059385,0,07,000,00,0,8,00,B01
200700059386,0,30,000,09,0,1,01,A01
200700059387,0,07,000,00,2,2,02,A01
200700059387,0,33,000,00,2,8,16,B01
200700059388,0,32,000,00,1,1,05,A01
200700059389,0,32,000,00,2,2,02,A01
200700059389,0,07,000,00,2,3,02,B01
200700059390,0,07,000,01,9,3,00,A01
200700059390,0,01,000,01,0,2,02,B01
200700059391,0,07,000,00,2,1,02,A01
200700059391,0,07,000,00,2,4,02,B01
200700059392,0,01,000,00,9,4,02,A01
200700059392,0,01,000,00,9,1,02,B01
200700059393,0,07,000,00,0,6,23,B01
200700059393,0,32,000,00,2,7,02,A01
200700059393,0,07,000,00,2,3,01,C01
200700059394,0,07,000,01,0,2,00,A01
200700059395,0,10,000,00,0,3,11,A01
200700059395,0,32,000,00,0,2,01,B01
200700059396,0,02,000,00,2,1,17,A01
200700059396,0,07,000,00,9,1,02,B01
200700059397,0,33,000,00,2,8,01,B01
200700059397,0,07,000,00,2,1,10,A01
200700059398,0,07,000,00,0,0,15,B01
200700059398,0,32,000,11,2,7,00,A01
200700059399,0,07,000,00,1,8,01,A01
200700059400,0,02,000,00,2,7,01,B01
200700059400,0,07,000,00,2,3,20,A01
200700059401,0,07,000,00,1,1,01,A01
200700059402,0,01,000,00,0,5,01,B01
200700059402,0,02,000,00,2,1,01,A01
200700059403,0,07,000,00,2,6,15,B01
200700059403,0,30,000,00,2,8,05,A01
200700059404,0,07,000,00,1,2,02,A01
200700059405,0,32,000,00,2,1,02,B01
200700059405,0,07,000,00,2,1,02,C01
200700059405,0,07,000,00,2,3,01,A01
200700059406,0,01,000,00,0,2,01,A01
200700059407,0,07,000,00,0,3,02,A01
200700059407,0,33,000,00,0,2,02,B01
200700059408,0,07,000,00,1,3,00,A01
200700059409,0,07,000,00,1,8,07,A01
200700059410,0,32,000,00,2,8,01,B01
200700059410,0,07,000,00,2,2,02,A01
200700059411,0,30,000,14,0,6,02,A01
200700059411,0,07,000,14,0,3,02,B01
200700059412,0,02,000,00,0,3,02,B01
200700059412,0,07,000,00,0,2,02,A01
200700059413,0,07,000,00,0,6,11,B01
200700059413,0,30,000,00,0,7,03,A01
200700059414,0,30,000,00,2,1,02,A01
200700059414,1,07,000,00,2,8,10,B01
200700059415,0,07,000,00,2,3,20,A01
200700059415,0,02,000,00,2,2,01,B01
200700059416,0,01,000,00,0,0,00,A01
200700059417,0,02,000,00,1,1,01,A01
200700059418,0,07,000,00,0,6,01,B01
200700059418,0,30,000,00,2,2,01,A01
200700059419,1,07,000,00,1,4,04,A01
200700059420,0,01,000,01,2,7,02,B01
200700059420,0,07,000,00,0,7,02,A01
200700059421,0,10,000,00,0,3,22,A01
200700059421,0,01,000,01,9,3,21,B01
200700059422,0,13,000,00,2,3,02,A01
200700059422,0,32,000,00,0,7,02,B01
200700059423,0,30,000,09,0,2,01,A01
200700059424,0,07,000,00,1,2,02,A01
200700059425,1,07,000,00,1,6,02,A01
200700059426,0,30,000,00,2,3,05,A01
200700059426,0,07,000,00,2,3,15,B01
200700059427,0,32,000,00,2,8,16,A01
200700059427,0,10,000,00,2,7,16,B01
200700059428,1,32,000,00,0,0,00,A01
200700059429,0,07,000,00,2,2,00,A01
200700059429,0,30,000,00,2,3,09,B01
200700059430,0,30,000,00,2,1,02,A01
200700059430,0,07,000,00,0,4,21,B01
200700059431,0,30,000,00,1,1,01,A01
200700059432,0,32,000,00,2,7,02,A01
200700059432,0,32,000,00,2,8,02,B01
200700059433,0,01,000,00,1,1,00,A01
200700059434,0,32,000,00,2,1,02,B01
200700059434,0,07,000,00,0,3,10,A01
200700059435,0,07,000,00,0,4,02,B01
200700059435,0,33,000,00,2,1,02,A01
200700059436,0,30,000,00,0,0,01,A01
200700059437,0,33,000,00,2,2,18,A01
200700059437,1,02,000,00,0,0,00,B01
200700059438,0,01,000,00,2,1,01,A01
200700059438,0,01,000,00,2,1,01,B01
200700059439,0,02,000,01,0,1,18,A01
200700059439,0,01,000,00,0,5,01,B01
200700059440,0,10,000,00,2,6,01,B01
200700059440,0,31,000,00,2,2,03,A01
200700059441,0,01,000,00,0,7,00,A01
200700059442,0,10,000,00,0,3,02,A01
200700059443,0,01,000,00,0,0,05,A01
200700059444,0,14,000,00,0,2,16,A01
200700059444,0,07,000,00,2,8,01,B01
200700059445,0,01,000,00,0,0,11,A01
200700059446,0,07,000,00,2,4,16,A01
200700059446,0,37,000,00,2,2,07,B01
200700059446,0,07,000,00,1,4,23,C01
200700059447,0,01,000,00,1,1,01,A01
200700059448,0,07,000,00,0,7,15,A01
200700059448,0,31,000,00,2,1,01,B01
200700059449,0,37,001,00,0,3,01,B01
200700059449,0,07,000,00,0,5,12,A01
200700059450,0,07,000,00,0,2,01,A01
200700059450,0,01,000,00,2,2,01,B01
200700059451,0,33,000,00,0,8,01,A01
200700059452,0,07,000,00,2,5,00,A01
200700059452,0,32,000,00,0,5,00,B01
200700059453,0,32,000,00,2,2,02,A01
200700059453,0,07,000,00,0,6,02,B01
200700059454,0,02,000,00,2,4,00,B01
200700059454,0,07,000,00,2,2,02,A01
200700059455,0,31,000,00,0,7,01,A01
200700059456,0,02,000,00,2,3,03,A01
200700059456,0,10,000,00,0,0,01,B01
200700059457,0,07,000,00,0,2,12,A01
200700059457,0,30,000,00,2,1,01,B01
200700059458,0,30,000,14,0,3,00,A01
200700059459,0,07,000,00,0,1,01,A01
200700059459,0,07,000,00,0,4,01,B01
200700059460,0,33,000,00,2,8,03,A01
200700059460,0,07,000,00,2,6,03,B01
200700059461,0,07,000,00,0,2,15,A01
200700059461,0,01,000,00,2,1,01,B01
200700059462,0,32,000,12,0,7,12,A01
200700059463,0,07,000,01,1,2,00,A01
200700059464,0,07,000,06,0,6,12,A01
200700059465,0,01,000,00,0,4,00,A01
200700059465,1,01,000,00,0,4,02,B01
200700059466,0,07,000,00,0,3,10,A01
200700059466,0,01,000,00,2,1,01,B01
200700059467,0,07,000,00,2,7,15,A01
200700059467,0,10,000,00,2,1,01,B01
200700059468,0,01,000,00,0,3,00,A01
200700059469,0,33,000,00,1,1,16,A01
200700059470,0,02,000,00,2,7,02,A01
200700059470,0,07,000,00,0,8,15,B01
200700059471,0,10,000,00,0,7,02,A01
200700059472,0,01,000,00,1,1,00,A01
200700059472,0,01,000,00,0,0,00,B01
200700059473,0,07,000,00,9,4,01,A01
200700059473,0,01,000,00,0,4,01,B01
200700059474,0,01,000,00,2,1,00,A01
200700059474,0,01,000,00,2,4,00,B01
200700059475,0,07,000,00,0,7,02,A01
200700059475,0,30,000,00,2,8,02,B01
200700059476,0,07,000,00,1,2,16,A01
200700059477,0,07,000,00,0,8,00,B01
200700059477,0,33,000,00,2,3,03,C01
200700059477,0,07,000,00,0,7,01,A01
200700059478,0,07,000,00,2,4,23,B01
200700059478,0,13,000,00,2,1,01,A01
200700059479,0,07,000,00,2,1,00,A01
200700059479,0,07,000,00,2,1,01,B01
200700059480,0,07,000,00,2,7,10,A01
200700059480,0,31,000,00,2,3,01,B01
200700059481,0,07,000,00,2,1,12,A01
200700059481,0,01,000,00,0,4,02,B01
200700059482,0,01,000,09,0,0,00,A01
200700059483,0,07,000,09,1,2,07,A01
200700059484,0,10,000,00,0,3,01,B01
200700059484,0,07,000,00,0,1,01,A01
200700059485,0,01,000,00,2,7,19,A01
200700059485,0,33,000,00,2,1,02,B01
200700059486,0,07,000,01,0,2,12,A01
200700059486,0,01,000,01,0,8,00,B01
200700059487,0,07,000,12,0,2,00,A01
200700059488,0,37,000,00,1,0,01,A01
200700059489,0,34,000,00,2,1,02,A01
200700059489,0,02,000,00,2,1,15,B01
200700059490,0,02,000,00,0,1,01,A01
200700059491,0,34,000,00,0,2,00,B01
200700059491,0,10,000,00,0,8,19,A01
200700059492,0,30,000,00,2,1,02,A01
200700059492,0,10,000,00,2,8,15,B01
200700059493,0,10,000,00,1,1,15,A01
200700059494,0,13,000,00,1,5,01,A01
200700059495,0,07,000,00,2,8,15,A01
200700059495,0,33,000,00,2,7,01,B01
200700059496,0,07,000,00,1,2,02,A01
200700059497,0,02,000,00,0,0,01,A01
200700059498,0,07,000,07,0,7,13,A01
200700059499,0,07,000,00,1,1,02,A01
200700059500,0,30,000,00,2,8,21,A01
200700059501,0,30,000,00,0,7,00,A01
200700059501,0,07,000,00,0,0,00,B01
200700059502,0,07,000,14,0,1,02,A01
200700059502,0,34,000,00,0,4,02,B01
200700059503,0,07,000,00,0,4,04,A01
200700059504,0,32,000,00,2,0,02,A01
200700059505,0,31,000,12,2,0,02,B01
200700059505,0,07,000,00,0,0,11,A01
200700059506,0,32,000,00,2,6,01,B01
200700059506,0,07,000,00,2,3,03,A01
200700059507,1,02,000,00,0,0,18,A01
200700059507,0,01,000,00,2,7,02,B01
200700059508,0,07,000,08,2,8,02,A01
200700059508,0,07,000,00,2,1,15,B01
200700059509,0,31,000,00,0,0,00,A01
200700059509,1,07,000,00,0,0,00,B01
200700059510,0,07,000,00,1,2,01,A01
200700059511,0,02,000,00,2,1,02,A01
200700059511,0,07,000,00,0,5,02,B01
200700059512,0,07,000,00,2,3,05,A01
200700059512,0,32,000,01,2,1,01,B01
200700059513,0,01,000,00,1,1,00,A01
200700059514,0,02,000,00,2,1,17,B01
200700059514,0,07,000,00,2,3,15,A01
200700059515,0,30,000,00,2,7,09,A01
200700059515,0,07,000,00,2,2,09,B01
200700059516,0,30,000,00,0,8,16,A01