Num_Acc,senc,catv,occutc,obs,obsm,choc,manv,num_veh
200700059516,0,30,000,00,0,7,16,B01
200700059517,0,07,000,00,2,2,15,A01
200700059517,0,34,000,00,2,8,01,B01
200700059518,0,07,000,00,1,7,01,A01
200700059519,0,32,000,14,0,1,11,A01
200700059520,0,07,000,00,0,0,00,A01
200700059520,0,01,000,00,0,0,00,B01
200700059521,0,10,000,00,0,0,22,A01
200700059521,0,01,000,00,0,1,21,B01
200700059522,0,31,000,00,1,1,01,A01
200700059523,0,07,000,00,0,1,02,A01
200700059524,0,32,000,00,1,1,01,A01
200700059525,0,07,000,00,9,3,01,B01
200700059525,0,01,000,00,2,1,01,A01
200700059526,0,07,000,00,0,4,02,B01
200700059526,0,07,000,00,2,1,02,A01
200700059527,0,07,000,00,2,7,19,A01
200700059527,0,33,000,00,2,1,01,B01
200700059528,0,07,000,00,2,1,16,A01
200700059528,0,07,000,00,2,3,01,B01
200700059529,0,01,000,00,1,1,01,A01
200700059529,0,01,000,00,1,0,01,B01
200700059530,0,01,000,00,0,6,02,A01
200700059530,0,37,050,00,9,6,02,B01
200700059531,0,33,000,00,2,2,06,A01
200700059531,0,07,000,00,2,3,19,B01
200700059532,0,07,000,00,2,5,12,A01
200700059532,0,32,000,00,2,3,02,B01
200700059533,0,10,000,00,0,5,16,A01
200700059533,0,30,000,00,2,1,18,B01
200700059534,0,07,000,00,1,3,01,A01
200700059535,0,30,000,00,2,1,02,A01
200700059535,0,07,000,00,0,6,23,B01
200700059536,0,07,000,00,0,5,02,B01
200700059536,1,07,000,00,2,2,02,A01
200700059537,0,07,000,00,2,3,11,A01
200700059537,0,32,000,00,2,5,01,B01
200700059538,0,31,000,00,2,3,01,B01
200700059538,0,07,000,00,2,2,12,A01
200700059539,0,32,000,00,1,1,05,A01
200700059540,0,32,000,00,1,2,21,A01
200700059541,0,07,000,00,0,5,02,B01
200700059541,0,01,000,00,2,1,18,A01
200700059542,0,07,000,00,2,2,00,B01
200700059542,0,32,000,09,2,1,01,A01
200700059543,0,02,000,01,0,8,17,A01
200700059543,0,07,000,00,0,2,02,B01
200700059544,0,07,000,00,2,1,02,A01
200700059544,0,01,000,00,2,7,09,B01
200700059545,0,07,000,00,0,2,18,A01
200700059545,0,07,000,00,0,5,00,B01
200700059545,0,07,000,00,0,6,00,C01
200700059546,0,32,000,00,1,1,01,A01
200700059547,0,30,000,00,2,1,01,B01
200700059547,0,07,000,00,2,2,06,A01
200700059548,0,07,000,00,0,6,02,A01
200700059548,0,01,000,00,2,1,02,B01
200700059549,0,07,000,00,2,3,15,B01
200700059549,0,30,000,00,2,7,02,A01
200700059550,0,07,000,00,1,2,11,A01
200700059551,0,10,000,00,1,2,15,A01
200700059552,0,07,000,00,1,4,04,A01
200700059553,2,32,000,00,2,1,05,A01
200700059553,0,07,000,00,2,1,05,B01
200700059554,0,07,000,01,0,2,01,A01
200700059554,0,37,015,00,0,3,01,B01
200700059555,0,33,000,00,2,9,02,A01
200700059555,0,07,000,00,2,4,02,B01
200700059555,0,07,000,00,2,7,02,C01
200700059555,0,07,000,00,0,7,02,D01
200700059556,0,07,000,00,2,6,11,A01
200700059556,1,07,000,00,0,0,00,B01
200700059557,0,01,000,01,0,2,02,B01
200700059557,0,07,000,00,9,8,24,A01
200700059558,0,32,000,00,2,1,02,B01
200700059558,0,31,000,00,2,6,11,A01
200700059559,0,30,000,00,0,1,18,A01
200700059559,0,07,000,00,2,2,16,B01
200700059560,0,07,000,00,1,1,01,A01
200700059561,0,32,000,06,0,2,00,A01
200700059562,0,07,000,00,2,6,15,A01
200700059562,0,32,000,00,2,1,02,B01
200700059563,0,02,000,00,1,1,01,A01
200700059564,0,01,000,00,2,8,01,B01
200700059564,0,07,000,00,9,7,18,A01
200700059565,0,07,000,00,1,4,04,A01
200700059566,0,30,000,14,2,1,00,A01
200700059566,0,07,000,00,0,4,23,B01
200700059567,0,07,000,00,0,8,00,A01
200700059567,0,30,000,00,0,7,03,B01
200700059568,0,40,000,00,2,1,01,A01
200700059568,0,01,000,00,4,8,19,B01
200700059569,0,07,000,00,1,2,00,A01
200700059570,0,07,000,00,1,1,02,A01
200700059571,0,07,000,00,2,3,11,A01
200700059571,0,30,000,00,2,1,00,B01
200700059572,0,07,000,00,2,7,15,A01
200700059572,0,32,000,00,2,1,01,B01
200700059573,0,07,000,00,2,6,02,A01
200700059573,1,07,000,00,0,0,00,B01
200700059574,0,07,000,00,0,6,00,B01
200700059574,0,33,000,00,0,1,00,A01
200700059575,0,07,000,00,2,2,11,A01
200700059575,0,30,000,00,2,8,02,B01
200700059576,0,07,000,00,2,3,09,A01
200700059576,0,02,000,00,2,1,01,B01
200700059577,0,33,000,00,0,5,01,B01
200700059577,0,07,000,00,0,3,15,A01
200700059578,0,07,000,00,2,1,15,A01
200700059578,0,30,000,00,2,7,01,B01
200700059579,0,30,000,01,0,2,02,A01
200700059580,0,30,000,00,0,0,00,A01
200700059580,0,07,000,00,0,1,00,B01
200700059581,0,07,000,00,2,2,02,A01
200700059581,0,33,000,00,0,4,23,B01
200700059582,0,07,000,00,1,1,01,A01
200700059583,0,01,000,00,0,0,00,A01
200700059583,0,01,000,00,0,0,00,B01
200700059584,0,07,000,00,2,2,00,A01
200700059584,0,33,000,00,0,2,00,B01
200700059585,0,10,000,00,1,1,00,A01
200700059586,0,01,000,00,0,4,02,B01
200700059586,0,38,003,00,2,1,02,A01
200700059587,0,33,000,00,2,4,23,B01
200700059587,0,14,000,00,2,2,02,A01
200700059588,0,32,000,00,2,1,01,B01
200700059588,0,10,000,00,2,3,15,A01
200700059589,0,01,000,00,2,1,00,A01
200700059589,1,10,000,00,0,0,00,B01
200700059590,0,07,000,00,2,2,12,A01
200700059590,0,34,000,00,2,3,01,B01
200700059591,0,02,000,01,0,0,00,A01
200700059592,0,07,000,00,2,7,00,A01
200700059592,0,07,000,00,2,1,00,B01
200700059593,0,31,000,00,2,4,01,B01
200700059593,0,07,000,00,2,4,10,A01
200700059594,0,33,000,00,0,0,00,A01
200700059595,0,07,000,00,2,1,15,A01
200700059595,0,30,000,00,2,8,01,B01
200700059596,0,07,000,00,2,2,16,A01
200700059596,0,02,000,00,2,6,12,B01
200700059597,0,33,000,00,2,1,17,A01
200700059597,0,07,000,00,0,2,15,B01
200700059597,0,10,000,00,2,2,00,C01
200700059598,0,32,000,00,1,7,00,A01
200700059599,0,10,000,00,1,2,02,A01
200700059600,0,07,000,01,0,2,01,A01
200700059600,0,07,000,00,2,3,24,B01
200700059601,0,02,000,00,2,1,01,B01
200700059601,0,07,000,00,2,3,10,A01
200700059602,1,10,000,00,1,1,01,A01
200700059603,0,33,000,00,2,7,17,A01
200700059603,0,07,000,00,2,8,15,B01
200700059604,0,07,000,00,2,2,09,A01
200700059604,0,03,000,00,2,3,01,B01
200700059605,0,07,000,00,2,2,01,A01
200700059605,0,32,000,00,2,8,01,B01
200700059606,0,07,000,00,1,1,00,A01
200700059607,0,32,000,00,0,0,01,A01
200700059608,0,07,000,14,0,1,13,A01
200700059609,0,07,000,00,2,1,12,A01
200700059609,0,30,000,00,0,8,19,B01
200700059610,0,32,000,12,0,7,00,A01
200700059611,0,07,000,00,2,8,00,A01
200700059611,0,30,000,00,2,7,00,B01
200700059612,0,07,000,00,2,7,01,B01
200700059612,0,32,000,00,2,1,01,A01
200700059613,0,34,000,00,0,0,01,A01
200700059614,0,10,000,00,0,0,02,A01
200700059614,0,33,000,11,0,0,21,B01
200700059615,0,02,000,00,2,7,02,B01
200700059615,0,07,000,00,2,3,10,A01
200700059616,0,07,000,00,1,1,00,A01
200700059617,0,07,000,01,0,5,00,A01
200700059618,0,32,000,00,2,3,11,B01
200700059618,0,07,000,00,2,5,01,A01
200700059619,0,07,000,00,2,2,15,B01
200700059619,0,30,000,00,2,1,01,A01
200700059620,0,07,000,00,2,3,10,A01
200700059620,0,31,000,00,2,1,01,B01
200700059621,0,32,000,00,2,1,01,C01
200700059621,0,07,000,12,2,3,01,B01
200700059621,0,07,000,00,2,7,05,A01
200700059622,0,07,000,00,2,8,10,A01
200700059622,0,33,000,00,2,1,01,B01
200700059623,0,07,000,00,0,6,22,B01
200700059623,0,32,000,01,0,1,01,A01
200700059624,0,02,000,00,2,5,01,B01
200700059624,0,07,000,00,2,1,02,A01
200700059625,0,07,000,00,0,4,00,A01
200700059625,0,33,000,00,2,1,02,B01
200700059626,0,38,002,00,2,1,15,A01
200700059626,0,32,000,00,2,1,01,B01
200700059627,0,32,000,00,2,1,01,A01
200700059627,0,07,000,00,0,3,15,B01
200700059628,0,30,000,00,0,0,02,A01
200700059629,0,01,000,00,0,0,00,A01
200700059630,0,32,000,00,0,0,01,A01
200700059631,0,07,000,00,2,2,02,A01
200700059631,0,10,000,00,0,6,23,B01
200700059632,0,07,000,00,2,3,01,B01
200700059632,0,01,000,00,2,1,05,A01
200700059633,0,07,000,01,0,2,14,A01
200700059634,0,33,000,00,0,6,02,A01
200700059634,0,30,000,00,0,4,02,B01
200700059635,0,02,000,00,0,7,01,A01
200700059636,0,07,000,00,0,2,01,B01
200700059636,0,32,000,00,2,8,02,A01
200700059637,0,02,000,00,2,0,00,B01
200700059637,0,07,000,00,2,6,11,A01
200700059638,0,07,000,00,1,2,03,A01
200700059639,0,10,000,00,1,4,04,A01
200700059640,0,01,000,00,2,0,02,A01
200700059640,1,13,000,00,0,0,00,B01
200700059641,0,07,000,00,0,2,19,B01
200700059641,0,33,000,00,2,3,07,A01
200700059642,0,02,000,00,2,1,01,A01
200700059642,0,07,000,00,2,7,02,B01
200700059643,0,07,000,00,1,3,00,A01
200700059644,0,01,000,00,2,1,02,B01
200700059644,0,07,000,00,0,6,02,A01
200700059645,0,07,000,00,1,3,00,A01
200700059646,0,07,000,09,0,1,02,A01
200700059647,0,07,000,00,1,8,00,A01
200700059648,0,34,000,00,1,1,01,A01
200700059649,0,07,000,00,2,3,11,B01
200700059649,0,33,000,00,2,7,17,A01
200700059650,0,30,000,00,0,1,02,A01
200700059650,0,30,000,00,0,4,02,B01
200700059651,0,07,000,00,0,4,00,B01
200700059651,0,30,000,00,2,1,00,A01
200700059652,0,32,000,00,2,8,02,B01
200700059652,0,32,000,00,2,7,15,A01
200700059653,0,30,000,00,2,2,02,A01
200700059653,0,07,000,00,2,3,02,B01
200700059654,0,30,000,00,2,1,01,B01
200700059654,0,07,000,00,0,3,10,A01
200700059655,0,07,000,00,0,1,00,A01
200700059656,0,07,000,00,2,7,02,B01
200700059656,0,32,000,00,2,3,02,A01
200700059657,0,07,000,00,2,2,01,A01
200700059657,0,33,000,00,2,8,01,B01
200700059658,0,07,000,00,2,3,13,A01
200700059658,0,32,000,00,2,2,02,B01
200700059659,0,07,000,00,0,3,20,A01
200700059659,0,01,000,00,2,2,18,B01
200700059660,0,02,000,00,2,1,12,A01
200700059660,0,07,000,00,2,7,16,B01
200700059661,0,32,000,00,2,8,01,B01
200700059661,0,07,000,00,2,1,19,A01
200700059662,0,07,000,00,9,2,07,A01
200700059662,0,32,000,00,2,3,07,B01
200700059663,0,33,000,00,2,4,09,A01
200700059663,0,33,000,00,2,9,01,B01
200700059664,0,07,000,00,0,4,02,C01
200700059664,0,07,000,00,0,1,02,A01
200700059664,0,07,000,00,0,9,02,B01
200700059665,0,33,000,00,2,1,03,A01
200700059665,0,07,000,00,2,6,14,B01
200700059666,0,07,000,00,1,1,07,A01
200700059667,0,13,000,00,2,3,11,A01
200700059667,0,31,000,00,2,7,16,B01
200700059668,0,10,000,00,0,5,00,B01
200700059668,0,33,000,00,0,5,00,A01
200700059669,0,07,000,00,0,3,15,A01
200700059669,0,30,000,00,0,8,02,B01
200700059670,0,07,000,00,0,8,13,B01
200700059670,0,33,000,00,0,7,17,A01
200700059671,0,32,000,00,0,1,01,A01
200700059671,0,13,000,00,2,2,16,B01
200700059672,0,32,000,00,2,8,00,A01
200700059672,0,07,000,00,2,2,00,B01
200700059673,0,10,000,00,1,4,04,A01
200700059674,0,37,001,00,0,1,00,B01
200700059674,0,02,000,00,2,8,19,A01
200700059675,0,02,000,00,0,2,17,A01
200700059675,0,07,000,00,0,3,15,B01
200700059676,1,07,000,00,0,0,00,A01
200700059677,0,37,001,00,1,1,01,A01
200700059678,0,07,000,00,2,1,21,A01
200700059678,0,07,000,01,0,1,01,B01
200700059679,1,30,000,00,1,0,00,A01
200700059680,0,07,000,00,1,4,04,A01
200700059681,0,07,000,00,0,6,15,A01
200700059681,0,31,000,00,2,1,13,B01
200700059682,0,10,000,08,0,2,00,A01
200700059683,0,07,000,00,9,5,16,A01
200700059683,0,01,000,00,0,0,15,B01
200700059684,0,07,000,00,0,4,00,B01
200700059684,1,07,000,00,0,1,02,A01
200700059685,1,02,000,00,0,0,00,A01
200700059686,0,01,000,00,2,3,01,B01
200700059686,0,14,000,00,0,7,16,A01
200700059687,1,01,000,00,1,0,00,A01
200700059688,0,31,000,00,0,0,02,A01
200700059689,0,31,000,00,0,0,01,B01
200700059689,0,07,000,00,0,5,01,A01
200700059690,0,07,000,00,2,6,09,A01
200700059690,0,31,000,00,2,1,19,B01
200700059691,0,07,000,00,1,3,01,A01
200700059692,0,07,000,00,2,2,15,A01
200700059692,0,30,000,00,2,8,02,B01
200700059693,0,07,000,00,2,5,16,A01
200700059693,0,31,000,00,2,1,16,B01
200700059694,0,34,000,00,2,1,01,B01
200700059694,0,07,000,00,2,7,19,A01
200700059695,0,32,000,14,0,1,02,A01
200700059696,0,30,000,00,2,1,01,A01
200700059696,0,07,000,00,2,3,09,B01
200700059697,0,32,000,00,1,1,01,A01
200700059698,0,02,000,00,2,2,00,A01
200700059698,0,10,000,00,2,1,00,B01
200700059699,0,07,000,00,0,3,15,A01
200700059699,0,33,000,00,2,2,17,B01
200700059700,0,10,000,00,0,3,10,A01
200700059700,0,33,000,00,0,1,02,B01
200700059701,0,07,000,00,0,1,02,A01
200700059701,0,01,000,00,0,5,16,B01
200700059702,0,02,000,00,0,6,01,A01
200700059702,1,07,000,00,0,0,16,B01
200700059703,0,14,000,00,1,1,01,A01
200700059704,0,07,000,00,1,2,01,A01
200700059705,0,07,000,00,1,4,20,A01
200700059706,0,33,000,14,2,8,02,B01
200700059706,0,07,000,00,2,2,12,A01
200700059707,0,01,000,00,0,8,21,A01
200700059708,0,32,000,00,2,0,02,A01
200700059708,0,07,000,00,0,0,00,B01
200700059709,0,10,000,00,2,5,02,B01
200700059709,0,30,000,00,2,1,01,A01
200700059710,0,31,000,00,0,8,00,A01
200700059710,0,07,000,00,0,7,00,B01
200700059711,0,07,000,00,1,3,01,A01
200700059712,0,07,000,00,0,1,15,A01
200700059712,0,32,000,00,2,1,02,B01
200700059713,0,01,000,00,0,0,21,B01
200700059713,0,07,000,00,0,0,00,A01
200700059714,0,10,000,14,0,1,01,A01
200700059715,0,33,000,00,2,0,01,A01
200700059716,0,01,000,00,2,4,02,A01
200700059716,1,32,000,00,0,0,02,B01
200700059717,0,01,000,00,0,3,01,B01
200700059717,0,30,000,00,0,2,11,A01
200700059718,0,02,000,00,1,1,03,A01
200700059719,0,07,000,00,2,1,10,A01
200700059719,0,31,000,00,2,2,02,B01
200700059720,0,33,000,01,2,6,01,A01
200700059720,0,07,000,00,2,2,00,B01
200700059721,0,07,000,00,2,3,01,A01
200700059721,0,33,000,00,2,6,10,B01
200700059722,0,10,000,00,1,3,01,A01
200700059723,0,07,000,00,1,1,01,A01
200700059724,0,07,000,00,2,4,02,B01
200700059724,0,07,000,00,0,4,02,C01
200700059724,0,07,000,00,0,1,02,A01
200700059725,0,07,000,00,1,4,04,A01
200700059726,0,07,000,00,2,6,00,A01
200700059726,0,07,000,00,2,2,02,B01
200700059727,0,07,000,00,1,3,00,A01
200700059728,0,30,000,00,0,0,00,A01
200700059729,1,30,000,15,1,1,01,A01
200700059730,0,10,000,00,1,2,15,A01
200700059731,0,32,000,00,2,1,02,A01
200700059731,0,07,000,01,0,6,02,B01
200700059732,0,30,000,00,0,6,18,A01
200700059732,0,07,000,00,0,2,13,B01
200700059733,0,07,000,00,0,0,09,A01
200700059733,0,02,000,00,2,2,05,B01
200700059734,0,07,000,00,1,3,00,A01
200700059735,0,07,000,00,1,2,00,A01
200700059736,0,07,000,00,2,3,00,A01
200700059736,0,30,000,00,2,2,00,B01
200700059737,0,33,000,01,0,1,02,B01
200700059737,0,07,000,00,0,6,24,A01
200700059738,0,07,000,00,2,8,01,B01
200700059738,0,32,000,01,0,2,01,A01
200700059739,0,07,000,00,2,1,01,A01
200700059739,0,02,000,00,2,4,16,B01
200700059740,0,10,000,00,2,3,01,A01
200700059740,0,07,000,00,2,8,00,B01
200700059741,0,32,000,00,0,8,02,A01
200700059741,0,01,000,00,0,4,02,B01
200700059742,0,07,000,00,1,7,01,A01
200700059743,0,07,000,00,2,4,02,B01
200700059743,0,34,000,00,2,1,02,A01
200700059744,0,07,000,00,0,4,02,B01
200700059744,0,10,000,00,2,1,02,A01
200700059745,0,33,000,01,0,7,13,A01
200700059746,0,31,000,00,2,1,01,A01
200700059746,0,07,000,00,2,1,15,B01
200700059747,0,34,000,00,1,1,00,A01
200700059747,0,07,000,00,0,5,02,B01
200700059748,0,07,000,00,1,2,16,A01
200700059749,0,32,000,01,0,1,17,A01
200700059749,0,07,000,00,2,8,22,B01
200700059750,0,07,000,00,2,3,10,B01
200700059750,0,33,000,00,2,1,02,A01
200700059751,0,07,000,00,2,6,02,B01
200700059751,0,07,000,00,0,1,02,A01
200700059752,0,07,000,00,0,5,04,A01
200700059753,0,10,000,00,2,7,09,A01
200700059753,0,37,042,00,2,1,01,B01
200700059754,0,33,000,00,2,0,02,A01
200700059755,0,07,000,00,2,4,02,A01
200700059755,0,07,000,00,2,6,01,D01
200700059755,0,10,000,00,2,9,01,C01
200700059755,0,32,000,00,2,2,02,B01
200700059756,0,30,000,00,2,1,02,B01
200700059756,0,07,000,00,2,3,00,A01
200700059757,0,30,000,00,1,1,02,A01
200700059758,0,07,000,00,1,1,15,A01
200700059759,0,07,000,00,2,3,15,A01
200700059759,0,31,000,00,2,3,01,B01
200700059760,0,30,000,08,0,2,00,A01
200700059761,0,32,000,00,1,1,01,A01
200700059762,0,30,000,00,2,2,01,A01
200700059762,1,07,000,00,0,1,20,B01
200700059763,0,30,000,00,0,1,05,A01
200700059763,0,10,000,00,2,1,02,B01
200700059764,0,30,000,00,0,0,02,A01
200700059765,0,32,000,00,2,1,03,A01
200700059765,0,07,000,00,2,3,15,B01
200700059766,0,07,000,00,1,2,01,A01
200700059767,0,07,000,00,1,3,01,A01
200700059768,0,32,000,01,0,1,00,A01
200700059769,0,15,000,00,0,2,12,A01
200700059769,0,07,000,00,0,6,01,B01
200700059770,0,01,000,00,2,3,01,A01
200700059770,0,10,000,00,9,7,02,B01
200700059771,0,02,000,00,0,7,01,A01
200700059772,0,33,000,00,1,7,00,A01
200700059773,0,33,000,00,2,8,09,A01
200700059773,0,07,000,00,2,1,01,B01
200700059774,0,02,000,00,0,5,14,A01
200700059774,0,31,000,00,2,3,01,B01
200700059775,0,33,000,00,2,0,01,A01
200700059775,1,07,000,00,0,0,00,B01
200700059776,0,07,000,00,2,7,18,A01
200700059776,0,32,000,00,2,8,01,B01
200700059777,0,31,000,00,2,7,02,B01
200700059777,0,32,000,00,2,3,02,A01
200700059778,0,07,000,00,0,3,15,B01
200700059778,0,02,000,00,2,2,01,A01
200700059779,0,01,000,01,2,6,19,A01
200700059779,0,32,000,00,2,1,01,B01
200700059780,0,07,000,00,2,2,12,A01
200700059780,0,30,000,00,2,1,07,B01
200700059781,0,33,000,00,2,1,01,B01
200700059781,0,07,000,00,2,3,01,A01
200700059782,0,10,000,00,1,2,01,A01
200700059783,0,01,000,00,2,1,01,A01
200700059783,0,01,000,00,2,0,01,B01
200700059783,0,01,000,00,2,1,00,C01
200700059783,0,01,000,00,2,1,02,D01
200700059784,0,10,000,00,2,8,15,A01
200700059784,0,33,000,00,2,1,00,B01
200700059785,0,33,000,00,0,0,02,A01
200700059786,0,07,000,00,2,5,01,D01
200700059786,0,07,000,00,2,2,01,C01
200700059786,0,33,000,00,2,1,03,A01
200700059786,0,33,000,00,0,6,11,B01
200700059787,0,07,000,00,1,3,05,A01
200700059788,0,38,001,00,2,7,16,A01
200700059788,0,01,000,00,2,1,02,B01
200700059789,0,14,000,00,1,2,01,A01
200700059790,0,10,000,00,2,5,10,A01
200700059790,0,31,000,00,2,3,01,B01
200700059791,0,07,000,00,0,4,02,C01
200700059791,0,07,000,00,2,1,02,A01
200700059791,0,07,000,00,2,4,02,B01
200700059792,0,07,000,00,2,3,01,B01
200700059792,0,33,000,00,1,1,01,A01
200700059793,0,07,000,01,0,2,14,A01
200700059793,0,07,000,00,0,6,24,B01
200700059794,0,07,000,00,1,1,02,A01
200700059795,0,10,000,00,1,3,01,A01
200700059796,0,10,000,00,1,5,01,A01
200700059797,0,31,000,00,1,1,02,A01
200700059798,1,32,000,00,1,1,02,A01
200700059799,0,07,000,09,2,6,01,B01
200700059799,0,13,000,00,2,2,02,A01
200700059800,0,07,000,00,2,8,10,A01
200700059800,0,31,000,00,2,1,02,B01
200700059801,0,07,000,00,1,2,01,A01
200700059802,0,07,000,01,1,1,00,A01
200700059803,0,37,000,00,1,2,07,A01
200700059804,0,02,000,00,0,7,16,A01
200700059805,0,32,000,11,0,1,01,A01
200700059806,0,33,000,14,0,1,22,A01
200700059807,0,07,000,11,0,3,13,A01
200700059807,0,07,000,00,2,3,01,B01
200700059808,0,33,000,00,2,1,15,A01
200700059808,0,32,000,00,0,3,01,B01
200700059809,0,13,000,00,2,1,02,A01
200700059809,0,07,000,00,2,4,02,B01
200700059809,0,10,000,00,0,4,02,C01
200700059810,0,02,000,12,0,3,01,A01
200700059811,0,32,000,12,2,1,01,A01
200700059812,0,13,000,00,1,2,01,A01
200700059813,0,34,000,11,0,1,13,A01
200700059813,0,07,000,14,0,1,01,B01
200700059814,0,10,000,00,9,2,16,A01
200700059814,0,01,000,00,2,1,01,B01
200700059815,0,07,000,00,0,6,10,A01
200700059815,0,07,000,00,2,2,01,B01
200700059816,0,07,000,00,0,3,15,A01
200700059816,0,02,000,00,2,1,02,B01
200700059817,0,33,000,01,2,1,02,A01
200700059817,0,07,000,00,0,4,02,B01
200700059817,0,07,000,00,2,3,24,C01
200700059818,0,07,000,00,2,3,11,A01
200700059818,0,31,000,00,0,7,03,B01
200700059819,0,07,000,00,2,5,09,B01
200700059819,0,32,000,00,2,3,18,A01
200700059820,0,33,000,00,2,5,01,A01
200700059820,0,33,000,00,2,3,02,B01
200700059820,1,07,000,00,2,0,11,C01
200700059821,0,07,000,00,2,8,22,A01
200700059821,0,33,000,00,0,7,03,B01
200700059822,0,10,000,00,2,8,11,A01
200700059822,0,33,000,00,0,2,03,B01
200700059823,0,17,000,00,2,1,02,A01
200700059823,0,07,000,00,0,4,02,B01
200700059824,0,10,000,00,2,2,11,A01
200700059824,0,07,000,00,0,6,02,B01
200700059824,0,07,000,00,0,6,02,C01
200700059825,0,07,000,00,2,2,02,A01
200700059825,0,33,000,00,2,2,01,B01
200700059825,1,07,000,00,2,8,11,C01
200700059826,0,33,000,00,0,0,03,A01
200700059826,0,07,000,00,0,0,11,B01
200700059827,0,07,000,00,2,4,02,A01
200700059827,1,07,000,00,2,0,02,B01
200700059828,0,10,000,00,2,7,12,A01
200700059828,0,33,000,00,0,8,01,B01
200700059829,0,07,000,00,0,5,02,B01
200700059829,0,32,000,00,2,1,02,A01
200700059830,0,33,000,00,0,0,12,A01
200700059831,0,31,000,00,0,1,03,B01
200700059831,0,07,000,00,2,7,12,A01
200700059832,0,33,000,00,2,7,01,A01
200700059832,0,33,000,00,0,8,01,B01
200700059833,0,33,000,00,2,2,00,A01
200700059833,0,07,000,00,0,4,00,B01
200700059834,0,34,000,00,0,7,01,B01
200700059834,0,07,000,00,2,8,15,A01
200700059835,0,07,000,04,0,2,01,A01
200700059836,0,07,000,00,2,3,11,A01
200700059836,0,31,000,00,2,6,01,B01
200700059836,0,10,000,00,0,4,01,C01
200700059837,0,31,000,00,2,2,11,A01
200700059837,0,07,000,00,0,6,01,B01
200700059838,0,07,000,04,0,1,14,A01
200700059839,0,32,000,00,0,8,13,A01
200700059839,0,33,000,00,0,7,17,B01
200700059840,0,07,000,00,2,6,11,A01
200700059840,0,33,000,00,0,1,01,B01
200700059841,0,31,000,00,2,2,02,A01
200700059841,0,10,000,00,0,8,02,B01
200700059842,0,10,000,00,2,1,02,A01
200700059842,0,07,000,00,0,4,02,B01
200700059843,0,07,000,00,0,6,12,B01
200700059843,0,17,000,00,2,2,12,A01
200700059844,0,33,000,00,0,0,01,A01
200700059845,0,10,000,00,2,1,02,A01
200700059845,0,07,000,00,0,4,02,B01
200700059846,0,07,000,00,2,8,11,A01
200700059846,0,17,000,00,0,2,01,B01
200700059846,0,07,000,00,2,1,01,C01
200700059847,0,07,000,00,0,4,01,B01
200700059847,0,10,000,00,0,1,02,A01
200700059848,0,31,000,00,0,0,01,A01
200700059849,0,10,000,00,2,1,02,A01
200700059849,0,10,000,00,0,4,02,B01
200700059850,0,10,000,00,2,1,02,A01
200700059850,0,10,000,00,0,4,02,B01
200700059851,0,10,000,03,0,1,00,A01
200700059852,0,10,000,08,0,1,01,A01
200700059853,0,33,000,00,2,1,02,A01
200700059853,0,07,000,00,0,4,02,B01
200700059854,0,33,000,00,2,1,12,A01
200700059854,0,17,000,00,2,4,23,B01
200700059855,0,33,000,03,0,1,01,A01
200700059856,0,07,000,00,2,1,02,A01
200700059856,0,07,000,00,2,4,02,B01
200700059856,0,10,000,00,0,8,01,C01
200700059857,0,07,000,00,2,1,02,A01
200700059857,0,10,000,00,2,4,02,B01
200700059857,0,10,000,00,0,4,02,C01
200700059858,0,07,000,00,2,7,12,A01
200700059858,0,33,000,00,0,8,03,B01
200700059858,0,33,000,00,2,1,03,C01
200700059859,0,31,000,00,2,1,03,A01
200700059859,0,10,000,00,0,5,01,B01
200700059859,0,07,000,00,0,7,01,C01
200700059860,0,33,000,00,0,0,00,A01
200700059861,0,33,000,00,0,0,01,A01
200700059862,0,33,000,00,2,1,03,A01
200700059862,1,07,000,00,0,5,01,B01
200700059863,0,32,000,00,2,1,02,A01
200700059863,0,07,000,00,2,6,02,B01
200700059864,0,33,000,00,2,7,03,A01
200700059864,0,33,000,00,2,4,03,B01
200700059865,0,07,000,00,2,3,11,A01
200700059865,0,33,000,00,0,2,03,B01
200700059866,0,07,000,04,0,3,01,A01
200700059867,0,07,000,04,0,1,19,A01
200700059868,0,33,000,00,0,0,03,A01
200700059868,0,07,000,00,0,0,11,B01
200700059869,0,15,000,00,2,2,12,A01
200700059869,0,07,000,04,0,6,01,B01
200700059870,0,34,000,00,2,0,03,A01
200700059870,0,07,000,00,9,3,01,B01
200700059870,0,07,000,00,2,5,01,C01
200700059871,0,07,000,00,2,1,02,A01
200700059871,0,07,000,00,2,4,02,B01
200700059871,0,07,000,00,0,4,02,C01
200700059872,0,32,000,04,0,8,02,A01
200700059873,0,07,000,00,2,1,02,A01
200700059873,0,07,000,00,0,4,02,B01
200700059874,0,32,000,00,9,8,01,A01
200700059875,0,31,000,00,0,8,01,A01
200700059876,0,14,000,00,2,7,01,A01
200700059876,0,07,000,00,0,8,09,B01
200700059876,0,10,000,00,0,7,01,C01
200700059877,0,31,000,00,2,1,02,A01
200700059877,0,07,000,00,0,5,02,B01
200700059878,0,07,000,00,2,1,02,A01
200700059878,0,10,000,00,0,4,02,B01
200700059879,0,07,000,00,2,6,14,A01
200700059879,0,33,000,00,0,3,03,B01
200700059880,0,32,000,00,0,0,01,A01