Num_Acc,senc,catv,occutc,obs,obsm,choc,manv,num_veh
200700059881,0,10,000,00,2,2,12,A01
200700059881,0,14,000,04,0,6,01,B01
200700059882,0,07,000,00,2,7,12,A01
200700059882,0,33,000,00,0,8,03,B01
200700059883,0,31,000,00,0,0,03,A01
200700059884,0,07,000,04,0,6,01,B01
200700059884,0,10,000,00,2,2,12,A01
200700059885,0,07,000,04,2,2,01,B01
200700059885,0,07,000,00,2,8,01,A01
200700059885,1,17,000,00,0,2,12,C01
200700059886,0,07,000,00,0,4,01,A01
200700059886,1,07,000,00,2,1,02,B01
200700059887,0,07,000,00,2,8,11,A01
200700059887,0,07,000,00,2,7,00,B01
200700059888,0,07,000,16,2,9,09,A01
200700059888,0,15,000,00,2,1,01,B01
200700059888,0,07,000,00,2,1,01,C01
200700059889,0,07,000,00,2,3,02,A01
200700059889,0,01,000,00,2,7,02,B01
200700059890,0,07,000,00,2,8,17,A01
200700059890,0,31,000,00,2,8,00,B01
200700059891,0,07,000,00,2,8,09,A01
200700059891,0,30,000,00,2,1,01,B01
200700059892,0,07,000,00,1,3,02,A01
200700059893,0,01,000,00,0,2,01,A01
200700059893,0,07,000,00,0,3,02,B01
200700059894,0,14,000,00,2,1,01,B01
200700059894,0,07,000,00,2,3,01,A01
200700059895,0,07,000,00,0,5,15,A01
200700059895,0,31,000,00,0,1,02,B01
200700059896,0,30,000,00,2,1,16,B01
200700059896,0,07,000,00,2,2,15,A01
200700059897,0,07,000,01,0,2,01,A01
200700059898,0,07,000,00,1,1,15,A01
200700059899,0,07,000,08,0,2,01,A01
200700059900,0,07,000,00,2,9,01,A01
200700059900,0,07,000,00,2,1,01,B01
200700059901,0,03,000,12,0,0,02,A01
200700059902,0,07,000,00,2,2,10,A01
200700059902,0,07,000,15,2,3,01,B01
200700059902,0,07,000,00,2,3,01,C01
200700059903,0,07,000,08,0,2,01,A01
200700059904,0,07,000,00,2,2,01,A01
200700059904,0,30,000,00,0,4,02,B01
200700059905,0,31,000,00,2,1,01,A01
200700059905,0,07,000,00,0,8,15,B01
200700059906,0,07,000,00,2,2,13,A01
200700059906,0,01,000,00,2,4,13,B01
200700059907,0,30,000,00,2,2,01,A01
200700059907,0,33,000,00,2,3,15,B01
200700059908,0,01,000,00,2,1,17,A01
200700059908,0,07,000,00,2,3,02,B01
200700059909,0,07,000,00,2,1,02,A01
200700059909,0,07,000,00,2,1,02,B01
200700059910,0,07,000,00,1,3,01,A01
200700059911,0,07,000,00,2,3,13,A01
200700059911,0,99,000,00,2,3,02,B01
200700059912,0,07,000,00,9,2,02,B01
200700059912,0,34,000,00,2,1,15,A01
200700059913,0,02,000,00,2,8,01,A01
200700059913,0,07,000,00,2,3,15,B01
200700059914,0,14,000,00,2,2,01,A01
200700059914,0,07,000,00,2,1,23,B01
200700059915,0,07,000,00,1,7,01,A01
200700059916,0,07,000,08,0,1,01,A01
200700059917,0,07,000,00,2,3,19,A01
200700059917,0,07,000,00,2,4,23,B01
200700059917,0,07,000,04,0,4,23,C01
200700059918,0,14,000,00,2,1,02,A01
200700059918,0,07,000,00,2,9,02,B01
200700059918,0,07,000,00,2,9,02,C01
200700059918,0,07,000,00,2,6,02,D01
200700059919,0,30,000,00,2,2,13,A01
200700059919,0,07,000,00,2,1,01,B02
200700059920,0,07,000,00,2,8,10,A01
200700059920,0,30,000,00,2,1,01,B02
200700059921,0,07,000,00,2,6,09,A01
200700059921,0,33,000,00,2,2,03,B02
200700059922,0,07,000,00,2,3,16,A01
200700059922,0,33,000,00,2,7,01,B02
200700059923,0,30,000,00,2,8,01,A01
200700059923,0,07,000,00,0,5,16,B02
200700059924,0,32,000,00,0,1,05,A01
200700059924,0,01,000,00,0,1,01,B02
200700059925,0,07,000,06,0,1,01,A01
200700059926,0,07,000,00,2,1,13,A01
200700059926,0,07,000,00,2,1,01,B02
200700059927,0,07,000,02,0,1,14,A01
200700059928,0,07,000,00,2,1,01,A01
200700059928,0,07,000,00,2,3,19,B02
200700059929,0,30,000,00,2,1,01,A01
200700059929,0,07,000,00,2,3,15,B02
200700059930,0,31,000,00,0,3,01,A01
200700059930,0,07,000,00,2,3,15,B02
200700059931,0,07,000,00,2,1,15,A01
200700059931,0,02,000,00,2,8,01,B02
200700059932,0,14,000,00,0,1,00,A01
200700059932,0,14,000,00,0,0,00,B02
200700059933,0,07,000,00,2,1,01,A01
200700059933,0,99,000,00,2,8,15,B02
200700059934,0,30,000,11,0,1,01,A01
200700059935,0,07,000,00,2,1,01,A01
200700059935,0,10,000,00,2,1,01,B02
200700059936,0,10,000,13,0,2,01,A01
200700059937,0,07,000,00,2,9,01,A01
200700059937,0,10,000,00,2,1,01,B02
200700059938,0,21,000,00,9,8,13,A01
200700059938,0,02,000,00,2,7,01,B02
200700059939,0,07,000,00,6,9,01,A01
200700059940,0,07,000,00,2,1,06,A01
200700059940,0,33,000,00,2,1,01,B02
200700059940,0,07,000,00,2,1,02,C03
200700059940,0,07,000,00,2,1,01,D04
200700059941,0,07,000,00,2,8,15,A01
200700059941,0,07,000,00,2,1,01,B02
200700059942,0,10,000,00,2,2,15,A01
200700059942,0,07,000,00,2,3,01,B02
200700059943,0,17,000,00,2,1,17,A01
200700059943,0,07,000,00,2,4,15,B02
200700059944,0,33,000,00,2,1,01,A01
200700059944,0,10,000,00,2,3,15,B02
200700059945,0,07,000,00,2,1,19,A01
200700059945,0,07,000,00,2,7,01,B02
200700059946,0,10,000,00,1,1,01,A01
200700059947,0,07,000,00,2,6,15,A01
200700059947,0,02,000,00,2,1,06,B02
200700059948,0,07,000,00,2,8,19,A01
200700059948,0,33,000,00,2,1,01,B02
200700059949,0,10,000,00,1,1,01,A01
200700059950,0,14,000,03,2,3,01,A01
200700059950,0,14,000,00,2,1,01,B02
200700059951,0,07,000,00,2,7,15,A01
200700059951,0,33,000,00,2,1,01,B02
200700059952,0,33,000,00,6,1,01,A01
200700059953,0,07,000,00,1,1,16,A01
200700059954,0,10,000,00,1,2,01,A01
200700059955,0,07,000,00,0,2,00,A01
200700059955,0,01,000,00,0,1,00,B02
200700059956,0,07,000,00,1,1,01,A01
200700059957,0,07,000,00,2,1,01,A01
200700059957,0,30,000,00,2,8,15,B02
200700059958,0,07,000,00,2,3,15,A01
200700059958,0,07,000,00,2,1,16,B02
200700059959,0,38,000,13,0,1,01,A01
200700059960,0,07,000,00,0,0,00,A01
200700059960,0,07,000,00,2,1,01,B02
200700059961,0,07,000,00,2,2,17,A01
200700059961,0,07,000,00,2,3,15,B02
200700059962,0,33,000,00,0,0,01,A01
200700059963,0,30,000,13,0,9,01,A01
200700059964,0,33,000,00,0,3,00,A01
200700059965,0,01,000,00,2,4,01,A01
200700059966,0,30,000,00,2,1,18,A01
200700059966,0,10,000,00,0,2,20,B02
200700059967,0,33,000,00,0,9,13,A01
200700059968,0,30,000,00,2,1,01,A01
200700059968,0,07,000,00,2,2,01,B02
200700059969,0,07,000,08,0,8,01,A01
200700059970,0,07,000,00,1,1,01,A01
200700059971,0,10,000,00,2,2,02,A01
200700059971,0,30,000,00,0,4,02,B02
200700059972,0,33,000,16,0,8,15,A01
200700059973,0,07,000,00,2,1,02,A01
200700059973,0,07,000,00,2,1,02,B02
200700059973,0,15,000,00,0,4,11,C03
200700059974,0,30,000,02,0,1,01,A01
200700059975,0,17,000,00,2,0,17,A01
200700059975,0,02,000,00,2,8,01,C03
200700059976,0,21,000,00,2,6,01,A01
200700059976,0,07,000,00,2,2,17,B02
200700059976,0,07,000,00,2,7,21,C03
200700059976,0,07,000,00,2,3,01,D04
200700059977,0,07,000,00,2,2,02,A01
200700059977,0,03,000,00,2,6,02,B02
200700059978,0,07,000,03,2,7,01,A01
200700059978,0,15,000,00,2,1,01,B02
200700059979,0,10,000,00,2,3,19,A01
200700059979,0,07,000,00,2,1,01,B02
200700059980,0,07,000,00,0,3,13,A01
200700059980,0,07,000,00,0,3,00,B02
200700059981,0,07,000,00,0,3,15,A01
200700059981,0,07,000,00,0,3,01,B02
200700059982,0,15,000,00,0,0,00,A01
200700059983,0,30,000,00,2,8,10,A01
200700059983,0,07,000,00,2,3,01,B02
200700059984,0,07,000,00,2,3,19,A01
200700059984,0,07,000,00,2,2,01,B02
200700059985,0,17,000,00,2,3,01,A01
200700059985,0,30,000,00,2,1,13,B02
200700059986,0,07,000,00,2,2,19,A01
200700059986,0,07,000,00,2,3,01,B02
200700059987,0,07,000,09,0,5,00,A01
200700059988,0,07,000,13,0,9,01,A01
200700059989,0,07,000,08,0,2,14,A01
200700059990,0,07,000,13,0,2,01,A01
200700059991,0,07,000,00,1,2,01,A01
200700059992,0,07,000,00,0,0,01,A01
200700059992,0,17,000,00,2,3,01,B02
200700059993,0,07,000,00,2,1,01,A01
200700059993,0,07,000,00,0,0,01,B02
200700059993,0,07,000,00,2,1,01,D04
200700059994,0,07,000,00,2,2,01,A01
200700059994,0,33,000,00,2,1,13,B02
200700059995,0,07,000,00,1,3,01,A01
200700059996,0,10,000,13,0,3,01,A01
200700059997,0,07,000,00,2,1,13,A01
200700059997,0,14,000,00,2,1,01,B02
200700059998,0,10,000,00,2,3,13,A01
200700059998,0,07,000,00,0,8,01,B02
200700059998,0,07,000,00,2,3,01,C03
200700059999,0,07,000,13,0,4,13,A01
200700060000,0,14,000,00,2,2,17,A01
200700060000,0,07,000,00,2,8,17,B02
200700060001,0,15,000,00,0,7,15,A01
200700060002,0,33,000,00,2,7,17,A01
200700060002,0,33,000,00,2,1,17,B02
200700060003,0,07,000,00,2,1,01,A01
200700060003,0,10,000,00,2,1,01,B02
200700060004,0,10,000,00,2,3,15,A01
200700060004,0,10,000,00,2,2,17,B02
200700060005,0,07,000,13,0,1,01,A01
200700060006,0,07,000,00,2,1,13,A01
200700060006,0,07,000,00,2,3,01,B02
200700060007,0,31,000,16,0,0,01,A01
200700060008,0,07,000,00,2,1,01,A01
200700060008,0,07,000,00,2,8,15,B02
200700060009,0,02,000,00,2,1,13,A01
200700060009,0,21,000,00,2,6,01,B02
200700060010,0,07,000,00,2,1,01,A01
200700060010,1,07,000,00,2,1,01,B02
200700060011,0,07,000,00,0,9,01,A01
200700060012,0,02,000,00,0,1,00,A01
200700060012,0,14,000,00,0,0,00,B02
200700060013,0,07,000,00,0,4,01,A01
200700060013,0,02,000,00,2,1,02,B02
200700060014,0,07,000,06,0,1,00,A01
200700060015,0,07,000,00,2,2,19,A01
200700060015,0,33,000,00,2,1,01,B02
200700060016,0,33,000,00,5,1,01,A01
200700060017,0,02,000,00,2,1,19,A01
200700060017,0,14,000,00,9,8,15,B02
200700060018,0,07,000,00,2,7,15,A01
200700060018,0,07,000,00,2,1,01,B02
200700060019,0,30,000,00,9,2,17,A01
200700060019,0,01,000,00,2,3,15,B02
200700060020,0,33,000,00,2,1,17,A01
200700060020,0,21,000,00,2,8,15,B02
200700060021,0,07,000,00,2,3,15,A01
200700060021,0,33,000,00,2,1,01,B02
200700060022,0,99,000,00,2,1,17,A01
200700060022,0,07,000,00,0,4,15,B02
200700060023,0,31,000,00,2,1,00,A01
200700060023,0,07,000,00,2,3,00,B02
200700060024,0,33,000,00,2,1,01,B02
200700060024,0,07,000,00,2,6,19,A01
200700060025,1,07,000,00,0,0,13,A01
200700060025,0,07,000,00,2,0,21,B02
200700060026,0,33,000,00,2,1,01,B02
200700060026,0,07,000,00,2,2,19,A01
200700060027,0,07,000,00,9,3,01,A01
200700060027,0,01,000,00,2,1,19,B02
200700060028,0,10,000,02,0,2,01,A01
200700060029,0,07,000,00,9,1,01,A01
200700060029,0,01,000,00,2,8,19,B02
200700060030,0,33,000,00,6,1,01,A01
200700060031,0,07,000,14,0,1,01,A01
200700060031,0,17,000,00,0,0,09,B02
200700060032,0,07,000,00,2,6,15,A01
200700060033,0,07,000,00,2,4,02,A01
200700060033,0,07,000,08,2,1,02,B02
200700060034,0,07,000,00,1,1,01,A01
200700060034,0,07,000,00,1,0,01,B02
200700060035,0,07,000,00,0,1,13,A01
200700060035,0,07,000,00,0,1,01,B02
200700060036,0,07,000,00,0,0,02,A01
200700060037,0,07,000,09,0,0,00,A01
200700060038,0,07,000,00,1,2,15,A01
200700060039,0,07,000,00,2,3,01,A01
200700060039,0,14,000,00,2,3,01,B02
200700060040,0,07,000,02,0,3,13,A01
200700060041,0,01,000,00,1,1,01,A01
200700060042,0,07,000,02,0,7,00,A01
200700060043,0,07,000,00,2,3,13,A01
200700060043,0,07,000,00,2,3,01,B02
200700060043,0,07,000,00,2,1,01,C03
200700060043,0,07,000,00,2,3,01,D04
200700060043,0,33,000,16,0,0,01,E05
200700060044,0,33,000,00,2,1,17,A01
200700060044,0,07,000,00,2,8,15,B02
200700060045,0,33,000,00,2,1,01,A01
200700060045,0,07,000,00,9,3,01,B02
200700060045,0,33,000,14,0,7,01,C03
200700060046,0,07,000,02,0,1,01,A01
200700060047,0,02,000,00,2,1,17,A01
200700060047,0,21,000,00,2,3,15,B02
200700060048,0,07,000,00,2,3,01,A01
200700060048,0,01,000,00,2,6,19,B02
200700060049,0,07,000,00,2,1,01,A01
200700060049,0,07,000,00,2,7,01,B02
200700060050,0,02,000,00,2,1,01,A01
200700060050,0,07,000,00,2,4,01,B02
200700060051,0,07,000,00,2,4,23,A01
200700060051,0,33,000,00,2,1,02,B02
200700060052,0,10,000,00,0,6,15,A01
200700060052,0,02,000,00,0,1,01,B02
200700060053,0,07,000,14,0,1,02,A01
200700060053,0,07,000,00,9,4,15,B02
200700060053,0,07,000,00,2,3,02,C03
200700060053,0,07,000,00,2,1,02,D04
200700060054,0,07,000,01,0,1,02,A01
200700060054,0,10,000,00,0,4,24,B02
200700060055,0,38,000,00,2,1,15,A01
200700060055,0,07,000,00,2,1,00,B02
200700060056,0,07,000,00,2,1,19,A01
200700060056,0,07,000,00,2,1,01,B02
200700060057,0,07,000,00,2,7,19,A01
200700060057,0,07,000,00,2,1,01,B02
200700060058,0,07,000,00,2,1,13,A01
200700060058,0,10,000,00,2,1,01,B02
200700060059,0,30,000,03,0,3,01,A01
200700060060,0,07,000,00,2,2,15,A01
200700060060,0,33,000,00,2,1,01,B02
200700060060,0,07,000,00,9,1,01,C03
200700060061,0,07,000,00,2,1,02,A01
200700060061,0,07,000,00,0,7,02,B02
200700060061,0,14,000,00,2,5,02,C03
200700060062,0,30,000,00,2,8,13,A01
200700060062,0,07,000,00,0,7,17,B02
200700060063,0,07,000,00,2,1,01,A01
200700060063,0,33,000,00,2,7,01,B02
200700060064,0,02,000,00,2,1,01,B02
200700060064,0,07,000,00,2,2,01,A01
200700060065,0,07,000,00,2,2,01,A01
200700060065,0,01,000,00,2,1,19,B02
200700060066,0,10,000,00,0,8,16,A01
200700060066,0,02,000,00,0,1,01,B02
200700060067,0,07,000,00,0,3,15,A01
200700060067,0,33,000,00,0,1,01,B02
200700060068,0,07,000,00,2,0,15,A01
200700060068,0,33,000,00,2,7,01,B02
200700060069,0,02,000,00,2,1,01,A01
200700060069,0,07,000,00,2,8,01,B02
200700060070,0,07,000,00,0,2,01,A01
200700060071,0,07,000,00,9,1,01,A01
200700060071,0,01,000,00,2,7,19,B02
200700060072,0,07,000,00,1,1,01,A01
200700060073,0,33,000,00,6,1,01,A01
200700060074,0,07,000,00,2,3,01,A01
200700060074,0,07,000,00,2,3,01,B02
200700060075,0,07,000,01,2,1,06,A01
200700060075,0,07,000,00,0,4,01,B02
200700060075,0,07,000,00,0,4,24,C03
200700060075,0,07,000,00,0,4,24,D04
200700060076,0,07,000,00,2,1,19,A01
200700060076,0,07,000,08,2,3,01,B02
200700060077,0,07,000,00,2,1,19,A01
200700060077,0,07,000,00,2,8,00,B02
200700060077,0,07,000,00,2,1,23,C03
200700060078,0,07,000,00,0,0,17,A01
200700060079,0,07,000,00,2,1,13,A01
200700060079,0,07,000,00,2,1,01,B02
200700060080,0,02,000,10,0,0,01,A01
200700060081,0,07,000,00,2,8,19,A01
200700060081,0,10,000,00,2,1,01,B02
200700060082,0,02,000,00,2,1,13,A01
200700060082,0,07,000,00,2,1,00,B02
200700060083,0,10,000,00,0,1,00,A01
200700060084,0,14,000,00,2,1,01,A01
200700060084,0,31,000,00,2,1,01,B02
200700060085,0,07,000,00,2,1,02,A01
200700060085,0,02,000,00,0,4,02,B02
200700060086,0,10,000,00,1,1,01,A01
200700060087,0,10,000,00,2,1,00,A01
200700060087,0,10,000,00,0,1,00,B02
200700060088,0,10,000,00,2,1,15,A01
200700060088,0,07,000,00,2,1,01,B02
200700060089,0,10,000,00,2,2,15,A01
200700060089,0,33,000,00,2,7,01,B02
200700060090,0,02,000,00,0,0,01,A01
200700060091,0,07,000,02,0,3,01,A01
200700060092,0,07,000,00,0,1,05,A01
200700060092,0,07,000,00,0,1,01,B02
200700060093,0,30,000,00,2,3,01,A01
200700060093,0,07,000,00,2,3,15,B02
200700060094,0,30,000,00,2,1,02,A01
200700060094,0,07,000,00,0,4,00,B02
200700060095,0,30,000,00,1,1,01,A01
200700060096,0,07,000,00,2,1,01,A01
200700060096,0,10,000,00,2,3,15,B02
200700060097,1,07,000,00,2,3,19,A01
200700060097,0,33,000,00,2,1,01,B02
200700060098,0,07,000,00,6,2,01,A01
200700060099,0,07,000,00,0,4,23,A01
200700060099,0,30,000,00,2,1,23,B02
200700060100,0,07,000,00,2,3,13,A01
200700060100,0,07,000,00,2,3,01,B02
200700060101,0,07,000,00,2,1,15,A01
200700060101,0,07,000,00,2,1,01,B02
200700060102,0,07,000,00,2,7,13,A01
200700060102,0,07,000,00,2,3,01,B02
200700060103,0,07,000,00,2,7,17,A01
200700060103,0,07,000,00,2,3,15,B02
200700060104,0,10,000,00,2,1,15,A01
200700060104,0,07,000,00,2,1,01,B02
200700060105,0,33,000,00,2,2,01,A01
200700060105,0,07,000,00,2,3,15,B02
200700060106,0,07,000,06,0,1,01,A01
200700060107,0,07,000,00,0,3,01,A01
200700060107,0,20,000,00,0,3,01,B02
200700060108,0,07,000,13,0,1,01,A01
200700060109,0,03,000,00,2,2,15,A01
200700060109,0,34,000,00,2,1,01,B02
200700060110,0,07,000,00,1,2,02,A01
200700060111,0,10,000,00,2,2,02,A01
200700060111,0,30,000,00,2,3,02,B02
200700060112,0,07,000,00,2,3,19,A01
200700060112,0,07,000,00,2,1,01,B02
200700060113,0,07,000,13,0,2,01,A01
200700060114,0,07,000,00,2,5,02,A01
200700060114,0,07,000,00,2,6,02,B02
200700060115,0,07,000,00,2,3,14,A01
200700060115,0,07,000,00,0,4,23,B02
200700060116,0,07,000,00,2,2,01,A01
200700060116,0,07,000,00,2,1,01,B02
200700060117,0,07,000,06,0,1,01,A01
200700060118,0,07,000,00,2,7,01,A01
200700060118,0,31,000,00,2,8,23,B02
200700060119,0,33,000,13,0,1,01,A01
200700060120,0,07,000,00,2,1,19,A01
200700060120,0,07,000,00,2,7,01,B02
200700060121,0,07,000,00,0,3,01,A01
200700060122,0,21,000,00,0,4,13,A01
200700060122,0,10,000,00,0,3,01,B02
200700060123,0,07,000,08,0,9,01,A01
200700060124,0,07,000,00,0,2,15,A01
200700060124,0,07,000,00,2,1,01,B02
200700060125,0,07,000,00,2,4,04,A01
200700060126,0,10,000,00,1,6,00,A01
200700060127,0,07,000,00,1,2,01,A01
200700060128,0,33,000,11,0,8,00,A01
200700060129,0,07,000,00,1,1,01,A01
200700060130,0,07,000,03,0,9,01,A01
200700060131,0,02,000,00,2,3,01,A01
200700060131,0,02,000,00,2,3,01,B02
200700060132,0,07,000,00,2,3,13,A01
200700060132,0,14,000,00,2,3,01,B02
200700060133,0,07,000,00,9,7,15,A01
200700060133,0,01,000,00,2,1,01,B02
200700060134,0,10,000,02,0,1,01,A01
200700060135,0,10,000,00,2,2,05,A01
200700060135,0,30,000,00,2,1,01,B02
200700060136,0,07,000,00,2,2,19,A01
200700060136,0,30,000,00,2,7,01,B02
200700060137,0,07,000,00,2,1,01,A01
200700060137,0,07,000,00,2,7,13,B02
200700060138,0,07,000,00,2,1,05,A01
200700060138,0,07,000,00,2,1,01,B02
200700060139,0,33,000,13,0,8,13,A01
200700060140,0,07,000,00,2,1,13,A01
200700060140,0,07,000,00,2,1,01,B02
200700060141,0,07,000,00,1,2,01,A01
200700060142,0,07,000,00,2,3,13,A01
200700060142,0,07,000,00,2,3,01,B02
200700060142,0,07,000,00,2,3,01,C03
200700060143,0,17,000,13,0,2,01,A01
200700060144,0,07,000,00,1,3,01,A01
200700060145,0,07,000,00,2,2,17,A01
200700060145,0,10,000,00,2,3,17,B02
200700060146,0,07,000,00,2,2,01,A01
200700060146,0,02,000,00,2,8,01,B02
200700060147,0,33,000,02,0,1,01,A01
200700060148,0,32,000,00,2,1,11,A01
200700060148,0,07,000,00,2,3,01,B02
200700060149,0,15,000,00,2,1,01,A01
200700060149,0,07,000,00,2,7,19,B02
200700060150,0,07,000,00,5,1,01,A01
200700060151,0,07,000,08,0,8,01,A01
200700060152,0,07,000,13,0,1,02,A01
200700060153,0,07,000,00,2,3,01,A01
200700060153,0,30,000,00,2,1,13,B02
200700060154,0,07,000,00,2,1,13,A01
200700060154,0,07,000,00,2,1,01,B02
200700060155,0,30,000,00,0,0,01,A01
200700060156,0,07,000,00,2,2,15,A01
200700060156,0,30,000,00,2,1,01,B02
200700060157,0,10,000,13,0,2,01,A01
200700060158,0,07,000,00,9,2,01,A01
200700060158,0,01,000,00,0,4,01,B02
200700060159,0,07,000,00,1,1,01,A01
200700060160,0,14,000,00,1,2,01,A01
200700060161,0,07,000,00,0,1,02,A01
200700060161,0,07,000,00,0,4,23,B02
200700060162,0,07,000,00,2,3,15,A01
200700060162,0,30,000,00,2,1,01,B02
200700060163,0,30,000,12,0,7,01,A01
200700060164,0,07,000,00,0,0,01,A01
200700060165,0,14,000,00,0,8,01,A01
200700060166,0,07,000,02,0,3,01,A01
200700060167,0,07,000,00,2,1,01,A01
200700060167,0,07,000,00,2,3,15,B02
200700060168,0,03,000,00,2,8,15,A01
200700060168,0,10,000,00,2,1,17,B02
200700060169,0,07,000,08,2,8,19,A01
200700060169,0,07,000,00,2,1,01,B02
200700060170,0,30,000,00,2,1,13,A01
200700060170,0,07,000,00,2,1,01,B02
200700060171,0,33,000,00,2,1,13,A01
200700060171,0,07,000,00,2,3,01,B02
200700060172,0,07,000,02,0,1,01,A01
200700060173,0,07,000,00,2,3,01,A01
200700060173,0,02,000,00,2,3,01,B02
200700060174,0,01,000,00,2,8,23,B02
200700060174,0,02,000,00,2,1,19,A01
200700060175,0,10,000,00,1,4,04,A01
200700060176,0,07,000,00,2,1,15,A01
200700060176,0,02,000,00,2,1,01,B02
200700060177,0,07,000,00,2,1,13,A01
200700060177,0,07,000,01,2,1,01,B02
200700060177,0,07,000,00,2,1,23,C03
200700060178,0,07,000,00,2,2,15,A01
200700060178,0,99,000,00,2,1,01,B02
200700060179,0,07,000,00,2,1,13,A01
200700060179,0,07,000,00,2,3,01,B02
200700060180,0,33,000,14,0,1,11,A01
200700060181,0,07,000,00,2,3,13,A01
200700060181,0,07,000,13,2,3,01,B02
200700060182,0,16,000,00,2,4,01,A01
200700060182,0,07,000,00,2,1,01,B02
200700060183,0,07,000,00,2,5,11,A01
200700060183,0,33,000,00,2,1,01,B02
200700060184,0,07,000,00,2,1,01,A01
200700060184,0,07,000,00,2,4,00,B02
200700060184,0,07,000,00,2,1,00,C03
200700060185,0,07,000,00,2,2,01,A01
200700060185,0,07,000,00,2,3,09,B02
200700060186,0,15,000,00,1,2,01,A01
200700060187,0,01,000,00,2,8,19,A01
200700060187,0,07,000,00,9,1,01,B02
200700060188,0,07,000,00,1,2,01,A01
200700060189,0,30,000,08,0,1,01,A01
200700060190,0,07,000,00,2,1,13,A01
200700060190,0,07,000,00,2,3,01,B02
200700060191,0,07,000,00,2,8,01,A01
200700060191,0,07,000,00,2,7,01,B02
200700060192,0,07,000,00,2,1,02,A01
200700060192,0,07,000,00,2,4,02,B02
200700060193,0,07,000,08,0,1,00,A01
200700060194,0,07,000,00,2,1,13,A01
200700060194,0,10,000,00,2,3,15,B02
200700060195,0,07,000,00,2,3,19,A01
200700060195,0,07,000,00,2,1,01,B02
200700060195,0,07,000,00,2,3,23,C03
200700060195,0,07,000,00,2,6,16,D04
200700060196,0,07,000,00,2,7,19,A01
200700060196,0,10,000,00,2,1,01,B02
200700060197,0,07,000,00,2,1,01,A01
200700060197,0,21,000,00,2,5,01,B02
200700060198,0,02,000,00,2,7,17,A01
200700060198,0,21,000,00,2,8,15,B02
200700060199,0,07,000,00,2,2,17,A01
200700060199,0,30,000,00,2,7,01,B02
200700060200,0,33,000,00,0,7,01,A01
200700060200,0,30,000,00,0,1,19,B02
200700060201,0,30,000,00,2,1,01,A01
200700060201,0,07,000,00,2,3,15,B02
200700060202,0,07,000,13,0,1,01,A01
200700060203,0,07,000,08,0,1,01,A01
200700060204,0,07,000,00,2,1,01,A01
200700060204,0,07,000,00,2,4,15,B02
200700060205,0,07,000,00,2,3,00,A01
200700060205,0,15,000,00,2,3,00,B02
200700060206,0,07,000,00,2,1,01,A01
200700060206,0,14,000,00,2,2,19,B02
200700060207,0,33,000,00,0,6,01,A01
200700060208,0,07,000,00,6,2,01,A01
200700060209,0,17,000,13,0,8,13,A01
200700060210,0,07,000,06,0,3,01,A01
200700060211,0,07,000,00,1,2,01,A01
200700060212,0,07,000,00,2,2,17,A01
200700060212,0,07,000,00,2,3,15,B02
200700060213,0,07,000,00,2,2,15,A01
200700060213,0,31,000,00,2,1,01,B02
200700060214,0,07,000,02,0,9,01,A01
200700060215,0,30,000,00,0,1,01,A01
200700060215,0,10,000,00,2,3,15,B02
200700060216,0,30,000,08,0,2,01,A01
200700060217,0,07,000,08,0,1,13,A01
200700060218,0,02,000,06,0,8,01,A01
200700060219,0,07,000,00,0,7,15,A01
200700060219,0,07,000,00,0,1,01,B02
200700060220,0,07,000,00,1,1,01,A01
200700060221,0,07,000,00,2,2,15,A01
200700060221,0,33,000,00,2,1,01,B02
200700060222,0,07,000,00,1,1,16,A01
200700060223,0,07,000,00,1,3,15,A01
200700060224,0,30,000,00,2,1,01,A01
200700060225,0,07,000,14,0,1,01,A01
200700060226,0,07,000,00,2,2,05,A01
200700060226,0,07,000,00,2,2,01,B02
200700060226,0,10,000,00,2,1,01,C03
200700060227,0,07,000,00,2,1,21,A01
200700060227,0,07,000,00,2,1,01,B02
200700060228,0,07,000,00,2,1,19,A01
200700060228,0,07,000,00,2,2,01,B02
200700060229,0,10,000,00,2,1,01,A01
200700060229,0,10,000,00,2,0,01,B02
200700060230,0,30,000,00,2,1,13,A01
200700060230,0,07,000,00,2,3,16,B02
200700060231,0,07,000,00,2,3,17,A01
200700060231,0,02,000,00,2,3,13,B02
200700060232,0,07,000,00,2,2,02,A01
200700060232,0,02,000,00,2,4,01,B02
200700060232,0,02,000,00,0,0,01,C03
200700060233,0,07,000,00,2,8,01,A01
200700060233,0,07,000,00,2,8,01,B02
200700060234,0,07,000,00,2,2,13,A01
200700060234,0,07,000,00,2,1,01,B02
200700060234,0,02,000,00,2,8,01,C03
200700060234,0,30,000,00,0,0,01,D04
200700060235,0,33,000,00,2,1,17,A01
200700060235,0,07,000,00,2,8,15,B02
200700060236,0,07,000,00,1,3,01,A01
200700060237,0,30,000,00,0,7,16,A01
200700060238,0,07,000,00,2,1,13,A01
200700060238,0,13,000,00,2,1,01,B02
200700060239,0,07,000,00,2,2,15,A01
200700060239,0,33,000,00,2,1,01,B02
200700060240,0,07,000,02,0,4,20,A01
200700060240,0,02,000,00,0,7,01,B02
200700060241,0,02,000,00,0,0,01,A01
200700060242,0,02,000,00,2,3,13,A01
200700060242,0,17,000,00,2,8,21,B02