Num_Acc,senc,catv,occutc,obs,obsm,choc,manv,num_veh
200700060243,0,30,000,00,2,1,13,A01
200700060243,0,07,000,00,2,3,00,B02
200700060244,0,07,000,00,1,6,20,A01
200700060245,0,07,000,13,0,1,01,A01
200700060246,0,07,000,00,2,2,01,A01
200700060246,0,07,000,00,2,2,01,B02
200700060247,0,07,000,00,2,1,13,A01
200700060247,0,07,000,00,2,1,01,B02
200700060248,0,07,000,00,1,6,04,A01
200700060249,0,33,000,13,0,1,01,A01
200700060250,0,07,000,00,2,6,11,A01
200700060250,0,33,000,00,2,1,17,B02
200700060251,0,07,000,00,2,3,10,A01
200700060251,0,33,000,00,2,1,01,B02
200700060252,0,07,000,00,2,3,13,A01
200700060252,0,07,000,00,2,3,01,B02
200700060253,0,07,000,13,0,1,13,A01
200700060254,0,33,000,00,2,1,01,A01
200700060254,0,07,000,00,2,2,10,B02
200700060255,0,10,000,00,2,7,19,A01
200700060255,0,33,000,00,2,1,01,B02
200700060256,0,07,000,13,0,1,01,A01
200700060257,0,33,000,00,2,1,17,A01
200700060257,0,07,000,00,2,2,15,B02
200700060258,0,17,000,00,2,7,16,A01
200700060258,0,02,000,00,2,9,18,B02
200700060259,0,10,000,00,2,1,05,A01
200700060259,0,07,000,00,2,1,01,B02
200700060260,0,30,000,00,2,3,01,A01
200700060260,0,10,000,00,2,8,01,B02
200700060261,0,07,000,00,0,2,03,A01
200700060261,0,33,000,00,2,1,01,B02
200700060262,0,31,000,00,0,0,01,A01
200700060263,0,30,000,11,0,2,01,A01
200700060264,0,10,000,00,2,3,09,A01
200700060264,0,07,000,00,2,5,02,B02
200700060265,0,07,000,08,0,6,01,A01
200700060266,0,07,000,06,0,2,01,A01
200700060267,0,07,000,00,2,2,15,A01
200700060267,0,30,000,00,2,2,15,B02
200700060268,0,30,000,00,1,1,02,A01
200700060269,0,30,000,08,0,1,13,A01
200700060270,0,07,000,00,1,2,02,A01
200700060271,0,33,000,00,2,1,02,A01
200700060271,0,07,000,00,0,5,02,B02
200700060272,0,07,000,00,2,1,17,A01
200700060272,0,10,000,00,2,8,15,B02
200700060273,0,07,000,00,2,8,19,A01
200700060273,0,07,000,00,2,1,01,B02
200700060274,0,07,000,00,2,2,13,A01
200700060274,0,14,000,00,0,2,01,B02
200700060275,0,07,000,13,0,1,14,A01
200700060276,0,07,000,00,1,2,19,A01
200700060277,0,10,000,13,0,3,13,A01
200700060278,0,10,000,13,0,3,02,A01
200700060279,0,10,000,00,2,3,13,A01
200700060279,0,15,000,00,2,3,00,B02
200700060280,0,07,000,00,2,8,01,A01
200700060280,0,07,000,00,2,1,15,B02
200700060280,0,07,000,00,2,1,00,C03
200700060281,0,33,000,00,0,8,03,A01
200700060282,0,10,000,00,2,3,13,A01
200700060282,0,30,000,00,2,3,01,B02
200700060283,0,07,000,00,2,1,01,A01
200700060283,0,07,000,00,2,3,13,B02
200700060284,0,33,000,03,0,9,13,A01
200700060285,0,07,000,02,0,2,01,A01
200700060286,0,07,000,00,2,2,01,A01
200700060286,0,38,000,00,2,3,01,B02
200700060287,0,07,000,13,0,1,01,A01
200700060288,0,07,000,00,2,4,13,A01
200700060288,0,17,000,00,0,3,01,B02
200700060289,0,33,000,00,2,1,01,A01
200700060289,0,02,000,00,2,8,15,B02
200700060290,0,07,000,00,2,3,10,A01
200700060290,0,30,000,00,2,1,02,B02
200700060291,0,33,000,13,0,3,13,A01
200700060292,0,07,000,00,0,3,01,A01
200700060292,0,07,000,00,0,1,01,B02
200700060293,0,33,000,08,0,1,01,A01
200700060294,0,07,000,00,2,1,11,A01
200700060294,0,02,000,00,2,3,01,B02
200700060295,0,10,000,00,1,3,01,A01
200700060295,0,01,000,00,2,4,09,B02
200700060296,0,33,000,13,0,2,17,A01
200700060297,0,07,000,00,1,2,14,A01
200700060298,0,02,000,00,2,1,01,B02
200700060298,0,07,000,00,2,2,01,A01
200700060299,0,07,000,00,2,2,01,B02
200700060299,0,07,000,06,2,3,00,A01
200700060300,0,07,000,00,2,3,15,A01
200700060300,0,33,000,00,2,1,01,B02
200700060301,0,07,000,00,2,3,13,A01
200700060301,0,07,000,00,2,1,01,B02
200700060302,0,30,000,00,0,0,01,A01
200700060303,0,07,000,00,1,2,01,A01
200700060304,0,10,000,00,2,1,05,A01
200700060304,0,02,000,00,2,1,01,B02
200700060305,0,07,000,12,9,9,01,A01
200700060306,0,07,000,00,0,2,19,A01
200700060306,0,30,000,00,0,1,01,B02
200700060307,0,07,000,00,2,3,15,A01
200700060307,0,01,000,00,2,1,01,B02
200700060308,0,07,000,00,1,3,15,A01
200700060309,0,14,000,00,2,2,13,A01
200700060309,0,21,000,00,0,4,01,B02
200700060310,0,07,000,13,0,1,13,A01
200700060311,0,07,000,00,0,0,00,A01
200700060311,0,02,000,01,0,1,00,B02
200700060312,0,07,000,00,2,2,13,A01
200700060312,0,07,000,00,2,3,01,B02
200700060313,0,36,000,00,2,3,15,B02
200700060313,0,07,000,00,2,2,01,A01
200700060314,0,07,000,00,1,1,01,A01
200700060315,0,07,000,00,2,3,13,A01
200700060315,0,33,000,00,2,3,01,B02
200700060316,0,07,000,00,0,8,15,A01
200700060316,0,33,000,00,0,7,17,B02
200700060317,0,07,000,00,2,3,15,A01
200700060317,0,02,000,00,2,1,17,B02
200700060318,0,07,000,00,2,3,15,A01
200700060318,0,33,000,00,2,1,01,B02
200700060319,0,07,000,00,1,3,01,A01
200700060320,0,33,000,00,2,2,01,A01
200700060320,0,10,000,00,2,3,09,B02
200700060321,0,02,000,09,0,1,01,A01
200700060322,0,07,000,00,2,8,01,A01
200700060322,0,07,000,00,2,1,00,B02
200700060323,0,07,000,00,2,1,13,A01
200700060323,0,07,000,00,2,1,01,B02
200700060324,0,07,000,00,2,1,19,A01
200700060324,0,10,000,00,2,7,01,B02
200700060325,0,07,000,00,2,2,15,A01
200700060325,0,10,000,00,2,1,01,B02
200700060325,0,07,000,00,2,2,23,C03
200700060326,0,30,000,00,0,1,16,A01
200700060326,0,07,000,00,0,2,01,B02
200700060327,0,07,000,00,0,1,01,A01
200700060327,0,07,000,00,0,8,15,B02
200700060328,0,07,000,00,0,8,01,A01
200700060328,0,07,000,00,0,3,13,B02
200700060329,0,31,000,09,0,9,01,A01
200700060330,0,07,000,06,0,2,01,A01
200700060331,0,07,000,13,0,1,17,A01
200700060332,0,07,000,08,0,6,13,A01
200700060333,0,07,000,00,2,1,09,A01
200700060333,0,17,000,00,2,4,01,B02
200700060334,0,33,000,13,0,9,01,A01
200700060335,0,07,000,00,2,3,01,A01
200700060335,0,07,000,00,2,3,01,B02
200700060336,0,30,000,00,2,1,01,A01
200700060336,0,07,000,00,2,2,15,B02
200700060337,0,10,000,00,2,1,01,A01
200700060337,0,07,000,00,2,3,19,B02
200700060338,0,07,000,00,2,1,17,A01
200700060338,0,07,000,00,2,1,01,B02
200700060338,0,17,000,00,0,0,01,C03
200700060339,0,30,000,00,2,8,01,A01
200700060339,0,07,000,00,2,3,01,B02
200700060340,0,07,000,01,0,1,01,A01
200700060341,0,07,000,03,2,1,01,A01
200700060341,0,07,000,00,2,1,01,B02
200700060342,0,07,000,06,0,3,01,A01
200700060343,0,07,000,00,2,1,01,A01
200700060343,0,30,000,00,2,1,00,B02
200700060344,0,33,000,00,0,7,01,A01
200700060345,0,01,000,00,2,8,01,A01
200700060345,1,17,000,00,9,7,14,B02
200700060346,0,33,000,00,2,8,21,A01
200700060347,0,30,000,13,0,1,01,A01
200700060348,0,07,000,13,0,2,01,A01
200700060349,0,07,000,02,0,1,13,A01
200700060350,0,07,000,13,0,1,02,A01
200700060351,0,07,000,03,0,1,13,A01
200700060352,0,07,000,00,2,2,01,A01
200700060352,0,10,000,00,2,3,15,B02
200700060353,0,07,000,13,0,9,01,A01
200700060354,0,07,000,13,2,2,01,A01
200700060354,0,07,000,08,2,3,01,B02
200700060355,0,07,000,00,2,7,13,A01
200700060355,0,07,000,00,2,1,01,B02
200700060356,0,07,000,00,2,1,02,A01
200700060356,0,07,000,00,2,4,23,B02
200700060356,0,07,000,00,2,1,02,C03
200700060357,0,14,000,00,2,1,01,A01
200700060357,0,17,000,00,2,4,01,B02
200700060357,0,07,000,00,2,4,01,D04
200700060358,0,07,000,00,2,4,01,A01
200700060358,0,07,000,00,2,1,02,B02
200700060358,0,07,000,00,2,3,01,C03
200700060359,0,30,000,00,2,1,15,A01
200700060359,0,07,000,00,2,3,09,B02
200700060360,0,07,000,00,2,8,13,A01
200700060360,0,07,000,00,2,1,01,B02
200700060361,0,07,000,00,9,3,01,A01
200700060361,0,01,000,00,0,4,01,B02
200700060362,0,15,000,00,9,8,19,A01
200700060362,0,01,000,00,2,1,01,B02
200700060363,0,07,000,00,2,3,13,A01
200700060363,0,17,000,00,2,3,01,B02
200700060364,0,07,000,00,2,2,17,A01
200700060364,0,07,000,00,2,8,15,B02
200700060365,0,07,000,00,2,1,13,A01
200700060365,0,07,000,00,2,1,01,B02
200700060366,0,07,000,13,0,1,01,A01
200700060367,0,07,000,00,2,1,02,A01
200700060367,0,07,000,00,0,4,02,B02
200700060368,0,30,000,00,2,2,01,A01
200700060368,0,10,000,00,2,8,15,B02
200700060369,0,07,000,06,0,3,01,A01
200700060370,0,07,000,02,0,1,01,A01
200700060371,0,30,000,13,0,1,01,A01
200700060372,0,07,000,00,2,1,15,A01
200700060372,0,32,000,00,2,1,01,B02
200700060373,0,07,000,00,2,1,15,A01
200700060373,0,07,000,00,2,1,01,B02
200700060374,0,02,000,00,0,0,00,A01
200700060375,0,07,000,00,2,1,01,A01
200700060375,0,07,000,00,2,4,01,B02
200700060376,0,37,000,00,1,1,01,A01
200700060377,0,07,000,00,2,2,21,A01
200700060377,0,07,000,00,2,2,01,B02
200700060378,0,07,000,13,0,1,13,A01
200700060379,0,07,000,00,2,1,02,A01
200700060379,0,07,000,00,2,4,02,B02
200700060380,0,07,000,13,0,9,13,A01
200700060381,0,14,000,07,0,7,01,A01
200700060382,0,07,000,00,2,1,01,A01
200700060382,0,17,000,00,2,5,15,B02
200700060382,0,07,000,00,2,8,01,C03
200700060383,0,33,000,00,2,1,17,A01
200700060383,0,10,000,00,2,6,19,B02
200700060384,0,07,000,13,0,1,01,A01
200700060385,0,07,000,00,2,2,02,A01
200700060385,0,07,000,00,2,5,02,B02
200700060386,0,10,000,00,2,3,13,A01
200700060386,0,07,000,00,2,3,01,B02
200700060387,0,10,000,13,2,3,01,A01
200700060387,0,07,000,00,2,4,15,B02
200700060387,0,07,000,00,2,1,01,C03
200700060388,0,07,000,00,1,2,01,A01
200700060389,0,07,000,00,2,1,01,A01
200700060389,0,07,000,00,2,1,01,B02
200700060390,0,10,000,13,0,1,01,A01
200700060391,0,07,000,10,0,1,01,A01
200700060392,0,32,000,00,2,1,01,A01
200700060392,0,07,000,00,2,8,01,B02
200700060393,0,33,000,00,2,1,01,A01
200700060393,0,07,000,00,2,3,15,B02
200700060394,0,07,000,00,2,1,15,A01
200700060394,0,02,000,00,2,1,01,B02
200700060395,0,07,000,02,0,7,14,A01
200700060396,0,10,000,00,0,8,01,A01
200700060396,0,02,000,00,0,6,01,B02
200700060397,0,31,000,00,0,1,00,A01
200700060398,0,10,000,00,0,5,15,A01
200700060398,0,14,000,00,2,1,01,B02
200700060399,0,21,000,00,0,0,00,A01
200700060400,0,10,000,00,1,1,01,A01
200700060401,0,07,000,00,2,3,01,A01
200700060401,0,07,000,00,2,3,01,B02
200700060402,0,07,000,13,2,1,13,A01
200700060402,0,07,000,13,0,1,01,B02
200700060403,0,07,000,00,1,2,01,A01
200700060404,0,07,000,02,0,1,00,A01
200700060405,0,30,000,01,0,1,01,A01
200700060406,0,07,000,13,0,1,01,A01
200700060407,0,07,000,00,2,7,01,A01
200700060407,0,07,000,00,2,1,01,B02
200700060408,0,07,000,13,0,1,01,A01
200700060409,0,07,000,00,2,1,01,A01
200700060409,0,07,000,00,2,1,01,B02
200700060410,0,07,000,00,1,8,01,A01
200700060411,0,10,000,00,2,3,01,A01
200700060411,0,02,000,00,2,1,01,B02
200700060412,0,15,000,00,2,3,01,B02
200700060412,0,07,000,00,2,2,15,A01
200700060413,0,07,000,02,0,3,01,A01
200700060414,0,07,000,00,2,3,13,A01
200700060414,0,07,000,00,2,3,01,B02
200700060415,0,07,000,02,0,3,01,A01
200700060416,0,07,000,01,0,2,02,A01
200700060417,0,10,000,02,0,1,01,A01
200700060418,0,07,000,00,2,3,01,A01
200700060418,0,10,000,00,2,3,01,B02
200700060419,0,07,000,00,2,2,01,A01
200700060419,0,15,000,00,2,6,00,B02
200700060420,0,10,000,08,0,3,13,A01
200700060421,0,07,000,00,2,2,01,A01
200700060421,0,17,000,00,2,3,01,B02
200700060422,0,07,000,00,2,3,01,A01
200700060422,0,02,000,00,2,6,15,B02
200700060423,0,07,000,00,2,2,17,A01
200700060423,0,07,000,00,2,2,01,B02
200700060424,0,07,000,00,2,7,15,A01
200700060424,0,07,000,00,2,2,01,B02
200700060425,0,07,000,00,2,1,01,A01
200700060425,0,20,000,00,2,1,01,B02
200700060426,0,02,000,00,2,1,02,A01
200700060426,0,07,000,00,0,5,15,B02
200700060427,0,07,000,00,2,3,01,A01
200700060427,0,02,000,00,2,5,15,B02
200700060428,0,07,000,00,0,5,15,A01
200700060428,0,02,000,00,0,1,01,B02
200700060429,0,07,000,03,2,1,13,A01
200700060429,0,07,000,03,2,1,01,B02
200700060430,0,07,000,00,2,1,05,A01
200700060430,0,07,000,00,2,1,01,B02
200700060431,0,07,000,00,2,8,19,B02
200700060431,0,07,000,00,2,1,01,A01
200700060432,0,07,000,02,0,9,00,A01
200700060433,0,33,000,00,2,1,01,B02
200700060433,0,07,000,00,2,2,01,A01
200700060434,0,07,000,16,0,1,01,A01
200700060435,0,07,000,00,2,3,00,A01
200700060435,0,30,000,00,2,1,01,B02
200700060436,0,10,000,00,1,2,02,A01
200700060437,0,07,000,13,0,1,01,A01
200700060438,0,07,000,00,0,0,00,A01
200700060438,0,07,000,00,2,3,01,B02
200700060439,0,07,000,00,2,2,13,A01
200700060439,0,10,000,00,2,2,01,B02
200700060440,0,33,000,00,2,1,01,A01
200700060440,0,33,000,00,2,4,01,B02
200700060441,0,07,000,00,2,7,15,A01
200700060441,0,02,000,00,2,1,01,B02
200700060442,0,07,000,00,2,8,19,A01
200700060442,0,10,000,00,2,1,00,B02
200700060443,0,31,000,00,2,1,13,A01
200700060443,0,07,000,00,2,3,01,B02
200700060444,0,07,000,00,2,3,17,A01
200700060444,0,07,000,00,2,2,01,B02
200700060444,0,15,000,00,2,1,01,C03
200700060444,0,07,000,00,9,3,01,D04
200700060445,0,02,000,00,1,2,01,A01
200700060446,0,07,000,00,0,8,13,A01
200700060447,0,33,000,00,2,1,01,A01
200700060447,0,07,000,00,2,2,06,B02
200700060448,0,21,000,13,0,3,01,A01
200700060449,0,07,000,08,0,0,01,A01
200700060450,0,07,000,00,2,2,15,A01
200700060450,0,02,000,00,2,1,01,B02
200700060451,0,07,000,02,0,8,01,A01
200700060452,0,10,000,06,0,1,13,A01
200700060453,0,07,000,00,2,1,01,A01
200700060453,0,07,000,00,2,8,01,B02
200700060454,0,07,000,00,2,1,13,A01
200700060454,0,15,000,00,2,1,01,B02
200700060455,0,07,000,00,2,2,15,A01
200700060455,0,33,000,00,2,1,01,B02
200700060456,0,07,000,00,1,2,01,A01
200700060457,0,07,000,00,2,3,01,A01
200700060457,0,07,000,00,2,2,01,B02
200700060458,0,02,000,00,2,1,13,A01
200700060458,0,07,000,00,0,4,02,B02
200700060458,0,07,000,00,2,1,01,C03
200700060458,0,07,000,00,2,8,01,D04
200700060459,0,07,000,02,0,1,14,A01
200700060460,0,07,000,00,2,2,01,A01
200700060460,0,14,000,00,2,2,01,B02
200700060461,0,07,000,00,0,0,17,A01
200700060462,0,01,000,00,0,0,01,A01
200700060462,0,07,000,13,0,1,01,B02
200700060463,0,07,000,00,9,2,01,A01
200700060463,0,01,000,00,2,1,15,B02
200700060464,0,07,000,00,2,2,01,A01
200700060464,0,35,000,00,2,3,15,B02
200700060465,0,31,000,00,2,1,13,A01
200700060465,0,07,000,00,2,2,01,B02
200700060466,0,07,000,00,2,3,01,A01
200700060466,0,01,000,00,2,7,01,B02
200700060467,0,30,000,13,0,1,00,A01
200700060468,0,07,000,00,2,1,13,A01
200700060468,0,07,000,00,2,1,01,B02
200700060469,0,02,000,00,2,1,13,A01
200700060469,0,07,000,00,2,1,01,B02
200700060470,0,07,000,00,2,3,13,A01
200700060470,0,07,000,00,2,3,01,B02
200700060471,0,07,000,00,2,2,13,A01
200700060471,0,03,000,00,2,1,01,B02
200700060472,0,07,000,00,2,2,09,A01
200700060472,0,99,000,00,2,3,01,B02
200700060473,0,07,000,00,2,1,11,A01
200700060473,0,07,000,00,2,1,01,B02
200700060474,0,07,000,00,2,2,15,A01
200700060474,0,33,000,00,2,1,01,B02
200700060475,0,34,000,00,2,8,01,A01
200700060475,0,21,000,00,2,8,01,B02
200700060476,0,33,000,00,0,0,01,A01
200700060477,0,10,000,00,2,1,01,A01
200700060477,0,10,000,00,2,1,15,B02
200700060477,0,10,000,00,2,3,23,C03
200700060478,0,07,000,00,2,3,02,A01
200700060478,0,07,000,06,2,1,15,B02
200700060479,0,30,000,00,2,1,01,A01
200700060479,0,07,000,00,2,1,15,B02
200700060480,0,07,000,13,0,0,01,A01
200700060481,0,07,000,00,5,3,01,A01
200700060482,0,33,000,00,0,6,01,A01
200700060483,0,07,000,13,0,2,01,A01
200700060484,0,07,000,00,0,8,15,A01
200700060484,0,33,000,00,2,1,01,B02
200700060485,0,07,000,12,0,1,01,A01
200700060486,0,33,000,00,2,2,01,A01
200700060486,0,07,000,00,2,6,15,B02
200700060487,0,07,000,00,0,7,15,A01
200700060487,0,02,000,00,2,1,01,B02
200700060488,0,07,000,00,2,1,01,A01
200700060488,0,07,000,00,0,8,15,B02
200700060489,0,07,000,10,0,3,01,A01
200700060490,0,07,000,00,0,2,01,B02
200700060490,0,30,000,00,2,1,19,A01
200700060491,0,07,000,13,0,1,01,A01
200700060492,0,33,000,00,2,2,17,A01
200700060492,0,07,000,00,2,3,15,B02
200700060493,0,07,000,00,0,8,15,A01
200700060493,0,33,000,00,2,1,01,B02
200700060494,0,07,000,00,9,7,01,A01
200700060494,0,01,000,00,2,8,16,B02
200700060495,0,30,000,14,2,1,17,A01
200700060495,0,07,000,00,2,3,01,B02
200700060496,0,07,000,13,0,2,01,A01
200700060497,0,07,000,00,2,1,15,A01
200700060497,0,32,000,00,2,1,01,B02
200700060498,0,31,000,00,2,1,01,A01
200700060498,0,07,000,00,2,1,19,B02
200700060499,0,33,000,07,0,1,01,A01
200700060500,0,07,000,00,2,3,09,A01
200700060500,0,07,000,00,2,7,01,B02
200700060500,0,07,000,00,2,1,01,C03
200700060500,0,07,000,00,2,3,01,D04
200700060501,0,07,000,00,2,5,15,A01
200700060501,0,33,000,00,2,1,13,B02
200700060502,0,10,000,00,2,7,15,A01
200700060502,0,30,000,00,2,1,02,B02
200700060503,0,07,000,00,9,1,15,A01
200700060503,0,30,000,00,2,1,01,B02
200700060504,0,10,000,11,0,3,01,A01
200700060505,0,07,000,13,0,1,01,A01
200700060506,0,30,000,00,0,8,01,A01
200700060507,0,07,000,02,0,1,01,A01
200700060508,0,07,000,02,0,3,01,A01
200700060509,0,07,000,00,0,1,21,A01
200700060510,0,07,000,00,2,3,17,A01
200700060510,0,10,000,00,2,3,01,B02
200700060510,0,38,000,00,2,8,01,C03
200700060511,0,07,000,00,2,1,15,A01
200700060511,0,30,000,00,2,1,01,B02
200700060512,0,02,000,00,2,1,19,A01
200700060512,0,10,000,00,2,3,01,B02
200700060513,0,07,000,13,0,7,01,A01
200700060514,0,07,000,06,0,2,01,A01
200700060515,0,33,000,00,0,0,01,A01
200700060516,0,07,000,00,2,8,15,A01
200700060516,0,02,000,00,2,2,17,B02
200700060517,0,02,000,00,2,1,01,A01
200700060517,0,10,000,00,2,1,01,B02
200700060518,0,07,000,00,2,1,01,A01
200700060518,0,07,000,00,2,4,01,B02
200700060519,0,07,000,00,2,3,19,A01
200700060519,0,01,000,00,2,1,01,B02
200700060520,0,07,000,00,2,8,15,B02
200700060520,0,07,000,00,2,3,01,A01
200700060521,0,07,000,00,1,1,01,A01
200700060522,0,07,000,00,1,3,01,A01
200700060523,0,07,000,00,2,1,15,B02
200700060523,0,01,000,00,2,7,01,A01
200700060524,0,07,000,00,1,4,20,A01
200700060525,0,07,000,00,0,3,01,A01
200700060526,0,07,000,02,0,2,00,A01
200700060527,0,07,000,00,2,2,15,A01
200700060527,0,02,000,00,2,1,01,B02
200700060528,0,14,000,03,0,1,02,A01
200700060529,0,07,000,00,2,2,15,A01
200700060529,0,33,000,00,2,1,01,B02
200700060530,0,07,000,08,0,5,01,A01
200700060531,0,07,000,00,2,2,19,A01
200700060531,0,31,000,00,2,8,01,B02
200700060532,0,07,000,00,2,3,20,A01
200700060532,0,30,000,00,2,1,01,B02
200700060533,0,07,000,13,0,9,01,A01
200700060534,0,07,000,13,2,1,13,A01
200700060534,0,07,000,00,2,6,01,B02
200700060535,0,07,000,16,0,7,01,A01
200700060536,0,07,000,00,2,3,13,A01
200700060536,0,14,000,00,2,3,01,B02
200700060537,0,07,000,00,2,3,13,A01
200700060537,0,07,000,00,2,3,01,B02
200700060538,0,14,000,02,0,7,01,A01
200700060539,0,07,000,00,0,9,01,A01
200700060540,0,33,000,00,2,1,01,A01
200700060540,0,07,000,00,2,3,15,B02
200700060541,0,07,000,02,0,2,01,A01
200700060542,0,07,000,02,0,2,01,A01
200700060543,0,15,000,00,2,3,01,A01
200700060543,0,07,000,13,2,8,15,B02
200700060544,0,07,000,00,2,2,01,A01
200700060544,0,30,000,00,2,1,15,B02
200700060545,0,07,000,00,2,1,05,A01
200700060545,0,07,000,00,2,1,01,B02
200700060546,0,33,000,00,6,1,01,A01
200700060547,0,07,000,02,6,1,01,A01
200700060548,0,33,000,00,2,1,17,A01
200700060548,0,10,000,00,0,8,15,B02
200700060549,0,15,000,00,2,3,13,A01
200700060549,0,15,000,00,2,8,01,B02
200700060550,0,07,000,00,2,2,01,A01
200700060550,0,07,000,00,2,2,13,B02
200700060551,0,30,000,00,0,0,01,A01
200700060552,0,07,000,02,0,1,00,A01
200700060553,0,07,000,00,1,8,13,A01
200700060553,0,30,000,00,2,1,01,B02
200700060554,0,33,000,13,0,1,16,A01
200700060555,0,07,000,00,0,6,16,A01
200700060555,0,02,000,00,0,3,16,B02
200700060556,0,07,000,08,0,3,01,A01
200700060557,0,17,000,02,0,1,01,A01
200700060558,0,07,000,00,2,7,01,A01
200700060558,0,07,000,00,2,2,01,B02
200700060559,0,02,000,00,2,1,00,A01
200700060559,0,07,000,00,2,3,00,B02
200700060560,0,10,000,02,0,1,01,A01
200700060561,0,07,000,10,0,1,21,A01
200700060562,0,07,000,02,0,1,01,A01
200700060563,0,07,000,06,0,2,16,A01
200700060563,0,01,000,00,2,1,15,B02
200700060564,0,07,000,08,0,2,14,A01
200700060565,0,07,000,00,2,3,19,B02
200700060565,0,07,000,00,2,1,01,A01
200700060566,0,07,000,02,2,4,02,A01
200700060566,0,07,000,00,2,5,15,B02
200700060567,0,07,000,00,2,7,15,A01
200700060567,0,07,000,00,2,1,01,B02
200700060568,0,07,000,00,2,1,11,A01
200700060568,0,07,000,00,2,1,00,B02
200700060569,0,37,000,00,1,5,04,A01
200700060570,0,07,000,02,0,3,01,A01
200700060571,0,07,000,00,1,2,01,A01
200700060572,0,33,000,03,0,3,15,A01
200700060573,0,07,000,02,0,8,01,A01
200700060574,0,07,000,08,0,1,01,A01
200700060574,0,07,000,08,0,3,01,B02
200700060574,0,07,000,08,0,3,01,C03
200700060575,0,07,000,00,0,2,01,A01
200700060576,0,07,000,00,2,3,01,A01
200700060576,0,07,000,00,2,2,01,B02
200700060577,0,14,000,00,1,7,01,A01
200700060578,0,07,000,02,0,8,01,A01
200700060579,0,07,000,13,0,3,01,A01
200700060580,0,07,000,00,2,2,01,A01
200700060580,0,99,000,00,2,6,15,B02
200700060581,0,07,000,08,0,1,01,A01
200700060582,0,07,000,02,0,2,01,A01
200700060583,0,07,000,00,1,3,01,A01
200700060584,0,33,000,00,2,1,17,A01
200700060584,0,10,000,00,0,8,17,B02
200700060585,0,10,000,00,1,4,04,A01
200700060586,0,33,000,00,2,8,13,A01
200700060586,0,07,000,00,2,3,01,B02
200700060587,0,34,000,00,0,4,02,A01
200700060587,0,07,000,00,0,1,02,B02
200700060588,0,07,000,00,2,3,01,A01
200700060588,0,07,000,06,0,5,01,B02
200700060589,0,33,000,00,1,1,17,A01
200700060590,0,30,000,00,2,1,09,A01
200700060590,0,07,000,00,2,8,01,B02
200700060591,0,07,000,02,0,3,01,A01
200700060591,0,01,000,02,0,6,19,B02
200700060592,0,07,000,00,1,2,01,A01
200700060593,2,07,000,00,0,3,15,A01
200700060593,0,02,000,00,0,1,01,B02
200700060594,0,33,000,00,2,1,17,A01
200700060594,0,07,000,00,2,3,00,B02
200700060595,0,07,000,02,0,1,01,A01
200700060596,0,07,000,00,2,3,17,A01
200700060596,0,07,000,00,2,1,20,B02
200700060597,0,07,000,16,0,9,01,A01
200700060598,0,02,000,08,0,0,01,A01
200700060599,0,07,000,00,0,8,15,A01
200700060599,0,02,000,00,0,1,17,B02
200700060600,0,07,000,00,2,3,13,A01
200700060600,0,15,000,00,2,3,01,B02
200700060600,0,07,000,00,0,4,21,C03
200700060600,0,07,000,00,0,4,21,D04
200700060600,0,07,000,00,2,1,21,E05
200700060601,0,31,000,00,2,1,17,A01
200700060601,0,07,000,00,2,6,19,B02
200700060602,0,07,000,06,0,1,19,A01
200700060603,0,07,000,00,2,0,00,A01
200700060603,0,02,000,00,2,0,00,B02
200700060604,0,07,000,00,0,4,23,A01
200700060604,0,07,000,00,0,4,23,B02
200700060604,0,07,000,14,0,1,02,C03
200700060605,0,33,000,05,0,0,13,A01
200700060606,0,30,000,06,0,1,01,A01
200700060607,0,10,000,02,0,1,01,A01
200700060608,0,30,000,00,0,2,02,A01
200700060609,0,33,000,00,2,7,17,A01
200700060609,0,07,000,00,2,1,15,B02
200700060610,0,02,000,00,2,9,00,A01
200700060610,0,07,000,00,2,8,00,B02
200700060611,0,07,000,00,1,8,00,A01
200700060612,0,30,000,00,2,3,13,A01
200700060612,0,07,000,00,2,3,01,B02
200700060613,0,07,000,00,2,2,16,A01
200700060613,0,30,000,00,2,1,01,B02
200700060614,0,30,000,00,2,7,16,A01
200700060614,0,10,000,00,2,1,01,B02
200700060615,0,10,000,00,2,3,01,A01
200700060615,0,07,000,00,2,3,01,B02
200700060616,0,02,000,00,2,1,01,A01
200700060616,0,07,000,00,2,6,02,B02
200700060617,0,07,000,13,0,9,21,A01
200700060618,0,07,000,00,2,2,17,A01
200700060618,0,02,000,00,2,8,15,B02
200700060619,0,07,000,06,0,1,14,A01
200700060620,0,07,000,00,2,2,15,A01
200700060620,0,30,000,00,2,1,01,B02
200700060621,0,07,000,08,0,8,01,A01
200700060622,0,07,000,00,1,1,01,A01
200700060623,1,07,000,00,1,0,01,A01
200700060624,0,07,000,00,1,2,14,A01
200700060625,0,02,000,00,0,0,01,A01
200700060626,0,33,000,00,2,1,01,A01
200700060626,0,07,000,00,2,1,01,B02
200700060627,0,07,000,00,2,1,02,A01
200700060627,0,10,000,00,0,4,15,B02
200700060627,0,07,000,00,2,3,00,C03
200700060628,0,07,000,00,0,1,00,A01
200700060628,0,07,000,00,9,8,01,B02
200700060628,0,21,000,00,2,3,01,C03
200700060629,0,17,000,00,2,1,01,A01
200700060629,0,07,000,00,0,8,19,C03