Num_Acc,senc,catv,occutc,obs,obsm,choc,manv,num_veh
200700060630,0,07,000,00,2,3,17,A01
200700060630,0,07,000,00,2,3,01,B02
200700060631,0,07,000,00,1,2,01,A01
200700060632,0,10,000,03,2,7,01,A01
200700060632,0,07,000,03,2,8,01,B02
200700060632,0,10,000,00,0,0,01,C03
200700060633,0,07,000,00,2,3,15,A01
200700060633,0,30,000,00,2,3,01,B02
200700060634,0,07,000,13,0,2,00,A01
200700060635,0,30,000,00,2,1,13,A01
200700060636,0,07,000,11,2,1,16,A01
200700060636,0,07,000,00,2,1,01,B02
200700060637,2,07,000,00,2,3,20,A01
200700060637,0,30,000,00,2,2,01,B02
200700060638,0,07,000,02,0,8,17,A01
200700060639,0,14,000,01,9,1,00,A01
200700060639,0,07,000,01,0,1,01,B02
200700060640,0,30,000,00,0,8,01,A01
200700060640,0,07,000,00,0,7,16,B02
200700060641,0,07,000,00,2,2,17,A01
200700060641,0,30,000,00,2,3,15,B02
200700060642,0,07,000,02,0,3,01,A01
200700060643,0,07,000,00,0,3,19,A01
200700060643,0,02,000,00,2,1,01,B02
200700060644,0,07,000,00,2,1,15,A01
200700060644,0,02,000,00,2,1,01,B02
200700060645,1,07,000,00,2,3,05,A01
200700060645,0,30,000,00,2,1,01,B02
200700060646,0,07,000,01,0,1,01,A01
200700060646,2,07,000,00,2,8,23,B02
200700060647,0,07,000,00,2,3,01,A01
200700060647,0,07,000,00,2,1,19,B02
200700060648,0,07,000,00,2,2,02,A01
200700060648,0,01,000,00,2,3,02,B02
200700060649,0,07,000,00,2,2,02,A01
200700060649,0,32,000,00,2,7,17,B02
200700060650,0,07,000,00,2,2,11,A01
200700060650,0,33,000,00,2,1,01,B02
200700060651,0,07,000,00,2,3,01,A01
200700060651,0,07,000,00,2,3,01,B02
200700060652,0,07,000,00,2,1,05,A01
200700060652,0,07,000,00,2,1,01,B02
200700060653,0,31,000,00,0,1,17,A01
200700060654,0,02,000,00,0,0,01,A01
200700060655,0,33,000,00,2,1,02,A01
200700060655,0,07,000,00,2,5,15,B02
200700060656,0,15,000,04,0,3,01,A01
200700060657,0,07,000,00,2,3,01,A01
200700060657,0,02,000,00,2,1,13,B02
200700060658,0,07,000,02,0,4,00,A01
200700060659,0,10,000,04,0,2,01,A01
200700060660,0,33,000,03,6,1,01,A01
200700060661,0,07,000,13,0,3,01,A01
200700060662,0,07,000,02,0,3,13,A01
200700060663,0,07,000,02,0,3,13,A01
200700060664,0,02,000,00,2,1,17,A01
200700060664,0,07,000,00,2,1,01,B02
200700060665,0,07,000,00,2,3,09,A01
200700060665,0,30,000,00,2,1,01,B02
200700060666,0,07,000,00,2,1,15,A01
200700060666,0,07,000,00,2,6,01,B02
200700060667,0,07,000,13,0,2,13,A01
200700060668,0,07,000,00,2,1,00,A01
200700060668,0,07,000,00,2,3,00,B02
200700060669,0,33,000,13,0,1,01,A01
200700060670,0,07,000,00,2,3,10,A01
200700060670,0,07,000,00,2,2,02,B02
200700060671,0,07,000,00,0,1,01,A01
200700060671,0,07,000,00,0,8,19,B02
200700060672,0,07,000,00,0,9,13,A01
200700060673,0,07,000,00,2,2,01,A01
200700060673,0,07,000,00,2,1,19,B02
200700060674,0,15,000,08,0,8,16,A01
200700060675,0,21,000,00,2,1,01,A01
200700060675,0,07,000,00,2,1,01,B02
200700060676,0,07,000,00,2,1,13,A01
200700060676,0,07,000,00,2,1,01,B02
200700060677,0,07,000,00,2,1,01,A01
200700060677,0,10,000,00,2,1,13,B02
200700060678,0,30,000,00,2,1,01,A01
200700060678,0,07,000,00,2,2,00,B02
200700060679,0,07,000,02,0,8,01,A01
200700060680,0,07,000,00,1,2,01,A01
200700060681,0,07,000,00,2,1,13,A01
200700060681,0,10,000,00,2,3,01,B02
200700060682,0,07,000,00,1,3,15,A01
200700060683,0,17,000,00,0,1,01,A01
200700060683,0,07,000,00,0,2,15,B02
200700060684,0,07,000,00,1,1,19,A01
200700060684,0,10,000,00,2,6,01,B02
200700060685,0,07,000,00,2,5,15,A01
200700060685,0,01,000,00,2,1,18,B02
200700060686,0,37,000,00,2,3,13,A01
200700060686,0,30,000,00,2,1,01,B02
200700060687,0,07,000,00,1,1,02,A01
200700060688,0,30,000,11,0,2,01,A01
200700060689,0,30,000,12,0,3,01,A01
200700060690,0,07,000,15,1,2,01,A01
200700060691,0,07,000,00,1,2,01,A01
200700060692,0,07,000,00,1,1,01,A01
200700060693,0,07,000,00,1,4,23,A01
200700060693,0,10,000,00,2,1,02,B02
200700060694,0,31,000,00,2,1,01,A01
200700060694,0,07,000,00,2,3,19,B02
200700060695,0,07,000,00,2,2,01,A01
200700060695,0,07,000,00,0,6,09,B02
200700060696,0,07,000,00,1,4,21,A01
200700060697,0,07,000,00,0,1,00,A01
200700060697,0,31,000,00,2,7,01,B02
200700060698,0,07,000,00,0,8,13,A01
200700060699,0,07,000,00,1,1,01,A01
200700060700,0,07,000,00,9,1,01,A01
200700060700,0,01,000,00,2,7,01,B02
200700060701,0,07,000,16,0,9,01,A01
200700060702,0,33,000,00,2,1,01,A01
200700060702,0,07,000,00,2,1,15,B02
200700060703,0,07,000,06,2,3,19,A01
200700060703,0,07,000,00,2,1,01,B02
200700060704,0,07,000,00,1,4,04,A01
200700060705,0,30,000,00,1,2,01,A01
200700060706,0,21,000,00,2,3,01,A01
200700060706,0,31,000,00,2,1,13,B02
200700060707,0,07,000,00,2,3,13,A01
200700060707,0,07,000,00,2,3,01,B02
200700060708,0,07,000,00,2,6,01,A01
200700060708,0,07,000,00,2,1,01,B02
200700060709,0,07,000,00,2,1,13,A01
200700060709,0,10,000,00,2,3,01,B02
200700060710,0,07,000,06,2,8,15,A01
200700060710,0,14,000,00,2,3,01,B02
200700060711,0,33,000,12,0,7,21,A01
200700060711,0,21,000,00,0,0,15,B02
200700060712,0,07,000,09,0,1,01,A01
200700060713,0,07,000,00,2,3,02,A01
200700060713,0,07,000,00,2,1,15,B02
200700060713,0,07,000,00,2,3,01,C03
200700060714,0,31,000,12,0,7,16,A01
200700060715,0,07,000,00,2,1,01,B02
200700060715,0,07,000,00,2,7,19,A01
200700060716,0,07,000,00,2,3,15,A01
200700060716,0,02,000,00,2,3,01,B02
200700060717,0,33,000,13,0,1,00,A01
200700060718,0,01,000,00,2,7,19,A01
200700060718,0,07,000,00,2,2,00,B02
200700060719,0,07,000,00,2,3,01,A01
200700060719,0,33,000,00,2,3,13,B02
200700060720,0,07,000,00,2,1,13,A01
200700060720,0,07,000,00,2,1,01,B02
200700060721,0,07,000,00,0,1,13,A01
200700060722,0,10,000,00,2,8,15,A01
200700060722,0,33,000,00,2,7,17,B02
200700060723,0,07,000,00,2,7,01,A01
200700060723,0,02,000,00,2,1,19,B02
200700060724,0,02,000,00,2,1,01,A01
200700060724,0,10,000,00,2,8,01,B02
200700060725,0,07,000,00,1,1,01,A01
200700060726,0,07,000,00,2,1,02,A01
200700060726,0,07,000,00,0,4,02,B02
200700060727,0,07,000,13,0,3,01,A01
200700060728,0,02,000,00,0,0,01,A01
200700060729,0,07,000,00,2,3,01,A01
200700060729,0,07,000,00,2,3,01,B02
200700060730,0,07,000,00,1,1,20,A01
200700060731,0,33,000,00,2,2,01,A01
200700060731,0,07,000,00,2,3,15,B02
200700060732,0,07,000,13,0,1,13,A01
200700060733,0,07,000,00,0,9,13,A01
200700060734,0,33,000,00,6,1,01,A01
200700060735,0,07,000,13,0,5,01,A01
200700060736,0,14,000,00,2,2,15,A01
200700060736,0,30,000,00,2,1,01,B02
200700060737,0,01,000,14,0,1,01,A01
200700060738,0,07,000,00,2,7,15,A01
200700060738,0,31,000,00,2,1,01,B02
200700060739,0,07,000,00,2,3,01,A01
200700060739,0,07,000,00,2,3,01,B02
200700060740,0,31,000,00,2,1,05,A01
200700060740,0,10,000,00,2,3,00,B02
200700060741,0,07,000,00,2,8,19,A01
200700060741,0,07,000,00,2,1,01,B02
200700060742,0,33,000,04,0,8,11,A01
200700060743,0,10,000,00,2,1,05,A01
200700060743,0,07,000,00,2,1,01,B02
200700060744,0,07,000,02,0,3,01,A01
200700060745,0,07,000,00,2,2,21,A01
200700060745,0,07,000,00,2,3,01,B02
200700060746,0,33,000,08,0,1,01,A01
200700060747,0,07,000,00,2,7,01,A01
200700060747,0,07,000,00,2,2,19,B02
200700060748,0,07,000,00,9,2,15,A01
200700060748,0,01,000,00,2,1,01,B02
200700060749,0,07,000,12,0,2,14,A01
200700060750,0,07,000,00,0,9,17,A01
200700060751,0,30,000,00,2,1,13,A01
200700060751,0,07,000,00,2,3,01,B02
200700060752,0,07,000,00,2,1,15,A01
200700060752,0,31,000,00,2,1,01,B02
200700060753,0,07,000,00,2,1,01,A01
200700060753,0,07,000,00,2,1,13,B02
200700060754,0,33,000,00,0,0,01,A01
200700060755,0,07,000,00,2,3,02,A01
200700060755,0,07,000,00,2,1,13,B02
200700060755,0,10,000,00,2,1,01,C03
200700060756,0,07,000,00,2,1,01,A01
200700060756,0,01,000,00,2,4,01,B02
200700060757,0,07,000,08,0,1,17,A01
200700060758,0,07,000,09,2,1,01,A01
200700060758,0,07,000,00,2,8,01,B02
200700060758,0,07,000,00,2,5,23,C03
200700060759,0,10,000,00,2,1,15,A01
200700060759,0,07,000,00,2,1,01,B02
200700060760,0,07,000,06,0,5,01,A01
200700060761,0,07,000,00,2,2,05,A01
200700060761,0,33,000,00,2,8,01,B02
200700060762,0,07,000,00,2,3,01,A01
200700060762,0,01,000,00,2,4,13,B02
200700060763,0,07,000,00,2,3,13,A01
200700060763,0,10,000,00,2,2,01,B02
200700060764,0,07,000,00,2,2,13,A01
200700060764,0,07,000,00,2,2,01,B02
200700060765,0,37,000,00,2,3,01,A01
200700060765,0,07,000,00,2,8,15,B02
200700060766,0,07,000,00,2,6,15,A01
200700060766,0,32,000,00,2,2,17,B02
200700060767,0,07,000,00,2,3,05,A01
200700060767,0,17,000,00,2,3,06,B02
200700060767,0,07,000,00,2,3,24,C03
200700060768,0,07,000,00,2,1,01,A01
200700060768,0,07,000,00,2,3,01,B02
200700060769,0,07,000,06,0,2,01,A01
200700060770,0,07,000,00,2,1,05,A01
200700060770,0,07,000,00,2,1,01,B02
200700060771,0,07,000,02,0,1,19,A01
200700060772,0,07,000,01,0,1,01,A01
200700060773,0,30,000,00,2,1,01,B02
200700060773,0,07,000,00,2,5,19,A01
200700060774,0,07,000,04,0,1,01,A01
200700060775,0,07,000,00,2,1,17,A01
200700060775,0,07,000,03,2,1,01,B02
200700060776,0,33,000,00,0,0,01,A01
200700060777,0,07,000,13,0,1,01,A01
200700060778,0,07,000,00,2,3,13,A01
200700060778,0,07,000,00,2,3,01,B02
200700060779,0,07,000,02,0,8,01,A01
200700060780,0,07,000,00,1,2,01,A01
200700060781,0,33,000,07,0,1,01,A01
200700060782,0,07,000,00,2,2,15,A01
200700060782,0,07,000,00,2,1,01,B02
200700060783,0,10,000,00,2,8,19,A01
200700060783,0,07,000,00,2,1,01,B02
200700060784,0,07,000,00,2,1,13,A01
200700060784,0,07,000,00,2,1,01,B02
200700060785,0,02,000,00,0,7,01,A01
200700060786,0,07,000,02,0,5,14,A01
200700060787,0,33,000,07,0,3,01,A01
200700060788,0,07,000,13,0,2,01,A01
200700060789,0,07,000,00,2,2,01,A01
200700060789,0,07,000,00,2,3,09,B02
200700060790,0,07,000,13,0,1,15,A01
200700060791,0,99,000,13,0,1,14,A01
200700060792,0,07,000,00,2,1,15,A01
200700060792,0,31,000,00,2,1,01,B02
200700060793,0,07,000,02,0,1,01,A01
200700060794,0,10,000,00,2,3,13,A01
200700060794,0,17,000,00,2,3,01,B02
200700060795,0,30,000,08,0,1,01,A01
200700060796,0,07,000,00,0,1,01,A01
200700060797,0,99,000,00,0,9,01,A01
200700060798,0,07,000,02,0,0,01,A01
200700060799,0,07,000,00,0,1,01,A01
200700060800,0,07,000,00,2,1,13,A01
200700060800,0,07,000,00,2,1,00,B02
200700060801,0,07,000,00,0,2,01,A01
200700060801,0,31,000,00,0,7,01,B02
200700060802,0,07,000,13,0,3,01,A01
200700060803,0,36,000,00,0,0,15,A01
200700060804,0,03,000,00,0,5,09,A01
200700060804,0,33,000,00,2,1,02,B02
200700060805,0,07,000,12,0,1,01,A01
200700060806,0,10,000,00,2,3,15,A01
200700060806,0,14,000,00,2,1,01,B02
200700060807,0,33,000,03,0,1,01,A01
200700060808,0,02,000,00,2,1,13,A01
200700060808,0,07,000,00,2,3,01,B02
200700060809,0,07,000,00,2,3,17,A01
200700060809,0,07,000,00,2,3,01,B02
200700060810,0,07,000,00,9,2,02,A01
200700060810,0,01,000,00,0,4,15,B02
200700060811,0,07,000,00,2,7,01,A01
200700060811,0,01,000,00,2,8,02,B02
200700060812,0,07,000,13,0,7,01,A01
200700060813,0,07,000,00,2,5,15,A01
200700060813,0,33,000,00,2,1,01,B02
200700060814,0,10,000,00,1,2,01,A01
200700060815,0,33,000,00,1,1,13,A01
200700060815,0,07,000,00,2,2,23,B02
200700060816,0,07,000,06,0,9,01,A01
200700060817,0,07,000,00,2,6,01,A01
200700060817,0,07,000,00,2,3,01,B02
200700060818,0,14,000,00,2,2,19,A01
200700060818,0,07,000,00,2,1,01,B02
200700060819,0,10,000,02,0,1,14,A01
200700060820,0,07,000,00,2,3,15,A01
200700060820,0,07,000,00,2,3,01,B02
200700060821,0,07,000,00,2,3,09,A01
200700060821,0,02,000,00,2,8,01,B02
200700060822,0,07,000,00,2,2,15,A01
200700060822,0,07,000,00,2,1,01,B02
200700060823,0,07,000,13,0,9,01,A01
200700060824,0,07,000,00,1,1,01,A01
200700060825,0,02,000,00,0,0,01,A01
200700060826,0,07,000,00,2,3,19,A01
200700060826,0,02,000,00,2,1,01,B02
200700060827,0,07,000,00,2,1,19,A01
200700060827,0,07,000,00,2,7,01,B02
200700060828,0,07,000,00,2,3,01,A01
200700060828,0,07,000,00,2,3,01,B02
200700060829,0,07,000,13,0,1,01,A01
200700060830,0,07,000,00,2,3,13,A01
200700060830,0,07,000,00,2,3,01,B02
200700060831,0,07,000,00,2,1,02,A01
200700060831,0,07,000,00,9,4,02,B02
200700060832,0,14,000,16,2,2,06,A01
200700060832,0,07,000,16,2,1,01,B02
200700060833,0,07,000,00,2,1,19,A01
200700060833,0,33,000,00,2,1,01,B02
200700060834,0,33,000,00,2,1,17,A01
200700060834,0,07,000,00,2,4,01,B02
200700060835,0,10,000,01,0,6,24,A01
200700060835,0,21,000,15,0,2,02,B02
200700060836,0,33,000,00,2,1,17,A01
200700060836,0,07,000,00,2,1,01,B02
200700060836,0,10,000,00,2,8,01,C03
200700060836,0,07,000,09,0,1,01,D04
200700060837,0,07,000,00,2,2,02,A01
200700060837,0,02,000,00,2,4,02,B02
200700060838,0,02,000,00,2,1,01,A01
200700060838,0,07,000,00,2,3,19,B02
200700060839,0,07,000,00,1,2,01,A01
200700060840,0,07,000,00,1,3,17,A01
200700060841,0,07,000,00,2,1,23,C03
200700060841,0,07,000,00,2,2,15,A01
200700060841,0,07,000,00,2,1,01,B02
200700060842,0,33,000,01,0,1,17,A01
200700060843,0,07,000,00,2,3,13,A01
200700060843,0,07,000,00,2,3,01,B02
200700060843,0,07,000,06,2,1,01,C03
200700060844,0,07,000,06,0,2,01,A01
200700060845,0,37,000,00,1,3,01,A01
200700060846,0,10,000,16,0,0,00,A01
200700060847,0,07,000,16,0,9,21,A01
200700060847,0,07,000,00,0,0,00,B02
200700060848,0,07,000,16,6,9,21,A01
200700060849,0,30,000,00,1,1,01,A01
200700060850,0,07,000,00,2,7,13,A01
200700060850,0,07,000,00,2,1,01,B02
200700060851,0,15,000,00,2,2,02,A01
200700060851,0,01,000,00,0,4,02,B02
200700060852,0,36,000,10,0,9,01,A01
200700060853,0,07,000,00,1,0,10,A01
200700060854,0,10,000,02,0,2,01,A01
200700060855,0,07,000,00,0,2,15,B02
200700060855,0,07,000,00,0,1,01,A01
200700060856,0,07,000,00,2,1,01,A01
200700060856,0,07,000,00,0,4,15,B02
200700060857,0,07,000,00,2,2,21,A01
200700060857,0,07,000,00,2,3,01,B02
200700060857,0,07,000,00,2,6,01,C03
200700060858,0,30,000,00,2,1,01,A01
200700060858,0,21,000,00,0,6,01,B02
200700060859,0,07,000,06,2,2,01,A01
200700060859,0,02,000,00,2,1,01,B02
200700060860,0,07,000,00,2,3,09,A01
200700060860,0,02,000,00,2,1,01,B02
200700060861,0,03,000,00,2,1,13,A01
200700060861,0,15,000,00,2,1,01,B02
200700060862,0,02,000,06,2,2,17,A01
200700060862,0,07,000,00,2,8,15,B02
200700060863,0,02,000,00,2,1,01,A01
200700060863,0,07,000,00,2,3,23,B02
200700060863,0,07,000,00,2,3,23,C03
200700060864,0,07,000,00,2,6,11,A01
200700060864,0,33,000,00,2,1,11,B02
200700060865,0,07,000,00,2,1,01,A01
200700060865,0,07,000,00,2,3,01,B02
200700060866,0,07,000,02,0,3,16,A01
200700060867,0,07,000,02,0,1,01,A01
200700060868,0,07,000,02,0,1,14,A01
200700060869,0,07,000,03,0,3,14,A01
200700060870,0,33,000,08,0,7,01,A01
200700060871,0,10,000,00,1,2,00,A01
200700060872,0,07,000,00,2,3,17,A01
200700060872,0,07,000,00,2,3,01,B02
200700060873,0,33,000,00,2,1,01,A01
200700060873,0,99,000,00,2,1,15,B02
200700060874,0,07,000,00,1,2,01,A01
200700060875,0,33,000,00,0,3,09,A01
200700060876,0,14,000,00,1,3,01,A01
200700060877,0,07,000,00,2,3,13,A01
200700060877,0,07,000,00,2,1,01,B02
200700060878,0,10,000,00,2,1,02,A01
200700060878,0,07,000,00,2,4,02,B02
200700060878,0,07,000,00,0,4,02,C03
200700060879,0,07,000,00,2,2,01,A01
200700060879,0,07,000,00,2,1,01,B02
200700060880,0,33,000,00,2,1,17,A01
200700060880,0,10,000,00,2,5,15,B02
200700060881,0,30,000,00,6,1,00,A01
200700060882,0,33,000,16,0,0,01,A01
200700060883,0,07,000,00,2,3,13,A01
200700060883,0,07,000,00,2,1,01,B02
200700060884,0,07,000,13,0,1,01,A01
200700060885,0,07,000,00,2,3,13,A01
200700060885,0,07,000,00,2,3,01,B02
200700060886,0,07,000,13,0,9,01,A01
200700060887,0,07,000,00,2,3,15,A01
200700060887,0,02,000,00,2,1,01,B02
200700060888,0,17,000,00,0,6,23,A01
200700060888,0,07,000,00,2,1,02,B02
200700060889,0,10,000,02,0,9,13,A01
200700060890,0,07,000,00,2,3,05,A01
200700060890,0,07,000,00,2,3,17,B02
200700060891,0,33,000,02,0,1,01,A01
200700060892,0,10,000,00,2,2,19,A01
200700060892,0,33,000,00,2,7,21,B02
200700060893,0,07,000,00,0,7,23,A01
200700060893,0,10,000,14,0,1,01,B02
200700060894,0,33,000,00,2,0,17,A01
200700060894,0,07,000,00,2,3,02,B02
200700060895,0,02,000,00,2,0,14,A01
200700060896,0,33,000,12,0,1,14,A01
200700060897,0,33,000,00,2,1,13,A01
200700060897,0,10,000,00,2,8,01,B02
200700060898,0,10,000,02,2,7,21,A01
200700060899,0,07,000,02,0,2,00,A01
200700060900,0,03,000,00,2,6,01,A01
200700060900,0,02,000,01,0,1,01,B02
200700060901,0,07,000,00,2,1,19,A01
200700060901,0,33,000,00,2,7,01,B02
200700060902,0,15,000,00,2,5,01,A01
200700060902,0,01,000,00,2,8,01,B02
200700060903,0,07,000,00,2,1,01,A01
200700060903,0,07,000,00,2,1,01,B02
200700060904,0,07,000,00,2,3,17,A01
200700060904,0,07,000,00,2,3,01,B02
200700060904,0,07,000,14,0,1,02,C03
200700060904,0,07,000,00,2,1,21,D04
200700060905,0,33,000,02,0,1,01,A01
200700060906,0,07,000,02,0,7,21,A01
200700060907,0,33,000,00,0,0,01,A01
200700060908,0,07,000,13,0,1,14,A01
200700060909,0,07,000,00,1,2,01,A01
200700060910,0,07,000,00,2,1,17,A01
200700060910,0,07,000,00,2,1,01,B02
200700060911,0,07,000,00,0,0,00,A01
200700060911,0,07,000,02,2,3,01,B02
200700060912,0,07,000,00,2,3,13,A01
200700060912,0,07,000,02,2,1,01,B02
200700060913,0,07,000,13,0,1,01,A01
200700060914,0,07,000,00,9,7,17,A01
200700060914,0,01,000,00,2,6,01,B02
200700060915,0,02,000,00,0,7,01,A01
200700060916,0,07,000,00,2,1,01,A01
200700060916,0,01,000,00,2,7,01,B02
200700060917,0,07,000,02,0,2,14,A01
200700060918,0,21,000,00,2,5,15,A01
200700060918,0,07,000,00,2,1,01,B02
200700060919,0,07,000,09,0,1,19,A01
200700060920,0,07,000,00,2,1,16,A01
200700060920,0,30,000,00,0,8,01,B02
200700060921,0,03,000,02,0,1,01,A01
200700060922,0,07,000,00,2,2,02,A01
200700060922,0,31,000,00,2,8,03,B02
200700060923,0,30,000,00,2,1,01,A01
200700060923,0,07,000,00,2,4,01,B02
200700060924,0,07,000,00,2,1,01,A01
200700060924,0,07,000,00,2,2,19,B02
200700060925,0,10,000,00,2,3,01,A01
200700060925,0,02,000,00,2,1,13,B02
200700060926,0,07,000,00,2,1,01,A01
200700060926,0,33,000,00,2,1,17,B02
200700060927,0,33,000,00,2,1,01,A01
200700060927,0,33,000,00,2,1,01,B02
200700060928,0,07,000,00,2,8,17,A01
200700060928,0,10,000,00,2,6,15,B02
200700060928,0,07,000,00,2,1,01,C03
200700060929,0,07,000,00,2,1,01,A01
200700060929,0,07,000,00,2,5,06,B02
200700060930,0,07,000,00,2,1,13,A01
200700060930,0,07,000,00,2,3,01,B02
200700060930,0,13,000,00,2,3,02,C03
200700060931,0,07,000,00,0,0,13,A01
200700060931,0,07,000,00,2,4,21,B02
200700060931,0,33,000,00,2,1,02,C03
200700060932,0,30,000,00,2,1,01,A01
200700060932,0,07,000,00,0,4,01,B02
200700060933,0,01,000,00,2,1,00,A01
200700060933,0,07,000,00,2,2,01,B02
200700060934,0,07,000,00,1,1,00,A01
200700060935,0,07,000,00,2,3,01,A01
200700060935,0,30,000,00,2,7,15,B02
200700060936,0,33,000,03,0,1,13,A01
200700060937,0,07,000,00,0,5,15,A01
200700060937,0,07,000,00,0,3,01,B02
200700060937,0,33,000,00,2,1,17,C03
200700060938,0,14,000,00,1,1,01,A01
200700060939,0,07,000,01,2,4,23,A01
200700060939,0,07,000,00,2,4,23,B02
200700060939,0,07,000,00,2,4,23,C03
200700060939,0,07,000,00,2,1,01,D04
200700060940,0,07,000,00,2,3,16,B02
200700060940,0,07,000,00,2,1,01,A01
200700060941,0,07,000,13,0,3,13,A01
200700060942,0,02,000,00,2,7,01,B02
200700060942,0,07,000,00,0,6,15,A01
200700060943,0,17,000,00,0,5,15,A01
200700060943,0,33,000,00,2,1,01,B02
200700060944,0,07,000,01,0,2,01,A01
200700060945,0,07,000,00,2,3,15,A01
200700060945,0,10,000,00,2,3,23,B02
200700060945,0,02,000,00,2,1,01,C03
200700060946,0,33,000,00,0,0,01,A01
200700060947,0,07,000,16,0,7,02,A01
200700060948,0,02,000,00,2,3,17,A01
200700060948,0,07,000,00,2,3,15,B02
200700060949,0,10,000,00,0,3,19,A01
200700060949,0,10,000,00,2,1,01,B02
200700060950,0,02,000,00,0,3,05,A01
200700060951,0,33,000,00,2,1,17,A01
200700060951,0,07,000,00,2,3,01,B02
200700060951,0,07,000,00,2,8,01,C03
200700060952,0,17,000,00,0,0,01,A01
200700060952,0,07,000,00,9,2,01,B02
200700060952,0,07,000,00,9,8,01,C03
200700060953,0,31,000,11,0,3,13,A01
200700060954,0,07,000,02,0,1,01,A01
200700060955,0,33,000,00,2,1,13,A01
200700060955,0,10,000,00,2,6,01,B02
200700060956,0,07,000,06,0,1,01,A01
200700060957,0,10,000,00,2,3,01,A01
200700060957,0,10,000,00,2,2,01,B02
200700060958,0,15,000,00,2,3,01,A01
200700060958,0,07,000,00,2,8,19,B02
200700060959,0,33,000,00,2,1,01,A01
200700060959,0,07,000,00,2,7,19,B02
200700060960,0,07,000,00,2,1,01,A01
200700060960,0,07,000,00,2,4,01,B02
200700060961,0,07,000,00,0,1,15,A01
200700060961,0,07,000,00,0,2,02,B02
200700060962,0,10,000,00,2,3,19,A01
200700060962,0,31,000,00,2,2,01,B02
200700060963,0,33,000,03,0,7,01,A01
200700060964,0,07,000,00,2,3,13,A01
200700060964,0,07,000,00,2,3,01,B02
200700060965,0,07,000,00,1,7,01,A01
200700060966,0,07,000,00,2,3,01,A01
200700060966,0,07,000,00,2,2,01,B02
200700060966,0,07,000,14,0,1,01,C03
200700060967,0,07,000,03,0,3,01,A01
200700060968,0,07,000,00,0,2,15,A01
200700060968,0,02,000,00,2,1,01,B02
200700060969,0,07,000,13,0,3,01,A01
200700060970,0,07,000,15,0,1,01,A01
200700060971,0,07,000,00,0,0,21,A01
200700060972,0,07,000,13,0,2,01,A01
200700060973,0,07,000,08,0,3,14,A01
200700060974,0,07,000,13,0,2,01,A01
200700060975,0,07,000,13,0,3,19,A01
200700060976,0,21,000,00,0,6,15,A01
200700060976,0,02,000,00,0,1,17,B02
200700060977,0,07,000,02,0,3,00,A01
200700060978,0,13,000,00,2,3,13,A01
200700060978,0,10,000,00,2,3,13,B02
200700060979,0,07,000,00,2,3,15,A01
200700060979,0,07,000,00,2,3,01,B02
200700060980,0,07,000,00,1,3,17,A01
200700060980,0,02,000,00,2,1,01,B02
200700060981,0,07,000,02,0,3,01,A01
200700060982,0,07,000,01,0,3,13,A01
200700060983,0,07,000,02,0,1,01,A01
200700060984,0,17,000,11,0,9,01,A01
200700060985,0,07,000,00,2,3,15,A01
200700060985,0,99,000,00,2,5,21,B02
200700060986,0,03,000,13,0,1,01,A01
200700060987,0,07,000,00,2,0,15,A01
200700060987,0,33,000,00,2,0,01,B02
200700060988,0,07,000,08,0,1,13,A01
200700060989,0,07,000,16,0,9,01,A01
200700060990,0,07,000,00,2,2,13,A01
200700060990,0,07,000,00,2,2,01,B02
200700060991,0,10,000,00,2,3,01,A01
200700060991,0,07,000,00,2,1,13,B02
200700060992,0,33,000,03,0,7,14,A01
200700060993,0,07,000,16,0,9,01,A01
200700060994,0,10,000,00,2,3,13,A01
200700060994,0,07,000,00,2,3,01,B02
200700060995,0,07,000,00,2,1,13,A01
200700060995,0,07,000,00,2,1,01,B02
200700060996,0,07,000,03,0,1,01,A01
200700060997,0,31,000,00,2,8,19,A01
200700060997,0,07,000,00,2,1,01,B02
200700060998,0,33,000,03,0,3,21,A01
200700060999,0,01,000,03,0,7,01,A01
200700061000,0,07,000,02,0,1,01,A01
200700061001,0,07,000,00,2,3,13,A01
200700061001,0,07,000,00,2,3,01,B02
200700061002,0,07,000,00,2,8,13,A01
200700061002,0,07,000,00,2,8,01,B02
200700061002,0,07,000,00,2,8,00,C03
200700061003,0,07,000,00,1,2,01,A01
200700061004,0,07,000,00,9,8,15,A01
200700061004,0,31,000,00,2,1,17,B02
200700061005,0,10,000,10,0,1,01,A01
200700061006,0,33,000,00,2,1,01,A01
200700061006,0,07,000,00,0,4,23,B02
200700061007,0,07,000,00,2,2,02,A01
200700061007,0,07,000,00,2,6,02,B02
200700061008,0,07,000,00,0,0,00,A01
200700061008,0,07,000,00,2,1,00,B02
200700061009,0,31,000,00,5,1,01,A01
200700061010,0,07,000,00,2,1,15,A01
200700061010,0,30,000,00,2,8,01,B02
200700061011,0,21,000,00,0,9,13,A01
200700061012,0,10,000,00,2,2,01,A01
200700061012,0,20,000,00,2,5,15,B02
200700061013,0,16,000,00,2,2,19,A01
200700061013,0,07,000,00,2,8,01,B02
200700061013,0,33,000,00,2,1,01,C03
200700061013,0,07,000,00,9,8,01,D04
200700061014,0,07,000,00,2,7,15,A01
200700061014,0,07,000,00,2,1,01,B02
200700061015,0,15,000,00,2,1,23,A01