Num_Acc,senc,catv,occutc,obs,obsm,choc,manv,num_veh
200700061015,0,15,000,00,2,4,01,B02
200700061015,0,14,000,00,0,4,23,C03
200700061016,0,07,000,00,0,0,01,A01
200700061017,0,20,000,00,0,8,01,A01
200700061017,0,01,000,00,9,7,17,B02
200700061018,0,10,000,13,0,2,01,A01
200700061019,0,01,000,00,0,6,15,A01
200700061019,0,07,000,00,2,1,17,B02
200700061020,0,01,000,00,2,4,06,A01
200700061020,0,07,000,00,2,2,01,B02
200700061021,0,17,000,00,0,0,00,C03
200700061021,0,07,000,00,2,1,01,A01
200700061022,0,07,000,11,0,1,01,A01
200700061023,0,07,000,03,0,1,19,A01
200700061024,0,07,000,00,2,7,15,A01
200700061024,0,07,000,00,2,2,01,B02
200700061025,0,07,000,00,2,2,01,A01
200700061025,0,30,000,00,2,1,13,B02
200700061026,0,07,000,00,2,1,01,A01
200700061026,0,07,000,00,2,1,15,B02
200700061027,0,07,000,02,0,1,02,A01
200700061028,0,07,000,00,2,1,21,A01
200700061028,0,07,000,00,1,1,01,B02
200700061029,0,07,000,00,1,1,01,A01
200700061030,0,07,000,00,2,3,19,A01
200700061030,0,02,000,00,0,0,00,B02
200700061031,0,30,000,00,2,7,01,A01
200700061031,0,07,000,00,2,1,09,B02
200700061032,0,07,000,00,1,6,04,A01
200700061033,0,07,000,13,0,3,00,A01
200700061034,0,07,000,00,2,8,01,A01
200700061034,0,07,000,00,2,8,13,B02
200700061035,0,10,000,00,0,0,15,A01
200700061036,0,07,000,00,2,8,01,B02
200700061036,0,07,000,00,2,1,01,A01
200700061037,0,02,000,08,0,1,14,A01
200700061038,0,07,000,00,1,2,01,A01
200700061039,0,07,000,09,0,3,13,A01
200700061040,0,07,000,00,2,8,15,A01
200700061040,0,30,000,00,2,7,17,B02
200700061041,0,07,000,00,2,2,02,A01
200700061041,0,30,000,00,2,4,01,B02
200700061042,0,15,000,00,2,1,05,A01
200700061042,0,07,000,00,2,1,01,B02
200700061043,0,31,000,00,9,1,01,A01
200700061044,0,30,000,00,2,1,13,A01
200700061044,0,30,000,00,2,4,01,B02
200700061045,0,07,000,13,0,9,01,A01
200700061046,0,07,000,08,0,2,01,A01
200700061047,0,07,000,00,2,1,01,A01
200700061047,0,07,000,00,2,8,19,B02
200700061048,0,07,000,00,0,5,02,A01
200700061048,0,07,000,00,2,1,02,B02
200700061049,0,33,000,08,0,1,14,A01
200700061050,0,01,000,00,5,0,15,A01
200700061051,0,07,000,02,0,1,01,A01
200700061052,0,07,000,06,0,9,13,A01
200700061053,0,07,000,13,0,1,01,A01
200700061054,0,33,000,12,0,1,01,A01
200700061055,0,02,000,00,2,1,13,A01
200700061055,0,04,000,00,2,2,17,B02
200700061055,0,15,000,00,2,2,02,C03
200700061056,0,03,000,00,2,1,13,A01
200700061056,0,07,000,00,2,1,01,B02
200700061057,0,10,000,06,0,1,00,A01
200700061058,0,30,000,00,2,3,01,A01
200700061058,0,07,000,00,2,3,13,B02
200700061059,0,10,000,06,0,1,01,A01
200700061060,0,07,000,00,0,1,01,A01
200700061061,0,07,000,01,0,1,02,A01
200700061061,0,07,000,00,0,4,02,B02
200700061062,0,02,000,00,0,3,01,A01
200700061062,0,07,000,00,0,2,11,B02
200700061063,0,07,000,00,2,7,01,A01
200700061063,0,07,000,00,2,1,01,B02
200700061064,0,33,000,00,2,3,13,A01
200700061064,0,07,000,00,2,1,01,B02
200700061065,0,07,000,00,2,6,01,A01
200700061065,0,07,000,00,2,3,01,B02
200700061065,0,07,000,00,2,1,01,C03
200700061065,0,07,000,00,2,3,13,D04
200700061066,0,14,000,00,0,8,01,A01
200700061067,0,07,000,00,2,5,17,A01
200700061067,0,07,000,00,2,3,05,B02
200700061067,0,07,000,00,2,3,05,C03
200700061068,0,99,000,00,2,8,02,A01
200700061068,0,14,000,00,2,2,01,B02
200700061069,0,07,000,00,2,3,19,A01
200700061069,0,07,000,00,2,2,01,B02
200700061070,0,33,000,00,2,1,01,A01
200700061070,0,07,000,00,2,3,01,B02
200700061070,0,07,000,00,2,3,00,C03
200700061071,0,07,000,00,2,4,20,A01
200700061071,0,02,000,00,2,1,01,B02
200700061072,0,07,000,13,0,1,13,A01
200700061073,0,07,000,06,0,1,01,A01
200700061074,0,07,000,00,2,3,13,A01
200700061074,0,33,000,00,2,1,01,B02
200700061075,0,07,000,00,1,7,01,A01
200700061076,0,07,000,00,2,8,01,A01
200700061076,0,01,000,00,2,1,01,B02
200700061077,0,07,000,16,0,1,01,A01
200700061078,0,07,000,00,2,2,02,A01
200700061078,0,02,000,00,2,4,02,B02
200700061079,0,33,000,00,0,0,01,A01
200700061080,0,07,000,00,0,3,01,A01
200700061080,0,07,000,00,0,3,01,B02
200700061081,0,31,000,00,0,1,00,A01
200700061081,0,10,000,00,0,7,15,B02
200700061082,0,10,000,00,1,4,04,A01
200700061083,0,07,000,00,2,3,17,A01
200700061083,0,14,000,00,2,3,01,B02
200700061084,0,07,000,06,0,5,01,A01
200700061085,0,07,000,00,2,3,09,A01
200700061085,0,02,000,00,2,1,01,B02
200700061086,0,02,000,12,0,1,16,A01
200700061087,0,07,000,08,2,1,21,A01
200700061087,0,07,000,00,2,3,15,B02
200700061088,0,07,000,00,2,8,15,A01
200700061088,0,02,000,00,2,7,17,B02
200700061089,0,07,000,00,2,9,17,A01
200700061089,0,10,000,00,2,1,01,B02
200700061089,0,10,000,00,2,1,17,C03
200700061089,0,17,000,00,2,6,01,D04
200700061089,0,17,000,00,2,8,01,E05
200700061090,0,02,000,00,2,1,13,A01
200700061090,0,07,000,00,2,3,01,B02
200700061091,0,07,000,00,2,1,05,A01
200700061091,0,07,000,00,2,1,01,B02
200700061092,0,02,000,13,2,1,01,A01
200700061092,0,07,000,13,2,8,05,B02
200700061093,0,21,000,00,2,1,15,B02
200700061093,0,07,000,00,2,2,01,A01
200700061094,0,07,000,00,0,8,19,A01
200700061094,0,07,000,00,0,1,01,B02
200700061095,0,07,000,00,2,2,15,A01
200700061095,0,07,000,00,2,3,01,B02
200700061096,0,07,000,00,0,5,15,A01
200700061096,0,02,000,01,2,2,01,B02
200700061097,0,07,000,00,0,0,00,A01
200700061098,0,07,000,00,2,3,13,A01
200700061098,0,07,000,00,2,3,01,B02
200700061099,0,17,000,02,0,0,01,A01
200700061100,0,07,000,00,2,8,16,A01
200700061100,0,02,000,00,2,1,01,B02
200700061101,0,07,000,07,2,2,09,A01
200700061101,0,07,000,00,2,3,01,B02
200700061102,0,10,000,00,9,2,01,A01
200700061102,0,01,000,00,2,1,19,B02
200700061103,0,07,000,04,0,3,02,A01
200700061104,0,07,000,00,2,7,01,A01
200700061104,0,07,000,00,2,7,01,B02
200700061104,0,10,000,00,2,1,01,C03
200700061104,0,07,000,00,2,1,13,D04
200700061104,0,17,000,00,9,0,01,E05
200700061104,0,07,000,00,0,0,01,F06
200700061105,0,07,000,01,0,1,00,A01
200700061105,0,17,000,00,0,0,00,B02
200700061106,0,07,000,02,0,2,01,A01
200700061107,0,07,000,00,2,6,01,A01
200700061107,0,30,000,00,2,1,00,B02
200700061108,0,07,000,00,2,3,15,A01
200700061108,0,33,000,00,2,1,01,B02
200700061109,0,07,000,00,2,4,00,A01
200700061109,0,02,000,00,2,1,01,B02
200700061110,0,07,000,00,2,1,17,A01
200700061110,0,07,000,00,2,7,01,B02
200700061110,0,07,000,00,2,1,01,C03
200700061111,0,10,000,00,0,0,19,B02
200700061111,0,32,000,00,0,0,01,A01
200700061112,0,07,000,00,2,3,10,A01
200700061112,0,31,000,00,2,1,01,B02
200700061113,0,07,000,13,0,1,01,A01
200700061114,0,07,000,00,2,1,13,A01
200700061114,0,07,000,00,2,1,01,B02
200700061115,0,07,000,00,0,1,13,A01
200700061115,0,33,000,00,2,1,01,B02
200700061116,0,07,000,00,2,1,13,A01
200700061116,0,07,000,00,2,1,01,B02
200700061117,0,07,000,06,0,2,21,A01
200700061117,0,07,000,00,0,0,19,B02
200700061118,0,07,000,00,2,7,15,A01
200700061118,0,07,000,00,2,1,01,B02
200700061119,0,07,000,02,0,0,00,A01
200700061120,0,07,000,06,0,1,01,A01
200700061121,0,33,000,00,1,1,13,A01
200700061121,0,07,000,00,2,2,01,B02
200700061122,0,07,000,00,2,3,13,A01
200700061122,0,07,000,00,2,3,01,B02
200700061123,0,07,000,00,2,5,01,A01
200700061123,0,07,000,00,2,1,01,B02
200700061123,0,02,000,00,2,1,05,C03
200700061124,0,07,000,00,2,1,01,B02
200700061124,0,30,000,00,2,7,11,A01
200700061125,0,07,000,00,2,4,16,A01
200700061125,0,07,000,00,2,4,01,B02
200700061125,0,07,000,00,2,1,01,C03
200700061126,0,07,000,00,1,2,01,A01
200700061126,0,07,000,00,9,0,01,B02
200700061127,0,07,000,00,1,2,01,A01
200700061128,0,10,000,00,1,2,01,A01
200700061129,0,07,000,00,1,2,01,A01
200700061130,0,07,000,02,0,1,01,A01
200700061131,0,07,000,10,0,2,01,A01
200700061131,0,07,000,00,2,2,01,B02
200700061131,0,07,000,00,2,2,01,C03
200700061132,0,02,000,06,2,1,17,A01
200700061132,0,07,000,00,2,3,15,B02
200700061133,0,07,000,00,2,8,15,A01
200700061133,0,33,000,00,2,8,01,B02
200700061134,0,33,000,00,2,0,13,A01
200700061134,0,99,000,00,2,3,01,B02
200700061135,0,07,000,00,2,3,01,A01
200700061135,0,31,000,00,2,8,15,B02
200700061136,0,07,000,00,2,2,05,A01
200700061136,0,07,000,00,2,2,01,B02
200700061137,0,07,000,00,2,3,11,A01
200700061137,0,33,000,00,2,1,01,B02
200700061137,0,07,000,00,0,1,24,C03
200700061138,0,07,000,00,2,8,17,A01
200700061138,0,33,000,00,2,8,05,B02
200700061139,0,07,000,02,0,8,01,A01
200700061140,0,07,000,00,2,2,13,A01
200700061140,0,07,000,00,2,1,01,B02
200700061141,0,07,000,00,2,3,13,A01
200700061141,0,07,000,00,2,3,01,B02
200700061142,0,33,000,00,2,1,02,A01
200700061142,0,07,000,00,0,4,15,B02
200700061143,0,32,000,12,0,2,01,A01
200700061144,0,33,000,00,2,7,01,A01
200700061144,0,07,000,00,2,6,16,B02
200700061145,0,10,000,00,2,1,13,A01
200700061145,0,33,000,00,2,1,01,B02
200700061146,0,30,000,14,0,0,00,A01
200700061147,0,07,000,00,2,3,01,A01
200700061147,0,07,000,00,2,3,15,B02
200700061148,0,07,000,00,1,1,16,A01
200700061149,0,07,000,00,2,2,01,A01
200700061149,0,02,000,00,2,8,15,B02
200700061150,0,13,000,00,2,3,14,A01
200700061150,0,07,000,00,2,3,13,B02
200700061151,0,33,000,02,0,2,01,A01
200700061152,0,07,000,00,2,1,19,A01
200700061152,0,33,000,00,2,7,01,B02
200700061153,0,07,000,00,1,3,01,A01
200700061154,0,07,000,00,2,1,01,A01
200700061154,1,30,000,00,2,8,19,B02
200700061155,0,07,000,01,0,1,01,A01
200700061155,0,10,000,01,0,3,01,B02
200700061155,0,07,000,00,0,4,23,C03
200700061156,0,33,000,03,0,7,13,A01
200700061157,0,10,000,00,2,8,01,A01
200700061157,0,33,000,00,2,8,17,B02
200700061158,0,07,000,13,0,1,17,A01
200700061159,0,07,000,00,2,1,17,A01
200700061159,0,07,000,00,0,8,15,B02
200700061159,0,07,000,00,0,4,01,C03
200700061159,0,07,000,00,2,1,01,D04
200700061160,0,07,000,03,0,1,01,A01
200700061161,0,07,000,06,0,9,01,A01
200700061162,0,07,000,13,0,3,01,A01
200700061163,0,02,000,10,0,7,01,A01
200700061164,0,30,000,13,0,1,00,A01
200700061165,0,07,000,00,1,1,15,A01
200700061166,0,33,000,06,0,1,01,A01
200700061167,0,07,000,00,2,1,15,A01
200700061167,0,07,000,00,0,8,01,B02
200700061168,0,07,000,00,0,8,09,A01
200700061168,0,33,000,00,2,1,01,B02
200700061169,0,07,000,00,6,1,01,A01
200700061169,0,07,000,00,6,1,01,B02
200700061170,0,07,000,02,0,1,01,A01
200700061171,0,10,000,00,2,3,16,A01
200700061171,0,14,000,00,2,3,15,B02
200700061172,0,10,000,00,2,8,10,A01
200700061172,0,10,000,00,2,1,13,B02
200700061173,0,07,000,00,2,3,05,A01
200700061173,0,31,000,00,2,3,01,B02
200700061174,0,07,000,02,0,1,01,A01
200700061175,0,33,000,00,0,8,16,A01
200700061175,0,07,000,00,0,7,01,B02
200700061176,0,07,000,00,0,5,14,A01
200700061176,0,01,000,00,0,3,01,B02
200700061177,0,07,000,00,2,3,13,A01
200700061177,0,10,000,00,2,3,01,B02
200700061177,0,10,000,00,2,8,01,C03
200700061178,0,07,000,00,2,3,01,A01
200700061178,0,07,000,00,2,8,01,B02
200700061178,0,10,000,00,2,1,01,C03
200700061179,0,01,000,00,0,0,01,A01
200700061180,0,07,000,00,2,1,01,A01
200700061180,0,07,000,00,2,8,01,B02
200700061181,0,10,000,00,2,1,01,A01
200700061181,0,02,000,00,2,6,15,B02
200700061182,0,10,000,00,2,2,01,A01
200700061182,0,07,000,00,2,8,19,B02
200700061183,0,33,000,00,2,1,02,A01
200700061183,0,07,000,00,0,4,01,B02
200700061184,0,31,000,02,0,1,01,A01
200700061185,0,30,000,00,0,0,14,A01
200700061186,0,01,000,13,0,0,01,A01
200700061187,0,33,000,06,0,1,01,A01
200700061188,0,31,000,00,0,7,11,A01
200700061189,0,33,000,00,6,1,01,A01
200700061190,0,07,000,00,0,8,00,A01
200700061190,0,33,000,00,2,8,17,B02
200700061191,0,07,000,00,2,1,02,A01
200700061191,0,07,000,00,2,4,02,B02
200700061191,0,07,000,00,2,4,01,C03
200700061192,0,07,000,00,2,1,01,A01
200700061192,0,07,000,00,2,8,01,B02
200700061193,0,32,000,00,1,1,01,A01
200700061194,0,10,000,00,1,2,01,A01
200700061195,0,07,000,00,2,1,01,A01
200700061195,0,07,000,00,2,3,15,B02
200700061196,0,07,000,02,0,1,14,A01
200700061197,0,07,000,00,1,1,16,A01
200700061198,0,07,000,00,9,3,15,A01
200700061198,0,01,000,00,2,3,01,B02
200700061199,0,07,000,00,2,7,15,A01
200700061199,0,07,000,00,2,2,01,B02
200700061200,0,05,000,00,0,0,01,A01
200700061201,0,07,000,00,9,8,01,A01
200700061202,0,07,000,00,2,1,13,A01
200700061202,0,10,000,00,2,1,01,B02
200700061203,0,07,000,00,0,4,15,A01
200700061203,0,33,000,00,2,1,02,B02
200700061204,0,33,000,13,0,1,01,A01
200700061205,0,07,000,00,2,1,13,A01
200700061205,0,37,000,00,2,1,01,B02
200700061205,0,07,000,00,2,1,01,C03
200700061206,0,07,000,00,0,3,19,A01
200700061206,0,10,000,00,0,1,01,B02
200700061207,0,07,000,00,0,2,17,A01
200700061207,0,07,000,00,0,3,15,B02
200700061208,0,07,000,00,1,2,01,A01
200700061209,0,33,000,00,2,1,17,A01
200700061209,0,10,000,00,0,6,13,B02
200700061210,0,10,000,00,2,1,13,A01
200700061210,0,15,000,00,2,3,01,B02
200700061211,0,07,000,00,5,2,01,A01
200700061211,0,07,000,00,2,1,01,B02
200700061212,0,07,000,16,0,9,01,A01
200700061213,0,07,000,00,2,3,01,A01
200700061213,0,01,000,00,2,1,00,B02
200700061214,0,07,000,00,1,1,14,A01
200700061215,0,07,000,13,0,9,17,A01
200700061216,0,07,000,00,2,7,15,A01
200700061216,0,30,000,00,2,7,01,B02
200700061217,0,07,000,00,6,7,21,A01
200700061217,0,07,000,00,2,1,00,B02
200700061218,0,07,000,00,0,8,15,A01
200700061219,0,07,000,00,1,1,00,A01
200700061220,0,07,000,00,2,5,15,A01
200700061220,0,31,000,00,2,1,01,B02
200700061221,0,33,000,00,6,1,01,A01
200700061222,0,10,000,00,2,1,01,A01
200700061222,0,17,000,00,0,0,01,C03
200700061223,0,07,000,06,0,2,14,A01
200700061224,0,07,000,00,1,1,01,A01
200700061225,0,02,000,00,0,8,01,A01
200700061226,0,07,000,00,0,6,15,A01
200700061226,0,02,000,00,2,1,17,B02
200700061227,0,07,000,00,2,3,17,A01
200700061227,0,07,000,00,2,1,01,B02
200700061228,0,17,000,00,2,4,19,A01
200700061228,0,07,000,00,2,3,01,B02
200700061229,0,07,000,00,2,3,13,A01
200700061229,0,33,000,00,2,4,01,B02
200700061230,0,07,000,00,2,1,15,A01
200700061230,0,02,000,00,2,1,01,B02
200700061231,0,07,000,03,0,3,01,A01
200700061232,0,07,000,13,0,3,01,A01
200700061233,0,07,000,02,0,7,01,A01
200700061234,0,07,000,00,0,5,15,A01
200700061234,0,33,000,00,2,1,21,B02
200700061235,0,07,000,00,9,2,17,A01
200700061235,0,01,000,00,0,6,02,B02
200700061236,0,07,000,00,2,3,13,A01
200700061236,0,07,000,00,2,3,01,B02
200700061237,0,30,000,00,2,1,13,A01
200700061237,0,07,000,00,2,2,01,B02
200700061238,0,07,000,00,0,8,10,A01
200700061238,0,07,000,00,2,2,01,B02
200700061239,0,33,000,00,0,7,01,A01
200700061240,0,30,000,00,2,2,19,A01
200700061240,0,07,000,00,2,3,01,B02
200700061241,0,33,000,13,0,1,01,A01
200700061242,0,07,000,02,0,1,01,A01
200700061243,0,10,000,00,1,3,01,A01
200700061244,1,07,000,00,1,2,01,A01
200700061245,0,07,000,00,2,1,01,A01
200700061245,0,07,000,00,2,3,01,B02
200700061246,0,07,000,13,0,1,01,A01
200700061247,0,07,000,00,0,1,13,A01
200700061248,0,07,000,00,1,2,15,A01
200700061249,0,07,000,00,2,3,13,A01
200700061249,0,17,000,00,2,3,01,B02
200700061250,0,07,000,00,2,3,13,A01
200700061250,0,07,000,00,2,3,01,B02
200700061251,0,30,000,02,0,1,01,A01
200700061252,0,07,000,02,0,3,01,A01
200700061253,0,10,000,00,2,3,19,A01
200700061253,0,10,000,00,2,3,01,B02
200700061254,0,07,000,00,2,8,15,A01
200700061254,0,07,000,00,2,3,01,B02
200700061255,0,07,000,00,2,1,13,A01
200700061255,0,07,000,00,2,1,01,B02
200700061255,0,07,000,00,2,3,01,C03
200700061256,0,07,000,05,0,8,01,A01
200700061257,0,07,000,00,1,2,01,A01
200700061258,0,07,000,06,0,1,01,A01
200700061259,0,10,000,00,1,1,14,A01
200700061260,0,10,000,00,9,1,19,A01
200700061260,0,01,000,00,2,8,01,B02
200700061261,0,14,000,13,0,3,01,A01
200700061262,0,10,000,00,2,3,15,A01
200700061262,0,33,000,00,2,3,01,B02
200700061263,0,07,000,00,2,1,13,A01
200700061263,0,07,000,00,2,3,01,B02
200700061264,0,07,000,06,0,1,01,A01
200700061264,0,14,000,00,0,0,15,B02
200700061265,0,33,000,00,2,1,02,A01
200700061265,0,07,000,00,0,6,01,B02
200700061266,0,07,000,00,2,6,15,A01
200700061266,0,07,000,00,2,1,13,B02
200700061267,0,07,000,00,2,2,15,A01
200700061267,0,07,000,00,2,1,01,B02
200700061268,0,07,000,06,0,7,13,A01
200700061269,0,07,000,00,9,2,01,A01
200700061269,0,01,000,00,2,1,01,B02
200700061270,0,07,000,00,2,1,01,A01
200700061270,0,07,000,00,2,1,01,B02
200700061271,0,07,000,00,2,1,01,A01
200700061271,0,07,000,00,2,1,01,B02
200700061272,0,17,000,00,2,1,01,A01
200700061272,0,17,000,00,2,0,01,B02
200700061272,0,07,000,00,2,8,09,C03
200700061273,0,30,000,00,2,1,01,A01
200700061273,0,10,000,00,2,7,15,B02
200700061274,0,07,000,00,2,1,01,A01
200700061274,0,14,000,00,2,3,01,B02
200700061274,0,07,000,00,2,1,01,C03
200700061275,0,33,000,06,0,1,01,A01
200700061276,0,10,000,00,1,1,01,A01
200700061277,0,17,000,00,0,7,00,A01
200700061278,0,07,000,13,0,0,01,A01
200700061279,0,07,000,13,0,1,02,A01
200700061280,0,07,000,06,0,2,01,A01
200700061280,0,15,000,00,2,1,01,B02
200700061281,0,33,000,06,0,1,01,A01
200700061282,0,07,000,00,2,1,15,A01
200700061282,0,33,000,00,2,1,01,B02
200700061283,0,07,000,00,2,1,01,B02
200700061283,0,07,000,00,2,8,19,A01
200700061284,0,33,000,10,0,7,17,A01
200700061284,0,07,000,10,0,1,15,B02
200700061285,0,10,000,04,0,1,01,A01
200700061286,0,10,000,00,2,7,15,A01
200700061286,0,33,000,00,2,1,01,B02
200700061287,0,07,000,00,2,7,01,A01
200700061287,0,03,000,00,2,1,01,B02
200700061288,0,07,000,00,2,2,01,A01
200700061288,0,07,000,00,2,1,01,B02
200700061289,0,07,000,00,0,9,01,A01
200700061290,0,10,000,00,2,3,01,A01
200700061290,0,10,000,00,2,3,01,B02
200700061291,0,07,000,00,0,6,20,A01
200700061292,0,10,000,00,2,6,23,A01
200700061292,0,14,000,00,2,2,02,B02
200700061293,0,07,000,00,2,1,01,A01
200700061293,0,01,000,00,2,7,01,B02
200700061294,0,07,000,00,2,8,13,A01
200700061294,0,07,000,00,2,1,01,B02
200700061295,0,37,000,00,1,3,01,A01
200700061295,0,07,000,00,1,3,01,B02
200700061296,0,07,000,00,1,3,01,A01
200700061297,0,07,000,00,0,0,00,A01
200700061297,0,99,000,00,2,1,01,B02
200700061298,0,07,000,00,2,6,01,A01
200700061298,0,33,000,00,2,1,01,B02
200700061299,0,07,000,00,2,2,01,A01
200700061299,0,07,000,00,2,1,01,B02
200700061300,0,07,000,00,2,1,15,A01
200700061300,0,07,000,00,2,1,01,B02
200700061301,0,07,000,00,2,1,23,A01
200700061301,0,10,000,00,2,5,04,B02
200700061302,0,07,000,00,1,2,01,A01
200700061303,0,07,000,00,2,2,06,A01
200700061303,0,10,000,00,2,1,01,B02
200700061304,0,07,000,13,0,9,00,A01
200700061305,0,07,000,00,1,7,01,A01
200700061306,0,07,000,00,2,1,13,A01
200700061306,0,07,000,00,2,1,01,B02
200700061307,0,07,000,02,0,1,13,A01
200700061308,0,07,000,00,0,4,01,A01
200700061308,0,33,000,00,2,1,02,B02
200700061309,0,14,000,00,1,3,00,A01
200700061310,0,33,000,10,0,1,01,A01
200700061311,0,31,000,06,0,1,01,A01
200700061312,0,07,000,16,0,1,01,A01
200700061312,0,07,000,00,0,1,01,B02
200700061313,0,31,000,00,2,1,01,A01
200700061313,0,14,000,00,2,1,01,B02
200700061314,0,99,000,13,0,1,21,A01
200700061315,0,07,000,00,2,7,13,A01
200700061315,0,07,000,00,2,3,01,B02
200700061316,0,07,000,00,2,1,13,A01
200700061316,0,07,000,00,2,8,01,B02
200700061316,0,07,000,00,2,1,01,C03
200700061317,0,07,000,00,2,3,15,A01
200700061317,0,10,000,00,2,1,01,B02
200700061318,0,10,000,00,2,3,09,A01
200700061318,0,07,000,00,2,1,01,B02
200700061319,0,07,000,00,2,1,02,A01
200700061319,0,07,000,00,0,4,02,B02
200700061320,0,07,000,06,0,9,01,A01
200700061321,0,07,000,00,2,6,01,A01
200700061321,0,07,000,00,2,3,21,B02
200700061321,0,07,000,00,2,3,01,C03
200700061322,0,10,000,00,2,3,16,A01
200700061322,0,30,000,00,2,1,01,B02
200700061323,0,10,000,00,2,3,13,A01
200700061323,0,07,000,00,2,3,01,B02
200700061323,0,07,000,00,2,3,01,C03
200700061323,0,07,000,00,2,6,01,D04
200700061324,0,07,000,00,2,3,17,A01
200700061324,0,07,000,00,2,3,01,B02
200700061325,0,33,000,08,0,9,01,A01
200700061326,0,07,000,02,0,1,01,A01
200700061327,0,15,000,00,0,5,15,A01
200700061327,0,07,000,00,2,2,01,B02
200700061328,0,07,000,00,2,3,01,A01
200700061328,0,07,000,00,2,3,01,B02
200700061329,0,07,000,00,2,2,02,A01
200700061329,0,07,000,00,2,6,02,B02
200700061330,0,34,000,00,2,1,17,A01
200700061330,0,10,000,00,2,3,01,B02
200700061331,0,33,000,00,2,1,01,A01
200700061331,0,07,000,00,2,5,15,B02
200700061332,0,30,000,00,1,1,01,A01
200700061333,0,07,000,11,0,3,01,A01
200700061334,0,30,000,14,0,8,01,A01
200700061335,0,07,000,00,0,0,00,A01
200700061336,0,07,000,00,2,3,01,A01
200700061336,0,02,000,00,2,7,06,B02
200700061337,0,10,000,00,2,3,15,A01
200700061337,0,30,000,00,2,1,01,B02
200700061338,0,07,000,00,2,3,01,A01
200700061338,0,37,000,00,2,1,15,B02
200700061339,0,07,000,00,1,1,01,A01
200700061340,0,07,000,00,2,3,01,A01
200700061340,0,01,000,00,2,1,00,B02
200700061341,0,07,000,00,2,1,01,A01
200700061341,0,07,000,00,2,1,01,B02
200700061342,0,07,000,00,2,2,15,A01
200700061342,0,02,000,00,2,1,01,B02
200700061343,0,07,000,00,0,3,01,A01
200700061344,0,07,000,00,0,9,00,A01
200700061345,0,07,000,00,0,3,20,A01
200700061345,0,33,000,00,0,2,00,B02
200700061346,0,30,000,06,0,6,01,A01
200700061347,0,07,000,00,2,2,09,A01
200700061347,0,33,000,00,2,1,01,B02
200700061348,0,07,000,00,6,8,02,A01
200700061348,0,33,000,00,0,7,02,B02
200700061349,0,07,000,00,2,3,10,A01
200700061350,0,07,000,00,2,3,15,A01
200700061350,0,07,000,00,2,1,01,B02
200700061351,0,07,000,00,1,2,01,A01
200700061352,0,30,000,00,2,4,15,A01
200700061353,0,07,000,00,9,2,01,A01
200700061353,0,01,000,00,0,4,01,B02
200700061354,0,07,000,01,0,8,24,A01
200700061354,0,32,000,01,2,7,01,B02
200700061354,0,07,000,00,2,8,01,C03
200700061355,0,33,000,00,0,0,00,A01
200700061356,0,14,000,00,2,3,13,A01
200700061356,0,07,000,00,2,3,01,B02
200700061357,0,13,000,00,1,1,01,A01
200700061358,0,07,000,00,2,2,05,A01
200700061358,0,07,000,00,2,5,21,B02
200700061359,0,33,000,00,0,0,01,A01
200700061360,0,14,000,06,0,2,17,A01
200700061361,0,21,000,00,2,1,17,A01
200700061361,0,07,000,00,2,1,01,B02
200700061362,0,07,000,00,2,2,13,A01
200700061362,0,07,000,00,2,1,01,B02
200700061363,0,07,000,00,2,5,15,A01
200700061363,0,33,000,00,2,1,01,B02
200700061364,0,13,000,00,2,1,17,A01
200700061364,0,33,000,00,2,1,01,B02
200700061365,0,33,000,00,2,7,01,A01
200700061365,0,07,000,00,2,8,11,B02
200700061366,0,07,000,00,1,1,00,A01
200700061367,0,07,000,00,0,3,15,A01
200700061367,0,30,000,00,0,1,01,B02
200700061368,0,07,000,13,0,1,01,A01
200700061369,0,07,000,00,1,2,13,A01
200700061370,0,07,000,00,0,2,01,A01
200700061371,0,07,000,00,2,1,13,A01
200700061371,0,30,000,00,2,1,01,B02
200700061372,0,07,000,00,2,1,19,B02
200700061372,0,07,000,15,2,3,01,A01
200700061373,0,07,000,00,2,1,01,A01
200700061373,0,30,000,00,2,8,15,B02
200700061374,0,33,000,12,0,1,01,A01
200700061375,0,07,000,00,2,7,01,A01
200700061375,0,01,000,00,2,8,01,B02
200700061376,0,07,000,13,0,2,01,A01
200700061377,0,10,000,00,2,3,01,A01
200700061377,0,07,000,00,2,3,13,B02
200700061378,0,38,000,00,2,2,01,A01
200700061378,0,07,000,00,2,8,19,B02
200700061379,0,07,000,00,0,4,02,A01
200700061379,0,07,000,00,2,1,02,B02
200700061380,0,07,000,00,2,3,15,A01
200700061380,0,30,000,00,2,1,17,B02
200700061381,0,21,000,00,0,6,02,A01
200700061381,0,33,000,00,2,2,02,B02
200700061382,0,02,000,00,0,7,01,A01
200700061383,0,33,000,00,6,9,21,A01
200700061384,0,07,000,13,0,9,01,A01
200700061385,0,07,000,08,0,1,02,A01
200700061386,0,07,000,00,2,2,15,A01
200700061386,0,32,000,00,0,1,01,B02
200700061387,0,07,000,00,0,6,15,A01
200700061387,0,33,000,00,2,1,02,B02
200700061388,0,99,000,00,0,4,01,A01
200700061388,0,10,000,00,0,1,02,B02
200700061389,0,07,000,00,0,3,15,A01
200700061389,0,02,000,00,0,1,00,B02