Num_Acc,senc,catv,occutc,obs,obsm,choc,manv,num_veh
200700061390,0,07,000,00,2,3,16,A01
200700061390,0,30,000,00,2,1,01,B02
200700061391,0,07,000,00,0,1,17,A01
200700061391,0,07,000,00,0,8,15,B02
200700061392,0,07,000,00,2,3,13,A01
200700061392,0,07,000,00,2,1,01,B02
200700061393,0,07,000,16,0,7,01,A01
200700061394,0,07,000,00,2,1,13,A01
200700061394,0,07,000,00,2,1,01,B02
200700061395,0,07,000,13,0,1,14,A01
200700061396,0,07,000,00,2,5,19,A01
200700061396,0,33,000,00,2,1,01,B02
200700061397,0,07,000,00,0,9,14,A01
200700061398,0,07,000,00,2,1,17,A01
200700061398,0,07,000,00,2,1,05,B02
200700061398,0,07,000,00,0,0,00,C03
200700061398,0,17,000,00,0,0,00,D04
200700061399,0,07,000,00,2,7,19,A01
200700061399,0,14,000,00,2,1,01,B02
200700061400,0,10,000,00,2,3,15,A01
200700061400,0,33,000,00,2,1,17,B02
200700061401,0,07,000,06,0,1,01,A01
200700061402,0,33,000,00,0,0,01,A01
200700061403,0,33,000,00,5,1,00,A01
200700061404,0,07,000,00,2,7,01,A01
200700061404,0,30,000,00,2,8,01,B02
200700061405,0,30,000,02,0,1,01,A01
200700061406,0,33,000,14,0,1,06,A01
200700061407,0,07,000,00,9,2,16,A01
200700061407,0,02,000,00,2,8,16,B02
200700061408,0,30,000,00,0,6,23,A01
200700061408,0,30,000,00,2,1,02,B02
200700061409,0,07,000,00,0,3,15,A01
200700061409,0,31,000,00,0,1,02,B02
200700061410,0,14,000,00,0,0,01,A01
200700061410,0,01,000,00,9,1,01,B02
200700061411,0,10,000,00,2,5,15,A01
200700061411,0,02,000,00,2,1,01,B02
200700061412,0,10,000,06,0,1,01,A01
200700061413,0,07,000,13,0,1,01,A01
200700061414,0,07,000,00,2,2,13,A01
200700061414,0,07,000,00,2,3,15,B02
200700061415,0,33,000,00,2,1,01,A01
200700061415,0,14,000,00,2,2,19,B02
200700061416,0,07,000,00,2,1,01,B02
200700061416,0,07,000,00,2,7,19,A01
200700061417,0,07,000,13,0,2,14,A01
200700061418,0,33,000,00,5,1,01,A01
200700061419,0,07,000,13,0,2,01,A01
200700061420,0,01,000,00,1,1,01,A01
200700061421,0,31,000,00,0,8,01,A01
200700061421,0,07,000,14,0,2,01,B02
200700061422,0,07,000,08,0,1,14,A01
200700061423,0,33,000,00,2,2,17,A01
200700061423,0,10,000,00,2,8,13,B02
200700061424,0,33,000,00,2,1,17,A01
200700061424,0,10,000,00,2,8,15,B02
200700061425,0,07,000,00,2,3,13,A01
200700061425,0,13,000,00,2,3,01,B02
200700061426,0,07,000,00,2,1,01,A01
200700061426,0,07,000,00,2,8,01,B02
200700061427,0,33,000,00,0,9,01,A01
200700061428,0,07,000,00,2,7,01,A01
200700061428,0,30,000,00,2,1,01,B02
200700061429,0,33,000,00,2,1,17,A01
200700061429,0,21,000,00,0,6,15,B02
200700061430,0,07,000,00,2,1,15,A01
200700061430,0,07,000,00,2,1,01,B02
200700061431,0,07,000,00,2,1,01,A01
200700061431,0,07,000,00,2,3,01,B02
200700061432,0,30,000,00,0,0,14,A01
200700061433,0,07,000,00,2,3,13,A01
200700061433,0,17,000,00,2,3,01,B02
200700061434,0,07,000,00,2,2,02,A01
200700061434,0,07,000,00,2,6,02,B02
200700061435,0,33,000,08,0,1,01,A01
200700061436,0,07,000,00,1,3,01,A01
200700061437,0,07,000,00,1,2,01,A01
200700061438,0,33,000,14,0,1,02,A01
200700061438,0,07,000,00,0,6,15,B02
200700061439,0,10,000,06,0,3,14,A01
200700061440,0,07,000,00,2,3,15,A01
200700061440,0,07,000,00,2,2,21,B02
200700061441,0,07,000,00,0,1,00,A01
200700061442,0,07,000,00,0,9,13,A01
200700061443,0,07,000,13,0,1,01,A01
200700061444,0,07,000,02,0,1,01,A01
200700061445,0,35,000,00,0,0,00,A01
200700061446,0,07,000,00,2,1,15,A01
200700061446,0,07,000,00,2,3,01,B02
200700061447,0,07,000,00,2,3,19,A01
200700061447,0,07,000,15,2,6,01,B02
200700061448,0,07,000,00,0,6,16,A01
200700061448,0,10,000,00,2,2,01,B02
200700061449,0,33,000,03,0,3,01,A01
200700061450,0,02,000,00,0,0,01,A01
200700061451,0,07,000,00,2,3,15,A01
200700061451,0,07,000,00,2,1,01,B02
200700061452,0,03,000,02,0,1,01,A01
200700061453,0,07,000,00,2,2,01,A01
200700061453,0,07,000,00,2,3,01,B02
200700061454,0,07,000,00,0,3,02,A01
200700061454,0,33,000,00,2,1,02,B02
200700061455,0,07,000,00,2,1,19,B02
200700061455,0,07,000,00,2,3,01,A01
200700061456,0,07,000,00,1,1,15,A01
200700061457,0,07,000,00,2,2,15,A01
200700061457,0,30,000,00,2,1,01,B02
200700061458,0,30,000,11,0,1,01,A01
200700061459,0,33,000,00,2,1,17,A01
200700061459,0,07,000,00,2,3,15,B02
200700061460,0,10,000,00,2,2,17,A01
200700061460,0,30,000,00,2,2,02,B02
200700061461,0,30,000,00,1,1,01,A01
200700061462,0,07,000,00,2,3,15,A01
200700061462,0,07,000,00,2,3,02,B02
200700061463,0,07,000,00,2,3,15,A01
200700061463,0,33,000,00,2,1,02,B02
200700061464,0,07,000,00,2,1,17,A01
200700061464,0,07,000,00,2,1,01,B02
200700061465,0,07,000,00,2,2,13,A01
200700061465,0,07,000,00,2,2,01,B02
200700061466,0,07,000,13,0,5,13,A01
200700061467,0,07,000,00,2,3,01,B02
200700061467,0,14,000,00,2,2,15,A01
200700061468,0,07,000,00,2,7,19,A01
200700061468,0,02,000,00,2,1,01,B02
200700061469,0,33,000,00,2,8,15,A01
200700061469,0,33,000,00,2,1,01,B02
200700061470,0,07,000,00,2,3,13,A01
200700061470,0,14,000,00,2,3,21,B02
200700061471,0,07,000,00,2,3,01,A01
200700061471,0,07,000,00,2,1,13,B02
200700061471,0,10,000,00,0,0,13,C03
200700061472,0,10,000,06,0,3,16,A01
200700061473,0,07,000,00,2,7,01,A01
200700061473,0,07,000,00,2,1,01,B02
200700061474,0,14,000,00,0,5,01,A01
200700061474,0,02,000,00,2,0,02,B02
200700061475,0,07,000,02,0,1,01,A01
200700061476,0,10,000,00,0,8,11,A01
200700061477,0,02,000,00,2,7,19,A01
200700061477,0,07,000,00,2,1,01,B02
200700061478,0,07,000,13,0,1,01,A01
200700061479,0,07,000,00,2,3,02,A01
200700061479,0,07,000,00,2,1,01,B02
200700061479,0,07,000,00,2,5,15,C03
200700061480,0,07,000,06,0,7,00,A01
200700061481,0,31,000,10,0,7,01,A01
200700061482,0,07,000,00,2,2,15,A01
200700061482,0,33,000,00,2,1,01,B02
200700061483,0,07,000,00,0,2,01,A01
200700061484,0,33,000,13,0,0,17,A01
200700061485,0,07,000,00,2,1,05,A01
200700061485,0,07,000,00,2,1,01,B02
200700061486,0,33,000,00,0,7,01,A01
200700061487,0,30,000,00,2,3,01,A01
200700061487,0,30,000,00,2,3,01,B02
200700061488,0,07,000,00,2,3,15,A01
200700061488,0,02,000,00,2,1,01,B02
200700061489,0,31,000,00,5,2,01,A01
200700061490,0,03,000,00,2,1,05,A01
200700061490,0,07,000,00,2,7,01,B02
200700061490,0,10,000,00,2,2,01,C03
200700061490,0,07,000,00,2,1,01,D04
200700061491,0,07,000,00,2,1,15,A01
200700061491,0,02,000,00,2,8,01,B02
200700061492,0,07,000,00,9,2,00,A01
200700061492,0,01,000,00,2,1,00,B02
200700061493,0,02,000,00,2,7,01,A01
200700061493,0,07,000,00,2,2,15,B02
200700061494,0,07,000,00,9,1,01,A01
200700061494,0,01,000,00,0,7,01,B02
200700061495,0,07,000,00,2,3,13,A01
200700061495,0,10,000,00,2,3,01,B02
200700061496,0,07,000,00,2,6,09,A01
200700061496,0,10,000,00,2,1,01,B02
200700061497,0,07,000,00,2,3,15,A01
200700061497,0,33,000,00,2,1,01,B02
200700061498,0,07,000,00,2,2,01,A01
200700061498,0,02,000,00,2,6,01,B02
200700061499,0,02,000,00,2,1,01,B02
200700061499,0,07,000,00,2,1,19,A01
200700061500,0,07,000,00,2,3,01,A01
200700061500,0,02,000,00,2,1,01,B02
200700061501,0,07,000,00,2,2,09,A01
200700061501,0,33,000,00,2,8,01,B02
200700061502,0,14,000,00,1,8,01,A01
200700061503,0,07,000,00,2,1,01,B02
200700061503,0,07,000,00,2,8,15,A01
200700061504,0,32,000,03,0,8,13,A01
200700061505,0,30,000,00,2,1,18,A01
200700061505,0,10,000,00,2,7,16,B02
200700061506,0,07,000,00,2,1,01,A01
200700061506,0,10,000,00,2,1,01,B02
200700061507,0,30,000,00,2,1,01,A01
200700061507,0,07,000,00,2,7,01,B02
200700061508,0,07,000,12,0,2,21,A01
200700061509,0,07,000,13,0,0,02,A01
200700061510,0,07,000,04,0,3,01,A01
200700061511,0,10,000,00,2,1,02,A01
200700061511,0,07,000,00,0,4,01,B02
200700061512,0,07,000,04,2,7,01,A01
200700061513,0,07,000,04,0,1,21,A01
200700061514,0,31,000,00,2,1,02,A01
200700061514,0,10,000,00,2,4,01,B02
200700061514,0,10,000,00,9,1,01,C03
200700061514,0,10,000,00,9,1,01,D04
200700061514,0,10,000,00,9,1,01,E05
200700061514,0,10,000,00,9,1,01,F06
200700061515,0,07,000,14,0,1,01,A01
200700061516,0,07,000,00,2,1,02,A01
200700061516,0,07,000,00,0,4,02,B02
200700061517,0,07,000,04,0,1,01,A01
200700061518,0,02,000,00,0,1,13,A01
200700061518,0,07,000,00,9,2,15,B02
200700061518,0,07,000,00,2,1,23,C03
200700061519,0,07,000,00,9,2,01,A01
200700061519,0,01,000,00,2,7,19,B02
200700061520,0,07,000,16,0,9,01,A01
200700061521,0,07,000,00,2,7,01,A01
200700061521,0,15,000,00,2,8,01,B02
200700061522,0,07,000,00,2,3,17,A01
200700061522,0,07,000,00,2,3,01,B02
200700061522,0,07,000,00,2,8,01,C03
200700061523,0,07,000,04,0,0,00,A01
200700061524,0,13,000,00,0,0,24,A01
200700061524,0,07,000,00,2,7,00,B02
200700061524,0,17,000,00,2,1,01,C03
200700061524,0,10,000,00,2,7,17,D04
200700061524,0,07,000,00,2,4,24,E05
200700061524,0,07,000,00,2,4,24,F06
200700061524,0,07,000,00,2,4,23,G07
200700061524,0,10,000,00,2,1,00,H08
200700061525,0,30,000,08,0,1,01,A01
200700061526,0,07,000,00,2,7,13,A01
200700061526,0,07,000,00,2,1,01,B02
200700061527,0,02,000,00,2,1,02,A01
200700061527,0,02,000,00,2,4,23,B02
200700061528,0,07,000,00,1,7,01,A01
200700061529,0,20,000,00,1,0,01,A01
200700061530,0,07,000,00,2,1,11,A01
200700061530,0,14,000,00,2,4,01,B02
200700061531,0,07,000,03,2,2,17,A01
200700061531,0,14,000,00,0,6,01,B02
200700061532,0,07,000,00,2,8,11,A01
200700061532,0,07,000,00,2,2,01,B02
200700061533,0,07,000,03,0,2,01,A01
200700061534,0,07,000,00,2,8,05,A01
200700061534,0,07,000,00,2,8,01,B02
200700061535,0,07,000,00,0,4,01,A01
200700061535,0,07,000,00,2,1,01,B02
200700061535,0,07,000,00,0,4,01,C03
200700061536,0,17,000,00,2,2,21,A01
200700061536,0,07,000,00,2,8,01,B02
200700061537,0,17,000,00,2,1,02,A01
200700061537,0,17,000,00,0,4,01,C03
200700061538,0,07,000,00,2,3,15,A01
200700061538,0,07,000,00,2,1,01,B02
200700061539,0,10,000,00,2,3,06,A01
200700061539,0,01,000,00,2,6,13,B02
200700061540,0,16,000,00,2,1,01,A01
200700061540,0,07,000,00,2,7,01,B02
200700061541,0,07,000,02,0,1,01,A01
200700061542,0,10,000,00,2,2,01,A01
200700061542,0,07,000,13,0,6,01,B02
200700061543,0,07,000,00,2,1,02,A01
200700061543,0,07,000,00,0,4,01,B02
200700061544,0,10,000,04,0,3,01,A01
200700061545,0,07,000,13,0,2,01,A01
200700061546,0,33,000,03,0,1,14,A01
200700061547,0,07,000,00,2,3,17,A01
200700061547,0,07,000,13,2,3,01,B02
200700061548,0,07,000,08,0,1,01,A01
200700061549,0,07,000,00,0,8,15,A01
200700061549,0,02,000,00,2,1,01,B02
200700061550,0,07,000,00,1,4,04,A01
200700061551,0,07,000,00,2,3,01,A01
200700061551,0,01,000,00,2,6,13,B02
200700061552,0,07,000,00,2,7,13,A01
200700061552,0,07,000,00,2,1,01,B02
200700061553,0,07,000,03,0,1,12,A01
200700061554,0,07,000,03,0,2,01,A01
200700061555,0,07,000,03,0,3,01,A01
200700061556,0,07,000,00,2,2,14,A01
200700061556,0,07,000,14,1,1,21,B02
200700061556,0,07,000,00,0,8,01,C03
200700061557,0,31,000,00,2,1,01,A01
200700061557,0,07,000,00,2,8,19,B02
200700061558,0,07,000,00,0,4,01,A01
200700061558,0,07,000,00,0,6,00,B02
200700061559,0,07,000,00,0,0,00,A01
200700061560,0,30,000,00,1,1,01,A01
200700061561,0,02,000,00,0,7,21,A01
200700061562,0,07,000,00,1,1,01,A01
200700061563,0,17,000,01,0,2,01,A01
200700061564,0,07,000,00,2,1,02,A01
200700061564,0,17,000,00,2,4,02,B02
200700061565,0,07,000,00,0,6,10,A01
200700061565,0,33,000,00,2,1,01,B02
200700061566,0,07,000,03,0,3,01,A01
200700061567,0,14,000,03,0,9,01,A01
200700061568,0,32,000,00,0,7,13,A01
200700061569,0,07,000,03,0,3,01,A01
200700061570,0,07,000,00,2,1,02,A01
200700061570,0,07,000,00,0,4,00,B02
200700061571,0,33,000,08,0,1,01,A01
200700061572,0,07,000,00,0,5,01,A01
200700061572,0,07,000,00,2,3,02,B02
200700061573,0,10,000,00,1,1,19,A01
200700061574,0,15,000,00,0,4,01,A01
200700061574,0,07,000,00,2,1,02,B02
200700061575,0,07,000,00,2,3,13,A01
200700061575,0,17,000,00,2,2,01,B02
200700061576,0,07,000,00,2,2,12,A01
200700061576,0,33,000,00,2,8,01,B02
200700061577,0,07,000,00,2,2,01,A01
200700061577,0,33,000,00,2,6,03,B02
200700061577,0,07,000,00,0,8,01,C03
200700061577,0,07,000,00,2,5,01,D04
200700061578,0,33,000,14,0,7,21,A01
200700061579,0,07,000,00,0,1,00,A01
200700061580,0,07,000,16,0,9,01,A01
200700061581,0,07,000,00,2,2,17,A01
200700061581,0,17,000,03,0,8,01,B02
200700061581,0,07,000,14,0,3,01,C03
200700061582,0,07,000,03,0,1,14,A01
200700061583,0,07,000,00,2,7,12,A01
200700061583,0,31,000,00,2,8,00,B02
200700061584,0,10,000,03,0,1,02,A01
200700061585,0,15,000,00,1,5,21,A01
200700061586,0,10,000,00,2,6,13,A01
200700061586,0,15,000,00,2,2,01,B02
200700061587,0,07,000,00,1,2,01,A01
200700061588,0,07,000,00,0,2,17,A01
200700061588,0,17,000,00,0,0,11,B02
200700061589,0,33,000,00,2,1,03,A01
200700061589,0,07,000,00,2,2,12,B02
200700061589,0,17,000,00,0,0,23,C03
200700061590,0,07,000,13,0,1,01,A01
200700061591,0,15,000,03,0,2,06,A01
200700061592,0,07,000,13,0,2,14,A01
200700061593,0,07,000,00,2,3,13,A01
200700061593,0,07,000,00,2,3,01,B02
200700061594,0,07,000,00,2,2,15,A01
200700061594,0,33,000,00,2,1,01,B02
200700061595,0,07,000,00,0,4,01,A01
200700061595,0,30,000,00,2,1,01,B02
200700061596,0,07,000,00,2,7,15,A01
200700061596,0,31,000,00,2,1,01,B02
200700061597,0,33,000,00,0,0,01,A01
200700061598,0,07,000,00,2,1,19,A01
200700061598,0,33,000,00,2,8,01,B02
200700061599,0,10,000,00,2,2,15,A01
200700061599,0,02,000,00,2,1,00,B02
200700061600,0,30,000,00,2,8,02,A01
200700061600,0,13,000,00,2,7,01,B02
200700061601,0,31,000,00,2,1,01,A01
200700061601,0,07,000,00,2,7,19,B02
200700061602,0,07,000,00,2,6,01,A01
200700061602,0,31,000,00,2,1,01,B02
200700061603,0,07,000,00,0,1,01,A01
200700061604,0,30,000,00,2,1,13,A01
200700061604,0,21,000,00,2,8,01,B02
200700061605,0,33,000,00,2,1,01,A01
200700061605,0,07,000,00,2,6,19,B02
200700061606,0,07,000,00,2,7,13,A01
200700061606,0,10,000,00,2,1,01,B02
200700061607,0,07,000,00,2,6,19,A01
200700061607,0,07,000,00,2,1,01,B02
200700061608,0,10,000,00,0,2,15,A01
200700061608,0,02,000,00,0,3,01,B02
200700061609,0,07,000,00,0,0,00,A01
200700061609,0,07,000,00,2,5,01,B02
200700061610,0,07,000,00,2,6,01,A01
200700061610,0,10,000,00,2,2,14,B02
200700061611,0,10,000,00,2,1,02,A01
200700061611,0,17,000,00,2,4,02,B02
200700061612,0,07,000,00,0,0,00,A01
200700061612,0,07,000,00,0,6,00,B02
200700061613,0,07,000,00,2,9,14,A01
200700061613,0,07,000,14,0,1,02,B02
200700061613,0,17,000,00,0,8,01,C03
200700061614,0,07,000,00,2,3,15,A01
200700061614,0,01,000,00,2,8,01,B02
200700061615,0,07,000,00,2,2,02,A01
200700061615,0,33,000,00,2,3,21,B02
200700061616,0,07,000,13,0,9,01,A01
200700061616,0,07,000,13,0,7,01,B02
200700061617,0,33,000,00,2,7,01,A01
200700061617,0,07,000,00,2,6,01,B02
200700061618,0,33,000,00,0,0,16,A01
200700061618,0,07,000,00,0,0,15,B02
200700061619,0,02,000,00,2,0,01,A01
200700061619,0,07,000,00,2,6,15,B02
200700061620,0,10,000,00,1,2,01,A01
200700061621,0,07,000,00,2,1,01,A01
200700061621,0,15,000,00,2,4,01,B02
200700061622,0,33,000,00,2,1,01,A01
200700061623,0,10,000,00,2,1,01,A01
200700061623,0,10,000,00,2,9,01,B02
200700061623,0,10,000,00,0,4,15,C03
200700061624,0,10,000,00,2,1,02,A01
200700061624,0,07,000,00,2,4,02,B02
200700061624,0,07,000,00,2,4,23,C03
200700061625,0,33,000,04,0,7,01,A01
200700061626,0,07,000,04,0,3,11,A01
200700061627,0,30,000,12,0,1,01,A01
200700061628,0,30,000,00,2,8,13,A01
200700061628,0,01,000,00,2,7,17,B02
200700061629,0,07,000,00,2,2,15,A01
200700061629,0,33,000,00,2,1,01,B02
200700061630,0,07,000,00,2,6,01,A01
200700061630,0,02,000,00,2,1,01,B02
200700061631,0,07,000,00,1,1,11,A01
200700061632,0,02,000,00,0,0,15,A01
200700061633,0,30,000,00,2,1,18,A01
200700061633,0,10,000,00,2,7,16,B02
200700061634,0,33,000,00,2,1,13,A01
200700061634,0,07,000,00,0,5,15,B02
200700061635,0,30,000,00,2,1,02,A01
200700061635,0,07,000,00,0,5,15,B02
200700061636,0,07,000,01,0,2,13,A01
200700061636,0,30,000,00,0,9,24,B02
200700061637,0,31,000,00,0,7,17,A01
200700061638,0,07,000,00,0,6,10,A01
200700061638,0,30,000,00,2,1,01,B02
200700061639,0,31,000,00,2,3,01,A01
200700061639,0,07,000,00,2,5,12,B02
200700061640,0,07,000,00,0,3,06,A01
200700061640,0,07,000,00,2,3,01,B02
200700061641,0,07,000,00,6,9,00,A01
200700061642,0,07,000,08,0,8,01,A01
200700061643,0,07,000,08,0,1,01,A01
200700061644,0,33,000,00,0,7,02,A01
200700061645,0,07,000,00,2,1,05,A01
200700061645,0,07,000,00,2,1,01,B02
200700061646,0,33,000,00,2,8,01,A01
200700061646,0,07,000,00,2,1,19,B02
200700061647,0,10,000,00,0,0,01,A01
200700061647,0,07,000,00,2,8,01,C03
200700061647,0,07,000,00,2,1,01,D04
200700061647,0,07,000,00,2,1,01,E05
200700061648,0,07,000,00,2,3,23,A01
200700061648,0,02,000,00,2,7,15,B02
200700061649,0,07,000,00,2,2,01,A01
200700061649,0,07,000,01,1,6,20,B02
200700061650,0,07,000,00,2,8,15,A01
200700061650,0,02,000,00,2,1,01,B02
200700061651,0,07,000,00,2,4,01,A01
200700061651,0,07,000,00,2,1,12,B02
200700061652,0,17,000,00,0,0,01,A01
200700061652,0,07,000,03,2,2,17,B02
200700061653,0,07,000,13,0,2,01,A01
200700061654,0,10,000,00,2,1,01,A01
200700061654,0,17,000,00,0,4,01,B02
200700061655,0,07,000,00,2,3,11,A01
200700061655,0,07,000,00,2,2,01,B02
200700061656,0,07,000,00,0,6,13,A01
200700061656,0,07,000,00,2,2,01,B02
200700061657,0,07,000,03,0,2,17,A01
200700061658,0,33,000,16,0,1,01,A01
200700061659,0,07,000,00,0,2,10,A01
200700061659,0,07,000,00,2,1,01,B02
200700061660,0,07,000,00,2,1,13,A01
200700061660,0,99,000,00,2,1,01,B02
200700061661,0,07,000,00,0,4,01,A01
200700061661,0,10,000,00,2,1,02,B02
200700061662,0,07,000,04,0,1,00,A01
200700061663,0,07,000,02,0,9,01,A01
200700061664,0,07,000,00,2,1,11,A01
200700061664,0,16,000,00,2,1,01,B02
200700061664,0,07,000,00,2,1,01,D04
200700061665,0,33,000,00,2,1,01,A01
200700061665,0,07,000,00,2,1,01,B02
200700061666,0,31,000,00,0,8,01,A01
200700061667,0,33,000,00,0,4,02,A01
200700061667,0,33,000,00,2,1,02,B02
200700061668,0,07,000,00,2,1,02,A01
200700061668,0,17,000,00,2,4,02,B02
200700061669,0,01,000,00,2,1,15,A01
200700061669,0,10,000,00,2,8,16,B02
200700061670,0,07,000,00,9,2,01,A01
200700061670,0,02,000,00,2,1,01,B02
200700061671,0,33,000,00,2,1,01,A01
200700061671,0,07,000,00,0,6,23,B02
200700061672,0,07,000,00,2,2,06,A01
200700061672,0,07,000,00,2,3,01,B02
200700061673,0,07,000,03,0,8,01,A01
200700061674,0,31,000,00,2,8,13,A01
200700061674,0,07,000,00,2,8,15,B02
200700061675,0,07,000,03,0,3,14,A01
200700061676,0,07,000,01,0,3,01,A01
200700061677,0,07,000,13,0,1,01,A01
200700061678,0,10,000,05,0,1,14,A01
200700061679,0,17,000,03,0,7,01,A01
200700061680,0,10,000,00,2,1,02,A01
200700061680,0,14,000,00,2,4,02,B02
200700061681,0,07,000,00,2,4,11,A01
200700061681,0,38,000,00,2,1,02,B02
200700061681,0,07,000,00,2,7,17,C03
200700061682,0,14,000,00,2,2,01,A01
200700061682,0,30,000,00,2,6,15,B02
200700061683,0,07,000,00,2,2,21,A01
200700061683,0,07,000,00,2,2,13,B02
200700061684,0,17,000,00,2,2,02,A01
200700061684,0,17,000,00,2,6,09,B02
200700061684,0,07,000,00,9,3,02,C03
200700061685,0,07,000,00,2,2,02,A01
200700061685,0,10,000,00,2,4,02,B02
200700061686,0,07,000,00,1,2,02,A01
200700061687,0,07,000,13,0,2,01,A01
200700061688,0,07,000,13,0,1,02,A01
200700061689,0,07,000,05,0,3,01,A01
200700061690,0,07,000,00,2,2,02,A01
200700061690,0,17,000,00,2,6,02,B02
200700061691,0,14,000,00,2,6,17,A01
200700061692,0,17,000,00,2,6,02,A01
200700061692,0,17,000,00,2,2,01,B02
200700061692,0,14,000,00,2,1,01,C03
200700061693,0,07,000,06,0,3,13,A01
200700061694,0,07,000,03,0,8,13,A01
200700061695,0,07,000,04,0,2,14,A01
200700061696,0,07,000,00,2,6,01,A01
200700061696,0,07,000,00,2,2,09,B02
200700061696,0,07,000,00,2,7,01,C03
200700061697,0,07,000,16,1,1,00,A01
200700061697,0,07,000,00,2,1,00,B02
200700061698,0,07,000,03,0,0,01,A01
200700061699,0,17,000,00,0,3,16,A01
200700061700,0,33,000,00,0,7,00,A01
200700061701,0,02,000,00,2,2,12,A01
200700061701,0,38,000,00,2,6,01,B02
200700061702,0,07,000,00,2,8,01,A01
200700061702,0,07,000,00,2,1,01,B02
200700061703,0,07,000,00,2,0,00,A01
200700061703,0,07,000,00,9,1,02,B02
200700061703,0,31,000,00,9,1,00,C03
200700061704,0,07,000,00,2,2,19,A01
200700061704,0,33,000,00,2,7,17,B02
200700061705,0,10,000,03,0,2,14,A01
200700061706,0,07,000,02,0,1,01,A01
200700061707,0,10,000,03,0,2,01,A01
200700061707,0,07,000,00,2,1,01,B02
200700061708,0,07,000,00,2,3,17,A01
200700061708,0,33,000,00,2,1,01,B02
200700061709,0,10,000,00,2,3,15,A01
200700061709,0,33,000,00,2,1,01,B02
200700061710,0,07,000,08,0,1,01,A01
200700061711,0,07,000,00,1,2,01,A01
200700061712,0,07,000,00,2,7,13,A01
200700061712,0,07,000,00,2,1,00,B02
200700061713,0,07,000,02,0,1,01,A01
200700061714,0,10,000,00,2,3,01,A01
200700061714,0,10,000,00,2,3,01,B02
200700061715,0,07,000,00,2,2,16,A01
200700061715,0,07,000,00,2,3,01,B02
200700061716,0,07,000,00,2,6,01,A01
200700061716,0,31,000,00,2,1,01,B02
200700061717,0,33,000,00,2,1,01,B02
200700061717,0,10,000,00,2,1,15,A01
200700061718,0,02,000,00,2,8,01,A01
200700061718,0,02,000,00,2,1,16,B02
200700061719,0,07,000,00,2,2,09,A01
200700061719,0,01,000,00,2,1,01,B02
200700061720,0,07,000,00,2,6,01,A01
200700061720,0,33,000,00,0,1,01,B02
200700061721,0,33,000,02,0,1,14,A01
200700061722,0,30,000,00,2,1,13,A01
200700061722,0,07,000,00,2,1,01,B02
200700061723,0,30,000,00,2,3,01,A01
200700061723,0,07,000,00,2,5,01,B02
200700061724,0,33,000,00,2,7,23,A01
200700061724,0,21,000,00,2,1,15,B02
200700061725,0,07,000,03,0,3,01,A01
200700061726,0,07,000,00,2,8,15,A01
200700061726,0,30,000,00,2,2,17,B02
200700061727,0,07,000,00,2,1,15,A01
200700061727,0,01,000,00,2,1,15,B02
200700061728,0,33,000,00,0,7,01,A01
200700061729,0,07,000,08,0,1,00,A01
200700061730,0,07,000,00,2,3,01,A01
200700061730,0,07,000,00,2,3,13,B02
200700061731,0,07,000,02,0,3,17,A01
200700061732,0,07,000,00,2,1,16,A01
200700061732,0,30,000,00,2,1,01,B02
200700061733,0,07,000,05,0,1,01,A01
200700061734,0,07,000,00,2,1,12,A01
200700061734,0,20,000,00,0,4,01,B02
200700061735,0,07,000,00,2,2,17,A01
200700061735,0,03,000,00,0,6,01,B02
200700061736,0,31,000,00,0,8,01,A01
200700061737,0,07,000,00,2,2,15,A01
200700061737,0,02,000,00,2,1,17,B01
200700061738,0,01,000,00,2,5,01,B01
200700061738,0,07,000,00,2,1,01,A01
200700061739,0,07,000,00,2,3,01,A01
200700061739,0,07,000,00,2,1,01,B01
200700061740,0,07,000,00,2,1,05,A01
200700061740,0,07,000,00,2,1,01,B01
200700061740,0,07,000,00,2,1,01,C01
200700061741,0,07,000,00,2,3,16,A01
200700061741,0,30,000,00,2,1,01,B01
200700061742,0,01,000,00,2,1,01,B01
200700061742,0,07,000,00,2,7,01,A01
200700061743,0,07,000,00,2,8,15,A01
200700061743,0,02,000,00,2,1,00,B01
200700061744,0,02,000,00,2,7,09,B01
200700061744,0,07,000,00,2,3,09,A01
200700061745,0,31,000,01,0,1,05,A01
200700061746,0,07,000,00,2,1,01,A01
200700061746,0,01,000,00,2,8,19,B01
200700061747,0,07,000,00,1,2,01,A01
200700061748,0,33,000,01,2,1,02,A01
200700061748,0,07,000,00,0,5,02,B01
200700061749,0,07,000,00,2,2,16,A01
200700061749,0,33,000,00,2,1,02,B01
200700061750,0,02,000,00,1,1,01,A01
200700061751,0,01,000,00,2,2,19,A01
200700061751,0,07,000,00,9,3,01,B01
200700061752,0,10,000,00,2,1,01,B01
200700061752,0,01,000,00,0,4,13,A01
200700061753,0,13,000,00,9,7,01,A01
200700061753,0,14,000,00,2,3,01,B01
200700061754,0,07,000,00,2,1,05,A01
200700061754,0,07,000,00,2,1,01,B01
200700061755,0,10,000,00,2,2,19,A01
200700061755,0,30,000,00,2,1,01,B01
200700061756,0,07,000,00,1,1,01,A01
200700061757,0,07,000,00,2,3,09,A01
200700061757,0,99,000,00,2,1,01,B01
200700061758,1,07,000,00,1,0,14,A01