Num_Acc,senc,catv,occutc,obs,obsm,choc,manv,num_veh
200700061759,0,07,000,00,1,1,01,A01
200700061760,0,07,000,00,2,1,15,A01
200700061760,0,02,000,00,2,1,01,B01
200700061761,0,07,000,00,2,1,01,B01
200700061761,0,07,000,00,2,1,01,A01
200700061762,0,07,000,00,0,1,21,B01
200700061762,0,07,000,00,0,5,19,A01
200700061763,0,07,000,00,2,1,13,A01
200700061763,0,15,000,00,2,3,01,B01
200700061764,0,07,000,08,0,8,01,A01
200700061765,0,15,000,00,2,3,15,A01
200700061765,0,31,000,00,2,8,01,B01
200700061766,0,07,000,00,2,8,01,B01
200700061766,0,07,000,00,2,1,01,A01
200700061767,0,07,000,00,1,1,01,A01
200700061768,0,02,000,00,2,1,01,A01
200700061768,0,10,000,00,2,3,01,B01
200700061769,0,07,000,00,0,4,15,B01
200700061769,0,02,000,00,2,1,02,A01
200700061770,0,07,000,00,1,3,04,A01
200700061771,0,02,000,00,2,1,17,B01
200700061771,0,07,000,00,2,3,10,A01
200700061772,0,07,000,00,1,1,01,A01
200700061773,0,07,000,09,0,2,14,A01
200700061774,0,07,000,01,0,4,15,B01
200700061774,0,02,000,00,2,1,01,A01
200700061775,0,10,000,00,1,1,15,A01
200700061776,0,07,000,00,1,1,01,A01
200700061777,0,33,000,00,1,1,01,A01
200700061778,0,07,000,12,0,2,14,A01
200700061779,0,07,000,00,1,1,01,A01
200700061780,0,07,000,00,1,1,01,A01
200700061781,0,07,000,00,2,1,02,A01
200700061781,0,07,000,00,0,4,23,B01
200700061782,0,33,000,00,1,1,01,A01
200700061783,0,07,000,00,2,1,02,B01
200700061783,0,07,000,00,2,4,23,C01
200700061783,0,07,000,00,2,1,02,A01
200700061784,0,07,000,00,1,3,01,A01
200700061785,0,10,000,00,2,1,15,A01
200700061785,0,33,000,00,2,1,01,B01
200700061786,0,33,000,00,2,3,15,A01
200700061786,0,07,000,00,2,2,01,B01
200700061787,1,07,000,00,1,1,01,A01
200700061788,1,02,000,00,1,1,01,A01
200700061789,0,07,000,16,0,1,00,A01
200700061790,0,07,000,00,2,2,13,A01
200700061790,0,10,000,00,2,2,01,B01
200700061791,0,02,000,00,2,1,13,A01
200700061791,0,07,000,00,2,3,01,B01
200700061792,0,07,000,00,2,1,01,B01
200700061792,0,07,000,00,2,7,19,A01
200700061793,0,02,000,00,2,1,01,B01
200700061793,0,10,000,00,2,7,15,A01
200700061794,0,07,000,00,1,1,01,A01
200700061795,0,07,000,00,2,6,15,A01
200700061795,0,33,000,00,2,1,01,B01
200700061796,0,30,000,00,2,1,21,B01
200700061796,0,07,000,00,2,8,19,A01
200700061797,0,30,000,00,0,0,00,A01
200700061797,0,07,000,00,0,0,00,B01
200700061797,0,07,000,00,0,0,00,C01
200700061798,0,32,000,00,2,1,01,A01
200700061798,0,07,000,00,2,7,15,B01
200700061799,0,07,000,00,2,1,09,A01
200700061799,0,02,000,00,2,1,21,B01
200700061800,0,32,000,00,2,3,18,A01
200700061800,0,07,000,00,2,1,15,B01
200700061801,0,30,000,00,2,2,17,A01
200700061801,0,07,000,00,2,6,15,B01
200700061802,0,07,000,00,9,7,20,A01
200700061802,0,31,000,00,2,7,01,B01
200700061803,0,07,000,00,2,7,15,A01
200700061803,0,33,000,00,2,8,01,B01
200700061804,0,07,000,00,1,3,23,A01
200700061805,0,07,000,00,1,7,01,A01
200700061806,0,30,000,00,2,1,15,A01
200700061806,0,07,000,00,2,2,23,B01
200700061807,0,07,000,00,2,2,15,A01
200700061807,0,02,000,00,2,1,02,B01
200700061808,0,10,000,00,1,1,01,A01
200700061809,0,10,000,00,1,7,01,A01
200700061810,0,07,000,00,2,2,02,A01
200700061810,0,01,000,00,2,4,02,B01
200700061811,0,07,000,01,1,0,01,A01
200700061812,0,07,000,00,1,0,15,A01
200700061813,0,07,000,00,2,3,15,A01
200700061813,0,05,000,00,2,1,01,B01
200700061814,1,07,000,00,1,0,01,A01
200700061815,0,02,000,00,2,4,01,A01
200700061815,0,07,000,00,2,3,01,B01
200700061816,0,07,000,00,2,3,16,A01
200700061816,0,02,000,00,2,1,01,B01
200700061817,0,01,000,00,2,1,19,A01
200700061817,0,07,000,00,2,1,01,B01
200700061818,0,07,000,00,2,2,01,A01
200700061818,0,07,000,00,2,1,01,B01
200700061819,0,10,000,00,2,2,16,A01
200700061819,0,05,000,00,2,8,01,B01
200700061820,0,10,000,00,2,1,02,A01
200700061820,0,07,000,00,2,4,02,B01
200700061820,0,15,000,00,2,6,01,C01
200700061821,0,07,000,00,2,5,04,A01
200700061821,0,02,000,00,2,1,01,B01
200700061822,0,07,000,00,1,0,01,A01
200700061823,0,01,000,00,2,0,19,A01
200700061823,0,07,000,00,2,2,01,B01
200700061824,0,07,000,00,2,1,02,A01
200700061824,0,05,000,00,2,4,02,B01
200700061825,0,07,000,00,2,6,15,A01
200700061825,0,05,000,00,2,1,17,B01
200700061826,1,07,000,00,2,1,02,A01
200700061826,0,07,000,07,0,4,01,B01
200700061827,0,07,000,00,2,2,15,A01
200700061827,0,05,000,00,2,1,01,B01
200700061828,0,07,000,00,2,2,15,A01
200700061828,0,02,000,00,2,1,01,B01
200700061829,0,07,000,00,2,2,15,A01
200700061829,0,32,000,00,2,1,01,B01
200700061830,0,07,000,00,1,0,15,A01
200700061831,0,02,000,00,2,1,01,A01
200700061831,0,07,000,00,2,3,15,B01
200700061831,0,10,000,00,0,0,24,C01
200700061832,0,02,000,00,2,1,02,A01
200700061832,0,07,000,00,2,3,02,B01
200700061833,0,10,000,00,2,1,02,A01
200700061833,0,07,000,00,2,4,02,B01
200700061834,0,07,000,00,1,4,04,A01
200700061835,0,33,000,00,2,1,01,A01
200700061835,0,07,000,00,2,8,01,C01
200700061835,0,07,000,00,2,3,02,D01
200700061835,0,32,000,00,2,1,01,E01
200700061835,0,30,000,00,2,8,15,B01
200700061836,0,07,000,00,2,1,01,A01
200700061836,0,30,000,00,4,7,01,B01
200700061837,0,07,000,00,2,1,02,A01
200700061837,0,32,000,00,2,4,01,B01
200700061838,0,07,000,00,2,5,00,A01
200700061838,0,33,000,00,2,1,01,B01
200700061839,0,30,000,00,2,5,18,A01
200700061839,0,14,000,00,2,6,00,B01
200700061840,0,07,000,00,1,1,01,A01
200700061841,0,33,000,00,1,1,01,A01
200700061842,0,34,000,00,2,1,17,B01
200700061842,0,07,000,00,2,3,15,A01
200700061843,0,07,000,02,0,1,01,A01
200700061844,0,07,000,00,2,3,15,A01
200700061844,0,02,000,00,2,1,17,B01
200700061845,0,30,000,00,2,8,01,B01
200700061845,0,14,000,00,2,2,15,A01
200700061846,0,07,000,00,1,0,01,A01
200700061847,0,07,000,00,2,1,00,A01
200700061847,0,31,000,00,2,4,01,B01
200700061848,0,07,000,00,2,5,15,A01
200700061848,0,33,000,00,2,1,01,B01
200700061849,0,07,000,00,2,1,01,A01
200700061849,0,30,000,00,2,4,01,B01
200700061850,0,30,000,00,2,1,01,B01
200700061850,0,07,000,00,2,1,16,A01
200700061851,0,30,000,15,0,1,00,A01
200700061852,0,30,000,00,2,7,14,A01
200700061853,0,07,000,00,2,4,02,B01
200700061853,0,07,000,00,2,4,01,C01
200700061853,0,10,000,00,2,1,02,A01
200700061854,0,33,000,00,2,1,01,B01
200700061854,0,07,000,00,2,2,10,A01
200700061855,0,30,000,00,2,1,02,A01
200700061855,0,07,000,00,2,5,01,B01
200700061856,0,07,000,00,2,1,15,A01
200700061856,0,31,000,00,2,1,17,B01
200700061857,0,32,000,00,2,1,01,B01
200700061857,0,07,000,00,2,8,09,A01
200700061858,0,07,000,00,2,8,01,A01
200700061858,0,33,000,00,2,1,01,B01
200700061859,0,30,000,00,2,1,17,B01
200700061859,0,07,000,00,2,3,15,A01
200700061860,0,30,000,00,2,1,00,A01
200700061860,0,30,000,00,2,1,00,B01
200700061861,0,07,000,00,2,3,15,A01
200700061861,0,33,000,00,2,2,01,B01
200700061862,0,07,000,00,2,2,15,A01
200700061862,0,32,000,00,2,1,01,B01
200700061863,0,07,000,00,2,5,10,A01
200700061863,0,32,000,00,2,1,02,B01
200700061864,0,07,000,01,2,1,01,A01
200700061864,0,30,000,00,2,1,01,B01
200700061865,0,34,000,00,1,1,01,A01
200700061866,0,07,000,00,1,1,14,A01
200700061867,0,07,000,00,2,1,01,A01
200700061867,0,30,000,00,2,1,01,B01
200700061868,0,07,000,00,2,1,09,A01
200700061868,0,33,000,00,2,1,17,B01
200700061869,0,30,000,00,2,1,01,A01
200700061869,0,07,000,00,2,3,15,B01
200700061870,0,13,000,00,2,1,01,A01
200700061870,0,07,000,00,2,4,15,B01
200700061870,0,07,000,00,2,1,01,C01
200700061871,0,32,000,00,2,2,17,A01
200700061871,0,07,000,00,2,3,15,B01
200700061872,0,07,000,00,0,6,23,A01
200700061872,0,02,000,00,2,1,01,B01
200700061873,0,07,000,00,2,1,02,A01
200700061873,0,07,000,00,2,4,02,B01
200700061873,0,07,000,00,0,4,02,C01
200700061874,0,07,000,00,2,3,15,A01
200700061874,0,07,000,00,2,3,01,B01
200700061875,0,30,000,00,2,1,17,A01
200700061875,0,07,000,00,0,8,15,B01
200700061876,0,02,000,00,2,1,13,A01
200700061876,0,07,000,00,2,1,01,B01
200700061877,0,07,000,00,2,1,01,B01
200700061877,0,10,000,00,2,1,15,A01
200700061878,0,10,000,00,2,1,01,A01
200700061878,0,07,000,00,0,4,01,B01
200700061879,0,30,000,01,0,7,14,A01
200700061879,0,07,000,00,0,8,00,B01
200700061880,0,30,000,00,2,1,01,A01
200700061880,0,07,000,00,0,4,23,B01
200700061881,0,14,000,00,2,1,01,A01
200700061881,0,10,000,00,0,4,23,B01
200700061882,0,01,000,00,2,1,18,A01
200700061882,0,07,000,00,0,7,16,B01
200700061883,0,30,000,00,2,1,00,A01
200700061883,0,07,000,00,2,0,00,B01
200700061884,0,02,000,00,2,1,01,A01
200700061884,0,07,000,00,0,4,23,B01
200700061885,0,07,000,00,2,1,01,A01
200700061885,0,07,000,00,2,4,23,B01
200700061885,0,07,000,00,0,4,23,C01
200700061886,0,07,000,00,6,1,01,A01
200700061887,0,32,000,00,1,1,01,A01
200700061888,0,30,000,06,0,7,14,A01
200700061889,0,02,000,00,2,1,02,A01
200700061889,0,07,000,00,0,6,15,B01
200700061890,0,07,000,00,1,1,01,A01
200700061891,0,07,000,00,0,0,00,A01
200700061892,0,30,000,00,2,1,17,A01
200700061892,0,07,000,00,2,8,15,B01
200700061893,0,07,000,06,0,0,00,A01
200700061894,0,02,000,00,2,1,17,A01
200700061894,0,07,000,00,2,0,15,B01
200700061895,0,07,000,00,2,1,02,A01
200700061895,0,07,000,00,0,4,01,B01
200700061896,0,07,000,00,2,1,02,A01
200700061896,0,07,000,00,0,4,01,B01
200700061897,0,07,000,00,0,8,15,A01
200700061897,0,33,000,00,2,2,17,B01
200700061898,0,07,000,03,0,1,00,A01
200700061899,0,07,000,00,2,0,00,A01
200700061899,0,07,000,00,2,0,00,B01
200700061900,0,07,000,00,2,5,13,A01
200700061900,0,07,000,00,0,1,01,B01
200700061901,0,07,000,06,0,1,00,A01
200700061902,2,07,000,09,2,1,00,A01
200700061902,0,07,000,00,2,3,15,B01
200700061903,0,30,000,00,2,1,17,A01
200700061903,0,07,000,00,2,1,01,B01
200700061904,0,01,000,00,0,0,01,A01
200700061905,0,33,000,00,0,0,00,A01
200700061906,0,07,000,00,0,7,01,B01
200700061906,0,07,000,00,2,1,15,A01
200700061907,0,07,000,00,1,1,15,A01
200700061908,0,07,000,00,2,3,13,A01
200700061908,0,31,000,00,2,1,01,B01
200700061909,0,31,000,00,0,8,01,B01
200700061909,0,30,000,00,2,1,16,A01
200700061910,0,02,000,01,0,2,14,A01
200700061911,0,32,000,12,0,1,14,A01
200700061912,0,07,000,00,2,3,13,A01
200700061912,0,07,000,00,0,1,01,B01
200700061913,0,07,000,00,1,1,01,A01
200700061914,0,33,000,00,2,1,01,A01
200700061914,0,07,000,00,0,5,16,B01
200700061915,0,02,000,00,2,1,01,A01
200700061915,0,02,000,00,2,4,01,B01
200700061916,0,02,000,00,2,7,02,A01
200700061916,0,10,000,00,2,5,23,B01
200700061917,0,07,000,00,2,8,09,A01
200700061917,0,32,000,00,2,1,17,B01
200700061918,0,02,000,00,2,2,01,A01
200700061918,0,07,000,00,2,3,15,B01
200700061919,0,07,000,00,2,3,15,A01
200700061919,0,02,000,01,2,1,01,B01
200700061920,0,07,000,00,1,1,02,A01
200700061921,0,32,000,00,2,1,01,A01
200700061921,0,07,000,00,2,4,01,B01
200700061922,0,07,000,00,2,1,01,A01
200700061922,0,31,000,00,2,7,01,B01
200700061923,0,30,000,00,2,1,00,A01
200700061923,0,07,000,00,2,3,00,B01
200700061924,0,07,000,00,2,3,10,A01
200700061924,0,31,000,00,2,1,01,B01
200700061925,0,13,000,00,2,1,01,A01
200700061925,0,07,000,00,2,4,02,B01
200700061926,0,02,000,00,1,1,01,A01
200700061927,0,07,000,00,1,0,02,A01
200700061928,0,07,000,00,1,1,02,A01
200700061929,0,33,000,00,1,0,17,A01
200700061930,0,05,000,00,2,1,01,A01
200700061930,0,07,000,00,2,4,23,B01
200700061931,0,02,000,02,0,1,00,A01
200700061932,0,07,000,00,2,1,01,A01
200700061932,0,07,000,01,2,4,01,B01
200700061933,0,07,000,00,2,1,02,A01
200700061933,0,07,000,00,2,4,02,B01
200700061933,0,07,000,00,2,4,02,C01
200700061933,0,07,000,00,2,4,02,D01
200700061934,0,07,000,00,2,3,00,A01
200700061934,0,05,000,00,2,1,01,B01
200700061935,0,05,000,00,1,1,01,A01
200700061936,0,07,000,00,2,1,15,A01
200700061936,0,05,000,00,2,1,01,B01
200700061937,0,07,000,00,2,1,13,A01
200700061937,0,07,000,00,2,1,02,B01
200700061938,1,07,000,00,2,0,00,A01
200700061938,0,07,000,00,2,1,00,B01
200700061939,0,07,000,06,0,1,01,A01
200700061940,0,07,000,00,2,3,15,A01
200700061941,0,07,000,00,1,1,01,A01
200700061941,0,10,000,14,2,4,01,B01
200700061941,0,05,000,00,2,0,01,C01
200700061941,0,07,000,00,2,4,02,D01
200700061942,0,07,000,00,2,2,01,A01
200700061942,0,07,000,00,2,3,01,B01
200700061943,0,02,000,00,2,1,02,A01
200700061943,0,07,000,00,2,4,02,B01
200700061944,0,07,000,00,2,2,01,A01
200700061944,0,01,000,00,2,1,01,B01
200700061945,0,07,000,00,2,8,01,A01
200700061945,0,05,000,00,2,1,01,B01
200700061946,0,07,000,00,2,2,12,A01
200700061946,0,01,000,00,2,4,01,B01
200700061947,0,05,000,00,0,0,00,A01
200700061948,0,05,000,00,0,7,01,A01
200700061949,0,01,000,00,2,3,07,A01
200700061949,0,05,000,01,2,2,07,B01
200700061950,0,02,000,00,0,8,21,A01
200700061951,0,07,000,00,2,2,15,A01
200700061951,0,07,000,00,2,1,01,B01
200700061952,0,02,000,01,2,1,01,A01
200700061952,0,07,000,00,2,4,01,B01
200700061953,0,01,000,00,2,1,00,A01
200700061953,0,07,000,00,2,2,00,B01
200700061954,0,07,000,00,1,4,04,A01
200700061955,0,15,000,00,1,0,00,A01
200700061956,0,07,000,00,1,0,01,A01
200700061957,0,07,000,00,1,2,13,A01
200700061958,0,07,000,00,2,8,23,A01
200700061958,0,02,000,01,2,1,02,B01
200700061959,0,07,000,00,2,2,16,A01
200700061959,0,05,000,00,2,1,01,B01
200700061960,0,07,000,00,2,1,15,A01
200700061960,0,02,000,00,2,2,01,B01
200700061961,0,02,000,14,0,3,01,A01
200700061961,0,30,000,00,2,7,23,B01
200700061961,0,07,000,00,2,3,23,C01
200700061962,0,07,000,11,0,3,14,A01
200700061963,1,10,000,00,2,0,00,A01
200700061963,0,02,000,00,2,9,01,B01
200700061964,0,07,000,00,1,1,02,A01
200700061965,0,02,000,00,0,8,01,A01
200700061966,0,05,000,00,2,3,07,A01
200700061966,0,07,000,00,2,7,16,B01
200700061967,0,07,000,00,1,3,01,A01
200700061968,0,07,000,00,1,1,02,A01
200700061969,0,07,000,00,2,1,13,A01
200700061969,0,05,000,00,2,1,01,B01
200700061970,0,07,000,00,2,6,15,A01
200700061970,0,02,000,00,2,1,01,B01
200700061971,0,07,000,12,2,6,09,A01
200700061971,0,07,000,00,2,1,01,B01
200700061972,0,07,000,00,2,1,01,B01
200700061972,0,04,000,00,2,8,01,A01
200700061973,0,07,000,00,2,8,19,A01
200700061973,0,02,000,00,2,1,01,B01
200700061974,0,02,000,00,5,1,01,A01
200700061975,0,07,000,00,2,3,17,A01
200700061975,0,05,000,01,2,1,01,B01
200700061976,0,14,000,00,2,0,00,A01
200700061976,0,05,000,00,2,1,00,B01
200700061977,0,33,000,00,2,1,02,A01
200700061977,0,07,000,00,2,5,23,B01
200700061978,0,07,000,00,2,1,09,B01
200700061978,0,32,000,01,2,3,05,A01
200700061979,0,07,000,00,2,3,19,A01
200700061979,0,02,000,00,2,3,01,B01
200700061980,0,07,000,00,1,2,01,A01
200700061981,0,07,000,00,2,2,15,A01
200700061981,0,05,000,00,2,1,01,B01
200700061982,0,07,000,01,0,3,01,A01
200700061983,0,07,000,00,0,7,24,A01
200700061983,0,01,000,01,0,1,01,B01
200700061984,0,07,000,00,2,0,09,A01
200700061984,0,02,000,00,0,0,02,B01
200700061985,0,05,000,00,1,1,01,A01
200700061986,0,05,000,01,0,0,01,A01
200700061986,0,07,000,00,2,4,24,B01
200700061987,0,07,000,00,2,2,09,A01
200700061987,0,07,000,00,2,2,01,B01
200700061988,0,02,000,00,2,9,09,A01
200700061988,0,05,000,00,2,1,01,B01
200700061989,0,07,000,00,2,3,02,B01
200700061989,0,07,000,00,2,4,02,A01
200700061990,0,07,000,00,1,3,01,A01
200700061991,0,07,000,00,2,2,01,A01
200700061991,0,02,000,00,2,8,01,B01
200700061992,0,05,000,00,1,1,01,A01
200700061993,0,02,000,00,1,1,01,A01
200700061994,0,07,000,00,2,1,01,A01
200700061994,0,05,000,00,2,7,01,B01
200700061995,0,07,000,00,2,3,15,A01
200700061995,0,05,000,00,2,2,01,B01
200700061996,0,07,000,01,0,2,00,A01
200700061997,0,07,000,00,2,8,23,A01
200700061997,0,34,000,00,2,9,01,B01
200700061997,0,05,000,00,2,1,01,C01
200700061998,0,10,000,00,2,1,01,A01
200700061998,0,07,000,04,2,4,02,B01
200700061998,0,07,000,00,2,1,01,C01
200700061999,0,05,000,08,0,1,14,A01
200700062000,0,18,001,00,2,3,16,B01
200700062000,0,02,000,00,2,1,18,A01
200700062001,0,07,000,00,2,1,01,A01
200700062001,0,02,000,00,2,8,01,B01
200700062002,0,07,000,00,1,3,01,A01
200700062003,0,07,000,00,2,3,10,A01
200700062003,0,32,000,00,2,2,02,B01
200700062004,0,33,000,06,0,7,00,A01
200700062004,0,05,000,00,0,8,00,B01
200700062004,0,05,000,00,0,7,01,C01
200700062005,0,07,000,00,2,1,01,A01
200700062005,0,07,000,00,2,4,02,B01
200700062006,0,05,000,00,2,0,17,A01
200700062006,0,07,000,00,2,4,02,B01
200700062006,0,30,000,00,2,1,17,C01
200700062007,0,99,000,00,1,1,15,A01
200700062008,0,07,000,00,1,4,04,A01
200700062009,0,07,000,00,0,0,20,A01
200700062009,0,05,000,00,0,7,01,B01
200700062010,0,07,000,00,2,3,01,A01
200700062010,0,05,000,01,2,5,01,B01
200700062011,0,02,000,06,2,1,21,A01
200700062011,0,07,000,00,2,3,13,B01
200700062012,0,07,000,00,2,1,02,A01
200700062012,0,07,000,00,0,4,01,B01
200700062013,0,07,000,00,1,2,01,A01
200700062014,0,07,000,00,2,2,09,A01
200700062014,0,18,015,00,2,3,01,B01
200700062015,0,07,000,00,2,6,15,A01
200700062015,0,02,000,00,2,1,01,B01
200700062016,0,07,000,00,2,3,15,A01
200700062017,0,07,000,00,2,7,01,A01
200700062017,0,02,000,00,2,7,18,B01
200700062018,0,07,000,00,2,3,15,A01
200700062018,0,04,000,00,2,1,01,B01
200700062019,0,07,000,00,1,7,01,A01
200700062020,0,07,000,01,2,1,03,A01
200700062020,0,10,000,01,2,8,01,B01
200700062021,0,07,000,00,2,3,01,B01
200700062021,0,05,000,00,2,1,01,A01
200700062022,0,07,000,00,2,4,15,A01
200700062022,0,05,000,00,2,2,01,B01
200700062023,0,07,000,16,0,1,01,A01
200700062023,0,07,000,16,2,4,23,B01
200700062023,0,07,000,00,2,4,23,C01
200700062024,0,07,000,00,2,7,15,A01
200700062024,0,05,000,00,2,1,01,B01
200700062025,0,07,000,00,1,1,00,A01
200700062026,0,02,000,00,2,1,01,A01
200700062026,0,07,000,08,2,3,01,B01
200700062027,0,02,000,00,1,0,02,A01
200700062028,0,07,000,00,2,0,00,A01
200700062028,0,07,000,00,2,0,01,B01
200700062028,0,07,000,00,2,0,01,C01
200700062029,0,07,000,00,2,6,09,A01
200700062029,0,02,000,00,2,1,01,B01
200700062030,0,05,000,00,2,1,00,A01
200700062030,0,07,000,00,2,3,02,B01
200700062031,0,07,000,00,1,0,15,A01
200700062032,0,07,000,00,2,2,09,A01
200700062032,0,02,000,00,2,1,01,B01
200700062032,0,07,000,00,2,1,01,C01
200700062033,0,07,000,00,2,4,01,B01
200700062033,0,02,000,00,2,1,01,A01
200700062034,0,02,000,00,2,2,00,A01
200700062034,0,07,000,00,2,2,00,B01
200700062035,0,07,000,00,2,1,01,B01
200700062035,0,07,000,00,2,2,01,A01
200700062036,0,07,000,00,1,1,15,A01
200700062037,0,01,000,00,2,0,09,B01
200700062037,0,10,000,00,2,2,02,A01
200700062038,1,07,000,00,2,7,10,A01
200700062038,0,10,000,00,2,3,01,B01
200700062039,0,07,000,00,2,3,00,A01
200700062039,0,07,000,00,2,3,00,B01
200700062040,0,10,000,04,0,9,21,A01
200700062040,1,04,000,00,0,0,18,B01
200700062041,0,07,000,00,2,1,02,A01
200700062041,0,07,000,00,2,5,10,B01
200700062042,0,17,000,00,2,2,15,A01
200700062042,0,07,000,00,2,8,16,B01
200700062043,0,07,000,00,2,3,22,A01
200700062043,0,07,000,01,0,2,01,B01
200700062044,0,07,000,00,1,0,00,A01
200700062045,0,07,000,00,2,1,15,A01
200700062045,0,05,000,00,2,2,01,B01
200700062046,0,07,000,00,1,0,02,A01
200700062047,0,02,000,00,2,8,11,A01
200700062047,0,07,000,00,2,2,01,B01
200700062048,0,02,000,00,2,1,01,A01
200700062048,0,07,000,00,2,5,02,B01
200700062049,0,07,000,00,1,0,01,A01
200700062050,0,07,000,00,2,3,15,A01
200700062050,0,02,000,00,2,1,17,B01
200700062051,0,07,000,16,2,1,01,A01
200700062051,0,07,000,16,2,4,02,B01
200700062051,0,07,000,00,2,4,02,C01
200700062052,0,07,000,00,2,0,23,A01
200700062052,0,05,000,00,2,2,21,B01
200700062052,0,07,000,00,2,3,23,C01
200700062053,0,07,000,00,2,3,00,A01
200700062054,0,02,000,00,1,7,01,A01
200700062055,0,10,000,00,2,1,02,A01
200700062055,0,07,000,00,2,4,02,B01
200700062056,0,07,000,00,2,1,02,A01
200700062056,0,07,000,00,2,4,02,B01
200700062057,0,05,000,14,0,1,03,A01
200700062057,0,07,000,00,2,5,23,B01
200700062058,0,07,000,00,1,2,01,A01
200700062059,0,07,000,00,2,4,15,A01
200700062059,0,05,000,00,2,1,02,B01
200700062060,0,07,000,00,2,7,01,A01
200700062060,0,07,000,00,2,1,01,B01
200700062061,0,07,000,00,2,5,10,A01
200700062061,0,02,000,00,2,2,01,B01
200700062062,0,07,000,00,2,1,00,A01
200700062063,0,05,000,00,2,7,12,A01
200700062063,0,07,000,00,2,6,01,B01
200700062064,0,07,000,00,2,1,02,A01
200700062064,0,07,000,00,2,5,02,B01
200700062065,0,07,000,00,2,1,01,B01
200700062065,0,07,000,00,2,1,01,A01
200700062066,0,05,000,01,0,1,17,A01
200700062066,0,07,000,00,2,8,22,B01
200700062067,0,05,000,00,5,0,01,B01
200700062068,0,07,000,00,2,3,02,B01
200700062068,0,02,000,00,2,1,02,A01
200700062069,0,07,000,00,2,2,15,A01
200700062069,0,31,000,00,2,1,01,B01
200700062070,0,07,000,00,2,0,15,A01
200700062070,0,02,000,00,2,3,01,B01
200700062071,0,07,000,00,2,1,02,A01
200700062071,0,07,000,00,2,4,02,B01
200700062072,0,02,000,00,2,1,03,A01
200700062072,0,07,000,00,2,0,12,B01
200700062073,0,05,000,01,0,1,21,A01
200700062073,0,10,000,00,2,3,23,B01
200700062073,0,07,000,00,2,3,16,C01
200700062074,0,02,000,00,2,1,01,A01
200700062074,0,07,000,00,2,3,16,B01
200700062075,0,07,000,00,2,8,11,A01
200700062075,0,02,000,00,2,1,01,B01
200700062076,0,05,000,00,2,4,23,A01
200700062076,0,07,000,00,2,1,01,B01
200700062077,0,07,000,00,2,0,00,A01
200700062077,0,05,000,00,0,0,02,B01
200700062078,0,03,000,00,2,6,10,A01
200700062078,0,05,000,00,2,1,02,B01
200700062079,0,07,000,00,2,8,10,A01
200700062079,0,05,000,00,2,1,17,B01
200700062080,0,10,000,00,2,6,11,A01
200700062080,0,05,000,00,2,1,02,B01
200700062081,0,02,000,00,2,1,00,A01
200700062081,1,07,000,00,2,1,00,B01
200700062082,0,07,000,00,2,3,20,A01
200700062082,0,02,000,00,2,1,02,B01
200700062083,0,02,000,00,1,7,01,A01
200700062084,0,05,000,00,1,1,01,A01
200700062085,0,02,000,00,2,1,02,A01
200700062085,0,02,000,00,2,0,02,B01
200700062086,0,32,000,01,2,7,17,A01
200700062086,0,07,000,00,2,8,01,B01
200700062087,0,10,000,03,2,3,01,B01
200700062087,0,07,000,03,0,3,00,C01
200700062087,0,07,000,00,2,1,13,A01
200700062088,0,30,000,10,0,1,01,A01
200700062089,0,31,000,10,0,1,01,A01
200700062090,0,07,000,00,2,1,15,A01
200700062090,0,07,000,00,2,3,01,B01
200700062091,0,07,000,00,1,3,15,A01
200700062092,0,33,000,00,2,1,17,A01
200700062092,0,07,000,00,2,3,01,B01
200700062093,0,07,000,00,2,8,12,A01
200700062093,0,07,000,00,0,6,01,B01
200700062094,0,07,000,06,0,3,01,A01
200700062095,0,10,000,00,0,4,04,A01
200700062095,0,01,000,00,2,1,01,B01
200700062096,0,07,000,00,1,4,04,A01
200700062096,0,07,000,00,1,1,01,B01
200700062097,0,07,000,00,1,3,01,A01
200700062098,0,17,000,00,2,1,01,A01
200700062098,0,01,000,00,0,8,19,B01
200700062099,0,02,000,00,2,1,18,A01
200700062099,0,07,000,00,2,2,12,B01
200700062100,0,30,000,00,1,1,01,A01
200700062101,0,07,000,00,2,2,16,A01
200700062101,0,30,000,00,2,1,01,B01
200700062102,0,07,000,00,2,1,01,A01
200700062102,0,02,000,00,2,8,01,B01
200700062103,0,07,000,00,2,2,15,A01
200700062103,0,03,000,00,2,1,01,B01
200700062104,0,07,000,00,1,1,15,A01
200700062105,0,07,000,00,2,3,16,A01
200700062105,0,30,000,00,2,1,01,B01
200700062106,0,07,000,00,2,1,01,A01
200700062106,0,30,000,00,2,8,01,B01
200700062107,0,32,000,00,2,1,01,A01
200700062107,0,07,000,00,9,1,01,B01
200700062108,0,07,000,00,1,2,20,A01
200700062109,0,07,000,00,2,1,16,A01
200700062109,0,01,000,00,2,8,01,B01
200700062110,0,07,000,00,2,2,16,A01
200700062110,0,01,000,00,2,1,01,B01
200700062111,0,07,000,00,2,1,01,A01
200700062111,0,07,000,00,2,4,23,B01
200700062112,0,07,000,00,2,3,15,A01
200700062112,0,01,000,00,2,1,01,B01
200700062113,0,03,000,12,0,2,00,A01
200700062114,0,07,000,00,1,1,01,A01
200700062115,0,10,000,00,2,6,15,A01
200700062115,0,02,000,00,2,1,17,B01
200700062116,0,30,000,00,1,1,07,A01