Num_Acc,senc,catv,occutc,obs,obsm,choc,manv,num_veh
200700062117,0,30,000,00,2,1,01,A01
200700062117,0,07,000,00,2,6,00,B01
200700062118,0,07,000,00,2,3,15,A01
200700062118,0,02,000,00,2,1,17,B01
200700062119,0,07,000,00,2,2,15,A01
200700062119,0,30,000,00,2,1,01,B01
200700062120,0,07,000,00,1,2,02,A01
200700062121,1,07,000,00,0,0,00,A01
200700062121,0,07,000,13,2,9,02,B01
200700062122,0,07,000,13,0,1,01,A01
200700062123,0,30,000,00,2,3,13,A01
200700062123,0,07,000,00,2,3,21,B01
200700062124,0,07,000,00,2,2,17,A01
200700062124,0,33,000,00,2,1,01,B01
200700062125,0,07,000,13,0,3,16,A01
200700062126,0,07,000,13,0,9,01,A01
200700062127,0,05,000,00,2,7,01,B01
200700062127,1,07,000,00,2,2,15,A01
200700062128,0,10,000,00,1,4,04,A01
200700062129,0,07,000,00,2,2,01,A01
200700062129,0,07,000,00,2,3,01,B01
200700062130,0,07,000,00,2,3,10,A01
200700062130,0,05,000,00,2,7,17,B01
200700062131,0,07,000,00,2,1,02,A01
200700062131,0,01,000,00,2,7,19,B01
200700062132,0,07,000,00,2,3,01,B01
200700062132,0,07,000,00,2,8,19,A01
200700062133,0,03,000,00,2,8,10,A01
200700062133,0,99,000,00,2,2,01,B01
200700062134,0,07,000,00,2,3,01,B01
200700062134,0,07,000,00,2,2,02,A01
200700062135,0,07,000,00,2,3,19,A01
200700062135,0,02,000,00,2,1,01,B01
200700062136,0,07,000,00,1,1,01,A01
200700062137,0,07,000,00,1,4,04,A01
200700062138,0,02,000,00,2,8,01,B01
200700062138,0,07,000,00,2,2,19,A01
200700062139,0,10,000,00,2,1,13,A01
200700062139,0,10,000,00,2,1,01,B01
200700062140,0,02,000,12,0,1,01,A01
200700062141,0,33,000,00,2,3,16,A01
200700062141,0,10,000,00,2,3,01,B01
200700062142,0,10,000,00,1,7,01,A01
200700062143,0,07,000,00,2,6,00,A01
200700062143,0,33,000,00,2,2,01,B01
200700062143,0,07,000,00,2,2,01,C01
200700062144,0,10,000,10,2,1,21,B01
200700062144,1,07,000,00,0,0,01,A01
200700062145,0,07,000,00,0,1,01,A01
200700062145,0,07,000,00,2,4,23,B01
200700062146,0,07,000,00,2,3,01,A01
200700062146,0,07,000,00,2,4,23,B01
200700062147,0,07,000,00,2,1,05,A01
200700062147,0,07,000,00,2,1,01,B01
200700062148,0,31,000,00,2,1,01,A01
200700062148,0,07,000,00,2,2,16,B01
200700062149,0,31,000,00,2,1,01,B01
200700062149,0,07,000,00,2,3,01,A01
200700062150,0,07,000,00,1,1,01,A01
200700062150,0,01,000,00,2,4,02,B01
200700062151,0,07,000,00,2,8,13,A01
200700062151,0,07,000,00,2,8,01,B01
200700062152,0,07,000,00,2,1,01,A01
200700062152,0,07,000,00,2,4,01,B01
200700062153,0,07,000,00,2,7,01,B01
200700062153,0,30,000,00,2,1,01,A01
200700062154,0,01,000,00,2,3,21,A01
200700062154,0,07,000,00,2,5,01,B01
200700062155,0,02,000,00,1,1,17,A01
200700062156,0,07,000,02,0,2,01,A01
200700062157,0,07,000,14,0,1,01,A01
200700062157,0,17,000,14,0,1,01,B01
200700062157,0,15,000,00,2,4,01,C01
200700062158,0,07,000,00,2,3,15,A01
200700062158,0,31,000,00,2,1,17,B01
200700062159,0,07,000,00,2,1,01,A01
200700062159,0,32,000,00,2,1,01,B01
200700062160,0,07,000,00,2,1,15,A01
200700062160,0,33,000,00,2,1,01,B01
200700062161,0,38,001,00,1,0,01,A01
200700062162,0,07,000,00,2,7,15,A01
200700062162,0,02,000,00,2,1,01,B01
200700062163,0,07,000,00,9,1,16,A01
200700062163,0,01,000,00,2,4,01,B01
200700062164,0,30,000,00,2,8,01,B01
200700062164,1,07,000,00,9,8,13,A01
200700062165,0,07,000,00,2,0,00,A01
200700062166,0,01,000,00,2,1,01,B01
200700062166,0,07,000,00,9,3,15,A01
200700062167,0,30,000,01,2,1,01,B01
200700062167,0,99,000,00,2,3,16,A01
200700062168,0,07,000,04,2,1,01,A01
200700062168,0,07,000,00,2,5,01,B01
200700062169,1,07,000,00,1,0,01,A01
200700062170,0,10,000,00,2,8,15,B01
200700062170,0,32,000,00,2,1,01,A01
200700062171,0,07,000,00,2,1,09,A01
200700062171,0,33,000,00,2,8,01,B01
200700062172,0,07,000,00,2,3,04,A01
200700062172,0,32,000,00,2,1,01,B01
200700062173,0,07,000,00,2,5,15,A01
200700062173,0,30,000,00,2,1,01,B01
200700062174,0,32,000,00,1,5,01,A01
200700062175,0,15,000,12,0,8,16,A01
200700062176,0,10,000,00,2,3,13,A01
200700062176,0,07,001,00,0,3,01,B01
200700062177,0,07,000,00,2,1,01,A01
200700062177,0,07,000,00,2,7,02,B01
200700062178,0,07,000,00,2,7,09,A01
200700062178,0,30,000,00,0,7,01,B01
200700062179,0,07,000,00,0,2,15,A01
200700062179,0,30,000,00,2,1,01,B01
200700062180,0,13,000,00,2,2,17,A01
200700062180,0,07,000,00,0,6,15,B01
200700062181,0,33,000,00,1,1,01,A01
200700062182,0,07,000,00,2,4,02,A01
200700062182,0,07,000,00,2,4,02,B01
200700062183,0,07,000,01,0,1,01,A01
200700062184,0,07,000,00,1,4,04,A01
200700062185,0,07,000,00,1,1,01,A01
200700062186,0,07,000,00,0,3,05,A01
200700062186,0,34,000,00,0,1,00,B01
200700062187,0,07,000,00,2,6,23,B01
200700062187,0,07,000,00,0,5,23,C01
200700062187,0,10,000,00,2,1,09,A01
200700062188,0,07,000,00,0,3,10,A01
200700062188,0,14,000,00,2,3,01,B01
200700062189,0,07,000,00,2,3,00,A01
200700062189,0,07,000,00,2,2,00,B01
200700062190,0,10,000,00,2,1,09,A01
200700062190,0,33,000,00,2,7,01,B01
200700062191,0,31,000,00,2,7,01,B01
200700062191,0,07,000,00,2,1,09,A01
200700062192,0,07,000,00,2,1,15,A01
200700062192,0,30,000,00,2,1,15,B01
200700062193,0,33,000,00,0,7,21,A01
200700062194,0,07,000,00,2,1,02,A01
200700062194,0,07,000,00,2,4,02,B01
200700062195,1,07,000,00,0,0,00,A01
200700062196,1,99,000,00,0,0,00,A01
200700062197,0,30,000,01,0,1,01,A01
200700062198,0,07,000,00,2,1,01,A01
200700062198,0,07,000,01,2,9,01,B01
200700062199,0,07,000,00,2,1,01,A01
200700062199,0,07,000,00,2,3,01,B01
200700062200,0,07,000,00,2,8,11,A01
200700062200,0,31,000,00,2,0,02,B01
200700062201,0,07,000,00,1,1,00,A01
200700062202,0,99,000,00,2,3,02,A01
200700062202,0,07,000,00,0,4,02,B01
200700062203,0,07,000,00,0,0,00,A01
200700062204,1,07,000,00,2,0,11,A01
200700062204,0,32,000,00,2,2,02,B01
200700062205,0,07,000,00,2,8,15,B01
200700062205,0,02,000,00,2,1,17,A01
200700062206,0,02,000,00,2,1,01,B01
200700062206,0,07,000,00,2,2,01,A01
200700062207,0,07,000,00,2,7,00,B01
200700062207,0,32,000,00,2,1,02,A01
200700062208,0,07,000,00,1,2,00,A01
200700062209,0,07,000,00,1,3,15,A01
200700062210,0,07,000,00,2,2,01,B01
200700062210,0,33,000,00,2,1,00,A01
200700062211,0,02,000,00,2,1,01,B01
200700062211,0,07,000,00,2,7,01,A01
200700062212,0,07,000,00,1,8,01,A01
200700062213,0,07,000,00,2,4,00,E01
200700062213,0,07,000,01,2,4,00,D01
200700062213,0,07,000,00,2,6,00,C01
200700062213,0,07,000,01,0,2,01,A01
200700062214,0,07,000,00,0,4,23,B01
200700062214,0,07,000,00,2,1,02,A01
200700062215,0,07,000,00,2,3,01,B01
200700062215,0,30,000,00,2,8,13,A01
200700062216,0,30,000,00,2,1,01,B01
200700062216,0,07,000,00,2,2,15,A01
200700062217,0,31,000,00,0,0,01,A01
200700062218,0,07,000,00,2,2,01,A01
200700062218,0,30,000,00,2,1,01,B01
200700062219,0,07,000,00,1,1,01,A01
200700062220,0,30,000,00,2,8,01,B01
200700062220,0,07,000,00,2,1,10,A01
200700062221,0,99,000,00,2,1,00,B01
200700062221,0,07,000,00,2,3,15,A01
200700062222,0,07,000,00,2,8,17,B01
200700062222,0,30,000,00,2,2,17,A01
200700062223,0,34,000,00,0,8,01,B01
200700062223,0,07,000,00,0,1,09,A01
200700062224,0,07,000,00,0,4,02,B01
200700062224,0,07,000,00,2,1,02,A01
200700062225,0,07,000,00,1,2,16,A01
200700062226,0,32,000,00,0,9,00,B01
200700062226,0,07,000,00,2,1,02,A01
200700062227,0,31,000,00,2,3,01,B01
200700062227,0,07,000,00,2,1,15,A01
200700062228,0,07,000,08,0,9,16,A01
200700062229,0,30,000,00,1,0,02,A01
200700062230,0,07,000,00,2,6,20,C01
200700062230,0,07,000,00,2,2,20,B01
200700062230,0,07,000,00,2,2,21,A01
200700062231,0,32,000,00,2,1,01,B01
200700062231,0,07,000,00,2,8,15,A01
200700062232,0,07,000,00,1,3,02,A01
200700062233,0,31,000,00,2,4,00,B01
200700062233,0,07,000,00,2,1,00,A01
200700062234,0,30,000,00,2,1,02,B01
200700062234,0,10,000,00,2,4,04,A01
200700062235,0,99,000,00,1,1,01,A01
200700062236,0,07,000,00,2,6,01,B01
200700062236,0,07,000,00,2,3,15,A01
200700062237,0,07,000,08,0,1,00,A01
200700062238,0,07,000,00,1,3,02,A01
200700062239,0,07,000,00,1,1,01,A01
200700062240,0,07,000,00,0,4,01,B01
200700062240,0,07,000,00,2,1,01,A01
200700062241,0,07,000,00,1,3,15,A01
200700062242,0,32,000,00,2,1,17,B01
200700062242,0,07,000,00,2,3,09,A01
200700062243,0,07,000,00,9,1,01,A01
200700062243,0,01,000,00,2,7,19,B01
200700062244,0,30,000,00,2,6,17,B01
200700062244,0,07,000,00,2,6,15,A01
200700062245,0,33,000,00,2,1,01,B01
200700062245,0,07,000,00,2,5,04,A01
200700062246,0,10,000,00,2,2,02,B01
200700062246,0,07,000,00,2,3,02,A01
200700062247,0,07,000,00,1,7,01,A01
200700062248,0,30,000,00,2,1,01,B01
200700062248,0,07,000,00,2,3,15,A01
200700062249,0,37,000,00,1,2,01,A01
200700062250,0,07,000,00,2,4,02,C01
200700062250,0,07,000,00,2,4,02,B01
200700062250,0,07,000,00,2,1,02,A01
200700062251,0,07,000,00,2,1,21,B01
200700062251,0,07,000,00,2,8,03,A01
200700062252,0,07,000,00,0,0,00,B01
200700062252,0,13,000,00,2,3,00,A01
200700062253,0,07,000,01,2,3,21,B01
200700062253,0,07,000,14,2,7,15,A01
200700062254,0,01,000,00,2,0,00,B01
200700062254,0,07,000,00,2,1,01,A01
200700062255,0,32,000,00,2,0,17,B01
200700062255,0,07,000,00,2,3,09,A01
200700062256,0,30,000,00,2,8,18,B01
200700062256,0,07,000,00,2,2,14,A01
200700062257,0,07,000,00,1,1,00,A01
200700062258,0,32,000,00,1,1,01,A01
200700062259,0,07,000,00,2,0,01,B01
200700062259,0,07,000,00,2,3,19,A01
200700062260,0,30,000,00,2,3,02,B01
200700062260,0,07,000,00,2,1,13,A01
200700062261,1,07,000,00,1,1,00,A01
200700062262,0,07,000,00,0,1,01,B01
200700062262,0,30,000,01,0,0,01,A01
200700062263,0,30,000,00,2,1,01,B01
200700062263,0,07,000,00,2,1,15,A01
200700062264,0,07,000,00,2,3,15,B01
200700062264,0,33,000,00,2,5,21,A01
200700062265,0,07,000,00,0,8,09,B01
200700062265,0,30,000,00,2,1,01,A01
200700062266,0,31,000,00,2,1,02,B01
200700062266,0,07,000,00,2,7,09,A01
200700062267,0,30,000,00,2,3,02,A01
200700062267,0,07,000,00,2,6,02,B01
200700062268,0,20,000,01,0,3,00,A01
200700062268,0,07,000,00,2,8,24,B01
200700062269,0,07,000,00,2,1,15,A01
200700062269,0,30,000,00,2,1,01,B01
200700062270,0,07,000,00,2,2,15,A01
200700062270,0,30,000,00,2,1,01,B01
200700062271,0,20,000,15,1,1,02,A01
200700062272,0,07,000,00,0,3,05,A01
200700062272,0,07,000,00,0,6,01,B01
200700062273,0,07,000,08,0,1,21,A01
200700062274,0,07,000,00,2,1,00,B01
200700062274,0,07,000,00,2,8,15,A01
200700062275,0,07,000,00,2,3,02,B01
200700062275,0,07,000,00,2,3,15,A01
200700062276,0,07,000,00,2,1,17,A01
200700062276,0,07,000,00,2,3,09,B01
200700062277,1,07,000,00,0,0,00,A01
200700062278,0,07,000,00,2,2,01,A01
200700062278,0,07,000,00,2,3,01,B01
200700062279,0,07,000,00,1,2,02,A01
200700062280,0,07,000,00,2,3,15,A01
200700062280,0,30,000,00,2,1,06,B01
200700062281,0,10,000,00,2,1,02,A01
200700062281,0,07,000,00,2,4,02,B01
200700062281,0,07,000,00,0,0,00,C01
200700062282,0,07,000,00,2,1,02,A01
200700062282,0,07,000,00,2,4,02,B01
200700062283,0,07,000,00,1,1,02,A01
200700062284,0,33,000,00,1,1,01,A01
200700062285,0,02,000,00,0,8,01,A01
200700062286,0,07,000,00,2,0,15,A01
200700062286,0,38,001,00,2,0,00,B01
200700062287,0,07,000,00,2,1,02,A01
200700062287,0,07,000,00,2,4,02,B01
200700062288,0,30,000,00,2,1,02,A01
200700062288,0,07,000,00,0,5,01,B01
200700062289,0,07,000,00,0,0,00,A01
200700062290,0,07,000,00,0,0,01,A01
200700062290,0,30,000,01,0,2,00,B01
200700062291,0,07,000,00,2,6,13,A01
200700062291,0,32,000,00,2,7,01,B01
200700062292,0,07,000,00,2,0,01,A01
200700062292,0,07,000,00,2,3,20,B01
200700062293,1,07,000,00,0,0,15,A01
200700062293,0,31,000,00,0,0,01,B01
200700062294,0,30,000,01,0,2,05,A01
200700062294,0,07,000,00,0,7,00,B01
200700062295,0,01,000,00,2,1,00,A01
200700062295,1,07,000,00,2,0,00,B01
200700062296,0,07,000,00,2,1,02,A01
200700062296,0,07,000,00,0,4,00,B01
200700062296,0,39,000,00,2,5,23,C01
200700062297,0,07,000,00,2,3,01,A01
200700062297,0,32,000,00,2,2,00,B01
200700062298,0,30,000,11,0,8,01,A01
200700062299,0,07,000,00,1,2,01,A01
200700062300,0,07,000,15,2,1,01,A01
200700062300,0,07,000,00,2,2,01,B01
200700062301,0,01,000,00,2,1,18,A01
200700062301,0,07,000,00,9,2,12,B01
200700062302,0,07,000,00,0,0,02,A01
200700062302,0,02,000,00,0,0,02,B01
200700062303,0,30,000,00,9,0,02,A01
200700062304,0,10,000,00,0,0,02,A01
200700062305,0,30,000,00,2,1,17,A01
200700062305,0,07,000,00,0,4,15,B01
200700062306,0,07,000,00,2,3,22,A01
200700062306,0,02,000,01,0,1,01,B01
200700062307,0,02,000,00,2,1,02,A01
200700062307,0,07,000,00,9,6,02,B01
200700062308,0,20,000,00,2,7,16,A01
200700062308,0,32,000,00,2,3,14,B01
200700062309,0,32,000,00,2,1,17,A01
200700062309,0,07,000,00,2,8,19,B01
200700062310,0,30,000,00,0,0,00,A01
200700062310,0,07,000,00,0,3,02,B01
200700062311,0,07,000,00,0,1,02,A01
200700062311,0,07,000,00,0,8,02,B01
200700062312,0,07,000,00,2,6,10,A01
200700062312,0,30,000,00,2,1,02,B01
200700062313,0,02,000,00,2,0,21,A01
200700062313,0,07,000,00,2,0,03,B01
200700062314,0,07,000,00,2,1,01,A01
200700062314,0,07,000,00,2,4,23,B01
200700062315,0,07,000,00,1,7,01,A01
200700062316,0,30,000,00,2,1,17,A01
200700062316,0,07,000,00,2,3,15,B01
200700062317,0,07,000,00,2,1,02,A01
200700062317,0,07,000,00,2,9,02,B01
200700062317,0,07,000,00,2,9,02,C01
200700062317,0,07,000,00,2,4,02,D01
200700062318,0,07,000,00,2,2,09,A01
200700062318,0,32,000,00,2,1,01,B01
200700062319,0,30,000,00,2,1,01,A01
200700062319,0,07,000,00,2,3,15,B01
200700062320,0,07,000,00,2,1,01,A01
200700062320,0,07,000,00,2,4,02,B01
200700062321,0,07,000,00,9,0,15,A01
200700062321,0,30,000,00,2,0,21,B01
200700062322,0,30,000,00,2,1,01,A01
200700062322,0,07,000,00,2,5,04,B01
200700062323,0,07,000,00,2,2,15,A01
200700062323,0,32,000,00,2,1,08,B01
200700062324,0,07,000,00,2,5,00,A01
200700062324,0,30,000,00,2,1,01,B01
200700062325,0,07,000,00,1,6,04,A01
200700062326,0,07,000,00,9,2,21,A01
200700062326,0,01,000,00,2,8,19,B01
200700062327,0,30,000,00,1,1,01,A01
200700062328,0,32,000,00,1,1,01,A01
200700062329,0,07,000,00,2,2,15,A01
200700062329,0,32,000,00,2,6,01,B01
200700062330,0,32,000,00,2,3,23,B01
200700062331,0,07,000,00,2,7,01,B01
200700062331,0,07,000,00,2,1,16,A01
200700062332,0,07,000,15,0,3,01,A01
200700062333,0,10,000,00,2,5,15,A01
200700062333,0,33,000,00,2,0,01,B01
200700062334,0,07,000,00,0,0,01,A01
200700062335,0,30,000,00,1,1,21,A01
200700062336,0,32,000,00,2,2,02,A01
200700062336,0,07,000,00,0,6,02,B01
200700062336,0,07,000,00,0,0,09,C01
200700062337,0,32,000,00,0,0,15,B01
200700062337,1,30,000,00,0,0,11,A01
200700062338,0,07,000,00,1,3,00,A01
200700062339,0,07,000,00,2,3,10,A01
200700062339,0,02,000,00,2,1,17,B01
200700062340,0,07,000,00,2,3,02,A01
200700062340,0,32,000,00,2,1,02,B01
200700062341,0,13,000,00,2,7,12,A01
200700062341,0,37,002,00,2,3,01,B01
200700062342,0,99,000,00,2,8,15,A01
200700062342,0,32,000,00,2,1,02,B01
200700062343,0,07,000,00,2,1,01,A01
200700062343,0,07,000,00,2,6,01,B01
200700062344,0,07,000,00,1,2,00,A01
200700062345,0,07,000,00,1,1,01,A01
200700062346,1,07,000,00,2,1,19,A01
200700062346,0,30,000,00,2,7,01,B01
200700062347,0,07,000,00,0,5,16,A01
200700062347,0,37,000,00,2,3,01,B01
200700062348,0,30,000,00,2,3,13,A01
200700062348,0,07,000,00,0,8,02,B01
200700062349,0,07,000,00,2,1,02,A01
200700062349,0,33,000,00,2,4,23,B01
200700062350,0,07,000,00,1,3,02,A01
200700062351,0,30,000,00,0,0,00,A01
200700062351,0,01,000,00,0,0,00,B01
200700062352,1,07,000,00,2,1,02,A01
200700062352,0,07,000,00,2,4,02,B01
200700062353,0,07,000,00,2,8,09,A01
200700062353,0,02,000,00,2,1,19,B01
200700062354,0,07,000,00,2,1,01,A01
200700062354,0,30,000,00,0,5,01,B01
200700062355,0,32,000,00,2,7,00,A01
200700062356,0,07,000,00,2,1,01,A01
200700062356,0,07,000,00,0,4,01,B01
200700062357,0,33,000,00,2,3,01,B01
200700062357,0,10,000,00,2,2,09,A01
200700062358,0,07,000,00,2,2,16,A01
200700062358,0,32,000,00,2,2,01,B01
200700062359,0,30,000,00,2,1,01,B01
200700062359,0,30,000,00,2,2,06,A01
200700062360,0,07,000,00,2,1,02,A01
200700062360,0,07,000,00,0,4,02,B01
200700062361,0,32,000,00,0,0,02,A01
200700062362,0,07,000,00,2,3,19,A01
200700062362,0,02,000,00,2,3,01,B01
200700062363,0,32,000,00,2,1,02,A01
200700062363,0,07,000,00,2,4,02,B01
200700062364,0,07,000,00,2,7,15,A01
200700062364,0,30,000,00,2,1,00,B01
200700062365,0,07,000,00,2,6,11,A01
200700062365,0,30,000,00,0,0,00,B01
200700062366,0,07,000,00,2,3,01,A01
200700062366,0,32,000,00,2,7,01,B01
200700062367,0,07,000,00,2,1,01,A01
200700062367,0,10,000,00,0,8,01,B01
200700062368,0,30,000,00,0,7,01,A01
200700062368,0,07,000,00,0,8,15,B01
200700062369,0,30,000,00,2,1,17,A01
200700062369,0,07,000,00,0,6,15,B01
200700062370,0,07,000,00,2,8,15,A01
200700062370,0,30,000,00,2,7,17,B01
200700062371,2,30,000,00,1,0,00,A01
200700062372,0,07,000,00,2,6,13,A01
200700062372,0,07,000,00,2,2,01,B01
200700062373,0,32,000,00,2,6,02,A01
200700062373,0,07,000,00,0,6,00,B01
200700062374,0,07,000,00,2,8,01,A01
200700062374,0,30,000,00,2,7,01,B01
200700062375,0,07,000,00,2,2,00,A01
200700062375,0,07,000,00,2,0,00,B01
200700062376,0,07,000,00,2,4,01,A01
200700062376,1,07,000,00,2,0,00,B01
200700062377,0,07,000,00,9,6,15,A01
200700062377,0,32,000,00,9,1,16,B01
200700062378,0,07,000,00,2,6,10,A01
200700062378,0,30,000,00,2,1,01,B01
200700062379,0,07,000,00,2,2,02,A01
200700062379,0,33,000,00,2,7,02,B01
200700062380,0,30,000,00,2,1,17,A01
200700062380,0,07,000,00,2,3,19,B01
200700062381,0,30,000,00,0,7,02,B01
200700062381,1,07,000,00,2,3,11,A01
200700062382,0,07,000,00,2,3,01,A01
200700062382,0,30,000,00,2,3,01,B01
200700062383,0,07,000,00,1,2,20,A01
200700062384,0,07,000,00,1,1,01,A01
200700062385,0,07,000,06,0,1,16,A01
200700062386,0,07,000,00,2,8,09,A01
200700062386,0,14,000,00,2,5,01,B01
200700062387,0,07,000,00,2,1,02,A01
200700062387,0,07,000,00,2,4,02,B01
200700062388,0,07,000,00,1,2,02,A01
200700062389,0,30,000,00,2,1,02,A01
200700062389,0,07,000,00,9,4,00,B01
200700062390,0,07,000,00,9,7,01,B01
200700062390,0,30,000,00,2,1,01,A01
200700062391,0,02,000,00,0,1,01,B01
200700062391,0,07,000,00,0,7,16,A01
200700062392,0,07,000,00,2,3,01,A01
200700062392,0,32,000,00,2,4,01,B01
200700062392,0,07,000,00,2,6,02,C01
200700062393,0,32,000,00,2,1,02,A01
200700062393,0,07,000,00,2,4,02,B01
200700062394,0,07,000,06,0,1,01,A01
200700062395,0,30,000,00,2,1,19,A01
200700062395,0,07,000,00,2,3,19,B01
200700062396,1,30,000,00,0,0,00,A01
200700062397,1,07,000,00,2,2,15,A01
200700062397,0,30,000,00,0,1,01,B01
200700062398,0,07,000,00,1,1,00,A01
200700062399,0,07,000,00,2,1,15,A01
200700062399,0,32,000,00,2,1,13,B01
200700062400,0,07,000,00,0,0,06,A01
200700062400,0,33,000,00,2,1,01,B01
200700062401,0,07,000,00,2,3,15,A01
200700062401,0,02,000,00,2,1,01,B01
200700062402,0,07,000,00,2,1,02,A01
200700062402,0,07,000,00,2,9,00,B01
200700062403,0,07,000,00,0,4,02,A01
200700062404,0,07,000,00,0,0,00,A01
200700062404,0,30,000,00,2,0,00,B01
200700062405,0,02,000,00,1,1,17,A01
200700062406,0,07,000,00,2,1,09,A01
200700062406,0,02,000,00,2,7,17,B01
200700062407,0,30,000,00,1,1,01,A01
200700062408,0,02,000,00,0,0,00,A01
200700062408,0,07,000,00,0,4,02,B01
200700062409,0,30,000,00,2,1,02,B01
200700062409,0,07,000,00,2,4,10,A01
200700062410,0,07,000,00,2,3,02,A01
200700062410,0,07,000,00,2,2,15,B01
200700062411,0,32,000,01,0,1,01,A01
200700062411,0,07,000,00,2,5,23,B01
200700062412,0,13,000,00,0,3,02,A01
200700062412,0,30,000,00,2,9,02,B01
200700062413,0,07,000,00,1,1,00,A01
200700062414,0,30,000,00,2,1,01,A01
200700062414,0,07,000,00,0,4,01,B01
200700062415,0,07,000,08,0,1,00,A01
200700062416,0,07,000,00,2,1,02,A01
200700062416,0,07,000,00,2,6,05,B01
200700062416,0,07,000,00,2,5,02,C01
200700062417,0,02,000,00,2,1,00,A01
200700062417,0,10,000,00,2,3,00,B01
200700062418,0,07,000,00,2,8,09,A01
200700062418,0,32,000,00,2,1,21,B01
200700062419,0,07,000,00,2,1,15,B01
200700062419,0,02,000,00,2,1,01,A01
200700062420,0,07,000,00,2,3,15,A01
200700062420,0,30,000,00,2,1,01,B01
200700062421,0,33,000,00,2,9,17,A01
200700062421,0,07,000,00,2,1,02,B01
200700062421,0,07,000,00,2,3,01,C01
200700062422,0,07,000,00,1,1,00,A01
200700062423,0,07,000,00,2,1,02,A01
200700062423,0,07,000,00,2,4,02,B01
200700062423,0,20,000,00,0,4,02,C01
200700062424,0,07,000,00,2,1,02,A01
200700062424,2,20,000,00,2,4,02,B01
200700062424,0,07,000,00,2,4,02,C01
200700062424,0,07,000,00,0,4,02,D01
200700062425,0,14,000,00,2,6,01,A01
200700062425,0,07,000,00,2,0,00,B01
200700062426,0,07,000,00,2,6,15,A01
200700062426,0,30,000,00,2,7,01,B01
200700062427,0,02,000,00,2,1,05,A01
200700062427,0,07,000,00,2,3,09,B01
200700062428,0,07,000,00,1,2,01,A01
200700062429,0,02,000,00,2,1,17,A01
200700062429,0,07,000,00,0,6,00,B01
200700062430,0,30,000,00,2,1,02,A01
200700062430,0,30,000,00,2,3,02,B01
200700062431,0,02,000,00,2,8,01,A01
200700062431,0,32,000,00,2,1,01,B01
200700062432,0,33,000,00,0,1,02,B01
200700062432,0,07,000,00,0,3,02,A01
200700062433,0,30,000,08,2,4,15,A01
200700062433,0,07,000,00,2,3,15,B01
200700062434,0,07,000,00,2,1,09,A01
200700062434,0,02,000,00,2,7,02,B01
200700062435,0,07,000,00,1,3,07,A01
200700062436,0,07,000,00,2,6,01,A01
200700062436,0,32,000,00,2,1,01,B01
200700062437,0,07,000,00,2,0,23,A01
200700062437,0,02,000,01,0,0,18,B01
200700062438,0,07,000,00,2,3,01,A01
200700062438,0,07,000,00,2,6,01,B01
200700062439,0,07,000,00,1,1,01,A01
200700062440,0,30,000,00,0,0,01,A01
200700062441,0,32,000,00,2,0,00,A01
200700062441,0,07,000,00,2,1,00,B01
200700062442,0,07,000,00,0,1,02,A01
200700062442,0,07,000,00,0,4,02,B01
200700062443,0,30,000,00,0,1,00,A01
200700062443,0,30,000,00,0,0,00,B01
200700062444,0,07,000,00,1,1,02,A01
200700062445,0,30,000,00,2,7,02,A01
200700062445,0,07,000,00,2,3,01,B01
200700062446,0,07,000,00,1,2,01,A01
200700062447,1,20,000,00,2,0,05,A01
200700062447,0,07,000,00,2,2,02,B01
200700062448,0,07,000,00,0,1,01,B01
200700062448,0,07,000,00,0,8,09,A01
200700062449,0,07,000,00,2,2,02,A01
200700062449,0,33,000,00,2,1,02,B01
200700062450,0,32,000,00,2,1,13,A01
200700062450,0,20,000,00,0,5,13,B01
200700062451,0,07,000,00,1,3,00,A01
200700062452,0,07,000,06,0,1,21,A01
200700062452,1,07,000,00,0,0,00,B01
200700062453,0,07,000,00,2,1,00,A01
200700062453,0,07,000,00,2,5,00,B01
200700062454,0,07,000,00,1,1,00,A01
200700062455,0,07,000,00,2,2,15,A01
200700062455,0,32,000,00,2,1,08,B01
200700062456,0,07,000,00,2,1,02,A01
200700062456,0,07,000,00,2,4,02,B01
200700062457,0,07,000,00,2,2,01,A01
200700062457,0,07,000,00,0,6,01,B01
200700062458,0,07,000,14,1,1,02,A01
200700062459,1,07,000,00,2,0,00,A01
200700062459,0,07,000,00,2,3,15,B01
200700062460,0,32,000,00,1,1,17,A01
200700062461,0,32,000,00,2,7,17,A01
200700062461,0,07,000,00,2,1,09,B01
200700062462,0,07,000,00,2,8,10,A01
200700062462,0,07,000,00,2,1,01,B01
200700062463,0,30,000,07,0,1,00,A01
200700062464,0,07,000,00,0,6,07,A01
200700062464,0,30,000,00,2,1,02,B01
200700062465,0,07,000,00,1,0,01,A01
200700062466,0,07,000,00,2,1,01,A01
200700062466,0,07,000,00,2,4,01,B01
200700062466,0,07,000,00,2,4,23,C01
200700062467,0,07,000,00,0,1,02,A01
200700062467,0,07,000,00,0,4,02,B01
200700062468,0,07,000,00,2,3,21,A01
200700062468,0,30,000,00,2,3,01,B01
200700062469,0,07,000,00,2,2,14,A01
200700062469,0,01,000,00,2,6,00,B01
200700062470,0,07,000,00,0,1,02,A01
200700062470,0,07,000,00,2,4,00,B01
200700062470,0,07,000,00,0,5,02,C01
200700062471,0,99,000,00,1,1,01,A01