Num_Acc,senc,catv,occutc,obs,obsm,choc,manv,num_veh
200700062472,0,07,000,00,2,1,02,A01
200700062472,0,07,000,00,2,3,00,B01
200700062473,0,07,000,00,2,7,01,A01
200700062473,0,07,000,00,2,4,01,B01
200700062474,0,07,000,00,0,4,02,B01
200700062474,1,07,000,00,0,0,00,A01
200700062475,0,07,000,00,2,1,00,A01
200700062475,0,07,000,00,2,2,00,B01
200700062476,0,07,000,00,2,3,15,A01
200700062476,0,32,000,00,2,7,01,B01
200700062477,0,30,000,00,1,1,01,A01
200700062478,0,37,030,00,1,3,02,A01
200700062479,0,07,000,00,0,0,01,A01
200700062479,0,32,000,01,0,0,15,B01
200700062480,0,07,000,00,2,7,16,A01
200700062480,0,30,000,00,2,8,07,B01
200700062481,0,07,000,00,1,2,17,A01
200700062482,0,02,000,00,2,1,17,B01
200700062482,0,07,000,00,2,3,23,C01
200700062482,0,07,000,00,2,3,15,A01
200700062483,0,07,000,00,2,6,15,A01
200700062483,0,07,000,00,2,2,01,B01
200700062483,0,07,000,00,0,8,00,C01
200700062484,0,07,000,00,2,2,01,A01
200700062484,0,30,000,00,2,1,01,B01
200700062485,0,07,000,14,0,1,02,A01
200700062485,0,07,000,14,0,4,02,B01
200700062485,0,07,000,00,0,4,02,C01
200700062486,0,02,000,00,2,8,10,A01
200700062486,0,32,000,00,2,1,02,B01
200700062487,0,32,000,00,0,0,17,A01
200700062488,0,02,000,00,2,1,02,A01
200700062488,0,07,000,00,0,5,02,B01
200700062489,0,32,000,00,2,2,17,A01
200700062489,0,07,000,00,2,3,15,B01
200700062490,0,07,000,00,2,8,22,A01
200700062490,0,32,000,00,2,1,17,B01
200700062491,0,07,000,00,1,7,01,A01
200700062492,0,07,000,00,2,3,15,A01
200700062492,0,30,000,00,2,1,01,B01
200700062493,0,07,000,00,2,7,16,A01
200700062493,0,30,000,00,2,8,07,B01
200700062494,0,07,000,00,1,0,01,A01
200700062495,0,07,000,00,0,1,02,A01
200700062495,0,07,000,00,0,4,02,B01
200700062496,0,07,000,00,1,2,04,A01
200700062497,0,30,000,00,0,0,00,A01
200700062497,0,07,000,00,0,0,00,B01
200700062498,0,07,000,00,0,3,01,A01
200700062499,0,07,000,00,0,5,16,A01
200700062499,0,30,000,00,0,3,02,B01
200700062500,0,07,000,00,2,3,02,A01
200700062500,0,14,000,00,2,7,12,B01
200700062501,0,07,000,00,2,1,01,A01
200700062501,0,07,000,06,2,9,01,B01
200700062502,0,30,000,00,0,7,13,A01
200700062502,0,07,000,00,0,5,02,B01
200700062503,0,30,000,00,2,1,02,A01
200700062503,0,07,000,00,9,6,02,B01
200700062504,0,02,000,00,2,1,17,A01
200700062504,0,07,000,00,9,6,02,B01
200700062505,0,30,000,00,0,0,00,A01
200700062505,0,07,000,00,0,0,00,B01
200700062505,0,10,000,00,0,0,00,C01
200700062506,0,07,000,00,1,1,01,A01
200700062507,0,07,000,00,2,1,02,A01
200700062507,0,07,000,00,2,4,02,B01
200700062508,1,30,000,00,1,0,01,A01
200700062509,0,07,000,00,1,0,01,A01
200700062510,0,07,000,00,2,1,09,A01
200700062510,0,07,000,00,2,1,01,B01
200700062511,0,07,000,00,2,1,02,A01
200700062511,0,07,000,00,2,4,02,B01
200700062511,0,07,000,01,2,4,02,C01
200700062512,0,10,000,00,1,7,02,A01
200700062513,0,07,000,00,2,2,09,A01
200700062513,0,33,000,00,2,3,01,B01
200700062514,0,07,000,00,2,1,01,A01
200700062514,0,32,000,00,2,9,23,B01
200700062514,0,07,000,00,2,4,23,C01
200700062515,0,30,000,00,0,0,12,A01
200700062516,0,30,000,00,2,1,01,A01
200700062516,0,07,000,00,2,3,19,B01
200700062517,0,02,000,00,2,8,01,A01
200700062517,0,07,000,00,2,2,01,B01
200700062518,0,07,000,00,0,4,00,A01
200700062518,0,32,000,00,2,1,00,B01
200700062519,0,07,000,00,1,1,01,A01
200700062520,0,07,000,00,2,2,15,A01
200700062520,0,33,000,00,2,1,01,B01
200700062521,0,32,000,00,0,1,15,A01
200700062522,0,07,000,00,2,7,16,A01
200700062522,0,30,000,00,0,0,01,B01
200700062523,0,10,000,00,0,2,09,A01
200700062523,0,02,000,00,2,1,01,B01
200700062524,0,07,000,00,2,6,15,A01
200700062524,0,32,000,00,2,1,17,B01
200700062525,0,07,000,00,2,1,02,A01
200700062525,0,07,000,00,2,4,02,B01
200700062525,0,07,000,00,2,4,02,C01
200700062526,0,07,000,00,2,0,00,A01
200700062526,0,32,000,00,2,0,00,B01
200700062527,0,32,000,00,2,1,00,A01
200700062527,0,07,000,00,2,1,00,B01
200700062528,0,30,000,00,2,0,00,A01
200700062528,0,07,000,00,2,0,00,B01
200700062528,0,07,000,00,0,0,01,C01
200700062529,0,30,000,00,0,0,00,A01
200700062530,0,07,000,00,2,8,15,B01
200700062530,0,32,000,00,2,7,01,A01
200700062531,0,07,000,08,0,1,01,A01
200700062532,0,07,000,00,0,7,23,B01
200700062532,0,01,000,00,2,1,19,A01
200700062533,0,07,000,00,2,3,01,B01
200700062533,0,07,000,00,2,3,16,A01
200700062534,0,07,000,13,0,9,14,A01
200700062535,1,07,000,00,1,2,02,A01
200700062536,0,07,000,00,1,1,01,A01
200700062537,0,07,000,00,2,3,01,B01
200700062537,0,07,000,00,2,3,15,A01
200700062538,0,31,000,04,0,1,01,A01
200700062539,0,01,000,00,2,1,16,B01
200700062539,0,01,000,00,2,0,01,A01
200700062540,0,07,000,00,2,3,01,A01
200700062540,0,07,000,00,2,2,01,B01
200700062541,0,07,000,00,2,3,13,A01
200700062541,0,33,000,00,2,7,16,B01
200700062542,0,07,000,00,0,1,01,B01
200700062542,0,07,000,00,2,1,01,A01
200700062543,0,07,000,00,2,7,16,A01
200700062543,0,17,000,00,2,3,01,B01
200700062544,0,07,000,00,2,5,12,B01
200700062544,0,02,000,00,2,8,11,A01
200700062545,0,30,000,00,2,1,01,B01
200700062545,0,07,000,00,2,1,15,A01
200700062546,0,07,000,00,2,1,01,B01
200700062546,0,07,000,00,2,1,13,A01
200700062547,0,34,000,00,2,6,21,B01
200700062547,0,07,000,00,2,3,15,A01
200700062548,0,17,000,00,2,1,13,A01
200700062548,0,17,000,00,2,3,21,B01
200700062549,1,99,000,00,9,0,02,A01
200700062549,0,01,000,00,2,0,02,B01
200700062550,0,33,000,00,0,0,00,A01
200700062551,0,07,000,00,2,1,02,A01
200700062551,0,07,000,00,0,4,02,B01
200700062552,0,07,000,00,2,1,01,A01
200700062552,0,13,000,00,2,1,01,B01
200700062552,0,07,000,00,0,4,01,C01
200700062553,0,10,000,00,2,7,16,A01
200700062553,0,32,000,00,2,1,01,B01
200700062554,0,07,000,06,0,3,02,A01
200700062555,0,07,000,00,2,3,09,A01
200700062555,0,33,000,00,2,7,09,B01
200700062556,0,07,000,14,0,1,02,A01
200700062557,0,07,000,01,2,1,13,A01
200700062557,0,07,000,00,2,3,01,B01
200700062558,0,30,000,00,5,0,00,B01
200700062559,0,33,000,00,0,1,01,A01
200700062560,0,07,000,00,2,1,01,A01
200700062560,0,07,000,00,2,3,10,B01
200700062561,0,17,000,00,2,1,01,A01
200700062561,0,07,000,00,2,8,01,B01
200700062561,0,32,000,00,0,0,01,C01
200700062562,0,07,000,00,1,1,01,A01
200700062563,0,07,000,00,2,8,01,A01
200700062563,0,07,000,00,2,1,01,B01
200700062564,0,07,000,04,2,1,02,A01
200700062564,0,07,000,03,0,3,02,B01
200700062565,0,07,000,00,2,1,06,A01
200700062565,0,07,000,00,2,1,01,B01
200700062566,0,30,000,00,2,7,01,B01
200700062566,0,07,000,00,2,1,05,A01
200700062567,0,07,000,00,2,1,01,A01
200700062567,0,32,000,00,2,4,01,B01
200700062568,0,07,000,00,0,1,16,A01
200700062568,0,07,000,14,0,1,16,B01
200700062569,0,07,000,13,0,3,13,A01
200700062570,0,07,000,00,2,3,02,B01
200700062570,0,07,000,15,2,1,15,A01
200700062571,0,07,000,00,1,1,01,A01
200700062572,0,02,000,00,2,1,01,A01
200700062572,0,07,000,00,2,3,00,B01
200700062573,0,07,000,00,2,2,01,A01
200700062573,0,30,000,00,2,1,00,B01
200700062574,0,02,000,00,2,7,01,B01
200700062574,0,07,000,00,2,3,09,A01
200700062575,0,02,000,00,2,2,01,B01
200700062575,0,07,000,00,2,1,15,A01
200700062576,0,07,000,00,2,3,15,A01
200700062576,0,33,000,00,2,1,00,B01
200700062577,0,30,000,00,2,1,01,A01
200700062577,0,07,000,00,2,8,01,B01
200700062578,0,02,000,00,2,7,01,B01
200700062578,0,07,000,00,2,8,09,A01
200700062579,0,07,000,03,2,2,02,A01
200700062579,0,07,000,00,2,6,02,B01
200700062580,0,07,000,00,1,2,01,A01
200700062581,1,07,000,00,1,4,04,A01
200700062582,0,07,000,00,2,3,15,A01
200700062582,0,33,000,00,0,1,01,B01
200700062583,0,32,000,00,2,7,17,A01
200700062583,0,07,000,00,2,3,15,B01
200700062584,0,07,000,00,2,2,00,A01
200700062584,0,07,000,00,2,3,00,B01
200700062585,0,31,000,06,0,8,02,A01
200700062586,0,07,000,00,2,1,01,A01
200700062586,0,07,000,00,2,7,01,B01
200700062586,0,07,000,00,2,1,23,C01
200700062587,0,07,000,00,2,1,02,A01
200700062587,0,07,000,00,2,4,02,B01
200700062587,0,07,000,00,2,4,02,D01
200700062587,0,07,000,00,2,4,02,C01
200700062588,0,10,000,00,1,0,00,A01
200700062589,0,07,000,00,1,3,01,A01
200700062590,1,10,000,00,1,1,01,A01
200700062591,0,07,000,00,2,2,15,A01
200700062591,0,01,000,00,2,1,01,B01
200700062592,0,07,000,00,1,1,15,A01
200700062593,0,07,000,00,2,3,15,A01
200700062593,0,30,000,00,2,1,01,B01
200700062594,0,07,000,15,0,9,00,A01
200700062595,0,33,000,14,0,0,01,A01
200700062596,0,30,000,00,0,4,01,A01
200700062596,1,99,000,00,0,1,00,B01
200700062597,0,07,000,00,1,1,01,C01
200700062597,0,07,000,00,2,8,01,B01
200700062597,0,02,000,00,2,1,15,A01
200700062598,0,07,000,00,1,2,01,A01
200700062599,0,07,000,00,2,1,13,A01
200700062599,0,07,000,00,2,1,01,B01
200700062600,0,07,000,00,2,7,02,A01
200700062600,0,07,000,00,2,9,02,B01
200700062600,0,07,000,00,2,4,02,C01
200700062600,0,07,000,00,2,1,05,D01
200700062601,0,07,000,00,1,3,01,A01
200700062602,0,07,000,00,1,6,04,A01
200700062603,0,07,000,00,2,0,00,A01
200700062603,0,30,000,00,9,1,01,B01
200700062604,0,07,000,00,1,6,04,A01
200700062605,0,07,000,00,2,1,01,A01
200700062605,0,31,000,00,2,4,01,B01
200700062606,0,34,000,00,2,3,10,A01
200700062606,0,02,000,00,2,1,02,B01
200700062607,0,07,000,00,2,3,10,A01
200700062607,0,30,000,00,2,1,01,B01
200700062608,0,07,000,00,2,8,22,A01
200700062608,0,01,000,01,0,1,22,B01
200700062609,0,02,000,00,2,8,01,A01
200700062609,0,07,000,00,2,3,15,B01
200700062610,0,07,000,00,2,2,01,A01
200700062610,0,07,000,00,2,6,23,B01
200700062611,0,10,000,00,2,2,05,A01
200700062611,0,30,000,01,2,1,21,B01
200700062611,0,01,000,00,2,1,01,C01
200700062612,0,03,000,04,2,3,01,A01
200700062613,0,07,000,00,2,2,01,A01
200700062613,0,30,000,00,2,4,01,B01
200700062614,0,07,000,00,2,1,01,B01
200700062614,0,07,000,00,2,3,15,A01
200700062615,0,07,000,06,0,1,01,A01
200700062616,0,07,000,00,1,3,01,A01
200700062617,0,07,000,00,2,8,19,A01
200700062617,0,34,000,00,2,1,01,B01
200700062618,0,07,000,00,2,1,15,A01
200700062618,0,31,000,00,2,8,01,B01
200700062619,0,07,000,00,2,4,23,B01
200700062619,0,10,000,00,2,1,01,A01
200700062619,0,33,000,00,2,1,01,C01
200700062619,0,07,000,00,2,1,01,D01
200700062620,0,07,000,00,2,1,01,A01
200700062620,0,07,000,00,2,4,01,B01
200700062621,0,07,000,00,2,4,01,A01
200700062621,0,02,000,00,2,1,01,B01
200700062622,0,01,000,00,2,4,09,A01
200700062622,0,07,000,00,2,1,01,B01
200700062623,0,07,000,00,1,7,01,A01
200700062624,0,07,000,00,2,8,09,A01
200700062624,0,02,000,00,2,1,01,B01
200700062625,0,07,000,04,0,8,13,A01
200700062626,0,07,000,00,2,3,10,A01
200700062626,0,33,000,00,2,1,17,B01
200700062627,0,07,000,00,2,8,19,A01
200700062627,0,02,000,00,2,1,01,B01
200700062628,0,02,000,00,2,1,01,A01
200700062628,0,07,000,00,2,8,01,B01
200700062629,0,01,000,00,2,4,01,A01
200700062629,0,07,000,00,2,1,01,B01
200700062630,0,07,000,00,2,2,20,A01
200700062630,0,01,000,01,2,9,01,B01
200700062631,0,01,000,00,2,8,01,B01
200700062631,0,07,000,00,2,3,15,A01
200700062632,0,07,000,00,2,2,16,A01
200700062632,0,01,000,00,2,1,01,B01
200700062633,0,31,000,00,2,1,01,A01
200700062633,0,01,000,00,2,7,19,B01
200700062634,0,07,000,00,1,2,01,A01
200700062635,0,01,000,00,1,1,01,A01
200700062636,0,07,000,00,2,1,01,A01
200700062636,0,01,000,00,2,8,01,B01
200700062637,0,01,000,00,2,7,01,B01
200700062637,0,07,000,00,2,1,01,A01
200700062638,0,07,000,00,2,1,15,A01
200700062638,0,02,000,00,2,1,01,B01
200700062639,0,07,000,00,2,7,16,A01
200700062639,0,02,000,00,2,1,01,B01
200700062640,0,07,000,00,2,2,15,A01
200700062640,0,07,000,00,2,8,01,B01
200700062640,0,07,000,00,2,8,01,C01
200700062641,0,07,000,00,2,1,09,A01
200700062641,0,07,000,00,2,8,10,B01
200700062642,0,07,000,00,2,1,15,A01
200700062642,0,33,000,00,2,7,01,B01
200700062643,0,31,000,00,2,8,15,B01
200700062643,0,07,000,00,2,3,15,A01
200700062644,0,07,000,00,2,1,09,A01
200700062644,0,07,000,00,2,8,09,B01
200700062645,0,07,000,00,2,3,22,A01
200700062645,0,01,000,01,0,1,17,B01
200700062646,0,30,000,00,2,8,15,A01
200700062646,0,07,000,00,2,3,01,B01
200700062647,0,30,000,00,0,7,14,A01
200700062648,0,31,000,00,2,1,01,A01
200700062648,0,07,000,00,2,2,20,B01
200700062649,0,07,000,00,0,0,01,A01
200700062650,0,07,000,00,2,1,01,A01
200700062650,0,01,000,00,2,7,01,B01
200700062651,0,07,000,00,2,1,01,A01
200700062651,0,33,000,00,2,4,01,B01
200700062652,0,07,000,00,2,1,02,A01
200700062652,0,01,000,00,2,4,23,B01
200700062653,0,07,000,00,2,3,15,A01
200700062653,0,07,000,00,2,3,01,B01
200700062654,0,07,000,00,2,1,15,A01
200700062654,0,02,000,00,2,1,01,B01
200700062655,0,02,000,00,0,0,00,A01
200700062656,0,07,000,00,2,3,15,A01
200700062656,0,01,000,00,2,1,01,B01
200700062657,0,02,000,00,2,1,05,A01
200700062657,0,07,000,00,2,1,01,B01
200700062658,0,07,000,00,2,2,15,B01
200700062658,0,02,000,00,2,3,01,A01
200700062659,0,07,000,00,1,1,01,A01
200700062660,0,01,000,00,2,4,01,A01
200700062660,0,07,000,00,9,1,01,B01
200700062661,0,07,000,00,2,8,01,A01
200700062661,0,30,000,00,2,1,01,B01
200700062662,0,07,000,00,2,1,01,A01
200700062662,0,07,000,00,2,4,01,B01
200700062663,0,07,000,00,0,9,01,A01
200700062664,0,07,000,00,1,1,01,A01
200700062665,0,02,000,00,2,1,05,A01
200700062665,0,07,000,00,2,1,01,B01
200700062666,0,30,000,00,2,1,17,A01
200700062666,0,07,000,00,2,3,15,B01
200700062667,0,07,000,00,2,1,01,A01
200700062667,0,07,000,00,2,4,01,B01
200700062668,0,07,000,00,2,1,02,A01
200700062668,0,02,000,00,0,4,23,B01
200700062669,0,03,000,00,2,2,19,A01
200700062669,0,07,000,00,2,3,01,B01
200700062670,0,07,000,00,1,1,15,A01
200700062671,0,07,000,00,2,3,01,A01
200700062671,0,01,000,00,2,1,19,B01
200700062672,0,07,000,00,2,1,02,A01
200700062672,0,07,000,00,0,4,01,B01
200700062673,0,02,000,00,0,8,01,B01
200700062673,0,07,000,00,2,1,19,A01
200700062674,0,07,000,00,0,9,00,A01
200700062675,0,34,000,00,2,1,01,B01
200700062675,0,07,000,00,2,7,19,A01
200700062676,0,07,000,16,0,9,14,A01
200700062677,0,34,000,16,0,1,13,A01
200700062678,2,07,000,00,2,1,13,A01
200700062678,0,07,000,00,0,8,01,B01
200700062679,0,07,000,00,2,1,02,A01
200700062679,0,07,000,00,0,8,20,B01
200700062680,0,07,000,00,1,1,01,A01
200700062681,0,30,000,00,2,1,02,A01
200700062681,0,07,000,00,2,4,02,B01
200700062682,0,30,000,00,2,7,02,A01
200700062682,0,07,000,00,0,8,20,B01
200700062683,0,37,001,00,1,3,01,A01
200700062684,0,07,000,00,2,2,17,A01
200700062684,0,07,000,00,0,8,17,B01
200700062684,0,07,000,00,2,0,02,C01
200700062685,0,07,000,00,2,3,10,A01
200700062685,0,33,000,00,2,3,17,B01
200700062686,0,10,000,00,2,4,12,A01
200700062686,0,33,000,00,2,1,02,B01
200700062686,0,07,000,00,2,3,02,C01
200700062687,0,30,000,00,2,2,17,A01
200700062687,0,07,000,00,2,8,20,B01
200700062688,0,01,000,01,0,7,02,A01
200700062689,0,02,000,00,2,2,03,A01
200700062689,0,10,000,00,2,3,02,B01
200700062690,0,07,000,00,2,1,02,A01
200700062690,0,07,000,00,2,4,01,C01
200700062690,0,07,000,00,2,4,02,B01
200700062691,0,01,000,00,2,1,14,B01
200700062691,0,07,000,00,2,3,14,A01
200700062692,0,02,000,00,2,7,14,B01
200700062692,0,07,000,00,2,8,00,A01
200700062693,0,03,000,00,2,1,09,B01
200700062693,0,02,000,00,2,1,05,A01
200700062694,0,03,000,00,1,1,01,A01
200700062695,1,07,000,00,1,0,02,A01
200700062696,0,30,000,00,2,1,13,A01
200700062696,0,07,000,00,0,3,15,B01
200700062697,0,07,000,00,1,0,01,A01
200700062698,0,07,000,01,0,3,01,A01
200700062699,0,07,000,00,2,0,09,A01
200700062699,0,07,000,00,2,0,01,B01
200700062700,0,07,000,00,2,8,15,A01
200700062700,0,33,000,00,2,7,01,B01
200700062701,0,10,000,00,2,1,16,A01
200700062701,0,20,000,00,2,1,01,B01
200700062702,0,07,000,00,2,3,01,B01
200700062702,0,02,000,00,2,1,01,A01
200700062703,0,07,000,00,2,1,09,A01
200700062703,0,02,000,00,2,1,01,B01
200700062703,0,07,000,00,2,1,01,C01
200700062704,0,02,000,00,2,1,09,A01
200700062704,0,07,000,00,2,2,01,B01
200700062705,0,10,000,02,0,1,01,A01
200700062706,0,07,000,00,2,2,15,A01
200700062706,0,33,000,00,2,7,01,B01
200700062707,0,07,000,00,2,1,09,A01
200700062707,0,02,000,00,2,1,01,B01
200700062708,0,07,000,00,2,1,02,A01
200700062708,0,07,000,00,2,4,02,B01
200700062708,0,07,000,00,2,4,23,C01
200700062709,0,07,000,00,2,2,15,A01
200700062709,0,07,000,00,2,1,00,B01
200700062710,0,07,000,00,1,1,01,A01
200700062711,0,30,000,00,2,1,01,A01
200700062711,0,07,000,00,2,3,01,B01
200700062712,0,07,000,00,2,3,01,A01
200700062712,0,07,000,00,2,1,01,B01
200700062713,0,02,000,00,2,1,02,A01
200700062713,0,07,000,00,0,6,15,B01
200700062714,0,07,000,02,2,1,01,A01
200700062714,0,07,000,00,2,1,09,B01
200700062715,0,07,000,00,1,2,21,A01
200700062716,0,07,000,16,0,1,01,A01
200700062717,0,07,000,00,2,3,00,B01
200700062717,0,14,000,00,2,2,00,A01
200700062718,0,02,000,00,2,1,01,B01
200700062718,0,07,000,00,2,8,09,A01
200700062719,0,07,000,13,0,9,01,A01
200700062720,0,07,000,00,2,1,15,A01
200700062720,0,02,000,00,2,1,01,B01
200700062721,0,02,000,00,2,1,05,A01
200700062721,0,07,000,00,2,1,01,B01
200700062722,0,02,000,11,0,1,17,A01
200700062723,0,07,000,01,0,2,01,A01
200700062724,0,07,000,00,2,2,01,A01
200700062724,0,01,000,00,2,4,15,B01
200700062725,0,07,000,00,2,6,10,A01
200700062725,0,02,000,00,2,1,01,B01
200700062726,0,07,000,00,1,3,15,A01
200700062727,0,07,000,00,2,8,01,A01
200700062727,0,01,000,00,2,1,19,B01
200700062728,1,10,000,00,2,1,01,A01
200700062728,0,07,000,00,2,3,15,B01
200700062729,0,33,000,00,2,1,17,A01
200700062729,0,07,000,00,2,3,15,B01
200700062730,0,03,000,00,2,7,15,A01
200700062730,0,07,000,00,2,2,01,B01
200700062731,0,02,000,00,2,1,01,A01
200700062731,0,07,000,00,2,2,01,B01
200700062732,0,07,000,00,2,2,16,A01
200700062732,0,02,000,00,2,4,01,B01
200700062733,0,01,000,00,2,1,01,B01
200700062733,0,07,000,00,2,1,15,A01
200700062734,0,33,000,00,2,2,17,A01
200700062734,0,17,000,00,2,3,15,B01
200700062735,0,10,000,00,2,3,15,A01
200700062735,0,02,000,00,2,1,01,B01
200700062736,0,02,000,00,2,1,17,A01
200700062736,0,07,000,00,2,8,15,B01
200700062737,0,02,000,00,2,1,05,A01
200700062737,0,07,000,00,2,1,01,B01
200700062738,0,07,000,00,1,1,01,A01
200700062739,0,07,000,04,2,1,02,A01
200700062739,0,33,000,00,2,4,02,B01
200700062739,0,07,000,00,2,4,01,C01
200700062740,0,99,000,00,2,1,02,A01
200700062740,0,17,000,00,2,4,01,B01
200700062741,0,07,000,00,2,1,01,B01
200700062741,0,07,000,00,2,2,15,A01
200700062742,0,02,000,00,2,1,17,A01
200700062742,0,07,000,00,2,3,15,B01
200700062743,0,02,000,00,2,2,16,A01
200700062743,0,07,000,00,2,3,16,B01
200700062744,0,10,000,00,2,3,16,A01
200700062744,0,07,000,00,2,2,15,B01
200700062745,0,07,000,00,2,2,15,A01
200700062745,0,02,000,00,2,1,08,B01
200700062746,0,37,001,00,1,6,16,A01
200700062747,0,02,000,00,2,3,11,A01
200700062747,0,07,000,00,2,2,01,B01
200700062748,0,07,000,00,2,2,14,A01
200700062748,0,02,000,00,2,3,18,B01
200700062749,0,07,000,00,1,2,01,A01
200700062750,0,07,000,00,2,3,01,B01
200700062750,0,07,000,00,2,1,01,A01
200700062751,0,07,000,00,1,2,01,A01
200700062752,0,17,000,00,2,2,15,A01
200700062752,0,07,000,00,2,6,15,B01
200700062753,0,07,000,00,2,8,11,A01
200700062753,0,31,000,00,2,2,01,B01
200700062754,0,33,000,00,2,2,17,A01
200700062754,0,07,000,00,2,3,15,B01
200700062755,0,02,000,00,2,2,01,A01
200700062755,0,10,000,00,2,3,15,B01
200700062756,0,02,000,00,1,1,01,A01
200700062757,0,02,000,00,2,1,01,B01
200700062757,0,07,000,00,2,3,01,A01
200700062758,0,07,000,00,2,2,15,A01
200700062758,0,02,000,00,2,3,01,B01
200700062759,0,02,000,00,2,1,15,A01
200700062759,0,07,000,00,2,1,01,B01
200700062760,0,02,000,01,2,1,18,A01
200700062760,0,07,000,00,2,2,16,B01
200700062761,0,07,000,00,2,8,01,B01
200700062761,0,10,000,00,2,1,01,A01
200700062762,0,07,000,00,2,5,00,B01
200700062762,0,02,000,00,2,7,02,A01
200700062763,0,14,000,00,2,1,01,B01
200700062763,0,07,000,00,2,2,01,A01
200700062764,0,07,000,08,0,1,14,A01
200700062765,0,07,000,00,1,1,01,A01
200700062766,0,07,000,00,9,1,01,B01
200700062766,0,30,000,00,2,1,15,A01
200700062767,0,30,000,00,2,1,01,A01
200700062767,0,16,000,00,9,3,04,B01
200700062768,0,15,000,03,0,1,00,A01
200700062769,0,07,000,00,2,4,02,B01
200700062769,0,07,000,00,2,1,02,A01
200700062770,2,07,000,06,0,7,01,A01
200700062771,0,02,000,12,0,7,01,A01
200700062772,0,07,000,13,0,7,01,A01
200700062773,0,01,000,00,2,1,18,B01
200700062773,0,07,000,00,2,7,23,A01
200700062774,0,07,000,03,0,1,16,A01
200700062775,0,07,000,00,2,1,01,B01
200700062775,0,02,000,00,2,1,09,A01
200700062776,0,02,000,00,2,8,16,B01
200700062776,0,07,000,00,2,2,15,A01
200700062777,0,07,000,05,0,1,15,A01
200700062777,0,07,000,00,2,1,17,C01
200700062777,0,07,000,00,2,4,17,B01
200700062777,0,07,000,14,0,0,01,H01
200700062777,0,07,000,00,2,1,17,D01
200700062777,0,07,000,14,0,0,01,G01
200700062777,0,07,000,14,0,0,01,F01
200700062777,0,07,000,00,2,4,17,E01
200700062778,0,07,000,07,0,3,01,A01
200700062779,0,30,000,00,0,7,01,A01
200700062780,0,02,000,00,2,4,01,B01
200700062780,0,07,000,00,2,1,09,A01
200700062781,0,07,000,00,1,7,01,A01
200700062782,0,30,000,00,2,1,02,A01
200700062782,0,10,000,00,2,5,16,B01
200700062783,0,07,000,14,0,2,13,A01
200700062784,0,07,000,00,1,7,01,A01
200700062785,0,33,000,00,0,4,16,B01
200700062785,0,07,000,00,2,1,02,A01
200700062786,0,07,000,00,1,1,01,A01
200700062787,0,01,000,00,0,0,01,A01
200700062788,0,13,000,04,0,7,13,A01
200700062789,0,14,000,00,2,4,01,B01
200700062789,0,13,000,00,2,4,00,A01
200700062790,0,02,000,00,0,7,00,A01
200700062791,0,07,000,00,2,6,00,A01
200700062791,0,30,000,00,2,1,00,B01
200700062792,0,07,000,00,1,1,00,A01
200700062793,0,30,000,00,2,1,00,A01
200700062793,0,07,000,00,0,4,20,B01
200700062793,0,07,000,00,2,8,00,C01
200700062794,0,07,000,00,2,1,01,B01
200700062794,0,07,000,00,0,8,19,A01
200700062795,0,07,000,00,2,1,01,B01
200700062795,0,07,000,00,0,8,19,A01
200700062796,0,07,000,00,0,2,02,B01
200700062796,0,07,000,00,0,3,15,A01
200700062797,0,05,000,00,2,0,02,A01
200700062797,0,02,000,00,2,7,15,B01
200700062798,0,13,000,00,1,4,04,A01
200700062799,0,07,000,00,2,2,05,A01
200700062799,0,07,000,00,2,2,02,B01
200700062800,0,07,000,00,2,2,02,A01
200700062800,0,07,000,00,2,3,02,B01
200700062801,0,02,000,00,2,1,17,B01
200700062801,0,07,000,00,2,3,15,A01
200700062802,0,02,000,00,2,8,05,A01
200700062802,0,07,000,00,0,8,00,B01
200700062803,0,07,000,00,1,2,01,A01
200700062804,0,33,000,09,0,1,01,A01
200700062804,0,07,000,00,0,0,14,B01
200700062805,0,10,000,00,2,3,09,A01
200700062805,0,02,000,00,2,1,01,B01
200700062806,0,31,000,00,2,1,17,A01
200700062806,0,15,000,00,2,2,10,B01
200700062807,0,02,000,00,2,1,17,A01
200700062807,0,10,000,00,2,3,15,B01
200700062808,0,07,000,00,2,1,15,B01
200700062808,0,02,000,00,2,1,17,A01
200700062809,0,34,000,00,2,1,13,A01
200700062809,0,10,000,00,2,6,01,B01
200700062810,0,07,000,00,2,1,01,A01
200700062810,0,07,000,00,2,4,02,B01
200700062810,0,07,000,00,2,4,02,C01
200700062811,0,07,000,00,1,2,01,A01
200700062812,0,07,000,00,1,1,00,A01
200700062813,0,07,000,00,2,2,01,A01
200700062813,0,07,000,00,2,5,01,B01
200700062814,0,07,000,00,2,3,15,B01
200700062814,0,31,000,00,2,7,00,A01
200700062815,0,30,000,00,2,1,16,A01
200700062815,0,07,000,00,2,2,15,B01
200700062816,0,07,000,00,1,7,21,A01
200700062817,0,07,000,00,1,3,01,A01
200700062818,0,30,000,00,1,0,00,A01
200700062819,0,07,000,00,2,7,15,A01
200700062819,0,30,000,00,2,1,01,B01
200700062820,0,30,000,00,1,1,01,A01
200700062821,0,07,000,00,2,2,15,A01
200700062821,0,33,000,00,2,1,01,B01
200700062822,0,07,000,00,0,4,02,A01
200700062822,0,33,000,00,0,1,02,B01