Num_Acc,senc,catv,occutc,obs,obsm,choc,manv,num_veh
200700062823,0,07,000,00,2,1,02,A01
200700062823,0,07,000,00,0,4,02,B01
200700062824,0,33,000,00,2,1,01,B01
200700062824,0,07,000,00,2,3,09,A01
200700062825,0,07,000,00,1,4,20,A01
200700062826,0,07,000,07,0,1,01,A01
200700062827,0,07,000,00,0,1,00,A01
200700062827,0,07,000,00,0,4,00,B01
200700062828,0,07,000,12,0,3,00,A01
200700062829,0,07,000,05,0,2,14,A01
200700062830,0,37,001,00,1,2,01,A01
200700062831,0,02,000,00,2,1,18,A01
200700062831,0,07,000,00,2,2,16,B01
200700062832,0,07,000,00,1,2,01,A01
200700062833,0,01,000,00,2,3,00,A01
200700062833,0,07,000,00,2,3,01,B01
200700062834,0,07,000,00,2,1,15,A01
200700062834,0,02,000,00,2,1,16,B01
200700062835,0,07,000,00,2,1,17,A01
200700062835,0,02,000,00,2,1,01,B01
200700062836,0,07,000,00,2,5,15,A01
200700062836,0,01,000,00,2,1,01,B01
200700062837,0,07,000,00,2,2,01,B01
200700062837,0,07,000,00,2,3,15,A01
200700062838,0,07,000,09,0,7,15,A01
200700062838,0,07,000,00,2,1,01,B01
200700062839,0,16,000,00,2,0,15,A01
200700062839,0,31,000,00,2,8,01,B01
200700062839,0,07,000,00,2,7,05,C01
200700062840,0,07,000,04,0,9,16,A01
200700062841,0,31,000,00,2,1,18,A01
200700062841,0,10,000,00,2,2,16,B01
200700062842,0,07,000,00,1,2,01,A01
200700062843,0,30,000,00,2,2,05,A01
200700062843,0,07,000,00,2,3,00,B01
200700062844,0,07,000,00,1,2,01,A01
200700062845,0,07,000,00,1,1,00,A01
200700062846,0,02,000,00,2,1,05,B01
200700062846,0,30,000,00,2,1,05,A01
200700062847,0,07,000,00,0,2,01,A01
200700062848,0,07,000,00,2,1,01,B01
200700062848,0,07,000,00,2,1,01,A01
200700062849,0,07,000,00,2,1,13,A01
200700062849,0,07,000,00,2,1,01,B01
200700062850,0,07,000,00,2,2,01,A01
200700062850,0,07,000,00,2,1,16,B01
200700062851,0,07,000,00,2,1,01,B01
200700062851,0,02,000,00,2,1,19,A01
200700062852,0,07,000,00,2,1,01,A01
200700062852,0,01,000,00,2,7,19,B01
200700062853,0,02,000,00,2,1,01,B01
200700062853,0,07,000,00,2,2,19,A01
200700062854,0,07,000,00,2,1,01,B01
200700062854,0,07,000,00,2,1,01,A01
200700062855,0,07,000,00,2,1,01,A01
200700062855,0,07,000,00,2,4,23,B01
200700062855,0,07,000,00,2,4,23,C01
200700062855,0,07,000,00,0,4,23,D01
200700062856,0,02,000,00,2,1,01,B01
200700062856,0,07,000,00,2,4,01,A01
200700062856,0,07,000,00,2,6,01,C01
200700062857,0,02,000,00,2,1,10,B01
200700062857,0,07,000,00,2,1,09,A01
200700062858,0,02,000,00,2,1,01,A01
200700062858,0,07,000,00,2,2,01,B01
200700062859,0,07,000,00,2,1,09,A01
200700062859,0,01,000,00,2,2,01,B01
200700062860,0,07,000,00,2,3,15,A01
200700062860,0,02,000,00,2,1,01,B01
200700062861,0,01,000,00,2,1,01,B01
200700062861,0,07,000,00,2,7,19,A01
200700062862,0,30,000,00,1,1,17,A01
200700062863,0,07,000,00,2,2,19,A01
200700062863,0,07,000,00,2,1,01,B01
200700062864,0,02,000,00,2,7,01,B01
200700062864,0,07,000,00,2,3,19,A01
200700062865,0,07,000,00,2,1,01,A01
200700062865,0,07,000,00,2,3,01,B01
200700062866,0,07,000,00,2,1,15,A01
200700062866,0,01,000,00,2,1,01,B01
200700062867,0,37,001,00,1,2,01,A01
200700062868,0,07,000,00,1,2,01,A01
200700062869,1,07,000,00,1,1,00,A01
200700062870,0,07,000,00,2,7,12,A01
200700062870,0,02,000,00,2,8,01,B01
200700062871,0,07,000,00,1,3,01,A01
200700062872,0,07,000,00,2,3,09,A01
200700062872,0,02,000,00,2,1,01,B01
200700062873,0,37,007,00,0,0,01,A01
200700062874,0,30,000,00,2,7,16,B01
200700062874,0,07,000,00,2,2,01,A01
200700062875,0,07,000,00,2,1,01,A01
200700062875,0,07,000,00,2,1,01,B01
200700062876,0,01,000,00,2,1,01,A01
200700062876,0,07,000,00,2,3,01,B01
200700062877,0,01,000,00,2,3,01,B01
200700062877,0,07,000,00,2,1,15,A01
200700062878,0,02,000,00,2,1,01,A01
200700062878,0,10,000,00,2,4,01,B01
200700062879,0,02,000,00,2,1,01,A01
200700062879,0,07,000,00,2,4,01,B01
200700062880,0,07,000,00,2,1,01,A01
200700062880,0,07,000,00,2,1,01,B01
200700062880,0,07,000,00,2,4,01,C01
200700062881,0,33,000,00,2,1,01,A01
200700062881,0,07,000,00,2,3,01,B01
200700062882,0,02,000,00,2,1,09,A01
200700062882,0,07,000,00,2,1,01,B01
200700062883,0,07,000,00,2,1,01,A01
200700062883,0,07,000,00,2,4,01,B01
200700062884,0,07,000,00,2,3,19,A01
200700062884,0,07,000,00,2,1,01,B01
200700062885,0,02,000,00,2,7,17,A01
200700062885,0,07,000,00,2,8,01,B01
200700062886,0,02,000,01,1,1,01,A01
200700062887,0,07,000,00,0,1,02,A01
200700062887,0,07,000,09,0,3,02,B01
200700062888,0,33,000,12,0,1,01,A01
200700062889,0,07,000,00,2,7,15,A01
200700062889,0,33,000,00,2,1,01,B01
200700062890,0,07,000,00,2,1,02,A01
200700062890,0,07,000,00,2,4,23,B01
200700062891,0,07,000,16,0,9,01,A01
200700062892,0,07,000,00,2,4,24,B01
200700062892,0,07,000,01,0,1,01,A01
200700062893,0,14,000,00,2,5,23,B01
200700062893,0,07,000,00,2,2,01,A01
200700062894,0,07,000,00,2,1,01,B01
200700062894,0,07,000,00,2,1,10,A01
200700062895,0,07,000,00,2,3,01,B01
200700062895,0,07,000,00,2,1,15,A01
200700062896,0,30,000,00,2,1,01,B01
200700062896,0,07,000,00,2,3,15,A01
200700062896,0,07,000,00,2,1,23,C01
200700062897,0,07,000,00,1,0,01,A01
200700062898,0,07,000,00,1,1,01,A01
200700062899,0,07,000,15,2,1,01,B01
200700062899,0,07,000,00,2,1,01,A01
200700062900,0,30,000,00,2,1,00,A01
200700062900,0,07,000,00,2,4,00,B01
200700062901,0,07,000,00,1,7,01,A01
200700062902,0,07,000,00,2,1,01,A01
200700062902,0,07,000,00,2,4,01,B01
200700062903,0,02,000,00,2,1,08,A01
200700062903,0,07,000,00,2,2,15,B01
200700062904,0,07,000,00,2,1,09,A01
200700062904,0,07,000,00,2,2,01,B01
200700062905,0,07,000,00,2,1,05,A01
200700062905,0,07,000,00,2,1,01,B01
200700062906,0,07,000,00,2,1,02,A01
200700062906,0,07,000,00,2,4,01,B01
200700062907,0,01,000,00,2,6,10,A01
200700062907,0,07,000,00,2,1,01,B01
200700062908,0,07,000,00,2,1,05,A01
200700062908,0,02,000,00,2,1,01,B01
200700062909,0,07,000,00,2,1,00,A01
200700062910,0,07,000,01,0,1,00,A01
200700062911,0,07,000,00,1,1,01,A01
200700062912,0,07,000,00,2,1,01,A01
200700062912,0,07,000,00,2,1,01,B01
200700062912,0,07,000,00,0,4,01,C01
200700062913,0,07,000,00,2,1,13,A01
200700062913,0,14,000,00,2,1,01,B01
200700062914,0,02,000,00,2,1,17,A01
200700062914,0,07,000,00,0,3,11,B01
200700062915,0,30,000,00,2,1,01,A01
200700062915,0,07,000,00,2,5,01,B01
200700062916,0,07,000,00,2,2,09,A01
200700062916,0,07,000,00,2,3,01,B01
200700062917,0,15,000,00,0,0,01,A01
200700062917,0,07,000,00,9,1,01,B01
200700062918,0,07,000,00,2,8,10,A01
200700062918,0,07,000,00,2,1,01,B01
200700062919,0,07,000,00,1,3,01,A01
200700062920,0,03,000,00,2,1,01,A01
200700062920,0,07,000,00,2,1,01,B01
200700062921,0,07,000,00,2,8,09,A01
200700062921,0,07,000,00,2,5,01,B01
200700062922,0,07,000,00,2,3,16,B01
200700062922,0,02,000,00,2,1,01,A01
200700062923,0,07,000,00,2,1,01,A01
200700062923,0,07,000,00,2,4,01,B01
200700062924,0,07,000,00,1,1,01,A01
200700062925,0,07,000,00,1,1,01,A01
200700062926,0,31,000,00,1,0,00,A01
200700062927,0,30,000,00,2,1,01,A01
200700062927,0,07,000,00,2,2,01,B01
200700062928,0,01,000,00,1,1,01,A01
200700062929,0,33,000,00,2,1,01,B01
200700062929,0,07,000,00,2,6,11,A01
200700062930,0,02,000,00,2,1,16,A01
200700062930,0,07,000,00,2,4,01,B01
200700062931,0,07,000,00,2,1,01,A01
200700062931,0,07,000,00,2,4,01,B01
200700062932,0,07,000,00,1,1,15,A01
200700062933,0,07,000,00,2,1,01,A01
200700062933,0,07,000,00,2,4,01,B01
200700062934,0,07,000,01,2,1,01,A01
200700062934,0,07,000,00,2,4,01,B01
200700062934,0,07,000,01,1,4,01,C01
200700062935,0,07,000,00,1,3,01,A01
200700062936,0,07,000,00,2,1,15,A01
200700062936,0,02,000,00,2,1,01,B01
200700062937,0,07,000,00,1,1,01,A01
200700062938,0,07,000,00,0,0,15,A01
200700062938,0,37,000,00,0,0,01,B01
200700062939,0,07,000,00,2,3,15,A01
200700062939,0,33,000,00,2,1,01,B01
200700062940,0,07,000,00,2,3,22,A01
200700062940,0,01,000,00,2,1,01,B01
200700062940,0,07,000,00,9,5,01,C01
200700062941,0,10,000,00,0,0,09,A01
200700062941,0,33,000,00,9,1,01,B01
200700062942,0,02,000,00,2,1,01,B01
200700062942,0,10,000,00,2,7,15,A01
200700062943,0,30,000,00,2,1,02,B01
200700062943,0,07,000,00,2,3,11,A01
200700062944,0,07,000,00,2,3,01,A01
200700062944,0,07,000,00,2,3,01,B01
200700062945,0,07,000,00,2,2,17,A01
200700062945,0,10,000,04,0,2,01,B01
200700062946,0,07,000,00,2,2,01,B01
200700062946,0,07,000,00,2,3,15,A01
200700062947,0,07,000,00,1,4,04,A01
200700062948,0,33,000,00,2,1,01,A01
200700062948,0,07,000,00,2,4,01,B01
200700062949,0,07,000,00,2,3,20,A01
200700062949,0,30,000,00,2,4,02,B01
200700062950,0,07,000,00,2,1,01,A01
200700062950,0,07,000,00,2,3,01,B01
200700062951,0,07,000,00,2,0,02,A01
200700062951,0,01,000,00,2,0,02,B01
200700062952,0,07,000,00,2,1,01,B01
200700062952,0,07,000,00,0,0,01,A01
200700062953,0,02,000,00,2,0,00,B01
200700062953,1,07,000,00,2,0,00,A01
200700062954,0,07,000,00,2,3,15,B01
200700062954,0,02,000,00,2,2,17,A01
200700062955,0,07,000,00,2,0,15,A01
200700062955,0,01,000,00,2,1,01,B01
200700062956,0,33,000,00,0,0,00,A01
200700062957,0,15,000,00,2,2,02,A01
200700062957,0,07,000,00,2,4,01,B01
200700062958,0,07,000,00,2,3,01,B01
200700062958,0,07,000,00,2,2,01,A01
200700062959,0,30,000,00,2,1,02,A01
200700062959,0,07,000,00,0,4,02,B01
200700062960,0,07,000,00,2,2,12,A01
200700062960,0,07,000,00,2,3,01,C01
200700062960,0,07,000,00,2,8,01,B01
200700062961,0,07,000,00,2,2,00,B01
200700062961,0,01,000,00,2,1,05,A01
200700062962,0,07,000,00,2,1,01,A01
200700062962,0,30,000,00,2,4,01,B01
200700062963,0,07,000,00,1,1,01,A01
200700062964,0,07,000,00,2,5,15,A01
200700062964,0,33,000,00,2,1,01,B01
200700062965,0,07,000,00,2,2,01,A01
200700062965,0,32,000,00,2,1,01,B01
200700062966,0,07,000,00,2,3,00,A01
200700062966,0,07,000,00,2,5,01,B01
200700062967,0,07,000,00,1,4,04,A01
200700062968,0,07,000,00,1,1,01,A01
200700062969,0,33,000,00,2,8,13,A01
200700062969,0,07,000,00,2,6,01,B01
200700062969,0,07,000,00,2,3,01,C01
200700062970,0,07,000,00,1,4,04,A01
200700062971,0,07,000,00,2,3,15,A01
200700062971,0,31,000,00,2,7,01,B01
200700062972,0,07,000,00,2,6,09,A01
200700062972,0,07,000,00,2,7,01,B01
200700062973,0,32,000,00,2,1,01,A01
200700062973,0,07,000,00,2,0,15,B01
200700062974,0,30,000,00,2,1,17,A01
200700062974,0,07,000,00,2,8,15,B01
200700062975,0,07,000,00,1,1,00,A01
200700062976,0,14,000,00,1,3,01,A01
200700062977,0,07,000,00,9,3,15,A01
200700062978,0,07,000,00,2,1,01,A01
200700062978,0,30,000,00,2,1,01,B01
200700062979,0,07,000,00,2,1,01,A01
200700062979,0,07,000,00,2,4,01,B01
200700062980,0,32,000,00,0,2,13,A01
200700062981,0,33,000,00,2,1,21,A01
200700062981,0,07,000,00,0,4,16,B01
200700062982,0,33,000,00,0,0,00,A01
200700062983,0,07,000,00,1,1,19,A01
200700062984,0,07,000,14,0,1,02,A01
200700062984,0,07,000,00,0,5,23,B01
200700062985,0,07,000,01,2,7,01,A01
200700062985,0,07,000,00,2,1,01,B01
200700062986,0,01,000,00,2,8,01,A01
200700062986,1,07,000,00,2,2,16,B01
200700062987,0,07,000,00,2,1,15,A01
200700062987,0,07,000,00,2,1,01,B01
200700062988,0,07,000,00,2,3,11,B01
200700062988,0,33,000,00,2,1,13,A01
200700062989,0,07,000,00,1,8,15,A01
200700062990,0,07,000,00,2,5,16,A01
200700062990,0,01,000,00,2,1,01,B01
200700062991,0,31,000,00,2,1,03,A01
200700062991,0,07,000,00,2,6,15,B01
200700062992,0,07,000,04,0,1,01,A01
200700062993,0,07,000,00,2,1,02,A01
200700062993,0,07,000,00,2,3,00,B01
200700062994,0,30,000,00,2,2,01,A01
200700062994,0,07,000,00,2,2,01,B01
200700062995,0,07,000,00,2,8,01,A01
200700062995,0,02,000,00,2,7,01,B01
200700062996,0,02,000,00,2,1,01,A01
200700062996,0,07,000,00,2,4,01,B01
200700062997,0,30,000,15,0,1,01,A01
200700062998,0,07,000,02,0,2,01,A01
200700062999,0,07,000,00,2,1,01,B01
200700062999,0,07,000,00,2,8,16,A01
200700063000,0,07,000,06,2,1,01,B01
200700063000,0,07,000,00,2,3,16,A01
200700063001,0,07,000,00,2,1,02,A01
200700063001,0,07,000,00,2,4,02,B01
200700063002,0,01,000,00,2,1,13,A01
200700063002,0,07,000,00,2,3,01,B01
200700063003,0,37,042,00,1,2,01,A01
200700063004,0,07,000,00,2,6,15,A01
200700063004,0,30,000,00,2,1,17,B01
200700063005,0,07,000,00,2,3,23,A01
200700063005,0,33,000,00,2,7,01,B01
200700063006,0,07,000,00,2,1,01,A01
200700063006,0,07,000,00,2,4,01,B01
200700063007,0,07,000,00,2,2,15,A01
200700063007,0,30,000,00,2,1,01,B01
200700063008,0,33,000,00,2,1,01,A01
200700063008,0,07,000,00,2,3,15,B01
200700063009,0,07,000,00,1,1,01,A01
200700063010,0,07,000,00,1,1,01,A01
200700063011,0,07,000,00,0,9,13,A01
200700063012,0,33,000,01,0,1,15,A01
200700063013,0,07,000,00,0,1,14,A01
200700063013,0,07,000,00,2,4,23,B01
200700063013,0,07,000,00,0,4,23,C01
200700063013,1,07,000,00,0,0,09,D01
200700063014,0,07,000,00,2,1,15,A01
200700063014,0,07,000,00,2,3,01,B01
200700063015,0,07,000,00,1,1,01,A01
200700063016,0,14,000,00,2,1,01,A01
200700063016,0,13,000,00,2,4,01,B01
200700063017,0,07,000,00,2,4,23,B01
200700063017,0,07,000,00,2,1,12,A01
200700063017,0,07,000,00,0,4,23,C01
200700063018,0,07,000,00,2,5,15,A01
200700063018,0,31,000,00,2,1,01,B01
200700063019,0,07,000,00,2,2,12,A01
200700063019,0,07,000,00,2,2,15,B01
200700063020,0,07,000,01,0,1,01,A01
200700063021,0,07,000,00,0,0,01,A01
200700063022,0,30,000,00,1,2,01,A01
200700063023,1,07,000,00,1,1,15,A01
200700063024,0,07,000,02,0,1,14,A01
200700063025,0,07,000,04,2,1,13,A01
200700063025,0,07,000,00,2,3,01,B01
200700063026,0,07,000,04,0,1,13,A01
200700063027,1,99,000,00,1,0,00,A01
200700063028,0,07,000,00,2,2,15,A01
200700063028,0,30,000,00,2,1,01,B01
200700063029,0,07,000,00,1,0,01,A01
200700063030,0,07,000,01,1,1,14,A01
200700063030,0,07,000,00,2,4,24,B01
200700063031,0,07,000,00,2,1,01,A01
200700063031,0,07,000,00,0,4,23,B01
200700063032,0,07,000,06,0,2,01,A01
200700063033,0,30,000,00,2,1,17,A01
200700063033,0,07,000,00,2,3,15,B01
200700063034,0,07,000,00,2,1,15,A01
200700063034,0,30,000,00,2,1,01,B01
200700063035,0,07,000,00,1,1,01,A01
200700063036,0,07,000,00,2,3,15,A01
200700063036,0,02,000,00,2,3,01,B01
200700063037,0,07,000,00,2,6,15,A01
200700063037,0,33,000,00,2,1,01,B01
200700063038,0,31,000,00,1,1,13,A01
200700063039,0,31,000,00,2,1,07,A01
200700063039,0,07,000,00,2,2,16,B01
200700063040,0,07,000,00,2,1,01,A01
200700063040,0,07,000,00,2,4,01,B01
200700063041,0,07,000,00,2,3,22,A01
200700063041,0,01,000,01,0,1,01,B01
200700063042,0,07,000,00,2,1,01,A01
200700063042,0,07,000,00,2,4,01,B01
200700063043,0,01,000,00,1,1,01,A01
200700063044,0,33,000,00,2,1,01,A01
200700063044,0,07,000,00,0,4,01,B01
200700063045,0,07,000,03,0,8,00,A01
200700063046,0,31,000,01,0,1,14,A01
200700063047,0,07,000,00,2,2,01,A01
200700063047,0,01,000,00,2,1,01,B01
200700063048,0,07,000,00,2,1,10,A01
200700063048,0,07,000,00,2,3,01,B01
200700063049,0,07,000,00,2,2,15,A01
200700063049,0,02,000,01,2,1,01,B01
200700063050,0,07,000,00,2,3,09,A01
200700063050,0,02,000,00,2,1,01,B01
200700063051,0,07,000,00,2,3,13,A01
200700063051,0,07,000,00,2,8,01,B01
200700063051,0,07,000,00,2,6,01,C01
200700063051,0,07,000,00,2,3,01,D01
200700063052,0,07,000,11,0,2,01,A01
200700063053,0,07,000,00,2,2,15,A01
200700063053,0,31,000,00,2,1,01,B01
200700063054,0,07,000,00,2,6,13,A01
200700063054,0,07,000,03,2,8,13,B01
200700063055,0,14,000,00,2,1,01,A01
200700063055,0,07,000,00,2,4,01,B01
200700063056,0,07,000,00,2,1,01,A01
200700063056,0,07,000,00,2,1,01,B01
200700063056,0,07,000,03,2,4,23,C01
200700063056,0,07,000,00,2,4,23,D01
200700063057,0,33,000,00,2,4,01,A01
200700063057,0,07,000,00,2,4,23,B01
200700063057,0,07,000,00,0,4,23,C01
200700063058,0,07,000,00,2,8,11,A01
200700063058,0,33,000,00,2,7,01,B01
200700063059,0,02,000,10,0,1,00,A01
200700063060,0,02,000,00,2,0,17,A01
200700063060,0,07,000,00,2,3,15,B01
200700063061,0,32,000,00,2,1,17,A01
200700063061,0,07,000,00,2,3,20,B01
200700063062,0,07,000,00,1,4,20,A01
200700063063,0,33,000,00,2,1,01,A01
200700063063,0,07,000,05,2,2,16,B01
200700063064,0,07,000,00,2,2,01,B01
200700063064,0,02,000,00,2,8,01,A01
200700063065,0,07,000,00,2,7,15,A01
200700063065,0,02,000,00,2,1,01,B01
200700063066,0,07,000,00,2,3,00,A01
200700063066,0,07,000,00,2,2,01,B01
200700063067,0,07,000,00,2,8,15,A01
200700063067,0,07,000,00,2,3,01,B01
200700063068,0,07,000,00,2,2,15,A01
200700063068,0,02,000,00,2,3,01,B01
200700063069,0,07,000,00,0,0,00,A01
200700063069,0,33,000,00,2,1,01,B01
200700063070,0,10,000,00,1,8,01,A01
200700063071,0,07,000,00,1,4,04,A01
200700063072,0,07,000,00,1,4,04,A01
200700063073,0,07,000,00,2,2,15,A01
200700063073,0,30,000,00,2,8,01,B01
200700063074,0,07,000,00,1,0,00,A01
200700063075,0,07,000,00,2,4,01,A01
200700063075,0,07,000,00,2,1,01,B01
200700063076,0,07,000,00,2,7,13,A01
200700063076,0,33,000,00,2,1,01,B01
200700063077,0,10,000,00,2,1,01,A01
200700063077,0,07,000,00,2,4,23,B01
200700063077,0,07,000,00,2,4,23,C01
200700063077,0,07,000,00,2,4,23,D01
200700063077,0,07,000,00,2,4,23,E01
200700063078,0,07,000,08,0,3,01,A01
200700063079,0,07,000,00,2,1,01,A01
200700063079,0,07,000,00,2,4,23,B01
200700063080,0,07,000,00,2,3,01,A01
200700063080,0,07,000,00,2,1,01,B01
200700063080,0,07,000,00,2,0,01,C01
200700063081,0,07,000,08,0,1,14,A01
200700063082,0,07,000,00,2,2,09,A01
200700063082,0,07,000,02,2,3,01,B01
200700063083,0,01,000,00,2,1,01,B01
200700063084,0,07,000,00,2,1,01,A01
200700063084,0,07,000,00,2,4,01,B01
200700063084,0,07,000,00,2,4,01,C01
200700063085,0,01,000,00,2,7,17,A01
200700063085,0,32,000,00,2,8,01,B01
200700063086,0,01,000,00,2,8,15,A01
200700063086,0,07,000,00,2,2,17,B01
200700063087,0,07,000,04,0,3,13,A01
200700063088,0,33,000,00,0,0,01,A01
200700063089,0,33,000,00,2,1,13,A01
200700063089,0,07,000,00,2,5,01,B01
200700063090,0,31,000,00,2,1,17,A01
200700063090,0,07,000,00,2,8,15,B01
200700063091,0,07,000,00,2,1,01,A01
200700063091,0,07,000,00,2,4,01,B01
200700063092,0,07,000,00,1,6,04,A01
200700063093,0,07,000,00,2,1,16,A01
200700063093,0,31,000,00,2,1,15,B01
200700063094,0,07,000,00,2,1,01,A01
200700063094,0,07,000,00,2,4,23,B01
200700063094,0,07,000,00,2,8,23,C01
200700063095,0,02,000,00,2,1,01,A01
200700063095,0,07,000,00,2,4,23,B01
200700063096,0,07,000,00,2,3,20,A01
200700063096,0,02,000,00,2,1,01,B01
200700063097,0,07,000,06,0,1,06,A01
200700063098,0,07,000,00,2,1,15,A01
200700063098,0,01,000,00,2,8,01,B01
200700063099,0,01,000,00,1,1,01,A01
200700063100,0,31,000,01,0,1,14,A01
200700063101,0,07,000,13,0,1,14,A01
200700063102,0,10,000,04,2,8,01,A01
200700063102,0,14,000,00,2,7,14,B01
200700063103,0,32,000,00,1,1,01,A01
200700063104,0,07,000,00,2,2,15,A01
200700063104,0,07,000,00,2,1,01,B01
200700063105,0,07,000,00,2,1,01,A01
200700063105,0,07,000,00,2,4,23,B01
200700063106,0,30,000,00,2,1,15,A01
200700063106,0,07,000,00,2,3,01,B01
200700063107,0,07,000,04,2,1,13,A01
200700063108,0,07,000,00,2,8,15,A01
200700063108,0,33,000,00,2,1,17,B01
200700063109,0,07,000,00,1,1,14,A01
200700063110,0,33,000,00,2,1,17,A01
200700063110,0,07,000,00,2,3,15,B01
200700063111,0,10,000,00,2,1,01,A01
200700063111,0,07,000,00,2,8,10,B01
200700063112,0,07,000,00,2,1,01,A01
200700063112,0,32,000,00,2,8,16,B01
200700063113,0,02,000,00,1,1,01,A01
200700063114,0,07,000,00,2,7,15,A01
200700063114,0,30,000,00,2,1,08,B01
200700063115,0,32,000,00,0,0,00,A01
200700063116,0,07,000,00,2,5,04,A01
200700063116,0,02,000,00,2,1,01,B01
200700063117,0,02,000,00,2,1,18,A01
200700063117,0,07,000,00,2,2,16,B01
200700063118,0,02,000,00,2,6,15,B01
200700063118,0,07,000,00,2,1,09,A01
200700063119,0,07,000,00,2,1,01,A01
200700063119,0,07,000,00,2,4,01,B01
200700063120,0,10,000,00,2,2,01,A01
200700063120,0,07,000,00,2,8,15,B01
200700063121,0,07,000,00,2,1,01,A01
200700063122,0,07,000,00,2,1,01,A01
200700063122,0,07,000,00,2,4,23,B01
200700063123,0,31,000,00,1,1,01,A01
200700063124,0,07,000,00,1,1,01,A01
200700063125,0,07,000,00,2,1,01,A01
200700063125,0,07,000,00,2,4,01,B01
200700063126,0,07,000,00,2,3,09,A01
200700063126,0,01,000,00,2,5,01,B01
200700063127,0,01,000,00,2,8,19,B01
200700063127,0,07,000,00,2,1,01,A01
200700063128,0,30,000,00,2,1,01,A01
200700063128,0,07,000,00,2,0,15,B01
200700063129,1,07,000,00,2,2,13,A01
200700063129,0,02,000,00,2,1,01,B01
200700063130,0,07,000,00,1,1,01,A01
200700063131,0,30,000,00,2,1,01,A01
200700063131,0,07,000,00,2,4,01,B01
200700063132,0,07,000,00,2,1,01,A01
200700063132,0,07,000,00,2,4,23,B01
200700063133,0,02,000,01,2,1,00,A01
200700063133,0,07,000,00,2,1,01,B01
200700063134,0,10,000,00,2,2,01,A01
200700063134,0,01,000,00,2,4,15,B01
200700063135,0,02,000,00,2,1,01,B01
200700063135,0,07,000,00,2,1,15,A01
200700063136,0,30,000,00,2,1,13,A01
200700063136,0,07,000,00,2,1,01,B01
200700063137,0,10,000,00,2,8,13,A01
200700063137,0,02,000,00,0,2,17,B01
200700063138,0,07,000,14,0,1,01,A01
200700063138,0,07,000,00,0,4,23,B01
200700063139,0,07,000,00,2,7,01,A01
200700063139,0,07,000,00,2,2,01,B01
200700063140,0,01,000,00,1,1,01,A01
200700063141,0,07,000,14,0,1,01,A01
200700063141,0,07,000,00,0,4,23,B01
200700063142,0,07,000,00,2,1,01,A01
200700063142,0,02,000,00,2,7,01,B01
200700063143,0,33,000,00,2,2,01,A01
200700063144,0,07,000,00,2,3,16,A01
200700063144,0,01,000,00,2,1,15,B01
200700063145,0,01,000,00,2,3,13,A01
200700063145,0,10,000,00,2,5,01,B01
200700063146,0,07,000,00,2,6,02,B01
200700063146,0,31,000,00,2,1,02,C01
200700063146,0,07,000,00,0,0,01,A01
200700063147,0,31,000,09,0,1,01,A01
200700063148,0,31,000,00,2,1,01,A01
200700063149,0,31,000,00,1,1,07,A01
200700063150,0,07,000,00,0,4,01,A01
200700063150,0,07,000,00,2,1,02,B01
200700063151,0,07,000,00,2,1,01,A01
200700063151,0,07,000,00,0,6,01,B01
200700063152,0,07,000,00,2,3,01,A01
200700063152,0,07,000,01,2,8,09,B01
200700063153,0,07,000,00,2,1,01,A01
200700063153,0,07,000,00,0,4,02,B01
200700063154,0,07,000,00,2,1,00,A01
200700063154,0,10,000,00,2,2,15,B01
200700063155,0,02,000,06,0,1,01,A01
200700063156,0,10,000,00,2,5,14,A01
200700063156,0,31,000,00,2,8,01,B01
200700063157,0,07,000,00,2,3,01,A01
200700063157,0,02,000,00,2,1,01,B01
200700063158,0,33,000,00,0,7,01,A01
200700063158,0,07,000,00,2,3,01,B01
200700063159,0,14,000,00,1,1,16,A01
200700063160,0,30,000,01,2,1,01,A01
200700063160,0,07,000,00,0,3,15,B01
200700063161,0,07,000,00,2,3,15,A01
200700063161,0,31,000,00,2,2,17,B01
200700063162,0,07,000,00,2,8,22,A01
200700063162,0,01,000,01,0,7,01,B01
200700063163,0,07,000,00,1,3,01,A01
200700063164,0,02,000,00,1,3,16,A01
200700063165,0,02,000,00,2,1,01,A01
200700063165,0,10,000,00,0,4,02,B01
200700063166,0,07,000,00,2,7,01,B01
200700063166,0,33,000,00,2,1,01,A01
200700063167,0,07,000,00,2,2,16,A01
200700063167,0,02,000,00,2,1,01,B01
200700063168,0,10,000,00,1,0,01,A01
200700063169,0,01,000,00,1,0,01,A01
200700063170,0,01,000,00,4,1,01,A01
200700063170,0,40,000,00,2,3,01,B01
200700063171,1,10,000,00,1,0,00,A01
200700063172,0,07,000,01,2,7,15,A01
200700063172,1,02,000,00,0,0,01,B01
200700063173,0,02,000,00,2,7,01,A01
200700063173,0,07,000,00,2,3,01,B01
200700063174,0,31,000,14,0,1,01,A01
200700063174,0,07,000,00,0,4,23,B01
200700063175,1,07,000,00,2,0,00,A01
200700063175,0,01,000,00,2,1,01,B01
200700063176,0,07,000,00,1,3,01,A01
200700063177,0,07,000,00,2,1,01,A01
200700063177,0,01,000,00,2,1,01,B01
200700063178,0,07,000,00,2,8,15,A01
200700063178,0,33,000,00,2,2,01,B01
200700063179,0,02,000,00,2,1,01,A01
200700063179,0,07,000,00,2,4,02,B01
200700063180,0,07,000,00,2,2,16,A01
200700063180,0,02,000,00,2,1,01,B01