Num_Acc,senc,catv,occutc,obs,obsm,choc,manv,num_veh
200700063181,0,07,000,00,2,1,01,A01
200700063181,0,07,000,07,0,5,01,B01
200700063182,0,07,000,00,2,2,15,A01
200700063182,0,30,000,00,2,1,01,B01
200700063183,0,01,000,00,2,4,01,A01
200700063183,0,31,000,00,2,1,01,B01
200700063184,0,30,000,00,2,1,01,A01
200700063184,0,07,000,00,0,1,01,B01
200700063185,0,07,000,00,1,2,01,A01
200700063186,0,10,000,00,2,1,15,A01
200700063186,0,33,000,00,2,1,01,B01
200700063187,1,07,000,00,2,5,15,A01
200700063187,0,33,000,01,2,1,01,B01
200700063188,0,07,000,00,1,1,01,A01
200700063189,0,33,000,14,0,8,01,A01
200700063189,0,07,000,14,0,1,01,B01
200700063190,0,07,000,00,2,2,09,A01
200700063190,0,31,000,00,2,1,01,B01
200700063191,0,07,000,00,1,7,01,A01
200700063192,0,07,000,00,0,1,15,A01
200700063192,0,02,000,01,2,1,01,B01
200700063193,0,07,000,00,2,2,16,A01
200700063193,0,30,000,00,2,3,01,B01
200700063194,0,07,000,00,2,8,15,A01
200700063194,0,07,000,00,2,1,01,B01
200700063195,0,07,000,00,2,3,01,B01
200700063195,0,02,000,00,2,1,01,A01
200700063196,0,07,000,07,2,2,01,A01
200700063196,0,33,000,00,2,1,01,B01
200700063197,0,07,000,00,2,2,15,A01
200700063197,0,02,000,00,2,1,13,B01
200700063198,0,07,000,00,2,1,01,A01
200700063198,0,07,000,01,2,8,01,B01
200700063199,0,01,000,00,2,1,01,A01
200700063199,0,07,000,00,0,5,16,B01
200700063200,0,07,000,00,2,1,01,A01
200700063200,0,07,000,00,2,4,02,B01
200700063200,0,07,000,00,0,4,02,C01
200700063201,0,99,000,00,2,7,01,A01
200700063201,0,07,000,12,2,3,01,B01
200700063202,0,07,000,00,1,2,01,A01
200700063203,0,07,000,00,1,3,15,A01
200700063204,0,07,000,00,2,8,15,A01
200700063204,0,30,000,00,2,1,01,B01
200700063205,0,07,000,00,2,3,05,A01
200700063205,0,01,000,00,2,1,19,B01
200700063206,0,07,000,00,2,1,01,A01
200700063206,0,07,000,00,2,1,15,B01
200700063207,0,07,000,00,2,5,05,A01
200700063207,0,31,000,00,2,1,01,B01
200700063208,0,30,000,08,2,2,01,A01
200700063208,0,07,000,00,2,2,20,B01
200700063209,0,33,000,14,0,1,02,A01
200700063209,0,10,000,00,0,4,23,B01
200700063210,0,07,000,00,2,5,12,A01
200700063210,0,33,000,00,2,3,01,B01
200700063211,0,02,000,14,0,1,01,A01
200700063212,0,07,000,01,2,2,01,A01
200700063212,0,07,000,00,2,8,01,B01
200700063213,0,07,000,00,2,2,10,A01
200700063213,0,33,000,00,2,1,01,B01
200700063214,1,07,000,00,2,0,01,B01
200700063214,0,07,000,00,2,2,01,A01
200700063215,0,07,000,00,2,3,15,A01
200700063215,0,07,000,07,2,9,01,B01
200700063216,0,07,000,00,2,3,10,A01
200700063216,0,33,000,00,2,8,01,B01
200700063217,0,07,000,00,2,4,04,A01
200700063217,0,02,000,14,0,7,01,B01
200700063218,0,33,000,00,0,1,01,A01
200700063218,0,07,000,00,0,5,01,B01
200700063219,0,07,000,00,2,1,15,A01
200700063219,0,30,000,00,2,1,17,B01
200700063220,0,07,000,00,0,1,15,A01
200700063220,0,01,000,00,2,8,09,B01
200700063221,0,02,000,00,2,3,01,A01
200700063221,0,07,000,00,2,5,17,B01
200700063222,0,07,000,00,1,3,01,A01
200700063223,0,02,000,14,0,1,01,A01
200700063223,0,07,000,00,0,4,23,B01
200700063224,0,02,000,00,2,0,01,A01
200700063225,0,10,000,00,2,2,15,A01
200700063225,0,30,000,00,2,1,01,B01
200700063226,0,07,000,00,2,1,16,A01
200700063226,0,33,000,00,2,1,01,B01
200700063227,0,07,000,00,2,5,10,A01
200700063227,0,33,000,00,2,1,01,B01
200700063228,0,07,000,00,2,1,01,A01
200700063229,1,07,000,00,1,0,01,A01
200700063230,0,07,000,00,2,2,15,A01
200700063230,0,31,000,00,2,2,01,B01
200700063231,0,01,000,00,2,1,01,A01
200700063231,0,01,000,00,2,1,01,B01
200700063232,0,07,000,00,2,5,20,A01
200700063232,0,33,000,00,0,2,01,B01
200700063233,0,31,000,00,1,1,01,A01
200700063234,0,02,000,00,2,1,01,A01
200700063234,0,07,000,00,2,4,02,B01
200700063235,0,02,000,00,1,1,01,A01
200700063236,0,07,000,00,1,3,16,A01
200700063237,0,31,000,00,2,1,01,A01
200700063237,1,07,000,00,2,0,11,B01
200700063238,0,33,000,00,2,1,17,A01
200700063238,0,07,000,00,2,8,15,B01
200700063239,0,07,000,00,1,1,01,A01
200700063240,0,33,000,00,1,8,01,A01
200700063241,0,10,000,00,2,2,16,A01
200700063241,0,01,000,00,2,1,01,B01
200700063242,0,30,000,14,0,1,01,A01
200700063242,0,07,000,00,0,4,23,B01
200700063243,0,32,000,00,2,1,01,A01
200700063243,0,07,000,00,2,1,15,B01
200700063244,0,02,000,00,0,1,01,A01
200700063244,0,07,000,00,2,8,15,B01
200700063245,0,01,000,01,2,1,01,A01
200700063245,0,07,000,00,0,3,01,B01
200700063246,0,32,000,00,2,2,17,A01
200700063246,0,16,000,00,2,0,01,B01
200700063247,0,07,000,00,2,1,15,A01
200700063247,0,31,000,00,2,1,01,B01
200700063248,0,07,000,00,2,5,04,A01
200700063248,0,07,000,00,2,2,01,B01
200700063249,0,10,000,00,2,3,13,A01
200700063249,0,07,000,00,2,6,01,B01
200700063249,0,07,000,00,2,9,01,C01
200700063250,0,07,000,00,2,3,15,A01
200700063250,0,33,000,00,0,1,01,B01
200700063251,0,07,000,00,2,2,02,A01
200700063251,0,07,000,00,2,6,23,B01
200700063252,0,01,000,00,2,4,01,A01
200700063252,0,07,000,00,2,1,01,B01
200700063253,0,07,000,00,0,5,16,A01
200700063253,0,02,000,00,2,9,16,B01
200700063254,0,33,000,00,1,2,15,A01
200700063255,0,07,000,00,2,3,01,A01
200700063255,0,40,000,00,2,1,01,B01
200700063256,0,40,000,00,1,1,01,A01
200700063257,0,01,000,00,2,9,16,A01
200700063257,0,33,000,00,2,2,01,B01
200700063258,0,07,000,00,2,1,01,A01
200700063258,0,07,000,00,2,1,01,B01
200700063259,0,07,000,01,0,2,01,A01
200700063260,0,07,000,00,2,3,13,A01
200700063260,0,10,000,00,0,3,15,B01
200700063261,0,07,000,00,1,2,01,A01
200700063262,0,02,000,00,2,3,15,A01
200700063262,0,07,000,00,2,2,01,B01
200700063263,0,07,000,00,1,1,01,A01
200700063264,0,07,000,06,0,0,16,A01
200700063265,0,07,000,00,2,1,15,A01
200700063265,0,02,000,00,2,1,01,B01
200700063266,0,30,000,00,2,1,01,A01
200700063266,0,07,000,00,0,7,16,B01
200700063267,0,07,000,00,2,8,22,A01
200700063267,0,02,000,00,2,1,01,B01
200700063268,0,07,000,00,2,3,09,A01
200700063268,0,02,000,00,2,1,01,B01
200700063269,0,07,000,00,2,8,15,A01
200700063269,0,33,000,00,2,1,01,B01
200700063270,0,07,000,04,0,5,16,A01
200700063270,0,02,000,00,2,1,02,B01
200700063271,0,01,000,00,2,7,01,B01
200700063271,0,07,000,00,9,1,01,A01
200700063272,0,07,000,00,2,1,01,B01
200700063272,0,01,000,00,2,0,09,A01
200700063273,0,07,000,00,2,2,09,A01
200700063273,0,01,000,00,2,4,01,B01
200700063274,0,07,000,00,1,1,01,A01
200700063275,0,07,000,00,1,1,01,A01
200700063276,0,07,000,00,2,7,12,A01
200700063276,0,07,000,00,2,8,01,B01
200700063277,1,07,000,00,2,1,13,A01
200700063277,0,30,000,00,2,1,01,B01
200700063278,0,02,000,00,1,1,17,A01
200700063279,0,07,000,00,2,1,01,A01
200700063279,0,07,000,00,2,1,01,B01
200700063279,0,07,000,00,2,1,16,C01
200700063280,0,30,000,00,2,1,01,B01
200700063280,1,07,000,00,2,1,01,A01
200700063281,0,07,000,00,2,8,10,A01
200700063281,0,02,000,00,2,1,17,B01
200700063282,0,07,000,00,2,2,01,A01
200700063282,0,07,000,00,2,4,15,B01
200700063283,0,07,000,00,2,1,16,A01
200700063283,0,30,000,00,2,1,01,B01
200700063284,0,07,000,00,2,1,13,A01
200700063284,0,07,000,00,2,1,01,B01
200700063285,0,07,000,00,1,2,01,A01
200700063286,0,07,000,02,0,1,13,A01
200700063287,0,30,000,11,0,0,00,A01
200700063288,0,07,000,00,2,1,16,A01
200700063288,0,32,000,00,2,7,01,B01
200700063289,0,07,000,09,0,1,00,A01
200700063290,0,07,000,00,1,7,23,A01
200700063291,0,07,000,00,2,8,10,A01
200700063291,0,30,000,00,0,1,02,B01
200700063292,1,07,000,00,2,1,02,A01
200700063292,0,07,000,00,2,4,15,B01
200700063293,0,07,000,13,0,9,13,A01
200700063294,0,33,000,00,2,1,21,A01
200700063294,0,07,000,00,2,6,15,B01
200700063295,0,07,000,00,2,6,15,A01
200700063295,0,31,000,00,2,1,01,B01
200700063296,0,07,000,13,0,9,14,A01
200700063297,0,07,000,02,0,1,01,A01
200700063298,0,07,000,00,2,1,13,A01
200700063298,0,07,000,00,2,1,01,B01
200700063299,0,07,000,13,0,0,14,A01
200700063300,0,02,000,00,2,1,02,A01
200700063300,0,10,000,00,0,4,02,B01
200700063301,0,10,000,00,2,2,09,A01
200700063301,0,02,000,00,2,7,01,B01
200700063302,0,10,000,00,2,1,01,A01
200700063302,0,07,000,00,2,8,15,B01
200700063303,0,07,000,00,2,2,15,A01
200700063303,0,02,000,00,2,1,01,B01
200700063304,0,07,000,00,2,1,15,A01
200700063304,0,02,000,00,2,1,01,B01
200700063305,0,07,000,00,2,3,15,A01
200700063305,0,01,000,00,2,1,01,B01
200700063306,0,07,000,00,2,7,15,A01
200700063306,0,30,000,00,2,1,02,B01
200700063307,1,07,000,00,2,1,02,A01
200700063307,0,07,000,00,0,4,02,B01
200700063308,0,32,000,00,0,3,01,A01
200700063309,0,07,000,04,0,1,02,A01
200700063310,0,02,000,00,0,7,01,A01
200700063311,0,17,000,00,2,1,02,A01
200700063311,0,07,000,00,2,4,02,B01
200700063311,0,07,000,00,2,4,02,C01
200700063311,0,07,000,00,0,4,02,D01
200700063312,0,07,000,00,2,2,10,A01
200700063312,0,30,000,00,2,1,02,B01
200700063313,0,07,000,00,2,7,15,A01
200700063313,0,33,000,00,2,1,01,B01
200700063314,0,07,000,00,2,2,02,A01
200700063314,0,07,000,00,2,6,02,B01
200700063315,0,30,000,00,2,1,17,A01
200700063315,0,07,000,00,2,8,15,B01
200700063316,0,30,000,00,1,1,01,A01
200700063317,0,07,000,00,0,7,01,A01
200700063317,0,31,000,00,2,1,01,B01
200700063317,0,07,000,00,0,8,01,C01
200700063318,0,07,000,12,0,1,01,A01
200700063319,0,37,001,00,2,8,15,A01
200700063319,0,07,000,00,9,1,01,B01
200700063320,0,34,000,00,2,1,17,A01
200700063320,0,30,000,00,2,1,15,B01
200700063320,0,07,000,00,2,8,01,C01
200700063320,0,07,000,00,2,8,01,D01
200700063321,0,33,000,00,2,4,02,A01
200700063321,0,07,000,00,0,4,02,B01
200700063322,0,07,000,00,1,1,15,A01
200700063323,0,07,000,00,2,8,15,A01
200700063323,0,31,000,00,2,1,01,B01
200700063324,0,32,000,00,2,1,01,A01
200700063324,0,07,000,00,0,4,01,B01
200700063325,0,07,000,00,2,8,10,A01
200700063325,0,30,000,00,2,1,01,B01
200700063326,0,07,000,00,2,0,00,D01
200700063327,0,07,000,00,1,6,01,A01
200700063328,0,30,000,00,2,3,02,A01
200700063328,0,07,000,00,0,2,17,B01
200700063329,0,07,000,03,0,1,01,A01
200700063330,0,33,000,14,0,2,02,A01
200700063331,0,07,000,06,0,1,02,A01
200700063332,0,07,000,00,0,6,10,A01
200700063332,0,07,000,00,2,1,01,B01
200700063333,0,07,000,00,2,8,10,A01
200700063333,0,31,000,00,2,1,01,B01
200700063334,0,31,000,00,0,8,01,A01
200700063335,0,30,000,00,2,1,17,A01
200700063335,0,07,000,00,2,3,15,B01
200700063336,0,30,000,00,2,1,17,B01
200700063336,0,07,000,00,2,7,10,A01
200700063337,0,07,000,00,2,1,15,A01
200700063337,0,33,000,00,2,1,01,B01
200700063338,0,32,000,00,2,5,01,A01
200700063338,0,07,000,00,2,1,02,B01
200700063339,0,07,000,00,1,4,04,A01
200700063340,0,07,000,00,0,6,15,A01
200700063340,0,33,000,00,2,1,01,B01
200700063341,0,07,000,00,0,7,15,A01
200700063341,0,33,000,00,2,1,01,B01
200700063342,0,32,000,01,0,1,15,A01
200700063343,0,07,000,00,2,1,02,A01
200700063343,0,07,000,00,2,4,02,B01
200700063344,0,07,000,06,2,8,15,A01
200700063344,0,07,000,00,2,1,01,B01
200700063345,0,30,000,11,0,0,00,A01
200700063346,0,07,000,00,1,3,01,A01
200700063347,0,10,000,00,2,3,15,A01
200700063347,0,10,000,00,2,3,01,B01
200700063348,0,07,000,00,1,3,01,A01
200700063349,0,32,000,11,2,1,01,A01
200700063349,0,07,000,00,2,1,01,B01
200700063350,0,07,000,00,2,1,15,A01
200700063350,0,32,000,00,2,1,01,B01
200700063351,0,02,000,00,2,1,19,B01
200700063351,0,07,000,00,2,7,15,A01
200700063352,0,07,000,00,1,1,01,A01
200700063353,0,07,000,00,2,0,12,A01
200700063353,0,07,000,00,2,1,02,B01
200700063353,0,07,000,00,2,4,01,C01
200700063354,0,30,000,00,2,2,17,A01
200700063354,0,07,000,00,0,8,15,B01
200700063355,0,07,000,00,2,1,15,A01
200700063355,0,07,000,00,2,1,01,B01
200700063356,0,07,000,00,2,8,15,A01
200700063356,0,31,000,00,2,7,01,B01
200700063357,0,07,000,00,2,2,02,A01
200700063357,0,07,000,00,2,4,02,B01
200700063357,0,07,000,00,2,4,02,C01
200700063358,0,07,000,04,0,3,15,A01
200700063359,0,33,000,00,0,0,01,A01
200700063360,0,07,000,00,0,8,01,A01
200700063360,0,33,000,00,2,1,01,B01
200700063361,0,07,000,00,2,3,01,B01
200700063361,0,07,000,00,2,1,01,A01
200700063362,0,07,000,00,2,1,15,A01
200700063362,0,10,000,00,2,3,01,B01
200700063363,0,07,000,00,1,3,02,A01
200700063364,0,33,000,00,0,8,01,A01
200700063365,0,07,000,00,2,3,15,A01
200700063365,0,07,000,00,2,6,23,B01
200700063366,0,30,000,00,1,7,01,A01
200700063367,0,07,000,00,2,7,01,A01
200700063367,0,07,000,00,2,1,01,B01
200700063367,0,07,000,00,2,1,01,C01
200700063368,0,33,000,00,2,3,02,A01
200700063368,0,07,000,00,2,2,02,B01
200700063369,0,07,000,00,2,1,01,A01
200700063369,0,02,000,00,2,4,02,B01
200700063370,0,33,000,01,0,1,01,A01
200700063371,0,31,000,00,2,2,01,A01
200700063371,1,07,000,00,2,5,15,B01
200700063372,0,33,000,00,2,3,16,A01
200700063372,0,07,000,00,2,7,16,B01
200700063373,0,07,000,00,1,1,01,A01
200700063374,0,07,000,00,2,3,13,A01
200700063374,0,07,000,00,2,3,01,B01
200700063375,0,07,000,00,1,1,01,A01
200700063376,1,07,000,00,2,3,00,A01
200700063376,0,02,000,00,2,6,06,B01
200700063377,0,02,000,00,2,4,17,A01
200700063377,0,07,000,00,2,3,15,B01
200700063378,0,10,000,03,0,1,01,A01
200700063379,0,07,000,00,2,2,01,A01
200700063379,0,07,000,00,2,4,23,B01
200700063380,0,07,000,00,2,1,02,A01
200700063380,0,07,000,00,2,4,23,B01
200700063381,0,07,000,00,2,3,15,A01
200700063381,0,07,000,00,2,3,01,B01
200700063382,0,07,000,11,0,1,17,A01
200700063383,0,07,000,00,2,7,00,A01
200700063383,0,01,000,00,2,0,00,B01
200700063384,0,07,000,00,2,7,01,A01
200700063384,0,01,000,00,2,1,01,B01
200700063385,0,37,000,00,1,3,01,A01
200700063386,0,14,000,00,2,2,12,A01
200700063386,0,07,000,00,2,9,01,B01
200700063386,0,10,000,00,2,1,01,C01
200700063387,0,07,000,00,2,8,15,A01
200700063387,0,31,000,00,2,3,00,B01
200700063388,0,07,000,00,2,8,11,A01
200700063388,0,33,000,00,2,9,01,B01
200700063388,0,07,000,00,2,6,01,C01
200700063389,0,07,000,00,1,1,01,A01
200700063390,0,37,000,09,1,4,00,A01
200700063391,0,07,000,09,0,9,00,A01
200700063392,0,07,000,03,0,9,00,A01
200700063393,0,30,000,00,2,1,17,A01
200700063393,0,07,000,00,2,3,15,B01
200700063394,0,07,000,00,2,1,01,A01
200700063394,0,07,000,00,2,9,01,B01
200700063394,0,07,000,00,2,4,01,C01
200700063395,0,33,000,00,2,7,01,A01
200700063395,0,33,000,00,2,0,01,B01
200700063396,0,07,000,00,2,5,00,A01
200700063396,0,07,000,13,2,4,01,B01
200700063397,0,07,000,00,2,1,01,A01
200700063397,0,07,000,00,2,9,00,B01
200700063397,0,07,000,00,2,1,01,C01
200700063398,0,07,000,00,2,1,01,A01
200700063398,0,07,000,00,2,4,01,B01
200700063399,0,07,000,00,2,1,15,A01
200700063399,0,01,000,00,2,1,01,B01
200700063400,0,07,000,00,2,2,15,A01
200700063400,0,01,000,00,2,1,01,B01
200700063401,0,07,000,00,2,1,02,A01
200700063401,0,07,000,00,2,4,23,B01
200700063402,0,07,000,00,2,2,15,A01
200700063402,0,30,000,00,2,0,01,B01
200700063403,0,07,000,00,2,4,23,B01
200700063403,1,07,000,14,0,2,03,A01
200700063404,0,07,000,03,2,9,14,A01
200700063404,0,07,000,00,2,6,01,B01
200700063404,0,07,000,00,2,4,02,C01
200700063405,0,07,000,00,2,1,01,A01
200700063405,0,07,000,00,2,2,19,B01
200700063406,0,30,000,00,0,0,01,A01
200700063407,0,07,000,00,1,2,15,A01
200700063408,0,07,000,00,0,0,15,A01
200700063408,0,33,000,00,0,1,21,B01
200700063409,0,30,000,00,0,9,00,A01
200700063410,0,07,000,03,0,1,13,A01
200700063410,0,07,000,00,0,9,00,B01
200700063411,0,07,000,00,2,3,17,A01
200700063411,0,01,000,00,2,2,01,B01
200700063412,0,07,000,00,1,1,00,A01
200700063413,0,02,000,00,0,0,19,A01
200700063413,0,37,000,00,0,0,01,B01
200700063414,0,15,000,00,2,1,01,A01
200700063414,0,07,000,03,0,4,01,B01
200700063415,0,07,000,00,2,3,14,A01
200700063415,0,07,000,00,2,5,02,B01
200700063415,0,07,000,00,2,2,01,C01
200700063416,0,07,000,00,2,7,01,A01
200700063416,0,07,000,00,2,1,01,B01
200700063417,0,07,000,00,2,2,01,B01
200700063417,0,07,000,00,2,2,05,A01
200700063418,0,07,000,00,2,0,15,A01
200700063418,0,33,000,00,2,1,01,B01
200700063419,0,01,000,00,2,4,14,A01
200700063419,0,01,000,00,2,1,02,B01
200700063420,0,07,000,00,2,7,15,A01
200700063420,0,07,000,00,2,1,01,B01
200700063421,0,01,000,00,2,4,16,A01
200700063421,0,01,000,00,2,1,01,B01
200700063422,0,30,000,02,0,7,01,A01
200700063423,0,07,000,03,0,8,01,A01
200700063424,0,07,000,00,2,1,01,A01
200700063424,0,07,000,00,0,7,16,B01
200700063425,0,30,000,00,1,0,01,A01
200700063426,0,07,000,00,2,3,16,A01
200700063426,0,02,000,00,2,8,01,B01
200700063427,0,07,000,01,0,1,01,A01
200700063428,0,02,000,00,1,1,01,A01
200700063429,0,07,000,00,1,1,16,A01
200700063430,0,07,000,00,2,7,20,A01
200700063430,0,07,000,00,2,1,01,B01
200700063431,0,07,000,07,0,1,01,A01
200700063432,0,10,000,00,0,8,01,A01
200700063432,0,10,000,00,0,1,01,B01
200700063433,0,07,000,01,0,1,01,A01
200700063434,0,33,000,03,0,7,01,A01
200700063435,1,07,000,00,2,5,17,A01
200700063435,0,01,000,00,2,3,01,B01
200700063436,0,07,000,00,9,6,05,A01
200700063436,0,33,000,00,2,1,01,B01
200700063437,0,07,000,07,0,1,01,A01
200700063438,0,30,000,01,0,1,01,A01
200700063439,0,17,000,00,2,1,01,A01
200700063439,0,07,000,08,2,4,16,B01
200700063440,1,99,000,00,2,7,14,A01
200700063440,0,01,000,00,2,8,01,B01
200700063441,0,07,000,00,2,3,20,A01
200700063441,0,30,000,00,2,1,01,B01
200700063442,0,07,000,00,0,1,01,B01
200700063442,0,07,000,00,0,3,01,A01
200700063443,0,02,000,00,0,0,14,A01
200700063444,0,07,000,00,1,1,01,A01
200700063445,0,07,000,00,2,4,01,A01
200700063445,0,07,000,00,0,1,01,B01
200700063446,0,07,000,00,0,0,13,A01
200700063447,0,07,000,00,6,1,01,A01
200700063448,0,07,000,00,0,3,15,A01
200700063448,0,30,000,00,2,1,00,B01
200700063449,0,07,000,00,2,8,20,B01
200700063449,0,02,000,00,2,7,17,A01
200700063450,0,33,000,00,2,1,01,A01
200700063450,0,07,000,00,0,3,09,B01
200700063451,0,07,000,00,2,1,01,A01
200700063451,0,38,000,00,2,4,01,B01
200700063452,0,07,000,00,2,2,01,A01
200700063452,0,07,000,00,2,1,01,B01
200700063453,0,02,000,00,0,0,01,A01
200700063454,0,30,000,00,0,0,17,A01
200700063455,0,07,000,00,2,3,01,A01
200700063455,0,33,000,00,2,7,01,B01
200700063456,0,31,000,02,0,1,17,A01
200700063457,0,07,000,00,2,1,01,B01
200700063457,0,07,000,00,2,1,05,A01
200700063458,0,07,000,00,1,2,01,A01
200700063459,0,33,000,00,2,1,01,A01
200700063459,0,07,000,00,0,6,15,B01
200700063460,0,07,000,08,0,7,01,A01
200700063461,0,02,000,00,2,1,16,A01
200700063461,0,07,000,00,2,3,01,B01
200700063462,0,07,000,00,1,1,01,A01
200700063463,0,37,000,00,1,2,01,A01
200700063464,0,07,000,00,2,2,05,A01
200700063464,0,07,000,00,2,3,01,B01
200700063465,0,01,000,00,2,7,01,B01
200700063465,0,07,000,00,2,8,09,A01
200700063466,1,36,000,00,1,2,00,A01
200700063467,0,01,000,00,2,7,01,A01
200700063467,0,07,000,00,2,1,01,B01
200700063468,0,33,000,00,1,1,01,A01
200700063469,0,07,000,00,1,2,17,A01
200700063470,0,32,000,00,2,2,01,B01
200700063470,0,07,000,00,2,1,15,A01
200700063471,0,01,000,00,2,0,19,A01
200700063471,0,10,000,00,2,1,01,B01
200700063472,0,10,000,00,2,4,04,A01
200700063472,0,30,000,00,2,1,23,B01
200700063473,0,07,000,00,4,3,01,A01
200700063473,0,40,000,00,2,7,01,B01
200700063474,0,30,000,00,2,1,02,A01
200700063474,0,01,000,00,2,1,02,B01
200700063475,0,07,000,13,0,5,01,A01
200700063476,0,07,000,00,2,2,15,A01
200700063476,0,07,000,00,2,3,01,B01
200700063477,0,07,000,00,1,1,15,A01
200700063478,0,07,000,00,2,1,15,A01
200700063478,0,01,000,00,2,1,01,B01
200700063479,0,07,000,00,2,3,17,A01
200700063479,0,02,000,00,1,1,01,B01
200700063480,0,07,000,00,2,2,15,A01
200700063480,0,32,000,00,2,1,01,B01
200700063481,0,07,000,00,2,5,01,B01
200700063481,0,02,000,00,2,1,01,A01
200700063482,0,33,000,00,1,1,01,A01
200700063483,0,07,000,00,2,8,01,B01
200700063483,0,10,000,00,2,1,01,A01
200700063484,0,10,000,00,2,3,15,A01
200700063484,0,07,000,00,2,3,01,B01
200700063485,0,07,000,00,2,3,01,A01
200700063485,0,07,000,00,2,1,01,B01
200700063486,0,07,000,00,2,1,01,A01
200700063486,0,07,000,00,2,3,00,B01
200700063487,0,07,000,01,0,1,01,A01
200700063488,0,07,000,01,0,4,01,A01
200700063489,0,07,000,00,1,1,01,B01
200700063489,0,07,000,00,2,7,01,A01
200700063490,0,07,000,00,2,8,15,A01
200700063490,0,01,000,00,2,1,01,B01
200700063491,0,07,000,00,2,7,16,A01
200700063491,0,30,000,00,2,8,01,B01
200700063492,0,10,000,00,2,7,22,A01
200700063492,0,01,000,00,2,4,01,B01
200700063493,0,31,000,00,0,7,01,A01
200700063493,1,07,000,00,0,0,17,B01
200700063494,0,34,000,00,2,1,21,A01
200700063494,0,07,000,00,2,0,15,C01
200700063495,0,07,000,00,2,4,01,A01
200700063495,0,07,000,00,2,2,02,B01
200700063495,0,07,000,00,2,1,02,C01
200700063496,0,38,000,00,1,2,15,A01
200700063497,0,07,000,00,1,2,01,A01
200700063498,0,07,000,00,2,1,12,A01
200700063498,0,07,000,00,2,4,01,B01
200700063498,0,07,000,00,2,0,02,C01
200700063499,0,07,000,00,2,1,16,A01
200700063499,0,01,000,00,2,1,01,B01
200700063500,0,07,000,00,2,3,15,A01
200700063500,0,31,000,00,2,1,01,B01
200700063501,0,07,000,00,2,3,01,A01
200700063501,0,33,000,00,2,1,01,B01
200700063502,0,07,000,00,2,3,09,A01
200700063502,0,07,000,00,2,2,01,B01
200700063503,0,07,000,00,2,2,15,A01
200700063503,0,07,000,00,2,1,01,B01
200700063504,0,31,000,00,0,8,01,A01
200700063504,1,07,000,00,2,0,01,B01
200700063505,0,34,000,00,2,1,16,A01
200700063505,0,07,000,00,2,7,16,B01
200700063506,0,16,000,00,2,2,16,A01
200700063506,0,01,000,00,2,1,01,B01
200700063507,0,07,000,00,2,3,13,A01
200700063507,0,07,000,00,2,3,01,B01
200700063508,0,07,000,00,2,3,15,A01
200700063508,0,34,000,00,2,2,17,B01
200700063509,0,07,000,00,0,5,02,B01
200700063509,0,02,000,00,2,6,02,A01
200700063510,0,31,000,00,2,1,00,B01
200700063510,0,07,000,00,2,3,00,A01
200700063511,0,07,000,00,0,2,16,A01
200700063511,0,02,000,00,0,3,02,B01
200700063512,0,07,000,00,2,5,16,A01
200700063512,0,02,000,00,2,1,01,B01
200700063513,0,01,000,00,2,1,15,A01
200700063513,0,07,000,00,2,1,01,B01
200700063514,0,10,000,00,1,4,04,A01
200700063515,0,07,000,00,2,1,01,A01
200700063515,0,07,000,00,2,7,01,B01
200700063516,0,07,000,00,2,8,13,A01
200700063516,0,02,000,00,2,1,01,B01
200700063517,0,07,000,00,2,1,01,A01
200700063517,0,07,000,00,2,1,01,B01
200700063518,0,07,000,08,0,1,01,A01
200700063519,0,34,000,00,2,1,01,B01
200700063519,1,07,000,00,2,6,10,A01
200700063520,0,02,000,00,0,0,00,B01
200700063521,0,07,000,00,2,3,15,A01
200700063521,0,01,000,00,2,1,15,B01
200700063522,0,07,000,00,0,1,01,B01
200700063522,0,07,000,00,0,3,01,A01
200700063523,0,07,000,00,2,2,01,B01
200700063523,0,07,000,00,0,0,00,C01
200700063523,0,02,000,00,2,1,19,A01
200700063524,0,37,000,00,2,1,02,A01
200700063524,0,07,000,00,2,4,23,B01
200700063525,0,07,000,00,2,1,02,A01
200700063525,0,07,000,00,2,4,16,B01
200700063526,0,14,000,00,2,1,12,A01
200700063526,0,07,000,00,2,4,01,B01
200700063527,1,07,000,00,2,1,02,A01
200700063527,0,07,000,00,2,4,01,B01
200700063528,0,07,000,00,2,1,02,A01
200700063528,0,03,000,00,2,4,02,B01
200700063528,0,07,000,00,2,4,02,C01
200700063528,0,07,000,00,2,4,02,D01
200700063529,0,07,000,00,9,7,00,A01
200700063529,0,30,000,00,2,1,01,B01
200700063530,0,07,000,00,2,2,16,A01
200700063530,0,01,000,00,2,1,01,B01
200700063531,0,07,000,00,0,0,01,A01
200700063532,0,07,000,00,9,1,05,A01
200700063533,0,07,000,00,2,3,09,A01
200700063533,0,10,000,00,2,2,01,B01
200700063534,0,07,000,00,1,4,04,A01
200700063535,0,07,000,00,2,2,15,A01
200700063535,0,30,000,00,2,2,01,B01
200700063536,0,07,000,00,2,1,13,A01
200700063536,0,07,000,00,2,1,01,B01
200700063537,0,33,000,00,9,1,01,A01
200700063537,0,01,000,00,2,6,05,B01
200700063538,0,07,000,00,2,3,09,A01
200700063538,0,07,000,00,2,7,01,B01
200700063539,0,02,000,14,0,2,02,A01
200700063539,0,07,000,00,0,5,00,B01