Num_Acc,senc,catv,occutc,obs,obsm,choc,manv,num_veh
200700063540,0,07,000,00,2,1,02,A01
200700063540,0,07,000,00,1,4,23,B01
200700063541,0,10,000,00,2,8,24,A01
200700063541,0,07,000,01,0,7,14,B01
200700063542,0,07,000,00,2,1,02,A01
200700063542,0,07,000,00,2,4,23,B01
200700063543,0,07,000,00,2,1,01,A01
200700063543,0,07,000,00,2,1,13,B01
200700063544,0,07,000,00,1,1,15,A01
200700063545,0,07,000,00,2,1,13,A01
200700063545,0,07,000,00,2,1,01,B01
200700063546,0,07,000,00,2,8,01,A01
200700063546,0,02,000,00,2,7,09,B01
200700063547,0,07,000,00,2,3,15,A01
200700063547,0,02,000,00,2,1,01,B01
200700063548,0,07,000,02,0,1,01,A01
200700063549,0,07,000,00,1,2,00,A01
200700063550,0,33,000,00,2,1,01,B01
200700063550,0,07,000,00,2,1,19,A01
200700063551,0,07,000,00,2,1,01,A01
200700063551,0,07,000,00,2,4,02,B01
200700063552,0,07,000,00,1,8,00,A01
200700063553,0,07,000,00,2,1,09,A01
200700063553,0,33,000,00,2,2,01,B01
200700063554,0,07,000,00,1,5,04,A01
200700063555,0,32,000,00,2,1,01,A01
200700063555,1,07,000,00,2,1,01,B01
200700063556,0,07,000,00,1,7,00,A01
200700063557,0,07,000,00,2,3,15,A01
200700063557,0,07,000,00,2,1,01,B01
200700063558,0,07,000,00,1,1,01,A01
200700063559,0,07,000,00,1,2,01,A01
200700063560,0,07,000,00,2,1,13,A01
200700063560,0,07,000,00,2,1,00,B01
200700063561,0,07,000,00,2,1,05,A01
200700063561,0,07,000,00,2,3,01,B01
200700063561,0,07,000,00,2,1,01,C01
200700063561,0,07,000,00,2,1,01,D01
200700063562,0,07,000,01,2,1,09,A01
200700063562,0,07,000,00,2,2,01,B01
200700063563,0,02,000,00,2,1,01,A01
200700063563,0,07,000,00,2,3,01,B01
200700063564,0,07,000,00,2,3,15,B01
200700063564,0,31,000,01,2,1,17,A01
200700063565,1,07,000,00,2,1,13,A01
200700063565,0,02,000,00,2,1,01,B01
200700063566,0,07,000,00,2,3,15,A01
200700063566,0,07,000,00,2,3,01,B01
200700063567,0,07,000,00,2,7,14,A01
200700063567,0,33,000,00,2,8,01,B01
200700063568,0,07,000,00,2,8,15,A01
200700063568,0,02,000,00,2,1,17,B01
200700063569,0,02,000,00,2,2,05,A01
200700063569,0,07,000,00,2,8,01,B01
200700063570,0,30,000,00,2,1,01,A01
200700063570,0,07,000,00,2,6,15,B01
200700063571,0,07,000,00,2,1,15,A01
200700063571,0,33,000,00,2,1,01,B01
200700063572,0,30,000,00,2,1,09,A01
200700063572,0,07,000,00,2,7,01,B01
200700063573,0,07,000,00,2,2,01,A01
200700063573,0,30,000,00,2,8,01,B01
200700063574,0,07,000,00,2,8,15,A01
200700063574,0,33,000,00,2,1,01,B01
200700063575,0,07,000,00,2,1,01,A01
200700063575,0,07,000,00,2,4,01,B01
200700063576,0,14,000,01,0,2,01,A01
200700063576,0,10,000,15,0,6,24,B01
200700063577,0,07,000,00,2,1,15,A01
200700063577,0,10,000,01,2,1,01,B01
200700063578,0,07,000,00,1,6,04,A01
200700063579,0,33,000,02,2,8,00,A01
200700063579,0,07,000,00,2,8,01,B01
200700063580,0,07,000,00,1,2,01,A01
200700063580,0,07,000,01,2,1,00,B01
200700063581,0,07,000,00,1,3,02,A01
200700063582,0,07,000,00,2,5,13,A01
200700063582,0,07,000,00,2,1,01,B01
200700063583,0,01,000,00,1,1,01,A01
200700063584,0,07,000,06,1,6,20,A01
200700063585,0,10,000,00,2,5,01,A01
200700063585,0,07,000,00,2,1,01,B01
200700063586,0,07,000,02,0,1,16,A01
200700063587,0,07,000,00,1,3,01,A01
200700063588,0,07,000,00,2,3,16,B01
200700063588,0,07,000,00,2,2,02,A01
200700063589,0,07,000,00,0,6,23,C01
200700063589,0,33,000,14,2,7,16,A01
200700063589,0,07,000,00,2,3,01,B01
200700063590,0,07,000,00,1,3,01,A01
200700063591,0,01,000,00,1,1,00,A01
200700063592,0,07,000,00,2,3,01,A01
200700063592,0,07,000,00,2,8,15,B01
200700063593,0,07,000,00,2,1,02,A01
200700063593,0,10,000,00,2,4,23,B01
200700063594,0,07,000,00,2,3,01,B01
200700063594,0,07,000,00,2,2,01,A01
200700063595,0,07,000,00,2,1,09,B01
200700063595,0,30,000,00,2,7,01,A01
200700063596,0,07,000,00,2,8,01,B01
200700063596,0,07,000,00,2,1,09,A01
200700063597,0,10,000,00,1,5,04,A01
200700063598,0,01,000,00,2,1,01,B01
200700063598,0,07,000,00,9,8,09,A01
200700063599,0,07,000,00,2,1,13,A01
200700063599,0,07,000,00,2,1,01,B01
200700063600,0,07,000,00,1,3,01,A01
200700063601,0,07,000,00,1,4,20,A01
200700063602,0,07,000,00,1,2,01,A01
200700063603,0,07,000,00,0,0,01,A01
200700063604,0,07,000,00,0,7,01,A01
200700063605,0,31,000,00,2,1,02,A01
200700063605,0,07,000,00,2,4,02,B01
200700063606,0,07,000,00,9,1,09,A01
200700063606,0,32,000,00,2,7,01,B01
200700063607,0,10,000,00,1,4,04,A01
200700063608,0,14,000,14,0,5,02,A01
200700063609,0,14,000,00,2,3,15,A01
200700063609,0,02,000,00,2,3,02,B01
200700063610,0,07,000,00,2,4,04,A01
200700063610,0,10,000,00,2,2,13,B01
200700063611,0,30,000,00,2,1,01,A01
200700063611,0,10,000,00,2,5,14,B01
200700063612,0,07,000,00,2,1,16,A01
200700063612,0,01,000,00,2,1,01,B01
200700063613,0,07,000,00,1,0,16,A01
200700063614,0,07,000,00,1,1,02,A01
200700063615,0,31,000,00,2,8,01,A01
200700063615,0,07,000,00,2,2,16,B01
200700063616,1,07,000,00,2,3,15,A01
200700063616,0,30,000,00,2,1,01,B01
200700063617,0,07,000,01,1,1,09,A01
200700063618,0,07,000,00,2,8,09,A01
200700063618,0,02,000,01,0,2,00,B01
200700063619,0,07,000,00,2,3,15,A01
200700063619,0,33,000,00,2,1,01,B01
200700063620,0,02,000,00,2,1,01,A01
200700063620,0,07,000,00,2,4,01,B01
200700063621,0,33,000,00,2,1,03,A01
200700063621,0,07,000,00,2,5,12,B01
200700063622,0,07,000,08,0,1,13,A01
200700063623,0,02,000,00,2,1,01,A01
200700063623,0,07,000,00,2,1,23,C01
200700063623,0,07,000,00,0,3,01,B01
200700063624,0,07,000,00,1,1,01,A01
200700063625,0,40,000,00,0,0,00,A01
200700063626,0,07,000,00,1,4,04,A01
200700063627,0,30,000,00,2,3,01,A01
200700063627,0,07,000,00,2,4,23,B01
200700063628,0,02,000,00,2,1,02,A01
200700063628,0,07,000,00,2,4,16,B01
200700063629,0,30,000,00,2,1,01,A01
200700063629,0,07,000,00,0,6,16,B01
200700063630,0,31,000,00,2,1,01,A01
200700063630,0,07,000,00,2,2,20,B01
200700063631,0,07,000,00,1,1,01,A01
200700063632,0,33,000,00,2,1,01,B01
200700063632,0,07,000,00,2,3,15,A01
200700063633,0,31,000,00,2,1,01,A01
200700063633,0,10,000,00,2,3,15,B01
200700063634,0,07,000,14,0,1,02,A01
200700063634,0,07,000,00,0,4,02,B01
200700063635,0,07,000,08,0,1,13,A01
200700063636,0,07,000,00,1,1,02,A01
200700063637,0,07,000,00,1,1,01,A01
200700063638,0,07,000,00,2,1,01,A01
200700063638,0,32,000,00,2,8,01,B01
200700063639,0,07,000,00,1,3,01,A01
200700063640,0,07,000,00,2,1,01,B01
200700063640,0,07,000,00,2,4,01,C01
200700063640,1,07,000,00,2,0,01,A01
200700063641,0,07,000,00,2,0,19,A01
200700063642,2,07,000,00,2,1,01,A01
200700063642,0,07,000,00,2,4,02,B01
200700063643,0,07,000,00,1,1,02,A01
200700063644,0,07,000,00,1,3,01,A01
200700063645,0,01,000,00,2,1,05,A01
200700063645,0,07,000,00,2,3,01,B01
200700063646,0,02,000,00,2,1,01,A01
200700063646,0,07,000,00,2,2,16,B01
200700063647,0,02,000,00,2,1,01,A01
200700063647,0,07,000,00,2,5,15,B01
200700063648,0,33,000,00,2,2,01,B01
200700063648,0,07,000,00,2,2,15,A01
200700063649,0,30,000,00,2,1,15,A01
200700063649,0,07,000,00,2,1,01,B01
200700063650,0,31,000,00,2,1,18,A01
200700063650,0,07,000,00,2,1,15,B01
200700063651,0,40,000,00,1,0,01,A01
200700063652,0,07,000,00,2,2,15,A01
200700063652,0,01,000,00,2,1,01,B01
200700063653,0,07,000,00,2,1,05,A01
200700063653,0,10,000,00,2,1,01,B01
200700063654,0,07,000,00,2,1,00,A01
200700063654,0,07,000,00,2,3,01,B01
200700063655,0,07,000,00,1,1,01,A01
200700063656,0,33,000,00,2,1,17,A01
200700063656,0,07,000,00,2,3,15,B01
200700063657,0,07,000,01,0,1,01,A01
200700063657,0,07,000,00,2,4,23,B01
200700063658,0,07,000,06,0,1,01,A01
200700063659,0,07,000,00,0,0,00,A01
200700063659,0,07,000,00,0,0,00,B01
200700063660,0,07,000,00,1,1,15,A01
200700063661,0,07,000,00,2,2,01,B01
200700063661,0,30,000,00,2,2,01,A01
200700063662,0,30,000,00,2,0,18,A01
200700063662,0,07,000,00,2,2,01,B01
200700063663,0,33,000,00,2,3,18,A01
200700063663,0,07,000,00,2,5,12,B01
200700063664,0,01,000,00,2,1,01,A01
200700063664,0,07,000,00,2,3,01,B01
200700063665,0,03,000,00,2,7,19,A01
200700063665,0,07,000,00,2,1,01,B01
200700063666,0,07,000,00,1,1,01,A01
200700063667,0,07,000,00,2,1,01,A01
200700063667,0,17,000,00,2,8,19,B01
200700063668,0,07,000,00,2,6,19,A01
200700063668,0,31,000,00,2,1,01,B01
200700063669,0,07,000,00,2,4,01,A01
200700063669,0,07,000,00,2,1,02,B01
200700063669,0,07,000,00,2,1,02,C01
200700063670,0,10,000,01,0,2,14,A01
200700063671,0,02,000,00,2,1,17,A01
200700063671,0,07,000,00,2,6,15,B01
200700063672,0,33,000,00,2,1,17,A01
200700063672,0,07,000,00,2,3,15,B01
200700063673,0,07,000,07,2,1,01,A01
200700063673,0,07,000,00,2,4,15,B01
200700063674,0,07,000,00,1,1,15,A01
200700063675,0,07,000,00,2,3,19,A01
200700063675,0,30,000,00,2,1,01,B01
200700063676,0,07,000,00,1,1,01,A01
200700063677,0,07,000,00,2,3,13,A01
200700063677,0,07,000,00,2,3,01,B01
200700063678,0,07,000,00,2,1,15,A01
200700063678,0,07,000,00,2,1,01,B01
200700063679,0,07,000,00,2,3,10,A01
200700063679,0,30,000,00,2,1,01,B01
200700063680,0,17,000,00,2,2,01,B01
200700063680,0,10,000,00,2,1,11,A01
200700063681,0,33,000,14,2,1,17,A01
200700063681,0,07,000,00,2,3,15,B01
200700063682,0,07,000,00,2,1,05,A01
200700063682,0,07,000,00,2,3,01,B01
200700063682,0,07,000,00,2,3,01,C01
200700063683,0,07,000,00,2,3,15,A01
200700063683,0,33,000,00,2,1,21,B01
200700063684,0,07,000,00,1,2,00,A01
200700063685,0,07,000,00,2,1,00,B01
200700063685,0,02,000,00,2,0,00,A01
200700063686,0,33,000,00,0,0,00,A01
200700063686,0,17,000,00,2,1,01,B01
200700063687,0,07,000,00,2,1,00,A01
200700063687,0,07,000,00,2,1,00,B01
200700063688,0,07,000,00,2,0,00,A01
200700063688,0,07,000,00,2,0,00,B01
200700063689,0,07,000,08,2,0,00,A01
200700063689,0,07,000,00,0,0,00,B01
200700063690,0,07,000,00,0,8,22,A01
200700063690,0,01,000,01,2,1,00,B01
200700063691,0,07,000,00,2,0,00,A01
200700063691,0,07,000,00,2,8,00,B01
200700063692,0,07,000,00,2,5,15,A01
200700063692,0,33,000,00,2,1,00,B01
200700063693,0,01,000,00,2,1,01,B01
200700063693,0,07,000,00,2,3,15,A01
200700063694,0,02,000,00,2,1,00,A01
200700063694,1,07,000,00,2,0,00,B01
200700063695,0,01,000,00,2,8,00,A01
200700063695,0,07,000,00,9,1,00,B01
200700063696,0,02,000,12,0,1,01,A01
200700063697,0,07,000,00,2,3,15,A01
200700063697,0,07,000,00,2,4,01,B01
200700063697,0,10,000,00,2,1,01,C01
200700063697,0,07,000,00,2,1,01,D01
200700063698,0,02,000,00,2,1,17,A01
200700063698,0,07,000,00,2,3,15,B01
200700063699,1,07,000,00,1,0,01,A01
200700063700,0,10,000,00,2,1,00,A01
200700063700,0,07,000,00,0,4,00,B01
200700063701,0,07,000,00,2,1,01,B01
200700063701,0,01,000,00,2,0,00,A01
200700063702,0,02,000,00,2,1,01,B01
200700063702,0,07,000,00,2,3,15,A01
200700063703,0,17,000,08,2,1,00,B01
200700063703,0,07,000,00,2,7,00,A01
200700063704,0,07,000,00,2,1,00,A01
200700063704,0,02,000,00,0,4,00,B01
200700063705,0,07,000,00,2,3,00,A01
200700063705,0,15,000,00,2,6,00,B01
200700063706,1,07,000,00,2,0,00,A01
200700063706,0,02,000,00,2,0,00,B01
200700063707,0,07,000,00,2,2,00,A01
200700063707,0,33,000,00,2,1,00,B01
200700063708,0,07,000,00,2,0,00,A01
200700063708,0,02,000,00,2,0,00,B01
200700063709,0,07,000,00,1,0,00,A01
200700063709,0,01,000,00,2,0,00,B01
200700063710,0,07,000,14,0,2,00,A01
200700063710,0,07,000,14,2,4,02,B01
200700063710,0,07,000,14,2,4,02,C01
200700063710,0,07,000,14,2,4,02,D01
200700063710,0,07,000,00,2,4,02,E01
200700063711,0,07,000,00,2,1,15,A01
200700063711,0,30,000,00,2,1,01,B01
200700063712,0,07,000,00,2,1,01,A01
200700063712,0,07,000,00,2,4,01,B01
200700063712,0,07,000,00,2,4,01,C01
200700063713,0,07,000,00,2,1,15,A01
200700063713,0,33,000,00,2,1,01,B01
200700063714,0,07,000,00,2,3,11,A01
200700063714,0,33,000,09,2,1,01,B01
200700063715,0,07,000,06,0,1,01,A01
200700063716,0,33,000,00,2,7,01,A01
200700063716,0,07,000,00,2,8,15,B01
200700063717,0,07,000,07,2,7,15,A01
200700063717,0,07,000,00,2,1,01,B01
200700063718,0,10,000,13,0,1,01,A01
200700063719,0,01,000,00,0,8,16,B01
200700063719,1,17,000,00,9,7,16,A01
200700063720,0,07,000,00,1,7,01,A01
200700063721,0,07,000,00,1,3,01,B01
200700063722,0,10,000,00,2,1,02,A01
200700063722,0,07,000,00,2,4,02,B01
200700063722,0,07,000,00,2,4,02,C01
200700063722,0,07,000,01,2,4,02,D01
200700063723,0,37,001,00,1,2,01,B01
200700063724,0,07,000,00,2,1,09,A01
200700063724,0,02,000,00,2,8,01,B01
200700063725,0,30,000,00,2,1,09,A01
200700063725,0,07,000,00,2,1,01,B01
200700063726,0,33,000,00,0,1,01,A01
200700063727,0,07,000,00,2,1,02,A01
200700063727,0,07,000,00,2,4,02,B01
200700063728,0,07,000,00,2,2,02,A01
200700063728,0,02,000,00,2,4,02,B01
200700063729,0,30,000,00,2,8,01,A01
200700063729,0,30,000,00,2,1,01,B01
200700063730,0,07,000,00,0,8,01,A01
200700063731,2,02,000,00,1,1,02,A01
200700063731,0,01,000,00,2,4,02,B01
200700063732,0,33,000,12,0,3,01,A01
200700063733,0,01,000,00,0,1,01,A01
200700063734,1,07,000,07,1,4,04,A01
200700063735,0,02,000,00,1,1,01,A01
200700063736,0,07,000,00,2,8,15,A01
200700063736,0,30,000,00,2,1,17,B01
200700063737,0,07,000,00,2,2,15,A01
200700063737,0,02,000,00,2,1,01,B01
200700063738,0,07,000,00,1,3,15,A01
200700063739,0,07,000,00,1,1,15,A01
200700063740,0,07,000,00,1,1,15,A01
200700063741,0,01,000,00,0,0,00,A01
200700063742,0,30,000,12,0,1,01,A01
200700063743,0,31,000,00,0,1,01,A01
200700063744,0,07,000,02,0,9,01,A01
200700063745,0,02,000,00,2,1,01,A01
200700063745,0,01,000,00,2,1,01,B01
200700063746,0,07,000,00,2,2,16,A01
200700063746,0,30,000,00,2,1,01,B01
200700063747,0,07,000,00,2,2,15,A01
200700063747,0,33,000,00,2,8,01,B01
200700063748,0,07,000,00,2,1,02,A01
200700063748,0,07,000,00,2,4,02,B01
200700063748,0,07,000,00,2,4,02,C01
200700063748,0,07,000,00,2,1,02,D01
200700063749,0,02,000,00,1,2,02,A01
200700063750,0,07,000,00,2,7,20,A01
200700063750,0,02,000,00,2,3,01,B01
200700063751,0,07,000,00,2,8,09,A01
200700063751,0,07,000,01,2,1,01,B01
200700063752,0,10,000,00,2,0,09,A01
200700063752,0,02,000,00,2,1,01,B01
200700063753,0,07,000,00,2,1,14,A01
200700063753,0,07,000,00,2,8,01,B01
200700063754,0,07,000,00,2,1,16,A01
200700063754,0,07,000,00,2,8,01,B01
200700063755,0,07,000,00,2,1,02,A01
200700063755,0,10,000,00,2,4,02,B01
200700063755,0,10,000,00,2,4,02,C01
200700063756,0,07,000,00,2,1,09,A01
200700063756,0,30,000,00,2,1,01,B01
200700063757,0,07,000,00,2,1,02,A01
200700063757,0,07,000,00,2,4,02,B01
200700063758,0,01,000,00,0,0,01,A01
200700063759,0,02,000,00,2,8,01,A01
200700063759,0,07,000,00,2,8,15,B01
200700063760,0,07,000,00,2,3,09,A01
200700063760,0,02,000,00,2,1,17,B01
200700063761,0,07,000,00,1,1,01,B01
200700063762,0,07,000,00,2,1,15,A01
200700063762,0,07,000,00,2,3,01,B01
200700063763,0,07,000,00,2,2,05,A01
200700063763,0,07,000,06,2,2,01,B01
200700063764,0,07,000,00,2,1,02,A01
200700063764,0,07,000,00,2,4,02,B01
200700063765,0,07,000,00,2,7,01,A01
200700063765,0,07,000,00,2,1,01,B01
200700063766,0,07,000,01,0,3,01,A01
200700063767,0,37,001,00,1,2,01,A01
200700063768,0,07,000,00,2,7,15,A01
200700063768,0,02,000,00,2,1,01,B01
200700063769,0,01,000,00,2,1,19,A01
200700063769,0,07,000,00,2,1,01,B01
200700063770,0,10,000,00,1,4,04,A01
200700063771,0,07,000,00,1,1,01,B01
200700063772,0,07,000,03,0,7,01,A01
200700063773,0,02,000,12,0,0,01,A01
200700063774,0,01,000,00,1,1,18,A01
200700063775,0,07,000,00,2,6,09,A01
200700063775,0,02,000,00,2,1,01,B01
200700063776,2,30,000,00,1,3,01,A01
200700063777,0,02,000,00,0,1,01,A01
200700063778,0,30,000,00,0,7,01,A01
200700063779,0,07,000,00,1,1,01,A01
200700063780,0,07,000,00,2,1,02,A01
200700063780,0,07,000,00,2,4,02,B01
200700063781,0,07,000,00,2,3,01,A01
200700063781,0,99,000,00,2,2,01,B01
200700063782,0,07,000,00,2,1,01,A01
200700063782,0,07,000,00,0,4,01,B01
200700063783,0,07,000,00,2,9,02,B01
200700063783,0,07,000,00,0,6,01,C01
200700063783,0,07,000,00,2,1,02,A01
200700063784,0,02,000,00,2,2,02,A01
200700063784,0,07,000,00,2,3,13,B01
200700063785,0,07,000,00,1,1,01,A01
200700063786,0,07,000,00,2,3,01,B01
200700063786,0,07,000,00,2,2,15,A01
200700063787,0,02,000,00,2,8,01,B01
200700063788,0,07,000,00,2,3,09,A01
200700063788,0,33,000,00,2,1,01,B01
200700063789,0,03,000,00,1,2,01,A01
200700063790,0,01,000,00,2,1,01,A01
200700063790,0,07,000,00,2,4,23,B01
200700063791,0,33,000,00,2,3,01,A01
200700063791,0,07,000,00,2,1,15,B01
200700063792,0,07,000,13,0,2,14,A01
200700063793,0,02,000,00,2,2,17,A01
200700063793,0,07,000,00,2,3,09,B01
200700063794,0,30,000,00,2,1,01,A01
200700063794,0,07,000,00,2,4,23,B01
200700063795,0,30,000,00,2,3,15,A01
200700063795,0,07,000,00,2,1,01,B01
200700063796,0,07,000,00,2,2,01,B01
200700063796,0,02,000,00,2,3,15,A01
200700063797,1,07,000,00,1,1,01,A01
200700063798,0,07,000,00,2,4,01,B01
200700063798,0,07,000,00,2,1,02,A01
200700063799,0,01,000,00,2,2,02,A01
200700063799,0,07,000,00,2,4,01,B01
200700063800,0,07,000,00,1,1,01,A01
200700063801,0,07,000,00,2,1,02,A01
200700063801,0,07,000,00,2,4,23,B01
200700063801,0,07,000,00,2,4,23,C01
200700063801,0,07,000,00,2,4,23,D01
200700063802,0,07,000,00,2,2,15,A01
200700063802,0,30,000,00,2,1,01,B01
200700063803,0,30,000,06,0,1,14,A01
200700063804,0,07,000,00,2,2,15,A01
200700063804,0,30,000,00,2,1,01,B01
200700063805,0,07,000,00,1,1,01,A01
200700063806,0,07,000,00,2,4,04,A01
200700063806,0,30,000,00,2,7,01,B01
200700063807,0,30,000,00,0,0,14,A01
200700063808,0,07,000,00,2,2,01,A01
200700063808,0,01,000,00,2,1,01,B01
200700063809,0,07,000,00,1,3,15,A01
200700063810,0,07,000,00,9,1,17,A01
200700063810,0,02,000,00,2,1,01,B01
200700063811,0,33,000,15,0,1,14,A01
200700063812,0,07,000,00,0,2,00,A01
200700063812,0,33,000,00,2,1,02,B01
200700063813,0,07,000,00,0,3,15,A01
200700063813,0,02,000,00,2,1,17,B01
200700063814,0,02,000,00,2,1,01,A01
200700063814,0,07,000,00,2,7,16,B01
200700063815,0,02,000,00,2,1,03,A01
200700063815,0,07,000,00,2,6,15,B01
200700063816,0,07,000,00,2,3,15,A01
200700063816,0,33,000,00,2,8,01,B01
200700063817,0,07,000,00,2,5,15,A01
200700063817,0,31,000,00,2,1,01,B01
200700063818,0,33,000,00,2,1,01,B01
200700063818,0,07,000,00,2,3,15,A01
200700063819,0,07,000,00,2,7,01,B01
200700063819,0,02,000,00,2,1,16,A01
200700063820,0,07,000,00,2,7,15,A01
200700063820,0,33,000,00,2,1,01,B01
200700063821,0,02,000,00,2,1,02,A01
200700063821,0,07,000,00,2,4,16,B01
200700063822,0,30,000,00,2,0,01,A01
200700063822,0,07,000,00,2,4,01,B01
200700063823,0,02,000,00,2,1,01,A01
200700063823,0,07,000,00,2,8,15,B01
200700063824,0,07,000,00,1,2,01,A01
200700063825,0,07,000,08,0,1,00,A01
200700063826,0,02,000,00,1,1,21,A01
200700063827,0,30,000,00,2,1,01,A01
200700063827,0,07,000,00,2,4,01,B01
200700063828,0,33,000,00,0,7,01,A01
200700063829,0,07,000,13,0,1,14,A01
200700063830,0,07,000,00,2,2,15,A01
200700063830,0,02,000,00,2,1,18,B01
200700063831,0,07,000,10,0,1,13,A01
200700063832,0,02,000,00,2,1,01,A01
200700063832,0,07,000,00,2,4,01,B01
200700063833,0,02,000,00,0,6,21,B01
200700063833,0,07,000,00,0,0,01,A01
200700063834,0,07,000,00,2,8,15,A01
200700063834,0,02,000,00,2,7,17,B01
200700063835,0,07,000,06,0,3,13,A01
200700063836,0,10,000,00,1,4,04,A01
200700063837,0,07,000,00,2,1,01,B01
200700063837,0,17,000,00,0,8,15,A01
200700063838,0,02,000,16,0,1,02,A01
200700063839,0,07,000,00,2,8,02,A01
200700063839,0,01,000,00,2,3,19,B01
200700063840,0,07,000,00,1,0,20,A01
200700063841,0,07,000,00,2,1,02,A01
200700063841,0,07,000,00,2,3,09,B01
200700063842,2,07,000,00,2,4,04,A01
200700063842,0,02,000,00,2,8,02,B01
200700063843,0,07,000,00,2,7,20,A01
200700063843,0,07,000,00,2,9,02,B01
200700063844,0,01,000,00,1,1,01,A01
200700063845,0,07,000,00,2,3,13,A01
200700063845,0,33,000,00,2,8,01,B01
200700063846,0,07,000,00,2,7,10,A01
200700063846,0,07,000,00,2,1,01,B01
200700063847,0,07,000,01,1,3,14,A01
200700063848,0,07,000,00,0,7,15,A01
200700063848,0,02,000,00,2,1,01,B01
200700063849,2,07,000,00,0,8,15,A01
200700063849,0,33,000,00,2,9,17,B01
200700063850,0,07,000,00,0,0,15,A01
200700063850,0,33,000,00,0,0,01,B01
200700063851,0,10,000,01,0,0,16,A01
200700063852,0,40,000,00,1,7,01,A01
200700063853,0,02,000,00,2,1,02,A01
200700063853,0,10,000,00,2,4,02,B01
200700063854,0,10,000,00,2,1,02,A01
200700063854,0,07,000,00,2,1,02,B01
200700063854,0,07,000,00,2,4,02,C01
200700063855,1,02,000,00,1,1,01,A01
200700063856,0,07,000,01,0,1,12,A01
200700063856,0,10,000,00,2,4,23,B01
200700063857,0,07,000,00,2,7,01,A01
200700063857,0,07,000,00,2,1,01,B01
200700063858,0,07,000,00,2,1,15,A01
200700063858,0,07,000,00,2,3,01,B01
200700063859,0,40,000,00,1,8,01,A01
200700063860,0,07,000,00,2,7,16,A01
200700063860,0,01,000,00,2,3,01,B01
200700063861,0,10,000,00,2,1,01,A01
200700063861,0,07,000,00,2,4,23,B01
200700063862,0,01,000,00,2,1,01,A01
200700063862,0,07,000,00,2,6,01,B01
200700063863,0,07,000,00,0,2,01,A01
200700063864,0,07,000,00,1,1,01,A01
200700063865,0,02,000,00,1,1,01,A01
200700063866,0,07,000,00,2,3,15,A01
200700063866,0,02,000,00,2,1,01,B01
200700063867,0,10,000,00,2,4,04,A01
200700063867,0,32,000,00,2,1,23,B01
200700063868,0,37,001,00,2,1,02,A01
200700063868,0,07,000,00,2,6,23,B01
200700063869,0,07,000,00,2,8,09,A01
200700063869,0,33,000,00,2,1,01,B01
200700063870,0,07,000,00,2,7,01,B01
200700063870,0,07,000,00,2,1,01,A01
200700063871,0,07,000,00,1,7,01,A01
200700063872,0,02,000,00,2,1,16,A01
200700063872,0,07,000,00,2,8,01,B01
200700063873,0,07,000,00,1,1,01,A01
200700063874,0,10,000,00,2,1,01,A01
200700063874,0,02,000,00,2,3,01,B01
200700063875,0,07,000,00,2,2,01,A01
200700063875,0,07,000,00,2,1,01,B01
200700063876,0,10,000,00,2,4,04,A01
200700063877,0,07,000,00,1,2,01,A01
200700063878,0,07,000,00,2,1,01,A01
200700063878,0,07,000,00,2,4,02,B01
200700063878,0,07,000,00,2,4,02,C01
200700063879,0,07,000,00,2,1,02,A01
200700063879,0,07,000,00,2,4,02,B01
200700063880,0,07,000,00,2,3,09,A01
200700063880,0,33,000,00,2,1,01,B01
200700063881,0,07,000,02,0,1,01,A01
200700063882,0,07,000,00,1,1,01,A01
200700063883,0,02,000,00,2,1,01,A01
200700063883,0,10,000,00,2,1,16,B01
200700063884,0,07,000,02,0,9,01,A01
200700063885,0,07,000,00,2,1,01,A01
200700063885,0,07,000,00,2,3,01,B01
200700063886,0,07,000,00,2,1,15,A01
200700063886,0,02,000,00,2,1,01,B01
200700063887,0,07,000,00,2,1,02,A01
200700063887,0,07,000,00,2,4,02,B01
200700063888,0,07,000,01,0,2,01,A01
200700063889,0,07,000,00,2,1,09,A01
200700063889,0,07,000,00,2,6,23,B01
200700063890,0,01,000,00,2,1,13,A01
200700063890,1,07,000,00,2,4,01,B01
200700063891,0,02,000,01,2,1,01,A01
200700063891,0,07,000,00,2,1,15,B01
200700063892,0,07,000,00,2,1,02,A01
200700063892,0,07,000,00,2,4,02,B01
200700063893,0,07,000,00,2,7,12,A01
200700063893,0,33,000,01,2,1,01,B01
200700063894,0,07,000,00,1,3,15,A01
200700063895,0,07,000,00,2,5,00,A01
200700063895,0,01,000,00,2,3,01,B01
200700063896,0,07,000,00,1,1,01,A01
200700063897,0,07,000,00,2,2,15,A01
200700063897,0,02,000,00,2,1,01,B01
200700063898,0,07,000,00,2,1,02,A01
200700063898,0,07,000,00,2,4,02,B01
200700063899,0,33,000,00,2,3,01,B01
200700063899,0,07,000,00,2,2,15,A01
200700063900,0,37,001,00,1,5,16,A01
200700063901,0,10,000,00,2,1,01,B01
200700063901,0,07,000,00,2,8,15,A01
200700063902,0,33,000,00,1,3,01,A01
200700063903,0,07,000,00,2,3,01,B01
200700063903,0,07,000,00,2,2,01,A01
200700063904,0,33,000,00,2,1,01,A01
200700063904,0,07,000,00,2,8,01,B01
200700063905,0,07,000,02,0,1,01,A01
200700063906,0,02,000,00,2,1,01,A01
200700063906,0,07,000,00,2,7,16,B01