Num_Acc,senc,catv,occutc,obs,obsm,choc,manv,num_veh
200700063907,0,07,000,00,2,1,15,A01
200700063907,0,07,000,00,2,1,01,B01
200700063908,0,07,000,01,2,1,01,A01
200700063908,0,07,000,00,2,1,23,C01
200700063909,0,02,000,00,2,1,15,A01
200700063909,0,07,000,00,2,1,01,B01
200700063910,0,07,000,00,1,2,01,A01
200700063911,0,33,000,07,0,9,01,A01
200700063912,0,07,000,00,2,1,01,B01
200700063912,0,07,000,00,2,1,01,A01
200700063913,0,02,000,00,2,1,01,A01
200700063913,0,07,000,00,2,1,01,B01
200700063914,0,07,000,00,1,4,04,A01
200700063915,0,07,000,00,2,8,15,A01
200700063915,0,02,000,00,2,7,01,B01
200700063916,0,02,000,13,0,7,01,A01
200700063917,0,07,000,00,2,1,01,A01
200700063917,0,07,000,00,2,1,01,B01
200700063918,0,07,000,13,0,1,01,A01
200700063919,0,33,000,00,0,0,01,A01
200700063920,0,02,000,00,1,1,01,A01
200700063921,0,07,000,00,2,6,01,A01
200700063921,1,07,000,00,0,3,01,B01
200700063922,0,07,000,00,2,1,09,A01
200700063922,0,31,000,00,2,0,09,B01
200700063923,0,07,000,00,2,6,01,B01
200700063923,0,02,000,00,2,1,01,A01
200700063924,0,10,000,00,2,1,01,A01
200700063924,0,07,000,00,2,4,02,B01
200700063924,0,07,000,00,2,4,02,C01
200700063925,0,07,000,00,2,1,01,A01
200700063925,0,01,000,00,2,5,00,B01
200700063926,0,02,000,00,2,1,01,A01
200700063926,0,10,000,00,2,3,15,B01
200700063927,0,02,000,00,2,4,01,A01
200700063927,1,07,000,00,2,1,02,B01
200700063928,0,07,000,00,2,1,17,A01
200700063928,0,07,000,00,2,2,01,B01
200700063928,0,07,000,00,2,4,01,C01
200700063929,0,07,000,00,1,1,16,A01
200700063930,0,07,000,00,2,3,01,A01
200700063930,0,02,000,00,2,4,02,B01
200700063930,0,07,000,00,2,6,23,C01
200700063931,0,07,000,00,1,1,09,A01
200700063932,0,30,000,00,2,1,17,A01
200700063932,0,07,000,00,2,3,15,B01
200700063933,0,07,000,00,2,3,01,B01
200700063933,0,02,000,00,2,1,01,A01
200700063934,0,07,000,00,2,2,01,A01
200700063934,0,01,000,00,2,8,01,B01
200700063935,0,33,000,00,0,5,01,A01
200700063936,0,07,000,00,2,7,15,A01
200700063936,0,02,000,00,2,1,01,B01
200700063937,0,30,000,00,2,7,01,B01
200700063937,0,07,000,00,2,1,16,A01
200700063938,1,07,000,00,1,0,00,A01
200700063939,0,07,000,13,0,1,13,A01
200700063940,0,07,000,00,1,7,15,A01
200700063941,0,37,010,00,0,0,23,B01
200700063941,0,07,000,00,1,1,21,A01
200700063942,0,02,000,00,0,6,12,A01
200700063943,0,07,000,00,2,3,01,B01
200700063943,0,02,000,00,2,1,00,A01
200700063944,0,30,000,14,0,5,01,A01
200700063945,0,30,000,00,0,7,16,A01
200700063946,0,07,000,00,1,1,01,A01
200700063947,0,07,000,14,0,1,12,A01
200700063948,0,07,000,00,1,1,01,A01
200700063949,0,07,000,00,2,4,23,B01
200700063949,0,07,000,00,2,1,00,A01
200700063950,0,01,000,00,2,1,00,B01
200700063950,0,01,000,00,2,1,00,A01
200700063951,0,07,000,00,2,1,02,A01
200700063951,0,07,000,00,2,4,02,B01
200700063951,0,07,000,00,2,4,02,C01
200700063952,0,07,000,00,2,1,05,A01
200700063952,0,02,000,00,2,1,15,B01
200700063953,0,07,000,00,9,1,03,A01
200700063953,0,02,000,00,2,1,01,B01
200700063954,0,07,000,00,1,8,01,A01
200700063955,0,02,000,00,2,1,01,A01
200700063955,0,07,000,00,2,5,01,B01
200700063956,0,01,000,12,0,1,09,A01
200700063957,1,31,000,00,1,0,00,A01
200700063958,0,07,000,00,1,3,01,A01
200700063959,0,33,000,00,2,1,01,B01
200700063959,0,07,000,00,2,2,15,A01
200700063960,0,30,000,00,2,1,01,B01
200700063960,0,07,000,00,2,2,15,A01
200700063961,0,07,000,00,0,9,01,A01
200700063962,0,07,000,00,1,1,01,A01
200700063963,0,07,000,00,2,5,17,A01
200700063963,0,01,000,00,2,1,15,B01
200700063964,0,07,000,00,2,7,01,A01
200700063964,0,07,000,00,2,1,01,B01
200700063965,0,07,000,00,0,0,02,A01
200700063965,0,33,000,00,2,4,17,B01
200700063966,0,07,000,00,1,3,01,A01
200700063967,0,32,000,00,2,1,17,A01
200700063967,0,07,000,00,2,3,15,B01
200700063968,0,07,000,00,1,2,01,A01
200700063969,0,07,000,00,2,2,16,A01
200700063969,0,31,000,00,2,1,01,B01
200700063970,0,07,000,00,2,1,02,A01
200700063970,0,07,000,00,2,4,23,B01
200700063971,0,07,000,00,1,2,16,A01
200700063972,0,07,000,00,2,2,15,A01
200700063972,0,31,000,00,2,1,01,B01
200700063973,0,07,000,00,2,2,09,A01
200700063973,0,02,000,00,2,1,01,B01
200700063974,0,07,000,00,2,1,01,A01
200700063974,0,14,000,00,2,1,01,B01
200700063974,0,07,000,00,2,2,01,C01
200700063974,0,07,000,00,9,3,01,D01
200700063975,0,02,000,00,2,1,01,A01
200700063975,0,02,000,00,2,4,01,B01
200700063976,0,07,000,00,1,2,16,A01
200700063977,0,33,000,00,0,0,01,A01
200700063978,0,07,000,00,2,1,13,A01
200700063978,0,37,009,00,2,1,01,B01
200700063979,0,07,000,00,2,1,01,A01
200700063979,0,07,000,00,2,2,15,B01
200700063980,0,07,000,00,2,1,01,A01
200700063980,0,07,000,00,2,4,01,B01
200700063981,0,07,000,00,2,3,09,A01
200700063981,0,02,000,00,2,2,01,B01
200700063982,0,07,000,13,0,1,13,A01
200700063983,0,07,000,00,1,3,01,A01
200700063984,0,07,000,00,1,1,01,A01
200700063985,0,07,000,00,1,1,01,A01
200700063985,0,01,000,00,2,7,00,B01
200700063986,0,07,000,00,1,1,01,A01
200700063987,0,10,000,00,2,1,01,A01
200700063987,0,07,000,00,2,7,01,B01
200700063988,0,33,000,00,2,1,01,A01
200700063988,0,07,000,00,2,1,01,B01
200700063988,0,07,000,00,2,1,23,C01
200700063989,0,07,000,15,0,9,01,A01
200700063990,0,02,000,00,2,1,01,B01
200700063990,0,07,000,00,2,2,15,A01
200700063991,0,02,000,00,0,0,01,A01
200700063992,0,02,000,00,2,2,17,A01
200700063992,0,30,000,00,2,8,15,B01
200700063993,0,07,000,00,2,1,01,B01
200700063993,0,02,000,00,2,8,17,A01
200700063994,0,30,000,00,2,1,01,A01
200700063994,0,07,000,00,2,3,01,B01
200700063995,0,02,000,00,2,1,02,A01
200700063995,0,07,000,00,2,4,23,B01
200700063996,0,07,000,00,2,3,09,A01
200700063996,0,30,000,00,2,7,01,B01
200700063997,0,33,000,00,0,0,01,A01
200700063998,0,07,000,00,0,0,01,A01
200700063999,0,07,000,00,2,2,15,A01
200700063999,0,07,000,00,2,3,01,B01
200700064000,0,02,000,00,2,1,01,A01
200700064000,0,07,000,00,2,3,01,B01
200700064001,0,07,000,00,2,1,01,A01
200700064001,0,07,000,00,2,4,23,B01
200700064002,0,02,000,12,0,0,00,A01
200700064003,0,07,000,00,2,7,15,A01
200700064003,0,31,000,00,2,1,01,B01
200700064004,0,02,000,00,2,1,01,A01
200700064004,0,07,000,00,2,4,01,B01
200700064005,0,07,000,00,2,7,09,A01
200700064005,0,33,000,00,2,1,09,B01
200700064006,0,07,000,00,1,0,15,A01
200700064007,0,07,000,00,2,1,15,A01
200700064007,0,30,000,00,2,8,01,B01
200700064008,0,07,000,14,0,1,02,A01
200700064008,0,07,000,00,1,4,23,B01
200700064009,0,07,000,00,1,1,00,A01
200700064010,0,07,000,00,0,4,13,A01
200700064011,0,07,000,00,0,6,10,A01
200700064011,0,33,000,00,2,1,01,B01
200700064012,0,07,000,00,1,1,01,A01
200700064013,0,07,000,02,2,1,13,A01
200700064013,0,07,000,00,2,1,00,B01
200700064014,0,10,000,00,2,2,16,A01
200700064014,0,01,000,00,2,1,21,B01
200700064015,0,07,000,00,2,3,01,B01
200700064015,0,31,000,00,2,3,01,A01
200700064016,0,02,000,00,2,1,01,A01
200700064016,0,33,000,00,0,7,16,B01
200700064016,0,07,000,00,0,1,00,C01
200700064017,0,03,000,00,0,1,01,A01
200700064018,0,07,000,00,2,1,17,A01
200700064018,0,07,000,00,2,6,01,B01
200700064019,1,07,000,00,1,8,13,A01
200700064020,0,14,000,00,2,2,13,A01
200700064020,0,07,000,03,2,8,17,B01
200700064020,0,14,000,00,2,8,01,C01
200700064020,0,15,000,03,2,7,01,D01
200700064020,0,10,000,00,2,3,00,E01
200700064021,0,07,000,00,1,2,01,A01
200700064022,0,02,000,00,2,1,02,A01
200700064022,0,07,000,00,2,4,02,B01
200700064023,0,07,000,11,0,3,01,A01
200700064024,0,07,000,00,2,8,01,A01
200700064024,0,05,000,00,2,2,01,B01
200700064025,0,07,000,07,2,2,01,A01
200700064025,0,07,000,07,2,3,01,B01
200700064025,0,04,000,00,2,0,23,C01
200700064026,0,07,000,00,2,3,01,A01
200700064026,0,05,000,00,2,1,01,B01
200700064027,0,10,000,00,2,1,01,A01
200700064027,0,02,000,00,2,7,01,B01
200700064028,0,01,000,00,2,1,01,A01
200700064029,0,07,000,00,2,2,01,A01
200700064029,0,10,000,00,2,1,01,B01
200700064030,0,01,000,00,0,0,01,A01
200700064031,0,02,000,00,2,1,01,A01
200700064031,0,07,000,00,2,3,15,B01
200700064032,0,07,000,00,0,3,15,B01
200700064032,0,30,000,00,2,1,17,A01
200700064033,0,10,000,00,2,1,01,A01
200700064033,0,02,000,00,0,8,01,B01
200700064034,0,07,000,00,1,2,00,A01
200700064035,0,07,000,03,0,1,12,A01
200700064036,0,02,000,00,2,8,01,A01
200700064036,0,07,000,00,2,2,16,B01
200700064037,0,07,000,00,1,2,01,B01
200700064038,0,07,000,00,9,1,10,A01
200700064038,0,33,000,00,2,9,01,B01
200700064039,0,33,000,00,2,1,18,A01
200700064039,0,07,000,00,2,2,15,B01
200700064040,0,07,000,00,9,2,15,A01
200700064040,0,32,000,00,2,1,01,B01
200700064041,0,07,000,00,2,2,15,A01
200700064041,0,02,000,00,2,1,02,B01
200700064042,0,33,000,00,2,8,17,A01
200700064042,0,07,000,00,2,6,01,B01
200700064043,0,07,000,00,1,5,01,A01
200700064044,0,32,000,14,0,1,01,A01
200700064044,0,10,000,00,9,4,23,B01
200700064045,0,30,000,00,2,1,01,A01
200700064045,0,07,000,00,2,4,15,B01
200700064046,0,07,000,00,2,1,01,A01
200700064046,0,07,000,00,2,4,01,B01
200700064047,0,07,000,00,2,0,10,A01
200700064047,0,02,000,00,2,8,01,B01
200700064048,0,30,000,08,0,0,00,A01
200700064049,0,07,000,00,2,1,02,A01
200700064050,0,07,000,00,2,1,01,A01
200700064050,0,07,000,00,2,2,19,B01
200700064051,0,07,000,00,0,1,01,A01
200700064052,0,03,000,00,2,4,04,B01
200700064052,1,07,000,00,2,0,01,A01
200700064053,0,30,000,00,2,2,00,A01
200700064053,0,07,000,00,2,8,01,B01
200700064054,0,07,000,00,2,1,15,A01
200700064054,0,02,000,00,2,1,01,B01
200700064055,0,07,000,00,1,7,20,A01
200700064056,0,07,000,00,2,1,09,A01
200700064056,0,34,000,00,2,1,01,B01
200700064057,0,07,000,00,1,7,01,A01
200700064058,0,02,000,00,2,3,18,A01
200700064058,0,07,000,00,2,7,16,B01
200700064059,0,01,000,00,2,1,01,B01
200700064059,0,07,000,00,2,3,09,A01
200700064060,0,02,000,00,2,1,13,A01
200700064060,0,07,000,00,9,2,01,B01
200700064061,0,01,000,00,2,1,01,A01
200700064062,0,32,000,00,2,1,01,A01
200700064062,0,07,000,00,2,4,01,B01
200700064063,0,07,000,00,2,1,01,B01
200700064063,0,01,000,00,2,1,01,A01
200700064064,0,07,000,00,2,2,15,A01
200700064064,0,30,000,00,2,1,01,B01
200700064065,0,07,000,00,2,3,01,A01
200700064065,0,07,000,00,2,1,01,B01
200700064066,0,10,000,00,2,1,15,A01
200700064066,0,01,000,00,2,1,01,B01
200700064067,0,07,000,02,0,1,01,A01
200700064068,0,14,000,00,9,7,16,A01
200700064068,0,01,000,00,9,0,16,B01
200700064069,0,14,000,00,2,1,01,A01
200700064069,0,07,000,00,2,4,01,B01
200700064070,0,07,000,00,1,1,01,A01
200700064071,0,07,000,00,2,1,15,A01
200700064071,0,02,000,00,2,1,01,B01
200700064072,0,07,000,00,2,5,16,A01
200700064072,0,30,000,00,2,1,01,B01
200700064073,0,02,000,00,1,1,00,A01
200700064074,0,07,000,00,1,2,01,B01
200700064075,0,07,000,00,2,4,01,A01
200700064075,0,07,000,00,2,1,01,B01
200700064076,0,07,000,00,0,0,19,A01
200700064076,0,01,000,00,2,1,21,B01
200700064076,0,01,000,00,2,1,01,C01
200700064077,0,33,000,00,2,1,01,A01
200700064077,0,07,000,00,9,4,01,B01
200700064078,0,33,000,00,2,1,15,B01
200700064078,0,07,000,00,2,3,02,A01
200700064079,0,07,000,00,2,1,15,A01
200700064079,0,01,000,00,2,1,19,B01
200700064080,0,07,000,00,2,1,15,A01
200700064080,0,02,000,00,2,1,01,B01
200700064081,0,07,000,00,1,4,04,A01
200700064082,0,07,000,00,1,0,01,B01
200700064083,0,02,000,00,2,2,01,A01
200700064083,0,07,000,00,2,3,15,B01
200700064084,0,02,000,00,2,1,01,A01
200700064084,0,07,000,00,2,1,01,B01
200700064085,0,07,000,00,2,3,15,A01
200700064085,0,02,000,00,2,4,01,B01
200700064086,0,02,000,00,0,0,15,A01
200700064087,0,07,000,00,9,1,09,A01
200700064087,0,30,000,00,2,7,01,B01
200700064087,0,07,000,00,9,1,01,C01
200700064088,0,02,000,00,2,1,17,A01
200700064088,0,07,000,00,2,1,15,B01
200700064089,0,07,000,00,2,0,09,A01
200700064089,0,33,000,00,2,6,01,B01
200700064090,0,07,000,00,2,2,15,A01
200700064090,0,07,000,00,2,9,01,B01
200700064091,0,07,000,00,2,1,15,A01
200700064091,0,10,000,00,2,1,01,B01
200700064092,0,02,000,00,2,8,09,A01
200700064092,0,07,000,00,2,7,01,B01
200700064093,0,10,000,00,2,6,15,A01
200700064093,0,01,000,00,2,2,15,B01
200700064094,0,02,000,00,2,1,16,A01
200700064094,0,07,000,00,2,2,02,B01
200700064095,0,37,001,00,2,1,01,B01
200700064095,0,07,000,07,9,7,15,A01
200700064096,0,07,000,00,1,0,01,A01
200700064097,0,07,000,00,1,3,01,A01
200700064098,0,31,000,00,2,1,01,A01
200700064098,0,01,000,00,2,4,01,B01
200700064099,0,07,000,09,0,1,01,A01
200700064100,0,07,000,00,1,4,20,A01
200700064101,0,02,000,00,2,1,01,A01
200700064101,0,07,000,00,2,4,23,B01
200700064102,0,07,000,00,2,3,21,A01
200700064102,0,01,000,00,2,1,13,B01
200700064103,0,07,000,00,1,1,15,A01
200700064104,0,10,000,00,2,3,17,A01
200700064104,0,01,000,00,2,1,10,B01
200700064105,0,07,000,00,2,1,01,A01
200700064105,0,01,000,00,2,8,19,B01
200700064106,0,07,000,00,2,3,15,A01
200700064106,0,33,000,00,2,1,02,B01
200700064107,0,30,000,00,2,1,02,B01
200700064108,0,07,000,00,2,1,01,B01
200700064108,0,07,000,00,2,1,15,A01
200700064109,0,07,000,00,2,3,24,A01
200700064109,0,01,000,01,0,1,01,B01
200700064110,0,07,000,00,2,1,01,A01
200700064110,0,02,000,00,2,4,23,B01
200700064111,0,02,000,00,2,1,00,A01
200700064111,0,14,000,00,2,2,16,B01
200700064112,0,07,000,00,1,1,01,A01
200700064113,0,02,000,00,2,1,01,A01
200700064114,0,07,000,00,1,1,00,A01
200700064115,0,30,000,00,2,1,01,A01
200700064115,0,07,000,00,9,5,15,B01
200700064116,0,07,000,00,2,1,01,A01
200700064116,0,01,000,00,0,8,01,B01
200700064117,0,07,000,00,1,0,01,A01
200700064118,0,34,000,00,2,1,01,A01
200700064118,0,07,000,00,2,5,15,B01
200700064119,0,02,000,00,2,1,01,A01
200700064120,0,07,000,01,1,1,17,A01
200700064121,0,07,000,00,2,8,22,A01
200700064121,0,02,000,00,2,1,01,B01
200700064122,0,02,000,00,2,1,15,A01
200700064122,0,07,000,00,2,7,02,B01
200700064123,0,37,000,01,0,0,01,A01
200700064123,0,07,000,01,2,9,24,B01
200700064124,0,07,000,00,2,1,01,A01
200700064124,0,07,000,00,2,7,01,B01
200700064125,0,07,000,00,2,7,16,A01
200700064125,0,02,000,00,2,8,02,B01
200700064126,0,07,000,00,1,3,15,A01
200700064127,0,07,000,00,1,2,17,A01
200700064128,0,07,000,00,1,6,01,A01
200700064129,0,02,000,07,2,8,01,A01
200700064129,0,07,000,00,2,6,16,B01
200700064130,0,07,000,00,1,0,17,A01
200700064131,0,31,000,01,2,9,01,A01
200700064131,0,07,000,00,2,3,20,B01
200700064132,0,01,000,00,2,9,01,A01
200700064132,0,07,000,00,2,7,01,B01
200700064133,0,07,000,00,1,1,01,A01
200700064134,0,07,000,00,1,1,01,A01
200700064135,0,02,000,00,2,9,19,A01
200700064135,0,07,000,00,2,3,00,B01
200700064136,0,07,000,00,2,6,10,A01
200700064136,0,33,000,00,2,8,01,B01
200700064137,0,07,000,00,2,1,01,A01
200700064137,0,07,000,00,2,0,23,B01
200700064138,0,07,000,00,2,3,09,A01
200700064138,0,02,000,00,2,1,01,B01
200700064139,0,07,000,00,1,0,01,A01
200700064140,0,07,000,00,2,1,15,A01
200700064140,0,07,000,00,2,1,01,B01
200700064141,0,07,000,01,0,1,01,A01
200700064142,0,07,000,00,2,3,09,A01
200700064142,0,33,000,00,2,1,01,B01
200700064143,0,07,000,00,2,3,01,B01
200700064143,0,02,000,00,2,9,15,A01
200700064144,0,01,000,01,2,0,01,A01
200700064144,0,07,000,00,2,2,01,B01
200700064145,0,02,000,00,2,0,01,A01
200700064145,0,07,000,00,2,0,01,B01
200700064146,0,07,000,00,2,1,02,A01
200700064146,0,07,000,00,2,4,01,B01
200700064147,0,01,000,00,0,0,01,A01
200700064148,0,07,000,00,2,1,15,A01
200700064148,0,02,000,00,2,1,01,B01
200700064149,0,07,000,00,1,2,01,A01
200700064150,0,02,000,00,2,9,01,A01
200700064150,0,07,000,00,2,8,01,B01
200700064151,0,07,000,00,2,2,01,A01
200700064151,0,07,000,00,2,1,01,B01
200700064152,0,07,000,01,0,9,01,A01
200700064153,0,07,000,00,2,6,16,A01
200700064153,0,02,000,00,2,9,01,B01
200700064154,0,30,000,00,2,1,15,A01
200700064154,1,07,000,00,2,1,05,B01
200700064155,0,33,000,00,2,1,01,A01
200700064155,0,07,000,00,2,7,15,B01
200700064156,0,07,000,00,1,1,01,A01
200700064157,0,07,000,00,2,3,01,B01
200700064157,0,02,000,00,2,1,01,A01
200700064158,0,07,000,00,1,1,02,A01
200700064159,0,07,000,00,1,1,02,A01
200700064160,0,07,000,00,1,1,01,A01
200700064161,0,15,000,00,2,2,00,A01
200700064161,0,07,000,00,0,6,02,B01
200700064162,0,07,000,00,0,5,01,A01
200700064163,0,02,000,14,0,1,01,A01
200700064164,0,07,000,12,0,2,15,A01
200700064165,0,01,000,00,1,1,02,A01
200700064166,0,30,000,12,0,5,04,A01
200700064166,0,30,000,00,2,1,01,B01
200700064167,0,07,000,00,2,8,10,A01
200700064167,0,33,000,00,2,0,00,B01
200700064168,0,07,000,01,0,1,00,A01
200700064169,0,07,000,00,1,1,01,A01
200700064170,0,07,000,00,1,3,01,A01
200700064171,0,07,000,00,0,2,01,B01
200700064171,0,01,000,00,2,8,19,A01
200700064172,0,07,000,00,2,1,01,A01
200700064172,0,07,000,00,2,8,01,B01
200700064173,0,02,000,00,0,1,13,A01
200700064173,0,07,000,00,0,3,01,B01
200700064174,0,07,000,00,1,1,01,A01
200700064175,0,07,000,09,0,7,01,A01
200700064176,0,07,000,00,1,4,04,A01
200700064177,0,07,000,13,0,2,02,A01
200700064178,0,07,000,01,2,5,01,B01
200700064178,1,07,000,00,2,1,19,A01
200700064179,0,33,000,00,2,1,13,A01
200700064180,0,07,000,00,2,2,16,A01
200700064180,0,30,000,00,2,1,01,B01
200700064181,0,05,000,00,2,1,13,A01
200700064182,0,07,000,00,2,6,04,A01
200700064182,0,02,000,00,2,1,01,B01
200700064183,0,30,000,00,6,1,01,A01
200700064184,0,07,000,00,2,8,10,A01
200700064184,0,32,000,00,2,1,01,B01
200700064185,0,02,000,00,2,1,01,A01
200700064185,0,10,000,00,2,6,01,B01
200700064186,0,07,000,00,2,7,16,A01
200700064186,0,02,000,00,2,1,01,B01
200700064187,0,07,000,00,1,1,01,A01
200700064188,0,07,000,00,2,1,01,B01
200700064188,0,07,000,00,2,1,15,A01
200700064189,0,07,000,00,2,2,20,A01
200700064189,0,30,000,00,2,1,01,B01
200700064189,0,30,000,00,2,1,01,C01
200700064190,0,07,000,00,1,2,01,A01
200700064191,0,07,000,00,1,2,01,A01
200700064192,0,07,000,00,1,1,15,A01
200700064193,0,07,000,00,1,1,01,A01
200700064194,0,02,000,00,2,1,01,A01
200700064194,0,07,000,00,2,4,16,B01
200700064195,0,07,000,00,2,1,01,A01
200700064195,0,07,000,01,2,4,01,B01
200700064196,0,10,000,00,1,4,04,A01
200700064197,0,07,000,00,1,2,01,A01
200700064198,0,33,000,13,0,1,01,A01
200700064199,0,07,000,00,2,1,15,A01
200700064199,0,07,000,00,2,3,01,B01
200700064200,0,02,000,00,2,1,01,A01
200700064200,0,07,000,00,0,3,01,B01
200700064201,0,07,000,00,2,6,00,B01
200700064201,0,07,000,00,2,3,00,A01
200700064202,0,07,000,16,2,1,06,A01
200700064202,0,07,000,00,2,1,01,B01
200700064203,0,30,000,00,2,1,01,B01
200700064203,0,07,000,00,2,6,01,A01
200700064204,0,33,000,00,2,8,01,B01
200700064204,0,07,000,00,2,2,09,A01
200700064205,0,15,000,01,1,2,04,A01
200700064205,0,07,000,00,2,7,24,B01
200700064206,0,07,000,00,2,1,01,B01
200700064206,0,02,000,00,2,1,05,A01
200700064207,0,07,000,00,2,1,01,B01
200700064207,0,07,000,00,2,7,01,A01
200700064208,0,33,000,00,2,2,01,B01
200700064208,0,10,000,00,2,2,15,A01
200700064209,0,30,000,12,0,1,01,A01
200700064210,0,30,000,00,2,1,13,A01
200700064210,0,07,000,00,2,1,01,B01
200700064211,0,07,000,00,1,3,15,A01
200700064212,0,07,000,09,0,3,13,A01
200700064213,0,07,000,00,2,7,15,A01
200700064213,0,02,000,00,2,1,01,B01
200700064214,0,01,000,00,2,3,01,B01
200700064214,0,07,000,00,9,3,00,A01
200700064215,0,07,000,00,2,1,15,A01
200700064215,0,02,000,00,2,1,01,B01
200700064216,0,07,000,06,0,1,02,A01
200700064217,0,10,000,00,2,2,01,A01
200700064217,0,02,000,01,0,2,01,B01
200700064218,0,30,000,00,0,7,01,A01
200700064219,2,07,000,08,2,1,01,A01
200700064219,0,07,000,00,2,3,01,B01
200700064220,0,07,000,00,9,1,13,A01
200700064220,0,01,000,00,0,1,15,B01
200700064220,0,01,000,00,2,1,13,C01
200700064221,0,07,000,00,1,2,00,A01
200700064222,0,02,000,00,2,3,01,B01
200700064222,0,07,000,00,2,1,15,A01
200700064223,0,07,000,15,2,8,01,B01
200700064223,0,15,000,15,2,2,01,A01
200700064224,0,32,000,00,2,1,02,A01
200700064224,0,30,000,00,2,1,02,B01
200700064225,0,07,000,00,2,3,15,A01
200700064225,0,30,000,00,2,1,00,B01
200700064226,0,07,000,00,0,2,01,A01
200700064226,0,02,000,00,2,1,00,B01
200700064227,0,07,000,00,2,3,05,A01
200700064227,0,07,000,00,2,3,01,B01
200700064228,0,07,000,00,1,1,01,A01
200700064229,0,07,000,00,2,4,02,B01
200700064229,0,30,000,00,2,1,02,A01
200700064230,0,33,000,00,2,1,02,A01
200700064230,0,07,000,00,0,4,02,B01
200700064231,0,07,000,01,0,2,02,A01
200700064231,0,07,000,01,0,0,02,B01
200700064232,0,07,000,00,1,3,01,A01
200700064233,1,07,000,00,2,2,09,A01
200700064233,0,01,000,00,2,7,01,B01
200700064234,0,02,000,00,2,4,05,A01
200700064234,0,07,000,00,2,1,01,B01
200700064235,0,07,000,00,1,3,01,A01
200700064236,0,10,000,00,2,3,01,B01
200700064236,0,30,000,00,2,0,15,A01
200700064237,0,02,000,00,2,1,01,A01
200700064237,0,02,000,00,2,1,01,B01
200700064238,0,01,000,00,2,1,09,A01
200700064238,0,07,000,00,1,1,01,B01
200700064239,0,07,000,00,2,1,14,A01
200700064239,0,30,000,00,2,8,23,B01
200700064240,0,07,000,00,2,7,15,A01
200700064240,2,33,000,00,2,1,01,B01
200700064241,0,07,000,00,2,1,01,A01
200700064241,0,02,000,00,0,7,24,B01
200700064242,0,02,000,00,2,0,19,A01
200700064242,0,07,000,00,2,5,01,B01
200700064243,0,07,000,00,2,3,15,B01
200700064243,0,01,000,00,2,1,01,A01
200700064244,0,07,000,00,2,1,02,A01
200700064244,0,07,000,00,2,4,23,B01
200700064245,0,31,000,00,2,1,01,A01
200700064245,0,07,000,00,9,5,15,B01
200700064246,0,10,000,00,9,1,02,A01
200700064246,0,02,000,00,2,4,01,B01
200700064247,0,01,000,00,2,7,23,B01
200700064247,0,07,000,14,0,1,15,A01
200700064248,0,07,000,00,9,2,01,A01
200700064248,0,01,000,00,2,8,01,B01
200700064249,0,02,000,00,2,1,05,A01
200700064249,0,07,000,00,9,3,00,B01
200700064250,0,07,000,00,0,9,01,A01
200700064251,0,07,000,00,9,8,10,A01
200700064251,0,33,000,00,2,7,17,B01
200700064252,0,07,000,00,9,5,15,A01
200700064252,0,33,000,00,2,9,21,B01
200700064253,0,02,000,00,2,1,17,A01
200700064253,0,07,000,00,9,6,16,B01
200700064254,0,02,000,00,2,1,01,B01
200700064254,0,07,000,00,9,8,15,A01
200700064255,0,33,000,00,2,1,01,B01
200700064255,0,07,000,00,2,3,15,A01
200700064256,0,33,000,00,2,7,00,A01
200700064256,0,07,000,00,2,1,00,B01
200700064257,0,07,000,00,2,4,02,B01
200700064257,0,07,000,00,2,1,02,A01
200700064258,0,07,000,00,2,0,15,A01
200700064258,0,01,000,00,2,1,01,B01
200700064259,0,07,000,00,2,8,09,B01
200700064259,0,30,000,00,2,1,00,A01
200700064260,0,07,000,00,1,1,02,A01
200700064261,0,33,000,00,2,1,01,B01
200700064261,0,07,000,00,2,8,15,A01
200700064262,0,07,000,00,0,1,01,A01
200700064263,0,02,000,00,1,1,01,A01
200700064264,0,14,000,00,2,1,01,A01
200700064264,0,07,000,00,2,7,01,B01
200700064265,0,07,000,00,2,3,19,A01
200700064265,0,07,000,00,2,2,01,B01
200700064266,0,33,000,00,0,7,01,B01
200700064266,0,07,000,00,2,1,01,A01
200700064267,0,07,000,00,2,1,15,A01
200700064267,0,07,000,00,2,1,16,B01
200700064268,0,07,000,00,2,2,01,A01
200700064268,0,07,000,00,2,7,01,B01
200700064269,0,07,000,00,2,1,15,A01
200700064269,0,07,000,00,2,8,01,B01
200700064270,0,07,000,00,0,3,13,A01
200700064270,0,02,000,00,2,1,01,B01
200700064271,0,07,000,00,2,8,01,B01
200700064271,0,07,000,00,2,1,01,A01
200700064272,0,07,000,00,2,6,16,A01
200700064272,0,33,000,00,2,2,01,B01
200700064273,0,07,000,00,0,2,15,A01
200700064273,0,33,000,00,2,1,01,B01
200700064274,0,30,000,00,0,7,01,A01
200700064275,0,07,000,03,0,1,01,A01
200700064276,0,07,000,00,2,1,01,A01
200700064276,0,07,000,00,2,4,23,B01
200700064277,0,07,000,00,4,1,01,A01
200700064277,0,40,000,00,2,3,01,B01
200700064278,0,07,000,00,2,2,01,B01
200700064278,0,07,000,00,0,7,01,A01
200700064279,0,01,000,00,2,1,01,A01
200700064279,0,31,000,00,2,1,01,B01