Num_Acc,senc,catv,occutc,obs,obsm,choc,manv,num_veh
200700064280,0,07,000,00,2,1,01,A01
200700064280,0,07,000,00,0,4,23,B01
200700064281,0,07,000,00,0,6,01,A01
200700064282,0,31,000,00,0,1,01,B01
200700064282,0,07,000,00,2,1,01,A01
200700064283,0,07,000,00,2,2,01,A01
200700064283,0,07,000,00,2,1,01,B01
200700064284,0,07,000,00,2,0,15,A01
200700064284,0,01,000,00,2,0,01,B01
200700064285,0,37,000,00,0,5,01,A01
200700064286,0,10,000,06,0,1,01,A01
200700064287,0,32,000,00,2,7,01,A01
200700064287,0,07,000,00,2,1,01,B01
200700064288,0,01,000,01,0,1,00,A01
200700064289,0,07,000,00,2,1,01,A01
200700064290,0,07,000,00,2,1,01,A01
200700064290,0,33,000,00,2,1,01,B01
200700064291,0,07,000,00,1,2,01,A01
200700064292,0,02,000,01,0,1,01,A01
200700064292,0,14,000,00,0,6,00,B01
200700064293,0,07,000,00,2,1,01,A01
200700064294,0,30,000,00,2,1,01,A01
200700064294,0,07,000,00,2,0,01,B01
200700064295,0,07,000,00,2,7,01,A01
200700064295,0,01,000,00,2,1,01,B01
200700064296,0,07,000,06,1,1,01,A01
200700064297,0,07,000,01,0,2,14,A01
200700064298,0,07,000,00,2,2,01,B01
200700064298,0,07,000,00,2,1,01,A01
200700064299,0,07,000,01,0,3,01,A01
200700064300,0,07,000,00,4,8,01,A01
200700064300,0,39,000,00,2,1,01,B01
200700064301,0,07,000,00,1,2,01,A01
200700064302,0,07,000,00,1,3,01,A01
200700064303,0,07,000,00,2,1,01,A01
200700064303,0,07,000,00,2,4,01,B01
200700064304,0,07,000,00,2,1,13,A01
200700064304,0,07,000,00,2,1,01,B01
200700064305,0,07,000,00,2,1,01,A01
200700064305,0,07,000,00,2,4,01,B01
200700064306,0,07,000,00,2,2,01,A01
200700064306,0,02,000,00,2,1,01,B01
200700064307,0,07,000,00,2,1,01,A01
200700064307,0,07,000,00,2,4,01,B01
200700064308,0,07,000,00,2,0,00,B01
200700064308,0,07,000,00,2,3,01,A01
200700064309,0,02,000,00,2,1,14,A01
200700064309,0,07,000,00,2,2,00,B01
200700064310,0,07,000,00,2,1,01,B01
200700064310,0,07,000,00,0,7,15,A01
200700064311,0,02,000,00,2,2,15,A01
200700064311,0,07,000,00,2,2,01,B01
200700064312,0,07,000,00,0,2,15,A01
200700064312,0,33,000,00,2,1,01,B01
200700064313,0,33,000,00,2,7,01,A01
200700064313,0,07,000,00,2,3,01,B01
200700064314,0,99,000,00,2,1,01,B01
200700064314,0,07,000,00,2,3,19,A01
200700064315,0,07,000,00,2,8,01,A01
200700064315,0,14,000,15,2,1,01,B01
200700064316,0,07,000,00,2,1,02,A01
200700064316,0,07,000,00,9,2,01,C01
200700064316,0,07,000,00,2,8,01,B01
200700064317,0,02,000,00,1,2,01,B01
200700064318,0,14,000,00,2,4,20,A01
200700064318,0,30,000,00,2,1,23,B01
200700064319,0,30,000,00,2,1,16,A01
200700064319,0,07,000,00,2,8,01,B01
200700064320,0,07,000,00,2,3,09,A01
200700064320,0,02,000,00,2,1,17,B01
200700064321,0,07,000,00,1,1,01,A01
200700064322,0,07,000,00,2,1,02,A01
200700064322,0,07,000,00,2,4,02,B01
200700064322,1,07,000,00,2,4,02,C01
200700064323,0,30,000,00,2,1,09,A01
200700064323,0,07,000,00,2,6,01,B01
200700064324,0,02,000,00,2,2,01,A01
200700064324,0,07,000,00,2,3,01,B01
200700064325,0,07,000,00,1,3,01,A01
200700064326,0,10,000,00,2,2,16,A01
200700064326,0,07,000,00,1,1,16,B01
200700064327,0,07,000,00,1,1,15,A01
200700064328,0,07,000,00,2,3,11,A01
200700064328,0,33,000,00,2,7,17,B01
200700064329,0,07,000,00,2,1,01,A01
200700064329,0,07,000,00,2,0,01,B01
200700064330,0,07,000,00,2,2,02,A01
200700064330,0,07,000,10,0,8,01,B01
200700064331,0,34,000,11,0,1,14,B01
200700064331,0,07,000,00,0,0,19,A01
200700064332,0,07,000,00,2,1,15,A01
200700064332,0,33,000,00,2,1,01,B01
200700064333,0,07,000,09,2,1,01,A01
200700064333,0,07,000,00,2,6,01,B01
200700064334,0,30,000,00,1,1,00,A01
200700064335,0,07,000,00,2,1,00,A01
200700064335,0,07,000,00,2,1,01,B01
200700064335,0,07,000,00,2,1,01,C01
200700064336,0,07,000,00,2,5,15,B01
200700064336,0,33,000,00,2,1,21,A01
200700064337,0,33,000,01,0,1,14,A01
200700064338,0,30,000,00,2,1,02,A01
200700064338,0,02,000,00,0,4,01,B01
200700064339,0,07,000,00,2,7,15,A01
200700064339,0,02,000,00,2,1,01,B01
200700064340,0,02,000,00,2,1,01,A01
200700064340,0,07,000,00,2,4,01,B01
200700064341,0,07,000,00,2,8,09,A01
200700064341,0,33,000,00,2,1,01,B01
200700064342,0,07,000,00,2,6,15,A01
200700064342,0,07,000,00,2,8,01,B01
200700064342,0,07,000,00,2,1,01,C01
200700064343,0,07,000,00,2,3,15,A01
200700064343,0,30,000,00,2,2,00,B01
200700064344,0,33,000,00,2,1,01,B01
200700064344,0,07,000,00,9,2,15,A01
200700064345,0,07,000,00,2,0,09,A01
200700064345,0,33,000,00,0,0,21,B01
200700064346,0,07,000,00,2,1,15,A01
200700064346,0,34,000,00,2,1,01,B01
200700064347,0,07,000,00,9,2,01,B01
200700064347,0,02,000,00,2,3,15,A01
200700064348,0,07,000,00,2,2,15,A01
200700064348,0,10,000,01,2,4,00,B01
200700064349,0,07,000,00,2,1,02,A01
200700064349,0,07,000,00,2,4,02,B01
200700064350,0,30,000,00,2,6,15,A01
200700064350,0,33,000,00,2,1,01,B01
200700064351,0,07,000,13,0,9,17,A01
200700064352,0,07,000,00,2,1,15,A01
200700064352,0,31,000,00,2,7,01,B01
200700064353,0,07,000,00,2,1,01,A01
200700064353,0,07,000,00,2,4,01,B01
200700064353,0,07,000,00,2,8,01,C01
200700064354,0,07,000,00,2,1,01,A01
200700064354,0,01,000,00,2,8,13,B01
200700064355,0,07,000,00,1,3,01,A01
200700064356,0,07,000,00,1,1,01,A01
200700064357,0,07,000,00,2,3,15,B01
200700064357,0,30,000,00,2,2,17,A01
200700064358,0,01,000,00,0,1,01,A01
200700064358,0,07,000,00,2,8,15,B01
200700064359,0,07,000,00,2,1,15,A01
200700064359,0,02,000,00,2,3,01,B01
200700064360,0,07,000,00,9,8,16,A01
200700064360,0,01,000,00,2,0,01,B01
200700064361,0,07,000,00,2,3,15,A01
200700064361,0,03,000,00,2,1,01,B01
200700064362,0,07,000,00,2,8,15,A01
200700064362,0,02,000,00,2,1,01,B01
200700064363,0,07,000,00,2,1,02,A01
200700064363,0,07,000,00,2,4,02,B01
200700064364,0,01,000,00,2,7,01,B01
200700064364,0,07,000,00,2,1,15,A01
200700064365,0,07,000,00,2,1,04,A01
200700064365,0,07,000,00,2,7,01,B01
200700064366,0,07,000,00,2,4,01,C01
200700064366,0,07,000,00,2,4,02,B01
200700064366,2,07,000,00,2,1,01,A01
200700064367,0,07,000,00,2,1,15,B01
200700064367,0,07,000,00,2,4,02,C01
200700064367,1,07,000,00,2,1,00,A01
200700064368,0,02,000,00,2,1,17,A01
200700064368,0,07,000,00,2,8,15,B01
200700064369,0,07,000,00,2,1,09,A01
200700064369,0,01,000,00,2,1,01,B01
200700064370,0,07,000,00,2,2,15,A01
200700064370,0,02,000,00,2,1,01,B01
200700064371,0,02,000,00,2,1,02,A01
200700064371,0,07,000,00,2,4,15,B01
200700064371,0,02,000,00,2,1,02,C01
200700064372,0,07,000,00,1,2,00,A01
200700064373,0,07,000,00,2,1,15,A01
200700064373,0,01,000,00,2,8,01,B01
200700064374,0,07,000,00,2,1,15,A01
200700064374,0,30,000,00,2,9,01,B01
200700064375,0,07,000,00,2,1,00,B01
200700064375,2,07,000,06,2,9,19,A01
200700064376,0,07,000,00,2,1,17,A01
200700064376,0,10,000,00,2,1,01,B01
200700064377,0,30,000,00,2,6,11,A01
200700064377,0,07,000,00,2,7,01,B01
200700064378,0,07,000,00,2,3,09,A01
200700064378,0,33,000,00,2,1,01,B01
200700064379,0,07,000,00,1,8,01,B01
200700064379,0,02,000,00,2,1,17,A01
200700064380,0,07,000,00,2,4,01,B01
200700064380,0,33,000,00,2,1,02,A01
200700064381,0,07,000,06,0,1,18,A01
200700064382,0,07,000,00,2,1,02,A01
200700064382,0,07,000,00,2,4,02,C01
200700064382,0,07,000,00,2,1,02,B01
200700064382,0,07,000,00,2,4,02,D01
200700064383,0,07,000,00,2,1,13,A01
200700064383,0,07,000,00,2,3,01,B01
200700064384,0,30,000,00,2,1,19,A01
200700064384,0,07,000,00,2,7,01,B01
200700064385,0,14,000,00,2,4,02,B01
200700064385,0,02,000,00,2,1,01,A01
200700064386,0,32,000,00,0,7,01,A01
200700064387,0,07,000,00,2,7,15,A01
200700064387,0,01,000,00,2,1,01,B01
200700064388,0,07,000,00,2,5,15,B01
200700064388,0,02,000,00,2,1,02,A01
200700064389,0,07,000,00,2,1,05,A01
200700064389,0,37,002,00,2,3,01,B01
200700064390,0,07,000,00,2,1,01,A01
200700064390,0,07,000,00,2,3,15,B01
200700064391,0,02,000,00,2,1,01,B01
200700064391,0,07,000,00,1,5,15,A01
200700064392,0,07,000,00,2,5,15,A01
200700064392,0,31,000,00,2,1,01,B01
200700064393,0,14,000,11,0,1,13,A01
200700064394,0,07,000,00,1,1,16,A01
200700064395,0,07,000,00,0,3,16,A01
200700064395,1,07,000,01,2,1,01,B01
200700064396,0,07,000,00,2,7,15,A01
200700064396,0,31,000,00,2,1,01,B01
200700064397,0,07,000,06,0,1,01,A01
200700064398,0,07,000,00,2,1,01,A01
200700064398,0,07,000,00,2,2,01,B01
200700064399,0,07,000,00,2,1,01,A01
200700064399,0,07,000,00,2,4,01,B01
200700064400,0,07,000,00,1,3,01,A01
200700064400,0,01,000,00,2,5,01,B01
200700064401,0,07,000,00,2,5,15,A01
200700064401,0,33,000,00,2,1,01,B01
200700064402,0,10,000,00,1,4,04,A01
200700064403,0,07,000,00,2,1,02,A01
200700064403,0,07,000,00,2,4,01,B01
200700064404,0,07,000,00,2,2,13,A01
200700064404,0,07,000,00,0,3,01,B01
200700064405,0,07,000,15,0,1,01,A01
200700064406,0,07,000,13,0,7,01,A01
200700064407,0,31,000,00,2,1,17,A01
200700064407,0,10,000,00,0,8,15,B01
200700064408,0,30,000,00,2,1,02,A01
200700064408,0,07,000,00,0,4,15,B01
200700064409,0,07,000,00,2,1,01,A01
200700064409,0,02,000,06,0,8,01,B01
200700064410,0,01,000,00,2,7,01,B01
200700064410,0,07,000,00,2,3,00,A01
200700064411,0,07,000,08,0,1,13,A01
200700064412,0,30,000,00,1,1,01,A01
200700064413,0,02,000,00,2,1,01,B01
200700064413,0,07,000,00,2,1,15,A01
200700064414,0,07,000,00,2,1,17,A01
200700064414,0,07,000,00,2,1,01,B01
200700064415,0,07,000,00,2,3,13,A01
200700064415,0,07,000,00,2,3,01,B01
200700064416,0,07,000,00,1,2,16,A01
200700064417,0,07,000,00,2,1,01,A01
200700064417,0,07,000,00,2,4,01,B01
200700064418,0,07,000,00,1,2,01,A01
200700064419,0,33,000,00,0,4,01,A01
200700064419,1,07,000,00,2,1,02,B01
200700064420,0,07,000,00,2,1,01,B01
200700064420,0,07,000,00,2,1,13,A01
200700064421,0,07,000,08,0,6,09,B01
200700064421,0,07,000,00,2,2,21,A01
200700064422,0,15,000,00,2,2,01,B01
200700064422,0,07,000,00,2,9,13,A01
200700064422,0,07,000,00,2,6,01,C01
200700064422,0,07,000,00,0,4,01,D01
200700064423,0,07,000,00,2,2,15,A01
200700064423,0,02,000,01,2,1,01,B01
200700064424,2,07,000,00,2,1,05,A01
200700064424,0,07,000,00,2,1,01,B01
200700064425,0,07,000,00,2,1,01,A01
200700064425,0,07,000,00,2,1,01,B01
200700064426,0,07,000,00,1,7,01,A01
200700064427,0,07,000,00,2,1,01,A01
200700064427,0,07,000,00,2,8,15,B01
200700064428,1,07,000,00,1,0,00,A01
200700064428,0,33,000,00,2,1,01,B01
200700064429,0,07,000,00,2,1,01,A01
200700064429,0,07,000,00,2,4,01,B01
200700064430,0,07,000,01,0,8,01,A01
200700064431,0,01,000,00,0,0,00,A01
200700064431,1,30,000,00,0,0,00,B01
200700064432,0,07,000,00,2,7,15,A01
200700064432,0,32,000,00,2,1,01,B01
200700064433,0,07,000,00,2,1,01,A01
200700064433,0,07,000,00,2,4,01,B01
200700064433,0,07,000,00,2,4,01,C01
200700064434,0,07,000,00,9,8,15,A01
200700064435,1,99,000,00,1,0,00,A01
200700064436,0,07,000,00,2,7,16,A01
200700064436,0,01,000,00,2,1,21,B01
200700064437,0,02,000,00,2,1,01,A01
200700064437,0,07,000,00,2,7,01,B01
200700064438,0,07,000,00,2,2,00,A01
200700064438,0,07,000,00,2,1,01,B01
200700064439,0,07,000,00,2,1,01,A01
200700064439,0,07,000,00,2,4,01,B01
200700064440,0,07,000,00,2,3,15,A01
200700064440,0,34,000,00,2,1,01,B01
200700064441,0,07,000,00,2,1,01,A01
200700064441,0,07,000,00,2,4,01,B01
200700064441,0,07,000,00,2,4,01,C01
200700064442,0,10,000,00,2,3,13,A01
200700064442,0,07,000,00,2,1,01,B01
200700064443,0,07,000,00,2,7,01,B01
200700064443,0,31,000,00,2,1,09,A01
200700064444,0,07,000,00,2,8,15,A01
200700064444,0,02,000,00,2,1,02,B01
200700064445,0,07,000,00,4,3,15,A01
200700064445,0,40,000,00,2,1,01,B01
200700064446,0,07,000,00,2,1,01,A01
200700064446,0,07,000,00,2,4,01,B01
200700064446,0,07,000,00,2,4,01,C01
200700064447,0,01,000,00,2,7,19,A01
200700064447,0,33,000,00,2,1,01,B01
200700064448,0,02,000,00,2,1,01,A01
200700064448,0,07,000,00,2,8,01,B01
200700064449,0,07,000,00,2,3,15,A01
200700064449,0,07,000,00,2,3,01,B01
200700064450,0,07,000,00,9,8,01,A01
200700064450,0,01,000,00,2,1,01,B01
200700064451,0,07,000,01,0,1,00,A01
200700064452,0,07,000,00,1,1,15,A01
200700064453,0,07,000,00,2,8,20,A01
200700064453,0,01,000,00,2,1,01,B01
200700064454,0,07,000,00,1,1,01,A01
200700064455,0,07,000,00,2,1,01,A01
200700064455,0,07,000,00,2,6,01,B01
200700064455,0,07,000,00,0,6,01,C01
200700064456,0,07,000,00,2,3,01,A01
200700064456,0,01,000,00,2,3,19,B01
200700064457,0,07,000,00,1,7,01,A01
200700064458,0,02,000,00,2,1,17,A01
200700064458,0,07,000,00,2,3,15,B01
200700064459,0,02,000,00,2,1,02,A01
200700064459,0,07,000,00,2,4,01,B01
200700064460,0,33,000,00,2,1,15,A01
200700064460,0,07,000,00,2,3,01,B01
200700064461,0,02,000,00,2,1,01,A01
200700064461,0,07,000,00,2,2,20,B01
200700064462,0,07,000,00,2,1,15,A01
200700064462,0,01,000,00,2,1,01,B01
200700064463,0,07,000,00,2,1,01,A01
200700064463,0,07,000,00,2,3,01,B01
200700064464,0,07,000,00,2,8,10,A01
200700064464,0,02,000,00,2,1,01,B01
200700064465,0,07,000,00,2,2,15,A01
200700064465,0,33,000,00,2,1,01,B01
200700064466,0,07,000,00,2,7,01,A01
200700064466,0,01,000,00,2,1,01,B01
200700064467,0,32,000,00,2,8,01,B01
200700064467,0,07,000,00,2,8,09,A01
200700064468,0,07,000,00,2,8,09,A01
200700064468,0,30,000,00,2,1,01,B01
200700064469,1,07,000,00,2,1,01,A01
200700064469,0,07,000,00,2,4,01,B01
200700064469,0,07,000,00,2,4,01,C01
200700064470,0,07,000,00,2,1,16,A01
200700064470,0,01,000,00,2,7,01,B01
200700064471,0,07,000,00,2,9,17,A01
200700064472,0,07,000,00,2,2,01,A01
200700064472,0,01,000,00,2,6,19,B01
200700064473,0,07,000,00,2,7,15,A01
200700064473,0,34,000,00,2,1,01,B01
200700064474,0,07,000,03,0,1,14,A01
200700064475,0,07,000,00,1,1,01,A01
200700064476,0,07,000,00,1,1,01,A01
200700064477,0,07,000,00,2,4,04,A01
200700064477,0,01,000,00,2,8,01,B01
200700064478,0,07,000,00,2,1,15,A01
200700064478,0,01,000,00,2,7,01,B01
200700064479,0,07,000,00,2,1,01,A01
200700064479,0,01,000,00,2,7,01,B01
200700064480,0,30,000,00,2,1,01,A01
200700064480,0,20,000,00,2,4,01,B01
200700064481,0,33,000,00,2,1,16,A01
200700064481,0,07,000,00,2,6,01,B01
200700064482,0,14,000,00,2,3,15,B01
200700064482,0,30,000,00,2,1,17,A01
200700064483,1,07,000,00,1,2,01,A01
200700064484,0,31,000,01,0,1,14,A01
200700064485,0,07,000,00,2,3,22,A01
200700064485,0,01,000,00,2,1,01,B01
200700064486,2,07,000,00,1,1,13,A01
200700064487,0,07,000,00,2,5,04,A01
200700064487,0,07,000,00,2,1,01,B01
200700064488,0,07,000,00,2,1,01,A01
200700064488,0,07,000,00,2,4,23,B01
200700064489,0,07,000,00,9,1,01,B01
200700064489,0,01,000,00,0,3,15,A01
200700064490,0,02,000,00,0,0,01,A01
200700064491,0,01,000,00,2,1,01,A01
200700064491,0,07,000,00,2,2,15,B01
200700064492,0,07,000,00,2,1,02,A01
200700064492,0,07,000,00,2,4,02,B01
200700064493,0,07,000,00,2,1,01,B01
200700064493,0,07,000,00,2,3,01,A01
200700064494,0,07,000,00,1,2,01,A01
200700064495,0,30,000,00,1,1,01,A01
200700064496,0,30,000,00,2,1,01,B01
200700064496,0,07,000,00,2,7,01,A01
200700064497,0,30,000,00,2,1,01,B01
200700064497,0,07,000,00,0,8,10,A01
200700064498,0,07,000,00,4,3,15,A01
200700064498,0,40,000,00,2,2,01,B01
200700064499,0,07,000,00,0,9,01,A01
200700064499,1,07,000,00,0,0,00,B01
200700064500,0,07,000,00,0,4,23,B01
200700064500,0,07,000,00,2,1,02,A01
200700064501,0,07,000,00,1,1,01,A01
200700064502,0,30,000,00,2,1,18,A01
200700064502,0,07,000,00,2,7,16,B01
200700064503,0,07,000,00,1,3,15,A01
200700064504,0,01,000,00,2,0,05,A01
200700064504,0,07,000,00,2,2,01,B01
200700064505,0,07,000,00,2,1,02,A01
200700064505,0,07,000,00,1,4,02,B01
200700064506,0,02,000,00,2,6,13,A01
200700064506,0,14,000,00,0,6,15,B01
200700064507,0,02,000,00,1,1,01,A01
200700064508,0,07,000,05,0,1,01,A01
200700064509,1,07,000,00,2,1,02,A01
200700064509,0,07,000,00,2,4,02,B01
200700064510,0,01,000,00,2,0,09,A01
200700064510,0,37,001,00,1,0,01,B01
200700064511,0,07,000,00,1,3,01,A01
200700064511,0,07,000,00,1,7,01,B01
200700064512,0,30,000,00,2,1,01,B01
200700064512,0,07,000,00,9,2,11,A01
200700064513,0,10,000,00,1,1,15,A01
200700064514,0,07,000,00,2,1,13,A01
200700064514,0,07,000,00,0,1,00,B01
200700064515,0,07,000,00,2,1,01,B01
200700064515,0,07,000,08,2,8,01,A01
200700064516,0,34,000,00,2,7,17,A01
200700064516,0,07,000,00,2,3,15,B01
200700064517,0,07,000,00,1,7,01,A01
200700064518,0,07,000,00,2,8,20,A01
200700064518,0,33,000,00,2,1,01,B01
200700064519,0,07,000,00,2,1,01,A01
200700064519,0,07,000,00,2,4,23,B01
200700064520,0,38,001,00,2,1,15,A01
200700064520,0,31,000,00,2,1,15,B01
200700064521,0,30,000,00,2,8,16,A01
200700064521,0,07,000,00,2,7,01,B01
200700064522,0,10,000,00,2,3,01,A01
200700064522,0,07,000,00,2,9,01,B01
200700064523,0,07,000,00,1,1,15,A01
200700064524,0,30,000,00,2,1,01,B01
200700064524,0,07,000,00,2,3,01,A01
200700064525,0,07,000,00,1,2,01,A01
200700064526,0,07,000,00,2,3,20,A01
200700064526,0,07,000,00,2,7,01,B01
200700064527,0,05,000,00,2,1,11,A01
200700064527,0,07,000,00,0,6,11,B01
200700064528,0,07,000,00,0,1,01,A01
200700064528,0,05,000,00,0,4,02,B01
200700064528,0,07,000,00,0,3,00,C01
200700064529,0,02,000,00,2,1,18,A01
200700064529,1,07,000,00,2,2,19,B01
200700064530,0,07,000,00,1,1,08,A01
200700064531,0,07,000,00,2,6,15,B01
200700064531,0,33,000,00,2,7,01,A01
200700064532,0,07,000,06,0,8,15,A01
200700064533,0,07,000,00,2,4,02,B01
200700064533,0,32,000,00,2,1,02,A01
200700064534,0,07,000,00,2,1,00,A01
200700064534,0,10,000,00,2,1,00,B01
200700064535,0,07,000,14,0,1,02,A01
200700064535,0,07,000,14,0,4,23,B01
200700064535,0,07,000,14,0,6,23,C01
200700064536,0,07,000,04,0,1,00,A01
200700064537,0,07,000,00,2,1,00,A01
200700064537,0,07,000,00,2,4,00,B01
200700064538,0,07,000,00,2,1,01,A01
200700064538,0,07,000,00,2,5,01,B01
200700064539,0,10,000,00,2,7,02,A01
200700064539,0,07,000,00,2,1,02,B01
200700064540,0,07,000,00,2,1,02,C01
200700064540,0,07,000,00,2,4,23,B01
200700064540,0,07,000,00,2,1,02,A01
200700064541,0,07,000,00,2,7,15,A01
200700064541,0,33,000,00,2,1,01,B01
200700064542,0,07,000,00,2,7,19,A01
200700064542,0,07,000,00,2,1,00,B01
200700064543,0,07,000,00,1,1,01,A01
200700064544,0,07,000,00,2,1,16,A01
200700064544,0,10,000,00,2,7,02,B01
200700064545,0,07,000,00,0,3,05,A01
200700064545,0,07,000,00,0,3,02,B01
200700064546,0,07,000,00,1,2,01,A01
200700064547,0,03,000,00,1,1,02,A01
200700064548,0,07,000,11,0,2,01,A01
200700064549,0,07,000,00,2,1,01,A01
200700064549,0,07,000,15,2,3,16,B01
200700064550,0,14,000,00,2,7,01,B01
200700064550,0,01,000,00,2,8,18,A01
200700064551,0,01,000,00,2,1,01,B01
200700064551,1,07,000,00,2,0,01,A01
200700064552,0,07,000,00,2,1,01,B01
200700064552,0,07,000,00,2,2,01,A01
200700064553,0,07,000,00,2,2,01,A01
200700064553,0,07,000,01,2,6,13,B01
200700064554,0,07,000,00,1,3,01,A01
200700064555,0,07,000,00,2,2,16,A01
200700064555,0,01,000,00,2,8,01,B01
200700064556,0,15,000,11,1,0,01,A01
200700064557,0,33,000,15,2,1,01,A01
200700064557,0,07,000,00,2,7,15,B01
200700064558,0,07,000,00,2,2,15,A01
200700064558,0,33,000,00,2,1,01,B01
200700064559,0,07,000,01,2,1,01,A01
200700064559,0,07,000,01,2,1,01,B01
200700064560,0,33,000,00,2,3,01,B01
200700064560,1,10,000,00,2,0,09,A01
200700064561,0,30,000,00,9,3,19,A01
200700064561,0,01,000,00,2,1,01,B01
200700064562,0,30,000,00,2,1,00,A01
200700064562,0,07,000,00,2,1,15,B01
200700064563,0,07,000,09,2,9,17,A01
200700064563,0,07,000,00,0,3,15,B01
200700064564,0,07,000,00,2,2,01,A01
200700064564,0,07,000,01,2,7,01,B01
200700064565,0,07,000,00,1,2,01,A01
200700064566,0,07,000,00,2,1,01,B01
200700064566,0,07,000,00,2,7,01,A01
200700064567,0,07,000,02,0,8,01,A01
200700064568,0,07,000,00,2,1,02,A01
200700064568,0,07,000,00,2,4,02,B01
200700064568,0,07,000,00,2,4,02,C01
200700064569,0,07,000,00,1,1,01,A01
200700064570,0,07,000,00,1,3,01,A01
200700064571,0,30,000,00,2,1,17,A01
200700064571,0,07,000,00,2,3,15,B01
200700064572,0,30,000,00,2,1,01,A01
200700064572,0,07,000,00,0,4,23,B01
200700064573,0,30,000,00,2,4,15,A01
200700064573,1,32,000,00,2,3,01,B01
200700064574,0,01,000,00,2,1,17,A01
200700064574,0,07,000,00,2,8,15,B01
200700064575,0,07,000,00,2,2,15,A01
200700064575,0,30,000,00,2,1,01,B01
200700064576,0,07,000,00,2,1,05,A01
200700064576,0,07,000,00,2,1,01,B01
200700064577,0,07,000,00,0,1,15,A01
200700064577,0,07,000,07,2,1,01,B01
200700064578,1,07,000,00,1,0,01,A01
200700064579,0,07,000,00,2,6,09,A01
200700064579,0,33,000,00,2,1,01,B01
200700064580,0,07,000,00,2,3,16,A01
200700064580,0,01,000,00,2,1,13,B01
200700064581,0,07,000,00,2,5,01,B01
200700064581,0,02,000,00,2,1,15,A01
200700064582,0,17,000,00,2,7,01,A01
200700064582,0,07,000,00,2,1,23,B01
200700064583,0,02,000,00,1,1,01,A01
200700064584,0,07,000,00,2,0,04,A01
200700064584,0,30,000,00,2,1,01,B01
200700064585,0,07,000,00,2,3,15,A01
200700064585,0,07,000,00,2,8,01,B01
200700064586,0,07,000,00,2,1,15,A01
200700064586,0,30,000,00,2,1,01,B01
200700064587,0,07,000,00,2,1,01,B01
200700064587,0,30,000,00,2,8,16,A01
200700064588,0,07,000,00,2,7,01,A01
200700064588,0,07,000,00,2,1,15,B01
200700064589,0,07,000,00,2,2,15,A01
200700064589,0,30,000,00,2,1,01,B01
200700064590,0,07,000,08,0,1,01,A01
200700064591,0,10,000,00,1,4,04,A01
200700064592,0,33,000,14,0,1,01,A01
200700064593,0,30,000,00,0,8,01,A01
200700064594,0,30,000,00,0,8,01,A01
200700064595,0,07,000,00,2,5,11,A01
200700064595,0,33,000,00,2,1,00,B01
200700064596,0,03,000,00,2,2,02,A01
200700064596,0,07,000,00,2,1,00,B01
200700064597,0,07,000,00,2,7,19,A01
200700064597,0,07,000,00,2,1,02,B01
200700064597,0,07,000,00,2,3,23,C01
200700064598,0,07,000,00,9,1,02,B01
200700064598,0,01,000,00,2,7,19,A01
200700064599,0,07,000,00,5,9,13,A01
200700064600,0,32,000,00,0,0,16,A01
200700064601,0,30,000,00,0,0,16,A01
200700064602,0,07,000,00,2,1,19,A01
200700064602,0,07,000,00,2,2,02,B01
200700064603,0,30,000,00,2,3,01,A01
200700064603,0,07,000,00,2,3,15,B01
200700064604,0,07,000,05,0,1,15,A01
200700064605,0,33,000,16,0,7,01,A01
200700064606,0,02,000,16,0,1,01,A01
200700064607,0,02,000,00,1,1,01,A01
200700064607,0,07,000,00,0,7,23,B01
200700064608,0,07,000,00,2,7,12,A01
200700064608,0,02,000,00,0,7,01,B01
200700064609,0,02,000,00,2,1,01,A01
200700064609,0,07,000,00,0,2,14,B01
200700064610,0,02,000,00,2,8,01,A01
200700064610,0,07,000,00,0,3,01,B01
200700064611,0,07,000,00,0,1,01,B01
200700064611,0,07,000,00,2,1,15,A01
200700064612,0,02,000,16,0,1,01,A01
200700064613,0,07,000,00,2,7,15,A01
200700064613,0,07,000,00,0,1,01,B01
200700064614,0,01,000,00,0,8,15,A01
200700064615,0,07,000,00,2,1,01,A01
200700064615,0,07,000,00,0,4,23,B01
200700064616,0,33,000,00,0,7,16,A01
200700064617,0,07,000,00,1,1,01,A01
200700064618,0,02,000,00,2,1,01,A01
200700064618,0,07,000,00,0,5,01,B01
200700064619,0,02,000,00,2,1,16,A01
200700064619,0,07,000,00,0,3,01,B01
200700064620,0,15,000,00,2,3,17,A01
200700064620,0,07,000,00,0,7,01,B01
200700064621,0,07,000,00,2,2,16,A01
200700064621,0,01,000,00,2,1,01,B01
200700064622,0,07,000,00,0,0,01,A01
200700064622,0,02,000,00,0,8,21,B01
200700064623,0,07,000,00,2,1,01,A01
200700064623,0,07,000,00,0,4,23,B01
200700064624,0,02,000,16,0,4,01,A01
200700064625,0,02,000,00,2,1,09,A01
200700064625,0,07,000,00,0,1,01,B01
200700064626,0,07,000,00,2,1,15,A01
200700064626,0,07,000,00,0,1,01,B01
200700064627,0,02,000,00,2,1,01,A01
200700064627,0,07,000,00,0,4,23,B01
200700064628,1,07,000,00,2,1,01,A01
200700064628,0,01,000,00,0,7,01,B01
200700064629,0,07,000,00,2,2,15,A01
200700064629,0,31,000,00,0,1,01,B01
200700064630,0,31,000,16,2,8,01,A01