Num_Acc,senc,catv,occutc,obs,obsm,choc,manv,num_veh
200700064631,0,10,000,00,2,1,01,A01
200700064631,0,07,000,00,0,4,01,B01
200700064631,0,07,000,00,0,4,01,C01
200700064631,0,07,000,00,0,4,01,D01
200700064632,0,07,000,00,2,1,01,A01
200700064632,0,07,000,14,2,4,23,B01
200700064632,0,07,000,14,2,4,23,C01
200700064632,0,07,000,00,0,4,23,D01
200700064633,0,31,000,00,2,1,01,A01
200700064633,0,07,000,00,0,4,01,B01
200700064634,0,02,000,16,0,8,01,A01
200700064635,0,33,000,00,2,8,16,A01
200700064635,0,37,002,00,0,0,01,B01
200700064636,0,07,000,00,1,1,01,A01
200700064637,0,33,000,00,0,8,01,B01
200700064637,0,07,000,00,2,2,09,A01
200700064638,0,01,000,14,0,1,01,A01
200700064639,0,07,000,00,2,1,01,A01
200700064639,0,07,000,00,2,1,01,B01
200700064639,0,07,000,00,0,4,01,C01
200700064640,0,01,000,00,2,1,19,A01
200700064640,0,07,000,00,0,1,01,B01
200700064641,0,07,000,00,2,7,15,A01
200700064641,0,01,000,00,0,0,01,B01
200700064642,0,07,000,00,2,7,01,A01
200700064642,0,07,000,00,0,8,01,B01
200700064643,0,01,000,16,0,1,01,A01
200700064644,0,02,000,00,0,1,01,A01
200700064644,0,07,000,00,1,4,23,B01
200700064645,0,07,000,00,2,1,01,A01
200700064645,0,07,000,00,0,3,01,B01
200700064646,0,02,000,16,0,7,01,A01
200700064647,0,02,000,00,0,1,01,B01
200700064647,0,07,000,00,2,3,15,A01
200700064648,0,33,000,16,0,7,01,A01
200700064649,0,02,000,00,0,8,21,A01
200700064649,0,02,000,00,0,8,21,B01
200700064650,0,07,000,00,2,1,01,A01
200700064650,0,07,000,00,0,4,01,B01
200700064651,0,01,000,00,2,1,01,A01
200700064651,0,07,000,00,0,5,01,B01
200700064652,0,07,000,00,2,2,15,A01
200700064652,0,30,000,00,2,1,01,B01
200700064653,0,02,000,00,2,1,13,A01
200700064653,0,07,000,00,0,1,01,B01
200700064654,0,07,000,00,1,0,00,A01
200700064655,0,07,000,00,1,3,01,A01
200700064656,0,10,000,00,2,1,02,A01
200700064656,0,07,000,00,0,4,02,B01
200700064657,0,07,000,00,1,1,02,A01
200700064658,0,33,000,14,0,1,01,A01
200700064659,0,07,000,00,1,3,01,A01
200700064660,0,33,000,01,0,1,17,A01
200700064660,0,07,000,00,0,4,23,B01
200700064661,0,07,000,00,2,2,15,A01
200700064661,0,33,000,00,2,1,01,B01
200700064662,0,07,000,00,2,1,02,A01
200700064662,0,07,000,00,2,3,02,B01
200700064663,0,07,000,00,2,3,15,B01
200700064663,0,34,000,00,2,1,02,A01
200700064664,0,30,000,00,2,6,05,A01
200700064664,0,07,000,00,2,1,01,B01
200700064665,0,07,000,00,9,2,01,A01
200700064665,0,01,000,00,2,1,01,B01
200700064666,0,07,000,00,2,5,15,A01
200700064666,0,33,000,00,2,1,01,B01
200700064667,0,01,000,00,2,1,09,A01
200700064667,0,07,000,00,2,3,01,B01
200700064668,0,07,000,00,2,3,09,A01
200700064668,0,02,000,00,2,1,02,B01
200700064669,0,02,000,08,0,1,01,A01
200700064670,0,07,000,00,2,1,02,A01
200700064670,0,07,000,00,0,4,02,B01
200700064671,0,07,000,00,2,5,15,A01
200700064671,0,02,000,00,2,1,01,B01
200700064672,0,30,000,00,2,1,05,A01
200700064672,0,07,000,00,9,3,02,B01
200700064673,0,07,000,00,0,9,02,A01
200700064674,0,30,000,00,2,2,01,B01
200700064674,0,07,000,00,2,3,01,A01
200700064675,0,07,000,00,1,2,01,A01
200700064676,0,07,000,00,2,1,01,B01
200700064676,0,01,000,00,2,1,09,A01
200700064677,0,30,000,00,6,7,01,A01
200700064678,0,07,000,11,0,0,00,A01
200700064679,0,30,000,00,0,0,01,A01
200700064680,0,07,000,01,0,2,00,A01
200700064681,0,07,000,00,9,5,12,A01
200700064681,0,33,000,00,2,1,01,B01
200700064682,0,30,000,11,0,1,01,A01
200700064683,0,02,000,00,0,1,21,A01
200700064683,0,07,000,00,2,7,01,B01
200700064684,0,33,000,00,2,1,01,A01
200700064684,0,07,000,00,2,5,15,B01
200700064685,0,33,000,00,2,8,01,A01
200700064685,0,07,000,00,2,7,16,B01
200700064686,0,07,000,00,2,7,01,A01
200700064686,0,07,000,00,2,3,01,B01
200700064687,0,07,000,04,0,9,01,A01
200700064688,0,07,000,00,1,3,02,B01
200700064689,0,07,000,00,4,6,01,A01
200700064689,0,40,000,00,2,1,01,B01
200700064690,0,30,000,00,1,1,17,A01
200700064691,0,02,000,00,2,1,17,A01
200700064691,0,07,000,00,2,3,15,B01
200700064692,0,07,000,00,2,2,23,A01
200700064692,0,02,000,00,2,1,01,B01
200700064693,0,07,000,00,0,0,00,A01
200700064694,0,07,000,00,2,2,05,A01
200700064694,0,33,000,00,2,1,01,B01
200700064695,0,07,000,00,2,3,11,A01
200700064695,0,33,000,00,2,2,01,B01
200700064696,0,30,000,12,2,7,17,A01
200700064696,0,07,000,12,0,7,15,B01
200700064697,0,10,000,00,2,1,02,A01
200700064697,0,07,000,00,2,4,23,B01
200700064697,0,07,000,00,2,4,23,C01
200700064698,0,07,000,01,2,1,02,A01
200700064698,0,07,000,00,2,0,01,B01
200700064699,0,30,000,08,0,0,00,A01
200700064700,0,30,000,00,2,3,18,A01
200700064700,0,07,000,00,2,7,16,B01
200700064701,0,30,000,12,0,8,01,A01
200700064702,0,33,000,00,2,1,01,A01
200700064702,0,07,000,00,2,3,01,B01
200700064703,1,32,000,00,1,0,00,A01
200700064704,0,30,000,11,0,7,01,A01
200700064705,0,07,000,00,0,0,00,A01
200700064706,0,33,000,01,2,9,01,B01
200700064706,0,07,000,00,1,3,15,A01
200700064707,0,07,000,11,2,2,01,A01
200700064707,0,07,000,04,2,3,00,B01
200700064708,0,30,000,00,0,2,01,A01
200700064708,0,07,000,00,0,3,01,B01
200700064709,0,30,000,09,0,1,16,A01
200700064710,0,07,000,00,2,3,09,A01
200700064710,0,01,000,00,2,1,01,B01
200700064711,0,02,000,01,0,1,01,A01
200700064712,0,30,000,00,2,2,02,A01
200700064712,0,07,000,00,2,6,01,B01
200700064713,0,37,016,00,1,3,01,A01
200700064714,0,07,000,00,2,2,15,A01
200700064714,0,33,000,00,2,2,01,B01
200700064715,0,33,000,00,0,7,01,A01
200700064715,0,07,000,00,0,0,19,B01
200700064716,0,07,000,00,2,2,02,A01
200700064716,0,07,000,00,2,4,02,B01
200700064717,0,07,000,00,2,1,01,B01
200700064717,0,07,000,00,2,2,15,A01
200700064718,0,07,000,00,1,7,01,A01
200700064719,0,30,000,00,2,3,02,A01
200700064719,0,07,000,00,2,4,01,B01
200700064720,0,07,000,00,4,8,15,A01
200700064720,0,40,000,00,2,1,01,B01
200700064721,0,07,000,00,2,3,00,A01
200700064721,0,32,000,00,2,8,16,B01
200700064722,0,07,000,00,1,8,15,A01
200700064723,0,02,000,00,2,1,02,A01
200700064723,0,07,000,00,2,2,14,B01
200700064724,0,37,028,00,2,1,15,A01
200700064724,0,07,000,00,2,1,01,B01
200700064725,0,30,000,11,0,8,01,A01
200700064726,0,07,000,00,2,1,02,A01
200700064726,0,07,000,00,2,1,02,B01
200700064726,0,07,000,00,2,4,02,C01
200700064727,0,02,000,00,2,1,01,B01
200700064727,0,07,000,00,9,7,09,A01
200700064728,0,07,000,00,2,2,01,B01
200700064728,0,13,000,00,2,2,00,A01
200700064729,0,30,000,00,2,8,01,B01
200700064729,0,07,000,00,2,5,17,A01
200700064730,0,30,000,00,2,1,01,A01
200700064730,0,07,000,00,2,8,01,B01
200700064731,0,07,000,00,1,5,09,A01
200700064732,0,32,000,01,2,2,17,A01
200700064732,0,07,000,00,2,3,15,B01
200700064733,0,10,000,00,2,1,02,A01
200700064733,0,07,000,00,2,4,02,B01
200700064733,0,07,000,00,2,4,02,C01
200700064733,0,07,000,00,2,4,02,D01
200700064734,0,07,000,00,2,1,02,A01
200700064734,0,07,000,00,2,4,02,B01
200700064734,0,07,000,00,0,4,02,C01
200700064735,0,07,000,00,2,2,15,A01
200700064735,0,07,000,00,2,1,01,B01
200700064736,0,33,000,00,2,0,00,A01
200700064736,0,10,000,00,0,2,01,B01
200700064737,0,07,000,00,0,4,23,B01
200700064737,0,02,000,00,2,1,21,A01
200700064738,0,31,000,00,0,7,21,B01
200700064738,0,07,000,00,0,0,09,A01
200700064739,0,30,000,15,0,1,00,A01
200700064740,0,07,000,00,0,9,01,A01
200700064741,0,02,000,00,2,1,17,B01
200700064741,0,07,000,00,2,3,15,A01
200700064742,0,10,000,00,2,1,10,B01
200700064742,0,02,000,01,2,8,01,A01
200700064743,0,07,000,00,2,7,01,C01
200700064743,0,33,000,00,2,1,01,B01
200700064743,0,07,000,00,2,8,09,A01
200700064744,0,07,000,00,2,1,01,B01
200700064744,0,07,000,00,2,2,01,A01
200700064745,0,07,000,06,0,2,01,A01
200700064746,0,33,000,00,2,1,01,A01
200700064746,0,07,000,00,9,7,09,B01
200700064747,0,07,000,00,0,0,01,A01
200700064748,0,07,000,00,2,1,01,B01
200700064748,0,33,000,00,2,1,05,A01
200700064749,0,07,000,00,2,3,09,B01
200700064749,0,02,000,00,2,7,17,A01
200700064750,0,07,000,00,0,0,01,A01
200700064751,0,33,000,02,0,1,01,A01
200700064752,0,07,000,00,1,2,01,A01
200700064753,0,33,000,00,0,0,01,A01
200700064754,0,33,000,00,2,0,01,B01
200700064754,0,07,000,00,9,2,15,A01
200700064755,0,07,000,00,2,7,15,A01
200700064755,0,07,000,00,2,3,01,B01
200700064756,0,07,000,00,2,7,15,A01
200700064756,0,07,000,00,2,1,01,B01
200700064757,0,07,000,00,0,4,23,B01
200700064757,0,30,000,00,2,1,02,A01
200700064758,0,07,000,00,2,2,15,A01
200700064758,0,07,000,00,2,1,01,B01
200700064759,0,30,000,00,1,1,01,A01
200700064760,0,02,000,00,1,0,02,A01
200700064761,1,07,000,00,2,1,01,B01
200700064761,0,30,000,12,2,8,01,A01
200700064762,0,07,000,00,2,1,02,A01
200700064762,0,07,000,00,2,4,23,B01
200700064763,0,07,000,00,2,8,15,A01
200700064763,0,02,000,00,2,1,17,B01
200700064764,0,07,000,06,2,6,01,A01
200700064764,1,07,000,00,2,3,01,B01
200700064765,0,33,000,00,2,3,01,A01
200700064765,0,07,000,00,2,2,01,B01
200700064766,0,33,000,00,2,7,01,A01
200700064766,0,07,000,00,2,8,09,B01
200700064767,0,07,000,00,1,1,01,A01
200700064768,0,02,000,00,2,1,01,B01
200700064768,0,07,000,00,9,8,00,A01
200700064769,0,07,000,00,2,4,16,A01
200700064769,0,30,000,00,2,1,01,B01
200700064770,0,07,000,00,2,1,00,B01
200700064770,0,07,000,00,2,1,01,C01
200700064770,0,07,000,00,2,8,01,D01
200700064770,0,07,000,00,2,1,05,A01
200700064771,0,07,000,00,1,0,01,A01
200700064772,0,02,000,00,1,3,01,A01
200700064773,0,17,000,00,0,2,17,B01
200700064773,0,33,000,00,2,3,03,A01
200700064773,0,17,000,00,0,8,02,C01
200700064773,1,13,000,00,0,0,00,D01
200700064774,0,07,000,00,2,3,10,A01
200700064774,0,07,000,00,2,2,02,B01
200700064775,0,30,000,00,0,0,00,A01
200700064776,0,07,000,00,0,0,00,A01
200700064776,0,02,000,00,0,0,00,B01
200700064777,0,07,000,00,0,0,00,A01
200700064777,0,02,000,00,0,0,00,B01
200700064778,0,07,000,00,2,3,13,A01
200700064778,2,07,000,00,2,3,13,B01
200700064779,0,07,000,00,2,3,15,B01
200700064779,0,02,000,00,2,2,17,A01
200700064780,0,07,000,00,2,3,13,A01
200700064780,0,07,000,00,2,3,02,B01
200700064780,0,07,000,00,2,3,02,C01
200700064780,0,07,000,00,2,3,02,D01
200700064781,0,33,000,00,2,7,01,A01
200700064781,0,10,000,00,0,3,15,B01
200700064782,0,30,000,00,2,1,14,A01
200700064782,0,14,000,00,0,1,01,B01
200700064783,0,02,000,00,0,1,09,A01
200700064784,0,07,000,00,2,1,01,B01
200700064784,0,07,000,00,2,1,01,A01
200700064785,0,30,000,00,2,1,17,A01
200700064785,0,07,000,00,2,3,15,B01
200700064786,0,31,000,01,0,1,02,A01
200700064786,0,07,000,00,0,3,09,B01
200700064787,0,07,000,00,1,8,01,A01
200700064788,0,02,000,00,0,1,12,A01
200700064788,0,07,000,00,0,6,01,B01
200700064789,0,07,000,06,2,1,01,A01
200700064789,0,07,000,06,2,3,19,B01
200700064790,0,07,000,00,1,2,01,A01
200700064791,0,07,000,00,2,1,02,A01
200700064791,0,07,000,00,0,6,00,B01
200700064792,0,07,000,00,2,2,12,A01
200700064792,0,33,000,00,2,1,03,B01
200700064793,0,07,000,00,0,5,15,A01
200700064793,0,02,000,00,0,1,01,B01
200700064794,0,07,000,11,2,1,01,A01
200700064794,0,15,000,00,2,8,01,B01
200700064795,0,02,000,12,0,1,00,A01
200700064796,0,07,000,03,0,2,14,A01
200700064797,0,07,000,00,0,3,15,A01
200700064797,0,33,000,00,0,7,17,B01
200700064798,0,07,000,00,2,3,15,A01
200700064798,0,01,000,00,2,1,00,B01
200700064799,0,34,000,00,2,1,01,A01
200700064799,0,07,000,00,2,6,01,B01
200700064800,0,33,000,16,0,7,01,A01
200700064801,0,07,000,00,2,8,11,A01
200700064801,0,33,000,00,2,2,01,B01
200700064802,0,07,000,00,2,1,20,A01
200700064802,0,07,000,00,2,3,20,B01
200700064803,0,07,000,00,1,2,01,A01
200700064804,0,07,000,00,2,1,02,A01
200700064804,0,07,000,00,2,4,23,B01
200700064804,0,07,000,00,2,4,23,C01
200700064805,0,07,000,00,2,1,06,A01
200700064805,0,07,000,00,2,6,01,B01
200700064806,0,07,000,00,2,1,02,A01
200700064806,0,07,000,00,2,4,02,B01
200700064807,0,07,000,00,1,1,00,A01
200700064808,0,33,000,00,2,1,12,A01
200700064808,0,14,000,00,2,6,00,B01
200700064809,0,10,000,00,2,1,01,A01
200700064809,0,07,000,00,0,4,01,B01
200700064810,0,01,000,00,0,5,19,A01
200700064810,0,07,000,00,2,1,01,B01
200700064811,0,33,000,00,2,1,11,A01
200700064811,0,07,000,00,2,4,02,B01
200700064812,0,07,000,02,0,9,01,A01
200700064813,0,33,000,15,0,0,01,A01
200700064814,0,30,000,00,0,8,01,A01
200700064815,0,07,000,00,1,1,01,A01
200700064816,0,33,000,00,0,7,01,A01
200700064817,0,01,000,00,2,8,19,A01
200700064817,0,07,000,00,9,3,01,B01
200700064818,0,07,000,00,2,1,02,A01
200700064818,0,07,000,00,2,4,02,B01
200700064819,0,36,000,00,0,0,00,A01
200700064820,0,07,000,00,2,1,01,A01
200700064820,0,07,000,15,2,8,01,B01
200700064821,0,07,000,01,0,1,00,A01
200700064822,0,07,000,00,1,1,02,A01
200700064823,0,07,000,00,2,3,15,A01
200700064823,0,33,000,00,2,1,17,B01
200700064824,0,07,000,00,1,3,01,A01
200700064825,0,33,000,12,0,1,01,A01
200700064826,0,33,000,00,2,1,00,B01
200700064826,0,07,000,00,2,3,15,A01
200700064827,0,30,000,00,1,1,17,A01
200700064828,0,10,000,00,2,1,01,A01
200700064828,0,07,000,00,2,3,01,B01
200700064829,0,07,000,03,0,2,01,A01
200700064830,0,33,000,00,0,8,01,A01
200700064831,0,07,000,00,1,0,01,A01
200700064832,0,07,000,00,2,1,01,A01
200700064832,0,07,000,00,2,6,15,B01
200700064833,0,07,000,02,0,1,01,A01
200700064834,0,07,000,15,2,1,01,A01
200700064834,0,07,000,00,2,5,01,B01
200700064835,1,07,000,00,2,7,00,A01
200700064835,0,30,000,00,2,1,01,B01
200700064836,0,07,000,00,2,1,01,A01
200700064836,0,07,000,00,2,2,01,B01
200700064837,0,14,000,00,2,2,19,A01
200700064837,0,07,000,00,2,1,01,B01
200700064838,0,07,000,00,2,2,01,A01
200700064838,0,07,000,00,2,3,15,B01
200700064839,0,07,000,00,2,1,01,A01
200700064839,0,07,000,00,2,4,01,B01
200700064840,0,07,000,00,2,1,15,A01
200700064840,0,07,000,00,2,3,01,B01
200700064841,0,33,000,00,2,8,15,A01
200700064841,0,07,000,00,2,1,01,B01
200700064842,0,07,000,00,2,1,01,A01
200700064842,0,07,000,00,2,4,01,B01
200700064843,0,07,000,00,2,2,01,B01
200700064843,0,07,000,00,2,2,15,A01
200700064844,0,07,000,00,0,1,00,A01
200700064844,0,07,000,00,0,4,00,B01
200700064845,0,10,000,00,2,3,01,A01
200700064845,0,07,000,00,2,8,00,B01
200700064846,0,07,000,00,2,6,15,A01
200700064846,0,33,000,00,2,1,17,B01
200700064847,0,07,000,00,2,4,09,A01
200700064847,0,01,000,00,2,4,09,B01
200700064848,0,01,000,00,2,8,01,B01
200700064848,1,07,000,00,2,7,17,A01
200700064849,0,33,000,00,2,8,03,A01
200700064849,0,07,000,00,2,1,01,B01
200700064849,0,10,000,01,2,0,00,C01
200700064850,1,07,000,00,2,5,09,A01
200700064850,0,01,000,00,2,8,09,B01
200700064851,0,07,000,00,2,7,15,A01
200700064851,0,34,000,00,2,2,01,B01
200700064852,0,02,000,00,2,0,02,B01
200700064852,0,07,000,00,0,0,23,A01
200700064853,0,07,000,00,2,1,01,A01
200700064853,0,14,000,00,2,8,01,B01
200700064854,0,02,000,00,2,2,09,A01
200700064854,0,32,000,00,2,7,01,B01
200700064855,0,33,000,00,1,1,16,A01
200700064856,0,07,000,00,2,1,01,A01
200700064856,0,07,000,00,2,1,15,B01
200700064857,0,07,000,00,2,3,09,A01
200700064857,1,15,000,00,2,1,01,B01
200700064858,0,07,000,13,0,1,01,A01
200700064859,0,07,000,01,0,1,00,A01
200700064860,0,07,000,03,0,0,00,A01
200700064861,0,07,000,12,0,3,01,A01
200700064862,0,07,000,00,2,1,01,A01
200700064862,0,07,000,00,2,4,01,B01
200700064862,0,07,000,00,2,4,01,C01
200700064863,0,07,000,00,2,1,01,B01
200700064863,0,07,000,00,2,3,01,A01
200700064864,0,07,000,15,0,7,13,A01
200700064865,0,07,000,00,2,4,11,B01
200700064865,0,33,000,00,2,1,01,A01
200700064866,0,03,000,00,1,3,01,A01
200700064867,0,07,000,00,9,1,09,A01
200700064867,0,01,000,00,2,1,01,B01
200700064868,0,07,000,00,2,6,15,A01
200700064868,0,02,000,00,2,7,17,B01
200700064869,0,13,000,00,2,2,01,A01
200700064869,0,07,000,00,2,6,15,B01
200700064870,0,33,000,00,1,1,01,A01
200700064871,0,33,000,00,2,1,01,A01
200700064871,0,07,000,00,2,3,15,B01
200700064872,0,30,000,11,2,1,06,A01
200700064872,0,07,000,00,2,1,01,B01
200700064872,0,07,000,00,1,1,01,C01
200700064873,0,07,000,00,0,1,02,A01
200700064873,0,07,000,00,0,4,02,B01
200700064874,0,07,000,00,2,3,10,A01
200700064874,0,02,000,00,2,1,17,B01
200700064875,0,02,000,00,1,1,01,A01
200700064876,0,02,000,00,2,1,17,A01
200700064876,0,07,000,00,2,3,15,B01
200700064877,0,01,000,00,2,1,01,A01
200700064877,0,07,000,00,2,1,15,B01
200700064878,0,10,000,00,1,3,01,A01
200700064879,0,02,000,00,0,1,01,A01
200700064880,0,14,000,00,1,7,16,A01
200700064881,0,07,000,04,0,1,01,A01
200700064882,0,33,000,00,0,0,01,A01
200700064882,0,14,000,00,9,0,01,B01
200700064883,0,07,000,00,1,1,01,A01
200700064884,0,07,000,00,1,1,01,A01
200700064885,0,99,000,03,0,1,01,A01
200700064886,0,07,000,00,0,9,01,A01
200700064887,0,07,000,00,9,7,12,A01
200700064887,0,01,000,00,2,3,02,B01
200700064888,0,07,000,00,2,1,17,A01
200700064888,0,01,000,00,2,1,01,B01
200700064889,1,10,000,00,2,1,15,A01
200700064889,0,33,000,00,2,1,01,B01
200700064890,0,02,000,00,2,2,17,B01
200700064890,0,07,000,00,0,0,01,C01
200700064890,0,07,000,00,2,3,09,A01
200700064891,0,02,000,00,2,1,01,A01
200700064891,0,07,000,00,2,6,01,B01
200700064892,0,07,000,00,2,2,09,A01
200700064892,0,07,000,00,2,3,01,B01
200700064893,0,07,000,00,1,8,21,A01
200700064894,0,07,000,00,2,1,01,A01
200700064894,0,07,000,00,2,4,01,B01
200700064895,0,07,000,00,2,5,15,A01
200700064895,0,32,000,00,2,1,01,B01
200700064896,0,07,000,00,2,1,15,A01
200700064896,0,05,000,00,2,1,18,B01
200700064897,0,07,000,00,1,1,15,A01
200700064898,0,07,000,00,1,1,02,A01
200700064899,0,07,000,00,2,0,00,A01
200700064899,0,05,000,00,2,1,01,B01
200700064900,0,07,000,00,2,2,16,A01
200700064900,0,01,000,00,2,1,01,B01
200700064901,0,07,000,11,0,3,02,A01
200700064902,0,07,000,00,2,8,13,A01
200700064902,0,05,000,01,2,1,01,B01
200700064903,0,07,000,00,1,3,02,A01
200700064904,0,07,000,00,1,8,01,A01
200700064905,0,07,000,00,0,5,23,B01
200700064905,0,01,000,00,2,1,02,A01
200700064906,0,01,000,00,2,1,13,A01
200700064906,0,10,000,00,2,3,01,B01
200700064907,0,07,000,00,2,3,15,A01
200700064907,0,33,000,00,2,3,01,B01
200700064908,0,30,000,00,2,8,01,B01
200700064908,0,07,000,00,2,7,01,A01
200700064909,0,30,000,00,2,1,01,A01
200700064909,0,07,000,00,0,4,23,B01
200700064910,0,07,000,13,0,9,01,A01
200700064911,0,07,000,00,1,3,01,A01
200700064912,0,07,000,04,2,3,01,A01
200700064912,0,07,000,00,2,3,01,B01
200700064913,1,07,000,00,2,1,01,A01
200700064913,0,02,000,00,2,8,01,B01
200700064914,0,07,000,00,1,1,01,A01
200700064915,0,02,000,00,0,0,01,A01
200700064916,1,07,000,00,2,1,17,A01
200700064916,0,02,000,00,2,8,16,B01
200700064917,0,07,000,00,1,1,01,A01
200700064918,0,01,000,00,2,1,01,A01
200700064918,0,07,000,00,2,4,01,B01
200700064919,0,07,000,00,2,1,17,A01
200700064919,0,10,000,00,2,1,01,B01
200700064920,0,37,001,00,1,8,01,A01
200700064921,0,07,000,00,2,1,15,A01
200700064921,0,07,000,00,1,1,01,B01
200700064922,0,07,000,16,0,9,01,A01
200700064923,0,07,000,00,2,1,17,A01
200700064923,0,07,000,00,2,7,21,B01
200700064924,0,02,000,00,2,1,15,A01
200700064924,0,07,000,00,2,3,01,B01
200700064925,0,07,000,00,2,3,22,A01
200700064925,0,01,000,00,2,1,01,B01
200700064926,0,02,000,00,2,1,16,B01
200700064926,0,07,000,00,2,3,15,A01
200700064927,1,07,000,00,2,1,01,A01
200700064927,0,02,000,01,2,4,01,B01
200700064928,0,07,000,00,2,2,16,A01
200700064928,0,02,000,00,2,1,01,B01
200700064929,0,02,000,00,2,1,17,A01
200700064929,0,07,000,00,2,3,15,B01
200700064930,0,07,000,00,2,2,01,A01
200700064931,0,02,000,00,0,1,01,A01
200700064931,0,10,000,00,0,0,15,B01
200700064932,0,07,000,00,2,1,15,A01
200700064932,0,33,000,00,2,1,01,B01
200700064933,0,07,000,00,2,1,01,B01
200700064933,0,01,000,00,2,4,01,A01
200700064934,0,07,000,09,0,1,01,A01
200700064935,0,07,000,00,2,3,15,A01
200700064935,0,33,000,00,2,1,17,B01
200700064936,0,33,000,16,0,7,01,A01
200700064937,0,07,000,00,2,2,09,A01
200700064937,0,02,000,00,2,1,01,B01
200700064938,0,01,000,00,2,1,01,A01
200700064938,0,07,000,00,2,7,09,B01
200700064939,0,07,000,00,2,1,01,B01
200700064939,0,07,000,00,2,1,15,A01
200700064940,0,07,000,00,1,1,01,A01
200700064941,0,10,000,00,2,8,09,A01
200700064941,0,31,000,00,2,1,01,B01
200700064942,0,07,000,00,2,1,01,A01
200700064942,0,07,000,00,2,4,01,B01
200700064943,0,07,000,00,2,1,01,A01
200700064943,0,07,000,00,2,8,15,B01
200700064944,0,02,000,00,2,1,01,A01
200700064944,0,07,000,00,2,7,15,B01
200700064945,0,07,000,00,2,1,15,A01
200700064945,0,02,000,00,2,1,01,B01
200700064946,0,07,000,00,1,1,01,A01
200700064947,0,07,000,00,2,3,17,A01
200700064947,0,07,000,00,2,3,01,B01
200700064948,0,10,000,00,2,1,01,A01
200700064948,0,10,000,00,2,4,01,B01
200700064949,0,07,000,00,2,8,09,A01
200700064949,0,33,000,01,2,1,01,B01
200700064950,0,07,000,08,0,3,01,A01
200700064951,0,07,000,00,2,1,01,A01
200700064951,0,07,000,00,2,4,01,B01
200700064952,0,02,000,00,2,1,17,A01
200700064952,0,07,000,00,2,3,15,B01
200700064953,0,07,000,00,1,3,01,A01
200700064954,0,10,000,00,2,2,01,A01
200700064954,0,07,000,00,2,8,01,B01
200700064955,0,07,000,02,0,1,01,A01
200700064956,0,10,000,00,2,1,01,B01
200700064956,0,07,000,00,2,1,15,A01
200700064957,0,15,000,00,2,5,01,A01
200700064957,0,01,000,00,2,8,01,B01
200700064958,0,07,000,00,2,6,17,A01
200700064958,0,07,000,00,0,2,17,B01
200700064958,0,07,000,00,0,6,01,C01
200700064959,0,07,000,00,2,7,15,A01
200700064959,0,30,000,00,2,8,15,B01
200700064960,0,07,000,00,2,1,15,A01
200700064960,0,30,000,00,2,8,01,B01
200700064961,0,07,000,00,2,7,15,A01
200700064961,0,07,000,00,2,1,01,B01
200700064962,0,07,000,00,1,8,01,A01
200700064963,0,07,000,00,2,1,01,A01
200700064963,0,07,000,00,2,8,15,B01
200700064964,0,02,000,00,2,1,17,A01
200700064964,0,07,000,00,2,1,17,B01
200700064965,0,07,000,13,0,7,14,A01
200700064966,0,07,000,02,0,3,21,A01
200700064967,0,02,000,00,2,1,01,A01
200700064967,0,07,000,00,2,3,01,B01
200700064968,0,07,000,00,2,1,15,A01
200700064968,0,30,000,00,2,7,01,B01
200700064969,0,07,000,13,0,4,02,A01
200700064969,0,07,000,13,0,3,13,B01
200700064970,0,07,000,00,2,3,17,A01
200700064970,0,34,000,00,2,1,01,B01
200700064971,0,03,000,03,2,6,02,A01
200700064971,2,07,000,00,2,2,17,B01
200700064972,0,07,000,00,2,8,02,A01
200700064972,0,07,000,03,2,7,19,B01
200700064973,0,07,000,08,0,7,13,A01
200700064974,0,07,000,00,2,1,09,A01
200700064974,0,30,000,00,2,1,01,B01
200700064975,0,07,000,00,2,3,09,A01
200700064975,0,30,000,00,2,1,01,B01
200700064976,0,07,000,00,2,1,01,A01
200700064976,0,07,000,00,2,1,01,B01
200700064976,0,07,000,00,2,1,01,C01
200700064977,0,33,000,00,2,1,01,B01
200700064977,0,07,000,00,2,1,01,C01
200700064977,0,07,000,00,2,1,15,A01
200700064978,0,21,000,00,2,2,15,A01
200700064978,0,07,000,00,2,1,01,B01
200700064979,0,07,000,00,2,3,18,A01
200700064979,0,07,000,00,2,7,16,B01
200700064980,0,07,000,09,0,8,00,A01
200700064981,0,33,000,02,0,1,13,A01
200700064982,0,07,000,00,1,1,00,A01
200700064983,0,30,000,00,2,1,02,A01
200700064983,0,16,000,00,2,0,15,B01
200700064984,0,02,000,11,2,1,17,A01
200700064984,0,15,000,00,0,3,01,B01
200700064985,0,33,000,02,0,8,17,A01
200700064986,0,07,000,00,1,3,16,A01
200700064987,0,07,000,00,9,1,01,A01
200700064987,0,01,000,00,2,7,19,B01
200700064988,0,07,000,00,2,1,15,A01
200700064988,0,33,000,00,2,1,01,B01
200700064989,0,07,000,00,1,1,01,A01
200700064990,0,31,000,00,2,1,01,A01
200700064990,0,07,000,00,2,4,01,B01
200700064991,0,07,000,00,1,1,01,A01
200700064992,0,33,000,00,0,2,00,A01
200700064993,0,02,000,00,2,1,19,A01
200700064993,0,02,000,00,2,1,01,B01
200700064994,0,07,000,00,1,1,00,A01
200700064995,0,33,000,00,2,8,01,A01
200700064995,0,32,000,00,2,8,01,B01