Num_Acc,senc,catv,occutc,obs,obsm,choc,manv,num_veh
200700064995,0,07,000,00,2,8,01,C01
200700064995,0,07,000,00,2,8,01,D01
200700064996,0,10,000,00,2,3,09,A01
200700064996,0,31,000,00,2,1,01,B01
200700064997,0,31,000,16,0,0,02,A01
200700064998,0,37,001,00,1,2,01,A01
200700064999,0,07,000,00,2,1,02,A01
200700064999,0,07,000,00,2,4,02,B01
200700065000,0,01,000,00,0,1,00,A01
200700065000,0,30,000,00,0,1,15,B01
200700065001,0,07,000,00,2,1,11,A01
200700065001,0,31,000,00,2,1,00,B01
200700065002,0,07,000,00,2,0,15,A01
200700065002,0,32,000,00,2,1,01,B01
200700065003,0,07,000,00,1,3,01,A01
200700065004,0,30,000,00,2,2,02,A01
200700065004,0,07,000,00,0,6,15,B01
200700065005,0,07,000,00,2,5,17,A01
200700065005,0,30,000,00,2,8,01,B01
200700065006,0,32,000,00,2,1,00,A01
200700065006,0,07,000,00,9,1,01,B01
200700065007,0,07,000,00,1,2,02,A01
200700065008,0,07,000,00,1,2,16,A01
200700065009,0,32,000,00,2,1,02,A01
200700065009,0,07,000,00,0,4,02,B01
200700065010,0,33,000,00,2,1,18,A01
200700065010,0,07,000,00,2,7,16,B01
200700065011,0,01,000,00,0,1,00,B01
200700065011,0,33,000,00,2,1,00,A01
200700065012,0,07,000,00,0,0,00,A01
200700065013,0,33,000,00,2,1,02,A01
200700065013,2,07,000,00,0,0,00,B01
200700065014,0,07,000,00,1,5,04,A01
200700065015,0,07,000,00,2,1,15,A01
200700065015,0,07,000,00,2,7,01,B01
200700065015,0,07,000,00,0,3,01,C01
200700065016,0,32,000,00,2,1,02,A01
200700065016,0,07,000,00,2,4,01,B01
200700065017,0,30,000,00,2,1,01,A01
200700065017,0,07,000,00,9,3,15,B01
200700065018,0,07,000,00,2,3,01,A01
200700065018,0,07,000,00,2,8,15,B01
200700065019,0,32,000,00,2,1,02,A01
200700065019,0,07,000,00,0,4,02,B01
200700065020,0,02,000,00,2,1,02,A01
200700065020,0,07,000,00,0,3,00,B01
200700065021,0,07,000,00,2,1,01,A01
200700065021,0,07,000,01,2,4,15,B01
200700065022,0,32,000,00,1,4,00,A01
200700065023,0,07,000,00,1,3,01,A01
200700065024,0,32,000,00,1,1,14,A01
200700065025,0,37,005,00,1,2,01,A01
200700065026,0,07,000,00,2,1,09,A01
200700065026,0,32,000,00,2,7,01,B01
200700065027,0,07,000,00,1,1,09,A01
200700065028,0,07,000,00,2,4,02,A01
200700065028,0,99,000,00,2,6,02,B01
200700065029,0,17,000,00,2,0,02,A01
200700065029,0,02,000,00,2,0,00,B01
200700065030,0,99,000,00,2,4,02,A01
200700065030,0,99,000,00,2,1,02,B01
200700065031,0,03,000,00,0,1,01,A01
200700065031,0,07,000,00,0,1,15,B01
200700065032,0,07,000,03,0,7,15,A01
200700065032,0,31,000,00,2,8,21,B01
200700065033,0,07,000,00,2,8,11,A01
200700065033,0,15,000,00,2,2,14,B01
200700065034,0,07,000,00,9,7,01,B01
200700065034,0,30,000,00,2,1,15,A01
200700065035,0,07,000,00,2,2,01,A01
200700065035,0,07,000,00,0,6,02,B01
200700065035,0,07,000,00,0,3,23,C01
200700065036,0,07,000,00,2,1,02,A01
200700065036,0,07,000,00,2,4,02,B01
200700065036,0,07,000,00,2,4,02,C01
200700065037,0,07,000,00,2,1,17,B01
200700065037,0,99,000,00,2,3,10,A01
200700065038,0,07,000,00,2,3,05,A01
200700065038,0,33,000,00,2,1,01,B01
200700065039,0,07,000,00,2,2,15,A01
200700065039,0,07,000,00,2,1,01,B01
200700065040,0,30,000,00,2,3,11,A01
200700065040,0,07,000,00,2,5,01,B01
200700065041,0,07,000,00,2,2,19,A01
200700065041,0,07,000,00,2,0,01,B01
200700065042,0,33,000,00,2,2,02,A01
200700065042,0,07,000,00,2,8,11,B01
200700065043,0,10,000,00,2,2,01,B01
200700065043,0,07,000,00,2,1,09,A01
200700065044,0,01,000,00,2,1,13,A01
200700065044,0,07,000,00,2,1,01,B01
200700065045,0,01,000,00,2,1,19,A01
200700065045,0,07,000,00,2,3,01,B01
200700065046,0,07,000,00,2,1,01,A01
200700065046,0,07,000,00,2,4,23,B01
200700065046,0,07,000,00,0,4,23,C01
200700065047,0,07,000,00,1,3,01,A01
200700065048,0,30,000,00,2,1,18,A01
200700065048,0,07,000,00,2,5,15,B01
200700065049,0,07,000,00,2,1,00,A01
200700065049,0,07,000,00,2,1,00,B01
200700065050,0,07,000,00,1,2,15,A01
200700065051,0,07,000,00,2,1,15,A01
200700065051,0,34,000,00,2,4,23,B01
200700065052,0,07,000,00,1,3,01,A01
200700065053,0,07,000,00,2,1,02,A01
200700065053,0,07,000,00,0,4,02,B01
200700065054,0,30,000,00,2,3,18,A01
200700065054,0,07,000,00,2,2,01,B01
200700065055,0,07,000,00,2,1,01,A01
200700065055,0,07,000,00,2,8,01,B01
200700065056,0,07,000,00,9,2,15,A01
200700065056,0,01,000,00,2,3,01,B01
200700065057,0,07,000,00,2,1,02,A01
200700065057,0,07,000,00,2,4,02,B01
200700065058,0,07,000,00,2,2,15,A01
200700065058,0,30,000,00,0,8,01,B01
200700065059,0,02,000,00,2,1,19,A01
200700065059,0,07,000,00,2,1,01,B01
200700065060,0,07,000,00,1,1,01,A01
200700065061,0,07,000,00,1,1,01,A01
200700065062,0,07,000,00,2,1,05,A01
200700065062,0,07,000,00,2,1,01,B01
200700065063,0,07,000,00,2,7,01,A01
200700065063,1,07,000,00,2,8,13,B01
200700065064,0,02,000,00,2,7,15,A01
200700065064,0,07,000,00,2,1,01,B01
200700065065,0,07,000,00,0,0,17,A01
200700065065,0,07,000,13,0,1,01,B01
200700065066,0,07,000,06,0,8,01,A01
200700065067,0,07,000,00,2,1,02,A01
200700065067,0,07,000,00,0,6,00,B01
200700065068,0,02,000,00,2,1,01,B01
200700065068,0,07,000,00,2,8,15,A01
200700065069,0,07,000,00,2,3,01,A01
200700065069,0,33,000,00,2,1,13,B01
200700065070,0,07,000,00,1,1,01,A01
200700065071,0,07,000,00,0,7,01,A01
200700065071,0,07,000,00,2,1,01,B01
200700065072,0,07,000,00,1,1,00,A01
200700065073,0,07,000,00,2,1,02,A01
200700065073,0,10,000,00,2,4,23,B01
200700065073,0,10,000,00,2,4,23,C01
200700065073,0,10,000,00,0,4,23,D01
200700065074,0,07,000,00,1,3,02,A01
200700065075,0,02,000,00,1,1,02,A01
200700065076,0,07,000,00,2,3,15,B01
200700065076,0,02,000,00,2,2,17,A01
200700065077,0,07,000,15,0,9,02,A01
200700065078,0,07,000,00,2,2,15,A01
200700065078,0,04,000,00,2,1,02,B01
200700065079,0,02,000,01,0,3,14,A01
200700065080,0,07,000,16,2,1,09,A01
200700065080,0,01,000,00,2,5,01,B01
200700065081,0,07,000,03,2,3,11,A01
200700065081,0,07,000,03,2,3,01,B01
200700065082,0,30,000,00,1,3,01,A01
200700065083,0,07,000,00,1,2,01,A01
200700065084,0,02,000,00,2,1,01,A01
200700065084,0,10,000,00,2,4,02,B01
200700065085,0,07,000,00,1,1,01,A01
200700065086,0,07,000,06,0,1,14,A01
200700065087,0,07,000,06,0,1,01,A01
200700065088,0,33,000,00,1,1,01,A01
200700065089,0,01,000,00,2,4,01,A01
200700065089,0,07,000,00,1,2,16,B01
200700065090,0,07,000,00,2,7,19,A01
200700065090,0,07,000,00,2,1,23,C01
200700065090,0,07,000,00,2,1,01,B01
200700065091,0,07,000,00,2,1,15,A01
200700065091,0,02,000,00,2,1,01,B01
200700065092,0,07,000,00,2,8,01,A01
200700065092,0,07,000,00,2,2,01,B01
200700065093,0,07,000,00,2,3,15,A01
200700065093,0,07,000,00,2,2,01,B01
200700065094,0,02,000,00,2,8,17,A01
200700065094,0,07,000,00,2,4,01,B01
200700065095,0,07,000,00,1,3,01,A01
200700065096,0,07,000,00,2,6,11,A01
200700065096,0,02,000,00,2,7,01,B01
200700065097,0,02,000,00,2,7,15,A01
200700065097,0,33,000,00,2,8,01,B01
200700065098,0,07,000,00,2,1,02,A01
200700065098,0,30,000,00,2,4,02,B01
200700065099,0,07,000,00,2,2,15,A01
200700065099,0,07,000,00,2,3,01,B01
200700065100,0,07,000,00,2,3,13,A01
200700065100,0,07,000,03,2,3,01,B01
200700065101,0,07,000,00,2,1,15,A01
200700065101,0,07,000,00,2,3,01,B01
200700065102,0,02,000,00,2,1,18,A01
200700065102,0,07,000,00,2,2,16,B01
200700065103,0,07,000,00,2,3,11,A01
200700065103,0,33,000,00,2,1,01,B01
200700065104,1,07,000,00,0,0,00,A01
200700065104,0,01,000,00,2,4,02,B01
200700065105,0,07,000,00,2,1,16,A01
200700065105,0,07,000,00,2,3,01,B01
200700065106,0,01,000,00,0,0,01,A01
200700065107,0,07,000,00,1,3,01,A01
200700065108,0,33,000,00,0,0,01,A01
200700065109,0,07,000,00,2,1,02,A01
200700065109,0,07,000,00,2,4,01,B01
200700065110,1,13,000,00,1,3,02,A01
200700065111,0,07,000,00,2,3,15,A01
200700065111,0,01,000,00,2,1,02,B01
200700065112,0,02,000,00,2,1,02,A01
200700065112,0,07,000,00,2,4,01,B01
200700065113,0,07,000,00,2,9,09,A01
200700065113,0,07,000,00,2,1,01,B01
200700065114,0,10,000,00,2,3,01,A01
200700065114,0,01,000,00,2,1,01,B01
200700065115,0,07,000,00,2,1,01,B01
200700065115,0,07,000,00,2,3,16,A01
200700065116,0,07,000,00,2,1,01,A01
200700065116,0,07,000,00,2,1,01,B01
200700065116,0,07,000,00,2,9,00,C01
200700065116,0,07,000,00,2,9,01,D01
200700065117,0,07,000,00,2,0,15,A01
200700065117,0,10,000,00,2,1,01,B01
200700065118,0,07,000,00,2,8,01,B01
200700065118,0,07,000,00,2,1,01,A01
200700065119,0,07,000,00,2,4,02,B01
200700065119,0,07,000,00,2,1,02,A01
200700065120,0,07,000,03,0,7,02,A01
200700065121,0,07,000,00,2,0,15,A01
200700065121,0,07,000,00,2,4,14,B01
200700065121,0,07,000,00,2,1,02,C01
200700065122,0,07,000,00,1,3,02,A01
200700065123,0,07,000,01,0,1,02,A01
200700065123,0,07,000,00,2,1,24,B01
200700065124,0,07,000,00,2,3,01,B01
200700065124,0,31,000,00,2,4,16,A01
200700065125,0,02,000,00,2,1,01,A01
200700065125,0,07,000,00,2,3,15,B01
200700065126,0,33,000,00,2,1,17,A01
200700065126,0,15,000,00,2,1,01,B01
200700065127,0,33,000,00,2,5,17,A01
200700065127,0,07,000,00,2,5,01,B01
200700065128,0,33,000,11,0,8,01,A01
200700065129,0,07,000,00,2,1,01,A01
200700065129,0,07,000,00,2,3,01,B01
200700065130,0,30,000,09,0,1,02,A01
200700065131,0,07,000,00,2,1,02,A01
200700065131,0,07,000,00,2,4,02,B01
200700065131,0,07,000,00,2,4,02,C01
200700065132,0,07,000,01,0,3,13,B01
200700065132,0,30,000,00,2,7,17,A01
200700065133,0,07,000,00,2,1,15,A01
200700065133,0,33,000,00,2,1,01,B01
200700065134,0,07,000,00,2,1,15,A01
200700065134,0,30,000,00,2,1,02,B01
200700065135,0,10,000,00,2,3,10,A01
200700065135,0,07,000,00,2,1,01,B01
200700065136,0,07,000,00,2,1,02,A01
200700065136,0,07,000,00,2,4,02,B01
200700065137,0,07,000,00,1,3,01,A01
200700065138,0,07,000,00,2,1,02,A01
200700065138,0,07,000,00,2,4,01,B01
200700065139,0,02,000,11,0,4,17,A01
200700065139,0,07,000,02,0,1,21,B01
200700065140,0,30,000,16,0,8,02,A01
200700065141,0,02,000,00,0,1,01,A01
200700065142,0,07,000,13,0,9,01,A01
200700065143,0,07,000,00,2,1,02,A01
200700065143,0,99,000,00,2,2,02,B01
200700065144,0,02,000,00,2,7,17,A01
200700065144,0,07,000,00,2,8,15,B01
200700065145,0,33,000,00,0,1,01,A01
200700065146,0,07,000,00,1,0,01,A01
200700065147,0,33,000,00,2,1,02,A01
200700065147,0,07,000,00,2,4,02,B01
200700065148,0,07,000,00,2,1,15,A01
200700065148,0,30,000,00,2,1,00,B01
200700065149,0,07,000,00,1,3,01,A01
200700065150,0,07,000,00,2,1,01,A01
200700065150,0,37,001,00,2,3,00,B01
200700065151,0,07,000,00,0,7,06,A01
200700065152,0,07,000,00,2,2,15,A01
200700065152,0,33,000,00,2,8,02,B01
200700065153,0,07,000,00,2,3,20,A01
200700065153,0,33,000,00,2,7,01,B01
200700065154,0,07,000,00,2,8,15,A01
200700065154,0,02,000,00,2,1,01,B01
200700065155,0,31,000,00,2,1,02,A01
200700065155,0,07,000,00,2,4,02,B01
200700065156,0,07,000,00,2,1,02,A01
200700065156,0,07,000,00,2,4,02,B01
200700065157,0,07,000,13,0,1,02,A01
200700065158,0,07,000,08,0,1,02,A01
200700065159,0,07,000,00,2,1,02,A01
200700065159,0,07,000,00,2,4,01,B01
200700065160,0,01,000,08,0,0,00,A01
200700065161,0,02,000,00,2,1,02,B01
200700065161,0,07,000,00,2,2,15,A01
200700065162,0,31,000,00,0,7,02,A01
200700065163,0,30,000,00,2,1,02,A01
200700065163,0,10,000,00,2,6,15,B01
200700065164,0,30,000,00,2,7,17,B01
200700065164,0,07,000,00,2,1,09,A01
200700065165,0,30,000,00,0,0,01,A01
200700065166,0,07,000,00,2,1,02,A01
200700065166,0,07,000,00,2,4,02,B01
200700065166,0,07,000,00,2,4,02,C01
200700065166,0,07,000,00,0,4,02,D01
200700065166,0,07,000,00,2,4,02,E01
200700065167,0,07,000,00,2,7,15,A01
200700065167,0,31,000,00,2,1,01,B01
200700065168,0,07,000,00,2,3,09,A01
200700065168,0,32,000,00,2,1,21,B01
200700065169,0,07,000,00,1,3,00,A01
200700065170,0,07,000,00,2,3,15,B01
200700065170,0,02,000,00,2,1,02,A01
200700065171,0,07,000,00,2,3,19,B01
200700065171,0,30,000,00,2,1,19,A01
200700065172,0,07,000,00,1,2,01,A01
200700065173,0,07,000,00,1,2,01,A01
200700065174,0,02,000,00,2,7,01,B01
200700065174,1,30,000,00,2,3,00,A01
200700065175,0,07,000,00,1,1,01,A01
200700065176,0,07,000,05,0,1,01,A01
200700065177,2,07,000,00,2,1,13,A01
200700065177,0,10,000,00,2,1,00,B01
200700065178,0,07,000,00,2,1,01,B01
200700065178,0,02,000,00,2,8,01,A01
200700065179,0,30,000,00,0,0,00,A01
200700065180,0,07,000,00,1,2,01,A01
200700065181,0,07,000,00,1,2,01,A01
200700065182,0,33,000,00,2,1,01,B01
200700065182,0,07,000,00,2,8,19,A01
200700065183,0,07,000,00,2,1,01,B01
200700065183,0,30,000,00,2,1,01,A01
200700065184,0,07,000,01,0,1,01,A01
200700065185,0,30,000,00,2,1,01,A01
200700065185,0,07,000,00,0,6,01,B01
200700065186,0,07,000,00,2,1,05,A01
200700065186,0,07,000,00,2,8,01,B01
200700065186,0,07,000,00,2,1,01,C01
200700065186,0,10,000,00,2,1,01,D01
200700065186,0,07,000,00,2,3,01,E01
200700065187,0,07,000,00,2,2,02,A01
200700065187,0,07,000,00,0,6,02,B01
200700065188,0,30,000,00,2,1,02,A01
200700065189,0,07,000,00,0,0,01,A01
200700065189,0,02,000,00,0,0,21,B01
200700065190,0,07,000,00,2,3,01,A01
200700065190,0,07,000,00,2,3,01,B01
200700065191,0,07,000,00,9,2,12,A01
200700065191,0,01,000,00,2,8,01,B01
200700065192,0,30,000,00,2,1,00,B01
200700065192,0,07,000,00,2,3,00,A01
200700065193,0,07,000,01,1,8,01,A01
200700065194,0,01,000,00,0,1,01,A01
200700065194,0,07,000,00,0,6,23,B01
200700065195,0,07,000,00,2,4,02,B01
200700065195,0,07,000,00,2,1,02,A01
200700065196,0,07,000,00,0,4,02,B01
200700065196,1,07,000,00,2,1,02,A01
200700065197,0,07,000,00,2,4,02,B01
200700065197,0,07,000,00,2,1,02,A01
200700065198,0,07,000,06,0,3,00,A01
200700065199,0,07,000,00,2,2,02,A01
200700065199,0,07,000,00,2,6,02,B01
200700065200,0,07,000,00,2,1,02,A01
200700065200,0,07,000,02,2,4,02,B01
200700065201,0,07,000,00,2,2,09,A01
200700065201,0,33,000,00,2,1,01,B01
200700065202,0,07,000,00,2,1,02,A01
200700065202,0,07,000,00,2,4,02,B01
200700065203,0,07,000,00,2,3,15,A01
200700065203,0,01,000,00,2,8,01,B01
200700065204,0,30,000,00,1,0,01,A01
200700065205,0,07,000,00,2,3,11,A01
200700065205,0,02,000,00,2,3,00,B01
200700065206,0,07,000,00,2,1,15,B01
200700065206,0,07,000,00,2,3,13,A01
200700065207,0,07,000,00,2,1,01,A01
200700065207,0,07,000,00,2,1,01,B01
200700065207,0,07,000,00,2,4,01,C01
200700065208,0,07,000,09,0,1,02,A01
200700065209,0,07,000,00,2,1,01,A01
200700065209,0,07,000,00,2,1,01,B01
200700065210,0,07,000,00,2,8,10,A01
200700065210,0,32,000,00,2,1,01,B01
200700065211,0,07,000,00,1,1,01,A01
200700065212,0,07,000,00,2,3,13,A01
200700065212,0,07,000,00,2,3,01,B01
200700065213,0,33,000,00,2,1,02,A01
200700065213,0,07,000,04,2,6,12,B01
200700065214,0,07,000,00,2,3,04,A01
200700065214,0,30,000,00,2,1,21,B01
200700065214,0,07,000,00,2,2,01,C01
200700065215,0,07,000,00,2,8,15,A01
200700065215,0,33,000,00,2,1,01,B01
200700065216,0,31,000,00,2,1,01,B01
200700065216,0,10,000,00,2,2,19,A01
200700065217,0,07,000,00,1,1,01,A01
200700065218,0,10,000,00,2,1,01,B01
200700065218,0,31,000,00,2,1,13,A01
200700065219,0,07,000,00,2,2,01,A01
200700065219,0,07,000,00,2,3,01,B01
200700065220,0,01,000,00,2,1,01,A01
200700065220,0,07,000,00,9,1,09,B01
200700065221,0,01,000,00,2,1,01,B01
200700065221,0,07,000,00,9,3,09,A01
200700065222,0,02,000,00,2,1,01,B01
200700065222,0,07,000,00,2,2,09,A01
200700065223,0,07,000,00,2,2,09,A01
200700065223,0,33,000,00,2,1,01,B01
200700065224,0,07,000,00,1,1,01,A01
200700065225,0,33,000,01,2,1,13,A01
200700065226,0,07,000,00,2,4,23,A01
200700065226,0,07,000,00,2,1,02,B01
200700065227,0,07,000,00,2,8,15,A01
200700065227,0,33,000,00,2,1,01,B01
200700065228,0,33,000,00,9,1,02,A01
200700065228,0,01,000,00,2,3,11,B01
200700065229,0,07,000,00,2,1,02,A01
200700065229,0,07,000,00,0,4,00,B01
200700065230,0,07,000,00,2,1,01,A01
200700065230,0,30,000,00,0,7,01,B01
200700065231,0,07,000,00,0,4,23,A01
200700065231,0,10,000,01,0,1,02,B01
200700065232,0,07,000,00,1,3,01,A01
200700065233,0,07,000,00,1,3,01,A01
200700065234,0,30,000,00,0,9,01,A01
200700065234,0,07,000,00,2,8,15,B01
200700065235,0,07,000,00,1,1,01,A01
200700065236,0,07,000,15,0,1,01,A01
200700065237,0,33,000,00,2,1,01,B01
200700065237,0,07,000,00,2,2,01,A01
200700065238,0,07,000,00,1,1,00,A01
200700065239,0,07,000,01,2,3,01,A01
200700065239,0,30,000,00,2,1,01,B01
200700065240,0,07,000,00,1,1,02,A01
200700065241,0,07,000,00,2,1,09,A01
200700065241,0,33,000,00,2,1,02,B01
200700065242,1,07,000,00,1,7,00,A01
200700065243,0,31,000,00,2,7,02,A01
200700065243,0,07,000,00,2,5,09,B01
200700065244,0,07,000,00,2,1,02,A01
200700065244,0,07,000,00,2,4,02,B01
200700065244,0,07,000,00,2,4,02,C01
200700065245,0,07,000,00,2,3,02,A01
200700065245,0,07,000,00,2,3,02,B01
200700065246,0,33,000,00,2,8,02,B01
200700065246,0,07,000,00,2,7,02,A01
200700065247,0,32,000,00,2,1,02,B01
200700065247,0,10,000,00,2,7,02,A01
200700065248,0,07,000,00,2,4,04,A01
200700065248,0,30,000,00,2,1,02,B01
200700065249,0,07,000,08,0,1,01,A01
200700065250,0,30,000,00,2,0,02,A01
200700065250,0,33,000,00,2,6,02,B01
200700065251,0,07,000,04,0,8,01,A01
200700065252,0,07,000,00,2,8,15,A01
200700065252,0,33,000,00,2,7,17,B01
200700065253,0,07,000,00,2,0,00,A01
200700065253,0,33,000,00,2,8,01,B01
200700065254,0,33,000,00,0,0,01,A01
200700065255,0,02,000,00,0,0,00,A01
200700065256,0,02,000,00,0,0,00,A01
200700065256,0,13,000,00,2,7,11,B01
200700065257,0,07,000,00,2,4,09,A01
200700065257,0,33,000,00,2,4,16,B01
200700065258,0,07,000,00,1,1,01,B01
200700065259,0,07,000,00,2,1,01,A01
200700065259,0,07,000,00,0,4,01,B01
200700065260,0,07,000,00,2,3,01,B01
200700065260,0,33,000,00,2,2,17,A01
200700065261,0,07,000,00,1,1,02,B01
200700065262,0,07,000,00,2,4,02,B01
200700065262,0,33,000,00,2,1,02,A01
200700065263,0,07,000,00,1,1,01,A01
200700065264,0,07,000,15,0,1,01,A01
200700065265,0,33,000,00,2,1,01,A01
200700065265,0,07,000,00,0,8,15,B01
200700065266,0,37,000,00,0,0,00,A01
200700065267,0,07,000,00,2,2,01,A01
200700065267,0,07,000,00,2,3,01,B01
200700065268,0,07,000,00,2,1,01,A01
200700065268,0,10,000,00,2,1,01,B01
200700065269,0,07,000,00,2,1,01,B01
200700065269,0,07,000,00,2,1,09,A01
200700065270,0,07,000,00,2,1,00,A01
200700065270,0,07,000,00,0,7,00,B01
200700065271,0,07,000,00,2,3,00,A01
200700065271,0,33,000,00,2,8,01,B01
200700065272,0,07,000,00,0,2,09,B01
200700065272,0,07,000,00,1,3,21,A01
200700065273,0,07,000,00,1,2,01,A01
200700065274,0,07,000,15,0,1,00,A01
200700065275,0,07,000,00,2,2,00,A01
200700065275,0,07,000,00,2,1,00,B01
200700065276,0,07,000,00,0,3,11,A01
200700065276,0,02,000,00,0,1,01,B01
200700065277,0,30,000,00,2,1,00,B01
200700065277,0,13,000,00,2,2,00,A01
200700065278,0,30,000,00,0,1,01,A01
200700065279,0,33,000,00,2,2,01,A01
200700065279,0,07,000,00,2,8,01,B01
200700065280,0,07,000,00,2,1,16,A01
200700065280,0,30,000,00,2,1,01,B01
200700065281,0,07,000,00,0,3,10,A01
200700065281,0,33,000,00,2,1,01,B01
200700065282,0,07,000,00,2,1,01,A01
200700065282,0,02,000,00,0,4,01,B01
200700065283,0,07,000,00,2,1,15,A01
200700065283,0,33,000,00,0,1,01,B01
200700065284,0,02,000,00,2,1,15,A01
200700065284,0,07,000,00,2,6,15,B01
200700065285,0,30,000,00,2,1,01,B01
200700065285,0,07,000,00,2,3,15,A01
200700065286,0,07,000,00,2,1,02,A01
200700065286,0,07,000,00,2,4,02,B01
200700065287,0,07,000,00,2,2,14,A01
200700065287,0,02,000,00,2,4,01,B01
200700065288,0,07,000,14,2,7,13,A01
200700065288,0,07,000,14,2,1,01,B01
200700065289,0,07,000,00,2,1,02,A01
200700065289,0,07,000,00,2,4,02,B01
200700065289,0,07,000,00,2,4,02,C01
200700065290,0,07,000,00,2,1,13,A01
200700065290,0,07,000,00,2,8,01,B01
200700065290,0,07,000,00,2,1,23,C01
200700065291,0,07,000,00,2,1,13,A01
200700065291,0,07,000,00,2,4,23,B01
200700065292,0,30,000,00,1,1,01,A01
200700065293,0,07,000,03,0,2,01,A01
200700065294,0,01,000,00,2,1,01,A01
200700065294,0,07,000,00,2,7,01,B01
200700065295,0,07,000,08,0,1,01,A01
200700065296,0,02,000,00,2,1,09,A01
200700065296,0,07,000,00,2,1,01,B01
200700065297,0,02,000,00,2,1,01,A01
200700065297,0,07,000,00,0,4,23,B01
200700065298,0,07,000,00,1,2,01,A01
200700065299,0,07,000,00,1,4,20,A01
200700065300,0,07,000,00,2,1,02,A01
200700065300,0,07,000,00,0,4,02,B01
200700065301,0,10,000,00,2,2,16,B01
200700065301,0,02,000,00,2,3,18,A01
200700065302,0,07,000,00,2,7,01,B01
200700065302,0,07,000,00,2,7,15,A01
200700065303,0,10,000,00,2,3,01,B01
200700065303,0,10,000,03,2,2,15,A01
200700065304,0,10,000,00,0,4,02,B01
200700065304,0,07,000,00,2,1,02,A01
200700065305,0,07,000,00,2,8,10,A01
200700065305,0,30,000,00,2,1,01,B01
200700065306,0,07,000,00,2,1,01,A01
200700065306,0,10,000,00,2,3,15,B01
200700065307,0,10,000,00,2,2,00,A01
200700065307,0,10,000,00,2,8,00,B01
200700065308,0,07,000,00,1,3,00,A01
200700065309,0,07,000,00,2,1,00,A01
200700065309,0,07,000,00,0,6,23,B01
200700065310,0,07,000,00,2,1,01,A01
200700065310,0,07,000,00,2,4,23,B01
200700065311,0,32,000,00,2,1,17,A01
200700065311,0,07,000,00,2,8,15,B01
200700065312,0,07,000,00,1,1,15,A01
200700065313,0,07,000,00,1,2,01,A01
200700065314,0,10,000,00,1,8,15,A01
200700065315,0,07,000,00,1,3,01,A01
200700065316,0,07,000,00,2,6,15,A01
200700065316,0,33,000,00,2,1,17,B01
200700065317,0,10,000,00,2,1,01,A01
200700065317,0,07,000,00,2,8,01,B01
200700065318,0,07,000,00,2,1,01,A01
200700065318,0,30,000,00,2,1,15,B01
200700065319,0,33,000,00,2,1,01,A01
200700065319,0,07,000,00,2,8,10,B01
200700065320,0,01,000,00,2,1,16,B01
200700065321,0,07,000,00,1,2,01,A01
200700065322,0,33,000,00,2,4,01,B01
200700065322,0,15,000,00,2,5,02,A01
200700065323,0,07,000,00,2,4,23,B01
200700065323,0,13,000,00,2,3,02,A01
200700065324,0,33,000,00,2,8,01,A01
200700065324,0,07,000,00,2,7,01,B01
200700065325,0,07,000,00,2,3,05,A01
200700065325,0,33,000,00,2,1,13,B01
200700065326,0,07,000,00,1,2,02,A01
200700065327,0,07,000,00,2,1,15,A01
200700065327,0,33,000,00,2,1,02,B01
200700065328,0,10,000,00,2,1,10,B01
200700065328,0,33,000,00,2,8,01,A01
200700065329,0,33,000,00,2,7,01,A01
200700065329,0,14,000,00,2,8,01,B01
200700065330,0,32,000,00,1,1,01,A01
200700065331,0,07,000,00,2,2,00,A01
200700065331,0,33,000,00,2,1,01,B01
200700065332,1,07,000,00,1,0,00,A01
200700065333,0,33,000,00,2,1,02,B01
200700065333,0,07,000,00,0,5,10,A01
200700065334,0,07,000,00,2,8,24,A01
200700065334,0,02,000,00,2,1,01,B01
200700065335,0,10,000,00,2,3,01,B01
200700065335,0,02,000,00,2,1,01,A01
200700065336,0,02,000,00,0,3,01,A01
200700065336,0,07,000,00,0,7,18,B01
200700065337,0,33,000,00,2,7,01,B01
200700065337,0,07,000,00,2,1,01,A01
200700065338,0,33,000,00,2,1,01,B01
200700065338,0,07,000,00,2,8,15,A01
200700065339,0,07,000,00,1,1,01,A01
200700065340,0,01,000,00,0,1,02,A01
200700065340,0,07,000,00,0,1,02,B01
200700065341,0,32,000,00,2,3,18,A01
200700065341,0,07,000,00,2,2,16,B01
200700065342,0,07,000,00,1,1,01,A01
200700065343,0,07,000,00,0,2,00,A01
200700065343,0,07,000,00,0,8,15,B01
200700065344,0,30,000,00,2,1,17,A01
200700065344,0,07,000,00,2,3,13,B01
200700065345,0,07,000,00,2,1,02,A01
200700065345,0,07,000,00,2,4,02,B01
200700065346,0,37,000,00,2,1,01,B01
200700065346,0,10,000,00,2,7,01,A01
200700065347,0,30,000,00,2,7,01,B01
200700065347,0,10,000,00,2,3,15,A01
200700065348,0,07,000,00,1,2,15,A01
200700065349,0,33,000,00,2,1,01,B01
200700065349,1,07,000,00,2,5,12,A01
200700065350,0,31,000,01,0,1,02,A01
200700065351,0,32,000,00,2,1,18,A01
200700065351,0,10,000,00,2,5,01,B01
200700065352,0,07,000,00,1,2,16,A01
200700065353,0,07,000,00,1,4,20,A01
200700065354,0,31,000,00,2,0,21,B01
200700065354,0,07,000,00,2,0,20,A01
200700065355,0,07,000,00,2,6,01,B01