Num_Acc,senc,catv,occutc,obs,obsm,choc,manv,num_veh
200700065355,0,07,000,00,2,1,01,A01
200700065356,0,33,000,00,2,1,01,B01
200700065356,2,32,000,00,2,1,01,A01
200700065357,0,07,000,00,1,2,01,A01
200700065358,0,07,000,00,2,1,02,A01
200700065358,0,07,000,00,2,4,02,B01
200700065359,0,07,000,00,9,3,10,A01
200700065359,0,30,000,00,2,1,01,B01
200700065360,0,07,000,00,1,3,01,A01
200700065361,0,07,000,00,1,4,04,A01
200700065362,0,07,000,00,2,3,01,B01
200700065362,0,07,000,00,2,1,15,A01
200700065363,0,07,000,00,1,1,01,A01
200700065364,0,14,000,00,2,1,02,A01
200700065364,0,10,000,00,2,4,23,B01
200700065364,0,07,000,00,2,4,23,C01
200700065365,0,07,000,00,1,1,01,A01
200700065366,1,07,000,00,2,5,15,A01
200700065366,0,32,000,00,2,1,01,B01
200700065367,0,07,000,00,1,1,15,A01
200700065368,0,07,000,00,2,6,15,A01
200700065368,0,31,000,00,2,1,02,B01
200700065369,0,07,000,00,2,3,15,A01
200700065369,0,01,000,00,2,0,01,B01
200700065370,0,07,000,00,2,2,21,A01
200700065370,0,07,000,00,2,3,15,B01
200700065371,0,34,000,00,2,7,01,A01
200700065371,0,38,001,00,2,5,01,B01
200700065372,0,07,000,00,2,8,15,A01
200700065372,0,32,000,00,2,1,01,B01
200700065373,1,01,000,00,1,0,00,A01
200700065374,0,31,000,00,1,3,01,A01
200700065375,0,33,000,00,2,1,01,A01
200700065375,0,07,000,00,2,1,01,B01
200700065376,0,07,000,00,2,3,13,A01
200700065376,0,32,000,00,2,7,01,B01
200700065377,0,31,000,00,2,1,01,A01
200700065377,1,07,000,00,2,8,15,B01
200700065378,0,31,000,00,2,1,01,A01
200700065378,0,07,000,00,2,7,12,B01
200700065379,0,31,000,00,2,1,01,A01
200700065379,0,07,000,00,2,7,15,B01
200700065380,0,32,000,00,2,7,17,A01
200700065380,0,07,000,00,2,6,15,B01
200700065381,0,33,000,00,1,1,17,A01
200700065382,0,07,000,00,2,5,09,A01
200700065382,0,33,000,00,2,1,01,B01
200700065383,0,07,000,00,2,7,01,A01
200700065383,0,33,000,00,2,1,18,B01
200700065384,0,14,000,00,2,2,12,A01
200700065384,0,07,000,00,2,8,01,B01
200700065385,0,10,000,00,2,1,01,A01
200700065385,0,07,000,00,0,4,00,B01
200700065385,0,10,000,00,2,1,01,C01
200700065386,0,07,000,00,2,1,01,A01
200700065386,0,07,000,00,0,4,23,B01
200700065387,0,38,001,00,2,7,15,A01
200700065387,0,32,000,00,2,1,01,B01
200700065388,0,17,000,00,2,2,01,A01
200700065388,0,07,000,00,0,4,16,B01
200700065389,0,07,000,00,2,3,00,B01
200700065389,0,33,000,00,2,8,00,A01
200700065390,0,32,000,00,2,1,21,B01
200700065390,0,07,000,00,2,2,15,A01
200700065391,0,31,000,00,2,7,01,A01
200700065391,0,07,000,00,0,0,00,B01
200700065392,0,07,000,00,2,2,16,B01
200700065392,0,33,000,00,2,7,01,A01
200700065393,0,07,000,00,1,2,01,A01
200700065394,0,01,000,00,1,1,17,A01
200700065395,0,07,000,00,2,4,02,B01
200700065395,0,32,000,00,2,1,02,A01
200700065396,0,02,000,00,1,1,00,A01
200700065397,0,33,000,00,0,0,02,B01
200700065398,0,01,000,01,0,1,01,B01
200700065398,0,07,000,00,2,3,24,A01
200700065399,0,02,000,00,2,1,01,A01
200700065399,0,31,000,00,2,1,01,B01
200700065400,0,32,000,00,1,1,01,A01
200700065401,0,34,000,00,1,1,01,A01
200700065402,0,07,000,00,2,2,00,A01
200700065402,0,30,000,00,2,1,00,B01
200700065403,0,07,000,00,1,4,04,A01
200700065404,0,02,000,00,2,7,01,B01
200700065404,0,07,000,00,2,8,01,A01
200700065405,0,07,000,00,2,2,21,B01
200700065405,0,34,000,11,2,9,05,A01
200700065406,0,31,000,00,2,8,05,B01
200700065406,0,07,000,00,2,3,11,A01
200700065407,0,07,000,00,1,7,01,A01
200700065408,0,33,000,00,2,1,01,B01
200700065408,0,07,000,00,2,5,01,A01
200700065409,0,01,000,00,2,8,05,B01
200700065409,0,07,000,00,2,1,01,A01
200700065410,0,07,000,00,9,7,02,A01
200700065410,0,01,000,00,2,1,12,B01
200700065411,0,07,000,00,1,2,16,A01
200700065412,0,32,000,00,2,1,21,B01
200700065412,0,07,000,00,2,6,10,A01
200700065413,0,07,000,00,1,3,15,A01
200700065414,0,07,000,00,1,1,01,A01
200700065415,0,07,000,00,2,5,01,A01
200700065415,0,01,000,00,2,1,15,B01
200700065416,0,37,001,00,2,1,01,B01
200700065416,0,07,000,00,2,1,15,A01
200700065417,0,07,000,00,1,1,01,A01
200700065418,0,07,000,00,2,3,09,A01
200700065418,0,30,000,00,2,1,01,B01
200700065419,0,07,000,00,1,1,01,A01
200700065420,0,07,000,00,2,1,13,A01
200700065420,0,02,000,00,2,1,01,B01
200700065421,0,07,000,00,2,1,01,A01
200700065421,0,07,000,00,2,4,01,B01
200700065421,2,07,000,00,2,4,23,C01
200700065422,0,07,000,00,0,1,00,A01
200700065423,0,07,000,00,0,7,16,A01
200700065423,0,30,000,00,0,1,01,B01
200700065424,0,07,000,01,0,7,01,A01
200700065425,0,14,000,00,0,0,01,A01
200700065426,0,07,000,00,0,1,01,A01
200700065426,0,07,000,00,0,1,01,B01
200700065427,0,07,000,00,0,1,01,A01
200700065427,0,07,000,00,0,4,01,B01
200700065428,0,32,000,00,0,0,01,A01
200700065428,0,33,000,00,0,0,01,B01
200700065429,0,07,000,00,0,0,01,A01
200700065430,0,07,000,14,0,0,12,A01
200700065431,0,07,000,00,0,1,01,A01
200700065432,0,33,000,00,9,0,01,A01
200700065432,1,30,000,00,0,0,15,B01
200700065433,0,33,000,00,0,0,01,A01
200700065434,0,07,000,00,0,4,04,A01
200700065435,0,32,000,00,0,7,15,A01
200700065435,0,07,000,00,2,6,01,B01
200700065436,0,32,000,00,2,0,01,A01
200700065436,0,20,000,00,0,0,23,B01
200700065437,0,31,000,00,0,1,00,A01
200700065438,0,10,000,00,0,8,15,A01
200700065438,0,33,000,00,2,1,01,B01
200700065439,0,07,000,00,0,2,01,A01
200700065440,0,32,000,11,0,1,01,A01
200700065441,0,32,000,00,1,0,01,A01
200700065442,0,07,000,00,0,2,00,A01
200700065442,0,01,000,00,0,8,00,B01
200700065443,0,07,000,02,0,1,01,A01
200700065444,0,33,000,00,1,1,01,A01
200700065445,0,33,000,00,2,0,11,A01
200700065445,0,07,000,00,2,3,04,B01
200700065446,0,02,000,00,1,1,00,A01
200700065447,0,34,000,00,2,4,13,A01
200700065447,0,07,000,00,2,3,01,B01
200700065448,0,07,000,00,1,1,01,A01
200700065449,0,07,000,00,2,1,01,A01
200700065449,0,30,000,00,2,1,05,B01
200700065450,0,07,000,00,0,8,01,A01
200700065450,0,33,000,00,2,3,01,B01
200700065451,0,07,000,00,2,8,01,A01
200700065451,0,33,000,00,2,0,01,B01
200700065452,0,15,000,00,2,0,16,A01
200700065452,0,30,000,00,2,1,01,B01
200700065453,0,07,000,00,1,1,01,A01
200700065454,0,30,000,00,2,3,00,A01
200700065454,0,07,000,00,2,2,00,B01
200700065455,0,07,000,00,2,0,01,A01
200700065455,0,01,000,01,2,0,01,B01
200700065456,0,32,000,00,2,3,09,A01
200700065456,0,07,000,00,2,2,01,B01
200700065457,0,07,000,00,2,2,10,A01
200700065457,0,34,000,00,2,8,01,B01
200700065458,0,37,000,00,0,0,01,A01
200700065459,0,07,000,11,0,1,01,A01
200700065460,0,07,000,00,2,7,16,A01
200700065460,0,05,000,00,2,1,01,B01
200700065461,0,07,000,01,0,1,00,A01
200700065462,0,07,000,00,2,8,15,A01
200700065462,0,07,000,00,0,2,01,B01
200700065463,0,07,000,00,2,2,11,A01
200700065463,0,07,000,00,2,6,23,B01
200700065464,0,07,000,00,2,3,15,A01
200700065464,0,05,000,00,2,5,17,B01
200700065465,0,30,000,00,1,9,01,A01
200700065466,0,07,000,00,2,1,01,A01
200700065466,0,33,000,00,2,7,01,B01
200700065467,0,07,000,00,2,3,15,A01
200700065467,0,31,000,00,2,1,01,B01
200700065468,0,33,000,15,0,1,01,A01
200700065469,0,07,000,00,1,1,01,A01
200700065470,0,07,000,00,1,2,15,A01
200700065471,0,07,000,00,2,3,15,A01
200700065471,0,02,000,00,2,1,01,B01
200700065472,0,10,000,00,2,7,12,A01
200700065472,0,31,000,12,2,7,01,B01
200700065473,0,07,000,00,2,1,15,A01
200700065473,0,07,000,00,2,4,23,B01
200700065474,0,07,000,00,2,2,12,A01
200700065474,0,32,000,00,2,8,01,B01
200700065475,0,07,000,00,2,2,01,A01
200700065475,0,07,000,00,2,4,01,B01
200700065476,0,34,000,00,2,1,17,A01
200700065476,0,07,000,00,2,1,15,B01
200700065477,0,07,000,00,2,2,01,A01
200700065477,0,32,000,00,2,7,01,B01
200700065478,0,32,000,00,1,2,01,A01
200700065479,0,02,000,01,0,1,16,A01
200700065480,0,33,000,00,2,7,17,A01
200700065480,0,07,000,00,2,8,15,B01
200700065481,0,07,000,00,2,3,10,A01
200700065481,0,33,000,00,2,1,01,B01
200700065482,0,32,000,00,2,1,17,A01
200700065482,0,07,000,00,2,3,10,B01
200700065483,0,07,000,00,1,2,01,A01
200700065484,0,07,000,08,0,1,01,A01
200700065485,0,30,000,00,2,1,02,A01
200700065485,0,10,000,00,2,4,02,B01
200700065486,0,30,000,00,2,1,02,A01
200700065486,0,07,000,00,2,4,02,B01
200700065487,0,30,000,00,2,1,21,A01
200700065487,0,07,000,00,2,3,01,B01
200700065488,0,10,000,00,2,1,01,A01
200700065488,0,07,000,00,2,4,23,B01
200700065488,0,07,000,00,2,8,23,C01
200700065489,0,07,000,08,2,6,01,A01
200700065489,0,07,000,00,2,1,01,B01
200700065490,0,07,000,00,2,1,01,A01
200700065490,0,07,000,00,2,4,01,B01
200700065491,1,07,000,00,2,7,10,A01
200700065491,0,32,000,00,2,2,01,B01
200700065492,0,02,000,00,1,0,17,A01
200700065493,0,07,000,00,2,1,02,A01
200700065493,0,30,000,00,2,4,09,B01
200700065494,0,30,000,00,2,0,17,A01
200700065494,0,07,000,00,1,0,15,B01
200700065495,0,31,000,11,0,1,01,A01
200700065496,0,07,000,00,1,7,01,A01
200700065497,0,07,000,00,2,3,24,A01
200700065497,0,33,000,01,0,1,01,B01
200700065498,0,02,000,00,2,1,01,A01
200700065498,0,31,000,00,2,4,23,B01
200700065499,0,07,000,00,1,3,09,A01
200700065500,0,07,000,00,1,4,04,A01
200700065501,0,31,000,00,2,7,17,A01
200700065501,0,07,000,00,2,8,15,B01
200700065502,0,07,000,00,2,3,15,A01
200700065502,0,33,000,00,2,1,01,B01
200700065503,0,02,000,00,0,0,01,A01
200700065504,0,07,000,00,2,3,15,A01
200700065504,0,01,000,00,2,1,01,B01
200700065505,0,02,000,00,2,3,13,A01
200700065505,0,07,000,00,2,2,01,B01
200700065506,0,07,000,15,1,2,01,A01
200700065507,0,30,000,02,2,1,17,A01
200700065507,0,07,000,08,2,8,15,B01
200700065508,0,33,000,05,0,1,01,A01
200700065509,0,07,000,00,2,7,15,A01
200700065509,0,31,000,00,2,1,01,B01
200700065510,0,07,000,00,2,4,20,A01
200700065510,0,02,000,00,2,8,00,B01
200700065511,0,33,000,00,2,1,01,A01
200700065511,0,07,000,00,2,6,01,B01
200700065512,0,37,029,00,1,2,01,A01
200700065513,0,33,000,00,0,0,16,A01
200700065513,0,07,000,00,0,1,05,B01
200700065514,0,07,000,00,2,1,03,A01
200700065514,0,02,000,00,2,1,01,B01
200700065515,0,07,000,00,2,1,15,A01
200700065516,0,37,001,00,1,2,01,A01
200700065517,0,07,000,00,2,7,15,A01
200700065517,0,33,000,00,2,1,01,B01
200700065518,0,07,000,00,2,7,15,A01
200700065518,0,33,000,00,2,1,01,B01
200700065519,0,07,000,00,1,1,01,A01
200700065520,0,07,000,14,2,3,01,A01
200700065520,0,37,003,00,2,3,01,B01
200700065521,0,01,000,00,2,1,01,A01
200700065521,0,07,000,00,2,4,01,B01
200700065522,0,07,000,00,2,3,22,A01
200700065522,0,30,000,00,2,2,17,B01
200700065523,0,07,000,00,2,3,09,A01
200700065523,0,32,000,00,2,1,01,B01
200700065524,0,07,000,00,2,1,01,A01
200700065524,0,07,000,00,2,4,01,B01
200700065524,0,10,000,00,2,1,01,C01
200700065525,0,07,000,00,1,3,01,A01
200700065526,0,32,000,00,2,7,01,A01
200700065526,0,07,000,00,2,3,15,B01
200700065527,0,32,000,00,2,0,01,A01
200700065527,1,07,000,00,2,0,01,B01
200700065528,0,07,000,00,1,1,01,A01
200700065529,0,33,000,12,0,1,01,A01
200700065530,0,10,000,00,2,7,16,A01
200700065530,0,34,000,00,2,1,18,B01
200700065531,0,02,000,00,2,1,14,A01
200700065531,0,07,000,00,2,3,23,B01
200700065532,0,07,000,00,0,4,23,A01
200700065532,0,31,000,00,2,1,02,B01
200700065533,0,37,001,00,1,7,02,A01
200700065534,0,01,000,00,1,1,01,A01
200700065535,0,30,000,00,0,1,16,A01
200700065536,0,07,000,00,2,2,17,B01
200700065536,0,07,000,00,2,3,10,A01
200700065537,0,07,000,00,0,6,00,B01
200700065537,0,32,000,00,2,1,02,A01
200700065538,0,07,000,00,0,7,12,B01
200700065538,0,30,000,00,2,1,02,A01
200700065539,0,07,000,00,2,3,01,B01
200700065539,0,07,000,00,2,3,15,A01
200700065540,0,07,000,00,2,8,01,B01
200700065540,0,07,000,00,2,2,00,A01
200700065541,0,07,000,00,9,4,02,B01
200700065541,0,07,000,00,2,1,02,A01
200700065542,0,32,000,00,1,1,01,A01
200700065543,0,07,000,00,1,4,20,A01
200700065544,0,07,000,00,2,8,02,B01
200700065544,0,07,000,00,2,1,18,A01
200700065545,0,07,000,00,1,5,04,A01
200700065546,0,07,000,00,2,2,02,A01
200700065546,0,07,000,00,2,8,09,B01
200700065547,0,32,000,00,1,1,01,A01
200700065548,0,33,000,00,0,8,01,A01
200700065549,0,07,000,00,0,8,01,A01
200700065550,0,01,000,00,2,2,15,B01
200700065550,0,07,000,00,2,2,15,A01
200700065551,1,07,000,00,1,1,00,A01
200700065552,0,07,000,00,9,2,12,A01
200700065552,0,01,000,00,0,8,02,B01
200700065553,0,34,000,00,2,3,02,A01
200700065553,0,07,000,00,2,5,02,B01
200700065554,0,07,000,08,0,2,21,A01
200700065555,0,07,000,00,0,6,00,B01
200700065555,0,07,000,00,2,1,00,A01
200700065556,0,07,000,00,2,1,02,B01
200700065556,0,07,000,00,2,3,01,A01
200700065557,0,07,000,00,2,1,01,B01
200700065557,0,07,000,00,2,3,19,A01
200700065558,0,07,000,00,2,2,01,A01
200700065558,0,07,000,00,2,3,01,B01
200700065559,0,07,000,00,0,0,00,A01
200700065559,0,01,000,00,2,1,02,B01
200700065560,0,07,000,00,2,8,09,A01
200700065560,0,07,000,00,2,1,01,B01
200700065561,0,07,000,00,1,1,20,A01
200700065562,0,40,000,00,2,1,01,B01
200700065562,0,33,000,00,4,1,01,A01
200700065563,0,30,000,01,0,1,02,A01
200700065563,0,15,000,00,0,4,24,B01
200700065564,0,99,000,00,0,6,16,A01
200700065564,0,33,000,00,0,1,01,B01
200700065565,1,99,000,00,2,1,02,A01
200700065565,0,07,000,00,2,4,02,B01
200700065566,1,14,000,00,0,0,01,A01
200700065567,0,07,000,02,0,1,02,A01
200700065567,0,07,000,00,0,7,02,B01
200700065568,0,07,000,01,2,2,01,A01
200700065569,0,07,000,00,1,1,01,A01
200700065570,0,32,000,00,2,7,01,A01
200700065570,0,07,000,00,2,1,09,B01
200700065571,0,30,000,00,1,1,01,A01
200700065572,0,07,000,14,0,5,02,A01
200700065573,0,13,000,00,2,7,09,A01
200700065573,0,07,000,00,0,7,00,B01
200700065574,0,07,000,00,0,4,02,A01
200700065574,0,07,000,00,2,1,02,B01
200700065575,0,07,000,00,1,1,01,A01
200700065576,0,07,000,00,1,3,00,A01
200700065577,0,07,000,00,0,4,02,A01
200700065577,0,07,000,00,2,1,02,B01
200700065578,0,07,000,00,2,9,06,A01
200700065578,0,30,000,00,2,1,01,B01
200700065578,0,33,000,00,2,1,00,C01
200700065579,0,07,000,00,0,3,02,A01
200700065579,0,07,000,00,1,5,02,B01
200700065580,0,32,000,00,2,1,02,A01
200700065580,0,07,000,00,0,4,02,B01
200700065581,0,07,000,00,1,1,00,A01
200700065582,0,33,000,00,2,3,17,A01
200700065582,0,07,000,00,2,3,15,B01
200700065583,0,07,000,00,9,1,17,A01
200700065583,0,01,000,00,2,1,00,B01
200700065584,0,07,000,00,2,3,12,A01
200700065584,0,30,000,00,2,8,07,B01
200700065585,0,07,000,00,1,5,04,A01
200700065586,0,07,000,00,2,2,15,A01
200700065586,0,33,000,00,2,3,01,B01
200700065587,0,02,000,00,2,3,01,A01
200700065587,0,10,000,00,2,2,12,B01
200700065588,0,07,000,00,0,3,01,A01
200700065589,0,16,000,00,1,6,15,A01
200700065590,0,30,000,00,2,2,12,A01
200700065590,0,07,000,00,2,6,01,B01
200700065591,0,07,000,00,1,1,01,A01
200700065592,0,07,000,00,0,0,00,A01
200700065593,0,07,000,00,1,1,01,A01
200700065594,0,10,000,00,1,1,19,A01
200700065595,0,07,000,00,0,1,02,A01
200700065595,0,07,000,00,0,6,02,B01
200700065596,0,07,000,00,2,7,15,A01
200700065596,0,05,000,00,2,1,02,B01
200700065597,0,07,000,00,0,3,10,A01
200700065597,0,07,000,00,2,2,02,B01
200700065598,1,02,000,00,2,0,15,A01
200700065598,0,30,000,00,2,0,17,B01
200700065599,0,07,000,00,2,1,11,A01
200700065599,0,07,000,00,2,4,01,B01
200700065600,0,07,000,00,2,3,15,A01
200700065600,0,02,000,00,2,1,10,B01
200700065601,1,07,000,00,0,0,17,A01
200700065601,0,07,000,00,2,3,01,B01
200700065602,0,07,000,00,1,1,01,A01
200700065603,0,07,000,00,2,3,17,A01
200700065603,0,33,000,00,2,1,17,B01
200700065604,0,33,000,00,2,1,01,B01
200700065604,0,07,000,00,2,2,19,A01
200700065605,0,07,000,00,2,1,01,A01
200700065605,0,07,000,00,2,4,23,B01
200700065606,0,07,000,00,2,5,15,A01
200700065606,0,34,000,00,2,1,01,B01
200700065607,0,13,000,00,2,2,02,A01
200700065607,0,07,000,00,0,6,02,B01
200700065607,0,33,000,00,0,4,02,C01
200700065607,0,10,000,00,0,4,02,D01
200700065608,0,99,000,00,0,2,09,A01
200700065608,0,33,000,00,0,2,00,B01
200700065609,0,02,000,00,2,2,03,A01
200700065609,0,07,000,00,0,3,09,B01
200700065610,0,31,000,00,0,1,01,A01
200700065610,0,07,000,00,0,3,11,B01
200700065611,0,07,000,00,2,1,02,A01
200700065611,0,07,000,00,2,4,02,B01
200700065612,0,07,000,00,2,8,01,A01
200700065612,0,33,000,00,2,1,01,B01
200700065613,0,01,000,00,2,1,01,A01
200700065613,0,07,000,00,9,6,00,B01
200700065614,0,07,000,00,2,2,16,A01
200700065614,0,30,000,00,2,1,01,B01
200700065615,0,07,000,01,0,1,02,A01
200700065615,0,07,000,01,0,4,02,B01
200700065615,0,07,000,00,0,4,02,C01
200700065616,0,07,000,00,2,1,13,A01
200700065616,0,07,000,00,2,6,00,B01
200700065616,0,07,000,00,2,1,00,D01
200700065616,0,07,000,00,0,6,00,C01
200700065617,0,34,000,00,0,1,00,A01
200700065618,0,07,000,00,0,3,02,B01
200700065618,0,37,001,00,0,2,02,A01
200700065619,0,07,000,00,2,3,01,B01
200700065619,0,07,000,00,2,2,01,A01
200700065620,0,07,000,00,2,2,15,A01
200700065620,0,30,000,00,2,1,01,B01
200700065621,2,07,000,01,0,1,11,A01
200700065621,0,07,000,00,2,1,01,B01
200700065621,0,07,000,00,2,1,01,C01
200700065622,0,07,000,00,2,0,00,A01
200700065622,0,30,000,00,2,1,00,B01
200700065623,0,07,000,01,0,2,02,A01
200700065624,0,33,000,01,0,9,00,A01
200700065625,0,07,000,00,2,3,00,A01
200700065625,0,33,000,00,2,1,00,B01
200700065626,0,07,000,00,2,1,00,B01
200700065626,0,07,000,00,2,1,00,A01
200700065627,0,31,000,00,2,1,09,B01
200700065627,0,07,000,00,2,2,01,A01
200700065628,0,07,000,00,2,1,02,B01
200700065628,0,07,000,00,2,7,02,A01
200700065629,0,07,000,00,2,1,00,A01
200700065629,0,07,000,00,2,1,00,B01
200700065630,0,07,000,01,0,2,00,A01
200700065631,0,07,000,00,2,1,15,A01
200700065631,0,31,000,00,2,8,02,B01
200700065632,0,07,000,00,0,4,23,B01
200700065632,0,07,000,00,2,1,23,A01
200700065633,0,07,000,00,1,7,21,A01
200700065634,0,07,000,00,2,3,09,A01
200700065634,0,02,000,00,2,1,00,B01
200700065634,0,07,000,01,0,2,00,C01
200700065635,1,07,000,00,2,1,01,B01
200700065635,0,07,000,00,2,7,02,A01
200700065636,0,07,000,00,0,1,01,A01
200700065636,0,07,000,00,2,1,00,B01
200700065637,0,31,000,00,0,1,01,A01
200700065638,0,33,000,00,2,1,00,A01
200700065638,0,07,000,00,2,5,00,B01
200700065639,0,34,000,00,2,1,02,B01
200700065639,0,07,000,00,0,3,15,A01
200700065640,0,33,000,01,2,7,02,A01
200700065640,0,07,000,00,2,8,00,B01
200700065640,0,99,000,01,2,0,02,C01
200700065641,1,02,000,00,1,1,00,A01
200700065642,0,02,000,00,0,1,01,A01
200700065642,0,07,000,00,0,2,01,B01
200700065643,0,10,000,00,2,3,15,A01
200700065643,0,34,000,00,2,5,17,B01
200700065644,0,10,000,04,0,3,02,A01
200700065645,0,02,000,00,2,1,01,B01
200700065645,0,07,000,00,9,3,01,A01
200700065646,0,07,000,03,2,3,09,A01
200700065647,0,30,000,00,2,3,00,A01
200700065647,1,07,000,00,2,0,09,B01
200700065648,0,33,000,01,1,0,01,A01
200700065649,0,37,000,00,0,2,00,A01
200700065650,0,07,000,00,0,3,02,A01
200700065650,0,02,000,00,0,7,00,B01
200700065651,0,07,000,00,1,2,01,A01
200700065652,0,07,000,00,1,2,16,A01
200700065653,1,07,000,00,1,0,01,B01
200700065653,0,01,000,00,2,7,06,A01
200700065654,0,07,000,00,2,3,15,A01
200700065654,0,32,000,00,2,3,02,B01
200700065655,0,30,000,00,2,1,05,A01
200700065655,0,07,000,00,2,3,09,B01
200700065656,0,30,000,00,2,0,00,A01
200700065656,1,07,000,00,0,0,05,B01
200700065657,0,33,000,00,5,9,00,A01
200700065658,0,07,000,00,0,1,01,A01
200700065658,2,07,000,00,0,1,01,B01
200700065659,0,32,000,00,2,1,01,B01
200700065659,0,07,000,00,0,6,15,A01
200700065660,0,07,000,00,2,3,15,A01
200700065660,0,07,000,00,2,1,17,B01
200700065661,0,07,000,00,2,2,01,B01
200700065661,0,07,000,00,2,3,00,A01
200700065662,1,30,000,00,1,0,00,A01
200700065663,0,36,000,00,2,3,05,A01
200700065663,0,37,001,00,2,1,01,B01
200700065664,0,07,000,00,2,3,01,A01
200700065664,0,15,000,00,2,2,01,B01
200700065665,0,07,000,00,2,2,15,A01
200700065665,0,33,000,00,2,1,01,B01
200700065666,0,07,000,11,0,0,15,A01
200700065666,0,32,000,11,2,0,21,B01
200700065667,0,07,000,00,2,2,10,A01
200700065667,0,02,000,00,2,1,01,B01
200700065668,0,34,000,00,0,6,02,B01
200700065668,0,07,000,00,0,2,00,A01
200700065669,1,07,000,00,2,1,00,A01
200700065669,0,30,000,00,2,8,00,B01
200700065670,0,07,000,00,2,3,02,A01
200700065670,0,33,000,00,2,2,02,B01
200700065671,0,07,000,00,2,2,00,B01
200700065671,0,07,000,00,2,1,00,A01
200700065672,0,07,000,00,1,2,01,A01
200700065673,0,07,000,00,1,3,02,A01
200700065674,0,07,000,00,2,3,19,A01
200700065674,0,07,000,08,2,6,01,B01
200700065675,0,07,000,00,1,1,01,A01
200700065676,0,07,000,02,0,1,00,A01
200700065677,0,32,000,00,9,1,02,A01
200700065677,0,01,000,00,0,6,02,B01
200700065678,0,37,005,00,1,5,02,A01
200700065679,0,30,000,01,0,3,01,A01
200700065680,0,07,000,00,2,1,01,C01
200700065680,0,07,000,00,2,4,23,B01
200700065680,0,07,000,00,2,4,23,A01
200700065681,0,07,000,00,0,0,11,A01
200700065681,0,33,000,00,2,9,17,B01
200700065681,0,07,000,00,2,8,05,C01
200700065682,0,07,000,00,1,8,09,A01
200700065683,0,07,000,00,0,1,00,A01
200700065683,0,07,000,00,0,4,00,B01
200700065684,0,07,000,00,1,1,01,A01
200700065685,0,07,000,00,2,8,10,A01
200700065685,0,30,000,00,2,1,02,B01
200700065686,0,07,000,14,9,1,02,A01
200700065687,0,07,000,00,0,3,01,B01
200700065687,0,07,000,00,0,1,01,A01
200700065688,0,07,000,00,0,7,02,A01
200700065688,0,02,000,00,2,1,18,C01
200700065689,0,31,000,00,2,1,17,A01
200700065689,0,07,000,00,0,0,15,B01
200700065690,0,30,000,00,2,1,01,A01
200700065690,0,07,000,00,2,6,01,B01
200700065691,0,07,000,00,2,3,00,A01
200700065691,0,34,000,00,2,1,00,B01
200700065692,0,07,000,00,2,1,15,A01
200700065692,0,33,000,00,2,1,01,B01
200700065693,0,07,000,00,0,3,02,B01
200700065693,0,32,000,00,2,2,15,A01
200700065694,0,31,000,00,2,1,02,A01
200700065694,0,07,000,00,2,3,15,B01
200700065695,0,07,000,00,0,3,00,A01
200700065695,0,33,000,00,0,7,00,B01
200700065696,1,07,000,00,1,2,00,A01
200700065697,1,30,000,00,0,0,00,A01
200700065698,0,07,000,00,1,2,00,A01
200700065699,0,02,000,00,2,5,03,A01
200700065699,0,07,000,00,2,5,00,B01
200700065700,0,07,000,00,1,5,04,A01
200700065701,0,13,000,00,2,5,00,A01
200700065701,0,33,000,00,2,2,00,B01
200700065702,0,07,000,00,2,3,02,A01
200700065702,0,07,000,00,0,5,02,B01
200700065703,0,07,000,00,2,1,01,B01
200700065703,0,07,000,00,2,3,15,A01
200700065704,0,30,000,00,0,0,01,A01
200700065704,2,07,000,00,0,1,15,B01
200700065705,0,32,000,00,2,5,17,B01
200700065705,0,07,000,00,2,3,15,A01
200700065706,0,07,000,00,1,1,01,A01
200700065707,0,07,000,00,2,8,15,A01
200700065707,0,02,000,00,2,0,17,B01
200700065708,0,07,000,06,2,1,16,A01
200700065708,0,10,000,00,2,3,15,B01
200700065709,0,07,000,00,2,6,11,A01
200700065709,0,02,000,00,2,1,01,B01
200700065710,0,07,000,00,2,1,01,A01
200700065710,0,07,000,00,2,3,01,B01
200700065711,0,07,000,00,1,1,16,A01
200700065712,2,07,000,08,0,1,00,A01
200700065713,0,07,000,00,2,1,01,A01
200700065713,0,02,000,00,2,8,01,B01
200700065714,0,07,000,00,2,1,10,A01
200700065714,0,07,000,00,2,7,01,B01
200700065715,0,07,000,00,1,3,01,A01
200700065716,0,07,000,00,2,1,02,A01
200700065716,0,07,000,00,2,4,02,B01
200700065717,0,07,000,00,1,1,01,A01
200700065718,0,07,000,00,2,1,15,A01
200700065718,0,02,000,00,0,7,01,B01
200700065719,0,32,000,16,0,7,00,A01
200700065720,0,07,000,00,0,6,10,A01
200700065720,0,07,000,00,2,2,00,B01
200700065721,0,07,000,00,2,1,11,A01
200700065721,0,07,000,00,2,3,01,B01
200700065722,0,07,000,00,1,1,01,A01
200700065723,0,32,000,00,2,3,21,B01
200700065723,1,07,000,00,9,3,15,A01
200700065724,0,07,000,01,1,9,20,A01
200700065724,0,07,000,00,2,1,24,B01
200700065725,0,07,000,00,2,7,01,A01
200700065725,0,07,000,00,2,1,01,B01
200700065726,0,07,000,00,1,3,01,A01
200700065727,0,37,001,00,1,1,02,A01
200700065728,0,07,000,00,1,3,01,A01