Num_Acc,senc,catv,occutc,obs,obsm,choc,manv,num_veh
200700065729,0,01,000,00,0,0,00,B01
200700065730,0,07,000,00,0,0,00,A01
200700065731,0,07,000,00,2,4,02,C01
200700065731,0,07,000,00,2,4,01,B01
200700065731,0,07,000,00,2,1,02,A01
200700065732,0,34,000,00,0,1,01,B01
200700065732,0,07,000,00,0,2,15,A01
200700065733,0,33,000,00,2,7,17,B01
200700065733,0,07,000,00,2,3,11,A01
200700065734,0,07,000,00,1,7,01,A01
200700065735,0,07,000,00,0,1,00,B01
200700065735,1,07,000,00,0,0,00,A01
200700065736,0,07,000,00,2,2,01,A01
200700065736,0,07,000,00,2,2,09,B01
200700065737,0,07,000,00,0,4,00,B01
200700065737,0,07,000,00,2,1,02,A01
200700065738,0,07,000,00,1,2,09,A01
200700065739,0,07,000,01,0,3,21,B01
200700065739,0,02,000,01,2,1,17,A01
200700065740,0,33,000,00,2,1,02,B01
200700065740,0,07,000,00,0,5,21,A01
200700065741,0,07,000,00,1,2,01,A01
200700065742,0,07,000,00,0,0,02,B01
200700065742,0,32,000,00,2,8,00,A01
200700065743,0,15,000,00,0,5,02,A01
200700065743,0,07,000,00,0,3,02,B01
200700065744,0,07,000,14,0,1,01,A01
200700065744,0,07,000,00,0,1,15,B01
200700065745,0,30,000,00,2,1,01,A01
200700065745,0,10,000,00,2,3,15,B01
200700065746,0,10,000,00,1,1,15,A01
200700065747,0,31,000,00,2,1,01,A01
200700065747,0,07,000,00,2,2,01,B01
200700065748,0,02,000,00,1,1,03,A01
200700065749,0,10,000,00,0,1,00,A01
200700065749,0,10,000,00,2,1,05,B01
200700065750,0,07,000,00,2,1,02,A01
200700065750,0,07,000,00,0,2,01,B01
200700065750,0,07,000,00,0,3,01,C01
200700065751,0,32,000,00,1,0,02,A01
200700065752,0,33,000,00,2,2,01,A01
200700065752,0,07,000,00,2,3,10,B01
200700065753,0,33,000,00,1,1,01,A01
200700065754,0,07,000,00,1,2,00,A01
200700065755,0,07,000,00,1,0,01,A01
200700065756,0,32,000,00,2,1,00,A01
200700065756,1,07,000,00,2,0,00,B01
200700065757,0,07,000,00,2,1,01,A01
200700065757,0,01,000,00,0,8,01,B01
200700065758,0,07,000,00,2,2,15,B01
200700065758,0,33,000,00,2,1,00,A01
200700065759,0,07,000,00,2,1,02,A01
200700065759,0,07,000,00,2,4,02,B01
200700065759,0,07,000,00,2,4,02,C01
200700065760,0,07,000,01,2,4,02,A01
200700065760,0,07,000,01,0,4,04,B01
200700065761,0,07,000,00,2,2,00,A01
200700065761,0,07,000,00,0,4,00,B01
200700065762,0,17,000,00,9,5,09,A01
200700065762,0,01,000,00,2,1,19,B01
200700065763,0,07,000,00,2,3,09,A01
200700065763,0,02,000,00,2,1,17,B01
200700065764,0,07,000,06,0,2,00,A01
200700065765,0,32,000,00,2,8,12,A01
200700065765,0,07,000,00,2,2,12,B01
200700065766,0,07,000,00,1,1,01,A01
200700065767,0,33,000,00,9,1,02,A01
200700065767,0,01,000,00,0,4,02,B01
200700065768,0,07,000,00,2,5,02,B01
200700065768,0,07,000,00,2,1,02,A01
200700065769,0,07,000,00,2,2,09,A01
200700065769,0,33,000,00,2,1,02,B01
200700065770,0,07,000,00,1,2,01,A01
200700065771,0,10,000,00,0,7,15,A01
200700065771,0,02,000,00,2,1,01,B01
200700065772,0,07,000,00,2,3,15,A01
200700065772,0,30,000,00,0,7,01,B01
200700065773,0,37,003,00,2,7,17,A01
200700065773,0,01,000,00,2,8,01,B01
200700065774,0,33,000,00,2,7,05,A01
200700065774,0,15,000,00,2,2,01,B01
200700065775,0,07,000,00,1,3,01,A01
200700065776,0,33,000,12,2,6,18,A01
200700065776,0,07,000,00,2,1,15,B01
200700065777,0,07,000,01,0,1,02,A01
200700065778,0,07,000,00,2,3,01,B01
200700065778,0,07,000,00,2,3,13,A01
200700065779,0,02,000,00,2,8,16,A01
200700065779,0,07,000,00,2,1,01,B01
200700065780,0,07,000,00,1,1,01,A01
200700065781,0,07,000,00,2,4,23,A01
200700065781,0,07,000,00,2,9,23,B01
200700065781,0,07,000,00,2,1,01,C01
200700065782,0,07,000,00,1,4,04,A01
200700065783,0,07,000,00,2,1,01,A01
200700065783,0,07,000,00,2,8,02,B01
200700065784,0,07,000,00,2,3,15,A01
200700065784,0,31,000,00,2,3,01,B01
200700065785,0,07,000,01,0,6,04,A01
200700065785,0,07,000,00,2,5,23,B01
200700065786,0,07,000,14,0,1,02,A01
200700065786,0,07,000,00,2,4,02,B01
200700065787,0,34,000,00,2,7,17,A01
200700065787,0,13,000,00,2,3,01,B01
200700065788,0,07,000,00,2,3,15,A01
200700065788,0,34,000,00,2,3,01,B01
200700065789,0,07,000,00,2,1,01,A01
200700065789,0,07,000,00,2,4,01,B01
200700065790,0,07,000,00,2,1,02,A01
200700065790,0,07,000,00,2,1,02,B01
200700065790,0,07,000,00,0,4,02,C01
200700065791,0,07,000,00,2,1,02,A01
200700065791,0,07,000,00,0,4,02,B01
200700065792,0,02,000,00,2,1,02,A01
200700065792,0,07,000,00,2,5,02,B01
200700065793,0,07,000,00,2,2,19,A01
200700065793,0,30,000,00,2,6,01,B01
200700065794,0,07,000,00,2,3,01,B01
200700065794,0,07,000,00,2,2,01,A01
200700065795,0,33,000,00,2,1,01,A01
200700065795,0,07,000,00,2,3,15,B01
200700065796,0,07,000,00,2,3,02,A01
200700065796,0,07,000,00,2,5,01,B01
200700065797,0,07,000,00,0,3,00,A01
200700065797,0,07,000,00,0,5,00,B01
200700065798,0,07,000,00,2,1,01,B01
200700065798,0,07,000,00,2,2,15,A01
200700065799,0,07,000,00,2,1,15,A01
200700065799,0,30,000,00,2,6,01,B01
200700065800,1,07,000,00,1,1,01,A01
200700065801,0,07,000,00,2,1,16,A01
200700065801,0,07,000,00,2,1,01,B01
200700065802,0,07,000,00,2,3,19,A01
200700065802,0,33,000,00,2,1,01,B01
200700065803,0,07,000,00,2,6,15,A01
200700065803,0,33,000,00,2,1,01,B01
200700065804,0,07,000,00,9,2,10,A01
200700065804,0,02,000,00,2,3,01,B01
200700065805,0,34,000,00,2,8,00,A01
200700065805,0,07,000,00,0,4,01,B01
200700065806,1,07,000,00,2,0,00,A01
200700065806,0,07,000,00,2,2,00,B01
200700065807,0,07,000,00,0,3,00,A01
200700065807,0,02,000,00,0,1,00,B01
200700065808,0,10,000,00,2,2,02,A01
200700065808,0,07,000,00,0,4,23,B01
200700065809,0,07,000,00,1,2,01,A01
200700065810,0,07,000,00,1,3,01,A01
200700065811,0,07,000,06,1,2,16,A01
200700065812,0,07,000,00,2,3,15,A01
200700065812,0,32,000,00,2,3,01,B01
200700065813,0,07,000,00,9,0,00,A01
200700065813,0,31,000,00,2,1,15,B01
200700065814,0,07,000,00,2,7,01,A01
200700065814,0,10,000,00,2,1,01,B01
200700065815,0,30,000,00,1,1,01,A01
200700065816,0,30,000,00,1,8,23,A01
200700065817,0,32,000,00,2,0,01,B01
200700065817,0,07,000,00,2,5,00,A01
200700065818,0,07,000,00,2,3,02,B01
200700065818,1,07,000,00,2,1,02,A01
200700065819,0,30,000,00,2,1,05,A01
200700065819,0,07,000,00,2,2,00,B01
200700065820,0,07,000,00,9,1,02,A01
200700065821,0,07,000,00,2,3,02,A01
200700065821,0,07,000,00,2,3,02,B01
200700065821,0,07,000,00,2,3,02,C01
200700065822,0,33,000,00,2,1,02,A01
200700065822,0,07,000,00,2,3,02,B01
200700065823,0,33,000,00,2,2,00,B01
200700065823,0,07,000,00,2,8,00,A01
200700065824,0,32,000,00,1,1,02,A01
200700065825,0,07,000,00,2,3,15,A01
200700065825,0,02,000,00,0,1,00,B01
200700065826,0,33,000,00,2,2,02,A01
200700065826,0,07,000,00,2,2,02,B01
200700065827,0,02,000,00,0,0,17,A01
200700065827,0,07,000,00,9,1,15,B01
200700065828,0,10,000,00,2,2,02,A01
200700065828,0,07,000,00,2,3,02,B01
200700065829,0,07,000,00,2,1,01,B01
200700065829,0,07,000,00,2,3,15,A01
200700065830,0,07,000,00,1,1,01,A01
200700065831,0,07,000,00,2,2,02,A01
200700065831,0,07,000,00,2,3,15,B01
200700065832,0,01,000,00,0,1,02,A01
200700065832,0,07,000,00,0,5,23,B01
200700065833,0,07,000,11,0,1,21,A01
200700065834,0,33,000,13,0,1,00,A01
200700065835,0,33,000,00,2,1,01,A01
200700065835,0,07,000,00,2,4,01,B01
200700065836,1,07,000,00,2,4,00,A01
200700065836,0,07,000,00,2,1,00,B01
200700065837,0,33,000,00,0,0,00,A01
200700065838,0,07,000,00,1,1,01,A01
200700065839,0,34,000,00,0,0,00,A01
200700065840,0,01,000,00,0,0,00,A01
200700065841,0,01,000,00,0,0,00,A01
200700065841,0,07,000,00,0,0,00,B01
200700065842,0,07,000,00,0,0,00,A01
200700065842,0,34,000,00,0,0,00,B01
200700065843,0,33,000,00,0,7,02,A01
200700065844,1,07,000,00,2,1,02,A01
200700065844,0,31,000,00,2,4,02,B01
200700065845,0,07,000,00,2,6,10,A01
200700065845,0,33,000,00,2,7,02,B01
200700065846,0,07,000,00,0,0,00,A01
200700065847,0,32,000,00,0,7,02,A01
200700065848,0,07,000,00,2,3,15,A01
200700065848,0,31,000,00,2,2,15,B01
200700065849,0,07,000,00,0,2,15,A01
200700065849,0,07,000,00,2,8,02,B01
200700065850,0,07,000,00,9,2,02,A01
200700065850,0,01,000,00,0,4,02,B01
200700065851,0,07,000,00,2,2,02,A01
200700065852,0,07,000,00,9,1,02,A01
200700065852,0,01,000,00,0,0,19,B01
200700065853,0,07,000,03,0,9,01,A01
200700065854,0,07,000,00,2,2,15,A01
200700065854,0,01,000,00,2,8,14,B01
200700065855,0,07,000,00,2,2,12,A01
200700065855,0,33,000,00,2,3,00,B01
200700065856,0,30,000,00,2,7,11,A01
200700065856,0,07,000,00,0,3,01,B01
200700065857,0,07,000,00,1,1,00,A01
200700065858,0,07,000,00,2,1,00,A01
200700065858,0,07,000,00,2,3,00,B01
200700065859,0,07,000,00,2,9,00,A01
200700065860,0,07,000,00,0,0,00,A01
200700065860,0,07,000,00,0,0,00,B01
200700065861,0,02,000,00,0,0,00,A01
200700065861,0,07,000,00,0,0,00,B01
200700065862,0,07,000,00,2,1,00,A01
200700065862,0,07,000,00,2,4,00,B01
200700065863,0,33,000,00,1,1,00,A01
200700065864,0,33,000,00,2,0,00,A01
200700065864,0,07,000,00,2,1,00,B01
200700065864,0,07,000,00,2,1,00,C01
200700065865,0,07,000,00,2,1,00,A01
200700065866,0,07,000,00,2,1,01,A01
200700065866,0,34,000,00,2,1,01,B01
200700065867,0,07,000,00,1,0,00,A01
200700065868,0,07,000,00,1,0,01,A01
200700065869,0,07,000,00,2,1,15,A01
200700065869,0,07,000,00,2,6,01,B01
200700065870,0,01,000,00,2,1,01,A01
200700065870,0,07,000,00,2,2,01,B01
200700065871,0,33,000,00,0,7,01,A01
200700065872,0,07,000,00,1,1,01,A01
200700065873,0,34,000,00,2,0,00,B01
200700065873,0,07,000,00,2,1,15,A01
200700065874,0,32,000,01,0,1,21,A01
200700065875,0,01,000,00,2,3,02,A01
200700065876,0,15,000,00,1,4,04,A01
200700065877,0,07,000,00,2,1,15,A01
200700065877,0,33,000,00,2,8,01,B01
200700065878,0,07,000,00,2,1,01,A01
200700065878,0,07,000,00,2,4,00,B01
200700065879,0,07,000,00,2,4,23,A01
200700065879,0,33,000,00,2,1,01,B01
200700065880,0,07,000,00,2,2,16,A01
200700065880,0,30,000,00,2,3,01,B01
200700065881,1,07,000,00,2,8,01,A01
200700065881,0,33,000,00,2,7,01,B01
200700065882,0,07,000,00,2,7,10,A01
200700065882,0,33,000,00,2,8,01,B01
200700065883,0,07,000,00,2,1,02,A01
200700065883,0,30,000,00,2,7,16,B01
200700065884,0,30,000,01,0,1,03,A01
200700065885,0,07,000,00,1,1,16,A01
200700065886,0,07,000,00,1,2,17,A01
200700065887,0,07,000,00,2,6,10,A01
200700065887,0,33,000,00,2,1,01,B01
200700065888,0,07,000,00,2,1,01,A01
200700065888,0,07,000,00,2,4,01,B01
200700065888,0,07,000,00,2,4,01,C01
200700065889,0,33,000,00,2,3,02,A01
200700065889,0,07,000,00,2,6,15,B01
200700065890,0,07,000,00,2,2,10,A01
200700065890,0,33,000,00,2,1,01,B01
200700065891,0,07,000,00,1,1,01,A01
200700065892,0,07,000,12,0,2,01,A01
200700065893,0,07,000,15,0,2,01,A01
200700065894,0,07,000,02,2,1,01,A01
200700065894,0,07,000,00,2,1,01,B01
200700065895,0,02,000,00,2,7,00,A01
200700065895,0,07,000,00,2,3,00,B01
200700065896,0,34,000,00,2,7,03,A01
200700065896,0,07,000,00,2,8,15,B01
200700065897,0,01,000,00,0,0,01,A01
200700065898,0,99,000,14,0,0,01,A01
200700065899,0,30,000,00,0,1,01,A01
200700065899,0,07,000,00,0,4,23,B01
200700065900,0,33,000,00,2,2,12,A01
200700065900,0,07,000,00,2,3,02,B01
200700065901,0,07,000,00,2,3,10,A01
200700065901,0,34,000,00,2,1,02,B01
200700065902,0,07,000,00,2,1,01,A01
200700065902,0,33,000,00,2,4,01,B01
200700065902,0,07,000,00,2,4,01,C01
200700065903,0,31,000,00,2,1,17,A01
200700065903,0,07,000,00,2,3,15,B01
200700065904,0,07,000,00,2,6,09,A01
200700065904,0,33,000,00,2,7,01,B01
200700065905,0,33,000,15,2,7,21,A01
200700065905,0,10,000,00,0,0,15,B01
200700065906,0,07,000,00,2,1,00,A01
200700065906,0,07,000,00,2,7,00,B01
200700065907,0,33,000,00,0,1,01,A01
200700065908,0,31,000,01,0,1,18,A01
200700065909,0,07,000,00,1,1,01,A01
200700065910,0,30,000,00,2,1,11,A01
200700065910,0,10,000,00,2,3,01,B01
200700065911,0,10,000,00,1,1,01,A01
200700065912,0,07,000,00,2,2,01,B01
200700065912,1,10,000,00,2,0,12,A01
200700065913,0,07,000,00,0,0,15,A01
200700065913,0,30,000,00,0,0,07,B01
200700065914,0,33,000,00,0,2,01,B01
200700065914,0,07,000,00,0,3,13,A01
200700065915,0,33,000,00,2,8,01,A01
200700065915,0,07,000,00,2,4,01,B01
200700065916,0,07,000,00,9,3,01,A01
200700065916,0,32,000,00,2,9,03,B01
200700065917,0,07,000,00,2,3,06,A01
200700065917,0,31,000,00,2,1,01,B01
200700065918,0,07,000,00,1,0,20,A01
200700065919,0,10,000,00,2,8,11,A01
200700065919,0,33,000,00,2,9,01,B01
200700065920,0,07,000,00,2,1,01,A01
200700065920,0,32,000,00,2,4,23,B01
200700065921,0,10,000,00,1,0,01,A01
200700065922,0,07,000,00,9,8,15,A01
200700065922,0,34,000,00,2,9,17,B01
200700065923,0,30,000,00,9,1,01,A01
200700065923,0,31,000,00,9,4,15,B01
200700065924,0,07,000,00,2,1,02,A01
200700065924,0,07,000,00,2,4,01,B01
200700065925,0,07,000,00,2,1,10,A01
200700065925,0,31,000,00,2,3,09,B01
200700065926,0,10,000,01,2,1,09,A01
200700065926,0,07,000,00,2,6,09,B01
200700065926,0,07,000,00,2,8,00,C01
200700065927,0,30,000,00,2,1,01,A01
200700065927,0,07,000,00,2,3,01,B01
200700065928,0,33,000,00,1,1,01,A01
200700065929,0,07,000,00,1,3,15,A01
200700065930,0,33,000,00,2,1,02,A01
200700065930,0,07,000,00,2,4,02,B01
200700065931,0,07,000,00,2,1,15,A01
200700065931,0,31,000,00,2,8,01,B01
200700065932,0,07,000,00,2,1,01,B01
200700065932,0,07,000,00,2,9,01,A01
200700065933,0,34,000,00,1,8,02,A01
200700065934,0,07,000,00,2,2,15,A01
200700065934,0,02,000,00,2,3,01,B01
200700065935,0,01,000,00,1,0,01,A01
200700065936,0,07,000,00,2,7,01,A01
200700065936,0,01,000,00,2,1,19,B01
200700065937,0,02,000,00,2,9,01,A01
200700065937,0,07,000,00,2,3,01,B01
200700065938,0,07,000,00,2,2,15,A01
200700065938,0,01,000,00,2,1,01,B01
200700065939,0,07,000,00,2,2,01,A01
200700065939,0,02,000,00,2,1,01,B01
200700065940,0,33,000,00,2,8,02,A01
200700065940,0,07,000,00,2,4,23,B01
200700065941,0,07,000,00,2,3,01,B01
200700065941,0,38,001,00,2,1,01,A01
200700065942,0,07,000,00,2,2,01,A01
200700065942,0,34,000,00,2,8,01,B01
200700065943,0,07,000,00,1,3,01,A01
200700065944,1,04,000,00,1,0,00,A01
200700065945,0,31,000,00,2,1,17,A01
200700065945,0,07,000,00,2,1,01,B01
200700065946,0,30,000,00,2,2,01,B01
200700065946,0,07,000,00,2,1,01,A01
200700065947,0,07,000,00,2,2,09,A01
200700065947,0,33,000,00,2,7,01,B01
200700065948,0,07,000,00,2,1,02,A01
200700065948,0,10,000,00,2,1,02,B01
200700065948,0,07,000,00,0,4,02,C01
200700065949,0,07,000,00,1,3,00,A01
200700065950,0,35,000,00,0,0,10,A01
200700065951,0,07,000,00,0,1,02,A01
200700065951,0,07,000,00,2,4,00,B01
200700065952,0,07,000,00,2,1,00,A01
200700065952,0,14,000,00,2,0,00,B01
200700065953,1,07,000,00,2,5,00,A01
200700065953,0,30,000,00,2,2,00,B01
200700065954,0,30,000,00,2,1,00,A01
200700065954,0,07,000,00,9,0,00,B01
200700065955,0,07,000,00,2,7,14,A01
200700065955,0,31,000,00,2,2,17,B01
200700065956,0,07,000,01,0,7,01,A01
200700065956,0,07,000,00,2,8,24,B01
200700065957,0,07,000,00,2,3,01,B01
200700065957,0,10,000,00,2,1,15,A01
200700065958,0,07,000,01,0,3,15,A01
200700065958,0,30,000,01,0,0,17,B01
200700065959,0,07,000,00,0,0,09,A01
200700065959,0,34,000,00,0,0,00,B01
200700065960,1,02,000,00,9,0,00,A01
200700065960,0,01,000,00,2,4,13,B01
200700065961,0,07,000,00,0,6,23,A01
200700065961,0,33,000,01,0,1,12,B01
200700065962,0,07,000,00,2,1,15,A01
200700065962,0,30,000,00,2,1,00,B01
200700065963,0,02,000,00,2,1,17,A01
200700065963,0,13,000,00,2,3,15,B01
200700065964,0,07,000,00,2,4,20,B01
200700065964,0,02,000,00,2,1,01,A01
200700065965,0,07,000,00,2,2,01,B01
200700065965,0,07,000,00,2,7,15,A01
200700065966,0,07,000,00,0,4,01,B01
200700065966,0,07,000,01,0,1,01,A01
200700065967,0,07,000,00,0,0,11,B01
200700065967,0,33,000,08,2,1,11,A01
200700065968,0,07,000,00,1,1,01,A01
200700065969,0,37,001,00,0,0,01,A01
200700065970,0,07,000,00,2,1,01,B01
200700065970,0,13,000,00,2,8,10,A01
200700065971,0,07,000,00,0,7,15,A01
200700065971,0,31,000,00,0,7,01,B01
200700065972,0,07,000,11,2,2,11,A01
200700065972,0,07,000,00,2,1,01,B01
200700065973,0,07,000,00,1,1,01,A01
200700065974,0,07,000,00,2,3,09,A01
200700065974,0,31,000,00,2,1,01,B01
200700065975,1,02,000,00,1,1,01,A01
200700065976,0,07,000,00,2,1,15,A01
200700065976,0,02,000,00,2,0,00,B01
200700065977,1,07,000,00,2,3,17,A01
200700065977,0,07,000,00,2,3,01,B01
200700065978,0,34,000,00,2,3,01,B01
200700065978,0,07,000,00,2,3,10,A01
200700065979,0,02,000,00,2,1,17,A01
200700065979,0,07,000,00,2,3,09,B01
200700065980,0,07,000,00,2,3,09,A01
200700065980,0,30,000,00,2,2,17,B01
200700065981,0,30,000,12,0,7,01,A01
200700065982,0,01,000,01,0,1,01,A01
200700065983,0,07,000,00,2,1,10,A01
200700065983,0,07,000,00,2,3,01,B01
200700065984,0,07,000,00,2,1,01,A01
200700065984,0,30,000,00,2,4,02,B01
200700065985,0,32,000,12,0,1,01,A01
200700065986,0,07,000,00,1,2,01,A01
200700065987,0,02,000,00,2,2,17,A01
200700065987,0,07,000,00,2,3,15,B01
200700065988,0,30,000,00,2,3,17,A01
200700065988,0,07,000,00,2,3,23,B01
200700065989,0,02,000,00,0,0,01,A01
200700065989,1,07,000,00,0,0,00,B01
200700065990,0,07,000,00,1,1,01,A01
200700065991,0,02,000,00,1,1,01,A01
200700065992,0,33,000,00,2,1,01,A01
200700065992,0,07,000,00,2,0,15,B01
200700065993,0,33,000,11,0,1,17,A01
200700065994,0,07,000,03,2,1,01,A01
200700065994,0,07,000,00,2,1,15,B01
200700065995,0,07,000,00,2,1,17,A01
200700065995,0,07,000,00,2,1,01,B01
200700065996,0,31,000,00,1,2,03,A01
200700065996,0,07,000,00,0,2,23,B01
200700065997,0,07,000,00,2,1,02,A01
200700065997,0,07,000,00,2,1,02,B01
200700065997,0,07,000,00,2,4,01,C01
200700065997,0,07,000,00,2,4,02,D01
200700065998,0,14,000,00,2,4,04,A01
200700065999,0,07,000,00,2,2,15,A01
200700065999,0,33,000,00,2,1,01,B01
200700066000,0,07,000,00,1,1,01,A01
200700066000,0,01,000,00,2,1,16,B01
200700066001,0,07,000,00,9,8,13,A01
200700066001,0,01,000,00,2,8,01,B01
200700066002,0,07,000,00,1,1,01,A01
200700066002,0,07,000,00,1,3,23,B01
200700066003,0,07,000,00,2,7,15,A01
200700066003,0,33,000,00,2,1,01,B01
200700066004,0,07,000,00,2,3,01,B01
200700066004,0,07,000,00,2,2,01,A01
200700066005,0,31,000,00,2,0,09,A01
200700066005,0,07,000,01,0,3,01,B01
200700066006,0,07,000,00,1,2,01,A01
200700066006,0,01,000,00,2,3,05,B01
200700066007,0,07,000,00,2,3,23,B01
200700066007,0,07,000,00,2,3,16,A01
200700066008,0,33,000,00,0,0,01,A01
200700066008,0,07,000,00,0,0,01,B01
200700066009,0,33,000,00,2,1,02,A01
200700066009,0,07,000,00,2,3,02,B01
200700066010,0,07,000,00,1,3,01,A01
200700066011,1,07,000,00,2,0,02,A01
200700066011,0,02,000,00,2,1,02,B01
200700066012,0,07,000,00,2,2,01,A01
200700066012,0,07,000,08,2,8,01,B01
200700066013,0,99,000,00,2,1,00,A01
200700066013,0,35,000,00,2,1,00,B01
200700066014,0,07,000,00,2,3,02,A01
200700066014,0,02,000,00,2,8,15,B01
200700066015,0,07,000,00,1,1,01,A01
200700066016,0,07,000,00,1,6,04,A01
200700066017,0,07,000,00,1,0,00,A01
200700066018,1,99,000,00,2,0,00,A01
200700066018,0,01,000,00,2,4,02,B01
200700066019,0,30,000,00,2,1,18,A01
200700066019,0,07,000,00,2,2,02,B01
200700066020,0,07,000,00,2,4,02,B01
200700066020,0,10,000,00,2,4,02,C01
200700066020,0,07,000,00,2,1,02,A01
200700066021,0,07,000,00,2,1,01,A01
200700066021,0,07,000,00,2,8,01,B01
200700066022,0,07,000,00,1,1,01,A01
200700066023,0,10,000,04,0,1,01,A01
200700066024,0,07,000,00,2,8,01,B01
200700066024,1,07,000,00,2,1,01,A01
200700066025,0,10,000,00,2,7,02,A01
200700066025,0,01,000,00,2,0,02,B01
200700066026,0,07,000,00,2,1,02,A01
200700066026,0,07,000,00,2,4,02,B01
200700066027,0,07,000,00,2,1,01,B01
200700066027,0,07,000,00,2,8,16,A01
200700066028,0,07,000,00,1,0,00,A01
200700066029,0,30,000,00,2,0,02,A01
200700066029,1,07,000,00,2,4,10,B01
200700066030,0,07,000,00,9,1,01,A01
200700066030,0,02,000,00,2,8,00,B01
200700066031,0,33,000,00,0,0,00,A01
200700066032,0,33,000,00,2,0,00,A01
200700066032,0,07,000,00,0,0,00,B01
200700066033,0,07,000,00,1,4,04,A01
200700066034,0,30,000,01,0,8,02,A01
200700066035,0,01,000,00,9,8,01,B01
200700066035,0,37,000,00,9,8,00,A01
200700066036,0,07,000,00,9,8,10,B01
200700066036,0,30,000,00,2,1,01,A01
200700066037,0,33,000,00,0,0,00,A01
200700066038,0,33,000,00,2,0,00,A01
200700066039,0,07,000,00,1,8,01,A01
200700066040,0,33,000,00,9,3,00,A01
200700066040,0,14,000,00,9,2,01,B01
200700066041,0,07,000,00,9,3,00,A01
200700066041,0,32,000,00,9,1,01,B01
200700066042,0,33,000,00,0,0,00,A01
200700066043,0,33,000,00,9,4,00,B01
200700066043,0,33,000,00,9,1,01,A01
200700066043,0,07,000,00,9,3,00,C01
200700066044,0,07,000,14,0,3,00,A01
200700066045,0,07,000,08,0,3,01,A01
200700066046,0,07,000,03,2,1,01,A01
200700066046,0,07,000,00,2,1,01,B01
200700066047,0,07,000,00,2,1,16,A01
200700066047,0,07,000,00,2,1,23,B01
200700066048,0,07,000,00,1,1,01,A01
200700066049,0,33,000,00,1,1,01,A01
200700066050,0,07,000,01,0,1,15,A01
200700066050,0,10,000,00,2,1,00,B01
200700066051,0,10,000,00,0,0,01,A01
200700066051,0,02,000,08,0,1,01,B01
200700066052,0,10,000,00,2,3,10,A01
200700066052,0,30,000,00,2,1,01,B01
200700066053,0,07,000,00,2,6,10,A01
200700066053,0,31,000,00,2,1,01,B01
200700066054,0,07,000,00,2,2,10,A01
200700066054,0,02,000,00,2,8,17,B01
200700066055,0,07,000,00,1,2,01,A01
200700066056,0,31,000,00,0,0,00,A01
200700066057,0,07,000,00,2,1,15,A01
200700066057,0,31,000,00,2,2,01,B01
200700066058,0,07,000,00,1,5,01,A01
200700066059,0,07,000,00,2,2,16,A01
200700066059,0,01,000,00,2,1,01,B01
200700066060,0,07,000,00,2,3,09,A01
200700066060,0,30,000,00,2,1,01,B01
200700066061,0,07,000,00,2,3,02,A01
200700066061,0,07,000,00,2,4,02,B01
200700066062,0,07,000,00,1,1,01,A01
200700066063,0,07,000,00,2,3,01,A01
200700066063,0,07,000,00,2,4,01,B01
200700066064,0,02,000,00,2,1,01,A01
200700066064,0,07,000,00,2,3,09,B01
200700066065,0,31,000,00,2,2,12,A01
200700066065,0,07,000,00,2,3,01,B01
200700066066,0,07,000,00,0,1,04,A01
200700066067,0,31,000,00,2,2,01,A01
200700066067,0,07,000,00,2,2,16,B01
200700066068,0,07,000,00,2,3,10,A01
200700066068,0,02,000,00,2,1,17,B01
200700066069,0,02,000,00,2,1,00,A01
200700066069,0,07,000,00,2,4,00,B01
200700066070,0,07,000,00,2,2,16,A01
200700066070,0,31,000,00,2,6,16,B01
200700066071,0,07,000,00,2,1,01,A01
200700066071,0,02,000,00,2,4,01,B01
200700066072,0,30,000,00,2,1,13,A01
200700066072,0,07,000,00,2,2,01,B01
200700066073,0,07,000,00,2,2,01,A01
200700066073,0,07,000,00,2,6,01,B01
200700066074,0,31,000,00,2,7,01,B01
200700066074,0,07,000,00,2,3,15,A01
200700066075,0,33,000,00,1,1,01,A01
200700066076,0,07,000,00,2,3,23,C01
200700066076,0,07,000,00,2,1,15,A01
200700066076,0,02,000,00,2,2,17,B01
200700066077,0,07,000,08,0,1,01,A01
200700066078,0,07,000,08,0,1,01,A01
200700066079,0,07,000,00,1,2,01,A01
200700066080,0,07,000,00,2,1,01,B01
200700066080,0,07,000,00,2,8,09,A01
200700066081,0,10,000,00,2,2,01,A01
200700066081,0,01,000,00,2,8,01,B01
200700066082,0,33,000,00,1,2,01,A01
200700066083,0,07,000,00,2,1,01,A01
200700066083,0,07,000,00,2,6,02,B01
200700066084,0,07,000,00,2,3,15,A01
200700066084,0,02,000,00,2,1,01,B01
200700066085,0,07,000,00,2,1,02,A01
200700066085,0,07,000,00,2,4,23,B01
200700066085,0,07,000,00,2,4,23,C01
200700066086,0,30,000,00,1,1,01,A01
200700066087,0,30,000,08,2,5,01,A01
200700066087,1,07,000,00,2,3,18,B01
200700066088,0,07,000,00,2,2,16,A01
200700066088,0,32,000,00,2,8,07,B01
200700066089,0,07,000,01,2,4,01,A01
200700066089,0,07,000,00,2,2,01,B01
200700066090,0,07,000,00,1,2,01,A01
200700066091,0,33,000,00,2,8,02,A01
200700066091,0,07,000,00,2,7,12,B01
200700066092,0,13,000,00,2,2,12,A01
200700066092,0,07,000,00,2,9,02,B01