Num_Acc,senc,catv,occutc,obs,obsm,choc,manv,num_veh
200700066092,0,07,000,00,2,7,02,C01
200700066093,0,15,000,00,2,2,12,A01
200700066093,0,07,000,00,2,8,01,B01
200700066094,0,34,000,00,2,7,03,A01
200700066094,0,07,000,00,2,8,11,B01
200700066094,0,07,000,00,2,4,01,C01
200700066095,0,15,000,00,2,6,01,A01
200700066095,0,07,000,00,2,2,00,B01
200700066096,0,33,000,00,2,3,00,A01
200700066096,0,10,000,00,2,5,12,B01
200700066097,1,07,000,00,1,2,19,A01
200700066098,0,31,000,00,0,9,00,A01
200700066099,0,07,000,00,0,2,17,A01
200700066099,0,07,000,14,0,1,01,B01
200700066100,0,33,000,00,2,1,02,A01
200700066100,1,07,000,00,0,0,00,B01
200700066101,0,32,000,03,0,2,01,A01
200700066102,0,10,000,00,2,7,12,A01
200700066102,0,33,000,00,2,6,03,B01
200700066103,0,07,000,04,0,3,02,A01
200700066104,0,07,000,00,2,5,02,A01
200700066104,0,33,000,00,2,1,02,B01
200700066105,0,07,000,00,0,6,11,A01
200700066105,0,33,000,00,2,1,02,B01
200700066106,0,07,000,04,0,1,13,A01
200700066106,0,07,000,04,0,9,14,B01
200700066107,0,07,000,00,0,0,00,A01
200700066107,0,33,000,00,2,1,01,B01
200700066108,0,33,000,04,0,0,17,A01
200700066109,0,33,000,00,2,1,02,A01
200700066109,0,07,000,00,0,6,24,B01
200700066109,0,33,000,00,2,1,21,C01
200700066109,0,07,000,00,2,2,21,D01
200700066110,0,07,000,00,2,7,01,A01
200700066110,0,17,000,00,2,6,01,B01
200700066111,0,07,000,07,0,1,00,A01
200700066112,0,33,000,00,0,0,21,A01
200700066113,0,07,000,00,2,6,11,A01
200700066113,0,33,000,00,2,2,03,B01
200700066114,0,33,000,00,2,1,03,A01
200700066114,0,07,000,00,0,3,01,B01
200700066114,0,07,000,00,0,0,00,C01
200700066115,0,07,000,00,0,6,01,A01
200700066115,0,33,000,00,0,1,01,B01
200700066116,0,17,000,00,2,4,02,A01
200700066116,0,17,000,00,2,1,02,B01
200700066116,0,33,000,00,2,1,02,C01
200700066117,0,07,000,00,2,7,02,A01
200700066117,0,33,000,00,2,6,13,B01
200700066118,0,07,000,00,2,3,11,A01
200700066118,0,33,000,00,2,5,01,B01
200700066119,0,10,000,00,2,4,01,A01
200700066119,0,07,000,00,2,1,02,B01
200700066120,0,31,000,00,2,5,03,A01
200700066120,0,07,000,00,2,3,09,B01
200700066120,0,07,000,00,2,4,02,C01
200700066121,0,07,000,00,2,3,11,A01
200700066121,0,33,000,00,2,7,01,B01
200700066122,0,33,000,00,2,1,00,A01
200700066122,0,07,000,00,2,4,11,B01
200700066123,0,33,000,16,0,0,12,A01
200700066124,0,07,000,04,0,9,02,A01
200700066125,0,13,000,00,2,6,02,A01
200700066125,0,10,000,00,2,2,02,B01
200700066126,0,33,000,00,0,2,01,A01
200700066127,0,07,000,03,0,1,00,A01
200700066128,0,07,000,00,2,6,02,A01
200700066128,0,17,000,00,2,2,02,B01
200700066129,0,33,000,00,2,7,01,A01
200700066129,0,14,000,00,2,6,11,B01
200700066130,0,33,000,16,2,2,01,A01
200700066130,0,07,000,00,2,3,11,B01
200700066131,0,33,000,00,0,0,01,A01
200700066132,0,07,000,00,2,8,01,A01
200700066132,0,07,000,04,2,5,01,B01
200700066132,0,15,000,00,2,2,12,C01
200700066133,0,07,000,03,2,6,23,A01
200700066133,1,07,000,00,2,2,11,B01
200700066134,0,07,000,00,2,4,01,A01
200700066134,0,33,000,00,2,1,01,B01
200700066135,0,07,000,00,2,8,11,A01
200700066135,0,33,000,00,2,7,01,B01
200700066136,0,31,000,00,2,7,01,A01
200700066136,0,07,000,00,2,8,11,B01
200700066137,0,07,000,00,2,2,12,A01
200700066137,0,33,000,00,2,8,01,B01
200700066137,0,07,000,00,2,4,01,C01
200700066138,0,07,000,00,2,7,12,A01
200700066138,0,33,000,00,2,8,03,B01
200700066139,0,15,000,00,0,8,16,A01
200700066140,0,33,000,00,2,2,03,A01
200700066140,0,07,000,00,2,3,01,B01
200700066141,0,33,000,00,0,8,13,A01
200700066142,0,07,000,16,0,0,09,A01
200700066143,0,33,000,00,2,1,21,A01
200700066143,0,07,000,00,2,5,01,B01
200700066144,0,07,000,00,0,4,09,A01
200700066144,0,33,000,00,2,0,00,B01
200700066145,0,34,000,00,0,7,02,A01
200700066146,0,07,000,00,2,8,13,A01
200700066146,0,07,000,00,2,2,01,B01
200700066146,0,07,000,14,0,1,01,C01
200700066147,0,07,000,00,2,7,12,A01
200700066147,0,33,000,00,2,3,03,B01
200700066147,0,07,000,00,2,3,02,C01
200700066148,0,07,000,00,2,3,00,A01
200700066148,0,33,000,00,2,1,02,B01
200700066149,0,07,000,00,2,2,12,A01
200700066149,0,33,000,00,2,1,01,B01
200700066150,0,07,000,00,2,1,02,B01
200700066150,0,07,000,00,2,1,02,G01
200700066150,0,07,000,00,0,4,02,A01
200700066150,0,07,000,00,2,1,02,F01
200700066150,0,07,000,00,2,1,02,E01
200700066150,0,07,000,00,2,1,02,D01
200700066150,0,07,000,00,2,1,02,C01
200700066151,0,07,000,03,0,1,17,A01
200700066152,0,07,000,03,0,1,00,A01
200700066153,0,10,000,00,0,4,21,D01
200700066153,0,14,000,00,2,2,21,C01
200700066153,0,07,000,00,1,2,01,B01
200700066153,0,33,000,00,9,0,01,A01
200700066154,0,07,000,00,0,2,00,A01
200700066155,2,07,000,03,0,1,00,A01
200700066156,0,13,000,00,0,3,01,B01
200700066156,0,07,000,00,2,7,11,A01
200700066157,0,07,000,00,2,3,02,C01
200700066157,0,07,000,00,0,5,02,B01
200700066157,0,07,000,00,2,1,12,A01
200700066158,0,07,000,00,0,4,00,D01
200700066158,0,07,000,00,2,7,00,C01
200700066158,0,07,000,00,0,4,00,B01
200700066158,0,15,000,00,2,1,00,A01
200700066159,0,07,000,00,2,1,00,B01
200700066159,0,07,000,04,2,3,00,A01
200700066160,0,07,000,00,2,2,01,B01
200700066160,0,07,000,00,2,3,11,A01
200700066161,0,07,000,04,0,1,01,A01
200700066162,0,07,000,00,0,4,02,B01
200700066162,0,07,000,00,2,1,02,A01
200700066163,0,33,000,00,2,1,02,C01
200700066163,0,07,000,00,0,4,02,B01
200700066163,0,33,000,00,2,1,21,A01
200700066164,0,07,000,00,2,3,00,B01
200700066164,0,33,000,00,2,2,00,A01
200700066165,0,33,000,00,0,0,00,A01
200700066166,0,05,000,00,0,0,00,A01
200700066167,0,07,000,00,0,0,00,A01
200700066167,0,07,000,00,0,0,00,B01
200700066167,0,07,000,00,0,0,00,C01
200700066168,0,33,000,00,2,7,02,B01
200700066168,0,10,000,00,2,8,11,A01
200700066169,0,07,000,03,2,8,01,C01
200700066169,0,07,000,03,2,1,01,B01
200700066169,0,07,000,04,2,7,01,A01
200700066170,0,15,000,00,2,2,01,B01
200700066170,0,07,000,04,2,6,01,A01
200700066171,0,07,000,00,2,1,00,A01
200700066171,0,07,000,00,2,4,01,B01
200700066171,0,07,000,00,0,6,01,C01
200700066172,0,33,000,00,0,0,01,A01
200700066173,1,07,000,00,2,1,18,A01
200700066173,0,07,000,00,0,4,01,B01
200700066174,0,15,000,00,2,1,02,D01
200700066174,0,15,000,00,2,2,02,C01
200700066174,0,14,000,00,2,1,11,B01
200700066174,0,10,000,00,0,8,02,A01
200700066175,0,13,000,03,0,3,01,A01
200700066176,1,14,000,00,2,0,11,A01
200700066176,0,10,000,00,0,6,02,B01
200700066177,0,33,000,00,2,3,02,B01
200700066177,0,07,000,00,2,2,12,A01
200700066178,0,33,000,00,0,3,01,A01
200700066178,1,99,000,00,0,0,00,B01
200700066179,0,07,000,03,0,1,12,A01
200700066180,0,33,000,00,0,0,01,A01
200700066181,0,33,000,04,0,3,01,A01
200700066182,0,07,000,00,0,5,12,B01
200700066182,0,33,000,00,2,1,03,A01
200700066183,0,07,000,00,0,5,01,B01
200700066183,0,33,000,00,2,1,03,A01
200700066184,0,07,000,00,2,7,12,B01
200700066184,0,33,000,00,2,8,03,A01
200700066185,0,33,000,00,2,2,01,B01
200700066185,0,07,000,00,0,6,11,A01
200700066186,0,07,000,00,2,1,00,A01
200700066186,0,10,000,00,0,4,00,B01
200700066187,0,07,000,00,0,3,01,A01
200700066188,0,07,000,00,2,1,01,B01
200700066188,0,07,000,00,0,4,01,A01
200700066189,0,07,000,03,0,1,00,A01
200700066190,0,07,000,00,0,9,01,A01
200700066191,0,07,000,00,0,6,02,C01
200700066191,0,07,000,00,2,1,12,B01
200700066191,0,07,000,00,2,1,01,A01
200700066192,0,07,000,00,0,4,01,D01
200700066192,0,07,000,00,0,3,00,C01
200700066192,0,07,000,00,2,4,00,B01
200700066192,0,07,000,00,2,1,01,A01
200700066193,0,07,000,00,2,0,00,B01
200700066193,0,07,000,00,2,0,00,A01
200700066194,0,07,000,00,0,6,23,B01
200700066194,0,07,000,01,0,2,14,A01
200700066195,0,15,000,00,2,8,02,B01
200700066195,0,10,000,00,0,5,02,A01
200700066196,0,07,000,00,2,5,00,B01
200700066196,0,32,000,00,2,3,13,A01
200700066197,0,07,000,04,0,1,00,A01
200700066198,0,17,000,04,0,7,00,A01
200700066199,0,07,000,04,0,1,01,A01
200700066200,0,07,000,00,0,4,09,B01
200700066200,0,07,000,01,0,1,09,A01
200700066201,0,33,000,00,0,7,01,A01
200700066202,0,07,000,00,2,8,11,B01
200700066202,0,33,000,00,2,5,02,A01
200700066203,0,07,000,00,0,4,02,A01
200700066203,0,33,000,00,2,1,02,B01
200700066204,0,32,000,00,2,1,02,B01
200700066204,0,07,000,00,0,4,02,A01
200700066205,0,07,000,00,0,0,00,A01
200700066206,0,33,000,00,2,1,21,B01
200700066206,0,33,000,00,0,4,11,A01
200700066207,0,07,000,00,0,7,01,C01
200700066207,0,33,000,00,2,8,01,B01
200700066207,0,32,000,00,2,2,00,A01
200700066208,0,33,000,00,0,0,02,A01
200700066209,0,14,000,00,2,1,01,C01
200700066209,0,07,000,04,2,3,01,B01
200700066209,0,10,000,00,2,2,00,A01
200700066210,0,33,000,04,0,1,00,A01
200700066211,0,07,000,00,2,8,02,B01
200700066211,0,33,000,00,2,7,02,A01
200700066212,1,99,000,00,0,0,00,A01
200700066212,0,07,000,03,2,7,01,B01
200700066213,0,07,000,00,0,0,00,A01
200700066213,0,31,000,00,0,0,00,B01
200700066214,0,33,000,00,0,0,02,A01
200700066215,0,07,000,00,0,4,02,C01
200700066215,0,07,000,00,2,4,02,B01
200700066215,0,07,000,00,2,1,01,A01
200700066216,0,33,000,00,2,8,18,B01
200700066216,0,07,000,00,2,7,12,A01
200700066217,0,07,000,04,0,2,00,A01
200700066218,0,33,000,00,2,1,17,A01
200700066218,0,07,000,00,0,4,01,B01
200700066219,0,33,000,00,2,5,03,B01
200700066219,0,07,000,00,2,2,12,A01
200700066220,0,33,000,00,0,7,03,A01
200700066221,0,07,000,00,2,6,11,B01
200700066221,0,33,000,00,2,1,01,A01
200700066222,0,07,000,00,2,5,00,D01
200700066222,0,33,000,00,2,7,00,C01
200700066222,0,07,000,00,2,3,00,B01
200700066222,0,07,000,00,2,3,00,A01
200700066223,0,07,000,00,2,2,01,B01
200700066223,0,34,000,00,2,3,03,A01
200700066224,0,07,000,00,2,4,01,B01
200700066224,0,07,000,00,2,1,02,A01
200700066225,0,07,000,04,0,1,21,A01
200700066226,0,07,000,04,0,1,00,A01
200700066227,0,07,000,04,0,3,00,A01
200700066228,0,07,000,04,0,1,21,A01
200700066229,0,07,000,04,2,1,00,C01
200700066229,0,07,000,04,2,4,00,B01
200700066229,0,07,000,00,2,1,11,A01
200700066230,0,07,000,00,2,2,12,B01
200700066230,0,07,000,00,0,6,21,A01
200700066231,0,07,000,00,0,9,00,A01
200700066232,0,07,000,03,0,1,02,A01
200700066233,0,07,000,00,2,6,11,B01
200700066233,0,33,000,00,2,4,21,A01
200700066234,0,14,000,00,2,8,01,B01
200700066234,0,07,000,00,2,7,14,A01
200700066235,0,07,000,00,0,6,11,A01
200700066235,0,15,000,00,2,2,01,B01
200700066236,0,07,000,00,9,2,01,B01
200700066236,0,15,000,00,0,0,01,A01
200700066237,0,07,000,00,0,1,02,E01
200700066237,0,07,000,00,0,4,02,D01
200700066237,0,07,000,00,0,6,02,C01
200700066237,0,07,000,00,0,5,02,B01
200700066237,0,07,000,00,0,4,02,A01
200700066238,0,31,000,00,2,8,01,B01
200700066238,0,07,000,00,2,2,12,A01
200700066239,0,07,000,00,0,0,12,B01
200700066239,0,33,000,00,2,0,02,A01
200700066240,0,07,000,00,2,6,02,B01
200700066240,0,33,000,00,2,1,02,A01
200700066241,0,07,000,00,0,4,23,B01
200700066241,0,07,000,00,2,1,12,A01
200700066242,0,07,000,00,0,4,02,C01
200700066242,0,07,000,00,2,4,02,B01
200700066242,0,07,000,00,2,1,02,A01
200700066243,0,07,000,00,0,1,00,A01
200700066244,0,07,000,00,2,5,00,B01
200700066244,0,33,000,00,2,6,02,A01
200700066245,0,33,000,03,0,7,01,B01
200700066245,0,07,000,03,2,8,11,A01
200700066246,0,07,000,00,2,1,02,C01
200700066246,0,07,000,00,2,4,02,B01
200700066246,0,07,000,00,2,4,02,A01
200700066247,0,33,000,00,2,1,02,B01
200700066247,0,07,000,00,2,4,02,A01
200700066248,0,07,000,04,0,1,21,A01
200700066249,0,07,000,04,0,1,01,A01
200700066250,0,07,000,03,0,3,00,A01
200700066251,2,07,000,00,2,1,02,B01
200700066251,0,07,000,00,2,4,02,A01
200700066252,0,07,000,00,0,6,00,A01
200700066252,1,99,000,00,0,0,00,B01
200700066253,1,99,000,00,0,0,00,A01
200700066253,0,33,000,00,0,7,00,B01
200700066254,0,10,000,04,0,5,01,A01
200700066255,0,30,000,00,2,1,02,B01
200700066255,0,07,000,00,2,4,01,A01
200700066256,0,33,000,04,0,3,00,A01
200700066257,0,07,000,04,0,1,00,A01
200700066258,0,07,000,00,2,6,02,B01
200700066258,0,07,000,00,2,2,12,A01
200700066259,0,07,000,00,9,0,01,A01
200700066260,0,33,000,00,2,1,03,A01
200700066261,0,07,000,00,0,6,00,A01
200700066261,0,15,000,00,2,1,00,B01
200700066261,0,14,000,00,0,2,00,C01
200700066262,0,07,000,00,0,0,11,A01
200700066262,0,31,000,00,0,7,01,B01
200700066263,0,07,000,00,2,1,02,C01
200700066263,0,07,000,00,2,4,02,B01
200700066263,0,07,000,00,2,4,02,A01
200700066264,0,15,000,00,0,7,01,B01
200700066264,0,07,000,00,2,3,11,A01
200700066265,0,07,000,04,0,1,00,A01
200700066266,0,07,000,04,2,9,01,A01
200700066267,0,07,000,00,0,5,01,A01
200700066268,0,07,000,00,2,1,01,A01
200700066268,0,07,000,00,2,4,01,B01
200700066268,0,07,000,00,0,4,01,C01
200700066269,0,07,000,00,0,5,02,B01
200700066269,0,33,000,00,2,1,02,A01
200700066270,0,07,000,04,2,2,14,B01
200700066270,0,07,000,00,0,8,01,A01
200700066271,0,07,000,00,2,1,02,B01
200700066271,0,07,000,00,0,6,01,A01
200700066272,0,07,000,00,2,7,02,C01
200700066272,0,33,000,00,2,7,03,B01
200700066272,0,31,000,00,2,1,03,A01
200700066273,0,31,000,00,2,3,01,A01
200700066273,0,10,000,00,0,7,12,B01
200700066274,0,33,000,00,2,1,03,A01
200700066274,0,07,000,00,0,8,11,B01
200700066275,0,07,000,00,2,1,01,A01
200700066275,0,07,000,00,0,4,01,B01
200700066276,0,33,000,00,0,8,01,A01
200700066277,0,07,000,00,2,6,09,B01
200700066277,0,17,000,00,2,2,01,A01
200700066278,0,33,000,00,2,1,02,B01
200700066278,0,07,000,00,2,6,02,A01
200700066279,0,07,000,00,2,1,02,E01
200700066279,0,10,000,00,2,1,02,B01
200700066279,0,07,000,00,0,4,01,A01
200700066279,0,10,000,00,2,1,02,D01
200700066279,0,10,000,00,2,1,02,C01
200700066280,0,33,000,00,0,7,00,A01
200700066281,0,07,000,00,0,4,02,A01
200700066281,0,07,000,00,2,1,02,C01
200700066281,0,15,000,00,2,1,02,B01
200700066282,0,33,000,00,0,0,01,C01
200700066282,0,07,000,04,2,8,01,B01
200700066282,0,17,000,00,2,3,01,A01
200700066283,0,33,000,00,0,0,01,A01
200700066284,0,07,000,04,0,0,00,A01
200700066285,0,07,000,03,0,8,01,A01
200700066286,0,32,000,00,0,7,01,A01
200700066287,0,33,000,00,2,1,03,B01
200700066287,0,10,000,00,0,4,11,A01
200700066288,0,07,000,00,0,1,00,A01
200700066289,0,33,000,00,0,1,02,A01
200700066290,0,07,000,00,0,9,00,A01
200700066291,0,10,000,04,0,3,11,A01
200700066292,0,07,000,00,2,1,00,C01
200700066292,0,07,000,00,2,1,00,B01
200700066292,0,07,000,00,0,4,00,A01
200700066293,0,07,000,00,2,6,01,A01
200700066293,0,33,000,00,2,7,03,B01
200700066294,0,31,000,00,2,1,03,B01
200700066294,0,07,000,00,2,6,11,A01
200700066295,0,14,000,03,0,3,12,A01
200700066296,0,38,001,00,2,2,01,D01
200700066296,0,07,000,00,2,8,01,C01
200700066296,0,33,000,00,2,1,01,B01
200700066296,0,14,000,00,2,7,12,A01
200700066297,0,07,000,00,2,8,02,A01
200700066297,0,14,000,00,2,1,02,B01
200700066298,0,07,000,00,2,4,02,C01
200700066298,0,07,000,00,2,4,02,B01
200700066298,0,07,000,00,0,4,02,A01
200700066298,0,07,000,00,2,1,02,D01
200700066299,0,07,000,00,2,1,05,A01
200700066299,0,07,000,00,2,1,01,B01
200700066300,0,33,000,00,0,7,03,B01
200700066300,0,07,000,00,2,8,11,A01
200700066301,0,33,000,00,2,8,12,A01
200700066301,1,07,000,00,2,2,14,B01
200700066302,0,32,000,00,2,3,18,B01
200700066302,0,07,000,00,2,7,12,A01
200700066303,0,07,000,00,2,4,02,B01
200700066303,0,33,000,04,2,1,02,A01
200700066304,0,07,000,00,2,1,02,B01
200700066304,0,07,000,04,2,4,00,A01
200700066305,0,07,000,00,0,5,00,B01
200700066305,0,32,000,00,2,1,02,A01
200700066306,0,32,000,00,2,3,03,A01
200700066306,0,07,000,00,2,2,12,B01
200700066307,0,07,000,00,0,3,02,A01
200700066308,0,07,000,00,2,1,02,B01
200700066308,0,07,000,00,2,4,01,A01
200700066309,0,10,000,00,2,1,12,B01
200700066309,0,17,000,00,0,4,01,A01
200700066310,0,31,000,00,0,0,00,A01
200700066311,0,33,000,00,0,0,11,A01
200700066312,0,07,000,00,0,3,02,B01
200700066312,0,32,000,00,2,7,02,A01
200700066313,0,07,000,00,2,4,02,B01
200700066313,0,07,000,00,2,4,02,A01
200700066313,0,07,000,00,2,1,02,C01
200700066314,0,07,000,00,0,4,02,B01
200700066314,0,10,000,03,2,1,02,A01
200700066314,0,07,000,00,2,9,00,C01
200700066315,0,32,000,00,0,7,16,A01
200700066316,0,33,000,00,2,1,02,B01
200700066316,0,07,000,00,0,4,02,A01
200700066317,0,07,000,00,0,1,02,A01
200700066318,0,07,000,00,2,1,02,B01
200700066318,0,10,000,00,0,4,02,A01
200700066319,0,07,000,00,2,2,02,B01
200700066319,0,07,000,04,0,6,23,A01
200700066320,0,14,000,00,0,0,00,B01
200700066320,0,07,000,00,2,0,00,A01
200700066321,0,33,000,00,0,0,02,A01
200700066322,0,07,000,00,2,4,04,A01
200700066322,0,14,000,00,2,1,01,B01
200700066323,0,15,000,00,2,2,01,B01
200700066323,0,07,000,00,2,8,11,A01
200700066324,0,33,000,00,2,1,03,B01
200700066324,0,07,000,00,0,5,01,A01
200700066325,0,33,000,00,0,8,01,A01
200700066326,0,07,000,00,2,1,02,B01
200700066326,0,07,000,00,2,4,02,A01
200700066327,0,07,000,03,0,8,01,A01
200700066328,0,10,000,04,2,3,01,A01
200700066328,0,13,000,00,2,6,01,B01
200700066329,0,33,000,00,2,4,00,A01
200700066329,0,07,000,00,9,4,01,B01
200700066330,0,17,000,00,2,1,02,A01
200700066330,0,10,000,00,0,4,02,B01
200700066331,0,15,000,00,2,1,02,A01
200700066331,0,15,000,00,0,0,00,C01
200700066331,0,15,000,00,2,4,02,B01
200700066332,0,07,000,00,2,1,02,B01
200700066332,0,07,000,00,2,4,02,A01
200700066333,0,07,000,00,2,1,02,B01
200700066333,0,07,000,00,0,5,02,A01
200700066334,0,07,000,00,2,3,11,B01
200700066334,0,33,000,04,2,2,03,A01
200700066335,0,07,000,00,2,2,02,B01
200700066335,0,02,000,00,2,4,02,A01
200700066336,0,10,000,00,2,4,02,A01
200700066336,0,33,000,00,2,1,02,B01
200700066337,0,07,000,04,0,3,01,A01
200700066338,0,07,000,00,0,0,00,A01
200700066339,0,07,000,00,2,4,02,B01
200700066339,0,07,000,00,2,4,02,A01
200700066339,0,07,000,00,2,1,02,C01
200700066340,0,32,000,00,0,8,01,A01
200700066341,0,32,000,00,1,1,01,A01
200700066342,0,07,000,00,0,4,00,B01
200700066342,0,07,000,00,2,1,02,A01
200700066343,0,07,000,04,0,3,01,A01
200700066344,0,07,000,13,0,1,01,A01
200700066345,0,07,000,00,2,4,02,B01
200700066345,0,17,000,00,2,1,02,A01
200700066346,0,07,000,00,2,4,02,C01
200700066346,0,07,000,00,2,4,02,B01
200700066346,0,07,000,00,2,1,02,A01
200700066346,0,07,000,00,0,4,02,D01
200700066347,0,07,000,00,2,1,02,B01
200700066347,0,07,000,00,2,5,02,A01
200700066348,0,07,000,00,0,0,00,A01
200700066349,0,07,000,00,0,4,01,D01
200700066349,0,07,000,00,2,4,01,C01
200700066349,0,07,000,00,2,5,01,B01
200700066349,0,07,000,00,2,3,01,A01
200700066350,0,33,000,11,0,1,01,A01
200700066351,0,07,000,00,2,1,01,A01
200700066351,0,07,000,00,2,4,01,B01
200700066351,0,07,000,00,2,4,01,C01
200700066352,0,13,000,00,2,1,01,A01
200700066352,0,07,000,00,0,4,01,B01
200700066353,0,07,000,00,2,4,20,A01
200700066353,0,33,000,00,2,0,01,B01
200700066354,0,07,000,13,0,9,01,A01
200700066355,0,07,000,00,2,2,01,A01
200700066355,0,07,000,00,2,4,01,B01
200700066355,0,07,000,00,2,4,01,C01
200700066356,2,07,000,00,2,1,13,A01
200700066356,0,07,000,00,2,1,01,B01
200700066357,0,07,000,00,2,4,11,A01
200700066357,0,33,000,00,2,1,01,B01
200700066358,0,02,000,00,1,1,01,A01
200700066359,0,07,000,00,1,1,01,A01
200700066360,0,02,000,00,2,1,13,A01
200700066360,0,07,000,00,2,1,01,B01
200700066361,0,07,000,00,2,1,01,A01
200700066361,0,07,000,00,2,4,01,B01
200700066361,0,07,000,00,2,4,01,C01
200700066362,0,33,000,00,2,1,01,B01
200700066362,0,07,000,00,2,3,20,A01
200700066363,0,07,000,06,0,4,20,A01
200700066364,0,07,000,13,0,9,01,A01
200700066365,0,07,000,00,0,0,00,A01
200700066366,0,32,000,00,2,0,00,A01
200700066366,0,07,000,00,2,0,00,B01
200700066367,0,07,000,00,2,3,20,A01
200700066367,0,07,000,00,2,1,01,B01
200700066368,0,07,000,00,2,1,01,A01
200700066368,0,07,000,00,2,1,01,B01
200700066369,0,07,000,00,2,1,01,A01
200700066369,0,07,000,00,2,0,01,B01
200700066370,0,07,000,00,1,1,01,A01
200700066371,0,07,000,00,2,8,01,A01
200700066371,0,07,000,00,2,1,01,B01
200700066372,0,07,000,00,2,8,01,B01
200700066372,0,07,000,00,2,1,01,A01
200700066373,0,07,000,08,0,8,01,A01
200700066374,0,07,000,02,2,0,01,A01
200700066374,1,07,000,00,0,0,14,B01
200700066375,0,07,000,00,0,9,01,A01
200700066376,0,37,001,00,2,0,00,A01
200700066376,0,07,000,00,2,4,00,B01
200700066377,0,07,000,00,2,1,01,A01
200700066377,0,07,000,00,2,8,01,B01
200700066378,0,07,000,00,1,5,01,A01
200700066379,0,07,000,00,2,7,12,A01
200700066379,0,02,000,00,2,3,01,B01
200700066380,0,07,000,00,2,1,02,A01
200700066380,0,07,000,00,2,4,02,B01
200700066381,0,07,000,00,2,8,01,A01
200700066382,0,07,000,00,2,2,11,A01
200700066382,0,07,000,00,0,5,23,B01
200700066383,0,07,000,00,2,5,11,A01
200700066383,0,30,000,00,2,1,01,B01
200700066384,0,07,000,00,2,7,01,B01
200700066384,0,07,000,00,2,1,02,A01
200700066385,0,30,000,00,2,1,00,A01
200700066385,0,30,000,00,2,0,02,B01
200700066386,0,10,000,00,0,2,12,B01
200700066386,0,30,000,00,2,1,01,A01
200700066387,0,07,000,00,0,0,00,A01
200700066387,0,07,000,00,0,0,00,B01
200700066388,0,07,000,00,0,0,00,A01
200700066388,0,33,000,00,0,0,00,B01
200700066389,0,07,000,04,0,0,00,A01
200700066390,0,07,000,04,0,0,00,A01
200700066391,0,07,000,00,0,0,00,A01
200700066392,0,07,000,03,0,0,00,A01
200700066393,0,07,000,00,2,1,02,A01
200700066393,0,07,000,00,2,4,23,B01
200700066393,0,07,000,00,2,4,23,C01
200700066394,0,07,000,00,0,0,00,A01
200700066394,0,17,000,00,0,0,00,B01
200700066394,0,07,000,00,0,0,00,C01
200700066395,0,17,000,03,0,0,00,A01
200700066396,0,07,000,00,0,0,00,A01
200700066397,0,17,000,00,2,1,02,A01
200700066397,0,17,000,00,2,4,00,B01
200700066398,0,07,000,04,0,0,00,A01
200700066399,0,07,000,03,2,0,00,A01
200700066399,0,07,000,00,2,0,00,B01
200700066400,0,07,000,04,0,0,00,A01
200700066401,0,33,000,03,2,0,00,A01
200700066401,0,10,000,00,2,0,02,B01
200700066402,0,07,000,00,2,4,11,A01
200700066402,0,33,000,00,2,1,02,B01
200700066403,0,07,000,00,2,1,02,A01
200700066403,0,07,000,00,2,4,02,B01
200700066403,0,07,000,00,2,4,02,C01
200700066404,0,07,000,00,0,0,00,A01
200700066405,0,07,000,04,0,0,00,A01
200700066406,0,07,000,00,2,1,02,A01
200700066406,0,10,000,00,2,4,02,B01
200700066407,0,17,000,00,0,0,00,A01
200700066407,0,07,000,00,0,0,00,B01
200700066408,0,07,000,00,2,8,13,A01
200700066409,0,17,000,00,2,7,12,A01
200700066409,0,07,000,00,2,8,02,B01
200700066410,0,07,000,00,0,0,00,A01
200700066410,0,07,000,00,0,0,00,F01
200700066410,0,07,000,00,0,0,00,B01
200700066410,0,07,000,00,0,0,00,G01
200700066410,0,07,000,00,0,0,00,C01
200700066410,0,07,000,00,0,0,00,D01
200700066410,0,07,000,00,0,0,00,E01
200700066411,0,07,000,00,0,0,00,A01
200700066411,0,07,000,00,0,0,00,B01
200700066412,0,07,000,00,0,0,00,A01
200700066412,0,07,000,00,0,0,00,B01
200700066412,0,07,000,00,0,0,00,C01
200700066413,1,07,000,00,2,1,00,A01
200700066413,0,07,000,00,2,4,00,B01
200700066414,0,07,000,00,0,0,00,A01
200700066414,0,07,000,00,2,4,01,B01
200700066415,0,07,000,00,0,0,00,A01
200700066416,0,07,000,04,0,0,00,A01
200700066417,0,07,000,00,0,0,00,A01
200700066417,0,07,000,00,0,0,00,B01
200700066418,1,33,000,00,0,0,00,A01
200700066418,0,07,000,00,0,0,00,B01
200700066419,0,07,000,00,0,0,00,A01
200700066420,0,07,000,00,0,0,00,A01
200700066420,0,17,000,00,0,0,00,B01
200700066421,0,07,000,13,0,0,00,A01
200700066422,0,07,000,11,0,0,00,A01
200700066423,0,07,000,00,0,0,00,A01
200700066423,0,10,000,00,0,0,00,B01
200700066423,0,10,000,00,0,0,00,C01
200700066423,0,07,000,00,0,0,00,D01
200700066423,0,07,000,00,0,0,00,E01
200700066424,0,17,000,00,0,0,00,A01
200700066424,0,07,000,00,0,4,01,B01
200700066425,0,16,000,00,0,0,00,A01
200700066425,0,17,000,00,0,0,00,B01
200700066425,0,10,000,00,0,0,00,C01