Num_Acc,senc,catv,occutc,obs,obsm,choc,manv,num_veh
200700066426,0,07,000,00,2,1,00,A01
200700066426,0,07,000,00,2,4,00,B01
200700066427,0,17,000,00,0,0,00,A01
200700066427,0,33,000,00,0,0,00,B01
200700066427,0,07,000,00,0,0,00,C01
200700066428,0,07,000,00,2,7,00,A01
200700066428,0,07,000,00,2,8,00,B01
200700066429,0,07,000,11,0,0,00,A01
200700066430,0,07,000,04,0,0,00,A01
200700066431,0,17,000,00,0,0,00,A01
200700066431,0,07,000,00,0,0,00,B01
200700066432,0,33,000,00,0,0,00,A01
200700066432,0,07,000,00,0,0,00,B01
200700066433,0,07,000,00,0,0,00,A01
200700066434,0,07,000,00,0,0,00,A01
200700066434,0,07,000,00,0,0,00,B01
200700066435,0,33,000,00,0,0,00,A01
200700066435,0,07,000,00,0,0,00,B01
200700066436,0,07,000,00,0,0,00,A01
200700066436,0,07,000,00,0,0,00,B01
200700066437,0,07,000,13,0,0,00,A01
200700066438,0,07,000,00,2,1,00,A01
200700066438,0,07,000,00,2,4,00,B01
200700066439,0,17,000,00,2,7,00,A01
200700066439,0,07,000,00,2,8,00,B01
200700066440,0,07,000,01,0,0,00,A01
200700066440,0,07,000,00,2,0,00,B01
200700066441,0,07,000,01,0,1,01,A01
200700066441,0,07,000,06,2,1,24,B01
200700066441,0,07,000,00,2,4,24,C01
200700066442,0,01,000,00,1,1,01,A01
200700066443,0,01,000,00,2,5,01,A01
200700066443,0,07,000,00,2,1,01,B01
200700066444,0,33,000,00,2,0,01,A01
200700066445,0,02,000,00,1,1,01,A01
200700066446,0,40,000,00,1,1,01,A01
200700066447,0,02,000,00,2,1,16,A01
200700066447,0,07,000,00,2,2,01,B01
200700066448,0,37,030,00,2,2,01,B01
200700066448,0,10,000,00,2,1,01,A01
200700066449,0,32,000,01,2,1,01,A01
200700066449,0,07,000,00,2,8,03,B01
200700066449,0,07,000,00,2,5,24,C01
200700066450,0,32,000,00,2,1,07,A01
200700066450,0,07,000,00,2,6,15,B01
200700066451,0,07,000,00,1,1,01,A01
200700066452,0,32,000,00,1,1,01,A01
200700066453,0,07,000,00,2,7,01,A01
200700066453,0,02,000,00,2,1,01,B01
200700066454,0,07,000,00,2,1,05,A01
200700066454,0,31,000,00,2,1,01,B01
200700066455,0,07,000,00,2,1,01,A01
200700066455,0,07,000,00,2,6,01,B01
200700066456,0,07,000,00,2,1,01,A01
200700066456,0,07,000,00,2,7,01,B01
200700066457,0,07,000,00,2,1,01,A01
200700066457,0,07,000,00,2,4,01,B01
200700066458,0,07,000,00,2,7,01,A01
200700066458,0,07,000,00,2,1,01,B01
200700066459,0,07,000,00,1,2,01,A01
200700066460,0,31,000,00,1,1,01,A01
200700066460,0,07,000,00,2,1,01,B01
200700066461,0,07,000,07,2,1,01,A01
200700066461,0,07,000,07,2,1,01,B01
200700066462,0,07,000,00,2,1,01,A01
200700066462,0,07,000,00,2,3,01,B01
200700066463,0,07,000,00,2,1,12,A01
200700066463,0,07,000,00,0,4,23,B01
200700066464,0,07,000,00,2,1,01,B01
200700066464,0,31,000,00,2,3,19,A01
200700066465,0,07,000,04,0,1,02,A01
200700066466,0,07,000,04,0,3,02,A01
200700066467,0,05,000,00,2,7,12,A01
200700066467,0,07,000,04,0,8,02,B01
200700066468,0,07,000,00,2,1,02,A01
200700066468,0,07,000,00,2,4,02,B01
200700066468,0,07,000,00,2,4,02,C01
200700066469,0,17,000,00,0,3,02,A01
200700066470,0,17,000,00,2,2,14,A01
200700066470,0,10,000,03,0,6,02,B01
200700066471,0,07,000,04,0,1,02,A01
200700066472,0,07,000,04,0,1,02,A01
200700066473,0,14,000,00,2,3,02,A01
200700066473,0,10,000,00,2,2,02,B01
200700066474,0,07,000,03,2,1,02,A01
200700066474,0,07,000,00,2,7,02,B01
200700066475,0,05,000,00,0,7,02,A01
200700066476,0,07,000,00,2,1,02,A01
200700066476,0,07,000,00,2,4,02,B01
200700066477,0,07,000,00,2,6,02,C01
200700066477,0,07,000,00,2,4,02,B01
200700066477,0,14,000,00,2,1,02,A01
200700066478,0,15,000,00,2,2,02,A01
200700066478,0,14,000,00,2,6,02,B01
200700066479,0,07,000,00,2,3,02,A01
200700066479,0,10,000,00,2,1,02,B01
200700066480,0,10,000,04,2,1,02,A01
200700066480,0,07,000,00,0,3,02,B01
200700066481,0,05,000,00,2,1,02,A01
200700066481,0,07,000,00,2,4,11,B01
200700066481,0,07,000,00,2,8,02,C01
200700066482,0,05,000,00,2,1,02,A01
200700066482,0,07,000,00,0,5,02,B01
200700066483,0,07,000,00,2,8,12,A01
200700066483,0,14,000,00,2,1,02,B01
200700066484,0,05,000,00,0,8,02,A01
200700066485,0,05,000,00,2,1,02,A01
200700066485,0,07,000,00,0,6,02,B01
200700066486,0,07,000,00,2,3,11,A01
200700066486,0,05,000,00,0,2,02,B01
200700066487,0,05,000,00,2,3,02,A01
200700066487,0,10,000,00,2,7,12,B01
200700066488,0,07,000,00,2,7,02,A01
200700066488,0,15,000,00,2,3,02,B01
200700066489,0,17,000,00,2,2,12,A01
200700066489,0,07,000,04,2,6,02,B01
200700066490,0,07,000,00,2,1,02,A01
200700066490,0,10,000,00,2,4,02,B01
200700066490,0,07,000,00,2,6,02,C01
200700066491,0,07,000,04,0,1,02,A01
200700066492,0,07,000,00,2,2,02,A01
200700066492,0,07,000,00,2,6,02,B01
200700066492,0,07,000,00,2,1,02,C01
200700066492,0,07,000,00,2,4,02,D01
200700066493,0,07,000,00,2,6,09,A01
200700066493,0,15,000,00,2,2,02,B01
200700066493,0,07,000,00,2,5,02,C01
200700066493,0,10,000,15,2,1,02,D01
200700066494,0,17,000,00,2,2,12,A01
200700066494,0,07,000,04,0,6,02,B01
200700066495,0,07,000,00,2,1,02,A01
200700066495,0,07,000,00,0,4,02,B01
200700066496,0,07,000,00,0,4,01,B01
200700066496,0,07,000,00,1,1,02,A01
200700066497,0,07,000,00,2,1,02,D01
200700066497,0,10,000,00,2,4,23,C01
200700066497,0,10,000,00,2,4,23,B01
200700066497,0,10,000,00,0,4,23,A01
200700066498,0,07,000,00,2,1,02,C01
200700066498,0,07,000,00,2,4,23,B01
200700066498,0,07,000,00,0,4,23,A01
200700066499,0,07,000,03,2,6,09,C01
200700066499,0,07,000,00,2,3,13,B01
200700066499,0,07,000,03,2,2,21,A01
200700066500,0,15,000,00,2,5,21,B01
200700066500,0,07,000,00,0,6,09,A01
200700066500,0,17,000,00,2,1,21,C01
200700066501,0,17,000,00,2,2,17,A01
200700066501,0,10,000,03,2,3,01,B01
200700066502,0,07,000,01,0,1,09,A01
200700066502,0,17,000,00,0,6,00,B01
200700066503,0,07,000,03,2,3,17,A01
200700066503,0,07,000,13,2,3,00,B01
200700066504,0,15,000,00,2,2,12,A01
200700066504,0,07,000,00,0,6,01,B01
200700066505,0,33,000,00,2,1,21,A01
200700066505,0,07,000,00,0,5,14,B01
200700066505,0,07,000,00,0,8,14,C01
200700066506,0,33,000,00,2,1,01,A01
200700066506,0,07,000,00,0,2,12,B01
200700066507,0,07,000,03,2,5,12,A01
200700066507,0,07,000,03,0,3,01,B01
200700066508,0,32,000,00,2,1,01,A01
200700066508,0,07,000,00,2,6,20,B01
200700066509,0,07,000,00,1,7,01,A01
200700066510,0,07,000,01,2,8,01,A01
200700066510,0,07,000,00,2,1,01,B01
200700066511,1,07,000,00,2,0,00,A01
200700066511,0,01,000,00,2,0,01,B01
200700066512,0,07,000,00,1,4,04,A01
200700066513,0,07,000,00,1,3,15,A01
200700066514,0,33,000,00,2,1,01,A01
200700066514,0,07,000,00,2,3,15,B01
200700066515,0,37,025,00,1,2,01,A01
200700066516,0,07,000,00,2,7,15,A01
200700066516,0,33,000,00,2,1,01,B01
200700066517,0,10,000,00,2,1,15,A01
200700066517,0,07,000,00,2,1,01,B01
200700066518,0,07,000,00,2,1,01,B01
200700066518,0,07,000,08,2,1,16,A01
200700066519,0,07,000,00,2,3,15,A01
200700066519,0,02,000,00,2,1,00,B01
200700066520,0,07,000,00,2,2,15,A01
200700066520,0,01,000,00,2,1,02,B01
200700066521,0,07,000,00,1,1,01,A01
200700066521,0,07,000,00,2,1,01,B01
200700066522,0,40,000,00,1,2,02,A01
200700066523,0,07,000,00,2,1,15,A01
200700066523,0,07,000,00,2,8,01,B01
200700066524,0,07,000,00,1,1,01,A01
200700066525,0,07,000,00,2,4,04,A01
200700066525,0,07,000,00,2,1,01,B01
200700066526,0,07,000,01,2,1,17,A01
200700066526,0,07,000,00,2,8,20,B01
200700066527,0,07,000,00,1,1,01,A01
200700066528,0,02,000,00,2,1,01,B01
200700066528,1,07,000,00,2,4,04,A01
200700066529,0,07,000,00,0,1,02,A01
200700066529,0,07,000,00,2,0,02,B01
200700066530,0,37,027,00,1,1,01,A01
200700066531,0,07,000,01,2,1,01,A01
200700066531,0,07,000,00,2,8,01,B01
200700066532,0,33,000,00,2,1,08,A01
200700066532,0,07,000,00,2,2,15,B01
200700066533,0,02,000,00,2,1,07,A01
200700066533,0,07,000,00,2,6,15,B01
200700066534,0,07,000,00,2,8,15,A01
200700066534,0,33,000,00,2,1,01,B01
200700066535,0,02,000,00,2,8,15,A01
200700066535,0,07,000,00,2,0,15,B01
200700066536,0,07,000,00,2,1,01,A01
200700066536,0,07,000,00,2,2,01,B01
200700066537,0,07,000,00,4,1,01,A01
200700066537,0,40,000,00,2,1,01,B01
200700066538,0,07,000,00,0,4,00,A01
200700066538,0,07,000,00,2,4,02,B01
200700066538,0,07,000,12,2,1,02,C01
200700066538,0,07,000,00,2,1,02,D01
200700066539,0,07,000,00,0,1,01,A01
200700066540,0,07,000,04,0,2,01,A01
200700066541,0,07,000,04,0,2,00,A01
200700066542,0,07,000,00,2,2,01,A01
200700066542,0,07,000,00,0,8,01,B01
200700066543,0,07,000,00,0,2,21,A01
200700066543,0,07,000,04,2,4,02,B01
200700066544,0,10,000,00,0,9,00,A01
200700066545,0,07,000,00,2,1,12,A01
200700066545,0,07,000,00,2,2,01,B01
200700066546,0,13,000,00,2,1,02,A01
200700066546,0,15,000,00,0,4,02,B01
200700066547,0,07,000,00,2,7,12,A01
200700066547,0,07,000,03,0,6,01,B01
200700066548,0,07,000,00,2,1,02,A01
200700066548,0,07,000,04,0,4,02,B01
200700066549,0,33,000,00,0,1,02,A01
200700066550,0,10,000,00,2,1,02,A01
200700066550,0,10,000,00,2,4,02,B01
200700066550,0,07,000,00,2,1,02,C01
200700066551,0,07,000,00,2,1,01,A01
200700066551,0,07,000,00,0,4,23,B01
200700066552,0,07,000,00,2,1,02,A01
200700066552,0,07,000,00,2,4,09,B01
200700066552,0,07,000,00,2,5,01,C01
200700066553,0,15,000,00,0,1,02,A01
200700066553,0,07,000,00,0,4,02,B01
200700066554,0,15,000,00,2,2,14,A01
200700066554,0,07,000,04,2,3,00,B01
200700066555,0,07,000,00,2,3,02,A01
200700066555,0,10,000,00,0,4,02,B01
200700066556,0,10,000,00,2,1,12,A01
200700066556,0,07,000,00,0,4,00,B01
200700066556,0,07,000,00,0,0,00,C01
200700066557,0,07,000,01,0,3,02,A01
200700066557,0,15,000,00,0,4,02,B01
200700066558,0,07,000,00,2,2,01,A01
200700066558,0,07,000,00,2,6,11,B01
200700066559,0,33,000,00,0,1,12,A01
200700066560,0,14,000,00,2,1,02,A01
200700066560,0,07,000,00,0,4,02,B01
200700066561,0,07,000,00,2,1,02,A01
200700066561,0,07,000,00,0,4,02,B01
200700066562,0,07,000,00,2,1,01,A01
200700066562,0,07,000,00,0,8,00,B01
200700066563,0,10,000,00,0,1,00,A01
200700066563,0,07,000,00,2,5,00,B01
200700066563,0,07,000,00,2,6,00,C01
200700066564,0,07,000,00,2,2,12,A01
200700066564,0,07,000,00,2,6,01,B01
200700066565,0,10,000,14,0,1,14,A01
200700066566,0,07,000,00,2,1,01,A01
200700066566,0,07,000,00,2,4,01,B01
200700066566,0,07,000,00,2,4,01,C01
200700066566,0,07,000,00,2,4,01,D01
200700066567,0,07,000,00,2,1,02,A01
200700066567,0,07,000,00,2,2,02,B01
200700066567,0,07,000,00,2,6,23,C01
200700066567,0,07,000,00,2,5,02,D01
200700066567,0,07,000,00,9,5,23,E01
200700066568,0,07,000,00,2,1,01,A01
200700066568,0,07,000,00,0,4,02,B01
200700066569,0,07,000,00,2,2,14,A01
200700066569,0,07,000,04,0,8,01,B01
200700066570,0,07,000,00,2,1,00,A01
200700066570,0,07,000,00,0,6,01,B01
200700066571,0,07,000,00,2,1,02,A01
200700066571,0,07,000,00,2,4,02,B01
200700066571,0,07,000,00,0,0,00,C01
200700066572,0,07,000,00,2,6,01,A01
200700066572,1,07,000,00,0,0,00,B01
200700066573,0,07,000,04,2,1,17,A01
200700066573,0,07,000,00,2,1,01,B01
200700066574,0,33,000,00,2,3,01,B01
200700066574,0,07,000,00,2,7,16,A01
200700066575,0,10,000,04,0,1,00,A01
200700066576,0,33,000,00,2,1,03,A01
200700066576,0,07,000,00,0,5,00,B01
200700066577,0,07,000,04,0,3,00,A01
200700066578,0,07,000,16,0,2,15,A01
200700066578,0,37,050,00,0,3,01,B01
200700066579,0,99,000,00,0,0,00,A01
200700066580,0,07,000,00,2,3,11,B01
200700066580,0,30,000,00,2,2,01,A01
200700066581,0,07,000,00,2,2,01,B01
200700066581,0,07,000,00,2,3,09,A01
200700066582,0,07,000,00,2,1,02,A01
200700066582,0,10,000,00,2,4,02,B01
200700066583,0,07,000,00,0,7,01,A01
200700066583,0,30,000,00,0,8,01,B01
200700066584,0,17,000,00,2,7,12,A01
200700066584,0,32,000,00,0,8,01,B01
200700066585,0,33,000,00,2,1,01,A01
200700066585,0,07,000,00,2,0,01,B01
200700066586,0,07,000,00,2,2,02,A01
200700066586,0,07,000,00,0,5,02,B01
200700066587,0,07,000,00,2,4,02,B01
200700066587,0,10,000,00,2,1,01,C01
200700066587,0,07,000,00,2,7,02,D01
200700066587,0,07,000,14,0,0,02,E01
200700066587,0,07,000,00,0,0,00,F01
200700066587,0,07,000,00,2,4,02,A01
200700066588,0,07,000,00,0,1,00,A01
200700066588,0,10,000,00,0,9,00,B01
200700066588,0,07,000,00,0,4,00,C01
200700066589,0,33,000,00,2,3,03,A01
200700066589,0,07,000,00,0,5,00,B01
200700066589,0,07,000,00,2,2,21,C01
200700066590,0,07,000,00,2,1,02,A01
200700066590,0,07,000,00,2,4,02,B01
200700066590,0,07,000,00,2,4,02,C01
200700066591,0,33,000,00,2,7,03,A01
200700066591,0,07,000,00,2,8,11,B01
200700066592,0,07,000,04,0,0,01,A01
200700066592,0,07,000,00,2,7,12,B01
200700066592,0,07,000,00,2,8,01,C01
200700066593,0,07,000,00,0,6,23,A01
200700066593,0,32,000,00,2,1,21,B01
200700066594,0,07,000,03,0,3,13,A01
200700066595,0,07,000,15,0,1,14,A01
200700066596,0,07,000,03,0,1,21,A01
200700066597,0,07,000,00,0,1,01,A01
200700066597,0,07,000,00,0,4,02,B01
200700066597,0,10,000,00,0,4,01,C01
200700066598,0,07,000,00,2,2,02,A01
200700066598,1,07,000,00,2,2,02,B01
200700066599,0,07,000,00,2,2,00,A01
200700066599,0,07,000,00,0,6,01,B01
200700066599,0,07,000,00,0,4,02,C01
200700066600,0,33,000,00,1,4,00,A01
200700066600,1,07,000,00,0,0,00,B01
200700066601,0,07,000,00,0,2,12,A01
200700066601,0,31,000,00,2,1,00,B01
200700066602,0,07,000,00,2,7,12,A01
200700066602,0,34,000,00,2,3,01,B01
200700066603,0,07,000,04,0,5,01,A01
200700066604,0,07,000,00,2,8,01,A01
200700066604,0,07,000,00,2,4,01,B01
200700066605,0,07,000,00,0,4,02,A01
200700066605,0,10,000,00,2,1,02,B01
200700066606,0,07,000,04,0,1,01,A01
200700066607,0,07,000,03,2,8,01,A01
200700066608,0,07,000,04,0,1,12,A01
200700066609,0,07,000,03,0,1,19,A01
200700066610,0,07,000,00,2,1,01,A01
200700066610,0,07,000,00,2,1,01,B01
200700066611,0,07,000,00,0,3,11,A01
200700066611,0,33,000,00,2,7,00,B01
200700066612,0,07,000,00,2,2,19,A01
200700066612,0,07,000,00,2,1,01,B01
200700066613,0,07,000,00,0,8,01,A01
200700066614,0,07,000,04,0,3,01,A01
200700066615,0,33,000,00,2,8,01,A01
200700066616,0,07,000,00,0,4,02,A01
200700066616,0,07,000,00,2,1,02,B01
200700066617,0,07,000,00,0,5,02,A01
200700066617,0,07,000,00,2,1,02,B01
200700066618,0,07,000,00,0,4,02,A01
200700066618,0,10,000,00,2,1,02,B01
200700066619,0,07,000,00,0,0,00,A01
200700066619,0,07,000,00,0,0,00,B01
200700066619,1,07,000,00,1,3,00,C01
200700066620,0,07,000,00,2,3,05,A01
200700066620,0,07,000,00,2,6,00,B01
200700066621,0,07,000,03,0,1,13,A01
200700066621,0,07,000,01,0,1,21,B01
200700066622,0,07,000,03,0,1,00,A01
200700066623,0,07,000,00,2,7,01,A01
200700066623,0,32,000,00,2,3,11,B01
200700066624,0,07,000,00,0,4,01,A01
200700066624,0,07,000,00,2,4,01,B01
200700066624,0,07,000,00,2,1,02,C01
200700066625,0,07,000,00,0,4,01,A01
200700066625,0,15,000,00,2,1,01,B01
200700066626,0,07,000,03,0,3,11,A01
200700066627,0,07,000,04,0,1,11,A01
200700066628,0,07,000,00,0,4,01,A01
200700066628,0,07,000,00,2,1,02,B01
200700066628,0,07,000,00,2,1,02,C01
200700066629,0,07,000,00,0,4,01,A01
200700066629,1,99,000,00,0,0,00,B01
200700066630,0,07,000,00,0,4,01,A01
200700066630,0,07,000,00,0,6,23,B01
200700066630,0,07,000,00,2,4,01,C01
200700066630,0,07,000,00,2,4,01,D01
200700066630,0,10,000,00,2,1,01,E01
200700066631,0,07,000,00,2,7,01,A01
200700066631,1,10,000,00,2,8,13,B01
200700066632,0,10,000,00,0,0,01,A01
200700066632,0,10,000,03,0,8,01,B01
200700066633,0,07,000,00,2,4,02,A01
200700066633,0,07,000,00,0,4,02,B01
200700066633,0,07,000,00,2,1,02,C01
200700066634,0,07,000,00,0,7,13,A01
200700066635,0,07,000,04,0,8,02,A01
200700066636,0,33,000,00,2,7,03,A01
200700066636,0,07,000,00,2,2,01,B01
200700066636,1,07,000,00,0,0,00,C01
200700066637,0,10,000,00,0,4,01,A01
200700066637,0,07,000,00,2,4,01,B01
200700066637,0,07,000,00,2,1,02,C01
200700066638,0,07,000,03,0,8,01,A01
200700066639,0,07,000,00,0,4,01,A01
200700066639,0,07,000,00,2,4,02,B01
200700066639,0,07,000,00,2,4,02,C01
200700066639,0,07,000,00,2,1,02,D01
200700066640,0,07,000,00,0,4,02,A01
200700066640,0,07,000,00,0,1,02,B01
200700066641,0,07,000,04,0,5,01,A01
200700066642,0,33,000,16,0,7,01,A01
200700066643,0,10,000,13,0,5,00,A01
200700066644,0,07,000,00,0,9,00,A01
200700066645,0,02,000,15,0,8,01,A01
200700066646,0,07,000,00,0,4,01,A01
200700066646,1,07,000,00,2,1,01,B01
200700066647,0,07,000,10,0,3,13,A01
200700066648,0,07,000,00,2,5,02,A01
200700066648,0,07,000,00,2,3,02,B01
200700066649,0,07,000,03,0,1,01,A01
200700066650,0,07,000,00,2,1,01,A01
200700066650,0,07,000,00,2,1,00,B01
200700066650,0,07,000,00,2,1,01,C01
200700066651,0,10,000,00,0,4,02,A01
200700066651,0,10,000,00,2,1,02,B01
200700066652,0,37,055,00,0,3,02,A01
200700066652,0,07,000,00,0,6,02,B01
200700066653,0,32,000,00,1,1,00,A01
200700066654,0,32,000,00,1,0,00,A01
200700066655,0,07,000,00,9,6,02,A01
200700066655,0,33,000,00,2,7,02,B01
200700066656,0,07,000,00,0,0,00,A01
200700066656,0,32,000,00,2,2,03,B01
200700066657,0,31,000,04,0,6,11,A01
200700066658,0,30,000,00,1,3,01,A01
200700066659,0,07,000,00,2,4,02,A01
200700066659,0,07,000,00,2,4,00,B01
200700066660,0,01,000,00,0,0,17,B01
200700066660,0,10,000,01,0,3,22,A01
200700066661,0,07,000,01,1,7,01,A01
200700066661,0,01,000,01,1,8,17,B01
200700066662,0,02,000,00,2,3,11,A01
200700066662,0,07,000,00,2,7,01,B01
200700066663,0,01,000,00,9,4,11,A01
200700066663,0,33,000,00,9,1,02,B01
200700066664,0,38,000,00,2,2,07,A01
200700066664,0,01,000,00,2,3,07,B01
200700066665,0,10,000,00,1,1,02,A01
200700066666,0,10,000,00,1,1,01,A01
200700066667,0,07,000,00,0,1,02,A01
200700066667,0,07,000,00,0,4,02,B01
200700066667,0,01,000,00,0,7,02,C01
200700066668,0,02,000,00,1,4,01,A01
200700066669,0,30,000,00,0,0,21,A01
200700066670,0,07,000,00,2,7,12,A01
200700066670,0,32,000,00,2,8,01,B01
200700066671,0,31,000,08,0,8,13,A01
200700066671,0,10,000,08,0,3,15,B01
200700066672,0,02,000,04,0,7,09,A01
200700066673,0,32,000,00,2,7,00,B01
200700066673,0,07,000,00,2,1,01,A01
200700066674,0,07,000,01,0,8,00,A01
200700066674,0,01,000,01,0,2,00,B01
200700066675,0,34,000,00,0,0,01,A01
200700066676,0,02,000,00,2,1,01,A01
200700066676,0,32,000,00,2,6,01,B01
200700066677,0,07,000,00,1,8,01,A01
200700066678,0,07,000,00,0,4,02,B01
200700066678,1,07,000,00,0,0,02,A01
200700066679,0,07,000,00,2,0,17,A01
200700066679,0,32,000,00,2,0,23,B01
200700066680,0,07,000,00,1,5,02,A01
200700066681,0,10,000,00,1,1,01,A01
200700066682,0,32,000,00,2,1,01,A01
200700066682,0,14,000,00,0,2,01,B01
200700066683,0,07,000,00,1,5,04,A01
200700066684,0,07,000,00,2,1,00,A01
200700066684,0,30,000,00,2,8,09,B01
200700066685,0,07,000,04,0,3,00,A01
200700066686,0,33,000,00,0,3,01,A01
200700066686,0,07,000,00,0,5,15,B01
200700066687,0,07,000,00,2,1,02,A01
200700066687,0,33,000,00,2,4,02,B01
200700066688,0,07,000,00,0,0,00,B01
200700066688,0,07,000,00,0,1,02,A01
200700066689,0,07,000,01,0,0,23,B01
200700066689,0,01,000,01,0,1,02,A01
200700066690,0,33,000,00,2,7,01,A01
200700066690,0,07,000,00,2,3,01,B01
200700066691,0,07,000,00,0,2,16,A01
200700066692,0,02,000,00,0,0,21,A01
200700066692,0,07,000,00,0,2,22,B01
200700066693,0,01,000,00,0,4,02,B01
200700066693,0,33,000,00,9,1,02,A01
200700066694,0,02,000,00,2,3,02,A01
200700066694,0,33,000,00,2,2,02,B01
200700066695,0,31,000,00,2,6,11,A01
200700066695,0,31,000,00,2,7,01,B01
200700066696,0,02,000,00,0,3,02,A01
200700066696,0,07,000,00,2,6,23,B01
200700066697,0,07,000,00,1,2,15,A01
200700066698,0,32,000,00,0,0,07,A01
200700066699,0,02,000,00,2,0,03,A01
200700066699,0,07,000,00,2,6,01,B01
200700066699,0,07,000,00,2,2,01,C01
200700066700,0,07,000,01,2,2,00,A01
200700066700,0,01,000,01,2,1,18,B01
200700066701,0,33,000,00,0,9,01,A01
200700066702,0,32,000,00,0,0,21,A01
200700066703,0,30,000,00,0,4,02,A01
200700066703,0,15,000,00,0,4,02,B01
200700066704,0,30,000,00,1,2,03,A01
200700066705,0,07,000,00,1,2,02,A01
200700066706,0,01,000,00,0,4,11,A01
200700066706,0,32,000,00,0,1,01,B01
200700066707,0,31,000,08,2,0,02,A01
200700066708,0,01,000,00,2,0,02,A01
200700066708,0,30,000,00,9,0,02,B01
200700066709,0,30,000,00,0,8,03,A01
200700066710,0,01,000,09,0,1,00,A01
200700066711,0,30,000,12,0,7,01,A01
200700066712,0,07,000,00,1,2,02,A01
200700066713,0,37,025,00,0,5,07,A01
200700066713,0,01,000,00,0,8,07,B01
200700066714,0,07,000,00,0,3,10,A01
200700066714,0,33,000,00,2,3,01,B01
200700066715,0,02,000,00,2,1,02,A01
200700066715,0,07,000,00,0,5,02,B01
200700066716,1,01,000,00,0,1,01,A01
200700066717,0,07,000,00,0,0,00,A01
200700066717,0,01,000,00,0,7,00,B01
200700066718,0,33,000,00,1,3,00,A01
200700066719,0,01,000,00,0,1,01,A01
200700066720,0,07,000,00,2,2,14,A01
200700066720,0,02,000,00,2,8,01,B01
200700066721,0,07,000,00,0,4,13,B01
200700066721,0,07,000,00,0,8,13,A01
200700066722,0,07,000,00,1,7,11,A01
200700066723,0,07,000,00,0,0,01,A01
200700066723,0,31,000,00,0,7,01,B01
200700066724,0,07,000,00,1,3,15,A01
200700066725,0,32,000,00,9,3,09,A01
200700066725,0,01,000,00,2,1,17,B01
200700066726,0,07,000,00,2,3,15,A01
200700066726,0,32,000,00,2,3,01,B01
200700066727,0,10,000,00,2,0,19,A01
200700066727,0,32,000,00,2,0,14,B01
200700066728,0,30,000,00,0,4,15,A01
200700066728,1,07,000,00,2,1,02,B01
200700066729,0,32,000,00,2,8,16,B01
200700066729,0,07,000,00,2,5,16,A01
200700066730,0,10,000,00,1,7,01,A01
200700066731,0,07,000,00,0,3,11,A01
200700066731,0,32,000,00,0,7,17,B01
200700066732,0,07,000,00,9,2,15,A01
200700066732,0,01,000,00,2,1,01,B01
200700066733,0,30,000,00,0,4,02,B01
200700066733,0,07,000,00,2,2,02,A01
200700066734,0,02,000,12,0,1,01,A01
200700066735,0,07,000,00,0,8,10,A01
200700066735,0,33,000,00,0,1,01,B01
200700066736,0,32,000,00,0,8,12,A01
200700066736,0,31,000,00,2,8,00,B01
200700066736,0,10,000,00,0,8,02,C01
200700066737,0,07,000,00,1,3,02,A01
200700066738,0,31,000,00,2,2,18,A01
200700066738,0,07,000,00,2,2,16,B01
200700066739,0,01,000,01,2,7,02,B01
200700066739,0,07,000,00,0,6,22,A01
200700066740,0,34,000,00,2,8,02,A01
200700066740,1,07,000,00,2,7,02,B01
200700066741,0,34,000,00,0,7,17,A01
200700066741,0,10,000,00,0,8,10,B01
200700066742,0,32,000,08,0,2,01,A01
200700066743,0,07,000,00,2,3,04,A01
200700066743,0,30,000,00,2,1,00,B01
200700066744,0,01,000,00,0,0,01,A01
200700066745,0,32,000,00,0,0,21,A01
200700066746,0,07,000,00,2,2,15,B01
200700066746,0,33,000,00,2,1,01,A01
200700066747,0,32,000,00,2,1,00,A01
200700066747,0,07,000,00,0,6,00,B01
200700066748,0,30,000,00,2,0,03,A01
200700066748,0,07,000,00,0,0,02,B01
200700066748,0,01,000,00,0,4,00,C01
200700066749,0,07,000,15,0,2,14,A01
200700066750,0,33,000,00,1,3,01,A01
200700066751,0,33,000,00,0,8,00,A01
200700066752,0,07,000,00,0,0,00,A01
200700066753,0,37,027,00,0,0,00,A01
200700066754,0,07,000,00,0,0,02,A01
200700066755,0,07,000,00,0,8,00,A01
200700066755,0,10,000,00,2,2,01,B01
200700066756,0,07,000,00,2,3,00,B01
200700066756,0,32,000,00,2,2,00,A01
200700066757,0,02,000,00,0,9,01,A01
200700066757,0,07,000,00,0,3,00,B01
200700066758,0,07,000,00,2,2,01,B01
200700066758,0,10,000,01,0,3,09,A01
200700066759,0,02,000,00,2,1,16,A01
200700066759,0,07,000,00,0,3,07,B01
200700066760,0,07,000,00,9,2,12,A01
200700066760,0,01,000,00,0,4,02,B01
200700066761,0,07,000,00,0,6,04,A01
200700066762,1,10,000,00,1,3,00,A01
200700066763,0,10,000,00,1,2,01,A01
200700066764,0,07,000,00,1,1,01,A01
200700066765,0,07,000,00,1,2,01,A01
200700066766,0,32,000,00,0,0,21,A01
200700066767,0,07,000,00,1,2,01,A01
200700066768,0,32,000,00,2,7,02,A01
200700066769,0,33,000,00,0,7,00,A01
200700066770,0,07,000,00,0,8,15,B01
200700066770,0,30,000,00,2,2,17,A01
200700066771,0,07,000,00,1,3,00,A01