Num_Acc,senc,catv,occutc,obs,obsm,choc,manv,num_veh
200700066772,0,32,000,00,0,8,01,A01
200700066773,0,32,000,00,1,3,08,A01
200700066774,0,30,000,08,0,1,00,A01
200700066775,0,07,000,00,2,3,10,A01
200700066775,0,32,000,00,2,7,01,B01
200700066776,0,34,000,00,2,1,01,B01
200700066776,0,32,000,00,2,8,19,A01
200700066777,0,07,000,01,0,2,00,A01
200700066777,0,01,000,00,2,1,02,B01
200700066778,0,07,000,00,1,8,00,A01
200700066779,0,32,000,00,0,6,02,A01
200700066779,0,02,000,00,9,0,02,B01
200700066780,0,32,000,00,2,3,01,A01
200700066780,0,02,000,01,0,3,01,B01
200700066781,0,07,000,00,2,3,02,A01
200700066781,0,32,000,00,0,4,15,B01
200700066782,0,07,000,00,0,1,01,A01
200700066782,0,30,000,00,2,2,01,B01
200700066783,0,07,000,00,1,1,07,A01
200700066784,0,31,000,00,2,1,01,A01
200700066784,0,07,000,00,2,2,15,B01
200700066785,0,07,000,00,2,1,02,A01
200700066785,0,07,000,00,2,4,23,B01
200700066786,0,02,000,00,1,1,17,A01
200700066787,0,07,000,00,1,3,16,A01
200700066788,0,02,000,01,2,1,15,A01
200700066788,0,01,000,00,2,1,17,B01
200700066789,0,07,000,00,9,3,15,B01
200700066789,0,01,000,00,2,0,00,A01
200700066790,0,07,000,00,0,2,00,A01
200700066791,0,07,000,00,0,8,15,A01
200700066791,0,33,000,00,0,1,01,B01
200700066792,0,07,000,00,0,5,23,A01
200700066792,0,30,000,00,2,1,02,B01
200700066793,0,32,000,01,0,6,00,A01
200700066794,0,02,000,00,0,0,21,A01
200700066795,0,30,000,00,1,1,01,A01
200700066796,0,07,000,00,0,3,15,A01
200700066796,0,32,000,00,0,2,17,B01
200700066797,0,07,000,00,0,3,02,A01
200700066797,0,01,000,00,0,0,02,B01
200700066798,0,10,000,06,0,1,00,A01
200700066798,0,07,000,00,2,1,02,B01
200700066799,0,07,000,00,2,8,15,B01
200700066799,0,02,000,00,2,1,05,A01
200700066800,0,33,000,00,0,7,16,A01
200700066801,0,30,000,00,0,0,00,A01
200700066802,0,07,000,00,1,3,02,A01
200700066803,0,07,000,00,0,6,22,A01
200700066803,0,01,000,01,0,1,01,B01
200700066804,0,33,000,00,1,1,00,A01
200700066805,0,32,000,00,2,2,02,A01
200700066805,0,01,000,00,2,3,02,B01
200700066806,0,07,000,00,2,3,15,A01
200700066806,0,33,000,00,2,2,17,B01
200700066807,0,33,000,00,1,1,00,A01
200700066808,0,07,000,00,0,4,23,B01
200700066808,0,07,000,00,2,1,02,A01
200700066809,0,01,000,00,0,0,01,A01
200700066810,0,07,000,00,2,1,09,A01
200700066810,0,30,000,00,2,8,18,B01
200700066811,0,07,000,00,0,2,16,A01
200700066811,0,33,000,00,0,1,00,B01
200700066812,0,07,000,00,0,5,23,B01
200700066812,0,30,000,00,0,2,00,A01
200700066813,0,10,000,00,2,3,09,A01
200700066813,0,32,000,00,2,0,01,B01
200700066814,1,02,000,00,0,0,00,A01
200700066815,0,02,000,00,2,7,00,A01
200700066815,0,07,000,00,2,2,15,B01
200700066816,2,07,000,00,0,1,02,A01
200700066816,0,07,000,00,0,1,23,B01
200700066816,0,07,000,00,0,4,23,C01
200700066817,0,33,000,00,1,1,01,A01
200700066818,0,07,000,00,0,7,07,A01
200700066819,0,33,000,00,2,2,01,A01
200700066819,0,07,000,00,2,3,15,B01
200700066820,0,10,000,06,0,1,02,A01
200700066821,0,07,000,00,2,1,12,A01
200700066821,0,33,000,00,2,0,01,B01
200700066822,0,10,000,00,0,0,02,A01
200700066822,0,33,000,00,2,8,02,B01
200700066823,0,30,000,00,0,1,00,A01
200700066823,0,07,000,00,0,8,00,B01
200700066824,0,02,000,00,2,1,02,A01
200700066824,0,07,000,00,2,2,02,B01
200700066825,0,07,000,00,1,1,00,A01
200700066826,0,33,000,00,2,1,00,A01
200700066826,0,07,000,00,2,3,15,B01
200700066827,0,32,000,00,0,0,21,A01
200700066828,0,31,000,00,2,1,07,A01
200700066828,0,07,000,00,0,5,16,B01
200700066829,0,33,000,00,0,0,00,A01
200700066830,0,33,000,00,2,1,01,B01
200700066830,0,07,000,00,2,2,15,A01
200700066831,0,07,000,00,2,1,02,A01
200700066831,0,30,000,00,2,4,02,B01
200700066832,0,32,000,00,0,8,21,A01
200700066833,0,32,000,00,2,1,03,A01
200700066833,0,07,000,00,0,5,01,B01
200700066833,0,07,000,00,0,6,01,C01
200700066834,0,07,000,00,2,1,09,A01
200700066834,0,33,000,00,2,4,23,B01
200700066835,0,34,000,00,2,1,00,A01
200700066835,0,07,000,00,0,4,00,B01
200700066836,0,32,000,00,1,7,07,A01
200700066837,0,02,000,00,2,8,08,A01
200700066837,0,32,000,00,2,3,15,B01
200700066838,0,07,000,00,1,1,00,A01
200700066839,0,07,000,00,0,1,15,A01
200700066839,0,32,000,00,2,3,08,B01
200700066840,0,30,000,01,0,1,02,A01
200700066841,0,01,000,00,2,3,19,A01
200700066841,0,32,000,00,2,1,02,B01
200700066842,0,32,000,12,0,8,00,A01
200700066843,0,30,000,00,2,1,17,A01
200700066843,0,32,000,00,2,1,21,B01
200700066844,0,07,000,00,1,3,09,A01
200700066845,1,01,000,00,1,1,05,A01
200700066846,0,07,000,00,2,2,16,A01
200700066846,0,30,000,00,2,8,16,B01
200700066847,0,30,000,00,2,1,01,A01
200700066847,0,07,000,00,2,3,16,B01
200700066848,0,33,000,00,0,8,11,A01
200700066849,0,01,000,00,2,1,05,A01
200700066849,0,33,000,00,9,1,01,B01
200700066850,0,37,030,00,1,3,07,A01
200700066851,0,07,000,00,1,3,00,A01
200700066852,0,32,000,00,0,8,07,B01
200700066852,0,07,000,00,0,2,16,A01
200700066853,0,07,000,00,0,2,11,A01
200700066853,0,01,000,00,0,4,02,B01
200700066854,0,31,000,00,2,7,02,A01
200700066854,1,07,000,00,2,0,02,B01
200700066855,0,10,000,00,1,5,02,A01
200700066856,0,30,000,00,2,2,07,A01
200700066856,0,07,000,00,2,3,16,B01
200700066857,0,01,000,01,1,1,00,A01
200700066858,0,31,000,00,2,1,01,A01
200700066858,0,31,000,00,1,6,01,B01
200700066859,0,10,000,00,1,2,01,A01
200700066860,0,07,000,01,0,2,02,A01
200700066860,0,07,000,00,0,6,02,B01
200700066861,0,07,000,00,2,5,01,A01
200700066861,0,31,000,00,2,2,01,B01
200700066862,0,01,000,00,0,4,02,A01
200700066862,0,30,000,00,0,4,23,B01
200700066863,0,07,000,00,0,0,12,A01
200700066863,0,32,000,00,2,0,21,B01
200700066864,0,32,000,00,0,8,20,A01
200700066864,0,37,001,00,0,7,07,B01
200700066865,0,02,000,00,2,4,01,A01
200700066865,1,07,000,00,2,1,02,B01
200700066866,0,10,000,00,0,3,22,A01
200700066866,0,01,000,01,0,7,07,B01
200700066867,0,07,000,01,0,3,22,A01
200700066867,0,01,000,01,0,1,17,B01
200700066868,0,37,015,00,1,2,07,A01
200700066869,0,32,000,15,0,1,15,A01
200700066870,0,07,000,00,1,1,02,A01
200700066871,0,01,000,00,2,1,21,A01
200700066872,0,07,000,00,2,2,16,A01
200700066872,0,32,000,00,2,3,02,B01
200700066873,0,07,000,12,1,6,04,A01
200700066874,0,30,000,00,0,3,02,B01
200700066874,1,07,000,00,0,2,02,A01
200700066875,0,30,000,00,1,1,01,A01
200700066876,0,10,000,01,0,3,02,A01
200700066876,0,32,001,00,2,2,02,B01
200700066877,0,32,000,00,2,1,00,A01
200700066877,0,07,000,00,0,3,09,B01
200700066878,1,07,000,00,2,1,02,A01
200700066878,0,30,000,00,2,5,15,B01
200700066879,0,07,000,00,2,1,01,B01
200700066879,0,10,000,00,2,7,10,A01
200700066880,0,30,000,00,1,3,02,A01
200700066881,0,01,000,01,0,1,21,A01
200700066882,0,07,000,00,1,2,15,A01
200700066883,0,10,000,00,2,7,22,A01
200700066883,0,01,000,01,0,1,01,B01
200700066884,0,33,000,00,1,1,01,A01
200700066885,0,34,000,00,2,7,21,A01
200700066885,0,10,000,00,0,6,23,B01
200700066886,0,01,000,00,1,1,05,A01
200700066887,0,01,000,00,1,0,05,A01
200700066888,0,32,000,00,1,8,02,A01
200700066889,0,07,000,00,1,2,01,A01
200700066890,0,01,000,00,2,1,02,A01
200700066891,0,07,000,00,1,3,00,A01
200700066892,0,07,000,00,9,8,12,A01
200700066892,0,32,000,00,2,8,01,B01
200700066893,0,30,000,00,1,1,01,A01
200700066894,0,02,000,00,2,1,02,A01
200700066894,0,07,000,00,0,4,02,B01
200700066895,1,07,000,00,0,7,14,A01
200700066895,0,01,000,00,2,8,02,B01
200700066896,0,33,000,01,0,1,03,B01
200700066896,0,07,000,00,0,6,00,C01
200700066896,0,07,000,00,0,2,00,A01
200700066897,0,07,000,00,1,0,01,A01
200700066898,0,33,000,00,2,7,00,B01
200700066898,0,07,000,00,0,4,00,C01
200700066898,0,07,000,00,0,8,22,A01
200700066899,0,30,000,00,0,7,07,A01
200700066900,0,30,000,15,0,3,01,A01
200700066901,0,37,000,01,9,1,21,A01
200700066902,0,13,000,00,0,3,21,A01
200700066902,0,07,000,00,0,5,23,B01
200700066903,0,07,000,00,0,3,22,A01
200700066903,0,01,000,00,0,1,21,B01
200700066904,0,07,000,00,1,5,20,A01
200700066905,0,07,000,00,1,7,02,A01
200700066906,0,01,000,00,0,0,00,A01
200700066907,0,07,000,00,2,5,00,A01
200700066907,0,01,000,00,2,1,01,B01
200700066908,2,31,000,00,1,1,16,A01
200700066909,0,33,000,00,2,8,02,B01
200700066909,0,33,000,00,2,7,02,A01
200700066910,0,31,000,00,1,1,01,A01
200700066911,0,32,000,00,2,3,15,A01
200700066911,0,32,000,00,2,3,01,B01
200700066912,0,07,000,00,0,5,02,B01
200700066912,0,32,000,00,2,1,02,A01
200700066913,0,01,000,00,1,1,01,A01
200700066914,0,10,000,00,2,5,10,A01
200700066914,0,30,000,00,2,8,01,B01
200700066914,0,07,000,00,2,4,00,C01
200700066915,1,30,000,00,1,1,17,A01
200700066916,0,07,000,00,1,2,01,A01
200700066917,0,10,000,00,0,4,02,B01
200700066917,1,07,000,00,2,1,02,A01
200700066918,0,07,000,00,0,2,02,A01
200700066918,0,34,000,08,0,8,02,B01
200700066919,0,33,000,00,2,7,02,B01
200700066919,0,07,000,00,2,3,15,A01
200700066920,0,07,000,00,9,2,01,A01
200700066920,0,01,000,00,2,1,02,B01
200700066921,0,30,000,00,2,7,01,A01
200700066921,0,07,000,00,2,1,01,B01
200700066922,0,07,000,00,2,3,10,A01
200700066922,0,31,000,00,2,1,13,B01
200700066923,0,02,000,00,2,1,01,A01
200700066923,0,07,000,00,2,4,23,B01
200700066924,0,02,000,00,0,1,17,A01
200700066924,0,07,000,00,2,1,15,B01
200700066925,0,01,000,01,0,1,21,B01
200700066925,0,10,000,00,0,8,22,A01
200700066926,0,30,000,00,2,7,01,B01
200700066926,0,07,000,00,2,2,10,A01
200700066927,0,02,000,00,1,3,01,A01
200700066928,0,07,000,00,0,3,10,A01
200700066928,0,33,000,00,2,2,17,B01
200700066929,0,02,000,00,2,6,02,B01
200700066929,0,07,000,00,0,7,02,A01
200700066930,0,30,000,00,2,2,18,A01
200700066930,0,07,000,00,2,2,12,B01
200700066931,0,33,000,00,2,3,01,B01
200700066931,0,02,000,00,2,6,15,A01
200700066932,0,07,000,00,2,6,09,B01
200700066932,0,10,000,00,2,2,00,A01
200700066933,0,10,000,00,1,3,15,A01
200700066934,0,32,000,00,2,8,07,A01
200700066934,0,07,000,00,2,2,14,B01
200700066935,0,32,000,00,0,7,21,A01
200700066936,0,07,000,00,2,2,01,A01
200700066936,0,33,000,00,2,4,01,B01
200700066937,0,02,000,00,1,1,01,A01
200700066938,0,07,000,00,2,1,02,A01
200700066938,0,07,000,00,0,4,02,B01
200700066939,0,01,000,00,0,8,15,A01
200700066939,1,02,000,00,0,0,02,B01
200700066940,0,07,000,00,2,1,02,A01
200700066940,0,07,000,00,2,9,02,B01
200700066940,0,07,000,00,2,9,02,C01
200700066940,0,07,000,00,0,4,02,D01
200700066941,0,07,000,00,2,1,03,A01
200700066941,0,02,000,00,2,1,01,B01
200700066942,0,07,000,00,2,1,02,A01
200700066942,0,30,000,00,0,3,01,B01
200700066943,0,30,000,00,2,1,01,B01
200700066943,0,07,000,00,2,7,01,A01
200700066944,0,07,000,00,2,1,02,A01
200700066944,0,07,000,00,2,4,23,B01
200700066945,0,02,000,00,0,7,01,A01
200700066946,0,10,000,00,1,4,04,A01
200700066947,0,07,000,00,2,2,15,A01
200700066947,0,07,000,00,2,3,01,B01
200700066948,0,10,000,00,1,7,00,A01
200700066949,0,07,000,00,0,3,10,A01
200700066949,0,31,000,00,2,1,17,B01
200700066950,1,13,000,00,0,0,00,A01
200700066951,0,30,000,00,1,2,00,A01
200700066952,0,33,000,00,2,5,18,A01
200700066952,0,07,000,00,0,5,15,B01
200700066953,0,07,000,00,2,1,02,A01
200700066953,0,07,000,00,0,4,02,B01
200700066954,0,01,000,08,0,1,00,A01
200700066955,0,10,000,00,0,1,02,A01
200700066955,0,07,000,00,0,4,23,B01
200700066955,0,07,000,00,0,4,23,C01
200700066955,0,07,000,00,0,4,23,D01
200700066956,0,07,000,00,2,1,11,A01
200700066956,0,32,000,00,0,3,01,B01
200700066957,0,07,000,00,2,8,15,B01
200700066957,0,02,000,00,2,1,17,A01
200700066958,0,02,000,00,2,1,02,A01
200700066958,0,07,000,00,2,8,10,B01
200700066959,1,30,000,01,0,0,00,A01
200700066960,0,07,000,15,0,1,01,A01
200700066961,0,32,000,14,0,1,02,A01
200700066962,0,07,000,00,2,2,14,B01
200700066962,0,32,000,00,2,3,18,A01
200700066963,0,30,000,00,0,1,00,A01
200700066964,0,07,000,00,0,1,02,A01
200700066964,0,01,000,00,0,0,02,B01
200700066965,0,33,000,00,2,2,17,A01
200700066965,0,07,000,00,2,3,15,B01
200700066966,0,33,000,00,2,2,02,A01
200700066966,0,10,000,00,0,4,23,B01
200700066967,0,32,000,00,0,0,00,A01
200700066968,0,02,000,00,2,8,19,A01
200700066968,0,33,000,00,2,1,01,B01
200700066968,0,07,000,00,2,8,01,C01
200700066969,0,34,000,01,2,5,01,A01
200700066970,0,07,000,00,1,3,01,A01
200700066971,0,07,000,14,0,2,06,A01
200700066972,0,33,000,00,2,2,10,A01
200700066972,0,01,000,00,2,1,01,B01
200700066973,0,33,000,00,0,0,02,A01
200700066974,0,01,000,00,9,0,07,A01
200700066975,0,32,000,04,0,3,21,A01
200700066976,0,07,000,00,1,3,00,A01
200700066977,0,33,000,00,0,7,21,A01
200700066978,0,07,000,00,0,2,00,A01
200700066979,0,07,000,00,1,3,01,A01
200700066980,1,30,000,08,1,0,05,A01
200700066981,0,02,000,14,0,0,12,A01
200700066982,0,07,000,00,2,3,15,B01
200700066982,0,32,000,00,2,3,17,A01
200700066983,0,01,000,12,0,1,08,A01
200700066984,0,33,000,11,2,1,21,A01
200700066984,0,07,000,00,2,4,02,B01
200700066985,0,07,000,00,2,8,15,A01
200700066985,0,01,000,00,2,2,17,B01
200700066986,0,07,000,00,2,3,07,A01
200700066986,0,07,000,00,2,2,19,B01
200700066987,0,33,000,00,0,1,00,A01
200700066988,0,30,000,00,1,2,02,A01
200700066989,0,31,000,00,2,1,01,A01
200700066989,0,07,000,00,2,8,15,B01
200700066990,0,07,000,00,1,8,16,A01
200700066991,0,33,000,00,2,4,00,B01
200700066991,0,32,000,00,0,1,00,A01
200700066992,0,30,000,00,2,8,02,A01
200700066992,0,10,000,00,0,0,10,B01
200700066993,0,31,000,00,1,2,00,A01
200700066994,0,32,000,00,1,1,17,A01
200700066995,0,10,000,00,2,2,10,A01
200700066995,0,33,000,00,2,1,00,B01
200700066996,0,07,000,00,2,8,02,B01
200700066996,0,30,000,00,2,7,01,A01
200700066997,0,07,000,00,1,1,01,A01
200700066998,0,07,000,00,0,6,22,A01
200700066998,0,30,000,00,2,2,17,B01
200700066999,0,01,000,00,5,1,01,A01
200700067000,0,10,000,00,0,8,11,A01
200700067000,0,32,000,00,0,7,01,B01
200700067001,0,07,000,00,0,3,15,A01
200700067001,0,32,000,00,2,1,01,B01
200700067002,0,32,000,01,0,7,14,A01
200700067003,0,07,000,00,0,0,15,A01
200700067003,0,32,000,00,0,0,01,B01
200700067004,0,33,000,01,2,5,10,B01
200700067004,0,07,000,00,2,3,10,A01
200700067005,1,10,000,00,2,2,12,A01
200700067005,0,33,000,00,2,3,01,B01
200700067006,0,07,000,15,0,3,01,A01
200700067007,0,33,000,00,0,1,01,B01
200700067007,0,07,000,00,2,2,15,A01
200700067008,0,07,000,00,0,3,16,A01
200700067009,0,34,000,00,1,1,00,A01
200700067010,0,31,000,00,0,0,00,A01
200700067011,0,32,000,00,2,7,02,A01
200700067011,0,07,000,00,9,8,02,B01
200700067012,0,07,000,00,2,4,24,B01
200700067012,0,01,000,01,0,1,01,A01
200700067013,0,31,000,00,2,1,12,B01
200700067013,0,07,000,00,2,7,15,A01
200700067014,0,07,000,00,0,1,01,B01
200700067014,0,30,000,00,0,1,16,A01
200700067015,0,02,000,00,9,0,00,A01
200700067016,0,07,000,00,2,3,19,A01
200700067016,0,32,000,00,2,1,01,B01
200700067017,0,07,000,00,1,7,00,A01
200700067018,0,07,000,00,1,2,01,A01
200700067019,0,07,000,00,1,2,01,A01
200700067020,0,07,000,00,0,3,16,A01
200700067020,0,33,000,00,0,1,01,B01
200700067021,0,30,000,00,0,1,00,A01
200700067022,0,02,000,00,0,0,00,A01
200700067023,1,30,000,00,1,1,00,A01
200700067024,0,07,000,00,0,2,02,A01
200700067025,1,07,000,00,1,7,00,A01
200700067026,0,07,000,00,0,1,02,A01
200700067026,0,07,000,00,0,4,02,B01
200700067027,0,01,000,00,0,1,21,A01
200700067028,0,31,000,00,1,8,07,A01
200700067029,0,07,000,00,2,3,19,A01
200700067029,0,02,000,00,2,1,00,B01
200700067030,0,07,000,00,0,4,23,B01
200700067030,0,01,000,14,0,1,02,A01
200700067031,0,07,000,00,2,1,19,A01
200700067031,0,07,000,00,2,1,01,B01
200700067032,0,07,000,00,2,1,02,A01
200700067032,0,07,000,00,2,4,02,B01
200700067032,0,07,000,00,0,4,02,C01
200700067033,1,07,000,00,9,5,16,A01
200700067033,0,01,000,00,0,6,01,B01
200700067034,0,07,000,00,0,4,23,B01
200700067034,0,33,000,00,0,1,02,A01
200700067035,0,02,000,00,2,1,00,A01
200700067035,0,02,000,00,2,4,01,B01
200700067036,0,07,000,00,0,1,19,A01
200700067036,0,33,000,00,0,7,19,B01
200700067037,0,07,000,00,2,8,00,B01
200700067037,0,02,000,00,2,7,02,A01
200700067038,0,02,000,00,2,8,01,B01
200700067038,0,07,000,00,9,7,12,A01
200700067039,0,07,000,00,0,4,02,B01
200700067039,0,07,000,00,2,0,02,A01
200700067040,0,30,000,00,0,1,13,A01
200700067040,0,07,000,00,0,3,01,B01
200700067041,0,07,000,00,1,1,00,A01
200700067042,0,10,000,00,1,4,04,A01
200700067043,0,07,000,00,2,8,01,B01
200700067043,0,07,000,00,2,1,01,A01
200700067044,0,07,000,00,1,2,01,A01
200700067045,0,33,000,14,0,1,01,A01
200700067046,0,07,000,00,0,3,11,A01
200700067046,0,02,000,00,0,1,01,B01
200700067047,0,32,000,00,2,7,11,A01
200700067047,0,33,000,00,2,8,19,B01
200700067048,0,01,000,00,2,1,05,A01
200700067048,0,37,001,00,2,1,01,B01
200700067049,0,07,000,00,0,8,10,A01
200700067049,0,33,000,00,2,7,17,B01
200700067050,0,31,000,00,1,1,01,A01
200700067051,0,31,000,00,0,0,01,A01
200700067052,1,07,000,00,0,0,00,A01
200700067052,0,30,000,00,2,1,02,B01
200700067053,0,10,000,00,2,3,02,A01
200700067053,0,32,000,00,2,2,02,B01
200700067054,0,31,000,00,1,3,02,A01
200700067055,0,07,000,00,2,7,15,A01
200700067055,0,32,000,00,2,1,01,B01
200700067056,1,30,000,00,1,1,01,A01
200700067057,0,07,000,00,2,6,10,A01
200700067057,0,33,000,00,2,1,01,B01
200700067058,0,30,000,00,2,1,21,A01
200700067058,0,33,000,00,0,4,23,B01
200700067059,0,33,000,00,1,8,00,A01
200700067060,0,33,000,00,2,3,01,A01
200700067060,0,07,000,00,2,6,01,B01
200700067061,0,10,000,00,1,4,04,A01
200700067062,0,34,000,00,1,1,01,A01
200700067063,0,31,000,00,1,2,01,A01
200700067064,0,07,000,00,0,2,09,A01
200700067064,0,07,000,00,0,1,02,B01
200700067065,0,07,000,00,2,3,00,B01
200700067065,0,02,000,00,2,7,02,A01
200700067066,1,31,000,00,1,1,01,A01
200700067067,0,07,000,00,2,2,01,A01
200700067067,0,33,000,00,2,8,01,B01
200700067067,0,07,000,00,0,6,01,C01
200700067068,0,07,000,00,2,1,01,B01
200700067068,0,07,000,00,2,7,15,A01
200700067069,1,33,000,00,2,4,14,A01
200700067069,0,30,000,00,2,1,15,B01
200700067070,0,01,000,00,0,8,02,A01
200700067070,1,07,000,00,0,8,02,B01
200700067071,0,01,000,00,0,6,11,A01
200700067071,0,31,000,00,2,2,01,B01
200700067072,0,30,000,00,2,2,01,A01
200700067072,0,02,000,00,2,3,15,B01
200700067073,0,02,000,00,2,1,02,A01
200700067073,0,07,000,00,9,5,20,B01
200700067074,0,07,000,00,2,2,10,A01
200700067074,0,33,000,00,2,1,01,B01
200700067075,0,07,000,00,2,3,15,B01
200700067075,0,31,000,00,2,8,18,A01
200700067076,0,32,000,01,0,0,02,A01
200700067077,0,02,000,00,2,7,17,A01
200700067077,0,07,000,00,2,3,17,B01
200700067078,0,31,000,14,2,2,07,A01
200700067078,0,37,015,00,0,6,23,B01
200700067079,0,30,000,14,0,0,02,A01
200700067080,0,07,000,00,2,2,01,A01
200700067080,0,10,000,00,2,1,01,B01
200700067081,0,31,000,00,2,0,21,A01
200700067082,0,30,000,00,1,2,01,A01
200700067083,0,31,000,00,2,7,01,B01
200700067083,0,07,000,00,2,3,01,A01
200700067084,0,30,000,00,2,1,01,A01
200700067084,0,07,000,00,0,4,01,B01
200700067085,0,02,000,00,2,7,17,A01
200700067085,0,07,000,00,2,2,21,B01
200700067086,0,07,000,01,0,0,02,A01
200700067087,0,07,000,00,2,3,02,A01
200700067087,0,07,000,00,2,5,02,B01
200700067088,0,07,000,01,2,7,14,A01
200700067088,0,32,000,00,2,4,00,B01
200700067088,0,07,000,00,2,4,00,C01
200700067088,0,07,000,00,2,4,02,D01
200700067089,0,10,000,00,2,5,02,B01
200700067089,0,32,000,00,2,1,01,A01
200700067090,0,07,000,00,2,7,16,A01
200700067090,0,02,000,00,2,8,01,B01
200700067091,1,07,000,00,0,0,00,A01
200700067092,0,07,000,00,2,7,17,A01
200700067092,0,01,000,00,2,8,17,B01
200700067093,0,07,000,00,2,3,01,B01
200700067093,0,07,000,00,2,2,00,A01
200700067094,0,07,000,01,2,3,17,A01
200700067094,0,31,000,00,2,7,17,B01
200700067095,0,33,000,00,2,3,18,A01
200700067095,0,07,000,00,2,2,16,B01
200700067096,0,34,000,00,2,3,18,A01
200700067096,0,07,000,00,0,2,20,B01
200700067097,0,07,000,15,0,9,01,A01
200700067098,0,02,000,01,0,2,15,A01
200700067098,0,07,000,01,0,1,02,B01
200700067099,0,07,000,00,1,7,00,A01
200700067100,0,07,000,00,1,2,03,A01
200700067101,0,32,000,00,2,0,21,A01
200700067102,0,01,000,00,2,1,02,A01
200700067102,0,07,000,00,9,2,20,B01
200700067103,0,30,000,00,2,2,17,A01
200700067103,0,10,000,00,2,3,00,B01
200700067104,0,07,000,00,1,3,02,A01
200700067105,0,07,000,00,2,1,02,A01
200700067105,0,07,000,00,2,3,02,B01
200700067106,0,01,000,01,0,1,00,B01
200700067106,0,10,000,00,0,8,22,A01
200700067107,0,01,000,00,2,1,02,A01
200700067107,0,07,000,00,0,3,02,B01
200700067108,0,30,000,00,2,1,18,A01
200700067108,0,07,000,00,2,2,16,B01
200700067109,0,02,000,00,2,1,02,A01
200700067109,0,07,000,00,0,6,02,B01
200700067110,0,01,000,00,2,8,00,A01
200700067110,0,37,080,00,0,8,02,B01
200700067111,0,07,000,00,2,8,01,A01
200700067111,0,07,000,00,2,1,01,B01
200700067112,0,30,000,00,2,1,19,A01
200700067112,0,07,000,00,1,3,00,B01
200700067113,0,07,000,00,1,4,20,A01
200700067114,0,33,000,00,1,1,02,A01
200700067115,0,33,000,00,0,0,00,A01
200700067116,0,07,000,00,1,4,04,A01
200700067117,0,34,000,00,2,8,02,A01
200700067117,0,13,000,00,0,7,02,B01
200700067118,0,07,000,00,2,5,02,B01
200700067118,0,32,000,00,2,1,02,A01
200700067119,0,30,000,00,2,1,11,A01
200700067119,1,07,000,00,0,0,00,B01
200700067120,0,02,000,00,2,1,00,B01
200700067120,0,07,000,00,2,7,00,A01
200700067121,0,07,000,00,2,1,02,A01
200700067121,0,07,000,00,0,4,23,B01
200700067121,0,07,000,00,2,4,23,C01
200700067121,0,07,000,00,2,4,23,D01
200700067122,0,34,000,00,0,7,02,A01
200700067123,0,32,000,00,2,1,02,A01
200700067123,0,07,000,00,0,3,02,B01
200700067124,0,07,000,00,2,1,02,A01
200700067124,0,07,000,00,2,4,02,B01
200700067124,0,07,000,00,2,4,02,C01
200700067124,0,07,000,00,2,4,02,D01
200700067125,0,07,000,00,2,2,02,A01
200700067125,0,30,000,00,0,4,02,B01
200700067126,0,33,000,00,0,5,17,B01
200700067126,0,07,000,00,2,3,15,A01
200700067127,0,33,000,00,1,1,01,A01
200700067128,0,10,000,00,1,1,15,A01
200700067129,0,30,000,00,0,1,01,B01
200700067129,0,07,000,00,0,2,19,A01
200700067130,0,10,000,00,2,8,20,A01
200700067130,0,30,000,01,2,2,01,B01
200700067131,0,32,000,00,2,7,00,B01
200700067131,0,07,000,00,0,1,01,A01
200700067132,0,07,000,00,1,1,01,A01
200700067133,0,07,000,00,2,5,01,A01
200700067133,0,32,000,00,2,1,00,B01
200700067134,0,02,000,00,2,1,03,A01
200700067134,0,07,000,00,2,8,15,B01
200700067135,0,07,000,00,2,1,02,A01
200700067135,0,33,000,00,2,4,02,B01
200700067136,0,30,000,01,0,2,14,A01
200700067137,0,07,000,00,2,2,10,A01
200700067137,0,33,000,00,2,8,01,B01
200700067138,0,30,000,00,1,1,00,A01
200700067139,0,07,000,00,2,1,02,A01
200700067139,1,99,000,00,2,1,02,B01
200700067139,0,07,000,00,0,4,02,C01
200700067140,0,33,000,00,0,8,00,A01
200700067141,0,30,000,00,0,2,01,A01
200700067141,1,02,000,00,0,0,00,B01
200700067142,0,01,000,13,0,1,00,A01
200700067143,0,10,000,00,1,3,15,A01
200700067144,0,13,000,00,1,4,04,A01
200700067145,0,10,000,00,1,5,04,A01
200700067146,0,33,000,00,0,7,21,B01
200700067146,0,10,000,00,0,0,18,A01
200700067147,0,37,000,00,5,0,01,A01
200700067148,0,32,000,01,2,8,12,A01
200700067148,0,07,000,00,2,7,00,B01
200700067149,0,34,000,00,2,7,15,A01
200700067149,0,07,000,00,2,3,09,B01
200700067150,0,07,000,12,0,1,00,A01
200700067151,0,07,000,00,1,3,01,A01
200700067152,0,33,000,00,1,1,01,A01
200700067152,0,07,000,00,2,2,05,B01
200700067153,0,33,000,01,0,7,05,A01
200700067154,0,07,000,00,2,2,16,A01
200700067154,0,32,000,00,0,2,00,B01
200700067155,0,01,000,00,0,4,02,A01
200700067155,0,33,000,00,9,1,02,B01
200700067156,0,07,000,14,0,3,01,A01
200700067157,0,07,000,00,0,7,15,A01
200700067157,0,02,000,00,2,2,01,B01
200700067158,0,30,000,00,1,1,00,A01
200700067159,0,07,000,01,0,1,00,A01