Num_Acc,senc,catv,occutc,obs,obsm,choc,manv,num_veh
200700067160,0,33,000,00,0,4,02,B01
200700067160,0,07,000,00,2,1,02,A01
200700067161,0,32,000,00,2,7,17,A01
200700067161,0,07,000,00,2,8,01,B01
200700067162,0,01,000,00,1,1,01,A01
200700067163,0,07,000,00,0,2,23,B01
200700067163,0,32,000,00,0,1,16,A01
200700067164,0,07,000,00,2,5,15,A01
200700067164,0,34,000,00,2,1,01,B01
200700067165,0,10,000,00,2,3,01,A01
200700067165,0,01,000,00,2,1,01,B01
200700067166,0,07,000,00,2,3,09,A01
200700067166,0,33,000,00,2,1,17,B01
200700067167,0,33,000,00,2,1,02,A01
200700067167,0,07,000,00,0,5,23,B01
200700067168,0,10,000,00,1,0,20,A01
200700067169,0,33,000,00,2,2,01,A01
200700067169,1,33,000,00,2,0,11,B01
200700067170,0,07,000,00,2,3,09,B01
200700067170,0,33,000,00,2,1,01,A01
200700067171,0,33,000,00,0,2,02,A01
200700067171,0,07,000,00,2,6,02,B01
200700067172,0,02,000,00,0,0,21,A01
200700067173,0,07,000,00,2,1,02,B01
200700067173,2,07,000,00,2,1,05,A01
200700067174,0,32,000,00,1,3,00,A01
200700067175,0,33,000,00,9,8,11,B01
200700067175,0,01,000,00,9,0,12,A01
200700067176,0,07,000,00,2,1,01,A01
200700067176,0,07,000,00,0,4,02,B01
200700067177,0,07,000,00,2,3,09,B01
200700067177,0,07,000,00,2,6,04,A01
200700067178,0,07,000,00,1,1,02,A01
200700067179,0,07,000,00,2,1,01,A01
200700067179,1,07,000,14,2,4,01,B01
200700067180,1,07,000,00,0,0,00,A01
200700067180,0,01,000,00,0,0,00,B01
200700067181,0,33,000,00,2,8,02,A01
200700067181,0,07,000,00,0,5,02,B01
200700067182,0,07,000,01,0,2,01,A01
200700067183,0,07,000,00,2,1,01,B01
200700067183,0,07,000,00,2,3,09,A01
200700067184,0,07,000,00,2,1,01,A01
200700067184,0,30,000,00,2,8,15,B01
200700067185,0,30,000,00,2,2,17,A01
200700067185,0,07,000,00,2,6,15,B01
200700067186,0,01,000,00,0,0,00,A01
200700067186,1,30,000,00,0,0,00,B01
200700067187,0,10,000,00,1,4,04,A01
200700067188,0,07,000,00,2,3,10,A01
200700067188,0,30,000,00,2,1,01,B01
200700067189,1,07,000,00,1,1,00,A01
200700067190,0,07,000,00,2,2,10,A01
200700067190,0,30,000,00,2,8,21,B01
200700067191,1,07,000,00,0,0,12,A01
200700067191,0,32,000,00,2,0,01,B01
200700067192,0,31,000,00,0,0,01,B01
200700067192,0,07,000,00,0,4,15,A01
200700067193,0,07,000,00,2,3,00,B01
200700067193,0,33,000,01,2,1,01,A01
200700067194,0,31,000,00,2,6,01,A01
200700067194,0,07,000,00,2,6,09,B01
200700067195,0,07,000,00,2,3,15,A01
200700067195,0,32,000,00,2,1,01,B01
200700067196,0,34,000,00,0,3,00,B01
200700067196,0,33,000,00,0,7,00,A01
200700067197,0,07,000,00,1,2,00,A01
200700067198,0,32,000,12,0,3,13,A01
200700067199,0,07,000,00,9,3,09,A01
200700067199,0,32,000,00,2,2,01,B01
200700067200,0,07,000,00,2,1,01,B01
200700067200,0,07,000,00,2,7,01,A01
200700067201,0,34,000,00,2,3,17,B01
200700067201,0,07,000,00,0,0,15,A01
200700067202,0,33,000,00,2,2,02,A01
200700067202,0,07,000,00,2,3,11,B01
200700067203,0,32,000,00,1,2,00,A01
200700067204,0,07,000,00,2,2,15,A01
200700067204,0,31,000,00,2,1,01,B01
200700067205,0,33,000,03,0,8,01,A01
200700067206,0,02,000,00,1,0,01,A01
200700067207,0,32,000,00,1,7,00,A01
200700067208,0,07,000,00,0,3,01,A01
200700067208,0,02,000,00,2,2,02,B01
200700067209,0,07,000,01,0,6,04,A01
200700067210,0,07,000,00,0,4,04,A01
200700067210,0,32,000,00,2,7,02,B01
200700067211,0,31,000,00,0,1,02,A01
200700067211,0,07,000,00,0,6,02,B01
200700067212,0,07,000,00,1,1,00,A01
200700067213,0,07,000,00,2,1,15,A01
200700067213,0,33,000,00,2,3,01,B01
200700067214,0,02,000,00,2,1,00,B01
200700067214,0,07,000,00,2,5,11,A01
200700067215,0,33,000,00,0,8,00,A01
200700067215,0,07,000,00,0,2,00,B01
200700067216,0,07,000,00,0,0,02,A01
200700067217,0,30,000,00,1,1,01,A01
200700067218,0,32,000,00,0,1,03,A01
200700067219,0,31,000,00,2,2,17,A01
200700067219,0,07,000,00,2,3,15,B01
200700067220,0,31,000,00,9,0,21,A01
200700067221,0,33,000,01,2,2,02,A01
200700067221,0,07,000,00,9,3,09,B01
200700067222,0,32,000,00,0,1,00,A01
200700067222,0,07,000,00,0,3,00,B01
200700067223,0,32,000,00,0,8,00,A01
200700067224,1,32,000,00,1,0,00,A01
200700067225,0,02,000,00,2,1,17,A01
200700067225,0,07,000,00,9,8,19,B01
200700067226,0,01,000,01,0,1,00,A01
200700067227,0,30,000,00,1,3,00,A01
200700067228,0,34,000,00,1,2,01,A01
200700067229,1,07,000,00,0,0,00,A01
200700067229,0,33,000,00,2,1,00,B01
200700067230,0,07,000,00,1,3,01,A01
200700067231,0,07,000,00,9,2,07,A01
200700067231,0,02,000,00,2,3,07,B01
200700067232,0,33,000,00,2,2,02,A01
200700067232,0,07,000,00,2,3,02,B01
200700067233,0,30,000,00,2,1,01,A01
200700067233,0,07,000,00,2,2,16,B01
200700067234,0,02,000,00,2,1,17,A01
200700067234,0,07,000,00,0,3,15,B01
200700067235,0,07,000,00,2,5,04,A01
200700067235,0,02,000,00,2,1,02,B01
200700067236,0,02,000,00,0,7,01,A01
200700067236,1,07,000,00,0,0,01,B01
200700067237,0,07,000,00,1,3,00,A01
200700067238,0,02,000,00,2,3,17,A01
200700067238,0,07,000,00,2,3,10,B01
200700067239,0,32,000,08,1,1,01,A01
200700067240,0,10,000,00,0,4,02,B01
200700067240,0,32,000,00,0,4,02,A01
200700067241,0,07,000,00,0,2,01,A01
200700067242,0,07,000,00,2,3,15,A01
200700067242,0,02,000,00,2,2,05,B01
200700067243,0,33,000,00,0,7,09,A01
200700067243,0,33,000,00,0,8,00,B01
200700067244,0,07,000,00,2,3,02,B01
200700067244,0,07,000,00,2,2,02,A01
200700067245,0,33,000,00,2,1,17,A01
200700067245,0,07,000,00,0,3,15,B01
200700067246,0,02,000,00,1,0,07,A01
200700067247,0,02,000,00,0,1,00,A01
200700067248,0,07,000,00,9,2,02,A01
200700067248,0,31,000,00,2,7,02,C01
200700067248,0,07,000,00,0,6,02,B01
200700067249,0,30,000,00,2,1,17,A01
200700067249,0,07,000,00,9,6,15,B01
200700067250,0,07,000,00,9,1,00,A01
200700067250,0,33,000,00,2,8,01,B01
200700067251,0,30,000,00,2,1,01,B01
200700067251,0,07,000,00,2,3,16,A01
200700067252,0,33,000,00,2,0,21,A01
200700067253,0,07,000,00,0,3,13,A01
200700067253,0,34,000,01,0,2,17,B01
200700067254,0,02,000,00,2,3,18,A01
200700067254,0,07,000,00,9,7,16,B01
200700067255,0,01,000,00,2,7,00,A01
200700067255,1,99,000,00,0,0,00,B01
200700067256,0,32,000,00,0,0,15,A01
200700067257,0,07,000,00,1,2,00,B01
200700067257,0,01,000,00,2,0,00,A01
200700067258,2,07,000,00,1,4,20,A01
200700067259,0,07,000,00,1,2,01,A01
200700067260,0,07,000,00,2,8,00,A01
200700067260,0,30,000,00,2,1,00,B01
200700067261,0,32,000,00,2,1,01,A01
200700067261,0,07,000,00,2,2,15,B01
200700067262,0,31,000,00,0,7,07,A01
200700067262,0,10,000,00,0,3,15,B01
200700067263,0,02,000,11,2,7,02,A01
200700067263,0,37,003,00,0,3,02,B01
200700067264,0,10,000,00,1,2,20,A01
200700067265,0,07,000,00,2,3,02,B01
200700067265,0,30,000,00,2,1,01,A01
200700067266,0,34,000,00,0,1,00,A01
200700067267,0,37,010,00,1,7,02,A01
200700067268,0,07,000,00,2,2,12,A01
200700067268,0,34,000,00,2,9,02,B01
200700067269,0,07,000,00,2,1,02,A01
200700067269,0,07,000,00,2,4,01,B01
200700067270,0,30,000,00,0,7,01,B01
200700067270,1,07,000,00,0,8,15,A01
200700067271,0,32,000,00,1,0,21,A01
200700067272,0,07,000,00,0,5,23,B01
200700067272,0,07,000,00,0,1,01,A01
200700067272,0,10,000,00,0,4,23,C01
200700067273,0,07,000,06,2,7,01,A01
200700067273,0,07,000,00,2,2,01,B01
200700067274,0,01,000,00,0,1,01,B01
200700067274,1,07,000,00,0,0,16,A01
200700067275,0,07,000,00,0,6,20,A01
200700067276,0,07,000,00,2,5,10,A01
200700067276,0,32,000,00,2,1,01,B01
200700067277,0,37,001,00,0,2,02,A01
200700067278,0,33,000,01,1,1,17,A01
200700067278,0,37,040,00,2,8,23,B01
200700067279,2,10,000,00,0,1,02,A01
200700067279,0,07,000,00,0,7,02,B01
200700067280,0,02,000,00,9,7,07,A01
200700067281,0,07,000,00,2,2,16,A01
200700067281,0,32,000,00,2,1,07,B01
200700067282,0,03,000,00,1,1,16,A01
200700067283,0,07,000,00,0,2,00,A01
200700067284,0,32,000,00,0,0,00,A01
200700067285,0,07,000,00,0,1,01,B01
200700067285,0,32,000,00,0,3,01,A01
200700067286,2,07,000,00,2,1,02,A01
200700067286,0,07,000,00,2,4,23,B01
200700067286,0,07,000,00,2,4,23,C01
200700067287,0,31,000,00,1,1,01,A01
200700067288,0,10,000,00,9,7,16,A01
200700067288,0,02,000,00,2,1,02,B01
200700067289,0,07,000,00,0,3,13,A01
200700067289,0,32,000,00,2,7,01,B01
200700067290,1,14,000,00,0,0,16,A01
200700067290,0,37,042,00,2,3,07,B01
200700067291,0,30,000,00,2,1,02,A01
200700067291,0,07,000,00,0,3,02,B01
200700067292,0,07,000,00,2,1,02,A01
200700067292,0,07,000,00,0,4,23,B01
200700067293,0,07,000,00,2,2,10,A01
200700067293,0,30,000,00,2,8,01,B01
200700067294,0,32,000,00,1,1,02,A01
200700067295,0,34,000,00,1,1,00,A01
200700067296,0,02,000,00,2,7,02,A01
200700067296,1,07,000,00,2,8,02,B01
200700067297,0,07,000,01,0,8,22,A01
200700067297,0,01,000,00,2,8,07,B01
200700067298,0,07,000,00,2,1,02,A01
200700067298,0,30,000,00,2,9,02,B01
200700067298,0,07,000,00,0,4,02,C01
200700067299,0,32,000,00,2,3,17,A01
200700067299,0,13,000,00,9,3,22,B01
200700067299,0,13,000,00,0,2,01,C01
200700067299,0,13,000,00,0,3,01,D01
200700067300,0,33,000,00,1,2,01,A01
200700067301,0,31,000,00,1,7,07,A01
200700067302,0,01,000,00,0,8,00,A01
200700067303,0,33,000,00,1,8,01,A01
200700067304,0,07,000,00,2,3,00,A01
200700067304,0,07,000,00,2,1,01,B01
200700067305,0,07,000,00,2,1,02,A01
200700067305,0,07,000,00,0,0,02,C01
200700067305,0,07,000,00,2,4,02,B01
200700067306,0,14,000,00,1,2,05,A01
200700067307,1,30,000,00,0,0,00,A01
200700067308,0,02,000,00,0,7,01,B01
200700067308,0,07,000,00,0,1,01,A01
200700067309,0,37,015,00,1,2,01,A01
200700067310,0,33,000,01,0,1,00,A01
200700067311,0,07,000,00,1,3,00,A01
200700067312,0,10,000,00,1,2,02,A01
200700067313,0,07,000,00,1,3,00,A01
200700067314,0,30,000,00,2,1,02,C01
200700067314,0,02,000,00,2,3,16,B01
200700067314,0,07,000,01,0,4,04,A01
200700067315,0,32,000,00,2,4,01,B01
200700067315,0,10,000,00,2,1,01,A01
200700067316,0,13,000,00,9,2,01,A01
200700067316,0,01,000,00,2,8,18,B01
200700067317,0,30,000,00,1,1,02,A01
200700067318,0,07,000,00,2,1,01,A01
200700067318,0,07,000,00,2,4,01,B01
200700067319,0,07,000,00,1,4,04,A01
200700067320,0,07,000,00,1,1,16,A01
200700067321,0,30,000,00,1,1,21,A01
200700067321,0,07,000,00,2,3,00,B01
200700067322,0,07,000,00,0,2,02,A01
200700067322,0,10,000,00,0,6,23,B01
200700067323,0,10,000,01,0,2,14,A01
200700067324,0,32,000,00,2,7,01,A01
200700067324,0,07,000,00,2,3,15,B01
200700067325,0,07,000,00,0,8,00,A01
200700067325,0,01,000,01,0,8,01,B01
200700067326,0,30,000,00,2,1,21,B01
200700067326,0,07,000,00,2,1,15,A01
200700067327,0,33,000,00,2,2,01,A01
200700067327,0,07,000,00,2,1,09,B01
200700067328,1,02,000,00,1,1,01,A01
200700067329,0,07,000,00,2,2,11,A01
200700067329,0,32,000,00,2,1,21,B01
200700067330,0,01,000,00,1,1,01,A01
200700067331,0,02,000,00,2,0,21,A01
200700067332,0,07,000,00,0,3,15,B01
200700067332,0,02,000,00,2,3,17,A01
200700067333,0,07,000,00,0,3,01,A01
200700067333,0,01,000,00,2,3,11,B01
200700067334,0,07,000,00,0,2,19,A01
200700067334,0,02,000,00,2,6,01,B01
200700067335,0,32,000,01,0,1,01,C01
200700067335,0,14,000,00,2,2,02,B01
200700067335,0,07,000,00,0,5,00,A01
200700067336,0,10,000,00,1,2,01,A01
200700067337,0,07,000,00,0,4,23,B01
200700067337,0,07,000,00,2,1,02,A01
200700067338,0,10,000,00,2,2,10,A01
200700067338,0,01,000,00,2,1,01,B01
200700067339,0,07,000,00,0,1,02,A01
200700067339,0,31,000,00,0,4,02,B01
200700067340,0,07,000,00,2,7,16,A01
200700067340,0,01,000,00,2,8,15,B01
200700067341,0,31,000,00,0,3,17,A01
200700067341,0,32,000,00,0,9,17,B01
200700067341,0,07,000,00,0,6,01,C01
200700067342,0,02,000,00,0,8,10,A01
200700067342,0,02,000,00,0,1,01,B01
200700067343,0,32,000,00,0,7,02,A01
200700067344,0,07,000,00,1,8,11,A01
200700067345,0,07,000,01,0,0,09,A01
200700067345,0,30,000,00,0,0,01,B01
200700067346,0,30,000,00,0,0,18,A01
200700067347,0,30,000,00,2,1,05,A01
200700067347,0,07,000,00,2,1,02,B01
200700067348,0,07,000,00,2,8,19,B01
200700067348,0,33,000,00,2,1,02,A01
200700067349,0,07,000,00,2,1,02,A01
200700067349,0,07,000,00,2,4,23,B01
200700067349,0,07,000,00,2,4,23,C01
200700067350,0,10,000,00,2,6,04,A01
200700067350,0,31,000,00,2,2,17,B01
200700067351,0,33,000,00,2,3,15,A01
200700067351,0,07,000,00,0,0,06,B01
200700067352,0,07,000,00,9,2,12,A01
200700067352,0,01,000,00,2,1,01,B01
200700067353,0,01,000,15,2,1,01,A01
200700067354,0,07,000,00,2,2,15,A01
200700067354,0,32,000,00,2,1,01,B01
200700067355,0,07,000,00,1,2,01,A01
200700067356,0,07,000,00,0,3,01,A01
200700067356,1,07,000,00,0,0,00,B01
200700067356,0,32,000,00,2,8,15,C01
200700067357,0,32,000,00,0,8,01,B01
200700067357,0,07,000,00,2,3,15,A01
200700067358,0,02,000,00,1,1,17,A01
200700067359,0,07,000,00,0,7,16,A01
200700067359,0,01,000,00,2,1,18,B01
200700067360,0,07,000,00,1,1,00,A01
200700067361,0,07,000,00,0,1,08,A01
200700067361,0,01,000,00,0,1,00,B01
200700067362,0,30,000,00,2,0,15,A01
200700067362,0,07,000,00,2,3,01,B01
200700067363,1,13,000,00,0,0,01,A01
200700067363,0,07,000,00,0,8,01,B01
200700067364,0,07,000,00,1,2,01,A01
200700067365,0,02,000,00,0,7,03,A01
200700067366,0,07,000,15,2,2,00,A01
200700067366,0,13,000,00,2,3,00,B01
200700067367,0,07,000,00,2,3,09,B01
200700067367,0,31,000,00,2,2,03,A01
200700067368,0,07,000,00,2,3,11,A01
200700067368,0,32,000,00,2,7,17,B01
200700067369,0,32,000,00,0,8,00,A01
200700067370,0,07,000,00,2,1,02,A01
200700067370,0,07,000,00,0,4,23,C01
200700067370,0,07,000,00,2,4,23,B01
200700067371,1,07,000,00,1,1,00,A01
200700067372,2,07,000,11,2,1,05,A01
200700067372,0,07,000,00,2,1,01,B01
200700067373,0,07,000,01,0,2,01,B01
200700067373,0,02,000,00,2,1,05,A01
200700067374,1,32,000,00,1,1,02,A01
200700067375,0,02,000,00,2,1,07,A01
200700067375,0,07,000,00,2,5,19,B01
200700067376,0,07,000,00,0,3,10,A01
200700067376,0,30,000,00,2,1,02,B01
200700067377,0,07,000,00,1,1,00,A01
200700067378,0,33,000,00,0,2,02,A01
200700067378,1,07,000,00,0,0,00,B01
200700067379,0,07,000,00,2,1,00,A01
200700067379,0,31,000,00,2,1,01,B01
200700067380,1,10,000,00,1,1,01,A01
200700067381,0,07,000,00,1,7,01,A01
200700067382,0,07,000,01,2,3,02,A01
200700067382,0,33,000,01,2,2,02,B01
200700067383,1,07,000,00,0,0,14,A01
200700067384,0,07,000,15,0,1,00,A01
200700067385,2,07,000,00,0,1,01,A01
200700067385,0,01,000,00,0,0,01,B01
200700067386,0,07,000,00,2,2,11,A01
200700067386,0,32,000,00,2,1,01,B01
200700067387,0,30,000,00,0,0,02,A01
200700067388,0,07,000,00,1,1,16,A01
200700067389,0,07,000,00,2,1,15,A01
200700067389,0,33,000,00,2,3,01,B01
200700067390,0,30,000,00,0,0,01,A01
200700067391,1,07,000,00,2,0,00,A01
200700067391,0,33,000,00,2,2,00,B01
200700067392,0,33,000,00,1,5,01,A01
200700067393,0,10,000,00,2,3,10,A01
200700067393,0,33,000,00,2,1,17,B01
200700067394,0,33,000,07,2,2,05,A01
200700067394,2,10,000,00,2,3,01,B01
200700067395,0,32,000,00,0,8,11,A01
200700067396,0,31,000,00,1,1,17,A01
200700067397,0,07,000,00,1,2,01,A01
200700067398,0,32,000,04,0,2,02,A01
200700067399,0,33,000,00,1,3,02,A01
200700067400,0,07,000,00,1,3,01,A01
200700067401,0,31,000,00,0,8,02,A01
200700067402,0,33,000,00,1,2,01,A01
200700067403,0,07,000,07,0,1,21,A01
200700067404,0,07,000,01,0,3,00,A01
200700067405,0,07,000,00,2,7,22,A01
200700067405,0,31,000,14,0,1,03,B01
200700067405,0,03,000,00,0,8,23,C01
200700067406,0,07,000,00,1,3,01,A01
200700067407,0,07,000,00,1,2,01,A01
200700067408,0,07,000,11,0,1,12,A01
200700067409,0,07,000,00,2,7,14,A01
200700067409,0,02,000,01,2,8,18,B01
200700067410,0,07,000,00,1,1,01,A01
200700067411,0,33,000,14,0,8,01,A01
200700067412,0,34,000,14,0,7,14,A01
200700067413,0,33,000,12,0,8,21,A01
200700067414,0,10,000,00,0,1,09,A01
200700067414,0,02,000,00,2,1,01,B01
200700067415,0,10,000,00,1,3,01,A01
200700067416,0,07,000,00,1,2,01,A01
200700067417,0,07,000,00,2,2,15,A01
200700067417,0,07,000,00,2,1,01,B01
200700067418,0,30,000,01,2,0,17,A01
200700067418,0,07,000,00,2,3,00,B01
200700067419,0,07,000,00,2,7,15,A01
200700067419,0,02,000,00,2,1,02,B01
200700067420,0,07,000,00,2,2,01,B01
200700067420,0,32,000,00,2,1,00,A01
200700067421,0,07,000,00,1,2,02,A01
200700067422,0,07,000,00,2,8,10,A01
200700067422,0,31,000,00,2,1,17,B01
200700067423,0,32,000,00,1,1,02,A01
200700067424,0,33,000,00,1,0,01,A01
200700067425,0,32,000,00,2,1,11,A01
200700067425,0,07,000,00,0,4,01,B01
200700067426,2,07,000,02,0,1,15,A01
200700067427,0,14,000,00,9,7,16,A01
200700067427,0,01,000,00,2,3,00,B01
200700067428,0,07,000,00,1,1,01,A01
200700067429,0,31,000,12,0,2,01,A01
200700067430,0,07,000,00,2,2,10,A01
200700067430,0,02,000,00,2,1,02,B01
200700067431,0,33,000,00,2,7,18,A01
200700067431,0,07,000,00,0,8,22,B01
200700067432,1,15,000,00,1,0,00,A01
200700067433,0,07,000,00,2,1,02,A01
200700067433,0,07,000,00,2,4,02,B01
200700067433,0,07,000,00,2,4,02,C01
200700067434,0,07,000,16,0,2,01,A01
200700067435,0,33,000,00,1,1,02,A01
200700067436,0,02,000,00,0,4,02,A01
200700067436,0,33,000,00,2,1,02,B01
200700067437,0,37,001,00,2,2,09,B01
200700067437,0,07,000,00,2,3,01,A01
200700067438,0,30,000,00,2,1,17,A01
200700067438,0,10,000,00,2,4,23,B01
200700067439,0,07,000,00,2,7,22,A01
200700067439,0,01,000,00,2,7,18,B01
200700067440,0,02,000,00,2,7,17,A01
200700067440,0,07,000,00,2,3,15,B01
200700067441,0,33,000,00,1,1,02,A01
200700067442,0,31,000,00,2,4,01,B01
200700067442,0,07,000,00,2,3,21,A01
200700067443,0,10,000,00,1,2,01,A01
200700067444,0,10,000,00,0,8,01,B01
200700067444,0,31,000,00,0,7,12,A01
200700067445,0,10,000,00,2,5,01,A01
200700067445,0,32,000,00,2,1,01,B01
200700067446,0,07,000,00,1,3,01,A01
200700067447,0,02,000,00,1,1,18,A01
200700067448,0,30,000,00,2,8,11,A01
200700067448,0,10,000,00,2,2,17,B01
200700067449,0,01,000,00,1,1,02,A01
200700067450,0,07,000,01,1,3,01,A01
200700067451,0,07,000,00,2,8,11,A01
200700067451,0,33,000,00,0,7,01,B01
200700067452,0,33,000,00,2,7,12,A01
200700067452,0,07,000,00,0,8,01,B01
200700067453,0,07,000,00,0,6,01,C01
200700067453,0,33,000,00,2,1,03,A01
200700067453,0,07,000,00,0,6,01,B01
200700067454,0,07,000,00,2,7,12,A01
200700067454,0,33,000,00,0,8,03,B01
200700067454,0,10,000,00,0,6,01,C01
200700067455,0,07,000,00,0,3,12,B01
200700067455,0,33,000,00,2,1,03,A01
200700067455,0,07,000,00,0,6,01,C01
200700067456,0,32,000,00,2,2,03,A01
200700067456,0,07,000,00,0,6,01,B01
200700067457,0,07,000,00,2,1,02,A01
200700067457,1,38,000,00,0,4,02,B01
200700067458,0,10,000,00,2,3,11,A01
200700067458,0,34,000,00,0,5,03,B01
200700067459,0,33,000,00,2,1,02,A01
200700067459,0,10,000,00,0,4,02,B01
200700067460,0,33,000,00,0,0,01,A01
200700067461,0,33,000,00,0,0,01,A01
200700067462,0,13,000,00,2,2,02,A01
200700067462,0,07,000,00,2,1,02,B01
200700067462,1,07,000,00,0,0,00,C01
200700067463,1,07,000,00,2,5,12,A01
200700067463,0,07,000,00,2,3,01,B01
200700067463,0,33,000,00,2,8,03,C01
200700067464,0,07,000,00,2,1,02,A01
200700067464,0,07,000,00,2,4,02,B01
200700067465,0,33,000,00,0,0,21,A01
200700067466,0,02,000,00,2,1,01,A01
200700067466,0,07,000,00,0,4,02,B01
200700067467,0,33,000,04,2,2,01,A01
200700067467,1,07,000,00,0,6,09,B01
200700067468,0,07,000,00,2,8,11,A01
200700067468,0,33,000,00,0,7,01,B01
200700067469,0,07,000,00,2,1,02,A01
200700067469,0,07,000,00,2,4,02,B01
200700067469,0,07,000,00,0,4,02,C01
200700067470,0,07,000,00,0,3,11,B01
200700067470,0,33,000,00,2,7,03,A01
200700067471,0,07,000,00,2,7,12,A01
200700067471,0,31,000,00,0,3,01,B01
200700067471,0,07,000,00,0,4,02,C01
200700067472,0,07,000,00,2,1,02,A01
200700067472,0,31,000,00,2,8,01,B01
200700067473,0,31,000,04,0,2,00,A01
200700067474,0,15,000,00,2,2,12,A01
200700067474,0,07,000,00,0,8,01,B01
200700067475,0,10,000,15,2,2,02,A01
200700067475,0,10,000,00,0,1,02,B01
200700067476,0,31,000,00,2,8,03,A01
200700067476,0,07,000,00,0,2,01,B01
200700067477,0,33,000,00,2,0,03,A01
200700067478,0,33,000,00,2,1,02,A01
200700067478,0,33,000,00,0,4,02,B01
200700067479,0,07,000,00,2,8,11,A01
200700067479,0,33,000,04,0,7,03,B01
200700067480,0,33,000,00,2,3,03,A01
200700067480,0,07,000,00,2,5,12,B01
200700067481,0,31,000,00,2,2,02,A01
200700067481,0,07,000,00,0,6,02,B01
200700067482,0,31,000,00,0,0,01,A01
200700067483,0,10,000,00,2,7,12,A01
200700067483,0,33,000,00,0,3,03,B01
200700067484,0,07,000,00,2,2,12,A01
200700067484,0,31,000,00,2,8,03,B01
200700067484,0,07,000,00,0,4,01,C01
200700067485,0,07,000,00,2,4,02,C01
200700067485,0,07,000,00,2,4,02,D01
200700067485,0,10,000,00,0,4,02,E01
200700067485,0,07,000,04,2,1,02,A01
200700067485,0,07,000,04,2,4,02,B01
200700067486,0,07,000,00,2,2,12,A01
200700067486,0,33,000,00,0,8,03,B01
200700067487,0,31,000,00,2,1,03,A01
200700067487,0,07,000,00,0,6,01,B01
200700067488,0,32,000,00,2,2,03,A01
200700067488,0,07,000,00,0,6,11,B01
200700067489,0,33,000,00,2,8,03,A01
200700067489,0,07,000,00,0,5,01,B01
200700067490,0,07,000,00,2,5,12,A01
200700067490,0,33,000,04,2,8,01,B01
200700067491,0,07,000,00,2,6,00,A01
200700067491,0,13,000,00,0,2,00,B01
200700067492,0,31,000,00,2,7,03,A01
200700067492,0,07,000,00,0,7,01,B01
200700067492,0,07,000,00,0,4,01,C01
200700067493,0,07,000,00,9,5,12,A01
200700067493,0,33,000,00,2,3,01,B01
200700067493,0,07,000,00,2,7,01,C01
200700067494,1,07,000,00,0,5,01,C01
200700067494,0,10,000,00,2,2,12,A01
200700067494,0,32,000,00,2,3,01,B01
200700067495,0,07,000,00,2,1,02,A01
200700067495,0,07,000,00,2,4,02,B01
200700067495,0,07,000,00,1,4,02,C01
200700067496,0,07,000,00,2,5,12,A01
200700067496,0,32,000,00,0,3,01,B01
200700067497,0,31,000,00,2,1,12,A01
200700067497,0,07,000,00,0,5,02,B01
200700067498,0,07,000,00,2,3,11,A01
200700067498,0,31,000,00,0,7,03,B01
200700067499,0,07,000,00,2,8,11,A01
200700067499,0,31,000,00,0,1,01,B01
200700067500,0,33,000,00,2,1,02,A01
200700067500,0,07,000,00,2,5,01,B01
200700067501,0,07,000,00,2,7,12,A01
200700067501,0,07,000,00,2,2,02,B01
200700067502,0,33,000,00,2,2,03,A01
200700067502,0,10,000,04,0,6,01,B01
200700067503,0,33,000,00,0,8,01,A01
200700067503,1,07,000,00,0,7,01,B01
200700067504,0,33,000,00,2,1,03,A01
200700067504,0,10,000,00,0,8,11,B01
200700067504,0,07,000,00,0,5,02,C01
200700067505,0,31,000,00,0,0,01,A01
200700067506,0,15,000,00,2,2,02,A01
200700067506,0,07,000,00,0,6,09,B01
200700067507,0,10,000,00,2,4,02,B01
200700067507,0,07,000,00,2,4,02,C01
200700067507,0,10,000,00,2,1,02,A01
200700067507,0,07,000,00,0,4,02,D01
200700067508,0,33,000,00,0,0,01,A01
200700067509,0,33,000,00,0,7,01,B01
200700067509,0,07,000,00,2,3,11,A01
200700067510,0,10,000,00,2,8,00,A01
200700067510,0,17,000,00,0,2,00,B01
200700067510,0,07,000,00,2,3,02,C01
200700067511,0,33,000,00,2,8,03,A01
200700067511,0,07,000,00,2,6,01,B01
200700067511,1,07,000,00,0,0,00,C01
200700067512,0,07,000,00,1,2,02,A01
200700067513,0,07,000,00,2,8,11,A01
200700067513,0,33,000,00,0,7,01,B01
200700067514,0,07,000,00,0,5,12,B01
200700067514,0,32,000,00,2,1,03,A01
200700067515,0,33,000,00,2,8,03,A01
200700067515,0,10,000,00,0,2,12,B01
200700067515,0,07,000,00,0,4,01,C01
200700067515,0,33,000,00,0,0,03,D01
200700067516,0,31,000,04,2,2,03,A01
200700067516,0,10,000,00,0,8,11,B01
200700067517,0,07,000,00,2,4,11,A01
200700067517,0,33,000,04,2,9,01,B01
200700067517,0,07,000,00,0,8,01,C01
200700067518,0,31,000,00,2,2,02,A01
200700067518,0,07,000,00,0,6,02,B01
200700067519,0,07,000,00,2,3,11,A01
200700067519,0,31,000,00,0,1,01,B01
200700067520,0,33,000,00,0,3,03,B01
200700067520,0,07,000,00,2,2,12,A01
200700067521,0,07,000,00,2,1,02,A01
200700067521,0,32,000,00,0,4,02,B01
200700067522,1,15,000,00,0,5,01,A01