Num_Acc,senc,catv,occutc,obs,obsm,choc,manv,num_veh
200700067522,0,33,000,00,2,8,09,B01
200700067523,0,07,000,00,2,1,02,A01
200700067523,0,07,000,00,0,4,02,B01
200700067524,0,07,000,00,2,7,01,A01
200700067524,0,32,000,00,2,1,03,C01
200700067524,0,07,000,00,2,6,02,D01
200700067524,0,07,000,00,2,2,12,B01
200700067525,0,07,000,00,2,5,12,A01
200700067525,0,31,000,00,0,3,03,B01
200700067526,0,33,000,00,2,1,02,A01
200700067526,0,07,000,00,0,5,02,B01
200700067526,0,07,000,00,2,3,02,C01
200700067527,0,07,000,00,2,1,01,A01
200700067527,0,07,000,00,2,2,15,B01
200700067528,0,07,000,01,0,1,14,A01
200700067529,0,30,000,00,0,0,01,A01
200700067529,0,07,000,00,0,0,09,B01
200700067530,0,02,000,00,1,1,02,A01
200700067531,0,07,000,00,2,2,12,A01
200700067531,0,02,000,00,2,1,01,B01
200700067532,0,07,000,15,2,0,01,A01
200700067532,0,07,000,00,2,3,01,B01
200700067533,0,33,000,00,1,7,17,A01
200700067534,0,30,000,00,2,1,01,B01
200700067534,0,07,000,00,2,1,15,A01
200700067535,0,07,000,00,2,1,09,A01
200700067535,0,07,000,00,2,1,01,B01
200700067536,0,05,000,00,1,8,01,A01
200700067537,0,07,000,01,0,1,01,A01
200700067538,0,07,000,00,1,3,16,A01
200700067539,0,07,000,00,2,1,02,A01
200700067539,0,07,000,00,2,4,02,B01
200700067539,0,07,000,00,2,4,02,C01
200700067539,0,07,000,00,2,4,02,D01
200700067540,0,07,000,00,2,3,09,A01
200700067540,0,32,000,00,2,1,01,B01
200700067541,0,30,000,00,2,2,02,A01
200700067541,0,02,000,00,2,6,13,B01
200700067542,0,07,000,00,1,1,01,A01
200700067543,0,07,000,00,2,2,15,A01
200700067543,0,01,000,00,2,1,01,B01
200700067544,0,07,000,00,2,3,17,A01
200700067544,0,02,000,00,2,1,01,B01
200700067545,0,10,000,00,1,4,04,A01
200700067546,0,07,000,00,9,3,05,A01
200700067546,0,01,000,00,2,1,01,B01
200700067547,0,32,000,00,1,0,00,A01
200700067547,2,01,000,00,0,0,00,B01
200700067547,2,01,000,00,0,0,00,C01
200700067548,0,32,000,00,2,7,01,B01
200700067548,0,07,000,00,2,1,19,A01
200700067549,0,30,000,00,2,8,13,A01
200700067549,0,07,000,00,2,1,02,B01
200700067550,0,33,000,03,0,8,13,A01
200700067551,0,33,000,00,2,1,02,A01
200700067551,0,07,000,00,0,5,02,B01
200700067552,0,07,000,00,2,1,02,A01
200700067552,0,07,000,00,2,4,23,B01
200700067553,0,07,000,00,2,1,15,A01
200700067553,0,02,000,00,2,1,05,B01
200700067554,0,07,000,00,2,8,01,A01
200700067554,0,10,000,00,2,1,01,B01
200700067555,0,07,000,00,2,1,15,A01
200700067555,0,07,000,00,2,1,01,B01
200700067556,0,30,000,00,2,4,01,B01
200700067556,0,07,000,00,9,1,01,A01
200700067557,0,33,000,00,2,0,05,A01
200700067557,0,07,000,00,2,7,06,B01
200700067558,0,07,000,00,1,3,01,A01
200700067559,0,07,000,00,2,2,15,B01
200700067559,0,07,000,00,2,6,15,C01
200700067559,0,02,000,00,2,1,15,A01
200700067560,0,07,000,00,1,1,00,A01
200700067561,0,02,000,00,2,1,13,B01
200700067561,0,37,002,00,2,3,01,A01
200700067562,0,10,000,01,2,7,09,A01
200700067562,0,10,000,00,2,1,02,B01
200700067563,1,07,000,00,1,3,01,A01
200700067564,0,07,000,00,2,8,16,B01
200700067564,2,07,000,14,2,1,01,A01
200700067565,0,01,000,00,2,1,19,A01
200700067565,0,07,000,00,9,2,01,B01
200700067566,0,02,000,00,0,7,14,A01
200700067567,0,07,000,00,2,1,01,B01
200700067567,0,07,000,00,2,1,00,C01
200700067567,0,07,000,00,2,3,16,A01
200700067568,0,07,000,01,0,1,13,A01
200700067569,0,07,000,08,0,1,14,A01
200700067570,0,07,000,06,0,3,01,A01
200700067571,0,07,000,00,1,1,01,A01
200700067572,0,33,000,00,2,1,13,A01
200700067572,0,07,000,00,0,3,21,B01
200700067573,0,07,000,00,2,7,13,A01
200700067573,0,07,000,00,2,1,21,B01
200700067574,0,30,000,00,2,1,09,A01
200700067574,0,07,000,00,2,2,01,B01
200700067575,0,07,000,00,1,2,01,A01
200700067576,0,07,000,00,2,3,09,A01
200700067576,0,07,000,00,2,1,01,B01
200700067577,0,07,000,02,0,1,14,A01
200700067578,0,02,000,00,2,2,17,A01
200700067578,0,07,000,00,2,8,01,B01
200700067579,0,07,000,12,0,7,14,A01
200700067580,0,07,000,00,2,3,13,A01
200700067580,0,07,000,00,2,3,01,B01
200700067581,0,10,000,00,2,1,02,A01
200700067581,0,07,000,00,2,4,02,B01
200700067582,0,07,000,00,2,2,01,A01
200700067582,0,07,000,00,2,1,01,B01
200700067583,0,07,000,00,2,1,01,B01
200700067583,0,07,000,00,2,1,13,A01
200700067583,0,07,000,00,0,1,23,C01
200700067584,0,07,000,00,1,2,01,A01
200700067585,0,07,000,00,0,4,01,B01
200700067585,0,02,000,00,2,1,02,A01
200700067586,0,07,000,00,1,1,15,A01
200700067587,0,07,000,00,2,1,01,B01
200700067587,0,07,000,04,2,1,14,A01
200700067588,0,15,000,00,2,1,01,B01
200700067588,0,07,000,00,2,7,15,A01
200700067589,0,07,000,08,0,0,02,A01
200700067590,0,02,000,00,0,0,09,A01
200700067591,0,07,000,00,2,2,01,B01
200700067591,0,07,000,00,2,2,15,A01
200700067592,0,07,000,00,0,4,01,B01
200700067592,0,07,000,00,2,1,01,A01
200700067593,0,02,000,00,1,1,01,A01
200700067594,0,07,000,00,2,7,13,A01
200700067594,0,07,000,00,0,6,17,B01
200700067594,0,07,000,00,2,3,01,C01
200700067595,0,07,000,11,0,3,02,A01
200700067596,0,07,000,00,2,3,01,A01
200700067596,0,07,000,00,2,3,01,B01
200700067597,0,30,000,00,0,1,00,A01
200700067597,0,07,000,00,2,4,02,B01
200700067598,0,07,000,00,2,2,15,A01
200700067598,0,30,000,00,2,1,01,B01
200700067599,0,07,000,00,2,1,00,A01
200700067599,0,32,000,00,2,3,00,B01
200700067600,0,07,000,00,2,5,15,A01
200700067600,0,02,000,00,2,1,01,B01
200700067601,0,38,000,00,9,7,02,A01
200700067601,0,01,000,00,2,8,18,B01
200700067602,0,01,000,00,2,8,16,B01
200700067602,0,14,000,00,2,7,01,A01
200700067603,0,07,000,00,2,1,01,B01
200700067603,0,07,000,01,2,1,14,A01
200700067604,1,33,000,00,1,1,00,A01
200700067605,0,30,000,00,2,2,17,A01
200700067605,0,07,000,00,2,3,15,B01
200700067606,0,07,000,00,2,1,13,A01
200700067606,0,33,000,00,2,1,01,B01
200700067607,0,02,000,00,2,8,01,B01
200700067607,1,03,000,00,2,3,15,A01
200700067608,0,07,000,04,2,1,13,A01
200700067608,0,07,000,00,2,1,01,B01
200700067609,0,07,000,00,1,4,04,A01
200700067610,0,30,000,00,2,1,17,A01
200700067610,0,07,000,00,2,6,15,B01
200700067611,1,30,000,00,1,0,00,A01
200700067612,0,07,000,00,1,7,01,A01
200700067613,0,07,000,00,1,8,02,A01
200700067614,0,07,000,00,2,2,09,A01
200700067614,0,32,000,00,2,2,21,B01
200700067615,1,07,000,00,2,0,17,A01
200700067615,0,01,000,00,2,3,01,B01
200700067616,0,07,000,00,2,6,04,A01
200700067616,0,02,000,00,2,1,01,B01
200700067617,0,07,000,00,2,3,15,A01
200700067617,0,32,000,00,2,1,01,B01
200700067617,0,07,000,00,2,8,23,C01
200700067618,0,02,000,00,2,0,01,A01
200700067618,0,07,000,00,2,5,01,B01
200700067619,0,07,000,00,2,8,22,A01
200700067619,0,30,000,01,2,7,01,B01
200700067619,0,07,000,00,2,2,02,C01
200700067620,0,07,000,00,1,1,01,A01
200700067621,0,07,000,00,1,1,15,A01
200700067622,0,07,000,00,2,1,13,A01
200700067622,0,33,000,00,2,1,01,B01
200700067623,0,07,000,00,2,3,15,A01
200700067623,0,33,000,00,2,1,01,B01
200700067624,0,07,000,10,2,4,06,A01
200700067624,0,14,000,00,2,3,01,B01
200700067625,0,07,000,00,2,1,02,A01
200700067625,0,07,000,00,2,4,02,B01
200700067626,0,07,000,00,2,3,01,A01
200700067626,0,07,000,00,2,3,15,B01
200700067627,0,07,000,00,2,7,15,A01
200700067627,0,31,000,00,2,8,01,B01
200700067628,0,07,000,00,2,2,02,A01
200700067628,0,02,000,00,2,4,02,B01
200700067629,1,02,000,00,2,1,02,A01
200700067629,0,07,000,00,2,5,02,B01
200700067630,0,07,000,00,1,1,00,A01
200700067631,0,07,000,00,2,3,10,A01
200700067631,0,31,000,00,2,1,01,B01
200700067632,0,07,000,00,1,1,01,A01
200700067633,0,07,000,00,2,1,02,A01
200700067633,0,07,000,00,2,4,01,B01
200700067634,0,33,000,00,2,1,02,B01
200700067634,0,07,000,00,2,5,10,A01
200700067635,0,07,000,00,2,8,15,A01
200700067635,0,30,000,00,2,1,17,B01
200700067636,0,32,000,00,2,2,00,B01
200700067636,0,07,000,00,2,2,15,A01
200700067637,0,30,000,00,2,1,17,A01
200700067637,0,07,000,00,2,3,15,B01
200700067638,0,32,000,00,1,2,01,A01
200700067639,0,07,000,00,2,1,01,A01
200700067639,0,02,000,00,2,1,00,B01
200700067640,0,07,000,00,1,1,01,A01
200700067641,0,01,000,00,2,1,00,A01
200700067641,0,07,000,00,2,1,00,B01
200700067642,0,02,000,00,2,1,01,A01
200700067643,0,07,000,00,1,1,16,A01
200700067644,0,07,000,00,2,1,00,A01
200700067645,0,30,000,00,2,1,00,A01
200700067645,0,07,000,00,2,4,01,B01
200700067646,0,07,000,00,2,1,01,A01
200700067646,0,30,000,00,2,1,00,B01
200700067647,0,30,000,00,2,1,00,A01
200700067647,0,07,000,00,2,3,01,B01
200700067648,0,33,000,00,2,7,17,A01
200700067648,0,30,000,00,2,8,01,B01
200700067649,0,07,000,00,2,1,00,A01
200700067650,0,01,000,00,2,1,01,A01
200700067650,0,37,010,00,2,7,01,B01
200700067651,0,07,000,00,1,4,04,A01
200700067652,0,07,000,00,1,1,01,A01
200700067653,0,07,000,00,2,3,01,A01
200700067653,0,01,000,00,2,1,01,B01
200700067654,0,07,000,00,2,1,01,B01
200700067654,0,30,000,00,2,1,13,A01
200700067655,0,07,000,00,2,0,00,A01
200700067655,0,01,000,00,2,1,00,B01
200700067656,0,07,000,00,2,3,01,A01
200700067656,0,02,000,00,2,1,01,B01
200700067657,0,33,000,00,2,1,01,B01
200700067657,0,07,000,00,2,7,09,A01
200700067658,0,07,000,00,2,6,20,A01
200700067658,0,33,000,00,2,1,01,B01
200700067659,0,07,000,00,1,2,01,A01
200700067660,0,07,000,00,1,3,00,A01
200700067661,0,07,000,00,2,1,01,A01
200700067661,0,07,000,00,2,3,01,B01
200700067662,0,07,000,00,2,4,01,A01
200700067662,0,07,000,00,2,1,01,B01
200700067663,0,07,000,00,2,1,01,A01
200700067663,0,07,000,00,2,3,15,B01
200700067664,0,07,000,00,2,2,15,A01
200700067665,0,07,000,00,2,5,15,A01
200700067665,0,32,000,00,2,1,01,B01
200700067666,0,07,000,00,2,5,15,A01
200700067666,0,32,000,00,2,1,01,B01
200700067667,0,07,000,00,2,3,13,A01
200700067667,0,32,000,00,2,1,17,B01
200700067668,0,07,000,00,2,2,20,A01
200700067668,0,02,000,00,2,1,01,B01
200700067669,0,33,000,08,0,1,01,A01
200700067670,0,07,000,00,2,1,02,A01
200700067670,0,07,000,00,2,4,01,B01
200700067671,0,07,000,00,1,1,16,A01
200700067672,0,32,000,01,0,1,14,A01
200700067673,0,07,000,00,2,4,01,B01
200700067673,0,07,000,00,2,1,02,A01
200700067674,0,30,000,00,1,1,01,A01
200700067675,0,07,000,00,2,1,02,A01
200700067675,0,07,000,00,0,4,02,B01
200700067676,0,30,000,00,2,1,02,A01
200700067676,0,07,000,00,0,4,16,B01
200700067677,0,32,000,00,2,1,17,A01
200700067677,0,07,000,00,2,2,15,B01
200700067678,0,33,000,00,0,0,01,A01
200700067679,0,10,000,00,2,1,02,A01
200700067679,0,07,000,00,0,4,02,B01
200700067680,1,35,000,00,1,0,00,A01
200700067681,0,07,000,00,2,4,04,A01
200700067681,0,02,000,00,0,1,01,B01
200700067682,0,30,000,00,0,0,00,A01
200700067683,0,02,000,14,2,1,01,A01
200700067683,0,07,000,00,2,2,01,B01
200700067684,0,07,000,00,2,1,01,A01
200700067684,0,07,000,00,0,4,23,B01
200700067684,0,07,000,00,2,1,01,C01
200700067685,0,30,000,00,2,1,02,A01
200700067685,0,07,000,00,0,4,02,B01
200700067686,0,33,000,00,0,0,13,A01
200700067687,0,07,000,00,2,3,13,A01
200700067687,0,07,000,00,2,3,14,B01
200700067688,0,07,000,00,0,1,01,B01
200700067688,0,10,000,00,2,1,16,A01
200700067689,0,07,000,06,0,0,00,A01
200700067690,0,07,000,00,2,3,13,A01
200700067690,0,07,000,00,0,3,01,B01
200700067691,0,07,000,08,0,0,00,A01
200700067692,0,07,000,00,1,4,04,A01
200700067693,0,10,000,00,2,1,02,A01
200700067693,0,07,000,00,0,4,23,B01
200700067694,0,37,001,00,1,1,00,A01
200700067695,0,10,000,00,2,1,01,A01
200700067695,0,02,000,00,0,6,15,B01
200700067696,0,07,000,00,2,7,15,A01
200700067696,0,33,000,00,0,1,01,B01
200700067697,0,02,000,00,2,1,13,A01
200700067697,0,14,000,00,0,3,01,B01
200700067698,0,02,000,00,2,1,01,A01
200700067698,0,07,000,00,0,1,01,B01
200700067699,0,10,000,00,2,1,01,A01
200700067699,0,14,000,00,0,8,24,C01
200700067699,0,30,000,00,2,8,01,B01
200700067700,0,02,000,00,1,1,01,A01
200700067701,0,02,000,00,2,1,01,A01
200700067701,0,07,000,00,2,3,01,B01
200700067702,0,07,000,00,0,8,10,A01
200700067702,0,33,000,00,2,1,17,B01
200700067703,0,02,000,00,2,1,01,B01
200700067703,0,02,000,00,0,0,01,C01
200700067703,0,07,000,00,2,8,01,A01
200700067704,0,30,000,00,2,8,15,A01
200700067704,0,33,000,00,2,1,01,B01
200700067705,0,33,000,00,2,1,01,A01
200700067705,0,31,000,00,0,4,23,B01
200700067706,0,14,000,00,2,4,04,A01
200700067706,0,02,000,00,2,7,09,B01
200700067707,0,07,000,00,0,3,15,A01
200700067707,0,07,000,00,2,1,01,B01
200700067708,0,07,000,00,2,1,14,A01
200700067709,0,01,000,00,1,1,00,A01
200700067710,0,07,000,00,2,6,09,A01
200700067710,0,02,000,00,2,1,01,B01
200700067711,0,34,000,00,2,1,01,B01
200700067711,0,10,000,00,2,2,10,A01
200700067712,0,07,000,00,2,5,15,A01
200700067712,0,02,000,00,2,1,01,B01
200700067713,0,10,000,00,1,4,04,A01
200700067714,0,07,000,00,2,7,15,A01
200700067714,0,30,000,00,2,1,01,B01
200700067715,0,07,000,00,2,1,00,A01
200700067715,0,07,000,00,2,1,00,B01
200700067716,0,07,000,00,1,2,01,A01
200700067717,0,07,000,06,0,1,02,A01
200700067718,0,07,000,00,2,3,16,A01
200700067718,0,32,000,00,2,2,01,B01
200700067719,0,30,000,00,2,1,01,A01
200700067719,0,07,000,00,2,3,15,B01
200700067720,0,07,000,00,2,3,02,A01
200700067720,0,07,000,00,2,4,23,B01
200700067721,0,07,000,00,2,2,09,A01
200700067721,0,32,000,00,2,1,02,B01
200700067722,0,07,000,00,2,2,15,A01
200700067722,0,33,000,00,2,1,01,B01
200700067723,0,32,000,00,1,1,02,A01
200700067724,0,07,000,00,2,1,01,A01
200700067724,0,07,000,00,2,4,23,B01
200700067725,0,07,000,00,1,2,16,A01
200700067726,0,07,000,00,0,2,14,A01
200700067726,0,07,000,00,2,3,00,B01
200700067726,0,07,000,00,2,3,00,C01
200700067726,0,07,000,00,2,4,00,D01
200700067727,0,14,000,00,2,2,01,A01
200700067727,0,07,000,00,2,6,01,B01
200700067728,0,07,000,00,2,1,02,A01
200700067728,0,07,000,00,2,4,23,B01
200700067729,0,07,000,00,0,0,01,A01
200700067729,0,32,000,00,0,0,02,B01
200700067730,0,05,000,00,2,1,21,A01
200700067730,0,07,000,00,2,1,11,B01
200700067731,0,07,000,00,0,0,17,A01
200700067731,0,33,000,00,2,8,21,B01
200700067732,0,33,000,07,2,1,01,A01
200700067732,0,07,000,00,2,4,23,B01
200700067733,0,10,000,00,2,1,02,A01
200700067733,0,07,000,00,2,4,23,B01
200700067734,0,05,000,00,2,1,01,A01
200700067734,0,07,000,00,2,6,01,B01
200700067735,0,07,000,00,2,1,01,A01
200700067735,0,02,000,00,2,3,01,B01
200700067736,0,07,000,00,2,2,01,A01
200700067736,0,07,000,00,2,1,01,B01
200700067737,0,02,000,00,2,2,17,A01
200700067737,0,07,000,00,2,8,15,B01
200700067738,0,07,000,00,2,1,02,A01
200700067738,0,07,000,00,2,4,02,B01
200700067739,0,07,000,00,2,8,15,A01
200700067739,0,02,000,00,2,1,01,B01
200700067740,0,10,000,12,0,1,13,B01
200700067740,0,10,000,00,0,0,13,A01
200700067741,0,02,000,00,2,5,15,A01
200700067741,0,07,000,00,2,1,01,B01
200700067742,0,07,000,14,0,1,02,A01
200700067742,0,07,000,00,2,4,23,B01
200700067743,0,32,000,00,2,8,01,A01
200700067743,0,10,000,00,2,2,16,B01
200700067744,0,07,000,00,2,4,16,A01
200700067744,0,32,000,00,2,1,01,B01
200700067745,0,14,000,00,2,5,15,A01
200700067745,0,33,000,00,2,7,01,B01
200700067746,0,07,000,02,0,1,14,A01
200700067747,0,07,000,00,2,6,09,A01
200700067747,0,33,000,00,2,1,01,B01
200700067748,0,07,000,00,0,0,09,A01
200700067748,0,32,000,00,0,7,02,B01
200700067749,0,02,000,00,2,1,01,A01
200700067749,0,07,000,00,2,4,01,B01
200700067750,0,07,000,00,2,1,10,A01
200700067750,0,07,000,01,2,1,01,B01
200700067750,0,07,000,00,2,8,00,C01
200700067751,0,07,000,00,2,2,16,A01
200700067751,0,02,000,00,2,0,18,B01
200700067752,0,02,000,14,0,1,02,A01
200700067752,0,07,000,00,2,4,02,B01
200700067753,0,07,000,00,1,1,01,A01
200700067754,0,02,000,00,2,1,00,A01
200700067754,0,01,000,00,2,1,00,B01
200700067755,0,02,000,00,2,1,00,A01
200700067755,0,07,000,00,2,3,05,B01
200700067756,0,07,000,00,2,1,02,A01
200700067756,0,01,000,00,2,0,02,B01
200700067757,0,07,000,00,2,1,01,A01
200700067757,0,07,000,01,2,4,23,B01
200700067757,0,07,000,00,0,0,23,C01
200700067758,0,37,001,00,1,1,01,A01
200700067759,0,07,000,07,0,1,01,A01
200700067760,0,07,000,00,2,1,01,A01
200700067760,0,07,000,00,2,4,01,B01
200700067761,0,07,000,00,2,8,22,A01
200700067761,0,01,000,01,0,1,01,B01
200700067762,0,07,000,00,2,8,02,A01
200700067762,0,07,000,00,2,8,02,B01
200700067763,0,07,000,00,2,3,20,A01
200700067763,1,02,000,00,2,0,00,B01
200700067764,0,01,000,00,2,0,00,A01
200700067764,0,07,000,00,2,6,01,B01
200700067765,0,07,000,00,2,3,15,A01
200700067765,0,05,000,00,2,1,01,B01
200700067766,0,07,000,00,1,1,02,A01
200700067767,0,05,000,00,2,9,01,B01
200700067767,0,07,000,00,2,1,15,A01
200700067768,0,05,000,00,2,1,13,A01
200700067768,0,37,001,00,2,3,01,B01
200700067769,0,02,000,01,1,1,01,A01
200700067770,0,05,000,00,0,0,02,A01
200700067770,0,07,000,00,0,0,15,B01
200700067771,0,15,000,00,1,1,00,A01
200700067772,0,07,000,00,0,0,15,A01
200700067772,0,05,000,00,0,8,01,B01
200700067773,0,02,000,00,2,1,02,A01
200700067773,0,18,001,00,2,4,01,B01
200700067773,0,07,000,00,2,4,01,C01
200700067773,0,07,000,00,2,8,01,D01
200700067774,0,07,000,00,2,1,02,A01
200700067774,0,07,000,00,2,9,02,B01
200700067774,0,07,000,00,2,4,02,C01
200700067775,0,07,000,00,2,1,19,A01
200700067775,0,33,000,00,2,1,01,B01
200700067776,0,07,000,00,1,1,01,A01
200700067777,0,02,000,00,2,1,02,A01
200700067777,0,07,000,00,2,4,02,B01
200700067778,0,07,000,00,2,5,15,A01
200700067778,0,02,000,00,2,1,01,B01
200700067778,0,02,000,01,2,9,01,C01
200700067779,0,07,000,00,1,1,02,A01
200700067780,0,07,000,00,2,1,01,A01
200700067780,0,07,000,01,1,3,01,B01
200700067781,0,07,000,00,2,5,12,A01
200700067781,0,02,000,00,2,3,01,B01
200700067782,0,32,000,00,2,1,01,B01
200700067782,0,07,000,00,2,2,01,A01
200700067783,0,10,000,00,2,8,15,A01
200700067783,0,05,000,00,2,2,01,B01
200700067784,0,07,000,00,2,3,09,A01
200700067784,0,05,000,00,2,2,01,B01
200700067785,0,05,000,00,1,8,01,A01
200700067786,0,05,000,00,2,1,01,A01
200700067786,0,07,000,00,2,6,14,B01
200700067787,0,07,000,14,0,1,01,A01
200700067787,0,07,000,14,2,4,02,B01
200700067787,0,07,000,00,2,4,02,C01
200700067788,0,07,000,00,2,1,02,A01
200700067788,0,02,000,00,2,7,15,B01
200700067789,0,07,000,00,1,8,01,A01
200700067790,0,07,000,00,2,6,09,A01
200700067790,0,05,000,00,2,1,02,B01
200700067791,0,02,000,00,2,1,17,A01
200700067791,0,07,000,00,2,3,02,B01
200700067792,0,01,000,00,1,0,01,A01
200700067793,0,31,000,14,0,1,01,A01
200700067794,0,07,000,00,2,1,01,B01
200700067794,0,07,000,00,2,1,09,A01
200700067795,0,07,000,00,2,7,02,A01
200700067795,0,07,000,00,2,3,02,B01
200700067796,0,02,000,02,2,1,17,A01
200700067796,0,07,000,00,2,3,15,B01
200700067797,0,07,000,00,2,1,01,A01
200700067797,0,07,000,00,2,4,02,B01
200700067798,0,07,000,00,2,5,12,A01
200700067798,0,07,000,01,2,3,01,B01
200700067799,0,07,000,00,2,0,00,A01
200700067799,0,02,000,00,2,3,00,B01
200700067800,0,07,000,00,2,1,15,A01
200700067800,0,05,000,00,2,1,01,B01
200700067801,0,07,000,00,2,8,15,A01
200700067801,0,02,000,00,2,3,01,B01
200700067802,0,07,000,00,2,3,20,A01
200700067802,0,02,000,00,2,1,00,B01
200700067803,0,07,000,08,0,9,01,A01
200700067804,0,02,000,00,2,2,01,A01
200700067804,0,07,000,00,2,0,23,B01
200700067805,0,10,000,00,1,4,04,A01
200700067806,0,05,000,00,0,0,01,A01
200700067806,0,07,000,00,0,0,23,B01
200700067807,0,07,000,14,0,1,01,A01
200700067807,0,07,000,00,2,4,23,B01
200700067808,0,02,000,00,2,7,17,B01
200700067808,0,07,000,00,2,1,15,A01
200700067809,0,07,000,00,1,1,00,A01
200700067810,0,05,000,00,2,9,01,A01
200700067810,0,07,000,00,2,3,23,B01
200700067811,0,07,000,00,2,8,09,A01
200700067811,0,05,000,00,2,7,01,B01
200700067812,0,10,000,00,2,1,02,A01
200700067812,0,07,000,00,2,1,09,B01
200700067813,0,32,000,00,2,1,02,A01
200700067813,0,07,000,00,0,4,02,B01
200700067814,0,02,000,00,2,1,02,A01
200700067814,0,07,000,00,2,4,23,B01
200700067815,0,07,000,00,2,3,09,A01
200700067815,0,07,000,00,2,1,01,B01
200700067816,0,07,000,00,1,1,01,A01
200700067817,0,07,000,00,2,1,00,A01
200700067817,0,07,000,00,2,4,00,B01
200700067817,0,07,000,00,2,4,00,C01
200700067818,0,07,000,00,2,3,13,A01
200700067818,0,07,000,00,2,3,01,B01
200700067818,0,07,000,00,2,8,05,C01
200700067819,0,10,000,00,1,2,01,A01
200700067820,1,13,000,00,0,0,00,A01
200700067820,0,07,000,00,2,8,09,B01
200700067821,0,07,000,00,1,3,02,A01
200700067822,0,07,000,00,2,1,01,A01
200700067822,0,02,000,00,2,8,01,B01
200700067823,0,07,000,00,0,0,17,A01
200700067823,0,07,000,00,2,1,21,B01
200700067823,0,07,000,00,2,1,01,C01
200700067824,0,07,000,00,2,4,01,B01
200700067824,1,07,000,00,2,0,01,A01
200700067825,0,02,000,00,2,3,18,A01
200700067825,0,07,000,00,2,7,14,B01
200700067826,0,30,000,00,2,1,01,A01
200700067826,1,07,000,00,2,8,15,B01
200700067827,0,07,000,00,2,0,02,A01
200700067828,0,07,000,00,2,6,01,B01
200700067828,0,07,000,00,2,1,09,A01
200700067829,0,05,000,00,1,1,00,A01
200700067830,0,18,001,00,1,3,01,A01
200700067831,1,02,000,00,1,0,00,A01
200700067832,0,07,000,00,2,3,01,A01
200700067832,0,05,000,00,2,1,02,B01
200700067833,0,10,000,00,2,1,02,A01
200700067833,0,10,000,00,2,4,02,B01
200700067833,0,07,000,00,2,4,23,C01
200700067834,0,07,000,00,2,1,05,A01
200700067834,0,07,000,00,2,1,01,B01
200700067835,0,32,000,00,2,1,02,A01
200700067835,0,07,000,00,2,7,15,B01
200700067836,0,05,000,00,1,1,01,A01
200700067837,0,07,000,00,2,1,01,A01
200700067837,0,07,000,00,2,4,02,B01
200700067837,0,07,000,14,2,4,02,C01
200700067837,0,07,000,14,2,4,02,D01
200700067837,0,07,000,00,2,4,02,E01
200700067838,0,07,000,00,1,1,15,A01
200700067839,0,14,000,00,2,1,09,A01
200700067839,0,07,000,00,2,1,01,B01
200700067840,0,10,000,00,2,1,02,A01
200700067840,0,07,000,00,2,1,02,B01
200700067840,0,07,000,00,2,1,02,C01
200700067840,0,07,000,00,2,1,02,D01
200700067841,0,02,000,00,2,7,17,A01
200700067841,0,07,000,00,2,2,01,B01
200700067842,0,07,000,00,1,4,04,A01
200700067843,0,07,000,00,2,7,16,A01
200700067843,0,05,000,00,2,3,01,B01
200700067844,2,07,000,01,2,1,01,A01
200700067844,0,02,000,00,2,9,01,B01
200700067845,0,32,000,00,0,2,21,A01
200700067845,0,07,000,00,0,0,02,B01
200700067846,0,02,000,00,2,1,01,A01
200700067846,0,07,000,00,2,8,01,B01
200700067847,0,32,000,00,2,1,01,A01
200700067847,0,20,000,00,2,7,00,B01
200700067848,0,02,000,00,2,0,01,A01
200700067848,0,01,000,00,2,0,15,B01
200700067849,1,07,000,00,1,1,01,A01
200700067850,0,15,000,04,0,1,01,A01
200700067851,0,07,000,06,0,1,01,A01
200700067852,0,07,000,00,2,3,10,A01
200700067852,0,07,000,00,2,7,01,B01
200700067853,0,07,000,00,2,1,01,A01
200700067853,0,07,000,00,2,1,01,B01
200700067854,0,07,000,00,1,1,01,A01
200700067855,0,07,000,00,1,3,15,A01
200700067856,0,30,000,00,2,1,17,A01
200700067856,0,07,000,00,2,8,15,B01
200700067857,0,10,000,00,1,4,04,A01
200700067858,0,07,000,00,2,2,15,A01
200700067858,0,01,000,00,2,1,01,B01
200700067859,0,07,000,00,2,7,01,A01
200700067859,0,33,000,00,2,1,02,B01
200700067860,0,15,000,00,2,1,01,B01
200700067860,0,07,000,00,2,8,15,A01
200700067861,0,30,000,01,0,8,17,A01
200700067862,0,10,000,00,1,1,01,A01
200700067863,0,31,000,00,2,1,01,A01
200700067863,0,07,000,00,2,4,01,B01
200700067864,0,02,000,00,2,1,01,A01
200700067864,0,07,000,00,2,4,01,B01
200700067865,0,02,000,00,1,1,00,A01
200700067866,0,07,000,00,2,3,15,A01
200700067866,0,02,000,00,2,1,17,B01
200700067867,0,07,000,00,2,1,01,A01
200700067867,0,07,000,00,2,4,23,B01
200700067868,0,07,000,00,2,1,15,A01
200700067868,0,02,000,00,2,1,01,B01
200700067869,0,37,001,00,1,5,01,B01
200700067870,0,07,000,00,2,1,01,A01
200700067870,0,07,000,00,2,4,23,B01
200700067870,0,07,000,00,2,4,23,C01
200700067870,0,07,000,00,2,4,23,D01
200700067871,0,07,000,00,2,2,15,A01
200700067871,0,34,000,00,2,1,01,B01
200700067872,0,07,000,00,2,3,02,A01