Num_Acc,senc,catv,occutc,obs,obsm,choc,manv,num_veh
200700067872,0,07,000,00,2,5,02,B01
200700067873,0,07,000,00,2,2,15,A01
200700067873,0,02,000,00,2,1,01,B01
200700067874,0,07,000,00,2,3,15,A01
200700067874,0,05,000,01,2,1,05,B01
200700067875,0,07,000,00,2,3,16,A01
200700067875,0,07,000,00,2,5,01,B01
200700067876,0,07,000,00,1,1,16,A01
200700067877,0,07,000,00,9,2,01,A01
200700067877,0,01,000,00,2,8,01,B01
200700067878,0,02,000,00,2,1,17,A01
200700067878,0,07,000,00,2,0,15,B01
200700067879,0,07,000,00,1,3,00,A01
200700067880,0,07,000,00,2,8,09,B01
200700067880,0,07,000,00,2,1,02,A01
200700067881,0,07,000,06,0,7,01,A01
200700067882,0,02,000,00,1,1,01,A01
200700067883,0,07,000,00,1,2,01,A01
200700067884,0,07,000,00,2,3,16,A01
200700067884,0,30,000,00,2,1,01,B01
200700067885,0,07,000,00,2,1,01,A01
200700067885,0,07,000,00,2,8,01,B01
200700067885,0,07,000,00,2,6,01,C01
200700067885,0,07,000,00,2,1,01,D01
200700067886,0,07,000,00,2,3,15,A01
200700067886,0,02,000,00,2,1,01,B01
200700067887,0,10,000,00,2,7,15,A01
200700067887,0,30,000,00,2,1,01,B01
200700067888,0,07,000,00,1,1,15,A01
200700067889,0,07,000,00,1,1,01,A01
200700067890,0,10,000,00,2,5,09,A01
200700067890,0,32,000,00,2,1,01,B01
200700067891,0,07,000,00,1,3,01,A01
200700067892,0,33,000,00,2,1,01,B01
200700067892,0,10,000,00,2,1,19,A01
200700067893,0,07,000,00,1,2,01,A01
200700067894,0,07,000,00,1,1,01,A01
200700067895,0,07,000,00,1,2,01,A01
200700067896,0,07,000,00,1,1,00,A01
200700067897,0,07,000,00,2,0,00,A01
200700067897,0,30,000,00,2,0,00,B01
200700067898,0,07,000,06,0,3,16,B01
200700067898,0,30,000,00,2,1,01,A01
200700067899,0,30,000,12,2,9,02,A01
200700067899,0,07,000,00,2,2,02,B01
200700067900,0,30,000,01,2,2,02,A01
200700067900,0,07,000,00,2,8,15,B01
200700067900,0,07,000,00,2,8,24,C01
200700067901,0,07,000,00,2,1,02,A01
200700067901,0,07,000,00,2,4,01,B01
200700067902,1,07,000,00,1,1,15,A01
200700067903,0,07,000,00,2,1,17,A01
200700067903,0,07,000,00,2,6,15,B01
200700067904,0,07,000,00,2,3,15,A01
200700067904,0,33,000,00,2,0,01,B01
200700067905,0,07,000,00,1,6,16,A01
200700067906,0,07,000,08,0,1,01,A01
200700067907,0,07,000,00,2,5,12,B01
200700067907,0,17,000,00,2,3,01,A01
200700067908,0,07,000,00,1,7,01,A01
200700067909,0,07,000,00,2,1,01,B01
200700067909,0,07,000,00,2,1,21,A01
200700067910,0,33,000,00,0,8,01,A01
200700067911,0,37,002,00,1,0,01,A01
200700067912,0,07,000,00,2,1,02,A01
200700067912,0,07,000,00,0,3,01,B01
200700067913,1,07,000,00,2,1,02,A01
200700067913,0,02,000,00,0,4,02,B01
200700067914,0,07,000,03,0,3,00,A01
200700067915,0,07,000,01,0,3,01,A01
200700067916,0,07,000,00,2,3,09,A01
200700067916,0,01,000,00,0,7,01,B01
200700067917,0,07,000,00,2,3,13,A01
200700067917,0,07,000,00,0,3,01,B01
200700067918,0,07,000,00,1,2,01,A01
200700067919,1,07,000,00,1,1,01,A01
200700067920,0,07,000,00,2,2,02,A01
200700067920,0,07,000,00,0,3,02,B01
200700067921,0,07,000,00,2,6,00,B01
200700067921,0,07,000,00,2,2,15,A01
200700067922,0,30,000,00,2,1,02,A01
200700067922,0,07,000,00,2,1,15,B01
200700067923,0,07,000,00,1,3,01,A01
200700067924,0,07,000,00,2,2,17,A01
200700067924,0,30,000,00,2,6,02,B01
200700067925,0,07,000,00,2,8,01,B01
200700067925,0,30,000,00,2,1,09,A01
200700067926,0,07,000,15,2,1,02,B01
200700067926,0,07,000,00,2,1,00,A01
200700067927,0,07,000,00,1,2,16,A01
200700067928,0,07,000,00,2,1,01,A01
200700067928,0,07,000,00,0,4,09,B01
200700067929,0,07,000,00,2,3,09,A01
200700067929,0,30,000,00,2,7,01,B01
200700067930,0,07,000,00,2,3,01,B01
200700067930,0,07,000,00,2,2,01,A01
200700067931,0,01,000,00,2,7,01,B01
200700067931,0,07,000,00,2,1,09,A01
200700067932,0,07,000,00,2,3,01,A01
200700067932,0,02,000,00,2,8,15,B01
200700067933,0,07,000,00,1,7,01,A01
200700067934,0,07,000,00,1,1,01,A01
200700067935,0,07,000,14,0,1,02,A01
200700067935,0,07,000,00,0,4,23,B01
200700067935,0,32,000,15,0,1,02,C01
200700067936,0,10,000,00,0,1,01,A01
200700067937,0,07,000,00,2,2,01,A01
200700067937,0,30,000,00,2,1,01,B01
200700067938,0,07,000,00,0,3,16,A01
200700067938,0,33,000,00,2,1,01,B01
200700067939,0,07,000,00,1,4,04,A01
200700067940,0,07,000,00,2,2,01,A01
200700067940,0,07,000,00,2,3,09,B01
200700067941,0,07,000,00,0,0,00,A01
200700067941,0,32,000,00,0,0,00,B01
200700067942,0,07,000,00,1,2,01,A01
200700067943,0,07,000,00,2,5,15,A01
200700067943,0,31,000,00,2,1,01,B01
200700067944,0,07,000,00,2,1,02,A01
200700067944,0,07,000,00,2,4,23,B01
200700067945,0,32,000,00,1,7,01,A01
200700067946,0,33,000,00,2,1,02,A01
200700067946,0,07,000,00,2,4,20,B01
200700067947,1,99,000,00,0,4,04,A01
200700067948,0,07,000,00,2,1,01,A01
200700067948,0,10,000,00,0,2,00,B01
200700067949,0,07,000,00,1,3,01,A01
200700067950,0,30,000,00,2,4,02,B01
200700067950,0,07,000,00,2,2,01,A01
200700067951,0,07,000,00,1,1,00,A01
200700067952,0,07,000,00,2,1,02,A01
200700067952,0,07,000,00,2,4,02,B01
200700067952,0,07,000,00,2,4,02,C01
200700067953,0,33,000,09,0,2,00,A01
200700067954,0,07,000,00,4,2,16,A01
200700067954,0,40,000,00,2,3,01,B01
200700067955,0,07,000,00,2,3,10,A01
200700067955,0,33,000,00,2,1,02,B01
200700067956,0,07,000,00,9,4,02,B01
200700067956,0,01,000,00,2,1,02,A01
200700067957,1,07,000,00,0,0,00,A01
200700067958,2,07,000,00,2,1,00,A01
200700067958,0,07,000,00,2,3,00,B01
200700067958,0,07,000,00,2,6,00,C01
200700067959,0,07,000,00,2,4,02,A01
200700067959,0,07,000,00,2,4,00,B01
200700067960,0,38,003,00,1,2,01,A01
200700067961,0,33,000,00,2,1,05,A01
200700067961,0,07,000,00,2,2,02,B01
200700067962,0,07,000,00,1,1,01,A01
200700067963,1,33,000,08,1,1,01,A01
200700067964,0,07,000,06,0,1,00,A01
200700067965,0,07,000,00,1,7,02,A01
200700067966,0,07,000,00,2,2,14,A01
200700067966,0,02,000,00,2,1,01,B01
200700067967,0,07,000,08,0,1,00,A01
200700067968,0,31,000,00,0,0,01,A01
200700067969,0,07,000,01,0,1,01,A01
200700067969,0,07,000,00,2,6,00,B01
200700067970,0,07,000,00,2,3,01,A01
200700067970,0,07,000,00,2,5,10,B01
200700067971,1,07,000,00,1,2,01,A01
200700067972,0,07,000,00,2,1,02,A01
200700067972,0,07,000,00,2,4,02,B01
200700067973,0,07,000,00,2,3,15,A01
200700067973,0,31,000,00,2,1,21,B01
200700067974,0,32,000,00,2,1,02,A01
200700067974,0,07,000,00,2,6,02,B01
200700067975,0,30,000,00,2,1,01,A01
200700067975,0,07,000,00,2,3,01,B01
200700067976,0,07,000,00,2,2,01,B01
200700067976,0,07,000,00,2,3,01,A01
200700067977,0,34,000,00,0,3,01,A01
200700067978,0,07,000,00,0,4,02,B01
200700067978,1,07,000,00,0,0,00,A01
200700067979,1,02,000,00,1,1,19,A01
200700067980,0,33,000,00,2,0,01,A01
200700067980,0,07,000,00,2,4,23,B01
200700067981,1,07,000,00,1,0,00,A01
200700067982,0,30,000,00,2,1,17,A01
200700067982,0,07,000,00,2,1,01,B01
200700067982,0,07,000,00,2,8,01,C01
200700067983,0,02,000,00,1,1,01,A01
200700067984,0,33,000,00,2,1,17,B01
200700067984,0,07,000,00,2,3,15,A01
200700067985,0,32,000,00,1,1,01,A01
200700067986,0,07,000,00,2,2,01,A01
200700067986,0,07,000,06,2,3,16,B01
200700067987,0,33,000,00,2,2,01,A01
200700067988,0,02,000,00,0,0,00,A01
200700067988,0,32,000,00,0,0,00,B01
200700067989,1,07,000,00,1,1,01,A01
200700067990,0,07,000,00,2,4,02,B01
200700067990,1,07,000,00,2,0,00,A01
200700067991,0,07,000,00,2,2,15,A01
200700067991,0,30,000,00,2,1,01,B01
200700067992,0,33,000,00,1,0,11,A01
200700067993,0,30,000,00,2,3,21,A01
200700067993,0,07,000,00,2,3,01,B01
200700067994,0,07,000,00,2,3,20,A01
200700067994,0,02,000,00,2,1,01,B01
200700067995,0,07,000,00,1,2,01,A01
200700067996,0,31,000,00,2,1,07,A01
200700067996,0,07,000,00,2,5,16,B01
200700067997,0,32,000,00,1,1,01,A01
200700067998,0,07,000,00,1,1,15,A01
200700067999,0,07,000,00,2,1,02,A01
200700067999,0,07,000,00,2,4,23,B01
200700067999,0,33,000,00,2,5,23,C01
200700068000,1,07,000,00,1,0,00,A01
200700068001,0,32,000,00,2,1,01,B01
200700068001,0,07,000,00,2,1,15,A01
200700068002,0,30,000,00,2,2,17,A01
200700068002,0,07,000,00,2,6,16,B01
200700068003,0,07,000,00,2,8,01,B01
200700068003,0,07,000,00,2,2,19,A01
200700068004,0,07,000,00,1,1,00,A01
200700068005,0,31,000,00,0,8,01,A01
200700068006,0,07,000,00,2,3,00,A01
200700068006,0,33,000,00,2,2,00,B01
200700068007,0,32,000,00,1,1,01,A01
200700068008,0,07,000,00,2,2,12,A01
200700068008,0,02,000,00,2,8,18,B01
200700068009,0,32,000,00,2,0,00,A01
200700068009,1,99,000,00,0,0,00,B01
200700068010,0,07,000,06,2,1,17,A01
200700068010,0,07,000,00,2,3,15,B01
200700068011,0,07,000,00,0,2,01,A01
200700068011,0,33,000,00,0,0,00,B01
200700068012,0,07,000,00,1,1,01,A01
200700068013,0,01,000,00,2,1,01,A01
200700068013,0,07,000,00,0,6,01,B01
200700068014,0,07,000,00,1,5,15,A01
200700068015,0,07,000,00,2,1,01,A01
200700068015,0,10,000,00,4,1,01,B01
200700068016,0,07,000,00,2,1,02,A01
200700068016,0,07,000,00,2,4,02,B01
200700068017,0,30,000,08,2,1,01,A01
200700068017,0,37,015,00,2,8,15,B01
200700068018,0,07,000,00,2,1,07,A01
200700068018,0,07,000,00,9,8,01,B01
200700068019,0,07,000,13,4,1,00,A01
200700068020,0,07,000,00,2,1,20,A01
200700068020,0,02,000,00,2,1,00,B01
200700068021,0,01,000,00,2,1,01,A01
200700068021,0,07,000,00,9,3,15,B01
200700068022,0,30,000,00,2,1,02,A01
200700068022,0,07,000,00,0,4,23,B01
200700068023,0,07,000,00,2,1,23,C01
200700068023,0,07,000,00,2,1,02,D01
200700068023,0,13,000,00,2,3,02,E01
200700068023,0,07,000,00,2,1,02,A01
200700068023,0,07,000,01,2,1,01,B01
200700068024,0,07,000,00,2,2,12,A01
200700068024,0,30,000,00,2,3,16,B01
200700068025,0,34,000,00,0,1,01,A01
200700068025,0,07,000,00,0,3,15,B01
200700068026,0,33,000,00,1,1,01,A01
200700068027,0,32,000,00,1,1,01,A01
200700068028,0,30,000,00,1,2,17,A01
200700068029,0,07,000,00,2,1,02,A01
200700068029,0,07,000,00,2,0,02,B01
200700068029,0,07,000,00,2,0,02,C01
200700068029,0,07,000,00,2,4,02,D01
200700068030,0,07,000,00,2,1,15,A01
200700068030,0,07,000,00,2,1,01,B01
200700068031,0,33,000,00,2,3,02,A01
200700068031,0,07,000,00,2,6,11,B01
200700068032,0,14,000,00,2,8,15,A01
200700068032,0,30,000,00,2,8,17,B01
200700068033,0,07,000,00,2,3,20,A01
200700068033,0,30,000,00,2,1,01,B01
200700068034,0,07,000,15,9,8,09,A01
200700068034,0,33,000,00,2,1,01,B01
200700068035,0,07,000,00,2,3,13,A01
200700068035,0,33,000,00,0,7,13,B01
200700068036,0,02,000,00,1,1,01,A01
200700068037,0,30,000,00,2,7,16,A01
200700068037,0,07,000,00,2,3,01,B01
200700068038,0,40,000,00,1,1,00,A01
200700068039,0,07,000,00,2,5,00,A01
200700068039,1,07,000,00,2,1,00,B01
200700068040,0,30,000,00,2,1,01,B01
200700068040,1,07,000,00,0,0,00,A01
200700068041,0,01,000,00,2,0,00,A01
200700068042,0,07,000,00,2,1,02,A01
200700068042,0,07,000,00,0,4,02,B01
200700068043,0,30,000,00,2,1,00,A01
200700068043,0,07,000,00,2,1,01,B01
200700068044,0,02,000,00,2,1,01,A01
200700068044,0,07,000,00,2,8,00,B01
200700068045,0,07,000,00,2,5,12,A01
200700068045,0,34,000,00,2,1,21,B01
200700068045,0,10,000,00,2,8,00,C01
200700068046,0,32,000,00,2,1,09,A01
200700068046,0,07,000,00,2,3,02,B01
200700068047,0,07,000,00,2,1,02,A01
200700068047,0,07,000,00,2,4,02,B01
200700068048,0,07,000,00,1,3,15,A01
200700068049,0,07,000,08,2,1,02,A01
200700068049,0,07,000,00,0,4,23,B01
200700068050,0,07,000,00,2,1,01,A01
200700068050,0,07,000,00,2,6,01,B01
200700068051,0,07,000,00,0,0,01,A01
200700068051,0,07,000,00,0,0,00,B01
200700068052,0,07,000,00,2,3,15,A01
200700068052,0,33,000,00,2,3,01,B01
200700068053,0,33,000,00,1,1,01,A01
200700068054,0,34,000,00,2,1,03,A01
200700068054,0,07,000,00,2,2,11,B01
200700068055,0,30,000,00,2,3,18,A01
200700068055,0,07,000,00,2,2,14,B01
200700068056,0,03,000,00,2,1,02,A01
200700068056,0,07,000,00,2,4,02,B01
200700068057,0,33,000,00,2,3,00,A01
200700068057,0,07,000,00,2,3,00,B01
200700068058,0,07,000,00,1,3,17,A01
200700068059,0,07,000,00,1,3,01,A01
200700068060,0,07,000,00,1,4,04,A01
200700068061,0,07,000,00,2,1,01,A01
200700068061,0,07,000,00,2,4,01,B01
200700068062,0,07,000,00,0,8,05,A01
200700068062,0,07,000,00,0,2,01,B01
200700068063,0,02,000,00,2,0,16,A01
200700068063,0,07,000,00,2,8,09,B01
200700068064,0,07,000,00,2,1,01,A01
200700068064,0,32,000,00,2,8,01,B01
200700068065,0,33,000,00,2,2,02,A01
200700068065,0,07,000,00,2,6,02,B01
200700068066,0,07,000,00,2,1,02,A01
200700068066,0,07,000,00,2,4,02,B01
200700068066,0,07,000,00,2,4,02,C01
200700068066,0,07,000,00,0,4,02,D01
200700068067,1,07,000,00,2,1,01,A01
200700068067,0,07,000,00,0,4,15,B01
200700068068,0,14,000,00,2,3,23,A01
200700068068,0,32,000,00,2,0,01,B01
200700068069,0,07,000,00,2,3,19,A01
200700068069,0,33,000,00,2,1,01,B01
200700068070,0,07,000,00,2,1,02,A01
200700068070,0,07,000,00,2,4,02,B01
200700068071,0,14,000,06,0,6,02,A01
200700068072,0,07,000,00,2,8,10,A01
200700068072,0,30,000,00,2,1,17,B01
200700068073,0,07,000,00,2,1,01,A01
200700068073,0,07,000,00,2,1,01,B01
200700068074,0,13,000,01,0,1,01,A01
200700068075,0,07,000,00,2,1,13,A01
200700068075,0,37,030,00,2,3,01,B01
200700068076,0,07,000,00,2,1,02,A01
200700068076,0,07,000,00,0,4,23,B01
200700068077,2,07,000,00,2,2,09,A01
200700068077,0,07,000,00,0,6,01,B01
200700068078,0,07,000,14,0,8,00,A01
200700068079,1,07,000,00,0,0,00,A01
200700068079,0,07,000,00,2,4,00,B01
200700068080,0,07,000,00,1,1,01,A01
200700068081,0,32,000,00,1,1,01,A01
200700068082,0,34,000,00,2,1,01,B01
200700068082,0,07,000,00,2,5,15,A01
200700068083,0,07,000,04,0,1,02,A01
200700068084,0,32,000,00,1,1,01,A01
200700068085,0,30,000,00,2,1,13,B01
200700068085,0,07,000,00,2,6,15,A01
200700068086,0,07,000,00,0,4,02,B01
200700068086,0,07,000,00,2,1,02,A01
200700068087,0,07,000,00,2,2,00,B01
200700068087,0,02,000,00,2,1,15,A01
200700068088,0,34,000,00,0,1,01,A01
200700068089,0,07,000,00,2,2,15,A01
200700068089,0,30,000,00,2,1,01,B01
200700068090,0,07,000,00,2,2,01,B01
200700068090,0,07,000,00,2,1,15,A01
200700068091,0,32,000,00,2,1,01,B01
200700068091,0,07,000,00,2,7,16,A01
200700068092,0,07,000,00,2,8,00,B01
200700068092,0,07,000,00,2,1,00,A01
200700068093,0,07,000,00,2,4,15,A01
200700068093,0,32,000,00,2,3,01,B01
200700068094,0,07,000,00,2,2,15,A01
200700068094,0,07,000,00,2,2,01,B01
200700068095,0,07,000,00,2,1,01,B01
200700068095,2,07,000,00,2,1,05,A01
200700068096,0,10,000,01,0,2,01,A01
200700068097,0,31,000,00,1,0,00,A01
200700068098,0,37,010,00,0,0,00,A01
200700068099,0,34,000,00,2,1,01,B01
200700068099,0,07,000,00,2,8,15,A01
200700068100,0,07,000,00,1,7,01,A01
200700068101,0,07,000,00,0,7,00,B01
200700068101,0,01,000,00,0,1,01,A01
200700068102,0,07,000,00,1,1,01,A01
200700068103,0,32,000,00,2,1,01,B01
200700068103,0,07,000,00,2,2,10,A01
200700068104,0,10,000,00,2,0,00,A01
200700068104,0,07,000,00,2,1,15,B01
200700068105,0,07,000,06,0,3,02,A01
200700068106,0,07,000,00,2,1,02,A01
200700068106,0,32,000,00,2,4,23,B01
200700068107,0,07,000,00,1,0,01,A01
200700068108,0,07,000,00,1,3,01,A01
200700068109,0,07,000,00,2,3,15,A01
200700068109,0,30,000,00,2,3,01,B01
200700068110,0,10,000,00,2,1,01,A01
200700068110,0,32,000,00,2,5,01,B01
200700068111,0,30,000,00,2,3,01,A01
200700068111,0,07,000,00,0,0,13,B01
200700068112,0,32,000,00,2,9,01,A01
200700068112,0,07,000,00,2,1,15,B01
200700068113,0,07,000,00,1,2,00,A01
200700068114,0,30,000,00,1,1,02,A01
200700068115,0,07,000,00,2,1,01,A01
200700068115,0,07,000,00,0,4,01,B01
200700068116,0,30,000,00,2,1,01,A01
200700068116,0,07,000,00,2,8,15,B01
200700068117,0,07,000,00,2,1,02,A01
200700068117,0,07,000,00,2,4,02,B01
200700068118,0,07,000,00,2,8,10,A01
200700068118,0,34,000,00,2,1,01,B01
200700068119,0,07,000,00,2,3,01,A01
200700068119,0,33,000,00,2,1,01,B01
200700068120,0,07,000,00,1,3,01,A01
200700068121,0,30,000,00,2,1,17,A01
200700068121,0,10,000,00,2,1,15,B01
200700068122,0,03,000,00,2,6,10,A01
200700068122,0,30,000,00,2,1,01,B01
200700068123,0,07,000,00,1,4,04,A01
200700068124,0,30,000,00,2,1,01,A01
200700068124,0,07,000,00,2,1,15,B01
200700068125,0,07,000,00,2,3,10,A01
200700068125,0,32,000,00,2,1,01,B01
200700068126,0,34,000,00,2,1,00,A01
200700068126,0,07,000,00,2,1,00,B01
200700068127,0,07,000,00,1,0,01,A01
200700068128,0,15,000,00,1,5,00,A01
200700068129,0,07,000,00,2,1,15,A01
200700068129,0,07,000,00,2,1,01,B01
200700068130,0,07,000,00,0,2,15,A01
200700068130,0,07,000,00,0,1,01,B01
200700068131,0,07,000,00,2,8,10,A01
200700068131,0,33,000,00,2,1,01,B01
200700068132,0,07,000,00,2,2,16,A01
200700068132,0,32,000,00,2,1,01,B01
200700068133,0,07,000,00,2,3,15,A01
200700068133,0,30,000,01,2,1,01,B01
200700068134,0,31,000,00,1,1,17,A01
200700068135,0,07,000,00,2,2,01,A01
200700068135,0,07,000,00,2,2,15,B01
200700068136,0,07,000,00,2,8,15,A01
200700068136,0,32,000,00,2,2,17,B01
200700068137,0,07,000,00,2,1,02,A01
200700068137,0,07,000,00,2,1,09,B01
200700068138,0,07,000,00,2,2,12,A01
200700068138,0,30,000,00,2,1,01,B01
200700068139,2,07,000,00,0,1,01,A01
200700068139,0,07,000,00,2,1,01,B01
200700068140,0,07,000,00,2,1,02,A01
200700068140,0,07,000,00,2,3,15,B01
200700068141,0,34,000,00,2,1,01,B01
200700068141,0,07,000,00,2,8,15,A01
200700068142,0,07,000,00,2,3,01,A01
200700068142,0,33,000,00,2,7,01,B01
200700068143,0,07,000,00,2,1,03,A01
200700068143,0,07,000,00,0,1,01,B01
200700068144,0,07,000,00,1,1,01,A01
200700068145,0,07,000,00,2,1,01,A01
200700068145,0,30,000,00,2,4,01,B01
200700068146,0,34,000,08,2,4,07,A01
200700068146,0,07,000,00,2,1,15,B01
200700068147,0,30,000,00,0,8,03,A01
200700068147,0,07,000,00,0,2,01,B01
200700068148,0,07,000,00,2,6,15,A01
200700068148,0,07,000,01,2,1,01,B01
200700068149,0,31,000,00,2,1,02,A01
200700068149,0,20,000,00,2,6,00,B01
200700068150,0,02,000,00,2,1,00,A01
200700068151,0,07,000,00,0,1,00,A01
200700068151,0,31,000,00,0,1,00,B01
200700068152,0,07,000,00,2,1,01,A01
200700068152,0,07,000,00,2,4,01,B01
200700068153,0,32,000,00,2,1,17,B01
200700068153,0,07,000,00,2,3,09,A01
200700068154,0,07,000,00,0,3,06,A01
200700068154,0,32,000,00,0,0,01,B01
200700068155,0,34,000,00,2,7,01,A01
200700068155,0,30,000,00,2,8,02,B01
200700068156,0,07,000,00,2,2,15,A01
200700068156,0,32,000,00,2,1,01,B01
200700068157,0,07,000,00,2,1,02,A01
200700068157,0,07,000,00,0,4,02,B01
200700068158,0,07,000,14,0,9,02,A01
200700068159,1,07,000,00,2,1,00,A01
200700068159,0,07,000,00,2,3,00,B01
200700068160,0,30,000,00,2,6,17,A01
200700068160,0,07,000,00,2,3,16,B01
200700068161,0,33,000,00,2,0,02,A01
200700068161,0,07,000,00,0,4,23,B01
200700068162,0,30,000,00,2,1,02,A01
200700068162,0,07,000,00,0,3,15,B01
200700068163,0,07,000,00,0,0,10,A01
200700068163,0,34,000,00,2,1,01,B01
200700068164,0,07,000,00,2,1,01,A01
200700068164,0,07,000,00,2,9,01,B01
200700068164,0,07,000,00,2,4,01,C01
200700068165,0,07,000,00,1,1,01,A01
200700068166,0,02,000,00,2,0,17,A01
200700068166,0,07,000,00,2,3,15,B01
200700068167,0,30,000,00,2,3,10,A01
200700068167,0,02,000,00,2,1,17,B01
200700068168,0,07,000,00,2,3,15,A01
200700068168,0,34,000,00,2,1,21,B01
200700068169,0,30,000,00,0,1,01,A01
200700068169,0,07,000,00,0,4,00,B01
200700068170,0,07,000,00,1,1,01,A01
200700068171,0,32,000,00,2,5,15,A01
200700068171,0,30,000,00,2,1,02,B01
200700068172,0,07,000,15,2,0,16,A01
200700068172,0,07,000,00,2,5,16,B01
200700068173,0,07,000,00,1,2,15,A01
200700068174,0,07,000,00,2,3,06,A01
200700068174,0,30,000,01,2,1,01,B01
200700068175,0,07,000,00,0,3,15,A01
200700068175,0,02,000,00,0,1,02,B01
200700068176,0,07,000,00,2,7,12,A01
200700068176,0,31,000,00,2,8,02,B01
200700068177,0,07,000,00,0,0,00,B01
200700068177,0,07,000,00,2,3,06,A01
200700068178,0,07,000,00,2,3,00,A01
200700068178,0,33,000,00,2,1,00,B01
200700068179,0,33,000,00,2,1,02,A01
200700068179,0,07,000,00,0,4,15,B01
200700068180,0,07,000,00,1,0,00,A01
200700068181,0,07,000,00,2,1,01,A01
200700068181,0,07,000,00,0,4,02,B01
200700068182,0,07,000,00,2,1,15,A01
200700068182,0,31,000,00,2,3,01,B01
200700068183,0,07,000,00,2,3,01,A01
200700068183,0,34,000,00,2,8,01,B01
200700068184,0,07,000,00,2,2,07,A01
200700068184,0,07,000,07,2,5,12,B01
200700068184,0,07,000,00,2,2,01,C01
200700068185,0,07,000,00,2,1,02,A01
200700068185,0,07,000,00,2,4,01,B01
200700068186,0,07,000,00,2,7,15,A01
200700068186,0,07,000,00,2,2,02,B01
200700068187,0,07,000,00,1,1,15,A01
200700068188,0,31,000,00,2,7,11,A01
200700068188,0,07,000,00,2,8,15,B01
200700068189,0,07,000,00,2,3,11,A01
200700068189,0,07,000,00,2,2,00,B01
200700068190,0,07,000,00,2,3,01,A01
200700068190,0,34,000,00,2,7,02,B01
200700068191,0,31,000,00,0,0,00,A01
200700068192,0,07,000,00,1,8,02,A01
200700068193,0,31,000,00,0,0,01,A01
200700068193,0,07,000,00,0,7,01,B01
200700068194,0,07,000,00,1,5,01,A01
200700068195,0,07,000,00,2,7,15,A01
200700068195,0,32,000,00,2,7,01,B01
200700068196,0,07,000,00,2,3,15,A01
200700068196,0,33,000,00,2,7,01,B01
200700068197,0,10,000,01,0,4,04,A01
200700068197,0,30,000,00,2,7,23,B01
200700068198,0,34,000,00,2,4,00,B01
200700068198,1,07,000,00,2,1,00,A01
200700068199,1,31,000,00,1,1,00,A01
200700068200,0,07,000,00,2,2,02,A01
200700068200,0,07,000,00,2,8,02,B01
200700068201,0,07,000,00,0,1,13,A01
200700068201,0,30,000,00,0,0,00,B01
200700068202,0,07,000,00,2,1,01,A01
200700068202,0,07,000,00,2,4,01,B01
200700068202,0,07,000,00,2,7,09,C01
200700068203,0,10,000,00,2,1,02,A01
200700068203,0,07,000,00,2,4,01,B01
200700068203,0,07,000,00,2,6,09,C01
200700068204,0,07,000,00,2,3,15,A01
200700068204,0,02,000,00,2,1,01,B01
200700068205,0,33,000,00,2,1,17,A01
200700068205,0,07,000,00,2,3,09,B01
200700068206,0,30,000,00,0,8,00,A01
200700068207,0,30,000,00,0,0,00,A01
200700068207,0,07,000,00,0,0,00,B01
200700068208,0,07,000,00,2,3,15,A01
200700068208,0,34,000,00,2,2,17,B01
200700068209,0,07,000,00,1,3,01,A01
200700068210,0,07,000,00,1,1,00,A01
200700068211,0,07,000,00,1,2,09,A01
200700068212,0,34,000,14,0,6,14,A01
200700068212,0,37,001,00,0,6,23,B01
200700068213,0,01,000,00,1,1,01,A01
200700068214,0,30,000,00,2,1,02,A01
200700068214,0,13,000,00,0,6,02,B01
200700068214,0,07,000,00,0,2,02,C01
200700068215,0,07,000,00,0,8,22,A01
200700068215,0,32,000,00,2,1,21,B01
200700068216,0,14,000,00,9,4,02,A01
200700068216,0,07,000,00,2,0,01,B01
200700068217,0,07,000,00,1,7,01,A01
200700068218,0,33,000,12,2,8,02,B01
200700068218,0,07,000,00,2,1,15,A01
200700068219,0,33,000,00,2,2,02,A01
200700068219,0,07,000,00,0,6,10,B01
200700068220,0,30,000,00,2,2,01,A01
200700068220,0,07,000,00,0,0,00,B01
200700068221,0,07,000,00,2,3,16,A01
200700068221,0,32,000,00,2,1,01,B01
200700068222,0,33,000,00,1,2,01,A01
200700068223,0,30,000,00,2,6,01,A01
200700068223,0,07,000,00,0,6,15,B01
200700068224,0,07,000,00,2,2,02,A01
200700068224,0,33,000,00,2,1,02,B01
200700068225,0,30,000,01,0,1,02,A01
200700068225,0,10,000,00,2,4,23,B01
200700068226,0,30,000,00,2,7,17,A01
200700068226,0,07,000,00,2,1,09,B01
200700068227,0,07,000,00,0,0,00,A01
200700068227,0,33,000,00,2,0,00,B01
200700068228,0,07,000,00,0,1,23,A01
200700068228,0,30,000,00,2,7,00,B01
200700068229,0,07,000,00,2,2,16,A01
200700068229,0,33,000,00,2,3,21,B01
200700068230,0,07,000,00,0,0,00,A01
200700068230,0,07,000,00,0,3,01,B01
200700068231,0,31,000,00,2,2,21,A01
200700068231,0,07,000,00,2,3,20,B01
200700068232,0,07,000,00,2,7,01,A01
200700068232,0,33,000,00,2,1,01,B01
200700068233,0,33,000,00,2,7,01,B01
200700068233,0,07,000,00,2,1,09,A01
200700068234,0,07,000,00,1,2,01,A01
200700068235,0,07,000,00,2,3,00,A01