Num_Acc,senc,catv,occutc,obs,obsm,choc,manv,num_veh
200700068235,0,30,000,00,2,2,13,B01
200700068236,0,37,000,00,2,2,15,A01
200700068236,0,33,000,00,2,1,01,B01
200700068237,0,07,000,00,2,1,13,A01
200700068237,0,07,000,00,2,6,01,B01
200700068237,0,07,000,15,2,1,01,C01
200700068238,0,07,000,00,1,2,01,A01
200700068239,0,10,000,00,2,3,13,A01
200700068239,0,07,000,00,2,1,01,B01
200700068240,0,38,001,00,0,8,16,A01
200700068241,0,10,000,00,1,3,01,A01
200700068242,0,07,000,02,0,1,01,A01
200700068243,0,07,000,00,2,4,23,B01
200700068243,0,07,000,00,2,1,02,A01
200700068244,0,05,000,00,2,1,01,B01
200700068244,0,07,000,00,2,1,15,A01
200700068245,0,07,000,15,2,3,01,C01
200700068245,0,07,000,00,2,4,02,B01
200700068245,0,07,000,00,2,1,02,A01
200700068246,0,07,000,08,2,3,01,B01
200700068246,0,10,000,00,2,3,13,A01
200700068247,0,07,000,00,2,2,09,B01
200700068247,0,01,000,00,2,1,05,A01
200700068248,0,07,000,00,2,1,13,A01
200700068248,0,07,000,00,2,1,01,B01
200700068249,0,07,000,00,2,3,02,A01
200700068249,0,07,000,00,2,4,02,C01
200700068249,0,14,000,00,0,4,15,D01
200700068249,0,33,000,00,0,5,02,B01
200700068250,0,07,000,00,2,3,13,A01
200700068250,0,07,000,00,2,3,01,B01
200700068250,0,33,000,00,2,1,01,C01
200700068250,0,07,000,00,2,3,01,D01
200700068251,0,32,000,00,2,8,00,A01
200700068251,1,07,000,00,2,0,00,B01
200700068252,0,07,000,00,2,3,02,A01
200700068252,0,01,000,00,2,8,15,B01
200700068253,0,07,000,13,0,9,01,A01
200700068254,0,07,000,00,0,4,02,B01
200700068254,0,07,000,00,0,1,02,A01
200700068255,0,07,000,00,2,3,01,B01
200700068255,0,07,000,00,2,5,09,A01
200700068256,0,07,000,11,0,9,00,A01
200700068257,2,07,000,14,0,3,02,A01
200700068257,0,07,000,04,0,5,23,B01
200700068258,0,01,000,00,2,7,19,A01
200700068258,0,07,000,00,2,1,01,B01
200700068259,0,07,000,00,0,2,09,A01
200700068259,0,33,000,00,2,1,01,B01
200700068260,0,07,000,00,1,6,23,A01
200700068261,0,07,000,00,2,6,11,A01
200700068261,0,07,000,00,0,2,01,B01
200700068262,0,07,000,00,2,5,15,A01
200700068262,0,07,000,00,2,1,01,B01
200700068262,0,07,000,00,2,1,16,C01
200700068263,0,14,000,00,2,1,01,B01
200700068263,0,07,000,00,2,1,13,A01
200700068264,0,07,000,00,2,1,01,B01
200700068264,0,07,000,00,2,3,00,A01
200700068265,0,07,000,00,2,3,00,A01
200700068265,0,07,000,00,2,3,00,B01
200700068266,0,07,000,07,0,8,00,A01
200700068267,0,07,000,13,0,2,01,A01
200700068268,0,07,000,00,0,8,10,A01
200700068268,0,33,000,00,2,1,01,B01
200700068269,0,07,000,00,2,3,10,A01
200700068269,0,07,000,00,2,2,01,B01
200700068270,0,07,000,03,0,1,01,A01
200700068271,0,07,000,00,2,3,15,B01
200700068271,0,33,000,00,2,7,17,A01
200700068272,0,38,001,00,2,3,23,B01
200700068272,0,32,000,00,2,0,12,A01
200700068273,0,07,000,00,1,3,01,A01
200700068274,0,02,000,00,2,1,01,A01
200700068274,0,07,000,00,0,4,01,B01
200700068275,0,30,000,00,0,8,00,A01
200700068276,0,07,000,00,0,1,14,A01
200700068277,0,07,000,00,2,3,15,A01
200700068277,0,33,000,00,2,3,01,B01
200700068278,0,07,000,00,2,1,02,A01
200700068278,0,10,000,00,2,4,02,B01
200700068278,0,07,000,00,2,4,02,C01
200700068278,0,07,000,00,2,4,02,D01
200700068279,0,07,000,09,0,1,00,A01
200700068280,0,07,000,08,0,1,01,A01
200700068281,0,07,000,00,2,3,15,A01
200700068281,0,02,000,00,2,1,01,B01
200700068282,0,07,000,00,2,3,15,A01
200700068282,0,02,000,00,2,1,01,B01
200700068283,0,02,000,00,2,1,02,A01
200700068283,0,10,000,00,0,4,01,B01
200700068284,0,02,000,00,0,1,00,A01
200700068285,0,02,000,00,2,1,01,A01
200700068285,0,07,000,00,0,4,23,B01
200700068286,0,07,000,00,2,7,15,A01
200700068286,0,30,000,00,0,1,01,B01
200700068287,0,07,000,00,2,3,16,A01
200700068287,0,30,000,00,0,0,16,C01
200700068287,0,07,000,00,0,2,01,B01
200700068288,0,07,000,00,1,1,01,B01
200700068289,0,02,000,00,2,1,13,A01
200700068289,0,07,000,00,2,3,01,B01
200700068290,1,07,000,00,1,0,01,A01
200700068290,0,01,000,00,2,0,00,B01
200700068291,0,07,000,00,2,3,01,A01
200700068291,0,07,000,00,2,3,15,B01
200700068292,0,07,000,08,0,1,01,A01
200700068293,0,01,000,00,2,7,01,B01
200700068293,0,07,000,00,9,1,16,A01
200700068294,0,07,000,00,2,3,23,B01
200700068294,0,07,000,00,2,3,13,A01
200700068295,0,07,000,00,1,2,01,A01
200700068296,0,07,000,00,2,3,09,A01
200700068296,0,33,000,00,2,1,01,B01
200700068297,0,17,000,09,0,9,14,A01
200700068298,0,07,000,00,2,1,13,A01
200700068298,0,07,000,00,2,1,01,B01
200700068299,0,07,000,00,2,1,15,A01
200700068299,0,33,000,00,2,1,17,B01
200700068300,0,33,000,00,2,1,01,A01
200700068300,0,07,000,00,2,7,15,B01
200700068301,0,07,000,00,2,2,15,A01
200700068301,0,02,000,00,2,1,01,B01
200700068302,1,07,000,00,1,0,01,A01
200700068303,0,07,000,00,2,3,01,A01
200700068303,0,07,000,00,2,1,01,B01
200700068304,0,01,000,12,0,2,01,A01
200700068305,1,07,000,00,1,2,15,A01
200700068306,0,07,000,00,1,2,16,A01
200700068307,0,07,000,13,0,9,01,A01
200700068308,0,02,000,00,2,7,01,A01
200700068308,0,10,000,00,2,3,01,B01
200700068309,0,07,000,00,2,3,09,A01
200700068309,0,01,000,00,2,1,01,B01
200700068310,0,07,000,00,0,9,14,A01
200700068311,0,07,000,01,2,8,22,A01
200700068311,0,01,000,01,0,1,01,B01
200700068312,0,07,000,01,2,1,01,A01
200700068312,0,07,000,15,2,3,01,B01
200700068313,0,07,000,00,1,1,01,A01
200700068314,0,07,000,00,2,8,11,A01
200700068314,0,02,000,00,2,1,01,B01
200700068315,0,07,000,00,2,3,15,A01
200700068315,0,33,000,01,2,7,01,B01
200700068316,0,02,000,00,2,1,13,A01
200700068316,0,30,000,00,2,3,01,B01
200700068317,0,02,000,00,2,1,01,A01
200700068317,0,07,000,00,2,7,15,B01
200700068318,0,07,000,04,0,1,13,A01
200700068319,1,30,000,00,2,1,05,A01
200700068319,0,32,000,00,2,1,01,B01
200700068320,0,07,000,00,2,3,13,A01
200700068320,0,07,000,00,2,1,01,B01
200700068321,0,07,000,00,1,1,01,A01
200700068322,0,01,000,00,2,1,05,A01
200700068322,0,07,000,00,2,3,16,B01
200700068323,0,30,000,00,2,3,13,A01
200700068323,0,07,000,00,2,3,13,B01
200700068324,0,07,000,01,0,2,00,A01
200700068325,0,10,000,00,2,1,01,A01
200700068325,0,10,000,00,2,4,01,B01
200700068326,0,37,001,00,2,7,01,B01
200700068326,0,33,000,00,2,8,01,A01
200700068327,0,07,000,00,2,6,15,A01
200700068327,0,02,000,00,2,1,02,B01
200700068328,0,07,000,00,2,7,16,A01
200700068328,0,01,000,00,2,1,01,B01
200700068329,0,07,000,00,2,8,15,A01
200700068329,0,33,000,00,2,1,01,B01
200700068330,0,07,000,00,1,2,01,A01
200700068331,0,07,000,00,2,8,10,A01
200700068331,0,30,000,00,2,1,01,B01
200700068332,0,07,000,00,2,1,01,A01
200700068332,0,07,000,00,2,4,01,B01
200700068332,0,07,000,00,2,6,01,C01
200700068332,0,10,000,00,2,5,01,D01
200700068333,0,07,000,00,2,1,02,A01
200700068333,0,07,000,00,2,4,02,B01
200700068333,0,07,000,00,2,4,02,C01
200700068333,0,07,000,00,2,4,02,D01
200700068334,0,02,000,00,2,1,01,A01
200700068334,0,07,000,00,2,4,01,B01
200700068335,0,07,000,00,1,1,15,A01
200700068336,0,33,000,00,1,1,01,A01
200700068337,0,07,000,00,2,1,15,A01
200700068337,0,31,000,00,2,8,01,B01
200700068338,0,07,000,00,2,1,01,A01
200700068338,0,30,000,00,2,5,01,B01
200700068339,0,07,000,00,2,2,15,A01
200700068339,0,02,000,00,2,1,01,B01
200700068340,0,33,000,00,1,6,01,A01
200700068341,0,32,000,00,2,1,01,B01
200700068341,0,07,000,00,2,1,15,A01
200700068342,1,07,000,00,1,4,20,A01
200700068343,0,07,000,08,0,9,01,A01
200700068344,0,07,000,00,1,3,01,A01
200700068345,0,07,000,00,2,1,02,A01
200700068345,0,01,000,00,2,4,17,B01
200700068345,0,01,000,00,2,8,01,C01
200700068346,0,07,000,00,2,8,10,A01
200700068346,0,30,000,00,2,1,01,B01
200700068347,0,07,000,00,1,2,01,A01
200700068348,0,07,000,00,2,1,01,A01
200700068348,0,07,000,00,2,4,23,B01
200700068348,0,10,000,00,2,4,23,C01
200700068349,0,07,000,00,2,2,01,A01
200700068349,0,01,000,00,2,1,01,B01
200700068350,0,07,000,00,2,4,02,A01
200700068350,0,07,000,00,2,1,02,B01
200700068351,0,07,000,00,2,7,15,A01
200700068351,0,31,000,00,2,1,01,B01
200700068352,0,07,000,07,0,1,14,A01
200700068353,0,31,000,00,2,2,01,B01
200700068353,0,07,000,00,2,3,16,A01
200700068354,0,07,000,00,2,1,05,A01
200700068354,0,07,000,00,2,1,01,B01
200700068354,0,07,000,00,2,1,01,C01
200700068355,0,07,000,00,1,1,01,A01
200700068356,0,07,000,00,2,3,01,A01
200700068356,0,07,000,00,2,1,01,B01
200700068357,0,01,000,00,2,1,01,A01
200700068357,0,07,000,00,0,4,01,B01
200700068358,0,30,000,00,2,1,01,A01
200700068358,0,07,000,00,2,4,01,B01
200700068359,0,07,000,00,2,1,01,A01
200700068359,0,07,000,00,2,4,15,B01
200700068360,0,07,000,00,2,1,05,A01
200700068360,0,07,000,00,2,1,01,B01
200700068361,0,30,000,00,2,1,01,A01
200700068361,0,07,000,00,2,4,01,B01
200700068362,0,07,000,01,0,7,01,A01
200700068363,0,07,000,00,2,8,01,A01
200700068363,0,30,000,00,2,7,00,B01
200700068364,0,07,000,00,2,1,17,A01
200700068364,0,07,000,00,2,3,15,B01
200700068365,0,07,000,00,2,3,15,A01
200700068365,0,07,000,00,2,1,01,B01
200700068366,0,10,000,00,2,8,19,A01
200700068366,0,07,000,00,2,1,01,B01
200700068367,0,02,000,00,2,1,01,B01
200700068367,0,01,000,00,0,8,19,A01
200700068368,0,14,000,00,2,0,16,A01
200700068368,0,07,000,00,2,3,16,B01
200700068369,0,07,000,00,2,1,13,A01
200700068369,0,07,000,00,2,1,01,B01
200700068370,0,07,000,00,2,1,09,A01
200700068370,0,02,000,00,2,7,01,B01
200700068371,0,10,000,00,2,3,13,A01
200700068371,0,10,000,00,2,3,13,B01
200700068372,0,07,000,00,2,5,15,A01
200700068372,0,02,000,00,2,1,01,B01
200700068373,0,07,000,00,2,3,01,B01
200700068373,0,02,000,00,2,1,01,A01
200700068374,0,07,000,00,2,1,01,A01
200700068374,0,07,000,00,2,6,17,B01
200700068375,0,10,000,00,2,1,01,A01
200700068375,0,07,000,00,2,4,01,B01
200700068375,0,07,000,00,2,4,01,C01
200700068375,0,10,000,00,0,4,01,D01
200700068376,0,07,000,00,0,0,02,A01
200700068376,0,02,000,00,2,0,02,B01
200700068377,0,07,000,00,2,2,01,B01
200700068377,0,07,000,00,0,1,00,A01
200700068378,0,07,000,00,1,1,01,A01
200700068379,0,02,000,00,2,1,01,A01
200700068379,0,07,000,00,2,5,15,B01
200700068380,0,07,000,00,2,8,10,A01
200700068380,0,07,000,00,2,1,02,B01
200700068381,0,07,000,06,0,1,01,A01
200700068382,0,07,000,00,2,1,01,B01
200700068382,0,07,000,00,2,7,15,A01
200700068383,0,07,000,13,0,1,19,A01
200700068384,0,07,000,00,2,2,01,B01
200700068384,2,07,000,00,2,3,09,A01
200700068385,0,33,000,01,2,3,01,B01
200700068385,0,07,000,00,0,8,00,C01
200700068385,0,07,000,00,0,6,00,D01
200700068385,0,07,000,00,2,2,09,A01
200700068386,0,07,000,00,2,3,15,A01
200700068386,0,02,000,00,2,1,01,B01
200700068387,0,33,000,00,2,0,00,A01
200700068387,0,07,000,00,2,1,09,B01
200700068388,0,07,000,00,2,1,01,A01
200700068388,0,07,000,00,2,4,02,B01
200700068389,0,02,000,00,0,0,00,A01
200700068389,0,07,000,00,0,0,00,B01
200700068390,0,07,000,00,2,1,01,A01
200700068390,0,07,000,00,2,4,02,B01
200700068391,0,10,000,03,2,2,01,A01
200700068391,0,15,000,00,2,1,01,B01
200700068392,0,07,000,00,2,3,20,A01
200700068392,0,02,000,00,2,1,01,B01
200700068393,0,07,000,00,2,3,13,A01
200700068393,0,07,000,00,2,8,01,B01
200700068394,0,07,000,01,1,1,01,A01
200700068395,0,07,000,00,1,1,00,A01
200700068396,0,07,000,00,2,2,00,A01
200700068396,0,02,000,00,2,1,00,B01
200700068397,0,02,000,00,2,0,02,A01
200700068397,0,07,000,00,2,4,01,B01
200700068398,0,07,000,00,2,2,17,A01
200700068398,0,01,000,00,2,4,01,B01
200700068399,0,07,000,00,1,4,04,A01
200700068400,0,07,000,00,1,1,01,A01
200700068401,0,07,000,00,1,0,01,A01
200700068402,0,10,000,00,1,4,04,A01
200700068403,0,02,000,00,2,1,01,B01
200700068403,0,07,000,00,2,6,19,A01
200700068404,0,02,000,01,0,1,01,A01
200700068405,0,07,000,00,2,3,09,A01
200700068405,0,07,000,00,2,1,01,B01
200700068406,0,13,000,00,2,1,02,A01
200700068406,0,07,000,00,2,4,02,B01
200700068407,0,07,000,00,2,5,15,A01
200700068407,0,07,000,00,2,1,01,B01
200700068408,0,07,000,00,2,3,09,A01
200700068408,0,30,000,00,2,1,01,B01
200700068409,0,07,000,00,2,3,13,A01
200700068409,0,07,000,00,2,3,01,B01
200700068410,0,14,000,00,1,1,01,A01
200700068411,0,02,000,00,1,7,02,A01
200700068412,0,07,000,00,0,1,01,A01
200700068412,0,07,000,00,0,3,15,B01
200700068413,0,07,000,00,2,1,15,A01
200700068413,0,13,000,00,2,2,21,B01
200700068414,0,07,000,00,2,1,01,A01
200700068414,0,07,000,00,2,4,01,B01
200700068414,0,07,000,00,2,4,01,C01
200700068415,0,07,000,00,2,2,16,A01
200700068415,0,37,002,00,2,3,01,B01
200700068416,0,07,000,00,2,3,15,A01
200700068416,0,33,000,00,2,3,01,B01
200700068417,1,07,000,00,1,1,01,A01
200700068418,0,07,000,01,0,3,13,A01
200700068418,0,07,000,01,2,5,24,B01
200700068419,0,01,000,00,2,3,15,A01
200700068419,0,07,000,00,2,2,01,B01
200700068420,0,07,000,00,1,3,15,A01
200700068421,0,07,000,06,0,3,16,A01
200700068422,0,07,000,00,0,1,01,B01
200700068422,0,07,000,00,0,7,01,A01
200700068423,0,07,000,00,2,1,02,A01
200700068423,0,07,000,00,2,4,23,B01
200700068423,0,07,000,00,2,4,23,C01
200700068423,0,07,000,00,2,4,23,D01
200700068424,0,01,000,00,2,1,18,A01
200700068424,0,07,000,00,2,7,22,B01
200700068425,0,07,000,00,2,2,15,A01
200700068425,0,07,000,00,2,1,08,B01
200700068426,0,14,000,00,0,5,01,A01
200700068427,0,01,000,00,2,3,00,A01
200700068427,0,07,000,00,2,2,15,B01
200700068428,0,07,000,00,2,3,15,A01
200700068428,0,07,000,00,2,2,01,B01
200700068428,0,10,000,00,2,3,23,C01
200700068429,0,07,000,00,2,2,15,A01
200700068429,0,07,000,00,2,1,01,B01
200700068430,0,07,000,00,2,3,13,A01
200700068430,0,07,000,00,2,3,01,B01
200700068431,0,01,000,01,0,1,17,B01
200700068431,0,07,000,00,2,8,22,A01
200700068432,0,07,000,00,2,1,02,A01
200700068432,0,07,000,00,2,4,23,B01
200700068433,0,07,000,00,1,1,01,A01
200700068434,0,07,000,00,1,1,01,A01
200700068435,0,02,000,00,2,7,01,B01
200700068435,0,07,000,00,2,4,04,A01
200700068436,0,07,000,00,1,1,15,A01
200700068437,0,07,000,00,1,1,01,A01
200700068438,0,07,000,00,1,3,01,A01
200700068438,0,07,000,00,2,1,02,B01
200700068438,0,07,000,00,2,1,02,C01
200700068439,0,07,000,00,2,2,01,B01
200700068439,0,07,000,00,2,3,15,A01
200700068440,0,07,000,00,2,5,15,A01
200700068440,0,02,000,00,2,1,08,B01
200700068441,0,07,000,00,1,3,07,A01
200700068442,0,07,000,00,0,0,01,A01
200700068443,0,07,000,01,0,2,14,A01
200700068444,0,10,000,00,2,2,01,A01
200700068444,0,07,000,00,2,3,15,B01
200700068445,0,01,000,00,2,1,01,B01
200700068445,0,10,000,00,2,3,01,A01
200700068446,0,07,000,08,0,2,14,A01
200700068447,0,07,000,00,1,1,16,A01
200700068448,0,07,000,00,2,1,02,A01
200700068448,0,07,000,00,2,4,23,B01
200700068449,0,07,000,00,1,2,01,A01
200700068450,0,07,000,00,1,1,00,A01
200700068451,0,07,000,00,2,2,01,A01
200700068451,0,07,000,00,2,2,15,B01
200700068452,0,07,000,00,2,3,11,B01
200700068452,0,30,000,00,2,1,17,A01
200700068453,0,14,000,00,2,3,21,A01
200700068453,0,02,000,00,2,0,13,B01
200700068454,0,07,000,00,2,1,02,A01
200700068454,0,21,000,00,0,4,02,B01
200700068455,0,30,000,00,1,1,01,A01
200700068456,0,02,000,00,2,2,17,B01
200700068456,0,07,000,00,0,3,15,A01
200700068457,0,02,000,00,2,1,21,B01
200700068457,0,10,000,00,2,3,15,A01
200700068458,0,07,000,13,0,1,01,A01
200700068459,0,07,000,00,2,3,09,A01
200700068459,0,33,000,00,2,7,01,B01
200700068460,0,07,000,00,2,4,15,B01
200700068460,0,07,000,00,2,1,01,A01
200700068461,0,30,000,00,0,8,14,A01
200700068462,1,30,000,00,1,1,00,A01
200700068463,0,07,000,09,0,3,01,A01
200700068464,0,02,000,11,0,1,01,A01
200700068465,0,07,000,00,1,1,00,A01
200700068466,0,07,000,00,2,1,02,A01
200700068466,0,07,000,00,2,4,02,C01
200700068466,0,07,000,00,2,4,02,B01
200700068467,0,07,000,00,0,4,15,B01
200700068467,0,30,000,00,2,0,01,A01
200700068468,0,17,000,00,2,4,23,B01
200700068468,0,37,003,00,2,1,01,A01
200700068469,0,13,000,00,1,1,16,A01
200700068470,0,30,000,00,2,2,15,A01
200700068470,0,07,000,00,2,3,02,B01
200700068471,0,07,000,00,1,1,01,A01
200700068472,0,30,000,00,2,1,17,B01
200700068472,0,07,000,00,2,3,15,A01
200700068473,0,07,000,00,2,1,02,A01
200700068473,0,07,000,00,2,4,00,B01
200700068474,0,31,000,00,2,1,05,A01
200700068474,0,07,000,00,2,3,01,B01
200700068475,0,07,000,00,2,1,02,A01
200700068475,0,07,000,00,2,5,01,B01
200700068476,0,07,000,00,0,9,01,A01
200700068477,0,07,000,00,2,1,15,A01
200700068477,0,02,000,00,2,1,01,B01
200700068478,0,02,000,00,2,1,17,A01
200700068478,0,07,000,00,9,8,15,B01
200700068479,0,02,000,00,2,1,17,A01
200700068479,0,07,000,00,2,8,15,B01
200700068480,0,07,000,00,2,8,01,B01
200700068480,0,02,000,00,2,1,02,A01
200700068481,0,07,000,00,2,7,19,A01
200700068481,0,07,000,00,2,1,01,B01
200700068482,0,02,000,00,2,1,15,B01
200700068482,0,07,000,00,2,2,15,A01
200700068483,0,07,000,00,2,1,02,A01
200700068483,0,07,000,00,2,1,02,B01
200700068484,0,07,000,00,1,4,04,A01
200700068485,0,07,000,00,2,1,13,A01
200700068485,0,07,000,00,2,1,02,B01
200700068486,0,07,000,00,0,0,20,A01
200700068487,0,07,000,00,1,2,01,A01
200700068488,0,07,000,00,1,3,01,A01
200700068489,0,33,000,00,2,8,01,B01
200700068489,0,07,000,00,2,7,15,A01
200700068490,0,07,000,00,1,1,01,A01
200700068491,0,07,000,00,2,3,13,A01
200700068491,0,07,000,00,2,3,21,B01
200700068492,0,07,000,00,2,1,01,A01
200700068492,0,07,000,00,2,4,02,B01
200700068492,0,07,000,00,2,4,02,C01
200700068493,0,02,000,00,2,7,21,B01
200700068493,0,07,000,00,2,5,04,A01
200700068494,0,07,000,00,1,1,01,A01
200700068495,0,07,000,00,2,3,15,A01
200700068495,0,02,000,00,2,3,01,B01
200700068496,0,07,000,00,2,3,15,A01
200700068496,0,02,000,00,2,1,01,B01
200700068497,0,02,000,00,2,3,21,B01
200700068497,0,07,000,00,2,3,15,A01
200700068498,0,07,000,00,2,5,02,B01
200700068498,0,07,000,00,2,1,00,A01
200700068499,0,30,000,08,0,1,14,A01
200700068500,0,01,000,00,0,4,00,A01
200700068501,0,07,000,00,2,4,02,B01
200700068501,0,31,000,00,2,1,02,A01
200700068502,0,07,000,00,2,1,02,A01
200700068502,0,07,000,00,0,4,23,B01
200700068502,0,07,000,00,0,4,23,C01
200700068503,0,07,000,00,1,1,00,A01
200700068504,0,07,000,00,2,1,02,A01
200700068504,0,07,000,00,2,9,02,B01
200700068504,0,07,000,00,2,9,02,C01
200700068504,0,07,000,00,2,4,02,D01
200700068505,0,10,000,00,2,1,02,A01
200700068505,0,07,000,00,2,4,02,B01
200700068506,0,07,000,00,2,3,12,A01
200700068506,0,07,000,00,2,6,01,B01
200700068507,0,07,000,00,2,3,09,A01
200700068507,0,01,000,00,2,1,21,B01
200700068508,0,07,000,00,2,3,06,A01
200700068508,0,07,000,00,2,3,01,B01
200700068509,0,07,000,00,1,2,23,A01
200700068510,0,07,000,00,2,2,01,A01
200700068510,1,07,000,00,0,0,01,X01
200700068511,0,07,000,12,2,3,15,A01
200700068511,0,07,000,12,0,6,15,B01
200700068512,0,07,000,06,2,1,01,A01
200700068512,0,07,000,00,2,1,09,B01
200700068513,0,07,000,09,0,0,01,A01
200700068514,0,07,000,00,2,2,02,A01
200700068514,0,07,000,00,0,2,02,B01
200700068515,0,07,000,00,2,3,01,A01
200700068515,0,34,000,00,2,1,01,B01
200700068516,0,07,000,00,1,1,00,A01
200700068517,0,07,000,02,0,8,00,A01
200700068518,2,07,000,00,2,3,06,A01
200700068518,0,07,000,00,2,1,01,B01
200700068519,0,07,000,00,2,6,01,B01
200700068519,0,07,000,00,2,2,01,A01
200700068520,0,07,000,00,1,1,01,A01
200700068521,0,37,000,00,1,5,01,A01
200700068522,0,10,000,00,2,1,15,A01
200700068522,0,30,000,00,2,1,01,B01
200700068523,0,30,000,00,2,1,01,A01
200700068523,0,07,000,00,0,4,01,B01
200700068524,0,07,000,00,2,2,15,A01
200700068524,0,07,000,00,2,1,01,B01
200700068525,0,07,000,00,2,2,01,A01
200700068525,0,07,000,00,2,1,15,B01
200700068526,0,07,000,00,2,3,01,A01
200700068526,0,07,000,00,2,3,01,B01
200700068527,0,02,000,11,0,2,01,A01
200700068528,0,01,000,00,2,1,15,A01
200700068528,0,07,000,00,2,1,23,B01
200700068529,0,07,000,00,1,3,15,A01
200700068530,0,02,000,00,2,1,01,A01
200700068530,0,07,000,00,2,1,01,B01
200700068531,0,07,000,00,2,8,01,B01
200700068531,0,30,000,00,2,1,19,A01
200700068532,0,07,000,00,2,1,13,A01
200700068532,0,07,000,00,2,1,05,B01
200700068533,0,07,000,12,2,1,01,A01
200700068534,0,30,000,00,2,1,15,A01
200700068534,0,07,000,06,2,1,17,B01
200700068535,0,15,000,00,2,2,15,A01
200700068535,0,07,000,00,2,1,01,B01
200700068536,0,07,000,00,2,7,14,A01
200700068536,0,01,000,00,2,4,01,B01
200700068537,0,07,000,09,0,1,15,A01
200700068538,0,07,000,00,1,2,01,A01
200700068539,0,07,000,00,2,8,01,B01
200700068539,0,02,000,00,2,1,01,A01
200700068540,0,15,000,00,2,1,01,A01
200700068540,0,07,000,00,2,4,01,B01
200700068541,0,07,000,00,2,1,11,A01
200700068541,0,07,000,00,2,1,01,B01
200700068542,0,07,000,00,2,5,17,A01
200700068542,0,07,000,00,2,3,01,B01
200700068543,0,07,000,03,0,8,01,A01
200700068544,0,33,000,00,2,1,01,B01
200700068544,0,07,000,00,2,1,16,A01
200700068545,0,07,000,00,2,1,05,A01
200700068545,0,07,000,00,2,1,01,B01
200700068546,0,07,000,00,2,5,01,B01
200700068546,0,07,000,00,2,1,01,A01
200700068547,0,30,000,00,2,1,01,B01
200700068547,0,07,000,00,2,8,09,A01
200700068548,0,07,000,00,2,3,15,A01
200700068548,0,33,000,00,2,1,01,B01
200700068549,0,30,000,00,2,1,01,A01
200700068549,0,07,000,00,0,4,01,B01
200700068550,0,07,000,00,2,1,09,A01
200700068550,0,33,000,00,2,1,01,B01
200700068551,0,07,000,00,2,2,11,A01
200700068551,0,33,000,00,2,1,01,B01
200700068552,0,07,000,00,2,1,01,A01
200700068552,0,07,000,00,2,8,15,B01
200700068553,0,07,000,00,1,2,01,A01
200700068554,0,07,000,00,1,1,01,A01
200700068555,0,02,000,00,2,1,01,B01
200700068555,0,07,000,00,2,2,15,A01
200700068556,0,07,000,00,2,5,10,A01
200700068556,0,07,000,00,2,1,01,B01
200700068557,0,07,000,00,1,1,09,A01
200700068558,0,07,000,00,2,3,01,B01
200700068558,0,07,000,00,2,1,19,A01
200700068559,0,02,000,00,0,8,01,A01
200700068560,0,02,000,00,0,2,01,A01
200700068560,0,07,000,00,0,6,19,B01
200700068561,0,07,000,00,2,1,15,A01
200700068561,0,07,000,00,2,1,02,B01
200700068562,0,07,000,00,2,1,13,A01
200700068562,0,07,000,00,2,3,01,B01
200700068563,0,07,000,00,2,7,15,A01
200700068563,0,02,000,00,2,1,02,B01
200700068563,0,07,000,00,2,1,02,C01
200700068564,0,07,000,00,2,1,02,A01
200700068564,0,07,000,00,0,4,23,B01
200700068565,0,32,000,00,1,1,01,A01
200700068566,0,30,000,00,2,1,01,B01
200700068566,0,07,000,00,2,2,15,A01
200700068567,0,07,000,00,1,1,01,A01
200700068568,0,07,000,00,2,4,01,B01
200700068568,0,07,000,00,2,1,01,A01
200700068569,0,07,000,00,2,4,23,B01
200700068569,0,07,000,00,2,1,01,A01
200700068570,0,30,000,00,2,1,01,A01
200700068570,0,07,000,00,2,1,01,B01
200700068571,0,30,000,00,2,1,01,B01
200700068571,0,07,000,00,2,3,15,A01
200700068572,0,07,000,00,2,5,01,B01
200700068572,0,30,000,00,2,1,01,A01
200700068573,0,32,000,00,0,0,01,A01
200700068574,0,07,000,00,2,8,09,A01
200700068574,0,30,000,00,2,1,01,B01
200700068575,0,02,000,00,1,1,01,A01
200700068576,0,37,001,00,1,1,00,A01
200700068577,0,33,000,00,2,1,01,A01
200700068577,0,10,000,00,2,5,15,B01
200700068578,0,07,000,00,1,1,01,A01
200700068579,0,07,000,00,1,0,09,A01
200700068580,0,07,000,00,1,1,01,A01
200700068581,0,37,001,00,2,2,01,B01
200700068581,0,07,000,00,2,8,09,A01
200700068582,0,07,000,00,2,1,01,A01
200700068582,0,07,000,00,2,4,01,B01
200700068583,0,30,000,00,2,1,17,A01
200700068583,0,07,000,00,2,1,09,B01
200700068584,0,07,000,00,2,3,15,B01
200700068584,0,07,000,06,2,2,17,A01
200700068585,0,07,000,00,2,1,09,A01
200700068585,0,07,000,00,2,7,01,B01
200700068586,0,33,000,01,2,1,17,A01
200700068586,0,07,000,00,2,8,15,B01
200700068587,0,07,000,00,1,2,00,A01
200700068588,0,02,000,00,2,1,21,A01
200700068588,0,07,000,00,2,4,01,B01
200700068589,0,07,000,00,2,2,01,B01
200700068589,0,07,000,00,2,1,15,A01
200700068590,0,07,000,00,2,1,02,A01
200700068590,0,07,000,00,2,4,02,B01
200700068591,0,07,000,00,2,3,01,A01