Num_Acc,senc,catv,occutc,obs,obsm,choc,manv,num_veh
200700068591,0,07,000,00,2,3,15,B01
200700068592,0,33,000,00,2,0,01,A01
200700068592,0,07,000,00,0,3,01,B01
200700068593,0,07,000,00,1,2,01,A01
200700068594,0,07,000,00,2,1,17,A01
200700068594,0,30,000,00,2,1,01,B01
200700068595,0,33,000,00,0,0,01,A01
200700068595,0,07,000,00,0,0,15,B01
200700068596,0,30,000,00,2,1,01,A01
200700068596,0,07,000,00,2,6,01,B01
200700068597,0,30,000,00,2,1,01,A01
200700068597,0,07,000,00,2,2,16,B01
200700068598,0,07,000,00,1,1,01,A01
200700068599,0,07,000,00,2,1,02,A01
200700068599,0,07,000,00,9,4,23,B01
200700068600,0,07,000,00,1,2,01,A01
200700068601,0,02,000,00,2,3,18,A01
200700068601,0,07,000,00,2,7,16,B01
200700068602,0,07,000,00,1,3,01,A01
200700068603,0,01,000,00,2,0,00,B01
200700068603,0,07,000,00,9,0,00,A01
200700068604,0,07,000,11,0,1,01,A01
200700068605,0,07,000,00,1,1,15,A01
200700068606,0,07,000,00,2,7,02,A01
200700068606,0,30,000,00,2,8,02,B01
200700068607,0,07,000,00,1,4,20,A01
200700068608,1,07,000,00,1,1,00,A01
200700068609,0,07,000,00,1,8,01,A01
200700068610,1,07,000,00,2,0,01,A01
200700068610,0,33,000,00,0,1,01,B01
200700068611,0,07,000,00,0,0,00,A01
200700068612,0,30,000,00,1,7,01,A01
200700068612,0,07,000,00,2,5,01,B01
200700068613,0,07,000,06,0,3,01,A01
200700068614,0,35,000,00,2,1,02,A01
200700068614,0,07,000,00,2,6,02,B01
200700068615,0,07,000,00,2,1,01,A01
200700068615,0,07,000,00,0,4,01,B01
200700068616,0,30,000,07,0,3,02,A01
200700068617,0,07,000,00,2,2,02,A01
200700068617,0,10,000,00,2,4,02,B01
200700068617,0,10,000,00,0,4,02,C01
200700068618,0,33,000,00,2,1,01,A01
200700068618,0,07,000,00,2,4,00,B01
200700068619,0,07,000,00,1,1,01,A01
200700068620,0,33,000,00,2,1,01,A01
200700068620,0,07,000,00,2,7,01,B01
200700068621,0,10,000,06,2,2,01,A01
200700068621,0,10,000,00,2,3,15,B01
200700068622,0,07,000,00,2,5,16,A01
200700068622,0,01,000,00,2,8,15,B01
200700068623,0,07,000,00,1,1,01,A01
200700068624,0,07,000,00,2,1,00,A01
200700068624,0,07,000,00,2,1,01,B01
200700068625,0,07,000,00,2,1,13,A01
200700068625,0,02,000,00,2,1,01,B01
200700068626,0,07,000,00,2,1,01,A01
200700068626,0,07,000,00,2,4,01,B01
200700068627,1,07,000,00,2,1,19,A01
200700068627,0,02,000,00,2,5,01,B01
200700068628,0,07,000,00,2,1,13,A01
200700068628,0,07,000,00,2,1,01,B01
200700068629,0,15,000,00,0,7,01,A01
200700068630,0,07,000,00,2,4,04,A01
200700068630,0,34,000,00,2,1,01,B01
200700068631,0,07,000,15,0,1,01,A01
200700068632,0,07,000,00,2,0,01,A01
200700068632,0,01,000,00,2,4,15,B01
200700068633,0,07,000,00,1,1,01,A01
200700068634,0,07,000,00,2,1,01,A01
200700068634,0,07,000,00,2,1,01,B01
200700068634,0,07,000,00,2,4,01,C01
200700068635,0,01,000,00,1,1,01,A01
200700068636,0,07,000,00,9,7,22,A01
200700068636,0,01,000,01,0,1,01,B01
200700068637,0,07,000,00,2,1,15,B01
200700068637,0,34,000,00,2,3,01,A01
200700068638,0,33,000,16,0,1,01,A01
200700068639,0,02,000,00,2,3,01,A01
200700068639,0,07,000,00,2,3,15,B01
200700068640,1,33,000,00,1,1,00,A01
200700068641,0,07,000,00,2,1,01,A01
200700068641,0,07,000,00,2,1,15,B01
200700068642,0,07,000,00,1,1,01,A01
200700068643,0,07,000,00,1,1,01,A01
200700068644,0,07,000,00,2,1,01,A01
200700068644,0,01,000,00,2,7,01,B01
200700068645,0,07,000,00,2,3,01,A01
200700068645,0,32,000,00,2,1,01,B01
200700068646,0,07,000,00,2,3,13,A01
200700068646,0,14,000,00,2,8,01,B01
200700068647,0,07,000,00,2,1,01,A01
200700068647,0,07,000,00,2,4,01,B01
200700068647,0,07,000,00,2,4,01,C01
200700068648,0,31,000,00,2,8,01,A01
200700068649,0,99,000,00,2,1,01,A01
200700068649,0,33,000,00,2,8,01,B01
200700068650,0,07,000,00,2,3,09,A01
200700068650,0,31,000,00,2,7,10,B01
200700068651,0,30,000,00,2,7,05,A01
200700068651,0,07,000,00,2,2,01,B01
200700068652,0,07,000,00,1,1,01,A01
200700068653,0,07,000,06,0,3,01,A01
200700068654,0,07,000,00,2,1,01,A01
200700068654,0,07,000,00,2,4,01,B01
200700068655,0,07,000,00,2,1,01,A01
200700068655,0,07,000,00,2,4,01,B01
200700068656,0,07,000,14,0,1,02,A01
200700068656,0,07,000,00,0,4,23,B01
200700068657,0,07,000,00,2,1,01,A01
200700068657,0,07,000,00,2,4,01,B01
200700068658,0,07,000,00,2,8,03,A01
200700068658,0,07,000,00,2,1,01,B01
200700068659,0,07,000,00,2,1,00,A01
200700068659,0,07,000,00,2,1,01,B01
200700068660,0,07,000,00,2,1,01,A01
200700068660,0,07,000,00,2,4,01,B01
200700068660,0,07,000,00,2,4,01,C01
200700068661,0,07,000,00,2,1,01,A01
200700068661,0,07,000,00,2,4,01,B01
200700068661,0,07,000,00,2,4,01,C01
200700068662,0,07,000,00,2,7,12,A01
200700068662,0,07,000,00,2,3,01,B01
200700068663,0,07,000,00,2,1,01,A01
200700068663,0,07,000,03,2,3,01,B01
200700068664,0,02,000,12,0,1,01,A01
200700068665,0,07,000,00,2,3,17,A01
200700068665,0,07,000,00,2,3,01,B01
200700068666,0,07,000,01,0,1,02,A01
200700068666,0,07,000,01,0,4,02,B01
200700068666,0,07,000,01,0,4,02,C01
200700068666,0,07,000,01,0,4,02,D01
200700068667,0,07,000,00,2,6,10,A01
200700068667,0,33,000,00,2,1,01,B01
200700068668,0,34,000,00,2,1,01,A01
200700068668,0,07,000,00,2,4,01,B01
200700068669,0,32,000,16,0,3,01,A01
200700068670,0,07,000,00,2,3,00,A01
200700068670,0,07,000,00,2,7,00,B01
200700068671,0,07,000,00,2,1,16,A01
200700068671,0,33,000,00,2,1,01,B01
200700068672,0,07,000,00,2,2,01,A01
200700068672,0,07,000,00,2,3,01,F01
200700068672,0,02,000,00,2,9,01,B01
200700068672,0,07,000,00,2,4,01,C01
200700068672,0,07,000,00,2,4,01,D01
200700068672,0,07,000,00,2,1,01,E01
200700068673,0,07,000,00,1,1,01,A01
200700068674,0,30,000,00,2,5,01,B01
200700068674,1,07,000,00,2,0,02,A01
200700068675,0,07,000,01,0,4,24,A01
200700068676,0,07,000,00,1,4,04,A01
200700068677,0,07,000,00,2,1,15,A01
200700068677,0,02,000,00,2,1,01,B01
200700068678,0,07,000,00,2,2,01,A01
200700068678,0,07,000,00,2,3,01,B01
200700068679,0,07,000,00,2,1,01,A01
200700068679,0,07,000,00,2,4,01,B01
200700068679,0,07,000,00,2,4,01,C01
200700068679,0,07,000,00,2,4,01,D01
200700068680,0,07,000,00,2,1,01,A01
200700068680,0,07,000,00,2,4,01,B01
200700068680,0,07,000,00,2,4,01,C01
200700068681,0,07,000,00,2,3,05,A01
200700068681,0,02,000,00,2,1,00,B01
200700068682,0,07,000,00,1,1,01,A01
200700068683,0,07,000,00,2,2,15,A01
200700068683,0,30,000,00,2,1,01,B01
200700068684,0,07,000,00,2,7,01,A01
200700068684,0,07,000,00,2,1,01,B01
200700068685,0,07,000,00,2,2,01,A01
200700068685,0,07,000,00,2,8,01,B01
200700068686,0,07,000,00,2,3,09,A01
200700068686,0,07,000,00,2,9,15,B01
200700068687,0,07,000,00,2,6,11,A01
200700068687,0,30,000,00,2,8,01,B01
200700068688,0,07,000,00,2,2,01,A01
200700068688,0,07,000,00,2,3,16,B01
200700068689,0,30,000,00,2,2,17,A01
200700068689,0,07,000,00,2,6,15,B01
200700068690,0,30,000,00,0,7,01,A01
200700068691,0,02,000,00,0,8,00,A01
200700068692,0,02,000,00,2,1,00,B01
200700068692,1,07,000,00,0,0,00,A01
200700068693,0,07,000,00,9,5,15,A01
200700068693,0,02,000,00,2,1,01,B01
200700068694,0,07,000,00,0,8,01,A01
200700068695,0,07,000,00,1,4,04,A01
200700068696,0,07,000,00,2,1,01,A01
200700068696,0,07,000,00,2,4,01,B01
200700068696,0,07,000,00,2,4,01,C01
200700068697,0,07,000,00,2,1,01,A01
200700068698,0,07,000,00,2,1,01,A01
200700068698,0,14,000,00,2,1,01,B01
200700068699,0,07,000,00,2,1,01,A01
200700068699,0,07,000,00,0,4,23,B01
200700068699,0,07,000,00,0,4,23,C01
200700068699,0,07,000,00,2,1,01,D01
200700068700,0,07,000,00,2,3,00,A01
200700068700,0,07,000,00,0,4,01,B01
200700068701,0,07,000,00,2,1,13,A01
200700068701,0,07,000,00,2,1,01,B01
200700068702,0,02,000,00,2,2,17,A01
200700068702,0,07,000,00,2,8,15,B01
200700068703,0,33,000,00,2,8,17,A01
200700068703,0,07,000,00,2,3,15,B01
200700068704,0,07,000,00,2,3,15,A01
200700068704,0,33,000,00,2,2,17,B01
200700068705,0,07,000,00,2,1,01,A01
200700068705,0,07,000,00,2,4,23,B01
200700068706,0,13,000,00,1,6,04,A01
200700068707,0,07,000,08,0,1,01,A01
200700068708,0,07,000,00,1,1,01,A01
200700068709,0,07,000,00,2,1,01,A01
200700068709,0,07,000,00,2,1,23,B01
200700068709,0,07,000,00,2,4,23,C01
200700068710,0,07,000,00,1,2,01,A01
200700068711,0,07,000,00,2,2,01,A01
200700068711,0,07,000,00,2,4,01,B01
200700068712,0,07,000,00,2,7,13,A01
200700068712,0,07,000,00,2,2,01,B01
200700068713,0,10,000,00,2,6,11,A01
200700068713,0,07,000,00,2,2,13,B01
200700068713,0,01,000,00,2,7,01,C01
200700068714,0,07,000,00,1,1,01,A01
200700068715,0,37,001,00,2,7,15,A01
200700068715,0,07,000,00,2,1,01,B01
200700068716,0,07,000,00,2,3,13,A01
200700068716,0,10,000,00,2,2,01,B01
200700068717,0,07,000,06,2,2,23,A01
200700068717,0,07,000,00,2,1,01,B01
200700068718,0,31,000,12,0,1,15,A01
200700068719,1,01,000,00,1,0,00,A01
200700068720,0,07,000,00,2,4,10,A01
200700068720,0,31,000,00,2,1,01,B01
200700068721,0,07,000,00,2,1,01,A01
200700068721,0,07,000,00,2,5,01,B01
200700068722,0,07,000,00,2,3,15,A01
200700068722,0,31,000,00,2,2,17,B01
200700068723,0,07,000,00,2,8,11,A01
200700068723,0,33,000,00,0,5,01,B01
200700068724,0,07,000,05,0,3,01,A01
200700068725,0,07,000,00,2,1,01,A01
200700068725,0,07,000,00,2,1,01,B01
200700068725,0,07,000,00,2,4,01,C01
200700068726,0,07,000,00,2,8,22,A01
200700068726,0,01,000,00,2,1,01,B01
200700068727,0,07,000,00,2,2,01,A01
200700068727,0,02,000,00,0,4,23,B01
200700068728,0,07,000,00,1,1,01,A01
200700068729,0,01,000,00,2,1,05,A01
200700068729,0,07,000,00,2,8,01,B01
200700068730,0,07,000,00,2,1,01,A01
200700068730,0,07,000,00,2,4,01,B01
200700068730,0,07,000,00,2,4,01,C01
200700068731,0,10,000,00,0,0,00,A01
200700068731,0,07,000,00,2,0,00,B01
200700068731,0,07,000,00,2,0,00,C01
200700068732,0,33,000,00,2,2,17,A01
200700068732,0,07,000,00,2,3,15,B01
200700068733,0,07,000,00,2,3,09,A01
200700068733,0,33,000,00,2,5,01,B01
200700068733,0,33,000,00,2,0,00,C01
200700068734,0,30,000,00,2,1,01,A01
200700068734,0,07,000,00,2,4,01,B01
200700068735,0,07,000,00,2,1,01,A01
200700068735,0,33,000,00,2,0,00,B01
200700068735,0,07,000,00,2,4,01,C01
200700068736,0,07,000,03,0,9,13,A01
200700068737,0,07,000,00,2,1,01,A01
200700068737,0,14,000,00,2,4,23,B01
200700068738,0,07,000,00,2,3,09,A01
200700068738,0,33,000,00,2,1,00,B01
200700068739,0,07,000,00,2,3,11,A01
200700068739,0,31,000,00,2,1,01,B01
200700068740,0,01,000,00,1,1,01,A01
200700068741,0,07,000,00,2,8,15,A01
200700068741,0,33,000,00,2,4,01,B01
200700068742,0,07,000,00,2,1,01,A01
200700068742,0,07,000,00,2,4,01,B01
200700068743,0,07,000,11,0,1,01,A01
200700068744,0,07,000,00,2,7,01,A01
200700068744,0,07,000,00,2,1,01,B01
200700068745,0,07,000,04,2,7,14,A01
200700068745,0,07,000,00,2,8,01,B01
200700068746,0,07,000,00,2,3,01,A01
200700068746,0,07,000,00,2,4,23,B01
200700068747,0,07,000,00,2,3,20,A01
200700068747,0,01,000,00,2,1,01,B01
200700068748,0,30,000,00,2,1,13,A01
200700068748,0,34,000,00,2,1,01,B01
200700068748,0,07,000,00,2,3,01,C01
200700068749,0,07,000,00,2,6,00,A01
200700068749,0,07,000,00,2,1,00,B01
200700068750,0,31,000,00,2,1,17,A01
200700068750,0,07,000,00,2,8,15,B01
200700068751,0,13,000,00,2,1,01,A01
200700068751,0,10,000,00,2,4,23,B01
200700068751,0,07,000,00,2,4,00,C01
200700068751,0,07,000,00,2,1,01,D01
200700068751,0,07,000,00,2,1,01,E01
200700068752,0,07,000,08,0,1,13,A01
200700068753,0,07,000,00,1,1,20,A01
200700068754,0,07,000,00,2,1,15,A01
200700068754,0,07,000,00,2,3,01,B01
200700068755,0,01,000,00,2,1,13,A01
200700068755,0,07,000,00,2,3,01,B01
200700068756,0,02,000,00,1,1,01,A01
200700068757,0,15,000,00,2,5,17,A01
200700068757,0,07,000,03,0,8,01,B01
200700068758,0,07,000,00,2,7,10,A01
200700068758,0,33,000,00,2,1,01,B01
200700068759,0,07,000,00,0,0,00,C01
200700068759,0,07,000,00,0,7,10,B01
200700068759,0,07,000,00,2,2,01,A01
200700068760,0,32,000,00,2,1,01,B01
200700068760,0,07,000,00,2,5,15,A01
200700068761,0,07,000,00,2,1,01,A01
200700068761,0,07,000,00,2,4,01,B01
200700068762,0,07,000,00,2,5,12,A01
200700068762,0,33,000,00,2,3,01,B01
200700068763,0,07,000,00,2,3,09,A01
200700068763,0,01,000,00,2,1,01,B01
200700068764,0,07,000,00,2,1,01,A01
200700068764,0,07,000,00,2,4,01,B01
200700068765,0,07,000,00,2,6,11,A01
200700068765,0,33,000,00,2,9,01,B01
200700068766,0,07,000,00,2,1,01,A01
200700068766,0,07,000,00,2,3,01,B01
200700068766,0,07,000,00,2,1,01,C01
200700068767,0,07,000,00,1,1,01,A01
200700068767,0,07,000,00,2,4,01,B01
200700068768,0,07,000,00,2,1,15,A01
200700068768,0,01,000,00,2,1,01,B01
200700068769,0,07,000,00,2,3,01,B01
200700068769,0,07,000,00,2,3,01,A01
200700068770,0,07,000,00,2,7,11,A01
200700068770,0,33,000,00,2,3,01,B01
200700068771,0,07,000,00,0,0,00,A01
200700068772,0,07,000,00,2,4,01,A01
200700068772,0,14,000,00,2,4,01,B01
200700068773,0,07,000,00,2,2,15,A01
200700068773,0,01,000,00,2,1,01,B01
200700068774,0,07,000,00,2,5,20,A01
200700068774,0,30,000,00,2,9,01,B01
200700068775,0,07,000,00,2,1,15,A01
200700068775,0,30,000,00,2,1,00,B01
200700068776,0,07,000,08,0,1,01,A01
200700068777,0,31,000,00,2,3,17,A01
200700068777,0,07,000,00,2,1,15,B01
200700068778,0,07,000,00,2,1,02,A01
200700068778,0,07,000,00,2,4,23,B01
200700068779,0,30,000,00,2,1,01,A01
200700068779,0,07,000,00,2,4,15,B01
200700068780,0,31,000,00,2,1,01,A01
200700068780,0,07,000,00,2,6,19,B01
200700068781,0,07,000,00,2,1,01,A01
200700068781,0,07,000,00,2,4,01,B01
200700068782,0,07,000,04,0,1,01,A01
200700068783,0,07,000,00,2,1,15,A01
200700068783,0,33,000,00,2,3,01,B01
200700068784,0,07,000,00,2,1,01,A01
200700068784,0,30,000,00,2,4,14,B01
200700068785,0,07,000,00,2,0,00,A01
200700068785,0,07,000,00,2,0,23,B01
200700068786,0,07,000,00,2,1,15,A01
200700068786,0,33,000,00,2,1,01,B01
200700068787,0,33,000,00,2,1,01,A01
200700068788,0,34,000,00,2,8,15,A01
200700068788,0,07,000,00,2,1,01,B01
200700068789,0,07,000,00,2,1,11,A01
200700068789,0,07,000,00,2,4,01,B01
200700068789,0,07,000,00,2,3,12,C01
200700068790,0,32,000,00,2,1,01,A01
200700068790,0,01,000,00,2,1,15,B01
200700068791,0,07,000,00,2,1,09,A01
200700068791,0,33,000,00,2,1,01,B01
200700068792,0,07,000,00,2,7,16,A01
200700068792,0,31,000,00,2,1,07,B01
200700068793,0,14,000,00,2,0,00,A01
200700068793,0,07,000,00,2,4,01,B01
200700068794,0,07,000,00,2,3,23,A01
200700068794,0,31,000,00,2,1,01,B01
200700068795,1,07,000,00,1,1,00,A01
200700068796,0,07,000,00,2,3,15,A01
200700068796,0,30,000,00,2,3,01,B01
200700068797,0,33,000,00,2,1,17,A01
200700068797,0,10,000,00,2,8,15,B01
200700068798,0,33,000,00,2,1,01,A01
200700068798,0,07,000,00,0,6,15,B01
200700068799,0,07,000,13,0,1,01,A01
200700068800,0,07,000,00,2,8,13,A01
200700068800,0,01,000,00,2,7,17,B01
200700068801,0,07,000,00,2,2,15,A01
200700068801,0,02,000,00,2,1,01,B01
200700068802,0,02,000,00,2,1,01,B01
200700068802,0,07,000,00,2,3,16,A01
200700068803,0,07,000,00,1,2,09,A01
200700068804,0,07,000,00,2,1,13,A01
200700068804,0,07,000,00,2,1,01,B01
200700068805,0,02,000,00,2,1,01,A01
200700068805,0,07,000,00,2,3,15,B01
200700068806,0,01,000,00,2,2,19,A01
200700068806,0,07,000,00,2,3,16,B01
200700068807,0,07,000,07,0,8,01,A01
200700068808,0,10,000,00,2,1,16,A01
200700068808,0,02,000,00,2,5,16,B01
200700068809,0,07,000,00,2,3,14,A01
200700068809,0,07,000,00,0,7,01,B01
200700068810,0,07,000,00,2,1,13,A01
200700068810,0,07,000,00,2,1,01,B01
200700068811,0,07,000,00,1,2,01,A01
200700068812,0,07,000,00,2,1,01,A01
200700068812,0,10,000,00,0,1,05,B01
200700068813,0,02,000,12,2,0,14,A01
200700068814,0,07,000,08,0,1,01,A01
200700068815,0,02,000,00,0,8,20,A01
200700068815,0,07,000,00,2,2,01,B01
200700068815,0,07,000,00,2,1,01,C01
200700068816,0,07,000,00,2,1,01,A01
200700068816,0,07,000,00,0,4,01,B01
200700068817,0,10,000,14,0,2,02,A01
200700068817,0,10,000,00,0,4,23,B01
200700068818,0,07,000,00,2,2,15,A01
200700068818,0,31,000,00,2,1,01,B01
200700068819,0,07,000,00,0,2,01,A01
200700068819,0,02,000,00,2,8,15,B01
200700068820,0,07,000,00,2,1,01,A01
200700068820,0,07,000,00,2,4,02,B01
200700068821,0,07,000,00,2,1,01,A01
200700068821,0,02,000,00,2,2,01,B01
200700068822,0,07,000,00,2,7,16,A01
200700068822,0,31,000,00,2,1,01,B01
200700068823,0,14,000,00,1,7,01,A01
200700068823,0,01,000,00,2,9,01,B01
200700068824,0,02,000,00,2,1,15,A01
200700068824,0,33,000,00,2,3,01,B01
200700068825,0,07,000,00,0,4,16,A01
200700068825,0,07,000,00,2,1,01,B01
200700068826,0,07,000,00,2,3,20,A01
200700068826,0,02,000,00,0,7,01,B01
200700068827,0,07,000,00,2,1,09,A01
200700068827,0,02,000,00,2,8,09,B01
200700068828,1,07,000,00,2,0,01,A01
200700068828,0,33,000,00,2,2,01,B01
200700068829,0,07,000,00,0,7,01,A01
200700068829,0,07,000,00,2,1,01,B01
200700068830,0,02,000,00,2,1,02,A01
200700068830,0,07,000,00,0,6,23,B01
200700068831,0,07,000,00,2,2,15,A01
200700068831,0,33,000,01,2,1,21,B01
200700068832,0,33,000,00,2,1,15,A01
200700068832,0,07,000,00,2,1,15,B01
200700068833,0,17,000,00,2,8,20,A01
200700068833,0,07,000,00,2,1,01,B01
200700068834,0,33,000,00,2,2,17,A01
200700068834,0,07,000,00,2,1,15,B01
200700068835,0,01,000,00,2,7,01,B01
200700068835,0,07,000,00,2,1,01,A01
200700068836,0,07,000,00,1,2,01,A01
200700068837,0,01,000,00,2,7,01,A01
200700068837,0,14,000,00,2,0,01,B01
200700068838,0,02,000,00,2,1,01,A01
200700068838,0,07,000,00,2,3,01,B01
200700068839,0,07,000,00,2,0,14,A01
200700068839,0,01,000,00,2,1,01,B01
200700068840,0,07,000,00,2,3,15,A01
200700068840,0,31,000,00,2,1,01,B01
200700068841,0,07,000,00,2,3,15,A01
200700068841,0,37,035,00,2,1,01,B01
200700068842,0,02,000,00,2,1,18,A01
200700068842,0,07,000,00,2,2,16,B01
200700068843,0,10,000,00,2,1,01,A01
200700068843,0,07,000,00,2,6,01,B01
200700068844,0,07,000,00,2,1,01,A01
200700068844,0,07,000,00,2,9,01,B01
200700068844,0,14,000,00,2,8,01,C01
200700068845,0,31,000,00,1,1,01,A01
200700068846,0,07,000,00,2,1,15,A01
200700068846,0,33,000,00,2,1,01,B01
200700068847,0,07,000,00,1,2,01,A01
200700068848,0,07,000,00,1,1,01,A01
200700068849,0,30,000,00,1,0,01,A01
200700068850,0,07,000,00,2,3,01,A01
200700068850,0,01,000,00,0,4,01,B01
200700068851,0,02,000,00,2,1,01,A01
200700068851,0,10,000,00,2,6,01,B01
200700068851,0,07,000,00,0,5,12,C01
200700068852,0,07,000,00,2,8,15,A01
200700068852,0,10,000,00,2,2,01,B01
200700068853,0,30,000,00,2,1,05,A01
200700068853,0,10,000,00,2,3,15,B01
200700068854,0,02,000,00,2,1,01,A01
200700068854,0,07,000,00,2,2,01,B01
200700068855,0,01,000,00,2,0,01,A01
200700068855,0,01,000,00,2,0,02,B01
200700068856,0,07,000,00,1,1,15,A01
200700068857,0,07,000,00,1,4,04,A01
200700068858,0,02,000,00,2,1,01,A01
200700068858,0,07,000,00,0,4,16,B01
200700068859,0,01,000,00,2,1,01,A01
200700068859,0,30,000,00,2,2,01,B01
200700068860,0,07,000,00,1,2,01,A01
200700068861,0,07,000,00,2,8,20,A01
200700068861,0,33,000,00,2,1,01,B01
200700068862,0,07,000,00,2,2,16,A01
200700068862,0,02,000,00,2,1,01,B01
200700068863,0,10,000,08,0,2,01,A01
200700068864,0,07,000,00,2,1,01,A01
200700068864,0,07,000,00,2,6,01,B01
200700068865,0,07,000,00,2,3,13,A01
200700068865,0,02,000,00,2,3,01,B01
200700068866,0,07,000,14,0,1,17,A01
200700068866,0,07,000,00,2,9,01,B01
200700068866,0,07,000,00,0,4,01,C01
200700068867,0,02,000,00,2,1,01,A01
200700068867,0,07,000,00,2,3,16,B01
200700068868,0,10,000,00,2,1,10,A01
200700068868,0,02,000,00,2,1,01,B01
200700068869,0,07,000,00,0,1,20,A01
200700068869,0,02,000,00,2,1,17,B01
200700068870,0,10,000,00,2,5,12,A01
200700068870,0,31,000,00,2,8,01,B01
200700068871,0,07,000,00,1,3,15,A01
200700068872,0,07,000,00,0,8,15,A01
200700068872,0,31,000,00,2,1,17,B01
200700068873,0,02,000,00,2,1,17,A01
200700068873,0,07,000,00,2,1,01,B01
200700068874,0,02,000,00,2,1,18,A01
200700068874,0,07,000,00,0,5,01,B01
200700068875,0,07,000,00,1,1,16,A01
200700068876,0,07,000,14,0,1,02,A01
200700068876,0,07,000,00,0,4,23,B01
200700068877,0,15,000,14,2,1,01,A01
200700068877,0,07,000,00,2,4,23,B01
200700068878,0,07,000,00,2,1,15,A01
200700068878,0,07,000,00,2,9,01,B01
200700068879,0,02,000,00,2,2,01,A01
200700068879,0,01,000,00,0,4,19,B01
200700068880,0,30,000,00,2,1,17,A01
200700068880,0,07,000,00,2,3,15,B01
200700068881,0,07,000,00,2,0,15,A01
200700068881,0,02,000,00,2,1,21,B01
200700068882,0,07,000,00,2,0,15,A01
200700068882,0,01,000,00,2,1,16,B01
200700068883,0,07,000,00,2,1,01,A01
200700068883,0,07,000,00,0,4,01,B01
200700068884,0,07,000,00,2,1,13,A01
200700068884,0,07,000,00,2,3,01,B01
200700068884,0,07,000,00,2,1,01,C01
200700068885,0,07,000,00,2,1,16,A01
200700068885,0,01,000,00,2,8,01,B01
200700068886,0,07,000,00,2,1,17,A01
200700068886,0,07,000,00,2,2,12,B01
200700068887,0,02,000,00,2,1,01,A01
200700068887,0,07,000,00,2,5,02,B01
200700068887,0,07,000,00,2,6,02,C01
200700068888,0,01,000,00,2,8,15,A01
200700068888,0,07,000,00,2,1,01,B01
200700068889,0,07,000,00,2,1,01,A01
200700068889,0,07,000,00,2,1,02,B01
200700068889,0,07,000,00,2,4,02,C01
200700068890,0,07,000,00,2,3,10,A01
200700068890,0,07,000,00,2,9,01,B01
200700068891,0,02,000,01,2,7,14,A01
200700068891,0,07,000,00,2,2,24,B01
200700068892,0,10,000,14,0,1,01,A01
200700068892,0,07,000,00,2,4,23,B01
200700068893,0,10,000,00,2,5,15,A01
200700068893,0,07,000,00,2,1,01,B01
200700068894,0,07,000,00,2,3,13,A01
200700068894,0,07,000,00,2,3,01,B01
200700068895,0,07,000,00,2,3,09,A01
200700068895,0,02,000,00,2,1,01,B01
200700068896,0,07,000,00,2,3,15,A01
200700068896,0,07,000,00,2,1,01,B01
200700068897,0,31,000,00,9,8,01,A01
200700068898,0,01,000,00,2,7,01,A01
200700068898,0,33,000,00,2,3,01,B01
200700068899,0,07,000,00,2,2,16,A01
200700068899,0,33,000,00,2,1,01,B01
200700068900,0,07,000,00,2,2,14,A01
200700068900,0,02,000,00,2,3,01,B01
200700068901,0,07,000,00,2,1,01,A01
200700068901,0,07,000,00,2,4,02,B01
200700068902,0,33,000,12,0,2,01,A01
200700068903,0,07,000,00,2,2,15,A01
200700068903,0,02,000,00,2,1,01,B01
200700068904,0,07,000,00,2,2,15,A01
200700068904,0,33,000,00,2,1,01,B01
200700068905,0,07,000,00,0,0,01,A01
200700068906,0,07,000,00,2,2,01,A01
200700068906,0,07,000,00,2,1,01,B01
200700068907,1,07,000,00,2,0,00,A01
200700068907,0,01,000,00,2,4,01,B01
200700068908,0,02,000,00,1,2,01,A01
200700068909,0,07,000,00,4,4,01,A01
200700068909,0,40,000,00,2,3,01,B01
200700068910,0,02,000,00,0,7,17,A01
200700068911,0,07,000,00,2,3,15,A01
200700068911,0,30,000,00,2,1,01,B01
200700068912,0,32,000,00,2,1,16,A01
200700068912,0,07,000,00,2,2,01,B01
200700068913,0,03,000,00,2,1,16,A01
200700068913,0,01,000,00,2,0,01,B01
200700068914,0,02,000,00,1,0,13,A01
200700068915,0,07,000,00,1,1,15,A01
200700068916,0,30,000,00,4,1,19,A01
200700068916,0,40,000,00,2,2,01,B01
200700068917,0,07,000,00,1,1,15,A01
200700068918,0,07,000,01,0,2,14,A01
200700068919,0,07,000,00,2,2,16,A01
200700068919,0,30,000,00,2,3,01,B01
200700068920,0,31,000,00,2,3,01,A01
200700068920,0,07,000,00,2,1,01,B01
200700068921,0,07,000,00,1,4,04,A01
200700068922,0,07,000,00,2,1,01,A01
200700068922,0,33,000,00,2,1,01,B01
200700068923,0,01,000,00,2,0,09,B01
200700068923,0,07,000,00,2,2,01,A01
200700068924,0,30,000,00,2,1,05,A01
200700068924,0,07,000,00,2,3,15,B01
200700068925,0,07,000,00,1,2,01,A01
200700068926,1,07,000,00,2,3,15,A01
200700068926,0,31,000,00,2,1,01,B01
200700068927,0,07,000,00,1,0,20,A01
200700068928,0,07,000,02,0,1,00,A01
200700068929,0,07,000,00,1,3,15,A01
200700068930,0,07,000,00,2,2,00,A01
200700068930,0,02,000,00,2,1,00,B01
200700068931,0,10,000,00,1,4,04,A01
200700068932,0,07,000,00,2,1,02,A01