Num_Acc,senc,catv,occutc,obs,obsm,choc,manv,num_veh
200700068932,0,07,000,00,2,1,02,B01
200700068933,0,02,000,00,2,1,02,A01
200700068933,0,07,000,00,0,4,23,B01
200700068934,0,14,000,06,2,1,00,A01
200700068934,0,07,000,00,2,8,00,B01
200700068935,1,07,000,00,2,0,02,A01
200700068935,0,07,000,00,2,0,02,B01
200700068935,0,07,000,00,0,0,02,C01
200700068936,0,07,000,00,2,1,02,A01
200700068936,0,07,000,00,2,4,02,B01
200700068937,0,02,000,00,2,1,09,A01
200700068937,0,07,000,00,2,3,09,B01
200700068938,0,07,000,00,1,1,02,A01
200700068939,0,07,000,00,2,2,00,B01
200700068939,0,07,000,00,2,3,09,A01
200700068940,0,07,000,00,2,1,02,A01
200700068940,0,07,000,00,0,4,02,B01
200700068941,0,07,000,00,0,1,05,A01
200700068942,0,10,000,00,2,1,01,B01
200700068942,0,07,000,00,2,3,15,A01
200700068943,0,33,000,00,2,2,17,A01
200700068943,0,07,000,00,2,3,15,B01
200700068944,0,07,000,00,1,1,01,A01
200700068945,0,31,000,00,2,1,01,A01
200700068945,0,07,000,00,2,1,16,B01
200700068946,0,07,000,13,0,1,14,A01
200700068947,0,07,000,00,4,8,15,A01
200700068947,0,40,000,00,2,1,01,B01
200700068948,0,07,000,00,2,7,15,A01
200700068948,0,32,000,00,2,1,01,B01
200700068949,0,30,000,00,2,1,17,A01
200700068949,0,10,000,00,2,8,15,B01
200700068950,0,37,000,01,0,1,02,A01
200700068950,0,07,000,01,2,4,23,B01
200700068950,0,07,000,00,0,4,23,C01
200700068951,0,07,000,00,1,1,15,A01
200700068952,0,33,000,00,0,1,17,A01
200700068953,0,07,000,08,0,1,14,A01
200700068954,0,07,000,00,2,7,19,A01
200700068954,0,07,000,00,2,1,01,B01
200700068955,0,07,000,00,2,7,16,A01
200700068955,0,10,000,00,2,1,01,B01
200700068956,0,02,000,00,1,1,01,A01
200700068957,0,02,000,00,2,3,01,A01
200700068957,0,07,000,00,2,2,01,B01
200700068958,0,10,000,00,2,1,01,A01
200700068958,0,07,000,00,2,1,01,B01
200700068958,0,07,000,00,0,4,01,C01
200700068959,0,07,000,00,1,4,04,A01
200700068960,0,07,000,06,0,4,04,A01
200700068961,0,07,000,00,2,1,02,A01
200700068961,0,07,000,00,2,0,00,B01
200700068962,0,07,000,00,2,2,01,A01
200700068962,0,07,000,00,0,8,11,B01
200700068962,0,07,000,00,2,1,11,C01
200700068963,0,30,000,11,0,1,01,A01
200700068964,0,01,000,00,4,7,14,A01
200700068964,0,40,000,00,2,3,01,B01
200700068965,0,02,000,00,1,1,16,A01
200700068966,0,07,000,00,9,1,16,A01
200700068966,0,01,000,00,0,8,01,B01
200700068967,0,99,000,00,2,1,01,A01
200700068967,0,10,000,00,0,2,15,B01
200700068968,0,07,000,00,2,3,19,A01
200700068968,0,31,000,00,2,1,02,B01
200700068969,0,07,000,06,0,1,02,A01
200700068970,0,07,000,00,1,7,20,A01
200700068971,0,07,000,15,0,8,00,A01
200700068971,0,33,000,00,2,1,00,B01
200700068972,0,07,000,12,0,8,01,A01
200700068973,0,07,000,00,2,1,02,A01
200700068973,0,07,000,00,2,4,02,B01
200700068973,0,07,000,00,2,1,02,C01
200700068973,0,07,000,00,2,4,02,D01
200700068974,0,07,000,00,2,1,15,A01
200700068974,0,32,000,00,2,1,01,B01
200700068975,0,33,000,01,0,3,13,A01
200700068976,0,07,000,10,0,3,13,A01
200700068976,0,07,000,00,9,1,01,B01
200700068977,0,07,000,15,0,2,14,A01
200700068978,0,07,000,00,2,1,11,A01
200700068978,0,07,000,00,2,4,23,B01
200700068979,0,07,000,00,2,1,01,B01
200700068979,0,01,000,00,2,7,01,A01
200700068980,0,10,000,00,2,2,19,A01
200700068980,0,07,000,00,2,7,01,B01
200700068981,0,10,000,00,2,2,15,A01
200700068981,0,07,000,00,2,3,00,B01
200700068982,0,07,000,00,2,5,05,A01
200700068982,0,37,001,00,2,3,23,B01
200700068983,0,33,000,00,0,7,01,A01
200700068984,0,10,000,00,1,1,01,A01
200700068985,0,07,000,00,1,3,01,A01
200700068986,0,07,000,00,1,5,01,A01
200700068987,1,07,000,00,0,0,00,A01
200700068987,0,01,000,00,0,7,19,B01
200700068988,0,07,000,08,0,1,16,A01
200700068989,1,07,000,00,2,1,00,A01
200700068989,0,34,000,00,2,8,15,B01
200700068990,0,07,000,00,0,7,10,A01
200700068990,0,31,000,00,2,1,01,B01
200700068991,0,32,000,00,2,3,01,A01
200700068991,0,07,000,00,2,2,01,B01
200700068992,0,02,000,00,2,1,01,A01
200700068992,0,07,000,00,2,8,15,B01
200700068993,0,30,000,00,2,1,02,A01
200700068993,0,07,000,00,0,4,23,B01
200700068994,0,07,000,00,2,1,16,A01
200700068994,0,01,000,00,2,7,19,B01
200700068995,0,07,000,00,2,7,15,A01
200700068995,0,33,000,00,2,3,01,B01
200700068996,0,33,000,00,2,2,01,B01
200700068996,0,07,000,00,2,3,01,A01
200700068997,0,32,000,00,1,1,02,A01
200700068997,0,10,000,00,0,4,17,B01
200700068998,0,07,000,00,2,2,16,A01
200700068998,0,07,000,00,2,3,01,B01
200700068999,0,02,000,00,2,1,03,A01
200700068999,0,07,000,00,2,8,15,B01
200700069000,0,07,000,00,2,4,15,A01
200700069000,0,07,000,00,2,1,15,B01
200700069000,0,33,000,00,2,8,01,C01
200700069001,0,07,000,00,2,1,01,A01
200700069001,0,07,000,00,2,1,01,B01
200700069002,0,10,000,00,2,1,01,A01
200700069002,0,07,000,00,2,1,15,B01
200700069003,0,15,000,00,0,7,00,A01
200700069004,0,07,000,00,2,1,01,A01
200700069004,0,07,000,00,2,9,01,B01
200700069005,0,07,000,00,2,2,01,A01
200700069005,0,07,000,00,2,7,15,B01
200700069006,0,07,000,11,0,9,01,A01
200700069007,0,07,000,00,1,1,16,A01
200700069008,1,07,000,00,2,0,13,A01
200700069008,0,33,000,00,2,0,01,B01
200700069009,0,30,000,00,2,1,01,A01
200700069009,0,07,000,00,2,4,23,B01
200700069010,0,07,000,00,1,2,01,A01
200700069011,1,07,000,00,0,0,00,A01
200700069011,0,02,000,00,2,0,23,B01
200700069012,0,30,000,14,0,1,00,A01
200700069013,0,07,000,00,2,3,09,A01
200700069013,0,31,000,00,2,9,01,B01
200700069014,0,07,000,00,2,7,15,A01
200700069014,0,01,000,00,2,1,01,B01
200700069015,0,07,000,00,2,1,15,A01
200700069015,0,30,000,00,2,1,01,B01
200700069016,0,07,000,00,2,5,01,A01
200700069016,0,07,000,00,2,1,01,B01
200700069017,0,07,000,00,2,3,16,A01
200700069017,0,07,000,00,2,3,01,B01
200700069018,0,07,000,00,2,2,15,A01
200700069018,0,07,000,00,2,1,01,B01
200700069019,0,07,000,00,2,1,15,A01
200700069019,0,01,000,00,2,8,01,B01
200700069020,0,07,000,00,2,1,15,A01
200700069020,0,30,000,00,2,0,01,B01
200700069021,0,07,000,00,2,3,15,A01
200700069021,0,32,000,00,2,1,01,B01
200700069022,0,07,000,00,2,1,01,B01
200700069022,0,07,000,00,2,7,01,A01
200700069023,0,10,000,03,0,2,01,A01
200700069024,0,07,000,00,2,1,01,A01
200700069024,0,07,000,00,2,1,01,B01
200700069024,0,07,000,13,0,0,21,C01
200700069025,0,07,000,00,1,2,00,A01
200700069026,0,37,000,00,1,2,00,A01
200700069027,0,10,000,00,2,4,20,A01
200700069027,0,31,000,00,2,1,23,B01
200700069028,0,07,000,00,1,1,01,A01
200700069029,0,07,000,00,2,3,09,A01
200700069029,0,32,000,00,2,2,01,B01
200700069030,0,07,000,00,2,2,15,A01
200700069030,0,07,000,00,2,3,01,B01
200700069031,0,07,000,00,2,0,15,A01
200700069031,0,31,000,00,2,1,01,B01
200700069032,0,07,000,00,2,1,02,A01
200700069032,0,07,000,00,2,4,02,B01
200700069032,0,07,000,00,2,4,02,C01
200700069033,0,07,000,07,0,1,01,A01
200700069034,0,07,000,00,2,3,15,A01
200700069034,0,07,000,00,2,3,01,B01
200700069035,0,02,000,00,2,1,01,B01
200700069035,0,07,000,00,2,3,01,A01
200700069036,0,07,000,00,2,1,02,A01
200700069036,0,07,000,00,2,4,02,F01
200700069036,0,07,000,00,2,1,01,B01
200700069036,0,07,000,00,2,4,02,G01
200700069036,0,07,000,00,2,4,02,C01
200700069036,0,07,000,00,2,4,02,D01
200700069036,0,07,000,00,2,4,02,E01
200700069037,0,07,000,00,1,1,01,A01
200700069038,0,07,000,00,1,0,01,A01
200700069039,0,07,000,00,2,2,15,A01
200700069039,0,07,000,00,2,0,01,B01
200700069040,0,07,000,00,2,3,15,A01
200700069040,0,01,000,00,2,0,01,B01
200700069041,0,02,000,00,0,6,15,A01
200700069042,0,01,000,00,2,0,15,A01
200700069042,0,01,000,00,2,1,01,B01
200700069043,0,07,000,00,2,6,23,B01
200700069043,0,07,000,00,2,1,01,A01
200700069044,0,07,000,00,1,1,01,A01
200700069045,0,15,000,00,2,1,02,A01
200700069045,0,07,000,00,2,4,23,B01
200700069046,0,02,000,00,0,1,01,A01
200700069046,0,07,000,00,0,3,01,B01
200700069047,0,14,000,00,2,1,02,A01
200700069047,0,07,000,00,0,4,02,B01
200700069048,0,07,000,02,0,1,01,A01
200700069049,0,07,000,00,2,6,01,B01
200700069049,0,30,000,00,2,1,15,A01
200700069050,0,01,000,00,2,4,01,B01
200700069050,0,07,000,00,2,3,01,A01
200700069051,0,07,000,00,0,7,01,A01
200700069051,0,01,000,00,0,1,01,B01
200700069052,0,02,000,12,0,0,01,A01
200700069053,0,07,000,00,2,9,01,B01
200700069053,0,07,000,00,0,1,01,A01
200700069054,0,30,000,00,2,8,01,A01
200700069054,0,07,000,00,0,4,01,B01
200700069055,0,07,000,00,1,7,01,A01
200700069056,0,07,000,00,1,1,15,A01
200700069057,0,30,000,00,2,1,01,B01
200700069057,0,07,000,00,2,3,09,A01
200700069058,0,07,000,00,0,3,16,A01
200700069058,0,07,000,00,0,2,01,B01
200700069059,0,07,000,00,2,1,09,A01
200700069059,0,10,000,01,2,2,01,B01
200700069060,0,07,000,00,2,1,15,A01
200700069060,0,07,000,00,2,1,01,B01
200700069061,0,07,000,00,2,1,01,A01
200700069061,0,07,000,00,2,4,23,B01
200700069062,0,07,000,00,2,8,16,A01
200700069062,0,30,000,00,0,3,01,B01
200700069063,0,07,000,00,2,1,01,A01
200700069063,0,07,000,00,2,4,23,B01
200700069064,0,02,000,00,2,1,01,B01
200700069064,0,07,000,00,2,8,23,C01
200700069064,0,07,000,00,2,1,15,A01
200700069065,0,07,000,01,1,1,01,A01
200700069066,0,07,000,00,2,2,10,A01
200700069066,0,13,000,00,2,1,01,B01
200700069067,0,07,000,00,2,2,15,A01
200700069067,0,02,000,00,0,1,01,B01
200700069068,0,07,000,00,2,2,15,A01
200700069068,0,02,000,00,2,1,01,B01
200700069069,0,07,000,00,2,7,15,A01
200700069069,0,33,000,00,2,1,01,B01
200700069070,0,02,000,00,2,1,05,A01
200700069070,0,07,000,00,2,1,01,B01
200700069071,0,07,000,00,2,3,09,A01
200700069071,0,07,000,00,0,1,01,B01
200700069072,0,30,000,00,0,1,01,A01
200700069073,0,07,000,00,0,2,15,A01
200700069073,0,07,000,00,2,1,01,B01
200700069074,0,07,000,00,2,3,01,A01
200700069074,0,32,000,00,2,7,01,B01
200700069075,0,07,000,00,2,2,16,A01
200700069075,0,01,000,00,2,8,01,B01
200700069076,0,07,000,00,2,3,15,A01
200700069076,0,30,000,00,2,1,07,B01
200700069077,0,07,000,00,2,3,13,A01
200700069077,0,14,000,00,2,3,01,B01
200700069078,0,30,000,00,2,1,01,A01
200700069078,0,07,000,00,0,4,01,B01
200700069079,0,07,000,00,1,2,15,A01
200700069080,0,07,000,00,2,2,09,A01
200700069080,0,07,000,00,2,8,01,B01
200700069081,0,33,000,00,2,1,01,B01
200700069081,0,07,000,00,2,5,15,A01
200700069082,0,07,000,00,2,1,02,A01
200700069082,0,30,000,00,0,4,15,B01
200700069083,0,07,000,00,2,1,01,A01
200700069083,0,07,000,00,2,3,15,B01
200700069084,0,07,000,00,2,7,17,A01
200700069084,0,01,000,00,0,0,00,B01
200700069085,0,07,000,00,1,1,15,A01
200700069086,0,07,000,00,2,3,15,A01
200700069086,0,33,000,00,2,1,01,B01
200700069087,0,07,000,00,2,5,12,A01
200700069087,0,32,000,00,2,1,01,B01
200700069088,0,33,000,00,2,2,01,B01
200700069088,0,07,000,00,2,3,09,A01
200700069089,0,07,000,00,2,1,01,A01
200700069089,0,07,000,00,2,5,15,B01
200700069089,0,10,000,00,2,8,01,C01
200700069090,0,02,000,00,2,1,01,A01
200700069090,0,07,000,00,2,2,15,B01
200700069091,0,07,000,00,1,1,01,A01
200700069092,0,17,000,00,1,1,01,A01
200700069093,0,30,000,00,2,1,01,A01
200700069093,0,07,000,00,2,2,15,B01
200700069094,0,07,000,00,2,3,01,B01
200700069094,0,07,000,09,0,1,13,A01
200700069095,0,30,000,00,2,1,01,A01
200700069095,0,07,000,00,2,3,15,B01
200700069096,2,07,000,00,1,1,01,A01
200700069097,0,07,000,00,2,5,15,A01
200700069097,0,33,000,00,2,1,01,B01
200700069098,0,07,000,00,1,3,16,A01
200700069099,0,07,000,00,1,3,01,A01
200700069100,0,07,000,00,2,1,01,A01
200700069100,0,07,000,00,2,1,01,B01
200700069101,0,07,000,00,2,5,15,A01
200700069101,0,33,000,00,2,1,01,B01
200700069102,0,07,000,00,2,1,01,A01
200700069102,0,01,000,00,2,8,19,B01
200700069103,0,07,000,00,2,1,01,A01
200700069103,0,07,000,00,0,4,02,B01
200700069104,0,07,000,00,2,1,01,A01
200700069104,0,01,000,00,2,7,19,B01
200700069105,0,07,000,00,2,1,15,A01
200700069105,0,02,000,00,2,8,01,B01
200700069106,0,01,000,00,2,8,19,A01
200700069106,0,07,000,00,9,3,01,B01
200700069107,0,07,000,00,2,1,01,A01
200700069107,0,07,000,00,1,4,01,B01
200700069108,0,07,000,00,1,1,01,A01
200700069109,0,16,000,06,2,1,01,A01
200700069109,0,07,000,00,2,2,01,B01
200700069110,0,07,000,00,2,1,09,A01
200700069110,0,07,000,00,2,4,02,B01
200700069110,0,07,000,00,2,4,02,C01
200700069111,0,07,000,00,2,1,01,A01
200700069111,0,07,000,00,2,4,04,B01
200700069112,0,30,000,00,2,1,01,B01
200700069112,0,07,000,00,2,7,01,A01
200700069113,0,07,000,00,1,1,01,A01
200700069114,0,01,000,00,2,4,01,A01
200700069114,0,07,000,00,2,1,01,B01
200700069115,0,07,000,00,2,1,13,A01
200700069115,0,07,000,00,2,4,23,B01
200700069115,0,07,000,00,2,4,23,C01
200700069115,0,07,000,00,2,7,01,D01
200700069116,0,07,000,00,2,1,01,A01
200700069116,0,07,000,00,2,1,02,B01
200700069116,0,07,000,00,0,4,02,C01
200700069117,0,33,000,00,9,9,01,A01
200700069118,0,10,000,08,2,1,06,A01
200700069118,0,07,000,00,2,1,23,B01
200700069118,0,07,000,00,2,1,23,C01
200700069119,0,07,000,00,2,3,15,A01
200700069119,0,30,000,00,2,1,17,B01
200700069120,0,07,000,00,2,1,01,B01
200700069120,0,07,000,00,2,3,01,C01
200700069120,0,30,000,00,2,5,01,A01
200700069121,0,10,000,00,2,1,01,A01
200700069121,0,07,000,00,2,1,05,B01
200700069122,0,01,000,00,1,1,01,A01
200700069123,0,10,000,00,2,8,24,A01
200700069123,0,01,000,01,0,1,01,B01
200700069124,0,07,000,00,2,3,01,A01
200700069124,0,31,000,00,2,1,01,B01
200700069125,0,07,000,00,2,1,02,A01
200700069125,0,07,000,00,0,4,02,B01
200700069126,0,07,000,00,2,8,15,A01
200700069126,0,33,000,00,2,1,17,B01
200700069127,0,30,000,00,2,1,18,A01
200700069127,0,10,000,00,2,7,16,B01
200700069128,0,07,000,06,0,2,00,A01
200700069129,0,07,000,00,2,1,00,A01
200700069129,0,05,000,00,2,1,01,B01
200700069130,0,07,000,00,2,1,01,A01
200700069130,0,07,000,00,2,3,01,B01
200700069131,0,20,000,00,1,1,01,A01
200700069132,0,07,000,01,0,1,14,A01
200700069133,0,07,000,00,1,3,01,A01
200700069134,0,07,000,00,2,1,05,A01
200700069134,0,17,000,00,2,8,05,B01
200700069135,0,02,000,15,0,1,01,A01
200700069136,0,07,000,00,1,1,23,A01
200700069137,0,07,000,00,2,2,16,A01
200700069137,0,01,000,00,2,1,01,B01
200700069138,0,07,000,00,0,5,02,A01
200700069138,0,07,000,00,0,4,02,B01
200700069139,0,07,000,00,0,1,01,A01
200700069139,0,07,000,00,0,4,11,B01
200700069140,0,20,000,13,0,1,01,A01
200700069141,1,07,000,00,2,2,02,A01
200700069141,0,02,000,00,2,8,23,B01
200700069142,0,02,000,00,0,0,01,A01
200700069143,0,07,000,00,2,1,02,A01
200700069143,0,07,000,00,2,4,23,B01
200700069144,0,07,000,02,0,7,01,A01
200700069145,0,07,000,00,2,1,15,A01
200700069145,0,07,000,00,2,1,01,B01
200700069146,0,07,000,00,2,1,01,A01
200700069146,0,07,000,00,0,2,00,B01
200700069147,0,33,000,00,2,1,00,A01
200700069147,0,07,000,00,2,8,00,B01
200700069148,0,07,000,02,2,1,01,A01
200700069148,0,07,000,00,2,4,01,B01
200700069148,0,10,000,00,2,4,01,C01
200700069149,0,07,000,00,2,4,01,B01
200700069149,0,07,000,00,2,3,00,A01
200700069150,0,07,000,00,2,1,13,A01
200700069150,0,07,000,00,2,1,01,B01
200700069151,0,07,000,00,2,1,01,B01
200700069151,0,07,000,00,2,2,01,A01
200700069152,0,30,000,00,2,8,05,A01
200700069152,0,07,000,00,2,8,01,B01
200700069153,1,07,000,00,1,4,04,A01
200700069154,0,30,000,00,2,1,17,A01
200700069154,0,10,000,00,2,8,15,B01
200700069155,0,07,000,15,0,1,01,A01
200700069156,0,02,000,00,2,1,02,A01
200700069156,0,30,000,00,2,4,02,B01
200700069157,0,07,000,00,2,1,13,A01
200700069157,0,07,000,00,2,1,01,B01
200700069158,0,07,000,00,2,3,05,B01
200700069158,0,30,000,00,2,0,00,A01
200700069159,0,07,000,00,2,3,01,A01
200700069159,0,07,000,00,0,3,01,B01
200700069160,0,07,000,00,1,3,01,A01
200700069161,0,07,000,00,2,4,23,A01
200700069161,0,07,000,00,2,1,01,B01
200700069162,0,07,000,00,2,7,01,A01
200700069162,0,07,000,00,2,3,01,B01
200700069163,0,07,000,00,2,1,01,A01
200700069163,0,07,000,00,2,8,01,B01
200700069164,0,30,000,00,2,1,01,A01
200700069164,1,07,000,00,2,8,05,B01
200700069165,0,34,000,00,2,1,01,A01
200700069165,0,07,000,00,2,4,23,B01
200700069166,0,07,000,00,1,4,04,A01
200700069167,0,02,000,00,2,1,01,C01
200700069167,0,07,000,00,2,2,20,A01
200700069167,0,02,000,00,2,3,01,B01
200700069168,0,07,000,00,1,1,01,A01
200700069169,0,07,000,00,2,8,01,B01
200700069169,0,07,000,00,2,1,01,A01
200700069170,0,07,000,00,2,1,15,A01
200700069170,0,01,000,00,2,1,01,B01
200700069171,0,07,000,00,2,3,09,A01
200700069171,0,07,000,00,2,2,01,B01
200700069171,0,10,000,00,2,3,24,C01
200700069172,0,07,000,00,2,4,02,C01
200700069172,0,07,000,00,2,4,02,B01
200700069172,0,07,000,00,2,1,02,A01
200700069173,0,07,000,00,2,3,15,A01
200700069173,0,02,000,00,2,2,01,B01
200700069174,0,07,000,00,1,7,15,A01
200700069175,0,07,000,00,2,7,00,A01
200700069175,0,30,000,00,2,1,00,B01
200700069176,0,07,000,00,2,1,02,A01
200700069176,0,07,000,00,2,4,23,B01
200700069176,0,07,000,00,2,5,23,C01
200700069176,0,07,000,00,2,3,05,D01
200700069177,0,30,000,00,2,9,01,A01
200700069177,0,07,000,00,2,3,02,B01
200700069178,0,07,000,00,2,1,01,B01
200700069178,0,07,000,00,2,6,01,A01
200700069179,0,07,000,00,1,6,01,A01
200700069180,0,07,000,00,1,2,09,A01
200700069181,0,07,000,00,2,3,01,A01
200700069181,0,07,000,00,2,8,15,B01
200700069182,0,07,000,00,2,3,01,A01
200700069182,0,07,000,00,2,5,01,B01
200700069183,0,07,000,00,1,3,01,A01
200700069184,0,14,000,00,2,3,02,A01
200700069184,0,07,000,00,2,4,02,B01
200700069185,0,31,000,00,2,1,13,A01
200700069185,0,07,000,00,2,2,00,B01
200700069186,0,10,000,00,2,3,01,B01
200700069186,0,07,000,00,2,7,01,A01
200700069187,0,02,000,00,2,1,01,A01
200700069187,0,07,000,01,2,3,01,B01
200700069188,0,07,000,00,1,1,00,A01
200700069189,0,07,000,00,1,3,01,A01
200700069190,0,07,000,00,2,1,02,A01
200700069190,0,07,000,00,2,4,02,B01
200700069190,0,07,000,00,2,4,00,C01
200700069191,0,07,000,00,2,2,21,A01
200700069191,0,10,000,00,2,3,23,B01
200700069191,0,07,000,00,2,3,21,C01
200700069192,0,07,000,00,2,3,01,A01
200700069192,0,07,000,00,2,1,15,B01
200700069193,0,10,000,00,1,2,01,A01
200700069194,0,07,000,12,0,0,00,A01
200700069195,0,37,000,00,1,5,01,A01
200700069196,0,07,000,00,2,2,15,A01
200700069196,0,07,000,00,2,2,01,B01
200700069197,0,07,000,00,2,1,01,A01
200700069197,0,07,000,00,2,3,15,B01
200700069198,0,07,000,00,2,1,16,A01
200700069198,0,07,000,00,2,4,01,B01
200700069199,0,07,000,00,1,8,15,A01
200700069200,0,07,000,00,2,1,13,A01
200700069200,0,10,000,00,2,1,01,B01
200700069201,0,30,000,00,0,1,01,A01
200700069202,0,07,000,01,0,2,01,A01
200700069203,0,07,000,00,2,8,01,B01
200700069203,0,17,000,00,2,2,15,A01
200700069204,0,07,000,00,1,2,16,A01
200700069205,0,07,000,00,2,7,17,A01
200700069205,0,14,000,00,2,3,15,B01
200700069206,0,07,000,00,1,3,01,A01
200700069207,0,07,000,00,2,1,01,A01
200700069207,0,33,000,00,2,8,23,B01
200700069208,0,07,000,00,2,8,01,B01
200700069208,0,07,000,14,2,1,06,A01
200700069209,0,33,000,00,2,1,01,B01
200700069209,0,07,000,00,2,1,19,A01
200700069210,0,07,000,00,1,3,00,A01
200700069211,0,30,000,00,2,1,13,A01
200700069211,0,10,000,00,2,3,01,B01
200700069211,0,01,000,00,2,1,01,C01
200700069212,1,30,000,00,1,0,01,A01
200700069213,0,07,000,08,0,7,01,A01
200700069214,0,02,000,00,9,0,02,A01
200700069214,0,02,000,00,9,0,02,B01
200700069215,0,07,000,00,0,9,01,A01
200700069216,0,07,000,00,9,8,22,A01
200700069216,0,01,000,01,0,1,02,B01
200700069217,0,07,000,00,1,0,01,A01
200700069218,1,13,000,00,1,4,20,A01
200700069219,0,07,000,00,9,2,15,A01
200700069219,0,31,000,00,2,1,01,B01
200700069220,0,13,000,06,0,1,01,A01
200700069221,0,07,000,00,2,1,01,A01
200700069221,0,07,000,00,0,4,01,B01
200700069222,0,07,000,00,9,2,00,A01
200700069222,0,32,000,00,0,0,01,B01
200700069223,0,07,000,00,2,2,09,A01
200700069223,0,33,000,00,2,8,23,B01
200700069224,0,07,000,08,0,1,14,A01
200700069225,0,07,000,08,0,1,00,A01
200700069226,0,33,000,00,2,1,02,A01
200700069226,0,07,000,00,2,4,02,B01
200700069227,0,07,000,00,2,1,09,A01
200700069227,0,01,000,00,2,1,02,B01
200700069228,0,02,000,01,0,1,02,A01
200700069228,0,07,000,00,0,0,02,B01
200700069228,0,07,000,00,0,0,24,C01
200700069229,0,07,000,06,1,1,01,A01
200700069230,0,07,000,00,2,2,01,A01
200700069230,0,01,000,00,2,6,01,B01
200700069231,0,30,000,00,2,1,17,A01
200700069231,0,07,000,00,0,8,15,B01
200700069232,0,02,000,00,2,3,01,A01
200700069232,1,07,000,00,2,0,17,B01
200700069233,0,33,000,00,2,7,17,A01
200700069233,0,07,000,00,2,8,15,B01
200700069234,0,01,000,00,2,1,01,A01
200700069234,0,07,000,00,2,3,16,B01
200700069235,0,07,000,00,2,2,16,A01
200700069235,0,30,000,00,2,1,01,B01
200700069236,0,07,000,00,2,4,01,B01
200700069236,0,07,000,00,2,1,01,A01
200700069237,0,07,000,00,2,2,01,B01
200700069237,0,30,000,00,2,1,09,A01
200700069238,0,33,000,00,2,9,17,B01
200700069238,0,07,000,00,2,8,06,A01
200700069239,0,30,000,00,2,1,01,A01
200700069239,0,07,000,00,2,3,01,B01
200700069240,1,07,000,00,1,1,01,A01
200700069241,0,07,000,00,1,1,01,A01
200700069242,0,07,000,00,2,1,02,A01
200700069242,0,07,000,00,2,4,02,B01
200700069242,0,07,000,00,2,4,02,C01
200700069243,0,07,000,00,1,7,16,A01
200700069244,0,07,000,00,2,1,01,A01
200700069244,0,07,000,00,2,4,23,B01
200700069244,0,07,000,00,2,4,23,C01
200700069244,0,07,000,00,2,4,23,D01
200700069245,0,07,000,00,1,2,01,A01
200700069246,1,07,000,00,1,0,00,A01
200700069247,0,02,000,00,1,1,17,A01
200700069248,0,07,000,00,2,5,15,A01
200700069248,0,07,000,00,2,3,01,B01
200700069249,0,02,000,00,2,8,01,B01
200700069249,0,07,000,00,2,1,15,A01
200700069250,0,07,000,00,2,1,01,A01
200700069250,0,07,000,00,2,1,01,B01
200700069250,0,07,000,00,2,4,04,C01
200700069251,0,02,000,01,0,1,00,A01
200700069252,0,07,000,00,1,3,01,A01
200700069253,0,07,000,00,2,1,01,A01
200700069253,0,01,000,00,0,4,01,B01
200700069254,0,07,000,00,2,1,02,A01
200700069254,0,07,000,00,2,4,02,B01
200700069255,0,07,000,15,0,1,00,A01
200700069256,0,07,000,00,2,4,02,C01
200700069256,0,07,000,00,2,4,02,B01
200700069256,0,07,000,00,2,1,02,A01
200700069257,0,07,000,00,2,1,09,A01
200700069257,0,02,000,00,2,0,01,B01
200700069258,0,30,000,00,2,1,01,A01
200700069258,0,07,000,00,2,1,01,B01
200700069259,0,07,000,00,2,3,10,A01
200700069259,0,33,000,00,2,7,01,B01
200700069259,0,07,000,00,2,1,01,C01
200700069260,0,07,000,00,2,1,02,A01
200700069260,0,07,000,00,2,4,02,B01
200700069261,0,07,000,00,2,1,15,A01
200700069261,0,33,000,00,2,1,01,B01
200700069262,0,07,000,00,1,3,01,A01
200700069263,0,10,000,00,2,1,01,A01
200700069263,0,07,000,00,2,4,23,B01
200700069263,0,07,000,00,0,4,23,C01
200700069264,0,07,000,00,1,2,01,A01
200700069265,0,30,000,00,2,1,01,A01
200700069265,0,07,000,00,2,3,01,B01
200700069266,0,10,000,00,2,3,00,A01
200700069266,1,32,000,00,0,0,00,B01
200700069267,0,07,000,00,1,7,01,A01
200700069268,0,07,000,00,2,4,02,B01
200700069268,0,07,000,00,2,1,02,A01
200700069269,0,07,000,00,2,1,02,A01
200700069269,0,07,000,00,2,1,02,B01
200700069269,0,07,000,00,2,4,02,C01
200700069270,0,07,000,00,2,2,16,A01
200700069270,0,32,000,00,2,1,18,B01
200700069271,0,07,000,00,2,3,15,A01
200700069271,0,31,000,00,2,1,01,B01
200700069272,0,07,000,00,2,3,15,A01
200700069272,0,30,000,00,2,8,01,B01
200700069273,1,10,000,00,2,0,00,A01
200700069273,0,33,000,00,0,4,01,B01
200700069274,0,30,000,00,2,3,01,A01
200700069274,0,07,000,00,0,4,20,B01
200700069275,0,30,000,00,0,1,01,B01
200700069275,1,30,000,00,2,1,00,A01
200700069276,0,02,000,00,2,1,02,A01
200700069276,0,07,000,00,2,4,23,B01
200700069277,0,07,000,00,2,1,13,A01
200700069277,0,07,000,00,2,1,01,B01
200700069278,0,30,000,00,2,1,02,A01
200700069278,0,07,000,00,2,4,01,B01
200700069279,0,07,000,00,1,8,15,A01
200700069280,0,07,000,00,2,1,15,A01