Num_Acc,senc,catv,occutc,obs,obsm,choc,manv,num_veh
200700069280,0,07,000,00,2,1,01,B01
200700069281,0,07,000,00,2,2,19,A01
200700069281,0,30,000,00,2,8,01,B01
200700069282,0,07,000,00,2,3,19,A01
200700069282,0,30,000,00,2,1,01,B01
200700069283,0,10,000,00,1,3,20,A01
200700069284,0,07,000,00,2,1,02,A01
200700069284,0,07,000,00,2,4,01,B01
200700069285,0,02,000,00,2,1,01,B01
200700069285,0,07,000,00,2,8,15,A01
200700069286,0,07,000,06,2,1,00,A01
200700069286,0,07,000,00,2,3,00,B01
200700069287,0,10,000,00,2,1,15,A01
200700069287,0,07,000,00,2,1,01,B01
200700069288,0,07,000,00,2,3,15,A01
200700069288,0,30,000,00,2,6,01,B01
200700069289,0,07,000,00,1,3,01,A01
200700069290,0,30,000,00,2,1,01,A01
200700069290,0,01,000,00,2,4,02,B01
200700069291,0,07,000,00,1,1,01,A01
200700069292,0,07,000,00,1,7,01,A01
200700069293,0,07,000,00,2,1,13,A01
200700069293,0,07,000,02,2,1,01,B01
200700069294,0,07,000,00,2,1,01,A01
200700069294,0,07,000,00,2,1,15,B01
200700069295,0,07,000,00,2,1,01,A01
200700069295,0,07,000,00,2,8,01,B01
200700069296,0,07,000,00,2,1,01,A01
200700069296,0,07,000,00,2,4,02,B01
200700069297,0,07,000,00,2,2,01,B01
200700069297,0,02,000,00,2,9,00,A01
200700069298,0,07,000,00,2,5,15,A01
200700069298,0,32,000,00,2,1,01,B01
200700069299,0,07,000,00,2,1,01,A01
200700069299,0,33,000,00,2,7,01,B01
200700069300,0,07,000,00,0,9,01,A01
200700069301,0,10,000,14,0,8,02,A01
200700069302,0,07,000,00,2,2,16,A01
200700069302,0,07,000,00,2,1,02,B01
200700069303,0,31,000,00,2,1,18,A01
200700069303,0,07,000,00,2,7,16,B01
200700069304,0,07,000,00,1,0,15,A01
200700069305,0,99,000,00,0,0,01,A01
200700069305,0,07,000,00,2,1,00,B01
200700069305,0,07,000,00,2,6,00,C01
200700069306,0,07,000,00,1,0,01,A01
200700069307,0,07,000,00,2,1,02,A01
200700069307,0,07,000,00,0,6,02,B01
200700069308,0,07,000,03,0,8,02,A01
200700069309,0,13,000,01,0,0,00,A01
200700069309,0,13,000,00,2,0,02,B01
200700069310,0,15,000,00,0,0,00,A01
200700069310,0,07,000,00,2,1,06,B01
200700069310,0,07,000,00,2,1,01,C01
200700069311,0,07,000,00,1,1,15,A01
200700069312,0,07,000,00,2,1,02,A01
200700069312,0,07,000,00,2,4,02,B01
200700069312,0,07,000,00,0,4,02,C01
200700069313,0,30,000,00,1,1,01,A01
200700069314,0,07,000,00,2,1,02,A01
200700069314,0,07,000,00,0,4,02,B01
200700069315,0,33,000,00,2,8,01,B01
200700069315,0,07,000,00,2,1,01,A01
200700069316,0,07,000,00,1,1,01,A01
200700069317,0,07,000,01,0,2,00,A01
200700069317,0,07,000,00,2,8,22,B01
200700069318,0,07,000,00,1,0,01,A01
200700069319,0,07,000,12,0,1,01,A01
200700069320,0,07,000,00,1,3,01,A01
200700069321,0,01,000,00,2,0,01,B01
200700069321,0,07,000,00,2,6,16,A01
200700069322,0,07,000,00,1,4,04,A01
200700069323,0,07,000,00,2,7,01,A01
200700069323,0,07,000,00,2,1,01,B01
200700069324,0,30,000,00,2,3,01,B01
200700069324,0,07,000,00,2,2,01,A01
200700069325,0,07,000,00,2,1,01,C01
200700069325,0,07,000,00,2,1,13,A01
200700069325,0,07,000,00,2,8,21,B01
200700069326,0,07,000,00,1,1,01,A01
200700069327,0,07,000,00,2,1,15,A01
200700069327,0,33,000,00,2,1,01,B01
200700069327,0,07,000,00,2,1,23,C01
200700069328,0,07,000,00,2,7,14,A01
200700069328,0,02,000,00,2,3,18,B01
200700069329,0,07,000,00,2,1,01,A01
200700069329,0,07,000,00,2,8,15,B01
200700069330,0,07,000,00,2,1,15,A01
200700069330,0,07,000,00,2,7,01,C01
200700069330,0,33,000,00,2,1,01,B01
200700069330,0,33,000,00,0,0,01,D01
200700069331,0,07,000,00,1,1,09,A01
200700069332,0,07,000,00,1,3,16,A01
200700069333,0,07,000,00,1,2,01,A01
200700069334,0,07,000,00,2,1,01,B01
200700069334,0,07,000,00,2,8,10,A01
200700069335,0,30,000,00,2,1,01,A01
200700069335,0,07,000,00,2,2,01,B01
200700069336,0,01,000,00,2,3,19,A01
200700069336,0,07,000,00,2,1,16,B01
200700069337,0,07,000,00,2,5,01,B01
200700069337,0,02,000,00,2,1,09,A01
200700069338,0,07,000,00,2,5,16,A01
200700069338,0,01,000,00,2,1,01,B01
200700069339,0,01,000,00,0,1,00,A01
200700069340,0,07,000,00,1,4,02,B01
200700069340,0,02,000,00,2,1,02,A01
200700069341,0,07,000,09,0,1,01,A01
200700069342,0,07,000,00,1,1,01,A01
200700069343,0,07,000,00,2,4,02,B01
200700069343,0,33,000,00,2,1,02,A01
200700069344,0,07,000,00,2,1,15,A01
200700069344,0,07,000,00,2,1,01,B01
200700069345,0,07,000,00,2,1,15,A01
200700069345,0,07,000,00,2,1,01,B01
200700069346,0,07,000,00,2,7,15,A01
200700069346,0,07,000,00,2,1,01,B01
200700069346,0,07,000,00,2,1,02,C01
200700069347,0,01,000,12,0,1,01,A01
200700069348,0,10,000,00,1,1,01,A01
200700069349,0,07,000,00,2,8,15,A01
200700069349,0,30,000,00,2,1,17,B01
200700069350,0,01,000,00,0,0,01,A01
200700069351,0,07,000,00,2,3,09,A01
200700069351,0,02,000,00,2,7,01,B01
200700069352,0,07,000,00,2,1,02,A01
200700069352,0,07,000,00,2,4,02,B01
200700069353,0,01,000,00,2,3,19,A01
200700069353,0,15,000,00,2,2,15,B01
200700069354,0,07,000,00,0,6,09,A01
200700069354,0,07,000,06,2,1,01,B01
200700069355,0,17,000,00,2,8,01,C01
200700069355,0,02,000,00,2,1,02,A01
200700069355,0,07,000,00,2,4,01,B01
200700069356,0,02,000,00,0,0,01,A01
200700069357,0,10,000,00,1,3,01,B01
200700069358,0,07,000,00,1,0,01,B01
200700069359,0,07,000,00,1,3,01,B01
200700069360,0,38,001,00,2,1,02,A01
200700069360,0,10,000,12,2,6,16,B01
200700069361,0,32,000,00,0,0,16,A01
200700069362,0,07,000,13,0,9,01,A01
200700069363,0,37,001,00,2,3,01,B01
200700069363,0,02,000,00,2,1,09,A01
200700069364,0,07,000,00,0,7,01,A01
200700069365,0,07,000,00,1,1,01,A01
200700069366,0,02,000,00,0,0,01,A01
200700069367,0,10,000,00,2,2,16,A01
200700069367,0,01,000,00,2,1,01,B01
200700069368,1,07,000,00,2,6,00,A01
200700069368,0,01,000,00,2,0,01,B01
200700069369,0,07,000,00,2,9,02,A01
200700069369,0,07,000,00,2,6,01,B01
200700069369,0,99,000,00,2,3,01,C01
200700069370,0,07,000,00,2,1,01,A01
200700069370,0,01,000,00,2,4,02,B01
200700069370,1,07,000,00,2,8,09,C01
200700069371,0,01,000,00,2,8,15,A01
200700069371,0,30,000,00,2,1,01,B01
200700069372,0,07,000,01,0,2,01,A01
200700069373,0,10,000,00,2,1,02,A01
200700069373,0,07,000,00,2,4,02,B01
200700069373,0,10,000,00,2,4,02,C01
200700069373,0,10,000,00,2,1,02,D01
200700069374,0,07,000,00,2,1,15,A01
200700069374,0,01,000,00,2,7,01,B01
200700069375,0,07,000,01,0,9,01,A01
200700069376,0,07,000,00,2,3,15,A01
200700069376,0,30,000,00,2,1,17,B01
200700069377,0,31,000,00,0,7,02,A01
200700069377,0,07,000,00,0,0,02,B01
200700069378,0,07,000,00,2,2,16,A01
200700069378,0,30,000,00,2,8,01,B01
200700069379,0,07,000,00,1,1,01,A01
200700069380,0,30,000,01,0,1,15,A01
200700069381,0,07,000,00,2,3,09,A01
200700069381,0,33,000,00,2,7,01,B01
200700069382,1,07,000,00,2,0,09,A01
200700069382,0,01,000,00,2,7,01,B01
200700069383,0,07,000,00,2,1,02,A01
200700069383,0,01,000,00,2,4,02,B01
200700069384,0,07,000,00,1,1,14,A01
200700069385,0,07,000,00,2,1,13,A01
200700069385,0,07,000,00,2,3,01,B01
200700069386,0,07,000,00,2,8,16,A01
200700069386,0,07,000,00,2,1,01,B01
200700069387,0,07,000,00,2,1,01,A01
200700069387,0,07,000,00,2,8,01,B01
200700069388,1,07,000,00,1,1,01,A01
200700069389,0,02,000,00,2,1,01,B01
200700069389,0,07,000,00,2,3,00,A01
200700069390,0,07,000,00,0,4,23,C01
200700069390,0,07,000,14,0,4,23,B01
200700069390,0,07,000,00,2,1,02,A01
200700069391,0,07,000,04,2,1,01,A01
200700069391,0,15,000,00,2,3,01,B01
200700069392,0,10,000,00,2,8,01,A01
200700069392,0,38,034,00,2,3,01,B01
200700069393,0,30,000,00,2,2,01,B01
200700069394,0,01,000,00,2,1,01,A01
200700069394,0,07,000,00,2,3,01,B01
200700069395,0,07,000,00,2,3,11,A01
200700069395,0,02,000,00,2,5,17,B01
200700069396,0,07,000,00,2,1,15,A01
200700069396,0,07,000,00,2,1,01,B01
200700069397,0,07,000,00,1,1,01,A01
200700069398,0,07,000,04,0,3,13,A01
200700069399,0,07,000,00,2,1,02,A01
200700069399,0,07,000,00,2,4,23,B01
200700069400,0,07,000,00,1,4,04,A01
200700069401,0,02,000,12,0,1,13,A01
200700069402,1,10,000,00,1,2,01,A01
200700069403,0,33,000,14,0,1,17,A01
200700069404,0,07,000,00,2,1,01,A01
200700069404,0,07,000,00,2,4,01,B01
200700069405,0,07,000,00,1,2,01,A01
200700069406,0,07,000,00,2,2,04,A01
200700069406,0,02,000,00,2,1,01,B01
200700069407,0,02,000,00,2,1,02,A01
200700069407,0,07,000,00,2,4,01,B01
200700069408,0,14,000,00,1,5,04,B01
200700069409,0,30,000,07,0,2,14,A01
200700069410,0,07,000,08,0,2,14,A01
200700069411,0,07,000,00,2,7,04,A01
200700069411,0,01,000,00,2,1,01,B01
200700069412,0,02,000,00,0,0,01,A01
200700069413,0,02,000,00,2,1,01,A01
200700069413,0,07,000,00,2,7,01,B01
200700069414,0,01,000,00,2,3,13,A01
200700069414,0,07,000,00,2,7,17,B01
200700069415,0,07,000,00,2,8,10,A01
200700069415,0,33,000,00,2,1,01,B01
200700069416,0,33,000,14,0,1,17,A01
200700069417,0,07,000,00,2,1,02,A01
200700069417,0,07,000,00,2,4,23,B01
200700069418,0,02,000,00,2,1,02,A01
200700069418,0,07,000,00,2,4,01,B01
200700069419,0,02,000,00,2,7,01,B01
200700069419,0,07,000,00,2,3,00,A01
200700069420,0,07,000,00,1,2,01,A01
200700069421,0,07,000,00,2,2,15,A01
200700069421,0,02,000,00,2,1,01,B01
200700069422,0,07,000,00,1,2,01,A01
200700069423,0,07,000,00,1,7,21,A01
200700069423,0,07,000,00,2,3,01,B01
200700069424,0,07,000,00,2,7,16,A01
200700069424,0,01,000,00,2,3,01,B01
200700069425,2,07,000,00,1,2,01,A01
200700069426,0,07,000,03,0,1,16,A01
200700069427,0,07,000,00,1,1,01,A01
200700069428,0,31,000,00,2,8,01,A01
200700069428,0,07,000,00,2,3,01,B01
200700069429,0,07,000,00,1,8,01,A01
200700069430,0,30,000,00,2,1,01,B01
200700069430,0,07,000,00,2,2,01,A01
200700069431,0,07,000,00,2,1,15,A01
200700069431,0,02,000,00,2,1,01,B01
200700069432,0,07,000,00,1,2,01,A01
200700069433,0,07,000,00,1,1,01,A01
200700069434,0,33,000,01,1,2,01,A01
200700069435,0,07,000,13,0,1,01,A01
200700069436,0,07,000,00,2,1,01,A01
200700069436,0,07,000,00,2,8,01,B01
200700069437,0,30,000,00,2,3,01,B01
200700069437,0,10,000,00,2,1,01,A01
200700069438,0,07,000,00,2,1,02,A01
200700069438,0,07,000,00,2,6,02,B01
200700069439,0,07,000,09,0,1,02,A01
200700069440,0,07,000,00,2,8,09,A01
200700069440,0,02,000,00,2,1,02,B01
200700069441,0,07,000,00,1,1,01,A01
200700069442,0,07,000,00,2,1,13,A01
200700069442,0,37,000,00,2,2,01,B01
200700069443,0,07,000,00,2,3,15,A01
200700069443,0,33,000,00,2,1,01,B01
200700069444,2,07,000,02,0,1,01,A01
200700069445,0,07,000,00,1,7,01,A01
200700069446,0,07,000,00,1,1,01,A01
200700069447,0,07,000,06,0,5,15,A01
200700069448,0,07,000,00,2,3,17,A01
200700069448,0,01,000,00,2,1,01,B01
200700069449,0,07,000,00,2,1,02,A01
200700069449,0,07,000,00,2,4,23,B01
200700069450,0,07,000,00,2,1,15,A01
200700069450,0,02,000,00,2,1,01,B01
200700069451,0,07,000,00,1,4,04,A01
200700069452,0,07,000,00,2,1,15,A01
200700069452,0,07,000,00,2,3,01,B01
200700069453,0,07,000,00,2,3,01,B01
200700069453,0,07,000,00,2,2,15,A01
200700069454,0,07,000,00,1,1,01,A01
200700069455,0,07,000,00,2,1,02,A01
200700069455,0,07,000,00,2,4,02,B01
200700069456,0,33,000,00,0,8,01,A01
200700069456,0,07,000,00,0,0,13,B01
200700069457,0,07,000,00,2,1,16,A01
200700069457,0,07,000,00,2,4,16,B01
200700069458,0,07,000,00,2,1,02,A01
200700069458,0,10,000,00,2,1,23,B01
200700069458,0,07,000,00,2,4,23,C01
200700069459,0,02,000,00,2,1,01,A01
200700069459,0,07,000,00,2,4,02,B01
200700069460,0,07,000,00,2,1,17,A01
200700069460,0,07,000,00,2,1,01,B01
200700069461,0,07,000,00,2,7,01,A01
200700069461,0,10,000,00,2,3,15,B01
200700069462,0,07,000,00,2,2,02,A01
200700069462,0,07,000,00,2,4,02,B01
200700069463,0,07,000,00,1,2,15,A01
200700069464,0,07,000,00,1,8,01,A01
200700069465,0,07,000,00,2,7,01,A01
200700069465,0,07,000,00,2,1,01,B01
200700069465,0,07,000,00,2,0,01,C01
200700069466,0,07,000,00,2,1,15,A01
200700069466,0,07,000,00,2,3,01,B01
200700069467,1,07,000,00,2,1,02,A01
200700069467,0,07,000,00,2,3,02,B01
200700069468,0,07,000,00,2,5,16,A01
200700069469,0,02,000,00,1,1,01,A01
200700069470,0,02,000,00,0,0,21,A01
200700069470,1,01,000,00,0,0,09,B01
200700069471,0,02,000,00,2,1,05,A01
200700069471,0,07,000,00,2,1,01,B01
200700069472,0,07,000,01,2,3,20,A01
200700069472,0,07,000,00,2,2,01,B01
200700069473,0,07,000,00,1,2,01,A01
200700069474,0,07,000,00,1,2,01,A01
200700069475,0,02,000,00,2,3,01,A01
200700069475,1,07,000,00,2,3,01,B01
200700069476,0,07,000,00,2,1,15,A01
200700069476,0,07,000,00,2,1,01,B01
200700069477,0,35,000,00,2,1,02,A01
200700069477,0,07,000,00,2,4,02,B01
200700069478,0,07,000,00,2,8,15,A01
200700069478,0,07,000,00,2,1,01,B01
200700069479,0,07,000,00,2,2,01,A01
200700069479,1,07,000,00,0,3,00,B01
200700069480,0,02,000,00,2,1,01,B01
200700069480,0,07,000,00,2,8,15,A01
200700069481,0,07,000,00,2,1,02,A01
200700069481,0,10,000,00,2,4,02,B01
200700069482,0,07,000,00,2,3,15,A01
200700069482,0,07,000,00,2,3,01,B01
200700069483,0,07,000,00,2,1,02,A01
200700069483,0,07,000,00,2,4,02,B01
200700069484,0,07,000,00,2,8,15,A01
200700069484,0,07,000,00,2,1,01,B01
200700069485,0,07,000,00,2,8,10,A01
200700069485,1,07,000,00,2,0,01,B01
200700069486,0,07,000,00,2,2,01,B01
200700069486,0,07,000,00,2,3,01,A01
200700069487,0,07,000,00,2,2,01,B01
200700069487,0,07,000,00,2,8,01,A01
200700069488,0,34,000,00,1,1,01,A01
200700069489,0,07,000,00,2,1,15,A01
200700069489,0,07,000,00,2,1,01,B01
200700069490,0,10,000,00,2,1,15,A01
200700069490,0,07,000,00,2,4,15,B01
200700069491,0,07,000,00,1,3,21,A01
200700069492,0,07,000,00,1,2,01,A01
200700069493,0,02,000,00,2,5,01,A01
200700069493,0,07,000,00,2,3,09,B01
200700069494,0,07,000,00,2,2,01,A01
200700069494,0,07,000,00,2,1,01,B01
200700069495,0,07,000,00,1,0,15,A01
200700069496,0,07,000,00,1,3,01,A01
200700069497,0,07,000,00,1,2,01,A01
200700069498,0,07,000,00,2,1,15,A01
200700069498,0,02,000,00,0,7,01,B01
200700069499,0,02,000,00,2,1,17,A01
200700069499,0,07,000,00,0,6,15,B01
200700069500,0,07,000,01,0,1,01,A01
200700069501,0,07,000,00,0,5,15,A01
200700069501,0,33,000,00,2,1,01,B01
200700069502,0,02,000,00,2,1,01,B01
200700069502,0,07,000,00,0,3,01,A01
200700069503,0,07,000,00,1,1,15,A01
200700069504,0,02,000,01,0,7,01,A01
200700069504,0,17,000,00,2,7,24,B01
200700069505,0,10,000,00,2,3,15,A01
200700069505,0,10,000,00,2,3,01,B01
200700069506,0,07,000,00,1,3,01,A01
200700069507,0,07,000,00,9,1,15,A01
200700069507,0,30,000,00,2,1,01,B01
200700069508,0,33,000,01,0,3,01,A01
200700069509,0,07,000,00,2,1,01,A01
200700069509,0,07,000,00,2,4,01,B01
200700069509,0,07,000,00,2,0,01,C01
200700069509,0,10,000,00,2,0,01,D01
200700069510,0,01,000,00,2,1,09,A01
200700069510,0,07,000,00,2,2,15,B01
200700069511,0,07,000,00,2,5,15,A01
200700069511,0,02,000,00,2,1,01,B01
200700069512,0,07,000,00,2,3,01,B01
200700069512,0,20,000,00,2,2,23,C01
200700069512,0,07,000,00,2,2,15,A01
200700069513,0,07,000,00,2,3,01,A01
200700069513,0,37,000,00,2,2,01,B01
200700069514,0,07,000,00,2,3,09,A01
200700069514,0,01,000,00,0,4,01,B01
200700069515,0,07,000,00,2,1,01,A01
200700069515,0,07,000,00,2,4,01,B01
200700069516,0,07,000,00,1,2,01,A01
200700069517,0,10,000,00,1,2,01,A01
200700069518,0,02,000,00,1,1,14,A01
200700069519,0,02,000,00,2,1,01,A01
200700069519,0,07,000,00,2,5,23,B01
200700069520,0,07,000,00,2,7,09,A01
200700069520,0,01,000,00,2,0,01,B01
200700069521,0,07,000,00,2,1,15,A01
200700069521,0,07,000,00,2,1,01,B01
200700069522,0,10,000,00,2,2,16,B01
200700069522,0,07,000,00,2,3,01,A01
200700069522,0,07,000,00,2,1,23,C01
200700069523,0,07,000,00,2,1,01,A01
200700069523,0,01,000,00,2,0,01,B01
200700069524,0,07,000,00,1,1,01,A01
200700069525,0,07,000,00,2,1,01,A01
200700069525,0,07,000,00,2,4,23,B01
200700069526,0,07,000,00,1,1,01,A01
200700069527,0,02,000,13,0,1,00,A01
200700069528,1,07,000,00,1,1,01,A01
200700069529,0,02,000,00,2,1,18,A01
200700069529,0,07,000,00,2,2,15,B01
200700069530,0,07,000,00,1,1,01,A01
200700069531,0,07,000,00,2,7,01,A01
200700069531,0,02,000,00,2,8,09,B01
200700069532,0,07,000,00,1,1,00,A01
200700069533,0,07,000,00,1,1,01,A01
200700069534,0,07,000,13,0,1,01,A01
200700069535,0,07,000,00,2,3,01,A01
200700069535,0,14,000,00,2,1,09,B01
200700069536,0,07,000,00,1,1,01,A01
200700069537,0,07,000,01,0,1,14,A01
200700069538,0,32,000,07,0,0,01,A01
200700069539,0,30,000,01,2,1,01,A01
200700069540,0,32,000,00,1,1,01,A01
200700069541,0,07,000,00,1,2,01,A01
200700069542,0,07,000,00,2,7,09,A01
200700069542,0,33,000,00,2,1,01,B01
200700069543,0,07,000,00,2,4,02,B01
200700069543,0,07,000,00,2,1,02,A01
200700069544,0,07,000,00,1,3,15,A01
200700069545,0,07,000,00,2,0,01,B01
200700069545,0,07,000,15,2,3,09,A01
200700069546,0,07,000,08,0,6,01,A01
200700069547,0,38,005,00,2,2,01,B01
200700069547,0,07,000,00,2,1,01,A01
200700069548,0,07,000,00,2,7,15,A01
200700069548,0,33,000,00,2,1,01,B01
200700069549,1,31,000,00,1,0,00,A01
200700069550,0,32,000,06,0,1,01,A01
200700069551,1,07,000,00,2,1,01,A01
200700069551,0,31,000,01,2,1,01,B01
200700069552,1,07,000,00,0,0,00,A01
200700069552,0,02,000,00,2,0,01,B01
200700069553,0,02,000,00,0,8,01,A01
200700069554,0,07,000,00,2,1,02,A01
200700069554,0,07,000,00,2,1,02,B01
200700069554,0,10,000,00,2,4,02,C01
200700069555,1,07,000,00,1,1,01,A01
200700069556,0,07,000,00,1,1,01,A01
200700069557,0,07,000,00,1,1,01,A01
200700069558,0,07,000,00,0,0,15,A01
200700069558,0,30,000,00,2,1,01,B01
200700069559,0,07,000,00,2,4,14,A01
200700069559,0,02,000,00,2,1,01,B01
200700069560,0,07,000,03,2,2,01,A01
200700069560,0,07,000,00,2,1,01,B01
200700069561,0,01,000,00,2,1,19,A01
200700069561,0,07,000,00,2,2,01,B01
200700069562,0,07,000,00,1,1,01,A01
200700069563,0,10,000,06,0,1,17,A01
200700069564,0,10,000,00,2,2,09,A01
200700069564,0,01,000,00,2,1,01,B01
200700069565,0,02,000,00,2,1,17,B01
200700069565,0,07,000,00,2,3,15,A01
200700069566,0,10,000,00,2,1,01,A01
200700069566,0,07,000,00,2,6,01,B01
200700069567,0,07,000,00,1,2,01,A01
200700069568,0,07,000,00,2,4,09,A01
200700069568,0,07,000,00,2,1,02,B01
200700069568,0,07,000,00,2,1,00,C01
200700069569,0,07,000,00,1,1,01,A01
200700069570,0,30,000,00,2,1,09,A01
200700069570,0,07,000,00,2,3,01,B01
200700069571,0,07,000,00,2,1,09,A01
200700069571,0,07,000,00,2,1,01,B01
200700069572,0,07,000,00,2,2,17,A01
200700069572,0,07,000,00,2,3,15,B01
200700069573,0,07,000,00,1,1,01,A01
200700069574,0,02,000,00,2,2,17,A01
200700069574,0,07,000,00,2,3,15,B01
200700069575,0,07,000,02,0,1,01,A01
200700069576,0,07,000,00,9,1,15,A01
200700069576,0,01,000,00,2,8,01,B01
200700069577,0,02,000,00,0,0,01,A01
200700069578,0,07,000,00,1,1,01,A01
200700069579,0,02,000,00,2,1,01,A01
200700069579,0,07,000,00,2,8,01,B01
200700069580,0,07,000,00,2,1,02,A01
200700069580,0,07,000,00,2,4,23,B01
200700069581,0,07,000,00,1,1,01,A01
200700069582,1,07,000,00,1,2,01,A01
200700069583,0,07,000,00,1,1,15,A01
200700069584,0,02,000,00,2,8,01,A01
200700069584,0,07,000,00,2,1,01,B01
200700069585,0,07,000,00,2,1,01,A01
200700069585,0,07,000,00,2,6,15,B01
200700069586,0,07,000,00,1,2,01,A01
200700069587,0,02,000,00,2,2,12,A01
200700069587,0,07,000,00,2,3,01,B01
200700069588,0,07,000,00,2,2,15,A01
200700069588,0,02,000,00,2,1,01,B01
200700069589,0,02,000,00,0,0,00,A01
200700069590,0,02,000,00,0,0,02,A01
200700069591,0,02,000,00,0,0,00,A01
200700069592,0,02,000,00,0,0,00,A01
200700069593,0,07,000,00,2,7,01,A01
200700069593,0,02,000,00,2,1,01,B01
200700069594,0,02,000,00,2,1,01,B01
200700069594,0,07,000,00,2,3,15,A01
200700069595,0,02,000,00,0,0,02,A01
200700069595,0,07,000,00,0,0,02,B01
200700069596,0,07,000,00,2,1,02,A01
200700069596,0,07,000,00,0,4,02,B01
200700069597,0,07,000,00,2,3,15,A01
200700069597,0,02,000,00,2,1,01,B01
200700069598,0,07,000,00,2,1,02,A01
200700069598,0,07,000,14,0,4,23,B01
200700069598,0,07,000,00,0,4,23,C01
200700069599,0,02,000,00,2,1,01,A01
200700069599,0,07,000,00,2,3,01,B01
200700069600,0,07,000,00,0,2,00,A01
200700069600,0,01,000,00,0,0,00,B01
200700069601,0,01,000,00,2,8,15,A01
200700069601,0,02,000,00,2,1,01,B01
200700069602,0,07,000,00,2,1,01,B01
200700069602,0,07,000,00,2,3,15,A01
200700069603,0,07,000,00,2,0,01,A01
200700069603,0,01,000,00,2,0,00,B01
200700069604,0,07,000,00,2,3,10,A01
200700069604,0,07,000,00,2,2,01,B01
200700069605,0,07,000,14,0,1,01,A01
200700069606,1,07,000,00,1,0,00,A01
200700069607,0,01,000,00,2,1,02,A01
200700069607,0,07,000,00,9,8,15,B01
200700069608,0,30,000,00,0,3,00,A01
200700069609,0,07,000,00,1,3,01,A01
200700069610,0,07,000,00,1,1,01,A01
200700069611,0,07,000,00,1,3,01,A01
200700069612,0,10,000,00,2,1,01,A01
200700069612,0,07,000,00,2,1,16,B01
200700069613,0,07,000,00,1,1,15,A01
200700069614,0,07,000,00,2,7,15,A01
200700069614,0,01,000,00,2,1,01,B01
200700069615,0,02,000,00,2,1,01,B01
200700069615,0,07,000,00,9,8,15,A01
200700069616,0,07,000,00,0,3,01,B01
200700069616,0,07,000,00,2,1,01,A01
200700069617,0,07,000,00,2,1,01,A01
200700069617,0,07,000,00,0,3,01,B01
200700069618,0,07,000,00,2,1,01,A01
200700069618,0,07,000,00,2,1,13,B01
200700069619,0,07,000,00,0,9,01,A01
200700069620,0,07,000,00,2,1,17,A01
200700069620,0,07,000,00,0,4,01,B01
200700069621,0,15,000,00,0,0,00,A01
200700069622,0,07,000,00,1,1,01,A01
200700069623,0,07,000,12,0,1,01,A01
200700069624,0,17,000,00,2,2,16,A01
200700069624,0,01,000,00,2,9,18,B01
200700069625,0,30,000,00,2,1,01,A01
200700069625,0,07,000,00,2,1,20,B01
200700069626,0,02,000,01,0,1,01,A01
200700069627,0,33,000,00,2,1,01,B01
200700069627,0,07,000,00,2,5,09,A01
200700069628,0,10,000,00,2,3,15,A01
200700069628,0,03,000,00,2,5,11,B01
200700069629,0,07,000,00,2,1,01,A01
200700069629,0,07,000,00,2,1,01,B01
200700069630,0,07,000,00,2,1,01,A01
200700069630,0,07,000,00,2,4,15,B01
200700069631,1,07,000,00,2,1,01,A01
200700069631,0,07,000,00,2,4,01,B01
200700069632,0,07,000,00,2,3,09,A01
200700069632,0,31,000,00,2,2,01,B01
200700069633,0,07,000,00,2,3,15,A01
200700069633,0,02,000,00,2,1,01,B01
200700069634,0,02,000,00,2,1,15,A01
200700069634,0,07,000,00,0,8,01,B01
200700069635,0,07,000,00,2,2,16,A01
200700069635,0,02,000,00,2,3,01,B01
200700069636,0,02,000,00,2,8,01,A01
200700069637,0,07,000,00,2,1,01,A01
200700069637,0,01,000,00,2,1,01,B01
200700069638,0,02,000,00,2,1,17,A01
200700069638,0,07,000,00,9,8,15,B01
200700069639,0,07,000,00,2,3,01,A01
200700069639,0,33,000,00,2,7,01,B01
200700069640,0,14,000,00,2,1,01,A01
200700069640,0,07,000,00,2,4,01,B01
200700069641,0,31,000,00,0,7,17,A01
200700069641,0,15,000,00,0,0,01,B01
200700069642,0,07,000,00,2,1,00,A01
200700069642,0,07,000,00,2,4,23,B01
200700069643,0,10,000,00,1,1,01,A01
200700069644,0,03,000,01,0,1,01,A01
200700069645,0,33,000,00,2,1,01,A01
200700069645,0,07,000,00,2,2,15,B01
200700069646,0,07,000,00,2,1,02,A01
200700069646,0,07,000,00,2,4,23,B01
200700069647,0,07,000,00,2,1,01,A01
200700069647,0,02,000,00,2,1,01,B01
200700069648,0,37,000,00,1,7,16,A01
200700069649,0,07,000,00,2,1,15,A01
200700069649,0,07,000,00,2,1,01,B01
200700069650,0,02,000,00,2,1,05,A01
200700069650,0,07,000,00,2,2,01,B01
200700069651,1,07,000,00,2,0,01,A01
200700069651,0,01,000,00,2,4,01,B01
200700069652,0,07,000,00,2,2,15,A01
200700069652,0,07,000,00,2,1,01,B01
200700069653,0,07,000,00,1,1,15,A01
200700069654,0,07,000,00,2,6,15,A01
200700069654,0,33,000,00,2,1,01,B01
200700069655,0,07,000,00,1,1,01,A01
200700069656,0,07,000,00,2,2,19,A01
200700069656,0,33,000,00,2,1,01,B01
200700069657,0,30,000,00,2,1,08,A01
200700069657,0,07,000,00,2,3,15,B01
200700069658,0,07,000,00,2,3,15,A01