Num_Acc,senc,catv,occutc,obs,obsm,choc,manv,num_veh
200700069658,0,33,000,00,2,7,17,B01
200700069659,0,07,000,00,2,1,01,A01
200700069659,0,07,000,00,2,4,01,B01
200700069660,0,07,000,00,2,1,01,A01
200700069661,0,10,000,00,2,1,01,A01
200700069661,0,07,000,00,2,1,23,B01
200700069661,0,07,000,00,2,1,23,C01
200700069661,0,07,000,00,2,1,23,D01
200700069661,0,07,000,00,2,5,23,E01
200700069662,0,07,000,00,2,3,05,A01
200700069662,0,07,000,00,2,3,01,B01
200700069663,0,07,000,00,2,1,01,A01
200700069664,0,33,000,00,2,2,15,B01
200700069664,0,07,000,00,2,1,01,A01
200700069665,0,14,000,00,2,2,16,A01
200700069665,0,01,000,00,2,8,01,B01
200700069666,0,07,000,00,2,2,01,A01
200700069667,0,07,000,00,2,1,01,B01
200700069667,0,02,000,00,2,5,02,A01
200700069668,0,07,000,00,2,7,12,A01
200700069668,0,07,000,00,2,1,01,B01
200700069669,0,33,000,00,2,8,17,A01
200700069669,0,07,000,00,2,3,01,B01
200700069670,0,07,000,00,1,7,01,A01
200700069671,0,30,000,00,2,7,01,A01
200700069671,0,07,000,00,2,3,01,B01
200700069672,0,07,000,00,1,1,01,A01
200700069673,0,07,000,00,2,2,16,A01
200700069673,0,32,000,00,2,1,02,B01
200700069674,0,07,000,00,1,7,01,A01
200700069675,0,07,000,00,2,6,16,A01
200700069675,0,30,000,00,2,1,01,B01
200700069676,0,32,000,14,0,1,01,A01
200700069677,0,02,000,00,2,1,02,A01
200700069677,0,07,000,00,2,4,20,B01
200700069678,0,07,000,00,2,1,01,A01
200700069679,1,07,000,00,2,1,01,A01
200700069679,0,07,000,00,2,7,01,B01
200700069680,1,07,000,00,1,1,00,A01
200700069681,0,07,000,08,0,1,01,A01
200700069682,0,14,000,00,2,2,10,A01
200700069682,0,33,000,00,2,1,02,B01
200700069683,0,30,000,00,2,1,01,A01
200700069683,0,07,000,00,2,3,01,B01
200700069684,0,07,000,15,0,0,01,A01
200700069685,0,07,000,08,0,1,14,A01
200700069686,0,07,000,00,9,3,10,A01
200700069686,0,02,000,00,2,1,01,B01
200700069687,0,07,000,00,9,7,22,A01
200700069687,0,30,000,14,0,1,01,B01
200700069688,0,07,000,00,9,7,14,A01
200700069688,0,30,000,00,2,1,01,B01
200700069689,0,07,000,00,2,1,15,A01
200700069690,0,07,000,10,0,1,00,A01
200700069691,0,30,000,00,1,1,02,A01
200700069692,0,07,000,00,1,1,01,A01
200700069693,0,07,000,00,1,2,01,A01
200700069694,0,10,000,00,1,5,20,A01
200700069695,0,07,000,00,9,2,10,A01
200700069695,0,30,000,00,2,1,01,B01
200700069696,0,07,000,00,2,8,22,A01
200700069696,0,01,000,00,2,1,01,B01
200700069697,0,07,000,00,2,3,15,A01
200700069697,0,30,000,00,2,8,01,B01
200700069698,0,07,000,00,1,1,02,A01
200700069699,0,37,041,00,1,1,01,A01
200700069700,0,07,000,00,2,1,17,A01
200700069700,0,07,000,00,2,1,01,B01
200700069701,0,07,000,00,1,1,01,A01
200700069702,0,07,000,00,2,1,15,A01
200700069702,0,07,000,00,2,3,01,B01
200700069703,0,01,000,00,2,1,01,B01
200700069704,0,37,000,00,9,3,01,A01
200700069704,0,31,000,00,0,0,01,B01
200700069705,0,07,000,00,2,2,15,A01
200700069705,0,30,000,00,2,1,01,B01
200700069706,0,10,000,00,1,4,04,A01
200700069707,0,30,000,00,2,1,17,A01
200700069707,0,07,000,00,9,3,15,B01
200700069708,0,31,000,00,2,1,01,A01
200700069708,0,07,000,00,2,2,01,B01
200700069708,0,07,000,00,2,8,01,C01
200700069709,0,07,000,00,1,1,01,A01
200700069710,0,07,000,00,1,1,01,A01
200700069711,0,07,000,00,2,0,01,A01
200700069711,0,01,000,00,2,1,01,B01
200700069712,0,07,000,00,1,1,02,A01
200700069713,0,07,000,00,9,7,10,A01
200700069713,0,02,000,00,2,1,01,B01
200700069714,0,07,000,00,9,6,10,A01
200700069714,0,30,000,00,2,1,01,B01
200700069715,0,07,000,00,1,1,01,A01
200700069716,0,07,000,00,1,1,02,A01
200700069717,0,10,000,00,2,2,16,A01
200700069717,0,01,000,00,2,1,01,B01
200700069718,0,07,000,00,0,9,01,A01
200700069719,0,07,000,00,1,2,01,A01
200700069720,0,07,000,00,2,3,15,A01
200700069720,0,02,000,00,0,1,01,B01
200700069721,0,07,000,00,1,2,01,A01
200700069722,0,07,000,00,2,2,10,A01
200700069722,0,02,000,00,2,1,01,B01
200700069723,0,07,000,00,0,6,01,B01
200700069723,0,02,000,00,2,1,00,A01
200700069724,0,02,000,00,0,1,17,B01
200700069724,0,07,000,00,2,3,15,A01
200700069725,0,33,000,00,2,1,01,B01
200700069725,0,07,000,00,2,8,01,A01
200700069726,0,07,000,00,2,6,15,A01
200700069726,0,33,000,00,2,1,01,B01
200700069727,0,07,000,00,1,0,16,A01
200700069728,0,07,000,00,2,1,02,A01
200700069728,0,07,000,00,2,4,01,B01
200700069729,0,07,000,00,2,8,01,A01
200700069729,0,07,000,00,2,1,01,B01
200700069730,0,07,000,00,1,0,01,A01
200700069731,0,07,000,07,0,2,01,A01
200700069732,0,07,000,00,2,1,01,A01
200700069732,0,02,000,00,2,1,13,B01
200700069733,0,07,000,00,2,3,01,B01
200700069733,0,07,000,04,2,1,06,A01
200700069734,0,07,000,00,2,7,01,A01
200700069734,0,07,000,00,2,8,01,B01
200700069735,0,02,000,00,0,9,01,A01
200700069736,0,07,000,00,1,0,16,A01
200700069737,0,07,000,00,2,9,23,B01
200700069737,0,07,000,00,2,4,23,C01
200700069737,1,07,000,00,2,0,01,A01
200700069738,0,07,000,00,1,3,01,A01
200700069738,0,07,000,00,1,0,01,B01
200700069739,0,07,000,00,1,2,01,A01
200700069740,0,07,000,09,2,9,01,A01
200700069740,0,07,000,00,2,1,01,B01
200700069741,0,07,000,00,1,0,01,A01
200700069742,0,07,000,14,2,8,01,A01
200700069742,0,07,000,00,2,1,01,B01
200700069743,0,07,000,14,2,8,01,A01
200700069743,0,31,000,00,2,9,01,B01
200700069744,0,07,000,00,1,0,01,A01
200700069745,0,07,000,00,2,3,23,B01
200700069745,0,07,000,00,2,1,06,A01
200700069746,0,01,000,00,1,0,16,A01
200700069747,0,07,000,00,1,0,01,A01
200700069748,0,07,000,01,1,1,01,A01
200700069749,0,07,000,00,2,1,01,B01
200700069749,0,07,000,00,2,2,16,A01
200700069750,0,07,000,00,2,1,01,A01
200700069750,0,01,000,00,2,1,19,B01
200700069751,0,07,000,00,2,2,15,A01
200700069751,0,02,000,00,2,1,01,B01
200700069752,0,07,000,00,1,1,01,A01
200700069753,0,07,000,00,2,7,19,A01
200700069753,0,02,000,00,2,1,01,B01
200700069754,0,13,000,00,1,0,18,A01
200700069755,0,02,000,00,2,1,02,A01
200700069755,0,07,000,00,2,0,01,B01
200700069756,0,33,000,01,2,1,01,A01
200700069756,0,02,000,00,2,4,02,B01
200700069757,0,07,000,00,2,1,01,B01
200700069757,0,30,000,00,2,9,01,A01
200700069758,0,07,000,00,1,0,16,A01
200700069759,0,07,000,00,1,1,01,A01
200700069760,0,07,000,00,1,1,01,A01
200700069761,0,07,000,00,2,1,15,A01
200700069761,0,02,000,00,2,1,05,B01
200700069762,0,10,000,00,1,2,01,A01
200700069763,0,07,000,00,0,1,02,A01
200700069763,0,07,000,00,0,4,02,B01
200700069764,0,07,000,00,2,8,01,B01
200700069764,0,07,000,00,2,3,13,A01
200700069764,0,07,000,00,2,3,01,C01
200700069765,0,35,000,00,2,6,13,A01
200700069765,0,07,000,00,9,1,17,B01
200700069766,0,30,000,08,0,1,01,A01
200700069767,0,17,000,00,0,4,04,A01
200700069767,0,31,000,00,2,1,23,B01
200700069768,0,07,000,00,2,2,01,B01
200700069768,0,30,000,00,2,8,09,A01
200700069769,0,07,000,00,2,3,14,A01
200700069769,0,07,000,00,2,2,19,B01
200700069770,0,07,000,00,9,2,01,A01
200700069770,0,02,000,00,2,1,01,B01
200700069771,0,07,000,00,2,1,01,A01
200700069771,1,07,000,00,0,0,00,B01
200700069772,0,01,000,00,2,6,19,A01
200700069772,0,07,000,00,9,2,01,B01
200700069773,0,07,000,00,1,1,01,A01
200700069774,0,30,000,01,0,1,01,A01
200700069775,0,14,000,00,9,3,01,A01
200700069775,0,10,000,00,2,0,24,B01
200700069775,0,07,000,00,0,9,23,C01
200700069776,0,07,000,00,1,1,01,A01
200700069777,0,15,000,00,1,0,16,A01
200700069778,0,07,000,00,2,3,15,A01
200700069778,0,30,000,00,2,7,01,B01
200700069779,0,07,000,00,1,2,01,A01
200700069780,0,30,000,00,2,1,01,A01
200700069780,0,07,000,00,0,4,00,B01
200700069781,0,33,000,00,2,1,01,B01
200700069781,0,07,000,00,2,3,09,A01
200700069782,0,07,000,00,0,3,01,A01
200700069783,0,07,000,00,1,1,01,A01
200700069784,0,07,000,00,2,1,01,B01
200700069784,0,07,000,00,2,8,09,A01
200700069785,0,07,000,00,2,3,05,A01
200700069785,0,07,000,00,2,8,01,B01
200700069785,0,07,000,00,2,1,01,C01
200700069786,0,07,000,00,2,1,01,A01
200700069786,0,07,000,00,2,7,01,B01
200700069787,1,10,000,00,2,3,10,A01
200700069787,0,30,000,00,2,1,17,B01
200700069788,1,07,000,00,2,0,15,A01
200700069788,0,30,000,00,2,1,01,B01
200700069789,0,07,000,00,1,1,13,A01
200700069790,1,30,000,00,1,1,01,A01
200700069791,0,07,000,00,2,1,05,A01
200700069791,0,07,000,00,2,6,01,B01
200700069791,0,33,000,00,2,3,01,C01
200700069791,0,07,000,00,2,2,01,D01
200700069791,0,07,000,00,2,3,01,E01
200700069792,0,07,000,00,2,7,15,A01
200700069792,0,02,000,00,2,1,01,B01
200700069793,0,33,000,00,2,1,01,A01
200700069793,0,07,000,00,2,4,01,B01
200700069794,0,07,000,00,1,1,01,A01
200700069795,0,30,000,00,2,1,01,B01
200700069795,0,07,000,00,0,3,09,A01
200700069796,0,07,000,00,2,2,01,A01
200700069796,0,10,000,00,0,5,24,B01
200700069797,0,07,000,00,0,3,09,A01
200700069797,0,01,000,00,2,1,12,B01
200700069798,0,07,000,00,1,1,01,A01
200700069799,0,07,000,01,1,2,02,A01
200700069800,0,07,000,00,2,1,01,A01
200700069800,0,07,000,00,2,9,01,B01
200700069800,0,15,000,00,2,8,01,C01
200700069801,0,02,000,00,2,1,01,A01
200700069801,0,10,000,00,2,6,19,B01
200700069802,0,07,000,00,2,2,01,A01
200700069802,0,33,000,00,2,1,01,B01
200700069803,0,07,000,00,1,1,01,A01
200700069804,0,07,000,13,0,1,01,A01
200700069805,0,07,000,00,2,3,23,B01
200700069805,0,30,000,00,2,1,05,A01
200700069806,0,07,000,00,2,3,17,A01
200700069806,0,33,000,00,2,3,01,B01
200700069807,0,37,015,00,1,5,01,A01
200700069808,0,07,000,00,1,2,01,A01
200700069809,0,07,000,00,2,1,02,B01
200700069809,0,01,000,00,2,8,19,A01
200700069810,0,07,000,00,2,1,09,B01
200700069810,0,02,000,00,2,1,01,A01
200700069811,0,02,000,12,0,7,01,A01
200700069812,0,07,000,00,2,1,01,A01
200700069812,0,07,000,00,2,3,01,B01
200700069813,0,07,000,00,1,2,01,A01
200700069814,0,07,000,00,2,5,01,A01
200700069814,0,01,000,00,2,1,15,B01
200700069815,0,30,000,00,2,7,01,B01
200700069815,0,07,000,00,0,0,16,A01
200700069816,0,07,000,00,2,1,01,A01
200700069816,0,07,000,00,0,4,15,B01
200700069817,0,07,000,00,2,2,19,A01
200700069817,0,07,000,00,2,3,19,B01
200700069818,0,14,000,00,2,7,17,A01
200700069818,0,01,000,00,2,8,01,B01
200700069819,0,07,000,00,2,8,09,A01
200700069819,0,02,000,00,2,1,01,B01
200700069820,0,07,000,00,0,2,01,A01
200700069821,0,07,000,00,2,1,02,A01
200700069821,0,07,000,00,2,7,02,B01
200700069822,0,07,000,00,2,1,02,A01
200700069822,0,07,000,00,2,4,02,B01
200700069823,0,03,000,00,1,2,01,A01
200700069824,0,30,000,00,1,1,01,A01
200700069825,0,07,000,00,1,1,01,A01
200700069826,0,07,000,00,1,3,01,A01
200700069827,0,02,000,00,2,1,00,B01
200700069827,0,07,000,00,2,7,15,A01
200700069828,0,02,000,00,2,1,01,A01
200700069828,0,07,000,00,2,5,01,B01
200700069829,0,07,000,00,1,3,02,A01
200700069830,0,02,000,00,2,1,01,A01
200700069830,0,07,000,00,2,3,15,B01
200700069831,1,07,000,00,1,3,00,A01
200700069832,0,07,000,00,2,1,01,B01
200700069832,0,07,000,00,2,2,00,A01
200700069833,0,07,000,00,2,2,01,A01
200700069833,0,07,000,00,2,3,01,B01
200700069834,1,07,000,00,1,0,01,A01
200700069835,0,33,000,12,0,1,01,A01
200700069836,0,38,001,00,2,8,15,A01
200700069836,0,30,000,00,2,1,01,B01
200700069837,0,07,000,00,2,1,01,A01
200700069838,0,07,000,00,1,1,01,A01
200700069839,0,07,000,03,2,5,01,B01
200700069839,0,07,000,00,2,3,09,A01
200700069840,0,02,000,00,2,1,01,B01
200700069840,0,02,000,00,2,7,10,A01
200700069841,0,31,000,00,2,4,01,B01
200700069841,0,07,000,00,2,1,01,A01
200700069842,0,07,000,00,2,1,16,A01
200700069842,0,01,000,00,2,4,16,B01
200700069843,0,02,000,00,2,1,01,B01
200700069843,0,07,000,00,2,8,01,A01
200700069844,0,07,000,02,0,8,01,A01
200700069845,0,07,000,00,2,1,01,A01
200700069845,0,02,000,00,2,7,01,B01
200700069846,0,33,000,00,2,1,01,B01
200700069846,0,07,000,00,9,3,15,A01
200700069847,0,07,000,00,9,2,15,A01
200700069847,0,02,000,01,2,1,01,B01
200700069848,0,31,000,00,2,8,16,B01
200700069848,0,07,000,00,9,2,01,A01
200700069849,0,07,000,00,2,7,01,B01
200700069849,0,07,000,00,2,1,19,A01
200700069850,0,07,000,00,6,1,05,A01
200700069850,0,02,000,00,2,1,15,B01
200700069851,0,07,000,00,2,1,00,B01
200700069851,0,02,000,00,2,1,09,A01
200700069852,0,07,000,00,2,5,15,A01
200700069852,0,33,000,00,2,1,01,B01
200700069853,0,07,000,00,2,1,05,A01
200700069853,0,07,000,00,2,1,00,B01
200700069854,0,07,000,00,2,1,02,A01
200700069854,0,07,000,00,2,4,02,B01
200700069855,0,31,000,00,2,1,01,A01
200700069855,0,07,000,00,2,3,15,B01
200700069856,0,07,000,00,2,1,19,A01
200700069856,0,07,000,08,0,8,19,B01
200700069857,0,30,000,12,0,1,01,A01
200700069858,0,07,000,16,0,7,01,A01
200700069859,0,30,000,00,9,0,01,A01
200700069859,0,01,000,00,9,0,01,B01
200700069860,0,02,000,11,0,1,00,A01
200700069861,0,07,000,15,0,1,00,A01
200700069862,0,07,000,00,2,1,00,A01
200700069862,0,01,000,00,2,0,19,B01
200700069863,0,33,000,00,2,1,17,B01
200700069863,0,07,000,00,2,3,15,A01
200700069864,0,31,000,00,2,1,01,B01
200700069864,0,07,000,00,2,1,15,A01
200700069865,0,02,000,00,2,1,01,A01
200700069865,0,07,000,00,2,8,01,B01
200700069866,0,07,000,00,1,3,01,A01
200700069866,0,07,000,00,0,5,23,B01
200700069867,0,07,000,00,1,7,01,A01
200700069868,0,07,000,00,2,1,01,A01
200700069868,0,07,000,07,2,3,01,B01
200700069869,0,07,000,00,2,2,01,B01
200700069869,0,30,000,00,2,1,05,A01
200700069870,0,07,000,00,2,6,15,A01
200700069870,0,02,000,00,2,1,01,B01
200700069871,0,07,000,00,2,8,01,B01
200700069871,0,02,000,00,2,1,15,A01
200700069872,0,01,000,00,1,1,01,A01
200700069873,0,07,000,00,2,1,01,A01
200700069873,0,07,000,00,2,4,23,B01
200700069873,0,07,000,00,2,4,23,C01
200700069874,0,07,000,00,1,1,01,A01
200700069875,0,07,000,00,2,7,15,A01
200700069875,0,01,000,00,0,1,01,B01
200700069876,0,07,000,02,0,1,01,A01
200700069877,0,07,000,00,2,1,01,A01
200700069877,0,07,000,00,2,2,01,B01
200700069878,0,07,000,00,2,3,10,A01
200700069878,0,07,000,00,2,1,01,B01
200700069879,0,07,000,00,1,1,01,A01
200700069880,0,02,000,00,2,1,01,A01
200700069880,0,07,000,00,2,8,01,B01
200700069881,0,07,000,00,2,1,01,A01
200700069882,0,30,000,00,0,7,00,A01
200700069883,0,07,000,00,1,3,01,A01
200700069884,0,31,000,00,2,1,00,A01
200700069884,0,07,000,00,2,8,00,B01
200700069885,0,07,000,00,2,2,01,A01
200700069885,0,07,000,00,2,3,01,B01
200700069886,0,07,000,00,1,3,15,A01
200700069887,0,07,000,00,1,8,01,A01
200700069888,0,02,000,00,0,0,00,A01
200700069888,0,07,000,00,2,8,00,B01
200700069889,0,07,000,00,2,1,01,A01
200700069889,0,07,000,00,2,4,01,B01
200700069889,0,07,000,00,2,6,20,C01
200700069890,0,07,000,12,0,2,16,A01
200700069891,0,07,000,00,2,1,01,A01
200700069891,0,07,000,00,2,4,23,B01
200700069892,0,07,000,00,1,8,15,A01
200700069893,0,07,000,00,2,3,19,A01
200700069893,0,32,000,00,2,7,01,B01
200700069894,0,99,000,00,2,7,01,B01
200700069894,0,07,000,00,2,1,01,A01
200700069895,0,07,000,00,2,1,01,A01
200700069895,0,07,000,00,2,1,01,B01
200700069896,0,07,000,00,2,2,17,A01
200700069896,0,21,000,00,2,8,15,B01
200700069897,0,33,000,00,2,1,01,B01
200700069897,0,07,000,00,2,3,15,A01
200700069898,0,07,000,00,1,2,01,A01
200700069899,0,33,000,00,2,1,01,A01
200700069899,0,07,000,00,2,3,15,B01
200700069900,0,07,000,00,2,1,01,A01
200700069900,0,07,000,00,2,4,23,B01
200700069901,0,07,000,00,0,0,00,A01
200700069902,0,07,000,00,2,2,13,A01
200700069902,0,02,000,00,2,8,01,B01
200700069903,0,07,000,00,1,7,01,A01
200700069904,0,07,000,00,2,8,19,A01
200700069904,0,07,000,00,2,1,01,B01
200700069905,0,31,000,01,2,1,01,A01
200700069905,0,07,000,00,0,2,20,B01
200700069906,0,07,000,00,2,2,15,A01
200700069906,0,31,000,00,2,7,01,B01
200700069907,0,07,000,00,2,1,01,B01
200700069907,0,02,000,00,2,1,15,A01
200700069908,0,07,000,16,0,7,14,A01
200700069909,0,07,000,14,2,8,01,A01
200700069909,0,07,000,00,2,1,01,B01
200700069910,0,07,000,00,1,1,01,A01
200700069911,0,07,000,00,2,1,01,A01
200700069911,0,07,000,00,2,4,01,B01
200700069912,0,07,000,00,2,3,13,A01
200700069912,0,07,000,00,2,3,01,B01
200700069913,0,02,000,01,2,1,17,A01
200700069913,0,07,000,00,2,8,15,B01
200700069914,0,07,000,00,2,1,13,A01
200700069914,0,07,000,00,2,3,01,B01
200700069915,0,02,000,00,2,1,00,A01
200700069915,0,07,000,00,2,4,01,B01
200700069916,0,02,000,00,2,1,00,B01
200700069916,0,07,000,00,2,3,09,A01
200700069917,0,07,000,11,0,1,14,A01
200700069918,0,33,000,00,2,0,01,A01
200700069918,0,07,000,00,2,3,23,B01
200700069919,0,07,000,00,2,1,15,A01
200700069919,0,02,000,00,2,1,01,B01
200700069920,0,07,000,00,2,3,13,A01
200700069920,0,33,000,00,2,7,01,B01
200700069921,1,02,000,00,1,1,17,A01
200700069921,0,07,000,00,2,3,15,B01
200700069922,0,02,000,00,2,5,01,A01
200700069922,0,07,000,00,2,1,09,B01
200700069923,0,07,000,00,2,1,15,A01
200700069923,0,30,000,00,2,1,01,B01
200700069924,0,02,000,00,2,1,18,A01
200700069924,0,07,000,00,2,7,16,B01
200700069925,0,07,000,00,2,3,15,A01
200700069925,0,31,000,00,2,1,01,B01
200700069926,0,02,000,00,2,1,02,A01
200700069926,0,07,000,00,2,4,02,B01
200700069927,0,07,000,00,1,1,16,A01
200700069928,0,07,000,00,1,1,00,A01
200700069929,0,07,000,00,9,7,15,A01
200700069929,0,02,000,00,2,1,01,B01
200700069930,0,07,000,00,2,3,15,A01
200700069930,0,02,000,00,2,1,01,B01
200700069931,0,07,000,00,2,2,02,A01
200700069931,0,02,000,00,2,4,01,B01
200700069932,0,31,000,00,2,1,01,A01
200700069932,0,01,000,00,2,6,01,B01
200700069933,0,07,000,00,2,0,00,A01
200700069933,0,01,000,00,0,0,00,B01
200700069934,0,33,000,00,2,8,01,A01
200700069934,0,07,000,00,2,5,15,B01
200700069935,0,07,000,00,2,1,01,A01
200700069935,0,07,000,00,1,3,15,B01
200700069936,0,31,000,00,2,7,02,B01
200700069936,0,99,000,00,2,3,02,A01
200700069937,0,10,000,00,2,7,15,A01
200700069937,0,33,000,00,2,1,01,B01
200700069938,0,10,000,02,0,1,14,A01
200700069939,0,07,000,00,2,2,15,A01
200700069939,0,30,000,00,2,1,01,B01
200700069940,0,07,000,00,2,2,15,A01
200700069940,0,07,000,00,2,3,01,B01
200700069941,0,07,000,00,2,2,12,A01
200700069941,0,02,000,00,2,3,01,B01
200700069942,0,07,000,00,2,1,15,A01
200700069942,0,07,000,00,2,1,01,B01
200700069943,0,02,000,00,1,1,01,A01
200700069944,0,07,000,00,2,1,01,A01
200700069944,0,07,000,00,2,1,01,B01
200700069945,0,07,000,00,1,1,01,A01
200700069946,0,10,000,00,2,1,15,A01
200700069946,0,02,000,00,2,1,01,B01
200700069947,0,07,000,00,2,3,01,A01
200700069947,0,01,000,00,2,4,12,B01
200700069948,0,07,000,00,2,1,01,A01
200700069948,0,07,000,00,2,3,01,B01
200700069949,0,07,000,00,1,1,01,A01
200700069950,1,07,000,00,1,1,01,A01
200700069951,0,07,000,00,2,1,02,A01
200700069951,0,07,000,00,2,4,02,B01
200700069951,0,07,000,00,2,4,02,C01
200700069952,0,07,000,00,2,1,15,A01
200700069952,0,33,000,00,2,9,01,B01
200700069953,0,07,000,00,2,2,15,A01
200700069953,0,32,000,00,2,1,01,B01
200700069954,1,07,000,00,1,0,19,A01
200700069955,0,07,000,00,2,2,19,A01
200700069955,0,07,000,00,2,1,02,B01
200700069956,0,07,000,00,2,1,15,A01
200700069956,0,07,000,00,2,8,01,B01
200700069957,0,30,000,00,2,1,02,A01
200700069957,0,07,000,00,2,4,02,B01
200700069958,0,07,000,00,0,1,14,A01
200700069959,0,32,000,00,2,1,01,B01
200700069959,0,07,000,00,2,2,09,A01
200700069960,0,32,000,00,2,1,17,A01
200700069960,0,07,000,00,2,3,15,B01
200700069961,0,07,000,00,2,4,02,B01
200700069961,0,07,000,00,2,1,02,A01
200700069962,0,30,000,00,2,1,01,B01
200700069962,0,07,000,00,2,2,19,A01
200700069963,0,07,000,00,1,1,01,A01
200700069964,0,07,000,01,0,0,00,A01
200700069965,0,07,000,15,0,2,14,A01
200700069966,0,02,000,00,2,1,01,B01
200700069966,0,07,000,00,2,3,13,A01
200700069967,0,01,000,00,2,5,15,B01
200700069967,0,02,000,01,0,1,01,A01
200700069968,0,07,000,00,2,3,01,B01
200700069968,0,02,000,00,2,1,13,A01
200700069969,0,07,000,00,1,8,01,A01
200700069970,0,07,000,00,1,1,01,A01
200700069971,0,32,000,00,2,1,01,B01
200700069971,0,07,000,00,2,3,16,A01
200700069972,0,07,000,00,2,3,00,A01
200700069972,0,30,000,00,2,1,01,B01
200700069973,0,07,000,00,2,2,00,A01
200700069973,0,01,000,00,0,0,00,B01
200700069974,0,07,000,00,1,6,04,A01
200700069975,0,07,000,00,1,1,15,A01
200700069976,0,07,000,00,2,7,13,A01
200700069976,0,07,000,00,0,1,01,B01
200700069977,0,01,000,01,0,1,02,A01
200700069977,0,07,000,00,0,4,24,B01
200700069978,0,07,000,01,0,3,14,A01
200700069978,0,07,000,00,0,7,24,B01
200700069979,0,07,000,00,2,1,02,A01
200700069979,0,33,000,00,0,4,01,B01
200700069979,0,07,000,00,0,4,01,C01
200700069980,0,07,000,00,1,1,01,A01
200700069981,0,31,000,00,2,1,01,B01
200700069981,0,10,000,00,2,8,15,A01
200700069982,0,07,000,00,0,8,15,A01
200700069982,0,30,000,00,2,1,01,B01
200700069983,0,02,000,00,2,1,01,A01
200700069983,0,07,000,00,2,4,15,B01
200700069984,0,30,000,00,2,8,15,A01
200700069984,0,07,000,00,2,2,01,B01
200700069985,0,10,000,00,2,2,02,A01
200700069985,0,07,000,00,0,6,15,B01
200700069986,0,07,000,00,2,3,09,A01
200700069986,0,02,000,00,2,7,01,B01
200700069987,0,10,000,00,2,8,15,B01
200700069987,0,02,000,00,2,1,17,A01
200700069988,0,07,000,04,0,9,01,A01
200700069989,0,02,000,01,0,3,00,A01
200700069990,1,07,000,00,2,2,01,A01
200700069990,0,33,000,00,2,3,01,B01
200700069991,0,07,000,00,1,1,01,A01
200700069992,0,07,000,00,2,2,15,A01
200700069992,0,07,000,00,2,3,01,B01
200700069993,0,07,000,00,2,2,15,A01
200700069993,0,07,000,00,2,3,01,B01
200700069994,0,07,000,00,1,3,15,A01
200700069995,0,07,000,00,1,3,15,A01
200700069996,0,07,000,00,2,1,13,A01
200700069996,0,07,000,00,2,1,00,B01
200700069997,0,07,000,00,1,2,01,A01
200700069998,0,07,000,02,0,3,13,A01
200700069999,0,07,000,00,2,3,15,A01
200700069999,0,02,000,00,2,1,01,B01
200700070000,0,10,000,00,1,2,01,A01
200700070001,0,07,000,00,2,1,01,B01
200700070001,0,07,000,00,2,8,09,A01
200700070002,0,07,000,00,1,2,01,A01
200700070003,0,01,000,00,2,8,15,A01
200700070003,0,01,000,00,2,8,15,B01
200700070003,0,07,000,00,2,1,01,C01
200700070004,0,07,000,00,2,7,15,A01
200700070004,0,33,000,00,2,1,01,B01
200700070005,0,01,000,00,1,1,01,A01
200700070006,0,33,000,00,2,8,01,A01
200700070006,0,07,000,00,2,3,16,B01
200700070007,0,07,000,00,2,2,15,A01
200700070007,0,33,000,00,2,1,01,B01
200700070008,0,02,000,00,2,7,17,A01
200700070008,0,07,000,00,2,3,15,B01
200700070009,0,07,000,00,0,0,00,A01
200700070010,0,30,000,00,2,1,01,A01
200700070010,0,07,000,00,1,6,15,B01
200700070011,0,07,000,00,2,1,01,A01
200700070011,0,07,000,00,2,8,01,B01
200700070012,0,07,000,00,1,3,01,A01
200700070013,0,07,000,00,2,2,01,A01
200700070013,0,33,000,00,2,1,01,B01
200700070014,0,02,000,00,2,0,01,B01
200700070014,0,01,000,00,2,1,01,A01
200700070015,0,01,000,00,2,8,00,B01
200700070015,0,07,000,00,2,1,16,A01
200700070016,0,07,000,00,2,1,01,A01
200700070016,0,07,000,00,2,2,01,B01
200700070017,0,07,000,00,2,1,01,A01
200700070017,0,07,000,00,2,7,01,B01
200700070018,0,07,000,00,2,1,16,A01
200700070018,0,34,000,00,2,1,15,B01
200700070019,0,07,000,00,2,3,01,A01
200700070019,0,37,002,00,1,1,01,B01
200700070020,0,07,000,01,0,1,01,A01
200700070021,0,40,000,00,1,1,00,A01
200700070022,0,37,001,00,1,1,08,A01
200700070023,0,07,000,02,2,5,15,A01
200700070023,0,37,036,00,2,3,01,B01
200700070024,0,10,000,00,2,2,01,A01
200700070024,0,07,000,00,2,2,15,B01
200700070025,0,40,000,00,1,4,01,A01
200700070026,0,01,000,00,1,1,01,A01
200700070027,0,07,000,09,0,1,01,A01
200700070028,0,01,000,00,2,1,01,A01
200700070028,0,07,000,00,2,8,01,B01
200700070029,0,07,000,00,2,3,01,A01
200700070029,0,32,000,00,2,1,01,B01
200700070030,0,01,000,00,2,8,13,A01
200700070030,0,10,000,00,2,2,16,B01
200700070031,0,07,000,00,1,1,01,A01
200700070032,0,07,000,00,2,1,05,A01
200700070032,0,07,000,00,2,3,01,B01
200700070033,0,30,000,00,2,1,01,B01
200700070033,0,07,000,00,2,1,01,A01
200700070034,0,07,000,15,0,1,01,A01