Num_Acc,senc,catv,occutc,obs,obsm,choc,manv,num_veh
200700070035,0,07,000,00,2,7,01,A01
200700070035,0,01,000,00,2,1,19,B01
200700070036,0,07,000,00,2,1,02,A01
200700070036,0,07,000,00,2,4,01,B01
200700070037,0,07,000,15,0,2,10,A01
200700070038,0,02,000,00,2,8,01,B01
200700070038,0,02,000,00,2,2,01,A01
200700070039,0,07,000,01,0,1,01,A01
200700070040,0,07,000,00,9,8,22,A01
200700070040,0,01,000,00,2,1,01,B01
200700070041,0,40,000,00,1,2,01,A01
200700070042,0,07,000,00,2,1,02,A01
200700070042,0,07,000,00,2,4,02,B01
200700070043,0,15,000,00,2,5,16,A01
200700070043,0,01,000,00,2,0,16,B01
200700070044,0,07,000,00,2,1,02,A01
200700070044,0,30,000,00,2,4,01,B01
200700070045,0,07,000,00,2,8,11,B01
200700070045,0,33,000,00,2,1,00,A01
200700070046,0,01,000,00,2,1,16,A01
200700070046,0,07,000,00,2,8,01,B01
200700070047,0,07,000,00,2,1,09,A01
200700070047,0,01,000,00,2,8,01,B01
200700070048,0,07,000,00,2,8,15,A01
200700070048,0,01,000,00,2,4,15,B01
200700070049,0,02,000,01,0,1,15,A01
200700070050,2,07,000,00,2,3,15,A01
200700070050,0,07,000,00,2,1,01,B01
200700070051,0,07,000,00,2,2,16,A01
200700070051,0,07,000,00,2,1,01,B01
200700070052,0,07,000,00,1,1,01,A01
200700070053,0,02,000,00,2,1,01,B01
200700070053,0,07,000,00,2,5,01,A01
200700070054,0,07,000,00,2,2,09,A01
200700070054,0,02,000,00,2,1,01,B01
200700070055,0,07,000,00,2,2,15,A01
200700070055,0,30,000,00,2,1,01,B01
200700070056,0,38,001,00,1,2,01,A01
200700070057,0,07,000,00,2,6,15,A01
200700070057,0,02,000,00,2,1,17,B01
200700070058,0,30,000,00,2,1,00,A01
200700070058,0,07,000,00,9,1,01,B01
200700070059,0,07,000,00,2,2,01,B01
200700070059,1,07,000,00,0,0,00,A01
200700070060,0,07,000,08,2,6,15,A01
200700070060,0,07,000,08,2,2,01,B01
200700070061,0,07,000,00,1,2,02,A01
200700070062,1,07,000,00,1,1,00,A01
200700070063,0,07,000,00,1,1,00,A01
200700070064,0,07,000,00,2,1,01,A01
200700070064,0,07,000,00,2,3,01,B01
200700070065,0,07,000,00,1,4,04,A01
200700070066,0,07,000,00,2,2,01,B01
200700070066,0,07,000,00,2,1,01,A01
200700070067,0,07,000,00,1,2,00,A01
200700070068,0,07,000,00,2,1,01,A01
200700070068,0,07,000,00,2,3,01,B01
200700070069,0,07,000,00,2,7,15,A01
200700070069,0,02,000,00,2,1,18,B01
200700070070,0,33,000,00,2,1,17,A01
200700070070,0,07,000,00,2,8,20,B01
200700070071,0,33,000,14,0,1,17,A01
200700070072,0,07,000,00,2,1,02,A01
200700070072,0,07,000,00,2,4,02,B01
200700070073,0,07,000,00,1,1,01,A01
200700070074,0,07,000,00,2,4,02,A01
200700070074,0,07,000,00,2,1,02,B01
200700070075,0,07,000,01,2,3,00,A01
200700070076,0,07,000,00,1,1,02,A01
200700070077,0,10,000,00,2,1,09,A01
200700070077,0,07,000,00,2,3,09,B01
200700070078,0,17,000,00,0,7,16,A01
200700070078,0,01,000,00,0,1,01,B01
200700070079,0,07,000,00,1,2,01,A01
200700070080,0,07,000,00,2,2,15,B01
200700070080,0,07,000,00,2,3,01,A01
200700070081,0,07,000,00,2,2,01,A01
200700070081,0,07,000,00,2,1,23,B01
200700070082,0,07,000,00,2,8,22,A01
200700070082,0,02,000,00,2,5,01,B01
200700070083,0,07,000,00,2,2,15,A01
200700070083,0,31,000,00,2,1,01,B01
200700070084,0,07,000,00,1,1,01,A01
200700070085,0,10,000,00,2,5,20,A01
200700070085,0,07,000,00,2,1,01,B01
200700070086,0,32,000,00,2,1,01,B01
200700070086,0,07,000,00,2,1,01,A01
200700070087,0,07,000,00,2,1,01,B01
200700070087,0,07,000,00,2,8,01,A01
200700070088,0,07,000,01,2,2,02,B01
200700070088,0,07,000,00,2,6,09,A01
200700070088,0,07,000,00,2,3,05,E01
200700070089,0,07,000,00,2,5,13,A01
200700070089,0,02,000,00,2,1,04,B01
200700070090,1,07,000,00,1,1,16,A01
200700070091,1,07,000,00,1,1,15,A01
200700070092,0,32,000,00,2,0,17,A01
200700070092,0,07,000,00,2,3,15,B01
200700070093,0,07,000,00,2,8,09,A01
200700070093,0,30,000,00,2,1,01,B01
200700070094,1,07,000,00,2,3,09,A01
200700070094,0,02,000,00,2,1,01,B01
200700070095,0,14,000,00,2,1,02,A01
200700070095,0,07,000,00,2,4,02,B01
200700070096,0,07,000,00,1,7,01,A01
200700070097,0,07,000,00,2,7,02,B01
200700070097,0,14,000,00,2,5,12,A01
200700070098,0,07,000,00,2,2,02,A01
200700070098,0,07,000,00,2,6,02,B01
200700070098,0,07,000,00,2,2,23,C01
200700070099,2,07,000,08,1,1,02,A01
200700070100,0,07,000,00,1,0,01,A01
200700070101,0,07,000,00,1,3,15,A01
200700070102,0,07,000,00,2,1,15,A01
200700070102,0,01,000,00,2,1,01,B01
200700070103,0,07,000,00,1,1,01,A01
200700070104,0,33,000,01,2,1,06,B01
200700070104,0,07,000,00,2,2,16,A01
200700070105,0,07,000,08,2,8,15,B01
200700070105,0,14,000,00,2,2,17,A01
200700070106,0,01,000,00,2,5,15,A01
200700070106,0,07,000,00,2,1,01,B01
200700070107,0,37,001,00,1,2,01,A01
200700070108,0,01,000,00,2,8,09,B01
200700070108,0,07,000,00,2,2,01,A01
200700070109,0,07,000,00,1,1,01,A01
200700070110,0,07,000,00,1,3,15,A01
200700070111,0,07,000,00,2,1,01,B01
200700070111,0,01,000,00,2,4,01,A01
200700070112,0,33,000,00,1,3,01,A01
200700070113,0,07,000,00,1,0,15,A01
200700070114,0,01,000,00,2,1,01,B01
200700070114,0,07,000,00,2,1,01,A01
200700070115,0,07,000,08,2,3,17,A01
200700070115,0,07,000,00,2,3,01,B01
200700070115,0,07,000,00,0,6,01,C01
200700070116,0,07,000,00,1,4,04,A01
200700070117,0,07,000,00,1,1,01,A01
200700070118,0,07,000,02,0,8,01,A01
200700070119,0,07,000,00,2,1,15,A01
200700070119,0,07,000,00,2,3,01,B01
200700070120,0,02,000,00,2,1,17,A01
200700070120,0,07,000,00,2,8,15,B01
200700070121,0,07,000,00,2,1,01,A01
200700070121,0,07,000,00,2,5,15,B01
200700070122,0,07,000,00,2,1,01,A01
200700070122,0,07,000,00,2,4,23,B01
200700070123,0,07,000,02,0,7,01,A01
200700070124,0,07,000,00,2,1,19,A01
200700070124,0,07,000,00,2,3,01,B01
200700070125,0,30,000,00,2,0,01,B01
200700070125,0,99,000,00,2,0,00,A01
200700070126,0,07,000,00,1,2,01,A01
200700070127,0,07,000,00,2,1,10,A01
200700070127,0,07,000,00,2,3,01,B01
200700070128,0,07,000,00,2,1,01,A01
200700070128,0,07,000,00,2,1,01,B01
200700070129,0,07,000,00,1,8,01,A01
200700070130,0,07,000,00,2,3,15,B01
200700070130,0,02,000,00,2,1,01,A01
200700070131,0,07,000,00,2,1,01,A01
200700070131,0,07,000,00,2,4,01,B01
200700070132,0,07,000,00,2,3,01,A01
200700070132,0,07,000,00,2,1,15,B01
200700070133,0,07,000,00,2,1,01,A01
200700070133,0,07,000,00,2,9,01,B01
200700070134,0,07,000,00,1,1,01,A01
200700070135,0,07,000,02,0,1,14,A01
200700070136,1,07,000,00,2,1,01,A01
200700070136,0,01,000,00,0,8,16,B01
200700070137,0,07,000,00,1,1,01,A01
200700070138,0,02,000,00,0,8,01,A01
200700070139,0,02,000,00,2,1,02,A01
200700070139,0,07,000,00,0,4,02,B01
200700070140,0,14,000,00,2,1,02,A01
200700070140,0,07,000,00,2,4,02,B01
200700070140,0,07,000,00,2,4,02,C01
200700070140,0,07,000,00,0,4,02,D01
200700070141,0,07,000,00,2,1,01,A01
200700070141,0,07,000,00,2,8,19,B01
200700070142,0,07,000,00,0,8,01,B01
200700070142,0,07,000,00,2,1,01,A01
200700070143,0,03,000,00,0,1,16,A01
200700070144,0,01,000,00,2,1,09,A01
200700070144,0,10,000,00,0,7,01,B01
200700070145,0,30,000,00,9,7,01,A01
200700070146,0,07,000,00,1,1,01,A01
200700070147,0,07,000,00,2,5,02,A01
200700070147,0,02,000,00,2,8,02,B01
200700070148,0,07,000,00,0,1,00,A01
200700070149,0,30,000,00,2,1,02,A01
200700070149,0,07,000,00,0,4,02,B01
200700070150,0,31,000,08,2,8,17,A01
200700070150,0,07,000,00,2,6,01,B01
200700070151,0,07,000,00,2,5,01,A01
200700070151,0,07,000,00,2,1,01,B01
200700070152,0,07,000,00,2,1,01,A01
200700070152,0,07,000,00,2,7,01,B01
200700070153,0,07,000,00,2,3,10,A01
200700070153,0,07,000,00,2,1,01,B01
200700070154,0,07,000,00,2,3,15,A01
200700070154,0,02,000,00,2,1,01,B01
200700070155,0,07,000,00,2,1,15,A01
200700070155,0,33,000,00,2,1,01,B01
200700070156,0,01,000,12,0,0,01,A01
200700070157,0,02,000,16,0,0,01,A01
200700070158,1,07,000,00,2,3,09,A01
200700070158,0,02,000,00,2,1,01,B01
200700070159,0,02,000,16,0,8,01,A01
200700070160,0,01,000,00,0,8,01,B01
200700070160,0,10,000,00,2,3,15,A01
200700070161,0,01,000,16,0,1,01,A01
200700070162,0,07,000,00,1,1,01,A01
200700070163,0,02,000,16,0,0,01,A01
200700070164,0,02,000,16,0,0,01,A01
200700070165,0,07,000,00,0,1,09,A01
200700070165,0,02,000,00,2,1,17,B01
200700070165,0,07,000,00,0,3,01,C01
200700070166,0,02,000,00,0,8,01,B01
200700070166,0,07,000,00,2,2,01,A01
200700070167,0,33,000,16,0,8,01,A01
200700070168,0,07,000,00,2,1,01,A01
200700070168,0,07,000,00,0,8,15,B01
200700070169,0,02,000,00,0,0,01,A01
200700070170,0,31,000,16,0,8,01,A01
200700070171,0,02,000,16,0,7,01,A01
200700070172,0,07,000,00,2,3,09,A01
200700070172,0,33,000,00,0,1,01,B01
200700070173,0,34,000,00,0,8,01,A01
200700070174,0,07,000,00,2,1,01,A01
200700070174,0,07,000,00,0,4,01,B01
200700070175,0,07,000,00,2,2,16,A01
200700070175,0,30,000,00,2,8,01,B01
200700070176,0,02,000,16,0,8,16,A01
200700070177,0,07,000,00,2,3,16,A01
200700070177,0,01,000,00,0,1,19,B01
200700070178,0,07,000,00,2,2,16,A01
200700070178,0,30,000,00,0,1,01,B01
200700070179,0,07,000,00,0,4,02,B01
200700070179,0,07,000,00,2,1,02,A01
200700070180,0,07,000,00,2,2,15,A01
200700070180,0,07,000,00,2,3,01,B01
200700070181,0,07,000,00,0,3,01,B01
200700070181,0,07,000,00,2,7,15,A01
200700070182,0,07,000,00,2,1,01,A01
200700070182,0,07,000,00,0,3,01,B01
200700070183,0,02,000,00,2,0,01,A01
200700070183,0,07,000,00,0,2,01,B01
200700070184,0,07,000,00,0,4,09,A01
200700070184,0,33,000,00,2,1,01,B01
200700070185,0,02,000,00,2,1,01,A01
200700070185,0,07,000,00,0,4,23,B01
200700070186,0,02,000,00,2,1,01,A01
200700070186,0,07,000,00,0,7,15,B01
200700070187,0,07,000,16,0,3,01,A01
200700070188,0,02,000,16,0,8,15,A01
200700070189,0,07,000,00,0,5,09,A01
200700070189,0,02,000,00,2,1,01,B01
200700070190,0,07,000,00,0,1,01,B01
200700070190,0,07,000,00,2,1,15,A01
200700070191,0,07,000,16,0,9,01,A01
200700070192,0,02,000,00,2,7,00,A01
200700070192,0,07,000,00,0,2,01,B01
200700070193,0,07,000,00,0,1,19,A01
200700070193,0,07,000,00,2,1,01,B01
200700070193,0,14,000,00,2,1,01,C01
200700070194,0,07,000,00,2,3,05,A01
200700070194,0,07,000,04,2,3,00,B01
200700070195,0,07,000,03,2,4,02,A01
200700070195,0,07,000,00,2,1,02,B01
200700070196,0,07,000,00,1,1,16,A01
200700070197,0,07,000,00,2,3,09,A01
200700070197,0,30,000,00,0,1,01,B01
200700070198,0,07,000,00,1,1,16,A01
200700070199,0,07,000,00,1,2,02,A01
200700070200,0,07,000,00,1,2,02,A01
200700070201,0,31,000,00,2,1,02,B01
200700070201,0,07,000,00,2,6,15,A01
200700070202,0,07,000,00,1,3,01,A01
200700070203,0,07,000,00,2,3,15,A01
200700070203,0,30,000,00,2,6,01,B01
200700070204,0,02,000,00,2,4,16,A01
200700070204,1,07,000,00,9,0,16,B01
200700070205,0,30,000,00,2,1,01,A01
200700070205,1,07,000,00,2,2,15,B01
200700070206,0,13,000,00,1,3,01,A01
200700070207,0,07,000,01,0,3,01,A01
200700070208,0,07,000,00,9,3,01,A01
200700070209,0,02,000,00,2,1,01,A01
200700070209,0,07,000,00,0,3,01,B01
200700070210,0,07,000,06,0,1,13,A01
200700070211,0,33,000,00,0,3,01,A01
200700070212,0,30,000,01,0,1,01,A01
200700070213,0,10,000,00,9,1,01,A01
200700070213,0,01,000,00,0,4,01,B01
200700070214,0,07,000,00,0,0,00,A01
200700070214,0,07,000,00,2,3,01,B01
200700070215,0,07,000,00,2,3,01,B01
200700070215,0,03,000,00,2,3,15,A01
200700070216,0,07,000,00,1,1,01,A01
200700070217,0,02,000,00,2,1,01,B01
200700070217,1,07,000,00,2,0,00,A01
200700070218,0,07,000,00,2,1,02,A01
200700070218,0,07,000,00,2,3,23,B01
200700070219,0,07,000,00,2,8,15,B01
200700070219,0,02,000,00,2,1,01,A01
200700070220,0,07,000,00,1,2,01,A01
200700070221,0,02,000,15,0,0,01,A01
200700070222,0,07,000,00,2,3,01,A01
200700070222,0,07,000,00,2,3,02,B01
200700070223,0,02,000,00,2,1,15,A01
200700070223,0,07,000,00,2,2,01,B01
200700070224,0,07,000,00,2,1,15,A01
200700070224,0,02,000,00,2,1,01,B01
200700070225,0,07,000,00,2,5,01,B01
200700070225,0,07,000,00,2,3,01,A01
200700070226,0,33,000,00,2,1,21,A01
200700070226,0,07,000,00,2,1,01,B01
200700070227,0,07,000,00,2,1,01,B01
200700070227,0,07,000,13,2,3,01,A01
200700070228,0,07,000,00,1,1,15,A01
200700070229,0,30,000,00,2,1,01,B01
200700070229,0,07,000,00,9,6,09,A01
200700070230,0,30,000,00,2,0,01,B01
200700070230,0,30,000,00,2,0,01,A01
200700070231,0,02,000,00,2,1,17,A01
200700070231,0,07,000,00,2,3,15,B01
200700070232,0,07,000,00,1,2,01,A01
200700070233,0,07,000,12,2,3,15,B01
200700070233,0,33,000,12,2,2,17,A01
200700070234,0,02,000,03,0,7,00,A01
200700070235,0,02,000,00,0,1,16,A01
200700070236,0,07,000,00,2,1,01,A01
200700070236,0,07,000,00,0,4,02,B01
200700070237,0,07,000,13,0,8,10,A01
200700070237,0,33,000,00,2,1,02,B01
200700070238,0,07,000,12,1,7,01,A01
200700070239,0,07,000,00,2,6,09,A01
200700070239,0,10,000,00,2,2,01,B01
200700070240,0,07,000,00,1,7,02,A01
200700070241,1,07,000,00,1,1,01,A01
200700070242,0,33,000,00,2,2,01,B01
200700070242,0,07,000,00,2,1,15,A01
200700070243,0,10,000,12,0,9,17,A01
200700070244,0,02,000,00,2,8,15,A01
200700070244,1,07,000,00,2,7,01,B01
200700070245,0,07,000,00,2,1,01,A01
200700070245,0,07,000,00,2,4,01,B01
200700070245,0,07,000,00,2,4,01,C01
200700070246,0,07,000,00,2,3,13,A01
200700070246,0,07,000,00,2,3,01,B01
200700070247,0,07,000,13,0,9,14,A01
200700070248,0,07,000,00,2,1,00,A01
200700070248,0,30,000,00,2,0,00,B01
200700070249,0,07,000,05,2,7,05,A01
200700070249,0,07,000,00,2,1,01,B01
200700070250,1,31,000,00,1,0,15,A01
200700070251,0,07,000,00,1,1,01,A01
200700070252,0,30,000,14,0,9,01,A01
200700070253,0,02,000,00,0,8,17,A01
200700070254,0,07,000,02,0,1,13,A01
200700070255,0,31,000,00,0,9,13,A01
200700070255,0,07,000,00,0,3,17,B01
200700070256,0,07,000,06,2,6,16,A01
200700070256,0,07,000,00,2,2,01,B01
200700070257,0,40,000,00,1,3,01,A01
200700070258,0,07,000,04,0,1,01,A01
200700070259,0,34,000,02,2,3,01,A01
200700070260,0,07,000,00,1,1,01,A01
200700070261,0,07,000,00,2,1,02,A01
200700070261,0,07,000,00,2,4,02,B01
200700070261,0,07,000,00,2,4,02,C01
200700070262,0,30,000,12,0,7,14,A01
200700070263,0,30,000,00,0,3,21,A01
200700070264,0,33,000,00,2,1,01,A01
200700070264,0,07,000,00,2,7,15,B01
200700070265,0,07,000,00,2,1,15,A01
200700070265,0,33,000,00,2,7,01,B01
200700070266,0,07,000,00,2,1,15,A01
200700070266,0,07,000,00,2,1,01,B01
200700070267,0,07,000,00,2,1,13,A01
200700070267,0,07,000,00,2,1,01,B01
200700070268,0,07,000,00,2,3,15,A01
200700070268,0,30,000,00,2,3,01,B01
200700070269,0,33,000,14,0,1,01,A01
200700070270,0,07,000,00,2,1,02,A01
200700070270,0,07,000,00,2,4,01,B01
200700070271,0,02,000,00,0,0,00,A01
200700070272,0,07,000,00,2,3,15,A01
200700070272,0,07,000,00,2,3,01,B01
200700070273,0,30,000,00,1,2,01,A01
200700070274,0,30,000,00,2,3,21,A01
200700070274,0,14,000,00,0,8,01,B01
200700070275,0,07,000,03,2,1,02,A01
200700070275,0,07,000,03,2,4,02,B01
200700070276,1,07,000,00,2,1,00,A01
200700070276,0,02,000,00,2,8,01,B01
200700070277,0,07,000,00,2,8,20,A01
200700070277,0,02,000,00,2,1,01,B01
200700070278,0,14,000,01,1,1,01,A01
200700070279,0,07,000,00,1,1,01,A01
200700070280,0,07,000,00,0,6,02,A01
200700070280,0,07,000,00,0,6,02,B01
200700070281,0,07,000,00,9,1,00,A01
200700070282,0,07,000,00,0,4,02,B01
200700070282,0,07,000,00,2,1,02,A01
200700070283,0,07,000,00,0,1,02,A01
200700070284,0,07,000,00,1,2,01,A01
200700070285,0,02,000,00,0,1,13,A01
200700070285,0,34,000,00,2,1,01,B01
200700070286,0,07,000,00,2,1,01,B01
200700070286,0,07,000,00,2,7,01,A01
200700070287,0,07,000,00,0,4,02,C01
200700070287,0,07,000,00,2,4,02,B01
200700070287,0,07,000,00,2,1,02,A01
200700070288,0,07,000,00,2,1,02,C01
200700070288,0,07,000,00,2,4,02,B01
200700070288,0,07,000,00,2,1,02,A01
200700070289,0,33,000,00,2,1,01,B01
200700070289,0,07,000,00,2,2,20,A01
200700070290,0,10,000,00,2,1,21,A01
200700070290,0,07,000,00,0,8,23,B01
200700070291,0,31,000,02,0,1,02,A01
200700070292,0,07,000,00,2,1,01,B01
200700070292,0,07,000,00,2,2,19,A01
200700070293,0,14,000,00,2,3,01,B01
200700070293,0,07,000,00,2,7,17,A01
200700070294,0,37,001,00,1,0,09,A01
200700070295,0,02,000,09,0,1,01,A01
200700070296,0,07,000,00,1,1,01,A01
200700070297,0,33,000,00,2,1,01,B01
200700070297,0,07,000,00,2,6,11,A01
200700070298,0,02,000,00,2,1,17,A01
200700070298,0,10,000,00,2,8,15,B01
200700070299,0,02,000,08,2,1,17,B01
200700070299,0,10,000,00,2,8,15,A01
200700070300,0,10,000,00,1,1,01,A01
200700070301,0,07,000,02,0,3,01,A01
200700070302,0,07,000,00,0,8,01,A01
200700070302,2,07,000,00,2,1,06,B01
200700070303,0,07,000,00,2,1,01,A01
200700070303,0,02,000,00,2,1,15,B01
200700070304,0,07,000,00,1,5,16,A01
200700070305,0,07,000,00,2,7,12,A01
200700070305,0,32,000,00,2,8,02,B01
200700070306,1,07,000,00,1,0,01,A01
200700070307,0,10,000,00,2,1,01,A01
200700070307,0,07,000,00,2,4,01,B01
200700070308,0,14,000,00,2,3,01,B01
200700070308,0,02,000,00,2,8,19,A01
200700070309,0,20,000,00,2,7,13,A01
200700070309,0,14,000,00,2,1,02,B01
200700070310,0,10,000,00,2,1,10,A01
200700070310,0,30,000,00,2,2,01,B01
200700070310,0,17,000,00,0,0,00,C01
200700070311,0,07,000,00,2,0,00,A01
200700070311,0,33,000,00,2,0,00,B01
200700070312,0,07,000,00,0,0,00,A01
200700070312,0,07,000,00,0,0,00,B01
200700070313,0,37,003,00,0,0,00,A01
200700070313,0,07,000,00,0,0,00,B01
200700070314,0,10,000,00,2,1,01,B01
200700070314,0,07,000,00,2,2,19,A01
200700070315,0,07,000,00,2,1,01,A01
200700070315,0,01,000,00,2,8,19,B01
200700070316,0,07,000,00,2,3,16,A01
200700070316,0,30,000,06,2,1,01,B01
200700070317,0,17,000,00,9,2,17,A01
200700070317,0,01,000,00,0,4,01,B01
200700070318,0,07,000,00,2,2,15,A01
200700070318,2,07,000,00,2,2,00,B01
200700070319,0,33,000,03,9,1,02,A01
200700070319,0,07,000,00,2,6,01,B01
200700070320,0,07,000,00,0,2,15,A01
200700070321,0,07,000,00,2,1,01,A01
200700070321,0,33,000,00,0,7,01,B01
200700070322,0,30,000,00,2,1,01,B01
200700070322,0,10,000,00,0,8,10,A01
200700070323,0,07,000,00,0,5,02,A01
200700070323,0,33,000,00,2,2,03,B01
200700070324,0,07,000,00,0,7,23,A01
200700070324,0,01,000,00,2,1,19,B01
200700070325,1,07,000,00,1,1,02,A01
200700070326,0,14,000,01,2,4,21,A01
200700070326,0,37,040,01,2,2,09,B01
200700070327,0,07,000,00,2,2,02,B01
200700070327,0,01,000,00,2,3,02,A01
200700070328,0,30,000,00,0,5,01,A01
200700070328,0,07,000,00,0,1,01,B01
200700070329,0,07,000,04,2,8,01,A01
200700070329,0,14,000,00,2,1,01,B01
200700070330,0,02,000,00,2,1,01,A01
200700070330,0,07,000,00,2,4,23,B01
200700070331,0,07,000,00,2,8,15,A01
200700070331,0,07,000,00,2,1,19,B01
200700070332,0,07,000,00,2,3,15,A01
200700070332,0,07,000,00,2,1,02,B01
200700070333,0,07,000,00,1,3,15,A01
200700070334,0,07,000,00,2,1,15,A01
200700070334,0,33,000,08,2,1,01,B01
200700070335,0,33,000,01,0,4,02,A01
200700070335,0,07,000,00,0,0,09,B01
200700070336,0,07,000,00,1,1,01,A01
200700070337,0,07,000,00,2,6,11,A01
200700070337,0,33,000,00,2,7,01,B01
200700070338,0,07,000,00,2,1,16,A01
200700070338,0,07,000,00,2,1,01,B01
200700070339,0,07,000,00,2,1,00,A01
200700070339,0,02,000,00,2,7,02,B01
200700070340,0,33,000,00,1,1,01,A01
200700070341,0,07,000,00,2,1,02,A01
200700070341,0,07,000,15,2,4,02,B01
200700070342,0,07,000,00,2,2,17,A01
200700070342,0,01,000,00,2,1,01,B01
200700070343,0,07,000,00,1,1,01,A01
200700070344,0,02,000,00,2,1,01,B01
200700070344,0,07,000,00,2,2,15,A01
200700070345,0,33,000,00,2,1,01,A01
200700070345,0,07,000,00,2,3,01,B01
200700070345,2,07,000,00,0,0,11,C01
200700070346,0,07,000,04,0,9,11,A01
200700070347,0,01,000,00,0,8,19,A01
200700070347,0,38,001,00,2,2,01,B01
200700070348,0,01,000,00,2,3,19,A01
200700070348,0,33,000,00,9,1,01,B01
200700070349,0,07,000,00,0,4,01,B01
200700070349,0,33,000,00,2,0,01,A01
200700070350,0,07,000,00,9,1,01,A01
200700070350,0,01,000,00,2,6,19,B01
200700070351,0,07,000,00,2,2,06,A01
200700070351,0,07,000,00,2,3,01,B01
200700070352,0,07,000,00,1,2,00,A01
200700070353,0,30,000,00,2,1,02,A01
200700070353,0,07,000,00,0,4,01,B01
200700070354,0,07,000,00,1,1,15,A01
200700070355,0,07,000,02,0,1,01,A01
200700070356,0,32,000,12,0,5,01,A01
200700070357,0,10,000,06,0,2,01,A01
200700070358,0,07,000,00,2,8,10,A01
200700070358,0,33,000,00,2,1,01,B01
200700070359,0,30,000,00,2,1,01,B01
200700070359,0,07,000,00,2,1,15,A01
200700070360,0,07,000,00,2,1,15,A01
200700070360,0,07,000,00,2,5,01,B01
200700070361,0,07,000,00,2,6,11,A01
200700070361,0,33,000,00,2,7,11,B01
200700070362,0,07,000,00,2,3,10,A01
200700070362,0,33,000,00,2,1,01,B01
200700070363,0,07,000,00,1,1,01,A01
200700070364,0,07,000,02,0,1,01,A01
200700070365,0,07,000,00,1,1,01,A01
200700070366,0,07,000,00,2,8,13,A01
200700070366,0,33,000,00,2,1,01,B01
200700070367,0,07,000,00,2,1,16,A01
200700070367,0,07,000,00,2,0,01,B01
200700070367,0,07,000,00,2,1,01,C01
200700070368,0,07,000,00,2,1,10,A01
200700070368,0,07,000,00,2,3,01,B01
200700070369,0,07,000,00,2,5,10,A01
200700070369,0,30,000,00,2,1,01,B01
200700070370,0,33,000,00,2,0,17,A01
200700070370,0,14,000,00,2,0,01,B01
200700070371,0,07,000,00,1,1,01,A01
200700070372,0,07,000,00,2,1,01,A01
200700070372,0,07,000,00,2,1,01,B01
200700070372,0,07,000,00,2,1,01,C01
200700070373,0,07,000,00,2,3,01,A01
200700070373,0,02,000,00,2,1,01,B01
200700070374,0,07,000,00,2,2,00,A01
200700070374,0,02,000,00,2,1,00,B01
200700070375,0,01,000,00,2,1,01,A01
200700070375,0,01,000,00,2,1,01,B01
200700070376,0,07,000,00,1,1,01,A01
200700070377,0,07,000,00,2,5,23,C01
200700070377,0,07,000,00,2,3,23,B01
200700070377,0,07,000,00,2,2,02,A01
200700070378,0,07,000,00,2,4,01,B01
200700070378,0,07,000,00,2,1,01,A01
200700070379,0,07,000,00,1,1,02,A01
200700070380,0,07,000,00,2,0,16,A01
200700070380,0,01,000,00,2,6,01,B01
200700070381,0,07,000,00,2,2,15,A01
200700070381,0,33,000,00,2,0,01,B01
200700070382,0,07,000,00,1,7,01,A01
200700070383,1,99,000,00,2,2,13,A01
200700070383,0,07,000,00,2,8,00,B01
200700070384,0,07,000,00,1,1,01,A01
200700070385,0,34,000,00,2,8,01,A01
200700070385,1,07,000,00,2,2,18,B01
200700070386,0,07,000,00,2,3,01,A01
200700070386,0,07,000,00,2,3,01,B01
200700070387,0,07,000,12,0,5,01,A01
200700070388,0,07,000,00,2,3,01,A01
200700070388,0,07,000,00,2,3,01,B01
200700070389,0,07,000,00,2,1,09,A01
200700070389,0,07,000,00,2,7,01,B01
200700070390,0,07,000,02,0,0,00,A01
200700070391,0,07,000,14,0,9,14,A01
200700070392,0,07,000,00,2,3,16,B01
200700070392,0,01,000,00,2,1,01,A01
200700070393,0,31,000,00,2,3,01,B01
200700070393,0,02,000,00,0,6,01,A01
200700070394,0,33,000,00,2,3,01,A01
200700070394,0,07,000,00,9,7,15,B01
200700070395,0,07,000,00,2,1,01,B01
200700070395,0,07,000,00,2,3,15,A01
200700070396,0,07,000,00,2,1,12,A01
200700070396,0,07,000,00,2,4,12,B01
200700070397,0,07,000,00,2,3,20,A01
200700070397,0,30,000,00,1,2,01,B01
200700070398,0,07,000,00,1,0,01,A01
200700070399,0,07,000,00,1,8,16,A01
200700070400,0,07,000,00,1,1,01,A01
200700070401,0,31,000,00,2,0,02,A01
200700070401,0,32,000,00,2,0,02,B01
200700070402,0,30,000,00,2,3,01,A01
200700070402,0,07,000,00,2,8,01,B01
200700070402,0,07,000,00,2,8,01,C01
200700070402,0,07,000,00,2,8,01,D01
200700070402,0,07,000,00,2,8,01,E01
200700070403,0,07,000,12,0,0,16,A01
200700070404,0,33,000,00,2,1,01,A01
200700070404,0,07,000,00,2,5,19,B01
200700070405,0,07,000,00,1,2,01,A01
200700070406,0,07,000,00,2,5,15,A01
200700070406,0,34,000,00,2,1,01,B01
200700070407,0,07,000,00,1,1,01,A01
200700070408,0,01,000,00,2,1,09,A01
200700070408,0,37,001,00,2,7,01,B01
200700070409,0,07,000,00,2,3,01,A01
200700070409,0,07,000,00,2,1,01,B01
200700070410,0,07,000,00,1,2,01,A01
200700070411,0,07,000,00,1,1,01,A01