Num_Acc,senc,catv,occutc,obs,obsm,choc,manv,num_veh
200700070412,0,33,000,00,2,8,06,A01
200700070412,0,07,000,00,2,8,09,B01
200700070412,0,07,000,00,2,3,01,C01
200700070413,0,07,000,00,2,8,11,B01
200700070413,0,33,000,00,2,7,00,A01
200700070414,0,07,000,00,2,4,02,B01
200700070414,0,07,000,00,2,1,02,A01
200700070415,0,30,000,08,0,0,00,A01
200700070416,0,07,000,00,1,1,01,A01
200700070417,0,30,000,00,2,1,02,A01
200700070417,0,07,000,00,2,4,02,B01
200700070418,0,07,000,00,2,1,15,A01
200700070418,0,31,000,00,2,2,01,B01
200700070419,0,07,000,00,2,1,04,A01
200700070420,0,07,000,00,2,3,16,A01
200700070420,0,02,000,00,2,5,01,B01
200700070421,0,37,003,15,0,2,01,A01
200700070422,0,07,000,00,2,7,16,A01
200700070422,0,30,000,00,2,3,01,B01
200700070423,0,02,000,00,2,7,19,A01
200700070423,0,07,000,00,2,1,01,B01
200700070424,0,07,000,00,2,3,20,A01
200700070424,0,05,000,00,2,1,02,B01
200700070425,0,07,000,00,1,2,01,A01
200700070426,0,07,000,00,2,3,15,A01
200700070426,0,07,000,00,2,2,01,B01
200700070427,0,02,000,00,2,3,01,A01
200700070427,0,05,000,00,2,6,01,B01
200700070428,0,07,000,00,2,1,21,A01
200700070428,0,07,000,00,2,3,01,C01
200700070428,0,07,000,00,2,2,15,B01
200700070429,0,07,000,00,2,7,15,A01
200700070429,0,02,000,00,2,1,01,B01
200700070430,0,07,000,00,2,1,15,A01
200700070430,0,33,000,00,2,1,01,B01
200700070431,0,07,000,00,2,2,15,A01
200700070431,0,33,000,00,2,1,02,B01
200700070432,0,07,000,00,2,8,11,A01
200700070432,0,05,000,00,2,1,01,B01
200700070433,0,07,000,00,1,2,15,A01
200700070434,0,07,000,00,2,2,15,A01
200700070434,0,02,000,00,2,1,01,B01
200700070435,0,07,000,00,2,2,01,A01
200700070435,0,01,000,00,0,0,00,B01
200700070436,0,33,000,00,2,1,01,B01
200700070436,0,07,000,00,0,3,19,A01
200700070437,0,30,000,00,1,1,01,A01
200700070438,0,07,000,06,0,1,16,A01
200700070439,0,32,000,00,2,1,17,A01
200700070439,0,07,000,00,2,6,15,B01
200700070440,0,30,000,00,2,1,01,B01
200700070440,0,07,000,00,2,1,15,A01
200700070441,0,33,000,00,2,1,01,B01
200700070441,0,10,000,00,2,2,15,A01
200700070442,0,07,000,00,2,1,02,A01
200700070442,0,07,000,00,1,4,23,B01
200700070443,0,07,000,16,0,9,01,A01
200700070444,0,07,000,00,1,2,01,A01
200700070445,0,02,000,00,2,1,01,A01
200700070445,0,07,000,00,2,1,15,B01
200700070446,0,07,000,00,1,1,01,A01
200700070447,0,01,000,00,2,0,01,A01
200700070447,0,07,000,00,2,1,01,B01
200700070448,0,10,000,00,2,1,01,A01
200700070448,0,37,001,00,2,4,01,B01
200700070449,0,02,000,00,1,1,17,A01
200700070450,0,07,000,00,2,8,10,A01
200700070450,0,02,000,00,2,1,01,B01
200700070451,0,01,000,00,2,6,16,A01
200700070451,0,07,000,00,2,1,01,B01
200700070452,0,02,000,00,2,1,01,A01
200700070452,0,07,000,00,2,4,01,B01
200700070453,0,33,000,14,0,7,01,A01
200700070454,0,07,000,00,2,8,09,A01
200700070454,0,02,000,01,2,7,01,B01
200700070455,0,07,000,00,2,5,15,A01
200700070455,0,02,000,00,2,1,01,B01
200700070456,0,07,000,00,2,8,01,A01
200700070456,0,37,023,00,2,1,01,B01
200700070457,0,07,000,00,2,1,01,A01
200700070457,0,07,000,00,2,1,01,B01
200700070457,0,07,000,00,2,3,23,C01
200700070458,0,07,000,00,2,1,01,A01
200700070458,0,07,000,06,2,8,01,B01
200700070459,0,07,000,00,2,6,19,A01
200700070459,0,02,000,00,2,1,02,B01
200700070459,0,02,000,00,2,1,02,C01
200700070460,0,07,000,00,2,1,15,A01
200700070460,0,02,000,00,2,1,01,B01
200700070461,0,07,000,00,2,1,01,A01
200700070461,0,07,000,00,2,4,01,B01
200700070462,0,30,000,00,2,1,01,A01
200700070462,0,07,000,00,2,4,01,B01
200700070463,0,07,000,01,0,1,01,A01
200700070464,0,07,000,00,1,1,01,A01
200700070465,0,07,000,00,2,6,01,A01
200700070465,0,02,000,00,2,1,01,B01
200700070466,0,02,000,00,2,3,01,A01
200700070466,0,07,000,00,2,8,15,B01
200700070467,0,07,000,00,2,2,15,A01
200700070467,0,07,000,00,2,1,01,B01
200700070468,0,02,000,14,0,0,19,A01
200700070469,0,07,000,00,2,1,10,A01
200700070469,0,02,000,00,2,1,01,B01
200700070470,0,07,000,00,1,1,01,A01
200700070471,0,07,000,00,1,2,01,A01
200700070472,0,33,000,03,0,3,13,A01
200700070473,0,07,000,00,2,2,02,A01
200700070473,0,02,000,00,2,8,15,B01
200700070474,0,07,000,00,2,1,01,A01
200700070474,0,01,000,00,2,4,01,B01
200700070475,0,03,000,00,1,1,01,A01
200700070476,0,07,000,13,2,7,14,A01
200700070477,0,07,000,00,2,1,01,A01
200700070477,0,01,000,00,2,7,01,B01
200700070478,0,07,000,00,2,8,09,A01
200700070478,0,02,000,00,2,7,01,B01
200700070479,0,33,000,00,2,2,17,A01
200700070479,0,07,000,00,2,8,02,B01
200700070480,0,07,000,00,2,4,02,A01
200700070480,0,07,000,00,2,4,02,B01
200700070481,0,07,000,00,5,9,21,A01
200700070482,1,07,000,00,2,2,16,A01
200700070482,0,07,000,00,2,8,16,B01
200700070483,0,31,000,00,2,1,01,A01
200700070483,0,07,000,00,2,4,15,B01
200700070484,0,07,000,00,2,1,02,A01
200700070484,0,07,000,00,2,4,15,B01
200700070485,0,07,000,02,0,1,02,A01
200700070486,0,30,000,00,1,8,01,A01
200700070487,0,07,000,16,0,8,02,A01
200700070488,0,07,000,00,1,1,09,A01
200700070489,0,07,000,00,2,3,01,B01
200700070489,0,30,000,00,2,1,13,A01
200700070490,0,07,000,00,2,1,02,A01
200700070490,0,07,000,00,2,4,02,B01
200700070491,0,07,000,13,0,1,14,A01
200700070492,0,07,000,00,2,7,19,A01
200700070492,0,15,000,00,2,8,15,B01
200700070493,0,07,000,00,2,7,17,A01
200700070493,0,01,000,00,2,8,01,B01
200700070494,0,07,000,00,2,1,15,A01
200700070494,0,02,000,00,2,1,01,B01
200700070495,0,30,000,00,2,1,00,A01
200700070495,0,07,000,00,2,1,01,B01
200700070496,0,33,000,13,0,1,01,A01
200700070497,0,07,000,00,2,1,01,A01
200700070497,0,07,000,00,2,4,02,B01
200700070498,0,07,000,01,2,3,00,B01
200700070498,0,07,000,00,2,3,00,A01
200700070499,0,07,000,01,2,4,24,C01
200700070499,1,07,000,01,2,1,01,A01
200700070499,0,07,000,01,2,8,09,B01
200700070500,0,07,000,00,1,1,01,A01
200700070501,0,07,000,00,1,1,14,A01
200700070502,0,01,000,00,2,1,01,B01
200700070502,0,07,000,00,9,2,01,A01
200700070503,0,07,000,00,2,8,21,B01
200700070503,0,07,000,00,2,0,13,A01
200700070503,0,14,000,00,2,2,01,C01
200700070504,0,31,000,15,0,0,01,A01
200700070505,0,07,000,06,0,1,14,A01
200700070506,0,02,000,00,2,1,15,B01
200700070506,0,02,000,00,2,1,01,A01
200700070507,0,07,000,00,1,1,16,A01
200700070508,0,07,000,00,1,3,00,A01
200700070509,0,07,000,00,2,2,10,A01
200700070509,0,33,000,00,2,1,01,B01
200700070510,0,07,000,00,2,1,15,A01
200700070510,0,32,000,00,2,6,01,B01
200700070511,0,07,000,00,1,2,01,A01
200700070512,0,10,000,00,0,1,05,A01
200700070512,0,07,000,00,0,1,00,B01
200700070513,0,31,000,00,2,0,02,A01
200700070513,0,31,000,00,2,0,02,B01
200700070514,0,07,000,00,1,4,15,A01
200700070515,0,30,000,00,2,1,01,B01
200700070515,0,07,000,00,2,6,09,A01
200700070516,0,07,000,00,2,2,10,A01
200700070516,0,33,000,00,2,1,01,B01
200700070517,0,07,000,00,1,1,12,A01
200700070518,0,07,000,00,2,6,11,A01
200700070518,0,30,000,00,2,8,02,B01
200700070519,0,99,000,00,2,2,15,A01
200700070519,0,07,000,00,2,3,01,B01
200700070520,0,32,000,00,0,2,01,A01
200700070520,0,07,000,00,0,3,01,B01
200700070521,0,34,000,00,2,2,00,B01
200700070521,0,07,000,00,2,5,09,A01
200700070522,0,07,000,00,2,1,01,B01
200700070522,0,07,000,00,0,1,01,A01
200700070523,0,07,000,06,0,1,13,A01
200700070524,0,10,000,00,2,1,15,A01
200700070524,0,33,000,00,2,9,01,B01
200700070525,0,07,000,00,0,0,16,A01
200700070525,0,37,026,00,0,0,01,B01
200700070526,0,07,000,00,2,2,15,A01
200700070526,0,01,000,00,2,1,01,B01
200700070527,0,07,000,00,2,2,20,A01
200700070527,0,32,000,00,2,1,01,B01
200700070528,0,07,000,00,2,3,13,A01
200700070528,0,33,000,00,2,3,01,B01
200700070529,0,07,000,00,2,3,17,A01
200700070529,0,34,000,00,2,2,17,B01
200700070530,0,07,000,00,2,2,15,A01
200700070530,0,33,000,00,2,1,01,B01
200700070531,0,30,000,00,2,7,17,A01
200700070531,0,07,000,00,2,3,15,B01
200700070532,0,33,000,00,2,1,01,B01
200700070532,0,07,000,00,2,3,15,A01
200700070533,0,07,000,13,0,1,01,A01
200700070534,0,07,000,15,2,1,01,B01
200700070534,0,07,000,00,2,2,05,A01
200700070535,0,07,000,00,2,6,01,A01
200700070535,0,07,000,00,2,2,01,B01
200700070536,0,07,000,00,2,3,13,A01
200700070536,0,07,000,00,2,8,21,B01
200700070536,0,07,000,00,2,8,01,C01
200700070537,0,07,000,00,2,1,00,A01
200700070537,0,07,000,00,0,4,02,B01
200700070538,0,02,000,00,9,1,01,A01
200700070538,0,01,000,00,2,1,01,B01
200700070539,0,07,000,00,2,1,13,A01
200700070539,0,07,000,00,2,1,01,B01
200700070540,0,07,000,00,9,5,02,A01
200700070541,0,07,000,00,2,2,17,A01
200700070541,0,07,000,00,0,3,15,B01
200700070542,1,07,000,00,0,0,00,A01
200700070543,0,30,000,00,2,4,01,A01
200700070543,1,07,000,00,2,0,02,B01
200700070544,0,02,000,00,2,0,01,A01
200700070545,0,07,000,01,2,1,14,A01
200700070545,0,37,001,00,0,4,24,B01
200700070546,0,31,000,00,2,1,16,A01
200700070546,0,07,000,00,2,6,01,B01
200700070547,0,07,000,00,1,1,01,A01
200700070548,0,07,000,00,2,4,01,A01
200700070548,0,10,000,00,2,1,01,B01
200700070548,0,07,000,00,2,1,01,C01
200700070549,0,10,000,00,2,1,01,A01
200700070549,0,07,000,00,0,4,23,B01
200700070549,0,10,000,00,0,4,23,C01
200700070550,0,10,000,00,2,1,02,A01
200700070550,0,07,000,00,2,4,02,B01
200700070550,0,07,000,00,2,4,02,C01
200700070551,0,07,000,00,2,1,02,A01
200700070551,0,07,000,00,0,4,02,B01
200700070552,0,07,000,00,1,8,01,A01
200700070553,0,10,000,00,2,7,16,A01
200700070553,0,02,000,00,2,1,01,B01
200700070554,0,07,000,00,1,1,01,A01
200700070555,0,07,000,00,1,1,00,A01
200700070556,0,07,000,09,0,1,13,A01
200700070557,0,07,000,00,2,3,15,A01
200700070557,0,02,000,00,2,1,01,B01
200700070558,1,07,000,00,2,1,02,A01
200700070558,0,07,000,00,2,4,23,B01
200700070558,0,07,000,00,2,4,01,C01
200700070559,0,07,000,00,2,2,02,A01
200700070559,0,07,000,00,2,4,02,B01
200700070560,0,07,000,00,2,1,09,A01
200700070560,0,01,000,00,2,5,01,B01
200700070561,0,07,000,00,2,1,01,A01
200700070561,0,07,000,00,2,4,23,B01
200700070561,0,07,000,00,2,4,23,C01
200700070562,0,07,000,06,0,1,01,A01
200700070563,0,07,000,08,0,1,01,A01
200700070563,0,07,000,08,0,1,01,B01
200700070563,0,07,000,08,0,1,01,C01
200700070564,0,07,000,00,2,7,19,A01
200700070564,0,07,000,00,2,1,19,B01
200700070565,0,07,000,00,2,1,13,A01
200700070565,0,07,000,00,2,1,01,B01
200700070565,0,07,000,00,2,1,01,C01
200700070566,0,07,000,00,2,1,15,A01
200700070566,0,07,000,00,2,1,01,B01
200700070567,0,07,000,00,2,1,17,A01
200700070567,0,07,000,00,2,1,01,B01
200700070568,0,07,000,00,2,8,01,B01
200700070568,0,07,000,00,2,1,01,C01
200700070568,0,07,000,00,2,1,19,A01
200700070569,0,07,000,00,2,1,11,A01
200700070569,0,07,000,00,2,1,01,B01
200700070570,0,07,000,00,0,3,09,A01
200700070570,0,07,000,00,1,1,01,B01
200700070571,0,07,000,00,0,7,15,A01
200700070571,0,02,000,00,2,2,15,B01
200700070572,0,05,000,00,2,1,02,A01
200700070572,0,07,000,00,2,2,16,B01
200700070573,0,07,000,01,0,2,02,A01
200700070573,0,07,000,00,2,6,23,B01
200700070574,0,17,000,00,2,5,17,A01
200700070574,0,30,000,00,2,8,02,B01
200700070575,0,32,000,00,0,1,02,A01
200700070576,0,10,000,00,1,3,01,A01
200700070576,0,38,001,00,0,0,23,B01
200700070577,0,07,000,00,2,2,01,A01
200700070577,0,01,000,00,2,8,15,B01
200700070578,0,07,000,00,2,3,01,A01
200700070578,0,07,000,00,2,2,01,B01
200700070579,0,02,000,00,2,1,01,A01
200700070579,0,07,000,00,2,3,15,B01
200700070580,0,07,000,00,2,5,04,A01
200700070580,0,02,000,00,2,1,01,B01
200700070581,0,07,000,00,2,1,01,B01
200700070581,0,07,000,00,2,2,09,A01
200700070582,0,02,000,00,2,4,02,A01
200700070582,0,10,000,00,2,1,02,B01
200700070583,0,07,000,00,2,1,02,A01
200700070583,0,07,000,00,2,4,02,B01
200700070584,0,07,000,13,0,1,14,A01
200700070585,0,07,000,00,2,2,15,A01
200700070585,0,30,000,00,2,1,01,B01
200700070586,0,07,000,00,1,1,01,A01
200700070587,0,07,000,00,2,1,02,A01
200700070587,0,10,000,00,2,4,02,B01
200700070588,0,07,000,00,1,2,01,A01
200700070589,0,07,000,02,0,1,13,A01
200700070590,0,07,000,00,2,1,01,A01
200700070590,0,07,000,00,2,4,02,B01
200700070591,0,07,000,00,2,1,01,A01
200700070591,0,07,000,00,2,8,01,B01
200700070592,0,07,000,00,1,1,01,A01
200700070593,0,01,000,00,2,0,02,A01
200700070593,0,07,000,00,2,0,02,B01
200700070594,0,07,000,00,2,8,15,A01
200700070594,0,33,000,00,2,1,01,B01
200700070595,0,07,000,00,2,1,02,C01
200700070595,0,07,000,00,2,4,02,B01
200700070595,0,07,000,00,2,4,02,A01
200700070596,0,30,000,00,0,8,01,A01
200700070597,0,15,000,00,0,0,01,A01
200700070598,0,07,000,00,2,1,15,A01
200700070598,0,02,000,00,2,1,01,B01
200700070599,0,07,000,00,2,1,02,A01
200700070599,0,14,000,00,2,4,23,B01
200700070600,0,30,000,00,0,0,01,A01
200700070600,0,07,000,00,0,5,01,B01
200700070601,0,07,000,00,2,1,01,A01
200700070601,0,07,000,00,2,1,01,B01
200700070602,0,07,000,00,2,1,02,A01
200700070602,0,07,000,00,2,4,00,B01
200700070603,0,02,000,00,2,1,01,B01
200700070603,0,07,000,00,2,7,15,A01
200700070604,0,33,000,15,0,8,02,A01
200700070605,0,07,000,00,2,1,09,A01
200700070605,0,07,000,00,2,1,01,B01
200700070606,0,30,000,00,0,8,02,A01
200700070607,0,30,000,00,0,0,01,A01
200700070608,0,07,000,00,2,9,01,A01
200700070609,0,07,000,00,2,2,09,A01
200700070609,0,31,000,00,2,7,01,B01
200700070610,0,07,000,00,2,3,02,B01
200700070610,0,07,000,00,2,3,13,A01
200700070611,0,30,000,00,2,3,15,A01
200700070611,1,10,000,00,2,0,17,B01
200700070612,0,07,000,00,2,1,02,A01
200700070612,0,07,000,00,2,1,02,B01
200700070612,0,07,000,00,2,4,01,C01
200700070613,0,07,000,00,2,1,01,A01
200700070613,0,07,000,00,2,9,01,B01
200700070613,0,07,000,00,0,0,01,C01
200700070614,0,10,000,00,2,1,02,A01
200700070614,0,07,000,00,2,7,02,B01
200700070615,0,07,000,00,2,7,17,A01
200700070615,0,33,000,00,2,8,01,B01
200700070616,0,37,001,00,1,2,01,A01
200700070617,0,10,000,00,2,7,10,A01
200700070617,0,02,000,00,2,1,02,B01
200700070618,0,30,000,00,2,1,15,A01
200700070618,0,07,000,00,2,2,02,B01
200700070619,0,07,000,01,0,4,04,A01
200700070619,0,30,000,00,2,0,04,B01
200700070620,0,07,000,00,2,8,11,A01
200700070620,0,07,000,00,2,1,21,B01
200700070621,0,07,000,00,2,1,02,A01
200700070621,0,10,000,00,2,4,01,B01
200700070622,0,10,000,00,1,1,01,A01
200700070623,0,07,000,00,1,2,15,A01
200700070624,0,07,000,00,1,2,01,A01
200700070625,0,07,000,01,0,1,16,A01
200700070626,0,07,000,02,0,1,01,A01
200700070627,0,07,000,13,0,3,02,A01
200700070628,0,07,000,00,2,3,00,A01
200700070628,0,07,000,00,2,7,01,B01
200700070629,0,07,000,00,2,1,02,A01
200700070629,0,07,000,00,2,4,01,B01
200700070630,0,07,000,00,2,0,15,A01
200700070630,0,33,000,00,2,7,02,B01
200700070631,0,07,000,00,2,3,09,A01
200700070631,0,30,000,00,2,8,01,B01
200700070632,0,07,000,02,2,9,01,A01
200700070633,0,07,000,03,0,1,00,A01
200700070634,0,30,000,13,0,7,02,A01
200700070635,0,07,000,00,2,1,02,A01
200700070635,0,07,000,00,2,4,01,B01
200700070636,0,07,000,00,2,3,16,A01
200700070636,0,07,000,00,2,2,01,B01
200700070637,0,07,000,00,1,2,01,A01
200700070638,0,07,000,00,1,3,02,A01
200700070639,0,07,000,00,2,2,15,A01
200700070639,0,02,000,00,2,1,02,B01
200700070640,0,07,000,00,1,1,00,A01
200700070641,0,07,000,00,1,1,00,A01
200700070642,0,07,000,00,2,1,02,A01
200700070642,0,07,000,00,0,4,23,B01
200700070642,0,07,000,00,0,4,23,C01
200700070643,0,07,000,00,2,1,05,A01
200700070643,0,07,000,00,2,1,02,B01
200700070644,0,02,000,00,1,1,01,A01
200700070645,0,07,000,00,0,9,01,A01
200700070646,0,07,000,00,1,2,01,A01
200700070647,1,07,000,00,1,1,01,A01
200700070648,0,07,000,00,1,2,00,A01
200700070649,0,07,000,00,1,2,16,A01
200700070650,0,07,000,00,1,6,01,A01
200700070651,0,07,000,00,2,8,21,B01
200700070651,0,07,000,00,2,1,01,C01
200700070651,0,07,000,00,2,1,13,A01
200700070652,0,15,000,00,2,2,12,A01
200700070652,0,07,000,00,2,6,01,B01
200700070652,0,07,000,03,2,1,01,C01
200700070653,0,07,000,00,2,1,01,B01
200700070653,0,07,000,00,2,3,01,A01
200700070654,0,07,000,00,1,4,04,A01
200700070655,0,30,000,00,2,1,01,A01
200700070655,0,10,000,00,2,3,01,B01
200700070656,0,02,000,00,2,1,00,A01
200700070656,0,07,000,00,2,2,01,B01
200700070657,0,07,000,00,2,3,00,A01
200700070657,0,02,000,00,2,1,00,B01
200700070658,0,07,000,00,1,8,01,A01
200700070659,0,02,000,00,2,1,01,B01
200700070659,0,07,000,00,2,3,19,A01
200700070660,0,02,000,00,2,1,01,A01
200700070660,0,07,000,00,2,4,23,B01
200700070661,0,10,000,00,9,8,22,A01
200700070661,0,01,000,01,0,1,01,B01
200700070662,0,02,000,08,0,1,02,A01
200700070663,0,10,000,00,1,2,15,A01
200700070664,0,07,000,00,0,3,13,A01
200700070664,0,07,000,00,0,3,01,B01
200700070665,0,30,000,00,0,0,02,A01
200700070666,0,13,000,00,2,5,01,A01
200700070666,0,13,000,00,2,1,01,B01
200700070667,0,37,010,00,2,7,01,A01
200700070667,0,10,000,00,2,3,16,B01
200700070668,0,07,000,00,1,4,04,A01
200700070669,0,07,000,00,9,2,15,A01
200700070669,0,01,000,00,2,1,01,B01
200700070670,0,07,000,00,2,1,00,A01
200700070670,0,07,000,00,2,4,00,B01
200700070671,0,01,000,00,1,0,00,A01
200700070672,0,07,000,00,1,1,01,A01
200700070673,0,10,000,00,9,2,09,A01
200700070673,0,01,000,00,2,7,19,B01
200700070674,0,01,000,00,1,7,01,A01
200700070675,0,07,000,00,2,1,02,A01
200700070675,0,30,000,00,2,4,02,B01
200700070676,0,07,000,00,2,2,01,A01
200700070676,0,30,000,00,2,1,01,B01
200700070677,0,07,000,00,2,1,01,B01
200700070677,0,07,000,08,2,3,01,A01
200700070678,0,01,000,00,2,1,01,B01
200700070678,0,07,000,00,2,2,15,A01
200700070679,0,07,000,00,2,8,15,A01
200700070679,0,30,000,00,2,1,17,B01
200700070680,0,17,000,00,2,2,12,A01
200700070680,0,07,000,00,2,8,01,B01
200700070681,0,07,000,00,1,1,01,A01
200700070682,0,07,000,00,2,1,02,A01
200700070682,0,07,000,00,2,4,23,B01
200700070683,0,07,000,00,2,4,23,A01
200700070683,0,07,000,00,2,1,02,B01
200700070684,0,33,000,00,1,1,01,A01
200700070685,0,07,000,00,1,1,01,A01
200700070686,0,02,000,00,1,1,01,A01
200700070687,0,07,000,00,2,1,02,A01
200700070687,0,07,000,00,2,4,23,B01
200700070688,0,07,000,00,1,1,01,A01
200700070689,0,07,000,02,6,1,01,A01
200700070690,0,07,000,00,1,1,01,A01
200700070691,0,07,000,00,2,1,15,A01
200700070691,0,07,000,00,2,0,01,B01
200700070692,0,07,000,00,1,1,01,A01
200700070693,0,33,000,00,2,1,01,A01
200700070693,0,07,000,00,2,7,15,B01
200700070694,0,07,000,00,2,3,15,A01
200700070694,0,33,000,00,2,9,13,B01
200700070695,0,07,000,00,1,1,01,A01
200700070696,0,07,000,00,2,1,01,B01
200700070696,0,07,000,00,2,4,01,C01
200700070696,0,07,000,06,2,1,01,A01
200700070697,0,07,000,00,2,1,02,A01
200700070697,0,07,000,00,2,1,02,B01
200700070698,0,32,000,00,2,7,00,A01
200700070698,0,07,000,00,2,8,00,B01
200700070699,0,32,000,00,2,1,18,A01
200700070699,0,07,000,00,2,7,14,B01
200700070700,0,13,000,00,0,8,00,A01
200700070701,0,07,000,00,1,1,15,A01
200700070702,0,07,000,00,2,1,02,A01
200700070702,0,07,000,00,2,4,02,B01
200700070703,0,07,000,08,0,1,01,A01
200700070704,0,07,000,16,0,9,01,A01
200700070705,0,07,000,00,1,7,01,A01
200700070706,0,07,000,00,2,1,02,A01
200700070706,0,07,000,00,2,4,02,B01
200700070707,0,07,000,00,1,1,01,A01
200700070708,0,07,000,00,2,1,01,A01
200700070708,0,07,000,00,2,4,20,B01
200700070709,0,07,000,00,2,1,02,A01
200700070709,0,07,000,00,2,4,02,B01
200700070710,0,07,000,00,2,4,02,B01
200700070710,0,07,000,00,2,1,02,A01
200700070711,0,07,000,00,9,1,00,A01
200700070711,0,01,000,00,0,7,00,B01
200700070712,0,07,000,00,1,8,01,A01
200700070713,0,30,000,00,0,1,01,A01
200700070713,0,07,000,00,0,3,00,B01
200700070714,0,10,000,09,0,1,01,A01
200700070715,0,07,000,00,2,1,13,A01
200700070715,0,07,000,00,2,1,01,B01
200700070716,0,07,000,00,2,6,22,A01
200700070716,0,30,000,01,0,1,01,B01
200700070717,0,07,000,00,2,2,01,A01
200700070717,0,07,000,00,0,6,23,B01
200700070718,0,07,000,00,2,2,01,A01
200700070718,0,07,000,00,2,8,15,B01
200700070719,0,07,000,00,2,2,17,A01
200700070719,0,32,000,00,2,8,15,B01
200700070720,0,31,000,00,2,1,02,A01
200700070720,0,07,000,00,2,4,02,B01
200700070721,0,07,000,00,2,1,02,A01
200700070721,0,10,000,00,2,4,02,B01
200700070722,0,07,000,00,2,1,02,A01
200700070722,0,07,000,00,2,4,02,B01
200700070723,0,07,000,00,1,2,01,A01
200700070724,0,02,000,00,2,7,01,B01
200700070724,0,07,000,00,2,1,01,A01
200700070725,0,07,000,01,1,1,01,A01
200700070726,0,07,000,00,2,8,15,A01
200700070726,0,02,000,00,2,1,01,B01
200700070727,0,07,000,00,2,1,02,A01
200700070727,0,07,000,00,2,4,23,B01
200700070728,0,07,000,04,0,1,01,A01
200700070729,0,07,000,00,2,4,13,A01
200700070729,0,02,000,00,2,1,13,B01
200700070730,0,10,000,00,1,4,04,A01
200700070731,0,31,000,00,2,1,15,A01
200700070731,0,07,000,00,2,3,15,B01
200700070732,0,07,000,00,1,1,01,A01
200700070733,0,10,000,00,2,3,15,A01
200700070733,0,02,000,00,2,1,01,B01
200700070734,0,07,000,00,2,1,01,B01
200700070734,0,07,000,00,2,2,01,A01
200700070735,0,02,000,00,2,1,01,A01
200700070735,0,07,000,00,2,3,01,B01
200700070736,0,02,000,00,2,1,01,B01
200700070736,0,07,000,00,2,3,00,A01
200700070737,0,07,000,00,2,7,15,A01
200700070737,0,02,000,00,2,1,01,B01
200700070738,0,07,000,00,2,3,02,A01
200700070738,0,07,000,00,2,6,15,B01
200700070739,0,33,000,00,2,0,16,A01
200700070739,0,14,000,00,2,3,16,B01
200700070740,0,31,000,00,2,1,01,A01
200700070740,0,07,000,00,2,3,15,B01
200700070741,0,10,000,00,2,8,20,A01
200700070741,0,10,000,00,2,7,01,B01
200700070742,0,30,000,00,2,3,00,A01
200700070742,0,10,000,00,2,2,15,B01
200700070743,0,07,000,00,2,8,16,A01
200700070743,0,32,000,00,2,7,01,B01
200700070744,0,07,000,00,2,4,02,B01
200700070744,0,07,000,00,2,1,02,A01
200700070745,0,31,000,00,2,1,01,A01
200700070745,0,07,000,00,2,5,02,B01
200700070746,1,07,000,00,2,1,01,A01
200700070746,0,01,000,00,2,4,01,B01
200700070747,0,32,000,00,1,1,00,A01
200700070748,0,07,000,00,1,1,01,A01
200700070749,0,07,000,00,1,1,00,A01
200700070750,0,07,000,01,2,2,01,A01
200700070750,0,01,000,00,2,4,11,B01
200700070751,0,07,000,00,1,1,00,A01
200700070752,0,07,000,00,1,7,24,A01
200700070753,0,02,000,00,1,7,01,A01
200700070754,0,07,000,00,2,8,15,A01
200700070754,0,20,000,00,2,2,17,B01
200700070755,0,07,000,00,1,2,01,A01
200700070756,0,32,000,00,2,1,01,A01
200700070756,0,07,000,00,2,3,16,B01
200700070757,0,07,000,00,2,8,07,A01
200700070757,0,32,000,00,2,1,00,B01
200700070758,0,07,000,00,2,6,23,B01
200700070758,0,30,000,00,2,1,01,A01
200700070759,0,02,000,06,0,1,01,A01
200700070760,0,07,000,00,1,3,15,A01
200700070761,0,30,000,00,2,1,00,A01
200700070761,0,07,000,00,2,4,23,B01
200700070762,0,07,000,00,2,1,00,A01
200700070762,0,32,000,00,2,1,00,B01
200700070763,0,07,000,00,2,3,22,A01
200700070763,0,01,000,01,0,1,01,B01
200700070764,0,07,000,00,0,1,01,C01
200700070764,0,07,000,00,0,2,01,B01
200700070764,0,07,000,00,0,3,09,A01
200700070765,0,07,000,00,0,1,01,A01
200700070765,0,30,000,00,0,1,01,B01
200700070766,0,10,000,00,0,1,02,A01
200700070766,0,10,000,00,0,4,01,B01
200700070767,0,10,000,00,1,1,01,A01
200700070768,0,07,000,00,0,3,15,A01
200700070768,0,32,000,00,0,1,17,B01
200700070769,0,07,000,00,0,2,01,A01
200700070770,0,07,000,00,2,3,15,A01
200700070770,0,31,000,00,2,5,01,B01
200700070771,0,07,000,00,2,2,01,B01
200700070771,0,30,000,00,2,1,01,A01
200700070772,0,30,000,00,0,3,01,B01
200700070772,0,07,000,00,0,5,16,A01
200700070773,0,07,000,00,0,5,23,B01
200700070773,0,07,000,00,0,1,01,A01
200700070774,0,33,000,00,0,2,10,A01
200700070774,0,33,000,00,2,3,01,B01
200700070775,0,13,000,00,2,8,00,A01
200700070775,0,31,000,00,2,8,00,B01
200700070776,0,10,000,00,1,4,04,A01
200700070777,0,33,000,00,2,7,02,A01
200700070777,0,32,000,00,2,1,01,B01
200700070778,0,07,000,00,2,2,00,A01