Num_Acc,senc,catv,occutc,obs,obsm,choc,manv,num_veh
200700070778,0,30,000,00,2,8,00,B01
200700070779,0,07,000,00,1,1,02,A01
200700070780,0,02,000,00,2,1,01,A01
200700070780,0,10,000,00,2,8,00,B01
200700070781,1,07,000,00,1,0,00,A01
200700070782,0,07,000,00,1,1,00,A01
200700070783,0,07,000,00,1,1,15,A01
200700070784,0,07,000,00,0,1,01,A01
200700070784,0,07,000,00,2,4,01,B01
200700070785,0,33,000,00,0,1,01,A01
200700070786,0,33,000,00,2,1,01,A01
200700070786,0,07,000,00,2,1,01,B01
200700070786,0,10,000,00,2,4,01,C01
200700070787,0,07,000,00,1,1,14,A01
200700070788,0,33,000,00,2,1,02,A01
200700070788,0,07,000,00,2,7,02,B01
200700070788,0,07,000,00,2,3,02,C01
200700070789,0,07,000,00,2,8,01,A01
200700070789,0,34,000,00,2,7,01,B01
200700070790,0,07,000,00,2,2,16,B01
200700070790,0,30,000,00,2,8,18,A01
200700070791,0,07,000,01,1,9,01,A01
200700070791,0,01,000,00,2,1,01,B01
200700070792,0,07,000,00,0,2,01,B01
200700070792,0,02,000,00,0,1,01,A01
200700070793,0,02,000,00,2,7,02,B01
200700070793,0,07,000,00,0,3,10,A01
200700070794,0,31,000,00,0,0,01,A01
200700070795,0,07,000,00,2,3,01,A01
200700070796,0,02,000,00,1,1,01,A01
200700070797,0,33,000,00,2,1,01,A01
200700070797,0,07,000,00,0,2,15,B01
200700070798,0,07,000,02,0,3,05,A01
200700070798,0,07,000,00,0,3,01,B01
200700070799,0,30,000,00,2,1,01,A01
200700070799,0,07,000,00,2,4,24,B01
200700070800,0,07,000,00,2,1,02,A01
200700070800,0,07,000,00,2,4,02,B01
200700070800,0,07,000,00,2,4,02,C01
200700070801,0,30,000,00,2,1,01,A01
200700070801,0,07,000,00,2,3,01,B01
200700070802,0,07,000,09,2,3,01,A01
200700070803,0,30,000,00,2,8,18,A01
200700070803,0,07,000,00,2,2,19,B01
200700070804,0,33,000,00,0,0,21,A01
200700070804,0,07,000,00,0,0,20,B01
200700070805,0,07,000,00,0,3,01,A01
200700070805,0,07,000,00,0,3,00,B01
200700070806,0,07,000,00,1,1,01,A01
200700070807,0,07,000,00,2,1,01,A01
200700070807,0,07,000,00,2,7,15,B01
200700070808,0,33,000,00,2,1,17,A01
200700070808,0,07,000,00,2,2,15,B01
200700070809,0,07,000,00,2,2,11,A01
200700070809,0,07,000,00,2,6,01,B01
200700070810,0,07,000,00,2,8,21,A01
200700070810,0,31,000,00,2,7,01,B01
200700070811,0,07,000,00,1,1,15,A01
200700070812,0,07,000,00,1,2,01,A01
200700070813,0,32,000,00,1,1,01,A01
200700070814,1,07,000,00,2,3,21,A01
200700070814,0,07,000,00,2,3,01,B01
200700070814,0,31,000,00,2,2,01,C01
200700070815,0,34,000,00,2,3,16,B01
200700070815,0,07,000,00,2,2,15,A01
200700070816,2,07,000,00,2,1,01,A01
200700070816,0,07,000,01,2,7,15,B01
200700070817,0,33,000,00,1,1,01,A01
200700070818,0,31,000,00,1,0,01,A01
200700070819,0,30,000,00,1,1,01,A01
200700070820,0,07,000,00,2,3,01,A01
200700070820,0,33,000,00,2,2,16,B01
200700070821,0,07,000,00,1,4,20,A01
200700070822,0,07,000,00,1,3,15,A01
200700070823,0,07,000,00,1,1,01,A01
200700070824,0,03,000,00,1,1,07,A01
200700070825,0,01,000,00,2,0,02,B01
200700070825,0,07,000,00,9,3,02,A01
200700070826,0,10,000,00,9,3,05,A01
200700070826,0,32,000,00,2,1,02,B01
200700070827,0,07,000,00,1,2,02,A01
200700070828,0,07,000,00,9,3,15,A01
200700070828,0,32,000,00,2,5,17,B01
200700070829,0,07,000,00,1,3,02,A01
200700070830,0,07,000,00,2,1,15,A01
200700070830,0,31,000,00,2,1,01,B01
200700070831,0,07,000,00,1,1,01,A01
200700070832,0,31,000,00,2,4,01,A01
200700070832,0,07,000,00,2,3,01,B01
200700070833,0,37,001,00,1,3,09,A01
200700070834,0,33,000,00,0,0,15,A01
200700070835,0,07,000,00,2,5,15,A01
200700070835,0,31,000,00,2,0,01,B01
200700070836,0,01,000,00,2,1,01,A01
200700070836,0,30,000,00,2,1,01,B01
200700070837,0,07,000,00,1,5,16,A01
200700070838,0,33,000,00,2,2,01,A01
200700070838,0,07,000,00,2,7,16,B01
200700070839,0,07,000,00,2,3,09,A01
200700070839,0,33,000,00,2,1,01,B01
200700070840,0,07,000,00,1,7,01,A01
200700070841,0,32,000,00,2,1,01,B01
200700070841,0,07,000,00,2,2,01,A01
200700070842,0,07,000,00,2,2,15,A01
200700070842,0,31,000,00,2,1,01,B01
200700070843,0,07,000,00,2,1,15,A01
200700070843,0,30,000,00,2,1,01,B01
200700070844,0,07,000,00,2,7,15,A01
200700070844,0,31,000,00,2,1,01,B01
200700070845,0,07,000,00,2,2,15,A01
200700070845,0,30,000,00,2,8,01,B01
200700070846,0,01,000,00,2,1,19,B01
200700070846,0,07,000,00,2,3,01,A01
200700070847,0,07,000,00,1,2,01,A01
200700070848,0,31,000,00,2,1,01,B01
200700070848,0,07,000,00,2,7,01,A01
200700070849,0,30,000,00,2,3,18,A01
200700070849,0,10,000,00,2,7,20,B01
200700070850,0,10,000,00,2,3,13,A01
200700070850,0,07,000,00,2,3,01,B01
200700070851,0,33,000,00,2,1,00,B01
200700070851,0,07,000,00,2,3,11,A01
200700070852,0,07,000,00,2,4,01,A01
200700070852,0,33,000,00,2,1,02,B01
200700070853,0,07,000,00,1,2,01,A01
200700070854,1,10,000,00,1,0,02,A01
200700070855,0,01,000,00,0,0,00,A01
200700070855,0,30,000,00,1,1,01,B01
200700070856,0,07,000,00,0,4,02,B01
200700070856,0,07,000,00,2,1,01,A01
200700070857,0,03,000,00,1,4,02,B01
200700070857,0,10,000,00,2,1,02,A01
200700070858,0,02,000,00,2,7,01,B01
200700070858,0,07,000,00,2,3,01,A01
200700070859,0,32,000,00,2,1,00,B01
200700070859,0,07,000,00,2,3,11,A01
200700070860,0,33,000,00,2,3,01,B01
200700070860,0,07,000,00,2,7,15,A01
200700070861,0,30,000,00,2,1,15,B01
200700070861,0,32,000,00,2,1,02,A01
200700070862,0,32,000,00,2,6,09,B01
200700070862,0,07,000,00,2,2,01,A01
200700070863,0,07,000,00,1,1,01,A01
200700070864,0,07,000,00,2,1,05,A01
200700070864,0,07,000,00,2,1,01,B01
200700070865,0,07,000,06,0,1,16,A01
200700070866,0,31,000,00,0,0,01,B01
200700070866,0,07,000,00,0,3,15,A01
200700070867,0,02,000,00,0,6,18,A01
200700070867,0,10,000,00,0,2,16,B01
200700070868,0,07,000,00,0,0,15,A01
200700070869,1,30,000,00,0,0,19,A01
200700070869,0,07,000,00,2,2,01,B01
200700070870,0,07,000,00,0,1,01,B01
200700070870,0,07,000,00,0,2,15,A01
200700070871,0,07,000,00,0,0,01,A01
200700070872,0,32,000,00,0,0,01,B01
200700070872,0,07,000,00,0,1,09,A01
200700070873,0,07,000,00,0,1,15,A01
200700070873,0,31,000,00,0,8,01,B01
200700070874,0,32,000,00,0,0,01,A01
200700070875,0,31,000,00,0,0,15,A01
200700070875,0,31,000,00,0,0,01,B01
200700070876,0,02,000,00,0,1,01,A01
200700070876,0,07,000,00,0,5,01,B01
200700070877,0,07,000,00,0,3,20,A01
200700070877,0,30,000,00,0,3,01,B01
200700070878,0,07,000,00,0,1,01,A01
200700070879,0,07,000,00,0,1,01,A01
200700070879,0,33,000,00,0,4,23,B01
200700070880,0,33,000,00,0,0,01,B01
200700070880,0,07,000,00,0,3,15,A01
200700070881,0,10,000,00,0,3,01,A01
200700070881,0,10,000,00,0,0,15,B01
200700070882,0,10,000,00,0,7,16,A01
200700070882,0,33,000,00,0,0,01,B01
200700070883,0,07,000,00,0,0,00,A01
200700070883,0,30,000,00,0,0,01,B01
200700070884,0,30,000,14,0,7,01,A01
200700070885,0,33,000,00,1,1,01,A01
200700070886,0,34,000,00,2,2,01,A01
200700070886,1,07,000,00,2,0,16,B01
200700070887,0,07,000,00,1,1,01,A01
200700070888,0,30,000,01,0,8,18,A01
200700070888,0,07,000,00,2,7,24,B01
200700070889,0,07,000,00,2,4,01,A01
200700070889,0,30,000,00,2,1,01,B01
200700070890,0,07,000,00,2,2,01,A01
200700070890,0,07,000,00,2,6,01,B01
200700070891,0,07,000,00,9,1,00,A01
200700070891,0,01,000,00,2,1,01,B01
200700070892,0,07,000,00,2,7,12,A01
200700070892,0,33,000,00,2,8,01,B01
200700070893,0,07,000,00,1,8,15,A01
200700070894,0,30,000,00,1,8,01,A01
200700070895,0,30,000,15,0,1,01,A01
200700070896,0,07,000,00,2,1,01,A01
200700070896,0,07,000,00,2,4,01,B01
200700070897,0,33,000,00,2,1,01,A01
200700070897,1,07,000,00,2,8,00,B01
200700070898,0,07,000,00,1,1,01,A01
200700070899,0,33,000,00,1,1,01,A01
200700070900,0,07,000,00,2,5,16,A01
200700070900,0,33,000,00,2,1,01,B01
200700070901,0,02,000,00,2,1,02,A01
200700070901,0,07,000,00,2,4,23,B01
200700070902,0,07,000,00,2,1,02,A01
200700070902,0,07,000,00,2,4,02,B01
200700070903,0,07,000,00,2,3,15,A01
200700070903,0,01,000,00,2,6,01,B01
200700070904,0,07,000,00,2,3,00,A01
200700070904,0,34,000,00,2,9,01,B01
200700070905,0,32,000,07,2,3,17,A01
200700070905,0,07,000,00,2,6,01,B01
200700070906,0,07,000,00,2,1,10,A01
200700070906,0,07,000,00,2,1,01,B01
200700070907,0,14,000,00,2,1,01,A01
200700070907,0,30,000,00,2,4,00,B01
200700070908,0,07,000,00,2,1,00,A01
200700070908,0,31,000,00,2,0,00,B01
200700070909,0,34,000,00,2,7,00,A01
200700070909,0,32,000,00,2,8,00,B01
200700070910,0,02,000,00,2,9,13,A01
200700070910,0,07,000,00,2,1,01,B01
200700070911,0,33,000,12,0,3,01,A01
200700070911,1,07,000,00,2,1,12,B01
200700070912,0,30,000,00,0,8,01,A01
200700070913,0,07,000,00,2,2,02,A01
200700070913,0,34,000,00,2,4,02,B01
200700070914,0,30,000,00,2,1,01,B01
200700070914,0,07,000,00,2,2,01,A01
200700070915,0,07,000,00,2,4,11,A01
200700070915,0,34,000,00,2,1,01,B01
200700070916,0,10,000,00,1,4,04,A01
200700070917,0,33,000,00,2,8,01,A01
200700070917,0,13,000,00,2,7,01,B01
200700070918,0,02,000,00,0,8,01,A01
200700070919,0,07,000,00,2,1,02,A01
200700070919,0,07,000,00,2,4,02,B01
200700070920,0,02,000,00,2,1,02,A01
200700070920,0,07,000,00,2,4,00,B01
200700070921,0,01,000,00,2,4,00,B01
200700070921,1,02,000,00,2,1,01,A01
200700070922,1,07,000,00,1,1,04,A01
200700070923,0,07,000,00,1,2,15,A01
200700070924,0,02,000,00,2,1,17,A01
200700070924,0,07,000,00,2,3,15,B01
200700070925,0,30,000,00,2,1,02,A01
200700070925,0,10,000,00,2,5,02,B01
200700070926,0,07,000,00,2,3,15,A01
200700070926,0,33,000,00,2,1,17,B01
200700070927,0,07,000,00,1,4,04,A01
200700070928,0,33,000,01,2,1,21,A01
200700070928,0,07,000,00,2,5,15,B01
200700070929,0,07,000,00,2,1,02,A01
200700070929,0,01,000,00,2,3,02,B01
200700070930,1,31,000,00,1,1,17,A01
200700070931,0,02,000,00,0,0,00,A01
200700070932,0,07,000,00,2,8,10,A01
200700070932,0,32,000,00,2,1,01,B01
200700070933,0,07,000,00,1,1,01,A01
200700070934,0,07,000,00,1,1,01,A01
200700070935,0,02,000,00,0,2,01,A01
200700070936,0,02,000,00,2,1,02,A01
200700070936,0,07,000,00,2,8,15,B01
200700070937,0,07,000,00,2,6,11,A01
200700070937,0,31,000,00,2,1,02,B01
200700070938,0,02,000,00,2,7,17,A01
200700070938,0,37,010,00,2,8,01,B01
200700070939,0,07,000,00,1,1,01,A01
200700070940,0,01,000,00,2,1,02,A01
200700070940,0,07,000,00,2,5,02,B01
200700070941,0,02,000,00,2,1,01,A01
200700070941,0,07,000,00,2,3,15,B01
200700070942,0,10,000,00,2,1,01,A01
200700070942,0,07,000,00,2,4,23,B01
200700070942,0,10,000,00,0,4,23,C01
200700070943,0,03,000,00,2,7,02,A01
200700070943,0,32,000,01,2,8,02,B01
200700070944,0,07,000,00,2,3,10,A01
200700070944,0,33,000,00,2,2,01,B01
200700070945,0,07,000,02,0,0,01,A01
200700070946,0,07,000,09,0,1,00,A01
200700070947,0,02,000,00,2,1,12,A01
200700070947,0,07,000,00,2,5,02,B01
200700070948,0,07,000,00,2,2,15,A01
200700070948,0,32,000,00,2,1,01,B01
200700070949,0,10,000,15,2,3,01,A01
200700070949,0,07,000,00,2,8,01,B01
200700070950,0,07,000,00,1,4,04,A01
200700070951,0,31,000,00,2,0,01,A01
200700070951,1,07,000,00,2,0,17,B01
200700070952,0,07,000,00,2,5,15,A01
200700070952,0,33,000,00,2,1,01,B01
200700070953,0,10,000,00,1,5,04,A01
200700070954,0,37,001,00,1,1,15,A01
200700070955,0,07,000,00,2,3,15,A01
200700070955,0,32,000,00,2,1,00,B01
200700070956,0,07,000,04,0,1,01,A01
200700070957,0,01,000,00,0,1,00,A01
200700070958,0,02,000,12,0,1,01,A01
200700070959,0,07,000,00,1,3,01,A01
200700070960,0,07,000,00,0,4,02,B01
200700070960,0,37,016,00,2,1,02,A01
200700070961,0,33,000,00,2,8,01,B01
200700070961,0,07,000,00,2,1,01,A01
200700070962,1,07,000,00,0,1,01,A01
200700070963,0,34,000,00,0,2,15,A01
200700070964,0,07,000,00,1,8,00,A01
200700070965,0,07,000,00,0,4,02,C01
200700070965,0,07,000,00,2,0,02,B01
200700070965,0,10,000,00,2,1,02,A01
200700070966,0,30,000,00,0,1,01,B01
200700070966,0,07,000,00,2,2,15,A01
200700070967,0,07,000,00,0,4,00,B01
200700070967,0,99,000,00,0,1,00,A01
200700070968,1,07,000,00,0,0,00,A01
200700070968,0,33,000,00,0,4,01,B01
200700070969,0,07,000,00,1,2,00,A01
200700070970,0,07,000,15,0,6,02,B01
200700070970,0,07,000,00,2,1,00,A01
200700070971,0,07,000,00,2,3,15,B01
200700070971,0,31,000,00,2,2,17,A01
200700070972,0,30,000,01,2,1,17,A01
200700070972,0,07,000,00,2,2,15,B01
200700070973,0,34,000,01,0,1,01,A01
200700070974,0,14,000,00,2,3,01,B01
200700070974,0,07,000,00,2,3,05,A01
200700070975,0,02,000,00,2,8,01,B01
200700070975,1,07,000,00,2,1,01,A01
200700070976,0,07,000,00,1,3,01,A01
200700070977,0,99,000,00,1,3,01,A01
200700070978,0,07,000,00,0,0,16,A01
200700070979,0,01,000,00,2,7,00,B01
200700070979,0,07,000,00,2,1,00,A01
200700070980,0,20,000,00,2,2,01,A01
200700070980,0,07,000,00,0,3,01,B01
200700070981,1,07,000,00,2,5,10,A01
200700070981,0,30,000,00,2,8,19,B01
200700070982,1,07,000,00,1,2,00,A01
200700070983,0,07,000,00,2,1,02,A01
200700070983,0,07,000,00,0,4,02,B01
200700070984,0,10,000,00,2,1,01,A01
200700070984,0,17,000,00,2,6,20,B01
200700070985,0,30,000,01,0,1,09,A01
200700070985,0,07,000,00,0,1,00,B01
200700070986,0,07,000,00,1,2,01,A01
200700070987,0,07,000,09,0,3,00,A01
200700070988,0,30,000,00,2,3,09,A01
200700070988,0,07,000,00,2,2,01,B01
200700070989,0,07,000,00,2,0,02,A01
200700070989,0,07,000,00,2,1,02,B01
200700070990,0,10,000,14,0,1,01,A01
200700070991,0,33,000,01,0,2,00,A01
200700070992,0,07,000,00,1,2,01,A01
200700070993,0,07,000,00,2,1,01,A01
200700070993,0,33,000,00,2,3,01,B01
200700070994,0,07,000,00,1,1,00,A01
200700070995,0,07,000,00,1,2,20,A01
200700070996,0,07,000,00,2,7,02,A01
200700070996,0,02,000,00,2,1,00,B01
200700070997,0,30,000,01,0,1,17,A01
200700070998,0,37,010,00,2,7,02,B01
200700070998,0,07,000,08,2,1,09,A01
200700070999,0,07,000,01,0,1,01,A01
200700071000,0,07,000,00,0,5,10,A01
200700071000,0,33,000,14,0,6,21,B01
200700071001,0,07,000,00,2,1,02,A01
200700071001,0,07,000,00,2,4,02,B01
200700071001,0,07,000,00,2,4,02,C01
200700071001,0,07,000,00,2,4,02,D01
200700071002,1,02,000,00,0,0,00,A01
200700071003,0,07,000,00,1,1,10,A01
200700071004,0,07,000,00,0,8,00,A01
200700071004,0,30,000,00,2,3,00,B01
200700071005,0,07,000,00,2,7,01,B01
200700071005,0,13,000,00,2,6,01,C01
200700071005,0,07,000,00,2,3,01,D01
200700071006,0,07,000,00,9,6,00,B01
200700071006,0,32,000,04,2,6,00,A01
200700071007,0,07,000,00,2,3,00,A01
200700071007,0,07,000,00,2,8,00,B01
200700071008,0,99,000,00,1,0,01,A01
200700071009,0,02,000,00,2,8,01,B01
200700071010,0,07,000,00,2,3,01,B01
200700071010,0,07,000,00,0,3,03,A01
200700071011,0,30,000,00,0,4,10,B01
200700071011,1,07,000,00,2,0,00,A01
200700071012,1,07,000,00,2,4,00,A01
200700071012,0,07,000,00,2,4,02,B01
200700071013,0,07,000,00,0,1,01,A01
200700071013,0,07,000,00,0,5,01,B01
200700071014,0,07,000,00,2,2,01,A01
200700071014,0,07,000,00,2,3,00,B01
200700071015,0,30,000,00,0,0,19,A01
200700071015,0,07,000,00,2,3,09,B01
200700071016,0,02,000,00,2,1,00,A01
200700071016,0,07,000,00,0,0,02,B01
200700071017,0,07,000,00,0,7,01,A01
200700071018,0,07,000,00,1,1,02,A01
200700071019,0,17,000,00,2,5,16,A01
200700071019,0,07,000,03,2,3,16,B01
200700071020,0,07,000,00,1,4,04,A01
200700071021,0,07,000,00,0,3,09,A01
200700071021,0,32,000,00,0,1,13,B01
200700071022,0,07,000,00,1,2,00,A01
200700071023,0,33,000,00,2,2,02,A01
200700071023,0,07,000,00,2,8,15,B01
200700071024,2,07,000,00,0,0,00,A01
200700071024,0,07,000,00,0,0,02,B01
200700071024,0,14,000,00,0,0,02,C01
200700071025,0,07,000,00,0,2,01,A01
200700071026,1,07,000,01,2,4,01,A01
200700071026,0,07,000,00,0,4,01,B01
200700071027,0,31,000,00,2,8,03,A01
200700071027,0,07,000,00,2,6,02,B01
200700071027,0,07,000,00,2,7,02,C01
200700071028,0,07,000,00,2,1,01,B01
200700071028,0,07,000,00,2,1,01,A01
200700071029,0,07,000,00,2,8,13,A01
200700071029,0,07,000,00,2,3,21,B01
200700071030,0,07,000,00,2,1,15,A01
200700071030,0,07,000,00,2,2,01,B01
200700071031,0,07,000,00,1,3,11,A01
200700071032,0,07,000,00,0,8,01,B01
200700071032,0,07,000,00,2,2,01,A01
200700071033,0,07,000,00,2,8,11,A01
200700071033,0,32,000,00,2,7,01,B01
200700071034,0,03,000,12,0,8,21,A01
200700071035,0,07,000,00,2,1,01,B01
200700071035,0,10,000,00,2,7,01,A01
200700071036,0,07,000,00,2,1,00,B01
200700071036,1,07,000,00,2,0,00,A01
200700071037,0,07,000,00,2,7,19,A01
200700071037,0,30,000,00,2,1,01,B01
200700071038,0,07,000,00,1,4,04,A01
200700071039,0,30,000,00,1,2,00,A01
200700071040,0,33,000,00,0,0,00,A01
200700071041,0,07,000,00,1,3,09,A01
200700071042,0,07,000,00,2,2,09,A01
200700071042,0,01,000,00,2,1,09,B01
200700071043,0,07,000,00,0,3,02,A01
200700071044,0,07,000,01,0,0,22,A01
200700071044,0,01,000,01,0,1,22,B01
200700071045,0,30,000,00,0,2,17,A01
200700071045,0,07,000,00,0,0,15,B01
200700071046,0,07,000,00,2,7,16,A01
200700071046,0,30,000,00,2,8,01,B01
200700071047,0,07,000,00,2,1,01,A01
200700071047,0,31,000,00,2,8,10,B01
200700071048,0,07,000,00,0,0,00,A01
200700071048,0,30,000,00,0,0,00,B01
200700071049,0,07,000,00,0,2,00,A01
200700071050,0,07,000,00,1,1,00,A01
200700071051,0,07,000,00,2,8,23,A01
200700071051,0,32,000,00,2,7,17,B01
200700071052,0,07,000,00,1,3,09,A01
200700071053,0,07,000,15,1,1,01,A01
200700071054,0,02,000,00,2,8,01,B01
200700071054,0,07,000,00,2,3,15,A01
200700071055,0,02,000,00,1,1,01,A01
200700071056,0,02,000,00,2,1,18,A01
200700071056,0,07,000,00,0,0,23,C01
200700071056,0,07,000,00,2,8,15,B01
200700071057,0,33,000,00,0,2,14,A01
200700071057,0,17,000,00,0,8,13,B01
200700071058,1,15,000,00,2,0,14,A01
200700071058,0,07,000,00,2,3,01,B01
200700071059,0,07,000,00,1,7,01,A01
200700071060,0,07,000,00,2,1,09,A01
200700071060,0,07,000,00,1,7,01,B01
200700071061,0,07,000,00,2,1,02,A01
200700071061,0,07,000,00,2,4,02,B01
200700071062,0,07,000,00,1,2,01,A01
200700071063,0,07,000,00,2,2,01,B01
200700071063,0,31,000,00,0,3,11,A01
200700071064,0,07,000,00,2,2,20,A01
200700071064,0,07,000,00,2,3,01,B01
200700071065,0,07,000,00,9,1,01,A01
200700071065,0,01,000,00,2,8,19,B01
200700071066,0,07,000,00,0,7,01,A01
200700071066,0,33,000,00,0,1,01,B01
200700071067,0,02,000,00,2,3,02,A01
200700071067,0,03,000,00,2,3,02,B01
200700071068,0,30,000,00,1,7,17,A01
200700071069,0,37,002,00,2,3,01,B01
200700071069,0,07,000,00,2,8,10,A01
200700071070,2,10,000,00,2,3,00,A01
200700071070,0,07,000,01,2,3,00,B01
200700071071,0,07,000,00,1,6,02,A01
200700071072,1,07,000,00,2,4,04,B01
200700071072,0,32,000,00,2,8,00,A01
200700071073,0,01,000,00,0,0,00,A01
200700071073,0,07,000,00,2,7,22,B01
200700071074,0,07,000,00,1,1,01,A01
200700071075,0,07,000,00,0,0,20,A01
200700071075,0,30,000,00,2,0,21,B01
200700071075,0,10,000,00,0,8,24,C01
200700071076,0,07,000,00,0,5,12,A01
200700071076,0,33,000,00,2,3,01,B01
200700071077,0,10,000,00,0,2,13,A01
200700071077,0,34,000,00,2,1,13,B01
200700071078,0,07,000,00,2,2,15,A01
200700071078,0,33,000,00,2,1,01,B01
200700071079,0,07,000,00,2,1,01,A01
200700071079,0,07,000,00,0,8,01,B01
200700071080,0,30,000,00,0,1,00,A01
200700071080,0,30,000,00,2,1,00,B01
200700071081,0,07,000,00,2,3,15,B01
200700071081,0,30,000,00,2,1,00,A01
200700071082,0,33,000,01,2,1,17,A01
200700071082,0,10,000,00,0,6,15,B01
200700071083,0,07,000,00,0,1,01,A01
200700071083,0,07,000,00,0,8,01,B01
200700071084,0,10,000,00,2,2,02,A01
200700071084,0,07,000,00,0,6,02,B01
200700071085,0,07,000,00,2,6,11,A01
200700071085,0,32,000,00,2,1,15,B01
200700071086,0,07,000,00,2,1,00,B01
200700071086,0,07,000,00,2,7,00,A01
200700071087,0,07,000,00,0,8,00,B01
200700071087,0,01,000,00,0,1,00,A01
200700071088,0,07,000,00,0,3,15,A01
200700071088,0,07,000,00,2,1,01,B01
200700071089,0,33,000,00,0,2,01,A01
200700071089,0,07,000,00,0,1,01,B01
200700071090,0,07,000,00,1,2,16,A01
200700071090,0,01,000,00,2,3,19,B01
200700071091,0,07,000,00,2,8,15,B01
200700071091,0,30,000,06,2,1,21,A01
200700071092,0,07,000,00,2,1,00,B01
200700071092,0,07,000,00,2,8,00,A01
200700071093,0,07,000,00,9,1,00,B01
200700071093,0,01,000,00,2,0,00,A01
200700071094,0,30,000,00,2,2,00,A01
200700071094,0,07,000,00,0,0,00,B01
200700071095,0,07,000,00,2,7,15,A01
200700071095,0,02,000,00,2,1,02,B01
200700071096,0,07,000,00,2,7,00,A01
200700071096,0,37,003,00,2,1,02,B01
200700071097,0,37,001,00,1,1,20,A01
200700071098,0,07,000,00,2,3,15,A01
200700071098,0,02,000,00,2,1,01,B01
200700071099,0,20,000,00,0,2,01,A01
200700071099,0,07,000,00,2,2,01,B01
200700071100,0,33,000,00,2,2,01,A01
200700071100,0,37,001,00,2,3,01,B01
200700071101,0,30,000,00,2,3,05,A01
200700071101,0,07,000,00,2,3,00,B01
200700071101,0,07,000,00,2,3,00,C01
200700071102,1,99,000,00,0,0,00,C01
200700071102,0,07,000,00,0,6,00,A01
200700071102,0,33,000,00,9,0,00,B01
200700071103,0,07,000,00,2,3,09,A01
200700071103,0,07,000,01,2,2,01,B01
200700071104,1,07,000,00,1,5,01,A01
200700071105,0,07,000,00,2,3,01,A01
200700071105,0,07,000,00,2,4,01,B01
200700071106,1,10,000,00,2,0,00,A01
200700071106,0,30,000,00,2,9,00,B01
200700071107,0,07,000,00,1,3,01,A01
200700071108,0,01,000,00,0,0,00,A01
200700071109,0,33,000,00,2,1,17,A01
200700071109,0,07,000,00,2,6,15,B01
200700071110,0,07,000,00,2,2,17,A01
200700071110,0,07,000,00,2,6,11,B01
200700071111,0,07,000,00,2,4,23,A01
200700071111,0,34,000,00,2,1,02,B01
200700071112,0,07,000,00,2,1,09,A01
200700071112,0,34,000,00,2,8,01,B01
200700071113,0,07,000,00,2,2,15,A01
200700071113,0,30,000,00,2,1,01,B01
200700071114,0,10,000,00,2,1,01,A01
200700071114,0,07,000,00,2,6,15,B01
200700071115,0,31,000,00,1,2,00,A01
200700071116,0,07,000,00,4,6,10,A01
200700071116,0,40,000,00,2,1,02,B01
200700071117,0,07,000,00,0,4,00,A01
200700071117,0,30,000,00,2,1,02,B01
200700071118,0,07,000,04,0,1,09,A01
200700071119,0,07,000,00,2,2,02,A01
200700071119,0,07,000,00,2,2,13,B01
200700071120,0,07,000,00,1,2,00,A01
200700071121,0,07,000,00,2,7,01,A01
200700071121,0,07,000,00,2,1,01,B01
200700071122,0,37,000,00,2,3,00,A01
200700071122,0,30,000,00,2,6,00,B01
200700071123,0,07,000,00,2,0,01,C01
200700071123,0,07,000,00,2,4,01,B01
200700071123,1,07,000,00,0,0,00,A01
200700071124,0,07,000,00,1,1,00,A01
200700071125,0,07,000,00,0,9,00,A01
200700071126,0,34,000,00,1,1,00,A01
200700071127,0,07,000,00,0,2,00,A01
200700071127,0,07,000,00,0,4,01,B01
200700071128,0,07,000,00,0,5,02,B01
200700071128,0,07,000,00,0,3,02,A01
200700071129,0,07,000,14,0,1,01,A01
200700071130,0,01,000,00,2,1,00,A01
200700071130,0,07,000,00,9,1,00,B01
200700071131,0,37,001,00,1,2,03,A01
200700071132,0,07,000,00,2,5,01,B01
200700071132,0,32,000,00,2,1,02,A01
200700071133,0,07,000,00,1,2,02,A01
200700071134,0,07,000,00,2,1,01,B01
200700071134,0,07,000,00,9,2,01,A01
200700071135,0,30,000,00,2,1,02,B01
200700071135,0,07,000,00,2,6,09,A01
200700071136,0,07,000,00,2,3,15,B01
200700071136,0,34,000,00,2,1,05,A01
200700071137,0,10,000,00,2,8,24,C01
200700071137,0,30,000,01,0,7,03,A01
200700071137,0,07,000,00,9,2,01,B01
200700071138,0,07,000,00,0,1,19,B01
200700071138,0,07,000,00,0,8,09,A01
200700071139,0,07,000,00,1,0,00,A01
200700071140,0,07,000,00,2,6,00,C01
200700071140,0,99,000,00,0,5,00,B01
200700071140,2,07,000,00,0,1,00,A01
200700071141,1,99,000,00,1,8,19,A01
200700071142,0,07,000,00,1,1,01,A01
200700071143,0,17,000,09,0,6,24,A01
200700071143,0,33,000,00,0,3,17,B01
200700071144,0,07,000,00,0,3,15,A01
200700071144,0,01,000,00,0,1,02,B01
200700071145,0,07,000,00,2,1,02,A01
200700071145,0,07,000,00,0,4,02,B01
200700071146,0,34,000,00,2,1,11,A01
200700071146,0,07,000,00,2,2,14,B01
200700071147,0,33,000,00,0,2,01,B01
200700071147,0,07,000,00,0,0,01,A01
200700071148,0,07,000,00,2,2,15,A01