Num_Acc,senc,catv,occutc,obs,obsm,choc,manv,num_veh
200700071148,0,31,000,00,2,1,01,B01
200700071149,0,07,000,11,0,1,03,A01
200700071150,0,10,000,00,2,2,15,A01
200700071150,0,07,000,00,2,1,02,B01
200700071151,0,07,000,08,0,1,01,A01
200700071152,0,07,000,00,0,8,10,A01
200700071152,0,38,061,00,0,1,02,B01
200700071153,0,33,000,00,0,8,16,A01
200700071154,0,07,000,00,1,0,01,A01
200700071155,0,10,000,00,2,5,18,A01
200700071155,0,37,003,00,2,2,15,B01
200700071156,0,33,000,00,2,2,02,A01
200700071156,0,07,000,00,2,5,02,B01
200700071157,0,07,000,00,1,1,00,A01
200700071158,0,07,000,00,2,7,02,B01
200700071158,0,07,000,00,2,1,00,A01
200700071159,0,02,000,00,2,1,01,A01
200700071159,0,07,000,00,2,8,15,B01
200700071160,0,07,000,00,2,7,15,A01
200700071160,0,33,000,01,2,7,01,B01
200700071161,0,10,000,11,2,2,15,A01
200700071161,0,07,000,00,2,2,01,B01
200700071162,0,07,000,00,2,1,15,A01
200700071162,0,33,000,00,0,1,05,B01
200700071163,0,37,002,00,1,3,01,A01
200700071164,0,07,000,00,1,3,01,A01
200700071165,0,07,000,00,2,1,02,A01
200700071165,0,07,000,00,2,8,02,B01
200700071166,0,07,000,00,1,1,16,A01
200700071167,0,07,000,00,2,3,00,B01
200700071167,0,02,000,01,2,0,00,A01
200700071168,0,07,000,00,2,2,16,A01
200700071168,0,33,000,00,2,8,02,B01
200700071169,0,07,000,00,1,1,02,A01
200700071170,1,30,000,00,1,0,00,A01
200700071171,0,07,000,03,0,1,00,A01
200700071172,0,02,000,00,1,8,01,A01
200700071173,0,02,000,14,0,1,02,A01
200700071173,1,07,000,00,9,4,02,B01
200700071174,0,01,000,00,1,1,00,A01
200700071175,1,07,000,00,1,0,01,A01
200700071176,0,07,000,00,2,1,01,A01
200700071176,0,07,000,00,2,8,15,B01
200700071177,0,07,000,00,2,6,19,A01
200700071177,0,31,000,00,2,1,01,B01
200700071178,0,07,000,14,1,1,02,A01
200700071179,0,07,000,00,1,2,01,A01
200700071180,0,07,000,00,1,1,15,A01
200700071181,0,07,000,00,1,1,02,A01
200700071182,0,07,000,00,2,7,05,A01
200700071182,0,07,000,00,2,1,01,B01
200700071183,0,07,000,00,2,1,15,A01
200700071183,0,02,000,00,2,1,01,B01
200700071184,0,07,000,00,1,2,01,A01
200700071185,0,10,000,00,2,1,02,A01
200700071185,0,07,000,00,2,4,02,B01
200700071185,0,07,000,00,0,4,02,C01
200700071186,0,31,000,00,2,1,01,A01
200700071186,0,10,000,00,2,8,15,B01
200700071187,0,07,000,06,0,1,01,A01
200700071188,0,07,000,00,0,3,10,A01
200700071188,0,30,000,00,2,1,00,B01
200700071189,0,07,000,00,1,3,15,A01
200700071190,0,01,000,00,2,1,00,A01
200700071190,0,07,000,00,2,1,00,B01
200700071191,0,30,000,00,2,1,02,A01
200700071191,0,10,000,00,0,4,02,B01
200700071192,0,07,000,00,2,1,00,A01
200700071192,0,07,000,00,2,3,00,B01
200700071193,0,10,000,00,1,0,01,A01
200700071194,0,07,000,00,2,2,01,B01
200700071194,0,01,000,00,2,1,15,A01
200700071195,0,07,000,00,2,1,05,A01
200700071195,0,07,000,00,2,3,15,B01
200700071196,0,07,000,00,1,2,01,A01
200700071197,0,10,000,00,2,1,01,A01
200700071197,0,10,000,00,2,4,01,B01
200700071197,0,07,000,00,2,4,01,C01
200700071198,0,34,000,00,2,1,01,B01
200700071198,0,07,000,00,2,3,10,A01
200700071199,0,01,000,00,2,1,19,B01
200700071199,0,07,000,00,2,3,02,A01
200700071200,0,07,000,00,2,8,22,A01
200700071200,0,33,000,00,2,1,02,B01
200700071201,0,01,000,00,2,1,15,A01
200700071201,0,37,001,00,9,2,17,B01
200700071202,0,07,000,00,2,1,02,A01
200700071202,0,07,000,00,2,1,02,B01
200700071203,1,07,000,00,1,1,02,A01
200700071204,0,07,000,00,2,2,00,A01
200700071204,0,07,000,00,2,1,00,B01
200700071205,0,07,000,00,1,0,00,A01
200700071206,0,30,000,00,0,0,00,A01
200700071206,0,07,000,00,0,3,00,B01
200700071207,0,07,000,00,2,1,00,A01
200700071207,0,07,000,00,2,8,00,B01
200700071208,0,07,000,00,0,4,02,A01
200700071208,0,07,000,00,2,1,02,B01
200700071209,0,07,000,00,1,3,00,A01
200700071210,0,14,000,00,2,1,01,A01
200700071210,0,07,000,00,2,4,01,B01
200700071211,0,07,000,00,9,2,01,B01
200700071211,0,99,000,00,2,1,01,A01
200700071212,0,07,000,00,0,4,01,B01
200700071212,0,07,000,00,2,1,02,A01
200700071213,0,07,000,01,0,1,02,A01
200700071214,0,32,000,00,2,4,02,A01
200700071214,0,07,000,00,2,4,02,B01
200700071215,0,07,000,00,2,2,01,A01
200700071215,0,37,002,00,2,2,11,B01
200700071216,0,07,000,00,0,0,00,A01
200700071216,0,33,000,00,0,0,00,B01
200700071217,0,07,000,00,2,1,02,A01
200700071217,0,07,000,00,2,4,02,B01
200700071218,0,33,000,00,0,3,01,A01
200700071219,0,02,000,00,1,1,11,A01
200700071220,0,07,000,00,2,1,02,A01
200700071220,0,07,000,00,0,4,02,B01
200700071221,0,31,000,00,2,1,11,A01
200700071221,0,07,000,00,2,3,01,B01
200700071222,0,07,000,00,2,2,14,A01
200700071222,0,07,000,00,2,3,01,B01
200700071223,0,32,000,00,0,8,01,A01
200700071224,0,33,000,00,0,3,21,A01
200700071225,0,07,000,00,2,3,17,A01
200700071225,0,32,000,00,2,1,01,B01
200700071225,0,07,000,00,2,3,01,C01
200700071226,0,02,000,00,2,1,01,A01
200700071226,0,07,000,00,2,3,01,B01
200700071227,0,07,000,00,1,1,01,A01
200700071228,0,07,000,00,2,1,02,A01
200700071228,0,07,000,00,2,4,02,B01
200700071229,0,07,000,00,1,4,15,A01
200700071230,0,07,000,00,0,1,00,A01
200700071230,0,07,000,00,0,3,00,B01
200700071231,0,02,000,00,2,1,00,A01
200700071231,0,07,000,00,2,2,00,B01
200700071232,0,07,000,00,2,1,00,A01
200700071233,0,07,000,00,2,1,00,A01
200700071233,0,07,000,00,2,4,00,B01
200700071234,0,07,000,00,1,0,00,A01
200700071235,0,05,000,14,2,1,00,A01
200700071235,0,07,000,00,2,4,00,B01
200700071236,0,07,000,00,2,1,02,A01
200700071236,0,07,000,00,2,1,02,B01
200700071236,0,07,000,00,0,4,02,C01
200700071237,0,07,000,00,0,0,00,A01
200700071238,0,07,000,00,2,2,15,A01
200700071238,0,31,000,00,2,1,01,B01
200700071239,0,31,000,00,2,2,03,A01
200700071239,0,07,000,00,2,6,01,B01
200700071240,0,07,000,00,2,1,15,A01
200700071240,0,01,000,00,2,1,01,B01
200700071241,0,07,000,00,2,1,01,A01
200700071241,0,02,000,00,2,4,15,B01
200700071242,0,32,000,00,2,1,02,A01
200700071242,0,07,000,00,2,4,02,B01
200700071243,0,07,000,01,0,1,00,A01
200700071244,0,99,000,00,1,2,16,A01
200700071245,0,07,000,00,2,1,15,A01
200700071245,0,33,000,00,2,1,01,B01
200700071246,0,30,000,00,2,1,01,A01
200700071246,0,07,000,00,2,1,15,B01
200700071247,0,07,000,00,9,3,01,A01
200700071247,0,01,000,00,2,1,19,B01
200700071248,1,30,000,00,1,0,00,A01
200700071249,0,07,000,00,2,2,15,A01
200700071249,0,31,000,00,2,1,01,B01
200700071250,0,07,000,00,2,1,15,A01
200700071250,0,07,000,00,2,3,02,B01
200700071251,0,07,000,00,2,6,20,A01
200700071251,0,32,000,00,2,7,01,B01
200700071252,0,10,000,00,2,1,02,A01
200700071252,0,07,000,00,2,4,02,B01
200700071253,0,07,000,00,2,1,01,A01
200700071253,0,07,000,00,2,4,02,B01
200700071253,0,07,000,00,2,4,02,C01
200700071253,0,07,000,00,2,4,02,D01
200700071254,1,07,000,00,2,0,15,A01
200700071254,0,31,000,00,2,3,01,B01
200700071255,0,07,000,00,2,4,00,A01
200700071255,0,07,000,00,2,4,02,C01
200700071255,0,07,000,00,2,4,01,B01
200700071256,0,07,000,00,2,8,10,A01
200700071256,0,33,000,00,2,1,01,B01
200700071257,0,32,000,00,2,3,01,A01
200700071257,0,07,000,00,2,3,01,B01
200700071258,0,07,000,00,0,4,01,A01
200700071258,0,07,000,00,2,1,01,B01
200700071258,0,07,000,00,2,1,01,C01
200700071259,0,07,000,14,0,9,00,A01
200700071260,0,07,000,00,2,7,17,A01
200700071260,0,07,000,00,2,3,11,B01
200700071261,0,02,000,00,2,2,19,B01
200700071261,1,99,000,00,2,1,01,A01
200700071262,0,30,000,00,2,1,01,A01
200700071262,1,10,000,00,2,1,05,B01
200700071263,0,32,000,00,2,1,01,B01
200700071263,0,07,000,00,2,2,15,A01
200700071264,0,07,000,00,2,2,13,A01
200700071264,0,34,000,00,2,2,01,B01
200700071265,0,07,000,00,2,2,15,A01
200700071265,0,07,000,00,0,3,01,B01
200700071265,0,07,000,00,0,3,01,C01
200700071266,0,10,000,00,2,7,14,A01
200700071266,0,34,000,00,2,8,02,B01
200700071266,0,01,000,00,2,8,02,C01
200700071267,0,07,000,00,2,2,15,A01
200700071267,0,32,000,00,2,1,01,B01
200700071268,0,07,000,00,1,3,01,A01
200700071269,0,07,000,00,0,2,00,A01
200700071269,0,07,000,00,0,3,00,B01
200700071270,0,01,000,00,2,3,00,B01
200700071270,0,07,000,00,9,0,00,A01
200700071271,0,32,000,00,2,1,01,B01
200700071271,0,07,000,00,2,2,01,A01
200700071272,0,30,000,00,2,4,00,B01
200700071272,1,07,000,00,2,1,01,A01
200700071273,1,07,000,15,9,0,00,A01
200700071274,0,07,000,00,2,1,19,A01
200700071274,0,07,000,00,2,7,19,B01
200700071275,0,14,000,00,1,6,20,A01
200700071276,0,07,000,00,2,3,15,A01
200700071276,0,01,000,00,0,7,01,B01
200700071277,0,07,000,00,2,1,02,A01
200700071277,0,07,000,00,2,3,16,B01
200700071278,0,07,000,00,1,1,01,A01
200700071279,0,07,000,00,2,1,02,A01
200700071279,0,07,000,00,2,4,23,C01
200700071279,0,07,000,00,2,4,23,B01
200700071280,0,07,000,00,1,3,01,A01
200700071281,0,07,000,00,2,1,02,A01
200700071281,0,07,000,00,2,4,02,B01
200700071282,0,07,000,00,2,3,10,A01
200700071282,0,32,000,00,2,1,17,B01
200700071283,0,07,000,00,2,2,11,A01
200700071283,0,07,000,00,2,1,01,B01
200700071283,0,07,000,00,2,6,01,C01
200700071283,0,07,000,00,2,3,02,D01
200700071283,0,07,000,00,0,4,02,E01
200700071284,0,30,000,12,2,1,01,A01
200700071284,0,07,000,00,2,2,15,B01
200700071285,0,10,000,00,9,2,15,A01
200700071285,0,31,000,00,2,1,19,B01
200700071286,0,02,000,00,2,1,01,A01
200700071286,0,07,000,00,2,3,09,B01
200700071287,0,33,000,00,2,7,00,A01
200700071287,1,07,000,00,2,0,00,B01
200700071288,0,07,000,00,2,0,02,A01
200700071288,0,31,000,00,2,0,03,B01
200700071289,0,07,000,00,0,4,02,B01
200700071289,0,07,000,00,0,1,02,A01
200700071290,0,14,000,00,2,2,01,B01
200700071290,0,07,000,00,2,3,00,A01
200700071291,0,07,000,00,1,1,19,A01
200700071292,0,07,000,00,2,1,15,A01
200700071292,0,02,000,00,2,1,01,B01
200700071293,0,07,000,00,2,1,19,A01
200700071293,0,33,000,00,2,1,01,B01
200700071294,0,02,000,00,2,1,01,A01
200700071294,0,07,000,00,2,4,01,B01
200700071295,0,32,000,00,2,1,02,A01
200700071295,0,07,000,00,2,4,21,B01
200700071296,0,32,000,00,2,1,18,A01
200700071296,0,07,000,00,2,5,16,B01
200700071297,0,33,000,00,0,0,00,A01
200700071298,0,07,000,00,2,3,00,A01
200700071298,0,32,000,00,2,7,17,B01
200700071299,0,02,000,00,2,1,01,B01
200700071299,0,07,000,00,2,3,01,A01
200700071300,0,07,000,00,2,7,09,A01
200700071300,0,02,000,00,2,8,01,B01
200700071301,0,02,000,00,2,1,16,A01
200700071301,0,10,000,00,2,3,13,B01
200700071302,0,07,000,00,1,2,01,A01
200700071303,0,32,000,00,2,1,01,A01
200700071303,0,07,000,00,2,3,00,B01
200700071304,0,07,000,00,2,1,01,A01
200700071304,0,14,000,00,0,6,23,B01
200700071305,0,02,000,00,2,8,15,B01
200700071305,0,07,000,00,2,1,16,A01
200700071306,0,07,000,00,9,2,09,A01
200700071306,0,02,000,01,2,9,01,B01
200700071307,0,07,000,00,2,2,01,A01
200700071307,0,01,000,00,2,4,01,B01
200700071308,0,10,000,00,1,1,01,A01
200700071309,0,07,000,00,9,1,15,A01
200700071309,0,33,000,00,2,8,15,B01
200700071310,0,07,000,00,2,2,10,A01
200700071310,0,33,000,00,2,1,01,B01
200700071311,0,02,000,00,2,1,01,B01
200700071311,0,07,000,00,2,1,01,A01
200700071312,0,02,000,00,2,1,01,B01
200700071312,0,07,000,00,2,6,15,A01
200700071313,0,02,000,00,1,2,21,A01
200700071314,1,07,000,00,2,0,16,A01
200700071314,0,01,000,00,2,0,01,B01
200700071315,0,02,000,00,2,1,01,A01
200700071315,0,07,000,00,2,4,01,B01
200700071316,0,07,000,00,2,3,10,A01
200700071316,0,32,000,00,2,3,01,B01
200700071317,0,07,000,01,2,3,15,A01
200700071317,0,33,000,01,2,1,02,B01
200700071317,0,07,000,00,2,8,00,C01
200700071318,0,07,000,00,2,6,11,A01
200700071318,0,31,000,00,2,7,02,B01
200700071319,0,07,000,00,0,2,09,A01
200700071319,0,33,000,00,2,8,01,B01
200700071320,0,33,000,00,2,3,17,A01
200700071320,0,07,000,00,2,8,09,B01
200700071321,0,07,000,00,1,2,02,A01
200700071322,0,07,000,00,2,1,02,A01
200700071322,0,32,000,00,2,4,02,B01
200700071323,0,07,000,00,1,2,02,A01
200700071324,0,30,000,00,2,1,18,A01
200700071324,0,07,000,00,2,2,15,B01
200700071325,0,07,000,00,2,6,17,A01
200700071325,0,33,000,00,2,1,17,B01
200700071326,0,01,000,00,2,1,19,A01
200700071326,0,07,000,00,9,2,16,B01
200700071327,0,07,000,00,1,2,01,A01
200700071328,0,07,000,00,2,8,15,A01
200700071328,0,32,000,00,2,1,02,B01
200700071329,0,01,000,00,2,8,19,A01
200700071329,0,31,000,00,2,2,01,B01
200700071330,0,02,000,11,2,8,01,B01
200700071330,0,07,000,00,2,0,15,A01
200700071331,0,30,000,00,2,1,17,A01
200700071331,0,07,000,00,2,3,15,B01
200700071332,0,07,000,00,2,3,16,A01
200700071332,0,02,000,00,2,7,01,B01
200700071333,0,32,000,00,2,1,01,A01
200700071333,0,07,000,00,2,4,23,B01
200700071334,0,07,000,00,2,3,20,A01
200700071334,0,02,000,00,2,2,01,B01
200700071335,0,07,000,08,0,2,01,A01
200700071336,0,07,000,01,0,2,01,A01
200700071337,0,30,000,00,2,2,16,A01
200700071337,0,31,000,00,2,1,01,B01
200700071338,0,33,000,00,2,8,01,B01
200700071338,0,07,000,00,2,2,01,A01
200700071339,0,07,000,02,2,1,01,A01
200700071340,0,14,000,01,2,1,17,A01
200700071340,0,02,000,00,2,3,16,B01
200700071341,0,33,000,00,2,4,01,A01
200700071341,0,07,000,00,2,1,01,B01
200700071342,0,07,000,00,2,2,01,A01
200700071342,0,37,005,00,2,1,01,B01
200700071343,0,07,000,00,2,7,15,A01
200700071343,0,33,000,00,2,1,01,B01
200700071344,0,07,000,00,2,7,02,A01
200700071344,0,14,000,00,2,4,02,B01
200700071344,0,10,000,00,2,1,02,C01
200700071344,0,15,000,00,2,1,02,D01
200700071345,1,07,000,00,2,0,02,A01
200700071345,0,02,000,00,0,8,02,B01
200700071346,0,07,000,00,0,0,15,A01
200700071346,0,05,000,00,2,3,01,B01
200700071347,0,07,000,00,2,1,16,A01
200700071347,0,05,000,00,2,1,01,B01
200700071348,0,07,000,00,2,1,00,A01
200700071348,0,07,000,00,2,3,00,B01
200700071349,0,07,000,00,2,3,10,A01
200700071349,0,05,000,00,0,1,01,B01
200700071350,0,07,000,00,2,1,01,A01
200700071350,0,07,000,00,2,8,01,B01
200700071351,0,30,000,00,2,0,00,A01
200700071351,0,07,000,00,2,0,00,B01
200700071352,0,07,000,00,2,2,02,A01
200700071352,0,10,000,00,0,6,01,B01
200700071353,0,15,000,00,2,1,02,A01
200700071353,0,07,000,00,0,4,02,B01
200700071354,0,33,000,00,2,1,03,A01
200700071354,0,10,000,00,2,6,01,B01
200700071355,0,07,000,00,2,8,03,A01
200700071355,0,07,000,00,2,7,01,B01
200700071356,0,07,000,00,2,3,11,A01
200700071356,0,32,000,00,2,0,03,B01
200700071357,0,07,000,00,2,1,02,A01
200700071357,0,07,000,00,2,4,02,B01
200700071358,0,07,000,00,1,1,00,A01
200700071359,0,07,000,04,0,9,01,A01
200700071360,0,01,000,00,2,1,00,A01
200700071360,0,07,000,00,0,2,00,B01
200700071361,0,07,000,00,2,3,01,B01
200700071361,0,07,000,09,2,1,01,A01
200700071362,0,07,000,09,0,1,21,A01
200700071363,0,02,000,00,2,1,01,A01
200700071363,0,07,000,00,0,2,01,B01
200700071364,0,07,000,00,9,8,24,A01
200700071364,0,01,000,01,0,1,01,B01
200700071365,0,07,000,00,1,2,01,A01
200700071366,0,02,000,00,1,2,00,A01
200700071367,0,07,000,00,9,5,01,A01
200700071367,0,01,000,00,2,8,01,B01
200700071368,0,07,000,00,0,3,20,A01
200700071368,0,02,000,00,2,2,01,B01
200700071369,0,07,000,00,2,1,01,A01
200700071369,0,07,000,01,2,4,09,B01
200700071370,0,34,000,00,2,2,01,A01
200700071370,0,07,000,00,2,1,09,B01
200700071371,0,10,000,00,1,1,01,A01
200700071372,0,14,000,00,0,4,01,B01
200700071372,0,33,000,00,2,1,17,A01
200700071373,0,10,000,00,1,1,01,A01
200700071374,0,02,000,00,2,1,01,A01
200700071374,0,10,000,00,2,3,15,B01
200700071375,0,33,000,00,2,1,01,B01
200700071375,0,10,000,00,2,3,01,A01
200700071376,0,07,000,00,2,8,19,B01
200700071376,0,02,000,00,2,7,17,A01
200700071377,0,37,001,00,1,2,17,A01
200700071378,0,30,000,00,2,8,01,B01
200700071378,0,07,000,00,2,2,15,A01
200700071379,0,02,000,00,2,8,17,A01
200700071379,0,07,000,00,2,3,15,B01
200700071380,0,01,000,00,2,0,15,A01
200700071380,0,07,000,00,2,2,01,B01
200700071381,0,07,000,00,2,2,09,A01
200700071381,0,32,000,00,2,2,01,B01
200700071382,0,07,000,00,2,3,01,B01
200700071382,0,07,000,00,2,3,01,A01
200700071383,1,02,000,00,1,1,01,A01
200700071384,0,10,000,00,2,1,01,A01
200700071384,0,07,000,00,2,8,00,B01
200700071385,0,07,000,00,2,2,10,A01
200700071385,0,31,000,00,2,1,01,B01
200700071386,0,07,000,00,2,3,01,A01
200700071386,0,01,000,00,2,7,01,B01
200700071387,0,31,000,00,2,1,01,B01
200700071387,0,07,000,00,2,3,15,A01
200700071388,0,07,000,00,1,3,01,A01
200700071389,0,32,000,01,0,7,01,A01
200700071390,0,07,000,00,2,8,15,A01
200700071390,0,03,000,05,2,8,01,B01
200700071391,0,07,000,00,1,1,01,A01
200700071392,0,07,000,00,2,1,01,A01
200700071392,0,07,000,00,2,4,23,B01
200700071392,0,07,000,00,2,4,23,C01
200700071393,0,10,000,00,2,4,04,A01
200700071393,0,07,000,00,2,2,01,B01
200700071394,0,07,000,00,2,1,01,A01
200700071394,0,07,000,00,2,4,02,B01
200700071395,0,33,000,06,0,7,00,A01
200700071396,0,02,000,11,0,1,01,A01
200700071397,0,07,000,00,2,1,15,A01
200700071397,0,01,000,00,2,8,01,B01
200700071398,0,01,000,00,2,1,13,A01
200700071398,1,07,000,00,2,1,01,B01
200700071399,0,10,000,00,0,3,16,A01
200700071399,0,07,000,00,2,7,01,B01
200700071400,0,01,000,00,2,7,19,B01
200700071400,0,07,000,00,9,1,02,A01
200700071401,0,07,000,00,1,2,15,A01
200700071402,0,33,000,00,2,1,03,A01
200700071402,0,07,000,00,2,6,15,B01
200700071403,0,07,000,00,2,1,01,A01
200700071403,0,07,000,00,2,5,01,B01
200700071404,0,07,000,00,2,1,15,A01
200700071404,0,07,000,00,2,1,01,B01
200700071405,0,07,000,00,1,2,01,A01
200700071406,0,07,000,00,1,1,02,A01
200700071407,0,37,001,00,1,2,09,A01
200700071408,0,07,000,00,1,2,01,A01
200700071409,0,02,000,00,2,1,01,B01
200700071409,0,07,000,00,2,2,01,A01
200700071410,0,07,000,00,2,6,01,A01
200700071410,0,01,000,00,2,1,01,B01
200700071411,0,07,000,00,1,2,01,A01
200700071412,0,01,000,00,2,1,01,B01
200700071412,0,07,000,00,2,3,15,A01
200700071413,0,07,000,00,2,2,02,A01
200700071414,0,07,000,00,2,2,11,A01
200700071414,0,07,000,00,2,1,01,B01
200700071415,0,07,000,00,1,6,04,A01
200700071416,0,33,000,00,2,1,01,B01
200700071416,0,07,000,00,2,3,15,A01
200700071417,0,33,000,00,2,7,03,A01
200700071417,0,07,000,00,2,8,01,B01
200700071418,0,32,000,00,2,7,01,A01
200700071418,0,07,000,00,2,8,15,B01
200700071419,0,07,000,00,2,3,09,A01
200700071419,0,07,000,00,2,1,01,B01
200700071420,1,99,000,00,2,1,01,A01
200700071420,0,07,000,12,2,2,15,B01
200700071421,0,37,000,00,2,1,01,A01
200700071421,0,01,000,00,2,1,01,B01
200700071422,0,07,000,00,2,1,02,A01
200700071422,0,07,000,00,2,4,02,B01
200700071423,0,07,000,05,0,8,00,A01
200700071424,0,07,000,00,2,1,02,B01
200700071424,0,07,000,15,2,7,15,A01
200700071425,0,07,000,00,2,1,01,A01
200700071425,0,07,000,00,2,1,15,B01
200700071426,0,07,000,00,2,8,02,A01
200700071426,0,07,000,00,2,3,15,B01
200700071427,1,07,000,00,2,1,02,A01
200700071427,0,07,000,01,2,1,02,B01
200700071428,0,02,000,00,2,1,01,A01
200700071428,0,07,000,00,2,7,09,B01
200700071429,0,07,000,08,2,1,01,A01
200700071429,0,07,000,00,2,6,01,C01
200700071429,0,07,000,00,2,5,01,B01
200700071430,0,07,000,00,1,1,00,A01
200700071431,0,31,000,00,0,0,00,A01
200700071432,0,33,000,06,0,2,01,A01
200700071433,0,07,000,00,2,7,19,A01
200700071433,0,07,000,00,2,1,01,B01
200700071434,0,07,000,00,1,2,01,A01
200700071435,0,07,000,00,1,1,15,A01
200700071436,0,07,000,00,1,3,01,B01
200700071437,0,32,000,08,1,1,15,A01
200700071437,0,14,000,00,0,0,23,B01
200700071438,0,07,000,00,2,1,15,A01
200700071438,0,33,000,01,2,1,01,B01
200700071439,1,07,000,00,1,3,01,A01
200700071440,0,07,000,00,1,3,01,A01
200700071441,0,37,001,00,1,1,00,A01
200700071442,0,07,000,00,2,1,13,A01
200700071442,0,07,000,00,2,1,15,B01
200700071443,0,07,000,00,1,3,01,A01
200700071443,0,01,000,00,2,1,19,B01
200700071444,0,99,000,00,0,0,15,A01
200700071444,0,07,000,00,0,0,01,B01
200700071445,0,07,000,00,2,1,01,A01
200700071445,0,33,000,00,2,1,15,B01
200700071446,0,10,000,00,0,0,09,A01
200700071446,0,33,000,00,0,7,14,B01
200700071447,0,10,000,00,2,1,15,A01
200700071447,0,10,000,00,2,1,01,B01
200700071448,0,07,000,00,1,1,15,A01
200700071449,0,07,000,00,2,3,09,A01
200700071449,0,30,000,00,2,2,01,B01
200700071450,0,07,000,00,2,3,01,A01
200700071450,0,07,000,00,2,8,01,B01
200700071451,0,20,000,00,2,6,10,A01
200700071451,0,33,000,00,2,1,01,B01
200700071452,0,07,000,00,2,1,01,A01
200700071452,0,07,000,00,2,4,01,B01
200700071452,0,07,000,00,2,4,01,C01
200700071453,0,33,000,00,2,2,17,A01
200700071453,0,07,000,00,2,8,15,B01
200700071454,0,07,000,00,2,5,15,A01
200700071454,0,02,000,00,2,1,01,B01
200700071455,0,07,000,00,2,8,09,A01
200700071455,0,15,000,00,2,2,01,B01
200700071456,0,02,000,00,2,1,17,A01
200700071456,0,07,000,00,2,3,15,B01
200700071457,0,31,000,00,2,1,01,B01
200700071457,0,38,001,00,2,2,19,A01
200700071458,0,30,000,00,2,1,01,A01
200700071458,0,07,000,00,2,3,01,B01
200700071459,0,30,000,00,1,1,01,A01
200700071460,0,07,000,12,0,1,01,A01
200700071461,0,07,000,00,1,1,15,A01
200700071462,0,07,000,00,2,1,01,B01
200700071462,0,07,000,00,2,3,15,A01
200700071463,0,07,000,00,1,3,01,A01
200700071464,0,02,000,11,0,1,01,A01
200700071465,0,02,000,01,0,2,01,A01
200700071466,0,03,000,08,0,2,01,A01
200700071467,0,07,000,00,1,1,01,A01
200700071468,0,07,000,00,1,1,01,A01
200700071469,0,07,000,00,1,0,01,A01
200700071470,0,02,000,00,1,1,17,A01
200700071471,1,07,000,00,1,1,01,A01
200700071472,0,07,000,00,2,2,17,A01
200700071472,0,07,000,00,2,3,15,B01
200700071473,0,02,000,00,1,1,01,A01
200700071474,0,07,000,00,2,7,22,A01
200700071474,0,01,000,01,0,1,01,B01
200700071475,0,07,000,00,1,1,00,A01
200700071476,0,07,000,00,0,1,00,A01
200700071477,0,07,000,00,1,2,00,A01
200700071478,0,07,000,00,2,1,09,C01
200700071478,0,07,000,00,2,4,02,B01
200700071478,0,07,000,00,2,4,01,A01
200700071479,0,07,000,04,0,1,01,A01
200700071480,0,07,000,00,2,5,01,A01
200700071480,0,33,000,00,2,1,03,B01
200700071481,0,07,000,00,2,4,02,A01
200700071481,0,10,000,00,2,4,02,B01
200700071481,0,10,000,00,2,1,02,C01
200700071482,0,07,000,04,0,2,11,A01
200700071483,0,07,000,00,2,1,02,A01
200700071483,0,07,000,00,2,4,02,B01
200700071484,0,07,000,00,2,4,02,A01
200700071484,0,33,000,00,2,1,02,B01
200700071485,0,07,000,00,1,1,01,A01
200700071486,0,07,000,00,2,5,12,A01
200700071486,0,33,000,00,2,8,03,B01
200700071487,0,13,000,00,2,6,17,A01
200700071487,0,33,000,00,2,7,02,B01
200700071487,0,07,000,00,2,5,02,C01
200700071488,0,33,000,00,2,8,00,C01
200700071488,0,07,000,00,2,7,12,B01
200700071488,0,07,000,00,0,4,01,A01
200700071489,0,07,000,04,0,2,02,A01
200700071490,0,07,000,04,2,6,11,A01
200700071490,0,33,000,04,2,1,03,B01
200700071491,0,32,000,00,2,1,03,A01
200700071491,0,07,000,00,2,5,11,B01
200700071492,0,07,000,00,2,5,02,A01
200700071492,0,33,000,00,2,1,02,B01
200700071493,0,07,000,00,0,4,01,A01
200700071493,0,10,000,00,2,1,02,B01
200700071494,0,07,000,00,0,6,11,A01
200700071494,0,33,000,00,2,2,03,B01
200700071494,0,07,000,00,0,5,01,C01
200700071495,0,07,000,00,2,8,11,A01
200700071495,0,34,000,00,2,1,01,B01
200700071496,0,33,000,00,2,1,03,A01
200700071496,0,07,000,00,0,5,01,B01
200700071497,0,07,000,00,0,6,00,A01
200700071497,0,33,000,00,2,1,03,B01
200700071498,0,10,000,00,2,3,01,A01
200700071498,0,07,000,00,2,4,01,B01
200700071498,0,07,000,00,0,4,01,C01
200700071498,0,33,000,00,0,7,01,D01
200700071499,0,07,000,00,0,5,02,A01
200700071499,0,33,000,00,2,7,03,B01
200700071500,0,07,000,00,2,7,12,A01
200700071500,0,33,000,00,2,8,01,B01
200700071501,0,07,000,04,0,1,19,A01
200700071502,1,07,000,00,2,5,14,A01
200700071502,0,07,000,04,2,8,01,B01
200700071503,0,07,000,00,2,7,12,A01
200700071503,0,07,000,00,2,1,01,B01
200700071504,0,07,000,02,0,1,01,A01
200700071505,0,07,000,00,2,4,02,A01
200700071505,0,07,000,00,2,1,02,B01
200700071506,0,07,000,00,0,4,02,A01