Num_Acc,senc,catv,occutc,obs,obsm,choc,manv,num_veh
200700071506,0,20,000,00,2,1,02,B01
200700071507,0,07,000,00,0,5,14,A01
200700071507,0,33,000,00,2,1,21,B01
200700071507,0,31,000,00,2,8,21,C01
200700071508,0,07,000,00,0,8,01,A01
200700071509,0,33,000,00,0,0,01,A01
200700071510,0,07,000,13,0,1,01,A01
200700071511,0,07,000,04,0,2,01,A01
200700071512,0,32,000,00,2,4,03,A01
200700071512,0,33,000,00,2,1,01,B01
200700071512,0,07,000,00,2,4,01,C01
200700071513,0,33,000,00,2,1,03,B01
200700071513,0,10,000,00,2,2,12,A01
200700071514,0,07,000,00,2,2,12,A01
200700071514,0,33,000,00,2,3,01,B01
200700071515,0,33,000,00,0,8,01,A01
200700071516,0,33,000,00,2,8,03,B01
200700071516,0,07,000,00,2,5,01,C01
200700071516,0,07,000,00,2,7,11,A01
200700071517,0,07,000,03,0,4,02,A01
200700071517,0,07,000,00,2,1,02,B01
200700071518,0,07,000,00,2,7,12,A01
200700071518,0,32,000,00,2,8,01,B01
200700071519,0,33,000,00,0,0,03,A01
200700071520,0,07,000,00,0,4,00,A01
200700071520,0,07,000,00,2,1,02,B01
200700071520,0,33,000,00,2,1,02,C01
200700071521,0,07,000,13,0,1,00,A01
200700071522,0,07,000,00,0,3,13,A01
200700071523,0,20,000,00,0,6,23,A01
200700071523,0,17,000,01,0,2,01,B01
200700071524,0,07,000,04,0,1,02,A01
200700071525,0,33,000,00,0,0,03,A01
200700071526,0,07,000,00,0,4,02,A01
200700071526,0,10,000,00,2,1,02,B01
200700071527,0,07,000,13,0,1,00,A01
200700071528,0,07,000,00,2,1,01,B01
200700071528,0,07,000,00,0,4,01,A01
200700071529,0,33,000,03,0,9,02,A01
200700071530,0,33,000,10,0,1,01,A01
200700071531,0,07,000,10,0,1,00,A01
200700071532,0,07,000,04,0,3,01,A01
200700071533,0,33,000,00,2,3,00,A01
200700071533,0,07,000,00,2,8,01,C01
200700071533,0,07,000,00,2,2,01,B01
200700071534,0,07,000,04,0,3,13,A01
200700071535,0,07,000,03,0,1,02,A01
200700071536,0,10,000,00,0,0,00,A01
200700071536,0,07,000,00,0,0,00,B01
200700071537,1,10,000,00,2,7,14,B01
200700071537,0,07,000,13,2,6,01,A01
200700071538,0,07,000,00,0,4,01,A01
200700071538,1,99,000,00,2,1,01,B01
200700071539,0,33,000,00,2,7,14,B01
200700071539,0,07,000,00,2,8,01,A01
200700071540,0,07,000,00,2,4,02,A01
200700071540,0,07,000,00,2,1,02,B01
200700071541,0,07,000,00,0,4,23,C01
200700071541,0,07,000,00,2,1,02,B01
200700071541,0,07,000,00,2,1,02,A01
200700071542,0,07,000,00,0,4,02,C01
200700071542,0,07,000,00,2,4,02,B01
200700071542,0,07,000,00,2,1,02,A01
200700071543,0,07,000,00,0,0,00,A01
200700071543,0,07,000,00,0,0,00,B01
200700071544,0,33,000,00,2,1,03,B01
200700071544,0,07,000,00,9,3,09,A01
200700071545,0,15,000,00,2,1,00,D01
200700071545,0,07,000,00,2,4,00,C01
200700071545,0,15,000,00,2,1,00,B01
200700071545,0,07,000,00,0,0,00,A01
200700071546,0,05,000,00,2,1,01,B01
200700071546,0,07,000,00,0,5,12,A01
200700071547,0,07,000,00,9,1,01,C01
200700071547,0,07,000,00,2,3,01,B01
200700071547,2,07,000,00,2,2,11,A01
200700071548,0,07,000,00,0,4,02,B01
200700071548,0,07,000,00,2,1,02,A01
200700071549,0,03,000,00,2,4,02,B01
200700071549,0,31,000,00,2,4,02,A01
200700071550,0,32,000,00,2,0,00,A01
200700071551,0,31,000,00,0,8,21,A01
200700071552,0,07,000,00,2,6,11,B01
200700071552,0,31,000,00,2,1,03,A01
200700071553,0,31,000,00,2,1,17,B01
200700071553,0,07,000,00,2,8,13,A01
200700071554,0,10,000,00,2,8,02,C01
200700071554,0,07,000,04,2,4,02,B01
200700071554,0,10,000,00,2,1,02,A01
200700071555,0,10,000,00,2,8,11,B01
200700071555,0,33,000,00,2,7,01,A01
200700071556,0,07,000,00,0,1,00,A01
200700071557,0,33,000,00,2,7,01,B01
200700071557,0,07,000,00,2,3,11,A01
200700071558,0,07,000,00,2,7,00,B01
200700071558,0,15,000,00,2,3,12,A01
200700071559,0,07,000,00,2,7,02,B01
200700071559,0,07,000,00,2,2,01,A01
200700071560,0,07,000,04,0,9,01,A01
200700071561,0,07,000,04,0,1,02,B01
200700071561,0,10,000,00,0,0,02,A01
200700071562,0,33,000,00,2,0,00,A01
200700071563,0,07,000,00,0,0,00,A01
200700071563,0,31,000,00,0,0,00,B01
200700071564,0,07,000,00,2,4,02,C01
200700071564,0,07,000,00,2,4,02,B01
200700071564,0,07,000,00,2,1,02,A01
200700071565,0,07,000,04,0,1,00,A01
200700071566,0,07,000,00,0,1,00,A01
200700071567,0,07,000,00,2,2,00,B01
200700071567,0,07,000,00,2,6,00,A01
200700071568,0,10,000,00,0,6,23,B01
200700071568,0,07,000,01,0,2,01,A01
200700071569,0,07,000,00,0,4,00,C01
200700071569,0,07,000,00,0,6,00,B01
200700071569,0,13,000,00,2,2,00,A01
200700071570,0,33,000,00,0,1,03,A01
200700071571,0,07,000,00,2,0,00,B01
200700071571,0,07,000,04,0,1,00,A01
200700071572,0,07,000,00,2,4,02,B01
200700071572,0,15,000,00,2,1,02,A01
200700071573,0,07,000,00,0,4,02,C01
200700071573,0,07,000,00,2,8,00,B01
200700071573,0,33,000,00,2,9,01,A01
200700071574,0,15,000,00,2,1,00,B01
200700071574,0,07,000,00,2,4,00,A01
200700071575,0,07,000,00,2,6,11,B01
200700071575,0,31,000,00,2,7,17,A01
200700071576,0,32,000,00,2,2,01,B01
200700071576,0,07,000,00,0,3,11,A01
200700071577,0,07,000,04,0,1,16,A01
200700071578,0,33,000,00,0,1,01,A01
200700071579,0,07,000,00,2,4,02,B01
200700071579,0,31,000,00,2,1,21,A01
200700071580,0,33,000,00,2,4,00,B01
200700071580,0,10,000,00,2,1,09,A01
200700071581,0,07,000,00,2,4,02,B01
200700071581,0,33,000,00,2,1,02,A01
200700071582,0,07,000,00,2,3,11,B01
200700071582,0,33,000,00,2,1,03,A01
200700071583,0,07,000,00,0,4,12,B01
200700071583,0,33,000,00,2,1,03,A01
200700071584,0,07,000,00,2,3,11,C01
200700071584,0,33,000,00,2,1,01,B01
200700071584,0,07,000,00,0,4,01,A01
200700071585,0,07,000,00,2,4,01,B01
200700071585,0,07,000,00,2,1,01,A01
200700071586,0,14,000,00,2,2,00,B01
200700071586,0,07,000,00,2,6,00,A01
200700071587,0,07,000,00,0,0,00,A01
200700071588,0,33,000,00,2,3,03,B01
200700071588,0,07,000,00,2,2,12,A01
200700071589,0,15,000,03,2,2,01,B01
200700071589,0,07,000,03,2,8,11,A01
200700071590,0,07,000,00,0,4,02,B01
200700071590,0,07,000,00,2,1,02,A01
200700071591,0,07,000,00,0,1,00,A01
200700071592,0,07,000,00,0,4,02,B01
200700071592,0,07,000,00,2,1,02,A01
200700071593,0,07,000,03,2,1,01,D01
200700071593,0,07,000,03,2,4,01,C01
200700071593,0,07,000,03,2,4,01,B01
200700071593,0,07,000,03,2,4,01,A01
200700071594,0,07,000,00,0,5,01,B01
200700071594,0,33,000,00,2,1,01,A01
200700071595,0,07,000,00,0,6,11,B01
200700071595,0,33,000,00,0,1,03,A01
200700071596,0,07,000,00,2,4,02,B01
200700071596,0,07,000,00,2,1,02,A01
200700071597,0,07,000,04,2,8,00,B01
200700071597,0,15,000,00,2,2,00,A01
200700071598,0,07,000,00,2,1,02,B01
200700071598,0,07,000,00,0,4,02,A01
200700071599,1,10,000,00,0,0,00,A01
200700071599,0,34,000,00,0,0,00,B01
200700071600,0,31,000,00,0,0,00,A01
200700071601,0,33,000,00,0,0,01,A01
200700071602,0,07,000,00,2,4,01,C01
200700071602,0,07,000,00,2,7,01,B01
200700071602,0,33,000,00,2,8,03,A01
200700071603,0,07,000,04,0,1,00,A01
200700071604,0,07,000,00,0,4,02,B01
200700071604,0,07,000,00,2,1,02,A01
200700071605,0,07,000,00,2,7,02,B01
200700071605,0,07,000,00,2,1,00,A01
200700071606,0,07,000,04,0,9,00,A01
200700071607,0,33,000,14,9,3,11,B01
200700071607,0,07,000,00,0,2,01,A01
200700071608,0,07,000,04,0,9,02,A01
200700071609,0,10,000,00,2,7,12,B01
200700071609,0,33,000,00,2,8,03,A01
200700071610,0,31,000,00,0,4,01,B01
200700071610,0,10,000,00,2,1,01,A01
200700071611,0,07,000,00,0,0,00,A01
200700071612,0,33,000,00,2,0,21,B01
200700071612,0,33,000,03,0,3,13,A01
200700071613,0,07,000,00,0,4,23,B01
200700071613,0,07,000,01,0,1,14,A01
200700071614,0,07,000,00,2,2,14,B01
200700071614,0,07,000,00,0,6,02,A01
200700071615,0,07,000,00,2,4,02,B01
200700071615,0,07,000,00,2,1,02,A01
200700071616,0,07,000,00,2,4,02,B01
200700071616,0,07,000,00,2,1,02,A01
200700071617,0,10,000,00,2,5,01,B01
200700071617,0,07,000,00,2,1,11,A01
200700071618,0,38,001,00,0,0,00,B01
200700071618,0,07,000,00,0,0,00,A01
200700071619,0,07,000,00,2,8,11,A01
200700071619,0,33,000,00,2,7,21,B01
200700071620,0,07,000,00,2,4,02,C01
200700071620,0,07,000,00,2,4,02,B01
200700071620,0,07,000,00,2,1,02,A01
200700071621,0,07,000,00,0,0,00,C01
200700071621,0,07,000,00,0,0,00,B01
200700071621,0,07,000,00,0,0,00,A01
200700071622,0,07,000,00,2,5,02,B01
200700071622,0,33,000,00,2,1,02,A01
200700071623,0,15,000,00,0,0,12,B01
200700071623,0,07,000,04,2,8,00,A01
200700071624,0,07,000,00,2,7,01,B01
200700071624,0,33,000,00,2,8,01,A01
200700071625,0,10,000,00,2,5,01,B01
200700071625,0,34,000,00,2,3,03,A01
200700071626,0,07,000,00,0,0,00,A01
200700071627,0,07,000,00,2,1,02,B01
200700071627,0,07,000,00,0,4,02,A01
200700071628,0,07,000,00,0,0,00,A01
200700071628,0,07,000,00,0,0,00,B01
200700071629,0,05,000,00,9,8,02,A01
200700071630,0,33,000,00,0,1,00,A01
200700071631,0,07,000,04,0,7,02,B01
200700071631,0,07,000,04,0,1,21,A01
200700071632,0,07,000,04,0,1,01,A01
200700071633,0,31,000,00,0,0,00,A01
200700071634,0,07,000,00,2,1,09,B01
200700071634,0,07,000,00,0,4,01,A01
200700071635,0,07,000,00,2,1,21,C01
200700071635,0,07,000,00,2,6,21,B01
200700071635,0,10,000,00,2,1,02,A01
200700071636,1,07,000,03,2,8,02,A01
200700071637,1,07,000,00,2,1,11,B01
200700071637,0,33,000,00,2,2,03,A01
200700071638,0,07,000,03,4,3,02,A01
200700071639,0,07,000,00,2,5,12,B01
200700071639,0,33,000,00,2,3,03,A01
200700071640,0,07,000,00,2,1,02,B01
200700071640,0,15,000,00,0,1,06,A01
200700071641,0,07,000,00,0,3,01,A01
200700071642,0,07,000,00,0,9,01,A01
200700071643,0,07,000,00,0,9,02,A01
200700071644,0,07,000,00,2,4,02,A01
200700071644,0,10,000,00,2,1,02,B01
200700071645,0,07,000,00,2,1,17,B01
200700071645,0,07,000,00,0,3,00,A01
200700071646,0,31,000,00,2,1,03,B01
200700071646,0,07,000,00,0,5,12,A01
200700071647,0,07,000,00,2,4,02,B01
200700071647,0,07,000,00,2,1,02,A01
200700071648,0,07,000,00,2,3,11,D01
200700071648,0,07,000,00,2,7,01,C01
200700071648,0,07,000,00,2,8,01,B01
200700071648,0,33,000,00,2,1,03,A01
200700071649,0,31,000,00,0,0,02,A01
200700071650,0,33,000,00,2,3,18,B01
200700071650,0,07,000,00,0,2,12,A01
200700071651,0,17,000,00,2,2,09,B01
200700071651,0,07,000,00,0,6,01,A01
200700071652,0,07,000,00,0,9,01,A01
200700071653,0,33,000,00,2,1,03,B01
200700071653,0,07,000,00,2,4,11,A01
200700071654,0,33,000,00,0,7,02,A01
200700071655,0,07,000,00,0,3,00,A01
200700071656,0,07,000,00,0,9,00,A01
200700071657,0,07,000,03,2,1,00,B01
200700071657,0,07,000,00,2,1,00,A01
200700071658,0,07,000,00,2,8,09,B01
200700071658,0,17,000,00,2,2,01,A01
200700071659,0,31,000,00,2,3,02,B01
200700071659,0,07,000,00,2,7,12,A01
200700071660,0,07,000,13,0,3,02,A01
200700071661,0,07,000,00,0,8,13,B01
200700071661,0,07,000,00,2,8,01,A01
200700071662,0,07,000,00,2,7,01,B01
200700071662,0,07,000,00,2,1,21,A01
200700071662,0,07,000,00,2,1,02,D01
200700071662,0,07,000,00,2,4,02,C01
200700071663,0,10,000,04,0,3,00,A01
200700071664,0,07,000,00,0,3,01,A01
200700071665,0,33,000,00,2,2,01,A01
200700071665,0,07,000,00,2,6,11,B01
200700071666,0,33,000,00,2,4,12,A01
200700071666,0,14,000,00,2,1,01,B01
200700071667,0,07,000,04,2,8,21,B01
200700071667,0,33,000,00,2,2,01,A01
200700071668,0,07,000,00,0,5,16,A01
200700071668,0,30,000,00,0,1,01,B01
200700071669,0,10,000,04,0,3,00,A01
200700071670,0,07,000,04,0,1,11,A01
200700071671,0,10,000,04,2,2,01,B01
200700071671,0,07,000,00,2,3,00,A01
200700071672,0,10,000,00,0,3,01,B01
200700071672,0,10,000,00,2,2,02,A01
200700071673,0,07,000,00,0,1,00,A01
200700071674,0,07,000,04,0,1,01,A01
200700071675,0,15,000,00,2,1,01,E01
200700071675,0,07,000,00,0,4,01,B01
200700071675,0,07,000,00,2,2,09,A01
200700071675,0,07,000,00,2,4,01,D01
200700071675,0,07,000,00,2,1,01,C01
200700071676,0,07,000,07,0,8,00,A01
200700071677,0,33,000,00,0,0,01,A01
200700071678,0,07,000,00,2,2,12,A01
200700071678,0,33,000,00,2,1,03,B01
200700071679,0,07,000,00,0,4,01,A01
200700071679,0,07,000,00,2,1,02,C01
200700071679,0,10,000,00,2,4,02,B01
200700071680,0,33,000,00,2,5,03,A01
200700071681,0,10,000,00,2,1,02,C01
200700071681,0,10,000,00,2,4,23,B01
200700071681,0,07,000,00,2,4,23,A01
200700071682,0,10,000,00,0,6,11,B01
200700071682,0,33,000,00,2,1,01,A01
200700071683,0,31,000,00,2,8,03,B01
200700071683,0,07,000,00,9,7,12,A01
200700071684,0,33,000,00,0,0,00,A01
200700071685,0,32,000,00,0,0,03,A01
200700071686,0,07,000,04,0,8,00,A01
200700071687,0,07,000,00,0,0,01,A01
200700071688,0,33,000,00,2,4,03,D01
200700071688,0,33,000,14,2,1,03,A01
200700071688,0,07,000,00,2,5,01,C01
200700071688,0,07,000,00,2,8,01,B01
200700071689,0,33,000,00,0,0,01,A01
200700071690,0,07,000,00,2,1,02,B01
200700071690,0,33,000,00,2,1,02,C01
200700071690,0,07,000,00,2,4,01,A01
200700071691,0,07,000,00,2,6,01,B01
200700071691,0,33,000,00,2,1,02,C01
200700071691,0,07,000,00,2,5,01,A01
200700071692,0,33,000,00,0,7,16,A01
200700071693,0,33,000,00,2,1,03,B01
200700071693,0,07,000,00,0,7,12,A01
200700071694,0,07,000,00,0,8,02,A01
200700071694,0,33,000,00,0,7,02,C01
200700071694,0,07,000,00,0,6,02,B01
200700071695,0,33,000,00,2,8,02,B01
200700071695,0,07,000,00,2,7,12,A01
200700071696,0,32,000,00,2,7,03,B01
200700071696,0,07,000,00,2,8,11,A01
200700071697,0,07,000,00,2,4,01,B01
200700071697,0,33,000,00,2,1,12,A01
200700071698,0,33,000,00,2,7,03,B01
200700071698,0,07,000,00,2,8,11,A01
200700071699,0,33,000,00,0,2,03,B01
200700071699,0,07,000,00,2,6,12,A01
200700071700,0,07,000,00,2,1,14,B01
200700071700,0,07,000,04,0,8,01,A01
200700071701,0,07,000,00,2,3,01,B01
200700071701,0,07,000,00,2,5,01,A01
200700071702,0,07,000,00,2,8,02,A01
200700071702,0,07,000,00,2,5,02,C01
200700071702,0,33,000,00,2,1,02,B01
200700071703,0,07,000,00,2,1,02,B01
200700071703,0,07,000,00,0,4,02,A01
200700071704,0,07,000,00,0,4,11,B01
200700071704,0,33,000,00,2,1,03,A01
200700071705,0,14,000,00,2,3,01,C01
200700071705,0,14,000,00,2,3,01,B01
200700071705,0,07,000,00,2,2,01,A01
200700071706,0,33,000,00,2,5,03,B01
200700071706,0,07,000,00,2,3,11,A01
200700071707,0,07,000,04,0,3,00,A01
200700071708,0,07,000,04,0,2,02,A01
200700071709,0,07,000,13,0,1,01,A01
200700071710,0,07,000,00,2,1,01,A01
200700071710,0,07,000,00,2,4,01,B01
200700071710,0,07,000,00,2,4,01,C01
200700071710,0,07,000,00,0,4,01,D01
200700071711,0,07,000,00,2,8,11,A01
200700071711,0,34,000,00,2,7,17,B01
200700071712,0,07,000,00,2,1,01,A01
200700071712,0,07,000,00,2,4,01,B01
200700071712,0,07,000,00,0,4,01,C01
200700071713,0,07,000,00,2,3,22,A01
200700071713,0,07,000,01,0,2,01,B01
200700071714,0,10,000,00,2,1,01,A01
200700071714,0,07,000,00,2,8,01,B01
200700071715,0,02,000,00,2,1,01,A01
200700071715,0,07,000,00,2,4,01,B01
200700071716,0,07,000,00,2,1,01,A01
200700071716,0,07,000,00,2,4,01,B01
200700071717,1,07,000,00,1,1,01,A01
200700071718,0,32,000,00,2,0,01,B01
200700071718,0,07,000,00,2,1,01,A01
200700071719,0,07,000,00,1,1,01,A01
200700071720,0,07,000,00,2,1,02,A01
200700071720,0,07,000,00,2,4,02,B01
200700071721,0,07,000,00,2,1,01,A01
200700071721,0,07,000,00,2,4,09,B01
200700071722,0,07,000,00,2,8,01,A01
200700071722,0,07,000,00,2,1,01,B01
200700071723,0,07,000,00,2,1,01,A01
200700071723,0,07,000,00,2,4,01,B01
200700071724,0,07,000,00,1,1,01,A01
200700071725,0,07,000,01,2,2,01,A01
200700071725,0,07,000,00,2,8,09,B01
200700071726,0,07,000,00,1,1,16,A01
200700071727,0,07,000,00,1,2,01,A01
200700071728,0,07,000,00,1,4,04,A01
200700071729,0,10,000,00,2,2,16,A01
200700071729,0,30,000,00,2,8,18,B01
200700071730,0,07,000,00,2,1,01,A01
200700071730,0,07,000,00,2,5,01,B01
200700071730,0,07,000,00,0,4,01,C01
200700071731,0,30,000,00,1,0,01,A01
200700071732,0,30,000,01,0,7,17,A01
200700071732,0,10,000,00,0,4,23,B01
200700071733,0,07,000,00,2,0,00,A01
200700071733,0,01,000,00,0,0,00,B01
200700071734,0,02,000,00,2,3,18,A01
200700071734,0,07,000,00,2,7,16,B01
200700071735,0,31,000,00,2,1,01,B01
200700071735,0,07,000,00,2,1,01,A01
200700071736,0,07,000,00,2,3,00,A01
200700071736,0,07,000,00,2,1,01,B01
200700071737,0,07,000,00,1,1,15,A01
200700071738,0,07,000,13,0,0,00,A01
200700071739,1,17,000,00,1,0,00,A01
200700071740,0,07,000,00,0,0,00,A01
200700071741,0,07,000,03,0,0,00,A01
200700071742,1,07,000,00,0,0,00,E01
200700071742,0,07,000,00,0,0,00,A01
200700071742,0,07,000,00,0,0,00,B01
200700071742,0,07,000,00,0,0,00,C01
200700071742,0,07,000,00,0,0,00,D01
200700071743,0,07,000,04,0,0,00,A01
200700071744,0,17,000,00,2,0,11,A01
200700071744,0,07,000,00,2,0,00,B01
200700071745,0,07,000,00,0,0,00,A01
200700071745,0,07,000,00,0,0,00,B01
200700071745,0,17,000,00,0,0,00,C01
200700071746,0,07,000,00,0,0,00,A01
200700071746,0,07,000,00,0,0,00,B01
200700071746,0,07,000,00,0,0,00,C01
200700071746,0,07,000,00,0,0,00,D01
200700071747,0,07,000,00,0,0,00,A01
200700071747,0,07,000,00,0,0,00,B01
200700071747,0,07,000,00,0,0,00,C01
200700071748,0,07,000,00,2,1,00,A01
200700071748,0,07,000,00,2,4,00,B01
200700071749,0,07,000,00,0,0,00,A01
200700071750,0,07,000,03,0,0,00,A01
200700071751,0,07,000,00,0,0,00,A01
200700071751,0,07,000,00,0,0,00,B01
200700071751,0,10,000,00,0,0,00,C01
200700071752,0,07,000,00,0,0,00,A01
200700071753,0,07,000,00,2,1,00,A01
200700071753,0,07,000,00,2,4,00,B01
200700071754,0,07,000,04,0,0,00,A01
200700071755,0,10,000,00,2,1,00,A01
200700071755,0,07,000,00,2,4,00,B01
200700071755,0,07,000,00,2,4,00,C01
200700071756,0,17,000,00,0,0,00,A01
200700071756,0,07,000,00,9,1,00,B01
200700071757,0,07,000,00,0,0,00,A01
200700071758,0,07,000,00,0,0,00,A01
200700071758,0,07,000,00,0,0,00,B01
200700071759,0,07,000,00,0,0,00,A01
200700071760,0,17,000,00,0,0,00,A01
200700071760,0,07,000,00,2,0,00,B01
200700071760,0,07,000,00,2,0,00,C01
200700071761,0,33,000,00,0,0,00,A01
200700071762,0,07,000,00,0,0,00,A01
200700071762,0,07,000,00,0,0,00,B01
200700071763,0,07,000,00,0,0,00,A01
200700071764,0,07,000,00,2,0,00,A01
200700071764,0,07,000,00,2,0,00,B01
200700071765,0,07,000,00,0,0,00,A01
200700071766,0,07,000,00,2,0,12,A01
200700071766,0,31,000,00,2,0,02,B01
200700071767,0,07,000,13,0,0,00,A01
200700071768,0,07,000,00,0,0,00,A01
200700071769,0,17,000,00,2,5,12,A01
200700071769,0,07,000,00,2,3,00,B01
200700071770,0,07,000,04,0,0,00,A01
200700071771,0,07,000,00,0,0,00,A01
200700071771,0,07,000,00,0,0,00,B01
200700071772,0,07,000,00,5,0,00,A01
200700071773,0,07,000,00,0,0,00,A01
200700071774,0,33,000,00,0,0,03,A01
200700071774,0,07,000,00,0,0,00,B01
200700071774,0,07,000,00,0,0,00,C01
200700071775,0,07,000,00,2,1,00,A01
200700071775,0,07,000,00,2,4,00,B01
200700071776,0,07,000,00,0,0,00,A01
200700071776,0,07,000,00,0,0,00,B01
200700071776,0,07,000,00,0,0,00,C01
200700071777,0,07,000,00,0,0,00,A01
200700071777,0,07,000,00,0,0,00,B01
200700071777,0,17,000,00,0,0,00,C01
200700071778,0,07,000,00,1,1,02,A01
200700071779,0,07,000,00,2,0,00,A01
200700071779,0,07,000,00,0,0,00,B01
200700071780,0,07,000,03,0,0,00,A01
200700071781,0,07,000,00,2,1,00,A01
200700071781,0,07,000,00,2,4,00,B01
200700071782,0,17,000,00,2,1,00,A01
200700071782,0,15,000,00,2,4,00,B01
200700071783,0,07,000,03,0,0,00,A01
200700071784,0,07,000,00,0,0,00,A01
200700071784,0,33,000,00,0,0,00,B01
200700071785,0,07,000,00,0,0,00,A01
200700071785,0,33,000,00,0,0,00,B01
200700071785,0,07,000,00,0,0,00,C01
200700071786,0,07,000,04,0,0,00,A01
200700071787,0,07,000,00,0,0,00,A01
200700071787,0,10,000,00,0,0,00,B01
200700071787,0,07,000,00,0,0,00,C01
200700071788,0,07,000,06,0,1,01,A01
200700071789,0,07,000,00,2,1,01,A01
200700071789,0,07,000,00,2,3,01,B01
200700071790,1,07,000,00,2,1,01,A01
200700071790,0,07,000,00,2,4,23,B01
200700071791,0,07,000,00,2,2,15,A01
200700071791,0,31,000,00,2,1,01,B01
200700071792,0,02,000,01,2,2,01,A01
200700071792,0,07,000,00,2,2,01,B01
200700071793,0,30,000,01,2,1,12,A01
200700071794,0,07,000,00,2,3,01,A01
200700071794,0,01,000,00,2,0,16,B01
200700071795,0,07,000,00,1,1,01,A01
200700071796,0,07,000,00,1,4,15,A01
200700071797,0,07,000,00,1,1,01,A01
200700071798,2,07,000,08,0,2,15,A01
200700071798,0,37,000,00,0,0,01,B01
200700071799,0,07,000,00,2,1,01,A01
200700071799,0,32,000,00,2,8,01,B01
200700071800,0,07,000,00,2,5,22,A01
200700071800,0,30,000,01,0,1,18,B01
200700071801,0,07,000,00,1,4,01,A01
200700071802,0,01,000,00,2,1,01,A01
200700071802,0,10,000,00,2,7,01,B01
200700071803,0,07,000,00,9,7,15,A01
200700071803,0,01,000,00,2,1,19,B01
200700071804,0,07,000,00,1,1,01,A01
200700071805,0,07,000,00,1,2,01,A01
200700071806,0,31,000,00,2,1,07,A01
200700071806,0,07,000,00,2,3,15,B01
200700071807,1,10,000,00,2,3,02,A01
200700071807,0,32,000,00,2,4,02,B01
200700071808,0,07,000,00,1,2,01,A01
200700071809,0,07,000,00,2,5,01,B01
200700071809,0,31,000,00,2,1,01,A01
200700071810,0,07,000,03,2,8,02,A01
200700071810,1,15,000,00,2,7,12,B01
200700071811,0,07,000,03,2,7,01,A01
200700071811,0,14,000,00,0,6,01,B01
200700071812,0,17,000,00,2,2,12,A01
200700071812,0,07,000,00,0,6,02,B01
200700071813,0,07,000,00,2,2,02,A01
200700071813,0,07,000,00,2,6,02,B01
200700071813,0,07,000,00,0,3,02,C01
200700071814,0,07,000,04,0,2,02,A01
200700071815,0,15,000,00,2,2,12,A01
200700071815,0,07,000,00,2,6,02,B01
200700071816,0,07,000,00,2,2,02,A01
200700071816,0,07,000,00,2,6,02,B01
200700071816,0,10,000,00,2,4,02,C01
200700071816,0,07,000,00,0,4,02,D01
200700071817,0,07,000,00,2,1,02,A01
200700071817,0,07,000,00,2,4,02,C01
200700071817,0,07,000,00,2,4,02,B01
200700071818,0,14,000,00,2,4,12,A01
200700071818,0,07,000,00,2,1,02,B01
200700071819,0,07,000,04,0,3,02,A01
200700071820,0,10,000,00,2,1,02,A01
200700071820,0,07,000,00,2,4,02,B01
200700071820,0,07,000,00,2,1,02,C01
200700071821,0,07,000,04,0,1,02,A01
200700071822,0,07,000,00,2,1,02,A01
200700071822,0,07,000,00,0,4,02,B01
200700071823,0,15,000,00,2,5,24,A01
200700071823,0,07,000,01,0,1,02,B01
200700071824,0,07,000,00,2,4,02,A01
200700071824,0,07,000,00,0,4,02,B01
200700071825,0,10,000,00,2,1,02,A01
200700071826,0,07,000,04,0,3,02,A01
200700071827,0,07,000,03,0,2,02,A01
200700071828,0,07,000,00,2,1,02,A01
200700071828,0,07,000,00,2,4,02,B01
200700071829,0,07,000,11,0,1,02,A01
200700071830,0,07,000,00,2,2,00,A01
200700071830,0,07,000,00,0,3,23,C01
200700071830,0,07,000,00,0,8,16,B01
200700071831,1,07,000,00,1,0,00,A01
200700071832,0,33,000,00,0,8,01,A01
200700071833,0,07,000,10,2,1,01,A01
200700071833,0,07,000,00,0,3,15,B01
200700071834,0,07,000,04,0,6,14,A01
200700071835,0,17,000,00,2,2,12,B01
200700071835,0,07,000,03,0,6,01,A01
200700071836,0,07,000,03,0,2,01,B01
200700071836,1,07,000,00,2,2,14,A01
200700071836,0,07,000,00,2,1,02,C01
200700071837,0,07,000,04,0,1,14,A01
200700071838,0,07,000,03,0,1,14,A01
200700071839,0,07,000,00,0,8,01,B01
200700071839,0,17,000,00,2,2,12,A01
200700071840,0,07,000,00,2,1,02,C01
200700071840,0,07,000,00,2,4,23,B01
200700071840,0,07,000,00,0,4,23,A01
200700071841,0,17,000,00,2,1,02,B01
200700071841,0,07,000,00,0,4,23,A01
200700071842,0,17,000,09,0,2,00,A01
200700071842,0,07,000,00,2,1,00,B01
200700071843,0,07,000,03,0,2,00,A01
200700071844,0,07,000,04,2,7,12,A01
200700071844,0,07,000,00,2,3,09,B01
200700071845,0,07,000,00,2,1,01,B01
200700071845,0,07,000,00,2,1,05,A01
200700071845,0,07,000,00,2,2,01,C01
200700071845,0,07,000,00,2,1,01,D01
200700071845,0,07,000,00,2,3,01,E01
200700071846,0,17,000,03,0,2,06,A01
200700071847,0,07,000,00,2,1,02,A01
200700071847,0,07,000,03,0,6,02,B01
200700071848,0,10,000,00,2,1,02,D01
200700071848,0,07,000,00,2,3,17,A01
200700071848,0,15,000,00,0,3,02,B01
200700071848,0,07,000,00,0,4,21,C01
200700071849,0,07,000,01,0,1,01,A01