Num_Acc,senc,catv,occutc,obs,obsm,choc,manv,num_veh
200700071850,0,07,000,16,0,0,14,A01
200700071851,0,07,000,00,1,6,01,A01
200700071852,0,07,000,08,2,3,10,A01
200700071852,0,07,000,01,2,2,01,B01
200700071853,0,07,000,00,2,4,04,A01
200700071853,0,33,000,00,2,1,01,B01
200700071854,0,17,000,00,2,1,01,A01
200700071854,0,07,000,00,2,4,23,B01
200700071855,0,07,000,00,1,1,01,A01
200700071856,0,07,000,00,2,3,10,A01
200700071856,0,33,000,01,2,1,01,B01
200700071857,0,33,000,00,2,1,01,A01
200700071857,0,07,000,00,2,4,23,B01
200700071858,1,07,000,00,1,1,15,A01
200700071859,0,30,000,00,2,8,18,A01
200700071859,0,10,000,00,2,2,16,B01
200700071860,0,02,000,00,1,1,01,A01
200700071861,0,33,000,00,2,1,01,A01
200700071861,0,07,000,00,2,5,16,B01
200700071862,0,07,000,00,2,1,01,A01
200700071862,0,32,000,00,2,3,01,B01
200700071863,0,07,000,00,2,1,15,A01
200700071863,0,01,000,00,2,1,01,B01
200700071864,0,33,000,06,0,1,01,A01
200700071865,0,07,000,00,2,3,15,A01
200700071865,0,07,000,04,2,8,17,B01
200700071866,0,07,000,00,2,1,01,A01
200700071866,0,07,000,00,2,7,01,B01
200700071867,0,34,000,00,1,7,11,A01
200700071867,0,07,000,00,2,3,15,B01
200700071868,1,03,000,00,1,0,01,A01
200700071869,0,01,000,00,2,4,01,A01
200700071869,0,07,000,00,2,1,01,B01
200700071870,0,07,000,00,2,1,01,A01
200700071870,0,07,000,00,2,1,01,B01
200700071871,0,40,000,00,1,1,01,A01
200700071872,0,33,000,00,2,2,02,A01
200700071872,0,07,000,01,0,1,02,F01
200700071872,0,17,000,00,0,6,02,B01
200700071872,0,07,000,01,0,0,00,G01
200700071872,0,07,000,01,0,8,02,C01
200700071872,0,07,000,14,0,3,02,D01
200700071872,0,07,000,14,0,3,02,E01
200700071873,0,07,000,00,2,1,14,A01
200700071873,0,07,000,04,2,3,01,B01
200700071874,0,07,000,00,0,2,02,A01
200700071875,0,07,000,01,2,9,09,A01
200700071875,0,17,000,00,2,1,21,B01
200700071875,0,13,000,00,2,2,21,C01
200700071876,0,07,000,00,2,7,21,A01
200700071876,0,17,000,00,0,6,23,B01
200700071877,0,07,000,00,2,1,02,A01
200700071877,0,07,000,00,2,4,01,B01
200700071878,0,14,000,00,2,2,12,A01
200700071878,0,07,000,00,2,3,01,B01
200700071879,0,07,000,04,0,1,01,A01
200700071880,0,07,000,00,2,1,02,A01
200700071880,0,07,000,00,2,4,02,B01
200700071880,0,07,000,00,0,4,02,C01
200700071881,0,07,000,04,0,2,21,A01
200700071881,0,33,000,00,2,1,21,B01
200700071881,0,07,000,00,2,3,01,C01
200700071882,0,15,000,00,2,1,02,A01
200700071882,0,10,000,00,0,4,02,B01
200700071883,0,07,000,13,0,3,16,A01
200700071884,0,07,000,00,0,0,03,A01
200700071884,0,07,000,00,0,6,01,B01
200700071884,0,07,000,00,0,2,01,C01
200700071885,0,15,000,00,2,7,17,A01
200700071885,0,07,000,00,0,8,01,B01
200700071885,0,07,000,00,0,8,01,C01
200700071886,0,33,000,00,2,1,02,A01
200700071886,0,07,000,00,0,4,02,B01
200700071887,0,17,000,00,2,1,02,A01
200700071887,0,07,000,00,2,4,23,B01
200700071887,0,17,000,00,0,4,23,C01
200700071888,0,07,000,00,2,1,02,A01
200700071888,0,07,000,13,0,4,02,B01
200700071888,0,07,000,00,0,5,01,C01
200700071889,0,07,000,00,2,1,02,A01
200700071889,0,07,000,00,0,4,02,B01
200700071890,0,07,000,00,2,1,02,A01
200700071890,0,07,000,00,0,4,02,B01
200700071890,0,07,000,00,2,1,02,C01
200700071890,0,07,000,00,0,4,01,D01
200700071891,0,07,000,04,0,6,01,A01
200700071892,0,07,000,03,2,3,00,A01
200700071892,0,07,000,00,2,2,01,B01
200700071893,0,07,000,00,2,6,13,A01
200700071893,0,07,000,04,2,2,01,B01
200700071894,0,15,000,00,2,2,02,A01
200700071894,0,07,000,00,0,3,23,B01
200700071895,0,07,000,00,2,1,02,A01
200700071895,0,07,000,00,0,4,02,B01
200700071895,0,07,000,00,0,4,02,C01
200700071895,0,07,000,00,0,4,02,D01
200700071896,0,07,000,00,0,4,02,A01
200700071896,0,07,000,00,0,1,02,B01
200700071897,0,07,000,00,2,1,01,A01
200700071897,0,07,000,00,2,4,01,B01
200700071898,0,07,000,00,2,4,01,A01
200700071898,0,07,000,00,2,2,01,B01
200700071898,0,07,000,00,2,1,01,C01
200700071899,0,07,000,00,2,2,01,A01
200700071899,0,07,000,08,2,3,01,B01
200700071900,0,10,000,00,2,1,02,A01
200700071900,0,07,000,00,0,4,02,B01
200700071901,0,33,000,00,0,0,01,A01
200700071902,0,10,000,00,2,2,02,A01
200700071902,0,07,000,00,2,6,02,B01
200700071903,0,15,000,00,0,2,12,A01
200700071903,0,07,000,00,2,8,01,B01
200700071904,0,07,000,00,2,1,01,A01
200700071904,0,32,000,00,0,4,01,B01
200700071905,0,07,000,00,2,1,02,A01
200700071905,0,10,000,00,0,4,02,B01
200700071906,0,07,000,00,0,2,14,A01
200700071907,0,14,000,00,2,2,12,A01
200700071907,0,10,000,04,2,6,01,B01
200700071907,0,07,000,00,2,1,01,C01
200700071908,0,33,000,00,2,1,03,A01
200700071908,0,07,000,00,2,3,10,B01
200700071909,0,07,000,00,2,3,20,B01
200700071909,0,32,000,00,2,1,01,A01
200700071910,0,07,000,00,1,8,01,A01
200700071911,0,07,000,00,2,2,15,A01
200700071911,0,07,000,00,2,1,02,B01
200700071912,0,07,000,00,1,7,00,B01
200700071913,0,99,000,00,1,2,01,A01
200700071914,0,07,000,08,0,1,00,A01
200700071915,0,33,000,00,2,3,03,A01
200700071915,0,07,000,00,2,2,12,B01
200700071916,0,07,000,00,2,1,00,A01
200700071916,0,07,000,00,0,4,23,B01
200700071917,0,07,000,00,2,8,11,B01
200700071917,0,33,000,00,2,7,03,A01
200700071918,0,07,000,00,0,6,01,B01
200700071918,0,07,000,00,2,2,02,A01
200700071918,0,07,000,00,0,0,01,C01
200700071919,0,33,000,00,0,0,01,A01
200700071919,0,07,000,00,2,0,12,B01
200700071920,0,07,000,04,0,8,01,A01
200700071921,0,07,000,00,2,8,01,B01
200700071921,0,15,000,00,2,7,01,A01
200700071922,0,07,000,00,0,4,02,B01
200700071922,0,07,000,00,2,1,02,A01
200700071923,0,33,000,00,2,7,01,B01
200700071923,0,07,000,00,2,6,11,A01
200700071924,0,07,000,00,2,7,00,B01
200700071924,0,33,000,00,2,8,00,A01
200700071925,0,07,000,00,9,1,01,C01
200700071925,0,07,000,00,9,1,01,B01
200700071925,0,15,000,03,0,1,11,A01
200700071925,0,07,000,00,9,1,01,E01
200700071925,0,07,000,00,9,1,17,D01
200700071926,0,33,000,00,2,7,01,B01
200700071926,0,07,000,00,2,8,11,A01
200700071927,0,07,000,00,2,7,01,A01
200700071927,0,10,000,00,0,8,01,B01
200700071928,0,07,000,10,0,1,01,A01
200700071929,0,07,000,04,0,3,01,A01
200700071930,0,33,000,00,2,7,01,B01
200700071930,0,07,000,00,2,6,11,A01
200700071931,0,07,000,00,0,6,01,A01
200700071931,0,07,000,00,2,2,14,B01
200700071932,0,07,000,00,4,1,02,B01
200700071932,0,07,000,00,2,4,02,A01
200700071933,0,07,000,00,0,0,01,C01
200700071933,0,07,000,00,2,1,01,B01
200700071933,0,07,000,00,2,6,11,A01
200700071934,0,10,000,00,2,1,02,C01
200700071934,0,10,000,00,2,1,02,B01
200700071935,0,07,000,00,2,1,02,E01
200700071935,0,07,000,00,2,1,02,D01
200700071935,0,07,000,00,2,4,02,C01
200700071935,0,07,000,00,2,4,02,B01
200700071935,0,07,000,00,0,4,02,A01
200700071936,2,07,000,00,2,1,02,C01
200700071936,0,07,000,00,2,6,02,B01
200700071936,0,07,000,00,0,8,00,A01
200700071937,0,07,000,00,2,1,02,C01
200700071937,0,07,000,00,2,4,02,B01
200700071937,0,07,000,00,0,4,02,A01
200700071938,0,07,000,00,2,1,02,B01
200700071938,0,07,000,00,0,4,02,A01
200700071939,0,07,000,00,2,4,02,B01
200700071939,0,07,000,00,0,4,02,A01
200700071940,0,07,000,04,0,3,01,A01
200700071941,0,07,000,00,2,1,02,D01
200700071941,0,07,000,00,0,4,01,C01
200700071941,0,33,000,00,2,1,12,B01
200700071941,0,07,000,00,0,4,01,A01
200700071942,0,07,000,00,2,1,02,C01
200700071942,0,07,000,00,2,0,02,B01
200700071942,0,07,000,00,0,4,02,A01
200700071943,0,32,000,00,2,1,02,B01
200700071943,0,07,000,00,0,4,02,A01
200700071944,0,07,000,01,1,2,01,C01
200700071944,0,07,000,00,0,8,23,B01
200700071944,0,07,000,00,0,6,23,A01
200700071945,0,07,000,00,2,1,01,C01
200700071945,0,07,000,00,2,1,01,B01
200700071945,0,07,000,00,0,4,13,A01
200700071946,0,07,000,00,0,5,01,C01
200700071946,0,07,000,00,2,4,01,B01
200700071946,0,07,000,00,2,1,12,A01
200700071947,0,16,000,00,2,8,01,B01
200700071947,0,07,000,00,2,7,17,A01
200700071948,0,07,000,00,2,1,01,B01
200700071948,0,07,000,00,2,4,01,A01
200700071949,0,07,000,00,2,1,02,B01
200700071949,0,07,000,00,0,4,02,A01
200700071950,0,07,000,04,2,1,01,C01
200700071950,0,15,000,00,2,7,12,B01
200700071950,0,07,000,00,2,7,01,A01
200700071951,0,07,000,00,0,5,02,B01
200700071951,0,10,000,00,2,3,01,A01
200700071952,0,07,000,00,2,8,13,B01
200700071952,0,14,000,00,2,7,01,A01
200700071953,0,10,000,00,2,1,02,D01
200700071953,0,07,000,00,2,4,02,C01
200700071953,0,07,000,00,2,4,02,B01
200700071953,0,07,000,00,0,4,02,A01
200700071954,0,07,000,00,0,3,02,A01
200700071955,0,07,000,00,0,1,01,A01
200700071956,0,17,000,00,2,6,01,B01
200700071956,0,17,000,03,2,6,06,A01
200700071957,0,07,000,00,0,4,01,C01
200700071957,0,10,000,00,2,4,01,B01
200700071957,0,07,000,00,2,1,01,A01
200700071958,0,33,000,00,2,7,01,B01
200700071958,0,07,000,00,2,2,11,A01
200700071959,0,07,000,00,2,1,00,A01
200700071959,0,07,000,00,2,1,00,B01
200700071960,0,07,000,13,0,1,01,A01
200700071961,0,07,000,00,2,4,02,A01
200700071961,0,07,000,00,2,1,02,B01
200700071962,0,07,000,14,0,1,01,A01
200700071963,0,07,000,00,0,6,01,A01
200700071963,0,33,000,00,2,1,01,B01
200700071964,0,07,000,00,2,8,01,A01
200700071964,0,14,000,00,2,2,12,B01
200700071964,0,07,000,00,2,7,01,C01
200700071965,0,07,000,04,0,1,14,A01
200700071966,0,33,000,00,2,1,01,A01
200700071966,0,07,000,00,0,6,11,B01
200700071967,0,07,000,00,0,8,01,A01
200700071967,0,07,000,01,0,1,21,B01
200700071967,0,07,000,01,0,1,21,C01
200700071968,0,07,000,00,2,4,02,A01
200700071968,0,07,000,00,2,4,02,B01
200700071968,0,07,000,00,2,9,02,C01
200700071968,0,10,000,00,2,1,02,D01
200700071969,0,07,000,07,0,1,17,A01
200700071970,0,07,000,04,0,1,12,A01
200700071971,0,07,000,00,0,4,23,A01
200700071971,0,07,000,00,2,4,23,B01
200700071971,0,07,000,00,2,4,23,C01
200700071972,0,07,000,00,2,4,00,A01
200700071972,0,07,000,00,2,1,02,B01
200700071973,0,32,000,00,2,7,01,A01
200700071973,1,99,000,00,0,0,00,B01
200700071974,0,07,000,13,0,1,00,A01
200700071975,0,07,000,13,0,1,11,A01
200700071976,0,07,000,04,0,1,01,A01
200700071977,0,07,000,05,0,5,00,A01
200700071978,0,07,000,06,2,4,01,A01
200700071979,0,07,000,03,0,1,00,A01
200700071980,0,07,000,00,2,2,01,A01
200700071980,0,07,000,00,2,6,00,B01
200700071981,0,07,000,04,2,6,01,A01
200700071981,0,14,000,00,2,1,12,B01
200700071981,0,07,000,04,4,3,00,C01
200700071982,0,07,000,00,0,8,01,A01
200700071982,1,15,000,00,2,7,12,B01
200700071983,0,07,000,00,2,5,02,A01
200700071983,0,32,000,00,2,1,02,B01
200700071984,0,07,000,00,2,3,02,A01
200700071985,0,07,000,00,2,7,01,A01
200700071985,0,10,000,00,2,8,01,B01
200700071986,0,07,000,00,9,8,11,A01
200700071986,0,07,000,00,2,2,01,B01
200700071987,0,15,000,00,0,0,01,A01
200700071987,0,07,000,00,9,1,01,B01
200700071988,0,07,000,03,0,3,02,A01
200700071989,0,07,000,00,0,4,00,A01
200700071989,0,07,000,00,2,1,00,B01
200700071990,0,31,000,00,2,7,15,A01
200700071990,0,10,000,00,9,8,01,B01
200700071991,0,02,000,00,0,5,00,A01
200700071991,0,33,000,00,0,5,00,B01
200700071992,0,30,000,00,1,2,05,A01
200700071993,0,30,000,00,1,4,01,A01
200700071994,0,07,000,00,2,3,09,A01
200700071994,0,32,000,00,2,3,01,B01
200700071995,0,01,000,01,0,3,01,A01
200700071995,0,07,000,01,9,3,22,B01
200700071996,0,32,000,00,2,7,17,A01
200700071996,0,07,000,00,2,8,15,B01
200700071997,0,10,000,00,0,2,02,A01
200700071997,0,31,000,00,0,4,02,B01
200700071998,0,33,000,08,0,8,01,A01
200700071999,0,33,000,00,9,6,07,A01
200700071999,1,13,000,00,0,0,07,C01
200700071999,0,01,000,00,0,8,07,B01
200700072000,0,07,000,00,0,8,07,A01
200700072000,0,01,000,00,0,1,07,B01
200700072001,0,33,000,00,2,1,00,A01
200700072001,0,07,000,00,9,4,12,B01
200700072002,0,33,000,01,0,7,01,A01
200700072003,0,07,000,00,1,4,20,A01
200700072004,0,10,000,00,2,3,00,A01
200700072004,0,30,000,00,2,1,00,B01
200700072005,0,33,000,00,1,7,21,A01
200700072006,0,07,000,00,0,3,15,A01
200700072006,0,30,000,00,0,3,00,B01
200700072007,0,30,000,00,1,1,01,A01
200700072008,0,30,000,00,2,2,02,A01
200700072008,0,10,000,00,2,5,02,B01
200700072009,0,07,000,00,0,2,00,A01
200700072010,1,07,000,00,1,1,01,A01
200700072011,0,07,000,00,1,0,01,A01
200700072011,0,30,000,00,2,7,01,B01
200700072011,0,07,000,00,0,8,01,C01
200700072012,0,32,000,00,2,8,01,B01
200700072012,0,07,000,00,2,2,01,A01
200700072013,0,32,000,00,2,1,02,A01
200700072013,0,07,000,00,0,4,23,B01
200700072014,0,33,000,00,2,2,17,A01
200700072014,0,07,000,00,2,3,01,B01
200700072015,0,07,000,00,2,2,09,A01
200700072015,0,32,000,00,2,3,01,B01
200700072016,0,07,000,00,0,6,16,B01
200700072016,0,30,000,00,2,6,02,A01
200700072017,0,37,030,00,1,3,09,A01
200700072017,0,07,000,00,0,5,17,B01
200700072018,0,10,000,00,0,4,04,A01
200700072019,0,07,000,00,0,0,17,B01
200700072019,0,34,000,00,0,0,10,A01
200700072020,0,07,000,00,0,7,16,A01
200700072020,0,32,000,00,0,3,01,B01
200700072021,0,01,000,00,2,7,01,A01
200700072021,0,33,000,00,0,0,15,B01
200700072022,0,32,000,00,2,7,15,A01
200700072022,0,07,000,00,2,3,07,B01
200700072023,0,02,000,00,0,0,21,A01
200700072024,0,01,000,00,2,8,07,B01
200700072024,1,07,000,00,9,7,07,A01
200700072025,0,10,000,00,0,1,07,A01
200700072025,0,01,000,00,0,4,07,B01
200700072026,0,01,000,01,0,1,00,A01
200700072027,0,32,000,00,2,1,05,A01
200700072027,0,07,000,00,2,1,05,B01
200700072028,0,30,000,00,1,7,16,A01
200700072029,0,01,000,00,2,1,01,B01
200700072029,0,07,000,00,2,8,01,A01
200700072030,0,30,000,00,2,1,01,A01
200700072030,0,07,000,00,2,5,01,B01
200700072031,0,07,000,00,1,3,01,A01
200700072032,0,01,000,00,1,1,01,A01
200700072033,0,33,000,14,0,3,18,A01
200700072033,0,07,000,00,0,5,22,B01
200700072034,0,14,000,00,2,5,16,A01
200700072034,0,01,000,00,2,4,01,B01
200700072035,0,07,000,00,1,2,16,A01
200700072036,0,01,000,00,1,1,01,A01
200700072037,0,33,000,00,2,1,02,A01
200700072037,0,07,000,00,0,6,02,B01
200700072038,0,32,000,00,2,1,18,A01
200700072038,0,07,000,00,2,7,16,B01
200700072039,0,07,000,00,0,7,23,A01
200700072039,0,01,000,00,0,8,18,B01
200700072040,0,07,000,01,0,1,01,A01
200700072041,0,07,000,00,0,5,00,A01
200700072041,0,31,000,00,2,3,02,C01
200700072041,0,07,000,00,0,6,02,B01
200700072042,0,33,000,00,0,7,00,A01
200700072043,0,02,000,00,0,0,00,A01
200700072044,0,07,000,00,2,2,01,A01
200700072044,0,01,000,00,2,7,11,B01
200700072045,0,07,000,00,0,1,00,A01
200700072046,0,10,000,00,9,8,01,B01
200700072046,0,07,000,00,9,7,01,C01
200700072046,0,34,000,00,2,3,03,A01
200700072047,0,07,000,00,2,2,12,A01
200700072047,0,31,000,01,2,4,01,B01
200700072048,0,07,000,00,0,0,16,A01
200700072048,0,32,000,00,2,1,21,B01
200700072049,0,07,000,10,0,1,00,A01
200700072050,0,02,000,00,0,5,01,B01
200700072050,0,10,000,00,0,3,19,A01
200700072051,0,31,000,08,0,8,21,A01
200700072052,0,02,000,00,0,7,01,A01
200700072052,0,07,000,00,0,1,15,B01
200700072053,0,07,000,00,1,3,15,A01
200700072054,0,34,000,00,9,1,01,A01
200700072054,0,01,000,00,0,8,10,B01
200700072055,0,07,000,07,2,1,01,A01
200700072055,0,33,000,00,2,1,00,B01
200700072056,0,07,000,00,2,3,09,A01
200700072056,0,02,000,00,2,1,17,B01
200700072057,0,33,000,15,0,2,01,A01
200700072058,0,07,000,00,1,3,01,A01
200700072059,0,30,000,11,0,7,00,A01
200700072060,1,07,000,00,0,4,24,A01
200700072061,0,07,000,00,2,7,15,A01
200700072061,0,32,000,00,2,1,01,B01
200700072062,0,10,000,00,2,3,15,A01
200700072062,0,02,000,00,2,2,01,B01
200700072063,0,31,000,00,0,2,01,A01
200700072063,0,07,000,00,0,1,15,B01
200700072064,0,32,000,00,0,0,21,A01
200700072065,0,30,000,00,2,8,01,B01
200700072065,0,07,000,00,2,4,04,A01
200700072066,0,32,000,00,2,1,17,A01
200700072066,0,07,000,00,2,3,15,B01
200700072067,0,07,000,00,0,6,15,A01
200700072067,0,33,000,00,2,2,01,B01
200700072068,0,07,000,00,0,4,02,B01
200700072068,0,07,000,00,2,1,02,A01
200700072069,0,32,000,00,0,1,00,A01
200700072070,0,07,000,00,1,2,01,A01
200700072071,0,32,000,00,1,0,01,A01
200700072072,0,32,000,00,0,7,00,A01
200700072073,0,38,016,00,2,2,16,A01
200700072073,0,32,000,00,2,8,01,B01
200700072074,0,32,000,00,0,0,02,A01
200700072074,0,32,000,00,0,4,02,B01
200700072075,0,07,000,00,2,1,00,A01
200700072076,0,01,000,00,0,0,00,A01
200700072076,0,10,000,00,0,0,00,B01
200700072077,0,37,020,00,1,5,07,A01
200700072078,0,32,000,00,1,1,18,A01
200700072079,0,07,000,00,2,3,10,A01
200700072079,0,07,000,09,2,5,07,B01
200700072080,0,02,000,00,1,1,01,A01
200700072081,0,30,000,00,2,0,02,A01
200700072081,0,07,000,00,2,6,02,B01
200700072082,0,33,000,00,2,1,02,A01
200700072082,0,10,000,00,0,6,23,B01
200700072083,0,33,000,00,1,0,00,A01
200700072084,0,01,000,00,0,0,00,A01
200700072085,0,31,000,00,2,1,01,B01
200700072085,0,07,000,00,2,2,01,A01
200700072086,0,02,000,00,2,3,01,A01
200700072086,0,07,000,00,2,3,15,B01
200700072087,0,01,000,00,1,0,00,A01
200700072088,0,32,000,00,2,0,02,A01
200700072088,0,13,000,00,9,7,02,B01
200700072089,0,14,000,00,2,5,16,A01
200700072089,0,01,000,00,2,1,07,B01
200700072090,0,07,000,09,0,3,00,A01
200700072091,0,33,000,00,2,2,02,A01
200700072091,0,30,000,00,2,5,01,B01
200700072092,0,32,000,00,1,3,02,A01
200700072093,0,33,000,00,0,0,00,A01
200700072094,0,07,000,00,2,1,02,A01
200700072094,0,01,000,00,2,4,02,B01
200700072095,0,10,000,00,1,7,00,A01
200700072096,0,07,000,00,2,3,01,B01
200700072096,0,32,000,00,2,3,01,A01
200700072097,0,07,000,00,0,7,01,B01
200700072097,0,07,000,00,0,8,02,A01
200700072098,0,07,000,00,0,1,00,B01
200700072098,0,07,000,00,0,0,00,A01
200700072099,0,07,000,00,2,4,23,B01
200700072099,0,38,001,00,0,1,02,A01
200700072100,0,01,000,00,2,4,02,B01
200700072100,0,07,000,00,2,3,02,A01
200700072101,0,07,000,08,0,1,15,A01
200700072102,0,33,000,00,9,4,21,A01
200700072102,0,01,000,00,2,6,19,B01
200700072103,0,07,000,00,1,6,04,A01
200700072104,0,33,000,00,0,0,21,A01
200700072105,0,07,000,00,2,2,21,A01
200700072105,0,01,000,00,0,4,02,B01
200700072106,0,07,000,00,1,3,16,A01
200700072107,0,32,000,00,1,1,01,A01
200700072108,0,32,000,00,0,0,00,A01
200700072109,0,07,000,00,2,8,00,B01
200700072109,0,07,000,00,2,1,00,A01
200700072109,0,07,000,00,0,8,01,C01
200700072110,0,07,000,00,2,1,11,A01
200700072110,0,30,000,00,2,0,16,B01
200700072111,0,30,000,00,0,7,07,A01
200700072111,0,07,000,00,2,3,15,B01
200700072112,0,07,000,00,0,3,10,A01
200700072112,0,34,000,00,2,1,01,B01
200700072113,0,02,000,00,2,0,21,A01
200700072114,0,07,000,00,1,3,02,A01
200700072115,0,32,000,14,0,6,02,A01
200700072116,0,07,000,00,0,7,01,A01
200700072117,0,07,000,00,1,4,04,A01
200700072118,0,01,000,00,9,8,13,B01
200700072118,0,30,000,00,9,7,13,A01
200700072119,0,07,000,00,1,1,01,A01
200700072120,0,02,000,00,0,8,01,A01
200700072121,0,07,000,00,0,4,02,B01
200700072121,0,07,000,00,0,1,02,A01
200700072122,0,07,000,00,2,1,15,A01
200700072122,0,33,000,00,2,1,01,B01
200700072123,0,30,000,00,0,0,16,A01
200700072124,0,10,000,00,0,1,01,A01
200700072125,0,34,000,00,0,1,00,A01
200700072125,0,07,000,00,0,6,00,B01
200700072126,0,33,000,00,2,1,01,A01
200700072126,0,33,000,00,0,2,15,B01
200700072127,0,07,000,00,2,2,16,A01
200700072127,0,01,000,00,2,1,01,B01
200700072128,0,07,000,00,1,3,04,A01
200700072129,0,10,000,00,0,2,02,A01
200700072129,0,07,000,01,0,6,02,B01
200700072129,0,10,000,00,0,6,02,C01
200700072130,0,02,000,00,2,0,01,A01
200700072131,0,07,000,00,1,3,02,A01
200700072132,0,07,000,00,1,2,07,A01
200700072133,0,07,000,15,2,8,00,A01
200700072133,0,02,000,00,2,7,12,B01
200700072134,0,07,000,00,0,8,07,A01
200700072134,0,33,000,00,0,1,11,B01
200700072134,0,07,000,00,2,7,02,C01
200700072135,0,31,000,00,2,8,00,A01
200700072135,0,07,000,00,2,3,00,B01
200700072136,0,02,000,00,1,1,00,A01
200700072137,0,32,000,00,0,8,00,A01
200700072138,0,02,000,00,2,1,01,B01
200700072138,0,07,000,00,2,2,19,A01
200700072139,0,33,000,00,1,2,01,A01
200700072140,0,07,000,00,2,3,12,A01
200700072140,0,33,000,00,2,8,12,B01
200700072141,1,30,000,00,1,1,02,A01
200700072142,0,31,000,00,2,4,02,A01
200700072142,0,07,000,00,2,4,02,B01
200700072143,0,02,000,00,0,7,01,A01
200700072144,0,32,000,08,0,0,01,A01
200700072145,0,30,000,00,0,5,00,A01
200700072146,0,30,000,00,0,7,02,A01
200700072147,0,31,000,00,2,2,01,A01
200700072147,0,07,000,00,0,3,09,B01
200700072148,0,01,000,00,0,8,00,A01
200700072149,0,02,000,00,0,7,00,A01
200700072150,0,07,000,00,1,3,00,A01
200700072151,0,01,000,00,2,1,01,B01
200700072151,0,07,000,00,0,0,22,A01
200700072152,0,34,000,00,0,1,05,A01
200700072152,0,07,000,00,0,0,15,B01
200700072153,0,01,000,00,0,4,02,A01
200700072153,0,07,000,00,2,1,02,B01
200700072154,0,32,000,00,9,7,00,A01
200700072154,0,07,000,00,2,1,01,B01
200700072155,0,07,000,00,2,1,02,A01
200700072155,0,31,000,00,2,4,02,B01
200700072156,0,07,000,12,0,9,11,A01
200700072157,0,33,000,00,2,8,09,B01
200700072157,0,07,000,00,2,2,09,A01
200700072158,0,07,000,00,1,2,16,A01
200700072159,0,31,000,00,0,2,00,A01
200700072160,0,33,000,00,0,8,00,A01
200700072161,0,01,000,00,0,1,00,A01
200700072161,0,07,000,00,0,3,00,B01
200700072162,0,07,000,08,0,2,07,A01
200700072163,0,07,000,00,2,7,15,A01
200700072163,0,30,000,00,2,8,01,B01
200700072164,0,32,000,00,2,1,09,A01
200700072164,0,32,000,00,2,3,09,B01
200700072165,0,07,000,00,2,3,00,A01
200700072165,0,02,000,00,2,1,00,B01
200700072166,0,32,000,00,1,1,00,A01
200700072167,0,33,000,00,2,1,01,A01
200700072167,0,07,000,00,2,7,22,B01
200700072168,0,31,000,00,0,7,01,A01
200700072169,0,07,000,00,1,1,00,A01
200700072170,0,07,000,00,0,7,23,A01
200700072170,0,32,000,00,2,1,14,B01
200700072171,0,03,000,00,1,6,00,A01
200700072172,0,30,000,00,2,3,03,A01
200700072172,0,07,000,00,0,6,00,B01
200700072173,1,07,000,00,0,0,00,A01
200700072174,0,07,000,00,1,2,01,A01
200700072175,0,33,000,00,1,1,07,A01
200700072176,0,02,000,00,1,2,01,A01
200700072177,0,38,057,00,0,0,01,A01
200700072177,0,32,000,00,0,0,18,B01
200700072178,0,32,000,00,0,1,00,A01
200700072179,0,33,000,00,0,0,01,B01
200700072179,0,07,000,00,0,8,22,A01
200700072180,0,07,000,00,0,1,02,A01
200700072180,0,07,000,00,2,4,02,B01
200700072181,0,07,000,00,2,1,01,A01
200700072181,0,07,000,00,2,3,01,B01
200700072182,0,30,000,00,1,7,00,A01
200700072183,0,07,000,00,2,3,00,A01
200700072183,0,07,000,00,0,5,00,B01
200700072184,0,32,000,00,2,1,00,B01
200700072184,0,02,000,00,2,3,01,A01
200700072185,0,37,025,00,0,2,01,A01
200700072186,0,37,005,00,1,2,07,A01
200700072187,0,34,000,00,2,7,00,A01
200700072187,0,07,000,00,2,7,09,B01
200700072188,0,07,000,00,2,6,16,B01
200700072188,0,32,000,00,2,2,21,A01
200700072189,0,07,000,00,1,5,20,A01
200700072190,0,07,000,00,9,2,02,A01
200700072190,0,01,000,00,2,6,02,B01
200700072191,0,02,000,00,0,1,01,A01
200700072191,0,07,000,00,0,3,15,B01
200700072192,0,07,000,00,1,1,02,A01
200700072193,0,07,000,00,2,3,01,A01
200700072193,0,33,000,00,2,6,09,B01
200700072194,0,02,000,00,2,7,01,B01
200700072194,0,07,000,01,0,3,11,A01
200700072195,0,30,000,01,2,1,00,A01
200700072195,0,01,000,01,2,1,00,B01
200700072196,0,07,000,00,2,4,00,B01
200700072196,0,32,000,00,2,1,00,A01
200700072197,0,31,000,00,2,5,07,B01
200700072197,0,07,000,00,2,3,01,A01
200700072198,0,33,000,00,2,7,00,A01
200700072198,0,07,000,00,2,3,01,B01
200700072199,0,32,000,00,2,7,05,A01
200700072199,1,07,000,00,2,0,08,B01
200700072200,0,07,000,07,1,7,00,A01
200700072201,0,07,000,00,1,2,01,A01
200700072202,0,01,000,00,0,0,02,A01
200700072203,0,07,000,00,2,3,10,A01
200700072203,0,30,000,00,2,1,01,B01
200700072204,0,07,000,01,2,3,01,B01
200700072204,0,07,000,15,2,2,15,A01
200700072205,0,32,000,00,2,1,01,A01
200700072205,0,07,000,00,2,8,01,B01
200700072206,0,32,000,00,0,0,01,A01
200700072207,0,30,000,01,0,0,00,A01