Num_Acc,senc,catv,occutc,obs,obsm,choc,manv,num_veh
200700072208,0,30,000,01,0,1,02,A01
200700072208,0,37,000,00,0,6,00,B01
200700072209,0,02,000,00,2,2,17,A01
200700072209,0,10,000,00,2,3,15,B01
200700072210,0,07,000,00,1,3,01,A01
200700072211,0,32,000,00,1,1,02,A01
200700072211,0,07,000,00,0,3,02,B01
200700072212,0,07,000,00,0,0,15,A01
200700072212,0,30,000,00,0,2,07,B01
200700072213,0,01,000,00,0,0,01,A01
200700072214,0,07,000,00,2,6,10,A01
200700072214,0,30,000,00,2,1,17,B01
200700072215,0,07,000,00,0,2,15,A01
200700072215,0,32,000,00,0,1,01,B01
200700072216,0,07,000,00,0,4,23,C01
200700072216,0,07,000,00,2,1,02,A01
200700072216,0,32,000,00,2,4,23,B01
200700072217,0,13,000,00,0,2,16,A01
200700072217,0,01,000,00,2,0,01,B01
200700072218,0,07,000,00,2,1,10,A01
200700072218,0,33,000,00,2,1,01,B01
200700072219,0,33,000,14,0,0,02,A01
200700072220,0,30,000,00,1,1,01,A01
200700072221,0,07,000,00,0,1,15,A01
200700072221,0,32,000,00,0,8,02,B01
200700072222,0,07,000,00,2,1,02,A01
200700072222,0,07,000,00,2,5,00,B01
200700072223,0,30,000,00,1,7,01,A01
200700072224,0,07,000,00,2,2,12,A01
200700072224,0,02,000,00,2,1,01,B01
200700072225,0,32,000,09,0,5,15,A01
200700072225,0,07,000,09,0,3,01,B01
200700072226,0,32,000,00,2,1,01,A01
200700072226,0,07,000,00,2,3,00,B01
200700072227,0,34,000,11,0,1,01,A01
200700072228,0,30,000,00,2,1,02,A01
200700072228,0,07,000,00,2,4,23,B01
200700072229,0,31,000,00,0,2,14,B01
200700072229,0,32,000,00,2,1,07,A01
200700072230,0,07,000,00,0,3,01,B01
200700072230,0,02,000,01,0,2,01,A01
200700072231,0,33,000,01,0,3,18,A01
200700072231,0,07,000,00,0,2,22,B01
200700072232,0,30,000,00,9,0,00,A01
200700072232,0,01,000,00,9,0,00,B01
200700072233,0,32,000,14,0,2,07,A01
200700072234,0,01,000,00,2,7,00,A01
200700072234,0,07,000,00,9,8,23,B01
200700072235,1,02,000,00,2,2,17,A01
200700072235,0,01,000,00,0,3,02,B01
200700072236,0,07,000,00,2,2,15,A01
200700072236,0,30,000,00,2,1,07,B01
200700072237,0,07,000,00,0,4,02,B01
200700072237,0,07,000,00,2,4,02,D01
200700072237,0,07,000,00,2,1,02,A01
200700072237,0,07,000,00,0,4,02,C01
200700072238,1,07,000,00,1,3,01,A01
200700072239,0,07,000,00,0,4,23,B01
200700072239,0,02,000,00,2,6,02,A01
200700072240,0,30,000,00,2,7,15,A01
200700072240,0,07,000,00,9,3,01,B01
200700072241,0,07,000,00,0,5,01,B01
200700072241,0,01,000,14,0,1,02,A01
200700072242,0,07,000,00,2,3,10,A01
200700072242,0,30,000,00,0,1,01,B01
200700072243,0,30,000,00,1,2,00,A01
200700072244,0,14,000,00,1,1,15,A01
200700072245,0,07,000,00,0,8,22,A01
200700072245,0,32,000,01,0,1,01,B01
200700072246,1,01,000,00,0,0,00,A01
200700072247,0,07,000,06,0,1,01,A01
200700072248,0,32,000,00,0,0,01,A01
200700072249,0,01,000,00,1,1,21,A01
200700072250,0,37,001,00,0,7,00,A01
200700072251,0,07,000,07,0,2,01,A01
200700072252,0,32,000,00,0,0,01,A01
200700072253,0,33,000,00,0,0,19,A01
200700072254,0,33,000,00,2,1,01,A01
200700072254,0,07,000,00,0,6,10,B01
200700072255,0,07,000,00,9,8,22,A01
200700072255,0,01,000,01,0,1,00,B01
200700072256,0,02,000,00,2,1,07,A01
200700072256,0,07,000,00,2,3,15,B01
200700072257,0,07,000,00,9,5,16,A01
200700072257,0,01,000,00,2,8,15,B01
200700072258,0,07,000,00,1,1,15,A01
200700072259,0,07,000,00,1,1,02,A01
200700072260,0,32,000,00,2,1,15,A01
200700072260,0,34,000,00,2,1,01,B01
200700072261,0,07,000,00,2,2,05,A01
200700072261,0,33,000,00,2,7,17,B01
200700072262,0,30,000,00,2,7,02,B01
200700072262,1,07,000,00,2,8,02,A01
200700072263,0,30,000,00,2,3,01,B01
200700072263,0,07,000,00,0,2,16,A01
200700072264,0,32,000,00,2,7,02,B01
200700072264,0,32,000,00,2,7,02,A01
200700072264,1,07,000,00,0,0,10,C01
200700072265,0,32,000,00,0,2,17,B01
200700072265,0,07,000,00,2,3,15,A01
200700072266,0,32,000,00,2,2,02,A01
200700072266,0,07,000,00,2,2,15,B01
200700072267,0,32,000,00,0,0,21,A01
200700072268,1,32,000,00,1,1,00,A01
200700072269,0,03,000,00,1,2,01,A01
200700072270,0,02,000,00,0,2,01,A01
200700072270,0,07,000,00,0,3,16,B01
200700072271,0,07,000,14,1,5,04,A01
200700072272,0,07,000,00,2,3,01,A01
200700072272,0,32,000,00,2,3,16,B01
200700072273,0,31,000,00,2,2,02,A01
200700072273,0,07,000,00,2,6,15,B01
200700072274,0,13,000,00,0,5,02,B01
200700072274,0,02,000,00,2,1,02,A01
200700072275,0,07,000,00,2,3,15,B01
200700072275,0,02,000,00,0,2,01,A01
200700072276,0,33,000,00,1,7,02,A01
200700072277,0,07,000,00,0,6,23,A01
200700072277,0,01,000,01,0,1,02,B01
200700072278,0,10,000,00,2,8,22,A01
200700072278,0,01,000,01,0,1,01,B01
200700072279,0,07,000,00,2,3,11,A01
200700072279,0,32,000,00,0,5,17,B01
200700072280,0,34,000,00,2,1,01,B01
200700072280,0,33,000,00,2,5,15,A01
200700072281,0,32,000,00,2,2,17,A01
200700072281,0,07,000,00,2,3,15,B01
200700072282,0,07,000,00,0,2,00,B01
200700072282,0,02,000,01,0,1,02,A01
200700072283,0,07,000,14,0,1,02,A01
200700072283,0,02,000,00,0,4,02,B01
200700072284,0,07,000,01,0,5,04,A01
200700072285,0,31,000,00,2,7,01,B01
200700072285,0,10,000,00,2,8,00,A01
200700072286,0,07,000,00,1,1,01,A01
200700072287,0,07,000,01,0,1,00,A01
200700072288,0,10,000,00,2,2,02,A01
200700072288,0,10,000,00,2,2,02,C01
200700072288,0,07,000,00,2,3,16,B01
200700072289,0,10,000,00,9,2,16,A01
200700072289,0,01,000,00,2,3,01,B01
200700072290,0,32,000,00,2,2,01,A01
200700072290,0,07,000,00,2,3,15,B01
200700072291,0,31,000,00,2,3,02,B01
200700072291,0,07,000,00,2,3,10,A01
200700072292,0,07,000,00,0,8,22,A01
200700072292,0,01,000,01,9,1,01,B01
200700072292,0,01,000,14,0,1,21,C01
200700072293,0,07,000,00,1,1,02,A01
200700072294,0,01,000,00,2,8,11,A01
200700072294,0,31,000,00,9,7,02,B01
200700072295,0,30,000,00,0,0,03,A01
200700072295,0,07,000,00,0,0,09,B01
200700072296,0,07,000,00,0,2,20,B01
200700072296,0,02,000,00,0,8,18,A01
200700072297,0,10,000,00,1,6,04,A01
200700072298,0,01,000,00,0,1,02,A01
200700072298,0,01,000,00,0,0,01,B01
200700072299,0,31,000,00,0,7,00,A01
200700072299,0,07,000,00,0,0,01,B01
200700072300,0,07,000,00,1,1,02,A01
200700072301,0,01,000,00,1,1,01,A01
200700072302,0,01,000,00,1,8,01,A01
200700072303,0,07,000,00,0,3,15,A01
200700072303,0,31,000,00,0,7,17,B01
200700072304,0,31,000,01,0,7,13,A01
200700072305,0,31,000,12,1,3,01,A01
200700072306,0,07,000,00,1,4,04,A01
200700072307,0,02,000,14,2,3,21,A01
200700072308,0,07,000,00,2,8,15,B01
200700072308,0,32,000,00,2,1,17,A01
200700072309,0,30,000,00,2,1,01,A01
200700072309,0,33,000,00,2,7,15,B01
200700072310,0,07,000,00,2,3,22,A01
200700072310,0,30,000,01,0,3,01,B01
200700072311,0,07,000,00,0,5,15,A01
200700072311,0,02,000,00,2,1,01,B01
200700072312,0,07,000,00,1,2,16,A01
200700072313,0,07,000,00,2,1,02,A01
200700072313,0,07,000,00,2,4,23,B01
200700072313,0,07,000,00,0,4,23,C01
200700072314,0,07,000,00,2,2,09,A01
200700072314,0,33,000,00,2,7,17,B01
200700072315,0,07,000,00,0,8,02,B01
200700072315,0,33,000,00,2,2,02,A01
200700072316,0,10,000,00,0,4,17,A01
200700072317,0,32,000,00,1,2,00,A01
200700072318,0,02,000,00,0,0,00,A01
200700072319,0,31,000,12,1,3,01,A01
200700072320,0,30,000,00,0,0,21,A01
200700072321,0,01,000,00,2,1,00,A01
200700072321,0,07,000,00,0,7,16,B01
200700072322,0,31,000,00,2,0,21,A01
200700072323,0,31,000,00,5,1,00,A01
200700072324,0,01,000,14,0,1,01,A01
200700072325,0,33,000,01,2,1,00,A01
200700072325,0,07,000,00,0,4,00,B01
200700072326,0,33,000,14,9,0,01,A01
200700072327,0,33,000,00,2,0,02,A01
200700072327,1,07,000,00,2,0,15,B01
200700072328,0,07,000,00,0,8,02,C01
200700072328,0,33,000,00,2,8,03,B01
200700072328,0,07,000,00,2,2,21,A01
200700072329,0,30,000,00,2,7,16,A01
200700072329,0,01,000,00,2,8,01,B01
200700072330,0,07,000,00,2,3,15,A01
200700072330,0,02,000,00,2,1,17,B01
200700072331,0,07,000,00,2,8,15,A01
200700072331,0,33,000,00,2,2,17,B01
200700072332,0,31,000,00,0,0,21,A01
200700072333,0,33,000,00,2,5,00,A01
200700072333,0,07,000,00,2,4,02,B01
200700072334,0,07,000,00,9,2,16,B01
200700072334,0,02,000,00,2,6,07,A01
200700072335,0,33,000,00,2,3,07,A01
200700072335,0,07,000,00,2,2,16,B01
200700072336,0,07,000,00,0,4,12,A01
200700072336,0,33,000,00,0,1,01,B01
200700072337,0,07,000,00,2,1,02,A01
200700072337,0,07,000,00,2,4,23,B01
200700072338,0,07,000,00,2,3,16,A01
200700072338,0,01,000,00,2,2,01,B01
200700072339,0,07,000,00,2,3,15,A01
200700072339,0,02,000,00,2,5,17,B01
200700072340,0,33,000,00,0,0,00,A01
200700072341,0,02,000,00,0,8,00,A01
200700072342,0,01,000,00,1,1,01,A01
200700072343,0,02,000,00,0,7,01,A01
200700072344,0,07,000,00,1,2,02,A01
200700072345,0,34,000,00,2,2,02,A01
200700072345,0,13,000,00,2,3,10,B01
200700072346,0,13,000,00,9,6,02,A01
200700072346,0,33,000,00,0,2,02,B01
200700072347,0,01,000,00,0,0,00,A01
200700072348,0,07,000,00,9,8,15,B01
200700072348,0,32,000,00,2,1,02,A01
200700072349,0,32,000,00,1,1,02,A01
200700072350,0,01,000,00,0,4,12,B01
200700072350,0,07,000,00,0,3,02,A01
200700072351,0,31,000,00,9,5,09,A01
200700072352,0,07,000,00,2,3,15,B01
200700072352,0,31,000,00,2,1,00,A01
200700072353,0,31,000,00,0,0,02,A01
200700072354,0,31,000,00,0,8,11,A01
200700072355,0,33,000,00,0,8,16,A01
200700072356,0,02,000,00,2,7,12,A01
200700072356,0,07,000,00,2,8,02,B01
200700072357,0,30,000,00,2,7,02,B01
200700072357,0,07,000,00,0,3,00,A01
200700072358,0,07,000,00,1,1,02,A01
200700072359,0,07,000,01,2,2,01,A01
200700072359,0,32,000,00,2,2,14,B01
200700072360,0,07,000,00,1,3,16,A01
200700072361,0,07,000,00,9,8,13,B01
200700072361,0,32,000,00,2,7,17,A01
200700072362,0,07,000,00,1,5,01,A01
200700072363,0,32,000,00,1,7,02,A01
200700072364,0,32,000,00,2,7,17,B01
200700072364,0,07,000,00,2,8,15,A01
200700072365,0,32,000,00,0,0,00,A01
200700072366,0,07,000,00,0,3,01,B01
200700072366,0,30,000,00,0,1,15,A01
200700072367,0,07,000,00,9,8,15,A01
200700072367,0,02,000,00,2,7,17,B01
200700072368,0,01,000,15,0,1,02,A01
200700072369,0,01,000,12,0,0,00,A01
200700072370,0,01,000,00,0,0,00,A01
200700072371,0,07,000,00,2,4,04,A01
200700072371,0,07,000,00,2,1,23,B01
200700072372,0,07,000,01,0,2,15,A01
200700072373,0,02,000,00,1,0,01,A01
200700072374,0,07,000,00,0,3,11,A01
200700072374,0,07,000,00,2,3,17,B01
200700072375,0,07,000,00,2,3,15,A01
200700072375,0,32,000,00,2,3,01,B01
200700072376,0,07,000,00,2,4,23,B01
200700072376,0,07,000,00,2,1,02,A01
200700072377,0,07,000,00,0,8,15,A01
200700072377,0,33,000,00,0,1,01,B01
200700072378,0,30,000,00,2,1,01,B01
200700072378,0,07,000,00,0,7,01,A01
200700072379,0,01,000,00,0,1,07,A01
200700072379,0,37,001,00,0,8,01,B01
200700072380,0,07,000,00,2,1,00,A01
200700072380,0,07,000,00,2,7,01,B01
200700072381,0,07,000,00,2,1,01,A01
200700072381,0,07,000,00,0,4,01,B01
200700072382,0,07,000,00,0,6,04,A01
200700072383,0,31,000,14,2,8,02,B01
200700072383,0,07,000,00,2,2,12,A01
200700072384,0,07,000,00,0,5,02,B01
200700072384,0,07,000,00,0,3,02,A01
200700072385,0,31,000,14,0,1,02,A01
200700072386,0,07,000,00,1,3,01,A01
200700072387,0,07,000,00,1,7,01,A01
200700072388,0,07,000,00,0,2,13,A01
200700072388,0,02,000,00,0,3,01,B01
200700072389,0,07,000,00,1,2,00,A01
200700072390,0,07,000,00,0,1,00,A01
200700072391,0,33,000,00,2,7,17,A01
200700072391,0,07,000,00,0,3,15,B01
200700072392,0,07,000,00,0,2,16,B01
200700072392,0,02,000,00,2,3,01,A01
200700072393,0,32,000,00,2,1,01,A01
200700072393,0,07,000,00,2,2,15,B01
200700072394,0,07,000,00,2,7,22,A01
200700072394,0,31,000,00,2,3,18,B01
200700072395,0,01,000,00,1,1,01,A01
200700072396,0,30,000,00,9,7,17,A01
200700072396,0,01,000,00,0,8,01,B01
200700072397,0,32,000,00,2,7,17,A01
200700072397,1,07,000,00,0,0,15,B01
200700072398,0,07,000,00,2,2,10,A01
200700072398,0,31,000,00,2,1,01,B01
200700072399,0,07,000,00,2,1,02,A01
200700072399,0,07,000,00,2,4,02,B01
200700072400,0,07,000,00,0,2,01,A01
200700072401,0,07,000,00,1,1,15,A01
200700072402,0,07,000,00,1,3,02,A01
200700072403,0,07,000,00,1,2,02,A01
200700072404,0,32,000,00,0,0,13,A01
200700072405,0,07,000,00,2,2,15,A01
200700072405,0,30,000,00,0,1,07,B01
200700072406,0,07,000,00,0,3,22,A01
200700072406,0,01,000,01,0,7,17,B01
200700072407,0,32,000,00,0,7,01,A01
200700072408,0,02,000,00,2,1,01,A01
200700072408,0,32,000,00,2,8,15,B01
200700072409,0,02,000,00,2,1,00,A01
200700072409,0,07,000,00,2,6,00,B01
200700072410,0,07,000,00,2,1,02,A01
200700072410,0,07,000,00,0,4,02,B01
200700072411,0,07,000,00,0,3,10,A01
200700072411,0,02,000,00,2,1,17,B01
200700072412,0,32,000,00,0,4,15,B01
200700072412,0,32,000,00,2,1,01,A01
200700072413,0,31,000,00,0,1,11,A01
200700072413,0,07,000,00,0,8,23,B01
200700072414,0,10,000,00,0,8,01,B01
200700072414,0,30,000,00,0,7,02,A01
200700072415,1,07,000,00,1,4,01,A01
200700072416,0,07,000,00,2,2,15,A01
200700072416,0,32,000,00,2,1,01,B01
200700072417,0,33,000,00,1,3,01,A01
200700072418,0,07,000,00,1,3,09,A01
200700072419,0,33,000,00,2,1,05,A01
200700072419,0,07,000,00,2,3,05,B01
200700072420,0,30,000,14,0,0,06,A01
200700072421,0,02,000,00,2,7,15,A01
200700072421,0,32,000,00,2,1,19,B01
200700072422,0,33,000,00,2,4,23,B01
200700072422,0,17,000,00,2,0,02,A01
200700072423,0,32,000,00,1,1,01,A01
200700072424,0,33,000,01,0,1,21,A01
200700072424,0,07,000,00,0,5,24,B01
200700072425,0,07,000,00,1,1,01,A01
200700072426,0,07,000,00,0,8,20,A01
200700072426,0,02,000,00,0,7,17,B01
200700072427,0,07,000,01,0,1,02,A01
200700072428,0,07,000,00,9,3,22,A01
200700072428,0,01,000,01,0,1,01,B01
200700072429,0,14,000,00,2,2,15,A01
200700072429,0,07,000,00,2,1,01,B01
200700072430,0,07,000,14,0,3,15,A01
200700072430,0,33,000,14,2,1,15,B01
200700072431,1,30,000,00,0,0,00,A01
200700072432,0,30,000,00,0,3,01,A01
200700072432,0,07,000,00,0,3,15,B01
200700072433,0,32,000,00,0,2,01,B01
200700072433,0,01,000,00,0,2,00,A01
200700072434,0,07,000,00,2,2,01,A01
200700072434,0,33,000,00,2,7,09,B01
200700072435,0,07,000,00,0,7,07,A01
200700072436,0,07,000,00,2,2,01,A01
200700072436,0,32,000,00,2,1,12,B01
200700072437,0,02,000,00,1,1,01,A01
200700072438,0,07,000,00,2,2,15,A01
200700072438,0,32,000,00,2,1,01,B01
200700072439,0,07,000,00,1,1,09,A01
200700072440,0,07,000,00,2,2,13,B01
200700072440,0,33,000,00,0,1,02,A01
200700072441,0,07,000,00,2,3,01,B01
200700072441,0,01,000,00,2,2,03,A01
200700072442,0,07,000,00,1,5,20,A01
200700072443,0,07,000,00,2,1,02,A01
200700072443,0,07,000,00,2,4,02,B01
200700072443,0,07,000,00,2,4,02,C01
200700072444,0,31,000,00,1,7,01,A01
200700072445,0,31,000,00,0,4,15,B01
200700072445,0,07,000,00,2,1,01,A01
200700072446,0,07,000,00,0,2,01,A01
200700072446,0,32,000,00,2,6,01,B01
200700072447,0,07,000,00,2,2,02,A01
200700072447,0,30,000,00,2,8,02,B01
200700072448,0,07,000,00,9,7,15,A01
200700072448,0,32,000,00,2,1,01,B01
200700072449,0,31,000,00,1,1,17,A01
200700072450,0,33,000,00,0,3,01,A01
200700072451,0,30,000,00,2,1,07,A01
200700072451,0,07,000,00,2,7,15,B01
200700072452,0,07,000,00,0,1,06,A01
200700072452,0,07,000,00,0,3,01,B01
200700072453,0,33,000,01,2,1,02,B01
200700072453,0,07,000,00,0,5,15,A01
200700072454,0,33,000,00,2,7,17,B01
200700072454,0,37,001,00,0,8,15,A01
200700072455,0,07,000,00,2,3,20,A01
200700072455,0,31,000,14,0,8,01,B01
200700072456,0,01,000,00,0,8,11,A01
200700072457,0,07,000,00,2,5,15,A01
200700072457,0,33,000,00,2,3,01,B01
200700072458,0,07,000,00,2,7,15,A01
200700072458,0,33,000,00,2,8,01,B01
200700072459,0,07,000,08,0,3,01,A01
200700072460,0,10,000,00,1,4,04,A01
200700072461,0,07,000,00,2,3,01,B01
200700072461,0,33,000,00,2,3,01,A01
200700072462,0,07,000,00,2,1,02,A01
200700072462,0,07,000,00,2,6,02,B01
200700072462,0,07,000,01,0,3,09,C01
200700072463,0,07,000,14,0,2,00,A01
200700072464,0,02,000,00,0,8,02,A01
200700072464,0,07,000,00,0,2,02,B01
200700072465,0,07,000,00,1,2,00,A01
200700072466,0,07,000,14,0,1,01,A01
200700072466,0,07,000,00,0,4,23,B01
200700072467,0,37,000,00,1,0,09,A01
200700072468,0,07,000,00,2,3,19,B01
200700072468,0,02,000,00,2,1,16,A01
200700072469,0,07,000,00,1,3,01,A01
200700072470,0,07,000,00,0,2,01,A01
200700072471,0,07,000,00,1,1,01,A01
200700072472,0,07,000,00,1,2,01,A01
200700072473,0,33,000,00,2,1,01,B01
200700072473,0,07,000,00,2,2,01,A01
200700072474,0,07,000,01,0,1,13,A01
200700072475,0,07,000,01,0,2,02,A01
200700072476,0,10,000,00,2,0,04,A01
200700072476,0,32,000,00,2,6,02,B01
200700072476,0,10,000,00,2,6,02,C01
200700072477,0,07,000,00,1,1,02,A01
200700072478,1,30,000,00,1,1,00,A01
200700072479,0,07,000,00,2,1,13,A01
200700072479,0,37,012,00,2,3,02,B01
200700072480,0,07,000,00,2,6,10,A01
200700072480,0,31,000,00,2,1,01,B01
200700072481,0,32,000,00,2,8,02,A01
200700072481,0,15,000,00,2,2,16,B01
200700072482,0,07,000,00,1,5,22,A01
200700072482,0,07,000,00,0,3,01,B01
200700072483,0,07,000,00,1,6,04,A01
200700072484,0,07,000,00,2,8,11,A01
200700072484,0,33,000,00,2,8,01,B01
200700072485,0,07,000,00,2,3,11,A01
200700072485,0,32,000,00,2,2,01,B01
200700072486,0,07,000,00,0,0,00,A01
200700072487,0,07,000,00,2,7,12,A01
200700072487,0,33,000,00,2,3,01,B01
200700072488,0,07,000,00,1,3,15,A01
200700072489,0,32,000,00,2,1,01,B01
200700072489,0,07,000,00,2,8,09,A01
200700072490,0,32,000,00,0,8,01,A01
200700072491,0,10,000,00,1,8,11,A01
200700072492,0,07,000,00,1,2,02,A01
200700072493,0,07,000,00,1,1,01,A01
200700072494,0,07,000,00,2,3,15,A01
200700072494,0,01,000,00,2,1,01,B01
200700072495,0,07,000,00,2,3,10,A01
200700072495,0,31,000,00,2,1,01,B01
200700072496,0,02,000,01,2,8,18,A01
200700072496,0,10,000,00,2,2,16,B01
200700072497,0,07,000,00,2,4,12,A01
200700072497,0,02,000,00,2,1,18,B01
200700072498,0,07,000,02,0,1,02,A01
200700072499,0,07,000,00,1,5,02,B01
200700072499,0,30,000,00,2,1,12,A01
200700072499,1,07,000,00,2,1,07,C01
200700072500,0,07,000,00,2,3,09,A01
200700072500,0,30,000,00,2,7,01,B01
200700072501,0,30,000,00,2,3,00,B01
200700072501,0,01,000,00,2,2,00,A01
200700072502,0,01,000,00,0,0,05,A01
200700072502,0,07,000,00,0,3,15,B01
200700072503,0,07,000,00,2,5,15,A01
200700072503,0,33,000,00,2,7,01,B01
200700072504,0,07,000,01,1,1,02,A01
200700072504,0,07,000,00,0,4,24,B01
200700072505,0,07,000,00,2,2,02,A01
200700072505,0,01,000,00,2,1,01,B01
200700072506,0,33,000,00,1,2,02,A01
200700072507,0,30,000,14,0,1,00,A01
200700072508,0,32,000,00,1,1,02,A01
200700072509,0,34,000,00,2,1,01,B01
200700072509,0,10,000,00,2,8,10,A01
200700072510,0,01,000,00,1,1,01,A01
200700072511,0,07,000,00,0,5,15,B01
200700072511,0,33,000,00,2,8,18,A01
200700072512,1,07,000,00,1,4,02,A01
200700072513,0,33,000,00,2,1,01,A01
200700072513,0,07,000,00,2,6,01,B01
200700072514,0,01,000,00,0,8,02,A01
200700072515,0,10,000,00,2,7,22,A01
200700072515,0,33,000,01,0,1,02,B01
200700072516,0,31,000,00,0,0,01,B01
200700072516,0,30,000,00,0,0,15,A01
200700072517,0,07,000,00,2,1,02,A01
200700072517,0,33,000,00,2,4,02,B01
200700072518,0,34,000,00,1,1,00,A01
200700072519,0,30,000,00,0,7,01,A01
200700072520,0,34,000,00,0,4,02,B01
200700072520,0,07,000,00,2,1,02,A01
200700072521,0,01,000,00,2,8,16,A01
200700072521,1,07,000,00,9,1,15,B01
200700072522,0,07,000,00,2,3,09,B01
200700072522,0,32,000,00,2,7,02,A01
200700072523,0,30,000,14,0,1,00,A01
200700072524,0,07,000,00,0,7,01,B01
200700072524,0,07,000,00,2,2,01,A01
200700072525,0,07,000,01,1,2,09,A01
200700072526,0,07,000,00,2,4,01,A01
200700072526,0,07,000,00,0,4,01,B01
200700072527,0,02,000,00,2,1,01,A01
200700072527,0,07,000,00,2,1,05,B01
200700072528,0,07,000,00,2,7,01,A01
200700072528,0,07,000,00,2,1,01,B01
200700072529,0,02,000,00,2,1,01,A01
200700072529,0,37,020,00,2,3,09,B01
200700072530,0,30,000,00,2,1,01,B01
200700072530,0,07,000,00,0,5,04,A01
200700072531,0,30,000,00,1,1,01,A01
200700072532,0,33,000,00,0,0,21,A01
200700072532,1,07,000,00,0,0,14,B01
200700072533,0,07,000,00,2,3,10,A01
200700072533,0,30,000,00,2,1,02,B01
200700072534,0,02,000,00,0,6,01,A01
200700072535,0,07,000,00,0,0,00,A01
200700072536,0,07,000,04,2,1,03,A01
200700072536,1,07,000,00,2,2,00,B01
200700072537,0,31,000,00,0,8,02,A01
200700072538,0,07,000,00,0,2,11,A01
200700072538,0,07,000,00,2,3,01,B01
200700072539,0,34,000,00,0,0,00,A01
200700072540,0,07,000,00,2,1,02,A01
200700072540,0,07,000,00,0,4,23,B01
200700072541,0,07,000,00,2,1,02,A01
200700072541,0,07,000,00,2,4,02,B01
200700072542,0,07,000,00,1,6,04,A01
200700072543,1,07,000,00,1,1,01,A01
200700072544,0,07,000,00,2,1,02,A01
200700072544,0,07,000,00,0,4,23,B01
200700072545,0,31,000,11,0,3,21,A01
200700072546,1,07,000,00,2,1,01,C01
200700072546,0,07,000,00,2,6,01,A01
200700072546,0,07,000,00,0,4,02,B01
200700072547,0,07,000,00,0,3,09,A01
200700072547,0,33,000,00,2,2,01,B01
200700072548,0,01,000,00,0,0,00,A01
200700072549,0,33,000,01,0,7,21,A01
200700072549,0,07,000,00,0,5,24,B01
200700072550,0,07,000,00,2,7,02,A01
200700072550,0,31,000,00,0,2,02,B01
200700072551,0,32,000,00,2,1,01,B01
200700072551,0,07,000,00,0,8,09,A01
200700072552,0,10,000,00,2,8,10,A01
200700072552,0,33,000,00,2,1,01,B01
200700072553,0,34,000,00,2,2,01,A01
200700072553,0,07,000,00,0,3,10,B01
200700072554,1,07,000,00,9,1,02,A01
200700072554,0,01,000,00,0,4,00,B01
200700072555,0,01,000,00,0,2,01,A01
200700072555,0,01,000,00,9,8,00,B01
200700072556,0,31,000,00,0,0,01,A01
200700072557,0,07,000,00,2,2,12,B01
200700072557,0,33,000,00,2,3,01,A01
200700072558,0,07,000,00,2,1,12,A01
200700072558,0,32,000,00,0,4,01,B01
200700072559,0,07,000,00,2,8,15,B01
200700072559,0,30,000,00,2,7,17,A01
200700072560,0,07,000,00,2,1,12,A01
200700072560,0,32,000,00,2,3,01,B01
200700072561,1,07,000,00,0,3,10,A01
200700072561,0,30,000,00,2,2,02,B01
200700072562,0,32,000,00,0,0,21,A01
200700072563,0,07,000,00,9,1,02,A01
200700072563,0,01,000,00,0,4,02,B01
200700072564,0,30,000,00,0,0,01,A01
200700072565,0,01,000,00,0,4,14,B01
200700072565,0,07,000,00,9,1,02,A01
200700072566,0,32,000,00,0,7,16,A01
200700072567,0,01,000,00,2,4,02,A01
200700072567,1,10,000,00,9,1,02,B01
200700072568,0,07,000,00,1,3,15,A01
200700072569,0,07,000,00,2,2,00,B01
200700072569,0,07,000,00,2,3,00,A01
200700072570,0,07,000,00,2,1,13,A01
200700072570,0,07,000,00,2,1,02,B01
200700072571,0,07,000,00,2,3,10,A01
200700072571,0,32,000,00,2,1,01,B01
200700072572,0,07,000,15,2,1,01,A01
200700072572,0,07,000,00,2,3,00,B01
200700072573,0,07,000,00,2,8,15,A01
200700072573,0,37,001,00,2,1,00,B01
200700072574,0,32,000,00,2,1,00,C01
200700072574,0,07,000,00,0,0,00,A01
200700072574,0,13,000,00,2,1,02,B01
200700072574,1,07,000,00,0,0,00,D01
200700072575,0,07,000,00,2,8,02,A01
200700072575,0,14,000,00,2,2,02,B01
200700072576,0,01,000,08,0,7,00,A01
200700072577,0,07,000,00,0,3,01,A01
200700072578,0,33,000,00,0,0,01,A01
200700072579,0,33,000,00,2,0,00,A01
200700072580,0,30,000,00,2,7,00,A01
200700072580,0,07,000,00,2,0,10,B01
200700072581,0,31,000,00,2,0,00,A01
200700072582,0,30,000,00,2,2,02,A01
200700072582,0,07,000,00,0,4,02,B01
200700072583,0,07,000,00,2,4,01,A01
200700072583,0,32,000,00,2,6,00,B01
200700072584,0,01,000,00,2,1,01,A01
200700072584,0,01,000,00,2,1,01,B01
200700072585,0,07,000,00,0,3,10,A01
200700072585,0,30,000,00,0,1,02,B01
200700072586,0,07,000,00,0,2,12,A01
200700072586,0,01,000,00,2,3,01,B01
200700072587,0,32,000,00,0,0,01,A01
200700072588,0,01,000,00,2,8,02,A01
200700072588,1,10,000,00,2,7,02,B01
200700072589,0,32,000,00,2,1,05,B01
200700072589,0,07,000,15,2,8,10,A01
200700072590,0,31,000,00,0,8,00,A01
200700072591,0,33,000,00,1,1,02,A01
200700072592,0,02,000,00,0,1,01,A01