Num_Acc,senc,catv,occutc,obs,obsm,choc,manv,num_veh
200700072592,0,07,000,00,0,5,01,B01
200700072593,0,07,000,00,0,4,01,A01
200700072593,0,02,000,00,2,1,02,B01
200700072594,0,32,000,00,0,3,01,A01
200700072595,0,07,000,00,0,3,00,B01
200700072595,0,31,000,00,2,1,01,A01
200700072596,0,07,000,00,2,3,15,A01
200700072596,0,30,000,00,2,2,02,B01
200700072597,0,32,000,00,2,5,17,B01
200700072597,0,07,000,00,2,3,01,A01
200700072598,0,30,000,00,2,8,18,B01
200700072598,1,07,000,00,2,7,16,A01
200700072599,0,32,000,00,0,3,02,A01
200700072600,0,07,000,00,0,2,02,A01
200700072600,0,02,000,00,2,1,02,B01
200700072601,0,32,000,00,0,1,01,A01
200700072601,0,07,000,00,0,2,16,B01
200700072602,0,07,000,00,1,1,01,A01
200700072603,0,07,000,00,0,1,02,B01
200700072603,0,07,000,00,0,5,10,A01
200700072604,0,33,000,00,2,1,01,B01
200700072604,0,07,000,00,2,8,10,A01
200700072605,0,07,000,00,2,3,00,A01
200700072605,0,02,000,00,2,7,01,B01
200700072606,0,30,000,00,2,2,08,A01
200700072606,0,07,000,00,2,2,15,B01
200700072607,0,32,000,00,2,1,01,A01
200700072607,0,07,000,00,2,3,02,B01
200700072607,0,07,000,00,2,3,03,C01
200700072608,0,07,000,00,2,8,11,A01
200700072608,0,33,000,00,2,1,17,B01
200700072609,0,02,000,00,2,8,18,A01
200700072609,0,07,000,00,2,2,16,B01
200700072610,0,33,000,00,2,7,01,B01
200700072610,0,07,000,00,2,6,15,A01
200700072611,0,02,000,00,2,8,09,A01
200700072611,0,07,000,00,2,3,01,B01
200700072612,0,15,000,00,0,3,00,A01
200700072612,0,01,000,00,0,0,00,B01
200700072613,0,10,000,00,2,3,00,B01
200700072613,0,34,000,00,2,1,00,A01
200700072613,0,10,000,13,0,3,00,C01
200700072614,1,07,000,00,1,0,00,A01
200700072615,1,07,000,00,0,0,07,A01
200700072616,0,07,000,00,1,1,16,A01
200700072617,0,30,000,00,0,0,00,A01
200700072618,0,07,000,00,0,3,09,A01
200700072618,0,01,000,01,2,1,01,B01
200700072619,0,07,000,00,2,3,21,A01
200700072619,0,07,000,00,2,1,01,B01
200700072620,0,34,000,00,2,1,17,A01
200700072620,0,07,000,00,2,3,15,B01
200700072621,0,32,000,00,2,6,01,A01
200700072621,0,07,000,00,2,3,23,B01
200700072622,0,32,000,00,2,7,15,A01
200700072622,0,33,000,00,2,1,01,B01
200700072623,0,07,000,00,0,2,00,B01
200700072623,0,02,000,00,0,2,00,A01
200700072624,0,07,000,00,0,3,01,A01
200700072625,0,07,000,00,0,2,16,A01
200700072625,0,02,000,00,2,1,07,B01
200700072626,0,33,000,00,2,5,00,A01
200700072627,0,01,000,00,0,0,00,B01
200700072627,1,07,000,00,0,0,00,A01
200700072628,0,33,000,00,0,8,21,A01
200700072629,0,30,000,00,2,7,17,A01
200700072629,0,07,000,00,2,8,15,B01
200700072630,0,33,000,00,2,3,02,A01
200700072630,0,07,000,00,0,5,02,B01
200700072631,0,07,000,00,0,3,00,A01
200700072632,0,33,000,00,2,1,09,A01
200700072632,0,07,000,00,0,3,01,B01
200700072633,0,33,000,00,2,1,01,A01
200700072633,0,07,000,00,2,1,09,B01
200700072634,0,34,000,14,9,8,05,A01
200700072635,0,07,000,00,0,5,02,B01
200700072635,0,33,000,00,2,3,02,A01
200700072636,0,10,000,00,0,4,02,B01
200700072636,0,10,000,00,2,1,02,A01
200700072637,0,07,000,00,0,6,11,A01
200700072637,0,32,000,00,0,2,01,B01
200700072638,0,07,000,00,0,5,02,B01
200700072638,0,33,000,00,2,2,01,A01
200700072639,0,30,000,00,0,1,02,A01
200700072639,0,07,000,00,0,1,23,B01
200700072640,0,07,000,00,1,3,15,A01
200700072641,0,07,000,00,0,0,10,A01
200700072641,0,32,000,14,0,2,01,B01
200700072642,0,34,000,00,0,0,00,A01
200700072643,0,07,000,00,1,2,01,A01
200700072644,0,07,000,00,1,3,00,A01
200700072645,0,31,000,00,2,1,01,B01
200700072645,0,07,000,00,0,2,15,A01
200700072646,0,07,000,00,1,1,02,A01
200700072646,0,07,000,00,2,4,02,B01
200700072646,0,07,000,00,2,1,02,C01
200700072647,1,30,000,00,1,0,00,A01
200700072648,0,33,000,00,2,1,00,B01
200700072648,0,07,000,00,2,2,00,A01
200700072649,0,07,000,00,2,8,01,B01
200700072649,0,32,000,00,2,1,01,A01
200700072650,0,33,000,00,0,1,02,A01
200700072650,0,07,000,00,0,2,15,B01
200700072651,0,07,000,00,2,2,15,A01
200700072651,0,33,000,00,2,1,01,B01
200700072652,0,32,000,00,0,4,00,A01
200700072652,0,07,000,00,2,1,00,B01
200700072653,0,32,000,12,0,0,00,A01
200700072654,0,07,000,00,1,5,00,A01
200700072655,0,07,000,00,1,2,01,A01
200700072656,0,02,000,00,2,8,03,B01
200700072656,0,17,000,00,0,2,14,A01
200700072657,0,07,000,00,2,1,00,B01
200700072657,0,01,000,00,2,7,02,A01
200700072658,0,07,000,00,2,8,22,B01
200700072658,0,07,000,00,2,8,23,C01
200700072658,0,01,000,01,0,0,01,A01
200700072659,0,07,000,00,1,3,00,A01
200700072660,0,07,000,00,1,1,01,A01
200700072661,0,07,000,00,0,0,02,B01
200700072661,0,32,000,00,0,0,00,A01
200700072662,0,07,000,00,0,6,02,A01
200700072662,0,10,000,00,2,3,01,B01
200700072663,0,02,000,00,1,1,17,A01
200700072664,0,30,000,00,2,2,09,A01
200700072664,0,07,000,00,9,3,02,B01
200700072665,0,32,000,00,2,3,02,A01
200700072665,1,07,000,00,0,0,00,B01
200700072666,0,32,000,00,2,9,02,B01
200700072666,0,07,000,00,2,2,02,A01
200700072667,0,02,000,00,0,0,00,A01
200700072667,1,07,000,00,2,0,00,B01
200700072668,0,07,000,00,1,3,01,A01
200700072669,0,02,000,00,2,7,17,A01
200700072669,0,07,000,00,2,3,15,B01
200700072670,0,33,000,11,0,1,03,A01
200700072671,0,10,000,00,2,2,02,A01
200700072671,0,01,000,00,2,1,02,B01
200700072672,0,32,000,00,0,0,21,A01
200700072673,0,32,000,00,1,2,00,A01
200700072674,0,34,000,00,2,0,21,A01
200700072675,0,32,000,00,2,2,17,A01
200700072675,0,07,000,00,0,8,15,B01
200700072676,0,33,000,00,0,0,20,A01
200700072677,0,07,000,00,1,3,01,A01
200700072678,0,07,000,00,2,2,09,A01
200700072678,0,31,000,00,2,1,19,B01
200700072679,0,10,000,00,1,2,16,A01
200700072680,0,33,000,00,0,0,21,A01
200700072681,0,32,000,01,1,8,07,A01
200700072682,0,10,000,00,0,5,17,A01
200700072682,0,01,000,01,0,8,13,B01
200700072683,0,01,000,00,2,7,00,A01
200700072683,1,10,000,00,2,2,00,B01
200700072684,0,07,000,00,1,3,01,A01
200700072685,0,07,000,00,1,2,01,A01
200700072686,1,07,000,00,0,0,00,A01
200700072686,0,32,000,00,2,8,02,B01
200700072687,0,07,000,00,2,8,13,A01
200700072687,0,32,000,00,2,2,17,B01
200700072688,0,32,000,00,2,8,02,A01
200700072688,1,07,000,00,0,0,00,B01
200700072689,0,10,000,09,0,1,00,A01
200700072689,1,07,000,00,0,0,11,B01
200700072690,0,07,000,00,2,7,12,A01
200700072690,0,33,000,00,2,3,07,B01
200700072691,0,14,000,09,0,0,02,A01
200700072692,0,07,000,00,2,7,03,A01
200700072692,0,32,000,00,2,8,01,B01
200700072693,0,33,000,00,1,0,02,A01
200700072694,0,07,000,00,1,7,00,A01
200700072695,0,32,000,00,0,5,01,A01
200700072696,0,10,000,00,2,8,15,B01
200700072696,0,32,000,00,2,2,17,A01
200700072697,0,07,000,00,1,6,04,A01
200700072698,0,07,000,01,0,8,23,A01
200700072698,0,07,000,00,0,5,24,B01
200700072699,0,07,000,00,0,5,04,A01
200700072699,0,30,000,00,2,1,02,B01
200700072700,0,33,000,00,2,0,21,A01
200700072701,0,07,000,00,2,2,00,A01
200700072701,0,32,000,00,2,3,00,B01
200700072702,1,07,000,00,1,0,01,A01
200700072703,0,33,000,00,2,3,01,A01
200700072703,1,10,000,00,0,2,00,B01
200700072704,0,07,000,14,0,1,00,A01
200700072705,0,32,000,00,0,2,00,A01
200700072705,1,10,000,00,2,0,00,B01
200700072706,1,07,000,00,0,0,01,B01
200700072706,0,33,000,00,0,8,01,A01
200700072707,0,07,000,00,2,1,01,A01
200700072707,0,07,000,00,2,4,01,B01
200700072708,0,32,000,01,0,2,01,A01
200700072709,0,07,000,00,1,8,15,A01
200700072710,0,34,000,00,2,8,01,B01
200700072710,0,07,000,00,2,3,15,A01
200700072711,0,32,000,00,2,1,01,B01
200700072711,0,03,000,00,0,7,15,A01
200700072712,0,07,000,00,2,1,02,A01
200700072712,0,31,000,00,0,4,02,B01
200700072713,0,02,000,00,0,0,00,A01
200700072714,0,10,000,00,1,3,15,A01
200700072715,0,07,000,05,0,9,12,A01
200700072716,0,01,000,01,0,1,01,B01
200700072716,0,07,000,00,2,3,22,A01
200700072717,0,07,000,11,0,1,02,A01
200700072718,0,07,000,00,2,2,02,A01
200700072718,0,07,000,00,2,6,02,B01
200700072719,0,07,000,01,0,3,11,A01
200700072719,0,02,000,01,0,2,11,B01
200700072720,0,10,000,00,1,3,15,A01
200700072721,0,32,000,01,0,1,02,A01
200700072722,0,30,000,00,0,0,02,A01
200700072723,0,07,000,00,9,3,02,A01
200700072723,0,02,000,00,2,1,11,B01
200700072724,0,07,000,00,2,8,01,B01
200700072724,0,07,000,00,2,7,16,A01
200700072725,0,02,000,00,2,6,01,B01
200700072725,0,07,000,00,2,2,12,A01
200700072726,0,01,000,00,2,2,01,A01
200700072726,1,02,000,00,9,3,11,B01
200700072727,0,07,000,01,0,6,17,B01
200700072727,0,30,000,00,2,2,01,A01
200700072728,0,30,000,14,0,1,02,A01
200700072728,0,07,000,00,0,6,23,B01
200700072729,0,07,000,00,2,6,02,A01
200700072729,0,07,000,00,2,2,02,B01
200700072730,0,07,000,00,2,1,00,B01
200700072730,0,33,000,00,2,7,12,A01
200700072731,0,07,000,15,2,2,01,A01
200700072731,0,07,000,00,2,3,01,B01
200700072732,0,07,000,00,1,2,00,A01
200700072733,0,10,000,00,2,2,09,A01
200700072733,0,37,000,00,2,3,01,B01
200700072734,0,02,000,00,1,2,01,A01
200700072735,0,07,000,00,2,1,01,A01
200700072735,0,07,000,00,0,6,15,B01
200700072736,0,07,000,00,9,5,12,A01
200700072736,0,02,000,00,2,3,02,B01
200700072737,0,07,000,00,2,2,15,A01
200700072737,0,31,000,00,2,8,01,B01
200700072738,0,31,000,00,2,7,17,A01
200700072738,0,07,000,00,2,3,15,B01
200700072739,0,07,000,00,1,6,04,A01
200700072740,0,07,000,00,0,1,02,A01
200700072740,0,07,000,00,2,4,02,B01
200700072741,0,07,000,00,1,4,04,A01
200700072742,0,07,000,00,1,3,16,A01
200700072743,1,30,000,00,0,0,00,A01
200700072744,0,31,000,00,2,7,17,B01
200700072744,0,10,000,00,9,3,15,A01
200700072745,0,14,000,00,2,1,02,A01
200700072745,0,32,000,00,2,4,23,B01
200700072746,0,32,000,00,2,8,01,B01
200700072746,0,32,000,00,2,1,15,A01
200700072747,0,07,000,00,0,5,02,B01
200700072747,0,02,000,00,0,1,02,A01
200700072748,0,10,000,00,0,5,20,B01
200700072748,0,32,000,00,2,1,01,A01
200700072749,0,07,000,00,2,8,11,A01
200700072749,0,17,000,00,2,2,01,B01
200700072750,0,01,000,01,0,8,02,A01
200700072750,0,07,000,00,0,3,24,B01
200700072751,0,07,000,00,2,3,15,A01
200700072751,0,32,000,00,2,3,07,B01
200700072752,0,33,000,00,2,2,01,B01
200700072752,0,07,000,00,1,1,01,C01
200700072752,0,07,000,00,2,3,15,D01
200700072752,0,07,000,00,0,1,13,A01
200700072753,0,10,000,00,2,8,15,A01
200700072753,0,32,000,00,2,7,17,B01
200700072754,0,33,000,00,1,8,01,A01
200700072755,0,33,000,00,1,7,01,A01
200700072756,0,07,000,00,2,1,01,A01
200700072756,0,30,000,00,2,7,15,B01
200700072757,0,07,000,00,2,7,16,A01
200700072757,0,32,000,00,2,1,01,B01
200700072758,0,07,000,00,1,3,11,A01
200700072759,0,01,000,00,0,1,01,A01
200700072759,0,07,000,00,0,0,01,B01
200700072760,0,32,000,00,2,3,01,B01
200700072760,0,07,000,00,2,2,10,A01
200700072761,0,10,000,00,0,2,02,A01
200700072762,0,01,000,00,1,1,01,A01
200700072763,0,07,000,00,2,8,15,B01
200700072763,0,02,000,00,2,1,05,A01
200700072764,0,01,000,14,0,2,21,A01
200700072765,0,07,000,00,2,8,10,A01
200700072765,0,30,000,00,2,1,01,B01
200700072766,0,07,000,00,2,3,10,A01
200700072766,0,02,000,05,2,3,03,B01
200700072767,0,07,000,00,2,3,11,A01
200700072767,0,33,000,00,2,7,01,B01
200700072768,0,07,000,00,1,2,15,A01
200700072769,0,30,000,00,0,5,01,A01
200700072769,1,07,000,00,0,1,01,B01
200700072770,0,07,000,00,2,1,01,B01
200700072770,0,01,000,00,2,2,05,A01
200700072771,0,30,000,00,2,1,01,A01
200700072771,1,07,000,00,2,3,02,B01
200700072772,0,07,000,00,1,1,15,A01
200700072773,0,34,000,15,1,0,05,A01
200700072774,0,02,000,00,2,3,02,B01
200700072774,0,07,000,00,2,2,01,A01
200700072775,0,07,000,00,1,2,16,A01
200700072776,0,07,000,01,2,1,00,B01
200700072776,0,01,000,01,2,9,00,A01
200700072777,0,33,000,12,0,8,16,A01
200700072778,0,30,000,11,2,3,17,A01
200700072778,0,07,000,00,2,3,15,B01
200700072779,0,32,000,00,2,1,01,B01
200700072779,0,07,000,00,2,1,15,A01
200700072780,0,07,000,06,0,3,12,A01
200700072780,0,07,000,00,0,4,23,B01
200700072781,0,31,000,00,1,2,18,A01
200700072781,0,07,000,00,0,5,01,B01
200700072782,0,07,000,00,2,2,15,A01
200700072782,0,02,000,00,2,1,02,B01
200700072783,0,07,000,04,2,9,01,A01
200700072783,0,07,000,00,2,3,01,B01
200700072783,0,07,000,04,2,6,01,C01
200700072784,0,14,000,00,1,5,16,A01
200700072785,0,20,000,00,1,2,01,A01
200700072786,0,07,000,00,2,2,10,A01
200700072786,0,32,000,00,2,1,01,B01
200700072787,0,07,000,06,0,1,13,A01
200700072788,0,07,000,00,0,3,01,A01
200700072789,1,07,000,00,2,2,01,A01
200700072789,0,01,000,00,2,4,00,B01
200700072790,0,32,000,01,2,1,01,A01
200700072790,0,07,000,00,2,8,16,B01
200700072791,0,07,000,00,2,6,10,A01
200700072791,0,02,000,00,2,1,21,B01
200700072792,0,07,000,00,2,3,10,A01
200700072792,0,31,000,00,2,7,00,B01
200700072793,0,07,000,00,2,1,02,A01
200700072793,0,07,000,00,2,2,11,B01
200700072794,0,33,000,01,1,1,01,A01
200700072795,0,07,000,00,2,2,15,A01
200700072795,0,31,000,00,2,1,02,B01
200700072796,0,38,008,00,1,2,07,A01
200700072797,0,33,000,10,0,3,09,A01
200700072798,0,07,000,00,2,3,13,A01
200700072798,0,07,000,00,2,6,01,B01
200700072799,0,07,000,00,2,2,02,A01
200700072799,0,07,000,00,2,6,02,B01
200700072799,0,07,000,00,2,5,02,C01
200700072800,0,10,000,00,0,1,02,A01
200700072800,0,07,000,00,1,4,23,B01
200700072801,0,01,000,00,2,3,02,A01
200700072802,0,07,000,01,2,6,10,A01
200700072802,0,10,000,00,2,2,02,B01
200700072803,0,07,000,00,2,3,10,A01
200700072803,0,33,000,00,2,5,01,B01
200700072804,1,07,000,00,1,0,00,A01
200700072805,0,07,000,06,1,5,04,A01
200700072805,0,07,000,00,2,7,01,B01
200700072806,0,33,000,00,2,9,18,A01
200700072806,0,07,000,00,2,2,01,B01
200700072807,0,07,000,00,2,1,15,A01
200700072807,0,33,000,00,2,8,15,B01
200700072808,0,30,000,00,2,7,15,A01
200700072808,0,33,000,00,2,1,01,B01
200700072809,0,38,001,00,1,7,07,A01
200700072810,0,07,000,04,2,8,19,A01
200700072810,0,31,000,04,2,7,01,B01
200700072810,0,07,000,00,9,6,01,C01
200700072810,1,17,000,00,2,7,12,D01
200700072811,0,07,000,00,2,3,10,A01
200700072811,0,33,000,00,2,2,00,B01
200700072812,0,07,000,00,1,3,14,A01
200700072813,0,07,000,00,0,6,11,A01
200700072813,0,32,000,00,2,1,03,B01
200700072814,0,10,000,00,2,7,01,A01
200700072814,0,33,000,00,2,1,01,B01
200700072815,0,37,020,00,1,2,07,A01
200700072816,0,31,000,00,1,1,02,A01
200700072816,0,07,000,00,0,8,23,B01
200700072817,0,31,000,14,0,0,00,A01
200700072818,1,31,000,00,0,0,00,A01
200700072819,0,02,000,01,0,1,01,A01
200700072820,0,30,000,00,2,7,12,A01
200700072820,0,07,000,00,2,8,07,B01
200700072821,0,32,000,11,0,1,03,A01
200700072822,0,07,000,00,1,2,07,A01
200700072823,0,33,000,00,0,0,15,A01
200700072824,0,32,000,00,5,1,01,A01
200700072825,0,02,000,02,0,7,00,A01
200700072826,0,14,000,00,1,5,12,A01
200700072827,0,32,000,00,2,0,00,A01
200700072827,0,16,000,00,2,6,02,B01
200700072828,0,07,000,00,0,5,22,A01
200700072828,0,33,000,01,0,5,18,B01
200700072829,0,07,000,00,2,7,15,A01
200700072829,0,31,000,00,2,1,07,B01
200700072830,0,01,000,00,1,1,01,A01
200700072831,0,07,000,00,2,1,01,A01
200700072831,0,07,000,00,2,6,01,B01
200700072832,0,31,000,00,0,0,00,A01
200700072833,0,33,000,00,2,1,06,B01
200700072833,0,07,000,00,0,2,12,A01
200700072834,0,07,000,00,0,4,02,A01
200700072834,1,07,000,00,2,1,02,B01
200700072835,0,07,000,04,0,1,02,A01
200700072836,0,07,000,00,2,2,14,A01
200700072836,0,33,000,00,2,3,01,B01
200700072836,0,07,000,00,2,5,02,C01
200700072837,0,33,000,00,2,7,03,A01
200700072837,0,07,000,00,9,8,11,B01
200700072838,0,07,000,00,2,7,12,A01
200700072838,0,33,000,00,2,8,02,B01
200700072839,1,07,000,00,1,0,00,A01
200700072840,0,33,000,01,0,1,18,A01
200700072840,0,07,000,00,0,4,23,B01
200700072841,0,07,000,04,2,8,11,A01
200700072841,0,33,000,15,2,2,01,B01
200700072842,0,07,000,00,2,1,02,A01
200700072842,0,07,000,00,2,4,02,B01
200700072843,0,33,000,00,2,7,01,A01
200700072843,0,07,000,00,2,0,02,B01
200700072844,0,07,000,00,4,7,12,A01
200700072844,0,33,000,00,2,8,03,B01
200700072845,0,33,000,00,2,8,12,A01
200700072845,0,07,000,00,0,7,02,B01
200700072846,0,30,000,00,2,1,02,A01
200700072846,0,07,000,00,0,4,02,B01
200700072847,0,07,000,00,2,1,02,A01
200700072847,0,07,000,00,2,1,02,B01
200700072847,0,07,000,00,0,4,02,C01
200700072848,0,07,000,00,2,1,02,A01
200700072848,0,07,000,00,2,4,23,B01
200700072848,0,07,000,00,2,4,23,D01
200700072848,0,07,000,00,2,4,23,C01
200700072849,0,07,000,00,2,6,01,B01
200700072849,0,31,000,00,2,8,03,A01
200700072850,0,07,000,00,2,4,00,C01
200700072850,0,07,000,00,2,8,01,D01
200700072850,0,07,000,00,2,7,12,A01
200700072850,0,33,000,00,2,7,01,B01
200700072851,0,07,000,00,2,1,02,A01
200700072851,0,10,000,00,0,4,02,B01
200700072851,0,07,000,00,2,1,02,C01
200700072852,0,10,000,00,2,1,02,A01
200700072852,0,07,000,00,2,4,02,B01
200700072853,0,07,000,00,2,1,02,A01
200700072853,0,07,000,00,2,4,02,B01
200700072854,0,07,000,00,2,1,00,A01
200700072854,0,07,000,04,0,6,02,B01
200700072855,0,32,000,00,2,1,03,A01
200700072855,0,33,000,00,2,4,02,B01
200700072856,0,33,000,00,2,1,02,A01
200700072856,0,07,000,00,0,7,02,C01
200700072856,0,33,000,00,2,1,09,B01
200700072856,0,07,000,00,0,6,09,D01
200700072857,0,31,000,00,2,1,03,A01
200700072857,0,07,000,00,2,5,00,B01
200700072857,0,31,000,00,2,1,03,C01
200700072858,0,33,000,00,0,7,01,A01
200700072858,1,07,000,00,2,8,11,B01
200700072859,0,31,000,00,2,1,02,A01
200700072859,0,07,000,00,0,4,02,B01
200700072860,0,07,000,00,2,8,11,A01
200700072860,0,33,000,00,2,7,01,B01
200700072861,0,33,000,00,2,8,03,A01
200700072861,0,07,000,00,0,6,12,B01
200700072862,0,07,000,00,0,6,02,B01
200700072862,0,32,000,00,2,1,02,A01
200700072862,0,07,000,00,2,1,02,C01
200700072863,0,07,000,00,2,5,12,A01
200700072863,0,33,000,00,2,7,02,B01
200700072864,0,33,000,00,0,1,18,A01
200700072864,0,07,000,00,0,7,01,B01
200700072864,0,10,000,00,2,4,01,C01
200700072865,0,07,000,00,0,6,11,A01
200700072865,0,33,000,00,0,3,01,B01
200700072866,0,32,000,00,2,1,14,A01
200700072866,0,07,000,00,0,6,00,B01
200700072867,0,31,000,00,0,3,01,A01
200700072867,1,07,000,00,2,6,12,B01
200700072868,0,07,000,05,0,2,01,A01
200700072869,0,07,000,05,0,3,01,A01
200700072870,0,32,000,00,2,3,03,A01
200700072870,0,07,000,00,0,0,18,B01
200700072871,0,33,000,00,0,0,01,A01
200700072872,0,33,000,00,0,0,03,A01
200700072873,0,07,000,00,2,8,11,A01
200700072873,0,33,000,00,0,7,01,B01
200700072874,0,10,000,00,2,8,12,A01
200700072874,0,31,000,00,2,7,03,B01
200700072875,0,31,000,00,0,7,03,A01
200700072876,0,31,000,00,2,5,01,B01
200700072876,0,07,000,00,2,8,11,A01
200700072877,0,33,000,00,0,0,01,A01
200700072878,0,31,000,00,0,0,01,A01
200700072879,0,07,000,00,0,7,01,A01
200700072879,0,32,000,00,2,3,00,B01
200700072880,0,07,000,00,2,1,02,A01
200700072880,0,07,000,00,0,4,23,B01
200700072881,0,10,000,00,2,8,11,A01
200700072881,0,33,000,00,0,7,03,B01
200700072882,0,33,000,00,2,4,02,A01
200700072882,1,07,000,00,0,0,00,B01
200700072883,0,31,000,00,2,6,01,B01
200700072883,0,07,000,00,2,2,01,A01
200700072884,0,07,000,00,9,7,12,A01
200700072884,0,34,000,00,2,8,03,B01
200700072885,0,31,000,00,2,3,14,A01
200700072885,0,07,000,00,2,5,01,B01
200700072886,0,07,000,00,2,3,11,A01
200700072886,0,07,000,00,0,5,02,B01
200700072887,0,32,000,00,0,6,01,A01
200700072887,0,07,000,00,2,3,01,B01
200700072887,1,07,000,00,9,2,02,C01
200700072888,0,31,000,01,0,1,00,A01
200700072889,0,31,000,00,2,3,03,A01
200700072889,0,07,000,00,0,2,12,B01
200700072890,0,07,000,00,2,4,02,B01
200700072890,0,31,000,00,2,1,02,A01
200700072891,0,07,000,04,0,3,12,A01
200700072892,0,33,000,00,2,8,02,B01
200700072892,0,07,000,00,2,8,11,A01
200700072893,0,07,000,00,2,2,12,A01
200700072893,0,32,000,00,2,8,01,B01
200700072894,0,07,000,00,2,8,01,A01
200700072894,0,17,000,00,2,2,01,B01
200700072895,0,07,000,00,0,1,02,A01
200700072895,0,07,000,00,0,4,09,B01
200700072896,0,31,000,00,2,3,11,A01
200700072896,0,31,000,00,0,5,01,B01
200700072897,0,33,000,00,0,2,02,A01
200700072897,0,33,000,00,0,5,02,B01
200700072897,0,33,000,00,2,4,02,C01
200700072898,0,07,000,00,2,1,02,A01
200700072898,0,07,000,00,2,4,02,B01
200700072899,0,07,000,04,2,1,01,A01
200700072899,0,07,000,00,2,3,01,B01
200700072899,0,17,000,00,2,3,01,C01
200700072900,0,07,000,00,2,1,02,A01
200700072900,0,07,000,00,0,4,02,B01
200700072901,0,07,000,00,0,3,15,A01
200700072901,0,30,000,00,2,1,17,B02
200700072902,0,07,000,00,2,1,17,A01
200700072902,0,02,000,00,2,1,01,B02
200700072903,0,30,000,00,1,1,17,A01
200700072904,0,07,000,00,2,2,17,A01
200700072904,0,30,000,00,2,1,13,B02
200700072905,0,07,000,00,1,2,01,A01
200700072906,0,15,000,00,1,1,01,A01
200700072907,0,07,000,00,0,3,10,A01
200700072907,0,01,000,00,0,7,17,B02
200700072908,0,07,000,00,2,2,17,A01
200700072908,0,01,000,00,2,3,15,B02
200700072909,0,30,000,00,2,7,16,A01
200700072909,0,07,000,00,2,3,02,B02
200700072910,0,07,000,02,0,1,13,A01
200700072911,0,07,000,00,2,3,15,A01
200700072911,0,07,000,00,2,3,01,B02
200700072911,0,37,000,00,2,3,02,C03
200700072911,0,10,000,00,2,3,02,D04
200700072912,0,07,000,13,0,3,01,A01
200700072913,0,07,000,13,0,1,14,A01
200700072914,0,07,000,13,0,2,00,A01
200700072915,0,10,000,13,0,3,01,A01
200700072916,0,07,000,00,2,1,13,A01
200700072916,0,07,000,00,2,1,01,B02
200700072917,0,33,000,01,0,8,13,A01
200700072917,0,07,000,00,0,8,00,B02
200700072917,0,07,000,00,0,8,00,C03
200700072918,0,17,000,00,2,6,01,A01
200700072918,0,38,000,06,2,1,01,B02
200700072919,0,07,000,02,0,1,13,A01
200700072920,0,02,000,00,2,1,05,A01
200700072920,0,07,000,00,2,2,09,B02
200700072921,0,07,000,00,9,5,17,A01
200700072921,0,01,000,00,0,0,00,B02
200700072922,0,07,000,00,1,2,01,A01
200700072923,0,07,000,03,2,7,13,A01
200700072923,0,07,000,00,2,1,01,B02
200700072924,0,07,000,00,1,1,01,A01
200700072925,0,07,000,00,1,2,01,A01
200700072926,0,07,000,02,0,2,01,A01
200700072927,0,07,000,02,0,1,14,A01
200700072928,0,07,000,00,2,2,09,A01
200700072928,0,35,000,00,2,5,01,B02
200700072929,0,10,000,00,2,1,19,A01
200700072929,0,07,000,00,0,8,01,B02
200700072930,0,37,000,00,2,1,02,A01
200700072930,0,07,000,00,5,4,01,B02
200700072931,0,07,000,13,0,1,01,A01
200700072932,0,07,000,00,0,4,23,A01
200700072932,0,02,000,00,2,1,02,B02
200700072933,0,07,000,00,2,1,01,A01
200700072933,0,07,000,00,2,4,15,B02
200700072933,0,07,000,00,2,1,01,C03
200700072934,0,13,000,00,2,3,01,A01
200700072934,0,10,000,00,2,8,15,B02
200700072935,0,07,000,02,0,7,01,A01
200700072936,0,07,000,00,2,2,01,A01
200700072936,0,01,000,00,2,1,01,B02
200700072937,0,07,000,16,0,9,01,A01
200700072938,0,07,000,00,2,1,13,A01
200700072938,0,07,000,00,2,1,01,B02
200700072939,0,02,000,00,1,2,01,A01
200700072940,0,07,000,00,1,2,01,A01
200700072941,0,07,000,08,2,8,01,A01
200700072941,0,07,000,08,2,1,01,B02
200700072942,0,14,000,00,1,1,01,A01
200700072943,0,07,000,00,2,2,01,A01
200700072943,0,07,000,00,2,3,19,B02
200700072944,0,07,000,00,2,3,19,B02
200700072944,0,07,000,00,2,2,01,A01
200700072945,0,02,000,00,1,7,17,A01
200700072946,0,07,000,00,0,9,01,A01
200700072947,0,03,000,00,2,8,19,A01
200700072947,0,31,000,00,2,1,00,B02
200700072948,0,07,000,13,0,1,01,A01
200700072949,0,07,000,00,1,2,19,A01
200700072950,0,07,000,00,0,9,01,A01
200700072951,0,07,000,00,0,3,01,A01
200700072951,0,07,000,00,0,1,01,B02
200700072952,0,03,000,00,1,1,00,A01
200700072953,0,07,000,00,2,2,01,A01
200700072953,0,07,000,00,2,2,19,B02
200700072954,0,07,000,00,2,1,10,A01
200700072954,0,02,000,00,2,1,01,B02
200700072955,0,07,000,00,2,5,15,A01
200700072955,0,33,000,00,2,1,01,B02
200700072956,0,07,000,02,0,3,13,A01
200700072957,0,31,000,00,0,7,01,A01
200700072958,0,02,000,00,2,1,15,A01
200700072958,0,10,000,00,2,2,01,B02
200700072959,0,07,000,00,2,3,01,A01