Num_Acc,senc,catv,occutc,obs,obsm,choc,manv,num_veh
200700072959,0,07,000,00,2,2,15,B02
200700072960,0,07,000,02,0,2,01,A01
200700072961,0,07,000,00,2,1,17,A01
200700072961,0,07,000,00,2,1,01,B02
200700072961,0,07,000,00,2,1,01,C03
200700072962,0,07,000,00,2,2,15,A01
200700072962,0,31,000,00,2,1,01,B02
200700072963,0,07,000,00,0,3,15,A01
200700072963,0,02,000,00,0,1,01,B02
200700072964,0,07,000,00,2,9,21,A01
200700072965,0,07,000,00,0,0,01,A01
200700072966,0,07,000,00,1,7,01,A01
200700072967,0,33,000,07,0,8,01,A01
200700072968,0,07,000,00,2,1,01,B02
200700072968,0,07,000,00,2,8,19,A01
200700072969,0,07,000,00,2,1,01,A01
200700072969,0,21,000,00,2,5,01,B02
200700072970,0,07,000,00,2,3,17,A01
200700072970,0,30,000,00,0,1,01,B02
200700072971,0,07,000,00,1,1,01,A01
200700072972,0,07,000,13,0,1,13,A01
200700072973,0,07,000,00,0,1,01,A01
200700072974,0,02,000,12,0,1,01,A01
200700072975,0,07,000,13,0,8,01,A01
200700072976,0,01,000,00,2,8,13,A01
200700072976,0,07,000,00,2,1,02,B02
200700072977,0,07,000,02,0,1,01,A01
200700072978,0,17,000,00,9,2,02,A01
200700072978,0,01,000,00,2,8,15,B02
200700072979,0,99,000,00,0,4,02,A01
200700072980,0,07,000,02,0,8,01,A01
200700072981,0,07,000,00,2,1,01,A01
200700072981,0,02,000,00,2,2,01,B02
200700072982,0,07,000,00,2,2,01,A01
200700072982,0,07,000,00,2,5,19,B02
200700072983,0,07,000,00,0,6,20,A01
200700072983,0,02,000,00,2,1,21,B02
200700072984,0,07,000,00,0,7,00,A01
200700072985,0,02,000,06,0,2,01,A01
200700072986,0,07,000,00,2,1,00,A01
200700072986,0,14,000,00,2,3,00,B02
200700072987,0,33,000,00,2,1,02,A01
200700072987,0,07,000,00,2,4,01,B02
200700072987,0,07,000,00,0,6,01,C03
200700072988,0,07,000,06,0,1,00,A01
200700072989,0,02,000,00,2,1,01,A01
200700072989,0,07,000,00,2,3,13,B02
200700072990,0,07,000,00,2,1,02,A01
200700072990,0,07,000,00,2,4,23,B02
200700072991,0,10,000,00,2,1,15,A01
200700072991,0,07,000,00,2,1,01,B02
200700072992,0,07,000,00,2,3,15,A01
200700072992,0,02,000,00,2,1,01,B02
200700072993,0,07,000,08,0,8,01,A01
200700072994,0,07,000,07,0,5,13,A01
200700072995,0,10,000,00,2,3,17,A01
200700072995,0,07,000,00,2,3,01,B02
200700072996,0,07,000,00,2,2,24,A01
200700072996,0,07,000,00,2,5,24,B02
200700072997,0,07,000,00,2,1,02,A01
200700072997,0,07,000,00,0,4,02,B02
200700072998,0,07,000,13,0,1,13,A01
200700072999,0,02,000,00,0,0,00,A01
200700073000,0,07,000,00,2,3,01,A01
200700073000,0,07,000,00,2,3,01,B02
200700073001,0,07,000,00,1,2,01,A01
200700073002,0,07,000,00,2,5,15,A01
200700073002,0,33,000,00,2,8,01,B02
200700073003,0,07,000,00,0,3,01,A01
200700073003,0,07,000,00,0,3,01,B02
200700073004,0,07,000,06,2,8,13,A01
200700073004,0,07,000,00,2,3,01,B02
200700073005,0,07,000,13,0,2,01,A01
200700073006,0,07,000,00,2,2,19,A01
200700073006,0,02,000,00,2,1,01,B02
200700073007,0,30,000,00,0,2,02,A01
200700073007,0,07,000,00,0,3,15,B02
200700073008,0,07,000,00,2,4,23,A01
200700073008,0,07,000,01,0,1,01,B02
200700073009,0,07,000,00,2,1,05,A01
200700073009,0,07,000,00,2,1,01,B02
200700073009,0,07,000,00,2,1,02,C03
200700073010,0,07,000,00,2,2,13,A01
200700073010,0,07,000,00,2,1,01,B02
200700073011,0,10,000,01,0,1,01,A01
200700073011,0,07,000,00,0,8,23,B02
200700073012,0,07,000,00,2,4,01,A01
200700073012,0,07,000,00,2,1,01,B02
200700073012,0,07,000,00,2,1,01,C03
200700073013,0,07,000,00,2,1,01,A01
200700073013,0,07,000,00,0,4,01,B02
200700073014,0,07,000,02,0,8,01,A01
200700073015,0,07,000,00,6,2,01,A01
200700073015,0,07,000,00,2,8,01,B02
200700073015,0,07,000,00,6,1,01,C03
200700073015,0,07,000,00,2,3,00,D04
200700073016,0,07,000,00,0,8,10,A01
200700073016,0,07,000,00,2,1,02,B02
200700073017,0,07,000,02,0,1,14,A01
200700073018,0,07,000,00,1,3,01,A01
200700073019,0,07,000,02,0,3,14,A01
200700073020,0,07,000,02,0,8,01,A01
200700073021,0,07,000,00,1,2,01,A01
200700073022,0,07,000,00,2,3,09,A01
200700073022,0,13,000,00,2,3,21,B02
200700073023,0,07,000,08,0,2,05,A01
200700073024,0,07,000,00,2,1,01,A01
200700073024,0,07,000,03,0,5,13,B02
200700073025,0,30,000,00,2,1,13,A01
200700073025,0,07,000,00,2,1,01,B02
200700073026,0,07,000,00,2,3,17,A01
200700073026,0,30,000,00,2,1,01,B02
200700073027,0,07,000,13,0,2,01,A01
200700073028,0,07,000,00,2,8,15,A01
200700073028,0,07,000,00,2,3,01,B02
200700073029,0,07,000,00,2,2,01,A01
200700073029,0,07,000,00,2,3,09,B02
200700073030,0,07,000,00,1,2,01,A01
200700073031,0,07,000,00,1,2,01,A01
200700073032,0,07,000,00,2,4,15,A01
200700073032,0,07,000,00,2,1,01,B02
200700073032,0,07,000,00,2,2,01,C03
200700073033,0,07,000,00,2,3,17,A01
200700073033,0,07,000,00,2,3,01,B02
200700073034,0,07,000,02,0,1,13,A01
200700073035,0,07,000,00,2,2,01,A01
200700073035,0,01,000,00,2,8,01,B02
200700073036,0,07,000,00,2,7,19,A01
200700073036,0,07,000,00,2,1,01,B02
200700073037,0,07,000,00,2,1,13,A01
200700073037,0,07,000,00,2,3,01,B02
200700073038,0,07,000,00,2,4,15,A01
200700073038,0,07,000,00,2,1,01,B02
200700073038,0,07,000,00,2,1,00,C03
200700073039,0,33,000,00,0,7,17,A01
200700073039,0,10,000,00,0,8,13,B02
200700073040,0,07,000,00,0,4,15,A01
200700073040,0,33,000,00,2,1,17,B02
200700073041,0,07,000,00,2,2,17,A01
200700073041,0,07,000,00,2,2,01,B02
200700073042,0,07,000,13,0,1,13,A01
200700073043,0,07,000,16,0,9,00,A01
200700073044,0,10,000,00,0,0,01,A01
200700073044,0,07,000,00,9,1,01,C03
200700073045,0,07,000,00,2,6,13,A01
200700073045,0,30,000,00,2,1,01,B02
200700073046,0,31,000,00,0,1,13,A01
200700073046,0,10,000,00,0,3,01,B02
200700073047,0,10,000,00,0,8,16,B02
200700073047,0,10,000,00,0,1,01,A01
200700073048,0,07,000,00,2,6,00,A01
200700073048,0,15,000,00,2,8,00,B02
200700073049,0,33,000,00,2,1,17,A01
200700073049,0,07,000,00,2,8,15,B02
200700073050,0,14,000,00,0,4,01,A01
200700073050,0,07,000,01,2,1,01,B02
200700073051,0,07,000,00,2,1,01,B02
200700073051,0,07,000,00,2,3,01,A01
200700073052,0,07,000,08,0,8,01,A01
200700073053,0,07,000,00,2,1,17,A01
200700073053,0,07,000,00,2,1,01,B02
200700073054,0,07,000,00,1,0,00,A01
200700073055,0,10,000,02,0,1,13,A01
200700073056,0,07,000,00,2,3,01,B02
200700073056,0,30,000,00,2,1,19,A01
200700073057,0,07,000,08,0,3,01,A01
200700073058,0,07,000,12,2,2,14,A01
200700073058,0,07,000,00,2,8,00,B02
200700073059,0,07,000,00,0,1,01,A01
200700073060,0,07,000,00,2,1,15,A01
200700073060,0,07,000,00,2,1,01,B02
200700073061,0,10,000,08,0,2,14,A01
200700073062,0,33,000,00,0,2,00,A01
200700073063,0,07,000,00,0,2,01,A01
200700073064,0,07,000,00,2,8,00,A01
200700073064,0,15,000,00,2,2,01,B02
200700073065,0,07,000,00,2,2,19,A01
200700073065,0,07,000,00,2,8,01,B02
200700073066,0,07,000,00,2,8,19,A01
200700073066,0,07,000,00,2,1,01,B02
200700073067,0,10,000,00,2,1,01,A01
200700073067,0,10,000,00,0,5,01,B02
200700073068,0,07,000,00,2,1,01,A01
200700073068,0,10,000,00,2,1,01,B02
200700073069,0,07,000,00,2,2,15,A01
200700073069,0,33,000,00,2,1,01,B02
200700073070,0,02,000,00,2,8,18,A01
200700073070,0,14,000,00,2,7,01,B02
200700073071,0,10,000,00,2,1,01,A01
200700073071,0,10,000,00,0,4,15,B02
200700073071,0,07,000,00,2,3,01,C03
200700073072,0,07,000,02,0,1,01,A01
200700073073,0,33,000,00,6,1,01,A01
200700073074,0,30,000,00,2,1,21,A01
200700073074,0,07,000,00,9,8,23,B02
200700073075,0,07,000,00,2,3,01,A01
200700073075,0,07,000,00,2,8,13,B02
200700073076,0,07,000,00,2,8,01,A01
200700073076,0,07,000,00,2,1,01,B02
200700073077,0,10,000,00,9,3,17,A01
200700073077,0,01,000,00,2,1,01,B02
200700073078,0,07,000,00,0,9,00,A01
200700073079,0,07,000,00,1,3,01,A01
200700073080,0,07,000,00,1,2,01,A01
200700073081,0,07,000,00,1,2,14,A01
200700073082,0,07,000,00,2,3,01,A01
200700073082,0,02,000,00,2,2,09,B02
200700073083,0,33,000,00,0,0,01,A01
200700073084,0,30,000,00,2,1,01,A01
200700073084,0,07,000,00,2,4,15,B02
200700073085,0,30,000,00,0,3,01,A01
200700073086,0,33,000,13,0,1,01,A01
200700073087,0,07,000,00,2,1,13,A01
200700073087,0,07,000,00,2,1,01,B02
200700073088,0,07,000,00,2,1,13,A01
200700073088,0,14,000,00,2,3,01,B02
200700073088,0,07,000,00,2,8,01,C03
200700073089,0,07,000,00,0,9,15,A01
200700073090,0,10,000,00,1,6,04,A01
200700073090,0,10,000,06,0,3,01,B02
200700073091,0,07,000,00,2,3,13,A01
200700073091,0,33,000,00,0,8,01,B02
200700073091,0,07,000,00,2,3,01,C03
200700073091,0,07,000,00,2,1,01,D04
200700073092,0,07,000,00,2,3,20,A01
200700073092,0,10,000,00,2,1,01,B02
200700073093,0,07,000,00,2,5,15,A01
200700073093,0,33,000,00,2,1,01,B02
200700073094,0,33,000,00,2,1,17,A01
200700073094,0,07,000,00,0,6,15,B02
200700073095,0,07,000,00,2,3,19,A01
200700073095,0,07,000,00,2,2,01,B02
200700073096,0,07,000,13,0,9,01,A01
200700073097,0,07,000,00,1,2,01,A01
200700073098,0,07,000,13,0,1,01,A01
200700073099,0,07,000,00,2,5,15,A01
200700073099,0,07,000,00,2,1,01,B02
200700073099,0,07,000,00,2,3,01,C03
200700073100,0,07,000,00,2,2,17,A01
200700073100,0,10,000,00,2,8,01,B02
200700073100,0,07,000,00,2,1,13,C03
200700073101,0,07,000,00,2,3,02,A01
200700073101,0,17,000,00,0,5,02,B02
200700073102,0,07,000,13,0,9,01,A01
200700073103,0,07,000,00,0,3,19,A01
200700073103,0,32,000,00,2,1,13,B02
200700073104,0,10,000,00,1,2,01,A01
200700073105,0,07,000,02,0,9,01,A01
200700073106,0,07,000,02,0,1,01,A01
200700073107,0,07,000,00,1,3,01,A01
200700073108,0,07,000,00,1,1,01,A01
200700073109,0,02,000,00,1,1,21,A01
200700073110,0,07,000,00,2,5,13,A01
200700073110,0,07,000,00,2,1,01,B02
200700073111,0,13,000,00,2,3,01,A01
200700073111,0,15,000,00,2,3,01,B02
200700073111,0,07,000,00,2,8,01,C03
200700073111,0,07,000,14,0,6,01,D04
200700073111,0,07,000,14,0,1,01,E05
200700073112,0,07,000,13,0,3,01,A01
200700073113,0,07,000,00,1,8,01,A01
200700073114,0,07,000,00,2,1,01,A01
200700073114,0,30,000,00,2,1,13,B02
200700073115,0,10,000,00,2,3,01,A01
200700073115,0,37,000,00,2,3,01,B02
200700073116,0,07,000,00,2,1,01,A01
200700073116,0,14,000,00,2,1,01,B02
200700073117,0,07,000,13,0,9,01,A01
200700073117,0,07,000,14,0,2,01,B02
200700073117,0,07,000,14,0,0,21,C03
200700073118,0,02,000,06,0,1,01,A01
200700073119,0,07,000,00,2,7,15,A01
200700073119,0,02,000,00,2,7,01,B02
200700073120,0,07,000,02,0,1,01,A01
200700073121,0,10,000,00,2,7,21,A01
200700073121,0,14,000,00,2,1,01,B02
200700073122,0,07,000,00,1,2,01,A01
200700073123,0,07,000,06,0,3,01,A01
200700073124,0,33,000,12,0,1,01,A01
200700073125,0,30,000,00,0,1,01,A01
200700073126,0,07,000,00,2,1,13,A01
200700073126,0,07,000,00,2,1,01,B02
200700073127,0,01,000,00,1,1,01,A01
200700073128,0,30,000,00,2,7,03,B02
200700073128,0,07,000,00,2,3,09,A01
200700073129,0,07,000,00,2,3,16,A01
200700073129,0,31,000,00,2,1,01,B02
200700073129,0,07,000,00,2,1,01,C03
200700073130,0,07,000,00,0,0,21,A01
200700073131,0,07,000,13,0,3,13,A01
200700073132,0,07,000,00,1,2,01,A01
200700073133,0,07,000,00,1,2,01,A01
200700073134,0,07,000,00,1,6,04,A01
200700073135,0,07,000,13,0,2,01,A01
200700073136,0,02,000,01,0,1,01,A01
200700073137,0,07,000,00,0,3,15,A01
200700073137,0,30,000,00,0,1,17,B02
200700073138,0,07,000,00,2,1,01,A01
200700073138,0,07,000,00,2,8,01,B02
200700073139,0,03,000,00,0,1,01,A01
200700073139,0,07,000,00,0,2,00,B02
200700073140,0,07,000,00,2,3,13,A01
200700073140,0,30,000,00,2,1,01,B02
200700073141,0,33,000,00,2,1,02,A01
200700073141,0,30,000,00,2,4,02,B02
200700073142,0,10,000,00,0,5,15,A01
200700073142,0,07,000,00,2,3,01,B02
200700073143,0,07,000,13,0,3,01,A01
200700073144,0,03,000,12,0,9,14,A01
200700073145,0,07,000,00,2,4,20,A01
200700073145,0,07,000,00,2,1,01,B02
200700073146,0,07,000,00,1,2,01,A01
200700073147,0,07,000,00,2,1,13,A01
200700073147,0,15,000,00,0,1,01,B02
200700073148,0,07,000,00,1,1,01,A01
200700073149,0,02,000,00,2,1,13,A01
200700073149,0,07,000,00,9,3,01,B02
200700073150,0,07,000,08,0,6,14,A01
200700073151,0,33,000,00,2,1,01,A01
200700073151,0,07,000,00,2,1,01,B02
200700073152,0,30,000,00,2,1,15,A01
200700073152,0,07,000,00,2,3,01,B02
200700073153,0,10,000,00,1,1,01,A01
200700073154,0,30,000,00,2,8,15,A01
200700073154,0,07,000,00,2,1,21,B02
200700073155,0,01,000,00,2,8,13,A01
200700073155,0,21,000,00,2,7,17,B02
200700073156,0,07,000,00,0,3,15,A01
200700073156,0,07,000,00,2,1,01,B02
200700073157,0,30,000,01,0,1,18,A01
200700073158,0,07,000,00,2,1,01,A01
200700073158,0,99,000,00,2,7,01,B02
200700073159,0,07,000,00,1,3,01,A01
200700073160,0,07,000,02,0,8,01,A01
200700073161,0,07,000,00,2,3,01,A01
200700073161,0,02,000,00,2,1,13,B02
200700073162,0,30,000,00,0,0,00,A01
200700073163,0,07,000,13,0,3,00,A01
200700073164,0,07,000,00,6,1,01,A01
200700073165,0,07,000,00,2,3,01,A01
200700073165,0,30,000,00,2,1,01,B02
200700073166,0,07,000,00,2,3,13,A01
200700073166,0,07,000,00,2,1,01,B02
200700073167,0,07,000,00,1,1,01,A01
200700073168,0,07,000,00,2,1,13,A01
200700073168,0,17,000,00,0,1,01,B02
200700073169,0,30,000,00,2,1,19,A01
200700073169,0,07,000,00,9,8,01,B02
200700073170,0,30,000,00,2,1,13,A01
200700073170,0,07,000,00,2,1,01,B02
200700073171,0,31,000,00,2,6,01,A01
200700073171,0,07,000,00,2,3,09,B02
200700073172,0,02,000,00,2,1,05,A01
200700073172,0,07,000,00,2,1,01,B02
200700073173,0,14,000,00,2,3,01,A01
200700073173,0,07,000,00,2,3,19,B02
200700073174,0,10,000,00,1,2,01,A01
200700073175,0,33,000,16,0,1,01,A01
200700073176,0,07,000,03,2,3,15,A01
200700073176,0,10,000,00,2,3,01,B02
200700073177,0,30,000,00,2,1,01,A01
200700073177,0,07,000,00,2,6,10,B02
200700073178,0,07,000,13,0,1,01,A01
200700073179,0,07,000,13,0,2,01,A01
200700073180,0,07,000,00,2,7,15,A01
200700073180,0,33,000,00,2,1,01,B02
200700073181,0,07,000,00,2,2,19,A01
200700073181,0,30,000,00,2,3,01,B02
200700073182,0,07,000,00,2,2,15,A01
200700073182,0,07,000,00,2,1,01,B02
200700073182,0,07,000,00,2,8,02,C03
200700073182,0,07,000,00,0,3,23,D04
200700073183,0,07,000,00,2,3,13,A01
200700073183,0,07,000,00,2,3,01,B02
200700073184,0,31,000,08,0,1,00,A01
200700073185,0,07,000,00,2,3,17,A01
200700073185,0,30,000,00,2,8,01,B02
200700073186,0,07,000,00,2,7,19,B02
200700073186,0,07,000,00,2,1,01,A01
200700073187,0,07,000,00,0,1,01,A01
200700073188,0,07,000,08,2,2,01,A01
200700073188,0,07,000,00,2,2,01,B02
200700073189,0,07,000,00,2,4,01,A01
200700073189,0,30,000,00,0,0,01,B02
200700073190,0,30,000,00,2,1,01,A01
200700073190,0,07,000,00,2,7,01,B02
200700073191,0,07,000,00,2,3,13,A01
200700073191,0,15,000,00,2,3,01,B02
200700073191,0,07,000,00,2,1,01,C03
200700073192,0,07,000,00,2,3,19,A01
200700073192,0,07,000,00,2,2,01,B02
200700073193,0,10,000,00,2,1,13,A01
200700073193,0,07,000,00,2,1,01,B02
200700073194,0,10,000,00,2,2,01,A01
200700073194,0,07,000,00,2,3,04,B02
200700073195,0,10,000,13,2,8,01,A01
200700073195,0,07,000,00,2,3,01,C03
200700073195,0,02,000,00,2,9,19,D04
200700073196,0,07,000,00,1,1,01,A01
200700073197,0,07,000,00,2,2,01,A01
200700073197,0,07,000,00,2,3,19,B02
200700073198,0,07,000,02,0,1,01,A01
200700073199,0,07,000,00,2,2,17,A01
200700073199,0,01,000,00,2,4,01,B02
200700073200,0,07,000,00,0,9,01,A01
200700073201,0,07,000,02,0,1,00,A01
200700073202,0,07,000,00,2,1,01,A01
200700073202,0,07,000,00,2,8,15,B02
200700073203,0,07,000,00,2,3,01,A01
200700073203,0,07,000,00,2,4,01,B02
200700073203,0,07,000,00,2,1,01,C03
200700073203,0,07,000,00,2,4,01,D04
200700073204,0,07,000,00,1,1,01,A01
200700073205,0,07,000,00,2,3,14,A01
200700073205,0,07,000,00,2,1,01,B02
200700073206,0,30,000,00,2,1,13,A01
200700073206,0,07,000,00,2,1,01,B02
200700073207,0,07,000,00,2,2,16,A01
200700073207,0,30,000,00,2,1,01,B02
200700073208,0,02,000,00,0,0,00,A01
200700073209,0,33,000,12,0,2,01,A01
200700073210,0,10,000,08,0,1,13,A01
200700073211,0,07,000,00,2,8,19,A01
200700073211,0,14,000,00,2,2,01,B02
200700073212,0,07,000,00,2,6,01,A01
200700073212,0,30,000,00,2,1,01,B02
200700073213,0,33,000,00,2,3,17,A01
200700073213,0,07,000,00,2,3,01,B02
200700073214,0,07,000,00,0,7,01,A01
200700073214,0,07,000,00,0,1,01,B02
200700073215,0,07,000,01,1,2,14,A01
200700073216,0,07,000,00,2,3,13,A01
200700073216,0,38,000,00,2,3,01,B02
200700073216,0,07,000,00,2,1,01,C03
200700073217,0,07,000,00,2,2,00,A01
200700073217,0,07,000,00,2,3,00,B02
200700073218,0,07,000,00,2,3,17,A01
200700073218,0,07,000,00,2,8,01,B02
200700073218,0,07,000,00,2,3,01,C03
200700073219,0,07,000,00,2,3,13,A01
200700073219,0,07,000,00,2,3,01,B02
200700073219,0,07,000,00,2,3,01,C03
200700073220,0,07,000,00,2,3,17,A01
200700073220,0,07,000,00,2,3,01,B02
200700073221,0,07,000,13,0,1,01,A01
200700073222,0,07,000,08,0,2,01,A01
200700073223,0,10,000,00,2,8,19,A01
200700073223,0,07,000,00,2,1,01,B02
200700073224,0,07,000,00,2,3,15,A01
200700073224,0,30,000,00,2,8,01,B02
200700073225,0,33,000,00,2,3,01,A01
200700073225,0,38,000,00,2,3,01,B02
200700073226,0,07,000,02,2,9,17,A01
200700073226,0,07,000,00,2,3,01,B02
200700073227,0,07,000,02,0,1,01,A01
200700073228,0,07,000,02,0,6,01,A01
200700073229,0,07,000,00,2,8,01,A01
200700073229,0,07,000,00,2,1,01,B02
200700073230,0,33,000,00,2,1,01,A01
200700073230,0,38,000,00,2,7,15,B02
200700073231,0,07,000,00,2,1,15,A01
200700073231,0,34,001,00,2,7,01,B02
200700073232,0,07,000,00,2,2,15,A01
200700073232,0,07,000,00,2,1,00,B02
200700073233,0,07,000,00,2,7,15,A01
200700073233,0,02,000,00,2,7,01,B02
200700073234,0,13,000,00,2,2,19,A01
200700073234,0,02,000,00,2,1,01,B02
200700073235,0,07,000,06,0,2,14,A01
200700073236,0,07,000,00,2,8,15,A01
200700073236,0,33,000,00,2,1,01,B02
200700073237,0,31,000,07,0,1,01,A01
200700073238,0,07,000,00,1,3,01,A01
200700073239,0,07,000,00,2,5,15,A01
200700073239,0,33,000,00,2,1,01,B02
200700073240,0,07,000,00,2,3,01,A01
200700073240,0,07,000,00,2,3,15,B02
200700073241,0,07,000,00,2,2,01,A01
200700073241,0,07,000,00,2,3,15,B02
200700073242,0,07,000,00,2,1,05,A01
200700073242,0,02,000,00,2,1,01,B02
200700073243,0,10,000,00,1,2,01,A01
200700073244,0,07,000,13,0,3,01,A01
200700073245,0,17,000,05,0,1,01,A01
200700073246,0,07,000,13,0,2,01,A01
200700073247,0,33,000,00,2,9,01,A01
200700073247,0,33,000,00,2,9,01,B02
200700073248,0,07,000,00,2,2,01,A01
200700073248,0,02,000,00,2,7,15,B02
200700073249,0,07,000,00,0,3,00,A01
200700073250,0,07,000,00,2,1,01,A01
200700073250,0,07,000,00,2,8,01,B02
200700073251,0,07,000,08,0,1,00,A01
200700073252,0,07,000,00,2,1,17,A01
200700073252,0,10,000,00,2,1,01,B02
200700073253,0,07,000,00,1,8,01,A01
200700073254,0,07,000,00,2,1,19,A01
200700073254,0,02,000,00,2,1,01,B02
200700073255,0,33,000,00,0,1,00,A01
200700073255,0,07,000,00,0,8,00,B02
200700073256,0,07,000,00,2,1,02,A01
200700073256,0,17,000,00,0,6,01,B02
200700073257,0,07,000,13,0,1,01,A01
200700073258,0,10,000,00,2,3,15,A01
200700073258,0,07,000,00,2,3,01,B02
200700073258,0,07,000,00,2,3,23,C03
200700073259,0,07,000,00,2,2,09,A01
200700073259,0,07,000,00,2,1,02,B02
200700073260,0,14,000,00,0,0,13,A01
200700073260,0,07,000,00,2,1,21,B02
200700073260,0,07,000,00,2,1,01,C03
200700073261,0,31,000,06,0,1,15,A01
200700073262,1,99,000,00,0,0,00,A01
200700073263,0,07,000,00,2,1,13,A01
200700073263,0,07,000,00,2,1,01,B02
200700073264,0,33,000,00,2,2,17,A01
200700073264,0,07,000,00,2,6,01,B02
200700073265,0,10,000,00,2,1,13,A01
200700073265,0,07,000,00,2,1,01,B02
200700073266,0,07,000,13,0,2,01,A01
200700073267,0,33,000,06,0,7,01,A01
200700073268,0,10,000,00,0,3,15,A01
200700073268,0,33,000,00,2,2,01,B02
200700073269,0,07,000,02,0,2,01,A01
200700073270,0,07,000,00,2,2,15,A01
200700073270,0,30,000,00,2,1,01,B02
200700073271,0,07,000,00,2,3,15,A01
200700073271,0,33,000,00,2,1,01,B02
200700073272,0,07,000,00,6,1,01,A01
200700073273,0,31,000,00,2,1,01,A01
200700073273,0,10,000,00,2,1,01,B02
200700073274,0,07,000,02,0,1,01,A01
200700073275,0,07,000,13,0,9,01,A01
200700073276,0,07,000,00,2,6,19,A01
200700073276,0,15,000,00,2,3,01,B02
200700073277,0,10,000,00,1,1,01,A01
200700073278,0,07,000,00,2,7,16,A01
200700073278,0,01,000,00,2,3,01,B02
200700073279,0,30,000,00,2,8,19,A01
200700073279,0,07,000,00,2,1,01,B02
200700073280,0,10,000,02,0,1,01,A01
200700073281,0,07,000,00,0,8,01,A01
200700073282,0,07,000,00,2,1,00,A01
200700073282,0,30,000,00,2,8,15,B02
200700073283,0,02,000,12,0,1,00,A01
200700073284,0,10,000,00,2,1,01,A01
200700073284,0,10,000,00,2,8,01,B02
200700073285,0,14,000,06,0,0,01,A01
200700073286,0,07,000,13,0,1,14,A01
200700073287,0,10,000,00,2,3,01,A01
200700073287,0,17,000,00,2,3,01,B02
200700073288,0,07,000,13,2,1,01,A01
200700073288,0,07,000,00,0,3,01,B02
200700073289,0,02,000,00,2,1,21,A01
200700073289,0,07,000,00,2,3,01,B02
200700073290,0,07,000,00,1,3,01,A01
200700073291,0,13,000,00,0,1,01,A01
200700073291,0,07,000,00,0,3,01,B02
200700073292,0,07,000,00,2,2,13,A01
200700073292,0,07,000,00,2,1,00,B02
200700073293,0,07,000,00,2,2,09,A01
200700073293,0,02,000,00,2,5,01,B02
200700073294,0,30,000,00,2,1,23,A01
200700073294,0,07,000,00,0,5,15,B02
200700073295,0,30,000,00,2,1,13,A01
200700073295,0,07,000,00,2,1,01,B02
200700073296,0,07,000,03,0,9,01,A01
200700073297,0,07,000,00,0,9,01,A01
200700073298,0,07,000,08,0,2,01,A01
200700073299,0,07,000,00,2,5,19,A01
200700073299,0,07,000,00,2,8,01,B02
200700073300,0,10,000,00,0,3,13,A01
200700073300,0,10,000,00,0,3,00,B02
200700073301,0,07,000,00,2,3,13,A01
200700073301,0,30,000,00,2,3,01,B02
200700073302,0,30,000,00,2,1,13,A01
200700073302,0,07,000,00,2,1,21,B02
200700073303,0,07,000,08,0,8,21,A01
200700073304,0,33,000,00,2,8,19,A01
200700073304,0,10,000,00,9,1,01,B02
200700073305,0,10,000,13,0,9,01,A01
200700073306,0,07,000,00,2,1,01,A01
200700073306,0,07,000,00,2,7,01,B02
200700073307,0,07,000,00,2,3,00,A01
200700073307,0,30,000,00,2,1,01,B02
200700073308,0,33,000,00,2,2,21,A01
200700073308,0,32,000,00,2,6,23,B02
200700073309,0,07,000,00,0,5,23,A01
200700073309,0,07,000,00,2,3,02,B02
200700073310,0,07,000,00,2,0,01,A01
200700073310,0,07,000,00,2,1,13,B02
200700073311,0,07,000,00,0,2,00,A01
200700073311,0,30,000,00,2,1,19,B02
200700073312,0,07,000,00,2,5,19,A01
200700073312,0,33,000,00,0,7,01,B02
200700073313,0,15,000,00,2,6,01,A01
200700073313,0,07,000,00,2,1,01,B02
200700073313,0,07,000,00,2,1,01,C03
200700073314,0,07,000,00,0,1,01,A01
200700073315,0,07,000,00,2,1,19,A01
200700073315,0,10,000,00,2,2,01,B02
200700073316,0,30,000,00,2,1,01,A01
200700073316,0,30,000,00,2,1,00,B02
200700073317,0,07,000,00,2,1,13,A01
200700073317,0,02,000,00,2,1,01,B02
200700073318,0,07,000,00,1,1,01,A01
200700073319,0,13,000,00,2,2,13,A01
200700073319,0,10,000,00,2,3,01,B02
200700073320,0,33,000,00,2,1,01,A01
200700073320,0,38,000,00,2,8,15,B02
200700073321,0,33,000,00,2,1,01,A01
200700073322,0,07,000,00,2,1,01,A01
200700073322,0,07,000,00,2,4,24,B02
200700073323,0,07,000,08,0,1,00,A01
200700073324,0,07,000,00,0,4,20,A01
200700073324,0,30,000,00,2,1,00,B02
200700073325,0,30,000,12,0,1,01,A01
200700073326,0,33,000,00,9,1,02,A01
200700073326,0,07,000,00,0,4,02,B02
200700073327,0,33,000,00,2,1,01,A01
200700073327,0,02,000,00,2,4,01,B02
200700073328,0,30,000,00,1,1,01,A01
200700073329,2,07,000,00,2,1,01,B02
200700073329,0,07,000,00,2,8,01,A01
200700073330,0,07,000,00,2,2,01,A01
200700073330,0,07,000,00,2,3,01,B02
200700073331,0,07,000,06,0,2,01,A01
200700073332,1,07,000,14,0,2,13,A01
200700073332,0,07,000,00,2,8,01,B02
200700073333,0,07,000,13,0,9,01,A01
200700073334,0,07,000,00,2,3,01,A01
200700073334,0,07,000,00,0,3,01,B02