Num_Acc,senc,catv,occutc,obs,obsm,choc,manv,num_veh
200700073335,0,07,000,00,2,1,15,A01
200700073335,0,07,000,00,2,3,01,B02
200700073336,0,07,000,00,0,4,15,A01
200700073336,0,07,000,14,0,4,23,B02
200700073336,0,07,000,14,0,1,02,C03
200700073337,0,07,000,00,2,1,13,A01
200700073337,0,07,000,00,2,1,01,B02
200700073337,0,07,000,13,0,3,01,C03
200700073338,0,10,000,13,0,9,01,A01
200700073339,0,07,000,00,2,5,09,A01
200700073339,0,07,000,00,2,1,01,B02
200700073340,0,07,000,13,0,2,01,A01
200700073341,0,07,000,00,2,8,10,A01
200700073341,0,33,000,00,2,1,02,B02
200700073342,0,02,000,00,1,0,01,A01
200700073343,0,07,000,00,2,1,01,A01
200700073343,0,07,000,00,2,1,01,B02
200700073344,0,07,000,00,2,8,16,A01
200700073344,0,30,000,00,2,1,01,B02
200700073345,0,07,000,00,2,1,01,A01
200700073345,0,07,000,00,2,8,01,B02
200700073346,0,07,000,00,2,3,09,A01
200700073346,0,07,000,00,2,1,01,B02
200700073347,0,07,000,02,0,3,01,A01
200700073348,0,07,000,00,2,1,19,A01
200700073348,0,07,000,00,0,3,01,B02
200700073349,0,07,000,08,0,1,02,A01
200700073350,0,07,000,06,0,4,01,A01
200700073351,0,07,000,00,0,0,00,A01
200700073351,0,21,000,00,0,4,01,B02
200700073352,0,07,000,02,0,2,01,A01
200700073353,0,02,000,00,2,1,17,A01
200700073353,0,10,000,00,2,6,15,B02
200700073354,0,33,000,00,0,0,01,A01
200700073355,0,07,000,00,0,0,00,A01
200700073355,0,07,000,00,2,3,01,B02
200700073356,0,07,000,00,2,3,01,A01
200700073356,0,07,000,00,2,3,13,B02
200700073357,0,07,000,13,0,6,16,A01
200700073358,0,07,000,06,0,1,01,A01
200700073359,0,07,000,00,2,1,15,A01
200700073359,0,01,000,00,2,8,15,B02
200700073360,0,30,000,01,0,7,00,A01
200700073361,0,07,000,00,1,8,01,A01
200700073362,0,07,000,00,0,3,13,A01
200700073362,0,17,000,00,0,3,01,B02
200700073363,0,07,000,13,0,3,13,A01
200700073364,0,07,000,00,2,3,19,A01
200700073364,0,02,000,00,2,8,01,B02
200700073365,0,33,000,08,0,1,14,A01
200700073366,0,07,000,00,1,4,20,A01
200700073367,0,30,000,00,2,1,13,A01
200700073367,0,07,000,00,2,1,01,B02
200700073368,0,17,000,00,2,8,01,A01
200700073368,0,17,000,00,2,6,01,B02
200700073368,0,07,000,00,2,9,17,C03
200700073369,0,07,000,13,0,3,21,A01
200700073370,0,07,000,00,0,1,01,A01
200700073371,0,30,000,16,0,1,01,A01
200700073372,0,07,000,00,2,2,01,A01
200700073372,0,07,000,00,2,1,01,B02
200700073373,0,07,000,00,2,1,01,A01
200700073373,0,07,000,00,0,6,15,B02
200700073373,0,07,000,00,2,4,23,C03
200700073373,0,07,000,00,2,1,01,D04
200700073374,0,07,000,00,2,1,15,A01
200700073374,0,07,000,00,2,3,01,B02
200700073375,0,07,000,02,0,1,01,A01
200700073376,0,07,000,02,0,9,01,A01
200700073377,0,07,000,02,0,8,01,A01
200700073378,0,07,000,00,2,1,17,A01
200700073378,0,07,000,00,2,1,01,B02
200700073378,0,15,000,00,2,8,01,C03
200700073379,0,07,000,13,0,7,01,A01
200700073380,0,07,000,00,0,1,13,A01
200700073380,0,07,000,00,2,3,01,B02
200700073381,0,07,000,00,2,3,15,A01
200700073381,0,07,000,00,2,2,17,B02
200700073382,0,30,000,06,0,7,01,A01
200700073383,0,07,000,08,0,8,01,A01
200700073384,0,07,000,08,0,2,01,A01
200700073385,0,07,000,00,2,8,01,A01
200700073385,0,07,000,08,2,1,01,B02
200700073386,0,21,000,00,1,2,01,A01
200700073387,0,07,000,02,0,1,01,A01
200700073388,0,07,000,02,0,3,13,A01
200700073389,0,07,000,00,2,7,01,A01
200700073389,0,07,000,00,2,1,01,B02
200700073390,0,07,000,06,0,1,00,A01
200700073391,0,07,000,02,0,7,19,A01
200700073392,0,07,000,13,0,2,01,A01
200700073393,0,07,000,00,2,3,20,A01
200700073393,0,02,000,01,2,1,17,B02
200700073394,0,07,000,00,2,1,06,A01
200700073394,0,07,000,00,2,1,01,B02
200700073394,0,07,000,01,2,2,00,C03
200700073395,0,07,000,00,2,3,15,A01
200700073395,0,07,000,00,2,1,01,B02
200700073395,0,07,000,00,2,8,24,C03
200700073396,0,07,000,00,2,3,01,A01
200700073396,0,07,000,00,2,3,01,B02
200700073397,0,07,000,16,0,9,01,A01
200700073398,0,07,000,06,0,2,01,A01
200700073399,0,10,000,00,1,2,01,A01
200700073400,0,30,000,00,2,8,15,A01
200700073400,0,02,000,00,2,2,17,B02
200700073401,0,07,000,00,1,6,04,A01
200700073402,0,02,000,00,2,8,19,A01
200700073402,0,07,000,00,2,1,01,B02
200700073403,0,10,000,00,2,3,19,A01
200700073403,0,07,000,00,2,3,01,B02
200700073404,0,07,000,02,0,3,01,A01
200700073405,0,03,000,13,0,1,13,A01
200700073406,0,07,000,00,2,3,19,B02
200700073406,0,02,000,00,2,1,01,A01
200700073407,0,07,000,00,2,1,17,A01
200700073407,0,01,000,00,2,1,01,B02
200700073408,0,07,000,00,1,3,01,A01
200700073409,0,07,000,00,2,1,01,A01
200700073409,0,07,000,00,2,3,16,B02
200700073410,0,07,000,00,2,6,23,A01
200700073410,0,02,000,00,2,1,01,B02
200700073411,0,07,000,00,2,1,01,A01
200700073411,0,07,000,00,2,7,19,B02
200700073412,0,07,000,00,2,3,00,A01
200700073412,0,07,000,00,2,3,00,B02
200700073413,0,07,000,00,2,2,13,A01
200700073413,0,07,000,00,2,3,01,B02
200700073414,0,07,000,10,0,1,01,A01
200700073415,0,30,000,00,1,1,00,A01
200700073416,0,07,000,00,2,8,19,A01
200700073416,0,10,000,00,0,0,00,B02
200700073417,0,14,000,00,2,1,01,A01
200700073417,0,14,000,00,2,4,01,B02
200700073418,0,07,000,00,2,3,09,A01
200700073418,0,02,000,00,0,7,01,B02
200700073419,0,31,000,16,0,1,13,A01
200700073420,0,07,000,00,2,7,19,B02
200700073420,0,07,000,00,2,1,01,A01
200700073421,0,07,000,00,2,3,15,A01
200700073421,0,33,000,00,2,1,17,B02
200700073422,0,33,000,00,2,1,02,A01
200700073422,0,21,000,00,2,4,02,B02
200700073423,0,30,000,08,0,1,14,A01
200700073424,0,31,000,00,5,3,01,A01
200700073425,0,07,000,02,0,6,01,A01
200700073426,0,01,000,00,2,4,15,A01
200700073427,0,07,000,00,2,8,01,B02
200700073427,0,32,000,00,2,1,01,A01
200700073428,0,07,000,01,2,9,17,A01
200700073428,0,10,000,00,2,6,23,B02
200700073428,0,07,000,00,2,8,01,C03
200700073429,0,07,000,13,0,7,01,A01
200700073430,0,07,000,02,0,7,01,A01
200700073431,0,07,000,00,0,3,15,A01
200700073431,0,33,000,00,0,7,01,B02
200700073432,0,07,000,00,1,2,01,A01
200700073433,0,30,000,00,2,1,13,A01
200700073433,0,10,000,00,2,1,01,B02
200700073434,0,07,000,00,0,5,13,A01
200700073434,0,07,000,00,2,2,01,B02
200700073435,0,07,000,08,0,9,01,A01
200700073436,0,07,000,00,2,1,13,A01
200700073436,0,07,000,00,2,8,01,B02
200700073436,0,31,000,00,2,7,01,C03
200700073436,0,07,000,00,2,1,01,D04
200700073437,0,30,000,13,0,1,14,A01
200700073438,0,07,000,02,0,1,01,A01
200700073439,0,07,000,00,2,3,01,A01
200700073439,0,07,000,00,2,2,15,B02
200700073440,0,07,000,00,0,3,01,A01
200700073441,0,07,000,00,2,7,13,A01
200700073441,0,07,000,00,2,1,01,B02
200700073442,0,10,000,00,2,1,01,A01
200700073442,0,02,000,00,2,7,01,B02
200700073443,0,01,000,00,0,0,15,A01
200700073443,0,17,000,00,0,0,17,B02
200700073444,0,07,000,00,2,8,15,A01
200700073444,0,07,000,00,2,3,01,B02
200700073445,0,10,000,00,0,3,09,A01
200700073445,0,10,000,00,2,2,01,B02
200700073446,0,02,000,00,4,3,13,A01
200700073446,0,39,000,00,2,2,01,B02
200700073447,0,07,000,02,0,7,01,A01
200700073448,0,07,000,03,2,7,13,A01
200700073448,0,10,000,00,2,2,01,B02
200700073449,0,07,000,00,2,2,15,A01
200700073449,0,02,000,00,2,1,01,B02
200700073450,0,07,000,00,0,3,01,A01
200700073450,0,07,000,00,0,3,01,B02
200700073451,0,07,000,00,0,1,01,A01
200700073452,0,07,000,00,0,1,19,A01
200700073453,0,07,000,13,0,3,01,A01
200700073454,0,07,000,08,0,1,19,A01
200700073455,0,07,000,00,2,7,19,A01
200700073455,0,07,000,00,2,1,01,B02
200700073456,0,10,000,00,2,1,13,A01
200700073456,0,07,000,00,2,1,01,B02
200700073457,0,07,000,00,2,1,13,A01
200700073457,0,07,000,00,2,1,21,B02
200700073458,0,07,000,00,2,3,01,A01
200700073458,0,07,000,00,2,8,15,B02
200700073459,0,07,000,00,2,3,13,A01
200700073459,0,07,000,00,2,3,01,B02
200700073460,0,02,000,00,2,1,01,A01
200700073460,0,07,000,00,2,7,01,B02
200700073461,0,07,000,13,0,1,00,A01
200700073462,0,07,000,00,2,3,13,A01
200700073462,0,07,000,00,2,3,01,B02
200700073463,0,07,000,00,0,0,01,A01
200700073464,0,17,000,01,0,1,14,A01
200700073464,0,17,000,00,0,6,24,B02
200700073464,0,17,000,00,0,3,24,C03
200700073465,0,07,000,00,2,1,02,A01
200700073465,0,20,000,00,0,5,16,B02
200700073466,0,30,000,08,0,1,01,A01
200700073467,0,33,000,00,2,1,00,A01
200700073467,0,07,000,00,2,3,01,B02
200700073468,0,07,000,00,1,4,04,A01
200700073469,0,10,000,06,0,1,01,A01
200700073470,0,10,000,03,0,1,00,A01
200700073471,0,33,000,00,2,7,01,A01
200700073471,0,07,000,00,2,1,01,B02
200700073472,0,17,000,00,9,5,02,A01
200700073472,0,01,000,00,2,4,02,B02
200700073473,0,14,000,06,0,1,01,A01
200700073474,0,07,000,00,2,3,06,A01
200700073474,0,07,000,00,2,1,01,B02
200700073475,0,10,000,00,1,3,01,A01
200700073476,0,07,000,00,1,2,01,A01
200700073477,0,07,000,00,9,7,21,A01
200700073477,0,99,000,00,2,1,00,B02
200700073478,0,10,000,00,2,3,19,A01
200700073478,0,33,000,00,2,1,01,B02
200700073479,0,30,000,00,2,1,05,A01
200700073479,0,07,000,00,2,3,01,B02
200700073480,0,14,000,08,0,3,00,A01
200700073481,0,07,000,08,0,8,00,A01
200700073482,0,10,000,00,2,1,02,A01
200700073482,0,10,000,00,2,3,05,B02
200700073482,0,10,000,00,2,9,02,C03
200700073483,0,07,000,02,2,8,01,A01
200700073484,0,07,000,00,2,2,15,A01
200700073484,0,31,000,00,2,1,01,B02
200700073485,0,07,000,00,1,1,01,A01
200700073486,0,10,000,06,0,1,13,A01
200700073487,0,07,000,00,2,1,17,A01
200700073487,0,10,000,00,2,1,01,B02
200700073488,0,07,000,00,2,2,01,A01
200700073488,0,10,000,00,2,1,01,B02
200700073489,0,30,000,00,2,2,17,A01
200700073489,0,07,000,00,2,8,15,B02
200700073490,0,07,000,00,2,1,15,A01
200700073490,0,07,000,00,2,1,01,B02
200700073491,0,07,000,06,0,1,13,A01
200700073492,0,07,000,00,2,1,13,A01
200700073492,0,07,000,00,2,1,01,B02
200700073493,0,07,000,13,2,8,01,A01
200700073493,0,07,000,00,2,8,01,B02
200700073494,0,15,000,00,2,6,24,A01
200700073494,0,07,000,01,0,2,01,B02
200700073495,0,30,000,00,1,7,14,A01
200700073496,0,07,000,00,0,3,09,A01
200700073496,0,31,000,00,0,1,01,B02
200700073497,0,07,000,00,2,3,13,A01
200700073497,0,07,000,00,2,3,01,B02
200700073498,0,07,000,02,0,1,01,A01
200700073499,0,07,000,00,2,8,01,A01
200700073499,0,07,000,00,2,8,01,B02
200700073500,0,07,000,02,0,2,00,A01
200700073501,0,07,000,00,2,3,23,A01
200700073501,0,07,000,00,2,1,01,B02
200700073501,0,07,000,00,2,1,01,C03
200700073502,0,07,000,00,2,7,15,A01
200700073502,0,02,000,00,2,1,01,B02
200700073503,0,07,000,00,2,2,13,A01
200700073503,0,07,000,00,2,3,01,B02
200700073504,0,07,000,02,0,7,01,A01
200700073505,0,07,000,02,0,8,01,A01
200700073506,0,10,000,06,0,2,01,A01
200700073507,0,33,000,02,0,1,01,A01
200700073508,0,10,000,00,2,1,23,A01
200700073508,0,07,000,14,0,7,01,B02
200700073509,0,07,000,00,2,7,15,A01
200700073509,0,33,000,00,2,7,01,B02
200700073509,0,07,000,00,2,2,01,C03
200700073510,0,30,000,00,2,1,19,A01
200700073510,0,07,000,00,2,8,01,B02
200700073511,0,99,000,03,0,1,01,A01
200700073512,0,07,000,02,0,7,01,A01
200700073513,0,07,000,00,2,8,17,A01
200700073513,0,14,000,00,2,3,01,B02
200700073514,0,07,000,13,0,1,01,A01
200700073515,0,07,000,00,2,3,13,A01
200700073515,0,07,000,00,2,3,01,B02
200700073516,0,14,000,00,2,5,13,A01
200700073516,0,07,000,00,2,1,01,B02
200700073517,0,30,000,00,9,1,01,A01
200700073518,0,07,000,00,0,4,02,A01
200700073518,0,30,000,00,2,1,02,B02
200700073519,0,07,000,00,2,1,17,A01
200700073519,0,07,000,00,2,1,01,B02
200700073520,0,07,000,00,2,3,15,A01
200700073520,0,07,000,00,2,2,01,B02
200700073521,0,07,000,00,2,2,02,A01
200700073521,0,01,000,00,2,4,02,B02
200700073522,0,07,000,00,1,2,01,A01
200700073523,0,07,000,02,0,1,01,A01
200700073524,0,07,000,00,0,3,15,A01
200700073524,0,02,000,00,0,0,01,B02
200700073524,0,07,000,00,0,3,23,C03
200700073525,0,07,000,02,0,7,19,A01
200700073526,0,13,000,00,1,8,01,A01
200700073527,0,33,000,00,2,1,01,A01
200700073527,0,07,000,00,2,5,13,B02
200700073527,0,07,000,00,2,3,01,C03
200700073528,0,07,000,00,2,3,17,A01
200700073528,0,07,000,00,2,3,01,B02
200700073528,0,07,000,00,2,1,01,C03
200700073529,0,07,000,00,2,3,13,A01
200700073529,0,10,000,00,2,3,01,B02
200700073530,0,07,000,00,2,7,15,A01
200700073530,0,07,000,00,2,1,01,B02
200700073531,0,07,000,00,0,7,23,A01
200700073531,0,07,000,14,0,1,01,B02
200700073532,0,07,000,00,2,5,11,A01
200700073532,0,02,000,00,2,1,01,B02
200700073533,0,10,000,00,1,2,01,A01
200700073534,0,07,000,00,2,1,01,A01
200700073534,0,07,000,00,2,3,09,B02
200700073535,0,01,000,00,0,4,13,A01
200700073535,0,07,000,00,2,1,01,B02
200700073536,0,31,000,00,2,8,15,A01
200700073536,0,07,000,00,2,1,01,B02
200700073537,0,07,000,00,2,1,02,A01
200700073537,0,07,000,00,2,4,02,B02
200700073538,0,07,000,00,0,0,01,A01
200700073538,0,07,000,00,0,3,15,B02
200700073538,0,07,000,00,0,0,01,C03
200700073538,0,07,000,00,0,1,01,D04
200700073539,0,07,000,00,1,3,01,A01
200700073540,0,33,000,00,0,0,01,A01
200700073541,0,10,000,00,1,3,02,A01
200700073542,0,07,000,00,1,3,01,A01
200700073543,0,07,000,00,2,3,09,A01
200700073543,0,33,000,00,2,7,01,B02
200700073544,0,07,000,00,1,1,01,A01
200700073545,0,07,000,00,2,1,02,A01
200700073545,0,07,000,00,2,4,15,B02
200700073546,0,07,000,13,0,3,13,A01
200700073547,0,07,000,00,0,4,13,A01
200700073547,0,33,000,00,2,1,17,B02
200700073548,0,10,000,00,1,1,15,A01
200700073549,0,07,000,00,2,8,19,B02
200700073549,0,10,000,00,2,1,01,A01
200700073550,0,07,000,00,2,1,02,A01
200700073550,0,07,000,00,2,7,15,B02
200700073551,0,07,000,00,2,1,01,A01
200700073551,0,07,000,00,2,4,02,B02
200700073551,0,07,000,00,2,4,02,C03
200700073552,0,07,000,02,0,0,13,A01
200700073553,0,07,000,13,0,2,01,A01
200700073554,0,07,000,00,2,1,05,A01
200700073554,0,07,000,00,2,3,01,B02
200700073555,0,07,000,00,1,1,01,A01
200700073556,0,07,000,03,0,9,18,A01
200700073557,0,07,000,02,0,9,01,A01
200700073558,0,07,000,00,2,6,15,A01
200700073558,0,02,000,00,2,7,17,B02
200700073559,0,07,000,00,2,1,13,A01
200700073559,0,07,000,00,2,3,01,B02
200700073560,0,07,000,13,0,9,14,A01
200700073561,0,31,000,00,0,7,00,A01
200700073562,0,07,000,00,2,2,01,A01
200700073562,0,07,000,00,2,3,01,B02
200700073563,0,07,000,06,0,3,01,A01
200700073564,0,15,000,00,2,8,19,A01
200700073564,0,07,000,00,2,3,01,B02
200700073565,0,07,000,02,0,3,00,A01
200700073566,0,07,000,00,2,1,02,A01
200700073566,0,14,000,00,0,4,23,B02
200700073567,0,07,000,00,0,1,13,A01
200700073567,0,14,000,00,0,1,23,B02
200700073568,0,02,000,00,2,1,05,A01
200700073568,0,10,000,00,2,2,01,B02
200700073569,0,07,000,00,2,5,15,A01
200700073569,0,02,000,00,2,1,01,B02
200700073570,0,07,000,00,1,1,01,A01
200700073571,0,07,000,02,0,0,01,A01
200700073572,0,07,000,00,1,3,01,A01
200700073573,0,07,000,00,2,3,01,A01
200700073573,0,07,000,00,2,3,13,B02
200700073574,0,07,000,00,2,3,19,A01
200700073574,0,33,000,00,2,1,17,B02
200700073575,0,07,000,00,2,3,01,A01
200700073575,0,07,000,00,2,3,01,B02
200700073576,0,10,000,00,2,2,15,A01
200700073576,0,02,000,00,2,1,01,B02
200700073577,0,31,000,06,0,3,16,A01
200700073578,0,33,000,13,0,1,01,A01
200700073579,0,07,000,06,0,1,01,A01
200700073580,0,33,000,00,0,0,01,A01
200700073581,0,10,000,06,0,7,01,A01
200700073582,0,07,000,00,0,2,13,A01
200700073582,0,07,000,00,0,3,01,B02
200700073583,0,02,000,00,2,1,13,A01
200700073583,0,07,000,00,9,3,01,B02
200700073584,0,07,000,00,2,2,15,A01
200700073584,0,02,000,00,2,1,01,B02
200700073585,0,07,000,00,2,2,01,A01
200700073585,0,02,000,00,2,1,15,B02
200700073586,0,10,000,00,2,3,01,A01
200700073586,0,07,000,00,0,8,19,B02
200700073587,0,07,000,13,2,1,17,A01
200700073588,0,07,000,00,2,1,00,A01
200700073588,0,07,000,00,0,9,00,B02
200700073589,0,07,000,00,0,1,01,A01
200700073590,0,07,000,13,0,8,01,A01
200700073591,0,02,000,00,2,7,15,A01
200700073591,0,07,000,00,2,1,01,B02
200700073592,0,07,000,06,0,3,01,A01
200700073593,0,07,000,00,2,3,13,A01
200700073593,0,07,000,00,2,3,01,B02
200700073594,0,33,000,13,0,0,01,A01
200700073595,0,07,000,13,0,0,15,A01
200700073596,0,07,000,00,2,3,01,A01
200700073596,0,07,000,00,2,7,19,B02
200700073597,0,07,000,00,2,1,13,A01
200700073597,0,17,000,00,2,3,01,B02
200700073598,0,07,000,00,0,8,00,A01
200700073599,0,30,000,00,2,8,01,A01
200700073599,1,10,000,00,2,7,17,B02
200700073600,0,07,000,02,0,1,01,A01
200700073601,0,07,000,00,2,7,01,B02
200700073601,0,07,000,00,2,1,19,A01
200700073602,0,07,000,00,9,2,02,A01
200700073602,0,01,000,00,2,4,02,B02
200700073603,0,07,000,00,9,7,23,A01
200700073603,0,01,000,00,2,1,02,B02
200700073604,0,07,000,00,5,3,01,A01
200700073605,0,07,000,00,2,7,01,A01
200700073605,0,07,000,00,2,1,01,B02
200700073606,0,07,000,00,1,2,15,A01
200700073607,0,31,000,16,0,1,17,A01
200700073608,0,07,000,00,2,3,17,A01
200700073608,0,07,000,00,0,4,15,B02
200700073609,0,07,000,00,1,1,01,A01
200700073610,0,07,000,00,2,1,01,A01
200700073610,0,07,000,00,2,3,13,B02
200700073611,0,07,000,00,2,1,00,A01
200700073611,0,07,000,00,0,1,00,B02
200700073612,0,07,000,00,2,6,15,A01
200700073612,0,30,000,00,2,1,01,B02
200700073613,0,07,000,00,2,3,01,A01
200700073613,0,07,000,00,2,8,01,B02
200700073614,0,33,000,00,2,8,01,A01
200700073614,0,10,000,00,0,8,19,B02
200700073615,0,33,000,00,2,1,02,A01
200700073615,0,07,000,00,2,4,01,B02
200700073616,0,07,000,00,0,8,19,A01
200700073616,0,07,000,00,2,1,01,B02
200700073617,0,07,000,14,0,2,19,A01
200700073618,0,07,000,00,2,1,01,A01
200700073618,0,07,000,00,2,4,00,B02
200700073619,0,10,000,00,2,1,01,A01
200700073619,0,07,000,00,2,8,19,B02
200700073620,0,07,000,00,2,0,01,A01
200700073620,0,07,000,00,2,3,09,B02
200700073621,0,07,000,00,2,1,01,A01
200700073621,0,07,000,00,2,4,01,B02
200700073621,0,07,000,00,2,1,01,C03
200700073621,0,07,000,00,2,8,24,D04
200700073622,0,07,000,00,2,1,11,A01
200700073622,0,07,000,00,2,1,01,B02
200700073623,0,07,000,00,2,1,01,B02
200700073623,0,07,000,00,2,7,01,A01
200700073624,0,07,000,00,2,9,01,A01
200700073625,0,07,000,02,0,1,01,A01
200700073626,0,30,000,00,2,1,01,A01
200700073627,0,02,000,00,2,5,10,A01
200700073627,0,07,000,00,2,1,01,B02
200700073628,0,07,000,02,0,1,01,A01
200700073629,0,07,000,00,1,3,01,A01
200700073630,0,07,000,00,2,8,01,A01
200700073630,0,07,000,00,2,2,01,B02
200700073631,0,07,000,00,0,0,01,A01
200700073632,0,07,000,00,9,6,01,A01
200700073632,0,33,000,11,0,1,17,B02
200700073633,0,07,000,00,2,1,02,A01
200700073633,0,07,000,00,2,9,23,B02
200700073633,0,07,000,00,2,4,23,C03
200700073634,0,07,000,14,0,7,15,A01
200700073635,0,17,000,13,0,1,01,A01
200700073636,0,07,000,00,0,3,00,A01
200700073636,0,33,000,00,2,1,00,B02
200700073637,0,07,000,00,2,3,21,A01
200700073637,0,07,000,00,2,3,01,B02
200700073638,0,07,000,00,0,1,01,A01
200700073639,0,07,000,00,2,1,01,A01
200700073639,0,10,000,13,2,1,01,B02
200700073640,0,33,000,00,2,0,17,A01
200700073640,0,07,000,00,0,8,15,B02
200700073641,0,07,000,00,2,3,01,A01
200700073641,0,10,000,00,2,3,01,B02
200700073641,0,07,000,14,0,3,01,C03
200700073642,0,07,000,00,1,2,01,A01
200700073643,0,07,000,00,2,7,17,A01
200700073643,0,07,000,00,2,1,01,B02
200700073644,0,07,000,00,2,1,17,A01
200700073644,0,07,000,00,2,3,21,B02
200700073645,0,07,000,16,0,0,01,A01
200700073646,0,10,000,10,2,3,02,A01
200700073646,0,03,000,00,2,4,15,B02
200700073647,0,07,000,08,0,3,13,A01
200700073648,0,07,000,00,2,1,02,A01
200700073648,0,07,000,00,2,4,23,B02
200700073648,0,15,000,00,2,4,23,C03
200700073649,0,33,000,00,2,8,13,A01
200700073649,0,07,000,00,2,8,01,B02
200700073650,0,07,000,00,0,0,01,A01
200700073651,0,07,000,13,0,9,13,A01
200700073652,0,07,000,00,2,1,01,A01
200700073652,0,07,000,00,2,7,13,B02
200700073653,0,07,000,00,2,1,01,A01
200700073653,0,07,000,04,0,7,13,B02
200700073654,0,30,000,00,2,1,10,A01
200700073654,0,07,000,00,2,6,02,B02
200700073655,0,33,000,00,0,7,01,A01
200700073656,0,07,000,00,1,1,15,A01
200700073657,0,10,000,00,1,6,04,A01
200700073658,0,33,000,01,0,1,01,A01
200700073659,1,07,000,00,1,0,01,A01
200700073660,0,07,000,00,0,5,09,A01
200700073660,0,01,000,00,2,1,01,B02
200700073661,0,07,000,00,1,1,19,A01
200700073662,0,07,000,00,1,2,01,A01
200700073663,0,07,000,00,2,3,11,A01
200700073663,0,07,000,00,2,3,01,B02
200700073664,0,07,000,00,1,1,01,A01
200700073665,0,07,000,00,1,2,01,A01
200700073666,0,07,000,00,0,1,19,A01
200700073666,0,14,000,00,0,8,01,B02
200700073667,0,07,000,00,2,2,01,A01
200700073667,0,07,000,00,0,3,16,B02
200700073668,0,10,000,00,2,2,15,A01
200700073668,0,07,000,00,2,1,01,B02
200700073669,0,32,000,00,2,1,02,A01
200700073669,0,07,000,00,2,5,23,B02
200700073670,0,10,000,00,1,2,01,A01
200700073671,0,33,000,00,0,0,01,A01
200700073672,0,10,000,00,0,2,01,A01
200700073672,0,07,000,00,0,1,00,B02
200700073673,0,07,000,00,2,2,15,A01
200700073673,0,30,000,00,2,1,01,B02
200700073674,0,10,000,00,2,1,21,A01
200700073674,0,03,000,00,2,1,13,B02
200700073675,0,07,000,00,2,1,15,A01
200700073675,0,10,000,00,9,1,01,B02
200700073675,0,30,000,00,2,1,01,C03
200700073676,0,07,000,02,0,2,15,A01
200700073677,0,07,000,00,2,3,09,A01
200700073677,0,02,000,00,2,1,01,B02
200700073678,0,10,000,02,0,1,01,A01
200700073679,0,07,000,00,0,9,14,A01
200700073680,0,07,000,00,2,8,00,A01
200700073680,0,14,000,00,2,2,01,B02
200700073681,0,17,000,00,1,5,01,A01
200700073682,0,10,000,00,2,3,01,A01
200700073682,0,07,000,00,2,2,01,B02
200700073683,0,14,000,02,0,1,01,A01
200700073684,0,07,000,13,0,1,17,A01
200700073685,0,07,000,00,0,0,23,A01
200700073685,0,07,000,00,0,0,23,B02
200700073685,0,07,000,00,1,3,01,C03
200700073686,0,07,000,00,2,1,01,A01
200700073686,0,07,000,00,0,1,00,B02
200700073687,0,07,000,00,1,1,00,A01
200700073688,0,07,000,00,2,1,09,A01
200700073688,0,07,000,00,2,8,01,B02
200700073689,0,07,000,00,2,1,13,A01
200700073689,0,07,000,00,2,1,01,B02
200700073690,0,07,000,06,0,1,01,A01
200700073691,0,14,000,00,2,1,01,A01
200700073691,0,17,000,00,2,3,01,B02
200700073692,0,07,000,08,0,2,01,A01
200700073693,0,07,000,00,1,3,01,A01
200700073694,0,07,000,00,2,8,01,A01
200700073694,0,14,000,00,2,3,01,B02
200700073695,0,07,000,00,0,1,01,A01
200700073696,0,07,000,06,0,3,01,A01
200700073697,0,07,000,00,2,3,13,A01
200700073697,0,10,000,00,2,7,17,B02
200700073698,0,07,000,13,0,8,00,A01
200700073699,0,10,000,00,2,3,15,A01
200700073699,0,33,000,00,2,1,01,B02
200700073700,0,33,000,00,2,1,01,A01
200700073700,0,07,000,00,2,6,01,B02
200700073700,0,07,000,00,2,3,01,C03
200700073701,0,07,000,00,2,2,01,A01
200700073701,0,07,000,00,2,7,15,B02
200700073702,0,31,000,00,2,1,01,A01
200700073702,0,03,000,00,0,1,01,B02
200700073702,0,07,000,00,2,7,15,C03
200700073703,0,07,000,13,0,1,00,A01
200700073704,0,10,000,00,0,1,01,A01
200700073705,0,07,000,00,1,1,01,A01
200700073706,0,07,000,00,1,2,01,A01
200700073707,0,07,000,16,0,9,01,A01
200700073708,0,07,000,00,2,3,13,A01
200700073708,0,10,000,00,2,3,01,B02
200700073709,0,07,000,03,0,3,21,A01
200700073709,0,07,000,00,0,0,24,B02
200700073710,0,07,000,00,2,7,13,A01
200700073710,0,38,000,00,2,1,01,B02
200700073711,0,07,000,09,0,3,01,A01
200700073712,0,07,000,13,0,0,01,A01
200700073713,0,07,000,00,2,1,01,A01
200700073713,0,02,000,00,2,1,01,B02
200700073714,0,07,000,00,1,8,15,A01
200700073715,0,07,000,00,2,1,15,A01
200700073715,0,10,000,00,2,2,00,B02
200700073716,0,07,000,06,0,1,01,A01
200700073717,0,31,000,00,1,1,01,A01
200700073718,0,07,000,00,2,3,13,A01
200700073718,0,07,000,00,2,8,01,B02
200700073719,0,10,000,00,2,2,01,A01
200700073719,0,07,000,00,2,3,01,B02
200700073720,0,07,000,00,2,1,01,A01
200700073720,0,07,000,00,2,3,00,B02
200700073721,0,07,000,00,2,1,15,A01
200700073721,0,01,000,00,0,2,15,B02
200700073722,0,07,000,00,9,1,09,A01