Num_Acc,senc,catv,occutc,obs,obsm,choc,manv,num_veh
200700073722,0,01,000,00,2,7,01,B02
200700073723,0,07,000,00,2,1,15,A01
200700073723,0,07,000,00,2,3,01,B02
200700073723,0,07,000,00,2,3,01,C03
200700073724,0,07,000,00,2,3,13,A01
200700073724,0,07,000,00,2,3,01,B02
200700073725,0,07,000,00,2,3,15,A01
200700073725,0,02,000,00,2,1,01,B02
200700073726,0,07,000,00,2,3,01,A01
200700073726,0,17,000,00,2,6,15,B02
200700073726,0,07,000,00,2,3,23,C03
200700073727,0,10,000,00,1,1,02,A01
200700073728,0,07,000,00,2,3,01,A01
200700073728,0,10,000,00,2,1,01,B02
200700073729,0,10,000,00,2,3,17,A01
200700073729,0,07,000,00,2,1,01,B02
200700073730,0,10,000,00,1,2,01,A01
200700073731,0,10,000,00,1,4,04,A01
200700073732,0,07,000,00,1,7,01,A01
200700073733,0,07,000,00,1,1,00,A01
200700073734,0,07,000,00,2,1,01,A01
200700073734,0,07,000,00,2,1,01,B02
200700073735,0,07,000,06,2,3,13,A01
200700073735,0,07,000,01,2,3,01,B02
200700073736,0,07,000,00,1,3,01,A01
200700073737,0,07,000,00,0,4,15,A01
200700073737,0,07,000,14,2,3,01,B02
200700073738,0,07,000,00,2,5,23,A01
200700073738,0,30,000,00,2,1,01,B02
200700073739,0,07,000,00,1,2,01,A01
200700073740,0,07,000,00,1,1,01,A01
200700073741,0,07,000,00,0,0,01,A01
200700073742,0,07,000,00,6,0,01,A01
200700073743,0,07,000,00,0,9,01,A01
200700073744,0,07,000,02,0,8,01,A01
200700073745,0,07,000,00,0,2,13,A01
200700073745,0,07,000,00,0,3,01,B02
200700073746,0,07,000,00,1,1,01,A01
200700073747,0,07,000,00,1,2,01,A01
200700073748,0,07,000,03,0,1,17,A01
200700073749,0,07,000,00,1,3,01,A01
200700073750,0,07,000,13,0,2,01,A01
200700073751,0,07,000,00,1,3,15,A01
200700073751,0,30,000,00,2,8,01,B02
200700073752,0,07,000,00,2,3,15,A01
200700073752,0,30,000,00,2,1,01,B02
200700073753,0,07,000,02,0,8,01,A01
200700073754,0,20,000,00,0,7,16,A01
200700073755,0,07,000,02,0,8,01,A01
200700073756,0,07,000,00,1,3,01,A01
200700073757,0,07,000,00,2,0,01,A01
200700073757,0,02,000,00,0,6,19,B02
200700073758,0,07,000,00,1,3,01,A01
200700073759,0,07,000,00,2,3,01,A01
200700073759,0,10,000,00,2,3,11,B02
200700073760,0,07,000,00,1,2,01,A01
200700073761,0,21,000,00,2,6,23,A01
200700073761,0,02,000,01,0,5,01,B02
200700073762,0,07,000,13,0,1,01,A01
200700073763,0,33,000,14,0,1,01,A01
200700073764,0,07,000,00,2,2,15,A01
200700073764,0,31,000,00,2,1,01,B02
200700073765,0,07,000,06,0,1,01,A01
200700073766,0,21,000,00,1,2,15,A01
200700073767,0,07,000,02,0,1,01,A01
200700073768,0,30,000,12,0,7,16,A01
200700073769,0,33,000,00,2,4,13,A01
200700073769,0,10,000,00,2,3,05,B02
200700073770,0,07,000,16,0,9,01,A01
200700073771,0,07,000,00,2,3,01,A01
200700073771,0,07,000,00,2,3,13,B02
200700073772,0,07,000,00,1,2,01,A01
200700073773,0,07,000,01,0,1,00,A01
200700073773,0,07,000,00,0,4,23,B02
200700073774,0,07,000,00,6,2,01,A01
200700073775,0,07,000,00,2,3,01,A01
200700073775,0,07,000,00,2,3,13,B02
200700073776,0,10,000,00,2,3,15,A01
200700073776,0,07,000,00,2,2,01,B02
200700073777,0,07,000,00,1,8,01,A01
200700073778,0,07,000,00,1,1,01,A01
200700073779,0,07,000,00,2,8,17,A01
200700073779,0,07,000,00,2,1,01,B02
200700073779,0,07,000,00,2,1,01,C03
200700073780,0,07,000,00,2,8,15,A01
200700073780,0,07,000,00,2,1,00,B02
200700073781,0,07,000,00,1,3,13,A01
200700073782,0,07,000,13,0,9,01,A01
200700073783,0,07,000,00,0,6,20,A01
200700073783,0,07,000,00,0,1,01,B02
200700073783,0,02,000,00,0,0,17,C03
200700073784,0,07,000,13,0,0,01,A01
200700073785,0,07,000,13,0,2,01,A01
200700073786,0,31,000,00,6,1,00,A01
200700073787,0,07,000,02,0,1,01,A01
200700073788,0,01,000,00,2,7,01,A01
200700073788,0,07,000,00,2,1,15,B02
200700073789,0,07,000,00,1,1,01,A01
200700073790,0,17,000,00,2,3,01,A01
200700073790,0,07,000,00,2,6,06,B02
200700073791,0,07,000,13,0,1,01,A01
200700073792,0,07,000,00,2,8,05,A01
200700073792,0,14,000,00,2,3,01,B02
200700073793,0,07,000,00,2,1,13,A01
200700073793,0,07,000,00,0,0,01,B02
200700073794,0,07,000,00,2,2,15,A01
200700073794,0,02,000,00,2,1,01,B02
200700073795,0,07,000,08,0,2,14,A01
200700073796,0,07,000,00,2,2,15,A01
200700073796,0,30,000,00,2,7,01,B02
200700073797,0,30,000,00,1,1,01,A01
200700073798,0,07,000,00,2,3,01,A01
200700073798,0,07,000,00,2,3,15,B02
200700073799,0,07,000,00,0,0,00,A01
200700073799,0,07,000,00,2,3,01,B02
200700073800,0,07,000,16,0,1,01,A01
200700073801,0,10,000,00,2,6,15,A01
200700073801,0,31,000,00,2,2,21,B02
200700073802,0,07,000,00,2,2,01,A01
200700073802,0,01,000,00,0,4,01,B02
200700073803,0,07,000,00,0,2,15,A01
200700073803,0,32,000,00,2,1,01,B02
200700073804,0,07,000,00,1,1,16,A01
200700073805,0,07,000,00,0,1,15,A01
200700073806,0,02,000,00,0,0,01,A01
200700073807,0,07,000,02,0,7,14,A01
200700073808,0,07,000,02,0,1,01,A01
200700073809,0,07,000,00,2,3,15,A01
200700073809,0,02,000,00,2,1,01,B02
200700073810,0,07,000,00,1,1,01,A01
200700073811,0,07,000,13,0,9,01,A01
200700073812,0,30,000,00,1,1,01,A01
200700073813,0,07,000,00,1,2,01,A01
200700073814,0,07,000,13,0,1,01,A01
200700073815,0,07,000,01,2,1,13,A01
200700073815,0,14,000,00,2,1,01,B02
200700073816,0,07,000,00,9,2,13,A01
200700073816,0,01,000,00,0,8,01,B02
200700073817,0,07,000,00,1,1,01,A01
200700073818,0,07,000,02,0,3,00,A01
200700073819,0,07,000,00,2,3,01,A01
200700073819,0,15,000,00,2,6,01,B02
200700073820,0,33,000,00,0,9,02,A01
200700073821,0,36,000,06,0,3,01,A01
200700073822,0,07,000,00,1,1,01,A01
200700073823,0,07,000,06,0,0,01,A01
200700073824,0,34,000,00,2,1,00,A01
200700073824,0,07,000,00,2,2,15,B02
200700073825,0,07,000,00,2,1,01,A01
200700073825,0,07,000,00,2,7,00,B02
200700073826,0,07,000,00,0,3,15,A01
200700073826,0,31,000,00,0,8,01,B02
200700073827,0,07,000,14,0,3,19,A01
200700073827,0,02,000,00,0,1,01,B02
200700073828,0,07,000,02,0,2,01,A01
200700073829,0,30,000,00,2,1,01,A01
200700073829,0,07,000,00,2,3,01,B02
200700073830,0,07,000,02,0,2,01,A01
200700073831,0,07,000,00,2,6,15,A01
200700073831,0,07,000,00,2,9,23,B02
200700073831,0,07,000,00,2,1,01,C03
200700073832,0,33,000,00,2,2,17,A01
200700073832,0,07,000,00,2,3,15,B02
200700073833,0,07,000,00,2,2,01,A01
200700073833,0,07,000,00,2,3,01,B02
200700073834,0,07,000,00,1,2,01,A01
200700073835,0,33,000,00,2,1,17,A01
200700073835,0,07,000,00,2,6,15,B02
200700073836,0,30,000,00,2,1,01,A01
200700073836,0,07,000,00,2,1,01,B02
200700073837,0,07,000,08,0,1,01,A01
200700073838,0,07,000,02,0,1,14,A01
200700073839,0,07,000,00,2,2,15,A01
200700073839,0,02,000,00,2,1,01,B02
200700073840,0,07,000,00,2,1,02,A01
200700073840,0,21,000,00,0,4,02,B02
200700073841,0,07,000,00,0,0,00,A01
200700073841,0,07,000,00,2,1,01,B02
200700073842,0,33,000,03,0,1,00,A01
200700073843,0,33,000,00,1,0,21,A01
200700073843,0,01,000,00,0,0,00,B02
200700073844,0,10,000,00,2,7,02,A01
200700073844,0,01,000,00,2,8,02,B02
200700073845,0,15,000,00,2,3,13,A01
200700073845,0,07,000,00,2,2,21,B02
200700073846,0,02,000,08,0,2,01,A01
200700073847,0,17,000,06,6,5,01,A01
200700073848,0,17,000,00,2,7,01,B02
200700073848,0,07,000,00,2,3,19,A01
200700073849,0,07,000,06,0,1,01,A01
200700073850,0,02,000,00,5,1,01,A01
200700073851,0,07,000,00,2,1,01,A01
200700073851,0,07,000,00,2,1,13,B02
200700073852,0,07,000,00,2,1,01,B02
200700073852,0,07,000,00,2,8,15,A01
200700073853,0,07,000,07,2,8,19,A01
200700073853,0,07,000,00,2,1,01,B02
200700073854,0,33,000,14,0,1,01,A01
200700073855,0,07,000,00,0,8,10,A01
200700073855,0,33,000,00,2,1,01,B02
200700073856,0,07,000,00,2,7,15,A01
200700073856,0,33,000,00,2,1,01,B02
200700073857,0,07,000,00,1,3,15,A01
200700073858,0,07,000,02,0,6,14,A01
200700073859,0,07,000,00,0,7,01,A01
200700073859,0,07,000,00,0,3,01,B02
200700073860,0,07,000,00,2,1,09,A01
200700073861,0,07,000,00,1,3,01,A01
200700073862,0,07,000,00,1,3,01,A01
200700073863,0,07,000,00,0,3,02,A01
200700073864,0,07,000,00,1,2,19,A01
200700073865,0,07,000,00,2,1,13,A01
200700073865,0,07,000,00,2,3,01,B02
200700073866,0,07,000,03,9,3,01,A01
200700073866,0,30,000,00,2,1,13,B02
200700073867,0,07,000,00,2,2,15,A01
200700073867,0,07,000,00,2,1,01,B02
200700073868,0,07,000,03,0,2,01,A01
200700073869,0,20,000,00,0,6,01,A01
200700073869,0,15,000,00,2,2,21,B02
200700073870,0,07,000,00,2,3,01,A01
200700073870,0,07,000,00,0,2,13,B02
200700073871,0,07,000,16,9,1,00,A01
200700073872,0,07,000,00,2,7,13,A01
200700073872,0,07,000,00,2,1,01,B02
200700073873,0,02,000,00,2,1,19,A01
200700073873,0,07,000,00,0,7,01,B02
200700073874,0,07,000,13,0,3,06,A01
200700073875,0,07,000,08,0,8,01,A01
200700073876,0,07,000,00,0,1,13,A01
200700073877,0,07,000,07,5,9,16,A01
200700073877,0,10,000,00,2,2,01,B02
200700073878,0,07,000,00,2,3,13,A01
200700073878,0,07,000,00,2,3,01,B02
200700073879,0,07,000,02,0,3,01,A01
200700073880,0,07,000,00,2,3,13,A01
200700073880,0,07,000,00,2,3,01,B02
200700073880,0,07,000,00,2,1,01,C03
200700073881,0,07,000,00,2,3,01,A01
200700073881,0,15,000,00,2,5,15,B02
200700073882,0,07,000,00,1,2,01,A01
200700073883,0,07,000,13,0,1,01,A01
200700073884,0,30,000,00,0,1,02,A01
200700073884,0,21,000,01,0,6,02,B02
200700073885,0,02,000,00,0,1,00,A01
200700073885,0,07,000,00,0,2,00,B02
200700073886,0,17,000,13,0,7,14,A01
200700073887,0,02,000,12,0,0,13,A01
200700073887,0,07,000,00,2,3,01,B02
200700073888,0,07,000,00,2,2,15,A01
200700073888,0,33,000,00,2,1,01,B02
200700073889,0,07,000,00,2,1,15,A01
200700073889,0,30,000,00,2,1,01,B02
200700073890,0,07,000,00,2,1,03,A01
200700073890,0,07,000,00,2,1,01,B02
200700073891,0,10,000,02,0,5,21,A01
200700073892,0,14,000,00,1,3,21,A01
200700073893,1,99,000,00,1,0,00,A01
200700073894,0,07,000,00,2,3,09,A01
200700073894,0,02,000,00,2,1,01,B02
200700073895,0,07,000,00,1,2,01,A01
200700073896,0,15,000,00,0,8,00,A01
200700073896,0,07,000,00,0,7,00,B02
200700073897,0,07,000,02,0,3,01,A01
200700073898,0,02,000,00,2,1,01,A01
200700073898,0,07,000,00,0,4,16,B02
200700073899,0,07,000,00,2,1,00,A01
200700073899,0,07,000,00,0,7,00,B02
200700073900,0,07,000,00,2,1,13,A01
200700073900,0,07,000,00,2,1,01,B02
200700073901,0,07,000,00,9,2,00,A01
200700073902,0,07,000,03,0,9,01,A01
200700073902,0,07,000,14,0,7,01,B02
200700073903,0,10,000,16,0,9,01,A01
200700073904,0,07,000,04,0,3,01,A01
200700073905,0,33,000,03,2,4,01,A01
200700073905,0,07,000,03,2,2,01,B02
200700073906,0,17,000,00,2,2,01,A01
200700073906,0,02,000,00,2,1,15,B02
200700073907,0,13,000,00,2,6,05,A01
200700073907,0,30,000,00,2,8,13,B02
200700073908,0,07,000,00,2,1,13,A01
200700073908,0,10,000,00,2,3,01,B02
200700073909,0,07,000,02,0,1,01,A01
200700073910,0,07,000,02,0,2,01,A01
200700073911,0,07,000,02,0,1,01,A01
200700073912,0,07,000,00,2,2,01,A01
200700073912,0,02,000,00,2,1,19,B02
200700073913,0,14,000,00,0,3,09,A01
200700073914,0,07,000,01,0,2,01,A01
200700073915,0,07,000,06,0,2,01,A01
200700073916,0,07,000,00,2,1,17,A01
200700073916,0,07,000,00,2,1,01,B02
200700073917,0,07,000,00,2,3,00,A01
200700073917,0,07,000,00,2,3,00,B02
200700073918,0,07,000,02,0,8,01,A01
200700073919,0,07,000,00,2,8,13,A01
200700073919,0,07,000,00,2,3,14,B02
200700073920,0,15,000,00,0,8,19,A01
200700073920,0,02,000,00,2,1,01,B02
200700073921,0,07,000,00,0,8,19,A01
200700073921,0,07,000,00,2,3,01,B02
200700073922,0,07,000,02,0,3,13,A01
200700073923,0,07,000,00,2,5,15,A01
200700073923,0,07,000,00,2,1,01,B02
200700073924,0,07,000,02,0,8,21,A01
200700073925,0,10,000,00,0,1,01,A01
200700073925,0,07,000,00,2,3,01,B02
200700073926,0,07,000,00,0,1,01,A01
200700073927,0,07,000,00,0,2,01,A01
200700073927,0,07,000,00,2,3,02,B02
200700073928,0,10,000,00,0,5,01,A01
200700073928,0,07,000,00,2,1,09,B02
200700073929,0,07,000,00,2,1,01,A01
200700073929,0,07,000,00,2,8,19,B02
200700073930,0,17,000,03,0,2,01,A01
200700073931,0,02,000,00,2,2,13,A01
200700073931,0,07,000,00,2,2,01,B02
200700073932,0,07,000,00,1,1,01,A01
200700073933,0,07,000,00,1,3,16,A01
200700073934,0,17,000,03,0,8,01,A01
200700073935,0,07,000,00,2,3,09,A01
200700073935,0,30,000,00,2,5,16,B02
200700073936,0,30,000,00,2,7,17,A01
200700073936,0,10,000,00,2,8,20,B02
200700073937,0,10,000,00,2,1,11,A01
200700073937,0,07,000,00,2,1,01,B02
200700073938,0,07,000,00,2,1,01,A01
200700073938,0,07,000,00,2,4,02,B02
200700073938,0,07,000,00,0,4,02,C03
200700073939,0,10,000,00,2,1,19,A01
200700073939,0,07,000,00,2,1,01,B02
200700073940,0,07,000,00,0,0,00,A01
200700073941,0,17,000,00,2,1,02,A01
200700073941,0,07,000,00,2,4,23,B02
200700073942,0,07,000,13,0,7,14,A01
200700073943,1,07,000,00,1,1,01,A01
200700073944,0,17,000,00,0,0,01,A01
200700073945,0,02,000,00,2,1,01,A01
200700073945,0,10,000,00,2,3,19,B02
200700073946,0,07,000,00,2,3,19,B02
200700073946,0,07,000,00,2,1,01,A01
200700073947,0,07,000,00,0,8,17,A01
200700073947,0,33,000,00,0,8,01,B02
200700073948,0,01,000,00,2,4,01,A01
200700073948,0,30,000,00,2,1,02,B02
200700073949,0,17,000,00,2,3,01,A01
200700073949,0,07,000,00,2,2,01,B02
200700073950,0,07,000,00,2,7,17,A01
200700073950,0,01,000,00,2,8,01,B02
200700073951,0,07,000,00,2,4,01,A01
200700073951,0,30,000,00,2,1,01,B02
200700073952,0,07,000,00,0,1,01,A01
200700073953,0,07,000,00,0,5,01,A01
200700073953,0,07,000,00,2,1,01,B02
200700073954,0,07,000,00,0,3,01,A01
200700073954,0,07,000,00,0,1,01,B02
200700073954,0,07,000,00,0,1,01,C03
200700073955,0,30,000,00,0,8,01,A01
200700073956,0,36,000,13,0,2,21,A01
200700073957,1,07,000,00,2,0,13,A01
200700073957,0,07,000,00,2,0,01,B02
200700073958,0,33,000,00,6,1,01,A01
200700073959,0,07,000,00,2,1,13,A01
200700073959,0,07,000,00,2,1,01,B02
200700073960,0,01,000,00,0,0,00,A01
200700073960,1,07,000,00,2,2,01,B02
200700073961,0,07,000,16,0,2,14,A01
200700073962,0,10,000,00,0,1,01,A01
200700073963,0,10,000,00,2,8,17,A01
200700073963,0,17,000,00,2,1,01,B02
200700073963,0,17,000,00,2,8,01,C03
200700073964,0,07,000,00,2,1,01,B02
200700073964,0,07,000,00,2,8,15,A01
200700073965,0,30,000,00,6,1,01,A01
200700073966,0,07,000,06,0,7,01,A01
200700073967,0,07,000,00,0,0,01,A01
200700073968,0,07,000,02,0,1,19,A01
200700073969,0,07,000,00,2,1,13,A01
200700073969,0,07,000,00,2,1,01,B02
200700073970,0,31,000,00,6,1,01,A01
200700073971,0,07,000,10,0,1,19,A01
200700073972,0,07,000,00,2,7,13,A01
200700073972,0,07,000,00,2,8,00,B02
200700073973,0,07,000,00,0,1,01,A01
200700073974,0,07,000,06,0,2,01,A01
200700073975,0,07,000,08,0,1,01,A01
200700073976,0,07,000,00,0,1,02,A01
200700073977,0,14,000,00,2,1,19,B02
200700073977,0,30,000,00,2,7,01,A01
200700073978,0,07,000,13,0,1,01,A01
200700073979,0,07,000,00,1,3,13,A01
200700073980,0,07,000,00,2,1,01,A01
200700073980,0,02,000,00,2,1,01,B02
200700073981,0,30,000,00,1,1,01,A01
200700073982,0,30,000,00,2,1,01,A01
200700073982,0,10,000,00,2,1,17,B02
200700073983,0,07,000,00,9,1,17,A01
200700073983,0,21,000,00,2,3,15,B02
200700073984,0,07,000,13,0,2,01,A01
200700073985,0,10,000,00,1,1,01,A01
200700073986,0,07,000,16,0,2,01,A01
200700073987,0,17,000,00,2,1,01,A01
200700073987,0,07,000,00,2,8,19,B02
200700073988,0,07,000,00,2,8,01,A01
200700073988,0,07,000,00,2,3,13,B02
200700073989,0,33,000,00,2,1,13,A01
200700073989,0,07,000,00,2,3,01,B02
200700073990,0,10,000,08,0,1,00,A01
200700073991,0,07,000,13,0,9,01,A01
200700073992,0,14,000,06,0,1,01,A01
200700073993,0,14,000,00,2,3,01,A01
200700073993,0,07,000,00,2,5,13,B02
200700073994,0,07,000,00,2,8,19,A01
200700073994,0,07,000,00,2,1,01,B02
200700073995,0,07,000,08,0,8,01,A01
200700073996,0,07,000,13,0,1,01,A01
200700073997,0,10,000,00,0,2,02,A01
200700073997,0,17,000,00,0,6,02,B02
200700073998,0,07,000,04,0,1,01,A01
200700073999,0,07,000,00,2,2,01,A01
200700073999,0,07,000,00,2,6,23,B02
200700074000,0,07,000,00,2,1,09,A01
200700074000,0,07,000,00,2,7,01,B02
200700074001,0,07,000,00,2,1,01,A01
200700074001,0,33,000,00,2,1,13,B02
200700074002,0,07,000,08,0,1,17,A01
200700074003,0,07,000,00,2,7,19,A01
200700074003,0,33,000,00,2,3,01,B02
200700074004,0,07,000,00,1,1,01,A01
200700074005,0,07,000,00,2,1,01,A01
200700074005,0,01,000,00,2,5,19,B02
200700074006,0,07,000,00,1,2,01,A01
200700074007,0,07,000,00,2,7,17,A01
200700074007,0,07,000,00,2,1,01,B02
200700074008,0,33,000,00,2,1,17,A01
200700074008,0,07,000,00,2,3,01,B02
200700074009,0,07,000,00,2,3,19,A01
200700074009,0,32,000,00,2,1,01,B02
200700074010,0,07,000,02,0,1,13,A01
200700074011,0,07,000,00,0,0,09,A01
200700074011,0,30,000,00,0,2,01,B02
200700074012,0,10,000,00,2,3,05,A01
200700074012,0,07,000,00,2,3,01,B02
200700074013,0,07,000,00,2,1,01,A01
200700074013,0,31,000,00,2,7,19,B02
200700074014,0,14,000,00,2,1,01,B02
200700074014,0,07,000,00,2,3,01,A01
200700074015,0,07,000,00,2,3,11,A01
200700074015,0,07,000,00,2,3,01,B02
200700074015,0,07,000,00,2,3,01,C03
200700074015,0,07,000,00,2,6,01,D04
200700074016,0,30,000,00,2,3,17,A01
200700074016,0,07,000,00,2,3,15,B02
200700074017,0,07,000,13,0,9,19,A01
200700074018,0,07,000,14,0,1,21,A01
200700074019,0,33,000,00,2,1,01,A01
200700074019,0,07,000,00,2,1,01,B02
200700074020,0,07,000,00,2,3,13,A01
200700074020,0,07,000,00,2,1,01,B02
200700074021,0,07,000,08,0,1,01,A01
200700074022,0,07,000,00,0,9,01,A01
200700074023,0,07,000,02,0,9,01,A01
200700074024,0,07,000,08,0,3,13,A01
200700074025,0,07,000,00,2,2,17,A01
200700074025,0,20,000,00,2,3,15,B02
200700074026,0,07,000,00,0,3,01,A01
200700074026,0,07,000,00,0,1,01,B02
200700074027,0,33,000,00,2,1,05,A01
200700074027,0,07,000,00,2,2,01,B02
200700074028,0,07,000,00,0,1,19,A01
200700074029,0,07,000,00,2,1,01,A01
200700074029,0,07,000,00,2,4,01,B02
200700074029,0,07,000,00,2,4,01,C03
200700074030,0,07,000,00,2,8,15,A01
200700074030,0,31,000,05,2,1,17,B02
200700074031,0,07,000,00,2,3,13,A01
200700074031,0,33,000,00,2,1,01,B02
200700074032,0,07,000,00,1,2,01,A01
200700074033,0,07,000,02,0,7,13,A01
200700074034,0,07,000,00,2,8,15,A01
200700074034,0,30,000,00,0,1,17,B02
200700074034,0,30,000,00,0,1,17,C03
200700074035,0,07,000,00,2,3,02,A01
200700074035,0,02,000,00,0,4,02,B02
200700074036,0,02,000,15,0,1,13,A01
200700074037,0,30,000,00,2,1,01,A01
200700074037,0,07,000,00,0,4,01,B02
200700074038,0,33,000,00,2,1,05,A01
200700074038,0,13,000,00,2,1,05,B02
200700074039,0,07,000,00,2,2,09,A01
200700074039,0,33,000,00,2,7,01,B02
200700074040,0,07,000,00,0,1,01,A01
200700074041,0,31,000,00,2,1,02,A01
200700074041,0,10,000,00,0,4,00,B02
200700074042,0,30,000,14,0,1,01,A01
200700074043,0,07,000,00,1,8,01,A01
200700074044,0,30,000,00,0,0,00,A01
200700074044,0,31,000,00,2,1,01,B02
200700074045,0,33,000,00,1,1,01,A01
200700074046,0,33,000,00,1,7,01,A01
200700074047,0,34,000,00,2,1,02,A01
200700074047,0,30,000,00,2,4,02,B02
200700074047,0,14,000,00,2,4,02,C03
200700074048,0,03,000,13,0,7,01,A01
200700074049,0,07,000,03,0,9,01,A01
200700074050,0,07,000,00,0,8,09,A01
200700074050,0,07,000,00,2,1,01,B02
200700074051,0,07,000,00,2,1,01,A01
200700074051,0,07,000,00,2,8,15,B02
200700074052,0,33,000,00,0,0,01,A01
200700074053,0,07,000,13,0,7,00,A01
200700074053,0,07,000,00,2,1,01,B02
200700074054,0,07,000,00,2,3,13,A01
200700074054,0,07,000,04,0,3,01,B02
200700074055,0,07,000,00,2,2,15,A01
200700074055,0,01,000,00,0,4,01,B02
200700074056,0,33,000,00,2,5,10,A01
200700074056,0,07,000,00,2,2,01,B02
200700074057,0,07,000,00,2,3,13,A01
200700074057,0,07,000,00,2,3,01,B02
200700074057,0,07,000,00,2,2,02,C03
200700074058,0,07,000,00,2,3,01,A01
200700074058,0,07,000,00,2,3,00,B02
200700074059,0,07,000,00,2,1,02,A01
200700074059,0,07,000,00,2,4,02,B02
200700074060,0,07,000,00,9,1,09,A01
200700074060,0,01,000,00,2,7,15,B02
200700074061,0,07,000,00,2,3,15,A01
200700074061,0,02,000,00,2,1,01,B02
200700074062,0,07,000,02,0,9,01,A01
200700074063,0,07,000,13,0,7,01,A01
200700074064,0,07,000,00,2,1,15,A01
200700074064,0,31,000,00,2,1,01,B02
200700074065,0,07,000,00,2,3,01,A01
200700074065,0,33,000,00,2,1,01,B02
200700074066,0,07,000,00,6,2,01,A01
200700074067,0,07,000,00,2,3,15,A01
200700074067,0,02,000,00,2,8,01,B02
200700074068,0,33,000,00,2,1,01,A01
200700074068,0,10,000,00,2,8,19,B02
200700074069,0,07,000,13,2,7,13,A01
200700074069,0,07,000,00,2,1,01,B02
200700074069,0,07,000,00,9,1,01,C03
200700074070,0,07,000,00,2,2,15,A01
200700074070,0,33,000,00,2,1,01,B02
200700074071,0,07,000,00,0,7,15,A01
200700074071,0,02,000,00,2,1,01,B02
200700074072,0,07,000,00,2,8,13,A01
200700074072,0,10,000,00,2,3,00,B02
200700074073,0,02,000,00,4,1,19,A01
200700074074,0,07,000,00,2,1,05,A01
200700074074,0,07,000,00,2,1,01,B02
200700074075,0,01,000,00,2,1,06,A01
200700074075,0,07,000,00,1,3,01,B02
200700074076,0,30,000,00,1,1,00,A01
200700074077,0,33,000,00,2,1,02,A01
200700074077,0,10,000,00,2,5,02,B02
200700074077,0,07,000,00,2,5,02,C03
200700074078,0,07,000,00,2,3,15,A01
200700074078,0,31,000,00,2,2,01,B02
200700074079,0,07,000,00,1,3,09,A01
200700074080,0,07,000,01,0,3,00,A01
200700074081,0,07,000,00,2,7,15,A01
200700074081,0,33,000,00,2,1,01,B02
200700074082,0,10,000,00,1,5,04,A01
200700074083,0,07,000,02,0,7,01,A01
200700074084,0,07,000,02,0,2,01,A01
200700074085,0,33,000,00,2,1,01,A01
200700074085,0,07,000,00,2,4,01,B02
200700074086,0,07,000,00,2,3,13,A01
200700074086,0,07,000,01,2,3,01,B02
200700074086,0,07,000,00,2,7,00,C03
200700074087,0,07,000,00,2,1,01,A01
200700074087,0,07,000,00,2,1,17,B02
200700074088,0,02,000,00,2,1,01,A01
200700074088,0,07,000,00,2,8,01,B02
200700074089,0,07,000,00,2,3,01,A01
200700074089,0,07,000,00,2,3,00,B02
200700074090,0,07,000,06,0,1,01,A01
200700074091,0,30,000,00,2,8,01,A01
200700074091,0,07,000,00,2,1,09,B02
200700074092,0,30,000,00,2,1,01,A01
200700074092,0,02,000,00,2,1,13,B02
200700074093,0,07,000,00,0,1,01,A01
200700074094,0,07,000,00,2,1,01,A01
200700074094,0,07,000,00,2,7,01,B02
200700074095,1,07,000,00,1,3,01,A01
200700074096,0,07,000,00,2,2,01,A01
200700074096,0,07,000,00,2,3,01,B02
200700074097,0,10,000,00,2,2,15,A01
200700074097,0,30,000,00,2,1,01,B02
200700074098,0,31,000,00,2,1,17,A01
200700074098,0,10,000,00,2,3,19,B02
200700074099,0,07,000,00,2,2,15,B02
200700074099,0,02,000,00,2,1,01,A01
200700074100,0,31,000,00,2,1,01,A01
200700074100,0,07,000,00,0,6,19,B02
200700074101,0,31,000,00,2,1,01,A01
200700074101,0,07,000,00,2,5,15,B02
200700074102,0,30,000,00,2,1,01,A01
200700074102,0,07,000,00,2,6,01,B02
200700074103,0,07,000,13,0,1,01,A01
200700074104,0,07,000,13,0,7,01,A01
200700074105,0,10,000,00,2,1,01,A01
200700074105,0,07,000,00,2,3,01,B02
200700074106,0,07,000,00,2,1,01,A01
200700074106,0,07,000,00,2,2,15,B02
200700074107,0,15,000,04,0,5,01,A01
200700074108,0,07,000,06,0,3,01,A01
200700074109,0,07,000,02,0,1,01,A01
200700074110,0,07,000,00,1,2,01,A01
200700074111,0,07,000,00,2,2,15,A01
200700074111,0,07,000,00,2,3,01,B02
200700074112,0,07,000,00,2,2,01,A01
200700074112,0,02,000,00,2,2,15,B02
200700074113,0,07,000,02,0,2,01,A01
200700074114,0,07,000,00,1,3,09,A01
200700074114,0,99,000,00,2,4,01,B02
200700074115,0,02,000,03,0,1,01,A01
200700074116,0,07,000,00,2,1,01,A01
200700074116,0,07,000,00,2,4,01,B02
200700074117,0,07,000,03,0,3,01,A01
200700074118,0,07,000,00,2,1,02,A01
200700074118,0,10,000,00,2,4,02,B02
200700074119,0,37,000,00,2,8,01,A01
200700074120,0,07,000,00,0,5,02,A01
200700074120,0,02,000,00,2,1,02,B02
200700074121,0,07,000,00,2,3,13,A01
200700074121,0,07,000,00,2,3,01,B02
200700074122,0,10,000,13,2,3,01,A01
200700074122,0,07,000,00,2,3,13,B02