Num_Acc,senc,catv,occutc,obs,obsm,choc,manv,num_veh
200700074123,0,30,000,00,0,8,00,A01
200700074124,0,99,000,02,0,1,14,A01
200700074125,0,07,000,02,0,0,13,A01
200700074125,0,07,000,00,0,0,01,B02
200700074126,0,17,000,00,0,7,01,A01
200700074127,0,07,000,00,0,0,05,A01
200700074127,0,33,000,00,2,4,21,B02
200700074127,0,33,000,00,2,1,01,C03
200700074128,0,31,000,00,2,7,01,A01
200700074128,0,07,000,00,2,2,15,B02
200700074129,0,07,000,02,0,1,01,A01
200700074130,0,07,000,02,2,1,17,A01
200700074130,0,07,000,00,2,1,01,B02
200700074130,0,07,000,00,2,2,16,C03
200700074131,0,10,000,00,2,8,15,A01
200700074131,0,31,000,00,2,1,01,B02
200700074132,0,07,000,00,2,2,10,A01
200700074132,0,02,000,00,2,1,01,B02
200700074133,0,17,000,00,0,4,23,A01
200700074133,0,01,000,01,0,1,01,B02
200700074134,0,07,000,00,0,4,23,A01
200700074134,0,07,000,14,0,1,02,B02
200700074135,0,07,000,00,0,2,01,A01
200700074136,0,07,000,08,0,1,00,A01
200700074136,0,07,000,00,0,7,00,B02
200700074137,0,07,000,00,2,3,19,B02
200700074137,0,10,000,00,2,2,01,A01
200700074138,0,07,000,09,0,3,01,A01
200700074139,0,07,000,00,1,1,01,A01
200700074140,0,07,000,00,2,3,15,A01
200700074140,0,07,000,00,2,3,01,B02
200700074141,0,07,000,01,0,2,01,A01
200700074142,0,07,000,02,0,9,00,A01
200700074143,0,07,000,13,0,1,02,A01
200700074144,0,10,000,00,2,3,16,A01
200700074144,0,33,000,00,2,3,15,B02
200700074145,0,07,000,02,0,3,13,A01
200700074146,0,07,000,00,0,6,15,A01
200700074146,0,07,000,00,2,3,01,B02
200700074146,0,33,000,00,2,1,01,C03
200700074147,0,07,000,00,0,1,01,A01
200700074147,0,07,000,00,0,1,13,B02
200700074148,0,02,000,00,1,1,01,A01
200700074149,0,33,000,00,2,2,02,A01
200700074149,0,33,000,00,2,6,11,B02
200700074150,0,07,000,08,0,1,19,A01
200700074151,0,33,000,00,0,1,01,A01
200700074152,0,07,000,00,1,2,01,A01
200700074153,0,07,000,00,2,3,13,A01
200700074153,0,07,000,00,2,6,01,B02
200700074154,0,07,000,13,0,3,01,A01
200700074155,0,07,000,00,1,3,01,A01
200700074156,0,30,000,00,0,0,01,A01
200700074157,0,07,000,00,0,8,01,A01
200700074158,0,10,000,00,2,8,09,A01
200700074158,0,15,000,00,2,1,01,B02
200700074159,0,07,000,00,2,3,13,A01
200700074159,0,07,000,00,2,3,02,B02
200700074160,0,07,000,13,0,1,01,A01
200700074161,0,07,000,02,0,2,01,A01
200700074162,0,07,000,00,2,8,19,A01
200700074162,0,07,000,00,2,1,01,B02
200700074163,0,07,000,00,2,1,13,A01
200700074163,0,07,000,00,2,3,01,B02
200700074164,0,07,000,13,0,3,01,A01
200700074165,0,07,000,00,2,3,17,A01
200700074165,0,02,000,00,2,1,01,B02
200700074166,0,07,000,13,2,1,01,A01
200700074166,0,07,000,00,2,1,01,B02
200700074167,0,07,000,00,1,1,01,A01
200700074168,0,07,000,13,0,1,01,A01
200700074169,0,07,000,13,0,7,19,A01
200700074170,0,10,000,16,0,8,01,A01
200700074171,0,07,000,05,0,3,01,A01
200700074172,0,07,000,00,0,2,17,A01
200700074172,0,07,000,00,0,6,01,B02
200700074173,0,10,000,03,0,3,01,A01
200700074174,0,07,000,00,1,1,01,A01
200700074175,0,07,000,00,1,4,00,A01
200700074176,0,07,000,00,2,1,01,A01
200700074176,0,07,000,00,2,1,01,B02
200700074177,0,07,000,00,1,1,01,A01
200700074178,0,07,000,13,0,2,01,A01
200700074179,0,07,000,00,2,7,01,A01
200700074179,0,07,000,00,2,1,01,B02
200700074180,0,07,000,00,2,1,13,A01
200700074180,0,07,000,00,2,1,14,B02
200700074181,0,07,000,00,0,7,15,A01
200700074181,0,33,000,00,0,1,01,B02
200700074182,0,02,000,00,2,8,15,A01
200700074182,0,07,000,00,2,2,01,B02
200700074183,0,07,000,00,1,2,01,A01
200700074184,0,07,000,02,0,0,14,A01
200700074185,0,07,000,00,1,3,01,A01
200700074186,0,07,000,00,2,7,13,A01
200700074186,0,10,000,00,2,1,01,B02
200700074187,0,07,000,13,0,1,01,A01
200700074188,0,07,000,00,2,7,01,A01
200700074188,0,07,000,00,2,3,01,B02
200700074189,0,07,000,13,0,9,15,A01
200700074190,0,07,000,00,2,3,09,A01
200700074190,0,07,000,00,2,1,01,B02
200700074191,0,07,000,00,2,3,02,A01
200700074191,0,07,000,00,0,4,01,B02
200700074191,0,07,000,00,2,1,01,C03
200700074192,0,33,000,00,2,1,17,A01
200700074192,0,07,000,00,0,4,15,B02
200700074193,0,33,000,00,2,3,01,A01
200700074193,0,07,000,00,2,3,15,B02
200700074194,0,07,000,02,0,8,01,A01
200700074195,0,10,000,00,1,7,01,A01
200700074196,0,07,000,02,0,7,01,A01
200700074197,0,07,000,13,0,3,01,A01
200700074198,0,31,000,00,0,0,01,A01
200700074199,0,07,000,00,2,8,01,B02
200700074199,0,02,000,00,2,1,01,A01
200700074200,0,07,000,00,0,0,01,A01
200700074201,0,07,000,00,9,7,15,A01
200700074201,0,01,000,00,2,0,01,B02
200700074202,0,07,000,02,0,2,13,A01
200700074203,0,07,000,08,0,1,13,A01
200700074204,0,07,000,08,0,4,01,A01
200700074205,0,31,000,00,2,1,01,B02
200700074205,0,10,000,00,9,8,01,A01
200700074206,0,07,000,00,2,8,01,A01
200700074206,0,15,000,00,2,3,01,B02
200700074207,0,02,000,00,1,1,01,A01
200700074208,0,10,000,00,0,1,00,A01
200700074209,0,33,000,00,2,1,01,A01
200700074209,0,07,000,00,2,3,01,B02
200700074210,0,07,000,00,2,1,01,A01
200700074210,0,07,000,00,2,1,15,B02
200700074211,0,07,000,02,0,3,13,A01
200700074212,0,07,000,00,2,1,19,A01
200700074212,0,31,000,00,2,1,01,B02
200700074213,0,07,000,00,1,1,01,A01
200700074214,0,07,000,00,1,2,01,A01
200700074215,0,07,000,00,2,7,13,A01
200700074215,0,07,000,00,2,1,01,B02
200700074216,0,30,000,00,0,6,19,A01
200700074216,0,33,000,00,2,2,01,B02
200700074217,0,07,000,00,0,0,01,A01
200700074218,0,07,000,05,0,3,01,A01
200700074219,0,07,000,00,1,2,01,A01
200700074220,0,07,000,00,1,1,01,A01
200700074221,0,07,000,00,2,1,19,A01
200700074221,0,10,000,00,2,1,01,B02
200700074222,0,07,000,00,2,2,09,A01
200700074222,0,02,000,00,2,1,13,B02
200700074223,0,07,000,00,2,7,10,A01
200700074223,0,33,000,00,2,1,01,B02
200700074224,0,07,000,00,0,1,01,A01
200700074224,0,07,000,00,0,1,13,B02
200700074225,0,07,000,00,1,1,01,A01
200700074226,0,03,000,01,0,1,01,A01
200700074227,0,07,000,00,2,7,19,B02
200700074227,0,07,000,00,2,3,01,A01
200700074228,0,07,000,00,2,4,17,A01
200700074228,0,30,000,00,2,8,02,B02
200700074228,0,07,000,00,2,3,05,C03
200700074229,0,07,000,00,2,7,15,A01
200700074229,0,07,000,00,2,1,01,B02
200700074230,0,10,000,00,1,1,01,A01
200700074231,0,07,000,00,2,1,13,A01
200700074231,0,07,000,00,2,1,00,B02
200700074232,0,07,000,02,6,3,01,A01
200700074233,0,07,000,02,0,2,13,A01
200700074234,0,07,000,00,2,8,13,A01
200700074234,0,07,000,00,2,2,17,B02
200700074234,0,07,000,00,2,4,01,C03
200700074235,0,07,000,00,2,1,01,A01
200700074235,0,07,000,00,2,4,01,B02
200700074236,0,07,000,02,0,1,13,A01
200700074237,0,17,000,00,2,1,01,A01
200700074237,0,07,000,00,2,3,16,C03
200700074238,0,17,000,00,2,2,17,A01
200700074238,0,07,000,00,2,8,01,B02
200700074238,0,10,000,00,2,3,01,C03
200700074239,0,07,000,02,0,1,01,A01
200700074240,0,32,000,12,0,2,00,A01
200700074241,0,07,000,08,0,1,01,A01
200700074242,0,07,000,00,2,2,01,A01
200700074242,0,07,000,00,2,3,00,B02
200700074243,0,07,000,00,0,6,15,A01
200700074243,0,33,000,00,2,1,01,B02
200700074244,0,32,000,00,2,1,02,A01
200700074244,0,07,000,00,0,6,02,B02
200700074245,0,07,000,00,2,3,01,A01
200700074245,0,30,000,00,0,0,01,B02
200700074246,0,14,000,00,0,0,01,A01
200700074246,0,07,000,14,0,1,01,B02
200700074247,0,07,000,16,0,1,01,A01
200700074248,0,07,000,00,2,2,15,A01
200700074248,0,07,000,00,0,1,01,B02
200700074249,0,07,000,00,2,1,13,A01
200700074249,0,07,000,00,2,1,01,B02
200700074250,0,07,000,00,2,8,10,A01
200700074250,0,31,000,00,2,1,01,B02
200700074251,0,07,000,00,2,2,17,A01
200700074251,0,07,000,00,2,6,01,B02
200700074252,0,15,000,00,2,3,00,A01
200700074252,0,07,000,00,2,3,13,B02
200700074252,0,07,000,00,2,1,00,C03
200700074252,0,07,000,00,2,2,02,D04
200700074252,0,07,000,00,2,6,02,E05
200700074253,0,07,000,00,0,0,01,A01
200700074254,0,07,000,02,0,2,01,A01
200700074255,0,02,000,00,1,0,01,A01
200700074256,0,36,000,13,0,1,02,A01
200700074257,0,07,000,13,0,2,02,A01
200700074258,0,07,000,02,0,5,01,A01
200700074259,0,07,000,00,1,1,01,A01
200700074260,0,30,000,00,2,1,17,A01
200700074260,0,30,000,00,2,1,01,B02
200700074261,0,07,000,14,0,1,01,A01
200700074262,0,17,000,00,2,1,01,A01
200700074262,0,02,000,00,2,8,15,B02
200700074263,0,07,000,00,0,2,17,A01
200700074263,0,02,000,00,0,2,15,B02
200700074264,0,07,000,02,0,1,01,A01
200700074265,0,30,000,00,0,8,02,A01
200700074266,0,14,000,00,2,2,19,A01
200700074266,0,07,000,00,2,1,01,B02
200700074267,0,07,000,13,0,1,01,A01
200700074268,0,07,000,13,0,1,13,A01
200700074269,0,33,000,00,0,9,01,A01
200700074270,0,02,000,00,2,1,17,A01
200700074270,0,07,000,00,2,3,15,B02
200700074271,0,07,000,00,2,1,01,A01
200700074271,0,07,000,00,2,3,23,B02
200700074272,0,07,000,01,0,1,01,A01
200700074272,0,21,000,00,2,4,23,B02
200700074273,0,07,000,00,2,1,17,A01
200700074273,0,07,000,00,2,3,02,B02
200700074273,0,07,000,00,2,1,01,C03
200700074273,0,07,000,00,2,3,01,D04
200700074274,0,07,000,00,2,3,13,A01
200700074274,0,14,000,00,2,3,01,B02
200700074275,0,07,000,00,2,1,13,A01
200700074275,0,07,000,00,2,1,01,B02
200700074276,0,07,000,08,0,8,13,A01
200700074277,0,07,000,00,5,1,01,A01
200700074278,0,07,000,00,2,7,15,A01
200700074278,0,02,000,00,2,1,01,B02
200700074279,0,07,000,00,2,1,13,A01
200700074279,0,07,000,00,2,3,01,B02
200700074280,0,10,000,00,0,7,19,A01
200700074280,0,07,000,00,2,1,01,B02
200700074281,0,30,000,00,0,1,01,A01
200700074282,0,07,000,02,0,9,01,A01
200700074283,0,07,000,08,0,3,01,A01
200700074284,0,07,000,00,2,5,19,A01
200700074284,0,07,000,00,2,1,01,B02
200700074285,0,07,000,10,0,1,13,A01
200700074286,0,02,000,00,2,1,01,B02
200700074286,0,07,000,00,2,6,15,A01
200700074287,0,07,000,00,2,8,15,A01
200700074287,0,07,000,00,2,2,01,B02
200700074288,0,31,000,00,0,1,01,A01
200700074289,0,07,000,08,0,1,01,A01
200700074290,0,07,000,00,1,1,16,A01
200700074291,0,07,000,00,1,2,01,A01
200700074292,0,36,000,02,0,1,13,A01
200700074293,0,07,000,00,0,0,01,A01
200700074294,0,31,000,00,0,0,00,A01
200700074295,0,07,000,13,0,2,01,A01
200700074296,0,17,000,00,2,3,01,A01
200700074296,0,07,000,00,2,3,19,B02
200700074297,0,07,000,00,2,1,00,A01
200700074297,0,02,000,00,2,2,01,B02
200700074298,0,33,000,13,0,8,01,A01
200700074299,0,07,000,00,1,1,01,A01
200700074300,0,07,000,13,0,0,14,A01
200700074301,0,07,000,00,2,8,02,A01
200700074301,0,30,000,00,0,8,24,B02
200700074302,0,07,000,00,0,1,13,A01
200700074302,0,07,000,00,0,3,01,B02
200700074303,0,07,000,00,1,3,17,A01
200700074304,0,07,000,00,2,1,05,A01
200700074304,0,07,000,00,2,1,01,B02
200700074305,0,07,000,00,0,5,15,A01
200700074305,0,07,000,00,2,3,02,B02
200700074306,0,07,000,00,0,9,14,A01
200700074307,0,07,000,00,0,1,01,A01
200700074308,0,07,000,13,0,2,15,A01
200700074309,0,07,000,00,0,6,19,A01
200700074309,0,07,000,00,2,1,01,B02
200700074310,0,36,000,00,1,2,15,A01
200700074311,0,07,000,00,1,2,17,A01
200700074312,0,14,000,00,2,2,01,A01
200700074312,0,07,000,00,2,7,19,B02
200700074313,0,07,000,00,2,1,01,A01
200700074313,0,07,000,00,2,3,19,B02
200700074314,0,07,000,00,2,2,01,A01
200700074314,0,07,000,00,0,1,13,B02
200700074315,0,07,000,13,0,9,01,A01
200700074316,0,07,000,00,2,3,15,A01
200700074316,0,07,000,00,0,0,01,B02
200700074317,0,30,000,00,2,1,01,A01
200700074317,0,21,000,00,2,1,01,B02
200700074318,0,10,000,00,1,3,01,A01
200700074319,0,07,000,02,6,2,01,A01
200700074320,0,07,000,00,2,7,15,A01
200700074320,0,02,000,00,2,1,01,B02
200700074321,0,02,000,00,2,1,01,A01
200700074321,0,07,000,00,2,8,01,B02
200700074322,0,07,000,00,1,2,01,A01
200700074323,0,07,000,00,2,7,13,A01
200700074323,0,07,000,00,2,1,01,B02
200700074324,0,32,000,11,0,1,15,A01
200700074325,0,07,000,13,0,3,01,A01
200700074326,0,01,000,00,1,2,21,A01
200700074327,0,07,000,00,2,1,13,A01
200700074327,0,10,000,00,2,1,01,B02
200700074328,0,07,000,00,2,3,13,A01
200700074328,0,37,000,00,2,3,01,B02
200700074329,0,07,000,13,0,9,13,A01
200700074330,0,33,000,08,0,0,01,A01
200700074331,0,07,000,00,2,3,15,A01
200700074331,0,33,000,00,2,1,01,B02
200700074332,0,07,000,00,2,3,15,A01
200700074332,0,07,000,00,0,8,01,B02
200700074332,0,01,000,00,0,4,01,C03
200700074333,0,99,000,00,0,1,21,A01
200700074333,0,17,000,00,0,0,05,B02
200700074334,0,33,000,00,2,2,17,A01
200700074334,0,10,000,00,2,8,15,B02
200700074335,2,14,000,00,2,3,15,A01
200700074335,0,33,000,00,2,1,17,B02
200700074336,0,07,000,10,0,1,01,A01
200700074337,0,07,000,13,0,1,01,A01
200700074338,0,07,000,00,2,1,01,B02
200700074338,0,07,000,00,2,8,15,A01
200700074339,0,07,000,00,2,2,13,A01
200700074339,0,07,000,00,2,3,01,B02
200700074340,0,07,000,13,0,3,17,A01
200700074341,0,14,000,00,2,3,01,A01
200700074341,0,14,000,00,2,3,01,B02
200700074342,0,07,000,13,0,1,14,A01
200700074343,0,07,000,00,2,1,01,A01
200700074343,0,01,000,00,2,1,01,B02
200700074344,0,30,000,00,9,0,01,A01
200700074345,0,07,000,04,0,8,00,A01
200700074346,0,07,000,00,2,3,02,A01
200700074346,0,14,000,00,2,5,02,B02
200700074347,0,07,000,00,2,2,01,A01
200700074347,0,17,000,00,0,4,00,B02
200700074347,0,07,000,00,9,1,01,C03
200700074347,0,16,000,00,9,1,00,D04
200700074348,0,10,000,00,2,1,14,A01
200700074348,0,15,000,00,2,4,01,B02
200700074349,0,07,000,04,0,3,01,A01
200700074350,0,07,000,00,2,1,18,A01
200700074350,0,07,000,00,2,2,01,B02
200700074351,0,07,000,00,2,8,13,A01
200700074351,0,07,000,00,2,7,01,B02
200700074352,0,17,000,00,0,2,12,A01
200700074353,0,14,000,03,0,6,01,A01
200700074354,0,10,000,00,0,0,01,A01
200700074354,0,10,000,00,9,2,17,B02
200700074355,0,07,000,00,2,1,01,A01
200700074355,0,07,000,00,2,4,01,B02
200700074355,0,07,000,00,2,4,01,C03
200700074356,0,17,000,16,0,2,01,A01
200700074357,0,07,000,00,2,4,02,A01
200700074357,0,14,000,00,2,4,02,B02
200700074357,0,07,000,00,2,4,02,C03
200700074358,0,07,000,00,2,1,17,A01
200700074358,0,17,000,00,2,4,00,B02
200700074359,0,17,000,00,0,0,00,A01
200700074359,0,17,000,00,2,4,02,B02
200700074359,0,17,000,00,2,4,02,C03
200700074360,0,07,000,00,2,1,01,A01
200700074360,0,17,000,05,2,1,01,B02
200700074360,0,17,000,04,0,1,00,D04
200700074360,0,17,000,00,0,0,00,F06
200700074361,2,07,000,00,2,1,01,A01
200700074361,0,17,000,00,0,6,01,B02
200700074361,0,07,000,00,0,4,17,C03
200700074361,0,17,000,00,0,4,23,D04
200700074361,0,07,000,01,0,8,21,E05
200700074361,0,07,000,00,2,1,01,F06
200700074361,0,07,000,00,2,1,21,G07
200700074362,0,07,000,14,0,9,02,A01
200700074362,0,07,000,00,0,0,02,C03
200700074363,0,10,000,13,0,6,01,A01
200700074364,0,07,000,03,0,2,18,A01
200700074365,0,07,000,00,2,3,13,A01
200700074365,0,07,000,00,2,3,01,B02
200700074366,0,07,000,02,0,2,00,A01
200700074367,0,15,000,00,2,3,05,A01
200700074367,0,10,000,00,2,1,05,C03
200700074368,0,07,000,00,2,6,01,A01
200700074368,0,07,000,00,2,2,12,B02
200700074369,0,07,000,01,0,1,20,A01
200700074369,0,07,000,00,0,4,24,B02
200700074370,0,07,000,00,0,1,01,A01
200700074370,0,07,000,00,2,0,01,B02
200700074370,0,14,000,00,2,4,02,C03
200700074370,0,14,000,00,2,1,02,D04
200700074371,0,17,000,00,2,3,02,A01
200700074371,0,15,000,00,2,5,02,B02
200700074371,0,15,000,01,0,4,00,C03
200700074372,0,07,000,03,0,2,21,A01
200700074373,0,17,000,00,2,2,02,A01
200700074373,0,17,000,00,0,6,01,B02
200700074373,0,07,000,00,2,5,13,C03
200700074373,0,03,000,00,2,7,11,D04
200700074373,0,07,000,00,2,1,19,E05
200700074374,0,33,000,00,2,1,17,A01
200700074374,0,10,000,00,2,3,15,B02
200700074375,0,07,000,02,0,2,01,A01
200700074376,0,07,000,13,0,2,01,A01
200700074377,0,07,000,04,0,1,01,A01
200700074378,0,07,000,03,0,1,01,A01
200700074379,0,07,000,04,0,9,01,A01
200700074380,0,07,000,13,0,9,01,A01
200700074381,0,07,000,00,1,1,01,A01
200700074382,0,07,000,00,2,1,01,A01
200700074382,0,07,000,00,0,4,09,B02
200700074383,0,07,000,04,0,3,01,A01
200700074383,0,07,000,04,0,6,02,B02
200700074383,0,07,000,00,2,3,01,C03
200700074384,0,07,000,00,0,6,10,A01
200700074384,0,33,000,00,2,1,21,B02
200700074385,0,07,000,13,0,2,14,A01
200700074386,0,07,000,00,2,1,19,B02
200700074386,0,07,000,00,2,8,01,A01
200700074387,0,07,000,00,2,7,01,A01
200700074387,0,14,000,00,2,1,01,B02
200700074388,0,33,000,00,0,0,17,A01
200700074389,0,21,000,00,0,0,15,A01
200700074389,0,01,000,00,0,8,21,B02
200700074390,0,07,000,00,2,1,19,A01
200700074390,0,07,000,00,2,9,01,B02
200700074390,0,07,000,00,2,1,01,C03
200700074391,0,07,000,00,0,0,16,A01
200700074391,0,33,000,00,2,0,01,B02
200700074392,0,07,000,00,2,1,01,A01
200700074392,0,07,000,00,2,7,19,B02
200700074393,0,07,000,00,2,3,01,A01
200700074393,0,07,000,00,2,8,15,B02
200700074394,0,33,000,00,2,1,01,A01
200700074394,0,07,000,00,2,8,06,B02
200700074395,0,07,000,13,0,2,09,A01
200700074396,0,07,000,00,2,6,23,A01
200700074396,0,17,000,00,2,2,21,B02
200700074397,0,15,000,01,0,2,01,A01
200700074398,0,07,000,00,0,9,00,A01
200700074399,0,07,000,00,2,1,05,A01
200700074399,0,07,000,00,2,1,01,B02
200700074400,0,33,000,00,2,1,17,A01
200700074400,0,07,000,00,0,4,01,B02
200700074401,0,17,000,00,2,1,01,A01
200700074401,0,17,000,00,2,4,23,B02
200700074401,0,17,000,00,2,4,23,C03
200700074401,0,07,000,00,2,4,23,D04
200700074401,0,17,000,00,0,6,23,E05
200700074402,0,07,000,13,0,2,01,A01
200700074403,0,07,000,03,0,2,17,A01
200700074404,0,33,000,03,0,9,17,A01
200700074405,0,33,000,01,0,2,02,A01
200700074405,0,07,000,00,2,6,02,B02
200700074406,0,07,000,00,2,1,02,A01
200700074406,0,07,000,00,2,4,02,B02
200700074407,0,14,000,00,2,4,02,A01
200700074407,0,10,000,00,2,1,02,B02
200700074408,0,07,000,03,0,1,01,A01
200700074409,0,07,000,00,2,3,17,A01
200700074409,0,30,000,00,2,8,01,B02
200700074410,0,07,000,08,0,6,14,A01
200700074411,0,07,000,03,0,1,21,A01
200700074412,0,07,000,00,2,1,02,A01
200700074412,0,13,000,00,0,4,02,B02
200700074413,0,07,000,04,2,1,19,A01
200700074413,0,07,000,00,2,7,01,B02
200700074413,0,07,000,00,2,5,01,C03
200700074414,0,10,000,00,2,3,02,A01
200700074414,0,07,000,00,0,4,01,B02
200700074415,0,07,000,00,2,3,01,A01
200700074415,0,07,000,04,0,6,00,B02
200700074415,0,07,000,04,2,3,11,C03
200700074416,0,07,000,00,2,1,01,A01
200700074416,0,14,000,00,0,6,01,B02
200700074417,0,07,000,09,0,1,01,A01
200700074418,0,07,000,13,0,7,16,A01
200700074419,0,07,000,00,2,7,13,A01
200700074419,0,13,000,00,2,3,01,B02
200700074420,0,07,000,00,2,5,12,A01
200700074420,0,01,000,00,2,1,01,B02
200700074421,0,07,000,00,2,2,01,A01
200700074421,0,07,000,00,2,1,09,B02
200700074422,0,07,000,06,0,1,14,A01
200700074423,0,10,000,00,2,2,14,A01
200700074423,0,33,000,00,2,8,01,B02
200700074424,0,07,000,02,0,7,13,A01
200700074425,0,10,000,00,1,7,01,A01
200700074426,0,07,000,03,0,1,14,A01
200700074427,0,07,000,03,0,3,13,A01
200700074428,0,07,000,04,0,7,14,A01
200700074429,0,07,000,00,2,6,01,A01
200700074429,0,07,000,00,2,2,12,B02
200700074430,0,07,000,08,0,3,01,A01
200700074431,0,07,000,00,2,1,02,A01
200700074431,0,07,000,00,0,4,02,B02
200700074432,0,07,000,00,2,3,01,A01
200700074432,0,17,000,00,2,0,01,B02
200700074432,0,17,000,00,2,3,01,D04
200700074433,0,30,000,00,2,1,01,A01
200700074433,0,07,000,00,2,2,20,B02
200700074434,0,07,000,00,2,3,13,A01
200700074434,0,10,000,00,2,3,01,B02
200700074435,0,17,000,00,0,1,00,A01
200700074436,0,07,000,00,0,7,23,A01
200700074436,0,07,000,14,0,1,01,B02
200700074437,0,07,000,13,0,1,01,A01
200700074438,0,34,000,03,0,2,01,A01
200700074439,0,07,000,00,2,7,01,B02
200700074439,0,07,000,00,2,3,01,A01
200700074440,0,02,000,00,2,1,01,A01
200700074440,0,07,000,00,2,1,15,B02
200700074441,0,07,000,01,0,7,15,A01
200700074441,0,02,000,00,2,1,01,B02
200700074442,0,10,000,00,2,1,01,A01
200700074442,0,07,000,00,2,8,01,B02
200700074443,0,07,000,02,0,1,02,A01
200700074444,0,07,000,00,2,1,13,A01
200700074444,0,07,000,00,2,1,01,B02
200700074445,0,07,000,00,2,1,01,A01
200700074445,0,07,000,00,2,7,19,B02
200700074446,0,07,000,13,0,1,14,A01
200700074447,0,07,000,04,0,3,01,A01
200700074447,0,07,000,14,0,2,01,B02
200700074448,0,07,000,13,0,2,01,A01
200700074449,0,07,000,04,0,3,02,A01
200700074450,0,07,000,13,2,9,17,A01
200700074450,0,07,000,00,2,7,01,B02
200700074451,0,07,000,00,2,2,01,A01
200700074451,0,07,000,00,2,3,01,B02
200700074452,0,07,000,03,0,3,13,A01
200700074453,0,03,000,00,0,0,17,A01
200700074454,0,17,000,13,0,2,01,A01
200700074455,0,07,000,13,0,1,17,A01
200700074456,0,07,000,03,5,8,01,A01
200700074457,0,07,000,00,1,3,01,A01
200700074458,0,07,000,00,2,1,01,A01
200700074458,0,15,000,00,2,8,01,B02
200700074459,0,07,000,13,0,1,17,A01
200700074460,0,07,000,00,2,8,01,A01
200700074460,0,07,000,00,2,2,17,B02
200700074461,0,07,000,03,0,3,00,A01
200700074461,0,07,000,00,2,1,02,B02
200700074461,0,07,000,00,2,1,02,C03
200700074462,0,33,000,00,0,7,01,A01
200700074463,0,02,000,00,1,1,01,A01
200700074464,0,07,000,13,0,1,01,A01
200700074465,0,15,000,01,0,1,01,A01
200700074466,0,07,000,00,2,3,15,A01
200700074466,0,07,000,00,2,3,01,B02
200700074467,0,07,000,00,2,1,15,A01
200700074467,0,07,000,00,2,1,01,B02
200700074468,0,07,000,00,2,4,01,A01
200700074468,0,02,000,00,2,1,01,B02
200700074469,0,33,000,03,0,2,01,A01
200700074470,0,07,000,00,2,1,14,A01
200700074470,0,17,000,00,2,4,01,B02
200700074471,0,07,000,03,0,2,01,A01
200700074472,0,10,000,00,1,8,19,A01
200700074473,0,07,000,00,2,2,17,A01
200700074473,0,07,000,00,2,6,01,B02
200700074473,0,07,000,14,0,1,17,C03
200700074473,0,10,000,14,0,2,01,D04
200700074473,0,07,000,14,0,1,01,E05
200700074474,0,07,000,03,0,1,14,A01
200700074475,0,30,000,00,2,1,01,A01
200700074475,0,10,000,00,2,2,01,B02
200700074476,0,07,000,00,2,3,17,A01
200700074476,0,07,000,00,2,3,01,B02
200700074477,0,07,000,03,0,1,01,A01
200700074478,0,07,000,08,0,3,01,A01
200700074479,0,30,000,00,2,0,00,A01
200700074479,0,07,000,00,2,6,00,B02
200700074480,0,07,000,05,0,2,01,A01
200700074481,0,31,000,00,0,0,00,A01
200700074482,0,07,000,00,0,9,21,A01
200700074483,0,07,000,00,0,9,00,A01
200700074484,0,07,000,03,0,1,01,A01
200700074485,0,07,000,00,2,1,01,A01
200700074485,0,07,000,00,2,1,01,B02
200700074486,0,07,000,01,0,1,01,A01
200700074487,0,07,000,03,0,1,01,A01
200700074488,0,07,000,13,0,1,01,A01
200700074489,0,07,000,00,1,3,01,A01
200700074490,0,07,000,14,0,2,14,A01
200700074491,0,10,000,04,0,1,01,A01
200700074492,0,33,000,04,0,3,01,A01
200700074493,0,07,000,00,0,6,01,A01
200700074493,0,07,000,00,2,2,21,B02
200700074493,0,07,000,14,0,5,21,C03
200700074493,0,07,000,14,0,6,21,D04
200700074494,0,10,000,03,0,2,01,A01
200700074494,0,10,000,00,2,3,17,B02
200700074495,0,02,000,00,0,7,10,A01
200700074495,0,33,000,00,0,1,01,B02
200700074496,0,17,000,00,1,5,01,A01
200700074497,0,10,000,04,0,3,01,A01
200700074498,0,07,000,00,2,8,19,A01
200700074498,0,07,000,00,2,1,01,B02
200700074499,0,07,000,00,2,3,01,A01
200700074499,0,31,000,00,2,1,05,B02
200700074500,0,10,000,00,2,1,01,A01
200700074500,0,17,000,00,2,4,01,B02
200700074501,0,07,000,00,2,3,05,A01
200700074501,0,07,000,00,2,3,01,B02
200700074502,0,07,000,00,1,1,01,A01
200700074503,0,07,000,00,1,2,01,A01
200700074504,0,07,000,00,2,1,02,A01
200700074504,0,15,000,00,0,4,02,B02
200700074505,0,07,000,13,0,1,14,A01
200700074506,0,30,000,01,0,1,02,A01
200700074506,0,07,000,00,0,6,23,B02
200700074507,0,07,000,03,0,1,21,A01
200700074507,0,10,000,01,0,7,21,B02
200700074507,0,07,000,00,2,3,21,C03
200700074507,0,07,000,14,0,1,02,D04
200700074507,0,17,000,00,0,0,23,E05
200700074507,0,07,000,14,0,7,21,F06
200700074507,0,10,000,00,0,0,02,G07
200700074508,0,10,000,00,2,1,01,A01
200700074508,0,07,000,00,2,8,15,B02
200700074509,0,07,000,00,2,2,01,A01
200700074509,0,07,000,00,2,4,01,B02