Num_Acc,senc,catv,occutc,obs,obsm,choc,manv,num_veh
200700074510,0,07,000,00,2,1,17,A01
200700074510,0,07,000,00,2,1,01,B02
200700074510,0,07,000,00,2,1,02,C03
200700074511,0,32,000,00,2,3,01,A01
200700074511,0,07,000,00,2,1,11,B02
200700074512,0,07,000,00,0,9,13,A01
200700074513,0,07,000,00,0,1,02,A01
200700074513,0,07,000,00,0,4,15,B02
200700074514,0,17,000,03,0,8,01,A01
200700074515,0,34,000,00,2,1,13,A01
200700074515,0,10,000,00,2,3,01,B02
200700074516,0,07,000,00,2,3,15,A01
200700074516,0,33,000,00,2,1,17,B02
200700074517,0,31,000,14,0,0,13,A01
200700074518,0,30,000,00,0,0,01,A01
200700074519,0,30,000,00,0,0,01,A01
200700074520,0,07,000,00,2,3,19,A01
200700074520,0,02,000,00,2,1,01,B02
200700074521,0,10,000,15,2,1,13,A01
200700074521,0,15,000,00,2,1,01,B02
200700074521,0,10,000,00,2,2,01,C03
200700074522,0,07,000,00,2,7,01,A01
200700074522,0,01,000,00,2,1,01,B02
200700074523,0,33,000,13,0,7,01,A01
200700074524,0,07,000,00,2,3,13,A01
200700074524,0,07,000,00,2,3,01,B02
200700074525,0,07,000,00,1,1,02,A01
200700074526,0,07,000,00,2,3,13,A01
200700074526,0,07,000,00,2,1,01,B02
200700074527,0,07,000,00,2,1,02,A01
200700074527,0,07,000,00,0,4,01,B02
200700074528,0,33,000,00,2,7,01,A01
200700074528,0,07,000,00,2,2,19,B02
200700074529,0,07,000,14,2,1,02,A01
200700074529,0,07,000,14,1,4,23,B02
200700074529,0,07,000,14,0,6,02,C03
200700074530,0,07,000,00,0,6,16,A01
200700074530,0,07,000,09,0,1,01,B02
200700074531,0,17,000,03,0,8,00,A01
200700074532,0,17,000,00,0,5,24,A01
200700074532,0,07,000,01,0,1,01,B02
200700074533,0,10,000,00,2,6,13,A01
200700074533,0,07,000,00,2,2,01,B02
200700074534,0,07,000,00,2,3,11,A01
200700074534,0,34,000,00,2,7,01,B02
200700074534,0,07,000,00,2,7,02,C03
200700074535,0,07,000,13,2,1,02,A01
200700074536,0,33,000,16,0,7,14,A01
200700074537,0,10,000,03,2,1,01,A01
200700074537,0,14,000,00,2,8,01,B02
200700074538,0,07,000,00,1,2,01,A01
200700074539,0,02,000,00,2,1,01,A01
200700074539,0,02,000,00,2,1,01,B02
200700074540,0,01,000,00,2,4,02,A01
200700074540,0,13,000,00,2,2,02,B02
200700074541,0,07,000,00,0,8,15,A01
200700074542,0,07,000,02,0,3,01,A01
200700074543,0,07,000,00,2,1,13,A01
200700074543,0,10,000,00,2,2,01,B02
200700074544,0,30,000,00,0,0,01,A01
200700074544,0,10,000,00,9,5,01,B02
200700074545,0,07,000,00,1,1,01,A01
200700074546,0,07,000,00,2,3,01,A01
200700074546,0,07,000,00,2,2,19,B02
200700074547,0,07,000,00,2,1,13,A01
200700074547,0,14,000,00,2,3,01,B02
200700074548,0,07,000,00,0,1,01,A01
200700074549,0,07,000,00,2,3,17,A01
200700074549,0,31,000,00,2,1,01,B02
200700074550,0,07,000,00,2,3,01,A01
200700074550,0,07,000,00,2,3,13,B02
200700074551,0,07,000,00,2,1,13,A01
200700074551,0,07,000,00,2,0,01,B02
200700074552,0,07,000,00,2,3,13,A01
200700074552,0,07,000,00,2,3,00,B02
200700074553,0,07,000,00,2,1,13,A01
200700074553,0,10,000,00,2,1,01,B02
200700074554,0,07,000,00,1,3,01,A01
200700074555,0,07,000,01,1,2,01,A01
200700074555,0,07,000,00,0,4,24,F06
200700074556,0,33,000,01,2,2,01,A01
200700074556,0,07,000,00,0,3,16,B02
200700074557,0,07,000,00,2,3,13,A01
200700074557,0,07,000,00,2,3,21,B02
200700074558,0,07,000,00,2,1,13,A01
200700074558,0,10,000,00,2,1,01,B02
200700074559,0,07,000,00,1,3,01,A01
200700074560,0,07,000,00,2,3,13,A01
200700074560,0,07,000,00,2,3,01,B02
200700074561,0,07,000,13,0,1,01,A01
200700074562,0,35,000,01,0,1,01,A01
200700074563,0,07,000,00,2,3,13,A01
200700074563,0,07,000,00,2,3,01,B02
200700074563,0,07,000,00,9,0,21,C03
200700074564,0,07,000,00,2,3,13,A01
200700074564,0,07,000,00,2,8,01,B02
200700074564,0,07,000,00,2,8,01,C03
200700074565,0,07,000,00,2,3,13,A01
200700074565,0,07,000,00,2,3,01,B02
200700074566,0,07,000,08,0,1,01,A01
200700074567,0,07,000,00,2,2,15,A01
200700074567,0,07,000,00,2,1,01,B02
200700074568,0,07,000,00,2,7,13,A01
200700074568,0,14,000,00,2,1,01,B02
200700074569,0,14,000,00,2,2,01,A01
200700074569,0,01,000,00,2,4,01,B02
200700074570,0,07,000,00,0,9,01,A01
200700074571,0,07,000,00,2,3,13,A01
200700074571,0,07,000,00,2,1,01,B02
200700074572,0,07,000,00,0,2,19,A01
200700074572,0,30,000,00,0,1,01,B02
200700074573,0,30,000,00,1,1,01,A01
200700074574,0,07,000,00,2,3,13,A01
200700074574,0,07,000,00,2,3,01,B02
200700074575,0,07,000,00,2,3,15,A01
200700074575,0,02,000,00,2,1,01,B02
200700074576,0,33,000,00,0,7,01,A01
200700074577,0,07,000,00,2,1,01,A01
200700074577,0,17,000,00,2,3,01,B02
200700074578,0,14,000,00,0,2,13,A01
200700074578,0,07,000,00,2,5,01,B02
200700074579,0,07,000,02,0,7,01,A01
200700074580,0,10,000,00,1,2,01,A01
200700074581,0,10,000,06,0,1,01,A01
200700074582,0,07,000,13,0,1,01,A01
200700074583,0,07,000,06,0,1,01,A01
200700074584,0,10,000,00,2,2,19,B02
200700074584,0,33,000,00,2,1,01,A01
200700074585,0,07,000,00,2,1,13,A01
200700074585,0,07,000,00,2,1,01,B02
200700074586,0,07,000,00,2,1,05,A01
200700074586,0,07,000,00,2,1,01,B02
200700074587,0,07,000,00,2,2,02,A01
200700074587,0,03,000,00,0,4,02,B02
200700074588,0,30,000,14,0,1,01,A01
200700074589,0,07,000,02,0,3,01,A01
200700074590,0,07,000,00,2,1,01,B02
200700074590,0,07,000,00,2,4,16,A01
200700074591,0,33,000,00,2,1,17,A01
200700074591,0,15,000,00,2,3,01,B02
200700074592,0,07,000,02,0,1,01,A01
200700074593,0,30,000,00,0,0,02,A01
200700074594,0,07,000,02,0,1,19,A01
200700074595,0,07,000,00,1,2,01,A01
200700074595,0,07,000,00,1,2,01,B02
200700074596,0,10,000,13,0,1,01,A01
200700074597,0,07,000,00,2,1,17,A01
200700074597,0,07,000,00,2,1,16,B02
200700074598,0,07,000,13,0,1,01,A01
200700074599,0,33,000,00,0,9,01,A01
200700074599,0,17,000,00,9,3,01,B02
200700074600,0,07,000,13,0,2,01,A01
200700074601,0,07,000,13,0,1,01,A01
200700074602,0,07,000,13,0,1,21,A01
200700074603,0,07,000,00,2,7,01,A01
200700074603,0,10,000,00,2,1,01,B02
200700074604,0,07,000,00,1,2,01,A01
200700074605,0,07,000,00,2,7,15,A01
200700074605,0,07,000,00,2,1,01,B02
200700074605,0,07,000,00,2,8,01,C03
200700074606,0,07,000,00,2,3,01,A01
200700074606,0,07,000,00,2,3,13,B02
200700074607,0,07,000,00,0,9,17,A01
200700074608,0,33,000,00,2,1,01,A01
200700074608,0,07,000,00,2,2,19,B02
200700074609,0,07,000,00,0,0,15,A01
200700074609,0,31,000,00,2,0,01,B02
200700074610,0,07,000,00,1,2,01,A01
200700074611,0,14,000,00,2,1,15,A01
200700074611,0,14,000,00,2,1,01,B02
200700074612,0,07,000,13,0,2,01,A01
200700074613,0,07,000,00,0,0,01,A01
200700074613,0,07,000,00,2,5,24,B02
200700074614,0,07,000,00,1,3,01,A01
200700074615,0,07,000,00,1,1,01,A01
200700074616,0,07,000,08,0,1,01,A01
200700074617,0,07,000,00,2,1,01,B02
200700074617,0,99,000,00,2,7,19,A01
200700074618,0,31,000,00,2,3,13,A01
200700074618,0,07,000,00,2,3,01,B02
200700074619,0,07,000,00,1,3,01,A01
200700074620,0,07,000,00,2,1,01,A01
200700074620,0,13,000,00,2,0,01,B02
200700074621,0,07,000,00,2,1,13,A01
200700074621,0,07,000,00,2,1,02,B02
200700074621,0,07,000,00,2,3,02,C03
200700074622,0,07,000,13,0,1,01,A01
200700074623,0,07,000,00,2,3,01,A01
200700074623,0,07,000,00,2,3,01,B02
200700074624,0,07,000,13,0,9,02,A01
200700074625,0,17,000,00,0,7,01,A01
200700074626,0,07,000,00,0,1,01,A01
200700074626,0,07,000,00,0,1,01,B02
200700074626,0,07,000,00,2,3,01,C03
200700074627,0,07,000,08,0,3,01,A01
200700074628,0,07,000,00,2,1,17,A01
200700074628,0,07,000,00,2,2,01,B02
200700074629,0,10,000,00,0,3,00,A01
200700074629,0,10,000,00,2,5,00,B02
200700074629,0,10,000,00,2,3,00,C03
200700074630,0,07,000,00,0,9,01,A01
200700074631,0,07,000,00,2,6,00,A01
200700074632,0,07,000,00,2,3,17,A01
200700074632,0,07,000,00,2,3,01,B02
200700074633,0,07,000,00,2,1,11,A01
200700074633,0,07,000,00,2,3,01,B02
200700074634,0,07,000,00,2,3,01,A01
200700074634,0,21,000,00,2,8,00,B02
200700074634,0,07,000,00,2,1,00,C03
200700074634,0,17,000,00,2,3,00,D04
200700074634,1,16,000,00,2,0,17,E05
200700074635,0,07,000,00,2,1,13,A01
200700074635,0,07,000,00,2,1,01,B02
200700074636,0,07,000,00,2,1,01,A01
200700074636,0,07,000,00,2,8,17,B02
200700074636,0,17,000,00,2,8,01,C03
200700074637,0,10,000,00,2,1,02,A01
200700074637,0,21,000,00,0,4,02,B02
200700074637,0,07,000,00,2,9,02,C03
200700074638,0,07,000,00,0,9,14,A01
200700074639,0,07,000,00,2,2,01,A01
200700074639,0,10,000,00,2,3,01,B02
200700074640,0,30,000,01,0,1,01,A01
200700074641,0,02,000,00,2,1,01,A01
200700074641,0,07,000,00,2,2,15,B02
200700074642,0,07,000,00,2,1,15,A01
200700074642,0,10,000,00,2,1,01,B02
200700074643,0,07,000,00,2,6,10,A01
200700074643,0,02,000,00,2,1,01,B02
200700074644,0,07,000,16,0,9,01,A01
200700074645,0,10,000,00,2,3,01,A01
200700074645,0,07,000,00,2,3,13,B02
200700074646,0,07,000,00,2,1,01,A01
200700074646,0,07,000,00,2,1,01,B02
200700074647,0,07,000,00,2,1,13,A01
200700074647,0,07,000,00,2,1,01,B02
200700074648,0,07,000,00,2,3,02,A01
200700074648,0,07,000,00,2,3,13,B02
200700074649,0,02,000,00,0,4,02,A01
200700074650,0,07,000,06,0,8,01,A01
200700074651,0,07,000,00,2,1,17,A01
200700074651,0,07,000,00,2,3,01,B02
200700074652,0,07,000,00,2,1,09,A01
200700074652,0,07,000,00,2,6,01,B02
200700074653,0,30,000,12,2,8,21,A01
200700074654,0,07,000,00,2,2,15,A01
200700074654,0,30,000,00,2,1,01,B02
200700074655,0,07,000,00,1,2,01,A01
200700074656,0,07,000,06,0,8,01,A01
200700074657,0,07,000,07,2,3,13,A01
200700074657,0,10,000,08,2,8,02,B02
200700074658,0,07,000,02,0,1,14,A01
200700074659,0,07,000,00,2,8,02,A01
200700074659,0,07,000,00,2,5,02,B02
200700074659,0,07,000,00,2,1,01,C03
200700074660,0,07,000,00,0,6,10,A01
200700074660,0,07,000,00,0,2,01,B02
200700074661,0,07,000,00,1,3,01,A01
200700074662,0,07,000,06,0,1,13,A01
200700074663,0,07,000,00,2,2,09,A01
200700074663,0,02,000,00,2,3,01,B02
200700074664,0,07,000,00,2,1,00,A01
200700074664,0,07,000,00,2,1,00,B02
200700074664,0,07,000,00,2,3,00,C03
200700074665,0,07,000,02,0,7,01,A01
200700074666,0,07,000,13,0,2,01,A01
200700074667,0,10,000,00,0,0,00,A01
200700074668,0,07,000,13,0,2,01,A01
200700074669,0,07,000,00,2,1,00,A01
200700074669,0,07,000,00,2,1,00,B02
200700074670,0,07,000,06,0,9,01,A01
200700074671,0,07,000,16,1,5,02,A01
200700074671,0,07,000,16,0,3,23,B02
200700074672,0,07,000,06,0,7,14,A01
200700074673,0,07,000,00,1,1,01,A01
200700074674,0,07,000,10,0,1,13,A01
200700074675,0,10,000,00,2,1,13,A01
200700074675,0,07,000,00,2,1,01,B02
200700074676,0,10,000,00,2,0,09,A01
200700074676,0,02,000,00,2,7,01,B02
200700074677,0,33,000,00,2,1,17,A01
200700074677,0,14,000,00,2,8,15,B02
200700074678,0,38,000,00,1,1,01,A01
200700074679,0,07,000,16,2,1,13,A01
200700074679,0,17,000,00,2,1,01,B02
200700074680,0,07,000,02,5,7,21,A01
200700074681,0,10,000,00,0,2,01,A01
200700074681,0,02,000,00,0,8,01,B02
200700074682,0,30,000,00,0,1,05,A01
200700074682,0,07,000,00,0,2,01,B02
200700074683,0,31,000,00,2,1,02,A01
200700074683,0,99,000,00,2,4,02,B02
200700074684,0,07,000,00,2,1,00,A01
200700074684,0,07,000,00,2,1,00,B02
200700074685,0,07,000,00,1,2,01,A01
200700074686,0,07,000,00,2,1,01,A01
200700074686,0,15,000,00,2,8,10,B02
200700074687,0,07,000,00,1,2,01,A01
200700074688,0,14,000,00,1,2,01,A01
200700074689,0,07,000,13,0,1,12,A01
200700074690,0,33,000,00,2,4,01,A01
200700074690,0,07,000,00,2,1,01,B02
200700074691,0,14,000,00,1,1,01,A01
200700074692,0,10,000,00,2,3,19,A01
200700074692,0,01,000,00,2,8,01,B02
200700074693,0,07,000,00,0,1,01,A01
200700074694,0,07,000,13,0,9,14,A01
200700074695,0,02,000,00,0,0,01,A01
200700074696,0,07,000,02,0,7,01,A01
200700074697,0,31,000,00,2,0,00,A01
200700074698,0,10,000,06,0,3,13,A01
200700074699,0,07,000,00,0,3,00,A01
200700074699,0,07,000,00,0,3,00,B02
200700074700,0,07,000,00,0,2,13,A01
200700074700,0,07,000,00,0,3,01,B02
200700074701,0,07,000,00,0,8,01,A01
200700074701,0,07,000,00,0,1,01,B02
200700074702,0,07,000,00,1,1,01,A01
200700074703,0,07,000,00,5,1,01,A01
200700074704,0,07,000,09,0,1,01,A01
200700074705,0,07,000,00,1,1,01,A01
200700074706,0,07,000,00,2,1,01,B02
200700074706,0,10,000,00,2,7,19,A01
200700074707,0,07,000,00,2,2,15,A01
200700074707,0,33,000,00,2,1,01,B02
200700074708,0,07,000,00,1,2,01,A01
200700074709,0,07,000,00,1,2,01,A01
200700074710,0,33,000,00,2,1,01,A01
200700074710,0,07,000,00,2,7,15,B02
200700074711,0,07,000,00,2,2,15,A01
200700074711,0,10,000,00,2,1,01,B02
200700074712,0,07,000,08,0,2,01,A01
200700074713,0,07,000,13,0,1,01,A01
200700074714,0,10,000,00,2,3,17,A01
200700074714,0,07,000,00,2,3,01,B02
200700074714,0,15,000,00,2,1,01,C03
200700074715,0,07,000,00,2,8,01,A01
200700074715,0,07,000,00,2,8,01,B02
200700074715,0,07,000,00,2,3,01,C03
200700074716,0,07,000,00,0,9,01,A01
200700074717,0,07,000,00,0,3,01,A01
200700074718,0,07,000,00,0,0,13,A01
200700074719,0,30,000,00,2,1,02,A01
200700074719,0,07,000,00,0,5,02,B02
200700074720,0,07,000,00,1,0,21,A01
200700074721,0,07,000,00,2,2,15,A01
200700074721,0,07,000,00,2,3,00,B02
200700074721,0,07,000,00,0,8,23,C03
200700074722,0,33,000,00,0,0,14,A01
200700074723,0,15,000,00,2,5,12,A01
200700074723,0,03,000,16,9,8,00,B02
200700074724,0,31,000,00,0,1,01,A01
200700074725,0,07,000,08,0,2,01,A01
200700074726,0,07,000,16,0,9,01,A01
200700074727,0,07,000,00,0,9,00,A01
200700074728,0,07,000,00,2,1,02,A01
200700074728,0,21,000,00,2,4,02,B02
200700074729,0,07,000,00,0,1,05,A01
200700074729,0,07,000,00,0,1,01,B02
200700074730,0,07,000,00,2,8,01,A01
200700074730,0,07,000,00,2,1,01,B02
200700074731,0,07,000,00,1,2,01,A01
200700074732,0,07,000,00,0,0,00,A01
200700074732,0,07,000,14,2,1,02,B02
200700074733,0,07,000,00,2,3,01,A01
200700074733,0,01,000,00,2,1,13,B02
200700074734,0,07,000,00,1,1,15,A01
200700074735,0,07,000,03,2,3,13,A01
200700074735,0,14,000,00,0,2,05,B02
200700074736,0,07,000,00,0,9,01,A01
200700074737,0,10,000,00,1,2,01,A01
200700074738,0,07,000,00,1,3,01,A01
200700074739,0,07,000,00,2,1,13,A01
200700074739,0,07,000,00,2,1,01,B02
200700074739,0,07,000,05,0,0,24,C03
200700074740,0,07,000,00,1,2,02,A01
200700074741,0,10,000,08,0,1,13,A01
200700074742,0,07,000,00,1,2,01,A01
200700074743,0,15,000,00,2,1,01,A01
200700074743,0,07,000,00,2,4,15,B02
200700074743,0,07,000,00,0,8,16,C03
200700074744,0,07,000,13,0,9,01,A01
200700074745,0,07,000,00,2,1,11,A01
200700074745,0,07,000,00,2,3,01,B02
200700074746,0,07,000,00,0,0,13,A01
200700074747,0,10,000,13,5,1,01,A01
200700074748,0,10,000,13,0,3,01,A01
200700074748,0,33,000,00,0,2,00,B02
200700074749,0,07,000,13,0,3,13,A01
200700074750,0,07,000,13,0,1,01,A01
200700074751,0,07,000,16,1,1,01,A01
200700074752,0,07,000,00,1,1,01,A01
200700074753,0,07,000,13,0,7,01,A01
200700074754,0,07,000,13,0,8,01,A01
200700074755,0,07,000,00,2,2,00,A01
200700074755,0,07,000,00,2,1,01,B02
200700074756,0,07,000,13,0,2,01,A01
200700074757,0,07,000,00,2,2,17,A01
200700074757,0,30,000,00,2,6,15,B02
200700074758,0,07,000,13,0,1,13,A01
200700074759,0,02,000,00,2,1,01,A01
200700074759,0,07,000,00,0,3,01,B02
200700074760,0,07,000,00,2,3,15,A01
200700074760,0,30,000,00,2,1,01,B02
200700074761,0,30,000,00,0,5,01,A01
200700074762,0,07,000,00,1,1,16,A01
200700074763,0,07,000,00,1,2,01,A01
200700074764,0,07,000,13,2,1,01,A01
200700074764,0,07,000,00,2,0,01,B02
200700074765,0,07,000,00,2,1,13,A01
200700074765,0,07,000,00,2,1,01,B02
200700074766,0,07,000,00,0,2,01,A01
200700074767,0,07,000,00,2,6,01,A01
200700074767,0,07,000,00,2,4,15,B02
200700074768,0,07,000,00,2,7,15,A01
200700074768,0,33,000,00,2,1,01,B02
200700074769,0,07,000,00,0,3,01,A01
200700074769,0,30,000,00,0,1,01,B02
200700074770,0,07,000,02,0,1,01,A01
200700074771,0,07,000,00,1,1,01,A01
200700074772,0,07,000,00,2,3,01,A01
200700074772,0,30,000,00,2,8,15,B02
200700074773,0,07,000,06,0,1,13,A01
200700074774,0,02,000,00,2,1,01,A01
200700074774,0,10,000,00,0,8,19,B02
200700074775,0,07,000,00,2,3,19,A01
200700074775,0,07,000,00,2,3,01,B02
200700074776,0,07,000,00,1,2,01,A01
200700074777,0,07,000,00,2,7,15,A01
200700074777,0,30,000,00,2,1,01,B02
200700074778,0,07,000,13,0,1,01,A01
200700074779,0,07,000,00,2,1,15,A01
200700074779,0,07,000,00,2,3,01,B02
200700074780,0,07,000,00,2,1,01,A01
200700074780,0,07,000,00,2,3,19,B02
200700074781,0,07,000,00,2,2,15,A01
200700074781,0,01,000,00,2,1,01,B02
200700074782,0,07,000,00,2,7,01,A01
200700074782,0,07,000,00,2,1,01,B02
200700074783,0,07,000,08,0,9,01,A01
200700074784,0,07,000,00,1,3,01,A01
200700074785,0,07,000,02,0,1,01,A01
200700074786,0,07,000,00,1,2,01,A01
200700074787,0,02,000,00,0,0,01,A01
200700074788,0,07,000,00,2,1,05,A01
200700074788,0,07,000,00,2,8,01,B02
200700074788,0,07,000,00,2,1,17,C03
200700074789,0,07,000,00,2,1,01,A01
200700074789,0,07,000,00,2,8,09,B02
200700074790,0,07,000,02,0,8,17,A01
200700074791,1,10,000,00,1,2,01,A01
200700074792,0,07,000,08,0,3,01,A01
200700074793,0,07,000,00,1,3,01,A01
200700074794,0,07,000,08,0,1,01,A01
200700074795,0,07,000,00,2,2,19,A01
200700074795,0,33,000,00,2,2,01,B02
200700074796,0,10,000,02,0,2,14,A01
200700074797,0,07,000,06,0,1,01,A01
200700074798,0,07,000,00,2,1,05,A01
200700074798,0,07,000,00,2,3,01,B02
200700074799,0,07,000,00,2,2,15,A01
200700074799,0,10,000,00,2,1,01,B02
200700074800,0,10,000,00,1,4,04,A01
200700074801,0,07,000,00,0,6,09,A01
200700074801,0,07,000,00,2,1,01,B02
200700074802,0,07,000,12,1,3,21,A01
200700074803,0,07,000,00,2,3,13,A01
200700074803,0,07,000,00,2,3,02,B02
200700074804,0,07,000,00,2,2,01,A01
200700074804,0,01,000,00,2,1,01,B02
200700074804,0,07,000,00,2,2,15,C03
200700074805,0,07,000,00,2,3,13,A01
200700074805,0,07,000,00,2,3,01,B02
200700074806,0,07,000,00,1,2,01,A01
200700074807,0,07,000,00,2,1,17,A01
200700074807,0,07,000,00,2,1,01,B02
200700074808,0,07,000,00,2,3,00,A01
200700074808,0,07,000,00,2,8,01,B02
200700074809,0,07,000,00,2,3,15,A01
200700074809,0,30,000,00,2,1,01,B02
200700074810,0,07,000,16,0,2,01,A01
200700074811,0,10,000,00,2,3,21,A01
200700074811,0,10,000,00,2,3,01,B02
200700074812,0,07,000,00,2,1,01,A01
200700074812,0,07,000,00,2,8,01,B02
200700074813,0,07,000,00,2,1,01,A01
200700074813,0,07,000,00,2,7,01,B02
200700074814,0,07,000,13,0,1,01,A01
200700074815,0,31,000,16,0,2,13,A01
200700074816,0,07,000,10,0,2,13,A01
200700074817,0,07,000,00,2,1,13,A01
200700074817,0,07,000,00,2,1,01,B02
200700074818,0,02,000,00,0,1,00,A01
200700074818,0,07,000,00,2,3,15,B02
200700074819,0,07,000,13,2,8,19,A01
200700074819,0,07,000,00,2,1,01,B02
200700074820,0,07,000,00,2,1,02,A01
200700074820,0,07,000,00,2,1,02,B02
200700074820,0,10,000,00,0,4,02,C03
200700074821,0,07,000,00,2,1,02,A01
200700074821,0,14,000,00,0,4,02,B02
200700074822,0,07,000,00,1,6,19,A01
200700074823,0,07,000,00,2,2,01,A01
200700074823,0,30,000,00,2,1,15,B02
200700074824,0,07,000,00,1,3,01,A01
200700074825,0,07,000,00,0,3,01,A01
200700074825,0,07,000,00,0,3,01,B02
200700074826,0,07,000,13,0,4,01,A01
200700074827,0,07,000,00,2,3,01,A01
200700074827,0,07,000,00,2,2,01,B02
200700074828,0,07,000,06,0,1,13,A01
200700074829,0,07,000,00,2,2,19,A01
200700074829,0,07,000,00,2,3,01,B02
200700074830,0,07,000,06,0,1,01,A01
200700074831,0,07,000,00,9,3,01,A01
200700074831,0,02,000,00,2,1,13,B02
200700074832,0,07,000,00,2,3,19,A01
200700074832,0,30,000,00,2,1,01,B02
200700074833,0,07,000,00,2,1,00,A01
200700074833,0,33,000,00,2,1,05,B02
200700074834,0,07,000,00,1,3,01,A01
200700074835,0,10,000,00,1,2,01,A01
200700074836,0,07,000,00,2,1,02,A01
200700074836,0,21,000,00,2,4,02,B02
200700074837,0,07,000,00,1,2,01,A01
200700074838,0,30,000,00,2,3,15,A01
200700074838,0,07,000,00,2,2,01,B02
200700074839,0,07,000,13,2,2,13,A01
200700074839,0,07,000,00,2,2,01,B02
200700074840,0,02,000,00,2,1,17,A01
200700074840,0,10,000,00,2,8,15,B02
200700074841,0,07,000,00,2,3,13,A01
200700074841,0,07,000,00,2,1,01,B02
200700074842,0,02,000,00,2,7,21,A01
200700074842,0,07,000,00,2,2,15,B02
200700074843,0,07,000,00,2,3,19,A01
200700074843,0,07,000,00,2,3,01,B02
200700074844,0,07,000,00,2,1,02,A01
200700074844,0,07,000,00,2,4,15,B02
200700074844,0,07,000,00,2,1,01,C03
200700074845,0,07,000,13,0,1,13,A01
200700074846,0,10,000,00,2,3,01,A01
200700074846,0,07,000,00,2,3,01,B02
200700074847,0,07,000,00,5,1,01,A01
200700074848,0,07,000,13,0,1,01,A01
200700074849,0,07,000,00,2,1,13,A01
200700074849,0,10,000,00,2,1,01,B02
200700074850,0,07,000,02,0,3,01,A01
200700074851,0,07,000,13,0,1,01,A01
200700074852,0,33,000,00,2,3,23,A01
200700074852,0,07,000,14,0,2,01,B02
200700074853,0,07,000,00,2,8,09,A01
200700074853,0,07,000,00,2,1,01,B02
200700074854,0,07,000,00,1,3,01,A01
200700074855,0,07,000,02,0,2,14,A01
200700074856,0,14,000,06,9,8,14,A01
200700074857,0,14,000,00,2,1,15,A01
200700074857,0,03,000,00,2,1,01,B02
200700074858,0,03,000,00,2,8,13,A01
200700074858,0,07,000,00,2,3,14,B02
200700074859,0,07,000,00,2,6,19,A01
200700074859,0,31,000,00,2,8,01,B02
200700074860,0,07,000,00,2,6,15,A01
200700074860,0,07,000,00,2,1,01,B02
200700074861,0,07,000,00,2,1,01,A01
200700074861,0,36,000,00,2,8,09,B02
200700074862,0,07,000,04,0,3,02,A01
200700074862,0,07,000,14,1,2,17,B02
200700074863,0,07,000,00,1,2,01,A01
200700074864,0,07,000,00,0,3,01,A01
200700074864,0,07,000,13,0,3,01,B02
200700074865,0,38,000,00,1,5,13,A01
200700074866,0,07,000,00,1,2,01,A01
200700074867,0,15,000,00,2,1,01,B02
200700074867,0,07,000,00,2,7,19,A01
200700074868,0,03,000,00,2,1,13,A01
200700074868,0,33,000,00,2,1,01,B02
200700074868,0,33,000,00,2,1,01,C03
200700074868,0,33,000,00,2,1,01,D04
200700074868,0,33,000,00,2,1,01,E05
200700074869,0,07,000,00,9,2,01,A01
200700074869,0,01,000,00,0,0,00,B02
200700074870,0,07,000,02,0,2,01,A01
200700074871,0,07,000,06,0,2,01,A01
200700074872,0,07,000,00,0,2,14,A01
200700074873,0,07,000,13,0,2,01,A01
200700074874,0,07,000,00,1,1,02,A01
200700074875,0,07,000,13,0,3,01,A01
200700074876,0,30,000,00,0,1,01,A01
200700074877,0,07,000,00,2,1,01,B02
200700074877,0,10,000,00,2,1,19,A01
200700074878,0,30,000,00,1,1,01,A01
200700074879,0,07,000,00,2,8,19,A01
200700074879,0,07,000,00,2,2,01,B02
200700074880,0,07,000,00,2,3,13,A01
200700074880,0,07,000,00,2,8,01,B02
200700074880,0,07,000,00,2,3,01,C03
200700074881,0,07,000,02,0,1,01,A01
200700074882,0,07,000,00,2,2,01,A01
200700074882,0,02,000,00,2,6,15,B02
200700074883,0,07,000,00,2,1,01,B02
200700074883,0,17,000,00,2,8,19,A01
200700074884,0,07,000,00,2,2,15,A01
200700074884,0,33,000,00,2,1,01,B02
200700074885,0,07,000,00,2,1,15,A01
200700074885,0,02,000,00,2,7,01,B02
200700074886,0,07,000,13,0,1,01,A01
200700074887,0,07,000,00,2,1,01,A01
200700074887,0,07,000,00,2,4,01,B02
200700074888,0,03,000,00,2,8,10,A01
200700074888,0,33,000,00,2,7,01,B02
200700074889,0,30,000,15,0,1,15,A01
200700074890,0,10,000,08,0,8,13,A01
200700074891,0,07,000,00,1,3,01,A01
200700074891,0,07,000,00,1,1,01,B02
200700074891,0,07,000,00,1,1,01,C03
200700074892,0,33,000,00,2,7,17,A01
200700074892,0,07,000,00,2,8,15,B02
200700074893,0,30,000,06,0,1,01,A01
200700074894,0,07,000,13,0,9,01,A01
200700074895,0,10,000,13,0,1,01,A01
200700074896,0,07,000,00,1,2,00,A01
200700074897,0,30,000,00,5,1,01,A01
200700074898,0,30,000,00,2,1,01,A01
200700074898,0,07,000,00,2,8,01,B02
200700074899,0,07,000,01,0,1,19,A01
200700074900,0,30,000,00,2,7,19,A01
200700074900,0,10,000,00,2,1,01,B02
200700074901,0,07,000,00,2,7,19,A01
200700074901,0,07,000,00,2,1,01,B02
200700074902,0,07,000,00,2,3,01,A01
200700074902,0,07,000,00,2,3,01,B02