Num_Acc,senc,catv,occutc,obs,obsm,choc,manv,num_veh
200700074903,0,30,000,00,2,0,01,A01
200700074903,0,07,000,00,2,2,16,B02
200700074904,0,07,000,00,5,1,01,A01
200700074905,0,07,000,00,2,1,13,A01
200700074905,0,07,000,00,2,1,01,B02
200700074906,0,10,000,00,2,5,15,A01
200700074906,0,02,000,00,2,1,01,B02
200700074907,0,33,000,00,2,1,17,A01
200700074907,0,07,000,00,2,6,15,B02
200700074908,0,07,000,00,2,2,11,A01
200700074908,0,10,000,00,2,3,15,B02
200700074909,0,07,000,00,2,3,01,A01
200700074909,0,21,000,00,2,6,01,B02
200700074910,0,07,000,00,2,2,19,A01
200700074910,0,30,000,00,2,1,01,B02
200700074911,0,07,000,00,0,2,02,A01
200700074911,0,30,000,00,0,6,02,B02
200700074912,0,07,000,13,0,2,01,A01
200700074913,0,07,000,08,0,3,01,A01
200700074914,0,07,000,00,2,3,13,A01
200700074914,0,14,000,00,2,3,00,B02
200700074915,0,07,000,00,0,7,19,A01
200700074915,0,02,000,00,2,1,01,B02
200700074916,0,07,000,13,0,1,01,A01
200700074917,0,07,000,00,2,2,19,A01
200700074917,0,07,000,00,2,3,01,B02
200700074918,0,07,000,00,2,1,01,A01
200700074918,0,07,000,00,2,3,19,B02
200700074919,0,07,000,00,0,2,13,A01
200700074920,0,07,000,00,2,2,15,A01
200700074920,0,07,000,00,2,3,01,B02
200700074921,0,30,000,00,2,3,03,A01
200700074921,0,07,000,00,2,3,17,B02
200700074922,0,33,000,13,0,1,01,A01
200700074923,0,10,000,02,0,1,14,A01
200700074924,0,07,000,00,2,7,19,A01
200700074924,0,07,000,00,2,1,01,B02
200700074925,0,07,000,13,0,3,01,A01
200700074926,0,07,000,13,0,3,13,A01
200700074927,0,10,000,16,0,9,01,A01
200700074928,0,07,000,00,2,3,13,A01
200700074928,0,07,000,00,2,3,01,B02
200700074928,0,07,000,00,2,1,01,C03
200700074929,0,07,000,00,0,8,19,A01
200700074929,0,33,000,00,2,2,21,B02
200700074930,0,07,000,05,0,9,01,A01
200700074931,0,07,000,00,2,1,13,A01
200700074931,0,02,000,00,2,1,01,B02
200700074932,0,07,000,00,0,8,19,A01
200700074932,0,30,000,00,2,1,01,B02
200700074933,0,07,000,02,0,1,00,A01
200700074934,0,07,000,09,0,8,01,A01
200700074935,0,10,000,00,2,1,15,A01
200700074935,0,30,000,00,2,1,01,B02
200700074936,0,10,000,00,2,7,15,A01
200700074936,0,33,000,00,2,1,01,B02
200700074937,0,07,000,00,0,7,01,A01
200700074937,0,30,000,00,0,1,19,B02
200700074938,0,07,000,08,0,2,23,A01
200700074938,0,02,000,01,0,1,01,B02
200700074939,0,07,000,00,2,3,01,A01
200700074939,0,07,000,00,2,2,19,B02
200700074940,0,07,000,00,2,2,15,A01
200700074940,0,30,000,00,2,1,01,B02
200700074941,0,07,000,06,2,3,01,A01
200700074941,0,07,000,00,2,8,01,B02
200700074942,0,30,000,14,0,1,01,A01
200700074943,0,07,000,00,2,1,01,A01
200700074943,0,07,000,00,2,4,01,B02
200700074943,0,07,000,00,2,4,01,C03
200700074943,0,07,000,00,0,4,01,D04
200700074944,0,07,000,00,2,1,01,A01
200700074944,0,07,000,00,2,7,15,B02
200700074945,0,07,000,13,0,1,21,A01
200700074946,0,07,000,00,2,1,15,A01
200700074946,0,10,000,00,2,1,01,B02
200700074947,0,07,000,00,2,8,15,A01
200700074947,0,02,000,00,2,3,17,B02
200700074948,0,07,000,02,0,7,01,A01
200700074949,0,07,000,00,2,2,19,A01
200700074949,0,07,000,00,2,3,01,B02
200700074950,0,07,000,15,0,3,01,A01
200700074951,0,07,000,00,0,0,00,A01
200700074951,0,13,000,00,2,3,01,B02
200700074952,0,07,000,00,2,2,01,A01
200700074952,0,01,000,00,0,4,02,B02
200700074953,0,02,000,00,0,0,16,A01
200700074954,0,07,000,01,1,1,01,A01
200700074955,0,07,000,01,1,2,01,A01
200700074956,0,10,000,13,0,3,01,A01
200700074957,0,07,000,06,0,2,01,A01
200700074958,0,07,000,00,2,2,15,A01
200700074958,0,33,000,00,2,1,05,B02
200700074959,0,07,000,08,0,7,01,A01
200700074960,0,07,000,00,2,2,01,B02
200700074960,0,02,000,00,2,8,19,A01
200700074961,0,02,000,00,2,1,01,A01
200700074961,0,07,000,00,2,3,17,B02
200700074962,0,07,000,00,1,2,02,A01
200700074963,0,02,000,02,0,1,01,A01
200700074964,0,10,000,00,2,1,05,A01
200700074964,0,07,000,00,2,1,01,B02
200700074965,0,10,000,00,2,1,01,A01
200700074965,0,07,000,00,0,9,23,B02
200700074965,0,07,000,00,2,2,01,C03
200700074966,0,07,000,00,2,1,01,A01
200700074966,0,07,000,00,2,4,15,B02
200700074967,0,07,000,00,1,1,01,A01
200700074968,0,07,000,00,2,2,13,A01
200700074968,0,01,000,00,2,3,16,B02
200700074969,0,07,000,00,2,1,15,A01
200700074969,0,30,000,00,2,1,01,B02
200700074970,0,07,000,00,2,3,13,A01
200700074970,0,07,000,00,2,3,01,B02
200700074971,0,07,000,00,2,1,01,A01
200700074971,0,01,000,00,2,4,01,B02
200700074972,0,10,000,00,0,3,05,A01
200700074972,0,01,000,00,2,1,05,B02
200700074973,0,07,000,00,2,3,13,A01
200700074973,0,07,000,00,2,8,01,B02
200700074973,0,07,000,00,2,8,01,C03
200700074974,0,02,000,00,2,1,19,A01
200700074974,0,07,000,00,2,2,01,B02
200700074975,0,07,000,00,1,2,01,A01
200700074976,0,07,000,00,2,3,05,A01
200700074976,0,07,000,00,2,3,01,B02
200700074977,0,02,000,00,1,1,01,A01
200700074978,0,07,000,13,0,9,13,A01
200700074979,0,36,000,05,0,3,01,A01
200700074980,0,07,000,00,2,2,17,A01
200700074980,0,33,000,00,2,1,01,B02
200700074981,0,10,000,08,0,1,01,A01
200700074982,0,07,000,00,0,0,00,A01
200700074982,0,07,000,00,2,0,00,B02
200700074982,0,07,000,00,2,1,01,C03
200700074983,0,07,000,00,2,1,15,A01
200700074984,0,07,000,00,2,1,11,A01
200700074984,0,33,000,00,2,1,01,B02
200700074985,0,10,000,00,2,1,13,A01
200700074985,0,07,000,00,2,1,01,B02
200700074985,0,07,000,00,2,2,02,C03
200700074986,0,07,000,00,2,3,01,A01
200700074986,0,07,000,00,2,1,01,B02
200700074987,0,10,000,13,0,2,00,A01
200700074988,0,07,000,08,0,8,14,A01
200700074989,0,07,000,08,9,2,13,A01
200700074989,0,01,000,00,2,0,01,B02
200700074989,0,01,000,00,2,0,01,C03
200700074989,0,01,000,00,2,0,01,D04
200700074989,0,01,000,00,2,0,01,E05
200700074990,0,07,000,08,0,1,13,A01
200700074991,0,07,000,00,4,7,01,A01
200700074991,0,39,000,00,2,3,01,B02
200700074992,0,07,000,00,2,3,01,A01
200700074992,0,01,000,00,2,8,15,B02
200700074993,0,07,000,00,0,0,01,A01
200700074994,0,07,000,00,2,1,19,A01
200700074994,0,33,000,00,0,7,01,B02
200700074995,0,31,000,00,0,5,00,A01
200700074995,0,07,000,00,2,3,00,B02
200700074996,0,07,000,00,0,3,13,A01
200700074997,0,07,000,00,2,3,01,A01
200700074997,0,07,000,00,2,3,01,B02
200700074998,0,07,000,02,0,1,13,A01
200700074999,0,07,000,06,0,3,01,A01
200700075000,0,10,000,02,0,1,00,A01
200700075001,0,07,000,00,2,2,15,A01
200700075001,0,02,000,00,2,1,01,B02
200700075002,0,10,000,00,2,7,01,A01
200700075002,0,01,000,00,2,6,01,B02
200700075003,0,12,000,00,2,2,01,B02
200700075003,0,07,000,00,2,1,01,A01
200700075004,0,02,000,00,2,1,16,A01
200700075004,0,07,000,00,2,2,01,B02
200700075005,0,07,000,00,0,9,00,A01
200700075006,0,07,000,00,2,1,21,A01
200700075006,0,07,000,00,2,6,23,B02
200700075006,0,07,000,00,0,0,15,C03
200700075006,0,07,000,00,2,9,01,D04
200700075007,0,07,000,06,0,3,01,A01
200700075008,0,07,000,00,2,8,15,A01
200700075008,0,02,000,00,2,2,17,B02
200700075009,0,07,000,00,2,3,13,A01
200700075009,0,07,000,00,2,3,01,B02
200700075010,0,07,000,00,0,0,00,A01
200700075011,0,07,000,08,0,8,01,A01
200700075012,0,07,000,00,2,7,00,A01
200700075012,0,07,000,00,2,3,01,B02
200700075013,0,15,000,06,0,7,01,A01
200700075014,0,07,000,08,0,7,01,A01
200700075015,0,02,000,00,1,7,02,A01
200700075016,0,10,000,00,2,2,15,B02
200700075016,0,02,000,00,2,7,01,A01
200700075017,0,07,000,00,1,2,01,A01
200700075018,0,07,000,00,0,3,15,A01
200700075018,0,07,000,00,0,3,00,B02
200700075019,0,07,000,00,1,3,01,A01
200700075020,0,30,000,13,0,1,01,A01
200700075021,0,07,000,00,2,3,01,A01
200700075021,0,07,000,00,2,3,01,B02
200700075022,0,10,000,00,0,6,23,A01
200700075022,0,02,000,01,0,1,02,B02
200700075023,0,07,000,02,0,7,01,A01
200700075024,0,07,000,00,2,1,15,A01
200700075024,0,01,000,00,2,9,01,B02
200700075025,0,02,000,02,0,1,01,A01
200700075026,0,07,000,00,2,5,15,A01
200700075026,0,07,000,00,2,2,01,B02
200700075027,0,07,000,00,0,8,01,A01
200700075027,0,31,000,00,0,7,00,B02
200700075028,0,10,000,00,0,7,01,A01
200700075029,0,07,000,00,2,3,19,A01
200700075029,0,31,000,00,2,1,01,B02
200700075030,0,07,000,00,2,1,11,A01
200700075030,0,02,000,00,2,1,00,B02
200700075031,0,07,000,00,0,1,01,A01
200700075032,0,33,000,00,6,2,01,A01
200700075033,0,07,000,00,2,3,17,A01
200700075033,0,07,000,00,2,8,01,B02
200700075034,0,07,000,00,2,8,01,A01
200700075034,0,14,000,00,2,8,01,B02
200700075035,0,10,000,00,2,1,15,A01
200700075035,0,30,000,00,2,1,01,B02
200700075036,0,07,000,00,2,1,15,A01
200700075036,0,02,000,00,2,1,01,B02
200700075037,0,07,000,00,2,3,15,A01
200700075037,0,02,000,00,2,1,01,B02
200700075038,0,07,000,00,2,3,13,A01
200700075038,0,07,000,00,2,3,01,B02
200700075039,0,33,000,00,6,1,01,A01
200700075040,0,07,000,00,2,3,13,A01
200700075040,0,15,000,00,2,3,01,B02
200700075041,0,07,000,00,2,3,13,A01
200700075041,0,07,000,00,2,3,01,B02
200700075042,0,33,000,13,0,2,01,A01
200700075043,0,07,000,00,2,2,01,A01
200700075043,0,07,000,00,2,3,01,B02
200700075044,0,07,000,00,2,2,02,A01
200700075044,0,07,000,00,2,6,02,B02
200700075045,0,02,000,09,0,1,01,A01
200700075046,0,07,000,00,2,1,01,A01
200700075046,0,07,000,00,2,1,01,B02
200700075046,0,10,000,00,2,1,01,C03
200700075047,0,07,000,13,0,2,01,A01
200700075048,0,14,000,00,1,2,01,A01
200700075049,0,07,000,01,0,1,02,A01
200700075049,0,07,000,00,0,4,01,B02
200700075050,0,07,000,00,1,3,01,A01
200700075051,0,07,000,16,0,5,01,A01
200700075052,0,13,000,00,1,3,01,A01
200700075053,0,07,000,00,0,1,01,A01
200700075053,0,07,000,00,0,1,13,B02
200700075054,0,07,000,00,1,3,01,A01
200700075055,0,07,000,02,0,3,00,A01
200700075056,0,07,000,13,0,2,01,A01
200700075057,0,33,000,13,0,1,01,A01
200700075058,0,10,000,00,2,1,02,A01
200700075058,0,10,000,00,0,4,01,B02
200700075059,0,30,000,00,2,1,01,A01
200700075059,0,07,000,00,2,2,15,B02
200700075060,0,07,000,00,2,2,15,A01
200700075060,0,07,000,00,2,1,01,B02
200700075061,0,07,000,01,0,1,13,A01
200700075062,0,30,000,00,2,7,15,A01
200700075062,0,17,000,00,2,3,01,B02
200700075063,0,31,000,00,2,1,05,A01
200700075063,0,07,000,00,2,1,01,B02
200700075064,0,07,000,00,2,4,23,A01
200700075064,0,07,000,00,2,1,02,B02
200700075065,0,01,000,00,1,1,01,A01
200700075066,0,30,000,00,0,0,01,A01
200700075067,0,07,000,00,2,4,13,A01
200700075067,0,17,000,00,2,1,01,B02
200700075068,0,07,000,00,2,1,13,A01
200700075068,0,07,000,00,2,1,01,B02
200700075069,0,02,000,00,2,1,05,A01
200700075069,0,07,000,00,2,1,01,B02
200700075070,0,07,000,00,1,3,01,A01
200700075071,0,07,000,00,9,2,02,A01
200700075071,0,01,000,00,2,4,02,B02
200700075072,0,07,000,00,2,3,01,A01
200700075072,0,30,000,00,2,1,01,B02
200700075073,0,07,000,00,2,3,19,A01
200700075073,0,07,000,00,2,7,21,B02
200700075073,0,07,000,00,2,1,21,C03
200700075074,0,07,000,00,2,3,13,A01
200700075074,0,07,000,00,2,2,01,B02
200700075075,0,30,000,00,2,1,01,A01
200700075075,0,07,000,00,2,2,01,B02
200700075076,0,30,000,06,0,1,01,A01
200700075077,0,07,000,00,2,2,01,A01
200700075077,0,07,000,00,2,1,01,B02
200700075078,0,07,000,13,0,6,01,A01
200700075079,0,07,000,00,0,2,13,A01
200700075079,0,07,000,00,0,1,01,B02
200700075080,1,07,000,00,2,3,17,A01
200700075080,0,33,000,00,2,1,01,B02
200700075081,0,07,000,00,2,3,13,A01
200700075081,0,07,000,00,2,3,01,B02
200700075082,0,07,000,02,0,3,01,A01
200700075083,0,07,000,00,1,1,19,A01
200700075084,0,07,000,02,0,8,01,A01
200700075085,0,17,000,00,2,1,01,A01
200700075085,0,07,000,00,2,8,19,B02
200700075086,0,33,000,11,0,1,01,A01
200700075086,0,07,000,00,9,3,01,B02
200700075087,0,07,000,00,1,1,01,A01
200700075088,0,07,000,01,0,3,13,A01
200700075089,0,07,000,08,0,8,14,A01
200700075090,0,07,000,00,2,7,19,A01
200700075090,0,02,000,00,2,1,01,B02
200700075091,0,07,000,06,0,3,01,A01
200700075092,0,07,000,00,2,3,15,A01
200700075092,0,33,000,01,2,1,01,B02
200700075092,0,07,000,00,2,2,24,C03
200700075093,0,07,000,00,2,1,15,A01
200700075093,0,02,000,00,2,1,01,B02
200700075094,0,07,000,00,2,3,01,A01
200700075094,0,31,000,00,2,1,01,B02
200700075095,0,07,000,00,2,1,13,A01
200700075095,0,10,000,00,2,3,01,B02
200700075096,0,07,000,13,0,3,01,A01
200700075097,0,10,000,00,0,0,12,A01
200700075097,0,02,000,00,0,1,01,B02
200700075098,0,07,000,00,0,3,05,A01
200700075098,0,07,000,00,0,3,00,B02
200700075099,0,17,000,00,0,7,15,A01
200700075099,0,07,000,00,2,1,01,B02
200700075100,0,07,000,00,2,2,01,A01
200700075100,0,02,000,00,2,2,15,B02
200700075101,0,07,000,00,1,2,01,A01
200700075102,0,10,000,00,1,4,04,A01
200700075103,0,07,000,06,0,1,01,A01
200700075104,0,07,000,00,2,1,05,A01
200700075104,0,33,000,00,2,1,01,B02
200700075105,0,07,000,00,2,2,19,A01
200700075105,0,33,000,00,2,1,01,B02
200700075106,0,07,000,06,0,2,01,A01
200700075107,0,07,000,00,2,3,10,A01
200700075107,0,07,000,00,2,3,01,B02
200700075108,0,07,000,00,2,3,17,A01
200700075108,0,33,000,00,2,1,01,B02
200700075109,0,07,000,00,2,3,01,A01
200700075109,0,14,000,00,2,3,01,B02
200700075110,0,07,000,02,0,8,01,A01
200700075111,0,10,000,00,2,1,01,A01
200700075111,0,07,000,00,2,8,19,B02
200700075112,0,31,000,00,2,1,17,A01
200700075112,0,07,000,00,2,8,01,B02
200700075113,0,07,000,00,2,7,15,A01
200700075113,0,07,000,00,2,1,01,B02
200700075114,0,07,000,00,2,7,13,A01
200700075114,0,07,000,00,2,3,01,B02
200700075115,0,14,000,00,2,4,04,A01
200700075115,0,31,000,00,2,1,23,B02
200700075116,0,33,000,00,2,1,01,A01
200700075116,0,10,000,00,2,3,01,B02
200700075117,0,07,000,00,0,3,00,A01
200700075117,0,07,000,13,0,3,01,B02
200700075117,0,07,000,00,2,1,01,C03
200700075118,0,07,000,00,2,2,01,A01
200700075118,0,07,000,00,0,8,19,B02
200700075119,0,07,000,00,2,7,01,A01
200700075119,0,07,000,00,2,7,01,B02
200700075120,0,07,000,08,0,1,01,A01
200700075121,0,33,000,00,0,0,13,A01
200700075122,0,07,000,00,2,2,01,A01
200700075122,0,07,000,00,2,2,01,B02
200700075123,0,07,000,00,0,8,19,A01
200700075123,0,07,000,00,2,1,01,B02
200700075124,0,07,000,00,2,1,01,A01
200700075124,0,07,000,00,2,6,19,B02
200700075125,0,07,000,00,2,1,01,A01
200700075125,0,07,000,00,2,1,13,B02
200700075126,0,10,000,06,0,2,01,A01
200700075127,0,07,000,00,2,3,01,A01
200700075127,0,33,000,00,2,1,01,B02
200700075128,0,07,000,00,2,2,13,A01
200700075128,0,07,000,00,0,2,01,B02
200700075129,0,07,000,00,0,1,01,A01
200700075130,0,07,000,00,1,1,01,A01
200700075131,0,07,000,00,2,2,00,A01
200700075131,0,07,000,00,2,1,00,B02
200700075132,0,07,000,13,0,4,15,A01
200700075133,0,31,000,00,2,1,19,A01
200700075133,0,07,000,00,2,1,01,B02
200700075134,0,07,000,02,0,7,01,A01
200700075135,0,07,000,00,2,2,01,A01
200700075135,0,10,000,00,2,3,20,B02
200700075136,0,07,000,08,0,7,01,A01
200700075137,0,07,000,00,0,3,02,A01
200700075137,0,01,000,00,0,7,02,B02
200700075138,0,07,000,00,2,1,13,A01
200700075138,0,07,000,00,2,1,01,B02
200700075139,0,07,000,06,0,7,21,A01
200700075140,0,07,000,00,2,3,13,A01
200700075140,0,07,000,00,2,3,01,B02
200700075141,0,30,000,03,0,2,01,A01
200700075142,0,07,000,04,2,1,17,A01
200700075142,0,17,000,00,0,5,01,B02
200700075143,0,07,000,03,0,3,01,A01
200700075144,0,07,000,02,0,2,00,A01
200700075145,0,14,000,03,0,9,01,A01
200700075146,0,07,000,13,0,1,00,A01
200700075147,0,07,000,13,0,1,01,A01
200700075148,0,07,000,00,2,1,01,A01
200700075148,0,07,000,00,2,9,17,B02
200700075148,0,07,000,00,2,8,01,C03
200700075148,0,07,000,00,2,3,01,D04
200700075149,0,07,000,00,2,3,13,A01
200700075149,0,10,000,00,2,3,01,B02
200700075150,0,02,000,00,0,1,01,A01
200700075151,0,07,000,00,2,5,05,A01
200700075151,0,33,000,00,2,1,01,B02
200700075152,0,07,000,00,9,2,09,A01
200700075152,0,01,000,00,0,5,00,B02
200700075153,0,07,000,00,2,1,01,A01
200700075153,0,07,000,00,0,4,15,B02
200700075154,0,31,000,00,0,7,01,A01
200700075155,0,07,000,00,2,3,15,A01
200700075155,0,07,000,00,2,2,17,B02
200700075156,0,02,000,00,2,1,01,A01
200700075156,0,07,000,00,0,3,05,B02
200700075156,0,07,000,00,0,3,19,C03
200700075157,0,07,000,13,0,2,01,A01
200700075158,0,10,000,00,1,1,01,A01
200700075159,0,07,000,00,2,2,19,A01
200700075159,0,02,000,00,2,3,01,B02
200700075160,0,07,000,02,0,2,01,A01
200700075161,0,07,000,00,1,1,01,A01
200700075161,0,07,000,00,1,1,01,B02
200700075162,0,07,000,02,0,9,01,A01
200700075163,0,02,000,13,0,0,01,A01
200700075164,0,07,000,16,0,1,14,A01
200700075165,0,07,000,00,2,7,01,A01
200700075165,0,10,000,00,2,1,01,B02
200700075166,0,07,000,02,0,1,01,A01
200700075167,0,07,000,02,0,1,01,A01
200700075168,0,07,000,00,2,7,15,A01
200700075168,0,02,000,00,2,7,01,B02
200700075169,0,07,000,00,2,2,15,A01
200700075169,0,07,000,00,2,3,01,B02
200700075170,0,31,000,00,2,1,01,A01
200700075170,0,07,000,00,2,1,19,B02
200700075171,0,07,000,02,0,8,01,A01
200700075172,0,07,000,02,0,3,00,A01
200700075173,0,07,000,16,0,1,14,A01
200700075174,0,02,000,00,2,7,02,A01
200700075174,0,07,000,00,0,6,23,B02
200700075175,0,07,000,02,0,1,01,A01
200700075176,0,07,000,00,0,0,24,A01
200700075176,0,07,000,00,2,3,13,B02
200700075176,0,07,000,00,2,9,01,C03
200700075177,0,30,000,00,2,1,02,A01
200700075177,0,07,000,00,2,8,02,B02
200700075178,0,14,000,00,2,3,01,A01
200700075178,0,07,000,00,2,1,13,B02
200700075179,0,07,000,00,2,1,13,A01
200700075179,0,10,000,00,2,1,01,B02
200700075180,0,07,000,00,2,2,13,A01
200700075180,0,07,000,00,2,3,01,B02
200700075181,0,07,000,00,2,8,16,A01
200700075181,0,07,000,00,2,1,01,B02
200700075182,0,07,000,03,0,1,00,A01
200700075183,0,07,000,00,2,1,13,A01
200700075183,0,07,000,00,0,3,01,B02
200700075184,0,07,000,13,0,1,01,A01
200700075185,0,07,000,02,0,9,13,A01
200700075186,0,07,000,02,0,2,14,A01
200700075187,0,07,000,06,0,1,01,A01
200700075188,0,07,000,00,2,7,17,A01
200700075188,0,01,000,00,2,8,01,B02
200700075189,0,07,000,00,0,9,14,A01
200700075190,0,10,000,00,0,1,02,A01
200700075190,0,07,000,00,0,4,23,B02
200700075190,0,07,000,00,0,4,23,C03
200700075191,0,07,000,00,2,1,05,A01
200700075191,0,07,000,00,2,2,01,B02
200700075192,0,07,000,02,0,1,01,A01
200700075193,0,07,000,00,1,1,01,A01
200700075194,0,07,000,15,0,1,01,A01
200700075195,0,07,000,00,1,1,01,A01
200700075196,0,33,000,00,0,7,01,A01
200700075197,0,07,000,00,2,3,15,A01
200700075197,0,07,000,00,2,3,16,B02
200700075198,0,07,000,00,2,3,13,A01
200700075198,0,07,000,00,2,3,01,B02
200700075199,0,10,000,08,0,9,01,A01
200700075200,0,32,000,00,0,8,20,A01
200700075201,0,07,000,00,2,7,19,A01
200700075201,0,33,000,00,2,1,01,B02
200700075202,0,07,000,00,1,2,01,A01
200700075203,0,07,000,15,0,2,01,A01
200700075204,0,10,000,00,1,2,02,A01
200700075205,0,32,000,00,0,0,01,A01
200700075206,0,07,000,00,2,1,01,A01
200700075206,0,07,000,00,2,1,13,B02
200700075207,0,07,000,10,0,3,01,A01
200700075208,0,07,000,00,1,8,01,A01
200700075209,0,07,000,00,2,1,01,A01
200700075209,0,01,000,00,2,7,19,B02
200700075210,0,07,000,06,0,1,01,A01
200700075211,0,07,000,00,2,3,01,A01
200700075211,0,30,000,00,2,8,19,B02
200700075212,0,07,000,02,0,7,00,A01
200700075213,0,07,000,02,0,8,01,A01
200700075214,0,07,000,00,0,1,00,A01
200700075214,0,07,000,00,0,1,00,B02
200700075215,0,07,000,13,0,1,01,A01
200700075216,0,07,000,00,2,3,13,A01
200700075216,0,07,000,00,0,3,01,B02
200700075217,0,07,000,00,2,6,10,A01
200700075217,0,33,000,00,2,1,21,B02
200700075218,0,07,000,00,2,1,19,A01
200700075218,0,10,000,00,0,7,00,B02
200700075219,0,10,000,00,2,1,01,A01
200700075219,0,01,000,00,2,8,19,B02
200700075220,0,07,000,00,2,1,13,A01
200700075220,0,07,000,00,2,1,01,B02
200700075221,0,07,000,00,1,1,01,A01
200700075222,0,07,000,00,2,3,01,A01
200700075222,0,07,000,00,2,3,01,B02
200700075223,0,33,000,00,2,4,15,A01
200700075223,0,07,000,00,2,3,01,B02
200700075224,0,07,000,00,2,1,01,A01
200700075224,0,07,000,06,2,2,23,B02
200700075225,0,07,000,00,2,2,02,A01
200700075225,0,07,000,00,0,6,16,B02
200700075226,0,07,000,00,2,3,19,A01
200700075226,0,07,000,00,2,1,21,B02
200700075227,0,07,000,00,0,9,01,A01
200700075228,0,07,000,00,1,3,01,A01
200700075229,0,07,000,02,0,2,01,A01
200700075230,0,33,000,00,0,1,01,A01
200700075231,0,33,000,00,2,7,01,A01
200700075231,0,07,000,00,0,2,19,B02
200700075232,0,07,000,00,1,2,00,A01
200700075233,0,02,000,00,0,0,13,A01
200700075233,0,07,000,00,0,0,00,B02
200700075233,0,10,000,00,2,3,01,C03
200700075234,0,07,000,00,1,1,01,A01
200700075235,0,07,000,13,0,3,00,A01
200700075236,0,07,000,00,2,8,19,A01
200700075236,0,07,000,00,2,1,01,B02
200700075237,0,10,000,00,2,1,01,A01
200700075237,0,07,000,00,2,1,13,B02
200700075238,0,07,000,06,0,3,19,A01
200700075239,0,07,000,06,0,1,13,A01
200700075240,0,07,000,00,2,7,13,A01
200700075240,0,15,000,00,2,1,01,B02
200700075241,0,07,000,06,0,2,01,A01
200700075242,0,07,000,00,2,3,01,A01
200700075242,0,07,000,00,2,7,01,B02
200700075243,0,07,000,00,2,3,17,A01
200700075243,0,07,000,00,2,3,01,B02
200700075244,0,07,000,01,0,2,01,A01
200700075244,0,07,000,03,1,6,23,B02
200700075245,0,07,000,00,1,3,01,A01
200700075246,0,07,000,00,1,3,16,A01
200700075247,0,07,000,00,9,2,15,A01
200700075247,0,01,000,00,2,1,01,B02
200700075248,0,07,000,00,2,3,01,A01
200700075248,0,02,000,00,2,7,19,B02
200700075249,0,07,000,00,2,7,19,A01
200700075249,0,07,000,00,2,1,19,B02
200700075250,0,14,000,00,0,2,15,A01
200700075250,0,33,000,00,0,1,01,B02
200700075251,0,14,000,00,2,3,01,A01
200700075251,0,07,000,00,2,8,01,B02
200700075252,0,30,000,00,0,0,00,A01
200700075253,0,07,000,02,0,8,01,A01
200700075254,0,14,000,00,1,3,01,A01
200700075254,0,07,000,01,0,0,00,B02
200700075255,0,07,000,00,2,5,11,A01
200700075255,0,02,000,00,2,1,02,B02
200700075256,0,07,000,00,2,3,13,A01
200700075256,0,02,000,00,2,8,01,B02
200700075257,0,07,000,15,0,8,01,A01
200700075257,0,07,000,16,2,8,00,B02
200700075258,0,33,000,00,2,1,02,A01
200700075258,0,07,000,00,0,4,02,B02
200700075258,0,99,000,00,0,0,01,C03
200700075259,0,02,000,00,2,1,01,A01
200700075259,0,07,000,00,2,2,01,B02
200700075260,0,07,000,00,0,1,01,A01
200700075261,0,07,000,00,2,3,09,A01
200700075261,0,14,000,00,2,7,02,B02
200700075261,0,07,000,00,2,1,02,C03
200700075261,0,07,000,00,2,6,01,D04
200700075262,0,07,000,00,2,3,13,A01
200700075262,0,14,000,00,2,3,01,B02
200700075263,0,30,000,15,0,2,01,A01
200700075264,0,30,000,06,0,2,01,A01
200700075265,0,33,000,00,2,7,01,A01
200700075265,0,07,000,00,2,1,15,B02
200700075266,0,07,000,00,2,1,13,A01
200700075266,0,07,000,00,2,1,01,B02
200700075267,0,07,000,00,2,1,05,A01
200700075267,0,02,000,00,2,1,01,B02
200700075268,1,07,000,00,1,0,01,A01
200700075269,0,07,000,02,0,5,01,A01
200700075269,0,07,000,14,0,0,02,B02
200700075270,0,07,000,00,2,3,13,A01
200700075270,0,07,000,00,2,3,00,B02
200700075271,0,07,000,13,0,1,01,A01
200700075272,0,07,000,09,0,1,19,A01
200700075273,0,07,000,00,2,1,13,A01
200700075273,0,07,000,00,2,1,01,B02
200700075274,0,07,000,00,2,3,19,A01
200700075274,0,07,000,00,2,3,01,B02
200700075275,0,07,000,00,2,3,01,A01
200700075275,0,03,000,00,2,3,13,B02
200700075276,0,07,000,00,2,3,05,A01
200700075276,0,07,000,00,2,8,01,B02
200700075276,0,07,000,00,2,1,01,C03
200700075277,0,07,000,00,0,3,01,A01
200700075277,0,07,000,00,0,3,01,B02
200700075278,0,07,000,00,1,2,01,A01
200700075279,0,07,000,00,1,3,15,A01
200700075280,0,07,000,02,0,7,02,A01
200700075281,0,03,000,00,1,8,01,A01
200700075281,0,07,000,01,1,0,00,B02
200700075282,0,07,000,00,2,2,01,A01
200700075282,0,07,000,00,2,4,01,B02
200700075282,0,07,000,01,0,1,01,C03
200700075283,0,07,000,00,2,2,01,A01
200700075283,0,07,000,00,2,2,01,B02
200700075284,0,02,000,00,2,2,01,A01
200700075284,0,07,000,00,2,1,01,B02
200700075285,0,07,000,10,2,2,01,A01
200700075285,0,07,000,00,2,2,01,B02
200700075286,0,07,000,00,2,7,11,A01
200700075286,0,33,000,00,2,2,01,B02