Num_Acc,senc,catv,occutc,obs,obsm,choc,manv,num_veh
200700075287,0,07,000,02,0,1,01,A01
200700075288,0,02,000,00,5,2,21,A01
200700075289,0,07,000,00,0,0,14,A01
200700075290,0,07,000,00,2,6,01,A01
200700075290,0,02,000,00,2,1,01,B02
200700075291,0,07,000,00,2,3,00,A01
200700075291,0,07,000,00,2,3,00,B02
200700075292,0,07,000,10,0,3,01,A01
200700075293,0,10,000,00,1,1,01,A01
200700075294,0,07,000,02,0,1,14,A01
200700075295,0,07,000,00,0,9,01,A01
200700075296,0,07,000,13,0,1,00,A01
200700075297,0,07,000,01,2,1,15,A01
200700075297,0,07,000,00,2,3,01,B02
200700075298,0,17,000,06,0,8,13,A01
200700075299,0,33,000,00,0,0,01,A01
200700075300,0,07,000,00,2,3,15,A01
200700075300,0,31,000,00,2,1,17,B02
200700075301,0,07,000,02,0,1,01,A01
200700075302,0,07,000,13,0,8,01,A01
200700075303,0,07,000,00,2,3,01,A01
200700075303,0,07,000,00,2,3,17,B02
200700075304,0,07,000,00,2,1,01,A01
200700075304,0,07,000,00,0,7,19,B02
200700075305,0,10,000,00,2,1,13,A01
200700075305,0,10,000,00,2,1,01,B02
200700075306,0,07,000,08,0,7,01,A01
200700075307,0,07,000,00,2,1,01,A01
200700075307,0,07,000,00,0,3,01,B02
200700075308,0,07,000,00,2,3,01,A01
200700075308,0,07,000,00,2,2,06,B02
200700075309,0,07,000,02,0,3,01,A01
200700075310,0,10,000,00,2,1,16,A01
200700075310,0,07,000,00,2,2,01,B02
200700075311,0,07,000,04,2,1,13,A01
200700075311,0,07,000,04,2,8,01,B02
200700075311,0,07,000,00,2,2,01,C03
200700075312,0,07,000,00,2,1,13,A01
200700075312,0,07,000,00,2,1,01,B02
200700075312,0,07,000,00,2,1,01,C03
200700075313,0,07,000,00,0,3,13,A01
200700075314,0,07,000,00,1,3,01,A01
200700075315,0,07,000,00,1,1,01,A01
200700075316,0,02,000,00,2,1,01,A01
200700075316,0,07,000,00,2,3,09,B02
200700075317,0,07,000,00,2,4,01,A01
200700075317,0,10,000,00,2,9,00,B02
200700075317,0,07,000,00,2,1,01,C03
200700075318,0,07,000,11,2,9,14,A01
200700075318,0,07,000,00,0,4,24,B02
200700075318,0,07,000,00,0,6,23,C03
200700075319,0,07,000,06,0,7,00,A01
200700075320,0,07,000,00,2,2,17,A01
200700075320,0,07,000,00,2,2,01,B02
200700075321,0,30,000,00,2,7,01,A01
200700075321,0,07,000,00,2,1,19,B02
200700075322,0,07,000,00,2,1,13,A01
200700075322,0,07,000,00,2,8,01,B02
200700075322,0,07,000,14,0,1,01,C03
200700075322,0,15,000,00,2,5,23,D04
200700075323,0,33,000,00,2,1,01,A01
200700075323,0,07,000,00,2,3,19,B02
200700075324,0,07,000,00,2,1,10,A01
200700075324,0,07,000,00,2,1,10,B02
200700075325,0,07,000,15,0,2,14,A01
200700075326,0,07,000,00,2,7,11,A01
200700075326,0,30,000,00,2,1,01,B02
200700075327,0,07,000,00,2,3,13,A01
200700075327,0,07,000,00,2,1,01,B02
200700075328,0,07,000,02,0,1,01,A01
200700075329,0,07,000,00,2,3,01,A01
200700075329,0,07,000,00,2,3,01,B02
200700075330,0,07,000,06,0,1,01,A01
200700075331,0,07,000,00,2,1,01,A01
200700075331,0,07,000,00,2,7,00,B02
200700075332,0,07,000,16,0,9,01,A01
200700075332,0,07,000,00,0,0,00,B02
200700075333,0,07,000,00,2,1,01,A01
200700075333,0,07,000,00,2,7,13,B02
200700075334,0,07,000,13,0,1,01,A01
200700075335,0,07,000,13,0,1,01,A01
200700075336,0,33,000,08,0,0,01,A01
200700075337,0,07,000,00,2,1,05,A01
200700075337,0,07,000,00,2,1,01,B02
200700075338,0,07,000,00,2,5,13,A01
200700075338,0,15,000,00,2,6,14,B02
200700075339,0,07,000,00,0,3,01,A01
200700075339,0,07,000,00,2,3,01,B02
200700075340,0,07,000,00,2,8,10,A01
200700075340,0,07,000,00,2,1,01,B02
200700075341,0,07,000,00,2,9,05,A01
200700075341,0,07,000,00,2,8,01,B02
200700075341,0,07,000,00,2,8,01,C03
200700075341,0,07,000,00,2,1,01,D04
200700075342,0,07,000,00,0,3,15,A01
200700075342,0,02,000,00,0,1,17,B02
200700075343,0,07,000,00,2,4,23,A01
200700075343,0,15,000,14,0,1,02,B02
200700075344,0,07,000,00,2,2,15,A01
200700075344,0,07,000,00,2,1,01,B02
200700075345,0,07,000,06,0,1,01,A01
200700075346,0,07,000,00,2,3,13,A01
200700075346,0,07,000,00,2,3,01,B02
200700075347,0,07,000,06,0,5,01,A01
200700075348,0,07,000,08,0,1,01,A01
200700075349,0,10,000,00,2,6,01,A01
200700075349,0,10,000,00,2,6,01,B02
200700075349,0,10,000,00,2,1,00,C03
200700075349,0,07,000,00,2,3,23,D04
200700075350,0,07,000,00,2,1,02,A01
200700075350,0,21,000,00,2,8,15,B02
200700075351,0,02,000,00,2,1,15,A01
200700075351,0,07,000,00,2,2,01,B02
200700075352,0,07,000,00,0,6,02,A01
200700075352,0,33,000,00,2,7,02,B02
200700075353,0,07,000,16,0,9,00,A01
200700075354,0,07,000,00,9,2,15,A01
200700075354,0,01,000,00,2,8,15,B02
200700075355,0,10,000,00,2,1,13,A01
200700075355,0,10,000,00,2,1,21,B02
200700075356,0,07,000,00,2,3,01,A01
200700075356,0,07,000,00,2,1,13,B02
200700075357,0,07,000,00,2,1,13,A01
200700075357,0,07,000,00,2,1,01,B02
200700075358,0,07,000,15,0,3,01,A01
200700075359,0,10,000,00,1,2,01,A01
200700075360,0,07,000,00,0,1,01,A01
200700075360,0,30,000,00,0,8,16,B02
200700075361,0,07,000,13,6,9,13,A01
200700075362,0,07,000,00,2,1,01,A01
200700075362,0,07,000,00,2,1,01,B02
200700075363,0,07,000,02,0,7,17,A01
200700075364,0,07,000,00,1,3,01,A01
200700075365,0,10,000,00,2,7,13,A01
200700075365,0,10,000,00,2,1,01,B02
200700075366,0,07,000,02,0,1,13,A01
200700075367,0,07,000,02,0,3,17,A01
200700075368,0,03,000,00,2,3,13,A01
200700075368,0,07,000,00,2,3,01,B02
200700075369,0,07,000,00,2,1,13,A01
200700075369,0,07,000,00,0,1,01,B02
200700075370,0,07,000,00,2,6,13,A01
200700075370,0,07,000,00,0,0,00,B02
200700075371,0,07,000,00,1,1,01,A01
200700075372,0,07,000,00,0,9,01,A01
200700075373,0,07,000,00,2,7,01,A01
200700075373,0,07,000,00,2,1,01,B02
200700075374,0,07,000,00,1,1,15,A01
200700075375,0,07,000,06,0,1,05,A01
200700075376,0,07,000,00,1,2,01,A01
200700075377,0,07,000,00,0,8,22,A01
200700075377,0,30,000,01,0,1,17,B02
200700075378,0,07,000,00,2,1,00,A01
200700075378,0,07,000,00,2,1,17,B02
200700075378,0,38,000,00,2,6,01,C03
200700075379,0,07,000,02,0,3,13,A01
200700075380,0,38,000,00,2,1,00,A01
200700075380,0,07,000,00,2,1,00,B02
200700075381,0,07,000,08,0,3,01,A01
200700075382,0,07,000,00,2,1,01,A01
200700075382,0,07,000,00,2,8,19,B02
200700075383,0,07,000,00,2,1,17,A01
200700075383,0,07,000,00,2,8,15,B02
200700075384,0,07,000,13,0,3,01,A01
200700075384,0,13,000,00,0,2,01,B02
200700075385,0,31,000,00,2,3,18,A01
200700075385,0,07,000,00,2,5,01,B02
200700075386,0,07,000,00,1,1,01,A01
200700075387,0,07,000,06,0,3,01,A01
200700075388,0,07,000,00,1,8,01,A01
200700075389,0,07,000,00,2,1,01,A01
200700075389,0,07,000,00,2,1,01,B02
200700075389,0,07,000,00,2,1,01,C03
200700075390,0,07,000,08,2,3,21,A01
200700075390,0,07,000,00,2,3,01,B02
200700075391,0,07,000,00,9,3,15,A01
200700075391,0,30,000,00,2,5,01,B02
200700075392,0,07,000,06,0,1,14,A01
200700075393,0,07,000,00,2,1,01,A01
200700075393,0,10,000,00,2,2,01,B02
200700075394,0,07,000,00,1,4,20,A01
200700075395,0,07,000,00,1,1,01,A01
200700075396,0,07,000,00,2,3,13,A01
200700075396,0,07,000,00,2,3,01,B02
200700075396,0,10,000,00,2,1,01,C03
200700075397,0,07,000,15,0,1,01,A01
200700075398,0,02,000,00,2,1,01,B02
200700075398,0,07,000,00,2,8,19,A01
200700075399,0,07,000,00,2,3,13,A01
200700075399,0,14,000,03,2,3,01,B02
200700075399,0,07,000,00,2,2,21,C03
200700075400,0,05,000,00,2,1,13,A01
200700075400,0,07,000,00,2,3,01,B02
200700075401,0,07,000,00,2,1,15,A01
200700075401,0,01,000,00,2,8,01,B02
200700075402,0,07,000,00,2,7,17,A01
200700075402,0,07,000,00,2,1,01,B02
200700075403,0,07,000,00,2,1,05,A01
200700075403,0,07,000,00,2,1,01,B02
200700075403,0,07,000,00,2,3,13,C03
200700075404,0,07,000,00,2,5,01,A01
200700075404,0,10,000,00,2,2,01,B02
200700075405,0,07,000,03,0,7,01,A01
200700075406,0,07,000,00,2,2,17,A01
200700075406,0,07,000,00,2,2,01,B02
200700075407,0,07,000,08,0,8,01,A01
200700075408,0,07,000,00,1,2,01,A01
200700075409,0,07,000,00,0,1,01,A01
200700075410,0,33,000,00,2,8,13,A01
200700075410,0,07,000,00,2,8,01,B02
200700075411,0,10,000,06,0,3,01,A01
200700075412,0,02,000,00,2,1,01,A01
200700075413,0,30,000,14,0,1,13,A01
200700075413,0,01,000,14,0,1,01,B02
200700075414,0,07,000,00,2,5,01,A01
200700075414,0,07,000,00,2,1,01,B02
200700075415,0,07,000,00,2,7,13,A01
200700075415,0,17,000,00,2,1,01,B02
200700075415,0,07,000,00,0,0,20,C03
200700075416,0,07,000,06,2,1,01,A01
200700075416,0,37,000,00,2,1,01,B02
200700075417,0,14,000,13,0,7,01,A01
200700075418,0,02,000,00,2,8,19,B02
200700075418,0,07,000,00,2,2,01,A01
200700075419,0,07,000,08,0,1,01,A01
200700075420,0,07,000,00,2,8,15,A01
200700075420,0,07,000,00,2,1,01,B02
200700075421,0,07,000,01,0,6,14,A01
200700075421,0,15,000,00,0,6,24,B02
200700075422,0,10,000,00,2,3,01,A01
200700075422,0,07,000,00,2,3,13,B02
200700075423,0,07,000,08,0,1,15,A01
200700075424,0,07,000,13,0,1,01,A01
200700075425,0,07,000,08,0,1,01,A01
200700075426,0,07,000,00,2,1,01,A01
200700075426,0,17,000,00,2,6,10,B02
200700075427,0,07,000,00,1,1,01,A01
200700075428,0,07,000,13,0,1,01,A01
200700075429,0,07,000,06,0,1,01,A01
200700075430,0,07,000,04,0,3,01,A01
200700075431,0,07,000,00,2,1,01,A01
200700075431,0,07,000,00,2,4,15,B02
200700075431,0,07,000,00,2,1,01,C03
200700075432,0,07,000,08,0,2,01,A01
200700075433,0,07,000,00,0,1,20,A01
200700075434,0,17,000,00,1,1,01,A01
200700075435,0,15,000,00,9,7,06,A01
200700075435,0,07,000,00,2,1,01,B02
200700075436,0,07,000,00,2,3,13,A01
200700075436,0,17,000,00,2,3,01,B02
200700075437,0,10,000,00,0,0,13,A01
200700075437,0,31,000,00,2,0,01,B02
200700075438,0,21,000,00,2,1,05,A01
200700075438,0,07,000,00,0,2,21,B02
200700075439,0,10,000,02,0,9,01,A01
200700075440,0,14,000,00,2,3,01,A01
200700075440,0,07,000,00,9,4,13,B02
200700075441,0,10,000,13,0,1,01,A01
200700075442,0,07,000,00,2,1,01,A01
200700075442,0,14,000,00,2,5,19,B02
200700075443,0,07,000,00,2,7,13,A01
200700075443,0,10,000,00,2,1,00,B02
200700075444,0,07,000,06,0,1,00,A01
200700075445,0,10,000,00,2,4,04,A01
200700075445,0,07,000,00,2,8,01,B02
200700075446,0,07,000,00,1,1,15,A01
200700075447,0,07,000,13,0,2,01,A01
200700075448,0,07,000,00,2,1,00,B02
200700075448,0,02,000,00,2,1,00,A01
200700075449,0,10,000,00,2,1,01,A01
200700075449,0,07,000,00,2,1,01,B02
200700075450,0,07,000,00,2,3,19,A01
200700075450,0,10,000,00,2,1,01,B02
200700075451,0,07,000,00,2,7,01,A01
200700075452,0,02,000,00,2,1,18,A01
200700075452,0,07,000,00,2,5,01,B02
200700075453,0,30,000,15,0,1,20,A01
200700075454,0,07,000,00,2,1,13,A01
200700075454,0,07,000,00,2,1,01,B02
200700075455,0,07,000,00,2,8,13,A01
200700075455,0,02,000,00,2,1,01,B02
200700075456,0,07,000,00,0,4,02,A01
200700075456,0,07,000,00,2,1,02,B02
200700075457,0,07,000,00,2,1,02,A01
200700075457,0,17,000,00,2,4,02,B02
200700075458,0,07,000,03,0,8,01,A01
200700075459,0,07,000,00,2,4,01,A01
200700075459,0,17,000,00,2,3,01,B02
200700075460,0,07,000,00,2,2,01,A01
200700075460,0,07,000,00,0,7,19,B02
200700075461,0,07,000,00,2,1,01,A01
200700075461,0,07,000,00,2,1,01,B02
200700075462,0,33,000,12,0,1,01,A01
200700075463,0,07,000,00,2,1,13,A01
200700075463,0,07,000,00,2,1,01,B02
200700075464,0,07,000,00,2,1,17,A01
200700075464,0,07,000,00,0,1,01,B02
200700075465,0,07,000,00,1,3,01,A01
200700075466,0,10,000,00,1,1,01,A01
200700075467,0,07,000,02,0,1,00,A01
200700075468,0,07,000,00,1,1,01,A01
200700075469,0,07,000,00,1,3,01,A01
200700075470,0,07,000,00,1,2,01,A01
200700075471,0,07,000,00,2,7,17,A01
200700075471,0,07,000,00,2,3,15,B02
200700075472,0,07,000,00,1,8,01,A01
200700075473,0,07,000,00,1,1,01,A01
200700075474,0,07,000,10,0,8,01,A01
200700075475,0,07,000,00,2,1,17,A01
200700075475,0,07,000,00,2,1,01,B02
200700075476,0,07,000,00,1,2,01,A01
200700075477,0,07,000,02,0,2,01,A01
200700075478,0,07,000,00,2,2,13,A01
200700075478,0,07,000,00,2,3,01,B02
200700075479,0,10,000,00,1,3,00,A01
200700075480,0,30,000,00,2,3,01,A01
200700075480,1,07,000,00,2,1,15,B02
200700075481,0,07,000,00,2,1,01,A01
200700075481,0,07,000,00,0,4,01,B02
200700075482,0,07,000,00,2,2,13,A01
200700075482,0,07,000,00,2,1,01,B02
200700075483,0,10,000,00,0,3,13,A01
200700075484,0,07,000,02,0,1,01,A01
200700075485,0,07,000,06,0,2,01,A01
200700075486,0,07,000,00,2,7,15,A01
200700075486,0,30,000,00,2,1,01,B02
200700075487,0,10,000,00,2,1,19,A01
200700075487,0,30,000,00,2,1,01,B02
200700075488,0,15,000,00,0,4,00,A01
200700075488,0,15,000,00,0,1,01,B02
200700075489,0,07,000,00,1,2,15,A01
200700075490,0,07,000,02,0,1,00,A01
200700075491,0,20,000,00,2,0,24,A01
200700075491,0,13,000,01,0,1,01,B02
200700075492,0,07,000,13,0,0,13,A01
200700075492,0,07,000,13,0,0,01,B02
200700075493,0,07,000,00,0,1,13,A01
200700075493,0,14,000,00,0,1,00,B02
200700075494,0,07,000,13,0,1,01,A01
200700075495,0,07,000,08,0,2,01,A01
200700075496,0,07,000,00,1,1,01,A01
200700075497,0,07,000,13,0,2,01,A01
200700075498,0,07,000,00,2,3,05,A01
200700075498,0,07,000,00,2,3,01,B02
200700075499,0,07,000,00,2,1,13,A01
200700075499,0,07,000,00,2,1,01,B02
200700075499,0,07,000,00,2,1,01,C03
200700075500,0,10,000,00,0,6,14,A01
200700075501,0,07,000,00,1,2,01,A01
200700075501,0,99,000,00,2,6,01,B02
200700075502,0,07,000,00,2,1,01,A01
200700075502,0,07,000,00,2,1,01,B02
200700075503,0,07,000,02,0,1,01,A01
200700075504,0,07,000,13,0,9,01,A01
200700075505,0,07,000,00,1,1,01,A01
200700075506,0,07,000,13,0,1,01,A01
200700075507,0,07,000,13,0,1,01,A01
200700075508,0,07,000,00,2,3,01,A01
200700075508,0,07,000,00,2,1,01,B02
200700075509,0,07,000,00,2,1,01,A01
200700075509,0,07,000,00,2,8,15,B02
200700075510,0,07,000,00,1,7,01,A01
200700075511,0,07,000,06,0,1,01,A01
200700075512,0,99,000,13,0,2,14,A01
200700075513,0,31,000,08,0,1,01,A01
200700075514,0,30,000,02,0,1,01,A01
200700075515,0,07,000,00,0,0,00,A01
200700075515,0,39,000,00,2,2,01,B02
200700075516,0,33,000,00,2,1,13,A01
200700075516,0,21,000,00,2,8,01,B02
200700075517,0,07,000,00,2,5,15,A01
200700075517,0,31,000,00,2,1,01,B02
200700075518,0,02,000,00,1,1,01,A01
200700075519,0,07,000,00,1,1,00,A01
200700075520,0,07,000,03,0,3,17,A01
200700075520,0,07,000,01,0,2,00,B02
200700075521,0,07,000,00,2,7,01,A01
200700075521,0,07,000,00,2,1,01,B02
200700075522,0,07,000,00,2,1,01,A01
200700075522,0,07,000,00,2,3,01,B02
200700075523,0,13,000,00,1,3,01,A01
200700075524,0,07,000,02,0,3,01,A01
200700075525,0,07,000,03,0,3,01,A01
200700075526,0,07,000,00,1,7,01,A01
200700075527,0,07,000,00,2,8,01,A01
200700075527,0,10,000,03,2,3,05,B02
200700075528,0,07,000,08,0,1,01,A01
200700075529,0,07,000,02,0,9,19,A01
200700075530,0,07,000,13,0,2,14,A01
200700075531,0,10,000,00,2,2,15,A01
200700075531,0,02,000,00,2,1,01,B02
200700075532,0,07,000,00,2,3,01,A01
200700075532,0,07,000,00,2,3,13,B02
200700075533,0,07,000,04,0,1,01,A01
200700075534,0,07,000,02,0,0,01,A01
200700075535,0,07,000,00,2,1,09,A01
200700075535,0,02,000,00,2,8,01,B02
200700075536,0,31,000,01,0,1,01,A01
200700075536,0,07,000,01,0,0,23,B02
200700075537,0,07,000,03,2,3,01,A01
200700075537,0,14,000,03,2,3,01,B02
200700075537,0,07,000,03,2,1,02,C03
200700075538,0,07,000,00,1,4,01,A01
200700075538,0,07,000,00,2,1,01,B02
200700075539,0,15,000,00,2,6,13,A01
200700075539,0,14,000,00,2,1,01,B02
200700075540,0,17,000,00,0,0,19,A01
200700075540,0,07,000,00,2,1,01,C03
200700075541,0,07,000,02,0,1,01,A01
200700075542,0,07,000,02,0,2,00,A01
200700075543,0,07,000,00,2,1,15,A01
200700075543,0,30,000,00,2,1,01,B02
200700075544,0,33,000,09,0,8,01,A01
200700075545,0,07,000,00,2,8,01,A01
200700075545,0,07,000,00,2,1,01,B02
200700075546,0,07,000,06,0,3,01,A01
200700075547,0,10,000,00,2,1,19,B02
200700075547,0,30,000,00,2,7,01,A01
200700075548,0,10,000,00,1,4,04,A01
200700075549,0,07,000,13,2,1,19,A01
200700075549,0,10,000,00,2,1,01,B02
200700075550,0,07,000,06,0,1,14,A01
200700075551,0,07,000,08,0,1,01,A01
200700075552,0,07,000,02,0,3,01,A01
200700075553,0,07,000,00,2,3,01,A01
200700075553,0,15,000,00,2,6,15,B02
200700075554,0,07,000,00,1,4,23,A01
200700075555,0,07,000,00,2,2,15,A01
200700075555,0,02,000,00,2,1,01,B02
200700075556,0,17,000,00,2,3,01,A01
200700075556,0,07,000,00,2,3,13,B02
200700075557,0,33,000,00,2,3,01,A01
200700075557,0,07,000,00,2,7,15,B02
200700075558,0,07,000,00,2,3,13,A01
200700075558,0,07,000,00,2,3,01,B02
200700075558,0,07,000,00,2,8,01,C03
200700075559,0,07,000,00,2,3,13,A01
200700075559,0,07,000,00,2,3,01,B02
200700075560,0,07,000,02,0,7,01,A01
200700075561,0,07,000,00,2,1,15,A01
200700075561,0,10,000,00,2,3,01,B02
200700075562,0,07,000,00,1,3,01,A01
200700075563,0,07,000,00,1,2,01,A01
200700075564,0,07,000,00,2,1,19,B02
200700075564,0,07,000,00,2,8,01,A01
200700075565,0,10,000,00,2,1,02,A01
200700075565,0,07,000,00,0,4,01,B02
200700075566,0,07,000,13,0,9,01,A01
200700075567,0,07,000,00,2,1,01,A01
200700075567,0,07,000,00,2,1,17,B02
200700075568,0,07,000,00,2,2,01,A01
200700075568,0,07,000,00,2,1,01,B02
200700075569,0,17,000,00,2,1,01,A01
200700075569,0,14,000,00,2,3,19,B02
200700075570,0,07,000,00,2,2,20,A01
200700075570,0,01,000,00,2,1,01,B02
200700075571,0,07,000,02,0,8,01,A01
200700075572,0,07,000,00,2,5,01,A01
200700075572,0,07,000,00,2,3,01,B02
200700075573,0,07,000,08,0,2,01,A01
200700075574,0,33,000,00,2,1,01,A01
200700075574,0,01,000,00,0,4,01,B02
200700075575,0,07,000,00,2,1,01,A01
200700075575,0,35,000,00,2,8,09,B02
200700075576,0,10,000,00,1,3,01,A01
200700075577,0,07,000,00,1,3,01,A01
200700075578,0,07,000,00,0,3,09,A01
200700075578,0,02,000,00,0,1,01,B02
200700075579,0,07,000,06,0,2,13,A01
200700075580,0,07,000,13,0,9,13,A01
200700075581,0,07,000,00,2,3,15,A01
200700075581,0,07,000,00,2,1,02,B02
200700075582,0,07,000,16,0,1,01,A01
200700075583,0,07,000,00,0,2,13,A01
200700075583,0,07,000,00,0,2,01,B02
200700075584,0,07,000,00,2,7,01,A01
200700075584,0,30,000,00,2,1,01,B02
200700075585,0,07,000,00,2,3,01,A01
200700075585,0,07,000,00,2,3,01,B02
200700075585,0,07,000,00,2,1,19,C03
200700075586,0,02,000,00,2,1,01,A01
200700075586,0,07,000,00,2,2,01,B02
200700075587,0,07,000,02,0,1,01,A01
200700075588,0,07,000,00,2,3,13,A01
200700075588,0,07,000,00,2,3,01,B02
200700075589,0,07,000,01,0,1,02,A01
200700075590,0,07,000,13,0,2,02,A01
200700075591,0,07,000,00,1,7,01,A01
200700075592,0,07,000,00,1,2,16,A01
200700075593,0,07,000,13,0,9,01,A01
200700075594,0,07,000,02,0,3,00,A01
200700075595,0,07,000,00,2,2,01,A01
200700075595,0,02,000,00,2,3,09,B02
200700075596,0,07,000,02,0,0,01,A01
200700075597,0,07,000,00,0,9,01,A01
200700075598,0,07,000,13,0,3,01,A01
200700075599,0,07,000,00,2,6,19,A01
200700075599,0,31,000,00,2,1,01,B02
200700075600,0,07,000,00,1,1,01,A01
200700075601,0,07,000,02,0,2,00,A01
200700075602,0,07,000,00,2,6,01,A01
200700075602,0,10,000,00,2,1,01,B02
200700075603,0,07,000,02,0,1,14,A01
200700075604,0,07,000,02,0,5,01,A01
200700075605,0,07,000,00,9,3,01,A01
200700075605,0,01,000,00,2,1,01,B02
200700075606,0,03,000,00,0,0,10,A01
200700075606,0,07,000,00,2,3,21,B02
200700075606,0,07,000,00,2,3,01,C03
200700075607,0,03,000,02,0,9,13,A01
200700075608,0,07,000,02,0,7,01,A01
200700075609,0,07,000,02,0,1,01,A01
200700075610,0,07,000,00,2,1,02,A01
200700075610,0,07,000,00,2,4,01,B02
200700075611,0,07,000,02,0,0,01,A01
200700075612,0,07,000,13,0,2,01,A01
200700075613,0,07,000,13,0,6,01,A01
200700075614,0,07,000,00,2,1,17,A01
200700075614,0,07,000,00,2,3,01,B02
200700075614,0,07,000,00,2,1,01,C03
200700075615,0,07,000,01,1,1,13,A01
200700075615,0,07,000,00,2,1,24,B02
200700075616,0,31,000,00,0,0,00,A01
200700075617,0,07,000,00,0,3,00,A01
200700075617,0,03,000,00,1,1,02,B02
200700075618,0,10,000,04,0,1,01,A01
200700075619,0,07,000,06,0,1,01,A01
200700075620,0,07,000,00,2,1,02,A01
200700075620,0,07,000,00,2,4,02,B02
200700075621,0,07,000,04,0,3,21,A01
200700075622,0,07,000,14,0,1,21,A01
200700075622,0,17,000,00,0,4,23,B02
200700075623,0,17,000,00,2,4,23,A01
200700075623,0,07,000,14,0,1,21,B02
200700075623,0,17,000,00,2,4,23,C03
200700075623,0,07,000,14,0,1,21,D04
200700075624,0,07,000,00,2,1,13,A01
200700075624,0,07,000,00,2,3,01,B02
200700075625,0,07,000,00,0,1,00,A01
200700075625,0,07,000,00,0,8,15,B02
200700075626,0,07,000,00,0,8,15,A01
200700075626,0,33,000,00,0,7,17,B02
200700075627,0,07,000,00,2,3,19,A01
200700075627,0,07,000,00,9,7,01,B02
200700075628,0,02,000,00,2,1,01,A01
200700075628,0,07,000,00,2,3,01,B02
200700075629,0,07,000,06,2,1,19,A01
200700075629,0,07,000,00,2,1,01,B02
200700075630,0,07,000,00,2,2,00,A01
200700075631,0,07,000,00,1,2,01,A01
200700075632,0,07,000,00,0,3,01,A01
200700075632,0,32,000,00,0,1,00,B02
200700075633,0,07,000,06,0,1,01,A01
200700075634,0,07,000,13,0,9,00,A01
200700075635,0,07,000,01,0,3,13,A01
200700075636,0,10,000,05,0,7,01,A01
200700075637,0,07,000,00,2,1,17,A01
200700075637,0,07,000,00,2,1,09,B02
200700075638,0,07,000,00,2,3,05,A01
200700075638,0,10,000,00,2,5,01,B02
200700075639,0,30,000,00,0,3,01,A01
200700075640,0,07,000,02,0,1,14,A01
200700075641,0,07,000,00,1,2,01,A01
200700075642,0,07,000,00,1,2,01,A01
200700075643,0,07,000,06,0,1,01,A01
200700075644,0,07,000,00,0,9,01,A01
200700075645,0,07,000,00,2,3,17,A01
200700075645,0,07,000,00,2,3,01,B02
200700075646,0,10,000,02,0,1,01,A01
200700075647,0,07,000,16,0,1,13,A01
200700075648,0,07,000,13,0,8,01,A01
200700075649,0,07,000,06,0,2,14,A01
200700075650,0,15,000,00,2,2,01,B02
200700075650,0,10,000,03,2,5,19,A01
200700075651,0,10,000,00,0,3,01,A01
200700075652,0,07,000,02,0,2,00,A01
200700075653,0,07,000,00,2,3,15,A01
200700075653,0,01,000,00,2,1,15,B02
200700075654,0,10,000,00,2,1,13,A01
200700075654,0,07,000,00,2,3,01,B02
200700075655,0,07,000,03,2,1,01,A01
200700075655,0,07,000,00,0,2,01,B02
200700075656,0,07,000,00,1,3,01,A01
200700075657,0,07,000,00,1,2,01,A01
200700075658,0,10,000,00,2,3,13,A01
200700075658,0,10,000,00,2,3,01,B02
200700075659,0,07,000,00,6,2,21,A01
200700075659,0,07,000,00,2,6,02,B02
200700075659,0,07,000,00,2,2,02,C03
200700075660,0,07,000,00,1,3,01,A01
200700075661,0,07,000,00,2,1,15,A01
200700075661,0,07,000,00,2,1,01,B02
200700075662,0,07,000,13,0,3,13,A01
200700075663,0,10,000,00,0,1,01,A01
200700075664,0,10,000,13,0,2,14,A01
200700075665,0,07,000,00,2,1,09,A01
200700075665,0,02,000,00,2,4,01,B02
200700075666,0,07,000,13,0,3,01,A01
200700075667,0,07,000,06,0,1,14,A01
200700075668,0,07,000,02,0,3,01,A01
200700075669,0,10,000,13,0,8,13,A01
200700075670,0,07,000,00,1,3,01,A01
200700075671,0,07,000,10,0,1,01,A01
200700075672,0,07,000,13,0,0,21,A01
200700075673,0,07,000,08,0,3,01,A01
200700075674,0,07,000,00,1,1,01,A01
200700075675,0,07,000,00,2,1,17,A01
200700075675,0,30,000,00,2,3,01,B02
200700075676,0,20,000,00,0,0,01,A01
200700075677,0,07,000,00,0,8,24,A01
200700075677,0,07,000,01,2,3,21,B02
200700075677,0,07,000,00,2,3,17,C03
200700075678,0,07,000,00,2,0,21,A01
200700075679,0,07,000,00,2,3,15,A01
200700075679,0,33,000,00,2,7,02,B02
200700075680,0,07,000,00,2,7,01,A01
200700075680,0,07,000,00,2,1,01,B02
200700075681,0,07,000,13,0,9,01,A01
200700075682,0,30,000,12,0,2,01,A01
200700075683,0,07,000,02,0,1,01,A01
200700075684,0,07,000,13,0,1,01,A01
200700075685,0,07,000,02,0,1,00,A01
200700075686,0,07,000,06,0,1,01,A01
200700075687,0,07,000,13,0,1,01,A01
200700075688,0,07,000,13,0,2,01,A01
200700075689,0,07,000,00,0,0,16,A01
200700075689,0,07,000,00,0,0,21,B02
200700075690,0,07,000,13,0,2,01,A01
200700075691,0,07,000,00,2,2,01,A01
200700075691,0,07,000,00,2,1,01,B02
200700075692,0,07,000,02,0,2,00,A01
200700075693,0,07,000,13,0,2,01,A01