Num_Acc,senc,catv,occutc,obs,obsm,choc,manv,num_veh
200700075694,0,07,000,03,2,1,13,A01
200700075694,0,07,000,00,2,1,01,B02
200700075695,0,07,000,00,2,2,13,A01
200700075695,0,07,000,00,2,3,01,B02
200700075696,0,99,000,00,2,1,01,A01
200700075696,0,99,000,00,2,4,01,B02
200700075696,0,99,000,00,2,6,01,C03
200700075696,0,99,000,00,2,4,01,D04
200700075697,0,07,000,00,2,1,02,A01
200700075697,0,07,000,00,0,4,02,B02
200700075698,0,10,000,00,1,2,01,A01
200700075699,0,07,000,00,2,1,03,A01
200700075699,0,07,000,00,2,1,01,B02
200700075700,0,07,000,02,0,3,01,A01
200700075701,0,07,000,02,0,8,01,A01
200700075702,0,07,000,00,2,1,17,A01
200700075702,0,07,000,00,2,1,01,B02
200700075703,0,07,000,02,0,7,02,A01
200700075704,0,07,000,00,0,1,01,A01
200700075705,0,07,000,00,1,1,01,A01
200700075706,0,07,000,00,2,3,13,A01
200700075706,0,07,000,00,2,3,01,B02
200700075706,0,07,000,00,9,3,01,C03
200700075707,0,07,000,00,2,5,01,A01
200700075707,0,17,000,00,2,2,01,B02
200700075708,0,07,000,00,2,8,13,A01
200700075708,0,07,000,00,2,1,01,B02
200700075709,0,07,000,00,2,1,01,A01
200700075709,0,07,000,00,2,1,13,B02
200700075709,0,07,000,00,2,2,02,C03
200700075710,0,01,000,00,2,1,15,A01
200700075710,0,07,000,00,9,2,01,B02
200700075711,0,30,000,00,2,8,19,A01
200700075711,0,10,000,00,2,1,13,B02
200700075712,0,33,000,00,2,3,13,A01
200700075712,0,17,000,00,2,3,01,B02
200700075713,0,07,000,00,2,1,01,A01
200700075713,0,07,000,00,2,1,13,B02
200700075714,0,07,000,03,0,2,01,A01
200700075715,0,07,000,00,2,4,13,A01
200700075715,0,07,000,00,2,1,01,B02
200700075716,0,07,000,00,2,9,05,A01
200700075716,0,14,000,00,2,1,01,B02
200700075717,0,07,000,02,0,1,13,A01
200700075718,0,07,000,00,2,1,13,A01
200700075718,0,20,000,00,2,1,01,B02
200700075719,0,07,000,00,2,3,13,A01
200700075719,0,07,000,00,2,3,01,B02
200700075720,0,07,000,13,0,1,00,A01
200700075721,0,07,000,00,2,3,01,A01
200700075721,0,07,000,00,2,6,01,B02
200700075722,0,07,000,00,1,5,02,A01
200700075723,0,07,000,13,0,1,01,A01
200700075724,0,07,000,00,2,8,01,A01
200700075724,0,07,000,00,2,1,01,B02
200700075725,0,07,000,00,0,3,21,A01
200700075726,0,07,000,00,2,1,17,A01
200700075726,0,07,000,00,2,1,01,B02
200700075727,0,07,000,02,0,1,01,A01
200700075728,0,07,000,15,0,3,13,A01
200700075729,0,07,000,00,2,7,01,A01
200700075729,0,07,000,00,2,1,01,B02
200700075730,0,07,000,00,2,2,01,A01
200700075730,0,07,000,00,2,1,01,B02
200700075731,0,17,000,04,0,0,00,A01
200700075732,0,07,000,03,0,1,17,A01
200700075733,0,07,000,03,0,2,14,A01
200700075733,0,07,000,00,2,1,02,B02
200700075734,0,07,000,00,2,1,13,A01
200700075734,0,07,000,00,2,1,01,B02
200700075735,0,07,000,00,2,3,11,A01
200700075735,0,07,000,00,2,3,01,B02
200700075736,0,10,000,00,9,9,01,A01
200700075737,0,07,000,00,2,3,01,A01
200700075737,0,07,000,00,2,3,13,B02
200700075738,0,14,000,00,2,2,17,A01
200700075738,0,07,000,00,2,8,15,B02
200700075739,0,15,000,00,2,1,13,A01
200700075739,0,07,000,00,2,6,01,B02
200700075739,0,07,000,00,2,1,01,C03
200700075740,0,07,000,00,2,1,17,A01
200700075740,0,07,000,00,0,4,01,B02
200700075741,0,33,000,00,2,7,17,A01
200700075741,0,14,000,00,2,8,15,B02
200700075742,0,07,000,00,1,8,14,A01
200700075743,0,07,000,00,2,1,13,A01
200700075743,0,07,000,00,0,1,01,B02
200700075744,0,07,000,02,0,3,13,A01
200700075745,0,30,000,00,2,7,19,A01
200700075745,0,07,000,00,2,1,01,B02
200700075746,0,07,000,02,0,7,13,A01
200700075747,0,07,000,00,2,7,01,A01
200700075747,0,10,000,00,2,8,01,B02
200700075748,0,10,000,00,1,4,20,A01
200700075749,0,07,000,00,2,3,10,A01
200700075749,0,02,000,00,2,2,01,B02
200700075750,0,16,000,00,0,0,01,A01
200700075750,0,07,000,00,9,1,01,B02
200700075751,0,10,000,00,2,2,01,A01
200700075751,0,07,000,00,2,3,01,B02
200700075751,0,07,000,00,9,1,01,C03
200700075751,0,07,000,14,0,1,01,D04
200700075752,0,07,000,06,0,2,01,A01
200700075753,0,07,000,13,0,2,01,A01
200700075754,0,07,000,00,1,3,01,A01
200700075755,0,07,000,00,2,1,13,A01
200700075755,0,07,000,00,2,1,01,B02
200700075756,0,07,000,00,0,9,13,A01
200700075757,0,07,000,06,1,0,01,A01
200700075758,0,07,000,00,0,1,01,A01
200700075759,0,07,000,00,2,1,01,A01
200700075759,0,07,000,00,2,3,05,B02
200700075760,0,07,000,00,2,1,01,A01
200700075760,0,07,000,00,2,2,15,B02
200700075761,0,07,000,00,1,7,01,A01
200700075762,0,07,000,00,0,2,01,A01
200700075763,0,10,000,00,2,3,01,A01
200700075763,0,13,000,00,2,3,01,B02
200700075764,0,07,000,00,0,8,01,A01
200700075765,0,10,000,15,0,3,01,A01
200700075766,0,07,000,03,0,3,13,A01
200700075767,0,07,000,02,0,1,16,A01
200700075768,0,30,000,00,2,1,19,A01
200700075768,0,07,000,00,0,8,01,B02
200700075769,0,33,000,00,2,2,02,A01
200700075770,0,07,000,00,0,4,00,A01
200700075770,0,07,000,00,0,1,01,B02
200700075771,0,07,000,00,0,1,01,A01
200700075772,0,30,000,06,0,7,00,A01
200700075773,0,30,000,03,0,8,01,A01
200700075774,0,07,000,06,0,2,14,A01
200700075774,0,07,000,00,2,2,01,B02
200700075775,0,33,000,05,0,6,01,A01
200700075776,0,10,000,13,0,3,00,A01
200700075777,0,07,000,13,0,1,01,A01
200700075778,0,07,000,06,0,1,13,A01
200700075779,0,07,000,00,2,8,19,A01
200700075779,0,07,000,00,2,1,01,B02
200700075780,0,07,000,02,0,9,02,A01
200700075781,0,07,000,00,2,2,15,A01
200700075781,0,02,000,00,2,1,01,B02
200700075782,0,07,000,13,0,1,21,A01
200700075783,0,07,000,00,2,3,13,A01
200700075783,0,07,000,00,2,3,01,B02
200700075784,0,07,000,08,0,7,13,A01
200700075785,0,10,000,00,2,3,15,A01
200700075785,0,07,000,00,2,2,17,B02
200700075786,0,07,000,00,2,7,15,A01
200700075786,0,07,000,00,2,1,01,B02
200700075787,0,07,000,00,2,3,01,B02
200700075787,0,07,000,00,2,2,01,A01
200700075788,0,07,000,14,0,2,00,A01
200700075789,0,10,000,00,1,2,16,A01
200700075790,0,07,000,00,2,2,17,A01
200700075790,0,30,000,00,2,9,13,B02
200700075791,0,07,000,00,2,1,13,A01
200700075791,0,07,000,00,2,1,01,B02
200700075792,0,07,000,00,1,2,01,A01
200700075793,0,07,000,00,2,1,17,A01
200700075793,0,07,000,00,2,1,01,B02
200700075794,0,07,000,00,2,2,13,A01
200700075794,0,07,000,00,2,3,01,B02
200700075795,0,31,000,02,2,1,13,A01
200700075795,0,07,000,00,2,3,00,B02
200700075796,0,07,000,00,2,1,01,A01
200700075796,0,07,000,00,2,8,01,B02
200700075796,0,07,000,00,2,3,01,C03
200700075797,0,07,000,00,6,1,01,A01
200700075798,0,07,000,00,2,2,15,A01
200700075798,0,07,000,00,2,1,01,B02
200700075799,0,02,000,00,2,1,13,A01
200700075799,0,07,000,00,2,3,01,B02
200700075800,0,07,000,00,1,3,06,A01
200700075801,0,07,000,00,2,1,13,A01
200700075801,0,10,000,00,2,3,01,B02
200700075802,0,07,000,02,0,8,01,A01
200700075803,0,07,000,00,2,6,19,A01
200700075803,0,30,000,00,2,1,01,B02
200700075804,1,07,000,00,1,3,01,A01
200700075805,0,07,000,08,0,1,01,A01
200700075806,0,02,000,00,2,1,17,A01
200700075806,0,07,000,00,2,3,15,B02
200700075807,0,07,000,00,2,1,17,A01
200700075807,0,02,000,00,2,6,15,B02
200700075808,0,07,000,02,0,9,01,A01
200700075809,0,31,000,08,0,1,01,A01
200700075810,0,07,000,00,2,1,17,A01
200700075810,0,07,000,00,2,1,01,B02
200700075811,0,07,000,00,2,6,01,A01
200700075811,0,07,000,00,0,7,01,B02
200700075812,0,07,000,00,2,1,13,A01
200700075812,0,07,000,00,2,1,01,B02
200700075813,0,07,000,00,2,1,01,A01
200700075813,0,07,000,00,2,1,01,B02
200700075814,0,07,000,00,0,3,15,A01
200700075814,0,07,000,00,0,8,24,B02
200700075814,0,33,000,00,0,1,00,C03
200700075815,0,07,000,00,2,3,01,A01
200700075815,0,07,000,00,2,6,01,B02
200700075816,0,07,000,00,2,3,13,A01
200700075816,0,07,000,00,2,3,01,B02
200700075817,0,10,000,00,2,1,01,A01
200700075817,0,10,000,00,2,1,01,B02
200700075818,0,07,000,00,2,2,13,A01
200700075818,0,14,000,00,2,1,01,B02
200700075819,0,07,000,00,2,3,13,A01
200700075819,0,07,000,00,2,8,01,B02
200700075820,0,07,000,00,2,3,01,A01
200700075820,0,07,000,00,2,3,01,B02
200700075821,0,33,000,00,5,1,01,A01
200700075822,0,07,000,00,2,2,01,A01
200700075822,0,01,000,00,2,4,01,B02
200700075823,0,10,000,00,2,8,13,A01
200700075823,0,07,000,00,2,8,01,B02
200700075824,0,31,000,00,0,0,15,A01
200700075825,0,07,000,00,2,3,01,A01
200700075825,0,07,000,00,2,3,01,B02
200700075826,0,02,000,00,2,1,01,A01
200700075826,0,07,000,00,2,1,01,B02
200700075827,0,02,000,00,2,3,01,A01
200700075827,2,07,000,00,2,3,01,B02
200700075828,0,07,000,00,2,8,13,A01
200700075828,0,33,000,00,2,8,01,B02
200700075829,0,10,000,00,0,6,06,A01
200700075829,0,33,000,00,2,1,00,B02
200700075830,0,10,000,02,0,2,01,A01
200700075831,0,07,000,00,2,3,15,A01
200700075831,0,31,000,00,2,2,17,B02
200700075832,0,07,000,00,2,6,20,A01
200700075832,0,30,000,01,2,1,01,B02
200700075833,0,07,000,02,0,6,01,A01
200700075834,0,07,000,02,0,8,00,A01
200700075835,0,07,000,03,0,2,19,A01
200700075836,0,07,000,02,2,1,01,A01
200700075836,0,07,000,00,2,1,01,B02
200700075837,0,07,000,00,2,1,01,A01
200700075837,0,01,000,00,2,1,01,B02
200700075838,0,07,000,00,2,1,13,A01
200700075838,0,07,000,00,2,8,01,B02
200700075839,0,07,000,02,0,9,14,A01
200700075840,0,07,000,00,2,4,13,A01
200700075840,0,07,000,00,2,8,01,B02
200700075840,0,07,000,00,2,8,01,C03
200700075841,0,07,000,00,2,6,01,A01
200700075841,0,02,000,00,2,1,19,B02
200700075842,0,07,000,13,0,2,01,A01
200700075843,0,07,000,00,2,3,15,A01
200700075843,0,33,000,00,2,1,01,B02
200700075844,0,33,000,08,0,1,01,A01
200700075845,0,07,000,00,0,1,14,A01
200700075846,0,07,000,02,0,2,01,A01
200700075847,0,07,000,00,0,8,01,A01
200700075847,0,07,000,00,2,1,19,B02
200700075848,0,30,000,00,0,1,01,A01
200700075849,0,07,000,02,0,1,00,A01
200700075850,0,07,000,00,0,2,13,A01
200700075851,0,33,000,01,0,1,14,A01
200700075852,0,07,000,06,0,3,00,A01
200700075853,0,07,000,00,9,1,13,A01
200700075854,0,07,000,00,2,3,01,A01
200700075854,0,01,000,00,2,1,01,B02
200700075855,0,07,000,00,2,3,13,A01
200700075855,0,07,000,00,2,3,01,B02
200700075855,0,07,000,00,2,1,02,C03
200700075856,0,07,000,00,2,3,01,A01
200700075856,0,07,000,00,2,7,01,B02
200700075857,0,07,000,13,0,8,01,A01
200700075858,0,37,000,00,1,2,01,A01
200700075859,0,10,000,13,0,1,01,A01
200700075860,0,10,000,00,2,0,15,A01
200700075860,0,02,000,00,2,1,01,B02
200700075861,0,07,000,00,0,8,15,A01
200700075861,0,07,000,00,2,1,13,B02
200700075862,0,07,000,00,4,7,19,A01
200700075862,0,39,000,14,2,1,01,B02
200700075863,0,07,000,00,2,1,19,A01
200700075863,0,07,000,08,2,8,01,B02
200700075864,0,07,000,00,2,8,19,A01
200700075864,0,33,000,00,2,8,01,B02
200700075865,0,07,000,08,0,3,13,A01
200700075866,0,02,000,00,0,1,01,A01
200700075866,0,10,000,00,0,0,09,B02
200700075867,0,07,000,00,2,1,13,A01
200700075867,0,07,000,00,2,3,15,B02
200700075868,0,10,000,00,2,1,13,A01
200700075868,0,07,000,00,2,1,00,B02
200700075869,0,30,000,00,2,1,01,A01
200700075869,0,07,000,00,2,3,15,B02
200700075870,0,07,000,00,2,4,15,A01
200700075870,0,02,000,00,2,1,17,B02
200700075871,0,30,000,01,0,1,01,A01
200700075871,0,07,000,00,2,4,01,B02
200700075872,0,07,000,00,2,7,13,A01
200700075872,0,07,000,00,2,1,01,B02
200700075873,0,07,000,02,0,8,01,A01
200700075874,0,01,000,01,0,1,02,A01
200700075874,0,10,000,00,2,6,23,B02
200700075875,0,07,000,00,2,8,15,A01
200700075875,0,07,000,00,2,1,17,B02
200700075876,0,07,000,13,0,3,17,A01
200700075877,0,07,000,00,9,2,15,A01
200700075877,0,01,000,00,2,1,01,B02
200700075878,0,07,000,00,2,3,01,A01
200700075878,0,07,000,00,2,3,00,B02
200700075879,0,02,000,00,2,1,01,A01
200700075879,0,07,000,00,2,3,17,B02
200700075880,0,07,000,06,2,1,17,A01
200700075880,0,07,000,00,0,3,01,B02
200700075881,0,07,000,00,2,2,13,A01
200700075881,0,14,000,00,2,2,01,B02
200700075882,0,07,000,00,2,2,19,A01
200700075882,0,10,000,00,2,2,01,B02
200700075883,0,07,000,03,2,1,01,A01
200700075883,0,07,000,00,2,3,01,B02
200700075884,0,07,000,00,1,4,20,A01
200700075885,0,07,000,00,2,7,13,A01
200700075885,0,07,000,00,2,1,01,B02
200700075886,0,07,000,00,9,2,00,A01
200700075886,0,99,000,00,2,3,00,B02
200700075887,0,07,000,00,1,7,01,A01
200700075888,0,07,000,02,0,6,01,A01
200700075889,0,10,000,13,0,3,01,A01
200700075890,0,07,000,00,1,2,01,A01
200700075891,0,07,000,00,2,7,13,A01
200700075891,0,07,000,00,2,1,01,B02
200700075892,0,01,000,00,2,4,00,A01
200700075892,0,07,000,00,9,1,01,B02
200700075893,0,30,000,00,0,0,01,A01
200700075894,0,07,000,00,2,2,01,A01
200700075894,0,07,000,00,2,3,15,B02
200700075895,0,07,000,00,2,3,11,A01
200700075895,0,07,000,00,2,3,01,B02
200700075896,0,07,000,00,5,1,01,A01
200700075896,0,07,000,00,5,2,01,B02
200700075897,0,30,000,00,0,0,00,A01
200700075898,0,31,000,11,0,1,13,A01
200700075899,0,07,000,13,0,1,01,A01
200700075900,0,07,000,00,0,1,01,A01
200700075900,0,07,000,00,0,1,13,B02
200700075901,0,07,000,00,2,1,13,A01
200700075901,0,07,000,00,2,1,01,B02
200700075902,0,10,000,00,2,1,02,A01
200700075902,0,07,000,00,0,4,01,B02
200700075903,0,07,000,00,2,7,01,A01
200700075904,0,07,000,00,2,7,11,A01
200700075904,0,07,000,00,2,1,01,B02
200700075904,0,07,000,01,2,8,24,C03
200700075905,0,07,000,00,2,2,17,A01
200700075905,0,07,000,06,0,8,15,B02
200700075906,0,07,000,00,2,3,01,A01
200700075906,0,07,000,00,2,3,13,B02
200700075907,0,10,000,00,0,2,01,A01
200700075907,0,07,000,00,0,1,15,B02
200700075908,0,14,000,00,2,1,15,A01
200700075908,0,07,000,00,2,8,01,B02
200700075909,0,07,000,13,0,1,01,A01
200700075910,0,07,000,15,0,1,01,A01
200700075911,0,07,000,06,0,1,14,A01
200700075912,0,07,000,00,2,3,01,A01
200700075912,0,10,000,00,2,3,01,B02
200700075913,0,07,000,03,0,1,01,A01
200700075914,0,07,000,13,0,9,02,A01
200700075915,0,07,000,00,2,2,21,A01
200700075915,0,30,000,00,2,8,15,B02
200700075916,0,07,000,00,2,8,15,A01
200700075916,0,33,000,06,2,1,17,B02
200700075917,0,07,000,00,2,1,13,A01
200700075917,0,10,000,00,2,6,01,B02
200700075918,0,07,000,00,5,1,01,A01
200700075919,0,07,000,00,2,3,01,A01
200700075919,0,07,000,00,2,7,19,B02
200700075920,0,07,000,01,0,2,01,A01
200700075920,0,07,000,00,0,6,00,B02
200700075921,0,07,000,00,2,1,13,A01
200700075921,0,13,000,00,2,3,01,B02
200700075922,0,07,000,02,0,9,01,A01
200700075923,0,07,000,00,1,2,01,A01
200700075924,0,07,000,00,2,2,02,A01
200700075924,0,02,000,00,2,4,02,B02
200700075925,0,07,000,00,2,3,01,A01
200700075925,0,07,000,00,2,3,01,B02
200700075926,0,07,000,06,0,7,01,A01
200700075927,2,07,000,00,2,1,01,A01
200700075927,0,07,000,00,2,1,00,B02
200700075928,0,07,000,13,0,1,01,A01
200700075929,0,17,000,00,2,2,13,A01
200700075929,0,07,000,00,2,1,01,B02
200700075930,0,07,000,00,2,1,01,A01
200700075930,0,07,000,00,2,1,15,B02
200700075931,0,07,000,00,0,1,21,A01
200700075932,0,07,000,00,2,1,01,A01
200700075932,0,07,000,00,2,1,01,B02
200700075932,0,07,000,00,2,2,01,C03
200700075933,0,07,000,02,0,2,00,A01
200700075934,0,07,000,00,2,1,01,A01
200700075934,0,07,000,00,2,1,13,B02
200700075934,0,07,000,14,2,1,01,C03
200700075935,0,07,000,00,0,3,01,A01
200700075936,0,07,000,02,0,8,01,A01
200700075937,0,31,000,00,0,0,00,A01
200700075938,0,07,000,00,9,1,01,A01
200700075938,0,01,000,00,2,4,02,B02
200700075939,0,07,000,00,2,9,21,A01
200700075939,1,07,000,00,0,0,11,B02
200700075940,0,07,000,00,2,1,02,A01
200700075940,0,01,000,00,2,6,02,B02
200700075940,0,01,000,00,2,6,02,C03
200700075940,0,01,000,00,2,6,02,D04
200700075941,0,07,000,00,2,4,23,A01
200700075941,0,07,000,00,2,1,01,B02
200700075942,0,07,000,02,0,1,01,A01
200700075943,0,07,000,00,0,0,00,A01
200700075943,0,07,000,00,2,1,01,B02
200700075944,0,07,000,00,2,2,13,A01
200700075944,0,07,000,00,2,2,01,B02
200700075945,0,07,000,00,0,0,00,A01
200700075945,0,07,000,00,2,1,01,B02
200700075946,0,10,000,08,0,3,01,A01
200700075947,0,07,000,04,0,1,05,A01
200700075948,0,07,000,00,2,1,01,A01
200700075948,0,02,000,00,2,0,01,B02
200700075949,0,07,000,00,0,1,00,A01
200700075949,0,10,000,00,0,1,00,B02
200700075950,0,07,000,00,2,6,19,A01
200700075950,0,14,000,00,2,1,01,B02
200700075951,0,07,000,00,0,2,01,A01
200700075951,0,07,000,00,0,5,15,B02
200700075952,0,07,000,00,2,1,05,A01
200700075952,0,10,000,00,2,3,05,B02
200700075953,0,07,000,00,2,3,01,A01
200700075953,0,07,000,00,2,3,01,B02
200700075954,0,07,000,02,0,2,01,A01
200700075955,0,07,000,00,0,2,00,A01
200700075956,0,31,000,00,2,1,14,A01
200700075956,0,07,000,00,2,3,15,B02
200700075957,0,07,000,00,1,2,00,A01
200700075958,0,02,000,00,2,1,00,A01
200700075958,0,07,000,00,2,3,15,B02
200700075959,0,02,000,00,0,8,01,A01
200700075960,0,07,000,00,2,8,01,A01
200700075960,0,07,000,06,2,7,17,B02
200700075961,0,07,000,00,2,8,15,B02
200700075961,0,07,000,00,2,1,01,A01
200700075962,0,07,000,00,2,3,16,A01
200700075962,0,02,000,00,2,1,15,B02
200700075963,0,10,000,00,2,1,13,A01
200700075963,0,07,000,00,2,8,01,B02
200700075964,0,31,000,06,0,1,01,A01
200700075965,0,07,000,00,0,2,01,A01
200700075965,0,30,000,00,2,1,01,B02
200700075966,0,07,000,00,2,3,13,A01
200700075966,0,07,000,00,2,3,01,B02
200700075967,0,02,000,00,0,1,01,A01
200700075968,0,07,000,02,0,9,13,A01
200700075969,0,07,000,08,0,1,01,A01
200700075970,0,17,000,00,1,3,01,A01
200700075970,0,07,000,00,1,3,23,B02
200700075971,0,07,000,14,0,2,01,A01
200700075971,0,36,000,00,0,6,23,B02
200700075972,0,07,000,02,0,8,01,A01
200700075973,0,10,000,00,0,2,01,A01
200700075974,0,07,000,00,2,3,13,A01
200700075974,0,15,000,00,2,3,01,B02
200700075975,0,07,000,16,2,9,01,A01
200700075975,0,07,000,00,2,1,24,B02
200700075975,0,07,000,01,2,9,01,C03
200700075975,0,07,000,01,2,1,01,D04
200700075976,0,07,000,14,0,1,01,A01
200700075977,0,07,000,00,2,3,13,A01
200700075977,0,30,000,00,2,1,01,B02
200700075978,0,07,000,00,1,1,01,A01
200700075979,0,07,000,00,2,3,17,A01
200700075979,0,02,000,00,2,1,01,B02
200700075980,0,07,000,06,0,1,00,A01
200700075981,0,17,000,13,0,1,13,A01
200700075982,0,07,000,00,1,2,02,A01
200700075983,0,07,000,00,2,3,21,A01
200700075983,0,17,000,00,2,3,01,B02
200700075984,0,07,000,00,2,1,15,A01
200700075984,0,07,000,00,2,3,01,B02
200700075985,0,07,000,00,2,3,13,A01
200700075985,0,07,000,00,2,3,01,B02
200700075985,0,07,000,00,2,1,01,C03
200700075986,0,10,000,00,0,5,17,A01
200700075986,0,02,000,00,0,8,01,B02
200700075987,0,14,000,02,0,2,01,A01
200700075988,0,07,000,00,2,1,02,A01
200700075988,0,20,000,00,0,4,02,B02
200700075989,0,10,000,00,2,3,13,A01
200700075989,0,07,000,00,2,3,01,B02
200700075989,0,07,000,00,2,1,01,C03
200700075989,0,07,000,00,2,1,01,D04
200700075990,0,36,000,00,0,3,01,A01
200700075991,0,10,000,00,2,1,19,A01
200700075991,0,07,000,00,2,8,01,B02
200700075992,0,02,000,00,2,7,15,A01
200700075992,0,14,000,00,2,1,01,B02
200700075993,0,07,000,00,0,1,24,A01
200700075993,0,15,000,00,1,6,01,B02
200700075994,0,07,000,00,1,2,01,A01
200700075995,0,07,000,00,1,3,01,A01
200700075996,0,07,000,06,0,1,00,A01
200700075997,0,07,000,00,2,1,17,A01
200700075997,0,07,000,00,2,1,00,B02
200700075998,0,07,000,16,0,1,06,A01
200700075999,0,10,000,00,2,1,13,A01
200700075999,0,07,000,00,2,1,01,B02
200700076000,0,07,000,00,1,1,01,A01
200700076001,0,07,000,06,0,1,01,A01
200700076002,0,07,000,00,2,3,11,A01
200700076002,0,07,000,00,2,1,02,B02
200700076002,0,07,000,00,0,6,02,C03
200700076003,0,07,000,06,0,1,01,A01
200700076004,0,07,000,00,2,1,01,A01
200700076004,0,07,000,00,2,1,01,B02
200700076005,0,07,000,08,0,8,01,A01
200700076006,0,07,000,15,0,1,01,A01
200700076007,0,07,000,00,1,2,00,A01
200700076008,0,07,000,00,2,1,13,A01
200700076008,0,07,000,00,2,1,01,B02
200700076009,0,07,000,00,0,1,02,A01
200700076009,0,01,000,00,0,4,01,B02
200700076010,0,07,000,00,0,3,13,A01
200700076010,0,07,000,00,0,8,24,B02
200700076011,0,32,000,13,0,1,01,A01
200700076012,0,07,000,00,2,1,02,A01
200700076012,0,07,000,00,0,4,01,B02
200700076013,0,07,000,00,0,0,01,A01
200700076014,0,07,000,08,0,1,01,A01
200700076015,0,33,000,00,0,1,01,A01
200700076015,0,07,000,00,0,1,00,B02
200700076016,0,07,000,00,2,1,17,A01
200700076016,0,07,000,00,2,1,01,B02
200700076016,0,07,000,00,2,1,01,C03
200700076017,0,30,000,00,2,1,13,A01
200700076017,0,07,000,00,2,2,01,B02
200700076018,0,07,000,00,0,6,15,A01
200700076018,0,10,000,00,0,2,01,B02
200700076019,0,07,000,06,0,1,01,A01
200700076020,0,07,000,00,0,2,19,A01
200700076020,0,02,000,00,0,1,01,B02
200700076021,0,07,000,08,0,7,01,A01
200700076022,0,14,000,16,0,9,01,A01
200700076023,0,07,000,00,1,2,01,A01
200700076023,0,10,000,00,0,6,23,B02
200700076024,0,07,000,00,0,1,17,A01
200700076025,0,07,000,00,2,2,13,A01
200700076025,0,07,000,00,2,2,01,B02
200700076026,0,31,000,00,2,3,17,A01
200700076026,0,10,000,00,2,8,01,B02
200700076027,0,10,000,00,1,8,01,A01
200700076028,0,07,000,00,2,3,13,A01
200700076028,0,07,000,00,2,3,01,B02
200700076029,0,10,000,00,2,3,01,A01
200700076029,0,30,000,00,0,7,19,B02
200700076030,0,07,000,00,2,3,01,A01
200700076030,0,07,000,00,2,3,01,B02
200700076031,0,07,000,02,0,9,01,A01
200700076032,0,07,000,00,2,7,13,A01
200700076032,0,07,000,00,2,1,02,B02
200700076033,0,07,000,00,0,9,00,A01
200700076034,0,07,000,13,0,1,13,A01
200700076035,0,07,000,00,2,1,19,A01
200700076035,0,07,000,00,0,7,01,B02
200700076036,0,07,000,00,1,3,00,A01
200700076037,0,02,000,08,0,1,01,A01
200700076038,0,07,000,00,2,2,15,A01
200700076038,0,02,000,00,2,1,01,B02
200700076039,0,07,000,13,0,2,12,A01
200700076040,0,07,000,02,0,3,01,A01
200700076041,0,07,000,00,2,1,01,A01
200700076041,0,07,000,00,2,1,15,B02
200700076042,0,07,000,00,2,7,01,A01
200700076042,0,21,000,00,0,6,01,B02
200700076042,0,07,000,00,2,1,01,C03
200700076043,0,07,000,00,2,1,15,A01
200700076043,0,10,000,00,2,2,01,B02
200700076044,0,07,000,00,2,1,01,A01
200700076044,0,07,000,00,2,1,05,B02
200700076045,0,37,000,00,1,1,01,A01
200700076046,0,31,000,00,2,1,03,A01
200700076046,0,07,000,00,2,3,09,B02
200700076047,0,07,000,00,2,1,01,A01
200700076047,0,17,000,00,2,4,01,B02
200700076048,0,07,000,00,2,1,13,A01
200700076048,0,10,000,00,2,3,00,B02
200700076049,0,07,000,00,1,3,15,A01
200700076050,0,07,000,00,2,3,01,A01
200700076050,0,01,000,00,2,1,09,B02
200700076051,0,01,000,00,1,1,01,A01
200700076052,0,10,000,00,1,2,01,A01
200700076053,0,07,000,00,2,2,01,A01
200700076053,0,07,000,00,2,2,13,B02
200700076054,0,10,000,00,2,1,17,A01
200700076054,0,17,000,00,2,3,01,B02
200700076055,0,15,000,03,0,3,13,A01
200700076056,0,07,000,04,0,3,11,A01
200700076056,0,07,000,14,0,2,01,B02
200700076057,0,07,000,04,0,1,00,A01
200700076058,0,07,000,13,0,1,01,A01
200700076059,0,07,000,00,1,1,15,A01
200700076060,0,07,000,00,2,5,01,A01
200700076060,2,07,000,03,2,3,17,B02
200700076061,0,10,000,04,0,3,01,A01
200700076062,0,33,000,00,0,0,01,A01
200700076063,0,07,000,13,0,2,01,A01
200700076064,0,07,000,00,0,0,00,A01
200700076064,0,14,000,00,2,3,02,B02
200700076065,0,10,000,04,0,3,01,A01
200700076066,0,07,000,03,0,1,01,A01
200700076067,0,07,000,01,0,3,18,A01
200700076067,0,17,000,00,0,0,24,B02
200700076068,0,07,000,04,0,2,01,A01
200700076069,0,07,000,03,0,3,14,A01
200700076069,0,14,000,00,0,0,23,B02
200700076069,0,07,000,01,0,1,14,D04
200700076070,0,07,000,03,0,1,13,A01
200700076071,0,07,000,00,2,2,02,A01
200700076071,0,07,000,03,0,3,01,B02
200700076072,0,07,000,04,0,3,13,A01
200700076073,0,07,000,00,2,6,01,A01
200700076073,0,07,000,00,2,2,14,B02
200700076074,0,07,000,03,0,2,01,A01
200700076075,0,14,000,00,2,3,15,A01
200700076075,0,07,000,00,2,3,01,B02
200700076076,0,07,000,16,0,7,01,A01
200700076077,0,10,000,00,2,1,14,A01
200700076077,0,17,000,00,2,6,01,B02
200700076078,0,10,000,00,2,2,02,A01
200700076078,0,17,000,00,0,0,02,B02
200700076078,0,07,000,04,2,3,01,D04
200700076079,0,07,000,04,0,2,01,A01