Num_Acc,senc,catv,occutc,obs,obsm,choc,manv,num_veh
200700076080,0,10,000,04,0,3,01,A01
200700076080,0,07,000,00,0,2,01,B02
200700076081,0,10,000,00,2,1,03,A01
200700076081,0,07,000,00,0,5,00,B02
200700076081,0,07,000,00,0,4,00,C03
200700076082,0,07,000,08,0,5,01,A01
200700076083,0,07,000,00,2,8,15,A01
200700076084,0,07,000,04,0,1,02,A01
200700076085,0,07,000,04,0,3,11,A01
200700076086,0,07,000,13,0,0,14,A01
200700076087,0,07,000,13,0,2,01,A01
200700076088,0,07,000,13,0,2,21,A01
200700076089,0,07,000,03,0,1,01,A01
200700076089,0,07,000,01,0,1,01,B02
200700076090,0,07,000,13,0,1,02,A01
200700076091,0,07,000,04,0,1,21,A01
200700076092,0,07,000,00,2,2,02,A01
200700076092,0,17,000,00,0,0,01,B02
200700076093,0,01,000,00,2,1,19,A01
200700076093,0,07,000,00,2,2,01,B02
200700076094,0,07,000,13,0,1,14,A01
200700076095,0,07,000,00,2,3,13,A01
200700076095,0,02,000,00,2,1,13,B02
200700076096,0,10,000,00,2,2,02,A01
200700076096,0,14,000,00,0,6,02,B02
200700076097,0,07,000,03,2,1,01,A01
200700076097,0,10,000,00,2,4,01,B02
200700076097,0,10,000,00,2,4,01,C03
200700076098,0,33,000,00,0,7,12,A01
200700076099,0,07,000,14,0,1,01,A01
200700076099,0,10,000,00,0,3,23,B02
200700076100,0,07,000,12,0,3,01,A01
200700076101,0,07,000,03,0,1,13,A01
200700076101,2,07,000,00,0,0,00,B02
200700076102,0,07,000,02,0,2,01,A01
200700076103,0,10,000,03,2,1,00,A01
200700076103,0,07,000,14,2,1,01,B02
200700076104,0,07,000,00,2,2,02,A01
200700076104,0,10,000,00,2,6,01,B02
200700076105,0,07,000,00,2,4,01,A01
200700076105,0,07,000,00,2,4,01,B02
200700076105,0,07,000,00,2,4,01,C03
200700076105,0,07,000,00,2,4,01,D04
200700076105,0,07,000,00,2,1,01,E05
200700076106,0,14,000,00,0,0,01,A01
200700076107,0,07,000,00,2,1,05,A01
200700076107,0,07,000,00,2,1,05,B02
200700076108,0,10,000,00,2,2,17,A01
200700076108,0,17,000,00,2,3,01,B02
200700076109,0,17,000,00,2,1,02,A01
200700076109,0,17,000,00,0,4,20,B02
200700076109,0,17,000,01,0,1,02,C03
200700076110,0,10,000,00,2,4,24,A01
200700076110,0,07,000,01,0,1,16,B02
200700076110,0,07,000,00,2,4,13,C03
200700076110,0,07,000,00,2,1,13,D04
200700076111,0,07,000,13,2,8,14,A01
200700076111,0,17,000,00,2,5,01,B02
200700076112,0,07,000,00,6,1,01,A01
200700076113,0,07,000,04,2,2,01,A01
200700076113,0,07,000,00,2,2,21,B02
200700076114,0,07,000,00,2,6,01,A01
200700076114,0,07,000,00,2,7,01,B02
200700076115,0,07,000,00,2,4,02,A01
200700076115,0,07,000,00,2,4,02,B02
200700076115,0,07,000,00,2,1,02,C03
200700076116,0,17,000,06,0,1,01,A01
200700076117,0,07,000,06,0,1,01,A01
200700076118,0,07,000,00,2,1,02,A01
200700076118,0,17,000,00,0,0,02,B02
200700076119,0,07,000,00,2,2,15,A01
200700076119,0,33,000,00,2,1,01,B02
200700076120,0,10,000,00,2,7,17,A01
200700076120,0,14,000,00,2,3,01,B02
200700076121,0,07,000,03,0,6,02,A01
200700076121,0,15,000,00,2,1,01,B02
200700076122,0,07,000,03,0,2,14,A01
200700076122,0,07,000,00,2,6,01,B02
200700076122,0,07,000,00,2,2,03,C03
200700076122,0,07,000,00,0,0,00,D04
200700076123,0,33,000,00,0,0,14,A01
200700076124,0,07,000,00,2,2,02,A01
200700076124,0,10,000,00,2,6,02,B02
200700076125,0,07,000,00,0,4,01,A01
200700076125,0,07,000,00,2,1,02,B02
200700076125,0,07,000,00,2,3,11,C03
200700076126,0,07,000,13,0,1,21,A01
200700076127,0,07,000,00,1,3,16,A01
200700076128,0,30,000,00,2,3,01,A01
200700076128,0,07,000,00,2,3,15,B02
200700076129,0,10,000,00,1,1,01,A01
200700076130,0,10,000,00,2,2,15,A01
200700076130,0,02,000,00,2,1,01,B02
200700076131,0,07,000,03,0,1,01,A01
200700076132,0,07,000,01,0,2,02,A01
200700076133,0,07,000,00,2,1,02,A01
200700076133,0,31,000,00,2,4,02,B02
200700076134,0,07,000,00,2,1,02,A01
200700076134,0,07,000,00,0,5,01,B02
200700076135,0,10,000,00,2,2,17,A01
200700076135,0,10,000,00,0,6,02,B02
200700076135,0,07,000,00,2,1,21,C03
200700076136,0,07,000,16,0,2,01,A01
200700076137,0,07,000,03,0,3,02,A01
200700076138,0,07,000,00,1,2,01,A01
200700076139,0,03,000,00,2,1,13,A01
200700076139,0,07,000,00,2,3,01,B02
200700076139,0,07,000,00,2,1,23,C03
200700076140,0,07,000,00,2,1,17,A01
200700076140,0,07,000,00,2,6,01,B02
200700076140,0,07,000,00,2,1,01,C03
200700076141,0,07,000,13,0,1,02,A01
200700076142,0,33,000,00,2,8,17,A01
200700076142,0,33,000,00,2,8,17,B02
200700076143,0,07,000,00,1,1,01,A01
200700076144,0,07,000,00,2,1,13,A01
200700076144,0,10,000,00,2,1,01,B02
200700076145,0,07,000,04,0,1,13,A01
200700076145,0,07,000,00,2,3,13,B02
200700076146,0,07,000,00,2,3,13,A01
200700076146,0,07,000,00,2,3,01,B02
200700076147,0,07,000,13,0,2,01,A01
200700076148,0,15,000,03,0,8,16,A01
200700076149,0,07,000,00,2,1,17,A01
200700076149,0,31,000,00,2,1,01,B02
200700076150,0,07,000,00,2,2,01,A01
200700076150,0,07,000,00,2,7,15,B02
200700076151,0,07,000,00,2,3,01,A01
200700076151,0,07,000,00,2,3,01,B02
200700076152,0,15,000,00,2,1,02,A01
200700076152,0,17,000,00,2,5,02,B02
200700076153,0,17,000,00,0,0,00,A01
200700076153,0,10,000,00,0,2,00,B02
200700076154,0,07,000,00,0,1,02,A01
200700076154,0,07,000,00,0,4,23,B02
200700076154,0,07,000,00,0,4,23,C03
200700076154,0,07,000,00,0,4,23,D04
200700076154,0,07,000,00,0,4,23,E05
200700076155,0,07,000,00,0,1,01,A01
200700076156,0,07,000,03,0,7,14,A01
200700076157,0,07,000,03,0,1,01,A01
200700076158,0,07,000,00,1,2,19,A01
200700076159,0,07,000,00,2,1,02,A01
200700076159,0,07,000,00,2,4,02,B02
200700076159,0,07,000,00,2,4,02,C03
200700076160,0,33,000,00,2,1,01,A01
200700076160,0,07,000,00,0,7,19,B02
200700076161,0,07,000,00,0,6,01,A01
200700076161,0,07,000,00,2,2,03,B02
200700076162,0,10,000,00,2,3,15,A01
200700076162,0,02,000,00,2,1,01,B02
200700076162,0,02,000,00,2,1,01,C03
200700076163,0,07,000,00,2,8,15,A01
200700076163,0,31,000,00,2,1,17,B02
200700076164,0,07,000,00,1,5,21,A01
200700076165,0,07,000,03,0,2,21,A01
200700076166,0,10,000,02,2,3,13,A01
200700076166,0,37,000,00,2,3,01,B02
200700076167,0,07,000,00,2,1,15,A01
200700076167,0,07,000,00,2,1,01,B02
200700076168,0,07,000,04,0,2,16,A01
200700076169,0,07,000,00,0,7,23,A01
200700076169,0,07,000,00,2,1,01,B02
200700076169,0,07,000,00,2,3,21,C03
200700076169,0,10,000,00,2,3,21,D04
200700076170,0,14,000,04,0,3,01,A01
200700076171,0,07,000,00,2,8,10,A01
200700076171,0,33,000,00,2,1,01,B02
200700076172,0,07,000,03,0,2,02,A01
200700076172,0,07,000,01,0,0,02,B02
200700076173,0,07,000,04,0,2,00,A01
200700076174,0,33,000,00,2,1,00,A01
200700076174,0,07,000,00,2,3,01,B02
200700076175,0,33,000,00,0,0,01,A01
200700076176,0,17,000,00,0,4,01,A01
200700076176,0,07,000,14,0,1,21,B02
200700076176,0,07,000,00,2,1,01,C03
200700076177,0,10,000,03,0,3,01,A01
200700076178,0,07,000,14,0,1,01,A01
200700076179,0,07,000,03,2,1,02,A01
200700076179,0,07,000,03,2,4,02,B02
200700076180,0,07,000,03,0,1,01,A01
200700076181,0,07,000,00,0,0,00,A01
200700076181,0,07,000,00,0,0,00,B02
200700076181,0,15,000,00,0,7,01,C03
200700076182,0,07,000,06,0,3,01,A01
200700076183,0,07,000,00,2,5,17,A01
200700076183,0,07,000,00,2,3,01,B02
200700076183,0,07,000,00,9,1,00,C03
200700076184,0,07,000,04,2,7,02,A01
200700076184,0,07,000,00,0,4,02,B02
200700076185,0,07,000,04,2,1,02,A01
200700076185,0,07,000,00,2,4,02,B02
200700076186,0,07,000,13,0,2,01,A01
200700076187,0,14,000,00,0,0,00,A01
200700076187,0,07,000,00,0,2,01,B02
200700076188,0,07,000,04,0,1,13,A01
200700076189,0,17,000,00,2,1,02,A01
200700076189,0,17,000,00,0,4,02,B02
200700076190,0,07,000,13,0,2,01,A01
200700076191,0,07,000,08,0,2,02,A01
200700076192,0,15,000,00,2,3,01,A01
200700076192,0,15,000,00,2,6,01,B02
200700076193,0,07,000,13,0,1,00,A01
200700076194,0,15,000,00,2,8,01,A01
200700076194,0,32,000,00,2,8,01,B02
200700076195,0,14,000,00,2,1,01,A01
200700076195,0,07,000,00,2,2,01,B02
200700076196,0,02,000,01,0,1,01,A01
200700076197,0,30,000,00,2,7,19,A01
200700076197,0,07,000,00,2,1,01,B02
200700076198,0,02,000,00,2,1,05,A01
200700076198,0,07,000,00,0,3,15,B02
200700076199,0,07,000,00,9,2,17,A01
200700076199,0,99,000,00,2,6,02,B02
200700076200,0,10,000,00,2,2,09,A01
200700076200,0,07,000,13,2,3,01,B02
200700076200,0,07,000,06,0,3,01,C03
200700076201,0,30,000,00,2,5,09,A01
200700076201,0,07,000,00,2,5,01,B02
200700076202,0,07,000,00,2,1,05,A01
200700076202,0,07,000,00,2,8,01,B02
200700076203,0,07,000,02,0,8,00,A01
200700076204,0,07,000,06,2,8,01,A01
200700076205,0,07,000,00,2,2,21,A01
200700076205,0,07,000,00,2,1,21,B02
200700076206,0,07,000,00,0,9,01,A01
200700076207,0,07,000,00,1,1,16,A01
200700076208,0,07,000,00,2,3,15,A01
200700076208,0,30,000,00,2,1,01,B02
200700076209,0,07,000,00,1,3,01,A01
200700076210,0,07,000,00,2,1,13,A01
200700076210,0,07,000,00,2,3,01,B02
200700076211,0,07,000,13,0,1,01,A01
200700076211,0,07,000,00,9,0,01,B02
200700076212,0,07,000,00,0,1,01,A01
200700076212,0,07,000,00,0,2,00,B02
200700076213,0,14,000,00,1,8,02,A01
200700076214,0,30,000,00,2,4,01,A01
200700076214,0,07,000,00,2,2,01,B02
200700076215,0,31,000,00,2,1,15,A01
200700076215,0,07,000,00,2,1,01,B02
200700076216,2,07,000,04,0,3,01,A01
200700076216,0,07,000,00,0,6,23,B02
200700076216,0,07,000,14,0,1,01,C03
200700076217,0,07,000,00,2,3,19,A01
200700076217,0,07,000,00,2,1,01,B02
200700076218,0,07,000,00,1,3,01,A01
200700076219,0,10,000,00,2,2,15,A01
200700076219,0,07,000,00,2,1,01,B02
200700076220,0,07,000,00,2,1,02,A01
200700076220,0,10,000,00,2,4,23,B02
200700076221,0,07,000,00,0,1,02,A01
200700076221,0,07,000,00,0,4,02,B02
200700076221,0,07,000,00,0,4,02,C03
200700076222,0,07,000,00,2,1,13,A01
200700076222,0,07,000,00,2,1,01,B02
200700076223,0,07,000,00,2,1,02,A01
200700076223,0,07,000,00,2,6,03,B02
200700076224,0,07,000,08,0,7,01,A01
200700076225,0,07,000,00,0,9,01,A01
200700076226,0,30,000,14,0,1,17,A01
200700076227,0,07,000,00,2,1,19,A01
200700076227,0,02,000,00,2,7,01,B02
200700076228,0,07,000,00,0,6,23,A01
200700076228,0,17,000,00,2,2,21,B02
200700076229,0,07,000,02,0,1,00,A01
200700076230,0,07,000,00,2,2,01,A01
200700076230,0,07,000,00,2,3,13,B02
200700076231,0,07,000,00,0,1,01,A01
200700076232,0,17,000,04,0,1,14,A01
200700076233,0,07,000,04,0,1,13,A01
200700076234,0,07,000,00,2,0,02,A01
200700076234,0,07,000,00,2,4,23,B02
200700076234,0,07,000,00,2,4,23,C03
200700076235,0,07,000,10,2,2,02,A01
200700076235,0,02,000,10,2,4,02,B02
200700076236,0,17,000,00,2,2,02,A01
200700076236,0,07,000,00,0,4,02,B02
200700076237,0,07,000,03,0,9,01,A01
200700076238,0,33,000,00,2,1,00,A01
200700076238,0,07,000,00,2,6,01,B01
200700076239,0,02,000,00,1,1,01,A01
200700076240,0,07,000,00,1,2,00,A01
200700076241,0,07,000,00,2,3,01,B01
200700076241,0,02,000,00,2,1,16,A01
200700076242,0,07,000,00,2,1,15,A01
200700076242,0,07,000,00,2,1,01,B01
200700076243,0,07,000,00,1,1,01,A01
200700076244,0,02,000,00,2,1,01,A01
200700076244,0,07,000,00,2,9,23,B01
200700076244,0,07,000,00,0,4,23,C01
200700076245,0,07,000,00,2,2,01,A01
200700076245,0,02,000,00,2,4,01,B01
200700076246,0,07,000,00,2,1,02,B01
200700076246,0,02,000,00,2,1,02,A01
200700076247,0,07,000,00,2,9,01,A01
200700076247,0,07,000,05,0,4,23,B01
200700076247,0,07,000,00,2,1,01,C01
200700076248,0,07,000,01,0,3,22,A01
200700076248,0,01,000,00,0,1,00,B01
200700076249,0,07,000,00,1,7,01,A01
200700076250,0,07,000,00,2,3,15,A01
200700076250,0,07,000,00,2,8,01,B01
200700076251,0,32,000,00,2,1,02,A01
200700076251,0,07,000,00,1,4,02,B01
200700076252,0,10,000,00,1,1,02,A01
200700076253,1,99,000,00,0,0,00,A01
200700076254,0,14,000,00,2,1,02,A01
200700076254,0,07,000,00,0,4,02,B01
200700076255,0,07,000,00,1,0,01,A01
200700076256,0,32,000,01,0,1,01,A01
200700076257,0,07,000,00,2,7,16,A01
200700076257,0,31,000,00,2,1,02,B01
200700076258,0,07,000,00,9,1,02,A01
200700076258,0,30,000,00,0,4,23,B01
200700076259,0,07,000,00,2,8,00,A01
200700076259,0,07,000,00,2,1,11,B01
200700076260,0,33,000,00,0,1,00,A01
200700076261,0,37,000,00,0,7,23,A01
200700076262,0,07,000,00,2,3,01,A01
200700076262,0,33,000,00,2,1,01,B01
200700076263,0,07,000,00,2,2,15,A01
200700076263,0,02,000,00,2,1,21,B01
200700076264,0,02,000,00,2,8,01,A01
200700076264,0,07,000,00,2,1,15,B01
200700076265,0,30,000,00,2,1,02,A01
200700076265,0,07,000,00,2,3,09,B01
200700076266,0,07,000,00,2,2,02,A01
200700076266,0,33,000,00,2,8,02,B01
200700076267,0,07,000,00,2,7,09,A01
200700076267,0,07,000,00,2,1,09,B01
200700076268,0,07,000,00,2,1,01,B01
200700076268,0,07,000,11,2,3,01,A01
200700076269,0,07,000,00,2,2,02,A01
200700076269,0,07,000,00,0,4,02,B01
200700076270,0,10,000,00,2,1,02,A01
200700076270,0,33,000,00,2,4,09,B01
200700076270,1,99,000,00,2,4,00,C01
200700076271,0,99,000,00,9,0,00,A01
200700076272,0,07,000,00,2,6,11,A01
200700076272,0,15,000,00,2,2,01,B01
200700076272,0,07,000,04,2,1,01,C01
200700076273,0,33,000,00,2,1,09,A01
200700076273,0,10,000,00,0,6,01,B01
200700076274,0,17,000,00,2,1,02,A01
200700076274,0,99,000,00,0,4,02,B01
200700076274,0,07,000,00,2,8,09,C01
200700076275,0,10,000,00,0,5,12,A01
200700076275,0,05,000,00,2,1,03,B01
200700076276,0,17,000,00,2,2,02,A01
200700076276,0,07,000,00,2,8,02,B01
200700076276,1,17,000,00,0,0,00,C01
200700076277,0,07,000,00,0,4,11,A01
200700076277,0,33,000,03,2,1,01,B01
200700076278,0,07,000,00,2,1,02,A01
200700076278,0,07,000,00,2,4,02,B01
200700076278,0,07,000,00,2,4,02,C01
200700076278,0,07,000,00,2,4,02,D01
200700076278,0,07,000,00,2,1,02,E01
200700076279,0,07,000,04,0,4,13,A01
200700076280,0,07,000,00,2,3,11,A01
200700076280,0,31,000,00,2,1,01,B01
200700076281,0,10,000,00,2,1,02,A01
200700076281,0,07,000,03,2,6,02,B01
200700076282,0,07,000,04,0,1,02,A01
200700076283,0,33,000,00,2,3,18,A01
200700076283,0,07,000,00,2,7,12,B01
200700076284,0,07,000,04,0,1,00,A01
200700076284,1,07,000,00,0,0,11,B01
200700076285,0,10,000,00,2,8,01,B01
200700076285,0,33,000,00,2,7,00,A01
200700076286,0,07,000,00,2,1,02,A01
200700076286,0,07,000,00,2,4,02,B01
200700076286,0,07,000,00,0,4,02,C01
200700076286,0,10,000,00,2,1,02,D01
200700076287,0,07,000,03,0,1,00,A01
200700076288,0,07,000,04,2,3,11,A01
200700076288,0,07,000,00,2,5,02,B01
200700076288,0,10,000,00,0,4,02,C01
200700076289,0,07,000,04,0,6,11,A01
200700076290,0,07,000,00,0,0,13,A01
200700076290,0,10,000,04,0,3,21,B01
200700076291,0,31,000,00,2,2,03,A01
200700076291,0,07,000,00,9,8,13,B01
200700076291,0,07,000,00,9,5,02,C01
200700076292,0,10,000,00,2,1,02,B01
200700076292,0,10,000,04,2,3,02,A01
200700076293,0,07,000,00,2,2,11,A01
200700076293,0,07,000,06,0,6,01,B01
200700076294,0,07,000,04,0,1,14,A01
200700076295,0,33,000,03,2,1,16,A01
200700076295,1,07,000,00,2,0,02,B01
200700076296,0,34,000,00,2,1,21,A01
200700076296,0,07,000,00,0,5,23,B01
200700076297,0,07,000,04,0,2,14,A01
200700076298,2,07,000,00,2,1,02,A01
200700076298,0,07,000,00,2,4,02,B01
200700076299,0,07,000,04,0,5,14,A01
200700076300,0,07,000,05,0,8,01,A01
200700076301,0,07,000,03,2,5,02,B01
200700076301,1,07,000,00,2,0,11,A01
200700076302,0,33,000,00,2,1,03,A01
200700076302,0,07,000,00,0,5,01,B01
200700076303,0,07,000,00,9,9,03,A01
200700076304,0,07,000,00,2,8,01,A01
200700076304,0,33,000,03,0,7,17,B01
200700076305,0,33,000,00,2,8,01,A01
200700076305,0,07,000,00,0,7,23,B01
200700076305,0,07,000,00,0,4,23,C01
200700076306,0,33,000,00,2,1,03,A01
200700076306,0,07,000,00,2,4,01,B01
200700076307,0,15,000,03,0,7,00,A01
200700076308,0,33,000,00,2,8,01,C01
200700076308,0,07,000,00,2,3,01,B01
200700076308,0,14,000,00,2,7,12,A01
200700076309,0,17,000,00,0,4,01,A01
200700076309,0,33,000,00,2,1,02,B01
200700076310,0,07,000,00,9,1,01,C01
200700076310,0,99,000,00,2,4,01,B01
200700076310,0,14,000,00,2,1,01,A01
200700076311,0,33,000,00,2,3,03,A01
200700076311,0,07,000,00,2,7,12,B01
200700076312,0,33,000,04,0,1,00,A01
200700076313,0,07,000,00,2,3,13,A01
200700076313,0,07,000,00,2,4,01,B01
200700076313,0,07,000,00,2,1,02,C01
200700076313,0,07,000,00,0,4,01,D01
200700076314,0,14,000,04,0,3,21,A01
200700076315,0,07,000,00,2,1,02,A01
200700076315,0,07,000,00,2,4,02,B01
200700076315,0,07,000,00,0,6,02,C01
200700076316,0,15,000,00,2,8,11,A01
200700076316,0,07,000,00,0,7,01,B01
200700076317,0,31,000,00,2,8,21,A01
200700076317,0,07,000,00,2,5,12,B01
200700076318,0,10,000,00,2,1,02,A01
200700076318,0,07,000,00,2,4,23,B01
200700076319,0,31,000,00,2,8,21,A01
200700076319,0,07,000,00,2,6,01,B01
200700076320,0,07,000,04,0,1,02,A01
200700076321,0,33,000,00,0,1,03,A01
200700076321,0,07,000,00,0,0,01,B01
200700076322,0,07,000,00,2,7,00,A01
200700076322,0,07,000,00,2,8,02,B01
200700076322,0,07,000,09,2,6,01,C01
200700076323,0,33,000,00,0,8,02,A01
200700076324,0,07,000,00,2,4,02,A01
200700076324,0,07,000,00,2,4,02,B01
200700076325,0,32,000,00,2,2,03,A01
200700076325,0,07,000,00,2,8,11,B01
200700076326,0,07,000,00,0,9,01,A01
200700076327,0,07,000,00,2,1,02,A01
200700076327,0,07,000,00,2,4,02,B01
200700076327,0,07,000,00,0,4,02,C01
200700076328,0,10,000,00,2,1,02,A01
200700076328,0,07,000,00,2,4,02,B01
200700076328,0,07,000,00,0,4,02,C01
200700076329,0,07,000,00,2,2,12,A01
200700076329,0,33,000,00,2,3,03,B01
200700076330,0,07,000,00,2,2,12,A01
200700076330,0,33,000,00,0,8,01,B01
200700076331,0,07,000,00,2,2,12,A01
200700076331,0,33,000,00,2,8,03,B01
200700076332,0,07,000,00,2,8,11,A01
200700076332,0,07,000,04,0,2,01,B01
200700076333,0,33,000,00,2,1,02,A01
200700076333,0,07,000,00,0,4,02,B01
200700076334,0,07,000,00,2,1,05,A01
200700076334,0,07,000,00,2,1,01,B01
200700076335,0,31,000,00,2,1,03,A01
200700076335,0,10,000,00,2,2,12,B01
200700076336,0,13,000,00,0,0,12,B01
200700076336,0,33,000,00,0,8,01,A01
200700076337,0,07,000,00,0,0,12,A01
200700076337,0,33,000,14,0,1,02,B01
200700076338,0,33,000,00,2,8,03,A01
200700076338,1,07,000,00,2,0,02,B01
200700076339,0,07,000,04,0,7,02,A01
200700076340,0,07,000,04,0,3,02,A01
200700076341,0,15,000,00,2,1,02,A01
200700076341,0,10,000,00,2,4,02,B01
200700076341,0,07,000,00,0,4,02,C01
200700076342,0,10,000,04,0,1,01,A01
200700076343,0,07,000,15,0,1,01,A01
200700076344,0,07,000,04,0,2,01,A01
200700076345,0,07,000,00,0,2,13,A01
200700076346,0,15,000,00,2,4,12,A01
200700076346,0,07,000,00,2,1,00,B01
200700076347,0,07,000,00,2,1,02,A01
200700076347,0,07,000,00,2,6,01,B01
200700076348,0,07,000,00,2,2,01,A01
200700076348,0,07,000,04,2,6,01,B01
200700076349,0,34,000,00,2,1,13,A01
200700076349,0,07,000,00,0,6,23,B01
200700076350,0,33,000,00,0,0,03,A01
200700076351,0,33,000,00,0,4,23,A01
200700076351,1,10,000,00,1,2,02,B01
200700076352,0,07,000,03,2,2,21,A01
200700076352,0,17,000,00,0,8,01,B01
200700076353,0,07,000,00,2,1,02,A01
200700076353,0,07,000,00,2,4,02,B01
200700076354,0,07,000,00,2,3,11,A01
200700076354,0,07,000,00,2,3,13,B01
200700076354,0,07,000,00,2,1,01,C01
200700076355,0,34,000,00,2,1,02,A01
200700076355,0,07,000,00,0,4,23,B01
200700076356,0,31,000,00,2,3,03,A01
200700076356,0,10,000,00,0,2,23,B01
200700076356,0,15,000,00,2,4,00,C01
200700076357,0,33,000,00,0,0,01,A01
200700076358,0,10,000,00,2,6,11,A01
200700076358,0,33,000,00,2,7,21,B01
200700076359,0,33,000,00,2,6,02,A01
200700076359,1,07,000,00,0,0,02,B01
200700076360,0,07,000,00,2,3,01,A01
200700076360,1,10,000,00,0,0,00,B01
200700076361,0,07,000,04,0,3,13,A01
200700076361,0,07,000,13,0,2,17,B01
200700076362,0,07,000,00,2,6,23,B01
200700076362,0,33,000,00,2,2,03,A01
200700076363,0,07,000,00,2,1,02,A01
200700076363,0,07,000,00,2,4,02,B01
200700076363,0,07,000,00,2,4,02,C01
200700076363,0,07,000,00,2,1,02,D01
200700076364,0,07,000,00,2,3,11,A01
200700076364,0,33,000,00,2,7,01,B01
200700076365,0,07,000,04,0,9,02,A01
200700076366,0,07,000,00,2,1,02,A01
200700076366,0,07,000,00,2,1,02,B01
200700076366,0,07,000,00,2,4,02,C01
200700076367,0,07,000,00,2,3,11,A01
200700076367,0,33,000,00,2,2,01,B01
200700076368,0,07,000,04,0,7,02,A01
200700076369,0,10,000,03,0,3,01,A01
200700076370,0,31,000,00,2,4,12,A01
200700076370,0,17,000,00,1,1,01,B01
200700076371,0,33,000,03,0,1,15,A01
200700076372,0,34,000,00,2,8,03,A01
200700076372,0,07,000,00,2,7,01,B01
200700076373,0,07,000,00,2,7,01,A01
200700076373,0,32,000,00,2,3,00,B01
200700076374,0,07,000,00,2,3,02,A01
200700076374,0,07,000,04,0,9,23,B01
200700076375,0,07,000,00,2,1,02,A01
200700076375,0,07,000,00,2,4,02,B01
200700076375,0,07,000,00,2,4,02,C01
200700076376,0,07,000,00,2,6,12,A01
200700076376,0,33,000,00,2,2,03,B01
200700076376,0,07,000,00,2,0,01,C01
200700076377,0,32,000,00,2,1,02,A01
200700076377,0,07,000,00,0,4,02,B01
200700076378,0,33,000,00,2,5,01,B01
200700076378,0,07,000,00,0,5,01,C01
200700076378,1,15,000,00,2,0,00,A01
200700076379,0,07,000,00,0,4,13,A01
200700076379,0,07,000,00,2,1,02,B01
200700076379,2,07,000,00,2,1,02,C01
200700076379,0,07,000,00,2,1,02,D01
200700076380,0,07,000,00,2,4,01,A01
200700076380,0,33,000,00,2,1,01,B01
200700076381,0,10,000,00,1,1,15,A01
200700076382,0,07,000,00,2,3,15,A01
200700076382,0,07,000,08,2,3,01,B01
200700076383,0,10,000,00,2,3,09,A01
200700076383,0,07,000,00,2,2,01,B01
200700076384,0,02,000,00,2,4,01,B01
200700076384,0,07,000,00,2,8,15,A01
200700076385,0,07,000,00,1,1,15,A01
200700076386,0,07,000,00,2,8,15,A01
200700076386,0,02,000,00,2,1,00,B01
200700076387,0,07,000,00,1,2,01,A01
200700076388,0,30,000,00,0,1,00,B01
200700076388,0,07,000,00,0,3,15,A01
200700076389,0,07,000,00,2,2,15,A01
200700076389,0,02,000,00,2,1,01,B01
200700076390,0,07,000,00,2,2,01,A01
200700076391,0,07,000,00,2,2,19,A01
200700076391,0,30,000,00,2,8,00,B01
200700076392,0,07,000,00,2,2,05,A01
200700076392,0,07,000,00,2,1,01,B01
200700076393,0,07,000,00,1,2,01,A01
200700076394,0,07,000,00,1,3,16,A01
200700076395,0,07,000,00,1,1,01,A01
200700076396,0,07,000,00,1,3,01,A01
200700076397,0,07,000,00,1,2,01,A01
200700076398,0,02,000,00,2,8,09,A01
200700076398,0,07,000,00,9,1,01,B01
200700076399,0,07,000,00,1,3,15,A01
200700076400,0,02,000,00,0,1,01,A01
200700076401,0,07,000,00,1,3,01,A01
200700076402,0,07,000,00,1,3,01,A01
200700076403,0,07,000,06,0,0,01,A01
200700076404,0,10,000,00,1,1,01,A01
200700076405,0,07,000,00,2,3,05,A01
200700076405,0,07,000,00,2,3,01,B01
200700076406,1,10,000,00,1,3,01,A01
200700076407,0,07,000,00,9,2,15,A01
200700076407,0,02,000,00,2,1,01,B01
200700076408,0,07,000,00,1,3,01,A01
200700076409,0,07,000,15,0,1,01,A01
200700076409,0,07,000,00,0,0,19,B01
200700076410,0,07,000,00,9,2,01,B01
200700076410,0,30,000,00,2,8,01,A01
200700076411,0,07,000,00,0,3,01,B01
200700076411,0,30,000,00,2,1,01,A01
200700076412,0,07,000,00,0,3,01,B01
200700076412,0,02,000,00,2,1,09,A01
200700076413,0,07,000,07,0,8,14,A01
200700076414,0,07,000,00,1,3,01,A01
200700076415,0,07,000,00,1,2,01,A01
200700076416,0,07,000,00,2,7,15,A01
200700076416,0,32,000,00,2,1,01,B01
200700076417,0,17,000,00,2,5,17,A01
200700076417,0,01,000,00,0,0,13,B01
200700076418,0,07,000,00,2,1,15,A01
200700076418,0,07,000,00,2,1,21,B01
200700076419,0,07,000,00,1,3,00,A01
200700076420,0,07,000,00,0,1,14,A01
200700076421,0,07,000,00,2,3,20,A01
200700076421,0,30,000,00,2,1,01,B01
200700076422,1,07,000,00,1,3,09,A01
200700076423,0,07,000,00,1,1,01,A01
200700076424,0,07,000,00,1,2,16,A01
200700076425,0,07,000,02,0,1,13,A01
200700076426,0,07,000,00,1,1,01,A01
200700076427,0,07,000,00,1,1,01,A01
200700076428,0,07,000,14,0,1,01,A01
200700076428,0,07,000,01,0,4,01,B01
200700076428,1,07,000,00,0,0,17,X01
200700076429,0,07,000,00,1,4,04,A01
200700076430,0,07,000,00,0,1,02,A01