Num_Acc,senc,catv,occutc,obs,obsm,choc,manv,num_veh
200700076430,0,07,000,00,0,4,02,B01
200700076430,0,07,000,00,0,4,02,C01
200700076431,0,07,000,00,1,2,01,A01
200700076432,0,07,000,00,1,3,01,A01
200700076433,0,02,000,00,2,1,13,A01
200700076433,0,17,000,00,2,0,01,B01
200700076434,1,07,000,00,2,1,02,A01
200700076434,0,07,000,00,2,4,16,B01
200700076435,2,07,000,00,2,2,00,A01
200700076435,0,07,000,01,2,6,00,B01
200700076435,0,07,000,00,0,1,00,C01
200700076436,0,07,000,14,2,1,02,A01
200700076436,0,07,000,00,2,4,02,B01
200700076436,0,07,000,00,2,4,02,C01
200700076437,0,07,000,00,2,1,02,A01
200700076437,0,07,000,00,2,4,23,B01
200700076437,0,07,000,00,2,4,23,C01
200700076437,0,07,000,00,1,4,23,D01
200700076438,0,30,000,00,2,7,17,A01
200700076438,0,07,000,00,2,3,15,B01
200700076439,0,07,000,00,1,2,01,A01
200700076440,0,07,000,00,1,0,01,A01
200700076441,0,07,000,08,0,1,02,A01
200700076442,0,02,000,00,2,1,02,A01
200700076442,0,07,000,00,2,4,02,B01
200700076443,0,07,000,00,2,1,01,A01
200700076443,0,30,000,00,2,4,23,B01
200700076443,0,07,000,00,2,4,23,C01
200700076444,0,07,000,00,2,1,00,A01
200700076444,0,07,000,00,2,3,00,B01
200700076445,0,01,000,00,2,1,01,A01
200700076445,0,07,000,00,2,2,01,B01
200700076446,0,02,000,00,2,8,01,A01
200700076446,1,07,000,00,2,0,17,B01
200700076447,0,31,000,00,2,8,01,B01
200700076447,0,07,000,00,2,2,02,A01
200700076448,0,07,000,09,1,1,01,A01
200700076449,0,07,000,00,2,1,02,A01
200700076449,0,07,000,00,2,4,02,B01
200700076449,0,07,000,00,2,4,02,C01
200700076450,0,07,000,00,2,1,02,A01
200700076450,0,07,000,00,2,4,02,B01
200700076451,0,14,000,00,2,6,15,A01
200700076451,0,02,000,00,2,1,01,B01
200700076452,0,07,000,00,2,3,15,A01
200700076452,0,07,000,06,2,3,01,B01
200700076453,0,07,000,01,0,8,01,A01
200700076454,0,07,000,00,2,6,15,A01
200700076454,0,30,000,00,2,7,01,B01
200700076455,0,07,000,00,2,8,10,A01
200700076455,0,02,000,00,2,1,01,B01
200700076456,0,07,000,00,2,1,15,A01
200700076456,0,32,000,00,2,1,01,B01
200700076457,0,07,000,00,1,3,16,A01
200700076458,0,07,000,00,2,0,15,A01
200700076458,0,02,000,00,2,8,01,B01
200700076459,0,07,000,02,0,1,01,A01
200700076460,0,07,000,00,1,1,15,A01
200700076461,0,07,000,00,2,8,17,A01
200700076461,0,02,000,00,2,8,15,B01
200700076462,0,07,000,08,0,0,01,A01
200700076463,1,32,000,00,1,0,01,A01
200700076464,0,02,000,00,2,1,17,A01
200700076464,0,07,000,00,2,3,01,B01
200700076465,0,10,000,00,2,1,02,A01
200700076465,0,10,000,00,2,4,02,B01
200700076466,0,07,000,00,2,1,02,A01
200700076466,0,33,000,00,2,4,02,B01
200700076467,0,10,000,00,1,3,15,A01
200700076468,0,01,000,00,2,1,19,A01
200700076468,0,07,000,00,2,2,01,B01
200700076469,0,07,000,00,1,1,01,A01
200700076470,0,07,000,00,2,1,09,A01
200700076470,0,30,000,00,2,1,01,B01
200700076471,0,07,000,00,2,1,15,A01
200700076471,0,32,000,00,2,1,01,B01
200700076472,0,07,000,00,2,7,15,A01
200700076472,0,02,000,00,2,1,01,B01
200700076473,0,07,000,00,1,1,01,A01
200700076474,0,07,000,00,2,3,01,A01
200700076475,0,07,000,00,2,7,10,A01
200700076475,0,33,000,00,2,1,02,B01
200700076476,0,07,000,00,2,1,01,A01
200700076476,0,30,000,00,2,1,01,B01
200700076477,0,07,000,00,2,1,15,A01
200700076477,0,32,000,00,2,1,01,B01
200700076478,0,07,000,00,2,1,01,A01
200700076478,0,32,000,00,2,1,01,B01
200700076479,0,30,000,00,2,1,17,A01
200700076479,0,07,000,00,2,6,15,B01
200700076480,0,30,000,00,2,1,01,B01
200700076480,0,07,000,00,2,1,01,A01
200700076481,0,30,000,00,1,1,01,A01
200700076482,0,30,000,00,2,5,01,B01
200700076482,0,07,000,00,2,2,15,A01
200700076483,0,07,000,00,2,1,00,A01
200700076483,0,01,000,00,2,4,01,B01
200700076484,0,07,000,00,2,6,15,A01
200700076484,0,33,000,00,2,1,02,B01
200700076485,0,07,000,00,2,3,01,A01
200700076485,0,07,000,00,2,2,01,B01
200700076486,0,10,000,00,2,1,15,A01
200700076486,0,30,000,00,2,1,01,B01
200700076487,0,30,000,00,2,2,00,B01
200700076487,0,07,000,00,2,3,16,A01
200700076488,0,10,000,00,2,2,09,A01
200700076488,0,30,000,00,2,1,01,B01
200700076489,0,07,000,01,2,1,00,A01
200700076490,0,07,000,00,2,1,01,B01
200700076490,0,07,000,00,2,8,01,A01
200700076491,0,07,000,00,2,1,02,A01
200700076491,0,33,000,00,2,4,01,B01
200700076491,0,10,000,00,2,5,01,C01
200700076492,0,07,000,00,2,1,15,A01
200700076492,0,07,000,00,2,1,01,B01
200700076493,0,07,000,00,1,1,15,A01
200700076494,0,07,000,01,2,2,01,A01
200700076495,0,07,000,00,2,3,15,A01
200700076495,0,30,000,00,2,1,01,B01
200700076496,0,07,000,00,1,2,01,A01
200700076496,0,07,000,00,2,8,22,B01
200700076497,0,07,000,00,2,5,15,A01
200700076497,0,30,000,00,2,1,01,B01
200700076498,0,30,000,00,2,1,01,B01
200700076498,0,07,000,00,2,3,01,A01
200700076499,0,02,000,12,0,0,01,A01
200700076500,0,30,000,00,2,1,02,A01
200700076500,0,07,000,00,0,4,23,B01
200700076501,0,02,000,00,2,1,17,A01
200700076501,0,07,000,00,0,6,15,B01
200700076502,0,07,000,00,2,1,01,A01
200700076502,0,07,000,00,0,4,23,C01
200700076502,0,07,000,00,2,4,23,B01
200700076503,0,07,000,00,2,1,15,A01
200700076503,0,30,000,00,0,1,01,B01
200700076504,0,30,000,00,2,1,01,B01
200700076504,0,07,000,00,2,8,15,A01
200700076505,1,07,000,00,2,0,00,A01
200700076505,0,01,000,00,0,0,00,B01
200700076506,0,32,000,00,0,0,00,A01
200700076507,0,07,000,00,2,8,15,A01
200700076507,0,30,000,00,2,1,01,B01
200700076508,0,07,000,12,2,2,01,A01
200700076508,0,07,000,00,2,6,01,B01
200700076509,0,07,000,00,2,0,15,A01
200700076509,0,30,000,00,2,1,00,B01
200700076510,0,30,000,00,0,0,00,A01
200700076511,0,30,000,00,0,5,00,B01
200700076511,0,07,000,00,2,1,00,A01
200700076512,0,07,000,12,0,2,14,A01
200700076513,0,07,000,00,2,1,01,A01
200700076513,0,30,000,00,2,7,01,B01
200700076514,0,07,000,11,0,0,13,A01
200700076514,0,30,000,14,0,0,01,B01
200700076515,0,07,000,00,2,3,13,A01
200700076515,0,07,000,00,2,3,01,B01
200700076516,0,10,000,01,2,2,00,A01
200700076517,0,33,000,14,0,0,01,A01
200700076518,0,07,000,00,2,1,01,A01
200700076518,0,07,000,00,0,4,23,B01
200700076519,0,30,000,00,2,2,17,A01
200700076519,0,07,000,00,2,8,15,B01
200700076520,0,07,000,00,2,3,13,A01
200700076520,0,07,000,00,0,3,01,B01
200700076521,0,07,000,08,0,2,14,A01
200700076522,0,07,000,10,0,2,14,A01
200700076523,0,07,000,00,2,3,13,A01
200700076523,0,07,000,00,0,3,01,B01
200700076524,0,07,000,00,1,2,01,A01
200700076525,0,10,000,00,2,2,17,A01
200700076525,0,07,000,00,0,4,23,B01
200700076526,0,07,000,01,0,2,00,A01
200700076527,0,07,000,00,2,2,01,A01
200700076527,0,07,000,00,0,3,15,B01
200700076528,0,07,000,12,2,0,01,A01
200700076528,0,07,000,00,2,3,01,B01
200700076529,0,07,000,00,0,8,00,A01
200700076529,0,02,000,00,2,1,01,B01
200700076530,0,31,000,00,2,9,01,A01
200700076530,0,07,000,00,0,3,16,B01
200700076531,0,33,000,01,0,1,01,A01
200700076532,0,02,000,12,0,3,01,A01
200700076533,0,02,000,00,0,1,14,A01
200700076533,1,07,000,00,0,0,10,B01
200700076534,0,07,000,00,0,8,15,A01
200700076534,0,02,000,00,2,1,17,B01
200700076535,0,02,000,15,0,1,01,A01
200700076536,0,33,000,00,0,7,17,A01
200700076536,0,07,000,00,2,8,15,B01
200700076537,0,32,000,00,2,1,02,A01
200700076537,0,07,000,00,0,4,23,B01
200700076538,0,33,000,00,0,8,17,B01
200700076538,0,07,000,00,2,1,09,A01
200700076539,0,07,000,00,1,1,01,A01
200700076540,1,07,000,00,0,3,01,B01
200700076540,0,32,000,00,2,1,01,A01
200700076541,0,32,000,00,2,1,01,A01
200700076541,0,07,000,00,0,1,15,B01
200700076542,0,07,000,00,2,1,01,A01
200700076542,0,07,000,00,2,4,01,B01
200700076543,0,07,000,00,0,0,00,A01
200700076544,0,07,000,00,1,1,01,A01
200700076545,0,07,000,01,2,3,09,A01
200700076545,0,07,000,00,2,2,01,B01
200700076546,0,07,000,00,2,7,12,A01
200700076546,0,32,000,00,2,0,00,B01
200700076547,0,07,000,00,1,1,01,A01
200700076548,0,14,000,00,1,1,01,A01
200700076549,0,07,000,00,1,3,01,A01
200700076550,0,07,000,00,2,1,01,A01
200700076550,0,07,000,01,2,3,01,B01
200700076551,0,07,000,00,0,0,15,A01
200700076551,0,30,000,00,0,8,01,B01
200700076552,0,07,000,00,0,8,22,A01
200700076552,0,30,000,01,0,1,02,B01
200700076553,0,07,000,00,2,3,15,A01
200700076553,0,02,000,00,2,9,01,B01
200700076554,0,30,000,00,2,1,15,A01
200700076554,0,30,000,01,2,1,01,B01
200700076555,0,10,000,00,2,5,17,A01
200700076555,0,02,000,00,2,3,01,B01
200700076556,0,15,000,07,4,4,00,A01
200700076556,0,40,000,00,2,6,01,B01
200700076557,0,07,000,00,2,1,15,A01
200700076557,0,33,000,00,2,1,01,B01
200700076558,0,07,000,00,2,3,13,A01
200700076558,0,32,000,00,2,2,17,B01
200700076559,0,07,000,00,2,5,17,A01
200700076559,0,31,000,00,2,1,01,B01
200700076560,0,40,000,00,1,1,01,A01
200700076561,0,07,000,00,2,1,01,A01
200700076561,0,31,000,00,2,1,01,B01
200700076561,0,07,000,00,2,6,01,C01
200700076562,0,07,000,00,0,0,00,A01
200700076562,0,07,000,00,2,4,01,B01
200700076562,0,31,000,00,2,1,01,C01
200700076562,0,33,000,00,2,4,01,D01
200700076562,0,07,000,00,2,1,01,E01
200700076563,0,02,000,00,2,1,00,A01
200700076563,0,31,000,00,2,1,17,B01
200700076563,0,07,000,00,2,3,01,C01
200700076564,0,07,000,00,2,5,15,A01
200700076564,0,33,000,00,2,1,01,B01
200700076565,0,07,000,00,1,3,01,A01
200700076566,0,07,000,00,2,6,15,A01
200700076566,0,33,000,00,2,1,02,B01
200700076567,0,07,000,00,2,4,23,C01
200700076567,0,07,000,00,2,1,01,A01
200700076567,0,07,000,00,2,9,23,B01
200700076568,0,02,000,00,2,1,01,A01
200700076568,0,07,000,00,2,5,01,B01
200700076569,0,10,000,00,2,1,00,A01
200700076569,0,07,000,00,2,4,00,B01
200700076569,0,07,000,00,2,1,00,C01
200700076570,0,10,000,00,2,2,15,A01
200700076570,0,31,000,00,2,1,01,B01
200700076571,0,07,000,07,2,3,01,A01
200700076571,0,07,000,00,2,3,15,B01
200700076572,0,07,000,00,2,1,01,A01
200700076572,0,07,000,00,2,8,01,B01
200700076573,0,07,000,00,1,1,01,A01
200700076574,0,07,000,00,2,1,01,A01
200700076574,0,07,000,00,2,4,02,B01
200700076574,0,07,000,00,2,4,02,C01
200700076574,0,07,000,00,2,4,02,D01
200700076575,0,07,000,00,2,4,01,A01
200700076575,1,07,000,00,2,0,01,B01
200700076576,0,07,000,00,1,2,01,A01
200700076577,0,07,000,00,2,1,01,A01
200700076577,0,07,000,00,2,4,01,B01
200700076578,0,33,000,00,0,6,01,A01
200700076579,0,07,000,00,2,1,13,A01
200700076579,0,07,000,00,2,1,01,B01
200700076580,0,07,000,00,2,3,00,A01
200700076580,0,07,000,06,2,7,01,B01
200700076581,0,07,000,00,2,3,09,A01
200700076581,0,02,000,00,2,1,17,B01
200700076582,0,02,000,00,2,2,00,A01
200700076582,0,07,000,00,2,3,15,B01
200700076583,0,10,000,00,4,5,04,A01
200700076583,0,40,000,00,2,8,01,B01
200700076584,0,07,000,00,2,7,15,A01
200700076584,0,32,000,00,2,8,01,B01
200700076585,0,07,000,00,2,2,02,A01
200700076585,0,33,000,00,2,6,02,B01
200700076586,0,07,000,00,2,5,15,A01
200700076586,0,31,000,00,2,1,13,B01
200700076587,0,37,001,00,1,2,07,A01
200700076588,0,07,000,00,1,1,00,A01
200700076589,0,14,000,00,2,2,02,A01
200700076589,0,14,000,00,2,4,00,B01
200700076590,0,30,000,00,2,1,02,A01
200700076590,0,07,000,00,0,0,00,B01
200700076591,0,07,000,00,2,1,01,A01
200700076591,0,07,000,00,2,4,02,B01
200700076591,0,07,000,00,2,4,02,C01
200700076592,0,07,000,00,2,7,01,A01
200700076592,0,30,000,00,2,1,01,B01
200700076593,0,02,000,00,2,1,01,B01
200700076593,0,07,000,00,2,3,15,A01
200700076594,0,07,000,00,2,3,15,A01
200700076594,0,02,000,00,2,3,17,B01
200700076595,0,07,000,00,2,3,10,A01
200700076595,0,33,000,00,2,2,01,B01
200700076596,0,07,000,00,2,1,02,A01
200700076596,0,07,000,00,2,4,02,B01
200700076596,0,07,000,00,2,4,02,C01
200700076597,0,07,000,00,2,3,09,A01
200700076597,0,31,000,00,2,1,01,B01
200700076598,0,10,000,00,2,1,15,B01
200700076598,0,02,000,00,2,1,02,A01
200700076598,0,07,000,00,2,0,02,C01
200700076599,0,07,000,00,2,1,01,A01
200700076599,0,07,000,00,2,4,01,B01
200700076600,0,07,000,00,2,2,09,A01
200700076600,0,07,000,00,2,1,02,B01
200700076601,0,07,000,00,0,3,16,A01
200700076601,0,07,000,00,2,1,01,B01
200700076602,0,02,000,00,2,1,01,A01
200700076602,0,07,000,00,2,4,23,B01
200700076603,0,07,000,00,2,8,15,A01
200700076603,0,02,000,00,2,8,17,B01
200700076604,1,07,000,00,2,4,04,A01
200700076604,0,07,000,00,2,1,01,B01
200700076605,0,07,000,00,2,1,01,A01
200700076605,0,07,000,00,2,1,15,B01
200700076606,0,07,000,00,2,5,16,A01
200700076606,0,02,000,00,2,0,00,B01
200700076607,0,07,000,00,2,2,01,A01
200700076607,0,02,000,00,2,3,01,B01
200700076608,0,07,000,00,2,6,04,A01
200700076608,0,02,000,00,2,8,01,B01
200700076609,0,07,000,00,2,5,15,A01
200700076609,0,32,000,00,2,1,05,B01
200700076610,0,10,000,00,2,8,10,A01
200700076610,0,02,000,00,2,1,01,B01
200700076611,0,07,000,00,2,2,13,A01
200700076611,0,33,000,00,2,1,02,B01
200700076612,0,07,000,00,2,7,06,A01
200700076612,0,33,000,00,2,1,01,B01
200700076613,0,33,000,08,0,1,01,A01
200700076614,0,31,000,00,2,1,01,A01
200700076614,0,20,000,00,2,5,23,B01
200700076615,0,02,000,00,2,1,01,A01
200700076615,0,31,000,00,2,4,01,B01
200700076616,0,07,000,00,2,2,14,A01
200700076616,0,07,000,01,2,0,20,B01
200700076617,0,07,000,00,2,1,01,A01
200700076617,0,02,000,00,2,4,02,B01
200700076618,0,07,000,00,2,4,23,A01
200700076618,0,07,000,00,2,8,01,B01
200700076618,0,31,000,14,0,1,01,C01
200700076619,0,07,000,00,2,3,02,A01
200700076619,0,02,000,00,2,2,02,B01
200700076620,0,07,000,00,2,1,02,A01
200700076620,0,07,000,00,2,4,02,B01
200700076620,0,07,000,00,2,4,02,C01
200700076621,0,10,000,00,2,2,01,B01
200700076621,0,02,000,00,2,8,01,A01
200700076622,0,07,000,00,2,3,15,A01
200700076622,0,30,000,00,2,0,02,B01
200700076623,0,07,000,00,2,3,15,A01
200700076623,0,02,000,00,2,0,17,B01
200700076624,0,02,000,00,2,2,17,A01
200700076624,0,07,000,00,2,3,13,B01
200700076625,0,33,000,00,1,1,01,A01
200700076626,0,10,000,00,2,1,17,A01
200700076626,0,07,000,00,2,1,02,B01
200700076626,0,31,000,12,0,2,21,C01
200700076627,0,02,000,00,0,0,00,A01
200700076628,0,33,000,00,2,8,00,A01
200700076628,0,07,000,00,2,2,00,B01
200700076629,0,07,000,00,0,0,00,A01
200700076630,0,10,000,00,2,3,10,A01
200700076630,0,32,000,00,2,1,02,B01
200700076631,0,07,000,00,2,3,15,A01
200700076631,0,33,000,00,2,1,02,B01
200700076632,0,07,000,00,2,3,15,A01
200700076632,0,02,000,00,2,1,01,B01
200700076633,0,07,000,00,2,3,02,A01
200700076634,0,33,000,00,1,0,02,A01
200700076635,0,07,000,08,2,2,00,A01
200700076635,0,10,000,00,2,3,00,B01
200700076636,0,07,000,00,2,2,01,A01
200700076636,0,31,000,00,2,1,15,B01
200700076637,0,07,000,00,1,3,01,A01
200700076638,0,07,000,00,1,1,01,A01
200700076639,0,34,000,00,2,1,01,A01
200700076639,0,10,000,00,2,1,01,B01
200700076640,0,07,000,14,0,1,02,A01
200700076640,0,07,000,00,2,4,02,B01
200700076641,0,07,000,00,2,0,09,A01
200700076641,0,07,000,00,2,2,02,B01
200700076642,0,34,000,00,2,8,01,A01
200700076642,0,07,000,00,2,7,01,B01
200700076643,0,37,000,00,1,3,01,A01
200700076644,0,07,000,00,2,3,02,A01
200700076645,0,40,000,00,1,1,01,A01
200700076646,0,02,000,00,2,2,01,A01
200700076646,0,07,000,00,2,3,15,B01
200700076647,0,07,000,00,2,3,15,A01
200700076647,0,33,000,00,2,3,01,B01
200700076648,1,07,000,00,1,1,01,A01
200700076649,0,02,000,00,2,0,00,A01
200700076649,1,07,000,00,2,0,00,B01
200700076649,0,07,000,00,0,0,00,C01
200700076650,0,10,000,00,2,1,01,A01
200700076650,0,07,000,00,2,4,01,B01
200700076650,0,07,000,00,2,4,01,C01
200700076650,0,07,000,00,0,0,01,D01
200700076651,0,02,000,00,1,1,01,A01
200700076652,0,07,000,00,1,3,01,A01
200700076653,0,07,000,00,1,0,09,A01
200700076654,0,07,000,14,0,1,11,A01
200700076654,0,07,000,00,0,4,01,B01
200700076655,0,07,000,00,2,3,11,A01
200700076655,0,32,000,00,2,7,01,B01
200700076656,0,07,000,00,2,3,15,B01
200700076656,0,02,000,00,2,1,01,A01
200700076657,0,01,000,00,9,1,01,B01
200700076657,0,01,000,00,2,1,01,A01
200700076658,0,02,000,00,2,1,19,A01
200700076658,0,31,000,00,2,7,01,B01
200700076659,0,07,000,00,2,3,01,B01
200700076659,0,02,000,00,2,9,13,A01
200700076660,0,07,000,00,0,9,14,A01
200700076661,0,07,000,00,2,3,19,A01
200700076661,0,30,000,00,2,1,01,B01
200700076662,0,07,000,00,2,1,15,A01
200700076662,0,07,000,00,2,1,01,B01
200700076663,0,07,000,11,0,1,01,A01
200700076664,0,07,000,00,1,1,01,A01
200700076665,0,07,000,00,1,2,16,A01
200700076666,0,07,000,08,0,6,13,A01
200700076667,0,10,000,00,1,1,01,A01
200700076668,0,33,000,12,2,7,00,A01
200700076669,0,07,000,00,2,1,02,A01
200700076669,0,07,000,00,2,4,23,B01
200700076670,0,07,000,00,2,1,09,A01
200700076670,0,01,000,00,2,4,01,B01
200700076671,0,07,000,00,2,3,16,A01
200700076671,0,32,000,01,2,1,01,B01
200700076672,0,07,000,00,1,1,01,A01
200700076673,0,31,000,00,1,1,01,A01
200700076674,0,07,000,00,2,1,13,A01
200700076674,0,07,000,00,2,1,01,B01
200700076675,0,14,000,00,0,0,02,A01
200700076676,0,07,000,02,2,2,17,A01
200700076676,0,07,000,00,2,3,15,B01
200700076677,0,07,000,00,2,3,01,A01
200700076677,0,07,000,00,2,3,13,B01
200700076678,0,07,000,00,2,6,13,A01
200700076678,0,33,000,00,2,1,17,B01
200700076679,0,07,000,00,1,3,01,A01
200700076679,0,15,000,00,0,0,00,B01
200700076680,0,07,000,13,2,9,17,A01
200700076680,0,07,000,00,0,6,02,B01
200700076681,0,07,000,00,2,1,01,A01
200700076681,0,05,000,00,2,1,01,B01
200700076682,0,07,000,00,1,1,01,A01
200700076683,0,07,000,00,1,1,01,A01
200700076684,0,07,000,00,2,1,02,A01
200700076684,0,07,000,00,2,4,02,B01
200700076684,0,07,000,00,2,4,02,C01
200700076685,0,07,000,00,1,1,01,A01
200700076686,0,07,000,00,2,2,01,A01
200700076686,0,07,000,00,2,1,15,B01
200700076687,0,07,000,00,2,3,01,A01
200700076687,0,07,000,00,2,3,15,B01
200700076688,0,07,000,00,2,3,01,A01
200700076688,0,07,000,06,2,3,01,B01
200700076689,0,07,000,00,1,0,01,A01
200700076690,0,07,000,00,1,4,04,A01
200700076691,0,07,000,00,1,1,15,A01
200700076692,0,14,000,00,2,1,01,A01
200700076692,0,15,000,00,2,4,01,B01
200700076693,0,07,000,00,2,3,15,A01
200700076693,0,02,000,00,2,1,01,B01
200700076694,0,07,000,08,0,3,01,A01
200700076695,0,07,000,16,0,8,01,A01
200700076696,0,10,000,00,1,3,01,A01
200700076697,0,10,000,00,2,3,16,A01
200700076697,0,31,000,00,2,1,01,B01
200700076698,0,15,000,00,2,1,01,B01
200700076698,0,07,000,00,2,8,19,A01
200700076699,0,07,000,00,2,1,13,A01
200700076699,0,07,000,00,2,1,05,B01
200700076700,0,07,000,00,2,3,15,A01
200700076700,0,34,000,00,2,1,01,B01
200700076701,0,07,000,01,1,1,14,A01
200700076701,0,07,000,00,0,4,24,B01
200700076702,0,07,000,00,1,1,01,A01
200700076703,0,07,000,00,1,1,15,A01
200700076704,0,07,000,00,2,1,00,A01
200700076704,0,30,000,00,2,4,00,B01
200700076705,0,32,000,00,2,0,17,B01
200700076705,1,99,000,00,2,0,17,A01
200700076706,0,07,000,00,2,2,12,A01
200700076706,0,07,000,00,0,3,01,B01
200700076706,0,07,000,00,2,4,01,C01
200700076706,0,07,000,00,2,4,01,D01
200700076707,0,07,000,03,0,1,01,A01
200700076708,0,07,000,14,0,1,01,A01
200700076708,0,07,000,00,2,4,01,B01
200700076708,0,07,000,00,2,4,01,C01
200700076709,0,07,000,00,9,0,01,B01
200700076709,0,01,000,00,0,0,01,A01
200700076710,0,33,000,00,2,2,01,B01
200700076710,0,99,000,00,2,3,09,A01
200700076711,0,31,000,00,2,1,17,A01
200700076711,0,30,000,00,2,1,17,B01
200700076711,0,07,000,00,2,3,01,C01
200700076711,0,07,000,00,2,8,01,D01
200700076712,0,07,000,00,2,3,17,A01
200700076712,0,07,000,00,2,3,01,B01
200700076713,0,07,000,00,1,1,01,A01
200700076714,0,07,000,02,0,7,01,A01
200700076715,0,07,000,11,2,1,06,A01
200700076715,0,07,000,00,2,1,01,B01
200700076715,0,07,000,00,2,2,01,C01
200700076716,0,17,000,00,0,7,01,A01
200700076717,0,07,000,14,9,1,02,A01
200700076717,0,07,000,00,2,4,23,B01
200700076718,1,07,000,00,2,8,15,A01
200700076718,0,33,000,00,2,5,17,B01
200700076719,0,07,000,00,2,1,21,A01
200700076719,0,07,000,00,2,1,01,B01
200700076720,0,07,000,02,0,2,01,A01
200700076721,1,07,000,00,2,1,00,A01
200700076721,0,32,000,00,2,4,00,B01
200700076722,0,07,000,00,2,3,15,A01
200700076722,0,33,000,00,2,1,17,B01
200700076723,0,07,000,00,2,5,15,A01
200700076723,0,30,000,00,2,1,01,B01
200700076724,0,07,000,00,2,1,02,A01
200700076724,0,07,000,00,2,4,02,B01
200700076725,0,07,000,00,2,1,13,A01
200700076725,0,07,000,00,0,1,01,B01
200700076726,0,17,000,00,2,1,01,A01
200700076726,0,07,000,00,2,1,01,B01
200700076726,0,07,000,00,0,4,01,C01
200700076727,0,34,000,14,0,0,01,A01
200700076728,0,99,000,00,2,1,19,A01
200700076728,0,07,000,00,0,2,01,B01
200700076729,0,33,000,00,2,3,01,A01
200700076729,0,07,000,00,2,2,14,B01
200700076730,0,07,000,00,2,1,02,A01
200700076730,0,07,000,00,2,9,02,B01
200700076730,0,07,000,00,2,4,02,C01
200700076731,0,07,000,00,0,0,00,A01
200700076732,0,07,000,00,2,1,01,B01
200700076732,0,07,000,00,2,1,13,A01
200700076733,0,07,000,00,2,1,02,A01
200700076733,0,07,000,00,1,9,23,B01
200700076733,0,07,000,00,2,7,23,C01
200700076734,0,07,000,00,2,7,15,A01
200700076734,0,30,000,00,2,1,01,B01
200700076735,0,32,000,01,0,2,05,A01
200700076735,0,07,000,00,2,2,20,B01
200700076736,0,13,000,00,2,1,02,A01
200700076736,0,07,000,00,2,4,02,B01
200700076737,0,16,000,00,2,2,01,A01
200700076737,0,07,000,00,2,3,00,B01
200700076738,0,10,000,00,1,4,04,A01
200700076739,0,07,000,00,2,2,11,A01
200700076739,0,02,000,00,2,1,01,B01
200700076740,0,07,000,00,2,2,15,A01
200700076740,0,34,000,00,2,1,01,B01
200700076741,0,07,000,00,2,1,15,A01
200700076741,0,30,000,00,2,1,01,B01
200700076742,0,14,000,00,2,6,23,A01
200700076742,0,07,000,00,2,3,15,B01
200700076743,0,30,000,00,2,1,11,A01
200700076743,0,07,000,00,2,3,01,B01
200700076744,0,07,000,00,1,3,04,A01
200700076745,0,30,000,00,2,1,11,A01
200700076745,0,07,000,00,2,8,11,B01
200700076746,0,32,000,00,2,2,01,A01
200700076746,0,07,000,00,2,3,16,B01
200700076747,0,07,000,15,0,1,02,A01
200700076748,0,07,000,00,2,3,17,A01
200700076748,0,07,000,10,2,8,01,B01
200700076749,0,33,000,00,2,1,17,A01
200700076749,0,07,000,00,9,3,15,B01
200700076750,0,07,000,00,0,1,02,A01
200700076750,0,07,000,00,2,4,02,B01
200700076750,0,07,000,00,2,4,02,C01
200700076751,0,07,000,00,1,1,00,A01
200700076752,0,07,000,00,2,1,02,A01
200700076752,0,34,000,00,2,4,02,B01
200700076753,0,07,000,00,2,1,01,A01
200700076753,0,07,000,00,2,4,02,B01
200700076753,0,07,000,00,0,4,01,C01
200700076754,0,07,000,00,1,4,04,A01
200700076755,0,07,000,00,2,1,02,A01
200700076755,0,07,000,00,0,4,23,B01
200700076756,0,07,000,00,2,3,15,A01
200700076756,0,30,000,00,2,1,17,B01
200700076757,0,13,000,00,1,1,01,A01
200700076758,0,07,000,00,0,3,15,A01
200700076758,0,07,000,00,0,0,13,B01
200700076759,0,07,000,00,2,1,02,A01
200700076759,0,07,000,00,2,4,02,B01
200700076759,0,07,000,00,2,4,02,C01
200700076759,0,07,000,00,2,4,02,D01
200700076760,0,07,000,00,2,2,15,A01
200700076760,0,31,000,00,2,1,01,B01
200700076761,0,07,000,00,2,8,15,A01
200700076761,0,02,000,00,2,7,02,B01
200700076762,0,07,000,00,2,3,01,A01
200700076762,0,07,000,00,2,2,01,B01
200700076763,0,07,000,00,2,3,09,A01
200700076763,0,07,000,00,2,7,02,B01
200700076764,0,33,000,00,2,8,09,A01
200700076764,0,07,000,00,2,4,09,B01
200700076765,0,07,000,00,2,1,00,A01
200700076765,0,07,000,00,2,1,00,B01
200700076766,0,07,000,00,2,0,14,A01
200700076766,0,07,000,00,0,6,01,B01
200700076767,0,30,000,00,2,3,00,A01
200700076767,0,07,000,00,2,1,00,B01
200700076768,0,30,000,00,2,7,15,B01
200700076768,1,07,000,00,0,0,00,A01
200700076769,0,07,000,00,2,8,00,A01
200700076769,0,07,000,00,2,1,02,B01
200700076770,0,32,000,00,1,1,01,A01
200700076771,0,07,000,06,2,2,00,A01
200700076771,0,33,000,00,2,9,01,B01
200700076772,0,07,000,00,0,4,23,B01
200700076772,1,07,000,00,2,1,02,A01
200700076773,0,34,000,00,2,0,00,A01
200700076773,0,07,000,00,2,0,00,B01