Num_Acc,senc,catv,occutc,obs,obsm,choc,manv,num_veh
200700076774,0,07,000,04,0,1,00,A01
200700076775,0,07,000,00,2,1,15,A01
200700076775,0,07,000,00,2,1,01,B01
200700076776,0,07,000,10,0,9,02,A01
200700076777,0,33,000,00,2,3,02,A01
200700076777,0,07,000,00,2,4,02,B01
200700076778,0,32,000,00,2,8,18,A01
200700076778,0,07,000,00,4,5,16,B01
200700076779,0,07,000,00,2,7,17,A01
200700076779,0,13,000,00,2,3,13,B01
200700076780,0,07,000,00,2,1,01,A01
200700076780,0,07,000,00,2,2,01,B01
200700076781,0,07,000,00,2,1,02,A01
200700076781,0,07,000,00,0,4,02,B01
200700076782,0,07,000,06,0,7,09,A01
200700076782,0,32,000,00,2,1,02,B01
200700076783,0,07,000,00,1,2,01,A01
200700076784,0,34,000,00,1,1,02,A01
200700076785,0,32,000,00,1,1,01,A01
200700076786,0,07,000,00,2,2,02,A01
200700076786,0,07,000,00,2,3,02,B01
200700076787,0,33,000,00,2,1,01,A01
200700076787,0,07,000,00,2,8,11,B01
200700076788,0,37,001,01,0,5,15,A01
200700076788,0,07,000,00,2,5,24,B01
200700076789,0,30,000,00,2,1,01,A01
200700076789,0,07,000,00,2,3,01,B01
200700076790,0,14,000,00,2,2,20,A01
200700076790,0,33,000,00,2,1,01,B01
200700076791,0,07,000,00,2,1,01,A01
200700076791,0,07,000,00,2,8,19,B01
200700076792,0,07,000,00,0,0,00,A01
200700076792,0,07,000,00,2,4,02,B01
200700076793,0,10,000,00,2,3,10,A01
200700076793,0,07,000,00,2,7,17,B01
200700076794,0,30,000,00,2,1,01,A01
200700076794,0,07,000,00,9,5,23,B01
200700076795,0,15,000,00,2,1,02,A01
200700076795,0,07,000,00,0,4,02,B01
200700076796,0,30,000,00,2,4,01,A01
200700076796,1,07,000,00,2,1,02,B01
200700076797,0,07,000,00,2,8,01,A01
200700076797,0,10,000,00,2,8,01,B01
200700076798,0,33,000,00,2,1,05,A01
200700076798,0,07,000,00,2,1,01,B01
200700076799,0,07,000,00,2,3,01,A01
200700076799,0,99,000,00,2,2,01,B01
200700076800,0,07,000,00,2,3,01,A01
200700076801,0,30,000,00,2,1,01,A01
200700076801,0,07,000,00,2,5,15,B01
200700076802,0,34,000,00,2,7,17,A01
200700076802,0,07,000,00,2,3,15,B01
200700076803,0,31,000,01,1,1,05,A01
200700076804,0,31,000,01,2,9,15,A01
200700076804,0,07,000,00,2,8,01,B01
200700076804,0,07,000,00,2,8,01,C01
200700076805,0,10,000,00,0,0,10,A01
200700076805,0,30,000,00,2,0,21,B01
200700076806,0,07,000,00,1,3,15,A01
200700076807,0,02,000,00,2,1,02,A01
200700076807,0,07,000,00,0,4,02,B01
200700076808,0,07,000,00,0,1,02,A01
200700076808,0,10,000,00,0,4,02,B01
200700076809,0,07,000,00,0,3,02,A01
200700076810,0,07,000,00,2,7,16,A01
200700076810,0,33,000,01,2,8,01,B01
200700076811,0,07,000,00,0,3,15,A01
200700076811,0,30,000,00,0,1,17,B01
200700076812,0,07,000,00,2,3,02,A01
200700076812,0,32,000,00,2,1,02,B01
200700076813,0,07,000,00,2,5,15,A01
200700076813,0,30,000,00,2,1,01,B01
200700076814,0,07,000,00,2,3,15,A01
200700076814,0,07,000,00,2,1,00,B01
200700076815,0,32,000,00,1,1,01,A01
200700076815,0,07,000,00,0,6,23,B01
200700076816,0,30,000,00,0,0,00,A01
200700076817,0,01,000,00,2,0,11,A01
200700076817,0,15,000,00,9,5,01,B01
200700076818,0,34,000,12,0,7,01,A01
200700076819,0,07,000,00,2,2,15,A01
200700076819,0,02,000,00,2,1,01,B01
200700076819,0,07,000,00,0,4,00,C01
200700076820,1,07,000,00,1,0,00,A01
200700076821,1,07,000,00,0,0,00,A01
200700076822,0,07,000,00,2,4,01,A01
200700076822,1,07,000,00,2,0,00,B01
200700076823,0,07,000,15,0,1,01,A01
200700076824,1,30,000,00,1,0,05,A01
200700076825,0,07,000,00,1,3,01,A01
200700076826,0,07,000,00,2,7,00,A01
200700076826,0,07,000,00,2,3,01,B01
200700076827,0,07,000,00,2,0,15,A01
200700076827,0,02,000,00,2,0,17,B01
200700076828,0,07,000,00,0,8,01,B01
200700076828,0,07,000,00,2,1,01,A01
200700076829,0,07,000,00,2,3,10,A01
200700076829,0,33,000,00,2,1,02,B01
200700076830,0,32,000,00,2,1,00,A01
200700076830,0,07,000,00,2,3,00,B01
200700076831,0,07,000,00,2,2,01,A01
200700076831,0,07,000,00,2,3,01,B01
200700076832,0,32,000,00,2,2,02,A01
200700076832,0,07,000,00,2,3,09,B01
200700076833,0,07,000,00,2,6,01,A01
200700076833,0,07,000,00,2,3,01,B01
200700076834,0,30,000,00,2,0,01,A01
200700076834,0,07,000,00,2,1,01,B01
200700076835,0,07,000,08,0,1,01,A01
200700076836,0,07,000,00,2,1,01,A01
200700076836,0,07,000,00,2,2,01,B01
200700076837,0,30,000,00,2,1,02,B01
200700076837,0,07,000,00,2,2,02,A01
200700076838,0,33,000,03,0,4,01,A01
200700076839,2,07,000,00,2,1,02,A01
200700076839,0,07,000,00,0,6,01,B01
200700076839,0,07,000,00,0,8,24,C01
200700076840,0,99,000,00,0,0,00,A01
200700076841,0,07,000,00,0,0,09,A01
200700076841,0,33,000,00,2,3,01,B01
200700076842,0,31,000,01,0,1,14,A01
200700076843,0,07,000,00,2,6,02,B01
200700076843,0,07,000,00,2,1,02,C01
200700076843,2,07,000,00,2,1,15,A01
200700076844,0,07,000,00,2,3,09,A01
200700076844,0,02,000,00,2,7,01,B01
200700076845,0,07,000,00,1,1,01,A01
200700076846,0,07,000,12,0,1,00,A01
200700076847,0,07,000,00,2,1,01,A01
200700076847,0,07,000,00,2,3,01,B01
200700076848,0,32,000,00,0,7,02,A01
200700076849,0,07,000,00,2,1,05,A01
200700076849,0,33,000,00,2,2,02,B01
200700076850,1,07,000,00,0,0,00,A01
200700076851,1,30,000,00,2,1,01,A01
200700076851,0,31,000,00,0,8,01,B01
200700076852,0,99,000,00,1,7,15,A01
200700076853,0,34,000,00,9,1,01,A01
200700076853,0,01,000,00,2,8,19,B01
200700076854,0,07,000,00,0,5,01,A01
200700076854,0,33,000,00,0,0,01,B01
200700076855,0,07,000,00,2,1,01,A01
200700076855,0,07,000,00,2,2,15,B01
200700076856,0,34,000,15,0,1,21,A01
200700076857,0,07,000,00,2,8,15,A01
200700076857,0,32,000,00,2,1,17,B01
200700076858,0,33,000,00,0,0,01,A01
200700076859,0,07,000,00,2,3,01,A01
200700076859,0,07,000,00,2,3,00,B01
200700076860,0,07,000,00,2,1,15,A01
200700076860,0,32,000,00,2,1,01,B01
200700076861,0,07,000,00,1,1,15,A01
200700076862,0,07,000,00,0,3,01,A01
200700076862,0,34,000,00,0,1,02,B01
200700076863,0,03,000,06,0,1,16,A01
200700076864,0,07,000,00,2,1,02,A01
200700076864,0,07,000,00,2,4,02,B01
200700076864,0,07,000,00,0,4,02,C01
200700076865,0,07,000,00,2,1,01,A01
200700076865,0,07,000,00,2,5,12,B01
200700076866,0,07,000,00,2,1,01,A01
200700076866,0,07,000,00,2,5,01,B01
200700076866,0,07,000,00,2,6,01,C01
200700076867,0,07,000,00,2,2,15,A01
200700076867,0,33,000,01,2,2,01,B01
200700076868,0,07,000,00,2,1,02,A01
200700076868,0,07,000,00,2,4,02,B01
200700076869,0,30,000,00,2,7,02,A01
200700076869,0,07,000,00,2,8,02,B01
200700076870,0,07,000,00,2,1,02,A01
200700076870,0,07,000,00,2,4,02,B01
200700076871,0,30,000,00,2,1,02,A01
200700076871,0,07,000,00,0,6,02,B01
200700076872,2,07,000,00,2,1,01,A01
200700076872,0,07,000,00,2,8,01,B01
200700076873,0,34,000,00,2,1,02,A01
200700076873,0,07,000,00,2,4,16,B01
200700076874,0,07,000,00,1,1,01,A01
200700076875,0,07,000,00,2,4,02,A01
200700076875,0,07,000,00,2,1,02,B01
200700076876,0,07,000,00,2,2,15,A01
200700076876,0,07,000,00,2,6,15,B01
200700076877,0,02,000,00,2,8,18,A01
200700076877,0,07,000,00,2,7,01,B01
200700076878,0,07,000,00,2,4,02,B01
200700076878,0,33,000,00,2,1,02,A01
200700076879,0,32,000,00,0,2,01,A01
200700076880,0,07,000,04,0,3,17,A01
200700076881,0,07,000,00,2,3,15,A01
200700076881,0,07,000,00,0,3,02,B01
200700076882,0,07,000,00,0,8,15,A01
200700076882,0,33,000,00,2,1,01,B01
200700076883,0,07,000,00,2,2,16,A01
200700076883,0,02,000,00,2,8,01,B01
200700076884,0,07,000,00,2,0,20,A01
200700076884,0,34,000,00,0,4,02,B01
200700076885,0,07,000,04,0,1,06,A01
200700076886,0,07,000,08,0,1,01,A01
200700076887,0,07,000,00,0,0,00,A01
200700076887,0,07,000,00,0,0,00,B01
200700076888,0,03,000,00,2,7,01,A01
200700076888,1,07,000,00,2,1,01,B01
200700076889,1,07,000,00,0,0,00,A01
200700076890,0,07,000,00,0,8,20,A01
200700076890,0,30,000,00,2,1,02,B01
200700076891,0,32,000,00,2,8,00,A01
200700076891,0,07,000,00,2,6,01,B01
200700076892,0,07,000,00,2,2,15,A01
200700076892,0,02,000,01,2,1,17,B01
200700076893,0,07,000,00,0,3,01,A01
200700076893,0,07,000,00,0,2,23,B01
200700076894,0,07,000,00,0,1,11,A01
200700076894,0,07,000,01,0,6,20,B01
200700076895,0,15,000,04,0,3,02,A01
200700076896,0,07,000,00,1,1,01,A01
200700076897,0,07,000,00,0,7,10,A01
200700076897,0,07,000,00,0,1,00,B01
200700076898,0,34,000,00,1,1,17,A01
200700076899,0,07,000,00,2,3,09,A01
200700076899,0,02,000,00,2,2,17,B01
200700076900,0,07,000,01,2,1,02,A01
200700076900,0,07,000,00,2,3,02,B01
200700076901,0,07,000,00,2,1,02,A01
200700076901,0,07,000,00,2,4,23,B01
200700076901,0,07,000,00,2,4,23,C01
200700076901,0,07,000,00,2,4,23,D01
200700076902,0,33,000,00,2,1,17,A01
200700076902,0,07,000,00,2,8,15,B01
200700076903,0,07,000,00,2,8,04,A01
200700076903,0,33,000,00,2,1,01,B01
200700076904,0,07,000,00,2,4,02,A01
200700076904,0,07,000,00,2,4,23,B01
200700076904,0,07,000,00,2,4,23,C01
200700076904,0,07,000,00,2,4,23,D01
200700076905,0,07,000,00,2,2,02,A01
200700076905,0,30,000,00,2,8,09,B01
200700076906,0,07,000,00,2,3,01,A01
200700076906,0,33,000,00,2,3,01,B01
200700076907,0,07,000,00,0,0,10,A01
200700076907,0,34,000,00,0,0,02,B01
200700076908,0,32,000,00,2,1,01,A01
200700076909,1,07,000,00,1,0,02,A01
200700076910,0,07,000,00,1,3,01,A01
200700076911,1,30,000,00,1,1,05,A01
200700076912,0,07,000,00,2,2,06,A01
200700076912,0,33,000,00,2,1,02,B01
200700076913,0,37,000,00,0,0,00,A01
200700076914,0,07,000,00,2,3,05,A01
200700076914,0,07,000,00,2,3,01,B01
200700076915,0,07,000,08,0,2,01,A01
200700076916,0,07,000,00,2,1,02,A01
200700076916,0,07,000,00,0,5,01,B01
200700076917,0,32,000,00,0,8,00,A01
200700076918,0,07,000,00,2,1,15,A01
200700076918,0,32,000,00,2,1,01,B01
200700076919,0,07,000,00,2,1,02,A01
200700076919,0,07,000,00,1,3,23,B01
200700076920,0,07,000,00,1,7,00,A01
200700076921,0,07,000,00,0,3,11,A01
200700076921,0,33,000,00,2,2,01,B01
200700076922,0,07,000,00,1,1,01,A01
200700076923,0,07,000,00,2,3,00,A01
200700076923,0,32,000,00,2,1,15,B01
200700076923,0,33,000,00,2,2,17,C01
200700076924,0,07,000,00,2,2,02,A01
200700076924,0,07,000,00,1,2,02,B01
200700076925,0,07,000,00,1,1,15,A01
200700076926,0,02,000,08,0,3,17,A01
200700076927,0,07,000,00,2,2,24,A01
200700076927,0,07,000,01,0,2,01,B01
200700076928,0,31,000,08,0,1,21,A01
200700076929,0,32,000,00,1,8,02,A01
200700076930,0,32,000,00,2,9,17,A01
200700076930,0,07,000,00,2,1,16,B01
200700076931,0,07,000,00,2,1,15,A01
200700076931,0,07,000,00,2,3,02,B01
200700076931,0,07,000,00,2,1,02,C01
200700076932,0,07,000,00,2,2,01,A01
200700076932,1,07,000,00,2,0,16,B01
200700076933,0,07,000,11,0,1,02,A01
200700076934,0,30,000,00,1,1,01,A01
200700076935,0,07,000,00,2,2,01,A01
200700076935,0,07,000,00,0,4,23,B01
200700076936,1,07,000,00,1,1,00,A01
200700076937,1,07,000,00,0,0,00,A01
200700076938,0,33,000,00,0,0,01,A01
200700076939,0,30,000,00,0,0,13,A01
200700076939,0,07,000,00,0,1,00,B01
200700076940,0,07,000,06,0,1,21,A01
200700076941,0,07,000,08,0,1,01,A01
200700076942,0,07,000,00,2,4,23,A01
200700076942,1,07,000,00,2,1,02,B01
200700076943,0,30,000,00,0,8,18,A01
200700076943,0,07,000,00,0,7,16,B01
200700076944,0,07,000,00,0,1,02,A01
200700076944,0,07,000,00,0,4,15,B01
200700076944,0,07,000,00,0,3,01,C01
200700076945,0,07,000,00,1,1,01,A01
200700076946,0,07,000,00,2,1,02,A01
200700076946,0,07,000,00,2,4,02,B01
200700076947,0,07,000,00,0,2,01,A01
200700076947,0,30,000,00,0,1,00,B01
200700076948,0,30,000,00,2,1,01,A01
200700076948,0,07,000,00,2,4,01,B01
200700076949,0,34,000,00,0,0,10,A01
200700076949,0,34,000,00,2,1,01,B01
200700076949,0,33,000,00,2,0,01,C01
200700076950,0,07,000,00,1,0,01,A01
200700076951,0,07,000,00,1,2,01,A01
200700076952,0,33,000,00,1,1,01,A01
200700076953,0,07,000,08,0,8,00,A01
200700076954,0,07,000,00,2,2,02,A01
200700076954,0,07,000,00,2,6,00,B01
200700076955,0,30,000,00,2,1,02,A01
200700076955,0,07,000,00,0,3,15,B01
200700076956,0,07,000,00,2,1,15,A01
200700076956,0,01,000,00,2,8,01,B01
200700076957,0,07,000,01,2,3,01,A01
200700076957,0,07,000,00,2,2,01,B01
200700076958,0,31,000,00,1,1,01,A01
200700076959,0,30,000,00,2,1,05,A01
200700076959,0,07,000,00,2,2,09,B01
200700076960,0,07,000,00,2,4,01,A01
200700076960,0,01,000,00,9,4,13,B01
200700076961,0,38,001,04,0,3,16,A01
200700076962,0,07,000,00,1,0,15,A01
200700076963,0,17,000,00,2,1,11,A01
200700076963,0,07,000,00,2,4,01,B01
200700076964,0,07,000,00,2,1,01,A01
200700076964,0,07,000,00,0,4,23,B01
200700076964,0,07,000,00,0,4,01,C01
200700076965,0,07,000,00,2,1,01,A01
200700076965,0,07,000,00,2,1,01,B01
200700076966,0,07,000,00,1,1,17,A01
200700076967,0,07,000,00,2,2,05,A01
200700076967,0,02,000,00,2,1,01,B01
200700076968,0,07,000,02,0,1,01,A01
200700076969,0,07,000,00,2,2,02,B01
200700076969,0,07,000,00,2,1,01,A01
200700076970,0,01,000,13,0,1,13,A01
200700076971,0,07,000,01,0,7,00,A01
200700076971,0,07,000,00,0,6,24,B01
200700076972,0,33,000,00,2,1,03,A01
200700076972,0,07,000,00,2,1,23,B01
200700076973,0,07,000,00,2,1,01,A01
200700076973,0,07,000,00,2,8,01,B01
200700076973,0,07,000,00,2,2,23,C01
200700076974,0,07,000,00,2,1,01,B01
200700076974,0,30,000,00,2,3,05,A01
200700076975,0,07,000,00,1,2,01,B01
200700076976,0,07,000,00,0,3,13,A01
200700076976,0,07,000,00,0,6,00,B01
200700076977,0,07,000,00,1,0,01,A01
200700076978,0,07,000,00,2,2,01,B01
200700076978,0,07,000,00,2,3,16,A01
200700076979,0,07,000,08,0,1,01,A01
200700076980,0,07,000,00,2,1,01,B01
200700076980,0,10,000,00,2,7,19,A01
200700076981,0,02,000,00,2,1,01,A01
200700076981,0,07,000,00,2,3,15,B01
200700076982,0,07,000,00,2,2,19,B01
200700076982,0,07,000,00,2,3,19,A01
200700076983,0,15,000,00,2,2,01,A01
200700076983,0,07,000,13,2,8,01,B01
200700076984,0,07,000,00,2,1,01,B01
200700076984,0,07,000,00,2,3,09,A01
200700076985,0,07,000,00,2,3,11,A01
200700076985,0,33,000,00,2,0,01,B01
200700076986,0,07,000,00,2,1,02,A01
200700076986,0,07,000,00,2,4,02,B01
200700076987,0,07,000,00,2,0,00,A01
200700076987,0,07,000,00,2,0,00,B01
200700076988,0,07,000,00,1,3,01,A01
200700076989,0,07,000,00,2,8,15,A01
200700076989,0,07,000,00,2,1,01,B01
200700076990,0,10,000,00,2,1,01,A01
200700076990,0,10,000,00,2,4,02,B01
200700076991,0,07,000,02,0,7,00,A01
200700076992,0,07,000,02,0,3,01,A01
200700076993,0,07,000,00,1,5,04,A01
200700076994,0,07,000,00,0,5,02,A01
200700076994,0,07,000,00,0,1,23,B01
200700076995,0,07,000,01,2,1,01,A01
200700076995,0,07,000,00,0,3,01,C01
200700076996,0,07,000,11,0,1,00,A01
200700076997,0,07,000,01,0,1,01,A01
200700076997,0,07,000,01,0,4,01,C01
200700076997,0,07,000,01,0,4,01,D01
200700076998,0,07,000,13,9,1,01,A01
200700076999,0,07,000,00,1,2,02,A01
200700077000,0,07,000,00,2,1,01,B01
200700077000,0,07,000,00,2,8,09,A01
200700077001,0,07,000,00,1,2,01,A01
200700077002,0,07,000,00,1,2,15,A01
200700077003,0,01,000,00,0,0,01,A01
200700077004,0,07,000,15,0,1,02,A01
200700077004,0,07,000,14,0,1,02,B01
200700077004,0,07,000,15,0,4,02,C01
200700077005,0,01,000,00,0,0,01,A01
200700077006,0,02,000,00,2,0,21,B01
200700077006,1,10,000,00,0,0,13,A01
200700077007,0,01,000,01,2,1,01,A01
200700077007,0,07,000,00,0,4,01,B01
200700077008,0,07,000,00,1,1,01,A01
200700077009,0,07,000,00,2,1,02,A01
200700077009,0,07,000,00,2,4,02,B01
200700077009,0,10,000,00,2,4,02,C01
200700077010,0,07,000,01,0,4,02,A01
200700077010,0,01,000,01,0,1,02,B01
200700077011,0,07,000,00,0,9,01,A01
200700077012,0,07,000,06,2,2,15,A01
200700077012,0,07,000,06,2,1,08,B01
200700077013,1,99,000,00,1,0,00,A01
200700077014,0,07,000,00,2,3,13,A01
200700077014,0,07,000,00,0,1,01,B01
200700077015,0,07,000,00,1,2,15,A01
200700077015,0,02,000,00,0,1,01,B01
200700077016,0,07,000,00,1,3,15,A01
200700077017,1,07,000,00,1,1,15,A01
200700077018,0,30,000,00,2,1,13,B01
200700077018,0,07,000,00,2,3,10,A01
200700077019,0,07,000,00,2,1,15,A01
200700077019,0,01,000,00,2,0,01,B01
200700077020,0,07,000,00,2,1,02,A01
200700077020,0,07,000,00,2,4,02,B01
200700077020,0,10,000,00,0,4,02,C01
200700077021,0,07,000,00,2,1,02,A01
200700077021,0,10,000,00,2,4,02,B01
200700077022,0,07,000,00,1,3,01,A01
200700077023,0,07,000,01,0,1,13,A01
200700077024,0,07,000,00,0,0,00,A01
200700077024,0,07,000,00,2,4,01,B01
200700077024,0,07,000,00,9,1,01,C01
200700077025,0,33,000,00,2,1,02,A01
200700077025,0,07,000,00,2,4,09,B01
200700077026,0,07,000,08,0,1,13,A01
200700077027,0,07,000,00,2,1,05,A01
200700077027,0,07,000,00,2,1,01,B01
200700077028,1,07,000,00,2,3,15,A01
200700077028,0,02,000,00,2,1,01,B01
200700077029,0,02,000,00,1,0,01,A01
200700077030,0,02,000,00,2,1,01,A01
200700077030,0,07,000,00,2,3,15,B01
200700077031,0,07,000,02,6,8,01,A01
200700077032,0,07,000,00,2,3,01,B01
200700077032,0,07,000,00,2,6,16,A01
200700077033,0,07,000,08,0,3,01,A01
200700077034,0,07,000,00,2,2,01,A01
200700077034,0,07,000,00,2,1,01,B01
200700077035,0,13,000,00,1,2,01,A01
200700077036,0,07,000,00,2,6,04,A01
200700077036,0,30,000,00,2,7,01,B01
200700077037,0,07,000,00,2,3,01,A01
200700077037,0,01,000,00,2,7,01,B01
200700077038,0,07,000,00,2,1,02,A01
200700077038,0,07,000,00,2,4,02,B01
200700077039,0,07,000,13,0,1,14,A01
200700077040,0,10,000,03,0,9,01,A01
200700077041,0,30,000,00,0,7,01,A01
200700077042,0,02,000,00,2,1,01,B01
200700077042,0,07,000,00,2,7,15,A01
200700077043,0,07,000,00,2,1,02,A01
200700077043,0,10,000,00,2,4,23,B01
200700077043,0,07,000,00,2,4,23,C01
200700077044,0,07,000,13,0,1,01,A01
200700077045,0,02,000,12,0,0,01,A01
200700077046,0,07,000,00,2,7,15,A01
200700077046,0,32,000,00,2,1,01,B01
200700077047,0,07,000,00,2,8,01,A01
200700077047,0,07,000,00,2,8,01,B01
200700077048,1,13,000,00,2,0,17,A01
200700077048,0,07,000,00,2,0,01,B01
200700077049,0,07,000,00,2,1,01,A01
200700077049,0,33,000,00,2,4,01,B01
200700077049,0,07,000,00,2,4,01,C01
200700077050,0,02,000,00,2,1,01,A01
200700077050,0,07,000,00,2,4,24,B01
200700077051,0,07,000,00,2,1,01,A01
200700077051,0,07,000,00,2,4,23,B01
200700077051,0,07,000,00,2,4,23,C01
200700077052,0,30,000,00,1,1,01,A01
200700077053,0,33,000,00,0,0,01,A01
200700077053,0,07,000,00,0,0,01,B01
200700077054,0,03,000,00,2,1,05,A01
200700077054,0,07,000,00,2,1,01,B01
200700077055,0,02,000,00,1,1,01,A01
200700077056,0,07,000,00,2,1,02,A01
200700077056,0,07,000,00,2,4,02,B01
200700077056,0,10,000,00,2,4,23,C01
200700077057,0,07,000,00,2,7,15,A01
200700077057,0,33,000,00,2,1,01,B01
200700077058,0,07,000,01,0,1,01,A01
200700077059,0,07,000,04,2,0,17,A01
200700077059,0,07,000,00,2,0,01,B01
200700077060,0,07,000,00,2,4,01,A01
200700077060,1,07,000,00,2,1,00,B01
200700077061,0,07,000,00,2,7,13,A01
200700077061,0,07,000,00,2,3,01,B01
200700077062,0,07,000,00,2,0,01,A01
200700077062,0,07,000,00,2,4,01,B01
200700077062,0,07,000,00,2,2,01,C01
200700077063,0,01,000,00,2,3,19,A01
200700077063,0,07,000,00,2,2,01,B01
200700077064,0,02,000,00,2,1,01,A01
200700077064,0,10,000,00,2,8,01,B01
200700077065,0,07,000,00,2,1,01,A01
200700077065,0,01,000,00,2,4,01,B01
200700077066,0,07,000,00,2,7,15,B01
200700077066,0,02,000,00,2,1,01,A01
200700077067,0,07,000,00,1,1,00,A01
200700077068,0,38,001,00,2,2,01,A01
200700077068,0,01,000,00,2,8,13,B01
200700077069,0,07,000,04,0,1,01,A01
200700077070,0,07,000,00,2,1,01,A01
200700077070,0,07,000,00,2,4,23,B01
200700077071,0,30,000,00,2,1,01,A01
200700077071,0,07,000,00,2,7,01,B01
200700077072,0,02,000,00,2,1,01,A01
200700077072,0,07,000,00,2,4,23,B01
200700077073,0,32,000,01,0,1,13,A01
200700077074,0,33,000,13,0,1,13,A01
200700077075,0,32,000,00,2,1,01,A01
200700077075,0,01,000,00,2,8,19,B01
200700077076,1,07,000,00,1,2,01,A01
200700077077,0,07,000,00,2,3,04,A01
200700077077,0,30,000,00,2,1,01,B01
200700077078,0,33,000,00,2,8,01,A01
200700077078,1,07,000,00,2,0,18,B01
200700077079,0,30,000,00,2,1,00,A01
200700077079,0,07,000,00,2,2,01,B01
200700077080,0,07,000,00,1,3,00,A01
200700077081,0,99,000,01,0,2,01,A01
200700077082,0,07,000,00,2,1,01,A01
200700077082,0,07,000,00,2,8,01,B01
200700077083,0,07,000,00,0,0,01,A01
200700077084,0,02,000,00,2,0,01,A01
200700077085,0,07,000,00,0,1,00,A01
200700077085,0,07,000,00,0,4,01,B01
200700077085,0,07,000,00,0,4,01,C01
200700077086,0,30,000,00,0,8,01,A01
200700077087,0,07,000,00,2,2,17,A01
200700077087,0,07,000,00,2,6,01,B01
200700077088,0,07,000,00,2,1,02,A01
200700077088,0,07,000,00,0,4,01,B01
200700077089,0,07,000,00,2,1,02,A01
200700077089,0,02,000,00,0,4,01,B01
200700077090,0,07,000,12,1,1,13,A01
200700077091,0,07,000,00,2,1,02,A01
200700077091,0,07,000,00,0,4,15,B01
200700077092,0,33,000,00,2,3,01,A01
200700077092,0,10,000,00,2,3,01,B01
200700077093,0,07,000,00,2,2,15,A01
200700077093,0,30,000,00,2,1,01,B01
200700077094,0,07,000,00,2,3,13,A01
200700077094,0,07,000,00,2,3,01,B01
200700077095,0,07,000,00,2,5,12,A01
200700077095,0,34,000,00,2,1,01,B01
200700077096,0,07,000,00,2,1,11,A01
200700077096,0,10,000,00,2,2,01,B01
200700077097,1,07,000,00,2,0,00,C01
200700077097,0,07,000,00,2,1,02,A01
200700077097,0,07,000,00,2,1,02,B01
200700077098,0,99,000,00,2,2,11,A01
200700077098,0,07,000,00,2,3,01,F01
200700077098,0,07,000,00,2,6,01,B01
200700077098,0,07,000,00,2,6,01,C01
200700077098,0,07,000,00,2,8,01,D01
200700077098,0,07,000,00,2,1,01,E01
200700077099,0,07,000,00,2,7,17,A01
200700077099,0,07,000,00,2,7,01,B01
200700077100,0,07,000,00,1,0,01,A01
200700077101,0,07,000,00,2,2,15,A01
200700077101,0,30,000,00,2,1,01,B01
200700077102,0,07,000,00,1,1,01,A01
200700077103,2,07,000,00,2,2,02,A01
200700077103,0,07,000,00,2,6,02,B01
200700077104,0,07,000,00,2,2,12,A01
200700077104,0,02,000,00,2,3,01,B01
200700077105,0,07,000,00,2,8,10,A01
200700077105,0,02,000,00,2,1,01,B01
200700077106,0,07,000,00,1,2,01,A01
200700077107,1,07,000,00,1,3,15,A01
200700077108,0,10,000,00,2,7,10,A01
200700077108,0,30,000,00,2,1,01,B01
200700077109,0,07,000,00,2,1,01,A01
200700077109,0,15,000,00,2,4,04,B01
200700077110,0,30,000,00,1,7,21,A01
200700077111,0,07,000,00,2,1,01,B01
200700077111,0,07,000,00,2,3,19,A01
200700077112,1,07,000,00,1,2,01,A01
200700077113,0,07,000,00,2,7,20,A01
200700077113,0,02,000,00,2,9,17,B01
200700077114,0,07,000,00,1,3,01,A01
200700077115,0,07,000,00,2,1,01,A01
200700077116,0,07,000,00,2,1,15,A01
200700077116,0,33,000,00,2,1,01,B01
200700077117,0,07,000,00,1,1,01,A01
200700077118,0,07,000,00,1,1,01,A01
200700077119,0,02,000,00,1,1,00,A01
200700077120,0,10,000,00,2,8,20,A01
200700077120,0,30,000,00,2,0,01,B01
200700077121,0,07,000,00,1,7,09,A01
200700077122,0,33,000,00,2,7,01,B01
200700077122,0,07,000,00,2,6,09,A01
200700077123,0,02,000,00,1,1,00,A01
200700077124,0,07,000,00,2,1,15,A01
200700077124,0,33,000,00,2,9,01,B01
200700077125,0,02,000,00,2,1,17,B01
200700077125,0,07,000,00,4,1,09,A01
200700077126,0,07,000,00,1,1,01,A01
200700077127,0,07,000,00,2,1,15,A01
200700077127,0,07,000,00,2,1,01,B01
200700077128,0,07,000,00,2,2,15,A01
200700077128,0,01,000,00,2,1,01,B01
200700077129,0,07,000,00,0,1,01,A01
200700077130,0,33,000,00,2,8,01,A01
200700077130,0,07,000,00,2,8,13,B01
200700077131,0,07,000,00,2,2,15,A01
200700077131,0,30,000,00,2,1,01,B01
200700077132,0,10,000,00,2,2,15,A01
200700077132,0,02,000,00,2,1,01,B01
200700077133,0,07,000,00,2,3,01,A01
200700077133,0,07,000,01,2,8,19,B01
200700077134,0,07,000,00,2,3,13,A01
200700077134,0,07,000,00,2,3,01,B01
200700077135,0,07,000,00,1,3,01,A01
200700077136,0,07,000,07,0,1,15,A01
200700077137,0,07,000,08,0,1,01,A01
200700077138,0,07,000,12,0,1,01,A01
200700077139,0,07,000,00,2,1,01,B01
200700077139,0,07,000,00,2,5,15,A01
200700077140,0,07,000,00,2,3,15,A01