Num_Acc,senc,catv,occutc,obs,obsm,choc,manv,num_veh
200700077140,0,07,000,00,2,1,23,B01
200700077141,0,02,000,00,2,1,17,A01
200700077141,0,07,000,00,2,3,15,B01
200700077142,0,07,000,00,1,2,16,A01
200700077143,0,33,000,00,2,1,17,A01
200700077143,0,07,000,00,2,3,15,B01
200700077144,0,07,000,00,2,7,15,A01
200700077144,0,02,000,00,2,1,01,B01
200700077145,0,02,000,00,2,1,01,B01
200700077145,0,07,000,00,2,3,15,A01
200700077146,0,02,000,03,0,1,16,A01
200700077147,0,07,000,00,2,3,02,A01
200700077147,0,07,000,00,2,4,15,B01
200700077148,0,07,000,00,2,1,01,A01
200700077148,0,07,000,00,2,8,01,B01
200700077149,0,02,000,00,2,1,02,A01
200700077149,0,07,000,00,0,4,02,B01
200700077150,0,02,000,00,2,3,01,A01
200700077150,0,07,000,00,2,5,01,B01
200700077151,0,07,000,00,2,2,01,A01
200700077151,0,33,000,00,2,3,15,B01
200700077152,0,07,000,00,2,1,02,A01
200700077152,0,07,000,00,2,4,02,B01
200700077153,0,07,000,00,2,1,02,A01
200700077153,0,07,000,00,2,4,15,B01
200700077154,0,10,000,00,2,1,02,A01
200700077154,0,07,000,00,2,4,23,B01
200700077155,0,37,001,00,1,2,00,A01
200700077156,0,07,000,00,2,1,01,B01
200700077156,0,07,000,00,2,2,01,A01
200700077157,0,07,000,00,2,3,02,A01
200700077157,0,07,000,00,2,4,23,B01
200700077158,0,01,000,00,2,1,01,A01
200700077158,0,07,000,00,2,2,01,B01
200700077159,0,15,000,01,1,8,16,A01
200700077160,0,07,000,00,1,2,01,A01
200700077161,0,07,000,00,1,1,01,A01
200700077162,0,30,000,00,2,1,01,A01
200700077162,0,07,000,00,2,8,15,B01
200700077163,0,07,000,00,1,3,15,A01
200700077164,0,07,000,04,2,0,01,A01
200700077164,0,07,000,00,2,6,01,B01
200700077165,0,07,000,00,2,1,01,B01
200700077165,0,07,000,00,2,7,01,A01
200700077166,0,07,000,04,0,1,17,A01
200700077167,0,07,000,09,2,7,01,A01
200700077167,0,07,000,00,2,3,01,B01
200700077167,0,07,000,09,0,3,01,C01
200700077167,0,07,000,09,0,2,01,D01
200700077168,0,07,000,00,1,1,01,A01
200700077169,0,02,000,00,2,1,01,B01
200700077169,0,07,000,00,2,7,19,A01
200700077170,0,07,000,00,1,3,17,A01
200700077171,0,07,000,00,1,1,01,A01
200700077172,0,07,000,00,2,2,16,A01
200700077172,0,07,000,00,2,8,01,B01
200700077173,0,33,000,00,2,1,17,B01
200700077173,0,07,000,00,2,1,15,A01
200700077174,0,07,000,00,2,6,01,A01
200700077174,0,30,000,00,2,7,01,B01
200700077175,1,30,000,00,0,0,00,A01
200700077176,0,17,000,00,2,8,16,A01
200700077176,0,07,000,00,2,6,01,B01
200700077177,0,07,000,09,0,1,01,A01
200700077178,0,07,000,00,1,1,01,A01
200700077179,0,07,000,00,2,7,13,A01
200700077179,0,07,000,00,2,1,01,B01
200700077180,0,07,000,00,1,4,00,A01
200700077181,0,02,000,00,2,1,02,A01
200700077181,0,07,000,00,2,6,23,B01
200700077182,0,33,000,00,0,7,01,A01
200700077183,0,07,000,00,9,8,00,A01
200700077183,0,01,000,00,2,8,02,B01
200700077184,2,07,000,00,1,0,00,A01
200700077185,0,07,000,00,2,1,02,A01
200700077186,0,30,000,00,2,1,17,A01
200700077186,0,07,000,00,2,3,15,B01
200700077187,2,07,000,01,0,0,00,A01
200700077187,0,07,000,00,0,3,24,B01
200700077188,0,03,000,00,0,7,01,A01
200700077189,0,02,000,00,2,1,01,A01
200700077189,0,02,000,00,0,4,01,B01
200700077190,1,07,000,00,0,0,00,A01
200700077191,0,07,000,00,1,3,01,A01
200700077192,0,30,000,01,0,1,01,A01
200700077192,0,99,000,00,2,3,23,B01
200700077193,0,07,000,00,2,6,00,B01
200700077193,0,01,000,01,0,1,01,A01
200700077194,0,07,000,00,1,7,01,A01
200700077195,0,07,000,00,1,1,01,A01
200700077196,0,02,000,12,0,7,01,A01
200700077197,0,02,000,00,2,1,17,A01
200700077197,0,10,000,00,2,6,16,B01
200700077198,0,07,000,00,2,4,15,C01
200700077198,0,07,000,00,2,1,01,A01
200700077198,0,07,000,00,2,4,01,B01
200700077199,0,07,000,00,2,1,02,A01
200700077199,0,07,000,00,2,4,02,B01
200700077200,0,02,000,00,2,8,01,B01
200700077200,0,07,000,00,2,1,19,A01
200700077201,0,07,000,00,2,2,15,A01
200700077201,0,02,000,00,2,1,16,B01
200700077202,0,05,000,15,0,1,15,A01
200700077203,0,07,000,00,2,1,15,A01
200700077203,0,05,000,00,2,1,02,B01
200700077204,0,07,000,00,2,1,02,A01
200700077204,0,07,000,00,2,1,02,B01
200700077205,0,07,000,00,2,7,15,A01
200700077205,0,07,000,00,2,1,01,B01
200700077206,0,07,000,00,1,3,02,A01
200700077207,0,07,000,00,1,1,01,A01
200700077208,0,07,000,00,1,3,00,A01
200700077209,0,07,000,00,2,3,15,A01
200700077209,0,01,000,00,2,1,01,B01
200700077210,0,07,000,00,2,1,02,A01
200700077210,0,07,000,00,0,6,15,B01
200700077211,0,07,000,00,1,2,01,A01
200700077212,0,07,000,00,1,1,02,A01
200700077213,0,07,000,00,2,1,16,B01
200700077213,0,33,000,00,2,1,16,A01
200700077214,0,07,000,00,2,3,15,A01
200700077214,0,32,000,00,2,2,16,B01
200700077215,0,07,000,00,2,2,01,A01
200700077215,0,07,000,00,2,3,01,B01
200700077216,0,07,000,00,2,1,13,A01
200700077216,0,07,000,00,2,1,01,B01
200700077217,0,07,000,00,2,8,15,A01
200700077217,0,33,000,00,2,3,21,B01
200700077218,0,07,000,00,1,1,02,A01
200700077219,0,07,000,06,0,1,02,A01
200700077220,0,07,000,00,1,1,02,A01
200700077221,0,07,000,00,1,1,16,A01
200700077222,0,07,000,00,2,2,02,A01
200700077222,0,07,000,00,0,4,02,B01
200700077223,0,07,000,00,2,3,15,A01
200700077223,0,07,000,00,2,8,01,B01
200700077224,0,07,000,00,2,3,00,A01
200700077224,0,07,000,00,2,3,00,B01
200700077225,0,07,000,00,2,2,19,A01
200700077225,0,30,000,00,2,1,01,B01
200700077226,0,07,000,00,2,1,02,A01
200700077226,0,07,000,00,2,4,01,B01
200700077226,0,07,000,00,2,4,01,C01
200700077227,0,07,000,00,2,1,02,A01
200700077227,0,07,000,00,2,4,02,B01
200700077228,0,07,000,00,1,2,16,A01
200700077229,0,07,000,14,0,1,02,A01
200700077229,0,07,000,14,0,4,02,B01
200700077229,0,07,000,14,0,4,02,C01
200700077229,0,07,000,00,0,4,02,D01
200700077230,0,07,000,13,0,7,00,A01
200700077231,0,30,000,00,0,1,13,A01
200700077231,0,07,000,00,0,3,01,B01
200700077232,0,07,000,00,0,3,09,A01
200700077232,0,30,000,00,0,3,01,B01
200700077233,0,31,000,00,2,1,17,A01
200700077233,0,10,000,00,2,3,15,B01
200700077234,0,07,000,00,2,3,13,A01
200700077234,0,07,000,00,2,3,14,B01
200700077235,0,07,000,00,2,1,00,A01
200700077235,0,07,000,00,2,4,01,B01
200700077236,0,07,000,00,2,1,01,A01
200700077236,0,07,000,00,2,4,01,B01
200700077236,0,07,000,00,2,4,01,C01
200700077237,0,15,000,15,0,1,01,A01
200700077238,0,07,000,00,2,1,01,A01
200700077238,0,07,000,00,0,4,20,B01
200700077239,0,02,000,00,2,1,03,A01
200700077239,0,07,000,00,2,8,01,C01
200700077239,0,07,000,00,2,0,03,B01
200700077240,0,07,000,00,0,8,01,A01
200700077241,0,07,000,00,2,2,20,A01
200700077241,0,01,000,00,2,1,19,B01
200700077242,1,07,000,00,2,1,15,A01
200700077242,0,30,000,00,2,1,01,B01
200700077243,0,07,000,00,1,1,01,A01
200700077244,0,07,000,08,0,7,01,A01
200700077245,0,07,000,00,2,1,15,A01
200700077245,0,07,000,00,2,1,01,B01
200700077246,0,07,000,00,2,8,01,A01
200700077246,0,07,000,00,2,1,01,B01
200700077247,0,07,000,00,2,3,13,A01
200700077247,0,07,000,00,0,8,01,B01
200700077248,0,07,000,08,0,3,00,A01
200700077249,0,10,000,00,2,4,02,B01
200700077249,0,07,000,00,2,1,02,A01
200700077249,0,07,000,00,0,0,02,C01
200700077250,0,07,000,00,2,8,15,A01
200700077250,0,05,000,00,2,7,00,B01
200700077251,0,07,000,00,2,1,01,B01
200700077251,0,07,000,00,2,2,01,A01
200700077252,0,07,000,00,2,1,01,A01
200700077252,0,07,000,00,0,4,01,B01
200700077253,0,07,000,00,2,2,16,A01
200700077253,0,02,000,00,2,3,01,B01
200700077254,0,07,000,00,2,1,01,A01
200700077254,0,16,000,00,2,1,01,B01
200700077255,0,07,000,00,2,3,01,B01
200700077255,0,07,000,00,2,8,09,A01
200700077256,0,07,000,00,2,3,09,A01
200700077256,0,07,000,00,2,3,01,B01
200700077257,0,07,000,00,2,4,01,A01
200700077257,0,02,000,00,0,4,23,B01
200700077258,0,07,000,00,2,1,01,A01
200700077258,0,07,000,00,2,4,02,B01
200700077259,0,30,000,00,2,1,01,A01
200700077259,0,07,000,00,2,1,15,B01
200700077259,0,07,000,00,9,3,24,C01
200700077260,0,07,000,00,1,6,20,A01
200700077261,0,07,000,00,2,8,01,A01
200700077261,0,33,000,00,2,7,17,B01
200700077262,0,07,000,00,2,7,01,B01
200700077262,0,07,000,00,2,1,01,A01
200700077263,0,07,000,00,2,6,09,A01
200700077263,0,32,000,00,2,1,01,B01
200700077264,0,02,000,00,2,1,01,B01
200700077264,0,07,000,00,2,5,00,A01
200700077265,0,07,000,00,2,2,17,A01
200700077265,0,07,000,00,2,9,01,B01
200700077266,0,02,000,00,2,1,01,A01
200700077266,0,07,000,00,2,4,01,B01
200700077267,0,07,000,00,2,1,01,B01
200700077267,0,07,000,00,2,2,15,A01
200700077268,0,07,000,00,1,2,01,A01
200700077269,0,07,000,00,2,1,01,A01
200700077269,0,07,000,00,2,4,23,B01
200700077270,0,07,000,00,2,2,15,A01
200700077270,0,07,000,00,2,1,01,B01
200700077271,0,30,000,00,2,1,17,A01
200700077271,0,10,000,00,2,6,15,B01
200700077272,0,07,000,00,2,5,15,A01
200700077272,0,33,000,00,2,1,01,B01
200700077273,0,07,000,00,1,4,04,A01
200700077274,0,07,000,00,0,1,02,A01
200700077274,0,07,000,00,2,4,02,B01
200700077275,0,07,000,00,2,3,15,A01
200700077275,0,07,000,00,2,3,01,B01
200700077276,0,07,000,00,2,8,13,A01
200700077276,0,07,000,00,2,8,01,B01
200700077277,0,07,000,06,0,1,15,A01
200700077278,0,37,001,00,2,1,02,A01
200700077278,0,07,000,00,0,4,01,B01
200700077279,0,07,000,02,0,6,20,A01
200700077280,0,07,000,13,0,9,01,A01
200700077281,0,07,000,00,2,4,01,B01
200700077281,0,07,000,00,2,1,02,A01
200700077282,0,02,000,00,0,0,01,A01
200700077283,0,07,000,00,2,1,01,B01
200700077283,0,07,000,00,2,7,15,A01
200700077284,0,33,000,00,2,1,01,B01
200700077284,0,07,000,00,2,6,00,A01
200700077285,0,07,000,00,2,1,01,A01
200700077285,0,07,000,00,2,0,01,B01
200700077286,0,07,000,00,1,0,04,A01
200700077287,0,07,000,00,2,3,09,A01
200700077287,0,30,000,00,2,1,01,B01
200700077288,0,30,000,00,2,1,17,A01
200700077288,0,07,000,00,2,1,01,B01
200700077289,0,01,000,00,1,1,17,A01
200700077290,0,07,000,00,1,1,01,A01
200700077291,0,30,000,00,2,1,01,B01
200700077291,0,07,000,00,2,7,15,A01
200700077292,0,07,000,00,1,1,01,A01
200700077293,0,37,001,00,1,1,01,A01
200700077294,0,07,000,00,2,1,15,A01
200700077294,0,07,000,00,2,1,01,B01
200700077295,0,07,000,00,2,4,01,A01
200700077295,0,07,000,00,2,4,01,B01
200700077295,0,07,000,00,2,1,00,C01
200700077296,0,07,000,00,1,3,01,A01
200700077297,0,07,000,03,0,3,01,A01
200700077298,0,02,000,00,0,7,01,A01
200700077299,0,13,000,00,2,3,15,A01
200700077299,0,07,000,00,2,1,01,B01
200700077300,0,07,000,00,2,3,15,A01
200700077300,0,07,000,00,2,1,01,B01
200700077301,0,07,000,00,1,1,01,A01
200700077302,0,07,000,00,1,1,01,A01
200700077303,0,33,000,01,1,1,01,A01
200700077304,0,07,000,00,1,1,01,A01
200700077305,0,02,000,00,2,1,17,A01
200700077305,0,07,000,00,9,3,15,B01
200700077306,0,07,000,00,2,5,01,B01
200700077306,0,30,000,00,2,0,09,A01
200700077307,0,07,000,00,1,1,01,A01
200700077308,0,07,000,00,2,1,00,A01
200700077308,0,07,000,00,0,7,15,B01
200700077309,1,07,000,00,2,0,15,A01
200700077309,0,02,000,00,2,7,01,B01
200700077310,0,07,000,00,1,7,01,A01
200700077311,0,07,000,00,1,2,01,A01
200700077312,0,07,000,00,2,8,15,A01
200700077312,0,30,000,00,2,1,17,B01
200700077313,0,07,000,00,1,1,01,A01
200700077314,0,07,000,00,2,2,01,B01
200700077314,0,07,000,00,2,1,01,A01
200700077315,0,07,000,00,2,1,02,A01
200700077315,0,07,000,00,0,4,02,B01
200700077316,0,07,000,00,2,1,01,A01
200700077316,0,07,000,00,2,4,01,B01
200700077316,0,07,000,00,2,4,01,C01
200700077317,0,07,000,00,2,1,01,A01
200700077317,0,07,000,00,2,4,01,B01
200700077317,0,07,000,00,2,4,01,C01
200700077318,0,02,000,11,0,1,00,A01
200700077319,0,07,000,00,1,1,01,A01
200700077320,0,30,000,00,1,1,01,A01
200700077321,0,07,000,09,2,1,12,A01
200700077321,0,07,000,00,2,8,01,B01
200700077322,0,07,000,00,1,1,16,A01
200700077323,0,07,000,00,1,1,01,A01
200700077324,0,10,000,06,2,2,15,A01
200700077324,0,10,000,00,2,1,01,B01
200700077325,0,10,000,00,1,1,01,A01
200700077326,1,07,000,00,1,0,00,A01
200700077327,0,07,000,00,2,0,15,A01
200700077327,0,33,000,00,2,1,01,B01
200700077328,1,07,000,00,0,0,01,A01
200700077328,0,07,000,00,2,1,01,B01
200700077328,0,07,000,00,0,4,23,C01
200700077329,0,07,000,00,1,1,01,A01
200700077330,0,30,000,00,1,1,01,A01
200700077331,1,07,000,00,1,1,09,A01
200700077332,0,30,000,00,0,5,15,A01
200700077332,0,07,000,00,2,2,01,B01
200700077333,0,07,000,14,0,2,01,A01
200700077334,0,02,000,00,1,1,01,A01
200700077335,0,33,000,00,2,1,17,B01
200700077335,0,07,000,00,2,8,15,A01
200700077336,0,37,000,01,0,7,00,A01
200700077336,0,07,000,00,2,3,24,B01
200700077337,0,07,000,06,2,1,01,A01
200700077338,0,02,000,03,0,7,01,A01
200700077339,0,07,000,00,1,2,01,A01
200700077340,0,33,000,00,2,1,02,A01
200700077340,0,07,000,00,2,6,15,B01
200700077341,0,02,000,00,2,1,02,A01
200700077341,0,07,000,00,0,4,01,B01
200700077342,0,02,000,00,2,7,01,B01
200700077342,0,07,000,00,2,3,01,A01
200700077343,0,07,000,00,2,2,01,A01
200700077343,0,07,000,00,2,3,15,B01
200700077344,0,01,000,00,2,6,15,A01
200700077344,0,07,000,00,9,2,01,B01
200700077345,0,07,000,00,0,3,01,A01
200700077346,0,17,000,00,0,0,15,A01
200700077347,0,07,000,00,2,1,01,A01
200700077347,0,07,000,00,2,4,23,B01
200700077348,0,02,000,00,1,1,01,A01
200700077349,0,02,000,00,2,0,01,A01
200700077349,0,10,000,00,0,0,15,B01
200700077350,0,07,000,00,1,1,01,A01
200700077351,0,07,000,00,1,1,19,A01
200700077352,0,07,000,00,2,1,01,A01
200700077352,0,07,000,00,2,4,01,B01
200700077352,0,07,000,00,2,4,01,C01
200700077353,0,07,000,00,2,3,01,B01
200700077353,0,02,000,00,2,1,05,A01
200700077354,1,07,000,00,2,1,00,A01
200700077354,0,07,000,00,2,4,00,B01
200700077355,0,07,000,00,1,1,01,A01
200700077356,0,07,000,00,2,1,15,A01
200700077356,0,07,000,00,2,2,01,B01
200700077356,0,30,000,00,0,8,01,C01
200700077357,0,33,000,16,0,0,01,A01
200700077358,0,07,000,00,1,1,01,A01
200700077359,0,37,001,00,1,2,01,A01
200700077360,0,30,000,00,1,0,01,A01
200700077361,0,07,000,00,2,1,01,A01
200700077361,0,33,000,00,2,4,23,B01
200700077362,0,33,000,00,0,5,16,A01
200700077363,0,07,000,00,1,1,01,A01
200700077364,0,07,000,00,2,1,01,A01
200700077364,0,07,000,00,2,4,01,B01
200700077365,0,07,000,00,6,9,13,A01
200700077366,0,07,000,00,2,7,15,A01
200700077366,0,07,000,00,2,1,01,B01
200700077367,0,07,000,00,2,0,16,A01
200700077367,0,34,000,00,2,0,01,B01
200700077368,0,07,000,02,0,3,00,A01
200700077369,0,33,000,00,2,8,01,A01
200700077369,0,07,000,00,2,5,12,B01
200700077370,0,07,000,00,1,1,01,A01
200700077371,0,07,000,00,2,1,01,A01
200700077371,0,07,000,00,2,1,01,B01
200700077372,0,07,000,00,2,0,15,A01
200700077372,0,30,000,00,2,0,01,B01
200700077373,0,07,000,00,1,1,01,A01
200700077374,0,99,000,00,2,2,09,A01
200700077374,0,33,000,00,2,1,01,B01
200700077375,0,07,000,00,1,1,01,A01
200700077376,0,07,000,00,2,1,09,A01
200700077376,0,07,000,00,2,8,01,B01
200700077377,0,07,000,00,1,1,02,A01
200700077378,0,10,000,00,1,2,01,A01
200700077379,0,07,000,00,1,1,01,A01
200700077380,0,07,000,08,0,1,01,A01
200700077381,0,07,000,00,2,8,02,A01
200700077381,0,07,000,00,2,2,06,B01
200700077382,0,07,000,00,2,3,00,A01
200700077382,0,07,000,00,2,1,00,B01
200700077383,0,07,000,00,2,1,02,A01
200700077383,0,07,000,00,2,4,02,B01
200700077384,0,07,000,00,0,9,01,A01
200700077385,0,07,000,00,2,6,02,A01
200700077385,0,07,000,00,2,3,02,B01
200700077386,0,07,000,00,2,3,20,A01
200700077386,0,30,000,00,2,1,01,B01
200700077387,0,07,000,00,2,2,01,A01
200700077387,0,07,000,01,2,3,01,B01
200700077388,0,10,000,01,0,1,02,A01
200700077388,0,07,000,00,2,4,23,B01
200700077388,0,07,000,00,0,4,23,C01
200700077389,0,07,000,13,0,1,01,A01
200700077390,1,07,000,00,1,1,01,A01
200700077391,0,07,000,13,0,1,01,A01
200700077392,0,07,000,00,2,4,09,A01
200700077392,0,07,000,00,2,1,01,B01
200700077393,0,07,000,00,2,1,01,A01
200700077393,0,07,000,00,2,4,01,B01
200700077394,0,02,000,00,2,1,01,A01
200700077394,0,07,000,00,2,1,01,B01
200700077395,0,07,000,10,0,1,01,A01
200700077396,0,07,000,08,0,1,01,A01
200700077397,0,07,000,00,1,1,00,A01
200700077398,0,07,000,00,9,1,11,A01
200700077399,0,30,000,00,0,0,16,A01
200700077400,0,07,000,00,1,1,01,A01
200700077401,0,07,000,15,0,1,01,A01
200700077402,0,07,000,00,0,0,17,A01
200700077402,0,31,000,00,0,0,01,B01
200700077403,0,07,000,00,2,8,01,B01
200700077403,0,07,000,00,2,1,01,A01
200700077404,0,07,000,00,1,3,01,A01
200700077405,0,07,000,00,2,3,09,A01
200700077405,0,02,000,00,2,1,01,B01
200700077406,0,07,000,00,2,1,00,A01
200700077406,0,07,000,00,2,6,23,B01
200700077406,0,07,000,00,2,8,23,C01
200700077406,0,07,000,00,2,6,23,D01
200700077407,0,07,000,00,1,1,01,A01
200700077408,0,07,000,04,0,1,13,A01
200700077409,0,07,000,00,2,4,17,A01
200700077409,0,01,000,00,2,1,01,B01
200700077410,0,07,000,00,2,7,15,A01
200700077410,0,33,000,00,2,3,01,B01
200700077411,0,10,000,00,2,1,01,A01
200700077411,0,07,000,00,2,4,23,B01
200700077412,0,07,000,00,2,1,01,A01
200700077412,0,07,000,00,0,0,00,B01
200700077412,0,07,000,00,2,4,01,C01
200700077412,0,07,000,00,2,4,01,D01
200700077413,0,07,000,00,2,1,01,A01
200700077413,0,07,000,00,2,4,01,B01
200700077414,0,07,000,00,2,2,15,A01
200700077414,0,32,000,00,2,1,01,B01
200700077415,0,07,000,00,2,2,02,A01
200700077415,0,07,000,00,2,6,02,B01
200700077415,0,32,000,00,2,4,23,C01
200700077416,0,07,000,00,0,0,00,A01
200700077416,0,07,000,00,0,0,00,B01
200700077417,0,07,000,04,2,2,14,A01
200700077417,0,07,000,00,2,3,01,B01
200700077417,0,07,000,00,2,0,23,C01
200700077418,0,07,000,03,0,9,01,A01
200700077419,0,07,000,00,0,0,14,A01
200700077419,0,33,000,00,0,0,21,B01
200700077420,0,30,000,00,2,3,15,A01
200700077420,0,07,000,00,2,2,01,B01
200700077421,0,07,000,00,2,2,15,A01
200700077421,0,07,000,00,2,1,01,B01
200700077422,0,07,000,00,2,2,22,A01
200700077422,0,01,000,00,2,3,18,B01
200700077423,0,07,000,00,2,1,15,A01
200700077423,0,31,000,00,2,3,01,B01
200700077424,0,07,000,00,2,7,12,A01
200700077424,0,37,001,00,2,0,01,B01
200700077425,0,07,000,00,2,7,15,A01
200700077425,0,02,000,00,2,8,01,B01
200700077426,0,07,000,00,2,2,09,A01
200700077426,0,07,000,00,2,1,01,B01
200700077427,0,32,000,00,2,1,01,A01
200700077427,1,07,000,00,2,0,15,B01
200700077428,2,07,000,01,0,1,13,A01
200700077429,0,02,000,00,2,1,01,A01
200700077429,0,07,000,00,2,1,15,B01
200700077430,0,07,000,00,2,1,15,A01
200700077430,0,33,000,00,2,1,01,B01
200700077431,0,07,000,00,2,3,01,A01
200700077431,0,02,000,00,2,4,01,B01
200700077432,0,07,000,00,2,1,01,A01
200700077432,0,07,000,00,2,4,23,B01
200700077433,0,33,000,00,1,8,01,A01
200700077434,0,07,000,00,2,3,20,A01
200700077434,0,33,000,00,2,1,01,B01
200700077435,0,07,000,00,2,1,01,A01
200700077435,0,07,000,00,2,4,23,B01
200700077435,0,07,000,00,2,4,23,C01
200700077436,0,07,000,00,2,2,15,A01
200700077436,0,07,000,00,2,1,01,B01
200700077437,0,07,000,00,1,3,01,A01
200700077438,0,07,000,00,0,9,00,A01
200700077439,0,07,000,00,2,4,01,A01
200700077440,0,07,000,01,0,3,13,A01
200700077440,0,07,000,01,2,5,24,B01
200700077441,0,07,000,00,2,2,15,A01
200700077441,0,07,000,00,2,2,01,B01
200700077442,0,07,000,06,0,1,13,A01
200700077443,0,07,000,00,2,1,12,A01
200700077443,0,07,000,00,2,4,01,B01
200700077443,0,07,000,00,2,4,01,C01
200700077444,0,07,000,01,2,2,02,A01
200700077444,0,07,000,00,2,1,01,B01
200700077445,0,01,000,00,2,0,01,A01
200700077445,1,33,000,00,2,0,00,B01
200700077446,0,07,000,04,0,1,14,A01
200700077447,0,07,000,00,2,1,13,A01
200700077447,0,07,000,00,2,1,01,B01
200700077448,0,07,000,04,0,2,14,A01
200700077448,0,07,000,00,0,0,02,B01
200700077449,0,10,000,00,2,1,15,A01
200700077449,0,07,000,00,2,1,01,B01
200700077450,0,01,000,00,1,1,01,A01
200700077451,0,07,000,00,2,3,16,B01
200700077451,0,01,000,00,2,1,05,A01
200700077452,0,10,000,00,1,1,01,A01
200700077453,0,14,000,00,2,1,02,A01
200700077453,0,10,000,00,2,4,02,B01
200700077453,0,07,000,00,2,4,02,C01
200700077453,0,07,000,00,2,4,02,D01
200700077454,0,07,000,00,2,3,15,B01
200700077454,0,02,000,00,2,2,05,A01
200700077455,0,07,000,00,2,8,22,A01
200700077455,0,01,000,00,2,1,01,B01
200700077456,0,07,000,00,2,7,16,A01
200700077456,0,01,000,00,2,1,01,B01
200700077457,0,07,000,00,2,3,11,A01
200700077457,0,02,000,00,2,1,01,B01
200700077458,0,07,000,00,1,1,01,A01
200700077459,0,07,000,00,2,8,17,A01
200700077459,0,33,000,00,2,1,01,B01
200700077460,0,07,000,00,2,1,02,A01
200700077460,0,07,000,00,2,4,23,B01
200700077461,0,07,000,00,2,8,01,A01
200700077461,0,32,000,00,2,1,01,B01
200700077462,0,07,000,00,2,1,01,A01
200700077462,0,07,000,00,2,4,23,B01
200700077462,0,07,000,00,2,4,23,C01
200700077463,0,07,000,00,2,1,00,A01
200700077463,0,07,000,00,2,1,00,B01
200700077463,0,07,000,00,2,0,00,C01
200700077463,0,07,000,00,2,1,00,D01
200700077464,0,07,000,00,2,2,01,B01
200700077464,0,07,000,00,2,3,00,A01
200700077465,0,07,000,00,2,8,15,A01
200700077465,0,30,000,00,2,7,01,B01
200700077466,0,07,000,00,2,3,16,A01
200700077466,0,02,000,00,2,0,01,B01
200700077467,0,07,000,00,1,3,01,A01
200700077468,0,10,000,00,2,8,15,A01
200700077468,0,02,000,00,2,1,17,B01
200700077469,0,07,000,00,1,1,15,A01
200700077470,2,07,000,00,2,2,15,A01
200700077470,0,07,000,00,2,3,01,B01
200700077471,0,07,000,00,2,1,01,A01
200700077471,0,07,000,00,2,4,01,B01
200700077472,0,07,000,04,0,9,21,A01
200700077473,0,34,000,00,0,2,01,A01
200700077474,0,07,000,00,2,1,01,A01
200700077474,0,07,000,00,2,4,01,B01
200700077475,0,07,000,00,0,9,01,A01
200700077476,0,07,000,06,0,2,01,A01
200700077477,0,07,000,05,0,9,01,A01
200700077478,0,07,000,00,2,2,16,A01
200700077478,0,01,000,00,2,8,01,B01
200700077479,0,02,000,00,2,1,01,B01
200700077479,0,07,000,00,2,1,01,A01
200700077480,0,01,000,00,2,1,01,B01
200700077480,0,07,000,00,2,3,15,A01
200700077481,0,07,000,00,2,8,13,A01
200700077481,0,07,000,00,2,8,01,B01
200700077482,0,07,000,08,0,1,01,A01
200700077483,0,07,000,04,2,7,00,A01
200700077483,0,07,000,00,2,3,01,B01
200700077484,0,07,000,00,2,1,15,A01
200700077484,0,07,000,00,2,1,01,B01
200700077485,0,07,000,00,2,7,17,A01
200700077485,0,07,000,00,2,6,11,B01
200700077486,0,07,000,03,2,2,09,A01
200700077486,0,13,000,03,2,2,01,B01
200700077487,0,33,000,00,2,2,10,A01
200700077487,0,07,000,00,2,2,15,B01
200700077488,0,10,000,00,2,5,16,A01
200700077488,0,37,020,09,2,3,16,B01
200700077488,0,07,000,00,2,1,01,C01
200700077488,0,07,000,00,2,1,01,D01
200700077489,0,07,000,00,1,1,01,A01
200700077490,0,07,000,00,1,1,01,A01
200700077490,0,33,000,00,2,1,01,B01
200700077491,1,07,000,00,2,2,17,A01
200700077491,0,02,000,00,0,7,01,B01
200700077492,0,07,000,00,2,1,01,A01
200700077492,0,07,000,00,2,4,23,B01
200700077493,0,07,000,00,2,2,15,A01
200700077493,0,33,000,00,2,1,01,B01
200700077494,0,07,000,00,2,3,13,A01
200700077494,0,07,000,00,2,8,01,B01
200700077494,0,07,000,00,2,3,01,C01
200700077495,0,01,000,00,2,1,20,A01
200700077495,0,07,000,00,2,2,01,B01
200700077496,0,07,000,00,0,1,15,A01
200700077496,0,31,000,00,2,1,01,B01
200700077497,0,07,000,03,0,3,13,A01
200700077498,0,37,001,00,1,2,01,A01
200700077499,0,31,000,00,2,1,01,B01
200700077499,0,07,000,00,2,2,15,A01
200700077500,0,02,000,00,2,1,13,A01
200700077500,0,07,000,00,2,3,01,B01
200700077501,0,01,000,00,2,7,19,B01
200700077501,0,13,000,00,9,2,01,A01
200700077502,0,30,000,00,2,1,17,B01
200700077502,0,07,000,00,2,3,15,A01
200700077503,0,07,000,00,1,4,20,A01
200700077504,0,10,000,00,2,1,01,A01
200700077504,0,10,000,00,0,4,23,B01
200700077505,0,07,000,00,2,1,15,A01
200700077505,0,07,000,00,2,1,01,B01
200700077506,0,15,000,00,2,7,16,A01
200700077506,0,07,000,00,2,8,16,B01
200700077507,0,07,000,06,0,1,14,A01
200700077508,1,07,000,00,2,1,02,A01
200700077508,0,02,000,00,0,4,02,B01