Num_Acc,senc,catv,occutc,obs,obsm,choc,manv,num_veh
200700077509,1,07,000,00,2,1,02,A01
200700077509,0,07,000,00,0,4,02,B01
200700077510,0,10,000,00,2,4,02,C01
200700077510,0,07,000,00,2,4,02,B01
200700077510,0,10,000,00,2,1,02,A01
200700077511,0,07,000,00,2,2,15,A01
200700077511,0,02,000,00,2,1,01,B01
200700077512,0,07,000,00,1,1,01,A01
200700077513,0,30,000,12,0,8,01,A01
200700077514,1,07,000,00,2,0,16,A01
200700077514,0,07,000,00,2,1,01,B01
200700077515,0,10,000,00,2,7,01,A01
200700077515,0,07,000,00,2,1,01,B01
200700077516,0,07,000,00,2,3,00,A01
200700077516,0,31,000,00,2,1,01,B01
200700077517,0,02,000,00,2,1,01,A01
200700077517,0,07,000,00,2,3,01,B01
200700077518,0,07,000,00,2,0,01,B01
200700077518,0,07,000,00,2,2,01,A01
200700077519,1,31,000,00,1,0,00,A01
200700077520,0,07,000,00,1,2,16,A01
200700077521,1,07,000,00,2,0,15,A01
200700077521,0,01,000,00,0,7,15,B01
200700077522,0,07,000,00,2,2,15,A01
200700077522,0,02,000,00,2,1,01,B01
200700077523,0,07,000,00,2,0,10,A01
200700077523,0,31,000,00,2,3,01,B01
200700077524,0,02,000,00,2,1,01,A01
200700077524,0,10,000,00,2,3,15,B01
200700077525,0,40,000,00,1,1,01,A01
200700077526,0,31,000,00,2,1,01,A01
200700077526,0,07,000,00,0,3,01,B01
200700077527,0,07,000,00,2,9,01,A01
200700077527,0,07,000,00,2,1,01,B01
200700077528,0,01,000,14,2,1,01,A01
200700077528,0,10,000,00,0,4,23,B01
200700077529,0,10,000,00,2,1,01,A01
200700077529,0,07,000,00,2,1,01,B01
200700077530,0,07,000,08,0,1,00,A01
200700077531,0,07,000,00,1,3,15,A01
200700077532,0,07,000,14,0,1,02,A01
200700077532,0,07,000,00,0,4,23,B01
200700077532,0,07,000,00,0,4,23,C01
200700077533,2,07,000,00,2,7,01,A01
200700077533,0,07,000,00,2,2,01,B01
200700077534,0,07,000,01,1,3,01,A01
200700077535,0,07,000,00,2,1,02,A01
200700077535,0,07,000,00,0,4,02,B01
200700077536,0,40,000,00,2,2,01,A01
200700077537,0,07,000,00,2,2,01,A01
200700077537,0,07,000,00,2,1,01,B01
200700077538,0,07,000,00,2,2,15,A01
200700077538,0,31,000,00,2,1,01,B01
200700077539,0,07,000,00,1,1,01,A01
200700077540,0,07,000,08,0,1,15,A01
200700077541,0,33,000,00,1,1,01,A01
200700077542,0,02,000,00,2,1,01,A01
200700077542,0,07,000,00,0,8,15,B01
200700077543,0,37,020,00,1,3,01,A01
200700077544,0,07,000,08,5,1,01,A01
200700077545,0,01,000,00,1,1,17,A01
200700077546,0,07,000,00,0,2,01,A01
200700077546,0,31,000,00,2,1,01,B01
200700077547,0,07,000,00,1,1,01,A01
200700077548,0,07,000,01,2,2,21,A01
200700077548,0,07,000,01,2,8,09,B01
200700077549,0,10,000,00,2,1,15,A01
200700077549,0,07,000,00,2,1,01,B01
200700077550,0,01,000,00,2,3,11,A01
200700077550,0,07,000,00,2,1,01,B01
200700077551,0,30,000,00,2,1,17,A01
200700077551,0,07,000,00,2,1,15,B01
200700077552,0,07,000,00,1,2,01,A01
200700077553,0,10,000,09,4,3,09,A01
200700077553,0,40,000,00,2,1,01,B01
200700077554,0,07,000,00,2,3,15,A01
200700077554,0,02,000,00,2,7,15,B01
200700077555,0,07,000,00,2,2,15,A01
200700077556,0,07,000,00,1,0,15,A01
200700077557,0,07,000,00,0,1,15,A01
200700077557,0,31,000,00,2,1,01,B01
200700077558,0,07,000,00,2,3,15,A01
200700077558,0,02,000,00,2,8,01,B01
200700077559,0,07,000,01,0,8,01,A01
200700077560,0,07,000,00,2,1,01,A01
200700077560,0,07,000,00,2,4,23,B01
200700077561,0,10,000,00,2,1,01,A01
200700077561,0,07,000,00,2,7,01,B01
200700077562,0,07,000,00,2,1,01,A01
200700077562,0,07,000,01,2,4,11,B01
200700077563,0,07,000,00,2,1,15,A01
200700077563,0,07,000,00,2,2,01,B01
200700077564,0,03,000,00,2,2,15,A01
200700077564,0,31,000,00,2,1,01,B01
200700077565,0,07,000,00,2,5,15,A01
200700077565,0,33,000,00,2,1,01,B01
200700077566,0,32,000,00,1,2,01,A01
200700077567,0,07,000,14,0,1,01,A01
200700077567,0,07,000,14,0,4,23,B01
200700077567,0,07,000,14,0,4,23,C01
200700077568,0,07,000,00,2,3,15,A01
200700077568,0,02,000,00,2,1,01,B01
200700077569,0,30,000,00,0,8,21,A01
200700077569,1,07,000,00,0,0,20,B01
200700077570,0,07,000,11,0,3,01,A01
200700077571,0,10,000,00,2,1,15,A01
200700077571,0,07,000,00,2,3,01,B01
200700077572,0,07,000,00,4,1,01,A01
200700077572,0,40,000,00,0,8,01,B01
200700077573,0,07,000,00,0,3,01,A01
200700077573,0,01,000,00,2,1,01,B01
200700077574,0,07,000,00,2,1,15,A01
200700077574,0,01,000,00,0,1,01,B01
200700077575,0,07,000,00,1,3,01,A01
200700077576,0,30,000,00,2,1,01,A01
200700077576,0,10,000,00,0,3,15,B01
200700077577,0,10,000,00,2,1,15,A01
200700077577,0,31,000,00,2,1,01,B01
200700077578,0,07,000,00,2,1,15,A01
200700077578,0,02,000,00,0,1,01,B01
200700077579,0,01,000,00,2,1,01,A01
200700077579,0,07,000,00,2,3,01,B01
200700077580,0,07,000,00,2,7,16,A01
200700077580,0,30,000,00,2,3,01,B01
200700077581,0,32,000,00,2,9,17,A01
200700077581,0,07,000,00,2,8,01,B01
200700077582,0,03,000,00,2,9,14,A01
200700077583,0,14,000,14,0,1,01,A01
200700077583,0,07,000,14,0,4,23,B01
200700077583,0,10,000,00,2,4,23,C01
200700077584,0,02,000,00,2,1,13,A01
200700077584,0,07,000,00,2,1,01,B01
200700077585,0,33,000,14,0,1,01,A01
200700077585,0,33,000,14,0,4,23,B01
200700077585,0,10,000,00,0,7,23,C01
200700077586,0,31,000,00,2,7,01,A01
200700077586,1,07,000,00,2,0,11,B01
200700077587,0,07,000,00,2,1,13,A01
200700077587,0,14,000,00,2,1,01,B01
200700077588,0,30,000,00,2,1,01,A01
200700077588,0,10,000,00,2,1,15,B01
200700077589,0,33,000,00,1,1,01,A01
200700077590,0,17,000,00,1,3,16,A01
200700077591,0,02,000,00,2,1,05,A01
200700077591,0,07,000,00,2,2,16,B01
200700077592,0,33,000,00,2,1,01,B01
200700077592,0,07,000,00,2,2,15,A01
200700077593,0,33,000,00,2,2,01,A01
200700077593,0,10,000,00,2,2,10,B01
200700077594,0,07,000,00,2,2,15,A01
200700077594,0,30,000,00,0,7,17,B01
200700077595,0,10,000,00,1,3,01,A01
200700077596,0,07,000,00,1,1,01,A01
200700077597,0,07,000,00,4,2,01,A01
200700077597,0,40,000,00,2,3,01,B01
200700077598,0,07,000,00,2,2,15,A01
200700077598,0,33,000,00,2,3,01,B01
200700077599,0,07,000,00,2,3,15,A01
200700077599,0,30,000,00,2,8,18,B01
200700077600,0,07,000,00,0,0,01,A01
200700077600,0,02,000,00,0,0,01,B01
200700077601,0,07,000,00,2,0,16,A01
200700077601,0,01,000,00,2,0,16,B01
200700077602,0,07,000,00,1,3,15,A01
200700077603,0,40,000,00,1,2,01,A01
200700077604,0,07,000,00,1,2,01,A01
200700077605,0,01,000,00,2,1,19,A01
200700077605,0,07,000,00,2,3,01,B01
200700077606,0,07,000,00,2,1,01,A01
200700077606,0,07,000,00,2,3,15,B01
200700077607,0,07,000,07,2,1,00,A01
200700077607,0,07,000,00,2,1,01,B01
200700077608,0,01,000,00,2,1,19,A01
200700077608,0,33,000,00,2,1,01,B01
200700077609,0,07,000,00,2,1,15,A01
200700077609,0,30,000,00,2,1,01,B01
200700077610,0,10,000,00,2,3,01,A01
200700077610,0,07,000,00,0,6,01,B01
200700077611,0,01,000,00,1,1,01,A01
200700077612,0,07,000,01,2,6,11,A01
200700077612,0,07,000,00,2,3,01,B01
200700077613,0,07,000,14,0,2,01,A01
200700077613,0,07,000,00,2,1,01,B01
200700077613,0,07,000,00,0,3,23,C01
200700077614,0,31,000,00,2,1,01,A01
200700077614,0,07,000,00,2,3,15,B01
200700077615,0,07,000,00,1,3,07,A01
200700077616,0,07,000,00,2,1,01,A01
200700077616,0,07,000,01,2,6,01,B01
200700077617,0,07,000,02,0,1,01,A01
200700077618,0,07,000,00,2,6,15,A01
200700077618,0,10,000,00,0,0,23,C01
200700077618,0,30,000,00,2,1,01,B01
200700077619,0,07,000,00,2,5,16,A01
200700077619,0,01,000,00,2,1,01,B01
200700077620,0,07,000,00,1,3,01,A01
200700077621,0,07,000,00,2,1,15,A01
200700077621,0,30,000,00,2,7,17,B01
200700077622,0,02,000,00,2,3,01,A01
200700077622,0,07,000,00,2,3,01,B01
200700077623,0,31,000,00,2,1,03,A01
200700077623,0,07,000,00,2,3,01,B01
200700077624,0,07,000,00,1,0,01,A01
200700077625,0,33,000,00,1,7,07,A01
200700077626,0,02,000,00,2,1,07,A01
200700077626,0,07,000,00,2,7,16,B01
200700077627,0,07,000,09,2,3,01,A01
200700077627,0,07,000,09,2,1,01,B01
200700077628,0,10,000,14,0,1,01,A01
200700077628,0,07,000,00,0,4,23,B01
200700077629,0,07,000,00,2,3,01,A01
200700077629,0,02,000,00,2,2,01,B01
200700077630,0,07,000,00,2,3,15,A01
200700077630,0,01,000,00,2,4,19,B01
200700077631,0,07,000,00,2,1,02,A01
200700077631,0,07,000,14,2,8,02,B01
200700077632,0,07,000,00,2,3,15,A01
200700077632,0,33,000,00,0,1,01,B01
200700077633,0,33,000,00,2,7,12,A01
200700077633,0,07,000,00,0,3,01,B01
200700077634,0,07,000,00,1,4,20,A01
200700077635,0,07,000,00,1,1,20,A01
200700077636,0,07,000,00,2,1,01,A01
200700077636,0,07,000,00,2,3,01,B01
200700077637,0,02,000,00,2,1,02,A01
200700077637,0,07,000,00,2,4,23,B01
200700077638,0,07,000,00,1,0,00,A01
200700077639,0,07,000,04,2,1,02,A01
200700077639,1,07,000,00,2,0,05,B01
200700077640,0,07,000,01,1,8,20,A01
200700077641,0,07,000,00,2,1,02,A01
200700077641,0,07,000,00,2,9,02,B01
200700077641,0,07,000,00,0,4,02,C01
200700077642,0,07,000,00,1,1,02,A01
200700077643,0,07,000,00,2,1,02,A01
200700077643,0,07,000,00,2,4,02,B01
200700077643,0,07,000,00,0,4,02,C01
200700077644,0,33,000,00,2,1,01,A01
200700077644,0,07,000,00,0,4,15,B01
200700077645,0,07,000,00,2,2,15,A01
200700077645,0,02,000,00,2,1,01,B01
200700077646,0,02,000,00,2,8,01,A01
200700077646,0,07,000,00,2,1,01,B01
200700077647,0,30,000,00,0,7,17,A01
200700077648,0,07,000,01,0,1,14,A01
200700077648,0,07,000,00,2,4,24,B01
200700077649,0,07,000,00,1,1,01,A01
200700077650,0,07,000,00,2,8,19,A01
200700077650,1,07,000,00,2,1,19,B01
200700077651,0,07,000,00,2,5,02,A01
200700077651,0,17,000,00,2,3,02,B01
200700077651,0,07,000,00,0,3,05,C01
200700077652,0,07,000,02,0,1,01,A01
200700077653,0,07,000,00,2,3,15,A01
200700077653,0,31,000,00,2,1,01,B01
200700077654,0,07,000,00,2,2,15,A01
200700077654,0,07,000,00,0,3,01,B01
200700077654,0,07,000,00,2,6,15,C01
200700077655,1,10,000,00,1,2,21,A01
200700077656,0,07,000,00,2,6,16,A01
200700077656,0,30,000,00,2,1,01,B01
200700077657,0,14,000,00,2,1,15,A01
200700077657,0,07,000,00,2,7,01,B01
200700077658,0,07,000,09,0,1,14,A01
200700077659,0,07,000,00,2,1,19,A01
200700077659,0,07,000,00,2,3,01,B01
200700077660,0,07,000,12,0,1,13,A01
200700077661,0,07,000,00,2,2,15,A01
200700077661,0,33,000,00,2,1,01,B01
200700077662,0,30,000,00,2,1,01,A01
200700077662,0,07,000,00,2,2,15,B01
200700077663,0,30,000,00,2,1,01,A01
200700077663,0,07,000,00,0,6,01,B01
200700077664,0,07,000,00,1,1,02,A01
200700077665,0,07,000,00,2,1,01,A01
200700077665,0,07,000,00,2,4,01,B01
200700077666,0,07,000,00,1,3,01,A01
200700077667,0,07,000,00,0,0,10,A01
200700077667,0,30,000,00,0,0,21,B01
200700077668,0,31,000,00,2,1,03,A01
200700077668,0,07,000,00,2,3,11,B01
200700077668,0,07,000,00,2,4,01,C01
200700077669,0,10,000,00,1,4,04,A01
200700077670,0,33,000,02,0,1,01,A01
200700077671,0,10,000,00,2,1,02,A01
200700077671,0,33,000,00,2,4,23,B01
200700077672,0,07,000,00,2,1,01,B01
200700077672,0,07,000,00,2,7,15,A01
200700077673,0,07,000,00,2,8,10,A01
200700077673,0,33,000,00,2,1,01,B01
200700077674,0,32,000,00,2,8,01,B01
200700077674,0,07,000,00,2,7,16,A01
200700077675,0,07,000,00,2,1,02,A01
200700077675,0,07,000,00,2,4,02,B01
200700077675,0,07,000,00,2,4,02,C01
200700077676,0,07,000,00,2,4,12,A01
200700077676,0,07,000,00,2,1,01,B01
200700077677,0,02,000,00,2,1,17,A01
200700077677,0,07,000,00,0,3,15,B01
200700077678,0,33,000,00,1,1,01,A01
200700077679,0,02,000,00,0,0,01,A01
200700077680,0,02,000,00,2,7,01,B01
200700077680,0,07,000,00,2,1,09,A01
200700077681,0,07,000,00,2,3,11,A01
200700077681,0,02,000,00,2,7,01,B01
200700077682,0,07,000,00,2,3,15,A01
200700077682,0,33,000,00,2,1,02,B01
200700077683,0,07,000,00,2,7,15,A01
200700077683,0,02,000,00,2,1,02,B01
200700077684,0,07,000,00,1,1,01,A01
200700077685,0,07,000,00,2,3,15,A01
200700077685,0,07,000,01,2,8,02,B01
200700077686,0,33,000,00,2,4,23,A01
200700077686,0,07,000,00,2,1,02,B01
200700077687,2,07,000,08,0,2,00,A01
200700077688,0,07,000,00,2,1,01,A01
200700077688,0,07,000,00,0,4,01,B01
200700077689,0,30,000,00,2,1,01,A01
200700077689,0,07,000,00,0,5,01,B01
200700077690,0,07,000,00,1,1,15,A01
200700077691,0,07,000,00,1,2,01,A01
200700077692,0,07,000,00,2,1,01,A01
200700077692,0,07,000,00,2,4,01,B01
200700077693,0,07,000,00,1,3,01,A01
200700077694,0,07,000,00,1,1,01,A01
200700077695,0,32,000,00,2,3,01,B01
200700077695,1,07,000,00,2,3,15,A01
200700077696,0,30,000,00,1,1,00,A01
200700077697,0,34,000,00,2,1,17,A01
200700077697,0,07,000,00,0,3,15,B01
200700077698,0,07,000,00,2,1,01,A01
200700077698,0,07,000,00,2,1,15,B01
200700077699,0,07,000,01,0,1,16,A01
200700077700,0,32,000,00,2,7,17,A01
200700077700,0,07,000,00,2,8,15,B01
200700077701,0,07,000,00,2,2,02,A01
200700077701,0,07,000,00,2,4,02,B01
200700077701,0,07,000,00,2,4,02,C01
200700077702,0,07,000,00,1,1,00,A01
200700077703,0,07,000,16,0,9,01,A01
200700077704,0,07,000,00,1,1,15,A01
200700077705,0,01,000,00,2,3,09,A01
200700077705,0,07,000,00,2,2,01,B01
200700077706,0,07,000,00,2,8,10,A01
200700077706,0,07,000,00,2,2,01,B01
200700077707,0,07,000,00,1,7,02,A01
200700077708,0,07,000,00,2,7,16,A01
200700077708,0,02,000,00,2,8,00,B01
200700077709,0,07,000,00,2,3,09,A01
200700077709,0,30,000,00,2,7,01,B01
200700077710,0,07,000,00,2,1,01,A01
200700077710,0,07,000,00,2,4,01,B01
200700077711,0,07,000,00,0,3,15,A01
200700077711,0,07,000,00,2,3,01,B01
200700077712,0,07,000,11,0,3,01,A01
200700077713,0,02,000,00,2,1,13,A01
200700077713,0,07,000,00,2,3,01,B01
200700077714,0,32,000,00,2,1,02,A01
200700077714,0,07,000,00,2,4,09,B01
200700077715,0,07,000,12,2,7,06,A01
200700077715,0,07,000,00,2,1,01,B01
200700077716,0,07,000,00,1,1,15,A01
200700077717,0,36,000,00,1,1,01,A01
200700077718,0,33,000,00,0,7,01,A01
200700077718,0,07,000,00,0,0,01,B01
200700077719,0,07,000,00,2,3,01,A01
200700077719,0,02,000,00,2,1,05,B01
200700077720,0,10,000,00,2,1,01,A01
200700077720,0,36,000,00,2,4,01,B01
200700077721,0,07,000,00,1,2,01,A01
200700077722,0,07,000,00,1,3,15,A01
200700077723,0,07,000,00,1,5,04,A01
200700077724,0,07,000,00,2,3,22,A01
200700077724,0,30,000,01,0,1,21,B01
200700077725,0,07,000,00,2,3,15,A01
200700077725,0,33,000,00,2,1,15,B01
200700077726,0,07,000,00,1,6,15,A01
200700077727,0,30,000,00,1,1,01,A01
200700077728,0,07,000,00,2,1,01,A01
200700077728,0,07,000,00,2,4,01,B01
200700077729,0,07,000,00,2,1,01,A01
200700077729,0,07,000,00,2,4,01,B01
200700077730,0,30,000,00,1,1,01,A01
200700077731,0,07,000,00,2,0,00,A01
200700077731,0,32,000,00,2,0,00,B01
200700077732,0,07,000,00,2,2,01,B01
200700077732,0,02,000,00,2,0,01,A01
200700077733,0,07,000,00,2,0,00,A01
200700077733,0,07,000,00,2,1,01,B01
200700077734,0,07,000,00,2,1,00,A01
200700077734,0,07,000,00,2,4,00,B01
200700077735,0,03,000,00,2,0,00,A01
200700077735,0,33,000,00,2,1,00,B01
200700077736,0,07,000,00,2,1,00,A01
200700077736,0,07,000,00,2,3,00,B01
200700077737,0,07,000,00,2,0,01,A01
200700077737,0,07,000,00,2,4,23,B01
200700077738,1,07,000,00,2,0,00,A01
200700077738,0,07,000,00,2,0,01,B01
200700077739,0,14,000,00,2,1,01,A01
200700077739,0,07,000,00,2,4,15,B01
200700077740,0,07,000,00,2,9,00,A01
200700077740,0,14,000,00,2,9,00,B01
200700077741,0,07,000,00,2,0,00,A01
200700077741,0,07,000,00,2,0,23,B01
200700077742,0,07,000,00,2,1,01,A01
200700077742,0,07,000,00,2,4,01,B01
200700077743,0,07,000,00,2,0,15,A01
200700077743,0,07,000,00,2,3,01,B01
200700077744,0,07,000,00,2,0,01,A01
200700077744,0,14,000,00,2,4,01,B01
200700077745,0,30,000,00,0,8,00,A01
200700077746,0,07,000,00,1,0,17,A01
200700077747,0,07,000,00,2,2,00,A01
200700077747,0,01,000,00,2,0,13,B01
200700077748,0,30,000,00,0,0,00,A01
200700077749,0,07,000,03,2,9,00,A01
200700077749,0,07,000,00,2,0,01,B01
200700077750,0,07,000,00,2,0,00,A01
200700077750,0,07,000,00,2,2,00,B01
200700077751,0,07,000,00,2,0,15,A01
200700077752,0,07,000,00,2,8,00,A01
200700077752,0,01,000,00,2,1,01,B01
200700077753,0,13,000,00,2,1,01,A01
200700077753,0,07,000,00,2,4,01,B01
200700077754,0,07,000,00,1,0,16,A01
200700077755,0,07,000,09,0,2,00,A01
200700077756,0,07,000,03,0,0,00,A01
200700077757,0,07,000,00,2,3,01,A01
200700077757,0,07,000,00,2,5,15,B01
200700077758,0,07,000,00,2,2,19,A01
200700077758,0,07,000,00,2,1,01,B01
200700077759,0,30,000,00,2,7,01,B01
200700077759,0,07,000,00,2,1,15,A01
200700077760,0,02,000,00,0,0,00,A01
200700077761,0,07,000,00,2,1,01,B01
200700077761,0,07,000,00,2,0,15,A01
200700077762,0,10,000,00,1,5,04,A01
200700077763,0,33,000,06,0,1,00,A01
200700077764,0,07,000,00,2,1,02,A01
200700077764,0,07,000,00,2,4,02,B01
200700077764,0,07,000,00,2,4,02,C01
200700077765,0,07,000,01,0,1,01,A01
200700077766,0,07,000,00,1,2,01,A01
200700077767,0,07,000,00,2,1,05,A01
200700077767,0,07,000,00,2,1,23,B01
200700077767,0,07,000,00,2,1,23,C01
200700077768,0,10,000,00,1,2,01,A01
200700077769,0,07,000,07,0,3,01,A01
200700077770,0,07,000,00,1,2,01,A01
200700077771,0,30,000,00,2,7,02,A01
200700077771,0,07,000,00,2,6,23,B01
200700077772,0,07,000,00,1,3,01,A01
200700077773,0,07,000,00,2,7,00,A01
200700077773,0,07,000,09,2,9,00,B01
200700077774,0,07,000,07,0,9,00,A01
200700077775,0,07,000,00,2,1,01,A01
200700077775,0,07,000,00,2,4,23,B01
200700077775,0,07,000,00,2,4,23,C01
200700077776,0,07,000,00,1,1,01,A01
200700077777,0,07,000,06,0,8,00,A01
200700077778,0,02,000,00,2,1,13,A01
200700077778,0,07,000,00,2,2,01,B01
200700077779,0,30,000,00,2,1,10,A01
200700077779,0,07,000,00,2,2,01,B01
200700077780,0,07,000,00,2,1,01,A01
200700077780,0,33,000,00,2,1,01,B01
200700077781,0,07,000,00,2,1,02,A01
200700077781,0,07,000,00,0,4,23,B01
200700077782,0,02,000,00,2,1,01,A01
200700077782,0,07,000,00,0,4,16,B01
200700077783,0,07,000,00,1,3,01,A01
200700077784,0,07,000,00,1,1,01,A01
200700077785,0,07,000,00,9,1,01,A01
200700077786,0,30,000,02,0,1,01,A01
200700077787,0,07,000,00,0,0,01,A01
200700077788,0,30,000,00,2,8,01,A01
200700077788,0,01,000,00,2,0,01,B01
200700077789,0,07,000,00,0,0,01,A01
200700077790,0,30,000,00,0,1,01,A01
200700077791,0,07,000,00,2,1,01,A01
200700077791,0,07,000,00,2,4,01,B01
200700077791,0,07,000,00,2,4,01,C01
200700077792,0,07,000,00,0,0,01,A01
200700077793,0,02,000,00,2,1,01,A01
200700077793,0,07,000,00,2,4,01,B01
200700077793,0,07,000,00,2,4,01,C01
200700077794,0,07,000,00,2,3,17,A01
200700077794,0,30,000,00,2,1,01,B01
200700077795,0,07,000,00,2,2,15,A01
200700077795,0,33,000,00,2,1,01,B01
200700077796,0,07,000,00,2,2,15,A01
200700077796,0,07,000,00,2,1,01,B01
200700077797,0,02,000,00,2,2,17,A01
200700077797,0,07,000,00,2,1,01,B01
200700077798,0,07,000,00,2,2,01,A01
200700077798,0,07,000,00,2,1,01,B01
200700077799,0,07,000,00,1,4,04,A01
200700077800,0,07,000,00,1,1,01,A01
200700077801,0,07,000,12,1,1,01,A01
200700077802,0,07,000,00,2,3,19,A01
200700077802,0,37,000,00,2,2,01,B01
200700077803,0,07,000,00,2,2,11,A01
200700077803,0,02,000,00,2,1,01,B01
200700077804,0,30,000,00,2,3,01,B01
200700077804,1,10,000,00,2,2,15,A01
200700077805,0,07,000,00,2,1,01,A01
200700077805,0,07,000,00,2,1,01,B01
200700077806,0,14,000,00,2,7,16,A01
200700077806,0,01,000,00,2,8,01,B01
200700077807,0,07,000,00,2,6,04,A01
200700077808,0,10,000,00,2,2,01,A01
200700077808,0,30,000,00,2,1,15,B01
200700077808,0,07,000,00,2,1,01,C01
200700077809,1,07,000,00,0,0,00,A01
200700077809,0,01,000,00,0,0,00,B01
200700077810,0,10,000,00,2,3,13,A01
200700077810,0,07,000,00,2,3,01,B01
200700077811,0,33,000,01,0,0,21,A01
200700077811,0,07,000,00,0,0,19,B01
200700077812,0,10,000,00,2,7,01,A01
200700077812,0,07,000,00,2,8,09,B01
200700077813,0,07,000,00,2,2,16,A01
200700077813,0,30,000,00,2,1,01,B01
200700077814,0,07,000,00,1,2,15,A01
200700077815,0,07,000,00,1,3,15,A01
200700077816,0,07,000,00,1,1,01,A01
200700077817,0,40,000,00,1,2,01,A01
200700077818,0,07,000,09,2,7,01,A01
200700077818,0,07,000,00,2,1,01,B01
200700077819,0,10,000,00,4,3,15,A01
200700077819,0,40,000,00,2,2,01,B01
200700077820,0,07,000,00,1,1,15,A01
200700077821,0,07,000,00,0,4,01,A01
200700077821,2,07,000,00,2,1,01,B01
200700077822,0,07,000,00,1,3,15,A01
200700077823,0,07,000,00,0,6,01,A01
200700077823,0,07,000,00,2,0,02,B01
200700077823,0,10,000,00,2,1,01,C01
200700077823,0,07,000,00,2,1,01,D01
200700077824,0,07,000,00,2,3,15,A01
200700077824,0,33,000,00,2,1,01,B01
200700077825,0,30,000,00,2,1,17,A01
200700077825,0,07,000,00,2,8,15,B01
200700077826,0,07,000,00,2,1,02,A01
200700077826,0,07,000,00,2,4,02,B01
200700077826,0,07,000,00,2,4,02,C01
200700077827,0,07,000,00,1,4,04,A01
200700077828,0,07,000,00,1,4,04,A01
200700077829,0,31,000,00,2,7,17,A01
200700077829,0,07,000,00,2,6,01,B01
200700077830,0,07,000,03,2,9,01,A01
200700077830,0,10,000,00,2,5,01,B01
200700077831,0,07,000,00,1,2,01,A01
200700077832,0,07,000,00,1,1,01,A01
200700077833,0,07,000,00,1,2,01,A01
200700077834,0,07,000,00,2,7,17,A01
200700077834,0,07,000,06,2,1,01,B01
200700077835,0,07,000,08,0,1,01,A01
200700077836,0,07,000,00,2,1,00,A01
200700077836,0,05,000,00,2,1,01,B01
200700077836,0,07,000,00,2,1,01,C01
200700077837,1,07,000,00,0,0,00,A01
200700077838,0,02,000,00,2,1,19,A01
200700077838,0,15,000,00,2,3,15,B01
200700077839,0,07,000,00,2,2,15,A01
200700077839,0,33,000,00,2,1,01,B01
200700077840,0,07,000,00,1,1,15,A01
200700077841,0,07,000,00,2,1,15,A01
200700077841,0,02,000,00,2,1,01,B01
200700077842,0,07,000,00,2,1,19,A01
200700077842,0,07,000,00,2,2,19,B01
200700077843,0,07,000,03,0,1,01,A01
200700077844,0,07,000,00,1,1,01,A01
200700077845,0,07,000,00,2,4,02,C01
200700077845,0,07,000,00,0,4,02,D01
200700077845,0,07,000,00,2,4,02,B01
200700077845,0,07,000,00,0,1,02,A01
200700077846,0,07,000,00,2,1,19,A01
200700077846,0,07,000,00,0,2,01,B01
200700077847,0,33,000,00,2,1,01,B01
200700077847,0,07,000,00,2,7,19,A01
200700077848,0,07,000,00,2,1,19,A01
200700077848,0,07,000,00,2,1,01,B01
200700077849,0,07,000,00,0,1,15,A01
200700077849,0,07,000,00,2,1,01,B01
200700077850,0,13,000,00,2,6,10,A01
200700077850,0,07,000,00,2,1,01,B01
200700077851,0,07,000,00,0,3,15,B01
200700077851,0,02,000,00,2,1,17,A01
200700077852,0,07,000,00,2,2,15,A01
200700077852,0,02,000,00,2,1,01,B01
200700077853,0,02,000,00,2,1,02,A01
200700077853,0,07,000,00,2,4,23,B01
200700077854,0,02,000,00,2,1,01,B01
200700077854,0,07,000,00,2,2,15,A01
200700077855,0,07,000,00,1,1,01,A01
200700077856,0,02,000,00,0,0,01,A01
200700077857,0,07,000,00,2,1,02,A01
200700077857,0,07,000,00,2,4,23,B01
200700077858,0,07,000,00,1,1,01,A01
200700077859,0,07,000,00,2,1,02,A01
200700077859,0,07,000,00,2,4,23,B01
200700077859,0,07,000,00,2,4,23,C01
200700077860,0,07,000,00,1,1,01,A01
200700077861,0,07,000,00,2,1,02,A01
200700077861,0,07,000,00,2,4,23,B01
200700077862,0,07,000,00,2,2,01,B01
200700077862,0,07,000,00,2,1,09,A01
200700077863,0,07,000,00,1,8,01,A01
200700077864,0,07,000,14,2,1,05,A01
200700077864,0,07,000,00,2,3,01,B01
200700077865,0,07,000,01,2,2,00,A01
200700077865,0,07,000,00,2,6,00,B01
200700077865,0,07,000,00,2,1,01,C01
200700077866,0,07,000,10,0,1,00,A01
200700077867,0,07,000,03,0,1,01,A01
200700077868,0,07,000,00,1,8,00,A01
200700077869,0,02,000,01,4,1,01,A01
200700077870,0,07,000,00,2,1,00,A01
200700077870,0,07,000,00,2,3,01,B01
200700077871,0,02,000,00,2,1,16,A01
200700077871,0,07,000,00,2,2,15,B01
200700077871,0,07,000,00,2,1,01,C01
200700077872,0,07,000,00,2,7,01,B01
200700077872,0,07,000,00,2,1,01,A01
200700077873,0,07,000,00,1,3,15,A01
200700077874,0,07,000,13,0,1,01,A01
200700077875,0,07,000,06,0,1,01,A01
200700077876,0,07,000,00,2,1,02,A01
200700077876,0,07,000,00,2,4,02,B01
200700077877,0,07,000,00,1,1,00,A01
200700077878,0,07,000,00,2,3,01,B01