Num_Acc,senc,catv,occutc,obs,obsm,choc,manv,num_veh
200700077878,0,03,000,00,2,3,16,A01
200700077879,0,07,000,00,2,1,02,A01
200700077879,0,07,000,00,2,4,02,B01
200700077879,0,07,000,03,2,5,01,C01
200700077879,0,10,000,00,2,4,01,D01
200700077879,0,10,000,00,2,4,01,E01
200700077880,0,07,000,03,1,3,15,A01
200700077881,0,07,000,00,2,3,15,B01
200700077881,0,02,000,00,2,2,17,A01
200700077882,0,07,000,00,1,2,01,A01
200700077883,0,07,000,00,2,6,04,A01
200700077883,0,07,000,00,2,7,23,B01
200700077884,0,10,000,00,1,8,15,A01
200700077885,0,07,000,00,2,1,01,B01
200700077885,0,07,000,00,2,1,15,A01
200700077886,0,07,000,00,1,3,01,A01
200700077887,0,07,000,00,0,2,00,A01
200700077888,0,07,000,00,1,4,04,A01
200700077889,0,07,000,00,2,1,01,A01
200700077889,0,07,000,00,2,4,01,B01
200700077890,0,07,000,00,1,1,01,A01
200700077891,0,07,000,00,2,1,01,A01
200700077891,0,07,000,00,2,7,01,B01
200700077892,0,14,000,00,2,7,16,B01
200700077892,0,30,000,00,2,3,18,A01
200700077893,0,03,000,00,2,3,15,A01
200700077893,0,07,000,00,2,3,01,B01
200700077894,0,02,000,00,2,1,01,B01
200700077894,0,07,000,00,2,7,01,A01
200700077895,0,07,000,00,2,7,01,A01
200700077895,0,07,000,00,2,1,01,B01
200700077896,0,07,000,00,2,7,15,A01
200700077896,0,07,000,00,2,1,01,B01
200700077897,0,07,000,00,2,8,15,A01
200700077897,0,02,000,00,2,2,17,B01
200700077898,0,01,000,00,2,7,01,B01
200700077898,0,07,000,00,2,1,01,A01
200700077899,0,07,000,00,2,8,10,A01
200700077899,0,30,000,00,2,1,01,B01
200700077900,0,07,000,00,1,1,01,A01
200700077901,0,07,000,00,2,1,01,A01
200700077901,0,07,000,00,2,4,01,B01
200700077902,0,07,000,00,2,7,01,A01
200700077902,0,07,000,00,2,1,01,B01
200700077903,0,30,000,00,2,7,01,B01
200700077903,0,07,000,00,2,1,01,A01
200700077904,0,07,000,08,2,7,01,A01
200700077904,0,07,000,00,2,1,01,B01
200700077905,0,10,000,00,1,7,01,A01
200700077906,0,07,000,00,1,1,01,A01
200700077907,0,07,000,00,2,2,15,A01
200700077907,0,30,000,00,2,1,01,B01
200700077908,0,07,000,00,2,2,01,A01
200700077908,0,07,000,00,2,3,01,B01
200700077909,0,07,000,00,1,1,01,A01
200700077910,0,07,000,00,2,2,01,A01
200700077910,0,01,000,00,2,7,01,B01
200700077911,0,30,000,00,1,1,01,A01
200700077912,0,07,000,00,1,1,01,A01
200700077913,0,07,000,00,2,7,01,A01
200700077913,0,07,000,00,2,1,01,B01
200700077914,0,07,000,00,1,8,01,A01
200700077915,0,07,000,00,1,1,01,A01
200700077916,0,07,000,00,2,1,05,A01
200700077916,0,07,000,00,2,1,01,B01
200700077917,0,07,000,00,1,6,01,B01
200700077917,0,37,001,00,2,1,09,A01
200700077918,0,07,000,01,1,2,15,A01
200700077918,0,07,000,00,0,8,24,B01
200700077919,0,07,000,00,2,1,02,A01
200700077919,0,07,000,00,0,4,02,B01
200700077920,0,07,000,02,0,1,01,A01
200700077921,0,07,000,00,9,7,01,B01
200700077921,0,01,000,00,2,1,09,A01
200700077922,0,07,000,00,1,3,01,A01
200700077923,0,07,000,00,1,1,01,A01
200700077924,0,07,000,00,1,1,01,A01
200700077925,0,07,000,00,2,1,01,A01
200700077925,0,01,000,00,2,1,01,B01
200700077926,0,07,000,00,2,2,00,A01
200700077926,0,07,000,00,2,8,09,B01
200700077927,0,07,000,00,2,1,02,A01
200700077927,0,07,000,00,0,4,02,B01
200700077928,0,07,000,00,1,1,15,A01
200700077929,0,07,000,00,1,1,01,A01
200700077930,0,07,000,00,2,3,13,A01
200700077930,0,07,000,00,2,3,23,B01
200700077931,0,07,000,00,2,2,01,A01
200700077931,0,07,000,00,2,8,16,B01
200700077932,0,07,000,00,1,8,01,A01
200700077933,0,10,000,00,1,1,01,A01
200700077934,0,07,000,00,1,2,01,A01
200700077935,0,07,000,00,2,2,09,A01
200700077935,0,07,000,00,2,3,01,B01
200700077936,0,07,000,00,2,1,01,A01
200700077936,0,07,000,00,2,6,15,B01
200700077937,0,07,000,01,2,1,14,A01
200700077937,0,07,000,01,2,4,14,B01
200700077938,0,03,000,00,2,1,15,A01
200700077938,0,07,000,00,2,8,01,B01
200700077939,0,07,000,00,2,1,15,A01
200700077939,0,02,000,00,2,1,01,B01
200700077940,0,07,000,00,1,1,01,A01
200700077941,0,07,000,14,0,1,01,A01
200700077942,0,07,000,00,9,1,01,A01
200700077942,0,30,000,00,2,8,01,B01
200700077943,0,07,000,00,6,0,01,A01
200700077944,0,07,000,15,0,1,01,A01
200700077945,0,10,000,00,1,1,01,A01
200700077946,0,30,000,00,2,1,01,A01
200700077946,0,07,000,00,9,8,15,B01
200700077947,0,07,000,00,2,3,01,A01
200700077947,0,07,000,00,2,3,01,B01
200700077947,0,10,000,00,0,0,00,C01
200700077948,0,07,000,00,1,3,15,A01
200700077949,0,07,000,00,2,7,01,A01
200700077949,0,02,000,00,2,8,01,B01
200700077950,0,30,000,00,0,0,01,A01
200700077951,0,07,000,00,1,1,01,A01
200700077952,0,07,000,00,1,1,01,A01
200700077953,0,07,000,00,2,5,10,A01
200700077953,0,33,000,00,2,1,01,B01
200700077954,0,07,000,00,1,2,01,A01
200700077955,0,30,000,12,0,0,01,A01
200700077956,0,02,000,12,0,1,01,A01
200700077957,0,07,000,00,4,3,19,A01
200700077957,0,40,000,00,2,1,01,B01
200700077958,0,10,000,00,2,1,01,A01
200700077958,0,07,000,00,2,8,15,B01
200700077959,0,07,000,00,2,1,05,A01
200700077959,0,07,000,00,2,1,01,B01
200700077960,0,07,000,00,1,1,01,A01
200700077961,0,07,000,00,2,1,00,A01
200700077961,0,33,000,00,0,7,00,B01
200700077962,0,07,000,00,1,1,01,A01
200700077963,0,40,000,00,2,1,01,B01
200700077963,0,07,000,08,2,7,13,A01
200700077964,0,07,000,00,1,3,02,A01
200700077965,0,33,000,00,0,0,00,B01
200700077965,0,07,000,00,2,6,09,A01
200700077966,1,07,000,00,2,7,17,A01
200700077966,0,30,000,00,2,8,01,B01
200700077967,0,07,000,00,1,3,15,A01
200700077968,0,07,000,00,2,0,09,A01
200700077968,0,31,000,00,2,1,18,B01
200700077969,0,01,000,00,2,0,00,B01
200700077969,1,07,000,00,2,1,01,A01
200700077970,0,07,000,00,1,1,01,A01
200700077971,0,02,000,00,2,1,17,A01
200700077971,0,07,000,00,2,1,01,B01
200700077972,0,33,000,00,2,7,01,B01
200700077972,0,10,000,00,2,1,15,A01
200700077973,1,07,000,00,2,3,16,A01
200700077973,0,02,000,00,2,1,01,B01
200700077974,0,07,000,00,2,6,13,A01
200700077974,0,33,000,00,2,2,17,B01
200700077975,0,07,000,00,1,0,20,A01
200700077976,0,30,000,00,2,1,00,A01
200700077976,0,07,000,00,2,8,15,B01
200700077977,1,99,000,00,1,1,00,A01
200700077978,0,07,000,00,2,7,00,A01
200700077978,0,14,000,00,2,1,01,B01
200700077979,0,07,000,00,1,1,01,A01
200700077980,0,07,000,00,1,1,01,A01
200700077981,0,07,000,01,0,1,19,A01
200700077982,0,07,000,00,1,1,01,A01
200700077983,0,07,000,00,2,1,01,A01
200700077983,0,07,000,00,2,1,01,B01
200700077984,0,07,000,00,1,1,01,A01
200700077985,0,10,000,00,2,5,17,A01
200700077985,0,07,000,00,2,4,01,B01
200700077986,0,07,000,01,2,3,15,A01
200700077986,0,33,000,00,2,7,17,B01
200700077987,0,07,000,00,2,3,09,A01
200700077987,0,02,000,00,2,1,01,B01
200700077988,0,07,000,00,1,0,15,A01
200700077989,0,07,000,00,1,2,01,A01
200700077990,0,07,000,00,0,1,00,A01
200700077990,0,07,000,00,2,2,00,B01
200700077991,0,07,000,00,1,4,20,A01
200700077992,0,99,000,07,6,0,06,A01
200700077993,0,07,000,13,0,1,05,A01
200700077994,0,01,000,00,2,1,00,A01
200700077994,0,07,000,00,2,0,00,B01
200700077995,0,07,000,02,0,1,13,A01
200700077996,0,02,000,00,2,1,00,A01
200700077996,0,07,000,00,2,3,00,B01
200700077997,0,07,000,00,2,0,00,A01
200700077997,0,07,000,00,2,1,00,B01
200700077998,0,07,000,00,2,2,00,A01
200700077998,0,07,000,00,2,2,00,B01
200700077999,0,07,000,00,2,8,00,A01
200700077999,0,01,000,00,2,0,00,B01
200700078000,0,33,000,00,2,1,17,A01
200700078000,0,07,000,00,2,7,15,B01
200700078001,0,07,000,14,0,1,02,A01
200700078001,0,07,000,00,0,4,00,B01
200700078002,0,10,000,00,2,1,01,A01
200700078002,0,07,000,00,2,4,23,B01
200700078003,0,07,000,00,1,1,01,A01
200700078004,0,07,000,00,1,1,01,A01
200700078005,0,33,000,00,2,0,17,A01
200700078005,0,07,000,00,0,6,15,B01
200700078006,0,07,000,00,2,8,15,A01
200700078006,0,02,000,00,2,7,01,B01
200700078007,0,07,000,00,2,0,00,A01
200700078007,0,07,000,00,2,0,00,B01
200700078008,0,07,000,03,0,1,00,A01
200700078009,0,07,000,00,2,1,00,A01
200700078009,0,07,000,00,2,4,00,B01
200700078010,0,01,000,01,0,1,00,A01
200700078011,0,07,000,14,0,1,02,A01
200700078011,0,07,000,00,0,4,02,B01
200700078012,0,07,000,00,1,4,04,A01
200700078013,0,07,000,00,0,8,00,A01
200700078013,0,33,000,00,2,1,00,B01
200700078014,0,07,000,00,1,1,15,A01
200700078015,0,07,000,00,0,4,11,A01
200700078015,0,07,000,00,2,7,17,B01
200700078016,0,02,000,00,2,1,01,A01
200700078016,0,01,000,00,2,1,01,B01
200700078017,0,07,000,00,1,7,01,A01
200700078018,0,07,000,06,0,2,01,A01
200700078019,0,02,000,00,2,1,17,A01
200700078019,0,07,000,00,0,3,15,B01
200700078020,0,07,000,00,2,3,05,D01
200700078020,0,07,000,00,2,1,01,B01
200700078020,0,07,000,00,2,1,13,C01
200700078020,0,07,000,15,2,7,15,A01
200700078021,0,07,000,00,2,0,13,A01
200700078021,0,07,000,00,2,8,15,B01
200700078022,0,07,000,00,2,4,02,B01
200700078022,0,07,000,00,2,1,02,A01
200700078022,0,07,000,00,0,4,23,C01
200700078022,0,07,000,00,2,4,02,D01
200700078023,0,33,000,00,2,1,17,B01
200700078023,0,07,000,00,2,3,15,A01
200700078024,0,07,000,00,0,0,12,B01
200700078024,0,02,000,00,0,0,12,A01
200700078025,0,07,000,00,1,3,11,A01
200700078026,0,07,000,00,2,4,02,A01
200700078026,0,07,000,00,2,1,02,B01
200700078026,1,07,000,00,0,0,10,C01
200700078027,0,14,000,00,2,3,01,B01
200700078027,0,07,000,00,2,8,13,A01
200700078028,0,01,000,00,0,1,01,A01
200700078029,0,07,000,00,2,1,09,A01
200700078029,0,07,000,00,2,2,01,B01
200700078030,0,10,000,00,1,4,04,A01
200700078031,0,07,000,00,1,1,01,A01
200700078032,0,02,000,00,0,0,00,A01
200700078033,0,07,000,00,1,1,16,A01
200700078034,0,07,000,00,2,1,01,A01
200700078034,0,07,000,00,2,4,01,B01
200700078034,0,10,000,00,2,4,01,C01
200700078034,0,07,000,00,2,4,01,D01
200700078035,0,07,000,00,2,1,01,A01
200700078035,0,07,000,00,2,4,01,B01
200700078035,0,07,000,00,2,4,01,C01
200700078036,0,33,000,00,2,1,01,A01
200700078036,0,07,000,00,0,4,01,B01
200700078037,0,07,000,00,0,9,01,A01
200700078038,0,01,000,12,0,0,01,A01
200700078039,0,07,000,00,1,2,01,B01
200700078040,0,07,000,00,1,4,04,A01
200700078041,0,02,000,00,2,6,02,B01
200700078041,0,10,000,00,2,3,02,A01
200700078042,0,07,000,00,2,3,13,A01
200700078042,0,07,000,00,2,3,01,B01
200700078043,0,07,000,00,2,1,15,A01
200700078043,0,07,000,01,2,2,01,B01
200700078044,0,30,000,00,1,1,01,A01
200700078044,0,02,000,00,1,0,01,B01
200700078045,0,07,000,00,1,0,04,A01
200700078046,0,07,000,00,1,0,04,A01
200700078047,0,07,000,00,2,1,02,A01
200700078047,0,07,000,00,2,4,02,B01
200700078048,0,07,000,00,2,3,09,A01
200700078048,0,02,000,00,2,1,01,B01
200700078049,0,01,000,00,0,0,01,A01
200700078050,0,07,000,00,0,9,01,A01
200700078051,0,01,000,01,0,0,01,A01
200700078052,0,30,000,00,0,0,01,A01
200700078053,0,01,000,00,0,0,01,A01
200700078054,0,30,000,00,2,1,02,A01
200700078054,0,07,000,00,2,4,02,B01
200700078055,0,07,000,00,2,8,01,A01
200700078055,0,07,000,00,2,1,01,B01
200700078056,0,07,000,00,2,5,15,A01
200700078056,0,02,000,00,2,1,01,B01
200700078057,0,07,000,00,2,1,15,A01
200700078057,0,02,000,00,2,1,01,B01
200700078058,0,02,000,00,0,1,01,A01
200700078059,0,07,000,00,2,1,15,A01
200700078059,0,07,000,00,2,3,01,B01
200700078060,2,07,000,00,2,1,15,A01
200700078060,0,02,000,00,2,1,01,B01
200700078061,0,02,000,00,0,0,01,A01
200700078062,0,07,000,00,2,1,02,A01
200700078062,0,07,000,00,2,4,02,B01
200700078062,0,07,000,00,2,1,02,C01
200700078063,0,07,000,00,2,6,15,A01
200700078063,0,07,000,00,2,2,01,B01
200700078064,0,07,000,00,1,1,01,A01
200700078065,0,02,000,00,2,7,02,A01
200700078065,0,07,000,00,2,4,02,B01
200700078066,0,07,000,00,1,1,01,A01
200700078067,1,07,000,00,1,1,01,A01
200700078068,0,07,000,12,0,2,01,A01
200700078069,0,07,000,00,1,1,01,A01
200700078070,0,07,000,04,0,1,01,A01
200700078071,0,02,000,00,0,0,13,A01
200700078072,0,07,000,00,2,1,01,A01
200700078072,0,07,000,00,2,3,16,B01
200700078073,0,02,000,00,2,1,15,A01
200700078073,0,07,000,00,2,2,01,B01
200700078074,0,07,000,00,2,3,01,A01
200700078074,0,02,000,00,2,8,15,B01
200700078075,0,33,000,00,2,1,18,A01
200700078075,0,07,000,00,2,7,16,B01
200700078076,0,02,000,16,0,1,01,A01
200700078077,0,07,000,00,2,1,15,A01
200700078077,0,07,000,00,2,1,01,B01
200700078077,0,07,000,00,2,1,01,C01
200700078078,0,07,000,00,1,1,01,A01
200700078079,0,07,000,08,0,1,01,A01
200700078080,0,07,000,00,1,1,01,A01
200700078081,0,07,000,00,1,1,01,A01
200700078082,0,07,000,00,2,1,01,A01
200700078082,0,03,000,00,2,1,01,B01
200700078082,0,07,000,00,2,4,01,C01
200700078083,0,07,000,00,2,3,15,A01
200700078083,0,33,000,00,2,8,17,B01
200700078084,0,02,000,00,2,1,10,A01
200700078084,0,07,000,00,2,2,01,B01
200700078085,0,07,000,00,2,7,06,A01
200700078085,0,07,000,00,2,1,01,B01
200700078086,0,07,000,00,1,5,01,A01
200700078087,0,07,000,13,0,1,01,A01
200700078088,0,07,000,00,2,1,15,A01
200700078088,0,02,000,00,2,8,01,B01
200700078089,0,07,000,00,2,1,02,A01
200700078089,0,07,000,00,2,4,20,B01
200700078090,0,07,000,00,2,1,01,A01
200700078090,0,07,000,00,2,4,23,B01
200700078090,0,10,000,00,2,4,23,C01
200700078091,0,07,000,00,2,8,15,A01
200700078091,0,31,000,00,2,1,01,B01
200700078092,0,07,000,00,2,1,15,A01
200700078092,0,31,000,00,2,1,01,B01
200700078093,0,02,000,00,2,1,02,A01
200700078093,0,07,000,00,2,4,23,B01
200700078094,0,07,000,00,1,3,01,A01
200700078095,0,07,000,00,1,1,01,A01
200700078096,1,07,000,00,1,7,01,A01
200700078097,1,31,000,00,1,7,01,A01
200700078098,0,07,000,13,0,1,17,A01
200700078098,0,07,000,13,0,1,01,B01
200700078099,0,07,000,06,2,1,14,A01
200700078099,0,07,000,06,2,4,01,B01
200700078100,0,07,000,04,0,3,13,A01
200700078101,0,07,000,00,2,1,15,A01
200700078101,0,02,000,00,2,1,01,B01
200700078102,0,07,000,00,2,1,01,A01
200700078102,0,02,000,00,2,4,01,B01
200700078103,0,07,000,00,1,1,01,A01
200700078104,0,03,000,01,0,2,14,A01
200700078105,0,07,000,00,2,7,15,A01
200700078105,0,07,000,00,2,1,01,B01
200700078106,0,14,000,15,0,1,05,A01
200700078107,0,07,000,00,1,1,15,A01
200700078108,0,07,000,00,2,1,01,A01
200700078108,0,07,000,00,2,7,00,B01
200700078109,0,07,000,00,1,3,01,A01
200700078110,0,07,000,00,1,1,02,A01
200700078111,0,07,000,00,1,7,01,A01
200700078112,0,07,000,00,1,3,01,A01
200700078113,0,07,000,00,1,2,01,A01
200700078114,1,07,000,00,1,3,02,A01
200700078115,0,10,000,00,2,2,01,A01
200700078115,0,07,000,00,0,7,01,B01
200700078116,0,07,000,00,2,6,01,B01
200700078116,0,14,000,00,2,8,01,C01
200700078116,0,07,000,00,2,1,00,A01
200700078117,0,07,000,00,0,5,15,B01
200700078117,0,02,000,00,0,1,21,A01
200700078118,0,02,000,00,2,0,15,B01
200700078118,0,07,000,00,2,3,15,A01
200700078119,0,07,000,00,2,3,15,A01
200700078119,0,02,000,00,2,1,16,B01
200700078120,0,10,000,00,1,1,15,A01
200700078121,0,07,000,00,1,1,01,A01
200700078122,0,07,000,00,1,1,01,A01
200700078123,0,07,000,00,2,1,13,A01
200700078123,0,07,000,00,2,1,01,B01
200700078124,0,07,000,00,1,2,15,A01
200700078125,0,07,000,00,2,8,09,A01
200700078125,0,30,000,00,2,1,01,B01
200700078126,0,07,000,00,2,1,01,A01
200700078126,0,07,000,00,2,1,01,B01
200700078127,0,07,000,13,0,3,14,A01
200700078128,0,07,000,13,0,2,00,A01
200700078129,1,07,000,00,1,7,01,A01
200700078130,0,02,000,00,1,1,21,A01
200700078131,0,07,000,00,1,1,01,A01
200700078132,0,07,000,11,0,1,14,A01
200700078133,0,07,000,00,1,1,21,A01
200700078134,0,07,000,00,1,1,00,A01
200700078135,0,07,000,00,2,1,02,A01
200700078135,0,07,000,00,2,4,02,B01
200700078136,0,07,000,00,1,1,01,A01
200700078137,0,07,000,13,0,1,01,A01
200700078137,0,07,000,01,0,1,01,B01
200700078138,0,07,000,06,0,0,01,A01
200700078139,0,07,000,00,9,2,02,A01
200700078139,0,01,000,00,2,4,01,B01
200700078140,0,30,000,00,2,1,01,B01
200700078140,0,07,000,00,2,8,01,A01
200700078141,0,07,000,13,0,3,01,A01
200700078142,0,07,000,00,2,3,01,A01
200700078142,0,02,000,00,2,1,01,B01
200700078143,0,07,000,00,1,2,01,A01
200700078144,0,07,000,00,2,3,20,A01
200700078144,0,02,000,00,2,1,01,B01
200700078145,1,07,000,00,1,0,00,A01
200700078146,0,37,001,00,1,1,01,A01
200700078147,0,07,000,00,0,9,01,A01
200700078148,0,07,000,00,1,7,01,A01
200700078149,0,07,000,00,2,2,01,B01
200700078149,0,30,000,00,2,2,01,A01
200700078150,0,07,000,01,0,2,00,A01
200700078151,0,07,000,00,2,1,15,A01
200700078151,0,07,000,00,2,1,01,B01
200700078152,0,34,000,00,2,1,17,B01
200700078152,0,07,000,00,2,8,15,A01
200700078153,0,07,000,00,1,2,15,A01
200700078154,0,07,000,00,2,3,15,A01
200700078154,0,07,000,00,2,3,01,B01
200700078155,0,07,000,00,1,2,01,A01
200700078156,0,14,000,00,0,7,15,A01
200700078157,0,10,000,00,1,2,01,A01
200700078158,0,07,000,15,2,1,02,A01
200700078158,0,07,000,00,2,4,02,B01
200700078159,0,10,000,00,1,3,00,A01
200700078160,0,37,009,00,1,8,01,A01
200700078161,0,07,000,00,2,3,15,B01
200700078161,0,02,000,00,2,2,01,A01
200700078162,0,07,000,00,2,1,02,A01
200700078162,0,07,000,00,2,4,02,B01
200700078162,0,07,000,00,2,6,02,C01
200700078163,0,07,000,00,2,1,01,A01
200700078163,0,07,000,00,2,3,15,B01
200700078164,0,07,000,00,2,3,01,B01
200700078164,0,07,000,00,2,1,01,A01
200700078165,1,07,000,00,1,2,16,A01
200700078166,0,07,000,00,2,3,15,A01
200700078166,0,33,000,00,2,1,01,B01
200700078167,0,07,000,00,2,3,09,A01
200700078167,0,07,000,00,2,1,01,B01
200700078168,0,07,000,00,2,1,15,A01
200700078168,0,07,000,00,2,1,01,B01
200700078169,0,07,000,00,2,1,01,A01
200700078169,0,07,000,00,2,2,01,B01
200700078170,0,07,000,00,1,7,01,A01
200700078171,0,07,000,00,2,3,01,A01
200700078171,0,07,000,00,2,7,01,B01
200700078172,0,07,000,00,2,1,02,A01
200700078172,0,07,000,00,2,4,02,B01
200700078173,0,07,000,00,1,2,01,A01
200700078174,0,07,000,00,1,2,11,A01
200700078175,0,07,000,00,1,2,01,A01
200700078176,0,07,000,00,1,3,01,A01
200700078177,0,10,000,00,1,8,01,A01
200700078178,0,07,000,00,1,1,15,A01
200700078179,0,07,000,00,2,1,02,A01
200700078179,0,07,000,00,2,4,02,B01
200700078179,0,07,000,00,2,4,02,C01
200700078180,0,30,000,00,2,1,15,A01
200700078180,0,07,000,00,2,1,01,B01
200700078181,0,07,000,00,1,4,04,A01
200700078182,0,07,000,00,1,5,01,A01
200700078183,0,07,000,00,2,1,01,A01
200700078183,0,07,000,00,2,2,01,B01
200700078184,0,07,000,00,1,1,00,A01
200700078185,0,07,000,00,2,1,01,B01
200700078185,0,07,000,00,2,8,15,A01
200700078186,2,07,000,08,0,1,01,A01
200700078187,0,07,000,00,2,5,15,A01
200700078187,0,07,000,00,2,1,01,B01
200700078188,0,07,000,00,2,1,01,B01
200700078188,0,07,000,00,2,7,01,A01
200700078189,0,07,000,00,1,1,01,A01
200700078190,0,07,000,00,1,3,15,A01
200700078191,0,07,000,08,0,8,01,A01
200700078192,0,07,000,00,2,1,02,A01
200700078192,0,07,000,00,2,4,02,B01
200700078193,0,07,000,00,2,6,09,A01
200700078193,0,07,000,00,2,2,01,B01
200700078194,0,33,000,01,2,7,01,B01
200700078194,0,07,000,00,2,5,04,A01
200700078195,0,07,000,00,1,1,16,A01
200700078196,0,07,000,06,0,1,01,A01
200700078197,0,07,000,00,2,1,01,A01
200700078197,0,07,000,00,0,4,01,B01
200700078198,0,02,000,00,2,0,01,A01
200700078198,0,07,000,00,0,5,01,B01
200700078199,0,07,000,00,1,3,01,A01
200700078200,0,07,000,00,2,3,15,A01
200700078200,0,07,000,00,0,8,01,B01
200700078201,0,07,000,00,0,3,01,B01
200700078201,0,07,000,00,2,1,01,A01
200700078202,0,07,000,00,2,2,15,A01
200700078202,0,02,000,00,2,1,01,B01
200700078203,0,07,000,00,2,3,10,A01
200700078203,0,07,000,00,2,1,01,B01
200700078204,1,07,000,00,0,0,17,A01
200700078204,0,07,000,00,2,4,23,B01
200700078205,0,01,000,00,2,5,00,A01
200700078205,0,07,000,00,2,5,00,B01
200700078206,0,02,000,12,0,1,01,A01
200700078207,0,10,000,00,2,3,15,A01
200700078207,0,02,000,00,2,1,01,B01
200700078207,0,07,000,01,0,0,00,C01
200700078208,0,07,000,00,2,1,01,A01
200700078208,0,07,000,00,0,4,20,B01
200700078209,0,07,000,00,1,1,01,A01
200700078210,0,07,000,13,0,7,01,A01
200700078211,0,07,000,13,0,9,14,A01
200700078212,0,07,000,00,2,3,13,A01
200700078212,0,15,000,06,2,8,01,B01
200700078213,0,33,000,00,2,7,01,A01
200700078213,0,07,000,00,2,3,09,B01
200700078214,0,07,000,04,0,1,09,A01
200700078215,0,07,000,00,2,1,01,A01
200700078215,0,10,000,00,2,1,09,B01
200700078216,0,30,000,00,2,1,16,A01
200700078216,1,07,000,00,2,0,09,B01
200700078217,0,02,000,00,2,2,17,A01
200700078217,0,37,000,00,2,8,15,B01
200700078218,0,07,000,00,2,1,01,A01
200700078218,0,07,000,00,2,2,01,B01
200700078219,0,07,000,00,2,7,14,A01
200700078219,0,01,000,00,2,0,01,B01
200700078220,0,07,000,00,2,5,01,A01
200700078220,0,01,000,00,2,0,11,B01
200700078221,0,07,000,00,2,3,01,A01
200700078221,0,01,000,00,2,1,09,B01
200700078222,0,07,000,00,2,3,09,A01
200700078222,0,01,000,00,2,0,01,B01
200700078223,0,07,000,00,2,2,01,A01
200700078223,0,02,000,00,2,1,01,B01
200700078224,0,02,000,00,2,1,01,A01
200700078225,0,07,000,00,1,1,17,A01
200700078225,0,07,000,00,2,4,01,C01
200700078226,0,02,000,00,0,1,01,A01
200700078227,0,07,000,00,1,1,01,A01
200700078228,0,07,000,00,2,1,01,B01
200700078228,0,07,000,00,2,1,01,A01
200700078229,0,07,000,00,1,1,01,A01
200700078230,0,02,000,00,0,0,01,A01
200700078231,0,02,000,00,2,1,01,A01
200700078231,0,07,000,00,2,4,01,B01
200700078232,0,02,000,00,2,2,18,A01
200700078232,0,07,000,00,2,3,15,B01
200700078233,0,07,000,00,0,0,01,A01
200700078234,0,02,000,00,0,7,01,A01
200700078235,0,07,000,00,2,1,01,A01
200700078235,0,02,000,00,2,3,01,B01
200700078236,0,07,000,00,2,3,01,A01
200700078236,0,02,000,00,2,7,01,B01
200700078237,0,07,000,00,2,4,01,A01
200700078237,0,07,000,00,2,4,01,B01
200700078238,0,07,000,00,1,1,01,A01
200700078239,0,07,000,00,1,4,04,A01
200700078240,0,07,000,00,0,0,01,A01
200700078241,0,07,000,06,0,1,01,A01
200700078242,0,07,000,13,0,1,01,A01
200700078243,0,07,000,00,1,2,01,A01
200700078244,0,37,000,00,1,1,01,A01
200700078245,0,07,000,00,1,4,04,A01
200700078246,0,07,000,00,2,3,16,A01
200700078246,0,30,000,00,2,0,01,B01
200700078247,0,07,000,00,2,3,09,A01
200700078247,0,07,000,00,2,2,01,B01
200700078248,0,07,000,14,0,3,01,B01
200700078248,0,07,000,00,2,6,15,A01
200700078249,0,07,000,00,2,3,15,A01
200700078249,0,02,000,00,2,1,01,B01
200700078250,0,07,000,00,2,4,23,B01
200700078250,0,07,000,00,2,1,01,A01
200700078251,0,07,000,00,9,1,01,A01
200700078251,0,01,000,00,2,4,02,B01
200700078252,0,30,000,00,2,1,09,A01
200700078252,0,07,000,00,2,2,01,B01
200700078253,0,07,000,00,2,8,11,A01
200700078253,0,10,000,00,2,7,01,B01
200700078254,0,07,000,00,1,1,01,A01
200700078255,0,07,000,00,2,1,01,A01
200700078255,0,07,000,00,2,1,01,B01
200700078256,0,07,000,01,0,1,21,A01
200700078256,0,07,000,00,2,0,24,B01
200700078257,0,07,000,00,1,3,01,A01
200700078258,0,07,000,00,1,2,01,A01
200700078259,0,07,000,09,0,1,16,A01
200700078260,1,07,000,00,1,1,01,A01
200700078261,2,07,000,00,2,1,01,A01
200700078261,0,07,000,00,2,1,01,B01
200700078262,0,33,000,00,2,1,01,B01
200700078262,0,07,000,00,2,6,15,A01
200700078263,0,07,000,00,2,1,01,B01
200700078263,0,07,000,00,2,1,15,A01
200700078264,0,07,000,00,2,1,01,B01
200700078264,0,07,000,00,2,1,01,A01
200700078265,0,10,000,00,2,2,01,A01
200700078266,0,07,000,00,2,1,00,B01
200700078267,0,07,000,02,0,9,13,A01
200700078268,0,07,000,00,1,1,01,A01
200700078269,0,07,000,00,2,1,15,A01
200700078269,0,33,000,00,2,3,01,B01
200700078270,0,10,000,02,0,1,01,A01
200700078271,0,07,000,00,2,1,15,A01
200700078271,0,02,000,00,2,1,18,B01
200700078272,0,10,000,00,1,1,01,A01
200700078273,0,07,000,00,2,1,15,A01
200700078273,0,07,000,00,2,3,01,B01
200700078274,0,02,000,00,2,1,01,A01
200700078274,1,07,000,00,2,0,15,B01
200700078275,0,07,000,00,1,7,01,A01
200700078276,0,07,000,00,2,3,01,A01
200700078276,0,07,000,00,2,5,12,B01
200700078277,0,07,000,08,0,1,01,A01
200700078278,0,07,000,01,0,1,01,A01