Num_Acc,senc,catv,occutc,obs,obsm,choc,manv,num_veh
200700078279,0,07,000,08,0,1,01,A01
200700078280,0,07,000,00,2,3,01,B01
200700078280,0,02,000,00,2,1,15,A01
200700078281,0,07,000,00,2,7,15,A01
200700078281,0,07,000,00,2,1,01,B01
200700078282,0,02,000,00,0,0,00,A01
200700078283,0,33,000,00,0,0,01,A01
200700078284,0,30,000,00,0,0,15,A01
200700078285,0,07,000,00,2,3,00,A01
200700078285,0,02,000,00,2,0,00,B01
200700078286,0,07,000,00,2,1,01,A01
200700078286,0,07,000,00,2,8,01,B01
200700078287,0,07,000,00,2,8,00,A01
200700078287,0,02,000,00,2,1,01,B01
200700078288,1,07,000,00,2,2,15,A01
200700078288,0,02,000,00,2,0,01,B01
200700078289,0,37,001,00,1,1,01,A01
200700078290,0,07,000,00,1,1,01,A01
200700078291,0,07,000,00,2,2,01,B01
200700078291,0,07,000,00,2,1,00,A01
200700078292,0,07,000,06,0,2,17,A01
200700078293,0,07,000,00,1,1,15,A01
200700078294,0,07,000,00,2,1,01,A01
200700078294,0,07,000,00,2,4,01,B01
200700078294,0,07,000,00,2,4,01,C01
200700078295,0,07,000,00,1,1,00,A01
200700078296,0,07,000,01,0,2,02,A01
200700078296,0,38,000,00,0,6,23,B01
200700078297,1,10,000,00,1,1,01,A01
200700078298,0,07,000,00,0,4,23,B01
200700078298,0,07,000,00,2,1,02,A01
200700078299,0,30,000,01,0,2,14,A01
200700078300,0,02,000,00,2,1,01,A01
200700078300,1,07,000,00,0,0,01,X01
200700078301,0,14,000,00,9,7,16,A01
200700078301,0,01,000,00,2,9,01,B01
200700078302,0,07,000,00,2,3,15,A01
200700078302,0,02,000,00,2,1,01,B01
200700078303,0,07,000,06,0,2,01,A01
200700078304,0,07,000,00,1,3,00,A01
200700078305,0,07,000,00,1,1,00,A01
200700078306,0,07,000,00,1,1,15,A01
200700078307,0,02,000,00,2,0,00,B01
200700078307,0,07,000,00,2,1,00,A01
200700078308,0,07,000,00,1,1,01,A01
200700078309,0,07,000,00,1,1,01,A01
200700078310,0,07,000,00,2,3,01,B01
200700078310,0,07,000,00,2,2,01,A01
200700078311,0,07,000,06,0,1,01,A01
200700078312,0,07,000,01,0,1,16,A01
200700078313,0,07,000,06,0,1,01,A01
200700078314,0,07,000,00,1,4,04,A01
200700078315,0,07,000,00,1,1,01,A01
200700078316,0,10,000,00,1,2,01,A01
200700078317,1,07,000,00,1,0,01,A01
200700078318,1,30,000,00,2,1,01,A01
200700078318,0,02,000,00,2,6,10,B01
200700078319,0,07,000,00,1,1,01,A01
200700078320,0,33,000,08,0,1,01,A01
200700078321,0,07,000,00,2,5,15,A01
200700078321,0,30,000,00,2,1,01,B01
200700078322,0,07,000,00,1,2,01,A01
200700078323,0,07,000,00,2,3,01,A01
200700078323,0,07,000,00,2,8,15,B01
200700078324,0,07,000,00,2,3,09,A01
200700078324,0,33,000,00,2,1,02,B01
200700078325,0,07,000,00,2,3,13,A01
200700078325,0,02,000,00,2,8,17,B01
200700078326,0,31,000,02,0,1,01,A01
200700078327,0,07,000,00,2,1,01,A01
200700078327,0,07,000,00,2,5,01,B01
200700078328,0,02,000,00,0,1,01,A01
200700078329,0,07,000,00,1,1,01,A01
200700078330,0,07,000,12,2,3,13,A01
200700078330,0,07,000,00,2,3,01,B01
200700078331,0,33,000,00,2,3,01,B01
200700078331,0,07,000,00,2,8,15,A01
200700078332,0,07,000,00,0,1,01,A01
200700078332,0,07,000,00,2,1,13,B01
200700078333,0,07,000,00,1,1,15,A01
200700078334,0,14,000,00,1,1,01,A01
200700078335,0,07,000,13,0,1,01,A01
200700078336,0,07,000,13,0,7,01,A01
200700078336,0,07,000,13,2,3,11,B01
200700078337,0,07,000,00,2,1,01,A01
200700078337,0,07,000,00,2,2,20,B01
200700078338,0,02,000,00,0,0,00,A01
200700078339,0,07,000,00,1,1,20,A01
200700078340,0,07,000,14,0,1,01,A01
200700078340,0,07,000,14,2,9,01,B01
200700078340,0,07,000,00,2,4,01,C01
200700078340,1,07,000,00,0,0,15,D01
200700078341,0,07,000,00,2,0,01,A01
200700078341,0,02,000,00,2,1,01,B01
200700078342,0,07,000,16,0,0,00,A01
200700078343,0,07,000,00,1,1,15,A01
200700078344,0,07,000,00,1,2,01,A01
200700078345,0,30,000,00,2,1,01,B01
200700078345,0,07,000,00,9,3,09,A01
200700078346,0,07,000,02,0,7,00,A01
200700078347,0,07,000,00,2,7,15,A01
200700078347,0,02,000,00,2,1,01,B01
200700078348,0,07,000,00,2,3,09,A01
200700078348,0,02,000,00,2,1,17,B01
200700078349,0,07,000,00,2,3,15,A01
200700078349,0,07,000,00,2,1,01,B01
200700078350,0,07,000,00,2,3,13,A01
200700078351,1,07,000,00,1,0,16,A01
200700078352,0,07,000,00,1,1,01,A01
200700078353,0,07,000,00,1,1,01,A01
200700078354,0,07,000,00,1,1,02,A01
200700078355,0,02,000,00,2,1,01,A01
200700078355,0,07,000,00,2,2,15,B01
200700078356,0,07,000,00,2,7,23,A01
200700078356,0,02,000,00,2,1,01,B01
200700078357,0,30,000,00,2,1,01,A01
200700078357,0,07,000,00,9,7,15,B01
200700078358,1,17,000,00,9,2,16,A01
200700078358,0,01,000,00,2,8,01,B01
200700078359,1,07,000,00,1,0,00,A01
200700078360,0,07,000,00,9,7,17,A01
200700078360,0,01,000,00,2,8,01,B01
200700078361,0,07,000,06,0,3,14,A01
200700078362,0,07,000,08,2,1,23,A01
200700078362,0,07,000,09,2,3,01,B01
200700078363,0,01,000,00,2,1,01,A01
200700078363,0,07,000,00,2,1,01,B01
200700078364,0,07,000,00,2,1,01,A01
200700078364,0,07,000,00,2,4,01,B01
200700078365,1,07,000,00,1,1,01,A01
200700078366,0,02,000,00,2,2,17,A01
200700078366,0,37,001,00,2,3,01,B01
200700078367,0,30,000,01,0,1,01,A01
200700078367,0,07,000,00,2,4,24,B01
200700078368,0,99,000,00,2,2,01,A01
200700078368,0,07,000,00,2,1,01,B01
200700078369,0,07,000,02,0,1,01,A01
200700078370,0,07,000,00,1,1,15,A01
200700078371,0,07,000,00,9,2,15,A01
200700078371,0,30,000,00,2,1,01,B01
200700078372,0,07,000,00,9,1,15,A01
200700078372,0,33,000,00,2,1,15,B01
200700078373,0,10,000,00,2,3,15,A01
200700078373,0,07,000,00,2,1,02,B01
200700078374,0,07,000,00,1,3,15,A01
200700078375,0,07,000,00,1,4,20,A01
200700078376,0,07,000,00,2,9,01,B01
200700078376,0,07,000,00,2,1,01,C01
200700078376,0,07,000,00,2,2,01,A01
200700078377,0,07,000,00,2,1,02,A01
200700078377,0,07,000,00,2,4,02,B01
200700078378,0,07,000,00,1,1,15,A01
200700078379,0,02,000,00,1,1,01,A01
200700078380,0,07,000,15,0,1,01,A01
200700078381,0,07,000,00,1,0,15,A01
200700078382,0,33,000,00,2,1,13,A01
200700078382,0,10,000,01,2,1,02,B01
200700078383,0,31,000,00,0,0,01,A01
200700078384,0,30,000,00,2,9,01,A01
200700078384,0,07,000,00,2,3,09,B01
200700078385,0,07,000,00,1,1,16,A01
200700078386,0,07,000,00,1,1,01,A01
200700078387,0,07,000,00,2,4,04,A01
200700078387,0,07,000,00,2,1,01,B01
200700078387,0,07,000,00,2,1,01,C01
200700078388,0,07,000,00,2,1,01,B01
200700078388,2,07,000,14,2,9,01,A01
200700078389,0,07,000,00,2,1,01,B01
200700078389,0,07,000,00,2,1,15,A01
200700078390,0,02,000,00,0,1,13,A01
200700078391,0,07,000,00,1,3,01,A01
200700078392,0,07,000,00,2,3,15,A01
200700078392,0,02,000,00,2,1,01,B01
200700078393,1,07,000,00,1,1,02,A01
200700078394,0,07,000,00,1,1,15,A01
200700078395,0,07,000,00,0,0,15,A01
200700078395,0,30,000,00,0,7,01,B01
200700078396,0,07,000,00,1,1,01,A01
200700078397,0,07,000,00,2,1,01,B01
200700078397,2,07,000,15,2,9,01,A01
200700078398,0,07,000,00,2,2,01,A01
200700078398,0,07,000,00,2,3,09,B01
200700078399,0,07,000,00,1,1,01,A01
200700078400,0,07,000,00,1,1,15,A01
200700078401,0,07,000,00,2,1,01,A01
200700078401,0,07,000,00,0,8,15,B01
200700078402,0,07,000,00,0,0,01,A01
200700078403,0,07,000,00,2,5,15,A01
200700078403,0,02,000,00,2,1,01,B01
200700078404,0,07,000,00,0,2,16,A01
200700078405,0,07,000,00,2,1,01,A01
200700078405,0,07,000,00,2,9,01,B01
200700078405,0,07,000,00,2,9,02,C01
200700078405,0,07,000,00,2,4,02,D01
200700078405,0,07,000,00,2,8,01,E01
200700078406,0,07,000,00,2,9,17,A01
200700078406,0,07,000,00,2,9,01,B01
200700078407,0,07,000,01,1,0,01,A01
200700078408,0,07,000,00,1,0,01,A01
200700078409,0,33,000,00,2,1,01,B01
200700078409,0,07,000,00,2,4,15,A01
200700078410,0,07,000,00,2,1,01,B01
200700078410,0,07,000,14,2,3,15,A01
200700078411,0,07,000,00,1,2,01,A01
200700078412,0,30,000,00,1,0,01,A01
200700078413,0,07,000,00,1,1,15,A01
200700078414,0,37,000,00,2,1,01,A01
200700078414,0,37,000,00,1,4,23,B01
200700078415,0,07,000,00,2,1,13,A01
200700078415,0,07,000,00,2,3,01,B01
200700078416,0,07,000,00,1,0,01,A01
200700078417,0,07,000,00,2,1,01,B01
200700078417,0,07,000,14,2,3,01,A01
200700078418,0,07,000,00,2,0,16,A01
200700078418,0,01,000,00,2,1,01,B01
200700078419,0,07,000,00,2,7,10,A01
200700078419,0,02,000,00,2,1,01,B01
200700078420,0,07,000,00,2,4,01,A01
200700078420,0,07,000,00,2,1,02,B01
200700078421,0,02,000,02,0,1,01,A01
200700078422,0,01,000,00,0,0,01,A01
200700078423,0,07,000,00,2,3,15,A01
200700078423,0,02,000,00,2,9,01,B01
200700078424,0,07,000,00,1,0,16,A01
200700078425,0,07,000,00,2,1,02,A01
200700078425,0,07,000,00,2,4,23,B01
200700078426,0,07,000,00,2,3,13,A01
200700078426,0,14,000,00,2,1,01,B01
200700078426,0,07,000,00,2,1,01,C01
200700078427,0,07,000,00,2,2,13,A01
200700078427,0,07,000,00,2,1,01,B01
200700078428,0,07,000,01,2,1,01,A01
200700078429,0,07,000,01,1,0,01,A01
200700078430,0,07,000,07,0,7,01,A01
200700078431,0,07,000,00,1,0,01,A01
200700078432,0,07,000,00,2,1,01,A01
200700078432,0,07,000,00,2,4,02,B01
200700078433,0,07,000,00,1,0,01,A01
200700078434,0,07,000,01,1,0,01,A01
200700078435,0,07,000,00,1,3,01,A01
200700078436,0,07,000,01,1,2,01,A01
200700078437,0,07,000,01,2,2,01,A01
200700078438,0,30,000,00,2,9,01,B01
200700078438,0,07,000,00,2,9,01,A01
200700078439,0,07,000,00,1,0,01,A01
200700078440,0,07,000,00,2,1,01,B01
200700078440,0,07,000,00,2,7,00,A01
200700078441,0,07,000,00,1,0,01,A01
200700078442,1,07,000,00,1,1,01,A01
200700078443,0,10,000,00,2,3,11,A01
200700078443,0,02,000,00,2,2,17,B01
200700078444,0,07,000,00,1,8,02,A01
200700078445,0,07,000,00,2,2,15,A01
200700078445,0,02,000,00,2,1,02,B01
200700078446,0,07,000,00,2,2,13,B01
200700078446,0,07,000,00,1,6,23,A01
200700078447,0,07,000,00,2,2,00,A01
200700078447,0,30,000,00,2,1,00,B01
200700078448,0,07,000,00,2,6,09,A01
200700078448,0,02,000,00,2,1,09,B01
200700078449,0,07,000,00,1,1,16,A01
200700078450,0,07,000,00,2,1,01,A01
200700078450,0,07,000,00,0,4,13,B01
200700078451,0,02,000,00,2,1,01,A01
200700078451,0,02,000,00,2,1,01,B01
200700078452,0,01,000,01,0,7,01,A01
200700078453,1,14,000,00,1,0,00,A01
200700078454,0,07,000,01,0,3,16,A01
200700078455,0,07,000,00,1,3,01,A01
200700078456,0,07,000,00,9,7,15,A01
200700078456,0,01,000,00,2,1,01,B01
200700078457,1,07,000,00,2,3,13,B01
200700078457,0,30,000,00,2,2,00,A01
200700078458,0,07,000,00,2,6,10,A01
200700078458,0,07,000,00,2,1,01,B01
200700078459,0,07,000,00,2,1,16,A01
200700078459,0,01,000,00,2,8,01,B01
200700078460,0,07,000,00,1,1,01,A01
200700078461,0,17,000,00,2,3,01,A01
200700078461,0,07,000,00,2,2,01,B01
200700078461,0,10,000,00,2,1,01,C01
200700078462,0,07,000,00,1,1,01,A01
200700078463,0,07,000,00,1,1,01,A01
200700078464,0,07,000,00,2,1,01,A01
200700078464,0,07,000,00,0,4,02,B01
200700078465,0,07,000,00,2,1,15,A01
200700078465,0,02,000,00,1,7,01,B01
200700078466,0,07,000,00,1,1,01,A01
200700078467,0,07,000,00,1,1,01,A01
200700078468,1,07,000,00,2,1,15,A01
200700078468,0,02,000,00,2,0,16,B01
200700078469,0,07,000,00,2,3,10,A01
200700078469,0,02,000,00,2,1,01,B01
200700078470,0,30,000,00,0,0,01,A01
200700078471,0,07,000,00,1,2,01,A01
200700078472,0,02,000,00,1,1,01,A01
200700078473,0,07,000,00,9,3,01,B01
200700078473,0,01,000,00,2,5,19,A01
200700078474,0,07,000,00,2,1,01,A01
200700078474,0,07,000,00,2,2,01,B01
200700078475,0,10,000,00,1,1,15,A01
200700078476,0,07,000,00,1,1,01,A01
200700078477,0,07,000,00,1,4,04,A01
200700078478,0,07,000,00,1,1,16,A01
200700078479,0,07,000,00,1,8,00,A01
200700078480,0,07,000,00,1,1,01,A01
200700078481,0,07,000,00,1,4,04,A01
200700078482,0,07,000,01,1,1,16,A01
200700078483,0,07,000,01,1,1,01,A01
200700078484,0,31,000,00,2,1,01,A01
200700078484,0,07,000,00,2,1,15,B01
200700078484,0,10,000,00,2,3,01,C01
200700078485,0,30,000,11,0,1,17,A01
200700078486,0,17,000,00,0,7,15,A01
200700078486,0,07,000,00,2,1,02,B01
200700078487,0,07,000,00,0,4,02,C01
200700078487,0,10,000,00,2,1,02,A01
200700078487,0,07,000,00,2,4,02,B01
200700078488,0,15,000,00,2,3,01,B01
200700078488,0,07,000,00,2,3,13,A01
200700078489,0,33,000,12,0,1,13,A01
200700078490,0,07,000,00,2,1,01,A01
200700078490,0,07,000,00,2,3,01,B01
200700078491,0,07,000,00,2,1,01,A01
200700078491,0,30,000,00,2,1,01,B01
200700078491,0,07,000,00,2,4,00,C01
200700078492,0,07,000,09,2,3,01,B01
200700078492,0,07,000,00,2,1,01,A01
200700078493,0,07,000,00,2,8,13,A01
200700078493,0,30,000,00,2,7,17,B01
200700078494,0,07,000,00,1,2,23,A01
200700078495,0,07,000,00,1,2,01,A01
200700078496,0,07,000,16,0,9,01,A01
200700078497,0,07,000,01,0,1,14,A01
200700078498,0,03,000,01,0,1,01,A01
200700078499,0,07,000,06,0,3,13,A01
200700078500,0,07,000,02,0,1,01,A01
200700078501,0,07,000,08,0,1,01,A01
200700078502,0,07,000,06,0,3,01,A01
200700078503,0,31,000,00,2,1,01,A01
200700078503,0,07,000,00,2,3,15,B01
200700078504,0,07,000,00,0,4,23,A01
200700078504,0,07,000,00,2,1,02,B01
200700078505,0,07,000,03,0,3,01,B01
200700078505,0,07,000,00,2,1,01,A01
200700078506,0,07,000,00,1,1,00,A01
200700078507,0,32,000,00,2,7,09,B01
200700078507,0,07,000,00,0,3,09,A01
200700078508,0,07,000,00,1,3,02,A01
200700078509,0,30,000,00,2,1,12,A01
200700078509,0,07,000,00,2,2,15,B01
200700078510,0,07,000,00,1,4,04,A01
200700078511,0,07,000,01,1,2,01,A01
200700078512,0,03,000,00,2,7,15,A01
200700078512,0,30,000,00,2,1,16,B01
200700078513,0,07,000,00,2,1,15,A01
200700078513,0,07,000,00,2,3,01,B01
200700078514,0,07,000,00,2,5,15,A01
200700078514,0,31,000,00,2,1,01,B01
200700078514,0,07,000,00,2,1,01,C01
200700078515,1,07,000,00,2,1,05,A01
200700078515,0,02,000,00,2,1,01,B01
200700078516,0,07,000,00,2,2,15,A01
200700078516,0,07,000,00,2,3,01,B01
200700078517,0,03,000,00,2,9,00,A01
200700078517,0,10,000,00,2,8,00,B01
200700078518,0,02,000,00,2,2,01,A01
200700078518,0,07,000,00,2,3,00,B01
200700078519,0,07,000,00,1,1,01,A01
200700078520,0,07,000,00,2,1,01,A01
200700078520,0,07,000,00,2,4,01,B01
200700078521,0,07,000,00,2,1,15,A01
200700078521,0,07,000,00,2,1,01,B01
200700078522,0,07,000,08,0,7,13,A01
200700078523,0,07,000,00,2,3,15,A01
200700078523,0,30,000,00,2,1,01,B01
200700078524,0,30,000,00,2,1,13,A01
200700078524,0,07,000,00,2,8,01,B01
200700078525,0,07,000,00,2,7,15,A01
200700078525,0,02,000,00,2,1,01,B01
200700078526,0,07,000,00,2,1,01,A01
200700078526,0,07,000,00,2,3,01,B01
200700078527,0,07,000,00,1,1,01,A01
200700078528,0,07,000,00,2,1,01,B01
200700078528,0,07,000,00,2,8,09,A01
200700078529,0,07,000,00,2,1,01,B01
200700078529,2,07,000,00,2,1,13,A01
200700078530,0,07,000,00,2,3,01,A01
200700078530,0,02,000,00,2,6,15,B01
200700078531,0,07,000,00,1,1,01,A01
200700078532,0,99,000,00,2,8,13,A01
200700078532,0,10,000,00,2,2,01,B01
200700078533,0,07,000,00,2,2,15,A01
200700078533,0,07,000,00,2,3,01,B01
200700078534,0,07,000,00,2,2,15,A01
200700078534,0,31,000,00,2,1,01,B01
200700078535,0,07,000,00,1,1,15,A01
200700078536,0,07,000,00,2,1,01,B01
200700078536,0,07,000,00,2,1,01,A01
200700078537,0,07,000,00,2,1,15,A01
200700078537,0,07,000,00,2,2,01,B01
200700078538,1,07,000,00,1,2,01,A01
200700078539,0,07,000,00,1,1,16,A01
200700078540,0,30,000,00,2,1,01,A01
200700078540,0,07,000,00,9,2,01,B01
200700078541,0,30,000,11,0,1,17,A01
200700078542,0,07,000,00,9,2,10,A01
200700078542,0,33,000,00,2,1,01,B01
200700078543,0,07,000,00,1,1,16,A01
200700078544,0,07,000,00,0,0,12,A01
200700078544,0,30,000,15,0,1,21,B01
200700078545,0,07,000,00,2,2,15,A01
200700078545,0,07,000,00,2,3,01,B01
200700078546,0,07,000,00,2,1,02,A01
200700078546,0,07,000,00,2,4,02,B01
200700078546,0,07,000,00,2,4,02,C01
200700078547,0,10,000,00,2,8,10,A01
200700078547,0,07,000,00,2,1,01,B01
200700078548,0,07,000,01,0,1,13,A01
200700078548,0,10,000,00,2,4,00,B01
200700078549,0,99,000,00,9,6,01,A01
200700078549,0,02,000,00,2,1,01,B01
200700078550,0,07,000,00,1,1,01,A01
200700078551,0,07,000,00,9,3,15,A01
200700078551,0,02,000,00,2,8,01,B01
200700078552,0,07,000,00,1,1,01,A01
200700078553,0,07,000,00,9,2,16,A01
200700078553,0,01,000,00,2,8,16,B01
200700078554,0,10,000,00,1,1,15,A01
200700078555,0,07,000,00,1,1,01,A01
200700078556,0,07,000,00,1,1,00,A01
200700078557,0,07,000,00,1,1,01,A01
200700078558,0,14,000,00,4,1,00,A01
200700078558,0,39,000,00,2,8,00,B01
200700078559,0,02,000,00,2,1,13,A01
200700078559,0,02,000,00,2,3,21,B01
200700078560,0,07,000,00,1,3,01,A01
200700078561,0,30,000,00,2,1,00,B01
200700078561,0,07,000,00,2,8,09,A01
200700078562,0,07,000,02,0,8,00,A01
200700078563,0,33,000,00,2,1,01,B01
200700078563,0,07,000,00,2,1,09,A01
200700078564,0,07,000,00,1,8,01,A01
200700078565,0,07,000,00,2,0,00,A01
200700078566,0,07,000,00,1,1,15,A01
200700078567,0,07,000,00,2,8,01,C01
200700078567,0,07,000,00,2,6,01,B01
200700078567,0,33,000,00,2,8,01,A01
200700078568,0,07,000,00,2,0,00,A01
200700078568,0,01,000,00,2,4,01,B01
200700078569,0,07,000,00,2,1,01,B01
200700078569,0,07,000,00,2,3,19,A01
200700078570,0,07,000,00,2,1,01,A01
200700078571,0,07,000,00,0,1,01,A01
200700078571,0,07,000,00,2,4,01,B01
200700078571,0,07,000,00,2,4,01,C01
200700078571,0,07,000,00,2,4,01,D01
200700078572,0,03,000,01,0,1,01,A01
200700078573,0,14,000,00,1,4,04,A01
200700078574,0,07,000,08,2,1,14,A01
200700078575,0,07,000,00,2,1,01,A01
200700078575,0,07,000,00,2,1,01,B01
200700078576,0,07,000,00,2,1,01,A01
200700078576,0,07,000,00,2,4,01,B01
200700078577,0,07,000,09,0,1,13,A01
200700078578,0,07,000,00,2,0,01,A01
200700078579,0,07,000,00,1,1,15,A01
200700078580,0,07,000,00,2,1,01,A01
200700078580,0,07,000,00,2,4,00,B01
200700078581,0,10,000,00,2,2,01,A01
200700078581,0,07,000,00,2,1,01,B01
200700078582,1,07,000,00,1,1,00,A01
200700078583,0,07,000,06,0,1,14,A01
200700078584,0,07,000,00,1,1,01,A01
200700078585,0,07,000,00,2,3,15,A01
200700078585,0,02,000,00,2,1,17,B01
200700078586,0,02,000,00,2,1,01,A01
200700078586,0,07,000,00,0,0,01,B01
200700078587,0,07,000,00,0,7,01,A01
200700078587,0,32,000,00,2,1,01,B01
200700078588,0,07,000,01,0,1,14,A01
200700078589,0,07,000,00,2,2,01,A01
200700078589,0,07,000,00,2,3,01,B01
200700078590,0,07,000,00,0,4,04,A01
200700078591,0,07,000,00,2,1,01,A01
200700078591,0,07,000,00,2,4,23,B01
200700078591,0,07,000,00,2,4,23,C01
200700078592,0,07,000,00,2,3,15,A01
200700078592,0,33,000,00,2,8,01,B01
200700078593,0,07,000,00,2,1,01,A01
200700078594,0,02,000,00,0,0,00,A01
200700078595,0,07,000,00,2,1,01,A01
200700078595,0,07,000,00,2,4,23,B01
200700078596,0,01,000,00,2,1,01,A01
200700078596,0,07,000,00,2,0,00,B01
200700078597,0,10,000,00,1,1,16,A01
200700078598,0,07,000,00,1,1,01,A01
200700078599,0,07,000,00,2,2,01,A01
200700078600,0,07,000,00,2,0,01,A01
200700078600,0,30,000,00,2,0,01,B01
200700078601,0,07,000,00,1,3,01,A01
200700078602,0,10,000,00,1,7,01,A01
200700078603,0,07,000,00,1,1,01,A01
200700078604,0,07,000,15,2,8,13,A01
200700078604,0,07,000,00,2,8,01,B01
200700078605,0,07,000,07,0,1,01,A01
200700078606,0,07,000,00,2,7,01,A01
200700078606,0,07,000,00,2,1,01,B01
200700078607,0,31,000,12,2,1,01,A01
200700078608,0,07,000,06,0,1,13,A01
200700078609,0,02,000,00,2,1,01,A01
200700078609,0,07,000,00,2,1,15,B01
200700078610,0,07,000,00,1,0,01,A01
200700078611,0,07,000,00,0,6,01,B01
200700078611,1,07,000,00,2,1,01,A01
200700078612,0,07,000,12,0,1,14,A01
200700078613,0,02,000,12,0,1,01,A01
200700078614,0,02,000,00,2,1,01,A01
200700078614,0,07,000,00,2,3,15,B01
200700078615,0,30,000,16,0,8,13,A01
200700078616,0,07,000,00,2,4,13,A01
200700078616,0,07,000,00,2,2,01,B01
200700078617,0,07,000,00,2,3,15,A01
200700078617,0,33,000,00,2,1,01,B01
200700078618,0,07,000,00,2,3,15,A01
200700078618,0,07,000,00,2,1,01,B01
200700078619,0,07,000,00,2,1,15,A01
200700078619,0,31,000,00,2,1,01,B01
200700078620,0,02,000,00,2,0,01,A01
200700078620,0,34,000,00,2,0,01,B01
200700078621,0,02,000,00,1,1,17,A01
200700078622,0,30,000,09,0,1,01,A01
200700078623,0,10,000,00,1,0,01,A01
200700078624,0,07,000,00,1,1,01,A01
200700078625,0,07,000,00,1,1,01,A01
200700078626,0,07,000,00,2,1,01,A01
200700078626,0,07,000,00,2,4,16,B01
200700078627,0,07,000,00,2,1,15,A01
200700078627,0,02,000,00,2,1,01,B01
200700078628,0,01,000,00,2,1,01,B01
200700078628,0,07,000,00,2,1,09,A01
200700078629,0,33,000,00,2,1,05,A01
200700078629,0,07,000,00,2,3,01,B01
200700078630,1,07,000,00,2,1,02,A01
200700078630,0,30,000,00,2,4,16,B01
200700078631,0,02,000,00,2,1,15,A01
200700078631,0,07,000,00,2,5,17,B01
200700078632,0,07,000,00,1,3,15,A01
200700078633,0,07,000,00,2,1,02,A01
200700078633,0,07,000,00,2,4,02,B01
200700078634,0,02,000,00,2,7,01,B01
200700078634,0,07,000,00,9,1,09,A01
200700078635,0,33,000,00,2,1,01,B01
200700078635,0,07,000,00,2,3,13,A01
200700078636,0,07,000,00,1,1,09,A01
200700078637,0,07,000,00,2,2,00,A01
200700078637,0,30,000,00,2,1,01,B01
200700078638,0,07,000,00,1,1,01,A01
200700078639,0,07,000,00,1,1,01,A01
200700078640,0,07,000,00,2,2,15,A01
200700078640,0,01,000,00,2,1,01,B01
200700078641,0,07,000,00,2,1,15,A01
200700078641,0,30,000,00,2,8,01,B01
200700078642,0,10,000,00,2,1,01,A01
200700078642,0,07,000,00,2,3,01,B01
200700078643,0,02,000,00,2,1,02,A01
200700078643,0,99,000,00,2,5,23,B01
200700078644,0,07,000,00,2,5,01,A01
200700078644,0,07,000,00,2,1,01,B01
200700078645,0,07,000,00,2,1,15,A01
200700078645,0,10,000,00,2,8,01,B01
200700078646,1,07,000,00,0,0,00,A01
200700078647,0,02,000,00,0,1,01,A01
200700078648,0,07,000,00,2,1,02,A01
200700078648,0,07,000,00,2,4,02,B01
200700078649,0,07,000,00,2,7,16,A01
200700078649,0,01,000,00,2,1,01,B01
200700078650,0,07,000,00,1,1,00,A01
200700078651,0,07,000,00,2,1,01,A01
200700078651,0,07,000,00,2,8,01,B01
200700078652,0,07,000,00,0,9,01,A01
200700078653,0,07,000,00,2,0,16,A01
200700078653,0,32,000,00,2,0,07,B01
200700078654,0,07,000,00,2,0,01,A01
200700078654,0,07,000,00,2,6,01,B01
200700078655,0,30,000,00,2,0,18,A01
200700078655,0,10,000,00,2,0,16,B01
200700078656,0,33,000,00,1,1,01,A01
200700078657,0,07,000,00,2,2,15,A01
200700078657,0,33,000,00,2,1,01,B01
200700078658,0,07,000,00,2,5,15,A01
200700078658,0,02,000,00,2,1,01,B01
200700078659,0,07,000,00,2,3,01,B01
200700078659,0,30,000,00,2,2,01,A01
200700078660,0,07,000,00,1,1,02,A01
200700078661,0,07,000,00,1,1,15,A01
200700078662,0,07,000,06,0,1,01,A01
200700078663,0,07,000,08,0,1,01,A01
200700078664,0,07,000,00,1,1,16,A01
200700078665,0,07,000,00,1,3,00,A01
200700078666,0,07,000,00,2,3,15,A01
200700078666,0,30,000,00,2,1,02,B01
200700078667,0,01,000,00,2,1,01,B01
200700078667,0,07,000,00,2,3,09,A01
200700078668,0,07,000,00,2,1,01,B01
200700078668,2,07,000,00,2,3,05,A01
200700078669,0,07,000,00,2,1,01,B01
200700078669,0,07,000,00,2,1,13,A01
200700078670,0,07,000,13,0,9,14,A01
200700078671,0,07,000,00,2,2,01,A01
200700078671,0,01,000,00,2,1,01,B01
200700078672,0,07,000,00,2,2,01,B01
200700078672,0,07,000,00,2,3,09,A01
200700078673,0,07,000,09,0,1,14,A01
200700078674,0,01,000,00,2,4,15,B01
200700078674,0,07,000,00,2,7,17,A01
200700078675,0,07,000,00,1,1,01,B01
200700078675,0,07,000,00,2,3,19,A01
200700078676,0,30,000,00,2,1,02,A01
200700078676,0,07,000,00,2,4,02,B01
200700078677,0,10,000,00,1,1,01,A01
200700078678,0,07,000,00,1,3,01,A01
200700078679,0,30,000,00,2,1,01,B01
200700078679,0,07,000,00,2,2,10,A01
200700078680,0,07,000,00,1,1,21,A01
200700078681,0,07,000,00,2,1,01,B01
200700078681,0,02,000,00,2,1,01,A01
200700078682,0,07,000,00,0,8,01,B01
200700078682,0,07,000,00,2,1,01,A01
200700078683,0,07,000,00,2,1,01,A01
200700078683,0,07,000,00,0,7,15,B01
200700078684,0,07,000,00,2,8,15,A01