Num_Acc,senc,catv,occutc,obs,obsm,choc,manv,num_veh
200700078684,0,02,000,00,2,1,01,B01
200700078685,0,07,000,00,1,2,15,A01
200700078686,0,07,000,01,0,3,01,A01
200700078687,0,07,000,00,1,1,01,A01
200700078688,0,07,000,00,0,4,20,A01
200700078688,0,02,000,00,2,1,01,B01
200700078689,0,07,000,00,2,7,22,A01
200700078689,0,30,000,00,0,8,01,B01
200700078690,0,07,000,00,2,1,01,A01
200700078690,0,07,000,00,0,3,16,B01
200700078691,0,33,000,00,2,1,17,A01
200700078691,0,07,000,00,0,8,15,B01
200700078692,0,07,000,00,2,3,13,A01
200700078692,0,30,000,00,0,2,17,B01
200700078693,0,02,000,00,2,2,14,A01
200700078693,0,07,000,00,0,3,01,B01
200700078694,0,33,000,00,2,0,17,A01
200700078694,0,07,000,00,0,6,01,B01
200700078694,0,07,000,00,0,8,16,C01
200700078695,0,07,000,00,2,3,01,B01
200700078695,0,07,000,00,0,2,01,A01
200700078696,0,07,000,00,2,1,01,A01
200700078696,0,07,000,00,0,6,20,B01
200700078697,0,07,000,00,2,1,15,A01
200700078697,0,07,000,00,0,3,01,B01
200700078698,0,30,000,00,2,1,01,A01
200700078698,0,10,000,00,0,6,20,B01
200700078699,0,07,000,01,2,1,01,A01
200700078699,0,02,000,00,0,8,15,B01
200700078700,0,07,000,00,2,1,01,B01
200700078700,0,07,000,00,0,6,01,A01
200700078701,0,07,000,00,1,2,01,A01
200700078702,0,07,000,00,2,2,15,B01
200700078702,0,02,000,00,2,3,01,A01
200700078703,0,07,000,03,0,9,11,A01
200700078704,0,02,000,00,1,4,01,A01
200700078705,0,07,000,04,0,3,01,A01
200700078706,0,33,000,00,2,1,01,B01
200700078706,0,07,000,00,2,7,19,A01
200700078707,0,07,000,00,2,3,01,B01
200700078707,0,07,000,00,2,3,00,A01
200700078707,0,07,000,00,9,2,01,C01
200700078708,0,07,000,00,2,1,01,A01
200700078708,0,40,000,00,2,8,01,B01
200700078709,0,07,000,02,0,1,01,A01
200700078710,0,02,000,00,0,7,01,A01
200700078711,0,40,000,00,1,1,01,A01
200700078712,0,07,000,00,2,1,13,A01
200700078712,0,07,000,00,2,1,01,B01
200700078713,0,10,000,00,2,3,01,B01
200700078713,0,01,000,00,2,2,01,A01
200700078714,0,15,000,00,4,3,10,A01
200700078714,0,40,000,00,2,1,01,B01
200700078715,0,07,000,00,2,7,01,A01
200700078715,0,37,020,00,2,1,01,B01
200700078716,0,07,000,00,2,1,15,A01
200700078716,0,07,000,00,2,8,01,B01
200700078717,0,10,000,00,1,4,04,A01
200700078718,0,37,003,14,0,1,01,A01
200700078719,0,07,000,00,1,1,01,A01
200700078720,0,10,000,00,2,1,15,A01
200700078720,0,01,000,00,2,6,01,B01
200700078721,0,01,000,00,2,3,01,B01
200700078721,0,07,000,00,2,1,15,A01
200700078722,0,40,000,00,1,1,01,A01
200700078723,0,07,000,00,2,1,14,B01
200700078723,0,01,000,00,2,1,00,A01
200700078724,0,01,000,00,1,1,01,A01
200700078725,0,40,000,00,1,3,01,A01
200700078726,1,07,000,00,1,1,01,A01
200700078727,0,07,000,00,2,3,01,B01
200700078727,0,10,000,00,2,1,19,A01
200700078728,0,99,000,00,2,9,24,B01
200700078728,0,07,000,01,0,9,01,A01
200700078729,0,07,000,00,2,3,01,A01
200700078729,0,40,000,00,2,1,01,B01
200700078730,0,01,000,00,2,1,01,B01
200700078730,0,07,000,00,2,7,04,A01
200700078731,0,01,000,00,2,1,01,A01
200700078731,0,01,000,00,2,1,01,B01
200700078732,0,07,000,00,2,1,01,A01
200700078732,0,07,000,00,2,8,01,B01
200700078732,0,01,000,00,2,4,15,C01
200700078733,0,07,000,00,2,7,14,A01
200700078733,0,31,000,00,2,1,01,B01
200700078734,0,07,000,00,2,3,10,A01
200700078734,0,01,000,00,2,1,01,B01
200700078735,0,07,000,00,2,1,01,A01
200700078735,0,07,000,00,2,4,01,B01
200700078736,0,07,000,00,2,1,01,A01
200700078736,0,01,000,00,2,7,01,B01
200700078737,0,07,000,00,2,1,15,A01
200700078737,0,07,000,00,2,8,01,B01
200700078738,0,30,000,00,2,1,01,A01
200700078738,0,07,000,00,9,5,01,B01
200700078739,0,07,000,00,2,1,15,A01
200700078739,0,01,000,00,2,7,01,B01
200700078740,0,01,000,00,2,1,01,A01
200700078740,0,07,000,00,2,1,15,B01
200700078741,0,37,000,00,0,0,01,A01
200700078742,0,01,000,00,2,1,05,A01
200700078742,0,07,000,00,2,1,01,B01
200700078743,0,07,000,00,2,2,15,A01
200700078743,0,02,000,00,2,1,01,B01
200700078744,0,07,000,00,2,1,01,A01
200700078744,0,01,000,00,2,1,13,B01
200700078745,0,07,000,00,2,5,15,A01
200700078745,0,33,000,00,2,1,01,B01
200700078746,0,07,000,00,2,1,01,A01
200700078747,0,07,000,00,1,1,01,A01
200700078748,0,07,000,12,2,8,01,B01
200700078748,0,07,000,00,2,1,01,A01
200700078749,0,02,000,00,2,1,05,A01
200700078749,0,07,000,00,2,1,01,B01
200700078750,0,07,000,00,2,3,16,A01
200700078750,0,33,000,00,2,1,01,B01
200700078751,0,07,000,00,1,2,01,A01
200700078752,0,07,000,00,2,2,15,A01
200700078752,0,01,000,00,2,1,01,B01
200700078753,0,07,000,11,0,8,01,A01
200700078754,0,30,000,00,2,1,15,A01
200700078754,0,07,000,00,2,2,01,B01
200700078755,0,37,002,00,4,2,01,A01
200700078755,0,40,000,00,2,2,00,B01
200700078756,0,07,000,00,1,3,01,A01
200700078757,0,07,000,00,2,1,01,A01
200700078757,0,07,000,07,2,3,01,B01
200700078758,0,38,000,00,1,2,01,A01
200700078759,0,07,000,00,1,4,04,A01
200700078760,0,07,000,00,1,2,15,A01
200700078761,0,10,000,00,1,2,16,A01
200700078762,1,07,000,00,1,1,01,A01
200700078763,0,07,000,00,2,1,00,A01
200700078763,0,07,000,00,2,8,01,B01
200700078764,0,14,000,00,2,1,11,B01
200700078764,0,07,000,00,2,8,00,A01
200700078765,1,07,000,00,2,0,09,A01
200700078765,0,02,000,00,2,1,01,B01
200700078766,0,07,000,00,1,2,15,A01
200700078767,0,40,000,00,1,2,01,A01
200700078768,0,07,000,00,1,1,01,A01
200700078769,0,07,000,00,2,1,15,A01
200700078769,0,07,000,00,2,1,01,B01
200700078770,0,07,000,00,1,3,01,A01
200700078771,0,07,000,00,2,3,15,A01
200700078771,0,02,000,00,2,1,01,B01
200700078772,0,07,000,00,9,3,01,A01
200700078772,0,01,000,00,2,6,19,B01
200700078773,0,07,000,12,0,2,01,A01
200700078774,0,07,000,00,2,2,15,A01
200700078774,0,37,025,00,2,1,01,B01
200700078775,0,07,000,00,1,3,02,A01
200700078776,0,07,000,00,2,8,01,B01
200700078776,0,07,000,00,2,1,01,A01
200700078777,0,07,000,00,1,2,01,A01
200700078778,0,07,000,00,2,1,02,A01
200700078778,0,07,000,00,0,4,02,B01
200700078779,0,07,000,00,2,6,10,A01
200700078779,0,02,000,00,2,2,11,B01
200700078780,0,03,000,06,0,1,01,A01
200700078781,0,07,000,00,1,0,00,A01
200700078782,0,07,000,00,2,6,10,A01
200700078782,0,02,000,00,2,1,01,B01
200700078783,0,07,000,00,2,7,12,A01
200700078783,0,07,000,00,2,1,15,B01
200700078784,0,07,000,00,1,1,00,A01
200700078785,0,07,000,08,0,1,01,A01
200700078786,0,07,000,00,2,1,19,A01
200700078786,0,10,000,00,2,2,15,B01
200700078787,0,04,000,00,2,1,01,A01
200700078787,0,07,000,00,2,8,15,B01
200700078788,0,33,000,00,2,1,18,A01
200700078788,0,07,000,00,2,5,14,B01
200700078789,0,07,000,00,9,1,01,A01
200700078789,0,01,000,00,2,1,01,B01
200700078790,0,07,000,00,0,4,02,A01
200700078790,0,07,000,00,2,9,02,B01
200700078790,0,07,000,00,2,2,02,C01
200700078791,0,07,000,00,2,1,01,B01
200700078791,0,07,000,00,2,8,09,A01
200700078792,0,10,000,00,2,1,02,A01
200700078792,0,07,000,00,2,4,16,B01
200700078793,0,07,000,01,0,1,13,A01
200700078794,0,07,000,00,2,1,02,A01
200700078794,0,07,000,00,2,4,02,B01
200700078795,0,07,000,08,0,2,01,A01
200700078796,0,10,000,00,1,1,01,A01
200700078797,0,17,000,00,1,2,00,A01
200700078798,0,07,000,00,1,3,01,A01
200700078799,0,10,000,00,2,4,01,B01
200700078799,0,07,000,00,2,1,01,A01
200700078800,0,33,000,00,2,1,01,B01
200700078800,0,07,000,00,2,2,15,A01
200700078801,0,37,022,00,1,2,14,A01
200700078802,0,14,000,00,2,5,16,A01
200700078802,0,01,000,00,2,1,00,B01
200700078803,0,02,000,00,2,1,01,B01
200700078803,0,07,000,00,2,8,15,A01
200700078804,0,07,000,00,2,1,01,B01
200700078804,0,07,000,00,2,7,01,A01
200700078805,0,07,000,00,1,1,15,A01
200700078806,0,07,000,00,2,1,02,A01
200700078806,0,07,000,00,2,4,02,B01
200700078807,0,07,000,00,0,7,01,A01
200700078808,0,07,000,00,2,2,13,A01
200700078808,0,07,000,00,2,1,01,B01
200700078809,0,15,000,00,2,5,01,B01
200700078809,0,10,000,00,2,1,15,A01
200700078810,0,07,000,00,2,1,15,A01
200700078810,0,07,000,00,2,1,01,B01
200700078811,0,07,000,00,2,3,02,A01
200700078811,0,30,000,00,2,5,01,B01
200700078812,0,07,000,00,9,4,01,A01
200700078812,0,01,000,00,2,4,01,B01
200700078813,0,32,000,01,0,1,01,A01
200700078814,0,07,000,00,1,2,01,A01
200700078815,0,07,000,00,1,1,01,A01
200700078816,0,07,000,00,0,0,01,A01
200700078817,0,07,000,00,2,3,01,B01
200700078817,0,15,000,00,2,7,06,A01
200700078818,0,07,000,00,2,2,15,A01
200700078818,0,07,000,00,2,1,01,B01
200700078819,0,07,000,00,2,1,01,B01
200700078819,0,07,000,00,2,1,15,A01
200700078820,0,33,000,00,2,0,02,A01
200700078820,0,07,000,00,2,3,00,B01
200700078821,0,07,000,00,2,1,01,B01
200700078821,0,07,000,00,2,1,00,A01
200700078822,0,02,000,15,0,0,01,A01
200700078823,0,07,000,00,2,1,01,A01
200700078823,0,07,000,00,2,2,01,B01
200700078824,0,02,000,00,2,1,17,A01
200700078824,0,07,000,00,2,3,23,B01
200700078825,0,07,000,00,2,8,15,A01
200700078825,0,07,000,00,2,1,01,B01
200700078826,0,07,000,00,1,4,04,A01
200700078827,0,07,000,00,1,1,01,A01
200700078828,0,02,000,00,9,4,14,A01
200700078829,0,07,000,16,0,9,13,A01
200700078830,0,02,000,00,0,0,01,A01
200700078830,0,07,000,00,0,4,02,B01
200700078831,0,30,000,00,0,0,01,A01
200700078832,0,07,000,00,9,3,15,A01
200700078832,0,32,000,00,2,1,01,B01
200700078833,0,07,000,00,0,8,01,A01
200700078834,0,07,000,00,1,2,15,A01
200700078835,0,07,000,00,1,8,01,A01
200700078836,0,07,000,00,2,1,01,A01
200700078836,0,07,000,00,0,4,23,B01
200700078836,0,07,000,00,0,1,01,C01
200700078837,0,07,000,00,0,8,01,B01
200700078837,0,07,000,00,2,1,01,A01
200700078838,0,02,000,00,0,4,01,B01
200700078838,0,02,000,00,9,1,01,A01
200700078839,0,07,000,00,0,1,01,B01
200700078839,0,07,000,01,2,2,00,A01
200700078840,0,02,000,00,2,1,01,A01
200700078840,0,07,000,00,0,4,23,B01
200700078841,0,07,000,00,0,2,01,B01
200700078841,0,99,000,00,2,1,01,A01
200700078842,0,07,000,00,2,1,01,A01
200700078842,0,15,000,00,0,1,01,B01
200700078843,0,07,000,00,2,1,15,A01
200700078843,0,02,000,00,0,1,01,B01
200700078844,0,02,000,00,0,1,01,B01
200700078844,1,07,000,00,2,7,15,A01
200700078845,0,01,000,16,0,0,01,A01
200700078846,0,07,000,00,2,3,15,A01
200700078846,0,02,000,00,0,1,01,B01
200700078847,0,07,000,00,2,1,01,A01
200700078847,0,07,000,00,2,1,23,B01
200700078847,0,07,000,00,0,4,23,C01
200700078848,0,02,000,00,0,1,01,A01
200700078848,0,07,000,00,0,6,01,B01
200700078849,0,33,000,00,0,1,01,B01
200700078849,0,07,000,00,2,8,15,A01
200700078850,0,02,000,00,2,1,19,A01
200700078850,0,40,000,00,0,7,01,B01
200700078851,0,02,000,00,2,1,17,A01
200700078851,0,33,000,00,0,6,01,B01
200700078852,0,33,000,00,2,4,01,A01
200700078852,0,07,000,00,0,8,09,B01
200700078853,0,07,000,00,2,3,01,A01
200700078853,0,33,000,00,0,1,01,B01
200700078854,0,07,000,00,1,3,01,A01
200700078855,0,07,000,09,0,8,01,A01
200700078856,0,07,000,00,1,1,01,A01
200700078857,0,07,000,00,2,7,16,A01
200700078857,0,32,000,00,0,8,01,B01
200700078858,0,07,000,15,0,1,01,A01
200700078859,0,01,000,00,2,1,01,A01
200700078859,0,07,000,00,0,1,16,B01
200700078860,0,02,000,16,0,0,01,A01
200700078861,0,02,000,00,0,7,01,A01
200700078861,0,07,000,00,2,3,01,B01
200700078862,0,31,000,00,2,1,02,A01
200700078862,0,01,000,00,0,8,11,B01
200700078863,0,30,000,00,2,7,00,B01
200700078863,0,07,000,00,2,3,09,A01
200700078864,0,07,000,06,2,1,01,A01
200700078864,0,07,000,00,2,2,01,B01
200700078865,0,07,000,12,0,1,00,A01
200700078866,0,07,000,00,1,1,09,A01
200700078867,0,07,000,00,2,6,14,A01
200700078867,0,17,000,00,0,2,01,B01
200700078868,0,07,000,00,1,1,01,A01
200700078869,0,07,000,00,2,3,16,A01
200700078869,0,33,000,00,0,1,01,B01
200700078870,0,07,000,00,1,1,01,A01
200700078871,0,07,000,00,2,1,15,A01
200700078871,0,07,000,00,0,0,01,B01
200700078872,0,07,000,00,1,2,01,A01
200700078873,0,10,000,00,2,3,01,A01
200700078873,0,10,000,00,2,1,01,B01
200700078874,0,07,000,00,2,7,01,B01
200700078874,0,07,000,00,2,2,15,A01
200700078875,0,07,000,00,2,4,23,B01
200700078875,0,07,000,00,2,1,01,A01
200700078876,0,07,000,00,2,3,15,A01
200700078876,0,02,000,00,0,3,01,B01
200700078877,0,10,000,00,1,3,01,A01
200700078878,0,07,000,00,1,2,01,A01
200700078879,0,07,000,00,2,8,11,A01
200700078879,0,07,000,00,2,2,01,B01
200700078880,0,07,000,14,0,1,13,A01
200700078881,0,07,000,00,2,3,15,A01
200700078881,0,07,000,00,2,3,01,B01
200700078882,0,07,000,00,1,2,01,A01
200700078883,0,07,000,00,1,8,01,A01
200700078884,0,07,000,00,1,2,01,A01
200700078885,0,02,000,00,0,5,01,A01
200700078886,1,07,000,00,1,2,01,A01
200700078887,0,07,000,00,2,2,01,B01
200700078887,1,07,000,00,2,1,09,A01
200700078888,0,07,000,00,2,8,15,A01
200700078888,0,02,000,00,2,1,01,B01
200700078889,0,02,000,00,0,2,01,A01
200700078890,0,01,000,00,2,8,01,B01
200700078890,1,07,000,00,2,2,01,A01
200700078891,0,07,000,08,0,3,01,A01
200700078892,0,07,000,00,1,1,16,A01
200700078893,0,07,000,00,0,0,16,A01
200700078893,0,30,000,00,2,0,01,B01
200700078894,0,07,000,00,2,2,15,A01
200700078894,0,02,000,00,2,1,01,B01
200700078895,0,07,000,00,2,2,09,A01
200700078895,0,02,000,00,2,7,01,B01
200700078896,0,07,000,00,9,8,17,A01
200700078896,0,32,000,00,2,1,01,B01
200700078897,0,07,000,00,1,2,01,A01
200700078898,0,07,000,00,2,7,15,A01
200700078898,0,30,000,00,2,1,01,B01
200700078899,0,07,000,00,2,2,15,A01
200700078899,0,02,000,00,2,1,01,B01
200700078900,0,07,000,00,1,1,15,A01
200700078901,0,02,000,00,2,1,01,B01
200700078901,0,07,000,00,2,1,15,A01
200700078902,0,07,000,14,0,8,15,A01
200700078902,0,01,000,00,0,7,23,B01
200700078903,0,07,000,00,1,3,15,A01
200700078904,0,07,000,00,1,1,01,A01
200700078905,0,07,000,00,9,5,01,A01
200700078905,0,02,000,00,2,1,01,B01
200700078906,0,02,000,00,2,1,01,A01
200700078906,0,07,000,00,2,3,15,B01
200700078907,0,31,000,00,0,2,01,A01
200700078908,0,07,000,00,2,1,01,A01
200700078908,0,07,000,00,2,3,15,B01
200700078909,0,07,000,00,2,1,15,A01
200700078909,0,02,000,01,2,1,01,B01
200700078910,0,07,000,00,1,2,01,A01
200700078911,0,07,000,00,6,3,01,A01
200700078912,0,07,000,12,0,1,01,A01
200700078913,1,07,000,00,2,0,00,A01
200700078914,0,07,000,12,2,7,01,A01
200700078914,0,07,000,12,2,1,01,B01
200700078915,0,02,000,00,0,0,01,A01
200700078916,0,17,000,00,2,5,01,A01
200700078916,0,33,000,04,2,0,18,B01
200700078917,0,07,000,01,2,1,01,A01
200700078918,0,07,000,00,2,8,01,A01
200700078918,0,20,000,00,2,2,01,B01
200700078919,1,07,000,00,0,0,00,A01
200700078919,0,01,000,00,0,0,00,B01
200700078920,0,07,000,00,1,3,01,A01
200700078921,0,07,000,00,1,0,16,A01
200700078922,0,07,000,09,2,2,15,A01
200700078922,0,01,000,12,2,1,05,B01
200700078923,0,10,000,00,2,1,01,A01
200700078923,0,14,000,00,2,4,01,B01
200700078924,0,14,000,00,2,2,02,A01
200700078924,0,01,000,00,2,8,01,B01
200700078925,0,31,000,00,2,2,05,A01
200700078925,0,07,000,02,0,2,01,B01
200700078926,0,07,000,00,1,1,02,A01
200700078927,0,07,000,00,2,4,04,A01
200700078927,0,02,000,00,2,1,01,B01
200700078928,0,07,000,00,2,1,01,A01
200700078928,0,07,000,00,2,3,01,B01
200700078929,0,07,000,00,2,3,15,A01
200700078929,0,01,000,00,2,1,01,B01
200700078930,0,07,000,00,1,2,01,A01
200700078931,0,07,000,13,0,9,01,A01
200700078932,0,07,000,02,0,2,01,A01
200700078933,0,07,000,00,2,7,01,A01
200700078933,0,07,000,00,2,3,01,B01
200700078934,0,33,000,00,0,0,00,A01
200700078935,0,33,000,16,0,2,00,A01
200700078936,0,07,000,09,1,0,01,A01
200700078937,0,07,000,13,0,8,17,A01
200700078938,0,10,000,00,2,1,02,A01
200700078938,0,07,000,00,2,4,02,B01
200700078938,0,07,000,00,2,4,02,C01
200700078939,1,07,000,00,0,0,00,A01
200700078939,0,07,000,01,0,8,22,B01
200700078940,0,02,000,00,0,7,01,A01
200700078941,0,07,000,08,0,1,00,A01
200700078942,0,07,000,00,2,7,00,A01
200700078942,0,07,000,00,2,1,01,B01
200700078943,0,07,000,14,2,2,02,A01
200700078943,0,33,000,00,2,6,02,B01
200700078944,0,02,000,01,0,1,00,A01
200700078945,0,02,000,00,0,1,01,A01
200700078946,0,07,000,00,2,1,19,A01
200700078946,0,17,000,00,2,1,02,B01
200700078947,0,02,000,08,0,9,13,A01
200700078948,0,07,000,00,1,0,20,A01
200700078949,0,07,000,00,1,6,04,A01
200700078950,0,07,000,00,1,2,02,A01
200700078951,1,07,000,00,1,1,00,A01
200700078952,0,07,000,00,2,3,02,A01
200700078952,0,07,000,00,0,5,02,B01
200700078952,0,07,000,00,0,6,02,C01
200700078952,0,07,000,00,0,4,02,D01
200700078952,0,07,000,00,0,4,02,E01
200700078953,0,07,000,00,1,3,00,A01
200700078954,0,07,000,00,2,8,01,B01
200700078954,0,07,000,00,2,3,13,A01
200700078955,0,07,000,00,0,4,00,B01
200700078955,0,07,000,15,0,1,01,A01
200700078956,0,33,000,00,0,1,02,B01
200700078956,0,07,000,00,0,7,15,A01
200700078957,0,02,000,07,0,1,02,A01
200700078958,0,07,000,02,0,2,17,A01
200700078959,0,07,000,00,2,1,01,B01
200700078959,0,10,000,00,2,6,01,A01
200700078960,0,07,000,00,1,1,15,A01
200700078961,0,10,000,00,9,7,02,A01
200700078961,0,01,000,00,2,8,02,B01
200700078962,0,07,000,14,0,3,01,A01
200700078963,0,07,000,06,0,1,00,A01
200700078964,0,07,000,15,2,8,01,A01
200700078964,1,17,000,00,2,7,12,B01
200700078965,0,33,000,00,2,1,17,B01
200700078965,0,07,000,00,2,8,15,A01
200700078966,0,07,000,00,1,8,01,A01
200700078967,0,32,000,00,0,8,02,A01
200700078967,1,14,000,00,0,0,17,B01
200700078968,0,07,000,00,2,3,01,C01
200700078968,0,07,000,00,2,7,01,B01
200700078968,0,07,000,11,2,1,11,A01
200700078969,0,07,000,00,2,3,09,A01
200700078969,0,32,000,00,2,1,00,B01
200700078970,0,07,000,00,2,2,02,A01
200700078970,0,07,000,00,0,6,02,B01
200700078971,0,07,000,00,2,1,02,A01
200700078971,0,10,000,00,2,5,02,B01
200700078972,0,07,000,02,0,1,13,A01
200700078973,0,10,000,07,2,2,01,A01
200700078973,0,30,000,00,2,3,01,B01
200700078974,0,07,000,00,2,6,01,B01
200700078974,0,07,000,00,2,1,01,A01
200700078975,0,07,000,00,2,7,09,A01
200700078975,0,30,000,00,2,8,01,B01
200700078976,0,07,000,12,0,3,01,A01
200700078977,0,13,000,03,0,3,00,A01
200700078978,1,99,000,00,0,0,00,A01
200700078979,0,20,000,00,2,1,01,B01
200700078979,0,20,000,00,2,2,19,A01
200700078980,0,07,000,00,2,1,02,A01
200700078980,0,07,000,00,2,4,02,B01
200700078981,0,07,000,00,1,1,02,A01
200700078982,0,07,000,00,1,3,09,A01
200700078983,0,07,000,00,2,1,05,A01
200700078983,0,07,000,00,0,1,01,B01
200700078984,0,07,000,08,0,5,01,A01
200700078985,0,36,000,13,0,0,00,A01
200700078986,0,30,000,00,2,1,01,A01
200700078986,0,07,000,00,2,3,00,B01
200700078987,0,30,000,05,0,1,01,A01
200700078988,0,07,000,00,1,3,01,A01
200700078989,0,07,000,00,2,3,00,A01
200700078989,0,07,000,00,0,3,00,B01
200700078990,0,07,000,00,1,1,01,A01
200700078991,0,07,000,00,2,1,01,A01
200700078991,0,07,000,13,2,1,01,B01
200700078991,0,07,000,00,2,6,01,C01
200700078992,0,32,000,00,2,8,01,A01
200700078992,1,07,000,00,2,7,17,B01
200700078993,0,30,000,15,0,1,13,A01
200700078994,0,07,000,09,0,9,11,A01
200700078995,0,07,000,00,1,1,01,A01
200700078996,0,07,000,00,2,3,15,A01
200700078996,0,07,000,00,2,7,01,B01
200700078997,0,10,000,00,2,2,17,A01
200700078997,0,07,000,00,2,3,15,B01
200700078998,0,07,000,00,2,3,15,A01
200700078998,0,33,000,00,2,8,01,B01
200700078999,0,07,000,00,0,3,11,A01
200700078999,0,33,000,00,2,7,01,B01
200700078999,0,07,000,00,2,4,01,C01
200700079000,0,07,000,00,2,1,15,A01
200700079000,0,07,000,00,2,2,01,B01
200700079001,0,10,000,00,1,2,01,A01
200700079002,0,07,000,00,1,3,01,A01
200700079003,0,34,000,00,2,3,03,A01
200700079003,0,07,000,00,0,5,01,B01
200700079004,0,33,000,00,1,1,01,A01
200700079005,0,07,000,00,2,7,01,A01
200700079005,0,37,000,00,2,1,01,B01
200700079006,0,07,000,00,2,1,05,A01
200700079006,0,07,000,00,2,1,01,B01
200700079006,0,07,000,00,2,1,01,C01
200700079007,0,07,000,00,2,2,10,A01
200700079007,0,33,000,00,0,1,23,B01
200700079008,0,07,000,00,1,1,00,A01
200700079009,0,37,000,00,1,5,02,A01
200700079010,0,07,000,00,1,1,15,A01
200700079011,0,07,000,02,0,1,01,A01
200700079012,0,30,000,12,0,0,00,A01
200700079013,0,07,000,00,1,1,01,A01
200700079014,0,07,000,00,2,3,15,A01
200700079014,0,34,000,00,2,1,01,B01
200700079015,0,33,000,00,1,1,01,A01
200700079016,0,10,000,12,0,1,00,A01
200700079017,1,07,000,00,1,3,00,A01
200700079018,0,07,000,00,2,2,01,B01
200700079018,0,07,000,00,2,3,01,A01
200700079019,0,30,000,15,0,1,00,A01
200700079020,0,07,000,00,2,3,01,B01
200700079020,1,07,000,00,2,0,00,A01
200700079021,0,07,000,00,2,1,15,A01
200700079021,0,07,000,00,2,1,01,B01
200700079022,1,30,000,00,1,0,17,A01
200700079023,0,07,000,00,2,1,01,B01
200700079023,0,07,000,00,2,2,15,A01
200700079024,0,33,000,00,2,1,01,A01
200700079024,0,07,000,00,2,8,01,B01
200700079025,0,07,000,00,2,3,15,A01
200700079025,0,02,000,00,2,7,01,B01
200700079026,0,07,000,00,2,1,01,A01
200700079026,0,07,000,00,2,3,00,B01
200700079027,0,07,000,02,0,1,01,A01
200700079028,0,07,000,00,2,1,13,A01
200700079028,0,07,000,00,2,1,01,B01
200700079029,0,07,000,00,1,1,01,A01
200700079030,0,07,000,00,2,1,17,A01
200700079030,0,07,000,00,2,4,01,B01
200700079031,0,07,000,02,0,1,01,A01
200700079032,0,07,000,00,2,2,17,A01
200700079032,0,07,000,00,2,8,20,B01
200700079032,0,07,000,00,2,6,00,C01
200700079033,0,07,000,00,2,1,01,A01
200700079033,0,07,000,00,2,4,01,B01
200700079034,0,07,000,00,2,3,00,A01
200700079034,0,07,000,00,2,3,00,B01
200700079035,0,07,000,00,2,1,01,A01
200700079035,0,10,000,00,2,6,15,B01
200700079036,0,33,000,00,0,1,01,A01
200700079037,0,07,000,00,2,1,01,A01
200700079037,0,07,000,00,2,4,01,B01
200700079038,0,07,000,02,0,3,01,A01
200700079039,0,07,000,08,0,1,01,A01
200700079040,0,07,000,09,0,8,02,A01
200700079041,0,14,000,00,1,2,01,A01
200700079042,0,07,000,01,0,1,13,A01
200700079043,0,07,000,00,2,2,15,A01
200700079043,0,02,000,00,2,1,01,B01
200700079044,0,07,000,00,1,0,01,A01
200700079045,0,07,000,00,2,3,06,A01
200700079045,0,07,000,00,2,3,01,B01
200700079046,0,07,000,00,2,2,10,A01
200700079046,0,07,000,00,2,3,01,B01
200700079047,0,07,000,00,2,8,02,B01
200700079047,0,07,000,00,2,4,23,F01
200700079047,0,07,000,00,2,4,02,D01
200700079047,0,07,000,00,2,5,23,E01
200700079047,0,07,000,00,2,6,02,C01
200700079047,0,07,000,00,2,7,11,A01
200700079048,0,07,000,00,2,2,01,A01
200700079048,0,07,000,00,2,6,23,B01
200700079049,0,07,000,15,0,9,01,A01
200700079050,0,07,000,00,2,7,15,A01
200700079050,0,37,001,00,2,2,01,B01
200700079051,0,07,000,00,0,0,00,A01
200700079052,0,07,000,00,2,4,01,A01
200700079052,0,07,000,00,2,1,02,B01
200700079052,0,07,000,00,2,4,02,C01
200700079053,0,07,000,00,0,0,00,A01
200700079054,0,07,000,00,2,0,15,A01
200700079054,0,31,000,00,2,0,15,B01
200700079055,0,07,000,00,2,2,01,A01
200700079055,0,30,000,00,2,3,01,B01
200700079056,0,31,000,00,2,5,01,B01
200700079056,0,07,000,00,2,1,15,A01
200700079057,0,07,000,00,1,0,23,A01
200700079058,0,07,000,00,1,2,16,A01
200700079059,0,07,000,00,2,6,10,A01
200700079059,0,33,000,00,2,1,01,B01
200700079060,0,30,000,12,0,2,15,A01
200700079061,0,07,000,00,2,1,01,A01
200700079061,0,07,000,00,2,9,01,B01
200700079061,0,07,000,00,2,4,23,C01
200700079062,0,07,000,00,2,2,15,A01
200700079062,0,07,000,00,2,1,01,B01
200700079063,0,07,000,00,2,0,01,A01
200700079063,0,07,000,00,2,0,01,B01
200700079064,0,30,000,00,0,2,01,A01
200700079065,0,02,000,00,2,1,21,B01
200700079065,0,07,000,00,2,2,20,A01
200700079066,0,07,000,00,2,1,01,A01
200700079066,0,10,000,00,2,1,01,B01
200700079067,0,07,000,00,2,8,02,B01
200700079067,0,01,000,00,2,1,01,A01
200700079068,0,07,000,00,1,8,09,A01
200700079068,0,32,000,00,2,1,09,B01
200700079069,0,07,000,00,0,6,01,B01
200700079069,0,07,000,00,0,6,02,C01
200700079070,0,07,000,00,1,8,01,A01
200700079071,0,07,000,12,0,0,01,A01
200700079072,0,07,000,00,2,4,01,C01
200700079072,0,07,000,00,2,1,02,B01