Num_Acc,senc,catv,occutc,obs,obsm,choc,manv,num_veh
200700079072,0,07,000,00,2,1,02,A01
200700079073,0,30,000,00,2,1,05,A01
200700079073,0,07,000,00,2,1,01,B01
200700079074,0,07,000,02,0,1,13,A01
200700079074,0,07,000,02,0,3,21,B01
200700079075,0,07,000,00,1,3,16,A01
200700079076,0,07,000,00,2,1,01,A01
200700079076,0,07,000,00,0,0,01,C01
200700079076,0,07,000,00,2,7,23,B01
200700079077,0,10,000,00,1,3,15,A01
200700079078,0,01,000,00,2,1,01,A01
200700079078,0,07,000,00,2,2,15,B01
200700079079,0,07,000,00,2,3,01,A01
200700079079,0,02,000,00,2,7,01,B01
200700079080,0,07,000,00,1,3,01,A01
200700079081,0,30,000,00,2,7,01,A01
200700079081,0,07,000,00,2,1,15,B01
200700079082,0,07,000,00,2,4,01,B01
200700079082,0,07,000,00,2,1,01,A01
200700079082,0,07,000,00,2,4,02,C01
200700079083,0,07,000,00,2,8,11,A01
200700079083,0,33,000,00,2,7,01,B01
200700079083,0,07,000,00,2,8,01,C01
200700079083,0,07,000,00,2,8,01,D01
200700079084,0,02,000,00,0,7,01,A01
200700079085,0,07,000,00,1,1,00,A01
200700079086,0,07,000,03,0,7,01,A01
200700079087,0,02,000,00,0,7,02,A01
200700079088,0,07,000,00,2,8,10,A01
200700079088,0,33,000,00,2,1,02,B01
200700079089,0,07,000,00,2,2,15,A01
200700079089,0,33,000,00,2,7,01,B01
200700079090,0,07,000,00,2,3,11,A01
200700079090,0,33,000,00,2,7,01,B01
200700079091,0,07,000,00,2,3,19,A01
200700079091,0,33,000,00,2,1,02,B01
200700079092,0,07,000,00,1,3,01,A01
200700079093,0,02,000,00,2,8,11,A01
200700079093,0,07,000,00,2,7,01,B01
200700079094,0,07,000,00,2,2,15,A01
200700079094,0,07,000,00,2,3,01,B01
200700079095,0,07,000,00,2,1,15,A01
200700079095,0,02,000,00,2,1,01,B01
200700079096,0,07,000,00,2,1,15,A01
200700079096,0,05,000,00,2,7,02,B01
200700079097,0,07,000,00,1,3,01,A01
200700079098,0,07,000,00,1,1,01,A01
200700079099,0,07,000,00,2,6,10,A01
200700079099,0,07,000,00,2,1,01,B01
200700079100,0,07,000,00,2,6,09,A01
200700079100,0,18,002,00,2,2,02,B01
200700079101,0,07,000,00,1,2,15,A01
200700079102,0,07,000,00,2,3,11,A01
200700079102,0,05,000,00,2,2,03,B01
200700079103,0,05,000,16,0,7,01,A01
200700079104,0,07,000,01,2,8,01,B01
200700079104,0,07,000,01,2,1,01,A01
200700079105,0,10,000,00,0,3,01,B01
200700079105,0,02,000,00,2,1,01,A01
200700079106,0,33,000,01,0,1,01,A01
200700079107,0,10,000,00,2,3,17,A01
200700079107,0,07,000,00,2,3,01,B01
200700079108,0,33,000,00,0,8,01,A01
200700079109,0,10,000,00,2,3,15,A01
200700079109,0,31,000,00,2,1,01,B01
200700079110,0,33,000,00,1,1,01,A01
200700079111,0,36,000,00,2,1,02,A01
200700079111,0,07,000,00,2,4,02,B01
200700079111,0,07,000,00,2,4,02,C01
200700079112,1,07,000,00,1,1,01,A01
200700079113,0,07,000,00,2,3,09,A01
200700079113,0,02,000,00,2,7,17,B01
200700079114,0,07,000,00,2,3,09,A01
200700079114,0,02,000,00,2,1,01,B01
200700079115,0,07,000,00,1,1,01,A01
200700079116,0,07,000,00,2,1,01,A01
200700079116,0,07,000,00,2,1,01,B01
200700079117,2,07,000,00,2,1,01,A01
200700079117,0,07,000,00,2,1,01,B01
200700079118,0,07,000,01,0,1,01,A01
200700079119,0,01,000,00,2,1,09,A01
200700079119,0,07,000,00,1,2,01,B01
200700079120,0,10,000,00,2,3,15,A01
200700079120,0,02,000,00,2,1,01,B01
200700079121,0,07,000,00,1,1,01,A01
200700079122,0,07,000,00,2,3,17,A01
200700079122,0,14,000,00,2,2,01,B01
200700079123,0,13,000,00,2,1,01,A01
200700079123,0,01,000,00,2,8,01,B01
200700079124,0,07,000,02,0,3,01,A01
200700079125,0,07,000,00,1,2,01,A01
200700079126,0,07,000,00,1,2,01,A01
200700079127,0,07,000,09,0,9,01,A01
200700079128,0,07,000,00,1,1,01,A01
200700079129,0,07,000,13,0,9,01,A01
200700079130,0,01,000,00,2,1,19,A01
200700079130,0,07,000,00,2,2,01,B01
200700079131,0,02,000,00,2,1,17,A01
200700079131,0,07,000,00,2,3,15,B01
200700079132,0,37,001,00,2,2,15,A01
200700079132,0,07,000,00,2,3,01,B01
200700079133,0,02,000,00,2,1,01,A01
200700079133,0,07,000,00,2,2,15,B01
200700079134,0,07,000,00,2,2,16,A01
200700079134,0,02,000,00,2,1,09,B01
200700079135,0,07,000,00,2,3,09,A01
200700079135,0,02,000,00,2,1,01,B01
200700079136,0,07,000,00,2,1,01,A01
200700079136,0,07,000,00,2,4,01,B01
200700079137,0,07,000,13,0,1,01,A01
200700079138,0,07,000,00,1,1,15,A01
200700079139,0,07,000,00,2,5,15,A01
200700079139,0,02,000,00,2,7,01,B01
200700079140,0,07,000,00,2,1,01,A01
200700079140,0,14,000,00,2,1,01,B01
200700079141,0,07,000,00,2,0,09,A01
200700079141,0,01,000,00,0,0,01,B01
200700079142,0,07,000,00,1,1,17,A01
200700079142,0,07,000,00,1,1,01,B01
200700079143,0,07,000,02,0,7,01,A01
200700079144,0,07,000,06,0,1,01,A01
200700079145,0,10,000,00,2,6,09,A01
200700079145,0,07,000,00,2,1,01,B01
200700079146,0,07,000,08,0,1,01,A01
200700079147,0,02,000,00,2,1,09,A01
200700079147,0,07,000,00,2,7,01,B01
200700079148,0,07,000,00,2,1,01,A01
200700079148,0,07,000,00,2,1,01,B01
200700079149,0,07,000,00,2,1,01,A01
200700079149,0,07,000,00,2,1,01,B01
200700079150,0,07,000,01,0,1,01,A01
200700079151,0,07,000,00,1,1,01,A01
200700079152,0,07,000,13,0,9,01,A01
200700079153,0,07,000,00,1,2,01,A01
200700079154,0,07,000,00,1,2,01,A01
200700079155,0,07,000,00,1,2,01,A01
200700079156,0,07,000,00,1,1,01,A01
200700079157,0,07,000,00,2,1,02,A01
200700079157,0,07,000,00,2,4,02,B01
200700079158,0,07,000,13,0,4,02,A01
200700079159,0,32,000,00,2,1,01,A01
200700079159,0,07,000,00,0,4,01,B01
200700079160,0,32,000,00,2,1,02,A01
200700079160,0,07,000,00,2,4,02,B01
200700079161,0,33,000,00,2,2,17,A01
200700079161,0,07,000,00,2,8,02,B01
200700079162,0,30,000,00,2,1,01,B01
200700079162,0,07,000,00,2,1,15,A01
200700079163,0,07,000,00,1,2,01,A01
200700079164,1,07,000,00,2,2,17,A01
200700079164,0,07,000,00,2,6,02,B01
200700079165,0,07,000,01,0,1,01,A01
200700079166,0,32,000,00,2,1,17,A01
200700079166,0,07,000,00,2,3,15,B01
200700079167,0,07,000,02,0,7,01,A01
200700079168,0,07,000,00,2,1,15,A01
200700079168,0,07,000,00,2,1,01,B01
200700079169,0,07,000,00,2,3,13,A01
200700079169,0,02,000,00,2,1,17,B01
200700079170,0,07,000,00,2,1,17,A01
200700079170,0,99,000,00,2,1,02,B01
200700079171,0,07,000,13,0,1,01,A01
200700079172,0,07,000,00,2,7,15,A01
200700079172,0,02,000,00,2,1,01,B01
200700079173,0,33,000,00,2,1,17,A01
200700079173,0,07,000,00,2,8,15,B01
200700079174,0,07,000,00,1,1,15,A01
200700079175,0,07,000,00,2,1,02,A01
200700079175,0,07,000,00,2,4,15,B01
200700079176,0,07,000,13,0,1,01,A01
200700079177,0,07,000,00,2,3,15,B01
200700079177,0,07,000,00,2,3,00,A01
200700079178,0,07,000,15,6,1,01,A01
200700079179,0,07,000,15,0,9,09,A01
200700079180,0,33,000,00,0,0,01,A01
200700079181,0,07,000,00,1,2,01,A01
200700079182,0,07,000,00,1,1,02,A01
200700079183,1,07,000,00,1,7,01,A01
200700079184,0,07,000,00,2,2,13,A01
200700079184,0,03,000,00,2,1,01,B01
200700079185,0,10,000,00,2,3,13,A01
200700079185,0,02,000,00,2,1,01,B01
200700079186,0,07,000,00,2,3,09,A01
200700079186,0,33,000,00,2,2,01,B01
200700079187,0,07,000,00,2,6,19,A01
200700079187,0,02,000,00,2,1,01,B01
200700079188,0,07,000,00,2,2,19,A01
200700079188,0,30,000,00,2,1,01,B01
200700079189,0,33,000,00,2,1,01,A01
200700079189,0,07,000,00,2,7,15,B01
200700079190,0,07,000,00,2,1,15,A01
200700079190,0,31,000,00,2,1,01,B01
200700079191,0,07,000,00,1,3,01,A01
200700079192,0,07,000,00,1,3,01,A01
200700079193,0,07,000,00,1,1,16,A01
200700079194,0,30,000,01,0,0,01,A01
200700079195,0,02,000,00,1,1,00,A01
200700079196,0,07,000,00,2,1,15,A01
200700079196,0,02,000,00,2,1,01,B01
200700079197,0,33,000,00,2,1,13,B01
200700079197,0,07,000,00,2,2,15,A01
200700079198,0,31,000,00,2,2,12,A01
200700079198,0,07,000,00,2,2,01,B01
200700079199,0,07,000,00,1,1,01,A01
200700079200,0,07,000,08,0,8,01,A01
200700079201,0,02,000,00,1,1,01,A01
200700079202,0,07,000,00,2,3,09,A01
200700079202,0,02,000,00,2,1,01,B01
200700079203,0,07,000,00,2,2,09,A01
200700079203,0,07,000,00,2,0,01,B01
200700079204,1,07,000,00,2,3,01,A01
200700079204,0,07,000,00,2,1,15,B01
200700079205,0,30,000,00,2,1,01,A01
200700079205,0,10,000,00,2,2,10,B01
200700079206,0,33,000,00,2,1,02,A01
200700079206,0,07,000,00,2,8,11,B01
200700079207,0,07,000,00,1,1,01,A01
200700079208,0,01,000,00,2,1,01,B01
200700079208,0,02,000,00,2,1,01,A01
200700079209,0,07,000,00,2,1,01,A01
200700079209,0,10,000,00,0,3,09,B01
200700079210,0,02,000,00,2,1,01,A01
200700079210,0,02,000,00,2,1,01,B01
200700079210,0,07,000,00,2,2,15,C01
200700079211,0,07,000,00,1,1,00,A01
200700079212,0,10,000,00,1,4,04,A01
200700079213,0,15,000,00,2,1,02,A01
200700079213,0,33,000,00,2,1,05,B01
200700079213,0,33,000,00,2,1,05,C01
200700079214,0,31,000,12,0,2,01,A01
200700079214,0,07,000,00,0,0,16,B01
200700079215,0,33,000,00,0,0,00,A01
200700079216,0,31,000,00,2,1,01,B01
200700079216,0,07,000,00,2,3,15,A01
200700079217,0,99,000,00,9,5,15,A01
200700079217,0,30,000,00,2,1,01,B01
200700079218,0,07,000,01,0,1,01,A01
200700079218,0,37,002,00,2,3,24,B01
200700079219,0,07,000,00,2,2,13,A01
200700079219,0,32,000,00,2,1,02,B01
200700079220,0,10,000,00,9,3,09,A01
200700079220,0,01,000,00,2,4,01,B01
200700079221,0,07,000,00,1,2,16,A01
200700079222,0,30,000,00,0,0,00,B01
200700079222,0,07,000,00,2,3,16,A01
200700079223,0,32,000,00,2,8,01,B01
200700079223,0,10,000,00,2,1,02,A01
200700079224,0,07,000,00,2,1,02,A01
200700079224,0,07,000,00,2,4,01,B01
200700079225,0,07,000,14,0,3,01,A01
200700079225,0,37,000,00,9,5,23,B01
200700079226,0,07,000,00,2,1,15,A01
200700079226,0,32,000,00,2,8,00,B01
200700079227,0,07,000,00,2,7,15,B01
200700079227,0,30,000,00,2,1,16,A01
200700079228,0,07,000,00,0,8,09,A01
200700079228,0,01,000,00,2,1,00,B01
200700079229,0,07,000,00,2,4,23,A01
200700079229,0,02,000,00,2,1,01,B01
200700079230,0,10,000,00,2,1,01,A01
200700079230,0,07,000,00,0,4,23,B01
200700079231,1,07,000,00,2,1,15,A01
200700079231,0,32,000,00,2,3,01,B01
200700079232,0,99,000,00,0,1,00,A01
200700079232,0,07,000,00,2,4,00,B01
200700079233,0,07,000,00,2,2,09,A01
200700079233,0,33,000,00,2,1,01,B01
200700079234,0,07,000,00,2,3,09,A01
200700079234,0,02,000,00,2,1,01,B01
200700079235,0,07,000,00,2,1,02,A01
200700079235,0,07,000,00,2,4,23,B01
200700079236,0,33,000,00,2,1,01,A01
200700079236,0,34,000,00,2,4,00,B01
200700079237,0,07,000,00,1,3,01,A01
200700079238,0,30,000,00,2,1,17,A01
200700079238,0,07,000,00,2,8,01,B01
200700079239,0,07,000,00,2,7,19,A01
200700079239,0,07,000,00,2,3,01,B01
200700079240,0,31,000,00,2,1,00,A01
200700079240,0,07,000,00,2,4,00,B01
200700079241,0,07,000,13,0,8,14,A01
200700079242,0,07,000,00,2,3,13,A01
200700079242,0,07,000,00,2,3,01,B01
200700079243,0,07,000,00,2,1,01,A01
200700079243,0,33,000,00,2,8,19,B01
200700079244,0,07,000,00,2,3,01,A01
200700079244,0,31,000,00,2,1,01,B01
200700079245,0,07,000,00,1,1,01,A01
200700079246,0,99,000,00,1,4,04,A01
200700079247,0,30,000,00,0,0,03,B01
200700079247,0,07,000,00,0,0,14,A01
200700079248,0,02,000,00,0,1,02,A01
200700079249,0,07,000,01,2,1,15,A01
200700079249,0,07,000,00,2,3,02,B01
200700079250,0,07,000,06,0,1,02,A01
200700079251,0,07,000,00,1,1,01,A01
200700079252,0,07,000,00,1,2,01,A01
200700079253,0,07,000,00,2,2,15,A01
200700079253,0,07,000,00,2,2,01,B01
200700079254,0,17,000,00,2,2,12,A01
200700079254,0,07,000,00,2,3,01,B01
200700079255,0,07,000,00,2,3,15,A01
200700079255,0,07,000,00,2,3,01,B01
200700079256,0,30,000,00,2,1,01,A01
200700079256,0,07,000,00,2,3,01,B01
200700079257,0,07,000,00,2,1,15,A01
200700079257,0,07,000,00,2,2,01,B01
200700079258,0,07,000,00,2,3,01,B01
200700079258,0,07,000,00,2,7,19,A01
200700079259,0,07,000,00,1,1,01,A01
200700079260,0,07,000,00,2,2,22,A01
200700079260,0,02,000,00,2,3,00,B01
200700079261,0,10,000,00,1,3,15,A01
200700079262,0,10,000,00,1,1,16,A01
200700079263,0,07,000,00,2,2,01,A01
200700079263,0,30,000,00,2,1,19,B01
200700079264,0,07,000,15,0,3,15,A01
200700079265,0,07,000,02,0,4,13,A01
200700079266,0,07,000,00,2,3,15,A01
200700079266,0,30,000,00,2,1,01,B01
200700079267,0,31,000,00,1,4,02,B01
200700079267,1,07,000,00,2,1,02,A01
200700079268,0,07,000,00,2,1,02,A01
200700079268,0,07,000,00,2,1,02,B01
200700079269,0,07,000,00,2,9,01,B01
200700079269,0,07,000,00,2,1,01,A01
200700079270,0,07,000,03,0,5,02,A01
200700079271,0,07,000,00,2,7,01,B01
200700079271,0,07,000,00,2,1,15,A01
200700079272,0,07,000,00,2,7,15,A01
200700079272,0,02,000,00,2,1,01,B01
200700079273,0,33,000,00,0,7,01,A01
200700079274,0,07,000,00,2,3,23,B01
200700079274,0,02,000,00,2,1,19,A01
200700079275,0,07,000,00,2,1,02,A01
200700079275,0,07,000,00,2,4,02,B01
200700079275,0,07,000,00,2,4,02,C01
200700079275,0,07,000,00,2,4,02,D01
200700079276,0,07,000,00,2,1,15,A01
200700079276,0,32,000,00,2,1,01,B01
200700079277,0,07,000,03,0,1,01,A01
200700079278,0,10,000,00,2,0,09,A01
200700079278,0,07,000,00,2,3,01,B01
200700079279,0,07,000,00,2,3,13,A01
200700079279,0,07,000,00,2,7,01,B01
200700079280,0,01,000,00,2,1,01,B01
200700079280,0,07,000,00,2,3,09,A01
200700079281,0,07,000,00,1,1,01,A01
200700079282,0,10,000,00,1,1,16,A01
200700079283,0,02,000,00,0,4,02,A01
200700079284,0,07,000,00,1,1,02,A01
200700079285,0,15,000,00,9,1,02,A01
200700079286,0,30,000,00,2,1,02,A01
200700079286,0,07,000,00,2,5,02,B01
200700079287,0,07,000,00,1,1,15,A01
200700079288,0,07,000,00,2,1,02,A01
200700079288,0,07,000,00,2,1,15,B01
200700079289,0,33,000,16,0,8,02,A01
200700079290,0,10,000,00,1,4,04,A01
200700079291,0,10,000,00,2,1,05,A01
200700079291,0,07,000,00,2,1,01,B01
200700079292,0,07,000,00,2,2,15,A01
200700079292,0,33,000,00,2,1,01,B01
200700079293,0,07,000,00,2,5,15,A01
200700079293,0,33,000,00,2,1,01,B01
200700079294,0,07,000,00,2,3,09,A01
200700079294,0,07,000,00,2,2,01,B01
200700079295,0,07,000,00,2,3,09,A01
200700079295,0,07,000,00,2,1,01,B01
200700079296,0,01,000,00,0,0,01,A01
200700079297,0,02,000,00,0,7,01,A01
200700079298,0,31,000,00,0,7,16,A01
200700079299,0,07,000,00,2,3,05,A01
200700079299,0,07,000,00,2,3,01,B01
200700079300,1,07,000,00,1,0,00,A01
200700079301,0,32,000,00,0,8,16,A01
200700079302,0,07,000,00,2,8,01,B01
200700079302,0,07,000,00,2,1,15,A01
200700079303,0,07,000,00,2,8,10,A01
200700079303,0,07,000,00,2,1,01,B01
200700079304,0,30,000,00,0,8,01,A01
200700079305,0,30,000,16,0,1,02,A01
200700079306,0,07,000,00,2,1,02,A01
200700079306,0,07,000,00,2,4,23,B01
200700079307,0,07,000,00,2,1,01,A01
200700079307,0,07,000,00,2,8,00,B01
200700079308,0,07,000,00,1,1,02,A01
200700079309,0,07,000,00,2,1,17,A01
200700079309,0,07,000,00,2,1,02,B01
200700079309,0,07,000,00,2,1,02,D01
200700079309,0,07,000,00,2,4,02,C01
200700079310,0,10,000,00,2,3,00,A01
200700079310,0,07,000,00,2,3,00,B01
200700079311,0,07,000,00,1,1,01,A01
200700079312,0,02,000,00,2,7,01,A01
200700079312,0,07,000,00,2,3,01,B01
200700079313,0,07,000,00,1,1,14,A01
200700079314,0,07,000,00,2,1,01,B01
200700079314,0,07,000,00,2,1,15,A01
200700079315,0,07,000,00,2,2,01,B01
200700079315,0,07,000,00,2,3,01,A01
200700079316,0,07,000,00,2,3,13,A01
200700079316,0,07,000,00,2,3,01,B01
200700079317,0,07,000,00,2,1,01,A01
200700079317,0,07,000,00,2,9,01,B01
200700079317,0,07,000,00,2,3,01,C01
200700079318,0,30,000,01,0,1,18,A01
200700079319,0,01,000,00,2,8,19,A01
200700079319,0,33,000,00,2,1,01,B01
200700079320,0,07,000,00,1,5,00,A01
200700079321,0,10,000,00,1,7,00,A01
200700079322,0,10,000,00,1,3,16,A01
200700079323,0,07,000,00,1,1,01,A01
200700079324,0,07,000,00,2,1,09,A01
200700079324,0,37,001,00,2,7,02,B01
200700079325,0,07,000,00,2,7,15,A01
200700079325,0,30,000,01,2,1,02,B01
200700079326,0,07,000,00,9,3,01,A01
200700079326,0,01,000,00,0,7,19,B01
200700079327,0,07,000,00,1,3,14,A01
200700079328,1,07,000,00,2,1,05,A01
200700079328,0,02,000,00,2,6,01,B01
200700079329,0,30,000,00,0,0,01,A01
200700079330,0,07,000,13,0,1,01,A01
200700079331,0,07,000,00,1,1,01,A01
200700079332,0,07,000,00,1,2,01,A01
200700079333,0,07,000,00,2,3,10,A01
200700079333,0,02,000,00,2,1,02,B01
200700079334,0,07,000,14,0,1,02,A01
200700079335,0,07,000,02,0,1,00,A01
200700079336,0,07,000,00,2,7,19,B01
200700079336,0,07,000,00,2,1,19,A01
200700079337,0,07,000,00,1,2,01,A01
200700079338,0,07,000,00,2,1,01,B01
200700079338,0,07,000,00,2,1,17,A01
200700079339,0,02,000,00,2,1,01,A01
200700079339,0,17,000,00,0,6,01,B01
200700079340,0,07,000,00,2,2,09,A01
200700079340,0,31,000,00,2,1,01,B01
200700079341,0,07,000,00,1,0,01,A01
200700079342,0,02,000,16,0,8,01,A01
200700079343,0,10,000,00,1,0,01,A01
200700079344,0,07,000,00,1,2,01,A01
200700079345,0,02,000,14,0,0,01,A01
200700079346,0,07,000,00,2,3,13,A01
200700079346,0,07,000,00,2,3,01,B01
200700079347,0,07,000,00,2,3,15,A01
200700079347,0,07,000,00,2,5,01,B01
200700079347,0,07,000,14,0,1,01,C01
200700079348,0,07,000,00,1,3,15,A01
200700079349,0,07,000,00,1,2,01,A01
200700079350,0,07,000,00,2,8,01,B01
200700079350,0,07,000,00,2,3,01,A01
200700079351,0,07,000,00,2,8,10,A01
200700079351,0,02,000,00,2,7,15,B01
200700079352,0,07,000,00,2,7,15,A01
200700079352,0,30,000,00,2,1,02,B01
200700079353,0,07,000,00,1,1,01,A01
200700079354,0,07,000,00,1,0,01,A01
200700079355,0,07,000,00,9,8,22,A01
200700079356,0,07,000,00,0,4,23,A01
200700079356,0,07,000,00,2,1,02,B01
200700079357,0,07,000,00,2,2,02,B01
200700079357,0,07,000,00,2,3,02,A01
200700079358,0,31,000,00,2,1,17,A01
200700079358,0,07,000,00,2,1,15,B01
200700079359,0,30,000,00,2,7,23,A01
200700079359,1,07,000,00,2,1,00,B01
200700079360,0,07,000,00,2,5,15,A01
200700079360,0,01,000,00,2,1,02,B01
200700079361,0,07,000,06,2,1,02,A01
200700079361,0,07,000,00,2,1,02,B01
200700079362,0,07,000,00,0,0,01,A01
200700079363,0,07,000,00,1,1,01,A01
200700079364,0,07,000,00,2,7,01,A01
200700079364,0,07,000,00,2,1,01,B01
200700079365,0,15,000,01,0,1,01,A01
200700079366,0,07,000,00,0,9,01,A01
200700079367,0,07,000,01,0,1,01,A01
200700079367,0,02,000,00,2,8,24,B01
200700079368,0,02,000,00,2,7,17,A01
200700079368,0,07,000,00,2,8,01,B01
200700079369,1,10,000,00,2,0,02,A01
200700079369,0,02,000,00,2,8,01,B01
200700079370,0,07,000,00,2,8,01,A01
200700079370,0,07,000,00,2,8,01,B01
200700079371,0,07,000,00,2,1,09,A01
200700079371,0,07,000,00,2,2,01,C01
200700079371,0,31,000,00,2,7,01,B01
200700079372,0,07,000,00,2,1,01,B01
200700079372,0,07,000,00,2,6,15,A01
200700079373,0,10,000,00,2,4,02,B01
200700079373,0,07,000,00,2,1,02,A01
200700079374,0,07,000,00,2,8,01,B01
200700079374,0,07,000,00,2,1,19,A01
200700079375,0,07,000,00,2,1,15,A01
200700079375,0,07,000,00,2,3,01,B01
200700079376,0,30,000,00,2,1,00,A01
200700079376,0,07,000,00,2,3,01,B01
200700079377,0,07,000,00,1,1,01,A01
200700079378,0,02,000,00,2,1,01,B01
200700079378,0,07,000,00,2,1,15,A01
200700079379,0,07,000,00,2,2,02,A01
200700079379,0,10,000,00,2,4,02,B01
200700079380,0,01,000,00,2,1,01,B01
200700079380,1,07,000,00,1,0,15,A01
200700079381,0,07,000,00,0,1,01,A01
200700079382,0,37,010,00,1,1,17,A01
200700079383,0,07,000,00,2,4,02,B01
200700079383,0,07,000,00,2,1,02,A01
200700079384,0,07,000,00,2,4,01,C01
200700079384,0,07,000,00,2,4,12,B01
200700079384,0,07,000,00,2,3,14,A01
200700079385,0,30,000,00,2,1,00,A01
200700079385,0,07,000,00,2,3,01,B01
200700079386,0,37,000,00,2,3,07,B01
200700079386,0,07,000,00,2,7,16,A01
200700079387,0,30,000,00,0,4,01,B01
200700079387,0,33,000,00,2,1,02,A01
200700079388,0,07,000,00,2,7,05,A01
200700079388,0,07,000,00,2,1,01,B01
200700079389,0,32,000,00,0,4,23,B01
200700079389,0,07,000,00,2,1,02,A01
200700079390,0,07,000,00,0,3,01,A01
200700079391,0,02,000,00,2,1,00,A01
200700079391,0,10,000,00,2,6,09,B01
200700079392,0,07,000,00,2,1,01,B01
200700079392,0,14,000,00,2,5,01,A01
200700079393,0,07,000,08,0,1,01,A01
200700079394,0,07,000,00,2,7,15,A01
200700079394,0,31,000,00,2,3,01,B01
200700079395,0,07,000,00,1,1,00,A01
200700079396,0,07,000,00,2,1,01,A01
200700079396,0,07,000,00,2,2,01,B01
200700079397,0,07,000,01,0,1,01,A01
200700079398,0,07,000,00,1,1,01,A01
200700079399,0,07,000,00,2,2,01,A01
200700079399,0,33,000,00,2,4,15,B01
200700079400,0,30,000,00,0,2,01,A01
200700079401,0,07,000,00,1,7,16,A01
200700079402,0,07,000,15,1,1,16,A01
200700079403,0,07,000,00,0,4,01,A01
200700079403,0,07,000,00,2,1,02,B01
200700079404,0,07,000,00,1,1,01,A01
200700079405,0,07,000,06,0,2,16,A01
200700079406,1,07,000,00,1,1,01,A01
200700079407,0,07,000,00,2,3,00,A01
200700079407,0,02,000,00,2,0,00,B01
200700079408,0,07,000,00,2,5,01,B01
200700079408,0,07,000,09,2,1,01,A01
200700079409,0,01,000,00,2,1,01,B01
200700079409,0,07,000,00,2,1,01,A01
200700079410,0,07,000,00,1,7,01,A01
200700079411,0,07,000,00,1,3,01,A01
200700079412,0,30,000,00,1,4,03,A01
200700079413,0,07,000,00,1,2,01,A01
200700079414,0,07,000,00,1,2,01,A01
200700079415,0,07,000,00,2,5,15,A01
200700079415,0,33,000,00,2,1,01,B01
200700079416,0,07,000,09,2,1,01,A01
200700079416,0,07,000,00,2,1,01,B01
200700079417,0,30,000,00,2,4,01,A01
200700079417,0,07,000,00,0,4,23,B01
200700079418,0,07,000,00,1,2,01,A01
200700079419,0,07,000,00,2,3,15,A01
200700079419,0,31,000,00,2,3,01,B01
200700079420,0,37,000,00,1,5,00,A01
200700079421,0,32,000,00,2,1,02,A01
200700079421,0,07,000,00,2,4,01,B01
200700079422,0,10,000,00,1,8,15,A01
200700079423,1,10,000,00,1,1,01,A01
200700079424,0,10,000,00,2,1,02,A01
200700079424,0,10,000,00,0,4,02,B01
200700079425,0,10,000,00,2,2,01,A01
200700079425,0,10,000,02,0,3,16,B01
200700079426,0,33,000,00,2,1,01,A01
200700079426,0,07,000,00,2,4,02,B01
200700079427,0,10,000,00,2,1,15,A01
200700079427,0,34,000,00,2,1,01,B01
200700079428,0,33,000,00,1,1,03,A01
200700079429,0,10,000,00,2,3,15,A01
200700079429,0,01,000,00,2,1,01,B01
200700079430,0,32,000,00,1,1,00,A01
200700079431,0,34,000,00,1,1,01,A01
200700079432,0,10,000,00,1,3,15,A01
200700079433,0,10,000,00,2,1,15,A01
200700079433,0,01,000,00,2,1,00,B01
200700079434,0,30,000,00,2,7,00,A01
200700079434,0,07,000,00,2,3,15,B01
200700079435,0,07,000,00,1,2,01,A01
200700079436,0,30,000,00,2,1,01,A01
200700079436,0,07,000,00,2,3,09,B01
200700079437,0,10,000,00,2,1,02,A01
200700079437,0,07,000,00,2,4,23,B01
200700079438,0,07,000,00,0,1,00,A01
200700079438,0,07,000,00,2,4,00,B01
200700079439,0,32,000,00,2,1,02,A01
200700079439,0,07,000,00,2,4,02,B01
200700079440,0,07,000,00,1,1,00,A01
200700079441,0,02,000,00,1,1,00,A01
200700079442,0,07,000,00,0,4,23,B01
200700079442,0,37,015,00,0,1,02,A01
200700079443,0,07,000,00,0,5,12,B01
200700079443,0,14,000,00,0,3,02,A01
200700079444,0,02,000,00,2,0,02,A01
200700079444,0,07,000,00,0,3,01,B01
200700079445,0,30,000,00,0,1,17,A01
200700079446,0,37,000,00,1,3,15,A01
200700079447,0,07,000,00,5,2,01,A01
200700079448,0,07,000,00,1,3,01,A01
200700079449,0,32,000,00,2,1,17,A01
200700079449,0,07,000,00,0,6,15,B01
200700079450,0,30,000,00,0,2,13,A01
200700079450,0,07,000,00,0,3,15,B01
200700079451,0,07,000,00,0,1,01,A01
200700079451,0,07,000,00,0,3,01,B01
200700079452,0,10,000,00,2,6,23,C01
200700079452,0,10,000,00,2,1,01,B01
200700079452,0,07,000,01,2,2,01,A01
200700079452,0,07,000,00,2,2,01,D01
200700079453,0,07,000,00,9,8,24,A01
200700079453,0,01,000,01,0,1,01,B01
200700079454,0,07,000,12,0,1,16,A01
200700079455,0,07,000,00,1,1,16,A01
200700079456,0,30,000,00,2,1,01,B01
200700079456,0,07,000,00,2,7,01,A01
200700079457,0,33,000,00,2,1,02,A01
200700079457,0,07,000,00,2,5,02,B01
200700079457,0,07,000,00,9,3,02,C01
200700079458,0,07,000,00,1,1,02,A01
200700079459,0,07,000,00,1,4,04,A01
200700079460,0,07,000,00,9,8,02,A01