Num_Acc,senc,catv,occutc,obs,obsm,choc,manv,num_veh
200700079460,0,01,000,00,2,1,00,B01
200700079461,0,07,000,00,1,3,15,A01
200700079462,0,07,000,00,1,4,04,A01
200700079463,0,07,000,00,1,1,15,A01
200700079464,0,07,000,00,0,1,02,A01
200700079464,0,07,000,00,0,4,02,B01
200700079465,0,07,000,00,2,1,02,A01
200700079465,0,07,000,00,2,4,01,B01
200700079466,0,07,000,00,0,8,15,A01
200700079466,0,31,000,00,0,1,01,B01
200700079467,0,07,000,00,2,1,10,A01
200700079467,0,32,000,00,2,3,01,B01
200700079468,0,07,000,00,1,1,01,A01
200700079469,0,33,000,00,0,7,02,A01
200700079469,0,99,000,00,0,3,15,B01
200700079470,1,07,000,00,2,6,16,A01
200700079470,0,32,000,00,2,8,15,B01
200700079471,0,32,000,00,2,1,18,A01
200700079471,0,07,000,00,2,2,15,B01
200700079472,0,10,000,00,1,6,04,A01
200700079473,0,10,000,00,2,1,02,A01
200700079473,0,07,000,00,2,4,02,B01
200700079474,0,07,000,00,1,1,15,A01
200700079475,0,07,000,00,0,0,00,A01
200700079476,0,02,000,12,0,1,01,A01
200700079477,0,07,000,00,1,3,01,A01
200700079478,0,07,000,00,2,1,01,A01
200700079478,0,07,000,00,2,4,01,B01
200700079479,0,07,000,00,1,1,01,A01
200700079480,0,07,000,00,2,3,15,A01
200700079480,0,30,000,00,2,5,17,B01
200700079481,0,07,000,00,1,3,01,A01
200700079482,0,31,000,00,2,1,01,B01
200700079482,0,07,000,00,2,2,16,A01
200700079483,0,07,000,00,2,5,04,A01
200700079483,0,33,000,00,2,1,01,B01
200700079484,0,07,000,00,2,3,10,A01
200700079484,0,33,000,00,2,7,01,B01
200700079485,0,30,000,00,2,1,17,A01
200700079485,0,07,000,00,2,3,15,B01
200700079486,0,07,000,00,0,0,00,A01
200700079486,0,31,000,00,0,0,01,B01
200700079487,0,07,000,00,0,3,13,A01
200700079487,0,32,000,00,2,7,23,B01
200700079488,0,07,000,00,1,1,01,A01
200700079489,0,07,000,00,1,2,01,A01
200700079490,0,07,000,00,2,2,01,A01
200700079490,0,07,000,00,2,1,01,B01
200700079491,0,07,000,00,1,2,02,A01
200700079492,0,31,000,00,1,1,02,A01
200700079493,0,07,000,00,2,7,01,A01
200700079493,0,07,000,00,2,7,01,B01
200700079494,0,30,000,00,2,1,17,A01
200700079494,0,07,000,00,9,3,01,B01
200700079495,0,07,000,00,2,3,22,A01
200700079495,0,32,000,00,2,7,01,B01
200700079495,0,07,000,00,2,5,01,C01
200700079496,0,31,000,00,2,1,01,B01
200700079496,1,07,000,00,2,3,15,A01
200700079497,0,02,000,14,0,1,01,A01
200700079497,0,07,000,00,0,0,15,B01
200700079498,0,33,000,00,2,1,01,A01
200700079498,0,31,000,00,2,3,01,B01
200700079499,0,07,000,00,2,3,13,A01
200700079499,0,32,000,00,2,3,01,B01
200700079500,0,07,000,00,1,1,15,A01
200700079501,0,02,000,00,0,8,13,A01
200700079502,0,02,000,00,0,7,01,A01
200700079503,0,07,000,00,2,1,16,A01
200700079503,0,01,000,00,2,7,01,B01
200700079504,0,30,000,00,2,1,01,A01
200700079504,0,07,000,00,2,4,01,B01
200700079505,0,07,000,00,2,3,15,A01
200700079505,0,31,000,00,2,1,01,B01
200700079506,0,07,000,00,2,1,01,A01
200700079506,0,02,000,00,2,4,01,B01
200700079507,0,07,000,00,1,1,01,A01
200700079508,0,07,000,00,2,3,01,A01
200700079508,0,01,000,00,2,1,01,B01
200700079509,0,07,000,00,2,1,15,A01
200700079510,0,32,000,00,2,1,01,B01
200700079510,0,07,000,00,2,2,15,A01
200700079511,0,07,000,00,2,7,09,A01
200700079511,0,02,000,00,2,1,01,B01
200700079512,0,07,000,00,2,2,17,A01
200700079512,0,07,000,00,2,8,15,B01
200700079513,0,01,000,00,2,1,05,A01
200700079513,0,07,000,00,2,1,09,B01
200700079514,0,30,000,00,2,8,11,A01
200700079514,0,07,000,00,2,7,01,B01
200700079514,0,10,000,00,2,1,01,C01
200700079515,0,07,000,00,2,8,09,A01
200700079515,0,32,000,00,2,1,17,B01
200700079516,0,37,015,00,1,2,01,A01
200700079517,0,07,000,00,1,3,01,A01
200700079518,0,32,000,00,2,7,17,A01
200700079518,0,07,000,00,2,8,15,B01
200700079519,0,07,000,00,1,7,01,A01
200700079520,0,07,000,00,1,3,15,A01
200700079521,0,07,000,00,1,1,01,A01
200700079522,0,07,000,00,1,1,02,A01
200700079523,1,07,000,00,0,0,00,A01
200700079524,0,07,000,00,1,1,01,A01
200700079525,0,07,000,00,2,1,13,B01
200700079525,0,33,000,00,2,1,02,A01
200700079526,0,31,000,00,2,7,01,B01
200700079526,0,07,000,00,2,1,00,A01
200700079527,0,33,000,00,2,7,01,B01
200700079527,0,10,000,00,2,5,01,A01
200700079528,0,31,000,00,1,1,01,A01
200700079529,0,07,000,00,2,1,00,B01
200700079529,0,07,000,00,2,5,00,A01
200700079530,0,33,000,00,0,0,21,A01
200700079530,0,07,000,00,0,0,02,B01
200700079531,0,31,000,00,0,7,14,A01
200700079532,0,03,000,00,2,4,02,C01
200700079532,0,07,000,00,2,6,02,B01
200700079532,0,03,000,00,2,5,01,E01
200700079532,0,03,000,00,2,4,02,D01
200700079532,0,07,000,01,0,2,02,A01
200700079533,0,07,000,00,2,7,16,B01
200700079533,0,32,000,00,2,7,01,A01
200700079534,0,07,000,00,2,4,00,B01
200700079534,0,30,000,00,2,1,01,A01
200700079535,0,14,000,01,2,3,02,B01
200700079535,0,07,000,01,0,5,02,A01
200700079536,0,32,000,00,2,1,01,A01
200700079536,0,07,000,00,2,1,00,B01
200700079537,0,07,000,00,2,5,20,B01
200700079537,0,32,000,00,2,1,18,A01
200700079538,0,34,000,00,2,1,00,B01
200700079538,0,07,000,00,2,2,09,A01
200700079539,0,33,000,00,2,1,17,A01
200700079539,0,07,000,00,2,3,09,B01
200700079540,0,34,000,00,2,1,01,A01
200700079540,0,07,000,00,2,3,15,B01
200700079541,0,07,000,00,1,1,01,A01
200700079542,0,07,000,00,2,1,01,A01
200700079542,0,07,000,00,2,4,01,B01
200700079543,0,07,000,00,1,1,01,A01
200700079544,0,07,000,00,1,1,15,A01
200700079545,0,07,000,00,1,1,01,A01
200700079545,0,07,000,00,2,1,01,B01
200700079546,0,07,000,00,0,0,01,A01
200700079547,0,31,000,14,0,0,01,A01
200700079548,0,10,000,00,0,0,00,A01
200700079549,0,07,000,00,0,3,15,A01
200700079549,0,31,000,00,0,0,01,B01
200700079550,0,07,000,00,0,0,15,A01
200700079551,0,07,000,00,0,3,01,A01
200700079551,0,30,000,00,0,1,15,B01
200700079552,0,33,000,00,0,0,01,A01
200700079553,0,10,000,00,0,1,01,A01
200700079554,0,32,000,00,9,0,01,A01
200700079554,0,32,000,00,0,0,00,B01
200700079555,0,07,000,00,0,0,00,A01
200700079556,0,33,000,00,0,1,01,A01
200700079557,0,31,000,00,1,0,01,A01
200700079558,0,07,000,00,0,3,09,A01
200700079558,0,33,000,00,0,0,01,B01
200700079559,0,32,000,00,0,1,01,A01
200700079559,0,10,000,00,0,4,01,B01
200700079560,0,14,000,00,0,1,00,A01
200700079561,0,07,000,00,0,7,01,A01
200700079562,0,33,000,00,0,0,01,A01
200700079562,0,07,000,00,0,2,16,B01
200700079563,0,32,000,00,0,0,01,A01
200700079564,0,07,000,00,2,7,01,A01
200700079564,0,07,000,00,2,1,18,B01
200700079565,0,07,000,00,1,2,00,A01
200700079566,0,32,000,00,0,0,01,A01
200700079567,0,02,000,00,2,1,01,A01
200700079567,0,07,000,00,2,4,01,B01
200700079568,0,02,000,00,2,9,01,B01
200700079568,0,07,000,00,0,0,11,A01
200700079569,0,02,000,00,0,0,00,A01
200700079570,0,07,000,00,2,7,01,B01
200700079570,0,07,000,00,2,1,01,A01
200700079571,0,01,000,00,2,1,01,B01
200700079571,0,07,000,00,2,1,01,A01
200700079572,0,07,000,00,1,3,01,A01
200700079573,0,34,000,00,1,1,01,A01
200700079574,0,07,000,00,2,3,00,A01
200700079574,0,30,000,00,2,1,01,B01
200700079575,0,07,000,02,0,1,00,A01
200700079576,0,07,000,00,1,1,01,A01
200700079577,0,07,000,00,2,3,00,A01
200700079577,0,31,000,00,2,1,09,B01
200700079578,0,01,000,00,0,7,00,A01
200700079578,0,07,000,00,9,1,00,B01
200700079579,0,07,000,00,2,1,02,A01
200700079579,0,07,000,00,2,4,02,B01
200700079580,0,07,000,00,2,3,11,A01
200700079580,0,30,000,00,2,7,01,B01
200700079581,0,34,000,00,2,9,18,A01
200700079581,0,07,000,00,2,1,15,B01
200700079582,0,34,000,00,2,1,01,A01
200700079582,0,07,000,00,2,3,15,B01
200700079583,0,10,000,00,1,4,04,A01
200700079583,0,01,000,00,1,1,02,B01
200700079584,0,07,000,00,1,1,00,A01
200700079585,0,07,000,00,2,1,00,A01
200700079585,0,07,000,00,2,4,00,B01
200700079586,2,07,000,00,2,1,01,A01
200700079586,0,07,000,00,2,4,23,B01
200700079586,0,07,000,00,2,4,23,C01
200700079586,0,07,000,00,2,4,23,D01
200700079587,0,07,000,00,9,3,09,A01
200700079587,0,31,000,00,2,2,09,B01
200700079588,0,07,000,00,1,7,01,A01
200700079589,0,30,000,00,2,1,01,A01
200700079589,0,99,000,00,2,1,20,B01
200700079590,0,07,000,00,2,3,11,A01
200700079590,0,32,000,00,2,1,01,B01
200700079591,0,20,000,00,2,0,15,A01
200700079591,0,07,000,00,2,2,15,B01
200700079591,0,33,000,00,2,1,01,C01
200700079592,0,10,000,00,2,4,02,B01
200700079592,0,32,000,00,2,1,02,A01
200700079593,0,30,000,00,1,1,01,A01
200700079594,0,07,000,00,1,1,15,A01
200700079595,0,32,000,00,1,2,01,A01
200700079596,0,10,000,00,1,1,01,A01
200700079597,0,07,000,00,2,1,16,A01
200700079597,0,07,000,00,0,4,16,B01
200700079598,0,30,000,16,2,7,02,A01
200700079598,0,07,000,00,2,8,15,B01
200700079599,0,30,000,00,2,9,09,A01
200700079599,0,07,000,00,2,2,01,B01
200700079600,0,07,000,02,0,1,01,A01
200700079601,0,07,000,00,1,3,15,A01
200700079602,0,02,000,00,2,1,01,A01
200700079602,0,07,000,00,2,3,15,B01
200700079603,0,07,000,00,2,1,02,A01
200700079603,0,07,000,00,2,4,15,B01
200700079604,0,07,000,00,2,3,15,A01
200700079604,0,33,000,00,2,8,01,B01
200700079605,0,07,000,00,1,5,15,A01
200700079606,0,07,000,00,2,2,15,A01
200700079606,0,07,000,00,2,1,01,B01
200700079607,0,30,000,00,2,2,17,A01
200700079607,0,07,000,00,2,8,15,B01
200700079608,0,07,000,06,0,1,02,A01
200700079609,0,07,000,00,2,2,11,A01
200700079609,0,07,000,00,2,8,01,B01
200700079610,0,07,000,00,2,1,02,A01
200700079610,0,33,000,00,2,4,01,B01
200700079611,0,33,000,00,0,7,01,A01
200700079611,0,13,000,00,0,0,13,B01
200700079612,0,07,000,00,1,2,01,A01
200700079613,0,07,000,00,1,4,04,A01
200700079614,0,37,000,00,1,5,01,A01
200700079615,0,01,000,00,0,0,21,A01
200700079615,0,07,000,00,0,0,19,B01
200700079616,0,30,000,00,2,1,02,A01
200700079616,0,07,000,00,2,4,01,B01
200700079617,0,07,000,00,2,3,15,A01
200700079617,0,02,000,00,2,1,01,B01
200700079618,0,07,000,00,1,2,01,A01
200700079619,0,07,000,00,0,0,13,A01
200700079619,0,30,000,00,0,0,01,B01
200700079620,0,02,000,00,0,0,01,A01
200700079621,0,07,000,08,0,1,01,A01
200700079622,0,07,000,00,1,1,10,A01
200700079623,0,07,000,00,2,8,21,A01
200700079623,0,32,000,00,2,7,01,B01
200700079624,0,07,000,01,2,1,17,A01
200700079624,0,10,000,00,2,3,20,B01
200700079625,0,33,000,00,2,2,01,A01
200700079625,0,07,000,00,2,5,16,B01
200700079626,0,07,000,00,2,2,00,B01
200700079626,0,07,000,00,2,1,01,A01
200700079627,0,07,000,00,2,2,01,B01
200700079627,0,07,000,00,2,2,15,A01
200700079628,0,07,000,00,2,1,01,A01
200700079628,0,07,000,00,1,0,01,B01
200700079629,0,33,000,00,2,3,00,A01
200700079629,0,38,001,00,2,7,12,B01
200700079630,0,10,000,00,2,3,06,A01
200700079630,0,33,000,00,2,1,01,B01
200700079631,0,02,000,00,2,8,11,A01
200700079631,0,02,000,00,2,1,01,B01
200700079632,0,07,000,00,2,8,22,A01
200700079632,0,01,000,01,0,1,01,B01
200700079633,0,07,000,00,2,3,09,A01
200700079633,0,33,000,01,2,2,01,B01
200700079634,0,10,000,00,2,2,02,A01
200700079634,0,33,000,00,2,6,02,B01
200700079635,0,31,000,14,0,8,02,A01
200700079636,0,07,000,12,0,1,02,A01
200700079637,0,30,000,00,2,8,01,B01
200700079637,0,07,000,00,2,0,01,A01
200700079638,0,10,000,00,1,1,02,A01
200700079639,0,07,000,00,2,1,00,A01
200700079639,0,07,000,00,2,2,00,B01
200700079640,0,07,000,00,2,3,23,C01
200700079640,0,10,000,00,2,5,23,B01
200700079640,0,30,000,00,2,3,03,A01
200700079641,0,37,000,00,1,2,01,A01
200700079642,0,07,000,09,0,3,02,A01
200700079643,0,07,000,00,2,3,01,C01
200700079643,0,32,000,00,2,3,21,B01
200700079643,0,07,000,00,0,0,00,A01
200700079644,0,37,001,00,2,3,15,B01
200700079644,0,30,000,00,0,1,05,A01
200700079645,0,07,000,14,2,2,02,B01
200700079645,0,07,000,00,0,8,23,A01
200700079646,0,07,000,00,1,3,02,A01
200700079647,0,07,000,00,2,3,15,B01
200700079647,0,33,000,00,2,1,11,A01
200700079648,0,02,000,00,0,3,01,A01
200700079649,0,07,000,00,2,1,01,A01
200700079649,0,07,000,00,2,4,00,B01
200700079649,0,07,000,00,2,4,02,C01
200700079649,0,07,000,00,2,4,02,D01
200700079650,0,10,000,00,2,2,01,A01
200700079650,0,10,000,00,2,0,01,B01
200700079651,0,07,000,00,1,4,04,A01
200700079652,0,07,000,00,1,1,01,A01
200700079653,0,10,000,01,0,6,02,A01
200700079653,0,33,000,01,0,2,02,B01
200700079654,0,07,000,00,1,3,01,A01
200700079655,0,07,000,00,0,2,11,A01
200700079655,0,30,000,00,0,3,23,B01
200700079656,0,07,000,00,2,2,15,A01
200700079657,0,10,000,00,2,1,02,A01
200700079657,0,01,000,00,0,0,00,B01
200700079658,0,01,000,00,2,7,01,B01
200700079658,0,07,000,00,9,1,01,A01
200700079659,0,07,000,01,0,5,00,B01
200700079659,0,07,000,00,0,3,00,C01
200700079660,1,99,000,00,0,0,00,A01
200700079660,0,07,000,00,0,0,00,B01
200700079660,0,07,000,00,0,0,00,C01
200700079661,0,07,000,00,1,2,01,A01
200700079662,0,07,000,08,0,2,12,A01
200700079662,0,07,000,00,0,0,09,B01
200700079663,0,07,000,00,2,3,02,B01
200700079663,0,07,000,00,2,1,01,A01
200700079664,0,07,000,00,0,1,00,A01
200700079665,0,07,000,00,2,1,21,A01
200700079665,0,10,000,00,2,1,00,B01
200700079666,0,30,000,00,2,1,01,A01
200700079666,0,07,000,00,2,4,01,B01
200700079667,0,07,000,00,1,1,00,A01
200700079668,0,07,000,06,0,1,00,A01
200700079669,0,37,040,12,0,2,09,A01
200700079670,0,07,000,00,1,2,00,A01
200700079671,0,07,000,00,2,7,10,A01
200700079671,0,32,000,00,2,1,01,B01
200700079672,1,07,000,00,1,1,09,A01
200700079673,0,07,000,00,0,1,02,A01
200700079673,0,10,000,00,0,7,01,B01
200700079674,0,10,000,00,4,3,00,A01
200700079674,0,40,000,00,4,1,01,B01
200700079675,0,07,000,00,1,2,00,A01
200700079676,0,07,000,00,2,1,06,A01
200700079676,0,37,001,00,2,5,01,B01
200700079677,0,07,000,00,1,2,00,A01
200700079678,0,07,000,00,1,3,01,A01
200700079679,0,07,000,00,1,2,01,A01
200700079680,0,07,000,00,2,1,00,A01
200700079680,0,07,000,00,2,4,00,B01
200700079681,0,07,000,00,0,0,00,A01
200700079681,0,07,000,00,0,0,00,B01
200700079682,0,07,000,00,1,2,00,A01
200700079683,0,37,000,15,0,2,00,A01
200700079684,0,07,000,00,1,2,02,A01
200700079685,0,07,000,00,2,6,02,A01
200700079685,0,07,000,00,0,6,02,B01
200700079686,0,07,000,00,0,3,00,A01
200700079687,0,07,000,00,0,1,01,A01
200700079687,0,07,000,00,0,4,12,B01
200700079688,0,10,000,00,1,1,00,A01
200700079689,0,07,000,00,0,0,00,A01
200700079689,0,34,000,00,0,3,00,B01
200700079690,0,02,000,00,1,1,00,A01
200700079691,0,10,000,00,2,2,15,A01
200700079691,0,07,000,00,2,1,01,B01
200700079692,0,07,000,00,2,3,15,A01
200700079692,0,33,000,00,2,1,01,B01
200700079693,0,10,000,00,2,1,19,A01
200700079693,0,07,000,00,2,3,01,B01
200700079694,0,07,000,00,2,2,19,A01
200700079694,0,33,000,00,2,1,01,B01
200700079695,0,07,000,06,0,1,01,A01
200700079696,0,07,000,00,1,7,01,A01
200700079697,0,07,000,00,2,1,01,A01
200700079697,0,07,000,00,2,8,01,B01
200700079697,0,15,000,00,2,8,01,C01
200700079698,0,07,000,00,1,3,01,A01
200700079699,0,07,000,00,0,0,00,A01
200700079699,0,01,000,00,0,7,00,B01
200700079700,0,07,000,00,0,3,02,A01
200700079700,0,07,000,00,0,5,00,B01
200700079700,0,07,000,00,0,1,00,C01
200700079700,0,07,000,00,0,1,00,D01
200700079701,0,07,000,00,0,1,09,A01
200700079701,0,07,000,00,0,7,21,B01
200700079702,0,33,000,00,2,1,01,A01
200700079702,0,07,000,00,2,1,15,B01
200700079703,0,07,000,00,1,3,00,A01
200700079704,0,07,000,00,2,7,02,B01
200700079704,1,07,000,00,0,0,00,A01
200700079705,0,07,000,00,2,1,00,A01
200700079705,0,07,000,00,2,6,15,B01
200700079706,0,33,000,00,1,1,01,A01
200700079707,0,07,000,00,2,1,01,B01
200700079707,0,07,000,11,2,7,01,A01
200700079708,0,07,000,00,1,2,01,A01
200700079709,0,02,000,00,2,1,01,A01
200700079709,0,07,000,00,2,3,01,B01
200700079710,0,07,000,01,1,1,04,A01
200700079710,0,07,000,00,0,4,20,B01
200700079710,0,07,000,00,0,4,00,C01
200700079710,0,07,000,00,0,3,00,D01
200700079711,0,07,000,15,0,7,02,A01
200700079712,0,07,000,01,2,2,02,A01
200700079713,0,07,000,00,1,3,00,A01
200700079714,0,07,000,00,2,3,15,A01
200700079714,0,33,000,00,2,6,01,B01
200700079715,0,07,000,00,2,0,02,A01
200700079716,0,07,000,00,0,5,04,A01
200700079716,0,07,000,00,0,1,01,B01
200700079717,1,07,000,00,9,2,00,A01
200700079717,0,01,000,00,0,4,02,B01
200700079718,0,02,000,08,0,0,00,A01
200700079719,0,07,000,00,2,1,01,A01
200700079719,0,33,000,00,2,7,01,B01
200700079720,0,07,000,00,2,3,11,A01
200700079720,0,07,000,15,1,1,01,B01
200700079721,0,07,000,00,1,1,01,A01
200700079722,0,07,000,00,2,2,15,A01
200700079722,0,31,000,00,2,1,01,B01
200700079723,0,07,000,00,1,2,01,A01
200700079724,0,13,000,00,1,2,00,A01
200700079725,0,33,000,00,1,1,03,A01
200700079725,0,07,000,00,0,6,02,B01
200700079725,0,07,000,00,0,5,02,C01
200700079726,0,07,000,00,2,2,01,B01
200700079726,0,03,000,00,0,8,01,A01
200700079727,0,07,000,00,9,2,15,A01
200700079727,0,02,000,00,2,1,01,B01
200700079728,0,02,000,00,0,8,01,A01
200700079728,1,07,000,00,0,7,12,B01
200700079729,0,07,000,00,1,2,15,A01
200700079730,0,07,000,00,1,2,01,A01
200700079731,0,07,000,00,2,2,02,A01
200700079731,0,07,000,06,2,3,09,B01
200700079732,0,07,000,00,0,6,10,A01
200700079732,0,31,000,00,0,1,01,B01
200700079733,0,07,000,00,2,2,17,A01
200700079733,0,07,000,00,2,3,09,B01
200700079734,0,07,000,03,0,7,18,A01
200700079735,0,07,000,00,1,3,12,A01
200700079736,0,07,000,00,2,2,00,A01
200700079736,0,30,000,00,2,1,00,B01
200700079737,0,07,000,00,1,1,16,A01
200700079738,0,07,000,00,2,7,12,A01
200700079738,0,30,000,12,2,8,02,B01
200700079739,0,07,000,05,0,1,01,A01
200700079740,0,07,000,00,2,1,01,A01
200700079740,0,33,000,00,2,3,13,B01
200700079741,0,07,000,00,2,2,00,A01
200700079741,0,07,000,00,2,0,00,B01
200700079742,0,07,000,00,1,1,01,A01
200700079743,0,37,001,00,1,2,02,A01
200700079744,0,10,000,00,0,3,15,A01
200700079744,0,30,000,00,0,2,17,B01
200700079745,0,07,000,00,1,1,01,A01
200700079746,0,07,000,00,2,3,15,A01
200700079746,0,30,000,00,2,1,01,B01
200700079747,0,31,000,00,2,2,01,B01
200700079747,0,07,000,00,2,3,09,A01
200700079748,0,07,000,00,1,2,15,A01
200700079749,1,07,000,00,1,0,00,A01
200700079750,0,07,000,02,0,1,17,A01
200700079751,0,07,000,00,2,7,15,A01
200700079751,0,30,000,00,2,1,01,B01
200700079752,0,07,000,00,1,1,13,A01
200700079753,0,07,000,00,2,1,02,A01
200700079753,0,07,000,00,2,4,02,B01
200700079753,0,37,000,00,2,4,02,C01
200700079754,0,07,000,00,9,3,24,A01
200700079754,0,01,000,01,0,1,01,B01
200700079755,0,07,000,00,2,1,00,A01
200700079755,0,07,000,00,2,2,01,B01
200700079756,0,07,000,00,0,1,02,A01
200700079756,0,07,000,00,0,4,02,B01
200700079757,0,30,000,00,1,1,11,A01
200700079758,0,07,000,00,1,2,02,A01
200700079759,0,07,000,00,2,7,01,B01
200700079759,0,07,000,00,2,1,01,A01
200700079760,0,07,000,00,2,1,02,A01
200700079760,0,07,000,00,2,5,02,B01
200700079761,0,02,000,00,2,1,02,A01
200700079761,0,10,000,00,0,6,23,B01
200700079762,0,07,000,00,0,3,16,A01
200700079763,0,02,000,14,0,1,02,A01
200700079763,0,10,000,00,0,6,02,B01
200700079764,0,07,000,00,1,1,01,A01
200700079765,0,07,000,00,0,3,09,A01
200700079765,0,07,000,00,0,1,02,B01
200700079766,0,07,000,00,2,8,10,A01
200700079766,0,07,000,00,2,2,02,B01
200700079767,0,07,000,00,1,2,01,A01
200700079768,1,07,000,00,0,0,09,B01
200700079768,0,07,000,00,2,3,21,A01
200700079768,0,13,000,00,0,0,09,C01
200700079769,0,07,000,12,2,1,00,A01
200700079770,2,07,000,12,0,3,00,A01
200700079771,0,07,000,00,1,3,01,A01
200700079772,0,07,000,00,2,1,01,A01
200700079772,0,10,000,00,2,3,01,B01
200700079773,0,02,000,00,2,2,01,A01
200700079773,0,07,000,00,9,3,15,B01
200700079774,0,31,000,00,2,1,02,A01
200700079774,0,07,000,00,0,7,15,B01
200700079775,0,07,000,00,1,2,01,A01
200700079776,0,07,000,00,1,2,00,A01
200700079777,0,07,000,06,0,1,01,A01
200700079778,1,07,000,00,1,0,15,A01
200700079779,0,07,000,00,0,1,02,A01
200700079779,0,07,000,00,0,4,02,B01
200700079780,0,07,000,00,2,1,10,A01
200700079780,0,07,000,09,2,3,01,B01
200700079781,0,07,000,01,0,3,13,A01
200700079782,0,07,000,00,2,3,02,A01
200700079782,0,07,000,00,2,4,02,B01
200700079783,0,07,000,00,2,1,01,A01
200700079783,0,07,000,00,2,6,01,B01
200700079784,0,07,000,00,2,1,01,A01
200700079784,0,07,000,00,2,5,01,B01
200700079785,0,30,000,00,2,1,01,A01
200700079785,0,07,000,00,2,2,01,B01
200700079786,0,33,000,00,1,1,01,A01
200700079787,0,07,000,00,2,4,20,A01
200700079787,0,07,000,00,2,4,23,B01
200700079787,0,07,000,00,2,1,02,C01
200700079788,2,07,000,00,2,1,01,A01
200700079788,0,07,000,00,2,8,16,B01
200700079789,0,07,000,00,2,8,01,A01
200700079789,0,07,000,00,2,1,01,B01
200700079790,0,07,000,00,2,3,06,A01
200700079790,0,33,000,00,2,1,01,B01
200700079791,0,07,000,04,0,3,02,A01
200700079792,0,07,000,00,1,3,02,A01
200700079793,0,07,000,00,1,3,01,A01
200700079794,0,07,000,00,2,6,15,A01
200700079794,0,33,000,00,2,1,17,B01
200700079795,1,07,000,00,0,0,00,A01
200700079795,0,07,000,00,0,2,02,B01
200700079796,0,07,000,00,9,2,15,B01
200700079796,0,33,000,00,2,1,21,A01
200700079797,0,07,000,00,1,3,01,A01
200700079798,0,07,000,00,1,4,04,A01
200700079799,0,07,000,00,2,1,02,A01
200700079799,0,07,000,00,0,4,02,B01
200700079800,1,02,000,00,1,0,00,A01
200700079801,0,07,000,00,2,1,02,B01
200700079801,0,07,000,00,2,3,09,A01
200700079802,0,07,000,00,2,4,02,B01
200700079802,0,07,000,00,2,1,02,A01
200700079803,0,07,000,00,1,2,02,A01
200700079804,0,34,000,00,1,3,02,A01
200700079805,0,32,000,00,1,1,05,C01
200700079805,0,33,000,00,0,1,03,A01
200700079805,0,07,000,00,0,8,02,B01
200700079806,0,33,000,01,0,4,11,B01
200700079806,1,07,000,00,0,0,00,A01
200700079807,0,07,000,09,0,1,00,A01
200700079808,0,07,000,00,9,3,00,A01
200700079808,0,32,000,00,2,1,01,B01
200700079809,0,07,000,00,2,2,09,A01
200700079809,0,07,000,00,0,6,00,B01
200700079810,0,07,000,00,1,1,00,A01
200700079811,0,07,000,00,1,1,02,A01
200700079812,0,37,000,00,1,7,09,A01
200700079813,0,07,000,00,1,1,01,A01
200700079814,0,07,000,00,2,3,02,B01
200700079814,0,07,000,00,2,2,02,A01
200700079815,0,07,000,00,2,6,05,B01
200700079815,0,07,000,00,2,3,01,A01
200700079816,0,07,000,00,2,1,00,A01
200700079816,0,07,000,00,2,7,06,B01
200700079817,0,07,000,00,0,0,00,A01
200700079818,0,37,001,00,0,0,00,B01
200700079818,0,07,000,00,0,0,00,A01
200700079819,0,07,000,00,2,3,00,C01
200700079819,0,34,000,00,0,4,02,B01
200700079819,0,07,000,00,2,1,02,A01
200700079820,0,07,000,00,0,0,00,A01
200700079821,0,33,000,00,0,0,02,A01
200700079822,0,07,000,00,0,8,01,A01
200700079822,0,07,000,00,2,1,01,B01
200700079823,0,02,000,00,1,1,01,A01
200700079824,0,07,000,00,0,1,00,A01
200700079825,0,07,000,00,0,4,23,C01
200700079825,0,07,000,00,2,1,21,B01
200700079825,0,07,000,00,2,1,21,A01
200700079826,0,07,000,00,0,6,02,B01
200700079826,0,07,000,00,0,2,02,A01
200700079827,0,07,000,00,1,7,00,A01
200700079828,0,07,000,00,1,2,01,A01
200700079829,0,07,000,12,0,7,01,B01
200700079829,0,07,000,00,2,1,01,A01
200700079830,0,07,000,00,2,1,02,A01
200700079830,0,07,000,00,0,4,00,B01
200700079831,0,07,000,00,1,1,21,A01
200700079832,0,07,000,00,1,3,01,B01
200700079833,0,07,000,00,2,2,01,A01
200700079833,0,07,000,00,2,3,02,B01
200700079834,0,02,000,00,0,2,02,A01
200700079834,0,01,000,00,0,3,02,B01
200700079835,1,37,000,00,1,7,01,A01
200700079836,0,07,000,00,2,3,00,A01
200700079836,0,01,000,00,0,2,00,B01
200700079837,1,07,000,00,0,0,00,A01
200700079838,0,07,000,05,0,3,00,A01
200700079839,0,30,000,00,1,2,01,A01
200700079840,0,07,000,00,2,1,01,B01
200700079840,0,07,000,00,2,1,01,A01
200700079841,0,07,000,00,2,3,10,A01
200700079841,0,34,000,00,2,1,02,B01
200700079842,0,02,000,00,2,2,21,B01
200700079842,0,07,000,00,0,3,15,A01
200700079843,0,30,000,00,2,1,00,B01
200700079843,0,07,000,00,2,3,00,C01
200700079843,1,07,000,00,0,0,16,A01
200700079844,0,07,000,00,2,1,01,A01
200700079844,0,33,000,00,2,4,01,B01
200700079845,0,07,000,00,2,1,02,A01