Num_Acc,senc,catv,occutc,obs,obsm,choc,manv,num_veh
200700079845,0,07,000,00,2,4,02,B01
200700079846,0,07,000,00,2,2,15,A01
200700079846,0,07,000,00,2,1,01,B01
200700079847,0,10,000,00,2,3,11,A01
200700079847,0,33,000,00,2,1,01,B01
200700079848,0,37,000,00,0,6,23,B01
200700079848,0,02,000,00,0,1,02,A01
200700079849,0,07,000,00,1,2,01,A01
200700079850,0,07,000,00,2,3,05,A01
200700079850,0,14,000,00,2,1,01,B01
200700079850,0,07,000,00,2,3,01,C01
200700079851,0,05,000,12,2,1,01,A01
200700079851,1,07,000,00,2,0,01,B01
200700079852,0,07,000,00,1,3,00,A01
200700079853,0,02,000,00,2,1,02,A01
200700079853,0,07,000,00,9,3,00,B01
200700079854,0,07,000,00,0,8,02,A01
200700079854,0,31,000,00,2,1,01,B01
200700079855,0,07,000,00,2,6,10,A01
200700079855,0,07,000,00,2,1,02,B01
200700079856,0,07,000,00,2,3,02,B01
200700079856,0,07,000,00,2,3,02,A01
200700079857,0,07,000,00,1,2,00,A01
200700079858,0,07,000,12,1,3,21,A01
200700079859,0,07,000,00,2,6,10,A01
200700079859,0,33,000,00,2,1,01,B01
200700079860,0,07,000,00,2,2,02,A01
200700079860,0,07,000,00,2,6,16,B01
200700079861,0,13,000,00,1,3,16,A01
200700079862,0,30,000,00,1,1,01,A01
200700079863,0,31,000,00,2,1,01,A01
200700079863,0,07,000,00,2,3,15,B01
200700079864,0,07,000,00,1,3,00,A01
200700079865,0,07,000,00,1,2,02,A01
200700079866,0,07,000,00,2,2,16,B01
200700079866,0,07,000,00,2,5,15,A01
200700079867,0,07,000,00,1,0,00,A01
200700079868,0,07,000,00,1,2,01,A01
200700079869,0,99,000,00,2,1,00,A01
200700079869,0,07,000,00,2,2,01,B01
200700079870,0,07,000,00,1,0,02,A01
200700079871,0,07,000,00,1,2,01,A01
200700079872,0,15,000,00,2,1,01,A01
200700079872,0,07,000,00,2,4,23,B01
200700079873,0,07,000,00,1,1,01,A01
200700079874,0,32,000,00,2,2,01,B01
200700079874,0,07,000,00,2,5,15,A01
200700079875,0,07,000,00,2,1,00,A01
200700079875,0,07,000,00,2,4,23,B01
200700079875,0,07,000,00,2,4,23,C01
200700079876,2,07,000,00,2,1,01,A01
200700079876,0,37,001,00,2,4,23,B01
200700079876,0,07,000,00,2,4,23,C01
200700079876,0,07,000,00,2,4,23,D01
200700079877,0,07,000,00,2,3,14,A01
200700079877,0,07,000,00,2,8,15,B01
200700079878,0,30,000,06,0,1,00,A01
200700079879,0,07,000,00,2,2,15,A01
200700079879,0,07,000,00,2,1,06,B01
200700079880,0,07,000,02,0,2,02,A01
200700079881,0,02,000,00,0,2,17,A01
200700079882,0,07,000,00,9,1,02,A01
200700079882,0,01,000,00,2,1,02,B01
200700079883,0,07,000,00,1,1,01,A01
200700079884,0,07,002,00,2,3,02,A01
200700079884,0,07,000,00,0,6,09,B01
200700079885,0,07,000,00,2,1,02,A01
200700079885,0,07,000,00,0,6,02,B01
200700079886,0,07,000,00,0,0,00,A01
200700079886,0,31,000,00,0,0,00,B01
200700079887,0,07,000,00,1,3,01,A01
200700079888,0,15,000,04,0,1,02,A01
200700079889,0,33,000,00,2,6,00,A01
200700079890,0,02,000,00,2,1,00,A01
200700079891,0,33,000,00,2,1,00,A01
200700079892,0,07,000,00,1,1,01,A01
200700079893,0,31,000,00,2,1,01,A01
200700079893,0,07,000,00,2,4,01,B01
200700079894,0,07,000,00,2,3,17,A01
200700079894,0,07,000,00,2,1,01,B01
200700079895,0,07,000,00,1,0,00,A01
200700079896,0,07,000,00,0,1,00,A01
200700079896,0,07,000,00,0,4,00,B01
200700079897,0,30,000,00,0,1,00,A01
200700079897,0,07,000,00,0,4,00,B01
200700079898,0,07,000,00,0,0,00,A01
200700079899,0,07,000,00,2,2,00,A01
200700079899,0,07,000,00,2,1,00,B01
200700079900,0,33,000,00,0,9,02,A01
200700079901,0,07,000,00,2,3,09,A01
200700079901,0,30,000,00,2,1,01,B01
200700079902,0,07,000,00,2,3,01,A01
200700079902,0,07,000,00,2,3,01,B01
200700079903,0,07,000,00,2,4,09,A01
200700079903,0,02,000,00,2,1,01,B01
200700079904,0,07,000,00,2,1,01,A01
200700079904,0,07,000,00,2,4,01,B01
200700079905,0,30,000,00,0,8,01,A01
200700079906,0,07,000,00,1,1,01,A01
200700079907,0,07,000,00,1,2,01,A01
200700079908,0,07,000,00,2,3,10,A01
200700079908,0,33,000,00,2,7,02,B01
200700079909,0,33,000,00,2,1,03,A01
200700079909,0,33,000,00,2,1,01,B01
200700079910,0,07,000,00,2,7,00,A01
200700079910,0,30,000,00,2,1,00,B01
200700079911,0,07,000,00,1,3,01,A01
200700079912,0,10,000,00,1,2,01,A01
200700079913,0,10,000,00,1,1,01,A01
200700079914,0,07,000,00,2,1,13,A01
200700079914,0,37,001,00,2,3,01,B01
200700079915,0,30,000,00,2,1,01,A01
200700079915,0,07,000,00,0,3,01,B01
200700079916,0,07,000,01,1,1,01,A01
200700079917,0,33,000,00,1,3,18,A01
200700079918,0,32,000,00,2,1,17,A01
200700079918,0,07,000,00,2,6,01,B01
200700079919,0,33,000,00,0,9,03,A01
200700079919,0,07,000,00,0,0,01,B01
200700079920,0,31,000,00,0,0,16,A01
200700079921,0,07,000,00,2,1,01,B01
200700079921,0,31,000,00,2,1,05,A01
200700079922,0,33,000,00,2,1,01,B01
200700079922,0,07,000,00,2,3,19,A01
200700079923,0,10,000,00,2,4,02,A01
200700079923,0,10,000,00,2,4,23,B01
200700079924,0,07,000,00,1,1,01,A01
200700079925,0,10,000,00,9,1,09,A01
200700079925,0,01,000,00,2,7,00,B01
200700079926,0,07,000,00,2,3,15,A01
200700079926,0,02,000,00,2,7,17,B01
200700079927,0,07,000,00,2,1,02,A01
200700079927,0,07,000,00,2,4,02,B01
200700079927,0,07,000,00,0,0,02,C01
200700079928,0,07,000,00,2,1,15,A01
200700079928,0,07,000,00,2,3,01,B01
200700079929,0,07,000,00,2,7,00,A01
200700079929,0,02,000,00,2,1,00,B01
200700079930,0,07,000,00,2,1,15,A01
200700079930,0,07,000,00,2,1,21,B01
200700079931,0,34,000,00,2,3,18,A01
200700079931,0,07,000,00,2,7,18,B01
200700079932,0,07,000,00,2,4,01,A01
200700079932,0,07,000,00,2,1,01,B01
200700079933,0,34,000,00,2,6,01,B01
200700079933,0,07,000,00,2,1,12,A01
200700079934,0,02,000,00,1,7,21,A01
200700079935,0,07,000,00,2,5,20,A01
200700079935,0,02,000,00,2,1,01,B01
200700079936,0,07,000,00,1,1,01,A01
200700079937,0,07,000,00,1,1,01,A01
200700079938,0,07,000,00,2,8,03,A01
200700079938,0,32,000,00,2,7,21,B01
200700079939,0,07,000,00,2,1,01,A01
200700079939,0,07,000,00,2,4,01,B01
200700079940,0,01,000,00,1,1,01,A01
200700079941,0,30,000,00,2,1,01,A01
200700079941,0,07,000,00,2,4,01,B01
200700079942,0,07,000,00,1,3,01,A01
200700079943,0,07,000,00,0,4,04,A01
200700079944,0,07,000,00,1,1,01,A01
200700079945,0,07,000,00,0,3,12,A01
200700079945,0,07,000,00,0,4,23,B01
200700079946,0,37,001,00,0,1,08,A01
200700079946,0,07,000,00,0,0,00,B01
200700079946,0,07,000,00,0,0,00,C01
200700079947,0,07,000,00,2,4,01,A01
200700079947,0,07,000,00,2,1,17,B01
200700079948,0,07,000,00,1,7,02,A01
200700079949,0,07,000,00,2,7,01,B01
200700079949,0,30,000,00,2,1,01,A01
200700079950,0,07,000,00,1,3,13,A01
200700079951,0,07,000,00,1,1,01,A01
200700079952,0,10,000,00,2,2,15,A01
200700079952,0,07,000,00,2,1,01,B01
200700079953,0,07,000,01,0,9,01,A01
200700079954,0,07,000,00,0,1,02,A01
200700079954,0,07,000,00,2,4,02,B01
200700079954,0,07,000,00,2,4,02,C01
200700079955,0,07,000,00,9,7,02,A01
200700079955,0,32,000,00,2,8,12,B01
200700079956,0,10,000,00,1,3,01,A01
200700079957,0,07,000,00,2,1,16,A01
200700079957,0,13,000,00,0,0,00,B01
200700079958,0,07,000,04,0,9,01,A01
200700079959,0,07,000,00,1,2,01,A01
200700079960,0,07,000,00,2,8,15,B01
200700079960,0,30,000,00,2,1,01,A01
200700079961,0,07,000,00,1,1,15,A01
200700079962,0,33,000,01,2,1,01,A01
200700079962,0,07,000,00,2,3,15,B01
200700079963,0,07,000,00,2,5,12,A01
200700079963,0,30,000,00,2,7,01,B01
200700079964,0,07,000,14,2,2,10,A01
200700079964,0,07,000,00,2,1,01,B01
200700079965,0,07,000,00,1,1,16,A01
200700079966,0,02,000,00,2,1,17,A01
200700079966,0,07,000,00,2,8,15,B01
200700079967,0,07,000,00,1,1,01,A01
200700079968,0,07,000,00,2,3,22,A01
200700079968,0,01,000,01,0,1,21,B01
200700079969,0,07,000,00,2,1,00,A01
200700079969,0,07,000,00,2,8,15,B01
200700079970,0,07,000,01,2,9,01,B01
200700079970,0,07,000,00,2,2,09,A01
200700079971,0,07,000,00,2,1,01,A01
200700079971,0,37,002,00,2,1,16,B01
200700079972,0,33,000,00,2,1,01,B01
200700079972,0,07,000,00,2,3,09,A01
200700079973,0,07,000,00,1,1,15,A01
200700079974,0,07,000,00,2,1,19,A01
200700079974,0,07,000,00,2,8,19,B01
200700079975,0,30,000,00,2,7,01,A01
200700079975,0,32,000,00,2,1,02,B01
200700079976,0,07,000,00,1,6,04,A01
200700079977,0,33,000,00,2,1,17,A01
200700079977,0,07,000,00,2,8,21,B01
200700079978,0,07,000,00,2,5,01,A01
200700079978,0,07,000,00,2,3,01,B01
200700079979,0,03,000,02,0,1,13,A01
200700079980,0,02,000,00,0,0,01,A01
200700079981,0,07,000,00,2,2,00,A01
200700079981,0,02,000,00,2,8,00,B01
200700079982,0,07,000,00,1,3,01,A01
200700079983,0,07,000,00,2,1,01,A01
200700079983,0,33,000,00,2,1,01,B01
200700079984,1,07,000,00,1,1,00,A01
200700079985,0,07,000,00,2,1,17,A01
200700079985,0,07,000,00,2,1,01,B01
200700079986,0,31,000,00,2,9,01,A01
200700079986,0,07,000,00,2,7,12,B01
200700079987,0,07,000,00,1,1,00,A01
200700079988,1,32,000,00,0,0,00,A01
200700079989,0,10,000,00,2,1,16,A01
200700079989,0,07,000,00,2,1,01,B01
200700079990,0,07,000,06,0,1,01,A01
200700079991,0,07,000,00,1,3,01,A01
200700079992,1,07,000,00,1,2,00,A01
200700079993,0,32,000,00,0,0,00,A01
200700079994,0,07,000,00,2,1,13,A01
200700079994,0,07,000,00,2,1,01,B01
200700079995,0,07,000,00,2,8,11,A01
200700079995,0,02,000,00,2,1,01,B01
200700079996,0,07,000,00,1,3,01,A01
200700079997,0,31,000,00,2,2,00,A01
200700079997,0,07,000,00,2,3,00,B01
200700079998,0,07,000,00,2,4,20,A01
200700079998,0,07,000,00,2,2,00,B01
200700079999,0,32,000,00,2,1,00,A01
200700079999,0,07,000,00,2,6,00,B01
200700080000,0,33,000,00,2,3,01,B01
200700080000,0,07,000,00,2,1,01,A01
200700080001,0,07,000,01,0,1,14,A01
200700080002,1,99,000,00,1,0,00,A01
200700080003,0,37,000,00,1,2,00,A01
200700080004,0,07,000,00,1,1,01,A01
200700080005,0,07,000,00,1,1,01,B01
200700080006,0,02,000,00,1,1,01,A01
200700080007,0,07,000,00,2,1,01,A01
200700080007,0,07,000,00,0,4,01,B01
200700080008,0,07,000,00,1,1,01,A01
200700080009,0,33,000,00,1,2,01,A01
200700080010,0,07,000,00,2,1,15,A01
200700080010,0,01,000,00,2,1,19,B01
200700080011,1,07,000,00,1,1,01,A01
200700080012,0,37,016,00,1,2,15,A01
200700080013,0,07,000,00,1,3,15,A01
200700080014,0,07,000,00,1,2,17,A01
200700080015,0,07,000,13,0,9,13,A01
200700080016,0,07,000,00,2,1,15,A01
200700080016,0,07,000,00,2,1,01,B01
200700080017,0,07,000,00,1,7,16,A01
200700080018,0,07,000,00,1,1,01,A01
200700080019,0,07,000,00,2,2,16,A01
200700080019,0,33,000,00,2,7,01,B01
200700080020,0,07,000,00,1,4,04,A01
200700080021,0,07,000,00,1,1,15,A01
200700080022,1,07,000,00,2,1,01,D01
200700080022,0,07,000,00,2,4,02,A01
200700080022,0,07,000,00,2,4,01,B01
200700080022,0,07,000,00,2,4,02,C01
200700080023,0,32,000,00,2,2,15,A01
200700080023,0,07,000,00,2,1,01,B01
200700080024,0,07,000,00,2,3,01,A01
200700080024,0,07,000,00,2,1,01,B01
200700080024,0,07,000,00,2,3,15,C01
200700080025,0,07,000,00,2,1,15,A01
200700080025,0,32,000,00,2,6,01,B01
200700080026,0,07,000,00,2,3,16,A01
200700080026,0,37,001,00,2,2,01,B01
200700080027,0,07,000,00,2,3,09,A01
200700080027,0,32,000,00,2,7,01,B01
200700080028,0,07,000,00,2,2,12,A01
200700080028,0,34,000,00,2,1,01,B01
200700080029,0,07,000,00,2,8,01,A01
200700080029,0,07,000,00,2,1,01,B01
200700080030,0,03,000,00,2,1,17,A01
200700080030,0,07,000,00,2,3,01,B01
200700080031,0,07,000,00,2,2,15,A01
200700080031,0,31,000,00,2,1,01,B01
200700080032,0,07,000,00,1,1,01,A01
200700080033,0,07,000,00,1,3,15,A01
200700080034,0,07,000,00,2,3,01,A01
200700080034,0,33,000,00,2,1,01,B01
200700080035,0,14,000,00,1,2,01,A01
200700080036,0,37,000,00,1,2,01,A01
200700080037,1,07,000,00,0,0,00,A01
200700080038,1,07,000,00,0,0,00,A01
200700080039,0,07,000,00,2,2,01,A01
200700080039,0,32,000,00,2,3,01,B01
200700080040,0,07,000,14,2,1,02,A01
200700080040,0,07,000,00,2,1,02,B01
200700080041,0,07,000,00,2,2,01,A01
200700080041,0,07,000,00,2,3,15,B01
200700080042,0,07,000,00,2,3,15,A01
200700080042,0,30,000,00,2,2,17,B01
200700080043,0,07,000,12,0,3,01,A01
200700080044,0,02,000,00,0,7,23,A01
200700080045,0,01,000,00,0,7,01,A01
200700080046,0,07,000,00,0,0,15,A01
200700080046,0,31,000,12,0,3,02,B01
200700080047,0,07,000,15,0,1,20,A01
200700080048,0,07,000,00,1,2,16,A01
200700080049,0,30,000,11,2,2,01,A01
200700080049,0,07,000,00,2,3,01,B01
200700080050,0,10,000,00,1,3,15,A01
200700080051,0,07,000,00,2,1,01,A01
200700080051,0,07,000,00,2,4,01,B01
200700080052,0,07,000,00,2,7,15,A01
200700080052,0,07,000,00,2,2,01,B01
200700080053,0,31,000,00,2,1,01,A01
200700080053,0,07,000,00,2,4,02,B01
200700080054,0,07,000,00,1,1,01,A01
200700080055,0,07,000,00,1,1,00,A01
200700080056,0,07,000,00,2,1,15,A01
200700080056,0,07,000,00,2,1,02,B01
200700080057,1,07,000,00,1,8,00,A01
200700080058,0,07,000,00,2,1,01,A01
200700080058,0,07,000,00,9,4,01,B01
200700080059,0,07,000,00,9,2,01,B01
200700080059,0,01,000,00,2,1,01,A01
200700080060,0,07,000,00,2,2,01,A01
200700080060,0,01,000,00,2,1,01,B01
200700080061,0,07,000,00,2,2,14,A01
200700080061,0,07,000,00,0,6,01,B01
200700080062,0,07,000,15,0,3,00,A01
200700080063,0,02,000,00,1,1,01,A01
200700080064,0,15,000,00,2,1,01,B01
200700080064,0,07,000,00,2,7,01,A01
200700080065,0,07,000,00,1,1,01,A01
200700080066,0,07,000,00,1,2,01,A01
200700080067,0,03,000,00,2,1,01,A01
200700080067,0,13,000,00,0,4,23,B01
200700080068,0,33,000,00,2,7,18,A01
200700080068,0,10,000,00,0,2,01,B01
200700080069,0,02,000,00,2,1,01,A01
200700080069,0,10,000,00,2,4,01,B01
200700080070,0,10,000,00,1,2,01,A01
200700080071,0,10,000,00,1,1,01,A01
200700080072,0,13,000,00,2,1,16,A01
200700080072,0,38,001,00,2,3,01,B01
200700080073,0,10,000,00,1,5,01,A01
200700080074,0,07,000,00,2,3,15,A01
200700080074,0,30,000,00,2,1,01,B01
200700080075,0,33,000,00,1,1,01,A01
200700080076,0,07,000,00,2,2,09,A01
200700080076,0,02,000,00,2,2,01,B01
200700080077,0,07,000,00,2,1,15,A01
200700080077,0,31,000,00,2,1,01,B01
200700080078,0,33,000,00,2,8,01,B01
200700080078,0,07,000,00,2,3,15,A01
200700080079,0,07,000,00,2,1,15,A01
200700080079,0,07,000,00,2,1,01,C01
200700080079,0,07,000,00,2,1,01,B01
200700080080,0,07,000,00,2,1,01,A01
200700080080,0,30,000,00,2,4,01,B01
200700080081,0,07,000,00,1,1,16,A01
200700080082,0,07,000,00,2,1,01,A01
200700080082,0,10,000,00,2,1,01,B01
200700080083,0,07,000,00,2,1,01,A01
200700080083,0,07,000,00,2,4,01,B01
200700080083,0,07,000,00,2,4,01,C01
200700080084,0,07,000,00,2,1,01,B01
200700080084,0,07,000,00,2,5,01,A01
200700080085,0,07,000,00,1,3,01,A01
200700080086,0,02,000,00,2,1,17,A01
200700080086,0,10,000,00,2,1,15,B01
200700080087,0,07,000,00,1,1,01,A01
200700080088,0,07,000,00,1,2,01,A01
200700080089,0,30,000,00,2,1,01,A01
200700080089,0,07,000,00,2,6,15,B01
200700080090,0,07,000,00,2,1,10,A01
200700080090,0,30,000,00,2,8,17,B01
200700080091,0,33,000,00,2,6,17,A01
200700080091,0,07,000,00,2,1,23,B01
200700080092,0,07,000,00,2,8,15,A01
200700080092,0,31,000,00,2,1,01,B01
200700080093,0,07,000,00,2,5,17,A01
200700080093,0,07,000,00,2,8,15,B01
200700080094,0,07,000,00,2,8,09,A01
200700080094,0,07,000,00,2,1,01,B01
200700080095,0,33,000,01,1,1,01,A01
200700080096,0,07,000,00,2,1,01,A01
200700080096,0,07,000,00,2,4,01,B01
200700080097,0,07,000,00,1,1,01,A01
200700080098,0,07,000,00,2,1,13,A01
200700080098,0,07,000,01,2,1,01,B01
200700080099,0,07,000,00,2,3,09,A01
200700080099,0,31,000,00,2,1,01,B01
200700080100,0,33,000,00,2,3,01,B01
200700080100,0,07,000,00,2,2,15,A01
200700080101,0,07,000,00,2,2,01,B01
200700080101,0,01,000,00,2,1,01,A01
200700080102,0,07,000,04,2,1,00,A01
200700080102,0,15,000,00,2,8,00,B01
200700080103,0,07,000,04,0,1,02,A01
200700080104,0,07,000,00,0,4,11,A01
200700080104,0,33,000,00,2,8,02,B01
200700080105,0,15,000,00,0,4,23,A01
200700080105,0,15,000,00,2,1,02,B01
200700080106,0,07,000,00,0,6,01,A01
200700080106,0,32,000,00,2,1,02,B01
200700080107,0,07,000,00,2,4,02,B01
200700080107,0,14,000,00,2,1,02,A01
200700080107,0,07,000,00,2,4,02,C01
200700080107,0,07,000,00,2,4,02,D01
200700080108,0,07,000,00,0,8,11,A01
200700080108,0,32,000,00,2,7,03,B01
200700080109,0,10,000,00,2,4,02,B01
200700080109,0,13,000,00,2,1,02,C01
200700080109,0,10,000,00,0,4,02,A01
200700080110,0,07,000,00,0,5,01,A01
200700080110,0,34,000,00,2,1,03,B01
200700080111,0,33,000,00,2,3,03,A01
200700080111,0,07,000,00,2,2,01,B01
200700080111,0,07,000,00,2,6,01,C01
200700080112,0,07,000,03,0,1,00,A01
200700080113,0,07,000,00,0,9,00,A01
200700080114,0,33,000,00,0,0,03,A01
200700080114,0,07,000,00,2,1,02,B01
200700080114,0,07,000,00,2,4,02,C01
200700080115,0,33,000,00,0,3,01,A01
200700080115,0,10,000,00,0,2,12,B01
200700080116,0,34,000,00,2,1,03,A01
200700080116,0,10,000,00,0,5,01,B01
200700080116,0,07,000,00,0,4,01,C01
200700080117,0,07,000,00,2,4,02,A01
200700080117,0,07,000,00,2,1,02,B01
200700080118,0,10,000,15,0,0,00,A01
200700080119,0,33,000,00,2,4,01,A01
200700080119,0,07,000,00,2,4,19,B01
200700080120,0,33,000,00,2,1,02,A01
200700080120,0,07,000,00,2,4,02,B01
200700080121,0,34,000,00,2,1,02,A01
200700080121,0,07,000,00,2,5,02,B01
200700080121,0,07,000,00,2,6,01,C01
200700080122,0,07,000,00,2,6,01,A01
200700080122,0,15,000,00,2,2,12,B01
200700080123,0,07,000,03,0,3,01,A01
200700080124,0,33,000,00,2,7,03,A01
200700080124,0,07,000,00,2,8,11,B01
200700080125,0,07,000,00,2,2,01,A01
200700080125,0,33,000,00,2,3,03,B01
200700080126,0,07,000,00,2,6,11,A01
200700080126,0,33,000,00,2,1,03,B01
200700080127,0,34,000,00,0,8,03,A01
200700080128,0,33,000,00,2,8,01,A01
200700080129,0,07,000,04,0,2,01,A01
200700080130,0,10,000,00,2,4,24,A01
200700080130,0,07,000,01,0,1,17,B01
200700080131,0,33,000,00,0,0,21,A01
200700080132,0,07,000,04,2,1,09,A01
200700080132,0,07,000,00,2,2,01,B01
200700080133,0,07,000,03,0,3,02,A01
200700080134,0,07,000,00,2,4,11,A01
200700080134,0,33,000,00,2,7,03,B01
200700080135,0,07,000,00,2,5,09,A01
200700080135,0,07,000,00,2,1,00,B01
200700080136,0,07,000,03,0,1,01,A01
200700080137,0,07,000,00,0,4,01,A01
200700080137,0,10,000,00,2,1,01,B01
200700080138,0,07,000,04,2,0,00,A01
200700080138,0,17,000,00,2,2,12,B01
200700080138,0,07,000,00,2,1,01,C01
200700080138,0,07,000,00,1,1,01,D01
200700080139,0,07,000,00,2,4,02,A01
200700080139,0,07,000,00,2,4,02,B01
200700080139,0,07,000,00,2,1,02,C01
200700080140,0,07,000,00,0,4,01,A01
200700080140,0,07,000,00,2,4,01,B01
200700080140,0,07,000,00,2,1,02,C01
200700080141,0,07,000,00,2,6,01,A01
200700080141,0,07,000,00,2,2,14,B01
200700080142,0,07,000,00,0,7,01,A01
200700080142,0,17,000,00,0,0,00,B01
200700080142,0,10,000,00,2,1,02,C01
200700080143,0,07,000,00,2,2,02,A01
200700080143,0,07,000,00,2,6,11,B01
200700080143,0,07,000,00,2,4,02,C01
200700080143,0,07,000,00,2,8,01,D01
200700080144,0,07,000,00,0,4,01,A01
200700080144,0,07,000,00,2,1,02,B01
200700080144,0,07,000,00,2,1,02,C01
200700080145,0,07,000,04,0,1,02,A01
200700080146,0,07,000,03,0,3,02,A01
200700080147,0,33,000,00,2,8,01,A01
200700080147,0,07,000,00,2,1,01,B01
200700080148,0,07,000,00,2,4,02,A01
200700080148,0,07,000,00,2,4,02,B01
200700080148,0,07,000,00,2,1,02,C01
200700080149,0,07,000,00,2,1,01,A01
200700080149,0,07,000,00,2,1,05,B01
200700080149,0,07,000,00,2,1,01,C01
200700080150,0,07,000,06,0,1,00,A01
200700080151,0,07,000,04,0,2,01,A01
200700080152,0,07,000,03,0,1,12,A01
200700080153,0,20,000,00,2,3,01,A01
200700080153,0,07,000,04,2,1,02,B01
200700080154,0,07,000,00,0,3,01,B01
200700080154,0,07,000,00,0,2,01,A01
200700080155,0,07,000,00,2,4,02,B01
200700080155,0,07,000,00,2,1,02,A01
200700080156,0,07,000,00,0,9,02,A01
200700080157,0,07,000,04,0,2,15,A01
200700080158,0,07,000,04,0,1,00,A01
200700080159,0,10,000,13,0,9,00,A01
200700080160,0,07,000,00,0,2,02,A01
200700080161,0,14,000,04,2,2,21,B01
200700080161,0,07,000,00,9,7,01,A01
200700080162,0,10,000,00,2,1,02,D01
200700080162,0,07,000,00,2,4,02,C01
200700080162,0,10,000,00,2,2,21,B01
200700080162,0,07,000,00,2,4,02,A01
200700080163,0,34,000,00,2,9,03,C01
200700080163,0,14,000,00,2,4,01,B01
200700080163,0,07,000,00,2,4,01,A01
200700080164,0,07,000,00,2,4,02,E01
200700080164,0,07,000,00,2,4,02,D01
200700080164,0,07,000,00,2,4,02,C01
200700080164,0,07,000,00,2,4,02,B01
200700080164,0,07,000,00,0,1,02,A01
200700080165,0,07,000,00,2,4,02,B01
200700080165,0,14,000,00,2,1,12,A01
200700080166,0,07,000,00,2,3,11,B01
200700080166,0,32,000,00,2,2,01,A01
200700080167,0,10,000,00,2,1,01,E01
200700080167,0,07,000,00,2,1,01,D01
200700080167,0,07,000,00,2,3,01,C01
200700080167,0,14,000,00,2,2,01,B01
200700080167,0,07,000,04,2,8,00,A01
200700080168,0,15,000,00,2,2,02,B01
200700080168,0,07,000,00,0,4,00,A01
200700080169,0,33,000,00,2,1,02,B01
200700080169,0,33,000,00,0,4,01,A01
200700080170,0,07,000,00,2,8,11,A01
200700080170,0,15,000,00,0,2,01,B01
200700080171,0,07,000,00,0,2,01,C01
200700080171,0,07,000,00,2,2,01,B01
200700080171,0,07,000,00,2,3,01,A01
200700080172,0,15,000,00,2,3,00,B01
200700080172,0,07,000,00,2,1,02,A01
200700080173,0,10,000,00,2,7,01,B01
200700080173,0,07,000,04,2,3,01,A01
200700080174,1,17,000,00,2,0,14,A01
200700080174,0,07,000,00,2,1,01,B01
200700080174,0,07,000,00,2,6,01,C01
200700080175,0,07,000,00,2,8,01,C01
200700080175,0,15,000,00,2,7,01,B01
200700080175,0,07,000,00,2,6,01,A01
200700080176,0,33,000,00,2,1,03,B01
200700080176,0,07,000,00,2,4,00,A01
200700080177,0,07,000,00,0,5,02,C01
200700080177,0,31,000,00,2,1,03,B01
200700080177,0,33,000,00,2,6,03,A01
200700080178,1,99,000,00,0,0,00,A01
200700080178,0,07,000,00,2,8,02,B01
200700080179,0,07,000,00,2,5,00,B01
200700080179,0,15,000,00,2,2,12,A01
200700080180,0,15,000,00,2,2,01,C01
200700080180,0,07,000,00,2,6,11,B01
200700080180,0,15,000,00,2,2,12,A01
200700080181,0,10,000,00,2,1,02,C01
200700080181,0,07,000,00,2,4,02,B01
200700080181,0,10,000,00,0,4,02,A01
200700080182,0,07,000,00,0,4,00,C01
200700080182,0,07,000,00,0,6,00,B01
200700080182,0,10,000,00,2,2,09,A01
200700080183,0,07,000,00,0,0,00,A01
200700080184,0,07,000,00,0,6,00,B01
200700080184,0,07,000,00,2,2,14,A01
200700080185,0,07,000,00,0,0,00,C01
200700080185,0,07,000,00,0,0,00,B01
200700080185,0,07,000,00,0,0,00,A01
200700080186,0,07,000,04,0,0,00,A01
200700080187,0,07,000,00,0,0,00,C01
200700080187,0,07,000,00,0,0,00,B01
200700080187,0,07,000,00,0,0,00,A01
200700080188,0,07,000,04,0,1,00,A01
200700080189,0,07,000,04,0,8,02,A01
200700080190,0,10,000,00,2,1,00,C01
200700080190,0,10,000,00,2,3,00,B01
200700080190,0,10,000,00,2,1,00,A01
200700080191,0,07,000,00,0,6,02,B01
200700080191,0,07,000,00,2,1,00,A01
200700080192,0,07,000,04,0,1,02,A01
200700080193,0,07,000,00,0,0,00,A01
200700080193,0,10,000,00,0,0,00,B01
200700080194,0,07,000,00,2,7,02,B01
200700080194,0,07,000,04,2,4,02,A01
200700080195,0,07,000,00,0,0,00,A01
200700080196,0,07,000,00,2,0,02,A01
200700080197,0,07,000,00,0,0,00,A01
200700080198,0,07,000,00,2,8,11,B01
200700080198,0,14,000,00,2,2,01,A01
200700080199,0,99,000,00,0,5,02,B01
200700080199,0,31,000,00,2,3,02,A01
200700080200,0,07,000,00,0,0,00,A01
200700080201,0,31,000,00,0,0,00,A01
200700080202,0,07,000,04,0,1,12,A01
200700080203,0,07,000,00,0,0,00,A01
200700080204,0,07,000,00,0,0,00,A01
200700080205,0,17,000,15,0,1,01,A01
200700080206,0,07,000,00,0,0,00,A01
200700080206,0,13,000,00,0,0,00,B01
200700080207,0,30,000,00,0,4,02,B01
200700080207,0,07,000,00,0,3,02,A01
200700080208,0,07,000,04,0,8,00,A01
200700080209,0,07,000,00,0,0,00,A01
200700080210,0,07,000,03,0,8,00,A01
200700080211,0,07,000,00,0,0,00,A01
200700080211,0,07,000,00,0,0,00,B01
200700080212,0,07,000,00,0,0,00,B01
200700080212,0,07,000,00,0,0,00,A01