Num_Acc,senc,catv,occutc,obs,obsm,choc,manv,num_veh
200700080213,1,99,000,00,0,0,00,A01
200700080213,0,32,000,00,2,7,01,B01
200700080214,0,10,000,00,0,4,24,B01
200700080214,0,17,000,01,0,2,02,A01
200700080215,0,07,000,00,2,4,01,C01
200700080215,0,07,000,00,2,4,02,B01
200700080215,0,07,000,00,2,1,02,A01
200700080216,0,07,000,00,0,0,00,A01
200700080217,0,07,000,00,0,0,00,A01
200700080218,0,07,000,00,0,0,00,A01
200700080219,0,10,000,00,0,0,00,A01
200700080219,0,07,000,00,0,0,00,B01
200700080220,0,07,000,00,0,0,00,A01
200700080221,0,07,000,00,0,0,00,A01
200700080221,0,07,000,00,0,0,00,B01
200700080222,0,31,000,00,2,1,01,A01
200700080222,0,07,000,00,2,4,11,B01
200700080223,0,33,000,00,0,1,01,A01
200700080224,0,32,000,00,2,6,01,A01
200700080224,1,14,000,00,2,2,17,B01
200700080225,0,07,000,00,2,3,01,A01
200700080225,0,17,000,00,2,1,01,B01
200700080225,0,07,000,00,2,5,12,C01
200700080225,0,07,000,04,2,3,02,D01
200700080225,0,07,000,00,2,6,01,E01
200700080226,0,33,000,00,0,8,02,A01
200700080227,0,32,000,03,2,5,02,B01
200700080227,1,07,000,00,2,1,02,A01
200700080228,0,32,000,00,0,8,00,A01
200700080229,0,10,000,00,2,1,02,A01
200700080229,0,07,000,00,0,4,02,B01
200700080230,0,07,000,00,2,8,11,A01
200700080230,0,33,000,00,2,7,02,B01
200700080231,0,07,000,04,0,1,18,A01
200700080232,0,07,000,04,2,2,02,A01
200700080232,0,07,000,00,2,6,02,B01
200700080233,0,07,000,04,0,1,00,A01
200700080234,0,07,000,00,0,0,14,A01
200700080234,0,07,000,03,0,5,21,B01
200700080235,0,33,000,00,0,8,02,A01
200700080236,0,07,000,00,2,7,12,A01
200700080236,0,33,000,00,2,3,02,B01
200700080237,0,07,000,00,2,1,02,A01
200700080237,0,07,000,00,2,4,02,B01
200700080237,0,10,000,00,2,4,02,C01
200700080237,0,07,000,00,2,4,02,D01
200700080238,0,07,000,03,2,3,21,A01
200700080238,0,07,000,00,0,2,01,B01
200700080239,0,17,000,13,0,7,02,A01
200700080240,0,10,000,00,0,0,00,A01
200700080241,0,07,000,00,0,5,02,A01
200700080241,0,07,000,00,2,1,01,B01
200700080241,0,07,000,00,2,1,02,C01
200700080242,0,07,000,04,2,3,17,A01
200700080242,0,15,000,00,2,8,02,B01
200700080243,0,31,000,00,2,0,02,A01
200700080244,0,07,000,04,0,2,12,A01
200700080245,0,07,000,11,2,1,01,C01
200700080245,0,07,000,04,0,5,01,B01
200700080245,0,10,000,06,2,6,18,A01
200700080246,0,07,000,00,2,7,01,B01
200700080246,0,33,000,00,2,8,03,A01
200700080247,0,07,000,03,0,6,00,A01
200700080248,0,07,000,04,0,1,02,A01
200700080249,0,07,000,00,2,2,02,C01
200700080249,0,07,000,00,2,2,02,B01
200700080249,0,07,000,00,2,3,05,A01
200700080250,0,33,000,00,0,0,00,A01
200700080251,0,07,000,04,0,2,01,A01
200700080252,0,15,000,00,2,1,02,B01
200700080252,0,07,000,00,0,4,01,A01
200700080253,0,07,000,00,2,1,02,C01
200700080253,0,07,000,00,2,1,02,B01
200700080253,0,07,000,00,2,4,01,A01
200700080254,0,33,000,00,2,1,21,B01
200700080254,0,14,000,00,0,3,01,A01
200700080255,0,07,000,00,0,1,00,C01
200700080255,0,07,000,00,0,7,00,B01
200700080255,0,14,000,00,2,3,00,A01
200700080256,0,33,000,00,2,2,03,B01
200700080256,0,10,000,00,2,8,11,A01
200700080257,0,33,000,00,2,1,03,C01
200700080257,0,07,000,00,2,6,01,B01
200700080257,0,07,000,00,2,5,01,A01
200700080258,0,07,000,00,0,4,01,A01
200700080258,0,10,000,00,0,6,00,E01
200700080258,0,07,000,00,1,1,01,F01
200700080258,0,07,000,03,1,1,21,D01
200700080258,0,07,000,00,2,5,01,C01
200700080258,0,07,000,00,2,1,21,B01
200700080259,0,07,000,00,0,5,02,B01
200700080259,0,07,000,00,2,3,02,A01
200700080260,0,07,000,00,2,6,02,B01
200700080260,0,33,000,00,2,1,03,A01
200700080261,0,13,000,04,0,1,01,A01
200700080262,0,14,000,00,2,8,01,A01
200700080262,0,07,000,00,2,5,09,B01
200700080263,0,07,000,04,0,2,02,A01
200700080264,0,07,000,01,2,1,15,B01
200700080264,0,07,000,00,1,3,01,A01
200700080265,0,07,000,04,0,1,01,A01
200700080266,0,07,000,04,0,1,00,A01
200700080267,0,07,000,00,0,1,00,A01
200700080268,0,07,000,13,0,9,14,A01
200700080269,0,33,000,00,2,1,03,B01
200700080269,0,07,000,00,2,4,11,A01
200700080270,0,07,000,00,2,6,01,B01
200700080270,0,33,000,00,2,7,00,A01
200700080271,0,07,000,00,2,1,21,D01
200700080271,0,07,000,00,2,1,21,E01
200700080271,0,07,000,00,0,4,21,C01
200700080271,0,07,000,00,0,6,02,B01
200700080271,0,10,000,00,2,2,14,A01
200700080271,0,14,000,00,0,3,21,F01
200700080272,0,33,000,00,2,2,03,B01
200700080272,0,07,000,00,0,6,11,A01
200700080273,0,07,000,00,0,4,23,C01
200700080273,0,07,000,00,2,0,01,A01
200700080273,0,07,000,00,2,4,23,B01
200700080274,0,07,000,00,0,1,21,C01
200700080274,0,15,000,00,0,0,14,B01
200700080274,0,07,000,00,0,0,00,A01
200700080275,0,07,000,00,2,1,02,B01
200700080275,0,07,000,00,2,4,01,A01
200700080276,0,33,000,00,0,8,00,A01
200700080277,0,10,000,00,0,0,02,A01
200700080278,0,07,000,04,0,2,01,A01
200700080279,0,07,000,01,0,1,02,C01
200700080279,0,07,000,00,2,4,02,B01
200700080279,0,07,000,06,0,2,02,A01
200700080280,0,14,000,00,2,2,11,B01
200700080280,0,07,000,00,2,6,11,A01
200700080281,0,07,000,00,0,4,23,A01
200700080281,0,33,000,00,2,8,21,E01
200700080281,0,07,000,00,2,1,21,D01
200700080281,0,07,000,01,0,1,21,C01
200700080281,0,07,000,00,2,6,23,B01
200700080282,0,33,000,00,0,7,01,A01
200700080283,0,33,000,00,2,1,03,A01
200700080283,0,07,000,00,2,6,11,B01
200700080284,0,07,000,04,0,2,01,A01
200700080285,0,07,000,00,2,1,00,B01
200700080285,0,07,000,00,0,4,00,A01
200700080286,0,07,000,00,2,1,02,B01
200700080286,0,07,000,00,0,4,02,A01
200700080287,0,07,000,00,0,9,00,A01
200700080288,0,07,000,00,0,4,01,B01
200700080288,0,07,000,00,2,1,01,A01
200700080289,0,15,000,00,2,2,01,B01
200700080289,0,07,000,00,2,3,09,A01
200700080290,0,07,000,00,2,4,00,C01
200700080290,0,99,000,00,2,1,00,B01
200700080290,0,17,000,00,2,0,00,A01
200700080291,0,07,000,00,0,4,01,A01
200700080291,0,07,000,00,2,1,00,B01
200700080292,0,07,000,00,2,5,01,B01
200700080292,0,15,000,00,2,3,11,A01
200700080293,0,07,000,00,2,1,02,B01
200700080293,0,07,000,00,2,4,00,A01
200700080294,0,33,000,00,2,3,03,C01
200700080294,0,07,000,00,2,3,01,B01
200700080294,0,07,000,00,2,5,12,A01
200700080295,0,07,000,00,2,1,02,C01
200700080295,0,07,000,00,2,4,02,B01
200700080295,0,07,000,00,2,4,02,A01
200700080296,0,07,000,00,2,3,00,A01
200700080296,0,33,000,00,2,7,01,B01
200700080297,0,07,000,00,2,1,02,C01
200700080297,0,07,000,00,2,4,02,B01
200700080297,0,07,000,00,0,6,02,A01
200700080298,0,10,000,04,0,3,02,A01
200700080299,0,07,000,00,2,2,02,B01
200700080299,0,07,000,00,2,6,02,A01
200700080300,0,07,000,04,0,3,00,A01
200700080301,0,07,000,00,2,1,02,A01
200700080301,0,07,000,00,2,4,02,C01
200700080301,0,07,000,00,2,4,02,B01
200700080302,0,07,000,00,2,1,02,C01
200700080302,0,07,000,00,0,4,01,A01
200700080302,0,07,000,00,2,4,00,B01
200700080303,0,17,000,04,0,6,13,A01
200700080304,0,07,000,00,2,2,12,B01
200700080304,0,33,000,00,2,3,03,A01
200700080305,0,07,000,00,2,1,02,B01
200700080305,0,07,000,00,0,4,02,A01
200700080306,0,07,000,00,2,1,02,B01
200700080306,0,07,000,00,2,5,02,A01
200700080307,0,15,000,00,2,1,02,B01
200700080307,0,07,000,00,0,4,02,A01
200700080308,0,33,000,00,2,2,03,B01
200700080308,0,07,000,00,2,6,11,A01
200700080309,0,07,000,04,0,3,00,A01
200700080310,0,07,000,00,2,1,01,A01
200700080310,0,07,000,00,0,4,00,B01
200700080311,0,33,000,00,2,1,02,B01
200700080311,0,07,000,00,2,4,02,A01
200700080312,0,07,000,00,2,0,00,A01
200700080312,0,07,000,00,2,1,00,C01
200700080312,0,07,000,00,2,7,00,B01
200700080313,0,07,000,00,2,1,00,B01
200700080313,0,07,000,00,0,0,00,A01
200700080313,0,07,000,00,0,4,00,C01
200700080314,0,07,000,04,0,1,11,A01
200700080315,0,07,000,00,2,1,14,B01
200700080315,0,07,000,00,2,3,01,A01
200700080316,0,07,000,00,2,8,10,A01
200700080316,0,34,000,00,2,1,01,B01
200700080317,0,32,000,00,2,1,13,A01
200700080317,0,07,000,00,2,1,01,B01
200700080318,0,34,000,00,1,1,01,A01
200700080319,0,07,000,00,2,1,01,A01
200700080319,0,07,000,00,2,4,00,B01
200700080320,0,07,000,00,2,1,01,A01
200700080320,0,07,000,00,2,4,01,B01
200700080321,0,07,000,00,2,8,11,A01
200700080321,0,02,000,00,2,1,17,B01
200700080322,0,07,000,00,2,1,01,A01
200700080322,0,07,000,00,2,4,01,B01
200700080322,0,07,000,00,2,4,01,C01
200700080323,0,07,000,00,1,1,01,A01
200700080324,0,07,000,01,0,1,01,A01
200700080324,0,07,000,01,2,4,20,B01
200700080325,0,07,000,00,2,1,01,A01
200700080325,0,07,000,00,2,2,01,B01
200700080326,0,07,000,06,0,1,01,A01
200700080327,0,07,000,16,0,9,01,A01
200700080328,0,07,000,00,2,1,01,A01
200700080328,0,07,000,00,2,4,01,B01
200700080328,0,07,000,00,2,0,00,C01
200700080329,0,07,000,00,2,6,20,C01
200700080329,0,07,000,00,0,7,20,F01
200700080329,0,07,000,01,0,9,14,A01
200700080329,0,07,000,00,0,4,20,B01
200700080329,0,10,000,00,0,1,20,D01
200700080329,0,07,000,00,0,4,20,E01
200700080330,0,34,000,00,2,0,17,A01
200700080330,0,07,000,00,2,5,15,B01
200700080331,0,02,000,00,2,1,01,A01
200700080331,0,07,000,00,0,4,23,B01
200700080332,0,07,000,00,1,7,01,A01
200700080333,0,07,000,00,1,2,01,A01
200700080334,0,10,000,04,2,0,00,A01
200700080334,0,07,000,00,2,0,00,B01
200700080335,0,07,000,00,0,0,00,A01
200700080336,0,07,000,04,0,1,01,A01
200700080337,0,07,000,00,2,0,00,A01
200700080337,0,07,000,00,2,0,00,B01
200700080338,0,07,000,00,2,0,00,A01
200700080338,0,07,000,00,0,0,00,B01
200700080339,0,10,000,02,0,0,00,A01
200700080340,0,33,000,00,0,0,01,A01
200700080341,0,07,000,00,2,1,02,A01
200700080341,0,07,000,00,2,4,02,B01
200700080342,0,07,000,00,0,0,00,A01
200700080343,0,07,000,08,0,0,00,A01
200700080343,0,07,000,00,0,0,00,B01
200700080343,0,07,000,00,0,0,00,C01
200700080344,0,07,000,00,0,0,00,A01
200700080344,0,07,000,00,0,0,00,B01
200700080344,0,07,000,00,0,0,00,C01
200700080344,0,07,000,00,0,0,00,D01
200700080345,0,10,000,00,0,0,00,A01
200700080346,0,07,000,00,0,1,00,A01
200700080346,0,33,000,00,0,4,00,B01
200700080347,0,07,000,00,0,0,00,A01
200700080348,0,07,000,00,0,0,00,A01
200700080349,0,07,000,04,0,0,00,A01
200700080350,0,07,000,00,0,0,00,A01
200700080350,0,10,000,00,0,0,00,B01
200700080351,0,07,000,00,0,0,00,A01
200700080352,0,07,000,04,0,0,00,A01
200700080353,0,07,000,00,0,0,00,A01
200700080354,0,10,000,00,0,0,00,A01
200700080354,0,10,000,00,0,0,00,B01
200700080355,0,07,000,00,0,0,00,A01
200700080355,0,17,000,00,0,0,00,B01
200700080355,0,17,000,00,0,0,00,C01
200700080356,0,17,000,00,0,0,00,A01
200700080356,0,07,000,00,0,0,00,B01
200700080356,0,17,000,00,0,0,00,C01
200700080357,0,17,000,00,0,0,00,A01
200700080357,0,07,000,00,0,0,00,B01
200700080357,0,10,000,00,0,0,00,C01
200700080358,0,07,000,00,0,0,00,A01
200700080358,0,07,000,00,0,0,00,B01
200700080358,0,07,000,00,0,0,00,C01
200700080359,0,07,000,00,0,0,00,A01
200700080359,0,10,000,00,0,4,00,B01
200700080360,0,07,000,00,0,0,00,A01
200700080360,0,17,000,00,0,0,00,B01
200700080361,0,07,000,04,0,0,00,A01
200700080362,0,07,000,05,0,0,00,A01
200700080363,0,07,000,00,0,0,00,A01
200700080363,0,17,000,00,0,0,00,B01
200700080364,0,07,000,00,0,0,00,A01
200700080364,0,07,000,00,0,0,00,B01
200700080364,0,07,000,00,0,0,00,C01
200700080365,0,07,000,04,0,0,00,A01
200700080366,0,07,000,00,0,0,00,A01
200700080367,0,07,000,00,0,0,00,A01
200700080367,0,07,000,00,0,0,00,B01
200700080368,0,07,000,00,0,0,00,A01
200700080368,0,07,000,00,0,0,00,B01
200700080369,0,17,000,00,2,1,00,A01
200700080369,0,10,000,00,2,4,00,B01
200700080370,0,07,000,00,0,0,00,A01
200700080370,0,07,000,00,0,0,00,B01
200700080370,0,07,000,00,0,0,00,C01
200700080370,0,07,000,00,0,0,00,D01
200700080370,0,07,000,00,0,0,00,E01
200700080371,0,10,000,00,0,0,00,A01
200700080372,0,07,000,00,0,0,00,A01
200700080372,0,07,000,00,0,0,00,B01
200700080372,0,07,000,00,0,0,00,C01
200700080372,0,07,000,00,0,0,00,D01
200700080373,0,07,000,00,0,0,00,A01
200700080374,0,07,000,00,0,0,00,A01
200700080375,0,07,000,00,1,0,00,A01
200700080376,0,07,000,00,0,0,00,A01
200700080376,0,07,000,00,0,0,00,B01
200700080376,0,07,000,00,0,0,00,C01
200700080377,0,07,000,04,0,0,00,A01
200700080378,0,14,000,00,0,0,00,A01
200700080378,0,17,000,00,0,0,00,B01
200700080378,0,17,000,00,0,0,00,C01
200700080379,1,07,000,00,0,0,00,A01
200700080379,0,07,000,00,2,1,00,B01
200700080380,0,07,000,00,0,0,00,A01
200700080381,0,07,000,04,0,0,00,A01
200700080382,0,07,000,04,2,0,00,A01
200700080382,0,07,000,00,0,0,00,B01
200700080383,0,07,000,13,0,0,00,A01
200700080384,0,07,000,04,0,0,00,A01
200700080385,0,07,000,04,0,0,00,A01
200700080386,0,07,000,03,0,0,00,A01
200700080387,0,07,000,03,0,0,00,A01
200700080388,0,07,000,04,0,0,00,A01
200700080389,0,07,000,00,0,0,00,A01
200700080390,0,33,000,00,0,0,00,A01
200700080391,0,07,000,11,0,0,00,A01
200700080392,0,07,000,03,0,0,00,A01
200700080393,0,17,000,00,1,1,00,A01
200700080394,0,07,000,04,0,0,00,A01
200700080395,0,07,000,03,0,0,00,A01
200700080396,0,37,000,00,1,1,01,A01
200700080397,0,07,000,00,0,0,15,A01
200700080397,0,30,000,01,0,3,01,B01
200700080397,0,07,000,00,2,6,24,C01
200700080398,0,07,000,00,1,2,01,A01
200700080399,0,07,000,00,2,3,15,A01
200700080399,0,33,000,00,2,1,01,B01
200700080400,0,30,000,00,2,7,01,A01
200700080400,0,07,000,00,2,6,15,B01
200700080401,0,07,000,04,2,8,01,A01
200700080401,0,07,000,00,2,1,01,B01
200700080402,0,07,000,00,1,4,20,A01
200700080403,0,07,000,00,2,6,01,A01
200700080403,0,07,000,00,2,2,00,B01
200700080404,0,02,000,00,2,1,01,A01
200700080404,0,07,000,00,2,1,01,C01
200700080404,0,07,000,00,2,3,01,B01
200700080405,0,10,000,00,1,2,02,A01
200700080406,0,01,000,00,1,2,01,A01
200700080407,0,07,000,00,0,3,01,B01
200700080407,2,07,000,00,2,1,19,A01
200700080408,0,07,000,00,1,1,00,A01
200700080409,0,07,000,00,1,1,00,A01
200700080410,0,07,000,00,0,7,19,B01
200700080410,0,32,000,00,2,1,19,A01
200700080411,0,07,000,04,0,3,02,A01
200700080412,0,05,000,00,0,8,02,A01
200700080413,0,14,000,00,2,1,02,A01
200700080413,0,14,000,00,2,4,02,B01
200700080414,0,07,000,04,0,3,02,A01
200700080415,0,07,000,04,0,2,02,A01
200700080416,0,07,000,00,0,3,13,A01
200700080416,0,07,000,00,2,1,02,B01
200700080417,0,07,000,04,2,1,02,A01
200700080417,0,17,000,00,0,2,02,B01
200700080418,0,15,000,00,2,2,12,A01
200700080418,0,07,000,00,2,6,02,B01
200700080419,0,05,000,03,0,1,02,A01
200700080420,0,07,000,00,2,8,11,A01
200700080420,0,07,000,00,0,1,02,B01
200700080421,0,07,000,00,2,3,23,A01
200700080421,0,07,000,00,2,1,02,B01
200700080422,0,07,000,04,0,1,02,A01
200700080423,0,07,000,04,0,1,02,A01
200700080424,0,07,000,04,0,2,02,A01
200700080425,0,07,000,00,2,1,02,A01
200700080425,0,07,000,00,2,5,02,B01
200700080426,0,07,000,00,2,2,02,A01
200700080426,0,07,000,00,2,2,02,B01
200700080427,0,10,000,00,2,1,02,A01
200700080427,0,07,000,00,2,4,02,B01
200700080427,0,07,000,00,0,4,02,C01
200700080428,0,07,000,00,2,1,02,A01
200700080428,0,07,000,00,2,4,02,B01
200700080429,0,07,000,04,0,1,02,A01
200700080430,0,33,000,00,0,8,02,A01
200700080431,0,07,000,04,0,2,02,A01
200700080432,0,07,000,00,2,1,02,A01
200700080432,0,07,000,00,0,4,02,B01
200700080433,0,07,000,03,0,1,02,A01
200700080434,0,07,000,00,2,2,02,A01
200700080434,0,07,000,01,2,6,02,B01
200700080434,0,10,000,00,2,4,23,C01
200700080435,0,07,000,04,2,2,02,A01
200700080435,0,07,000,00,2,8,02,B01
200700080436,0,07,000,04,0,1,02,A01
200700080437,0,07,000,04,0,5,02,A01
200700080438,0,33,000,04,0,8,02,A01
200700080439,0,07,000,01,0,3,20,A01
200700080439,0,37,040,00,2,1,01,B01
200700080440,0,07,000,00,1,0,11,A01
200700080441,0,07,000,04,0,3,13,A01
200700080442,0,17,000,00,2,0,01,B01
200700080442,0,15,000,00,0,0,23,A01
200700080443,0,07,000,05,0,1,14,A01
200700080444,0,07,000,03,0,1,13,A01
200700080445,0,17,000,03,0,1,06,A01
200700080445,0,07,000,00,2,1,00,B01
200700080445,0,07,000,00,2,1,00,C01
200700080446,0,17,000,00,2,1,02,A01
200700080446,0,07,000,00,0,3,23,B01
200700080447,0,17,000,00,2,2,12,A01
200700080447,0,07,000,03,0,6,01,B01
200700080447,0,07,000,14,9,3,02,C01
200700080448,0,15,000,03,0,3,06,A01
200700080449,0,07,000,00,2,4,02,C01
200700080449,0,07,000,00,0,4,02,D01
200700080449,0,07,000,00,2,1,02,A01
200700080449,0,07,000,00,2,4,02,B01
200700080450,0,07,000,03,2,1,12,A01
200700080450,0,10,000,03,0,6,01,B01
200700080451,0,07,000,00,2,1,02,A01
200700080451,0,07,000,00,0,4,01,B01
200700080452,0,02,000,00,2,1,01,A01
200700080452,0,07,000,00,2,4,23,B01
200700080453,0,07,000,00,2,3,15,A01
200700080453,0,07,000,00,2,3,01,B01
200700080454,0,07,000,00,2,1,01,B01
200700080454,0,07,000,01,2,1,15,A01
200700080455,0,07,000,00,2,3,01,A01
200700080455,0,33,000,00,2,1,01,B01
200700080456,0,07,000,00,1,1,15,A01
200700080457,0,07,000,00,2,3,01,A01
200700080457,0,07,000,01,2,1,01,B01
200700080458,0,07,000,00,2,1,01,A01
200700080458,0,01,000,00,2,8,01,B01
200700080459,0,07,000,08,2,3,01,A01
200700080459,0,07,000,00,2,1,01,B01
200700080460,0,07,000,01,2,6,01,A01
200700080460,0,07,000,00,2,1,01,B01
200700080461,0,07,000,11,0,8,00,A01
200700080462,0,07,000,00,2,3,15,A01
200700080462,0,02,000,00,2,1,17,B01
200700080462,0,07,000,00,2,8,23,C01
200700080463,0,07,000,00,2,8,14,A01
200700080463,0,33,000,00,2,1,02,B01
200700080464,0,07,000,00,2,5,15,A01
200700080464,0,07,000,00,2,3,02,B01
200700080465,0,07,000,00,2,1,02,A01
200700080465,0,07,000,00,2,1,02,B01
200700080465,0,07,000,00,2,4,02,C01
200700080466,0,01,000,00,2,8,19,B01
200700080466,0,07,000,00,9,1,15,A01
200700080467,0,07,000,01,2,7,01,A01
200700080467,0,07,000,00,2,1,01,B01
200700080468,0,07,000,00,1,2,00,A01
200700080469,0,07,000,00,1,8,00,A01
200700080470,0,07,000,00,1,2,01,A01
200700080471,0,37,001,00,1,1,16,A01
200700080472,0,02,000,00,2,1,02,A01
200700080472,0,07,000,00,2,1,02,B01
200700080473,0,07,000,00,1,1,20,A01
200700080474,0,07,000,02,0,7,01,A01
200700080475,0,07,000,00,2,2,12,A01
200700080475,0,07,000,03,0,6,00,B01
200700080475,0,07,000,00,2,3,11,C01
200700080476,0,10,000,04,0,4,01,A01
200700080477,0,07,000,04,0,1,02,A01
200700080478,0,07,000,04,0,3,01,A01
200700080479,0,15,000,00,2,3,12,A01
200700080479,0,07,000,00,2,6,02,B01
200700080480,0,14,000,00,2,7,12,A01
200700080480,0,07,000,04,2,8,00,B01
200700080481,0,10,000,00,2,1,02,A01
200700080481,0,07,000,00,0,4,02,B01
200700080482,0,14,000,00,2,1,02,A01
200700080482,0,13,000,00,2,4,02,B01
200700080482,0,07,000,00,0,4,02,C01
200700080483,0,07,000,04,0,3,01,A01
200700080484,0,07,000,03,0,3,01,A01
200700080485,0,07,000,13,0,8,16,A01
200700080486,0,10,000,00,2,1,02,A01
200700080486,0,07,000,00,2,4,02,B01
200700080486,0,07,000,00,2,4,02,C01
200700080487,0,07,000,00,1,3,00,A01
200700080487,0,17,000,00,2,5,23,B01
200700080488,0,15,000,00,2,2,12,A01
200700080488,0,07,000,04,2,6,01,B01
200700080489,0,07,000,00,0,2,02,A01
200700080490,0,07,000,00,2,4,02,A01
200700080490,0,07,000,00,2,1,02,B01
200700080491,0,07,000,04,2,9,02,A01
200700080491,0,07,000,00,2,4,02,B01
200700080492,0,07,000,00,2,1,02,A01
200700080492,0,07,000,00,2,4,02,B01
200700080492,0,07,000,00,2,4,02,C01
200700080493,0,07,000,00,2,3,01,A01
200700080493,1,07,000,00,2,2,01,B01
200700080494,0,07,000,04,0,3,13,A01
200700080495,0,17,000,00,2,2,02,A01
200700080495,0,15,000,00,0,6,02,B01
200700080495,0,07,000,00,2,7,17,C01
200700080495,0,17,000,00,2,3,03,D01
200700080496,0,07,000,00,2,1,02,A01
200700080496,0,07,000,00,0,4,02,B01
200700080497,0,07,000,04,2,2,17,A01
200700080497,0,07,000,03,0,6,00,B01
200700080498,0,07,000,00,2,2,17,A01
200700080498,0,07,000,00,2,4,01,B01
200700080499,0,07,000,00,2,3,21,A01
200700080499,0,07,000,15,2,6,01,B01
200700080500,0,07,000,04,0,6,01,A01
200700080501,0,07,000,04,0,3,01,A01
200700080501,0,07,000,00,0,4,23,B01
200700080501,0,07,000,14,0,1,01,C01
200700080502,0,07,000,00,0,0,01,A01
200700080502,0,07,000,00,2,1,21,B01
200700080502,0,07,000,01,0,1,21,C01
200700080502,0,07,000,13,0,1,21,D01
200700080503,0,07,000,04,0,9,00,A01
200700080504,0,07,000,04,0,1,00,A01
200700080505,0,07,000,00,0,6,01,B01
200700080505,1,07,000,00,2,2,03,A01
200700080506,0,10,000,00,1,1,15,A01
200700080507,0,32,000,00,2,1,11,B01
200700080507,1,07,000,00,0,0,15,A01
200700080508,0,07,000,00,2,1,00,A01
200700080508,0,07,000,00,2,1,01,B01
200700080509,0,07,000,00,2,3,11,A01
200700080509,0,07,000,00,2,6,01,B01
200700080510,0,07,000,00,0,1,01,A01
200700080510,0,07,000,00,2,1,01,B01
200700080511,0,07,000,00,2,2,17,A01
200700080511,0,07,000,00,0,8,15,B01
200700080512,0,07,000,00,1,0,00,A01
200700080513,0,07,000,01,0,3,13,A01
200700080514,0,07,000,00,2,1,01,A01
200700080514,0,07,000,00,2,4,01,B01
200700080514,0,07,000,00,2,4,01,C01
200700080514,0,07,000,00,2,4,01,D01
200700080515,0,07,000,00,2,1,01,A01
200700080515,0,07,000,00,2,4,01,B01
200700080515,0,07,000,00,2,4,01,C01
200700080515,0,07,000,00,0,4,01,D01
200700080516,0,07,000,03,2,3,11,A01
200700080516,0,33,000,00,2,2,01,B01
200700080517,0,33,000,07,0,7,01,A01
200700080518,0,33,000,00,0,8,01,A01
200700080519,0,07,000,00,2,2,00,A01
200700080519,0,33,000,00,0,4,00,B01
200700080520,0,07,000,00,0,1,21,A01
200700080520,1,07,000,00,2,1,00,B01
200700080521,0,07,000,13,0,1,00,A01
200700080522,0,99,000,00,0,4,14,A01
200700080522,0,07,000,00,2,1,01,B01
200700080523,0,07,000,04,0,1,01,A01
200700080524,0,07,000,14,0,1,00,A01
200700080525,0,07,000,00,0,6,02,A01
200700080525,0,07,000,00,0,1,02,B01
200700080526,0,07,000,03,0,3,01,A01
200700080526,0,07,000,00,2,1,01,B01
200700080526,0,07,000,00,2,1,13,C01
200700080527,0,07,000,00,2,4,02,A01
200700080527,0,07,000,00,2,4,02,B01
200700080527,0,07,000,00,2,1,02,C01
200700080528,0,10,000,00,0,6,01,A01
200700080528,0,10,000,00,2,3,11,B01
200700080529,0,10,000,03,0,3,21,A01
200700080530,0,07,000,00,0,4,23,A01
200700080530,0,07,000,00,2,4,23,B01
200700080530,0,07,000,01,2,1,02,C01
200700080531,0,07,000,00,0,4,01,A01
200700080531,0,07,000,00,2,1,02,B01
200700080532,0,07,000,00,2,8,11,A01
200700080533,0,10,000,04,0,1,01,A01
200700080534,0,07,000,00,0,3,01,A01
200700080534,0,07,000,00,0,7,01,F01
200700080534,0,07,000,00,2,5,01,B01
200700080534,0,07,000,00,2,1,11,G01
200700080534,0,17,000,00,0,8,02,C01
200700080534,0,99,000,00,0,7,01,D01
200700080534,0,07,000,00,0,4,01,E01
200700080535,0,33,000,00,0,0,02,A01
200700080536,0,07,000,00,0,4,01,A01
200700080536,0,07,000,00,2,1,02,B01
200700080537,0,07,000,02,0,1,14,A01
200700080538,0,07,000,03,0,1,01,A01
200700080539,0,07,000,00,0,1,02,A01
200700080540,0,07,000,00,0,3,00,A01
200700080540,1,07,000,04,2,3,00,B01
200700080541,0,07,000,04,0,1,01,A01
200700080542,0,07,000,00,2,2,01,A01
200700080542,0,07,000,00,2,8,01,B01
200700080542,0,10,000,00,2,3,01,C01
200700080543,0,07,000,00,2,4,02,A01
200700080543,0,07,000,00,2,1,02,B01
200700080544,0,07,000,04,0,3,01,A01
200700080545,0,07,000,03,0,2,01,A01
200700080546,0,16,000,00,0,6,02,A01
200700080546,0,10,000,14,0,1,02,B01
200700080547,0,07,000,00,0,6,01,A01
200700080547,0,07,000,00,2,1,00,B01
200700080548,0,33,000,03,0,2,01,A01
200700080549,0,07,000,00,0,4,02,A01
200700080549,1,07,000,00,2,1,00,B01
200700080550,0,15,000,04,0,8,01,A01
200700080551,0,07,000,00,2,1,01,A01
200700080552,0,07,000,00,0,4,01,A01
200700080552,0,07,000,00,2,2,02,B01
200700080553,0,07,000,04,0,1,02,A01
200700080554,0,07,000,00,0,5,01,A01
200700080554,0,07,000,00,2,3,02,B01
200700080555,0,07,000,00,0,1,00,A01
200700080556,0,33,000,00,0,8,02,A01
200700080557,0,07,000,00,2,4,02,A01
200700080557,0,07,000,00,2,0,02,B01
200700080557,0,07,000,00,2,1,02,C01
200700080558,0,07,000,13,0,1,02,A01