Num_Acc,senc,catv,occutc,obs,obsm,choc,manv,num_veh
200700080559,0,07,000,00,0,5,01,A01
200700080559,0,07,000,00,2,4,02,B01
200700080559,0,07,000,00,2,1,12,C01
200700080560,0,07,000,00,0,4,02,A01
200700080560,0,07,000,00,2,1,02,B01
200700080560,0,10,000,00,2,3,00,C01
200700080560,0,07,000,00,2,2,02,D01
200700080561,0,10,000,00,0,1,00,A01
200700080562,0,07,000,00,0,4,02,A01
200700080562,0,07,000,00,2,4,02,B01
200700080562,0,07,000,00,2,1,02,C01
200700080562,0,07,000,00,2,1,02,D01
200700080563,0,07,000,00,2,7,02,A01
200700080563,0,33,000,00,2,8,02,B01
200700080564,0,07,000,00,2,4,00,A01
200700080564,0,17,000,00,2,1,02,F01
200700080564,0,07,000,00,2,4,00,B01
200700080564,0,07,000,00,2,4,02,C01
200700080564,0,07,000,00,2,4,02,D01
200700080564,0,07,000,00,2,1,09,E01
200700080565,0,07,000,00,2,4,01,A01
200700080565,0,07,000,00,2,4,01,B01
200700080565,0,07,000,00,2,1,02,C01
200700080566,0,07,000,00,2,4,02,A01
200700080567,0,07,000,04,0,3,01,A01
200700080568,0,10,000,13,0,1,01,A01
200700080569,0,07,000,02,0,1,01,A01
200700080570,0,07,000,00,2,8,02,A01
200700080570,0,07,000,00,2,7,02,B01
200700080570,0,07,000,13,0,1,02,C01
200700080570,0,07,000,00,0,9,02,D01
200700080571,0,07,000,00,2,1,02,A01
200700080571,0,07,000,00,2,1,12,B01
200700080572,0,14,000,00,2,1,02,A01
200700080572,0,07,000,00,2,1,23,B01
200700080572,0,07,000,00,0,4,23,C01
200700080573,0,32,000,12,2,2,11,B01
200700080573,0,10,000,00,2,3,11,A01
200700080574,0,32,000,00,0,0,00,A01
200700080575,0,34,000,06,0,3,00,A01
200700080576,0,07,000,00,1,3,15,A01
200700080577,0,07,000,00,1,3,15,A01
200700080578,0,02,000,00,1,1,01,A01
200700080579,0,02,000,00,2,1,01,A01
200700080579,0,33,000,00,0,8,00,B01
200700080580,0,33,000,00,0,2,00,A01
200700080581,0,37,030,00,0,3,13,A01
200700080581,0,32,000,00,0,8,05,B01
200700080582,0,07,000,00,1,6,01,A01
200700080583,0,07,000,00,1,1,16,A01
200700080584,0,30,000,00,0,8,09,A01
200700080585,0,02,000,00,2,3,01,B01
200700080585,0,07,000,00,2,2,01,A01
200700080586,0,32,000,00,2,3,01,A01
200700080586,0,07,000,00,0,5,01,B01
200700080587,0,31,000,00,0,8,21,A01
200700080588,0,07,000,00,0,2,12,A01
200700080588,0,01,000,00,0,3,01,B01
200700080589,0,07,000,00,0,3,15,A01
200700080589,0,02,000,00,0,1,17,B01
200700080590,0,32,000,00,0,1,02,A01
200700080590,0,07,000,00,0,5,02,B01
200700080591,0,33,000,00,2,0,02,A01
200700080591,0,33,000,00,2,4,23,B01
200700080592,0,33,000,00,2,2,01,B01
200700080592,0,07,000,00,0,3,11,A01
200700080593,0,07,000,00,1,3,07,A01
200700080594,1,07,000,00,1,8,02,A01
200700080595,0,02,000,00,1,1,02,A01
200700080596,0,07,000,00,0,5,10,A01
200700080596,0,32,000,00,0,1,01,B01
200700080597,0,34,000,00,0,6,23,B01
200700080597,0,30,000,00,0,5,23,A01
200700080597,1,07,000,00,2,0,02,C01
200700080598,0,31,000,00,5,1,01,A01
200700080599,0,33,000,00,0,0,21,A01
200700080600,1,07,000,00,0,8,00,C01
200700080600,0,33,000,00,0,1,02,B01
200700080600,0,07,000,00,0,2,02,A01
200700080601,0,01,000,00,1,0,01,A01
200700080602,0,07,000,00,1,7,00,A01
200700080603,0,07,000,00,0,5,02,A01
200700080603,0,31,000,00,2,8,02,B01
200700080604,1,07,000,00,1,1,00,A01
200700080605,0,07,000,00,0,8,22,A01
200700080605,0,01,000,01,0,1,02,B01
200700080606,1,07,000,00,1,4,04,A01
200700080607,0,02,000,12,0,1,01,A01
200700080608,0,07,000,00,1,2,15,A01
200700080609,0,02,000,00,2,0,01,A01
200700080609,1,30,000,00,2,0,15,B01
200700080610,0,07,000,00,2,8,14,A01
200700080610,0,32,000,00,2,8,01,B01
200700080611,0,07,000,00,1,1,01,A01
200700080612,0,10,000,00,0,4,04,A01
200700080613,0,33,000,00,0,0,09,A01
200700080614,0,02,000,00,2,1,07,A01
200700080614,0,07,000,00,0,8,15,B01
200700080615,0,07,000,00,2,3,09,A01
200700080615,0,02,000,00,2,7,02,B01
200700080615,0,07,000,00,0,0,23,C01
200700080616,0,30,000,00,2,1,05,A01
200700080616,0,07,000,00,2,3,09,B01
200700080617,0,01,000,00,0,0,00,A01
200700080618,0,10,000,00,1,1,16,A01
200700080619,0,01,000,00,1,5,21,A01
200700080620,0,02,000,00,2,1,02,A01
200700080620,0,07,000,00,0,6,02,B01
200700080621,0,30,000,00,1,1,01,A01
200700080622,0,07,000,05,0,2,14,A01
200700080623,1,07,000,00,1,5,04,A01
200700080624,0,01,000,00,0,0,01,A01
200700080625,0,07,000,02,0,1,00,A01
200700080626,0,10,000,00,9,4,20,B01
200700080626,0,01,000,00,2,4,01,A01
200700080627,0,32,000,00,2,0,18,A01
200700080627,0,10,000,00,0,2,16,B01
200700080628,0,33,000,00,0,8,01,A01
200700080629,0,07,000,00,2,2,14,A01
200700080629,0,31,000,00,2,2,01,B01
200700080630,0,07,000,00,2,1,01,B01
200700080630,0,07,000,15,2,7,01,A01
200700080631,0,30,000,00,2,5,16,A01
200700080631,0,02,000,00,2,6,01,B01
200700080632,0,07,000,00,2,4,09,B01
200700080632,0,10,000,00,2,1,09,A01
200700080633,0,33,000,00,2,2,01,B01
200700080633,0,07,000,00,2,3,15,A01
200700080634,0,02,000,00,1,1,01,A01
200700080635,0,07,000,00,1,1,15,A01
200700080636,0,07,000,00,0,2,13,B01
200700080636,0,02,000,01,0,7,00,A01
200700080637,0,33,000,00,2,1,01,B01
200700080637,0,07,000,00,2,2,15,A01
200700080638,0,07,000,00,2,1,10,A01
200700080638,0,33,000,00,2,2,05,B01
200700080639,0,02,000,14,0,1,07,A01
200700080640,0,14,000,00,2,3,15,A01
200700080640,0,07,000,00,2,7,17,B01
200700080641,0,31,000,00,2,1,02,A01
200700080641,0,07,000,00,0,6,10,B01
200700080642,0,34,000,00,1,3,01,A01
200700080643,0,07,000,00,1,6,04,A01
200700080644,0,07,000,00,0,8,09,A01
200700080644,0,32,000,00,0,1,01,B01
200700080645,0,07,000,00,1,1,17,A01
200700080646,0,02,000,00,1,1,01,A01
200700080647,0,07,000,00,0,8,15,A01
200700080647,0,34,000,00,2,8,17,B01
200700080648,0,07,000,00,0,8,15,A01
200700080648,0,33,000,00,0,1,17,B01
200700080649,0,32,000,00,1,1,01,A01
200700080650,0,32,000,00,2,3,01,B01
200700080650,0,33,000,00,2,5,01,A01
200700080651,0,33,000,00,0,4,02,A01
200700080651,0,07,000,00,0,6,15,B01
200700080652,0,07,000,00,0,2,16,A01
200700080652,0,32,000,00,2,8,18,B01
200700080653,0,07,000,00,1,3,01,A01
200700080654,0,37,025,00,1,2,07,A01
200700080655,0,30,000,00,1,3,01,A01
200700080656,0,07,000,00,2,1,02,A01
200700080656,0,02,000,00,0,6,02,B01
200700080657,0,07,000,00,1,1,02,A01
200700080658,0,30,000,00,0,0,03,A01
200700080659,0,02,000,00,0,7,02,A01
200700080660,0,07,000,00,2,2,16,A01
200700080660,0,07,000,09,0,6,01,B01
200700080661,0,33,000,00,2,1,01,A01
200700080661,0,07,000,00,0,8,01,B01
200700080662,0,07,000,00,0,3,10,A01
200700080662,0,30,000,00,0,7,17,B01
200700080663,0,30,000,11,0,5,02,A01
200700080664,0,30,000,00,2,3,14,A01
200700080664,0,07,000,00,2,5,15,B01
200700080665,0,02,000,00,0,1,00,A01
200700080666,0,31,000,00,1,2,02,A01
200700080667,0,01,000,00,0,1,00,A01
200700080668,0,07,000,00,1,1,02,A01
200700080669,0,07,000,01,0,3,13,A01
200700080670,0,32,000,00,2,8,01,B01
200700080670,0,07,000,00,2,7,16,A01
200700080671,0,07,000,00,2,2,16,A01
200700080671,0,33,000,00,2,3,01,B01
200700080672,0,33,000,15,1,2,07,A01
200700080673,1,07,000,00,2,8,10,A01
200700080673,0,31,000,00,2,2,01,B01
200700080674,0,31,000,00,2,5,16,A01
200700080674,0,10,000,00,2,8,07,B01
200700080675,0,32,000,00,2,7,02,A01
200700080675,0,07,000,00,2,1,15,B01
200700080676,0,33,000,00,0,0,00,A01
200700080677,0,07,000,00,2,2,02,A01
200700080677,0,07,000,00,0,6,02,B01
200700080678,0,02,000,00,2,7,02,B01
200700080678,0,07,000,00,2,3,02,A01
200700080679,0,32,000,00,1,2,17,A01
200700080680,0,33,000,00,2,1,01,A01
200700080680,0,07,000,00,2,5,15,B01
200700080681,0,31,000,00,0,1,01,A01
200700080682,0,32,000,00,2,3,11,B01
200700080682,0,07,000,00,9,2,12,A01
200700080683,0,32,000,00,2,1,02,A01
200700080683,0,07,000,00,0,5,02,B01
200700080684,0,31,000,00,1,0,00,A01
200700080685,0,30,000,00,1,1,02,A01
200700080686,0,33,000,00,1,2,01,A01
200700080687,0,34,000,00,0,4,02,B01
200700080687,0,33,000,00,9,1,17,A01
200700080688,0,30,000,00,2,3,21,A01
200700080688,0,07,000,00,0,6,01,B01
200700080689,0,07,000,00,2,1,07,A01
200700080689,0,07,000,00,2,2,01,B01
200700080690,0,07,000,00,2,3,13,A01
200700080690,0,33,000,00,0,0,17,B01
200700080691,0,30,000,02,2,1,07,A01
200700080692,0,01,000,00,2,1,09,A01
200700080692,0,07,000,00,0,1,00,B01
200700080693,0,30,000,00,2,6,01,B01
200700080693,0,07,000,00,2,3,15,A01
200700080694,0,07,000,14,2,6,07,A01
200700080694,0,07,000,00,2,2,16,B01
200700080695,0,10,000,01,0,2,14,A01
200700080695,0,10,000,01,1,1,24,B01
200700080696,0,10,000,00,0,8,00,A01
200700080696,0,01,000,01,0,1,00,B01
200700080697,0,33,000,00,2,1,02,A01
200700080697,0,07,000,00,0,6,23,B01
200700080698,0,37,015,00,1,2,07,A01
200700080699,0,07,000,00,1,3,01,A01
200700080700,0,07,000,00,1,1,00,A01
200700080701,0,32,000,01,0,1,18,B01
200700080701,0,07,000,00,0,5,22,A01
200700080702,0,20,000,00,0,0,00,A01
200700080702,0,01,000,00,0,0,00,B01
200700080703,0,07,000,00,0,0,23,B01
200700080703,0,07,000,00,0,0,02,A01
200700080704,0,33,000,00,2,1,01,A01
200700080704,0,07,000,00,0,4,23,B01
200700080705,0,33,000,01,0,0,00,A01
200700080706,0,33,000,00,1,2,01,A01
200700080707,0,07,000,00,2,2,16,A01
200700080707,0,33,000,00,2,8,18,B01
200700080708,0,32,000,00,2,1,02,A01
200700080708,0,07,000,00,0,4,23,B01
200700080709,0,33,000,00,2,8,01,B01
200700080709,1,07,000,00,2,1,09,A01
200700080710,0,10,000,00,0,8,09,A01
200700080710,0,31,000,00,2,7,01,B01
200700080711,0,32,000,00,2,7,09,B01
200700080711,0,07,000,00,2,3,09,A01
200700080712,0,07,000,00,2,1,02,A01
200700080712,0,07,000,00,0,4,23,B01
200700080713,0,07,000,00,0,8,00,B01
200700080713,0,32,000,00,2,1,00,A01
200700080714,0,30,000,00,1,1,01,A01
200700080715,0,07,000,00,1,3,00,A01
200700080716,0,07,000,00,1,2,00,A01
200700080717,0,07,000,00,2,8,09,A01
200700080717,0,32,000,00,2,1,01,B01
200700080718,0,07,000,00,2,0,01,A01
200700080719,0,32,000,00,2,7,00,B01
200700080719,0,07,000,00,2,7,16,A01
200700080720,0,02,000,00,0,1,17,A01
200700080720,0,07,000,00,0,3,10,B01
200700080721,0,32,000,00,1,1,02,A01
200700080722,0,07,000,00,2,1,02,A01
200700080722,0,07,000,00,0,4,02,B01
200700080723,0,07,000,00,1,4,10,A01
200700080724,0,31,000,00,0,7,02,A01
200700080725,0,38,000,00,0,2,16,A01
200700080725,0,31,000,00,2,3,18,B01
200700080726,0,02,000,00,1,3,01,A01
200700080727,0,07,000,00,2,1,02,A01
200700080727,0,07,000,00,2,4,02,B01
200700080728,0,07,000,00,1,8,01,A01
200700080729,0,07,000,00,2,4,20,B01
200700080729,0,07,000,00,2,4,02,A01
200700080730,0,30,000,00,0,1,02,A01
200700080730,0,07,000,00,0,4,23,B01
200700080731,0,07,000,00,0,4,00,A01
200700080731,1,07,000,01,0,0,00,B01
200700080732,0,07,000,00,1,3,02,A01
200700080733,0,07,000,00,1,4,04,A01
200700080734,0,07,000,00,0,1,02,A01
200700080734,0,07,000,00,0,4,02,B01
200700080735,0,32,000,00,2,7,00,A01
200700080735,0,07,000,00,2,1,15,B01
200700080736,0,32,000,00,1,0,00,A01
200700080737,0,33,000,00,0,7,02,A01
200700080738,0,10,000,00,2,3,10,A01
200700080738,0,30,000,00,2,7,02,B01
200700080739,0,07,000,00,2,7,12,A01
200700080739,0,32,000,00,2,8,01,B01
200700080740,0,10,000,00,2,2,15,A01
200700080740,0,30,000,00,2,1,01,B01
200700080741,0,32,000,00,0,0,00,A01
200700080742,0,32,000,00,1,1,01,A01
200700080743,0,07,000,00,2,8,20,A01
200700080743,0,32,000,00,2,7,02,B01
200700080744,0,07,000,00,1,2,01,A01
200700080745,1,07,000,00,1,0,00,A01
200700080746,0,07,000,00,1,2,02,A01
200700080747,0,32,000,00,0,8,00,A01
200700080748,0,07,000,00,0,8,15,A01
200700080748,0,32,000,00,0,2,01,B01
200700080749,0,07,000,00,0,0,07,A01
200700080749,0,32,000,00,0,0,16,B01
200700080750,0,33,000,01,0,3,02,A01
200700080751,0,07,000,01,0,3,13,B01
200700080751,0,30,000,00,1,1,01,A01
200700080752,0,07,000,00,1,4,02,A01
200700080752,0,32,000,00,1,4,00,B01
200700080753,0,07,000,00,0,8,15,B01
200700080753,0,30,000,00,0,1,07,A01
200700080754,0,38,001,00,0,2,07,B01
200700080754,0,01,000,00,0,3,01,A01
200700080755,0,07,000,00,9,3,22,A01
200700080755,0,01,000,00,2,1,17,B01
200700080756,0,07,000,00,2,1,01,A01
200700080756,0,32,000,01,2,2,01,B01
200700080757,0,07,000,00,2,1,02,A01
200700080757,0,07,000,00,0,4,00,B01
200700080758,0,07,000,00,9,2,22,A01
200700080758,0,01,000,00,0,1,01,B01
200700080759,0,07,000,00,0,2,16,A01
200700080759,0,32,000,00,2,6,01,B01
200700080760,0,01,000,00,2,3,13,A01
200700080760,0,07,000,00,2,2,00,B01
200700080761,0,07,000,00,2,7,15,A01
200700080761,0,02,000,00,2,2,01,B01
200700080762,0,01,000,14,0,0,01,A01
200700080763,0,30,000,00,2,1,08,A01
200700080763,0,07,000,00,2,8,15,B01
200700080764,0,07,000,00,0,3,16,A01
200700080765,0,07,000,06,0,1,20,A01
200700080766,0,32,000,00,2,1,05,A01
200700080766,0,10,000,00,0,3,15,B01
200700080767,0,33,000,00,2,0,21,A01
200700080768,0,07,000,00,1,2,07,A01
200700080769,0,31,000,01,0,0,13,A01
200700080769,0,07,000,00,0,4,23,B01
200700080770,0,33,000,14,0,2,00,A01
200700080771,0,10,000,00,0,0,04,A01
200700080771,0,32,000,01,0,8,17,B01
200700080772,0,07,000,00,2,1,02,A01
200700080772,0,07,000,00,2,1,02,B01
200700080772,0,07,000,00,0,4,02,C01
200700080772,0,07,000,00,2,6,02,D01
200700080773,0,30,000,00,0,1,01,A01
200700080773,0,37,020,00,0,7,08,B01
200700080774,0,32,000,00,0,7,01,A01
200700080774,0,07,000,00,0,1,01,B01
200700080775,0,07,000,00,0,8,02,A01
200700080775,0,32,000,00,0,7,02,B01
200700080776,0,02,000,00,1,1,08,A01
200700080777,0,32,000,00,2,2,00,A01
200700080777,0,07,000,00,2,1,00,B01
200700080778,0,30,000,00,1,1,01,A01
200700080779,0,07,000,00,2,7,16,A01
200700080779,0,34,000,00,2,8,01,B01
200700080780,0,01,000,00,2,7,01,A01
200700080780,0,07,000,00,9,1,01,B01
200700080781,0,07,000,00,1,3,00,A01
200700080782,0,07,000,00,2,3,15,A01
200700080782,0,32,000,00,2,3,00,B01
200700080783,0,32,000,00,1,1,01,A01
200700080784,1,07,000,00,0,0,00,A01
200700080785,0,33,000,00,0,1,00,A01
200700080786,0,37,050,00,1,3,01,A01
200700080787,0,31,000,16,0,7,21,A01
200700080788,0,07,000,00,1,3,15,A01
200700080789,0,32,000,00,2,8,00,A01
200700080789,0,07,000,00,2,6,19,B01
200700080790,0,13,000,00,9,7,22,A01
200700080790,0,33,000,14,2,8,07,B01
200700080791,0,32,000,00,0,7,01,A01
200700080792,0,10,000,00,2,1,01,A01
200700080792,0,33,000,00,2,8,01,B01
200700080793,0,30,000,00,1,1,01,A01
200700080794,0,07,000,00,1,4,20,A01
200700080795,0,07,000,00,9,7,17,A01
200700080795,0,01,000,00,2,3,01,B01
200700080796,0,30,000,07,0,1,02,A01
200700080797,0,32,000,00,0,7,21,A01
200700080798,0,32,000,15,0,0,02,A01
200700080799,0,07,000,09,9,2,01,A01
200700080799,0,32,000,09,2,2,01,B01
200700080800,0,32,000,00,0,2,01,A01
200700080801,0,33,000,00,2,1,02,A01
200700080801,0,32,000,00,2,8,02,B01
200700080802,0,30,000,00,2,1,02,A01
200700080802,0,07,000,00,2,4,02,B01
200700080803,0,07,000,14,0,2,00,A01
200700080804,0,07,000,00,0,4,02,B01
200700080804,0,30,000,00,2,1,02,A01
200700080805,0,37,036,00,1,3,00,A01
200700080806,0,02,000,01,0,1,00,A01
200700080807,1,02,000,00,0,0,00,A01
200700080807,0,30,000,00,2,5,02,B01
200700080808,0,32,000,00,2,2,02,A01
200700080808,1,07,000,00,2,8,15,B01
200700080809,0,32,000,00,2,1,02,A01
200700080809,0,07,000,00,0,5,23,B01
200700080810,1,07,000,00,2,2,00,A01
200700080810,0,02,000,00,2,3,16,B01
200700080811,0,30,000,00,2,2,01,A01
200700080811,1,07,000,00,2,0,01,B01
200700080812,0,30,000,00,1,1,01,A01
200700080813,0,31,000,00,2,2,17,A01
200700080813,0,07,000,00,2,3,01,B01
200700080814,0,34,000,00,2,7,15,B01
200700080814,0,10,000,00,2,6,15,A01
200700080815,0,01,000,00,1,1,01,A01
200700080816,0,32,000,00,9,1,01,A01
200700080816,0,01,000,00,2,8,09,B01
200700080817,0,32,000,00,1,1,01,A01
200700080818,0,07,000,00,1,3,01,A01
200700080819,0,07,000,00,2,1,15,A01
200700080819,0,02,000,00,2,8,01,B01
200700080820,0,32,000,00,2,3,02,A01
200700080820,0,07,000,00,0,5,23,B01
200700080821,0,07,000,00,2,4,00,B01
200700080821,0,07,000,00,2,1,02,A01
200700080822,0,07,000,00,0,6,01,B01
200700080822,0,32,000,00,2,2,09,A01
200700080823,0,30,000,00,1,1,01,A01
200700080824,0,10,000,00,2,1,01,A01
200700080825,0,07,000,00,1,8,04,A01
200700080826,0,31,000,00,1,2,01,A01
200700080827,0,10,000,00,1,2,16,A01
200700080828,0,07,000,00,0,0,22,A01
200700080828,0,01,000,00,9,1,01,B01
200700080829,0,07,000,00,0,3,13,A01
200700080829,0,33,000,00,2,2,02,B01
200700080830,0,33,000,00,1,7,01,A01
200700080831,0,07,000,00,1,2,01,A01
200700080832,0,07,000,00,2,3,15,A01
200700080832,0,31,000,00,2,1,17,B01
200700080833,0,07,000,00,1,2,16,A01
200700080834,0,02,000,01,0,1,14,A01
200700080835,0,32,000,00,1,1,02,A01
200700080836,0,32,000,00,2,0,21,A01
200700080837,0,07,000,00,0,3,15,A01
200700080837,0,02,000,00,0,2,17,B01
200700080838,0,07,000,00,2,8,10,A01
200700080838,0,02,000,00,2,1,02,B01
200700080839,0,02,000,00,0,0,00,A01
200700080840,0,07,000,00,2,2,15,A01
200700080840,0,02,000,00,0,1,01,B01
200700080841,0,02,000,00,1,1,01,A01
200700080841,0,07,000,00,0,8,02,B01
200700080842,0,33,000,00,0,0,02,A01
200700080843,0,07,000,00,1,1,02,A01
200700080844,0,10,000,00,2,1,02,A01
200700080844,0,07,000,00,2,4,02,B01
200700080845,0,02,000,00,2,4,02,B01
200700080845,0,02,000,00,2,1,02,A01
200700080846,0,02,000,00,0,1,01,A01
200700080846,0,07,000,00,0,3,15,B01
200700080847,0,07,000,00,1,1,02,A01
200700080848,0,30,000,00,1,1,01,A01
200700080849,0,07,000,00,2,7,01,A01
200700080849,0,07,000,00,2,1,01,B01
200700080850,0,07,000,00,2,5,16,A01
200700080850,0,34,000,00,2,3,18,B01
200700080851,0,07,000,00,1,1,01,A01
200700080852,0,32,000,00,2,0,21,A01
200700080853,0,07,000,00,2,7,15,A01
200700080853,0,02,000,00,2,7,01,B01
200700080854,0,07,000,00,0,3,10,A01
200700080854,0,33,000,00,0,7,17,B01
200700080855,0,33,000,00,0,1,01,A01
200700080855,0,07,000,00,0,3,09,B01
200700080856,0,33,000,00,2,1,07,A01
200700080856,0,07,000,14,2,1,15,B01
200700080857,0,32,000,00,1,3,00,A01
200700080858,0,30,000,00,1,2,16,A01
200700080859,0,07,000,00,0,2,15,A01
200700080859,0,32,000,00,2,3,01,B01
200700080860,0,33,000,00,0,8,21,A01
200700080861,0,32,000,00,2,1,01,A01
200700080862,0,01,000,00,0,1,01,B01
200700080862,0,07,000,00,0,3,09,A01
200700080863,0,01,000,00,0,0,09,A01
200700080863,0,31,000,00,0,0,01,B01
200700080864,0,33,000,00,0,0,00,A01
200700080865,0,07,000,00,2,2,15,A01
200700080865,0,30,000,00,2,3,01,B01
200700080866,0,07,000,00,0,7,22,B01
200700080866,0,32,000,15,0,8,18,A01
200700080867,0,07,000,12,0,1,01,A01
200700080868,0,31,000,00,2,7,01,A01
200700080868,1,07,000,00,0,7,15,B01
200700080869,0,07,000,00,1,4,04,A01
200700080870,0,07,000,00,1,3,00,A01
200700080871,0,30,000,00,2,7,17,A01
200700080871,0,07,000,00,9,8,01,B01
200700080872,0,30,000,00,0,7,00,A01
200700080873,0,02,000,00,1,2,01,A01
200700080874,0,07,000,00,0,3,09,A01
200700080874,0,02,000,00,2,1,01,B01
200700080875,0,30,000,00,0,2,02,A01
200700080876,0,07,000,00,0,8,09,A01
200700080876,0,30,000,00,2,1,01,B01
200700080877,0,10,000,07,0,1,02,A01
200700080878,0,07,000,00,2,8,02,B01
200700080878,0,32,000,00,2,1,02,A01
200700080879,0,01,000,00,1,1,01,A01
200700080880,0,31,000,00,1,1,01,A01
200700080881,0,30,000,00,0,0,21,A01
200700080882,0,07,000,07,0,1,15,A01
200700080883,0,07,000,00,1,2,01,A01
200700080884,0,07,000,00,1,1,01,A01
200700080885,0,07,000,00,0,8,10,A01
200700080885,0,30,000,00,2,1,01,B01
200700080886,0,30,000,00,0,0,01,A01
200700080887,0,07,000,00,2,4,23,B01
200700080887,0,30,000,00,2,3,02,A01
200700080888,1,07,000,00,1,1,01,A01
200700080889,0,30,000,00,0,0,21,A01
200700080890,0,07,000,00,2,2,22,A01
200700080890,0,33,000,00,2,3,01,B01
200700080891,0,07,000,01,0,1,13,A01
200700080892,1,07,000,00,1,2,04,A01
200700080893,0,07,000,00,0,5,00,A01
200700080893,0,33,000,00,2,8,02,B01
200700080894,0,33,000,00,0,0,00,A01
200700080895,0,07,000,00,0,8,00,A01
200700080895,0,30,000,00,0,7,01,B01
200700080896,0,07,000,07,0,1,01,A01
200700080897,0,02,000,00,2,1,02,A01
200700080897,0,07,000,00,0,5,02,B01
200700080898,0,07,000,03,2,7,15,A01
200700080898,0,07,000,00,2,3,01,B01
200700080899,0,07,000,00,1,2,15,A01
200700080900,0,32,000,00,2,0,21,A01
200700080901,0,31,000,00,2,2,05,A01
200700080901,0,07,000,00,2,2,01,B01
200700080902,0,07,000,11,0,3,01,A01
200700080903,0,32,000,00,0,8,01,B01
200700080903,0,07,000,00,0,6,15,A01
200700080904,0,02,000,00,2,7,01,B01
200700080904,0,02,000,00,2,1,01,A01
200700080905,0,07,000,11,0,6,15,A01
200700080906,0,30,000,14,0,8,01,A01
200700080907,0,07,000,00,1,3,00,A01
200700080908,0,31,000,00,1,0,00,A01
200700080909,0,07,000,00,1,2,00,A01
200700080910,0,37,010,00,0,0,21,A01
200700080911,0,10,000,00,2,1,11,B01
200700080911,0,30,000,00,2,1,01,A01
200700080912,0,33,000,00,2,1,17,A01
200700080912,0,07,000,00,2,3,15,B01
200700080913,0,02,000,00,2,1,02,A01
200700080913,0,07,000,00,0,5,23,B01
200700080914,0,37,000,00,1,5,04,A01
200700080915,0,33,000,00,0,8,21,A01
200700080916,0,30,000,00,0,1,02,A01
200700080916,0,07,000,00,0,4,23,B01
200700080917,0,07,000,00,2,2,02,A01
200700080917,0,01,000,00,2,1,01,B01
200700080918,0,07,000,00,0,1,11,A01
200700080918,0,07,000,00,9,1,01,B01
200700080919,0,34,000,00,2,1,12,B01
200700080919,0,13,000,00,0,5,12,A01
200700080920,1,07,000,00,0,2,02,A01
200700080920,0,30,000,00,0,4,23,B01
200700080921,0,10,000,00,1,2,15,A01
200700080922,0,07,000,00,2,2,00,A01
200700080922,0,33,000,00,2,3,00,B01
200700080923,0,30,000,00,0,5,01,B01
200700080923,0,07,000,00,9,5,15,A01
200700080924,0,31,000,00,0,0,21,A01
200700080925,0,07,000,00,1,1,15,A01
200700080926,1,07,000,00,0,0,00,A01
200700080927,0,33,000,00,2,7,05,A01
200700080927,0,07,000,00,2,3,15,B01
200700080928,0,30,000,01,2,0,01,A01
200700080928,0,07,000,01,2,0,16,B01
200700080929,0,07,000,00,2,8,15,A01
200700080929,0,33,000,00,2,1,01,B01
200700080930,1,07,000,00,0,7,07,A01
200700080930,0,01,000,00,2,8,13,B01
200700080931,0,02,000,00,2,1,02,A01
200700080931,0,10,000,00,0,5,02,B01
200700080932,0,33,000,00,0,8,01,B01
200700080932,0,07,000,00,0,3,15,A01
200700080933,0,07,000,00,2,1,01,A01
200700080933,0,07,000,00,0,7,16,B01
200700080934,1,07,000,00,2,0,00,A01
200700080934,0,32,000,00,2,8,02,B01
200700080935,0,30,000,00,2,1,15,A01
200700080935,0,07,000,00,2,3,01,B01
200700080936,1,14,000,00,0,5,22,A01
200700080936,0,01,000,01,0,1,07,B01
200700080937,0,07,000,00,2,7,16,A01
200700080937,0,37,002,00,2,1,07,B01
200700080938,0,07,000,00,2,2,16,A01
200700080938,0,30,000,00,2,1,07,B01
200700080939,0,07,000,00,0,2,09,A01
200700080939,0,33,000,00,0,1,01,B01
200700080940,0,31,000,00,2,1,01,B01
200700080940,0,10,000,00,2,7,01,A01
200700080941,0,32,000,00,0,2,02,A01
200700080942,0,31,000,00,2,5,01,B01
200700080942,0,07,000,00,2,8,15,A01
200700080943,0,07,000,00,1,1,17,A01
200700080944,0,30,000,00,2,8,02,B01
200700080945,0,33,000,00,2,3,03,A01
200700080945,0,07,000,00,2,3,01,B01
200700080946,0,07,000,00,2,1,02,A01
200700080946,0,07,000,00,2,4,23,B01
200700080946,0,07,000,00,0,4,23,C01
200700080947,0,33,000,00,1,1,01,A01
200700080948,0,07,000,00,1,1,02,A01
200700080949,0,32,000,00,2,2,17,A01
200700080949,0,07,000,00,2,8,15,B01
200700080950,0,07,000,00,1,1,00,A01
200700080951,0,07,000,00,2,3,15,A01
200700080951,0,33,000,00,2,8,17,B01
200700080952,0,30,000,00,2,3,02,A01
200700080952,0,07,000,00,2,5,02,B01
200700080953,0,32,000,00,0,8,00,A01
200700080954,0,31,000,00,0,0,00,A01
200700080955,0,32,000,01,2,7,01,A01
200700080955,0,07,000,00,2,1,01,B01
200700080956,0,07,000,00,1,3,15,A01
200700080957,0,07,000,14,0,2,01,A01
200700080958,0,07,000,00,1,2,02,A01
200700080959,0,02,000,00,0,3,01,A01
200700080960,0,34,000,00,1,7,01,A01