Num_Acc,senc,catv,occutc,obs,obsm,choc,manv,num_veh
200700080961,0,33,000,00,2,1,01,B01
200700080961,0,07,000,00,2,5,15,A01
200700080962,0,33,000,12,0,1,05,A01
200700080962,0,32,000,00,0,1,23,B01
200700080962,0,07,000,00,0,5,23,C01
200700080963,0,32,000,00,9,7,01,A01
200700080964,0,32,000,00,2,4,02,A01
200700080964,1,07,000,00,2,1,02,B01
200700080965,0,07,000,00,2,0,09,A01
200700080965,0,32,000,00,2,2,01,B01
200700080966,0,32,000,00,2,6,17,A01
200700080966,0,07,000,00,2,2,01,B01
200700080967,0,30,000,00,0,7,00,A01
200700080968,0,30,000,00,1,0,01,A01
200700080969,0,07,000,00,9,5,12,A01
200700080969,0,02,000,00,2,1,02,B01
200700080970,0,10,000,00,0,5,16,A01
200700080970,0,32,000,00,0,3,01,B01
200700080971,0,37,001,00,1,3,07,A01
200700080972,0,30,000,00,0,1,02,A01
200700080972,0,07,000,00,0,6,23,B01
200700080973,0,32,000,00,0,8,01,A01
200700080974,0,31,000,00,1,1,00,A01
200700080975,0,30,000,00,2,1,02,A01
200700080975,0,10,000,00,0,4,02,B01
200700080976,0,31,000,00,0,2,02,A01
200700080976,0,07,000,00,0,6,02,B01
200700080977,0,07,000,00,2,3,09,A01
200700080977,0,33,000,00,2,1,01,B01
200700080978,0,07,000,00,0,0,15,A01
200700080979,0,07,000,00,2,7,01,A01
200700080979,0,32,000,00,2,8,02,B01
200700080980,0,07,000,00,2,4,12,A01
200700080980,0,33,000,00,0,1,01,B01
200700080981,0,07,000,00,2,1,15,A01
200700080981,0,32,000,00,2,8,01,B01
200700080982,0,07,000,00,0,8,10,A01
200700080982,0,02,000,00,0,1,02,B01
200700080983,0,37,000,00,0,0,01,A01
200700080984,1,07,000,00,0,0,00,A01
200700080985,0,07,000,00,2,1,01,A01
200700080985,0,07,000,00,2,8,01,B01
200700080986,0,07,000,00,2,5,16,A01
200700080986,0,33,000,00,2,1,01,B01
200700080987,0,07,000,00,2,0,01,B01
200700080987,0,02,000,00,0,6,05,A01
200700080988,0,07,000,00,2,2,16,A01
200700080988,0,02,000,00,2,8,16,B01
200700080989,0,01,000,00,2,4,01,B01
200700080989,0,07,000,00,2,1,12,A01
200700080990,0,37,001,00,2,8,23,C01
200700080990,0,33,000,00,2,1,02,A01
200700080990,0,07,000,00,0,4,09,B01
200700080991,0,02,000,00,0,8,02,A01
200700080992,0,07,000,00,1,2,16,A01
200700080993,0,13,000,00,0,7,10,A01
200700080993,0,31,000,00,2,1,01,B01
200700080994,0,30,000,00,0,0,01,A01
200700080995,0,07,000,00,1,1,01,A01
200700080996,0,07,000,00,2,7,10,A01
200700080996,0,07,000,00,2,3,01,B01
200700080996,0,32,000,00,2,0,02,C01
200700080997,0,07,000,00,2,7,15,A01
200700080997,0,32,000,00,2,1,01,B01
200700080998,0,02,000,00,2,1,01,B01
200700080998,0,07,000,00,2,3,15,A01
200700080999,0,37,000,00,2,7,16,A01
200700080999,0,32,000,00,2,8,01,B01
200700081000,0,02,000,00,0,8,00,A01
200700081001,0,31,000,00,1,1,01,A01
200700081002,0,07,000,00,2,7,01,A01
200700081002,0,31,000,00,2,7,01,B01
200700081003,0,07,000,02,2,1,21,A01
200700081004,0,07,000,00,1,5,23,A01
200700081004,0,07,000,00,0,0,00,B01
200700081005,0,07,000,00,2,3,01,B01
200700081005,0,33,000,00,0,1,01,A01
200700081006,0,34,000,00,0,7,00,A01
200700081007,0,33,000,00,0,0,16,A01
200700081008,0,32,000,01,2,1,02,A01
200700081008,0,07,000,00,0,6,23,B01
200700081009,0,07,000,01,0,1,01,A01
200700081010,0,33,000,00,1,1,01,A01
200700081011,0,10,000,00,2,3,01,A01
200700081011,0,31,000,00,2,2,17,B01
200700081012,0,32,000,00,0,7,00,A01
200700081013,0,10,000,00,2,3,11,A01
200700081013,0,32,000,00,2,7,01,B01
200700081014,0,01,000,00,2,7,01,A01
200700081014,0,07,000,00,2,1,01,B01
200700081015,0,07,000,00,0,3,09,B01
200700081015,0,31,000,00,2,1,01,A01
200700081016,0,32,000,00,0,1,01,A01
200700081017,0,32,000,00,2,1,02,A01
200700081017,0,32,000,00,2,4,02,B01
200700081018,0,32,000,00,2,1,02,B01
200700081018,0,07,000,00,2,4,04,A01
200700081019,0,32,000,00,0,7,02,A01
200700081020,0,07,000,00,2,7,11,A01
200700081020,0,32,000,00,0,7,01,B01
200700081021,0,30,000,00,2,5,17,B01
200700081021,0,07,000,00,2,3,15,A01
200700081022,0,33,000,00,1,3,01,A01
200700081023,0,07,000,00,0,2,12,A01
200700081023,0,30,000,00,2,8,01,B01
200700081024,0,07,000,00,2,1,02,A01
200700081024,0,34,000,00,0,4,23,B01
200700081025,0,07,000,00,2,3,15,B01
200700081025,0,07,000,00,2,2,01,A01
200700081026,0,30,000,00,1,1,01,A01
200700081027,0,10,000,00,1,1,01,A01
200700081028,0,07,000,00,2,2,01,B01
200700081028,0,07,000,15,2,1,11,A01
200700081029,0,07,000,00,2,7,16,A01
200700081029,0,32,000,00,2,0,01,B01
200700081030,0,07,000,00,0,3,16,B01
200700081030,0,33,000,00,0,2,01,A01
200700081031,0,32,000,00,2,7,15,A01
200700081031,1,13,000,00,0,0,15,B01
200700081032,1,07,000,00,0,0,00,A01
200700081033,0,32,000,00,0,4,02,B01
200700081033,1,07,000,00,2,1,02,A01
200700081034,0,07,000,00,1,1,15,A01
200700081035,0,07,000,00,1,1,00,A01
200700081036,0,31,000,00,0,0,00,A01
200700081037,0,34,000,00,0,2,01,B01
200700081037,0,07,000,00,0,2,15,A01
200700081038,0,33,000,00,2,2,01,A01
200700081038,0,07,000,00,2,3,15,B01
200700081039,0,07,000,00,0,4,23,B01
200700081039,0,30,000,00,2,1,02,A01
200700081040,0,34,000,00,0,1,02,A01
200700081040,0,07,000,00,0,4,00,B01
200700081041,0,34,000,00,0,8,00,A01
200700081042,0,07,000,01,0,1,00,A01
200700081043,0,07,000,00,0,4,04,A01
200700081044,0,07,000,00,1,1,00,A01
200700081045,0,30,000,00,2,1,02,A01
200700081045,0,07,000,00,2,3,10,B01
200700081046,0,07,000,00,2,2,01,A01
200700081046,0,02,000,00,2,1,01,B01
200700081047,0,01,000,00,2,0,01,B01
200700081047,1,13,000,00,2,0,14,A01
200700081048,0,32,000,00,0,0,17,A01
200700081048,0,07,000,00,0,0,11,B01
200700081049,0,07,000,00,2,5,12,A01
200700081049,0,32,000,00,2,3,01,B01
200700081050,0,31,000,00,0,7,17,B01
200700081050,0,07,000,00,0,3,15,A01
200700081051,0,33,000,00,2,1,02,A01
200700081051,0,07,000,00,0,6,23,B01
200700081052,0,07,000,00,9,5,15,A01
200700081052,0,02,000,00,0,7,01,B01
200700081053,0,07,000,00,2,5,01,A01
200700081053,0,07,000,00,0,1,00,B01
200700081054,1,07,000,00,0,0,00,A01
200700081055,0,07,000,01,0,6,00,A01
200700081055,0,34,000,00,0,2,05,B01
200700081056,0,32,000,00,0,8,01,A01
200700081057,0,07,000,00,2,2,01,A01
200700081057,0,07,000,01,2,8,23,B01
200700081058,0,07,000,00,1,6,00,A01
200700081059,0,07,000,00,1,1,00,A01
200700081060,0,07,000,01,0,9,00,A01
200700081061,0,07,000,00,2,3,00,A01
200700081061,0,07,000,00,2,2,00,B01
200700081062,0,07,000,00,1,4,04,A01
200700081063,0,32,000,00,2,1,02,A01
200700081063,0,10,000,00,0,4,02,B01
200700081064,0,32,000,00,2,3,00,A01
200700081064,0,10,000,00,9,2,00,B01
200700081065,0,02,000,00,0,0,00,A01
200700081066,0,37,001,00,1,5,00,A01
200700081067,0,30,000,00,2,2,02,A01
200700081067,0,10,000,00,2,3,02,B01
200700081067,0,10,000,00,2,6,02,C01
200700081068,0,07,000,11,0,3,01,A01
200700081069,0,33,000,00,2,7,15,A01
200700081069,0,07,000,00,2,5,15,B01
200700081070,0,07,000,00,2,1,02,A01
200700081070,0,32,000,00,0,4,02,B01
200700081071,0,07,000,00,2,1,15,B01
200700081071,0,02,000,00,2,8,07,A01
200700081072,0,07,000,00,1,1,01,A01
200700081073,2,07,000,00,2,1,02,A01
200700081073,0,07,000,00,0,4,02,B01
200700081074,0,32,000,00,1,5,01,A01
200700081075,0,32,000,00,1,1,02,A01
200700081076,0,07,000,00,2,7,16,A01
200700081076,0,32,000,00,2,1,07,B01
200700081077,0,07,000,00,2,1,01,A01
200700081077,0,07,000,00,2,1,01,B01
200700081078,0,32,000,00,0,0,07,A01
200700081078,0,07,000,00,0,0,16,B01
200700081079,0,37,015,00,1,7,07,A01
200700081080,1,07,000,12,1,2,01,A01
200700081081,0,07,000,00,1,3,02,A01
200700081082,0,07,000,00,2,2,11,A01
200700081082,0,33,000,00,2,1,00,B01
200700081083,0,32,000,00,1,1,00,A01
200700081084,0,02,000,00,1,0,21,A01
200700081085,0,33,000,00,2,6,07,A01
200700081085,1,07,000,00,0,3,16,B01
200700081086,1,10,000,00,1,4,04,A01
200700081087,0,07,000,00,0,2,01,A01
200700081087,0,01,000,00,0,4,01,B01
200700081088,0,32,000,00,1,1,01,A01
200700081089,0,30,000,00,2,2,00,B01
200700081089,0,07,000,00,2,3,05,A01
200700081090,0,07,000,00,2,7,01,A01
200700081090,0,07,000,00,2,8,01,B01
200700081091,0,07,000,00,0,7,00,B01
200700081091,0,30,000,01,0,1,12,A01
200700081091,0,07,000,00,0,4,00,C01
200700081092,0,07,000,00,2,1,15,A01
200700081092,0,02,000,00,2,1,16,B01
200700081093,0,30,000,01,2,1,01,A01
200700081093,0,07,000,00,2,2,01,B01
200700081094,0,07,000,00,0,2,15,A01
200700081094,0,32,000,00,0,1,01,B01
200700081095,0,30,000,00,1,3,02,A01
200700081095,0,07,000,00,0,7,01,B01
200700081096,0,10,000,00,1,7,12,A01
200700081097,0,07,000,00,0,2,01,A01
200700081097,0,01,000,00,0,4,01,B01
200700081098,0,31,000,00,1,1,18,A01
200700081099,1,03,000,00,1,0,00,A01
200700081100,0,07,000,00,1,2,01,A01
200700081101,0,30,000,00,0,0,00,A01
200700081102,0,07,000,00,1,3,01,A01
200700081103,0,10,000,09,0,2,14,A01
200700081104,0,02,000,00,2,8,21,A01
200700081104,0,07,000,00,0,2,23,B01
200700081105,0,10,000,00,1,2,01,A01
200700081106,0,07,000,11,0,2,01,A01
200700081106,0,07,000,00,2,3,15,B01
200700081107,1,07,000,00,0,0,00,A01
200700081108,0,32,000,01,0,1,01,A01
200700081108,0,07,000,01,0,7,16,B01
200700081109,0,07,000,00,2,3,10,A01
200700081109,0,32,000,00,2,7,02,B01
200700081110,0,07,000,00,1,1,02,A01
200700081111,0,07,000,14,2,1,02,A01
200700081111,0,07,000,00,0,4,23,B01
200700081112,0,07,000,00,2,1,07,A01
200700081112,0,01,000,00,2,7,01,B01
200700081113,0,07,000,00,9,1,09,A01
200700081113,0,30,000,00,2,4,23,B01
200700081114,0,07,000,00,2,1,02,A01
200700081114,0,33,000,00,4,4,02,B01
200700081114,0,37,000,00,2,7,00,C01
200700081115,0,07,000,00,2,3,11,A01
200700081115,0,32,000,00,0,2,01,B01
200700081116,0,30,000,00,2,1,01,A01
200700081116,0,30,000,00,2,1,10,B01
200700081117,0,07,000,00,2,1,01,B01
200700081117,0,10,000,00,2,5,01,A01
200700081118,0,10,000,00,2,8,15,A01
200700081118,0,30,000,00,2,7,01,B01
200700081119,0,07,000,00,2,3,15,B01
200700081119,0,33,000,00,2,1,17,A01
200700081120,1,07,000,00,0,1,15,A01
200700081121,0,01,000,00,2,7,01,A01
200700081121,0,07,000,00,9,1,15,B01
200700081122,0,07,000,00,1,4,04,A01
200700081123,0,02,000,00,2,2,01,A01
200700081123,0,07,000,00,0,5,16,B01
200700081124,0,10,000,00,1,6,04,A01
200700081125,0,32,000,00,0,0,11,A01
200700081125,0,07,000,00,0,0,00,B01
200700081125,0,07,000,01,0,0,00,C01
200700081126,0,37,010,00,1,1,15,A01
200700081127,0,30,000,00,0,7,01,A01
200700081128,0,30,000,00,2,4,01,A01
200700081128,0,07,000,00,0,5,20,B01
200700081129,2,07,000,09,0,0,00,A01
200700081130,0,30,000,00,1,1,05,A01
200700081131,0,33,000,01,2,1,00,A01
200700081131,1,07,000,00,0,0,00,B01
200700081132,0,31,000,00,1,1,01,A01
200700081133,0,07,000,00,1,2,01,A01
200700081134,0,07,000,00,1,1,01,A01
200700081135,0,07,000,00,2,8,10,A01
200700081135,0,33,000,00,2,1,01,B01
200700081136,0,07,000,00,2,3,06,A01
200700081136,0,07,000,00,2,2,02,B01
200700081137,0,10,000,00,1,6,04,A01
200700081138,0,02,000,00,1,3,01,A01
200700081139,0,32,000,00,2,3,05,A01
200700081139,0,33,000,00,2,3,01,B01
200700081140,1,10,000,00,1,0,00,A01
200700081141,0,30,000,00,1,1,01,A01
200700081142,0,07,000,00,0,3,11,A01
200700081142,0,30,000,00,0,1,01,B01
200700081143,0,32,000,00,0,8,01,A01
200700081144,0,07,000,11,0,3,06,A01
200700081145,0,07,000,00,1,2,01,A01
200700081146,0,32,000,00,0,7,17,A01
200700081147,0,02,000,01,0,1,01,B01
200700081147,0,07,000,00,2,3,22,A01
200700081148,0,07,000,00,0,5,04,A01
200700081149,0,07,000,00,1,2,01,A01
200700081150,1,30,000,00,1,0,00,A01
200700081151,0,30,000,00,1,1,21,A01
200700081152,0,01,000,00,2,1,01,B01
200700081152,0,07,000,00,9,2,15,A01
200700081153,0,07,000,00,2,2,15,A01
200700081153,0,34,000,00,2,1,01,B01
200700081154,0,07,000,00,2,4,04,A01
200700081154,0,07,000,00,2,6,09,B01
200700081155,0,32,000,00,0,3,01,A01
200700081156,0,02,000,00,2,2,15,A01
200700081156,0,07,000,00,0,2,01,B01
200700081157,0,07,000,00,0,2,14,A01
200700081157,0,30,000,14,0,3,01,B01
200700081158,0,02,000,00,0,0,01,A01
200700081159,0,33,000,00,2,1,01,A01
200700081159,0,07,000,00,0,3,15,B01
200700081160,0,30,000,00,0,0,02,A01
200700081161,0,07,000,00,1,3,01,A01
200700081162,1,07,000,00,0,0,05,A01
200700081162,0,30,000,14,0,7,21,B01
200700081163,0,30,000,00,2,3,17,C01
200700081163,0,30,000,00,2,2,17,B01
200700081163,0,07,000,00,2,3,15,A01
200700081164,0,32,000,00,1,8,21,A01
200700081165,0,31,000,14,0,2,17,A01
200700081165,0,37,085,00,0,6,15,B01
200700081166,0,02,000,00,1,1,18,A01
200700081167,0,07,000,00,1,2,02,A01
200700081168,0,33,000,00,2,0,00,A01
200700081168,1,07,000,00,2,1,00,B01
200700081169,0,07,000,00,2,3,02,A01
200700081169,0,07,000,00,2,5,01,B01
200700081169,0,07,000,00,2,4,02,C01
200700081170,0,33,000,15,0,3,21,A01
200700081171,0,33,000,01,2,7,01,A01
200700081171,0,07,000,00,2,5,01,B01
200700081172,0,33,000,01,0,6,02,A01
200700081172,0,33,000,00,0,6,23,B01
200700081173,0,07,000,00,2,3,05,A01
200700081173,0,07,000,00,2,3,01,B01
200700081174,0,07,000,00,2,7,15,A01
200700081174,0,33,000,00,2,1,01,B01
200700081175,0,33,000,00,2,7,17,A01
200700081175,0,07,000,00,0,6,01,B01
200700081176,0,07,000,01,2,2,14,B01
200700081176,0,02,000,00,2,1,01,A01
200700081177,0,07,000,00,2,3,15,A01
200700081177,0,32,000,00,2,1,01,B01
200700081178,0,30,000,14,2,7,18,A01
200700081178,0,07,000,00,2,7,01,B01
200700081179,0,10,000,00,1,2,01,A01
200700081180,0,07,000,00,1,0,01,A01
200700081181,0,33,000,00,1,0,01,A01
200700081182,0,07,000,00,1,2,01,A01
200700081183,0,10,000,00,1,2,01,A01
200700081184,0,13,000,00,1,2,02,A01
200700081185,0,07,000,00,0,2,15,A01
200700081185,0,31,000,00,2,1,01,B01
200700081186,0,07,000,00,2,3,15,A01
200700081186,0,33,000,00,2,8,01,B01
200700081187,0,07,000,00,2,3,15,A01
200700081187,0,33,062,00,2,1,00,B01
200700081188,0,07,000,00,2,2,15,A01
200700081188,0,07,000,00,2,1,01,B01
200700081189,0,07,000,00,1,1,01,A01
200700081190,0,37,003,00,1,7,01,A01
200700081191,0,33,000,00,1,1,01,A01
200700081192,0,07,000,00,2,8,13,A01
200700081192,0,31,000,00,2,2,17,B01
200700081193,0,33,000,12,0,8,01,A01
200700081194,0,31,000,00,0,0,01,A01
200700081195,0,07,000,00,2,2,01,A01
200700081195,0,07,000,00,2,6,20,B01
200700081196,0,01,000,00,1,1,01,A01
200700081197,0,07,000,00,2,1,02,A01
200700081197,0,34,000,00,2,9,23,B01
200700081197,0,07,000,00,2,4,23,C01
200700081197,0,07,000,00,2,4,23,D01
200700081198,1,33,000,00,1,8,02,A01
200700081199,0,33,000,15,0,1,01,A01
200700081199,0,07,000,00,2,3,09,B01
200700081200,0,33,000,00,2,7,01,A01
200700081200,0,07,000,00,2,6,01,C01
200700081200,0,07,000,00,2,3,01,B01
200700081201,0,10,000,00,2,5,04,A01
200700081201,0,02,000,00,2,1,01,B01
200700081202,0,33,000,08,2,1,17,A01
200700081202,0,07,000,02,2,8,15,B01
200700081203,0,37,000,00,1,3,02,A01
200700081204,0,33,000,00,2,6,02,A01
200700081204,0,07,000,00,2,5,13,B01
200700081205,0,07,000,04,2,1,01,A01
200700081205,0,07,000,00,2,4,01,B01
200700081206,0,07,000,00,2,1,12,A01
200700081206,0,07,000,00,2,4,14,B01
200700081207,0,07,000,05,2,2,14,A01
200700081207,0,02,000,00,2,4,01,B01
200700081208,0,07,000,01,2,1,02,A01
200700081208,0,07,000,00,0,4,02,B01
200700081209,0,07,000,04,0,7,14,A01
200700081210,0,07,000,05,2,2,01,A01
200700081210,1,07,000,00,2,0,00,B01
200700081211,0,31,000,00,2,1,02,A01
200700081211,0,07,000,00,2,6,11,B01
200700081212,0,07,000,00,2,7,01,A01
200700081212,0,31,000,00,2,8,01,B01
200700081213,0,07,000,05,0,1,01,A01
200700081214,0,07,000,00,0,6,01,B01
200700081214,0,15,000,00,2,2,12,A01
200700081215,0,32,000,00,0,7,02,A01
200700081216,0,31,000,00,0,7,21,A01
200700081217,0,10,000,00,2,1,02,A01
200700081217,0,07,000,00,2,1,23,B01
200700081217,0,07,000,00,2,4,23,C01
200700081218,0,33,000,05,2,7,03,A01
200700081218,0,07,000,00,2,6,01,B01
200700081218,0,07,000,00,2,4,01,C01
200700081219,0,10,000,00,2,1,23,B01
200700081219,0,07,000,00,0,4,23,C01
200700081219,0,10,000,00,2,1,02,A01
200700081220,0,32,000,00,2,8,18,A01
200700081220,0,07,000,00,2,2,01,B01
200700081221,0,31,000,00,2,0,01,A01
200700081221,1,07,000,00,2,2,12,B01
200700081222,0,31,000,00,2,8,02,A01
200700081222,0,07,000,00,0,5,23,B01
200700081223,0,07,000,00,2,1,02,A01
200700081223,0,07,000,00,0,6,12,B01
200700081223,0,07,000,00,2,1,02,C01
200700081223,0,07,000,00,0,1,02,D01
200700081223,0,07,000,00,0,4,02,E01
200700081224,0,07,000,04,0,3,02,A01
200700081225,0,07,000,00,2,7,12,A01
200700081225,0,31,000,00,2,8,03,B01
200700081226,0,07,000,00,0,3,01,B01
200700081226,0,33,000,00,2,5,01,A01
200700081226,1,07,000,00,2,0,11,C01
200700081227,0,07,000,00,2,2,03,B01
200700081227,0,33,000,00,2,3,12,A01
200700081228,0,07,000,00,0,3,01,A01
200700081228,0,33,000,00,2,7,03,B01
200700081228,0,07,000,00,0,4,01,C01
200700081229,0,10,000,00,2,1,01,A01
200700081229,0,07,000,00,2,4,02,B01
200700081229,0,07,000,00,2,4,02,C01
200700081230,0,07,000,00,2,6,11,B01
200700081230,0,33,000,00,2,1,01,A01
200700081231,0,33,000,00,0,8,03,B01
200700081231,0,07,000,00,2,5,12,A01
200700081232,0,31,000,00,2,1,11,A01
200700081232,0,10,000,00,0,5,01,B01
200700081233,0,32,000,00,0,0,03,A01
200700081234,0,33,000,00,2,1,02,A01
200700081234,0,07,000,00,0,4,02,B01
200700081235,0,07,000,12,2,8,03,A01
200700081235,0,17,000,00,2,2,01,B01
200700081236,0,32,000,00,0,3,02,A01
200700081237,0,33,000,05,2,7,01,B01
200700081237,0,07,000,00,2,8,12,A01
200700081238,0,31,000,00,2,7,21,A01
200700081238,0,07,000,00,2,8,01,B01
200700081239,1,17,000,00,2,3,00,A01
200700081239,0,07,000,05,0,5,01,B01
200700081240,0,32,000,05,0,0,01,A01
200700081241,0,07,000,00,2,1,02,A01
200700081241,0,07,000,00,0,4,02,B01
200700081242,0,07,000,04,2,1,01,A01
200700081242,0,07,000,05,0,4,01,B01
200700081243,0,10,000,00,2,1,02,A01
200700081243,0,07,000,00,2,9,02,B01
200700081243,0,07,000,00,2,4,02,C01
200700081244,0,07,000,05,2,5,12,A01
200700081244,0,07,000,00,2,3,01,B01
200700081245,0,07,000,00,2,3,02,A01
200700081245,0,07,000,00,2,5,02,B01
200700081245,0,07,000,00,2,4,02,C01
200700081246,0,32,000,00,0,3,03,B01
200700081246,0,07,000,00,2,5,12,A01
200700081246,0,07,000,00,0,3,01,C01
200700081247,0,33,000,00,2,1,00,A01
200700081247,0,07,000,00,2,4,00,B01
200700081248,0,31,000,00,2,3,03,A01
200700081248,0,07,000,00,2,2,14,B01
200700081248,0,07,000,00,2,6,01,C01
200700081249,0,07,000,00,2,8,22,A01
200700081249,0,31,000,00,2,2,01,B01
200700081250,0,33,000,00,2,2,11,A01
200700081250,0,07,000,00,2,6,01,B01
200700081251,0,31,000,00,0,0,21,A01
200700081252,0,10,000,00,2,1,02,A01
200700081252,0,07,000,00,2,4,02,B01
200700081252,0,33,000,00,0,4,02,C01
200700081252,0,10,000,00,0,4,02,D01
200700081252,0,33,000,00,2,1,02,E01
200700081253,0,07,000,00,2,1,02,A01
200700081253,0,07,000,00,2,4,02,B01
200700081253,0,10,000,00,2,4,02,C01
200700081253,0,07,000,00,2,4,02,D01
200700081254,0,07,000,00,2,8,11,A01
200700081254,0,33,000,00,2,7,03,B01
200700081255,0,07,000,00,2,8,11,A01
200700081255,0,32,000,00,2,7,03,B01
200700081255,0,07,000,00,2,4,01,C01
200700081256,0,31,000,00,2,1,02,A01
200700081256,0,10,000,00,2,5,02,B01
200700081257,0,32,000,00,2,7,12,A01
200700081257,0,33,000,00,2,4,01,B01
200700081258,0,10,000,00,2,3,01,A01
200700081258,0,33,000,00,0,1,11,B01
200700081259,0,31,000,00,2,0,12,A01
200700081259,0,07,000,00,9,5,01,B01
200700081260,0,33,000,00,2,8,01,A01
200700081260,1,07,000,00,0,0,00,B01
200700081261,0,07,000,00,2,1,02,A01
200700081261,0,07,000,00,0,4,02,B01
200700081262,0,07,000,00,0,8,11,A01
200700081262,0,33,000,00,0,2,02,B01
200700081263,0,33,000,00,0,0,01,A01
200700081264,0,07,000,00,2,1,02,A01
200700081264,0,07,000,00,2,4,02,B01
200700081264,0,07,000,00,0,4,02,C01
200700081265,0,33,000,00,2,2,01,B01
200700081265,0,07,000,00,2,6,11,A01
200700081266,0,07,000,05,2,6,01,A01
200700081266,0,07,000,04,2,1,01,B01
200700081266,1,15,000,00,2,2,14,C01
200700081267,0,14,000,00,2,2,01,A01
200700081267,0,07,000,00,0,3,09,B01
200700081267,0,17,000,00,2,1,01,C01
200700081268,0,31,000,04,2,1,14,A01
200700081268,0,07,000,00,2,3,01,B01
200700081269,0,17,000,00,2,2,01,A01
200700081269,0,07,000,04,2,6,09,B01
200700081270,0,07,000,00,0,1,02,A01
200700081270,0,07,000,00,0,4,02,B01
200700081270,0,07,000,00,0,4,02,C01
200700081271,0,33,000,00,0,0,11,A01
200700081272,0,07,000,00,2,1,02,A01
200700081272,0,07,000,00,0,4,02,B01
200700081272,0,07,000,00,2,1,02,C01
200700081272,0,07,000,00,2,4,02,D01
200700081273,0,07,000,00,2,3,15,A01
200700081273,0,07,000,00,2,1,01,B02
200700081274,0,38,000,00,2,1,19,A01
200700081274,0,33,000,00,2,1,01,B02
200700081275,0,07,000,00,2,8,15,A01
200700081275,0,33,000,00,2,7,17,B02
200700081276,0,33,000,00,0,1,01,A01
200700081277,0,31,000,03,0,4,01,A01
200700081278,0,07,000,00,0,1,01,A01
200700081279,0,33,000,00,0,0,23,A01
200700081279,0,07,000,00,0,6,15,B02
200700081280,0,07,000,00,1,1,01,A01
200700081281,0,14,000,00,0,3,01,A01
200700081281,0,07,000,00,2,1,13,B02
200700081282,0,07,000,00,2,3,13,A01
200700081282,0,07,000,00,2,3,01,B02
200700081283,0,10,000,00,1,4,02,A01
200700081284,0,07,000,02,0,1,00,A01
200700081285,0,01,000,00,2,2,19,A01
200700081285,0,07,000,00,1,1,01,B02
200700081286,0,07,000,00,0,0,00,A01
200700081286,0,30,000,00,2,1,01,B02
200700081287,0,07,000,08,0,6,00,A01
200700081288,0,07,000,06,0,9,01,A01
200700081289,0,31,000,00,0,8,02,A01
200700081289,0,07,000,00,2,2,02,B02
200700081290,0,07,000,00,2,2,02,A01
200700081290,0,01,000,00,0,4,02,B02
200700081291,0,07,000,00,2,1,01,A01
200700081291,0,07,000,00,2,1,01,C03
200700081292,0,36,000,00,0,1,01,A01
200700081293,0,32,000,00,9,7,01,A01
200700081294,0,02,000,00,6,1,01,A01
200700081295,0,07,000,00,1,2,01,A01
200700081296,0,38,000,00,1,2,01,A01
200700081297,0,07,000,00,1,1,01,A01
200700081298,0,10,000,00,2,3,13,A01
200700081298,0,30,000,00,2,1,01,B02
200700081299,0,07,000,00,2,7,13,A01
200700081299,0,07,000,00,2,1,01,B02
200700081300,0,10,000,00,1,7,01,A01
200700081301,0,07,000,16,0,9,01,A01
200700081302,0,02,000,12,0,1,01,A01
200700081303,0,07,000,00,2,7,15,A01
200700081303,0,33,000,00,2,1,01,B02
200700081304,0,02,000,01,0,1,02,A01
200700081305,0,33,000,00,0,7,01,A01
200700081306,0,33,000,00,2,7,01,A01
200700081306,0,30,000,00,2,1,01,C03
200700081306,0,07,000,00,2,1,16,B02
200700081307,0,01,000,00,2,8,13,A01
200700081307,0,07,000,00,9,3,01,B02
200700081308,0,01,000,00,2,1,13,A01
200700081308,0,07,000,00,2,1,01,B02
200700081309,0,10,000,00,2,6,19,A01
200700081309,0,07,000,00,2,1,01,B02
200700081310,0,07,000,13,0,7,14,A01
200700081311,0,07,000,00,2,1,13,A01
200700081311,0,07,000,00,2,1,01,B02
200700081312,0,33,000,00,2,1,01,A01
200700081312,0,07,000,00,0,4,01,B02
200700081326,0,07,000,03,9,3,02,A01
200700081326,0,01,000,00,0,4,00,B02
200700081326,0,01,000,00,0,0,00,C03
200700081327,0,07,000,08,2,1,14,A01
200700081327,0,14,000,00,2,1,01,B02
200700081330,0,07,000,00,0,3,15,A01
200700081330,0,02,000,00,2,4,17,B02
200700081331,0,30,000,00,2,1,05,A01
200700081331,0,10,000,00,2,3,05,B02
200700081332,0,07,000,00,2,2,01,A01
200700081332,0,01,000,00,2,4,01,B02
200700081333,0,07,000,06,0,4,01,A01
200700081334,0,99,000,00,0,8,00,A01
200700081335,0,07,000,00,2,8,13,A01
200700081335,0,10,000,00,2,1,01,B02
200700081336,0,10,000,00,2,1,01,A01
200700081336,0,07,000,00,0,0,00,B02
200700081337,0,07,000,00,1,3,01,A01
200700081338,0,07,000,00,1,4,04,A01
200700081339,0,07,000,00,0,2,16,A01
200700081339,0,32,000,00,2,1,18,B01
200700081340,0,07,000,00,1,8,00,A01
200700081341,0,07,000,00,2,7,00,A01
200700081341,0,33,000,00,2,1,00,B01
200700081342,0,07,000,00,1,1,00,A01
200700081343,0,07,000,00,1,2,00,A01
200700081344,0,07,000,00,2,2,00,A01
200700081344,0,07,000,00,2,1,00,B01