Num_Acc,senc,catv,occutc,obs,obsm,choc,manv,num_veh
200700081345,0,07,000,00,2,3,00,A01
200700081345,0,07,000,00,0,6,00,B01
200700081346,0,34,000,00,2,0,00,B01
200700081346,0,07,000,00,2,3,00,A01
200700081347,0,07,000,00,2,3,00,A01
200700081347,0,34,000,00,2,1,00,B01
200700081348,0,07,000,00,2,1,00,A01
200700081348,0,07,000,00,2,4,00,B01
200700081349,0,07,000,00,2,3,00,A01
200700081349,0,07,000,00,2,3,00,B01
200700081349,0,07,000,00,2,8,00,C01
200700081349,0,07,000,00,2,6,00,D01
200700081350,0,05,000,00,2,1,02,A01
200700081350,0,07,000,00,2,4,02,B01
200700081351,0,07,000,00,2,2,14,A01
200700081351,0,07,000,00,2,3,01,B01
200700081352,0,05,000,00,0,0,13,A01
200700081352,0,07,000,00,0,0,15,B01
200700081353,0,07,000,00,2,8,15,A01
200700081353,0,05,000,00,2,1,17,B01
200700081354,0,02,000,00,2,1,01,A01
200700081354,0,07,000,00,2,8,15,B01
200700081355,0,07,000,00,2,7,01,B01
200700081355,0,07,000,00,2,1,14,A01
200700081356,0,07,000,00,1,1,01,A01
200700081357,0,07,000,00,2,1,01,A01
200700081357,0,05,000,00,2,1,01,B01
200700081358,0,07,000,00,1,3,03,A01
200700081358,0,02,000,00,2,2,03,B01
200700081359,0,07,000,00,2,8,15,A01
200700081359,0,07,000,00,2,3,01,B01
200700081360,0,14,000,00,2,1,01,A01
200700081360,0,07,000,00,2,6,09,B01
200700081361,0,05,000,00,1,1,01,A01
200700081362,0,02,000,04,0,0,00,A01
200700081363,1,02,000,00,0,9,00,A01
200700081364,0,05,000,00,0,0,00,A01
200700081365,0,05,000,00,0,0,00,A01
200700081366,1,07,000,00,2,1,02,A01
200700081366,0,07,000,00,2,4,02,B01
200700081367,0,02,000,00,2,8,01,A01
200700081367,0,07,000,00,2,7,14,B01
200700081368,0,05,000,00,2,1,01,A01
200700081368,0,07,000,00,2,3,15,B01
200700081369,0,02,000,01,0,1,14,A01
200700081370,0,07,000,00,2,7,01,A01
200700081370,0,07,000,00,2,1,16,B01
200700081371,0,02,000,00,2,1,16,B01
200700081371,0,07,000,00,2,2,01,A01
200700081372,0,07,000,00,0,0,00,A01
200700081373,0,07,000,00,1,1,01,A01
200700081374,0,07,000,00,0,9,17,A01
200700081375,0,07,000,00,2,2,15,A01
200700081375,0,02,000,00,2,1,01,B01
200700081376,0,07,000,00,1,1,15,A01
200700081377,0,07,000,01,1,2,14,A01
200700081377,0,07,000,00,2,6,24,B01
200700081378,0,01,000,00,1,1,01,A01
200700081379,0,07,000,09,0,1,00,A01
200700081380,0,07,000,00,1,1,01,A01
200700081381,0,02,000,00,2,8,01,A01
200700081381,1,07,000,00,2,7,15,B01
200700081382,0,07,000,02,0,1,13,A01
200700081383,0,07,000,00,2,3,01,A01
200700081383,0,05,000,00,2,1,13,B01
200700081384,0,07,000,00,2,3,01,A01
200700081384,0,02,000,00,2,1,01,B01
200700081385,0,07,000,00,1,1,01,A01
200700081386,0,02,000,00,1,1,01,A01
200700081387,0,02,000,12,0,1,12,A01
200700081388,0,05,000,00,2,8,15,A01
200700081388,0,07,000,00,2,1,17,B01
200700081389,0,07,000,00,2,3,01,A01
200700081389,0,07,000,00,2,9,15,B01
200700081390,0,07,000,13,0,9,01,A01
200700081391,0,07,000,00,2,4,02,A01
200700081391,0,07,000,00,2,1,02,B01
200700081392,0,07,000,00,2,4,00,A01
200700081392,0,07,000,00,2,1,02,B01
200700081393,0,07,000,13,0,9,01,A01
200700081394,0,07,000,02,0,9,00,A01
200700081395,0,13,000,00,2,2,12,A01
200700081395,0,07,000,00,2,6,01,B01
200700081396,0,07,000,00,1,1,01,A01
200700081397,0,07,000,00,2,3,13,A01
200700081397,0,07,000,00,2,3,01,B01
200700081398,0,07,000,00,2,8,10,A01
200700081398,0,05,000,00,2,1,03,B01
200700081399,0,10,000,04,0,9,01,A01
200700081400,0,07,000,00,2,2,02,A01
200700081400,0,07,000,00,2,4,02,B01
200700081400,0,07,000,01,2,3,00,C01
200700081401,0,07,000,13,0,9,00,A01
200700081402,0,07,000,00,2,1,01,A01
200700081402,0,07,000,00,2,1,01,B01
200700081403,0,07,000,00,2,1,05,A01
200700081403,0,07,000,00,2,1,01,B01
200700081404,0,07,000,04,2,9,01,A01
200700081404,0,07,000,00,2,2,01,B01
200700081404,0,07,000,14,2,9,01,C01
200700081405,0,07,000,06,0,2,01,A01
200700081406,0,07,000,00,2,1,01,B01
200700081406,0,07,000,00,2,1,13,A01
200700081407,0,07,000,00,9,1,01,B01
200700081407,0,01,000,00,2,8,09,A01
200700081408,0,07,000,00,9,7,15,A01
200700081408,0,02,000,00,2,1,01,B01
200700081409,0,02,000,00,2,1,15,A01
200700081409,0,07,000,00,9,3,01,B01
200700081410,0,01,000,00,2,1,16,B01
200700081410,0,07,000,00,9,1,01,A01
200700081411,0,01,000,00,9,0,16,A01
200700081411,0,31,000,00,9,1,01,B01
200700081412,0,02,000,00,2,2,15,B01
200700081412,0,07,000,00,9,1,01,A01
200700081413,0,07,000,00,1,0,15,A01
200700081414,1,02,000,00,1,0,00,A01
200700081415,0,07,000,00,9,2,16,A01
200700081415,0,01,000,00,2,1,01,B01
200700081416,0,02,000,00,2,1,01,B01
200700081416,0,07,000,00,9,1,15,A01
200700081417,0,07,000,00,9,0,01,A01
200700081417,0,02,000,00,2,1,01,B01
200700081418,0,07,000,00,2,7,01,B01
200700081418,0,07,000,00,2,1,15,A01
200700081419,0,07,000,00,9,6,15,B01
200700081419,0,02,000,00,2,1,01,A01
200700081420,1,02,000,00,1,0,01,A01
200700081421,0,02,000,00,2,1,01,B01
200700081421,0,07,000,00,9,1,15,A01
200700081422,0,07,000,00,2,1,01,A01
200700081422,0,07,000,00,2,8,01,B01
200700081423,0,07,000,00,9,4,24,B01
200700081423,0,31,000,00,2,1,01,A01
200700081424,0,07,000,14,9,1,01,A01
200700081425,0,02,000,00,5,1,01,A01
200700081426,0,07,000,00,9,0,01,A01
200700081427,0,07,000,14,9,1,01,A01
200700081428,0,07,000,00,9,4,01,B01
200700081428,0,02,000,00,2,1,01,A01
200700081429,0,02,000,00,2,1,01,B01
200700081429,0,07,000,00,9,2,01,A01
200700081430,0,07,000,00,9,3,19,A01
200700081430,0,02,000,00,2,1,01,B01
200700081431,0,07,000,00,9,0,01,B01
200700081431,0,02,000,00,2,1,01,A01
200700081432,0,07,000,00,1,0,01,A01
200700081433,0,07,000,00,2,6,01,A01
200700081433,0,07,000,00,2,8,01,B01
200700081433,0,07,000,00,2,4,01,C01
200700081433,0,07,000,00,2,2,01,D01
200700081433,0,07,000,00,2,1,01,E01
200700081434,0,07,000,00,2,1,19,A01
200700081434,0,07,000,00,2,5,01,B01
200700081435,0,02,000,00,9,1,01,A01
200700081435,0,02,000,00,9,0,15,B01
200700081436,0,07,000,00,9,0,15,A01
200700081436,0,02,000,00,2,1,01,B01
200700081437,0,07,000,00,2,1,01,B01
200700081437,0,31,000,00,2,1,01,A01
200700081438,0,07,000,00,1,0,01,A01
200700081439,0,07,000,00,2,1,01,B01
200700081439,0,07,000,00,2,1,01,C01
200700081439,0,07,000,00,2,4,01,A01
200700081440,0,07,000,00,9,1,00,A01
200700081440,0,02,000,00,2,4,23,B01
200700081441,0,01,000,00,2,1,01,A01
200700081441,0,07,000,00,9,0,01,B01
200700081442,0,07,000,00,2,2,15,A01
200700081442,0,07,000,00,2,3,01,B01
200700081443,0,07,000,00,9,3,01,B01
200700081443,0,01,000,00,2,1,01,A01
200700081444,0,07,000,00,9,7,16,A01
200700081444,0,02,000,00,2,1,01,B01
200700081445,0,07,000,00,9,1,01,A01
200700081445,0,02,000,00,2,1,01,B01
200700081446,0,02,000,00,2,7,10,B01
200700081446,0,07,000,00,9,1,01,A01
200700081447,0,07,000,00,2,2,15,A01
200700081447,0,07,000,00,2,3,01,B01
200700081448,0,07,000,00,9,2,15,A01
200700081448,0,02,000,00,2,1,01,B01
200700081449,0,02,000,00,0,0,00,A01
200700081450,0,02,000,00,2,1,01,A01
200700081450,0,07,000,00,9,3,01,B01
200700081451,0,07,000,00,1,0,01,A01
200700081452,0,07,000,00,1,1,01,A01
200700081453,0,07,000,00,9,9,00,A01
200700081454,0,02,000,00,2,1,01,A01
200700081454,0,07,000,00,9,8,15,B01
200700081455,0,07,000,00,9,0,00,A01
200700081455,0,01,000,00,2,0,00,B01
200700081456,0,02,000,00,2,1,01,A01
200700081456,0,07,000,00,9,8,24,B01
200700081457,0,07,000,00,2,1,01,A01
200700081457,0,07,000,00,2,4,01,B01
200700081458,0,07,000,00,2,1,13,A01
200700081458,0,07,000,00,2,1,01,B01
200700081459,0,02,000,00,2,1,15,A01
200700081459,0,07,000,00,2,6,04,B01
200700081460,0,07,000,00,1,1,01,A01
200700081461,0,01,000,00,2,1,01,A01
200700081461,0,07,000,00,9,1,01,B01
200700081462,0,07,000,00,0,9,01,A01
200700081463,0,01,000,00,2,1,05,A01
200700081463,0,07,000,00,2,1,01,B01
200700081464,0,07,000,00,1,1,01,A01
200700081465,0,33,000,13,0,0,01,A01
200700081466,0,07,000,00,2,3,01,A01
200700081466,0,01,000,00,2,1,01,B01
200700081467,0,07,000,04,0,9,01,A01
200700081468,0,02,000,00,2,1,01,A01
200700081468,0,07,000,00,2,6,01,B01
200700081469,0,02,000,00,2,1,01,A01
200700081469,0,07,000,00,2,2,01,B01
200700081470,0,07,000,15,0,1,00,A01
200700081471,0,02,000,00,1,2,07,A01
200700081472,0,33,000,00,2,7,21,A01
200700081472,0,07,000,00,2,1,13,B01
200700081473,0,02,000,00,1,1,01,A01
200700081474,0,07,000,00,2,1,01,A01
200700081474,0,05,000,00,2,4,23,B01
200700081474,0,07,000,00,2,6,01,C01
200700081475,0,07,000,00,2,2,01,A01
200700081475,0,07,000,00,0,6,23,B01
200700081475,0,07,000,00,0,4,23,C01
200700081476,0,07,000,00,2,8,20,A01
200700081476,0,02,000,00,2,7,17,B01
200700081477,0,07,000,00,2,1,13,A01
200700081477,0,15,000,00,2,3,01,B01
200700081478,0,07,000,00,2,2,01,A01
200700081478,0,33,000,00,2,1,01,B01
200700081479,0,07,000,00,2,3,15,A01
200700081479,0,02,000,00,2,1,01,B01
200700081480,0,07,000,00,2,2,01,A01
200700081480,0,07,000,00,2,1,01,B01
200700081481,0,07,000,00,2,2,01,A01
200700081481,0,07,000,00,2,3,02,B01
200700081482,0,07,000,00,1,2,01,A01
200700081483,0,02,000,00,2,1,01,A01
200700081483,0,07,000,00,2,3,01,B01
200700081484,0,07,000,16,0,1,14,A01
200700081485,0,01,000,00,2,1,02,A01
200700081485,0,07,000,00,0,6,01,B01
200700081486,0,07,000,00,1,2,01,A01
200700081487,0,07,000,00,2,1,01,A01
200700081487,0,07,000,00,2,4,15,B01
200700081488,0,10,000,00,2,1,01,A01
200700081488,0,07,000,00,2,4,02,B01
200700081489,0,10,000,00,2,7,15,A01
200700081489,0,31,000,00,2,1,01,B01
200700081490,0,07,000,00,2,8,09,A01
200700081490,0,30,000,00,2,1,01,B01
200700081491,0,07,000,13,0,1,01,A01
200700081492,0,07,000,01,0,1,01,A01
200700081532,0,07,000,00,2,8,01,A01
200700081532,0,07,000,00,2,1,00,B02
200700081532,0,07,000,00,2,1,13,C03
200700081532,0,07,000,00,2,8,01,D04
200700081533,0,07,000,00,1,3,01,A01
200700081534,0,07,000,00,2,2,01,A01
200700081534,0,07,000,00,2,3,01,B02
200700081534,0,07,000,00,2,3,01,C03
200700081535,0,10,000,00,2,3,01,A01
200700081535,0,33,000,00,2,1,13,B02
200700081536,0,07,000,00,2,3,17,A01
200700081536,0,07,000,00,2,3,01,B02
200700081536,0,07,000,00,2,2,01,C03
200700081537,0,33,000,01,0,1,01,A01
200700081537,0,10,000,00,0,8,24,B02
200700081538,0,38,000,00,2,2,15,A01
200700081538,0,31,000,00,2,1,01,B02
200700081539,0,31,000,00,2,1,13,A01
200700081539,0,07,000,00,2,3,01,B02
200700081540,0,33,000,00,2,2,02,A01
200700081540,0,07,000,00,0,6,01,B02
200700081541,0,07,000,00,2,1,01,A01
200700081541,0,07,000,00,2,4,01,B02
200700081542,0,02,000,00,2,1,01,A01
200700081542,0,07,000,00,2,4,01,B02
200700081543,0,07,000,00,1,2,14,A01
200700081544,0,30,000,00,0,8,02,A01
200700081544,0,07,000,00,0,4,00,B02
200700081545,0,07,000,08,1,2,14,A01
200700081546,0,07,000,00,1,3,13,A01
200700081547,0,07,000,00,1,7,16,A01
200700081548,0,07,000,00,2,3,13,A01
200700081548,0,02,000,00,2,1,01,B02
200700081549,0,33,000,00,2,9,17,A01
200700081549,0,07,000,00,2,3,01,B02
200700081549,0,07,000,00,2,3,01,C03
200700081550,0,07,000,03,0,1,01,A01
200700081551,0,31,000,00,2,0,00,A01
200700081551,0,07,000,00,0,8,15,B02
200700081552,0,07,000,00,2,1,01,A01
200700081552,0,07,000,00,2,1,01,B02
200700081553,0,07,000,08,0,1,02,A01
200700081554,0,07,000,00,2,1,13,A01
200700081554,0,02,000,00,2,8,13,B02
200700081555,0,14,000,00,2,1,13,A01
200700081555,0,07,000,00,2,3,00,B02
200700081556,0,07,000,00,2,7,01,B02
200700081556,0,07,000,00,2,3,23,C03
200700081556,0,07,000,00,2,1,19,A01
200700081557,0,07,000,00,2,9,01,A01
200700081558,0,10,000,00,2,8,15,A01
200700081558,0,02,000,00,2,1,17,B02
200700081559,0,07,000,00,1,2,17,A01
200700081560,0,07,000,13,9,1,01,A01
200700081561,0,31,000,00,2,8,16,A01
200700081562,0,17,000,00,2,3,01,A01
200700081562,0,10,000,00,2,3,13,B02
200700081563,0,13,000,00,2,1,13,A01
200700081563,0,02,000,00,2,1,01,B02
200700081564,0,07,000,16,0,9,17,A01
200700081565,0,07,000,00,2,7,09,A01
200700081565,0,33,000,00,2,1,01,B02
200700081565,0,33,000,00,2,2,01,C03
200700081566,0,07,000,00,2,5,15,A01
200700081566,0,34,000,00,2,1,01,B02
200700081567,0,10,000,00,2,7,16,A01
200700081567,0,01,000,00,2,8,01,B02
200700081568,0,07,000,00,1,3,00,A01
200700081569,0,07,000,00,2,1,21,B02
200700081569,0,07,000,00,2,3,01,C03
200700081569,0,07,000,00,2,1,01,D04
200700081570,0,10,000,00,2,2,15,A01
200700081570,0,02,000,00,2,1,01,B02
200700081571,0,07,000,00,2,6,11,A01
200700081571,0,30,000,00,2,1,17,B02
200700081572,0,30,000,00,2,1,01,A01
200700081572,0,07,000,00,0,5,20,B02
200700081572,0,07,000,00,0,0,20,C03
200700081573,0,31,000,00,2,4,02,A01
200700081573,0,07,000,00,2,1,02,B02
200700081574,0,07,000,00,0,0,00,A01
200700081574,0,01,000,00,2,4,02,B02
200700081574,0,01,000,00,2,4,01,C03
200700081575,0,07,000,00,2,2,00,A01
200700081575,0,07,000,00,2,1,01,B02
200700081576,0,07,000,00,2,2,01,A01
200700081576,0,02,000,00,0,4,01,B02
200700081577,0,10,000,00,2,3,13,A01
200700081577,0,07,000,00,2,1,13,B02
200700081578,0,07,000,00,2,8,23,A01
200700081578,0,07,000,01,0,3,00,B02
200700081579,0,07,000,13,0,2,01,A01
200700081580,0,01,000,00,0,4,02,A01
200700081580,0,07,000,00,9,1,02,B02
200700081581,0,07,000,00,0,0,01,A01
200700081582,0,31,000,00,2,1,13,A01
200700081582,0,07,000,00,2,3,01,B02
200700081583,0,02,000,00,2,1,01,A01
200700081583,0,07,000,00,2,8,01,B02
200700081584,0,02,000,00,0,1,01,A01
200700081585,0,07,000,00,1,2,01,A01
200700081586,0,07,000,00,2,3,01,A01
200700081586,0,32,000,00,2,1,07,B02
200700081587,0,07,000,00,2,1,17,A01
200700081587,0,17,000,00,2,3,01,B02
200700081587,0,14,000,00,2,3,01,C03
200700081588,0,33,000,00,2,1,09,A01
200700081588,0,07,000,00,2,1,01,B02
200700081589,0,33,000,06,0,1,13,A01
200700081590,0,07,000,00,2,1,05,B02
200700081591,0,07,000,00,1,2,01,A01
200700081592,0,07,000,00,2,3,21,A01
200700081592,0,01,000,00,0,4,13,B02
200700081593,0,07,000,00,1,2,01,A01
200700081594,0,10,000,08,0,1,16,A01
200700081629,0,07,000,00,2,2,01,A01
200700081629,0,07,000,00,2,3,16,B02
200700081630,0,07,000,00,0,8,01,A01
200700081631,0,10,000,00,2,2,13,A01
200700081631,0,07,000,00,2,1,01,B02
200700081635,0,07,000,00,1,7,01,A01
200700081638,0,33,000,04,0,8,17,A01
200700081639,0,07,000,00,1,1,01,A01
200700081640,0,07,000,08,0,3,01,A01
200700081641,0,31,000,00,1,1,01,A01
200700081642,0,10,000,00,2,3,01,A01
200700081642,0,01,000,00,2,1,02,B02
200700081643,0,02,000,00,0,1,01,A01
200700081644,0,07,000,00,2,2,17,A01
200700081644,0,01,000,00,2,6,15,B02
200700081647,0,31,000,09,0,1,01,A01
200700081648,0,01,000,00,2,9,01,A01
200700081648,0,07,000,00,2,3,16,B01
200700081649,0,07,000,00,1,1,00,A01
200700081650,0,34,000,00,2,1,00,A01
200700081650,0,07,000,00,2,3,00,B01
200700081651,0,07,000,00,2,8,00,A01
200700081651,0,30,000,00,2,1,00,B01
200700081652,0,07,000,00,1,1,17,A01
200700081653,0,07,000,00,2,0,00,A01
200700081653,0,07,000,00,2,0,00,B01
200700081654,0,32,000,00,2,1,00,B01
200700081654,0,07,000,00,2,3,00,A01
200700081655,0,33,000,10,0,9,00,A01
200700081656,0,07,000,00,1,5,00,A01
200700081657,0,07,000,00,2,3,00,A01
200700081657,0,30,000,00,2,1,00,B01
200700081658,0,07,000,08,0,7,00,A01
200700081659,0,07,000,02,0,0,00,A01
200700081660,0,07,000,00,2,2,00,A01
200700081660,0,02,000,00,2,1,00,B01
200700081661,0,30,000,00,0,0,00,A01
200700081662,0,07,000,00,2,0,15,A01
200700081662,0,05,000,00,2,0,01,B01
200700081663,0,07,000,00,0,0,01,A01
200700081664,0,07,000,00,2,2,01,A01
200700081664,0,07,000,00,2,1,01,B01
200700081665,0,01,000,01,0,0,01,A01
200700081665,0,07,000,00,2,8,24,B01
200700081666,0,07,000,00,2,9,01,A01
200700081666,0,07,000,00,2,1,13,B01
200700081667,1,99,000,00,0,0,00,A01
200700081667,0,07,000,00,2,8,01,B01
200700081668,0,07,000,00,1,0,01,A01
200700081669,0,07,000,00,2,1,01,A01
200700081669,0,04,000,00,2,0,13,B01
200700081670,1,99,000,00,0,0,00,A01
200700081671,1,99,000,00,0,0,00,A01
200700081672,0,01,000,00,0,0,00,A01
200700081673,0,07,000,00,1,0,00,A01
200700081674,0,07,000,00,2,0,00,A01
200700081674,2,99,000,00,0,0,00,B01
200700081675,0,99,000,00,0,0,00,A01
200700081675,0,07,000,00,2,8,15,B01
200700081676,1,05,000,00,0,0,00,A01
200700081677,2,05,000,01,2,0,13,A01
200700081677,0,07,000,00,2,2,24,B01
200700081677,0,07,000,00,2,1,01,C01
200700081678,0,07,000,00,2,0,01,A01
200700081678,0,07,000,00,2,0,01,B01
200700081679,0,07,000,13,0,2,14,A01
200700081680,0,07,000,00,2,7,01,A01
200700081680,0,05,000,00,2,1,01,B01
200700081681,0,07,000,00,2,1,02,A01
200700081681,0,07,000,00,2,4,02,B01
200700081681,0,07,000,00,2,4,02,C01
200700081682,1,99,000,00,1,0,00,A01
200700081683,0,07,000,00,2,1,01,B01
200700081683,1,99,000,00,0,0,00,A01
200700081684,0,02,000,00,2,1,02,A01
200700081684,0,07,000,00,2,5,02,B01
200700081685,0,07,000,00,2,1,01,A01
200700081685,0,07,000,00,2,4,01,B01
200700081686,0,05,000,00,2,0,01,A01
200700081686,0,07,000,00,2,1,01,B01
200700081687,0,07,000,04,0,9,01,A01
200700081688,0,07,000,01,0,0,01,A01
200700081688,0,07,000,00,0,0,24,B01
200700081689,0,07,000,00,1,0,01,A01
200700081690,0,01,000,00,2,7,15,A01
200700081690,0,01,000,00,2,0,01,B01
200700081691,0,04,000,00,2,1,17,A01
200700081691,0,07,000,00,2,8,15,B01
200700081692,0,02,000,00,2,1,01,A01
200700081692,1,07,000,00,2,5,15,B01
200700081693,0,07,000,00,2,1,15,A01
200700081693,0,07,000,00,2,3,23,B01
200700081694,0,07,000,00,0,0,01,A01
200700081695,0,07,000,00,2,2,15,A01
200700081695,0,02,000,00,2,1,01,B01
200700081696,0,07,000,00,1,0,01,A01
200700081697,0,07,000,00,2,1,01,A01
200700081697,0,07,000,00,2,1,01,B01
200700081698,0,07,000,00,2,1,13,A01
200700081698,0,07,000,00,2,5,01,B01
200700081698,0,07,000,00,2,6,01,C01
200700081699,0,07,000,00,2,9,01,A01
200700081699,0,04,000,00,2,9,01,B01
200700081700,0,99,000,00,0,0,00,A01
200700081700,0,07,000,00,2,6,02,B01
200700081701,0,05,000,12,0,0,00,A01
200700081702,0,02,000,00,2,1,17,A01
200700081702,2,07,000,00,2,5,01,B01
200700081703,0,07,000,00,2,4,02,A01
200700081703,0,07,000,00,2,1,02,B01
200700081704,0,05,000,00,0,0,14,A01
200700081705,0,07,000,01,2,1,01,A01
200700081705,0,07,000,00,2,3,01,B01
200700081706,0,07,000,00,2,4,02,A01
200700081706,0,07,000,00,2,1,02,B01
200700081707,0,07,000,00,2,7,00,A01
200700081707,0,30,000,00,2,9,03,B01
200700081708,0,07,000,14,2,9,05,A01
200700081708,0,07,000,00,2,3,01,B01
200700081709,0,02,000,06,0,1,01,A01
200700081710,0,07,000,00,2,4,02,A01
200700081710,0,07,000,00,2,1,02,B01
200700081711,0,07,000,00,2,2,00,A01
200700081711,0,02,000,00,2,1,03,B01
200700081712,0,07,000,00,9,1,01,A01
200700081712,0,01,000,00,2,1,15,B01
200700081713,0,05,000,00,2,9,03,A01
200700081713,0,07,000,00,2,5,00,B01
200700081713,0,07,000,00,2,7,01,C01
200700081714,0,07,000,00,2,9,03,A01
200700081714,0,07,000,00,2,6,01,B01
200700081714,0,05,000,00,2,9,01,C01
200700081715,0,07,000,00,2,1,13,A01
200700081715,0,07,000,00,2,0,01,B01
200700081715,0,05,000,00,2,1,01,C01
200700081716,0,02,000,00,2,9,01,A01
200700081716,0,05,000,00,2,1,01,B01
200700081717,0,05,000,00,0,9,01,A01
200700081718,0,07,000,00,2,1,02,A01
200700081718,0,07,000,00,0,4,02,B01
200700081719,0,07,000,00,2,1,01,A01
200700081719,0,05,000,00,2,0,01,B01
200700081720,0,07,000,08,2,3,15,A01
200700081720,0,10,000,00,2,1,17,B01
200700081721,0,07,000,00,2,8,15,A01
200700081721,0,05,000,00,2,7,17,B01
200700081722,0,07,000,00,2,4,02,A01
200700081722,0,07,000,00,2,1,02,B01
200700081723,0,07,000,04,0,3,01,A01
200700081724,0,07,000,04,0,9,00,A01
200700081725,0,07,000,01,0,1,00,A01
200700081725,0,07,000,00,2,3,00,B01
200700081726,0,07,000,00,1,1,01,A01
200700081727,0,07,000,00,2,4,04,A01
200700081727,0,05,000,00,2,0,00,B01
200700081728,0,07,000,13,0,9,01,A01
200700081729,0,01,000,00,9,9,00,A01
200700081729,0,01,000,00,9,9,00,B01
200700081730,0,07,000,00,1,4,04,A01
200700081731,0,07,000,00,1,1,01,A01
200700081732,0,07,000,00,9,0,00,A01
200700081732,0,02,000,00,2,0,01,B01
200700081733,0,02,000,00,2,1,01,A01
200700081733,0,07,000,00,9,1,01,B01
200700081734,0,07,000,00,2,1,01,A01
200700081734,0,07,000,00,2,2,00,B01
200700081735,0,30,000,00,2,0,00,A01
200700081735,0,07,000,00,9,1,00,B01
200700081736,1,07,000,00,1,0,00,A01
200700081737,0,07,000,00,2,0,00,A01
200700081737,0,07,000,00,2,0,00,B01
200700081738,0,07,000,00,9,1,01,B01
200700081738,0,01,000,00,2,4,01,A01
200700081739,0,02,000,00,0,1,01,A01
200700081740,0,07,000,00,9,7,15,A01
200700081740,0,02,000,00,2,2,01,B01
200700081741,1,07,000,00,1,0,00,A01
200700081742,0,07,000,00,9,2,01,A01
200700081742,0,01,000,00,2,4,00,B01
200700081743,0,02,000,00,2,1,01,A01
200700081743,0,07,000,00,9,4,01,B01
200700081744,0,07,000,00,0,1,01,A01
200700081745,0,02,000,00,2,2,01,B01
200700081745,0,07,000,00,9,3,15,A01
200700081746,0,02,000,00,9,1,15,A01
200700081746,0,02,000,00,9,1,01,B01
200700081747,0,07,000,00,9,3,15,A01
200700081747,0,02,000,00,2,1,01,B01
200700081748,0,07,000,00,1,0,01,A01
200700081749,0,07,000,00,9,1,15,A01
200700081749,0,31,000,00,2,1,01,B01
200700081750,0,02,000,00,2,8,01,A01
200700081750,0,07,000,00,9,4,01,B01
200700081751,0,07,000,00,1,0,00,A01
200700081752,0,07,000,00,9,1,01,A01
200700081752,0,01,000,00,2,0,01,B01
200700081753,0,07,000,00,9,8,15,A01
200700081753,0,02,000,00,2,1,01,B01
200700081754,0,07,000,00,9,2,01,A01
200700081754,0,02,000,00,2,1,01,B01
200700081755,1,07,000,00,9,0,01,A01
200700081755,0,01,000,00,2,1,01,B01
200700081756,0,02,000,00,2,1,17,A01
200700081756,0,07,000,00,9,1,15,B01
200700081757,0,31,000,00,2,1,18,A01
200700081757,0,07,000,00,9,1,16,B01
200700081758,0,07,000,00,9,5,01,A01
200700081758,0,02,000,00,2,8,01,B01
200700081759,0,07,000,00,9,0,15,A01
200700081759,0,02,000,00,2,3,23,B01
200700081760,0,07,000,00,9,8,15,A01
200700081760,0,02,000,00,2,1,01,B01
200700081761,0,07,000,00,9,1,09,A01
200700081761,0,02,000,00,2,1,01,B01
200700081762,0,07,000,00,9,1,19,A01
200700081762,0,02,000,00,2,1,01,B01
200700081763,0,07,000,00,9,3,15,B01
200700081763,0,02,000,00,2,7,17,A01
200700081764,0,07,000,08,0,1,01,A01
200700081765,0,02,000,00,2,1,01,A01
200700081765,0,07,000,00,9,4,00,B01
200700081766,0,02,000,00,2,1,01,B01
200700081766,0,07,000,00,9,7,19,A01
200700081767,1,07,000,00,9,0,00,A01
200700081768,0,07,000,00,9,4,24,A01
200700081768,0,31,000,01,2,7,13,B01
200700081769,0,04,000,00,2,1,17,A01
200700081769,0,07,000,00,2,8,15,B01
200700081770,0,05,000,00,2,1,01,B01
200700081770,0,07,000,00,2,5,01,A01
200700081771,0,07,000,00,1,1,01,A01
200700081772,0,07,000,00,2,7,15,A01
200700081772,0,07,000,00,2,1,01,B01
200700081773,0,07,000,00,0,0,14,A01
200700081774,0,02,000,00,0,6,14,A01
200700081775,0,05,000,00,2,1,01,A01
200700081775,0,07,000,00,2,7,01,B01
200700081776,0,07,000,00,1,7,01,A01
200700081777,0,02,000,01,0,1,02,A01
200700081777,0,07,000,00,0,5,02,B01
200700081778,0,07,000,00,9,5,15,A01
200700081778,0,01,000,00,2,1,01,B01
200700081779,0,07,000,00,2,6,02,A01
200700081779,0,07,000,00,0,4,02,B01
200700081780,0,07,000,08,0,8,01,A01
200700081780,0,07,000,00,0,7,02,B01
200700081781,0,07,000,00,1,2,01,A01
200700081782,0,10,000,00,1,2,01,A01
200700081783,0,16,000,00,2,1,01,A01
200700081783,0,07,000,00,2,4,23,B01
200700081783,0,07,000,00,0,4,23,C01
200700081784,0,07,000,00,1,2,01,A01
200700081785,0,01,000,00,2,1,05,A01
200700081785,0,07,000,00,9,1,01,B01
200700081786,0,02,000,00,2,1,17,A01
200700081786,0,07,000,00,0,6,01,B01
200700081786,0,07,000,00,2,8,01,C01
200700081787,0,31,000,00,2,2,17,A01
200700081787,0,07,000,00,2,3,15,B01
200700081788,0,02,000,00,2,1,07,A01
200700081788,0,34,000,00,2,3,15,B01
200700081789,0,07,000,00,1,3,01,A01