Num_Acc,senc,catv,occutc,obs,obsm,choc,manv,num_veh
200700081790,0,10,000,00,1,2,01,A01
200700081791,0,10,000,02,0,1,01,A01
200700081792,0,07,000,00,1,3,01,A01
200700081793,0,30,000,00,2,3,01,A01
200700081793,1,07,000,00,2,2,15,B01
200700081794,0,07,000,00,2,3,19,A01
200700081794,0,30,000,00,2,1,01,B01
200700081795,0,10,000,00,2,1,01,A01
200700081795,0,10,000,00,2,4,01,B01
200700081796,0,07,000,00,1,1,01,A01
200700081797,0,30,000,00,2,8,15,B01
200700081797,0,07,000,00,2,1,19,A01
200700081798,0,07,000,00,2,1,15,A01
200700081798,0,33,000,00,2,2,01,B01
200700081856,0,31,000,03,0,1,01,A01
200700081857,0,07,000,00,2,8,17,A01
200700081857,0,33,000,00,2,1,17,B02
200700081858,0,33,000,01,0,1,01,A01
200700081859,0,07,000,00,1,3,01,A01
200700081860,0,07,000,15,1,2,01,A01
200700081861,0,07,000,00,2,1,13,A01
200700081861,0,07,000,00,2,1,01,B02
200700081861,0,07,000,00,2,1,01,C03
200700081862,0,33,000,00,2,8,17,A01
200700081862,0,07,000,00,2,3,14,B02
200700081863,0,33,000,11,0,1,01,A01
200700081864,0,38,000,00,1,3,16,A01
200700081865,0,07,000,00,2,3,17,A01
200700081865,0,07,000,00,2,3,03,B02
200700081866,0,07,000,00,0,3,15,A01
200700081866,0,33,000,00,0,1,01,B02
200700081867,0,07,000,00,2,1,01,A01
200700081867,0,07,000,00,2,1,01,B02
200700081868,0,14,000,00,1,2,01,A01
200700081869,0,07,000,00,2,2,01,B02
200700081869,0,07,000,00,2,3,15,A01
200700081870,0,30,000,00,2,3,01,A01
200700081870,0,31,000,00,2,1,13,B02
200700081871,0,07,000,00,2,1,15,A01
200700081871,0,07,000,00,2,1,01,B02
200700081872,0,02,000,00,0,7,01,A01
200700081873,0,07,000,00,2,6,15,A01
200700081873,0,32,000,00,2,1,01,B02
200700081874,0,07,000,00,0,8,15,A01
200700081874,0,02,000,00,2,1,01,B02
200700081875,0,07,000,00,2,3,01,A01
200700081875,0,31,000,00,2,1,01,B02
200700081876,0,07,000,00,2,7,13,A01
200700081876,0,10,000,00,2,1,01,B02
200700081877,0,07,000,00,2,7,13,A01
200700081877,0,07,000,00,2,1,01,B02
200700081878,0,07,000,13,0,1,13,A01
200700081879,0,07,000,00,2,2,15,A01
200700081879,0,31,000,00,2,1,17,B02
200700081880,0,07,000,00,2,2,13,A01
200700081880,0,30,000,00,2,1,01,B02
200700081881,0,07,000,00,2,8,15,A01
200700081881,0,02,000,00,2,1,01,B02
200700081882,0,07,000,00,0,1,15,A01
200700081882,0,07,000,00,0,1,01,B02
200700081883,0,07,000,00,0,1,01,A01
200700081884,0,07,000,00,2,1,17,A01
200700081884,0,07,000,00,2,3,01,B02
200700081885,0,07,000,00,2,3,15,A01
200700081885,0,02,000,00,2,1,02,B02
200700081886,0,07,000,06,0,1,17,A01
200700081886,0,07,000,00,2,3,13,B02
200700081887,0,30,000,00,0,3,02,A01
200700081887,0,07,000,00,0,2,17,B02
200700081888,0,07,000,00,2,2,17,A01
200700081888,0,02,000,00,2,3,15,B02
200700081889,0,07,000,13,0,1,01,A01
200700081890,0,02,000,02,0,1,01,A01
200700081891,0,33,000,00,0,0,13,A01
200700081892,0,33,000,08,2,1,13,A01
200700081892,0,07,000,00,2,2,01,B02
200700081893,0,07,000,03,0,3,14,A01
200700081894,0,10,000,00,1,1,01,A01
200700081895,0,07,000,00,2,7,15,A01
200700081895,0,33,000,00,2,1,01,B02
200700081896,0,20,000,00,1,2,16,A01
200700081897,0,01,000,06,0,1,01,A01
200700081898,0,02,000,00,0,1,01,A01
200700081899,0,07,000,00,2,1,15,A01
200700081899,0,02,000,00,2,1,01,B02
200700081900,0,33,000,00,0,1,01,A01
200700081901,0,07,000,00,0,1,15,A01
200700081901,0,02,000,00,0,1,01,B02
200700081902,0,07,000,00,1,3,01,A01
200700081903,0,30,000,00,2,2,15,A01
200700081903,0,07,000,00,2,1,01,B02
200700081904,0,10,000,00,2,1,13,A01
200700081904,0,07,000,00,2,1,01,B02
200700081904,0,07,000,00,2,3,02,C03
200700081923,0,07,000,00,2,3,01,A01
200700081923,0,31,000,00,2,3,01,B02
200700081924,0,07,000,00,2,2,15,A01
200700081924,0,01,000,00,0,1,01,B02
200700081928,0,33,000,15,0,8,13,A01
200700081929,0,07,000,00,2,2,10,A01
200700081929,0,30,000,00,2,1,01,B02
200700081930,0,02,000,00,2,8,13,A01
200700081930,0,07,000,00,2,3,01,B02
200700081931,0,10,000,00,2,6,19,A01
200700081931,0,33,000,00,2,1,01,B02
200700081933,0,07,000,00,2,2,15,A01
200700081933,0,07,000,00,2,1,01,B02
200700081934,2,33,000,00,1,1,01,A01
200700081935,0,07,000,00,0,1,01,A01
200700081935,0,07,000,00,0,1,13,B02
200700081936,0,07,000,00,0,1,01,A01
200700081936,0,07,000,00,0,0,01,B02
200700081937,0,07,000,00,1,3,01,A01
200700081938,0,07,000,00,2,1,11,A01
200700081938,0,02,000,00,2,1,02,B02
200700081939,0,07,000,00,2,3,00,A01
200700081939,0,32,000,00,0,1,00,B02
200700081940,0,01,000,00,2,8,15,A01
200700081940,0,07,000,00,2,2,17,B02
200700081944,0,07,000,00,1,3,01,A01
200700081945,0,07,000,00,2,3,13,A01
200700081945,0,07,000,00,2,3,01,B02
200700081946,0,13,000,00,1,2,01,A01
200700081947,0,07,000,00,1,1,01,A01
200700081948,0,33,000,11,0,7,17,A01
200700081949,0,10,000,03,0,1,01,A01
200700081950,0,07,000,00,2,4,17,A01
200700081951,0,33,000,00,2,1,01,A01
200700081951,0,02,000,00,2,1,17,B02
200700081955,0,07,000,00,1,1,01,A01
200700081956,0,07,000,00,2,8,01,A01
200700081956,0,07,000,00,2,3,13,B01
200700081957,0,32,000,00,2,1,17,A01
200700081957,0,07,000,00,9,3,15,B01
200700081958,0,07,000,00,2,2,00,A01
200700081958,0,07,000,00,2,3,00,C01
200700081958,0,07,000,00,2,1,00,B01
200700081959,1,07,000,03,1,0,00,A01
200700081960,0,07,000,00,1,1,00,A01
200700081961,0,33,000,00,2,1,00,A01
200700081961,0,07,000,00,2,6,00,B01
200700081962,0,30,000,00,0,1,00,A01
200700081963,0,02,000,00,2,1,00,B01
200700081963,0,07,000,00,2,7,00,A01
200700081964,0,07,000,00,2,1,00,A01
200700081964,0,07,000,00,2,5,00,B01
200700081965,0,07,000,15,2,9,00,A01
200700081965,0,07,000,00,0,1,00,B01
200700081966,0,07,000,00,2,1,00,A01
200700081966,0,02,000,00,2,1,00,B01
200700081967,0,07,000,00,2,6,00,A01
200700081967,0,31,000,00,2,1,00,B01
200700081968,0,07,000,00,1,3,01,A01
200700081969,0,07,000,08,0,1,00,A01
200700081970,0,07,000,00,2,1,01,A01
200700081971,0,07,000,00,1,0,00,A01
200700081972,0,07,000,00,0,0,01,A01
200700081972,0,14,000,00,0,0,01,B01
200700081973,0,07,000,00,2,1,01,A01
200700081973,0,07,000,00,2,1,01,B01
200700081974,0,07,000,00,1,0,01,A01
200700081975,1,07,000,00,2,1,01,A01
200700081975,0,07,000,00,2,4,02,B01
200700081975,0,07,000,00,2,4,02,C01
200700081976,0,07,000,00,1,4,04,A01
200700081977,0,32,000,00,2,7,18,A01
200700081977,0,07,000,00,2,0,01,B01
200700081978,0,07,000,00,2,0,00,A01
200700081978,0,32,000,00,2,0,00,B01
200700081979,0,07,000,00,2,7,15,A01
200700081979,0,07,000,00,2,0,01,B01
200700081980,0,07,000,00,2,1,13,A01
200700081980,0,01,000,00,2,0,01,B01
200700081981,0,30,000,00,2,1,19,A01
200700081981,0,07,000,00,2,1,19,B01
200700081982,0,30,000,00,2,1,13,A01
200700081982,0,07,000,00,2,7,01,B01
200700081983,0,07,000,14,0,9,01,A01
200700081984,1,34,000,00,2,0,00,B01
200700081984,0,07,000,01,2,7,01,A01
200700081985,0,30,000,00,0,0,00,A01
200700081986,0,07,000,00,2,1,01,A01
200700081986,0,07,000,00,2,3,15,B01
200700081987,1,07,000,00,1,0,00,A01
200700081988,0,07,000,00,2,0,01,A01
200700081988,0,07,000,00,2,0,02,B01
200700081989,0,07,000,00,2,0,00,A01
200700081989,0,02,000,00,9,0,00,B01
200700081990,0,07,000,00,2,2,00,A01
200700081990,0,31,000,00,2,1,00,B01
200700081991,0,01,000,00,2,0,01,A01
200700081991,0,07,000,00,9,5,01,B01
200700081992,0,07,000,00,0,0,01,A01
200700081993,0,07,000,00,1,0,01,A01
200700081994,0,07,000,00,2,4,04,A01
200700081994,0,02,000,00,2,0,01,B01
200700081995,0,07,000,00,1,0,01,A01
200700081996,0,32,000,00,2,1,01,A01
200700081997,0,07,000,01,0,1,01,A01
200700081997,0,07,000,00,2,4,24,B01
200700081998,0,07,000,00,2,7,13,A01
200700081998,0,02,000,00,2,0,01,B01
200700081999,0,07,000,00,0,9,01,A01
200700082000,0,07,000,00,2,0,09,A01
200700082000,0,32,000,01,2,0,01,B01
200700082001,0,07,000,04,0,9,01,A01
200700082002,0,07,000,00,1,0,01,A01
200700082003,0,31,000,00,2,7,01,A01
200700082003,0,07,000,00,2,8,13,B01
200700082004,0,07,000,00,2,1,17,A01
200700082004,0,30,000,01,2,9,02,B01
200700082005,0,07,000,00,0,0,00,A01
200700082005,0,32,000,00,2,0,02,B01
200700082006,0,07,000,00,2,4,23,B01
200700082006,0,07,000,01,0,1,21,A01
200700082007,0,07,000,00,1,0,01,A01
200700082008,0,07,000,00,0,0,01,A01
200700082009,0,33,000,00,2,7,09,A01
200700082009,0,16,000,00,2,3,01,B01
200700082010,0,07,000,00,9,3,02,A01
200700082010,0,01,000,00,2,4,02,B01
200700082011,0,07,000,15,2,2,01,A01
200700082011,0,07,000,13,2,4,01,B01
200700082011,0,99,000,00,2,4,01,C01
200700082012,0,07,000,04,1,2,14,A01
200700082012,0,07,000,01,2,9,24,B01
200700082013,0,07,000,00,2,8,15,A01
200700082013,0,05,000,00,2,9,01,B01
200700082014,0,02,000,00,2,1,01,A01
200700082014,1,05,000,00,2,1,01,B01
200700082015,0,07,000,00,0,2,01,A01
200700082015,0,07,000,04,2,9,01,B01
200700082016,0,07,000,00,2,3,05,A01
200700082016,0,05,000,00,2,1,01,B01
200700082017,0,05,000,00,2,8,01,A01
200700082017,0,07,000,00,2,0,09,B01
200700082018,0,07,000,00,2,2,15,A01
200700082018,0,02,000,00,2,1,01,B01
200700082019,0,02,000,00,2,1,02,A01
200700082019,0,07,000,00,2,4,02,B01
200700082020,0,05,000,00,0,9,03,A01
200700082021,0,07,000,00,1,3,01,A01
200700082022,0,07,000,00,2,5,12,A01
200700082022,0,05,000,00,2,1,01,B01
200700082023,0,07,000,00,2,4,01,A01
200700082023,0,07,000,00,2,1,02,B01
200700082023,0,07,000,00,2,4,02,C01
200700082024,0,07,000,08,0,9,01,A01
200700082025,0,07,000,00,2,3,01,A01
200700082025,0,07,000,00,2,8,01,B01
200700082025,1,07,000,00,2,0,00,C01
200700082026,0,07,000,00,9,1,01,A01
200700082026,0,02,000,00,2,1,18,B01
200700082027,0,07,000,00,9,7,15,A01
200700082027,0,02,000,00,2,1,01,B01
200700082028,1,07,000,00,9,0,00,A01
200700082028,0,02,000,00,2,0,01,B01
200700082029,0,07,000,00,9,1,15,A01
200700082029,0,02,000,00,2,1,01,B01
200700082030,0,02,000,00,9,0,01,A01
200700082030,0,33,000,00,9,5,15,B01
200700082031,0,33,000,00,9,1,00,A01
200700082031,0,02,000,00,2,1,01,B01
200700082032,0,02,000,00,5,1,01,A01
200700082033,0,07,000,00,9,1,16,A01
200700082033,0,02,000,00,2,1,01,B01
200700082034,0,01,000,00,2,0,14,A01
200700082034,0,07,000,00,9,2,01,B01
200700082035,0,02,000,00,2,1,01,A01
200700082035,0,07,000,00,9,7,16,B01
200700082036,0,07,000,00,9,1,01,A01
200700082037,0,33,000,00,2,1,17,A01
200700082037,0,07,000,00,9,3,01,B01
200700082038,0,02,000,00,2,1,01,A01
200700082038,0,07,000,00,9,1,01,B01
200700082039,0,07,000,00,9,1,01,A01
200700082039,0,02,000,00,2,1,01,B01
200700082040,0,07,000,00,9,3,19,A01
200700082040,0,02,000,00,2,1,01,B01
200700082041,0,01,000,00,2,1,01,A01
200700082041,0,07,000,01,9,0,19,B01
200700082042,1,07,000,00,1,0,00,A01
200700082043,0,07,000,00,9,5,01,B01
200700082043,0,01,000,00,2,0,15,A01
200700082044,0,07,000,00,2,2,17,A01
200700082044,0,07,000,00,2,3,01,B01
200700082045,0,07,000,00,9,1,01,B01
200700082045,0,02,000,00,2,1,01,A01
200700082046,0,02,000,00,2,1,13,A01
200700082046,0,07,000,00,9,2,01,B01
200700082047,0,02,000,00,0,4,01,A01
200700082048,0,07,000,00,9,0,00,A01
200700082048,0,30,000,00,2,1,00,B01
200700082049,0,02,000,00,9,3,10,A01
200700082049,0,02,000,00,9,1,01,B01
200700082050,0,02,000,00,0,0,00,A01
200700082051,0,02,000,00,2,1,00,A01
200700082051,0,07,000,00,9,0,00,B01
200700082052,0,32,000,00,2,1,00,A01
200700082052,0,07,000,00,9,4,00,B01
200700082053,0,07,000,00,2,8,01,B01
200700082053,1,07,000,00,2,0,00,A01
200700082054,0,02,000,00,9,8,00,A01
200700082054,0,02,000,00,9,3,00,B01
200700082055,0,02,000,00,0,0,00,A01
200700082056,0,07,000,00,9,3,15,A01
200700082056,0,02,000,00,2,1,01,B01
200700082057,0,07,000,00,1,1,01,A01
200700082058,0,07,000,00,1,0,00,A01
200700082059,0,07,000,00,0,7,01,A01
200700082060,0,07,000,00,2,2,01,A01
200700082060,0,07,000,00,2,1,01,B01
200700082061,0,31,000,00,9,0,01,A01
200700082061,0,01,000,00,9,0,01,B01
200700082062,1,02,000,00,1,0,00,A01
200700082063,0,07,000,00,9,8,15,A01
200700082063,0,02,000,00,2,1,23,B01
200700082064,0,01,000,00,2,0,00,A01
200700082064,0,07,000,00,9,1,00,B01
200700082065,0,07,000,00,2,3,01,A01
200700082065,0,07,000,00,2,8,00,B01
200700082066,0,07,000,00,1,0,00,A01
200700082067,0,30,000,00,0,0,00,A01
200700082068,0,02,000,00,9,1,00,A01
200700082068,0,30,000,00,0,1,00,B01
200700082069,0,33,000,00,2,9,00,A01
200700082069,0,07,000,00,9,1,01,B01
200700082070,0,02,000,00,2,1,01,A01
200700082070,1,07,000,00,9,0,00,B01
200700082071,0,07,000,01,0,4,02,B01
200700082071,0,02,000,00,2,8,00,A01
200700082072,0,02,000,00,2,1,15,A01
200700082072,0,07,000,06,9,2,01,B01
200700082073,0,07,000,00,2,4,00,A01
200700082074,0,01,000,00,2,8,19,A01
200700082074,0,02,000,00,2,1,01,B01
200700082075,0,33,000,01,0,1,01,A01
200700082075,0,07,000,00,2,4,24,B01
200700082076,0,07,000,00,2,2,10,A01
200700082076,0,30,000,00,2,1,01,B01
200700082077,0,07,000,00,1,1,01,A01
200700082078,0,07,000,00,2,2,15,A01
200700082078,0,07,000,00,2,1,01,B01
200700082079,0,07,000,00,2,8,01,B01
200700082079,0,01,000,00,2,1,15,A01
200700082080,0,07,000,00,2,3,13,A01
200700082080,0,07,000,00,2,8,01,B01
200700082080,0,07,000,00,2,3,01,C01
200700082080,0,07,000,00,2,3,01,D01
200700082081,0,07,000,00,2,2,15,A01
200700082081,0,30,000,00,2,1,01,B01
200700082082,0,02,000,00,2,1,01,A01
200700082082,0,01,000,00,2,4,01,B01
200700082083,0,01,000,00,2,4,01,B01
200700082083,0,07,000,00,2,1,09,A01
200700082084,0,30,000,00,1,1,01,A01
200700082085,0,07,000,00,2,1,01,A01
200700082085,0,01,000,00,2,1,01,B01
200700082085,0,01,000,00,2,1,01,C01
200700082086,0,07,000,00,1,0,20,A01
200700082087,0,10,000,00,1,4,04,A01
200700082088,0,07,000,00,2,3,01,B01
200700082088,0,07,000,00,2,1,15,A01
200700082089,0,07,000,00,2,2,01,A01
200700082089,0,31,000,00,2,1,15,B01
200700082090,0,02,000,00,2,7,15,A01
200700082090,0,10,000,00,2,3,01,B01
200700082091,0,07,000,00,2,2,15,A01
200700082091,0,02,000,00,2,1,01,B01
200700082092,0,07,000,00,2,2,01,A01
200700082092,0,13,000,00,2,3,01,B01
200700082093,0,37,020,00,1,1,15,A01
200700082094,0,01,000,00,2,1,05,A01
200700082094,0,07,000,00,2,1,01,B01
200700082095,0,07,000,00,0,0,01,A01
200700082096,0,07,000,00,1,2,16,A01
200700082097,0,07,000,00,2,2,15,A01
200700082097,0,02,000,00,2,1,01,B01
200700082098,0,07,000,00,2,3,01,B01
200700082098,0,07,000,00,2,2,01,A01
200700082099,0,07,000,00,2,2,15,A01
200700082099,0,02,000,00,2,1,01,B01
200700082100,0,07,000,00,2,1,01,A01
200700082100,0,07,000,00,0,4,01,B01
200700082101,0,07,000,00,2,1,01,A01
200700082101,0,02,000,00,2,1,01,B01
200700082102,0,07,000,00,2,1,01,A01
200700082102,0,02,000,00,2,4,01,B01
200700082103,0,30,000,00,2,7,15,A01
200700082103,0,33,000,00,2,1,01,B01
200700082104,0,30,000,00,2,1,02,A01
200700082104,0,07,000,00,0,4,23,B01
200700082105,0,07,000,00,9,0,01,A01
200700082106,0,07,000,00,1,1,01,A01
200700082107,0,30,000,00,2,1,05,A01
200700082107,0,07,000,00,2,1,01,B01
200700082108,0,07,000,00,1,1,01,A01
200700082109,0,07,000,00,2,1,02,A01
200700082109,0,07,000,00,2,4,01,B01
200700082110,0,07,000,00,2,7,15,A01
200700082110,0,30,000,00,2,1,01,B01
200700082111,2,07,000,00,2,3,01,A01
200700082111,0,31,000,00,2,1,01,B01
200700082112,0,33,000,00,0,1,01,A01
200700082113,0,07,000,00,2,7,15,A01
200700082113,0,02,000,00,2,1,01,B01
200700082154,0,07,000,00,2,1,13,A01
200700082154,0,07,000,00,2,1,01,B02
200700082155,0,07,000,00,2,2,01,A01
200700082155,0,07,000,00,2,2,01,B02
200700082156,0,07,000,00,2,1,13,A01
200700082156,0,17,000,00,0,0,00,C03
200700082157,0,33,000,00,2,1,01,A01
200700082157,0,07,000,00,2,5,15,B02
200700082158,0,07,000,00,2,1,01,A01
200700082158,0,30,000,00,2,1,15,B02
200700082159,0,07,000,13,0,2,02,A01
200700082160,0,07,000,00,0,6,06,A01
200700082160,0,07,000,00,0,3,01,B02
200700082161,0,01,000,00,1,1,01,A01
200700082162,0,07,000,00,2,1,15,A01
200700082162,0,31,000,00,2,1,00,B02
200700082163,0,07,000,06,1,3,01,A01
200700082164,0,07,000,00,2,6,01,A01
200700082164,0,07,000,00,2,3,05,B02
200700082165,0,07,000,00,1,2,01,A01
200700082166,0,36,000,02,0,5,02,A01
200700082167,0,07,000,00,2,6,11,A01
200700082167,0,33,000,00,2,1,01,B02
200700082167,0,33,000,00,2,7,01,C03
200700082168,0,07,000,00,2,1,01,A01
200700082168,0,07,000,00,2,3,04,B02
200700082168,0,07,000,00,2,7,09,C03
200700082169,0,37,000,00,2,1,01,A01
200700082169,0,07,000,00,2,8,01,B02
200700082169,0,07,000,15,2,9,15,C03
200700082170,0,07,000,00,2,7,15,A01
200700082170,0,02,000,00,2,1,01,B02
200700082171,0,07,000,00,2,2,14,A01
200700082171,0,07,000,00,2,6,01,B02
200700082172,0,07,000,00,1,8,01,A01
200700082173,0,33,000,00,2,4,17,A01
200700082173,0,10,000,00,2,1,01,B02
200700082174,0,30,000,01,0,1,06,A01
200700082175,0,30,000,00,2,1,17,A01
200700082175,0,07,000,00,2,6,15,B02
200700082176,0,14,000,00,2,1,02,A01
200700082176,0,30,000,00,2,4,02,B02
200700082177,0,31,000,08,0,1,01,A01
200700082178,0,07,000,00,2,1,17,A01
200700082178,0,21,000,00,2,3,02,B02
200700082179,0,07,000,00,2,1,13,A01
200700082179,0,07,000,00,2,1,01,B02
200700082180,0,07,000,00,2,2,01,A01
200700082180,0,21,000,00,0,0,01,B02
200700082181,0,02,000,16,0,1,01,A01
200700082182,0,32,000,00,2,1,05,A01
200700082182,0,07,000,00,2,1,01,B02
200700082183,0,07,000,00,2,1,01,A01
200700082183,0,07,000,00,2,4,01,B02
200700082183,0,07,000,00,2,4,01,C03
200700082184,0,07,000,00,2,8,01,B02
200700082184,0,10,000,00,2,2,19,A01
200700082185,0,33,000,00,2,1,01,A01
200700082185,0,30,000,00,2,1,13,B02
200700082186,0,01,000,00,2,4,01,A01
200700082187,0,07,000,00,2,8,15,A01
200700082187,0,33,000,00,2,1,00,B02
200700082188,0,07,000,00,2,3,15,A01
200700082188,0,31,000,00,2,1,17,B02
200700082189,0,07,000,00,0,1,02,A01
200700082189,0,02,000,00,0,4,02,B02
200700082190,0,07,000,00,2,3,21,A01
200700082190,0,30,000,00,0,8,15,B02
200700082191,0,07,000,00,1,4,04,A01
200700082192,0,07,000,00,0,1,00,A01
200700082193,0,30,000,00,2,2,14,A01
200700082193,0,07,000,00,2,3,01,B02
200700082194,0,30,000,01,0,1,01,A01
200700082195,0,01,000,00,2,1,01,A01
200700082195,0,10,000,00,2,3,15,B02
200700082196,0,07,000,00,2,2,01,A01
200700082196,0,02,000,00,2,1,05,B02
200700082197,0,07,000,03,2,7,14,A01
200700082197,0,07,000,04,2,8,01,B02
200700082198,0,14,000,04,0,7,01,A01
200700082199,0,31,000,01,0,1,01,A01
200700082200,0,30,000,00,2,1,02,A01
200700082200,0,01,000,00,0,4,02,B02
200700082201,0,07,000,00,2,1,01,A01
200700082201,0,07,000,00,2,7,17,B02
200700082202,0,07,000,00,2,7,15,A01
200700082202,0,33,000,00,2,1,01,B02
200700082203,0,33,000,00,2,1,17,A01
200700082203,0,10,000,00,2,3,19,B02
200700082204,0,07,000,00,1,1,01,A01
200700082205,0,33,000,00,0,0,01,A01
200700082232,0,07,000,00,0,0,00,A01
200700082233,0,02,000,00,1,7,14,A01
200700082234,0,07,000,00,2,8,13,A01
200700082234,0,07,000,00,0,5,00,B02
200700082234,0,33,000,01,2,8,13,C03
200700082243,0,30,000,00,2,1,05,A01
200700082243,0,07,000,00,2,3,01,B02
200700082243,0,07,000,00,2,3,01,C03
200700082244,0,07,000,00,2,1,17,A01
200700082244,0,07,000,00,2,1,01,B02
200700082245,0,34,000,00,2,3,05,A01
200700082245,0,07,000,00,2,3,01,B02
200700082249,0,01,000,00,2,1,01,A01
200700082249,0,14,000,00,2,5,01,B02
200700082250,0,07,000,00,0,9,01,A01
200700082251,0,07,000,00,0,0,13,A01
200700082251,0,99,000,00,0,0,01,B02
200700082252,0,07,000,00,2,1,13,A01
200700082252,0,07,000,00,2,1,00,B02
200700082253,0,07,000,00,2,2,15,A01
200700082253,0,33,000,00,2,1,01,B02
200700082254,0,31,000,13,0,1,01,A01
200700082258,0,07,000,00,1,2,01,A01
200700082259,0,07,000,00,2,4,01,A01
200700082259,0,07,000,00,2,4,02,B01
200700082259,0,07,000,00,2,1,02,C01
200700082260,0,07,000,11,2,1,01,A01
200700082260,0,07,000,00,2,3,15,B01
200700082261,0,07,000,00,1,3,01,A01
200700082262,0,07,000,02,0,7,00,A01
200700082263,0,07,000,00,0,1,00,A01
200700082263,0,07,000,00,2,4,00,B01
200700082264,0,07,000,00,2,5,00,A01
200700082264,0,33,000,00,2,1,00,B01
200700082265,0,07,000,00,2,2,00,A01
200700082265,0,30,000,00,2,7,00,B01
200700082266,0,07,000,00,2,1,00,A01
200700082266,0,07,000,00,2,1,00,B01
200700082266,0,07,000,00,2,4,00,C01
200700082267,0,07,000,00,2,4,00,A01
200700082267,0,07,000,01,2,1,00,B01
200700082268,0,07,000,00,1,1,00,A01
200700082269,0,07,000,03,0,1,00,A01
200700082270,0,07,000,00,2,4,00,A01
200700082270,0,07,000,00,2,3,00,B01
200700082270,0,07,000,00,2,9,00,C01
200700082270,0,07,000,00,2,1,00,D01
200700082271,0,07,000,00,1,3,00,A01
200700082272,0,07,000,00,2,1,01,A01
200700082272,0,07,000,00,2,1,13,B01
200700082273,0,32,000,00,5,0,01,A01
200700082274,0,33,000,00,2,9,01,A01
200700082274,0,07,000,00,2,0,15,B01
200700082274,0,07,000,00,2,0,01,C01
200700082275,0,30,000,00,1,0,01,A01
200700082276,0,07,000,00,2,0,00,A01
200700082276,0,07,000,00,2,0,00,B01
200700082277,0,30,000,00,0,0,00,A01
200700082278,0,31,000,00,2,9,01,A01
200700082278,0,07,000,00,2,3,09,B01
200700082279,0,07,000,00,0,0,00,A01
200700082280,0,31,000,00,0,0,00,A01
200700082281,0,31,000,00,2,1,09,A01
200700082281,0,07,000,00,2,7,01,B01
200700082281,0,07,000,00,2,4,01,D01
200700082282,0,07,000,00,2,0,01,A01
200700082282,0,33,000,00,2,0,01,B01
200700082283,0,30,000,00,2,0,00,B01
200700082283,0,07,000,00,2,7,09,A01
200700082284,0,07,000,00,2,1,01,A01
200700082284,0,07,000,00,2,9,01,B01
200700082284,0,07,000,00,2,4,01,C01
200700082284,0,07,000,00,2,0,00,D01
200700082285,0,37,006,00,2,0,01,A01
200700082285,0,02,000,00,0,0,02,B01
200700082286,1,07,000,00,2,0,00,A01
200700082286,1,32,000,00,0,0,00,B01
200700082287,0,07,000,00,1,0,01,A01
200700082288,0,07,000,00,0,0,00,A01
200700082289,0,07,000,00,2,1,01,A01
200700082289,0,07,000,00,0,5,24,F02
200700082289,0,07,000,00,2,8,01,C01
200700082289,0,07,000,00,2,4,01,D01
200700082289,0,07,000,01,2,9,01,E01
200700082289,0,07,000,00,2,9,00,B01
200700082290,0,07,000,04,0,1,01,A01
200700082291,0,33,000,00,2,0,18,A01
200700082291,0,37,010,00,2,2,02,B01
200700082292,0,07,000,00,1,0,01,A01
200700082293,0,02,000,00,2,0,00,B01
200700082293,0,07,000,00,2,4,01,A01
200700082294,0,01,000,00,0,0,00,A01
200700082295,0,31,000,00,0,0,00,A01
200700082296,0,07,000,01,2,8,00,A01
200700082296,0,07,000,00,2,9,01,B01
200700082297,0,07,000,00,1,0,04,A01
200700082298,0,07,000,00,0,8,01,A01
200700082298,0,33,000,00,2,7,17,B01
200700082299,0,07,000,00,2,0,00,A01
200700082299,0,32,000,00,0,0,00,B01
200700082300,0,07,000,00,2,1,02,A01
200700082300,0,07,000,00,2,4,15,B01
200700082301,0,07,000,00,0,0,00,A01
200700082302,0,32,000,00,2,1,05,A01
200700082302,1,07,000,00,2,1,05,B01
200700082303,0,07,000,00,1,0,04,A01
200700082304,0,07,000,00,9,0,01,A01
200700082304,0,01,000,00,2,0,00,B01
200700082305,0,07,000,00,2,0,00,A01
200700082305,0,07,000,00,2,0,01,B01
200700082306,0,07,000,00,2,0,00,A01
200700082306,0,07,000,00,2,0,00,B01
200700082307,0,07,000,00,2,1,18,A01
200700082307,0,07,000,00,2,7,15,B01
200700082308,0,07,000,00,2,4,01,A01
200700082308,0,07,000,00,2,1,02,C01
200700082308,0,07,000,00,2,1,02,B01
200700082309,0,07,000,00,2,8,01,B01
200700082309,0,07,000,00,2,1,01,A01
200700082310,0,07,000,00,2,1,02,A01
200700082310,0,05,000,00,2,9,02,B01
200700082311,0,07,000,00,2,1,02,A01
200700082311,0,07,000,00,0,4,17,B01
200700082312,0,05,000,00,0,9,01,A01
200700082313,0,07,000,00,2,1,01,A01
200700082313,0,07,000,00,2,0,01,B01
200700082313,0,99,000,00,2,4,23,C01
200700082314,0,07,000,00,2,1,02,A01
200700082314,0,07,000,00,2,1,01,B01
200700082314,0,07,000,00,2,4,02,C01
200700082315,0,07,000,04,0,9,01,A01
200700082316,0,07,000,06,0,1,01,A01
200700082317,0,01,000,00,0,9,01,A01
200700082318,0,05,000,00,2,1,01,B01
200700082318,0,07,000,00,2,6,15,A01