Num_Acc,senc,catv,occutc,obs,obsm,choc,manv,num_veh
200700082319,0,07,000,00,0,4,01,A01
200700082319,0,07,000,00,0,4,02,B01
200700082320,0,07,000,15,2,4,04,A01
200700082321,0,99,000,00,2,0,01,A01
200700082321,0,07,000,00,2,8,01,B01
200700082322,0,07,000,00,9,1,01,B01
200700082322,0,01,000,00,2,1,01,A01
200700082323,0,07,000,12,2,2,10,A01
200700082323,0,07,000,00,2,8,01,B01
200700082324,0,07,000,05,0,9,01,A01
200700082325,0,07,000,00,2,4,01,A01
200700082325,0,05,000,00,2,1,02,B01
200700082326,0,07,000,00,0,1,01,A01
200700082327,0,07,000,00,2,6,17,A01
200700082327,0,33,000,00,2,1,01,B01
200700082328,0,07,000,13,0,7,01,A01
200700082329,0,07,000,00,9,8,18,A01
200700082329,0,02,000,00,2,1,03,B01
200700082330,0,07,000,00,0,8,22,A01
200700082330,0,01,000,00,2,0,00,B01
200700082331,0,07,000,00,1,1,01,A01
200700082332,0,07,000,00,2,8,01,B01
200700082332,0,07,000,06,2,3,13,A01
200700082333,0,07,000,00,2,2,01,A01
200700082333,0,07,000,00,2,4,01,B01
200700082334,0,07,000,00,9,2,09,A01
200700082334,0,01,000,00,2,0,00,B01
200700082335,0,07,000,00,0,3,00,A01
200700082336,0,02,000,00,2,1,15,A01
200700082336,0,07,000,00,9,2,01,B01
200700082337,1,10,000,00,9,0,00,A01
200700082337,0,02,000,00,2,0,15,B01
200700082338,0,02,000,00,0,9,00,A01
200700082338,0,30,000,00,0,0,00,B01
200700082339,0,07,000,00,1,1,15,A01
200700082340,1,07,000,00,9,0,00,A01
200700082341,0,07,000,00,2,3,01,A01
200700082341,0,07,000,00,2,8,01,B01
200700082341,0,07,000,01,2,4,00,C01
200700082342,0,07,000,00,9,1,15,A01
200700082342,0,33,000,00,2,7,01,B01
200700082343,0,07,000,00,1,0,16,A01
200700082344,0,07,000,00,9,3,15,A01
200700082344,0,01,000,00,2,2,01,B01
200700082345,0,07,000,00,2,1,01,A01
200700082345,0,07,000,00,2,7,01,B01
200700082346,0,02,000,00,2,1,01,A01
200700082346,0,07,000,00,9,0,15,B01
200700082347,0,07,000,00,2,6,11,A01
200700082347,0,07,000,00,2,2,01,B01
200700082348,0,07,000,00,9,2,15,A01
200700082348,0,01,000,00,2,0,01,B01
200700082349,0,07,000,01,2,1,02,A01
200700082349,0,07,000,01,2,4,02,B01
200700082349,0,07,000,01,2,6,02,C01
200700082350,0,07,000,00,9,2,16,A01
200700082350,0,02,000,00,2,3,01,B01
200700082351,0,07,000,00,9,1,15,A01
200700082351,0,33,000,00,2,1,01,B01
200700082352,0,07,000,00,2,0,14,B01
200700082352,0,02,000,00,2,1,01,A01
200700082353,0,02,000,00,1,8,01,A01
200700082354,0,10,000,00,2,7,16,A01
200700082354,0,02,000,00,2,1,01,B01
200700082355,0,07,000,00,2,1,13,A01
200700082355,0,14,000,00,2,8,01,B01
200700082356,0,31,000,00,0,7,01,A01
200700082357,0,07,000,00,2,1,01,B01
200700082357,0,07,000,00,2,6,09,A01
200700082358,0,14,000,15,0,7,01,A01
200700082359,0,07,000,00,1,3,01,A01
200700082360,0,07,000,02,0,7,01,A01
200700082361,0,07,000,00,1,3,01,A01
200700082362,0,10,000,00,2,1,09,A01
200700082362,0,31,000,00,0,7,01,B01
200700082363,0,07,000,08,0,1,01,A01
200700082364,0,07,000,01,0,2,01,B01
200700082365,0,07,000,09,2,1,01,B01
200700082365,0,07,000,00,2,2,01,A01
200700082366,0,07,000,10,2,1,01,A01
200700082366,0,07,000,00,0,3,01,B01
200700082366,0,07,000,00,0,1,01,C01
200700082367,0,07,000,00,2,8,15,A01
200700082367,0,07,000,00,0,1,01,B01
200700082368,0,07,000,00,0,3,15,A01
200700082368,0,02,000,00,2,1,17,B01
200700082368,0,01,000,00,0,0,01,C01
200700082369,0,07,000,00,1,1,01,A01
200700082370,0,07,000,00,2,3,01,A01
200700082370,0,07,000,08,2,1,01,B01
200700082371,0,07,000,00,0,8,15,A01
200700082371,0,02,000,00,2,3,17,B01
200700082372,0,07,000,00,2,1,01,A01
200700082372,0,07,000,00,0,4,02,B01
200700082373,0,07,000,12,1,2,01,A01
200700082374,0,07,000,00,2,1,01,A01
200700082374,0,07,000,00,0,7,01,B01
200700082375,0,13,000,00,2,2,15,A01
200700082375,0,33,000,00,2,1,01,B01
200700082376,0,07,000,00,2,1,15,A01
200700082376,0,33,000,00,0,3,01,B01
200700082377,0,07,000,00,2,2,01,A01
200700082377,0,33,000,00,0,1,01,B01
200700082378,0,07,000,00,2,2,09,A01
200700082378,0,02,000,00,0,7,01,B01
200700082379,0,07,000,01,2,5,01,A01
200700082379,0,07,000,00,0,1,01,B01
200700082380,0,01,000,00,2,1,01,A01
200700082380,0,07,000,00,0,8,01,B01
200700082381,0,07,000,00,2,2,01,A01
200700082381,0,33,000,00,2,1,01,B01
200700082382,0,02,000,00,1,1,17,A01
200700082383,0,07,000,00,0,7,22,A01
200700082383,0,01,000,00,2,1,01,B01
200700082384,0,07,000,12,0,2,01,A01
200700082385,0,31,000,00,1,1,01,A01
200700082386,0,02,000,00,2,2,01,A01
200700082386,1,07,000,00,0,4,02,B01
200700082387,0,07,000,00,0,3,10,A01
200700082387,0,02,000,00,2,1,07,B01
200700082387,0,01,000,00,2,1,08,C01
200700082388,0,07,000,00,1,1,01,A01
200700082389,0,07,000,00,2,7,15,A01
200700082389,0,07,000,00,2,1,01,B01
200700082390,0,07,000,00,2,7,15,A01
200700082390,0,02,000,00,2,1,01,B01
200700082391,0,07,000,00,2,8,01,A01
200700082391,0,02,000,00,2,1,17,B01
200700082392,0,07,000,00,2,1,01,A01
200700082392,0,07,000,00,2,7,01,B01
200700082393,0,02,000,00,2,6,17,A01
200700082393,0,10,000,00,2,8,15,B01
200700082394,0,07,000,00,2,1,05,A01
200700082394,0,07,000,00,2,1,01,B01
200700082395,0,07,000,00,1,1,01,A01
200700082396,0,33,000,00,2,7,17,A01
200700082396,0,07,000,00,2,8,01,B01
200700082397,0,07,000,00,2,1,09,A01
200700082397,0,07,000,00,2,3,01,B01
200700082398,0,07,000,00,2,3,01,A01
200700082398,0,07,000,00,2,5,15,B01
200700082399,0,07,000,00,2,7,15,A01
200700082399,0,30,000,00,2,1,01,B01
200700082447,0,14,000,00,0,6,01,A01
200700082447,0,30,000,00,0,3,01,B02
200700082448,0,07,000,00,2,2,16,A01
200700082448,0,31,000,00,2,1,18,B02
200700082449,0,31,000,00,2,1,13,A01
200700082449,0,07,000,00,2,3,01,B02
200700082450,0,10,000,00,9,8,01,A01
200700082450,0,30,000,12,0,1,13,B02
200700082451,0,01,000,00,2,0,19,A01
200700082452,0,07,000,06,2,7,01,A01
200700082452,0,07,000,00,2,7,01,B02
200700082453,0,33,000,13,0,7,01,A01
200700082454,0,07,000,00,2,3,15,A01
200700082454,0,31,000,00,2,1,01,B02
200700082455,0,07,000,00,0,3,00,A01
200700082456,0,30,000,13,0,1,16,A01
200700082457,0,33,000,00,2,1,16,A01
200700082457,0,01,000,00,2,1,13,B02
200700082458,0,07,000,13,0,9,01,A01
200700082459,0,33,000,08,2,1,01,A01
200700082459,0,07,000,00,2,2,01,B02
200700082460,0,07,000,09,2,1,06,A01
200700082460,0,07,000,00,2,3,00,B02
200700082461,0,07,000,00,2,1,02,A01
200700082461,0,07,000,00,0,4,23,B02
200700082461,0,07,000,00,0,4,23,C03
200700082461,0,07,000,00,0,5,23,D04
200700082461,0,07,000,00,0,4,23,E05
200700082462,0,03,000,00,2,1,01,A01
200700082462,0,07,000,00,2,4,02,B02
200700082462,0,07,000,00,0,4,02,C03
200700082463,0,33,000,00,2,1,01,A01
200700082463,0,07,000,00,0,6,01,B02
200700082464,0,07,000,00,2,4,02,A01
200700082464,0,33,000,00,0,1,01,B02
200700082464,0,32,000,00,0,1,05,C03
200700082465,0,10,000,00,0,5,02,A01
200700082465,0,07,000,12,0,2,02,B02
200700082466,0,07,000,00,0,2,19,A01
200700082466,0,33,000,00,0,8,01,B02
200700082467,0,07,000,01,0,2,09,A01
200700082467,0,01,000,00,2,1,01,B02
200700082468,0,07,000,00,1,1,01,A01
200700082469,0,07,000,00,2,3,13,A01
200700082469,0,15,000,00,2,3,01,B02
200700082470,0,07,000,06,0,1,15,A01
200700082471,0,02,000,01,0,1,02,A01
200700082471,0,07,000,00,0,4,23,B02
200700082472,0,07,000,00,2,3,15,A01
200700082472,0,33,000,00,2,8,01,B02
200700082472,0,07,000,00,2,3,23,C03
200700082473,0,31,000,00,0,1,05,A01
200700082474,0,07,000,00,1,7,14,A01
200700082475,0,07,000,15,0,2,02,A01
200700082475,0,20,000,00,2,4,24,B02
200700082476,0,07,000,00,2,1,11,B02
200700082476,0,07,000,00,2,7,01,C03
200700082476,0,07,000,00,2,1,24,A01
200700082477,0,02,000,01,2,1,01,A01
200700082477,0,07,000,00,2,2,16,B02
200700082477,0,10,000,00,2,6,23,C03
200700082478,0,07,000,13,0,0,01,A01
200700082479,0,07,000,10,9,2,00,A01
200700082480,0,07,000,08,0,1,13,A01
200700082481,0,02,000,00,2,8,19,A01
200700082481,0,10,000,00,2,3,01,B02
200700082482,0,07,000,03,0,2,01,A01
200700082483,0,02,000,00,2,1,13,A01
200700082483,0,07,000,00,2,3,01,B02
200700082484,0,02,000,00,0,0,09,A01
200700082485,0,07,000,00,2,2,01,A01
200700082485,0,30,000,00,2,1,19,B02
200700082486,0,07,000,00,1,1,01,A01
200700082487,0,07,000,01,1,3,13,A01
200700082487,0,07,000,00,0,0,24,B02
200700082488,0,07,000,00,2,1,05,A01
200700082488,0,07,000,00,2,1,01,B02
200700082489,0,33,000,00,2,3,01,A01
200700082489,0,07,000,00,2,5,01,B02
200700082490,0,14,000,00,0,4,23,A01
200700082490,0,33,000,00,2,8,01,B02
200700082491,0,07,000,00,2,1,13,A01
200700082491,0,07,000,00,0,1,01,B02
200700082492,0,07,000,00,1,2,00,A01
200700082493,0,07,000,01,1,1,14,A01
200700082493,0,07,000,00,0,8,00,B02
200700082493,0,07,000,01,0,3,00,C03
200700082494,0,33,000,00,2,3,18,A01
200700082494,0,10,000,00,2,7,16,B02
200700082495,0,02,000,00,0,5,10,A01
200700082495,0,10,000,00,2,1,02,B02
200700082496,0,01,000,12,0,2,01,A01
200700082522,0,02,000,00,2,1,01,A01
200700082522,0,07,000,00,2,5,15,B02
200700082522,0,07,000,00,2,3,01,C03
200700082522,0,07,000,00,2,8,01,D04
200700082523,0,30,000,00,2,8,18,A01
200700082523,0,07,000,00,2,1,15,B02
200700082524,0,33,000,00,2,1,13,A01
200700082524,0,07,000,00,2,1,01,B02
200700082525,0,07,000,00,2,1,13,A01
200700082525,0,10,000,00,2,1,01,B02
200700082525,0,33,000,00,2,3,01,C03
200700082528,0,07,000,00,2,2,13,A01
200700082528,0,10,000,00,2,3,01,B02
200700082530,0,07,000,00,2,1,05,A01
200700082530,0,07,000,00,2,1,01,B02
200700082531,0,33,000,00,2,2,02,A01
200700082531,0,30,000,00,2,3,02,B02
200700082532,0,07,000,00,1,1,00,A01
200700082533,0,07,000,00,1,1,01,A01
200700082534,0,07,000,00,2,4,02,A01
200700082534,1,07,000,00,2,1,02,B02
200700082537,0,07,000,03,0,9,00,A01
200700082538,0,07,000,00,1,1,00,A01
200700082539,0,07,000,00,2,7,00,A01
200700082539,0,07,000,00,2,7,00,B01
200700082540,0,33,000,00,2,1,00,B01
200700082540,0,07,000,00,2,1,00,A01
200700082541,0,07,000,02,0,1,03,A01
200700082541,0,07,000,02,0,1,02,B01
200700082542,0,07,000,00,2,1,00,A01
200700082542,0,07,000,00,2,3,00,B01
200700082543,0,07,000,00,1,7,00,A01
200700082544,0,01,000,00,2,1,00,A01
200700082544,0,07,000,00,2,3,00,B01
200700082545,0,07,000,00,2,1,00,A01
200700082545,0,07,000,00,0,6,00,B01
200700082545,0,07,000,00,0,1,00,C01
200700082546,0,07,000,00,2,1,00,A01
200700082546,0,07,000,00,2,3,00,B01
200700082547,0,07,000,00,2,1,00,A01
200700082547,0,07,000,00,2,1,00,B01
200700082548,0,07,000,00,0,1,00,A01
200700082548,0,07,000,00,0,4,00,B01
200700082549,0,07,000,00,0,8,00,A01
200700082549,0,33,000,00,0,0,00,B01
200700082550,0,07,000,00,2,1,01,A01
200700082550,0,30,000,00,2,0,01,B01
200700082551,0,30,000,00,0,9,01,A01
200700082552,0,07,000,00,2,0,00,A01
200700082552,0,07,000,00,2,0,00,B01
200700082553,0,07,000,00,1,1,01,A01
200700082554,0,07,000,00,2,0,00,A01
200700082554,0,07,000,00,2,0,00,B01
200700082555,0,07,000,00,1,4,04,A01
200700082556,0,07,000,00,0,1,01,A01
200700082557,0,07,000,01,0,1,01,A01
200700082558,0,07,000,06,0,3,01,A01
200700082559,0,30,000,00,2,0,00,A01
200700082559,0,30,000,00,2,0,00,B01
200700082560,0,07,000,00,0,0,00,A01
200700082561,0,33,000,00,2,1,13,A01
200700082561,0,33,000,00,2,3,01,B01
200700082562,0,07,000,05,2,1,21,A01
200700082562,0,07,000,00,2,4,02,B01
200700082563,0,07,000,00,1,1,01,A01
200700082564,0,07,000,00,2,0,00,B01
200700082564,0,07,000,00,2,0,00,A01
200700082565,0,33,000,00,2,1,09,A01
200700082565,0,07,000,00,2,4,01,B01
200700082566,0,33,000,00,2,1,02,A01
200700082566,0,07,000,00,2,4,23,B01
200700082567,0,02,000,00,2,0,00,B01
200700082567,0,07,000,00,2,0,00,A01
200700082568,0,07,000,00,1,2,01,A01
200700082569,0,33,000,00,2,1,15,A01
200700082569,1,07,000,00,2,0,13,B01
200700082570,0,32,000,14,0,7,14,A01
200700082571,0,07,000,00,2,1,01,A01
200700082571,0,07,000,00,2,7,00,B01
200700082572,0,31,000,00,2,1,02,A01
200700082572,0,07,000,00,2,6,02,B01
200700082573,0,31,000,00,2,1,02,A01
200700082573,0,07,000,00,0,6,14,B01
200700082574,0,07,000,00,2,3,20,A01
200700082574,0,31,000,00,2,8,01,B01
200700082575,0,32,000,00,2,1,15,A01
200700082575,0,07,000,00,2,2,01,B01
200700082576,1,07,000,00,1,0,01,A01
200700082577,0,07,000,00,2,1,01,A01
200700082577,0,07,000,00,2,2,09,B01
200700082578,0,32,000,00,2,1,01,A01
200700082579,0,07,000,00,9,1,01,A01
200700082579,0,15,000,00,2,1,24,B01
200700082580,0,33,000,00,2,1,09,A01
200700082580,0,07,000,00,2,4,23,B01
200700082580,0,07,000,00,2,4,23,C01
200700082580,0,07,000,00,2,4,23,D01
200700082580,0,07,000,00,2,4,23,E01
200700082581,0,33,000,00,2,0,00,A01
200700082581,0,07,000,00,2,0,00,B01
200700082582,0,33,000,15,2,5,16,A01
200700082582,0,07,000,00,2,7,16,B01
200700082583,0,07,000,00,2,1,15,A01
200700082583,0,07,000,00,2,3,24,B01
200700082584,0,07,000,00,2,1,00,A01
200700082584,0,07,000,00,2,0,00,B01
200700082585,0,07,000,00,2,2,01,A01
200700082585,0,33,000,00,2,3,01,B01
200700082586,0,33,000,00,2,7,21,A01
200700082587,0,33,000,01,0,0,00,A01
200700082588,0,07,000,00,2,1,01,A01
200700082588,0,07,000,00,2,8,01,B01
200700082589,0,07,000,00,2,8,10,A01
200700082589,0,05,000,00,2,1,17,B01
200700082590,0,07,000,00,2,4,02,A01
200700082590,0,05,000,00,2,1,02,B01
200700082591,0,07,000,00,2,4,02,A01
200700082591,0,07,000,00,2,1,02,B01
200700082592,0,07,000,00,2,3,06,A01
200700082592,0,07,000,00,2,3,01,B01
200700082593,0,07,000,00,2,1,02,A01
200700082593,0,07,000,00,2,4,02,B01
200700082594,0,05,000,00,2,7,17,B01
200700082594,0,07,000,00,0,2,15,A01
200700082595,0,07,000,13,0,9,01,A01
200700082596,2,07,000,00,2,1,15,A01
200700082596,0,07,000,00,2,1,01,B01
200700082597,0,07,000,00,2,8,01,A01
200700082597,0,05,000,00,2,0,00,B01
200700082598,0,07,000,13,0,7,00,A01
200700082599,0,07,000,00,2,2,01,A01
200700082599,0,07,000,00,2,1,10,B01
200700082600,0,07,000,00,2,4,02,A01
200700082600,0,10,000,00,2,1,02,B01
200700082601,0,07,000,00,2,1,02,A01
200700082601,0,07,000,00,2,4,02,B01
200700082601,0,07,000,00,2,4,02,C01
200700082601,0,07,000,00,2,4,02,D01
200700082602,0,07,000,00,2,1,05,A01
200700082602,0,07,000,00,2,1,01,B01
200700082603,0,07,000,04,0,9,00,A01
200700082604,0,07,000,00,2,3,01,A01
200700082604,0,05,000,00,2,0,01,B01
200700082605,0,07,000,03,0,9,01,A01
200700082606,0,05,000,14,2,0,02,A01
200700082606,0,07,000,00,2,4,02,B01
200700082607,0,02,000,00,0,0,00,A01
200700082608,0,01,000,00,2,1,01,B01
200700082608,1,07,000,00,9,0,00,A01
200700082609,0,02,000,00,9,1,01,A01
200700082609,0,01,000,00,9,1,00,B01
200700082610,0,07,000,00,9,6,19,A01
200700082610,0,02,000,00,2,1,01,B01
200700082611,0,07,000,00,2,1,01,A01
200700082611,0,07,000,00,2,0,01,B01
200700082612,0,07,000,00,9,0,15,A01
200700082612,0,02,000,00,2,1,01,B01
200700082613,0,07,000,00,0,9,01,A01
200700082614,0,07,000,00,9,3,15,A01
200700082614,0,02,000,00,2,2,17,B01
200700082615,0,07,000,00,2,1,00,A01
200700082615,0,07,000,00,2,4,01,B01
200700082616,0,07,000,00,9,5,15,A01
200700082616,0,02,000,00,2,1,01,B01
200700082617,0,07,000,00,9,8,11,A01
200700082617,0,34,000,00,2,1,17,B01
200700082618,0,07,000,00,9,0,01,A01
200700082618,0,02,000,00,2,1,19,B01
200700082619,0,33,000,00,2,1,01,A01
200700082619,0,07,000,00,0,0,01,B01
200700082620,0,02,000,00,2,7,00,A01
200700082621,0,07,000,00,9,2,19,A01
200700082621,0,33,000,00,2,8,19,B01
200700082622,0,07,000,00,2,1,01,A01
200700082622,0,07,000,00,2,6,01,B01
200700082623,0,02,000,01,2,1,21,B01
200700082624,0,02,000,00,2,7,10,A01
200700082624,0,07,000,00,2,1,01,B01
200700082625,0,07,000,00,9,5,14,A01
200700082625,0,01,000,00,2,1,01,B01
200700082626,0,07,000,00,1,2,01,A01
200700082627,0,07,000,00,9,0,00,A01
200700082627,0,02,000,01,2,0,01,B01
200700082628,0,07,000,00,1,7,00,A01
200700082629,0,07,000,00,9,3,16,A01
200700082629,0,02,000,00,2,7,02,B01
200700082630,0,07,000,00,2,1,00,A01
200700082630,0,07,000,00,2,4,02,B01
200700082630,0,07,000,00,2,6,23,C01
200700082630,0,07,000,00,0,0,00,D01
200700082630,0,07,000,00,0,0,00,E01
200700082631,0,07,000,00,0,0,00,A01
200700082631,0,07,000,00,0,0,00,B01
200700082632,0,02,000,00,9,1,00,A01
200700082632,0,02,000,00,9,1,00,B01
200700082633,0,02,000,00,2,1,01,A01
200700082633,0,07,000,00,9,6,00,B01
200700082634,0,07,000,00,9,2,15,A01
200700082634,0,02,000,00,2,2,01,B01
200700082635,0,07,000,00,1,1,01,A01
200700082636,0,07,000,00,1,6,19,A01
200700082637,0,07,000,00,1,0,01,A01
200700082638,0,02,000,00,9,4,00,A01
200700082638,0,31,000,00,9,1,00,B01
200700082639,0,07,000,00,1,3,01,A01
200700082640,0,07,000,00,2,1,00,A01
200700082640,0,07,000,00,2,7,00,B01
200700082641,0,02,000,14,0,0,00,A01
200700082642,0,07,000,00,9,3,09,A01
200700082642,0,02,000,00,2,1,00,B01
200700082643,0,07,000,00,9,7,15,A01
200700082643,0,02,000,00,2,1,01,B01
200700082644,0,10,000,00,2,1,15,A01
200700082644,0,02,000,00,2,5,01,B01
200700082645,0,07,000,00,9,7,00,A01
200700082645,0,02,000,00,2,8,00,B01
200700082646,0,02,000,00,2,1,01,A01
200700082646,0,07,000,00,9,7,15,B01
200700082647,0,07,000,00,1,1,01,A01
200700082648,0,33,000,00,1,1,01,A01
200700082649,0,07,000,00,1,8,01,A01
200700082650,0,07,000,00,2,1,13,A01
200700082650,0,30,000,00,2,1,01,B01
200700082651,0,01,000,00,2,1,01,A01
200700082651,0,07,000,00,2,4,01,B01
200700082652,0,07,000,00,2,8,01,B01
200700082652,0,01,000,00,2,1,01,A01
200700082653,0,02,000,03,0,1,14,A01
200700082654,0,07,000,00,1,3,15,A01
200700082655,0,02,000,07,0,1,01,A01
200700082656,0,07,000,01,0,2,05,A01
200700082657,0,30,000,00,2,1,01,B01
200700082657,0,07,000,00,2,2,15,A01
200700082658,0,07,000,00,1,1,01,A01
200700082659,0,01,000,00,2,6,18,A01
200700082659,0,07,000,00,2,7,01,B01
200700082660,1,07,000,00,1,2,14,A01
200700082661,0,10,000,00,2,3,13,A01
200700082661,0,07,000,00,2,3,01,B01
200700082662,0,07,000,01,1,2,01,A01
200700082663,0,07,000,00,2,1,01,A01
200700082663,0,07,000,00,2,4,23,B01
200700082663,0,33,000,00,0,4,23,C01
200700082664,0,01,000,00,2,2,00,A01
200700082664,0,07,000,00,2,1,01,B01
200700082665,0,10,000,00,2,1,01,A01
200700082665,0,07,000,00,2,3,01,B01
200700082666,0,33,000,00,2,1,02,A01
200700082666,0,07,000,00,0,5,23,B01
200700082666,0,07,000,00,0,6,23,C01
200700082666,0,07,000,00,0,8,23,D01
200700082667,0,33,000,00,1,7,21,A01
200700082668,0,07,000,00,2,8,15,A01
200700082668,0,30,000,00,2,2,07,B01
200700082669,0,01,000,00,0,0,15,A01
200700082669,0,33,000,00,0,0,21,B01
200700082670,0,31,000,00,2,2,01,A01
200700082670,0,07,000,00,2,3,09,B01
200700082671,0,07,000,13,0,2,14,A01
200700082672,0,01,000,00,2,1,08,A01
200700082672,0,30,000,00,2,1,08,B01
200700082673,0,07,000,00,2,1,01,A01
200700082673,0,07,000,00,2,3,01,B01
200700082674,0,07,000,00,2,8,15,A01
200700082674,0,33,000,00,2,7,17,B01
200700082675,0,07,000,00,1,1,01,A01
200700082676,0,07,000,01,0,2,01,A01
200700082677,0,07,000,00,2,1,01,A01
200700082677,0,07,000,00,2,7,01,B01
200700082678,0,01,000,00,2,8,01,B01
200700082678,0,07,000,00,2,7,09,A01
200700082679,0,02,000,00,2,6,18,A01
200700082679,0,07,000,00,2,7,01,B01
200700082680,0,07,000,00,1,1,01,A01
200700082680,0,01,000,00,2,8,19,B01
200700082681,0,31,000,00,2,7,01,A01
200700082681,0,07,000,00,2,8,01,B01
200700082682,0,07,000,00,1,1,01,A01
200700082726,0,30,000,00,2,3,19,A01
200700082726,0,32,000,00,2,1,01,B02
200700082727,0,07,000,00,2,3,19,A01
200700082727,0,31,000,00,2,1,01,B02
200700082728,0,07,000,08,0,1,01,A01
200700082729,0,33,000,00,2,1,02,A01
200700082729,0,07,000,00,2,4,02,B02
200700082729,0,07,000,00,1,3,00,C03
200700082730,0,33,000,00,0,7,15,A01
200700082731,0,07,000,00,2,3,02,A01
200700082731,0,02,000,00,2,4,02,B02
200700082732,0,07,000,13,0,1,00,A01
200700082733,0,07,000,00,9,3,00,A01
200700082733,0,01,000,00,2,1,00,B02
200700082734,0,07,000,00,2,1,17,A01
200700082734,0,07,000,00,2,1,01,B02
200700082734,0,10,000,02,0,0,01,C03
200700082735,0,33,000,00,2,0,01,A01
200700082735,0,07,000,00,2,2,15,B02
200700082736,0,33,000,00,2,1,01,A01
200700082736,0,07,000,00,2,3,01,B02
200700082737,0,07,000,00,2,1,01,A01
200700082737,0,10,000,13,0,4,00,B02
200700082738,0,02,000,00,2,1,13,A01
200700082738,0,07,000,00,9,1,01,B02
200700082739,0,07,000,00,2,8,15,A01
200700082739,0,07,000,00,2,1,01,B02
200700082740,0,07,000,06,0,1,01,A01
200700082741,0,07,000,00,2,1,01,A01
200700082741,0,10,000,00,2,1,15,B02
200700082741,0,07,000,00,2,8,23,C03
200700082742,0,07,000,00,2,3,01,A01
200700082742,0,31,000,00,2,1,13,B02
200700082743,0,07,000,00,2,3,01,A01
200700082743,0,07,000,00,2,3,15,B02
200700082744,0,10,000,00,2,1,01,A01
200700082744,0,07,000,00,2,4,02,B02
200700082744,0,38,000,00,2,3,01,C03
200700082745,0,07,000,00,2,2,01,A01
200700082745,0,02,000,00,2,3,19,B02
200700082746,0,07,000,00,2,2,02,A01
200700082746,0,30,000,00,2,6,02,B02
200700082747,0,07,000,02,0,1,14,A01
200700082748,0,07,000,00,2,3,15,A01
200700082748,0,07,000,00,0,0,00,B02
200700082749,0,07,000,09,0,2,01,A01
200700082750,0,07,000,00,9,1,01,A01
200700082750,0,02,000,00,2,7,19,B02
200700082751,0,07,000,00,2,3,15,A01
200700082751,0,02,000,00,2,0,01,B02
200700082752,0,07,000,00,2,1,01,A01
200700082752,0,07,000,00,2,1,15,B02
200700082753,0,07,000,07,2,1,01,A01
200700082753,0,07,000,00,2,1,01,B02
200700082754,0,07,000,00,2,8,16,A01
200700082754,0,07,000,00,2,3,01,B02
200700082755,0,07,000,00,2,3,02,A01
200700082755,0,02,000,00,2,2,13,B02
200700082756,0,07,000,00,1,3,01,A01
200700082757,0,02,000,00,2,1,01,A01
200700082757,0,10,000,00,2,3,01,B02
200700082758,0,07,000,00,2,8,15,A01
200700082758,0,33,000,00,2,1,17,B02
200700082759,0,07,000,00,2,3,13,A01
200700082759,0,17,000,00,2,3,01,B02
200700082760,0,02,000,00,0,0,00,A01
200700082761,1,07,000,00,1,7,21,A01
200700082762,0,07,000,00,2,1,01,A01
200700082762,0,07,000,00,2,4,15,B02
200700082763,0,10,000,00,2,2,13,A01
200700082763,0,01,000,00,2,3,02,B02
200700082764,0,10,000,00,0,5,15,A01
200700082764,0,07,000,00,2,3,14,B02
200700082765,0,07,000,12,0,5,01,A01
200700082765,0,07,000,01,0,2,01,B02
200700082766,0,07,000,04,0,3,01,A01
200700082767,0,02,000,00,2,2,01,A01
200700082767,0,07,000,00,2,2,13,B02
200700082768,0,07,000,00,2,1,01,A01
200700082768,0,07,000,00,2,1,01,B02
200700082769,0,07,000,08,0,7,01,A01
200700082770,0,07,000,00,2,5,17,A01
200700082770,0,07,000,14,0,1,01,B02
200700082770,0,07,000,00,0,6,01,C03
200700082771,0,07,000,00,1,1,01,A01
200700082772,0,35,001,02,0,1,14,A01
200700082773,0,07,000,00,2,3,11,A01
200700082773,0,33,000,00,2,1,01,B02
200700082774,0,07,000,00,2,1,13,A01
200700082774,0,07,000,00,2,2,01,B02
200700082775,0,07,000,00,2,8,19,A01
200700082775,0,31,000,00,2,1,01,B02
200700082776,0,33,000,00,2,3,17,A01
200700082776,0,32,000,00,2,3,17,B02
200700082777,0,07,000,00,1,2,01,A01
200700082778,0,31,000,02,0,1,16,A01
200700082779,0,33,000,00,2,1,05,A01
200700082779,0,30,000,00,2,1,01,B02
200700082780,0,10,000,00,2,2,15,A01
200700082780,0,33,000,00,2,8,01,B02
200700082781,0,02,000,06,0,2,14,A01
200700082782,0,07,000,00,2,3,15,A01
200700082782,0,33,000,00,2,1,17,B02
200700082783,0,07,000,00,2,8,15,A01
200700082783,0,33,000,00,2,7,17,B02
200700082784,0,07,000,00,2,3,01,A01
200700082784,0,32,000,00,2,1,13,B02
200700082785,0,07,000,00,1,2,01,A01
200700082786,0,07,000,06,1,1,00,A01
200700082787,0,33,000,00,2,1,02,A01
200700082787,0,07,000,00,2,5,15,B02
200700082809,0,10,000,00,1,2,01,A01
200700082810,0,07,000,00,2,2,01,A01
200700082811,0,07,000,00,2,7,15,A01
200700082811,0,33,000,00,2,1,01,B02
200700082814,0,30,000,00,2,1,01,A01
200700082814,0,07,000,00,9,3,15,B02
200700082815,0,07,000,01,1,1,19,A01
200700082816,0,30,000,00,0,1,01,A01