Num_Acc,senc,catv,occutc,obs,obsm,choc,manv,num_veh
200700082817,0,31,000,00,2,1,01,A01
200700082817,0,07,000,00,2,8,15,B02
200700082818,0,07,000,00,0,2,15,A01
200700082818,0,02,000,00,2,1,01,B02
200700082819,0,17,000,00,2,8,01,A01
200700082819,0,10,000,00,2,3,01,B02
200700082821,0,07,000,00,0,9,21,A01
200700082822,0,30,000,00,0,7,01,A01
200700082823,0,07,000,00,0,9,00,A01
200700082827,0,07,000,01,0,1,00,A01
200700082827,0,07,000,01,0,9,00,B01
200700082828,0,07,000,00,1,4,00,A01
200700082829,0,07,000,00,2,5,00,A01
200700082829,0,07,000,00,2,2,00,B01
200700082829,1,07,000,00,2,0,00,C01
200700082829,1,07,000,00,2,0,00,D01
200700082830,0,07,000,00,2,1,00,A01
200700082830,0,07,000,00,2,6,00,B01
200700082831,0,07,000,00,2,2,00,A01
200700082831,0,07,000,00,2,3,00,B01
200700082831,0,37,001,00,0,0,00,C01
200700082832,0,07,000,00,2,1,00,A01
200700082832,0,33,000,00,2,3,00,B01
200700082833,0,07,000,00,2,1,00,A01
200700082833,0,01,000,00,2,1,00,B01
200700082834,0,33,000,00,2,7,00,A01
200700082834,0,07,000,00,2,1,00,B01
200700082835,0,07,000,13,0,1,00,A01
200700082835,0,07,000,08,0,6,00,B01
200700082836,0,07,000,00,0,5,00,B01
200700082836,0,33,000,00,2,1,00,A01
200700082837,0,07,000,00,2,1,00,A01
200700082837,0,07,000,00,2,4,00,B01
200700082838,0,07,000,00,2,1,00,A01
200700082838,0,30,000,00,2,1,00,B01
200700082839,0,07,000,00,2,1,00,A01
200700082839,0,07,000,00,2,1,00,B01
200700082839,0,07,000,00,2,7,00,C01
200700082840,0,07,000,00,2,1,00,A01
200700082840,0,07,000,00,2,1,00,B01
200700082841,0,07,000,00,2,1,02,A01
200700082841,0,07,000,00,2,1,02,B01
200700082841,0,07,000,00,2,4,02,C01
200700082842,0,07,000,06,0,1,00,A01
200700082843,0,32,000,00,2,1,02,A01
200700082843,1,07,000,00,2,4,02,B01
200700082844,1,07,000,00,1,2,01,A01
200700082845,0,07,000,00,2,1,02,A01
200700082845,0,07,000,00,2,4,02,B01
200700082845,0,13,000,00,2,4,02,C01
200700082846,0,07,000,00,2,1,02,A01
200700082846,0,07,000,00,2,4,02,B01
200700082846,0,07,000,00,2,4,02,C01
200700082847,0,07,000,00,2,1,19,A01
200700082847,0,33,000,00,2,6,01,B01
200700082848,0,02,000,00,0,0,00,A01
200700082849,0,07,000,00,0,0,00,A01
200700082850,0,02,000,00,2,1,09,A01
200700082850,0,07,000,00,2,7,01,B01
200700082851,0,31,000,00,2,1,17,A01
200700082851,0,07,000,00,2,2,15,B01
200700082852,0,07,000,00,1,1,01,A01
200700082853,0,07,000,00,1,1,01,A01
200700082854,0,07,000,00,2,1,02,A01
200700082854,0,07,000,00,2,4,02,B01
200700082855,0,07,000,00,2,1,02,A01
200700082855,0,32,000,00,2,1,16,B01
200700082856,0,07,000,00,2,3,01,B01
200700082856,0,07,000,00,2,1,19,A01
200700082857,0,31,000,06,0,1,01,A01
200700082858,0,07,000,00,2,2,01,A01
200700082858,0,07,000,00,2,3,15,B01
200700082859,0,02,000,00,1,0,01,A01
200700082860,0,07,000,00,2,4,02,A01
200700082860,0,07,000,00,2,1,02,B01
200700082861,0,07,000,00,2,2,16,A01
200700082861,0,31,000,00,2,8,13,B01
200700082861,0,07,000,00,2,4,01,C01
200700082862,0,33,000,00,0,7,01,A01
200700082863,0,07,000,00,2,2,15,A01
200700082863,0,05,000,00,2,8,01,B01
200700082864,0,33,000,00,0,9,01,A01
200700082865,0,07,000,00,1,2,04,A01
200700082866,0,07,000,00,1,1,01,A01
200700082867,0,07,000,00,2,1,02,A01
200700082867,0,07,000,00,2,4,02,B01
200700082867,0,07,000,00,2,0,02,C01
200700082868,0,01,000,00,0,7,15,A01
200700082869,0,07,000,00,2,1,15,A01
200700082869,0,07,000,00,2,2,16,B01
200700082870,0,07,000,00,2,3,05,A01
200700082870,0,07,000,00,2,2,05,B01
200700082871,0,07,000,00,2,1,06,A01
200700082871,0,07,000,00,2,3,01,B01
200700082872,0,07,000,00,2,3,06,A01
200700082872,0,32,000,00,9,1,01,B01
200700082873,0,07,000,00,9,8,00,A01
200700082873,0,01,000,00,2,8,00,B01
200700082874,0,07,000,00,1,2,01,A01
200700082875,0,02,000,00,0,0,00,A01
200700082876,0,07,000,06,0,1,01,A01
200700082877,0,07,000,08,0,1,01,A01
200700082878,0,07,000,00,0,0,00,A01
200700082879,0,07,000,00,2,1,02,A01
200700082879,0,07,000,00,2,4,02,B01
200700082879,0,07,000,00,2,4,02,C01
200700082880,0,07,000,00,2,1,01,A01
200700082880,0,07,000,00,2,8,01,B01
200700082881,0,07,000,00,2,1,02,A01
200700082881,0,07,000,00,2,9,02,B01
200700082882,0,31,000,00,1,1,01,A01
200700082883,0,07,000,00,2,1,01,A01
200700082883,0,33,000,00,2,0,00,B01
200700082884,0,07,000,00,2,0,00,A01
200700082884,0,07,000,00,2,0,00,B01
200700082885,0,07,000,00,9,8,15,A01
200700082885,0,01,000,00,2,1,00,B01
200700082886,0,05,000,00,2,8,03,A01
200700082886,0,10,000,00,2,8,01,B01
200700082887,0,07,000,00,2,1,02,A01
200700082887,0,07,000,00,2,4,02,B01
200700082888,0,07,000,00,2,1,17,A01
200700082888,0,07,000,00,2,3,01,B01
200700082889,0,02,000,00,2,1,02,A01
200700082889,0,07,000,00,2,4,02,B01
200700082890,0,07,000,04,0,9,01,A01
200700082891,0,07,000,00,1,1,01,A01
200700082892,0,07,000,08,0,8,01,A01
200700082893,0,07,000,00,2,3,13,A01
200700082893,0,07,000,00,0,3,01,B01
200700082894,0,02,000,00,2,1,02,A01
200700082894,0,07,000,00,2,4,02,B01
200700082895,0,07,000,00,2,3,13,A01
200700082895,0,05,000,00,2,1,01,B01
200700082896,0,07,000,00,2,1,13,A01
200700082896,0,10,000,00,2,1,01,B01
200700082897,0,01,000,00,2,1,13,A01
200700082897,0,07,000,00,9,1,01,B01
200700082898,0,07,000,01,1,1,00,A01
200700082899,0,07,000,00,2,4,02,B01
200700082899,1,10,000,00,2,1,02,E01
200700082899,0,07,000,00,2,4,02,C01
200700082899,0,07,000,00,2,4,02,D01
200700082899,0,07,000,00,2,1,02,A01
200700082900,0,07,000,00,2,8,00,B01
200700082900,0,07,000,00,2,1,19,A01
200700082901,0,07,000,00,9,6,01,A01
200700082901,0,31,000,00,2,3,17,B01
200700082902,0,07,000,00,9,7,15,A01
200700082902,0,02,000,00,2,1,00,B01
200700082903,0,10,000,00,2,3,00,A01
200700082903,0,07,000,00,2,1,00,B01
200700082904,0,10,000,00,9,2,00,A01
200700082904,0,33,000,00,2,1,00,B01
200700082905,1,07,000,00,1,0,01,A01
200700082906,0,07,000,00,9,2,00,A01
200700082906,0,02,000,00,2,0,00,B01
200700082907,0,31,000,00,2,1,01,A01
200700082907,0,07,000,00,2,8,15,B01
200700082908,0,31,000,01,9,1,15,A01
200700082908,0,02,000,00,9,1,19,B01
200700082909,0,07,000,00,1,0,01,A01
200700082910,0,02,000,00,2,0,01,A01
200700082910,0,07,000,00,9,3,00,B01
200700082911,0,07,000,00,2,1,01,A01
200700082911,0,07,000,00,2,8,15,B01
200700082912,0,01,000,00,2,0,00,A01
200700082912,0,07,000,00,9,1,00,B01
200700082913,0,07,000,00,0,0,00,A01
200700082913,0,07,000,00,0,0,00,B01
200700082913,0,07,000,00,0,1,00,C01
200700082914,0,07,000,00,9,8,22,A01
200700082914,0,02,000,01,0,1,01,B01
200700082915,0,07,000,00,2,0,15,A01
200700082915,0,02,000,00,2,1,00,B01
200700082916,0,07,000,00,9,8,00,A01
200700082916,0,31,000,00,2,7,01,B01
200700082917,0,07,000,03,0,1,21,A01
200700082918,0,07,000,03,0,1,01,A01
200700082919,0,02,000,00,2,1,01,A01
200700082919,0,07,000,00,9,4,01,B01
200700082920,0,07,000,00,9,4,15,A01
200700082920,0,02,000,00,2,0,00,B01
200700082921,0,01,000,00,2,4,01,A01
200700082921,1,07,000,00,0,0,01,B01
200700082922,0,07,000,13,0,1,00,A01
200700082923,0,07,000,00,2,0,15,A01
200700082923,0,31,000,00,2,1,00,B01
200700082924,0,07,000,15,0,1,01,A01
200700082925,0,02,000,00,0,0,01,A01
200700082926,0,07,000,00,9,7,15,A01
200700082926,0,02,000,00,2,1,01,B01
200700082927,0,07,000,00,1,0,20,A01
200700082928,0,07,000,00,9,0,16,A01
200700082928,0,02,000,00,2,0,01,B01
200700082929,0,02,000,01,0,1,01,A01
200700082929,0,10,000,00,9,4,24,B01
200700082930,0,32,000,00,2,0,01,A01
200700082930,1,07,000,00,0,0,01,B01
200700082931,0,10,000,00,9,1,01,A01
200700082931,0,02,000,00,2,4,01,B01
200700082932,0,07,000,00,9,3,16,A01
200700082932,0,02,000,00,2,1,01,B01
200700082933,0,31,000,03,0,0,01,A01
200700082934,0,07,000,01,2,2,15,A01
200700082934,0,07,000,00,2,1,01,B01
200700082934,0,37,028,00,2,3,00,C01
200700082935,0,01,000,00,2,0,00,A01
200700082935,0,07,000,00,9,1,01,B01
200700082936,0,07,000,00,2,7,00,A01
200700082936,0,07,000,00,2,1,00,B01
200700082937,0,02,000,00,2,1,15,A01
200700082937,0,07,000,00,9,1,01,B01
200700082938,0,07,000,00,9,1,01,A01
200700082938,0,02,000,00,2,1,01,B01
200700082939,0,02,000,00,2,8,01,A01
200700082939,0,07,000,00,9,7,20,B01
200700082940,0,07,000,00,9,3,00,A01
200700082940,0,02,000,00,9,1,00,B01
200700082941,0,07,000,00,2,2,01,A01
200700082941,0,07,000,00,0,3,01,B01
200700082941,0,07,000,00,2,7,00,C01
200700082941,0,07,000,01,2,3,02,D01
200700082942,0,07,000,00,0,0,00,A01
200700082942,0,33,000,00,2,1,00,B01
200700082943,0,07,000,00,2,1,02,A01
200700082943,0,07,000,00,2,4,02,B01
200700082944,0,07,000,00,0,5,16,A01
200700082944,0,31,000,00,2,1,01,B01
200700082945,0,30,000,00,2,1,01,A01
200700082945,0,07,000,00,2,3,01,B01
200700082946,0,10,000,00,2,2,17,A01
200700082946,0,17,000,00,2,8,15,B01
200700082947,0,10,000,00,2,7,16,A01
200700082947,0,33,000,00,2,1,01,B01
200700082948,0,07,000,00,2,2,15,A01
200700082948,0,33,000,00,2,1,18,B01
200700082949,0,07,000,01,0,1,14,A01
200700082949,0,07,000,00,2,4,24,B01
200700082950,0,10,000,00,9,1,01,A01
200700082950,0,01,000,00,2,8,19,B01
200700082951,0,07,000,00,2,1,01,A01
200700082951,0,07,000,00,2,4,01,B01
200700082952,0,02,000,00,2,1,02,A01
200700082952,0,07,000,00,2,5,02,B01
200700082953,2,31,000,00,1,1,01,A01
200700082954,1,07,000,00,2,1,02,A01
200700082954,0,02,000,00,2,4,02,B01
200700082955,0,07,000,00,2,1,01,A01
200700082955,0,30,000,00,2,8,01,B01
200700082956,0,07,000,01,0,2,14,A01
200700082957,0,07,000,00,2,2,17,A01
200700082957,0,30,000,00,2,4,01,B01
200700082957,0,07,000,00,2,1,01,C01
200700082958,0,31,000,00,2,1,17,B01
200700082958,0,30,000,00,2,1,09,A01
200700082959,0,32,000,00,2,0,00,A01
200700082959,0,07,000,00,2,0,00,B01
200700082960,0,02,000,00,2,2,17,A01
200700082960,0,07,000,00,2,3,15,B01
200700082961,0,07,000,00,2,8,00,A01
200700082961,0,33,000,00,2,5,01,B01
200700082962,0,07,000,00,2,1,01,A01
200700082962,0,01,000,00,0,4,01,B01
200700082963,0,07,000,00,1,1,01,A01
200700082964,0,32,000,00,2,1,17,A01
200700082964,0,07,000,00,2,3,15,B01
200700082965,0,01,000,00,2,1,01,A01
200700082965,0,07,000,00,2,3,00,B01
200700082966,0,30,000,00,2,1,05,A01
200700082966,0,07,000,00,2,2,01,B01
200700082967,0,07,000,00,2,4,01,A01
200700082967,0,07,000,00,2,1,01,B01
200700082967,0,07,000,00,2,1,01,C01
200700082967,0,07,000,00,2,1,01,D01
200700082968,0,07,000,00,2,8,01,A01
200700082968,0,07,000,00,2,1,01,B01
200700082969,0,07,000,00,1,1,11,A01
200700082970,0,02,000,00,2,0,13,A01
200700082970,0,07,000,00,2,2,15,B01
200700082971,0,07,000,00,1,1,01,A01
200700082972,0,07,000,00,1,1,01,A01
200700082973,0,07,000,00,2,1,01,A01
200700082973,0,10,000,00,2,1,01,B01
200700082973,0,07,000,00,2,1,01,C01
200700082974,0,07,000,00,2,1,01,A01
200700082974,0,07,000,00,2,4,01,B01
200700082975,0,31,000,00,9,0,01,A01
200700082976,0,33,000,00,2,1,01,A01
200700082976,0,33,000,00,2,1,01,B01
200700082977,0,32,000,00,1,1,01,A01
200700082978,0,07,000,00,0,0,00,A01
200700082979,0,07,000,00,1,1,01,A01
200700082980,0,07,000,00,1,1,01,A01
200700082981,0,32,000,00,2,1,01,A01
200700082981,0,07,000,00,2,1,15,B01
200700082982,0,33,000,00,2,2,00,A01
200700082982,0,07,000,00,2,3,01,B01
200700082983,0,07,000,00,2,3,01,A01
200700082983,0,30,000,00,2,1,01,B01
200700082984,0,02,000,00,1,1,07,A01
200700082985,0,07,000,00,2,6,11,A01
200700082985,0,33,000,00,2,7,02,B01
200700082986,0,07,000,00,2,3,09,A01
200700082986,0,02,000,00,2,1,01,B01
200700082987,0,07,000,00,0,9,01,A01
200700082988,0,07,000,00,2,2,11,A01
200700082988,0,02,000,00,2,1,02,B01
200700082989,0,07,000,00,2,1,01,A01
200700082989,0,30,000,00,2,6,01,B01
200700082990,0,07,000,00,2,1,17,A01
200700082990,0,07,000,00,2,1,01,B01
200700082991,0,02,000,00,2,4,01,A01
200700082991,0,07,000,00,2,1,19,B01
200700082992,0,07,000,00,1,2,01,A01
200700082993,0,30,000,00,1,1,01,A01
200700083027,0,01,000,00,2,1,13,A01
200700083027,0,07,000,00,2,3,01,B02
200700083028,0,30,000,00,2,1,13,A01
200700083028,0,07,000,00,2,8,01,B02
200700083029,0,33,000,00,2,1,21,A01
200700083029,0,07,000,00,0,2,00,B02
200700083030,0,07,000,01,0,1,01,A01
200700083031,0,07,000,00,2,2,19,A01
200700083031,0,02,000,00,2,3,01,B02
200700083032,0,07,000,00,2,1,13,A01
200700083032,0,07,000,00,2,1,01,B02
200700083033,0,07,000,00,2,3,13,A01
200700083033,0,07,000,00,2,3,01,B02
200700083034,0,31,000,00,2,2,02,A01
200700083034,0,07,000,00,2,6,15,B02
200700083035,0,07,000,00,1,4,04,A01
200700083036,0,07,000,13,0,1,19,A01
200700083037,0,07,000,00,2,2,17,A01
200700083037,0,07,000,00,2,3,15,B02
200700083038,0,02,000,00,2,2,17,A01
200700083038,0,07,000,00,2,3,10,B02
200700083039,0,07,000,00,2,8,15,A01
200700083039,0,33,000,00,2,1,01,B02
200700083040,0,07,000,00,1,0,01,A01
200700083041,0,07,000,00,0,5,15,A01
200700083041,0,31,000,00,2,1,01,B02
200700083042,0,34,000,00,2,8,13,A01
200700083042,0,07,000,00,2,8,01,B02
200700083043,0,33,000,01,0,1,01,A01
200700083044,0,07,000,06,0,1,13,A01
200700083045,0,07,000,00,2,1,13,A01
200700083045,0,01,000,00,2,1,13,B02
200700083046,0,07,000,00,1,7,01,A01
200700083047,0,07,000,00,2,1,13,A01
200700083047,0,07,000,00,2,1,01,B02
200700083048,0,33,000,00,2,1,17,A01
200700083048,0,07,000,00,0,8,15,B02
200700083049,0,07,000,00,2,3,15,A01
200700083049,0,32,000,00,2,1,01,B02
200700083050,0,02,000,00,0,1,00,A01
200700083050,0,30,000,00,0,8,17,B02
200700083051,0,31,000,16,0,0,01,A01
200700083052,0,07,000,08,0,1,01,A01
200700083053,0,07,000,00,2,3,01,A01
200700083053,0,07,000,00,2,1,01,B02
200700083053,0,32,000,00,2,1,15,C03
200700083054,0,07,000,15,0,1,01,A01
200700083055,0,30,000,00,0,1,01,A01
200700083056,0,07,000,00,1,2,01,A01
200700083057,1,99,000,00,1,0,00,A01
200700083058,0,32,000,12,0,1,14,A01
200700083059,0,07,000,00,1,3,19,A01
200700083060,0,33,000,00,0,0,00,A01
200700083061,0,07,000,00,2,2,01,A01
200700083061,0,01,000,00,2,1,13,B02
200700083062,0,31,000,08,0,7,14,A01
200700083063,0,07,000,00,2,6,15,A01
200700083063,0,02,000,00,2,1,01,B02
200700083064,0,07,000,00,2,7,16,A01
200700083064,0,02,000,00,0,1,01,B02
200700083065,0,07,000,00,1,1,01,A01
200700083066,0,07,000,00,2,1,17,A01
200700083066,0,01,000,00,2,8,15,B02
200700083067,0,02,000,00,2,1,03,A01
200700083067,0,32,000,00,2,1,03,B02
200700083067,0,07,000,00,2,4,01,C03
200700083068,0,10,000,00,1,3,17,A01
200700083069,0,07,000,13,0,1,01,A01
200700083070,0,07,000,00,9,7,02,A01
200700083070,0,01,000,00,0,8,02,B02
200700083071,0,07,000,00,2,1,01,A01
200700083071,0,02,000,00,2,1,05,B02
200700083072,0,36,000,00,0,9,01,A01
200700083073,0,07,000,00,0,1,21,A01
200700083073,0,07,000,00,0,7,01,B02
200700083074,0,02,000,01,0,1,13,A01
200700083075,0,07,000,01,2,5,00,A01
200700083075,0,33,000,01,0,1,13,B02
200700083076,0,07,000,00,2,2,01,A01
200700083076,0,07,000,00,2,3,01,B02
200700083077,0,33,000,01,2,8,23,A01
200700083077,2,07,000,01,0,2,02,B02
200700083078,0,01,000,00,2,1,17,A01
200700083078,0,07,000,00,2,3,15,B02
200700083079,0,31,000,00,2,1,06,A01
200700083079,0,07,000,00,2,1,01,B02
200700083080,0,33,000,00,0,8,17,A01
200700083081,0,07,000,00,2,3,13,A01
200700083081,0,07,000,00,2,3,00,B02
200700083082,0,14,000,00,2,3,01,A01
200700083082,0,07,000,00,2,3,13,B02
200700083083,0,07,000,06,0,1,01,A01
200700083109,0,07,000,00,2,6,01,A01
200700083109,0,07,000,08,2,1,19,B02
200700083110,0,07,000,06,0,1,01,A01
200700083113,0,07,000,00,2,1,01,A01
200700083113,0,02,000,00,2,1,16,B02
200700083114,0,31,000,08,0,3,14,A01
200700083117,0,10,000,00,0,2,15,A01
200700083117,0,30,000,00,2,1,01,B02
200700083117,0,14,000,00,0,0,00,C03
200700083118,0,07,000,00,2,3,01,A01
200700083118,0,02,000,00,2,1,17,B02
200700083119,0,07,000,00,0,8,15,A01
200700083122,0,31,000,00,2,1,17,A01
200700083122,0,07,000,00,2,3,00,B02
200700083123,0,07,000,00,1,2,02,A01
200700083130,0,10,000,00,1,2,00,A01
200700083131,0,07,000,00,2,1,02,A01
200700083131,0,07,000,00,2,4,02,B01
200700083131,0,07,000,00,2,6,05,C01
200700083132,0,07,000,00,1,0,00,A01
200700083133,0,32,000,00,0,0,00,A01
200700083134,0,07,000,00,2,3,15,A01
200700083134,0,02,000,00,2,1,17,B01
200700083135,0,07,000,00,1,5,00,A01
200700083136,0,30,000,00,0,4,00,A01
200700083137,0,33,000,00,2,2,01,A01
200700083137,0,07,000,00,2,6,23,C01
200700083137,0,07,000,00,2,2,01,B01
200700083138,0,07,000,06,2,1,00,A01
200700083138,0,07,000,00,2,8,00,B01
200700083138,0,07,000,01,2,9,00,C01
200700083139,0,07,000,00,2,1,00,B01
200700083139,0,07,000,00,2,1,00,A01
200700083140,0,07,000,00,2,6,00,A01
200700083140,0,33,000,00,2,2,00,B01
200700083141,0,07,000,00,1,1,00,A01
200700083142,0,07,000,00,2,1,00,A01
200700083142,0,30,000,00,2,1,00,B01
200700083143,0,07,000,00,0,2,00,A01
200700083143,0,07,000,00,2,1,00,B01
200700083144,0,07,000,04,0,7,00,A01
200700083144,0,07,000,00,9,3,00,B01
200700083145,0,07,000,00,0,1,00,A01
200700083145,0,07,000,00,0,7,00,B01
200700083146,0,07,000,00,0,4,00,A01
200700083146,0,33,000,00,0,1,00,B01
200700083147,0,07,000,00,1,1,00,A01
200700083148,0,07,000,00,2,1,00,B01
200700083148,0,07,000,00,2,1,00,A01
200700083149,0,07,000,00,2,0,00,A01
200700083149,0,32,000,00,2,0,00,B01
200700083150,0,07,000,00,6,1,01,A01
200700083150,0,02,000,00,2,1,05,B01
200700083151,0,33,000,00,2,1,17,A01
200700083151,0,07,000,00,9,3,01,B01
200700083152,0,07,000,08,0,1,01,A01
200700083153,0,07,000,00,2,3,01,A01
200700083153,0,07,000,00,2,3,01,B01
200700083154,0,07,000,00,2,1,02,A01
200700083154,0,07,000,00,2,4,02,B01
200700083155,0,07,000,00,2,3,13,A01
200700083155,0,07,000,00,2,3,01,B01
200700083156,0,07,000,00,2,3,01,A01
200700083156,0,07,000,00,2,1,05,B01
200700083157,0,07,000,15,0,1,01,A01
200700083158,0,07,000,00,2,5,12,A01
200700083158,0,07,000,00,2,3,02,B01
200700083159,0,07,000,00,2,3,13,A01
200700083159,0,07,000,00,2,3,01,B01
200700083160,0,07,000,00,2,1,00,A01
200700083160,0,07,000,00,2,1,00,B01
200700083161,0,13,000,00,2,2,00,A01
200700083161,0,07,000,00,9,8,00,B01
200700083162,0,33,000,00,2,1,02,A01
200700083162,1,07,000,00,9,4,02,B01
200700083163,1,37,001,00,1,0,00,A01
200700083163,0,07,000,00,1,2,23,B01
200700083163,0,02,000,00,2,0,00,C01
200700083164,0,07,000,04,9,9,00,A01
200700083164,0,33,000,00,2,0,00,B01
200700083164,0,13,000,00,9,5,01,C01
200700083164,0,07,000,00,2,6,00,D01
200700083165,0,07,000,04,0,9,01,A01
200700083166,0,07,000,00,2,0,00,B01
200700083166,0,30,000,00,2,1,00,A01
200700083167,0,07,000,04,0,9,01,A01
200700083168,0,07,000,00,9,3,15,A01
200700083168,0,02,000,00,2,1,17,B01
200700083169,1,07,000,00,1,1,01,A01
200700083170,0,02,000,00,0,7,01,A01
200700083171,0,30,000,01,0,7,01,A01
200700083172,0,07,000,00,2,1,01,A01
200700083172,0,07,000,00,2,4,02,B01
200700083173,1,07,000,00,2,0,00,A01
200700083173,0,05,000,00,2,4,02,B01
200700083174,0,07,000,00,2,1,02,A01
200700083174,0,07,000,00,2,4,02,B01
200700083175,0,07,000,08,0,9,01,A01
200700083176,0,07,000,00,2,6,01,A01
200700083176,0,07,000,00,2,2,09,B01
200700083177,0,07,000,04,0,9,01,A01
200700083178,0,07,000,00,2,1,02,A01
200700083178,0,07,000,00,1,1,02,B01
200700083179,0,07,000,00,2,4,02,A01
200700083179,0,07,000,00,2,4,02,B01
200700083180,0,07,000,00,2,1,12,A01
200700083180,0,07,000,00,2,8,01,B01
200700083180,0,07,000,00,2,4,01,C01
200700083181,0,07,000,00,2,1,02,A01
200700083181,0,07,000,00,2,4,02,B01
200700083182,0,07,000,13,0,9,01,A01
200700083183,0,07,000,00,2,1,02,A01
200700083183,0,07,000,00,2,4,02,B01
200700083184,0,07,000,00,2,6,01,A01
200700083184,0,07,000,00,2,3,01,B01
200700083184,0,07,000,00,2,1,02,C01
200700083184,0,07,000,00,2,1,13,D01
200700083185,0,07,000,00,1,1,01,A01
200700083186,0,02,000,00,2,1,13,A01
200700083186,0,07,000,00,2,1,01,B01
200700083187,0,07,000,01,2,1,00,A01
200700083187,0,10,000,00,2,1,00,B01
200700083187,0,10,000,00,2,4,00,C01
200700083188,0,07,000,00,9,8,15,A01
200700083188,0,02,000,00,2,0,00,B01
200700083189,0,02,000,00,0,0,00,A01
200700083190,0,02,000,01,2,0,00,A01
200700083191,0,02,000,00,0,0,00,A01
200700083191,0,07,000,00,0,0,00,B01
200700083192,0,07,000,00,2,1,00,A01
200700083192,0,33,000,00,2,1,01,B01
200700083193,0,07,000,00,0,0,00,A01
200700083194,0,07,000,08,0,3,00,A01
200700083195,0,01,000,00,0,0,00,A01
200700083195,0,07,000,00,0,0,00,B01
200700083196,0,07,000,00,1,7,00,A01
200700083197,0,07,000,00,2,2,09,A01
200700083197,0,02,000,00,2,1,17,B01
200700083198,0,07,000,00,0,0,00,A01
200700083198,0,07,000,00,0,0,00,B01
200700083199,0,02,000,00,0,0,00,A01
200700083199,0,02,000,00,0,0,00,B01
200700083200,1,07,000,00,0,0,00,A01
200700083201,0,07,000,00,0,0,00,A01
200700083202,0,07,000,00,9,0,09,A01
200700083202,0,02,000,00,2,1,01,B01
200700083203,0,10,000,00,2,3,01,A01
200700083203,0,07,000,00,2,1,01,B01
200700083204,0,07,000,00,9,8,01,A01
200700083204,0,01,000,00,2,1,00,B01
200700083205,0,07,000,00,0,9,01,A01
200700083206,0,07,000,00,9,5,00,A01
200700083206,0,01,000,00,2,0,00,B01
200700083207,0,02,000,00,0,0,01,A01
200700083207,0,07,000,00,0,0,00,B01
200700083208,0,07,000,00,0,1,00,A01
200700083208,0,07,000,00,0,0,00,B01
200700083209,0,07,000,00,9,5,00,A01
200700083209,0,02,000,00,2,0,00,B01
200700083210,0,07,000,00,0,0,00,A01
200700083210,0,01,000,00,2,0,00,B01
200700083211,0,07,000,00,0,0,00,A01
200700083211,0,33,000,01,1,0,00,B01
200700083212,0,02,000,00,0,0,01,A01
200700083212,0,07,000,00,2,4,00,B01
200700083213,0,07,000,00,0,0,00,A01
200700083214,0,31,000,00,1,1,17,A01
200700083215,0,07,000,00,2,7,15,A01
200700083215,0,30,000,00,2,1,01,B01
200700083216,0,07,000,00,2,8,01,B01
200700083216,0,01,000,00,2,1,01,A01
200700083217,0,30,000,00,1,7,01,A01
200700083218,0,30,000,00,0,8,01,A01
200700083219,0,07,000,00,2,1,01,A01
200700083219,0,01,000,00,2,7,19,B01
200700083220,0,20,000,00,2,0,01,A01
200700083220,0,07,000,00,2,1,01,B01
200700083221,0,30,000,01,0,1,01,A01
200700083222,0,07,000,00,2,3,01,A01
200700083222,0,07,000,00,2,6,01,B01
200700083223,0,02,000,00,2,1,01,B01
200700083223,0,07,000,00,2,2,15,A01
200700083224,0,07,000,00,2,7,15,A01
200700083224,0,33,000,00,2,1,01,B01
200700083225,0,07,000,00,0,8,23,B01
200700083225,0,07,000,01,0,1,06,A01
200700083226,0,07,000,00,0,4,01,A01
200700083226,0,13,000,00,2,1,02,B01
200700083227,0,30,000,00,2,1,17,A01
200700083227,0,07,000,00,2,1,01,B01
200700083227,0,07,000,00,2,1,09,C01
200700083228,0,33,000,00,2,2,15,A01
200700083228,0,07,000,00,2,2,09,B01
200700083228,0,07,000,00,2,6,01,C01
200700083228,0,01,000,00,2,3,01,D01
200700083229,0,34,000,00,0,1,01,A01
200700083229,0,07,000,00,2,1,02,B01
200700083230,0,31,000,00,2,1,01,A01
200700083230,0,07,000,00,0,3,01,B01
200700083231,0,33,000,00,2,0,01,A01
200700083231,0,14,000,00,9,5,01,B01
200700083232,0,07,000,00,1,1,01,A01
200700083233,0,02,000,00,1,1,17,A01
200700083234,0,33,000,01,0,4,02,B01
200700083234,0,07,000,01,0,1,02,A01
200700083235,0,33,000,00,2,1,02,A01
200700083235,0,07,000,00,0,4,23,B01
200700083236,0,07,000,00,1,1,01,A01
200700083237,0,07,000,00,1,1,01,A01
200700083238,0,07,000,00,1,3,01,A01
200700083239,0,07,000,00,2,8,11,A01
200700083239,0,07,000,00,2,2,01,B01
200700083240,0,07,000,00,1,1,01,A01
200700083241,0,07,000,00,2,1,01,A01
200700083241,0,07,000,00,2,1,01,B01
200700083241,0,07,000,00,2,4,01,C01
200700083242,0,07,000,00,1,1,01,A01
200700083243,0,07,000,00,2,7,15,A01
200700083243,0,33,000,00,2,1,01,B01
200700083244,0,33,000,00,2,1,01,A01
200700083244,0,07,000,00,2,4,01,B01
200700083244,0,07,000,00,2,8,01,C01
200700083295,0,07,000,00,2,3,15,A01
200700083295,0,33,000,00,2,1,17,B02
200700083296,0,07,000,00,2,1,13,A01