Num_Acc,senc,catv,occutc,obs,obsm,choc,manv,num_veh
200700083296,0,37,000,00,2,3,01,B02
200700083296,0,07,000,00,2,1,01,C03
200700083297,0,14,000,00,2,2,01,A01
200700083297,0,07,000,00,2,2,13,B02
200700083298,0,07,000,00,9,2,01,A01
200700083298,0,01,000,00,2,7,19,B02
200700083299,0,33,000,05,0,1,01,A01
200700083300,0,07,000,00,2,2,01,A01
200700083300,0,07,000,00,0,7,15,B02
200700083301,0,07,000,00,0,0,00,A01
200700083302,0,33,000,00,2,1,05,A01
200700083302,0,07,000,00,2,2,01,B02
200700083302,0,07,000,00,2,3,01,C03
200700083302,0,07,000,00,2,3,01,D04
200700083303,0,07,000,00,2,7,13,A01
200700083303,0,10,000,00,2,1,01,B02
200700083303,0,07,000,00,2,6,01,C03
200700083304,0,30,000,00,2,1,13,A01
200700083304,0,99,000,00,2,2,01,B02
200700083305,0,07,000,00,2,3,13,A01
200700083305,0,07,000,00,2,3,01,B02
200700083305,0,07,000,00,2,3,01,C03
200700083306,0,07,000,00,2,7,10,A01
200700083306,0,31,000,00,2,1,01,B02
200700083307,0,10,000,09,0,8,01,A01
200700083308,0,10,000,13,0,3,02,A01
200700083309,0,32,000,00,2,1,05,A01
200700083309,0,03,000,00,2,2,01,B02
200700083310,0,10,000,00,2,7,15,A01
200700083310,0,02,000,00,2,3,01,B02
200700083311,0,07,000,08,0,1,01,A01
200700083312,0,04,000,16,0,0,00,A01
200700083313,0,30,000,00,0,0,00,A01
200700083314,0,33,000,00,2,0,17,A01
200700083314,0,01,000,00,0,8,15,B02
200700083315,0,03,000,00,2,1,01,A01
200700083315,0,07,000,00,2,1,01,B02
200700083316,0,33,000,00,1,1,01,A01
200700083316,0,01,000,00,0,5,05,B02
200700083317,0,07,000,00,2,2,01,A01
200700083317,0,02,000,00,2,1,19,B02
200700083318,0,07,000,00,2,1,17,A01
200700083318,0,07,000,00,2,8,13,B02
200700083319,0,10,000,00,1,5,16,A01
200700083320,0,07,000,00,2,2,15,A01
200700083320,0,33,000,00,0,1,02,B02
200700083321,0,13,000,00,2,1,02,A01
200700083321,0,07,000,00,0,4,01,B02
200700083321,0,31,000,00,0,4,15,C03
200700083322,0,07,000,00,2,7,15,A01
200700083322,0,02,000,00,2,1,01,B02
200700083323,0,07,000,00,2,3,01,A01
200700083323,0,07,000,00,0,2,00,B02
200700083324,0,07,000,00,2,5,15,A01
200700083324,0,07,000,00,2,3,01,B02
200700083325,0,07,000,00,1,2,01,A01
200700083326,0,07,000,13,0,3,01,A01
200700083327,0,99,000,00,0,0,15,A01
200700083328,0,07,000,00,2,2,15,A01
200700083328,0,02,000,00,2,1,01,B02
200700083329,0,07,000,13,0,9,14,A01
200700083330,0,33,000,00,2,1,03,A01
200700083330,0,10,000,00,2,3,13,B02
200700083331,0,01,000,00,2,4,13,A01
200700083331,0,07,000,00,2,2,17,B02
200700083332,0,07,000,00,1,2,01,A01
200700083333,0,07,000,04,0,3,13,A01
200700083334,0,14,000,13,0,3,01,A01
200700083335,0,01,000,00,2,2,15,A01
200700083335,0,02,000,00,2,1,01,B02
200700083336,0,10,000,00,1,2,01,A01
200700083337,0,02,000,00,2,1,05,A01
200700083337,0,01,000,00,2,1,01,B02
200700083338,0,07,000,04,2,2,01,A01
200700083338,0,07,000,03,0,6,00,B02
200700083339,0,33,000,00,2,1,02,A01
200700083339,0,07,000,00,2,4,02,B02
200700083339,0,07,000,00,2,6,23,C03
200700083339,0,33,000,00,9,7,01,D04
200700083339,0,33,000,00,2,8,01,E05
200700083340,0,07,000,00,2,2,17,A01
200700083340,0,07,000,00,2,2,01,B02
200700083341,0,07,000,00,2,2,15,A01
200700083341,0,33,000,00,2,4,01,B02
200700083342,0,07,000,00,2,2,00,A01
200700083342,0,01,000,00,2,8,00,B02
200700083343,0,07,000,00,9,2,12,A01
200700083343,0,01,000,00,0,8,01,B02
200700083344,0,30,000,00,0,0,02,A01
200700083365,0,07,000,00,2,1,13,A01
200700083365,0,07,000,00,2,1,01,B02
200700083368,0,14,000,00,2,1,01,A01
200700083368,0,01,000,00,2,6,13,B02
200700083369,0,30,000,00,2,1,01,A01
200700083369,0,16,000,00,0,0,01,B02
200700083370,0,07,000,06,2,3,13,A01
200700083370,0,17,000,06,2,3,01,B02
200700083371,0,07,000,00,2,3,09,A01
200700083371,0,02,000,00,2,1,03,B02
200700083375,0,07,000,00,2,3,00,A01
200700083375,0,07,000,00,2,2,00,B02
200700083376,0,07,000,00,0,3,01,A01
200700083376,0,02,000,00,2,1,01,B02
200700083377,0,07,000,00,1,2,01,A01
200700083378,0,07,000,00,2,3,15,A01
200700083378,0,02,000,00,2,1,17,B02
200700083379,0,07,000,00,2,1,21,A01
200700083380,0,02,000,00,2,1,01,A01
200700083380,0,07,000,00,2,3,15,B02
200700083381,0,07,000,00,2,6,09,A01
200700083381,0,33,000,00,2,1,17,B02
200700083387,0,07,000,04,0,1,00,A01
200700083388,0,07,000,00,2,1,01,B01
200700083388,0,30,000,00,2,1,16,A01
200700083389,0,10,000,00,1,3,09,A01
200700083390,0,07,000,00,2,2,17,A01
200700083390,0,07,000,00,2,6,01,C01
200700083390,0,07,000,13,0,1,21,B01
200700083391,0,30,000,12,0,1,00,A01
200700083391,0,07,000,12,0,1,00,B01
200700083392,0,07,000,13,0,1,00,A01
200700083393,1,30,000,00,2,1,00,A01
200700083393,0,01,000,00,2,4,00,B01
200700083394,0,07,000,00,2,1,00,A01
200700083394,0,07,000,00,2,1,00,B01
200700083395,0,07,000,00,1,2,00,A01
200700083396,0,07,000,06,0,0,00,A01
200700083397,0,07,000,00,1,1,00,A01
200700083398,0,07,000,00,2,0,00,B01
200700083398,0,02,000,00,0,0,00,A01
200700083399,0,07,000,00,0,1,02,A01
200700083399,0,07,000,00,1,4,02,B01
200700083400,0,07,000,08,0,1,00,A01
200700083401,0,07,000,00,2,1,01,A01
200700083401,0,07,000,00,2,6,17,C01
200700083401,0,07,000,00,2,4,02,B01
200700083402,0,07,000,00,2,4,02,C01
200700083402,0,07,000,00,2,4,02,B01
200700083402,0,07,000,00,2,1,01,A01
200700083403,0,32,000,00,1,1,01,A01
200700083404,0,07,000,00,0,0,00,A01
200700083405,0,07,000,01,0,1,00,A01
200700083406,0,07,000,00,1,1,01,A01
200700083407,0,07,000,00,1,1,01,A01
200700083408,0,07,000,00,2,1,02,B01
200700083408,0,07,000,00,2,4,02,A01
200700083409,0,30,000,00,1,1,01,A01
200700083410,0,07,000,00,9,3,00,B01
200700083410,0,30,000,00,2,1,00,A01
200700083411,0,34,000,00,9,1,00,B01
200700083411,0,13,000,00,9,6,00,A01
200700083412,0,32,000,00,2,0,01,B01
200700083412,0,07,000,00,9,0,00,A01
200700083413,0,02,000,00,0,0,00,C01
200700083413,0,07,000,00,9,0,00,B01
200700083413,0,20,000,00,2,0,00,A01
200700083414,0,07,000,00,9,0,00,B01
200700083414,0,02,000,00,2,0,00,A01
200700083415,0,30,000,00,9,0,00,A01
200700083416,1,02,000,00,1,1,16,A01
200700083417,0,33,000,00,2,1,17,B01
200700083417,0,07,000,00,9,8,15,A01
200700083418,0,30,000,00,2,1,00,B01
200700083418,0,07,000,00,9,1,00,A01
200700083419,0,07,000,08,0,0,01,A01
200700083420,0,07,000,04,2,1,01,A01
200700083420,0,07,000,04,2,9,11,B01
200700083421,0,01,000,00,2,0,05,A01
200700083421,0,07,000,00,9,1,01,B01
200700083422,0,07,000,00,2,1,02,A01
200700083422,0,07,000,00,2,4,02,B01
200700083423,0,07,000,00,2,1,02,A01
200700083423,0,07,000,00,2,4,02,B01
200700083424,0,07,000,00,2,1,02,A01
200700083424,0,07,000,00,2,6,15,B01
200700083425,0,07,000,00,1,1,01,A01
200700083426,0,07,000,00,2,4,02,A01
200700083426,0,07,000,00,2,1,02,B01
200700083427,0,05,000,00,2,1,02,A01
200700083427,0,07,000,00,2,4,02,B01
200700083427,0,05,000,00,2,0,21,C01
200700083428,0,07,000,00,2,2,01,A01
200700083428,1,07,000,00,2,0,01,B01
200700083429,0,07,000,00,1,1,01,A01
200700083430,0,07,000,00,2,1,02,A01
200700083430,0,07,000,00,2,4,02,B01
200700083431,0,10,000,00,1,1,01,A01
200700083432,0,07,000,00,2,8,11,A01
200700083432,0,05,000,00,2,7,01,B01
200700083433,0,05,000,01,2,0,01,A01
200700083434,0,07,000,00,0,0,00,A01
200700083435,0,07,000,00,1,0,00,A01
200700083435,0,02,000,00,0,0,00,B01
200700083436,0,02,000,01,0,7,01,A01
200700083437,0,10,000,00,2,3,15,A01
200700083437,0,07,000,00,2,1,00,B01
200700083438,0,02,000,00,0,4,01,B01
200700083438,0,07,000,00,0,5,16,A01
200700083439,0,07,000,00,2,4,16,B01
200700083439,0,02,000,00,2,1,21,A01
200700083440,0,02,000,00,2,1,02,B01
200700083440,0,07,000,00,0,5,00,A01
200700083441,0,07,000,00,2,8,15,A01
200700083441,0,07,000,00,2,1,23,B01
200700083442,0,07,000,00,2,1,01,B01
200700083442,0,02,000,00,2,1,09,A01
200700083443,0,02,000,00,2,1,09,A01
200700083443,0,07,000,00,2,1,01,B01
200700083444,0,07,000,00,2,2,00,B01
200700083444,0,02,000,00,2,1,00,A01
200700083445,0,03,000,00,9,8,15,A01
200700083445,0,33,000,00,2,1,01,B01
200700083446,0,01,000,00,2,1,15,A01
200700083446,0,07,000,00,2,1,01,B01
200700083447,0,02,000,00,0,7,02,B01
200700083447,0,07,000,00,0,2,02,A01
200700083448,0,07,000,00,2,8,09,A01
200700083448,0,01,000,00,2,1,15,B01
200700083449,0,10,000,00,2,4,01,B01
200700083449,0,07,000,08,2,1,17,A01
200700083450,0,02,000,00,2,1,01,B01
200700083450,0,07,000,00,0,3,15,A01
200700083451,0,02,000,00,0,1,01,B01
200700083452,0,02,000,00,2,1,01,A01
200700083452,0,01,000,00,2,4,01,B01
200700083453,0,32,000,12,2,1,01,A01
200700083454,0,02,000,00,0,6,00,A01
200700083454,0,14,000,00,0,0,00,B01
200700083455,0,07,000,06,0,9,01,A01
200700083456,0,07,000,00,0,1,02,A01
200700083456,0,07,000,00,2,1,02,C01
200700083456,0,07,000,00,2,6,02,B01
200700083457,0,07,000,00,2,1,15,A01
200700083457,0,02,000,00,2,7,01,B01
200700083458,0,17,000,03,0,7,01,A01
200700083459,0,07,000,00,2,8,15,A01
200700083459,0,33,000,00,2,1,13,B01
200700083460,0,07,000,00,1,1,01,A01
200700083460,0,07,000,00,1,4,01,B01
200700083461,0,07,000,00,1,8,01,A01
200700083462,0,07,000,00,1,8,01,A01
200700083463,0,01,000,00,2,1,01,A01
200700083463,0,07,000,00,2,2,01,B01
200700083464,0,07,000,00,2,7,01,A01
200700083464,0,01,000,00,2,1,01,B01
200700083465,0,07,000,00,1,7,01,A01
200700083466,0,01,000,01,2,1,01,A01
200700083466,0,07,000,00,2,7,01,B01
200700083467,0,07,000,00,2,7,01,A01
200700083467,0,07,000,00,2,1,01,B01
200700083468,0,10,000,00,9,7,16,A01
200700083468,0,33,000,00,2,1,16,B01
200700083469,0,07,000,00,0,0,24,A01
200700083469,0,37,030,08,0,7,14,B01
200700083470,0,07,000,00,2,1,02,A01
200700083470,0,07,000,00,0,4,23,B01
200700083471,0,07,000,00,1,1,01,A01
200700083472,0,07,000,00,2,1,02,A01
200700083472,0,07,000,00,0,4,02,B01
200700083473,0,31,000,00,2,3,01,B01
200700083473,0,07,000,00,2,2,01,A01
200700083474,0,07,000,00,2,8,13,A01
200700083474,0,33,000,00,2,1,17,B01
200700083475,0,10,000,00,2,7,15,A01
200700083475,0,30,000,00,2,1,01,B01
200700083476,0,07,000,00,2,4,01,A01
200700083476,0,07,000,00,2,1,01,B01
200700083476,0,07,000,00,2,1,01,C01
200700083477,2,07,000,00,2,3,15,A01
200700083477,0,07,000,00,2,1,01,B01
200700083478,0,30,000,00,2,2,17,A01
200700083478,0,07,000,00,2,3,09,B01
200700083479,0,02,000,00,2,1,00,A01
200700083479,0,07,000,00,2,4,01,B01
200700083480,0,07,000,00,2,1,01,A01
200700083480,0,07,000,00,2,1,01,B01
200700083481,0,37,001,00,1,4,04,A01
200700083482,0,32,000,00,2,1,01,B01
200700083482,0,16,000,00,2,2,14,A01
200700083483,0,02,000,00,2,1,01,A01
200700083483,0,07,000,00,2,4,01,B01
200700083484,0,07,000,00,1,1,01,A01
200700083485,0,07,000,00,1,1,00,A01
200700083485,0,07,000,00,2,0,00,B01
200700083486,0,30,000,00,2,1,01,A01
200700083487,0,07,000,00,1,2,01,A01
200700083488,0,07,000,00,1,0,09,A01
200700083489,0,07,000,00,2,1,01,A01
200700083489,0,30,000,00,2,8,09,B01
200700083490,0,07,000,00,1,1,01,A01
200700083491,0,30,000,00,1,1,01,A01
200700083492,0,07,000,00,1,1,01,A01
200700083493,0,07,000,00,1,1,01,A01
200700083539,0,07,000,00,2,2,01,A01
200700083539,0,30,000,12,2,8,01,B01
200700083540,0,07,000,00,0,0,16,A01
200700083540,0,02,000,00,2,0,01,B01
200700083541,0,07,000,00,2,2,15,A01
200700083541,0,30,000,00,2,1,01,B01
200700083542,0,99,000,00,2,1,02,A01
200700083542,0,07,000,00,2,4,23,B01
200700083542,0,07,000,00,2,4,23,C01
200700083543,0,07,000,00,2,1,05,A01
200700083543,0,10,000,00,2,1,01,B02
200700083544,0,01,000,00,2,1,13,A01
200700083544,0,37,000,00,2,1,00,B02
200700083545,0,07,000,00,2,3,09,A01
200700083545,0,02,000,00,2,1,21,B02
200700083546,0,30,000,00,2,1,13,A01
200700083546,0,01,000,00,2,1,01,B02
200700083547,0,07,000,00,2,1,01,A01
200700083547,0,07,000,00,2,1,01,B02
200700083548,0,07,000,00,0,4,15,A01
200700083548,0,99,000,00,2,1,17,B02
200700083549,0,33,000,00,2,1,01,A01
200700083549,0,14,000,00,2,3,01,B02
200700083550,0,10,000,00,2,2,13,A01
200700083550,0,10,000,00,2,3,01,B02
200700083551,0,07,000,00,2,3,13,A01
200700083551,0,07,000,00,2,3,01,B02
200700083551,0,07,000,00,2,3,01,C03
200700083551,0,07,000,00,2,6,01,D04
200700083551,0,07,000,00,2,3,01,E05
200700083552,0,30,000,00,2,1,01,A01
200700083552,0,07,000,00,0,4,15,B02
200700083553,0,07,000,04,0,1,14,A01
200700083554,0,07,000,00,9,1,13,A01
200700083554,0,32,000,00,2,1,01,B02
200700083555,0,07,000,00,2,1,21,A01
200700083555,0,01,000,00,2,3,19,B02
200700083556,0,02,000,00,2,8,17,A01
200700083556,0,14,000,00,2,8,01,B02
200700083557,0,10,000,00,1,5,04,A01
200700083558,0,07,000,00,2,1,16,A01
200700083558,0,07,000,00,2,1,01,B02
200700083559,0,03,000,00,1,1,01,A01
200700083560,0,33,000,00,0,9,02,A01
200700083560,0,33,000,00,0,0,02,B02
200700083561,0,07,000,03,0,1,14,A01
200700083562,0,07,000,00,0,0,05,A01
200700083563,0,07,000,00,2,1,05,A01
200700083563,0,07,000,13,0,7,01,B02
200700083563,0,07,000,00,2,1,01,C03
200700083563,0,07,000,00,2,3,01,D04
200700083564,0,07,000,06,0,1,01,A01
200700083565,0,33,000,10,0,0,00,A01
200700083566,0,07,000,08,0,8,01,A01
200700083567,0,07,000,06,0,2,15,A01
200700083568,0,07,000,00,2,1,01,A01
200700083568,0,07,000,00,2,1,01,B02
200700083569,0,04,000,00,2,1,01,A01
200700083569,0,07,000,00,2,3,01,B02
200700083570,0,07,000,15,0,1,01,A01
200700083571,0,01,000,00,0,1,01,A01
200700083571,0,02,000,00,0,1,05,B02
200700083572,0,36,000,07,0,1,00,A01
200700083573,0,07,000,08,1,6,01,A01
200700083574,0,10,000,13,0,2,01,A01
200700083575,0,07,000,00,2,3,13,A01
200700083575,0,02,000,00,0,1,01,B02
200700083576,0,07,000,13,0,1,02,A01
200700083577,0,07,000,00,2,3,13,A01
200700083577,0,07,000,00,2,3,01,B02
200700083578,0,01,000,00,2,1,15,A01
200700083578,0,07,000,00,2,3,01,B02
200700083579,0,10,000,00,0,7,01,A01
200700083580,0,07,000,00,2,0,02,A01
200700083580,0,10,000,00,0,0,02,B02
200700083581,0,07,000,00,2,3,15,A01
200700083581,0,02,000,00,2,1,17,B02
200700083582,0,07,000,00,2,1,00,A01
200700083582,0,07,000,00,2,1,00,B02
200700083583,0,30,000,00,1,1,01,A01
200700083584,0,10,000,00,2,2,01,A01
200700083584,0,01,000,00,0,4,01,B02
200700083584,0,01,000,00,0,0,01,C03
200700083585,0,31,000,00,2,1,01,A01
200700083585,0,01,000,00,2,1,01,B02
200700083586,0,07,000,13,0,1,01,A01
200700083587,0,07,000,08,0,6,14,A01
200700083588,0,07,000,00,0,4,00,A01
200700083589,0,07,000,13,0,1,13,A01
200700083590,0,10,000,00,2,3,01,A01
200700083590,0,33,000,00,2,1,01,B02
200700083591,0,30,000,00,1,1,01,A01
200700083592,0,07,000,00,2,7,15,A01
200700083592,0,02,000,00,2,1,01,B02
200700083593,0,07,000,00,2,1,19,A01
200700083593,0,33,000,00,2,7,01,B02
200700083594,0,31,000,00,0,1,17,A01
200700083594,0,07,000,00,0,1,01,B02
200700083595,0,30,000,00,0,2,01,A01
200700083596,0,31,000,00,2,1,13,A01
200700083596,0,07,000,00,2,3,00,B02
200700083597,0,07,000,00,0,0,15,A01
200700083597,0,01,000,00,2,1,13,B02
200700083597,0,07,000,00,2,7,23,C03
200700083597,0,07,000,00,2,1,23,D04
200700083598,0,07,000,06,0,2,14,A01
200700083599,0,33,000,00,2,4,01,A01
200700083599,0,30,000,00,2,1,02,B02
200700083600,0,07,000,00,2,8,15,A01
200700083600,0,02,000,00,2,2,17,B02
200700083601,0,07,000,00,2,8,15,A01
200700083601,0,02,000,00,2,1,02,B02
200700083629,0,07,000,00,0,8,15,A01
200700083629,0,31,000,00,2,1,17,B02
200700083630,0,07,000,00,2,2,15,A01
200700083630,0,30,000,00,2,1,01,B02
200700083631,0,10,000,00,2,7,15,A01
200700083631,0,33,000,00,2,1,01,B02
200700083632,0,02,000,13,0,2,01,A01
200700083633,0,36,000,00,2,3,13,A01
200700083633,0,07,000,00,2,6,01,B02
200700083634,0,07,000,00,2,8,13,A01
200700083634,0,33,000,00,2,1,01,B02
200700083636,0,07,000,00,2,1,01,A01
200700083636,0,07,000,06,1,5,15,B02
200700083637,0,07,000,00,2,8,15,A01
200700083639,0,02,000,00,2,1,17,A01
200700083639,0,01,000,00,2,8,15,B02
200700083640,0,21,000,00,0,4,01,A01
200700083640,0,07,000,00,2,1,02,B02
200700083641,0,07,000,00,1,2,21,A01
200700083642,0,32,000,08,0,1,14,A01
200700083643,0,07,000,00,2,7,15,A01
200700083643,0,02,000,00,2,1,01,B02
200700083644,0,33,000,00,2,1,17,A01
200700083644,0,07,000,00,2,1,01,B02
200700083644,0,07,000,00,2,3,02,C03
200700083646,0,30,000,00,1,1,21,A01
200700083647,0,07,000,00,1,1,00,A01
200700083648,0,07,000,00,2,2,00,A01
200700083648,0,33,000,00,2,7,00,B01
200700083649,0,01,000,12,0,0,00,A01
200700083649,0,33,000,12,0,0,00,B01
200700083650,0,30,000,00,2,0,00,A01
200700083650,0,07,000,00,0,8,00,B01
200700083651,0,07,000,00,2,5,00,A01
200700083651,0,07,000,00,2,5,15,B01
200700083652,0,07,000,00,2,1,00,A01
200700083652,0,07,000,00,0,1,00,B01
200700083653,0,07,000,00,2,1,00,A01
200700083653,0,01,000,00,2,0,00,B01
200700083654,0,07,000,00,1,1,00,A01
200700083655,0,03,000,00,2,1,00,A01
200700083655,0,07,000,00,2,1,00,B01
200700083656,0,07,000,00,2,3,00,A01
200700083656,0,07,000,00,2,3,00,B01
200700083657,0,07,000,08,0,1,00,A01
200700083658,0,07,000,00,1,1,00,A01
200700083659,0,30,000,00,2,1,01,A01
200700083660,0,07,000,00,2,8,15,B01
200700083660,0,07,000,00,2,1,01,A01
200700083661,1,07,000,00,0,0,00,B01
200700083661,0,07,000,00,1,3,00,A01
200700083662,0,30,000,00,1,1,00,A01
200700083663,0,07,000,00,1,2,01,A01
200700083664,0,07,000,00,2,1,00,B01
200700083664,0,07,000,00,2,1,01,A01
200700083665,0,30,000,00,2,1,00,B01
200700083665,0,07,000,00,9,2,00,A01
200700083666,0,07,000,00,1,1,00,A01
200700083667,0,07,000,00,1,1,01,A01
200700083668,0,07,000,00,1,0,01,A01
200700083669,0,07,000,00,2,4,02,C01
200700083669,0,07,000,00,2,4,02,B01
200700083669,0,07,000,00,2,1,01,A01
200700083670,0,07,000,00,2,0,00,B01
200700083670,0,30,000,00,2,0,00,A01
200700083671,0,14,000,06,0,4,04,A01
200700083672,1,30,000,00,1,0,00,A01
200700083673,0,07,000,01,0,1,01,A01
200700083673,0,07,000,13,2,4,24,B01
200700083674,0,07,000,04,2,9,17,A01
200700083674,0,07,000,00,2,8,01,B01
200700083674,0,07,000,00,2,1,02,C01
200700083675,0,07,000,00,2,3,13,A01
200700083675,0,07,000,00,2,6,01,B01
200700083676,0,07,000,00,2,3,19,A01
200700083676,0,05,000,00,2,1,03,B01
200700083677,0,05,000,00,2,1,01,B01
200700083677,0,07,000,00,2,8,15,A01
200700083678,0,07,000,00,2,1,02,A01
200700083678,0,07,000,00,2,4,02,B01
200700083679,0,05,000,13,0,0,00,A01
200700083680,0,07,000,00,2,3,01,A01
200700083680,0,07,000,00,2,3,13,B01
200700083680,0,07,000,00,2,1,21,C01
200700083681,0,07,000,00,2,0,00,A01
200700083681,0,07,000,00,2,9,01,B01
200700083682,0,05,000,00,0,1,01,A01
200700083683,0,02,000,00,2,1,01,B01
200700083683,0,07,000,00,9,2,15,A01
200700083684,0,10,000,00,1,1,01,A01
200700083685,0,07,000,13,0,9,00,A01
200700083686,0,05,000,00,2,1,03,A01
200700083687,0,02,000,01,0,1,14,A01
200700083687,0,07,000,00,9,6,24,B01
200700083688,0,07,000,00,2,1,01,A01
200700083688,0,07,000,00,2,3,13,B01
200700083689,0,05,000,00,2,2,01,B01
200700083689,0,10,000,00,2,7,15,A01
200700083690,0,31,000,00,2,1,01,B01
200700083690,1,10,000,00,0,0,00,A01
200700083691,0,07,000,00,2,1,15,A01
200700083691,0,02,000,00,2,1,18,B01
200700083692,1,02,000,00,2,0,17,A01
200700083692,0,02,000,00,2,8,15,B01
200700083693,0,02,000,00,2,1,02,B01
200700083693,0,07,000,00,9,3,10,A01
200700083694,0,07,000,00,2,2,17,A01
200700083694,0,02,000,00,0,8,01,B01
200700083695,0,07,000,00,1,4,01,A01
200700083696,0,10,000,00,1,2,01,A01
200700083697,0,07,000,00,2,2,15,A01
200700083697,0,31,000,00,2,1,01,B01
200700083698,0,02,000,00,2,1,01,B01
200700083698,0,07,000,00,9,3,02,A01
200700083699,0,02,000,00,1,1,01,A01
200700083700,0,07,000,00,9,4,01,B01
200700083700,0,02,000,00,2,1,02,A01
200700083701,0,02,000,00,2,8,01,B01
200700083701,0,07,000,00,2,2,16,A01
200700083702,0,30,000,00,2,1,01,B01
200700083702,0,07,000,00,0,5,16,A01
200700083703,0,01,000,00,2,1,01,B01
200700083703,0,07,000,00,2,1,16,A01
200700083704,0,10,000,00,2,1,01,A01
200700083704,0,07,000,00,2,4,01,B01
200700083705,0,07,000,00,2,3,15,B01
200700083705,0,02,000,00,2,1,01,A01
200700083706,0,07,000,00,2,4,11,B01
200700083706,0,02,000,00,2,1,01,A01
200700083707,0,02,000,00,2,1,17,B01
200700083707,0,07,000,00,2,8,09,A01
200700083708,0,07,000,00,0,5,02,B01
200700083708,0,02,000,00,1,1,02,A01
200700083709,0,07,000,00,9,4,01,B01
200700083709,0,33,000,00,2,1,02,A01
200700083710,0,07,000,00,2,5,15,B01
200700083710,0,02,000,00,2,1,01,A01
200700083711,1,07,000,00,1,1,01,A01
200700083712,0,02,000,00,2,1,01,B01
200700083713,0,02,000,00,2,7,02,B01
200700083713,0,07,000,00,9,5,02,A01
200700083714,0,07,000,00,2,1,09,A01
200700083714,0,31,000,00,2,1,01,B01
200700083715,0,07,000,00,2,8,09,A01
200700083715,0,02,000,00,2,1,01,B01
200700083716,0,07,000,00,2,3,01,B01
200700083716,0,01,000,00,2,6,01,A01
200700083717,0,07,000,00,1,1,01,A01
200700083718,0,01,000,00,2,1,03,B01
200700083718,0,07,000,00,0,3,09,A01
200700083719,0,33,000,00,2,4,01,B01
200700083719,0,07,000,00,2,1,01,A01
200700083720,0,02,000,00,2,1,01,B01
200700083720,0,07,000,00,9,3,16,A01
200700083721,0,02,000,07,2,1,01,B01
200700083721,0,07,000,00,2,1,15,A01
200700083722,0,02,000,00,2,7,01,B01
200700083722,1,07,000,00,2,0,00,A01
200700083723,0,07,000,00,9,1,01,B01
200700083723,0,01,000,00,2,1,17,A01
200700083724,0,02,000,00,2,1,10,A01
200700083724,0,02,000,00,2,1,01,B01
200700083725,0,07,000,00,2,4,01,B01
200700083725,0,07,000,00,2,1,01,A01
200700083725,0,07,000,00,2,4,01,C01
200700083726,1,07,000,00,1,0,00,A01
200700083727,0,07,000,06,0,1,01,A01
200700083728,0,07,000,00,1,8,04,A01
200700083729,0,07,000,00,2,4,04,A01
200700083729,0,07,000,00,2,1,01,B01
200700083730,0,07,000,00,9,1,01,A01
200700083730,0,01,000,00,2,8,19,B01
200700083731,0,33,000,00,2,1,17,A01
200700083731,0,07,000,00,2,3,15,B01
200700083732,0,07,000,00,2,7,15,A01
200700083732,0,07,000,00,2,7,01,B01
200700083733,0,30,000,00,0,0,01,A01
200700083734,0,02,000,00,0,0,01,A01
200700083735,0,07,000,00,2,1,01,A01
200700083735,0,07,000,00,2,4,23,B01
200700083736,0,07,000,00,1,8,01,A01
200700083737,0,07,000,03,0,3,01,A01
200700083738,0,07,000,00,2,1,01,A01
200700083738,0,02,000,00,2,4,01,B01
200700083739,0,10,000,00,2,8,13,A01
200700083739,0,07,000,00,2,8,01,B01
200700083740,0,07,000,00,2,1,02,A01
200700083740,0,07,000,00,2,4,02,B01
200700083741,0,07,000,00,1,2,01,A01
200700083742,0,07,000,00,2,1,16,A01
200700083742,0,33,000,00,2,9,13,B01
200700083743,0,07,000,00,2,3,05,A01
200700083743,0,07,000,00,2,3,05,B01
200700083744,0,07,000,00,1,1,01,A01
200700083745,0,07,000,00,2,3,15,A01
200700083745,0,07,000,00,2,3,01,B01
200700083746,0,07,000,00,2,3,01,A01
200700083746,0,02,000,00,2,1,13,B01
200700083747,0,30,000,01,0,2,01,A01
200700083747,0,07,000,00,0,7,24,B01
200700083748,0,07,000,10,0,1,15,A01
200700083748,0,33,000,00,0,7,23,B01
200700083749,0,02,000,00,2,1,17,A01
200700083749,0,07,000,00,2,8,15,B01
200700083750,0,07,000,00,0,2,24,A01
200700083750,0,30,000,01,0,8,21,B01
200700083751,0,07,000,00,2,2,04,A01
200700083751,0,02,000,00,2,1,01,B01
200700083752,0,33,000,00,2,1,01,A01
200700083752,0,07,000,00,0,4,01,B01
200700083752,0,07,000,00,0,4,01,C01
200700083753,0,07,000,00,2,1,02,A01
200700083753,0,07,000,00,2,4,02,B01
200700083754,0,07,000,15,0,1,01,A01
200700083755,0,30,000,00,2,1,09,A01
200700083755,0,07,000,00,2,3,01,B01
200700083756,0,35,000,00,2,7,02,A01
200700083756,0,07,000,00,2,8,02,B01
200700083757,0,07,000,00,2,3,01,A01
200700083757,0,07,000,00,2,3,13,B01
200700083758,0,07,000,01,0,1,01,A01
200700083758,0,07,000,00,0,4,24,B01
200700083759,0,07,000,00,1,1,01,A01
200700083760,0,07,000,02,0,1,01,A01
200700083761,0,30,000,00,2,1,01,A01
200700083761,0,07,000,00,2,5,16,B01
200700083762,0,33,000,00,2,1,01,A01