Num_Acc,senc,catv,occutc,obs,obsm,choc,manv,num_veh
200700083762,0,07,000,00,2,3,15,B01
200700083805,1,11,000,00,1,0,00,A01
200700083806,0,01,000,00,2,4,19,B01
200700083806,0,07,000,00,9,2,01,A01
200700083807,0,07,000,00,2,2,01,A01
200700083807,0,07,000,00,2,6,24,B01
200700083808,0,07,000,00,1,2,01,A01
200700083809,0,02,000,12,0,1,01,A01
200700083810,0,07,000,00,2,0,01,A01
200700083810,0,07,000,00,2,0,01,B01
200700083811,0,07,000,00,9,1,09,A01
200700083811,0,01,000,00,2,1,01,B01
200700083812,0,07,000,00,1,0,00,A01
200700083813,0,07,000,00,9,0,15,A01
200700083813,0,02,000,00,2,0,00,B01
200700083814,0,07,000,00,2,4,02,A01
200700083814,0,07,000,00,2,4,02,B01
200700083814,0,07,000,00,2,4,02,C01
200700083815,0,07,000,00,2,8,10,A01
200700083815,0,33,000,00,2,3,17,B01
200700083816,0,07,000,00,9,1,00,A01
200700083816,0,31,000,00,2,1,00,B01
200700083817,0,07,000,00,2,4,02,A01
200700083817,0,07,000,00,2,4,02,B01
200700083818,0,07,000,00,2,1,01,A01
200700083818,0,07,000,00,2,1,13,B02
200700083819,0,07,000,00,2,1,13,A01
200700083819,0,07,000,00,2,1,01,B02
200700083820,0,31,000,00,2,1,01,A01
200700083820,0,07,000,00,2,3,01,B02
200700083821,0,10,000,00,2,2,13,A01
200700083821,0,07,000,00,2,2,01,B02
200700083822,0,07,000,00,2,1,01,A01
200700083822,0,01,000,00,0,4,01,B02
200700083823,0,07,000,00,2,1,13,A01
200700083823,0,07,000,00,2,1,00,B02
200700083823,0,07,000,00,2,1,02,C03
200700083824,0,07,000,00,2,3,19,A01
200700083824,0,33,000,00,2,1,01,B02
200700083825,0,31,000,00,2,8,17,A01
200700083825,0,07,000,00,2,3,01,B02
200700083826,0,07,000,00,2,1,09,A01
200700083826,0,01,000,00,0,4,01,B02
200700083827,0,33,000,00,2,1,15,A01
200700083827,0,14,000,00,2,3,19,B02
200700083828,0,07,000,00,0,0,01,A01
200700083829,0,07,000,00,2,3,19,A01
200700083829,0,02,000,00,2,6,01,B02
200700083830,0,07,000,00,2,1,13,A01
200700083830,0,07,000,00,2,1,01,B02
200700083831,0,07,000,00,2,3,14,A01
200700083831,0,07,000,00,2,3,01,B02
200700083832,0,31,000,00,2,1,13,A01
200700083832,0,07,000,00,2,3,01,B02
200700083833,0,07,000,08,0,7,01,A01
200700083834,0,07,000,00,2,1,15,A01
200700083834,0,10,000,00,1,1,01,B02
200700083835,0,07,000,13,0,2,01,A01
200700083836,0,07,000,00,2,3,13,A01
200700083836,0,07,000,00,2,3,01,B02
200700083837,0,07,000,00,2,3,15,A01
200700083837,0,02,000,00,2,4,01,B02
200700083838,0,14,000,00,0,1,00,A01
200700083839,0,07,000,00,1,2,02,A01
200700083840,0,07,000,00,9,8,15,A01
200700083840,0,02,000,00,2,1,17,B02
200700083841,0,07,000,00,2,8,01,A01
200700083841,0,07,000,00,2,8,01,B02
200700083842,0,07,000,00,2,8,01,A01
200700083842,0,14,000,02,2,8,01,B02
200700083842,0,07,000,00,2,3,01,C03
200700083843,0,07,000,06,0,8,13,A01
200700083844,0,07,000,00,1,1,01,A01
200700083845,0,01,000,00,2,4,19,A01
200700083845,0,07,000,00,2,2,01,B02
200700083846,0,10,000,00,2,1,17,A01
200700083846,0,10,000,00,2,1,01,B02
200700083847,0,07,000,00,2,6,16,A01
200700083847,0,32,000,00,2,1,01,B02
200700083847,0,07,000,00,2,2,10,C03
200700083848,0,07,000,00,1,3,01,A01
200700083849,0,07,000,00,2,1,13,A01
200700083849,0,07,000,00,2,1,01,B02
200700083850,0,07,000,00,1,7,01,A01
200700083851,0,07,000,00,2,1,13,A01
200700083851,0,07,000,00,2,6,01,B02
200700083852,0,07,000,16,0,1,01,A01
200700083853,0,10,000,00,2,3,13,A01
200700083853,0,38,000,00,2,3,01,B02
200700083854,0,07,000,00,2,1,13,A01
200700083854,0,10,000,00,2,3,01,B02
200700083855,0,30,000,00,0,8,15,A01
200700083855,0,30,000,00,0,1,01,B02
200700083856,0,07,000,00,2,8,15,A01
200700083856,0,32,000,00,2,1,01,B02
200700083857,0,10,000,00,2,3,15,A01
200700083857,0,33,000,00,2,3,01,B02
200700083858,0,07,000,16,0,1,01,A01
200700083859,0,10,000,00,2,3,15,A01
200700083859,0,30,000,00,2,1,01,B02
200700083860,0,07,000,16,0,9,13,A01
200700083861,0,07,000,00,1,2,01,A01
200700083862,0,07,000,00,1,2,01,A01
200700083863,0,33,000,00,1,8,01,A01
200700083864,0,31,000,00,2,7,17,A01
200700083864,0,37,000,00,2,8,15,B02
200700083865,0,07,000,00,2,1,15,A01
200700083865,0,01,000,00,2,1,01,B02
200700083866,0,01,000,00,0,4,01,A01
200700083867,0,07,000,00,2,8,10,A01
200700083867,0,33,000,00,2,1,01,B02
200700083868,0,07,000,13,0,4,01,A01
200700083869,0,07,000,00,2,1,13,A01
200700083869,0,07,000,00,2,1,01,B02
200700083870,0,10,000,00,0,3,15,A01
200700083870,0,33,000,00,0,1,01,B02
200700083871,0,33,000,00,0,1,01,A01
200700083871,0,07,000,00,0,1,02,B02
200700083872,1,07,000,00,1,1,01,A01
200700083873,0,07,000,00,2,6,01,A01
200700083873,0,07,000,00,2,2,01,B02
200700083874,0,07,000,00,2,3,10,A01
200700083874,0,33,000,00,2,1,17,B02
200700083875,0,10,000,00,2,3,13,A01
200700083875,0,07,000,00,2,3,01,B02
200700083876,0,31,000,12,0,9,01,A01
200700083877,0,07,000,00,1,2,01,A01
200700083878,1,10,000,03,0,7,13,A01
200700083878,0,10,000,03,2,2,21,B02
200700083878,0,10,000,00,2,4,02,C03
200700083879,0,33,000,10,0,2,17,A01
200700083902,0,01,000,00,2,1,05,A01
200700083902,0,07,000,00,2,3,01,B02
200700083903,0,38,000,00,1,7,01,A01
200700083904,0,32,000,00,0,0,01,A01
200700083907,0,07,000,00,2,3,15,A01
200700083907,0,31,000,00,2,1,17,B02
200700083908,0,30,000,13,0,1,01,A01
200700083909,0,30,000,00,1,1,01,A01
200700083910,0,30,000,00,2,1,13,A01
200700083910,0,30,000,00,2,1,13,B02
200700083911,0,07,000,06,0,1,01,A01
200700083913,0,99,000,00,1,2,01,A01
200700083914,0,33,000,00,2,5,01,A01
200700083914,0,33,000,00,0,0,01,B02
200700083914,0,07,000,00,2,5,01,C03
200700083915,0,01,000,00,0,7,15,A01
200700083915,0,10,000,00,0,1,01,B02
200700083916,0,07,000,01,0,2,14,A01
200700083917,0,03,000,06,0,0,00,A01
200700083918,0,07,000,00,0,6,01,A01
200700083918,0,07,000,00,2,2,01,B02
200700083919,0,14,000,00,2,3,01,A01
200700083919,0,31,000,00,2,1,13,B02
200700083920,0,07,000,00,2,2,00,A01
200700083920,0,07,000,04,0,1,00,B02
200700083920,0,07,000,00,2,2,00,C03
200700083921,0,07,000,00,1,1,01,A01
200700083922,0,07,000,00,1,2,01,A01
200700083923,0,07,000,00,2,1,13,A01
200700083923,0,07,000,00,2,1,01,B02
200700083924,1,07,000,00,1,0,01,A01
200700083928,0,33,000,00,2,1,17,A01
200700083928,0,07,000,00,2,3,15,B02
200700083929,0,10,000,13,0,3,01,A01
200700083930,0,02,000,00,2,1,03,A01
200700083930,0,07,000,00,2,8,01,B01
200700083930,0,07,000,00,2,8,01,C01
200700083931,0,07,000,00,2,4,00,A01
200700083931,0,07,000,00,2,4,00,B01
200700083931,0,07,000,00,2,9,00,C01
200700083931,0,07,000,00,2,0,00,D01
200700083931,0,07,000,00,2,0,00,E01
200700083932,0,07,000,00,1,1,00,A01
200700083933,0,07,000,00,1,2,00,A01
200700083934,0,30,000,00,0,9,00,A01
200700083935,0,03,000,00,1,1,17,A01
200700083936,0,07,000,00,2,1,15,A01
200700083936,0,02,000,00,2,3,21,B01
200700083937,0,02,000,00,2,0,00,A01
200700083937,0,02,000,00,2,0,00,B01
200700083938,0,07,000,00,1,1,15,A01
200700083939,1,07,000,00,2,0,00,A01
200700083939,0,31,000,00,2,8,01,B01
200700083940,0,07,000,00,1,1,01,A01
200700083941,0,33,000,00,2,0,00,B01
200700083941,0,07,000,00,2,0,00,A01
200700083942,0,07,000,00,2,4,02,B01
200700083942,0,07,000,00,2,1,02,A01
200700083943,0,07,000,00,2,0,00,B01
200700083943,0,31,000,00,2,0,00,A01
200700083944,0,07,000,06,0,1,13,A01
200700083945,0,07,000,00,2,1,01,A01
200700083945,0,07,000,00,2,3,15,B01
200700083946,0,30,000,00,2,1,01,B01
200700083946,0,07,000,00,9,3,13,A01
200700083947,0,07,000,00,9,0,00,B01
200700083947,0,33,000,00,2,0,00,A01
200700083948,0,07,000,00,1,2,00,A01
200700083949,0,02,000,00,1,1,00,A01
200700083950,0,07,000,00,2,4,00,B01
200700083950,0,07,000,00,2,1,00,A01
200700083951,0,07,000,00,9,0,00,B01
200700083951,0,07,000,00,9,0,00,A01
200700083952,0,07,000,00,2,0,00,B01
200700083952,0,07,000,00,2,0,00,A01
200700083953,0,07,000,00,1,0,00,A01
200700083954,0,37,001,00,2,3,00,B01
200700083954,0,07,000,00,9,1,17,A01
200700083955,0,07,000,00,1,1,00,A01
200700083956,0,07,000,06,0,9,00,A01
200700083957,0,33,000,00,2,4,02,B01
200700083957,0,07,000,00,9,1,01,A01
200700083958,0,33,000,00,2,7,01,B01
200700083958,1,07,000,00,2,0,00,A01
200700083959,0,07,000,00,2,1,01,B01
200700083959,0,07,000,00,2,1,11,A01
200700083960,0,07,000,06,0,9,00,A01
200700083961,0,07,000,00,1,4,00,A01
200700083962,0,31,000,00,2,1,01,A01
200700083962,0,07,000,00,2,0,00,B01
200700083963,0,07,000,00,2,1,15,A01
200700083963,0,02,000,00,2,1,01,B01
200700083964,0,07,000,04,0,2,01,A01
200700083965,0,07,000,00,2,3,01,A01
200700083965,0,33,000,00,2,0,01,B01
200700083966,0,07,000,00,2,1,02,A01
200700083966,0,33,000,00,2,4,02,B01
200700083966,0,07,000,00,2,0,02,C01
200700083966,0,07,000,00,2,1,00,D01
200700083967,0,07,000,00,1,1,00,A01
200700083968,0,02,000,00,0,1,03,A01
200700083968,0,07,000,00,2,4,01,B01
200700083969,0,07,000,00,2,3,00,A01
200700083969,0,07,000,00,2,1,00,B01
200700083970,0,07,000,00,2,4,02,A01
200700083970,0,10,000,00,2,1,02,B01
200700083971,0,07,000,00,2,7,16,A01
200700083971,0,07,000,00,2,8,01,B01
200700083972,0,07,000,00,2,3,13,A01
200700083972,0,07,000,00,2,3,01,B01
200700083973,0,07,000,00,2,0,00,A01
200700083973,0,33,000,00,2,4,01,B01
200700083974,0,07,000,00,2,3,13,A01
200700083974,0,07,000,00,0,3,01,B01
200700083975,0,07,000,00,2,3,13,A01
200700083975,0,07,000,00,2,3,01,B01
200700083975,0,07,000,00,2,0,01,C01
200700083976,0,07,000,00,1,1,01,A01
200700083977,0,31,000,01,1,1,01,A01
200700083978,0,07,000,00,1,1,01,A01
200700083979,0,15,000,00,2,5,01,B01
200700083979,0,01,000,00,2,1,01,A01
200700083980,0,07,000,00,2,1,15,A01
200700083980,0,02,000,00,2,1,01,B01
200700083981,0,30,000,00,2,1,01,B01
200700083981,0,07,000,00,9,2,16,A01
200700083982,0,02,000,00,1,0,01,A01
200700083983,0,02,000,01,2,1,09,B01
200700083983,0,07,000,00,2,5,24,A01
200700083984,0,07,000,00,1,1,01,A01
200700083985,0,01,000,00,2,0,15,B01
200700083985,0,07,000,00,9,1,02,A01
200700083986,0,07,000,00,1,0,01,A01
200700083987,0,07,000,00,2,1,01,B01
200700083987,0,10,000,00,2,2,19,A01
200700083988,0,30,000,13,0,1,01,A01
200700083989,0,07,000,00,2,1,15,B01
200700083989,0,31,000,00,2,1,01,A01
200700083990,0,07,000,13,2,1,01,A01
200700083991,0,01,000,00,2,8,13,A01
200700083991,0,02,000,00,9,1,01,B01
200700083992,0,31,000,00,2,3,01,B01
200700083992,0,07,000,00,2,5,16,A01
200700083993,0,02,000,00,2,0,09,B01
200700083993,0,07,000,00,9,7,01,A01
200700083994,0,07,000,00,2,2,15,B01
200700083994,0,02,000,00,2,1,01,A01
200700083995,0,07,000,00,9,2,16,A01
200700083995,0,02,000,00,2,1,01,B01
200700083996,0,02,000,00,5,0,01,A01
200700083997,0,02,000,00,2,1,00,A01
200700083997,0,07,000,00,9,1,01,B01
200700083998,0,33,000,00,2,1,01,A01
200700083998,0,07,000,00,9,7,15,B01
200700083999,0,33,000,00,2,1,16,B01
200700083999,0,07,000,00,2,5,16,A01
200700084000,0,07,000,00,1,1,01,A01
200700084001,0,07,000,00,9,7,01,A01
200700084001,0,07,000,00,9,8,01,C01
200700084001,0,02,000,00,2,1,01,B01
200700084002,0,07,000,00,2,3,15,A01
200700084002,0,02,000,00,2,1,01,B01
200700084003,0,07,000,00,2,1,15,A01
200700084003,0,01,000,00,2,1,18,B01
200700084004,0,01,000,00,2,1,01,B01
200700084004,0,07,000,00,2,3,15,A01
200700084005,0,31,000,00,9,1,01,A01
200700084005,0,01,000,00,9,4,15,B01
200700084006,0,31,000,00,1,1,01,A01
200700084007,0,07,000,00,1,0,01,A01
200700084008,0,07,000,00,9,5,16,B01
200700084008,0,01,000,00,2,1,16,A01
200700084009,0,02,000,00,2,1,01,A01
200700084009,0,07,000,00,2,1,15,B01
200700084010,0,07,000,00,2,2,15,A01
200700084010,0,37,003,00,2,8,01,B01
200700084011,0,02,000,00,2,1,01,A01
200700084011,0,07,000,00,2,7,15,B01
200700084012,0,02,000,00,2,5,01,B01
200700084012,0,07,000,00,2,3,01,A01
200700084013,0,07,000,00,9,2,14,A01
200700084013,0,33,000,00,2,1,01,B01
200700084014,0,07,000,00,9,4,02,B01
200700084014,0,02,000,00,2,1,01,A01
200700084015,0,07,000,00,9,2,01,A01
200700084015,0,02,000,00,2,7,15,B01
200700084016,0,07,000,00,9,2,16,A01
200700084016,0,33,000,00,2,7,16,B01
200700084017,0,07,000,00,9,8,09,A01
200700084017,0,02,000,00,2,1,01,B01
200700084018,0,07,000,00,2,4,02,B01
200700084018,0,07,000,00,2,1,02,A01
200700084018,0,07,000,00,2,4,15,C01
200700084019,0,02,000,00,2,1,02,B01
200700084019,0,07,000,00,2,3,24,A01
200700084020,0,31,000,00,9,1,01,A01
200700084020,0,01,000,00,2,4,01,B01
200700084021,0,10,000,00,9,2,16,A01
200700084021,0,01,000,00,2,8,01,B01
200700084022,0,31,000,00,2,1,17,A01
200700084022,0,07,000,00,2,8,15,B01
200700084023,0,07,000,01,9,8,15,A01
200700084023,0,30,000,00,2,1,01,B01
200700084024,0,31,000,00,2,1,18,A01
200700084024,0,10,000,00,2,7,16,B01
200700084025,0,02,000,00,2,1,02,A01
200700084025,0,07,000,00,6,4,01,B01
200700084026,0,07,000,00,2,3,13,A01
200700084026,0,07,000,00,2,3,01,B01
200700084027,0,33,000,00,2,1,15,A01
200700084027,0,07,000,00,2,6,01,B01
200700084028,0,30,000,00,1,1,01,A01
200700084029,0,07,000,00,2,1,01,A01
200700084029,0,07,000,00,2,4,01,B01
200700084030,0,07,000,00,0,0,01,A01
200700084030,0,07,000,07,0,8,01,B01
200700084031,0,30,000,00,2,1,01,A01
200700084031,0,07,000,00,2,6,01,B01
200700084032,0,07,000,02,0,1,01,A01
200700084033,0,07,000,00,2,1,13,A01
200700084033,0,37,001,00,2,3,01,B01
200700084033,0,07,000,00,9,3,01,C01
200700084034,0,07,000,00,2,8,15,A01
200700084034,0,31,000,00,2,1,17,B01
200700084035,0,02,000,08,0,1,13,A01
200700084036,0,07,000,00,2,8,15,A01
200700084036,0,33,000,00,2,2,17,B01
200700084037,0,07,000,00,2,1,01,A01
200700084037,0,07,000,00,2,3,01,B01
200700084038,0,07,000,00,2,2,01,A01
200700084038,0,01,000,00,0,8,19,B01
200700084039,0,07,000,00,1,1,01,A01
200700084040,0,07,000,00,2,1,01,A01
200700084040,0,07,000,00,2,3,01,B01
200700084041,0,07,000,00,1,2,01,A01
200700084042,0,07,000,00,2,3,01,A01
200700084042,0,02,000,00,2,0,13,B01
200700084042,0,02,000,00,2,0,13,C01
200700084042,0,02,000,00,2,0,00,D01
200700084043,0,07,000,00,0,0,01,A01
200700084043,0,07,000,00,0,4,21,B01
200700084043,0,07,000,00,2,1,01,C01
200700084044,0,07,000,00,2,8,24,A01
200700084044,0,01,000,01,0,1,01,B01
200700084045,0,07,000,00,1,2,17,A01
200700084046,0,07,000,00,2,3,15,A01
200700084046,0,31,000,00,2,1,01,B01
200700084047,0,33,000,00,2,3,01,B01
200700084047,0,07,000,00,2,6,20,A01
200700084048,0,10,000,00,1,6,04,A01
200700084049,0,01,000,00,1,1,01,A01
200700084050,0,07,000,00,2,0,01,A01
200700084050,0,07,000,00,2,1,01,B01
200700084051,0,07,000,00,1,1,01,A01
200700084052,0,07,000,00,9,1,01,A01
200700084053,0,07,000,00,2,1,00,A01
200700084053,0,07,000,00,0,0,00,B01
200700084054,0,07,000,00,0,1,00,A01
200700084054,0,07,000,00,0,0,00,B01
200700084055,0,07,000,00,0,0,00,A01
200700084055,0,07,000,00,0,0,00,B01
200700084056,0,07,000,00,0,0,00,A01
200700084056,0,07,000,00,0,0,00,B01
200700084057,0,07,000,00,2,8,15,A01
200700084057,0,33,000,00,2,2,17,B01
200700084058,0,37,001,00,2,4,04,A01
200700084058,0,31,000,00,0,1,23,B01
200700084059,0,02,000,00,2,1,02,A01
200700084059,0,07,000,00,0,4,23,B01
200700084060,0,07,000,00,2,7,17,A01
200700084060,0,01,000,00,2,8,15,B01
200700084061,0,07,000,02,0,1,14,A01
200700084062,0,10,000,00,0,0,01,A01
200700084063,1,30,000,00,1,0,13,A01
200700084064,0,07,000,00,1,2,01,A01
200700084065,0,07,000,00,2,7,01,B01
200700084065,0,01,000,00,2,1,01,A01
200700084066,0,33,000,00,2,8,10,A01
200700084066,0,33,000,00,2,1,01,B01
200700084067,0,07,000,00,1,1,01,A01
200700084068,0,07,000,00,2,1,02,A01
200700084068,0,07,000,00,2,4,02,B01
200700084068,0,07,000,00,2,4,02,C01
200700084069,0,07,000,00,2,1,02,A01
200700084069,0,07,000,00,2,4,02,B01
200700084070,0,07,000,00,2,1,15,A01
200700084070,0,33,000,00,2,6,01,B01
200700084071,0,07,000,00,1,1,01,A01
200700084072,0,10,000,00,2,4,01,A01
200700084072,0,30,000,00,2,1,01,B01
200700084114,0,07,000,02,0,7,00,A01
200700084115,0,13,000,00,2,3,15,A01
200700084115,0,31,000,00,2,1,17,B02
200700084116,0,32,000,00,0,0,01,A01
200700084116,0,01,000,00,2,1,19,B02
200700084117,0,07,000,00,2,3,01,A01
200700084117,0,10,000,00,2,3,01,B02
200700084118,0,07,000,00,2,3,13,A01
200700084118,0,07,000,00,2,3,01,B02
200700084119,0,33,000,00,2,1,17,A01
200700084119,0,07,000,00,2,8,01,B02
200700084120,0,07,000,00,2,3,15,A01
200700084120,0,33,000,00,2,1,01,B02
200700084121,0,33,000,14,0,1,01,A01
200700084122,0,10,000,00,2,7,00,A01
200700084122,0,10,000,00,2,7,13,B02
200700084123,0,07,000,00,2,7,17,A01
200700084123,0,07,000,00,2,1,01,B02
200700084123,0,07,000,00,2,1,01,C03
200700084124,0,07,000,00,1,1,15,A01
200700084125,0,33,000,01,9,7,01,A01
200700084125,0,07,000,00,0,0,00,B02
200700084126,0,07,000,06,1,3,16,A01
200700084127,0,07,000,00,9,3,01,A01
200700084127,0,01,000,00,2,1,13,B02
200700084128,0,10,000,00,2,1,01,A01
200700084128,0,07,000,00,2,3,01,B02
200700084129,0,07,000,00,0,3,19,A01
200700084129,0,07,000,00,2,2,01,B02
200700084130,0,07,000,00,2,1,17,A01
200700084130,0,07,000,00,0,0,01,B02
200700084131,0,07,000,00,2,1,15,A01
200700084131,0,33,000,00,2,1,01,B02
200700084132,0,07,000,00,0,2,01,A01
200700084133,0,07,000,00,2,9,13,A01
200700084133,0,13,000,00,2,8,01,B02
200700084133,0,07,000,00,2,1,01,C03
200700084134,0,07,000,00,2,2,15,A01
200700084134,0,02,000,00,2,1,05,B02
200700084135,0,10,000,00,2,7,19,A01
200700084135,0,07,000,00,2,1,19,B02
200700084136,0,07,000,00,9,2,01,A01
200700084136,0,07,000,12,9,2,01,B02
200700084136,0,01,000,00,2,7,19,C03
200700084137,0,07,000,00,2,3,01,A01
200700084137,0,07,000,00,2,3,17,B02
200700084138,0,07,000,10,0,3,01,A01
200700084139,0,07,000,00,2,1,06,A01
200700084139,0,07,000,00,2,1,01,B02
200700084140,0,31,000,00,1,1,17,A01
200700084141,0,14,000,00,2,7,15,A01
200700084141,0,31,000,00,2,1,01,B02
200700084142,0,10,000,00,2,3,17,A01
200700084142,0,02,000,00,2,1,01,B02
200700084142,0,01,000,00,0,0,01,C03
200700084143,0,07,000,02,0,8,01,A01
200700084144,0,07,000,02,0,2,01,A01
200700084145,0,31,000,00,2,7,21,A01
200700084145,0,21,000,00,2,6,15,B02
200700084146,0,07,000,00,2,3,01,A01
200700084146,0,07,000,00,2,3,01,B02
200700084147,0,07,000,00,2,3,01,A01
200700084147,0,10,000,00,2,3,01,B02
200700084148,0,07,000,00,9,2,01,A01
200700084149,0,07,000,00,2,2,01,A01
200700084149,0,07,000,00,2,7,15,B02
200700084150,0,31,000,00,0,9,00,A01
200700084151,0,07,000,00,1,3,01,A01
200700084152,0,31,000,01,0,2,17,A01
200700084152,0,10,000,00,2,6,23,B02
200700084153,0,32,000,00,2,1,01,A01
200700084153,0,01,000,00,0,4,00,B02
200700084154,0,30,000,00,9,1,01,A01
200700084154,0,01,000,00,0,8,19,B02
200700084155,0,30,000,00,1,1,00,A01
200700084156,0,10,000,00,2,2,17,A01
200700084156,0,01,000,00,0,0,01,B02
200700084157,0,07,000,13,9,2,14,A01
200700084157,0,01,000,00,2,0,13,B02
200700084158,0,07,000,00,2,3,10,A01
200700084158,0,02,000,00,2,1,01,B02
200700084159,0,07,000,13,0,9,14,A01
200700084160,0,07,000,13,0,0,01,A01
200700084161,0,02,000,00,0,1,01,A01
200700084162,0,33,000,14,0,8,01,A01
200700084163,0,10,000,00,2,3,01,A01
200700084163,0,01,000,00,0,1,01,B02
200700084164,0,30,000,00,1,1,01,A01
200700084165,0,30,000,03,0,1,01,A01
200700084166,0,07,000,00,2,2,17,A01
200700084166,0,01,000,00,0,8,15,B02
200700084167,0,13,000,00,2,3,01,A01
200700084167,0,07,000,00,2,3,01,B02
200700084168,0,30,000,00,2,1,17,A01
200700084168,0,07,000,00,2,3,01,B02
200700084169,0,07,000,00,2,1,02,A01
200700084169,0,14,000,00,2,4,02,B02
200700084170,0,07,000,04,0,3,17,A01
200700084171,0,07,000,00,2,1,17,A01
200700084171,0,07,000,00,2,8,01,B02
200700084171,0,07,000,00,2,1,01,C03
200700084172,0,30,000,03,0,7,01,A01
200700084173,0,07,000,02,0,1,13,A01
200700084174,0,07,000,00,2,1,01,A01
200700084174,0,07,000,00,2,1,05,B02
200700084174,0,07,000,00,2,3,03,C03
200700084175,0,33,000,00,2,1,01,A01
200700084175,0,07,000,00,0,7,15,B02
200700084176,1,14,000,00,1,0,01,A01
200700084177,0,02,000,00,2,1,13,A01
200700084177,0,01,000,00,2,1,01,B02
200700084178,0,01,000,00,2,1,01,A01
200700084178,0,07,000,00,2,1,01,B02
200700084179,0,13,000,00,1,3,01,A01
200700084180,0,07,000,00,2,3,06,A01
200700084180,0,07,000,00,2,8,01,B02
200700084210,0,07,000,00,0,6,23,A01
200700084210,0,33,000,01,0,1,02,B02
200700084213,0,30,000,00,2,8,19,A01
200700084213,0,07,000,00,2,1,01,B02
200700084214,0,07,000,00,2,1,13,A01
200700084214,0,10,000,00,2,3,01,B02
200700084214,0,07,000,00,2,1,01,C03
200700084215,0,21,000,00,0,8,01,A01
200700084216,0,02,000,00,2,8,13,A01
200700084216,0,17,000,00,2,2,17,B02
200700084217,0,02,000,00,2,1,18,A01
200700084217,0,07,000,00,2,3,00,B02
200700084222,0,07,000,00,2,1,15,A01
200700084222,0,31,000,00,2,1,01,B02
200700084223,0,07,000,00,9,8,10,A01
200700084223,0,30,000,00,2,1,21,B02
200700084224,0,33,000,00,2,1,17,A01
200700084224,0,01,000,00,2,7,19,B02
200700084224,0,07,000,00,9,1,01,C03
200700084225,0,07,000,00,2,7,17,A01
200700084226,0,07,000,00,2,2,01,A01
200700084226,0,01,000,00,0,5,00,B02
200700084227,0,07,000,00,1,1,01,A01
200700084228,0,01,000,00,2,9,19,A01
200700084228,0,07,000,00,2,1,01,B02
200700084232,0,07,000,13,0,8,17,A01
200700084233,0,07,000,00,2,1,05,A01
200700084233,0,07,000,00,2,1,01,B02
200700084234,0,33,000,00,2,1,13,A01
200700084234,0,07,000,00,2,1,01,B02
200700084235,0,07,000,00,2,5,15,A01
200700084235,0,33,000,00,2,1,01,B01
200700084236,0,07,000,04,0,1,00,A01
200700084237,0,07,000,00,2,1,02,A01
200700084237,0,33,000,00,2,4,23,B01
200700084238,0,30,000,00,1,0,01,A01
200700084239,1,07,000,00,1,1,01,A01
200700084240,0,07,000,00,1,1,01,A01
200700084241,0,07,000,00,2,1,01,A01
200700084241,0,10,000,00,2,1,01,B01
200700084242,0,07,000,00,2,4,01,A01
200700084242,0,07,000,00,2,4,01,B01
200700084243,0,31,000,00,2,0,01,A01
200700084243,0,10,000,00,2,0,15,B01
200700084244,0,07,000,00,2,9,01,A01
200700084244,0,07,000,00,2,7,01,B01
200700084245,0,07,000,00,1,1,01,A01
200700084246,0,07,000,00,2,2,02,A01
200700084246,0,02,000,00,2,1,02,B01
200700084247,0,16,000,00,1,1,01,A01
200700084248,0,13,000,00,2,7,01,A01
200700084248,0,07,000,00,2,1,01,B01
200700084248,0,02,000,00,2,1,01,C01
200700084249,0,07,000,00,2,7,01,B01
200700084249,0,33,000,00,2,1,05,A01
200700084250,0,07,000,00,9,5,01,B01
200700084250,0,31,000,00,2,1,19,A01
200700084251,0,31,000,00,1,1,01,A01
200700084252,0,07,000,00,1,1,01,A01
200700084253,0,07,000,00,9,4,02,B01
200700084253,0,31,000,00,2,1,02,A01
200700084254,1,07,000,00,1,1,01,A01
200700084255,0,07,000,00,1,1,01,A01
200700084256,0,07,000,00,9,3,09,B01
200700084256,0,33,000,00,2,1,01,A01
200700084257,0,07,000,00,1,1,01,A01
200700084258,0,07,000,00,2,4,02,D01
200700084258,0,07,000,00,2,4,02,C01
200700084258,0,07,000,00,2,4,02,B01
200700084258,1,07,000,00,2,1,02,A01
200700084259,1,07,000,00,1,1,00,A01
200700084260,0,07,000,00,2,4,01,B01
200700084260,0,07,000,00,2,1,02,A01
200700084261,0,07,000,00,1,1,01,A01
200700084262,0,07,000,00,1,1,01,A01
200700084263,0,07,000,00,1,1,01,A01
200700084264,0,07,000,00,1,1,01,A01
200700084265,0,33,000,00,2,0,01,B01
200700084265,0,07,000,00,9,1,15,A01
200700084266,0,33,000,00,2,1,00,B01
200700084266,0,07,000,00,2,8,10,A01
200700084267,0,01,000,00,2,7,00,B01
200700084267,0,07,000,00,9,1,09,A01
200700084268,0,37,005,01,0,4,24,B01
200700084268,0,30,000,00,9,1,02,A01
200700084269,0,01,000,00,9,4,01,B01
200700084269,0,37,003,00,9,1,15,A01
200700084270,0,07,000,05,0,7,00,A01
200700084271,0,07,000,00,9,8,10,A01
200700084271,0,33,000,00,2,1,01,B01
200700084272,0,07,000,00,2,1,01,A01
200700084272,0,07,000,00,2,4,01,B01
200700084272,0,07,000,00,2,2,01,C01
200700084273,0,07,000,00,2,1,01,A01
200700084273,0,07,000,00,2,4,01,B01