Num_Acc,senc,catv,occutc,obs,obsm,choc,manv,num_veh
200700084273,0,07,000,00,2,1,01,C01
200700084274,0,07,000,13,0,8,01,A01
200700084275,0,07,000,04,0,2,01,A01
200700084276,0,07,000,00,2,2,12,A01
200700084276,0,07,000,00,2,6,01,B01
200700084276,0,07,000,00,2,8,01,C01
200700084276,0,07,000,00,2,4,01,D01
200700084277,0,07,000,06,0,1,01,A01
200700084278,0,07,000,00,1,1,01,A01
200700084279,0,07,000,13,2,7,16,A01
200700084279,0,07,000,00,2,1,01,B01
200700084280,0,07,000,00,2,1,12,A01
200700084280,0,07,000,04,2,7,01,B01
200700084280,0,07,000,00,2,4,01,C01
200700084281,0,10,000,00,2,0,13,A01
200700084281,0,33,000,00,2,0,17,B01
200700084282,0,07,000,00,2,8,17,A01
200700084283,0,33,000,00,2,1,17,A01
200700084283,0,07,000,00,2,6,01,B01
200700084284,0,01,000,00,2,1,02,A01
200700084284,0,07,000,00,9,4,02,B01
200700084285,0,07,000,00,1,1,01,A01
200700084286,0,10,000,00,2,1,02,A01
200700084286,0,07,000,00,2,4,02,B01
200700084287,0,07,000,00,2,8,11,A01
200700084287,0,33,000,00,2,7,01,B01
200700084287,0,07,000,00,2,7,01,C01
200700084288,0,07,000,00,2,3,00,A01
200700084288,0,07,000,00,2,3,01,B01
200700084289,0,07,000,00,1,1,01,A01
200700084290,0,07,000,00,2,1,16,A01
200700084290,0,02,000,00,2,2,01,B01
200700084291,0,07,000,00,9,0,16,A01
200700084291,0,33,000,00,2,1,01,B01
200700084292,0,07,000,00,2,1,01,A01
200700084292,0,07,000,00,2,1,01,B01
200700084293,0,07,000,00,9,2,01,B01
200700084293,0,02,000,00,0,0,00,A01
200700084294,0,01,000,00,2,1,01,A01
200700084294,0,07,000,00,9,1,01,B01
200700084295,0,02,000,00,2,1,01,B01
200700084295,0,07,000,00,2,2,16,A01
200700084296,0,02,000,00,2,1,01,B01
200700084296,0,07,000,00,9,7,15,A01
200700084297,0,07,000,00,9,3,00,A01
200700084297,0,02,000,00,2,1,01,B01
200700084298,0,07,000,00,2,2,01,A01
200700084299,0,02,000,00,2,1,01,B01
200700084299,0,07,000,00,2,1,15,A01
200700084300,0,07,000,00,2,3,09,A01
200700084300,0,02,000,00,2,2,01,B01
200700084301,0,37,002,00,2,6,01,B01
200700084301,0,02,000,00,2,1,09,A01
200700084302,0,02,000,00,9,5,02,A01
200700084302,0,01,000,00,9,0,02,B01
200700084303,0,02,000,00,2,8,01,B01
200700084303,0,10,000,00,2,1,09,A01
200700084304,0,07,000,00,2,4,23,B01
200700084304,0,01,000,00,2,1,02,A01
200700084305,0,07,000,00,9,1,15,A01
200700084305,0,02,000,00,2,1,01,B01
200700084306,0,02,000,00,1,1,01,A01
200700084307,0,01,000,00,9,4,02,C01
200700084307,0,02,000,00,0,7,02,B01
200700084307,1,07,000,00,0,0,00,A01
200700084308,0,01,000,00,9,1,01,B01
200700084308,0,01,000,00,9,1,05,A01
200700084309,0,01,000,00,2,1,19,A01
200700084309,0,07,000,00,9,7,01,B01
200700084310,0,37,028,00,2,1,01,B01
200700084310,0,07,000,00,2,1,16,A01
200700084311,0,01,000,00,2,1,16,A01
200700084311,0,07,000,00,9,1,01,B01
200700084312,0,07,000,00,2,1,09,A01
200700084312,0,33,000,00,2,1,01,B01
200700084313,0,33,000,00,2,8,01,B01
200700084313,0,07,000,00,2,0,19,A01
200700084314,0,10,000,00,2,1,15,B01
200700084314,0,02,000,00,2,7,01,A01
200700084315,0,07,000,00,9,1,01,B01
200700084315,0,01,000,00,2,1,09,A01
200700084316,0,07,000,00,2,4,01,B01
200700084316,0,07,000,00,2,1,01,A01
200700084317,0,07,000,00,2,6,01,B01
200700084317,0,02,000,00,2,1,19,A01
200700084318,0,02,000,00,2,5,19,B01
200700084318,0,07,000,00,9,2,19,A01
200700084319,0,07,000,00,1,0,01,A01
200700084320,0,02,000,00,2,1,01,B01
200700084320,0,07,000,00,2,7,16,A01
200700084321,0,07,000,00,2,6,24,B01
200700084321,0,07,000,00,2,6,01,A01
200700084322,0,02,000,00,9,0,19,A01
200700084322,0,33,000,00,9,1,01,B01
200700084323,0,01,000,00,2,1,16,B01
200700084323,0,07,000,00,2,1,09,A01
200700084324,0,02,000,00,9,1,01,B01
200700084324,0,07,000,00,9,0,15,A01
200700084325,0,07,000,00,1,1,01,A01
200700084326,0,02,000,00,1,0,01,A01
200700084327,0,30,000,00,2,1,01,A01
200700084327,0,07,000,02,9,1,01,B01
200700084328,0,07,000,00,2,2,17,A01
200700084328,0,30,000,00,2,8,15,B01
200700084329,0,33,000,05,2,1,01,A01
200700084329,0,07,000,00,2,3,15,B01
200700084330,0,07,000,00,2,1,01,B01
200700084330,0,30,000,00,2,4,16,A01
200700084331,0,31,000,00,0,0,01,A01
200700084332,0,30,000,00,0,0,01,A01
200700084333,0,07,000,00,2,4,04,A01
200700084333,0,30,000,01,2,1,01,B01
200700084334,0,10,000,00,9,3,01,B01
200700084334,0,30,000,00,2,1,15,A01
200700084335,0,01,000,00,2,1,01,A01
200700084335,0,07,000,00,9,2,01,B01
200700084336,0,07,000,00,2,3,13,A01
200700084336,0,07,000,00,2,3,01,B01
200700084337,0,10,000,00,2,2,01,B01
200700084337,0,34,000,00,2,1,01,A01
200700084338,0,07,000,00,0,0,12,A01
200700084338,0,31,000,00,0,1,11,B01
200700084339,0,07,000,00,1,1,01,A01
200700084340,0,07,000,00,2,8,11,A01
200700084340,0,07,000,00,2,2,01,B01
200700084341,0,31,000,00,2,7,01,A01
200700084341,0,07,000,00,2,1,01,B01
200700084342,0,07,000,00,2,4,01,A01
200700084342,0,07,000,00,2,4,01,B01
200700084342,0,07,000,00,2,1,01,C01
200700084343,0,07,000,00,2,1,01,A01
200700084343,0,07,000,00,2,4,01,B01
200700084344,0,07,000,00,1,1,01,A01
200700084345,0,07,000,00,2,1,01,A01
200700084345,0,07,000,00,1,4,01,B01
200700084345,0,07,000,00,2,4,01,C01
200700084346,0,07,000,00,2,2,16,A01
200700084346,0,31,000,00,2,4,01,B01
200700084347,0,34,000,00,2,1,01,A01
200700084347,0,07,000,00,2,7,01,B01
200700084348,0,07,000,00,2,0,00,A01
200700084348,0,33,000,00,2,0,00,B01
200700084349,0,02,000,00,2,1,11,A01
200700084349,0,07,000,00,2,1,01,B01
200700084350,0,07,000,00,2,4,01,A01
200700084350,0,30,000,00,0,0,01,B01
200700084351,0,07,000,00,2,1,05,A01
200700084351,0,02,000,00,2,1,01,B01
200700084351,0,02,000,00,2,1,01,C01
200700084352,0,07,000,06,0,4,01,A01
200700084353,0,07,000,00,1,1,01,A01
200700084354,0,31,000,00,2,7,17,A01
200700084354,0,07,000,00,2,8,01,B01
200700084355,0,02,000,00,2,3,13,A01
200700084355,0,38,000,00,2,6,01,B01
200700084356,0,30,000,00,2,1,02,A01
200700084356,0,07,000,00,2,4,02,B01
200700084357,0,07,000,00,9,1,13,A01
200700084357,0,01,000,00,2,8,01,B01
200700084358,0,33,000,00,2,1,01,A01
200700084358,0,14,000,00,2,1,01,B01
200700084359,0,07,000,00,1,3,02,A01
200700084360,0,07,000,00,0,9,01,A01
200700084361,0,07,000,00,0,8,01,A01
200700084362,0,07,000,00,1,1,01,A01
200700084363,0,07,000,00,1,2,02,A01
200700084364,0,07,000,00,2,1,02,A01
200700084364,0,07,000,00,2,4,02,B01
200700084365,0,07,000,00,1,1,01,A01
200700084366,0,07,000,00,2,1,02,A01
200700084366,0,07,000,00,2,4,02,B01
200700084367,0,07,000,00,1,1,01,A01
200700084368,0,07,000,00,1,1,01,A01
200700084369,0,30,000,00,2,1,02,A01
200700084369,0,07,000,00,2,4,02,B01
200700084370,0,10,000,00,2,1,01,A01
200700084370,0,07,000,00,2,8,19,B01
200700084371,0,30,000,00,2,1,13,A01
200700084371,0,07,000,00,2,1,01,B01
200700084372,0,30,000,00,2,7,01,B01
200700084372,0,07,000,00,2,1,15,A01
200700084373,0,30,000,00,2,1,01,B01
200700084373,0,07,000,00,2,8,09,A01
200700084374,0,07,000,00,2,1,01,A01
200700084374,0,07,000,00,2,1,01,B01
200700084375,0,21,000,00,2,4,01,A01
200700084375,0,07,000,00,2,1,01,B01
200700084376,0,07,000,00,1,1,01,A01
200700084425,0,07,000,00,1,1,01,A01
200700084426,0,32,000,00,2,1,13,A01
200700084426,0,07,000,00,9,3,01,B02
200700084427,0,07,000,10,0,3,13,A01
200700084428,0,07,000,01,2,3,01,A01
200700084428,0,07,000,00,0,3,01,B02
200700084428,0,07,000,00,0,8,00,C03
200700084429,0,07,000,01,1,3,13,A01
200700084429,0,07,000,00,2,3,23,B02
200700084430,0,02,000,01,0,1,01,A01
200700084430,0,14,000,00,0,4,23,B02
200700084431,0,07,000,00,2,7,15,A01
200700084431,0,33,000,00,2,1,01,B02
200700084432,0,30,000,00,0,1,01,A01
200700084432,0,13,000,00,0,6,01,B02
200700084433,0,30,000,00,2,1,01,A01
200700084433,0,07,000,00,2,1,01,B02
200700084434,0,31,000,00,2,1,17,A01
200700084434,0,07,000,00,0,4,15,B02
200700084435,0,30,000,00,0,8,01,A01
200700084435,0,30,000,00,0,0,01,B02
200700084436,0,10,000,00,0,2,00,A01
200700084437,0,07,000,00,2,3,13,A01
200700084437,0,07,000,00,2,7,17,B02
200700084438,0,99,000,00,1,1,01,A01
200700084439,0,07,000,00,2,1,17,A01
200700084439,0,07,000,00,2,1,01,B02
200700084440,0,07,000,00,2,2,15,A01
200700084440,0,31,000,00,2,1,01,B02
200700084441,0,07,000,06,0,2,01,A01
200700084442,0,01,000,00,2,1,05,A01
200700084442,0,07,000,00,2,1,01,B02
200700084443,0,10,000,00,0,6,20,A01
200700084443,0,02,000,01,0,1,01,B02
200700084444,0,10,000,00,0,0,19,A01
200700084444,0,07,000,00,0,0,01,B02
200700084445,0,07,000,00,2,2,01,A01
200700084445,0,30,000,00,0,8,15,B02
200700084446,0,07,000,08,2,1,21,A01
200700084447,0,07,000,00,1,1,01,A01
200700084448,0,30,000,00,1,1,01,A01
200700084449,0,07,000,00,2,3,01,A01
200700084449,0,35,000,00,2,1,13,B02
200700084450,0,30,000,00,2,3,01,A01
200700084450,0,33,000,00,2,3,01,B02
200700084451,0,07,000,00,0,4,01,A01
200700084451,0,07,000,00,2,1,01,B02
200700084452,0,07,000,00,1,3,01,A01
200700084453,0,07,000,00,1,2,01,A01
200700084454,0,07,000,00,1,7,01,A01
200700084455,0,10,000,00,2,1,15,A01
200700084455,0,32,000,00,2,1,01,B02
200700084456,0,07,000,00,1,2,01,A01
200700084457,0,07,000,00,2,1,19,A01
200700084457,0,07,000,00,2,8,01,B02
200700084458,0,07,000,09,0,9,01,A01
200700084459,0,07,000,00,2,3,01,A01
200700084459,0,02,000,00,2,1,01,B02
200700084460,0,30,000,00,2,1,13,A01
200700084460,0,07,000,00,2,3,01,B02
200700084461,0,07,000,01,0,5,01,A01
200700084462,0,07,000,00,2,2,02,A01
200700084462,0,01,000,00,2,6,02,B02
200700084463,0,99,000,00,2,1,15,A01
200700084463,0,30,000,00,2,8,01,B02
200700084464,0,07,000,00,2,3,15,A01
200700084464,0,02,000,00,2,1,01,B02
200700084465,0,37,000,00,0,6,24,A01
200700084465,0,01,000,01,0,1,01,B02
200700084466,0,31,000,00,2,1,01,A01
200700084466,0,07,000,00,2,3,09,B02
200700084467,0,07,000,00,9,5,18,A01
200700084467,0,01,000,00,2,1,01,B02
200700084468,0,07,000,00,2,7,15,A01
200700084468,0,07,000,00,2,3,23,B02
200700084468,0,07,000,00,2,1,01,C03
200700084469,0,07,000,00,2,2,17,A01
200700084469,0,32,000,00,2,8,15,B02
200700084470,0,07,000,00,2,6,15,A01
200700084470,0,02,000,00,2,1,17,B02
200700084471,0,17,000,00,2,3,01,A01
200700084471,0,10,000,00,2,3,01,B02
200700084472,0,07,000,00,1,2,01,A01
200700084473,0,07,000,00,1,2,01,A01
200700084474,0,07,000,00,0,0,00,A01
200700084475,0,31,000,04,0,8,17,A01
200700084476,0,32,000,00,0,2,01,A01
200700084477,0,10,000,00,1,4,04,A01
200700084478,0,07,000,06,0,1,01,A01
200700084479,0,10,000,00,0,0,02,A01
200700084480,0,10,000,00,2,3,01,A01
200700084480,0,30,000,00,2,1,00,B02
200700084481,0,30,000,00,2,1,13,A01
200700084481,0,07,000,00,2,2,01,B02
200700084482,0,31,000,00,1,1,01,A01
200700084483,0,37,000,00,2,2,01,A01
200700084483,0,07,000,00,2,8,16,B02
200700084484,0,07,000,00,0,5,15,A01
200700084484,0,33,000,00,2,1,01,B02
200700084485,0,07,000,16,0,1,01,A01
200700084486,0,07,000,00,1,2,14,A01
200700084487,0,30,000,00,0,1,00,A01
200700084488,0,07,000,08,0,8,01,A01
200700084489,0,07,000,00,2,3,13,A01
200700084489,0,07,000,00,2,3,01,B02
200700084490,0,07,000,00,2,3,01,A01
200700084490,0,33,000,00,2,1,01,B02
200700084491,0,07,000,06,2,1,05,A01
200700084491,0,07,000,00,2,1,01,B02
200700084492,0,07,000,00,1,8,14,A01
200700084493,0,30,000,00,0,1,01,A01
200700084494,0,33,000,00,0,7,16,A01
200700084494,0,33,000,00,0,7,16,B02
200700084495,0,02,000,06,0,3,13,A01
200700084496,0,07,000,00,2,2,09,A01
200700084496,0,02,000,00,2,1,01,B02
200700084497,0,33,000,00,2,1,17,A01
200700084497,0,07,000,00,2,3,15,B02
200700084498,0,33,000,04,0,7,00,A01
200700084534,0,30,000,00,0,0,00,A01
200700084539,0,02,000,08,0,1,01,A01
200700084540,0,07,000,00,1,7,01,A01
200700084541,0,10,000,01,0,8,21,A01
200700084546,0,07,000,00,2,1,06,A01
200700084546,0,07,000,00,2,1,01,B02
200700084547,1,02,000,00,1,1,01,A01
200700084548,0,07,000,08,0,3,14,A01
200700084549,0,07,000,00,2,2,00,A01
200700084549,0,07,000,00,2,8,01,B02
200700084549,0,07,000,00,2,3,01,C03
200700084551,0,07,000,06,0,7,01,A01
200700084552,0,07,000,00,0,4,01,A01
200700084552,0,07,000,00,2,2,01,B02
200700084552,0,07,000,00,2,7,01,C03
200700084553,0,07,000,00,2,7,15,A01
200700084553,0,30,000,00,2,1,15,B02
200700084554,1,33,000,00,1,1,00,A01
200700084555,0,07,000,00,1,7,01,A01
200700084556,0,07,000,00,2,6,15,A01
200700084556,0,05,000,00,2,1,17,B02
200700084557,0,07,000,00,9,3,15,A01
200700084557,0,05,000,00,2,1,01,B02
200700084558,0,07,000,03,0,2,01,A01
200700084559,0,30,000,12,0,1,01,A01
200700084563,0,10,000,00,2,3,01,A01
200700084563,0,07,000,00,2,3,01,B01
200700084564,0,07,000,00,2,1,11,A01
200700084564,0,01,000,00,2,3,01,B01
200700084565,0,07,000,00,2,1,01,A01
200700084565,0,99,000,00,0,0,00,B01
200700084566,0,10,000,00,2,1,01,A01
200700084566,0,07,000,00,2,7,01,B01
200700084567,0,07,000,00,2,1,01,A01
200700084567,0,07,000,00,2,4,01,B01
200700084567,0,07,000,00,2,4,02,C01
200700084568,0,07,000,00,2,1,01,A01
200700084568,0,07,000,00,2,4,01,B01
200700084569,0,33,000,00,2,1,01,A01
200700084569,0,07,000,00,2,3,01,B01
200700084570,0,38,029,00,1,1,01,A01
200700084571,0,02,000,00,2,1,01,A01
200700084571,1,02,000,00,2,1,02,B01
200700084572,0,02,000,00,2,8,00,A01
200700084572,0,07,000,00,2,8,15,B01
200700084573,0,07,000,00,2,2,00,A01
200700084573,0,07,000,00,2,3,00,B01
200700084574,0,31,000,00,1,1,01,A01
200700084575,0,30,000,00,1,1,01,A01
200700084576,0,30,000,00,2,7,01,B01
200700084576,0,07,000,00,2,1,01,A01
200700084577,0,10,000,00,2,1,01,A01
200700084577,0,07,000,00,2,4,23,B01
200700084577,0,07,000,00,2,4,23,C01
200700084578,0,07,000,00,2,7,24,B01
200700084578,0,07,000,01,0,1,15,A01
200700084579,0,31,000,00,2,8,01,A01
200700084579,0,07,000,00,2,6,01,B01
200700084580,0,07,000,00,2,3,01,B01
200700084580,0,07,000,00,2,7,15,A01
200700084581,0,07,000,00,9,0,00,A01
200700084581,0,02,000,00,2,0,00,B01
200700084582,0,07,000,00,9,1,15,B01
200700084582,0,31,000,00,2,1,01,A01
200700084583,0,07,000,00,9,4,15,B01
200700084583,0,31,000,00,2,1,17,A01
200700084584,0,07,000,00,2,1,01,B01
200700084584,0,07,000,00,2,1,13,A01
200700084585,0,07,000,00,2,0,00,B01
200700084585,0,07,000,00,2,0,00,A01
200700084586,0,07,000,00,9,0,00,B01
200700084586,0,31,000,00,2,0,00,A01
200700084587,0,07,000,00,2,4,00,B01
200700084587,0,07,000,00,2,1,01,A01
200700084588,0,07,000,00,2,3,01,B01
200700084588,0,07,000,00,2,1,13,A01
200700084589,0,31,000,00,2,0,00,B01
200700084589,0,07,000,00,2,0,00,A01
200700084590,0,07,000,00,9,3,01,B01
200700084590,0,31,000,00,2,1,05,A01
200700084591,0,31,000,00,2,0,00,B01
200700084591,0,07,000,00,9,0,00,A01
200700084592,2,07,000,00,1,0,00,A01
200700084593,0,07,000,00,1,1,01,A01
200700084594,0,34,000,00,1,1,01,A01
200700084595,0,02,000,00,1,1,00,A01
200700084596,0,07,000,00,1,1,01,A01
200700084597,0,31,000,00,2,4,02,B01
200700084597,0,07,000,00,9,1,02,A01
200700084598,0,07,000,00,2,4,02,B01
200700084598,0,07,000,00,2,1,01,A01
200700084599,0,07,000,00,2,1,01,B01
200700084599,0,07,000,00,2,1,05,A01
200700084600,0,07,000,06,0,5,01,A01
200700084601,0,31,000,00,2,6,00,B01
200700084601,0,07,000,00,2,2,00,A01
200700084602,0,01,000,00,2,0,00,B01
200700084602,0,07,000,00,9,0,00,A01
200700084603,0,07,000,06,0,9,01,A01
200700084604,0,01,000,00,2,0,00,B01
200700084604,0,07,000,00,9,1,01,A01
200700084605,0,07,000,00,2,1,01,A01
200700084605,0,07,000,00,2,3,01,B01
200700084606,0,30,000,00,9,1,01,B01
200700084606,0,07,000,00,2,8,15,A01
200700084607,0,07,000,04,0,9,01,A01
200700084608,0,07,000,00,2,1,02,A01
200700084608,0,07,000,00,2,4,02,B01
200700084608,0,07,000,00,2,4,02,C01
200700084609,0,07,000,00,2,1,02,A01
200700084609,0,07,000,00,2,4,02,B01
200700084610,0,07,000,00,2,1,02,A01
200700084610,0,07,000,00,2,4,02,B01
200700084610,0,07,000,00,2,4,02,C01
200700084611,0,10,000,00,2,7,12,A01
200700084611,0,33,000,00,2,1,07,B01
200700084612,0,07,000,00,2,6,15,A01
200700084612,0,07,000,00,2,1,01,B01
200700084613,0,07,000,00,2,1,02,A01
200700084613,0,07,000,00,2,4,00,B01
200700084614,0,07,000,00,1,0,00,A01
200700084615,0,33,000,13,0,0,01,A01
200700084616,0,07,000,00,2,2,12,A01
200700084616,0,31,000,00,2,4,01,B01
200700084617,0,07,000,00,2,3,00,A01
200700084617,0,07,000,00,1,4,02,B01
200700084618,0,02,000,00,2,1,02,A01
200700084618,0,02,000,00,2,4,02,B01
200700084618,0,07,000,00,2,6,02,C01
200700084619,0,10,000,16,0,2,01,A01
200700084620,0,07,000,00,2,1,02,A01
200700084620,0,07,000,00,2,4,02,B01
200700084620,0,07,000,00,2,4,02,C01
200700084620,0,07,000,00,2,4,02,D01
200700084621,0,07,000,00,2,1,00,A01
200700084621,0,07,000,00,2,2,01,B01
200700084621,0,07,000,00,2,2,01,C01
200700084622,0,07,000,13,0,3,01,A01
200700084623,0,07,000,00,2,1,01,A01
200700084623,0,07,000,00,2,7,00,B01
200700084624,0,07,000,03,2,9,00,A01
200700084624,1,07,000,00,2,0,18,B01
200700084625,0,07,000,00,2,1,02,A01
200700084625,0,07,000,00,2,4,02,B01
200700084626,0,07,000,00,2,3,00,A01
200700084626,0,02,000,00,2,1,01,B01
200700084627,0,07,000,08,0,1,01,A01
200700084628,0,02,000,00,2,1,01,B01
200700084628,0,07,000,00,9,1,16,A01
200700084629,0,07,000,00,9,1,01,B01
200700084629,0,02,000,00,2,1,09,A01
200700084630,0,07,000,00,2,4,01,B01
200700084630,0,07,000,00,2,1,01,A01
200700084631,0,07,000,00,9,1,01,A01
200700084631,0,02,000,00,2,1,01,B01
200700084632,0,07,000,00,2,1,01,B01
200700084632,0,07,000,00,2,1,21,A01
200700084633,0,02,000,00,2,1,00,A01
200700084633,0,07,000,00,9,0,01,B01
200700084634,0,07,000,00,9,1,01,A01
200700084634,0,02,000,00,2,1,01,B01
200700084635,0,07,000,00,9,1,01,B01
200700084635,0,02,000,00,2,1,01,A01
200700084636,0,07,000,00,9,0,04,A01
200700084636,0,01,000,00,2,0,01,B01
200700084637,0,07,000,00,9,1,00,B01
200700084637,0,02,000,00,2,1,01,A01
200700084638,0,31,000,00,5,1,01,A01
200700084639,0,07,000,00,2,1,01,B01
200700084639,0,07,000,00,2,4,02,A01
200700084640,0,07,000,01,2,1,24,B01
200700084640,2,07,000,01,2,1,01,A01
200700084641,0,07,000,00,2,3,05,A01
200700084641,0,07,000,00,2,3,05,B01
200700084642,0,07,000,00,2,3,00,A01
200700084642,0,07,000,00,2,8,01,B01
200700084643,1,99,000,00,0,0,00,A01
200700084643,0,02,000,00,2,1,01,B01
200700084644,0,07,000,01,0,1,01,A01
200700084645,0,07,000,00,2,4,15,B01
200700084645,0,07,000,00,2,1,01,A01
200700084646,0,07,000,00,2,1,15,A01
200700084646,0,31,000,00,2,1,18,B01
200700084647,0,01,000,00,2,1,05,B01
200700084647,0,07,000,00,9,1,01,A01
200700084648,0,02,000,00,2,2,01,B01
200700084648,0,10,000,00,9,1,01,A01
200700084649,0,02,000,00,2,1,01,B01
200700084649,0,07,000,00,9,1,16,A01
200700084650,0,07,000,00,1,1,20,A01
200700084651,0,07,000,00,2,4,23,B01
200700084651,0,07,000,14,0,1,01,A01
200700084652,0,02,000,00,1,1,01,A01
200700084653,0,07,000,00,9,1,01,A01
200700084653,0,02,000,00,2,4,01,B01
200700084654,0,07,000,00,2,1,01,A01
200700084654,0,07,000,00,2,1,01,B01
200700084655,0,02,000,00,2,1,15,A01
200700084655,0,07,000,00,9,1,01,B01
200700084656,0,07,000,00,9,1,01,B01
200700084656,0,02,000,00,2,1,15,A01
200700084657,0,07,000,00,1,0,04,A01
200700084658,0,01,000,00,1,1,01,A01
200700084659,0,02,000,00,2,1,05,B01
200700084659,0,07,000,00,9,1,15,A01
200700084660,0,07,000,00,2,2,19,B01
200700084660,0,07,000,00,2,1,09,A01
200700084661,0,07,000,00,9,1,01,B01
200700084661,0,02,000,00,2,4,00,A01
200700084662,0,02,000,00,2,1,01,B01
200700084662,0,99,000,00,9,1,19,A01
200700084663,1,07,000,00,1,0,00,A01
200700084664,0,07,000,00,9,4,15,A01
200700084664,0,02,000,00,2,1,01,B01
200700084665,0,07,000,00,2,1,01,A01
200700084665,0,07,000,00,2,3,01,B01
200700084666,0,07,000,00,9,3,01,A01
200700084667,0,07,000,00,9,1,01,A01
200700084667,0,02,000,00,2,1,01,B01
200700084668,0,02,000,00,2,1,01,A01
200700084668,0,07,000,00,9,4,04,B01
200700084669,0,07,000,00,9,4,16,A01
200700084669,0,02,000,00,2,1,01,B01
200700084670,0,07,000,16,0,0,01,A01
200700084671,0,07,000,15,0,1,13,A01
200700084672,0,07,000,00,2,7,16,A01
200700084672,0,30,000,00,2,1,01,B01
200700084673,0,33,000,00,9,7,01,B01
200700084673,0,30,000,00,9,1,01,A01
200700084674,0,30,000,00,9,1,17,A01
200700084674,0,01,000,00,9,8,15,B01
200700084675,0,07,000,00,9,1,13,A01
200700084675,0,30,000,00,2,1,01,B01
200700084676,0,07,000,00,2,1,01,A01
200700084676,0,07,000,03,2,6,01,B01
200700084677,0,07,000,00,0,0,01,A01
200700084677,0,30,000,00,0,8,01,B01
200700084678,0,01,000,00,2,7,01,B01
200700084678,0,07,000,00,9,1,16,A01
200700084679,0,07,000,00,9,1,01,A01
200700084679,0,02,000,00,2,7,01,B01
200700084680,0,07,000,00,2,1,13,A01
200700084680,0,07,000,00,2,8,02,B01
200700084680,0,07,000,00,2,1,01,C01
200700084680,0,07,000,00,2,6,01,D01
200700084681,0,30,000,00,2,7,18,A01
200700084681,0,07,000,00,9,7,01,B01
200700084682,0,07,000,00,6,8,15,A01
200700084682,0,30,000,00,2,1,17,B01
200700084683,0,33,000,00,2,1,13,A01
200700084683,0,07,000,00,9,3,01,B01
200700084684,0,30,000,00,0,0,01,A01
200700084685,0,07,000,00,9,1,15,A01
200700084685,0,31,000,00,2,1,01,B01
200700084686,0,02,000,00,2,1,01,A01
200700084686,0,07,000,00,9,4,01,B01
200700084687,0,01,000,00,2,1,01,B01
200700084687,0,07,000,00,9,8,01,A01
200700084688,0,07,000,00,1,3,01,A01
200700084689,0,02,000,00,2,1,01,A01
200700084689,0,07,000,00,0,3,23,B01
200700084690,0,07,000,00,2,8,15,A01
200700084690,0,02,000,00,2,7,17,B01
200700084691,0,07,000,00,1,3,20,A01
200700084692,0,07,000,00,2,1,18,A01
200700084692,0,07,000,00,2,1,01,B01
200700084692,0,16,000,00,2,8,01,C01
200700084692,0,07,000,00,2,2,01,D01
200700084693,0,07,000,00,2,3,15,A01
200700084693,0,33,000,00,2,1,01,B01
200700084694,0,07,000,00,1,1,01,A01
200700084695,0,38,030,00,2,6,01,B01
200700084695,0,02,000,00,2,1,02,A01
200700084696,0,07,000,00,0,0,00,A01
200700084697,0,07,000,00,2,1,01,A01
200700084697,0,07,000,00,0,4,02,B01
200700084698,0,37,028,00,2,3,00,B01
200700084698,0,01,000,00,2,1,00,A01
200700084699,0,07,000,00,2,3,15,A01
200700084699,0,33,000,00,2,1,01,B01
200700084700,0,33,000,00,2,1,01,A01
200700084700,0,07,000,00,0,6,02,B01
200700084701,0,07,000,00,2,3,15,A01
200700084701,0,33,000,00,2,1,01,B01
200700084702,0,33,000,00,2,2,03,A01
200700084702,0,07,000,00,2,3,01,B01
200700084703,0,07,000,00,0,7,23,A01
200700084703,0,33,000,00,2,8,18,B01
200700084704,0,07,000,00,2,1,05,A01
200700084704,0,07,000,00,2,1,01,B01
200700084705,0,30,000,00,2,1,13,A01
200700084705,0,07,000,00,2,3,01,B01
200700084706,0,02,000,00,2,1,02,A01
200700084706,0,07,000,00,2,6,02,B01
200700084707,0,02,000,00,2,1,19,A01
200700084707,0,33,000,00,2,8,01,B01
200700084708,0,07,000,00,2,1,02,B01
200700084708,0,33,000,00,0,4,01,A01
200700084709,0,07,000,00,2,3,15,A01
200700084709,0,02,000,00,2,7,01,B01
200700084710,0,33,000,00,2,2,01,A01
200700084710,0,07,000,00,2,3,16,B01
200700084711,0,30,000,00,2,1,21,A01
200700084711,0,07,000,00,0,3,23,C01
200700084711,0,07,000,00,0,3,01,B01
200700084712,0,14,000,00,2,1,02,A01
200700084712,0,31,000,00,2,4,02,B01
200700084713,0,07,000,00,2,9,01,A01
200700084714,0,07,000,00,1,4,20,A01
200700084715,0,07,000,00,0,9,01,A01
200700084716,0,07,000,00,1,6,09,A01
200700084717,0,07,000,00,2,5,15,A01
200700084717,0,33,000,00,2,1,01,B01
200700084718,0,07,000,00,2,6,01,A01
200700084719,0,10,000,00,2,7,15,A01
200700084719,0,30,000,00,2,1,01,B01
200700084720,0,07,000,00,2,7,15,A01
200700084720,0,30,000,00,2,1,01,B01
200700084721,0,37,001,00,1,6,07,A01
200700084722,0,33,000,00,2,1,03,A01
200700084722,0,07,000,00,2,7,16,B01
200700084723,0,07,000,00,0,9,01,A01
200700084724,0,07,000,00,1,3,01,A01
200700084725,0,30,000,00,1,1,00,A01
200700084726,0,07,000,00,1,1,01,A01